 time                     i(Vmeas)                 i(vcc)                   i(vee)                   i(vb)                    i(vcn)                   i(vcp)                   i(vclampn)               i(vclampp)               v(vcc)                   v(vee)                   v(vb)                    v(vcn)                   v(vcp)                   v(clampn)                v(clampp)
 0.00000000000000000e+00  9.91564797364918960e-06 -9.10492704126690056e-04  7.68763253915153767e-04 -1.24338653066823047e-04 -1.30451559839100608e-06  5.25963407659548783e-06 -2.08510647397959802e-09  2.86337331921281286e-09  4.00000000000000000e+00 -2.50000000000000000e+00  1.65000000000000013e+00 -1.00000000000000006e-01  1.60000000000000009e+00 -8.00000000000000044e-01  2.30000000000000027e+00
 1.00000000000000010e-11  9.91564797361068518e-06 -9.10492704120254449e-04  7.68763253924405698e-04 -1.24338653066675026e-04 -1.30451559835900031e-06  5.25963407647679395e-06 -2.08510643707605996e-09  2.86337326338369712e-09  4.00000000000000000e+00 -2.50000000000000000e+00  1.65000000000000013e+00 -1.00000000000000006e-01  1.60000000000000009e+00 -8.00000000000000044e-01  2.30000000000000027e+00
 2.00000000000000020e-11  9.91564797360605868e-06 -9.10492704133133036e-04  7.68763253914043544e-04 -1.24338653066778649e-04 -1.30451559853065132e-06  5.25963407576590376e-06 -2.08510645924027969e-09  2.86337337992865854e-09  4.00000000000000000e+00 -2.50000000000000000e+00  1.65000000000000013e+00 -1.00000000000000006e-01  1.60000000000000009e+00 -8.00000000000000044e-01  2.30000000000000027e+00
 4.00000000000000040e-11  9.91564797358888933e-06 -9.10492704113567198e-04  7.68763253924109602e-04 -1.24338653066645427e-04 -1.30451559886788161e-06  5.25963407649957660e-06 -2.08510644363853457e-09  2.86337337177051737e-09  4.00000000000000000e+00 -2.50000000000000000e+00  1.65000000000000013e+00 -1.00000000000000006e-01  1.60000000000000009e+00 -8.00000000000000044e-01  2.30000000000000027e+00
 8.00000000000000081e-11  9.91564797356918226e-06 -9.10492704127300679e-04  7.68763253922555290e-04 -1.24338653066689825e-04 -1.30451559861747411e-06  5.25963407713263462e-06 -2.08510643562039662e-09  2.86337330543422469e-09  4.00000000000000000e+00 -2.50000000000000000e+00  1.65000000000000013e+00 -1.00000000000000006e-01  1.60000000000000009e+00 -8.00000000000000044e-01  2.30000000000000027e+00
 1.60000000000000016e-10  9.91564797362210657e-06 -9.10492704128159258e-04  7.68763253924405698e-04 -1.24338653066778649e-04 -1.30451559955075534e-06  5.25963407742819321e-06 -2.08510645149349957e-09  2.86337322016635686e-09  4.00000000000000000e+00 -2.50000000000000000e+00  1.65000000000000013e+00 -1.00000000000000006e-01  1.60000000000000009e+00 -8.00000000000000044e-01  2.30000000000000027e+00
 3.20000000000000032e-10  9.91564797360300428e-06 -9.10492704131019926e-04  7.68763253923813506e-04 -1.24338653067207938e-04 -1.30451559844634380e-06  5.25963407654124807e-06 -2.08510641303762309e-09  2.86337336364882136e-09  4.00000000000000000e+00 -2.50000000000000000e+00  1.65000000000000013e+00 -1.00000000000000006e-01  1.60000000000000009e+00 -8.00000000000000044e-01  2.30000000000000027e+00
 6.40000000000000065e-10  9.91564797359734271e-06 -9.10492704125072860e-04  7.68763253926996182e-04 -1.24338653067874072e-04 -1.30451559904664474e-06  5.25963407597183526e-06 -2.08510653723302454e-09  2.86337333768069744e-09  4.00000000000000000e+00 -2.50000000000000000e+00  1.65000000000000013e+00 -1.00000000000000006e-01  1.60000000000000009e+00 -8.00000000000000044e-01  2.30000000000000027e+00
 1.28000000000000013e-09  9.91564797344920173e-06 -9.10492704122667341e-04  7.68763253906049938e-04 -1.24338653067948069e-04 -1.30451559738573383e-06  5.25963407586998717e-06 -2.08510659303768344e-09  2.86337340144111784e-09  4.00000000000000000e+00 -2.50000000000000000e+00  1.65000000000000013e+00 -1.00000000000000006e-01  1.60000000000000009e+00 -8.00000000000000044e-01  2.30000000000000027e+00
 2.28000000000000040e-09  9.91564797334115929e-06 -9.10492704114303697e-04  7.68763253902423282e-04 -1.24338653067030292e-04 -1.30451559940486513e-06  5.25963407769472399e-06 -2.08510637969365702e-09  2.86337327059913860e-09  4.00000000000000000e+00 -2.50000000000000000e+00  1.65000000000000013e+00 -1.00000000000000006e-01  1.60000000000000009e+00 -8.00000000000000044e-01  2.30000000000000027e+00
 3.28000000000000025e-09  9.91564797316969780e-06 -9.10492704139239262e-04  7.68763253917226219e-04 -1.24338653068036919e-04 -1.30451559792349811e-06  5.25963407685523302e-06 -2.08510647822578618e-09  2.86337337645696248e-09  4.00000000000000000e+00 -2.50000000000000000e+00  1.65000000000000013e+00 -1.00000000000000006e-01  1.60000000000000009e+00 -8.00000000000000044e-01  2.30000000000000027e+00
 4.28000000000000011e-09  9.91564797289539973e-06 -9.10492704140738063e-04  7.68763253913451461e-04 -1.24338653068688227e-04 -1.30451559832864265e-06  5.25963407602514921e-06 -2.08510655577113221e-09  2.86337333356303247e-09  4.00000000000000000e+00 -2.50000000000000000e+00  1.65000000000000013e+00 -1.00000000000000006e-01  1.60000000000000009e+00 -8.00000000000000044e-01  2.30000000000000027e+00
 5.27999999999999996e-09  9.91564797302486025e-06 -9.10492704126630858e-04  7.68763253895021759e-04 -1.24338653067489208e-04 -1.30451559739787689e-06  5.25963407606643529e-06 -2.08510647032412394e-09  2.86337334040240289e-09  4.00000000000000000e+00 -2.50000000000000000e+00  1.65000000000000013e+00 -1.00000000000000006e-01  1.60000000000000009e+00 -8.00000000000000044e-01  2.30000000000000027e+00
 6.27999999999999982e-09  9.91564797343379759e-06 -9.10492704116631479e-04  7.68763253906346034e-04 -1.24338653066275362e-04 -1.30451559841876166e-06  5.25963407642051200e-06 -2.08510643203484825e-09  2.86337338844278350e-09  4.00000000000000000e+00 -2.50000000000000000e+00  1.65000000000000013e+00 -1.00000000000000006e-01  1.60000000000000009e+00 -8.00000000000000044e-01  2.30000000000000027e+00
 7.27999999999999968e-09  9.91564797394152778e-06 -9.10492704111591023e-04  7.68763253924331647e-04 -1.24338653065683225e-04 -1.30451559880829369e-06  5.25963407621280766e-06 -2.08510649227097549e-09  2.86337331605864497e-09  4.00000000000000000e+00 -2.50000000000000000e+00  1.65000000000000013e+00 -1.00000000000000006e-01  1.60000000000000009e+00 -8.00000000000000044e-01  2.30000000000000027e+00
 8.28000000000000036e-09  9.91564797393382147e-06 -9.10492704126616005e-04  7.68763253902793320e-04 -1.24338653066823074e-04 -1.30451559884298816e-06  5.25963407751415859e-06 -2.08510643919468044e-09  2.86337319897657823e-09  4.00000000000000000e+00 -2.50000000000000000e+00  1.65000000000000013e+00 -1.00000000000000006e-01  1.60000000000000009e+00 -8.00000000000000044e-01  2.30000000000000027e+00
 9.28000000000000104e-09  9.91564797291296381e-06 -9.10492704133973184e-04  7.68763253899240606e-04 -1.24338653067400384e-04 -1.30451559826506520e-06  5.25963407680650661e-06 -2.08510646121459561e-09  2.86337330193523043e-09  4.00000000000000000e+00 -2.50000000000000000e+00  1.65000000000000013e+00 -1.00000000000000006e-01  1.60000000000000009e+00 -8.00000000000000044e-01  2.30000000000000027e+00
 1.02800000000000017e-08  9.91564797250832770e-06 -9.10492704137511044e-04  7.68763253924405698e-04 -1.24338653066941496e-04 -1.30451559812819548e-06  5.25963407670670241e-06 -2.08510647235609477e-09  2.86337337201321299e-09  4.00000000000000000e+00 -2.50000000000000000e+00  1.65000000000000013e+00 -1.00000000000000006e-01  1.60000000000000009e+00 -8.00000000000000044e-01  2.30000000000000027e+00
 1.12800000000000024e-08  9.91564797303918866e-06 -9.10492704117464146e-04  7.68763253905161759e-04 -1.24338653066734250e-04 -1.30451559822768182e-06  5.25963407535805147e-06 -2.08510655636457267e-09  2.86337339650726673e-09  4.00000000000000000e+00 -2.50000000000000000e+00  1.65000000000000013e+00 -1.00000000000000006e-01  1.60000000000000009e+00 -8.00000000000000044e-01  2.30000000000000027e+00
 1.22800000000000031e-08  9.91564797349451122e-06 -9.10492704104015594e-04  7.68763253913673505e-04 -1.24338653066689825e-04 -1.30451559885504461e-06  5.25963407621311598e-06 -2.08510648565866242e-09  2.86337327682828341e-09  4.00000000000000000e+00 -2.50000000000000000e+00  1.65000000000000013e+00 -1.00000000000000006e-01  1.60000000000000009e+00 -8.00000000000000044e-01  2.30000000000000027e+00
 1.32800000000000038e-08  9.91564797355238390e-06 -9.10492704110765728e-04  7.68763253901905141e-04 -1.24338653065831273e-04 -1.30451559807068935e-06  5.25963407763508779e-06 -2.08510643509261775e-09  2.86337319804779791e-09  4.00000000000000000e+00 -2.50000000000000000e+00  1.65000000000000013e+00 -1.00000000000000006e-01  1.60000000000000009e+00 -8.00000000000000044e-01  2.30000000000000027e+00
 1.42800000000000045e-08  9.91564797307721197e-06 -9.10492704136252828e-04  7.68763253915523913e-04 -1.24338653067089516e-04 -1.30451559880109475e-06  5.25963407769017542e-06 -2.08510637355098815e-09  2.86337325541487691e-09  4.00000000000000000e+00 -2.50000000000000000e+00  1.65000000000000013e+00 -1.00000000000000006e-01  1.60000000000000009e+00 -8.00000000000000044e-01  2.30000000000000027e+00
 1.52800000000000051e-08  9.91564797253227671e-06 -9.10492704153361321e-04  7.68763253925515921e-04 -1.24338653068821448e-04 -1.30451559862927031e-06  5.25963407705734779e-06 -2.08510645308581439e-09  2.86337338712046539e-09  4.00000000000000000e+00 -2.50000000000000000e+00  1.65000000000000013e+00 -1.00000000000000006e-01  1.60000000000000009e+00 -8.00000000000000044e-01  2.30000000000000027e+00
 1.62800000000000042e-08  9.91564797298882577e-06 -9.10492704136286113e-04  7.68763253925219825e-04 -1.24338653069842848e-04 -1.30451559829915235e-06  5.25963407616134363e-06 -2.08510659997282071e-09  2.86337341497529234e-09  4.00000000000000000e+00 -2.50000000000000000e+00  1.65000000000000013e+00 -1.00000000000000006e-01  1.60000000000000009e+00 -8.00000000000000044e-01  2.30000000000000027e+00
 1.72800000000000032e-08  9.91564797376448434e-06 -9.10492704116612939e-04  7.68763253904569677e-04 -1.24338653067089516e-04 -1.30451559766649878e-06  5.25963407532964029e-06 -2.08510655151710734e-09  2.86337333646874714e-09  4.00000000000000000e+00 -2.50000000000000000e+00  1.65000000000000013e+00 -1.00000000000000006e-01  1.60000000000000009e+00 -8.00000000000000044e-01  2.30000000000000027e+00
 1.82800000000000022e-08  9.91564797404808791e-06 -9.10492704111154306e-04  7.68763253919594659e-04 -1.24338653065327959e-04 -1.30451559821753373e-06  5.25963407636207096e-06 -2.08510640549774235e-09  2.86337327274925646e-09  4.00000000000000000e+00 -2.50000000000000000e+00  1.65000000000000013e+00 -1.00000000000000006e-01  1.60000000000000009e+00 -8.00000000000000044e-01  2.30000000000000027e+00
 1.92800000000000013e-08  9.91564797360754607e-06 -9.10492704113585738e-04  7.68763253909602652e-04 -1.24338653064765448e-04 -1.30451559852206431e-06  5.25963407608143116e-06 -2.08510643736575557e-09  2.86337328394103993e-09  4.00000000000000000e+00 -2.50000000000000000e+00  1.65000000000000013e+00 -1.00000000000000006e-01  1.60000000000000009e+00 -8.00000000000000044e-01  2.30000000000000027e+00
 2.02800000000000003e-08  9.91564797304574808e-06 -9.10492704121575657e-04  7.68763253910120792e-04 -1.24338653066038491e-04 -1.30451559884472288e-06  5.25963407735680020e-06 -2.08510638454916338e-09  2.86337331308118726e-09  4.00000000000000000e+00 -2.50000000000000000e+00  1.65000000000000013e+00 -1.00000000000000006e-01  1.60000000000000009e+00 -8.00000000000000044e-01  2.30000000000000027e+00
 2.12799999999999993e-08  9.91564797272020452e-06 -9.10492704131793396e-04  7.68763253925515921e-04 -1.24338653068939870e-04 -1.30451559907943105e-06  5.25963407789101795e-06 -2.08510637676531482e-09  2.86337328022068345e-09  4.00000000000000000e+00 -2.50000000000000000e+00  1.65000000000000013e+00 -1.00000000000000006e-01  1.60000000000000009e+00 -8.00000000000000044e-01  2.30000000000000027e+00
 2.22799999999999983e-08  9.91564797267629264e-06 -9.10492704155119138e-04  7.68763253909898747e-04 -1.24338653070701455e-04 -1.30451559908550258e-06  5.25963407644938481e-06 -2.08510661536871365e-09  2.86337323278155562e-09  4.00000000000000000e+00 -2.50000000000000000e+00  1.65000000000000013e+00 -1.00000000000000006e-01  1.60000000000000009e+00 -8.00000000000000044e-01  2.30000000000000027e+00
 2.32799999999999974e-08  9.91564797307568223e-06 -9.10492704143106612e-04  7.68763253913673505e-04 -1.24338653069413585e-04 -1.30451559738226438e-06  5.25963407642120572e-06 -2.08510653523985303e-09  2.86337342781652151e-09  4.00000000000000000e+00 -2.50000000000000000e+00  1.65000000000000013e+00 -1.00000000000000006e-01  1.60000000000000009e+00 -8.00000000000000044e-01  2.30000000000000027e+00
 2.42799999999999964e-08  9.91564797283432697e-06 -9.10492704128322105e-04  7.68763253902793320e-04 -1.24338653067962895e-04 -1.30451559818977816e-06  5.25963407571205025e-06 -2.08510655784236806e-09  2.86337343517031226e-09  4.00000000000000000e+00 -2.50000000000000000e+00  1.65000000000000013e+00 -1.00000000000000006e-01  1.60000000000000009e+00 -8.00000000000000044e-01  2.30000000000000027e+00
 2.52799999999999954e-08  9.91564797326096221e-06 -9.10492704094582384e-04  7.68763253894503618e-04 -1.24338653066541805e-04 -1.30451559745000521e-06  5.25963407521962087e-06 -2.08510655631940116e-09  2.86337345193559278e-09  4.00000000000000000e+00 -2.50000000000000000e+00  1.65000000000000013e+00 -1.00000000000000006e-01  1.60000000000000009e+00 -8.00000000000000044e-01  2.30000000000000027e+00
 2.62799999999999944e-08  9.91564797332919919e-06 -9.10492704090815107e-04  7.68763253891839083e-04 -1.24338653065520432e-04 -1.30451559792410522e-06  5.25963407599130262e-06 -2.08510645841278640e-09  2.86337342545850504e-09  4.00000000000000000e+00 -2.50000000000000000e+00  1.65000000000000013e+00 -1.00000000000000006e-01  1.60000000000000009e+00 -8.00000000000000044e-01  2.30000000000000027e+00
 2.72799999999999935e-08  9.91564797354738132e-06 -9.10492704101991280e-04  7.68763253876444063e-04 -1.24338653063758820e-04 -1.30451559853299316e-06  5.25963407643084326e-06 -2.08510632366719047e-09  2.86337317291658059e-09  4.00000000000000000e+00 -2.50000000000000000e+00  1.65000000000000013e+00 -1.00000000000000006e-01  1.60000000000000009e+00 -8.00000000000000044e-01  2.30000000000000027e+00
 2.82799999999999925e-08  9.91564797287421544e-06 -9.10492704092147375e-04  7.68763253906346034e-04 -1.24338653065594429e-04 -1.30451559937789031e-06  5.25963407727862160e-06 -2.08510640840052302e-09  2.86337313017108193e-09  4.00000000000000000e+00 -2.50000000000000000e+00  1.65000000000000013e+00 -1.00000000000000006e-01  1.60000000000000009e+00 -8.00000000000000044e-01  2.30000000000000027e+00
 2.92799999999999915e-08  9.91564797193460010e-06 -9.10492704105858629e-04  7.68763253906049938e-04 -1.24338653066408583e-04 -1.30451559826012107e-06  5.25963407707959088e-06 -2.08510643599182222e-09  2.86337322130551732e-09  4.00000000000000000e+00 -2.50000000000000000e+00  1.65000000000000013e+00 -1.00000000000000006e-01  1.60000000000000009e+00 -8.00000000000000044e-01  2.30000000000000027e+00
 3.02799999999999906e-08  9.91564797191820832e-06 -9.10492704140590070e-04  7.68763253912785327e-04 -1.24338653068229338e-04 -1.30451559884801890e-06  5.25963407753385719e-06 -2.08510637705172528e-09  2.86337337307706776e-09  4.00000000000000000e+00 -2.50000000000000000e+00  1.65000000000000013e+00 -1.00000000000000006e-01  1.60000000000000009e+00 -8.00000000000000044e-01  2.30000000000000027e+00
 3.12799999999999929e-08  9.91564797259093035e-06 -9.10492704133936104e-04  7.68763253913673505e-04 -1.24338653068939870e-04 -1.30451559847409938e-06  5.25963407661780799e-06 -2.08510650178337138e-09  2.86337343308658225e-09  4.00000000000000000e+00 -2.50000000000000000e+00  1.65000000000000013e+00 -1.00000000000000006e-01  1.60000000000000009e+00 -8.00000000000000044e-01  2.30000000000000027e+00
 3.22799999999999952e-08  9.91564797394364875e-06 -9.10492704130161346e-04  7.68763253913673505e-04 -1.24338653068584604e-04 -1.30451559826506520e-06  5.25963407644021060e-06 -2.08510662855437297e-09  2.86337332662141879e-09  4.00000000000000000e+00 -2.50000000000000000e+00  1.65000000000000013e+00 -1.00000000000000006e-01  1.60000000000000009e+00 -8.00000000000000044e-01  2.30000000000000027e+00
 3.32799999999999976e-08  9.91564797392813110e-06 -9.10492704131797082e-04  7.68763253901609046e-04 -1.24338653067489208e-04 -1.30451559792774809e-06  5.25963407647193622e-06 -2.08510649381724324e-09  2.86337329693230849e-09  4.00000000000000000e+00 -2.50000000000000000e+00  1.65000000000000013e+00 -1.00000000000000006e-01  1.60000000000000009e+00 -8.00000000000000044e-01  2.30000000000000027e+00
 3.42799999999999999e-08  9.91564797323229523e-06 -9.10492704121068685e-04  7.68763253904199638e-04 -1.24338653067222738e-04 -1.30451559814788454e-06  5.25963407557882383e-06 -2.08510647428284657e-09  2.86337335752571283e-09  4.00000000000000000e+00 -2.50000000000000000e+00  1.65000000000000013e+00 -1.00000000000000006e-01  1.60000000000000009e+00 -8.00000000000000044e-01  2.30000000000000027e+00
 3.52800000000000022e-08  9.91564797294774129e-06 -9.10492704108922801e-04  7.68763253905975995e-04 -1.24338653067089543e-04 -1.30451559871349122e-06  5.25963407625286046e-06 -2.08510645441570947e-09  2.86337333198403525e-09  4.00000000000000000e+00 -2.50000000000000000e+00  1.65000000000000013e+00 -1.00000000000000006e-01  1.60000000000000009e+00 -8.00000000000000044e-01  2.30000000000000027e+00
 3.62800000000000046e-08  9.91564797336039711e-06 -9.10492704119062802e-04  7.68763253898574472e-04 -1.24338653066482580e-04 -1.30451559821571219e-06  5.25963407685072342e-06 -2.08510649668982065e-09  2.86337323596996465e-09  4.00000000000000000e+00 -2.50000000000000000e+00  1.65000000000000013e+00 -1.00000000000000006e-01  1.60000000000000009e+00 -8.00000000000000044e-01  2.30000000000000027e+00
 3.72800000000000069e-08  9.91564797325455356e-06 -9.10492704127644913e-04  7.68763253905457855e-04 -1.24338653065638827e-04 -1.30451559801804054e-06  5.25963407729188274e-06 -2.08510635572866345e-09  2.86337330928912333e-09  4.00000000000000000e+00 -2.50000000000000000e+00  1.65000000000000013e+00 -1.00000000000000006e-01  1.60000000000000009e+00 -8.00000000000000044e-01  2.30000000000000027e+00
 3.82800000000000093e-08  9.91564797279837042e-06 -9.10492704123363073e-04  7.68763253903015364e-04 -1.24338653066438209e-04 -1.30451559883249321e-06  5.25963407608131511e-06 -2.08510650401156104e-09  2.86337338433893451e-09  4.00000000000000000e+00 -2.50000000000000000e+00  1.65000000000000013e+00 -1.00000000000000006e-01  1.60000000000000009e+00 -8.00000000000000044e-01  2.30000000000000027e+00
 3.92800000000000116e-08  9.91564797290405641e-06 -9.10492704115247386e-04  7.68763253913673505e-04 -1.24338653067444809e-04 -1.30451559863291319e-06  5.25963407698067352e-06 -2.08510647616322869e-09  2.86337332813284569e-09  4.00000000000000000e+00 -2.50000000000000000e+00  1.65000000000000013e+00 -1.00000000000000006e-01  1.60000000000000009e+00 -8.00000000000000044e-01  2.30000000000000027e+00
 4.02800000000000139e-08  9.91564797384656183e-06 -9.10492704129302766e-04  7.68763253920482837e-04 -1.24338653068436610e-04 -1.30451559903432824e-06  5.25963407684644421e-06 -2.08510663954931310e-09  2.86337325327596694e-09  4.00000000000000000e+00 -2.50000000000000000e+00  1.65000000000000013e+00 -1.00000000000000006e-01  1.60000000000000009e+00 -8.00000000000000044e-01  2.30000000000000027e+00
 4.12800000000000163e-08  9.91564797428539266e-06 -9.10492704137214949e-04  7.68763253925515921e-04 -1.24338653067637228e-04 -1.30451559795108025e-06  5.25963407752221557e-06 -2.08510645056175382e-09  2.86337327078158321e-09  4.00000000000000000e+00 -2.50000000000000000e+00  1.65000000000000013e+00 -1.00000000000000006e-01  1.60000000000000009e+00 -8.00000000000000044e-01  2.30000000000000027e+00
 4.22800000000000186e-08  9.91564797325075038e-06 -9.10492704163027634e-04  7.68763253931733169e-04 -1.24338653068288563e-04 -1.30451559805889315e-06  5.25963407616712633e-06 -2.08510643145420799e-09  2.86337333987117716e-09  4.00000000000000000e+00 -2.50000000000000000e+00  1.65000000000000013e+00 -1.00000000000000006e-01  1.60000000000000009e+00 -8.00000000000000044e-01  2.30000000000000027e+00
 4.32800000000000209e-08  9.91564797206674063e-06 -9.10492704123107744e-04  7.68763253910416887e-04 -1.24338653068643829e-04 -1.30451559819316079e-06  5.25963407530863133e-06 -2.08510649927119822e-09  2.86337344559439395e-09  4.00000000000000000e+00 -2.50000000000000000e+00  1.65000000000000013e+00 -1.00000000000000006e-01  1.60000000000000009e+00 -8.00000000000000044e-01  2.30000000000000027e+00
 4.42800000000000233e-08  9.91564797187731865e-06 -9.10492704116934947e-04  7.68763253913673505e-04 -1.24338653066971094e-04 -1.30451559800225459e-06  5.25963407638593273e-06 -2.08510641390219185e-09  2.86337334102711037e-09  4.00000000000000000e+00 -2.50000000000000000e+00  1.65000000000000013e+00 -1.00000000000000006e-01  1.60000000000000009e+00 -8.00000000000000044e-01  2.30000000000000027e+00
 4.52800000000000256e-08  9.91564797293014672e-06 -9.10492704105477424e-04  7.68763253923813506e-04 -1.24338653065653626e-04 -1.30451559850003341e-06  5.25963407681194202e-06 -2.08510644929818952e-09  2.86337323998795890e-09  4.00000000000000000e+00 -2.50000000000000000e+00  1.65000000000000013e+00 -1.00000000000000006e-01  1.60000000000000009e+00 -8.00000000000000044e-01  2.30000000000000027e+00
 4.62800000000000280e-08  9.91564797380027995e-06 -9.10492704105262752e-04  7.68763253904865772e-04 -1.24338653065135540e-04 -1.30451559817251753e-06  5.25963407557651058e-06 -2.08510656231795367e-09  2.86337328841443847e-09  4.00000000000000000e+00 -2.50000000000000000e+00  1.65000000000000013e+00 -1.00000000000000006e-01  1.60000000000000009e+00 -8.00000000000000044e-01  2.30000000000000027e+00
 4.72800000000000303e-08  9.91564797374617657e-06 -9.10492704108097507e-04  7.68763253903903543e-04 -1.24338653065905269e-04 -1.30451559891298442e-06  5.25963407701332495e-06 -2.08510642105496943e-09  2.86337327848566219e-09  4.00000000000000000e+00 -2.50000000000000000e+00  1.65000000000000013e+00 -1.00000000000000006e-01  1.60000000000000009e+00 -8.00000000000000044e-01  2.30000000000000027e+00
 4.82800000000000326e-08  9.91564797312273830e-06 -9.10492704128714370e-04  7.68763253910416887e-04 -1.24338653067740851e-04 -1.30451559903016486e-06  5.25963407834848350e-06 -2.08510636528062091e-09  2.86337322408528755e-09  4.00000000000000000e+00 -2.50000000000000000e+00  1.65000000000000013e+00 -1.00000000000000006e-01  1.60000000000000009e+00 -8.00000000000000044e-01  2.30000000000000027e+00
 4.92800000000000350e-08  9.91564797241104766e-06 -9.10492704155837097e-04  7.68763253926108003e-04 -1.24338653069754052e-04 -1.30451559852874317e-06  5.25963407722172300e-06 -2.08510647185527124e-09  2.86337329013398111e-09  4.00000000000000000e+00 -2.50000000000000000e+00  1.65000000000000013e+00 -1.00000000000000006e-01  1.60000000000000009e+00 -8.00000000000000044e-01  2.30000000000000027e+00
 5.02800000000000373e-08  9.91564797266425969e-06 -9.10492704137518417e-04  7.68763253906568078e-04 -1.24338653069694854e-04 -1.30451559815404290e-06  5.25963407630463196e-06 -2.08510652995655244e-09  2.86337344866295236e-09  4.00000000000000000e+00 -2.50000000000000000e+00  1.65000000000000013e+00 -1.00000000000000006e-01  1.60000000000000009e+00 -8.00000000000000044e-01  2.30000000000000027e+00
 5.12800000000000396e-08  9.91564797342368741e-06 -9.10492704137851484e-04  7.68763253903015364e-04 -1.24338653068362559e-04 -1.30451559813157810e-06  5.25963407534112860e-06 -2.08510657536978716e-09  2.86337347283661259e-09  4.00000000000000000e+00 -2.50000000000000000e+00  1.65000000000000013e+00 -1.00000000000000006e-01  1.60000000000000009e+00 -8.00000000000000044e-01  2.30000000000000027e+00
 5.22800000000000420e-08  9.91564797367656740e-06 -9.10492704120772589e-04  7.68763253901905141e-04 -1.24338653065860871e-04 -1.30451559752945563e-06  5.25963407574258156e-06 -2.08510654520995939e-09  2.86337340147019572e-09  4.00000000000000000e+00 -2.50000000000000000e+00  1.65000000000000013e+00 -1.00000000000000006e-01  1.60000000000000009e+00 -8.00000000000000044e-01  2.30000000000000027e+00
 5.32800000000000443e-08  9.91564797388144265e-06 -9.10492704097624439e-04  7.68763253890062726e-04 -1.24338653063847671e-04 -1.30451559816982884e-06  5.25963407672825177e-06 -2.08510633703010219e-09  2.86337328393638290e-09  4.00000000000000000e+00 -2.50000000000000000e+00  1.65000000000000013e+00 -1.00000000000000006e-01  1.60000000000000009e+00 -8.00000000000000044e-01  2.30000000000000027e+00
 5.42800000000000467e-08  9.91564797347845148e-06 -9.10492704102894312e-04  7.68763253902127186e-04 -1.24338653065698051e-04 -1.30451559920103512e-06  5.25963407586516925e-06 -2.08510645527084135e-09  2.86337330762886596e-09  4.00000000000000000e+00 -2.50000000000000000e+00  1.65000000000000013e+00 -1.00000000000000006e-01  1.60000000000000009e+00 -8.00000000000000044e-01  2.30000000000000027e+00
 5.52800000000000490e-08  9.91564797276634071e-06 -9.10492704113944717e-04  7.68763253895391797e-04 -1.24338653066660227e-04 -1.30451559839438871e-06  5.25963407712072280e-06 -2.08510649428218078e-09  2.86337320140051893e-09  4.00000000000000000e+00 -2.50000000000000000e+00  1.65000000000000013e+00 -1.00000000000000006e-01  1.60000000000000009e+00 -8.00000000000000044e-01  2.30000000000000027e+00
 5.62800000000000513e-08  9.91564797255586997e-06 -9.10492704123055919e-04  7.68763253909898747e-04 -1.24338653066068144e-04 -1.30451559813149149e-06  5.25963407792964434e-06 -2.08510641411582117e-09  2.86337314432942335e-09  4.00000000000000000e+00 -2.50000000000000000e+00  1.65000000000000013e+00 -1.00000000000000006e-01  1.60000000000000009e+00 -8.00000000000000044e-01  2.30000000000000027e+00
 5.72800000000000537e-08  9.91564797299422815e-06 -9.10492704140763976e-04  7.68763253921963207e-04 -1.24338653066867472e-04 -1.30451559899711851e-06  5.25963407815569795e-06 -2.08510636328288502e-09  2.86337326432966418e-09  4.00000000000000000e+00 -2.50000000000000000e+00  1.65000000000000013e+00 -1.00000000000000006e-01  1.60000000000000009e+00 -8.00000000000000044e-01  2.30000000000000027e+00
 5.82800000000000560e-08  9.91564797358256707e-06 -9.10492704150952115e-04  7.68763253942095215e-04 -1.24338653069709654e-04 -1.30451559895045440e-06  5.25963407638227100e-06 -2.08510653131955088e-09  2.86337335267156843e-09  4.00000000000000000e+00 -2.50000000000000000e+00  1.65000000000000013e+00 -1.00000000000000006e-01  1.60000000000000009e+00 -8.00000000000000044e-01  2.30000000000000027e+00
 5.92800000000000583e-08  9.91564797369469221e-06 -9.10492704164352529e-04  7.68763253924109602e-04 -1.24338653070849475e-04 -1.30451559854114627e-06  5.25963407601073186e-06 -2.08510660925515989e-09  2.86337345525457434e-09  4.00000000000000000e+00 -2.50000000000000000e+00  1.65000000000000013e+00 -1.00000000000000006e-01  1.60000000000000009e+00 -8.00000000000000044e-01  2.30000000000000027e+00
 6.02800000000000607e-08  9.91564797332880617e-06 -9.10492704153083765e-04  7.68763253906346034e-04 -1.24338653069398786e-04 -1.30451559805360237e-06  5.25963407552338976e-06 -2.08510659621348872e-09  2.86337342473867717e-09  4.00000000000000000e+00 -2.50000000000000000e+00  1.65000000000000013e+00 -1.00000000000000006e-01  1.60000000000000009e+00 -8.00000000000000044e-01  2.30000000000000027e+00
 6.12800000000000564e-08  9.91564797324802463e-06 -9.10492704128825392e-04  7.68763253901905141e-04 -1.24338653066423383e-04 -1.30451559688622008e-06  5.25963407623239022e-06 -2.08510645676685290e-09  2.86337328457001773e-09  4.00000000000000000e+00 -2.50000000000000000e+00  1.65000000000000013e+00 -1.00000000000000006e-01  1.60000000000000009e+00 -8.00000000000000044e-01  2.30000000000000027e+00
 6.22800000000000521e-08  9.91564797283217042e-06 -9.10492704119136853e-04  7.68763253912785327e-04 -1.24338653065964494e-04 -1.30451559874809887e-06  5.25963407582943377e-06 -2.08510644172553754e-09  2.86337332523881535e-09  4.00000000000000000e+00 -2.50000000000000000e+00  1.65000000000000013e+00 -1.00000000000000006e-01  1.60000000000000009e+00 -8.00000000000000044e-01  2.30000000000000027e+00
 6.32800000000000478e-08  9.91564797343097020e-06 -9.10492704100399996e-04  7.68763253915523913e-04 -1.24338653065683252e-04 -1.30451559879242114e-06  5.25963407681248242e-06 -2.08510641535801360e-09  2.86337328780801623e-09  4.00000000000000000e+00 -2.50000000000000000e+00  1.65000000000000013e+00 -1.00000000000000006e-01  1.60000000000000009e+00 -8.00000000000000044e-01  2.30000000000000027e+00
 6.42800000000000436e-08  9.91564797360803396e-06 -9.10492704123170627e-04  7.68763253902793320e-04 -1.24338653065786847e-04 -1.30451559871375126e-06  5.25963407658002948e-06 -2.08510640035333820e-09  2.86337324084923632e-09  4.00000000000000000e+00 -2.50000000000000000e+00  1.65000000000000013e+00 -1.00000000000000006e-01  1.60000000000000009e+00 -8.00000000000000044e-01  2.30000000000000027e+00
 6.52800000000000393e-08  9.91564797300158548e-06 -9.10492704134221033e-04  7.68763253915819901e-04 -1.24338653066275362e-04 -1.30451559787475242e-06  5.25963407680650661e-06 -2.08510648212093667e-09  2.86337328559230915e-09  4.00000000000000000e+00 -2.50000000000000000e+00  1.65000000000000013e+00 -1.00000000000000006e-01  1.60000000000000009e+00 -8.00000000000000044e-01  2.30000000000000027e+00
 6.62800000000000350e-08  9.91564797245415994e-06 -9.10492704132159747e-04  7.68763253896798116e-04 -1.24338653067474408e-04 -1.30451559882460013e-06  5.25963407680577477e-06 -2.08510644030784427e-09  2.86337337860846587e-09  4.00000000000000000e+00 -2.50000000000000000e+00  1.65000000000000013e+00 -1.00000000000000006e-01  1.60000000000000009e+00 -8.00000000000000044e-01  2.30000000000000027e+00
 6.72800000000000307e-08  9.91564797277805687e-06 -9.10492704125098772e-04  7.68763253931215029e-04 -1.24338653068318188e-04 -1.30451559888878490e-06  5.25963407691147686e-06 -2.08510651047471607e-09  2.86337340365986936e-09  4.00000000000000000e+00 -2.50000000000000000e+00  1.65000000000000013e+00 -1.00000000000000006e-01  1.60000000000000009e+00 -8.00000000000000044e-01  2.30000000000000027e+00
 6.82800000000000264e-08  9.91564797332875873e-06 -9.10492704127241481e-04  7.68763253924331647e-04 -1.24338653068629029e-04 -1.30451559819411497e-06  5.25963407611512359e-06 -2.08510659560293637e-09  2.86337334378079174e-09  4.00000000000000000e+00 -2.50000000000000000e+00  1.65000000000000013e+00 -1.00000000000000006e-01  1.60000000000000009e+00 -8.00000000000000044e-01  2.30000000000000027e+00
 6.92800000000000221e-08  9.91564797365125806e-06 -9.10492704123803476e-04  7.68763253901609046e-04 -1.24338653067711225e-04 -1.30451559804501536e-06  5.25963407705457206e-06 -2.08510640292469324e-09  2.86337325002694459e-09  4.00000000000000000e+00 -2.50000000000000000e+00  1.65000000000000013e+00 -1.00000000000000006e-01  1.60000000000000009e+00 -8.00000000000000044e-01  2.30000000000000027e+00
 7.02800000000000179e-08  9.91564797315302650e-06 -9.10492704138410281e-04  7.68763253906049938e-04 -1.24338653067859273e-04 -1.30451559860186159e-06  5.25963407685808583e-06 -2.08510638199793033e-09  2.86337328250884411e-09  4.00000000000000000e+00 -2.50000000000000000e+00  1.65000000000000013e+00 -1.00000000000000006e-01  1.60000000000000009e+00 -8.00000000000000044e-01  2.30000000000000027e+00
 7.12800000000000136e-08  9.91564797246770061e-06 -9.10492704132218945e-04  7.68763253916930124e-04 -1.24338653067829674e-04 -1.30451559810920013e-06  5.25963407610610269e-06 -2.08510657075359449e-09  2.86337342948185529e-09  4.00000000000000000e+00 -2.50000000000000000e+00  1.65000000000000013e+00 -1.00000000000000006e-01  1.60000000000000009e+00 -8.00000000000000044e-01  2.30000000000000027e+00
 7.22800000000000093e-08  9.91564797257063714e-06 -9.10492704138484332e-04  7.68763253909824696e-04 -1.24338653066971067e-04 -1.30451559805863311e-06  5.25963407629087022e-06 -2.08510653506313789e-09  2.86337337479327314e-09  4.00000000000000000e+00 -2.50000000000000000e+00  1.65000000000000013e+00 -1.00000000000000006e-01  1.60000000000000009e+00 -8.00000000000000044e-01  2.30000000000000027e+00
 7.32800000000000050e-08  9.91564797325158387e-06 -9.10492704106054761e-04  7.68763253904199638e-04 -1.24338653065979293e-04 -1.30451559822889605e-06  5.25963407630424656e-06 -2.08510646515682798e-09  2.86337324521367987e-09  4.00000000000000000e+00 -2.50000000000000000e+00  1.65000000000000013e+00 -1.00000000000000006e-01  1.60000000000000009e+00 -8.00000000000000044e-01  2.30000000000000027e+00
 7.42800000000000007e-08  9.91564797404781008e-06 -9.10492704101536132e-04  7.68763253910416887e-04 -1.24338653066127341e-04 -1.30451559830262179e-06  5.25963407650420224e-06 -2.08510641599656766e-09  2.86337323228614143e-09  4.00000000000000000e+00 -2.50000000000000000e+00  1.65000000000000013e+00 -1.00000000000000006e-01  1.60000000000000009e+00 -8.00000000000000044e-01  2.30000000000000027e+00
 7.52799999999999965e-08  9.91564797352788771e-06 -9.10492704114096397e-04  7.68763253920556888e-04 -1.24338653067844473e-04 -1.30451559944753929e-06  5.25963407720152296e-06 -2.08510638440804430e-09  2.86337320992668516e-09  4.00000000000000000e+00 -2.50000000000000000e+00  1.65000000000000013e+00 -1.00000000000000006e-01  1.60000000000000009e+00 -8.00000000000000044e-01  2.30000000000000027e+00
 7.62799999999999922e-08  9.91564797274175643e-06 -9.10492704155744614e-04  7.68763253901313059e-04 -1.24338653068155341e-04 -1.30451559849170665e-06  5.25963407675461906e-06 -2.08510648174682273e-09  2.86337327484726525e-09  4.00000000000000000e+00 -2.50000000000000000e+00  1.65000000000000013e+00 -1.00000000000000006e-01  1.60000000000000009e+00 -8.00000000000000044e-01  2.30000000000000027e+00
 7.72799999999999879e-08  9.91564797189752716e-06 -9.10492704141085984e-04  7.68763253916412092e-04 -1.24338653067962868e-04 -1.30451559787822187e-06  5.25963407741365982e-06 -2.08510641095728825e-09  2.86337344281035629e-09  4.00000000000000000e+00 -2.50000000000000000e+00  1.65000000000000013e+00 -1.00000000000000006e-01  1.60000000000000009e+00 -8.00000000000000044e-01  2.30000000000000027e+00
 7.82799999999999836e-08  9.91564797211477756e-06 -9.10492704124184682e-04  7.68763253919890754e-04 -1.24338653068569832e-04 -1.30451559861279044e-06  5.25963407505181518e-06 -2.08510663357651073e-09  2.86337348729800403e-09  4.00000000000000000e+00 -2.50000000000000000e+00  1.65000000000000013e+00 -1.00000000000000006e-01  1.60000000000000009e+00 -8.00000000000000044e-01  2.30000000000000027e+00
 7.92799999999999793e-08  9.91564797328691700e-06 -9.10492704110347551e-04  7.68763253905161759e-04 -1.24338653067785276e-04 -1.30451559754714972e-06  5.25963407593849011e-06 -2.08510653815893123e-09  2.86337343387115852e-09  4.00000000000000000e+00 -2.50000000000000000e+00  1.65000000000000013e+00 -1.00000000000000006e-01  1.60000000000000009e+00 -8.00000000000000044e-01  2.30000000000000027e+00
 8.02799999999999751e-08  9.91564797416313192e-06 -9.10492704101761863e-04  7.68763253901609046e-04 -1.24338653065535204e-04 -1.30451559841164933e-06  5.25963407627198054e-06 -2.08510640558922852e-09  2.86337322227401306e-09  4.00000000000000000e+00 -2.50000000000000000e+00  1.65000000000000013e+00 -1.00000000000000006e-01  1.60000000000000009e+00 -8.00000000000000044e-01  2.30000000000000027e+00
 8.12799999999999708e-08  9.91564797369353008e-06 -9.10492704126838050e-04  7.68763253910120792e-04 -1.24338653064528604e-04 -1.30451559881054891e-06  5.25963407753829056e-06 -2.08510632576601610e-09  2.86337312612683048e-09  4.00000000000000000e+00 -2.50000000000000000e+00  1.65000000000000013e+00 -1.00000000000000006e-01  1.60000000000000009e+00 -8.00000000000000044e-01  2.30000000000000027e+00
 8.22799999999999665e-08  9.91564797236721371e-06 -9.10492704147858344e-04  7.68763253942983393e-04 -1.24338653067903671e-04 -1.30451559896086274e-06  5.25963407818896602e-06 -2.08510645863877380e-09  2.86337324979847648e-09  4.00000000000000000e+00 -2.50000000000000000e+00  1.65000000000000013e+00 -1.00000000000000006e-01  1.60000000000000009e+00 -8.00000000000000044e-01  2.30000000000000027e+00
 8.32799999999999622e-08  9.91564797210053893e-06 -9.10492704139809227e-04  7.68763253945425884e-04 -1.24338653070242539e-04 -1.30451559834234700e-06  5.25963407632672089e-06 -2.08510657954243565e-09  2.86337339589746505e-09  4.00000000000000000e+00 -2.50000000000000000e+00  1.65000000000000013e+00 -1.00000000000000006e-01  1.60000000000000009e+00 -8.00000000000000044e-01  2.30000000000000027e+00
 8.42799999999999579e-08  9.91564797279173476e-06 -9.10492704135697716e-04  7.68763253926700086e-04 -1.24338653070109345e-04 -1.30451559837253124e-06  5.25963407593239910e-06 -2.08510654267668775e-09  2.86337344289866899e-09  4.00000000000000000e+00 -2.50000000000000000e+00  1.65000000000000013e+00 -1.00000000000000006e-01  1.60000000000000009e+00 -8.00000000000000044e-01  2.30000000000000027e+00
 8.52799999999999537e-08  9.91564797379317673e-06 -9.10492704130054010e-04  7.68763253905383804e-04 -1.24338653067859300e-04 -1.30451559812030240e-06  5.25963407600718533e-06 -2.08510647408763650e-09  2.86337337288952027e-09  4.00000000000000000e+00 -2.50000000000000000e+00  1.65000000000000013e+00 -1.00000000000000006e-01  1.60000000000000009e+00 -8.00000000000000044e-01  2.30000000000000027e+00
 8.62799999999999494e-08  9.91564797378857904e-06 -9.10492704115095598e-04  7.68763253903015364e-04 -1.24338653066719451e-04 -1.30451559810980745e-06  5.25963407529078265e-06 -2.08510654157480500e-09  2.86337335928249556e-09  4.00000000000000000e+00 -2.50000000000000000e+00  1.65000000000000013e+00 -1.00000000000000006e-01  1.60000000000000009e+00 -8.00000000000000044e-01  2.30000000000000027e+00
 8.72799999999999451e-08  9.91564797309164033e-06 -9.10492704119451380e-04  7.68763253893615440e-04 -1.24338653064750648e-04 -1.30451559758774229e-06  5.25963407672674829e-06 -2.08510640323143249e-09  2.86337329506324013e-09  4.00000000000000000e+00 -2.50000000000000000e+00  1.65000000000000013e+00 -1.00000000000000006e-01  1.60000000000000009e+00 -8.00000000000000044e-01  2.30000000000000027e+00
 8.82799999999999408e-08  9.91564797294668080e-06 -9.10492704119462547e-04  7.68763253887916331e-04 -1.24338653065209537e-04 -1.30451559892252540e-06  5.25963407715553331e-06 -2.08510643524380031e-09  2.86337323503901836e-09  4.00000000000000000e+00 -2.50000000000000000e+00  1.65000000000000013e+00 -1.00000000000000006e-01  1.60000000000000009e+00 -8.00000000000000044e-01  2.30000000000000027e+00
 8.92799999999999365e-08  9.91564797299995918e-06 -9.10492704104700267e-04  7.68763253916115996e-04 -1.24338653066882271e-04 -1.30451559834425516e-06  5.25963407630362992e-06 -2.08510647080696374e-09  2.86337334510699469e-09  4.00000000000000000e+00 -2.50000000000000000e+00  1.65000000000000013e+00 -1.00000000000000006e-01  1.60000000000000009e+00 -8.00000000000000044e-01  2.30000000000000027e+00
 9.02799999999999323e-08  9.91564797313925713e-06 -9.10492704108489771e-04  7.68763253922555290e-04 -1.24338653067148714e-04 -1.30451559885062098e-06  5.25963407649155858e-06 -2.08510649053852635e-09  2.86337325432135945e-09  4.00000000000000000e+00 -2.50000000000000000e+00  1.65000000000000013e+00 -1.00000000000000006e-01  1.60000000000000009e+00 -8.00000000000000044e-01  2.30000000000000027e+00
 9.12799999999999280e-08  9.91564797319109216e-06 -9.10492704128096375e-04  7.68763253906049938e-04 -1.24338653066364185e-04 -1.30451559791655921e-06  5.25963407732969938e-06 -2.08510642991858854e-09  2.86337322493935856e-09  4.00000000000000000e+00 -2.50000000000000000e+00  1.65000000000000013e+00 -1.00000000000000006e-01  1.60000000000000009e+00 -8.00000000000000044e-01  2.30000000000000027e+00
 9.22799999999999237e-08  9.91564797294643008e-06 -9.10492704133358767e-04  7.68763253906568078e-04 -1.24338653066452981e-04 -1.30451559891549968e-06  5.25963407756754962e-06 -2.08510639302366805e-09  2.86337327823524856e-09  4.00000000000000000e+00 -2.50000000000000000e+00  1.65000000000000013e+00 -1.00000000000000006e-01  1.60000000000000009e+00 -8.00000000000000044e-01  2.30000000000000027e+00
 9.32799999999999194e-08  9.91564797260548916e-06 -9.10492704132318908e-04  7.68763253912563282e-04 -1.24338653067888899e-04 -1.30451559838562848e-06  5.25963407685288166e-06 -2.08510651327342088e-09  2.86337342445658459e-09  4.00000000000000000e+00 -2.50000000000000000e+00  1.65000000000000013e+00 -1.00000000000000006e-01  1.60000000000000009e+00 -8.00000000000000044e-01  2.30000000000000027e+00
 9.42799999999999151e-08  9.91564797321565442e-06 -9.10492704128207397e-04  7.68763253924405698e-04 -1.24338653068673454e-04 -1.30451559852362561e-06  5.25963407632151672e-06 -2.08510645963438617e-09  2.86337333692700314e-09  4.00000000000000000e+00 -2.50000000000000000e+00  1.65000000000000013e+00 -1.00000000000000006e-01  1.60000000000000009e+00 -8.00000000000000044e-01  2.30000000000000027e+00
 9.52799999999999109e-08  9.91564797368665048e-06 -9.10492704134683662e-04  7.68763253906864174e-04 -1.24338653069221139e-04 -1.30451559917432034e-06  5.25963407605325122e-06 -2.08510649543753372e-09  2.86337334641292635e-09  4.00000000000000000e+00 -2.50000000000000000e+00  1.65000000000000013e+00 -1.00000000000000006e-01  1.60000000000000009e+00 -8.00000000000000044e-01  2.30000000000000027e+00
 9.62799999999999066e-08  9.91564797327869400e-06 -9.10492704142462595e-04  7.68763253921075028e-04 -1.24338653068732652e-04 -1.30451559785228762e-06  5.25963407623350830e-06 -2.08510650703372289e-09  2.86337332594405961e-09  4.00000000000000000e+00 -2.50000000000000000e+00  1.65000000000000013e+00 -1.00000000000000006e-01  1.60000000000000009e+00 -8.00000000000000044e-01  2.30000000000000027e+00
 9.72799999999999023e-08  9.91564797230034892e-06 -9.10492704133969389e-04  7.68763253910194843e-04 -1.24338653068318161e-04 -1.30451559813860382e-06  5.25963407579258022e-06 -2.08510661364556698e-09  2.86337330481261376e-09  4.00000000000000000e+00 -2.50000000000000000e+00  1.65000000000000013e+00 -1.00000000000000006e-01  1.60000000000000009e+00 -8.00000000000000044e-01  2.30000000000000027e+00
 9.82799999999998980e-08  9.91564797237060692e-06 -9.10492704115406547e-04  7.68763253873705477e-04 -1.24338653066852672e-04 -1.30451559764047793e-06  5.25963407678750173e-06 -2.08510650605007983e-09  2.86337332024702354e-09  4.00000000000000000e+00 -2.50000000000000000e+00  1.65000000000000013e+00 -1.00000000000000006e-01  1.60000000000000009e+00 -8.00000000000000044e-01  2.30000000000000027e+00
 9.92799999999998937e-08  9.91564797391931688e-06 -9.10492704103319861e-04  7.68763253909232613e-04 -1.24338653064795046e-04 -1.30451559770821896e-06  5.25963407621303890e-06 -2.08510638706802347e-09  2.86337333603277540e-09  4.00000000000000000e+00 -2.50000000000000000e+00  1.65000000000000013e+00 -1.00000000000000006e-01  1.60000000000000009e+00 -8.00000000000000044e-01  2.30000000000000027e+00
 1.00279999999999889e-07  9.91564797462885605e-06 -9.10492704111480000e-04  7.68763253916115996e-04 -1.24338653065298360e-04 -1.30451559921751500e-06  5.25963407679220530e-06 -2.08510631621827561e-09  2.86337334011771131e-09  4.00000000000000000e+00 -2.50000000000000000e+00  1.65000000000000013e+00 -1.00000000000000006e-01  1.60000000000000009e+00 -8.00000000000000044e-01  2.30000000000000027e+00
 1.01279999999999885e-07  9.91564797304412009e-06 -9.10492704123659169e-04  7.68763253919890754e-04 -1.24338653067059945e-04 -1.30451559947347353e-06  5.25963407675508239e-06 -2.08510648204672037e-09  2.86337323696240974e-09  4.00000000000000000e+00 -2.50000000000000000e+00  1.65000000000000013e+00 -1.00000000000000006e-01  1.60000000000000009e+00 -8.00000000000000044e-01  2.30000000000000027e+00
 1.02279999999999881e-07  9.91564797165299552e-06 -9.10492704117438234e-04  7.68763253914857780e-04 -1.24338653067962895e-04 -1.30451559792514601e-06  5.25963407622892077e-06 -2.08510663006558770e-09  2.86337324315639483e-09  4.00000000000000000e+00 -2.50000000000000000e+00  1.65000000000000013e+00 -1.00000000000000006e-01  1.60000000000000009e+00 -8.00000000000000044e-01  2.30000000000000027e+00
 1.03279999999999877e-07  9.91564797150284877e-06 -9.10492704131982155e-04  7.68763253906568078e-04 -1.24338653067489180e-04 -1.30451559801630581e-06  5.25963407783149694e-06 -2.08510640967658270e-09  2.86337323859521175e-09  4.00000000000000000e+00 -2.50000000000000000e+00  1.65000000000000013e+00 -1.00000000000000006e-01  1.60000000000000009e+00 -8.00000000000000044e-01  2.30000000000000027e+00
 1.04279999999999872e-07  9.91564797312564023e-06 -9.10492704140882371e-04  7.68763253922333245e-04 -1.24338653068495808e-04 -1.30451559871860857e-06  5.25963407667559343e-06 -2.08510648312278392e-09  2.86337337527009561e-09  4.00000000000000000e+00 -2.50000000000000000e+00  1.65000000000000013e+00 -1.00000000000000006e-01  1.60000000000000009e+00 -8.00000000000000044e-01  2.30000000000000027e+00
 1.05279999999999868e-07  9.91564797419539372e-06 -9.10492704113892892e-04  7.68763253935877966e-04 -1.24338653069176741e-04 -1.30451559869553666e-06  5.25963407588097403e-06 -2.08510646719442860e-09  2.86337348208551713e-09  4.00000000000000000e+00 -2.50000000000000000e+00  1.65000000000000013e+00 -1.00000000000000006e-01  1.60000000000000009e+00 -8.00000000000000044e-01  2.30000000000000027e+00
 1.06279999999999864e-07  9.91564797365765146e-06 -9.10492704143698694e-04  7.68763253902497224e-04 -1.24338653068125716e-04 -1.30451559812550657e-06  5.25963407603494091e-06 -2.08510648444101740e-09  2.86337333307357522e-09  4.00000000000000000e+00 -2.50000000000000000e+00  1.65000000000000013e+00 -1.00000000000000006e-01  1.60000000000000009e+00 -8.00000000000000044e-01  2.30000000000000027e+00
 1.07279999999999859e-07  9.91564797251454323e-06 -9.10492704141108210e-04  7.68763253905679900e-04 -1.24338653067444809e-04 -1.30451559809853175e-06  5.25963407633670571e-06 -2.08510647825868440e-09  2.86337335083012418e-09  4.00000000000000000e+00 -2.50000000000000000e+00  1.65000000000000013e+00 -1.00000000000000006e-01  1.60000000000000009e+00 -8.00000000000000044e-01  2.30000000000000027e+00
 1.08279999999999855e-07  9.91564797215806264e-06 -9.10492704122989349e-04  7.68763253902127186e-04 -1.24338653066645427e-04 -1.30451559811960847e-06  5.25963407770297324e-06 -2.08510642669262634e-09  2.86337322103448415e-09  4.00000000000000000e+00 -2.50000000000000000e+00  1.65000000000000013e+00 -1.00000000000000006e-01  1.60000000000000009e+00 -8.00000000000000044e-01  2.30000000000000027e+00
 1.09279999999999851e-07  9.91564797296004698e-06 -9.10492704131893359e-04  7.68763253920482837e-04 -1.24338653067207938e-04 -1.30451559876024193e-06  5.25963407623902079e-06 -2.08510646165554161e-09  2.86337326980208845e-09  4.00000000000000000e+00 -2.50000000000000000e+00  1.65000000000000013e+00 -1.00000000000000006e-01  1.60000000000000009e+00 -8.00000000000000044e-01  2.30000000000000027e+00
 1.10279999999999847e-07  9.91564797398927502e-06 -9.10492704124532494e-04  7.68763253928772539e-04 -1.24338653068081317e-04 -1.30451559883310032e-06  5.25963407683372262e-06 -2.08510650603986166e-09  2.86337341489307555e-09  4.00000000000000000e+00 -2.50000000000000000e+00  1.65000000000000013e+00 -1.00000000000000006e-01  1.60000000000000009e+00 -8.00000000000000044e-01  2.30000000000000027e+00
 1.11279999999999842e-07  9.91564797355856216e-06 -9.10492704137311226e-04  7.68763253915449862e-04 -1.24338653067370758e-04 -1.30451559782557284e-06  5.25963407609739095e-06 -2.08510651459285957e-09  2.86337332680472450e-09  4.00000000000000000e+00 -2.50000000000000000e+00  1.65000000000000013e+00 -1.00000000000000006e-01  1.60000000000000009e+00 -8.00000000000000044e-01  2.30000000000000027e+00
 1.12279999999999838e-07  9.91564797268326542e-06 -9.10492704127748454e-04  7.68763253906568078e-04 -1.24338653066452981e-04 -1.30451559832239768e-06  5.25963407675862892e-06 -2.08510644432266009e-09  2.86337325487319231e-09  4.00000000000000000e+00 -2.50000000000000000e+00  1.65000000000000013e+00 -1.00000000000000006e-01  1.60000000000000009e+00 -8.00000000000000044e-01  2.30000000000000027e+00
 1.13279999999999834e-07  9.91564797254164489e-06 -9.10492704123759132e-04  7.68763253930918934e-04 -1.24338653066911870e-04 -1.30451559799184625e-06  5.25963407690615749e-06 -2.08510647899369103e-09  2.86337328824749398e-09  4.00000000000000000e+00 -2.50000000000000000e+00  1.65000000000000013e+00 -1.00000000000000006e-01  1.60000000000000009e+00 -8.00000000000000044e-01  2.30000000000000027e+00
 1.14279999999999830e-07  9.91564797329936499e-06 -9.10492704106113959e-04  7.68763253917226219e-04 -1.24338653068347760e-04 -1.30451559876666032e-06  5.25963407594558317e-06 -2.08510651935272482e-09  2.86337338123214670e-09  4.00000000000000000e+00 -2.50000000000000000e+00  1.65000000000000013e+00 -1.00000000000000006e-01  1.60000000000000009e+00 -8.00000000000000044e-01  2.30000000000000027e+00
 1.15279999999999825e-07  9.91564797384577748e-06 -9.10492704119436635e-04  7.68763253920556888e-04 -1.24338653067740851e-04 -1.30451559872303220e-06  5.25963407656711477e-06 -2.08510645164831387e-09  2.86337332899764565e-09  4.00000000000000000e+00 -2.50000000000000000e+00  1.65000000000000013e+00 -1.00000000000000006e-01  1.60000000000000009e+00 -8.00000000000000044e-01  2.30000000000000027e+00
 1.16279999999999821e-07  9.91564797326065559e-06 -9.10492704137647979e-04  7.68763253914561684e-04 -1.24338653067296735e-04 -1.30451559875434383e-06  5.25963407677983100e-06 -2.08510641537089569e-09  2.86337324334734658e-09  4.00000000000000000e+00 -2.50000000000000000e+00  1.65000000000000013e+00 -1.00000000000000006e-01  1.60000000000000009e+00 -8.00000000000000044e-01  2.30000000000000027e+00
 1.17279999999999817e-07  9.91564797186197380e-06 -9.10492704124995123e-04  7.68763253906864174e-04 -1.24338653067607630e-04 -1.30451559766927430e-06  5.25963407656252808e-06 -2.08510645034796692e-09  2.86337334691705778e-09  4.00000000000000000e+00 -2.50000000000000000e+00  1.65000000000000013e+00 -1.00000000000000006e-01  1.60000000000000009e+00 -8.00000000000000044e-01  2.30000000000000027e+00
 1.18279999999999812e-07  9.91564797195460702e-06 -9.10492704144401799e-04  7.68763253909528709e-04 -1.24338653067504007e-04 -1.30451559789730382e-06  5.25963407638547025e-06 -2.08510648763574527e-09  2.86337339488225594e-09  4.00000000000000000e+00 -2.50000000000000000e+00  1.65000000000000013e+00 -1.00000000000000006e-01  1.60000000000000009e+00 -8.00000000000000044e-01  2.30000000000000027e+00
 1.19279999999999808e-07  9.91564797320382476e-06 -9.10492704101776716e-04  7.68763253920482837e-04 -1.24338653066808274e-04 -1.30451559872225145e-06  5.25963407616516036e-06 -2.08510658562424347e-09  2.86337330059752552e-09  4.00000000000000000e+00 -2.50000000000000000e+00  1.65000000000000013e+00 -1.00000000000000006e-01  1.60000000000000009e+00 -8.00000000000000044e-01  2.30000000000000027e+00
 1.20279999999999804e-07  9.91564797418168872e-06 -9.10492704113348840e-04  7.68763253922555290e-04 -1.24338653065564803e-04 -1.30451559810642461e-06  5.25963407623312290e-06 -2.08510648793453118e-09  2.86337326522853488e-09  4.00000000000000000e+00 -2.50000000000000000e+00  1.65000000000000013e+00 -1.00000000000000006e-01  1.60000000000000009e+00 -8.00000000000000044e-01  2.30000000000000027e+00
 1.21279999999999800e-07  9.91564797382709701e-06 -9.10492704131841534e-04  7.68763253912785327e-04 -1.24338653064632226e-04 -1.30451559821814085e-06  5.25963407651518911e-06 -2.08510640688614060e-09  2.86337331482300340e-09  4.00000000000000000e+00 -2.50000000000000000e+00  1.65000000000000013e+00 -1.00000000000000006e-01  1.60000000000000009e+00 -8.00000000000000044e-01  2.30000000000000027e+00
 1.22279999999999795e-07  9.91564797244289779e-06 -9.10492704145785892e-04  7.68763253916930124e-04 -1.24338653066467781e-04 -1.30451559976828970e-06  5.25963407851235727e-06 -2.08510624206307887e-09  2.86337325822039107e-09  4.00000000000000000e+00 -2.50000000000000000e+00  1.65000000000000013e+00 -1.00000000000000006e-01  1.60000000000000009e+00 -8.00000000000000044e-01  2.30000000000000027e+00
 1.23279999999999791e-07  9.91564797242179990e-06 -9.10492704134069353e-04  7.68763253924331647e-04 -1.24338653069132316e-04 -1.30451559861981615e-06  5.25963407672655517e-06 -2.08510657760793813e-09  2.86337338293634473e-09  4.00000000000000000e+00 -2.50000000000000000e+00  1.65000000000000013e+00 -1.00000000000000006e-01  1.60000000000000009e+00 -8.00000000000000044e-01  2.30000000000000027e+00
 1.24279999999999787e-07  9.91564797334183353e-06 -9.10492704128018637e-04  7.68763253938838597e-04 -1.24338653069857674e-04 -1.30451559810208780e-06  5.25963407648222936e-06 -2.08510664831283715e-09  2.86337339530956876e-09  4.00000000000000000e+00 -2.50000000000000000e+00  1.65000000000000013e+00 -1.00000000000000006e-01  1.60000000000000009e+00 -8.00000000000000044e-01  2.30000000000000027e+00
 1.25279999999999782e-07  9.91564797415181556e-06 -9.10492704130216857e-04  7.68763253911008970e-04 -1.24338653069073118e-04 -1.30451559763631455e-06  5.25963407630162500e-06 -2.08510651151879957e-09  2.86337340377510472e-09  4.00000000000000000e+00 -2.50000000000000000e+00  1.65000000000000013e+00 -1.00000000000000006e-01  1.60000000000000009e+00 -8.00000000000000044e-01  2.30000000000000027e+00
 1.26279999999999778e-07  9.91564797375166195e-06 -9.10492704110987773e-04  7.68763253908344435e-04 -1.24338653067548405e-04 -1.30451559749684274e-06  5.25963407562342520e-06 -2.08510641301609406e-09  2.86337343010119892e-09  4.00000000000000000e+00 -2.50000000000000000e+00  1.65000000000000013e+00 -1.00000000000000006e-01  1.60000000000000009e+00 -8.00000000000000044e-01  2.30000000000000027e+00
 1.27279999999999774e-07  9.91564797280003907e-06 -9.10492704111816754e-04  7.68763253901609046e-04 -1.24338653066452981e-04 -1.30451559907093086e-06  5.25963407477988711e-06 -2.08510648659959608e-09  2.86337338758258721e-09  4.00000000000000000e+00 -2.50000000000000000e+00  1.65000000000000013e+00 -1.00000000000000006e-01  1.60000000000000009e+00 -8.00000000000000044e-01  2.30000000000000027e+00
 1.28279999999999770e-07  9.91564797180879538e-06 -9.10492704112308981e-04  7.68763253885251796e-04 -1.24338653064809873e-04 -1.30451559857662149e-06  5.25963407620232224e-06 -2.08510650075654908e-09  2.86337309568572615e-09  4.00000000000000000e+00 -2.50000000000000000e+00  1.65000000000000013e+00 -1.00000000000000006e-01  1.60000000000000009e+00 -8.00000000000000044e-01  2.30000000000000027e+00
 1.29279999999999765e-07  9.91564797262425094e-06 -9.10492704115776585e-04  7.68763253905679900e-04 -1.24338653064247335e-04 -1.30451559821553876e-06  5.25963407797027482e-06 -2.08510641786076641e-09  2.86337305962131691e-09  4.00000000000000000e+00 -2.50000000000000000e+00  1.65000000000000013e+00 -1.00000000000000006e-01  1.60000000000000009e+00 -8.00000000000000044e-01  2.30000000000000027e+00
 1.30279999999999761e-07  9.91564797360402580e-06 -9.10492704138347398e-04  7.68763253926478042e-04 -1.24338653065594429e-04 -1.30451559884628417e-06  5.25963407821675971e-06 -2.08510632635532356e-09  2.86337323403819724e-09  4.00000000000000000e+00 -2.50000000000000000e+00  1.65000000000000013e+00 -1.00000000000000006e-01  1.60000000000000009e+00 -8.00000000000000044e-01  2.30000000000000027e+00
 1.31279999999999757e-07  9.91564797429455247e-06 -9.10492704134024900e-04  7.68763253931437074e-04 -1.24338653068036919e-04 -1.30451559875538462e-06  5.25963407667250938e-06 -2.08510648056093277e-09  2.86337350531251339e-09  4.00000000000000000e+00 -2.50000000000000000e+00  1.65000000000000013e+00 -1.00000000000000006e-01  1.60000000000000009e+00 -8.00000000000000044e-01  2.30000000000000027e+00
 1.32279999999999752e-07  9.91564797377558555e-06 -9.10492704126338449e-04  7.68763253909528709e-04 -1.24338653069102744e-04 -1.30451559842058299e-06  5.25963407548723077e-06 -2.08510657843808460e-09  2.86337351874277953e-09  4.00000000000000000e+00 -2.50000000000000000e+00  1.65000000000000013e+00 -1.00000000000000006e-01  1.60000000000000009e+00 -8.00000000000000044e-01  2.30000000000000027e+00
 1.33279999999999748e-07  9.91564797271476996e-06 -9.10492704130009666e-04  7.68763253899462651e-04 -1.24338653067563204e-04 -1.30451559778801624e-06  5.25963407577719895e-06 -2.08510653145481393e-09  2.86337330984182970e-09  4.00000000000000000e+00 -2.50000000000000000e+00  1.65000000000000013e+00 -1.00000000000000006e-01  1.60000000000000009e+00 -8.00000000000000044e-01  2.30000000000000027e+00
 1.34279999999999744e-07  9.91564797288692263e-06 -9.10492704126331077e-04  7.68763253917300270e-04 -1.24338653066512206e-04 -1.30451559829629022e-06  5.25963407765324479e-06 -2.08510642201890616e-09  2.86337319431074314e-09  4.00000000000000000e+00 -2.50000000000000000e+00  1.65000000000000013e+00 -1.00000000000000006e-01  1.60000000000000009e+00 -8.00000000000000044e-01  2.30000000000000027e+00
 1.35279999999999740e-07  9.91564797321811590e-06 -9.10492704127544949e-04  7.68763253924331647e-04 -1.24338653067518833e-04 -1.30451559856603972e-06  5.25963407698529917e-06 -2.08510643792756092e-09  2.86337331141905178e-09  4.00000000000000000e+00 -2.50000000000000000e+00  1.65000000000000013e+00 -1.00000000000000006e-01  1.60000000000000009e+00 -8.00000000000000044e-01  2.30000000000000027e+00
 1.36279999999999735e-07  9.91564797302565646e-06 -9.10492704138780428e-04  7.68763253919890754e-04 -1.24338653068036892e-04 -1.30451559858069805e-06  5.25963407615463683e-06 -2.08510643914960571e-09  2.86337335326402413e-09  4.00000000000000000e+00 -2.50000000000000000e+00  1.65000000000000013e+00 -1.00000000000000006e-01  1.60000000000000009e+00 -8.00000000000000044e-01  2.30000000000000027e+00
 1.37279999999999731e-07  9.91564797229559876e-06 -9.10492704128795793e-04  7.68763253912785327e-04 -1.24338653067800048e-04 -1.30451559857124389e-06  5.25963407603802411e-06 -2.08510652252750439e-09  2.86337333367640874e-09  4.00000000000000000e+00 -2.50000000000000000e+00  1.65000000000000013e+00 -1.00000000000000006e-01  1.60000000000000009e+00 -8.00000000000000044e-01  2.30000000000000027e+00
 1.38279999999999727e-07  9.91564797229391486e-06 -9.10492704128129660e-04  7.68763253920778933e-04 -1.24338653067252364e-04 -1.30451559835874027e-06  5.25963407700461237e-06 -2.08510652420701729e-09  2.86337327890890983e-09  4.00000000000000000e+00 -2.50000000000000000e+00  1.65000000000000013e+00 -1.00000000000000006e-01  1.60000000000000009e+00 -8.00000000000000044e-01  2.30000000000000027e+00
 1.39279999999999723e-07  9.91564797326341522e-06 -9.10492704120617114e-04  7.68763253927884360e-04 -1.24338653068273763e-04 -1.30451559877784942e-06  5.25963407686147820e-06 -2.08510648528651221e-09  2.86337332211586567e-09  4.00000000000000000e+00 -2.50000000000000000e+00  1.65000000000000013e+00 -1.00000000000000006e-01  1.60000000000000009e+00 -8.00000000000000044e-01  2.30000000000000027e+00
 1.40279999999999718e-07  9.91564797417786183e-06 -9.10492704140819487e-04  7.68763253920482837e-04 -1.24338653068081317e-04 -1.30451559773155091e-06  5.25963407669694967e-06 -2.08510652577654990e-09  2.86337331663196137e-09  4.00000000000000000e+00 -2.50000000000000000e+00  1.65000000000000013e+00 -1.00000000000000006e-01  1.60000000000000009e+00 -8.00000000000000044e-01  2.30000000000000027e+00
 1.41279999999999714e-07  9.91564797369980829e-06 -9.10492704136004870e-04  7.68763253927588265e-04 -1.24338653067785276e-04 -1.30451559858512168e-06  5.25963407692670397e-06 -2.08510651023810561e-09  2.86337322608581849e-09  4.00000000000000000e+00 -2.50000000000000000e+00  1.65000000000000013e+00 -1.00000000000000006e-01  1.60000000000000009e+00 -8.00000000000000044e-01  2.30000000000000027e+00
 1.42279999999999710e-07  9.91564797260673429e-06 -9.10492704122337960e-04  7.68763253917226219e-04 -1.24338653067030292e-04 -1.30451559751826674e-06  5.25963407597299146e-06 -2.08510630843582581e-09  2.86337336023953608e-09  4.00000000000000000e+00 -2.50000000000000000e+00  1.65000000000000013e+00 -1.00000000000000006e-01  1.60000000000000009e+00 -8.00000000000000044e-01  2.30000000000000027e+00
 1.43279999999999705e-07  9.91564797246812243e-06 -9.10492704115077166e-04  7.68763253922925328e-04 -1.24338653068184940e-04 -1.30451559881766124e-06  5.25963407530589372e-06 -2.08510652510243285e-09  2.86337345361902899e-09  4.00000000000000000e+00 -2.50000000000000000e+00  1.65000000000000013e+00 -1.00000000000000006e-01  1.60000000000000009e+00 -8.00000000000000044e-01  2.30000000000000027e+00
 1.44279999999999701e-07  9.91564797349744026e-06 -9.10492704105810490e-04  7.68763253909010569e-04 -1.24338653066778649e-04 -1.30451559824598324e-06  5.25963407623574447e-06 -2.08510655037989199e-09  2.86337335848926947e-09  4.00000000000000000e+00 -2.50000000000000000e+00  1.65000000000000013e+00 -1.00000000000000006e-01  1.60000000000000009e+00 -8.00000000000000044e-01  2.30000000000000027e+00
 1.45279999999999697e-07  9.91564797447094539e-06 -9.10492704101743323e-04  7.68763253910120792e-04 -1.24338653064528604e-04 -1.30451559838996529e-06  5.25963407711347558e-06 -2.08510647988853667e-09  2.86337316205004041e-09  4.00000000000000000e+00 -2.50000000000000000e+00  1.65000000000000013e+00 -1.00000000000000006e-01  1.60000000000000009e+00 -8.00000000000000044e-01  2.30000000000000027e+00
 1.46279999999999693e-07  9.91564797350554975e-06 -9.10492704123089204e-04  7.68763253914561684e-04 -1.24338653064809873e-04 -1.30451559851686014e-06  5.25963407742722929e-06 -2.08510637130121240e-09  2.86337319590857112e-09  4.00000000000000000e+00 -2.50000000000000000e+00  1.65000000000000013e+00 -1.00000000000000006e-01  1.60000000000000009e+00 -8.00000000000000044e-01  2.30000000000000027e+00
 1.47279999999999688e-07  9.91564797261654802e-06 -9.10492704149841892e-04  7.68763253928180456e-04 -1.24338653067859273e-04 -1.30451559886961633e-06  5.25963407739908832e-06 -2.08510630377235730e-09  2.86337339696177642e-09  4.00000000000000000e+00 -2.50000000000000000e+00  1.65000000000000013e+00 -1.00000000000000006e-01  1.60000000000000009e+00 -8.00000000000000044e-01  2.30000000000000027e+00
 1.48279999999999684e-07  9.91564797222182897e-06 -9.10492704147314292e-04  7.68763253920852984e-04 -1.24338653070479410e-04 -1.30451559918698391e-06  5.25963407671433502e-06 -2.08510662530648842e-09  2.86337335097208864e-09  4.00000000000000000e+00 -2.50000000000000000e+00  1.65000000000000013e+00 -1.00000000000000006e-01  1.60000000000000009e+00 -8.00000000000000044e-01  2.30000000000000027e+00
 1.49279999999999680e-07  9.91564797277933250e-06 -9.10492704152151134e-04  7.68763253899166555e-04 -1.24338653069620830e-04 -1.30451559777092905e-06  5.25963407637328906e-06 -2.08510661870978218e-09  2.86337334004444214e-09  4.00000000000000000e+00 -2.50000000000000000e+00  1.65000000000000013e+00 -1.00000000000000006e-01  1.60000000000000009e+00 -8.00000000000000044e-01  2.30000000000000027e+00
 1.50279999999999675e-07  9.91564797379089313e-06 -9.10492704146674070e-04  7.68763253913673505e-04 -1.24338653067252336e-04 -1.30451559801014746e-06  5.25963407665755163e-06 -2.08510642278448084e-09  2.86337326644479189e-09  4.00000000000000000e+00 -2.50000000000000000e+00  1.65000000000000013e+00 -1.00000000000000006e-01  1.60000000000000009e+00 -8.00000000000000044e-01  2.30000000000000027e+00
 1.51279999999999671e-07  9.91564797402353920e-06 -9.10492704128481266e-04  7.68763253927884360e-04 -1.24338653067711252e-04 -1.30451559843506810e-06  5.25963407612599441e-06 -2.08510643887607280e-09  2.86337345398839905e-09  4.00000000000000000e+00 -2.50000000000000000e+00  1.65000000000000013e+00 -1.00000000000000006e-01  1.60000000000000009e+00 -8.00000000000000044e-01  2.30000000000000027e+00
 1.52279999999999667e-07  9.91564797425624287e-06 -9.10492704123107744e-04  7.68763253924109602e-04 -1.24338653068125716e-04 -1.30451559807155671e-06  5.25963407642764317e-06 -2.08510651589150211e-09  2.86337338543339621e-09  4.00000000000000000e+00 -2.50000000000000000e+00  1.65000000000000013e+00 -1.00000000000000006e-01  1.60000000000000009e+00 -8.00000000000000044e-01  2.30000000000000027e+00
 1.53279999999999663e-07  9.91564797369244757e-06 -9.10492704134942678e-04  7.68763253924035551e-04 -1.24338653066349386e-04 -1.30451559854773831e-06  5.25963407669860731e-06 -2.08510637411770448e-09  2.86337319614432504e-09  4.00000000000000000e+00 -2.50000000000000000e+00  1.65000000000000013e+00 -1.00000000000000006e-01  1.60000000000000009e+00 -8.00000000000000044e-01  2.30000000000000027e+00
 1.54279999999999658e-07  9.91564797278829072e-06 -9.10492704148853859e-04  7.68763253899240606e-04 -1.24338653066556631e-04 -1.30451559872147090e-06  5.25963407625274442e-06 -2.08510642689501386e-09  2.86337326496198792e-09  4.00000000000000000e+00 -2.50000000000000000e+00  1.65000000000000013e+00 -1.00000000000000006e-01  1.60000000000000009e+00 -8.00000000000000044e-01  2.30000000000000027e+00
 1.55279999999999654e-07  9.91564797220534232e-06 -9.10492704152532340e-04  7.68763253920556888e-04 -1.24338653067385585e-04 -1.30451559888687675e-06  5.25963407744754538e-06 -2.08510647462315777e-09  2.86337328349068103e-09  4.00000000000000000e+00 -2.50000000000000000e+00  1.65000000000000013e+00 -1.00000000000000006e-01  1.60000000000000009e+00 -8.00000000000000044e-01  2.30000000000000027e+00
 1.56279999999999650e-07  9.91564797255117740e-06 -9.10492704132929531e-04  7.68763253916708079e-04 -1.24338653068451410e-04 -1.30451559798256531e-06  5.25963407700534505e-06 -2.08510646181580454e-09  2.86337339169438210e-09  4.00000000000000000e+00 -2.50000000000000000e+00  1.65000000000000013e+00 -1.00000000000000006e-01  1.60000000000000009e+00 -8.00000000000000044e-01  2.30000000000000027e+00
 1.57279999999999645e-07  9.91564797337749362e-06 -9.10492704130120688e-04  7.68763253919372614e-04 -1.24338653069428384e-04 -1.30451559800910667e-06  5.25963407599550475e-06 -2.08510656620380665e-09  2.86337346476225447e-09  4.00000000000000000e+00 -2.50000000000000000e+00  1.65000000000000013e+00 -1.00000000000000006e-01  1.60000000000000009e+00 -8.00000000000000044e-01  2.30000000000000027e+00
 1.58279999999999641e-07  9.91564797384459333e-06 -9.10492704116420493e-04  7.68763253902423282e-04 -1.24338653067474408e-04 -1.30451559809783781e-06  5.25963407522104643e-06 -2.08510654845107348e-09  2.86337339121806586e-09  4.00000000000000000e+00 -2.50000000000000000e+00  1.65000000000000013e+00 -1.00000000000000006e-01  1.60000000000000009e+00 -8.00000000000000044e-01  2.30000000000000027e+00
 1.59279999999999637e-07  9.91564797329162142e-06 -9.10492704112264529e-04  7.68763253894503618e-04 -1.24338653065327959e-04 -1.30451559804666347e-06  5.25963407547651411e-06 -2.08510646946278201e-09  2.86337334746411947e-09  4.00000000000000000e+00 -2.50000000000000000e+00  1.65000000000000013e+00 -1.00000000000000006e-01  1.60000000000000009e+00 -8.00000000000000044e-01  2.30000000000000027e+00
 1.60279999999999633e-07  9.91564797246657236e-06 -9.10492704119584629e-04  7.68763253903311460e-04 -1.24338653064809873e-04 -1.30451559866509239e-06  5.25963407639533903e-06 -2.08510644240488361e-09  2.86337317823410247e-09  4.00000000000000000e+00 -2.50000000000000000e+00  1.65000000000000013e+00 -1.00000000000000006e-01  1.60000000000000009e+00 -8.00000000000000044e-01  2.30000000000000027e+00
 1.61279999999999628e-07  9.91564797251987445e-06 -9.10492704124991436e-04  7.68763253921075028e-04 -1.24338653067045118e-04 -1.30451559920285667e-06  5.25963407805828324e-06 -2.08510636712191420e-09  2.86337316667102038e-09  4.00000000000000000e+00 -2.50000000000000000e+00  1.65000000000000013e+00 -1.00000000000000006e-01  1.60000000000000009e+00 -8.00000000000000044e-01  2.30000000000000027e+00
 1.62279999999999624e-07  9.91564797335803897e-06 -9.10492704141374599e-04  7.68763253924405698e-04 -1.24338653067992494e-04 -1.30451559861738750e-06  5.25963407759553643e-06 -2.08510643426087193e-09  2.86337319783547471e-09  4.00000000000000000e+00 -2.50000000000000000e+00  1.65000000000000013e+00 -1.00000000000000006e-01  1.60000000000000009e+00 -8.00000000000000044e-01  2.30000000000000027e+00
 1.63279999999999620e-07  9.91564797434195244e-06 -9.10492704150323061e-04  7.68763253927588265e-04 -1.24338653068466209e-04 -1.30451559832751525e-06  5.25963407682443237e-06 -2.08510654277816006e-09  2.86337342998102736e-09  4.00000000000000000e+00 -2.50000000000000000e+00  1.65000000000000013e+00 -1.00000000000000006e-01  1.60000000000000009e+00 -8.00000000000000044e-01  2.30000000000000027e+00
 1.64279999999999616e-07  9.91564797390742962e-06 -9.10492704129028897e-04  7.68763253908936518e-04 -1.24338653068481009e-04 -1.30451559828605531e-06  5.25963407546124803e-06 -2.08510654666468678e-09  2.86337344910831302e-09  4.00000000000000000e+00 -2.50000000000000000e+00  1.65000000000000013e+00 -1.00000000000000006e-01  1.60000000000000009e+00 -8.00000000000000044e-01  2.30000000000000027e+00
 1.65279999999999611e-07  9.91564797299003873e-06 -9.10492704133521614e-04  7.68763253915819901e-04 -1.24338653067755650e-04 -1.30451559755460912e-06  5.25963407525685898e-06 -2.08510654606652436e-09  2.86337346542633492e-09  4.00000000000000000e+00 -2.50000000000000000e+00  1.65000000000000013e+00 -1.00000000000000006e-01  1.60000000000000009e+00 -8.00000000000000044e-01  2.30000000000000027e+00
 1.66279999999999607e-07  9.91564797256703217e-06 -9.10492704113137962e-04  7.68763253888804510e-04 -1.24338653065239163e-04 -1.30451559789322705e-06  5.25963407604176376e-06 -2.08510645055398121e-09  2.86337333281787136e-09  4.00000000000000000e+00 -2.50000000000000000e+00  1.65000000000000013e+00 -1.00000000000000006e-01  1.60000000000000009e+00 -8.00000000000000044e-01  2.30000000000000027e+00
 1.67279999999999603e-07  9.91564797244289949e-06 -9.10492704106002936e-04  7.68763253906568078e-04 -1.24338653065194738e-04 -1.30451559882902376e-06  5.25963407646692517e-06 -2.08510641997229010e-09  2.86337324245867791e-09  4.00000000000000000e+00 -2.50000000000000000e+00  1.65000000000000013e+00 -1.00000000000000006e-01  1.60000000000000009e+00 -8.00000000000000044e-01  2.30000000000000027e+00
 1.68279999999999598e-07  9.91564797342010276e-06 -9.10492704117304985e-04  7.68763253906568078e-04 -1.24338653065801647e-04 -1.30451559863117846e-06  5.25963407754122044e-06 -2.08510642796989371e-09  2.86337316746000468e-09  4.00000000000000000e+00 -2.50000000000000000e+00  1.65000000000000013e+00 -1.00000000000000006e-01  1.60000000000000009e+00 -8.00000000000000044e-01  2.30000000000000027e+00
 1.69279999999999594e-07  9.91564797368136499e-06 -9.10492704137958820e-04  7.68763253930844991e-04 -1.24338653067178340e-04 -1.30451559888618281e-06  5.25963407748543909e-06 -2.08510649712411073e-09  2.86337322216627568e-09  4.00000000000000000e+00 -2.50000000000000000e+00  1.65000000000000013e+00 -1.00000000000000006e-01  1.60000000000000009e+00 -8.00000000000000044e-01  2.30000000000000027e+00
 1.70279999999999590e-07  9.91564797341479017e-06 -9.10492704124839648e-04  7.68763253934397705e-04 -1.24338653067696453e-04 -1.30451559792618680e-06  5.25963407740587305e-06 -2.08510640792515886e-09  2.86337334298508328e-09  4.00000000000000000e+00 -2.50000000000000000e+00  1.65000000000000013e+00 -1.00000000000000006e-01  1.60000000000000009e+00 -8.00000000000000044e-01  2.30000000000000027e+00
 1.71279999999999586e-07  9.91564797280036603e-06 -9.10492704156114652e-04  7.68763253934101609e-04 -1.24338653068495808e-04 -1.30451559888453491e-06  5.25963407585294910e-06 -2.08510645946853852e-09  2.86337345178108247e-09  4.00000000000000000e+00 -2.50000000000000000e+00  1.65000000000000013e+00 -1.00000000000000006e-01  1.60000000000000009e+00 -8.00000000000000044e-01  2.30000000000000027e+00
 1.72279999999999581e-07  9.91564797256567522e-06 -9.10492704119914009e-04  7.68763253902201237e-04 -1.24338653068762251e-04 -1.30451559850532440e-06  5.25963407582025871e-06 -2.08510651685831205e-09  2.86337346763251537e-09  4.00000000000000000e+00 -2.50000000000000000e+00  1.65000000000000013e+00 -1.00000000000000006e-01  1.60000000000000009e+00 -8.00000000000000044e-01  2.30000000000000027e+00
 1.73279999999999577e-07  9.91564797302641032e-06 -9.10492704116276186e-04  7.68763253908936518e-04 -1.24338653067548432e-04 -1.30451559778983758e-06  5.25963407530462232e-06 -2.08510666640318202e-09  2.86337324813124391e-09  4.00000000000000000e+00 -2.50000000000000000e+00  1.65000000000000013e+00 -1.00000000000000006e-01  1.60000000000000009e+00 -8.00000000000000044e-01  2.30000000000000027e+00
 1.74279999999999573e-07  9.91564797361677365e-06 -9.10492704129295394e-04  7.68763253891839083e-04 -1.24338653064054916e-04 -1.30451559744185209e-06  5.25963407723849172e-06 -2.08510637100414909e-09  2.86337320310169361e-09  4.00000000000000000e+00 -2.50000000000000000e+00  1.65000000000000013e+00 -1.00000000000000006e-01  1.60000000000000009e+00 -8.00000000000000044e-01  2.30000000000000027e+00
 1.75279999999999568e-07  9.91564797366944555e-06 -9.10492704140286602e-04  7.68763253919890754e-04 -1.24338653064913496e-04 -1.30451559935889496e-06  5.25963407788770266e-06 -2.08510634153839328e-09  2.86337327903779781e-09  4.00000000000000000e+00 -2.50000000000000000e+00  1.65000000000000013e+00 -1.00000000000000006e-01  1.60000000000000009e+00 -8.00000000000000044e-01  2.30000000000000027e+00
 1.76279999999999564e-07  9.91564797322430263e-06 -9.10492704132940590e-04  7.68763253942095215e-04 -1.24338653068569805e-04 -1.30451559969456395e-06  5.25963407757229131e-06 -2.08510648794054230e-09  2.86337324687140524e-09  4.00000000000000000e+00 -2.50000000000000000e+00  1.65000000000000013e+00 -1.00000000000000006e-01  1.60000000000000009e+00 -8.00000000000000044e-01  2.30000000000000027e+00
 1.77279999999999560e-07  9.91564797301635435e-06 -9.10492704137662724e-04  7.68763253920852984e-04 -1.24338653070094518e-04 -1.30451559766077411e-06  5.25963407613717355e-06 -2.08510653238399088e-09  2.86337343433508194e-09  4.00000000000000000e+00 -2.50000000000000000e+00  1.65000000000000013e+00 -1.00000000000000006e-01  1.60000000000000009e+00 -8.00000000000000044e-01  2.30000000000000027e+00
 1.78279999999999556e-07  9.91564797310154214e-06 -9.10492704134994502e-04  7.68763253907456257e-04 -1.24338653069443184e-04 -1.30451559817997693e-06  5.25963407553526347e-06 -2.08510651901814887e-09  2.86337345329756303e-09  4.00000000000000000e+00 -2.50000000000000000e+00  1.65000000000000013e+00 -1.00000000000000006e-01  1.60000000000000009e+00 -8.00000000000000044e-01  2.30000000000000027e+00
 1.79279999999999551e-07  9.91564797382193350e-06 -9.10492704123185481e-04  7.68763253902127186e-04 -1.24338653066734250e-04 -1.30451559766753957e-06  5.25963407544844937e-06 -2.08510647686460878e-09  2.86337332882742470e-09  4.00000000000000000e+00 -2.50000000000000000e+00  1.65000000000000013e+00 -1.00000000000000006e-01  1.60000000000000009e+00 -8.00000000000000044e-01  2.30000000000000027e+00
 1.80279999999999547e-07  9.91564797397536335e-06 -9.10492704119799301e-04  7.68763253916115996e-04 -1.24338653064780274e-04 -1.30451559820079361e-06  5.25963407687581847e-06 -2.08510640589486762e-09  2.86337325551364063e-09  4.00000000000000000e+00 -2.50000000000000000e+00  1.65000000000000013e+00 -1.00000000000000006e-01  1.60000000000000009e+00 -8.00000000000000044e-01  2.30000000000000027e+00
 1.81279999999999543e-07  9.91564797337865067e-06 -9.10492704127737395e-04  7.68763253913747556e-04 -1.24338653065786847e-04 -1.30451559899304174e-06  5.25963407771195518e-06 -2.08510643337133554e-09  2.86337329103755392e-09  4.00000000000000000e+00 -2.50000000000000000e+00  1.65000000000000013e+00 -1.00000000000000006e-01  1.60000000000000009e+00 -8.00000000000000044e-01  2.30000000000000027e+00
 1.82279999999999538e-07  9.91564797263261793e-06 -9.10492704126297792e-04  7.68763253920778933e-04 -1.24338653068066518e-04 -1.30451559869623059e-06  5.25963407629484026e-06 -2.08510652778950178e-09  2.86337333511725851e-09  4.00000000000000000e+00 -2.50000000000000000e+00  1.65000000000000013e+00 -1.00000000000000006e-01  1.60000000000000009e+00 -8.00000000000000044e-01  2.30000000000000027e+00
 1.83279999999999534e-07  9.91564797239974485e-06 -9.10492704117116225e-04  7.68763253905679900e-04 -1.24338653067740851e-04 -1.30451559793130436e-06  5.25963407555588702e-06 -2.08510649466417775e-09  2.86337331288706452e-09  4.00000000000000000e+00 -2.50000000000000000e+00  1.65000000000000013e+00 -1.00000000000000006e-01  1.60000000000000009e+00 -8.00000000000000044e-01  2.30000000000000027e+00
 1.84279999999999530e-07  9.91564797281802328e-06 -9.10492704105092532e-04  7.68763253906049938e-04 -1.24338653066497406e-04 -1.30451559840202153e-06  5.25963407612360408e-06 -2.08510651519908824e-09  2.86337327011316048e-09  4.00000000000000000e+00 -2.50000000000000000e+00  1.65000000000000013e+00 -1.00000000000000006e-01  1.60000000000000009e+00 -8.00000000000000044e-01  2.30000000000000027e+00
 1.85279999999999526e-07  9.91564797357407133e-06 -9.10492704114829209e-04  7.68763253912785327e-04 -1.24338653064691424e-04 -1.30451559738660119e-06  5.25963407624757921e-06 -2.08510649847182535e-09  2.86337335238493876e-09  4.00000000000000000e+00 -2.50000000000000000e+00  1.65000000000000013e+00 -1.00000000000000006e-01  1.60000000000000009e+00 -8.00000000000000044e-01  2.30000000000000027e+00
 1.86279999999999521e-07  9.91564797396675242e-06 -9.10492704120628282e-04  7.68763253917522315e-04 -1.24338653064306559e-04 -1.30451559891497918e-06  5.25963407746342724e-06 -2.08510637873555275e-09  2.86337325972409748e-09  4.00000000000000000e+00 -2.50000000000000000e+00  1.65000000000000013e+00 -1.00000000000000006e-01  1.60000000000000009e+00 -8.00000000000000044e-01  2.30000000000000027e+00
 1.87279999999999517e-07  9.91564797413523744e-06 -9.10492704111254270e-04  7.68763253923147372e-04 -1.24338653067104343e-04 -1.30451559955569947e-06  5.25963407797197143e-06 -2.08510642311896331e-09  2.86337321288693131e-09  4.00000000000000000e+00 -2.50000000000000000e+00  1.65000000000000013e+00 -1.00000000000000006e-01  1.60000000000000009e+00 -8.00000000000000044e-01  2.30000000000000027e+00
 1.88279999999999513e-07  9.91564797335829138e-06 -9.10492704149960396e-04  7.68763253929068634e-04 -1.24338653069324762e-04 -1.30451559876830844e-06  5.25963407704293044e-06 -2.08510645950085481e-09  2.86337333816788283e-09  4.00000000000000000e+00 -2.50000000000000000e+00  1.65000000000000013e+00 -1.00000000000000006e-01  1.60000000000000009e+00 -8.00000000000000044e-01  2.30000000000000027e+00
 1.89279999999999508e-07  9.91564797249656750e-06 -9.10492704148121047e-04  7.68763253920482837e-04 -1.24338653070553407e-04 -1.30451559841798091e-06  5.25963407612715061e-06 -2.08510652053083143e-09  2.86337341992009905e-09  4.00000000000000000e+00 -2.50000000000000000e+00  1.65000000000000013e+00 -1.00000000000000006e-01  1.60000000000000009e+00 -8.00000000000000044e-01  2.30000000000000027e+00
 1.90279999999999504e-07  9.91564797247632002e-06 -9.10492704140645581e-04  7.68763253906346034e-04 -1.24338653069221139e-04 -1.30451559787735450e-06  5.25963407565129682e-06 -2.08510654666269576e-09  2.86337333876670907e-09  4.00000000000000000e+00 -2.50000000000000000e+00  1.65000000000000013e+00 -1.00000000000000006e-01  1.60000000000000009e+00 -8.00000000000000044e-01  2.30000000000000027e+00
 1.91279999999999500e-07  9.91564797274412812e-06 -9.10492704126064688e-04  7.68763253906271983e-04 -1.24338653067252336e-04 -1.30451559752971588e-06  5.25963407576216496e-06 -2.08510650317872499e-09  2.86337338466622258e-09  4.00000000000000000e+00 -2.50000000000000000e+00  1.65000000000000013e+00 -1.00000000000000006e-01  1.60000000000000009e+00 -8.00000000000000044e-01  2.30000000000000027e+00
 1.92279999999999496e-07  9.91564797372543951e-06 -9.10492704100152039e-04  7.68763253902793320e-04 -1.24338653065920096e-04 -1.30451559811613902e-06  5.25963407634537933e-06 -2.08510648391695630e-09  2.86337336473549763e-09  4.00000000000000000e+00 -2.50000000000000000e+00  1.65000000000000013e+00 -1.00000000000000006e-01  1.60000000000000009e+00 -8.00000000000000044e-01  2.30000000000000027e+00
 1.93279999999999491e-07  9.91564797359080193e-06 -9.10492704112542085e-04  7.68763253901905141e-04 -1.24338653065372384e-04 -1.30451559851824801e-06  5.25963407614237772e-06 -2.08510647886728419e-09  2.86337325847448441e-09  4.00000000000000000e+00 -2.50000000000000000e+00  1.65000000000000013e+00 -1.00000000000000006e-01  1.60000000000000009e+00 -8.00000000000000044e-01  2.30000000000000027e+00
 1.94279999999999487e-07  9.91564797281136560e-06 -9.10492704117900754e-04  7.68763253906346034e-04 -1.24338653066068117e-04 -1.30451559895643911e-06  5.25963407671059622e-06 -2.08510637212870982e-09  2.86337329649723052e-09  4.00000000000000000e+00 -2.50000000000000000e+00  1.65000000000000013e+00 -1.00000000000000006e-01  1.60000000000000009e+00 -8.00000000000000044e-01  2.30000000000000027e+00
 1.95279999999999483e-07  9.91564797228186836e-06 -9.10492704144819976e-04  7.68763253932621348e-04 -1.24338653066897098e-04 -1.30451559882286541e-06  5.25963407785420251e-06 -2.08510642901953296e-09  2.86337316480422097e-09  4.00000000000000000e+00 -2.50000000000000000e+00  1.65000000000000013e+00 -1.00000000000000006e-01  1.60000000000000009e+00 -8.00000000000000044e-01  2.30000000000000027e+00
 1.96279999999999479e-07  9.91564797285578231e-06 -9.10492704151751498e-04  7.68763253937654323e-04 -1.24338653068762251e-04 -1.30451559893900527e-06  5.25963407846605930e-06 -2.08510635730379814e-09  2.86337325958872937e-09  4.00000000000000000e+00 -2.50000000000000000e+00  1.65000000000000013e+00 -1.00000000000000006e-01  1.60000000000000009e+00 -8.00000000000000044e-01  2.30000000000000027e+00
 1.97279999999999474e-07  9.91564797341017723e-06 -9.10492704137655351e-04  7.68763253905679900e-04 -1.24338653070331362e-04 -1.30451559813157810e-06  5.25963407573984479e-06 -2.08510657709448314e-09  2.86337348624156865e-09  4.00000000000000000e+00 -2.50000000000000000e+00  1.65000000000000013e+00 -1.00000000000000006e-01  1.60000000000000009e+00 -8.00000000000000044e-01  2.30000000000000027e+00
 1.98279999999999470e-07  9.91564797345171742e-06 -9.10492704137133525e-04  7.68763253906568078e-04 -1.24338653069606031e-04 -1.30451559820114047e-06  5.25963407472965721e-06 -2.08510661967903271e-09  2.86337352419685074e-09  4.00000000000000000e+00 -2.50000000000000000e+00  1.65000000000000013e+00 -1.00000000000000006e-01  1.60000000000000009e+00 -8.00000000000000044e-01  2.30000000000000027e+00
 1.99279999999999466e-07  9.91564797291360925e-06 -9.10492704126079433e-04  7.68763253900942912e-04 -1.24338653066941496e-04 -1.30451559751644520e-06  5.25963407533129793e-06 -2.08510659767521323e-09  2.86337331443685977e-09  4.00000000000000000e+00 -2.50000000000000000e+00  1.65000000000000013e+00 -1.00000000000000006e-01  1.60000000000000009e+00 -8.00000000000000044e-01  2.30000000000000027e+00
 2.00279999999999461e-07  9.91564797304819770e-06 -9.10492704114355521e-04  7.68763253888878561e-04 -1.24338653063862470e-04 -1.30451559753934346e-06  5.25963407669529203e-06 -2.08510642831638643e-09  2.86337330974123254e-09  4.00000000000000000e+00 -2.50000000000000000e+00  1.65000000000000013e+00 -1.00000000000000006e-01  1.60000000000000009e+00 -8.00000000000000044e-01  2.30000000000000027e+00
 2.01279999999999457e-07  9.91564797324234951e-06 -9.10492704115987571e-04  7.68763253884067522e-04 -1.24338653064291760e-04 -1.30451559900050113e-06  5.25963407700823597e-06 -2.08510638843975445e-09  2.86337325383194894e-09  4.00000000000000000e+00 -2.50000000000000000e+00  1.65000000000000013e+00 -1.00000000000000006e-01  1.60000000000000009e+00 -8.00000000000000044e-01  2.30000000000000027e+00
 2.02279999999999453e-07  9.91564797327119945e-06 -9.10492704102509420e-04  7.68763253913673505e-04 -1.24338653066408583e-04 -1.30451559870308288e-06  5.25963407711066174e-06 -2.08510639563576215e-09  2.86337325660130951e-09  4.00000000000000000e+00 -2.50000000000000000e+00  1.65000000000000013e+00 -1.00000000000000006e-01  1.60000000000000009e+00 -8.00000000000000044e-01  2.30000000000000027e+00
 2.03279999999999449e-07  9.91564797320849191e-06 -9.10492704144801545e-04  7.68763253936174062e-04 -1.24338653068110916e-04 -1.30451559935733367e-06  5.25963407789822620e-06 -2.08510646391370787e-09  2.86337317936466812e-09  4.00000000000000000e+00 -2.50000000000000000e+00  1.65000000000000013e+00 -1.00000000000000006e-01  1.60000000000000009e+00 -8.00000000000000044e-01  2.30000000000000027e+00
 2.04279999999999444e-07  9.91564797249590681e-06 -9.10492704160825728e-04  7.68763253916412092e-04 -1.24338653069458010e-04 -1.30451559874471624e-06  5.25963407713683675e-06 -2.08510644155867578e-09  2.86337322969956999e-09  4.00000000000000000e+00 -2.50000000000000000e+00  1.65000000000000013e+00 -1.00000000000000006e-01  1.60000000000000009e+00 -8.00000000000000044e-01  2.30000000000000027e+00
 2.05279999999999440e-07  9.91564797233066932e-06 -9.10492704136800458e-04  7.68763253902497224e-04 -1.24338653069102717e-04 -1.30451559776104121e-06  5.25963407575171765e-06 -2.08510648571905819e-09  2.86337350231124529e-09  4.00000000000000000e+00 -2.50000000000000000e+00  1.65000000000000013e+00 -1.00000000000000006e-01  1.60000000000000009e+00 -8.00000000000000044e-01  2.30000000000000027e+00
 2.06279999999999436e-07  9.91564797284763894e-06 -9.10492704142229492e-04  7.68763253898352428e-04 -1.24338653067859300e-04 -1.30451559825717212e-06  5.25963407554012035e-06 -2.08510656061596917e-09  2.86337342273469027e-09  4.00000000000000000e+00 -2.50000000000000000e+00  1.65000000000000013e+00 -1.00000000000000006e-01  1.60000000000000009e+00 -8.00000000000000044e-01  2.30000000000000027e+00
 2.07279999999999431e-07  9.91564797335592647e-06 -9.10492704130401930e-04  7.68763253895613841e-04 -1.24338653065816473e-04 -1.30451559765192706e-06  5.25963407617391106e-06 -2.08510650185985333e-09  2.86337331669921612e-09  4.00000000000000000e+00 -2.50000000000000000e+00  1.65000000000000013e+00 -1.00000000000000006e-01  1.60000000000000009e+00 -8.00000000000000044e-01  2.30000000000000027e+00
 2.08279999999999427e-07  9.91564797370814648e-06 -9.10492704107945827e-04  7.68763253906568078e-04 -1.24338653065135540e-04 -1.30451559813331283e-06  5.25963407617969376e-06 -2.08510646720107376e-09  2.86337333268907603e-09  4.00000000000000000e+00 -2.50000000000000000e+00  1.65000000000000013e+00 -1.00000000000000006e-01  1.60000000000000009e+00 -8.00000000000000044e-01  2.30000000000000027e+00
 2.09279999999999423e-07  9.91564797345870036e-06 -9.10492704125576147e-04  7.68763253903089415e-04 -1.24338653066452981e-04 -1.30451559885157517e-06  5.25963407759268362e-06 -2.08510640640416645e-09  2.86337333756790557e-09  4.00000000000000000e+00 -2.50000000000000000e+00  1.65000000000000013e+00 -1.00000000000000006e-01  1.60000000000000009e+00 -8.00000000000000044e-01  2.30000000000000027e+00
 2.10279999999999419e-07  9.91564797290781893e-06 -9.10492704118862984e-04  7.68763253909010569e-04 -1.24338653067755650e-04 -1.30451559864522968e-06  5.25963407642509868e-06 -2.08510647685121218e-09  2.86337330979970056e-09  4.00000000000000000e+00 -2.50000000000000000e+00  1.65000000000000013e+00 -1.00000000000000006e-01  1.60000000000000009e+00 -8.00000000000000044e-01  2.30000000000000027e+00
 2.11279999999999414e-07  9.91564797242396322e-06 -9.10492704107464658e-04  7.68763253909010569e-04 -1.24338653067992494e-04 -1.30451559857410602e-06  5.25963407637768347e-06 -2.08510652446415176e-09  2.86337323477403023e-09  4.00000000000000000e+00 -2.50000000000000000e+00  1.65000000000000013e+00 -1.00000000000000006e-01  1.60000000000000009e+00 -8.00000000000000044e-01  2.30000000000000027e+00
 2.12279999999999410e-07  9.91564797277119591e-06 -9.10492704129806053e-04  7.68763253903089415e-04 -1.24338653066763849e-04 -1.30451559808985813e-06  5.25963407639981051e-06 -2.08510649248196611e-09  2.86337329906519867e-09  4.00000000000000000e+00 -2.50000000000000000e+00  1.65000000000000013e+00 -1.00000000000000006e-01  1.60000000000000009e+00 -8.00000000000000044e-01  2.30000000000000027e+00
 2.13279999999999406e-07  9.91564797329604632e-06 -9.10492704123248365e-04  7.68763253892357223e-04 -1.24338653067000693e-04 -1.30451559863273976e-06  5.25963407660520160e-06 -2.08510638431347853e-09  2.86337330981093740e-09  4.00000000000000000e+00 -2.50000000000000000e+00  1.65000000000000013e+00 -1.00000000000000006e-01  1.60000000000000009e+00 -8.00000000000000044e-01  2.30000000000000027e+00
 2.14279999999999401e-07  9.91564797327806042e-06 -9.10492704126075747e-04  7.68763253899240606e-04 -1.24338653067296762e-04 -1.30451559824251380e-06  5.25963407663075998e-06 -2.08510650361745704e-09  2.86337335475090155e-09  4.00000000000000000e+00 -2.50000000000000000e+00  1.65000000000000013e+00 -1.00000000000000006e-01  1.60000000000000009e+00 -8.00000000000000044e-01  2.30000000000000027e+00
 2.15279999999999397e-07  9.91564797344289473e-06 -9.10492704133269970e-04  7.68763253938542501e-04 -1.24338653066245736e-04 -1.30451559796686619e-06  5.25963407756766481e-06 -2.08510639847375389e-09  2.86337327629975471e-09  4.00000000000000000e+00 -2.50000000000000000e+00  1.65000000000000013e+00 -1.00000000000000006e-01  1.60000000000000009e+00 -8.00000000000000044e-01  2.30000000000000027e+00
 2.16279999999999393e-07  9.91564797317825114e-06 -9.10492704129354591e-04  7.68763253931437074e-04 -1.24338653067592830e-04 -1.30451559905861437e-06  5.25963407690103040e-06 -2.08510644549200148e-09  2.86337328405065914e-09  4.00000000000000000e+00 -2.50000000000000000e+00  1.65000000000000013e+00 -1.00000000000000006e-01  1.60000000000000009e+00 -8.00000000000000044e-01  2.30000000000000027e+00
 2.17279999999999389e-07  9.91564797293523231e-06 -9.10492704131915477e-04  7.68763253915819901e-04 -1.24338653069694854e-04 -1.30451559862606111e-06  5.25963407561051133e-06 -2.08510653744657900e-09  2.86337347145778812e-09  4.00000000000000000e+00 -2.50000000000000000e+00  1.65000000000000013e+00 -1.00000000000000006e-01  1.60000000000000009e+00 -8.00000000000000044e-01  2.30000000000000027e+00
 2.18279999999999384e-07  9.91564797278616637e-06 -9.10492704122922670e-04  7.68763253905457855e-04 -1.24338653067770450e-04 -1.30451559795376895e-06  5.25963407505921655e-06 -2.08510659017109110e-09  2.86337330531923748e-09  4.00000000000000000e+00 -2.50000000000000000e+00  1.65000000000000013e+00 -1.00000000000000006e-01  1.60000000000000009e+00 -8.00000000000000044e-01  2.30000000000000027e+00
 2.19279999999999380e-07  9.91564797316983163e-06 -9.10492704131438103e-04  7.68763253894799714e-04 -1.24338653064839472e-04 -1.30451559785046629e-06  5.25963407696667969e-06 -2.08510645192954370e-09  2.86337315853840848e-09  4.00000000000000000e+00 -2.50000000000000000e+00  1.65000000000000013e+00 -1.00000000000000006e-01  1.60000000000000009e+00 -8.00000000000000044e-01  2.30000000000000027e+00
 2.20279999999999376e-07  9.91564797308658354e-06 -9.10492704129206598e-04  7.68763253887916331e-04 -1.24338653064869070e-04 -1.30451559843246602e-06  5.25963407713525619e-06 -2.08510641666376286e-09  2.86337328191428323e-09  4.00000000000000000e+00 -2.50000000000000000e+00  1.65000000000000013e+00 -1.00000000000000006e-01  1.60000000000000009e+00 -8.00000000000000044e-01  2.30000000000000027e+00
 2.21279999999999372e-07  9.91564797303821796e-06 -9.10492704138032871e-04  7.68763253927588265e-04 -1.24338653066734250e-04 -1.30451559889555036e-06  5.25963407779580043e-06 -2.08510640562410659e-09  2.86337330731722401e-09  4.00000000000000000e+00 -2.50000000000000000e+00  1.65000000000000013e+00 -1.00000000000000006e-01  1.60000000000000009e+00 -8.00000000000000044e-01  2.30000000000000027e+00
 2.22279999999999367e-07  9.91564797372847697e-06 -9.10492704144590559e-04  7.68763253931437074e-04 -1.24338653068614230e-04 -1.30451559868651618e-06  5.25963407696317213e-06 -2.08510649193832646e-09  2.86337339546393514e-09  4.00000000000000000e+00 -2.50000000000000000e+00  1.65000000000000013e+00 -1.00000000000000006e-01  1.60000000000000009e+00 -8.00000000000000044e-01  2.30000000000000027e+00
 2.23279999999999363e-07  9.91564797377733213e-06 -9.10492704122230624e-04  7.68763253906049938e-04 -1.24338653069606031e-04 -1.30451559858000412e-06  5.25963407589604699e-06 -2.08510651949716792e-09  2.86337340511728922e-09  4.00000000000000000e+00 -2.50000000000000000e+00  1.65000000000000013e+00 -1.00000000000000006e-01  1.60000000000000009e+00 -8.00000000000000044e-01  2.30000000000000027e+00
 2.24279999999999359e-07  9.91564797263082730e-06 -9.10492704135164722e-04  7.68763253899240606e-04 -1.24338653068392185e-04 -1.30451559804744401e-06  5.25963407557874675e-06 -2.08510649673405703e-09  2.86337332216441249e-09  4.00000000000000000e+00 -2.50000000000000000e+00  1.65000000000000013e+00 -1.00000000000000006e-01  1.60000000000000009e+00 -8.00000000000000044e-01  2.30000000000000027e+00
 2.25279999999999354e-07  9.91564797237236536e-06 -9.10492704132574238e-04  7.68763253891469045e-04 -1.24338653066438182e-04 -1.30451559786338989e-06  5.25963407640886953e-06 -2.08510649167474205e-09  2.86337331564571020e-09  4.00000000000000000e+00 -2.50000000000000000e+00  1.65000000000000013e+00 -1.00000000000000006e-01  1.60000000000000009e+00 -8.00000000000000044e-01  2.30000000000000027e+00
 2.26279999999999350e-07  9.91564797289677532e-06 -9.10492704108689698e-04  7.68763253891247000e-04 -1.24338653065461207e-04 -1.30451559779599593e-06  5.25963407633489306e-06 -2.08510646555320962e-09  2.86337335795125755e-09  4.00000000000000000e+00 -2.50000000000000000e+00  1.65000000000000013e+00 -1.00000000000000006e-01  1.60000000000000009e+00 -8.00000000000000044e-01  2.30000000000000027e+00
 2.27279999999999346e-07  9.91564797326372185e-06 -9.10492704103419825e-04  7.68763253926478042e-04 -1.24338653065742422e-04 -1.30451559890092796e-06  5.25963407612514653e-06 -2.08510647941791971e-09  2.86337329181031639e-09  4.00000000000000000e+00 -2.50000000000000000e+00  1.65000000000000013e+00 -1.00000000000000006e-01  1.60000000000000009e+00 -8.00000000000000044e-01  2.30000000000000027e+00
 2.28279999999999342e-07  9.91564797335489647e-06 -9.10492704118111740e-04  7.68763253923221423e-04 -1.24338653067133914e-04 -1.30451559898410808e-06  5.25963407773388995e-06 -2.08510640232628390e-09  2.86337319061338725e-09  4.00000000000000000e+00 -2.50000000000000000e+00  1.65000000000000013e+00 -1.00000000000000006e-01  1.60000000000000009e+00 -8.00000000000000044e-01  2.30000000000000027e+00
 2.29279999999999337e-07  9.91564797302818740e-06 -9.10492704118241302e-04  7.68763253924405698e-04 -1.24338653067385585e-04 -1.30451559838649584e-06  5.25963407760351633e-06 -2.08510643194520172e-09  2.86337321617312467e-09  4.00000000000000000e+00 -2.50000000000000000e+00  1.65000000000000013e+00 -1.00000000000000006e-01  1.60000000000000009e+00 -8.00000000000000044e-01  2.30000000000000027e+00
 2.30279999999999333e-07  9.91564797238765939e-06 -9.10492704152132703e-04  7.68763253945425884e-04 -1.24338653069191540e-04 -1.30451559866153612e-06  5.25963407720584029e-06 -2.08510645099434570e-09  2.86337341283583105e-09  4.00000000000000000e+00 -2.50000000000000000e+00  1.65000000000000013e+00 -1.00000000000000006e-01  1.60000000000000009e+00 -8.00000000000000044e-01  2.30000000000000027e+00
 2.31279999999999329e-07  9.91564797245372287e-06 -9.10492704143817089e-04  7.68763253917522315e-04 -1.24338653070434985e-04 -1.30451559870672576e-06  5.25963407612742081e-06 -2.08510653945488461e-09  2.86337339048717031e-09  4.00000000000000000e+00 -2.50000000000000000e+00  1.65000000000000013e+00 -1.00000000000000006e-01  1.60000000000000009e+00 -8.00000000000000044e-01  2.30000000000000027e+00
 2.32279999999999324e-07  9.91564797275581548e-06 -9.10492704136789399e-04  7.68763253905679900e-04 -1.24338653069531980e-04 -1.30451559799540231e-06  5.25963407573845735e-06 -2.08510656377296354e-09  2.86337336864047048e-09  4.00000000000000000e+00 -2.50000000000000000e+00  1.65000000000000013e+00 -1.00000000000000006e-01  1.60000000000000009e+00 -8.00000000000000044e-01  2.30000000000000027e+00
 2.33279999999999320e-07  9.91564797365025856e-06 -9.10492704127296992e-04  7.68763253895983988e-04 -1.24338653066971122e-04 -1.30451559747047503e-06  5.25963407574223512e-06 -2.08510650521020447e-09  2.86337336040747401e-09  4.00000000000000000e+00 -2.50000000000000000e+00  1.65000000000000013e+00 -1.00000000000000006e-01  1.60000000000000009e+00 -8.00000000000000044e-01  2.30000000000000027e+00
 2.34279999999999316e-07  9.91564797417854115e-06 -9.10492704110973028e-04  7.68763253891469045e-04 -1.24338653064839472e-04 -1.30451559842804239e-06  5.25963407617452770e-06 -2.08510648311917079e-09  2.86337335031524188e-09  4.00000000000000000e+00 -2.50000000000000000e+00  1.65000000000000013e+00 -1.00000000000000006e-01  1.60000000000000009e+00 -8.00000000000000044e-01  2.30000000000000027e+00
 2.35279999999999312e-07  9.91564797374644084e-06 -9.10492704096540128e-04  7.68763253906346034e-04 -1.24338653065017091e-04 -1.30451559822768182e-06  5.25963407628743889e-06 -2.08510641086330440e-09  2.86337328752576070e-09  4.00000000000000000e+00 -2.50000000000000000e+00  1.65000000000000013e+00 -1.00000000000000006e-01  1.60000000000000009e+00 -8.00000000000000044e-01  2.30000000000000027e+00
 2.36279999999999307e-07  9.91564797291289944e-06 -9.10492704106287865e-04  7.68763253902793320e-04 -1.24338653066808274e-04 -1.30451559852180427e-06  5.25963407634908002e-06 -2.08510646581466446e-09  2.86337329762092064e-09  4.00000000000000000e+00 -2.50000000000000000e+00  1.65000000000000013e+00 -1.00000000000000006e-01  1.60000000000000009e+00 -8.00000000000000044e-01  2.30000000000000027e+00
 2.37279999999999303e-07  9.91564797186486388e-06 -9.10492704105751293e-04  7.68763253908714473e-04 -1.24338653067296762e-04 -1.30451559879693138e-06  5.25963407708861178e-06 -2.08510646867476261e-09  2.86337315066406181e-09  4.00000000000000000e+00 -2.50000000000000000e+00  1.65000000000000013e+00 -1.00000000000000006e-01  1.60000000000000009e+00 -8.00000000000000044e-01  2.30000000000000027e+00
 2.38279999999999299e-07  9.91564797175840708e-06 -9.10492704144827457e-04  7.68763253908714473e-04 -1.24338653067178340e-04 -1.30451559863638263e-06  5.25963407756716422e-06 -2.08510640761167230e-09  2.86337319982031858e-09  4.00000000000000000e+00 -2.50000000000000000e+00  1.65000000000000013e+00 -1.00000000000000006e-01  1.60000000000000009e+00 -8.00000000000000044e-01  2.30000000000000027e+00
 2.39279999999999321e-07  9.91564797296097703e-06 -9.10492704137348197e-04  7.68763253924331647e-04 -1.24338653067740851e-04 -1.30451559855302930e-06  5.25963407685203378e-06 -2.08510651288404711e-09  2.86337348896360788e-09  4.00000000000000000e+00 -2.50000000000000000e+00  1.65000000000000013e+00 -1.00000000000000006e-01  1.60000000000000009e+00 -8.00000000000000044e-01  2.30000000000000027e+00
 2.40279999999999343e-07  9.91564797391412795e-06 -9.10492704120735618e-04  7.68763253906271983e-04 -1.24338653067652028e-04 -1.30451559805594420e-06  5.25963407580472328e-06 -2.08510657025089119e-09  2.86337345029031152e-09  4.00000000000000000e+00 -2.50000000000000000e+00  1.65000000000000013e+00 -1.00000000000000006e-01  1.60000000000000009e+00 -8.00000000000000044e-01  2.30000000000000027e+00
 2.41279999999999365e-07  9.91564797409071738e-06 -9.10492704102524165e-04  7.68763253917226219e-04 -1.24338653067459609e-04 -1.30451559777778133e-06  5.25963407570198920e-06 -2.08510652996450620e-09  2.86337339139366183e-09  4.00000000000000000e+00 -2.50000000000000000e+00  1.65000000000000013e+00 -1.00000000000000006e-01  1.60000000000000009e+00 -8.00000000000000044e-01  2.30000000000000027e+00
 2.42279999999999388e-07  9.91564797396924269e-06 -9.10492704107290752e-04  7.68763253918114398e-04 -1.24338653066482607e-04 -1.30451559826150893e-06  5.25963407575746223e-06 -2.08510642170483064e-09  2.86337326852906369e-09  4.00000000000000000e+00 -2.50000000000000000e+00  1.65000000000000013e+00 -1.00000000000000006e-01  1.60000000000000009e+00 -8.00000000000000044e-01  2.30000000000000027e+00
 2.43279999999999410e-07  9.91564797283623787e-06 -9.10492704107024363e-04  7.68763253901609046e-04 -1.24338653066008892e-04 -1.30451559868391410e-06  5.25963407640817581e-06 -2.08510645853544943e-09  2.86337323042336088e-09  4.00000000000000000e+00 -2.50000000000000000e+00  1.65000000000000013e+00 -1.00000000000000006e-01  1.60000000000000009e+00 -8.00000000000000044e-01  2.30000000000000027e+00
 2.44279999999999432e-07  9.91564797204123985e-06 -9.10492704119284847e-04  7.68763253895021759e-04 -1.24338653065372357e-04 -1.30451559826012107e-06  5.25963407789394699e-06 -2.08510637800033518e-09  2.86337319159387504e-09  4.00000000000000000e+00 -2.50000000000000000e+00  1.65000000000000013e+00 -1.00000000000000006e-01  1.60000000000000009e+00 -8.00000000000000044e-01  2.30000000000000027e+00
 2.45279999999999454e-07  9.91564797218077837e-06 -9.10492704146692610e-04  7.68763253925219825e-04 -1.24338653066793475e-04 -1.30451559921248426e-06  5.25963407775208506e-06 -2.08510637557865309e-09  2.86337323949165426e-09  4.00000000000000000e+00 -2.50000000000000000e+00  1.65000000000000013e+00 -1.00000000000000006e-01  1.60000000000000009e+00 -8.00000000000000044e-01  2.30000000000000027e+00
 2.46279999999999476e-07  9.91564797311625002e-06 -9.10492704127219255e-04  7.68763253927884360e-04 -1.24338653069606031e-04 -1.30451559872919034e-06  5.25963407655782451e-06 -2.08510651334151190e-09  2.86337346996250655e-09  4.00000000000000000e+00 -2.50000000000000000e+00  1.65000000000000013e+00 -1.00000000000000006e-01  1.60000000000000009e+00 -8.00000000000000044e-01  2.30000000000000027e+00
 2.47279999999999498e-07  9.91564797374929704e-06 -9.10492704143191721e-04  7.68763253931437074e-04 -1.24338653069339561e-04 -1.30451559831996903e-06  5.25963407600668389e-06 -2.08510662904837930e-09  2.86337337978026399e-09  4.00000000000000000e+00 -2.50000000000000000e+00  1.65000000000000013e+00 -1.00000000000000006e-01  1.60000000000000009e+00 -8.00000000000000044e-01  2.30000000000000027e+00
 2.48279999999999521e-07  9.91564797352864157e-06 -9.10492704126453266e-04  7.68763253908714473e-04 -1.24338653068244137e-04 -1.30451559749762349e-06  5.25963407531025001e-06 -2.08510654364022660e-09  2.86337342570566371e-09  4.00000000000000000e+00 -2.50000000000000000e+00  1.65000000000000013e+00 -1.00000000000000006e-01  1.60000000000000009e+00 -8.00000000000000044e-01  2.30000000000000027e+00
 2.49279999999999543e-07  9.91564797280563118e-06 -9.10492704110088535e-04  7.68763253893837485e-04 -1.24338653065624027e-04 -1.30451559771246895e-06  5.25963407502263320e-06 -2.08510648752902780e-09  2.86337334386904942e-09  4.00000000000000000e+00 -2.50000000000000000e+00  1.65000000000000013e+00 -1.00000000000000006e-01  1.60000000000000009e+00 -8.00000000000000044e-01  2.30000000000000027e+00
 2.50279999999999565e-07  9.91564797284480646e-06 -9.10492704099641380e-04  7.68763253892357223e-04 -1.24338653063566429e-04 -1.30451559869900611e-06  5.25963407717831595e-06 -2.08510639926520733e-09  2.86337325952235764e-09  4.00000000000000000e+00 -2.50000000000000000e+00  1.65000000000000013e+00 -1.00000000000000006e-01  1.60000000000000009e+00 -8.00000000000000044e-01  2.30000000000000027e+00
 2.51279999999999587e-07  9.91564797360314997e-06 -9.10492704126634545e-04  7.68763253911008970e-04 -1.24338653064395382e-04 -1.30451559898757753e-06  5.25963407913392784e-06 -2.08510623611766776e-09  2.86337306650766955e-09  4.00000000000000000e+00 -2.50000000000000000e+00  1.65000000000000013e+00 -1.00000000000000006e-01  1.60000000000000009e+00 -8.00000000000000044e-01  2.30000000000000027e+00
 2.52279999999999609e-07  9.91564797410665007e-06 -9.10492704145382569e-04  7.68763253939134584e-04 -1.24338653068229338e-04 -1.30451559906746142e-06  5.25963407748108280e-06 -2.08510644848487494e-09  2.86337327963214858e-09  4.00000000000000000e+00 -2.50000000000000000e+00  1.65000000000000013e+00 -1.00000000000000006e-01  1.60000000000000009e+00 -8.00000000000000044e-01  2.30000000000000027e+00
 2.53279999999999632e-07  9.91564797340125798e-06 -9.10492704166587829e-04  7.68763253924627742e-04 -1.24338653070716254e-04 -1.30451559888028471e-06  5.25963407671325590e-06 -2.08510655146523898e-09  2.86337344172031216e-09  4.00000000000000000e+00 -2.50000000000000000e+00  1.65000000000000013e+00 -1.00000000000000006e-01  1.60000000000000009e+00 -8.00000000000000044e-01  2.30000000000000027e+00
 2.54279999999999654e-07  9.91564797244641129e-06 -9.10492704158109368e-04  7.68763253928772539e-04 -1.24338653071160343e-04 -1.30451559855493745e-06  5.25963407608756029e-06 -2.08510654828666554e-09  2.86337341335748837e-09  4.00000000000000000e+00 -2.50000000000000000e+00  1.65000000000000013e+00 -1.00000000000000006e-01  1.60000000000000009e+00 -8.00000000000000044e-01  2.30000000000000027e+00
 2.55279999999999676e-07  9.91564797247513926e-06 -9.10492704135064867e-04  7.68763253911601053e-04 -1.24338653069087918e-04 -1.30451559704919747e-06  5.25963407501345814e-06 -2.08510657394247708e-09  2.86337341108436213e-09  4.00000000000000000e+00 -2.50000000000000000e+00  1.65000000000000013e+00 -1.00000000000000006e-01  1.60000000000000009e+00 -8.00000000000000044e-01  2.30000000000000027e+00
 2.56279999999999698e-07  9.91564797344297604e-06 -9.10492704104581873e-04  7.68763253897390198e-04 -1.24338653065505605e-04 -1.30451559768159079e-06  5.25963407480829829e-06 -2.08510657622051719e-09  2.86337333866888751e-09  4.00000000000000000e+00 -2.50000000000000000e+00  1.65000000000000013e+00 -1.00000000000000006e-01  1.60000000000000009e+00 -8.00000000000000044e-01  2.30000000000000027e+00
 2.57279999999999720e-07  9.91564797411477143e-06 -9.10492704106806005e-04  7.68763253905161759e-04 -1.24338653064217736e-04 -1.30451559878556885e-06  5.25963407794841798e-06 -2.08510630063492410e-09  2.86337328286117053e-09  4.00000000000000000e+00 -2.50000000000000000e+00  1.65000000000000013e+00 -1.00000000000000006e-01  1.60000000000000009e+00 -8.00000000000000044e-01  2.30000000000000027e+00
 2.58279999999999743e-07  9.91564797336522181e-06 -9.10492704129073349e-04  7.68763253916115996e-04 -1.24338653066334559e-04 -1.30451559863308662e-06  5.25963407736905846e-06 -2.08510639187794225e-09  2.86337323109426516e-09  4.00000000000000000e+00 -2.50000000000000000e+00  1.65000000000000013e+00 -1.00000000000000006e-01  1.60000000000000009e+00 -8.00000000000000044e-01  2.30000000000000027e+00
 2.59279999999999765e-07  9.91564797274133291e-06 -9.10492704125032094e-04  7.68763253931437074e-04 -1.24338653069250765e-04 -1.30451559863273976e-06  5.25963407635247238e-06 -2.08510652959948380e-09  2.86337332758881396e-09  4.00000000000000000e+00 -2.50000000000000000e+00  1.65000000000000013e+00 -1.00000000000000006e-01  1.60000000000000009e+00 -8.00000000000000044e-01  2.30000000000000027e+00
 2.60279999999999787e-07  9.91564797235067962e-06 -9.10492704119762329e-04  7.68763253920186850e-04 -1.24338653068066518e-04 -1.30451559828180511e-06  5.25963407550704456e-06 -2.08510659176480013e-09  2.86337330696251779e-09  4.00000000000000000e+00 -2.50000000000000000e+00  1.65000000000000013e+00 -1.00000000000000006e-01  1.60000000000000009e+00 -8.00000000000000044e-01  2.30000000000000027e+00
 2.61279999999999809e-07  9.91564797279473665e-06 -9.10492704136678377e-04  7.68763253918114398e-04 -1.24338653067489180e-04 -1.30451559864176023e-06  5.25963407719651107e-06 -2.08510647752247338e-09  2.86337326061227894e-09  4.00000000000000000e+00 -2.50000000000000000e+00  1.65000000000000013e+00 -1.00000000000000006e-01  1.60000000000000009e+00 -8.00000000000000044e-01  2.30000000000000027e+00
 2.62279999999999831e-07  9.91564797368955242e-06 -9.10492704128103747e-04  7.68763253922925328e-04 -1.24338653067207938e-04 -1.30451559822533999e-06  5.25963407690099144e-06 -2.08510637555714433e-09  2.86337327532557831e-09  4.00000000000000000e+00 -2.50000000000000000e+00  1.65000000000000013e+00 -1.00000000000000006e-01  1.60000000000000009e+00 -8.00000000000000044e-01  2.30000000000000027e+00
 2.63279999999999853e-07  9.91564797409521682e-06 -9.10492704124673115e-04  7.68763253905161759e-04 -1.24338653067666854e-04 -1.30451559858182566e-06  5.25963407693460679e-06 -2.08510644345775425e-09  2.86337338955030183e-09  4.00000000000000000e+00 -2.50000000000000000e+00  1.65000000000000013e+00 -1.00000000000000006e-01  1.60000000000000009e+00 -8.00000000000000044e-01  2.30000000000000027e+00
 2.64279999999999876e-07  9.91564797348844985e-06 -9.10492704124669428e-04  7.68763253895095810e-04 -1.24338653067133914e-04 -1.30451559772920908e-06  5.25963407538195220e-06 -2.08510655045785459e-09  2.86337343756711440e-09  4.00000000000000000e+00 -2.50000000000000000e+00  1.65000000000000013e+00 -1.00000000000000006e-01  1.60000000000000009e+00 -8.00000000000000044e-01  2.30000000000000027e+00
 2.65279999999999898e-07  9.91564797304359831e-06 -9.10492704112860407e-04  7.68763253899462651e-04 -1.24338653066408556e-04 -1.30451559821727348e-06  5.25963407613763603e-06 -2.08510649341758596e-09  2.86337328847876831e-09  4.00000000000000000e+00 -2.50000000000000000e+00  1.65000000000000013e+00 -1.00000000000000006e-01  1.60000000000000009e+00 -8.00000000000000044e-01  2.30000000000000027e+00
 2.66279999999999920e-07  9.91564797319775323e-06 -9.10492704115262131e-04  7.68763253901905141e-04 -1.24338653066808247e-04 -1.30451559813834357e-06  5.25963407606350540e-06 -2.08510646982122005e-09  2.86337332157226242e-09  4.00000000000000000e+00 -2.50000000000000000e+00  1.65000000000000013e+00 -1.00000000000000006e-01  1.60000000000000009e+00 -8.00000000000000044e-01  2.30000000000000027e+00
 2.67279999999999942e-07  9.91564797372468057e-06 -9.10492704113341467e-04  7.68763253916930124e-04 -1.24338653066911897e-04 -1.30451559892616827e-06  5.25963407739396123e-06 -2.08510639048893519e-09  2.86337326099902103e-09  4.00000000000000000e+00 -2.50000000000000000e+00  1.65000000000000013e+00 -1.00000000000000006e-01  1.60000000000000009e+00 -8.00000000000000044e-01  2.30000000000000027e+00
 2.68279999999999964e-07  9.91564797376420651e-06 -9.10492704126320018e-04  7.68763253926774137e-04 -1.24338653066660227e-04 -1.30451559884533020e-06  5.25963407715564935e-06 -2.08510645237565089e-09  2.86337328207554705e-09  4.00000000000000000e+00 -2.50000000000000000e+00  1.65000000000000013e+00 -1.00000000000000006e-01  1.60000000000000009e+00 -8.00000000000000044e-01  2.30000000000000027e+00
 2.69279999999999987e-07  9.91564797302946472e-06 -9.10492704156122133e-04  7.68763253927588265e-04 -1.24338653067859273e-04 -1.30451559858269303e-06  5.25963407697250050e-06 -2.08510651646500173e-09  2.86337327190081110e-09  4.00000000000000000e+00 -2.50000000000000000e+00  1.65000000000000013e+00 -1.00000000000000006e-01  1.60000000000000009e+00 -8.00000000000000044e-01  2.30000000000000027e+00
 2.70280000000000009e-07  9.91564797291120876e-06 -9.10492704134476471e-04  7.68763253910120792e-04 -1.24338653068066491e-04 -1.30451559748990385e-06  5.25963407534398056e-06 -2.08510650216604168e-09  2.86337342720066073e-09  4.00000000000000000e+00 -2.50000000000000000e+00  1.65000000000000013e+00 -1.00000000000000006e-01  1.60000000000000009e+00 -8.00000000000000044e-01  2.30000000000000027e+00
 2.71280000000000031e-07  9.91564797298322350e-06 -9.10492704125624285e-04  7.68763253909010569e-04 -1.24338653068258964e-04 -1.30451559882355934e-06  5.25963407629861888e-06 -2.08510647320711101e-09  2.86337337710913029e-09  4.00000000000000000e+00 -2.50000000000000000e+00  1.65000000000000013e+00 -1.00000000000000006e-01  1.60000000000000009e+00 -8.00000000000000044e-01  2.30000000000000027e+00
 2.72280000000000053e-07  9.91564797304651719e-06 -9.10492704135468190e-04  7.68763253899462651e-04 -1.24338653066364158e-04 -1.30451559792592676e-06  5.25963407731281462e-06 -2.08510642100775892e-09  2.86337334299904774e-09  4.00000000000000000e+00 -2.50000000000000000e+00  1.65000000000000013e+00 -1.00000000000000006e-01  1.60000000000000009e+00 -8.00000000000000044e-01  2.30000000000000027e+00
 2.73280000000000075e-07  9.91564797305061683e-06 -9.10492704125861075e-04  7.68763253917226219e-04 -1.24338653066882271e-04 -1.30451559890431080e-06  5.25963407643889939e-06 -2.08510649028875792e-09  2.86337332208468675e-09  4.00000000000000000e+00 -2.50000000000000000e+00  1.65000000000000013e+00 -1.00000000000000006e-01  1.60000000000000009e+00 -8.00000000000000044e-01  2.30000000000000027e+00
 2.74280000000000098e-07  9.91564797295208487e-06 -9.10492704130564778e-04  7.68763253924035551e-04 -1.24338653067859273e-04 -1.30451559822941655e-06  5.25963407617522142e-06 -2.08510651487970264e-09  2.86337337391473206e-09  4.00000000000000000e+00 -2.50000000000000000e+00  1.65000000000000013e+00 -1.00000000000000006e-01  1.60000000000000009e+00 -8.00000000000000044e-01  2.30000000000000027e+00
 2.75280000000000120e-07  9.91564797344689272e-06 -9.10492704109725870e-04  7.68763253903015364e-04 -1.24338653067504007e-04 -1.30451559797215697e-06  5.25963407635651951e-06 -2.08510649040306601e-09  2.86337323318922538e-09  4.00000000000000000e+00 -2.50000000000000000e+00  1.65000000000000013e+00 -1.00000000000000006e-01  1.60000000000000009e+00 -8.00000000000000044e-01  2.30000000000000027e+00
 2.76280000000000142e-07  9.91564797375998151e-06 -9.10492704121923470e-04  7.68763253894725663e-04 -1.24338653066793448e-04 -1.30451559817043595e-06  5.25963407669513787e-06 -2.08510639522473403e-09  2.86337331818480148e-09  4.00000000000000000e+00 -2.50000000000000000e+00  1.65000000000000013e+00 -1.00000000000000006e-01  1.60000000000000009e+00 -8.00000000000000044e-01  2.30000000000000027e+00
 2.77280000000000164e-07  9.91564797285972101e-06 -9.10492704115173335e-04  7.68763253909898747e-04 -1.24338653066304961e-04 -1.30451559856708052e-06  5.25963407544459452e-06 -2.08510653788239193e-09  2.86337331699173158e-09  4.00000000000000000e+00 -2.50000000000000000e+00  1.65000000000000013e+00 -1.00000000000000006e-01  1.60000000000000009e+00 -8.00000000000000044e-01  2.30000000000000027e+00
 2.78280000000000186e-07  9.91564797255601057e-06 -9.10492704116742501e-04  7.68763253898352428e-04 -1.24338653066082916e-04 -1.30451559846048163e-06  5.25963407660207944e-06 -2.08510651642403396e-09  2.86337331361122102e-09  4.00000000000000000e+00 -2.50000000000000000e+00  1.65000000000000013e+00 -1.00000000000000006e-01  1.60000000000000009e+00 -8.00000000000000044e-01  2.30000000000000027e+00
 2.79280000000000209e-07  9.91564797301932065e-06 -9.10492704118244988e-04  7.68763253903015364e-04 -1.24338653065594429e-04 -1.30451559839196005e-06  5.25963407750999542e-06 -2.08510637176344299e-09  2.86337328752261659e-09  4.00000000000000000e+00 -2.50000000000000000e+00  1.65000000000000013e+00 -1.00000000000000006e-01  1.60000000000000009e+00 -8.00000000000000044e-01  2.30000000000000027e+00
 2.80280000000000231e-07  9.91564797351344071e-06 -9.10492704120720764e-04  7.68763253920778933e-04 -1.24338653067874099e-04 -1.30451559903467510e-06  5.25963407789090190e-06 -2.08510637972759459e-09  2.86337330333684372e-09  4.00000000000000000e+00 -2.50000000000000000e+00  1.65000000000000013e+00 -1.00000000000000006e-01  1.60000000000000009e+00 -8.00000000000000044e-01  2.30000000000000027e+00
 2.81280000000000253e-07  9.91564797373519055e-06 -9.10492704130220543e-04  7.68763253917004175e-04 -1.24338653069857701e-04 -1.30451559852466640e-06  5.25963407620351740e-06 -2.08510655608733027e-09  2.86337337585212884e-09  4.00000000000000000e+00 -2.50000000000000000e+00  1.65000000000000013e+00 -1.00000000000000006e-01  1.60000000000000009e+00 -8.00000000000000044e-01  2.30000000000000027e+00
 2.82280000000000275e-07  9.91564797266792565e-06 -9.10492704112183106e-04  7.68763253899240606e-04 -1.24338653068214539e-04 -1.30451559774803078e-06  5.25963407405519706e-06 -2.08510660616530819e-09  2.86337332113761996e-09  4.00000000000000000e+00 -2.50000000000000000e+00  1.65000000000000013e+00 -1.00000000000000006e-01  1.60000000000000009e+00 -8.00000000000000044e-01  2.30000000000000027e+00
 2.83280000000000297e-07  9.91564797200276084e-06 -9.10492704115839469e-04  7.68763253906049938e-04 -1.24338653065224336e-04 -1.30451559850532440e-06  5.25963407644657097e-06 -2.08510646518700560e-09  2.86337314407624983e-09  4.00000000000000000e+00 -2.50000000000000000e+00  1.65000000000000013e+00 -1.00000000000000006e-01  1.60000000000000009e+00 -8.00000000000000044e-01  2.30000000000000027e+00
 2.84280000000000319e-07  9.91564797267611646e-06 -9.10492704129761709e-04  7.68763253916115996e-04 -1.24338653064883870e-04 -1.30451559869284797e-06  5.25963407843178834e-06 -2.08510638575803739e-09  2.86337310595642250e-09  4.00000000000000000e+00 -2.50000000000000000e+00  1.65000000000000013e+00 -1.00000000000000006e-01  1.60000000000000009e+00 -8.00000000000000044e-01  2.30000000000000027e+00
 2.85280000000000342e-07  9.91564797327653407e-06 -9.10492704137148379e-04  7.68763253931215029e-04 -1.24338653066956295e-04 -1.30451559838476112e-06  5.25963407776819902e-06 -2.08510637286422641e-09  2.86337339331463370e-09  4.00000000000000000e+00 -2.50000000000000000e+00  1.65000000000000013e+00 -1.00000000000000006e-01  1.60000000000000009e+00 -8.00000000000000044e-01  2.30000000000000027e+00
 2.86280000000000364e-07  9.91564797378477078e-06 -9.10492704158553457e-04  7.68763253932325252e-04 -1.24338653068836275e-04 -1.30451559894247472e-06  5.25963407724516041e-06 -2.08510645191094537e-09  2.86337343041137179e-09  4.00000000000000000e+00 -2.50000000000000000e+00  1.65000000000000013e+00 -1.00000000000000006e-01  1.60000000000000009e+00 -8.00000000000000044e-01  2.30000000000000027e+00
 2.87280000000000386e-07  9.91564797339714817e-06 -9.10492704151736752e-04  7.68763253917004175e-04 -1.24338653070257365e-04 -1.30451559814554271e-06  5.25963407580522472e-06 -2.08510655620869338e-09  2.86337346069695417e-09  4.00000000000000000e+00 -2.50000000000000000e+00  1.65000000000000013e+00 -1.00000000000000006e-01  1.60000000000000009e+00 -8.00000000000000044e-01  2.30000000000000027e+00
 2.88280000000000408e-07  9.91564797265391572e-06 -9.10492704131697227e-04  7.68763253907456257e-04 -1.24338653069265564e-04 -1.30451559820608460e-06  5.25963407494850257e-06 -2.08510661552456110e-09  2.86337340785134573e-09  4.00000000000000000e+00 -2.50000000000000000e+00  1.65000000000000013e+00 -1.00000000000000006e-01  1.60000000000000009e+00 -8.00000000000000044e-01  2.30000000000000027e+00
 2.89280000000000430e-07  9.91564797215708516e-06 -9.10492704137203890e-04  7.68763253903015364e-04 -1.24338653066837873e-04 -1.30451559849326795e-06  5.25963407729330915e-06 -2.08510649287121290e-09  2.86337315505837279e-09  4.00000000000000000e+00 -2.50000000000000000e+00  1.65000000000000013e+00 -1.00000000000000006e-01  1.60000000000000009e+00 -8.00000000000000044e-01  2.30000000000000027e+00
 2.90280000000000453e-07  9.91564797301204464e-06 -9.10492704142251718e-04  7.68763253913969601e-04 -1.24338653067429983e-04 -1.30451559857211126e-06  5.25963407803118326e-06 -2.08510641193862803e-09  2.86337316935495015e-09  4.00000000000000000e+00 -2.50000000000000000e+00  1.65000000000000013e+00 -1.00000000000000006e-01  1.60000000000000009e+00 -8.00000000000000044e-01  2.30000000000000027e+00
 2.91280000000000475e-07  9.91564797423523814e-06 -9.10492704135520015e-04  7.68763253937654323e-04 -1.24338653069147142e-04 -1.30451559852518690e-06  5.25963407668083572e-06 -2.08510647758988488e-09  2.86337336778924248e-09  4.00000000000000000e+00 -2.50000000000000000e+00  1.65000000000000013e+00 -1.00000000000000006e-01  1.60000000000000009e+00 -8.00000000000000044e-01  2.30000000000000027e+00
 2.92280000000000497e-07  9.91564797382173868e-06 -9.10492704136645092e-04  7.68763253922925328e-04 -1.24338653068569832e-04 -1.30451559753040981e-06  5.25963407586046567e-06 -2.08510637101559603e-09  2.86337349765714170e-09  4.00000000000000000e+00 -2.50000000000000000e+00  1.65000000000000013e+00 -1.00000000000000006e-01  1.60000000000000009e+00 -8.00000000000000044e-01  2.30000000000000027e+00
 2.93280000000000519e-07  9.91564797271339268e-06 -9.10492704111391204e-04  7.68763253906864174e-04 -1.24338653067045118e-04 -1.30451559780640427e-06  5.25963407436636816e-06 -2.08510655825228113e-09  2.86337351076260172e-09  4.00000000000000000e+00 -2.50000000000000000e+00  1.65000000000000013e+00 -1.00000000000000006e-01  1.60000000000000009e+00 -8.00000000000000044e-01  2.30000000000000027e+00
 2.94280000000000541e-07  9.91564797175034672e-06 -9.10492704089852878e-04  7.68763253892357223e-04 -1.24338653065550031e-04 -1.30451559828007039e-06  5.25963407514710892e-06 -2.08510656623997512e-09  2.86337340104916162e-09  4.00000000000000000e+00 -2.50000000000000000e+00  1.65000000000000013e+00 -1.00000000000000006e-01  1.60000000000000009e+00 -8.00000000000000044e-01  2.30000000000000027e+00
 2.95280000000000564e-07  9.91564797266772067e-06 -9.10492704092250916e-04  7.68763253892653319e-04 -1.24338653064469406e-04 -1.30451559844278754e-06  5.25963407737996824e-06 -2.08510650289104563e-09  2.86337306885472381e-09  4.00000000000000000e+00 -2.50000000000000000e+00  1.65000000000000013e+00 -1.00000000000000006e-01  1.60000000000000009e+00 -8.00000000000000044e-01  2.30000000000000027e+00
 2.96280000000000586e-07  9.91564797400459785e-06 -9.10492704119999119e-04  7.68763253928180456e-04 -1.24338653065564803e-04 -1.30451559873265979e-06  5.25963407838876754e-06 -2.08510635065293101e-09  2.86337309801564041e-09  4.00000000000000000e+00 -2.50000000000000000e+00  1.65000000000000013e+00 -1.00000000000000006e-01  1.60000000000000009e+00 -8.00000000000000044e-01  2.30000000000000027e+00
 2.97280000000000608e-07  9.91564797377357808e-06 -9.10492704138861852e-04  7.68763253941503132e-04 -1.24338653068318161e-04 -1.30451559940234987e-06  5.25963407811757215e-06 -2.08510636465039076e-09  2.86337330214440248e-09  4.00000000000000000e+00 -2.50000000000000000e+00  1.65000000000000013e+00 -1.00000000000000006e-01  1.60000000000000009e+00 -8.00000000000000044e-01  2.30000000000000027e+00
 2.98280000000000630e-07  9.91564797248143949e-06 -9.10492704154227273e-04  7.68763253924331647e-04 -1.24338653070449784e-04 -1.30451559872207802e-06  5.25963407588267064e-06 -2.08510653625080588e-09  2.86337344572809777e-09  4.00000000000000000e+00 -2.50000000000000000e+00  1.65000000000000013e+00 -1.00000000000000006e-01  1.60000000000000009e+00 -8.00000000000000044e-01  2.30000000000000027e+00
 2.99280000000000652e-07  9.91564797180985756e-06 -9.10492704124835962e-04  7.68763253913673505e-04 -1.24338653069709654e-04 -1.30451559773684190e-06  5.25963407565650099e-06 -2.08510654968958454e-09  2.86337345507117806e-09  4.00000000000000000e+00 -2.50000000000000000e+00  1.65000000000000013e+00 -1.00000000000000006e-01  1.60000000000000009e+00 -8.00000000000000044e-01  2.30000000000000027e+00
 3.00280000000000674e-07  9.91564797240237743e-06 -9.10492704125424467e-04  7.68763253910194843e-04 -1.24338653067592803e-04 -1.30451559782730756e-06  5.25963407537821255e-06 -2.08510653240691246e-09  2.86337338890290230e-09  4.00000000000000000e+00 -2.50000000000000000e+00  1.65000000000000013e+00 -1.00000000000000006e-01  1.60000000000000009e+00 -8.00000000000000044e-01  2.30000000000000027e+00
 3.01280000000000697e-07  9.91564797362003981e-06 -9.10492704105336803e-04  7.68763253895095810e-04 -1.24338653065786847e-04 -1.30451559810824616e-06  5.25963407696224632e-06 -2.08510644075335341e-09  2.86337327323292675e-09  4.00000000000000000e+00 -2.50000000000000000e+00  1.65000000000000013e+00 -1.00000000000000006e-01  1.60000000000000009e+00 -8.00000000000000044e-01  2.30000000000000027e+00
 3.02280000000000719e-07  9.91564797416992174e-06 -9.10492704119392183e-04  7.68763253908714473e-04 -1.24338653065920096e-04 -1.30451559805976051e-06  5.25963407636453837e-06 -2.08510646688932469e-09  2.86337331488068063e-09  4.00000000000000000e+00 -2.50000000000000000e+00  1.65000000000000013e+00 -1.00000000000000006e-01  1.60000000000000009e+00 -8.00000000000000044e-01  2.30000000000000027e+00
 3.03280000000000741e-07  9.91564797339216592e-06 -9.10492704089586381e-04  7.68763253910120792e-04 -1.24338653066556604e-04 -1.30451559866491896e-06  5.25963407601728451e-06 -2.08510647602090896e-09  2.86337334938468892e-09  4.00000000000000000e+00 -2.50000000000000000e+00  1.65000000000000013e+00 -1.00000000000000006e-01  1.60000000000000009e+00 -8.00000000000000044e-01  2.30000000000000027e+00
 3.04280000000000763e-07  9.91564797259688669e-06 -9.10492704121583030e-04  7.68763253919890754e-04 -1.24338653065994093e-04 -1.30451559862172430e-06  5.25963407727862160e-06 -2.08510644280124209e-09  2.86337320596582427e-09  4.00000000000000000e+00 -2.50000000000000000e+00  1.65000000000000013e+00 -1.00000000000000006e-01  1.60000000000000009e+00 -8.00000000000000044e-01  2.30000000000000027e+00
 3.05280000000000785e-07  9.91564797240844219e-06 -9.10492704117112539e-04  7.68763253923147372e-04 -1.24338653066630601e-04 -1.30451559877446658e-06  5.25963407747113694e-06 -2.08510636470810935e-09  2.86337321478923579e-09  4.00000000000000000e+00 -2.50000000000000000e+00  1.65000000000000013e+00 -1.00000000000000006e-01  1.60000000000000009e+00 -8.00000000000000044e-01  2.30000000000000027e+00
 3.06280000000000808e-07  9.91564797285704947e-06 -9.10492704147758381e-04  7.68763253920556888e-04 -1.24338653067844473e-04 -1.30451559903640982e-06  5.25963407740294316e-06 -2.08510642395435949e-09  2.86337330867606876e-09  4.00000000000000000e+00 -2.50000000000000000e+00  1.65000000000000013e+00 -1.00000000000000006e-01  1.60000000000000009e+00 -8.00000000000000044e-01  2.30000000000000027e+00
 3.07280000000000830e-07  9.91564797335983129e-06 -9.10492704137577614e-04  7.68763253917226219e-04 -1.24338653069354388e-04 -1.30451559854895253e-06  5.25963407542682377e-06 -2.08510657854386404e-09  2.86337345331917436e-09  4.00000000000000000e+00 -2.50000000000000000e+00  1.65000000000000013e+00 -1.00000000000000006e-01  1.60000000000000009e+00 -8.00000000000000044e-01  2.30000000000000027e+00
 3.08280000000000852e-07  9.91564797336644153e-06 -9.10492704142680954e-04  7.68763253913673505e-04 -1.24338653068273763e-04 -1.30451559830400966e-06  5.25963407685450119e-06 -2.08510653060337997e-09  2.86337323897646508e-09  4.00000000000000000e+00 -2.50000000000000000e+00  1.65000000000000013e+00 -1.00000000000000006e-01  1.60000000000000009e+00 -8.00000000000000044e-01  2.30000000000000027e+00
 3.09280000000000874e-07  9.91564797305259211e-06 -9.10492704153494569e-04  7.68763253917004175e-04 -1.24338653067992494e-04 -1.30451559811518505e-06  5.25963407786341653e-06 -2.08510640443129106e-09  2.86337321598936029e-09  4.00000000000000000e+00 -2.50000000000000000e+00  1.65000000000000013e+00 -1.00000000000000006e-01  1.60000000000000009e+00 -8.00000000000000044e-01  2.30000000000000027e+00
 3.10280000000000896e-07  9.91564797300679304e-06 -9.10492704141755804e-04  7.68763253934693692e-04 -1.24338653069087918e-04 -1.30451559862927031e-06  5.25963407671302466e-06 -2.08510649003025447e-09  2.86337334678475438e-09  4.00000000000000000e+00 -2.50000000000000000e+00  1.65000000000000013e+00 -1.00000000000000006e-01  1.60000000000000009e+00 -8.00000000000000044e-01  2.30000000000000027e+00
 3.11280000000000919e-07  9.91564797353465719e-06 -9.10492704118200536e-04  7.68763253922629341e-04 -1.24338653069147115e-04 -1.30451559772738753e-06  5.25963407559358846e-06 -2.08510651240253163e-09  2.86337349892804805e-09  4.00000000000000000e+00 -2.50000000000000000e+00  1.65000000000000013e+00 -1.00000000000000006e-01  1.60000000000000009e+00 -8.00000000000000044e-01  2.30000000000000027e+00
 3.12280000000000941e-07  9.91564797346190723e-06 -9.10492704121901352e-04  7.68763253901905141e-04 -1.24338653067474381e-04 -1.30451559809679702e-06  5.25963407561853019e-06 -2.08510647046610577e-09  2.86337344249299315e-09  4.00000000000000000e+00 -2.50000000000000000e+00  1.65000000000000013e+00 -1.00000000000000006e-01  1.60000000000000009e+00 -8.00000000000000044e-01  2.30000000000000027e+00
 3.13280000000000963e-07  9.91564797287957038e-06 -9.10492704115980090e-04  7.68763253899462651e-04 -1.24338653065831273e-04 -1.30451559838666927e-06  5.25963407544552033e-06 -2.08510650592481490e-09  2.86337329875094986e-09  4.00000000000000000e+00 -2.50000000000000000e+00  1.65000000000000013e+00 -1.00000000000000006e-01  1.60000000000000009e+00 -8.00000000000000044e-01  2.30000000000000027e+00
 3.14280000000000985e-07  9.91564797283876881e-06 -9.10492704117856410e-04  7.68763253894429676e-04 -1.24338653064454607e-04 -1.30451559807086278e-06  5.25963407683399283e-06 -2.08510649340325423e-09  2.86337317586485702e-09  4.00000000000000000e+00 -2.50000000000000000e+00  1.65000000000000013e+00 -1.00000000000000006e-01  1.60000000000000009e+00 -8.00000000000000044e-01  2.30000000000000027e+00
 3.15280000000001007e-07  9.91564797317385165e-06 -9.10492704125957352e-04  7.68763253922629341e-04 -1.24338653065535204e-04 -1.30451559883691662e-06  5.25963407801742067e-06 -2.08510641200233169e-09  2.86337324147653535e-09  4.00000000000000000e+00 -2.50000000000000000e+00  1.65000000000000013e+00 -1.00000000000000006e-01  1.60000000000000009e+00 -8.00000000000000044e-01  2.30000000000000027e+00
 3.16280000000001030e-07  9.91564797372277474e-06 -9.10492704122941210e-04  7.68763253927662316e-04 -1.24338653068258964e-04 -1.30451559873196585e-06  5.25963407677959976e-06 -2.08510648978503967e-09  2.86337339342873003e-09  4.00000000000000000e+00 -2.50000000000000000e+00  1.65000000000000013e+00 -1.00000000000000006e-01  1.60000000000000009e+00 -8.00000000000000044e-01  2.30000000000000027e+00
 3.17280000000001052e-07  9.91564797375138921e-06 -9.10492704148683639e-04  7.68763253941873170e-04 -1.24338653069058346e-04 -1.30451559841685350e-06  5.25963407621566047e-06 -2.08510652038075729e-09  2.86337337991158718e-09  4.00000000000000000e+00 -2.50000000000000000e+00  1.65000000000000013e+00 -1.00000000000000006e-01  1.60000000000000009e+00 -8.00000000000000044e-01  2.30000000000000027e+00
 3.18280000000001074e-07  9.91564797294305042e-06 -9.10492704113574679e-04  7.68763253908714473e-04 -1.24338653067074717e-04 -1.30451559785584389e-06  5.25963407575013709e-06 -2.08510647170627285e-09  2.86337335265380638e-09  4.00000000000000000e+00 -2.50000000000000000e+00  1.65000000000000013e+00 -1.00000000000000006e-01  1.60000000000000009e+00 -8.00000000000000044e-01  2.30000000000000027e+00
 3.19280000000001096e-07  9.91564797225222560e-06 -9.10492704132181974e-04  7.68763253909010569e-04 -1.24338653065816473e-04 -1.30451559814354774e-06  5.25963407596138795e-06 -2.08510643947530436e-09  2.86337336606723071e-09  4.00000000000000000e+00 -2.50000000000000000e+00  1.65000000000000013e+00 -1.00000000000000006e-01  1.60000000000000009e+00 -8.00000000000000044e-01  2.30000000000000027e+00
 3.20280000000001118e-07  9.91564797282296317e-06 -9.10492704109914629e-04  7.68763253902497224e-04 -1.24338653065653626e-04 -1.30451559814294063e-06  5.25963407557315718e-06 -2.08510646308314161e-09  2.86337334402101615e-09  4.00000000000000000e+00 -2.50000000000000000e+00  1.65000000000000013e+00 -1.00000000000000006e-01  1.60000000000000009e+00 -8.00000000000000044e-01  2.30000000000000027e+00
 3.21280000000001140e-07  9.91564797366573215e-06 -9.10492704109118933e-04  7.68763253903015364e-04 -1.24338653065283534e-04 -1.30451559867792939e-06  5.25963407716910278e-06 -2.08510649202056476e-09  2.86337323164745750e-09  4.00000000000000000e+00 -2.50000000000000000e+00  1.65000000000000013e+00 -1.00000000000000006e-01  1.60000000000000009e+00 -8.00000000000000044e-01  2.30000000000000027e+00
 3.22280000000001163e-07  9.91564797417547828e-06 -9.10492704115424979e-04  7.68763253902127186e-04 -1.24338653064987519e-04 -1.30451559874393549e-06  5.25963407757414123e-06 -2.08510637217268150e-09  2.86337318803331208e-09  4.00000000000000000e+00 -2.50000000000000000e+00  1.65000000000000013e+00 -1.00000000000000006e-01  1.60000000000000009e+00 -8.00000000000000044e-01  2.30000000000000027e+00
 3.23280000000001185e-07  9.91564797350102999e-06 -9.10492704143765264e-04  7.68763253945129788e-04 -1.24338653066630628e-04 -1.30451559883743713e-06  5.25963407815700831e-06 -2.08510640937394627e-09  2.86337320847735016e-09  4.00000000000000000e+00 -2.50000000000000000e+00  1.65000000000000013e+00 -1.00000000000000006e-01  1.60000000000000009e+00 -8.00000000000000044e-01  2.30000000000000027e+00
 3.24280000000001207e-07  9.91564797250024192e-06 -9.10492704152865407e-04  7.68763253937654323e-04 -1.24338653070153743e-04 -1.30451559900830739e-06  5.25963407691837764e-06 -2.08510648984895385e-09  2.86337331840675389e-09  4.00000000000000000e+00 -2.50000000000000000e+00  1.65000000000000013e+00 -1.00000000000000006e-01  1.60000000000000009e+00 -8.00000000000000044e-01  2.30000000000000027e+00
 3.25280000000001229e-07  9.91564797268425475e-06 -9.10492704136515530e-04  7.68763253918114398e-04 -1.24338653071500810e-04 -1.30451559796261599e-06  5.25963407485509686e-06 -2.08510661919217737e-09  2.86337355060130706e-09  4.00000000000000000e+00 -2.50000000000000000e+00  1.65000000000000013e+00 -1.00000000000000006e-01  1.60000000000000009e+00 -8.00000000000000044e-01  2.30000000000000027e+00
 3.26280000000001251e-07  9.91564797300607814e-06 -9.10492704127415387e-04  7.68763253903903543e-04 -1.24338653068703053e-04 -1.30451559764403420e-06  5.25963407530388964e-06 -2.08510651718996764e-09  2.86337342794408807e-09  4.00000000000000000e+00 -2.50000000000000000e+00  1.65000000000000013e+00 -1.00000000000000006e-01  1.60000000000000009e+00 -8.00000000000000044e-01  2.30000000000000027e+00
 3.27280000000001274e-07  9.91564797323515312e-06 -9.10492704127185970e-04  7.68763253903015364e-04 -1.24338653065934895e-04 -1.30451559790432933e-06  5.25963407650161964e-06 -2.08510642648646398e-09  2.86337325444918656e-09  4.00000000000000000e+00 -2.50000000000000000e+00  1.65000000000000013e+00 -1.00000000000000006e-01  1.60000000000000009e+00 -8.00000000000000044e-01  2.30000000000000027e+00
 3.28280000000001296e-07  9.91564797294932185e-06 -9.10492704126005382e-04  7.68763253912785327e-04 -1.24338653065150339e-04 -1.30451559882902376e-06  5.25963407675635379e-06 -2.08510645379963776e-09  2.86337321733506445e-09  4.00000000000000000e+00 -2.50000000000000000e+00  1.65000000000000013e+00 -1.00000000000000006e-01  1.60000000000000009e+00 -8.00000000000000044e-01  2.30000000000000027e+00
 3.29280000000001318e-07  9.91564797322686236e-06 -9.10492704123847928e-04  7.68763253923221423e-04 -1.24338653066334559e-04 -1.30451559845180801e-06  5.25963407723309442e-06 -2.08510644864840069e-09  2.86337325992165964e-09  4.00000000000000000e+00 -2.50000000000000000e+00  1.65000000000000013e+00 -1.00000000000000006e-01  1.60000000000000009e+00 -8.00000000000000044e-01  2.30000000000000027e+00
 3.30280000000001340e-07  9.91564797315754119e-06 -9.10492704139242949e-04  7.68763253920556888e-04 -1.24338653067370786e-04 -1.30451559884715154e-06  5.25963407710140960e-06 -2.08510639428271428e-09  2.86337330359896154e-09  4.00000000000000000e+00 -2.50000000000000000e+00  1.65000000000000013e+00 -1.00000000000000006e-01  1.60000000000000009e+00 -8.00000000000000044e-01  2.30000000000000027e+00
 3.31280000000001362e-07  9.91564797275274753e-06 -9.10492704135557095e-04  7.68763253917226219e-04 -1.24338653068110916e-04 -1.30451559881505915e-06  5.25963407614607841e-06 -2.08510656246212752e-09  2.86337326267560942e-09  4.00000000000000000e+00 -2.50000000000000000e+00  1.65000000000000013e+00 -1.00000000000000006e-01  1.60000000000000009e+00 -8.00000000000000044e-01  2.30000000000000027e+00
 3.32280000000001385e-07  9.91564797264743253e-06 -9.10492704145204868e-04  7.68763253931511125e-04 -1.24338653068007321e-04 -1.30451559825986103e-06  5.25963407773311915e-06 -2.08510649057362652e-09  2.86337321728077410e-09  4.00000000000000000e+00 -2.50000000000000000e+00  1.65000000000000013e+00 -1.00000000000000006e-01  1.60000000000000009e+00 -8.00000000000000044e-01  2.30000000000000027e+00
 3.33280000000001407e-07  9.91564797287909604e-06 -9.10492704137418562e-04  7.68763253919668710e-04 -1.24338653069073118e-04 -1.30451559812793522e-06  5.25963407645208346e-06 -2.08510644565675725e-09  2.86337348002634446e-09  4.00000000000000000e+00 -2.50000000000000000e+00  1.65000000000000013e+00 -1.00000000000000006e-01  1.60000000000000009e+00 -8.00000000000000044e-01  2.30000000000000027e+00
 3.34280000000001429e-07  9.91564797367277269e-06 -9.10492704115606366e-04  7.68763253920556888e-04 -1.24338653068643856e-04 -1.30451559837981699e-06  5.25963407508022551e-06 -2.08510657613137731e-09  2.86337347217959792e-09  4.00000000000000000e+00 -2.50000000000000000e+00  1.65000000000000013e+00 -1.00000000000000006e-01  1.60000000000000009e+00 -8.00000000000000044e-01  2.30000000000000027e+00
 3.35280000000001451e-07  9.91564797405288889e-06 -9.10492704119340358e-04  7.68763253902201237e-04 -1.24338653066112515e-04 -1.30451559784005795e-06  5.25963407617499018e-06 -2.08510645518487950e-09  2.86337332229465786e-09  4.00000000000000000e+00 -2.50000000000000000e+00  1.65000000000000013e+00 -1.00000000000000006e-01  1.60000000000000009e+00 -8.00000000000000044e-01  2.30000000000000027e+00
 3.36280000000001473e-07  9.91564797299748076e-06 -9.10492704134776144e-04  7.68763253906568078e-04 -1.24338653065890470e-04 -1.30451559810200119e-06  5.25963407659764607e-06 -2.08510645438150555e-09  2.86337331445706200e-09  4.00000000000000000e+00 -2.50000000000000000e+00  1.65000000000000013e+00 -1.00000000000000006e-01  1.60000000000000009e+00 -8.00000000000000044e-01  2.30000000000000027e+00
 3.37280000000001496e-07  9.91564797206142804e-06 -9.10492704105421912e-04  7.68763253906346034e-04 -1.24338653066601002e-04 -1.30451559846273686e-06  5.25963407713968956e-06 -2.08510640172431686e-09  2.86337326125836242e-09  4.00000000000000000e+00 -2.50000000000000000e+00  1.65000000000000013e+00 -1.00000000000000006e-01  1.60000000000000009e+00 -8.00000000000000044e-01  2.30000000000000027e+00
 3.38280000000001518e-07  9.91564797241702941e-06 -9.10492704119436635e-04  7.68763253924331647e-04 -1.24338653067607630e-04 -1.30451559846742052e-06  5.25963407611300346e-06 -2.08510652946512609e-09  2.86337334724960010e-09  4.00000000000000000e+00 -2.50000000000000000e+00  1.65000000000000013e+00 -1.00000000000000006e-01  1.60000000000000009e+00 -8.00000000000000044e-01  2.30000000000000027e+00
 3.39280000000001540e-07  9.91564797341380762e-06 -9.10492704123170627e-04  7.68763253934989788e-04 -1.24338653067074690e-04 -1.30451559895626568e-06  5.25963407713213402e-06 -2.08510647027037829e-09  2.86337327284275351e-09  4.00000000000000000e+00 -2.50000000000000000e+00  1.65000000000000013e+00 -1.00000000000000006e-01  1.60000000000000009e+00 -8.00000000000000044e-01  2.30000000000000027e+00
 3.40280000000001562e-07  9.91564797395739779e-06 -9.10492704128425755e-04  7.68763253905679900e-04 -1.24338653066675026e-04 -1.30451559836732706e-06  5.25963407721547783e-06 -2.08510643086911378e-09  2.86337323055018463e-09  4.00000000000000000e+00 -2.50000000000000000e+00  1.65000000000000013e+00 -1.00000000000000006e-01  1.60000000000000009e+00 -8.00000000000000044e-01  2.30000000000000027e+00
 3.41280000000001584e-07  9.91564797344126334e-06 -9.10492704133085006e-04  7.68763253908418486e-04 -1.24338653067089516e-04 -1.30451559793381963e-06  5.25963407647980092e-06 -2.08510645208765431e-09  2.86337334981526083e-09  4.00000000000000000e+00 -2.50000000000000000e+00  1.65000000000000013e+00 -1.00000000000000006e-01  1.60000000000000009e+00 -8.00000000000000044e-01  2.30000000000000027e+00
 3.42280000000001606e-07  9.91564797273391460e-06 -9.10492704129902330e-04  7.68763253915819901e-04 -1.24338653068258937e-04 -1.30451559884290155e-06  5.25963407658369120e-06 -2.08510649626626199e-09  2.86337339566316324e-09  4.00000000000000000e+00 -2.50000000000000000e+00  1.65000000000000013e+00 -1.00000000000000006e-01  1.60000000000000009e+00 -8.00000000000000044e-01  2.30000000000000027e+00
 3.43280000000001629e-07  9.91564797303388115e-06 -9.10492704114251872e-04  7.68763253910120792e-04 -1.24338653068865873e-04 -1.30451559835900031e-06  5.25963407638828409e-06 -2.08510648055097930e-09  2.86337345746636348e-09  4.00000000000000000e+00 -2.50000000000000000e+00  1.65000000000000013e+00 -1.00000000000000006e-01  1.60000000000000009e+00 -8.00000000000000044e-01  2.30000000000000027e+00
 3.44280000000001651e-07  9.91564797370665232e-06 -9.10492704139154153e-04  7.68763253905679900e-04 -1.24338653067800075e-04 -1.30451559835700554e-06  5.25963407626500353e-06 -2.08510657908003466e-09  2.86337329305172589e-09  4.00000000000000000e+00 -2.50000000000000000e+00  1.65000000000000013e+00 -1.00000000000000006e-01  1.60000000000000009e+00 -8.00000000000000044e-01  2.30000000000000027e+00
 3.45280000000001673e-07  9.91564797364274029e-06 -9.10492704126967612e-04  7.68763253898352428e-04 -1.24338653066038491e-04 -1.30451559766042725e-06  5.25963407581713655e-06 -2.08510649333886649e-09  2.86337333787346981e-09  4.00000000000000000e+00 -2.50000000000000000e+00  1.65000000000000013e+00 -1.00000000000000006e-01  1.60000000000000009e+00 -8.00000000000000044e-01  2.30000000000000027e+00
 3.46280000000001695e-07  9.91564797335071552e-06 -9.10492704114048367e-04  7.68763253899240606e-04 -1.24338653065357585e-04 -1.30451559846108895e-06  5.25963407732734801e-06 -2.08510632517997229e-09  2.86337322392446792e-09  4.00000000000000000e+00 -2.50000000000000000e+00  1.65000000000000013e+00 -1.00000000000000006e-01  1.60000000000000009e+00 -8.00000000000000044e-01  2.30000000000000027e+00
 3.47280000000001717e-07  9.91564797304465372e-06 -9.10492704120609742e-04  7.68763253912563282e-04 -1.24338653066971094e-04 -1.30451559915506495e-06  5.25963407649575986e-06 -2.08510645504814654e-09  2.86337324167184593e-09  4.00000000000000000e+00 -2.50000000000000000e+00  1.65000000000000013e+00 -1.00000000000000006e-01  1.60000000000000009e+00 -8.00000000000000044e-01  2.30000000000000027e+00
 3.48280000000001740e-07  9.91564797308540108e-06 -9.10492704129424956e-04  7.68763253931215029e-04 -1.24338653069073118e-04 -1.30451559875512458e-06  5.25963407741593495e-06 -2.08510644249407229e-09  2.86337325210424244e-09  4.00000000000000000e+00 -2.50000000000000000e+00  1.65000000000000013e+00 -1.00000000000000006e-01  1.60000000000000009e+00 -8.00000000000000044e-01  2.30000000000000027e+00
 3.49280000000001762e-07  9.91564797298956947e-06 -9.10492704139416963e-04  7.68763253906864174e-04 -1.24338653069354388e-04 -1.30451559831372407e-06  5.25963407562161339e-06 -2.08510656647630103e-09  2.86337333073302591e-09  4.00000000000000000e+00 -2.50000000000000000e+00  1.65000000000000013e+00 -1.00000000000000006e-01  1.60000000000000009e+00 -8.00000000000000044e-01  2.30000000000000027e+00
 3.50280000000001784e-07  9.91564797255742173e-06 -9.10492704121775476e-04  7.68763253891469045e-04 -1.24338653067429983e-04 -1.30451559771194845e-06  5.25963407584604832e-06 -2.08510658634934710e-09  2.86337344637145196e-09  4.00000000000000000e+00 -2.50000000000000000e+00  1.65000000000000013e+00 -1.00000000000000006e-01  1.60000000000000009e+00 -8.00000000000000044e-01  2.30000000000000027e+00
 3.51280000000001806e-07  9.91564797256199740e-06 -9.10492704097091553e-04  7.68763253890950905e-04 -1.24338653064706250e-04 -1.30451559765626387e-06  5.25963407564929189e-06 -2.08510644212463234e-09  2.86337335590577349e-09  4.00000000000000000e+00 -2.50000000000000000e+00  1.65000000000000013e+00 -1.00000000000000006e-01  1.60000000000000009e+00 -8.00000000000000044e-01  2.30000000000000027e+00
 3.52280000000001828e-07  9.91564797321350465e-06 -9.10492704102701866e-04  7.68763253913673505e-04 -1.24338653064721050e-04 -1.30451559932333313e-06  5.25963407735329179e-06 -2.08510642293851841e-09  2.86337316246076205e-09  4.00000000000000000e+00 -2.50000000000000000e+00  1.65000000000000013e+00 -1.00000000000000006e-01  1.60000000000000009e+00 -8.00000000000000044e-01  2.30000000000000027e+00
 3.53280000000001851e-07  9.91564797383262136e-06 -9.10492704123451869e-04  7.68763253924109602e-04 -1.24338653066941469e-04 -1.30451559880100793e-06  5.25963407743721412e-06 -2.08510639725178065e-09  2.86337327795481655e-09  4.00000000000000000e+00 -2.50000000000000000e+00  1.65000000000000013e+00 -1.00000000000000006e-01  1.60000000000000009e+00 -8.00000000000000044e-01  2.30000000000000027e+00
 3.54280000000001873e-07  9.91564797301323557e-06 -9.10492704126068374e-04  7.68763253923443468e-04 -1.24338653068466182e-04 -1.30451559838233246e-06  5.25963407649248354e-06 -2.08510649711969276e-09  2.86337333708931376e-09  4.00000000000000000e+00 -2.50000000000000000e+00  1.65000000000000013e+00 -1.00000000000000006e-01  1.60000000000000009e+00 -8.00000000000000044e-01  2.30000000000000027e+00
 3.55280000000001895e-07  9.91564797231394211e-06 -9.10492704147702870e-04  7.68763253914561684e-04 -1.24338653068022093e-04 -1.30451559775063287e-06  5.25963407622868953e-06 -2.08510649695959775e-09  2.86337350739166164e-09  4.00000000000000000e+00 -2.50000000000000000e+00  1.65000000000000013e+00 -1.00000000000000006e-01  1.60000000000000009e+00 -8.00000000000000044e-01  2.30000000000000027e+00
 3.56280000000001917e-07  9.91564797246492234e-06 -9.10492704118681705e-04  7.68763253899462651e-04 -1.24338653067222738e-04 -1.30451559835362271e-06  5.25963407636480772e-06 -2.08510656013157510e-09  2.86337336449957124e-09  4.00000000000000000e+00 -2.50000000000000000e+00  1.65000000000000013e+00 -1.00000000000000006e-01  1.60000000000000009e+00 -8.00000000000000044e-01  2.30000000000000027e+00
 3.57280000000001939e-07  9.91564797362213029e-06 -9.10492704110547478e-04  7.68763253920482837e-04 -1.24338653067252336e-04 -1.30451559820374256e-06  5.25963407675292330e-06 -2.08510639260504559e-09  2.86337333474389731e-09  4.00000000000000000e+00 -2.50000000000000000e+00  1.65000000000000013e+00 -1.00000000000000006e-01  1.60000000000000009e+00 -8.00000000000000044e-01  2.30000000000000027e+00
 3.58280000000001961e-07  9.91564797375956985e-06 -9.10492704109207730e-04  7.68763253899462651e-04 -1.24338653067400357e-04 -1.30451559843151183e-06  5.25963407631847163e-06 -2.08510644397770923e-09  2.86337325876644194e-09  4.00000000000000000e+00 -2.50000000000000000e+00  1.65000000000000013e+00 -1.00000000000000006e-01  1.60000000000000009e+00 -8.00000000000000044e-01  2.30000000000000027e+00
 3.59280000000001984e-07  9.91564797304278516e-06 -9.10492704133673402e-04  7.68763253905383804e-04 -1.24338653067400384e-04 -1.30451559895886777e-06  5.25963407649853559e-06 -2.08510652111167600e-09  2.86337325182744464e-09  4.00000000000000000e+00 -2.50000000000000000e+00  1.65000000000000013e+00 -1.00000000000000006e-01  1.60000000000000009e+00 -8.00000000000000044e-01  2.30000000000000027e+00
 3.60280000000002006e-07  9.91564797220951311e-06 -9.10492704111261642e-04  7.68763253901905141e-04 -1.24338653066852672e-04 -1.30451559808716922e-06  5.25963407581794547e-06 -2.08510648852754316e-09  2.86337332659720597e-09  4.00000000000000000e+00 -2.50000000000000000e+00  1.65000000000000013e+00 -1.00000000000000006e-01  1.60000000000000009e+00 -8.00000000000000044e-01  2.30000000000000027e+00
 3.61280000000002028e-07  9.91564797206566659e-06 -9.10492704120154594e-04  7.68763253895021759e-04 -1.24338653066068117e-04 -1.30451559814380799e-06  5.25963407717133894e-06 -2.08510646469674020e-09  2.86337332839840458e-09  4.00000000000000000e+00 -2.50000000000000000e+00  1.65000000000000013e+00 -1.00000000000000006e-01  1.60000000000000009e+00 -8.00000000000000044e-01  2.30000000000000027e+00
 3.62280000000002050e-07  9.91564797269345861e-06 -9.10492704119355211e-04  7.68763253905975995e-04 -1.24338653066778649e-04 -1.30451559861912222e-06  5.25963407706490332e-06 -2.08510641971444425e-09  2.86337334043485567e-09  4.00000000000000000e+00 -2.50000000000000000e+00  1.65000000000000013e+00 -1.00000000000000006e-01  1.60000000000000009e+00 -8.00000000000000044e-01  2.30000000000000027e+00
 3.63280000000002072e-07  9.91564797345742642e-06 -9.10492704126830677e-04  7.68763253913673505e-04 -1.24338653068436583e-04 -1.30451559886796822e-06  5.25963407674212956e-06 -2.08510650585815449e-09  2.86337326930138321e-09  4.00000000000000000e+00 -2.50000000000000000e+00  1.65000000000000013e+00 -1.00000000000000006e-01  1.60000000000000009e+00 -8.00000000000000044e-01  2.30000000000000027e+00
 3.64280000000002095e-07  9.91564797306455730e-06 -9.10492704162672449e-04  7.68763253923221423e-04 -1.24338653069102717e-04 -1.30451559893371428e-06  5.25963407757367875e-06 -2.08510641592576224e-09  2.86337319237918791e-09  4.00000000000000000e+00 -2.50000000000000000e+00  1.65000000000000013e+00 -1.00000000000000006e-01  1.60000000000000009e+00 -8.00000000000000044e-01  2.30000000000000027e+00
 3.65280000000002117e-07  9.91564797259330035e-06 -9.10492704140297661e-04  7.68763253909898747e-04 -1.24338653069280364e-04 -1.30451559802567336e-06  5.25963407613324162e-06 -2.08510649459857406e-09  2.86337334417256970e-09  4.00000000000000000e+00 -2.50000000000000000e+00  1.65000000000000013e+00 -1.00000000000000006e-01  1.60000000000000009e+00 -8.00000000000000044e-01  2.30000000000000027e+00
 3.66280000000002139e-07  9.91564797242750212e-06 -9.10492704132903619e-04  7.68763253913377410e-04 -1.24338653068495808e-04 -1.30451559831702008e-06  5.25963407592068040e-06 -2.08510654770902381e-09  2.86337340479372512e-09  4.00000000000000000e+00 -2.50000000000000000e+00  1.65000000000000013e+00 -1.00000000000000006e-01  1.60000000000000009e+00 -8.00000000000000044e-01  2.30000000000000027e+00
 3.67280000000002161e-07  9.91564797285473199e-06 -9.10492704114832896e-04  7.68763253908714473e-04 -1.24338653067489208e-04 -1.30451559767517240e-06  5.25963407637510087e-06 -2.08510648768704990e-09  2.86337344371095001e-09  4.00000000000000000e+00 -2.50000000000000000e+00  1.65000000000000013e+00 -1.00000000000000006e-01  1.60000000000000009e+00 -8.00000000000000044e-01  2.30000000000000027e+00
 3.68280000000002183e-07  9.91564797359748671e-06 -9.10492704109059736e-04  7.68763253912193244e-04 -1.24338653066097715e-04 -1.30451559790155381e-06  5.25963407540604520e-06 -2.08510653419799548e-09  2.86337331179718912e-09  4.00000000000000000e+00 -2.50000000000000000e+00  1.65000000000000013e+00 -1.00000000000000006e-01  1.60000000000000009e+00 -8.00000000000000044e-01  2.30000000000000027e+00
 3.69280000000002206e-07  9.91564797396337276e-06 -9.10492704103538220e-04  7.68763253905679900e-04 -1.24338653065550031e-04 -1.30451559884125343e-06  5.25963407652871961e-06 -2.08510644123716887e-09  2.86337329251964734e-09  4.00000000000000000e+00 -2.50000000000000000e+00  1.65000000000000013e+00 -1.00000000000000006e-01  1.60000000000000009e+00 -8.00000000000000044e-01  2.30000000000000027e+00
 3.70280000000002228e-07  9.91564797312145419e-06 -9.10492704118696450e-04  7.68763253899462651e-04 -1.24338653065801674e-04 -1.30451559801951501e-06  5.25963407631330558e-06 -2.08510635609044495e-09  2.86337332247714507e-09  4.00000000000000000e+00 -2.50000000000000000e+00  1.65000000000000013e+00 -1.00000000000000006e-01  1.60000000000000009e+00 -8.00000000000000044e-01  2.30000000000000027e+00
 3.71280000000002250e-07  9.91564797251069770e-06 -9.10492704118115426e-04  7.68763253898944511e-04 -1.24338653066275335e-04 -1.30451559913580956e-06  5.25963407730722505e-06 -2.08510643597603630e-09  2.86337319476120709e-09  4.00000000000000000e+00 -2.50000000000000000e+00  1.65000000000000013e+00 -1.00000000000000006e-01  1.60000000000000009e+00 -8.00000000000000044e-01  2.30000000000000027e+00
 3.72280000000002272e-07  9.91564797228274419e-06 -9.10492704130690545e-04  7.68763253905679900e-04 -1.24338653067326360e-04 -1.30451559878634960e-06  5.25963407753613147e-06 -2.08510653343237117e-09  2.86337325669867942e-09  4.00000000000000000e+00 -2.50000000000000000e+00  1.65000000000000013e+00 -1.00000000000000006e-01  1.60000000000000009e+00 -8.00000000000000044e-01  2.30000000000000027e+00
 3.73280000000002294e-07  9.91564797309171656e-06 -9.10492704141178466e-04  7.68763253923443468e-04 -1.24338653067933270e-04 -1.30451559807598034e-06  5.25963407670801362e-06 -2.08510655034468263e-09  2.86337332627663668e-09  4.00000000000000000e+00 -2.50000000000000000e+00  1.65000000000000013e+00 -1.00000000000000006e-01  1.60000000000000009e+00 -8.00000000000000044e-01  2.30000000000000027e+00
 3.74280000000002317e-07  9.91564797379947696e-06 -9.10492704134180375e-04  7.68763253924331647e-04 -1.24338653068466209e-04 -1.30451559850818653e-06  5.25963407705272214e-06 -2.08510645193286689e-09  2.86337336107708582e-09  4.00000000000000000e+00 -2.50000000000000000e+00  1.65000000000000013e+00 -1.00000000000000006e-01  1.60000000000000009e+00 -8.00000000000000044e-01  2.30000000000000027e+00
 3.75280000000002339e-07  9.91564797450370863e-06 -9.10492704132048725e-04  7.68763253912563282e-04 -1.24338653069161942e-04 -1.30451559873265979e-06  5.25963407556760572e-06 -2.08510648808950470e-09  2.86337336086824257e-09  4.00000000000000000e+00 -2.50000000000000000e+00  1.65000000000000013e+00 -1.00000000000000006e-01  1.60000000000000009e+00 -8.00000000000000044e-01  2.30000000000000027e+00
 3.76280000000002361e-07  9.91564797352538896e-06 -9.10492704125694542e-04  7.68763253903015364e-04 -1.24338653068466209e-04 -1.30451559823045734e-06  5.25963407640293352e-06 -2.08510644287046511e-09  2.86337328278865284e-09  4.00000000000000000e+00 -2.50000000000000000e+00  1.65000000000000013e+00 -1.00000000000000006e-01  1.60000000000000009e+00 -8.00000000000000044e-01  2.30000000000000027e+00
 3.77280000000002383e-07  9.91564797267722268e-06 -9.10492704134302456e-04  7.68763253910120792e-04 -1.24338653067237537e-04 -1.30451559788793627e-06  5.25963407702866726e-06 -2.08510643145443795e-09  2.86337338498373752e-09  4.00000000000000000e+00 -2.50000000000000000e+00  1.65000000000000013e+00 -1.00000000000000006e-01  1.60000000000000009e+00 -8.00000000000000044e-01  2.30000000000000027e+00
 3.78280000000002405e-07  9.91564797215367839e-06 -9.10492704137622066e-04  7.68763253913155365e-04 -1.24338653067000720e-04 -1.30451559806201573e-06  5.25963407586848453e-06 -2.08510650080849643e-09  2.86337340354683472e-09  4.00000000000000000e+00 -2.50000000000000000e+00  1.65000000000000013e+00 -1.00000000000000006e-01  1.60000000000000009e+00 -8.00000000000000044e-01  2.30000000000000027e+00
 3.79280000000002427e-07  9.91564797265373107e-06 -9.10492704096699289e-04  7.68763253899462651e-04 -1.24338653066142141e-04 -1.30451559780120010e-06  5.25963407503724282e-06 -2.08510652845308178e-09  2.86337344671294107e-09  4.00000000000000000e+00 -2.50000000000000000e+00  1.65000000000000013e+00 -1.00000000000000006e-01  1.60000000000000009e+00 -8.00000000000000044e-01  2.30000000000000027e+00
 3.80280000000002450e-07  9.91564797357141334e-06 -9.10492704081848213e-04  7.68763253908122390e-04 -1.24338653064025317e-04 -1.30451559809350101e-06  5.25963407487865115e-06 -2.08510655436522336e-09  2.86337334414707724e-09  4.00000000000000000e+00 -2.50000000000000000e+00  1.65000000000000013e+00 -1.00000000000000006e-01  1.60000000000000009e+00 -8.00000000000000044e-01  2.30000000000000027e+00
 3.81280000000002472e-07  9.91564797395532933e-06 -9.10492704099933681e-04  7.68763253920778933e-04 -1.24338653063744048e-04 -1.30451559934250191e-06  5.25963407847191822e-06 -2.08510635413719731e-09  2.86337311438492476e-09  4.00000000000000000e+00 -2.50000000000000000e+00  1.65000000000000013e+00 -1.00000000000000006e-01  1.60000000000000009e+00 -8.00000000000000044e-01  2.30000000000000027e+00
 3.82280000000002494e-07  9.91564797338064966e-06 -9.10492704135416474e-04  7.68763253946832203e-04 -1.24338653066349359e-04 -1.30451559908636995e-06  5.25963407848579601e-06 -2.08510635241598956e-09  2.86337310438923908e-09  4.00000000000000000e+00 -2.50000000000000000e+00  1.65000000000000013e+00 -1.00000000000000006e-01  1.60000000000000009e+00 -8.00000000000000044e-01  2.30000000000000027e+00
 3.83280000000002516e-07  9.91564797207729635e-06 -9.10492704153013509e-04  7.68763253949496738e-04 -1.24338653070583033e-04 -1.30451559935100210e-06  5.25963407767934272e-06 -2.08510647203321929e-09  2.86337323503944808e-09  4.00000000000000000e+00 -2.50000000000000000e+00  1.65000000000000013e+00 -1.00000000000000006e-01  1.60000000000000009e+00 -8.00000000000000044e-01  2.30000000000000027e+00
 3.84280000000002538e-07  9.91564797204074688e-06 -9.10492704159360212e-04  7.68763253938542501e-04 -1.24338653071841303e-04 -1.30451559844400176e-06  5.25963407624881249e-06 -2.08510659793411249e-09  2.86337336748332917e-09  4.00000000000000000e+00 -2.50000000000000000e+00  1.65000000000000013e+00 -1.00000000000000006e-01  1.60000000000000009e+00 -8.00000000000000044e-01  2.30000000000000027e+00
 3.85280000000002561e-07  9.91564797309016480e-06 -9.10492704128988239e-04  7.68763253927366220e-04 -1.24338653069680055e-04 -1.30451559714538781e-06  5.25963407521742282e-06 -2.08510661845549734e-09  2.86337352335885350e-09  4.00000000000000000e+00 -2.50000000000000000e+00  1.65000000000000013e+00 -1.00000000000000006e-01  1.60000000000000009e+00 -8.00000000000000044e-01  2.30000000000000027e+00
 3.86280000000002583e-07  9.91564797399265130e-06 -9.10492704124932239e-04  7.68763253898056332e-04 -1.24338653066438182e-04 -1.30451559754628236e-06  5.25963407566432672e-06 -2.08510646512599028e-09  2.86337352873419944e-09  4.00000000000000000e+00 -2.50000000000000000e+00  1.65000000000000013e+00 -1.00000000000000006e-01  1.60000000000000009e+00 -8.00000000000000044e-01  2.30000000000000027e+00
 3.87280000000002605e-07  9.91564797377557878e-06 -9.10492704110466055e-04  7.68763253887102204e-04 -1.24338653064336185e-04 -1.30451559783077701e-06  5.25963407505551586e-06 -2.08510643172334030e-09  2.86337335365228617e-09  4.00000000000000000e+00 -2.50000000000000000e+00  1.65000000000000013e+00 -1.00000000000000006e-01  1.60000000000000009e+00 -8.00000000000000044e-01  2.30000000000000027e+00
 3.88280000000002627e-07  9.91564797339022452e-06 -9.10492704119162766e-04  7.68763253903015364e-04 -1.24338653064099314e-04 -1.30451559867298526e-06  5.25963407734203556e-06 -2.08510638055543902e-09  2.86337322585014646e-09  4.00000000000000000e+00 -2.50000000000000000e+00  1.65000000000000013e+00 -1.00000000000000006e-01  1.60000000000000009e+00 -8.00000000000000044e-01  2.30000000000000027e+00
 3.89280000000002649e-07  9.91564797250927977e-06 -9.10492704104541107e-04  7.68763253930030755e-04 -1.24338653066749050e-04 -1.30451559932662915e-06  5.25963407797898740e-06 -2.08510637857756828e-09  2.86337313193058898e-09  4.00000000000000000e+00 -2.50000000000000000e+00  1.65000000000000013e+00 -1.00000000000000006e-01  1.60000000000000009e+00 -8.00000000000000044e-01  2.30000000000000027e+00
 3.90280000000002672e-07  9.91564797210873313e-06 -9.10492704144827457e-04  7.68763253920556888e-04 -1.24338653069147142e-04 -1.30451559935108871e-06  5.25963407742892590e-06 -2.08510640428438916e-09  2.86337314622136656e-09  4.00000000000000000e+00 -2.50000000000000000e+00  1.65000000000000013e+00 -1.00000000000000006e-01  1.60000000000000009e+00 -8.00000000000000044e-01  2.30000000000000027e+00
 3.91280000000002694e-07  9.91564797214669545e-06 -9.10492704150382259e-04  7.68763253933583469e-04 -1.24338653069783677e-04 -1.30451559835544425e-06  5.25963407655578147e-06 -2.08510652185307219e-09  2.86337337055847154e-09  4.00000000000000000e+00 -2.50000000000000000e+00  1.65000000000000013e+00 -1.00000000000000006e-01  1.60000000000000009e+00 -8.00000000000000044e-01  2.30000000000000027e+00
 3.92280000000002716e-07  9.91564797274391975e-06 -9.10492704143709753e-04  7.68763253906864174e-04 -1.24338653069754052e-04 -1.30451559804562268e-06  5.25963407577126294e-06 -2.08510663967520544e-09  2.86337347025765079e-09  4.00000000000000000e+00 -2.50000000000000000e+00  1.65000000000000013e+00 -1.00000000000000006e-01  1.60000000000000009e+00 -8.00000000000000044e-01  2.30000000000000027e+00
 3.93280000000002738e-07  9.91564797362660601e-06 -9.10492704131093977e-04  7.68763253901609046e-04 -1.24338653067000693e-04 -1.30451559756241537e-06  5.25963407610035896e-06 -2.08510653448904932e-09  2.86337338452932667e-09  4.00000000000000000e+00 -2.50000000000000000e+00  1.65000000000000013e+00 -1.00000000000000006e-01  1.60000000000000009e+00 -8.00000000000000044e-01  2.30000000000000027e+00
 3.94280000000002760e-07  9.91564797407825245e-06 -9.10492704134868735e-04  7.68763253923443468e-04 -1.24338653065224309e-04 -1.30451559793295226e-06  5.25963407661063701e-06 -2.08510640746071763e-09  2.86337330470401528e-09  4.00000000000000000e+00 -2.50000000000000000e+00  1.65000000000000013e+00 -1.00000000000000006e-01  1.60000000000000009e+00 -8.00000000000000044e-01  2.30000000000000027e+00
 3.95280000000002782e-07  9.91564797442915617e-06 -9.10492704112142448e-04  7.68763253916708079e-04 -1.24338653065890470e-04 -1.30451559902947093e-06  5.25963407647594607e-06 -2.08510638419754172e-09  2.86337328279001893e-09  4.00000000000000000e+00 -2.50000000000000000e+00  1.65000000000000013e+00 -1.00000000000000006e-01  1.60000000000000009e+00 -8.00000000000000044e-01  2.30000000000000027e+00
 3.96280000000002805e-07  9.91564797348171933e-06 -9.10492704134720633e-04  7.68763253931215029e-04 -1.24338653067000720e-04 -1.30451559874029261e-06  5.25963407654753221e-06 -2.08510648059060374e-09  2.86337325577824040e-09  4.00000000000000000e+00 -2.50000000000000000e+00  1.65000000000000013e+00 -1.00000000000000006e-01  1.60000000000000009e+00 -8.00000000000000044e-01  2.30000000000000027e+00
 3.97280000000002827e-07  9.91564797231165681e-06 -9.10492704157902176e-04  7.68763253906568078e-04 -1.24338653068569805e-04 -1.30451559874115997e-06  5.25963407707808739e-06 -2.08510647945148628e-09  2.86337331622946107e-09  4.00000000000000000e+00 -2.50000000000000000e+00  1.65000000000000013e+00 -1.00000000000000006e-01  1.60000000000000009e+00 -8.00000000000000044e-01  2.30000000000000027e+00
 3.98280000000002849e-07  9.91564797218664830e-06 -9.10492704146037535e-04  7.68763253923443468e-04 -1.24338653070035321e-04 -1.30451559817225749e-06  5.25963407685962828e-06 -2.08510652970466230e-09  2.86337349069991210e-09  4.00000000000000000e+00 -2.50000000000000000e+00  1.65000000000000013e+00 -1.00000000000000006e-01  1.60000000000000009e+00 -8.00000000000000044e-01  2.30000000000000027e+00
 3.99280000000002871e-07  9.91564797263298723e-06 -9.10492704126175710e-04  7.68763253927662316e-04 -1.24338653068036892e-04 -1.30451559760769161e-06  5.25963407633566471e-06 -2.08510650819348967e-09  2.86337334663807830e-09  4.00000000000000000e+00 -2.50000000000000000e+00  1.65000000000000013e+00 -1.00000000000000006e-01  1.60000000000000009e+00 -8.00000000000000044e-01  2.30000000000000027e+00
 4.00280000000002893e-07  9.91564797359135589e-06 -9.10492704127408015e-04  7.68763253915819901e-04 -1.24338653067341160e-04 -1.30451559864921963e-06  5.25963407614738877e-06 -2.08510639153395919e-09  2.86337330035288727e-09  4.00000000000000000e+00 -2.50000000000000000e+00  1.65000000000000013e+00 -1.00000000000000006e-01  1.60000000000000009e+00 -8.00000000000000044e-01  2.30000000000000027e+00
 4.01280000000002916e-07  9.91564797377975126e-06 -9.10492704115017969e-04  7.68763253913451461e-04 -1.24338653067755623e-04 -1.30451559857384598e-06  5.25963407569674691e-06 -2.08510651655061865e-09  2.86337333138334331e-09  4.00000000000000000e+00 -2.50000000000000000e+00  1.65000000000000013e+00 -1.00000000000000006e-01  1.60000000000000009e+00 -8.00000000000000044e-01  2.30000000000000027e+00
 4.02280000000002938e-07  9.91564797267969263e-06 -9.10492704121490548e-04  7.68763253898574472e-04 -1.24338653066156940e-04 -1.30451559776138807e-06  5.25963407570511136e-06 -2.08510659319811595e-09  2.86337317710127780e-09  4.00000000000000000e+00 -2.50000000000000000e+00  1.65000000000000013e+00 -1.00000000000000006e-01  1.60000000000000009e+00 -8.00000000000000044e-01  2.30000000000000027e+00
 4.03280000000002960e-07  9.91564797216494901e-06 -9.10492704122186280e-04  7.68763253903015364e-04 -1.24338653063862470e-04 -1.30451559818865055e-06  5.25963407762656833e-06 -2.08510633584273198e-09  2.86337323636657252e-09  4.00000000000000000e+00 -2.50000000000000000e+00  1.65000000000000013e+00 -1.00000000000000006e-01  1.60000000000000009e+00 -8.00000000000000044e-01  2.30000000000000027e+00
 4.04280000000002982e-07  9.91564797260654795e-06 -9.10492704122848728e-04  7.68763253915819901e-04 -1.24338653066142141e-04 -1.30451559901463917e-06  5.25963407773705107e-06 -2.08510633812203519e-09  2.86337334098030105e-09  4.00000000000000000e+00 -2.50000000000000000e+00  1.65000000000000013e+00 -1.00000000000000006e-01  1.60000000000000009e+00 -8.00000000000000044e-01  2.30000000000000027e+00
 4.05280000000003004e-07  9.91564797333339708e-06 -9.10492704132244857e-04  7.68763253924331647e-04 -1.24338653069295163e-04 -1.30451559914457000e-06  5.25963407717349718e-06 -2.08510648715387161e-09  2.86337331187548218e-09  4.00000000000000000e+00 -2.50000000000000000e+00  1.65000000000000013e+00 -1.00000000000000006e-01  1.60000000000000009e+00 -8.00000000000000044e-01  2.30000000000000027e+00
 4.06280000000003027e-07  9.91564797354468606e-06 -9.10492704135978958e-04  7.68763253920778933e-04 -1.24338653069087945e-04 -1.30451559808456714e-06  5.25963407539262989e-06 -2.08510660745675881e-09  2.86337336970486250e-09  4.00000000000000000e+00 -2.50000000000000000e+00  1.65000000000000013e+00 -1.00000000000000006e-01  1.60000000000000009e+00 -8.00000000000000044e-01  2.30000000000000027e+00
 4.07280000000003049e-07  9.91564797278201421e-06 -9.10492704135005670e-04  7.68763253892135179e-04 -1.24338653067578031e-04 -1.30451559803365305e-06  5.25963407560611692e-06 -2.08510645955999533e-09  2.86337339377468633e-09  4.00000000000000000e+00 -2.50000000000000000e+00  1.65000000000000013e+00 -1.00000000000000006e-01  1.60000000000000009e+00 -8.00000000000000044e-01  2.30000000000000027e+00
 4.08280000000003071e-07  9.91564797234323081e-06 -9.10492704137029984e-04  7.68763253895909937e-04 -1.24338653065327986e-04 -1.30451559800130041e-06  5.25963407694004220e-06 -2.08510648468128856e-09  2.86337320539934038e-09  4.00000000000000000e+00 -2.50000000000000000e+00  1.65000000000000013e+00 -1.00000000000000006e-01  1.60000000000000009e+00 -8.00000000000000044e-01  2.30000000000000027e+00
 4.09280000000003093e-07  9.91564797270470213e-06 -9.10492704124225339e-04  7.68763253905679900e-04 -1.24338653066645454e-04 -1.30451559840670520e-06  5.25963407776226216e-06 -2.08510641904516249e-09  2.86337335445149567e-09  4.00000000000000000e+00 -2.50000000000000000e+00  1.65000000000000013e+00 -1.00000000000000006e-01  1.60000000000000009e+00 -8.00000000000000044e-01  2.30000000000000027e+00
 4.10280000000003115e-07  9.91564797429044606e-06 -9.10492704114203733e-04  7.68763253931733169e-04 -1.24338653068569832e-04 -1.30451559906642063e-06  5.25963407659872604e-06 -2.08510650495976065e-09  2.86337338590892249e-09  4.00000000000000000e+00 -2.50000000000000000e+00  1.65000000000000013e+00 -1.00000000000000006e-01  1.60000000000000009e+00 -8.00000000000000044e-01  2.30000000000000027e+00
 4.11280000000003138e-07  9.91564797426962938e-06 -9.10492704119358898e-04  7.68763253920482837e-04 -1.24338653067681626e-04 -1.30451559831094855e-06  5.25963407533700355e-06 -2.08510651335485143e-09  2.86337330884242264e-09  4.00000000000000000e+00 -2.50000000000000000e+00  1.65000000000000013e+00 -1.00000000000000006e-01  1.60000000000000009e+00 -8.00000000000000044e-01  2.30000000000000027e+00
 4.12280000000003160e-07  9.91564797302163644e-06 -9.10492704131656461e-04  7.68763253905679900e-04 -1.24338653066926696e-04 -1.30451559792531944e-06  5.25963407667705795e-06 -2.08510645862504880e-09  2.86337328930681374e-09  4.00000000000000000e+00 -2.50000000000000000e+00  1.65000000000000013e+00 -1.00000000000000006e-01  1.60000000000000009e+00 -8.00000000000000044e-01  2.30000000000000027e+00
 4.13280000000003182e-07  9.91564797188448963e-06 -9.10492704121412810e-04  7.68763253895095810e-04 -1.24338653066852672e-04 -1.30451559823054416e-06  5.25963407612287140e-06 -2.08510647601805477e-09  2.86337342503856405e-09  4.00000000000000000e+00 -2.50000000000000000e+00  1.65000000000000013e+00 -1.00000000000000006e-01  1.60000000000000009e+00 -8.00000000000000044e-01  2.30000000000000027e+00
 4.14280000000003204e-07  9.91564797228202252e-06 -9.10492704109855432e-04  7.68763253902793320e-04 -1.24338653066423410e-04 -1.30451559848537508e-06  5.25963407705526663e-06 -2.08510648791437816e-09  2.86337326927334675e-09  4.00000000000000000e+00 -2.50000000000000000e+00  1.65000000000000013e+00 -1.00000000000000006e-01  1.60000000000000009e+00 -8.00000000000000044e-01  2.30000000000000027e+00
 4.15280000000003226e-07  9.91564797354163675e-06 -9.10492704121964236e-04  7.68763253935877966e-04 -1.24338653065831273e-04 -1.30451559814614982e-06  5.25963407702673941e-06 -2.08510647349294616e-09  2.86337319193493732e-09  4.00000000000000000e+00 -2.50000000000000000e+00  1.65000000000000013e+00 -1.00000000000000006e-01  1.60000000000000009e+00 -8.00000000000000044e-01  2.30000000000000027e+00
 4.16280000000003248e-07  9.91564797353729994e-06 -9.10492704123148510e-04  7.68763253919890754e-04 -1.24338653067652055e-04 -1.30451559900076138e-06  5.25963407702905266e-06 -2.08510631684871049e-09  2.86337333003967236e-09  4.00000000000000000e+00 -2.50000000000000000e+00  1.65000000000000013e+00 -1.00000000000000006e-01  1.60000000000000009e+00 -8.00000000000000044e-01  2.30000000000000027e+00
 4.17280000000003271e-07  9.91564797256398962e-06 -9.10492704144305631e-04  7.68763253933583469e-04 -1.24338653069309962e-04 -1.30451559880638553e-06  5.25963407623088758e-06 -2.08510648329949203e-09  2.86337334284464869e-09  4.00000000000000000e+00 -2.50000000000000000e+00  1.65000000000000013e+00 -1.00000000000000006e-01  1.60000000000000009e+00 -8.00000000000000044e-01  2.30000000000000027e+00
 4.18280000000003293e-07  9.91564797213127607e-06 -9.10492704137414875e-04  7.68763253906568078e-04 -1.24338653069028720e-04 -1.30451559850619176e-06  5.25963407632020636e-06 -2.08510658079474202e-09  2.86337334929081095e-09  4.00000000000000000e+00 -2.50000000000000000e+00  1.65000000000000013e+00 -1.00000000000000006e-01  1.60000000000000009e+00 -8.00000000000000044e-01  2.30000000000000027e+00
 4.19280000000003315e-07  9.91564797308503178e-06 -9.10492704117993345e-04  7.68763253906346034e-04 -1.24338653066941496e-04 -1.30451559768558074e-06  5.25963407626373128e-06 -2.08510654546813694e-09  2.86337336319096614e-09  4.00000000000000000e+00 -2.50000000000000000e+00  1.65000000000000013e+00 -1.00000000000000006e-01  1.60000000000000009e+00 -8.00000000000000044e-01  2.30000000000000027e+00
 4.20280000000003337e-07  9.91564797375064551e-06 -9.10492704111657701e-04  7.68763253903015364e-04 -1.24338653066793475e-04 -1.30451559812099633e-06  5.25963407590757341e-06 -2.08510647116636462e-09  2.86337337071854298e-09  4.00000000000000000e+00 -2.50000000000000000e+00  1.65000000000000013e+00 -1.00000000000000006e-01  1.60000000000000009e+00 -8.00000000000000044e-01  2.30000000000000027e+00
 4.21280000000003359e-07  9.91564797403658859e-06 -9.10492704116083740e-04  7.68763253913969601e-04 -1.24338653066527005e-04 -1.30451559844200699e-06  5.25963407723220843e-06 -2.08510643400152144e-09  2.86337317785582285e-09  4.00000000000000000e+00 -2.50000000000000000e+00  1.65000000000000013e+00 -1.00000000000000006e-01  1.60000000000000009e+00 -8.00000000000000044e-01  2.30000000000000027e+00
 4.22280000000003382e-07  9.91564797358444918e-06 -9.10492704138502872e-04  7.68763253917226219e-04 -1.24338653067548405e-04 -1.30451559886632031e-06  5.25963407713953540e-06 -2.08510645324876360e-09  2.86337328634552700e-09  4.00000000000000000e+00 -2.50000000000000000e+00  1.65000000000000013e+00 -1.00000000000000006e-01  1.60000000000000009e+00 -8.00000000000000044e-01  2.30000000000000027e+00
 4.23280000000003404e-07  9.91564797283325462e-06 -9.10492704138780428e-04  7.68763253916115996e-04 -1.24338653068170114e-04 -1.30451559840497048e-06  5.25963407695584699e-06 -2.08510645473361566e-09  2.86337337284303479e-09  4.00000000000000000e+00 -2.50000000000000000e+00  1.65000000000000013e+00 -1.00000000000000006e-01  1.60000000000000009e+00 -8.00000000000000044e-01  2.30000000000000027e+00
 4.24280000000003426e-07  9.91564797224031462e-06 -9.10492704128407215e-04  7.68763253898056332e-04 -1.24338653068140542e-04 -1.30451559809853175e-06  5.25963407597707755e-06 -2.08510655153181626e-09  2.86337338960189928e-09  4.00000000000000000e+00 -2.50000000000000000e+00  1.65000000000000013e+00 -1.00000000000000006e-01  1.60000000000000009e+00 -8.00000000000000044e-01  2.30000000000000027e+00
 4.25280000000003448e-07  9.91564797288386315e-06 -9.10492704110965655e-04  7.68763253896798116e-04 -1.24338653067859273e-04 -1.30451559835960763e-06  5.25963407545666050e-06 -2.08510653665283551e-09  2.86337339906079065e-09  4.00000000000000000e+00 -2.50000000000000000e+00  1.65000000000000013e+00 -1.00000000000000006e-01  1.60000000000000009e+00 -8.00000000000000044e-01  2.30000000000000027e+00
 4.26280000000003470e-07  9.91564797365409053e-06 -9.10492704112057338e-04  7.68763253909232613e-04 -1.24338653065683252e-04 -1.30451559793199829e-06  5.25963407618474377e-06 -2.08510643169532204e-09  2.86337327187740272e-09  4.00000000000000000e+00 -2.50000000000000000e+00  1.65000000000000013e+00 -1.00000000000000006e-01  1.60000000000000009e+00 -8.00000000000000044e-01  2.30000000000000027e+00
 4.27280000000003493e-07  9.91564797384382083e-06 -9.10492704097802031e-04  7.68763253887324249e-04 -1.24338653065476007e-04 -1.30451559806036783e-06  5.25963407584786013e-06 -2.08510654054235663e-09  2.86337332063992937e-09  4.00000000000000000e+00 -2.50000000000000000e+00  1.65000000000000013e+00 -1.00000000000000006e-01  1.60000000000000009e+00 -8.00000000000000044e-01  2.30000000000000027e+00
 4.28280000000003515e-07  9.91564797318938454e-06 -9.10492704112460661e-04  7.68763253903311460e-04 -1.24338653064647026e-04 -1.30451559863464791e-06  5.25963407710730834e-06 -2.08510641662834092e-09  2.86337322309137628e-09  4.00000000000000000e+00 -2.50000000000000000e+00  1.65000000000000013e+00 -1.00000000000000006e-01  1.60000000000000009e+00 -8.00000000000000044e-01  2.30000000000000027e+00
 4.29280000000003537e-07  9.91564797243779188e-06 -9.10492704131467701e-04  7.68763253903903543e-04 -1.24338653064839445e-04 -1.30451559908211996e-06  5.25963407765563511e-06 -2.08510636103275481e-09  2.86337317838611015e-09  4.00000000000000000e+00 -2.50000000000000000e+00  1.65000000000000013e+00 -1.00000000000000006e-01  1.60000000000000009e+00 -8.00000000000000044e-01  2.30000000000000027e+00
 4.30280000000003559e-07  9.91564797272861048e-06 -9.10492704140453135e-04  7.68763253934101609e-04 -1.24338653067948069e-04 -1.30451559902843014e-06  5.25963407858513858e-06 -2.08510632475104109e-09  2.86337331059747407e-09  4.00000000000000000e+00 -2.50000000000000000e+00  1.65000000000000013e+00 -1.00000000000000006e-01  1.60000000000000009e+00 -8.00000000000000044e-01  2.30000000000000027e+00
 4.31280000000003581e-07  9.91564797352599544e-06 -9.10492704138691632e-04  7.68763253945647929e-04 -1.24338653069191540e-04 -1.30451559816176233e-06  5.25963407609156929e-06 -2.08510657193722295e-09  2.86337337444880535e-09  4.00000000000000000e+00 -2.50000000000000000e+00  1.65000000000000013e+00 -1.00000000000000006e-01  1.60000000000000009e+00 -8.00000000000000044e-01  2.30000000000000027e+00
 4.32280000000003603e-07  9.91564797373384885e-06 -9.10492704142462595e-04  7.68763253902793320e-04 -1.24338653067578004e-04 -1.30451559776893429e-06  5.25963407527782982e-06 -2.08510654523463998e-09  2.86337341747108113e-09  4.00000000000000000e+00 -2.50000000000000000e+00  1.65000000000000013e+00 -1.00000000000000006e-01  1.60000000000000009e+00 -8.00000000000000044e-01  2.30000000000000027e+00
 4.33280000000003626e-07  9.91564797348638309e-06 -9.10492704136489617e-04  7.68763253903015364e-04 -1.24338653066497406e-04 -1.30451559808838344e-06  5.25963407571752463e-06 -2.08510652494153589e-09  2.86337348933689215e-09  4.00000000000000000e+00 -2.50000000000000000e+00  1.65000000000000013e+00 -1.00000000000000006e-01  1.60000000000000009e+00 -8.00000000000000044e-01  2.30000000000000027e+00
 4.34280000000003648e-07  9.91564797294314190e-06 -9.10492704111465255e-04  7.68763253899462651e-04 -1.24338653066053317e-04 -1.30451559858772377e-06  5.25963407639850015e-06 -2.08510648020528150e-09  2.86337329885624871e-09  4.00000000000000000e+00 -2.50000000000000000e+00  1.65000000000000013e+00 -1.00000000000000006e-01  1.60000000000000009e+00 -8.00000000000000044e-01  2.30000000000000027e+00
 4.35280000000003670e-07  9.91564797315513900e-06 -9.10492704138506559e-04  7.68763253919668710e-04 -1.24338653066615828e-04 -1.30451559849855894e-06  5.25963407790767061e-06 -2.08510638147153244e-09  2.86337319505445668e-09  4.00000000000000000e+00 -2.50000000000000000e+00  1.65000000000000013e+00 -1.00000000000000006e-01  1.60000000000000009e+00 -8.00000000000000044e-01  2.30000000000000027e+00
 4.36280000000003692e-07  9.91564797348542933e-06 -9.10492704115288044e-04  7.68763253912785327e-04 -1.24338653068984295e-04 -1.30451559894065317e-06  5.25963407644977106e-06 -2.08510648075305746e-09  2.86337334242214675e-09  4.00000000000000000e+00 -2.50000000000000000e+00  1.65000000000000013e+00 -1.00000000000000006e-01  1.60000000000000009e+00 -8.00000000000000044e-01  2.30000000000000027e+00
 4.37280000000003714e-07  9.91564797314899801e-06 -9.10492704130202112e-04  7.68763253906568078e-04 -1.24338653067903671e-04 -1.30451559807606695e-06  5.25963407613077421e-06 -2.08510647726623599e-09  2.86337325640534505e-09  4.00000000000000000e+00 -2.50000000000000000e+00  1.65000000000000013e+00 -1.00000000000000006e-01  1.60000000000000009e+00 -8.00000000000000044e-01  2.30000000000000027e+00
 4.38280000000003737e-07  9.91564797242357697e-06 -9.10492704115621111e-04  7.68763253905679900e-04 -1.24338653066985894e-04 -1.30451559787405849e-06  5.25963407579022885e-06 -2.08510657217329823e-09  2.86337338808596798e-09  4.00000000000000000e+00 -2.50000000000000000e+00  1.65000000000000013e+00 -1.00000000000000006e-01  1.60000000000000009e+00 -8.00000000000000044e-01  2.30000000000000027e+00
 4.39280000000003759e-07  9.91564797288906901e-06 -9.10492704117738015e-04  7.68763253895687892e-04 -1.24338653065875698e-04 -1.30451559821389086e-06  5.25963407689247198e-06 -2.08510646470684793e-09  2.86337327800940386e-09  4.00000000000000000e+00 -2.50000000000000000e+00  1.65000000000000013e+00 -1.00000000000000006e-01  1.60000000000000009e+00 -8.00000000000000044e-01  2.30000000000000027e+00
 4.40280000000003781e-07  9.91564797361642128e-06 -9.10492704138277141e-04  7.68763253930252800e-04 -1.24338653066837873e-04 -1.30451559904048659e-06  5.25963407730710985e-06 -2.08510636584611218e-09  2.86337337247937434e-09  4.00000000000000000e+00 -2.50000000000000000e+00  1.65000000000000013e+00 -1.00000000000000006e-01  1.60000000000000009e+00 -8.00000000000000044e-01  2.30000000000000027e+00
 4.41280000000003803e-07  9.91564797405522331e-06 -9.10492704116150310e-04  7.68763253920852984e-04 -1.24338653067504007e-04 -1.30451559851512542e-06  5.25963407587372682e-06 -2.08510647812731943e-09  2.86337333909259755e-09  4.00000000000000000e+00 -2.50000000000000000e+00  1.65000000000000013e+00 -1.00000000000000006e-01  1.60000000000000009e+00 -8.00000000000000044e-01  2.30000000000000027e+00
 4.42280000000003825e-07  9.91564797306950397e-06 -9.10492704137947761e-04  7.68763253897686294e-04 -1.24338653066378984e-04 -1.30451559787848190e-06  5.25963407578363724e-06 -2.08510650760527244e-09  2.86337323786988064e-09  4.00000000000000000e+00 -2.50000000000000000e+00  1.65000000000000013e+00 -1.00000000000000006e-01  1.60000000000000009e+00 -8.00000000000000044e-01  2.30000000000000027e+00
 4.43280000000003848e-07  9.91564797238566208e-06 -9.10492704120528318e-04  7.68763253887398191e-04 -1.24338653065816473e-04 -1.30451559833991835e-06  5.25963407696278588e-06 -2.08510646713925979e-09  2.86337321920113221e-09  4.00000000000000000e+00 -2.50000000000000000e+00  1.65000000000000013e+00 -1.00000000000000006e-01  1.60000000000000009e+00 -8.00000000000000044e-01  2.30000000000000027e+00
 4.44280000000003870e-07  9.91564797265796624e-06 -9.10492704139135721e-04  7.68763253906642129e-04 -1.24338653066734250e-04 -1.30451559837808227e-06  5.25963407799864788e-06 -2.08510638511597276e-09  2.86337334769767392e-09  4.00000000000000000e+00 -2.50000000000000000e+00  1.65000000000000013e+00 -1.00000000000000006e-01  1.60000000000000009e+00 -8.00000000000000044e-01  2.30000000000000027e+00
 4.45280000000003892e-07  9.91564797352450466e-06 -9.10492704122123396e-04  7.68763253912785327e-04 -1.24338653068895472e-04 -1.30451559880014057e-06  5.25963407609469231e-06 -2.08510653861847431e-09  2.86337353890658041e-09  4.00000000000000000e+00 -2.50000000000000000e+00  1.65000000000000013e+00 -1.00000000000000006e-01  1.60000000000000009e+00 -8.00000000000000044e-01  2.30000000000000027e+00
 4.46280000000003914e-07  9.91564797391752625e-06 -9.10492704103490081e-04  7.68763253899462651e-04 -1.24338653068525407e-04 -1.30451559824242697e-06  5.25963407457626970e-06 -2.08510671009313317e-09  2.86337332939899782e-09  4.00000000000000000e+00 -2.50000000000000000e+00  1.65000000000000013e+00 -1.00000000000000006e-01  1.60000000000000009e+00 -8.00000000000000044e-01  2.30000000000000027e+00
 4.47280000000003936e-07  9.91564797349493813e-06 -9.10492704131919271e-04  7.68763253903089415e-04 -1.24338653065757249e-04 -1.30451559821848771e-06  5.25963407734161120e-06 -2.08510636143461239e-09  2.86337311867916053e-09  4.00000000000000000e+00 -2.50000000000000000e+00  1.65000000000000013e+00 -1.00000000000000006e-01  1.60000000000000009e+00 -8.00000000000000044e-01  2.30000000000000027e+00
 4.48280000000003959e-07  9.91564797267552015e-06 -9.10492704147706556e-04  7.68763253928180456e-04 -1.24338653066304961e-04 -1.30451559842110349e-06  5.25963407799332767e-06 -2.08510627853302581e-09  2.86337323128671907e-09  4.00000000000000000e+00 -2.50000000000000000e+00  1.65000000000000013e+00 -1.00000000000000006e-01  1.60000000000000009e+00 -8.00000000000000044e-01  2.30000000000000027e+00
 4.49280000000003981e-07  9.91564797237548075e-06 -9.10492704153890520e-04  7.68763253946536107e-04 -1.24338653069176741e-04 -1.30451559942212576e-06  5.25963407802844650e-06 -2.08510642351282081e-09  2.86337332275412485e-09  4.00000000000000000e+00 -2.50000000000000000e+00  1.65000000000000013e+00 -1.00000000000000006e-01  1.60000000000000009e+00 -8.00000000000000044e-01  2.30000000000000027e+00
 4.50280000000004003e-07  9.91564797311250275e-06 -9.10492704138043930e-04  7.68763253927588265e-04 -1.24338653070153743e-04 -1.30451559782201678e-06  5.25963407546151824e-06 -2.08510663761006839e-09  2.86337349568756552e-09  4.00000000000000000e+00 -2.50000000000000000e+00  1.65000000000000013e+00 -1.00000000000000006e-01  1.60000000000000009e+00 -8.00000000000000044e-01  2.30000000000000027e+00
 4.51280000000004025e-07  9.91564797339508480e-06 -9.10492704132544639e-04  7.68763253909898747e-04 -1.24338653068658628e-04 -1.30451559809159285e-06  5.25963407447758274e-06 -2.08510668903946669e-09  2.86337339807630345e-09  4.00000000000000000e+00 -2.50000000000000000e+00  1.65000000000000013e+00 -1.00000000000000006e-01  1.60000000000000009e+00 -8.00000000000000044e-01  2.30000000000000027e+00
 4.52280000000004047e-07  9.91564797352973593e-06 -9.10492704110721384e-04  7.68763253898574472e-04 -1.24338653065461180e-04 -1.30451559757134924e-06  5.25963407600668389e-06 -2.08510642632588258e-09  2.86337330268846730e-09  4.00000000000000000e+00 -2.50000000000000000e+00  1.65000000000000013e+00 -1.00000000000000006e-01  1.60000000000000009e+00 -8.00000000000000044e-01  2.30000000000000027e+00
 4.53280000000004069e-07  9.91564797322696909e-06 -9.10492704116135565e-04  7.68763253898056332e-04 -1.24338653064099314e-04 -1.30451559871782803e-06  5.25963407790620609e-06 -2.08510622787235664e-09  2.86337320209723744e-09  4.00000000000000000e+00 -2.50000000000000000e+00  1.65000000000000013e+00 -1.00000000000000006e-01  1.60000000000000009e+00 -8.00000000000000044e-01  2.30000000000000027e+00
 4.54280000000004092e-07  9.91564797286248912e-06 -9.10492704134957531e-04  7.68763253909898747e-04 -1.24338653066423383e-04 -1.30451559916269778e-06  5.25963407804031936e-06 -2.08510637649542853e-09  2.86337310743250108e-09  4.00000000000000000e+00 -2.50000000000000000e+00  1.65000000000000013e+00 -1.00000000000000006e-01  1.60000000000000009e+00 -8.00000000000000044e-01  2.30000000000000027e+00
 4.55280000000004114e-07  9.91564797275156338e-06 -9.10492704147454913e-04  7.68763253935285883e-04 -1.24338653069709654e-04 -1.30451559855927426e-06  5.25963407730695569e-06 -2.08510653433552005e-09  2.86337336109847216e-09  4.00000000000000000e+00 -2.50000000000000000e+00  1.65000000000000013e+00 -1.00000000000000006e-01  1.60000000000000009e+00 -8.00000000000000044e-01  2.30000000000000027e+00
 4.56280000000004136e-07  9.91564797309865376e-06 -9.10492704135908593e-04  7.68763253927662316e-04 -1.24338653069709626e-04 -1.30451559798221845e-06  5.25963407564994749e-06 -2.08510660015646804e-09  2.86337349784764512e-09  4.00000000000000000e+00 -2.50000000000000000e+00  1.65000000000000013e+00 -1.00000000000000006e-01  1.60000000000000009e+00 -8.00000000000000044e-01  2.30000000000000027e+00
 4.57280000000004158e-07  9.91564797351673228e-06 -9.10492704124406726e-04  7.68763253891247000e-04 -1.24338653066971094e-04 -1.30451559770639742e-06  5.25963407472919473e-06 -2.08510653082198147e-09  2.86337349259740652e-09  4.00000000000000000e+00 -2.50000000000000000e+00  1.65000000000000013e+00 -1.00000000000000006e-01  1.60000000000000009e+00 -8.00000000000000044e-01  2.30000000000000027e+00
 4.58280000000004180e-07  9.91564797386748693e-06 -9.10492704119159079e-04  7.68763253895687892e-04 -1.24338653065313160e-04 -1.30451559838658245e-06  5.25963407630613545e-06 -2.08510649363923025e-09  2.86337329283739099e-09  4.00000000000000000e+00 -2.50000000000000000e+00  1.65000000000000013e+00 -1.00000000000000006e-01  1.60000000000000009e+00 -8.00000000000000044e-01  2.30000000000000027e+00
 4.59280000000004203e-07  9.91564797416557985e-06 -9.10492704130072550e-04  7.68763253906568078e-04 -1.24338653064410182e-04 -1.30451559886710086e-06  5.25963407797972008e-06 -2.08510640928369714e-09  2.86337309157773920e-09  4.00000000000000000e+00 -2.50000000000000000e+00  1.65000000000000013e+00 -1.00000000000000006e-01  1.60000000000000009e+00 -8.00000000000000044e-01  2.30000000000000027e+00
 4.60280000000004225e-07  9.91564797358886900e-06 -9.10492704150012112e-04  7.68763253927884360e-04 -1.24338653067059918e-04 -1.30451559869093981e-06  5.25963407818742357e-06 -2.08510635923008300e-09  2.86337322711706001e-09  4.00000000000000000e+00 -2.50000000000000000e+00  1.65000000000000013e+00 -1.00000000000000006e-01  1.60000000000000009e+00 -8.00000000000000044e-01  2.30000000000000027e+00
 4.61280000000004247e-07  9.91564797279706090e-06 -9.10492704139032071e-04  7.68763253920778933e-04 -1.24338653069620830e-04 -1.30451559875269593e-06  5.25963407557095998e-06 -2.08510648562180118e-09  2.86337342702294677e-09  4.00000000000000000e+00 -2.50000000000000000e+00  1.65000000000000013e+00 -1.00000000000000006e-01  1.60000000000000009e+00 -8.00000000000000044e-01  2.30000000000000027e+00
 4.62280000000004269e-07  9.91564797251003532e-06 -9.10492704133614205e-04  7.68763253902793320e-04 -1.24338653069147142e-04 -1.30451559828406034e-06  5.25963407570484200e-06 -2.08510653667270108e-09  2.86337335628876018e-09  4.00000000000000000e+00 -2.50000000000000000e+00  1.65000000000000013e+00 -1.00000000000000006e-01  1.60000000000000009e+00 -8.00000000000000044e-01  2.30000000000000027e+00
 4.63280000000004291e-07  9.91564797284404243e-06 -9.10492704133625264e-04  7.68763253899462651e-04 -1.24338653068214566e-04 -1.30451559780727163e-06  5.25963407683356846e-06 -2.08510652280703685e-09  2.86337338052156340e-09  4.00000000000000000e+00 -2.50000000000000000e+00  1.65000000000000013e+00 -1.00000000000000006e-01  1.60000000000000009e+00 -8.00000000000000044e-01  2.30000000000000027e+00
 4.64280000000004314e-07  9.91564797350789604e-06 -9.10492704115987571e-04  7.68763253899240606e-04 -1.24338653066527005e-04 -1.30451559751739938e-06  5.25963407619106602e-06 -2.08510655228443730e-09  2.86337336148375179e-09  4.00000000000000000e+00 -2.50000000000000000e+00  1.65000000000000013e+00 -1.00000000000000006e-01  1.60000000000000009e+00 -8.00000000000000044e-01  2.30000000000000027e+00
 4.65280000000004336e-07  9.91564797390891870e-06 -9.10492704113552453e-04  7.68763253894799714e-04 -1.24338653064410155e-04 -1.30451559767786130e-06  5.25963407532081251e-06 -2.08510645227171481e-09  2.86337339335701802e-09  4.00000000000000000e+00 -2.50000000000000000e+00  1.65000000000000013e+00 -1.00000000000000006e-01  1.60000000000000009e+00 -8.00000000000000044e-01  2.30000000000000027e+00
 4.66280000000004358e-07  9.91564797343088211e-06 -9.10492704105928885e-04  7.68763253913377410e-04 -1.24338653064587801e-04 -1.30451559936479306e-06  5.25963407630702229e-06 -2.08510644861369136e-09  2.86337329295942288e-09  4.00000000000000000e+00 -2.50000000000000000e+00  1.65000000000000013e+00 -1.00000000000000006e-01  1.60000000000000009e+00 -8.00000000000000044e-01  2.30000000000000027e+00
 4.67280000000004380e-07  9.91564797257037625e-06 -9.10492704109041196e-04  7.68763253924627742e-04 -1.24338653066171739e-04 -1.30451559890795368e-06  5.25963407754719541e-06 -2.08510633705475175e-09  2.86337322338874605e-09  4.00000000000000000e+00 -2.50000000000000000e+00  1.65000000000000013e+00 -1.00000000000000006e-01  1.60000000000000009e+00 -8.00000000000000044e-01  2.30000000000000027e+00
 4.68280000000004402e-07  9.91564797213289221e-06 -9.10492704130860765e-04  7.68763253902793320e-04 -1.24338653067311561e-04 -1.30451559865294933e-06  5.25963407687115470e-06 -2.08510652357519564e-09  2.86337317760204467e-09  4.00000000000000000e+00 -2.50000000000000000e+00  1.65000000000000013e+00 -1.00000000000000006e-01  1.60000000000000009e+00 -8.00000000000000044e-01  2.30000000000000027e+00
 4.69280000000004425e-07  9.91564797281576509e-06 -9.10492704144294463e-04  7.68763253917226219e-04 -1.24338653067578004e-04 -1.30451559872840980e-06  5.25963407844381621e-06 -2.08510634522406896e-09  2.86337329741347863e-09  4.00000000000000000e+00 -2.50000000000000000e+00  1.65000000000000013e+00 -1.00000000000000006e-01  1.60000000000000009e+00 -8.00000000000000044e-01  2.30000000000000027e+00
 4.70280000000004447e-07  9.91564797348074185e-06 -9.10492704159138167e-04  7.68763253923147372e-04 -1.24338653069058319e-04 -1.30451559859049928e-06  5.25963407738443973e-06 -2.08510649590438825e-09  2.86337337162865879e-09  4.00000000000000000e+00 -2.50000000000000000e+00  1.65000000000000013e+00 -1.00000000000000006e-01  1.60000000000000009e+00 -8.00000000000000044e-01  2.30000000000000027e+00
 4.71280000000004469e-07  9.91564797401352896e-06 -9.10492704157084254e-04  7.68763253913673505e-04 -1.24338653070227767e-04 -1.30451559823149813e-06  5.25963407602225744e-06 -2.08510658750981119e-09  2.86337343718611170e-09  4.00000000000000000e+00 -2.50000000000000000e+00  1.65000000000000013e+00 -1.00000000000000006e-01  1.60000000000000009e+00 -8.00000000000000044e-01  2.30000000000000027e+00
 4.72280000000004491e-07  9.91564797360506765e-06 -9.10492704124750852e-04  7.68763253915449862e-04 -1.24338653068703053e-04 -1.30451559756076747e-06  5.25963407461023149e-06 -2.08510660191673485e-09  2.86337343075660431e-09  4.00000000000000000e+00 -2.50000000000000000e+00  1.65000000000000013e+00 -1.00000000000000006e-01  1.60000000000000009e+00 -8.00000000000000044e-01  2.30000000000000027e+00
 4.73280000000004513e-07  9.91564797288931296e-06 -9.10492704112560625e-04  7.68763253902127186e-04 -1.24338653065994093e-04 -1.30451559804935217e-06  5.25963407529363546e-06 -2.08510653053808316e-09  2.86337329617982395e-09  4.00000000000000000e+00 -2.50000000000000000e+00  1.65000000000000013e+00 -1.00000000000000006e-01  1.60000000000000009e+00 -8.00000000000000044e-01  2.30000000000000027e+00
 4.74280000000004535e-07  9.91564797292675351e-06 -9.10492704105814177e-04  7.68763253887694287e-04 -1.24338653063655225e-04 -1.30451559807884247e-06  5.25963407658469324e-06 -2.08510640728663788e-09  2.86337327303327389e-09  4.00000000000000000e+00 -2.50000000000000000e+00  1.65000000000000013e+00 -1.00000000000000006e-01  1.60000000000000009e+00 -8.00000000000000044e-01  2.30000000000000027e+00
 4.75280000000004558e-07  9.91564797316477993e-06 -9.10492704113752271e-04  7.68763253891247000e-04 -1.24338653065387156e-04 -1.30451559880907444e-06  5.25963407693765187e-06 -2.08510637001703352e-09  2.86337344403040386e-09  4.00000000000000000e+00 -2.50000000000000000e+00  1.65000000000000013e+00 -1.00000000000000006e-01  1.60000000000000009e+00 -8.00000000000000044e-01  2.30000000000000027e+00
 4.76280000000004580e-07  9.91564797316077177e-06 -9.10492704103652928e-04  7.68763253895391797e-04 -1.24338653065905269e-04 -1.30451559825734555e-06  5.25963407649919120e-06 -2.08510649428754629e-09  2.86337323475622434e-09  4.00000000000000000e+00 -2.50000000000000000e+00  1.65000000000000013e+00 -1.00000000000000006e-01  1.60000000000000009e+00 -8.00000000000000044e-01  2.30000000000000027e+00
 4.77280000000004602e-07  9.91564797308599739e-06 -9.10492704116120711e-04  7.68763253924331647e-04 -1.24338653066216137e-04 -1.30451559861018835e-06  5.25963407715237218e-06 -2.08510642898423965e-09  2.86337312222993381e-09  4.00000000000000000e+00 -2.50000000000000000e+00  1.65000000000000013e+00 -1.00000000000000006e-01  1.60000000000000009e+00 -8.00000000000000044e-01  2.30000000000000027e+00
 4.78280000000004571e-07  9.91564797307941087e-06 -9.10492704134169316e-04  7.68763253925515921e-04 -1.24338653067504007e-04 -1.30451559910571215e-06  5.25963407761824200e-06 -2.08510641161837182e-09  2.86337325895119439e-09  4.00000000000000000e+00 -2.50000000000000000e+00  1.65000000000000013e+00 -1.00000000000000006e-01  1.60000000000000009e+00 -8.00000000000000044e-01  2.30000000000000027e+00
 4.79280000000004541e-07  9.91564797298902398e-06 -9.10492704144875487e-04  7.68763253930918934e-04 -1.24338653069561633e-04 -1.30451559872840980e-06  5.25963407738763897e-06 -2.08510653913988637e-09  2.86337342324493953e-09  4.00000000000000000e+00 -2.50000000000000000e+00  1.65000000000000013e+00 -1.00000000000000006e-01  1.60000000000000009e+00 -8.00000000000000044e-01  2.30000000000000027e+00
 4.80280000000004510e-07  9.91564797317970465e-06 -9.10492704144146470e-04  7.68763253914561684e-04 -1.24338653069546834e-04 -1.30451559801526502e-06  5.25963407656723081e-06 -2.08510651515189552e-09  2.86337348218726613e-09  4.00000000000000000e+00 -2.50000000000000000e+00  1.65000000000000013e+00 -1.00000000000000006e-01  1.60000000000000009e+00 -8.00000000000000044e-01  2.30000000000000027e+00
 4.81280000000004479e-07  9.91564797362091395e-06 -9.10492704118666851e-04  7.68763253910120792e-04 -1.24338653068244165e-04 -1.30451559805100028e-06  5.25963407527328126e-06 -2.08510653562239057e-09  2.86337335619168143e-09  4.00000000000000000e+00 -2.50000000000000000e+00  1.65000000000000013e+00 -1.00000000000000006e-01  1.60000000000000009e+00 -8.00000000000000044e-01  2.30000000000000027e+00
 4.82280000000004448e-07  9.91564797380056794e-06 -9.10492704125032094e-04  7.68763253909898747e-04 -1.24338653066290161e-04 -1.30451559789461492e-06  5.25963407479311014e-06 -2.08510653695086496e-09  2.86337330335361812e-09  4.00000000000000000e+00 -2.50000000000000000e+00  1.65000000000000013e+00 -1.00000000000000006e-01  1.60000000000000009e+00 -8.00000000000000044e-01  2.30000000000000027e+00
 4.83280000000004418e-07  9.91564797319354686e-06 -9.10492704111343066e-04  7.68763253888582465e-04 -1.24338653064010518e-04 -1.30451559805863311e-06  5.25963407659822459e-06 -2.08510637750072719e-09  2.86337323537182745e-09  4.00000000000000000e+00 -2.50000000000000000e+00  1.65000000000000013e+00 -1.00000000000000006e-01  1.60000000000000009e+00 -8.00000000000000044e-01  2.30000000000000027e+00
 4.84280000000004387e-07  9.91564797289111375e-06 -9.10492704122264017e-04  7.68763253898352428e-04 -1.24338653063936467e-04 -1.30451559864609704e-06  5.25963407738154880e-06 -2.08510635390442166e-09  2.86337319983105828e-09  4.00000000000000000e+00 -2.50000000000000000e+00  1.65000000000000013e+00 -1.00000000000000006e-01  1.60000000000000009e+00 -8.00000000000000044e-01  2.30000000000000027e+00
 4.85280000000004356e-07  9.91564797315076323e-06 -9.10492704121993834e-04  7.68763253937432278e-04 -1.24338653066512179e-04 -1.30451559904412947e-06  5.25963407824039108e-06 -2.08510638515135335e-09  2.86337326012966951e-09  4.00000000000000000e+00 -2.50000000000000000e+00  1.65000000000000013e+00 -1.00000000000000006e-01  1.60000000000000009e+00 -8.00000000000000044e-01  2.30000000000000027e+00
 4.86280000000004325e-07  9.91564797376598189e-06 -9.10492704140601129e-04  7.68763253938542501e-04 -1.24338653068688227e-04 -1.30451559912913092e-06  5.25963407728887578e-06 -2.08510654176547344e-09  2.86337334262995686e-09  4.00000000000000000e+00 -2.50000000000000000e+00  1.65000000000000013e+00 -1.00000000000000006e-01  1.60000000000000009e+00 -8.00000000000000044e-01  2.30000000000000027e+00
 4.87280000000004295e-07  9.91564797379955150e-06 -9.10492704163009202e-04  7.68763253921963207e-04 -1.24338653069694854e-04 -1.30451559856603972e-06  5.25963407636180076e-06 -2.08510653089234683e-09  2.86337327098444967e-09  4.00000000000000000e+00 -2.50000000000000000e+00  1.65000000000000013e+00 -1.00000000000000006e-01  1.60000000000000009e+00 -8.00000000000000044e-01  2.30000000000000027e+00
 4.88280000000004264e-07  9.91564797277753679e-06 -9.10492704149704958e-04  7.68763253902793320e-04 -1.24338653070242566e-04 -1.30451559852605426e-06  5.25963407617973187e-06 -2.08510651440357996e-09  2.86337337576582123e-09  4.00000000000000000e+00 -2.50000000000000000e+00  1.65000000000000013e+00 -1.00000000000000006e-01  1.60000000000000009e+00 -8.00000000000000044e-01  2.30000000000000027e+00
 4.89280000000004233e-07  9.91564797229648984e-06 -9.10492704137873710e-04  7.68763253908714473e-04 -1.24338653068939897e-04 -1.30451559808023033e-06  5.25963407590799693e-06 -2.08510658077687450e-09  2.86337338347381733e-09  4.00000000000000000e+00 -2.50000000000000000e+00  1.65000000000000013e+00 -1.00000000000000006e-01  1.60000000000000009e+00 -8.00000000000000044e-01  2.30000000000000027e+00
 4.90280000000004202e-07  9.91564797287675146e-06 -9.10492704134391361e-04  7.68763253909824696e-04 -1.24338653066719451e-04 -1.30451559710713728e-06  5.25963407643045786e-06 -2.08510647847563857e-09  2.86337337109211429e-09  4.00000000000000000e+00 -2.50000000000000000e+00  1.65000000000000013e+00 -1.00000000000000006e-01  1.60000000000000009e+00 -8.00000000000000044e-01  2.30000000000000027e+00
 4.91280000000004172e-07  9.91564797389964200e-06 -9.10492704119181305e-04  7.68763253919372614e-04 -1.24338653065165139e-04 -1.30451559816800729e-06  5.25963407569173502e-06 -2.08510647142666926e-09  2.86337343842917350e-09  4.00000000000000000e+00 -2.50000000000000000e+00  1.65000000000000013e+00 -1.00000000000000006e-01  1.60000000000000009e+00 -8.00000000000000044e-01  2.30000000000000027e+00
 4.92280000000004141e-07  9.91564797357480994e-06 -9.10492704100592442e-04  7.68763253908122390e-04 -1.24338653064928295e-04 -1.30451559863456130e-06  5.25963407620209100e-06 -2.08510640439213605e-09  2.86337332164864552e-09  4.00000000000000000e+00 -2.50000000000000000e+00  1.65000000000000013e+00 -1.00000000000000006e-01  1.60000000000000009e+00 -8.00000000000000044e-01  2.30000000000000027e+00
 4.93280000000004110e-07  9.91564797303416067e-06 -9.10492704123807162e-04  7.68763253903015364e-04 -1.24338653066260563e-04 -1.30451559875018045e-06  5.25963407684158732e-06 -2.08510635981918159e-09  2.86337320352690829e-09  4.00000000000000000e+00 -2.50000000000000000e+00  1.65000000000000013e+00 -1.00000000000000006e-01  1.60000000000000009e+00 -8.00000000000000044e-01  2.30000000000000027e+00
 4.94280000000004079e-07  9.91564797237773724e-06 -9.10492704117704622e-04  7.68763253895391797e-04 -1.24338653067503980e-04 -1.30451559843437417e-06  5.25963407688800049e-06 -2.08510646015855605e-09  2.86337330447378073e-09  4.00000000000000000e+00 -2.50000000000000000e+00  1.65000000000000013e+00 -1.00000000000000006e-01  1.60000000000000009e+00 -8.00000000000000044e-01  2.30000000000000027e+00
 4.95280000000004049e-07  9.91564797225611009e-06 -9.10492704117719476e-04  7.68763253904199638e-04 -1.24338653067814875e-04 -1.30451559834425516e-06  5.25963407574713097e-06 -2.08510659815893481e-09  2.86337327405056294e-09  4.00000000000000000e+00 -2.50000000000000000e+00  1.65000000000000013e+00 -1.00000000000000006e-01  1.60000000000000009e+00 -8.00000000000000044e-01  2.30000000000000027e+00
 4.96280000000004018e-07  9.91564797323179718e-06 -9.10492704131897045e-04  7.68763253913155365e-04 -1.24338653067844473e-04 -1.30451559830487702e-06  5.25963407722862293e-06 -2.08510649537222616e-09  2.86337328157761783e-09  4.00000000000000000e+00 -2.50000000000000000e+00  1.65000000000000013e+00 -1.00000000000000006e-01  1.60000000000000009e+00 -8.00000000000000044e-01  2.30000000000000027e+00
 4.97280000000003987e-07  9.91564797429034611e-06 -9.10492704118444807e-04  7.68763253895909937e-04 -1.24338653067045118e-04 -1.30451559810399596e-06  5.25963407594912969e-06 -2.08510644932809334e-09  2.86337350064178513e-09  4.00000000000000000e+00 -2.50000000000000000e+00  1.65000000000000013e+00 -1.00000000000000006e-01  1.60000000000000009e+00 -8.00000000000000044e-01  2.30000000000000027e+00
 4.98280000000003956e-07  9.91564797367255416e-06 -9.10492704111705731e-04  7.68763253895909937e-04 -1.24338653065446381e-04 -1.30451559796695280e-06  5.25963407666140732e-06 -2.08510643145555505e-09  2.86337327309917082e-09  4.00000000000000000e+00 -2.50000000000000000e+00  1.65000000000000013e+00 -1.00000000000000006e-01  1.60000000000000009e+00 -8.00000000000000044e-01  2.30000000000000027e+00
 4.99280000000003926e-07  9.91564797278118412e-06 -9.10492704141189634e-04  7.68763253913451461e-04 -1.24338653066201338e-04 -1.30451559932662915e-06  5.25963407702797354e-06 -2.08510649843020287e-09  2.86337320839673728e-09  4.00000000000000000e+00 -2.50000000000000000e+00  1.65000000000000013e+00 -1.00000000000000006e-01  1.60000000000000009e+00 -8.00000000000000044e-01  2.30000000000000027e+00
 5.00280000000003895e-07  9.91564797226062308e-06 -9.10492704133965703e-04  7.68763253938024361e-04 -1.24338653067607630e-04 -1.30451559838649584e-06  5.25963407674690937e-06 -2.08510646521314120e-09  2.86337330966761305e-09  4.00000000000000000e+00 -2.50000000000000000e+00  1.65000000000000013e+00 -1.00000000000000006e-01  1.60000000000000009e+00 -8.00000000000000044e-01  2.30000000000000027e+00
 5.01280000000003864e-07  9.91564797299173787e-06 -9.10492704127989039e-04  7.68763253924331647e-04 -1.24338653067829674e-04 -1.30451559837695486e-06  5.25963407706313048e-06 -2.08510647704917056e-09  2.86337331078057547e-09  4.00000000000000000e+00 -2.50000000000000000e+00  1.65000000000000013e+00 -1.00000000000000006e-01  1.60000000000000009e+00 -8.00000000000000044e-01  2.30000000000000027e+00
 5.02280000000003833e-07  9.91564797364284532e-06 -9.10492704121531205e-04  7.68763253913377410e-04 -1.24338653068347787e-04 -1.30451559836047499e-06  5.25963407584200035e-06 -2.08510653909738335e-09  2.86337346637633490e-09  4.00000000000000000e+00 -2.50000000000000000e+00  1.65000000000000013e+00 -1.00000000000000006e-01  1.60000000000000009e+00 -8.00000000000000044e-01  2.30000000000000027e+00
 5.03280000000003803e-07  9.91564797333471507e-06 -9.10492704128669918e-04  7.68763253910120792e-04 -1.24338653067133914e-04 -1.30451559817676773e-06  5.25963407578953513e-06 -2.08510649731555383e-09  2.86337334181987489e-09  4.00000000000000000e+00 -2.50000000000000000e+00  1.65000000000000013e+00 -1.00000000000000006e-01  1.60000000000000009e+00 -8.00000000000000044e-01  2.30000000000000027e+00
 5.04280000000003772e-07  9.91564797304489089e-06 -9.10492704129550723e-04  7.68763253891172949e-04 -1.24338653066319760e-04 -1.30451559772400491e-06  5.25963407696043452e-06 -2.08510642043711225e-09  2.86337332175651856e-09  4.00000000000000000e+00 -2.50000000000000000e+00  1.65000000000000013e+00 -1.00000000000000006e-01  1.60000000000000009e+00 -8.00000000000000044e-01  2.30000000000000027e+00
 5.05280000000003741e-07  9.91564797287653292e-06 -9.10492704122770990e-04  7.68763253901905141e-04 -1.24338653066393784e-04 -1.30451559847939016e-06  5.25963407711008322e-06 -2.08510638931706800e-09  2.86337333596393536e-09  4.00000000000000000e+00 -2.50000000000000000e+00  1.65000000000000013e+00 -1.00000000000000006e-01  1.60000000000000009e+00 -8.00000000000000044e-01  2.30000000000000027e+00
 5.06280000000003710e-07  9.91564797322188350e-06 -9.10492704117804585e-04  7.68763253913673505e-04 -1.24338653067844473e-04 -1.30451559920884138e-06  5.25963407654413985e-06 -2.08510647573149087e-09  2.86337329308086002e-09  4.00000000000000000e+00 -2.50000000000000000e+00  1.65000000000000013e+00 -1.00000000000000006e-01  1.60000000000000009e+00 -8.00000000000000044e-01  2.30000000000000027e+00
 5.07280000000003680e-07  9.91564797399006446e-06 -9.10492704127585607e-04  7.68763253917004175e-04 -1.24338653068466209e-04 -1.30451559811770031e-06  5.25963407589616303e-06 -2.08510658031798034e-09  2.86337327274754254e-09  4.00000000000000000e+00 -2.50000000000000000e+00  1.65000000000000013e+00 -1.00000000000000006e-01  1.60000000000000009e+00 -8.00000000000000044e-01  2.30000000000000027e+00
 5.08280000000003649e-07  9.91564797337731574e-06 -9.10492704108304806e-04  7.68763253903607447e-04 -1.24338653066438182e-04 -1.30451559818344638e-06  5.25963407613085129e-06 -2.08510640972163675e-09  2.86337321735421823e-09  4.00000000000000000e+00 -2.50000000000000000e+00  1.65000000000000013e+00 -1.00000000000000006e-01  1.60000000000000009e+00 -8.00000000000000044e-01  2.30000000000000027e+00
 5.09280000000003618e-07  9.91564797274239170e-06 -9.10492704128610720e-04  7.68763253901831090e-04 -1.24338653066971094e-04 -1.30451559896329140e-06  5.25963407725934651e-06 -2.08510642971187280e-09  2.86337329031434206e-09  4.00000000000000000e+00 -2.50000000000000000e+00  1.65000000000000013e+00 -1.00000000000000006e-01  1.60000000000000009e+00 -8.00000000000000044e-01  2.30000000000000027e+00
 5.10280000000003587e-07  9.91564797233059817e-06 -9.10492704119488460e-04  7.68763253905457855e-04 -1.24338653067074717e-04 -1.30451559772296411e-06  5.25963407604897285e-06 -2.08510653168170089e-09  2.86337344462947701e-09  4.00000000000000000e+00 -2.50000000000000000e+00  1.65000000000000013e+00 -1.00000000000000006e-01  1.60000000000000009e+00 -8.00000000000000044e-01  2.30000000000000027e+00
 5.11280000000003557e-07  9.91564797260041035e-06 -9.10492704103893513e-04  7.68763253887398191e-04 -1.24338653066349386e-04 -1.30451559786972168e-06  5.25963407584716641e-06 -2.08510648371990947e-09  2.86337337388607562e-09  4.00000000000000000e+00 -2.50000000000000000e+00  1.65000000000000013e+00 -1.00000000000000006e-01  1.60000000000000009e+00 -8.00000000000000044e-01  2.30000000000000027e+00
 5.12280000000003526e-07  9.91564797351450797e-06 -9.10492704103649242e-04  7.68763253913673505e-04 -1.24338653065505578e-04 -1.30451559872736901e-06  5.25963407617036453e-06 -2.08510645121551395e-09  2.86337329125749546e-09  4.00000000000000000e+00 -2.50000000000000000e+00  1.65000000000000013e+00 -1.00000000000000006e-01  1.60000000000000009e+00 -8.00000000000000044e-01  2.30000000000000027e+00
 5.13280000000003495e-07  9.91564797409701592e-06 -9.10492704120365471e-04  7.68763253906568078e-04 -1.24338653065327959e-04 -1.30451559924683187e-06  5.25963407829297235e-06 -2.08510636136447409e-09  2.86337318982807439e-09  4.00000000000000000e+00 -2.50000000000000000e+00  1.65000000000000013e+00 -1.00000000000000006e-01  1.60000000000000009e+00 -8.00000000000000044e-01  2.30000000000000027e+00
 5.14280000000003464e-07  9.91564797354237875e-06 -9.10492704153901687e-04  7.68763253907456257e-04 -1.24338653067474408e-04 -1.30451559899642458e-06  5.25963407772745250e-06 -2.08510645986936957e-09  2.86337316806231542e-09  4.00000000000000000e+00 -2.50000000000000000e+00  1.65000000000000013e+00 -1.00000000000000006e-01  1.60000000000000009e+00 -8.00000000000000044e-01  2.30000000000000027e+00
 5.15280000000003434e-07  9.91564797332291929e-06 -9.10492704142325661e-04  7.68763253908714473e-04 -1.24338653069369187e-04 -1.30451559797632035e-06  5.25963407657474823e-06 -2.08510650622820159e-09  2.86337343387771640e-09  4.00000000000000000e+00 -2.50000000000000000e+00  1.65000000000000013e+00 -1.00000000000000006e-01  1.60000000000000009e+00 -8.00000000000000044e-01  2.30000000000000027e+00
 5.16280000000003403e-07  9.91564797302674236e-06 -9.10492704125639030e-04  7.68763253909010569e-04 -1.24338653068895499e-04 -1.30451559790346196e-06  5.25963407479114417e-06 -2.08510661305074265e-09  2.86337355898285317e-09  4.00000000000000000e+00 -2.50000000000000000e+00  1.65000000000000013e+00 -1.00000000000000006e-01  1.60000000000000009e+00 -8.00000000000000044e-01  2.30000000000000027e+00
 5.17280000000003372e-07  9.91564797322999130e-06 -9.10492704116413120e-04  7.68763253895687892e-04 -1.24338653066142141e-04 -1.30451559778992440e-06  5.25963407507660190e-06 -2.08510656744617651e-09  2.86337335455127020e-09  4.00000000000000000e+00 -2.50000000000000000e+00  1.65000000000000013e+00 -1.00000000000000006e-01  1.60000000000000009e+00 -8.00000000000000044e-01  2.30000000000000027e+00
 5.18280000000003341e-07  9.91564797421429610e-06 -9.10492704126371843e-04  7.68763253892357223e-04 -1.24338653064025317e-04 -1.30451559818110454e-06  5.25963407808372641e-06 -2.08510638705518273e-09  2.86337314578584067e-09  4.00000000000000000e+00 -2.50000000000000000e+00  1.65000000000000013e+00 -1.00000000000000006e-01  1.60000000000000009e+00 -8.00000000000000044e-01  2.30000000000000027e+00
 5.19280000000003311e-07  9.91564797429620927e-06 -9.10492704130957042e-04  7.68763253913673505e-04 -1.24338653066393784e-04 -1.30451559965631343e-06  5.25963407902568126e-06 -2.08510629085616364e-09  2.86337310243604976e-09  4.00000000000000000e+00 -2.50000000000000000e+00  1.65000000000000013e+00 -1.00000000000000006e-01  1.60000000000000009e+00 -8.00000000000000044e-01  2.30000000000000027e+00
 5.20280000000003280e-07  9.91564797359241468e-06 -9.10492704161143941e-04  7.68763253951865178e-04 -1.24338653069916872e-04 -1.30451559874402231e-06  5.25963407746820790e-06 -2.08510639685746076e-09  2.86337326831925719e-09  4.00000000000000000e+00 -2.50000000000000000e+00  1.65000000000000013e+00 -1.00000000000000006e-01  1.60000000000000009e+00 -8.00000000000000044e-01  2.30000000000000027e+00
 5.21280000000003249e-07  9.91564797216626869e-06 -9.10492704149523679e-04  7.68763253934101609e-04 -1.24338653071189942e-04 -1.30451559862788245e-06  5.25963407538252987e-06 -2.08510657051776447e-09  2.86337342029902801e-09  4.00000000000000000e+00 -2.50000000000000000e+00  1.65000000000000013e+00 -1.00000000000000006e-01  1.60000000000000009e+00 -8.00000000000000044e-01  2.30000000000000027e+00
 5.22280000000003218e-07  9.91564797157174304e-06 -9.10492704130979268e-04  7.68763253931733169e-04 -1.24338653069872474e-04 -1.30451559797900926e-06  5.25963407416768388e-06 -2.08510663707471958e-09  2.86337358862686516e-09  4.00000000000000000e+00 -2.50000000000000000e+00  1.65000000000000013e+00 -1.00000000000000006e-01  1.60000000000000009e+00 -8.00000000000000044e-01  2.30000000000000027e+00
 5.23280000000003188e-07  9.91564797226750438e-06 -9.10492704121212992e-04  7.68763253899166555e-04 -1.24338653065964494e-04 -1.30451559730238028e-06  5.25963407545323002e-06 -2.08510656287821385e-09  2.86337344436009613e-09  4.00000000000000000e+00 -2.50000000000000000e+00  1.65000000000000013e+00 -1.00000000000000006e-01  1.60000000000000009e+00 -8.00000000000000044e-01  2.30000000000000027e+00
 5.24280000000003157e-07  9.91564797379586860e-06 -9.10492704099830031e-04  7.68763253881477038e-04 -1.24338653063181510e-04 -1.30451559796929485e-06  5.25963407673457403e-06 -2.08510645757469155e-09  2.86337315412259246e-09  4.00000000000000000e+00 -2.50000000000000000e+00  1.65000000000000013e+00 -1.00000000000000006e-01  1.60000000000000009e+00 -8.00000000000000044e-01  2.30000000000000027e+00
 5.25280000000003126e-07  9.91564797472718302e-06 -9.10492704117597394e-04  7.68763253924109602e-04 -1.24338653064617427e-04 -1.30451559857133050e-06  5.25963407771353574e-06 -2.08510636130456926e-09  2.86337321914473876e-09  4.00000000000000000e+00 -2.50000000000000000e+00  1.65000000000000013e+00 -1.00000000000000006e-01  1.60000000000000009e+00 -8.00000000000000044e-01  2.30000000000000027e+00
 5.26280000000003095e-07  9.91564797387865083e-06 -9.10492704130501786e-04  7.68763253941799119e-04 -1.24338653067592830e-04 -1.30451559940642643e-06  5.25963407790385473e-06 -2.08510635579808375e-09  2.86337323462601122e-09  4.00000000000000000e+00 -2.50000000000000000e+00  1.65000000000000013e+00 -1.00000000000000006e-01  1.60000000000000009e+00 -8.00000000000000044e-01  2.30000000000000027e+00
 5.27280000000003065e-07  9.91564797240223005e-06 -9.10492704154256872e-04  7.68763253923813506e-04 -1.24338653069990896e-04 -1.30451559945092213e-06  5.25963407724597017e-06 -2.08510639041850820e-09  2.86337326730281434e-09  4.00000000000000000e+00 -2.50000000000000000e+00  1.65000000000000013e+00 -1.00000000000000006e-01  1.60000000000000009e+00 -8.00000000000000044e-01  2.30000000000000027e+00
 5.28280000000003034e-07  9.91564797116752537e-06 -9.10492704141174780e-04  7.68763253934471647e-04 -1.24338653070775451e-04 -1.30451559832326505e-06  5.25963407531799867e-06 -2.08510661784576845e-09  2.86337339928505172e-09  4.00000000000000000e+00 -2.50000000000000000e+00  1.65000000000000013e+00 -1.00000000000000006e-01  1.60000000000000009e+00 -8.00000000000000044e-01  2.30000000000000027e+00
 5.29280000000003003e-07  9.91564797145681084e-06 -9.10492704130760910e-04  7.68763253935063839e-04 -1.24338653068318161e-04 -1.30451559751384311e-06  5.25963407676017052e-06 -2.08510657264262355e-09  2.86337335881245018e-09  4.00000000000000000e+00 -2.50000000000000000e+00  1.65000000000000013e+00 -1.00000000000000006e-01  1.60000000000000009e+00 -8.00000000000000044e-01  2.30000000000000027e+00
 5.30280000000002972e-07  9.91564797360356502e-06 -9.10492704119928863e-04  7.68763253917226219e-04 -1.24338653066956268e-04 -1.30451559751410337e-06  5.25963407632541053e-06 -2.08510651410704068e-09  2.86337337779746739e-09  4.00000000000000000e+00 -2.50000000000000000e+00  1.65000000000000013e+00 -1.00000000000000006e-01  1.60000000000000009e+00 -8.00000000000000044e-01  2.30000000000000027e+00
 5.31280000000002942e-07  9.91564797494427418e-06 -9.10492704117993345e-04  7.68763253926700086e-04 -1.24338653066438182e-04 -1.30451559808725604e-06  5.25963407593266930e-06 -2.08510647231710768e-09  2.86337346724949310e-09  4.00000000000000000e+00 -2.50000000000000000e+00  1.65000000000000013e+00 -1.00000000000000006e-01  1.60000000000000009e+00 -8.00000000000000044e-01  2.30000000000000027e+00
 5.32280000000002911e-07  9.91564797439732637e-06 -9.10492704107516483e-04  7.68763253923813506e-04 -1.24338653065712851e-04 -1.30451559858078487e-06  5.25963407543850435e-06 -2.08510646025921359e-09  2.86337331337464034e-09  4.00000000000000000e+00 -2.50000000000000000e+00  1.65000000000000013e+00 -1.00000000000000006e-01  1.60000000000000009e+00 -8.00000000000000044e-01  2.30000000000000027e+00
 5.33280000000002880e-07  9.91564797283755755e-06 -9.10492704113182306e-04  7.68763253923443468e-04 -1.24338653065727650e-04 -1.30451559856265689e-06  5.25963407651268358e-06 -2.08510641653208150e-09  2.86337319895690498e-09  4.00000000000000000e+00 -2.50000000000000000e+00  1.65000000000000013e+00 -1.00000000000000006e-01  1.60000000000000009e+00 -8.00000000000000044e-01  2.30000000000000027e+00
 5.34280000000002849e-07  9.91564797108988294e-06 -9.10492704122534092e-04  7.68763253906568078e-04 -1.24338653067622429e-04 -1.30451559939003337e-06  5.25963407837261547e-06 -2.08510624479273146e-09  2.86337308626663541e-09  4.00000000000000000e+00 -2.50000000000000000e+00  1.65000000000000013e+00 -1.00000000000000006e-01  1.60000000000000009e+00 -8.00000000000000044e-01  2.30000000000000027e+00
 5.35280000000002819e-07  9.91564797117884173e-06 -9.10492704152317668e-04  7.68763253939726775e-04 -1.24338653069665228e-04 -1.30451559885599858e-06  5.25963407735325367e-06 -2.08510649847665774e-09  2.86337324275535451e-09  4.00000000000000000e+00 -2.50000000000000000e+00  1.65000000000000013e+00 -1.00000000000000006e-01  1.60000000000000009e+00 -8.00000000000000044e-01  2.30000000000000027e+00
 5.36280000000002788e-07  9.91564797254536168e-06 -9.10492704139794374e-04  7.68763253926108003e-04 -1.24338653070064920e-04 -1.30451559770648424e-06  5.25963407647413427e-06 -2.08510658607998359e-09  2.86337347288767527e-09  4.00000000000000000e+00 -2.50000000000000000e+00  1.65000000000000013e+00 -1.00000000000000006e-01  1.60000000000000009e+00 -8.00000000000000044e-01  2.30000000000000027e+00
 5.37280000000002757e-07  9.91564797360598923e-06 -9.10492704117467832e-04  7.68763253893245402e-04 -1.24338653068273763e-04 -1.30451559780536348e-06  5.25963407450838425e-06 -2.08510669592905650e-09  2.86337353591904102e-09  4.00000000000000000e+00 -2.50000000000000000e+00  1.65000000000000013e+00 -1.00000000000000006e-01  1.60000000000000009e+00 -8.00000000000000044e-01  2.30000000000000027e+00
 5.38280000000002726e-07  9.91564797422065393e-06 -9.10492704108023564e-04  7.68763253901609046e-04 -1.24338653065564803e-04 -1.30451559780978690e-06  5.25963407613620963e-06 -2.08510647371470832e-09  2.86337338484974542e-09  4.00000000000000000e+00 -2.50000000000000000e+00  1.65000000000000013e+00 -1.00000000000000006e-01  1.60000000000000009e+00 -8.00000000000000044e-01  2.30000000000000027e+00
 5.39280000000002696e-07  9.91564797419687941e-06 -9.10492704115136364e-04  7.68763253905161759e-04 -1.24338653064913468e-04 -1.30451559824242697e-06  5.25963407646661685e-06 -2.08510637736770538e-09  2.86337331383817705e-09  4.00000000000000000e+00 -2.50000000000000000e+00  1.65000000000000013e+00 -1.00000000000000006e-01  1.60000000000000009e+00 -8.00000000000000044e-01  2.30000000000000027e+00
 5.40280000000002665e-07  9.91564797351450967e-06 -9.10492704117922980e-04  7.68763253917004175e-04 -1.24338653066023719e-04 -1.30451559879164038e-06  5.25963407661437666e-06 -2.08510639966003346e-09  2.86337329523518948e-09  4.00000000000000000e+00 -2.50000000000000000e+00  1.65000000000000013e+00 -1.00000000000000006e-01  1.60000000000000009e+00 -8.00000000000000044e-01  2.30000000000000027e+00
 5.41280000000002634e-07  9.91564797225111598e-06 -9.10492704120961348e-04  7.68763253895021759e-04 -1.24338653066675053e-04 -1.30451559875364990e-06  5.25963407615571595e-06 -2.08510643321174511e-09  2.86337328779039811e-09  4.00000000000000000e+00 -2.50000000000000000e+00  1.65000000000000013e+00 -1.00000000000000006e-01  1.60000000000000009e+00 -8.00000000000000044e-01  2.30000000000000027e+00
 5.42280000000002603e-07  9.91564797159567342e-06 -9.10492704121557118e-04  7.68763253902127186e-04 -1.24338653066675053e-04 -1.30451559865112778e-06  5.25963407721293334e-06 -2.08510645673980741e-09  2.86337314698082300e-09  4.00000000000000000e+00 -2.50000000000000000e+00  1.65000000000000013e+00 -1.00000000000000006e-01  1.60000000000000009e+00 -8.00000000000000044e-01  2.30000000000000027e+00
 5.43280000000002573e-07  9.91564797232941063e-06 -9.10492704130675800e-04  7.68763253909232613e-04 -1.24338653066911897e-04 -1.30451559826679992e-06  5.25963407710619025e-06 -2.08510648629677477e-09  2.86337327499968321e-09  4.00000000000000000e+00 -2.50000000000000000e+00  1.65000000000000013e+00 -1.00000000000000006e-01  1.60000000000000009e+00 -8.00000000000000044e-01  2.30000000000000027e+00
 5.44280000000002542e-07  9.91564797380457949e-06 -9.10492704133732600e-04  7.68763253917522315e-04 -1.24338653067622429e-04 -1.30451559837357203e-06  5.25963407694011928e-06 -2.08510647782318538e-09  2.86337340288801638e-09  4.00000000000000000e+00 -2.50000000000000000e+00  1.65000000000000013e+00 -1.00000000000000006e-01  1.60000000000000009e+00 -8.00000000000000044e-01  2.30000000000000027e+00
 5.45280000000002511e-07  9.91564797418895118e-06 -9.10492704132418872e-04  7.68763253933879565e-04 -1.24338653067903671e-04 -1.30451559855641192e-06  5.25963407685103174e-06 -2.08510648828606143e-09  2.86337327293940750e-09  4.00000000000000000e+00 -2.50000000000000000e+00  1.65000000000000013e+00 -1.00000000000000006e-01  1.60000000000000009e+00 -8.00000000000000044e-01  2.30000000000000027e+00
 5.46280000000002480e-07  9.91564797352636644e-06 -9.10492704133947272e-04  7.68763253910120792e-04 -1.24338653068466182e-04 -1.30451559803807646e-06  5.25963407600267488e-06 -2.08510648257370308e-09  2.86337340788640702e-09  4.00000000000000000e+00 -2.50000000000000000e+00  1.65000000000000013e+00 -1.00000000000000006e-01  1.60000000000000009e+00 -8.00000000000000044e-01  2.30000000000000027e+00
 5.47280000000002450e-07  9.91564797254865494e-06 -9.10492704117330898e-04  7.68763253910120792e-04 -1.24338653068984322e-04 -1.30451559910146195e-06  5.25963407605205605e-06 -2.08510654617717258e-09  2.86337341876211113e-09  4.00000000000000000e+00 -2.50000000000000000e+00  1.65000000000000013e+00 -1.00000000000000006e-01  1.60000000000000009e+00 -8.00000000000000044e-01  2.30000000000000027e+00
 5.48280000000002419e-07  9.91564797246907450e-06 -9.10492704115491657e-04  7.68763253919668710e-04 -1.24338653067252336e-04 -1.30451559749918479e-06  5.25963407555546266e-06 -2.08510659058582829e-09  2.86337332129790895e-09  4.00000000000000000e+00 -2.50000000000000000e+00  1.65000000000000013e+00 -1.00000000000000006e-01  1.60000000000000009e+00 -8.00000000000000044e-01  2.30000000000000027e+00
 5.49280000000002388e-07  9.91564797346661504e-06 -9.10492704115328810e-04  7.68763253908640531e-04 -1.24338653065668453e-04 -1.30451559776572488e-06  5.25963407640848413e-06 -2.08510653083913058e-09  2.86337326933913987e-09  4.00000000000000000e+00 -2.50000000000000000e+00  1.65000000000000013e+00 -1.00000000000000006e-01  1.60000000000000009e+00 -8.00000000000000044e-01  2.30000000000000027e+00
 5.50280000000002357e-07  9.91564797407063423e-06 -9.10492704118529917e-04  7.68763253930548895e-04 -1.24338653064987492e-04 -1.30451559873534869e-06  5.25963407805697288e-06 -2.08510630193237591e-09  2.86337325695560048e-09  4.00000000000000000e+00 -2.50000000000000000e+00  1.65000000000000013e+00 -1.00000000000000006e-01  1.60000000000000009e+00 -8.00000000000000044e-01  2.30000000000000027e+00
 5.51280000000002327e-07  9.91564797356683089e-06 -9.10492704124950670e-04  7.68763253930844991e-04 -1.24338653067415184e-04 -1.30451559936852276e-06  5.25963407686803169e-06 -2.08510636186217998e-09  2.86337330223105379e-09  4.00000000000000000e+00 -2.50000000000000000e+00  1.65000000000000013e+00 -1.00000000000000006e-01  1.60000000000000009e+00 -8.00000000000000044e-01  2.30000000000000027e+00
 5.52280000000002296e-07  9.91564797235245500e-06 -9.10492704136833851e-04  7.68763253906049938e-04 -1.24338653069102717e-04 -1.30451559816982884e-06  5.25963407624927497e-06 -2.08510645489029608e-09  2.86337334304718758e-09  4.00000000000000000e+00 -2.50000000000000000e+00  1.65000000000000013e+00 -1.00000000000000006e-01  1.60000000000000009e+00 -8.00000000000000044e-01  2.30000000000000027e+00
 5.53280000000002265e-07  9.91564797188392720e-06 -9.10492704130005980e-04  7.68763253903903543e-04 -1.24338653069043520e-04 -1.30451559847956359e-06  5.25963407539956879e-06 -2.08510662853158746e-09  2.86337334342298111e-09  4.00000000000000000e+00 -2.50000000000000000e+00  1.65000000000000013e+00 -1.00000000000000006e-01  1.60000000000000009e+00 -8.00000000000000044e-01  2.30000000000000027e+00
 5.54280000000002234e-07  9.91564797249579331e-06 -9.10492704136515530e-04  7.68763253906864174e-04 -1.24338653066675026e-04 -1.30451559798776948e-06  5.25963407696359564e-06 -2.08510645133732208e-09  2.86337331847380474e-09  4.00000000000000000e+00 -2.50000000000000000e+00  1.65000000000000013e+00 -1.00000000000000006e-01  1.60000000000000009e+00 -8.00000000000000044e-01  2.30000000000000027e+00
 5.55280000000002204e-07  9.91564797329384403e-06 -9.10492704134147090e-04  7.68763253917226219e-04 -1.24338653066911897e-04 -1.30451559851833483e-06  5.25963407750120576e-06 -2.08510646012474338e-09  2.86337328297245651e-09  4.00000000000000000e+00 -2.50000000000000000e+00  1.65000000000000013e+00 -1.00000000000000006e-01  1.60000000000000009e+00 -8.00000000000000044e-01  2.30000000000000027e+00
 5.56280000000002173e-07  9.91564797414407368e-06 -9.10492704120550544e-04  7.68763253912785327e-04 -1.24338653067489235e-04 -1.30451559834399512e-06  5.25963407726412717e-06 -2.08510644477569450e-09  2.86337329451218771e-09  4.00000000000000000e+00 -2.50000000000000000e+00  1.65000000000000013e+00 -1.00000000000000006e-01  1.60000000000000009e+00 -8.00000000000000044e-01  2.30000000000000027e+00
 5.57280000000002142e-07  9.91564797356568740e-06 -9.10492704124917385e-04  7.68763253909898747e-04 -1.24338653068688227e-04 -1.30451559848034434e-06  5.25963407554281900e-06 -2.08510646489445002e-09  2.86337339655171115e-09  4.00000000000000000e+00 -2.50000000000000000e+00  1.65000000000000013e+00 -1.00000000000000006e-01  1.60000000000000009e+00 -8.00000000000000044e-01  2.30000000000000027e+00
 5.58280000000002111e-07  9.91564797287527931e-06 -9.10492704122064091e-04  7.68763253906049938e-04 -1.24338653067622429e-04 -1.30451559869015906e-06  5.25963407517251314e-06 -2.08510659223260510e-09  2.86337331540298232e-09  4.00000000000000000e+00 -2.50000000000000000e+00  1.65000000000000013e+00 -1.00000000000000006e-01  1.60000000000000009e+00 -8.00000000000000044e-01  2.30000000000000027e+00
 5.59280000000002081e-07  9.91564797275909689e-06 -9.10492704125635344e-04  7.68763253909232613e-04 -1.24338653065431582e-04 -1.30451559799644310e-06  5.25963407752171412e-06 -2.08510648019917194e-09  2.86337311317753182e-09  4.00000000000000000e+00 -2.50000000000000000e+00  1.65000000000000013e+00 -1.00000000000000006e-01  1.60000000000000009e+00 -8.00000000000000044e-01  2.30000000000000027e+00
 5.60280000000002050e-07  9.91564797343426685e-06 -9.10492704137736775e-04  7.68763253919372614e-04 -1.24338653065387183e-04 -1.30451559772322415e-06  5.25963407841860512e-06 -2.08510622846715699e-09  2.86337335490865068e-09  4.00000000000000000e+00 -2.50000000000000000e+00  1.65000000000000013e+00 -1.00000000000000006e-01  1.60000000000000009e+00 -8.00000000000000044e-01  2.30000000000000027e+00
 5.61280000000002019e-07  9.91564797355051196e-06 -9.10492704139350285e-04  7.68763253917004175e-04 -1.24338653067637228e-04 -1.30451559962066478e-06  5.25963407636187784e-06 -2.08510643530528299e-09  2.86337342396719724e-09  4.00000000000000000e+00 -2.50000000000000000e+00  1.65000000000000013e+00 -1.00000000000000006e-01  1.60000000000000009e+00 -8.00000000000000044e-01  2.30000000000000027e+00
 5.62280000000001988e-07  9.91564797355656147e-06 -9.10492704126838050e-04  7.68763253915819901e-04 -1.24338653068155314e-04 -1.30451559826601917e-06  5.25963407534259312e-06 -2.08510660450892368e-09  2.86337346480439933e-09  4.00000000000000000e+00 -2.50000000000000000e+00  1.65000000000000013e+00 -1.00000000000000006e-01  1.60000000000000009e+00 -8.00000000000000044e-01  2.30000000000000027e+00
 5.63280000000001957e-07  9.91564797319365867e-06 -9.10492704127659658e-04  7.68763253901905141e-04 -1.24338653067045091e-04 -1.30451559767543265e-06  5.25963407510643948e-06 -2.08510662975317606e-09  2.86337328024815081e-09  4.00000000000000000e+00 -2.50000000000000000e+00  1.65000000000000013e+00 -1.00000000000000006e-01  1.60000000000000009e+00 -8.00000000000000044e-01  2.30000000000000027e+00
 5.64280000000001927e-07  9.91564797305778950e-06 -9.10492704117989659e-04  7.68763253904199638e-04 -1.24338653066393784e-04 -1.30451559864158680e-06  5.25963407733047018e-06 -2.08510642908959351e-09  2.86337317633364674e-09  4.00000000000000000e+00 -2.50000000000000000e+00  1.65000000000000013e+00 -1.00000000000000006e-01  1.60000000000000009e+00 -8.00000000000000044e-01  2.30000000000000027e+00
 5.65280000000001896e-07  9.91564797331376117e-06 -9.10492704127248854e-04  7.68763253928772539e-04 -1.24338653067237537e-04 -1.30451559903189959e-06  5.25963407860807538e-06 -2.08510629703651638e-09  2.86337319646940537e-09  4.00000000000000000e+00 -2.50000000000000000e+00  1.65000000000000013e+00 -1.00000000000000006e-01  1.60000000000000009e+00 -8.00000000000000044e-01  2.30000000000000027e+00
 5.66280000000001865e-07  9.91564797346552745e-06 -9.10492704143062159e-04  7.68763253951643133e-04 -1.24338653069206340e-04 -1.30451559862606111e-06  5.25963407728070360e-06 -2.08510639303880380e-09  2.86337335849301288e-09  4.00000000000000000e+00 -2.50000000000000000e+00  1.65000000000000013e+00 -1.00000000000000006e-01  1.60000000000000009e+00 -8.00000000000000044e-01  2.30000000000000027e+00
 5.67280000000001834e-07  9.91564797312187771e-06 -9.10492704139679665e-04  7.68763253940688896e-04 -1.24338653069472810e-04 -1.30451559845258877e-06  5.25963407522813948e-06 -2.08510660529645297e-09  2.86337340433686210e-09  4.00000000000000000e+00 -2.50000000000000000e+00  1.65000000000000013e+00 -1.00000000000000006e-01  1.60000000000000009e+00 -8.00000000000000044e-01  2.30000000000000027e+00
 5.68280000000001804e-07  9.91564797253147033e-06 -9.10492704124447384e-04  7.68763253904495626e-04 -1.24338653068081317e-04 -1.30451559767083559e-06  5.25963407467931211e-06 -2.08510663397801386e-09  2.86337352572941210e-09  4.00000000000000000e+00 -2.50000000000000000e+00  1.65000000000000013e+00 -1.00000000000000006e-01  1.60000000000000009e+00 -8.00000000000000044e-01  2.30000000000000027e+00
 5.69280000000001773e-07  9.91564797268320951e-06 -9.10492704104219207e-04  7.68763253891469045e-04 -1.24338653064765448e-04 -1.30451559714790328e-06  5.25963407468663640e-06 -2.08510658479144754e-09  2.86337339137335702e-09  4.00000000000000000e+00 -2.50000000000000000e+00  1.65000000000000013e+00 -1.00000000000000006e-01  1.60000000000000009e+00 -8.00000000000000044e-01  2.30000000000000027e+00
 5.70280000000001742e-07  9.91564797379571952e-06 -9.10492704097102612e-04  7.68763253893541497e-04 -1.24338653062604226e-04 -1.30451559804649004e-06  5.25963407747564739e-06 -2.08510638653233262e-09  2.86337315168228393e-09  4.00000000000000000e+00 -2.50000000000000000e+00  1.65000000000000013e+00 -1.00000000000000006e-01  1.60000000000000009e+00 -8.00000000000000044e-01  2.30000000000000027e+00
 5.71280000000001711e-07  9.91564797443685232e-06 -9.10492704139483533e-04  7.68763253927884360e-04 -1.24338653064957894e-04 -1.30451560015764851e-06  5.25963407987750757e-06 -2.08510624506267855e-09  2.86337299973711201e-09  4.00000000000000000e+00 -2.50000000000000000e+00  1.65000000000000013e+00 -1.00000000000000006e-01  1.60000000000000009e+00 -8.00000000000000044e-01  2.30000000000000027e+00
 5.72280000000001681e-07  9.91564797364093611e-06 -9.10492704160714705e-04  7.68763253970886963e-04 -1.24338653070242566e-04 -1.30451559978919320e-06  5.25963407849535647e-06 -2.08510627872843152e-09  2.86337327160641091e-09  4.00000000000000000e+00 -2.50000000000000000e+00  1.65000000000000013e+00 -1.00000000000000006e-01  1.60000000000000009e+00 -8.00000000000000044e-01  2.30000000000000027e+00
 5.73280000000001650e-07  9.91564797182388950e-06 -9.10492704161502920e-04  7.68763253953641534e-04 -1.24338653073736055e-04 -1.30451559805186764e-06  5.25963407473513158e-06 -2.08510669675945443e-09  2.86337354283060447e-09  4.00000000000000000e+00 -2.50000000000000000e+00  1.65000000000000013e+00 -1.00000000000000006e-01  1.60000000000000009e+00 -8.00000000000000044e-01  2.30000000000000027e+00
 5.74280000000001619e-07  9.91564797096922648e-06 -9.10492704115040087e-04  7.68763253919002576e-04 -1.24338653070035321e-04 -1.30451559669193105e-06  5.25963407361935710e-06 -2.08510677007809240e-09  2.86337353312336370e-09  4.00000000000000000e+00 -2.50000000000000000e+00  1.65000000000000013e+00 -1.00000000000000006e-01  1.60000000000000009e+00 -8.00000000000000044e-01  2.30000000000000027e+00
 5.75280000000001588e-07  9.91564797234839602e-06 -9.10492704103216212e-04  7.68763253887620236e-04 -1.24338653063403581e-04 -1.30451559742294356e-06  5.25963407566864405e-06 -2.08510646486299523e-09  2.86337333031046813e-09  4.00000000000000000e+00 -2.50000000000000000e+00  1.65000000000000013e+00 -1.00000000000000006e-01  1.60000000000000009e+00 -8.00000000000000044e-01  2.30000000000000027e+00
 5.76280000000001558e-07  9.91564797433857955e-06 -9.10492704112175733e-04  7.68763253902127186e-04 -1.24338653061212734e-04 -1.30451559856543240e-06  5.25963407816333057e-06 -2.08510632254870166e-09  2.86337318731248993e-09  4.00000000000000000e+00 -2.50000000000000000e+00  1.65000000000000013e+00 -1.00000000000000006e-01  1.60000000000000009e+00 -8.00000000000000044e-01  2.30000000000000027e+00
 5.77280000000001527e-07  9.91564797496574477e-06 -9.10492704129991126e-04  7.68763253930548895e-04 -1.24338653065327959e-04 -1.30451559960418490e-06  5.25963407862619342e-06 -2.08510628218842752e-09  2.86337323834579280e-09  4.00000000000000000e+00 -2.50000000000000000e+00  1.65000000000000013e+00 -1.00000000000000006e-01  1.60000000000000009e+00 -8.00000000000000044e-01  2.30000000000000027e+00
 5.78280000000001496e-07  9.91564797313137464e-06 -9.10492704155999944e-04  7.68763253937432278e-04 -1.24338653070153743e-04 -1.30451559915844779e-06  5.25963407652432520e-06 -2.08510648222882253e-09  2.86337332267378328e-09  4.00000000000000000e+00 -2.50000000000000000e+00  1.65000000000000013e+00 -1.00000000000000006e-01  1.60000000000000009e+00 -8.00000000000000044e-01  2.30000000000000027e+00
 5.79280000000001465e-07  9.91564797122069871e-06 -9.10492704126612319e-04  7.68763253913081423e-04 -1.24338653071145544e-04 -1.30451559789314044e-06  5.25963407534444388e-06 -2.08510659503582383e-09  2.86337334773889439e-09  4.00000000000000000e+00 -2.50000000000000000e+00  1.65000000000000013e+00 -1.00000000000000006e-01  1.60000000000000009e+00 -8.00000000000000044e-01  2.30000000000000027e+00
 5.80280000000001435e-07  9.91564797104151397e-06 -9.10492704120287734e-04  7.68763253900350829e-04 -1.24338653068110916e-04 -1.30451559808985813e-06  5.25963407566798845e-06 -2.08510659103601596e-09  2.86337334662577605e-09  4.00000000000000000e+00 -2.50000000000000000e+00  1.65000000000000013e+00 -1.00000000000000006e-01  1.60000000000000009e+00 -8.00000000000000044e-01  2.30000000000000027e+00
 5.81280000000001404e-07  9.91564797331978526e-06 -9.10492704127115605e-04  7.68763253903015364e-04 -1.24338653065476007e-04 -1.30451559802680076e-06  5.25963407664174684e-06 -2.08510650889351484e-09  2.86337333224944608e-09  4.00000000000000000e+00 -2.50000000000000000e+00  1.65000000000000013e+00 -1.00000000000000006e-01  1.60000000000000009e+00 -8.00000000000000044e-01  2.30000000000000027e+00
 5.82280000000001373e-07  9.91564797486203067e-06 -9.10492704119621600e-04  7.68763253923813506e-04 -1.24338653065194738e-04 -1.30451559873361397e-06  5.25963407767826360e-06 -2.08510640662382550e-09  2.86337325167578273e-09  4.00000000000000000e+00 -2.50000000000000000e+00  1.65000000000000013e+00 -1.00000000000000006e-01  1.60000000000000009e+00 -8.00000000000000044e-01  2.30000000000000027e+00
 5.83280000000001342e-07  9.91564797464176991e-06 -9.10492704119399555e-04  7.68763253923443468e-04 -1.24338653066038491e-04 -1.30451559796686619e-06  5.25963407711016030e-06 -2.08510631118289759e-09  2.86337325317745841e-09  4.00000000000000000e+00 -2.50000000000000000e+00  1.65000000000000013e+00 -1.00000000000000006e-01  1.60000000000000009e+00 -8.00000000000000044e-01  2.30000000000000027e+00
 5.84280000000001312e-07  9.91564797320427877e-06 -9.10492704130257623e-04  7.68763253919890754e-04 -1.24338653068806676e-04 -1.30451559906390536e-06  5.25963407596678525e-06 -2.08510648199153502e-09  2.86337345053593494e-09  4.00000000000000000e+00 -2.50000000000000000e+00  1.65000000000000013e+00 -1.00000000000000006e-01  1.60000000000000009e+00 -8.00000000000000044e-01  2.30000000000000027e+00
 5.85280000000001281e-07  9.91564797187009176e-06 -9.10492704129221343e-04  7.68763253906568078e-04 -1.24338653068865900e-04 -1.30451559831129541e-06  5.25963407542597589e-06 -2.08510659478712412e-09  2.86337340394985738e-09  4.00000000000000000e+00 -2.50000000000000000e+00  1.65000000000000013e+00 -1.00000000000000006e-01  1.60000000000000009e+00 -8.00000000000000044e-01  2.30000000000000027e+00
 5.86280000000001250e-07  9.91564797198201870e-06 -9.10492704132426244e-04  7.68763253895021759e-04 -1.24338653066615828e-04 -1.30451559809939911e-06  5.25963407653427106e-06 -2.08510656789104582e-09  2.86337322005913398e-09  4.00000000000000000e+00 -2.50000000000000000e+00  1.65000000000000013e+00 -1.00000000000000006e-01  1.60000000000000009e+00 -8.00000000000000044e-01  2.30000000000000027e+00
 5.87280000000001219e-07  9.91564797339747851e-06 -9.10492704137477759e-04  7.68763253888804510e-04 -1.24338653065002319e-04 -1.30451559799453495e-06  5.25963407761365447e-06 -2.08510630926129499e-09  2.86337322368349987e-09  4.00000000000000000e+00 -2.50000000000000000e+00  1.65000000000000013e+00 -1.00000000000000006e-01  1.60000000000000009e+00 -8.00000000000000044e-01  2.30000000000000027e+00
 5.88280000000001189e-07  9.91564797395544622e-06 -9.10492704134180375e-04  7.68763253909306664e-04 -1.24338653067000693e-04 -1.30451559846915525e-06  5.25963407714450833e-06 -2.08510638012207868e-09  2.86337342264688091e-09  4.00000000000000000e+00 -2.50000000000000000e+00  1.65000000000000013e+00 -1.00000000000000006e-01  1.60000000000000009e+00 -8.00000000000000044e-01  2.30000000000000027e+00
 5.89280000000001158e-07  9.91564797364446485e-06 -9.10492704135853082e-04  7.68763253913673505e-04 -1.24338653069043493e-04 -1.30451559915601914e-06  5.25963407605718315e-06 -2.08510654241416461e-09  2.86337338097351049e-09  4.00000000000000000e+00 -2.50000000000000000e+00  1.65000000000000013e+00 -1.00000000000000006e-01  1.60000000000000009e+00 -8.00000000000000044e-01  2.30000000000000027e+00
 5.90280000000001127e-07  9.91564797288373609e-06 -9.10492704116538888e-04  7.68763253917522315e-04 -1.24338653069961297e-04 -1.30451559815239478e-06  5.25963407602075395e-06 -2.08510655523384366e-09  2.86337339435177468e-09  4.00000000000000000e+00 -2.50000000000000000e+00  1.65000000000000013e+00 -1.00000000000000006e-01  1.60000000000000009e+00 -8.00000000000000044e-01  2.30000000000000027e+00
 5.91280000000001096e-07  9.91564797248830384e-06 -9.10492704126693742e-04  7.68763253899166555e-04 -1.24338653067770450e-04 -1.30451559787414510e-06  5.25963407600082411e-06 -2.08510651624501842e-09  2.86337324803627406e-09  4.00000000000000000e+00 -2.50000000000000000e+00  1.65000000000000013e+00 -1.00000000000000006e-01  1.60000000000000009e+00 -8.00000000000000044e-01  2.30000000000000027e+00
 5.92280000000001066e-07  9.91564797282727287e-06 -9.10492704121912411e-04  7.68763253891839083e-04 -1.24338653065905269e-04 -1.30451559809011817e-06  5.25963407625224382e-06 -2.08510644217829444e-09  2.86337328136589185e-09  4.00000000000000000e+00 -2.50000000000000000e+00  1.65000000000000013e+00 -1.00000000000000006e-01  1.60000000000000009e+00 -8.00000000000000044e-01  2.30000000000000027e+00
 5.93280000000001035e-07  9.91564797322749764e-06 -9.10492704101924710e-04  7.68763253898574472e-04 -1.24338653065520405e-04 -1.30451559888965226e-06  5.25963407566363300e-06 -2.08510653609124274e-09  2.86337335070288105e-09  4.00000000000000000e+00 -2.50000000000000000e+00  1.65000000000000013e+00 -1.00000000000000006e-01  1.60000000000000009e+00 -8.00000000000000044e-01  2.30000000000000027e+00
 5.94280000000001004e-07  9.91564797373234960e-06 -9.10492704127630059e-04  7.68763253900350829e-04 -1.24338653065209564e-04 -1.30451559829039212e-06  5.25963407744638833e-06 -2.08510650309972386e-09  2.86337317249129685e-09  4.00000000000000000e+00 -2.50000000000000000e+00  1.65000000000000013e+00 -1.00000000000000006e-01  1.60000000000000009e+00 -8.00000000000000044e-01  2.30000000000000027e+00
 5.95280000000000973e-07  9.91564797387892865e-06 -9.10492704140619669e-04  7.68763253927958411e-04 -1.24338653066601002e-04 -1.30451559848815060e-06  5.25963407871104071e-06 -2.08510634886154318e-09  2.86337329401513860e-09  4.00000000000000000e+00 -2.50000000000000000e+00  1.65000000000000013e+00 -1.00000000000000006e-01  1.60000000000000009e+00 -8.00000000000000044e-01  2.30000000000000027e+00
 5.96280000000000943e-07  9.91564797356178935e-06 -9.10492704166295419e-04  7.68763253927884360e-04 -1.24338653068777050e-04 -1.30451559888436148e-06  5.25963407721563199e-06 -2.08510636999869038e-09  2.86337345165651031e-09  4.00000000000000000e+00 -2.50000000000000000e+00  1.65000000000000013e+00 -1.00000000000000006e-01  1.60000000000000009e+00 -8.00000000000000044e-01  2.30000000000000027e+00
 5.97280000000000912e-07  9.91564797279827385e-06 -9.10492704153731359e-04  7.68763253920778933e-04 -1.24338653069872501e-04 -1.30451559849656396e-06  5.25963407533149106e-06 -2.08510654258119181e-09  2.86337343853567549e-09  4.00000000000000000e+00 -2.50000000000000000e+00  1.65000000000000013e+00 -1.00000000000000006e-01  1.60000000000000009e+00 -8.00000000000000044e-01  2.30000000000000027e+00
 5.98280000000000881e-07  9.91564797238197918e-06 -9.10492704108400975e-04  7.68763253893837485e-04 -1.24338653068155314e-04 -1.30451559749597538e-06  5.25963407463224333e-06 -2.08510659943163696e-09  2.86337334105246801e-09  4.00000000000000000e+00 -2.50000000000000000e+00  1.65000000000000013e+00 -1.00000000000000006e-01  1.60000000000000009e+00 -8.00000000000000044e-01  2.30000000000000027e+00
 5.99280000000000850e-07  9.91564797285518092e-06 -9.10492704103701067e-04  7.68763253902127186e-04 -1.24338653064824645e-04 -1.30451559799973912e-06  5.25963407630652085e-06 -2.08510651838409467e-09  2.86337317633079876e-09  4.00000000000000000e+00 -2.50000000000000000e+00  1.65000000000000013e+00 -1.00000000000000006e-01  1.60000000000000009e+00 -8.00000000000000044e-01  2.30000000000000027e+00
 6.00280000000000820e-07  9.91564797327030499e-06 -9.10492704109144846e-04  7.68763253920260793e-04 -1.24338653064558230e-04 -1.30451559840843993e-06  5.25963407692261788e-06 -2.08510638074925033e-09  2.86337325488855802e-09  4.00000000000000000e+00 -2.50000000000000000e+00  1.65000000000000013e+00 -1.00000000000000006e-01  1.60000000000000009e+00 -8.00000000000000044e-01  2.30000000000000027e+00
 6.01280000000000789e-07  9.91564797330397624e-06 -9.10492704133769571e-04  7.68763253931733169e-04 -1.24338653067311561e-04 -1.30451559978320828e-06  5.25963407820453957e-06 -2.08510636194772534e-09  2.86337326287817396e-09  4.00000000000000000e+00 -2.50000000000000000e+00  1.65000000000000013e+00 -1.00000000000000006e-01  1.60000000000000009e+00 -8.00000000000000044e-01  2.30000000000000027e+00
 6.02280000000000758e-07  9.91564797316409891e-06 -9.10492704152066025e-04  7.68763253926996182e-04 -1.24338653069369187e-04 -1.30451559822351845e-06  5.25963407728721813e-06 -2.08510650400869072e-09  2.86337336935824777e-09  4.00000000000000000e+00 -2.50000000000000000e+00  1.65000000000000013e+00 -1.00000000000000006e-01  1.60000000000000009e+00 -8.00000000000000044e-01  2.30000000000000027e+00
 6.03280000000000727e-07  9.91564797321631172e-06 -9.10492704141404197e-04  7.68763253920852984e-04 -1.24338653068673427e-04 -1.30451559820348252e-06  5.25963407641153006e-06 -2.08510650680048195e-09  2.86337335391016593e-09  4.00000000000000000e+00 -2.50000000000000000e+00  1.65000000000000013e+00 -1.00000000000000006e-01  1.60000000000000009e+00 -8.00000000000000044e-01  2.30000000000000027e+00
 6.04280000000000697e-07  9.91564797324628313e-06 -9.10492704123570373e-04  7.68763253910120792e-04 -1.24338653069161942e-04 -1.30451559774369397e-06  5.25963407506530756e-06 -2.08510657388719619e-09  2.86337344627377723e-09  4.00000000000000000e+00 -2.50000000000000000e+00  1.65000000000000013e+00 -1.00000000000000006e-01  1.60000000000000009e+00 -8.00000000000000044e-01  2.30000000000000027e+00
 6.05280000000000666e-07  9.91564797358679377e-06 -9.10492704106228667e-04  7.68763253894503618e-04 -1.24338653067163540e-04 -1.30451559784959893e-06  5.25963407483308586e-06 -2.08510656160675784e-09  2.86337336353804492e-09  4.00000000000000000e+00 -2.50000000000000000e+00  1.65000000000000013e+00 -1.00000000000000006e-01  1.60000000000000009e+00 -8.00000000000000044e-01  2.30000000000000027e+00
 6.06280000000000635e-07  9.91564797410894384e-06 -9.10492704114758845e-04  7.68763253901609046e-04 -1.24338653063299959e-04 -1.30451559831892824e-06  5.25963407710002216e-06 -2.08510639732855129e-09  2.86337316725775820e-09  4.00000000000000000e+00 -2.50000000000000000e+00  1.65000000000000013e+00 -1.00000000000000006e-01  1.60000000000000009e+00 -8.00000000000000044e-01  2.30000000000000027e+00
 6.07280000000000604e-07  9.91564797375962237e-06 -9.10492704136300858e-04  7.68763253904865772e-04 -1.24338653063625626e-04 -1.30451559856595290e-06  5.25963407856524685e-06 -2.08510630850859579e-09  2.86337323057864874e-09  4.00000000000000000e+00 -2.50000000000000000e+00  1.65000000000000013e+00 -1.00000000000000006e-01  1.60000000000000009e+00 -8.00000000000000044e-01  2.30000000000000027e+00
 6.08280000000000574e-07  9.91564797311097301e-06 -9.10492704136818998e-04  7.68763253902793320e-04 -1.24338653066660227e-04 -1.30451559906850221e-06  5.25963407718097564e-06 -2.08510640155061059e-09  2.86337337754218415e-09  4.00000000000000000e+00 -2.50000000000000000e+00  1.65000000000000013e+00 -1.00000000000000006e-01  1.60000000000000009e+00 -8.00000000000000044e-01  2.30000000000000027e+00
 6.09280000000000543e-07  9.91564797292140534e-06 -9.10492704153746213e-04  7.68763253924627742e-04 -1.24338653068481009e-04 -1.30451559840549098e-06  5.25963407626238196e-06 -2.08510650045675649e-09  2.86337339721074579e-09  4.00000000000000000e+00 -2.50000000000000000e+00  1.65000000000000013e+00 -1.00000000000000006e-01  1.60000000000000009e+00 -8.00000000000000044e-01  2.30000000000000027e+00
 6.10280000000000512e-07  9.91564797326773001e-06 -9.10492704125165342e-04  7.68763253910120792e-04 -1.24338653069339561e-04 -1.30451559914222796e-06  5.25963407638450632e-06 -2.08510658322032384e-09  2.86337326701454438e-09  4.00000000000000000e+00 -2.50000000000000000e+00  1.65000000000000013e+00 -1.00000000000000006e-01  1.60000000000000009e+00 -8.00000000000000044e-01  2.30000000000000027e+00
 6.11280000000000481e-07  9.91564797383795598e-06 -9.10492704137544329e-04  7.68763253903015364e-04 -1.24338653068273763e-04 -1.30451559787830847e-06  5.25963407629156394e-06 -2.08510651237424412e-09  2.86337333440331024e-09  4.00000000000000000e+00 -2.50000000000000000e+00  1.65000000000000013e+00 -1.00000000000000006e-01  1.60000000000000009e+00 -8.00000000000000044e-01  2.30000000000000027e+00
 6.12280000000000451e-07  9.91564797360905549e-06 -9.10492704135793885e-04  7.68763253906346034e-04 -1.24338653067518806e-04 -1.30451559869813875e-06  5.25963407697670263e-06 -2.08510646554643005e-09  2.86337327683456626e-09  4.00000000000000000e+00 -2.50000000000000000e+00  1.65000000000000013e+00 -1.00000000000000006e-01  1.60000000000000009e+00 -8.00000000000000044e-01  2.30000000000000027e+00
 6.13280000000000420e-07  9.91564797342311481e-06 -9.10492704147921228e-04  7.68763253906864174e-04 -1.24338653066763849e-04 -1.30451559784448137e-06  5.25963407789282975e-06 -2.08510637155200446e-09  2.86337332244468527e-09  4.00000000000000000e+00 -2.50000000000000000e+00  1.65000000000000013e+00 -1.00000000000000006e-01  1.60000000000000009e+00 -8.00000000000000044e-01  2.30000000000000027e+00
 6.14280000000000389e-07  9.91564797342093286e-06 -9.10492704131959929e-04  7.68763253917226219e-04 -1.24338653068421811e-04 -1.30451559868564882e-06  5.25963407598062407e-06 -2.08510651295756361e-09  2.86337338500454979e-09  4.00000000000000000e+00 -2.50000000000000000e+00  1.65000000000000013e+00 -1.00000000000000006e-01  1.60000000000000009e+00 -8.00000000000000044e-01  2.30000000000000027e+00
 6.15280000000000358e-07  9.91564797324975597e-06 -9.10492704113559826e-04  7.68763253909898747e-04 -1.24338653068658655e-04 -1.30451559822273791e-06  5.25963407522721452e-06 -2.08510657268768587e-09  2.86337337816599497e-09  4.00000000000000000e+00 -2.50000000000000000e+00  1.65000000000000013e+00 -1.00000000000000006e-01  1.60000000000000009e+00 -8.00000000000000044e-01  2.30000000000000027e+00
 6.16280000000000328e-07  9.91564797339730741e-06 -9.10492704132296682e-04  7.68763253904199638e-04 -1.24338653066541805e-04 -1.30451559781516450e-06  5.25963407632876393e-06 -2.08510651109346371e-09  2.86337324685651433e-09  4.00000000000000000e+00 -2.50000000000000000e+00  1.65000000000000013e+00 -1.00000000000000006e-01  1.60000000000000009e+00 -8.00000000000000044e-01  2.30000000000000027e+00
 6.17280000000000297e-07  9.91564797311696323e-06 -9.10492704134457931e-04  7.68763253912563282e-04 -1.24338653066142113e-04 -1.30451559835188798e-06  5.25963407817212023e-06 -2.08510627619154716e-09  2.86337327245100284e-09  4.00000000000000000e+00 -2.50000000000000000e+00  1.65000000000000013e+00 -1.00000000000000006e-01  1.60000000000000009e+00 -8.00000000000000044e-01  2.30000000000000027e+00
 6.18280000000000266e-07  9.91564797279314422e-06 -9.10492704141200693e-04  7.68763253927884360e-04 -1.24338653069280364e-04 -1.30451559962595577e-06  5.25963407678376293e-06 -2.08510642588856377e-09  2.86337337629279691e-09  4.00000000000000000e+00 -2.50000000000000000e+00  1.65000000000000013e+00 -1.00000000000000006e-01  1.60000000000000009e+00 -8.00000000000000044e-01  2.30000000000000027e+00
 6.19280000000000235e-07  9.91564797301798912e-06 -9.10492704142788290e-04  7.68763253934989788e-04 -1.24338653070138916e-04 -1.30451559841000122e-06  5.25963407624750213e-06 -2.08510665611905019e-09  2.86337326152639334e-09  4.00000000000000000e+00 -2.50000000000000000e+00  1.65000000000000013e+00 -1.00000000000000006e-01  1.60000000000000009e+00 -8.00000000000000044e-01  2.30000000000000027e+00
 6.20280000000000205e-07  9.91564797326276301e-06 -9.10492704123033693e-04  7.68763253909010569e-04 -1.24338653068170141e-04 -1.30451559795559049e-06  5.25963407583294134e-06 -2.08510652376006224e-09  2.86337326810805027e-09  4.00000000000000000e+00 -2.50000000000000000e+00  1.65000000000000013e+00 -1.00000000000000006e-01  1.60000000000000009e+00 -8.00000000000000044e-01  2.30000000000000027e+00
 6.21280000000000174e-07  9.91564797305609883e-06 -9.10492704140404997e-04  7.68763253898574472e-04 -1.24338653067193139e-04 -1.30451559801543845e-06  5.25963407693325746e-06 -2.08510634827148506e-09  2.86337336064495591e-09  4.00000000000000000e+00 -2.50000000000000000e+00  1.65000000000000013e+00 -1.00000000000000006e-01  1.60000000000000009e+00 -8.00000000000000044e-01  2.30000000000000027e+00
 6.22280000000000143e-07  9.91564797278193290e-06 -9.10492704132544639e-04  7.68763253913377410e-04 -1.24338653066823047e-04 -1.30451559807797510e-06  5.25963407682350741e-06 -2.08510641635264452e-09  2.86337342823727893e-09  4.00000000000000000e+00 -2.50000000000000000e+00  1.65000000000000013e+00 -1.00000000000000006e-01  1.60000000000000009e+00 -8.00000000000000044e-01  2.30000000000000027e+00
 6.23280000000000112e-07  9.91564797282975638e-06 -9.10492704114081652e-04  7.68763253905087817e-04 -1.24338653066393757e-04 -1.30451559819940575e-06  5.25963407562928497e-06 -2.08510658547152194e-09  2.86337338124735194e-09  4.00000000000000000e+00 -2.50000000000000000e+00  1.65000000000000013e+00 -1.00000000000000006e-01  1.60000000000000009e+00 -8.00000000000000044e-01  2.30000000000000027e+00
 6.24280000000000082e-07  9.91564797306720343e-06 -9.10492704110303207e-04  7.68763253915819901e-04 -1.24338653066304961e-04 -1.30451559846568580e-06  5.25963407531984859e-06 -2.08510652861314537e-09  2.86337339918262360e-09  4.00000000000000000e+00 -2.50000000000000000e+00  1.65000000000000013e+00 -1.00000000000000006e-01  1.60000000000000009e+00 -8.00000000000000044e-01  2.30000000000000027e+00
 6.25280000000000051e-07  9.91564797280608011e-06 -9.10492704106339690e-04  7.68763253906864174e-04 -1.24338653067000720e-04 -1.30451559904916021e-06  5.25963407718779934e-06 -2.08510638619229190e-09  2.86337325213450236e-09  4.00000000000000000e+00 -2.50000000000000000e+00  1.65000000000000013e+00 -1.00000000000000006e-01  1.60000000000000009e+00 -8.00000000000000044e-01  2.30000000000000027e+00
 6.26280000000000020e-07  9.91564797259875016e-06 -9.10492704120150907e-04  7.68763253897094211e-04 -1.24338653067666827e-04 -1.30451559869449587e-06  5.25963407678052472e-06 -2.08510647332159983e-09  2.86337314711904406e-09  4.00000000000000000e+00 -2.50000000000000000e+00  1.65000000000000013e+00 -1.00000000000000006e-01  1.60000000000000009e+00 -8.00000000000000044e-01  2.30000000000000027e+00
 6.27279999999999989e-07  9.91564797268675519e-06 -9.10492704150323061e-04  7.68763253919890754e-04 -1.24338653067888872e-04 -1.30451559891567311e-06  5.25963407902286657e-06 -2.08510642677280537e-09  2.86337312410663457e-09  4.00000000000000000e+00 -2.50000000000000000e+00  1.65000000000000013e+00 -1.00000000000000006e-01  1.60000000000000009e+00 -8.00000000000000044e-01  2.30000000000000027e+00
 6.28279999999999959e-07  9.91564797288529633e-06 -9.10492704163804790e-04  7.68763253934397705e-04 -1.24338653069694827e-04 -1.30451559824364120e-06  5.25963407713066866e-06 -2.08510643317921044e-09  2.86337340600020733e-09  4.00000000000000000e+00 -2.50000000000000000e+00  1.65000000000000013e+00 -1.00000000000000006e-01  1.60000000000000009e+00 -8.00000000000000044e-01  2.30000000000000027e+00
 6.29279999999999928e-07  9.91564797331845542e-06 -9.10492704157273014e-04  7.68763253931437074e-04 -1.24338653070094518e-04 -1.30451559817217067e-06  5.25963407513585270e-06 -2.08510650764077337e-09  2.86337351003963635e-09  4.00000000000000000e+00 -2.50000000000000000e+00  1.65000000000000013e+00 -1.00000000000000006e-01  1.60000000000000009e+00 -8.00000000000000044e-01  2.30000000000000027e+00
 6.30279999999999897e-07  9.91564797343141235e-06 -9.10492704144235266e-04  7.68763253899240606e-04 -1.24338653068273763e-04 -1.30451559782461887e-06  5.25963407550797037e-06 -2.08510657407288624e-09  2.86337334261842968e-09  4.00000000000000000e+00 -2.50000000000000000e+00  1.65000000000000013e+00 -1.00000000000000006e-01  1.60000000000000009e+00 -8.00000000000000044e-01  2.30000000000000027e+00
 6.31279999999999866e-07  9.91564797296671483e-06 -9.10492704127359876e-04  7.68763253894503618e-04 -1.24338653065949668e-04 -1.30451559790094670e-06  5.25963407607630407e-06 -2.08510656104920833e-09  2.86337330608541683e-09  4.00000000000000000e+00 -2.50000000000000000e+00  1.65000000000000013e+00 -1.00000000000000006e-01  1.60000000000000009e+00 -8.00000000000000044e-01  2.30000000000000027e+00
 6.32279999999999836e-07  9.91564797274272035e-06 -9.10492704110221784e-04  7.68763253898056332e-04 -1.24338653064987492e-04 -1.30451559844634380e-06  5.25963407609819987e-06 -2.08510646891426118e-09  2.86337328559031482e-09  4.00000000000000000e+00 -2.50000000000000000e+00  1.65000000000000013e+00 -1.00000000000000006e-01  1.60000000000000009e+00 -8.00000000000000044e-01  2.30000000000000027e+00
 6.33279999999999805e-07  9.91564797314376504e-06 -9.10492704108693384e-04  7.68763253895687892e-04 -1.24338653065017091e-04 -1.30451559804987267e-06  5.25963407655389258e-06 -2.08510638202789206e-09  2.86337326402946669e-09  4.00000000000000000e+00 -2.50000000000000000e+00  1.65000000000000013e+00 -1.00000000000000006e-01  1.60000000000000009e+00 -8.00000000000000044e-01  2.30000000000000027e+00
 6.34279999999999774e-07  9.91564797365121232e-06 -9.10492704113726359e-04  7.68763253907456257e-04 -1.24338653066127314e-04 -1.30451559894013267e-06  5.25963407821575767e-06 -2.08510636821744874e-09  2.86337330366351017e-09  4.00000000000000000e+00 -2.50000000000000000e+00  1.65000000000000013e+00 -1.00000000000000006e-01  1.60000000000000009e+00 -8.00000000000000044e-01  2.30000000000000027e+00
 6.35279999999999743e-07  9.91564797312863026e-06 -9.10492704116479690e-04  7.68763253930030755e-04 -1.24338653067637228e-04 -1.30451559878114543e-06  5.25963407681529627e-06 -2.08510642263072575e-09  2.86337330946642866e-09  4.00000000000000000e+00 -2.50000000000000000e+00  1.65000000000000013e+00 -1.00000000000000006e-01  1.60000000000000009e+00 -8.00000000000000044e-01  2.30000000000000027e+00
 6.36279999999999713e-07  9.91564797238620080e-06 -9.10492704139768461e-04  7.68763253934767743e-04 -1.24338653069221139e-04 -1.30451559871617991e-06  5.25963407633142361e-06 -2.08510658377335943e-09  2.86337327503332878e-09  4.00000000000000000e+00 -2.50000000000000000e+00  1.65000000000000013e+00 -1.00000000000000006e-01  1.60000000000000009e+00 -8.00000000000000044e-01  2.30000000000000027e+00
 6.37279999999999682e-07  9.91564797223531882e-06 -9.10492704148420828e-04  7.68763253924627742e-04 -1.24338653069606031e-04 -1.30451559860246892e-06  5.25963407712187984e-06 -2.08510648225727382e-09  2.86337335266364486e-09  4.00000000000000000e+00 -2.50000000000000000e+00  1.65000000000000013e+00 -1.00000000000000006e-01  1.60000000000000009e+00 -8.00000000000000044e-01  2.30000000000000027e+00
 6.38279999999999651e-07  9.91564797284674616e-06 -9.10492704135627351e-04  7.68763253905679900e-04 -1.24338653068851074e-04 -1.30451559783242512e-06  5.25963407618054164e-06 -2.08510650066551289e-09  2.86337341860638073e-09  4.00000000000000000e+00 -2.50000000000000000e+00  1.65000000000000013e+00 -1.00000000000000006e-01  1.60000000000000009e+00 -8.00000000000000044e-01  2.30000000000000027e+00
 6.39279999999999620e-07  9.91564797364443436e-06 -9.10492704133640117e-04  7.68763253923221423e-04 -1.24338653066823074e-04 -1.30451559792098263e-06  5.25963407613474511e-06 -2.08510654177030170e-09  2.86337334865212619e-09  4.00000000000000000e+00 -2.50000000000000000e+00  1.65000000000000013e+00 -1.00000000000000006e-01  1.60000000000000009e+00 -8.00000000000000044e-01  2.30000000000000027e+00
 6.40279999999999590e-07  9.91564797350245978e-06 -9.10492704106809691e-04  7.68763253913451461e-04 -1.24338653065683252e-04 -1.30451559749250593e-06  5.25963407550203352e-06 -2.08510647402674897e-09  2.86337344714905096e-09  4.00000000000000000e+00 -2.50000000000000000e+00  1.65000000000000013e+00 -1.00000000000000006e-01  1.60000000000000009e+00 -8.00000000000000044e-01  2.30000000000000027e+00
 6.41279999999999559e-07  9.91564797289097483e-06 -9.10492704099064042e-04  7.68763253909898747e-04 -1.24338653064558202e-04 -1.30451559884697811e-06  5.25963407547832591e-06 -2.08510648141010770e-09  2.86337334244057510e-09  4.00000000000000000e+00 -2.50000000000000000e+00  1.65000000000000013e+00 -1.00000000000000006e-01  1.60000000000000009e+00 -8.00000000000000044e-01  2.30000000000000027e+00
 6.42279999999999528e-07  9.91564797355417283e-06 -9.10492704103819462e-04  7.68763253924331647e-04 -1.24338653065046717e-04 -1.30451559936999723e-06  5.25963407767668304e-06 -2.08510642558495705e-09  2.86337312501581773e-09  4.00000000000000000e+00 -2.50000000000000000e+00  1.65000000000000013e+00 -1.00000000000000006e-01  1.60000000000000009e+00 -8.00000000000000044e-01  2.30000000000000027e+00
 6.43279999999999497e-07  9.91564797347888516e-06 -9.10492704131253138e-04  7.68763253914561684e-04 -1.24338653066201338e-04 -1.30451559823401361e-06  5.25963407742167868e-06 -2.08510638136995632e-09  2.86337315457452880e-09  4.00000000000000000e+00 -2.50000000000000000e+00  1.65000000000000013e+00 -1.00000000000000006e-01  1.60000000000000009e+00 -8.00000000000000044e-01  2.30000000000000027e+00
 6.44279999999999467e-07  9.91564797286641596e-06 -9.10492704148243236e-04  7.68763253934989788e-04 -1.24338653068688254e-04 -1.30451559879953346e-06  5.25963407810712570e-06 -2.08510640156609748e-09  2.86337330801564321e-09  4.00000000000000000e+00 -2.50000000000000000e+00  1.65000000000000013e+00 -1.00000000000000006e-01  1.60000000000000009e+00 -8.00000000000000044e-01  2.30000000000000027e+00
 6.45279999999999436e-07  9.91564797253196331e-06 -9.10492704151307408e-04  7.68763253928772539e-04 -1.24338653069532007e-04 -1.30451559813938436e-06  5.25963407585942467e-06 -2.08510655901746869e-09  2.86337340758187138e-09  4.00000000000000000e+00 -2.50000000000000000e+00  1.65000000000000013e+00 -1.00000000000000006e-01  1.60000000000000009e+00 -8.00000000000000044e-01  2.30000000000000027e+00
 6.46279999999999405e-07  9.91564797313506601e-06 -9.10492704125957352e-04  7.68763253925515921e-04 -1.24338653068244165e-04 -1.30451559788628816e-06  5.25963407496419216e-06 -2.08510661012885121e-09  2.86337345854748647e-09  4.00000000000000000e+00 -2.50000000000000000e+00  1.65000000000000013e+00 -1.00000000000000006e-01  1.60000000000000009e+00 -8.00000000000000044e-01  2.30000000000000027e+00
 6.47279999999999374e-07  9.91564797376038639e-06 -9.10492704110799122e-04  7.68763253903015364e-04 -1.24338653067341160e-04 -1.30451559823132470e-06  5.25963407663218638e-06 -2.08510643870555986e-09  2.86337340847504860e-09  4.00000000000000000e+00 -2.50000000000000000e+00  1.65000000000000013e+00 -1.00000000000000006e-01  1.60000000000000009e+00 -8.00000000000000044e-01  2.30000000000000027e+00
 6.48279999999999344e-07  9.91564797385636539e-06 -9.10492704124188368e-04  7.68763253910120792e-04 -1.24338653066186539e-04 -1.30451559843584864e-06  5.25963407738698421e-06 -2.08510643568435257e-09  2.86337325885074571e-09  4.00000000000000000e+00 -2.50000000000000000e+00  1.65000000000000013e+00 -1.00000000000000006e-01  1.60000000000000009e+00 -8.00000000000000044e-01  2.30000000000000027e+00
 6.49279999999999313e-07  9.91564797345160223e-06 -9.10492704127252540e-04  7.68763253923443468e-04 -1.24338653066867472e-04 -1.30451559855988137e-06  5.25963407665816911e-06 -2.08510642642924748e-09  2.86337328286102205e-09  4.00000000000000000e+00 -2.50000000000000000e+00  1.65000000000000013e+00 -1.00000000000000006e-01  1.60000000000000009e+00 -8.00000000000000044e-01  2.30000000000000027e+00
 6.50279999999999282e-07  9.91564797288695482e-06 -9.10492704111842666e-04  7.68763253915819901e-04 -1.24338653066660227e-04 -1.30451559826159575e-06  5.25963407498408388e-06 -2.08510650536792714e-09  2.86337330347151741e-09  4.00000000000000000e+00 -2.50000000000000000e+00  1.65000000000000013e+00 -1.00000000000000006e-01  1.60000000000000009e+00 -8.00000000000000044e-01  2.30000000000000027e+00
 6.51279999999999251e-07  9.91564797209910406e-06 -9.10492704107227868e-04  7.68763253913081423e-04 -1.24338653066778649e-04 -1.30451559853334002e-06  5.25963407570572885e-06 -2.08510655278456352e-09  2.86337327279499748e-09  4.00000000000000000e+00 -2.50000000000000000e+00  1.65000000000000013e+00 -1.00000000000000006e-01  1.60000000000000009e+00 -8.00000000000000044e-01  2.30000000000000027e+00
 6.52279999999999221e-07  9.91564797279041847e-06 -9.10492704127271080e-04  7.68763253906049938e-04 -1.24338653065905297e-04 -1.30451559870672576e-06  5.25963407874442397e-06 -2.08510635957145299e-09  2.86337308683286246e-09  4.00000000000000000e+00 -2.50000000000000000e+00  1.65000000000000013e+00 -1.00000000000000006e-01  1.60000000000000009e+00 -8.00000000000000044e-01  2.30000000000000027e+00
 6.53279999999999190e-07  9.91564797361858291e-06 -9.10492704143350774e-04  7.68763253936174062e-04 -1.24338653068318161e-04 -1.30451559899547039e-06  5.25963407766049200e-06 -2.08510641280305907e-09  2.86337332804925537e-09  4.00000000000000000e+00 -2.50000000000000000e+00  1.65000000000000013e+00 -1.00000000000000006e-01  1.60000000000000009e+00 -8.00000000000000044e-01  2.30000000000000027e+00
 6.54279999999999159e-07  9.91564797367045690e-06 -9.10492704136385968e-04  7.68763253944167667e-04 -1.24338653069028720e-04 -1.30451559760578346e-06  5.25963407667786771e-06 -2.08510654320808967e-09  2.86337347087886426e-09  4.00000000000000000e+00 -2.50000000000000000e+00  1.65000000000000013e+00 -1.00000000000000006e-01  1.60000000000000009e+00 -8.00000000000000044e-01  2.30000000000000027e+00
 6.55279999999999128e-07  9.91564797320214763e-06 -9.10492704115643337e-04  7.68763253908714473e-04 -1.24338653066897098e-04 -1.30451559758149733e-06  5.25963407518523472e-06 -2.08510650487226893e-09  2.86337349514464304e-09  4.00000000000000000e+00 -2.50000000000000000e+00  1.65000000000000013e+00 -1.00000000000000006e-01  1.60000000000000009e+00 -8.00000000000000044e-01  2.30000000000000027e+00
 6.56279999999999098e-07  9.91564797271337744e-06 -9.10492704105529248e-04  7.68763253901609046e-04 -1.24338653066882271e-04 -1.30451559948891261e-06  5.25963407567970799e-06 -2.08510646602713490e-09  2.86337341411265629e-09  4.00000000000000000e+00 -2.50000000000000000e+00  1.65000000000000013e+00 -1.00000000000000006e-01  1.60000000000000009e+00 -8.00000000000000044e-01  2.30000000000000027e+00
 6.57279999999999067e-07  9.91564797357611437e-06 -9.10492704119777074e-04  7.68763253909824696e-04 -1.24338653066423383e-04 -1.30451559837253124e-06  5.25963407670122888e-06 -2.08510662541418030e-09  2.86337321813921387e-09  4.00000000000000000e+00 -2.50000000000000000e+00  1.65000000000000013e+00 -1.00000000000000006e-01  1.60000000000000009e+00 -8.00000000000000044e-01  2.30000000000000027e+00
 6.58279999999999036e-07  9.91564797422671361e-06 -9.10492704134691034e-04  7.68763253898278377e-04 -1.24338653066230964e-04 -1.30451559816436442e-06  5.25963407734357716e-06 -2.08510646727986023e-09  2.86337312367258064e-09  4.00000000000000000e+00 -2.50000000000000000e+00  1.65000000000000013e+00 -1.00000000000000006e-01  1.60000000000000009e+00 -8.00000000000000044e-01  2.30000000000000027e+00
 6.59279999999999005e-07  9.91564797340950130e-06 -9.10492704148950028e-04  7.68763253925219825e-04 -1.24338653067000693e-04 -1.30451559834841854e-06  5.25963407780886846e-06 -2.08510623707972224e-09  2.86337323804215052e-09  4.00000000000000000e+00 -2.50000000000000000e+00  1.65000000000000013e+00 -1.00000000000000006e-01  1.60000000000000009e+00 -8.00000000000000044e-01  2.30000000000000027e+00
 6.60279999999998975e-07  9.91564797244693136e-06 -9.10492704149527365e-04  7.68763253945425884e-04 -1.24338653069946498e-04 -1.30451559908472204e-06  5.25963407684625109e-06 -2.08510641986856413e-09  2.86337343174756006e-09  4.00000000000000000e+00 -2.50000000000000000e+00  1.65000000000000013e+00 -1.00000000000000006e-01  1.60000000000000009e+00 -8.00000000000000044e-01  2.30000000000000027e+00
 6.61279999999998944e-07  9.91564797234995287e-06 -9.10492704136348996e-04  7.68763253919890754e-04 -1.24338653070212967e-04 -1.30451559809167946e-06  5.25963407498003591e-06 -2.08510669492091358e-09  2.86337348853650103e-09  4.00000000000000000e+00 -2.50000000000000000e+00  1.65000000000000013e+00 -1.00000000000000006e-01  1.60000000000000009e+00 -8.00000000000000044e-01  2.30000000000000027e+00
 6.62279999999998913e-07  9.91564797245479014e-06 -9.10492704122312048e-04  7.68763253908714473e-04 -1.24338653066956295e-04 -1.30451559744809705e-06  5.25963407504726576e-06 -2.08510657536997493e-09  2.86337339077479011e-09  4.00000000000000000e+00 -2.50000000000000000e+00  1.65000000000000013e+00 -1.00000000000000006e-01  1.60000000000000009e+00 -8.00000000000000044e-01  2.30000000000000027e+00
 6.63279999999998882e-07  9.91564797316290121e-06 -9.10492704113615337e-04  7.68763253891469045e-04 -1.24338653063980919e-04 -1.30451559831563222e-06  5.25963407659753087e-06 -2.08510642064455012e-09  2.86337323368885198e-09  4.00000000000000000e+00 -2.50000000000000000e+00  1.65000000000000013e+00 -1.00000000000000006e-01  1.60000000000000009e+00 -8.00000000000000044e-01  2.30000000000000027e+00
 6.64279999999998852e-07  9.91564797405026648e-06 -9.10492704121575657e-04  7.68763253913673505e-04 -1.24338653064750648e-04 -1.30451559894256133e-06  5.25963407785720947e-06 -2.08510636248419664e-09  2.86337314905246872e-09  4.00000000000000000e+00 -2.50000000000000000e+00  1.65000000000000013e+00 -1.00000000000000006e-01  1.60000000000000009e+00 -8.00000000000000044e-01  2.30000000000000027e+00
 6.65279999999998821e-07  9.91564797358119149e-06 -9.10492704153561139e-04  7.68763253930844991e-04 -1.24338653067903698e-04 -1.30451559904161399e-06  5.25963407819821816e-06 -2.08510632178857024e-09  2.86337324261724223e-09  4.00000000000000000e+00 -2.50000000000000000e+00  1.65000000000000013e+00 -1.00000000000000006e-01  1.60000000000000009e+00 -8.00000000000000044e-01  2.30000000000000027e+00
 6.66279999999998790e-07  9.91564797289851343e-06 -9.10492704153464971e-04  7.68763253924331647e-04 -1.24338653069546806e-04 -1.30451559833887756e-06  5.25963407682890385e-06 -2.08510646408702703e-09  2.86337339775402478e-09  4.00000000000000000e+00 -2.50000000000000000e+00  1.65000000000000013e+00 -1.00000000000000006e-01  1.60000000000000009e+00 -8.00000000000000044e-01  2.30000000000000027e+00
 6.67279999999998759e-07  9.91564797231675595e-06 -9.10492704137218635e-04  7.68763253917004175e-04 -1.24338653069768851e-04 -1.30451559848632905e-06  5.25963407520454792e-06 -2.08510661030933044e-09  2.86337337799607511e-09  4.00000000000000000e+00 -2.50000000000000000e+00  1.65000000000000013e+00 -1.00000000000000006e-01  1.60000000000000009e+00 -8.00000000000000044e-01  2.30000000000000027e+00
 6.68279999999998729e-07  9.91564797251725712e-06 -9.10492704140312514e-04  7.68763253905679900e-04 -1.24338653067814848e-04 -1.30451559762937566e-06  5.25963407596790333e-06 -2.08510657336306643e-09  2.86337341588777596e-09  4.00000000000000000e+00 -2.50000000000000000e+00  1.65000000000000013e+00 -1.00000000000000006e-01  1.60000000000000009e+00 -8.00000000000000044e-01  2.30000000000000027e+00
 6.69279999999998698e-07  9.91564797338951471e-06 -9.10492704110018171e-04  7.68763253887398191e-04 -1.24338653066068117e-04 -1.30451559774985233e-06  5.25963407589007201e-06 -2.08510649868983377e-09  2.86337345593649997e-09  4.00000000000000000e+00 -2.50000000000000000e+00  1.65000000000000013e+00 -1.00000000000000006e-01  1.60000000000000009e+00 -8.00000000000000044e-01  2.30000000000000027e+00
 6.70279999999998667e-07  9.91564797408265024e-06 -9.10492704100614668e-04  7.68763253895391797e-04 -1.24338653065076316e-04 -1.30451559820460992e-06  5.25963407558915509e-06 -2.08510646736956921e-09  2.86337337869626985e-09  4.00000000000000000e+00 -2.50000000000000000e+00  1.65000000000000013e+00 -1.00000000000000006e-01  1.60000000000000009e+00 -8.00000000000000044e-01  2.30000000000000027e+00
 6.71279999999998636e-07  9.91564797377643258e-06 -9.10492704111816754e-04  7.68763253910120792e-04 -1.24338653065490806e-04 -1.30451559944406984e-06  5.25963407709512631e-06 -2.08510650809422262e-09  2.86337305299577598e-09  4.00000000000000000e+00 -2.50000000000000000e+00  1.65000000000000013e+00 -1.00000000000000006e-01  1.60000000000000009e+00 -8.00000000000000044e-01  2.30000000000000027e+00
 6.72279999999998606e-07  9.91564797252910034e-06 -9.10492704147884257e-04  7.68763253924331647e-04 -1.24338653067222738e-04 -1.30451559841355749e-06  5.25963407823349031e-06 -2.08510625354603198e-09  2.86337318580027225e-09  4.00000000000000000e+00 -2.50000000000000000e+00  1.65000000000000013e+00 -1.00000000000000006e-01  1.60000000000000009e+00 -8.00000000000000044e-01  2.30000000000000027e+00
 6.73279999999998575e-07  9.91564797136997132e-06 -9.10492704131948870e-04  7.68763253913673505e-04 -1.24338653070272165e-04 -1.30451559920719348e-06  5.25963407732434105e-06 -2.08510642967557363e-09  2.86337331404139134e-09  4.00000000000000000e+00 -2.50000000000000000e+00  1.65000000000000013e+00 -1.00000000000000006e-01  1.60000000000000009e+00 -8.00000000000000044e-01  2.30000000000000027e+00
 6.74279999999998544e-07  9.91564797177430250e-06 -9.10492704141404197e-04  7.68763253916338041e-04 -1.24338653070331389e-04 -1.30451559820079361e-06  5.25963407575410798e-06 -2.08510665311659964e-09  2.86337344589944244e-09  4.00000000000000000e+00 -2.50000000000000000e+00  1.65000000000000013e+00 -1.00000000000000006e-01  1.60000000000000009e+00 -8.00000000000000044e-01  2.30000000000000027e+00
 6.75279999999998513e-07  9.91564797299432810e-06 -9.10492704124599172e-04  7.68763253901016963e-04 -1.24338653067415184e-04 -1.30451559716446976e-06  5.25963407491191921e-06 -2.08510664073486102e-09  2.86337336495781483e-09  4.00000000000000000e+00 -2.50000000000000000e+00  1.65000000000000013e+00 -1.00000000000000006e-01  1.60000000000000009e+00 -8.00000000000000044e-01  2.30000000000000027e+00
 6.76279999999998483e-07  9.91564797382366653e-06 -9.10492704094367821e-04  7.68763253889396593e-04 -1.24338653063196336e-04 -1.30451559723108319e-06  5.25963407511754154e-06 -2.08510646435019164e-09  2.86337337270383311e-09  4.00000000000000000e+00 -2.50000000000000000e+00  1.65000000000000013e+00 -1.00000000000000006e-01  1.60000000000000009e+00 -8.00000000000000044e-01  2.30000000000000027e+00
 6.77279999999998452e-07  9.91564797393810746e-06 -9.10492704099175065e-04  7.68763253892357223e-04 -1.24338653062752247e-04 -1.30451559925845443e-06  5.25963407802825338e-06 -2.08510624762993946e-09  2.86337327017938249e-09  4.00000000000000000e+00 -2.50000000000000000e+00  1.65000000000000013e+00 -1.00000000000000006e-01  1.60000000000000009e+00 -8.00000000000000044e-01  2.30000000000000027e+00
 6.78279999999998421e-07  9.91564797322150911e-06 -9.10492704128137032e-04  7.68763253917522315e-04 -1.24338653066275335e-04 -1.30451559970514572e-06  5.25963407830750574e-06 -2.08510632261217371e-09  2.86337316813285532e-09  4.00000000000000000e+00 -2.50000000000000000e+00  1.65000000000000013e+00 -1.00000000000000006e-01  1.60000000000000009e+00 -8.00000000000000044e-01  2.30000000000000027e+00
 6.79279999999998390e-07  9.91564797232503147e-06 -9.10492704149024079e-04  7.68763253934989788e-04 -1.24338653069990896e-04 -1.30451559872407299e-06  5.25963407730626113e-06 -2.08510646496168698e-09  2.86337332338094122e-09  4.00000000000000000e+00 -2.50000000000000000e+00  1.65000000000000013e+00 -1.00000000000000006e-01  1.60000000000000009e+00 -8.00000000000000044e-01  2.30000000000000027e+00
 6.80279999999998360e-07  9.91564797242954517e-06 -9.10492704144523989e-04  7.68763253913673505e-04 -1.24338653070908673e-04 -1.30451559811509823e-06  5.25963407604157063e-06 -2.08510664283496631e-09  2.86337343675952639e-09  4.00000000000000000e+00 -2.50000000000000000e+00  1.65000000000000013e+00 -1.00000000000000006e-01  1.60000000000000009e+00 -8.00000000000000044e-01  2.30000000000000027e+00
 6.81279999999998329e-07  9.91564797300753673e-06 -9.10492704124491836e-04  7.68763253906346034e-04 -1.24338653068939897e-04 -1.30451559795533024e-06  5.25963407488859701e-06 -2.08510668013347898e-09  2.86337344334798481e-09  4.00000000000000000e+00 -2.50000000000000000e+00  1.65000000000000013e+00 -1.00000000000000006e-01  1.60000000000000009e+00 -8.00000000000000044e-01  2.30000000000000027e+00
 6.82279999999998298e-07  9.91564797390835458e-06 -9.10492704111798322e-04  7.68763253898574472e-04 -1.24338653065831246e-04 -1.30451559702907472e-06  5.25963407526742148e-06 -2.08510650696614761e-09  2.86337340602436597e-09  4.00000000000000000e+00 -2.50000000000000000e+00  1.65000000000000013e+00 -1.00000000000000006e-01  1.60000000000000009e+00 -8.00000000000000044e-01  2.30000000000000027e+00
 6.83279999999998267e-07  9.91564797394567824e-06 -9.10492704110725071e-04  7.68763253902127186e-04 -1.24338653063285132e-04 -1.30451559858165223e-06  5.25963407707654579e-06 -2.08510632547877226e-09  2.86337321765587735e-09  4.00000000000000000e+00 -2.50000000000000000e+00  1.65000000000000013e+00 -1.00000000000000006e-01  1.60000000000000009e+00 -8.00000000000000044e-01  2.30000000000000027e+00
 6.84279999999998237e-07  9.91564797341431075e-06 -9.10492704100052076e-04  7.68763253898352428e-04 -1.24338653065076316e-04 -1.30451559922879070e-06  5.25963407742507105e-06 -2.08510635633280308e-09  2.86337324667146700e-09  4.00000000000000000e+00 -2.50000000000000000e+00  1.65000000000000013e+00 -1.00000000000000006e-01  1.60000000000000009e+00 -8.00000000000000044e-01  2.30000000000000027e+00
 6.85279999999998206e-07  9.91564797215299738e-06 -9.10492704124040374e-04  7.68763253906271983e-04 -1.24338653067637228e-04 -1.30451559861400466e-06  5.25963407581779131e-06 -2.08510655287364673e-09  2.86337333426426035e-09  4.00000000000000000e+00 -2.50000000000000000e+00  1.65000000000000013e+00 -1.00000000000000006e-01  1.60000000000000009e+00 -8.00000000000000044e-01  2.30000000000000027e+00
 6.86279999999998175e-07  9.91564797162835025e-06 -9.10492704126134944e-04  7.68763253895021759e-04 -1.24338653067355986e-04 -1.30451559825222820e-06  5.25963407685750815e-06 -2.08510650532841934e-09  2.86337325085413554e-09  4.00000000000000000e+00 -2.50000000000000000e+00  1.65000000000000013e+00 -1.00000000000000006e-01  1.60000000000000009e+00 -8.00000000000000044e-01  2.30000000000000027e+00
 6.87279999999998144e-07  9.91564797204687093e-06 -9.10492704140279229e-04  7.68763253903311460e-04 -1.24338653067178340e-04 -1.30451559824615667e-06  5.25963407767032182e-06 -2.08510631772513937e-09  2.86337329019532028e-09  4.00000000000000000e+00 -2.50000000000000000e+00  1.65000000000000013e+00 -1.00000000000000006e-01  1.60000000000000009e+00 -8.00000000000000044e-01  2.30000000000000027e+00
 6.88279999999998114e-07  9.91564797318106837e-06 -9.10492704111054451e-04  7.68763253913969601e-04 -1.24338653068199767e-04 -1.30451559882381959e-06  5.25963407611635687e-06 -2.08510650141263648e-09  2.86337337567644519e-09  4.00000000000000000e+00 -2.50000000000000000e+00  1.65000000000000013e+00 -1.00000000000000006e-01  1.60000000000000009e+00 -8.00000000000000044e-01  2.30000000000000027e+00
 6.89279999999998083e-07  9.91564797442895458e-06 -9.10492704128636633e-04  7.68763253902127186e-04 -1.24338653067696426e-04 -1.30451559823583494e-06  5.25963407667906288e-06 -2.08510657991580885e-09  2.86337327767813829e-09  4.00000000000000000e+00 -2.50000000000000000e+00  1.65000000000000013e+00 -1.00000000000000006e-01  1.60000000000000009e+00 -8.00000000000000044e-01  2.30000000000000027e+00
 6.90279999999998052e-07  9.91564797411038379e-06 -9.10492704133362561e-04  7.68763253920778933e-04 -1.24338653066675026e-04 -1.30451559809003156e-06  5.25963407644687929e-06 -2.08510646087185581e-09  2.86337322246290058e-09  4.00000000000000000e+00 -2.50000000000000000e+00  1.65000000000000013e+00 -1.00000000000000006e-01  1.60000000000000009e+00 -8.00000000000000044e-01  2.30000000000000027e+00
 6.91279999999998021e-07  9.91564797277999319e-06 -9.10492704141267263e-04  7.68763253908048339e-04 -1.24338653067888872e-04 -1.30451559859743818e-06  5.25963407659267314e-06 -2.08510640597476996e-09  2.86337342721308623e-09  4.00000000000000000e+00 -2.50000000000000000e+00  1.65000000000000013e+00 -1.00000000000000006e-01  1.60000000000000009e+00 -8.00000000000000044e-01  2.30000000000000027e+00
 6.92279999999997991e-07  9.91564797170794255e-06 -9.10492704123466723e-04  7.68763253916041945e-04 -1.24338653067281962e-04 -1.30451559861200990e-06  5.25963407606967349e-06 -2.08510656063857312e-09  2.86337335528489006e-09  4.00000000000000000e+00 -2.50000000000000000e+00  1.65000000000000013e+00 -1.00000000000000006e-01  1.60000000000000009e+00 -8.00000000000000044e-01  2.30000000000000027e+00
 6.93279999999997960e-07  9.91564797242224882e-06 -9.10492704121324014e-04  7.68763253913673505e-04 -1.24338653066008892e-04 -1.30451559768826964e-06  5.25963407615906935e-06 -2.08510659545617137e-09  2.86337332812651073e-09  4.00000000000000000e+00 -2.50000000000000000e+00  1.65000000000000013e+00 -1.00000000000000006e-01  1.60000000000000009e+00 -8.00000000000000044e-01  2.30000000000000027e+00
 6.94279999999997929e-07  9.91564797395566814e-06 -9.10492704133510555e-04  7.68763253909898747e-04 -1.24338653064721050e-04 -1.30451559797553981e-06  5.25963407674829766e-06 -2.08510632677149467e-09  2.86337322895499577e-09  4.00000000000000000e+00 -2.50000000000000000e+00  1.65000000000000013e+00 -1.00000000000000006e-01  1.60000000000000009e+00 -8.00000000000000044e-01  2.30000000000000027e+00
 6.95279999999997898e-07  9.91564797421513636e-06 -9.10492704123862674e-04  7.68763253927884360e-04 -1.24338653066482607e-04 -1.30451559926157702e-06  5.25963407679656159e-06 -2.08510634568836048e-09  2.86337330948245281e-09  4.00000000000000000e+00 -2.50000000000000000e+00  1.65000000000000013e+00 -1.00000000000000006e-01  1.60000000000000009e+00 -8.00000000000000044e-01  2.30000000000000027e+00
 6.96279999999997868e-07  9.91564797289864895e-06 -9.10492704133003582e-04  7.68763253924405698e-04 -1.24338653068880700e-04 -1.30451559883604926e-06  5.25963407655882740e-06 -2.08510650792367907e-09  2.86337342662804909e-09  4.00000000000000000e+00 -2.50000000000000000e+00  1.65000000000000013e+00 -1.00000000000000006e-01  1.60000000000000009e+00 -8.00000000000000044e-01  2.30000000000000027e+00
 6.97279999999997837e-07  9.91564797186277509e-06 -9.10492704117985972e-04  7.68763253913747556e-04 -1.24338653068569832e-04 -1.30451559798855024e-06  5.25963407588355664e-06 -2.08510662510415342e-09  2.86337330272519164e-09  4.00000000000000000e+00 -2.50000000000000000e+00  1.65000000000000013e+00 -1.00000000000000006e-01  1.60000000000000009e+00 -8.00000000000000044e-01  2.30000000000000027e+00
 6.98279999999997806e-07  9.91564797243725147e-06 -9.10492704132737085e-04  7.68763253917004175e-04 -1.24338653067059918e-04 -1.30451559844139967e-06  5.25963407734442504e-06 -2.08510638801745972e-09  2.86337325832950695e-09  4.00000000000000000e+00 -2.50000000000000000e+00  1.65000000000000013e+00 -1.00000000000000006e-01  1.60000000000000009e+00 -8.00000000000000044e-01  2.30000000000000027e+00
 6.99279999999997775e-07  9.91564797328690514e-06 -9.10492704125550234e-04  7.68763253915449862e-04 -1.24338653066778676e-04 -1.30451559803356623e-06  5.25963407689921860e-06 -2.08510645702744127e-09  2.86337336811342491e-09  4.00000000000000000e+00 -2.50000000000000000e+00  1.65000000000000013e+00 -1.00000000000000006e-01  1.60000000000000009e+00 -8.00000000000000044e-01  2.30000000000000027e+00
 7.00279999999997745e-07  9.91564797345009281e-06 -9.10492704150012112e-04  7.68763253902793320e-04 -1.24338653067059945e-04 -1.30451559873422108e-06  5.25963407682404697e-06 -2.08510641466908299e-09  2.86337326913222601e-09  4.00000000000000000e+00 -2.50000000000000000e+00  1.65000000000000013e+00 -1.00000000000000006e-01  1.60000000000000009e+00 -8.00000000000000044e-01  2.30000000000000027e+00
 7.01279999999997714e-07  9.91564797306667318e-06 -9.10492704137585095e-04  7.68763253908714473e-04 -1.24338653068007294e-04 -1.30451559856855499e-06  5.25963407553996619e-06 -2.08510659903684971e-09  2.86337335051723070e-09  4.00000000000000000e+00 -2.50000000000000000e+00  1.65000000000000013e+00 -1.00000000000000006e-01  1.60000000000000009e+00 -8.00000000000000044e-01  2.30000000000000027e+00
 7.02279999999997683e-07  9.91564797257712880e-06 -9.10492704125413299e-04  7.68763253906346034e-04 -1.24338653067948069e-04 -1.30451559820807936e-06  5.25963407609253322e-06 -2.08510657065353583e-09  2.86337341968084988e-09  4.00000000000000000e+00 -2.50000000000000000e+00  1.65000000000000013e+00 -1.00000000000000006e-01  1.60000000000000009e+00 -8.00000000000000044e-01  2.30000000000000027e+00
 7.03279999999997652e-07  9.91564797326885148e-06 -9.10492704114710815e-04  7.68763253891469045e-04 -1.24338653066482607e-04 -1.30451559769971878e-06  5.25963407706343880e-06 -2.08510645839871440e-09  2.86337331033010903e-09  4.00000000000000000e+00 -2.50000000000000000e+00  1.65000000000000013e+00 -1.00000000000000006e-01  1.60000000000000009e+00 -8.00000000000000044e-01  2.30000000000000027e+00
 7.04279999999997622e-07  9.91564797397287138e-06 -9.10492704107079874e-04  7.68763253920186850e-04 -1.24338653066852672e-04 -1.30451559868252624e-06  5.25963407706922150e-06 -2.08510635286704205e-09  2.86337334207574998e-09  4.00000000000000000e+00 -2.50000000000000000e+00  1.65000000000000013e+00 -1.00000000000000006e-01  1.60000000000000009e+00 -8.00000000000000044e-01  2.30000000000000027e+00
 7.05279999999997591e-07  9.91564797408592995e-06 -9.10492704106154616e-04  7.68763253912267187e-04 -1.24338653067992494e-04 -1.30451559873769053e-06  5.25963407535974723e-06 -2.08510653432849232e-09  2.86337333863442841e-09  4.00000000000000000e+00 -2.50000000000000000e+00  1.65000000000000013e+00 -1.00000000000000006e-01  1.60000000000000009e+00 -8.00000000000000044e-01  2.30000000000000027e+00
 7.06279999999997560e-07  9.91564797351260554e-06 -9.10492704121020546e-04  7.68763253895909937e-04 -1.24338653065698024e-04 -1.30451559777942924e-06  5.25963407553217942e-06 -2.08510652641265386e-09  2.86337325624077457e-09  4.00000000000000000e+00 -2.50000000000000000e+00  1.65000000000000013e+00 -1.00000000000000006e-01  1.60000000000000009e+00 -8.00000000000000044e-01  2.30000000000000027e+00
 7.07279999999997529e-07  9.91564797279435717e-06 -9.10492704132407705e-04  7.68763253887916331e-04 -1.24338653064424981e-04 -1.30451559856629976e-06  5.25963407743625019e-06 -2.08510632360210666e-09  2.86337319161272690e-09  4.00000000000000000e+00 -2.50000000000000000e+00  1.65000000000000013e+00 -1.00000000000000006e-01  1.60000000000000009e+00 -8.00000000000000044e-01  2.30000000000000027e+00
 7.08279999999997499e-07  9.91564797249711298e-06 -9.10492704128314733e-04  7.68763253915449862e-04 -1.24338653066038491e-04 -1.30451559863534184e-06  5.25963407842951406e-06 -2.08510639147613265e-09  2.86337326542007517e-09  4.00000000000000000e+00 -2.50000000000000000e+00  1.65000000000000013e+00 -1.00000000000000006e-01  1.60000000000000009e+00 -8.00000000000000044e-01  2.30000000000000027e+00
 7.09279999999997468e-07  9.91564797293927943e-06 -9.10492704144246433e-04  7.68763253941873170e-04 -1.24338653068658655e-04 -1.30451559863135189e-06  5.25963407688418376e-06 -2.08510653875534334e-09  2.86337339007746610e-09  4.00000000000000000e+00 -2.50000000000000000e+00  1.65000000000000013e+00 -1.00000000000000006e-01  1.60000000000000009e+00 -8.00000000000000044e-01  2.30000000000000027e+00
 7.10279999999997437e-07  9.91564797355659027e-06 -9.10492704132244857e-04  7.68763253927662316e-04 -1.24338653069309962e-04 -1.30451559860697916e-06  5.25963407660153988e-06 -2.08510653929074426e-09  2.86337333293097342e-09  4.00000000000000000e+00 -2.50000000000000000e+00  1.65000000000000013e+00 -1.00000000000000006e-01  1.60000000000000009e+00 -8.00000000000000044e-01  2.30000000000000027e+00
 7.11279999999997406e-07  9.91564797315346018e-06 -9.10492704135527496e-04  7.68763253902127186e-04 -1.24338653068614257e-04 -1.30451559812012897e-06  5.25963407578799269e-06 -2.08510649163095649e-09  2.86337330846293450e-09  4.00000000000000000e+00 -2.50000000000000000e+00  1.65000000000000013e+00 -1.00000000000000006e-01  1.60000000000000009e+00 -8.00000000000000044e-01  2.30000000000000027e+00
 7.12279999999997376e-07  9.91564797230055560e-06 -9.10492704135242460e-04  7.68763253905161759e-04 -1.24338653068540206e-04 -1.30451559832586713e-06  5.25963407590433520e-06 -2.08510641826390943e-09  2.86337344361398128e-09  4.00000000000000000e+00 -2.50000000000000000e+00  1.65000000000000013e+00 -1.00000000000000006e-01  1.60000000000000009e+00 -8.00000000000000044e-01  2.30000000000000027e+00
 7.13279999999997345e-07  9.91564797229934943e-06 -9.10492704116879436e-04  7.68763253897686294e-04 -1.24338653067592830e-04 -1.30451559840670520e-06  5.25963407560804392e-06 -2.08510658379542820e-09  2.86337336821070466e-09  4.00000000000000000e+00 -2.50000000000000000e+00  1.65000000000000013e+00 -1.00000000000000006e-01  1.60000000000000009e+00 -8.00000000000000044e-01  2.30000000000000027e+00
 7.14279999999997314e-07  9.91564797367999450e-06 -9.10492704104814976e-04  7.68763253892357223e-04 -1.24338653065757249e-04 -1.30451559810659804e-06  5.25963407689698243e-06 -2.08510654288975955e-09  2.86337323891029146e-09  4.00000000000000000e+00 -2.50000000000000000e+00  1.65000000000000013e+00 -1.00000000000000006e-01  1.60000000000000009e+00 -8.00000000000000044e-01  2.30000000000000027e+00
 7.15279999999997283e-07  9.91564797409439520e-06 -9.10492704122471208e-04  7.68763253905975995e-04 -1.24338653064972693e-04 -1.30451559810278173e-06  5.25963407739989808e-06 -2.08510635226125260e-09  2.86337319810154273e-09  4.00000000000000000e+00 -2.50000000000000000e+00  1.65000000000000013e+00 -1.00000000000000006e-01  1.60000000000000009e+00 -8.00000000000000044e-01  2.30000000000000027e+00
 7.16279999999997253e-07  9.91564797385670590e-06 -9.10492704141270949e-04  7.68763253931437074e-04 -1.24338653066985894e-04 -1.30451559872554746e-06  5.25963407773404411e-06 -2.08510631490237891e-09  2.86337325521072833e-09  4.00000000000000000e+00 -2.50000000000000000e+00  1.65000000000000013e+00 -1.00000000000000006e-01  1.60000000000000009e+00 -8.00000000000000044e-01  2.30000000000000027e+00
 7.17279999999997222e-07  9.91564797257025259e-06 -9.10492704121039086e-04  7.68763253909232613e-04 -1.24338653069176741e-04 -1.30451559851850826e-06  5.25963407546652928e-06 -2.08510650117086068e-09  2.86337347719518399e-09  4.00000000000000000e+00 -2.50000000000000000e+00  1.65000000000000013e+00 -1.00000000000000006e-01  1.60000000000000009e+00 -8.00000000000000044e-01  2.30000000000000027e+00
 7.18279999999997191e-07  9.91564797185990704e-06 -9.10492704123640629e-04  7.68763253900054734e-04 -1.24338653068703053e-04 -1.30451559818691582e-06  5.25963407513716306e-06 -2.08510664400257765e-09  2.86337350713855016e-09  4.00000000000000000e+00 -2.50000000000000000e+00  1.65000000000000013e+00 -1.00000000000000006e-01  1.60000000000000009e+00 -8.00000000000000044e-01  2.30000000000000027e+00
 7.19279999999997160e-07  9.91564797223449720e-06 -9.10492704115721074e-04  7.68763253899240606e-04 -1.24338653064765448e-04 -1.30451559781056765e-06  5.25963407621963051e-06 -2.08510650019077408e-09  2.86337323333067574e-09  4.00000000000000000e+00 -2.50000000000000000e+00  1.65000000000000013e+00 -1.00000000000000006e-01  1.60000000000000009e+00 -8.00000000000000044e-01  2.30000000000000027e+00
 7.20279999999997130e-07  9.91564797295949641e-06 -9.10492704131264196e-04  7.68763253917004175e-04 -1.24338653064469379e-04 -1.30451559857219786e-06  5.25963407759927524e-06 -2.08510638859033234e-09  2.86337316312106228e-09  4.00000000000000000e+00 -2.50000000000000000e+00  1.65000000000000013e+00 -1.00000000000000006e-01  1.60000000000000009e+00 -8.00000000000000044e-01  2.30000000000000027e+00
 7.21279999999997099e-07  9.91564797383674811e-06 -9.10492704127215569e-04  7.68763253932621348e-04 -1.24338653066971122e-04 -1.30451559963055262e-06  5.25963407811718675e-06 -2.08510631618525870e-09  2.86337327618354369e-09  4.00000000000000000e+00 -2.50000000000000000e+00  1.65000000000000013e+00 -1.00000000000000006e-01  1.60000000000000009e+00 -8.00000000000000044e-01  2.30000000000000027e+00
 7.22279999999997068e-07  9.91564797358938230e-06 -9.10492704139305941e-04  7.68763253908936518e-04 -1.24338653068880673e-04 -1.30451559866856184e-06  5.25963407672724973e-06 -2.08510653141362075e-09  2.86337328197719528e-09  4.00000000000000000e+00 -2.50000000000000000e+00  1.65000000000000013e+00 -1.00000000000000006e-01  1.60000000000000009e+00 -8.00000000000000044e-01  2.30000000000000027e+00
 7.23279999999997037e-07  9.91564797262451521e-06 -9.10492704135571840e-04  7.68763253913377410e-04 -1.24338653069383986e-04 -1.30451559773189777e-06  5.25963407638747517e-06 -2.08510650349413144e-09  2.86337343733443429e-09  4.00000000000000000e+00 -2.50000000000000000e+00  1.65000000000000013e+00 -1.00000000000000006e-01  1.60000000000000009e+00 -8.00000000000000044e-01  2.30000000000000027e+00
 7.24279999999997007e-07  9.91564797203310664e-06 -9.10492704114473916e-04  7.68763253917004175e-04 -1.24338653068777077e-04 -1.30451559791022743e-06  5.25963407491488722e-06 -2.08510657733064320e-09  2.86337349539743729e-09  4.00000000000000000e+00 -2.50000000000000000e+00  1.65000000000000013e+00 -1.00000000000000006e-01  1.60000000000000009e+00 -8.00000000000000044e-01  2.30000000000000027e+00
 7.25279999999996976e-07  9.91564797288688028e-06 -9.10492704109881344e-04  7.68763253909602652e-04 -1.24338653066882271e-04 -1.30451559817824221e-06  5.25963407592403380e-06 -2.08510652520657531e-09  2.86337325607121578e-09  4.00000000000000000e+00 -2.50000000000000000e+00  1.65000000000000013e+00 -1.00000000000000006e-01  1.60000000000000009e+00 -8.00000000000000044e-01  2.30000000000000027e+00
 7.26279999999996945e-07  9.91564797435928443e-06 -9.10492704106509909e-04  7.68763253924109602e-04 -1.24338653066112515e-04 -1.30451559837600068e-06  5.25963407759233634e-06 -2.08510637356106693e-09  2.86337319229577501e-09  4.00000000000000000e+00 -2.50000000000000000e+00  1.65000000000000013e+00 -1.00000000000000006e-01  1.60000000000000009e+00 -8.00000000000000044e-01  2.30000000000000027e+00
 7.27279999999996914e-07  9.91564797422914120e-06 -9.10492704114525741e-04  7.68763253927884360e-04 -1.24338653066615828e-04 -1.30451559950192304e-06  5.25963407693452971e-06 -2.08510641776074828e-09  2.86337314198400235e-09  4.00000000000000000e+00 -2.50000000000000000e+00  1.65000000000000013e+00 -1.00000000000000006e-01  1.60000000000000009e+00 -8.00000000000000044e-01  2.30000000000000027e+00
 7.28279999999996884e-07  9.91564797256869574e-06 -9.10492704157161992e-04  7.68763253917522315e-04 -1.24338653068436583e-04 -1.30451559836906179e-06  5.25963407773739836e-06 -2.08510647495507061e-09  2.86337329937322625e-09  4.00000000000000000e+00 -2.50000000000000000e+00  1.65000000000000013e+00 -1.00000000000000006e-01  1.60000000000000009e+00 -8.00000000000000044e-01  2.30000000000000027e+00
 7.29279999999996853e-07  9.91564797155295924e-06 -9.10492704133373620e-04  7.68763253922925328e-04 -1.24338653068806676e-04 -1.30451559787293087e-06  5.25963407586281704e-06 -2.08510650613230944e-09  2.86337351543508485e-09  4.00000000000000000e+00 -2.50000000000000000e+00  1.65000000000000013e+00 -1.00000000000000006e-01  1.60000000000000009e+00 -8.00000000000000044e-01  2.30000000000000027e+00
 7.30279999999996822e-07  9.91564797175715686e-06 -9.10492704110510398e-04  7.68763253905457855e-04 -1.24338653068199739e-04 -1.30451559759624248e-06  5.25963407432307716e-06 -2.08510661497617634e-09  2.86337358115230771e-09  4.00000000000000000e+00 -2.50000000000000000e+00  1.65000000000000013e+00 -1.00000000000000006e-01  1.60000000000000009e+00 -8.00000000000000044e-01  2.30000000000000027e+00
 7.31279999999996791e-07  9.91564797375938859e-06 -9.10492704095004356e-04  7.68763253895909937e-04 -1.24338653065638854e-04 -1.30451559855389666e-06  5.25963407572781777e-06 -2.08510652077093136e-09  2.86337322296874965e-09  4.00000000000000000e+00 -2.50000000000000000e+00  1.65000000000000013e+00 -1.00000000000000006e-01  1.60000000000000009e+00 -8.00000000000000044e-01  2.30000000000000027e+00
 7.32279999999996761e-07  9.91564797427726623e-06 -9.10492704110961860e-04  7.68763253903015364e-04 -1.24338653063906895e-04 -1.30451559869093981e-06  5.25963407780836786e-06 -2.08510632601796001e-09  2.86337299033562284e-09  4.00000000000000000e+00 -2.50000000000000000e+00  1.65000000000000013e+00 -1.00000000000000006e-01  1.60000000000000009e+00 -8.00000000000000044e-01  2.30000000000000027e+00
 7.33279999999996730e-07  9.91564797305490959e-06 -9.10492704157942834e-04  7.68763253911305066e-04 -1.24338653067133942e-04 -1.30451559945603948e-06  5.25963407944945438e-06 -2.08510623552881980e-09  2.86337317457883395e-09  4.00000000000000000e+00 -2.50000000000000000e+00  1.65000000000000013e+00 -1.00000000000000006e-01  1.60000000000000009e+00 -8.00000000000000044e-01  2.30000000000000027e+00
 7.34279999999996699e-07  9.91564797169947561e-06 -9.10492704154179243e-04  7.68763253926996182e-04 -1.24338653070272165e-04 -1.30451559830340255e-06  5.25963407702650817e-06 -2.08510646919870212e-09  2.86337336480867375e-09  4.00000000000000000e+00 -2.50000000000000000e+00  1.65000000000000013e+00 -1.00000000000000006e-01  1.60000000000000009e+00 -8.00000000000000044e-01  2.30000000000000027e+00
 7.35279999999996668e-07  9.91564797207390483e-06 -9.10492704161103283e-04  7.68763253913081423e-04 -1.24338653070938299e-04 -1.30451559866916895e-06  5.25963407642082032e-06 -2.08510659932114342e-09  2.86337348277963747e-09  4.00000000000000000e+00 -2.50000000000000000e+00  1.65000000000000013e+00 -1.00000000000000006e-01  1.60000000000000009e+00 -8.00000000000000044e-01  2.30000000000000027e+00
 7.36279999999996638e-07  9.91564797372388266e-06 -9.10492704125968411e-04  7.68763253909232613e-04 -1.24338653068540206e-04 -1.30451559749415405e-06  5.25963407477876902e-06 -2.08510663550366164e-09  2.86337347827425019e-09  4.00000000000000000e+00 -2.50000000000000000e+00  1.65000000000000013e+00 -1.00000000000000006e-01  1.60000000000000009e+00 -8.00000000000000044e-01  2.30000000000000027e+00
 7.37279999999996607e-07  9.91564797449160452e-06 -9.10492704118411522e-04  7.68763253899462651e-04 -1.24338653066512206e-04 -1.30451559812030240e-06  5.25963407576482464e-06 -2.08510657415405045e-09  2.86337339188448392e-09  4.00000000000000000e+00 -2.50000000000000000e+00  1.65000000000000013e+00 -1.00000000000000006e-01  1.60000000000000009e+00 -8.00000000000000044e-01  2.30000000000000027e+00
 7.38279999999996576e-07  9.91564797390924396e-06 -9.10492704119073969e-04  7.68763253915819901e-04 -1.24338653065712824e-04 -1.30451559826350391e-06  5.25963407713074574e-06 -2.08510635440041115e-09  2.86337326341149535e-09  4.00000000000000000e+00 -2.50000000000000000e+00  1.65000000000000013e+00 -1.00000000000000006e-01  1.60000000000000009e+00 -8.00000000000000044e-01  2.30000000000000027e+00
 7.39279999999996545e-07  9.91564797292050918e-06 -9.10492704129176999e-04  7.68763253920556888e-04 -1.24338653066408583e-04 -1.30451559811345033e-06  5.25963407683218102e-06 -2.08510640571390408e-09  2.86337325204089653e-09  4.00000000000000000e+00 -2.50000000000000000e+00  1.65000000000000013e+00 -1.00000000000000006e-01  1.60000000000000009e+00 -8.00000000000000044e-01  2.30000000000000027e+00
 7.40279999999996515e-07  9.91564797214483029e-06 -9.10492704135401620e-04  7.68763253925515921e-04 -1.24338653068436583e-04 -1.30451559951831609e-06  5.25963407705711655e-06 -2.08510641361459314e-09  2.86337327261493598e-09  4.00000000000000000e+00 -2.50000000000000000e+00  1.65000000000000013e+00 -1.00000000000000006e-01  1.60000000000000009e+00 -8.00000000000000044e-01  2.30000000000000027e+00
 7.41279999999996484e-07  9.91564797282978687e-06 -9.10492704150789268e-04  7.68763253936766144e-04 -1.24338653069250765e-04 -1.30451559859665742e-06  5.25963407756080300e-06 -2.08510642653435236e-09  2.86337331104073700e-09  4.00000000000000000e+00 -2.50000000000000000e+00  1.65000000000000013e+00 -1.00000000000000006e-01  1.60000000000000009e+00 -8.00000000000000044e-01  2.30000000000000027e+00
 7.42279999999996453e-07  9.91564797290062593e-06 -9.10492704141367226e-04  7.68763253926774137e-04 -1.24338653068939870e-04 -1.30451559830505045e-06  5.25963407585664979e-06 -2.08510656386802727e-09  2.86337331082289444e-09  4.00000000000000000e+00 -2.50000000000000000e+00  1.65000000000000013e+00 -1.00000000000000006e-01  1.60000000000000009e+00 -8.00000000000000044e-01  2.30000000000000027e+00
 7.43279999999996422e-07  9.91564797304883806e-06 -9.10492704136774546e-04  7.68763253926996182e-04 -1.24338653067474408e-04 -1.30451559792766148e-06  5.25963407614461389e-06 -2.08510664091060216e-09  2.86337336011830863e-09  4.00000000000000000e+00 -2.50000000000000000e+00  1.65000000000000013e+00 -1.00000000000000006e-01  1.60000000000000009e+00 -8.00000000000000044e-01  2.30000000000000027e+00
 7.44279999999996392e-07  9.91564797301636451e-06 -9.10492704115369467e-04  7.68763253898056332e-04 -1.24338653066304961e-04 -1.30451559738729512e-06  5.25963407678530453e-06 -2.08510646326255915e-09  2.86337339495617694e-09  4.00000000000000000e+00 -2.50000000000000000e+00  1.65000000000000013e+00 -1.00000000000000006e-01  1.60000000000000009e+00 -8.00000000000000044e-01  2.30000000000000027e+00
 7.45279999999996361e-07  9.91564797359114582e-06 -9.10492704100655326e-04  7.68763253913451461e-04 -1.24338653066749050e-04 -1.30451559852180427e-06  5.25963407539980003e-06 -2.08510645575125130e-09  2.86337334994991012e-09  4.00000000000000000e+00 -2.50000000000000000e+00  1.65000000000000013e+00 -1.00000000000000006e-01  1.60000000000000009e+00 -8.00000000000000044e-01  2.30000000000000027e+00
 7.46279999999996330e-07  9.91564797417310828e-06 -9.10492704112512486e-04  7.68763253924331647e-04 -1.24338653066985921e-04 -1.30451559902391990e-06  5.25963407738451681e-06 -2.08510638501385608e-09  2.86337316855169326e-09  4.00000000000000000e+00 -2.50000000000000000e+00  1.65000000000000013e+00 -1.00000000000000006e-01  1.60000000000000009e+00 -8.00000000000000044e-01  2.30000000000000027e+00
 7.47279999999996299e-07  9.91564797348404020e-06 -9.10492704149401489e-04  7.68763253924109602e-04 -1.24338653067711252e-04 -1.30451559878713015e-06  5.25963407719261811e-06 -2.08510637971715764e-09  2.86337323775560812e-09  4.00000000000000000e+00 -2.50000000000000000e+00  1.65000000000000013e+00 -1.00000000000000006e-01  1.60000000000000009e+00 -8.00000000000000044e-01  2.30000000000000027e+00
 7.48279999999996269e-07  9.91564797182750295e-06 -9.10492704127744768e-04  7.68763253917300270e-04 -1.24338653068658628e-04 -1.30451559856005480e-06  5.25963407644425857e-06 -2.08510650124063089e-09  2.86337336260995158e-09  4.00000000000000000e+00 -2.50000000000000000e+00  1.65000000000000013e+00 -1.00000000000000006e-01  1.60000000000000009e+00 -8.00000000000000044e-01  2.30000000000000027e+00
 7.49279999999996238e-07  9.91564797178800241e-06 -9.10492704136315711e-04  7.68763253937358227e-04 -1.24338653068525407e-04 -1.30451559759884456e-06  5.25963407621731811e-06 -2.08510662782795495e-09  2.86337346289036750e-09  4.00000000000000000e+00 -2.50000000000000000e+00  1.65000000000000013e+00 -1.00000000000000006e-01  1.60000000000000009e+00 -8.00000000000000044e-01  2.30000000000000027e+00
 7.50279999999996207e-07  9.91564797323018951e-06 -9.10492704125583519e-04  7.68763253909898747e-04 -1.24338653066734250e-04 -1.30451559798169795e-06  5.25963407594049419e-06 -2.08510646355706357e-09  2.86337342744950561e-09  4.00000000000000000e+00 -2.50000000000000000e+00  1.65000000000000013e+00 -1.00000000000000006e-01  1.60000000000000009e+00 -8.00000000000000044e-01  2.30000000000000027e+00
 7.51279999999996176e-07  9.91564797467139743e-06 -9.10492704097065641e-04  7.68763253919668710e-04 -1.24338653066438182e-04 -1.30451559867558734e-06  5.25963407547046121e-06 -2.08510647106085194e-09  2.86337335227396463e-09  4.00000000000000000e+00 -2.50000000000000000e+00  1.65000000000000013e+00 -1.00000000000000006e-01  1.60000000000000009e+00 -8.00000000000000044e-01  2.30000000000000027e+00
 7.52279999999996146e-07  9.91564797465519030e-06 -9.10492704097802031e-04  7.68763253899758746e-04 -1.24338653065357585e-04 -1.30451559834494909e-06  5.25963407611026585e-06 -2.08510646094922036e-09  2.86337317373195775e-09  4.00000000000000000e+00 -2.50000000000000000e+00  1.65000000000000013e+00 -1.00000000000000006e-01  1.60000000000000009e+00 -8.00000000000000044e-01  2.30000000000000027e+00
 7.53279999999996115e-07  9.91564797327595470e-06 -9.10492704147854658e-04  7.68763253906568078e-04 -1.24338653065742449e-04 -1.30451559867532730e-06  5.25963407887206167e-06 -2.08510633874822497e-09  2.86337311828249806e-09  4.00000000000000000e+00 -2.50000000000000000e+00  1.65000000000000013e+00 -1.00000000000000006e-01  1.60000000000000009e+00 -8.00000000000000044e-01  2.30000000000000027e+00
 7.54279999999996084e-07  9.91564797163189255e-06 -9.10492704147373489e-04  7.68763253934767743e-04 -1.24338653068155341e-04 -1.30451559897109766e-06  5.25963407848224948e-06 -2.08510630103275992e-09  2.86337322511360168e-09  4.00000000000000000e+00 -2.50000000000000000e+00  1.65000000000000013e+00 -1.00000000000000006e-01  1.60000000000000009e+00 -8.00000000000000044e-01  2.30000000000000027e+00
 7.55279999999996053e-07  9.91564797168373774e-06 -9.10492704149779009e-04  7.68763253927884360e-04 -1.24338653070242566e-04 -1.30451559861461198e-06  5.25963407547686054e-06 -2.08510665263260840e-09  2.86337357100130894e-09  4.00000000000000000e+00 -2.50000000000000000e+00  1.65000000000000013e+00 -1.00000000000000006e-01  1.60000000000000009e+00 -8.00000000000000044e-01  2.30000000000000027e+00
 7.56279999999996023e-07  9.91564797272815139e-06 -9.10492704117279073e-04  7.68763253902497224e-04 -1.24338653069324762e-04 -1.30451559768905019e-06  5.25963407402200607e-06 -2.08510670349345694e-09  2.86337360292880555e-09  4.00000000000000000e+00 -2.50000000000000000e+00  1.65000000000000013e+00 -1.00000000000000006e-01  1.60000000000000009e+00 -8.00000000000000044e-01  2.30000000000000027e+00
 7.57279999999995992e-07  9.91564797374736072e-06 -9.10492704109000539e-04  7.68763253888212427e-04 -1.24338653065017091e-04 -1.30451559733794211e-06  5.25963407497991987e-06 -2.08510661279541433e-09  2.86337321333413451e-09  4.00000000000000000e+00 -2.50000000000000000e+00  1.65000000000000013e+00 -1.00000000000000006e-01  1.60000000000000009e+00 -8.00000000000000044e-01  2.30000000000000027e+00
 7.58279999999995961e-07  9.91564797413800893e-06 -9.10492704101702665e-04  7.68763253880810904e-04 -1.24338653062396981e-04 -1.30451559818361981e-06  5.25963407811256111e-06 -2.08510626151326524e-09  2.86337305150428993e-09  4.00000000000000000e+00 -2.50000000000000000e+00  1.65000000000000013e+00 -1.00000000000000006e-01  1.60000000000000009e+00 -8.00000000000000044e-01  2.30000000000000027e+00
 7.59279999999995930e-07  9.91564797400290717e-06 -9.10492704133932418e-04  7.68763253924331647e-04 -1.24338653065268789e-04 -1.30451559950625985e-06  5.25963407825446115e-06 -2.08510624357434322e-09  2.86337316443622528e-09  4.00000000000000000e+00 -2.50000000000000000e+00  1.65000000000000013e+00 -1.00000000000000006e-01  1.60000000000000009e+00 -8.00000000000000044e-01  2.30000000000000027e+00
 7.60279999999995900e-07  9.91564797273100758e-06 -9.10492704157787468e-04  7.68763253943279489e-04 -1.24338653069916872e-04 -1.30451559967799747e-06  5.25963407818777086e-06 -2.08510634390889852e-09  2.86337336495772467e-09  4.00000000000000000e+00 -2.50000000000000000e+00  1.65000000000000013e+00 -1.00000000000000006e-01  1.60000000000000009e+00 -8.00000000000000044e-01  2.30000000000000027e+00
 7.61279999999995869e-07  9.91564797181210728e-06 -9.10492704134924246e-04  7.68763253919890754e-04 -1.24338653071678429e-04 -1.30451559785037947e-06  5.25963407474233983e-06 -2.08510669276977581e-09  2.86337347066118920e-09  4.00000000000000000e+00 -2.50000000000000000e+00  1.65000000000000013e+00 -1.00000000000000006e-01  1.60000000000000009e+00 -8.00000000000000044e-01  2.30000000000000027e+00
 7.62279999999995838e-07  9.91564797181450438e-06 -9.10492704130442588e-04  7.68763253913673505e-04 -1.24338653068036892e-04 -1.30451559755131310e-06  5.25963407493015329e-06 -2.08510664410689877e-09  2.86337342824064969e-09  4.00000000000000000e+00 -2.50000000000000000e+00  1.65000000000000013e+00 -1.00000000000000006e-01  1.60000000000000009e+00 -8.00000000000000044e-01  2.30000000000000027e+00
 7.63279999999995807e-07  9.91564797337099857e-06 -9.10492704111879746e-04  7.68763253899462651e-04 -1.24338653064543403e-04 -1.30451559752373095e-06  5.25963407630972094e-06 -2.08510645389668879e-09  2.86337338240567694e-09  4.00000000000000000e+00 -2.50000000000000000e+00  1.65000000000000013e+00 -1.00000000000000006e-01  1.60000000000000009e+00 -8.00000000000000044e-01  2.30000000000000027e+00
 7.64279999999995777e-07  9.91564797474826906e-06 -9.10492704098109186e-04  7.68763253917522315e-04 -1.24338653064188137e-04 -1.30451559853828415e-06  5.25963407618574581e-06 -2.08510644501231613e-09  2.86337334967364999e-09  4.00000000000000000e+00 -2.50000000000000000e+00  1.65000000000000013e+00 -1.00000000000000006e-01  1.60000000000000009e+00 -8.00000000000000044e-01  2.30000000000000027e+00
 7.65279999999995746e-07  9.91564797444861591e-06 -9.10492704118418894e-04  7.68763253909898747e-04 -1.24338653065727623e-04 -1.30451559897387317e-06  5.25963407753258494e-06 -2.08510640067189373e-09  2.86337325175016736e-09  4.00000000000000000e+00 -2.50000000000000000e+00  1.65000000000000013e+00 -1.00000000000000006e-01  1.60000000000000009e+00 -8.00000000000000044e-01  2.30000000000000027e+00
 7.66279999999995715e-07  9.91564797262411202e-06 -9.10492704151799636e-04  7.68763253906642129e-04 -1.24338653067415184e-04 -1.30451559852293168e-06  5.25963407775883168e-06 -2.08510631531952568e-09  2.86337325659905669e-09  4.00000000000000000e+00 -2.50000000000000000e+00  1.65000000000000013e+00 -1.00000000000000006e-01  1.60000000000000009e+00 -8.00000000000000044e-01  2.30000000000000027e+00
 7.67279999999995684e-07  9.91564797142680046e-06 -9.10492704106095419e-04  7.68763253931437074e-04 -1.24338653070242566e-04 -1.30451559941457954e-06  5.25963407626438689e-06 -2.08510652563410692e-09  2.86337332533037845e-09  4.00000000000000000e+00 -2.50000000000000000e+00  1.65000000000000013e+00 -1.00000000000000006e-01  1.60000000000000009e+00 -8.00000000000000044e-01  2.30000000000000027e+00
 7.68279999999995654e-07  9.91564797156977284e-06 -9.10492704143065846e-04  7.68763253920852984e-04 -1.24338653069976096e-04 -1.30451559813834357e-06  5.25963407586428240e-06 -2.08510665929498286e-09  2.86337330922598422e-09  4.00000000000000000e+00 -2.50000000000000000e+00  1.65000000000000013e+00 -1.00000000000000006e-01  1.60000000000000009e+00 -8.00000000000000044e-01  2.30000000000000027e+00
 7.69279999999995623e-07  9.91564797363444953e-06 -9.10492704135286912e-04  7.68763253899240606e-04 -1.24338653067311561e-04 -1.30451559741062707e-06  5.25963407666973366e-06 -2.08510653212093462e-09  2.86337336493667705e-09  4.00000000000000000e+00 -2.50000000000000000e+00  1.65000000000000013e+00 -1.00000000000000006e-01  1.60000000000000009e+00 -8.00000000000000044e-01  2.30000000000000027e+00
 7.70279999999995592e-07  9.91564797476669033e-06 -9.10492704123155882e-04  7.68763253903903543e-04 -1.24338653066023719e-04 -1.30451559830669856e-06  5.25963407691251786e-06 -2.08510643027687893e-09  2.86337332828774973e-09  4.00000000000000000e+00 -2.50000000000000000e+00  1.65000000000000013e+00 -1.00000000000000006e-01  1.60000000000000009e+00 -8.00000000000000044e-01  2.30000000000000027e+00
 7.71279999999995561e-07  9.91564797428167419e-06 -9.10492704106317463e-04  7.68763253914931722e-04 -1.24338653066615828e-04 -1.30451559878834437e-06  5.25963407649352454e-06 -2.08510642554460222e-09  2.86337324395449798e-09  4.00000000000000000e+00 -2.50000000000000000e+00  1.65000000000000013e+00 -1.00000000000000006e-01  1.60000000000000009e+00 -8.00000000000000044e-01  2.30000000000000027e+00
 7.72279999999995531e-07  9.91564797303141967e-06 -9.10492704124499209e-04  7.68763253926996182e-04 -1.24338653066971094e-04 -1.30451559848537508e-06  5.25963407654178848e-06 -2.08510643649050542e-09  2.86337321426807147e-09  4.00000000000000000e+00 -2.50000000000000000e+00  1.65000000000000013e+00 -1.00000000000000006e-01  1.60000000000000009e+00 -8.00000000000000044e-01  2.30000000000000027e+00
 7.73279999999995500e-07  9.91564797209672051e-06 -9.10492704148842692e-04  7.68763253922259194e-04 -1.24338653068110916e-04 -1.30451559888869829e-06  5.25963407714689866e-06 -2.08510637044989383e-09  2.86337335879829339e-09  4.00000000000000000e+00 -2.50000000000000000e+00  1.65000000000000013e+00 -1.00000000000000006e-01  1.60000000000000009e+00 -8.00000000000000044e-01  2.30000000000000027e+00
 7.74279999999995469e-07  9.91564797152808866e-06 -9.10492704129939301e-04  7.68763253905679900e-04 -1.24338653068110943e-04 -1.30451559785584389e-06  5.25963407500725193e-06 -2.08510659362627332e-09  2.86337339569815464e-09  4.00000000000000000e+00 -2.50000000000000000e+00  1.65000000000000013e+00 -1.00000000000000006e-01  1.60000000000000009e+00 -8.00000000000000044e-01  2.30000000000000027e+00
 7.75279999999995438e-07  9.91564797240271794e-06 -9.10492704115240014e-04  7.68763253906568078e-04 -1.24338653066497406e-04 -1.30451559849491606e-06  5.25963407644348692e-06 -2.08510657048419045e-09  2.86337329430516550e-09  4.00000000000000000e+00 -2.50000000000000000e+00  1.65000000000000013e+00 -1.00000000000000006e-01  1.60000000000000009e+00 -8.00000000000000044e-01  2.30000000000000027e+00
 7.76279999999995408e-07  9.91564797410612661e-06 -9.10492704148905684e-04  7.68763253920852984e-04 -1.24338653066053317e-04 -1.30451559841017465e-06  5.25963407861624756e-06 -2.08510635433914395e-09  2.86337322300592066e-09  4.00000000000000000e+00 -2.50000000000000000e+00  1.65000000000000013e+00 -1.00000000000000006e-01  1.60000000000000009e+00 -8.00000000000000044e-01  2.30000000000000027e+00
 7.77279999999995377e-07  9.91564797436389737e-06 -9.10492704131408504e-04  7.68763253931437074e-04 -1.24338653068954696e-04 -1.30451559882546749e-06  5.25963407696513809e-06 -2.08510641992562718e-09  2.86337333424782262e-09  4.00000000000000000e+00 -2.50000000000000000e+00  1.65000000000000013e+00 -1.00000000000000006e-01  1.60000000000000009e+00 -8.00000000000000044e-01  2.30000000000000027e+00
 7.78279999999995346e-07  9.91564797352885502e-06 -9.10492704153194788e-04  7.68763253951569082e-04 -1.24338653070745853e-04 -1.30451559918030526e-06  5.25963407635355150e-06 -2.08510648130811922e-09  2.86337339806528540e-09  4.00000000000000000e+00 -2.50000000000000000e+00  1.65000000000000013e+00 -1.00000000000000006e-01  1.60000000000000009e+00 -8.00000000000000044e-01  2.30000000000000027e+00
 7.79279999999995315e-07  9.91564797181268326e-06 -9.10492704138606414e-04  7.68763253909232613e-04 -1.24338653068984295e-04 -1.30451559700400784e-06  5.25963407534390348e-06 -2.08510651562750245e-09  2.86337336210626269e-09  4.00000000000000000e+00 -2.50000000000000000e+00  1.65000000000000013e+00 -1.00000000000000006e-01  1.60000000000000009e+00 -8.00000000000000044e-01  2.30000000000000027e+00
 7.80279999999995285e-07  9.91564797176341813e-06 -9.10492704126608632e-04  7.68763253909010569e-04 -1.24338653065831273e-04 -1.30451559769165227e-06  5.25963407546009183e-06 -2.08510658192115770e-09  2.86337340657458956e-09  4.00000000000000000e+00 -2.50000000000000000e+00  1.65000000000000013e+00 -1.00000000000000006e-01  1.60000000000000009e+00 -8.00000000000000044e-01  2.30000000000000027e+00
 7.81279999999995254e-07  9.91564797309672591e-06 -9.10492704092658034e-04  7.68763253876740050e-04 -1.24338653064513804e-04 -1.30451559852622769e-06  5.25963407595579838e-06 -2.08510652050995298e-09  2.86337336490895865e-09  4.00000000000000000e+00 -2.50000000000000000e+00  1.65000000000000013e+00 -1.00000000000000006e-01  1.60000000000000009e+00 -8.00000000000000044e-01  2.30000000000000027e+00
 7.82279999999995223e-07  9.91564797445053190e-06 -9.10492704102638982e-04  7.68763253908936518e-04 -1.24338653064869097e-04 -1.30451559800849956e-06  5.25963407689663515e-06 -2.08510637743278009e-09  2.86337330934044906e-09  4.00000000000000000e+00 -2.50000000000000000e+00  1.65000000000000013e+00 -1.00000000000000006e-01  1.60000000000000009e+00 -8.00000000000000044e-01  2.30000000000000027e+00
 7.83279999999995192e-07  9.91564797415646577e-06 -9.10492704114936545e-04  7.68763253912563282e-04 -1.24338653065831246e-04 -1.30451559893024483e-06  5.25963407709689999e-06 -2.08510643795328872e-09  2.86337313648061216e-09  4.00000000000000000e+00 -2.50000000000000000e+00  1.65000000000000013e+00 -1.00000000000000006e-01  1.60000000000000009e+00 -8.00000000000000044e-01  2.30000000000000027e+00
 7.84279999999995162e-07  9.91564797211364592e-06 -9.10492704146067134e-04  7.68763253931437074e-04 -1.24338653068851074e-04 -1.30451559934692533e-06  5.25963407796788534e-06 -2.08510633895700577e-09  2.86337324961883312e-09  4.00000000000000000e+00 -2.50000000000000000e+00  1.65000000000000013e+00 -1.00000000000000006e-01  1.60000000000000009e+00 -8.00000000000000044e-01  2.30000000000000027e+00
 7.85279999999995131e-07  9.91564797072861830e-06 -9.10492704109829520e-04  7.68763253914857780e-04 -1.24338653070079719e-04 -1.30451559852726848e-06  5.25963407612472216e-06 -2.08510651972706086e-09  2.86337326141167621e-09  4.00000000000000000e+00 -2.50000000000000000e+00  1.65000000000000013e+00 -1.00000000000000006e-01  1.60000000000000009e+00 -8.00000000000000044e-01  2.30000000000000027e+00
 7.86279999999995100e-07  9.91564797147292310e-06 -9.10492704132818509e-04  7.68763253903015364e-04 -1.24338653068673454e-04 -1.30451559784465480e-06  5.25963407697978668e-06 -2.08510652910829775e-09  2.86337339115923016e-09  4.00000000000000000e+00 -2.50000000000000000e+00  1.65000000000000013e+00 -1.00000000000000006e-01  1.60000000000000009e+00 -8.00000000000000044e-01  2.30000000000000027e+00
 7.87279999999995069e-07  9.91564797366964206e-06 -9.10492704108974626e-04  7.68763253898056332e-04 -1.24338653067770450e-04 -1.30451559808135794e-06  5.25963407576559544e-06 -2.08510654654538583e-09  2.86337350098995992e-09  4.00000000000000000e+00 -2.50000000000000000e+00  1.65000000000000013e+00 -1.00000000000000006e-01  1.60000000000000009e+00 -8.00000000000000044e-01  2.30000000000000027e+00
 7.88279999999995039e-07  9.91564797459631982e-06 -9.10492704106868889e-04  7.68763253902497224e-04 -1.24338653066823074e-04 -1.30451559815326215e-06  5.25963407511075681e-06 -2.08510653636841938e-09  2.86337336916861661e-09  4.00000000000000000e+00 -2.50000000000000000e+00  1.65000000000000013e+00 -1.00000000000000006e-01  1.60000000000000009e+00 -8.00000000000000044e-01  2.30000000000000027e+00
 7.89279999999995008e-07  9.91564797370587643e-06 -9.10492704112338580e-04  7.68763253890950905e-04 -1.24338653065150339e-04 -1.30451559789114547e-06  5.25963407707955276e-06 -2.08510643154140523e-09  2.86337322522280689e-09  4.00000000000000000e+00 -2.50000000000000000e+00  1.65000000000000013e+00 -1.00000000000000006e-01  1.60000000000000009e+00 -8.00000000000000044e-01  2.30000000000000027e+00
 7.90279999999994977e-07  9.91564797197636390e-06 -9.10492704135594066e-04  7.68763253919668710e-04 -1.24338653066245763e-04 -1.30451559941796238e-06  5.25963407785921440e-06 -2.08510628690909433e-09  2.86337318505259900e-09  4.00000000000000000e+00 -2.50000000000000000e+00  1.65000000000000013e+00 -1.00000000000000006e-01  1.60000000000000009e+00 -8.00000000000000044e-01  2.30000000000000027e+00
 7.91279999999994946e-07  9.91564797184983074e-06 -9.10492704140541931e-04  7.68763253921667111e-04 -1.24338653069265537e-04 -1.30451559917588163e-06  5.25963407738424660e-06 -2.08510650909521373e-09  2.86337329496897174e-09  4.00000000000000000e+00 -2.50000000000000000e+00  1.65000000000000013e+00 -1.00000000000000006e-01  1.60000000000000009e+00 -8.00000000000000044e-01  2.30000000000000027e+00
 7.92279999999994916e-07  9.91564797282919395e-06 -9.10492704154341982e-04  7.68763253913451461e-04 -1.24338653069102717e-04 -1.30451559830522388e-06  5.25963407552265707e-06 -2.08510668163919543e-09  2.86337335620829866e-09  4.00000000000000000e+00 -2.50000000000000000e+00  1.65000000000000013e+00 -1.00000000000000006e-01  1.60000000000000009e+00 -8.00000000000000044e-01  2.30000000000000027e+00
 7.93279999999994885e-07  9.91564797350287821e-06 -9.10492704131075437e-04  7.68763253898574472e-04 -1.24338653066467781e-04 -1.30451559723993024e-06  5.25963407640274040e-06 -2.08510646664965035e-09  2.86337337240118923e-09  4.00000000000000000e+00 -2.50000000000000000e+00  1.65000000000000013e+00 -1.00000000000000006e-01  1.60000000000000009e+00 -8.00000000000000044e-01  2.30000000000000027e+00
 7.94279999999994854e-07  9.91564797328940897e-06 -9.10492704135390562e-04  7.68763253902423282e-04 -1.24338653065579629e-04 -1.30451559817919639e-06  5.25963407693240958e-06 -2.08510636542161963e-09  2.86337334010041662e-09  4.00000000000000000e+00 -2.50000000000000000e+00  1.65000000000000013e+00 -1.00000000000000006e-01  1.60000000000000009e+00 -8.00000000000000044e-01  2.30000000000000027e+00
 7.95279999999994823e-07  9.91564797338555737e-06 -9.10492704123100371e-04  7.68763253927292277e-04 -1.24338653067222765e-04 -1.30451559881922253e-06  5.25963407634873273e-06 -2.08510635803258810e-09  2.86337340328734568e-09  4.00000000000000000e+00 -2.50000000000000000e+00  1.65000000000000013e+00 -1.00000000000000006e-01  1.60000000000000009e+00 -8.00000000000000044e-01  2.30000000000000027e+00
 7.96279999999994793e-07  9.91564797327154674e-06 -9.10492704129609921e-04  7.68763253925515921e-04 -1.24338653068347787e-04 -1.30451559897309242e-06  5.25963407642112864e-06 -2.08510657205481618e-09  2.86337325099334384e-09  4.00000000000000000e+00 -2.50000000000000000e+00  1.65000000000000013e+00 -1.00000000000000006e-01  1.60000000000000009e+00 -8.00000000000000044e-01  2.30000000000000027e+00
 7.97279999999994762e-07  9.91564797337579108e-06 -9.10492704143195408e-04  7.68763253908714473e-04 -1.24338653067740851e-04 -1.30451559807606695e-06  5.25963407716031312e-06 -2.08510656094509731e-09  2.86337313883275689e-09  4.00000000000000000e+00 -2.50000000000000000e+00  1.65000000000000013e+00 -1.00000000000000006e-01  1.60000000000000009e+00 -8.00000000000000044e-01  2.30000000000000027e+00
 7.98279999999994731e-07  9.91564797283408641e-06 -9.10492704137858965e-04  7.68763253916338041e-04 -1.24338653067948096e-04 -1.30451559818084429e-06  5.25963407702257624e-06 -2.08510642639332386e-09  2.86337338962723748e-09  4.00000000000000000e+00 -2.50000000000000000e+00  1.65000000000000013e+00 -1.00000000000000006e-01  1.60000000000000009e+00 -8.00000000000000044e-01  2.30000000000000027e+00
 7.99279999999994700e-07  9.91564797261560612e-06 -9.10492704123981177e-04  7.68763253901905141e-04 -1.24338653067800075e-04 -1.30451559806236259e-06  5.25963407573606703e-06 -2.08510649775809173e-09  2.86337351374771375e-09  4.00000000000000000e+00 -2.50000000000000000e+00  1.65000000000000013e+00 -1.00000000000000006e-01  1.60000000000000009e+00 -8.00000000000000044e-01  2.30000000000000027e+00
 8.00279999999994670e-07  9.91564797289547427e-06 -9.10492704105277605e-04  7.68763253905161759e-04 -1.24338653066897098e-04 -1.30451559847600753e-06  5.25963407550642792e-06 -2.08510648504118243e-09  2.86337341288719731e-09  4.00000000000000000e+00 -2.50000000000000000e+00  1.65000000000000013e+00 -1.00000000000000006e-01  1.60000000000000009e+00 -8.00000000000000044e-01  2.30000000000000027e+00
 8.01279999999994639e-07  9.91564797370107376e-06 -9.10492704097246920e-04  7.68763253912859378e-04 -1.24338653064454580e-04 -1.30451559816280312e-06  5.25963407632105424e-06 -2.08510648377584673e-09  2.86337308487926823e-09  4.00000000000000000e+00 -2.50000000000000000e+00  1.65000000000000013e+00 -1.00000000000000006e-01  1.60000000000000009e+00 -8.00000000000000044e-01  2.30000000000000027e+00
 8.02279999999994608e-07  9.91564797364408369e-06 -9.10492704130005980e-04  7.68763253924109602e-04 -1.24338653065105914e-04 -1.30451559844113963e-06  5.25963407836737234e-06 -2.08510631409794990e-09  2.86337317016789664e-09  4.00000000000000000e+00 -2.50000000000000000e+00  1.65000000000000013e+00 -1.00000000000000006e-01  1.60000000000000009e+00 -8.00000000000000044e-01  2.30000000000000027e+00
 8.03279999999994577e-07  9.91564797267699060e-06 -9.10492704143843002e-04  7.68763253937136183e-04 -1.24338653068540206e-04 -1.30451559916642748e-06  5.25963407754229956e-06 -2.08510635044753462e-09  2.86337342261898549e-09  4.00000000000000000e+00 -2.50000000000000000e+00  1.65000000000000013e+00 -1.00000000000000006e-01  1.60000000000000009e+00 -8.00000000000000044e-01  2.30000000000000027e+00
 8.04279999999994547e-07  9.91564797225267960e-06 -9.10492704136319398e-04  7.68763253924331647e-04 -1.24338653071411987e-04 -1.30451559919947383e-06  5.25963407604349848e-06 -2.08510662755740692e-09  2.86337341534724403e-09  4.00000000000000000e+00 -2.50000000000000000e+00  1.65000000000000013e+00 -1.00000000000000006e-01  1.60000000000000009e+00 -8.00000000000000044e-01  2.30000000000000027e+00
 8.05279999999994516e-07  9.91564797272262365e-06 -9.10492704121749563e-04  7.68763253909602652e-04 -1.24338653070138943e-04 -1.30451559756709904e-06  5.25963407510489704e-06 -2.08510671410420144e-09  2.86337338669978905e-09  4.00000000000000000e+00 -2.50000000000000000e+00  1.65000000000000013e+00 -1.00000000000000006e-01  1.60000000000000009e+00 -8.00000000000000044e-01  2.30000000000000027e+00
 8.06279999999994485e-07  9.91564797321096694e-06 -9.10492704124388186e-04  7.68763253920852984e-04 -1.24338653066393784e-04 -1.30451559756241537e-06  5.25963407647409530e-06 -2.08510645435210425e-09  2.86337323425228192e-09  4.00000000000000000e+00 -2.50000000000000000e+00  1.65000000000000013e+00 -1.00000000000000006e-01  1.60000000000000009e+00 -8.00000000000000044e-01  2.30000000000000027e+00
 8.07279999999994454e-07  9.91564797405108810e-06 -9.10492704111750184e-04  7.68763253915819901e-04 -1.24338653065461207e-04 -1.30451559811319008e-06  5.25963407744029816e-06 -2.08510630823389738e-09  2.86337335978140624e-09  4.00000000000000000e+00 -2.50000000000000000e+00  1.65000000000000013e+00 -1.00000000000000006e-01  1.60000000000000009e+00 -8.00000000000000044e-01  2.30000000000000027e+00
 8.08279999999994424e-07  9.91564797379994622e-06 -9.10492704130516639e-04  7.68763253902793320e-04 -1.24338653067578031e-04 -1.30451559926938327e-06  5.25963407619615415e-06 -2.08510648458738329e-09  2.86337343590492143e-09  4.00000000000000000e+00 -2.50000000000000000e+00  1.65000000000000013e+00 -1.00000000000000006e-01  1.60000000000000009e+00 -8.00000000000000044e-01  2.30000000000000027e+00
 8.09279999999994393e-07  9.91564797312177268e-06 -9.10492704133022013e-04  7.68763253922555290e-04 -1.24338653068643802e-04 -1.30451559832682131e-06  5.25963407644441273e-06 -2.08510653532929938e-09  2.86337331524193067e-09  4.00000000000000000e+00 -2.50000000000000000e+00  1.65000000000000013e+00 -1.00000000000000006e-01  1.60000000000000009e+00 -8.00000000000000044e-01  2.30000000000000027e+00
 8.10279999999994362e-07  9.91564797276508202e-06 -9.10492704119806673e-04  7.68763253909824696e-04 -1.24338653067681626e-04 -1.30451559815751234e-06  5.25963407600483312e-06 -2.08510640928193566e-09  2.86337324804730493e-09  4.00000000000000000e+00 -2.50000000000000000e+00  1.65000000000000013e+00 -1.00000000000000006e-01  1.60000000000000009e+00 -8.00000000000000044e-01  2.30000000000000027e+00
 8.11279999999994331e-07  9.91564797271473608e-06 -9.10492704125102459e-04  7.68763253902793320e-04 -1.24338653067074717e-04 -1.30451559875278254e-06  5.25963407655065438e-06 -2.08510649959109998e-09  2.86337327865256366e-09  4.00000000000000000e+00 -2.50000000000000000e+00  1.65000000000000013e+00 -1.00000000000000006e-01  1.60000000000000009e+00 -8.00000000000000044e-01  2.30000000000000027e+00
 8.12279999999994301e-07  9.91564797291845428e-06 -9.10492704129787622e-04  7.68763253913673505e-04 -1.24338653066615828e-04 -1.30451559805681156e-06  5.25963407728999386e-06 -2.08510645202870487e-09  2.86337337583243822e-09  4.00000000000000000e+00 -2.50000000000000000e+00  1.65000000000000013e+00 -1.00000000000000006e-01  1.60000000000000009e+00 -8.00000000000000044e-01  2.30000000000000027e+00
 8.13279999999994270e-07  9.91564797355270069e-06 -9.10492704124077346e-04  7.68763253926108003e-04 -1.24338653067030319e-04 -1.30451559796079466e-06  5.25963407570461076e-06 -2.08510651105666658e-09  2.86337343354921610e-09  4.00000000000000000e+00 -2.50000000000000000e+00  1.65000000000000013e+00 -1.00000000000000006e-01  1.60000000000000009e+00 -8.00000000000000044e-01  2.30000000000000027e+00
 8.14279999999994239e-07  9.91564797355939903e-06 -9.10492704099878170e-04  7.68763253925219825e-04 -1.24338653067000693e-04 -1.30451559846100213e-06  5.25963407576243431e-06 -2.08510649577670424e-09  2.86337332530542655e-09  4.00000000000000000e+00 -2.50000000000000000e+00  1.65000000000000013e+00 -1.00000000000000006e-01  1.60000000000000009e+00 -8.00000000000000044e-01  2.30000000000000027e+00
 8.15279999999994208e-07  9.91564797346072646e-06 -9.10492704100048390e-04  7.68763253899758746e-04 -1.24338653065446381e-04 -1.30451559848285961e-06  5.25963407592465044e-06 -2.08510648553384004e-09  2.86337317568521614e-09  4.00000000000000000e+00 -2.50000000000000000e+00  1.65000000000000013e+00 -1.00000000000000006e-01  1.60000000000000009e+00 -8.00000000000000044e-01  2.30000000000000027e+00
 8.16279999999994178e-07  9.91564797258328842e-06 -9.10492704112701246e-04  7.68763253920556888e-04 -1.24338653065357558e-04 -1.30451559843428735e-06  5.25963407780636293e-06 -2.08510631792232930e-09  2.86337321325652636e-09  4.00000000000000000e+00 -2.50000000000000000e+00  1.65000000000000013e+00 -1.00000000000000006e-01  1.60000000000000009e+00 -8.00000000000000044e-01  2.30000000000000027e+00
 8.17279999999994147e-07  9.91564797212982086e-06 -9.10492704138558383e-04  7.68763253919372614e-04 -1.24338653067281962e-04 -1.30451559879354854e-06  5.25963407812131181e-06 -2.08510635774832004e-09  2.86337330120437624e-09  4.00000000000000000e+00 -2.50000000000000000e+00  1.65000000000000013e+00 -1.00000000000000006e-01  1.60000000000000009e+00 -8.00000000000000044e-01  2.30000000000000027e+00
 8.18279999999994116e-07  9.91564797226623721e-06 -9.10492704150744924e-04  7.68763253948090419e-04 -1.24338653069161942e-04 -1.30451559888019810e-06  5.25963407629642082e-06 -2.08510652410944182e-09  2.86337349502786458e-09  4.00000000000000000e+00 -2.50000000000000000e+00  1.65000000000000013e+00 -1.00000000000000006e-01  1.60000000000000009e+00 -8.00000000000000044e-01  2.30000000000000027e+00
 8.19279999999994085e-07  9.91564797313987716e-06 -9.10492704116446405e-04  7.68763253912267187e-04 -1.24338653068939897e-04 -1.30451559795108025e-06  5.25963407514464152e-06 -2.08510661623853750e-09  2.86337339774427935e-09  4.00000000000000000e+00 -2.50000000000000000e+00  1.65000000000000013e+00 -1.00000000000000006e-01  1.60000000000000009e+00 -8.00000000000000044e-01  2.30000000000000027e+00
 8.20279999999994055e-07  9.91564797398188551e-06 -9.10492704105344175e-04  7.68763253902201237e-04 -1.24338653066911870e-04 -1.30451559774369397e-06  5.25963407555222445e-06 -2.08510654417135348e-09  2.86337328375162384e-09  4.00000000000000000e+00 -2.50000000000000000e+00  1.65000000000000013e+00 -1.00000000000000006e-01  1.60000000000000009e+00 -8.00000000000000044e-01  2.30000000000000027e+00
 8.21279999999994024e-07  9.91564797328878386e-06 -9.10492704108234441e-04  7.68763253923443468e-04 -1.24338653066452981e-04 -1.30451559893050508e-06  5.25963407712658257e-06 -2.08510649132165753e-09  2.86337310472814201e-09  4.00000000000000000e+00 -2.50000000000000000e+00  1.65000000000000013e+00 -1.00000000000000006e-01  1.60000000000000009e+00 -8.00000000000000044e-01  2.30000000000000027e+00
 8.22279999999993993e-07  9.91564797286729518e-06 -9.10492704128832765e-04  7.68763253926996182e-04 -1.24338653066408583e-04 -1.30451559783060358e-06  5.25963407743883280e-06 -2.08510637507433307e-09  2.86337329279947303e-09  4.00000000000000000e+00 -2.50000000000000000e+00  1.65000000000000013e+00 -1.00000000000000006e-01  1.60000000000000009e+00 -8.00000000000000044e-01  2.30000000000000027e+00
 8.23279999999993962e-07  9.91564797237672080e-06 -9.10492704142847487e-04  7.68763253933879565e-04 -1.24338653067444809e-04 -1.30451559875425722e-06  5.25963407704323876e-06 -2.08510641134459241e-09  2.86337342523109117e-09  4.00000000000000000e+00 -2.50000000000000000e+00  1.65000000000000013e+00 -1.00000000000000006e-01  1.60000000000000009e+00 -8.00000000000000044e-01  2.30000000000000027e+00
 8.24279999999993932e-07  9.91564797267378542e-06 -9.10492704112638362e-04  7.68763253919076627e-04 -1.24338653068110916e-04 -1.30451559852258482e-06  5.25963407583008853e-06 -2.08510650383493026e-09  2.86337337797165219e-09  4.00000000000000000e+00 -2.50000000000000000e+00  1.65000000000000013e+00 -1.00000000000000006e-01  1.60000000000000009e+00 -8.00000000000000044e-01  2.30000000000000027e+00
 8.25279999999993901e-07  9.91564797339292317e-06 -9.10492704142843801e-04  7.68763253926996182e-04 -1.24338653068184940e-04 -1.30451559890595870e-06  5.25963407696043452e-06 -2.08510656394628104e-09  2.86337324101681111e-09  4.00000000000000000e+00 -2.50000000000000000e+00  1.65000000000000013e+00 -1.00000000000000006e-01  1.60000000000000009e+00 -8.00000000000000044e-01  2.30000000000000027e+00
 8.26279999999993870e-07  9.91564797395280178e-06 -9.10492704123559205e-04  7.68763253905679900e-04 -1.24338653067563204e-04 -1.30451559829013187e-06  5.25963407650871269e-06 -2.08510651265573079e-09  2.86337322158149042e-09  4.00000000000000000e+00 -2.50000000000000000e+00  1.65000000000000013e+00 -1.00000000000000006e-01  1.60000000000000009e+00 -8.00000000000000044e-01  2.30000000000000027e+00
 8.27279999999993839e-07  9.91564797354162658e-06 -9.10492704134243259e-04  7.68763253906346034e-04 -1.24338653067000720e-04 -1.30451559830348916e-06  5.25963407666811498e-06 -2.08510640464154383e-09  2.86337330514371761e-09  4.00000000000000000e+00 -2.50000000000000000e+00  1.65000000000000013e+00 -1.00000000000000006e-01  1.60000000000000009e+00 -8.00000000000000044e-01  2.30000000000000027e+00
 8.28279999999993809e-07  9.91564797279256146e-06 -9.10492704154338296e-04  7.68763253902127186e-04 -1.24338653066586230e-04 -1.30451559782375151e-06  5.25963407696664157e-06 -2.08510640546891800e-09  2.86337337840817484e-09  4.00000000000000000e+00 -2.50000000000000000e+00  1.65000000000000013e+00 -1.00000000000000006e-01  1.60000000000000009e+00 -8.00000000000000044e-01  2.30000000000000027e+00
 8.29279999999993778e-07  9.91564797231852286e-06 -9.10492704152380660e-04  7.68763253934397705e-04 -1.24338653068332961e-04 -1.30451559854617701e-06  5.25963407707538875e-06 -2.08510638595456930e-09  2.86337343705332895e-09  4.00000000000000000e+00 -2.50000000000000000e+00  1.65000000000000013e+00 -1.00000000000000006e-01  1.60000000000000009e+00 -8.00000000000000044e-01  2.30000000000000027e+00
 8.30279999999993747e-07  9.91564797242257917e-06 -9.10492704109192984e-04  7.68763253907752352e-04 -1.24338653068954696e-04 -1.30451559814294063e-06  5.25963407468879549e-06 -2.08510663880054300e-09  2.86337344709454141e-09  4.00000000000000000e+00 -2.50000000000000000e+00  1.65000000000000013e+00 -1.00000000000000006e-01  1.60000000000000009e+00 -8.00000000000000044e-01  2.30000000000000027e+00
 8.31279999999993716e-07  9.91564797278722007e-06 -9.10492704101573103e-04  7.68763253905679900e-04 -1.24338653066897071e-04 -1.30451559836325051e-06  5.25963407580923373e-06 -2.08510658295296046e-09  2.86337320167828121e-09  4.00000000000000000e+00 -2.50000000000000000e+00  1.65000000000000013e+00 -1.00000000000000006e-01  1.60000000000000009e+00 -8.00000000000000044e-01  2.30000000000000027e+00
 8.32279999999993686e-07  9.91564797322105341e-06 -9.10492704117201335e-04  7.68763253916338041e-04 -1.24338653065091142e-04 -1.30451559833367339e-06  5.25963407810735694e-06 -2.08510638296483623e-09  2.86337307251506378e-09  4.00000000000000000e+00 -2.50000000000000000e+00  1.65000000000000013e+00 -1.00000000000000006e-01  1.60000000000000009e+00 -8.00000000000000044e-01  2.30000000000000027e+00
 8.33279999999993655e-07  9.91564797304231421e-06 -9.10492704158198164e-04  7.68763253939430680e-04 -1.24338653067592830e-04 -1.30451559921508634e-06  5.25963407872888939e-06 -2.08510622777402265e-09  2.86337332122960740e-09  4.00000000000000000e+00 -2.50000000000000000e+00  1.65000000000000013e+00 -1.00000000000000006e-01  1.60000000000000009e+00 -8.00000000000000044e-01  2.30000000000000027e+00
 8.34279999999993624e-07  9.91564797252000829e-06 -9.10492704142011134e-04  7.68763253941873170e-04 -1.24338653071574807e-04 -1.30451559899477646e-06  5.25963407574057748e-06 -2.08510655212044130e-09  2.86337353703119901e-09  4.00000000000000000e+00 -2.50000000000000000e+00  1.65000000000000013e+00 -1.00000000000000006e-01  1.60000000000000009e+00 -8.00000000000000044e-01  2.30000000000000027e+00
 8.35279999999993593e-07  9.91564797263518613e-06 -9.10492704122896758e-04  7.68763253905679900e-04 -1.24338653070479410e-04 -1.30451559761809995e-06  5.25963407426532984e-06 -2.08510676134095954e-09  2.86337338735854245e-09  4.00000000000000000e+00 -2.50000000000000000e+00  1.65000000000000013e+00 -1.00000000000000006e-01  1.60000000000000009e+00 -8.00000000000000044e-01  2.30000000000000027e+00
 8.36279999999993563e-07  9.91564797297645401e-06 -9.10492704107235241e-04  7.68763253908714473e-04 -1.24338653065668425e-04 -1.30451559721668490e-06  5.25963407556513916e-06 -2.08510651259532054e-09  2.86337322661413213e-09  4.00000000000000000e+00 -2.50000000000000000e+00  1.65000000000000013e+00 -1.00000000000000006e-01  1.60000000000000009e+00 -8.00000000000000044e-01  2.30000000000000027e+00
 8.37279999999993532e-07  9.91564797342856124e-06 -9.10492704106613559e-04  7.68763253884659713e-04 -1.24338653064661825e-04 -1.30451559874584364e-06  5.25963407649660859e-06 -2.08510639900087184e-09  2.86337333262676369e-09  4.00000000000000000e+00 -2.50000000000000000e+00  1.65000000000000013e+00 -1.00000000000000006e-01  1.60000000000000009e+00 -8.00000000000000044e-01  2.30000000000000027e+00
 8.38279999999993501e-07  9.91564797361122728e-06 -9.10492704119022144e-04  7.68763253901905141e-04 -1.24338653064573002e-04 -1.30451559827217752e-06  5.25963407744388281e-06 -2.08510632067793717e-09  2.86337323461121792e-09  4.00000000000000000e+00 -2.50000000000000000e+00  1.65000000000000013e+00 -1.00000000000000006e-01  1.60000000000000009e+00 -8.00000000000000044e-01  2.30000000000000027e+00
 8.39279999999993470e-07  9.91564797358935858e-06 -9.10492704126386588e-04  7.68763253926996182e-04 -1.24338653065920096e-04 -1.30451559930355724e-06  5.25963407838826610e-06 -2.08510637973820111e-09  2.86337318985131113e-09  4.00000000000000000e+00 -2.50000000000000000e+00  1.65000000000000013e+00 -1.00000000000000006e-01  1.60000000000000009e+00 -8.00000000000000044e-01  2.30000000000000027e+00
 8.40279999999993440e-07  9.91564797346578156e-06 -9.10492704143683841e-04  7.68763253928180456e-04 -1.24338653068273763e-04 -1.30451559883839131e-06  5.25963407748482245e-06 -2.08510647349389452e-09  2.86337333473513044e-09  4.00000000000000000e+00 -2.50000000000000000e+00  1.65000000000000013e+00 -1.00000000000000006e-01  1.60000000000000009e+00 -8.00000000000000044e-01  2.30000000000000027e+00
 8.41279999999993409e-07  9.91564797342776333e-06 -9.10492704133029494e-04  7.68763253926774137e-04 -1.24338653069576432e-04 -1.30451559801717317e-06  5.25963407596100255e-06 -2.08510657282119695e-09  2.86337354676267327e-09  4.00000000000000000e+00 -2.50000000000000000e+00  1.65000000000000013e+00 -1.00000000000000006e-01  1.60000000000000009e+00 -8.00000000000000044e-01  2.30000000000000027e+00
 8.42279999999993378e-07  9.91564797313403941e-06 -9.10492704136437792e-04  7.68763253910194843e-04 -1.24338653068895472e-04 -1.30451559806583204e-06  5.25963407540477296e-06 -2.08510655340488280e-09  2.86337346731762797e-09  4.00000000000000000e+00 -2.50000000000000000e+00  1.65000000000000013e+00 -1.00000000000000006e-01  1.60000000000000009e+00 -8.00000000000000044e-01  2.30000000000000027e+00
 8.43279999999993347e-07  9.91564797264103743e-06 -9.10492704126453266e-04  7.68763253899462651e-04 -1.24338653066778649e-04 -1.30451559809089892e-06  5.25963407526772980e-06 -2.08510650500963344e-09  2.86337330780172024e-09  4.00000000000000000e+00 -2.50000000000000000e+00  1.65000000000000013e+00 -1.00000000000000006e-01  1.60000000000000009e+00 -8.00000000000000044e-01  2.30000000000000027e+00
 8.44279999999993317e-07  9.91564797287425779e-06 -9.10492704108634187e-04  7.68763253888286370e-04 -1.24338653065579602e-04 -1.30451559807190357e-06  5.25963407679212822e-06 -2.08510648851505728e-09  2.86337316192513820e-09  4.00000000000000000e+00 -2.50000000000000000e+00  1.65000000000000013e+00 -1.00000000000000006e-01  1.60000000000000009e+00 -8.00000000000000044e-01  2.30000000000000027e+00
 8.45279999999993286e-07  9.91564797338270626e-06 -9.10492704126830677e-04  7.68763253928180456e-04 -1.24338653066719451e-04 -1.30451559875018045e-06  5.25963407887838392e-06 -2.08510629851508642e-09  2.86337320816055901e-09  4.00000000000000000e+00 -2.50000000000000000e+00  1.65000000000000013e+00 -1.00000000000000006e-01  1.60000000000000009e+00 -8.00000000000000044e-01  2.30000000000000027e+00
 8.46279999999993255e-07  9.91564797330800304e-06 -9.10492704134643004e-04  7.68763253919668710e-04 -1.24338653068481009e-04 -1.30451559879250775e-06  5.25963407612418260e-06 -2.08510639319239262e-09  2.86337335966962642e-09  4.00000000000000000e+00 -2.50000000000000000e+00  1.65000000000000013e+00 -1.00000000000000006e-01  1.60000000000000009e+00 -8.00000000000000044e-01  2.30000000000000027e+00
 8.47279999999993224e-07  9.91564797255810783e-06 -9.10492704153827636e-04  7.68763253916115996e-04 -1.24338653068880673e-04 -1.30451559882303884e-06  5.25963407642432788e-06 -2.08510653083585619e-09  2.86337332606390857e-09  4.00000000000000000e+00 -2.50000000000000000e+00  1.65000000000000013e+00 -1.00000000000000006e-01  1.60000000000000009e+00 -8.00000000000000044e-01  2.30000000000000027e+00
 8.48279999999993194e-07  9.91564797204006417e-06 -9.10492704137381482e-04  7.68763253899758746e-04 -1.24338653068481009e-04 -1.30451559846204292e-06  5.25963407606978954e-06 -2.08510663715032926e-09  2.86337326342533863e-09  4.00000000000000000e+00 -2.50000000000000000e+00  1.65000000000000013e+00 -1.00000000000000006e-01  1.60000000000000009e+00 -8.00000000000000044e-01  2.30000000000000027e+00
 8.49279999999993163e-07  9.91564797253866673e-06 -9.10492704138173492e-04  7.68763253909232613e-04 -1.24338653066956322e-04 -1.30451559715250013e-06  5.25963407644333276e-06 -2.08510656149933934e-09  2.86337336761507754e-09  4.00000000000000000e+00 -2.50000000000000000e+00  1.65000000000000013e+00 -1.00000000000000006e-01  1.60000000000000009e+00 -8.00000000000000044e-01  2.30000000000000027e+00
 8.50279999999993132e-07  9.91564797396460604e-06 -9.10492704124739793e-04  7.68763253933583469e-04 -1.24338653065283561e-04 -1.30451559814363456e-06  5.25963407755174398e-06 -2.08510634237929144e-09  2.86337330423124806e-09  4.00000000000000000e+00 -2.50000000000000000e+00  1.65000000000000013e+00 -1.00000000000000006e-01  1.60000000000000009e+00 -8.00000000000000044e-01  2.30000000000000027e+00
 8.51279999999993101e-07  9.91564797405433054e-06 -9.10492704120198938e-04  7.68763253944759750e-04 -1.24338653067222738e-04 -1.30451559907361977e-06  5.25963407633967372e-06 -2.08510637442306647e-09  2.86337331022484493e-09  4.00000000000000000e+00 -2.50000000000000000e+00  1.65000000000000013e+00 -1.00000000000000006e-01  1.60000000000000009e+00 -8.00000000000000044e-01  2.30000000000000027e+00
 8.52279999999993071e-07  9.91564797325635774e-06 -9.10492704123540774e-04  7.68763253917226219e-04 -1.24338653069768851e-04 -1.30451559875694591e-06  5.25963407472919473e-06 -2.08510655526108809e-09  2.86337344199267213e-09  4.00000000000000000e+00 -2.50000000000000000e+00  1.65000000000000013e+00 -1.00000000000000006e-01  1.60000000000000009e+00 -8.00000000000000044e-01  2.30000000000000027e+00
 8.53279999999993040e-07  9.91564797161764884e-06 -9.10492704116046768e-04  7.68763253908714473e-04 -1.24338653068703026e-04 -1.30451559848971189e-06  5.25963407737873411e-06 -2.08510644588331168e-09  2.86337325944565277e-09  4.00000000000000000e+00 -2.50000000000000000e+00  1.65000000000000013e+00 -1.00000000000000006e-01  1.60000000000000009e+00 -8.00000000000000044e-01  2.30000000000000027e+00
 8.54279999999993009e-07  9.91564797133991690e-06 -9.10492704126438413e-04  7.68763253902497224e-04 -1.24338653066482607e-04 -1.30451559788195135e-06  5.25963407641511470e-06 -2.08510660484689396e-09  2.86337321606700856e-09  4.00000000000000000e+00 -2.50000000000000000e+00  1.65000000000000013e+00 -1.00000000000000006e-01  1.60000000000000009e+00 -8.00000000000000044e-01  2.30000000000000027e+00
 8.55279999999992978e-07  9.91564797272433465e-06 -9.10492704131341934e-04  7.68763253912785327e-04 -1.24338653065742449e-04 -1.30451559861990276e-06  5.25963407719385139e-06 -2.08510648061755783e-09  2.86337327052045139e-09  4.00000000000000000e+00 -2.50000000000000000e+00  1.65000000000000013e+00 -1.00000000000000006e-01  1.60000000000000009e+00 -8.00000000000000044e-01  2.30000000000000027e+00
 8.56279999999992948e-07  9.91564797377585321e-06 -9.10492704113163875e-04  7.68763253923813506e-04 -1.24338653066793448e-04 -1.30451559801795371e-06  5.25963407582827673e-06 -2.08510644841332340e-09  2.86337341565333974e-09  4.00000000000000000e+00 -2.50000000000000000e+00  1.65000000000000013e+00 -1.00000000000000006e-01  1.60000000000000009e+00 -8.00000000000000044e-01  2.30000000000000027e+00
 8.57279999999992917e-07  9.91564797403414914e-06 -9.10492704107094620e-04  7.68763253925219825e-04 -1.24338653067429983e-04 -1.30451559882295223e-06  5.25963407740124740e-06 -2.08510634534911551e-09  2.86337337812018529e-09  4.00000000000000000e+00 -2.50000000000000000e+00  1.65000000000000013e+00 -1.00000000000000006e-01  1.60000000000000009e+00 -8.00000000000000044e-01  2.30000000000000027e+00
 8.58279999999992886e-07  9.91564797372073339e-06 -9.10492704118596595e-04  7.68763253919964805e-04 -1.24338653068096117e-04 -1.30451559874384888e-06  5.25963407636681265e-06 -2.08510652614341029e-09  2.86337333177022768e-09  4.00000000000000000e+00 -2.50000000000000000e+00  1.65000000000000013e+00 -1.00000000000000006e-01  1.60000000000000009e+00 -8.00000000000000044e-01  2.30000000000000027e+00
 8.59279999999992855e-07  9.91564797283769646e-06 -9.10492704122430551e-04  7.68763253920778933e-04 -1.24338653067000720e-04 -1.30451559774143875e-06  5.25963407580229484e-06 -2.08510654333550154e-09  2.86337326648378642e-09  4.00000000000000000e+00 -2.50000000000000000e+00  1.65000000000000013e+00 -1.00000000000000006e-01  1.60000000000000009e+00 -8.00000000000000044e-01  2.30000000000000027e+00
 8.60279999999992825e-07  9.91564797290252498e-06 -9.10492704116975604e-04  7.68763253895909937e-04 -1.24338653065979293e-04 -1.30451559800251463e-06  5.25963407674174416e-06 -2.08510648042153133e-09  2.86337330665600643e-09  4.00000000000000000e+00 -2.50000000000000000e+00  1.65000000000000013e+00 -1.00000000000000006e-01  1.60000000000000009e+00 -8.00000000000000044e-01  2.30000000000000027e+00
 8.61279999999992794e-07  9.91564797344634723e-06 -9.10492704133506869e-04  7.68763253931437074e-04 -1.24338653066186539e-04 -1.30451559886293748e-06  5.25963407769410735e-06 -2.08510632377974990e-09  2.86337334073317546e-09  4.00000000000000000e+00 -2.50000000000000000e+00  1.65000000000000013e+00 -1.00000000000000006e-01  1.60000000000000009e+00 -8.00000000000000044e-01  2.30000000000000027e+00
 8.62279999999992763e-07  9.91564797385812383e-06 -9.10492704116916407e-04  7.68763253925515921e-04 -1.24338653068362587e-04 -1.30451559864852570e-06  5.25963407628412360e-06 -2.08510643308821644e-09  2.86337339989045818e-09  4.00000000000000000e+00 -2.50000000000000000e+00  1.65000000000000013e+00 -1.00000000000000006e-01  1.60000000000000009e+00 -8.00000000000000044e-01  2.30000000000000027e+00
 8.63279999999992732e-07  9.91564797398640528e-06 -9.10492704120931750e-04  7.68763253938542501e-04 -1.24338653068495808e-04 -1.30451559845510403e-06  5.25963407612202352e-06 -2.08510653598051428e-09  2.86337331319881152e-09  4.00000000000000000e+00 -2.50000000000000000e+00  1.65000000000000013e+00 -1.00000000000000006e-01  1.60000000000000009e+00 -8.00000000000000044e-01  2.30000000000000027e+00
 8.64279999999992702e-07  9.91564797295320296e-06 -9.10492704132874020e-04  7.68763253903015364e-04 -1.24338653068096117e-04 -1.30451559906824217e-06  5.25963407616516036e-06 -2.08510657036277771e-09  2.86337316647772647e-09  4.00000000000000000e+00 -2.50000000000000000e+00  1.65000000000000013e+00 -1.00000000000000006e-01  1.60000000000000009e+00 -8.00000000000000044e-01  2.30000000000000027e+00
 8.65279999999992671e-07  9.91564797228346586e-06 -9.10492704140815801e-04  7.68763253894503618e-04 -1.24338653066808247e-04 -1.30451559740828523e-06  5.25963407716663537e-06 -2.08510649200549312e-09  2.86337330151900886e-09  4.00000000000000000e+00 -2.50000000000000000e+00  1.65000000000000013e+00 -1.00000000000000006e-01  1.60000000000000009e+00 -8.00000000000000044e-01  2.30000000000000027e+00
 8.66279999999992640e-07  9.91564797270965219e-06 -9.10492704130723830e-04  7.68763253919890754e-04 -1.24338653067992494e-04 -1.30451559889849931e-06  5.25963407713197986e-06 -2.08510644787979480e-09  2.86337343707519961e-09  4.00000000000000000e+00 -2.50000000000000000e+00  1.65000000000000013e+00 -1.00000000000000006e-01  1.60000000000000009e+00 -8.00000000000000044e-01  2.30000000000000027e+00
 8.67279999999992609e-07  9.91564797347488039e-06 -9.10492704106310091e-04  7.68763253927588265e-04 -1.24338653068244165e-04 -1.30451559774109189e-06  5.25963407587311018e-06 -2.08510647311410654e-09  2.86337344567945624e-09  4.00000000000000000e+00 -2.50000000000000000e+00  1.65000000000000013e+00 -1.00000000000000006e-01  1.60000000000000009e+00 -8.00000000000000044e-01  2.30000000000000027e+00
 8.68279999999992579e-07  9.91564797327941398e-06 -9.10492704113604278e-04  7.68763253920778933e-04 -1.24338653066186539e-04 -1.30451559790589062e-06  5.25963407515682354e-06 -2.08510648538304584e-09  2.86337328148636367e-09  4.00000000000000000e+00 -2.50000000000000000e+00  1.65000000000000013e+00 -1.00000000000000006e-01  1.60000000000000009e+00 -8.00000000000000044e-01  2.30000000000000027e+00
 8.69279999999992548e-07  9.91564797229303225e-06 -9.10492704100059557e-04  7.68763253895391797e-04 -1.24338653065934895e-04 -1.30451559884290155e-06  5.25963407573144138e-06 -2.08510645790574619e-09  2.86337322953565174e-09  4.00000000000000000e+00 -2.50000000000000000e+00  1.65000000000000013e+00 -1.00000000000000006e-01  1.60000000000000009e+00 -8.00000000000000044e-01  2.30000000000000027e+00
 8.70279999999992517e-07  9.91564797176545101e-06 -9.10492704123244678e-04  7.68763253891543096e-04 -1.24338653065283561e-04 -1.30451559816982884e-06  5.25963407732480353e-06 -2.08510643029261314e-09  2.86337322566621540e-09  4.00000000000000000e+00 -2.50000000000000000e+00  1.65000000000000013e+00 -1.00000000000000006e-01  1.60000000000000009e+00 -8.00000000000000044e-01  2.30000000000000027e+00
 8.71279999999992486e-07  9.91564797260591437e-06 -9.10492704134198915e-04  7.68763253906568078e-04 -1.24338653065387156e-04 -1.30451559862857638e-06  5.25963407801198526e-06 -2.08510638320593167e-09  2.86337330241832748e-09  4.00000000000000000e+00 -2.50000000000000000e+00  1.65000000000000013e+00 -1.00000000000000006e-01  1.60000000000000009e+00 -8.00000000000000044e-01  2.30000000000000027e+00
 8.72279999999992456e-07  9.91564797366679433e-06 -9.10492704137784914e-04  7.68763253942391311e-04 -1.24338653068214566e-04 -1.30451559957998560e-06  5.25963407765706152e-06 -2.08510645164180065e-09  2.86337328123259790e-09  4.00000000000000000e+00 -2.50000000000000000e+00  1.65000000000000013e+00 -1.00000000000000006e-01  1.60000000000000009e+00 -8.00000000000000044e-01  2.30000000000000027e+00
 8.73279999999992425e-07  9.91564797401692048e-06 -9.10492704143572818e-04  7.68763253927366220e-04 -1.24338653070879074e-04 -1.30451559887577447e-06  5.25963407693082902e-06 -2.08510655842115005e-09  2.86337336376757389e-09  4.00000000000000000e+00 -2.50000000000000000e+00  1.65000000000000013e+00 -1.00000000000000006e-01  1.60000000000000009e+00 -8.00000000000000044e-01  2.30000000000000027e+00
 8.74279999999992394e-07  9.91564797356132687e-06 -9.10492704154242127e-04  7.68763253917522315e-04 -1.24338653070257365e-04 -1.30451559741149443e-06  5.25963407581278026e-06 -2.08510657482912412e-09  2.86337342826563551e-09  4.00000000000000000e+00 -2.50000000000000000e+00  1.65000000000000013e+00 -1.00000000000000006e-01  1.60000000000000009e+00 -8.00000000000000044e-01  2.30000000000000027e+00
 8.75279999999992363e-07  9.91564797301960695e-06 -9.10492704131330766e-04  7.68763253912489231e-04 -1.24338653068066518e-04 -1.30451559805334212e-06  5.25963407579234898e-06 -2.08510647258901105e-09  2.86337339474024020e-09  4.00000000000000000e+00 -2.50000000000000000e+00  1.65000000000000013e+00 -1.00000000000000006e-01  1.60000000000000009e+00 -8.00000000000000044e-01  2.30000000000000027e+00
 8.76279999999992333e-07  9.91564797265982971e-06 -9.10492704120802188e-04  7.68763253901239008e-04 -1.24338653066630628e-04 -1.30451559770899951e-06  5.25963407511889087e-06 -2.08510649964856257e-09  2.86337345764082042e-09  4.00000000000000000e+00 -2.50000000000000000e+00  1.65000000000000013e+00 -1.00000000000000006e-01  1.60000000000000009e+00 -8.00000000000000044e-01  2.30000000000000027e+00
 8.77279999999992302e-07  9.91564797355690706e-06 -9.10492704080689851e-04  7.68763253884733656e-04 -1.24338653064765448e-04 -1.30451559775236759e-06  5.25963407543488074e-06 -2.08510649651932011e-09  2.86337331902148970e-09  4.00000000000000000e+00 -2.50000000000000000e+00  1.65000000000000013e+00 -1.00000000000000006e-01  1.60000000000000009e+00 -8.00000000000000044e-01  2.30000000000000027e+00
 8.78279999999992271e-07  9.91564797381725280e-06 -9.10492704104981510e-04  7.68763253915819901e-04 -1.24338653063077914e-04 -1.30451559891315785e-06  5.25963407714134720e-06 -2.08510644370182175e-09  2.86337304263038110e-09  4.00000000000000000e+00 -2.50000000000000000e+00  1.65000000000000013e+00 -1.00000000000000006e-01  1.60000000000000009e+00 -8.00000000000000044e-01  2.30000000000000027e+00
 8.79279999999992240e-07  9.91564797332923985e-06 -9.10492704136300858e-04  7.68763253924627742e-04 -1.24338653065150312e-04 -1.30451559955136266e-06  5.25963407921256807e-06 -2.08510621954826029e-09  2.86337311423178509e-09  4.00000000000000000e+00 -2.50000000000000000e+00  1.65000000000000013e+00 -1.00000000000000006e-01  1.60000000000000009e+00 -8.00000000000000044e-01  2.30000000000000027e+00
 8.80279999999992210e-07  9.91564797213466928e-06 -9.10492704167587029e-04  7.68763253945944024e-04 -1.24338653069887273e-04 -1.30451559938665054e-06  5.25963407882183177e-06 -2.08510638864086977e-09  2.86337327846845353e-09  4.00000000000000000e+00 -2.50000000000000000e+00  1.65000000000000013e+00 -1.00000000000000006e-01  1.60000000000000009e+00 -8.00000000000000044e-01  2.30000000000000027e+00
 8.81279999999992179e-07  9.91564797204421463e-06 -9.10492704158627508e-04  7.68763253913451461e-04 -1.24338653072122546e-04 -1.30451559850619176e-06  5.25963407537632366e-06 -2.08510667177996106e-09  2.86337347381022733e-09  4.00000000000000000e+00 -2.50000000000000000e+00  1.65000000000000013e+00 -1.00000000000000006e-01  1.60000000000000009e+00 -8.00000000000000044e-01  2.30000000000000027e+00
 8.82279999999992148e-07  9.91564797285157086e-06 -9.10492704145312204e-04  7.68763253906568078e-04 -1.24338653070923499e-04 -1.30451559729440059e-06  5.25963407507999427e-06 -2.08510660525174055e-09  2.86337348121987799e-09  4.00000000000000000e+00 -2.50000000000000000e+00  1.65000000000000013e+00 -1.00000000000000006e-01  1.60000000000000009e+00 -8.00000000000000044e-01  2.30000000000000027e+00
 8.83279999999992117e-07  9.91564797374708628e-06 -9.10492704119240503e-04  7.68763253901831090e-04 -1.24338653067489208e-04 -1.30451559726057349e-06  5.25963407590849837e-06 -2.08510643684214197e-09  2.86337346911979521e-09  4.00000000000000000e+00 -2.50000000000000000e+00  1.65000000000000013e+00 -1.00000000000000006e-01  1.60000000000000009e+00 -8.00000000000000044e-01  2.30000000000000027e+00
 8.84279999999992087e-07  9.91564797416132097e-06 -9.10492704122626683e-04  7.68763253895021759e-04 -1.24338653065224363e-04 -1.30451559823123809e-06  5.25963407575148641e-06 -2.08510650176944084e-09  2.86337336309322069e-09  4.00000000000000000e+00 -2.50000000000000000e+00  1.65000000000000013e+00 -1.00000000000000006e-01  1.60000000000000009e+00 -8.00000000000000044e-01  2.30000000000000027e+00
 8.85279999999992056e-07  9.91564797367933212e-06 -9.10492704111309781e-04  7.68763253910120792e-04 -1.24338653065061489e-04 -1.30451559879068641e-06  5.25963407706363193e-06 -2.08510644342777764e-09  2.86337320613476433e-09  4.00000000000000000e+00 -2.50000000000000000e+00  1.65000000000000013e+00 -1.00000000000000006e-01  1.60000000000000009e+00 -8.00000000000000044e-01  2.30000000000000027e+00
 8.86279999999992025e-07  9.91564797245965719e-06 -9.10492704109011597e-04  7.68763253909824696e-04 -1.24338653066971094e-04 -1.30451559865199514e-06  5.25963407689328174e-06 -2.08510644349341483e-09  2.86337320601855083e-09  4.00000000000000000e+00 -2.50000000000000000e+00  1.65000000000000013e+00 -1.00000000000000006e-01  1.60000000000000009e+00 -8.00000000000000044e-01  2.30000000000000027e+00
 8.87279999999991994e-07  9.91564797194589952e-06 -9.10492704137851484e-04  7.68763253931733169e-04 -1.24338653068258964e-04 -1.30451559906234407e-06  5.25963407773072882e-06 -2.08510637091870051e-09  2.86337314820404818e-09  4.00000000000000000e+00 -2.50000000000000000e+00  1.65000000000000013e+00 -1.00000000000000006e-01  1.60000000000000009e+00 -8.00000000000000044e-01  2.30000000000000027e+00
 8.88279999999991964e-07  9.91564797217104257e-06 -9.10492704150530252e-04  7.68763253927884360e-04 -1.24338653069591232e-04 -1.30451559854721780e-06  5.25963407714130824e-06 -2.08510648972074251e-09  2.86337335033754557e-09  4.00000000000000000e+00 -2.50000000000000000e+00  1.65000000000000013e+00 -1.00000000000000006e-01  1.60000000000000009e+00 -8.00000000000000044e-01  2.30000000000000027e+00
 8.89279999999991933e-07  9.91564797334645664e-06 -9.10492704129965214e-04  7.68763253934989788e-04 -1.24338653069413585e-04 -1.30451559812810865e-06  5.25963407597175818e-06 -2.08510657747633824e-09  2.86337349233488710e-09  4.00000000000000000e+00 -2.50000000000000000e+00  1.65000000000000013e+00 -1.00000000000000006e-01  1.60000000000000009e+00 -8.00000000000000044e-01  2.30000000000000027e+00
 8.90279999999991902e-07  9.91564797444589693e-06 -9.10492704123022634e-04  7.68763253906049938e-04 -1.24338653067622429e-04 -1.30451559808907738e-06  5.25963407575322114e-06 -2.08510655082570470e-09  2.86337334019952237e-09  4.00000000000000000e+00 -2.50000000000000000e+00  1.65000000000000013e+00 -1.00000000000000006e-01  1.60000000000000009e+00 -8.00000000000000044e-01  2.30000000000000027e+00
 8.91279999999991871e-07  9.91564797381132526e-06 -9.10492704119555030e-04  7.68763253894503618e-04 -1.24338653066911870e-04 -1.30451559766936112e-06  5.25963407570688505e-06 -2.08510646657543529e-09  2.86337342253475451e-09  4.00000000000000000e+00 -2.50000000000000000e+00  1.65000000000000013e+00 -1.00000000000000006e-01  1.60000000000000009e+00 -8.00000000000000044e-01  2.30000000000000027e+00
 8.92279999999991841e-07  9.91564797293553385e-06 -9.10492704126490237e-04  7.68763253894725663e-04 -1.24338653065594402e-04 -1.30451559814545589e-06  5.25963407583910943e-06 -2.08510644743668325e-09  2.86337329598872620e-09  4.00000000000000000e+00 -2.50000000000000000e+00  1.65000000000000013e+00 -1.00000000000000006e-01  1.60000000000000009e+00 -8.00000000000000044e-01  2.30000000000000027e+00
 8.93279999999991810e-07  9.91564797287020728e-06 -9.10492704115832096e-04  7.68763253919890754e-04 -1.24338653065313160e-04 -1.30451559880621210e-06  5.25963407732792654e-06 -2.08510636195724619e-09  2.86337321234716452e-09  4.00000000000000000e+00 -2.50000000000000000e+00  1.65000000000000013e+00 -1.00000000000000006e-01  1.60000000000000009e+00 -8.00000000000000044e-01  2.30000000000000027e+00
 8.94279999999991779e-07  9.91564797306929729e-06 -9.10492704104678041e-04  7.68763253923739564e-04 -1.24338653065905269e-04 -1.30451559845770612e-06  5.25963407650501201e-06 -2.08510649834083096e-09  2.86337325884235520e-09  4.00000000000000000e+00 -2.50000000000000000e+00  1.65000000000000013e+00 -1.00000000000000006e-01  1.60000000000000009e+00 -8.00000000000000044e-01  2.30000000000000027e+00
 8.95279999999991748e-07  9.91564797360219452e-06 -9.10492704116253960e-04  7.68763253924627742e-04 -1.24338653066823074e-04 -1.30451559859232061e-06  5.25963407706683117e-06 -2.08510648646884613e-09  2.86337335540886624e-09  4.00000000000000000e+00 -2.50000000000000000e+00  1.65000000000000013e+00 -1.00000000000000006e-01  1.60000000000000009e+00 -8.00000000000000044e-01  2.30000000000000027e+00
 8.96279999999991718e-07  9.91564797300185314e-06 -9.10492704152114163e-04  7.68763253932621348e-04 -1.24338653068480981e-04 -1.30451559909096700e-06  5.25963407766303649e-06 -2.08510638991182823e-09  2.86337335414235925e-09  4.00000000000000000e+00 -2.50000000000000000e+00  1.65000000000000013e+00 -1.00000000000000006e-01  1.60000000000000009e+00 -8.00000000000000044e-01  2.30000000000000027e+00
 8.97279999999991687e-07  9.91564797269544067e-06 -9.10492704133440190e-04  7.68763253913155365e-04 -1.24338653068969496e-04 -1.30451559786365015e-06  5.25963407511970063e-06 -2.08510660385612225e-09  2.86337340184355362e-09  4.00000000000000000e+00 -2.50000000000000000e+00  1.65000000000000013e+00 -1.00000000000000006e-01  1.60000000000000009e+00 -8.00000000000000044e-01  2.30000000000000027e+00
 8.98279999999991656e-07  9.91564797299178192e-06 -9.10492704119865871e-04  7.68763253905679900e-04 -1.24338653067326360e-04 -1.30451559857141732e-06  5.25963407652702385e-06 -2.08510653197808136e-09  2.86337321006881878e-09  4.00000000000000000e+00 -2.50000000000000000e+00  1.65000000000000013e+00 -1.00000000000000006e-01  1.60000000000000009e+00 -8.00000000000000044e-01  2.30000000000000027e+00
 8.99279999999991625e-07  9.91564797343450402e-06 -9.10492704137400022e-04  7.68763253924331647e-04 -1.24338653067000720e-04 -1.30451559834304094e-06  5.25963407706243676e-06 -2.08510644063861643e-09  2.86337321451610819e-09  4.00000000000000000e+00 -2.50000000000000000e+00  1.65000000000000013e+00 -1.00000000000000006e-01  1.60000000000000009e+00 -8.00000000000000044e-01  2.30000000000000027e+00
 9.00279999999991595e-07  9.91564797381792703e-06 -9.10492704134069353e-04  7.68763253908714473e-04 -1.24338653066675026e-04 -1.30451559791404374e-06  5.25963407663769887e-06 -2.08510640920125412e-09  2.86337338751139054e-09  4.00000000000000000e+00 -2.50000000000000000e+00  1.65000000000000013e+00 -1.00000000000000006e-01  1.60000000000000009e+00 -8.00000000000000044e-01  2.30000000000000027e+00
 9.01279999999991564e-07  9.91564797380740350e-06 -9.10492704130179886e-04  7.68763253912859378e-04 -1.24338653066497406e-04 -1.30451559827304489e-06  5.25963407648562173e-06 -2.08510642915830451e-09  2.86337336609955775e-09  4.00000000000000000e+00 -2.50000000000000000e+00  1.65000000000000013e+00 -1.00000000000000006e-01  1.60000000000000009e+00 -8.00000000000000044e-01  2.30000000000000027e+00
 9.02279999999991533e-07  9.91564797318380768e-06 -9.10492704119055429e-04  7.68763253916338041e-04 -1.24338653067533633e-04 -1.30451559879936003e-06  5.25963407586833037e-06 -2.08510654294607731e-09  2.86337341533750439e-09  4.00000000000000000e+00 -2.50000000000000000e+00  1.65000000000000013e+00 -1.00000000000000006e-01  1.60000000000000009e+00 -8.00000000000000044e-01  2.30000000000000027e+00
 9.03279999999991502e-07  9.91564797250487350e-06 -9.10492704122604457e-04  7.68763253894725663e-04 -1.24338653067163540e-04 -1.30451559817754827e-06  5.25963407580796149e-06 -2.08510653197478215e-09  2.86337328430641263e-09  4.00000000000000000e+00 -2.50000000000000000e+00  1.65000000000000013e+00 -1.00000000000000006e-01  1.60000000000000009e+00 -8.00000000000000044e-01  2.30000000000000027e+00
 9.04279999999991472e-07  9.91564797256574468e-06 -9.10492704126212682e-04  7.68763253920778933e-04 -1.24338653066304961e-04 -1.30451559848008409e-06  5.25963407795882632e-06 -2.08510644956205063e-09  2.86337316432957316e-09  4.00000000000000000e+00 -2.50000000000000000e+00  1.65000000000000013e+00 -1.00000000000000006e-01  1.60000000000000009e+00 -8.00000000000000044e-01  2.30000000000000027e+00
 9.05279999999991441e-07  9.91564797337656358e-06 -9.10492704128599661e-04  7.68763253926996182e-04 -1.24338653066704625e-04 -1.30451559834147964e-06  5.25963407692203936e-06 -2.08510641617211607e-09  2.86337329619137180e-09  4.00000000000000000e+00 -2.50000000000000000e+00  1.65000000000000013e+00 -1.00000000000000006e-01  1.60000000000000009e+00 -8.00000000000000044e-01  2.30000000000000027e+00
 9.06279999999991410e-07  9.91564797385025998e-06 -9.10492704136630238e-04  7.68763253924331647e-04 -1.24338653067652028e-04 -1.30451559900067456e-06  5.25963407676942266e-06 -2.08510638809080872e-09  2.86337335300678378e-09  4.00000000000000000e+00 -2.50000000000000000e+00  1.65000000000000013e+00 -1.00000000000000006e-01  1.60000000000000009e+00 -8.00000000000000044e-01  2.30000000000000027e+00
 9.07279999999991379e-07  9.91564797365540005e-06 -9.10492704140549304e-04  7.68763253917226219e-04 -1.24338653068865873e-04 -1.30451559920884138e-06  5.25963407577993656e-06 -2.08510657694138648e-09  2.86337339369147155e-09  4.00000000000000000e+00 -2.50000000000000000e+00  1.65000000000000013e+00 -1.00000000000000006e-01  1.60000000000000009e+00 -8.00000000000000044e-01  2.30000000000000027e+00
 9.08279999999991349e-07  9.91564797321759921e-06 -9.10492704136548815e-04  7.68763253909232613e-04 -1.24338653067770477e-04 -1.30451559741166786e-06  5.25963407644560704e-06 -2.08510657052313288e-09  2.86337341586551032e-09  4.00000000000000000e+00 -2.50000000000000000e+00  1.65000000000000013e+00 -1.00000000000000006e-01  1.60000000000000009e+00 -8.00000000000000044e-01  2.30000000000000027e+00
 9.09279999999991318e-07  9.91564797306956157e-06 -9.10492704143550701e-04  7.68763253906049938e-04 -1.24338653067119142e-04 -1.30451559765270781e-06  5.25963407766646697e-06 -2.08510641210201274e-09  2.86337329574607732e-09  4.00000000000000000e+00 -2.50000000000000000e+00  1.65000000000000013e+00 -1.00000000000000006e-01  1.60000000000000009e+00 -8.00000000000000044e-01  2.30000000000000027e+00
 9.10279999999991287e-07  9.91564797348904278e-06 -9.10492704121238904e-04  7.68763253920186850e-04 -1.24338653067637228e-04 -1.30451559822169711e-06  5.25963407529448334e-06 -2.08510647425285011e-09  2.86337341846750661e-09  4.00000000000000000e+00 -2.50000000000000000e+00  1.65000000000000013e+00 -1.00000000000000006e-01  1.60000000000000009e+00 -8.00000000000000044e-01  2.30000000000000027e+00
 9.11279999999991256e-07  9.91564797367150723e-06 -9.10492704101798834e-04  7.68763253902127186e-04 -1.24338653067281935e-04 -1.30451559904560394e-06  5.25963407585923239e-06 -2.08510653756683452e-09  2.86337324828631587e-09  4.00000000000000000e+00 -2.50000000000000000e+00  1.65000000000000013e+00 -1.00000000000000006e-01  1.60000000000000009e+00 -8.00000000000000044e-01  2.30000000000000027e+00
 9.12279999999991226e-07  9.91564797304026100e-06 -9.10492704118130280e-04  7.68763253910120792e-04 -1.24338653065416782e-04 -1.30451559780362876e-06  5.25963407646299324e-06 -2.08510637639206528e-09  2.86337319840284451e-09  4.00000000000000000e+00 -2.50000000000000000e+00  1.65000000000000013e+00 -1.00000000000000006e-01  1.60000000000000009e+00 -8.00000000000000044e-01  2.30000000000000027e+00
 9.13279999999991195e-07  9.91564797224232039e-06 -9.10492704129972586e-04  7.68763253899166555e-04 -1.24338653066556604e-04 -1.30451559825908028e-06  5.25963407694763670e-06 -2.08510640152097850e-09  2.86337339179133676e-09  4.00000000000000000e+00 -2.50000000000000000e+00  1.65000000000000013e+00 -1.00000000000000006e-01  1.60000000000000009e+00 -8.00000000000000044e-01  2.30000000000000027e+00
 9.14279999999991164e-07  9.91564797212941598e-06 -9.10492704120965035e-04  7.68763253906271983e-04 -1.24338653066763849e-04 -1.30451559918117263e-06  5.25963407680693097e-06 -2.08510649951669467e-09  2.86337340044654317e-09  4.00000000000000000e+00 -2.50000000000000000e+00  1.65000000000000013e+00 -1.00000000000000006e-01  1.60000000000000009e+00 -8.00000000000000044e-01  2.30000000000000027e+00
 9.15279999999991133e-07  9.91564797312028698e-06 -9.10492704118966633e-04  7.68763253899166555e-04 -1.24338653066882271e-04 -1.30451559821293668e-06  5.25963407659305854e-06 -2.08510660555943851e-09  2.86337328010122120e-09  4.00000000000000000e+00 -2.50000000000000000e+00  1.65000000000000013e+00 -1.00000000000000006e-01  1.60000000000000009e+00 -8.00000000000000044e-01  2.30000000000000027e+00
 9.16279999999991103e-07  9.91564797417130749e-06 -9.10492704124358588e-04  7.68763253925515921e-04 -1.24338653067059918e-04 -1.30451559851581935e-06  5.25963407819794796e-06 -2.08510643184696492e-09  2.86337312101539114e-09  4.00000000000000000e+00 -2.50000000000000000e+00  1.65000000000000013e+00 -1.00000000000000006e-01  1.60000000000000009e+00 -8.00000000000000044e-01  2.30000000000000027e+00
 9.17279999999991072e-07  9.91564797409862020e-06 -9.10492704146736954e-04  7.68763253927662316e-04 -1.24338653069783650e-04 -1.30451559911360502e-06  5.25963407739866480e-06 -2.08510636074290659e-09  2.86337330566242314e-09  4.00000000000000000e+00 -2.50000000000000000e+00  1.65000000000000013e+00 -1.00000000000000006e-01  1.60000000000000009e+00 -8.00000000000000044e-01  2.30000000000000027e+00
 9.18279999999991041e-07  9.91564797309588735e-06 -9.10492704157010312e-04  7.68763253912267187e-04 -1.24338653070346189e-04 -1.30451559817737484e-06  5.25963407510547556e-06 -2.08510653861485044e-09  2.86337343129234934e-09  4.00000000000000000e+00 -2.50000000000000000e+00  1.65000000000000013e+00 -1.00000000000000006e-01  1.60000000000000009e+00 -8.00000000000000044e-01  2.30000000000000027e+00
 9.19279999999991010e-07  9.91564797248227974e-06 -9.10492704122064091e-04  7.68763253902793320e-04 -1.24338653068022093e-04 -1.30451559787310430e-06  5.25963407537906043e-06 -2.08510661118220906e-09  2.86337340665401544e-09  4.00000000000000000e+00 -2.50000000000000000e+00  1.65000000000000013e+00 -1.00000000000000006e-01  1.60000000000000009e+00 -8.00000000000000044e-01  2.30000000000000027e+00
 9.20279999999990980e-07  9.91564797282367129e-06 -9.10492704110673246e-04  7.68763253887694287e-04 -1.24338653064276960e-04 -1.30451559766944773e-06  5.25963407571825731e-06 -2.08510649484017656e-09  2.86337330952035340e-09  4.00000000000000000e+00 -2.50000000000000000e+00  1.65000000000000013e+00 -1.00000000000000006e-01  1.60000000000000009e+00 -8.00000000000000044e-01  2.30000000000000027e+00
 9.21279999999990949e-07  9.91564797329412694e-06 -9.10492704111191386e-04  7.68763253899462651e-04 -1.24338653063625626e-04 -1.30451559862606111e-06  5.25963407768292821e-06 -2.08510632988063002e-09  2.86337323866484216e-09  4.00000000000000000e+00 -2.50000000000000000e+00  1.65000000000000013e+00 -1.00000000000000006e-01  1.60000000000000009e+00 -8.00000000000000044e-01  2.30000000000000027e+00
 9.22279999999990918e-07  9.91564797366102943e-06 -9.10492704113023254e-04  7.68763253927662316e-04 -1.24338653066615828e-04 -1.30451559855589142e-06  5.25963407753728852e-06 -2.08510640067659749e-09  2.86337320719623889e-09  4.00000000000000000e+00 -2.50000000000000000e+00  1.65000000000000013e+00 -1.00000000000000006e-01  1.60000000000000009e+00 -8.00000000000000044e-01  2.30000000000000027e+00
 9.23279999999990887e-07  9.91564797362664667e-06 -9.10492704129136233e-04  7.68763253927884360e-04 -1.24338653069413612e-04 -1.30451559908298732e-06  5.25963407731393271e-06 -2.08510641640898296e-09  2.86337335352634627e-09  4.00000000000000000e+00 -2.50000000000000000e+00  1.65000000000000013e+00 -1.00000000000000006e-01  1.60000000000000009e+00 -8.00000000000000044e-01  2.30000000000000027e+00
 9.24279999999990857e-07  9.91564797304737777e-06 -9.10492704139091269e-04  7.68763253925515921e-04 -1.24338653069976096e-04 -1.30451559864765834e-06  5.25963407594034003e-06 -2.08510655185861919e-09  2.86337334874393869e-09  4.00000000000000000e+00 -2.50000000000000000e+00  1.65000000000000013e+00 -1.00000000000000006e-01  1.60000000000000009e+00 -8.00000000000000044e-01  2.30000000000000027e+00
 9.25279999999990826e-07  9.91564797206456545e-06 -9.10492704135790198e-04  7.68763253910416887e-04 -1.24338653069087945e-04 -1.30451559824450856e-06  5.25963407617884588e-06 -2.08510660746446275e-09  2.86337328994210416e-09  4.00000000000000000e+00 -2.50000000000000000e+00  1.65000000000000013e+00 -1.00000000000000006e-01  1.60000000000000009e+00 -8.00000000000000044e-01  2.30000000000000027e+00
 9.26279999999990795e-07  9.91564797186527384e-06 -9.10492704136123265e-04  7.68763253895391797e-04 -1.24338653066941496e-04 -1.30451559751497073e-06  5.25963407632109320e-06 -2.08510653316905476e-09  2.86337330813281334e-09  4.00000000000000000e+00 -2.50000000000000000e+00  1.65000000000000013e+00 -1.00000000000000006e-01  1.60000000000000009e+00 -8.00000000000000044e-01  2.30000000000000027e+00
 9.27279999999990764e-07  9.91564797353265481e-06 -9.10492704124006981e-04  7.68763253899240606e-04 -1.24338653066008892e-04 -1.30451559788186474e-06  5.25963407668580865e-06 -2.08510641728999897e-09  2.86337343778741742e-09  4.00000000000000000e+00 -2.50000000000000000e+00  1.65000000000000013e+00 -1.00000000000000006e-01  1.60000000000000009e+00 -8.00000000000000044e-01  2.30000000000000027e+00
 9.28279999999990734e-07  9.91564797511842076e-06 -9.10492704098090754e-04  7.68763253902793320e-04 -1.24338653066290134e-04 -1.30451559898237336e-06  5.25963407611905551e-06 -2.08510645281590784e-09  2.86337339318620523e-09  4.00000000000000000e+00 -2.50000000000000000e+00  1.65000000000000013e+00 -1.00000000000000006e-01  1.60000000000000009e+00 -8.00000000000000044e-01  2.30000000000000027e+00
 9.29279999999990703e-07  9.91564797492898862e-06 -9.10492704123822016e-04  7.68763253905753951e-04 -1.24338653065535204e-04 -1.30451559858165223e-06  5.25963407661144678e-06 -2.08510639038156590e-09  2.86337322764665247e-09  4.00000000000000000e+00 -2.50000000000000000e+00  1.65000000000000013e+00 -1.00000000000000006e-01  1.60000000000000009e+00 -8.00000000000000044e-01  2.30000000000000027e+00
 9.30279999999990672e-07  9.91564797303000682e-06 -9.10492704125409613e-04  7.68763253904569677e-04 -1.24338653066660227e-04 -1.30451559832161714e-06  5.25963407650832729e-06 -2.08510648436664063e-09  2.86337325272199788e-09  4.00000000000000000e+00 -2.50000000000000000e+00  1.65000000000000013e+00 -1.00000000000000006e-01  1.60000000000000009e+00 -8.00000000000000044e-01  2.30000000000000027e+00
 9.31279999999990641e-07  9.91564797127934557e-06 -9.10492704094963590e-04  7.68763253906271983e-04 -1.24338653067444809e-04 -1.30451559820859987e-06  5.25963407603571171e-06 -2.08510646314328012e-09  2.86337339145376477e-09  4.00000000000000000e+00 -2.50000000000000000e+00  1.65000000000000013e+00 -1.00000000000000006e-01  1.60000000000000009e+00 -8.00000000000000044e-01  2.30000000000000027e+00
 9.32279999999990611e-07  9.91564797193247235e-06 -9.10492704115713702e-04  7.68763253898944511e-04 -1.24338653066897071e-04 -1.30451559859925951e-06  5.25963407666572465e-06 -2.08510649141385053e-09  2.86337332083610683e-09  4.00000000000000000e+00 -2.50000000000000000e+00  1.65000000000000013e+00 -1.00000000000000006e-01  1.60000000000000009e+00 -8.00000000000000044e-01  2.30000000000000027e+00
 9.33279999999990580e-07  9.91564797382576378e-06 -9.10492704118048856e-04  7.68763253918410493e-04 -1.24338653066438182e-04 -1.30451559840202153e-06  5.25963407655331406e-06 -2.08510652287437224e-09  2.86337322070371613e-09  4.00000000000000000e+00 -2.50000000000000000e+00  1.65000000000000013e+00 -1.00000000000000006e-01  1.60000000000000009e+00 -8.00000000000000044e-01  2.30000000000000027e+00
 9.34279999999990549e-07  9.91564797444304074e-06 -9.10492704138521304e-04  7.68763253934397705e-04 -1.24338653067459609e-04 -1.30451559859917290e-06  5.25963407775397479e-06 -2.08510646376781348e-09  2.86337327171666994e-09  4.00000000000000000e+00 -2.50000000000000000e+00  1.65000000000000013e+00 -1.00000000000000006e-01  1.60000000000000009e+00 -8.00000000000000044e-01  2.30000000000000027e+00
 9.35279999999990518e-07  9.91564797333891127e-06 -9.10492704142388653e-04  7.68763253927884360e-04 -1.24338653068288590e-04 -1.30451559849838551e-06  5.25963407750548497e-06 -2.08510635730715898e-09  2.86337329596282965e-09  4.00000000000000000e+00 -2.50000000000000000e+00  1.65000000000000013e+00 -1.00000000000000006e-01  1.60000000000000009e+00 -8.00000000000000044e-01  2.30000000000000027e+00
 9.36279999999990488e-07  9.91564797208922596e-06 -9.10492704140567844e-04  7.68763253931437074e-04 -1.24338653069354361e-04 -1.30451559823392679e-06  5.25963407654641413e-06 -2.08510647063445853e-09  2.86337344690652574e-09  4.00000000000000000e+00 -2.50000000000000000e+00  1.65000000000000013e+00 -1.00000000000000006e-01  1.60000000000000009e+00 -8.00000000000000044e-01  2.30000000000000027e+00
 9.37279999999990457e-07  9.91564797158609686e-06 -9.10492704108582362e-04  7.68763253908048339e-04 -1.24338653069295163e-04 -1.30451559788177792e-06  5.25963407378978437e-06 -2.08510669483810494e-09  2.86337354580462813e-09  4.00000000000000000e+00 -2.50000000000000000e+00  1.65000000000000013e+00 -1.00000000000000006e-01  1.60000000000000009e+00 -8.00000000000000044e-01  2.30000000000000027e+00
 9.38279999999990426e-07  9.91564797262723757e-06 -9.10492704104474537e-04  7.68763253905161759e-04 -1.24338653065638827e-04 -1.30451559778298550e-06  5.25963407516707773e-06 -2.08510654929376745e-09  2.86337339227690254e-09  4.00000000000000000e+00 -2.50000000000000000e+00  1.65000000000000013e+00 -1.00000000000000006e-01  1.60000000000000009e+00 -8.00000000000000044e-01  2.30000000000000027e+00
 9.39279999999990395e-07  9.91564797402930919e-06 -9.10492704087935900e-04  7.68763253894503618e-04 -1.24338653062337784e-04 -1.30451559807537302e-06  5.25963407627421670e-06 -2.08510642613008645e-09  2.86337316719634541e-09  4.00000000000000000e+00 -2.50000000000000000e+00  1.65000000000000013e+00 -1.00000000000000006e-01  1.60000000000000009e+00 -8.00000000000000044e-01  2.30000000000000027e+00
 9.40279999999990365e-07  9.91564797376552449e-06 -9.10492704113841068e-04  7.68763253891247000e-04 -1.24338653062426607e-04 -1.30451559842457294e-06  5.25963407826313477e-06 -2.08510631940772193e-09  2.86337315470461081e-09  4.00000000000000000e+00 -2.50000000000000000e+00  1.65000000000000013e+00 -1.00000000000000006e-01  1.60000000000000009e+00 -8.00000000000000044e-01  2.30000000000000027e+00
 9.41279999999990334e-07  9.91564797274804141e-06 -9.10492704127023123e-04  7.68763253920482837e-04 -1.24338653065698024e-04 -1.30451559912019705e-06  5.25963407807493675e-06 -2.08510624128760242e-09  2.86337332433918199e-09  4.00000000000000000e+00 -2.50000000000000000e+00  1.65000000000000013e+00 -1.00000000000000006e-01  1.60000000000000009e+00 -8.00000000000000044e-01  2.30000000000000027e+00
 9.42279999999990303e-07  9.91564797222260316e-06 -9.10492704140512333e-04  7.68763253942983393e-04 -1.24338653069724453e-04 -1.30451559970219678e-06  5.25963407698132828e-06 -2.08510648736973804e-09  2.86337329814573861e-09  4.00000000000000000e+00 -2.50000000000000000e+00  1.65000000000000013e+00 -1.00000000000000006e-01  1.60000000000000009e+00 -8.00000000000000044e-01  2.30000000000000027e+00
 9.43279999999990272e-07  9.91564797275245784e-06 -9.10492704152880260e-04  7.68763253947128190e-04 -1.24338653071515609e-04 -1.30451559895643911e-06  5.25963407679386295e-06 -2.08510664850364373e-09  2.86337327442490146e-09  4.00000000000000000e+00 -2.50000000000000000e+00  1.65000000000000013e+00 -1.00000000000000006e-01  1.60000000000000009e+00 -8.00000000000000044e-01  2.30000000000000027e+00
 9.44279999999990242e-07  9.91564797344917632e-06 -9.10492704151881060e-04  7.68763253916115996e-04 -1.24338653070390587e-04 -1.30451559770292797e-06  5.25963407715333611e-06 -2.08510656328287846e-09  2.86337329562021517e-09  4.00000000000000000e+00 -2.50000000000000000e+00  1.65000000000000013e+00 -1.00000000000000006e-01  1.60000000000000009e+00 -8.00000000000000044e-01  2.30000000000000027e+00
 9.45279999999990211e-07  9.91564797344685545e-06 -9.10492704124528807e-04  7.68763253905161759e-04 -1.24338653067800048e-04 -1.30451559740629026e-06  5.25963407448575576e-06 -2.08510657039480862e-09  2.86337348942709579e-09  4.00000000000000000e+00 -2.50000000000000000e+00  1.65000000000000013e+00 -1.00000000000000006e-01  1.60000000000000009e+00 -8.00000000000000044e-01  2.30000000000000027e+00
 9.46279999999990180e-07  9.91564797337680075e-06 -9.10492704114433259e-04  7.68763253894799714e-04 -1.24338653065046744e-04 -1.30451559760083954e-06  5.25963407530562436e-06 -2.08510648532624748e-09  2.86337344708155302e-09  4.00000000000000000e+00 -2.50000000000000000e+00  1.65000000000000013e+00 -1.00000000000000006e-01  1.60000000000000009e+00 -8.00000000000000044e-01  2.30000000000000027e+00
 9.47279999999990149e-07  9.91564797387411242e-06 -9.10492704097665096e-04  7.68763253887398191e-04 -1.24338653063477605e-04 -1.30451559820703857e-06  5.25963407626739385e-06 -2.08510641798359198e-09  2.86337333868388389e-09  4.00000000000000000e+00 -2.50000000000000000e+00  1.65000000000000013e+00 -1.00000000000000006e-01  1.60000000000000009e+00 -8.00000000000000044e-01  2.30000000000000027e+00
 9.48279999999990119e-07  9.91564797421610028e-06 -9.10492704112512486e-04  7.68763253909602652e-04 -1.24338653064084515e-04 -1.30451559913060539e-06  5.25963407832485298e-06 -2.08510625338251988e-09  2.86337309268884252e-09  4.00000000000000000e+00 -2.50000000000000000e+00  1.65000000000000013e+00 -1.00000000000000006e-01  1.60000000000000009e+00 -8.00000000000000044e-01  2.30000000000000027e+00
 9.49279999999990088e-07  9.91564797335232827e-06 -9.10492704148750209e-04  7.68763253943279489e-04 -1.24338653068273763e-04 -1.30451559970913567e-06  5.25963407746597173e-06 -2.08510648185112359e-09  2.86337318485903998e-09  4.00000000000000000e+00 -2.50000000000000000e+00  1.65000000000000013e+00 -1.00000000000000006e-01  1.60000000000000009e+00 -8.00000000000000044e-01  2.30000000000000027e+00
 9.50279999999990057e-07  9.91564797184035413e-06 -9.10492704154889721e-04  7.68763253924627742e-04 -1.24338653069739252e-04 -1.30451559860498418e-06  5.25963407736982926e-06 -2.08510650951347678e-09  2.86337321083906248e-09  4.00000000000000000e+00 -2.50000000000000000e+00  1.65000000000000013e+00 -1.00000000000000006e-01  1.60000000000000009e+00 -8.00000000000000044e-01  2.30000000000000027e+00
 9.51279999999990026e-07  9.91564797159600715e-06 -9.10492704149949228e-04  7.68763253941873170e-04 -1.24338653070612631e-04 -1.30451559813929775e-06  5.25963407714358337e-06 -2.08510645990321449e-09  2.86337348639167505e-09  4.00000000000000000e+00 -2.50000000000000000e+00  1.65000000000000013e+00 -1.00000000000000006e-01  1.60000000000000009e+00 -8.00000000000000044e-01  2.30000000000000027e+00
 9.52279999999989996e-07  9.91564797267925217e-06 -9.10492704134950159e-04  7.68763253917004175e-04 -1.24338653070479410e-04 -1.30451559766918769e-06  5.25963407493709219e-06 -2.08510660598446913e-09  2.86337360504202288e-09  4.00000000000000000e+00 -2.50000000000000000e+00  1.65000000000000013e+00 -1.00000000000000006e-01  1.60000000000000009e+00 -8.00000000000000044e-01  2.30000000000000027e+00
 9.53279999999989965e-07  9.91564797368410261e-06 -9.10492704100477734e-04  7.68763253909898747e-04 -1.24338653066763876e-04 -1.30451559761818677e-06  5.25963407422778256e-06 -2.08510661377131333e-09  2.86337342439758262e-09  4.00000000000000000e+00 -2.50000000000000000e+00  1.65000000000000013e+00 -1.00000000000000006e-01  1.60000000000000009e+00 -8.00000000000000044e-01  2.30000000000000027e+00
 9.54279999999990040e-07  9.91564797436625212e-06 -9.10492704106835604e-04  7.68763253895613841e-04 -1.24338653063003890e-04 -1.30451559784691002e-06  5.25963407641858415e-06 -2.08510638626892440e-09  2.86337320307957191e-09  4.00000000000000000e+00 -2.50000000000000000e+00  1.65000000000000013e+00 -1.00000000000000006e-01  1.60000000000000009e+00 -8.00000000000000044e-01  2.30000000000000027e+00
 9.55279999999990115e-07  9.91564797369247807e-06 -9.10492704114000228e-04  7.68763253888508414e-04 -1.24338653064276933e-04 -1.30451559897049033e-06  5.25963407711320623e-06 -2.08510638122281785e-09  2.86337309721716710e-09  4.00000000000000000e+00 -2.50000000000000000e+00  1.65000000000000013e+00 -1.00000000000000006e-01  1.60000000000000009e+00 -8.00000000000000044e-01  2.30000000000000027e+00
 9.56279999999990190e-07  9.91564797260144881e-06 -9.10492704128470099e-04  7.68763253927884360e-04 -1.24338653068051719e-04 -1.30451559899182752e-06  5.25963407822635914e-06 -2.08510631127191670e-09  2.86337329807554158e-09  4.00000000000000000e+00 -2.50000000000000000e+00  1.65000000000000013e+00 -1.00000000000000006e-01  1.60000000000000009e+00 -8.00000000000000044e-01  2.30000000000000027e+00
 9.57279999999990265e-07  9.91564797167091366e-06 -9.10492704149853060e-04  7.68763253927884360e-04 -1.24338653070464584e-04 -1.30451559915610574e-06  5.25963407695260963e-06 -2.08510647330470550e-09  2.86337329488377751e-09  4.00000000000000000e+00 -2.50000000000000000e+00  1.65000000000000013e+00 -1.00000000000000006e-01  1.60000000000000009e+00 -8.00000000000000044e-01  2.30000000000000027e+00
 9.58279999999990341e-07  9.91564797214766446e-06 -9.10492704143188035e-04  7.68763253912785327e-04 -1.24338653069768851e-04 -1.30451559827486622e-06  5.25963407633161674e-06 -2.08510661448579927e-09  2.86337334807364984e-09  4.00000000000000000e+00 -2.50000000000000000e+00  1.65000000000000013e+00 -1.00000000000000006e-01  1.60000000000000009e+00 -8.00000000000000044e-01  2.30000000000000027e+00
 9.59279999999990416e-07  9.91564797346327434e-06 -9.10492704137270460e-04  7.68763253906271983e-04 -1.24338653067459582e-04 -1.30451559785853258e-06  5.25963407526302708e-06 -2.08510658231867464e-09  2.86337339174581950e-09  4.00000000000000000e+00 -2.50000000000000000e+00  1.65000000000000013e+00 -1.00000000000000006e-01  1.60000000000000009e+00 -8.00000000000000044e-01  2.30000000000000027e+00
 9.60279999999990491e-07  9.91564797356361725e-06 -9.10492704112357120e-04  7.68763253890950905e-04 -1.24338653065520405e-04 -1.30451559737627946e-06  5.25963407540589104e-06 -2.08510648264785610e-09  2.86337347944204558e-09  4.00000000000000000e+00 -2.50000000000000000e+00  1.65000000000000013e+00 -1.00000000000000006e-01  1.60000000000000009e+00 -8.00000000000000044e-01  2.30000000000000027e+00
 9.61279999999990566e-07  9.91564797331591432e-06 -9.10492704100277915e-04  7.68763253884141573e-04 -1.24338653064528604e-04 -1.30451559857410602e-06  5.25963407672320176e-06 -2.08510632214750087e-09  2.86337333443420792e-09  4.00000000000000000e+00 -2.50000000000000000e+00  1.65000000000000013e+00 -1.00000000000000006e-01  1.60000000000000009e+00 -8.00000000000000044e-01  2.30000000000000027e+00
 9.62279999999990641e-07  9.91564797329661891e-06 -9.10492704123322416e-04  7.68763253928772539e-04 -1.24338653066201338e-04 -1.30451559924631137e-06  5.25963407758516621e-06 -2.08510643197323901e-09  2.86337314948032789e-09  4.00000000000000000e+00 -2.50000000000000000e+00  1.65000000000000013e+00 -1.00000000000000006e-01  1.60000000000000009e+00 -8.00000000000000044e-01  2.30000000000000027e+00
 9.63279999999990716e-07  9.91564797366552378e-06 -9.10492704137081808e-04  7.68763253924331647e-04 -1.24338653067992521e-04 -1.30451559881601333e-06  5.25963407774765254e-06 -2.08510650456437535e-09  2.86337309647338077e-09  4.00000000000000000e+00 -2.50000000000000000e+00  1.65000000000000013e+00 -1.00000000000000006e-01  1.60000000000000009e+00 -8.00000000000000044e-01  2.30000000000000027e+00
 9.64279999999990791e-07  9.91564797336625010e-06 -9.10492704150075104e-04  7.68763253912785327e-04 -1.24338653069102717e-04 -1.30451559812047583e-06  5.25963407666861557e-06 -2.08510652649019335e-09  2.86337332265452238e-09  4.00000000000000000e+00 -2.50000000000000000e+00  1.65000000000000013e+00 -1.00000000000000006e-01  1.60000000000000009e+00 -8.00000000000000044e-01  2.30000000000000027e+00
 9.65279999999990866e-07  9.91564797243390908e-06 -9.10492704151259270e-04  7.68763253913155365e-04 -1.24338653069591232e-04 -1.30451559852362561e-06  5.25963407665589483e-06 -2.08510642047315375e-09  2.86337349760416450e-09  4.00000000000000000e+00 -2.50000000000000000e+00  1.65000000000000013e+00 -1.00000000000000006e-01  1.60000000000000009e+00 -8.00000000000000044e-01  2.30000000000000027e+00
 9.66279999999990942e-07  9.91564797231456553e-06 -9.10492704125072860e-04  7.68763253913673505e-04 -1.24338653068658628e-04 -1.30451559827018255e-06  5.25963407491029969e-06 -2.08510663963274543e-09  2.86337345344969850e-09  4.00000000000000000e+00 -2.50000000000000000e+00  1.65000000000000013e+00 -1.00000000000000006e-01  1.60000000000000009e+00 -8.00000000000000044e-01  2.30000000000000027e+00
 9.67279999999991017e-07  9.91564797362280452e-06 -9.10492704103445737e-04  7.68763253908048339e-04 -1.24338653065860871e-04 -1.30451559698492588e-06  5.25963407554208632e-06 -2.08510652939814969e-09  2.86337338991845427e-09  4.00000000000000000e+00 -2.50000000000000000e+00  1.65000000000000013e+00 -1.00000000000000006e-01  1.60000000000000009e+00 -8.00000000000000044e-01  2.30000000000000027e+00
 9.68279999999991092e-07  9.91564797406960932e-06 -9.10492704095315197e-04  7.68763253887398191e-04 -1.24338653063892069e-04 -1.30451559802584679e-06  5.25963407603135542e-06 -2.08510640298394212e-09  2.86337337178278363e-09  4.00000000000000000e+00 -2.50000000000000000e+00  1.65000000000000013e+00 -1.00000000000000006e-01  1.60000000000000009e+00 -8.00000000000000044e-01  2.30000000000000027e+00
 9.69279999999991167e-07  9.91564797340922517e-06 -9.10492704103290263e-04  7.68763253902793320e-04 -1.24338653064099314e-04 -1.30451559900952161e-06  5.25963407707380818e-06 -2.08510634763368414e-09  2.86337319018609305e-09  4.00000000000000000e+00 -2.50000000000000000e+00  1.65000000000000013e+00 -1.00000000000000006e-01  1.60000000000000009e+00 -8.00000000000000044e-01  2.30000000000000027e+00
 9.70279999999991242e-07  9.91564797257974782e-06 -9.10492704103960083e-04  7.68763253906346034e-04 -1.24338653065638854e-04 -1.30451559853125843e-06  5.25963407683703791e-06 -2.08510647694150019e-09  2.86337316575418290e-09  4.00000000000000000e+00 -2.50000000000000000e+00  1.65000000000000013e+00 -1.00000000000000006e-01  1.60000000000000009e+00 -8.00000000000000044e-01  2.30000000000000027e+00
 9.71279999999991317e-07  9.91564797187994106e-06 -9.10492704111809381e-04  7.68763253927884360e-04 -1.24338653067607630e-04 -1.30451559932064444e-06  5.25963407789533527e-06 -2.08510643434876772e-09  2.86337323509635770e-09  4.00000000000000000e+00 -2.50000000000000000e+00  1.65000000000000013e+00 -1.00000000000000006e-01  1.60000000000000009e+00 -8.00000000000000044e-01  2.30000000000000027e+00
 9.72279999999991392e-07  9.91564797188410846e-06 -9.10492704125579833e-04  7.68763253920778933e-04 -1.24338653069680028e-04 -1.30451559889502986e-06  5.25963407701351722e-06 -2.08510648361918906e-09  2.86337337943429280e-09  4.00000000000000000e+00 -2.50000000000000000e+00  1.65000000000000013e+00 -1.00000000000000006e-01  1.60000000000000009e+00 -8.00000000000000044e-01  2.30000000000000027e+00
 9.73279999999991468e-07  9.91564797269308592e-06 -9.10492704133862162e-04  7.68763253923443468e-04 -1.24338653070257365e-04 -1.30451559822690128e-06  5.25963407685704483e-06 -2.08510648133303266e-09  2.86337338148401451e-09  4.00000000000000000e+00 -2.50000000000000000e+00  1.65000000000000013e+00 -1.00000000000000006e-01  1.60000000000000009e+00 -8.00000000000000044e-01  2.30000000000000027e+00
 9.74279999999991543e-07  9.91564797313220812e-06 -9.10492704126619800e-04  7.68763253912563282e-04 -1.24338653068895472e-04 -1.30451559763093695e-06  5.25963407541013129e-06 -2.08510658220426233e-09  2.86337341967112720e-09  4.00000000000000000e+00 -2.50000000000000000e+00  1.65000000000000013e+00 -1.00000000000000006e-01  1.60000000000000009e+00 -8.00000000000000044e-01  2.30000000000000027e+00
 9.75279999999991618e-07  9.91564797359346669e-06 -9.10492704122267704e-04  7.68763253895613841e-04 -1.24338653065846072e-04 -1.30451559794934553e-06  5.25963407545693071e-06 -2.08510651908169578e-09  2.86337330521338649e-09  4.00000000000000000e+00 -2.50000000000000000e+00  1.65000000000000013e+00 -1.00000000000000006e-01  1.60000000000000009e+00 -8.00000000000000044e-01  2.30000000000000027e+00
 9.76279999999991693e-07  9.91564797382527928e-06 -9.10492704104130302e-04  7.68763253894133580e-04 -1.24338653063832871e-04 -1.30451559784517530e-06  5.25963407698202284e-06 -2.08510630771625478e-09  2.86337333157760213e-09  4.00000000000000000e+00 -2.50000000000000000e+00  1.65000000000000013e+00 -1.00000000000000006e-01  1.60000000000000009e+00 -8.00000000000000044e-01  2.30000000000000027e+00
 9.77279999999991768e-07  9.91564797307589568e-06 -9.10492704107594220e-04  7.68763253902793320e-04 -1.24338653065920096e-04 -1.30451559949090738e-06  5.25963407689355195e-06 -2.08510639018074961e-09  2.86337326418815177e-09  4.00000000000000000e+00 -2.50000000000000000e+00  1.65000000000000013e+00 -1.00000000000000006e-01  1.60000000000000009e+00 -8.00000000000000044e-01  2.30000000000000027e+00
 9.78279999999991843e-07  9.91564797233417264e-06 -9.10492704130313134e-04  7.68763253909528709e-04 -1.24338653068910271e-04 -1.30451559890274951e-06  5.25963407643465914e-06 -2.08510650316677471e-09  2.86337334251214814e-09  4.00000000000000000e+00 -2.50000000000000000e+00  1.65000000000000013e+00 -1.00000000000000006e-01  1.60000000000000009e+00 -8.00000000000000044e-01  2.30000000000000027e+00
 9.79279999999991918e-07  9.91564797198031616e-06 -9.10492704140830654e-04  7.68763253899536702e-04 -1.24338653068258964e-04 -1.30451559813660884e-06  5.25963407625297566e-06 -2.08510657679514343e-09  2.86337322080936447e-09  4.00000000000000000e+00 -2.50000000000000000e+00  1.65000000000000013e+00 -1.00000000000000006e-01  1.60000000000000009e+00 -8.00000000000000044e-01  2.30000000000000027e+00
 9.80279999999991993e-07  9.91564797278527359e-06 -9.10492704139398423e-04  7.68763253924035551e-04 -1.24338653066601002e-04 -1.30451559829360132e-06  5.25963407744241829e-06 -2.08510645839315120e-09  2.86337318410109604e-09  4.00000000000000000e+00 -2.50000000000000000e+00  1.65000000000000013e+00 -1.00000000000000006e-01  1.60000000000000009e+00 -8.00000000000000044e-01  2.30000000000000027e+00
 9.81279999999992069e-07  9.91564797350894636e-06 -9.10492704135449759e-04  7.68763253923147372e-04 -1.24338653067755650e-04 -1.30451559820530385e-06  5.25963407755459679e-06 -2.08510638240570721e-09  2.86337343063105442e-09  4.00000000000000000e+00 -2.50000000000000000e+00  1.65000000000000013e+00 -1.00000000000000006e-01  1.60000000000000009e+00 -8.00000000000000044e-01  2.30000000000000027e+00
 9.82279999999992144e-07  9.91564797367225431e-06 -9.10492704123133656e-04  7.68763253930622946e-04 -1.24338653068288590e-04 -1.30451559874558360e-06  5.25963407542227435e-06 -2.08510661690865347e-09  2.86337344518973347e-09  4.00000000000000000e+00 -2.50000000000000000e+00  1.65000000000000013e+00 -1.00000000000000006e-01  1.60000000000000009e+00 -8.00000000000000044e-01  2.30000000000000027e+00
 9.83279999999992219e-07  9.91564797352976304e-06 -9.10492704113785556e-04  7.68763253905161759e-04 -1.24338653067385558e-04 -1.30451559808725604e-06  5.25963407594473529e-06 -2.08510650045722922e-09  2.86337334765641870e-09  4.00000000000000000e+00 -2.50000000000000000e+00  1.65000000000000013e+00 -1.00000000000000006e-01  1.60000000000000009e+00 -8.00000000000000044e-01  2.30000000000000027e+00
 9.84279999999992294e-07  9.91564797279386420e-06 -9.10492704133736286e-04  7.68763253895021759e-04 -1.24338653067355986e-04 -1.30451559830426991e-06  5.25963407710114024e-06 -2.08510637747579720e-09  2.86337323846601647e-09  4.00000000000000000e+00 -2.50000000000000000e+00  1.65000000000000013e+00 -1.00000000000000006e-01  1.60000000000000009e+00 -8.00000000000000044e-01  2.30000000000000027e+00
 9.85279999999992369e-07  9.91564797263098654e-06 -9.10492704138621267e-04  7.68763253919890754e-04 -1.24338653067489208e-04 -1.30451559886952951e-06  5.25963407702438804e-06 -2.08510646579071179e-09  2.86337314206447669e-09  4.00000000000000000e+00 -2.50000000000000000e+00  1.65000000000000013e+00 -1.00000000000000006e-01  1.60000000000000009e+00 -8.00000000000000044e-01  2.30000000000000027e+00
 9.86279999999992444e-07  9.91564797302654754e-06 -9.10492704162875954e-04  7.68763253930030755e-04 -1.24338653068717853e-04 -1.30451559850627837e-06  5.25963407765324479e-06 -2.08510647871224862e-09  2.86337337632495604e-09  4.00000000000000000e+00 -2.50000000000000000e+00  1.65000000000000013e+00 -1.00000000000000006e-01  1.60000000000000009e+00 -8.00000000000000044e-01  2.30000000000000027e+00
 9.87279999999992519e-07  9.91564797340628935e-06 -9.10492704123159568e-04  7.68763253905161759e-04 -1.24338653069087918e-04 -1.30451559775332177e-06  5.25963407524059171e-06 -2.08510654773898346e-09  2.86337356805291175e-09  4.00000000000000000e+00 -2.50000000000000000e+00  1.65000000000000013e+00 -1.00000000000000006e-01  1.60000000000000009e+00 -8.00000000000000044e-01  2.30000000000000027e+00
 9.88279999999992594e-07  9.91564797362240303e-06 -9.10492704121412810e-04  7.68763253903089415e-04 -1.24338653067311561e-04 -1.30451559843159865e-06  5.25963407519510266e-06 -2.08510654681367483e-09  2.86337337202744215e-09  4.00000000000000000e+00 -2.50000000000000000e+00  1.65000000000000013e+00 -1.00000000000000006e-01  1.60000000000000009e+00 -8.00000000000000044e-01  2.30000000000000027e+00
 9.89279999999992670e-07  9.91564797344830727e-06 -9.10492704115469431e-04  7.68763253914857780e-04 -1.24338653065564830e-04 -1.30451559798083059e-06  5.25963407672709557e-06 -2.08510646692327590e-09  2.86337323443126850e-09  4.00000000000000000e+00 -2.50000000000000000e+00  1.65000000000000013e+00 -1.00000000000000006e-01  1.60000000000000009e+00 -8.00000000000000044e-01  2.30000000000000027e+00
 9.90279999999992745e-07  9.91564797383511333e-06 -9.10492704121631169e-04  7.68763253927884360e-04 -1.24338653066186539e-04 -1.30451559908931889e-06  5.25963407822840218e-06 -2.08510635185713724e-09  2.86337322213772637e-09  4.00000000000000000e+00 -2.50000000000000000e+00  1.65000000000000013e+00 -1.00000000000000006e-01  1.60000000000000009e+00 -8.00000000000000044e-01  2.30000000000000027e+00
 9.91279999999992820e-07  9.91564797340627072e-06 -9.10492704126523522e-04  7.68763253920556888e-04 -1.24338653068451383e-04 -1.30451559877247182e-06  5.25963407664008920e-06 -2.08510644487255032e-09  2.86337330123630252e-09  4.00000000000000000e+00 -2.50000000000000000e+00  1.65000000000000013e+00 -1.00000000000000006e-01  1.60000000000000009e+00 -8.00000000000000044e-01  2.30000000000000027e+00
 9.92279999999992895e-07  9.91564797294819869e-06 -9.10492704137825571e-04  7.68763253923147372e-04 -1.24338653069443184e-04 -1.30451559783407303e-06  5.25963407565152806e-06 -2.08510657767267122e-09  2.86337340127966790e-09  4.00000000000000000e+00 -2.50000000000000000e+00  1.65000000000000013e+00 -1.00000000000000006e-01  1.60000000000000009e+00 -8.00000000000000044e-01  2.30000000000000027e+00
 9.93279999999992970e-07  9.91564797274248826e-06 -9.10492704122841247e-04  7.68763253910416887e-04 -1.24338653067296762e-04 -1.30451559757126242e-06  5.25963407499796167e-06 -2.08510654239790472e-09  2.86337341276398834e-09  4.00000000000000000e+00 -2.50000000000000000e+00  1.65000000000000013e+00 -1.00000000000000006e-01  1.60000000000000009e+00 -8.00000000000000044e-01  2.30000000000000027e+00
 9.94279999999993045e-07  9.91564797275753835e-06 -9.10492704089131233e-04  7.68763253895687892e-04 -1.24338653064676624e-04 -1.30451559820599778e-06  5.25963407592106580e-06 -2.08510646512458779e-09  2.86337327519906351e-09  4.00000000000000000e+00 -2.50000000000000000e+00  1.65000000000000013e+00 -1.00000000000000006e-01  1.60000000000000009e+00 -8.00000000000000044e-01  2.30000000000000027e+00
 9.95279999999993120e-07  9.91564797346190723e-06 -9.10492704102069017e-04  7.68763253901609046e-04 -1.24338653064854271e-04 -1.30451559857488677e-06  5.25963407724635557e-06 -2.08510643283939430e-09  2.86337324638044087e-09  4.00000000000000000e+00 -2.50000000000000000e+00  1.65000000000000013e+00 -1.00000000000000006e-01  1.60000000000000009e+00 -8.00000000000000044e-01  2.30000000000000027e+00
 9.96279999999993195e-07  9.91564797372322536e-06 -9.10492704109544483e-04  7.68763253899536702e-04 -1.24338653065727650e-04 -1.30451559885409043e-06  5.25963407752271616e-06 -2.08510643166051345e-09  2.86337322643518070e-09  4.00000000000000000e+00 -2.50000000000000000e+00  1.65000000000000013e+00 -1.00000000000000006e-01  1.60000000000000009e+00 -8.00000000000000044e-01  2.30000000000000027e+00
 9.97279999999993271e-07  9.91564797353275815e-06 -9.10492704141970476e-04  7.68763253913673505e-04 -1.24338653066867472e-04 -1.30451559938474238e-06  5.25963407794452417e-06 -2.08510639266336347e-09  2.86337319966458860e-09  4.00000000000000000e+00 -2.50000000000000000e+00  1.65000000000000013e+00 -1.00000000000000006e-01  1.60000000000000009e+00 -8.00000000000000044e-01  2.30000000000000027e+00
 9.98279999999993346e-07  9.91564797282557711e-06 -9.10492704149701271e-04  7.68763253910120792e-04 -1.24338653069250738e-04 -1.30451559789929859e-06  5.25963407640817581e-06 -2.08510650795831643e-09  2.86337338328102055e-09  4.00000000000000000e+00 -2.50000000000000000e+00  1.65000000000000013e+00 -1.00000000000000006e-01  1.60000000000000009e+00 -8.00000000000000044e-01  2.30000000000000027e+00
 9.99279999999993421e-07  9.91564797258392370e-06 -9.10492704123240992e-04  7.68763253919890754e-04 -1.24338653069532007e-04 -1.30451559836073503e-06  5.25963407636353548e-06 -2.08510646277968957e-09  2.86337341987608394e-09  4.00000000000000000e+00 -2.50000000000000000e+00  1.65000000000000013e+00 -1.00000000000000006e-01  1.60000000000000009e+00 -8.00000000000000044e-01  2.30000000000000027e+00
 1.00027999999999350e-06  9.91564797294135466e-06 -9.10492704123215080e-04  7.68763253904791721e-04 -1.24338653067814848e-04 -1.30451559774213268e-06  5.25963407543326122e-06 -2.08510655400410030e-09  2.86337345571809161e-09  4.00000000000000000e+00 -2.50000000000000000e+00  1.65000000000000013e+00 -1.00000000000000006e-01  1.60000000000000009e+00 -8.00000000000000044e-01  2.30000000000000027e+00
 1.00127999999999357e-06  9.91564797352802831e-06 -9.10492704106539508e-04  7.68763253905161759e-04 -1.24338653064513804e-04 -1.30451559813322622e-06  5.25963407590487476e-06 -2.08510650515423330e-09  2.86337326634896012e-09  4.00000000000000000e+00 -2.50000000000000000e+00  1.65000000000000013e+00 -1.00000000000000006e-01  1.60000000000000009e+00 -8.00000000000000044e-01  2.30000000000000027e+00
 1.00227999999999365e-06  9.91564797377533822e-06 -9.10492704116220674e-04  7.68763253899166555e-04 -1.24338653063344357e-04 -1.30451559827807563e-06  5.25963407683306787e-06 -2.08510642068696256e-09  2.86337322317750729e-09  4.00000000000000000e+00 -2.50000000000000000e+00  1.65000000000000013e+00 -1.00000000000000006e-01  1.60000000000000009e+00 -8.00000000000000044e-01  2.30000000000000027e+00
 1.00327999999999372e-06  9.91564797343121584e-06 -9.10492704129846819e-04  7.68763253935063839e-04 -1.24338653066142113e-04 -1.30451559902764960e-06  5.25963407846174197e-06 -2.08510631744236230e-09  2.86337324518126514e-09  4.00000000000000000e+00 -2.50000000000000000e+00  1.65000000000000013e+00 -1.00000000000000006e-01  1.60000000000000009e+00 -8.00000000000000044e-01  2.30000000000000027e+00
 1.00427999999999380e-06  9.91564797319108538e-06 -9.10492704148620647e-04  7.68763253925219825e-04 -1.24338653069354388e-04 -1.30451559933530276e-06  5.25963407704377832e-06 -2.08510643073721817e-09  2.86337329514905723e-09  4.00000000000000000e+00 -2.50000000000000000e+00  1.65000000000000013e+00 -1.00000000000000006e-01  1.60000000000000009e+00 -8.00000000000000044e-01  2.30000000000000027e+00
 1.00527999999999387e-06  9.91564797300607137e-06 -9.10492704165207422e-04  7.68763253921075028e-04 -1.24338653069768851e-04 -1.30451559854340150e-06  5.25963407588055052e-06 -2.08510661572900747e-09  2.86337334206912923e-09  4.00000000000000000e+00 -2.50000000000000000e+00  1.65000000000000013e+00 -1.00000000000000006e-01  1.60000000000000009e+00 -8.00000000000000044e-01  2.30000000000000027e+00
 1.00627999999999395e-06  9.91564797283725601e-06 -9.10492704136108412e-04  7.68763253909010569e-04 -1.24338653068880673e-04 -1.30451559739501456e-06  5.25963407606905685e-06 -2.08510654872963771e-09  2.86337345543531578e-09  4.00000000000000000e+00 -2.50000000000000000e+00  1.65000000000000013e+00 -1.00000000000000006e-01  1.60000000000000009e+00 -8.00000000000000044e-01  2.30000000000000027e+00
 1.00727999999999402e-06  9.91564797309366982e-06 -9.10492704127311846e-04  7.68763253892653319e-04 -1.24338653067652028e-04 -1.30451559787995659e-06  5.25963407542832725e-06 -2.08510657199682958e-09  2.86337344884076352e-09  4.00000000000000000e+00 -2.50000000000000000e+00  1.65000000000000013e+00 -1.00000000000000006e-01  1.60000000000000009e+00 -8.00000000000000044e-01  2.30000000000000027e+00
 1.00827999999999410e-06  9.91564797376934800e-06 -9.10492704128814333e-04  7.68763253909010569e-04 -1.24338653065698024e-04 -1.30451559888618281e-06  5.25963407722831461e-06 -2.08510644679390849e-09  2.86337318248200827e-09  4.00000000000000000e+00 -2.50000000000000000e+00  1.65000000000000013e+00 -1.00000000000000006e-01  1.60000000000000009e+00 -8.00000000000000044e-01  2.30000000000000027e+00
 1.00927999999999417e-06  9.91564797387877788e-06 -9.10492704127093488e-04  7.68763253910120792e-04 -1.24338653066452981e-04 -1.30451559852189088e-06  5.25963407784148177e-06 -2.08510636834060518e-09  2.86337321847413185e-09  4.00000000000000000e+00 -2.50000000000000000e+00  1.65000000000000013e+00 -1.00000000000000006e-01  1.60000000000000009e+00 -8.00000000000000044e-01  2.30000000000000027e+00
 1.01027999999999425e-06  9.91564797326443674e-06 -9.10492704144812604e-04  7.68763253917004175e-04 -1.24338653068703026e-04 -1.30451559891662730e-06  5.25963407643022577e-06 -2.08510640374100511e-09  2.86337343148155325e-09  4.00000000000000000e+00 -2.50000000000000000e+00  1.65000000000000013e+00 -1.00000000000000006e-01  1.60000000000000009e+00 -8.00000000000000044e-01  2.30000000000000027e+00
 1.01127999999999432e-06  9.91564797222707210e-06 -9.10492704124499209e-04  7.68763253906568078e-04 -1.24338653068762251e-04 -1.30451559806669940e-06  5.25963407499017405e-06 -2.08510658690298818e-09  2.86337333249718088e-09  4.00000000000000000e+00 -2.50000000000000000e+00  1.65000000000000013e+00 -1.00000000000000006e-01  1.60000000000000009e+00 -8.00000000000000044e-01  2.30000000000000027e+00
 1.01227999999999440e-06  9.91564797219172203e-06 -9.10492704128455354e-04  7.68763253903089415e-04 -1.24338653066260535e-04 -1.30451559767890210e-06  5.25963407712226524e-06 -2.08510649797887162e-09  2.86337322591133094e-09  4.00000000000000000e+00 -2.50000000000000000e+00  1.65000000000000013e+00 -1.00000000000000006e-01  1.60000000000000009e+00 -8.00000000000000044e-01  2.30000000000000027e+00
 1.01327999999999447e-06  9.91564797351656965e-06 -9.10492704136060382e-04  7.68763253938320457e-04 -1.24338653065860898e-04 -1.30451559832395898e-06  5.25963407846968290e-06 -2.08510634087535549e-09  2.86337325427536283e-09  4.00000000000000000e+00 -2.50000000000000000e+00  1.65000000000000013e+00 -1.00000000000000006e-01  1.60000000000000009e+00 -8.00000000000000044e-01  2.30000000000000027e+00
 1.01427999999999455e-06  9.91564797461229994e-06 -9.10492704133795483e-04  7.68763253945425884e-04 -1.24338653067770450e-04 -1.30451559889901981e-06  5.25963407596331580e-06 -2.08510648293043506e-09  2.86337347624596528e-09  4.00000000000000000e+00 -2.50000000000000000e+00  1.65000000000000013e+00 -1.00000000000000006e-01  1.60000000000000009e+00 -8.00000000000000044e-01  2.30000000000000027e+00
 1.01527999999999462e-06  9.91564797392561372e-06 -9.10492704110184704e-04  7.68763253923221423e-04 -1.24338653068880700e-04 -1.30451559882043675e-06  5.25963407552312040e-06 -2.08510651374019683e-09  2.86337339882219413e-09  4.00000000000000000e+00 -2.50000000000000000e+00  1.65000000000000013e+00 -1.00000000000000006e-01  1.60000000000000009e+00 -8.00000000000000044e-01  2.30000000000000027e+00
 1.01627999999999470e-06  9.91564797268951652e-06 -9.10492704140823173e-04  7.68763253922925328e-04 -1.24338653068288563e-04 -1.30451559813400676e-06  5.25963407657929679e-06 -2.08510650309778164e-09  2.86337315844500573e-09  4.00000000000000000e+00 -2.50000000000000000e+00  1.65000000000000013e+00 -1.00000000000000006e-01  1.60000000000000009e+00 -8.00000000000000044e-01  2.30000000000000027e+00
 1.01727999999999477e-06  9.91564797237757292e-06 -9.10492704134820596e-04  7.68763253924405698e-04 -1.24338653067800075e-04 -1.30451559794249324e-06  5.25963407668203088e-06 -2.08510650168945330e-09  2.86337329666793537e-09  4.00000000000000000e+00 -2.50000000000000000e+00  1.65000000000000013e+00 -1.00000000000000006e-01  1.60000000000000009e+00 -8.00000000000000044e-01  2.30000000000000027e+00
 1.01827999999999485e-06  9.91564797297580010e-06 -9.10492704133706687e-04  7.68763253906568078e-04 -1.24338653067059918e-04 -1.30451559862779584e-06  5.25963407697878464e-06 -2.08510643175579887e-09  2.86337331491821354e-09  4.00000000000000000e+00 -2.50000000000000000e+00  1.65000000000000013e+00 -1.00000000000000006e-01  1.60000000000000009e+00 -8.00000000000000044e-01  2.30000000000000027e+00
 1.01927999999999492e-06  9.91564797393212740e-06 -9.10492704128188857e-04  7.68763253913451461e-04 -1.24338653067252336e-04 -1.30451559853576867e-06  5.25963407684852622e-06 -2.08510641388609533e-09  2.86337341535050933e-09  4.00000000000000000e+00 -2.50000000000000000e+00  1.65000000000000013e+00 -1.00000000000000006e-01  1.60000000000000009e+00 -8.00000000000000044e-01  2.30000000000000027e+00
 1.02027999999999500e-06  9.91564797374138575e-06 -9.10492704124747166e-04  7.68763253913155365e-04 -1.24338653067992494e-04 -1.30451559834919929e-06  5.25963407650921414e-06 -2.08510650938957340e-09  2.86337338864231022e-09  4.00000000000000000e+00 -2.50000000000000000e+00  1.65000000000000013e+00 -1.00000000000000006e-01  1.60000000000000009e+00 -8.00000000000000044e-01  2.30000000000000027e+00
 1.02127999999999507e-06  9.91564797289254185e-06 -9.10492704133850994e-04  7.68763253907752352e-04 -1.24338653067933297e-04 -1.30451559826168236e-06  5.25963407585880803e-06 -2.08510658872515292e-09  2.86337323897096722e-09  4.00000000000000000e+00 -2.50000000000000000e+00  1.65000000000000013e+00 -1.00000000000000006e-01  1.60000000000000009e+00 -8.00000000000000044e-01  2.30000000000000027e+00
 1.02227999999999515e-06  9.91564797231690503e-06 -9.10492704131397445e-04  7.68763253906864174e-04 -1.24338653067533606e-04 -1.30451559787293087e-06  5.25963407657948907e-06 -2.08510644498121580e-09  2.86337325968204940e-09  4.00000000000000000e+00 -2.50000000000000000e+00  1.65000000000000013e+00 -1.00000000000000006e-01  1.60000000000000009e+00 -8.00000000000000044e-01  2.30000000000000027e+00
 1.02327999999999522e-06  9.91564797292535251e-06 -9.10492704123500008e-04  7.68763253910120792e-04 -1.24338653067829674e-04 -1.30451559931110346e-06  5.25963407706798737e-06 -2.08510637697434253e-09  2.86337332841465247e-09  4.00000000000000000e+00 -2.50000000000000000e+00  1.65000000000000013e+00 -1.00000000000000006e-01  1.60000000000000009e+00 -8.00000000000000044e-01  2.30000000000000027e+00
 1.02427999999999530e-06  9.91564797304620887e-06 -9.10492704138491705e-04  7.68763253916115996e-04 -1.24338653067933297e-04 -1.30451559814458853e-06  5.25963407631388410e-06 -2.08510652928141590e-09  2.86337335147227813e-09  4.00000000000000000e+00 -2.50000000000000000e+00  1.65000000000000013e+00 -1.00000000000000006e-01  1.60000000000000009e+00 -8.00000000000000044e-01  2.30000000000000027e+00
 1.02527999999999537e-06  9.91564797294356711e-06 -9.10492704114618224e-04  7.68763253901609046e-04 -1.24338653066852700e-04 -1.30451559738660119e-06  5.25963407520836381e-06 -2.08510655519864547e-09  2.86337339547530101e-09  4.00000000000000000e+00 -2.50000000000000000e+00  1.65000000000000013e+00 -1.00000000000000006e-01  1.60000000000000009e+00 -8.00000000000000044e-01  2.30000000000000027e+00
 1.02627999999999545e-06  9.91564797299328625e-06 -9.10492704106084360e-04  7.68763253899166555e-04 -1.24338653065150339e-04 -1.30451559867714864e-06  5.25963407595556714e-06 -2.08510645582545147e-09  2.86337328736790362e-09  4.00000000000000000e+00 -2.50000000000000000e+00  1.65000000000000013e+00 -1.00000000000000006e-01  1.60000000000000009e+00 -8.00000000000000044e-01  2.30000000000000027e+00
 1.02727999999999552e-06  9.91564797364429544e-06 -9.10492704105507022e-04  7.68763253929068634e-04 -1.24338653064795046e-04 -1.30451559885252914e-06  5.25963407684416993e-06 -2.08510637932833850e-09  2.86337322074953284e-09  4.00000000000000000e+00 -2.50000000000000000e+00  1.65000000000000013e+00 -1.00000000000000006e-01  1.60000000000000009e+00 -8.00000000000000044e-01  2.30000000000000027e+00
 1.02827999999999560e-06  9.91564797396543443e-06 -9.10492704116649910e-04  7.68763253919668710e-04 -1.24338653065624027e-04 -1.30451559854713120e-06  5.25963407771476987e-06 -2.08510641084359393e-09  2.86337322099897536e-09  4.00000000000000000e+00 -2.50000000000000000e+00  1.65000000000000013e+00 -1.00000000000000006e-01  1.60000000000000009e+00 -8.00000000000000044e-01  2.30000000000000027e+00
 1.02927999999999567e-06  9.91564797358270937e-06 -9.10492704136944874e-04  7.68763253913451461e-04 -1.24338653067459582e-04 -1.30451559857393259e-06  5.25963407715202575e-06 -2.08510643361561935e-09  2.86337337747359682e-09  4.00000000000000000e+00 -2.50000000000000000e+00  1.65000000000000013e+00 -1.00000000000000006e-01  1.60000000000000009e+00 -8.00000000000000044e-01  2.30000000000000027e+00
 1.03027999999999575e-06  9.91564797274885965e-06 -9.10492704126801078e-04  7.68763253934693692e-04 -1.24338653068658628e-04 -1.30451559817850246e-06  5.25963407702508176e-06 -2.08510650213162931e-09  2.86337335006973013e-09  4.00000000000000000e+00 -2.50000000000000000e+00  1.65000000000000013e+00 -1.00000000000000006e-01  1.60000000000000009e+00 -8.00000000000000044e-01  2.30000000000000027e+00
 1.03127999999999582e-06  9.91564797287240957e-06 -9.10492704126571661e-04  7.68763253903015364e-04 -1.24338653068703026e-04 -1.30451559810451646e-06  5.25963407586540049e-06 -2.08510658572787307e-09  2.86337342495459695e-09  4.00000000000000000e+00 -2.50000000000000000e+00  1.65000000000000013e+00 -1.00000000000000006e-01  1.60000000000000009e+00 -8.00000000000000044e-01  2.30000000000000027e+00
 1.03227999999999590e-06  9.91564797370712665e-06 -9.10492704115832096e-04  7.68763253913747556e-04 -1.24338653067785249e-04 -1.30451559840661859e-06  5.25963407540037855e-06 -2.08510654173915669e-09  2.86337343603465809e-09  4.00000000000000000e+00 -2.50000000000000000e+00  1.65000000000000013e+00 -1.00000000000000006e-01  1.60000000000000009e+00 -8.00000000000000044e-01  2.30000000000000027e+00
 1.03327999999999598e-06  9.91564797402917028e-06 -9.10492704111065510e-04  7.68763253891469045e-04 -1.24338653065920096e-04 -1.30451559813487412e-06  5.25963407657220374e-06 -2.08510648098470649e-09  2.86337321937177502e-09  4.00000000000000000e+00 -2.50000000000000000e+00  1.65000000000000013e+00 -1.00000000000000006e-01  1.60000000000000009e+00 -8.00000000000000044e-01  2.30000000000000027e+00
 1.03427999999999605e-06  9.91564797343120228e-06 -9.10492704132156061e-04  7.68763253893911536e-04 -1.24338653064883870e-04 -1.30451559805273500e-06  5.25963407691024358e-06 -2.08510637013997283e-09  2.86337321159759082e-09  4.00000000000000000e+00 -2.50000000000000000e+00  1.65000000000000013e+00 -1.00000000000000006e-01  1.60000000000000009e+00 -8.00000000000000044e-01  2.30000000000000027e+00
 1.03527999999999613e-06  9.91564797277424692e-06 -9.10492704123100371e-04  7.68763253919372614e-04 -1.24338653066023719e-04 -1.30451559822100318e-06  5.25963407709107834e-06 -2.08510639387745079e-09  2.86337334414114925e-09  4.00000000000000000e+00 -2.50000000000000000e+00  1.65000000000000013e+00 -1.00000000000000006e-01  1.60000000000000009e+00 -8.00000000000000044e-01  2.30000000000000027e+00
 1.03627999999999620e-06  9.91564797262532836e-06 -9.10492704108008710e-04  7.68763253931215029e-04 -1.24338653068110916e-04 -1.30451559947416746e-06  5.25963407593748723e-06 -2.08510654530097573e-09  2.86337344587051138e-09  4.00000000000000000e+00 -2.50000000000000000e+00  1.65000000000000013e+00 -1.00000000000000006e-01  1.60000000000000009e+00 -8.00000000000000044e-01  2.30000000000000027e+00
 1.03727999999999628e-06  9.91564797290315517e-06 -9.10492704121705220e-04  7.68763253910120792e-04 -1.24338653067800075e-04 -1.30451559827625408e-06  5.25963407566548292e-06 -2.08510661109221181e-09  2.86337331963380064e-09  4.00000000000000000e+00 -2.50000000000000000e+00  1.65000000000000013e+00 -1.00000000000000006e-01  1.60000000000000009e+00 -8.00000000000000044e-01  2.30000000000000027e+00
 1.03827999999999635e-06  9.91564797335092220e-06 -9.10492704131693432e-04  7.68763253913155365e-04 -1.24338653065934868e-04 -1.30451559801699974e-06  5.25963407712762357e-06 -2.08510642740116237e-09  2.86337314273915332e-09  4.00000000000000000e+00 -2.50000000000000000e+00  1.65000000000000013e+00 -1.00000000000000006e-01  1.60000000000000009e+00 -8.00000000000000044e-01  2.30000000000000027e+00
 1.03927999999999643e-06  9.91564797311840996e-06 -9.10492704150467369e-04  7.68763253931215029e-04 -1.24338653066408556e-04 -1.30451559890431080e-06  5.25963407835468971e-06 -2.08510637391373125e-09  2.86337320936170922e-09  4.00000000000000000e+00 -2.50000000000000000e+00  1.65000000000000013e+00 -1.00000000000000006e-01  1.60000000000000009e+00 -8.00000000000000044e-01  2.30000000000000027e+00
 1.04027999999999650e-06  9.91564797304593104e-06 -9.10492704136733888e-04  7.68763253942095215e-04 -1.24338653069369160e-04 -1.30451559893891845e-06  5.25963407689301154e-06 -2.08510647561762284e-09  2.86337335608828841e-09  4.00000000000000000e+00 -2.50000000000000000e+00  1.65000000000000013e+00 -1.00000000000000006e-01  1.60000000000000009e+00 -8.00000000000000044e-01  2.30000000000000027e+00
 1.04127999999999658e-06  9.91564797334415779e-06 -9.10492704157480205e-04  7.68763253930030755e-04 -1.24338653069058292e-04 -1.30451559802593340e-06  5.25963407584500732e-06 -2.08510651730806504e-09  2.86337343743148491e-09  4.00000000000000000e+00 -2.50000000000000000e+00  1.65000000000000013e+00 -1.00000000000000006e-01  1.60000000000000009e+00 -8.00000000000000044e-01  2.30000000000000027e+00
 1.04227999999999665e-06  9.91564797332213324e-06 -9.10492704129558096e-04  7.68763253895909937e-04 -1.24338653067089516e-04 -1.30451559813851700e-06  5.25963407564092659e-06 -2.08510652748121611e-09  2.86337330644217404e-09  4.00000000000000000e+00 -2.50000000000000000e+00  1.65000000000000013e+00 -1.00000000000000006e-01  1.60000000000000009e+00 -8.00000000000000044e-01  2.30000000000000027e+00
 1.04327999999999673e-06  9.91564797334513696e-06 -9.10492704130020725e-04  7.68763253898944511e-04 -1.24338653066497406e-04 -1.30451559790181406e-06  5.25963407565750303e-06 -2.08510654498093500e-09  2.86337341675364836e-09  4.00000000000000000e+00 -2.50000000000000000e+00  1.65000000000000013e+00 -1.00000000000000006e-01  1.60000000000000009e+00 -8.00000000000000044e-01  2.30000000000000027e+00
 1.04427999999999680e-06  9.91564797330971065e-06 -9.10492704122064091e-04  7.68763253891172949e-04 -1.24338653065268761e-04 -1.30451559783060358e-06  5.25963407652582869e-06 -2.08510640173708233e-09  2.86337341001305405e-09  4.00000000000000000e+00 -2.50000000000000000e+00  1.65000000000000013e+00 -1.00000000000000006e-01  1.60000000000000009e+00 -8.00000000000000044e-01  2.30000000000000027e+00
 1.04527999999999688e-06  9.91564797358576547e-06 -9.10492704124432639e-04  7.68763253921075028e-04 -1.24338653065875671e-04 -1.30451559868851116e-06  5.25963407815508131e-06 -2.08510635995367702e-09  2.86337326346140867e-09  4.00000000000000000e+00 -2.50000000000000000e+00  1.65000000000000013e+00 -1.00000000000000006e-01  1.60000000000000009e+00 -8.00000000000000044e-01  2.30000000000000027e+00
 1.04627999999999695e-06  9.91564797311550802e-06 -9.10492704145686037e-04  7.68763253948978598e-04 -1.24338653067726079e-04 -1.30451559937034409e-06  5.25963407752152185e-06 -2.08510636786050997e-09  2.86337315293245534e-09  4.00000000000000000e+00 -2.50000000000000000e+00  1.65000000000000013e+00 -1.00000000000000006e-01  1.60000000000000009e+00 -8.00000000000000044e-01  2.30000000000000027e+00
 1.04727999999999703e-06  9.91564797224384505e-06 -9.10492704156573595e-04  7.68763253926996182e-04 -1.24338653069739252e-04 -1.30451559868400092e-06  5.25963407613382015e-06 -2.08510649909168142e-09  2.86337329383777454e-09  4.00000000000000000e+00 -2.50000000000000000e+00  1.65000000000000013e+00 -1.00000000000000006e-01  1.60000000000000009e+00 -8.00000000000000044e-01  2.30000000000000027e+00
 1.04827999999999710e-06  9.91564797201727221e-06 -9.10492704125613118e-04  7.68763253919890754e-04 -1.24338653069591204e-04 -1.30451559810035308e-06  5.25963407465244338e-06 -2.08510667321230494e-09  2.86337343742925938e-09  4.00000000000000000e+00 -2.50000000000000000e+00  1.65000000000000013e+00 -1.00000000000000006e-01  1.60000000000000009e+00 -8.00000000000000044e-01  2.30000000000000027e+00
 1.04927999999999718e-06  9.91564797272090925e-06 -9.10492704136719034e-04  7.68763253903089415e-04 -1.24338653066985894e-04 -1.30451559832395898e-06  5.25963407652505789e-06 -2.08510651847929571e-09  2.86337331159764131e-09  4.00000000000000000e+00 -2.50000000000000000e+00  1.65000000000000013e+00 -1.00000000000000006e-01  1.60000000000000009e+00 -8.00000000000000044e-01  2.30000000000000027e+00
 1.05027999999999725e-06  9.91564797355874512e-06 -9.10492704139657439e-04  7.68763253903015364e-04 -1.24338653066156940e-04 -1.30451559802853549e-06  5.25963407770547961e-06 -2.08510645009906124e-09  2.86337327857141022e-09  4.00000000000000000e+00 -2.50000000000000000e+00  1.65000000000000013e+00 -1.00000000000000006e-01  1.60000000000000009e+00 -8.00000000000000044e-01  2.30000000000000027e+00
 1.05127999999999733e-06  9.91564797382572651e-06 -9.10492704124747166e-04  7.68763253912785327e-04 -1.24338653066156940e-04 -1.30451559803720910e-06  5.25963407701733395e-06 -2.08510640611886689e-09  2.86337335144664588e-09  4.00000000000000000e+00 -2.50000000000000000e+00  1.65000000000000013e+00 -1.00000000000000006e-01  1.60000000000000009e+00 -8.00000000000000044e-01  2.30000000000000027e+00
 1.05227999999999740e-06  9.91564797329363227e-06 -9.10492704126527209e-04  7.68763253926478042e-04 -1.24338653067193139e-04 -1.30451559864418889e-06  5.25963407606292772e-06 -2.08510642614106107e-09  2.86337343617618373e-09  4.00000000000000000e+00 -2.50000000000000000e+00  1.65000000000000013e+00 -1.00000000000000006e-01  1.60000000000000009e+00 -8.00000000000000044e-01  2.30000000000000027e+00
 1.05327999999999748e-06  9.91564797261562136e-06 -9.10492704108674844e-04  7.68763253919668710e-04 -1.24338653067281935e-04 -1.30451559815222135e-06  5.25963407535782023e-06 -2.08510651094119837e-09  2.86337332913313825e-09  4.00000000000000000e+00 -2.50000000000000000e+00  1.65000000000000013e+00 -1.00000000000000006e-01  1.60000000000000009e+00 -8.00000000000000044e-01  2.30000000000000027e+00
 1.05427999999999755e-06  9.91564797290087326e-06 -9.10492704101872885e-04  7.68763253909010569e-04 -1.24338653065949695e-04 -1.30451559820955405e-06  5.25963407595799559e-06 -2.08510649825902404e-09  2.86337330001137128e-09  4.00000000000000000e+00 -2.50000000000000000e+00  1.65000000000000013e+00 -1.00000000000000006e-01  1.60000000000000009e+00 -8.00000000000000044e-01  2.30000000000000027e+00
 1.05527999999999763e-06  9.91564797360954507e-06 -9.10492704117612140e-04  7.68763253898944511e-04 -1.24338653065179938e-04 -1.30451559886788161e-06  5.25963407849362175e-06 -2.08510640905814649e-09  2.86337312887064854e-09  4.00000000000000000e+00 -2.50000000000000000e+00  1.65000000000000013e+00 -1.00000000000000006e-01  1.60000000000000009e+00 -8.00000000000000044e-01  2.30000000000000027e+00
 1.05627999999999770e-06  9.91564797398216503e-06 -9.10492704153316869e-04  7.68763253905161759e-04 -1.24338653066971094e-04 -1.30451559895982195e-06  5.25963407854716694e-06 -2.08510635831350815e-09  2.86337324127815097e-09  4.00000000000000000e+00 -2.50000000000000000e+00  1.65000000000000013e+00 -1.00000000000000006e-01  1.60000000000000009e+00 -8.00000000000000044e-01  2.30000000000000027e+00
 1.05727999999999778e-06  9.91564797370216135e-06 -9.10492704155648337e-04  7.68763253921075028e-04 -1.24338653069902099e-04 -1.30451559837712829e-06  5.25963407641654111e-06 -2.08510647359787113e-09  2.86337343877699302e-09  4.00000000000000000e+00 -2.50000000000000000e+00  1.65000000000000013e+00 -1.00000000000000006e-01  1.60000000000000009e+00 -8.00000000000000044e-01  2.30000000000000027e+00
 1.05827999999999785e-06  9.91564797307783030e-06 -9.10492704134073039e-04  7.68763253913673505e-04 -1.24338653070064920e-04 -1.30451559791916130e-06  5.25963407501611782e-06 -2.08510664110586559e-09  2.86337349014022887e-09  4.00000000000000000e+00 -2.50000000000000000e+00  1.65000000000000013e+00 -1.00000000000000006e-01  1.60000000000000009e+00 -8.00000000000000044e-01  2.30000000000000027e+00
 1.05927999999999793e-06  9.91564797282524338e-06 -9.10492704131652775e-04  7.68763253898648523e-04 -1.24338653067444782e-04 -1.30451559802142316e-06  5.25963407524926533e-06 -2.08510654858385127e-09  2.86337334248114913e-09  4.00000000000000000e+00 -2.50000000000000000e+00  1.65000000000000013e+00 -1.00000000000000006e-01  1.60000000000000009e+00 -8.00000000000000044e-01  2.30000000000000027e+00
 1.06027999999999800e-06  9.91564797264340574e-06 -9.10492704115436146e-04  7.68763253898574472e-04 -1.24338653065875671e-04 -1.30451559865962797e-06  5.25963407618879089e-06 -2.08510641791391029e-09  2.86337326016413854e-09  4.00000000000000000e+00 -2.50000000000000000e+00  1.65000000000000013e+00 -1.00000000000000006e-01  1.60000000000000009e+00 -8.00000000000000044e-01  2.30000000000000027e+00
 1.06127999999999808e-06  9.91564797260924321e-06 -9.10492704138488019e-04  7.68763253902127186e-04 -1.24338653066260535e-04 -1.30451559882702879e-06  5.25963407827277231e-06 -2.08510642065865231e-09  2.86337309912409014e-09  4.00000000000000000e+00 -2.50000000000000000e+00  1.65000000000000013e+00 -1.00000000000000006e-01  1.60000000000000009e+00 -8.00000000000000044e-01  2.30000000000000027e+00
 1.06227999999999815e-06  9.91564797265870654e-06 -9.10492704151877373e-04  7.68763253928772539e-04 -1.24338653068925098e-04 -1.30451559882182462e-06  5.25963407812524373e-06 -2.08510641457882352e-09  2.86337322558147240e-09  4.00000000000000000e+00 -2.50000000000000000e+00  1.65000000000000013e+00 -1.00000000000000006e-01  1.60000000000000009e+00 -8.00000000000000044e-01  2.30000000000000027e+00
 1.06327999999999823e-06  9.91564797295793957e-06 -9.10492704150015907e-04  7.68763253920556888e-04 -1.24338653069324789e-04 -1.30451559840661859e-06  5.25963407642001056e-06 -2.08510650082855308e-09  2.86337333941236779e-09  4.00000000000000000e+00 -2.50000000000000000e+00  1.65000000000000013e+00 -1.00000000000000006e-01  1.60000000000000009e+00 -8.00000000000000044e-01  2.30000000000000027e+00
 1.06427999999999830e-06  9.91564797313095282e-06 -9.10492704131852593e-04  7.68763253904495626e-04 -1.24338653069147142e-04 -1.30451559800849956e-06  5.25963407542343140e-06 -2.08510658685157229e-09  2.86337358434617737e-09  4.00000000000000000e+00 -2.50000000000000000e+00  1.65000000000000013e+00 -1.00000000000000006e-01  1.60000000000000009e+00 -8.00000000000000044e-01  2.30000000000000027e+00
 1.06527999999999838e-06  9.91564797372179896e-06 -9.10492704116324324e-04  7.68763253898278377e-04 -1.24338653066704652e-04 -1.30451559747914864e-06  5.25963407469588854e-06 -2.08510661052779422e-09  2.86337346788865805e-09  4.00000000000000000e+00 -2.50000000000000000e+00  1.65000000000000013e+00 -1.00000000000000006e-01  1.60000000000000009e+00 -8.00000000000000044e-01  2.30000000000000027e+00
 1.06627999999999845e-06  9.91564797432978735e-06 -9.10492704114385120e-04  7.68763253892431274e-04 -1.24338653064099314e-04 -1.30451559748981724e-06  5.25963407718059024e-06 -2.08510642761796972e-09  2.86337328598386585e-09  4.00000000000000000e+00 -2.50000000000000000e+00  1.65000000000000013e+00 -1.00000000000000006e-01  1.60000000000000009e+00 -8.00000000000000044e-01  2.30000000000000027e+00
 1.06727999999999853e-06  9.91564797377066429e-06 -9.10492704127049035e-04  7.68763253923813506e-04 -1.24338653065698051e-04 -1.30451559959490417e-06  5.25963407729500491e-06 -2.08510634164967843e-09  2.86337314015513952e-09  4.00000000000000000e+00 -2.50000000000000000e+00  1.65000000000000013e+00 -1.00000000000000006e-01  1.60000000000000009e+00 -8.00000000000000044e-01  2.30000000000000027e+00
 1.06827999999999860e-06  9.91564797297797359e-06 -9.10492704147269948e-04  7.68763253927884360e-04 -1.24338653068688254e-04 -1.30451559922983149e-06  5.25963407730657029e-06 -2.08510633545490090e-09  2.86337321210478737e-09  4.00000000000000000e+00 -2.50000000000000000e+00  1.65000000000000013e+00 -1.00000000000000006e-01  1.60000000000000009e+00 -8.00000000000000044e-01  2.30000000000000027e+00
 1.06927999999999868e-06  9.91564797196922342e-06 -9.10492704153720300e-04  7.68763253913155365e-04 -1.24338653069828076e-04 -1.30451559885912117e-06  5.25963407674128168e-06 -2.08510642549673038e-09  2.86337323145836235e-09  4.00000000000000000e+00 -2.50000000000000000e+00  1.65000000000000013e+00 -1.00000000000000006e-01  1.60000000000000009e+00 -8.00000000000000044e-01  2.30000000000000027e+00
 1.07027999999999876e-06  9.91564797159951386e-06 -9.10492704136034469e-04  7.68763253905161759e-04 -1.24338653069013894e-04 -1.30451559778558759e-06  5.25963407634564869e-06 -2.08510661724910777e-09  2.86337340585585563e-09  4.00000000000000000e+00 -2.50000000000000000e+00  1.65000000000000013e+00 -1.00000000000000006e-01  1.60000000000000009e+00 -8.00000000000000044e-01  2.30000000000000027e+00
 1.07127999999999883e-06  9.91564797222852223e-06 -9.10492704119573570e-04  7.68763253887398191e-04 -1.24338653066245763e-04 -1.30451559748348545e-06  5.25963407525774583e-06 -2.08510653831981455e-09  2.86337354278157209e-09  4.00000000000000000e+00 -2.50000000000000000e+00  1.65000000000000013e+00 -1.00000000000000006e-01  1.60000000000000009e+00 -8.00000000000000044e-01  2.30000000000000027e+00
 1.07227999999999891e-06  9.91564797354503504e-06 -9.10492704097853856e-04  7.68763253898352428e-04 -1.24338653064676624e-04 -1.30451559833558154e-06  5.25963407597727067e-06 -2.08510650728775006e-09  2.86337340512147145e-09  4.00000000000000000e+00 -2.50000000000000000e+00  1.65000000000000013e+00 -1.00000000000000006e-01  1.60000000000000009e+00 -8.00000000000000044e-01  2.30000000000000027e+00
 1.07327999999999898e-06  9.91564797429316842e-06 -9.10492704103623329e-04  7.68763253909824696e-04 -1.24338653064795046e-04 -1.30451559854001887e-06  5.25963407601420131e-06 -2.08510649895343720e-09  2.86337323223034520e-09  4.00000000000000000e+00 -2.50000000000000000e+00  1.65000000000000013e+00 -1.00000000000000006e-01  1.60000000000000009e+00 -8.00000000000000044e-01  2.30000000000000027e+00
 1.07427999999999906e-06  9.91564797362810695e-06 -9.10492704129561891e-04  7.68763253903903543e-04 -1.24338653065727677e-04 -1.30451559864176023e-06  5.25963407794409981e-06 -2.08510635276600772e-09  2.86337314070445982e-09  4.00000000000000000e+00 -2.50000000000000000e+00  1.65000000000000013e+00 -1.00000000000000006e-01  1.60000000000000009e+00 -8.00000000000000044e-01  2.30000000000000027e+00
 1.07527999999999913e-06  9.91564797231613084e-06 -9.10492704142769750e-04  7.68763253945055846e-04 -1.24338653068318188e-04 -1.30451559849925287e-06  5.25963407866439545e-06 -2.08510634768539740e-09  2.86337320920979419e-09  4.00000000000000000e+00 -2.50000000000000000e+00  1.65000000000000013e+00 -1.00000000000000006e-01  1.60000000000000009e+00 -8.00000000000000044e-01  2.30000000000000027e+00
 1.07627999999999921e-06  9.91564797153928982e-06 -9.10492704159086342e-04  7.68763253945647929e-04 -1.24338653071263966e-04 -1.30451559958371508e-06  5.25963407754360992e-06 -2.08510645415054391e-09  2.86337330032708833e-09  4.00000000000000000e+00 -2.50000000000000000e+00  1.65000000000000013e+00 -1.00000000000000006e-01  1.60000000000000009e+00 -8.00000000000000044e-01  2.30000000000000027e+00
 1.07727999999999928e-06  9.91564797287743247e-06 -9.10492704162561427e-04  7.68763253931733169e-04 -1.24338653072211342e-04 -1.30451559858017755e-06  5.25963407527089093e-06 -2.08510663873065865e-09  2.86337349203327803e-09  4.00000000000000000e+00 -2.50000000000000000e+00  1.65000000000000013e+00 -1.00000000000000006e-01  1.60000000000000009e+00 -8.00000000000000044e-01  2.30000000000000027e+00
 1.07827999999999936e-06  9.91564797406559439e-06 -9.10492704145845089e-04  7.68763253905457855e-04 -1.24338653069132316e-04 -1.30451559727644625e-06  5.25963407505513046e-06 -2.08510660180098954e-09  2.86337340747870624e-09  4.00000000000000000e+00 -2.50000000000000000e+00  1.65000000000000013e+00 -1.00000000000000006e-01  1.60000000000000009e+00 -8.00000000000000044e-01  2.30000000000000027e+00
 1.07927999999999943e-06  9.91564797374714388e-06 -9.10492704118696450e-04  7.68763253894503618e-04 -1.24338653064928295e-04 -1.30451559719049062e-06  5.25963407623454930e-06 -2.08510643018348817e-09  2.86337327059161249e-09  4.00000000000000000e+00 -2.50000000000000000e+00  1.65000000000000013e+00 -1.00000000000000006e-01  1.60000000000000009e+00 -8.00000000000000044e-01  2.30000000000000027e+00
 1.08027999999999951e-06  9.91564797322304055e-06 -9.10492704124539975e-04  7.68763253898944511e-04 -1.24338653063877269e-04 -1.30451559860697916e-06  5.25963407723294026e-06 -2.08510634579849709e-09  2.86337332050514236e-09  4.00000000000000000e+00 -2.50000000000000000e+00  1.65000000000000013e+00 -1.00000000000000006e-01  1.60000000000000009e+00 -8.00000000000000044e-01  2.30000000000000027e+00
 1.08127999999999958e-06  9.91564797295667240e-06 -9.10492704119351525e-04  7.68763253919372614e-04 -1.24338653066956295e-04 -1.30451559956688835e-06  5.25963407658465513e-06 -2.08510649875430546e-09  2.86337337844516387e-09  4.00000000000000000e+00 -2.50000000000000000e+00  1.65000000000000013e+00 -1.00000000000000006e-01  1.60000000000000009e+00 -8.00000000000000044e-01  2.30000000000000027e+00
 1.08227999999999966e-06  9.91564797324366919e-06 -9.10492704121142627e-04  7.68763253916338041e-04 -1.24338653068288563e-04 -1.30451559806479125e-06  5.25963407679178094e-06 -2.08510649345267331e-09  2.86337331598242565e-09  4.00000000000000000e+00 -2.50000000000000000e+00  1.65000000000000013e+00 -1.00000000000000006e-01  1.60000000000000009e+00 -8.00000000000000044e-01  2.30000000000000027e+00
 1.08327999999999973e-06  9.91564797241090536e-06 -9.10492704133580811e-04  7.68763253913451461e-04 -1.24338653068688227e-04 -1.30451559814545589e-06  5.25963407632714525e-06 -2.08510646426994023e-09  2.86337330225525544e-09  4.00000000000000000e+00 -2.50000000000000000e+00  1.65000000000000013e+00 -1.00000000000000006e-01  1.60000000000000009e+00 -8.00000000000000044e-01  2.30000000000000027e+00
 1.08427999999999981e-06  9.91564797182290525e-06 -9.10492704144679355e-04  7.68763253903015364e-04 -1.24338653068022120e-04 -1.30451559866231688e-06  5.25963407662648161e-06 -2.08510643486737109e-09  2.86337323171594888e-09  4.00000000000000000e+00 -2.50000000000000000e+00  1.65000000000000013e+00 -1.00000000000000006e-01  1.60000000000000009e+00 -8.00000000000000044e-01  2.30000000000000027e+00
 1.08527999999999988e-06  9.91564797245841036e-06 -9.10492704139590869e-04  7.68763253920852984e-04 -1.24338653068332961e-04 -1.30451559869284797e-06  5.25963407736219664e-06 -2.08510649129706297e-09  2.86337327875778642e-09  4.00000000000000000e+00 -2.50000000000000000e+00  1.65000000000000013e+00 -1.00000000000000006e-01  1.60000000000000009e+00 -8.00000000000000044e-01  2.30000000000000027e+00
 1.08627999999999996e-06  9.91564797412894229e-06 -9.10492704136012243e-04  7.68763253939134584e-04 -1.24338653068332961e-04 -1.30451559825630476e-06  5.25963407727272371e-06 -2.08510652849072470e-09  2.86337332811750397e-09  4.00000000000000000e+00 -2.50000000000000000e+00  1.65000000000000013e+00 -1.00000000000000006e-01  1.60000000000000009e+00 -8.00000000000000044e-01  2.30000000000000027e+00
 1.08728000000000003e-06  9.91564797414988602e-06 -9.10492704127252540e-04  7.68763253912267187e-04 -1.24338653068614230e-04 -1.30451559770206061e-06  5.25963407531981047e-06 -2.08510650219866155e-09  2.86337348724119905e-09  4.00000000000000000e+00 -2.50000000000000000e+00  1.65000000000000013e+00 -1.00000000000000006e-01  1.60000000000000009e+00 -8.00000000000000044e-01  2.30000000000000027e+00
 1.08828000000000011e-06  9.91564797300813304e-06 -9.10492704087055094e-04  7.68763253898056332e-04 -1.24338653066837873e-04 -1.30451559767257031e-06  5.25963407366415159e-06 -2.08510660827271954e-09  2.86337344536219525e-09  4.00000000000000000e+00 -2.50000000000000000e+00  1.65000000000000013e+00 -1.00000000000000006e-01  1.60000000000000009e+00 -8.00000000000000044e-01  2.30000000000000027e+00
 1.08928000000000018e-06  9.91564797236874853e-06 -9.10492704110632588e-04  7.68763253905383804e-04 -1.24338653064410182e-04 -1.30451559817668091e-06  5.25963407690858594e-06 -2.08510631430142723e-09  2.86337324883295322e-09  4.00000000000000000e+00 -2.50000000000000000e+00  1.65000000000000013e+00 -1.00000000000000006e-01  1.60000000000000009e+00 -8.00000000000000044e-01  2.30000000000000027e+00
 1.09028000000000026e-06  9.91564797292946571e-06 -9.10492704102257777e-04  7.68763253906568078e-04 -1.24338653064158511e-04 -1.30451559870221552e-06  5.25963407697693387e-06 -2.08510637847867057e-09  2.86337320076678195e-09  4.00000000000000000e+00 -2.50000000000000000e+00  1.65000000000000013e+00 -1.00000000000000006e-01  1.60000000000000009e+00 -8.00000000000000044e-01  2.30000000000000027e+00
 1.09128000000000033e-06  9.91564797344002837e-06 -9.10492704121949382e-04  7.68763253927662316e-04 -1.24338653065091088e-04 -1.30451559947581537e-06  5.25963407813021666e-06 -2.08510646661397322e-09  2.86337305486907000e-09  4.00000000000000000e+00 -2.50000000000000000e+00  1.65000000000000013e+00 -1.00000000000000006e-01  1.60000000000000009e+00 -8.00000000000000044e-01  2.30000000000000027e+00
 1.09228000000000041e-06  9.91564797336743764e-06 -9.10492704143191721e-04  7.68763253935285883e-04 -1.24338653067326360e-04 -1.30451559889312171e-06  5.25963407808596173e-06 -2.08510647482516397e-09  2.86337330076639734e-09  4.00000000000000000e+00 -2.50000000000000000e+00  1.65000000000000013e+00 -1.00000000000000006e-01  1.60000000000000009e+00 -8.00000000000000044e-01  2.30000000000000027e+00
 1.09328000000000048e-06  9.91564797310913156e-06 -9.10492704155559541e-04  7.68763253931215029e-04 -1.24338653069102717e-04 -1.30451559806652597e-06  5.25963407696162968e-06 -2.08510644391811831e-09  2.86337343056493126e-09  4.00000000000000000e+00 -2.50000000000000000e+00  1.65000000000000013e+00 -1.00000000000000006e-01  1.60000000000000009e+00 -8.00000000000000044e-01  2.30000000000000027e+00
 1.09428000000000056e-06  9.91564797303069292e-06 -9.10492704157972433e-04  7.68763253928180456e-04 -1.24338653069532007e-04 -1.30451559852978396e-06  5.25963407538854381e-06 -2.08510656109564211e-09  2.86337342569307195e-09  4.00000000000000000e+00 -2.50000000000000000e+00  1.65000000000000013e+00 -1.00000000000000006e-01  1.60000000000000009e+00 -8.00000000000000044e-01  2.30000000000000027e+00
 1.09528000000000063e-06  9.91564797342433115e-06 -9.10492704137207576e-04  7.68763253902423282e-04 -1.24338653068747451e-04 -1.30451559834859197e-06  5.25963407578914973e-06 -2.08510658847144008e-09  2.86337335140180772e-09  4.00000000000000000e+00 -2.50000000000000000e+00  1.65000000000000013e+00 -1.00000000000000006e-01  1.60000000000000009e+00 -8.00000000000000044e-01  2.30000000000000027e+00
 1.09628000000000071e-06  9.91564797363691609e-06 -9.10492704133244058e-04  7.68763253899240606e-04 -1.24338653066749050e-04 -1.30451559719300609e-06  5.25963407606847833e-06 -2.08510649915022967e-09  2.86337337295372148e-09  4.00000000000000000e+00 -2.50000000000000000e+00  1.65000000000000013e+00 -1.00000000000000006e-01  1.60000000000000009e+00 -8.00000000000000044e-01  2.30000000000000027e+00
 1.09728000000000078e-06  9.91564797331554332e-06 -9.10492704125609432e-04  7.68763253894503618e-04 -1.24338653065712851e-04 -1.30451559834390830e-06  5.25963407640304872e-06 -2.08510638957388979e-09  2.86337337824236400e-09  4.00000000000000000e+00 -2.50000000000000000e+00  1.65000000000000013e+00 -1.00000000000000006e-01  1.60000000000000009e+00 -8.00000000000000044e-01  2.30000000000000027e+00
 1.09828000000000086e-06  9.91564797279178389e-06 -9.10492704121409124e-04  7.68763253902127186e-04 -1.24338653066156940e-04 -1.30451559926357199e-06  5.25963407627124870e-06 -2.08510648040345247e-09  2.86337326425871607e-09  4.00000000000000000e+00 -2.50000000000000000e+00  1.65000000000000013e+00 -1.00000000000000006e-01  1.60000000000000009e+00 -8.00000000000000044e-01  2.30000000000000027e+00
 1.09928000000000093e-06  9.91564797290398865e-06 -9.10492704107176043e-04  7.68763253910120792e-04 -1.24338653067311561e-04 -1.30451559820981409e-06  5.25963407697570059e-06 -2.08510647343733646e-09  2.86337328102497763e-09  4.00000000000000000e+00 -2.50000000000000000e+00  1.65000000000000013e+00 -1.00000000000000006e-01  1.60000000000000009e+00 -8.00000000000000044e-01  2.30000000000000027e+00
 1.10028000000000101e-06  9.91564797352455717e-06 -9.10492704118563202e-04  7.68763253909898747e-04 -1.24338653066601029e-04 -1.30451559815569080e-06  5.25963407641769731e-06 -2.08510647881007927e-09  2.86337329842398769e-09  4.00000000000000000e+00 -2.50000000000000000e+00  1.65000000000000013e+00 -1.00000000000000006e-01  1.60000000000000009e+00 -8.00000000000000044e-01  2.30000000000000027e+00
 1.10128000000000108e-06  9.91564797352870086e-06 -9.10492704133362561e-04  7.68763253902793320e-04 -1.24338653065831273e-04 -1.30451559852111034e-06  5.25963407650925225e-06 -2.08510640299010668e-09  2.86337327933593355e-09  4.00000000000000000e+00 -2.50000000000000000e+00  1.65000000000000013e+00 -1.00000000000000006e-01  1.60000000000000009e+00 -8.00000000000000044e-01  2.30000000000000027e+00
 1.10228000000000116e-06  9.91564797306992918e-06 -9.10492704130464814e-04  7.68763253924035551e-04 -1.24338653066334559e-04 -1.30451559856777445e-06  5.25963407681344550e-06 -2.08510646450249338e-09  2.86337328760980597e-09  4.00000000000000000e+00 -2.50000000000000000e+00  1.65000000000000013e+00 -1.00000000000000006e-01  1.60000000000000009e+00 -8.00000000000000044e-01  2.30000000000000027e+00
 1.10328000000000123e-06  9.91564797323237655e-06 -9.10492704127400642e-04  7.68763253923221423e-04 -1.24338653067814875e-04 -1.30451559825136084e-06  5.25963407658303645e-06 -2.08510660058164011e-09  2.86337334216407591e-09  4.00000000000000000e+00 -2.50000000000000000e+00  1.65000000000000013e+00 -1.00000000000000006e-01  1.60000000000000009e+00 -8.00000000000000044e-01  2.30000000000000027e+00
 1.10428000000000131e-06  9.91564797347555462e-06 -9.10492704087743454e-04  7.68763253912489231e-04 -1.24338653066630628e-04 -1.30451559767794791e-06  5.25963407575715306e-06 -2.08510648796567742e-09  2.86337338182412182e-09  4.00000000000000000e+00 -2.50000000000000000e+00  1.65000000000000013e+00 -1.00000000000000006e-01  1.60000000000000009e+00 -8.00000000000000044e-01  2.30000000000000027e+00
 1.10528000000000138e-06  9.91564797349394540e-06 -9.10492704119647512e-04  7.68763253895021759e-04 -1.24338653065920069e-04 -1.30451559913502902e-06  5.25963407649649255e-06 -2.08510639623226111e-09  2.86337326223525073e-09  4.00000000000000000e+00 -2.50000000000000000e+00  1.65000000000000013e+00 -1.00000000000000006e-01  1.60000000000000009e+00 -8.00000000000000044e-01  2.30000000000000027e+00
 1.10628000000000146e-06  9.91564797274135663e-06 -9.10492704135005670e-04  7.68763253899462651e-04 -1.24338653066304961e-04 -1.30451559838033749e-06  5.25963407693429847e-06 -2.08510637476901078e-09  2.86337331223301694e-09  4.00000000000000000e+00 -2.50000000000000000e+00  1.65000000000000013e+00 -1.00000000000000006e-01  1.60000000000000009e+00 -8.00000000000000044e-01  2.30000000000000027e+00
 1.10728000000000153e-06  9.91564797224455656e-06 -9.10492704144705268e-04  7.68763253924331647e-04 -1.24338653067563231e-04 -1.30451559894767889e-06  5.25963407773099902e-06 -2.08510648398420402e-09  2.86337319802769784e-09  4.00000000000000000e+00 -2.50000000000000000e+00  1.65000000000000013e+00 -1.00000000000000006e-01  1.60000000000000009e+00 -8.00000000000000044e-01  2.30000000000000027e+00
 1.10828000000000161e-06  9.91564797283357480e-06 -9.10492704159275102e-04  7.68763253924331647e-04 -1.24338653068525407e-04 -1.30451559867116392e-06  5.25963407793484851e-06 -2.08510638317396527e-09  2.86337330147470093e-09  4.00000000000000000e+00 -2.50000000000000000e+00  1.65000000000000013e+00 -1.00000000000000006e-01  1.60000000000000009e+00 -8.00000000000000044e-01  2.30000000000000027e+00
 1.10928000000000169e-06  9.91564797355753386e-06 -9.10492704162827815e-04  7.68763253934989788e-04 -1.24338653070583033e-04 -1.30451559835952081e-06  5.25963407681217410e-06 -2.08510650550934607e-09  2.86337353603226261e-09  4.00000000000000000e+00 -2.50000000000000000e+00  1.65000000000000013e+00 -1.00000000000000006e-01  1.60000000000000009e+00 -8.00000000000000044e-01  2.30000000000000027e+00
 1.11028000000000176e-06  9.91564797345036048e-06 -9.10492704132881392e-04  7.68763253927662316e-04 -1.24338653069532007e-04 -1.30451559777491900e-06  5.25963407401888306e-06 -2.08510669541697173e-09  2.86337342656797592e-09  4.00000000000000000e+00 -2.50000000000000000e+00  1.65000000000000013e+00 -1.00000000000000006e-01  1.60000000000000009e+00 -8.00000000000000044e-01  2.30000000000000027e+00
 1.11128000000000184e-06  9.91564797264641948e-06 -9.10492704111950002e-04  7.68763253901609046e-04 -1.24338653066438182e-04 -1.30451559743604081e-06  5.25963407531260137e-06 -2.08510649417415595e-09  2.86337332925669587e-09  4.00000000000000000e+00 -2.50000000000000000e+00  1.65000000000000013e+00 -1.00000000000000006e-01  1.60000000000000009e+00 -8.00000000000000044e-01  2.30000000000000027e+00
 1.11228000000000191e-06  9.91564797248449389e-06 -9.10492704106861516e-04  7.68763253901609046e-04 -1.24338653064780247e-04 -1.30451559851677353e-06  5.25963407552362100e-06 -2.08510642946112912e-09  2.86337327747466426e-09  4.00000000000000000e+00 -2.50000000000000000e+00  1.65000000000000013e+00 -1.00000000000000006e-01  1.60000000000000009e+00 -8.00000000000000044e-01  2.30000000000000027e+00
 1.11328000000000199e-06  9.91564797316087341e-06 -9.10492704094312310e-04  7.68763253905383804e-04 -1.24338653064410182e-04 -1.30451559842032295e-06  5.25963407662050579e-06 -2.08510642097323778e-09  2.86337320868606603e-09  4.00000000000000000e+00 -2.50000000000000000e+00  1.65000000000000013e+00 -1.00000000000000006e-01  1.60000000000000009e+00 -8.00000000000000044e-01  2.30000000000000027e+00
 1.11428000000000206e-06  9.91564797334885543e-06 -9.10492704131689746e-04  7.68763253909010569e-04 -1.24338653065165139e-04 -1.30451559865529116e-06  5.25963407887048111e-06 -2.08510636257934971e-09  2.86337316162970899e-09  4.00000000000000000e+00 -2.50000000000000000e+00  1.65000000000000013e+00 -1.00000000000000006e-01  1.60000000000000009e+00 -8.00000000000000044e-01  2.30000000000000027e+00
 1.11528000000000214e-06  9.91564797308726117e-06 -9.10492704145167897e-04  7.68763253944759750e-04 -1.24338653068451410e-04 -1.30451559956636785e-06  5.25963407868286077e-06 -2.08510636085763489e-09  2.86337328782017620e-09  4.00000000000000000e+00 -2.50000000000000000e+00  1.65000000000000013e+00 -1.00000000000000006e-01  1.60000000000000009e+00 -8.00000000000000044e-01  2.30000000000000027e+00
 1.11628000000000221e-06  9.91564797262775596e-06 -9.10492704164630085e-04  7.68763253906346034e-04 -1.24338653071086319e-04 -1.30451559895366360e-06  5.25963407561652527e-06 -2.08510659005000551e-09  2.86337338412985634e-09  4.00000000000000000e+00 -2.50000000000000000e+00  1.65000000000000013e+00 -1.00000000000000006e-01  1.60000000000000009e+00 -8.00000000000000044e-01  2.30000000000000027e+00
 1.11728000000000229e-06  9.91564797273845300e-06 -9.10492704132411391e-04  7.68763253910194843e-04 -1.24338653070938299e-04 -1.30451559748261809e-06  5.25963407542181187e-06 -2.08510663389326259e-09  2.86337345494083879e-09  4.00000000000000000e+00 -2.50000000000000000e+00  1.65000000000000013e+00 -1.00000000000000006e-01  1.60000000000000009e+00 -8.00000000000000044e-01  2.30000000000000027e+00
 1.11828000000000236e-06  9.91564797317474781e-06 -9.10492704129535978e-04  7.68763253899240606e-04 -1.24338653067977695e-04 -1.30451559743421926e-06  5.25963407529136118e-06 -2.08510662887199544e-09  2.86337342383023102e-09  4.00000000000000000e+00 -2.50000000000000000e+00  1.65000000000000013e+00 -1.00000000000000006e-01  1.60000000000000009e+00 -8.00000000000000044e-01  2.30000000000000027e+00
 1.11928000000000244e-06  9.91564797409962309e-06 -9.10492704113245298e-04  7.68763253899462651e-04 -1.24338653065150339e-04 -1.30451559818891080e-06  5.25963407677967684e-06 -2.08510640040217908e-09  2.86337326384180381e-09  4.00000000000000000e+00 -2.50000000000000000e+00  1.65000000000000013e+00 -1.00000000000000006e-01  1.60000000000000009e+00 -8.00000000000000044e-01  2.30000000000000027e+00
 1.12028000000000251e-06  9.91564797357726126e-06 -9.10492704106409946e-04  7.68763253894503618e-04 -1.24338653065076316e-04 -1.30451559898697021e-06  5.25963407730306188e-06 -2.08510626314276679e-09  2.86337325626854137e-09  4.00000000000000000e+00 -2.50000000000000000e+00  1.65000000000000013e+00 -1.00000000000000006e-01  1.60000000000000009e+00 -8.00000000000000044e-01  2.30000000000000027e+00
 1.12128000000000259e-06  9.91564797265374123e-06 -9.10492704123011575e-04  7.68763253905753951e-04 -1.24338653066985894e-04 -1.30451559841008804e-06  5.25963407572727736e-06 -2.08510650484132369e-09  2.86337347497778325e-09  4.00000000000000000e+00 -2.50000000000000000e+00  1.65000000000000013e+00 -1.00000000000000006e-01  1.60000000000000009e+00 -8.00000000000000044e-01  2.30000000000000027e+00
 1.12228000000000266e-06  9.91564797222059738e-06 -9.10492704130546238e-04  7.68763253898278377e-04 -1.24338653066364158e-04 -1.30451559786599198e-06  5.25963407638859241e-06 -2.08510654333216386e-09  2.86337331802332466e-09  4.00000000000000000e+00 -2.50000000000000000e+00  1.65000000000000013e+00 -1.00000000000000006e-01  1.60000000000000009e+00 -8.00000000000000044e-01  2.30000000000000027e+00
 1.12328000000000274e-06  9.91564797284216033e-06 -9.10492704110025652e-04  7.68763253917226219e-04 -1.24338653065416809e-04 -1.30451559870065422e-06  5.25963407760324613e-06 -2.08510632377351296e-09  2.86337315698083070e-09  4.00000000000000000e+00 -2.50000000000000000e+00  1.65000000000000013e+00 -1.00000000000000006e-01  1.60000000000000009e+00 -8.00000000000000044e-01  2.30000000000000027e+00
 1.12428000000000281e-06  9.91564797411473077e-06 -9.10492704135153663e-04  7.68763253917226219e-04 -1.24338653066290134e-04 -1.30451559893648979e-06  5.25963407712820210e-06 -2.08510647980489258e-09  2.86337314195113681e-09  4.00000000000000000e+00 -2.50000000000000000e+00  1.65000000000000013e+00 -1.00000000000000006e-01  1.60000000000000009e+00 -8.00000000000000044e-01  2.30000000000000027e+00
 1.12528000000000289e-06  9.91564797391502242e-06 -9.10492704141337627e-04  7.68763253925219825e-04 -1.24338653068629029e-04 -1.30451559850636519e-06  5.25963407705515059e-06 -2.08510652816507031e-09  2.86337335970144600e-09  4.00000000000000000e+00 -2.50000000000000000e+00  1.65000000000000013e+00 -1.00000000000000006e-01  1.60000000000000009e+00 -8.00000000000000044e-01  2.30000000000000027e+00
 1.12628000000000296e-06  9.91564797313326353e-06 -9.10492704127430241e-04  7.68763253916338041e-04 -1.24338653068525407e-04 -1.30451559807008224e-06  5.25963407514317700e-06 -2.08510651382459365e-09  2.86337343713187099e-09  4.00000000000000000e+00 -2.50000000000000000e+00  1.65000000000000013e+00 -1.00000000000000006e-01  1.60000000000000009e+00 -8.00000000000000044e-01  2.30000000000000027e+00
 1.12728000000000304e-06  9.91564797216321768e-06 -9.10492704123796103e-04  7.68763253903015364e-04 -1.24338653067385558e-04 -1.30451559800659140e-06  5.25963407587145254e-06 -2.08510652519455761e-09  2.86337339086153158e-09  4.00000000000000000e+00 -2.50000000000000000e+00  1.65000000000000013e+00 -1.00000000000000006e-01  1.60000000000000009e+00 -8.00000000000000044e-01  2.30000000000000027e+00
 1.12828000000000311e-06  9.91564797263089337e-06 -9.10492704117293926e-04  7.68763253898870568e-04 -1.24338653066941496e-04 -1.30451559847939016e-06  5.25963407667682671e-06 -2.08510647506665934e-09  2.86337333771049910e-09  4.00000000000000000e+00 -2.50000000000000000e+00  1.65000000000000013e+00 -1.00000000000000006e-01  1.60000000000000009e+00 -8.00000000000000044e-01  2.30000000000000027e+00
 1.12928000000000319e-06  9.91564797366254223e-06 -9.10492704118974006e-04  7.68763253895909937e-04 -1.24338653066719451e-04 -1.30451559844634380e-06  5.25963407734573625e-06 -2.08510643758056321e-09  2.86337327056396067e-09  4.00000000000000000e+00 -2.50000000000000000e+00  1.65000000000000013e+00 -1.00000000000000006e-01  1.60000000000000009e+00 -8.00000000000000044e-01  2.30000000000000027e+00
 1.13028000000000326e-06  9.91564797397272400e-06 -9.10492704121682993e-04  7.68763253912489231e-04 -1.24338653067237564e-04 -1.30451559880204873e-06  5.25963407635509310e-06 -2.08510651708322659e-09  2.86337327295969783e-09  4.00000000000000000e+00 -2.50000000000000000e+00  1.65000000000000013e+00 -1.00000000000000006e-01  1.60000000000000009e+00 -8.00000000000000044e-01  2.30000000000000027e+00
 1.13128000000000334e-06  9.91564797309712571e-06 -9.10492704130542552e-04  7.68763253891172949e-04 -1.24338653067133942e-04 -1.30451559809081210e-06  5.25963407570919829e-06 -2.08510648631493925e-09  2.86337332373906493e-09  4.00000000000000000e+00 -2.50000000000000000e+00  1.65000000000000013e+00 -1.00000000000000006e-01  1.60000000000000009e+00 -8.00000000000000044e-01  2.30000000000000027e+00
 1.13228000000000341e-06  9.91564797242159153e-06 -9.10492704123825702e-04  7.68763253890950905e-04 -1.24338653066334559e-04 -1.30451559800060648e-06  5.25963407673148998e-06 -2.08510644011826233e-09  2.86337332711045996e-09  4.00000000000000000e+00 -2.50000000000000000e+00  1.65000000000000013e+00 -1.00000000000000006e-01  1.60000000000000009e+00 -8.00000000000000044e-01  2.30000000000000027e+00
 1.13328000000000349e-06  9.91564797282955309e-06 -9.10492704117793527e-04  7.68763253916338041e-04 -1.24338653065668453e-04 -1.30451559811093485e-06  5.25963407665793787e-06 -2.08510644028079216e-09  2.86337333396643439e-09  4.00000000000000000e+00 -2.50000000000000000e+00  1.65000000000000013e+00 -1.00000000000000006e-01  1.60000000000000009e+00 -8.00000000000000044e-01  2.30000000000000027e+00
 1.13428000000000356e-06  9.91564797403766602e-06 -9.10492704116357609e-04  7.68763253926774137e-04 -1.24338653066245763e-04 -1.30451559901975652e-06  5.25963407706074016e-06 -2.08510654793102585e-09  2.86337329169217473e-09  4.00000000000000000e+00 -2.50000000000000000e+00  1.65000000000000013e+00 -1.00000000000000006e-01  1.60000000000000009e+00 -8.00000000000000044e-01  2.30000000000000027e+00
 1.13528000000000364e-06  9.91564797386846102e-06 -9.10492704125146911e-04  7.68763253938616552e-04 -1.24338653067518806e-04 -1.30451559831528536e-06  5.25963407779946300e-06 -2.08510642039674832e-09  2.86337327119570084e-09  4.00000000000000000e+00 -2.50000000000000000e+00  1.65000000000000013e+00 -1.00000000000000006e-01  1.60000000000000009e+00 -8.00000000000000044e-01  2.30000000000000027e+00
 1.13628000000000371e-06  9.91564797260627859e-06 -9.10492704125898155e-04  7.68763253927366220e-04 -1.24338653069606004e-04 -1.30451559855910083e-06  5.25963407623300770e-06 -2.08510643273076150e-09  2.86337345401349984e-09  4.00000000000000000e+00 -2.50000000000000000e+00  1.65000000000000013e+00 -1.00000000000000006e-01  1.60000000000000009e+00 -8.00000000000000044e-01  2.30000000000000027e+00
 1.13728000000000379e-06  9.91564797181951204e-06 -9.10492704111313467e-04  7.68763253897760345e-04 -1.24338653068421784e-04 -1.30451559815308872e-06  5.25963407484295379e-06 -2.08510654888389532e-09  2.86337340886113556e-09  4.00000000000000000e+00 -2.50000000000000000e+00  1.65000000000000013e+00 -1.00000000000000006e-01  1.60000000000000009e+00 -8.00000000000000044e-01  2.30000000000000027e+00
 1.13828000000000386e-06  9.91564797235251430e-06 -9.10492704102313288e-04  7.68763253902423282e-04 -1.24338653066615828e-04 -1.30451559827018255e-06  5.25963407531499170e-06 -2.08510652474899760e-09  2.86337335010956839e-09  4.00000000000000000e+00 -2.50000000000000000e+00  1.65000000000000013e+00 -1.00000000000000006e-01  1.60000000000000009e+00 -8.00000000000000044e-01  2.30000000000000027e+00
 1.13928000000000394e-06  9.91564797308121505e-06 -9.10492704107198269e-04  7.68763253892135179e-04 -1.24338653064232535e-04 -1.30451559776641881e-06  5.25963407710669085e-06 -2.08510643784660186e-09  2.86337320143553927e-09  4.00000000000000000e+00 -2.50000000000000000e+00  1.65000000000000013e+00 -1.00000000000000006e-01  1.60000000000000009e+00 -8.00000000000000044e-01  2.30000000000000027e+00
 1.14028000000000401e-06  9.91564797380117950e-06 -9.10492704122715479e-04  7.68763253911305066e-04 -1.24338653063329585e-04 -1.30451559869267454e-06  5.25963407850576481e-06 -2.08510631394203380e-09  2.86337310725120294e-09  4.00000000000000000e+00 -2.50000000000000000e+00  1.65000000000000013e+00 -1.00000000000000006e-01  1.60000000000000009e+00 -8.00000000000000044e-01  2.30000000000000027e+00
 1.14128000000000409e-06  9.91564797406399519e-06 -9.10492704144590559e-04  7.68763253946832203e-04 -1.24338653068688254e-04 -1.30451560011540783e-06  5.25963407857943296e-06 -2.08510635054221867e-09  2.86337336160639166e-09  4.00000000000000000e+00 -2.50000000000000000e+00  1.65000000000000013e+00 -1.00000000000000006e-01  1.60000000000000009e+00 -8.00000000000000044e-01  2.30000000000000027e+00
 1.14228000000000416e-06  9.91564797344939316e-06 -9.10492704132996101e-04  7.68763253927958411e-04 -1.24338653071086319e-04 -1.30451559805446973e-06  5.25963407530928609e-06 -2.08510655902651102e-09  2.86337341576974638e-09  4.00000000000000000e+00 -2.50000000000000000e+00  1.65000000000000013e+00 -1.00000000000000006e-01  1.60000000000000009e+00 -8.00000000000000044e-01  2.30000000000000027e+00
 1.14328000000000424e-06  9.91564797250388586e-06 -9.10492704124928553e-04  7.68763253905457855e-04 -1.24338653070094518e-04 -1.30451559795125368e-06  5.25963407470560232e-06 -2.08510663812973509e-09  2.86337338599459896e-09  4.00000000000000000e+00 -2.50000000000000000e+00  1.65000000000000013e+00 -1.00000000000000006e-01  1.60000000000000009e+00 -8.00000000000000044e-01  2.30000000000000027e+00
 1.14428000000000431e-06  9.91564797241618915e-06 -9.10492704119255248e-04  7.68763253899462651e-04 -1.24338653067385558e-04 -1.30451559775869938e-06  5.25963407555754467e-06 -2.08510656431196476e-09  2.86337338902779375e-09  4.00000000000000000e+00 -2.50000000000000000e+00  1.65000000000000013e+00 -1.00000000000000006e-01  1.60000000000000009e+00 -8.00000000000000044e-01  2.30000000000000027e+00
 1.14528000000000439e-06  9.91564797320205446e-06 -9.10492704117349437e-04  7.68763253894725663e-04 -1.24338653063995691e-04 -1.30451559749415405e-06  5.25963407670199968e-06 -2.08510646516036005e-09  2.86337329773617130e-09  4.00000000000000000e+00 -2.50000000000000000e+00  1.65000000000000013e+00 -1.00000000000000006e-01  1.60000000000000009e+00 -8.00000000000000044e-01  2.30000000000000027e+00
 1.14628000000000446e-06  9.91564797409390392e-06 -9.10492704124532494e-04  7.68763253895909937e-04 -1.24338653063832871e-04 -1.30451559860680573e-06  5.25963407782876018e-06 -2.08510634598429509e-09  2.86337327997508526e-09  4.00000000000000000e+00 -2.50000000000000000e+00  1.65000000000000013e+00 -1.00000000000000006e-01  1.60000000000000009e+00 -8.00000000000000044e-01  2.30000000000000027e+00
 1.14728000000000454e-06  9.91564797416003348e-06 -9.10492704121527519e-04  7.68763253927884360e-04 -1.24338653067311561e-04 -1.30451559934779269e-06  5.25963407695681091e-06 -2.08510645769839641e-09  2.86337326859695744e-09  4.00000000000000000e+00 -2.50000000000000000e+00  1.65000000000000013e+00 -1.00000000000000006e-01  1.60000000000000009e+00 -8.00000000000000044e-01  2.30000000000000027e+00
 1.14828000000000462e-06  9.91564797334337513e-06 -9.10492704115158590e-04  7.68763253923443468e-04 -1.24338653069013894e-04 -1.30451559829897892e-06  5.25963407610375132e-06 -2.08510656447923350e-09  2.86337331363636070e-09  4.00000000000000000e+00 -2.50000000000000000e+00  1.65000000000000013e+00 -1.00000000000000006e-01  1.60000000000000009e+00 -8.00000000000000044e-01  2.30000000000000027e+00
 1.14928000000000469e-06  9.91564797187248209e-06 -9.10492704121738505e-04  7.68763253919594659e-04 -1.24338653068821475e-04 -1.30451559873977211e-06  5.25963407653103286e-06 -2.08510645593509550e-09  2.86337329474452620e-09  4.00000000000000000e+00 -2.50000000000000000e+00  1.65000000000000013e+00 -1.00000000000000006e-01  1.60000000000000009e+00 -8.00000000000000044e-01  2.30000000000000027e+00
 1.15028000000000477e-06  9.91564797160150439e-06 -9.10492704132267083e-04  7.68763253906346034e-04 -1.24338653066645427e-04 -1.30451559772305072e-06  5.25963407579836291e-06 -2.08510650773092862e-09  2.86337331224625845e-09  4.00000000000000000e+00 -2.50000000000000000e+00  1.65000000000000013e+00 -1.00000000000000006e-01  1.60000000000000009e+00 -8.00000000000000044e-01  2.30000000000000027e+00
 1.15128000000000484e-06  9.91564797264267898e-06 -9.10492704118937035e-04  7.68763253902127186e-04 -1.24338653065801647e-04 -1.30451559799089207e-06  5.25963407634522432e-06 -2.08510653195187297e-09  2.86337342841714439e-09  4.00000000000000000e+00 -2.50000000000000000e+00  1.65000000000000013e+00 -1.00000000000000006e-01  1.60000000000000009e+00 -8.00000000000000044e-01  2.30000000000000027e+00
 1.15228000000000492e-06  9.91564797417262039e-06 -9.10492704120580143e-04  7.68763253900054734e-04 -1.24338653065416782e-04 -1.30451559867194446e-06  5.25963407691818451e-06 -2.08510640670153209e-09  2.86337321172434136e-09  4.00000000000000000e+00 -2.50000000000000000e+00  1.65000000000000013e+00 -1.00000000000000006e-01  1.60000000000000009e+00 -8.00000000000000044e-01  2.30000000000000027e+00
 1.15328000000000499e-06  9.91564797425819782e-06 -9.10492704133418073e-04  7.68763253906346034e-04 -1.24338653067578004e-04 -1.30451559919322887e-06  5.25963407799779915e-06 -2.08510630670253377e-09  2.86337320694189698e-09  4.00000000000000000e+00 -2.50000000000000000e+00  1.65000000000000013e+00 -1.00000000000000006e-01  1.60000000000000009e+00 -8.00000000000000044e-01  2.30000000000000027e+00
 1.15428000000000507e-06  9.91564797353287165e-06 -9.10492704146836918e-04  7.68763253929068634e-04 -1.24338653069857674e-04 -1.30451559884359548e-06  5.25963407721424370e-06 -2.08510642149703501e-09  2.86337337545511441e-09  4.00000000000000000e+00 -2.50000000000000000e+00  1.65000000000000013e+00 -1.00000000000000006e-01  1.60000000000000009e+00 -8.00000000000000044e-01  2.30000000000000027e+00
 1.15528000000000514e-06  9.91564797194421392e-06 -9.10492704137892250e-04  7.68763253916708079e-04 -1.24338653069117517e-04 -1.30451559773970403e-06  5.25963407600001435e-06 -2.08510661404300742e-09  2.86337341553348788e-09  4.00000000000000000e+00 -2.50000000000000000e+00  1.65000000000000013e+00 -1.00000000000000006e-01  1.60000000000000009e+00 -8.00000000000000044e-01  2.30000000000000027e+00
 1.15628000000000522e-06  9.91564797159298324e-06 -9.10492704118108054e-04  7.68763253919076627e-04 -1.24338653067222738e-04 -1.30451559761740602e-06  5.25963407480633232e-06 -2.08510659769045941e-09  2.86337341570258469e-09  4.00000000000000000e+00 -2.50000000000000000e+00  1.65000000000000013e+00 -1.00000000000000006e-01  1.60000000000000009e+00 -8.00000000000000044e-01  2.30000000000000027e+00
 1.15728000000000529e-06  9.91564797241028025e-06 -9.10492704093168693e-04  7.68763253891469045e-04 -1.24338653064528604e-04 -1.30451559821033459e-06  5.25963407551382930e-06 -2.08510653283911351e-09  2.86337331697073774e-09  4.00000000000000000e+00 -2.50000000000000000e+00  1.65000000000000013e+00 -1.00000000000000006e-01  1.60000000000000009e+00 -8.00000000000000044e-01  2.30000000000000027e+00
 1.15828000000000537e-06  9.91564797406621272e-06 -9.10492704110887918e-04  7.68763253909010569e-04 -1.24338653063832871e-04 -1.30451559884108000e-06  5.25963407825476947e-06 -2.08510634032650461e-09  2.86337310106897746e-09  4.00000000000000000e+00 -2.50000000000000000e+00  1.65000000000000013e+00 -1.00000000000000006e-01  1.60000000000000009e+00 -8.00000000000000044e-01  2.30000000000000027e+00
 1.15928000000000544e-06  9.91564797417498869e-06 -9.10492704119873352e-04  7.68763253938542501e-04 -1.24338653066941496e-04 -1.30451559899625115e-06  5.25963407805311803e-06 -2.08510626181411414e-09  2.86337325063699360e-09  4.00000000000000000e+00 -2.50000000000000000e+00  1.65000000000000013e+00 -1.00000000000000006e-01  1.60000000000000009e+00 -8.00000000000000044e-01  2.30000000000000027e+00
 1.16028000000000552e-06  9.91564797285920602e-06 -9.10492704138410281e-04  7.68763253923739564e-04 -1.24338653069265564e-04 -1.30451559884958019e-06  5.25963407609453815e-06 -2.08510654081454123e-09  2.86337337334717200e-09  4.00000000000000000e+00 -2.50000000000000000e+00  1.65000000000000013e+00 -1.00000000000000006e-01  1.60000000000000009e+00 -8.00000000000000044e-01  2.30000000000000027e+00
 1.16128000000000559e-06  9.91564797195553536e-06 -9.10492704137884769e-04  7.68763253924331647e-04 -1.24338653069961297e-04 -1.30451559842058299e-06  5.25963407683229622e-06 -2.08510658808236120e-09  2.86337338590781448e-09  4.00000000000000000e+00 -2.50000000000000000e+00  1.65000000000000013e+00 -1.00000000000000006e-01  1.60000000000000009e+00 -8.00000000000000044e-01  2.30000000000000027e+00
 1.16228000000000567e-06  9.91564797282725424e-06 -9.10492704142325661e-04  7.68763253906568078e-04 -1.24338653069709654e-04 -1.30451559796409068e-06  5.25963407634788485e-06 -2.08510653018760922e-09  2.86337344732302689e-09  4.00000000000000000e+00 -2.50000000000000000e+00  1.65000000000000013e+00 -1.00000000000000006e-01  1.60000000000000009e+00 -8.00000000000000044e-01  2.30000000000000027e+00
 1.16328000000000574e-06  9.91564797445199896e-06 -9.10492704114407346e-04  7.68763253912563282e-04 -1.24338653067726051e-04 -1.30451559778905704e-06  5.25963407636095288e-06 -2.08510647089376807e-09  2.86337342480999089e-09  4.00000000000000000e+00 -2.50000000000000000e+00  1.65000000000000013e+00 -1.00000000000000006e-01  1.60000000000000009e+00 -8.00000000000000044e-01  2.30000000000000027e+00
 1.16428000000000582e-06  9.91564797440941014e-06 -9.10492704125387387e-04  7.68763253909898747e-04 -1.24338653066527005e-04 -1.30451559815066006e-06  5.25963407628979025e-06 -2.08510641316443690e-09  2.86337335247783859e-09  4.00000000000000000e+00 -2.50000000000000000e+00  1.65000000000000013e+00 -1.00000000000000006e-01  1.60000000000000009e+00 -8.00000000000000044e-01  2.30000000000000027e+00
 1.16528000000000589e-06  9.91564797305199580e-06 -9.10492704108208529e-04  7.68763253914931722e-04 -1.24338653067296762e-04 -1.30451559819489551e-06  5.25963407424177639e-06 -2.08510656632730968e-09  2.86337329546086834e-09  4.00000000000000000e+00 -2.50000000000000000e+00  1.65000000000000013e+00 -1.00000000000000006e-01  1.60000000000000009e+00 -8.00000000000000044e-01  2.30000000000000027e+00
 1.16628000000000597e-06  9.91564797177333858e-06 -9.10492704095844396e-04  7.68763253917004175e-04 -1.24338653065727677e-04 -1.30451559810920013e-06  5.25963407640223896e-06 -2.08510649160230667e-09  2.86337320807064448e-09  4.00000000000000000e+00 -2.50000000000000000e+00  1.65000000000000013e+00 -1.00000000000000006e-01  1.60000000000000009e+00 -8.00000000000000044e-01  2.30000000000000027e+00
 1.16728000000000604e-06  9.91564797252292885e-06 -9.10492704122108543e-04  7.68763253909232613e-04 -1.24338653064454607e-04 -1.30451559906997689e-06  5.25963407810215277e-06 -2.08510633530844940e-09  2.86337315549925758e-09  4.00000000000000000e+00 -2.50000000000000000e+00  1.65000000000000013e+00 -1.00000000000000006e-01  1.60000000000000009e+00 -8.00000000000000044e-01  2.30000000000000027e+00
 1.16828000000000612e-06  9.91564797346125162e-06 -9.10492704118093200e-04  7.68763253931215029e-04 -1.24338653066127314e-04 -1.30451559851078861e-06  5.25963407701633107e-06 -2.08510646807143113e-09  2.86337332046335692e-09  4.00000000000000000e+00 -2.50000000000000000e+00  1.65000000000000013e+00 -1.00000000000000006e-01  1.60000000000000009e+00 -8.00000000000000044e-01  2.30000000000000027e+00
 1.16928000000000619e-06  9.91564797366740250e-06 -9.10492704124088404e-04  7.68763253917818302e-04 -1.24338653068081345e-04 -1.30451559887750920e-06  5.25963407695754359e-06 -2.08510653306126858e-09  2.86337334523601295e-09  4.00000000000000000e+00 -2.50000000000000000e+00  1.65000000000000013e+00 -1.00000000000000006e-01  1.60000000000000009e+00 -8.00000000000000044e-01  2.30000000000000027e+00
 1.17028000000000627e-06  9.91564797320737383e-06 -9.10492704132718545e-04  7.68763253906568078e-04 -1.24338653068332988e-04 -1.30451559840228178e-06  5.25963407652128012e-06 -2.08510644897941810e-09  2.86337334291062751e-09  4.00000000000000000e+00 -2.50000000000000000e+00  1.65000000000000013e+00 -1.00000000000000006e-01  1.60000000000000009e+00 -8.00000000000000044e-01  2.30000000000000027e+00
 1.17128000000000634e-06  9.91564797294233383e-06 -9.10492704143728293e-04  7.68763253915819901e-04 -1.24338653067903671e-04 -1.30451559780093985e-06  5.25963407601223449e-06 -2.08510649139667247e-09  2.86337334210887567e-09  4.00000000000000000e+00 -2.50000000000000000e+00  1.65000000000000013e+00 -1.00000000000000006e-01  1.60000000000000009e+00 -8.00000000000000044e-01  2.30000000000000027e+00
 1.17228000000000642e-06  9.91564797345612369e-06 -9.10492704116276186e-04  7.68763253909232613e-04 -1.24338653067489208e-04 -1.30451559846308372e-06  5.25963407613559299e-06 -2.08510652144765815e-09  2.86337333188235697e-09  4.00000000000000000e+00 -2.50000000000000000e+00  1.65000000000000013e+00 -1.00000000000000006e-01  1.60000000000000009e+00 -8.00000000000000044e-01  2.30000000000000027e+00
 1.17328000000000649e-06  9.91564797364936070e-06 -9.10492704124662056e-04  7.68763253919890754e-04 -1.24338653066586230e-04 -1.30451559817997693e-06  5.25963407784005536e-06 -2.08510637918146183e-09  2.86337327988912382e-09  4.00000000000000000e+00 -2.50000000000000000e+00  1.65000000000000013e+00 -1.00000000000000006e-01  1.60000000000000009e+00 -8.00000000000000044e-01  2.30000000000000027e+00
 1.17428000000000657e-06  9.91564797302342029e-06 -9.10492704132252338e-04  7.68763253923443468e-04 -1.24338653067311561e-04 -1.30451559882373277e-06  5.25963407653188074e-06 -2.08510642236780556e-09  2.86337332222749948e-09  4.00000000000000000e+00 -2.50000000000000000e+00  1.65000000000000013e+00 -1.00000000000000006e-01  1.60000000000000009e+00 -8.00000000000000044e-01  2.30000000000000027e+00
 1.17528000000000664e-06  9.91564797243957404e-06 -9.10492704125805564e-04  7.68763253912563282e-04 -1.24338653069058319e-04 -1.30451559858963192e-06  5.25963407559331826e-06 -2.08510650816525220e-09  2.86337344990652246e-09  4.00000000000000000e+00 -2.50000000000000000e+00  1.65000000000000013e+00 -1.00000000000000006e-01  1.60000000000000009e+00 -8.00000000000000044e-01  2.30000000000000027e+00
 1.17628000000000672e-06  9.91564797272734501e-06 -9.10492704122053032e-04  7.68763253906346034e-04 -1.24338653067059891e-04 -1.30451559769165227e-06  5.25963407571667675e-06 -2.08510658526804130e-09  2.86337335464530243e-09  4.00000000000000000e+00 -2.50000000000000000e+00  1.65000000000000013e+00 -1.00000000000000006e-01  1.60000000000000009e+00 -8.00000000000000044e-01  2.30000000000000027e+00
 1.17728000000000679e-06  9.91564797359387835e-06 -9.10492704119103568e-04  7.68763253898056332e-04 -1.24338653064883870e-04 -1.30451559793980455e-06  5.25963407683395386e-06 -2.08510653254339768e-09  2.86337322484596202e-09  4.00000000000000000e+00 -2.50000000000000000e+00  1.65000000000000013e+00 -1.00000000000000006e-01  1.60000000000000009e+00 -8.00000000000000044e-01  2.30000000000000027e+00
 1.17828000000000687e-06  9.91564797360781204e-06 -9.10492704117663964e-04  7.68763253921371016e-04 -1.24338653065712824e-04 -1.30451559918819813e-06  5.25963407776985666e-06 -2.08510630350915670e-09  2.86337320033267136e-09  4.00000000000000000e+00 -2.50000000000000000e+00  1.65000000000000013e+00 -1.00000000000000006e-01  1.60000000000000009e+00 -8.00000000000000044e-01  2.30000000000000027e+00
 1.17928000000000694e-06  9.91564797398385401e-06 -9.10492704133410592e-04  7.68763253927588265e-04 -1.24338653068629029e-04 -1.30451559949350946e-06  5.25963407746076756e-06 -2.08510639469666234e-09  2.86337333221730887e-09  4.00000000000000000e+00 -2.50000000000000000e+00  1.65000000000000013e+00 -1.00000000000000006e-01  1.60000000000000009e+00 -8.00000000000000044e-01  2.30000000000000027e+00
 1.18028000000000702e-06  9.91564797329190263e-06 -9.10492704137781227e-04  7.68763253910120792e-04 -1.24338653069428384e-04 -1.30451559740889234e-06  5.25963407554513140e-06 -2.08510661170954249e-09  2.86337343254649742e-09  4.00000000000000000e+00 -2.50000000000000000e+00  1.65000000000000013e+00 -1.00000000000000006e-01  1.60000000000000009e+00 -8.00000000000000044e-01  2.30000000000000027e+00
 1.18128000000000709e-06  9.91564797254049971e-06 -9.10492704120646713e-04  7.68763253899166555e-04 -1.24338653067844473e-04 -1.30451559790849271e-06  5.25963407496904905e-06 -2.08510662923176607e-09  2.86337337247543200e-09  4.00000000000000000e+00 -2.50000000000000000e+00  1.65000000000000013e+00 -1.00000000000000006e-01  1.60000000000000009e+00 -8.00000000000000044e-01  2.30000000000000027e+00
 1.18228000000000717e-06  9.91564797273963715e-06 -9.10492704099496964e-04  7.68763253888508414e-04 -1.24338653064913496e-04 -1.30451559797640717e-06  5.25963407550611960e-06 -2.08510654028693690e-09  2.86337328475583806e-09  4.00000000000000000e+00 -2.50000000000000000e+00  1.65000000000000013e+00 -1.00000000000000006e-01  1.60000000000000009e+00 -8.00000000000000044e-01  2.30000000000000027e+00
 1.18328000000000724e-06  9.91564797382480155e-06 -9.10492704094586071e-04  7.68763253910194843e-04 -1.24338653063847671e-04 -1.30451559832317844e-06  5.25963407814567501e-06 -2.08510633406995489e-09  2.86337318048933762e-09  4.00000000000000000e+00 -2.50000000000000000e+00  1.65000000000000013e+00 -1.00000000000000006e-01  1.60000000000000009e+00 -8.00000000000000044e-01  2.30000000000000027e+00
 1.18428000000000732e-06  9.91564797419684553e-06 -9.10492704138828458e-04  7.68763253931140978e-04 -1.24338653065875698e-04 -1.30451559964521116e-06  5.25963407942994891e-06 -2.08510622612637772e-09  2.86337314823204287e-09  4.00000000000000000e+00 -2.50000000000000000e+00  1.65000000000000013e+00 -1.00000000000000006e-01  1.60000000000000009e+00 -8.00000000000000044e-01  2.30000000000000027e+00
 1.18528000000000739e-06  9.91564797343831228e-06 -9.10492704172431245e-04  7.68763253947794324e-04 -1.24338653068939897e-04 -1.30451559877680863e-06  5.25963407723567787e-06 -2.08510640266051367e-09  2.86337331432586165e-09  4.00000000000000000e+00 -2.50000000000000000e+00  1.65000000000000013e+00 -1.00000000000000006e-01  1.60000000000000009e+00 -8.00000000000000044e-01  2.30000000000000027e+00
 1.18628000000000747e-06  9.91564797205738430e-06 -9.10492704135705089e-04  7.68763253916115996e-04 -1.24338653070657057e-04 -1.30451559852171745e-06  5.25963407534841393e-06 -2.08510653616278849e-09  2.86337351493517329e-09  4.00000000000000000e+00 -2.50000000000000000e+00  1.65000000000000013e+00 -1.00000000000000006e-01  1.60000000000000009e+00 -8.00000000000000044e-01  2.30000000000000027e+00
 1.18728000000000755e-06  9.91564797198728555e-06 -9.10492704135460818e-04  7.68763253913155365e-04 -1.24338653069176741e-04 -1.30451559763015641e-06  5.25963407427454302e-06 -2.08510671153033798e-09  2.86337353527913286e-09  4.00000000000000000e+00 -2.50000000000000000e+00  1.65000000000000013e+00 -1.00000000000000006e-01  1.60000000000000009e+00 -8.00000000000000044e-01  2.30000000000000027e+00
 1.18828000000000762e-06  9.91564797323917653e-06 -9.10492704122841247e-04  7.68763253895021759e-04 -1.24338653065712851e-04 -1.30451559736743241e-06  5.25963407578421492e-06 -2.08510660289110522e-09  2.86337334552370761e-09  4.00000000000000000e+00 -2.50000000000000000e+00  1.65000000000000013e+00 -1.00000000000000006e-01  1.60000000000000009e+00 -8.00000000000000044e-01  2.30000000000000027e+00
 1.18928000000000770e-06  9.91564797493716080e-06 -9.10492704121116715e-04  7.68763253913673505e-04 -1.24338653064380583e-04 -1.30451559858442775e-06  5.25963407807659439e-06 -2.08510638584873981e-09  2.86337317350614944e-09  4.00000000000000000e+00 -2.50000000000000000e+00  1.65000000000000013e+00 -1.00000000000000006e-01  1.60000000000000009e+00 -8.00000000000000044e-01  2.30000000000000027e+00
 1.19028000000000777e-06  9.91564797481187446e-06 -9.10492704123059605e-04  7.68763253910120792e-04 -1.24338653067237537e-04 -1.30451559911507970e-06  5.25963407748154528e-06 -2.08510631782504004e-09  2.86337324799787965e-09  4.00000000000000000e+00 -2.50000000000000000e+00  1.65000000000000013e+00 -1.00000000000000006e-01  1.60000000000000009e+00 -8.00000000000000044e-01  2.30000000000000027e+00
 1.19128000000000785e-06  9.91564797329119451e-06 -9.10492704128799480e-04  7.68763253927662316e-04 -1.24338653068925098e-04 -1.30451559938647711e-06  5.25963407657459407e-06 -2.08510646011390608e-09  2.86337326179013326e-09  4.00000000000000000e+00 -2.50000000000000000e+00  1.65000000000000013e+00 -1.00000000000000006e-01  1.60000000000000009e+00 -8.00000000000000044e-01  2.30000000000000027e+00
 1.19228000000000792e-06  9.91564797129659286e-06 -9.10492704112560625e-04  7.68763253909010569e-04 -1.24338653069635630e-04 -1.30451559774369397e-06  5.25963407585071294e-06 -2.08510654206590213e-09  2.86337340790452145e-09  4.00000000000000000e+00 -2.50000000000000000e+00  1.65000000000000013e+00 -1.00000000000000006e-01  1.60000000000000009e+00 -8.00000000000000044e-01  2.30000000000000027e+00
 1.19328000000000800e-06  9.91564797106885789e-06 -9.10492704139898024e-04  7.68763253906049938e-04 -1.24338653067637228e-04 -1.30451559780102667e-06  5.25963407630887221e-06 -2.08510654974778372e-09  2.86337332322281986e-09  4.00000000000000000e+00 -2.50000000000000000e+00  1.65000000000000013e+00 -1.00000000000000006e-01  1.60000000000000009e+00 -8.00000000000000044e-01  2.30000000000000027e+00
 1.19428000000000807e-06  9.91564797306755071e-06 -9.10492704126508777e-04  7.68763253898574472e-04 -1.24338653066023691e-04 -1.30451559803278568e-06  5.25963407692920949e-06 -2.08510645554911193e-09  2.86337332801726664e-09  4.00000000000000000e+00 -2.50000000000000000e+00  1.65000000000000013e+00 -1.00000000000000006e-01  1.60000000000000009e+00 -8.00000000000000044e-01  2.30000000000000027e+00
 1.19528000000000815e-06  9.91564797450419652e-06 -9.10492704106062134e-04  7.68763253926478042e-04 -1.24338653066112515e-04 -1.30451559813921093e-06  5.25963407546417792e-06 -2.08510654449057199e-09  2.86337345142789083e-09  4.00000000000000000e+00 -2.50000000000000000e+00  1.65000000000000013e+00 -1.00000000000000006e-01  1.60000000000000009e+00 -8.00000000000000044e-01  2.30000000000000027e+00
 1.19628000000000822e-06  9.91564797412018905e-06 -9.10492704103164495e-04  7.68763253902793320e-04 -1.24338653066230937e-04 -1.30451559890804029e-06  5.25963407675381015e-06 -2.08510643234039967e-09  2.86337329491752606e-09  4.00000000000000000e+00 -2.50000000000000000e+00  1.65000000000000013e+00 -1.00000000000000006e-01  1.60000000000000009e+00 -8.00000000000000044e-01  2.30000000000000027e+00
 1.19728000000000830e-06  9.91564797247754652e-06 -9.10492704141159927e-04  7.68763253907456257e-04 -1.24338653067459609e-04 -1.30451559898688360e-06  5.25963407751173015e-06 -2.08510630949229097e-09  2.86337321690984936e-09  4.00000000000000000e+00 -2.50000000000000000e+00  1.65000000000000013e+00 -1.00000000000000006e-01  1.60000000000000009e+00 -8.00000000000000044e-01  2.30000000000000027e+00
 1.19828000000000837e-06  9.91564797141718833e-06 -9.10492704141478248e-04  7.68763253906568078e-04 -1.24338653069413585e-04 -1.30451559841511878e-06  5.25963407672042604e-06 -2.08510649798665994e-09  2.86337328117529744e-09  4.00000000000000000e+00 -2.50000000000000000e+00  1.65000000000000013e+00 -1.00000000000000006e-01  1.60000000000000009e+00 -8.00000000000000044e-01  2.30000000000000027e+00
 1.19928000000000845e-06  9.91564797191560454e-06 -9.10492704127763308e-04  7.68763253913673505e-04 -1.24338653068421784e-04 -1.30451559793815643e-06  5.25963407569277602e-06 -2.08510664166285676e-09  2.86337331464951054e-09  4.00000000000000000e+00 -2.50000000000000000e+00  1.65000000000000013e+00 -1.00000000000000006e-01  1.60000000000000009e+00 -8.00000000000000044e-01  2.30000000000000027e+00
 1.20028000000000852e-06  9.91564797338433256e-06 -9.10492704117031116e-04  7.68763253919372614e-04 -1.24338653066941496e-04 -1.30451559827660094e-06  5.25963407671379546e-06 -2.08510648319070082e-09  2.86337334132289527e-09  4.00000000000000000e+00 -2.50000000000000000e+00  1.65000000000000013e+00 -1.00000000000000006e-01  1.60000000000000009e+00 -8.00000000000000044e-01  2.30000000000000027e+00
 1.20128000000000860e-06  9.91564797400338829e-06 -9.10492704111287555e-04  7.68763253905679900e-04 -1.24338653066290161e-04 -1.30451559795012607e-06  5.25963407621095689e-06 -2.08510641826245276e-09  2.86337334941792090e-09  4.00000000000000000e+00 -2.50000000000000000e+00  1.65000000000000013e+00 -1.00000000000000006e-01  1.60000000000000009e+00 -8.00000000000000044e-01  2.30000000000000027e+00
 1.20228000000000867e-06  9.91564797381024783e-06 -9.10492704108367690e-04  7.68763253909898747e-04 -1.24338653066008892e-04 -1.30451559825717212e-06  5.25963407594199768e-06 -2.08510641867805808e-09  2.86337332388757446e-09  4.00000000000000000e+00 -2.50000000000000000e+00  1.65000000000000013e+00 -1.00000000000000006e-01  1.60000000000000009e+00 -8.00000000000000044e-01  2.30000000000000027e+00
 1.20328000000000875e-06  9.91564797288803394e-06 -9.10492704119717877e-04  7.68763253888804510e-04 -1.24338653065712851e-04 -1.30451559852969714e-06  5.25963407647139666e-06 -2.08510649331432818e-09  2.86337332184408307e-09  4.00000000000000000e+00 -2.50000000000000000e+00  1.65000000000000013e+00 -1.00000000000000006e-01  1.60000000000000009e+00 -8.00000000000000044e-01  2.30000000000000027e+00
 1.20428000000000882e-06  9.91564797298629992e-06 -9.10492704146585274e-04  7.68763253910194843e-04 -1.24338653065742449e-04 -1.30451559866752105e-06  5.25963407826891746e-06 -2.08510640617944092e-09  2.86337318595967905e-09  4.00000000000000000e+00 -2.50000000000000000e+00  1.65000000000000013e+00 -1.00000000000000006e-01  1.60000000000000009e+00 -8.00000000000000044e-01  2.30000000000000027e+00
 1.20528000000000890e-06  9.91564797335287037e-06 -9.10492704147695497e-04  7.68763253927292277e-04 -1.24338653068288563e-04 -1.30451559906390536e-06  5.25963407643354106e-06 -2.08510643846569526e-09  2.86337336466915113e-09  4.00000000000000000e+00 -2.50000000000000000e+00  1.65000000000000013e+00 -1.00000000000000006e-01  1.60000000000000009e+00 -8.00000000000000044e-01  2.30000000000000027e+00
 1.20628000000000897e-06  9.91564797318530354e-06 -9.10492704133854681e-04  7.68763253937358227e-04 -1.24338653068969496e-04 -1.30451559839768473e-06  5.25963407608220196e-06 -2.08510646994166706e-09  2.86337338880059495e-09  4.00000000000000000e+00 -2.50000000000000000e+00  1.65000000000000013e+00 -1.00000000000000006e-01  1.60000000000000009e+00 -8.00000000000000044e-01  2.30000000000000027e+00
 1.20728000000000905e-06  9.91564797270266247e-06 -9.10492704117760133e-04  7.68763253894799714e-04 -1.24338653068510607e-04 -1.30451559794960557e-06  5.25963407570757877e-06 -2.08510656829365696e-09  2.86337339853961972e-09  4.00000000000000000e+00 -2.50000000000000000e+00  1.65000000000000013e+00 -1.00000000000000006e-01  1.60000000000000009e+00 -8.00000000000000044e-01  2.30000000000000027e+00
 1.20828000000000912e-06  9.91564797253324402e-06 -9.10492704110280981e-04  7.68763253895021759e-04 -1.24338653066127314e-04 -1.30451559787640032e-06  5.25963407622036320e-06 -2.08510654003045714e-09  2.86337326778625674e-09  4.00000000000000000e+00 -2.50000000000000000e+00  1.65000000000000013e+00 -1.00000000000000006e-01  1.60000000000000009e+00 -8.00000000000000044e-01  2.30000000000000027e+00
 1.20928000000000920e-06  9.91564797283547215e-06 -9.10492704133643803e-04  7.68763253891247000e-04 -1.24338653065372384e-04 -1.30451559812550657e-06  5.25963407748840709e-06 -2.08510639392833191e-09  2.86337328747661583e-09  4.00000000000000000e+00 -2.50000000000000000e+00  1.65000000000000013e+00 -1.00000000000000006e-01  1.60000000000000009e+00 -8.00000000000000044e-01  2.30000000000000027e+00
 1.21028000000000927e-06  9.91564797370235108e-06 -9.10492704103397599e-04  7.68763253913451461e-04 -1.24338653066541805e-04 -1.30451559912991146e-06  5.25963407670824486e-06 -2.08510636904638836e-09  2.86337327618536100e-09  4.00000000000000000e+00 -2.50000000000000000e+00  1.65000000000000013e+00 -1.00000000000000006e-01  1.60000000000000009e+00 -8.00000000000000044e-01  2.30000000000000027e+00
 1.21128000000000935e-06  9.91564797398878544e-06 -9.10492704118067288e-04  7.68763253915449862e-04 -1.24338653068155314e-04 -1.30451559890786686e-06  5.25963407676946077e-06 -2.08510652668592621e-09  2.86337336730016533e-09  4.00000000000000000e+00 -2.50000000000000000e+00  1.65000000000000013e+00 -1.00000000000000006e-01  1.60000000000000009e+00 -8.00000000000000044e-01  2.30000000000000027e+00
 1.21228000000000942e-06  9.91564797302010331e-06 -9.10492704144383368e-04  7.68763253902719269e-04 -1.24338653068673454e-04 -1.30451559869267454e-06  5.25963407662305028e-06 -2.08510655549045576e-09  2.86337332954816578e-09  4.00000000000000000e+00 -2.50000000000000000e+00  1.65000000000000013e+00 -1.00000000000000006e-01  1.60000000000000009e+00 -8.00000000000000044e-01  2.30000000000000027e+00
 1.21328000000000950e-06  9.91564797227744007e-06 -9.10492704136733888e-04  7.68763253899536702e-04 -1.24338653068569805e-04 -1.30451559747151582e-06  5.25963407614091320e-06 -2.08510652797594415e-09  2.86337334530028282e-09  4.00000000000000000e+00 -2.50000000000000000e+00  1.65000000000000013e+00 -1.00000000000000006e-01  1.60000000000000009e+00 -8.00000000000000044e-01  2.30000000000000027e+00
 1.21428000000000957e-06  9.91564797285917722e-06 -9.10492704121342446e-04  7.68763253893541497e-04 -1.24338653068096117e-04 -1.30451559834061228e-06  5.25963407610031999e-06 -2.08510647659235221e-09  2.86337334692886620e-09  4.00000000000000000e+00 -2.50000000000000000e+00  1.65000000000000013e+00 -1.00000000000000006e-01  1.60000000000000009e+00 -8.00000000000000044e-01  2.30000000000000027e+00
 1.21528000000000965e-06  9.91564797381080179e-06 -9.10492704110499340e-04  7.68763253907826295e-04 -1.24338653065920069e-04 -1.30451559813600173e-06  5.25963407614735065e-06 -2.08510644138847592e-09  2.86337328968845088e-09  4.00000000000000000e+00 -2.50000000000000000e+00  1.65000000000000013e+00 -1.00000000000000006e-01  1.60000000000000009e+00 -8.00000000000000044e-01  2.30000000000000027e+00
 1.21628000000000972e-06  9.91564797399598522e-06 -9.10492704110021965e-04  7.68763253916412092e-04 -1.24338653065239136e-04 -1.30451559803027021e-06  5.25963407715722992e-06 -2.08510635162214887e-09  2.86337326577923534e-09  4.00000000000000000e+00 -2.50000000000000000e+00  1.65000000000000013e+00 -1.00000000000000006e-01  1.60000000000000009e+00 -8.00000000000000044e-01  2.30000000000000027e+00
 1.21728000000000980e-06  9.91564797277027942e-06 -9.10492704126046148e-04  7.68763253906346034e-04 -1.24338653067074717e-04 -1.30451559884186076e-06  5.25963407593775743e-06 -2.08510647343288913e-09  2.86337335744001196e-09  4.00000000000000000e+00 -2.50000000000000000e+00  1.65000000000000013e+00 -1.00000000000000006e-01  1.60000000000000009e+00 -8.00000000000000044e-01  2.30000000000000027e+00
 1.21828000000000987e-06  9.91564797158852615e-06 -9.10492704133862162e-04  7.68763253899240606e-04 -1.24338653068036919e-04 -1.30451559923477562e-06  5.25963407677327750e-06 -2.08510652711602042e-09  2.86337327590231924e-09  4.00000000000000000e+00 -2.50000000000000000e+00  1.65000000000000013e+00 -1.00000000000000006e-01  1.60000000000000009e+00 -8.00000000000000044e-01  2.30000000000000027e+00
 1.21928000000000995e-06  9.91564797181530059e-06 -9.10492704139675979e-04  7.68763253902793320e-04 -1.24338653067696453e-04 -1.30451559835804634e-06  5.25963407731655427e-06 -2.08510649697051405e-09  2.86337322124044096e-09  4.00000000000000000e+00 -2.50000000000000000e+00  1.65000000000000013e+00 -1.00000000000000006e-01  1.60000000000000009e+00 -8.00000000000000044e-01  2.30000000000000027e+00
 1.22028000000001002e-06  9.91564797329350691e-06 -9.10492704149249809e-04  7.68763253927884360e-04 -1.24338653067859273e-04 -1.30451559872294538e-06  5.25963407791233522e-06 -2.08510641348988905e-09  2.86337319412138909e-09  4.00000000000000000e+00 -2.50000000000000000e+00  1.65000000000000013e+00 -1.00000000000000006e-01  1.60000000000000009e+00 -8.00000000000000044e-01  2.30000000000000027e+00
 1.22128000000001010e-06  9.91564797435930814e-06 -9.10492704148228383e-04  7.68763253909528709e-04 -1.24338653068865900e-04 -1.30451559784109874e-06  5.25963407591701783e-06 -2.08510644444625162e-09  2.86337343316951497e-09  4.00000000000000000e+00 -2.50000000000000000e+00  1.65000000000000013e+00 -1.00000000000000006e-01  1.60000000000000009e+00 -8.00000000000000044e-01  2.30000000000000027e+00
 1.22228000000001017e-06  9.91564797390162744e-06 -9.10492704136633925e-04  7.68763253907456257e-04 -1.24338653068555005e-04 -1.30451559866674029e-06  5.25963407546903481e-06 -2.08510656394612346e-09  2.86337343747368518e-09  4.00000000000000000e+00 -2.50000000000000000e+00  1.65000000000000013e+00 -1.00000000000000006e-01  1.60000000000000009e+00 -8.00000000000000044e-01  2.30000000000000027e+00
 1.22328000000001025e-06  9.91564797325407584e-06 -9.10492704135183262e-04  7.68763253906568078e-04 -1.24338653067518806e-04 -1.30451559772461202e-06  5.25963407617171386e-06 -2.08510658357012488e-09  2.86337340740795376e-09  4.00000000000000000e+00 -2.50000000000000000e+00  1.65000000000000013e+00 -1.00000000000000006e-01  1.60000000000000009e+00 -8.00000000000000044e-01  2.30000000000000027e+00
 1.22428000000001032e-06  9.91564797308860456e-06 -9.10492704137366737e-04  7.68763253905161759e-04 -1.24338653066378957e-04 -1.30451559809601627e-06  5.25963407723525351e-06 -2.08510642321769642e-09  2.86337329111547144e-09  4.00000000000000000e+00 -2.50000000000000000e+00  1.65000000000000013e+00 -1.00000000000000006e-01  1.60000000000000009e+00 -8.00000000000000044e-01  2.30000000000000027e+00
 1.22528000000001040e-06  9.91564797357088649e-06 -9.10492704105222094e-04  7.68763253920186850e-04 -1.24338653066482580e-04 -1.30451559833991835e-06  5.25963407562982453e-06 -2.08510646778744142e-09  2.86337331735063781e-09  4.00000000000000000e+00 -2.50000000000000000e+00  1.65000000000000013e+00 -1.00000000000000006e-01  1.60000000000000009e+00 -8.00000000000000044e-01  2.30000000000000027e+00
 1.22628000000001048e-06  9.91564797359138299e-06 -9.10492704103482708e-04  7.68763253910120792e-04 -1.24338653066778676e-04 -1.30451559830348916e-06  5.25963407675195938e-06 -2.08510644333340915e-09  2.86337326804234524e-09  4.00000000000000000e+00 -2.50000000000000000e+00  1.65000000000000013e+00 -1.00000000000000006e-01  1.60000000000000009e+00 -8.00000000000000044e-01  2.30000000000000027e+00
 1.22728000000001055e-06  9.91564797327245984e-06 -9.10492704124946984e-04  7.68763253919372614e-04 -1.24338653067015492e-04 -1.30451559903953241e-06  5.25963407705187426e-06 -2.08510644612539477e-09  2.86337317449675943e-09  4.00000000000000000e+00 -2.50000000000000000e+00  1.65000000000000013e+00 -1.00000000000000006e-01  1.60000000000000009e+00 -8.00000000000000044e-01  2.30000000000000027e+00
 1.22828000000001063e-06  9.91564797280743198e-06 -9.10492704138691632e-04  7.68763253927662316e-04 -1.24338653067666827e-04 -1.30451559873977211e-06  5.25963407765821772e-06 -2.08510634187918631e-09  2.86337325550021590e-09  4.00000000000000000e+00 -2.50000000000000000e+00  1.65000000000000013e+00 -1.00000000000000006e-01  1.60000000000000009e+00 -8.00000000000000044e-01  2.30000000000000027e+00
 1.22928000000001070e-06  9.91564797272847834e-06 -9.10492704140575216e-04  7.68763253903015364e-04 -1.24338653068569805e-04 -1.30451559842483319e-06  5.25963407643654803e-06 -2.08510648796673663e-09  2.86337339631343350e-09  4.00000000000000000e+00 -2.50000000000000000e+00  1.65000000000000013e+00 -1.00000000000000006e-01  1.60000000000000009e+00 -8.00000000000000044e-01  2.30000000000000027e+00
 1.23028000000001078e-06  9.91564797279141289e-06 -9.10492704136578413e-04  7.68763253919372614e-04 -1.24338653067962895e-04 -1.30451559838051092e-06  5.25963407674644689e-06 -2.08510659322373746e-09  2.86337339293740750e-09  4.00000000000000000e+00 -2.50000000000000000e+00  1.65000000000000013e+00 -1.00000000000000006e-01  1.60000000000000009e+00 -8.00000000000000044e-01  2.30000000000000027e+00
 1.23128000000001085e-06  9.91564797340414297e-06 -9.10492704137895936e-04  7.68763253913673505e-04 -1.24338653067652028e-04 -1.30451559796513147e-06  5.25963407690411445e-06 -2.08510649159858684e-09  2.86337342693844655e-09  4.00000000000000000e+00 -2.50000000000000000e+00  1.65000000000000013e+00 -1.00000000000000006e-01  1.60000000000000009e+00 -8.00000000000000044e-01  2.30000000000000027e+00
 1.23228000000001093e-06  9.91564797379460314e-06 -9.10492704104692895e-04  7.68763253901905141e-04 -1.24338653066763849e-04 -1.30451559760838554e-06  5.25963407524814725e-06 -2.08510650679651562e-09  2.86337333763452670e-09  4.00000000000000000e+00 -2.50000000000000000e+00  1.65000000000000013e+00 -1.00000000000000006e-01  1.60000000000000009e+00 -8.00000000000000044e-01  2.30000000000000027e+00
 1.23328000000001100e-06  9.91564797364077348e-06 -9.10492704127382102e-04  7.68763253927884360e-04 -1.24338653067903671e-04 -1.30451559876301745e-06  5.25963407634981185e-06 -2.08510644080573256e-09  2.86337332876078951e-09  4.00000000000000000e+00 -2.50000000000000000e+00  1.65000000000000013e+00 -1.00000000000000006e-01  1.60000000000000009e+00 -8.00000000000000044e-01  2.30000000000000027e+00
 1.23428000000001108e-06  9.91564797322083488e-06 -9.10492704123400153e-04  7.68763253928476443e-04 -1.24338653068555005e-04 -1.30451559912809013e-06  5.25963407700337909e-06 -2.08510642117642974e-09  2.86337316997049867e-09  4.00000000000000000e+00 -2.50000000000000000e+00  1.65000000000000013e+00 -1.00000000000000006e-01  1.60000000000000009e+00 -8.00000000000000044e-01  2.30000000000000027e+00
 1.23528000000001115e-06  9.91564797220256914e-06 -9.10492704138376996e-04  7.68763253898056332e-04 -1.24338653068318188e-04 -1.30451559839525607e-06  5.25963407630532568e-06 -2.08510657287535619e-09  2.86337323546696935e-09  4.00000000000000000e+00 -2.50000000000000000e+00  1.65000000000000013e+00 -1.00000000000000006e-01  1.60000000000000009e+00 -8.00000000000000044e-01  2.30000000000000027e+00
 1.23628000000001123e-06  9.91564797161089629e-06 -9.10492704123222452e-04  7.68763253916115996e-04 -1.24338653067015520e-04 -1.30451559791482449e-06  5.25963407756851354e-06 -2.08510643300251267e-09  2.86337334029843043e-09  4.00000000000000000e+00 -2.50000000000000000e+00  1.65000000000000013e+00 -1.00000000000000006e-01  1.60000000000000009e+00 -8.00000000000000044e-01  2.30000000000000027e+00
 1.23728000000001130e-06  9.91564797273733661e-06 -9.10492704145271546e-04  7.68763253923443468e-04 -1.24338653066778649e-04 -1.30451559845007329e-06  5.25963407707006938e-06 -2.08510640035831411e-09  2.86337330855920633e-09  4.00000000000000000e+00 -2.50000000000000000e+00  1.65000000000000013e+00 -1.00000000000000006e-01  1.60000000000000009e+00 -8.00000000000000044e-01  2.30000000000000027e+00
 1.23828000000001138e-06  9.91564797470425215e-06 -9.10492704123181795e-04  7.68763253923813506e-04 -1.24338653068451383e-04 -1.30451559877776260e-06  5.25963407627433275e-06 -2.08510653920216273e-09  2.86337351013691155e-09  4.00000000000000000e+00 -2.50000000000000000e+00  1.65000000000000013e+00 -1.00000000000000006e-01  1.60000000000000009e+00 -8.00000000000000044e-01  2.30000000000000027e+00
 1.23928000000001145e-06  9.91564797513641005e-06 -9.10492704125898155e-04  7.68763253909232613e-04 -1.24338653067326360e-04 -1.30451559816713993e-06  5.25963407625906667e-06 -2.08510650699829557e-09  2.86337337908363522e-09  4.00000000000000000e+00 -2.50000000000000000e+00  1.65000000000000013e+00 -1.00000000000000006e-01  1.60000000000000009e+00 -8.00000000000000044e-01  2.30000000000000027e+00
 1.24028000000001153e-06  9.91564797357894008e-06 -9.10492704137118780e-04  7.68763253894503618e-04 -1.24338653065979293e-04 -1.30451559815170085e-06  5.25963407663727535e-06 -2.08510637729775816e-09  2.86337318022327911e-09  4.00000000000000000e+00 -2.50000000000000000e+00  1.65000000000000013e+00 -1.00000000000000006e-01  1.60000000000000009e+00 -8.00000000000000044e-01  2.30000000000000027e+00
 1.24128000000001160e-06  9.91564797209180264e-06 -9.10492704143010334e-04  7.68763253906568078e-04 -1.24338653066601029e-04 -1.30451559835527082e-06  5.25963407725811323e-06 -2.08510638097306431e-09  2.86337324562280216e-09  4.00000000000000000e+00 -2.50000000000000000e+00  1.65000000000000013e+00 -1.00000000000000006e-01  1.60000000000000009e+00 -8.00000000000000044e-01  2.30000000000000027e+00
 1.24228000000001168e-06  9.91564797215945008e-06 -9.10492704135397934e-04  7.68763253928180456e-04 -1.24338653069176741e-04 -1.30451559908897203e-06  5.25963407632602717e-06 -2.08510657779179308e-09  2.86337333343457256e-09  4.00000000000000000e+00 -2.50000000000000000e+00  1.65000000000000013e+00 -1.00000000000000006e-01  1.60000000000000009e+00 -8.00000000000000044e-01  2.30000000000000027e+00
 1.24328000000001175e-06  9.91564797317516116e-06 -9.10492704144586873e-04  7.68763253923443468e-04 -1.24338653069620857e-04 -1.30451559827226413e-06  5.25963407625914375e-06 -2.08510659376629018e-09  2.86337335649161671e-09  4.00000000000000000e+00 -2.50000000000000000e+00  1.65000000000000013e+00 -1.00000000000000006e-01  1.60000000000000009e+00 -8.00000000000000044e-01  2.30000000000000027e+00
 1.24428000000001183e-06  9.91564797384244525e-06 -9.10492704126445785e-04  7.68763253909232613e-04 -1.24338653067622429e-04 -1.30451559762954909e-06  5.25963407580067616e-06 -2.08510647957845024e-09  2.86337335470682730e-09  4.00000000000000000e+00 -2.50000000000000000e+00  1.65000000000000013e+00 -1.00000000000000006e-01  1.60000000000000009e+00 -8.00000000000000044e-01  2.30000000000000027e+00
 1.24528000000001190e-06  9.91564797314056665e-06 -9.10492704119703023e-04  7.68763253895391797e-04 -1.24338653065816446e-04 -1.30451559840375626e-06  5.25963407692219352e-06 -2.08510630786931918e-09  2.86337334488053332e-09  4.00000000000000000e+00 -2.50000000000000000e+00  1.65000000000000013e+00 -1.00000000000000006e-01  1.60000000000000009e+00 -8.00000000000000044e-01  2.30000000000000027e+00
 1.24628000000001198e-06  9.91564797238865042e-06 -9.10492704132215259e-04  7.68763253906346034e-04 -1.24338653066615828e-04 -1.30451559904499683e-06  5.25963407691309639e-06 -2.08510648907308615e-09  2.86337328096193613e-09  4.00000000000000000e+00 -2.50000000000000000e+00  1.65000000000000013e+00 -1.00000000000000006e-01  1.60000000000000009e+00 -8.00000000000000044e-01  2.30000000000000027e+00
 1.24728000000001205e-06  9.91564797284830979e-06 -9.10492704132481756e-04  7.68763253892357223e-04 -1.24338653067326387e-04 -1.30451559827538672e-06  5.25963407698795885e-06 -2.08510647694558894e-09  2.86337334352241773e-09  4.00000000000000000e+00 -2.50000000000000000e+00  1.65000000000000013e+00 -1.00000000000000006e-01  1.60000000000000009e+00 -8.00000000000000044e-01  2.30000000000000027e+00
 1.24828000000001213e-06  9.91564797333358343e-06 -9.10492704139365138e-04  7.68763253906346034e-04 -1.24338653068614257e-04 -1.30451559840046024e-06  5.25963407583444482e-06 -2.08510652258262523e-09  2.86337340100431685e-09  4.00000000000000000e+00 -2.50000000000000000e+00  1.65000000000000013e+00 -1.00000000000000006e-01  1.60000000000000009e+00 -8.00000000000000044e-01  2.30000000000000027e+00
 1.24928000000001220e-06  9.91564797363224725e-06 -9.10492704120887297e-04  7.68763253920778933e-04 -1.24338653068140542e-04 -1.30451559753674138e-06  5.25963407561189962e-06 -2.08510661962758870e-09  2.86337335116263383e-09  4.00000000000000000e+00 -2.50000000000000000e+00  1.65000000000000013e+00 -1.00000000000000006e-01  1.60000000000000009e+00 -8.00000000000000044e-01  2.30000000000000027e+00
 1.25028000000001228e-06  9.91564797330193320e-06 -9.10492704098149952e-04  7.68763253920778933e-04 -1.24338653067030319e-04 -1.30451559811752688e-06  5.25963407635112306e-06 -2.08510646462141631e-09  2.86337327560983272e-09  4.00000000000000000e+00 -2.50000000000000000e+00  1.65000000000000013e+00 -1.00000000000000006e-01  1.60000000000000009e+00 -8.00000000000000044e-01  2.30000000000000027e+00
 1.25128000000001235e-06  9.91564797298978970e-06 -9.10492704110336492e-04  7.68763253917004175e-04 -1.24338653066704652e-04 -1.30451559881488572e-06  5.25963407744033628e-06 -2.08510639931461028e-09  2.86337326672181716e-09  4.00000000000000000e+00 -2.50000000000000000e+00  1.65000000000000013e+00 -1.00000000000000006e-01  1.60000000000000009e+00 -8.00000000000000044e-01  2.30000000000000027e+00
 1.25228000000001243e-06  9.91564797328967324e-06 -9.10492704135816111e-04  7.68763253913673505e-04 -1.24338653066867472e-04 -1.30451559854184020e-06  5.25963407713718403e-06 -2.08510641542217303e-09  2.86337333264425442e-09  4.00000000000000000e+00 -2.50000000000000000e+00  1.65000000000000013e+00 -1.00000000000000006e-01  1.60000000000000009e+00 -8.00000000000000044e-01  2.30000000000000027e+00
 1.25328000000001250e-06  9.91564797395526834e-06 -9.10492704124195740e-04  7.68763253909010569e-04 -1.24338653067385585e-04 -1.30451559844651723e-06  5.25963407578506365e-06 -2.08510653492531182e-09  2.86337328975204329e-09  4.00000000000000000e+00 -2.50000000000000000e+00  1.65000000000000013e+00 -1.00000000000000006e-01  1.60000000000000009e+00 -8.00000000000000044e-01  2.30000000000000027e+00
 1.25428000000001258e-06  9.91564797362301459e-06 -9.10492704130002185e-04  7.68763253903311460e-04 -1.24338653065801674e-04 -1.30451559829655026e-06  5.25963407623493470e-06 -2.08510647233629165e-09  2.86337319200111508e-09  4.00000000000000000e+00 -2.50000000000000000e+00  1.65000000000000013e+00 -1.00000000000000006e-01  1.60000000000000009e+00 -8.00000000000000044e-01  2.30000000000000027e+00
 1.25528000000001265e-06  9.91564797318441246e-06 -9.10492704141071130e-04  7.68763253902201237e-04 -1.24338653065594402e-04 -1.30451559864080626e-06  5.25963407730479661e-06 -2.08510638973331107e-09  2.86337327665838589e-09  4.00000000000000000e+00 -2.50000000000000000e+00  1.65000000000000013e+00 -1.00000000000000006e-01  1.60000000000000009e+00 -8.00000000000000044e-01  2.30000000000000027e+00
 1.25628000000001273e-06  9.91564797311612297e-06 -9.10492704122049345e-04  7.68763253902719269e-04 -1.24338653066808274e-04 -1.30451559817754827e-06  5.25963407590822901e-06 -2.08510649515491423e-09  2.86337348841691883e-09  4.00000000000000000e+00 -2.50000000000000000e+00  1.65000000000000013e+00 -1.00000000000000006e-01  1.60000000000000009e+00 -8.00000000000000044e-01  2.30000000000000027e+00
 1.25728000000001280e-06  9.91564797333641930e-06 -9.10492704125931440e-04  7.68763253909232613e-04 -1.24338653067119115e-04 -1.30451559854262096e-06  5.25963407672987045e-06 -2.08510651002599871e-09  2.86337336768962678e-09  4.00000000000000000e+00 -2.50000000000000000e+00  1.65000000000000013e+00 -1.00000000000000006e-01  1.60000000000000009e+00 -8.00000000000000044e-01  2.30000000000000027e+00
 1.25828000000001288e-06  9.91564797348089771e-06 -9.10492704134631837e-04  7.68763253926478042e-04 -1.24338653066586203e-04 -1.30451559869432244e-06  5.25963407742969670e-06 -2.08510641359474577e-09  2.86337310964958665e-09  4.00000000000000000e+00 -2.50000000000000000e+00  1.65000000000000013e+00 -1.00000000000000006e-01  1.60000000000000009e+00 -8.00000000000000044e-01  2.30000000000000027e+00
 1.25928000000001295e-06  9.91564797353244983e-06 -9.10492704144016908e-04  7.68763253927884360e-04 -1.24338653068629002e-04 -1.30451559864141337e-06  5.25963407683422407e-06 -2.08510640310511126e-09  2.86337335107353944e-09  4.00000000000000000e+00 -2.50000000000000000e+00  1.65000000000000013e+00 -1.00000000000000006e-01  1.60000000000000009e+00 -8.00000000000000044e-01  2.30000000000000027e+00
 1.26028000000001303e-06  9.91564797244729051e-06 -9.10492704159056743e-04  7.68763253912267187e-04 -1.24338653070375787e-04 -1.30451559863993890e-06  5.25963407637880156e-06 -2.08510653685757843e-09  2.86337341196760780e-09  4.00000000000000000e+00 -2.50000000000000000e+00  1.65000000000000013e+00 -1.00000000000000006e-01  1.60000000000000009e+00 -8.00000000000000044e-01  2.30000000000000027e+00
 1.26128000000001310e-06  9.91564797198779885e-06 -9.10492704146892429e-04  7.68763253924627742e-04 -1.24338653070494182e-04 -1.30451559793798300e-06  5.25963407628435484e-06 -2.08510658619390166e-09  2.86337341585463786e-09  4.00000000000000000e+00 -2.50000000000000000e+00  1.65000000000000013e+00 -1.00000000000000006e-01  1.60000000000000009e+00 -8.00000000000000044e-01  2.30000000000000027e+00
 1.26228000000001318e-06  9.91564797244160692e-06 -9.10492704131179087e-04  7.68763253910120792e-04 -1.24338653068155341e-04 -1.30451559807849561e-06  5.25963407640844601e-06 -2.08510645041654474e-09  2.86337331891650353e-09  4.00000000000000000e+00 -2.50000000000000000e+00  1.65000000000000013e+00 -1.00000000000000006e-01  1.60000000000000009e+00 -8.00000000000000044e-01  2.30000000000000027e+00
 1.26328000000001325e-06  9.91564797332073055e-06 -9.10492704129487840e-04  7.68763253930030755e-04 -1.24338653067652028e-04 -1.30451559843957834e-06  5.25963407676549073e-06 -2.08510644155034152e-09  2.86337337853534848e-09  4.00000000000000000e+00 -2.50000000000000000e+00  1.65000000000000013e+00 -1.00000000000000006e-01  1.60000000000000009e+00 -8.00000000000000044e-01  2.30000000000000027e+00
 1.26428000000001333e-06  9.91564797375844330e-06 -9.10492704108619333e-04  7.68763253920260793e-04 -1.24338653066882271e-04 -1.30451559798152452e-06  5.25963407522555688e-06 -2.08510656153902167e-09  2.86337332267952474e-09  4.00000000000000000e+00 -2.50000000000000000e+00  1.65000000000000013e+00 -1.00000000000000006e-01  1.60000000000000009e+00 -8.00000000000000044e-01  2.30000000000000027e+00
 1.26528000000001341e-06  9.91564797350012874e-06 -9.10492704097879768e-04  7.68763253892949306e-04 -1.24338653065002292e-04 -1.30451559768306547e-06  5.25963407573918919e-06 -2.08510648818892726e-09  2.86337337882072124e-09  4.00000000000000000e+00 -2.50000000000000000e+00  1.65000000000000013e+00 -1.00000000000000006e-01  1.60000000000000009e+00 -8.00000000000000044e-01  2.30000000000000027e+00
 1.26628000000001348e-06  9.91564797272608293e-06 -9.10492704119144226e-04  7.68763253894725663e-04 -1.24338653064647026e-04 -1.30451559925923518e-06  5.25963407709073190e-06 -2.08510641894589668e-09  2.86337314131808019e-09  4.00000000000000000e+00 -2.50000000000000000e+00  1.65000000000000013e+00 -1.00000000000000006e-01  1.60000000000000009e+00 -8.00000000000000044e-01  2.30000000000000027e+00
 1.26728000000001356e-06  9.91564797267090551e-06 -9.10492704119632767e-04  7.68763253906568078e-04 -1.24338653065564830e-04 -1.30451559787848190e-06  5.25963407690484628e-06 -2.08510638491494637e-09  2.86337332351309243e-09  4.00000000000000000e+00 -2.50000000000000000e+00  1.65000000000000013e+00 -1.00000000000000006e-01  1.60000000000000009e+00 -8.00000000000000044e-01  2.30000000000000027e+00
 1.26828000000001363e-06  9.91564797302808575e-06 -9.10492704127544949e-04  7.68763253907456257e-04 -1.24338653067281962e-04 -1.30451559914725870e-06  5.25963407701101170e-06 -2.08510647465045887e-09  2.86337332557398645e-09  4.00000000000000000e+00 -2.50000000000000000e+00  1.65000000000000013e+00 -1.00000000000000006e-01  1.60000000000000009e+00 -8.00000000000000044e-01  2.30000000000000027e+00
 1.26928000000001371e-06  9.91564797365680951e-06 -9.10492704115447205e-04  7.68763253906568078e-04 -1.24338653067518779e-04 -1.30451559822889605e-06  5.25963407684320600e-06 -2.08510647685060007e-09  2.86337332766014795e-09  4.00000000000000000e+00 -2.50000000000000000e+00  1.65000000000000013e+00 -1.00000000000000006e-01  1.60000000000000009e+00 -8.00000000000000044e-01  2.30000000000000027e+00
 1.27028000000001378e-06  9.91564797389192044e-06 -9.10492704109207730e-04  7.68763253910120792e-04 -1.24338653067429983e-04 -1.30451559854955985e-06  5.25963407591936919e-06 -2.08510660858235558e-09  2.86337326814955530e-09  4.00000000000000000e+00 -2.50000000000000000e+00  1.65000000000000013e+00 -1.00000000000000006e-01  1.60000000000000009e+00 -8.00000000000000044e-01  2.30000000000000027e+00
 1.27128000000001386e-06  9.91564797310077134e-06 -9.10492704123163255e-04  7.68763253904199638e-04 -1.24338653066808301e-04 -1.30451559810382253e-06  5.25963407682709205e-06 -2.08510644728061784e-09  2.86337333686128322e-09  4.00000000000000000e+00 -2.50000000000000000e+00  1.65000000000000013e+00 -1.00000000000000006e-01  1.60000000000000009e+00 -8.00000000000000044e-01  2.30000000000000027e+00
 1.27228000000001393e-06  9.91564797300518029e-06 -9.10492704111561424e-04  7.68763253902497224e-04 -1.24338653067429983e-04 -1.30451559839872552e-06  5.25963407630189520e-06 -2.08510642790255087e-09  2.86337336670615411e-09  4.00000000000000000e+00 -2.50000000000000000e+00  1.65000000000000013e+00 -1.00000000000000006e-01  1.60000000000000009e+00 -8.00000000000000044e-01  2.30000000000000027e+00
 1.27328000000001401e-06  9.91564797272209510e-06 -9.10492704142817889e-04  7.68763253920186850e-04 -1.24338653067977695e-04 -1.30451559878131886e-06  5.25963407700334012e-06 -2.08510642266019158e-09  2.86337321978561224e-09  4.00000000000000000e+00 -2.50000000000000000e+00  1.65000000000000013e+00 -1.00000000000000006e-01  1.60000000000000009e+00 -8.00000000000000044e-01  2.30000000000000027e+00
 1.27428000000001408e-06  9.91564797285415939e-06 -9.10492704137692431e-04  7.68763253934989788e-04 -1.24338653067119142e-04 -1.30451559852345218e-06  5.25963407689867819e-06 -2.08510642475788232e-09  2.86337323844192153e-09  4.00000000000000000e+00 -2.50000000000000000e+00  1.65000000000000013e+00 -1.00000000000000006e-01  1.60000000000000009e+00 -8.00000000000000044e-01  2.30000000000000027e+00
 1.27528000000001416e-06  9.91564797348740970e-06 -9.10492704152036426e-04  7.68763253932325252e-04 -1.24338653068051719e-04 -1.30451559865286251e-06  5.25963407707908943e-06 -2.08510651158047829e-09  2.86337334268561784e-09  4.00000000000000000e+00 -2.50000000000000000e+00  1.65000000000000013e+00 -1.00000000000000006e-01  1.60000000000000009e+00 -8.00000000000000044e-01  2.30000000000000027e+00
 1.27628000000001423e-06  9.91564797376931243e-06 -9.10492704144446252e-04  7.68763253913081423e-04 -1.24338653068451383e-04 -1.30451559778220475e-06  5.25963407669224610e-06 -2.08510655252324310e-09  2.86337343350937205e-09  4.00000000000000000e+00 -2.50000000000000000e+00  1.65000000000000013e+00 -1.00000000000000006e-01  1.60000000000000009e+00 -8.00000000000000044e-01  2.30000000000000027e+00
 1.27728000000001431e-06  9.91564797362172032e-06 -9.10492704122630369e-04  7.68763253908714473e-04 -1.24338653067696453e-04 -1.30451559789660989e-06  5.25963407574678369e-06 -2.08510648930996917e-09  2.86337345565019332e-09  4.00000000000000000e+00 -2.50000000000000000e+00  1.65000000000000013e+00 -1.00000000000000006e-01  1.60000000000000009e+00 -8.00000000000000044e-01  2.30000000000000027e+00
 1.27828000000001438e-06  9.91564797331911611e-06 -9.10492704117889695e-04  7.68763253910120792e-04 -1.24338653066675026e-04 -1.30451559872832298e-06  5.25963407580480036e-06 -2.08510647607141082e-09  2.86337330131490163e-09  4.00000000000000000e+00 -2.50000000000000000e+00  1.65000000000000013e+00 -1.00000000000000006e-01  1.60000000000000009e+00 -8.00000000000000044e-01  2.30000000000000027e+00
 1.27928000000001446e-06  9.91564797323480922e-06 -9.10492704111620622e-04  7.68763253908714473e-04 -1.24338653065846072e-04 -1.30451559757828813e-06  5.25963407622051736e-06 -2.08510647011850752e-09  2.86337334146042811e-09  4.00000000000000000e+00 -2.50000000000000000e+00  1.65000000000000013e+00 -1.00000000000000006e-01  1.60000000000000009e+00 -8.00000000000000044e-01  2.30000000000000027e+00
 1.28028000000001453e-06  9.91564797284139461e-06 -9.10492704105592132e-04  7.68763253910194843e-04 -1.24338653066230937e-04 -1.30451559909270173e-06  5.25963407680114828e-06 -2.08510644359037777e-09  2.86337323644266569e-09  4.00000000000000000e+00 -2.50000000000000000e+00  1.65000000000000013e+00 -1.00000000000000006e-01  1.60000000000000009e+00 -8.00000000000000044e-01  2.30000000000000027e+00
 1.28128000000001461e-06  9.91564797292282497e-06 -9.10492704118585428e-04  7.68763253901609046e-04 -1.24338653067000693e-04 -1.30451559857046314e-06  5.25963407644687929e-06 -2.08510646624673812e-09  2.86337328046369133e-09  4.00000000000000000e+00 -2.50000000000000000e+00  1.65000000000000013e+00 -1.00000000000000006e-01  1.60000000000000009e+00 -8.00000000000000044e-01  2.30000000000000027e+00
 1.28228000000001468e-06  9.91564797327434025e-06 -9.10492704137189036e-04  7.68763253902497224e-04 -1.24338653065846045e-04 -1.30451559825136084e-06  5.25963407773759063e-06 -2.08510640191141767e-09  2.86337322733233996e-09  4.00000000000000000e+00 -2.50000000000000000e+00  1.65000000000000013e+00 -1.00000000000000006e-01  1.60000000000000009e+00 -8.00000000000000044e-01  2.30000000000000027e+00
 1.28328000000001476e-06  9.91564797358556049e-06 -9.10492704139883170e-04  7.68763253917300270e-04 -1.24338653066512206e-04 -1.30451559900162875e-06  5.25963407670176844e-06 -2.08510646620346168e-09  2.86337325768269679e-09  4.00000000000000000e+00 -2.50000000000000000e+00  1.65000000000000013e+00 -1.00000000000000006e-01  1.60000000000000009e+00 -8.00000000000000044e-01  2.30000000000000027e+00
 1.28428000000001483e-06  9.91564797340589972e-06 -9.10492704137955133e-04  7.68763253924331647e-04 -1.24338653068318134e-04 -1.30451559836663313e-06  5.25963407711644443e-06 -2.08510648366507029e-09  2.86337341488143547e-09  4.00000000000000000e+00 -2.50000000000000000e+00  1.65000000000000013e+00 -1.00000000000000006e-01  1.60000000000000009e+00 -8.00000000000000044e-01  2.30000000000000027e+00
 1.28528000000001491e-06  9.91564797281066425e-06 -9.10492704134620778e-04  7.68763253909010569e-04 -1.24338653069176741e-04 -1.30451559792323785e-06  5.25963407581459206e-06 -2.08510649737738475e-09  2.86337351412409499e-09  4.00000000000000000e+00 -2.50000000000000000e+00  1.65000000000000013e+00 -1.00000000000000006e-01  1.60000000000000009e+00 -8.00000000000000044e-01  2.30000000000000027e+00
 1.28628000000001498e-06  9.91564797309859955e-06 -9.10492704128436814e-04  7.68763253910416887e-04 -1.24338653068214539e-04 -1.30451559881679387e-06  5.25963407565087245e-06 -2.08510662392491481e-09  2.86337327561006061e-09  4.00000000000000000e+00 -2.50000000000000000e+00  1.65000000000000013e+00 -1.00000000000000006e-01  1.60000000000000009e+00 -8.00000000000000044e-01  2.30000000000000027e+00
 1.28728000000001506e-06  9.91564797322832265e-06 -9.10492704116694362e-04  7.68763253902127186e-04 -1.24338653066349359e-04 -1.30451559760604371e-06  5.25963407646893010e-06 -2.08510646420896544e-09  2.86337323367139185e-09  4.00000000000000000e+00 -2.50000000000000000e+00  1.65000000000000013e+00 -1.00000000000000006e-01  1.60000000000000009e+00 -8.00000000000000044e-01  2.30000000000000027e+00
 1.28828000000001513e-06  9.91564797324825672e-06 -9.10492704114385120e-04  7.68763253895021759e-04 -1.24338653065135540e-04 -1.30451559796782016e-06  5.25963407664020439e-06 -2.08510640000235471e-09  2.86337333546769937e-09  4.00000000000000000e+00 -2.50000000000000000e+00  1.65000000000000013e+00 -1.00000000000000006e-01  1.60000000000000009e+00 -8.00000000000000044e-01  2.30000000000000027e+00
 1.28928000000001521e-06  9.91564797339079204e-06 -9.10492704115883921e-04  7.68763253927662316e-04 -1.24338653065964494e-04 -1.30451559913789115e-06  5.25963407717079854e-06 -2.08510639763256374e-09  2.86337322374273055e-09  4.00000000000000000e+00 -2.50000000000000000e+00  1.65000000000000013e+00 -1.00000000000000006e-01  1.60000000000000009e+00 -8.00000000000000044e-01  2.30000000000000027e+00
 1.29028000000001528e-06  9.91564797311182004e-06 -9.10492704121527519e-04  7.68763253916115996e-04 -1.24338653067785276e-04 -1.30451559883500847e-06  5.25963407683896576e-06 -2.08510647692846092e-09  2.86337323117220253e-09  4.00000000000000000e+00 -2.50000000000000000e+00  1.65000000000000013e+00 -1.00000000000000006e-01  1.60000000000000009e+00 -8.00000000000000044e-01  2.30000000000000027e+00
 1.29128000000001536e-06  9.91564797260742378e-06 -9.10492704137614694e-04  7.68763253922925328e-04 -1.24338653068614230e-04 -1.30451559813166492e-06  5.25963407699713391e-06 -2.08510646806387112e-09  2.86337329774380866e-09  4.00000000000000000e+00 -2.50000000000000000e+00  1.65000000000000013e+00 -1.00000000000000006e-01  1.60000000000000009e+00 -8.00000000000000044e-01  2.30000000000000027e+00
 1.29228000000001543e-06  9.91564797219254535e-06 -9.10492704142810516e-04  7.68763253901609046e-04 -1.24338653068244165e-04 -1.30451559853932494e-06  5.25963407578714481e-06 -2.08510655235596071e-09  2.86337334735422522e-09  4.00000000000000000e+00 -2.50000000000000000e+00  1.65000000000000013e+00 -1.00000000000000006e-01  1.60000000000000009e+00 -8.00000000000000044e-01  2.30000000000000027e+00
 1.29328000000001551e-06  9.91564797247352820e-06 -9.10492704136930020e-04  7.68763253902423282e-04 -1.24338653067429983e-04 -1.30451559821137538e-06  5.25963407618019435e-06 -2.08510646996877335e-09  2.86337346123307061e-09  4.00000000000000000e+00 -2.50000000000000000e+00  1.65000000000000013e+00 -1.00000000000000006e-01  1.60000000000000009e+00 -8.00000000000000044e-01  2.30000000000000027e+00
 1.29428000000001558e-06  9.91564797320052811e-06 -9.10492704116068886e-04  7.68763253898352428e-04 -1.24338653065905297e-04 -1.30451559828085114e-06  5.25963407662821634e-06 -2.08510640662998014e-09  2.86337334263305589e-09  4.00000000000000000e+00 -2.50000000000000000e+00  1.65000000000000013e+00 -1.00000000000000006e-01  1.60000000000000009e+00 -8.00000000000000044e-01  2.30000000000000027e+00
 1.29528000000001566e-06  9.91564797379011894e-06 -9.10492704130583209e-04  7.68763253910120792e-04 -1.24338653067459582e-04 -1.30451559873448133e-06  5.25963407758404897e-06 -2.08510641633168996e-09  2.86337331681271191e-09  4.00000000000000000e+00 -2.50000000000000000e+00  1.65000000000000013e+00 -1.00000000000000006e-01  1.60000000000000009e+00 -8.00000000000000044e-01  2.30000000000000027e+00
 1.29628000000001573e-06  9.91564797391556113e-06 -9.10492704129828279e-04  7.68763253910120792e-04 -1.24338653068614230e-04 -1.30451559853663603e-06  5.25963407644876817e-06 -2.08510652819811535e-09  2.86337324810124496e-09  4.00000000000000000e+00 -2.50000000000000000e+00  1.65000000000000013e+00 -1.00000000000000006e-01  1.60000000000000009e+00 -8.00000000000000044e-01  2.30000000000000027e+00
 1.29728000000001581e-06  9.91564797323255273e-06 -9.10492704132781537e-04  7.68763253916338041e-04 -1.24338653068969523e-04 -1.30451559817572694e-06  5.25963407665296494e-06 -2.08510652806467085e-09  2.86337330543809589e-09  4.00000000000000000e+00 -2.50000000000000000e+00  1.65000000000000013e+00 -1.00000000000000006e-01  1.60000000000000009e+00 -8.00000000000000044e-01  2.30000000000000027e+00
 1.29828000000001588e-06  9.91564797214489127e-06 -9.10492704121013173e-04  7.68763253901905141e-04 -1.24338653067874099e-04 -1.30451559792505940e-06  5.25963407543171962e-06 -2.08510649362347328e-09  2.86337339499153022e-09  4.00000000000000000e+00 -2.50000000000000000e+00  1.65000000000000013e+00 -1.00000000000000006e-01  1.60000000000000009e+00 -8.00000000000000044e-01  2.30000000000000027e+00
 1.29928000000001596e-06  9.91564797229832621e-06 -9.10492704127163744e-04  7.68763253909232613e-04 -1.24338653066423383e-04 -1.30451559829108605e-06  5.25963407621423406e-06 -2.08510647288851702e-09  2.86337342246508109e-09  4.00000000000000000e+00 -2.50000000000000000e+00  1.65000000000000013e+00 -1.00000000000000006e-01  1.60000000000000009e+00 -8.00000000000000044e-01  2.30000000000000027e+00
 1.30028000000001603e-06  9.91564797318553901e-06 -9.10492704107364803e-04  7.68763253909232613e-04 -1.24338653065150312e-04 -1.30451559801639242e-06  5.25963407657401554e-06 -2.08510648200070183e-09  2.86337325194031881e-09  4.00000000000000000e+00 -2.50000000000000000e+00  1.65000000000000013e+00 -1.00000000000000006e-01  1.60000000000000009e+00 -8.00000000000000044e-01  2.30000000000000027e+00
 1.30128000000001611e-06  9.91564797419818723e-06 -9.10492704118163565e-04  7.68763253899758746e-04 -1.24338653065165139e-04 -1.30451559810477671e-06  5.25963407650875166e-06 -2.08510642989213531e-09  2.86337333984194543e-09  4.00000000000000000e+00 -2.50000000000000000e+00  1.65000000000000013e+00 -1.00000000000000006e-01  1.60000000000000009e+00 -8.00000000000000044e-01  2.30000000000000027e+00
 1.30228000000001618e-06  9.91564797396549711e-06 -9.10492704114788443e-04  7.68763253910194843e-04 -1.24338653066038491e-04 -1.30451559891732123e-06  5.25963407678349272e-06 -2.08510646835995752e-09  2.86337321648099219e-09  4.00000000000000000e+00 -2.50000000000000000e+00  1.65000000000000013e+00 -1.00000000000000006e-01  1.60000000000000009e+00 -8.00000000000000044e-01  2.30000000000000027e+00
 1.30328000000001626e-06  9.91564797265598926e-06 -9.10492704125202422e-04  7.68763253924109602e-04 -1.24338653067785249e-04 -1.30451559892070385e-06  5.25963407685496367e-06 -2.08510638419509823e-09  2.86337325905018185e-09  4.00000000000000000e+00 -2.50000000000000000e+00  1.65000000000000013e+00 -1.00000000000000006e-01  1.60000000000000009e+00 -8.00000000000000044e-01  2.30000000000000027e+00
 1.30428000000001634e-06  9.91564797203992018e-06 -9.10492704128917875e-04  7.68763253920556888e-04 -1.24338653068614203e-04 -1.30451559825578426e-06  5.25963407630070004e-06 -2.08510647760093932e-09  2.86337342305057442e-09  4.00000000000000000e+00 -2.50000000000000000e+00  1.65000000000000013e+00 -1.00000000000000006e-01  1.60000000000000009e+00 -8.00000000000000044e-01  2.30000000000000027e+00
 1.30528000000001641e-06  9.91564797237566879e-06 -9.10492704134102638e-04  7.68763253902719269e-04 -1.24338653067770450e-04 -1.30451559889901981e-06  5.25963407653508083e-06 -2.08510654070586831e-09  2.86337332959597392e-09  4.00000000000000000e+00 -2.50000000000000000e+00  1.65000000000000013e+00 -1.00000000000000006e-01  1.60000000000000009e+00 -8.00000000000000044e-01  2.30000000000000027e+00
 1.30628000000001649e-06  9.91564797318760408e-06 -9.10492704130627661e-04  7.68763253902497224e-04 -1.24338653067059891e-04 -1.30451559802124973e-06  5.25963407740864878e-06 -2.08510644963667390e-09  2.86337326342235169e-09  4.00000000000000000e+00 -2.50000000000000000e+00  1.65000000000000013e+00 -1.00000000000000006e-01  1.60000000000000009e+00 -8.00000000000000044e-01  2.30000000000000027e+00
 1.30728000000001656e-06  9.91564797385627730e-06 -9.10492704137618380e-04  7.68763253928180456e-04 -1.24338653067785276e-04 -1.30451559829299421e-06  5.25963407701964635e-06 -2.08510645252615433e-09  2.86337334937278290e-09  4.00000000000000000e+00 -2.50000000000000000e+00  1.65000000000000013e+00 -1.00000000000000006e-01  1.60000000000000009e+00 -8.00000000000000044e-01  2.30000000000000027e+00
 1.30828000000001664e-06  9.91564797431414773e-06 -9.10492704120217477e-04  7.68763253931215029e-04 -1.24338653068303362e-04 -1.30451559825040666e-06  5.25963407639680355e-06 -2.08510651685466294e-09  2.86337338930008341e-09  4.00000000000000000e+00 -2.50000000000000000e+00  1.65000000000000013e+00 -1.00000000000000006e-01  1.60000000000000009e+00 -8.00000000000000044e-01  2.30000000000000027e+00
 1.30928000000001671e-06  9.91564797373347954e-06 -9.10492704128355390e-04  7.68763253914857780e-04 -1.24338653067992494e-04 -1.30451559854626383e-06  5.25963407579419974e-06 -2.08510648329010146e-09  2.86337330885105509e-09  4.00000000000000000e+00 -2.50000000000000000e+00  1.65000000000000013e+00 -1.00000000000000006e-01  1.60000000000000009e+00 -8.00000000000000044e-01  2.30000000000000027e+00
 1.31028000000001679e-06  9.91564797282904995e-06 -9.10492704116927466e-04  7.68763253912267187e-04 -1.24338653067992494e-04 -1.30451559848364036e-06  5.25963407584909341e-06 -2.08510653007273244e-09  2.86337327666319016e-09  4.00000000000000000e+00 -2.50000000000000000e+00  1.65000000000000013e+00 -1.00000000000000006e-01  1.60000000000000009e+00 -8.00000000000000044e-01  2.30000000000000027e+00
 1.31128000000001686e-06  9.91564797237005465e-06 -9.10492704125528008e-04  7.68763253898352428e-04 -1.24338653067089543e-04 -1.30451559800338199e-06  5.25963407587353454e-06 -2.08510646652024042e-09  2.86337329647222898e-09  4.00000000000000000e+00 -2.50000000000000000e+00  1.65000000000000013e+00 -1.00000000000000006e-01  1.60000000000000009e+00 -8.00000000000000044e-01  2.30000000000000027e+00
 1.31228000000001694e-06  9.91564797268757342e-06 -9.10492704121719965e-04  7.68763253899462651e-04 -1.24338653065860898e-04 -1.30451559835795952e-06  5.25963407777432815e-06 -2.08510648093222685e-09  2.86337323314624052e-09  4.00000000000000000e+00 -2.50000000000000000e+00  1.65000000000000013e+00 -1.00000000000000006e-01  1.60000000000000009e+00 -8.00000000000000044e-01  2.30000000000000027e+00
 1.31328000000001701e-06  9.91564797356179952e-06 -9.10492704133873221e-04  7.68763253917226219e-04 -1.24338653066660227e-04 -1.30451559860524443e-06  5.25963407739600427e-06 -2.08510638680537750e-09  2.86337333590249817e-09  4.00000000000000000e+00 -2.50000000000000000e+00  1.65000000000000013e+00 -1.00000000000000006e-01  1.60000000000000009e+00 -8.00000000000000044e-01  2.30000000000000027e+00
 1.31428000000001709e-06  9.91564797441698939e-06 -9.10492704142758691e-04  7.68763253914857780e-04 -1.24338653068170141e-04 -1.30451559890335662e-06  5.25963407730753337e-06 -2.08510643410855199e-09  2.86337335809398632e-09  4.00000000000000000e+00 -2.50000000000000000e+00  1.65000000000000013e+00 -1.00000000000000006e-01  1.60000000000000009e+00 -8.00000000000000044e-01  2.30000000000000027e+00
 1.31528000000001716e-06  9.91564797396947648e-06 -9.10492704134665122e-04  7.68763253917004175e-04 -1.24338653069709626e-04 -1.30451559853299316e-06  5.25963407613748187e-06 -2.08510650949017097e-09  2.86337340007138947e-09  4.00000000000000000e+00 -2.50000000000000000e+00  1.65000000000000013e+00 -1.00000000000000006e-01  1.60000000000000009e+00 -8.00000000000000044e-01  2.30000000000000027e+00
 1.31628000000001724e-06  9.91564797255319334e-06 -9.10492704135520015e-04  7.68763253910120792e-04 -1.24338653069339561e-04 -1.30451559773762244e-06  5.25963407530751325e-06 -2.08510660786217657e-09  2.86337341464704226e-09  4.00000000000000000e+00 -2.50000000000000000e+00  1.65000000000000013e+00 -1.00000000000000006e-01  1.60000000000000009e+00 -8.00000000000000044e-01  2.30000000000000027e+00
 1.31728000000001731e-06  9.91564797184548037e-06 -9.10492704123303876e-04  7.68763253898056332e-04 -1.24338653067089516e-04 -1.30451559796851410e-06  5.25963407620340136e-06 -2.08510645256546071e-09  2.86337332255659246e-09  4.00000000000000000e+00 -2.50000000000000000e+00  1.65000000000000013e+00 -1.00000000000000006e-01  1.60000000000000009e+00 -8.00000000000000044e-01  2.30000000000000027e+00
 1.31828000000001739e-06  9.91564797236480136e-06 -9.10492704113689388e-04  7.68763253890950905e-04 -1.24338653065313160e-04 -1.30451559752858826e-06  5.25963407529463750e-06 -2.08510646460854662e-09  2.86337339061713445e-09  4.00000000000000000e+00 -2.50000000000000000e+00  1.65000000000000013e+00 -1.00000000000000006e-01  1.60000000000000009e+00 -8.00000000000000044e-01  2.30000000000000027e+00
 1.31928000000001746e-06  9.91564797310417811e-06 -9.10492704095759286e-04  7.68763253887694287e-04 -1.24338653064321359e-04 -1.30451559896788825e-06  5.25963407686506369e-06 -2.08510642029175014e-09  2.86337325914761049e-09  4.00000000000000000e+00 -2.50000000000000000e+00  1.65000000000000013e+00 -1.00000000000000006e-01  1.60000000000000009e+00 -8.00000000000000044e-01  2.30000000000000027e+00
 1.32028000000001754e-06  9.91564797351280544e-06 -9.10492704106765239e-04  7.68763253913969601e-04 -1.24338653066082943e-04 -1.30451559931804235e-06  5.25963407731975352e-06 -2.08510646716815363e-09  2.86337311843536476e-09  4.00000000000000000e+00 -2.50000000000000000e+00  1.65000000000000013e+00 -1.00000000000000006e-01  1.60000000000000009e+00 -8.00000000000000044e-01  2.30000000000000027e+00
 1.32128000000001761e-06  9.91564797300020651e-06 -9.10492704138081009e-04  7.68763253928180456e-04 -1.24338653068140515e-04 -1.30451559872415960e-06  5.25963407701929992e-06 -2.08510642510527295e-09  2.86337316733872015e-09  4.00000000000000000e+00 -2.50000000000000000e+00  1.65000000000000013e+00 -1.00000000000000006e-01  1.60000000000000009e+00 -8.00000000000000044e-01  2.30000000000000027e+00
 1.32228000000001769e-06  9.91564797244262166e-06 -9.10492704135967791e-04  7.68763253923147372e-04 -1.24338653069309962e-04 -1.30451559862059669e-06  5.25963407693830747e-06 -2.08510646573238356e-09  2.86337329715794641e-09  4.00000000000000000e+00 -2.50000000000000000e+00  1.65000000000000013e+00 -1.00000000000000006e-01  1.60000000000000009e+00 -8.00000000000000044e-01  2.30000000000000027e+00
 1.32328000000001776e-06  9.91564797257301052e-06 -9.10492704144431398e-04  7.68763253920778933e-04 -1.24338653068481009e-04 -1.30451559788533419e-06  5.25963407704778733e-06 -2.08510652466156834e-09  2.86337345289911923e-09  4.00000000000000000e+00 -2.50000000000000000e+00  1.65000000000000013e+00 -1.00000000000000006e-01  1.60000000000000009e+00 -8.00000000000000044e-01  2.30000000000000027e+00
 1.32428000000001784e-06  9.91564797336625857e-06 -9.10492704125072860e-04  7.68763253920778933e-04 -1.24338653067859273e-04 -1.30451559802827545e-06  5.25963407554108428e-06 -2.08510661424581391e-09  2.86337352502979225e-09  4.00000000000000000e+00 -2.50000000000000000e+00  1.65000000000000013e+00 -1.00000000000000006e-01  1.60000000000000009e+00 -8.00000000000000044e-01  2.30000000000000027e+00
 1.32528000000001791e-06  9.91564797378724920e-06 -9.10492704110773209e-04  7.68763253895021759e-04 -1.24338653065816446e-04 -1.30451559766302933e-06  5.25963407486658516e-06 -2.08510655065180073e-09  2.86337345033171067e-09  4.00000000000000000e+00 -2.50000000000000000e+00  1.65000000000000013e+00 -1.00000000000000006e-01  1.60000000000000009e+00 -8.00000000000000044e-01  2.30000000000000027e+00
 1.32628000000001799e-06  9.91564797373940030e-06 -9.10492704092680260e-04  7.68763253903015364e-04 -1.24338653065387183e-04 -1.30451559818361981e-06  5.25963407583020457e-06 -2.08510640117234337e-09  2.86337329066699934e-09  4.00000000000000000e+00 -2.50000000000000000e+00  1.65000000000000013e+00 -1.00000000000000006e-01  1.60000000000000009e+00 -8.00000000000000044e-01  2.30000000000000027e+00
 1.32728000000001806e-06  9.91564797327252930e-06 -9.10492704106313777e-04  7.68763253908714473e-04 -1.24338653066275335e-04 -1.30451559867194446e-06  5.25963407692219352e-06 -2.08510639354072417e-09  2.86337318685829498e-09  4.00000000000000000e+00 -2.50000000000000000e+00  1.65000000000000013e+00 -1.00000000000000006e-01  1.60000000000000009e+00 -8.00000000000000044e-01  2.30000000000000027e+00
 1.32828000000001814e-06  9.91564797281881949e-06 -9.10492704130690545e-04  7.68763253905161759e-04 -1.24338653066497379e-04 -1.30451559908229339e-06  5.25963407870911286e-06 -2.08510635035420300e-09  2.86337307514866582e-09  4.00000000000000000e+00 -2.50000000000000000e+00  1.65000000000000013e+00 -1.00000000000000006e-01  1.60000000000000009e+00 -8.00000000000000044e-01  2.30000000000000027e+00
 1.32928000000001821e-06  9.91564797276212588e-06 -9.10492704145105013e-04  7.68763253926774137e-04 -1.24338653067681653e-04 -1.30451559866674029e-06  5.25963407810296253e-06 -2.08510637788698042e-09  2.86337331621408792e-09  4.00000000000000000e+00 -2.50000000000000000e+00  1.65000000000000013e+00 -1.00000000000000006e-01  1.60000000000000009e+00 -8.00000000000000044e-01  2.30000000000000027e+00
 1.33028000000001829e-06  9.91564797290957907e-06 -9.10492704134295084e-04  7.68763253912785327e-04 -1.24338653068717853e-04 -1.30451559816618596e-06  5.25963407553815439e-06 -2.08510656243415517e-09  2.86337355251742669e-09  4.00000000000000000e+00 -2.50000000000000000e+00  1.65000000000000013e+00 -1.00000000000000006e-01  1.60000000000000009e+00 -8.00000000000000044e-01  2.30000000000000027e+00
 1.33128000000001836e-06  9.91564797320489541e-06 -9.10492704114211214e-04  7.68763253901609046e-04 -1.24338653068081290e-04 -1.30451559774490820e-06  5.25963407393357329e-06 -2.08510665980404222e-09  2.86337351996249995e-09  4.00000000000000000e+00 -2.50000000000000000e+00  1.65000000000000013e+00 -1.00000000000000006e-01  1.60000000000000009e+00 -8.00000000000000044e-01  2.30000000000000027e+00
 1.33228000000001844e-06  9.91564797329772683e-06 -9.10492704097480132e-04  7.68763253892357223e-04 -1.24338653065209537e-04 -1.30451559847756883e-06  5.25963407610170828e-06 -2.08510653565505593e-09  2.86337318619452183e-09  4.00000000000000000e+00 -2.50000000000000000e+00  1.65000000000000013e+00 -1.00000000000000006e-01  1.60000000000000009e+00 -8.00000000000000044e-01  2.30000000000000027e+00
 1.33328000000001851e-06  9.91564797330721021e-06 -9.10492704115003115e-04  7.68763253896798116e-04 -1.24338653063240734e-04 -1.30451559778619470e-06  5.25963407788392405e-06 -2.08510631011505581e-09  2.86337304005331190e-09  4.00000000000000000e+00 -2.50000000000000000e+00  1.65000000000000013e+00 -1.00000000000000006e-01  1.60000000000000009e+00 -8.00000000000000044e-01  2.30000000000000027e+00
 1.33428000000001859e-06  9.91564797323951026e-06 -9.10492704125109831e-04  7.68763253946536107e-04 -1.24338653065653626e-04 -1.30451559931197082e-06  5.25963407827751400e-06 -2.08510630294943046e-09  2.86337319364917898e-09  4.00000000000000000e+00 -2.50000000000000000e+00  1.65000000000000013e+00 -1.00000000000000006e-01  1.60000000000000009e+00 -8.00000000000000044e-01  2.30000000000000027e+00
 1.33528000000001866e-06  9.91564797286017333e-06 -9.10492704139720431e-04  7.68763253956306070e-04 -1.24338653069724453e-04 -1.30451559962101164e-06  5.25963407764511073e-06 -2.08510649966498913e-09  2.86337336356297904e-09  4.00000000000000000e+00 -2.50000000000000000e+00  1.65000000000000013e+00 -1.00000000000000006e-01  1.60000000000000009e+00 -8.00000000000000044e-01  2.30000000000000027e+00
 1.33628000000001874e-06  9.91564797264145418e-06 -9.10492704142185040e-04  7.68763253919890754e-04 -1.24338653071115945e-04 -1.30451559800424936e-06  5.25963407533226186e-06 -2.08510663915275733e-09  2.86337351572773143e-09  4.00000000000000000e+00 -2.50000000000000000e+00  1.65000000000000013e+00 -1.00000000000000006e-01  1.60000000000000009e+00 -8.00000000000000044e-01  2.30000000000000027e+00
 1.33728000000001881e-06  9.91564797301925459e-06 -9.10492704124495522e-04  7.68763253910416887e-04 -1.24338653068081317e-04 -1.30451559716004635e-06  5.25963407515454926e-06 -2.08510656590598482e-09  2.86337342500349739e-09  4.00000000000000000e+00 -2.50000000000000000e+00  1.65000000000000013e+00 -1.00000000000000006e-01  1.60000000000000009e+00 -8.00000000000000044e-01  2.30000000000000027e+00
 1.33828000000001889e-06  9.91564797351283254e-06 -9.10492704120731823e-04  7.68763253892135179e-04 -1.24338653065253935e-04 -1.30451559800251463e-06  5.25963407565357110e-06 -2.08510649498455225e-09  2.86337332632365900e-09  4.00000000000000000e+00 -2.50000000000000000e+00  1.65000000000000013e+00 -1.00000000000000006e-01  1.60000000000000009e+00 -8.00000000000000044e-01  2.30000000000000027e+00
 1.33928000000001896e-06  9.91564797385132893e-06 -9.10492704104337602e-04  7.68763253894207631e-04 -1.24338653064454607e-04 -1.30451559842639448e-06  5.25963407733640703e-06 -2.08510644200012883e-09  2.86337333059439126e-09  4.00000000000000000e+00 -2.50000000000000000e+00  1.65000000000000013e+00 -1.00000000000000006e-01  1.60000000000000009e+00 -8.00000000000000044e-01  2.30000000000000027e+00
 1.34028000000001904e-06  9.91564797363971638e-06 -9.10492704127859476e-04  7.68763253918410493e-04 -1.24338653066364185e-04 -1.30451559877594126e-06  5.25963407784271505e-06 -2.08510631068713227e-09  2.86337329788547781e-09  4.00000000000000000e+00 -2.50000000000000000e+00  1.65000000000000013e+00 -1.00000000000000006e-01  1.60000000000000009e+00 -8.00000000000000044e-01  2.30000000000000027e+00
 1.34128000000001911e-06  9.91564797251187338e-06 -9.10492704134472784e-04  7.68763253906568078e-04 -1.24338653068525407e-04 -1.30451559909426302e-06  5.25963407629083125e-06 -2.08510645739771254e-09  2.86337329251799215e-09  4.00000000000000000e+00 -2.50000000000000000e+00  1.65000000000000013e+00 -1.00000000000000006e-01  1.60000000000000009e+00 -8.00000000000000044e-01  2.30000000000000027e+00
 1.34228000000001919e-06  9.91564797160498231e-06 -9.10492704126867757e-04  7.68763253910120792e-04 -1.24338653068184940e-04 -1.30451559818101772e-06  5.25963407546032307e-06 -2.08510653606164539e-09  2.86337333263897039e-09  4.00000000000000000e+00 -2.50000000000000000e+00  1.65000000000000013e+00 -1.00000000000000006e-01  1.60000000000000009e+00 -8.00000000000000044e-01  2.30000000000000027e+00
 1.34328000000001927e-06  9.91564797234037123e-06 -9.10492704128880903e-04  7.68763253901831090e-04 -1.24338653067015492e-04 -1.30451559805785235e-06  5.25963407736620565e-06 -2.08510645936591850e-09  2.86337326009156998e-09  4.00000000000000000e+00 -2.50000000000000000e+00  1.65000000000000013e+00 -1.00000000000000006e-01  1.60000000000000009e+00 -8.00000000000000044e-01  2.30000000000000027e+00
 1.34428000000001934e-06  9.91564797323636607e-06 -9.10492704134121178e-04  7.68763253906568078e-04 -1.24338653065816473e-04 -1.30451559836906179e-06  5.25963407733424879e-06 -2.08510642666611313e-09  2.86337319092498991e-09  4.00000000000000000e+00 -2.50000000000000000e+00  1.65000000000000013e+00 -1.00000000000000006e-01  1.60000000000000009e+00 -8.00000000000000044e-01  2.30000000000000027e+00
 1.34528000000001942e-06  9.91564797371787042e-06 -9.10492704132674201e-04  7.68763253925515921e-04 -1.24338653068170141e-04 -1.30451559903120565e-06  5.25963407766060804e-06 -2.08510645873564326e-09  2.86337332191261623e-09  4.00000000000000000e+00 -2.50000000000000000e+00  1.65000000000000013e+00 -1.00000000000000006e-01  1.60000000000000009e+00 -8.00000000000000044e-01  2.30000000000000027e+00
 1.34628000000001949e-06  9.91564797419270184e-06 -9.10492704121327700e-04  7.68763253940984992e-04 -1.24338653070272165e-04 -1.30451559843272605e-06  5.25963407586686501e-06 -2.08510657521826669e-09  2.86337346943823369e-09  4.00000000000000000e+00 -2.50000000000000000e+00  1.65000000000000013e+00 -1.00000000000000006e-01  1.60000000000000009e+00 -8.00000000000000044e-01  2.30000000000000027e+00
 1.34728000000001957e-06  9.91564797364352803e-06 -9.10492704131193832e-04  7.68763253924035551e-04 -1.24338653069147115e-04 -1.30451559805707181e-06  5.25963407563826691e-06 -2.08510647885852145e-09  2.86337340001081917e-09  4.00000000000000000e+00 -2.50000000000000000e+00  1.65000000000000013e+00 -1.00000000000000006e-01  1.60000000000000009e+00 -8.00000000000000044e-01  2.30000000000000027e+00
 1.34828000000001964e-06  9.91564797281193480e-06 -9.10492704134417273e-04  7.68763253901905141e-04 -1.24338653066675026e-04 -1.30451559797805507e-06  5.25963407577342118e-06 -2.08510648456038867e-09  2.86337330761289930e-09  4.00000000000000000e+00 -2.50000000000000000e+00  1.65000000000000013e+00 -1.00000000000000006e-01  1.60000000000000009e+00 -8.00000000000000044e-01  2.30000000000000027e+00
 1.34928000000001972e-06  9.91564797289934860e-06 -9.10492704123137342e-04  7.68763253893541497e-04 -1.24338653065638827e-04 -1.30451559836567916e-06  5.25963407768489417e-06 -2.08510645011616899e-09  2.86337320867972528e-09  4.00000000000000000e+00 -2.50000000000000000e+00  1.65000000000000013e+00 -1.00000000000000006e-01  1.60000000000000009e+00 -8.00000000000000044e-01  2.30000000000000027e+00
 1.35028000000001979e-06  9.91564797309920433e-06 -9.10492704140752917e-04  7.68763253931215029e-04 -1.24338653066689852e-04 -1.30451559873699659e-06  5.25963407754812037e-06 -2.08510642454966938e-09  2.86337321638343575e-09  4.00000000000000000e+00 -2.50000000000000000e+00  1.65000000000000013e+00 -1.00000000000000006e-01  1.60000000000000009e+00 -8.00000000000000044e-01  2.30000000000000027e+00
 1.35128000000001987e-06  9.91564797358922983e-06 -9.10492704126134944e-04  7.68763253934989788e-04 -1.24338653068703053e-04 -1.30451559894611759e-06  5.25963407703371727e-06 -2.08510646034928735e-09  2.86337328134831592e-09  4.00000000000000000e+00 -2.50000000000000000e+00  1.65000000000000013e+00 -1.00000000000000006e-01  1.60000000000000009e+00 -8.00000000000000044e-01  2.30000000000000027e+00
 1.35228000000001994e-06  9.91564797382410868e-06 -9.10492704157491372e-04  7.68763253929660717e-04 -1.24338653069161942e-04 -1.30451559815499687e-06  5.25963407643099742e-06 -2.08510644336118215e-09  2.86337342111530307e-09  4.00000000000000000e+00 -2.50000000000000000e+00  1.65000000000000013e+00 -1.00000000000000006e-01  1.60000000000000009e+00 -8.00000000000000044e-01  2.30000000000000027e+00
 1.35328000000002002e-06  9.91564797310397482e-06 -9.10492704142477449e-04  7.68763253906271983e-04 -1.24338653069280364e-04 -1.30451559861547934e-06  5.25963407558229328e-06 -2.08510659607203670e-09  2.86337338745342544e-09  4.00000000000000000e+00 -2.50000000000000000e+00  1.65000000000000013e+00 -1.00000000000000006e-01  1.60000000000000009e+00 -8.00000000000000044e-01  2.30000000000000027e+00
 1.35428000000002009e-06  9.91564797284503007e-06 -9.10492704139783315e-04  7.68763253899758746e-04 -1.24338653066971094e-04 -1.30451559768332551e-06  5.25963407539498210e-06 -2.08510655965565673e-09  2.86337341367421624e-09  4.00000000000000000e+00 -2.50000000000000000e+00  1.65000000000000013e+00 -1.00000000000000006e-01  1.60000000000000009e+00 -8.00000000000000044e-01  2.30000000000000027e+00
 1.35528000000002017e-06  9.91564797327469770e-06 -9.10492704125916586e-04  7.68763253902497224e-04 -1.24338653065120714e-04 -1.30451559755035913e-06  5.25963407711104714e-06 -2.08510644801685946e-09  2.86337337147183651e-09  4.00000000000000000e+00 -2.50000000000000000e+00  1.65000000000000013e+00 -1.00000000000000006e-01  1.60000000000000009e+00 -8.00000000000000044e-01  2.30000000000000027e+00
 1.35628000000002024e-06  9.91564797403006644e-06 -9.10492704093561066e-04  7.68763253902793320e-04 -1.24338653065209537e-04 -1.30451559882893694e-06  5.25963407658203356e-06 -2.08510638084677906e-09  2.86337326035126747e-09  4.00000000000000000e+00 -2.50000000000000000e+00  1.65000000000000013e+00 -1.00000000000000006e-01  1.60000000000000009e+00 -8.00000000000000044e-01  2.30000000000000027e+00
 1.35728000000002032e-06  9.91564797380521476e-06 -9.10492704106461771e-04  7.68763253924109602e-04 -1.24338653066867472e-04 -1.30451559877871678e-06  5.25963407643327170e-06 -2.08510646724363882e-09  2.86337315631434315e-09  4.00000000000000000e+00 -2.50000000000000000e+00  1.65000000000000013e+00 -1.00000000000000006e-01  1.60000000000000009e+00 -8.00000000000000044e-01  2.30000000000000027e+00
 1.35828000000002039e-06  9.91564797310933146e-06 -9.10492704134868735e-04  7.68763253902497224e-04 -1.24338653067489208e-04 -1.30451559854695777e-06  5.25963407750594745e-06 -2.08510637813700155e-09  2.86337324545689289e-09  4.00000000000000000e+00 -2.50000000000000000e+00  1.65000000000000013e+00 -1.00000000000000006e-01  1.60000000000000009e+00 -8.00000000000000044e-01  2.30000000000000027e+00
 1.35928000000002047e-06  9.91564797209715419e-06 -9.10492704147273634e-04  7.68763253912489231e-04 -1.24338653068051719e-04 -1.30451559841078197e-06  5.25963407652116408e-06 -2.08510642872514393e-09  2.86337345676096371e-09  4.00000000000000000e+00 -2.50000000000000000e+00  1.65000000000000013e+00 -1.00000000000000006e-01  1.60000000000000009e+00 -8.00000000000000044e-01  2.30000000000000027e+00
 1.36028000000002054e-06  9.91564797189233485e-06 -9.10492704140064557e-04  7.68763253912489231e-04 -1.24338653068066491e-04 -1.30451559847843619e-06  5.25963407604839433e-06 -2.08510663226472346e-09  2.86337338568101355e-09  4.00000000000000000e+00 -2.50000000000000000e+00  1.65000000000000013e+00 -1.00000000000000006e-01  1.60000000000000009e+00 -8.00000000000000044e-01  2.30000000000000027e+00
 1.36128000000002062e-06  9.91564797298826165e-06 -9.10492704128477580e-04  7.68763253923813506e-04 -1.24338653066408610e-04 -1.30451559782869543e-06  5.25963407664274888e-06 -2.08510653714280644e-09  2.86337330083436139e-09  4.00000000000000000e+00 -2.50000000000000000e+00  1.65000000000000013e+00 -1.00000000000000006e-01  1.60000000000000009e+00 -8.00000000000000044e-01  2.30000000000000027e+00
 1.36228000000002069e-06  9.91564797412371440e-06 -9.10492704123159568e-04  7.68763253924331647e-04 -1.24338653065964494e-04 -1.30451559833870413e-06  5.25963407630135564e-06 -2.08510641730843476e-09  2.86337331968655863e-09  4.00000000000000000e+00 -2.50000000000000000e+00  1.65000000000000013e+00 -1.00000000000000006e-01  1.60000000000000009e+00 -8.00000000000000044e-01  2.30000000000000027e+00
 1.36328000000002077e-06  9.91564797392500216e-06 -9.10492704120010178e-04  7.68763253916115996e-04 -1.24338653066897071e-04 -1.30451559956376576e-06  5.25963407611045898e-06 -2.08510644835034104e-09  2.86337321532064928e-09  4.00000000000000000e+00 -2.50000000000000000e+00  1.65000000000000013e+00 -1.00000000000000006e-01  1.60000000000000009e+00 -8.00000000000000044e-01  2.30000000000000027e+00
 1.36428000000002084e-06  9.91564797263762897e-06 -9.10492704155851950e-04  7.68763253924331647e-04 -1.24338653068673454e-04 -1.30451559867116392e-06  5.25963407831355779e-06 -2.08510633316592961e-09  2.86337320180972683e-09  4.00000000000000000e+00 -2.50000000000000000e+00  1.65000000000000013e+00 -1.00000000000000006e-01  1.60000000000000009e+00 -8.00000000000000044e-01  2.30000000000000027e+00
 1.36528000000002092e-06  9.91564797213647177e-06 -9.10492704157062028e-04  7.68763253924109602e-04 -1.24338653070760679e-04 -1.30451559862432639e-06  5.25963407824771538e-06 -2.08510645690645369e-09  2.86337335158755899e-09  4.00000000000000000e+00 -2.50000000000000000e+00  1.65000000000000013e+00 -1.00000000000000006e-01  1.60000000000000009e+00 -8.00000000000000044e-01  2.30000000000000027e+00
 1.36628000000002099e-06  9.91564797263275006e-06 -9.10492704148335719e-04  7.68763253924109602e-04 -1.24338653070790278e-04 -1.30451559751739938e-06  5.25963407505879219e-06 -2.08510669571530558e-09  2.86337343349042755e-09  4.00000000000000000e+00 -2.50000000000000000e+00  1.65000000000000013e+00 -1.00000000000000006e-01  1.60000000000000009e+00 -8.00000000000000044e-01  2.30000000000000027e+00
 1.36728000000002107e-06  9.91564797357285330e-06 -9.10492704135471985e-04  7.68763253931437074e-04 -1.24338653068377386e-04 -1.30451559791638578e-06  5.25963407482899892e-06 -2.08510663013644523e-09  2.86337346981599342e-09  4.00000000000000000e+00 -2.50000000000000000e+00  1.65000000000000013e+00 -1.00000000000000006e-01  1.60000000000000009e+00 -8.00000000000000044e-01  2.30000000000000027e+00
 1.36828000000002114e-06  9.91564797460019923e-06 -9.10492704085774651e-04  7.68763253912193244e-04 -1.24338653065431582e-04 -1.30451559724183839e-06  5.25963407498084567e-06 -2.08510651051994383e-09  2.86337342159100720e-09  4.00000000000000000e+00 -2.50000000000000000e+00  1.65000000000000013e+00 -1.00000000000000006e-01  1.60000000000000009e+00 -8.00000000000000044e-01  2.30000000000000027e+00
 1.36928000000002122e-06  9.91564797369853266e-06 -9.10492704100966167e-04  7.68763253891839083e-04 -1.24338653063818045e-04 -1.30451559890170872e-06  5.25963407646719537e-06 -2.08510632098610372e-09  2.86337324896780806e-09  4.00000000000000000e+00 -2.50000000000000000e+00  1.65000000000000013e+00 -1.00000000000000006e-01  1.60000000000000009e+00 -8.00000000000000044e-01  2.30000000000000027e+00
 1.37028000000002129e-06  9.91564797218137298e-06 -9.10492704118533603e-04  7.68763253899240606e-04 -1.24338653064898696e-04 -1.30451559869987347e-06  5.25963407760170453e-06 -2.08510630287896584e-09  2.86337318249610881e-09  4.00000000000000000e+00 -2.50000000000000000e+00  1.65000000000000013e+00 -1.00000000000000006e-01  1.60000000000000009e+00 -8.00000000000000044e-01  2.30000000000000027e+00
 1.37128000000002137e-06  9.91564797146919107e-06 -9.10492704135346109e-04  7.68763253931437074e-04 -1.24338653066926669e-04 -1.30451559924006640e-06  5.25963407797031378e-06 -2.08510641471609704e-09  2.86337315467592253e-09  4.00000000000000000e+00 -2.50000000000000000e+00  1.65000000000000013e+00 -1.00000000000000006e-01  1.60000000000000009e+00 -8.00000000000000044e-01  2.30000000000000027e+00
 1.37228000000002144e-06  9.91564797255735058e-06 -9.10492704137707176e-04  7.68763253926996182e-04 -1.24338653068703053e-04 -1.30451559850376311e-06  5.25963407753458987e-06 -2.08510662463257321e-09  2.86337327324693588e-09  4.00000000000000000e+00 -2.50000000000000000e+00  1.65000000000000013e+00 -1.00000000000000006e-01  1.60000000000000009e+00 -8.00000000000000044e-01  2.30000000000000027e+00
 1.37328000000002152e-06  9.91564797418040293e-06 -9.10492704152695187e-04  7.68763253938542501e-04 -1.24338653068851074e-04 -1.30451559829897892e-06  5.25963407709489507e-06 -2.08510653018358746e-09  2.86337334706349646e-09  4.00000000000000000e+00 -2.50000000000000000e+00  1.65000000000000013e+00 -1.00000000000000006e-01  1.60000000000000009e+00 -8.00000000000000044e-01  2.30000000000000027e+00
 1.37428000000002159e-06  9.91564797438338590e-06 -9.10492704139183751e-04  7.68763253934767743e-04 -1.24338653068629029e-04 -1.30451559834312776e-06  5.25963407601651371e-06 -2.08510638710330190e-09  2.86337348721732910e-09  4.00000000000000000e+00 -2.50000000000000000e+00  1.65000000000000013e+00 -1.00000000000000006e-01  1.60000000000000009e+00 -8.00000000000000044e-01  2.30000000000000027e+00
 1.37528000000002167e-06  9.91564797366030098e-06 -9.10492704135161036e-04  7.68763253906271983e-04 -1.24338653067711252e-04 -1.30451559802740808e-06  5.25963407490764000e-06 -2.08510647348484103e-09  2.86337353013829014e-09  4.00000000000000000e+00 -2.50000000000000000e+00  1.65000000000000013e+00 -1.00000000000000006e-01  1.60000000000000009e+00 -8.00000000000000044e-01  2.30000000000000027e+00
 1.37628000000002174e-06  9.91564797292433269e-06 -9.10492704119103568e-04  7.68763253892061128e-04 -1.24338653065920069e-04 -1.30451559785055290e-06  5.25963407483670947e-06 -2.08510659917441399e-09  2.86337338247045552e-09  4.00000000000000000e+00 -2.50000000000000000e+00  1.65000000000000013e+00 -1.00000000000000006e-01  1.60000000000000009e+00 -8.00000000000000044e-01  2.30000000000000027e+00
 1.37728000000002182e-06  9.91564797280940556e-06 -9.10492704109718497e-04  7.68763253892357223e-04 -1.24338653063847671e-04 -1.30451559783138433e-06  5.25963407704389437e-06 -2.08510645626618199e-09  2.86337311444115650e-09  4.00000000000000000e+00 -2.50000000000000000e+00  1.65000000000000013e+00 -1.00000000000000006e-01  1.60000000000000009e+00 -8.00000000000000044e-01  2.30000000000000027e+00
 1.37828000000002189e-06  9.91564797332914837e-06 -9.10492704119858498e-04  7.68763253927884360e-04 -1.24338653065327959e-04 -1.30451559917171826e-06  5.25963407903477839e-06 -2.08510623379285018e-09  2.86337315328041631e-09  4.00000000000000000e+00 -2.50000000000000000e+00  1.65000000000000013e+00 -1.00000000000000006e-01  1.60000000000000009e+00 -8.00000000000000044e-01  2.30000000000000027e+00
 1.37928000000002197e-06  9.91564797308614647e-06 -9.10492704132862961e-04  7.68763253943945623e-04 -1.24338653069043493e-04 -1.30451559946662125e-06  5.25963407667655651e-06 -2.08510647441028781e-09  2.86337319229090706e-09  4.00000000000000000e+00 -2.50000000000000000e+00  1.65000000000000013e+00 -1.00000000000000006e-01  1.60000000000000009e+00 -8.00000000000000044e-01  2.30000000000000027e+00
 1.38028000000002204e-06  9.91564797241444257e-06 -9.10492704145341803e-04  7.68763253920852984e-04 -1.24338653069902072e-04 -1.30451559831996903e-06  5.25963407572858857e-06 -2.08510665834197898e-09  2.86337331660254807e-09  4.00000000000000000e+00 -2.50000000000000000e+00  1.65000000000000013e+00 -1.00000000000000006e-01  1.60000000000000009e+00 -8.00000000000000044e-01  2.30000000000000027e+00
 1.38128000000002212e-06  9.91564797225931018e-06 -9.10492704145652644e-04  7.68763253906568078e-04 -1.24338653068569832e-04 -1.30451559828692267e-06  5.25963407747811480e-06 -2.08510649257623037e-09  2.86337335535624638e-09  4.00000000000000000e+00 -2.50000000000000000e+00  1.65000000000000013e+00 -1.00000000000000006e-01  1.60000000000000009e+00 -8.00000000000000044e-01  2.30000000000000027e+00
 1.38228000000002220e-06  9.91564797328003401e-06 -9.10492704139668606e-04  7.68763253923221423e-04 -1.24338653067726051e-04 -1.30451559777942924e-06  5.25963407705491935e-06 -2.08510643799765993e-09  2.86337345398986771e-09  4.00000000000000000e+00 -2.50000000000000000e+00  1.65000000000000013e+00 -1.00000000000000006e-01  1.60000000000000009e+00 -8.00000000000000044e-01  2.30000000000000027e+00
 1.38328000000002227e-06  9.91564797440953042e-06 -9.10492704116512975e-04  7.68763253924405698e-04 -1.24338653068229338e-04 -1.30451559824537592e-06  5.25963407588243940e-06 -2.08510644960102200e-09  2.86337352446423522e-09  4.00000000000000000e+00 -2.50000000000000000e+00  1.65000000000000013e+00 -1.00000000000000006e-01  1.60000000000000009e+00 -8.00000000000000044e-01  2.30000000000000027e+00
 1.38428000000002235e-06  9.91564797412052108e-06 -9.10492704095766658e-04  7.68763253901831090e-04 -1.24338653068110916e-04 -1.30451559784638952e-06  5.25963407407188869e-06 -2.08510660431844259e-09  2.86337346573068569e-09  4.00000000000000000e+00 -2.50000000000000000e+00  1.65000000000000013e+00 -1.00000000000000006e-01  1.60000000000000009e+00 -8.00000000000000044e-01  2.30000000000000027e+00
 1.38528000000002242e-06  9.91564797297688092e-06 -9.10492704092028871e-04  7.68763253899240606e-04 -1.24338653066556631e-04 -1.30451559820886012e-06  5.25963407496874073e-06 -2.08510647842519461e-09  2.86337327026462179e-09  4.00000000000000000e+00 -2.50000000000000000e+00  1.65000000000000013e+00 -1.00000000000000006e-01  1.60000000000000009e+00 -8.00000000000000044e-01  2.30000000000000027e+00
 1.38628000000002250e-06  9.91564797201480565e-06 -9.10492704095392934e-04  7.68763253903903543e-04 -1.24338653063462779e-04 -1.30451559848962507e-06  5.25963407733440295e-06 -2.08510641174357346e-09  2.86337298961942753e-09  4.00000000000000000e+00 -2.50000000000000000e+00  1.65000000000000013e+00 -1.00000000000000006e-01  1.60000000000000009e+00 -8.00000000000000044e-01  2.30000000000000027e+00
 1.38728000000002257e-06  9.91564797204053512e-06 -9.10492704127530096e-04  7.68763253906568078e-04 -1.24338653063951293e-04 -1.30451559891983649e-06  5.25963407944012601e-06 -2.08510627323834363e-09  2.86337310941175858e-09  4.00000000000000000e+00 -2.50000000000000000e+00  1.65000000000000013e+00 -1.00000000000000006e-01  1.60000000000000009e+00 -8.00000000000000044e-01  2.30000000000000027e+00
 1.38828000000002265e-06  9.91564797283878575e-06 -9.10492704145537935e-04  7.68763253927958411e-04 -1.24338653068599403e-04 -1.30451559986031687e-06  5.25963407852426910e-06 -2.08510636548188222e-09  2.86337325549163473e-09  4.00000000000000000e+00 -2.50000000000000000e+00  1.65000000000000013e+00 -1.00000000000000006e-01  1.60000000000000009e+00 -8.00000000000000044e-01  2.30000000000000027e+00
 1.38928000000002272e-06  9.91564797389850867e-06 -9.10492704156562428e-04  7.68763253945055846e-04 -1.24338653072181743e-04 -1.30451559902851696e-06  5.25963407712076176e-06 -2.08510655999658336e-09  2.86337349368361543e-09  4.00000000000000000e+00 -2.50000000000000000e+00  1.65000000000000013e+00 -1.00000000000000006e-01  1.60000000000000009e+00 -8.00000000000000044e-01  2.30000000000000027e+00
 1.39028000000002280e-06  9.91564797398996281e-06 -9.10492704142470076e-04  7.68763253923739564e-04 -1.24338653071619205e-04 -1.30451559728000231e-06  5.25963407442006751e-06 -2.08510667620139859e-09  2.86337353552616539e-09  4.00000000000000000e+00 -2.50000000000000000e+00  1.65000000000000013e+00 -1.00000000000000006e-01  1.60000000000000009e+00 -8.00000000000000044e-01  2.30000000000000027e+00
 1.39128000000002287e-06  9.91564797362606391e-06 -9.10492704133802856e-04  7.68763253902127186e-04 -1.24338653067740851e-04 -1.30451559729561482e-06  5.25963407545993767e-06 -2.08510655032225776e-09  2.86337344684292258e-09  4.00000000000000000e+00 -2.50000000000000000e+00  1.65000000000000013e+00 -1.00000000000000006e-01  1.60000000000000009e+00 -8.00000000000000044e-01  2.30000000000000027e+00
 1.39228000000002295e-06  9.91564797299103314e-06 -9.10492704133196028e-04  7.68763253906049938e-04 -1.24338653066097715e-04 -1.30451559807962322e-06  5.25963407573641346e-06 -2.08510652529998840e-09  2.86337340170907432e-09  4.00000000000000000e+00 -2.50000000000000000e+00  1.65000000000000013e+00 -1.00000000000000006e-01  1.60000000000000009e+00 -8.00000000000000044e-01  2.30000000000000027e+00
 1.39328000000002302e-06  9.91564797274776528e-06 -9.10492704111757556e-04  7.68763253909010569e-04 -1.24338653065357585e-04 -1.30451559833644890e-06  5.25963407646160580e-06 -2.08510640883714369e-09  2.86337322860960402e-09  4.00000000000000000e+00 -2.50000000000000000e+00  1.65000000000000013e+00 -1.00000000000000006e-01  1.60000000000000009e+00 -8.00000000000000044e-01  2.30000000000000027e+00
 1.39428000000002310e-06  9.91564797315145779e-06 -9.10492704098127725e-04  7.68763253918780531e-04 -1.24338653065239136e-04 -1.30451559795533024e-06  5.25963407716181660e-06 -2.08510634618322790e-09  2.86337319591173923e-09  4.00000000000000000e+00 -2.50000000000000000e+00  1.65000000000000013e+00 -1.00000000000000006e-01  1.60000000000000009e+00 -8.00000000000000044e-01  2.30000000000000027e+00
 1.39528000000002317e-06  9.91564797322845817e-06 -9.10492704112745698e-04  7.68763253923813506e-04 -1.24338653065298360e-04 -1.30451559895817384e-06  5.25963407664602605e-06 -2.08510644138180347e-09  2.86337318389675058e-09  4.00000000000000000e+00 -2.50000000000000000e+00  1.65000000000000013e+00 -1.00000000000000006e-01  1.60000000000000009e+00 -8.00000000000000044e-01  2.30000000000000027e+00
 1.39628000000002325e-06  9.91564797237545534e-06 -9.10492704131649088e-04  7.68763253912563282e-04 -1.24338653066911897e-04 -1.30451559940668668e-06  5.25963407694925538e-06 -2.08510648520134156e-09  2.86337327781270031e-09  4.00000000000000000e+00 -2.50000000000000000e+00  1.65000000000000013e+00 -1.00000000000000006e-01  1.60000000000000009e+00 -8.00000000000000044e-01  2.30000000000000027e+00
 1.39728000000002332e-06  9.91564797226016907e-06 -9.10492704153920119e-04  7.68763253909528709e-04 -1.24338653068495781e-04 -1.30451559854695777e-06  5.25963407871585948e-06 -2.08510638643547597e-09  2.86337333957096602e-09  4.00000000000000000e+00 -2.50000000000000000e+00  1.65000000000000013e+00 -1.00000000000000006e-01  1.60000000000000009e+00 -8.00000000000000044e-01  2.30000000000000027e+00
 1.39828000000002340e-06  9.91564797263192336e-06 -9.10492704142532960e-04  7.68763253924109602e-04 -1.24338653069546806e-04 -1.30451559813669566e-06  5.25963407656256620e-06 -2.08510648530025044e-09  2.86337345927289409e-09  4.00000000000000000e+00 -2.50000000000000000e+00  1.65000000000000013e+00 -1.00000000000000006e-01  1.60000000000000009e+00 -8.00000000000000044e-01  2.30000000000000027e+00
 1.39928000000002347e-06  9.91564797371175992e-06 -9.10492704106121331e-04  7.68763253909898747e-04 -1.24338653068614230e-04 -1.30451559796339675e-06  5.25963407470205579e-06 -2.08510664810380365e-09  2.86337340504502342e-09  4.00000000000000000e+00 -2.50000000000000000e+00  1.65000000000000013e+00 -1.00000000000000006e-01  1.60000000000000009e+00 -8.00000000000000044e-01  2.30000000000000027e+00
 1.40028000000002355e-06  9.91564797369967107e-06 -9.10492704097372796e-04  7.68763253905679900e-04 -1.24338653065905269e-04 -1.30451559782696070e-06  5.25963407485875943e-06 -2.08510663200134956e-09  2.86337329278407920e-09  4.00000000000000000e+00 -2.50000000000000000e+00  1.65000000000000013e+00 -1.00000000000000006e-01  1.60000000000000009e+00 -8.00000000000000044e-01  2.30000000000000027e+00
 1.40128000000002362e-06  9.91564797312929772e-06 -9.10492704117826812e-04  7.68763253913451461e-04 -1.24338653064691451e-04 -1.30451559856257028e-06  5.25963407781688732e-06 -2.08510624096905393e-09  2.86337318691368134e-09  4.00000000000000000e+00 -2.50000000000000000e+00  1.65000000000000013e+00 -1.00000000000000006e-01  1.60000000000000009e+00 -8.00000000000000044e-01  2.30000000000000027e+00
 1.40228000000002370e-06  9.91564797264285347e-06 -9.10492704128714370e-04  7.68763253924331647e-04 -1.24338653067311561e-04 -1.30451559915437102e-06  5.25963407761851135e-06 -2.08510635845052152e-09  2.86337322697894235e-09  4.00000000000000000e+00 -2.50000000000000000e+00  1.65000000000000013e+00 -1.00000000000000006e-01  1.60000000000000009e+00 -8.00000000000000044e-01  2.30000000000000027e+00
 1.40328000000002377e-06  9.91564797261548753e-06 -9.10492704139846199e-04  7.68763253938246406e-04 -1.24338653069073118e-04 -1.30451559873005770e-06  5.25963407747838500e-06 -2.08510650050657096e-09  2.86337325891764229e-09  4.00000000000000000e+00 -2.50000000000000000e+00  1.65000000000000013e+00 -1.00000000000000006e-01  1.60000000000000009e+00 -8.00000000000000044e-01  2.30000000000000027e+00
 1.40428000000002385e-06  9.91564797305282589e-06 -9.10492704137292686e-04  7.68763253909010569e-04 -1.24338653069502408e-04 -1.30451559852015616e-06  5.25963407710730834e-06 -2.08510656586891017e-09  2.86337334472309066e-09  4.00000000000000000e+00 -2.50000000000000000e+00  1.65000000000000013e+00 -1.00000000000000006e-01  1.60000000000000009e+00 -8.00000000000000044e-01  2.30000000000000027e+00
 1.40528000000002392e-06  9.91564797342333504e-06 -9.10492704150556165e-04  7.68763253913673505e-04 -1.24338653068925098e-04 -1.30451559793035018e-06  5.25963407672956213e-06 -2.08510653331242005e-09  2.86337336331069309e-09  4.00000000000000000e+00 -2.50000000000000000e+00  1.65000000000000013e+00 -1.00000000000000006e-01  1.60000000000000009e+00 -8.00000000000000044e-01  2.30000000000000027e+00
 1.40628000000002400e-06  9.91564797343801582e-06 -9.10492704138643493e-04  7.68763253922925328e-04 -1.24338653069206340e-04 -1.30451559827026937e-06  5.25963407583151493e-06 -2.08510643427394841e-09  2.86337350886440213e-09  4.00000000000000000e+00 -2.50000000000000000e+00  1.65000000000000013e+00 -1.00000000000000006e-01  1.60000000000000009e+00 -8.00000000000000044e-01  2.30000000000000027e+00
 1.40728000000002407e-06  9.91564797360300428e-06 -9.10492704109426088e-04  7.68763253905975995e-04 -1.24338653068199712e-04 -1.30451559786885432e-06  5.25963407444400636e-06 -2.08510661301969484e-09  2.86337351053116569e-09  4.00000000000000000e+00 -2.50000000000000000e+00  1.65000000000000013e+00 -1.00000000000000006e-01  1.60000000000000009e+00 -8.00000000000000044e-01  2.30000000000000027e+00
 1.40828000000002415e-06  9.91564797344813955e-06 -9.10492704093387051e-04  7.68763253887694287e-04 -1.24338653063729276e-04 -1.30451559764932498e-06  5.25963407568067107e-06 -2.08510643280412994e-09  2.86337319942037634e-09  4.00000000000000000e+00 -2.50000000000000000e+00  1.65000000000000013e+00 -1.00000000000000006e-01  1.60000000000000009e+00 -8.00000000000000044e-01  2.30000000000000027e+00
 1.40928000000002422e-06  9.91564797334429501e-06 -9.10492704105281291e-04  7.68763253890654918e-04 -1.24338653063625626e-04 -1.30451559821319693e-06  5.25963407745544735e-06 -2.08510632964056814e-09  2.86337328064237806e-09  4.00000000000000000e+00 -2.50000000000000000e+00  1.65000000000000013e+00 -1.00000000000000006e-01  1.60000000000000009e+00 -8.00000000000000044e-01  2.30000000000000027e+00
 1.41028000000002430e-06  9.91564797320078052e-06 -9.10492704115240014e-04  7.68763253916338041e-04 -1.24338653065298360e-04 -1.30451559910718663e-06  5.25963407695526931e-06 -2.08510646961928086e-09  2.86337320860154347e-09  4.00000000000000000e+00 -2.50000000000000000e+00  1.65000000000000013e+00 -1.00000000000000006e-01  1.60000000000000009e+00 -8.00000000000000044e-01  2.30000000000000027e+00
 1.41128000000002437e-06  9.91564797306430319e-06 -9.10492704109063422e-04  7.68763253924331647e-04 -1.24338653067666827e-04 -1.30451559912028387e-06  5.25963407707180410e-06 -2.08510651819990636e-09  2.86337315676747766e-09  4.00000000000000000e+00 -2.50000000000000000e+00  1.65000000000000013e+00 -1.00000000000000006e-01  1.60000000000000009e+00 -8.00000000000000044e-01  2.30000000000000027e+00
 1.41228000000002445e-06  9.91564797324192261e-06 -9.10492704146851771e-04  7.68763253922925328e-04 -1.24338653068406985e-04 -1.30451559910380400e-06  5.25963407790605193e-06 -2.08510642107183564e-09  2.86337317868295011e-09  4.00000000000000000e+00 -2.50000000000000000e+00  1.65000000000000013e+00 -1.00000000000000006e-01  1.60000000000000009e+00 -8.00000000000000044e-01  2.30000000000000027e+00
 1.41328000000002452e-06  9.91564797301803655e-06 -9.10492704149482913e-04  7.68763253909898747e-04 -1.24338653068199767e-04 -1.30451559812030240e-06  5.25963407724323341e-06 -2.08510641085228842e-09  2.86337332433122410e-09  4.00000000000000000e+00 -2.50000000000000000e+00  1.65000000000000013e+00 -1.00000000000000006e-01  1.60000000000000009e+00 -8.00000000000000044e-01  2.30000000000000027e+00
 1.41428000000002460e-06  9.91564797305026616e-06 -9.10492704133351394e-04  7.68763253920260793e-04 -1.24338653068614230e-04 -1.30451559812134319e-06  5.25963407582561704e-06 -2.08510651421204877e-09  2.86337360182186914e-09  4.00000000000000000e+00 -2.50000000000000000e+00  1.65000000000000013e+00 -1.00000000000000006e-01  1.60000000000000009e+00 -8.00000000000000044e-01  2.30000000000000027e+00
 1.41528000000002467e-06  9.91564797273475147e-06 -9.10492704133281138e-04  7.68763253912563282e-04 -1.24338653068347760e-04 -1.30451559820868669e-06  5.25963407568660792e-06 -2.08510660488827284e-09  2.86337360353011457e-09  4.00000000000000000e+00 -2.50000000000000000e+00  1.65000000000000013e+00 -1.00000000000000006e-01  1.60000000000000009e+00 -8.00000000000000044e-01  2.30000000000000027e+00
 1.41628000000002475e-06  9.91564797273210703e-06 -9.10492704110606676e-04  7.68763253911008970e-04 -1.24338653066260563e-04 -1.30451559688439874e-06  5.25963407528534724e-06 -2.08510655627962246e-09  2.86337333184025968e-09  4.00000000000000000e+00 -2.50000000000000000e+00  1.65000000000000013e+00 -1.00000000000000006e-01  1.60000000000000009e+00 -8.00000000000000044e-01  2.30000000000000027e+00
 1.41728000000002482e-06  9.91564797301390981e-06 -9.10492704113245298e-04  7.68763253892357223e-04 -1.24338653065150339e-04 -1.30451559889485643e-06  5.25963407675643087e-06 -2.08510636476835209e-09  2.86337309967619267e-09  4.00000000000000000e+00 -2.50000000000000000e+00  1.65000000000000013e+00 -1.00000000000000006e-01  1.60000000000000009e+00 -8.00000000000000044e-01  2.30000000000000027e+00
 1.41828000000002490e-06  9.91564797341694333e-06 -9.10492704118670538e-04  7.68763253895613841e-04 -1.24338653066630628e-04 -1.30451559936236441e-06  5.25963407692581713e-06 -2.08510642032427406e-09  2.86337323704055970e-09  4.00000000000000000e+00 -2.50000000000000000e+00  1.65000000000000013e+00 -1.00000000000000006e-01  1.60000000000000009e+00 -8.00000000000000044e-01  2.30000000000000027e+00
 1.41928000000002498e-06  9.91564797321591192e-06 -9.10492704126153484e-04  7.68763253906568078e-04 -1.24338653067859273e-04 -1.30451559815222135e-06  5.25963407696718113e-06 -2.08510656001154954e-09  2.86337332472273364e-09  4.00000000000000000e+00 -2.50000000000000000e+00  1.65000000000000013e+00 -1.00000000000000006e-01  1.60000000000000009e+00 -8.00000000000000044e-01  2.30000000000000027e+00
 1.42028000000002505e-06  9.91564797283293275e-06 -9.10492704135860563e-04  7.68763253905679900e-04 -1.24338653067637228e-04 -1.30451559833870413e-06  5.25963407700889158e-06 -2.08510644750765700e-09  2.86337331248965303e-09  4.00000000000000000e+00 -2.50000000000000000e+00  1.65000000000000013e+00 -1.00000000000000006e-01  1.60000000000000009e+00 -8.00000000000000044e-01  2.30000000000000027e+00
 1.42128000000002513e-06  9.91564797269688909e-06 -9.10492704123958951e-04  7.68763253917004175e-04 -1.24338653066867472e-04 -1.30451559802393864e-06  5.25963407615224650e-06 -2.08510645479402301e-09  2.86337333984748423e-09  4.00000000000000000e+00 -2.50000000000000000e+00  1.65000000000000013e+00 -1.00000000000000006e-01  1.60000000000000009e+00 -8.00000000000000044e-01  2.30000000000000027e+00
 1.42228000000002520e-06  9.91564797351481629e-06 -9.10492704110499340e-04  7.68763253909232613e-04 -1.24338653066512206e-04 -1.30451559899278170e-06  5.25963407588814417e-06 -2.08510655809438228e-09  2.86337332646476691e-09  4.00000000000000000e+00 -2.50000000000000000e+00  1.65000000000000013e+00 -1.00000000000000006e-01  1.60000000000000009e+00 -8.00000000000000044e-01  2.30000000000000027e+00
 1.42328000000002528e-06  9.91564797390916434e-06 -9.10492704132163434e-04  7.68763253913673505e-04 -1.24338653066808247e-04 -1.30451559809532234e-06  5.25963407778936298e-06 -2.08510645983286774e-09  2.86337331072833074e-09  4.00000000000000000e+00 -2.50000000000000000e+00  1.65000000000000013e+00 -1.00000000000000006e-01  1.60000000000000009e+00 -8.00000000000000044e-01  2.30000000000000027e+00
 1.42428000000002535e-06  9.91564797295528666e-06 -9.10492704134113805e-04  7.68763253919372614e-04 -1.24338653067059918e-04 -1.30451559839447553e-06  5.25963407679617535e-06 -2.08510637379663681e-09  2.86337330952364268e-09  4.00000000000000000e+00 -2.50000000000000000e+00  1.65000000000000013e+00 -1.00000000000000006e-01  1.60000000000000009e+00 -8.00000000000000044e-01  2.30000000000000027e+00
 1.42528000000002543e-06  9.91564797225996070e-06 -9.10492704130579523e-04  7.68763253916634136e-04 -1.24338653067770450e-04 -1.30451559813227203e-06  5.25963407615243878e-06 -2.08510649563614185e-09  2.86337340176828142e-09  4.00000000000000000e+00 -2.50000000000000000e+00  1.65000000000000013e+00 -1.00000000000000006e-01  1.60000000000000009e+00 -8.00000000000000044e-01  2.30000000000000027e+00
 1.42628000000002550e-06  9.91564797273659800e-06 -9.10492704094452931e-04  7.68763253898056332e-04 -1.24338653067533606e-04 -1.30451559785992045e-06  5.25963407453324805e-06 -2.08510660314996230e-09  2.86337351676725468e-09  4.00000000000000000e+00 -2.50000000000000000e+00  1.65000000000000013e+00 -1.00000000000000006e-01  1.60000000000000009e+00 -8.00000000000000044e-01  2.30000000000000027e+00
 1.42728000000002558e-06  9.91564797397413854e-06 -9.10492704109192984e-04  7.68763253891839083e-04 -1.24338653065520405e-04 -1.30451559864921963e-06  5.25963407650347041e-06 -2.08510649144254873e-09  2.86337320617060317e-09  4.00000000000000000e+00 -2.50000000000000000e+00  1.65000000000000013e+00 -1.00000000000000006e-01  1.60000000000000009e+00 -8.00000000000000044e-01  2.30000000000000027e+00
 1.42828000000002565e-06  9.91564797423778602e-06 -9.10492704128810647e-04  7.68763253892431274e-04 -1.24338653063892069e-04 -1.30451559816028786e-06  5.25963407860927055e-06 -2.08510629614072610e-09  2.86337306722005238e-09  4.00000000000000000e+00 -2.50000000000000000e+00  1.65000000000000013e+00 -1.00000000000000006e-01  1.60000000000000009e+00 -8.00000000000000044e-01  2.30000000000000027e+00
 1.42928000000002573e-06  9.91564797327916834e-06 -9.10492704142999276e-04  7.68763253918410493e-04 -1.24338653065979293e-04 -1.30451559932957809e-06  5.25963407850221829e-06 -2.08510625598672309e-09  2.86337322968409634e-09  4.00000000000000000e+00 -2.50000000000000000e+00  1.65000000000000013e+00 -1.00000000000000006e-01  1.60000000000000009e+00 -8.00000000000000044e-01  2.30000000000000027e+00
 1.43028000000002580e-06  9.91564797234174004e-06 -9.10492704144127930e-04  7.68763253934989788e-04 -1.24338653069487609e-04 -1.30451559871262386e-06  5.25963407656773225e-06 -2.08510656845090523e-09  2.86337341692711144e-09  4.00000000000000000e+00 -2.50000000000000000e+00  1.65000000000000013e+00 -1.00000000000000006e-01  1.60000000000000009e+00 -8.00000000000000044e-01  2.30000000000000027e+00
 1.43128000000002588e-06  9.91564797231896671e-06 -9.10492704134957531e-04  7.68763253924109602e-04 -1.24338653070301763e-04 -1.30451559842292504e-06  5.25963407511453458e-06 -2.08510667202918437e-09  2.86337339658352989e-09  4.00000000000000000e+00 -2.50000000000000000e+00  1.65000000000000013e+00 -1.00000000000000006e-01  1.60000000000000009e+00 -8.00000000000000044e-01  2.30000000000000027e+00
 1.43228000000002595e-06  9.91564797335844554e-06 -9.10492704139594555e-04  7.68763253912267187e-04 -1.24338653068436583e-04 -1.30451559787501246e-06  5.25963407614457492e-06 -2.08510650384476627e-09  2.86337336451997035e-09  4.00000000000000000e+00 -2.50000000000000000e+00  1.65000000000000013e+00 -1.00000000000000006e-01  1.60000000000000009e+00 -8.00000000000000044e-01  2.30000000000000027e+00
 1.43328000000002603e-06  9.91564797401006460e-06 -9.10492704133466103e-04  7.68763253895687892e-04 -1.24338653066008919e-04 -1.30451559785220101e-06  5.25963407676699421e-06 -2.08510641174794098e-09  2.86337329534152023e-09  4.00000000000000000e+00 -2.50000000000000000e+00  1.65000000000000013e+00 -1.00000000000000006e-01  1.60000000000000009e+00 -8.00000000000000044e-01  2.30000000000000027e+00
 1.43428000000002610e-06  9.91564797388976390e-06 -9.10492704125576147e-04  7.68763253906346034e-04 -1.24338653065772048e-04 -1.30451559851391120e-06  5.25963407765058510e-06 -2.08510638585167010e-09  2.86337325159518804e-09  4.00000000000000000e+00 -2.50000000000000000e+00  1.65000000000000013e+00 -1.00000000000000006e-01  1.60000000000000009e+00 -8.00000000000000044e-01  2.30000000000000027e+00
 1.43528000000002618e-06  9.91564797345960330e-06 -9.10492704135668117e-04  7.68763253924331647e-04 -1.24338653067607602e-04 -1.30451559861226993e-06  5.25963407582284132e-06 -2.08510653137906859e-09  2.86337340970504094e-09  4.00000000000000000e+00 -2.50000000000000000e+00  1.65000000000000013e+00 -1.00000000000000006e-01  1.60000000000000009e+00 -8.00000000000000044e-01  2.30000000000000027e+00
 1.43628000000002625e-06  9.91564797310611782e-06 -9.10492704123044860e-04  7.68763253927070233e-04 -1.24338653068762251e-04 -1.30451559852032959e-06  5.25963407582407544e-06 -2.08510659856849716e-09  2.86337344223358600e-09  4.00000000000000000e+00 -2.50000000000000000e+00  1.65000000000000013e+00 -1.00000000000000006e-01  1.60000000000000009e+00 -8.00000000000000044e-01  2.30000000000000027e+00
 1.43728000000002633e-06  9.91564797267035494e-06 -9.10492704119310759e-04  7.68763253910120792e-04 -1.24338653067637228e-04 -1.30451559828865740e-06  5.25963407579828583e-06 -2.08510652210830291e-09  2.86337332774209218e-09  4.00000000000000000e+00 -2.50000000000000000e+00  1.65000000000000013e+00 -1.00000000000000006e-01  1.60000000000000009e+00 -8.00000000000000044e-01  2.30000000000000027e+00
 1.43828000000002640e-06  9.91564797247100912e-06 -9.10492704116068886e-04  7.68763253894503618e-04 -1.24338653065698024e-04 -1.30451559783736904e-06  5.25963407604885681e-06 -2.08510637632374513e-09  2.86337325894757547e-09  4.00000000000000000e+00 -2.50000000000000000e+00  1.65000000000000013e+00 -1.00000000000000006e-01  1.60000000000000009e+00 -8.00000000000000044e-01  2.30000000000000027e+00
 1.43928000000002648e-06  9.91564797319941680e-06 -9.10492704115580453e-04  7.68763253892061128e-04 -1.24338653065224336e-04 -1.30451559833722965e-06  5.25963407698240824e-06 -2.08510641979133607e-09  2.86337329853822175e-09  4.00000000000000000e+00 -2.50000000000000000e+00  1.65000000000000013e+00 -1.00000000000000006e-01  1.60000000000000009e+00 -8.00000000000000044e-01  2.30000000000000027e+00
 1.44028000000002655e-06  9.91564797365244390e-06 -9.10492704129680286e-04  7.68763253900646925e-04 -1.24338653066053317e-04 -1.30451559918195317e-06  5.25963407682682269e-06 -2.08510648573118259e-09  2.86337322780516054e-09  4.00000000000000000e+00 -2.50000000000000000e+00  1.65000000000000013e+00 -1.00000000000000006e-01  1.60000000000000009e+00 -8.00000000000000044e-01  2.30000000000000027e+00
 1.44128000000002663e-06  9.91564797367895603e-06 -9.10492704131612009e-04  7.68763253906642129e-04 -1.24338653067474408e-04 -1.30451559865624534e-06  5.25963407754546069e-06 -2.08510645179880945e-09  2.86337326949295286e-09  4.00000000000000000e+00 -2.50000000000000000e+00  1.65000000000000013e+00 -1.00000000000000006e-01  1.60000000000000009e+00 -8.00000000000000044e-01  2.30000000000000027e+00
 1.44228000000002670e-06  9.91564797338328902e-06 -9.10492704142965991e-04  7.68763253938320457e-04 -1.24338653068629029e-04 -1.30451559849344138e-06  5.25963407685642819e-06 -2.08510643953229545e-09  2.86337336271746810e-09  4.00000000000000000e+00 -2.50000000000000000e+00  1.65000000000000013e+00 -1.00000000000000006e-01  1.60000000000000009e+00 -8.00000000000000044e-01  2.30000000000000027e+00
 1.44328000000002678e-06  9.91564797271094137e-06 -9.10492704141485621e-04  7.68763253917226219e-04 -1.24338653068051719e-04 -1.30451559802844888e-06  5.25963407652748633e-06 -2.08510644728055167e-09  2.86337330944278495e-09  4.00000000000000000e+00 -2.50000000000000000e+00  1.65000000000000013e+00 -1.00000000000000006e-01  1.60000000000000009e+00 -8.00000000000000044e-01  2.30000000000000027e+00
 1.44428000000002685e-06  9.91564797272925930e-06 -9.10492704130094776e-04  7.68763253910194843e-04 -1.24338653067474381e-04 -1.30451559831207616e-06  5.25963407646869886e-06 -2.08510644268636986e-09  2.86337331039477967e-09  4.00000000000000000e+00 -2.50000000000000000e+00  1.65000000000000013e+00 -1.00000000000000006e-01  1.60000000000000009e+00 -8.00000000000000044e-01  2.30000000000000027e+00
 1.44528000000002693e-06  9.91564797318068043e-06 -9.10492704116753560e-04  7.68763253895021759e-04 -1.24338653067637228e-04 -1.30451559814372117e-06  5.25963407554756069e-06 -2.08510657679141946e-09  2.86337346888779462e-09  4.00000000000000000e+00 -2.50000000000000000e+00  1.65000000000000013e+00 -1.00000000000000006e-01  1.60000000000000009e+00 -8.00000000000000044e-01  2.30000000000000027e+00
 1.44628000000002700e-06  9.91564797336829823e-06 -9.10492704109122620e-04  7.68763253898574472e-04 -1.24338653066082916e-04 -1.30451559811960847e-06  5.25963407618273884e-06 -2.08510651887233389e-09  2.86337329383571031e-09  4.00000000000000000e+00 -2.50000000000000000e+00  1.65000000000000013e+00 -1.00000000000000006e-01  1.60000000000000009e+00 -8.00000000000000044e-01  2.30000000000000027e+00
 1.44728000000002708e-06  9.91564797345785333e-06 -9.10492704114943918e-04  7.68763253917226219e-04 -1.24338653065609228e-04 -1.30451559810122044e-06  5.25963407729519803e-06 -2.08510640234943214e-09  2.86337325252457302e-09  4.00000000000000000e+00 -2.50000000000000000e+00  1.65000000000000013e+00 -1.00000000000000006e-01  1.60000000000000009e+00 -8.00000000000000044e-01  2.30000000000000027e+00
 1.44828000000002715e-06  9.91564797308610073e-06 -9.10492704102065331e-04  7.68763253928772539e-04 -1.24338653067948096e-04 -1.30451559896164329e-06  5.25963407652305296e-06 -2.08510643716586861e-09  2.86337345148916465e-09  4.00000000000000000e+00 -2.50000000000000000e+00  1.65000000000000013e+00 -1.00000000000000006e-01  1.60000000000000009e+00 -8.00000000000000044e-01  2.30000000000000027e+00
 1.44928000000002723e-06  9.91564797245036862e-06 -9.10492704105266438e-04  7.68763253922925328e-04 -1.24338653068703053e-04 -1.30451559865294933e-06  5.25963407541209810e-06 -2.08510657433826688e-09  2.86337333719253514e-09  4.00000000000000000e+00 -2.50000000000000000e+00  1.65000000000000013e+00 -1.00000000000000006e-01  1.60000000000000009e+00 -8.00000000000000044e-01  2.30000000000000027e+00
 1.45028000000002730e-06  9.91564797222901520e-06 -9.10492704109933061e-04  7.68763253907752352e-04 -1.24338653067296762e-04 -1.30451559795533024e-06  5.25963407618520625e-06 -2.08510657839298713e-09  2.86337315596662951e-09  4.00000000000000000e+00 -2.50000000000000000e+00  1.65000000000000013e+00 -1.00000000000000006e-01  1.60000000000000009e+00 -8.00000000000000044e-01  2.30000000000000027e+00
 1.45128000000002738e-06  9.91564797239066297e-06 -9.10492704126860276e-04  7.68763253894799714e-04 -1.24338653064957894e-04 -1.30451559808127112e-06  5.25963407708236660e-06 -2.08510639258103791e-09  2.86337317148424126e-09  4.00000000000000000e+00 -2.50000000000000000e+00  1.65000000000000013e+00 -1.00000000000000006e-01  1.60000000000000009e+00 -8.00000000000000044e-01  2.30000000000000027e+00
 1.45228000000002745e-06  9.91564797275468893e-06 -9.10492704119610541e-04  7.68763253920260793e-04 -1.24338653065920096e-04 -1.30451559847088997e-06  5.25963407767359899e-06 -2.08510638299404894e-09  2.86337339143168484e-09  4.00000000000000000e+00 -2.50000000000000000e+00  1.65000000000000013e+00 -1.00000000000000006e-01  1.60000000000000009e+00 -8.00000000000000044e-01  2.30000000000000027e+00
 1.45328000000002753e-06  9.91564797345447875e-06 -9.10492704128799480e-04  7.68763253921667111e-04 -1.24338653067948096e-04 -1.30451559909972723e-06  5.25963407653962939e-06 -2.08510648314738592e-09  2.86337347889121774e-09  4.00000000000000000e+00 -2.50000000000000000e+00  1.65000000000000013e+00 -1.00000000000000006e-01  1.60000000000000009e+00 -8.00000000000000044e-01  2.30000000000000027e+00
 1.45428000000002760e-06  9.91564797355863500e-06 -9.10492704108349150e-04  7.68763253910120792e-04 -1.24338653068184940e-04 -1.30451559833436732e-06  5.25963407585915531e-06 -2.08510656500490802e-09  2.86337332188127973e-09  4.00000000000000000e+00 -2.50000000000000000e+00  1.65000000000000013e+00 -1.00000000000000006e-01  1.60000000000000009e+00 -8.00000000000000044e-01  2.30000000000000027e+00
 1.45528000000002768e-06  9.91564797316101233e-06 -9.10492704125032094e-04  7.68763253902127186e-04 -1.24338653066823074e-04 -1.30451559790883957e-06  5.25963407647440362e-06 -2.08510644944516297e-09  2.86337320006203482e-09  4.00000000000000000e+00 -2.50000000000000000e+00  1.65000000000000013e+00 -1.00000000000000006e-01  1.60000000000000009e+00 -8.00000000000000044e-01  2.30000000000000027e+00
 1.45628000000002775e-06  9.91564797254355072e-06 -9.10492704148539223e-04  7.68763253906568078e-04 -1.24338653067785249e-04 -1.30451559878999248e-06  5.25963407733262926e-06 -2.08510638931412406e-09  2.86337330173436781e-09  4.00000000000000000e+00 -2.50000000000000000e+00  1.65000000000000013e+00 -1.00000000000000006e-01  1.60000000000000009e+00 -8.00000000000000044e-01  2.30000000000000027e+00
 1.45728000000002783e-06  9.91564797249546127e-06 -9.10492704150952115e-04  7.68763253910416887e-04 -1.24338653068821475e-04 -1.30451559871114917e-06  5.25963407692978802e-06 -2.08510646276539920e-09  2.86337335528912564e-09  4.00000000000000000e+00 -2.50000000000000000e+00  1.65000000000000013e+00 -1.00000000000000006e-01  1.60000000000000009e+00 -8.00000000000000044e-01  2.30000000000000027e+00
 1.45828000000002791e-06  9.91564797316287580e-06 -9.10492704142706866e-04  7.68763253912785327e-04 -1.24338653068614230e-04 -1.30451559857237129e-06  5.25963407598872001e-06 -2.08510657276316113e-09  2.86337335588213101e-09  4.00000000000000000e+00 -2.50000000000000000e+00  1.65000000000000013e+00 -1.00000000000000006e-01  1.60000000000000009e+00 -8.00000000000000044e-01  2.30000000000000027e+00
 1.45928000000002798e-06  9.91564797342936422e-06 -9.10492704125639030e-04  7.68763253904791721e-04 -1.24338653067193139e-04 -1.30451559740559633e-06  5.25963407612749789e-06 -2.08510653808915979e-09  2.86337335545109174e-09  4.00000000000000000e+00 -2.50000000000000000e+00  1.65000000000000013e+00 -1.00000000000000006e-01  1.60000000000000009e+00 -8.00000000000000044e-01  2.30000000000000027e+00
 1.46028000000002806e-06  9.91564797341331295e-06 -9.10492704108837691e-04  7.68763253905457855e-04 -1.24338653065431582e-04 -1.30451559763267167e-06  5.25963407634618825e-06 -2.08510638089674201e-09  2.86337339223422167e-09  4.00000000000000000e+00 -2.50000000000000000e+00  1.65000000000000013e+00 -1.00000000000000006e-01  1.60000000000000009e+00 -8.00000000000000044e-01  2.30000000000000027e+00
 1.46128000000002813e-06  9.91564797302404371e-06 -9.10492704112471829e-04  7.68763253901609046e-04 -1.24338653065387183e-04 -1.30451559917501427e-06  5.25963407633011325e-06 -2.08510640522507508e-09  2.86337335615883161e-09  4.00000000000000000e+00 -2.50000000000000000e+00  1.65000000000000013e+00 -1.00000000000000006e-01  1.60000000000000009e+00 -8.00000000000000044e-01  2.30000000000000027e+00
 1.46228000000002821e-06  9.91564797316283006e-06 -9.10492704130464814e-04  7.68763253905161759e-04 -1.24338653065609228e-04 -1.30451559901880255e-06  5.25963407689979627e-06 -2.08510653279538006e-09  2.86337316391637163e-09  4.00000000000000000e+00 -2.50000000000000000e+00  1.65000000000000013e+00 -1.00000000000000006e-01  1.60000000000000009e+00 -8.00000000000000044e-01  2.30000000000000027e+00
 1.46328000000002828e-06  9.91564797348443153e-06 -9.10492704127023123e-04  7.68763253920778933e-04 -1.24338653066290161e-04 -1.30451559785488971e-06  5.25963407665130730e-06 -2.08510645536209384e-09  2.86337326747314820e-09  4.00000000000000000e+00 -2.50000000000000000e+00  1.65000000000000013e+00 -1.00000000000000006e-01  1.60000000000000009e+00 -8.00000000000000044e-01  2.30000000000000027e+00
 1.46428000000002836e-06  9.91564797305033053e-06 -9.10492704121497920e-04  7.68763253906568078e-04 -1.24338653068110916e-04 -1.30451559864063283e-06  5.25963407660574201e-06 -2.08510643126150882e-09  2.86337336137029322e-09  4.00000000000000000e+00 -2.50000000000000000e+00  1.65000000000000013e+00 -1.00000000000000006e-01  1.60000000000000009e+00 -8.00000000000000044e-01  2.30000000000000027e+00
 1.46528000000002843e-06  9.91564797265080203e-06 -9.10492704115191875e-04  7.68763253909898747e-04 -1.24338653068051719e-04 -1.30451559865641877e-06  5.25963407639125294e-06 -2.08510652765549852e-09  2.86337328719691546e-09  4.00000000000000000e+00 -2.50000000000000000e+00  1.65000000000000013e+00 -1.00000000000000006e-01  1.60000000000000009e+00 -8.00000000000000044e-01  2.30000000000000027e+00
 1.46628000000002851e-06  9.91564797287457289e-06 -9.10492704137958820e-04  7.68763253910194843e-04 -1.24338653066867472e-04 -1.30451559842127692e-06  5.25963407839227510e-06 -2.08510643122288610e-09  2.86337321502415632e-09  4.00000000000000000e+00 -2.50000000000000000e+00  1.65000000000000013e+00 -1.00000000000000006e-01  1.60000000000000009e+00 -8.00000000000000044e-01  2.30000000000000027e+00
 1.46728000000002858e-06  9.91564797358206393e-06 -9.10492704151640475e-04  7.68763253932621348e-04 -1.24338653068540206e-04 -1.30451559876483899e-06  5.25963407760135724e-06 -2.08510638546066223e-09  2.86337337564797116e-09  4.00000000000000000e+00 -2.50000000000000000e+00  1.65000000000000013e+00 -1.00000000000000006e-01  1.60000000000000009e+00 -8.00000000000000044e-01  2.30000000000000027e+00
 1.46828000000002866e-06  9.91564797381014111e-06 -9.10492704142984422e-04  7.68763253915523913e-04 -1.24338653069443184e-04 -1.30451559829802495e-06  5.25963407563260026e-06 -2.08510649598097236e-09  2.86337343812786097e-09  4.00000000000000000e+00 -2.50000000000000000e+00  1.65000000000000013e+00 -1.00000000000000006e-01  1.60000000000000009e+00 -8.00000000000000044e-01  2.30000000000000027e+00
 1.46928000000002873e-06  9.91564797364366695e-06 -9.10492704135793885e-04  7.68763253895391797e-04 -1.24338653068258937e-04 -1.30451559749753667e-06  5.25963407443899531e-06 -2.08510663974324476e-09  2.86337345974077971e-09  4.00000000000000000e+00 -2.50000000000000000e+00  1.65000000000000013e+00 -1.00000000000000006e-01  1.60000000000000009e+00 -8.00000000000000044e-01  2.30000000000000027e+00
 1.47028000000002881e-06  9.91564797309748994e-06 -9.10492704116520456e-04  7.68763253901905141e-04 -1.24338653065994093e-04 -1.30451559795975387e-06  5.25963407607526306e-06 -2.08510649704871405e-09  2.86337329896037875e-09  4.00000000000000000e+00 -2.50000000000000000e+00  1.65000000000000013e+00 -1.00000000000000006e-01  1.60000000000000009e+00 -8.00000000000000044e-01  2.30000000000000027e+00
 1.47128000000002888e-06  9.91564797304047276e-06 -9.10492704114607165e-04  7.68763253903903543e-04 -1.24338653065135513e-04 -1.30451559839282741e-06  5.25963407748520785e-06 -2.08510643806200631e-09  2.86337320443344406e-09  4.00000000000000000e+00 -2.50000000000000000e+00  1.65000000000000013e+00 -1.00000000000000006e-01  1.60000000000000009e+00 -8.00000000000000044e-01  2.30000000000000027e+00
 1.47228000000002896e-06  9.91564797327160264e-06 -9.10492704115162276e-04  7.68763253913673505e-04 -1.24338653066408583e-04 -1.30451559867697521e-06  5.25963407699509087e-06 -2.08510636102253417e-09  2.86337330358307306e-09  4.00000000000000000e+00 -2.50000000000000000e+00  1.65000000000000013e+00 -1.00000000000000006e-01  1.60000000000000009e+00 -8.00000000000000044e-01  2.30000000000000027e+00
 1.47328000000002903e-06  9.91564797290981793e-06 -9.10492704121331387e-04  7.68763253929068634e-04 -1.24338653069028720e-04 -1.30451559911507970e-06  5.25963407667956347e-06 -2.08510650975499739e-09  2.86337332854740090e-09  4.00000000000000000e+00 -2.50000000000000000e+00  1.65000000000000013e+00 -1.00000000000000006e-01  1.60000000000000009e+00 -8.00000000000000044e-01  2.30000000000000027e+00
 1.47428000000002911e-06  9.91564797259825380e-06 -9.10492704099352657e-04  7.68763253906346034e-04 -1.24338653069635630e-04 -1.30451559839612343e-06  5.25963407618250760e-06 -2.08510648684218086e-09  2.86337332260876729e-09  4.00000000000000000e+00 -2.50000000000000000e+00  1.65000000000000013e+00 -1.00000000000000006e-01  1.60000000000000009e+00 -8.00000000000000044e-01  2.30000000000000027e+00
 1.47528000000002918e-06  9.91564797242415804e-06 -9.10492704141470876e-04  7.68763253919372614e-04 -1.24338653067726051e-04 -1.30451559793902380e-06  5.25963407632803209e-06 -2.08510645925418004e-09  2.86337327263582725e-09  4.00000000000000000e+00 -2.50000000000000000e+00  1.65000000000000013e+00 -1.00000000000000006e-01  1.60000000000000009e+00 -8.00000000000000044e-01  2.30000000000000027e+00
 1.47628000000002926e-06  9.91564797267668566e-06 -9.10492704123751651e-04  7.68763253905457855e-04 -1.24338653066467808e-04 -1.30451559855051382e-06  5.25963407605548739e-06 -2.08510649038162177e-09  2.86337332270721916e-09  4.00000000000000000e+00 -2.50000000000000000e+00  1.65000000000000013e+00 -1.00000000000000006e-01  1.60000000000000009e+00 -8.00000000000000044e-01  2.30000000000000027e+00
 1.47728000000002933e-06  9.91564797357481164e-06 -9.10492704129202911e-04  7.68763253903903543e-04 -1.24338653066497406e-04 -1.30451559824797800e-06  5.25963407688106160e-06 -2.08510654579052934e-09  2.86337337803485582e-09  4.00000000000000000e+00 -2.50000000000000000e+00  1.65000000000000013e+00 -1.00000000000000006e-01  1.60000000000000009e+00 -8.00000000000000044e-01  2.30000000000000027e+00
 1.47828000000002941e-06  9.91564797423315444e-06 -9.10492704125964725e-04  7.68763253909824696e-04 -1.24338653067030319e-04 -1.30451559823548808e-06  5.25963407719011173e-06 -2.08510649344670685e-09  2.86337334861815057e-09  4.00000000000000000e+00 -2.50000000000000000e+00  1.65000000000000013e+00 -1.00000000000000006e-01  1.60000000000000009e+00 -8.00000000000000044e-01  2.30000000000000027e+00
 1.47928000000002948e-06  9.91564797392047054e-06 -9.10492704109514884e-04  7.68763253908714473e-04 -1.24338653066408583e-04 -1.30451559826966205e-06  5.25963407577982051e-06 -2.08510641938050110e-09  2.86337324789633289e-09  4.00000000000000000e+00 -2.50000000000000000e+00  1.65000000000000013e+00 -1.00000000000000006e-01  1.60000000000000009e+00 -8.00000000000000044e-01  2.30000000000000027e+00
 1.48028000000002956e-06  9.91564797302892431e-06 -9.10492704133773257e-04  7.68763253905457855e-04 -1.24338653067281962e-04 -1.30451559876926241e-06  5.25963407637849324e-06 -2.08510641798670466e-09  2.86337333202758797e-09  4.00000000000000000e+00 -2.50000000000000000e+00  1.65000000000000013e+00 -1.00000000000000006e-01  1.60000000000000009e+00 -8.00000000000000044e-01  2.30000000000000027e+00
 1.48128000000002963e-06  9.91564797211799459e-06 -9.10492704126963925e-04  7.68763253890950905e-04 -1.24338653067074717e-04 -1.30451559791213558e-06  5.25963407564570724e-06 -2.08510660465696212e-09  2.86337333085011415e-09  4.00000000000000000e+00 -2.50000000000000000e+00  1.65000000000000013e+00 -1.00000000000000006e-01  1.60000000000000009e+00 -8.00000000000000044e-01  2.30000000000000027e+00
 1.48228000000002971e-06  9.91564797257094885e-06 -9.10492704099922622e-04  7.68763253892135179e-04 -1.24338653065194738e-04 -1.30451559785159369e-06  5.25963407712692985e-06 -2.08510644617387582e-09  2.86337326981364334e-09  4.00000000000000000e+00 -2.50000000000000000e+00  1.65000000000000013e+00 -1.00000000000000006e-01  1.60000000000000009e+00 -8.00000000000000044e-01  2.30000000000000027e+00
 1.48328000000002978e-06  9.91564797369525972e-06 -9.10492704132019126e-04  7.68763253924331647e-04 -1.24338653065920069e-04 -1.30451559911178369e-06  5.25963407832512233e-06 -2.08510636564732289e-09  2.86337330186401018e-09  4.00000000000000000e+00 -2.50000000000000000e+00  1.65000000000000013e+00 -1.00000000000000006e-01  1.60000000000000009e+00 -8.00000000000000044e-01  2.30000000000000027e+00
 1.48428000000002986e-06  9.91564797382578242e-06 -9.10492704127426554e-04  7.68763253916338041e-04 -1.24338653068170114e-04 -1.30451559928239370e-06  5.25963407622872849e-06 -2.08510649486258033e-09  2.86337331363052080e-09  4.00000000000000000e+00 -2.50000000000000000e+00  1.65000000000000013e+00 -1.00000000000000006e-01  1.60000000000000009e+00 -8.00000000000000044e-01  2.30000000000000027e+00
 1.48528000000002993e-06  9.91564797353637498e-06 -9.10492704143469277e-04  7.68763253905753951e-04 -1.24338653069058319e-04 -1.30451559831277010e-06  5.25963407623192774e-06 -2.08510651881666505e-09  2.86337332078531091e-09  4.00000000000000000e+00 -2.50000000000000000e+00  1.65000000000000013e+00 -1.00000000000000006e-01  1.60000000000000009e+00 -8.00000000000000044e-01  2.30000000000000027e+00
 1.48628000000003001e-06  9.91564797276105184e-06 -9.10492704114699647e-04  7.68763253913673505e-04 -1.24338653068421784e-04 -1.30451559809011817e-06  5.25963407594735601e-06 -2.08510652522605003e-09  2.86337327826418376e-09  4.00000000000000000e+00 -2.50000000000000000e+00  1.65000000000000013e+00 -1.00000000000000006e-01  1.60000000000000009e+00 -8.00000000000000044e-01  2.30000000000000027e+00
 1.48728000000003008e-06  9.91564797233996296e-06 -9.10492704130091090e-04  7.68763253895687892e-04 -1.24338653067666854e-04 -1.30451559778619470e-06  5.25963407644321756e-06 -2.08510645585542726e-09  2.86337338157767824e-09  4.00000000000000000e+00 -2.50000000000000000e+00  1.65000000000000013e+00 -1.00000000000000006e-01  1.60000000000000009e+00 -8.00000000000000044e-01  2.30000000000000027e+00
 1.48828000000003016e-06  9.91564797288057666e-06 -9.10492704101702665e-04  7.68763253902793320e-04 -1.24338653066823074e-04 -1.30451559817737484e-06  5.25963407581305046e-06 -2.08510652719989778e-09  2.86337342849939881e-09  4.00000000000000000e+00 -2.50000000000000000e+00  1.65000000000000013e+00 -1.00000000000000006e-01  1.60000000000000009e+00 -8.00000000000000044e-01  2.30000000000000027e+00
 1.48928000000003023e-06  9.91564797352328154e-06 -9.10492704115365781e-04  7.68763253909010569e-04 -1.24338653065165139e-04 -1.30451559801170875e-06  5.25963407634491600e-06 -2.08510653565819260e-09  2.86337334895497521e-09  4.00000000000000000e+00 -2.50000000000000000e+00  1.65000000000000013e+00 -1.00000000000000006e-01  1.60000000000000009e+00 -8.00000000000000044e-01  2.30000000000000027e+00
 1.49028000000003031e-06  9.91564797396338123e-06 -9.10492704109170758e-04  7.68763253901239008e-04 -1.24338653064439780e-04 -1.30451559869518980e-06  5.25963407671059622e-06 -2.08510640222121129e-09  2.86337324684237161e-09  4.00000000000000000e+00 -2.50000000000000000e+00  1.65000000000000013e+00 -1.00000000000000006e-01  1.60000000000000009e+00 -8.00000000000000044e-01  2.30000000000000027e+00
 1.49128000000003038e-06  9.91564797339793930e-06 -9.10492704109315066e-04  7.68763253921667111e-04 -1.24338653064928268e-04 -1.30451559829811156e-06  5.25963407628713057e-06 -2.08510632994525474e-09  2.86337331430381687e-09  4.00000000000000000e+00 -2.50000000000000000e+00  1.65000000000000013e+00 -1.00000000000000006e-01  1.60000000000000009e+00 -8.00000000000000044e-01  2.30000000000000027e+00
 1.49228000000003046e-06  9.91564797274530380e-06 -9.10492704110033024e-04  7.68763253913673505e-04 -1.24338653067045118e-04 -1.30451559916026912e-06  5.25963407731470351e-06 -2.08510643561598981e-09  2.86337322953166060e-09  4.00000000000000000e+00 -2.50000000000000000e+00  1.65000000000000013e+00 -1.00000000000000006e-01  1.60000000000000009e+00 -8.00000000000000044e-01  2.30000000000000027e+00
 1.49328000000003053e-06  9.91564797257307659e-06 -9.10492704128858677e-04  7.68763253906864174e-04 -1.24338653068007321e-04 -1.30451559868330699e-06  5.25963407689879423e-06 -2.08510658466738534e-09  2.86337320797679794e-09  4.00000000000000000e+00 -2.50000000000000000e+00  1.65000000000000013e+00 -1.00000000000000006e-01  1.60000000000000009e+00 -8.00000000000000044e-01  2.30000000000000027e+00
 1.49428000000003061e-06  9.91564797310495738e-06 -9.10492704152809896e-04  7.68763253913969601e-04 -1.24338653067178367e-04 -1.30451559795047293e-06  5.25963407802439853e-06 -2.08510634867363463e-09  2.86337329608836134e-09  4.00000000000000000e+00 -2.50000000000000000e+00  1.65000000000000013e+00 -1.00000000000000006e-01  1.60000000000000009e+00 -8.00000000000000044e-01  2.30000000000000027e+00
 1.49528000000003068e-06  9.91564797346600517e-06 -9.10492704136767173e-04  7.68763253930030755e-04 -1.24338653068436583e-04 -1.30451559898055181e-06  5.25963407690650393e-06 -2.08510647365175243e-09  2.86337343214183818e-09  4.00000000000000000e+00 -2.50000000000000000e+00  1.65000000000000013e+00 -1.00000000000000006e-01  1.60000000000000009e+00 -8.00000000000000044e-01  2.30000000000000027e+00
 1.49628000000003076e-06  9.91564797324115181e-06 -9.10492704146122645e-04  7.68763253903015364e-04 -1.24338653068377386e-04 -1.30451559826497838e-06  5.25963407539906819e-06 -2.08510657423627013e-09  2.86337342626877312e-09  4.00000000000000000e+00 -2.50000000000000000e+00  1.65000000000000013e+00 -1.00000000000000006e-01  1.60000000000000009e+00 -8.00000000000000044e-01  2.30000000000000027e+00
 1.49728000000003084e-06  9.91564797289025655e-06 -9.10492704129983754e-04  7.68763253908714473e-04 -1.24338653067755650e-04 -1.30451559773085698e-06  5.25963407618909921e-06 -2.08510659695805509e-09  2.86337337643450411e-09  4.00000000000000000e+00 -2.50000000000000000e+00  1.65000000000000013e+00 -1.00000000000000006e-01  1.60000000000000009e+00 -8.00000000000000044e-01  2.30000000000000027e+00
 1.49828000000003091e-06  9.91564797297925091e-06 -9.10492704119410723e-04  7.68763253909010569e-04 -1.24338653066497406e-04 -1.30451559777405164e-06  5.25963407594600668e-06 -2.08510643612435971e-09  2.86337348495860491e-09  4.00000000000000000e+00 -2.50000000000000000e+00  1.65000000000000013e+00 -1.00000000000000006e-01  1.60000000000000009e+00 -8.00000000000000044e-01  2.30000000000000027e+00
 1.49928000000003099e-06  9.91564797323562068e-06 -9.10492704097406081e-04  7.68763253905383804e-04 -1.24338653065150339e-04 -1.30451559843151183e-06  5.25963407532732789e-06 -2.08510651776812883e-09  2.86337320792546436e-09  4.00000000000000000e+00 -2.50000000000000000e+00  1.65000000000000013e+00 -1.00000000000000006e-01  1.60000000000000009e+00 -8.00000000000000044e-01  2.30000000000000027e+00
 1.50028000000003106e-06  9.91564797283578047e-06 -9.10492704107179729e-04  7.68763253919890754e-04 -1.24338653064750648e-04 -1.30451559904681817e-06  5.25963407790520405e-06 -2.08510626358746902e-09  2.86337307772086210e-09  4.00000000000000000e+00 -2.50000000000000000e+00  1.65000000000000013e+00 -1.00000000000000006e-01  1.60000000000000009e+00 -8.00000000000000044e-01  2.30000000000000027e+00
 1.50128000000003114e-06  9.91564797263366317e-06 -9.10492704141444963e-04  7.68763253917226219e-04 -1.24338653068555032e-04 -1.30451559995217039e-06  5.25963407852130024e-06 -2.08510638830156359e-09  2.86337319623873654e-09  4.00000000000000000e+00 -2.50000000000000000e+00  1.65000000000000013e+00 -1.00000000000000006e-01  1.60000000000000009e+00 -8.00000000000000044e-01  2.30000000000000027e+00
 1.50228000000003121e-06  9.91564797251673027e-06 -9.10492704166672938e-04  7.68763253920556888e-04 -1.24338653070819877e-04 -1.30451559822455924e-06  5.25963407684733105e-06 -2.08510654366459824e-09  2.86337333972481541e-09  4.00000000000000000e+00 -2.50000000000000000e+00  1.65000000000000013e+00 -1.00000000000000006e-01  1.60000000000000009e+00 -8.00000000000000044e-01  2.30000000000000027e+00
 1.50328000000003129e-06  9.91564797295285906e-06 -9.10492704158916122e-04  7.68763253925219825e-04 -1.24338653070390587e-04 -1.30451559792323785e-06  5.25963407656526485e-06 -2.08510652423908418e-09  2.86337344755035556e-09  4.00000000000000000e+00 -2.50000000000000000e+00  1.65000000000000013e+00 -1.00000000000000006e-01  1.60000000000000009e+00 -8.00000000000000044e-01  2.30000000000000027e+00
 1.50428000000003136e-06  9.91564797355466242e-06 -9.10492704125764906e-04  7.68763253908344435e-04 -1.24338653068673427e-04 -1.30451559715570954e-06  5.25963407501326586e-06 -2.08510666506451593e-09  2.86337352613393402e-09  4.00000000000000000e+00 -2.50000000000000000e+00  1.65000000000000013e+00 -1.00000000000000006e-01  1.60000000000000009e+00 -8.00000000000000044e-01  2.30000000000000027e+00
 1.50528000000003144e-06  9.91564797404668861e-06 -9.10492704100862625e-04  7.68763253883845477e-04 -1.24338653065431582e-04 -1.30451559736561108e-06  5.25963407397004145e-06 -2.08510661956179930e-09  2.86337342375108597e-09  4.00000000000000000e+00 -2.50000000000000000e+00  1.65000000000000013e+00 -1.00000000000000006e-01  1.60000000000000009e+00 -8.00000000000000044e-01  2.30000000000000027e+00
 1.50628000000003151e-06  9.91564797404651243e-06 -9.10492704085349102e-04  7.68763253890950905e-04 -1.24338653062870669e-04 -1.30451559832499977e-06  5.25963407656541901e-06 -2.08510633070092807e-09  2.86337325301636954e-09  4.00000000000000000e+00 -2.50000000000000000e+00  1.65000000000000013e+00 -1.00000000000000006e-01  1.60000000000000009e+00 -8.00000000000000044e-01  2.30000000000000027e+00
 1.50728000000003159e-06  9.91564797307927195e-06 -9.10492704102738837e-04  7.68763253903015364e-04 -1.24338653064869097e-04 -1.30451559943184017e-06  5.25963407735837991e-06 -2.08510623354145510e-09  2.86337316714744746e-09  4.00000000000000000e+00 -2.50000000000000000e+00  1.65000000000000013e+00 -1.00000000000000006e-01  1.60000000000000009e+00 -8.00000000000000044e-01  2.30000000000000027e+00
 1.50828000000003166e-06  9.91564797184888545e-06 -9.10492704127230422e-04  7.68763253919372614e-04 -1.24338653067874099e-04 -1.30451559956714860e-06  5.25963407852492385e-06 -2.08510634206176037e-09  2.86337310237580537e-09  4.00000000000000000e+00 -2.50000000000000000e+00  1.65000000000000013e+00 -1.00000000000000006e-01  1.60000000000000009e+00 -8.00000000000000044e-01  2.30000000000000027e+00
 1.50928000000003174e-06  9.91564797173565239e-06 -9.10492704139642694e-04  7.68763253929068634e-04 -1.24338653069191540e-04 -1.30451559840219496e-06  5.25963407742418421e-06 -2.08510654648811557e-09  2.86337322927341440e-09  4.00000000000000000e+00 -2.50000000000000000e+00  1.65000000000000013e+00 -1.00000000000000006e-01  1.60000000000000009e+00 -8.00000000000000044e-01  2.30000000000000027e+00
 1.51028000000003181e-06  9.91564797286242474e-06 -9.10492704154897093e-04  7.68763253907456257e-04 -1.24338653069102744e-04 -1.30451559848294643e-06  5.25963407618925422e-06 -2.08510658376803239e-09  2.86337344258747661e-09  4.00000000000000000e+00 -2.50000000000000000e+00  1.65000000000000013e+00 -1.00000000000000006e-01  1.60000000000000009e+00 -8.00000000000000044e-01  2.30000000000000027e+00
 1.51128000000003189e-06  9.91564797394807873e-06 -9.10492704124847129e-04  7.68763253924035551e-04 -1.24338653067859273e-04 -1.30451559733377873e-06  5.25963407564297048e-06 -2.08510658038554859e-09  2.86337344717613533e-09  4.00000000000000000e+00 -2.50000000000000000e+00  1.65000000000000013e+00 -1.00000000000000006e-01  1.60000000000000009e+00 -8.00000000000000044e-01  2.30000000000000027e+00
 1.51228000000003196e-06  9.91564797403826233e-06 -9.10492704133399533e-04  7.68763253924331647e-04 -1.24338653067178340e-04 -1.30451559825283532e-06  5.25963407612129083e-06 -2.08510650434305573e-09  2.86337339834611033e-09  4.00000000000000000e+00 -2.50000000000000000e+00  1.65000000000000013e+00 -1.00000000000000006e-01  1.60000000000000009e+00 -8.00000000000000044e-01  2.30000000000000027e+00
 1.51328000000003204e-06  9.91564797376964954e-06 -9.10492704119695651e-04  7.68763253933583469e-04 -1.24338653067311561e-04 -1.30451559856968260e-06  5.25963407697188386e-06 -2.08510634860743247e-09  2.86337329536900827e-09  4.00000000000000000e+00 -2.50000000000000000e+00  1.65000000000000013e+00 -1.00000000000000006e-01  1.60000000000000009e+00 -8.00000000000000044e-01  2.30000000000000027e+00
 1.51428000000003211e-06  9.91564797281426584e-06 -9.10492704133140517e-04  7.68763253926108003e-04 -1.24338653067578031e-04 -1.30451559882806958e-06  5.25963407687709071e-06 -2.08510643768694773e-09  2.86337324619947939e-09  4.00000000000000000e+00 -2.50000000000000000e+00  1.65000000000000013e+00 -1.00000000000000006e-01  1.60000000000000009e+00 -8.00000000000000044e-01  2.30000000000000027e+00
 1.51528000000003219e-06  9.91564797207849575e-06 -9.10492704146381769e-04  7.68763253912563282e-04 -1.24338653068969496e-04 -1.30451559850280893e-06  5.25963407686668237e-06 -2.08510648391115073e-09  2.86337337123016370e-09  4.00000000000000000e+00 -2.50000000000000000e+00  1.65000000000000013e+00 -1.00000000000000006e-01  1.60000000000000009e+00 -8.00000000000000044e-01  2.30000000000000027e+00
 1.51628000000003226e-06  9.91564797243388367e-06 -9.10492704142351573e-04  7.68763253923443468e-04 -1.24338653068643829e-04 -1.30451559825821292e-06  5.25963407546965229e-06 -2.08510655022888644e-09  2.86337339682731904e-09  4.00000000000000000e+00 -2.50000000000000000e+00  1.65000000000000013e+00 -1.00000000000000006e-01  1.60000000000000009e+00 -8.00000000000000044e-01  2.30000000000000027e+00
 1.51728000000003234e-06  9.91564797327415052e-06 -9.10492704131515840e-04  7.68763253899462651e-04 -1.24338653068066491e-04 -1.30451559846542576e-06  5.25963407607807691e-06 -2.08510655009515574e-09  2.86337335473008638e-09  4.00000000000000000e+00 -2.50000000000000000e+00  1.65000000000000013e+00 -1.00000000000000006e-01  1.60000000000000009e+00 -8.00000000000000044e-01  2.30000000000000027e+00
 1.51828000000003241e-06  9.91564797349976282e-06 -9.10492704121079743e-04  7.68763253898352428e-04 -1.24338653065638827e-04 -1.30451559765617726e-06  5.25963407676768793e-06 -2.08510651025576757e-09  2.86337317862416073e-09  4.00000000000000000e+00 -2.50000000000000000e+00  1.65000000000000013e+00 -1.00000000000000006e-01  1.60000000000000009e+00 -8.00000000000000044e-01  2.30000000000000027e+00
 1.51928000000003249e-06  9.91564797345573913e-06 -9.10492704132762998e-04  7.68763253924331647e-04 -1.24338653065520378e-04 -1.30451559826775389e-06  5.25963407738910434e-06 -2.08510639313396348e-09  2.86337327751108296e-09  4.00000000000000000e+00 -2.50000000000000000e+00  1.65000000000000013e+00 -1.00000000000000006e-01  1.60000000000000009e+00 -8.00000000000000044e-01  2.30000000000000027e+00
 1.52028000000003256e-06  9.91564797261367488e-06 -9.10492704110780582e-04  7.68763253916930124e-04 -1.24338653067133914e-04 -1.30451559878053811e-06  5.25963407591084973e-06 -2.08510633287009177e-09  2.86337343167832629e-09  4.00000000000000000e+00 -2.50000000000000000e+00  1.65000000000000013e+00 -1.00000000000000006e-01  1.60000000000000009e+00 -8.00000000000000044e-01  2.30000000000000027e+00
 1.52128000000003264e-06  9.91564797260640226e-06 -9.10492704125442898e-04  7.68763253905679900e-04 -1.24338653068125716e-04 -1.30451559890344344e-06  5.25963407632394516e-06 -2.08510649993581551e-09  2.86337327671894751e-09  4.00000000000000000e+00 -2.50000000000000000e+00  1.65000000000000013e+00 -1.00000000000000006e-01  1.60000000000000009e+00 -8.00000000000000044e-01  2.30000000000000027e+00
 1.52228000000003271e-06  9.91564797306949042e-06 -9.10492704133862162e-04  7.68763253903015364e-04 -1.24338653067222738e-04 -1.30451559808456714e-06  5.25963407634996601e-06 -2.08510664115139113e-09  2.86337315749287618e-09  4.00000000000000000e+00 -2.50000000000000000e+00  1.65000000000000013e+00 -1.00000000000000006e-01  1.60000000000000009e+00 -8.00000000000000044e-01  2.30000000000000027e+00
 1.52328000000003279e-06  9.91564797310253317e-06 -9.10492704152728472e-04  7.68763253920260793e-04 -1.24338653066586203e-04 -1.30451559828492770e-06  5.25963407838406481e-06 -2.08510637106959728e-09  2.86337328681108865e-09  4.00000000000000000e+00 -2.50000000000000000e+00  1.65000000000000013e+00 -1.00000000000000006e-01  1.60000000000000009e+00 -8.00000000000000044e-01  2.30000000000000027e+00
 1.52428000000003286e-06  9.91564797285876556e-06 -9.10492704146777720e-04  7.68763253934989788e-04 -1.24338653067874072e-04 -1.30451559894169397e-06  5.25963407736612857e-06 -2.08510637614049319e-09  2.86337335918754350e-09  4.00000000000000000e+00 -2.50000000000000000e+00  1.65000000000000013e+00 -1.00000000000000006e-01  1.60000000000000009e+00 -8.00000000000000044e-01  2.30000000000000027e+00
 1.52528000000003294e-06  9.91564797298732483e-06 -9.10492704160377952e-04  7.68763253924109602e-04 -1.24338653070005695e-04 -1.30451559850445704e-06  5.25963407653126410e-06 -2.08510655285631068e-09  2.86337346923478200e-09  4.00000000000000000e+00 -2.50000000000000000e+00  1.65000000000000013e+00 -1.00000000000000006e-01  1.60000000000000009e+00 -8.00000000000000044e-01  2.30000000000000027e+00
 1.52628000000003301e-06  9.91564797338792229e-06 -9.10492704121246277e-04  7.68763253922259194e-04 -1.24338653068747451e-04 -1.30451559718103646e-06  5.25963407459477314e-06 -2.08510660367785159e-09  2.86337350769051207e-09  4.00000000000000000e+00 -2.50000000000000000e+00  1.65000000000000013e+00 -1.00000000000000006e-01  1.60000000000000009e+00 -8.00000000000000044e-01  2.30000000000000027e+00
 1.52728000000003309e-06  9.91564797350892603e-06 -9.10492704100377770e-04  7.68763253913451461e-04 -1.24338653066290161e-04 -1.30451559819394154e-06  5.25963407519375418e-06 -2.08510648566604997e-09  2.86337333457526537e-09  4.00000000000000000e+00 -2.50000000000000000e+00  1.65000000000000013e+00 -1.00000000000000006e-01  1.60000000000000009e+00 -8.00000000000000044e-01  2.30000000000000027e+00
 1.52828000000003316e-06  9.91564797330515362e-06 -9.10492704090356164e-04  7.68763253901609046e-04 -1.24338653063744021e-04 -1.30451559817321147e-06  5.25963407592573041e-06 -2.08510642932951973e-09  2.86337317671319030e-09  4.00000000000000000e+00 -2.50000000000000000e+00  1.65000000000000013e+00 -1.00000000000000006e-01  1.60000000000000009e+00 -8.00000000000000044e-01  2.30000000000000027e+00
 1.52928000000003324e-06  9.91564797306256677e-06 -9.10492704123662855e-04  7.68763253909232613e-04 -1.24338653064883870e-04 -1.30451559914829949e-06  5.25963407836718006e-06 -2.08510637442289359e-09  2.86337315804860589e-09  4.00000000000000000e+00 -2.50000000000000000e+00  1.65000000000000013e+00 -1.00000000000000006e-01  1.60000000000000009e+00 -8.00000000000000044e-01  2.30000000000000027e+00
 1.53028000000003331e-06  9.91564797275351663e-06 -9.10492704123133656e-04  7.68763253929068634e-04 -1.24338653067666827e-04 -1.30451559899720512e-06  5.25963407782155108e-06 -2.08510643302177439e-09  2.86337321717790923e-09  4.00000000000000000e+00 -2.50000000000000000e+00  1.65000000000000013e+00 -1.00000000000000006e-01  1.60000000000000009e+00 -8.00000000000000044e-01  2.30000000000000027e+00
 1.53128000000003339e-06  9.91564797326227342e-06 -9.10492704164718881e-04  7.68763253927884360e-04 -1.24338653069413585e-04 -1.30451559898671017e-06  5.25963407728351745e-06 -2.08510644356939013e-09  2.86337333878011394e-09  4.00000000000000000e+00 -2.50000000000000000e+00  1.65000000000000013e+00 -1.00000000000000006e-01  1.60000000000000009e+00 -8.00000000000000044e-01  2.30000000000000027e+00
 1.53228000000003346e-06  9.91564797341709072e-06 -9.10492704145019903e-04  7.68763253938320457e-04 -1.24338653069280364e-04 -1.30451559821753373e-06  5.25963407669270942e-06 -2.08510655479933767e-09  2.86337338292587883e-09  4.00000000000000000e+00 -2.50000000000000000e+00  1.65000000000000013e+00 -1.00000000000000006e-01  1.60000000000000009e+00 -8.00000000000000044e-01  2.30000000000000027e+00
 1.53328000000003354e-06  9.91564797348474154e-06 -9.10492704128884590e-04  7.68763253909824696e-04 -1.24338653069102744e-04 -1.30451559780649088e-06  5.25963407564674825e-06 -2.08510654226129295e-09  2.86337346467166083e-09  4.00000000000000000e+00 -2.50000000000000000e+00  1.65000000000000013e+00 -1.00000000000000006e-01  1.60000000000000009e+00 -8.00000000000000044e-01  2.30000000000000027e+00
 1.53428000000003361e-06  9.91564797317339256e-06 -9.10492704137588781e-04  7.68763253915449862e-04 -1.24338653067859273e-04 -1.30451559779599593e-06  5.25963407574015311e-06 -2.08510653561917159e-09  2.86337340024914065e-09  4.00000000000000000e+00 -2.50000000000000000e+00  1.65000000000000013e+00 -1.00000000000000006e-01  1.60000000000000009e+00 -8.00000000000000044e-01  2.30000000000000027e+00
 1.53528000000003369e-06  9.91564797311128810e-06 -9.10492704089960214e-04  7.68763253892135179e-04 -1.24338653065846072e-04 -1.30451559784370083e-06  5.25963407581231778e-06 -2.08510641639537377e-09  2.86337340544181699e-09  4.00000000000000000e+00 -2.50000000000000000e+00  1.65000000000000013e+00 -1.00000000000000006e-01  1.60000000000000009e+00 -8.00000000000000044e-01  2.30000000000000027e+00
 1.53628000000003377e-06  9.91564797370099752e-06 -9.10492704093546212e-04  7.68763253905161759e-04 -1.24338653065401983e-04 -1.30451559866864845e-06  5.25963407498789976e-06 -2.08510652866586655e-09  2.86337334437645690e-09  4.00000000000000000e+00 -2.50000000000000000e+00  1.65000000000000013e+00 -1.00000000000000006e-01  1.60000000000000009e+00 -8.00000000000000044e-01  2.30000000000000027e+00
 1.53728000000003384e-06  9.91564797377460977e-06 -9.10492704093135408e-04  7.68763253919002576e-04 -1.24338653063788446e-04 -1.30451559786946143e-06  5.25963407708290616e-06 -2.08510641666145792e-09  2.86337313754290521e-09  4.00000000000000000e+00 -2.50000000000000000e+00  1.65000000000000013e+00 -1.00000000000000006e-01  1.60000000000000009e+00 -8.00000000000000044e-01  2.30000000000000027e+00
 1.53828000000003392e-06  9.91564797322103816e-06 -9.10492704114736619e-04  7.68763253923221423e-04 -1.24338653064454607e-04 -1.30451559906832878e-06  5.25963407880652758e-06 -2.08510626896625975e-09  2.86337309684720023e-09  4.00000000000000000e+00 -2.50000000000000000e+00  1.65000000000000013e+00 -1.00000000000000006e-01  1.60000000000000009e+00 -8.00000000000000044e-01  2.30000000000000027e+00
 1.53928000000003399e-06  9.91564797272567127e-06 -9.10492704147565935e-04  7.68763253931733169e-04 -1.24338653068406985e-04 -1.30451559929974093e-06  5.25963407805361863e-06 -2.08510640878015177e-09  2.86337342485154307e-09  4.00000000000000000e+00 -2.50000000000000000e+00  1.65000000000000013e+00 -1.00000000000000006e-01  1.60000000000000009e+00 -8.00000000000000044e-01  2.30000000000000027e+00
 1.54028000000003407e-06  9.91564797243729044e-06 -9.10492704138173492e-04  7.68763253913673505e-04 -1.24338653070893873e-04 -1.30451559896077592e-06  5.25963407494164075e-06 -2.08510666366856717e-09  2.86337347202828797e-09  4.00000000000000000e+00 -2.50000000000000000e+00  1.65000000000000013e+00 -1.00000000000000006e-01  1.60000000000000009e+00 -8.00000000000000044e-01  2.30000000000000027e+00
 1.54128000000003414e-06  9.91564797294291151e-06 -9.10492704141726205e-04  7.68763253906568078e-04 -1.24338653069280364e-04 -1.30451559772400491e-06  5.25963407589878375e-06 -2.08510660050034149e-09  2.86337332988842073e-09  4.00000000000000000e+00 -2.50000000000000000e+00  1.65000000000000013e+00 -1.00000000000000006e-01  1.60000000000000009e+00 -8.00000000000000044e-01  2.30000000000000027e+00
 1.54228000000003422e-06  9.91564797368138871e-06 -9.10492704128577435e-04  7.68763253908714473e-04 -1.24338653067059918e-04 -1.30451559762399806e-06  5.25963407625690843e-06 -2.08510648641143896e-09  2.86337323863979140e-09  4.00000000000000000e+00 -2.50000000000000000e+00  1.65000000000000013e+00 -1.00000000000000006e-01  1.60000000000000009e+00 -8.00000000000000044e-01  2.30000000000000027e+00
 1.54328000000003429e-06  9.91564797364695005e-06 -9.10492704133884279e-04  7.68763253898056332e-04 -1.24338653065979266e-04 -1.30451559795021289e-06  5.25963407626130284e-06 -2.08510640052603407e-09  2.86337333384075091e-09  4.00000000000000000e+00 -2.50000000000000000e+00  1.65000000000000013e+00 -1.00000000000000006e-01  1.60000000000000009e+00 -8.00000000000000044e-01  2.30000000000000027e+00
 1.54428000000003437e-06  9.91564797332056623e-06 -9.10492704124610231e-04  7.68763253898056332e-04 -1.24338653065698051e-04 -1.30451559871548598e-06  5.25963407658854894e-06 -2.08510638386368005e-09  2.86337340605670667e-09  4.00000000000000000e+00 -2.50000000000000000e+00  1.65000000000000013e+00 -1.00000000000000006e-01  1.60000000000000009e+00 -8.00000000000000044e-01  2.30000000000000027e+00
 1.54528000000003444e-06  9.91564797360731060e-06 -9.10492704106946626e-04  7.68763253911008970e-04 -1.24338653066601029e-04 -1.30451559889676458e-06  5.25963407670793654e-06 -2.08510654536150881e-09  2.86337331773771987e-09  4.00000000000000000e+00 -2.50000000000000000e+00  1.65000000000000013e+00 -1.00000000000000006e-01  1.60000000000000009e+00 -8.00000000000000044e-01  2.30000000000000027e+00
 1.54628000000003452e-06  9.91564797396959506e-06 -9.10492704126134944e-04  7.68763253909528709e-04 -1.24338653065846045e-04 -1.30451559821675298e-06  5.25963407749361126e-06 -2.08510643096802514e-09  2.86337318868506505e-09  4.00000000000000000e+00 -2.50000000000000000e+00  1.65000000000000013e+00 -1.00000000000000006e-01  1.60000000000000009e+00 -8.00000000000000044e-01  2.30000000000000027e+00
 1.54728000000003459e-06  9.91564797345962193e-06 -9.10492704143757892e-04  7.68763253938542501e-04 -1.24338653068170114e-04 -1.30451559900839421e-06  5.25963407709080898e-06 -2.08510643013840641e-09  2.86337331611978396e-09  4.00000000000000000e+00 -2.50000000000000000e+00  1.65000000000000013e+00 -1.00000000000000006e-01  1.60000000000000009e+00 -8.00000000000000044e-01  2.30000000000000027e+00
 1.54828000000003467e-06  9.91564797268852888e-06 -9.10492704141045218e-04  7.68763253916338041e-04 -1.24338653069931698e-04 -1.30451559851660010e-06  5.25963407633231046e-06 -2.08510648017746011e-09  2.86337339907305112e-09  4.00000000000000000e+00 -2.50000000000000000e+00  1.65000000000000013e+00 -1.00000000000000006e-01  1.60000000000000009e+00 -8.00000000000000044e-01  2.30000000000000027e+00
 1.54928000000003474e-06  9.91564797237528932e-06 -9.10492704131190145e-04  7.68763253912785327e-04 -1.24338653068732652e-04 -1.30451559824364120e-06  5.25963407620933821e-06 -2.08510655955758951e-09  2.86337324966282630e-09  4.00000000000000000e+00 -2.50000000000000000e+00  1.65000000000000013e+00 -1.00000000000000006e-01  1.60000000000000009e+00 -8.00000000000000044e-01  2.30000000000000027e+00
 1.55028000000003482e-06  9.91564797307449808e-06 -9.10492704126941699e-04  7.68763253917226219e-04 -1.24338653067104316e-04 -1.30451559782635359e-06  5.25963407635563266e-06 -2.08510655356859963e-09  2.86337325500973295e-09  4.00000000000000000e+00 -2.50000000000000000e+00  1.65000000000000013e+00 -1.00000000000000006e-01  1.60000000000000009e+00 -8.00000000000000044e-01  2.30000000000000027e+00
 1.55128000000003489e-06  9.91564797381403238e-06 -9.10492704125627971e-04  7.68763253909898747e-04 -1.24338653067119115e-04 -1.30451559830322912e-06  5.25963407657833287e-06 -2.08510641553048075e-09  2.86337338246325863e-09  4.00000000000000000e+00 -2.50000000000000000e+00  1.65000000000000013e+00 -1.00000000000000006e-01  1.60000000000000009e+00 -8.00000000000000044e-01  2.30000000000000027e+00
 1.55228000000003497e-06  9.91564797403760503e-06 -9.10492704098153638e-04  7.68763253912267187e-04 -1.24338653067533606e-04 -1.30451559828692267e-06  5.25963407621176666e-06 -2.08510646337812331e-09  2.86337336057647777e-09  4.00000000000000000e+00 -2.50000000000000000e+00  1.65000000000000013e+00 -1.00000000000000006e-01  1.60000000000000009e+00 -8.00000000000000044e-01  2.30000000000000027e+00
 1.55328000000003504e-06  9.91564797351836536e-06 -9.10492704118004404e-04  7.68763253902127186e-04 -1.24338653067059918e-04 -1.30451559815144081e-06  5.25963407554370500e-06 -2.08510658626946999e-09  2.86337328262562423e-09  4.00000000000000000e+00 -2.50000000000000000e+00  1.65000000000000013e+00 -1.00000000000000006e-01  1.60000000000000009e+00 -8.00000000000000044e-01  2.30000000000000027e+00
 1.55428000000003512e-06  9.91564797290242841e-06 -9.10492704113700447e-04  7.68763253913673505e-04 -1.24338653066156940e-04 -1.30451559791048768e-06  5.25963407721632571e-06 -2.08510644089807486e-09  2.86337331322099485e-09  4.00000000000000000e+00 -2.50000000000000000e+00  1.65000000000000013e+00 -1.00000000000000006e-01  1.60000000000000009e+00 -8.00000000000000044e-01  2.30000000000000027e+00
 1.55528000000003519e-06  9.91564797288899447e-06 -9.10492704126242280e-04  7.68763253916708079e-04 -1.24338653066763849e-04 -1.30451559848962507e-06  5.25963407698075060e-06 -2.08510639593383089e-09  2.86337340780021935e-09  4.00000000000000000e+00 -2.50000000000000000e+00  1.65000000000000013e+00 -1.00000000000000006e-01  1.60000000000000009e+00 -8.00000000000000044e-01  2.30000000000000027e+00
 1.55628000000003527e-06  9.91564797353237359e-06 -9.10492704101125328e-04  7.68763253924405698e-04 -1.24338653066482607e-04 -1.30451559872823637e-06  5.25963407615101237e-06 -2.08510648055979457e-09  2.86337331638331377e-09  4.00000000000000000e+00 -2.50000000000000000e+00  1.65000000000000013e+00 -1.00000000000000006e-01  1.60000000000000009e+00 -8.00000000000000044e-01  2.30000000000000027e+00
 1.55728000000003534e-06  9.91564797386428854e-06 -9.10492704097691009e-04  7.68763253902793320e-04 -1.24338653066142141e-04 -1.30451559897985788e-06  5.25963407686595053e-06 -2.08510647015119935e-09  2.86337318846117993e-09  4.00000000000000000e+00 -2.50000000000000000e+00  1.65000000000000013e+00 -1.00000000000000006e-01  1.60000000000000009e+00 -8.00000000000000044e-01  2.30000000000000027e+00
 1.55828000000003542e-06  9.91564797323929681e-06 -9.10492704126449471e-04  7.68763253902127186e-04 -1.24338653066734250e-04 -1.30451559794691687e-06  5.25963407676680109e-06 -2.08510648512785607e-09  2.86337333564227873e-09  4.00000000000000000e+00 -2.50000000000000000e+00  1.65000000000000013e+00 -1.00000000000000006e-01  1.60000000000000009e+00 -8.00000000000000044e-01  2.30000000000000027e+00
 1.55928000000003549e-06  9.91564797244335180e-06 -9.10492704133658549e-04  7.68763253906568078e-04 -1.24338653066749050e-04 -1.30451559816358388e-06  5.25963407679694699e-06 -2.08510640642368502e-09  2.86337338515766713e-09  4.00000000000000000e+00 -2.50000000000000000e+00  1.65000000000000013e+00 -1.00000000000000006e-01  1.60000000000000009e+00 -8.00000000000000044e-01  2.30000000000000027e+00
 1.56028000000003557e-06  9.91564797256885837e-06 -9.10492704130542552e-04  7.68763253920778933e-04 -1.24338653067770450e-04 -1.30451559887646840e-06  5.25963407653245926e-06 -2.08510647031266377e-09  2.86337337341696330e-09  4.00000000000000000e+00 -2.50000000000000000e+00  1.65000000000000013e+00 -1.00000000000000006e-01  1.60000000000000009e+00 -8.00000000000000044e-01  2.30000000000000027e+00
 1.56128000000003564e-06  9.91564797332914159e-06 -9.10492704112475515e-04  7.68763253919076627e-04 -1.24338653067652028e-04 -1.30451559829186659e-06  5.25963407616558473e-06 -2.08510647718525170e-09  2.86337329377467679e-09  4.00000000000000000e+00 -2.50000000000000000e+00  1.65000000000000013e+00 -1.00000000000000006e-01  1.60000000000000009e+00 -8.00000000000000044e-01  2.30000000000000027e+00
 1.56228000000003572e-06  9.91564797399683903e-06 -9.10492704112593910e-04  7.68763253920852984e-04 -1.24338653066512206e-04 -1.30451559830244836e-06  5.25963407563425790e-06 -2.08510651873740046e-09  2.86337325636667890e-09  4.00000000000000000e+00 -2.50000000000000000e+00  1.65000000000000013e+00 -1.00000000000000006e-01  1.60000000000000009e+00 -8.00000000000000044e-01  2.30000000000000027e+00
 1.56328000000003579e-06  9.91564797315304175e-06 -9.10492704129802367e-04  7.68763253916412092e-04 -1.24338653065934895e-04 -1.30451559817650748e-06  5.25963407750556205e-06 -2.08510642709519653e-09  2.86337331533262027e-09  4.00000000000000000e+00 -2.50000000000000000e+00  1.65000000000000013e+00 -1.00000000000000006e-01  1.60000000000000009e+00 -8.00000000000000044e-01  2.30000000000000027e+00
 1.56428000000003587e-06  9.91564797255608003e-06 -9.10492704144949538e-04  7.68763253922925328e-04 -1.24338653066956295e-04 -1.30451559889823927e-06  5.25963407769877196e-06 -2.08510639897289659e-09  2.86337328229676286e-09  4.00000000000000000e+00 -2.50000000000000000e+00  1.65000000000000013e+00 -1.00000000000000006e-01  1.60000000000000009e+00 -8.00000000000000044e-01  2.30000000000000027e+00
 1.56528000000003594e-06  9.91564797281721182e-06 -9.10492704117501117e-04  7.68763253906346034e-04 -1.24338653067874072e-04 -1.30451559823999832e-06  5.25963407554786901e-06 -2.08510654990923077e-09  2.86337342954671783e-09  4.00000000000000000e+00 -2.50000000000000000e+00  1.65000000000000013e+00 -1.00000000000000006e-01  1.60000000000000009e+00 -8.00000000000000044e-01  2.30000000000000027e+00
 1.56628000000003602e-06  9.91564797352394900e-06 -9.10492704114977203e-04  7.68763253892135179e-04 -1.24338653067015520e-04 -1.30451559795029950e-06  5.25963407605795479e-06 -2.08510647648627953e-09  2.86337339656813440e-09  4.00000000000000000e+00 -2.50000000000000000e+00  1.65000000000000013e+00 -1.00000000000000006e-01  1.60000000000000009e+00 -8.00000000000000044e-01  2.30000000000000027e+00
 1.56728000000003609e-06  9.91564797384630941e-06 -9.10492704109748096e-04  7.68763253903015364e-04 -1.24338653065846072e-04 -1.30451559850905389e-06  5.25963407610883945e-06 -2.08510652481470139e-09  2.86337321723920000e-09  4.00000000000000000e+00 -2.50000000000000000e+00  1.65000000000000013e+00 -1.00000000000000006e-01  1.60000000000000009e+00 -8.00000000000000044e-01  2.30000000000000027e+00
 1.56828000000003617e-06  9.91564797352030846e-06 -9.10492704127100860e-04  7.68763253916338041e-04 -1.24338653066082916e-04 -1.30451559872494035e-06  5.25963407823279659e-06 -2.08510638952403521e-09  2.86337315445763453e-09  4.00000000000000000e+00 -2.50000000000000000e+00  1.65000000000000013e+00 -1.00000000000000006e-01  1.60000000000000009e+00 -8.00000000000000044e-01  2.30000000000000027e+00
 1.56928000000003624e-06  9.91564797326457057e-06 -9.10492704121505293e-04  7.68763253934989788e-04 -1.24338653068643829e-04 -1.30451559872129747e-06  5.25963407686675945e-06 -2.08510644469386607e-09  2.86337333002525212e-09  4.00000000000000000e+00 -2.50000000000000000e+00  1.65000000000000013e+00 -1.00000000000000006e-01  1.60000000000000009e+00 -8.00000000000000044e-01  2.30000000000000027e+00
 1.57028000000003632e-06  9.91564797302423345e-06 -9.10492704119595796e-04  7.68763253930918934e-04 -1.24338653069280364e-04 -1.30451559825032005e-06  5.25963407572789485e-06 -2.08510653494712457e-09  2.86337343140142344e-09  4.00000000000000000e+00 -2.50000000000000000e+00  1.65000000000000013e+00 -1.00000000000000006e-01  1.60000000000000009e+00 -8.00000000000000044e-01  2.30000000000000027e+00
 1.57128000000003639e-06  9.91564797271445147e-06 -9.10492704127252540e-04  7.68763253894503618e-04 -1.24338653067459582e-04 -1.30451559791404374e-06  5.25963407591316298e-06 -2.08510651535426485e-09  2.86337335417529717e-09  4.00000000000000000e+00 -2.50000000000000000e+00  1.65000000000000013e+00 -1.00000000000000006e-01  1.60000000000000009e+00 -8.00000000000000044e-01  2.30000000000000027e+00
 1.57228000000003647e-06  9.91564797294189168e-06 -9.10492704129961528e-04  7.68763253903015364e-04 -1.24338653066482607e-04 -1.30451559852952371e-06  5.25963407656310576e-06 -2.08510646641750955e-09  2.86337332245465031e-09  4.00000000000000000e+00 -2.50000000000000000e+00  1.65000000000000013e+00 -1.00000000000000006e-01  1.60000000000000009e+00 -8.00000000000000044e-01  2.30000000000000027e+00
 1.57328000000003654e-06  9.91564797297258985e-06 -9.10492704116006002e-04  7.68763253898352428e-04 -1.24338653066571403e-04 -1.30451559835605136e-06  5.25963407633924935e-06 -2.08510651515732348e-09  2.86337335908775780e-09  4.00000000000000000e+00 -2.50000000000000000e+00  1.65000000000000013e+00 -1.00000000000000006e-01  1.60000000000000009e+00 -8.00000000000000044e-01  2.30000000000000027e+00
 1.57428000000003662e-06  9.91564797319810051e-06 -9.10492704116331697e-04  7.68763253917004175e-04 -1.24338653065209564e-04 -1.30451559798057055e-06  5.25963407701517487e-06 -2.08510649607173185e-09  2.86337320943776393e-09  4.00000000000000000e+00 -2.50000000000000000e+00  1.65000000000000013e+00 -1.00000000000000006e-01  1.60000000000000009e+00 -8.00000000000000044e-01  2.30000000000000027e+00
 1.57528000000003670e-06  9.91564797325118407e-06 -9.10492704110558537e-04  7.68763253923221423e-04 -1.24338653066053290e-04 -1.30451559840297572e-06  5.25963407648770373e-06 -2.08510647946486924e-09  2.86337326381077668e-09  4.00000000000000000e+00 -2.50000000000000000e+00  1.65000000000000013e+00 -1.00000000000000006e-01  1.60000000000000009e+00 -8.00000000000000044e-01  2.30000000000000027e+00
 1.57628000000003677e-06  9.91564797304369318e-06 -9.10492704121612629e-04  7.68763253929068634e-04 -1.24338653067385585e-04 -1.30451559886874897e-06  5.25963407673468922e-06 -2.08510643587065763e-09  2.86337332106630665e-09  4.00000000000000000e+00 -2.50000000000000000e+00  1.65000000000000013e+00 -1.00000000000000006e-01  1.60000000000000009e+00 -8.00000000000000044e-01  2.30000000000000027e+00
 1.57728000000003685e-06  9.91564797265060891e-06 -9.10492704137026297e-04  7.68763253916930124e-04 -1.24338653068525407e-04 -1.30451559882199805e-06  5.25963407667952536e-06 -2.08510640282526530e-09  2.86337334848853716e-09  4.00000000000000000e+00 -2.50000000000000000e+00  1.65000000000000013e+00 -1.00000000000000006e-01  1.60000000000000009e+00 -8.00000000000000044e-01  2.30000000000000027e+00
 1.57828000000003692e-06  9.91564797206347277e-06 -9.10492704123337161e-04  7.68763253906568078e-04 -1.24338653068421784e-04 -1.30451559855918744e-06  5.25963407666052048e-06 -2.08510645962289663e-09  2.86337333221066702e-09  4.00000000000000000e+00 -2.50000000000000000e+00  1.65000000000000013e+00 -1.00000000000000006e-01  1.60000000000000009e+00 -8.00000000000000044e-01  2.30000000000000027e+00
 1.57928000000003700e-06  9.91564797262046978e-06 -9.10492704142928911e-04  7.68763253909010569e-04 -1.24338653067829674e-04 -1.30451559783684854e-06  5.25963407671368027e-06 -2.08510655598278539e-09  2.86337336002420897e-09  4.00000000000000000e+00 -2.50000000000000000e+00  1.65000000000000013e+00 -1.00000000000000006e-01  1.60000000000000009e+00 -8.00000000000000044e-01  2.30000000000000027e+00
 1.58028000000003707e-06  9.91564797326217686e-06 -9.10492704127015750e-04  7.68763253922925328e-04 -1.24338653066660254e-04 -1.30451559750777158e-06  5.25963407585445259e-06 -2.08510653933007257e-09  2.86337344845968555e-09  4.00000000000000000e+00 -2.50000000000000000e+00  1.65000000000000013e+00 -1.00000000000000006e-01  1.60000000000000009e+00 -8.00000000000000044e-01  2.30000000000000027e+00
 1.58128000000003715e-06  9.91564797369186820e-06 -9.10492704119743789e-04  7.68763253917226219e-04 -1.24338653065253962e-04 -1.30451559854877910e-06  5.25963407627028478e-06 -2.08510639277668639e-09  2.86337334797943810e-09  4.00000000000000000e+00 -2.50000000000000000e+00  1.65000000000000013e+00 -1.00000000000000006e-01  1.60000000000000009e+00 -8.00000000000000044e-01  2.30000000000000027e+00
 1.58228000000003722e-06  9.91564797353036782e-06 -9.10492704099844885e-04  7.68763253895391797e-04 -1.24338653065579602e-04 -1.30451559861279044e-06  5.25963407589250046e-06 -2.08510647455531283e-09  2.86337329715244814e-09  4.00000000000000000e+00 -2.50000000000000000e+00  1.65000000000000013e+00 -1.00000000000000006e-01  1.60000000000000009e+00 -8.00000000000000044e-01  2.30000000000000027e+00
 1.58328000000003730e-06  9.91564797289651782e-06 -9.10492704121497920e-04  7.68763253910120792e-04 -1.24338653066556604e-04 -1.30451559876492560e-06  5.25963407724065080e-06 -2.08510645861265764e-09  2.86337318344870158e-09  4.00000000000000000e+00 -2.50000000000000000e+00  1.65000000000000013e+00 -1.00000000000000006e-01  1.60000000000000009e+00 -8.00000000000000044e-01  2.30000000000000027e+00
 1.58428000000003737e-06  9.91564797242406317e-06 -9.10492704137936593e-04  7.68763253904199638e-04 -1.24338653067681626e-04 -1.30451559869796532e-06  5.25963407764815666e-06 -2.08510648081661843e-09  2.86337314696757571e-09  4.00000000000000000e+00 -2.50000000000000000e+00  1.65000000000000013e+00 -1.00000000000000006e-01  1.60000000000000009e+00 -8.00000000000000044e-01  2.30000000000000027e+00
 1.58528000000003745e-06  9.91564797285177076e-06 -9.10492704155888921e-04  7.68763253927884360e-04 -1.24338653068377386e-04 -1.30451559870820023e-06  5.25963407817512635e-06 -2.08510639316358316e-09  2.86337319894988304e-09  4.00000000000000000e+00 -2.50000000000000000e+00  1.65000000000000013e+00 -1.00000000000000006e-01  1.60000000000000009e+00 -8.00000000000000044e-01  2.30000000000000027e+00
 1.58628000000003752e-06  9.91564797360328889e-06 -9.10492704157384036e-04  7.68763253948978598e-04 -1.24338653069354388e-04 -1.30451559804380114e-06  5.25963407689447691e-06 -2.08510642669824000e-09  2.86337349810114206e-09  4.00000000000000000e+00 -2.50000000000000000e+00  1.65000000000000013e+00 -1.00000000000000006e-01  1.60000000000000009e+00 -8.00000000000000044e-01  2.30000000000000027e+00
 1.58728000000003760e-06  9.91564797363457659e-06 -9.10492704130516639e-04  7.68763253938320457e-04 -1.24338653069487609e-04 -1.30451559840826650e-06  5.25963407544652237e-06 -2.08510654611521882e-09  2.86337355947541151e-09  4.00000000000000000e+00 -2.50000000000000000e+00  1.65000000000000013e+00 -1.00000000000000006e-01  1.60000000000000009e+00 -8.00000000000000044e-01  2.30000000000000027e+00
 1.58828000000003767e-06  9.91564797299317105e-06 -9.10492704109370577e-04  7.68763253906049938e-04 -1.24338653067844473e-04 -1.30451559728772195e-06  5.25963407398765804e-06 -2.08510661610023621e-09  2.86337343149890461e-09  4.00000000000000000e+00 -2.50000000000000000e+00  1.65000000000000013e+00 -1.00000000000000006e-01  1.60000000000000009e+00 -8.00000000000000044e-01  2.30000000000000027e+00
 1.58928000000003775e-06  9.91564797295843423e-06 -9.10492704087972871e-04  7.68763253883845477e-04 -1.24338653064454553e-04 -1.30451559727037472e-06  5.25963407427731874e-06 -2.08510660008047785e-09  2.86337336540676793e-09  4.00000000000000000e+00 -2.50000000000000000e+00  1.65000000000000013e+00 -1.00000000000000006e-01  1.60000000000000009e+00 -8.00000000000000044e-01  2.30000000000000027e+00
 1.59028000000003782e-06  9.91564797338163392e-06 -9.10492704096788085e-04  7.68763253895909937e-04 -1.24338653062441406e-04 -1.30451559906121645e-06  5.25963407754148980e-06 -2.08510631023562896e-09  2.86337308646242782e-09  4.00000000000000000e+00 -2.50000000000000000e+00  1.65000000000000013e+00 -1.00000000000000006e-01  1.60000000000000009e+00 -8.00000000000000044e-01  2.30000000000000027e+00
 1.59128000000003790e-06  9.91564797336446117e-06 -9.10492704125276365e-04  7.68763253921075028e-04 -1.24338653065091115e-04 -1.30451560009103509e-06  5.25963407978232902e-06 -2.08510625408382304e-09  2.86337300444720952e-09  4.00000000000000000e+00 -2.50000000000000000e+00  1.65000000000000013e+00 -1.00000000000000006e-01  1.60000000000000009e+00 -8.00000000000000044e-01  2.30000000000000027e+00
 1.59228000000003797e-06  9.91564797297992346e-06 -9.10492704176724143e-04  7.68763253941873170e-04 -1.24338653069813249e-04 -1.30451559918646341e-06  5.25963407834728834e-06 -2.08510646482998990e-09  2.86337324037492971e-09  4.00000000000000000e+00 -2.50000000000000000e+00  1.65000000000000013e+00 -1.00000000000000006e-01  1.60000000000000009e+00 -8.00000000000000044e-01  2.30000000000000027e+00
 1.59328000000003805e-06  9.91564797259993431e-06 -9.10492704158220390e-04  7.68763253951643133e-04 -1.24338653072166944e-04 -1.30451559819298736e-06  5.25963407668384268e-06 -2.08510658328942445e-09  2.86337344716383143e-09  4.00000000000000000e+00 -2.50000000000000000e+00  1.65000000000000013e+00 -1.00000000000000006e-01  1.60000000000000009e+00 -8.00000000000000044e-01  2.30000000000000027e+00
 1.59428000000003812e-06  9.91564797232274278e-06 -9.10492704140797261e-04  7.68763253919076627e-04 -1.24338653071012295e-04 -1.30451559756770636e-06  5.25963407438336811e-06 -2.08510661560823125e-09  2.86337363233535095e-09  4.00000000000000000e+00 -2.50000000000000000e+00  1.65000000000000013e+00 -1.00000000000000006e-01  1.60000000000000009e+00 -8.00000000000000044e-01  2.30000000000000027e+00
 1.59528000000003820e-06  9.91564797281700175e-06 -9.10492704123921871e-04  7.68763253887916331e-04 -1.24338653066734250e-04 -1.30451559761818677e-06  5.25963407508373392e-06 -2.08510655162135526e-09  2.86337345416358763e-09  4.00000000000000000e+00 -2.50000000000000000e+00  1.65000000000000013e+00 -1.00000000000000006e-01  1.60000000000000009e+00 -8.00000000000000044e-01  2.30000000000000027e+00
 1.59628000000003827e-06  9.91564797387695168e-06 -9.10492704099630213e-04  7.68763253899240606e-04 -1.24338653064780247e-04 -1.30451559844478251e-06  5.25963407701937700e-06 -2.08510637919421654e-09  2.86337314224752059e-09  4.00000000000000000e+00 -2.50000000000000000e+00  1.65000000000000013e+00 -1.00000000000000006e-01  1.60000000000000009e+00 -8.00000000000000044e-01  2.30000000000000027e+00
 1.59728000000003835e-06  9.91564797414362984e-06 -9.10492704117445606e-04  7.68763253917004175e-04 -1.24338653066142141e-04 -1.30451559875174174e-06  5.25963407764052320e-06 -2.08510636382818564e-09  2.86337317589862171e-09  4.00000000000000000e+00 -2.50000000000000000e+00  1.65000000000000013e+00 -1.00000000000000006e-01  1.60000000000000009e+00 -8.00000000000000044e-01  2.30000000000000027e+00
 1.59828000000003842e-06  9.91564797326990180e-06 -9.10492704120361785e-04  7.68763253926996182e-04 -1.24338653067933270e-04 -1.30451559851590617e-06  5.25963407645439670e-06 -2.08510642478073070e-09  2.86337331624101389e-09  4.00000000000000000e+00 -2.50000000000000000e+00  1.65000000000000013e+00 -1.00000000000000006e-01  1.60000000000000009e+00 -8.00000000000000044e-01  2.30000000000000027e+00
 1.59928000000003850e-06  9.91564797208637485e-06 -9.10492704137211262e-04  7.68763253913377410e-04 -1.24338653068525407e-04 -1.30451559882902376e-06  5.25963407599504227e-06 -2.08510655530960141e-09  2.86337334296306001e-09  4.00000000000000000e+00 -2.50000000000000000e+00  1.65000000000000013e+00 -1.00000000000000006e-01  1.60000000000000009e+00 -8.00000000000000044e-01  2.30000000000000027e+00
 1.60028000000003857e-06  9.91564797150949290e-06 -9.10492704125801878e-04  7.68763253909898747e-04 -1.24338653066808274e-04 -1.30451559759294646e-06  5.25963407718039796e-06 -2.08510657180043168e-09  2.86337332481640730e-09  4.00000000000000000e+00 -2.50000000000000000e+00  1.65000000000000013e+00 -1.00000000000000006e-01  1.60000000000000009e+00 -8.00000000000000044e-01  2.30000000000000027e+00
 1.60128000000003865e-06  9.91564797231328312e-06 -9.10492704125646511e-04  7.68763253915523913e-04 -1.24338653066882298e-04 -1.30451559860845363e-06  5.25963407733548207e-06 -2.08510636569768000e-09  2.86337339197898682e-09  4.00000000000000000e+00 -2.50000000000000000e+00  1.65000000000000013e+00 -1.00000000000000006e-01  1.60000000000000009e+00 -8.00000000000000044e-01  2.30000000000000027e+00
 1.60228000000003872e-06  9.91564797406889612e-06 -9.10492704117027429e-04  7.68763253914561684e-04 -1.24338653067992494e-04 -1.30451559875798671e-06  5.25963407674220664e-06 -2.08510644456115528e-09  2.86337333605818887e-09  4.00000000000000000e+00 -2.50000000000000000e+00  1.65000000000000013e+00 -1.00000000000000006e-01  1.60000000000000009e+00 -8.00000000000000044e-01  2.30000000000000027e+00
 1.60328000000003880e-06  9.91564797451432703e-06 -9.10492704130479668e-04  7.68763253906568078e-04 -1.24338653067163513e-04 -1.30451559822612053e-06  5.25963407556810717e-06 -2.08510650784590837e-09  2.86337322343434645e-09  4.00000000000000000e+00 -2.50000000000000000e+00  1.65000000000000013e+00 -1.00000000000000006e-01  1.60000000000000009e+00 -8.00000000000000044e-01  2.30000000000000027e+00
 1.60428000000003887e-06  9.91564797332352407e-06 -9.10492704132011754e-04  7.68763253899166555e-04 -1.24338653067193139e-04 -1.30451559837365885e-06  5.25963407561382662e-06 -2.08510652331678690e-09  2.86337333707836892e-09  4.00000000000000000e+00 -2.50000000000000000e+00  1.65000000000000013e+00 -1.00000000000000006e-01  1.60000000000000009e+00 -8.00000000000000044e-01  2.30000000000000027e+00
 1.60528000000003895e-06  9.91564797204908677e-06 -9.10492704134539354e-04  7.68763253895391797e-04 -1.24338653066364158e-04 -1.30451559794691687e-06  5.25963407774503097e-06 -2.08510641811714898e-09  2.86337331954730154e-09  4.00000000000000000e+00 -2.50000000000000000e+00  1.65000000000000013e+00 -1.00000000000000006e-01  1.60000000000000009e+00 -8.00000000000000044e-01  2.30000000000000027e+00
 1.60628000000003902e-06  9.91564797207042014e-06 -9.10492704121205619e-04  7.68763253908344435e-04 -1.24338653067474408e-04 -1.30451559863291319e-06  5.25963407675041778e-06 -2.08510649010071495e-09  2.86337333760023592e-09  4.00000000000000000e+00 -2.50000000000000000e+00  1.65000000000000013e+00 -1.00000000000000006e-01  1.60000000000000009e+00 -8.00000000000000044e-01  2.30000000000000027e+00
 1.60728000000003910e-06  9.91564797306089303e-06 -9.10492704122412011e-04  7.68763253933583469e-04 -1.24338653068007294e-04 -1.30451559831728033e-06  5.25963407667123714e-06 -2.08510643744119113e-09  2.86337342238115741e-09  4.00000000000000000e+00 -2.50000000000000000e+00  1.65000000000000013e+00 -1.00000000000000006e-01  1.60000000000000009e+00 -8.00000000000000044e-01  2.30000000000000027e+00
 1.60828000000003917e-06  9.91564797412359751e-06 -9.10492704118233821e-04  7.68763253921075028e-04 -1.24338653068184940e-04 -1.30451559880300291e-06  5.25963407632822437e-06 -2.08510650123232020e-09  2.86337336720097934e-09  4.00000000000000000e+00 -2.50000000000000000e+00  1.65000000000000013e+00 -1.00000000000000006e-01  1.60000000000000009e+00 -8.00000000000000044e-01  2.30000000000000027e+00
 1.60928000000003925e-06  9.91564797385024134e-06 -9.10492704130364959e-04  7.68763253898944511e-04 -1.24338653067281962e-04 -1.30451559784612948e-06  5.25963407599442478e-06 -2.08510650009769476e-09  2.86337328381251757e-09  4.00000000000000000e+00 -2.50000000000000000e+00  1.65000000000000013e+00 -1.00000000000000006e-01  1.60000000000000009e+00 -8.00000000000000044e-01  2.30000000000000027e+00
 1.61028000000003932e-06  9.91564797319128190e-06 -9.10492704147751008e-04  7.68763253899462651e-04 -1.24338653067133914e-04 -1.30451559844313440e-06  5.25963407719122982e-06 -2.08510650630229340e-09  2.86337327050152756e-09  4.00000000000000000e+00 -2.50000000000000000e+00  1.65000000000000013e+00 -1.00000000000000006e-01  1.60000000000000009e+00 -8.00000000000000044e-01  2.30000000000000027e+00
 1.61128000000003940e-06  9.91564797293444287e-06 -9.10492704140249630e-04  7.68763253902201237e-04 -1.24338653067059891e-04 -1.30451559840063367e-06  5.25963407698071164e-06 -2.08510644578740091e-09  2.86337337445607917e-09  4.00000000000000000e+00 -2.50000000000000000e+00  1.65000000000000013e+00 -1.00000000000000006e-01  1.60000000000000009e+00 -8.00000000000000044e-01  2.30000000000000027e+00
 1.61228000000003947e-06  9.91564797320354524e-06 -9.10492704118552143e-04  7.68763253912267187e-04 -1.24338653068303335e-04 -1.30451559853568206e-06  5.25963407619102706e-06 -2.08510651384504693e-09  2.86337343035511359e-09  4.00000000000000000e+00 -2.50000000000000000e+00  1.65000000000000013e+00 -1.00000000000000006e-01  1.60000000000000009e+00 -8.00000000000000044e-01  2.30000000000000027e+00
 1.61328000000003955e-06  9.91564797332791509e-06 -9.10492704106328631e-04  7.68763253898352428e-04 -1.24338653066304961e-04 -1.30451559804579611e-06  5.25963407477757471e-06 -2.08510650633347232e-09  2.86337324242298259e-09  4.00000000000000000e+00 -2.50000000000000000e+00  1.65000000000000013e+00 -1.00000000000000006e-01  1.60000000000000009e+00 -8.00000000000000044e-01  2.30000000000000027e+00
 1.61428000000003963e-06  9.91564797275066213e-06 -9.10492704130487040e-04  7.68763253895909937e-04 -1.24338653064691451e-04 -1.30451559846039502e-06  5.25963407625035494e-06 -2.08510643070177349e-09  2.86337317747691168e-09  4.00000000000000000e+00 -2.50000000000000000e+00  1.65000000000000013e+00 -1.00000000000000006e-01  1.60000000000000009e+00 -8.00000000000000044e-01  2.30000000000000027e+00
 1.61528000000003970e-06  9.91564797224430075e-06 -9.10492704151747811e-04  7.68763253899166555e-04 -1.24338653064957894e-04 -1.30451559858520829e-06  5.25963407884947130e-06 -2.08510628945830037e-09  2.86337318607194897e-09  4.00000000000000000e+00 -2.50000000000000000e+00  1.65000000000000013e+00 -1.00000000000000006e-01  1.60000000000000009e+00 -8.00000000000000044e-01  2.30000000000000027e+00
 1.61628000000003978e-06  9.91564797278224291e-06 -9.10492704149771636e-04  7.68763253946240011e-04 -1.24338653068717825e-04 -1.30451559916824881e-06  5.25963407781900744e-06 -2.08510646941542716e-09  2.86337333376950957e-09  4.00000000000000000e+00 -2.50000000000000000e+00  1.65000000000000013e+00 -1.00000000000000006e-01  1.60000000000000009e+00 -8.00000000000000044e-01  2.30000000000000027e+00
 1.61728000000003985e-06  9.91564797400789620e-06 -9.10492704135401620e-04  7.68763253942391311e-04 -1.24338653071278765e-04 -1.30451559841971563e-06  5.25963407632039863e-06 -2.08510662389165388e-09  2.86337342942579395e-09  4.00000000000000000e+00 -2.50000000000000000e+00  1.65000000000000013e+00 -1.00000000000000006e-01  1.60000000000000009e+00 -8.00000000000000044e-01  2.30000000000000027e+00
 1.61828000000003993e-06  9.91564797451078135e-06 -9.10492704121978981e-04  7.68763253920186850e-04 -1.24338653069354361e-04 -1.30451559767543265e-06  5.25963407446555572e-06 -2.08510655795490970e-09  2.86337334784036050e-09  4.00000000000000000e+00 -2.50000000000000000e+00  1.65000000000000013e+00 -1.00000000000000006e-01  1.60000000000000009e+00 -8.00000000000000044e-01  2.30000000000000027e+00
 1.61928000000004000e-06  9.91564797331063392e-06 -9.10492704114522055e-04  7.68763253902497224e-04 -1.24338653066186539e-04 -1.30451559795212104e-06  5.25963407527220214e-06 -2.08510651214182456e-09  2.86337329418466596e-09  4.00000000000000000e+00 -2.50000000000000000e+00  1.65000000000000013e+00 -1.00000000000000006e-01  1.60000000000000009e+00 -8.00000000000000044e-01  2.30000000000000027e+00
 1.62028000000004008e-06  9.91564797212495381e-06 -9.10492704119473606e-04  7.68763253902423282e-04 -1.24338653064395382e-04 -1.30451559807953640e-06  5.25963407744176268e-06 -2.08510637442002245e-09  2.86337327469938563e-09  4.00000000000000000e+00 -2.50000000000000000e+00  1.65000000000000013e+00 -1.00000000000000006e-01  1.60000000000000009e+00 -8.00000000000000044e-01  2.30000000000000027e+00
 1.62128000000004015e-06  9.91564797177046205e-06 -9.10492704121819928e-04  7.68763253895687892e-04 -1.24338653065194738e-04 -1.30451559886727429e-06  5.25963407730171256e-06 -2.08510641012718975e-09  2.86337338142466513e-09  4.00000000000000000e+00 -2.50000000000000000e+00  1.65000000000000013e+00 -1.00000000000000006e-01  1.60000000000000009e+00 -8.00000000000000044e-01  2.30000000000000027e+00
 1.62228000000004023e-06  9.91564797304128253e-06 -9.10492704121397957e-04  7.68763253924109602e-04 -1.24338653068406985e-04 -1.30451559923850511e-06  5.25963407641118278e-06 -2.08510654036467079e-09  2.86337343216009861e-09  4.00000000000000000e+00 -2.50000000000000000e+00  1.65000000000000013e+00 -1.00000000000000006e-01  1.60000000000000009e+00 -8.00000000000000044e-01  2.30000000000000027e+00
 1.62328000000004030e-06  9.91564797372437902e-06 -9.10492704127615206e-04  7.68763253931437074e-04 -1.24338653068436610e-04 -1.30451559803252543e-06  5.25963407594812765e-06 -2.08510652295282619e-09  2.86337331383340918e-09  4.00000000000000000e+00 -2.50000000000000000e+00  1.65000000000000013e+00 -1.00000000000000006e-01  1.60000000000000009e+00 -8.00000000000000044e-01  2.30000000000000027e+00
 1.62428000000004038e-06  9.91564797318082612e-06 -9.10492704128873531e-04  7.68763253907752352e-04 -1.24338653067281962e-04 -1.30451559807710774e-06  5.25963407609180053e-06 -2.08510647460932442e-09  2.86337323760479572e-09  4.00000000000000000e+00 -2.50000000000000000e+00  1.65000000000000013e+00 -1.00000000000000006e-01  1.60000000000000009e+00 -8.00000000000000044e-01  2.30000000000000027e+00
 1.62528000000004045e-06  9.91564797261602794e-06 -9.10492704125006182e-04  7.68763253895687892e-04 -1.24338653065846072e-04 -1.30451559783858326e-06  5.25963407691864699e-06 -2.08510641128796776e-09  2.86337330014186481e-09  4.00000000000000000e+00 -2.50000000000000000e+00  1.65000000000000013e+00 -1.00000000000000006e-01  1.60000000000000009e+00 -8.00000000000000044e-01  2.30000000000000027e+00
 1.62628000000004053e-06  9.91564797285686651e-06 -9.10492704137640606e-04  7.68763253906568078e-04 -1.24338653066586203e-04 -1.30451559894238790e-06  5.25963407734176536e-06 -2.08510641969059250e-09  2.86337327198657277e-09  4.00000000000000000e+00 -2.50000000000000000e+00  1.65000000000000013e+00 -1.00000000000000006e-01  1.60000000000000009e+00 -8.00000000000000044e-01  2.30000000000000027e+00
 1.62728000000004060e-06  9.91564797369484807e-06 -9.10492704122412011e-04  7.68763253925811908e-04 -1.24338653067385585e-04 -1.30451559845866030e-06  5.25963407600402420e-06 -2.08510657347118845e-09  2.86337340624200629e-09  4.00000000000000000e+00 -2.50000000000000000e+00  1.65000000000000013e+00 -1.00000000000000006e-01  1.60000000000000009e+00 -8.00000000000000044e-01  2.30000000000000027e+00
 1.62828000000004068e-06  9.91564797440465998e-06 -9.10492704123418584e-04  7.68763253922259194e-04 -1.24338653065772048e-04 -1.30451559790190067e-06  5.25963407675562195e-06 -2.08510641658255027e-09  2.86337329916549225e-09  4.00000000000000000e+00 -2.50000000000000000e+00  1.65000000000000013e+00 -1.00000000000000006e-01  1.60000000000000009e+00 -8.00000000000000044e-01  2.30000000000000027e+00
 1.62928000000004075e-06  9.91564797380035618e-06 -9.10492704117786046e-04  7.68763253923813506e-04 -1.24338653066926669e-04 -1.30451559892877036e-06  5.25963407592638516e-06 -2.08510642584263829e-09  2.86337334609378518e-09  4.00000000000000000e+00 -2.50000000000000000e+00  1.65000000000000013e+00 -1.00000000000000006e-01  1.60000000000000009e+00 -8.00000000000000044e-01  2.30000000000000027e+00
 1.63028000000004083e-06  9.91564797242771388e-06 -9.10492704127722542e-04  7.68763253898574472e-04 -1.24338653067163513e-04 -1.30451559826003446e-06  5.25963407554971893e-06 -2.08510647683195376e-09  2.86337332873782615e-09  4.00000000000000000e+00 -2.50000000000000000e+00  1.65000000000000013e+00 -1.00000000000000006e-01  1.60000000000000009e+00 -8.00000000000000044e-01  2.30000000000000027e+00
 1.63128000000004090e-06  9.91564797197580995e-06 -9.10492704126660457e-04  7.68763253913673505e-04 -1.24338653066719451e-04 -1.30451559849482924e-06  5.25963407782413453e-06 -2.08510648092328916e-09  2.86337319148013316e-09  4.00000000000000000e+00 -2.50000000000000000e+00  1.65000000000000013e+00 -1.00000000000000006e-01  1.60000000000000009e+00 -8.00000000000000044e-01  2.30000000000000027e+00
 1.63228000000004098e-06  9.91564797306636148e-06 -9.10492704149027765e-04  7.68763253910120792e-04 -1.24338653067430010e-04 -1.30451559855658535e-06  5.25963407789830328e-06 -2.08510642160992035e-09  2.86337327537108689e-09  4.00000000000000000e+00 -2.50000000000000000e+00  1.65000000000000013e+00 -1.00000000000000006e-01  1.60000000000000009e+00 -8.00000000000000044e-01  2.30000000000000027e+00
 1.63328000000004105e-06  9.91564797393791264e-06 -9.10492704144231580e-04  7.68763253928772539e-04 -1.24338653069546806e-04 -1.30451559874228759e-06  5.25963407674027879e-06 -2.08510648903310975e-09  2.86337342213961282e-09  4.00000000000000000e+00 -2.50000000000000000e+00  1.65000000000000013e+00 -1.00000000000000006e-01  1.60000000000000009e+00 -8.00000000000000044e-01  2.30000000000000027e+00
 1.63428000000004113e-06  9.91564797368255762e-06 -9.10492704136885568e-04  7.68763253927884360e-04 -1.24338653070212940e-04 -1.30451559844651723e-06  5.25963407578344412e-06 -2.08510657151767570e-09  2.86337349863021795e-09  4.00000000000000000e+00 -2.50000000000000000e+00  1.65000000000000013e+00 -1.00000000000000006e-01  1.60000000000000009e+00 -8.00000000000000044e-01  2.30000000000000027e+00
 1.63528000000004120e-06  9.91564797302508387e-06 -9.10492704126641917e-04  7.68763253899240606e-04 -1.24338653067962895e-04 -1.30451559790450276e-06  5.25963407453933907e-06 -2.08510661536481598e-09  2.86337328610164106e-09  4.00000000000000000e+00 -2.50000000000000000e+00  1.65000000000000013e+00 -1.00000000000000006e-01  1.60000000000000009e+00 -8.00000000000000044e-01  2.30000000000000027e+00
 1.63628000000004128e-06  9.91564797265700570e-06 -9.10492704115687789e-04  7.68763253898352428e-04 -1.24338653065372384e-04 -1.30451559721130730e-06  5.25963407599951375e-06 -2.08510641248099795e-09  2.86337331736569125e-09  4.00000000000000000e+00 -2.50000000000000000e+00  1.65000000000000013e+00 -1.00000000000000006e-01  1.60000000000000009e+00 -8.00000000000000044e-01  2.30000000000000027e+00
 1.63728000000004135e-06  9.91564797294561693e-06 -9.10492704114795924e-04  7.68763253898278377e-04 -1.24338653064454607e-04 -1.30451559833540811e-06  5.25963407724003332e-06 -2.08510638286565438e-09  2.86337327977896197e-09  4.00000000000000000e+00 -2.50000000000000000e+00  1.65000000000000013e+00 -1.00000000000000006e-01  1.60000000000000009e+00 -8.00000000000000044e-01  2.30000000000000027e+00
 1.63828000000004143e-06  9.91564797340430391e-06 -9.10492704125298591e-04  7.68763253899462651e-04 -1.24338653065342785e-04 -1.30451559957322013e-06  5.25963407836536826e-06 -2.08510640255428755e-09  2.86337318105243627e-09  4.00000000000000000e+00 -2.50000000000000000e+00  1.65000000000000013e+00 -1.00000000000000006e-01  1.60000000000000009e+00 -8.00000000000000044e-01  2.30000000000000027e+00
 1.63928000000004150e-06  9.91564797365144779e-06 -9.10492704134506069e-04  7.68763253924627742e-04 -1.24338653067474381e-04 -1.30451559901559314e-06  5.25963407737480219e-06 -2.08510644868151480e-09  2.86337321653862600e-09  4.00000000000000000e+00 -2.50000000000000000e+00  1.65000000000000013e+00 -1.00000000000000006e-01  1.60000000000000009e+00 -8.00000000000000044e-01  2.30000000000000027e+00
 1.64028000000004158e-06  9.91564797313020235e-06 -9.10492704150445142e-04  7.68763253917226219e-04 -1.24338653069754052e-04 -1.30451559865017381e-06  5.25963407673349406e-06 -2.08510654884651420e-09  2.86337335521506899e-09  4.00000000000000000e+00 -2.50000000000000000e+00  1.65000000000000013e+00 -1.00000000000000006e-01  1.60000000000000009e+00 -8.00000000000000044e-01  2.30000000000000027e+00
 1.64128000000004165e-06  9.91564797263498962e-06 -9.10492704135631038e-04  7.68763253919594659e-04 -1.24338653068762251e-04 -1.30451559737593260e-06  5.25963407569358578e-06 -2.08510653677424950e-09  2.86337349304800613e-09  4.00000000000000000e+00 -2.50000000000000000e+00  1.65000000000000013e+00 -1.00000000000000006e-01  1.60000000000000009e+00 -8.00000000000000044e-01  2.30000000000000027e+00
 1.64228000000004173e-06  9.91564797324081130e-06 -9.10492704128925356e-04  7.68763253898944511e-04 -1.24338653067844473e-04 -1.30451559838137828e-06  5.25963407577199478e-06 -2.08510650840914599e-09  2.86337346073881489e-09  4.00000000000000000e+00 -2.50000000000000000e+00  1.65000000000000013e+00 -1.00000000000000006e-01  1.60000000000000009e+00 -8.00000000000000044e-01  2.30000000000000027e+00
 1.64328000000004180e-06  9.91564797412884234e-06 -9.10492704105077678e-04  7.68763253908936518e-04 -1.24338653066127314e-04 -1.30451559758184419e-06  5.25963407529201593e-06 -2.08510654238270569e-09  2.86337335988481498e-09  4.00000000000000000e+00 -2.50000000000000000e+00  1.65000000000000013e+00 -1.00000000000000006e-01  1.60000000000000009e+00 -8.00000000000000044e-01  2.30000000000000027e+00
 1.64428000000004188e-06  9.91564797426345281e-06 -9.10492704099959593e-04  7.68763253892357223e-04 -1.24338653065105914e-04 -1.30451559869640402e-06  5.25963407605012905e-06 -2.08510641730549620e-09  2.86337320237561101e-09  4.00000000000000000e+00 -2.50000000000000000e+00  1.65000000000000013e+00 -1.00000000000000006e-01  1.60000000000000009e+00 -8.00000000000000044e-01  2.30000000000000027e+00
 1.64528000000004195e-06  9.91564797312479320e-06 -9.10492704110436456e-04  7.68763253903015364e-04 -1.24338653065313160e-04 -1.30451559812533314e-06  5.25963407758443437e-06 -2.08510629052658221e-09  2.86337319982181123e-09  4.00000000000000000e+00 -2.50000000000000000e+00  1.65000000000000013e+00 -1.00000000000000006e-01  1.60000000000000009e+00 -8.00000000000000044e-01  2.30000000000000027e+00
 1.64628000000004203e-06  9.91564797198351625e-06 -9.10492704129151086e-04  7.68763253912785327e-04 -1.24338653066260535e-04 -1.30451559956879650e-06  5.25963407862796626e-06 -2.08510632234932301e-09  2.86337309080291043e-09  4.00000000000000000e+00 -2.50000000000000000e+00  1.65000000000000013e+00 -1.00000000000000006e-01  1.60000000000000009e+00 -8.00000000000000044e-01  2.30000000000000027e+00
 1.64728000000004210e-06  9.91564797199752956e-06 -9.10492704169274482e-04  7.68763253942095215e-04 -1.24338653069694827e-04 -1.30451559889043301e-06  5.25963407732222092e-06 -2.08510655080999737e-09  2.86337337118740756e-09  4.00000000000000000e+00 -2.50000000000000000e+00  1.65000000000000013e+00 -1.00000000000000006e-01  1.60000000000000009e+00 -8.00000000000000044e-01  2.30000000000000027e+00
 1.64828000000004218e-06  9.91564797318196792e-06 -9.10492704139398423e-04  7.68763253917226219e-04 -1.24338653071693229e-04 -1.30451559871956275e-06  5.25963407578082255e-06 -2.08510665587576645e-09  2.86337359058427517e-09  4.00000000000000000e+00 -2.50000000000000000e+00  1.65000000000000013e+00 -1.00000000000000006e-01  1.60000000000000009e+00 -8.00000000000000044e-01  2.30000000000000027e+00
 1.64928000000004225e-06  9.91564797428339536e-06 -9.10492704117497431e-04  7.68763253901239008e-04 -1.24338653068895499e-04 -1.30451559700903858e-06  5.25963407396032683e-06 -2.08510669629470466e-09  2.86337346039217989e-09  4.00000000000000000e+00 -2.50000000000000000e+00  1.65000000000000013e+00 -1.00000000000000006e-01  1.60000000000000009e+00 -8.00000000000000044e-01  2.30000000000000027e+00
 1.65028000000004233e-06  9.91564797452590767e-06 -9.10492704108859918e-04  7.68763253898056332e-04 -1.24338653064143712e-04 -1.30451559719118455e-06  5.25963407632248064e-06 -2.08510641655266092e-09  2.86337322340137503e-09  4.00000000000000000e+00 -2.50000000000000000e+00  1.65000000000000013e+00 -1.00000000000000006e-01  1.60000000000000009e+00 -8.00000000000000044e-01  2.30000000000000027e+00
 1.65128000000004240e-06  9.91564797401553474e-06 -9.10492704119688278e-04  7.68763253895021759e-04 -1.24338653063610827e-04 -1.30451559877594126e-06  5.25963407770744558e-06 -2.08510625403443829e-09  2.86337319390181814e-09  4.00000000000000000e+00 -2.50000000000000000e+00  1.65000000000000013e+00 -1.00000000000000006e-01  1.60000000000000009e+00 -8.00000000000000044e-01  2.30000000000000027e+00
 1.65228000000004248e-06  9.91564797290398865e-06 -9.10492704130190945e-04  7.68763253910120792e-04 -1.24338653066941496e-04 -1.30451559971963083e-06  5.25963407815276807e-06 -2.08510629198071817e-09  2.86337333242807201e-09  4.00000000000000000e+00 -2.50000000000000000e+00  1.65000000000000013e+00 -1.00000000000000006e-01  1.60000000000000009e+00 -8.00000000000000044e-01  2.30000000000000027e+00
 1.65328000000004256e-06  9.91564797192765443e-06 -9.10492704121871753e-04  7.68763253924627742e-04 -1.24338653069546806e-04 -1.30451559858763695e-06  5.25963407575349134e-06 -2.08510664981068257e-09  2.86337331922995990e-09  4.00000000000000000e+00 -2.50000000000000000e+00  1.65000000000000013e+00 -1.00000000000000006e-01  1.60000000000000009e+00 -8.00000000000000044e-01  2.30000000000000027e+00
 1.65428000000004263e-06  9.91564797216721737e-06 -9.10492704114592311e-04  7.68763253909232613e-04 -1.24338653068214539e-04 -1.30451559735095254e-06  5.25963407582553996e-06 -2.08510660695576984e-09  2.86337331755633116e-09  4.00000000000000000e+00 -2.50000000000000000e+00  1.65000000000000013e+00 -1.00000000000000006e-01  1.60000000000000009e+00 -8.00000000000000044e-01  2.30000000000000027e+00
 1.65528000000004271e-06  9.91564797293850355e-06 -9.10492704110806494e-04  7.68763253896206033e-04 -1.24338653067000693e-04 -1.30451559824086568e-06  5.25963407584963382e-06 -2.08510643912193652e-09  2.86337338201121973e-09  4.00000000000000000e+00 -2.50000000000000000e+00  1.65000000000000013e+00 -1.00000000000000006e-01  1.60000000000000009e+00 -8.00000000000000044e-01  2.30000000000000027e+00
 1.65628000000004278e-06  9.91564797354882806e-06 -9.10492704108870976e-04  7.68763253910120792e-04 -1.24338653066467808e-04 -1.30451559910137535e-06  5.25963407674417261e-06 -2.08510640755964264e-09  2.86337324720489303e-09  4.00000000000000000e+00 -2.50000000000000000e+00  1.65000000000000013e+00 -1.00000000000000006e-01  1.60000000000000009e+00 -8.00000000000000044e-01  2.30000000000000027e+00
 1.65728000000004286e-06  9.91564797365214575e-06 -9.10492704111679819e-04  7.68763253895909937e-04 -1.24338653066142141e-04 -1.30451559828171850e-06  5.25963407646542169e-06 -2.08510654228780367e-09  2.86337318257508636e-09  4.00000000000000000e+00 -2.50000000000000000e+00  1.65000000000000013e+00 -1.00000000000000006e-01  1.60000000000000009e+00 -8.00000000000000044e-01  2.30000000000000027e+00
 1.65828000000004293e-06  9.91564797334774243e-06 -9.10492704136748742e-04  7.68763253906568078e-04 -1.24338653065076316e-04 -1.30451559821328354e-06  5.25963407787810323e-06 -2.08510637157573503e-09  2.86337319753202847e-09  4.00000000000000000e+00 -2.50000000000000000e+00  1.65000000000000013e+00 -1.00000000000000006e-01  1.60000000000000009e+00 -8.00000000000000044e-01  2.30000000000000027e+00
 1.65928000000004301e-06  9.91564797274811595e-06 -9.10492704153923805e-04  7.68763253934989788e-04 -1.24338653067326360e-04 -1.30451559886189669e-06  5.25963407785454979e-06 -2.08510636759585602e-09  2.86337337692406765e-09  4.00000000000000000e+00 -2.50000000000000000e+00  1.65000000000000013e+00 -1.00000000000000006e-01  1.60000000000000009e+00 -8.00000000000000044e-01  2.30000000000000027e+00
 1.66028000000004308e-06  9.91564797234568890e-06 -9.10492704140867626e-04  7.68763253934989788e-04 -1.24338653069902099e-04 -1.30451559843333338e-06  5.25963407572226632e-06 -2.08510657740087083e-09  2.86337355016326612e-09  4.00000000000000000e+00 -2.50000000000000000e+00  1.65000000000000013e+00 -1.00000000000000006e-01  1.60000000000000009e+00 -8.00000000000000044e-01  2.30000000000000027e+00
 1.66128000000004316e-06  9.91564797281296649e-06 -9.10492704129099262e-04  7.68763253917226219e-04 -1.24338653069147142e-04 -1.30451559767439186e-06  5.25963407506187623e-06 -2.08510659229569375e-09  2.86337358564353985e-09  4.00000000000000000e+00 -2.50000000000000000e+00  1.65000000000000013e+00 -1.00000000000000006e-01  1.60000000000000009e+00 -8.00000000000000044e-01  2.30000000000000027e+00
 1.66228000000004323e-06  9.91564797341844597e-06 -9.10492704115587826e-04  7.68763253910120792e-04 -1.24338653067370786e-04 -1.30451559848442090e-06  5.25963407548938901e-06 -2.08510657901498766e-09  2.86337331234007686e-09  4.00000000000000000e+00 -2.50000000000000000e+00  1.65000000000000013e+00 -1.00000000000000006e-01  1.60000000000000009e+00 -8.00000000000000044e-01  2.30000000000000027e+00
 1.66328000000004331e-06  9.91564797354182479e-06 -9.10492704101547191e-04  7.68763253895909937e-04 -1.24338653064143739e-04 -1.30451559785931334e-06  5.25963407692651169e-06 -2.08510632017820303e-09  2.86337311901797123e-09  4.00000000000000000e+00 -2.50000000000000000e+00  1.65000000000000013e+00 -1.00000000000000006e-01  1.60000000000000009e+00 -8.00000000000000044e-01  2.30000000000000027e+00
 1.66428000000004338e-06  9.91564797342079903e-06 -9.10492704120176711e-04  7.68763253917300270e-04 -1.24338653064469379e-04 -1.30451559877967075e-06  5.25963407817998408e-06 -2.08510631962806175e-09  2.86337311130520685e-09  4.00000000000000000e+00 -2.50000000000000000e+00  1.65000000000000013e+00 -1.00000000000000006e-01  1.60000000000000009e+00 -8.00000000000000044e-01  2.30000000000000027e+00
 1.66528000000004346e-06  9.91564797268219646e-06 -9.10492704142129529e-04  7.68763253935285883e-04 -1.24338653068022120e-04 -1.30451559941796238e-06  5.25963407769888716e-06 -2.08510646846622955e-09  2.86337324308051176e-09  4.00000000000000000e+00 -2.50000000000000000e+00  1.65000000000000013e+00 -1.00000000000000006e-01  1.60000000000000009e+00 -8.00000000000000044e-01  2.30000000000000027e+00
 1.66628000000004353e-06  9.91564797198330619e-06 -9.10492704160426091e-04  7.68763253934101609e-04 -1.24338653070805077e-04 -1.30451559911776840e-06  5.25963407712353749e-06 -2.08510648674929799e-09  2.86337339995770466e-09  4.00000000000000000e+00 -2.50000000000000000e+00  1.65000000000000013e+00 -1.00000000000000006e-01  1.60000000000000009e+00 -8.00000000000000044e-01  2.30000000000000027e+00
 1.66728000000004361e-06  9.91564797215431706e-06 -9.10492704147070021e-04  7.68763253920778933e-04 -1.24338653070805050e-04 -1.30451559831129541e-06  5.25963407607584159e-06 -2.08510662812497359e-09  2.86337334052898014e-09  4.00000000000000000e+00 -2.50000000000000000e+00  1.65000000000000013e+00 -1.00000000000000006e-01  1.60000000000000009e+00 -8.00000000000000044e-01  2.30000000000000027e+00
 1.66828000000004368e-06  9.91564797359359205e-06 -9.10492704128573749e-04  7.68763253925515921e-04 -1.24338653068540206e-04 -1.30451559656000545e-06  5.25963407532486048e-06 -2.08510661350558114e-09  2.86337347616923104e-09  4.00000000000000000e+00 -2.50000000000000000e+00  1.65000000000000013e+00 -1.00000000000000006e-01  1.60000000000000009e+00 -8.00000000000000044e-01  2.30000000000000027e+00
 1.66928000000004376e-06  9.91564797404082545e-06 -9.10492704109466854e-04  7.68763253909898747e-04 -1.24338653066068117e-04 -1.30451559788958418e-06  5.25963407607784567e-06 -2.08510640549538736e-09  2.86337338361387969e-09  4.00000000000000000e+00 -2.50000000000000000e+00  1.65000000000000013e+00 -1.00000000000000006e-01  1.60000000000000009e+00 -8.00000000000000044e-01  2.30000000000000027e+00
 1.67028000000004383e-06  9.91564797371739778e-06 -9.10492704120606055e-04  7.68763253895909937e-04 -1.24338653065994093e-04 -1.30451559869970004e-06  5.25963407665404406e-06 -2.08510635970706429e-09  2.86337327923601179e-09  4.00000000000000000e+00 -2.50000000000000000e+00  1.65000000000000013e+00 -1.00000000000000006e-01  1.60000000000000009e+00 -8.00000000000000044e-01  2.30000000000000027e+00
 1.67128000000004391e-06  9.91564797307380520e-06 -9.10492704121457263e-04  7.68763253902497224e-04 -1.24338653066245763e-04 -1.30451559928525603e-06  5.25963407671317882e-06 -2.08510639862911496e-09  2.86337329303451847e-09  4.00000000000000000e+00 -2.50000000000000000e+00  1.65000000000000013e+00 -1.00000000000000006e-01  1.60000000000000009e+00 -8.00000000000000044e-01  2.30000000000000027e+00
 1.67228000000004398e-06  9.91564797213852328e-06 -9.10492704116020856e-04  7.68763253892061128e-04 -1.24338653065579602e-04 -1.30451559777353113e-06  5.25963407509707215e-06 -2.08510659281456388e-09  2.86337336915326786e-09  4.00000000000000000e+00 -2.50000000000000000e+00  1.65000000000000013e+00 -1.00000000000000006e-01  1.60000000000000009e+00 -8.00000000000000044e-01  2.30000000000000027e+00
 1.67328000000004406e-06  9.91564797223147329e-06 -9.10492704120657880e-04  7.68763253892357223e-04 -1.24338653064987492e-04 -1.30451559823384018e-06  5.25963407752757390e-06 -2.08510646910311519e-09  2.86337323246932430e-09  4.00000000000000000e+00 -2.50000000000000000e+00  1.65000000000000013e+00 -1.00000000000000006e-01  1.60000000000000009e+00 -8.00000000000000044e-01  2.30000000000000027e+00
 1.67428000000004413e-06  9.91564797351870756e-06 -9.10492704131804454e-04  7.68763253913747556e-04 -1.24338653067133942e-04 -1.30451559911776840e-06  5.25963407755394118e-06 -2.08510644909233901e-09  2.86337327299427067e-09  4.00000000000000000e+00 -2.50000000000000000e+00  1.65000000000000013e+00 -1.00000000000000006e-01  1.60000000000000009e+00 -8.00000000000000044e-01  2.30000000000000027e+00
 1.67528000000004421e-06  9.91564797402921940e-06 -9.10492704134265485e-04  7.68763253941873170e-04 -1.24338653068495781e-04 -1.30451559827824906e-06  5.25963407749399751e-06 -2.08510639096037395e-09  2.86337334569358900e-09  4.00000000000000000e+00 -2.50000000000000000e+00  1.65000000000000013e+00 -1.00000000000000006e-01  1.60000000000000009e+00 -8.00000000000000044e-01  2.30000000000000027e+00
 1.67628000000004428e-06  9.91564797420787729e-06 -9.10492704112556939e-04  7.68763253930622946e-04 -1.24338653069132343e-04 -1.30451559881141627e-06  5.25963407592210680e-06 -2.08510657206873474e-09  2.86337328809580147e-09  4.00000000000000000e+00 -2.50000000000000000e+00  1.65000000000000013e+00 -1.00000000000000006e-01  1.60000000000000009e+00 -8.00000000000000044e-01  2.30000000000000027e+00
 1.67728000000004436e-06  9.91564797300224786e-06 -9.10492704133318109e-04  7.68763253916338041e-04 -1.24338653067785276e-04 -1.30451559771533129e-06  5.25963407500023595e-06 -2.08510652300211499e-09  2.86337329664681000e-09  4.00000000000000000e+00 -2.50000000000000000e+00  1.65000000000000013e+00 -1.00000000000000006e-01  1.60000000000000009e+00 -8.00000000000000044e-01  2.30000000000000027e+00
 1.67828000000004443e-06  9.91564797226819555e-06 -9.10492704132692633e-04  7.68763253890950905e-04 -1.24338653066127341e-04 -1.30451559828076432e-06  5.25963407656441697e-06 -2.08510639149373174e-09  2.86337335493165499e-09  4.00000000000000000e+00 -2.50000000000000000e+00  1.65000000000000013e+00 -1.00000000000000006e-01  1.60000000000000009e+00 -8.00000000000000044e-01  2.30000000000000027e+00
 1.67928000000004451e-06  9.91564797251473466e-06 -9.10492704132263397e-04  7.68763253898944511e-04 -1.24338653065920069e-04 -1.30451559882806958e-06  5.25963407672185244e-06 -2.08510647635777041e-09  2.86337336629056616e-09  4.00000000000000000e+00 -2.50000000000000000e+00  1.65000000000000013e+00 -1.00000000000000006e-01  1.60000000000000009e+00 -8.00000000000000044e-01  2.30000000000000027e+00
 1.68028000000004458e-06  9.91564797321780589e-06 -9.10492704114388807e-04  7.68763253909010569e-04 -1.24338653066082916e-04 -1.30451559860238210e-06  5.25963407734269032e-06 -2.08510648013685671e-09  2.86337325002355026e-09  4.00000000000000000e+00 -2.50000000000000000e+00  1.65000000000000013e+00 -1.00000000000000006e-01  1.60000000000000009e+00 -8.00000000000000044e-01  2.30000000000000027e+00
 1.68128000000004466e-06  9.91564797427013590e-06 -9.10492704138458420e-04  7.68763253938542501e-04 -1.24338653066571403e-04 -1.30451559796235595e-06  5.25963407808773542e-06 -2.08510643503206275e-09  2.86337328754175837e-09  4.00000000000000000e+00 -2.50000000000000000e+00  1.65000000000000013e+00 -1.00000000000000006e-01  1.60000000000000009e+00 -8.00000000000000044e-01  2.30000000000000027e+00
 1.68228000000004473e-06  9.91564797382398671e-06 -9.10492704138214149e-04  7.68763253930844991e-04 -1.24338653068614230e-04 -1.30451559862857638e-06  5.25963407619904507e-06 -2.08510643235180525e-09  2.86337337173373968e-09  4.00000000000000000e+00 -2.50000000000000000e+00  1.65000000000000013e+00 -1.00000000000000006e-01  1.60000000000000009e+00 -8.00000000000000044e-01  2.30000000000000027e+00
 1.68328000000004481e-06  9.91564797282252271e-06 -9.10492704125002495e-04  7.68763253899240606e-04 -1.24338653070183341e-04 -1.30451559928248052e-06  5.25963407561247730e-06 -2.08510652372825218e-09  2.86337335505379855e-09  4.00000000000000000e+00 -2.50000000000000000e+00  1.65000000000000013e+00 -1.00000000000000006e-01  1.60000000000000009e+00 -8.00000000000000044e-01  2.30000000000000027e+00
 1.68428000000004488e-06  9.91564797228880895e-06 -9.10492704146185637e-04  7.68763253906864174e-04 -1.24338653069561606e-04 -1.30451559802567336e-06  5.25963407593556023e-06 -2.08510656828643360e-09  2.86337333023430052e-09  4.00000000000000000e+00 -2.50000000000000000e+00  1.65000000000000013e+00 -1.00000000000000006e-01  1.60000000000000009e+00 -8.00000000000000044e-01  2.30000000000000027e+00
 1.68528000000004496e-06  9.91564797271295561e-06 -9.10492704137296372e-04  7.68763253898278377e-04 -1.24338653067666827e-04 -1.30451559762174283e-06  5.25963407620636936e-06 -2.08510655002609485e-09  2.86337330939573326e-09  4.00000000000000000e+00 -2.50000000000000000e+00  1.65000000000000013e+00 -1.00000000000000006e-01  1.60000000000000009e+00 -8.00000000000000044e-01  2.30000000000000027e+00
 1.68628000000004503e-06  9.91564797335006330e-06 -9.10492704126845531e-04  7.68763253887916331e-04 -1.24338653065031890e-04 -1.30451559786182860e-06  5.25963407675770311e-06 -2.08510648078983349e-09  2.86337330525709223e-09  4.00000000000000000e+00 -2.50000000000000000e+00  1.65000000000000013e+00 -1.00000000000000006e-01  1.60000000000000009e+00 -8.00000000000000044e-01  2.30000000000000027e+00
 1.68728000000004511e-06  9.91564797364036691e-06 -9.10492704110466055e-04  7.68763253901609046e-04 -1.24338653064839472e-04 -1.30451559770232086e-06  5.25963407639113690e-06 -2.08510640657094054e-09  2.86337345865305953e-09  4.00000000000000000e+00 -2.50000000000000000e+00  1.65000000000000013e+00 -1.00000000000000006e-01  1.60000000000000009e+00 -8.00000000000000044e-01  2.30000000000000027e+00
 1.68828000000004518e-06  9.91564797370258317e-06 -9.10492704104925998e-04  7.68763253913673505e-04 -1.24338653066216164e-04 -1.30451559914725870e-06  5.25963407599130262e-06 -2.08510642290293724e-09  2.86337342299744543e-09  4.00000000000000000e+00 -2.50000000000000000e+00  1.65000000000000013e+00 -1.00000000000000006e-01  1.60000000000000009e+00 -8.00000000000000044e-01  2.30000000000000027e+00
 1.68928000000004526e-06  9.91564797328798426e-06 -9.10492704096362428e-04  7.68763253914857780e-04 -1.24338653066763849e-04 -1.30451559910406404e-06  5.25963407649714815e-06 -2.08510645256872353e-09  2.86337313028095013e-09  4.00000000000000000e+00 -2.50000000000000000e+00  1.65000000000000013e+00 -1.00000000000000006e-01  1.60000000000000009e+00 -8.00000000000000044e-01  2.30000000000000027e+00
 1.69028000000004533e-06  9.91564797242805439e-06 -9.10492704127482066e-04  7.68763253924923729e-04 -1.24338653067000693e-04 -1.30451559843940491e-06  5.25963407730545221e-06 -2.08510646436544651e-09  2.86337306778422512e-09  4.00000000000000000e+00 -2.50000000000000000e+00  1.65000000000000013e+00 -1.00000000000000006e-01  1.60000000000000009e+00 -8.00000000000000044e-01  2.30000000000000027e+00
 1.69128000000004541e-06  9.91564797228003707e-06 -9.10492704147873090e-04  7.68763253927958411e-04 -1.24338653068140515e-04 -1.30451559838484773e-06  5.25963407794406169e-06 -2.08510643294357646e-09  2.86337325173759132e-09  4.00000000000000000e+00 -2.50000000000000000e+00  1.65000000000000013e+00 -1.00000000000000006e-01  1.60000000000000009e+00 -8.00000000000000044e-01  2.30000000000000027e+00
 1.69228000000004549e-06  9.91564797288536070e-06 -9.10492704137840425e-04  7.68763253926774137e-04 -1.24338653068791876e-04 -1.30451559822620735e-06  5.25963407646796617e-06 -2.08510647396030114e-09  2.86337346082956032e-09  4.00000000000000000e+00 -2.50000000000000000e+00  1.65000000000000013e+00 -1.00000000000000006e-01  1.60000000000000009e+00 -8.00000000000000044e-01  2.30000000000000027e+00
 1.69328000000004556e-06  9.91564797331867735e-06 -9.10492704126579034e-04  7.68763253931437074e-04 -1.24338653069013894e-04 -1.30451559851391120e-06  5.25963407600252072e-06 -2.08510657026518074e-09  2.86337343145974340e-09  4.00000000000000000e+00 -2.50000000000000000e+00  1.65000000000000013e+00 -1.00000000000000006e-01  1.60000000000000009e+00 -8.00000000000000044e-01  2.30000000000000027e+00
 1.69428000000004564e-06  9.91564797357443556e-06 -9.10492704108597107e-04  7.68763253898278377e-04 -1.24338653066482580e-04 -1.30451559746648508e-06  5.25963407475695030e-06 -2.08510657940519770e-09  2.86337335152679471e-09  4.00000000000000000e+00 -2.50000000000000000e+00  1.65000000000000013e+00 -1.00000000000000006e-01  1.60000000000000009e+00 -8.00000000000000044e-01  2.30000000000000027e+00
 1.69528000000004571e-06  9.91564797311849805e-06 -9.10492704093579497e-04  7.68763253891765141e-04 -1.24338653063122285e-04 -1.30451559806487807e-06  5.25963407623065549e-06 -2.08510639783453560e-09  2.86337322747774219e-09  4.00000000000000000e+00 -2.50000000000000000e+00  1.65000000000000013e+00 -1.00000000000000006e-01  1.60000000000000009e+00 -8.00000000000000044e-01  2.30000000000000027e+00
 1.69628000000004579e-06  9.91564797341428195e-06 -9.10492704116328011e-04  7.68763253912267187e-04 -1.24338653063980892e-04 -1.30451559883604926e-06  5.25963407816514237e-06 -2.08510638118869458e-09  2.86337317494105220e-09  4.00000000000000000e+00 -2.50000000000000000e+00  1.65000000000000013e+00 -1.00000000000000006e-01  1.60000000000000009e+00 -8.00000000000000044e-01  2.30000000000000027e+00
 1.69728000000004586e-06  9.91564797380272449e-06 -9.10492704125687169e-04  7.68763253927588265e-04 -1.24338653067000666e-04 -1.30451559885920799e-06  5.25963407772066776e-06 -2.08510635343433326e-09  2.86337335096903220e-09  4.00000000000000000e+00 -2.50000000000000000e+00  1.65000000000000013e+00 -1.00000000000000006e-01  1.60000000000000009e+00 -8.00000000000000044e-01  2.30000000000000027e+00
 1.69828000000004594e-06  9.91564797341305206e-06 -9.10492704130450069e-04  7.68763253938616552e-04 -1.24338653069532007e-04 -1.30451559925142893e-06  5.25963407633250358e-06 -2.08510651585231443e-09  2.86337338855814583e-09  4.00000000000000000e+00 -2.50000000000000000e+00  1.65000000000000013e+00 -1.00000000000000006e-01  1.60000000000000009e+00 -8.00000000000000044e-01  2.30000000000000027e+00
 1.69928000000004601e-06  9.91564797291273681e-06 -9.10492704150926203e-04  7.68763253912785327e-04 -1.24338653069635630e-04 -1.30451559828492770e-06  5.25963407574593581e-06 -2.08510658626452386e-09  2.86337328440304222e-09  4.00000000000000000e+00 -2.50000000000000000e+00  1.65000000000000013e+00 -1.00000000000000006e-01  1.60000000000000009e+00 -8.00000000000000044e-01  2.30000000000000027e+00
 1.70028000000004609e-06  9.91564797266817129e-06 -9.10492704128810647e-04  7.68763253913081423e-04 -1.24338653067785249e-04 -1.30451559777578636e-06  5.25963407697184574e-06 -2.08510636255372820e-09  2.86337339867096152e-09  4.00000000000000000e+00 -2.50000000000000000e+00  1.65000000000000013e+00 -1.00000000000000006e-01  1.60000000000000009e+00 -8.00000000000000044e-01  2.30000000000000027e+00
 1.70128000000004616e-06  9.91564797292779197e-06 -9.10492704121098283e-04  7.68763253898574472e-04 -1.24338653065742449e-04 -1.30451559772053546e-06  5.25963407608547913e-06 -2.08510659336963888e-09  2.86337343658993906e-09  4.00000000000000000e+00 -2.50000000000000000e+00  1.65000000000000013e+00 -1.00000000000000006e-01  1.60000000000000009e+00 -8.00000000000000044e-01  2.30000000000000027e+00
 1.70228000000004624e-06  9.91564797346513612e-06 -9.10492704109237328e-04  7.68763253912563282e-04 -1.24338653064661852e-04 -1.30451559823132470e-06  5.25963407647463486e-06 -2.08510648558337492e-09  2.86337330723361756e-09  4.00000000000000000e+00 -2.50000000000000000e+00  1.65000000000000013e+00 -1.00000000000000006e-01  1.60000000000000009e+00 -8.00000000000000044e-01  2.30000000000000027e+00
 1.70328000000004631e-06  9.91564797394544954e-06 -9.10492704113556139e-04  7.68763253928180456e-04 -1.24338653065846045e-04 -1.30451559893978581e-06  5.25963407707442567e-06 -2.08510641200064507e-09  2.86337327569148703e-09  4.00000000000000000e+00 -2.50000000000000000e+00  1.65000000000000013e+00 -1.00000000000000006e-01  1.60000000000000009e+00 -8.00000000000000044e-01  2.30000000000000027e+00
 1.70428000000004639e-06  9.91564797311843876e-06 -9.10492704146385456e-04  7.68763253932621348e-04 -1.24338653068584631e-04 -1.30451559933807828e-06  5.25963407656626689e-06 -2.08510645747747632e-09  2.86337317533715384e-09  4.00000000000000000e+00 -2.50000000000000000e+00  1.65000000000000013e+00 -1.00000000000000006e-01  1.60000000000000009e+00 -8.00000000000000044e-01  2.30000000000000027e+00
 1.70528000000004646e-06  9.91564797192022426e-06 -9.10492704141507847e-04  7.68763253925219825e-04 -1.24338653069398759e-04 -1.30451559849144661e-06  5.25963407692816849e-06 -2.08510640593529773e-09  2.86337323399083991e-09  4.00000000000000000e+00 -2.50000000000000000e+00  1.65000000000000013e+00 -1.00000000000000006e-01  1.60000000000000009e+00 -8.00000000000000044e-01  2.30000000000000027e+00
 1.70628000000004654e-06  9.91564797207784184e-06 -9.10492704154005229e-04  7.68763253909602652e-04 -1.24338653069739225e-04 -1.30451559900076138e-06  5.25963407731701675e-06 -2.08510658274118609e-09  2.86337332254156425e-09  4.00000000000000000e+00 -2.50000000000000000e+00  1.65000000000000013e+00 -1.00000000000000006e-01  1.60000000000000009e+00 -8.00000000000000044e-01  2.30000000000000027e+00
 1.70728000000004661e-06  9.91564797325233772e-06 -9.10492704156492172e-04  7.68763253913673505e-04 -1.24338653068332988e-04 -1.30451559682871416e-06  5.25963407604638940e-06 -2.08510659129794270e-09  2.86337354676586205e-09  4.00000000000000000e+00 -2.50000000000000000e+00  1.65000000000000013e+00 -1.00000000000000006e-01  1.60000000000000009e+00 -8.00000000000000044e-01  2.30000000000000027e+00
 1.70828000000004669e-06  9.91564797424312233e-06 -9.10492704124928553e-04  7.68763253913673505e-04 -1.24338653065979320e-04 -1.30451559760066611e-06  5.25963407631191814e-06 -2.08510644451042595e-09  2.86337345072537709e-09  4.00000000000000000e+00 -2.50000000000000000e+00  1.65000000000000013e+00 -1.00000000000000006e-01  1.60000000000000009e+00 -8.00000000000000044e-01  2.30000000000000027e+00
 1.70928000000004676e-06  9.91564797428871981e-06 -9.10492704106698669e-04  7.68763253918780531e-04 -1.24338653065535177e-04 -1.30451559888878490e-06  5.25963407570869685e-06 -2.08510642010178688e-09  2.86337334330855143e-09  4.00000000000000000e+00 -2.50000000000000000e+00  1.65000000000000013e+00 -1.00000000000000006e-01  1.60000000000000009e+00 -8.00000000000000044e-01  2.30000000000000027e+00
 1.71028000000004684e-06  9.91564797327317812e-06 -9.10492704108212215e-04  7.68763253916412092e-04 -1.24338653067074717e-04 -1.30451559931474633e-06  5.25963407567353990e-06 -2.08510653219059274e-09  2.86337324859062114e-09  4.00000000000000000e+00 -2.50000000000000000e+00  1.65000000000000013e+00 -1.00000000000000006e-01  1.60000000000000009e+00 -8.00000000000000044e-01  2.30000000000000027e+00
 1.71128000000004691e-06  9.91564797204677775e-06 -9.10492704130257623e-04  7.68763253905161759e-04 -1.24338653066556604e-04 -1.30451559816288995e-06  5.25963407721154590e-06 -2.08510643678090827e-09  2.86337304534184979e-09  4.00000000000000000e+00 -2.50000000000000000e+00  1.65000000000000013e+00 -1.00000000000000006e-01  1.60000000000000009e+00 -8.00000000000000044e-01  2.30000000000000027e+00
 1.71228000000004699e-06  9.91564797217773413e-06 -9.10492704153309496e-04  7.68763253931511125e-04 -1.24338653066304961e-04 -1.30451559824173304e-06  5.25963407932270437e-06 -2.08510631998045061e-09  2.86337323765882385e-09  4.00000000000000000e+00 -2.50000000000000000e+00  1.65000000000000013e+00 -1.00000000000000006e-01  1.60000000000000009e+00 -8.00000000000000044e-01  2.30000000000000027e+00
 1.71328000000004706e-06  9.91564797304797409e-06 -9.10492704139949849e-04  7.68763253950384916e-04 -1.24338653068303335e-04 -1.30451559865563802e-06  5.25963407746547029e-06 -2.08510642161535907e-09  2.86337341981819329e-09  4.00000000000000000e+00 -2.50000000000000000e+00  1.65000000000000013e+00 -1.00000000000000006e-01  1.60000000000000009e+00 -8.00000000000000044e-01  2.30000000000000027e+00
 1.71428000000004714e-06  9.91564797415593045e-06 -9.10492704124018148e-04  7.68763253934767743e-04 -1.24338653070612604e-04 -1.30451559852371243e-06  5.25963407489040881e-06 -2.08510665884693634e-09  2.86337353219393281e-09  4.00000000000000000e+00 -2.50000000000000000e+00  1.65000000000000013e+00 -1.00000000000000006e-01  1.60000000000000009e+00 -8.00000000000000044e-01  2.30000000000000027e+00
 1.71528000000004721e-06  9.91564797386210319e-06 -9.10492704123004094e-04  7.68763253913451461e-04 -1.24338653069235966e-04 -1.30451559791812051e-06  5.25963407524660480e-06 -2.08510649369293164e-09  2.86337345171770059e-09  4.00000000000000000e+00 -2.50000000000000000e+00  1.65000000000000013e+00 -1.00000000000000006e-01  1.60000000000000009e+00 -8.00000000000000044e-01  2.30000000000000027e+00
 1.71628000000004729e-06  9.91564797331333934e-06 -9.10492704115510088e-04  7.68763253907752352e-04 -1.24338653067059918e-04 -1.30451559823323286e-06  5.25963407591428106e-06 -2.08510654270895193e-09  2.86337324775999408e-09  4.00000000000000000e+00 -2.50000000000000000e+00  1.65000000000000013e+00 -1.00000000000000006e-01  1.60000000000000009e+00 -8.00000000000000044e-01  2.30000000000000027e+00
 1.71728000000004736e-06  9.91564797289225555e-06 -9.10492704130131747e-04  7.68763253906568078e-04 -1.24338653065579602e-04 -1.30451559843845073e-06  5.25963407735016962e-06 -2.08510646368180365e-09  2.86337309910151886e-09  4.00000000000000000e+00 -2.50000000000000000e+00  1.65000000000000013e+00 -1.00000000000000006e-01  1.60000000000000009e+00 -8.00000000000000044e-01  2.30000000000000027e+00
 1.71828000000004744e-06  9.91564797337167450e-06 -9.10492704124517748e-04  7.68763253898870568e-04 -1.24338653066008919e-04 -1.30451559773432643e-06  5.25963407724604725e-06 -2.08510638891596481e-09  2.86337331061173550e-09  4.00000000000000000e+00 -2.50000000000000000e+00  1.65000000000000013e+00 -1.00000000000000006e-01  1.60000000000000009e+00 -8.00000000000000044e-01  2.30000000000000027e+00
 1.71928000000004751e-06  9.91564797372201919e-06 -9.10492704125883301e-04  7.68763253913155365e-04 -1.24338653067133942e-04 -1.30451559866153612e-06  5.25963407649838143e-06 -2.08510643865801062e-09  2.86337347026217878e-09  4.00000000000000000e+00 -2.50000000000000000e+00  1.65000000000000013e+00 -1.00000000000000006e-01  1.60000000000000009e+00 -8.00000000000000044e-01  2.30000000000000027e+00
 1.72028000000004759e-06  9.91564797366665881e-06 -9.10492704112571684e-04  7.68763253909898747e-04 -1.24338653067918497e-04 -1.30451559919054017e-06  5.25963407624807981e-06 -2.08510652227918808e-09  2.86337337024327105e-09  4.00000000000000000e+00 -2.50000000000000000e+00  1.65000000000000013e+00 -1.00000000000000006e-01  1.60000000000000009e+00 -8.00000000000000044e-01  2.30000000000000027e+00
 1.72128000000004766e-06  9.91564797333352414e-06 -9.10492704130501786e-04  7.68763253905679900e-04 -1.24338653066512206e-04 -1.30451559777769451e-06  5.25963407604885681e-06 -2.08510649350316607e-09  2.86337324332638376e-09  4.00000000000000000e+00 -2.50000000000000000e+00  1.65000000000000013e+00 -1.00000000000000006e-01  1.60000000000000009e+00 -8.00000000000000044e-01  2.30000000000000027e+00
 1.72228000000004774e-06  9.91564797279588861e-06 -9.10492704130942188e-04  7.68763253895317854e-04 -1.24338653066082916e-04 -1.30451559842743528e-06  5.25963407690634977e-06 -2.08510643296633303e-09  2.86337331617096121e-09  4.00000000000000000e+00 -2.50000000000000000e+00  1.65000000000000013e+00 -1.00000000000000006e-01  1.60000000000000009e+00 -8.00000000000000044e-01  2.30000000000000027e+00
 1.72328000000004781e-06  9.91564797266323647e-06 -9.10492704129265795e-04  7.68763253898352428e-04 -1.24338653067148741e-04 -1.30451559863568870e-06  5.25963407707747075e-06 -2.08510642494376552e-09  2.86337338421875303e-09  4.00000000000000000e+00 -2.50000000000000000e+00  1.65000000000000013e+00 -1.00000000000000006e-01  1.60000000000000009e+00 -8.00000000000000044e-01  2.30000000000000027e+00
 1.72428000000004789e-06  9.91564797296563571e-06 -9.10492704116002316e-04  7.68763253913377410e-04 -1.24338653067829674e-04 -1.30451559809957254e-06  5.25963407622583757e-06 -2.08510650509582111e-09  2.86337338356997873e-09  4.00000000000000000e+00 -2.50000000000000000e+00  1.65000000000000013e+00 -1.00000000000000006e-01  1.60000000000000009e+00 -8.00000000000000044e-01  2.30000000000000027e+00
 1.72528000000004796e-06  9.91564797355079656e-06 -9.10492704113093510e-04  7.68763253913081423e-04 -1.24338653066763849e-04 -1.30451559834069910e-06  5.25963407625922083e-06 -2.08510654384009039e-09  2.86337328983900106e-09  4.00000000000000000e+00 -2.50000000000000000e+00  1.65000000000000013e+00 -1.00000000000000006e-01  1.60000000000000009e+00 -8.00000000000000044e-01  2.30000000000000027e+00
 1.72628000000004804e-06  9.91564797306563133e-06 -9.10492704124806363e-04  7.68763253887398191e-04 -1.24338653065905297e-04 -1.30451559849604346e-06  5.25963407576690665e-06 -2.08510647108785608e-09  2.86337324651602611e-09  4.00000000000000000e+00 -2.50000000000000000e+00  1.65000000000000013e+00 -1.00000000000000006e-01  1.60000000000000009e+00 -8.00000000000000044e-01  2.30000000000000027e+00
 1.72728000000004811e-06  9.91564797251050458e-06 -9.10492704131434416e-04  7.68763253895909937e-04 -1.24338653066423383e-04 -1.30451559883049823e-06  5.25963407805863052e-06 -2.08510633191012675e-09  2.86337316677292200e-09  4.00000000000000000e+00 -2.50000000000000000e+00  1.65000000000000013e+00 -1.00000000000000006e-01  1.60000000000000009e+00 -8.00000000000000044e-01  2.30000000000000027e+00
 1.72828000000004819e-06  9.91564797268897103e-06 -9.10492704149538424e-04  7.68763253913673505e-04 -1.24338653067696453e-04 -1.30451559836073503e-06  5.25963407789548943e-06 -2.08510637935049205e-09  2.86337327483467019e-09  4.00000000000000000e+00 -2.50000000000000000e+00  1.65000000000000013e+00 -1.00000000000000006e-01  1.60000000000000009e+00 -8.00000000000000044e-01  2.30000000000000027e+00
 1.72928000000004826e-06  9.91564797340810200e-06 -9.10492704136996590e-04  7.68763253924109602e-04 -1.24338653069754079e-04 -1.30451559862406614e-06  5.25963407596863517e-06 -2.08510660324689173e-09  2.86337347869479254e-09  4.00000000000000000e+00 -2.50000000000000000e+00  1.65000000000000013e+00 -1.00000000000000006e-01  1.60000000000000009e+00 -8.00000000000000044e-01  2.30000000000000027e+00
 1.73028000000004834e-06  9.91564797361153899e-06 -9.10492704117471519e-04  7.68763253916338041e-04 -1.24338653068747451e-04 -1.30451559809592966e-06  5.25963407502139907e-06 -2.08510664463616202e-09  2.86337350121751607e-09  4.00000000000000000e+00 -2.50000000000000000e+00  1.65000000000000013e+00 -1.00000000000000006e-01  1.60000000000000009e+00 -8.00000000000000044e-01  2.30000000000000027e+00
 1.73128000000004842e-06  9.91564797389999097e-06 -9.10492704106635785e-04  7.68763253889174548e-04 -1.24338653066112515e-04 -1.30451559755825199e-06  5.25963407570453368e-06 -2.08510648227415989e-09  2.86337332576113896e-09  4.00000000000000000e+00 -2.50000000000000000e+00  1.65000000000000013e+00 -1.00000000000000006e-01  1.60000000000000009e+00 -8.00000000000000044e-01  2.30000000000000027e+00
 1.73228000000004849e-06  9.91564797357913489e-06 -9.10492704097283999e-04  7.68763253898056332e-04 -1.24338653064765448e-04 -1.30451559782557284e-06  5.25963407663554063e-06 -2.08510641178000787e-09  2.86337323437116639e-09  4.00000000000000000e+00 -2.50000000000000000e+00  1.65000000000000013e+00 -1.00000000000000006e-01  1.60000000000000009e+00 -8.00000000000000044e-01  2.30000000000000027e+00
 1.73328000000004857e-06  9.91564797267986373e-06 -9.10492704110121820e-04  7.68763253919890754e-04 -1.24338653065550004e-04 -1.30451559934085379e-06  5.25963407752433569e-06 -2.08510632242330356e-09  2.86337317258866800e-09  4.00000000000000000e+00 -2.50000000000000000e+00  1.65000000000000013e+00 -1.00000000000000006e-01  1.60000000000000009e+00 -8.00000000000000044e-01  2.30000000000000027e+00
 1.73428000000004864e-06  9.91564797176186975e-06 -9.10492704141056385e-04  7.68763253927588265e-04 -1.24338653066660227e-04 -1.30451559893813791e-06  5.25963407701232206e-06 -2.08510640565929568e-09  2.86337326920124844e-09  4.00000000000000000e+00 -2.50000000000000000e+00  1.65000000000000013e+00 -1.00000000000000006e-01  1.60000000000000009e+00 -8.00000000000000044e-01  2.30000000000000027e+00
 1.73528000000004872e-06  9.91564797177442278e-06 -9.10492704140630727e-04  7.68763253927292277e-04 -1.24338653068451410e-04 -1.30451559872563428e-06  5.25963407639086754e-06 -2.08510658506593502e-09  2.86337332073220675e-09  4.00000000000000000e+00 -2.50000000000000000e+00  1.65000000000000013e+00 -1.00000000000000006e-01  1.60000000000000009e+00 -8.00000000000000044e-01  2.30000000000000027e+00
 1.73628000000004879e-06  9.91564797289513546e-06 -9.10492704135927133e-04  7.68763253913969601e-04 -1.24338653068140542e-04 -1.30451559809757756e-06  5.25963407679960668e-06 -2.08510655322887572e-09  2.86337335369487687e-09  4.00000000000000000e+00 -2.50000000000000000e+00  1.65000000000000013e+00 -1.00000000000000006e-01  1.60000000000000009e+00 -8.00000000000000044e-01  2.30000000000000027e+00
 1.73728000000004887e-06  9.91564797418351323e-06 -9.10492704135734687e-04  7.68763253917300270e-04 -1.24338653067518779e-04 -1.30451559849743133e-06  5.25963407726212224e-06 -2.08510649733116976e-09  2.86337330069576563e-09  4.00000000000000000e+00 -2.50000000000000000e+00  1.65000000000000013e+00 -1.00000000000000006e-01  1.60000000000000009e+00 -8.00000000000000044e-01  2.30000000000000027e+00
 1.73828000000004894e-06  9.91564797465600176e-06 -9.10492704134987130e-04  7.68763253913747556e-04 -1.24338653068362559e-04 -1.30451559811787374e-06  5.25963407652579057e-06 -2.08510641688337228e-09  2.86337342128975174e-09  4.00000000000000000e+00 -2.50000000000000000e+00  1.65000000000000013e+00 -1.00000000000000006e-01  1.60000000000000009e+00 -8.00000000000000044e-01  2.30000000000000027e+00
 1.73928000000004902e-06  9.91564797354514685e-06 -9.10492704139131926e-04  7.68763253903015364e-04 -1.24338653068451410e-04 -1.30451559802818863e-06  5.25963407627568122e-06 -2.08510643299482733e-09  2.86337339593675902e-09  4.00000000000000000e+00 -2.50000000000000000e+00  1.65000000000000013e+00 -1.00000000000000006e-01  1.60000000000000009e+00 -8.00000000000000044e-01  2.30000000000000027e+00
 1.74028000000004909e-06  9.91564797244034314e-06 -9.10492704138295573e-04  7.68763253906642129e-04 -1.24338653068495808e-04 -1.30451559840306233e-06  5.25963407563792047e-06 -2.08510654378925766e-09  2.86337328492683780e-09  4.00000000000000000e+00 -2.50000000000000000e+00  1.65000000000000013e+00 -1.00000000000000006e-01  1.60000000000000009e+00 -8.00000000000000044e-01  2.30000000000000027e+00
 1.74128000000004917e-06  9.91564797203761794e-06 -9.10492704131216058e-04  7.68763253900942912e-04 -1.24338653067015520e-04 -1.30451559865971479e-06  5.25963407614364996e-06 -2.08510648243334294e-09  2.86337325973861077e-09  4.00000000000000000e+00 -2.50000000000000000e+00  1.65000000000000013e+00 -1.00000000000000006e-01  1.60000000000000009e+00 -8.00000000000000044e-01  2.30000000000000027e+00
 1.74228000000004924e-06  9.91564797277605279e-06 -9.10492704111539198e-04  7.68763253897168154e-04 -1.24338653065668425e-04 -1.30451559828926451e-06  5.25963407671834488e-06 -2.08510643107348653e-09  2.86337329701033810e-09  4.00000000000000000e+00 -2.50000000000000000e+00  1.65000000000000013e+00 -1.00000000000000006e-01  1.60000000000000009e+00 -8.00000000000000044e-01  2.30000000000000027e+00
 1.74328000000004932e-06  9.91564797312238762e-06 -9.10492704119828899e-04  7.68763253909898747e-04 -1.24338653065994093e-04 -1.30451559784777738e-06  5.25963407685958931e-06 -2.08510648193742004e-09  2.86337338273251171e-09  4.00000000000000000e+00 -2.50000000000000000e+00  1.65000000000000013e+00 -1.00000000000000006e-01  1.60000000000000009e+00 -8.00000000000000044e-01  2.30000000000000027e+00
 1.74428000000004939e-06  9.91564797367441424e-06 -9.10492704124380814e-04  7.68763253910120792e-04 -1.24338653066571430e-04 -1.30451559874220077e-06  5.25963407657582735e-06 -2.08510643849878869e-09  2.86337329541982694e-09  4.00000000000000000e+00 -2.50000000000000000e+00  1.65000000000000013e+00 -1.00000000000000006e-01  1.60000000000000009e+00 -8.00000000000000044e-01  2.30000000000000027e+00
 1.74528000000004947e-06  9.91564797374391499e-06 -9.10492704106898487e-04  7.68763253923813506e-04 -1.24338653067430010e-04 -1.30451559889737191e-06  5.25963407708552773e-06 -2.08510645944412470e-09  2.86337326264081366e-09  4.00000000000000000e+00 -2.50000000000000000e+00  1.65000000000000013e+00 -1.00000000000000006e-01  1.60000000000000009e+00 -8.00000000000000044e-01  2.30000000000000027e+00
 1.74628000000004954e-06  9.91564797312376151e-06 -9.10492704130050324e-04  7.68763253920778933e-04 -1.24338653068643829e-04 -1.30451559813409358e-06  5.25963407639190770e-06 -2.08510649968024028e-09  2.86337337384922680e-09  4.00000000000000000e+00 -2.50000000000000000e+00  1.65000000000000013e+00 -1.00000000000000006e-01  1.60000000000000009e+00 -8.00000000000000044e-01  2.30000000000000027e+00
 1.74728000000004962e-06  9.91564797271068048e-06 -9.10492704122415697e-04  7.68763253905679900e-04 -1.24338653067800075e-04 -1.30451559798083059e-06  5.25963407575013709e-06 -2.08510655123404365e-09  2.86337332347254031e-09  4.00000000000000000e+00 -2.50000000000000000e+00  1.65000000000000013e+00 -1.00000000000000006e-01  1.60000000000000009e+00 -8.00000000000000044e-01  2.30000000000000027e+00
 1.74828000000004969e-06  9.91564797312468139e-06 -9.10492704103590044e-04  7.68763253894207631e-04 -1.24338653065431582e-04 -1.30451559797475906e-06  5.25963407561625506e-06 -2.08510655578581632e-09  2.86337333950918556e-09  4.00000000000000000e+00 -2.50000000000000000e+00  1.65000000000000013e+00 -1.00000000000000006e-01  1.60000000000000009e+00 -8.00000000000000044e-01  2.30000000000000027e+00
 1.74928000000004977e-06  9.91564797365340952e-06 -9.10492704106228667e-04  7.68763253891247000e-04 -1.24338653064054889e-04 -1.30451559832048953e-06  5.25963407688109972e-06 -2.08510636787042787e-09  2.86337334722141517e-09  4.00000000000000000e+00 -2.50000000000000000e+00  1.65000000000000013e+00 -1.00000000000000006e-01  1.60000000000000009e+00 -8.00000000000000044e-01  2.30000000000000027e+00
 1.75028000000004984e-06  9.91564797395097389e-06 -9.10492704121009379e-04  7.68763253906568078e-04 -1.24338653065668425e-04 -1.30451559981009649e-06  5.25963407768589621e-06 -2.08510636120849140e-09  2.86337319742104440e-09  4.00000000000000000e+00 -2.50000000000000000e+00  1.65000000000000013e+00 -1.00000000000000006e-01  1.60000000000000009e+00 -8.00000000000000044e-01  2.30000000000000027e+00
 1.75128000000004992e-06  9.91564797367420079e-06 -9.10492704118381923e-04  7.68763253920482837e-04 -1.24338653067341160e-04 -1.30451559822516656e-06  5.25963407692338868e-06 -2.08510649495363348e-09  2.86337317709113036e-09  4.00000000000000000e+00 -2.50000000000000000e+00  1.65000000000000013e+00 -1.00000000000000006e-01  1.60000000000000009e+00 -8.00000000000000044e-01  2.30000000000000027e+00
 1.75228000000004999e-06  9.91564797281332055e-06 -9.10492704150130615e-04  7.68763253928180456e-04 -1.24338653068377386e-04 -1.30451559851070200e-06  5.25963407666580173e-06 -2.08510652029383798e-09  2.86337332709094471e-09  4.00000000000000000e+00 -2.50000000000000000e+00  1.65000000000000013e+00 -1.00000000000000006e-01  1.60000000000000009e+00 -8.00000000000000044e-01  2.30000000000000027e+00
 1.75328000000005007e-06  9.91564797243664669e-06 -9.10492704150089849e-04  7.68763253913969601e-04 -1.24338653069073118e-04 -1.30451559823219206e-06  5.25963407686768526e-06 -2.08510645700917174e-09  2.86337336404479355e-09  4.00000000000000000e+00 -2.50000000000000000e+00  1.65000000000000013e+00 -1.00000000000000006e-01  1.60000000000000009e+00 -8.00000000000000044e-01  2.30000000000000027e+00
 1.75428000000005014e-06  9.91564797341160194e-06 -9.10492704125657570e-04  7.68763253925219825e-04 -1.24338653067977695e-04 -1.30451559781082769e-06  5.25963407623717087e-06 -2.08510654195867885e-09  2.86337343321796046e-09  4.00000000000000000e+00 -2.50000000000000000e+00  1.65000000000000013e+00 -1.00000000000000006e-01  1.60000000000000009e+00 -8.00000000000000044e-01  2.30000000000000027e+00
 1.75528000000005022e-06  9.91564797426792006e-06 -9.10492704121553431e-04  7.68763253916338041e-04 -1.24338653067133914e-04 -1.30451559808222530e-06  5.25963407598486517e-06 -2.08510653120854076e-09  2.86337348108839474e-09  4.00000000000000000e+00 -2.50000000000000000e+00  1.65000000000000013e+00 -1.00000000000000006e-01  1.60000000000000009e+00 -8.00000000000000044e-01  2.30000000000000027e+00
 1.75628000000005029e-06  9.91564797327378629e-06 -9.10492704088339223e-04  7.68763253908122390e-04 -1.24338653066393784e-04 -1.30451559835613818e-06  5.25963407511395690e-06 -2.08510647482399888e-09  2.86337334876355941e-09  4.00000000000000000e+00 -2.50000000000000000e+00  1.65000000000000013e+00 -1.00000000000000006e-01  1.60000000000000009e+00 -8.00000000000000044e-01  2.30000000000000027e+00
 1.75728000000005037e-06  9.91564797219719386e-06 -9.10492704097302431e-04  7.68763253891172949e-04 -1.24338653065757249e-04 -1.30451559853594210e-06  5.25963407590005599e-06 -2.08510634714901379e-09  2.86337324636735694e-09  4.00000000000000000e+00 -2.50000000000000000e+00  1.65000000000000013e+00 -1.00000000000000006e-01  1.60000000000000009e+00 -8.00000000000000044e-01  2.30000000000000027e+00
 1.75828000000005044e-06  9.91564797192130507e-06 -9.10492704132600150e-04  7.68763253899462651e-04 -1.24338653065757222e-04 -1.30451559834651038e-06  5.25963407756693298e-06 -2.08510639952311026e-09  2.86337320642898337e-09  4.00000000000000000e+00 -2.50000000000000000e+00  1.65000000000000013e+00 -1.00000000000000006e-01  1.60000000000000009e+00 -8.00000000000000044e-01  2.30000000000000027e+00
 1.75928000000005052e-06  9.91564797292646890e-06 -9.10492704114411033e-04  7.68763253909528709e-04 -1.24338653066675026e-04 -1.30451559885330989e-06  5.25963407754484405e-06 -2.08510655490105897e-09  2.86337324387799246e-09  4.00000000000000000e+00 -2.50000000000000000e+00  1.65000000000000013e+00 -1.00000000000000006e-01  1.60000000000000009e+00 -8.00000000000000044e-01  2.30000000000000027e+00
 1.76028000000005059e-06  9.91564797399097756e-06 -9.10492704131797082e-04  7.68763253929364621e-04 -1.24338653068022093e-04 -1.30451559866691372e-06  5.25963407821521811e-06 -2.08510643202281856e-09  2.86337332156420362e-09  4.00000000000000000e+00 -2.50000000000000000e+00  1.65000000000000013e+00 -1.00000000000000006e-01  1.60000000000000009e+00 -8.00000000000000044e-01  2.30000000000000027e+00
 1.76128000000005067e-06  9.91564797404737979e-06 -9.10492704139294774e-04  7.68763253945647929e-04 -1.24338653070050120e-04 -1.30451559845258877e-06  5.25963407614789021e-06 -2.08510649013928225e-09  2.86337343815062829e-09  4.00000000000000000e+00 -2.50000000000000000e+00  1.65000000000000013e+00 -1.00000000000000006e-01  1.60000000000000009e+00 -8.00000000000000044e-01  2.30000000000000027e+00
 1.76228000000005074e-06  9.91564797301611718e-06 -9.10492704135061181e-04  7.68763253920260793e-04 -1.24338653069502408e-04 -1.30451559807008224e-06  5.25963407458621472e-06 -2.08510657469376305e-09  2.86337339942661831e-09  4.00000000000000000e+00 -2.50000000000000000e+00  1.65000000000000013e+00 -1.00000000000000006e-01  1.60000000000000009e+00 -8.00000000000000044e-01  2.30000000000000027e+00
 1.76328000000005082e-06  9.91564797216801866e-06 -9.10492704128192543e-04  7.68763253901831090e-04 -1.24338653067933297e-04 -1.30451559851833483e-06  5.25963407613937075e-06 -2.08510643193670699e-09  2.86337326436468370e-09  4.00000000000000000e+00 -2.50000000000000000e+00  1.65000000000000013e+00 -1.00000000000000006e-01  1.60000000000000009e+00 -8.00000000000000044e-01  2.30000000000000027e+00
 1.76428000000005089e-06  9.91564797238683946e-06 -9.10492704135597753e-04  7.68763253905679900e-04 -1.24338653066823074e-04 -1.30451559822854919e-06  5.25963407737854184e-06 -2.08510650595931537e-09  2.86337324810158576e-09  4.00000000000000000e+00 -2.50000000000000000e+00  1.65000000000000013e+00 -1.00000000000000006e-01  1.60000000000000009e+00 -8.00000000000000044e-01  2.30000000000000027e+00
 1.76528000000005097e-06  9.91564797345447536e-06 -9.10492704131097663e-04  7.68763253912785327e-04 -1.24338653066097715e-04 -1.30451559808985813e-06  5.25963407756970786e-06 -2.08510645348219976e-09  2.86337322376081396e-09  4.00000000000000000e+00 -2.50000000000000000e+00  1.65000000000000013e+00 -1.00000000000000006e-01  1.60000000000000009e+00 -8.00000000000000044e-01  2.30000000000000027e+00
 1.76628000000005104e-06  9.91564797429929755e-06 -9.10492704109722184e-04  7.68763253919372614e-04 -1.24338653066097715e-04 -1.30451559798404000e-06  5.25963407633751463e-06 -2.08510643077235763e-09  2.86337339292349142e-09  4.00000000000000000e+00 -2.50000000000000000e+00  1.65000000000000013e+00 -1.00000000000000006e-01  1.60000000000000009e+00 -8.00000000000000044e-01  2.30000000000000027e+00
 1.76728000000005112e-06  9.91564797342541027e-06 -9.10492704121109342e-04  7.68763253920482837e-04 -1.24338653067814848e-04 -1.30451559884628417e-06  5.25963407577315182e-06 -2.08510643261815699e-09  2.86337346932860661e-09  4.00000000000000000e+00 -2.50000000000000000e+00  1.65000000000000013e+00 -1.00000000000000006e-01  1.60000000000000009e+00 -8.00000000000000044e-01  2.30000000000000027e+00
 1.76828000000005119e-06  9.91564797265797979e-06 -9.10492704116390894e-04  7.68763253902127186e-04 -1.24338653067370786e-04 -1.30451559874671100e-06  5.25963407622441117e-06 -2.08510653736859159e-09  2.86337321628787861e-09  4.00000000000000000e+00 -2.50000000000000000e+00  1.65000000000000013e+00 -1.00000000000000006e-01  1.60000000000000009e+00 -8.00000000000000044e-01  2.30000000000000027e+00
 1.76928000000005127e-06  9.91564797261147768e-06 -9.10492704130250142e-04  7.68763253918410493e-04 -1.24338653067059918e-04 -1.30451559818431374e-06  5.25963407725233054e-06 -2.08510644661596746e-09  2.86337328841564533e-09  4.00000000000000000e+00 -2.50000000000000000e+00  1.65000000000000013e+00 -1.00000000000000006e-01  1.60000000000000009e+00 -8.00000000000000044e-01  2.30000000000000027e+00
 1.77028000000005135e-06  9.91564797250881559e-06 -9.10492704149201671e-04  7.68763253911008970e-04 -1.24338653067104316e-04 -1.30451559851833483e-06  5.25963407769395319e-06 -2.08510641565595454e-09  2.86337324749379702e-09  4.00000000000000000e+00 -2.50000000000000000e+00  1.65000000000000013e+00 -1.00000000000000006e-01  1.60000000000000009e+00 -8.00000000000000044e-01  2.30000000000000027e+00
 1.77128000000005142e-06  9.91564797293474442e-06 -9.10492704142507048e-04  7.68763253916412092e-04 -1.24338653068525434e-04 -1.30451559847262469e-06  5.25963407681903592e-06 -2.08510647900995754e-09  2.86337338742355306e-09  4.00000000000000000e+00 -2.50000000000000000e+00  1.65000000000000013e+00 -1.00000000000000006e-01  1.60000000000000009e+00 -8.00000000000000044e-01  2.30000000000000027e+00
 1.77228000000005150e-06  9.91564797323284750e-06 -9.10492704124750852e-04  7.68763253905383804e-04 -1.24338653067859273e-04 -1.30451559835986767e-06  5.25963407559385782e-06 -2.08510652736193129e-09  2.86337336903672432e-09  4.00000000000000000e+00 -2.50000000000000000e+00  1.65000000000000013e+00 -1.00000000000000006e-01  1.60000000000000009e+00 -8.00000000000000044e-01  2.30000000000000027e+00
 1.77328000000005157e-06  9.91564797347221731e-06 -9.10492704119569883e-04  7.68763253904569677e-04 -1.24338653067015492e-04 -1.30451559808734265e-06  5.25963407536472016e-06 -2.08510655867925357e-09  2.86337341119566796e-09  4.00000000000000000e+00 -2.50000000000000000e+00  1.65000000000000013e+00 -1.00000000000000006e-01  1.60000000000000009e+00 -8.00000000000000044e-01  2.30000000000000027e+00
 1.77428000000005165e-06  9.91564797341692470e-06 -9.10492704120506092e-04  7.68763253899166555e-04 -1.24338653064676624e-04 -1.30451559758062997e-06  5.25963407608671241e-06 -2.08510651479033446e-09  2.86337327139147009e-09  4.00000000000000000e+00 -2.50000000000000000e+00  1.65000000000000013e+00 -1.00000000000000006e-01  1.60000000000000009e+00 -8.00000000000000044e-01  2.30000000000000027e+00
 1.77528000000005172e-06  9.91564797319370272e-06 -9.10492704121653395e-04  7.68763253889100605e-04 -1.24338653064957894e-04 -1.30451559849673739e-06  5.25963407781576923e-06 -2.08510632937387271e-09  2.86337321463358645e-09  4.00000000000000000e+00 -2.50000000000000000e+00  1.65000000000000013e+00 -1.00000000000000006e-01  1.60000000000000009e+00 -8.00000000000000044e-01  2.30000000000000027e+00
 1.77628000000005180e-06  9.91564797356902979e-06 -9.10492704120321127e-04  7.68763253934989788e-04 -1.24338653067355959e-04 -1.30451559917588163e-06  5.25963407718390552e-06 -2.08510644824402807e-09  2.86337335288233942e-09  4.00000000000000000e+00 -2.50000000000000000e+00  1.65000000000000013e+00 -1.00000000000000006e-01  1.60000000000000009e+00 -8.00000000000000044e-01  2.30000000000000027e+00
 1.77728000000005187e-06  9.91564797321361646e-06 -9.10492704102550078e-04  7.68763253912785327e-04 -1.24338653068495781e-04 -1.30451559832933658e-06  5.25963407513168954e-06 -2.08510660414737254e-09  2.86337337128163956e-09  4.00000000000000000e+00 -2.50000000000000000e+00  1.65000000000000013e+00 -1.00000000000000006e-01  1.60000000000000009e+00 -8.00000000000000044e-01  2.30000000000000027e+00
 1.77828000000005195e-06  9.91564797260593300e-06 -9.10492704112357120e-04  7.68763253894429676e-04 -1.24338653067000693e-04 -1.30451559788516076e-06  5.25963407534355704e-06 -2.08510658745668386e-09  2.86337338035011285e-09  4.00000000000000000e+00 -2.50000000000000000e+00  1.65000000000000013e+00 -1.00000000000000006e-01  1.60000000000000009e+00 -8.00000000000000044e-01  2.30000000000000027e+00
 1.77928000000005202e-06  9.91564797237165893e-06 -9.10492704122419384e-04  7.68763253895909937e-04 -1.24338653064173311e-04 -1.30451559809167946e-06  5.25963407766203445e-06 -2.08510641040672428e-09  2.86337318262244658e-09  4.00000000000000000e+00 -2.50000000000000000e+00  1.65000000000000013e+00 -1.00000000000000006e-01  1.60000000000000009e+00 -8.00000000000000044e-01  2.30000000000000027e+00
 1.78028000000005210e-06  9.91564797273912216e-06 -9.10492704134280339e-04  7.68763253924331647e-04 -1.24338653065579629e-04 -1.30451559921309158e-06  5.25963407828391333e-06 -2.08510630020778995e-09  2.86337329844531117e-09  4.00000000000000000e+00 -2.50000000000000000e+00  1.65000000000000013e+00 -1.00000000000000006e-01  1.60000000000000009e+00 -8.00000000000000044e-01  2.30000000000000027e+00
 1.78128000000005217e-06  9.91564797344558829e-06 -9.10492704131271569e-04  7.68763253910120792e-04 -1.24338653068510607e-04 -1.30451559885764670e-06  5.25963407754330160e-06 -2.08510647110933713e-09  2.86337333484962588e-09  4.00000000000000000e+00 -2.50000000000000000e+00  1.65000000000000013e+00 -1.00000000000000006e-01  1.60000000000000009e+00 -8.00000000000000044e-01  2.30000000000000027e+00
 1.78228000000005225e-06  9.91564797392618462e-06 -9.10492704152154929e-04  7.68763253918410493e-04 -1.24338653070346162e-04 -1.30451559855120775e-06  5.25963407619079582e-06 -2.08510654825530505e-09  2.86337335350921577e-09  4.00000000000000000e+00 -2.50000000000000000e+00  1.65000000000000013e+00 -1.00000000000000006e-01  1.60000000000000009e+00 -8.00000000000000044e-01  2.30000000000000027e+00
 1.78328000000005232e-06  9.91564797351676616e-06 -9.10492704144187236e-04  7.68763253899462651e-04 -1.24338653069043520e-04 -1.30451559785384892e-06  5.25963407598444080e-06 -2.08510653072989145e-09  2.86337339229270045e-09  4.00000000000000000e+00 -2.50000000000000000e+00  1.65000000000000013e+00 -1.00000000000000006e-01  1.60000000000000009e+00 -8.00000000000000044e-01  2.30000000000000027e+00
 1.78428000000005240e-06  9.91564797311780687e-06 -9.10492704132881392e-04  7.68763253919594659e-04 -1.24338653066601029e-04 -1.30451559760613032e-06  5.25963407641989451e-06 -2.08510645287298041e-09  2.86337328584087775e-09  4.00000000000000000e+00 -2.50000000000000000e+00  1.65000000000000013e+00 -1.00000000000000006e-01  1.60000000000000009e+00 -8.00000000000000044e-01  2.30000000000000027e+00
 1.78528000000005247e-06  9.91564797342263031e-06 -9.10492704110440142e-04  7.68763253917226219e-04 -1.24338653066349359e-04 -1.30451559835370953e-06  5.25963407607518598e-06 -2.08510649448240771e-09  2.86337336995413255e-09  4.00000000000000000e+00 -2.50000000000000000e+00  1.65000000000000013e+00 -1.00000000000000006e-01  1.60000000000000009e+00 -8.00000000000000044e-01  2.30000000000000027e+00
 1.78628000000005255e-06  9.91564797410739716e-06 -9.10492704106953999e-04  7.68763253918114398e-04 -1.24338653066897071e-04 -1.30451559886094271e-06  5.25963407619985483e-06 -2.08510653635786704e-09  2.86337328299113384e-09  4.00000000000000000e+00 -2.50000000000000000e+00  1.65000000000000013e+00 -1.00000000000000006e-01  1.60000000000000009e+00 -8.00000000000000044e-01  2.30000000000000027e+00
 1.78728000000005262e-06  9.91564797351381849e-06 -9.10492704116409434e-04  7.68763253910120792e-04 -1.24338653067015520e-04 -1.30451559854687094e-06  5.25963407630875701e-06 -2.08510644013689499e-09  2.86337327129542905e-09  4.00000000000000000e+00 -2.50000000000000000e+00  1.65000000000000013e+00 -1.00000000000000006e-01  1.60000000000000009e+00 -8.00000000000000044e-01  2.30000000000000027e+00
 1.78828000000005270e-06  9.91564797205060126e-06 -9.10492704123596285e-04  7.68763253909898747e-04 -1.24338653066630628e-04 -1.30451559810737879e-06  5.25963407596647693e-06 -2.08510640670188819e-09  2.86337329809558127e-09  4.00000000000000000e+00 -2.50000000000000000e+00  1.65000000000000013e+00 -1.00000000000000006e-01  1.60000000000000009e+00 -8.00000000000000044e-01  2.30000000000000027e+00
 1.78928000000005277e-06  9.91564797193888609e-06 -9.10492704119462547e-04  7.68763253900720867e-04 -1.24338653066304961e-04 -1.30451559821649294e-06  5.25963407705499643e-06 -2.08510641474312268e-09  2.86337334973066714e-09  4.00000000000000000e+00 -2.50000000000000000e+00  1.65000000000000013e+00 -1.00000000000000006e-01  1.60000000000000009e+00 -8.00000000000000044e-01  2.30000000000000027e+00
 1.79028000000005285e-06  9.91564797342241347e-06 -9.10492704115191875e-04  7.68763253898056332e-04 -1.24338653065194738e-04 -1.30451559829186659e-06  5.25963407686205672e-06 -2.08510648153235010e-09  2.86337332297459909e-09  4.00000000000000000e+00 -2.50000000000000000e+00  1.65000000000000013e+00 -1.00000000000000006e-01  1.60000000000000009e+00 -8.00000000000000044e-01  2.30000000000000027e+00
 1.79128000000005292e-06  9.91564797398231580e-06 -9.10492704109241015e-04  7.68763253926478042e-04 -1.24338653066127314e-04 -1.30451559850445704e-06  5.25963407688842486e-06 -2.08510648994164647e-09  2.86337333578684799e-09  4.00000000000000000e+00 -2.50000000000000000e+00  1.65000000000000013e+00 -1.00000000000000006e-01  1.60000000000000009e+00 -8.00000000000000044e-01  2.30000000000000027e+00
 1.79228000000005300e-06  9.91564797348167698e-06 -9.10492704146433486e-04  7.68763253924627742e-04 -1.24338653067104316e-04 -1.30451559899564382e-06  5.25963407708830346e-06 -2.08510645621536373e-09  2.86337319268453046e-09  4.00000000000000000e+00 -2.50000000000000000e+00  1.65000000000000013e+00 -1.00000000000000006e-01  1.60000000000000009e+00 -8.00000000000000044e-01  2.30000000000000027e+00
 1.79328000000005307e-06  9.91564797271407031e-06 -9.10492704150008426e-04  7.68763253931437074e-04 -1.24338653068466182e-04 -1.30451559877620130e-06  5.25963407676294624e-06 -2.08510645056318898e-09  2.86337322757520061e-09  4.00000000000000000e+00 -2.50000000000000000e+00  1.65000000000000013e+00 -1.00000000000000006e-01  1.60000000000000009e+00 -8.00000000000000044e-01  2.30000000000000027e+00
 1.79428000000005315e-06  9.91564797232112664e-06 -9.10492704153838695e-04  7.68763253924109602e-04 -1.24338653069724453e-04 -1.30451559819055870e-06  5.25963407731462643e-06 -2.08510644868969354e-09  2.86337337491670627e-09  4.00000000000000000e+00 -2.50000000000000000e+00  1.65000000000000013e+00 -1.00000000000000006e-01  1.60000000000000009e+00 -8.00000000000000044e-01  2.30000000000000027e+00
 1.79528000000005322e-06  9.91564797246651138e-06 -9.10492704136130638e-04  7.68763253905457855e-04 -1.24338653068703053e-04 -1.30451559788073713e-06  5.25963407609083746e-06 -2.08510653321248092e-09  2.86337342110670866e-09  4.00000000000000000e+00 -2.50000000000000000e+00  1.65000000000000013e+00 -1.00000000000000006e-01  1.60000000000000009e+00 -8.00000000000000044e-01  2.30000000000000027e+00
 1.79628000000005330e-06  9.91564797291628079e-06 -9.10492704119525431e-04  7.68763253912785327e-04 -1.24338653068081317e-04 -1.30451559806062787e-06  5.25963407511441938e-06 -2.08510660382207591e-09  2.86337348446251367e-09  4.00000000000000000e+00 -2.50000000000000000e+00  1.65000000000000013e+00 -1.00000000000000006e-01  1.60000000000000009e+00 -8.00000000000000044e-01  2.30000000000000027e+00
 1.79728000000005337e-06  9.91564797331733734e-06 -9.10492704104296836e-04  7.68763253888286370e-04 -1.24338653065624027e-04 -1.30451559799089207e-06  5.25963407544594384e-06 -2.08510651311951193e-09  2.86337335383815407e-09  4.00000000000000000e+00 -2.50000000000000000e+00  1.65000000000000013e+00 -1.00000000000000006e-01  1.60000000000000009e+00 -8.00000000000000044e-01  2.30000000000000027e+00
 1.79828000000005345e-06  9.91564797362288923e-06 -9.10492704120069484e-04  7.68763253902793320e-04 -1.24338653065150339e-04 -1.30451559872676168e-06  5.25963407743436131e-06 -2.08510628482125862e-09  2.86337318122155666e-09  4.00000000000000000e+00 -2.50000000000000000e+00  1.65000000000000013e+00 -1.00000000000000006e-01  1.60000000000000009e+00 -8.00000000000000044e-01  2.30000000000000027e+00
 1.79928000000005352e-06  9.91564797309615501e-06 -9.10492704126893561e-04  7.68763253911008970e-04 -1.24338653067296762e-04 -1.30451559946800911e-06  5.25963407771866284e-06 -2.08510640867929405e-09  2.86337312920158035e-09  4.00000000000000000e+00 -2.50000000000000000e+00  1.65000000000000013e+00 -1.00000000000000006e-01  1.60000000000000009e+00 -8.00000000000000044e-01  2.30000000000000027e+00
 1.80028000000005360e-06  9.91564797219661280e-06 -9.10492704146666698e-04  7.68763253914857780e-04 -1.24338653068821448e-04 -1.30451559870941445e-06  5.25963407741481687e-06 -2.08510649959851855e-09  2.86337321927818036e-09  4.00000000000000000e+00 -2.50000000000000000e+00  1.65000000000000013e+00 -1.00000000000000006e-01  1.60000000000000009e+00 -8.00000000000000044e-01  2.30000000000000027e+00
 1.80128000000005367e-06  9.91564797213485563e-06 -9.10492704156003630e-04  7.68763253923443468e-04 -1.24338653069916899e-04 -1.30451559787640032e-06  5.25963407694721233e-06 -2.08510649989720189e-09  2.86337346414850259e-09  4.00000000000000000e+00 -2.50000000000000000e+00  1.65000000000000013e+00 -1.00000000000000006e-01  1.60000000000000009e+00 -8.00000000000000044e-01  2.30000000000000027e+00
 1.80228000000005375e-06  9.91564797303723371e-06 -9.10492704121120401e-04  7.68763253922925328e-04 -1.24338653069250738e-04 -1.30451559770232086e-06  5.25963407476358088e-06 -2.08510655632137399e-09  2.86337353839120098e-09  4.00000000000000000e+00 -2.50000000000000000e+00  1.65000000000000013e+00 -1.00000000000000006e-01  1.60000000000000009e+00 -8.00000000000000044e-01  2.30000000000000027e+00
 1.80328000000005382e-06  9.91564797409534049e-06 -9.10492704093487015e-04  7.68763253920556888e-04 -1.24338653065979320e-04 -1.30451559791456424e-06  5.25963407474835376e-06 -2.08510653196728334e-09  2.86337338919165823e-09  4.00000000000000000e+00 -2.50000000000000000e+00  1.65000000000000013e+00 -1.00000000000000006e-01  1.60000000000000009e+00 -8.00000000000000044e-01  2.30000000000000027e+00
 1.80428000000005390e-06  9.91564797380000382e-06 -9.10492704100884743e-04  7.68763253898056332e-04 -1.24338653064099314e-04 -1.30451559830695860e-06  5.25963407693198522e-06 -2.08510650706540970e-09  2.86337324153271622e-09  4.00000000000000000e+00 -2.50000000000000000e+00  1.65000000000000013e+00 -1.00000000000000006e-01  1.60000000000000009e+00 -8.00000000000000044e-01  2.30000000000000027e+00
 1.80528000000005397e-06  9.91564797290594530e-06 -9.10492704123870155e-04  7.68763253903903543e-04 -1.24338653064084515e-04 -1.30451559870924102e-06  5.25963407797536379e-06 -2.08510639514029337e-09  2.86337316890287030e-09  4.00000000000000000e+00 -2.50000000000000000e+00  1.65000000000000013e+00 -1.00000000000000006e-01  1.60000000000000009e+00 -8.00000000000000044e-01  2.30000000000000027e+00
 1.80628000000005405e-06  9.91564797191270260e-06 -9.10492704123466723e-04  7.68763253916041945e-04 -1.24338653067829674e-04 -1.30451559924449003e-06  5.25963407763566631e-06 -2.08510629904755209e-09  2.86337331818977656e-09  4.00000000000000000e+00 -2.50000000000000000e+00  1.65000000000000013e+00 -1.00000000000000006e-01  1.60000000000000009e+00 -8.00000000000000044e-01  2.30000000000000027e+00
 1.80728000000005413e-06  9.91564797215670569e-06 -9.10492704120136054e-04  7.68763253913451461e-04 -1.24338653069842875e-04 -1.30451559867870993e-06  5.25963407572037743e-06 -2.08510654799532012e-09  2.86337346078036127e-09  4.00000000000000000e+00 -2.50000000000000000e+00  1.65000000000000013e+00 -1.00000000000000006e-01  1.60000000000000009e+00 -8.00000000000000044e-01  2.30000000000000027e+00
 1.80828000000005420e-06  9.91564797333158782e-06 -9.10492704132718545e-04  7.68763253897686294e-04 -1.24338653067992521e-04 -1.30451559794526876e-06  5.25963407554297316e-06 -2.08510659746727243e-09  2.86337330893602722e-09  4.00000000000000000e+00 -2.50000000000000000e+00  1.65000000000000013e+00 -1.00000000000000006e-01  1.60000000000000009e+00 -8.00000000000000044e-01  2.30000000000000027e+00
 1.80928000000005428e-06  9.91564797390665374e-06 -9.10492704121257336e-04  7.68763253899536702e-04 -1.24338653065579602e-04 -1.30451559781056765e-06  5.25963407693213938e-06 -2.08510645326980873e-09  2.86337318807916146e-09  4.00000000000000000e+00 -2.50000000000000000e+00  1.65000000000000013e+00 -1.00000000000000006e-01  1.60000000000000009e+00 -8.00000000000000044e-01  2.30000000000000027e+00
 1.81028000000005435e-06  9.91564797313999574e-06 -9.10492704134228514e-04  7.68763253909824696e-04 -1.24338653066038491e-04 -1.30451559811605241e-06  5.25963407719778331e-06 -2.08510643439720742e-09  2.86337326988784558e-09  4.00000000000000000e+00 -2.50000000000000000e+00  1.65000000000000013e+00 -1.00000000000000006e-01  1.60000000000000009e+00 -8.00000000000000044e-01  2.30000000000000027e+00
 1.81128000000005443e-06  9.91564797262472358e-06 -9.10492704119714191e-04  7.68763253924405698e-04 -1.24338653067341187e-04 -1.30451559858182566e-06  5.25963407683572755e-06 -2.08510644665225505e-09  2.86337335335851752e-09  4.00000000000000000e+00 -2.50000000000000000e+00  1.65000000000000013e+00 -1.00000000000000006e-01  1.60000000000000009e+00 -8.00000000000000044e-01  2.30000000000000027e+00
 1.81228000000005450e-06  9.91564797328315956e-06 -9.10492704116150310e-04  7.68763253933583469e-04 -1.24338653068777077e-04 -1.30451559917857054e-06  5.25963407669328710e-06 -2.08510645397148536e-09  2.86337340499893870e-09  4.00000000000000000e+00 -2.50000000000000000e+00  1.65000000000000013e+00 -1.00000000000000006e-01  1.60000000000000009e+00 -8.00000000000000044e-01  2.30000000000000027e+00
 1.81328000000005458e-06  9.91564797355578220e-06 -9.10492704135790198e-04  7.68763253917226219e-04 -1.24338653067918497e-04 -1.30451559808283241e-06  5.25963407624542012e-06 -2.08510650396046237e-09  2.86337330857064211e-09  4.00000000000000000e+00 -2.50000000000000000e+00  1.65000000000000013e+00 -1.00000000000000006e-01  1.60000000000000009e+00 -8.00000000000000044e-01  2.30000000000000027e+00
 1.81428000000005465e-06  9.91564797285205367e-06 -9.10492704119492146e-04  7.68763253908048339e-04 -1.24338653066601029e-04 -1.30451559766233540e-06  5.25963407573787883e-06 -2.08510648427244048e-09  2.86337340168665772e-09  4.00000000000000000e+00 -2.50000000000000000e+00  1.65000000000000013e+00 -1.00000000000000006e-01  1.60000000000000009e+00 -8.00000000000000044e-01  2.30000000000000027e+00
 1.81528000000005473e-06  9.91564797236908395e-06 -9.10492704124935925e-04  7.68763253902793320e-04 -1.24338653064869070e-04 -1.30451559866240349e-06  5.25963407632051468e-06 -2.08510650565453322e-09  2.86337329480734974e-09  4.00000000000000000e+00 -2.50000000000000000e+00  1.65000000000000013e+00 -1.00000000000000006e-01  1.60000000000000009e+00 -8.00000000000000044e-01  2.30000000000000027e+00
 1.81628000000005480e-06  9.91564797327907178e-06 -9.10492704119284847e-04  7.68763253916041945e-04 -1.24338653064661852e-04 -1.30451559824017175e-06  5.25963407835118215e-06 -2.08510640787894015e-09  2.86337321926905697e-09  4.00000000000000000e+00 -2.50000000000000000e+00  1.65000000000000013e+00 -1.00000000000000006e-01  1.60000000000000009e+00 -8.00000000000000044e-01  2.30000000000000027e+00
 1.81728000000005488e-06  9.91564797430277547e-06 -9.10492704121886498e-04  7.68763253934471647e-04 -1.24338653067666827e-04 -1.30451559923572959e-06  5.25963407794028392e-06 -2.08510635627122900e-09  2.86337326291028263e-09  4.00000000000000000e+00 -2.50000000000000000e+00  1.65000000000000013e+00 -1.00000000000000006e-01  1.60000000000000009e+00 -8.00000000000000044e-01  2.30000000000000027e+00
 1.81828000000005495e-06  9.91564797378975641e-06 -9.10492704139328059e-04  7.68763253920260793e-04 -1.24338653071219541e-04 -1.30451559897647526e-06  5.25963407580873229e-06 -2.08510653156894252e-09  2.86337344490565193e-09  4.00000000000000000e+00 -2.50000000000000000e+00  1.65000000000000013e+00 -1.00000000000000006e-01  1.60000000000000009e+00 -8.00000000000000044e-01  2.30000000000000027e+00
 1.81928000000005503e-06  9.91564797271347400e-06 -9.10492704144753406e-04  7.68763253921963207e-04 -1.24338653070671856e-04 -1.30451559822429920e-06  5.25963407539197514e-06 -2.08510660419216975e-09  2.86337333491714781e-09  4.00000000000000000e+00 -2.50000000000000000e+00  1.65000000000000013e+00 -1.00000000000000006e-01  1.60000000000000009e+00 -8.00000000000000044e-01  2.30000000000000027e+00
 1.82028000000005510e-06  9.91564797207245640e-06 -9.10492704123559205e-04  7.68763253899758746e-04 -1.24338653068436583e-04 -1.30451559781767997e-06  5.25963407610324988e-06 -2.08510652962976026e-09  2.86337330161469091e-09  4.00000000000000000e+00 -2.50000000000000000e+00  1.65000000000000013e+00 -1.00000000000000006e-01  1.60000000000000009e+00 -8.00000000000000044e-01  2.30000000000000027e+00
 1.82128000000005518e-06  9.91564797254129931e-06 -9.10492704122375040e-04  7.68763253892357223e-04 -1.24338653065165112e-04 -1.30451559773588772e-06  5.25963407639105982e-06 -2.08510649694884109e-09  2.86337325079203372e-09  4.00000000000000000e+00 -2.50000000000000000e+00  1.65000000000000013e+00 -1.00000000000000006e-01  1.60000000000000009e+00 -8.00000000000000044e-01  2.30000000000000027e+00
 1.82228000000005525e-06  9.91564797382319050e-06 -9.10492704119425468e-04  7.68763253919890754e-04 -1.24338653064765475e-04 -1.30451559812385867e-06  5.25963407733706263e-06 -2.08510640898669091e-09  2.86337329751028275e-09  4.00000000000000000e+00 -2.50000000000000000e+00  1.65000000000000013e+00 -1.00000000000000006e-01  1.60000000000000009e+00 -8.00000000000000044e-01  2.30000000000000027e+00
 1.82328000000005533e-06  9.91564797424859924e-06 -9.10492704105488482e-04  7.68763253931140978e-04 -1.24338653066497406e-04 -1.30451559894256133e-06  5.25963407631519446e-06 -2.08510636522730705e-09  2.86337346552284912e-09  4.00000000000000000e+00 -2.50000000000000000e+00  1.65000000000000013e+00 -1.00000000000000006e-01  1.60000000000000009e+00 -8.00000000000000044e-01  2.30000000000000027e+00
 1.82428000000005540e-06  9.91564797343338085e-06 -9.10492704116050455e-04  7.68763253905975995e-04 -1.24338653067992494e-04 -1.30451559912488072e-06  5.25963407584350384e-06 -2.08510652794783779e-09  2.86337337126824627e-09  4.00000000000000000e+00 -2.50000000000000000e+00  1.65000000000000013e+00 -1.00000000000000006e-01  1.60000000000000009e+00 -8.00000000000000044e-01  2.30000000000000027e+00
 1.82528000000005548e-06  9.91564797206162455e-06 -9.10492704113241612e-04  7.68763253905679900e-04 -1.24338653067489208e-04 -1.30451559775158705e-06  5.25963407595244498e-06 -2.08510656854598840e-09  2.86337319513464026e-09  4.00000000000000000e+00 -2.50000000000000000e+00  1.65000000000000013e+00 -1.00000000000000006e-01  1.60000000000000009e+00 -8.00000000000000044e-01  2.30000000000000027e+00
 1.82628000000005555e-06  9.91564797223965732e-06 -9.10492704127100860e-04  7.68763253899462651e-04 -1.24338653066882271e-04 -1.30451559876110929e-06  5.25963407774144548e-06 -2.08510644685057367e-09  2.86337314131975357e-09  4.00000000000000000e+00 -2.50000000000000000e+00  1.65000000000000013e+00 -1.00000000000000006e-01  1.60000000000000009e+00 -8.00000000000000044e-01  2.30000000000000027e+00
 1.82728000000005563e-06  9.91564797343733480e-06 -9.10492704143498876e-04  7.68763253925219825e-04 -1.24338653066793475e-04 -1.30451559784977236e-06  5.25963407720344996e-06 -2.08510642941043867e-09  2.86337334630781775e-09  4.00000000000000000e+00 -2.50000000000000000e+00  1.65000000000000013e+00 -1.00000000000000006e-01  1.60000000000000009e+00 -8.00000000000000044e-01  2.30000000000000027e+00
 1.82828000000005570e-06  9.91564797436743458e-06 -9.10492704127500497e-04  7.68763253926108003e-04 -1.24338653067711252e-04 -1.30451559828145825e-06  5.25963407656499464e-06 -2.08510647254293378e-09  2.86337354218104311e-09  4.00000000000000000e+00 -2.50000000000000000e+00  1.65000000000000013e+00 -1.00000000000000006e-01  1.60000000000000009e+00 -8.00000000000000044e-01  2.30000000000000027e+00
 1.82928000000005578e-06  9.91564797364533221e-06 -9.10492704111772410e-04  7.68763253901609046e-04 -1.24338653066808274e-04 -1.30451559841884827e-06  5.25963407412894229e-06 -2.08510657321273545e-09  2.86337345410925345e-09  4.00000000000000000e+00 -2.50000000000000000e+00  1.65000000000000013e+00 -1.00000000000000006e-01  1.60000000000000009e+00 -8.00000000000000044e-01  2.30000000000000027e+00
 1.83028000000005585e-06  9.91564797266519312e-06 -9.10492704115180708e-04  7.68763253903015364e-04 -1.24338653065342785e-04 -1.30451559840843993e-06  5.25963407567970799e-06 -2.08510655898839909e-09  2.86337324482458528e-09  4.00000000000000000e+00 -2.50000000000000000e+00  1.65000000000000013e+00 -1.00000000000000006e-01  1.60000000000000009e+00 -8.00000000000000044e-01  2.30000000000000027e+00
 1.83128000000005593e-06  9.91564797258087607e-06 -9.10492704114992057e-04  7.68763253888804510e-04 -1.24338653063951293e-04 -1.30451559771359657e-06  5.25963407733837299e-06 -2.08510635290146889e-09  2.86337314470548571e-09  4.00000000000000000e+00 -2.50000000000000000e+00  1.65000000000000013e+00 -1.00000000000000006e-01  1.60000000000000009e+00 -8.00000000000000044e-01  2.30000000000000027e+00
 1.83228000000005600e-06  9.91564797337791883e-06 -9.10492704127841045e-04  7.68763253917522315e-04 -1.24338653065801674e-04 -1.30451559928187320e-06  5.25963407802166177e-06 -2.08510634280204566e-09  2.86337323654866351e-09  4.00000000000000000e+00 -2.50000000000000000e+00  1.65000000000000013e+00 -1.00000000000000006e-01  1.60000000000000009e+00 -8.00000000000000044e-01  2.30000000000000027e+00
 1.83328000000005608e-06  9.91564797385694815e-06 -9.10492704139298460e-04  7.68763253935063839e-04 -1.24338653068777050e-04 -1.30451559892955090e-06  5.25963407741620431e-06 -2.08510642216472652e-09  2.86337329692184797e-09  4.00000000000000000e+00 -2.50000000000000000e+00  1.65000000000000013e+00 -1.00000000000000006e-01  1.60000000000000009e+00 -8.00000000000000044e-01  2.30000000000000027e+00
 1.83428000000005615e-06  9.91564797379238391e-06 -9.10492704145811804e-04  7.68763253918410493e-04 -1.24338653069887300e-04 -1.30451559861565277e-06  5.25963407663577187e-06 -2.08510655432561051e-09  2.86337335742016417e-09  4.00000000000000000e+00 -2.50000000000000000e+00  1.65000000000000013e+00 -1.00000000000000006e-01  1.60000000000000009e+00 -8.00000000000000044e-01  2.30000000000000027e+00
 1.83528000000005623e-06  9.91564797270779718e-06 -9.10492704141615183e-04  7.68763253919890754e-04 -1.24338653069754052e-04 -1.30451559825812631e-06  5.25963407657309058e-06 -2.08510647591434535e-09  2.86337335274962160e-09  4.00000000000000000e+00 -2.50000000000000000e+00  1.65000000000000013e+00 -1.00000000000000006e-01  1.60000000000000009e+00 -8.00000000000000044e-01  2.30000000000000027e+00
 1.83628000000005630e-06  9.91564797206155509e-06 -9.10492704127652285e-04  7.68763253907456257e-04 -1.24338653069739252e-04 -1.30451559823288600e-06  5.25963407601786303e-06 -2.08510649356579398e-09  2.86337342033001957e-09  4.00000000000000000e+00 -2.50000000000000000e+00  1.65000000000000013e+00 -1.00000000000000006e-01  1.60000000000000009e+00 -8.00000000000000044e-01  2.30000000000000027e+00
 1.83728000000005638e-06  9.91564797254829919e-06 -9.10492704120154594e-04  7.68763253910120792e-04 -1.24338653068392185e-04 -1.30451559746613822e-06  5.25963407544833417e-06 -2.08510659165020708e-09  2.86337343459037055e-09  4.00000000000000000e+00 -2.50000000000000000e+00  1.65000000000000013e+00 -1.00000000000000006e-01  1.60000000000000009e+00 -8.00000000000000044e-01  2.30000000000000027e+00
 1.83828000000005645e-06  9.91564797369172760e-06 -9.10492704113722673e-04  7.68763253903015364e-04 -1.24338653066097715e-04 -1.30451559855407009e-06  5.25963407560866141e-06 -2.08510652926043446e-09  2.86337320569832647e-09  4.00000000000000000e+00 -2.50000000000000000e+00  1.65000000000000013e+00 -1.00000000000000006e-01  1.60000000000000009e+00 -8.00000000000000044e-01  2.30000000000000027e+00
 1.83928000000005653e-06  9.91564797385783584e-06 -9.10492704113541286e-04  7.68763253901609046e-04 -1.24338653064869070e-04 -1.30451559850974782e-06  5.25963407758142740e-06 -2.08510632881999422e-09  2.86337319152275777e-09  4.00000000000000000e+00 -2.50000000000000000e+00  1.65000000000000013e+00 -1.00000000000000006e-01  1.60000000000000009e+00 -8.00000000000000044e-01  2.30000000000000027e+00
 1.84028000000005660e-06  9.91564797318579143e-06 -9.10492704133765885e-04  7.68763253906642129e-04 -1.24338653065742449e-04 -1.30451559840982779e-06  5.25963407721370414e-06 -2.08510633458858183e-09  2.86337332008482542e-09  4.00000000000000000e+00 -2.50000000000000000e+00  1.65000000000000013e+00 -1.00000000000000006e-01  1.60000000000000009e+00 -8.00000000000000044e-01  2.30000000000000027e+00
 1.84128000000005668e-06  9.91564797243669582e-06 -9.10492704133170115e-04  7.68763253919668710e-04 -1.24338653068258937e-04 -1.30451559902131782e-06  5.25963407698514501e-06 -2.08510646394472632e-09  2.86337339878000337e-09  4.00000000000000000e+00 -2.50000000000000000e+00  1.65000000000000013e+00 -1.00000000000000006e-01  1.60000000000000009e+00 -8.00000000000000044e-01  2.30000000000000027e+00
 1.84228000000005675e-06  9.91564797279372868e-06 -9.10492704133484643e-04  7.68763253913673505e-04 -1.24338653069635630e-04 -1.30451559817225749e-06  5.25963407616300128e-06 -2.08510658636542790e-09  2.86337340581557442e-09  4.00000000000000000e+00 -2.50000000000000000e+00  1.65000000000000013e+00 -1.00000000000000006e-01  1.60000000000000009e+00 -8.00000000000000044e-01  2.30000000000000027e+00
 1.84328000000005683e-06  9.91564797360593840e-06 -9.10492704128610720e-04  7.68763253902127186e-04 -1.24338653067711252e-04 -1.30451559772903565e-06  5.25963407656264328e-06 -2.08510655779018702e-09  2.86337332883263470e-09  4.00000000000000000e+00 -2.50000000000000000e+00  1.65000000000000013e+00 -1.00000000000000006e-01  1.60000000000000009e+00 -8.00000000000000044e-01  2.30000000000000027e+00
 1.84428000000005690e-06  9.91564797392646075e-06 -9.10492704108963459e-04  7.68763253898574472e-04 -1.24338653065431582e-04 -1.30451559819133945e-06  5.25963407562604676e-06 -2.08510647652297699e-09  2.86337330408771444e-09  4.00000000000000000e+00 -2.50000000000000000e+00  1.65000000000000013e+00 -1.00000000000000006e-01  1.60000000000000009e+00 -8.00000000000000044e-01  2.30000000000000027e+00
 1.84528000000005698e-06  9.91564797366934729e-06 -9.10492704116142937e-04  7.68763253892061128e-04 -1.24338653064898669e-04 -1.30451559821415090e-06  5.25963407617799715e-06 -2.08510635225565838e-09  2.86337338418725523e-09  4.00000000000000000e+00 -2.50000000000000000e+00  1.65000000000000013e+00 -1.00000000000000006e-01  1.60000000000000009e+00 -8.00000000000000044e-01  2.30000000000000027e+00
 1.84628000000005706e-06  9.91564797311770353e-06 -9.10492704111091422e-04  7.68763253905161759e-04 -1.24338653066364158e-04 -1.30451559916460593e-06  5.25963407654244324e-06 -2.08510646303768224e-09  2.86337334454586721e-09  4.00000000000000000e+00 -2.50000000000000000e+00  1.65000000000000013e+00 -1.00000000000000006e-01  1.60000000000000009e+00 -8.00000000000000044e-01  2.30000000000000027e+00
 1.84728000000005713e-06  9.91564797245590822e-06 -9.10492704112556939e-04  7.68763253899462651e-04 -1.24338653067059918e-04 -1.30451559845163458e-06  5.25963407681275178e-06 -2.08510652562759618e-09  2.86337318861060639e-09  4.00000000000000000e+00 -2.50000000000000000e+00  1.65000000000000013e+00 -1.00000000000000006e-01  1.60000000000000009e+00 -8.00000000000000044e-01  2.30000000000000027e+00
 1.84828000000005721e-06  9.91564797236041034e-06 -9.10492704126216368e-04  7.68763253934989788e-04 -1.24338653066882271e-04 -1.30451559799436152e-06  5.25963407668827605e-06 -2.08510654571814566e-09  2.86337313564544553e-09  4.00000000000000000e+00 -2.50000000000000000e+00  1.65000000000000013e+00 -1.00000000000000006e-01  1.60000000000000009e+00 -8.00000000000000044e-01  2.30000000000000027e+00
 1.84928000000005728e-06  9.91564797281412184e-06 -9.10492704145423226e-04  7.68763253924701685e-04 -1.24338653068347760e-04 -1.30451559913181962e-06  5.25963407794329089e-06 -2.08510641099806742e-09  2.86337328074113143e-09  4.00000000000000000e+00 -2.50000000000000000e+00  1.65000000000000013e+00 -1.00000000000000006e-01  1.60000000000000009e+00 -8.00000000000000044e-01  2.30000000000000027e+00
 1.85028000000005736e-06  9.91564797355592619e-06 -9.10492704143261978e-04  7.68763253938320457e-04 -1.24338653069013894e-04 -1.30451559853316659e-06  5.25963407684960534e-06 -2.08510647302151277e-09  2.86337336328781989e-09  4.00000000000000000e+00 -2.50000000000000000e+00  1.65000000000000013e+00 -1.00000000000000006e-01  1.60000000000000009e+00 -8.00000000000000044e-01  2.30000000000000027e+00
 1.85128000000005743e-06  9.91564797427296669e-06 -9.10492704124562092e-04  7.68763253901609046e-04 -1.24338653068451383e-04 -1.30451559787570639e-06  5.25963407573120929e-06 -2.08510649971921413e-09  2.86337351156044431e-09  4.00000000000000000e+00 -2.50000000000000000e+00  1.65000000000000013e+00 -1.00000000000000006e-01  1.60000000000000009e+00 -8.00000000000000044e-01  2.30000000000000027e+00
 1.85228000000005751e-06  9.91564797373640350e-06 -9.10492704121923470e-04  7.68763253893541497e-04 -1.24338653065327959e-04 -1.30451559780527666e-06  5.25963407466504892e-06 -2.08510657241152459e-09  2.86337339851972189e-09  4.00000000000000000e+00 -2.50000000000000000e+00  1.65000000000000013e+00 -1.00000000000000006e-01  1.60000000000000009e+00 -8.00000000000000044e-01  2.30000000000000027e+00
 1.85328000000005758e-06  9.91564797318017729e-06 -9.10492704123433438e-04  7.68763253894503618e-04 -1.24338653063373983e-04 -1.30451559820114047e-06  5.25963407632795417e-06 -2.08510643345468268e-09  2.86337320849887836e-09  4.00000000000000000e+00 -2.50000000000000000e+00  1.65000000000000013e+00 -1.00000000000000006e-01  1.60000000000000009e+00 -8.00000000000000044e-01  2.30000000000000027e+00
 1.85428000000005766e-06  9.91564797326921232e-06 -9.10492704120739304e-04  7.68763253887916331e-04 -1.24338653064291760e-04 -1.30451559878921173e-06  5.25963407803376587e-06 -2.08510632908160539e-09  2.86337324895973767e-09  4.00000000000000000e+00 -2.50000000000000000e+00  1.65000000000000013e+00 -1.00000000000000006e-01  1.60000000000000009e+00 -8.00000000000000044e-01  2.30000000000000027e+00
 1.85528000000005773e-06  9.91564797328452498e-06 -9.10492704126860276e-04  7.68763253931437074e-04 -1.24338653068332961e-04 -1.30451559948891261e-06  5.25963407749858419e-06 -2.08510642951759247e-09  2.86337322143537641e-09  4.00000000000000000e+00 -2.50000000000000000e+00  1.65000000000000013e+00 -1.00000000000000006e-01  1.60000000000000009e+00 -8.00000000000000044e-01  2.30000000000000027e+00
 1.85628000000005781e-06  9.91564797297607793e-06 -9.10492704139916563e-04  7.68763253924405698e-04 -1.24338653070449811e-04 -1.30451559860940781e-06  5.25963407652536621e-06 -2.08510658565865584e-09  2.86337329782375029e-09  4.00000000000000000e+00 -2.50000000000000000e+00  1.65000000000000013e+00 -1.00000000000000006e-01  1.60000000000000009e+00 -8.00000000000000044e-01  2.30000000000000027e+00
 1.85728000000005788e-06  9.91564797255266818e-06 -9.10492704159489774e-04  7.68763253935359826e-04 -1.24338653070257365e-04 -1.30451559833384682e-06  5.25963407762028504e-06 -2.08510644214453761e-09  2.86337326904061328e-09  4.00000000000000000e+00 -2.50000000000000000e+00  1.65000000000000013e+00 -1.00000000000000006e-01  1.60000000000000009e+00 -8.00000000000000044e-01  2.30000000000000027e+00
 1.85828000000005796e-06  9.91564797261317344e-06 -9.10492704147373489e-04  7.68763253912785327e-04 -1.24338653068777077e-04 -1.30451559737454473e-06  5.25963407566787325e-06 -2.08510647646768079e-09  2.86337349302641258e-09  4.00000000000000000e+00 -2.50000000000000000e+00  1.65000000000000013e+00 -1.00000000000000006e-01  1.60000000000000009e+00 -8.00000000000000044e-01  2.30000000000000027e+00
 1.85928000000005803e-06  9.91564797322953221e-06 -9.10492704124569573e-04  7.68763253901609046e-04 -1.24338653067888872e-04 -1.30451559817069620e-06  5.25963407489522758e-06 -2.08510660822008604e-09  2.86337364092097410e-09  4.00000000000000000e+00 -2.50000000000000000e+00  1.65000000000000013e+00 -1.00000000000000006e-01  1.60000000000000009e+00 -8.00000000000000044e-01  2.30000000000000027e+00
 1.86028000000005811e-06  9.91564797376200931e-06 -9.10492704091614381e-04  7.68763253890950905e-04 -1.24338653065179938e-04 -1.30451559766649878e-06  5.25963407465857251e-06 -2.08510661180418725e-09  2.86337338650701212e-09  4.00000000000000000e+00 -2.50000000000000000e+00  1.65000000000000013e+00 -1.00000000000000006e-01  1.60000000000000009e+00 -8.00000000000000044e-01  2.30000000000000027e+00
 1.86128000000005818e-06  9.91564797419311520e-06 -9.10492704099737549e-04  7.68763253903903543e-04 -1.24338653063684823e-04 -1.30451559807415880e-06  5.25963407741605015e-06 -2.08510631052401390e-09  2.86337319857836852e-09  4.00000000000000000e+00 -2.50000000000000000e+00  1.65000000000000013e+00 -1.00000000000000006e-01  1.60000000000000009e+00 -8.00000000000000044e-01  2.30000000000000027e+00
 1.86228000000005826e-06  9.91564797312641781e-06 -9.10492704118537289e-04  7.68763253906271983e-04 -1.24338653065357585e-04 -1.30451559933035884e-06  5.25963407789317619e-06 -2.08510630587120650e-09  2.86337301696109106e-09  4.00000000000000000e+00 -2.50000000000000000e+00  1.65000000000000013e+00 -1.00000000000000006e-01  1.60000000000000009e+00 -8.00000000000000044e-01  2.30000000000000027e+00
 1.86328000000005833e-06  9.91564797214810322e-06 -9.10492704115595198e-04  7.68763253916634136e-04 -1.24338653068599431e-04 -1.30451559930182252e-06  5.25963407722253192e-06 -2.08510643003047713e-09  2.86337324532294546e-09  4.00000000000000000e+00 -2.50000000000000000e+00  1.65000000000000013e+00 -1.00000000000000006e-01  1.60000000000000009e+00 -8.00000000000000044e-01  2.30000000000000027e+00
 1.86428000000005841e-06  9.91564797185948183e-06 -9.10492704137300058e-04  7.68763253938246406e-04 -1.24338653070390587e-04 -1.30451559879502322e-06  5.25963407734955213e-06 -2.08510656213773459e-09  2.86337335960398261e-09  4.00000000000000000e+00 -2.50000000000000000e+00  1.65000000000000013e+00 -1.00000000000000006e-01  1.60000000000000009e+00 -8.00000000000000044e-01  2.30000000000000027e+00
 1.86528000000005848e-06  9.91564797242364643e-06 -9.10492704127056408e-04  7.68763253917004175e-04 -1.24338653069798477e-04 -1.30451559748175073e-06  5.25963407540600709e-06 -2.08510652384498887e-09  2.86337347668007835e-09  4.00000000000000000e+00 -2.50000000000000000e+00  1.65000000000000013e+00 -1.00000000000000006e-01  1.60000000000000009e+00 -8.00000000000000044e-01  2.30000000000000027e+00
 1.86628000000005856e-06  9.91564797327668823e-06 -9.10492704107927287e-04  7.68763253891247000e-04 -1.24338653066867472e-04 -1.30451559741591806e-06  5.25963407465051553e-06 -2.08510653223556862e-09  2.86337346201147445e-09  4.00000000000000000e+00 -2.50000000000000000e+00  1.65000000000000013e+00 -1.00000000000000006e-01  1.60000000000000009e+00 -8.00000000000000044e-01  2.30000000000000027e+00
 1.86728000000005863e-06  9.91564797313391913e-06 -9.10492704110469741e-04  7.68763253901609046e-04 -1.24338653064010518e-04 -1.30451559824520249e-06  5.25963407639850015e-06 -2.08510645260219373e-09  2.86337325971815749e-09  4.00000000000000000e+00 -2.50000000000000000e+00  1.65000000000000013e+00 -1.00000000000000006e-01  1.60000000000000009e+00 -8.00000000000000044e-01  2.30000000000000027e+00
 1.86828000000005871e-06  9.91564797390667406e-06 -9.10492704120387697e-04  7.68763253912563282e-04 -1.24338653063803272e-04 -1.30451559859119321e-06  5.25963407786002416e-06 -2.08510635157668992e-09  2.86337319180831376e-09  4.00000000000000000e+00 -2.50000000000000000e+00  1.65000000000000013e+00 -1.00000000000000006e-01  1.60000000000000009e+00 -8.00000000000000044e-01  2.30000000000000027e+00
 1.86928000000005878e-06  9.91564797389551356e-06 -9.10492704134246945e-04  7.68763253921075028e-04 -1.24338653066304961e-04 -1.30451559956289840e-06  5.25963407770991214e-06 -2.08510641513953204e-09  2.86337325274195361e-09  4.00000000000000000e+00 -2.50000000000000000e+00  1.65000000000000013e+00 -1.00000000000000006e-01  1.60000000000000009e+00 -8.00000000000000044e-01  2.30000000000000027e+00
 1.87028000000005886e-06  9.91564797272524098e-06 -9.10492704146403887e-04  7.68763253934989788e-04 -1.24338653069487609e-04 -1.30451559850280893e-06  5.25963407663669683e-06 -2.08510649640805067e-09  2.86337332998912584e-09  4.00000000000000000e+00 -2.50000000000000000e+00  1.65000000000000013e+00 -1.00000000000000006e-01  1.60000000000000009e+00 -8.00000000000000044e-01  2.30000000000000027e+00
 1.87128000000005893e-06  9.91564797201816329e-06 -9.10492704141034159e-04  7.68763253928180456e-04 -1.24338653070612604e-04 -1.30451559870733287e-06  5.25963407650670861e-06 -2.08510652061878596e-09  2.86337334247867297e-09  4.00000000000000000e+00 -2.50000000000000000e+00  1.65000000000000013e+00 -1.00000000000000006e-01  1.60000000000000009e+00 -8.00000000000000044e-01  2.30000000000000027e+00
 1.87228000000005901e-06  9.91564797251815837e-06 -9.10492704136622866e-04  7.68763253926478042e-04 -1.24338653069620830e-04 -1.30451559774022453e-06  5.25963407552585717e-06 -2.08510658421655370e-09  2.86337342648837054e-09  4.00000000000000000e+00 -2.50000000000000000e+00  1.65000000000000013e+00 -1.00000000000000006e-01  1.60000000000000009e+00 -8.00000000000000044e-01  2.30000000000000027e+00
 1.87328000000005908e-06  9.91564797353078117e-06 -9.10492704123858987e-04  7.68763253905161759e-04 -1.24338653066808247e-04 -1.30451559782262389e-06  5.25963407587904703e-06 -2.08510653655099138e-09  2.86337328782694667e-09  4.00000000000000000e+00 -2.50000000000000000e+00  1.65000000000000013e+00 -1.00000000000000006e-01  1.60000000000000009e+00 -8.00000000000000044e-01  2.30000000000000027e+00
 1.87428000000005916e-06  9.91564797420745716e-06 -9.10492704123858987e-04  7.68763253905679900e-04 -1.24338653065372384e-04 -1.30451559839785816e-06  5.25963407665824619e-06 -2.08510652372993756e-09  2.86337318157497909e-09  4.00000000000000000e+00 -2.50000000000000000e+00  1.65000000000000013e+00 -1.00000000000000006e-01  1.60000000000000009e+00 -8.00000000000000044e-01  2.30000000000000027e+00
 1.87528000000005923e-06  9.91564797343288110e-06 -9.10492704129317620e-04  7.68763253902423282e-04 -1.24338653065683252e-04 -1.30451559790589062e-06  5.25963407653037725e-06 -2.08510639002988758e-09  2.86337341310921838e-09  4.00000000000000000e+00 -2.50000000000000000e+00  1.65000000000000013e+00 -1.00000000000000006e-01  1.60000000000000009e+00 -8.00000000000000044e-01  2.30000000000000027e+00
 1.87628000000005931e-06  9.91564797290838306e-06 -9.10492704118267215e-04  7.68763253912267187e-04 -1.24338653067237537e-04 -1.30451559890699950e-06  5.25963407686248109e-06 -2.08510639294640772e-09  2.86337348850425711e-09  4.00000000000000000e+00 -2.50000000000000000e+00  1.65000000000000013e+00 -1.00000000000000006e-01  1.60000000000000009e+00 -8.00000000000000044e-01  2.30000000000000027e+00
 1.87728000000005938e-06  9.91564797329961233e-06 -9.10492704097901995e-04  7.68763253909898747e-04 -1.24338653067163540e-04 -1.30451559833974492e-06  5.25963407510219924e-06 -2.08510655721923553e-09  2.86337338109761694e-09  4.00000000000000000e+00 -2.50000000000000000e+00  1.65000000000000013e+00 -1.00000000000000006e-01  1.60000000000000009e+00 -8.00000000000000044e-01  2.30000000000000027e+00
 1.87828000000005946e-06  9.91564797326255633e-06 -9.10492704096665896e-04  7.68763253916708079e-04 -1.24338653065668425e-04 -1.30451559805169421e-06  5.25963407654741617e-06 -2.08510643435664414e-09  2.86337315320977632e-09  4.00000000000000000e+00 -2.50000000000000000e+00  1.65000000000000013e+00 -1.00000000000000006e-01  1.60000000000000009e+00 -8.00000000000000044e-01  2.30000000000000027e+00
 1.87928000000005953e-06  9.91564797232097926e-06 -9.10492704121953068e-04  7.68763253902793320e-04 -1.24338653066068117e-04 -1.30451559876570635e-06  5.25963407709905823e-06 -2.08510638782697905e-09  2.86337319705386886e-09  4.00000000000000000e+00 -2.50000000000000000e+00  1.65000000000000013e+00 -1.00000000000000006e-01  1.60000000000000009e+00 -8.00000000000000044e-01  2.30000000000000027e+00
 1.88028000000005961e-06  9.91564797231831619e-06 -9.10492704127352503e-04  7.68763253916041945e-04 -1.24338653066985894e-04 -1.30451559890431080e-06  5.25963407740895710e-06 -2.08510646618164107e-09  2.86337327627495748e-09  4.00000000000000000e+00 -2.50000000000000000e+00  1.65000000000000013e+00 -1.00000000000000006e-01  1.60000000000000009e+00 -8.00000000000000044e-01  2.30000000000000027e+00
 1.88128000000005968e-06  9.91564797295498173e-06 -9.10492704123385299e-04  7.68763253906568078e-04 -1.24338653067962895e-04 -1.30451559824676378e-06  5.25963407731223695e-06 -2.08510646649342075e-09  2.86337341166442708e-09  4.00000000000000000e+00 -2.50000000000000000e+00  1.65000000000000013e+00 -1.00000000000000006e-01  1.60000000000000009e+00 -8.00000000000000044e-01  2.30000000000000027e+00
 1.88228000000005976e-06  9.91564797381984980e-06 -9.10492704126919473e-04  7.68763253911971200e-04 -1.24338653068377359e-04 -1.30451559843506810e-06  5.25963407659209546e-06 -2.08510650644915808e-09  2.86337331367570265e-09  4.00000000000000000e+00 -2.50000000000000000e+00  1.65000000000000013e+00 -1.00000000000000006e-01  1.60000000000000009e+00 -8.00000000000000044e-01  2.30000000000000027e+00
 1.88328000000005983e-06  9.91564797360004306e-06 -9.10492704134113805e-04  7.68763253916634136e-04 -1.24338653068258964e-04 -1.30451559834217357e-06  5.25963407526904101e-06 -2.08510656476735209e-09  2.86337334386757291e-09  4.00000000000000000e+00 -2.50000000000000000e+00  1.65000000000000013e+00 -1.00000000000000006e-01  1.60000000000000009e+00 -8.00000000000000044e-01  2.30000000000000027e+00
 1.88428000000005991e-06  9.91564797325851768e-06 -9.10492704133436504e-04  7.68763253895983988e-04 -1.24338653067459582e-04 -1.30451559805082685e-06  5.25963407639699667e-06 -2.08510647762349447e-09  2.86337339848717895e-09  4.00000000000000000e+00 -2.50000000000000000e+00  1.65000000000000013e+00 -1.00000000000000006e-01  1.60000000000000009e+00 -8.00000000000000044e-01  2.30000000000000027e+00
 1.88528000000005999e-06  9.91564797331171304e-06 -9.10492704130235397e-04  7.68763253902423282e-04 -1.24338653066127314e-04 -1.30451559844729777e-06  5.25963407635975771e-06 -2.08510648502047024e-09  2.86337331173808914e-09  4.00000000000000000e+00 -2.50000000000000000e+00  1.65000000000000013e+00 -1.00000000000000006e-01  1.60000000000000009e+00 -8.00000000000000044e-01  2.30000000000000027e+00
 1.88628000000006006e-06  9.91564797357007503e-06 -9.10492704130035579e-04  7.68763253891765141e-04 -1.24338653065446381e-04 -1.30451559843081790e-06  5.25963407708359988e-06 -2.08510645867839906e-09  2.86337317649674195e-09  4.00000000000000000e+00 -2.50000000000000000e+00  1.65000000000000013e+00 -1.00000000000000006e-01  1.60000000000000009e+00 -8.00000000000000044e-01  2.30000000000000027e+00
 1.88728000000006014e-06  9.91564797388632495e-06 -9.10492704123770191e-04  7.68763253919890754e-04 -1.24338653067222765e-04 -1.30451559789235969e-06  5.25963407735591335e-06 -2.08510642316217151e-09  2.86337333123095761e-09  4.00000000000000000e+00 -2.50000000000000000e+00  1.65000000000000013e+00 -1.00000000000000006e-01  1.60000000000000009e+00 -8.00000000000000044e-01  2.30000000000000027e+00
 1.88828000000006021e-06  9.91564797344358421e-06 -9.10492704117142138e-04  7.68763253909232613e-04 -1.24338653068362559e-04 -1.30451559848988532e-06  5.25963407568352388e-06 -2.08510646967042378e-09  2.86337348585955597e-09  4.00000000000000000e+00 -2.50000000000000000e+00  1.65000000000000013e+00 -1.00000000000000006e-01  1.60000000000000009e+00 -8.00000000000000044e-01  2.30000000000000027e+00
 1.88928000000006029e-06  9.91564797252165153e-06 -9.10492704131974783e-04  7.68763253910120792e-04 -1.24338653067563231e-04 -1.30451559898324072e-06  5.25963407642575429e-06 -2.08510649957550597e-09  2.86337324319018557e-09  4.00000000000000000e+00 -2.50000000000000000e+00  1.65000000000000013e+00 -1.00000000000000006e-01  1.60000000000000009e+00 -8.00000000000000044e-01  2.30000000000000027e+00
 1.89028000000006036e-06  9.91564797192762055e-06 -9.10492704141404197e-04  7.68763253906568078e-04 -1.24338653068066518e-04 -1.30451559902400672e-06  5.25963407733074038e-06 -2.08510648616490026e-09  2.86337310897626908e-09  4.00000000000000000e+00 -2.50000000000000000e+00  1.65000000000000013e+00 -1.00000000000000006e-01  1.60000000000000009e+00 -8.00000000000000044e-01  2.30000000000000027e+00
 1.89128000000006044e-06  9.91564797265648732e-06 -9.10492704136604326e-04  7.68763253913451461e-04 -1.24338653068865873e-04 -1.30451559807068935e-06  5.25963407702381037e-06 -2.08510638304490979e-09  2.86337346640174258e-09  4.00000000000000000e+00 -2.50000000000000000e+00  1.65000000000000013e+00 -1.00000000000000006e-01  1.60000000000000009e+00 -8.00000000000000044e-01  2.30000000000000027e+00
 1.89228000000006051e-06  9.91564797328143331e-06 -9.10492704131934017e-04  7.68763253898056332e-04 -1.24338653067903698e-04 -1.30451559790675798e-06  5.25963407596239084e-06 -2.08510651853094197e-09  2.86337345874520994e-09  4.00000000000000000e+00 -2.50000000000000000e+00  1.65000000000000013e+00 -1.00000000000000006e-01  1.60000000000000009e+00 -8.00000000000000044e-01  2.30000000000000027e+00
 1.89328000000006059e-06  9.91564797349812975e-06 -9.10492704131271569e-04  7.68763253898574472e-04 -1.24338653066660227e-04 -1.30451559795793232e-06  5.25963407636234032e-06 -2.08510653732827480e-09  2.86337334860827776e-09  4.00000000000000000e+00 -2.50000000000000000e+00  1.65000000000000013e+00 -1.00000000000000006e-01  1.60000000000000009e+00 -8.00000000000000044e-01  2.30000000000000027e+00
 1.89428000000006066e-06  9.91564797336729704e-06 -9.10492704129772768e-04  7.68763253934101609e-04 -1.24338653066112515e-04 -1.30451559814710400e-06  5.25963407667200794e-06 -2.08510647107117433e-09  2.86337321704865399e-09  4.00000000000000000e+00 -2.50000000000000000e+00  1.65000000000000013e+00 -1.00000000000000006e-01  1.60000000000000009e+00 -8.00000000000000044e-01  2.30000000000000027e+00
 1.89528000000006074e-06  9.91564797350160427e-06 -9.10492704128825392e-04  7.68763253920556888e-04 -1.24338653067237537e-04 -1.30451559916729484e-06  5.25963407696964769e-06 -2.08510647818426709e-09  2.86337332646078569e-09  4.00000000000000000e+00 -2.50000000000000000e+00  1.65000000000000013e+00 -1.00000000000000006e-01  1.60000000000000009e+00 -8.00000000000000044e-01  2.30000000000000027e+00
 1.89628000000006081e-06  9.91564797326033372e-06 -9.10492704109178131e-04  7.68763253907456257e-04 -1.24338653068096117e-04 -1.30451559786625223e-06  5.25963407548958213e-06 -2.08510650427356015e-09  2.86337341160984640e-09  4.00000000000000000e+00 -2.50000000000000000e+00  1.65000000000000013e+00 -1.00000000000000006e-01  1.60000000000000009e+00 -8.00000000000000044e-01  2.30000000000000027e+00
 1.89728000000006089e-06  9.91564797327467568e-06 -9.10492704111232043e-04  7.68763253909898747e-04 -1.24338653067104316e-04 -1.30451559823115127e-06  5.25963407578941909e-06 -2.08510647557604585e-09  2.86337330077268433e-09  4.00000000000000000e+00 -2.50000000000000000e+00  1.65000000000000013e+00 -1.00000000000000006e-01  1.60000000000000009e+00 -8.00000000000000044e-01  2.30000000000000027e+00
 1.89828000000006096e-06  9.91564797290915894e-06 -9.10492704108093820e-04  7.68763253895687892e-04 -1.24338653065742449e-04 -1.30451559820886012e-06  5.25963407621292286e-06 -2.08510648588759210e-09  2.86337321280173501e-09  4.00000000000000000e+00 -2.50000000000000000e+00  1.65000000000000013e+00 -1.00000000000000006e-01  1.60000000000000009e+00 -8.00000000000000044e-01  2.30000000000000027e+00
 1.89928000000006104e-06  9.91564797294370094e-06 -9.10492704118633566e-04  7.68763253903015364e-04 -1.24338653064617427e-04 -1.30451559839707761e-06  5.25963407725792096e-06 -2.08510643253082409e-09  2.86337324114455675e-09  4.00000000000000000e+00 -2.50000000000000000e+00  1.65000000000000013e+00 -1.00000000000000006e-01  1.60000000000000009e+00 -8.00000000000000044e-01  2.30000000000000027e+00
 1.90028000000006111e-06  9.91564797359861157e-06 -9.10492704129406416e-04  7.68763253918706480e-04 -1.24338653065653626e-04 -1.30451559900587873e-06  5.25963407741774676e-06 -2.08510641587042800e-09  2.86337328738174980e-09  4.00000000000000000e+00 -2.50000000000000000e+00  1.65000000000000013e+00 -1.00000000000000006e-01  1.60000000000000009e+00 -8.00000000000000044e-01  2.30000000000000027e+00
 1.90128000000006119e-06  9.91564797356472009e-06 -9.10492704119588315e-04  7.68763253924109602e-04 -1.24338653067045118e-04 -1.30451559838987847e-06  5.25963407631110838e-06 -2.08510646361686873e-09  2.86337332960883162e-09  4.00000000000000000e+00 -2.50000000000000000e+00  1.65000000000000013e+00 -1.00000000000000006e-01  1.60000000000000009e+00 -8.00000000000000044e-01  2.30000000000000027e+00
 1.90228000000006126e-06  9.91564797277231230e-06 -9.10492704131364160e-04  7.68763253916708079e-04 -1.24338653067000666e-04 -1.30451559843177208e-06  5.25963407676248376e-06 -2.08510641779024430e-09  2.86337334088547720e-09  4.00000000000000000e+00 -2.50000000000000000e+00  1.65000000000000013e+00 -1.00000000000000006e-01  1.60000000000000009e+00 -8.00000000000000044e-01  2.30000000000000027e+00
 1.90328000000006134e-06  9.91564797256636809e-06 -9.10492704130579523e-04  7.68763253906864174e-04 -1.24338653066512206e-04 -1.30451559808031715e-06  5.25963407632217232e-06 -2.08510645772217910e-09  2.86337335896126700e-09  4.00000000000000000e+00 -2.50000000000000000e+00  1.65000000000000013e+00 -1.00000000000000006e-01  1.60000000000000009e+00 -8.00000000000000044e-01  2.30000000000000027e+00
 1.90428000000006141e-06  9.91564797312536240e-06 -9.10492704126597573e-04  7.68763253903015364e-04 -1.24338653067533578e-04 -1.30451559891922938e-06  5.25963407634322024e-06 -2.08510656620084575e-09  2.86337336196596170e-09  4.00000000000000000e+00 -2.50000000000000000e+00  1.65000000000000013e+00 -1.00000000000000006e-01  1.60000000000000009e+00 -8.00000000000000044e-01  2.30000000000000027e+00
 1.90528000000006149e-06  9.91564797360129666e-06 -9.10492704120495033e-04  7.68763253895021759e-04 -1.24338653066985921e-04 -1.30451559766580485e-06  5.25963407632294312e-06 -2.08510654379233230e-09  2.86337330326148922e-09  4.00000000000000000e+00 -2.50000000000000000e+00  1.65000000000000013e+00 -1.00000000000000006e-01  1.60000000000000009e+00 -8.00000000000000044e-01  2.30000000000000027e+00
 1.90628000000006156e-06  9.91564797346636093e-06 -9.10492704103660301e-04  7.68763253920778933e-04 -1.24338653066689852e-04 -1.30451559854877910e-06  5.25963407686494764e-06 -2.08510641743962974e-09  2.86337324831038559e-09  4.00000000000000000e+00 -2.50000000000000000e+00  1.65000000000000013e+00 -1.00000000000000006e-01  1.60000000000000009e+00 -8.00000000000000044e-01  2.30000000000000027e+00
 1.90728000000006164e-06  9.91564797294313851e-06 -9.10492704127781739e-04  7.68763253919372614e-04 -1.24338653066926669e-04 -1.30451559846039502e-06  5.25963407685064634e-06 -2.08510641530680615e-09  2.86337335133325968e-09  4.00000000000000000e+00 -2.50000000000000000e+00  1.65000000000000013e+00 -1.00000000000000006e-01  1.60000000000000009e+00 -8.00000000000000044e-01  2.30000000000000027e+00
 1.90828000000006171e-06  9.91564797266869306e-06 -9.10492704125890674e-04  7.68763253912489231e-04 -1.24338653067281935e-04 -1.30451559840401651e-06  5.25963407573996084e-06 -2.08510654664836320e-09  2.86337336548097761e-09  4.00000000000000000e+00 -2.50000000000000000e+00  1.65000000000000013e+00 -1.00000000000000006e-01  1.60000000000000009e+00 -8.00000000000000044e-01  2.30000000000000027e+00
 1.90928000000006179e-06  9.91564797266954179e-06 -9.10492704121246277e-04  7.68763253907160161e-04 -1.24338653066334559e-04 -1.30451559881349786e-06  5.25963407710892702e-06 -2.08510651221675265e-09  2.86337318326202636e-09  4.00000000000000000e+00 -2.50000000000000000e+00  1.65000000000000013e+00 -1.00000000000000006e-01  1.60000000000000009e+00 -8.00000000000000044e-01  2.30000000000000027e+00
 1.91028000000006186e-06  9.91564797321366559e-06 -9.10492704137677578e-04  7.68763253910120792e-04 -1.24338653066941496e-04 -1.30451559839785816e-06  5.25963407765941288e-06 -2.08510637394737848e-09  2.86337329930076688e-09  4.00000000000000000e+00 -2.50000000000000000e+00  1.65000000000000013e+00 -1.00000000000000006e-01  1.60000000000000009e+00 -8.00000000000000044e-01  2.30000000000000027e+00
 1.91128000000006194e-06  9.91564797368545786e-06 -9.10492704140482734e-04  7.68763253923813506e-04 -1.24338653067489208e-04 -1.30451559835518400e-06  5.25963407673515170e-06 -2.08510646647503872e-09  2.86337339458407263e-09  4.00000000000000000e+00 -2.50000000000000000e+00  1.65000000000000013e+00 -1.00000000000000006e-01  1.60000000000000009e+00 -8.00000000000000044e-01  2.30000000000000027e+00
 1.91228000000006201e-06  9.91564797343588129e-06 -9.10492704128799480e-04  7.68763253916930124e-04 -1.24338653067548405e-04 -1.30451559787995659e-06  5.25963407594943801e-06 -2.08510651720880709e-09  2.86337337280551925e-09  4.00000000000000000e+00 -2.50000000000000000e+00  1.65000000000000013e+00 -1.00000000000000006e-01  1.60000000000000009e+00 -8.00000000000000044e-01  2.30000000000000027e+00
 1.91328000000006209e-06  9.91564797328210924e-06 -9.10492704128573749e-04  7.68763253924109602e-04 -1.24338653067089516e-04 -1.30451559833610204e-06  5.25963407615691111e-06 -2.08510648670007744e-09  2.86337341591852557e-09  4.00000000000000000e+00 -2.50000000000000000e+00  1.65000000000000013e+00 -1.00000000000000006e-01  1.60000000000000009e+00 -8.00000000000000044e-01  2.30000000000000027e+00
 1.91428000000006216e-06  9.91564797293813763e-06 -9.10492704128074148e-04  7.68763253915153767e-04 -1.24338653066053317e-04 -1.30451559842665452e-06  5.25963407565137390e-06 -2.08510649126743377e-09  2.86337332824920394e-09  4.00000000000000000e+00 -2.50000000000000000e+00  1.65000000000000013e+00 -1.00000000000000006e-01  1.60000000000000009e+00 -8.00000000000000044e-01  2.30000000000000027e+00
 1.91528000000006224e-06  9.91564797301668638e-06 -9.10492704128714370e-04  7.68763253910120792e-04 -1.24338653065816446e-04 -1.30451559885244253e-06  5.25963407752086624e-06 -2.08510643766073314e-09  2.86337319703322698e-09  4.00000000000000000e+00 -2.50000000000000000e+00  1.65000000000000013e+00 -1.00000000000000006e-01  1.60000000000000009e+00 -8.00000000000000044e-01  2.30000000000000027e+00
 1.91628000000006231e-06  9.91564797326441811e-06 -9.10492704134876108e-04  7.68763253927884360e-04 -1.24338653067548405e-04 -1.30451559856178952e-06  5.25963407681868863e-06 -2.08510641529545144e-09  2.86337331675964538e-09  4.00000000000000000e+00 -2.50000000000000000e+00  1.65000000000000013e+00 -1.00000000000000006e-01  1.60000000000000009e+00 -8.00000000000000044e-01  2.30000000000000027e+00
 1.91728000000006239e-06  9.91564797329223975e-06 -9.10492704132518727e-04  7.68763253925515921e-04 -1.24338653069102717e-04 -1.30451559872728219e-06  5.25963407663284198e-06 -2.08510655528986653e-09  2.86337323194907360e-09  4.00000000000000000e+00 -2.50000000000000000e+00  1.65000000000000013e+00 -1.00000000000000006e-01  1.60000000000000009e+00 -8.00000000000000044e-01  2.30000000000000027e+00
 1.91828000000006246e-06  9.91564797344234416e-06 -9.10492704123611030e-04  7.68763253905679900e-04 -1.24338653068673454e-04 -1.30451559754446103e-06  5.25963407613528467e-06 -2.08510655243623528e-09  2.86337334239684826e-09  4.00000000000000000e+00 -2.50000000000000000e+00  1.65000000000000013e+00 -1.00000000000000006e-01  1.60000000000000009e+00 -8.00000000000000044e-01  2.30000000000000027e+00
 1.91928000000006254e-06  9.91564797362717691e-06 -9.10492704147454913e-04  7.68763253906864174e-04 -1.24338653066453008e-04 -1.30451559855849351e-06  5.25963407745174666e-06 -2.08510638932236485e-09  2.86337331232945627e-09  4.00000000000000000e+00 -2.50000000000000000e+00  1.65000000000000013e+00 -1.00000000000000006e-01  1.60000000000000009e+00 -8.00000000000000044e-01  2.30000000000000027e+00
 1.92028000000006261e-06  9.91564797367637089e-06 -9.10492704144757093e-04  7.68763253912267187e-04 -1.24338653067592830e-04 -1.30451559833705622e-06  5.25963407626577433e-06 -2.08510646777536665e-09  2.86337348008807406e-09  4.00000000000000000e+00 -2.50000000000000000e+00  1.65000000000000013e+00 -1.00000000000000006e-01  1.60000000000000009e+00 -8.00000000000000044e-01  2.30000000000000027e+00
 1.92128000000006269e-06  9.91564797317963519e-06 -9.10492704113781870e-04  7.68763253902423282e-04 -1.24338653067267163e-04 -1.30451559781594525e-06  5.25963407477298718e-06 -2.08510655562959623e-09  2.86337347387029512e-09  4.00000000000000000e+00 -2.50000000000000000e+00  1.65000000000000013e+00 -1.00000000000000006e-01  1.60000000000000009e+00 -8.00000000000000044e-01  2.30000000000000027e+00
 1.92228000000006276e-06  9.91564797292835609e-06 -9.10492704115920893e-04  7.68763253901609046e-04 -1.24338653064972693e-04 -1.30451559836220972e-06  5.25963407665593295e-06 -2.08510649785749113e-09  2.86337318525000979e-09  4.00000000000000000e+00 -2.50000000000000000e+00  1.65000000000000013e+00 -1.00000000000000006e-01  1.60000000000000009e+00 -8.00000000000000044e-01  2.30000000000000027e+00
 1.92328000000006284e-06  9.91564797258498079e-06 -9.10492704126049835e-04  7.68763253917004175e-04 -1.24338653065150339e-04 -1.30451559885825381e-06  5.25963407769985108e-06 -2.08510637807426403e-09  2.86337317030377594e-09  4.00000000000000000e+00 -2.50000000000000000e+00  1.65000000000000013e+00 -1.00000000000000006e-01  1.60000000000000009e+00 -8.00000000000000044e-01  2.30000000000000027e+00
 1.92428000000006292e-06  9.91564797227599165e-06 -9.10492704124769392e-04  7.68763253945721980e-04 -1.24338653067918497e-04 -1.30451559868564882e-06  5.25963407760683162e-06 -2.08510638825762541e-09  2.86337330521987406e-09  4.00000000000000000e+00 -2.50000000000000000e+00  1.65000000000000013e+00 -1.00000000000000006e-01  1.60000000000000009e+00 -8.00000000000000044e-01  2.30000000000000027e+00
 1.92528000000006299e-06  9.91564797258660371e-06 -9.10492704119828899e-04  7.68763253931437074e-04 -1.24338653069176741e-04 -1.30451559842578716e-06  5.25963407675338578e-06 -2.08510644631252618e-09  2.86337335157791861e-09  4.00000000000000000e+00 -2.50000000000000000e+00  1.65000000000000013e+00 -1.00000000000000006e-01  1.60000000000000009e+00 -8.00000000000000044e-01  2.30000000000000027e+00
 1.92628000000006307e-06  9.91564797309406962e-06 -9.10492704130409303e-04  7.68763253917004175e-04 -1.24338653069309990e-04 -1.30451559831823431e-06  5.25963407582951085e-06 -2.08510654615967565e-09  2.86337342119324127e-09  4.00000000000000000e+00 -2.50000000000000000e+00  1.65000000000000013e+00 -1.00000000000000006e-01  1.60000000000000009e+00 -8.00000000000000044e-01  2.30000000000000027e+00
 1.92728000000006314e-06  9.91564797382717494e-06 -9.10492704115321437e-04  7.68763253898056332e-04 -1.24338653066127314e-04 -1.30451559789053836e-06  5.25963407511191301e-06 -2.08510659087271852e-09  2.86337329266592596e-09  4.00000000000000000e+00 -2.50000000000000000e+00  1.65000000000000013e+00 -1.00000000000000006e-01  1.60000000000000009e+00 -8.00000000000000044e-01  2.30000000000000027e+00
 1.92828000000006322e-06  9.91564797417388924e-06 -9.10492704109400175e-04  7.68763253899462651e-04 -1.24338653064410182e-04 -1.30451559837886302e-06  5.25963407648504320e-06 -2.08510649828246551e-09  2.86337329753429249e-09  4.00000000000000000e+00 -2.50000000000000000e+00  1.65000000000000013e+00 -1.00000000000000006e-01  1.60000000000000009e+00 -8.00000000000000044e-01  2.30000000000000027e+00
 1.92928000000006329e-06  9.91564797388190513e-06 -9.10492704117626993e-04  7.68763253895909937e-04 -1.24338653064217763e-04 -1.30451559794327400e-06  5.25963407769090726e-06 -2.08510634280584573e-09  2.86337330713685934e-09  4.00000000000000000e+00 -2.50000000000000000e+00  1.65000000000000013e+00 -1.00000000000000006e-01  1.60000000000000009e+00 -8.00000000000000044e-01  2.30000000000000027e+00
 1.93028000000006337e-06  9.91564797351664250e-06 -9.10492704121072371e-04  7.68763253930844991e-04 -1.24338653066867472e-04 -1.30451559906329804e-06  5.25963407704466517e-06 -2.08510639282244478e-09  2.86337333516227741e-09  4.00000000000000000e+00 -2.50000000000000000e+00  1.65000000000000013e+00 -1.00000000000000006e-01  1.60000000000000009e+00 -8.00000000000000044e-01  2.30000000000000027e+00
 1.93128000000006344e-06  9.91564797321947454e-06 -9.10492704116982977e-04  7.68763253899166555e-04 -1.24338653068347760e-04 -1.30451559876206348e-06  5.25963407611496943e-06 -2.08510648781220605e-09  2.86337328439565715e-09  4.00000000000000000e+00 -2.50000000000000000e+00  1.65000000000000013e+00 -1.00000000000000006e-01  1.60000000000000009e+00 -8.00000000000000044e-01  2.30000000000000027e+00
 1.93228000000006352e-06  9.91564797301780616e-06 -9.10492704134287711e-04  7.68763253906864174e-04 -1.24338653067933297e-04 -1.30451559853845758e-06  5.25963407607568743e-06 -2.08510656139219298e-09  2.86337323523636587e-09  4.00000000000000000e+00 -2.50000000000000000e+00  1.65000000000000013e+00 -1.00000000000000006e-01  1.60000000000000009e+00 -8.00000000000000044e-01  2.30000000000000027e+00
 1.93328000000006359e-06  9.91564797283073385e-06 -9.10492704133118291e-04  7.68763253910194843e-04 -1.24338653066882271e-04 -1.30451559808482739e-06  5.25963407743139331e-06 -2.08510642195554040e-09  2.86337334810421044e-09  4.00000000000000000e+00 -2.50000000000000000e+00  1.65000000000000013e+00 -1.00000000000000006e-01  1.60000000000000009e+00 -8.00000000000000044e-01  2.30000000000000027e+00
 1.93428000000006367e-06  9.91564797286961436e-06 -9.10492704138140207e-04  7.68763253913451461e-04 -1.24338653067370786e-04 -1.30451559789322705e-06  5.25963407604342140e-06 -2.08510656761887238e-09  2.86337345405758278e-09  4.00000000000000000e+00 -2.50000000000000000e+00  1.65000000000000013e+00 -1.00000000000000006e-01  1.60000000000000009e+00 -8.00000000000000044e-01  2.30000000000000027e+00
 1.93528000000006374e-06  9.91564797355716964e-06 -9.10492704114873553e-04  7.68763253913673505e-04 -1.24338653067607630e-04 -1.30451559813322622e-06  5.25963407636577165e-06 -2.08510651410629539e-09  2.86337334671728084e-09  4.00000000000000000e+00 -2.50000000000000000e+00  1.65000000000000013e+00 -1.00000000000000006e-01  1.60000000000000009e+00 -8.00000000000000044e-01  2.30000000000000027e+00
 1.93628000000006382e-06  9.91564797422634769e-06 -9.10492704119366270e-04  7.68763253917226219e-04 -1.24338653067163540e-04 -1.30451559881323782e-06  5.25963407721432078e-06 -2.08510634236420366e-09  2.86337325028220053e-09  4.00000000000000000e+00 -2.50000000000000000e+00  1.65000000000000013e+00 -1.00000000000000006e-01  1.60000000000000009e+00 -8.00000000000000044e-01  2.30000000000000027e+00
 1.93728000000006389e-06  9.91564797340192374e-06 -9.10492704131656461e-04  7.68763253912785327e-04 -1.24338653068199739e-04 -1.30451559939627834e-06  5.25963407642386540e-06 -2.08510644022058788e-09  2.86337325862378183e-09  4.00000000000000000e+00 -2.50000000000000000e+00  1.65000000000000013e+00 -1.00000000000000006e-01  1.60000000000000009e+00 -8.00000000000000044e-01  2.30000000000000027e+00
 1.93828000000006397e-06  9.91564797191207919e-06 -9.10492704141315401e-04  7.68763253895687892e-04 -1.24338653069235966e-04 -1.30451559877247182e-06  5.25963407678021640e-06 -2.08510649440752263e-09  2.86337326500267363e-09  4.00000000000000000e+00 -2.50000000000000000e+00  1.65000000000000013e+00 -1.00000000000000006e-01  1.60000000000000009e+00 -8.00000000000000044e-01  2.30000000000000027e+00
 1.93928000000006404e-06  9.91564797163166893e-06 -9.10492704135712461e-04  7.68763253923443468e-04 -1.24338653067844473e-04 -1.30451559737107529e-06  5.25963407673561418e-06 -2.08510655686174006e-09  2.86337334107792449e-09  4.00000000000000000e+00 -2.50000000000000000e+00  1.65000000000000013e+00 -1.00000000000000006e-01  1.60000000000000009e+00 -8.00000000000000044e-01  2.30000000000000027e+00
 1.94028000000006412e-06  9.91564797277563436e-06 -9.10492704139272547e-04  7.68763253913747556e-04 -1.24338653067133914e-04 -1.30451559813574148e-06  5.25963407641337998e-06 -2.08510654545483132e-09  2.86337336061579945e-09  4.00000000000000000e+00 -2.50000000000000000e+00  1.65000000000000013e+00 -1.00000000000000006e-01  1.60000000000000009e+00 -8.00000000000000044e-01  2.30000000000000027e+00
 1.94128000000006419e-06  9.91564797443204286e-06 -9.10492704116986772e-04  7.68763253920778933e-04 -1.24338653066586230e-04 -1.30451559827104991e-06  5.25963407566328572e-06 -2.08510646986351255e-09  2.86337340710625328e-09  4.00000000000000000e+00 -2.50000000000000000e+00  1.65000000000000013e+00 -1.00000000000000006e-01  1.60000000000000009e+00 -8.00000000000000044e-01  2.30000000000000027e+00
 1.94228000000006427e-06  9.91564797457384973e-06 -9.10492704113100991e-04  7.68763253927884360e-04 -1.24338653067281989e-04 -1.30451559849587003e-06  5.25963407646303136e-06 -2.08510639328370716e-09  2.86337333205022914e-09  4.00000000000000000e+00 -2.50000000000000000e+00  1.65000000000000013e+00 -1.00000000000000006e-01  1.60000000000000009e+00 -8.00000000000000044e-01  2.30000000000000027e+00
 1.94328000000006434e-06  9.91564797333493868e-06 -9.10492704129380504e-04  7.68763253895317854e-04 -1.24338653066882271e-04 -1.30451559809410812e-06  5.25963407620378676e-06 -2.08510646814441452e-09  2.86337327765583874e-09  4.00000000000000000e+00 -2.50000000000000000e+00  1.65000000000000013e+00 -1.00000000000000006e-01  1.60000000000000009e+00 -8.00000000000000044e-01  2.30000000000000027e+00
 1.94428000000006442e-06  9.91564797166324124e-06 -9.10492704126845531e-04  7.68763253911305066e-04 -1.24338653067059918e-04 -1.30451559870924102e-06  5.25963407724793613e-06 -2.08510635214206787e-09  2.86337340226389992e-09  4.00000000000000000e+00 -2.50000000000000000e+00  1.65000000000000013e+00 -1.00000000000000006e-01  1.60000000000000009e+00 -8.00000000000000044e-01  2.30000000000000027e+00
 1.94528000000006449e-06  9.91564797149590310e-06 -9.10492704122319529e-04  7.68763253899462651e-04 -1.24338653067326387e-04 -1.30451559880204873e-06  5.25963407587021926e-06 -2.08510657819871342e-09  2.86337341140949126e-09  4.00000000000000000e+00 -2.50000000000000000e+00  1.65000000000000013e+00 -1.00000000000000006e-01  1.60000000000000009e+00 -8.00000000000000044e-01  2.30000000000000027e+00
 1.94628000000006457e-06  9.91564797301829066e-06 -9.10492704119654993e-04  7.68763253905161759e-04 -1.24338653066926669e-04 -1.30451559773684190e-06  5.25963407676229064e-06 -2.08510657432680091e-09  2.86337332536182372e-09  4.00000000000000000e+00 -2.50000000000000000e+00  1.65000000000000013e+00 -1.00000000000000006e-01  1.60000000000000009e+00 -8.00000000000000044e-01  2.30000000000000027e+00
 1.94728000000006464e-06  9.91564797427056620e-06 -9.10492704110869378e-04  7.68763253916708079e-04 -1.24338653066837873e-04 -1.30451559827382543e-06  5.25963407691614147e-06 -2.08510640902090848e-09  2.86337320891557928e-09  4.00000000000000000e+00 -2.50000000000000000e+00  1.65000000000000013e+00 -1.00000000000000006e-01  1.60000000000000009e+00 -8.00000000000000044e-01  2.30000000000000027e+00
 1.94828000000006472e-06  9.91564797381224514e-06 -9.10492704117797213e-04  7.68763253912785327e-04 -1.24338653067518806e-04 -1.30451559915497834e-06  5.25963407651819607e-06 -2.08510638179823404e-09  2.86337321277858802e-09  4.00000000000000000e+00 -2.50000000000000000e+00  1.65000000000000013e+00 -1.00000000000000006e-01  1.60000000000000009e+00 -8.00000000000000044e-01  2.30000000000000027e+00
 1.94928000000006479e-06  9.91564797263240278e-06 -9.10492704144250120e-04  7.68763253910416887e-04 -1.24338653068436583e-04 -1.30451559817399222e-06  5.25963407664186204e-06 -2.08510649632937380e-09  2.86337325739860698e-09  4.00000000000000000e+00 -2.50000000000000000e+00  1.65000000000000013e+00 -1.00000000000000006e-01  1.60000000000000009e+00 -8.00000000000000044e-01  2.30000000000000027e+00
 1.95028000000006487e-06  9.91564797195236069e-06 -9.10492704119503205e-04  7.68763253923221423e-04 -1.24338653068347787e-04 -1.30451559836212289e-06  5.25963407650161964e-06 -2.08510660741200916e-09  2.86337329173592804e-09  4.00000000000000000e+00 -2.50000000000000000e+00  1.65000000000000013e+00 -1.00000000000000006e-01  1.60000000000000009e+00 -8.00000000000000044e-01  2.30000000000000027e+00
 1.95128000000006494e-06  9.91564797204879877e-06 -9.10492704111024852e-04  7.68763253898944511e-04 -1.24338653066749050e-04 -1.30451559754593550e-06  5.25963407569956075e-06 -2.08510645305756493e-09  2.86337352073991076e-09  4.00000000000000000e+00 -2.50000000000000000e+00  1.65000000000000013e+00 -1.00000000000000006e-01  1.60000000000000009e+00 -8.00000000000000044e-01  2.30000000000000027e+00
 1.95228000000006502e-06  9.91564797288413928e-06 -9.10492704090326566e-04  7.68763253893911536e-04 -1.24338653065712851e-04 -1.30451559851313066e-06  5.25963407545457934e-06 -2.08510642930170247e-09  2.86337340759434278e-09  4.00000000000000000e+00 -2.50000000000000000e+00  1.65000000000000013e+00 -1.00000000000000006e-01  1.60000000000000009e+00 -8.00000000000000044e-01  2.30000000000000027e+00
 1.95328000000006509e-06  9.91564797344942366e-06 -9.10492704105877061e-04  7.68763253898574472e-04 -1.24338653064617427e-04 -1.30451559813938436e-06  5.25963407579196358e-06 -2.08510656442406428e-09  2.86337324871318822e-09  4.00000000000000000e+00 -2.50000000000000000e+00  1.65000000000000013e+00 -1.00000000000000006e-01  1.60000000000000009e+00 -8.00000000000000044e-01  2.30000000000000027e+00
 1.95428000000006517e-06  9.91564797316836965e-06 -9.10492704133158948e-04  7.68763253899758746e-04 -1.24338653063551629e-04 -1.30451559857653467e-06  5.25963407846964394e-06 -2.08510632710444645e-09  2.86337306011171797e-09  4.00000000000000000e+00 -2.50000000000000000e+00  1.65000000000000013e+00 -1.00000000000000006e-01  1.60000000000000009e+00 -8.00000000000000044e-01  2.30000000000000027e+00
 1.95528000000006524e-06  9.91564797291362958e-06 -9.10492704166099287e-04  7.68763253920556888e-04 -1.24338653066985894e-04 -1.30451559971867665e-06  5.25963407931534112e-06 -2.08510622790664576e-09  2.86337319150846120e-09  4.00000000000000000e+00 -2.50000000000000000e+00  1.65000000000000013e+00 -1.00000000000000006e-01  1.60000000000000009e+00 -8.00000000000000044e-01  2.30000000000000027e+00
 1.95628000000006532e-06  9.91564797307970394e-06 -9.10492704189835834e-04  7.68763253953049452e-04 -1.24338653071574807e-04 -1.30451559952178554e-06  5.25963407756739546e-06 -2.08510652678053499e-09  2.86337340426795382e-09  4.00000000000000000e+00 -2.50000000000000000e+00  1.65000000000000013e+00 -1.00000000000000006e-01  1.60000000000000009e+00 -8.00000000000000044e-01  2.30000000000000027e+00
 1.95728000000006539e-06  9.91564797318258964e-06 -9.10492704151929090e-04  7.68763253927958411e-04 -1.24338653071915300e-04 -1.30451559777613322e-06  5.25963407511341649e-06 -2.08510671632257287e-09  2.86337344459902973e-09  4.00000000000000000e+00 -2.50000000000000000e+00  1.65000000000000013e+00 -1.00000000000000006e-01  1.60000000000000009e+00 -8.00000000000000044e-01  2.30000000000000027e+00
 1.95828000000006547e-06  9.91564797306986142e-06 -9.10492704144324062e-04  7.68763253900646925e-04 -1.24338653069295163e-04 -1.30451559709863709e-06  5.25963407445834662e-06 -2.08510661670646323e-09  2.86337350595744751e-09  4.00000000000000000e+00 -2.50000000000000000e+00  1.65000000000000013e+00 -1.00000000000000006e-01  1.60000000000000009e+00 -8.00000000000000044e-01  2.30000000000000027e+00
 1.95928000000006554e-06  9.91564797342767185e-06 -9.10492704104581873e-04  7.68763253885251796e-04 -1.24338653066453008e-04 -1.30451559779920513e-06  5.25963407528315004e-06 -2.08510652675627213e-09  2.86337333584243907e-09  4.00000000000000000e+00 -2.50000000000000000e+00  1.65000000000000013e+00 -1.00000000000000006e-01  1.60000000000000009e+00 -8.00000000000000044e-01  2.30000000000000027e+00
 1.96028000000006562e-06  9.91564797370223589e-06 -9.10492704112160988e-04  7.68763253891172949e-04 -1.24338653064025317e-04 -1.30451559813253228e-06  5.25963407780416573e-06 -2.08510629204259003e-09  2.86337316535141915e-09  4.00000000000000000e+00 -2.50000000000000000e+00  1.65000000000000013e+00 -1.00000000000000006e-01  1.60000000000000009e+00 -8.00000000000000044e-01  2.30000000000000027e+00
 1.96128000000006569e-06  9.91564797387585392e-06 -9.10492704116279872e-04  7.68763253902497224e-04 -1.24338653065061516e-04 -1.30451559901186366e-06  5.25963407717731391e-06 -2.08510633688129860e-09  2.86337321993938387e-09  4.00000000000000000e+00 -2.50000000000000000e+00  1.65000000000000013e+00 -1.00000000000000006e-01  1.60000000000000009e+00 -8.00000000000000044e-01  2.30000000000000027e+00
 1.96228000000006577e-06  9.91564797310092889e-06 -9.10492704122841247e-04  7.68763253919668710e-04 -1.24338653067666827e-04 -1.30451559938309448e-06  5.25963407702708669e-06 -2.08510642168248601e-09  2.86337333930399058e-09  4.00000000000000000e+00 -2.50000000000000000e+00  1.65000000000000013e+00 -1.00000000000000006e-01  1.60000000000000009e+00 -8.00000000000000044e-01  2.30000000000000027e+00
 1.96328000000006585e-06  9.91564797227113476e-06 -9.10492704131982155e-04  7.68763253905383804e-04 -1.24338653068199767e-04 -1.30451559844643041e-06  5.25963407616866877e-06 -2.08510659860634977e-09  2.86337326020916074e-09  4.00000000000000000e+00 -2.50000000000000000e+00  1.65000000000000013e+00 -1.00000000000000006e-01  1.60000000000000009e+00 -8.00000000000000044e-01  2.30000000000000027e+00
 1.96428000000006592e-06  9.91564797199923210e-06 -9.10492704139701891e-04  7.68763253899462651e-04 -1.24338653068244165e-04 -1.30451559795472313e-06  5.25963407723903128e-06 -2.08510643936394765e-09  2.86337334092391173e-09  4.00000000000000000e+00 -2.50000000000000000e+00  1.65000000000000013e+00 -1.00000000000000006e-01  1.60000000000000009e+00 -8.00000000000000044e-01  2.30000000000000027e+00
 1.96528000000006600e-06  9.91564797286597889e-06 -9.10492704128869844e-04  7.68763253909898747e-04 -1.24338653069028720e-04 -1.30451559799548913e-06  5.25963407618886797e-06 -2.08510653522501424e-09  2.86337347509761112e-09  4.00000000000000000e+00 -2.50000000000000000e+00  1.65000000000000013e+00 -1.00000000000000006e-01  1.60000000000000009e+00 -8.00000000000000044e-01  2.30000000000000027e+00
 1.96628000000006607e-06  9.91564797406448986e-06 -9.10492704101791461e-04  7.68763253906642129e-04 -1.24338653067800075e-04 -1.30451559796244256e-06  5.25963407559108294e-06 -2.08510656400349174e-09  2.86337343556633862e-09  4.00000000000000000e+00 -2.50000000000000000e+00  1.65000000000000013e+00 -1.00000000000000006e-01  1.60000000000000009e+00 -8.00000000000000044e-01  2.30000000000000027e+00
 1.96728000000006615e-06  9.91564797380569080e-06 -9.10492704130368645e-04  7.68763253906049938e-04 -1.24338653066452981e-04 -1.30451559876891555e-06  5.25963407696020328e-06 -2.08510646342436561e-09  2.86337328619285634e-09  4.00000000000000000e+00 -2.50000000000000000e+00  1.65000000000000013e+00 -1.00000000000000006e-01  1.60000000000000009e+00 -8.00000000000000044e-01  2.30000000000000027e+00
 1.96828000000006622e-06  9.91564797254996445e-06 -9.10492704134202601e-04  7.68763253891839083e-04 -1.24338653066364158e-04 -1.30451559780111328e-06  5.25963407628882717e-06 -2.08510636616830027e-09  2.86337333711109094e-09  4.00000000000000000e+00 -2.50000000000000000e+00  1.65000000000000013e+00 -1.00000000000000006e-01  1.60000000000000009e+00 -8.00000000000000044e-01  2.30000000000000027e+00
 1.96928000000006630e-06  9.91564797170397505e-06 -9.10492704116191076e-04  7.68763253905975995e-04 -1.24338653067341187e-04 -1.30451559887143766e-06  5.25963407620860553e-06 -2.08510646514404970e-09  2.86337330061114298e-09  4.00000000000000000e+00 -2.50000000000000000e+00  1.65000000000000013e+00 -1.00000000000000006e-01  1.60000000000000009e+00 -8.00000000000000044e-01  2.30000000000000027e+00
 1.97028000000006637e-06  9.91564797195311793e-06 -9.10492704103567818e-04  7.68763253898056332e-04 -1.24338653066808247e-04 -1.30451559864150019e-06  5.25963407592291572e-06 -2.08510652313330128e-09  2.86337330258708597e-09  4.00000000000000000e+00 -2.50000000000000000e+00  1.65000000000000013e+00 -1.00000000000000006e-01  1.60000000000000009e+00 -8.00000000000000044e-01  2.30000000000000027e+00
 1.97128000000006645e-06  9.91564797339935046e-06 -9.10492704111950002e-04  7.68763253907752352e-04 -1.24338653065239136e-04 -1.30451559840202153e-06  5.25963407740521745e-06 -2.08510652037922080e-09  2.86337315947178089e-09  4.00000000000000000e+00 -2.50000000000000000e+00  1.65000000000000013e+00 -1.00000000000000006e-01  1.60000000000000009e+00 -8.00000000000000044e-01  2.30000000000000027e+00
 1.97228000000006652e-06  9.91564797415274561e-06 -9.10492704142951137e-04  7.68763253924331647e-04 -1.24338653065712824e-04 -1.30451559838562848e-06  5.25963407778084352e-06 -2.08510638773593046e-09  2.86337328374460604e-09  4.00000000000000000e+00 -2.50000000000000000e+00  1.65000000000000013e+00 -1.00000000000000006e-01  1.60000000000000009e+00 -8.00000000000000044e-01  2.30000000000000027e+00
 1.97328000000006660e-06  9.91564797392295912e-06 -9.10492704132874020e-04  7.68763253945425884e-04 -1.24338653067933297e-04 -1.30451559867966411e-06  5.25963407715271947e-06 -2.08510643025901514e-09  2.86337337851559706e-09  4.00000000000000000e+00 -2.50000000000000000e+00  1.65000000000000013e+00 -1.00000000000000006e-01  1.60000000000000009e+00 -8.00000000000000044e-01  2.30000000000000027e+00
 1.97428000000006667e-06  9.91564797358705635e-06 -9.10492704130635034e-04  7.68763253913673505e-04 -1.24338653069931698e-04 -1.30451559849925287e-06  5.25963407570630652e-06 -2.08510651634126875e-09  2.86337349174526242e-09  4.00000000000000000e+00 -2.50000000000000000e+00  1.65000000000000013e+00 -1.00000000000000006e-01  1.60000000000000009e+00 -8.00000000000000044e-01  2.30000000000000027e+00
 1.97528000000006675e-06  9.91564797274463803e-06 -9.10492704123559205e-04  7.68763253905161759e-04 -1.24338653068096117e-04 -1.30451559730654366e-06  5.25963407508662484e-06 -2.08510657131211718e-09  2.86337336681339890e-09  4.00000000000000000e+00 -2.50000000000000000e+00  1.65000000000000013e+00 -1.00000000000000006e-01  1.60000000000000009e+00 -8.00000000000000044e-01  2.30000000000000027e+00
 1.97628000000006682e-06  9.91564797254707438e-06 -9.10492704122741392e-04  7.68763253906271983e-04 -1.24338653065209537e-04 -1.30451559867619466e-06  5.25963407632039863e-06 -2.08510649490955095e-09  2.86337317872755417e-09  4.00000000000000000e+00 -2.50000000000000000e+00  1.65000000000000013e+00 -1.00000000000000006e-01  1.60000000000000009e+00 -8.00000000000000044e-01  2.30000000000000027e+00
 1.97728000000006690e-06  9.91564797277378783e-06 -9.10492704117541883e-04  7.68763253919372614e-04 -1.24338653065194738e-04 -1.30451559846794103e-06  5.25963407664309616e-06 -2.08510641409337521e-09  2.86337333716782726e-09  4.00000000000000000e+00 -2.50000000000000000e+00  1.65000000000000013e+00 -1.00000000000000006e-01  1.60000000000000009e+00 -8.00000000000000044e-01  2.30000000000000027e+00
 1.97828000000006697e-06  9.91564797341858488e-06 -9.10492704113137962e-04  7.68763253916412092e-04 -1.24338653066334586e-04 -1.30451559817251753e-06  5.25963407671633995e-06 -2.08510647040952165e-09  2.86337338990727079e-09  4.00000000000000000e+00 -2.50000000000000000e+00  1.65000000000000013e+00 -1.00000000000000006e-01  1.60000000000000009e+00 -8.00000000000000044e-01  2.30000000000000027e+00
 1.97928000000006705e-06  9.91564797355820979e-06 -9.10492704102402084e-04  7.68763253899462651e-04 -1.24338653066571403e-04 -1.30451559799618306e-06  5.25963407600429356e-06 -2.08510647811333553e-09  2.86337334019068974e-09  4.00000000000000000e+00 -2.50000000000000000e+00  1.65000000000000013e+00 -1.00000000000000006e-01  1.60000000000000009e+00 -8.00000000000000044e-01  2.30000000000000027e+00
 1.98028000000006712e-06  9.91564797307065593e-06 -9.10492704102738837e-04  7.68763253910120792e-04 -1.24338653066793475e-04 -1.30451559897127109e-06  5.25963407694975682e-06 -2.08510642622762924e-09  2.86337320663365722e-09  4.00000000000000000e+00 -2.50000000000000000e+00  1.65000000000000013e+00 -1.00000000000000006e-01  1.60000000000000009e+00 -8.00000000000000044e-01  2.30000000000000027e+00
 1.98128000000006720e-06  9.91564797251855478e-06 -9.10492704132222631e-04  7.68763253920778933e-04 -1.24338653067992494e-04 -1.30451559950044835e-06  5.25963407803974084e-06 -2.08510637056582774e-09  2.86337314718059581e-09  4.00000000000000000e+00 -2.50000000000000000e+00  1.65000000000000013e+00 -1.00000000000000006e-01  1.60000000000000009e+00 -8.00000000000000044e-01  2.30000000000000027e+00
 1.98228000000006727e-06  9.91564797252523448e-06 -9.10492704157898490e-04  7.68763253917004175e-04 -1.24338653068939897e-04 -1.30451559814268037e-06  5.25963407700445821e-06 -2.08510653587690577e-09  2.86337331145454899e-09  4.00000000000000000e+00 -2.50000000000000000e+00  1.65000000000000013e+00 -1.00000000000000006e-01  1.60000000000000009e+00 -8.00000000000000044e-01  2.30000000000000027e+00
 1.98328000000006735e-06  9.91564797252020649e-06 -9.10492704145238153e-04  7.68763253909898747e-04 -1.24338653068569805e-04 -1.30451559799783096e-06  5.25963407610988045e-06 -2.08510657352070968e-09  2.86337340568995381e-09  4.00000000000000000e+00 -2.50000000000000000e+00  1.65000000000000013e+00 -1.00000000000000006e-01  1.60000000000000009e+00 -8.00000000000000044e-01  2.30000000000000027e+00
 1.98428000000006742e-06  9.91564797302722686e-06 -9.10492704124428952e-04  7.68763253909898747e-04 -1.24338653067711225e-04 -1.30451559812030240e-06  5.25963407551699042e-06 -2.08510655118123437e-09  2.86337348790500116e-09  4.00000000000000000e+00 -2.50000000000000000e+00  1.65000000000000013e+00 -1.00000000000000006e-01  1.60000000000000009e+00 -8.00000000000000044e-01  2.30000000000000027e+00
 1.98528000000006750e-06  9.91564797319706035e-06 -9.10492704125528008e-04  7.68763253902127186e-04 -1.24338653066793475e-04 -1.30451559843255262e-06  5.25963407607738319e-06 -2.08510647038143391e-09  2.86337336328463814e-09  4.00000000000000000e+00 -2.50000000000000000e+00  1.65000000000000013e+00 -1.00000000000000006e-01  1.60000000000000009e+00 -8.00000000000000044e-01  2.30000000000000027e+00
 1.98628000000006757e-06  9.91564797361584361e-06 -9.10492704115950491e-04  7.68763253894503618e-04 -1.24338653066852672e-04 -1.30451559834390830e-06  5.25963407655578147e-06 -2.08510643457635944e-09  2.86337319296748744e-09  4.00000000000000000e+00 -2.50000000000000000e+00  1.65000000000000013e+00 -1.00000000000000006e-01  1.60000000000000009e+00 -8.00000000000000044e-01  2.30000000000000027e+00
 1.98728000000006765e-06  9.91564797318962849e-06 -9.10492704134180375e-04  7.68763253917004175e-04 -1.24338653067074717e-04 -1.30451559857237129e-06  5.25963407695654155e-06 -2.08510642336173379e-09  2.86337313810137331e-09  4.00000000000000000e+00 -2.50000000000000000e+00  1.65000000000000013e+00 -1.00000000000000006e-01  1.60000000000000009e+00 -8.00000000000000044e-01  2.30000000000000027e+00
 1.98828000000006772e-06  9.91564797190566206e-06 -9.10492704137203890e-04  7.68763253920556888e-04 -1.24338653067400384e-04 -1.30451559873612923e-06  5.25963407760162745e-06 -2.08510629603705183e-09  2.86337323193520054e-09  4.00000000000000000e+00 -2.50000000000000000e+00  1.65000000000000013e+00 -1.00000000000000006e-01  1.60000000000000009e+00 -8.00000000000000044e-01  2.30000000000000027e+00
 1.98928000000006780e-06  9.91564797156017257e-06 -9.10492704130050324e-04  7.68763253901905141e-04 -1.24338653068081290e-04 -1.30451559821224274e-06  5.25963407615332562e-06 -2.08510654823576705e-09  2.86337342886286818e-09  4.00000000000000000e+00 -2.50000000000000000e+00  1.65000000000000013e+00 -1.00000000000000006e-01  1.60000000000000009e+00 -8.00000000000000044e-01  2.30000000000000027e+00
 1.99028000000006787e-06  9.91564797285183344e-06 -9.10492704126123886e-04  7.68763253909602652e-04 -1.24338653067267136e-04 -1.30451559816635939e-06  5.25963407615721943e-06 -2.08510664950033350e-09  2.86337345643461862e-09  4.00000000000000000e+00 -2.50000000000000000e+00  1.65000000000000013e+00 -1.00000000000000006e-01  1.60000000000000009e+00 -8.00000000000000044e-01  2.30000000000000027e+00
 1.99128000000006795e-06  9.91564797394809059e-06 -9.10492704129091889e-04  7.68763253908714473e-04 -1.24338653065890470e-04 -1.30451559764837100e-06  5.25963407667166150e-06 -2.08510644642997963e-09  2.86337346615730781e-09  4.00000000000000000e+00 -2.50000000000000000e+00  1.65000000000000013e+00 -1.00000000000000006e-01  1.60000000000000009e+00 -8.00000000000000044e-01  2.30000000000000027e+00
 1.99228000000006802e-06  9.91564797377842481e-06 -9.10492704112109163e-04  7.68763253903015364e-04 -1.24338653067148741e-04 -1.30451559857636124e-06  5.25963407576285868e-06 -2.08510647078906148e-09  2.86337338853328161e-09  4.00000000000000000e+00 -2.50000000000000000e+00  1.65000000000000013e+00 -1.00000000000000006e-01  1.60000000000000009e+00 -8.00000000000000044e-01  2.30000000000000027e+00
 1.99328000000006810e-06  9.91564797311691240e-06 -9.10492704131130948e-04  7.68763253917300270e-04 -1.24338653067814875e-04 -1.30451559910831424e-06  5.25963407741285091e-06 -2.08510648700362501e-09  2.86337313105805240e-09  4.00000000000000000e+00 -2.50000000000000000e+00  1.65000000000000013e+00 -1.00000000000000006e-01  1.60000000000000009e+00 -8.00000000000000044e-01  2.30000000000000027e+00
 1.99428000000006817e-06  9.91564797255995944e-06 -9.10492704139516818e-04  7.68763253942169266e-04 -1.24338653068629002e-04 -1.30451559885929460e-06  5.25963407782667817e-06 -2.08510639895736421e-09  2.86337312134215436e-09  4.00000000000000000e+00 -2.50000000000000000e+00  1.65000000000000013e+00 -1.00000000000000006e-01  1.60000000000000009e+00 -8.00000000000000044e-01  2.30000000000000027e+00
 1.99528000000006825e-06  9.91564797270172226e-06 -9.10492704143299057e-04  7.68763253938320457e-04 -1.24338653069487609e-04 -1.30451559803781643e-06  5.25963407689119974e-06 -2.08510645863315393e-09  2.86337333925031318e-09  4.00000000000000000e+00 -2.50000000000000000e+00  1.65000000000000013e+00 -1.00000000000000006e-01  1.60000000000000009e+00 -8.00000000000000044e-01  2.30000000000000027e+00
 1.99628000000006832e-06  9.91564797304866526e-06 -9.10492704134102638e-04  7.68763253923443468e-04 -1.24338653069902072e-04 -1.30451559828683585e-06  5.25963407587361162e-06 -2.08510648865028849e-09  2.86337350811640545e-09  4.00000000000000000e+00 -2.50000000000000000e+00  1.65000000000000013e+00 -1.00000000000000006e-01  1.60000000000000009e+00 -8.00000000000000044e-01  2.30000000000000027e+00
 1.99728000000006840e-06  9.91564797335717160e-06 -9.10492704115610052e-04  7.68763253898574472e-04 -1.24338653067948069e-04 -1.30451559780822560e-06  5.25963407422446727e-06 -2.08510659125797044e-09  2.86337357241037514e-09  4.00000000000000000e+00 -2.50000000000000000e+00  1.65000000000000013e+00 -1.00000000000000006e-01  1.60000000000000009e+00 -8.00000000000000044e-01  2.30000000000000027e+00
 1.99828000000006847e-06  9.91564797327287827e-06 -9.10492704093176174e-04  7.68763253888508414e-04 -1.24338653064114113e-04 -1.30451559777674054e-06  5.25963407552581820e-06 -2.08510649027764020e-09  2.86337326719032150e-09  4.00000000000000000e+00 -2.50000000000000000e+00  1.65000000000000013e+00 -1.00000000000000006e-01  1.60000000000000009e+00 -8.00000000000000044e-01  2.30000000000000027e+00
 1.99914000000003419e-06  9.91564797336990590e-06 -9.10492704113445117e-04  7.68763253887028153e-04 -1.24338653062974319e-04 -1.30451559814805797e-06  5.25963407851293495e-06 -2.08510630759842290e-09  2.86337310153532866e-09  4.00000000000000000e+00 -2.50000000000000000e+00  1.65000000000000013e+00 -1.00000000000000006e-01  1.60000000000000009e+00 -8.00000000000000044e-01  2.30000000000000027e+00
 1.99999999999999991e-06  9.91564797335559274e-06 -9.10492704115917206e-04  7.68763253904791721e-04 -1.24338653064691424e-04 -1.30451559914118716e-06  5.25963407689628871e-06 -2.08510635089046668e-09  2.86337315782587965e-09  4.00000000000000000e+00 -2.50000000000000000e+00  1.65000000000000013e+00 -1.00000000000000006e-01  1.60000000000000009e+00 -8.00000000000000044e-01  2.30000000000000027e+00
