time,state,q,residual,candidate,denominator,target,stagepeak
2.000000000000000125e-09,-2.588256080458539389e-29,-5.166076686011232260e-32,1.486624943500000073e+00,-7.764768241381309055e-04,2.501831972984374985e+00,-3.890148888932112858e-01,2.588256080458539389e-29
1.476592504774553390e-07,-3.539245410453463635e-25,-1.611069131633701590e-26,1.486624943500000073e+00,-5.340227898180230359e-02,2.501831972984374985e+00,-3.890148888932112858e-01,3.539245410453463635e-25
4.997490395735204695e-07,-3.989270915500860020e-24,-6.006332023587449144e-25,1.486624943500000073e+00,-1.530108383567422292e-01,2.501831972984374985e+00,-3.890148888932112858e-01,3.989270915500860020e-24
1.302511699747962072e-06,-2.205983739780265088e-23,-7.647068916224374972e-24,1.486624943500000073e+00,-2.832759909453019254e-01,2.501831972984374985e+00,-3.890148888932112858e-01,2.205983739780265088e-23
2.575661880259844258e-06,-6.389525873980452632e-23,-3.565501328812668726e-23,1.486624943500000073e+00,-3.594269518042067513e-01,2.501831972984374985e+00,-3.890148888932112858e-01,6.389525873980452632e-23
4.902264337934845880e-06,-1.517057733940558711e-22,-1.145207704639778883e-22,1.486624943500000073e+00,-3.861350228276925756e-01,2.501831972984374985e+00,-3.890148888932112858e-01,1.517057733940558711e-22
8.865022017100660938e-06,-3.055775097620231713e-22,-2.667293133848328655e-22,1.486624943500000073e+00,-3.889608518618354882e-01,2.501831972984374985e+00,-3.890148888932112858e-01,3.055775097620231713e-22
1.005797226562500673e-05,-2.191570399631936436e-21,-3.604010901647552486e-22,1.486624943500000073e+00,-3.889985548814918759e-01,2.501831972984374985e+00,-3.890148888932112858e-01,2.191570399631936436e-21
1.379642226562505731e-05,-1.611073484675105876e-19,-1.159104826493082267e-19,1.486624943500000073e+00,-3.890145049587798165e-01,2.501831972984374985e+00,-3.890148888932112858e-01,1.611073484675105876e-19
1.779642226562507491e-05,-3.913484941128698776e-19,-3.299094476190836877e-19,1.486624943500000073e+00,-3.890148819510836908e-01,2.501831972984374985e+00,-3.890148888932112858e-01,3.913484941128698776e-19
2.179642226562510438e-05,-6.838320177559969634e-19,-6.068197522028819507e-19,1.486624943500000073e+00,-3.890148887639360842e-01,2.501831972984374985e+00,-3.890148888932112858e-01,6.838320177559969634e-19
2.579642226562513384e-05,-1.038557922907304914e-18,-9.459845282348433357e-19,1.486624943500000073e+00,-3.890148888870552102e-01,2.501831972984374985e+00,-3.890148888932112858e-01,1.038557922907304914e-18
2.979642226562516331e-05,-1.455526209507999084e-18,-1.347391904243410380e-18,1.486624943500000073e+00,-3.890148888892800971e-01,2.501831972984374985e+00,-3.890148888932112858e-01,1.455526209507999084e-18
3.379642226562513518e-05,-1.934736877434775372e-18,-1.811041665557374586e-18,1.486624943500000073e+00,-3.890148888893202872e-01,2.501831972984374985e+00,-3.890148888932112858e-01,1.934736877434775372e-18
3.779642226562509688e-05,-2.476189926563174022e-18,-2.336933808174825514e-18,1.486624943500000073e+00,-3.890148888893206203e-01,2.501831972984374985e+00,-3.890148888932112858e-01,2.476189926563174022e-18
4.179642226562505858e-05,-3.079885356768705041e-18,-2.925068331901198597e-18,1.486624943500000073e+00,-3.890148888893206203e-01,2.501831972984374985e+00,-3.890148888932112858e-01,3.079885356768705041e-18
4.579642226562502028e-05,-3.745823167926886333e-18,-3.575445236610743319e-18,1.486624943500000073e+00,-3.890148888893206203e-01,2.501831972984374985e+00,-3.890148888932112858e-01,3.745823167926886333e-18
4.979642226562498199e-05,-4.474003359913236184e-18,-4.288064522178957554e-18,1.486624943500000073e+00,-3.890148888893206203e-01,2.501831972984374985e+00,-3.890148888932112858e-01,4.474003359913236184e-18
5.379642226562494369e-05,-5.264425932603258633e-18,-5.062926188481343413e-18,1.486624943500000073e+00,-3.890148888893206203e-01,2.501831972984374985e+00,-3.890148888932112858e-01,5.264425932603258633e-18
5.779642226562490539e-05,-6.117090885872487761e-18,-5.900030235393434976e-18,1.486624943500000073e+00,-3.890148888893206203e-01,2.501831972984374985e+00,-3.890148888932112858e-01,6.117090885872487761e-18
6.179642226562489420e-05,-7.031998219596413736e-18,-6.799376662790727037e-18,1.486624943500000073e+00,-3.890148888893206203e-01,2.501831972984374985e+00,-3.890148888932112858e-01,7.031998219596413736e-18
6.579642226562499143e-05,-8.009147933650559084e-18,-7.760965470548732875e-18,1.486624943500000073e+00,-3.890148888893206203e-01,2.501831972984374985e+00,-3.890148888932112858e-01,8.009147933650559084e-18
6.979642226562508866e-05,-9.048540027910450184e-18,-8.784796658542991194e-18,1.486624943500000073e+00,-3.890148888893206203e-01,2.501831972984374985e+00,-3.890148888932112858e-01,9.048540027910450184e-18
7.379642226562518588e-05,-1.015017450225156103e-17,-9.870870226648966742e-18,1.486624943500000073e+00,-3.890148888893206203e-01,2.501831972984374985e+00,-3.890148888932112858e-01,1.015017450225156103e-17
7.779642226562528311e-05,-1.131405135654945805e-17,-1.101918617474222287e-17,1.486624943500000073e+00,-3.890148888893206203e-01,2.501831972984374985e+00,-3.890148888932112858e-01,1.131405135654945805e-17
8.179642226562538034e-05,-1.254017059067963065e-17,-1.222974450269825515e-17,1.486624943500000073e+00,-3.890148888893206203e-01,2.501831972984374985e+00,-3.890148888932112858e-01,1.254017059067963065e-17
8.579642226562547757e-05,-1.382853220451757747e-17,-1.350254521039256992e-17,1.486624943500000073e+00,-3.890148888893206203e-01,2.501831972984374985e+00,-3.890148888932112858e-01,1.382853220451757747e-17
8.979642226562557479e-05,-1.517913619793885263e-17,-1.483758829770069973e-17,1.486624943500000073e+00,-3.890148888893206203e-01,2.501831972984374985e+00,-3.890148888932112858e-01,1.517913619793885263e-17
9.379642226562567202e-05,-1.659198257081891779e-17,-1.623487376449814938e-17,1.486624943500000073e+00,-3.890148888893206203e-01,2.501831972984374985e+00,-3.890148888932112858e-01,1.659198257081891779e-17
9.779642226562576925e-05,-1.806707132303336249e-17,-1.769440161066041443e-17,1.486624943500000073e+00,-3.890148888893206203e-01,2.501831972984374985e+00,-3.890148888932112858e-01,1.806707132303336249e-17
1.017964222656258665e-04,-1.960440245445765765e-17,-1.921617183606308905e-17,1.486624943500000073e+00,-3.890148888893206203e-01,2.501831972984374985e+00,-3.890148888932112858e-01,1.960440245445765765e-17
1.057964222656259637e-04,-2.120397596496731116e-17,-2.080018444058160410e-17,1.486624943500000073e+00,-3.890148888893206203e-01,2.501831972984374985e+00,-3.890148888932112858e-01,2.120397596496731116e-17
1.097964222656260609e-04,-2.286579185443785248e-17,-2.244643942409150136e-17,1.486624943500000073e+00,-3.890148888893206203e-01,2.501831972984374985e+00,-3.890148888932112858e-01,2.286579185443785248e-17
1.137964222656261582e-04,-2.458985012274481414e-17,-2.415493678646831029e-17,1.486624943500000073e+00,-3.890148888893206203e-01,2.501831972984374985e+00,-3.890148888932112858e-01,2.458985012274481414e-17
1.177964222656262554e-04,-2.637615076976362699e-17,-2.592567652758748947e-17,1.486624943500000073e+00,-3.890148888893206203e-01,2.501831972984374985e+00,-3.890148888932112858e-01,2.637615076976362699e-17
1.217964222656263526e-04,-2.822469379536989754e-17,-2.775865864732460842e-17,1.486624943500000073e+00,-3.890148888893206203e-01,2.501831972984374985e+00,-3.890148888932112858e-01,2.822469379536989754e-17
1.257964222656264498e-04,-3.013547919943914908e-17,-2.965388314555521509e-17,1.486624943500000073e+00,-3.890148888893206203e-01,2.501831972984374985e+00,-3.890148888932113413e-01,3.013547919943914908e-17
1.297964222656265471e-04,-3.210850698184679397e-17,-3.161135002215473417e-17,1.486624943500000073e+00,-3.890148888893206203e-01,2.501831972984374985e+00,-3.890148888932113413e-01,3.210850698184679397e-17
1.337964222656266443e-04,-3.414377714246840789e-17,-3.363105927699869203e-17,1.486624943500000073e+00,-3.890148888893206203e-01,2.501831972984374985e+00,-3.890148888932113413e-01,3.414377714246840789e-17
1.377964222656267415e-04,-3.624128968117954187e-17,-3.571301090996268285e-17,1.486624943500000073e+00,-3.890148888893206203e-01,2.501831972984374985e+00,-3.890148888932113413e-01,3.624128968117954187e-17
1.417964222656268388e-04,-3.840104459785563601e-17,-3.785720492092212823e-17,1.486624943500000073e+00,-3.890148888893206203e-01,2.501831972984374985e+00,-3.890148888932113413e-01,3.840104459785563601e-17
1.457964222656269360e-04,-4.062304189237228447e-17,-4.006364130975263466e-17,1.486624943500000073e+00,-3.890148888893206203e-01,2.501831972984374985e+00,-3.890148888932113413e-01,4.062304189237228447e-17
1.497964222656270332e-04,-4.290728156460503213e-17,-4.233232007632972853e-17,1.486624943500000073e+00,-3.890148888893206203e-01,2.501831972984374985e+00,-3.890148888932113413e-01,4.290728156460503213e-17
1.537964222656271304e-04,-4.525376361442926978e-17,-4.466324122052884377e-17,1.486624943500000073e+00,-3.890148888893206203e-01,2.501831972984374985e+00,-3.890148888932113413e-01,4.525376361442926978e-17
1.577964222656272277e-04,-4.766248804172059158e-17,-4.705640474222548826e-17,1.486624943500000073e+00,-3.890148888893206203e-01,2.501831972984374985e+00,-3.890148888932113413e-01,4.766248804172059158e-17
1.617964222656273249e-04,-5.013345484635449309e-17,-4.951181064129521304e-17,1.486624943500000073e+00,-3.890148888893206203e-01,2.501831972984374985e+00,-3.890148888932113413e-01,5.013345484635449309e-17
1.657964222656274221e-04,-5.266666402820646373e-17,-5.202945891761356297e-17,1.486624943500000073e+00,-3.890148888893206203e-01,2.501831972984374985e+00,-3.890148888932113413e-01,5.266666402820646373e-17
1.697964222656275193e-04,-5.526211558715201136e-17,-5.460934957105595966e-17,1.486624943500000073e+00,-3.890148888893206203e-01,2.501831972984374985e+00,-3.890148888932113413e-01,5.526211558715201136e-17
1.737964222656276166e-04,-5.791980952306666239e-17,-5.725148260149802192e-17,1.486624943500000073e+00,-3.890148888893206203e-01,2.501831972984374985e+00,-3.890148888932113413e-01,5.791980952306666239e-17
1.777964222656277138e-04,-6.063974583582595549e-17,-5.995585800881514673e-17,1.486624943499999851e+00,-3.890148888893205648e-01,2.501831972984374985e+00,-3.890148888932111193e-01,6.063974583582595549e-17
1.817964222656278110e-04,-6.342192452530539241e-17,-6.272247579288289742e-17,1.486624943499999851e+00,-3.890148888893205648e-01,2.501831972984374985e+00,-3.890148888932111193e-01,6.342192452530539241e-17
1.857964222656279083e-04,-6.626634559138054266e-17,-6.555133595357694212e-17,1.486624943499999851e+00,-3.890148888893205648e-01,2.501831972984374985e+00,-3.890148888932111193e-01,6.626634559138054266e-17
1.897964222656280055e-04,-6.917300903392687715e-17,-6.844243849077255454e-17,1.486624943499999851e+00,-3.890148888893205648e-01,2.501831972984374985e+00,-3.890148888932111193e-01,6.917300903392687715e-17
1.937964222656281027e-04,-7.214191485281990377e-17,-7.139578340434546442e-17,1.486624943499999851e+00,-3.890148888893205648e-01,2.501831972984374985e+00,-3.890148888932111193e-01,7.214191485281990377e-17
1.977964222656281999e-04,-7.517306304793516738e-17,-7.441137069417098245e-17,1.486624943499999851e+00,-3.890148888893205648e-01,2.501831972984374985e+00,-3.890148888932111193e-01,7.517306304793516738e-17
2.017964222656282972e-04,-7.826645361914806494e-17,-7.748920036012480139e-17,1.486624943499999851e+00,-3.890148888893205648e-01,2.501831972984374985e+00,-3.890148888932111193e-01,7.826645361914806494e-17
2.057964222656283944e-04,-8.142208656633432620e-17,-8.062927240208237983e-17,1.486624943499999851e+00,-3.890148888893205648e-01,2.501831972984374985e+00,-3.890148888932111193e-01,8.142208656633432620e-17
2.097964222656284916e-04,-8.463996188936924952e-17,-8.383158681991917636e-17,1.486624943499999851e+00,-3.890148888893205648e-01,2.501831972984374985e+00,-3.890148888932111193e-01,8.463996188936924952e-17
2.137964222656285889e-04,-8.792007958812844139e-17,-8.709614361351072352e-17,1.486624943499999851e+00,-3.890148888893205648e-01,2.501831972984374985e+00,-3.890148888932111748e-01,8.792007958812844139e-17
2.177964222656286861e-04,-9.126243966248745900e-17,-9.042294278273264012e-17,1.486624943499999851e+00,-3.890148888893205648e-01,2.501831972984374985e+00,-3.890148888932111748e-01,9.126243966248745900e-17
2.217964222656287833e-04,-9.466704211232177326e-17,-9.381198432746022452e-17,1.486624943499999851e+00,-3.890148888893205648e-01,2.501831972984374985e+00,-3.890148888932111748e-01,9.466704211232177326e-17
2.257964222656288805e-04,-9.813388693750674414e-17,-9.726326824756903391e-17,1.486624943499999851e+00,-3.890148888893205648e-01,2.501831972984374985e+00,-3.890148888932111748e-01,9.813388693750674414e-17
2.297964222656289778e-04,-1.016629741379182000e-16,-1.007767945429348843e-16,1.486624943499999851e+00,-3.890148888893205648e-01,2.501831972984374985e+00,-3.890148888932111748e-01,1.016629741379182000e-16
2.337964222656290750e-04,-1.052543037134314269e-16,-1.043525632134329385e-16,1.486624943499999851e+00,-3.890148888893205648e-01,2.501831972984374985e+00,-3.890148888932111748e-01,1.052543037134314269e-16
2.377964222656291722e-04,-1.089078756639220806e-16,-1.079905742589389016e-16,1.486624943499999851e+00,-3.890148888893205648e-01,2.501831972984374985e+00,-3.890148888932111748e-01,1.089078756639220806e-16
2.417964222656292694e-04,-1.126236899892654965e-16,-1.116908276793281459e-16,1.486624943499999851e+00,-3.890148888893205648e-01,2.501831972984374985e+00,-3.890148888932111748e-01,1.126236899892654965e-16
2.457964222656293667e-04,-1.164017466893374781e-16,-1.154533234744763765e-16,1.486624943499999851e+00,-3.890148888893205648e-01,2.501831972984374985e+00,-3.890148888932111748e-01,1.164017466893374781e-16
2.497964222656294639e-04,-1.202420457640132008e-16,-1.192780616442590889e-16,1.486624943499999851e+00,-3.890148888893205648e-01,2.501831972984374985e+00,-3.890148888932111748e-01,1.202420457640132008e-16
2.537964222656295611e-04,-1.241445872131681722e-16,-1.231650421885515446e-16,1.486624943499999851e+00,-3.890148888893205648e-01,2.501831972984374985e+00,-3.890148888932111748e-01,1.241445872131681722e-16
2.577964222656296584e-04,-1.281093710366782455e-16,-1.271142651072294239e-16,1.486624943499999851e+00,-3.890148888893205648e-01,2.501831972984374985e+00,-3.890148888932111748e-01,1.281093710366782455e-16
2.617964222656297556e-04,-1.321363972344188546e-16,-1.311257304001682595e-16,1.486624943499999851e+00,-3.890148888893205648e-01,2.501831972984374985e+00,-3.890148888932111748e-01,1.321363972344188546e-16
2.657964222656298528e-04,-1.362256658062651868e-16,-1.351994380672435099e-16,1.486624943499999851e+00,-3.890148888893205648e-01,2.501831972984374985e+00,-3.890148888932111748e-01,1.362256658062651868e-16
2.697964222656299500e-04,-1.403771767520930706e-16,-1.393353881083307569e-16,1.486624943499999851e+00,-3.890148888893205648e-01,2.501831972984374985e+00,-3.890148888932111748e-01,1.403771767520930706e-16
2.737964222656300473e-04,-1.445909300717778659e-16,-1.435335805233052620e-16,1.486624943499999851e+00,-3.890148888893205648e-01,2.501831972984374985e+00,-3.890148888932112303e-01,1.445909300717778659e-16
2.777964222656301445e-04,-1.488669257651952532e-16,-1.477940153120430260e-16,1.486624943499999851e+00,-3.890148888893205648e-01,2.501831972984374985e+00,-3.890148888932112303e-01,1.488669257651952532e-16
2.817964222656302417e-04,-1.532051638322205185e-16,-1.521166924744191377e-16,1.486624943499999851e+00,-3.890148888893205648e-01,2.501831972984374985e+00,-3.890148888932112303e-01,1.532051638322205185e-16
2.857964222656303390e-04,-1.576056442727291204e-16,-1.565016120103090311e-16,1.486624943499999851e+00,-3.890148888893205648e-01,2.501831972984374985e+00,-3.890148888932112303e-01,1.576056442727291204e-16
2.897964222656304362e-04,-1.620683670865969612e-16,-1.609487739195888304e-16,1.486624943499999851e+00,-3.890148888893205648e-01,2.501831972984374985e+00,-3.890148888932112303e-01,1.620683670865969612e-16
2.937964222656305334e-04,-1.665933322736992776e-16,-1.654581782021335012e-16,1.486624943499999851e+00,-3.890148888893205648e-01,2.501831972984374985e+00,-3.890148888932112303e-01,1.665933322736992776e-16
2.977964222656306306e-04,-1.711805398339116515e-16,-1.700298248578186744e-16,1.486624943499999851e+00,-3.890148888893205648e-01,2.501831972984374985e+00,-3.890148888932112303e-01,1.711805398339116515e-16
3.017964222656307279e-04,-1.758299897671097633e-16,-1.746637138865201293e-16,1.486624943499999851e+00,-3.890148888893205648e-01,2.501831972984374985e+00,-3.890148888932112303e-01,1.758299897671097633e-16
3.057964222656308251e-04,-1.805416820731689483e-16,-1.793598452881131026e-16,1.486624943499999851e+00,-3.890148888893205648e-01,2.501831972984374985e+00,-3.890148888932112303e-01,1.805416820731689483e-16
3.097964222656309223e-04,-1.853156167519644433e-16,-1.841182190624728555e-16,1.486624943499999851e+00,-3.890148888893205648e-01,2.501831972984374985e+00,-3.890148888932112303e-01,1.853156167519644433e-16
3.137964222656310195e-04,-1.901517938033721752e-16,-1.889388352094755370e-16,1.486624943499999851e+00,-3.890148888893205648e-01,2.501831972984374985e+00,-3.890148888932112303e-01,1.901517938033721752e-16
3.177964222656311168e-04,-1.950502132272671835e-16,-1.938216937289958415e-16,1.486624943499999851e+00,-3.890148888893205648e-01,2.501831972984374985e+00,-3.890148888932112303e-01,1.950502132272671835e-16
3.217964222656312140e-04,-2.000108750235255185e-16,-1.987667946209100163e-16,1.486624943499999851e+00,-3.890148888893205648e-01,2.501831972984374985e+00,-3.890148888932112858e-01,2.000108750235255185e-16
3.257964222656313112e-04,-2.050337791920226388e-16,-2.037741378850935447e-16,1.486624943499999851e+00,-3.890148888893205648e-01,2.501831972984374985e+00,-3.890148888932112858e-01,2.050337791920226388e-16
3.297964222656314085e-04,-2.101189257326342248e-16,-2.088437235214218606e-16,1.486624943499999851e+00,-3.890148888893205648e-01,2.501831972984374985e+00,-3.890148888932112858e-01,2.101189257326342248e-16
3.337964222656315057e-04,-2.152663146452354392e-16,-2.139755515297704966e-16,1.486624943499999851e+00,-3.890148888893205648e-01,2.501831972984374985e+00,-3.890148888932112858e-01,2.152663146452354392e-16
3.377964222656316029e-04,-2.204759459297015681e-16,-2.191696219100144923e-16,1.486624943499999851e+00,-3.890148888893205648e-01,2.501831972984374985e+00,-3.890148888932112858e-01,2.204759459297015681e-16
3.417964222656317001e-04,-2.257478195859085877e-16,-2.244259346620299223e-16,1.486624943499999851e+00,-3.890148888893205648e-01,2.501831972984374985e+00,-3.890148888932112858e-01,2.257478195859085877e-16
3.457964222656317974e-04,-2.310819356137316116e-16,-2.297444897856915305e-16,1.486624943499999851e+00,-3.890148888893205648e-01,2.501831972984374985e+00,-3.890148888932112858e-01,2.310819356137316116e-16
3.497964222656318946e-04,-2.364782940130466159e-16,-2.351252872808759341e-16,1.486624943499999851e+00,-3.890148888893205648e-01,2.501831972984374985e+00,-3.890148888932112858e-01,2.364782940130466159e-16
3.500059389036313498e-04,-2.367626662172067452e-16,-2.354088444179567050e-16,1.486624943499999851e+00,-3.890148888893206203e-01,2.501831972984374985e+00,-3.890148888932112858e-01,2.367626662172067452e-16
3.500059982640494607e-04,-2.367627468099596746e-16,-2.354089247797842122e-16,1.486624943499999851e+00,-3.890148888893205648e-01,2.501831972984374985e+00,-3.890148888932112858e-01,2.367627468099596746e-16
3.500059998850769917e-04,-2.367627490457035969e-16,-2.354089269743232670e-16,1.486624943499999851e+00,-3.890148725986069533e-01,2.501831972984374985e+00,-3.890148888932112858e-01,2.367627490457035969e-16
3.500066675582965466e-04,-1.082766393046284303e-15,-2.356015970644879697e-16,1.486624943499999851e+00,-3.865114286504116592e-01,2.501831972984374985e+00,-3.890148888932112858e-01,1.082766393046284303e-15
3.500100286839244218e-04,-2.761500606970844150e-14,-2.734941654016609272e-16,1.486624943499999851e+00,-3.763808113012934164e-01,2.501831972984374985e+00,-3.890148888932113413e-01,2.761500606970844150e-14
3.500160902981130939e-04,-1.415440910762488187e-13,-7.499292283723432751e-16,1.486624943499999851e+00,-3.654411171453274543e-01,2.501831972984374985e+00,-3.890148888932117854e-01,1.415440910762488187e-13
3.500265966039879727e-04,-4.406145791521589926e-13,-3.715454199367679163e-15,1.486624943499999851e+00,-3.577342257728780561e-01,2.501831972984374985e+00,-3.890148888932149496e-01,4.406145791521589926e-13
3.500448707170074857e-04,-1.058780862644239772e-12,-1.715721733023804080e-14,1.486624943499999851e+00,-3.551138004671842152e-01,2.501831972984374985e+00,-3.890148888932280502e-01,1.058780862644239772e-12
3.501019056845243536e-04,-3.080180718908654008e-12,-1.313341657993015946e-13,1.486624943499999851e+00,-3.563586982458351038e-01,2.501831972984374985e+00,-3.890148888933408489e-01,3.080180718908654008e-12
3.518706237443361331e-04,-6.898439544533522456e-11,-3.728326795189087728e-11,1.486624943499786689e+00,-3.824741834375408600e-01,2.501831972984154717e+00,-3.890148889299048784e-01,6.898439544533522456e-11
3.556822593209473253e-04,-2.165586035958145257e-10,-1.778801783959958870e-10,1.486624943456339221e+00,-3.888115864853470272e-01,2.501831972939349669e+00,-3.890148890410268789e-01,2.165586035958145257e-10
3.596822593209474225e-04,-3.721425627455048888e-10,-3.332461526703202992e-10,1.486624943285066003e+00,-3.890095699042089850e-01,2.501831972762724288e+00,-3.890148890850498309e-01,3.721425627455048888e-10
3.606064222656267851e-04,-4.080934883760477127e-10,-3.691937905793040228e-10,1.486624943235316909e+00,-3.890127167689080845e-01,2.501831972711420882e+00,-3.890148890887675237e-01,4.080934883760477127e-10
3.646064222656268824e-04,-5.636978579542507279e-10,-5.247960268153322906e-10,1.486624943008625799e+00,-3.890148498385360698e-01,2.501831972477645216e+00,-3.890148890976083407e-01,5.636978579542507279e-10
3.686064222656269796e-04,-7.193022272834847865e-10,-6.804003576481457087e-10,1.486624942777642344e+00,-3.890148883927669887e-01,2.501831972239443758e+00,-3.890148891037078505e-01,7.193022272834847865e-10
3.726064222656270768e-04,-8.749065963637511292e-10,-8.360047260922545324e-10,1.486624942546336037e+00,-3.890148890953085137e-01,2.501831972000908788e+00,-3.890148891096015804e-01,8.749065963637511292e-10
3.766064222656271740e-04,-1.030510965195049859e-09,-9.916090949716461638e-10,1.486624942315011744e+00,-3.890148891137808485e-01,2.501831971762355611e+00,-3.890148891154834310e-01,1.030510965195049859e-09
3.800036874999999773e-04,-1.162668293136297180e-09,-1.123766422964213424e-09,1.486624942118543347e+00,-3.890148891190001179e-01,2.501831971559747902e+00,-3.890148891204784354e-01,1.162668293136297180e-09
3.800059592758438091e-04,-1.162756667697681812e-09,-1.123854797525640242e-09,1.486624942118411896e+00,-3.890148891190030045e-01,2.501831971559612455e+00,-3.890148891204817105e-01,1.162756667697681812e-09
3.800059986131911535e-04,-1.162758197963453073e-09,-1.123856327791415639e-09,1.486624942118409676e+00,-3.890148891190046698e-01,2.501831971559610235e+00,-3.890148891204818216e-01,1.162758197963453073e-09
3.800059999885386348e-04,-4.188846878300365965e-06,-1.124081787333873451e-09,1.486624942118409676e+00,-3.890148891190046698e-01,2.501831971559610235e+00,-3.890148891207045323e-01,4.188846878300365965e-06
3.800061881664063999e-04,-7.255990437312983057e-03,-6.862974465980082760e-07,1.486624942118398796e+00,-3.890148891616693749e-01,2.501831971559598689e+00,-3.890155659646048480e-01,7.255990437312983057e-03
3.800069575642875267e-04,-3.552666234206814516e-02,-1.727790636755973473e-05,1.486624942118354165e+00,-3.890148946138150543e-01,2.501831971559552947e+00,-3.890319558740321648e-01,3.552666234206814516e-02
3.800080190086878914e-04,-7.112446451785230106e-02,-7.416701058846776184e-05,1.486624942118292880e+00,-3.890149392428488007e-01,2.501831971559489887e+00,-3.890881533935728331e-01,7.112446451785230106e-02
3.800091886935070542e-04,-1.062150199112325832e-01,-1.781359707103923040e-04,1.486624942118225157e+00,-3.890150809459822501e-01,2.501831971559419721e+00,-3.891908584326085330e-01,1.062150199112325832e-01
3.800102642637157436e-04,-1.350531745593749611e-01,-3.079017597117979384e-04,1.486624942118162984e+00,-3.890153361001295051e-01,2.501831971559355328e+00,-3.893190466958240670e-01,1.350531745593749611e-01
3.800127821906597834e-04,-1.915833774838238690e-01,-7.208269662024036073e-04,1.486624942118017323e+00,-3.890165838247990338e-01,2.501831971559205225e+00,-3.897269520880667359e-01,1.915833774838238690e-01
3.800171986937480499e-04,-2.620725274866579357e-01,-1.728686379027506541e-03,1.486624942117761750e+00,-3.890217989158749612e-01,2.501831971558941436e+00,-3.907225592408344883e-01,2.620725274866579357e-01
3.800224486836492502e-04,-3.139220249966735987e-01,-3.239537837026457926e-03,1.486624942117455328e+00,-3.890345023121009049e-01,2.501831971558625689e+00,-3.922150437076770690e-01,3.139220249966735987e-01
3.800282800438825885e-04,-3.471021896183834055e-01,-5.151782226032975039e-03,1.486624942117097170e+00,-3.890584057096976855e-01,2.501831971558256651e+00,-3.941040414859287022e-01,3.471021896183834055e-01
3.800365503815036558e-04,-3.706845960488169278e-01,-8.078557547982877923e-03,1.486624942116443027e+00,-3.891117713592158189e-01,2.501831971557582079e+00,-3.969952368332700932e-01,3.706845960488169278e-01
3.800485904483719081e-04,-3.835152874814724555e-01,-1.251003313474395931e-02,1.486624942114131098e+00,-3.892322716406243499e-01,2.501831971555197320e+00,-4.013728402317074395e-01,3.835152874814724555e-01
3.800628730749074763e-04,-3.876942851706139948e-01,-1.780770522555882168e-02,1.486624942103039526e+00,-3.894416542206102227e-01,2.501831971543759359e+00,-4.066061100243409387e-01,3.876942851706139948e-01
3.800778819728067317e-04,-3.887176141387623240e-01,-2.332720707718538566e-02,1.486624942059248777e+00,-3.897381464394661932e-01,2.501831971498600371e+00,-4.120585128356705207e-01,3.887176141387623240e-01
3.800973484647798481e-04,-3.889691196878070634e-01,-3.037432440269842437e-02,1.486624941858494697e+00,-3.902359731737501947e-01,2.501831971291573087e+00,-4.190199602343571694e-01,3.889691196878070634e-01
3.801228221247659328e-04,-3.890076633946862317e-01,-3.939417644826502529e-02,1.486624940909103243e+00,-3.910729481273835240e-01,2.501831970312512698e+00,-4.279301599010787438e-01,3.890076633946862317e-01
3.801525629500236486e-04,-3.890107590030046358e-01,-4.963873736880964477e-02,1.486624937171629357e+00,-3.923027112612014755e-01,2.501831966458242906e+00,-4.380501782271158939e-01,3.890107590030046358e-01
3.801829588361428213e-04,-3.890109168356773450e-01,-5.979885777664635527e-02,1.486624926358332877e+00,-3.938240846722170230e-01,2.501831955307030952e+00,-4.480867780477775231e-01,3.890109168356773450e-01
3.802203449935071390e-04,-3.890109245322000975e-01,-7.187936487614583758e-02,1.486624891544320537e+00,-3.960369843385461164e-01,2.501831919405081095e+00,-4.600204036678258168e-01,3.890109245322000975e-01
3.802665810845340952e-04,-3.890109247141139148e-01,-8.620820121778734191e-02,1.486624778455579277e+00,-3.992526721119328270e-01,2.501831802782315872e+00,-4.741749763645203841e-01,3.890109247141139148e-01
3.803163994527302880e-04,-3.890109247140037252e-01,-1.009234636892465536e-01,1.486624479420915801e+00,-4.032527963230274071e-01,2.501831494402819267e+00,-4.887111591290287937e-01,3.890109247140037252e-01
3.803696697619391907e-04,-3.890109247120265845e-01,-1.158680954209610897e-01,1.486623769380840843e+00,-4.080757586063751829e-01,2.501830762173991918e+00,-5.034736612486770957e-01,3.890109247120265845e-01
3.804332197533782630e-04,-3.890109247096882883e-01,-1.326859509408882531e-01,1.486621956901279740e+00,-4.144719205610961632e-01,2.501828893054444336e+00,-5.200859137938662613e-01,3.890109247096882883e-01
3.805094769423428367e-04,-3.890109247069383769e-01,-1.515055363145361988e-01,1.486617299936567216e+00,-4.229260273572593154e-01,2.501824090559585212e+00,-5.386737539323283031e-01,3.890109247069383769e-01
3.806016401551536553e-04,-3.890109247037045748e-01,-1.724160272166967156e-01,1.486605234690019373e+00,-4.340537895942214730e-01,2.501811648274082422e+00,-5.593223761463018695e-01,3.890109247037045748e-01
3.807140599312453921e-04,-3.890109246999030601e-01,-1.954463937480750702e-01,1.486573635014235562e+00,-4.486275294038178374e-01,2.501779061108430291e+00,-5.820527067007937871e-01,3.890109246999030601e-01
3.808528934410639619e-04,-3.890109246954409628e-01,-2.205372249810912955e-01,1.486489648289251342e+00,-4.676005800204783291e-01,2.501692449798290419e+00,-6.067852345407511727e-01,3.890109246954409628e-01
3.810273449206552253e-04,-3.890109246902125895e-01,-2.475065631302958424e-01,1.486261720472887182e+00,-4.921272700493869445e-01,2.501457399237664969e+00,-6.332822236667736693e-01,3.890109246902125895e-01
3.812523282111287409e-04,-3.890109246841028101e-01,-2.760152734476766789e-01,1.485623203035840723e+00,-5.235777891195727562e-01,2.500798928130711030e+00,-6.610398075743564306e-01,3.890109246841028101e-01
3.815553928364801440e-04,-3.890109246769643536e-01,-3.055578233624784423e-01,1.483734831900877182e+00,-5.635717678918845674e-01,2.498851545397779983e+00,-6.890266234284713187e-01,3.890109246769643536e-01
3.820024967986219815e-04,-3.890109246685003463e-01,-3.356451214081313528e-01,1.477459422388138321e+00,-6.142755596463862489e-01,2.492380029337767589e+00,-7.147617792980427431e-01,3.890109246685003463e-01
3.828520413604405035e-04,-3.890109246575236268e-01,-3.661940888347717249e-01,1.448379754312593359e+00,-6.774934445013389706e-01,2.462391621634862027e+00,-7.262088707494025464e-01,3.890109246575236268e-01
3.840286797532492026e-04,-3.890109246475708105e-01,-3.819784312812407601e-01,1.369073227256335068e+00,-6.982179649620517958e-01,2.380606765608095365e+00,-6.883437408635463273e-01,3.890109246475708105e-01
3.855810893400719278e-04,-3.890109246319884972e-01,-3.875230584060429528e-01,1.236445910892523647e+00,-6.459889503067871575e-01,2.243834845607915351e+00,-5.957224530901622517e-01,3.890109246319884972e-01
3.883551905825706712e-04,-3.890109245749061029e-01,-3.889185033975683936e-01,1.073497507675286844e+00,-5.017736335242888313e-01,2.075794304790139932e+00,-4.588717165952809762e-01,3.890109245749061029e-01
3.900226441406249678e-04,-3.890109245234837365e-01,-3.889935486456691516e-01,1.032721113445104200e+00,-4.456164084344353959e-01,2.033743648240263546e+00,-4.207805974382576863e-01,3.890109245234837365e-01
3.929843503724634950e-04,-3.890109242930557820e-01,-3.890100336801416980e-01,1.009548810185426859e+00,-4.045370250353743646e-01,2.009847210503721282e+00,-3.983965476581799448e-01,3.890109242930557820e-01
3.969843503724635922e-04,-3.890109239818450027e-01,-3.890109079583272123e-01,1.005400357718924109e+00,-3.948887491046618736e-01,2.005569118897640557e+00,-3.943308021761796622e-01,3.890109239818450027e-01
4.009843503724636895e-04,-3.890109236706343343e-01,-3.890109234536193172e-01,1.005140073475795370e+00,-3.941109662298949989e-01,2.005300700771913913e+00,-3.940750893451452352e-01,3.890109236706343343e-01
4.049843503724637867e-04,-3.890109233594234994e-01,-3.890109234280801909e-01,1.005127276083268795e+00,-3.940643626551911805e-01,2.005287503460871257e+00,-3.940625141594966685e-01,3.890109233594234994e-01
4.089843503724638839e-04,-3.890109230482129976e-01,-3.890109231220323927e-01,1.005126743016379054e+00,-3.940620715722250034e-01,2.005286953735640587e+00,-3.940619900400615938e-01,3.890109230482129976e-01
4.129843503724639812e-04,-3.890109227370021627e-01,-3.890109228109150385e-01,1.005126723594481408e+00,-3.940619738487965984e-01,2.005286933706809549e+00,-3.940619706442340386e-01,3.890109227370021627e-01
4.169843503724640784e-04,-3.890109224257917164e-01,-3.890109224997059800e-01,1.005126723243190634e+00,-3.940619701030697586e-01,2.005286933344540667e+00,-3.940619699878818993e-01,3.890109224257917164e-01
4.209843503724641756e-04,-3.890109221145807150e-01,-3.890109221884952007e-01,1.005126723538765088e+00,-3.940619699709750345e-01,2.005286933649351511e+00,-3.940619699671643050e-01,3.890109221145807150e-01
4.249843503724642728e-04,-3.890109218033702132e-01,-3.890109218772845878e-01,1.005126723854791182e+00,-3.940619699666157438e-01,2.005286933975253039e+00,-3.940619699665438014e-01,3.890109218033702132e-01
4.289843503724643701e-04,-3.890109214921593783e-01,-3.890109215660737529e-01,1.005126724171429009e+00,-3.940619699664775211e-01,2.005286934301786061e+00,-3.940619699665242059e-01,3.890109214921593783e-01
4.329843503724644673e-04,-3.890109211809487655e-01,-3.890109212548631401e-01,1.005126724488083934e+00,-3.940619699664716369e-01,2.005286934628336404e+00,-3.940619699665215414e-01,3.890109211809487655e-01
4.369843503724645645e-04,-3.890109208697380971e-01,-3.890109209436524162e-01,1.005126724804739968e+00,-3.940619699664695275e-01,2.005286934954888078e+00,-3.940619699665197095e-01,3.890109208697380971e-01
4.409843503724646618e-04,-3.890109205585272623e-01,-3.890109206324416369e-01,1.005126725121395337e+00,-3.940619699664674180e-01,2.005286935281439309e+00,-3.940619699665174336e-01,3.890109205585272623e-01
4.449843503724647590e-04,-3.890109202473165939e-01,-3.890109203212309130e-01,1.005126725438050928e+00,-3.940619699664653086e-01,2.005286935607989651e+00,-3.940619699665152686e-01,3.890109202473165939e-01
4.489843503724648562e-04,-3.890109199361057590e-01,-3.890109200100202447e-01,1.005126725754706962e+00,-3.940619699664634767e-01,2.005286935934541326e+00,-3.940619699665138254e-01,3.890109199361057590e-01
4.529843503724649534e-04,-3.890109196248951462e-01,-3.890109196988096874e-01,1.005126726071362553e+00,-3.940619699664615894e-01,2.005286936261093000e+00,-3.940619699665116604e-01,3.890109196248951462e-01
4.569843503724650507e-04,-3.890109193136844223e-01,-3.890109193875987970e-01,1.005126726388017921e+00,-3.940619699664594799e-01,2.005286936587643787e+00,-3.940619699665093290e-01,3.890109193136844223e-01
4.609843503724651479e-04,-3.890109190024736430e-01,-3.890109190763878511e-01,1.005126726704674178e+00,-3.940619699664572595e-01,2.005286936914195461e+00,-3.940619699665073861e-01,3.890109190024736430e-01
4.649843503724652451e-04,-3.890109186912629746e-01,-3.890109187651774048e-01,1.005126727021329547e+00,-3.940619699664556497e-01,2.005286937240746692e+00,-3.940619699665054432e-01,3.890109186912629746e-01
4.689843503724653423e-04,-3.890109183800521397e-01,-3.890109184539667364e-01,1.005126727337984915e+00,-3.940619699664533737e-01,2.005286937567297034e+00,-3.940619699665032227e-01,3.890109183800521397e-01
4.729843503724654396e-04,-3.890109180688416379e-01,-3.890109181427560681e-01,1.005126727654640284e+00,-3.940619699664508757e-01,2.005286937893848265e+00,-3.940619699665010023e-01,3.890109180688416379e-01
4.769843503724655368e-04,-3.890109177576308030e-01,-3.890109178315451222e-01,1.005126727971295875e+00,-3.940619699664489883e-01,2.005286938220398607e+00,-3.940619699664987263e-01,3.890109177576308030e-01
4.809843503724656340e-04,-3.890109174464203567e-01,-3.890109175203346203e-01,1.005126728287952131e+00,-3.940619699664475450e-01,2.005286938546950726e+00,-3.940619699664974496e-01,3.890109174464203567e-01
4.849843503724657313e-04,-3.890109171352093553e-01,-3.890109172091240075e-01,1.005126728604607500e+00,-3.940619699664452136e-01,2.005286938873501956e+00,-3.940619699664952291e-01,3.890109171352093553e-01
4.889843503724657743e-04,-3.890109168239988535e-01,-3.890109168979131171e-01,1.005126728921263757e+00,-3.940619699664434372e-01,2.005286939200053187e+00,-3.940619699664935638e-01,3.890109168239988535e-01
4.929843503724658715e-04,-3.890109165127880186e-01,-3.890109165867022822e-01,1.005126729237918903e+00,-3.940619699664406062e-01,2.005286939526603973e+00,-3.940619699664909548e-01,3.890109165127880186e-01
4.969843503724659687e-04,-3.890109162015774058e-01,-3.890109162754918359e-01,1.005126729554574716e+00,-3.940619699664396069e-01,2.005286939853155204e+00,-3.940619699664892339e-01,3.890109162015774058e-01
5.009843503724660660e-04,-3.890109158903667375e-01,-3.890109159642810011e-01,1.005126729871230085e+00,-3.940619699664368314e-01,2.005286940179705546e+00,-3.940619699664869025e-01,3.890109158903667375e-01
5.049843503724661632e-04,-3.890109155791559026e-01,-3.890109156530702772e-01,1.005126730187886119e+00,-3.940619699664351661e-01,2.005286940506257221e+00,-3.940619699664852371e-01,3.890109155791559026e-01
5.089843503724662604e-04,-3.890109152679452342e-01,-3.890109153418596089e-01,1.005126730504541488e+00,-3.940619699664328901e-01,2.005286940832808451e+00,-3.940619699664829612e-01,3.890109152679452342e-01
5.129843503724663576e-04,-3.890109149567343994e-01,-3.890109150306489405e-01,1.005126730821197301e+00,-3.940619699664311137e-01,2.005286941159359237e+00,-3.940619699664810183e-01,3.890109149567343994e-01
5.169843503724664549e-04,-3.890109146455237865e-01,-3.890109147194382166e-01,1.005126731137852669e+00,-3.940619699664285602e-01,2.005286941485910468e+00,-3.940619699664786868e-01,3.890109146455237865e-01
5.209843503724665521e-04,-3.890109143343131182e-01,-3.890109144082274373e-01,1.005126731454508704e+00,-3.940619699664268949e-01,2.005286941812462143e+00,-3.940619699664768549e-01,3.890109143343131182e-01
5.249843503724666493e-04,-3.890109140231022833e-01,-3.890109140970166579e-01,1.005126731771164295e+00,-3.940619699664247855e-01,2.005286942139013373e+00,-3.940619699664748565e-01,3.890109140231022833e-01
5.289843503724667466e-04,-3.890109137118916149e-01,-3.890109137858060451e-01,1.005126732087819885e+00,-3.940619699664229536e-01,2.005286942465564159e+00,-3.940619699664728026e-01,3.890109137118916149e-01
5.329843503724668438e-04,-3.890109134006807801e-01,-3.890109134745952657e-01,1.005126732404475698e+00,-3.940619699664206221e-01,2.005286942792115834e+00,-3.940619699664708042e-01,3.890109134006807801e-01
5.369843503724669410e-04,-3.890109130894701672e-01,-3.890109131633846529e-01,1.005126732721131066e+00,-3.940619699664185127e-01,2.005286943118666176e+00,-3.940619699664685283e-01,3.890109130894701672e-01
5.409843503724670382e-04,-3.890109127782594434e-01,-3.890109128521739290e-01,1.005126733037786657e+00,-3.940619699664161812e-01,2.005286943445217407e+00,-3.940619699664664743e-01,3.890109127782594434e-01
5.449843503724671355e-04,-3.890109124670486640e-01,-3.890109125409631496e-01,1.005126733354442914e+00,-3.940619699664151265e-01,2.005286943771769526e+00,-3.940619699664649755e-01,3.890109124670486640e-01
5.489843503724672327e-04,-3.890109121558379957e-01,-3.890109122297527033e-01,1.005126733671098282e+00,-3.940619699664130171e-01,2.005286944098319868e+00,-3.940619699664631992e-01,3.890109121558379957e-01
5.529843503724673299e-04,-3.890109118446271608e-01,-3.890109119185417574e-01,1.005126733987754317e+00,-3.940619699664109077e-01,2.005286944424871542e+00,-3.940619699664609787e-01,3.890109118446271608e-01
5.569843503724674271e-04,-3.890109115334166590e-01,-3.890109116073309781e-01,1.005126734304409464e+00,-3.940619699664085762e-01,2.005286944751422329e+00,-3.940619699664585363e-01,3.890109115334166590e-01
5.609843503724675244e-04,-3.890109112222058241e-01,-3.890109112961203652e-01,1.005126734621065054e+00,-3.940619699664061892e-01,2.005286945077973559e+00,-3.940619699664567599e-01,3.890109112222058241e-01
5.649843503724676216e-04,-3.890109109109953778e-01,-3.890109109849098079e-01,1.005126734937720423e+00,-3.940619699664042463e-01,2.005286945404524346e+00,-3.940619699664543729e-01,3.890109109109953778e-01
5.689843503724677188e-04,-3.890109105997843764e-01,-3.890109106736989175e-01,1.005126735254376236e+00,-3.940619699664021369e-01,2.005286945731076020e+00,-3.940619699664524300e-01,3.890109105997843764e-01
5.729843503724678161e-04,-3.890109102885738745e-01,-3.890109103624881381e-01,1.005126735571032270e+00,-3.940619699664003051e-01,2.005286946057626807e+00,-3.940619699664505426e-01,3.890109102885738745e-01
5.769843503724679133e-04,-3.890109099773630397e-01,-3.890109100512775253e-01,1.005126735887687639e+00,-3.940619699663982511e-01,2.005286946384178037e+00,-3.940619699664484887e-01,3.890109099773630397e-01
5.809843503724680105e-04,-3.890109096661524268e-01,-3.890109097400666349e-01,1.005126736204343452e+00,-3.940619699663960862e-01,2.005286946710729712e+00,-3.940619699664462128e-01,3.890109096661524268e-01
5.849843503724681077e-04,-3.890109093549417585e-01,-3.890109094288561331e-01,1.005126736520999264e+00,-3.940619699663945319e-01,2.005286947037280498e+00,-3.940619699664447140e-01,3.890109093549417585e-01
5.889843503724682050e-04,-3.890109090437309236e-01,-3.890109091176451872e-01,1.005126736837654855e+00,-3.940619699663919784e-01,2.005286947363831729e+00,-3.940619699664422715e-01,3.890109090437309236e-01
5.929843503724683022e-04,-3.890109087325202553e-01,-3.890109088064346854e-01,1.005126737154310224e+00,-3.940619699663902575e-01,2.005286947690382515e+00,-3.940619699664402731e-01,3.890109087325202553e-01
5.969843503724683994e-04,-3.890109084213094204e-01,-3.890109084952237950e-01,1.005126737470966258e+00,-3.940619699663879261e-01,2.005286948016933746e+00,-3.940619699664382747e-01,3.890109084213094204e-01
6.009843503724684967e-04,-3.890109081100988075e-01,-3.890109081840132377e-01,1.005126737787621849e+00,-3.940619699663862052e-01,2.005286948343484976e+00,-3.940619699664363318e-01,3.890109081100988075e-01
6.049843503724685939e-04,-3.890109077988881392e-01,-3.890109078728024583e-01,1.005126738104276996e+00,-3.940619699663837627e-01,2.005286948670035763e+00,-3.940619699664337783e-01,3.890109077988881392e-01
6.089843503724686911e-04,-3.890109074876773043e-01,-3.890109075615917344e-01,1.005126738420933030e+00,-3.940619699663823194e-01,2.005286948996586993e+00,-3.940619699664321129e-01,3.890109074876773043e-01
6.129843503724687883e-04,-3.890109071764666360e-01,-3.890109072503808441e-01,1.005126738737588621e+00,-3.940619699663797104e-01,2.005286949323138224e+00,-3.940619699664297815e-01,3.890109071764666360e-01
6.169843503724688856e-04,-3.890109068652558011e-01,-3.890109069391704533e-01,1.005126739054244656e+00,-3.940619699663783781e-01,2.005286949649689898e+00,-3.940619699664284492e-01,3.890109068652558011e-01
6.209843503724689828e-04,-3.890109065540451883e-01,-3.890109066279594519e-01,1.005126739370900246e+00,-3.940619699663758246e-01,2.005286949976240685e+00,-3.940619699664259512e-01,3.890109065540451883e-01
6.249843503724690800e-04,-3.890109062428344644e-01,-3.890109063167490056e-01,1.005126739687555837e+00,-3.940619699663742148e-01,2.005286950302791915e+00,-3.940619699664241748e-01,3.890109062428344644e-01
6.289843503724691772e-04,-3.890109059316236850e-01,-3.890109060055380041e-01,1.005126740004211650e+00,-3.940619699663719944e-01,2.005286950629343590e+00,-3.940619699664220099e-01,3.890109059316236850e-01
6.329843503724692745e-04,-3.890109056204130167e-01,-3.890109056943276689e-01,1.005126740320867240e+00,-3.940619699663706066e-01,2.005286950955894376e+00,-3.940619699664204001e-01,3.890109056204130167e-01
6.369843503724693717e-04,-3.890109053092021818e-01,-3.890109053831166119e-01,1.005126740637523053e+00,-3.940619699663681641e-01,2.005286951282445607e+00,-3.940619699664179021e-01,3.890109053092021818e-01
6.409843503724694689e-04,-3.890109049979916800e-01,-3.890109050719061656e-01,1.005126740954178421e+00,-3.940619699663659992e-01,2.005286951608996837e+00,-3.940619699664160702e-01,3.890109049979916800e-01
6.449843503724695662e-04,-3.890109046867808451e-01,-3.890109047606951642e-01,1.005126741270834456e+00,-3.940619699663641118e-01,2.005286951935548068e+00,-3.940619699664142384e-01,3.890109046867808451e-01
6.489843503724696634e-04,-3.890109043755703988e-01,-3.890109044494848289e-01,1.005126741587489825e+00,-3.940619699663619468e-01,2.005286952262099298e+00,-3.940619699664120734e-01,3.890109043755703988e-01
6.529843503724697606e-04,-3.890109040643593974e-01,-3.890109041382738830e-01,1.005126741904145637e+00,-3.940619699663597264e-01,2.005286952588650085e+00,-3.940619699664101305e-01,3.890109040643593974e-01
6.569843503724698578e-04,-3.890109037531488956e-01,-3.890109038270632702e-01,1.005126742220800784e+00,-3.940619699663579500e-01,2.005286952915200871e+00,-3.940619699664077435e-01,3.890109037531488956e-01
6.609843503724699551e-04,-3.890109034419380607e-01,-3.890109035158524908e-01,1.005126742537456597e+00,-3.940619699663556186e-01,2.005286953241752101e+00,-3.940619699664057451e-01,3.890109034419380607e-01
6.649843503724700523e-04,-3.890109031307274479e-01,-3.890109032046419335e-01,1.005126742854112631e+00,-3.940619699663536202e-01,2.005286953568303776e+00,-3.940619699664041353e-01,3.890109031307274479e-01
6.689843503724701495e-04,-3.890109028195167795e-01,-3.890109028934310431e-01,1.005126743170768000e+00,-3.940619699663516218e-01,2.005286953894854562e+00,-3.940619699664018039e-01,3.890109028195167795e-01
6.729843503724702468e-04,-3.890109025083059446e-01,-3.890109025822202637e-01,1.005126743487423369e+00,-3.940619699663494568e-01,2.005286954221405349e+00,-3.940619699663992503e-01,3.890109025083059446e-01
6.769843503724703440e-04,-3.890109021970952763e-01,-3.890109022710094844e-01,1.005126743804079403e+00,-3.940619699663473474e-01,2.005286954547957468e+00,-3.940619699663975295e-01,3.890109021970952763e-01
6.809843503724704412e-04,-3.890109018858844414e-01,-3.890109019597990381e-01,1.005126744120735438e+00,-3.940619699663455711e-01,2.005286954874508698e+00,-3.940619699663960862e-01,3.890109018858844414e-01
6.849843503724705384e-04,-3.890109015746738286e-01,-3.890109016485882032e-01,1.005126744437390585e+00,-3.940619699663437392e-01,2.005286955201058596e+00,-3.940619699663934217e-01,3.890109015746738286e-01
6.889843503724706357e-04,-3.890109012634631047e-01,-3.890109013373776459e-01,1.005126744754046397e+00,-3.940619699663417963e-01,2.005286955527610715e+00,-3.940619699663915898e-01,3.890109012634631047e-01
6.929843503724707329e-04,-3.890109009522523253e-01,-3.890109010261667000e-01,1.005126745070701988e+00,-3.940619699663394093e-01,2.005286955854161501e+00,-3.940619699663893694e-01,3.890109009522523253e-01
6.969843503724708301e-04,-3.890109006410416570e-01,-3.890109007149559761e-01,1.005126745387358023e+00,-3.940619699663372444e-01,2.005286956180713176e+00,-3.940619699663875375e-01,3.890109006410416570e-01
7.009843503724709273e-04,-3.890109003298308221e-01,-3.890109004037453078e-01,1.005126745704013391e+00,-3.940619699663356901e-01,2.005286956507263962e+00,-3.940619699663854836e-01,3.890109003298308221e-01
7.049843503724710246e-04,-3.890109000186202093e-01,-3.890109000925347504e-01,1.005126746020669204e+00,-3.940619699663334141e-01,2.005286956833815193e+00,-3.940619699663836517e-01,3.890109000186202093e-01
7.089843503724711218e-04,-3.890108997074094854e-01,-3.890108997813238600e-01,1.005126746337324573e+00,-3.940619699663313602e-01,2.005286957160365979e+00,-3.940619699663811537e-01,3.890108997074094854e-01
7.129843503724712190e-04,-3.890108993961987061e-01,-3.890108994701130807e-01,1.005126746653980607e+00,-3.940619699663291398e-01,2.005286957486917654e+00,-3.940619699663793774e-01,3.890108993961987061e-01
7.169843503724713163e-04,-3.890108990849880377e-01,-3.890108991589025234e-01,1.005126746970636198e+00,-3.940619699663274189e-01,2.005286957813468440e+00,-3.940619699663776010e-01,3.890108990849880377e-01
7.209843503724714135e-04,-3.890108987737772028e-01,-3.890108988476919105e-01,1.005126747287292011e+00,-3.940619699663253650e-01,2.005286958140019671e+00,-3.940619699663756581e-01,3.890108987737772028e-01
7.249843503724715107e-04,-3.890108984625667010e-01,-3.890108985364810201e-01,1.005126747603947379e+00,-3.940619699663231446e-01,2.005286958466570901e+00,-3.940619699663732711e-01,3.890108984625667010e-01
7.289843503724716079e-04,-3.890108981513558661e-01,-3.890108982252702963e-01,1.005126747920603192e+00,-3.940619699663213127e-01,2.005286958793122132e+00,-3.940619699663714393e-01,3.890108981513558661e-01
7.329843503724717052e-04,-3.890108978401454198e-01,-3.890108979140598500e-01,1.005126748237259005e+00,-3.940619699663194808e-01,2.005286959119673362e+00,-3.940619699663696074e-01,3.890108978401454198e-01
7.369843503724718024e-04,-3.890108975289345850e-01,-3.890108976028490706e-01,1.005126748553914151e+00,-3.940619699663173159e-01,2.005286959446224149e+00,-3.940619699663671649e-01,3.890108975289345850e-01
7.409843503724718996e-04,-3.890108972177239166e-01,-3.890108972916381802e-01,1.005126748870569964e+00,-3.940619699663151509e-01,2.005286959772775379e+00,-3.940619699663650000e-01,3.890108972177239166e-01
7.449843503724719969e-04,-3.890108969065130817e-01,-3.890108969804276784e-01,1.005126749187225776e+00,-3.940619699663129305e-01,2.005286960099327054e+00,-3.940619699663635012e-01,3.890108969065130817e-01
7.489843503724720941e-04,-3.890108965953024689e-01,-3.890108966692167325e-01,1.005126749503881811e+00,-3.940619699663111541e-01,2.005286960425878284e+00,-3.940619699663614472e-01,3.890108965953024689e-01
7.529843503724721913e-04,-3.890108962840918005e-01,-3.890108963580062862e-01,1.005126749820536958e+00,-3.940619699663089892e-01,2.005286960752429071e+00,-3.940619699663591713e-01,3.890108962840918005e-01
7.569843503724722885e-04,-3.890108959728809657e-01,-3.890108960467952848e-01,1.005126750137192770e+00,-3.940619699663069908e-01,2.005286961078980301e+00,-3.940619699663570064e-01,3.890108959728809657e-01
7.609843503724723858e-04,-3.890108956616702973e-01,-3.890108957355847830e-01,1.005126750453848361e+00,-3.940619699663046593e-01,2.005286961405530644e+00,-3.940619699663551745e-01,3.890108956616702973e-01
7.649843503724724830e-04,-3.890108953504594624e-01,-3.890108954243740036e-01,1.005126750770503730e+00,-3.940619699663027720e-01,2.005286961732081874e+00,-3.940619699663527320e-01,3.890108953504594624e-01
7.689843503724725802e-04,-3.890108950392488496e-01,-3.890108951131632797e-01,1.005126751087159320e+00,-3.940619699663007736e-01,2.005286962058633105e+00,-3.940619699663506226e-01,3.890108950392488496e-01
7.729843503724726774e-04,-3.890108947280381257e-01,-3.890108948019525004e-01,1.005126751403815577e+00,-3.940619699662987752e-01,2.005286962385184779e+00,-3.940619699663490128e-01,3.890108947280381257e-01
7.769843503724727747e-04,-3.890108944168273464e-01,-3.890108944907418875e-01,1.005126751720471168e+00,-3.940619699662973319e-01,2.005286962711736010e+00,-3.940619699663470143e-01,3.890108944168273464e-01
7.809843503724728719e-04,-3.890108941056166780e-01,-3.890108941795312192e-01,1.005126752037127202e+00,-3.940619699662952780e-01,2.005286963038287684e+00,-3.940619699663454600e-01,3.890108941056166780e-01
7.849843503724729691e-04,-3.890108937944058431e-01,-3.890108938683206063e-01,1.005126752353782349e+00,-3.940619699662930020e-01,2.005286963364838027e+00,-3.940619699663430175e-01,3.890108937944058431e-01
7.889843503724730664e-04,-3.890108934831953413e-01,-3.890108935571097160e-01,1.005126752670438162e+00,-3.940619699662907816e-01,2.005286963691389257e+00,-3.940619699663408526e-01,3.890108934831953413e-01
7.929843503724731636e-04,-3.890108931719845065e-01,-3.890108932458989921e-01,1.005126752987093308e+00,-3.940619699662881170e-01,2.005286964017940488e+00,-3.940619699663384101e-01,3.890108931719845065e-01
7.969843503724732608e-04,-3.890108928607740602e-01,-3.890108929346883793e-01,1.005126753303749121e+00,-3.940619699662864517e-01,2.005286964344491274e+00,-3.940619699663364672e-01,3.890108928607740602e-01
8.009843503724733580e-04,-3.890108925495630587e-01,-3.890108926234777664e-01,1.005126753620404934e+00,-3.940619699662843423e-01,2.005286964671042949e+00,-3.940619699663346909e-01,3.890108925495630587e-01
8.049843503724734553e-04,-3.890108922383525569e-01,-3.890108923122668760e-01,1.005126753937060746e+00,-3.940619699662826214e-01,2.005286964997594179e+00,-3.940619699663325259e-01,3.890108922383525569e-01
8.089843503724735525e-04,-3.890108919271417220e-01,-3.890108920010560967e-01,1.005126754253716337e+00,-3.940619699662802899e-01,2.005286965324144965e+00,-3.940619699663305275e-01,3.890108919271417220e-01
8.129843503724736497e-04,-3.890108916159311092e-01,-3.890108916898454283e-01,1.005126754570372150e+00,-3.940619699662785691e-01,2.005286965650696640e+00,-3.940619699663289177e-01,3.890108916159311092e-01
8.169843503724737470e-04,-3.890108913047204409e-01,-3.890108913786348710e-01,1.005126754887027740e+00,-3.940619699662769593e-01,2.005286965977247871e+00,-3.940619699663266973e-01,3.890108913047204409e-01
8.209843503724738442e-04,-3.890108909935096060e-01,-3.890108910674239806e-01,1.005126755203683553e+00,-3.940619699662745723e-01,2.005286966303798657e+00,-3.940619699663248654e-01,3.890108909935096060e-01
8.249843503724739414e-04,-3.890108906822989376e-01,-3.890108907562134788e-01,1.005126755520338477e+00,-3.940619699662720743e-01,2.005286966630348999e+00,-3.940619699663222564e-01,3.890108906822989376e-01
8.289843503724740386e-04,-3.890108903710881028e-01,-3.890108904450025329e-01,1.005126755836994290e+00,-3.940619699662701869e-01,2.005286966956900674e+00,-3.940619699663200359e-01,3.890108903710881028e-01
8.329843503724741359e-04,-3.890108900598774899e-01,-3.890108901337920866e-01,1.005126756153650547e+00,-3.940619699662684106e-01,2.005286967283452348e+00,-3.940619699663188147e-01,3.890108900598774899e-01
8.369843503724742331e-04,-3.890108897486668216e-01,-3.890108898225811962e-01,1.005126756470306582e+00,-3.940619699662666342e-01,2.005286967610003579e+00,-3.940619699663169828e-01,3.890108897486668216e-01
8.409843503724743303e-04,-3.890108894374559867e-01,-3.890108895113703058e-01,1.005126756786961728e+00,-3.940619699662642472e-01,2.005286967936554365e+00,-3.940619699663141517e-01,3.890108894374559867e-01
8.449843503724744275e-04,-3.890108891262453183e-01,-3.890108892001596930e-01,1.005126757103617319e+00,-3.940619699662624154e-01,2.005286968263105152e+00,-3.940619699663121533e-01,3.890108891262453183e-01
8.489843503724745248e-04,-3.890108888150344835e-01,-3.890108888889488581e-01,1.005126757420273353e+00,-3.940619699662601949e-01,2.005286968589656826e+00,-3.940619699663104880e-01,3.890108888150344835e-01
8.500104717252039309e-04,-3.890108887352008993e-01,-3.890108888091119432e-01,1.005126757501507040e+00,-3.938557899460317091e-01,2.005286968673429371e+00,-3.940619699663098774e-01,3.890108887352008993e-01
8.501121048017792154e-04,-3.890108887273379668e-01,-3.890108888012071553e-01,1.005126757509551494e+00,-3.936422205388732665e-01,2.005286968681724957e+00,-3.940619699663112097e-01,3.890108887273379668e-01
8.537403054875195799e-04,-3.890108884468418959e-01,-3.890108885202681055e-01,1.005126757796704462e+00,-3.940465549108729260e-01,2.005286968977851636e+00,-3.940619699675853571e-01,3.890108884468418959e-01
8.577403054875196772e-04,-3.890108881376502237e-01,-3.890108882110595578e-01,1.005126758112366181e+00,-3.940615666479807544e-01,2.005286969303377465e+00,-3.940619699686085942e-01,3.890108881376502237e-01
8.600203777343749974e-04,-3.890108879614064263e-01,-3.890108880348153164e-01,1.005126758291856826e+00,-3.940619194187145458e-01,2.005286969488477400e+00,-3.940619699687673005e-01,3.890108879614064263e-01
8.626064222655991428e-04,-3.890108877615106042e-01,-3.890108878349196053e-01,1.005126758495300310e+00,-3.940619661921075934e-01,2.005286969698278021e+00,-3.940619699688157063e-01,3.890108877615106042e-01
8.666064222655992400e-04,-3.890108874523200977e-01,-3.890108875257288767e-01,1.005126758809912868e+00,-3.940619699005732390e-01,2.005286970022722493e+00,-3.940619699688256428e-01,3.890108874523200977e-01
8.706064222655993372e-04,-3.890108871431299242e-01,-3.890108872165387588e-01,1.005126759124513436e+00,-3.940619699675911858e-01,2.005286970347154085e+00,-3.940619699688243660e-01,3.890108871431299242e-01
8.746064222655994345e-04,-3.890108868339399173e-01,-3.890108869073488074e-01,1.005126759439114004e+00,-3.940619699688011068e-01,2.005286970671586122e+00,-3.940619699688232003e-01,3.890108868339399173e-01
8.786064222655995317e-04,-3.890108865247498549e-01,-3.890108865981586339e-01,1.005126759753713239e+00,-3.940619699688209798e-01,2.005286970996016827e+00,-3.940619699688208133e-01,3.890108865247498549e-01
8.800101714472206502e-04,-3.910406427000836516e-01,-3.890165170460559985e-01,1.005126759864118258e+00,-3.940619802566737162e-01,2.005286971109871974e+00,-3.940675996255240676e-01,3.910406427000836516e-01
8.800885620890392747e-04,-3.940611014780601717e-01,-3.893687102647694354e-01,1.005126759868901543e+00,-3.940751871651072546e-01,2.005286971114804917e+00,-3.944197365723893789e-01,3.940611014780601717e-01
8.832020391719550998e-04,-3.940619178370221576e-01,-3.938551526678562009e-01,1.004593776529596694e+00,-3.980193495486858968e-01,2.004737332046146570e+00,-3.983816673161156841e-01,3.940619178370221576e-01
8.872020391719551971e-04,-3.940619176395897538e-01,-3.940581807957916349e-01,1.001420688065179476e+00,-3.961658194694229751e-01,2.001465084567215946e+00,-3.954603469101773405e-01,3.940619176395897538e-01
8.900162226562499754e-04,-3.940619175282562558e-01,-3.940616954980266096e-01,1.000341940617558212e+00,-3.947157820762761671e-01,2.000352626261856948e+00,-3.943993657767708716e-01,3.940619175282562558e-01
8.920064222656324919e-04,-3.940619173714028922e-01,-3.940618872737043921e-01,1.000103965018515950e+00,-3.942932572505484234e-01,2.000107213925344407e+00,-3.941645665175416702e-01,3.940619173714028922e-01
8.960064222656325891e-04,-3.940619170561501239e-01,-3.940619165857136008e-01,1.000007072743896330e+00,-3.940820838215378097e-01,2.000007293767143146e+00,-3.940689022078746606e-01,3.940619170561501239e-01
9.000064222656326864e-04,-3.940619167408970225e-01,-3.940619168059156241e-01,1.000000425443651419e+00,-3.940632499288818646e-01,2.000000438738765318e+00,-3.940623370103784051e-01,3.940619167408970225e-01
9.040064222656327836e-04,-3.940619164256438101e-01,-3.940619165003396152e-01,1.000000080757353693e+00,-3.940620456759122980e-01,2.000000083281021190e+00,-3.940619962632088691e-01,3.940619164256438101e-01
9.080064222656328808e-04,-3.940619161103905421e-01,-3.940619161852614849e-01,1.000000066165699808e+00,-3.940619837928749369e-01,2.000000068233377615e+00,-3.940619815361657285e-01,3.940619161103905421e-01
9.120064222656329780e-04,-3.940619157951374407e-01,-3.940619158700114921e-01,1.000000065918490888e+00,-3.940619810677757906e-01,2.000000067978443763e+00,-3.940619809767512693e-01,3.940619157951374407e-01
9.160064222656330753e-04,-3.940619154798843393e-01,-3.940619155547585573e-01,1.000000066218126316e+00,-3.940619809607827650e-01,2.000000068287442812e+00,-3.940619809574439913e-01,3.940619154798843393e-01
9.200064222656331725e-04,-3.940619151646312379e-01,-3.940619152395052338e-01,1.000000066536683718e+00,-3.940619809569387288e-01,2.000000068615955140e+00,-3.940619809568250420e-01,3.940619151646312379e-01
9.240064222656332697e-04,-3.940619148493778590e-01,-3.940619149242521879e-01,1.000000066855848857e+00,-3.940619809568103316e-01,2.000000068945094078e+00,-3.940619809568068899e-01,3.940619148493778590e-01
9.280064222656333670e-04,-3.940619145341247576e-01,-3.940619146089988645e-01,1.000000067175031981e+00,-3.940619809568057796e-01,2.000000069274252112e+00,-3.940619809568059462e-01,3.940619145341247576e-01
9.320064222656334642e-04,-3.940619142188716562e-01,-3.940619142937457631e-01,1.000000067494215106e+00,-3.940619809568055021e-01,2.000000069603408814e+00,-3.940619809568055576e-01,3.940619142188716562e-01
9.360064222656335614e-04,-3.940619139036185548e-01,-3.940619139784928282e-01,1.000000067813398896e+00,-3.940619809568055021e-01,2.000000069932567737e+00,-3.940619809568056131e-01,3.940619139036185548e-01
9.400064222656336586e-04,-3.940619135883654534e-01,-3.940619136632393937e-01,1.000000068132582909e+00,-3.940619809568055021e-01,2.000000070261726215e+00,-3.940619809568056686e-01,3.940619135883654534e-01
9.440064222656337559e-04,-3.940619132731120744e-01,-3.940619133479864589e-01,1.000000068451766921e+00,-3.940619809568055021e-01,2.000000070590884693e+00,-3.940619809568060572e-01,3.940619132731120744e-01
9.480064222656338531e-04,-3.940619129578589730e-01,-3.940619130327333020e-01,1.000000068770950268e+00,-3.940619809568055021e-01,2.000000070920041839e+00,-3.940619809568058352e-01,3.940619129578589730e-01
9.520064222656339503e-04,-3.940619126426058716e-01,-3.940619127174802006e-01,1.000000069090134058e+00,-3.940619809568055021e-01,2.000000071249200317e+00,-3.940619809568061127e-01,3.940619126426058716e-01
9.560064222656340475e-04,-3.940619123273527702e-01,-3.940619124022269881e-01,1.000000069409317849e+00,-3.940619809568055021e-01,2.000000071578359240e+00,-3.940619809568060017e-01,3.940619123273527702e-01
9.600064222656341448e-04,-3.940619120120993912e-01,-3.940619120869736092e-01,1.000000069728502083e+00,-3.940619809568055021e-01,2.000000071907517718e+00,-3.940619809568060572e-01,3.940619120120993912e-01
9.640064222656342420e-04,-3.940619116968462898e-01,-3.940619117717203967e-01,1.000000070047685208e+00,-3.940619809568055021e-01,2.000000072236675752e+00,-3.940619809568055021e-01,3.940619116968462898e-01
9.680064222656343392e-04,-3.940619113815931884e-01,-3.940619114564673509e-01,1.000000070366869664e+00,-3.940619809568055576e-01,2.000000072565834230e+00,-3.940619809568062792e-01,3.940619113815931884e-01
9.720064222656344365e-04,-3.940619110663400870e-01,-3.940619111412142495e-01,1.000000070686053233e+00,-3.940619809568055021e-01,2.000000072894992265e+00,-3.940619809568061127e-01,3.940619110663400870e-01
9.760064222656345337e-04,-3.940619107510869856e-01,-3.940619108259611481e-01,1.000000071005236579e+00,-3.940619809568055021e-01,2.000000073224150299e+00,-3.940619809568058907e-01,3.940619107510869856e-01
9.800064222656326793e-04,-3.940619104358336067e-01,-3.940619105107077691e-01,1.000000071324420370e+00,-3.940619809568055021e-01,2.000000073553308333e+00,-3.940619809568055021e-01,3.940619104358336067e-01
9.840064222656306082e-04,-3.940619101205805053e-01,-3.940619101954546677e-01,1.000000071643604160e+00,-3.940619809568055021e-01,2.000000073882466367e+00,-3.940619809568057796e-01,3.940619101205805053e-01
9.880064222656285370e-04,-3.940619098053274039e-01,-3.940619098802018438e-01,1.000000071962788173e+00,-3.940619809568055576e-01,2.000000074211625289e+00,-3.940619809568062237e-01,3.940619098053274039e-01
9.920064222656264658e-04,-3.940619094900743025e-01,-3.940619095649484094e-01,1.000000072281971741e+00,-3.940619809568055021e-01,2.000000074540783324e+00,-3.940619809568058907e-01,3.940619094900743025e-01
9.960064222656243946e-04,-3.940619091748212011e-01,-3.940619092496951414e-01,1.000000072601155310e+00,-3.940619809568055021e-01,2.000000074869941358e+00,-3.940619809568055576e-01,3.940619091748212011e-01
1.000006422265622323e-03,-3.940619088595678221e-01,-3.940619089344420956e-01,1.000000072920339100e+00,-3.940619809568055021e-01,2.000000075199099836e+00,-3.940619809568057241e-01,3.940619088595678221e-01
1.004006422265620252e-03,-3.940619085443147207e-01,-3.940619086191890497e-01,1.000000073239523113e+00,-3.940619809568055021e-01,2.000000075528258314e+00,-3.940619809568060572e-01,3.940619085443147207e-01
1.008006422265618181e-03,-3.940619082290616193e-01,-3.940619083039357817e-01,1.000000073558707125e+00,-3.940619809568055576e-01,2.000000075857416793e+00,-3.940619809568063348e-01,3.940619082290616193e-01
1.012006422265616110e-03,-3.940619079138085179e-01,-3.940619079886826803e-01,1.000000073877890472e+00,-3.940619809568057796e-01,2.000000076186574383e+00,-3.940619809568056686e-01,3.940619079138085179e-01
1.016006422265614039e-03,-3.940619075985551389e-01,-3.940619076734293014e-01,1.000000074197073818e+00,-3.940619809568055021e-01,2.000000076515732417e+00,-3.940619809568052800e-01,3.940619075985551389e-01
1.020006422265611968e-03,-3.940619072833020375e-01,-3.940619073581762000e-01,1.000000074516258497e+00,-3.940619809568055021e-01,2.000000076844891783e+00,-3.940619809568061127e-01,3.940619072833020375e-01
1.024006422265609896e-03,-3.940619069680489361e-01,-3.940619070429230986e-01,1.000000074835442287e+00,-3.940619809568055576e-01,2.000000077174049817e+00,-3.940619809568064458e-01,3.940619069680489361e-01
1.028006422265607825e-03,-3.940619066527958347e-01,-3.940619067276700527e-01,1.000000075154625634e+00,-3.940619809568055576e-01,2.000000077503207851e+00,-3.940619809568062237e-01,3.940619066527958347e-01
1.032006422265605754e-03,-3.940619063375427333e-01,-3.940619064124168403e-01,1.000000075473808980e+00,-3.940619809568055021e-01,2.000000077832364997e+00,-3.940619809568056131e-01,3.940619063375427333e-01
1.036006422265603683e-03,-3.940619060222893544e-01,-3.940619060971634613e-01,1.000000075792993215e+00,-3.940619809568055021e-01,2.000000078161524364e+00,-3.940619809568061127e-01,3.940619060222893544e-01
1.040006422265601612e-03,-3.940619057070362530e-01,-3.940619057819103599e-01,1.000000076112177005e+00,-3.940619809568055021e-01,2.000000078490682842e+00,-3.940619809568059462e-01,3.940619057070362530e-01
1.044006422265599541e-03,-3.940619053917831516e-01,-3.940619054666574805e-01,1.000000076431360574e+00,-3.940619809568055021e-01,2.000000078819840432e+00,-3.940619809568061682e-01,3.940619053917831516e-01
1.048006422265597469e-03,-3.940619050765300502e-01,-3.940619051514042126e-01,1.000000076750544808e+00,-3.940619809568055576e-01,2.000000079148999355e+00,-3.940619809568064458e-01,3.940619050765300502e-01
1.052006422265595398e-03,-3.940619047612766712e-01,-3.940619048361508336e-01,1.000000077069728155e+00,-3.940619809568055021e-01,2.000000079478156945e+00,-3.940619809568058352e-01,3.940619047612766712e-01
1.056006422265593327e-03,-3.940619044460235698e-01,-3.940619045208978988e-01,1.000000077388911501e+00,-3.940619809568055021e-01,2.000000079807315423e+00,-3.940619809568056131e-01,3.940619044460235698e-01
1.060006422265591256e-03,-3.940619041307704684e-01,-3.940619042056447974e-01,1.000000077708095514e+00,-3.940619809568055021e-01,2.000000080136473457e+00,-3.940619809568061127e-01,3.940619041307704684e-01
1.064006422265589185e-03,-3.940619038155173670e-01,-3.940619038903916960e-01,1.000000078027279748e+00,-3.940619809568055576e-01,2.000000080465631935e+00,-3.940619809568065013e-01,3.940619038155173670e-01
1.068006422265587113e-03,-3.940619035002642656e-01,-3.940619035751382615e-01,1.000000078346463095e+00,-3.940619809568055021e-01,2.000000080794789525e+00,-3.940619809568058907e-01,3.940619035002642656e-01
1.072006422265585042e-03,-3.940619031850108867e-01,-3.940619032598851046e-01,1.000000078665647330e+00,-3.940619809568055576e-01,2.000000081123948892e+00,-3.940619809568062237e-01,3.940619031850108867e-01
1.076006422265582971e-03,-3.940619028697577853e-01,-3.940619029446320587e-01,1.000000078984830676e+00,-3.940619809568058907e-01,2.000000081453106482e+00,-3.940619809568059462e-01,3.940619028697577853e-01
1.080006422265580900e-03,-3.940619025545046838e-01,-3.940619026293789573e-01,1.000000079304014022e+00,-3.940619809568055021e-01,2.000000081782264960e+00,-3.940619809568056131e-01,3.940619025545046838e-01
1.084006422265578829e-03,-3.940619022392515824e-01,-3.940619023141258559e-01,1.000000079623197591e+00,-3.940619809568055021e-01,2.000000082111422550e+00,-3.940619809568056686e-01,3.940619022392515824e-01
1.088006422265576758e-03,-3.940619019239984810e-01,-3.940619019988724214e-01,1.000000079942382269e+00,-3.940619809568055576e-01,2.000000082440581473e+00,-3.940619809568062792e-01,3.940619019239984810e-01
1.092006422265574686e-03,-3.940619016087451021e-01,-3.940619016836193755e-01,1.000000080261565394e+00,-3.940619809568055021e-01,2.000000082769739951e+00,-3.940619809568057796e-01,3.940619016087451021e-01
1.096006422265572615e-03,-3.940619012934920007e-01,-3.940619013683663296e-01,1.000000080580749406e+00,-3.940619809568055021e-01,2.000000083098897985e+00,-3.940619809568058907e-01,3.940619012934920007e-01
1.100006422265570544e-03,-3.940619009782388993e-01,-3.940619010531131172e-01,1.000000080899932975e+00,-3.940619809568055021e-01,2.000000083428056019e+00,-3.940619809568058352e-01,3.940619009782388993e-01
1.104006422265568473e-03,-3.940619006629857979e-01,-3.940619007378600158e-01,1.000000081219117654e+00,-3.940619809568056131e-01,2.000000083757215386e+00,-3.940619809568066678e-01,3.940619006629857979e-01
1.108006422265566402e-03,-3.940619003477324189e-01,-3.940619004226067479e-01,1.000000081538301000e+00,-3.940619809568060572e-01,2.000000084086372976e+00,-3.940619809568062792e-01,3.940619003477324189e-01
1.112006422265564331e-03,-3.940619000324793175e-01,-3.940619001073535910e-01,1.000000081857484346e+00,-3.940619809568057796e-01,2.000000084415530566e+00,-3.940619809568060572e-01,3.940619000324793175e-01
1.116006422265562259e-03,-3.940618997172262161e-01,-3.940618997921003230e-01,1.000000082176668359e+00,-3.940619809568057796e-01,2.000000084744689488e+00,-3.940619809568059462e-01,3.940618997172262161e-01
1.120006422265560188e-03,-3.940618994019731147e-01,-3.940618994768472771e-01,1.000000082495851927e+00,-3.940619809568055021e-01,2.000000085073847078e+00,-3.940619809568060572e-01,3.940618994019731147e-01
1.124006422265558117e-03,-3.940618990867200133e-01,-3.940618991615941757e-01,1.000000082815035940e+00,-3.940619809568055576e-01,2.000000085403006000e+00,-3.940619809568063348e-01,3.940618990867200133e-01
1.128006422265556046e-03,-3.940618987714666344e-01,-3.940618988463411299e-01,1.000000083134219286e+00,-3.940619809568055021e-01,2.000000085732164035e+00,-3.940619809568060572e-01,3.940618987714666344e-01
1.132006422265553975e-03,-3.940618984562135330e-01,-3.940618985310876399e-01,1.000000083453402855e+00,-3.940619809568055021e-01,2.000000086061321625e+00,-3.940619809568054466e-01,3.940618984562135330e-01
1.136006422265551903e-03,-3.940618981409604316e-01,-3.940618982158347050e-01,1.000000083772586867e+00,-3.940619809568055576e-01,2.000000086390480103e+00,-3.940619809568060572e-01,3.940618981409604316e-01
1.140006422265549832e-03,-3.940618978257073302e-01,-3.940618979005814926e-01,1.000000084091770880e+00,-3.940619809568055021e-01,2.000000086719639025e+00,-3.940619809568061127e-01,3.940618978257073302e-01
1.144006422265547761e-03,-3.940618975104541177e-01,-3.940618975853283357e-01,1.000000084410954226e+00,-3.940619809568055021e-01,2.000000087048796615e+00,-3.940619809568058352e-01,3.940618975104541177e-01
1.148006422265545690e-03,-3.940618971952008498e-01,-3.940618972700750677e-01,1.000000084730138683e+00,-3.940619809568059462e-01,2.000000087377955538e+00,-3.940619809568063348e-01,3.940618971952008498e-01
1.152006422265543619e-03,-3.940618968799477484e-01,-3.940618969548219108e-01,1.000000085049321363e+00,-3.940619809568055021e-01,2.000000087707112684e+00,-3.940619809568053356e-01,3.940618968799477484e-01
1.156006422265541548e-03,-3.940618965646946470e-01,-3.940618966395688094e-01,1.000000085368505820e+00,-3.940619809568055021e-01,2.000000088036272050e+00,-3.940619809568061127e-01,3.940618965646946470e-01
1.160006422265539476e-03,-3.940618962494415456e-01,-3.940618963243155970e-01,1.000000085687689610e+00,-3.940619809568055021e-01,2.000000088365429640e+00,-3.940619809568060572e-01,3.940618962494415456e-01
1.164006422265537405e-03,-3.940618959341881666e-01,-3.940618960090623291e-01,1.000000086006872957e+00,-3.940619809568055021e-01,2.000000088694588118e+00,-3.940619809568053356e-01,3.940618959341881666e-01
1.168006422265535334e-03,-3.940618956189350652e-01,-3.940618956938091721e-01,1.000000086326056969e+00,-3.940619809568055021e-01,2.000000089023745709e+00,-3.940619809568058352e-01,3.940618956189350652e-01
1.172006422265533263e-03,-3.940618953036819638e-01,-3.940618953785561818e-01,1.000000086645241204e+00,-3.940619809568055576e-01,2.000000089352905075e+00,-3.940619809568062792e-01,3.940618953036819638e-01
1.176006422265531192e-03,-3.940618949884288624e-01,-3.940618950633029693e-01,1.000000086964424550e+00,-3.940619809568055021e-01,2.000000089682062665e+00,-3.940619809568060017e-01,3.940618949884288624e-01
1.180006422265529121e-03,-3.940618946731757610e-01,-3.940618947480497569e-01,1.000000087283608341e+00,-3.940619809568055021e-01,2.000000090011221587e+00,-3.940619809568058907e-01,3.940618946731757610e-01
1.184006422265527049e-03,-3.940618943579223821e-01,-3.940618944327964890e-01,1.000000087602792576e+00,-3.940619809568055576e-01,2.000000090340379622e+00,-3.940619809568062792e-01,3.940618943579223821e-01
1.188006422265524978e-03,-3.940618940426692807e-01,-3.940618941175436651e-01,1.000000087921975478e+00,-3.940619809568058352e-01,2.000000090669537656e+00,-3.940619809568057796e-01,3.940618940426692807e-01
1.192006422265522907e-03,-3.940618937274161793e-01,-3.940618938022902307e-01,1.000000088241159046e+00,-3.940619809568055021e-01,2.000000090998695690e+00,-3.940619809568053911e-01,3.940618937274161793e-01
1.196006422265520836e-03,-3.940618934121630779e-01,-3.940618934870371848e-01,1.000000088560343281e+00,-3.940619809568055021e-01,2.000000091327854168e+00,-3.940619809568059462e-01,3.940618934121630779e-01
1.200006422265518765e-03,-3.940618930969096989e-01,-3.940618931717838613e-01,1.000000088879527516e+00,-3.940619809568055576e-01,2.000000091657012646e+00,-3.940619809568062237e-01,3.940618930969096989e-01
1.204006422265516693e-03,-3.940618927816565975e-01,-3.940618928565309265e-01,1.000000089198710862e+00,-3.940619809568055021e-01,2.000000091986170681e+00,-3.940619809568061127e-01,3.940618927816565975e-01
1.208006422265514622e-03,-3.940618924664034961e-01,-3.940618925412777140e-01,1.000000089517894208e+00,-3.940619809568055021e-01,2.000000092315328715e+00,-3.940619809568055576e-01,3.940618924664034961e-01
1.212006422265512551e-03,-3.940618921511503947e-01,-3.940618922260244461e-01,1.000000089837078443e+00,-3.940619809568055576e-01,2.000000092644487193e+00,-3.940619809568061127e-01,3.940618921511503947e-01
1.216006422265510480e-03,-3.940618918358972933e-01,-3.940618919107713447e-01,1.000000090156262011e+00,-3.940619809568055021e-01,2.000000092973645227e+00,-3.940619809568058352e-01,3.940618918358972933e-01
1.220006422265508409e-03,-3.940618915206439143e-01,-3.940618915955181878e-01,1.000000090475446024e+00,-3.940619809568055021e-01,2.000000093302803705e+00,-3.940619809568061682e-01,3.940618915206439143e-01
1.224006422265506338e-03,-3.940618912053908129e-01,-3.940618912802650864e-01,1.000000090794629592e+00,-3.940619809568055021e-01,2.000000093631961740e+00,-3.940619809568059462e-01,3.940618912053908129e-01
1.228006422265504266e-03,-3.940618908901377115e-01,-3.940618909650118740e-01,1.000000091113813605e+00,-3.940619809568055021e-01,2.000000093961120662e+00,-3.940619809568062237e-01,3.940618908901377115e-01
1.232006422265502195e-03,-3.940618905748846101e-01,-3.940618906497588836e-01,1.000000091432996951e+00,-3.940619809568055021e-01,2.000000094290277808e+00,-3.940619809568058907e-01,3.940618905748846101e-01
1.236006422265500124e-03,-3.940618902596313977e-01,-3.940618903345055601e-01,1.000000091752180520e+00,-3.940619809568055021e-01,2.000000094619436286e+00,-3.940619809568056686e-01,3.940618902596313977e-01
1.240006422265498053e-03,-3.940618899443781298e-01,-3.940618900192524587e-01,1.000000092071364755e+00,-3.940619809568057796e-01,2.000000094948594764e+00,-3.940619809568061127e-01,3.940618899443781298e-01
1.244006422265495982e-03,-3.940618896291250284e-01,-3.940618897039992463e-01,1.000000092390548101e+00,-3.940619809568053911e-01,2.000000095277752798e+00,-3.940619809568056686e-01,3.940618896291250284e-01
1.248006422265493911e-03,-3.940618893138719270e-01,-3.940618893887461449e-01,1.000000092709731891e+00,-3.940619809568055021e-01,2.000000095606910833e+00,-3.940619809568057241e-01,3.940618893138719270e-01
1.252006422265491839e-03,-3.940618889986188256e-01,-3.940618890734930435e-01,1.000000093028915682e+00,-3.940619809568055021e-01,2.000000095936069311e+00,-3.940619809568059462e-01,3.940618889986188256e-01
1.256006422265489768e-03,-3.940618886833654466e-01,-3.940618887582396646e-01,1.000000093348100139e+00,-3.940619809568055576e-01,2.000000096265228233e+00,-3.940619809568062237e-01,3.940618886833654466e-01
1.260006422265487697e-03,-3.940618883681123452e-01,-3.940618884429866187e-01,1.000000093667283263e+00,-3.940619809568055021e-01,2.000000096594385823e+00,-3.940619809568058907e-01,3.940618883681123452e-01
1.264006422265485626e-03,-3.940618880528592438e-01,-3.940618881277334062e-01,1.000000093986467498e+00,-3.940619809568055576e-01,2.000000096923544746e+00,-3.940619809568062237e-01,3.940618880528592438e-01
1.268006422265483555e-03,-3.940618877376061424e-01,-3.940618878124803048e-01,1.000000094305650844e+00,-3.940619809568055021e-01,2.000000097252702336e+00,-3.940619809568059462e-01,3.940618877376061424e-01
1.272006422265481483e-03,-3.940618874223530410e-01,-3.940618874972270924e-01,1.000000094624834412e+00,-3.940619809568055021e-01,2.000000097581860814e+00,-3.940619809568058907e-01,3.940618874223530410e-01
1.276006422265479412e-03,-3.940618871070996621e-01,-3.940618871819737690e-01,1.000000094944018647e+00,-3.940619809568055021e-01,2.000000097911018848e+00,-3.940619809568059462e-01,3.940618871070996621e-01
1.280006422265477341e-03,-3.940618867918465607e-01,-3.940618868667207786e-01,1.000000095263202216e+00,-3.940619809568055576e-01,2.000000098240176882e+00,-3.940619809568060572e-01,3.940618867918465607e-01
1.284006422265475270e-03,-3.940618864765934592e-01,-3.940618865514677327e-01,1.000000095582385784e+00,-3.940619809568055021e-01,2.000000098569335361e+00,-3.940619809568058907e-01,3.940618864765934592e-01
1.288006422265473199e-03,-3.940618861613403578e-01,-3.940618862362144648e-01,1.000000095901569797e+00,-3.940619809568055021e-01,2.000000098898493839e+00,-3.940619809568061127e-01,3.940618861613403578e-01
1.292006422265471128e-03,-3.940618858460869789e-01,-3.940618859209613078e-01,1.000000096220753587e+00,-3.940619809568055576e-01,2.000000099227652317e+00,-3.940619809568060017e-01,3.940618858460869789e-01
1.296006422265469056e-03,-3.940618855308338775e-01,-3.940618856057081509e-01,1.000000096539936711e+00,-3.940619809568055021e-01,2.000000099556809463e+00,-3.940619809568055576e-01,3.940618855308338775e-01
1.300006422265466985e-03,-3.940618852155807761e-01,-3.940618852904548830e-01,1.000000096859121168e+00,-3.940619809568055021e-01,2.000000099885968829e+00,-3.940619809568059462e-01,3.940618852155807761e-01
1.304006422265464914e-03,-3.940618849003276747e-01,-3.940618849752017261e-01,1.000000097178304515e+00,-3.940619809568055021e-01,2.000000100215126420e+00,-3.940619809568056686e-01,3.940618849003276747e-01
1.308006422265462843e-03,-3.940618845850745733e-01,-3.940618846599487357e-01,1.000000097497488527e+00,-3.940619809568055021e-01,2.000000100544285342e+00,-3.940619809568060017e-01,3.940618845850745733e-01
1.312006422265460772e-03,-3.940618842698211943e-01,-3.940618843446954678e-01,1.000000097816671651e+00,-3.940619809568055021e-01,2.000000100873442488e+00,-3.940619809568054466e-01,3.940618842698211943e-01
1.316006422265458701e-03,-3.940618839545680929e-01,-3.940618840294423109e-01,1.000000098135856330e+00,-3.940619809568055021e-01,2.000000101202601854e+00,-3.940619809568061127e-01,3.940618839545680929e-01
1.320006422265456629e-03,-3.940618836393149915e-01,-3.940618837141894315e-01,1.000000098455039677e+00,-3.940619809568055021e-01,2.000000101531759444e+00,-3.940619809568060572e-01,3.940618836393149915e-01
1.324006422265454558e-03,-3.940618833240618901e-01,-3.940618833989360525e-01,1.000000098774223467e+00,-3.940619809568055021e-01,2.000000101860917923e+00,-3.940619809568057241e-01,3.940618833240618901e-01
1.328006422265452487e-03,-3.940618830088086777e-01,-3.940618830836828956e-01,1.000000099093407258e+00,-3.940619809568055021e-01,2.000000102190076401e+00,-3.940619809568059462e-01,3.940618830088086777e-01
1.332006422265450416e-03,-3.940618826935554098e-01,-3.940618827684296832e-01,1.000000099412591048e+00,-3.940619809568055021e-01,2.000000102519233991e+00,-3.940619809568060017e-01,3.940618826935554098e-01
1.336006422265448345e-03,-3.940618823783023084e-01,-3.940618824531765818e-01,1.000000099731774617e+00,-3.940619809568055021e-01,2.000000102848392469e+00,-3.940619809568058907e-01,3.940618823783023084e-01
1.340006422265446273e-03,-3.940618820630492070e-01,-3.940618821379233139e-01,1.000000100050958851e+00,-3.940619809568055021e-01,2.000000103177550947e+00,-3.940619809568060017e-01,3.940618820630492070e-01
1.344006422265444202e-03,-3.940618817477961056e-01,-3.940618818226702680e-01,1.000000100370142420e+00,-3.940619809568055021e-01,2.000000103506709426e+00,-3.940619809568060572e-01,3.940618817477961056e-01
1.348006422265442131e-03,-3.940618814325427266e-01,-3.940618815074168890e-01,1.000000100689326432e+00,-3.940619809568055021e-01,2.000000103835867460e+00,-3.940619809568060572e-01,3.940618814325427266e-01
1.350012644140624997e-03,-3.940618812744262067e-01,-3.940618813492999806e-01,1.000000100849414153e+00,-3.940619769633494918e-01,2.000000104000958068e+00,-3.940619809568053911e-01,3.940618812744262067e-01
1.352996422265608954e-03,-3.940618810392653715e-01,-3.940618811141392563e-01,1.000000101087508142e+00,-3.940619804620729139e-01,2.000000104246492771e+00,-3.940619809568068344e-01,3.940618810392653715e-01
1.356996422265606883e-03,-3.940618807240119925e-01,-3.940618807988862105e-01,1.000000101406691044e+00,-3.940619809400244256e-01,2.000000104575650361e+00,-3.940619809568059462e-01,3.940618807240119925e-01
1.360014890625000283e-03,-3.940618804861171776e-01,-3.940618805609910069e-01,1.000000101647552153e+00,-3.940619809520444217e-01,2.000000104824038338e+00,-3.940619809568057796e-01,3.940618804861171776e-01
1.361806422265609542e-03,-3.940618803449217333e-01,-3.940618804197953962e-01,1.000000101790508467e+00,-3.940619809560161335e-01,2.000000104971461745e+00,-3.940619809568061127e-01,3.940618803449217333e-01
1.365806422265607471e-03,-3.940618800296695756e-01,-3.940618801045435715e-01,1.000000102109692035e+00,-3.940619809567925125e-01,2.000000105300620223e+00,-3.940619809568071119e-01,3.940618800296695756e-01
1.369806422265605400e-03,-3.940618797144171959e-01,-3.940618797892911362e-01,1.000000102428874493e+00,-3.940619809568062237e-01,2.000000105629776925e+00,-3.940619809568067788e-01,3.940618797144171959e-01
1.373806422265603329e-03,-3.940618793991649271e-01,-3.940618794740387565e-01,1.000000102748057174e+00,-3.940619809568065568e-01,2.000000105958934071e+00,-3.940619809568063903e-01,3.940618793991649271e-01
1.377806422265601257e-03,-3.940618790839131025e-01,-3.940618791587870429e-01,1.000000103067240520e+00,-3.940619809568071674e-01,2.000000106288091661e+00,-3.940619809568075560e-01,3.940618790839131025e-01
1.380011133203124961e-03,-3.940619220949572177e-01,-3.940618791175471425e-01,1.000000103243167349e+00,-3.940619809570825582e-01,2.000000106469516314e+00,-3.940619810893279396e-01,3.940619220949572177e-01
1.382796422265608919e-03,-3.940619800443632692e-01,-3.940619738692942020e-01,1.000000096959539064e+00,-3.940620561509041719e-01,2.000000099989525104e+00,-3.940620696348262619e-01,3.940619800443632692e-01
1.386796422265606848e-03,-3.940619798957349373e-01,-3.940619798189582967e-01,1.000000035011392452e+00,-3.940620291585891777e-01,2.000000036105498147e+00,-3.940620143992045188e-01,3.940619798957349373e-01
1.390013687499999911e-03,-3.940619797691217729e-01,-3.940619798001279706e-01,1.000000008222136527e+00,-3.940619942647565210e-01,2.000000008479078328e+00,-3.940619879210136012e-01,3.940619797691217729e-01
1.391606422265609508e-03,-3.940619796436674593e-01,-3.940619797096467924e-01,1.000000004099220074e+00,-3.940619869141673282e-01,2.000000004227320272e+00,-3.940619837583871354e-01,3.940619796436674593e-01
1.395606422265607436e-03,-3.940619793284151906e-01,-3.940619794031280931e-01,1.000000001805611660e+00,-3.940619815506557488e-01,2.000000001862037191e+00,-3.940619811865045952e-01,3.940619793284151906e-01
1.399606422265605365e-03,-3.940619790131624223e-01,-3.940619790880334761e-01,1.000000001907467961e+00,-3.940619810023984759e-01,2.000000001967076280e+00,-3.940619809720119493e-01,3.940619790131624223e-01
1.403606422265603294e-03,-3.940619786979098760e-01,-3.940619787727842049e-01,1.000000002212095840e+00,-3.940619809596880851e-01,2.000000002281223654e+00,-3.940619809576394461e-01,3.940619786979098760e-01
1.407606422265601223e-03,-3.940619783826576072e-01,-3.940619784575318252e-01,1.000000002530474719e+00,-3.940619809569609888e-01,2.000000002609552130e+00,-3.940619809568450815e-01,3.940619783826576072e-01
1.411606422265599152e-03,-3.940619780674053385e-01,-3.940619781422796120e-01,1.000000002849620317e+00,-3.940619809568136622e-01,2.000000002938670640e+00,-3.940619809568084997e-01,3.940619780674053385e-01
1.415606422265597080e-03,-3.940619777521530698e-01,-3.940619778270271767e-01,1.000000003168802110e+00,-3.940619809568069454e-01,2.000000003267827342e+00,-3.940619809568071119e-01,3.940619777521530698e-01
1.419606422265595009e-03,-3.940619774369008010e-01,-3.940619775117747414e-01,1.000000003487984790e+00,-3.940619809568066123e-01,2.000000003596984488e+00,-3.940619809568070009e-01,3.940619774369008010e-01
1.423606422265592938e-03,-3.940619771216484213e-01,-3.940619771965223617e-01,1.000000003807167692e+00,-3.940619809568065568e-01,2.000000003926142078e+00,-3.940619809568066678e-01,3.940619771216484213e-01
1.427606422265590867e-03,-3.940619768063959305e-01,-3.940619768812698154e-01,1.000000004126351039e+00,-3.940619809568066123e-01,2.000000004255299668e+00,-3.940619809568072229e-01,3.940619768063959305e-01
1.431606422265588796e-03,-3.940619764911431622e-01,-3.940619765660172691e-01,1.000000004445533719e+00,-3.940619809568065568e-01,2.000000004584456814e+00,-3.940619809568066678e-01,3.940619764911431622e-01
1.435606422265586725e-03,-3.940619761758906159e-01,-3.940619762507650004e-01,1.000000004764716843e+00,-3.940619809568066123e-01,2.000000004913614404e+00,-3.940619809568070009e-01,3.940619761758906159e-01
1.439606422265584653e-03,-3.940619758606383471e-01,-3.940619759355126206e-01,1.000000005083899079e+00,-3.940619809568065568e-01,2.000000005242771106e+00,-3.940619809568063903e-01,3.940619758606383471e-01
1.443606422265582582e-03,-3.940619755453860784e-01,-3.940619756202602963e-01,1.000000005403082870e+00,-3.940619809568066123e-01,2.000000005571929140e+00,-3.940619809568072229e-01,3.940619755453860784e-01
1.447606422265580511e-03,-3.940619752301338097e-01,-3.940619753050078611e-01,1.000000005722265328e+00,-3.940619809568066123e-01,2.000000005901086286e+00,-3.940619809568067788e-01,3.940619752301338097e-01
1.451606422265578440e-03,-3.940619749148815409e-01,-3.940619749897552593e-01,1.000000006041448453e+00,-3.940619809568065568e-01,2.000000006230243876e+00,-3.940619809568065568e-01,3.940619749148815409e-01
1.455606422265576369e-03,-3.940619745996291612e-01,-3.940619746745028795e-01,1.000000006360631577e+00,-3.940619809568066123e-01,2.000000006559401022e+00,-3.940619809568070009e-01,3.940619745996291612e-01
1.459606422265574298e-03,-3.940619742843763929e-01,-3.940619743592503887e-01,1.000000006679814923e+00,-3.940619809568066123e-01,2.000000006888559057e+00,-3.940619809568071119e-01,3.940619742843763929e-01
1.463606422265572226e-03,-3.940619739691237911e-01,-3.940619740439977869e-01,1.000000006998997382e+00,-3.940619809568065568e-01,2.000000007217715758e+00,-3.940619809568066123e-01,3.940619739691237911e-01
1.467606422265570155e-03,-3.940619736538713558e-01,-3.940619737287455737e-01,1.000000007318180284e+00,-3.940619809568062792e-01,2.000000007546872904e+00,-3.940619809568065013e-01,3.940619736538713558e-01
1.471606422265568084e-03,-3.940619733386190870e-01,-3.940619734134935270e-01,1.000000007637363852e+00,-3.940619809568071119e-01,2.000000007876031827e+00,-3.940619809568076115e-01,3.940619733386190870e-01
1.475606422265566013e-03,-3.940619730233668183e-01,-3.940619730982412028e-01,1.000000007956545867e+00,-3.940619809568065568e-01,2.000000008205187640e+00,-3.940619809568066123e-01,3.940619730233668183e-01
1.479606422265563942e-03,-3.940619727081145496e-01,-3.940619727829886010e-01,1.000000008275729879e+00,-3.940619809568068344e-01,2.000000008534346563e+00,-3.940619809568076115e-01,3.940619727081145496e-01
1.483606422265561870e-03,-3.940619723928622808e-01,-3.940619724677361657e-01,1.000000008594912781e+00,-3.940619809568071119e-01,2.000000008863503709e+00,-3.940619809568073895e-01,3.940619723928622808e-01
1.487606422265559799e-03,-3.940619720776099011e-01,-3.940619721524835084e-01,1.000000008914095906e+00,-3.940619809568068344e-01,2.000000009192661299e+00,-3.940619809568074450e-01,3.940619720776099011e-01
1.491606422265557728e-03,-3.940619717623571328e-01,-3.940619718372310176e-01,1.000000009233279030e+00,-3.940619809568070009e-01,2.000000009521818889e+00,-3.940619809568073340e-01,3.940619717623571328e-01
1.495606422265555657e-03,-3.940619714471045310e-01,-3.940619715219785824e-01,1.000000009552461711e+00,-3.940619809568066123e-01,2.000000009850976035e+00,-3.940619809568070009e-01,3.940619714471045310e-01
1.499606422265553586e-03,-3.940619711318520957e-01,-3.940619712067264246e-01,1.000000009871644613e+00,-3.940619809568071674e-01,2.000000010180133181e+00,-3.940619809568071674e-01,3.940619711318520957e-01
1.503606422265551515e-03,-3.940619708165998270e-01,-3.940619708914742114e-01,1.000000010190827071e+00,-3.940619809568063348e-01,2.000000010509290327e+00,-3.940619809568070009e-01,3.940619708165998270e-01
1.507606422265549443e-03,-3.940619705013475582e-01,-3.940619705762218317e-01,1.000000010510009973e+00,-3.940619809568065568e-01,2.000000010838447917e+00,-3.940619809568067233e-01,3.940619705013475582e-01
1.511606422265547372e-03,-3.940619701860952895e-01,-3.940619702609695074e-01,1.000000010829192876e+00,-3.940619809568066123e-01,2.000000011167605063e+00,-3.940619809568070009e-01,3.940619701860952895e-01
1.515606422265545301e-03,-3.940619698708430207e-01,-3.940619699457167946e-01,1.000000011148376444e+00,-3.940619809568066123e-01,2.000000011496763097e+00,-3.940619809568070009e-01,3.940619698708430207e-01
1.519606422265543230e-03,-3.940619695555904189e-01,-3.940619696304643593e-01,1.000000011467559569e+00,-3.940619809568067233e-01,2.000000011825921131e+00,-3.940619809568073340e-01,3.940619695555904189e-01
1.523606422265541159e-03,-3.940619692403378727e-01,-3.940619693152115910e-01,1.000000011786742249e+00,-3.940619809568066123e-01,2.000000012155077833e+00,-3.940619809568067233e-01,3.940619692403378727e-01
1.527606422265539087e-03,-3.940619689250851043e-01,-3.940619689999594333e-01,1.000000012105925373e+00,-3.940619809568067788e-01,2.000000012484235867e+00,-3.940619809568070009e-01,3.940619689250851043e-01
1.531606422265537016e-03,-3.940619686098328356e-01,-3.940619686847071090e-01,1.000000012425108054e+00,-3.940619809568066678e-01,2.000000012813392569e+00,-3.940619809568068899e-01,3.940619686098328356e-01
1.535606422265534945e-03,-3.940619682945805669e-01,-3.940619683694550068e-01,1.000000012744291178e+00,-3.940619809568067233e-01,2.000000013142550603e+00,-3.940619809568072784e-01,3.940619682945805669e-01
1.539606422265532874e-03,-3.940619679793282981e-01,-3.940619680542022940e-01,1.000000013063473858e+00,-3.940619809568066123e-01,2.000000013471707305e+00,-3.940619809568067788e-01,3.940619679793282981e-01
1.543606422265530803e-03,-3.940619676640760294e-01,-3.940619677389500253e-01,1.000000013382657205e+00,-3.940619809568070009e-01,2.000000013800865339e+00,-3.940619809568072229e-01,3.940619676640760294e-01
1.547606422265528732e-03,-3.940619673488237606e-01,-3.940619674236975900e-01,1.000000013701840329e+00,-3.940619809568070009e-01,2.000000014130022485e+00,-3.940619809568075560e-01,3.940619673488237606e-01
1.551606422265526660e-03,-3.940619670335711588e-01,-3.940619671084449327e-01,1.000000014021022787e+00,-3.940619809568066123e-01,2.000000014459180075e+00,-3.940619809568066123e-01,3.940619670335711588e-01
1.555606422265524589e-03,-3.940619667183186126e-01,-3.940619667931923864e-01,1.000000014340205912e+00,-3.940619809568065568e-01,2.000000014788337221e+00,-3.940619809568067233e-01,3.940619667183186126e-01
1.559606422265522518e-03,-3.940619664030658442e-01,-3.940619664779401177e-01,1.000000014659389258e+00,-3.940619809568069454e-01,2.000000015117495256e+00,-3.940619809568070009e-01,3.940619664030658442e-01
1.563606422265520447e-03,-3.940619660878135755e-01,-3.940619661626880155e-01,1.000000014978571938e+00,-3.940619809568066123e-01,2.000000015446652402e+00,-3.940619809568072229e-01,3.940619660878135755e-01
1.567606422265518376e-03,-3.940619657725613068e-01,-3.940619658474355802e-01,1.000000015297754619e+00,-3.940619809568066123e-01,2.000000015775809548e+00,-3.940619809568067788e-01,3.940619657725613068e-01
1.571606422265516305e-03,-3.940619654573090380e-01,-3.940619655321832004e-01,1.000000015616937965e+00,-3.940619809568066123e-01,2.000000016104967138e+00,-3.940619809568072229e-01,3.940619654573090380e-01
1.575606422265514233e-03,-3.940619651420567693e-01,-3.940619652169306542e-01,1.000000015936120867e+00,-3.940619809568066123e-01,2.000000016434124728e+00,-3.940619809568070009e-01,3.940619651420567693e-01
1.579606422265512162e-03,-3.940619648268043895e-01,-3.940619649016781634e-01,1.000000016255303770e+00,-3.940619809568066678e-01,2.000000016763281874e+00,-3.940619809568070009e-01,3.940619648268043895e-01
1.583606422265510091e-03,-3.940619645115518987e-01,-3.940619645864256726e-01,1.000000016574487116e+00,-3.940619809568066678e-01,2.000000017092439908e+00,-3.940619809568071674e-01,3.940619645115518987e-01
1.587606422265508020e-03,-3.940619641962991304e-01,-3.940619642711731818e-01,1.000000016893670018e+00,-3.940619809568069454e-01,2.000000017421597054e+00,-3.940619809568070564e-01,3.940619641962991304e-01
1.591606422265505949e-03,-3.940619638810465841e-01,-3.940619639559209686e-01,1.000000017212853143e+00,-3.940619809568067788e-01,2.000000017750754644e+00,-3.940619809568073340e-01,3.940619638810465841e-01
1.595606422265503877e-03,-3.940619635657943154e-01,-3.940619636406686999e-01,1.000000017532035823e+00,-3.940619809568066123e-01,2.000000018079911790e+00,-3.940619809568071119e-01,3.940619635657943154e-01
1.599606422265501806e-03,-3.940619632505420467e-01,-3.940619633254163756e-01,1.000000017851218281e+00,-3.940619809568065568e-01,2.000000018409068936e+00,-3.940619809568066678e-01,3.940619632505420467e-01
1.603606422265499735e-03,-3.940619629352897779e-01,-3.940619630101639959e-01,1.000000018170401628e+00,-3.940619809568066678e-01,2.000000018738226526e+00,-3.940619809568071674e-01,3.940619629352897779e-01
1.607606422265497664e-03,-3.940619626200375092e-01,-3.940619626949112830e-01,1.000000018489584530e+00,-3.940619809568066123e-01,2.000000019067384116e+00,-3.940619809568069454e-01,3.940619626200375092e-01
1.611606422265495593e-03,-3.940619623047851294e-01,-3.940619623796591808e-01,1.000000018808768099e+00,-3.940619809568067233e-01,2.000000019396542150e+00,-3.940619809568077225e-01,3.940619623047851294e-01
1.615606422265493522e-03,-3.940619619895326387e-01,-3.940619620644063570e-01,1.000000019127950779e+00,-3.940619809568066123e-01,2.000000019725699740e+00,-3.940619809568071674e-01,3.940619619895326387e-01
1.619606422265491450e-03,-3.940619616742798703e-01,-3.940619617491539772e-01,1.000000019447133459e+00,-3.940619809568066123e-01,2.000000020054855998e+00,-3.940619809568066678e-01,3.940619616742798703e-01
1.623606422265489379e-03,-3.940619613590273240e-01,-3.940619614339017085e-01,1.000000019766316361e+00,-3.940619809568066123e-01,2.000000020384013588e+00,-3.940619809568068344e-01,3.940619613590273240e-01
1.627606422265487308e-03,-3.940619610437750553e-01,-3.940619611186493843e-01,1.000000020085499930e+00,-3.940619809568066678e-01,2.000000020713171622e+00,-3.940619809568073895e-01,3.940619610437750553e-01
1.631606422265485237e-03,-3.940619607285227866e-01,-3.940619608033970045e-01,1.000000020404682166e+00,-3.940619809568066123e-01,2.000000021042328768e+00,-3.940619809568068344e-01,3.940619607285227866e-01
1.635606422265483166e-03,-3.940619604132705178e-01,-3.940619604881446802e-01,1.000000020723866401e+00,-3.940619809568072784e-01,2.000000021371486802e+00,-3.940619809568081111e-01,3.940619604132705178e-01
1.639606422265481095e-03,-3.940619600980182491e-01,-3.940619601728922450e-01,1.000000021043048637e+00,-3.940619809568070009e-01,2.000000021700643948e+00,-3.940619809568075005e-01,3.940619600980182491e-01
1.643606422265479023e-03,-3.940619597827658693e-01,-3.940619598576394766e-01,1.000000021362231317e+00,-3.940619809568066123e-01,2.000000022029801094e+00,-3.940619809568067788e-01,3.940619597827658693e-01
1.647606422265476952e-03,-3.940619594675131010e-01,-3.940619595423871524e-01,1.000000021681414664e+00,-3.940619809568066678e-01,2.000000022358958685e+00,-3.940619809568072229e-01,3.940619594675131010e-01
1.651606422265474881e-03,-3.940619591522606102e-01,-3.940619592271346616e-01,1.000000022000597344e+00,-3.940619809568066123e-01,2.000000022688115831e+00,-3.940619809568068344e-01,3.940619591522606102e-01
1.655606422265472810e-03,-3.940619588370080639e-01,-3.940619589118825039e-01,1.000000022319780024e+00,-3.940619809568066123e-01,2.000000023017272976e+00,-3.940619809568067788e-01,3.940619588370080639e-01
1.659606422265470739e-03,-3.940619585217557952e-01,-3.940619585966301242e-01,1.000000022638963371e+00,-3.940619809568066123e-01,2.000000023346430567e+00,-3.940619809568070009e-01,3.940619585217557952e-01
1.663606422265468667e-03,-3.940619582065035265e-01,-3.940619582813776889e-01,1.000000022958146051e+00,-3.940619809568065568e-01,2.000000023675588157e+00,-3.940619809568068344e-01,3.940619582065035265e-01
1.667606422265466596e-03,-3.940619578912512577e-01,-3.940619579661253646e-01,1.000000023277329397e+00,-3.940619809568066123e-01,2.000000024004745747e+00,-3.940619809568071119e-01,3.940619578912512577e-01
1.671606422265464525e-03,-3.940619575759989890e-01,-3.940619576508727628e-01,1.000000023596511856e+00,-3.940619809568065568e-01,2.000000024333902449e+00,-3.940619809568065013e-01,3.940619575759989890e-01
1.675606422265462454e-03,-3.940619572607466092e-01,-3.940619573356203276e-01,1.000000023915695202e+00,-3.940619809568066123e-01,2.000000024663060483e+00,-3.940619809568068899e-01,3.940619572607466092e-01
1.679606422265460383e-03,-3.940619569454938409e-01,-3.940619570203677813e-01,1.000000024234877882e+00,-3.940619809568065568e-01,2.000000024992218073e+00,-3.940619809568065013e-01,3.940619569454938409e-01
1.683606422265458312e-03,-3.940619566302412391e-01,-3.940619567051152905e-01,1.000000024554061673e+00,-3.940619809568066123e-01,2.000000025321376107e+00,-3.940619809568074450e-01,3.940619566302412391e-01
1.687606422265456240e-03,-3.940619563149888038e-01,-3.940619563898630773e-01,1.000000024873244131e+00,-3.940619809568066678e-01,2.000000025650532809e+00,-3.940619809568069454e-01,3.940619563149888038e-01
1.691606422265454169e-03,-3.940619559997365351e-01,-3.940619560746106975e-01,1.000000025192427255e+00,-3.940619809568066123e-01,2.000000025979690399e+00,-3.940619809568071674e-01,3.940619559997365351e-01
1.695606422265452098e-03,-3.940619556844842664e-01,-3.940619557593583733e-01,1.000000025511610158e+00,-3.940619809568070564e-01,2.000000026308847989e+00,-3.940619809568070009e-01,3.940619556844842664e-01
1.699606422265450027e-03,-3.940619553692319976e-01,-3.940619554441059935e-01,1.000000025830792838e+00,-3.940619809568066123e-01,2.000000026638004691e+00,-3.940619809568068344e-01,3.940619553692319976e-01
1.703606422265447956e-03,-3.940619550539797289e-01,-3.940619551288536693e-01,1.000000026149975962e+00,-3.940619809568066123e-01,2.000000026967162281e+00,-3.940619809568070564e-01,3.940619550539797289e-01
1.707606422265445885e-03,-3.940619547387271271e-01,-3.940619548136009009e-01,1.000000026469159087e+00,-3.940619809568066123e-01,2.000000027296319871e+00,-3.940619809568070009e-01,3.940619547387271271e-01
1.711606422265443813e-03,-3.940619544234745808e-01,-3.940619544983483546e-01,1.000000026788341989e+00,-3.940619809568065568e-01,2.000000027625477905e+00,-3.940619809568066123e-01,3.940619544234745808e-01
1.715606422265441742e-03,-3.940619541082219790e-01,-3.940619541830960859e-01,1.000000027107524891e+00,-3.940619809568065568e-01,2.000000027954634607e+00,-3.940619809568068344e-01,3.940619541082219790e-01
1.719606422265439671e-03,-3.940619537929695437e-01,-3.940619538678439282e-01,1.000000027426707794e+00,-3.940619809568070009e-01,2.000000028283792641e+00,-3.940619809568067788e-01,3.940619537929695437e-01
1.723606422265437600e-03,-3.940619534777172750e-01,-3.940619535525917705e-01,1.000000027745890918e+00,-3.940619809568071674e-01,2.000000028612950231e+00,-3.940619809568074450e-01,3.940619534777172750e-01
1.727606422265435529e-03,-3.940619531624650063e-01,-3.940619532373393907e-01,1.000000028065074265e+00,-3.940619809568070009e-01,2.000000028942107821e+00,-3.940619809568075560e-01,3.940619531624650063e-01
1.731606422265433457e-03,-3.940619528472127375e-01,-3.940619529220866779e-01,1.000000028384256945e+00,-3.940619809568066123e-01,2.000000029271265412e+00,-3.940619809568071119e-01,3.940619528472127375e-01
1.735606422265431386e-03,-3.940619525319604688e-01,-3.940619526068342982e-01,1.000000028703439847e+00,-3.940619809568066123e-01,2.000000029600422558e+00,-3.940619809568070564e-01,3.940619525319604688e-01
1.739606422265429315e-03,-3.940619522167078670e-01,-3.940619522915817519e-01,1.000000029022623194e+00,-3.940619809568066123e-01,2.000000029929580148e+00,-3.940619809568072229e-01,3.940619522167078670e-01
1.743606422265427244e-03,-3.940619519014553207e-01,-3.940619519763291501e-01,1.000000029341805652e+00,-3.940619809568065568e-01,2.000000030258737294e+00,-3.940619809568064458e-01,3.940619519014553207e-01
1.747606422265425173e-03,-3.940619515862025524e-01,-3.940619516610767148e-01,1.000000029660989442e+00,-3.940619809568071674e-01,2.000000030587895772e+00,-3.940619809568073340e-01,3.940619515862025524e-01
1.751606422265423102e-03,-3.940619512709502836e-01,-3.940619513458247236e-01,1.000000029980171679e+00,-3.940619809568067788e-01,2.000000030917052474e+00,-3.940619809568069454e-01,3.940619512709502836e-01
1.755606422265421030e-03,-3.940619509556980149e-01,-3.940619510305723994e-01,1.000000030299354803e+00,-3.940619809568066123e-01,2.000000031246209620e+00,-3.940619809568072229e-01,3.940619509556980149e-01
1.759606422265418959e-03,-3.940619506404457462e-01,-3.940619507153199641e-01,1.000000030618537705e+00,-3.940619809568066123e-01,2.000000031575366766e+00,-3.940619809568069454e-01,3.940619506404457462e-01
1.763606422265416888e-03,-3.940619503251934774e-01,-3.940619504000675288e-01,1.000000030937720608e+00,-3.940619809568066123e-01,2.000000031904524800e+00,-3.940619809568071674e-01,3.940619503251934774e-01
1.767606422265414817e-03,-3.940619500099412087e-01,-3.940619500848150936e-01,1.000000031256903510e+00,-3.940619809568066123e-01,2.000000032233681946e+00,-3.940619809568070009e-01,3.940619500099412087e-01
1.771606422265412746e-03,-3.940619496946886069e-01,-3.940619497695623252e-01,1.000000031576086190e+00,-3.940619809568062237e-01,2.000000032562839092e+00,-3.940619809568063348e-01,3.940619496946886069e-01
1.775606422265410675e-03,-3.940619493794360606e-01,-3.940619494543098900e-01,1.000000031895269537e+00,-3.940619809568066123e-01,2.000000032891996682e+00,-3.940619809568068344e-01,3.940619493794360606e-01
1.779606422265408603e-03,-3.940619490641832923e-01,-3.940619491390576212e-01,1.000000032214452439e+00,-3.940619809568069454e-01,2.000000033221154716e+00,-3.940619809568067233e-01,3.940619490641832923e-01
1.783606422265406532e-03,-3.940619487489310235e-01,-3.940619488238053525e-01,1.000000032533636229e+00,-3.940619809568072784e-01,2.000000033550312306e+00,-3.940619809568078336e-01,3.940619487489310235e-01
1.787606422265404461e-03,-3.940619484336787548e-01,-3.940619485085530838e-01,1.000000032852818688e+00,-3.940619809568067233e-01,2.000000033879469452e+00,-3.940619809568071674e-01,3.940619484336787548e-01
1.791606422265402390e-03,-3.940619481184264861e-01,-3.940619481933005375e-01,1.000000033172001368e+00,-3.940619809568066123e-01,2.000000034208626598e+00,-3.940619809568069454e-01,3.940619481184264861e-01
1.795606422265400319e-03,-3.940619478031742173e-01,-3.940619478780481022e-01,1.000000033491184270e+00,-3.940619809568065568e-01,2.000000034537784188e+00,-3.940619809568065568e-01,3.940619478031742173e-01
1.799606422265398247e-03,-3.940619474879218376e-01,-3.940619475627955559e-01,1.000000033810367617e+00,-3.940619809568066123e-01,2.000000034866941778e+00,-3.940619809568070564e-01,3.940619474879218376e-01
1.803606422265396176e-03,-3.940619471726693468e-01,-3.940619472475430651e-01,1.000000034129550741e+00,-3.940619809568065568e-01,2.000000035196099368e+00,-3.940619809568069454e-01,3.940619471726693468e-01
1.807606422265394105e-03,-3.940619468574165785e-01,-3.940619469322904633e-01,1.000000034448733643e+00,-3.940619809568066123e-01,2.000000035525256958e+00,-3.940619809568067788e-01,3.940619468574165785e-01
1.811606422265392034e-03,-3.940619465421640322e-01,-3.940619466170384722e-01,1.000000034767916546e+00,-3.940619809568066123e-01,2.000000035854414104e+00,-3.940619809568071674e-01,3.940619465421640322e-01
1.815606422265389963e-03,-3.940619462269117634e-01,-3.940619463017860924e-01,1.000000035087099226e+00,-3.940619809568066123e-01,2.000000036183570806e+00,-3.940619809568068344e-01,3.940619462269117634e-01
1.819606422265387892e-03,-3.940619459116594947e-01,-3.940619459865337126e-01,1.000000035406282350e+00,-3.940619809568066123e-01,2.000000036512728840e+00,-3.940619809568070009e-01,3.940619459116594947e-01
1.823606422265385820e-03,-3.940619455964072260e-01,-3.940619456712814994e-01,1.000000035725465475e+00,-3.940619809568066123e-01,2.000000036841886430e+00,-3.940619809568073340e-01,3.940619455964072260e-01
1.827606422265383749e-03,-3.940619452811549572e-01,-3.940619453560290641e-01,1.000000036044648377e+00,-3.940619809568066123e-01,2.000000037171044021e+00,-3.940619809568072229e-01,3.940619452811549572e-01
1.831606422265381678e-03,-3.940619449659025775e-01,-3.940619450407765734e-01,1.000000036363830835e+00,-3.940619809568066123e-01,2.000000037500200722e+00,-3.940619809568067788e-01,3.940619449659025775e-01
1.835606422265379607e-03,-3.940619446506500867e-01,-3.940619447255238605e-01,1.000000036683014182e+00,-3.940619809568065568e-01,2.000000037829358757e+00,-3.940619809568066678e-01,3.940619446506500867e-01
1.839606422265377536e-03,-3.940619443353973184e-01,-3.940619444102713698e-01,1.000000037002197972e+00,-3.940619809568067233e-01,2.000000038158516791e+00,-3.940619809568075560e-01,3.940619443353973184e-01
1.843606422265375465e-03,-3.940619440201447721e-01,-3.940619440950189345e-01,1.000000037321380431e+00,-3.940619809568067788e-01,2.000000038487673493e+00,-3.940619809568070009e-01,3.940619440201447721e-01
1.847606422265373393e-03,-3.940619437048925033e-01,-3.940619437797667213e-01,1.000000037640563555e+00,-3.940619809568069454e-01,2.000000038816831083e+00,-3.940619809568072229e-01,3.940619437048925033e-01
1.850010377734375051e-03,-3.940619435154298911e-01,-3.940619435903036094e-01,1.000000037832388999e+00,-3.940619802379676795e-01,2.000000039014651509e+00,-3.940619809568073895e-01,3.940619435154298911e-01
1.852596422265609171e-03,-3.940619433116159254e-01,-3.940619433864899213e-01,1.000000038038744821e+00,-3.940619807858305457e-01,2.000000039227455506e+00,-3.940619809568081666e-01,3.940619433116159254e-01
1.856596422265607100e-03,-3.940619429963636566e-01,-3.940619430712377080e-01,1.000000038357926835e+00,-3.940619809484963709e-01,2.000000039556612208e+00,-3.940619809568076115e-01,3.940619429963636566e-01
1.860012999999999988e-03,-3.940619427270927178e-01,-3.940619428019665471e-01,1.000000038630554089e+00,-3.940619809526718642e-01,2.000000039837758425e+00,-3.940619809568064458e-01,3.940619427270927178e-01
1.861406422265609760e-03,-3.940619426172730089e-01,-3.940619426921471713e-01,1.000000038741743147e+00,-3.940619809557820430e-01,2.000000039952423148e+00,-3.940619809568068899e-01,3.940619426172730089e-01
1.865406422265607688e-03,-3.940619423020202405e-01,-3.940619423768944585e-01,1.000000039060926715e+00,-3.940619809567880161e-01,2.000000040281580294e+00,-3.940619809568072784e-01,3.940619423020202405e-01
1.869406422265605617e-03,-3.940619419867679718e-01,-3.940619420616421342e-01,1.000000039380109174e+00,-3.940619809568062237e-01,2.000000040610737884e+00,-3.940619809568066123e-01,3.940619419867679718e-01
1.873406422265603546e-03,-3.940619416715157031e-01,-3.940619417463896434e-01,1.000000039699292076e+00,-3.940619809568060017e-01,2.000000040939895030e+00,-3.940619809568067233e-01,3.940619416715157031e-01
1.877406422265601475e-03,-3.940619413562634343e-01,-3.940619414311372082e-01,1.000000040018475644e+00,-3.940619809568062792e-01,2.000000041269053064e+00,-3.940619809568070009e-01,3.940619413562634343e-01
1.880009999999999884e-03,-3.940619551221474226e-01,-3.940619412595224302e-01,1.000000040226230347e+00,-3.940619809568643439e-01,2.000000041483299906e+00,-3.940619809903884163e-01,3.940619551221474226e-01
1.882396422265609137e-03,-3.940619800646459892e-01,-3.940619765277376674e-01,1.000000039046294864e+00,-3.940620073706469495e-01,2.000000040266491030e+00,-3.940620150931986032e-01,3.940619800646459892e-01
1.886396422265607066e-03,-3.940619799121985456e-01,-3.940619798831012655e-01,1.000000016469466235e+00,-3.940620019150034570e-01,2.000000016984137208e+00,-3.940619961497552892e-01,3.940619799121985456e-01
1.890010999999999818e-03,-3.940619797698570737e-01,-3.940619798036011923e-01,1.000000004008312571e+00,-3.940619862062793022e-01,2.000000004133572151e+00,-3.940619837625536914e-01,3.940619797698570737e-01
1.891206422265609725e-03,-3.940619796758220161e-01,-3.940619797382381995e-01,1.000000002725174753e+00,-3.940619839018320025e-01,2.000000002810336408e+00,-3.940619824298540186e-01,3.940619796758220161e-01
1.895206422265607654e-03,-3.940619793605697474e-01,-3.940619794352189231e-01,1.000000001690426688e+00,-3.940619812989204496e-01,2.000000001743252653e+00,-3.940619811048289844e-01,3.940619793605697474e-01
1.899206422265605583e-03,-3.940619790453175342e-01,-3.940619791201877553e-01,1.000000001871721889e+00,-3.940619809885878566e-01,2.000000001930213323e+00,-3.940619809688604702e-01,3.940619790453175342e-01
1.903206422265603511e-03,-3.940619787300652654e-01,-3.940619788049390393e-01,1.000000002179470604e+00,-3.940619809591685008e-01,2.000000002247579012e+00,-3.940619809575706123e-01,3.940619787300652654e-01
1.907206422265601440e-03,-3.940619784148129967e-01,-3.940619784896868261e-01,1.000000002497919649e+00,-3.940619809569487209e-01,2.000000002575979430e+00,-3.940619809568459697e-01,3.940619784148129967e-01
1.911206422265599369e-03,-3.940619780995607280e-01,-3.940619781744342798e-01,1.000000002817065470e+00,-3.940619809568140508e-01,2.000000002905098384e+00,-3.940619809568088883e-01,3.940619780995607280e-01
1.915206422265597298e-03,-3.940619777843080151e-01,-3.940619778591818445e-01,1.000000003136246152e+00,-3.940619809568068344e-01,2.000000003234253754e+00,-3.940619809568068899e-01,3.940619777843080151e-01
1.919206422265595227e-03,-3.940619774690555244e-01,-3.940619775439292982e-01,1.000000003455429054e+00,-3.940619809568065013e-01,2.000000003563411344e+00,-3.940619809568065568e-01,3.940619774690555244e-01
1.923206422265593156e-03,-3.940619771538027560e-01,-3.940619772286771405e-01,1.000000003774612178e+00,-3.940619809568065568e-01,2.000000003892568934e+00,-3.940619809568071119e-01,3.940619771538027560e-01
1.927206422265591084e-03,-3.940619768385504873e-01,-3.940619769134247607e-01,1.000000004093794859e+00,-3.940619809568066678e-01,2.000000004221726080e+00,-3.940619809568067233e-01,3.940619768385504873e-01
1.931206422265589013e-03,-3.940619765232982741e-01,-3.940619765981723255e-01,1.000000004412977983e+00,-3.940619809568066678e-01,2.000000004550883670e+00,-3.940619809568070564e-01,3.940619765232982741e-01
1.935206422265586942e-03,-3.940619762080460053e-01,-3.940619762829198902e-01,1.000000004732161107e+00,-3.940619809568065568e-01,2.000000004880040816e+00,-3.940619809568072229e-01,3.940619762080460053e-01
1.939206422265584871e-03,-3.940619758927937366e-01,-3.940619759676676215e-01,1.000000005051344010e+00,-3.940619809568062792e-01,2.000000005209198406e+00,-3.940619809568071674e-01,3.940619758927937366e-01
1.943206422265582800e-03,-3.940619755775413013e-01,-3.940619756524149087e-01,1.000000005370526912e+00,-3.940619809568065568e-01,2.000000005538355552e+00,-3.940619809568068344e-01,3.940619755775413013e-01
1.947206422265580729e-03,-3.940619752622887551e-01,-3.940619753371624734e-01,1.000000005689709814e+00,-3.940619809568065568e-01,2.000000005867513142e+00,-3.940619809568066123e-01,3.940619752622887551e-01
1.951206422265578657e-03,-3.940619749470359867e-01,-3.940619750219099826e-01,1.000000006008892939e+00,-3.940619809568067788e-01,2.000000006196670732e+00,-3.940619809568068344e-01,3.940619749470359867e-01
1.955206422265578971e-03,-3.940619746317834959e-01,-3.940619747066578804e-01,1.000000006328075841e+00,-3.940619809568065568e-01,2.000000006525828766e+00,-3.940619809568070564e-01,3.940619746317834959e-01
1.959206422265581237e-03,-3.940619743165312272e-01,-3.940619743914056672e-01,1.000000006647258965e+00,-3.940619809568066678e-01,2.000000006854985912e+00,-3.940619809568073340e-01,3.940619743165312272e-01
1.963206422265583503e-03,-3.940619740012790140e-01,-3.940619740761530099e-01,1.000000006966441868e+00,-3.940619809568065568e-01,2.000000007184143502e+00,-3.940619809568070009e-01,3.940619740012790140e-01
1.967206422265585768e-03,-3.940619736860267452e-01,-3.940619737609007411e-01,1.000000007285624548e+00,-3.940619809568066123e-01,2.000000007513300204e+00,-3.940619809568069454e-01,3.940619736860267452e-01
1.971206422265588034e-03,-3.940619733707744765e-01,-3.940619734456484724e-01,1.000000007604807672e+00,-3.940619809568065568e-01,2.000000007842457794e+00,-3.940619809568070564e-01,3.940619733707744765e-01
1.975206422265590300e-03,-3.940619730555220412e-01,-3.940619731303958151e-01,1.000000007923990353e+00,-3.940619809568066678e-01,2.000000008171615384e+00,-3.940619809568067233e-01,3.940619730555220412e-01
1.979206422265592565e-03,-3.940619727402694950e-01,-3.940619728151433243e-01,1.000000008243174143e+00,-3.940619809568068344e-01,2.000000008500773419e+00,-3.940619809568073895e-01,3.940619727402694950e-01
1.983206422265594831e-03,-3.940619724250167266e-01,-3.940619724998908890e-01,1.000000008562356157e+00,-3.940619809568066123e-01,2.000000008829929676e+00,-3.940619809568063903e-01,3.940619724250167266e-01
1.987206422265597097e-03,-3.940619721097642358e-01,-3.940619721846385648e-01,1.000000008881539948e+00,-3.940619809568066678e-01,2.000000009159088155e+00,-3.940619809568073340e-01,3.940619721097642358e-01
1.991206422265599362e-03,-3.940619717945120226e-01,-3.940619718693862961e-01,1.000000009200722850e+00,-3.940619809568066678e-01,2.000000009488245301e+00,-3.940619809568073895e-01,3.940619717945120226e-01
1.995206422265601628e-03,-3.940619714792597539e-01,-3.940619715541340273e-01,1.000000009519905753e+00,-3.940619809568065568e-01,2.000000009817402891e+00,-3.940619809568072784e-01,3.940619714792597539e-01
1.999206422265603893e-03,-3.940619711640074851e-01,-3.940619712388815366e-01,1.000000009839088433e+00,-3.940619809568065568e-01,2.000000010146560037e+00,-3.940619809568071119e-01,3.940619711640074851e-01
2.003206422265606159e-03,-3.940619708487552164e-01,-3.940619709236290458e-01,1.000000010158271335e+00,-3.940619809568061682e-01,2.000000010475717183e+00,-3.940619809568069454e-01,3.940619708487552164e-01
2.007206422265608425e-03,-3.940619705335027811e-01,-3.940619706083764995e-01,1.000000010477454016e+00,-3.940619809568061127e-01,2.000000010804874329e+00,-3.940619809568064458e-01,3.940619705335027811e-01
2.011206422265610690e-03,-3.940619702182500128e-01,-3.940619702931238422e-01,1.000000010796637362e+00,-3.940619809568062792e-01,2.000000011134032807e+00,-3.940619809568068899e-01,3.940619702182500128e-01
2.015206422265612956e-03,-3.940619699029974665e-01,-3.940619699778714624e-01,1.000000011115820708e+00,-3.940619809568065568e-01,2.000000011463189953e+00,-3.940619809568070009e-01,3.940619699029974665e-01
2.019206422265615222e-03,-3.940619695877449757e-01,-3.940619696626195823e-01,1.000000011435003167e+00,-3.940619809568067788e-01,2.000000011792347543e+00,-3.940619809568072229e-01,3.940619695877449757e-01
2.023206422265617487e-03,-3.940619692724927625e-01,-3.940619693473668694e-01,1.000000011754186513e+00,-3.940619809568065568e-01,2.000000012121504689e+00,-3.940619809568071119e-01,3.940619692724927625e-01
2.027206422265619753e-03,-3.940619689572404938e-01,-3.940619690321146007e-01,1.000000012073369193e+00,-3.940619809568061682e-01,2.000000012450662279e+00,-3.940619809568070009e-01,3.940619689572404938e-01
2.031206422265622018e-03,-3.940619686419882250e-01,-3.940619687168620544e-01,1.000000012392552096e+00,-3.940619809568065568e-01,2.000000012779819425e+00,-3.940619809568066678e-01,3.940619686419882250e-01
2.035206422265624284e-03,-3.940619683267359563e-01,-3.940619684016096191e-01,1.000000012711734332e+00,-3.940619809568063348e-01,2.000000013108976127e+00,-3.940619809568061682e-01,3.940619683267359563e-01
2.039206422265626550e-03,-3.940619680114835210e-01,-3.940619680863570728e-01,1.000000013030918344e+00,-3.940619809568062792e-01,2.000000013438134161e+00,-3.940619809568069454e-01,3.940619680114835210e-01
2.043206422265628815e-03,-3.940619676962307527e-01,-3.940619677711045266e-01,1.000000013350101025e+00,-3.940619809568061127e-01,2.000000013767291751e+00,-3.940619809568065568e-01,3.940619676962307527e-01
2.047206422265631081e-03,-3.940619673809782064e-01,-3.940619674558521468e-01,1.000000013669283927e+00,-3.940619809568061127e-01,2.000000014096448897e+00,-3.940619809568065013e-01,3.940619673809782064e-01
2.051206422265633347e-03,-3.940619670657257156e-01,-3.940619671405999891e-01,1.000000013988466829e+00,-3.940619809568065013e-01,2.000000014425606487e+00,-3.940619809568066123e-01,3.940619670657257156e-01
2.055206422265635612e-03,-3.940619667504735024e-01,-3.940619668253476093e-01,1.000000014307650620e+00,-3.940619809568069454e-01,2.000000014754764965e+00,-3.940619809568074450e-01,3.940619667504735024e-01
2.059206422265637878e-03,-3.940619664352212337e-01,-3.940619665100952851e-01,1.000000014626833300e+00,-3.940619809568068899e-01,2.000000015083922111e+00,-3.940619809568072784e-01,3.940619664352212337e-01
2.063206422265640144e-03,-3.940619661199689650e-01,-3.940619661948427388e-01,1.000000014946015536e+00,-3.940619809568062237e-01,2.000000015413078369e+00,-3.940619809568063903e-01,3.940619661199689650e-01
2.067206422265642409e-03,-3.940619658047166962e-01,-3.940619658795906366e-01,1.000000015265199105e+00,-3.940619809568063348e-01,2.000000015742236847e+00,-3.940619809568073340e-01,3.940619658047166962e-01
2.071206422265644675e-03,-3.940619654894639834e-01,-3.940619655643377572e-01,1.000000015584382007e+00,-3.940619809568065568e-01,2.000000016071393993e+00,-3.940619809568067233e-01,3.940619654894639834e-01
2.075206422265646940e-03,-3.940619651742114926e-01,-3.940619652490852109e-01,1.000000015903564909e+00,-3.940619809568065013e-01,2.000000016400551139e+00,-3.940619809568065013e-01,3.940619651742114926e-01
2.079206422265649206e-03,-3.940619648589589463e-01,-3.940619649338331643e-01,1.000000016222748478e+00,-3.940619809568068899e-01,2.000000016729709174e+00,-3.940619809568074450e-01,3.940619648589589463e-01
2.083206422265651472e-03,-3.940619645437064555e-01,-3.940619646185806180e-01,1.000000016541930936e+00,-3.940619809568065568e-01,2.000000017058866320e+00,-3.940619809568067233e-01,3.940619645437064555e-01
2.087206422265653737e-03,-3.940619642284542423e-01,-3.940619643033285713e-01,1.000000016861113838e+00,-3.940619809568065568e-01,2.000000017388023466e+00,-3.940619809568069454e-01,3.940619642284542423e-01
2.091206422265656003e-03,-3.940619639132019736e-01,-3.940619639880761360e-01,1.000000017180296741e+00,-3.940619809568065568e-01,2.000000017717181056e+00,-3.940619809568070564e-01,3.940619639132019736e-01
2.095206422265658269e-03,-3.940619635979497049e-01,-3.940619636728237007e-01,1.000000017499479199e+00,-3.940619809568065013e-01,2.000000018046337757e+00,-3.940619809568065568e-01,3.940619635979497049e-01
2.099206422265660534e-03,-3.940619632826974361e-01,-3.940619633575712100e-01,1.000000017818662768e+00,-3.940619809568065568e-01,2.000000018375495792e+00,-3.940619809568071119e-01,3.940619632826974361e-01
2.103206422265662800e-03,-3.940619629674447233e-01,-3.940619630423184416e-01,1.000000018137845670e+00,-3.940619809568065568e-01,2.000000018704652938e+00,-3.940619809568067788e-01,3.940619629674447233e-01
2.107206422265665065e-03,-3.940619626521922325e-01,-3.940619627270660619e-01,1.000000018457028794e+00,-3.940619809568065568e-01,2.000000019033810972e+00,-3.940619809568067788e-01,3.940619626521922325e-01
2.111206422265667331e-03,-3.940619623369394642e-01,-3.940619624118137376e-01,1.000000018776211252e+00,-3.940619809568065013e-01,2.000000019362967230e+00,-3.940619809568065013e-01,3.940619623369394642e-01
2.115206422265669597e-03,-3.940619620216871954e-01,-3.940619620965614134e-01,1.000000019095394821e+00,-3.940619809568062792e-01,2.000000019692125708e+00,-3.940619809568068899e-01,3.940619620216871954e-01
2.119206422265671862e-03,-3.940619617064349822e-01,-3.940619617813091446e-01,1.000000019414577279e+00,-3.940619809568065013e-01,2.000000020021282410e+00,-3.940619809568066123e-01,3.940619617064349822e-01
2.123206422265674128e-03,-3.940619613911827135e-01,-3.940619614660567094e-01,1.000000019733760626e+00,-3.940619809568065568e-01,2.000000020350440444e+00,-3.940619809568070009e-01,3.940619613911827135e-01
2.127206422265676394e-03,-3.940619610759304448e-01,-3.940619611508042741e-01,1.000000020052943972e+00,-3.940619809568066678e-01,2.000000020679598034e+00,-3.940619809568074450e-01,3.940619610759304448e-01
2.131206422265678659e-03,-3.940619607606780095e-01,-3.940619608355517833e-01,1.000000020372127096e+00,-3.940619809568067233e-01,2.000000021008755624e+00,-3.940619809568073340e-01,3.940619607606780095e-01
2.135206422265680925e-03,-3.940619604454254632e-01,-3.940619605202992370e-01,1.000000020691309777e+00,-3.940619809568066678e-01,2.000000021337912770e+00,-3.940619809568070564e-01,3.940619604454254632e-01
2.139206422265683191e-03,-3.940619601301729724e-01,-3.940619602050468573e-01,1.000000021010492457e+00,-3.940619809568066123e-01,2.000000021667070360e+00,-3.940619809568066678e-01,3.940619601301729724e-01
2.143206422265685456e-03,-3.940619598149202041e-01,-3.940619598897945330e-01,1.000000021329675359e+00,-3.940619809568067788e-01,2.000000021996227506e+00,-3.940619809568068344e-01,3.940619598149202041e-01
2.147206422265687722e-03,-3.940619594996679353e-01,-3.940619595745421533e-01,1.000000021648858484e+00,-3.940619809568066123e-01,2.000000022325385096e+00,-3.940619809568068899e-01,3.940619594996679353e-01
2.151206422265689987e-03,-3.940619591844157221e-01,-3.940619592592899401e-01,1.000000021968041386e+00,-3.940619809568068899e-01,2.000000022654542686e+00,-3.940619809568070564e-01,3.940619591844157221e-01
2.155206422265692253e-03,-3.940619588691634534e-01,-3.940619589440375603e-01,1.000000022287224510e+00,-3.940619809568066678e-01,2.000000022983700276e+00,-3.940619809568071119e-01,3.940619588691634534e-01
2.159206422265694519e-03,-3.940619585539111847e-01,-3.940619586287851250e-01,1.000000022606407635e+00,-3.940619809568066123e-01,2.000000023312857866e+00,-3.940619809568072229e-01,3.940619585539111847e-01
2.163206422265696784e-03,-3.940619582386587494e-01,-3.940619583135323567e-01,1.000000022925590315e+00,-3.940619809568065013e-01,2.000000023642015012e+00,-3.940619809568065568e-01,3.940619582386587494e-01
2.167206422265699050e-03,-3.940619579234062031e-01,-3.940619579982798659e-01,1.000000023244773439e+00,-3.940619809568065013e-01,2.000000023971172602e+00,-3.940619809568066678e-01,3.940619579234062031e-01
2.171206422265701316e-03,-3.940619576081534348e-01,-3.940619576830273751e-01,1.000000023563956564e+00,-3.940619809568066678e-01,2.000000024300330637e+00,-3.940619809568067233e-01,3.940619576081534348e-01
2.175206422265703581e-03,-3.940619572929009440e-01,-3.940619573677754950e-01,1.000000023883139244e+00,-3.940619809568068899e-01,2.000000024629487783e+00,-3.940619809568071674e-01,3.940619572929009440e-01
2.179206422265705847e-03,-3.940619569776486752e-01,-3.940619570525229487e-01,1.000000024202322590e+00,-3.940619809568069454e-01,2.000000024958645373e+00,-3.940619809568073895e-01,3.940619569776486752e-01
2.183206422265708112e-03,-3.940619566623964620e-01,-3.940619567372704024e-01,1.000000024521505715e+00,-3.940619809568066678e-01,2.000000025287802963e+00,-3.940619809568073895e-01,3.940619566623964620e-01
2.187206422265710378e-03,-3.940619563471441933e-01,-3.940619564220182447e-01,1.000000024840688617e+00,-3.940619809568069454e-01,2.000000025616960109e+00,-3.940619809568076115e-01,3.940619563471441933e-01
2.191206422265712644e-03,-3.940619560318919246e-01,-3.940619561067656429e-01,1.000000025159871964e+00,-3.940619809568067233e-01,2.000000025946118143e+00,-3.940619809568075560e-01,3.940619560318919246e-01
2.195206422265714909e-03,-3.940619557166394893e-01,-3.940619557915132076e-01,1.000000025479054644e+00,-3.940619809568065568e-01,2.000000026275275289e+00,-3.940619809568073895e-01,3.940619557166394893e-01
2.199206422265717175e-03,-3.940619554013869430e-01,-3.940619554762607168e-01,1.000000025798237324e+00,-3.940619809568065568e-01,2.000000026604432879e+00,-3.940619809568069454e-01,3.940619554013869430e-01
2.203206422265719441e-03,-3.940619550861341747e-01,-3.940619551610081706e-01,1.000000026117420449e+00,-3.940619809568065568e-01,2.000000026933590025e+00,-3.940619809568070009e-01,3.940619550861341747e-01
2.207206422265721706e-03,-3.940619547708816839e-01,-3.940619548457559573e-01,1.000000026436603573e+00,-3.940619809568066678e-01,2.000000027262747615e+00,-3.940619809568072229e-01,3.940619547708816839e-01
2.211206422265723972e-03,-3.940619544556294707e-01,-3.940619545305037996e-01,1.000000026755786031e+00,-3.940619809568068899e-01,2.000000027591904761e+00,-3.940619809568070564e-01,3.940619544556294707e-01
2.215206422265726238e-03,-3.940619541403772019e-01,-3.940619542152513644e-01,1.000000027074969378e+00,-3.940619809568067233e-01,2.000000027921062351e+00,-3.940619809568073895e-01,3.940619541403772019e-01
2.219206422265728503e-03,-3.940619538251249332e-01,-3.940619538999989846e-01,1.000000027394151836e+00,-3.940619809568065568e-01,2.000000028250219053e+00,-3.940619809568068899e-01,3.940619538251249332e-01
2.223206422265730769e-03,-3.940619535098726645e-01,-3.940619535847464383e-01,1.000000027713334516e+00,-3.940619809568062237e-01,2.000000028579376643e+00,-3.940619809568065013e-01,3.940619535098726645e-01
2.227206422265733034e-03,-3.940619531946202292e-01,-3.940619532694940030e-01,1.000000028032518085e+00,-3.940619809568062792e-01,2.000000028908534233e+00,-3.940619809568070564e-01,3.940619531946202292e-01
2.231206422265735300e-03,-3.940619528793674609e-01,-3.940619529542411792e-01,1.000000028351700765e+00,-3.940619809568064458e-01,2.000000029237691823e+00,-3.940619809568062792e-01,3.940619528793674609e-01
2.235206422265737566e-03,-3.940619525641149146e-01,-3.940619526389891880e-01,1.000000028670883889e+00,-3.940619809568064458e-01,2.000000029566848969e+00,-3.940619809568068899e-01,3.940619525641149146e-01
2.239206422265739831e-03,-3.940619522488624238e-01,-3.940619523237365862e-01,1.000000028990067236e+00,-3.940619809568066678e-01,2.000000029896007003e+00,-3.940619809568068899e-01,3.940619522488624238e-01
2.243206422265742097e-03,-3.940619519336102106e-01,-3.940619520084845395e-01,1.000000029309249472e+00,-3.940619809568065568e-01,2.000000030225163705e+00,-3.940619809568067233e-01,3.940619519336102106e-01
2.247206422265744363e-03,-3.940619516183579418e-01,-3.940619516932319932e-01,1.000000029628433262e+00,-3.940619809568071674e-01,2.000000030554322183e+00,-3.940619809568071119e-01,3.940619516183579418e-01
2.251206422265746628e-03,-3.940619513031056731e-01,-3.940619513779795580e-01,1.000000029947615721e+00,-3.940619809568065568e-01,2.000000030883478885e+00,-3.940619809568068344e-01,3.940619513031056731e-01
2.255206422265748894e-03,-3.940619509878534044e-01,-3.940619510627271227e-01,1.000000030266798401e+00,-3.940619809568062237e-01,2.000000031212636031e+00,-3.940619809568067233e-01,3.940619509878534044e-01
2.259206422265751159e-03,-3.940619506726009691e-01,-3.940619507474746319e-01,1.000000030585981747e+00,-3.940619809568065568e-01,2.000000031541793621e+00,-3.940619809568067233e-01,3.940619506726009691e-01
2.263206422265753425e-03,-3.940619503573482008e-01,-3.940619504322220301e-01,1.000000030905164206e+00,-3.940619809568063903e-01,2.000000031870950767e+00,-3.940619809568062792e-01,3.940619503573482008e-01
2.267206422265755691e-03,-3.940619500420956545e-01,-3.940619501169696504e-01,1.000000031224347996e+00,-3.940619809568066678e-01,2.000000032200108357e+00,-3.940619809568068344e-01,3.940619500420956545e-01
2.271206422265757956e-03,-3.940619497268431637e-01,-3.940619498017175482e-01,1.000000031543530898e+00,-3.940619809568067233e-01,2.000000032529266392e+00,-3.940619809568072784e-01,3.940619497268431637e-01
2.275206422265760222e-03,-3.940619494115909505e-01,-3.940619494864651129e-01,1.000000031862713801e+00,-3.940619809568068344e-01,2.000000032858423094e+00,-3.940619809568070009e-01,3.940619494115909505e-01
2.279206422265762488e-03,-3.940619490963386817e-01,-3.940619491712127886e-01,1.000000032181896481e+00,-3.940619809568065568e-01,2.000000033187581128e+00,-3.940619809568069454e-01,3.940619490963386817e-01
2.283206422265764753e-03,-3.940619487810864130e-01,-3.940619488559602424e-01,1.000000032501079605e+00,-3.940619809568065568e-01,2.000000033516738274e+00,-3.940619809568068344e-01,3.940619487810864130e-01
2.287206422265767019e-03,-3.940619484658341443e-01,-3.940619485407077516e-01,1.000000032820262508e+00,-3.940619809568065013e-01,2.000000033845895420e+00,-3.940619809568067233e-01,3.940619484658341443e-01
2.291206422265769285e-03,-3.940619481505814314e-01,-3.940619482254551498e-01,1.000000033139446076e+00,-3.940619809568066123e-01,2.000000034175053454e+00,-3.940619809568070564e-01,3.940619481505814314e-01
2.295206422265771550e-03,-3.940619478353289407e-01,-3.940619479102027145e-01,1.000000033458628979e+00,-3.940619809568067788e-01,2.000000034504211488e+00,-3.940619809568069454e-01,3.940619478353289407e-01
2.299206422265773816e-03,-3.940619475200761723e-01,-3.940619475949502792e-01,1.000000033777811659e+00,-3.940619809568065013e-01,2.000000034833368190e+00,-3.940619809568065568e-01,3.940619475200761723e-01
2.303206422265776081e-03,-3.940619472048239036e-01,-3.940619472796982881e-01,1.000000034096994783e+00,-3.940619809568068899e-01,2.000000035162525780e+00,-3.940619809568073340e-01,3.940619472048239036e-01
2.307206422265778347e-03,-3.940619468895716904e-01,-3.940619469644457973e-01,1.000000034416177463e+00,-3.940619809568066678e-01,2.000000035491682926e+00,-3.940619809568067233e-01,3.940619468895716904e-01
2.311206422265780613e-03,-3.940619465743194216e-01,-3.940619466491935285e-01,1.000000034735360810e+00,-3.940619809568066123e-01,2.000000035820840960e+00,-3.940619809568075005e-01,3.940619465743194216e-01
2.315206422265782878e-03,-3.940619462590671529e-01,-3.940619463339410933e-01,1.000000035054543490e+00,-3.940619809568067788e-01,2.000000036149998106e+00,-3.940619809568068899e-01,3.940619462590671529e-01
2.319206422265785144e-03,-3.940619459438148842e-01,-3.940619460186887135e-01,1.000000035373726393e+00,-3.940619809568068899e-01,2.000000036479155252e+00,-3.940619809568070009e-01,3.940619459438148842e-01
2.323206422265787410e-03,-3.940619456285621713e-01,-3.940619457034359452e-01,1.000000035692909517e+00,-3.940619809568062792e-01,2.000000036808312842e+00,-3.940619809568067233e-01,3.940619456285621713e-01
2.327206422265789675e-03,-3.940619453133096806e-01,-3.940619453881836209e-01,1.000000036012092641e+00,-3.940619809568065568e-01,2.000000037137470432e+00,-3.940619809568070564e-01,3.940619453133096806e-01
2.331206422265791941e-03,-3.940619449980569122e-01,-3.940619450729314632e-01,1.000000036331275322e+00,-3.940619809568065568e-01,2.000000037466627578e+00,-3.940619809568069454e-01,3.940619449980569122e-01
2.335206422265794206e-03,-3.940619446828046435e-01,-3.940619447576789725e-01,1.000000036650458224e+00,-3.940619809568065013e-01,2.000000037795784724e+00,-3.940619809568068344e-01,3.940619446828046435e-01
2.339206422265796472e-03,-3.940619443675524303e-01,-3.940619444424265372e-01,1.000000036969641126e+00,-3.940619809568061682e-01,2.000000038124941870e+00,-3.940619809568067788e-01,3.940619443675524303e-01
2.343206422265798738e-03,-3.940619440523001615e-01,-3.940619441271742129e-01,1.000000037288824251e+00,-3.940619809568062792e-01,2.000000038454099904e+00,-3.940619809568067233e-01,3.940619440523001615e-01
2.347206422265801003e-03,-3.940619437370478928e-01,-3.940619438119217222e-01,1.000000037608007153e+00,-3.940619809568065013e-01,2.000000038783257050e+00,-3.940619809568067788e-01,3.940619437370478928e-01
2.350008111328125322e-03,-3.940619435162382445e-01,-3.940619435911119628e-01,1.000000037831569655e+00,-3.940619805296547429e-01,2.000000039013805964e+00,-3.940619809568062792e-01,3.940619435162382445e-01
2.352196422265611341e-03,-3.940619433437710373e-01,-3.940619434186448111e-01,1.000000038006187308e+00,-3.940619807124137730e-01,2.000000039193880585e+00,-3.940619809568067233e-01,3.940619433437710373e-01
2.356196422265613606e-03,-3.940619430285191016e-01,-3.940619431033930420e-01,1.000000038325370655e+00,-3.940619809465752965e-01,2.000000039523038176e+00,-3.940619809568075005e-01,3.940619430285191016e-01
2.360010000000000059e-03,-3.940619427279588027e-01,-3.940619428028325211e-01,1.000000038629677457e+00,-3.940619809526708095e-01,2.000000039836855148e+00,-3.940619809568066123e-01,3.940619427279588027e-01
2.361006422265654863e-03,-3.940619426494278987e-01,-3.940619427243016726e-01,1.000000038709187411e+00,-3.940619809552748376e-01,2.000000039918849115e+00,-3.940619809568066123e-01,3.940619426494278987e-01
2.365006422265657129e-03,-3.940619423341757410e-01,-3.940619424090496814e-01,1.000000039028371202e+00,-3.940619809567790788e-01,2.000000040248007593e+00,-3.940619809568076670e-01,3.940619423341757410e-01
2.369006422265659394e-03,-3.940619420189243050e-01,-3.940619420937979678e-01,1.000000039347553216e+00,-3.940619809568068344e-01,2.000000040577164295e+00,-3.940619809568073895e-01,3.940619420189243050e-01
2.373006422265661660e-03,-3.940619417036728689e-01,-3.940619417785464207e-01,1.000000039666735674e+00,-3.940619809568071674e-01,2.000000040906320997e+00,-3.940619809568076670e-01,3.940619417036728689e-01
2.377006422265663926e-03,-3.940619413884214328e-01,-3.940619414632949846e-01,1.000000039985917244e+00,-3.940619809568075560e-01,2.000000041235477699e+00,-3.940619809568074450e-01,3.940619413884214328e-01
2.380006222656250257e-03,-3.940619435880479693e-01,-3.940619412284935286e-01,1.000000040225288434e+00,-3.940619809568086662e-01,2.000000041482328683e+00,-3.940619809584294808e-01,3.940619435880479693e-01
2.381996422265611306e-03,-3.940619800778036863e-01,-3.940619747768895897e-01,1.000000039747715563e+00,-3.940620037715154012e-01,2.000000040989831973e+00,-3.940620140351336897e-01,3.940619800778036863e-01
2.385996422265613572e-03,-3.940619799279137525e-01,-3.940619798669356411e-01,1.000000018906630261e+00,-3.940620042060322681e-01,2.000000019497462311e+00,-3.940619985407411985e-01,3.940619799279137525e-01
2.389903211132807931e-03,-3.940619797741006791e-01,-3.940619798076522295e-01,1.000000004169372403e+00,-3.940619864753072132e-01,2.000000004299665513e+00,-3.940619839256811474e-01,3.940619797741006791e-01
2.390806422265654829e-03,-3.940619797073448560e-01,-3.940619797636100707e-01,1.000000003064372756e+00,-3.940619845464257698e-01,2.000000003160134820e+00,-3.940619827902466787e-01,3.940619797073448560e-01
2.394806422265657094e-03,-3.940619793920929204e-01,-3.940619794666305742e-01,1.000000001698867491e+00,-3.940619813857185738e-01,2.000000001751957246e+00,-3.940619811445773002e-01,3.940619793920929204e-01
2.398806422265659360e-03,-3.940619790768414843e-01,-3.940619791517093740e-01,1.000000001843466935e+00,-3.940619809975099974e-01,2.000000001901075297e+00,-3.940619809724749678e-01,3.940619790768414843e-01
2.402806422265661625e-03,-3.940619787615900482e-01,-3.940619788364639331e-01,1.000000002147810596e+00,-3.940619809599019141e-01,2.000000002214929573e+00,-3.940619809578254640e-01,3.940619787615900482e-01
2.406806422265663891e-03,-3.940619784463386122e-01,-3.940619785212125525e-01,1.000000002466016058e+00,-3.940619809569972931e-01,2.000000002543079081e+00,-3.940619809568609577e-01,3.940619784463386122e-01
2.410806422265666157e-03,-3.940619781310871761e-01,-3.940619782059611720e-01,1.000000002785146558e+00,-3.940619809568170484e-01,2.000000002872182492e+00,-3.940619809568103316e-01,3.940619781310871761e-01
2.414806422265668422e-03,-3.940619778158357400e-01,-3.940619778907096804e-01,1.000000003104326574e+00,-3.940619809568082776e-01,2.000000003201336973e+00,-3.940619809568080556e-01,3.940619778158357400e-01
2.418806422265670688e-03,-3.940619775005843040e-01,-3.940619775754582443e-01,1.000000003423508810e+00,-3.940619809568077225e-01,2.000000003530493675e+00,-3.940619809568084997e-01,3.940619775005843040e-01
2.422806422265672954e-03,-3.940619771853328679e-01,-3.940619772602069193e-01,1.000000003742690380e+00,-3.940619809568082776e-01,2.000000003859649045e+00,-3.940619809568082776e-01,3.940619771853328679e-01
2.426806422265675219e-03,-3.940619768700814318e-01,-3.940619769449550391e-01,1.000000004061872394e+00,-3.940619809568077225e-01,2.000000004188806191e+00,-3.940619809568077780e-01,3.940619768700814318e-01
2.430806422265677485e-03,-3.940619765548299958e-01,-3.940619766297036586e-01,1.000000004381054630e+00,-3.940619809568075005e-01,2.000000004517962449e+00,-3.940619809568082221e-01,3.940619765548299958e-01
2.434806422265679750e-03,-3.940619762395785597e-01,-3.940619763144522780e-01,1.000000004700236644e+00,-3.940619809568077780e-01,2.000000004847119150e+00,-3.940619809568081666e-01,3.940619762395785597e-01
2.438806422265682016e-03,-3.940619759243271236e-01,-3.940619759992009530e-01,1.000000005019418881e+00,-3.940619809568079446e-01,2.000000005176275852e+00,-3.940619809568086107e-01,3.940619759243271236e-01
2.442806422265684282e-03,-3.940619756090756876e-01,-3.940619756839495169e-01,1.000000005338601117e+00,-3.940619809568080556e-01,2.000000005505432110e+00,-3.940619809568087772e-01,3.940619756090756876e-01
2.446806422265686547e-03,-3.940619752938242515e-01,-3.940619753686980808e-01,1.000000005657782687e+00,-3.940619809568082776e-01,2.000000005834588368e+00,-3.940619809568083887e-01,3.940619752938242515e-01
2.450806422265688813e-03,-3.940619749785728154e-01,-3.940619750534467003e-01,1.000000005976964701e+00,-3.940619809568082776e-01,2.000000006163744626e+00,-3.940619809568082221e-01,3.940619749785728154e-01
2.454806422265691079e-03,-3.940619746633212683e-01,-3.940619747381952642e-01,1.000000006296146049e+00,-3.940619809568079446e-01,2.000000006492900884e+00,-3.940619809568077225e-01,3.940619746633212683e-01
2.458806422265693344e-03,-3.940619743480698323e-01,-3.940619744229434396e-01,1.000000006615328729e+00,-3.940619809568076670e-01,2.000000006822057586e+00,-3.940619809568079446e-01,3.940619743480698323e-01
2.462806422265695610e-03,-3.940619740328183962e-01,-3.940619741076920035e-01,1.000000006934510743e+00,-3.940619809568077225e-01,2.000000007151214287e+00,-3.940619809568081666e-01,3.940619740328183962e-01
2.466806422265697876e-03,-3.940619737175669601e-01,-3.940619737924405674e-01,1.000000007253692758e+00,-3.940619809568077780e-01,2.000000007480370545e+00,-3.940619809568081111e-01,3.940619737175669601e-01
2.470806422265700141e-03,-3.940619734023155241e-01,-3.940619734771891869e-01,1.000000007572874328e+00,-3.940619809568076115e-01,2.000000007809526359e+00,-3.940619809568078891e-01,3.940619734023155241e-01
2.474806422265702407e-03,-3.940619730870640880e-01,-3.940619731619378063e-01,1.000000007892056786e+00,-3.940619809568073895e-01,2.000000008138683505e+00,-3.940619809568081666e-01,3.940619730870640880e-01
2.478806422265704672e-03,-3.940619727718126519e-01,-3.940619728466863148e-01,1.000000008211238356e+00,-3.940619809568077225e-01,2.000000008467839763e+00,-3.940619809568078891e-01,3.940619727718126519e-01
2.482806422265706938e-03,-3.940619724565610493e-01,-3.940619725314349342e-01,1.000000008530420592e+00,-3.940619809568077225e-01,2.000000008796996021e+00,-3.940619809568081666e-01,3.940619724565610493e-01
2.486806422265709204e-03,-3.940619721413096133e-01,-3.940619722161834426e-01,1.000000008849602384e+00,-3.940619809568077225e-01,2.000000009126151834e+00,-3.940619809568078336e-01,3.940619721413096133e-01
2.490806422265711469e-03,-3.940619718260581772e-01,-3.940619719009316735e-01,1.000000009168784398e+00,-3.940619809568073340e-01,2.000000009455308980e+00,-3.940619809568074450e-01,3.940619718260581772e-01
2.494806422265713735e-03,-3.940619715108067411e-01,-3.940619715856802929e-01,1.000000009487966857e+00,-3.940619809568075005e-01,2.000000009784466126e+00,-3.940619809568082221e-01,3.940619715108067411e-01
2.498806422265716001e-03,-3.940619711955553051e-01,-3.940619712704289124e-01,1.000000009807148871e+00,-3.940619809568075005e-01,2.000000010113622384e+00,-3.940619809568081666e-01,3.940619711955553051e-01
2.502806422265718266e-03,-3.940619708803038690e-01,-3.940619709551775318e-01,1.000000010126331107e+00,-3.940619809568079446e-01,2.000000010442779086e+00,-3.940619809568085552e-01,3.940619708803038690e-01
2.506806422265720532e-03,-3.940619705650524329e-01,-3.940619706399260957e-01,1.000000010445512899e+00,-3.940619809568079446e-01,2.000000010771935344e+00,-3.940619809568083332e-01,3.940619705650524329e-01
2.510806422265722797e-03,-3.940619702498008303e-01,-3.940619703246744376e-01,1.000000010764694913e+00,-3.940619809568078891e-01,2.000000011101092046e+00,-3.940619809568081666e-01,3.940619702498008303e-01
2.514806422265725063e-03,-3.940619699345493943e-01,-3.940619700094230016e-01,1.000000011083876705e+00,-3.940619809568076670e-01,2.000000011430247415e+00,-3.940619809568080001e-01,3.940619699345493943e-01
2.518806422265727329e-03,-3.940619696192979582e-01,-3.940619696941715655e-01,1.000000011403058942e+00,-3.940619809568077225e-01,2.000000011759404561e+00,-3.940619809568081111e-01,3.940619696192979582e-01
2.522806422265729594e-03,-3.940619693040465221e-01,-3.940619693789201294e-01,1.000000011722240512e+00,-3.940619809568077225e-01,2.000000012088560375e+00,-3.940619809568077780e-01,3.940619693040465221e-01
2.526806422265731860e-03,-3.940619689887950861e-01,-3.940619690636685823e-01,1.000000012041422748e+00,-3.940619809568076115e-01,2.000000012417717521e+00,-3.940619809568078891e-01,3.940619689887950861e-01
2.530806422265734126e-03,-3.940619686735436500e-01,-3.940619687484172573e-01,1.000000012360604540e+00,-3.940619809568077225e-01,2.000000012746873335e+00,-3.940619809568079446e-01,3.940619686735436500e-01
2.534806422265736391e-03,-3.940619683582922139e-01,-3.940619684331658212e-01,1.000000012679786998e+00,-3.940619809568080001e-01,2.000000013076030481e+00,-3.940619809568081666e-01,3.940619683582922139e-01
2.538806422265738657e-03,-3.940619680430405003e-01,-3.940619681179144407e-01,1.000000012998968790e+00,-3.940619809568081111e-01,2.000000013405186738e+00,-3.940619809568082776e-01,3.940619680430405003e-01
2.542806422265740923e-03,-3.940619677277890642e-01,-3.940619678026628936e-01,1.000000013318151026e+00,-3.940619809568077225e-01,2.000000013734343440e+00,-3.940619809568082221e-01,3.940619677277890642e-01
2.546806422265743188e-03,-3.940619674125376282e-01,-3.940619674874114575e-01,1.000000013637332819e+00,-3.940619809568078891e-01,2.000000014063499254e+00,-3.940619809568081111e-01,3.940619674125376282e-01
2.550806422265745454e-03,-3.940619670972861921e-01,-3.940619671721600215e-01,1.000000013956515055e+00,-3.940619809568077780e-01,2.000000014392655956e+00,-3.940619809568083332e-01,3.940619670972861921e-01
2.554806422265747719e-03,-3.940619667820347560e-01,-3.940619668569083078e-01,1.000000014275696847e+00,-3.940619809568076670e-01,2.000000014721812214e+00,-3.940619809568079446e-01,3.940619667820347560e-01
2.558806422265749985e-03,-3.940619664667833200e-01,-3.940619665416569273e-01,1.000000014594879083e+00,-3.940619809568077225e-01,2.000000015050968916e+00,-3.940619809568081111e-01,3.940619664667833200e-01
2.562806422265752251e-03,-3.940619661515318839e-01,-3.940619662264055467e-01,1.000000014914061097e+00,-3.940619809568077225e-01,2.000000015380125618e+00,-3.940619809568083887e-01,3.940619661515318839e-01
2.566806422265754516e-03,-3.940619658362802258e-01,-3.940619659111539441e-01,1.000000015233243333e+00,-3.940619809568076670e-01,2.000000015709281875e+00,-3.940619809568082776e-01,3.940619658362802258e-01
2.570806422265756782e-03,-3.940619655210287897e-01,-3.940619655959025081e-01,1.000000015552424903e+00,-3.940619809568073340e-01,2.000000016038438577e+00,-3.940619809568080001e-01,3.940619655210287897e-01
2.574806422265759048e-03,-3.940619652057773536e-01,-3.940619652806510720e-01,1.000000015871607140e+00,-3.940619809568077225e-01,2.000000016367594835e+00,-3.940619809568082221e-01,3.940619652057773536e-01
2.578806422265761313e-03,-3.940619648905259176e-01,-3.940619649653996359e-01,1.000000016190789154e+00,-3.940619809568077225e-01,2.000000016696751093e+00,-3.940619809568082776e-01,3.940619648905259176e-01
2.582806422265763579e-03,-3.940619645752744815e-01,-3.940619646501481999e-01,1.000000016509970946e+00,-3.940619809568073895e-01,2.000000017025907351e+00,-3.940619809568081666e-01,3.940619645752744815e-01
2.586806422265765844e-03,-3.940619642600230454e-01,-3.940619643348966528e-01,1.000000016829153626e+00,-3.940619809568079446e-01,2.000000017355064053e+00,-3.940619809568085552e-01,3.940619642600230454e-01
2.590806422265768110e-03,-3.940619639447716094e-01,-3.940619640196452722e-01,1.000000017148335196e+00,-3.940619809568080001e-01,2.000000017684221199e+00,-3.940619809568083332e-01,3.940619639447716094e-01
2.594806422265770376e-03,-3.940619636295200068e-01,-3.940619637043938361e-01,1.000000017467517210e+00,-3.940619809568080001e-01,2.000000018013377012e+00,-3.940619809568081666e-01,3.940619636295200068e-01
2.598806422265772641e-03,-3.940619633142685707e-01,-3.940619633891423446e-01,1.000000017786699225e+00,-3.940619809568082776e-01,2.000000018342533714e+00,-3.940619809568082221e-01,3.940619633142685707e-01
2.602806422265774907e-03,-3.940619629990171346e-01,-3.940619630738905754e-01,1.000000018105880795e+00,-3.940619809568074450e-01,2.000000018671689528e+00,-3.940619809568073340e-01,3.940619629990171346e-01
2.606806422265777173e-03,-3.940619626837656986e-01,-3.940619627586391949e-01,1.000000018425063031e+00,-3.940619809568072229e-01,2.000000019000846674e+00,-3.940619809568078336e-01,3.940619626837656986e-01
2.610806422265779438e-03,-3.940619623685142625e-01,-3.940619624433878143e-01,1.000000018744245045e+00,-3.940619809568072229e-01,2.000000019330002488e+00,-3.940619809568077780e-01,3.940619623685142625e-01
2.614806422265781704e-03,-3.940619620532628264e-01,-3.940619621281363227e-01,1.000000019063427281e+00,-3.940619809568077225e-01,2.000000019659159189e+00,-3.940619809568080001e-01,3.940619620532628264e-01
2.618806422265783970e-03,-3.940619617380113904e-01,-3.940619618128849422e-01,1.000000019382609073e+00,-3.940619809568077225e-01,2.000000019988315891e+00,-3.940619809568078891e-01,3.940619617380113904e-01
2.622806422265786235e-03,-3.940619614227596212e-01,-3.940619614976334506e-01,1.000000019701790865e+00,-3.940619809568074450e-01,2.000000020317471705e+00,-3.940619809568076670e-01,3.940619614227596212e-01
2.626806422265788501e-03,-3.940619611075081852e-01,-3.940619611823820700e-01,1.000000020020972880e+00,-3.940619809568076115e-01,2.000000020646627963e+00,-3.940619809568076115e-01,3.940619611075081852e-01
2.630806422265790766e-03,-3.940619607922567491e-01,-3.940619608671305785e-01,1.000000020340155338e+00,-3.940619809568077225e-01,2.000000020975785109e+00,-3.940619809568081666e-01,3.940619607922567491e-01
2.634806422265793032e-03,-3.940619604770053130e-01,-3.940619605518791979e-01,1.000000020659337352e+00,-3.940619809568075005e-01,2.000000021304941811e+00,-3.940619809568081666e-01,3.940619604770053130e-01
2.638806422265795298e-03,-3.940619601617538770e-01,-3.940619602366276508e-01,1.000000020978519588e+00,-3.940619809568080556e-01,2.000000021634098513e+00,-3.940619809568084442e-01,3.940619601617538770e-01
2.642806422265797563e-03,-3.940619598465024409e-01,-3.940619599213762148e-01,1.000000021297701158e+00,-3.940619809568076115e-01,2.000000021963253882e+00,-3.940619809568078891e-01,3.940619598465024409e-01
2.646806422265799829e-03,-3.940619595312508938e-01,-3.940619596061246677e-01,1.000000021616883172e+00,-3.940619809568077225e-01,2.000000022292411028e+00,-3.940619809568078891e-01,3.940619595312508938e-01
2.650806422265802095e-03,-3.940619592159994578e-01,-3.940619592908731761e-01,1.000000021936065631e+00,-3.940619809568077225e-01,2.000000022621567730e+00,-3.940619809568082776e-01,3.940619592159994578e-01
2.654806422265804360e-03,-3.940619589007480217e-01,-3.940619589756218510e-01,1.000000022255247645e+00,-3.940619809568082776e-01,2.000000022950724432e+00,-3.940619809568083887e-01,3.940619589007480217e-01
2.658806422265806626e-03,-3.940619585854965856e-01,-3.940619586603704705e-01,1.000000022574429437e+00,-3.940619809568082776e-01,2.000000023279880246e+00,-3.940619809568080556e-01,3.940619585854965856e-01
2.662806422265808892e-03,-3.940619582702451495e-01,-3.940619583451190899e-01,1.000000022893611229e+00,-3.940619809568082776e-01,2.000000023609036948e+00,-3.940619809568082221e-01,3.940619582702451495e-01
2.666806422265811157e-03,-3.940619579549937135e-01,-3.940619580298675428e-01,1.000000023212793021e+00,-3.940619809568081111e-01,2.000000023938192761e+00,-3.940619809568080001e-01,3.940619579549937135e-01
2.670806422265813423e-03,-3.940619576397422774e-01,-3.940619577146161068e-01,1.000000023531975257e+00,-3.940619809568078891e-01,2.000000024267349907e+00,-3.940619809568080001e-01,3.940619576397422774e-01
2.674806422265815688e-03,-3.940619573244904528e-01,-3.940619573993646707e-01,1.000000023851156827e+00,-3.940619809568076115e-01,2.000000024596505277e+00,-3.940619809568077225e-01,3.940619573244904528e-01
2.678806422265817954e-03,-3.940619570092390167e-01,-3.940619570841129571e-01,1.000000024170339064e+00,-3.940619809568072229e-01,2.000000024925661979e+00,-3.940619809568077225e-01,3.940619570092390167e-01
2.682806422265820220e-03,-3.940619566939875806e-01,-3.940619567688615765e-01,1.000000024489521522e+00,-3.940619809568077225e-01,2.000000025254819125e+00,-3.940619809568083332e-01,3.940619566939875806e-01
2.686806422265822485e-03,-3.940619563787361446e-01,-3.940619564536100294e-01,1.000000024808703536e+00,-3.940619809568080001e-01,2.000000025583975383e+00,-3.940619809568080556e-01,3.940619563787361446e-01
2.690806422265824751e-03,-3.940619560634847085e-01,-3.940619561383587044e-01,1.000000025127885550e+00,-3.940619809568077225e-01,2.000000025913132085e+00,-3.940619809568082776e-01,3.940619560634847085e-01
2.694806422265827017e-03,-3.940619557482332724e-01,-3.940619558231071573e-01,1.000000025447067564e+00,-3.940619809568073895e-01,2.000000026242288342e+00,-3.940619809568081111e-01,3.940619557482332724e-01
2.698806422265829282e-03,-3.940619554329818364e-01,-3.940619555078557212e-01,1.000000025766249356e+00,-3.940619809568077225e-01,2.000000026571445044e+00,-3.940619809568080556e-01,3.940619554329818364e-01
2.702806422265831548e-03,-3.940619551177304003e-01,-3.940619551926045627e-01,1.000000026085431593e+00,-3.940619809568081111e-01,2.000000026900601302e+00,-3.940619809568083887e-01,3.940619551177304003e-01
2.706806422265833813e-03,-3.940619548024789642e-01,-3.940619548773526826e-01,1.000000026404613607e+00,-3.940619809568076670e-01,2.000000027229757560e+00,-3.940619809568081111e-01,3.940619548024789642e-01
2.710806422265836079e-03,-3.940619544872275282e-01,-3.940619545621013020e-01,1.000000026723796065e+00,-3.940619809568077780e-01,2.000000027558914706e+00,-3.940619809568083887e-01,3.940619544872275282e-01
2.714806422265838345e-03,-3.940619541719760921e-01,-3.940619542468499215e-01,1.000000027042977635e+00,-3.940619809568077225e-01,2.000000027888070964e+00,-3.940619809568082221e-01,3.940619541719760921e-01
2.718806422265840610e-03,-3.940619538567246560e-01,-3.940619539315984854e-01,1.000000027362159427e+00,-3.940619809568076670e-01,2.000000028217226777e+00,-3.940619809568080001e-01,3.940619538567246560e-01
2.722806422265842876e-03,-3.940619535414732200e-01,-3.940619536163471048e-01,1.000000027681341663e+00,-3.940619809568082776e-01,2.000000028546383479e+00,-3.940619809568083332e-01,3.940619535414732200e-01
2.726806422265845142e-03,-3.940619532262217839e-01,-3.940619533010956133e-01,1.000000028000523677e+00,-3.940619809568082776e-01,2.000000028875539737e+00,-3.940619809568082221e-01,3.940619532262217839e-01
2.730806422265847407e-03,-3.940619529109703478e-01,-3.940619529858442327e-01,1.000000028319705692e+00,-3.940619809568082776e-01,2.000000029204696883e+00,-3.940619809568083332e-01,3.940619529109703478e-01
2.734806422265849673e-03,-3.940619525957188007e-01,-3.940619526705924081e-01,1.000000028638887706e+00,-3.940619809568076670e-01,2.000000029533853141e+00,-3.940619809568079446e-01,3.940619525957188007e-01
2.738806422265851939e-03,-3.940619522804673647e-01,-3.940619523553410275e-01,1.000000028958069942e+00,-3.940619809568073895e-01,2.000000029863009843e+00,-3.940619809568082776e-01,3.940619522804673647e-01
2.742806422265854204e-03,-3.940619519652159286e-01,-3.940619520400895914e-01,1.000000029277251956e+00,-3.940619809568078891e-01,2.000000030192166101e+00,-3.940619809568081666e-01,3.940619519652159286e-01
2.746806422265856470e-03,-3.940619516499644925e-01,-3.940619517248382109e-01,1.000000029596433970e+00,-3.940619809568078891e-01,2.000000030521322802e+00,-3.940619809568084442e-01,3.940619516499644925e-01
2.750806422265858735e-03,-3.940619513347130565e-01,-3.940619514095867193e-01,1.000000029915615762e+00,-3.940619809568077225e-01,2.000000030850479060e+00,-3.940619809568081111e-01,3.940619513347130565e-01
2.754806422265861001e-03,-3.940619510194616204e-01,-3.940619510943354498e-01,1.000000030234797554e+00,-3.940619809568081111e-01,2.000000031179634874e+00,-3.940619809568081666e-01,3.940619510194616204e-01
2.758806422265863267e-03,-3.940619507042101843e-01,-3.940619507790838472e-01,1.000000030553980013e+00,-3.940619809568077225e-01,2.000000031508791576e+00,-3.940619809568084997e-01,3.940619507042101843e-01
2.762806422265865532e-03,-3.940619503889585817e-01,-3.940619504638324111e-01,1.000000030873161583e+00,-3.940619809568077225e-01,2.000000031837948278e+00,-3.940619809568080001e-01,3.940619503889585817e-01
2.766806422265867798e-03,-3.940619500737071457e-01,-3.940619501485806975e-01,1.000000031192343375e+00,-3.940619809568073340e-01,2.000000032167104091e+00,-3.940619809568075560e-01,3.940619500737071457e-01
2.770806422265870064e-03,-3.940619497584557096e-01,-3.940619498333293169e-01,1.000000031511525611e+00,-3.940619809568072229e-01,2.000000032496260349e+00,-3.940619809568078336e-01,3.940619497584557096e-01
2.774806422265872329e-03,-3.940619494432042735e-01,-3.940619495180777698e-01,1.000000031830707403e+00,-3.940619809568075560e-01,2.000000032825417051e+00,-3.940619809568075005e-01,3.940619494432042735e-01
2.778806422265874595e-03,-3.940619491279528375e-01,-3.940619492028265558e-01,1.000000032149889861e+00,-3.940619809568077225e-01,2.000000033154574197e+00,-3.940619809568081666e-01,3.940619491279528375e-01
2.782806422265876860e-03,-3.940619488127014014e-01,-3.940619488875751197e-01,1.000000032469071209e+00,-3.940619809568077225e-01,2.000000033483729567e+00,-3.940619809568076115e-01,3.940619488127014014e-01
2.786806422265879126e-03,-3.940619484974499653e-01,-3.940619485723237392e-01,1.000000032788254112e+00,-3.940619809568078891e-01,2.000000033812887157e+00,-3.940619809568084442e-01,3.940619484974499653e-01
2.790806422265881392e-03,-3.940619481821983627e-01,-3.940619482570721921e-01,1.000000033107435238e+00,-3.940619809568074450e-01,2.000000034142042971e+00,-3.940619809568075005e-01,3.940619481821983627e-01
2.794806422265883657e-03,-3.940619478669469267e-01,-3.940619479418208670e-01,1.000000033426617696e+00,-3.940619809568077225e-01,2.000000034471199228e+00,-3.940619809568078891e-01,3.940619478669469267e-01
2.798806422265885923e-03,-3.940619475516954906e-01,-3.940619476265690424e-01,1.000000033745799488e+00,-3.940619809568072229e-01,2.000000034800355930e+00,-3.940619809568076115e-01,3.940619475516954906e-01
2.802806422265888189e-03,-3.940619472364440545e-01,-3.940619473113177174e-01,1.000000034064982168e+00,-3.940619809568076670e-01,2.000000035129513076e+00,-3.940619809568081111e-01,3.940619472364440545e-01
2.806806422265890454e-03,-3.940619469211926185e-01,-3.940619469960662258e-01,1.000000034384163961e+00,-3.940619809568075005e-01,2.000000035458668890e+00,-3.940619809568080556e-01,3.940619469211926185e-01
2.810806422265892720e-03,-3.940619466059411824e-01,-3.940619466808148452e-01,1.000000034703345975e+00,-3.940619809568076670e-01,2.000000035787825592e+00,-3.940619809568081111e-01,3.940619466059411824e-01
2.814806422265894986e-03,-3.940619462906897463e-01,-3.940619463655634647e-01,1.000000035022528211e+00,-3.940619809568079446e-01,2.000000036116982294e+00,-3.940619809568085552e-01,3.940619462906897463e-01
2.818806422265897251e-03,-3.940619459754380327e-01,-3.940619460503119176e-01,1.000000035341709781e+00,-3.940619809568076115e-01,2.000000036446138107e+00,-3.940619809568077780e-01,3.940619459754380327e-01
2.822806422265899517e-03,-3.940619456601865966e-01,-3.940619457350602040e-01,1.000000035660892239e+00,-3.940619809568076670e-01,2.000000036775294809e+00,-3.940619809568080001e-01,3.940619456601865966e-01
2.826806422265901782e-03,-3.940619453449351606e-01,-3.940619454198087124e-01,1.000000035980074253e+00,-3.940619809568078891e-01,2.000000037104451955e+00,-3.940619809568082221e-01,3.940619453449351606e-01
2.830806422265904048e-03,-3.940619450296837245e-01,-3.940619451045572763e-01,1.000000036299256267e+00,-3.940619809568077225e-01,2.000000037433608213e+00,-3.940619809568080556e-01,3.940619450296837245e-01
2.834806422265906314e-03,-3.940619447144322884e-01,-3.940619447893059513e-01,1.000000036618438060e+00,-3.940619809568075005e-01,2.000000037762764471e+00,-3.940619809568081111e-01,3.940619447144322884e-01
2.838806422265908579e-03,-3.940619443991808524e-01,-3.940619444740545707e-01,1.000000036937620296e+00,-3.940619809568077225e-01,2.000000038091920729e+00,-3.940619809568082221e-01,3.940619443991808524e-01
2.842806422265910845e-03,-3.940619440839294163e-01,-3.940619441588031902e-01,1.000000037256802088e+00,-3.940619809568077225e-01,2.000000038421077431e+00,-3.940619809568081111e-01,3.940619440839294163e-01
2.846806422265913111e-03,-3.940619437686777582e-01,-3.940619438435516986e-01,1.000000037575984324e+00,-3.940619809568077225e-01,2.000000038750233688e+00,-3.940619809568082221e-01,3.940619437686777582e-01
2.850004890624999697e-03,-3.940619435165975681e-01,-3.940619435914711199e-01,1.000000037831207278e+00,-3.940619809568075005e-01,2.000000039013432929e+00,-3.940619809568076670e-01,3.940619435165975681e-01
2.851796422265611124e-03,-3.940619433754019019e-01,-3.940619434502757312e-01,1.000000037974163147e+00,-3.940619806067224284e-01,2.000000039160855447e+00,-3.940619809568076670e-01,3.940619433754019019e-01
2.855796422265613390e-03,-3.940619430601504658e-01,-3.940619431350242952e-01,1.000000038293345161e+00,-3.940619809438107302e-01,2.000000039490012593e+00,-3.940619809568078336e-01,3.940619430601504658e-01
2.859796422265615656e-03,-3.940619427448989187e-01,-3.940619428197728036e-01,1.000000038612526954e+00,-3.940619809526295647e-01,2.000000039819168407e+00,-3.940619809568075005e-01,3.940619427448989187e-01
2.860606422265654647e-03,-3.940619426810595405e-01,-3.940619427559338139e-01,1.000000038677161918e+00,-3.940619809545206631e-01,2.000000039885823089e+00,-3.940619809568074450e-01,3.940619426810595405e-01
2.864606422265656913e-03,-3.940619423658078269e-01,-3.940619424406814342e-01,1.000000038996344598e+00,-3.940619809567656451e-01,2.000000040214980679e+00,-3.940619809568073340e-01,3.940619423658078269e-01
2.868606422265659178e-03,-3.940619420505563908e-01,-3.940619421254301091e-01,1.000000039315527278e+00,-3.940619809568067788e-01,2.000000040544137825e+00,-3.940619809568080001e-01,3.940619420505563908e-01
2.872606422265661444e-03,-3.940619417353049547e-01,-3.940619418101786731e-01,1.000000039634709736e+00,-3.940619809568076670e-01,2.000000040873294083e+00,-3.940619809568084997e-01,3.940619417353049547e-01
2.876606422265663709e-03,-3.940619414200535187e-01,-3.940619414949272370e-01,1.000000039953891529e+00,-3.940619809568077225e-01,2.000000041202450340e+00,-3.940619809568081666e-01,3.940619414200535187e-01
2.880003687499999975e-03,-3.940619411523050841e-01,-3.940619412271789690e-01,1.000000040224978015e+00,-3.940619809568075005e-01,2.000000041482008495e+00,-3.940619809568081666e-01,3.940619411523050841e-01
2.881596422265611090e-03,-3.940619800896763558e-01,-3.940619721535986164e-01,1.000000040118112832e+00,-3.940619991913398845e-01,2.000000041371803761e+00,-3.940620117776786890e-01,3.940619800896763558e-01
2.885596422265613355e-03,-3.940619799436061998e-01,-3.940619798350030178e-01,1.000000021508001380e+00,-3.940620064120983201e-01,2.000000022180126624e+00,-3.940620010781453741e-01,3.940619799436061998e-01
2.889596422265615621e-03,-3.940619797861890095e-01,-3.940619798190518330e-01,1.000000004679047372e+00,-3.940619873055265510e-01,2.000000004825267741e+00,-3.940619844404794625e-01,3.940619797861890095e-01
2.890406422265654612e-03,-3.940619797388707490e-01,-3.940619797859467588e-01,1.000000003488844325e+00,-3.940619853128081718e-01,2.000000003597870890e+00,-3.940619832318277282e-01,3.940619797388707490e-01
2.894406422265656878e-03,-3.940619794236182027e-01,-3.940619794979898782e-01,1.000000001717693987e+00,-3.940619814934318565e-01,2.000000001771371938e+00,-3.940619811945314521e-01,3.940619794236182027e-01
2.898406422265659144e-03,-3.940619791083664336e-01,-3.940619791832309926e-01,1.000000001816253592e+00,-3.940619810088190067e-01,2.000000001873011968e+00,-3.940619809771184756e-01,3.940619791083664336e-01
2.902406422265661409e-03,-3.940619787931149975e-01,-3.940619788679885493e-01,1.000000002116230746e+00,-3.940619809608516544e-01,2.000000002182362735e+00,-3.940619809581590305e-01,3.940619787931149975e-01
2.906406422265663675e-03,-3.940619784778630619e-01,-3.940619785527369467e-01,1.000000002434117574e+00,-3.940619809570609644e-01,2.000000002510184061e+00,-3.940619809568797760e-01,3.940619784778630619e-01
2.910406422265665941e-03,-3.940619781626106821e-01,-3.940619782374849001e-01,1.000000002753230088e+00,-3.940619809568199905e-01,2.000000002839268820e+00,-3.940619809568103871e-01,3.940619781626106821e-01
2.914406422265668206e-03,-3.940619778473584134e-01,-3.940619779222321872e-01,1.000000003072409882e+00,-3.940619809568072229e-01,2.000000003168423302e+00,-3.940619809568071674e-01,3.940619778473584134e-01
2.918406422265670472e-03,-3.940619775321065887e-01,-3.940619776069806401e-01,1.000000003391592784e+00,-3.940619809568077225e-01,2.000000003497580447e+00,-3.940619809568078336e-01,3.940619775321065887e-01
2.922406422265672737e-03,-3.940619772168543200e-01,-3.940619772917283714e-01,1.000000003710775021e+00,-3.940619809568072229e-01,2.000000003826737149e+00,-3.940619809568071674e-01,3.940619772168543200e-01
2.926406422265675003e-03,-3.940619769016028839e-01,-3.940619769764765468e-01,1.000000004029957923e+00,-3.940619809568072784e-01,2.000000004155894295e+00,-3.940619809568078891e-01,3.940619769016028839e-01
2.930406422265677269e-03,-3.940619765863514479e-01,-3.940619766612249442e-01,1.000000004349140381e+00,-3.940619809568076670e-01,2.000000004485051441e+00,-3.940619809568080001e-01,3.940619765863514479e-01
2.934406422265679534e-03,-3.940619762711000118e-01,-3.940619763459735081e-01,1.000000004668321951e+00,-3.940619809568075560e-01,2.000000004814206811e+00,-3.940619809568078336e-01,3.940619762711000118e-01
2.938406422265681800e-03,-3.940619759558485757e-01,-3.940619760307221831e-01,1.000000004987504632e+00,-3.940619809568078891e-01,2.000000005143363957e+00,-3.940619809568084997e-01,3.940619759558485757e-01
2.942406422265684066e-03,-3.940619756405961960e-01,-3.940619757154700808e-01,1.000000005306686202e+00,-3.940619809568075005e-01,2.000000005472520215e+00,-3.940619809568075005e-01,3.940619756405961960e-01
2.946406422265686331e-03,-3.940619753253445934e-01,-3.940619754002182562e-01,1.000000005625868216e+00,-3.940619809568071119e-01,2.000000005801676917e+00,-3.940619809568071119e-01,3.940619753253445934e-01
2.950406422265688597e-03,-3.940619750100931573e-01,-3.940619750849668201e-01,1.000000005945051118e+00,-3.940619809568075560e-01,2.000000006130834063e+00,-3.940619809568080556e-01,3.940619750100931573e-01
2.954406422265690862e-03,-3.940619746948417212e-01,-3.940619747697154396e-01,1.000000006264232910e+00,-3.940619809568073895e-01,2.000000006459990320e+00,-3.940619809568077780e-01,3.940619746948417212e-01
2.958406422265693128e-03,-3.940619743795892860e-01,-3.940619744544632819e-01,1.000000006583415146e+00,-3.940619809568072229e-01,2.000000006789147022e+00,-3.940619809568073895e-01,3.940619743795892860e-01
2.962406422265695394e-03,-3.940619740643368507e-01,-3.940619741392110131e-01,1.000000006902598049e+00,-3.940619809568066123e-01,2.000000007118304168e+00,-3.940619809568073340e-01,3.940619740643368507e-01
2.966406422265697659e-03,-3.940619737490850816e-01,-3.940619738239587444e-01,1.000000007221780951e+00,-3.940619809568066678e-01,2.000000007447461758e+00,-3.940619809568074450e-01,3.940619737490850816e-01
2.970406422265699925e-03,-3.940619734338331459e-01,-3.940619735087070863e-01,1.000000007540963631e+00,-3.940619809568072784e-01,2.000000007776618904e+00,-3.940619809568078891e-01,3.940619734338331459e-01
2.974406422265702191e-03,-3.940619731185808772e-01,-3.940619731934545955e-01,1.000000007860146090e+00,-3.940619809568071674e-01,2.000000008105775606e+00,-3.940619809568075005e-01,3.940619731185808772e-01
2.978406422265704456e-03,-3.940619728033294411e-01,-3.940619728782032150e-01,1.000000008179328992e+00,-3.940619809568077225e-01,2.000000008434932752e+00,-3.940619809568082776e-01,3.940619728033294411e-01
2.982406422265706722e-03,-3.940619724880780050e-01,-3.940619725629518344e-01,1.000000008498510562e+00,-3.940619809568077225e-01,2.000000008764089010e+00,-3.940619809568080001e-01,3.940619724880780050e-01
2.986406422265708988e-03,-3.940619721728265690e-01,-3.940619722477004538e-01,1.000000008817692354e+00,-3.940619809568076670e-01,2.000000009093245268e+00,-3.940619809568078336e-01,3.940619721728265690e-01
2.990406422265711253e-03,-3.940619718575748553e-01,-3.940619719324487402e-01,1.000000009136874812e+00,-3.940619809568077225e-01,2.000000009422401526e+00,-3.940619809568081111e-01,3.940619718575748553e-01
2.994406422265713519e-03,-3.940619715423223646e-01,-3.940619716171964160e-01,1.000000009456056604e+00,-3.940619809568072229e-01,2.000000009751558672e+00,-3.940619809568070009e-01,3.940619715423223646e-01
2.998406422265715784e-03,-3.940619712270709285e-01,-3.940619713019449799e-01,1.000000009775240173e+00,-3.940619809568077780e-01,2.000000010080716262e+00,-3.940619809568085552e-01,3.940619712270709285e-01
