time,state,q,residual,candidate,denominator,target,stagepeak
2.000000000000000125e-09,-8.333333333330556249e-10,4.989752038315121817e-08,2.000000122197372221e+00,-1.197604798548950605e-03,3.333333496263163109e+00,-6.000000040730362194e-01,3.061106493502605415e-05
1.091899153264616350e-07,-4.999992360354302948e-09,2.585436753633912333e-06,2.000006635761745866e+00,-6.206366287780981650e-02,3.333342181015661154e+00,-6.000003205206441148e-01,3.352100507516586646e-05
4.384512551581429686e-07,-4.999999999990004454e-09,8.872126836262083516e-06,2.000026036755670589e+00,-2.129852669397318821e-01,3.333368049007560785e+00,-6.000022754609866116e-01,4.161673086799057481e-05
1.204478353634475327e-06,-4.999999999990030097e-09,1.749928061616248833e-05,2.000065658694768711e+00,-4.201149085769751990e-01,3.333420878259691467e+00,-6.000096372233055808e-01,5.564934916122892341e-05
2.416833732543083070e-06,-4.999999999990088827e-09,2.276290559434251297e-05,2.000108745413880396e+00,-5.465176911121432113e-01,3.333478327218507342e+00,-6.000209366192891247e-01,6.743317040031789598e-05
4.426815518737710089e-06,-4.999999999990206286e-09,2.469223435445289030e-05,2.000139556104640004e+00,-5.928709596552561578e-01,3.333519408139520301e+00,-6.000304840194421452e-01,7.357362851096778010e-05
7.765553972064893873e-06,-4.999999999990404810e-09,2.497953093254719372e-05,2.000149159195707682e+00,-5.997812939274487221e-01,3.333532212260943428e+00,-6.000337109292078752e-01,7.491010446909175614e-05
1.000663045680466561e-05,-5.738898932367927436e-09,2.498889609255090552e-05,2.000149815658966990e+00,-6.000072172906500967e-01,3.333533087545289320e+00,-6.000339397377267847e-01,7.497377474969098505e-05
1.142900447192352001e-05,-7.169259063376919456e-07,2.465779771893563432e-05,2.000149767027747494e+00,-6.000276158601665077e-01,3.333533022703663473e+00,-6.000341871051882991e-01,7.478734989300588618e-05
1.542900447192351729e-05,-2.716925904277669399e-06,2.277625724486482430e-05,2.000147084764488437e+00,-6.000345189080201758e-01,3.333529446352651249e+00,-6.000347267963015430e-01,7.309339703903492281e-05
1.942900447192354675e-05,-4.716925899817731251e-06,2.077878914303766598e-05,2.000143178225680440e+00,-6.000348723213032587e-01,3.333524237634240883e+00,-6.000349185350900560e-01,7.110527925335022531e-05
2.342900447192357622e-05,-6.716925892957859078e-06,1.877922756947872108e-05,2.000139183987863944e+00,-6.000350400115428418e-01,3.333518911983818889e+00,-6.000350803777745323e-01,6.910621294557152091e-05
2.742900447192360568e-05,-8.716925883698067279e-06,1.677962819340650670e-05,2.000135186164158974e+00,-6.000352008093310374e-01,3.333513581552212113e+00,-6.000352409572353718e-01,6.710684971524859331e-05
3.142900447192361821e-05,-1.071692587203836178e-05,1.478002813703531688e-05,2.000131188229830936e+00,-6.000353613544702203e-01,3.333508250973107767e+00,-6.000354014947358872e-01,6.510748190598251116e-05
3.542900447192357991e-05,-1.271692585797871888e-05,1.278042807073510689e-05,2.000127190297556812e+00,-6.000355218904571686e-01,3.333502920396742564e+00,-6.000355620302999515e-01,6.310811660274626362e-05
3.942900447192354161e-05,-1.471692584151916566e-05,1.078082800661171738e-05,2.000123192370536263e+00,-6.000356824254234889e-01,3.333497589827381979e+00,-6.000357225650689852e-01,6.110875396608982297e-05
4.342900447192350332e-05,-1.671692582265968689e-05,8.781227944883725174e-06,2.000119194448852333e+00,-6.000358429596187593e-01,3.333492259265136592e+00,-6.000358830990729642e-01,5.910939399949959039e-05
4.742900447192346502e-05,-1.871692580140033000e-05,6.781627885555093555e-06,2.000115196532508133e+00,-6.000360034930499742e-01,3.333486928710010844e+00,-6.000360436323131097e-01,5.711003670304736038e-05
5.142900447192342672e-05,-2.071692577774103739e-05,4.782027828625903835e-06,2.000111198621502773e+00,-6.000361640257169116e-01,3.333481598162003845e+00,-6.000362041647890887e-01,5.511068207673288901e-05
5.542900447192338842e-05,-2.271692575168178196e-05,2.782427774096176766e-06,2.000107200715836697e+00,-6.000363245576197935e-01,3.333476267621115596e+00,-6.000363646965010123e-01,5.311133012055446187e-05
5.942900447192335013e-05,-2.471692572322267212e-05,7.828277219658439500e-07,2.000103202815509462e+00,-6.000364850887586199e-01,3.333470937087345654e+00,-6.000365252274486583e-01,5.111198083451021549e-05
6.342900447192339314e-05,-2.671692569236365706e-05,-1.216772327765057979e-06,2.000099204920521956e+00,-6.000366456191333908e-01,3.333465606560696237e+00,-6.000366857576322488e-01,4.911263421859837449e-05
6.742900447192349037e-05,-2.871692565910471644e-05,-3.216372375096528385e-06,2.000095207030873290e+00,-6.000368061487441063e-01,3.333460276041164239e+00,-6.000368462870520059e-01,4.711329027281717027e-05
7.142900447192358760e-05,-3.071692562344580622e-05,-5.215972420028533175e-06,2.000091209146564353e+00,-6.000369666775897670e-01,3.333454945528752322e+00,-6.000370068157073744e-01,4.511394899716482745e-05
7.542900447192368483e-05,-3.271692558538699078e-05,-7.215572462561053715e-06,2.000087211267594256e+00,-6.000371272056728156e-01,3.333449615023459156e+00,-6.000371673435985764e-01,4.311461039163957064e-05
7.942900447192378205e-05,-3.471692554492836837e-05,-9.215172502694283976e-06,2.000083213393963444e+00,-6.000372877329909205e-01,3.333444284525284296e+00,-6.000373278707257230e-01,4.111527445623949572e-05
8.342900447192387928e-05,-3.671692550206972214e-05,-1.121477254042800796e-05,2.000079215525671472e+00,-6.000374482595453030e-01,3.333438954034228630e+00,-6.000374883970890361e-01,3.911594119096293572e-05
8.742900447192397651e-05,-3.871692545681113342e-05,-1.321437257576220111e-05,2.000075217662719229e+00,-6.000376087853346307e-01,3.333433623550292157e+00,-6.000376489226881827e-01,3.711661059580814237e-05
9.142900447192407374e-05,-4.071692540915273774e-05,-1.521397260869708196e-05,2.000071219805105827e+00,-6.000377693103611243e-01,3.333428293073474435e+00,-6.000378094475229407e-01,3.511728267077314378e-05
9.542900447192417097e-05,-4.271692535909428436e-05,-1.721357263923243875e-05,2.000067221952831265e+00,-6.000379298346234513e-01,3.333422962603775019e+00,-6.000379699715938653e-01,3.311795741585632719e-05
9.942900447192426819e-05,-4.471692530663605789e-05,-1.921317266736840361e-05,2.000063224105896875e+00,-6.000380903581207237e-01,3.333417632141195686e+00,-6.000381304949007344e-01,3.111863483105580880e-05
1.034290044719243654e-04,-4.671692525177785504e-05,-2.121277269310496808e-05,2.000059226264300882e+00,-6.000382508808542736e-01,3.333412301685734658e+00,-6.000382910174433260e-01,2.911931491636975903e-05
1.074290044719244626e-04,-4.871692519451961483e-05,-2.321237271644196613e-05,2.000055228428044174e+00,-6.000384114028239901e-01,3.333406971237392380e+00,-6.000384515392217510e-01,2.711999767179655495e-05
1.114290044719245599e-04,-5.071692513486167608e-05,-2.521197273737962139e-05,2.000051230597127194e+00,-6.000385719240290960e-01,3.333401640796169296e+00,-6.000386120602364537e-01,2.571692513486167488e-05
1.154290044719246571e-04,-5.271692507280377449e-05,-2.721157275591791353e-05,2.000047232771548167e+00,-6.000387324444710346e-01,3.333396310362064519e+00,-6.000387725804863237e-01,2.771692507280377330e-05
1.194290044719247543e-04,-5.471692500834577456e-05,-2.921117277205661892e-05,2.000043234951308424e+00,-6.000388929641479185e-01,3.333390979935078047e+00,-6.000389330999723603e-01,2.971692500834577336e-05
1.234290044719248516e-04,-5.671692494148805575e-05,-3.121077278579594086e-05,2.000039237136408410e+00,-6.000390534830609690e-01,3.333385649515211213e+00,-6.000390936186945634e-01,3.171692494148805794e-05
1.274290044719249488e-04,-5.871692487223031991e-05,-3.321037279713584886e-05,2.000035239326847236e+00,-6.000392140012102971e-01,3.333380319102462686e+00,-6.000392541366527110e-01,3.371692487223032210e-05
1.314290044719250460e-04,-6.071692480057262802e-05,-3.520997280607626159e-05,2.000031241522625791e+00,-6.000393745185950145e-01,3.333374988696834240e+00,-6.000394146538465812e-01,3.571692480057262343e-05
1.354290044719251432e-04,-6.271692472651507495e-05,-3.720957281261725360e-05,2.000027243723743187e+00,-6.000395350352157875e-01,3.333369658298324545e+00,-6.000395751702763958e-01,3.771692472651507714e-05
1.394290044719252405e-04,-6.471692465005759293e-05,-3.920917281675883844e-05,2.000023245930199423e+00,-6.000396955510721719e-01,3.333364327906932711e+00,-6.000397356859422660e-01,3.971692465005759512e-05
1.434290044719253377e-04,-6.671692457120012099e-05,-4.120877281850087381e-05,2.000019248141994943e+00,-6.000398560661649450e-01,3.333358997522659628e+00,-6.000398962008438586e-01,4.171692457120012318e-05
1.474290044719254349e-04,-6.871692448994259135e-05,-4.320837281784341391e-05,2.000015250359129748e+00,-6.000400165804934405e-01,3.333353667145506627e+00,-6.000400567149812847e-01,4.371692448994259354e-05
1.514290044719255322e-04,-7.071692440628551902e-05,-4.520797281478668915e-05,2.000011252581602950e+00,-6.000401770940583246e-01,3.333348336775470599e+00,-6.000402172283546554e-01,4.571692440628552121e-05
1.554290044719256294e-04,-7.271692432022860584e-05,-4.720757280933074695e-05,2.000007254809416324e+00,-6.000403376068589312e-01,3.333343006412555098e+00,-6.000403777409639705e-01,4.771692432022860803e-05
1.594290044719257266e-04,-7.471692423177167563e-05,-4.920717280147528239e-05,2.000003257042568539e+00,-6.000404981188951492e-01,3.333337676056758347e+00,-6.000405382528091192e-01,4.971692423177167782e-05
1.634290044719258238e-04,-7.671692414091480969e-05,-5.120677279122028190e-05,1.999999259281059816e+00,-6.000406586301670897e-01,3.333332345708079902e+00,-6.000406987638904344e-01,5.171692414091481188e-05
1.674290044719259211e-04,-7.871692404765814356e-05,-5.320637277856605721e-05,1.999995261524889933e+00,-6.000408191406755298e-01,3.333327015366520207e+00,-6.000408592742073610e-01,5.371692404765814575e-05
1.714290044719260183e-04,-8.071692395200158238e-05,-5.520597276351232370e-05,1.999991263774059336e+00,-6.000409796504190263e-01,3.333321685032079262e+00,-6.000410197837602322e-01,5.571692395200158457e-05
1.754290044719261155e-04,-8.271692385394550560e-05,-5.720557274605955571e-05,1.999987266028567579e+00,-6.000411401593992444e-01,3.333316354704757067e+00,-6.000411802925491589e-01,5.771692385394550779e-05
1.794290044719262127e-04,-8.471692375348938468e-05,-5.920517272620727891e-05,1.999983268288415328e+00,-6.000413006676149630e-01,3.333311024384554067e+00,-6.000413408005739191e-01,5.971692375348938687e-05
1.834290044719263100e-04,-8.671692365063327383e-05,-6.120477270395554073e-05,1.999979270553601918e+00,-6.000414611750662930e-01,3.333305694071469372e+00,-6.000415013078348458e-01,6.171692365063327602e-05
1.874290044719264072e-04,-8.871692354537711884e-05,-6.320437267930432762e-05,1.999975272824127570e+00,-6.000416216817539006e-01,3.333300363765503427e+00,-6.000416618143312730e-01,6.371692354537712103e-05
1.914290044719265044e-04,-9.071692343772078419e-05,-6.520397265225323299e-05,1.999971275099992285e+00,-6.000417821876774527e-01,3.333295033466656232e+00,-6.000418223200636447e-01,6.571692343772078638e-05
1.954290044719266017e-04,-9.271692332766487974e-05,-6.720357262280298870e-05,1.999967277381196284e+00,-6.000419426928366162e-01,3.333289703174928231e+00,-6.000419828250318499e-01,6.771692332766488193e-05
1.994290044719266989e-04,-9.471692321520918864e-05,-6.920317259095354052e-05,1.999963279667739124e+00,-6.000421031972320574e-01,3.333284372890318981e+00,-6.000421433292364437e-01,6.971692321520919083e-05
2.034290044719267961e-04,-9.671692310035348052e-05,-7.120277255670456320e-05,1.999959281959621249e+00,-6.000422637008633320e-01,3.333279042612828480e+00,-6.000423038326766489e-01,7.171692310035348271e-05
2.074290044719268933e-04,-9.871692298309768759e-05,-7.320237252005600253e-05,1.999955284256842214e+00,-6.000424242037304401e-01,3.333273712342456285e+00,-6.000424643353525767e-01,7.371692298309768978e-05
2.114290044719269906e-04,-1.007169228634418641e-04,-7.520197248100791271e-05,1.999951286559402464e+00,-6.000425847058331597e-01,3.333268382079203285e+00,-6.000426248372647819e-01,7.571692286344186627e-05
2.154290044719270878e-04,-1.027169227413861184e-04,-7.720157243956029375e-05,1.999947288867301554e+00,-6.000427452071723788e-01,3.333263051823069034e+00,-6.000427853384123766e-01,7.771692274138612059e-05
2.194290044719271850e-04,-1.047169226169308029e-04,-7.920117239571353867e-05,1.999943291180539928e+00,-6.000429057077474315e-01,3.333257721574053090e+00,-6.000429458387963599e-01,7.971692261693080512e-05
2.234290044719272823e-04,-1.067169224900755653e-04,-8.120077234946748484e-05,1.999939293499117365e+00,-6.000430662075582067e-01,3.333252391332156339e+00,-6.000431063384162877e-01,8.171692249007556747e-05
2.274290044719273795e-04,-1.087169223608202835e-04,-8.320037230082175279e-05,1.999935295823033643e+00,-6.000432267066045933e-01,3.333247061097378339e+00,-6.000432668372718270e-01,8.371692236082028569e-05
2.314290044719274767e-04,-1.107169222291650389e-04,-8.519997224977658647e-05,1.999931298152288983e+00,-6.000433872048871464e-01,3.333241730869718644e+00,-6.000434273353635328e-01,8.571692222916504108e-05
2.354290044719275739e-04,-1.127169220951097366e-04,-8.719957219633194521e-05,1.999927300486883386e+00,-6.000435477024059772e-01,3.333236400649177700e+00,-6.000435878326908501e-01,8.771692209510973878e-05
2.394290044719276712e-04,-1.147169219586546477e-04,-8.919917214048772060e-05,1.999923302826817073e+00,-6.000437081991601973e-01,3.333231070435755949e+00,-6.000437483292543339e-01,8.971692195865464984e-05
2.434290044719277684e-04,-1.167169218197998534e-04,-9.119877208224452250e-05,1.999919305172089601e+00,-6.000438686951508060e-01,3.333225740229452505e+00,-6.000439088250535402e-01,9.171692181979985558e-05
2.474290044719278385e-04,-1.187169216785450150e-04,-9.319837202160170038e-05,1.999915307522701191e+00,-6.000440291903766932e-01,3.333220410030268699e+00,-6.000440693200886910e-01,9.371692167854501717e-05
2.514290044719279357e-04,-1.207169215348902138e-04,-9.519797195855940334e-05,1.999911309878651844e+00,-6.000441896848389689e-01,3.333215079838202310e+00,-6.000442298143598974e-01,9.571692153489021594e-05
2.554290044719280330e-04,-1.227169213888354633e-04,-9.719757189311756360e-05,1.999907312239941337e+00,-6.000443501785366340e-01,3.333209749653254672e+00,-6.000443903078671593e-01,9.771692138883546544e-05
2.594290044719281302e-04,-1.247169212403810481e-04,-9.919717182527656063e-05,1.999903314606570115e+00,-6.000445106714710208e-01,3.333204419475426672e+00,-6.000445508006100326e-01,9.971692124038105027e-05
2.634290044719282274e-04,-1.267169210895266430e-04,-1.011967717550360556e-04,1.999899316978537733e+00,-6.000446711636410191e-01,3.333199089304716978e+00,-6.000447112925888504e-01,1.017169210895266452e-04
2.674290044719283247e-04,-1.287169209362724377e-04,-1.031963716823962925e-04,1.999895319355844414e+00,-6.000448316550466288e-01,3.333193759141126034e+00,-6.000448717838035018e-01,1.037169209362724399e-04
2.714290044719284219e-04,-1.307169207806181069e-04,-1.051959716073568919e-04,1.999891321738490158e+00,-6.000449921456882940e-01,3.333188428984653395e+00,-6.000450322742545417e-01,1.057169207806181091e-04
2.754290044719285191e-04,-1.327169206225637050e-04,-1.071955715299179350e-04,1.999887324126474741e+00,-6.000451526355662368e-01,3.333183098835299951e+00,-6.000451927639408600e-01,1.077169206225637071e-04
2.794290044719286163e-04,-1.347169204621093672e-04,-1.091951714500793540e-04,1.999883326519798388e+00,-6.000453131246797911e-01,3.333177768693064369e+00,-6.000453532528634559e-01,1.097169204621093694e-04
2.834290044719287136e-04,-1.367169202992550125e-04,-1.111947713678413253e-04,1.999879328918461319e+00,-6.000454736130292899e-01,3.333172438557948425e+00,-6.000455137410219963e-01,1.117169202992550147e-04
2.874290044719288108e-04,-1.387169201340006136e-04,-1.131943712832037945e-04,1.999875331322463090e+00,-6.000456341006152883e-01,3.333167108429950343e+00,-6.000456742284163703e-01,1.137169201340006158e-04
2.914290044719289080e-04,-1.407169199663464145e-04,-1.151939711961669785e-04,1.999871333731803702e+00,-6.000457945874358989e-01,3.333161778309071899e+00,-6.000458347150464666e-01,1.157169199663464167e-04
2.954290044719290052e-04,-1.427169197962923069e-04,-1.171935711067304979e-04,1.999867336146483376e+00,-6.000459550734930092e-01,3.333156448195311317e+00,-6.000459952009127296e-01,1.177169197962923090e-04
2.994290044719291025e-04,-1.447169196238390495e-04,-1.191931710148952064e-04,1.999863338566502113e+00,-6.000461155587862860e-01,3.333151118088669485e+00,-6.000461556860149370e-01,1.197169196238390517e-04
3.034290044719291997e-04,-1.467169194489855854e-04,-1.211927709206606161e-04,1.999859340991859691e+00,-6.000462760433152853e-01,3.333145787989146402e+00,-6.000463161703530890e-01,1.217169194489855876e-04
3.074290044719292969e-04,-1.487169192717323210e-04,-1.231923708240266458e-04,1.999855343422556553e+00,-6.000464365270804512e-01,3.333140457896742515e+00,-6.000464766539270745e-01,1.237169192717323097e-04
3.114290044719293942e-04,-1.507169190920789855e-04,-1.251919707249931192e-04,1.999851345858592033e+00,-6.000465970100810065e-01,3.333135127811456044e+00,-6.000466371367367824e-01,1.257169190920789741e-04
3.154290044719294914e-04,-1.527169189100256600e-04,-1.271915706235598467e-04,1.999847348299966576e+00,-6.000467574923181724e-01,3.333129797733288768e+00,-6.000467976187826569e-01,1.277169189100256486e-04
3.194290044719295886e-04,-1.547169187255723174e-04,-1.291911705197273160e-04,1.999843350746680182e+00,-6.000469179737909498e-01,3.333124467662240242e+00,-6.000469581000643648e-01,1.297169187255723061e-04
3.234290044719296858e-04,-1.567169185387189579e-04,-1.311907704134950665e-04,1.999839353198732850e+00,-6.000470784544997827e-01,3.333119137598310466e+00,-6.000471185805823504e-01,1.317169185387189465e-04
3.274290044719297831e-04,-1.587169183494655271e-04,-1.331903703048632607e-04,1.999835355656124358e+00,-6.000472389344442270e-01,3.333113807541499440e+00,-6.000472790603358364e-01,1.337169183494655157e-04
3.314290044719298803e-04,-1.607169181578121605e-04,-1.351899701938319800e-04,1.999831358118854707e+00,-6.000473994136247269e-01,3.333108477491806276e+00,-6.000474395393251559e-01,1.357169181578121492e-04
3.354290044719299775e-04,-1.627169179637588583e-04,-1.371895700804012786e-04,1.999827360586924119e+00,-6.000475598920406162e-01,3.333103147449232306e+00,-6.000476000175506419e-01,1.377169179637588469e-04
3.394290044719300748e-04,-1.647169177673055119e-04,-1.391891699645709938e-04,1.999823363060332371e+00,-6.000477203696933381e-01,3.333097817413776642e+00,-6.000477604950120725e-01,1.397169177673055005e-04
3.434290044719301720e-04,-1.667169175684530701e-04,-1.411887698463416948e-04,1.999819365539079907e+00,-6.000478808465813385e-01,3.333092487385440172e+00,-6.000479209717091145e-01,1.417169175684530587e-04
3.474290044719302692e-04,-1.687169173672006383e-04,-1.431883697257134089e-04,1.999815368023166062e+00,-6.000480413227062826e-01,3.333087157364221120e+00,-6.000480814476425451e-01,1.437169173672006269e-04
3.500049342424343415e-04,-1.700048821215793349e-04,-1.444760769390352926e-04,1.999812793695929791e+00,-6.000481446661068974e-01,3.333083724927906388e+00,-6.000481847909181488e-01,1.450048821215793235e-04
3.500059810458596419e-04,-1.700054055232382358e-04,-1.444766002360350736e-04,1.999812792649777959e+00,-6.000481447081030817e-01,3.333083723533037279e+00,-6.000481848329146661e-01,1.450054055232382244e-04
3.500059997019973118e-04,-1.700054148513059323e-04,-1.444766095622374816e-04,1.999812792631133540e+00,-6.000481447088517051e-01,3.333083723508178053e+00,-6.000481848336629564e-01,1.450054148513059209e-04
3.500060009298060736e-04,-1.700054154652108824e-04,-1.444766101760193476e-04,1.999812792629906522e+00,-6.000425215246611987e-01,3.333083723506542029e+00,-6.000481848337124724e-01,1.450054154652108710e-04
3.500081019099107000e-04,-1.700064659674446407e-04,-1.444776604559180975e-04,1.999812790530234530e+00,-5.887994728500388630e-01,3.333083720706979225e+00,-6.000481849180010485e-01,1.450064659674446294e-04
3.500120727154419262e-04,-1.700084514473414806e-04,-1.444796454616635931e-04,1.999812786561900868e+00,-5.735546204385477687e-01,3.333083715415867676e+00,-6.000481850773051740e-01,1.450084514473414692e-04
3.500202647056568483e-04,-1.700125477379406001e-04,-1.444837406391661185e-04,1.999812778375010591e+00,-5.572243922584496634e-01,3.333083704500014122e+00,-6.000481854059590558e-01,1.450125477379405887e-04
3.500334399345662894e-04,-1.700191359918474621e-04,-1.444903269447872908e-04,1.999812765207984011e+00,-5.491203924927756663e-01,3.333083686943978829e+00,-6.000481859345402347e-01,1.450191359918474507e-04
3.500598399042064639e-04,-1.700323373955432271e-04,-1.445035243336768816e-04,1.999812738824449543e+00,-5.478587763946594080e-01,3.333083651765932576e+00,-6.000481869937100976e-01,1.450323373955432157e-04
3.505617153808385992e-04,-1.702833030924356126e-04,-1.447544187531388032e-04,1.999812237260494951e+00,-5.668800787051213597e-01,3.333082983013993417e+00,-6.000482071334857226e-01,1.452833030924356012e-04
3.534983432638946267e-04,-1.717517896648037504e-04,-1.462225777105177402e-04,1.999809302325954219e+00,-5.977560088183887510e-01,3.333079069767939107e+00,-6.000483250088408660e-01,1.467517896648037391e-04
3.574983432638947239e-04,-1.737520292288349550e-04,-1.482224148517498406e-04,1.999805304392751726e+00,-5.999884668063945048e-01,3.333073739190335782e+00,-6.000484855175917120e-01,1.487520292288349436e-04
3.600200000000000123e-04,-1.750130087706067855e-04,-1.494831421891000989e-04,1.999802784013307022e+00,-6.000425109854460315e-01,3.333070378684408919e+00,-6.000485866952779412e-01,1.500130087706067741e-04
3.624064222656268289e-04,-1.762063629731571324e-04,-1.506762577634165195e-04,1.999800398799755241e+00,-6.000480913934174154e-01,3.333067198399673803e+00,-6.000486824459234647e-01,1.512063629731571210e-04
3.664064222656269261e-04,-1.782066027774797392e-04,-1.526760975998319434e-04,1.999796400829492171e+00,-6.000487928584871122e-01,3.333061867772656228e+00,-6.000488429375077093e-01,1.532066027774797278e-04
3.704064222656270233e-04,-1.802068425794019766e-04,-1.546759374343774709e-04,1.999792402864518870e+00,-6.000489631257325263e-01,3.333056537152691678e+00,-6.000490034283098018e-01,1.552068425794019652e-04
3.744064222656271206e-04,-1.822070823789239530e-04,-1.566757772665327664e-04,1.999788404904884409e+00,-6.000491237926334209e-01,3.333051206539845879e+00,-6.000491639183473946e-01,1.572070823789239416e-04
3.784064222656272178e-04,-1.842073221760456413e-04,-1.586756170962885326e-04,1.999784406950590121e+00,-6.000492842852909181e-01,3.333045875934120161e+00,-6.000493244076207100e-01,1.592073221760456300e-04
3.800056841016965061e-04,-1.850070489680046991e-04,-1.594751839751118244e-04,1.999782808508153265e+00,-6.000493484512926523e-01,3.333043744677537834e+00,-6.000493885734958788e-01,1.600070489680046877e-04
3.800059858434053279e-04,-2.550663160612075611e-04,-1.594753761057759046e-04,1.999782808206566065e+00,-6.000493484633976360e-01,3.333043744275421272e+00,-6.000493886186210046e-01,2.300663160612075498e-04
3.800076407967298286e-04,-9.173925732701006253e-02,-2.373251012134420688e-04,1.999782777433414704e+00,-6.000493834437701235e-01,3.333043703244552791e+00,-6.001116593484987494e-01,9.171425732701006528e-02
3.800100613100374121e-04,-2.010183631416945504e-01,-5.959213170524120095e-04,1.999782394958679710e+00,-6.000498385318340233e-01,3.333043193278239613e+00,-6.003984079818973640e-01,2.009933631416945532e-01
3.800149120747902841e-04,-3.543901289520191011e-01,-1.966798882575423405e-03,1.999778951367055635e+00,-6.000539423994235566e-01,3.333038601822741143e+00,-6.014939067369763359e-01,3.543651289520191039e-01
3.800242723455059756e-04,-5.037199514343776441e-01,-6.053244302722798377e-03,1.999755487890623407e+00,-6.000817491339883736e-01,3.333007317187497875e+00,-6.047547401011087453e-01,5.036949514343775913e-01
3.800406401101696224e-04,-5.813160110383180923e-01,-1.492776762838579109e-02,1.999642538979276241e+00,-6.002139636527353828e-01,3.332856718639034987e+00,-6.118141501555067752e-01,5.812910110383180395e-01
3.800774649110384186e-04,-5.995779228393184335e-01,-3.590347988018202652e-02,1.999008246151664503e+00,-6.009355719080486935e-01,3.332010994868885856e+00,-6.283698854130910227e-01,5.995529228393183807e-01
3.801839978196604230e-04,-6.000424236226331587e-01,-9.290327511776141911e-02,1.994173988398727060e+00,-6.060193965148116257e-01,3.325565317864969561e+00,-6.722854591755285103e-01,6.000174236226331059e-01
3.803805641788786775e-04,-6.000424317710612021e-01,-1.833934526830971190e-01,1.974236179229296395e+00,-6.241684441625404700e-01,3.298981572305728527e+00,-7.379161017506943310e-01,6.000174317710611493e-01
3.807267177342770815e-04,-6.000424317518460171e-01,-3.052820310918452629e-01,1.910743385513609116e+00,-6.703304106975391807e-01,3.214324514018145340e+00,-8.142944338127838799e-01,6.000174317518459643e-01
3.813189507323282699e-04,-6.000424317228462145e-01,-4.369732148507518010e-01,1.754460050173105579e+00,-7.502040700376172433e-01,3.005946733564140771e+00,-8.658345106564464544e-01,6.000174317228461618e-01
3.824129304200458014e-04,-6.000424316783784517e-01,-5.453649830869493620e-01,1.457532970676864492e+00,-8.191847710027845286e-01,2.610043960902486138e+00,-8.322251453522387932e-01,6.000174316783783990e-01
3.842889551191911932e-04,-6.000424316031975902e-01,-5.915578178209641713e-01,1.159474849684886122e+00,-7.592090740253818471e-01,2.212633132913181200e+00,-7.072829687778112717e-01,6.000174316031975374e-01
3.870417312414218755e-04,-6.000424314652427205e-01,-5.993684925865765400e-01,1.042540984007210847e+00,-6.534857691746769337e-01,2.056721312009614611e+00,-6.324714142019166596e-01,6.000174314652426677e-01
3.900148906249999614e-04,-6.000424312970885632e-01,-5.998706627533529900e-01,1.026348378898652935e+00,-6.238779220284501603e-01,2.035131171864870581e+00,-6.205866139928921665e-01,6.000174312970885104e-01
3.918064222656267846e-04,-6.000433265149427431e-01,-5.998934896164019870e-01,1.025094640672744140e+00,-6.205413676902749032e-01,2.033459520896992334e+00,-6.196397430121328709e-01,6.000183265149426903e-01
3.958064222656268818e-04,-6.000453260349020157e-01,-5.998997675851857059e-01,1.024750220189772909e+00,-6.194183209984942540e-01,2.033000293586364027e+00,-6.193793546186756593e-01,6.000203260349019629e-01
3.998064222656269790e-04,-6.000473255548585128e-01,-5.999018439747230147e-01,1.024737304494029999e+00,-6.193727842969745101e-01,2.032983072658706813e+00,-6.193714138233121780e-01,6.000223255548584600e-01
4.038064222656270763e-04,-6.000493250748127894e-01,-5.999038444902207168e-01,1.024734465354500079e+00,-6.193712416529824072e-01,2.032979287139333291e+00,-6.193711998084256987e-01,6.000243250748127366e-01
4.078064222656271735e-04,-6.000513245947646235e-01,-5.999058436355471091e-01,1.024731901125404354e+00,-6.193711977554011705e-01,2.032975868167205657e+00,-6.193711972898736651e-01,6.000263245947645707e-01
4.118064222656272707e-04,-6.000533241147139041e-01,-5.999078427561280735e-01,1.024729343887823330e+00,-6.193711994391996045e-01,2.032972458517097625e+00,-6.193712001568666414e-01,6.000283241147138513e-01
4.158064222656273679e-04,-6.000553236346607422e-01,-5.999098418762596197e-01,1.024726786823440650e+00,-6.193712024047168807e-01,2.032969049097920866e+00,-6.193712031541762641e-01,6.000303236346606894e-01
4.198064222656274652e-04,-6.000573231546052488e-01,-5.999118409963809517e-01,1.024724229767260297e+00,-6.193712054042196380e-01,2.032965639689680248e+00,-6.193712061544845993e-01,6.000323231546051961e-01
4.238064222656275624e-04,-6.000593226745473130e-01,-5.999138401164996193e-01,1.024721672715436238e+00,-6.193712084045462918e-01,2.032962230287248317e+00,-6.193712091548208010e-01,6.000343226745472602e-01
4.278064222656276596e-04,-6.000613221944870457e-01,-5.999158392366157333e-01,1.024719115667882985e+00,-6.193712114048530726e-01,2.032958820890510498e+00,-6.193712121551183669e-01,6.000363221944869929e-01
4.318064222656277568e-04,-6.000633217144240028e-01,-5.999178383567292938e-01,1.024716558624596763e+00,-6.193712144051202184e-01,2.032955411499462350e+00,-6.193712151553751877e-01,6.000383217144239500e-01
4.358064222656278541e-04,-6.000653212343586285e-01,-5.999198374768403008e-01,1.024714001585578460e+00,-6.193712174053466191e-01,2.032952002114104761e+00,-6.193712181555912633e-01,6.000403212343585757e-01
4.398064222656279513e-04,-6.000673207542912557e-01,-5.999218365969503086e-01,1.024711444550827633e+00,-6.193712204055331627e-01,2.032948592734436843e+00,-6.193712211557681480e-01,6.000423207542912030e-01
4.438064222656280485e-04,-6.000693202742223287e-01,-5.999238357170575409e-01,1.024708887520343170e+00,-6.193712234056781840e-01,2.032945183360457264e+00,-6.193712241559033993e-01,6.000443202742222759e-01
4.478064222656281458e-04,-6.000713197941504040e-01,-5.999258348371619975e-01,1.024706330494127737e+00,-6.193712264057841255e-01,2.032941773992170464e+00,-6.193712271559982385e-01,6.000463197941503513e-01
4.518064222656282430e-04,-6.000733193140755928e-01,-5.999278339572639007e-01,1.024703773472179336e+00,-6.193712294058477674e-01,2.032938364629572447e+00,-6.193712301560524436e-01,6.000483193140755400e-01
4.558064222656283402e-04,-6.000753188339985611e-01,-5.999298330773634724e-01,1.024701216454499519e+00,-6.193712324058725516e-01,2.032934955272666322e+00,-6.193712331560670137e-01,6.000503188339985083e-01
4.598064222656284374e-04,-6.000773183539188649e-01,-5.999318321974606016e-01,1.024698659441085624e+00,-6.193712354058553693e-01,2.032931545921447203e+00,-6.193712361560393953e-01,6.000523183539188121e-01
4.638064222656285347e-04,-6.000793178738371703e-01,-5.999338313175549553e-01,1.024696102431941425e+00,-6.193712384057987741e-01,2.032928136575921751e+00,-6.193712391559730301e-01,6.000543178738371175e-01
4.678064222656286319e-04,-6.000813173937528111e-01,-5.999358304376476436e-01,1.024693545427063590e+00,-6.193712414057012117e-01,2.032924727236084639e+00,-6.193712421558655867e-01,6.000563173937527583e-01
4.718064222656287291e-04,-6.000833169136655654e-01,-5.999378295577367792e-01,1.024690988426452787e+00,-6.193712444055627930e-01,2.032921317901937197e+00,-6.193712451557159548e-01,6.000583169136655126e-01
4.758064222656288264e-04,-6.000853164335762102e-01,-5.999398286778236944e-01,1.024688431430111679e+00,-6.193712474053844064e-01,2.032917908573482535e+00,-6.193712481555277982e-01,6.000603164335761575e-01
4.798064222656289236e-04,-6.000873159534847456e-01,-5.999418277979089442e-01,1.024685874438036270e+00,-6.193712504051652745e-01,2.032914499250714879e+00,-6.193712511552985633e-01,6.000623159534846929e-01
4.838064222656290208e-04,-6.000893154733905055e-01,-5.999438269179909744e-01,1.024683317450230335e+00,-6.193712534049058416e-01,2.032911089933640891e+00,-6.193712541550291384e-01,6.000643154733904527e-01
4.878064222656291180e-04,-6.000913149932941559e-01,-5.999458260380721164e-01,1.024680760466690321e+00,-6.193712564046064406e-01,2.032907680622253466e+00,-6.193712571547197454e-01,6.000663149932941032e-01
4.918064222656291611e-04,-6.000933145131954749e-01,-5.999478251581498167e-01,1.024678203487417338e+00,-6.193712594042657393e-01,2.032904271316556599e+00,-6.193712601543682750e-01,6.000683145131954221e-01
4.958064222656292583e-04,-6.000953140330942404e-01,-5.999498242782246304e-01,1.024675646512412719e+00,-6.193712624038842929e-01,2.032900862016550292e+00,-6.193712631539767255e-01,6.000703140330941876e-01
4.998064222656293555e-04,-6.000973135529918956e-01,-5.999518233982986670e-01,1.024673089541675797e+00,-6.193712654034632115e-01,2.032897452722234100e+00,-6.193712661535463182e-01,6.000723135529918428e-01
5.038064222656294527e-04,-6.000993130728852210e-01,-5.999538225183693729e-01,1.024670532575205906e+00,-6.193712684030008297e-01,2.032894043433608022e+00,-6.193712691530741665e-01,6.000743130728851682e-01
5.078064222656295500e-04,-6.001013125927767700e-01,-5.999558216384374143e-01,1.024667975613004378e+00,-6.193712714024994792e-01,2.032890634150672504e+00,-6.193712721525616027e-01,6.000763125927767172e-01
5.118064222656296472e-04,-6.001033121126662095e-01,-5.999578207585033462e-01,1.024665418655070104e+00,-6.193712744019564953e-01,2.032887224873426657e+00,-6.193712751520090709e-01,6.000783121126661568e-01
5.158064222656297444e-04,-6.001053116325524295e-01,-5.999598198785663916e-01,1.024662861701403083e+00,-6.193712774013728772e-01,2.032883815601870481e+00,-6.193712781514153498e-01,6.000803116325523767e-01
5.198064222656298417e-04,-6.001073111524368731e-01,-5.999618189986267724e-01,1.024660304752004203e+00,-6.193712804007489581e-01,2.032880406336005752e+00,-6.193712811507812166e-01,6.000823111524368203e-01
5.238064222656299389e-04,-6.001093106723197623e-01,-5.999638181186863761e-01,1.024657747806872576e+00,-6.193712834000862921e-01,2.032876997075830250e+00,-6.193712841501080035e-01,6.000843106723197096e-01
5.278064222656300361e-04,-6.001113101921985438e-01,-5.999658172387415389e-01,1.024655190866008647e+00,-6.193712863993804385e-01,2.032873587821344419e+00,-6.193712871493926020e-01,6.000863101921984910e-01
5.318064222656301333e-04,-6.001133097120765481e-01,-5.999678163587959245e-01,1.024652633929412859e+00,-6.193712893986363932e-01,2.032870178572550923e+00,-6.193712901486387867e-01,6.000883097120764953e-01
5.358064222656302306e-04,-6.001153092319505555e-01,-5.999698154788472015e-01,1.024650076997082770e+00,-6.193712923978506035e-01,2.032866769329443546e+00,-6.193712931478424499e-01,6.000903092319505028e-01
5.398064222656303278e-04,-6.001173087518226756e-01,-5.999718145988957030e-01,1.024647520069022155e+00,-6.193712953970257340e-01,2.032863360092029392e+00,-6.193712961470069223e-01,6.000923087518226229e-01
5.438064222656304250e-04,-6.001193082716942406e-01,-5.999738137189435383e-01,1.024644963145227683e+00,-6.193712983961595642e-01,2.032859950860303577e+00,-6.193712991461316486e-01,6.000943082716941879e-01
5.478064222656305222e-04,-6.001213077915626970e-01,-5.999758128389890421e-01,1.024642406225699576e+00,-6.193713013952530932e-01,2.032856541634266101e+00,-6.193713021452150747e-01,6.000963077915626442e-01
5.518064222656306195e-04,-6.001233073114284888e-01,-5.999778119590304382e-01,1.024639849310440054e+00,-6.193713043943056551e-01,2.032853132413919628e+00,-6.193713051442575335e-01,6.000983073114284361e-01
5.558064222656307167e-04,-6.001253068312921712e-01,-5.999798110790715011e-01,1.024637292399447119e+00,-6.193713073933194702e-01,2.032849723199262826e+00,-6.193713081432604683e-01,6.001003068312921185e-01
5.598064222656308139e-04,-6.001273063511518568e-01,-5.999818101991080121e-01,1.024634735492723436e+00,-6.193713103922912078e-01,2.032846313990297915e+00,-6.193713111422225470e-01,6.001023063511518041e-01
5.638064222656309112e-04,-6.001293058710103212e-01,-5.999838093191428579e-01,1.024632178590267229e+00,-6.193713133912235325e-01,2.032842904787023119e+00,-6.193713141411448797e-01,6.001043058710102684e-01
5.678064222656310084e-04,-6.001313053908663431e-01,-5.999858084391754831e-01,1.024629621692076942e+00,-6.193713163901155561e-01,2.032839495589435774e+00,-6.193713171400258011e-01,6.001063053908662903e-01
5.718064222656311056e-04,-6.001333049107194784e-01,-5.999878075592049997e-01,1.024627064798155684e+00,-6.193713193889661683e-01,2.032836086397540765e+00,-6.193713201388670875e-01,6.001083049107194256e-01
5.758064222656312028e-04,-6.001353044305708373e-01,-5.999898066792324069e-01,1.024624507908502347e+00,-6.193713223877769236e-01,2.032832677211336314e+00,-6.193713231376681838e-01,6.001103044305707845e-01
5.798064222656313001e-04,-6.001373039504196427e-01,-5.999918057992591480e-01,1.024621951023115374e+00,-6.193713253865491541e-01,2.032829268030820646e+00,-6.193713261364300893e-01,6.001123039504195900e-01
5.838064222656313973e-04,-6.001393034702652285e-01,-5.999938049192811151e-01,1.024619394141995654e+00,-6.193713283852773088e-01,2.032825858855994205e+00,-6.193713291351486960e-01,6.001143034702651757e-01
5.878064222656314945e-04,-6.001413029901095930e-01,-5.999958040393017500e-01,1.024616837265144298e+00,-6.193713313839680490e-01,2.032822449686859212e+00,-6.193713321338293332e-01,6.001163029901095403e-01
5.918064222656315918e-04,-6.001433025099506269e-01,-5.999978031593193872e-01,1.024614280392560195e+00,-6.193713343826175999e-01,2.032819040523413889e+00,-6.193713351324684480e-01,6.001183025099505741e-01
5.958064222656316890e-04,-6.001453020297893293e-01,-5.999998022793348040e-01,1.024611723524242901e+00,-6.193713373812266276e-01,2.032815631365657350e+00,-6.193713381310670396e-01,6.001203020297892765e-01
5.998064222656317862e-04,-6.001473015496260333e-01,-6.000018013993478894e-01,1.024609166660193305e+00,-6.193713403797952433e-01,2.032812222213591369e+00,-6.193713411296253302e-01,6.001223015496259805e-01
6.038064222656318834e-04,-6.001493010694600727e-01,-6.000038005193587543e-01,1.024606609800411849e+00,-6.193713433783236688e-01,2.032808813067215947e+00,-6.193713441281442078e-01,6.001243010694600200e-01
6.078064222656319807e-04,-6.001513005892921138e-01,-6.000057996393670656e-01,1.024604052944898092e+00,-6.193713463768120153e-01,2.032805403926531085e+00,-6.193713471266227844e-01,6.001263005892920610e-01
6.118064222656320779e-04,-6.001533001091212682e-01,-6.000077987593736006e-01,1.024601496093650699e+00,-6.193713493752602828e-01,2.032801994791534117e+00,-6.193713501250609488e-01,6.001283001091212155e-01
6.158064222656321751e-04,-6.001552996289483133e-01,-6.000097978793763609e-01,1.024598939246671447e+00,-6.193713523736679161e-01,2.032798585662228597e+00,-6.193713531234577019e-01,6.001302996289482605e-01
6.198064222656322723e-04,-6.001572991487736930e-01,-6.000117969993782330e-01,1.024596382403959449e+00,-6.193713553720354703e-01,2.032795176538612747e+00,-6.193713561218155972e-01,6.001322991487736402e-01
6.238064222656323696e-04,-6.001592986685949649e-01,-6.000137961193772185e-01,1.024593825565515148e+00,-6.193713583703626124e-01,2.032791767420686568e+00,-6.193713591201330804e-01,6.001342986685949121e-01
6.278064222656324668e-04,-6.001612981884149045e-01,-6.000157952393730953e-01,1.024591268731338323e+00,-6.193713613686495645e-01,2.032788358308450949e+00,-6.193713621184094853e-01,6.001362981884148518e-01
6.318064222656325640e-04,-6.001632977082329568e-01,-6.000177943593680840e-01,1.024588711901427196e+00,-6.193713643668961044e-01,2.032784949201902780e+00,-6.193713651166458112e-01,6.001382977082329040e-01
6.358064222656326613e-04,-6.001652972280473453e-01,-6.000197934793591870e-01,1.024586155075785543e+00,-6.193713673651018992e-01,2.032781540101047391e+00,-6.193713681148418360e-01,6.001402972280472925e-01
6.398064222656327585e-04,-6.001672967478591803e-01,-6.000217925993471813e-01,1.024583598254412475e+00,-6.193713703632683920e-01,2.032778131005883449e+00,-6.193713711129977817e-01,6.001422967478591275e-01
6.438064222656328557e-04,-6.001692962676695720e-01,-6.000237917193338433e-01,1.024581041437305107e+00,-6.193713733613941397e-01,2.032774721916406957e+00,-6.193713741111133153e-01,6.001442962676695192e-01
6.478064222656329529e-04,-6.001712957874778542e-01,-6.000257908393187289e-01,1.024578484624464991e+00,-6.193713763594796973e-01,2.032771312832620136e+00,-6.193713771091889919e-01,6.001462957874778015e-01
6.518064222656330502e-04,-6.001732953072825838e-01,-6.000277899593002839e-01,1.024575927815893239e+00,-6.193713793575242876e-01,2.032767903754524319e+00,-6.193713801072241454e-01,6.001482953072825310e-01
6.558064222656331474e-04,-6.001752948270863142e-01,-6.000297890792807287e-01,1.024573371011587852e+00,-6.193713823555300202e-01,2.032764494682116840e+00,-6.193713831052195529e-01,6.001502948270862614e-01
6.598064222656332446e-04,-6.001772943468866028e-01,-6.000317881992580649e-01,1.024570814211550163e+00,-6.193713853534946745e-01,2.032761085615399921e+00,-6.193713861031743262e-01,6.001522943468865501e-01
6.638064222656333419e-04,-6.001792938666848931e-01,-6.000337873192324034e-01,1.024568257415780170e+00,-6.193713883514188057e-01,2.032757676554373560e+00,-6.193713891010883543e-01,6.001542938666848404e-01
6.678064222656334391e-04,-6.001812933864796307e-01,-6.000357864392040774e-01,1.024565700624277875e+00,-6.193713913493024137e-01,2.032754267499037315e+00,-6.193713920989621924e-01,6.001562933864795779e-01
6.718064222656335363e-04,-6.001832929062729249e-01,-6.000377855591737530e-01,1.024563143837042389e+00,-6.193713943471468308e-01,2.032750858449389852e+00,-6.193713950967956183e-01,6.001582929062728722e-01
6.758064222656336335e-04,-6.001852924260646649e-01,-6.000397846791419854e-01,1.024560587054073713e+00,-6.193713973449502808e-01,2.032747449405431617e+00,-6.193713980945896314e-01,6.001602924260646121e-01
6.798064222656337308e-04,-6.001872919458528521e-01,-6.000417837991066650e-01,1.024558030275373621e+00,-6.193714003427133186e-01,2.032744040367164828e+00,-6.193714010923428992e-01,6.001622919458527994e-01
6.838064222656338280e-04,-6.001892914656390410e-01,-6.000437829190701233e-01,1.024555473500941449e+00,-6.193714033404382757e-01,2.032740631334588599e+00,-6.193714040900575313e-01,6.001642914656389882e-01
6.878064222656339252e-04,-6.001912909854226763e-01,-6.000457820390299180e-01,1.024552916730774532e+00,-6.193714063381209334e-01,2.032737222307699376e+00,-6.193714070877291977e-01,6.001662909854226235e-01
6.918064222656340224e-04,-6.001932905052040912e-01,-6.000477811589878252e-01,1.024550359964877533e+00,-6.193714093357640671e-01,2.032733813286503377e+00,-6.193714100853631166e-01,6.001682905052040384e-01
6.958064222656341197e-04,-6.001952900249828415e-01,-6.000497802789436230e-01,1.024547803203245788e+00,-6.193714123333663446e-01,2.032730404270994384e+00,-6.193714130829552911e-01,6.001702900249827888e-01
6.998064222656342169e-04,-6.001972895447595935e-01,-6.000517793988967563e-01,1.024545246445882629e+00,-6.193714153309292092e-01,2.032726995261176839e+00,-6.193714160805079416e-01,6.001722895447595407e-01
7.038064222656343141e-04,-6.001992890645341250e-01,-6.000537785188480022e-01,1.024542689692786057e+00,-6.193714183284517727e-01,2.032723586257048076e+00,-6.193714190780207351e-01,6.001742890645340722e-01
7.078064222656344114e-04,-6.002012885843067691e-01,-6.000557776387972497e-01,1.024540132943956294e+00,-6.193714213259339241e-01,2.032720177258608096e+00,-6.193714220754928945e-01,6.001762885843067163e-01
7.118064222656345086e-04,-6.002032881040764156e-01,-6.000577767587429445e-01,1.024537576199394895e+00,-6.193714243233758854e-01,2.032716768265860008e+00,-6.193714250729245308e-01,6.001782881040763629e-01
7.158064222656346058e-04,-6.002052876238439527e-01,-6.000597758786869740e-01,1.024535019459100527e+00,-6.193714273207779897e-01,2.032713359278800702e+00,-6.193714280703165320e-01,6.001802876238439000e-01
7.198064222656347030e-04,-6.002072871436087143e-01,-6.000617749986287830e-01,1.024532462723072745e+00,-6.193714303181394598e-01,2.032709950297430179e+00,-6.193714310676680102e-01,6.001822871436086615e-01
7.238064222656348003e-04,-6.002092866633708113e-01,-6.000637741185674834e-01,1.024529905991313994e+00,-6.193714333154612950e-01,2.032706541321751992e+00,-6.193714340649798533e-01,6.001842866633707585e-01
7.278064222656348975e-04,-6.002112861831302437e-01,-6.000657732385039633e-01,1.024527349263821163e+00,-6.193714363127422740e-01,2.032703132351761699e+00,-6.193714370622509513e-01,6.001862861831301910e-01
7.318064222656349947e-04,-6.002132857028874557e-01,-6.000677723584374457e-01,1.024524792540596696e+00,-6.193714393099831739e-01,2.032699723387461965e+00,-6.193714400594817482e-01,6.001882857028874030e-01
7.358064222656350920e-04,-6.002152852226425583e-01,-6.000697714783692627e-01,1.024522235821639704e+00,-6.193714423071847719e-01,2.032696314428853235e+00,-6.193714430566731322e-01,6.001902852226425056e-01
7.398064222656351892e-04,-6.002172847423945523e-01,-6.000717705982978600e-01,1.024519679106949965e+00,-6.193714453043450696e-01,2.032692905475933287e+00,-6.193714460538236599e-01,6.001922847423944996e-01
7.438064222656352864e-04,-6.002192842621442148e-01,-6.000737697182241259e-01,1.024517122396528812e+00,-6.193714483014665095e-01,2.032689496528704787e+00,-6.193714490509351078e-01,6.001942842621441621e-01
7.478064222656353836e-04,-6.002212837818928781e-01,-6.000757688381490595e-01,1.024514565690373136e+00,-6.193714512985475373e-01,2.032686087587164181e+00,-6.193714520480059216e-01,6.001962837818928254e-01
7.518064222656354809e-04,-6.002232833016384328e-01,-6.000777679580714397e-01,1.024512008988484713e+00,-6.193714542955887081e-01,2.032682678651312802e+00,-6.193714550450365453e-01,6.001982833016383800e-01
7.558064222656355781e-04,-6.002252828213809899e-01,-6.000797670779900450e-01,1.024509452290864875e+00,-6.193714572925888007e-01,2.032679269721153315e+00,-6.193714580420267568e-01,6.002002828213809371e-01
7.598064222656356753e-04,-6.002272823411213265e-01,-6.000817661979074291e-01,1.024506895597512068e+00,-6.193714602895490362e-01,2.032675860796683054e+00,-6.193714610389774444e-01,6.002022823411212737e-01
7.638064222656357725e-04,-6.002292818608588876e-01,-6.000837653178222597e-01,1.024504338908426515e+00,-6.193714632864696368e-01,2.032672451877901576e+00,-6.193714640358881640e-01,6.002042818608588348e-01
7.678064222656358698e-04,-6.002312813805944502e-01,-6.000857644377337596e-01,1.024501782223607993e+00,-6.193714662833494922e-01,2.032669042964810213e+00,-6.193714670327573613e-01,6.002062813805943975e-01
7.718064222656359670e-04,-6.002332809003274594e-01,-6.000877635576435942e-01,1.024499225543057390e+00,-6.193714692801894905e-01,2.032665634057409854e+00,-6.193714700295879227e-01,6.002082809003274066e-01
7.758064222656360642e-04,-6.002352804200580261e-01,-6.000897626775505422e-01,1.024496668866774041e+00,-6.193714722769891878e-01,2.032662225155699165e+00,-6.193714730263776280e-01,6.002102804200579733e-01
7.798064222656361615e-04,-6.002372799397872605e-01,-6.000917617974567131e-01,1.024494112194756834e+00,-6.193714752737495832e-01,2.032658816259675483e+00,-6.193714760231282535e-01,6.002122799397872077e-01
7.838064222656362587e-04,-6.002392794595128311e-01,-6.000937609173587761e-01,1.024491555527008657e+00,-6.193714782704694555e-01,2.032655407369345024e+00,-6.193714790198380227e-01,6.002142794595127784e-01
7.878064222656363559e-04,-6.002412789792365144e-01,-6.000957600372587297e-01,1.024488998863526179e+00,-6.193714812671495817e-01,2.032651998484701572e+00,-6.193714820165071577e-01,6.002162789792364617e-01
7.918064222656364531e-04,-6.002432784989587544e-01,-6.000977591571574621e-01,1.024486442204310288e+00,-6.193714842637888518e-01,2.032648589605747347e+00,-6.193714850131365468e-01,6.002182784989587017e-01
7.958064222656365504e-04,-6.002452780186767756e-01,-6.000997582770531968e-01,1.024483885549363427e+00,-6.193714872603884869e-01,2.032645180732484569e+00,-6.193714880097266340e-01,6.002202780186767228e-01
7.998064222656366476e-04,-6.002472775383933534e-01,-6.001017573969452679e-01,1.024481328898684040e+00,-6.193714902569478209e-01,2.032641771864911906e+00,-6.193714910062759760e-01,6.002222775383933007e-01
8.038064222656367448e-04,-6.002492770581093762e-01,-6.001037565168382271e-01,1.024478772252270353e+00,-6.193714932534687412e-01,2.032638363003027138e+00,-6.193714940027867932e-01,6.002242770581093234e-01
8.078064222656368421e-04,-6.002512765778207360e-01,-6.001057556367271895e-01,1.024476215610123697e+00,-6.193714962499475840e-01,2.032634954146831596e+00,-6.193714969992558661e-01,6.002262765778206832e-01
8.118064222656369393e-04,-6.002532760975303194e-01,-6.001077547566129322e-01,1.024473658972245182e+00,-6.193714992463870139e-01,2.032631545296326614e+00,-6.193714999956850820e-01,6.002282760975302667e-01
8.158064222656370365e-04,-6.002552756172386816e-01,-6.001097538764975647e-01,1.024471102338633255e+00,-6.193715022427866979e-01,2.032628136451511303e+00,-6.193715029920749959e-01,6.002302756172386289e-01
8.198064222656371337e-04,-6.002572751369428250e-01,-6.001117529963786446e-01,1.024468545709289469e+00,-6.193715052391456366e-01,2.032624727612385662e+00,-6.193715059884241647e-01,6.002322751369427722e-01
8.238064222656372310e-04,-6.002592746566459692e-01,-6.001137521162580590e-01,1.024465989084212714e+00,-6.193715082354657175e-01,2.032621318778950581e+00,-6.193715089847339206e-01,6.002342746566459164e-01
8.278064222656373282e-04,-6.002612741763455606e-01,-6.001157512361342539e-01,1.024463432463402768e+00,-6.193715112317440541e-01,2.032617909951203838e+00,-6.193715119810024872e-01,6.002362741763455078e-01
8.318064222656374254e-04,-6.002632736960429316e-01,-6.001177503560083393e-01,1.024460875846861407e+00,-6.193715142279839769e-01,2.032614501129148543e+00,-6.193715149772323070e-01,6.002382736960428788e-01
8.358064222656375226e-04,-6.002652732157381932e-01,-6.001197494758799822e-01,1.024458319234586856e+00,-6.193715172241840428e-01,2.032611092312782475e+00,-6.193715179734219367e-01,6.002402732157381404e-01
8.398064222656376199e-04,-6.002672727354297910e-01,-6.001217485957485165e-01,1.024455762626579558e+00,-6.193715202203423642e-01,2.032607683502106077e+00,-6.193715209695704882e-01,6.002422727354297383e-01
8.438064222656377171e-04,-6.002692722551198345e-01,-6.001237477156149414e-01,1.024453206022840179e+00,-6.193715232164618278e-01,2.032604274697120683e+00,-6.193715239656801819e-01,6.002442722551197818e-01
8.478064222656378143e-04,-6.002712717748074356e-01,-6.001257468354792568e-01,1.024450649423366944e+00,-6.193715262125414345e-01,2.032600865897822295e+00,-6.193715269617490193e-01,6.002462717748073828e-01
8.500055975643727984e-04,-6.002723710983832728e-01,-6.001268459392334886e-01,1.024449243822583400e+00,-6.192568482683660225e-01,2.032598991763444385e+00,-6.193715286089482852e-01,6.002473710983832200e-01
8.500307389208970089e-04,-6.002723836660751600e-01,-6.001268585043819659e-01,1.024449227753515101e+00,-6.177452107672553039e-01,2.032598970338019839e+00,-6.193715286277801102e-01,6.002473836660751072e-01
8.511607588550704727e-04,-6.002729485424113109e-01,-6.001274232665441133e-01,1.024448505502698170e+00,-6.187532720662740626e-01,2.032598007336931190e+00,-6.193715294748766143e-01,6.002479485424112582e-01
8.551607588550705699e-04,-6.002749480697594509e-01,-6.001294223934059424e-01,1.024445948905015946e+00,-6.193553556957632766e-01,2.032594598540021114e+00,-6.193715324731283722e-01,6.002499480697593981e-01
8.591607588550706671e-04,-6.002769475971709845e-01,-6.001314215209752057e-01,1.024443392308094447e+00,-6.193711114148271468e-01,2.032591189744125781e+00,-6.193715354693287711e-01,6.002519475971709317e-01
8.601163222656185584e-04,-6.002774252659796028e-01,-6.001318990942686726e-01,1.024442781561040849e+00,-6.193713596348843220e-01,2.032590375414721429e+00,-6.193715361850363754e-01,6.002524252659795501e-01
8.640064222655991768e-04,-6.002793698563727576e-01,-6.001338432958227553e-01,1.024440295211393126e+00,-6.193715348012623911e-01,2.032587060281857205e+00,-6.193715390986488378e-01,6.002543698563727048e-01
8.680064222655992741e-04,-6.002813693837786291e-01,-6.001358424234035649e-01,1.024437738623585670e+00,-6.193715412814352339e-01,2.032583651498114374e+00,-6.193715420945276051e-01,6.002563693837785763e-01
8.720064222655993713e-04,-6.002833689111839455e-01,-6.001378415509835973e-01,1.024435182040044801e+00,-6.193715443402513232e-01,2.032580242720059882e+00,-6.193715450903674036e-01,6.002583689111838927e-01
8.760064222655994685e-04,-6.002853684385858202e-01,-6.001398406785609652e-01,1.024432625460770074e+00,-6.193715473371985691e-01,2.032576833947693284e+00,-6.193715480861659017e-01,6.002603684385857674e-01
8.799999999999999229e-04,-6.002873647556116188e-01,-6.001418365964028556e-01,1.024430072990512253e+00,-6.193715503281773671e-01,2.032573430654016189e+00,-6.193715510771152788e-01,6.002623647556115660e-01
8.800141258686729412e-04,-6.117278753495668520e-01,-6.002017100193561827e-01,1.024429979941517077e+00,-6.193717446809394733e-01,2.032573306588689288e+00,-6.194308726766540873e-01,6.117028753495667992e-01
8.800830335684042783e-04,-6.193647778563060591e-01,-6.013964762155402655e-01,1.024410794121713097e+00,-6.194139285086839308e-01,2.032547725495617463e+00,-6.206012132275386950e-01,6.193397778563060063e-01
8.824819217956315345e-04,-6.193713427174041275e-01,-6.176124450236373242e-01,1.011476322985422671e+00,-6.269836345095601837e-01,2.015301763980563265e+00,-6.266569297573966191e-01,6.193463427174040747e-01
8.864819217956316317e-04,-6.193713424924308653e-01,-6.191934229768883968e-01,1.001016417960855609e+00,-6.209041437917510731e-01,2.001355223947807627e+00,-6.199995082859010020e-01,6.193463424924308125e-01
8.900130000000000454e-04,-6.193713422743227781e-01,-6.192216569579973573e-01,1.000269199899857187e+00,-6.195365010762649005e-01,2.000358933199809730e+00,-6.194352537216920584e-01,6.193463422743227254e-01
8.914064222656324773e-04,-6.193720375346868368e-01,-6.192226092124806236e-01,1.000236256049239714e+00,-6.194470278594819135e-01,2.000315008065653100e+00,-6.194100707106137138e-01,6.193470375346867840e-01
8.954064222656325745e-04,-6.193740370391827010e-01,-6.192246907976928227e-01,1.000220226460356576e+00,-6.194010134647415233e-01,2.000293635280475435e+00,-6.193994350485860778e-01,6.193490370391826483e-01
8.994064222656326718e-04,-6.193760365436757898e-01,-6.192266913918366145e-01,1.000217323230449429e+00,-6.193991852365129391e-01,2.000289764307265905e+00,-6.193991321903783431e-01,6.193510365436757370e-01
9.034064222656327690e-04,-6.193780360481673242e-01,-6.192286905234050121e-01,1.000214797287685586e+00,-6.193991280814384881e-01,2.000286396383580634e+00,-6.193991271904782936e-01,6.193530360481672714e-01
9.074064222656328662e-04,-6.193800355526563051e-01,-6.192306896285599827e-01,1.000212281056700458e+00,-6.193991291937058774e-01,2.000283041408934093e+00,-6.193991298657718358e-01,6.193550355526562523e-01
9.114064222656329635e-04,-6.193820350571425104e-01,-6.192326887332342267e-01,1.000209765064055123e+00,-6.193991320112387511e-01,2.000279686752073349e+00,-6.193991327263312918e-01,6.193570350571424576e-01
9.154064222656330607e-04,-6.193840345616258292e-01,-6.192346878378975905e-01,1.000207249081049410e+00,-6.193991348749735559e-01,2.000276332108065880e+00,-6.193991355911845353e-01,6.193590345616257764e-01
9.194064222656331579e-04,-6.193860340661068165e-01,-6.192366869425584008e-01,1.000204733102399324e+00,-6.193991377399056253e-01,2.000272977469865765e+00,-6.193991384561479130e-01,6.193610340661067637e-01
9.234064222656332551e-04,-6.193880335705862494e-01,-6.192386860472168797e-01,1.000202217127984294e+00,-6.193991406048794390e-01,2.000269622837312689e+00,-6.193991413211256125e-01,6.193630335705861967e-01
9.274064222656333524e-04,-6.193900330750634620e-01,-6.192406851518739153e-01,1.000199701157801657e+00,-6.193991434698679077e-01,2.000266268210402210e+00,-6.193991441861170788e-01,6.193650330750634092e-01
9.314064222656334496e-04,-6.193920325795367887e-01,-6.192426842565265099e-01,1.000197185191854299e+00,-6.193991463348684778e-01,2.000262913589139213e+00,-6.193991470511210906e-01,6.193670325795367360e-01
9.354064222656335468e-04,-6.193940320840092273e-01,-6.192446833611786605e-01,1.000194669230138222e+00,-6.193991491998820376e-01,2.000259558973517926e+00,-6.193991499161385361e-01,6.193690320840091745e-01
9.394064222656336441e-04,-6.193960315884788903e-01,-6.192466824658288127e-01,1.000192153272655426e+00,-6.193991520649105853e-01,2.000256204363540569e+00,-6.193991527811695263e-01,6.193710315884788375e-01
9.434064222656337413e-04,-6.193980310929458888e-01,-6.192486815704750791e-01,1.000189637319405467e+00,-6.193991549299491250e-01,2.000252849759207141e+00,-6.193991556462116188e-01,6.193730310929458360e-01
9.474064222656338385e-04,-6.194000305974112219e-01,-6.192506806751197912e-01,1.000187121370389454e+00,-6.193991577950023197e-01,2.000249495160518975e+00,-6.193991585112684772e-01,6.193750305974111692e-01
9.514064222656339357e-04,-6.194020301018734465e-01,-6.192526797797620608e-01,1.000184605425606055e+00,-6.193991606600682820e-01,2.000246140567474740e+00,-6.193991613763378812e-01,6.193770301018733937e-01
9.554064222656340330e-04,-6.194040296063333395e-01,-6.192546788844013328e-01,1.000182089485055714e+00,-6.193991635251471228e-01,2.000242785980074434e+00,-6.193991642414194976e-01,6.193790296063332868e-01
9.594064222656341302e-04,-6.194060291107911231e-01,-6.192566779890384954e-01,1.000179573548738432e+00,-6.193991663902389533e-01,2.000239431398318057e+00,-6.193991671065147697e-01,6.193810291107910704e-01
9.634064222656342274e-04,-6.194080286152456871e-01,-6.192586770936737706e-01,1.000177057616654430e+00,-6.193991692553441064e-01,2.000236076822205611e+00,-6.193991699716233645e-01,6.193830286152456344e-01
9.674064222656343246e-04,-6.194100281196988078e-01,-6.192606761983060482e-01,1.000174541688803487e+00,-6.193991721204622491e-01,2.000232722251737982e+00,-6.193991728367443939e-01,6.193850281196987551e-01
9.714064222656344219e-04,-6.194120276241491529e-01,-6.192626753029362163e-01,1.000172025765185602e+00,-6.193991749855929374e-01,2.000229367686914284e+00,-6.193991757018789679e-01,6.193870276241491002e-01
9.754064222656345191e-04,-6.194140271285967225e-01,-6.192646744075636089e-01,1.000169509845800775e+00,-6.193991778507377255e-01,2.000226013127734515e+00,-6.193991785670261985e-01,6.193890271285966698e-01
9.794064222656329900e-04,-6.194160266330426268e-01,-6.192666735121884480e-01,1.000166993930649451e+00,-6.193991807158943930e-01,2.000222658574199563e+00,-6.193991814321864187e-01,6.193910266330425740e-01
9.834064222656309188e-04,-6.194180261374849783e-01,-6.192686726168109557e-01,1.000164478019730518e+00,-6.193991835810649382e-01,2.000219304026307210e+00,-6.193991842973595174e-01,6.193930261374849255e-01
9.874064222656288477e-04,-6.194200256419254425e-01,-6.192706717214309098e-01,1.000161962113046421e+00,-6.193991864462484731e-01,2.000215949484061895e+00,-6.193991871625467160e-01,6.193950256419253897e-01
9.914064222656267765e-04,-6.194220251463643523e-01,-6.192726708260494206e-01,1.000159446210593828e+00,-6.193991893114452196e-01,2.000212594947458289e+00,-6.193991900277469043e-01,6.193970251463642995e-01
9.954064222656247053e-04,-6.194240246508005976e-01,-6.192746699306657110e-01,1.000156930312374071e+00,-6.193991921766546227e-01,2.000209240416498613e+00,-6.193991928929596380e-01,6.193990246508005448e-01
9.994064222656226341e-04,-6.194260241552341784e-01,-6.192766690352785597e-01,1.000154414418388038e+00,-6.193991950418767933e-01,2.000205885891183755e+00,-6.193991957581854724e-01,6.194010241552341256e-01
1.003406422265620563e-03,-6.194280236596650946e-01,-6.192786681398890769e-01,1.000151898528634398e+00,-6.193991979071123977e-01,2.000202531371512382e+00,-6.193991986234237412e-01,6.194030236596650418e-01
1.007406422265618492e-03,-6.194300231640939014e-01,-6.192806672444977067e-01,1.000149382643114260e+00,-6.193992007723615467e-01,2.000199176857485828e+00,-6.193992014886761099e-01,6.194050231640938486e-01
1.011406422265616421e-03,-6.194320226685203767e-01,-6.192826663491044492e-01,1.000146866761827180e+00,-6.193992036376237964e-01,2.000195822349103203e+00,-6.193992043539421344e-01,6.194070226685203240e-01
1.015406422265614349e-03,-6.194340221729444096e-01,-6.192846654537075279e-01,1.000144350884772937e+00,-6.193992065028985916e-01,2.000192467846363620e+00,-6.193992072192197051e-01,6.194090221729443568e-01
1.019406422265612278e-03,-6.194360216773655559e-01,-6.192866645583082752e-01,1.000141835011952418e+00,-6.193992093681868205e-01,2.000189113349270187e+00,-6.193992100845109317e-01,6.194110216773655031e-01
1.023406422265610207e-03,-6.194380211817848148e-01,-6.192886636629074681e-01,1.000139319143363847e+00,-6.193992122334879280e-01,2.000185758857818463e+00,-6.193992129498153698e-01,6.194130211817847620e-01
1.027406422265608136e-03,-6.194400206862009650e-01,-6.192906627675033304e-01,1.000136803279010334e+00,-6.193992150988018031e-01,2.000182404372013778e+00,-6.193992158151334637e-01,6.194150206862009123e-01
1.031406422265606065e-03,-6.194420201906146728e-01,-6.192926618720967502e-01,1.000134287418888546e+00,-6.193992179641298890e-01,2.000179049891851246e+00,-6.193992186804637701e-01,6.194170201906146200e-01
1.035406422265603994e-03,-6.194440196950269373e-01,-6.192946609766882826e-01,1.000131771563001148e+00,-6.193992208294705204e-01,2.000175695417334865e+00,-6.193992215458088424e-01,6.194190196950268845e-01
1.039406422265601922e-03,-6.194460191994367593e-01,-6.192966600812777056e-01,1.000129255711343701e+00,-6.193992236948243635e-01,2.000172340948458416e+00,-6.193992244111649059e-01,6.194210191994367065e-01
1.043406422265599851e-03,-6.194480187038441388e-01,-6.192986591858650192e-01,1.000126739863921754e+00,-6.193992265601923064e-01,2.000168986485229006e+00,-6.193992272765361795e-01,6.194230187038440860e-01
1.047406422265597780e-03,-6.194500182082485207e-01,-6.193006582904491131e-01,1.000124224020731534e+00,-6.193992294255720177e-01,2.000165632027642193e+00,-6.193992301419188884e-01,6.194250182082484679e-01
1.051406422265595709e-03,-6.194520177126504601e-01,-6.193026573950302094e-01,1.000121708181775260e+00,-6.193992322909640524e-01,2.000162277575700642e+00,-6.193992330073149200e-01,6.194270177126504073e-01
1.055406422265593638e-03,-6.194540172170502901e-01,-6.193046564996098624e-01,1.000119192347052710e+00,-6.193992351563712973e-01,2.000158923129403465e+00,-6.193992358727256065e-01,6.194290172170502373e-01
1.059406422265591566e-03,-6.194560167214467894e-01,-6.193066556041869619e-01,1.000116676516561887e+00,-6.193992380217907545e-01,2.000155568688748886e+00,-6.193992387381481723e-01,6.194310167214467366e-01
1.063406422265589495e-03,-6.194580162258420675e-01,-6.193086547087611748e-01,1.000114160690305232e+00,-6.193992408872240896e-01,2.000152214253740457e+00,-6.193992416035846160e-01,6.194330162258420147e-01
1.067406422265587424e-03,-6.194600157302352361e-01,-6.193106538133339445e-01,1.000111644868279859e+00,-6.193992437526697481e-01,2.000148859824373293e+00,-6.193992444690336052e-01,6.194350157302351834e-01
1.071406422265585353e-03,-6.194620152346257402e-01,-6.193126529179043827e-01,1.000109129050488432e+00,-6.193992466181288403e-01,2.000145505400651391e+00,-6.193992473344964722e-01,6.194370152346256875e-01
1.075406422265583282e-03,-6.194640147390133578e-01,-6.193146520224717122e-01,1.000106613236929620e+00,-6.193992494836010332e-01,2.000142150982572975e+00,-6.193992501999718847e-01,6.194390147390133050e-01
1.079406422265581211e-03,-6.194660142433985328e-01,-6.193166511270363772e-01,1.000104097427604977e+00,-6.193992523490865487e-01,2.000138796570140265e+00,-6.193992530654609530e-01,6.194410142433984801e-01
1.083406422265579139e-03,-6.194680137477815984e-01,-6.193186502315994879e-01,1.000101581622511615e+00,-6.193992552145857200e-01,2.000135442163348820e+00,-6.193992559309625667e-01,6.194430137477815457e-01
1.087406422265577068e-03,-6.194700132521626657e-01,-6.193206493361597120e-01,1.000099065821653088e+00,-6.193992580800979919e-01,2.000132087762204414e+00,-6.193992587964789465e-01,6.194450132521626129e-01
1.091406422265574997e-03,-6.194720127565412904e-01,-6.193226484407182708e-01,1.000096550025025843e+00,-6.193992609456226983e-01,2.000128733366701272e+00,-6.193992616620070946e-01,6.194470127565412376e-01
1.095406422265572926e-03,-6.194740122609175836e-01,-6.193246475452743871e-01,1.000094034232630991e+00,-6.193992638111617266e-01,2.000125378976841173e+00,-6.193992645275485653e-01,6.194490122609175309e-01
1.099406422265570855e-03,-6.194760117652912124e-01,-6.193266466498275058e-01,1.000091518444470751e+00,-6.193992666767126343e-01,2.000122024592627223e+00,-6.193992673931039139e-01,6.194510117652911596e-01
1.103406422265568784e-03,-6.194780112696623986e-01,-6.193286457543790702e-01,1.000089002660542681e+00,-6.193992695422788630e-01,2.000118670214056760e+00,-6.193992702586725851e-01,6.194530112696623458e-01
1.107406422265566712e-03,-6.194800107740310313e-01,-6.193306448589267488e-01,1.000086486880847669e+00,-6.193992724078557499e-01,2.000115315841130226e+00,-6.193992731242531358e-01,6.194550107740309786e-01
1.111406422265564641e-03,-6.194820102783973326e-01,-6.193326439634733172e-01,1.000083971105385716e+00,-6.193992752734479579e-01,2.000111961473847622e+00,-6.193992759898481193e-01,6.194570102783972798e-01
1.115406422265562570e-03,-6.194840097827611913e-01,-6.193346430680166659e-01,1.000081455334156821e+00,-6.193992781390518232e-01,2.000108607112208947e+00,-6.193992788554558704e-01,6.194590097827611386e-01
1.119406422265560499e-03,-6.194860092871228296e-01,-6.193366421725582383e-01,1.000078939567160763e+00,-6.193992810046701214e-01,2.000105252756214202e+00,-6.193992817210773882e-01,6.194610092871227769e-01
1.123406422265558428e-03,-6.194880087914818034e-01,-6.193386412770967020e-01,1.000076423804398429e+00,-6.193992838703012982e-01,2.000101898405864276e+00,-6.193992845867118957e-01,6.194630087914817507e-01
1.127406422265556356e-03,-6.194900082958390009e-01,-6.193406403816330563e-01,1.000073908045868265e+00,-6.193992867359457977e-01,2.000098544061157835e+00,-6.193992874523593928e-01,6.194650082958389481e-01
1.131406422265554285e-03,-6.194920078001929786e-01,-6.193426394861674122e-01,1.000071392291571160e+00,-6.193992896016039529e-01,2.000095189722094879e+00,-6.193992903180206566e-01,6.194670078001929259e-01
1.135406422265552214e-03,-6.194940073045439588e-01,-6.193446385906979934e-01,1.000068876541508223e+00,-6.193992924672749867e-01,2.000091835388677630e+00,-6.193992931836950211e-01,6.194690073045439060e-01
1.139406422265550143e-03,-6.194960068088939398e-01,-6.193466376952269092e-01,1.000066360795677456e+00,-6.193992953329591211e-01,2.000088481060903423e+00,-6.193992960493823752e-01,6.194710068088938870e-01
1.143406422265548072e-03,-6.194980063132415893e-01,-6.193486367997548259e-01,1.000063845054078637e+00,-6.193992981986572444e-01,2.000085126738771812e+00,-6.193992989150838291e-01,6.194730063132415365e-01
1.147406422265546001e-03,-6.195000058175856861e-01,-6.193506359042788567e-01,1.000061329316713543e+00,-6.193993010643676911e-01,2.000081772422284576e+00,-6.193993017807978285e-01,6.194750058175856333e-01
1.151406422265543929e-03,-6.195020053219281175e-01,-6.193526350088008892e-01,1.000058813583581063e+00,-6.193993039300916825e-01,2.000078418111441270e+00,-6.193993046465252617e-01,6.194770053219280648e-01
1.155406422265541858e-03,-6.195040048262678845e-01,-6.193546341133201460e-01,1.000056297854682086e+00,-6.193993067958291077e-01,2.000075063806242781e+00,-6.193993075122659064e-01,6.194790048262678317e-01
1.159406422265539787e-03,-6.195060043306055420e-01,-6.193566332178375156e-01,1.000053782130016389e+00,-6.193993096615801885e-01,2.000071709506688666e+00,-6.193993103780207621e-01,6.194810043306054892e-01
1.163406422265537716e-03,-6.195080038349412010e-01,-6.193586323223528867e-01,1.000051266409581752e+00,-6.193993125273443701e-01,2.000068355212775817e+00,-6.193993132437879412e-01,6.194830038349411483e-01
1.167406422265535645e-03,-6.195100033392741956e-01,-6.193606314268660373e-01,1.000048750693380617e+00,-6.193993153931222073e-01,2.000065000924507785e+00,-6.193993161095689981e-01,6.194850033392741429e-01
1.171406422265533574e-03,-6.195120028436048587e-01,-6.193626305313760794e-01,1.000046234981412763e+00,-6.193993182589125901e-01,2.000061646641884128e+00,-6.193993189753632667e-01,6.194870028436048059e-01
1.175406422265531502e-03,-6.195140023479324132e-01,-6.193646296358835679e-01,1.000043719273678189e+00,-6.193993211247172948e-01,2.000058292364904400e+00,-6.193993218411708579e-01,6.194890023479323604e-01
1.179406422265529431e-03,-6.195160018522569700e-01,-6.193666287403881698e-01,1.000041203570176229e+00,-6.193993239905338788e-01,2.000054938093568158e+00,-6.193993247069909946e-01,6.194910018522569173e-01
1.183406422265527360e-03,-6.195180013565805277e-01,-6.193686278448904403e-01,1.000038687870908216e+00,-6.193993268563646737e-01,2.000051583827877622e+00,-6.193993275728252312e-01,6.194930013565804749e-01
1.187406422265525289e-03,-6.195200008609003106e-01,-6.193706269493900463e-01,1.000036172175872595e+00,-6.193993297222090133e-01,2.000048229567830127e+00,-6.193993304386721244e-01,6.194950008609002579e-01
1.191406422265523218e-03,-6.195220003652180951e-01,-6.193726260538873207e-01,1.000033656485071143e+00,-6.193993325880667866e-01,2.000044875313427895e+00,-6.193993333045336724e-01,6.194970003652180424e-01
1.195406422265521146e-03,-6.195239998695355466e-01,-6.193746251583842621e-01,1.000031140798500084e+00,-6.193993354539383267e-01,2.000041521064666927e+00,-6.193993361704086542e-01,6.194989998695354938e-01
1.199406422265519075e-03,-6.195259993738488902e-01,-6.193766242628782059e-01,1.000028625116160974e+00,-6.193993383198218572e-01,2.000038166821548113e+00,-6.193993390362956264e-01,6.195009993738488374e-01
1.203406422265517004e-03,-6.195279988781596803e-01,-6.193786233673682640e-01,1.000026109438058253e+00,-6.193993411857198206e-01,2.000034812584077670e+00,-6.193993419021973645e-01,6.195029988781596275e-01
1.207406422265514933e-03,-6.195299983824695822e-01,-6.193806224718577669e-01,1.000023593764185481e+00,-6.193993440516317728e-01,2.000031458352247160e+00,-6.193993447681120923e-01,6.195049983824695294e-01
1.211406422265512862e-03,-6.195319978867745991e-01,-6.193826215763427179e-01,1.000021078094546878e+00,-6.193993469175552713e-01,2.000028104126062356e+00,-6.193993476340388105e-01,6.195069978867745464e-01
1.215406422265510791e-03,-6.195339973910789499e-01,-6.193846206808263366e-01,1.000018562429141555e+00,-6.193993497834930917e-01,2.000024749905521926e+00,-6.193993504999804056e-01,6.195089973910788972e-01
1.219406422265508719e-03,-6.195359968953804142e-01,-6.193866197853078459e-01,1.000016046767968403e+00,-6.193993526494444568e-01,2.000021395690624537e+00,-6.193993533659351014e-01,6.195109968953803614e-01
1.223406422265506648e-03,-6.195379963996793249e-01,-6.193886188897864686e-01,1.000013531111028531e+00,-6.193993555154095887e-01,2.000018041481371522e+00,-6.193993562319032309e-01,6.195129963996792721e-01
1.227406422265504577e-03,-6.195399959039764592e-01,-6.193906179942635370e-01,1.000011015458321939e+00,-6.193993583813877102e-01,2.000014687277762437e+00,-6.193993590978855712e-01,6.195149959039764065e-01
1.231406422265502506e-03,-6.195419954082710401e-01,-6.193926170987378299e-01,1.000008499809845963e+00,-6.193993612473792654e-01,2.000011333079794618e+00,-6.193993619638793469e-01,6.195169954082709873e-01
1.235406422265500435e-03,-6.195439949125625123e-01,-6.193946162032083480e-01,1.000005984165604822e+00,-6.193993641133829220e-01,2.000007978887472948e+00,-6.193993648298870003e-01,6.195189949125624596e-01
1.239406422265498364e-03,-6.195459944168522082e-01,-6.193966153076778669e-01,1.000003468525596517e+00,-6.193993669794018997e-01,2.000004624700795652e+00,-6.193993676959094197e-01,6.195209944168521554e-01
1.243406422265496292e-03,-6.195479939211386844e-01,-6.193986144121450543e-01,1.000000952889821049e+00,-6.193993698454347552e-01,2.000001270519761398e+00,-6.193993705619448287e-01,6.195229939211386316e-01
1.247406422265494221e-03,-6.195499934254233843e-01,-6.194006135166092442e-01,9.999984372582778613e-01,-6.193993727114790460e-01,1.999997916344370408e+00,-6.193993734279932273e-01,6.195249934254233315e-01
1.251406422265492150e-03,-6.195519929297065298e-01,-6.194026126210717687e-01,9.999959216309672883e-01,-6.193993755775378807e-01,1.999994562174623125e+00,-6.193993762940552816e-01,6.195269929297064770e-01
1.255406422265490079e-03,-6.195539924339860116e-01,-6.194046117255311845e-01,9.999934060078896625e-01,-6.193993784436097050e-01,1.999991208010519772e+00,-6.193993791601303256e-01,6.195289924339859589e-01
1.259406422265488008e-03,-6.195559919382632730e-01,-6.194066108299877138e-01,9.999908903890458722e-01,-6.193993813096948520e-01,1.999987853852061237e+00,-6.193993820262189143e-01,6.195309919382632202e-01
1.263406422265485936e-03,-6.195579914425378698e-01,-6.194086099344422447e-01,9.999883747744343632e-01,-6.193993841757939878e-01,1.999984499699245744e+00,-6.193993848923212697e-01,6.195329914425378171e-01
1.267406422265483865e-03,-6.195599909468101352e-01,-6.194106090388940000e-01,9.999858591640566896e-01,-6.193993870419066683e-01,1.999981145552075512e+00,-6.193993877584372809e-01,6.195349909468100824e-01
1.271406422265481794e-03,-6.195619904510804021e-01,-6.194126081433440900e-01,9.999833435579111862e-01,-6.193993899080326715e-01,1.999977791410548100e+00,-6.193993906245670589e-01,6.195369904510803494e-01
1.275406422265479723e-03,-6.195639899553475605e-01,-6.194146072477909604e-01,9.999808279559989632e-01,-6.193993927741719974e-01,1.999974437274665284e+00,-6.193993934907100485e-01,6.195389899553475077e-01
1.279406422265477652e-03,-6.195659894596132755e-01,-6.194166063522361654e-01,9.999783123583194655e-01,-6.193993956403254231e-01,1.999971083144425954e+00,-6.193993963568668049e-01,6.195409894596132228e-01
1.283406422265475581e-03,-6.195679889638766591e-01,-6.194186054566793720e-01,9.999757967648714718e-01,-6.193993985064921715e-01,1.999967729019828555e+00,-6.193993992230365508e-01,6.195429889638766063e-01
1.287406422265473509e-03,-6.195699884681372671e-01,-6.194206045611203582e-01,9.999732811756563144e-01,-6.193994013726721315e-01,1.999964374900875086e+00,-6.193994020892200636e-01,6.195449884681372144e-01
1.291406422265471438e-03,-6.195719879723952106e-01,-6.194226036655576806e-01,9.999707655906746595e-01,-6.193994042388653032e-01,1.999961020787566213e+00,-6.193994049554164549e-01,6.195469879723951578e-01
1.295406422265469367e-03,-6.195739874766506006e-01,-6.194246027699925605e-01,9.999682500099255078e-01,-6.193994071050720196e-01,1.999957666679900603e+00,-6.193994078216259469e-01,6.195489874766505478e-01
1.299406422265467296e-03,-6.195759869809037701e-01,-6.194266018744257751e-01,9.999657344334098585e-01,-6.193994099712925028e-01,1.999954312577879811e+00,-6.193994106878502048e-01,6.195509869809037173e-01
1.303406422265465225e-03,-6.195779864851544971e-01,-6.194286009788561032e-01,9.999632188611270456e-01,-6.193994128375266417e-01,1.999950958481502949e+00,-6.193994135540875634e-01,6.195529864851544444e-01
1.307406422265463154e-03,-6.195799859894033368e-01,-6.194306000832846548e-01,9.999607032930767359e-01,-6.193994157037743253e-01,1.999947604390769129e+00,-6.193994164203390218e-01,6.195549859894032840e-01
1.311406422265461082e-03,-6.195819854936496229e-01,-6.194325991877099868e-01,9.999581877292588183e-01,-6.193994185700349986e-01,1.999944250305678350e+00,-6.193994192866026927e-01,6.195569854936495702e-01
1.315406422265459011e-03,-6.195839849978931335e-01,-6.194345982921336535e-01,9.999556721696731820e-01,-6.193994214363095496e-01,1.999940896226230835e+00,-6.193994221528803523e-01,6.195589849978930808e-01
1.319406422265456940e-03,-6.195859845021347567e-01,-6.194365973965547667e-01,9.999531566143208261e-01,-6.193994243025974233e-01,1.999937542152427694e+00,-6.193994250191716677e-01,6.195609845021347040e-01
1.323406422265454869e-03,-6.195879840063734934e-01,-6.194385965009734374e-01,9.999506410632029718e-01,-6.193994271688996189e-01,1.999934188084270481e+00,-6.193994278854778601e-01,6.195629840063734406e-01
1.327406422265452798e-03,-6.195899835106101206e-01,-6.194405956053894435e-01,9.999481255163165105e-01,-6.193994300352148041e-01,1.999930834021755199e+00,-6.193994307517964870e-01,6.195649835106100678e-01
1.331406422265450726e-03,-6.195919830148444163e-01,-6.194425947098042284e-01,9.999456099736624415e-01,-6.193994329015437561e-01,1.999927479964883181e+00,-6.193994336181292137e-01,6.195669830148443635e-01
1.335406422265448655e-03,-6.195939825190763806e-01,-6.194445938142154606e-01,9.999430944352394324e-01,-6.193994357678856977e-01,1.999924125913652428e+00,-6.193994364844731537e-01,6.195689825190763278e-01
1.339406422265446584e-03,-6.195959820233059023e-01,-6.194465929186249165e-01,9.999405789010512580e-01,-6.193994386342419611e-01,1.999920771868068270e+00,-6.193994393508328589e-01,6.195709820233058496e-01
1.343406422265444513e-03,-6.195979815275325375e-01,-6.194485920230312637e-01,9.999380633710969191e-01,-6.193994415006114362e-01,1.999917417828129151e+00,-6.193994422172065528e-01,6.195729815275324848e-01
1.347406422265442442e-03,-6.195999810317569523e-01,-6.194505911274353904e-01,9.999355478453747503e-01,-6.193994443669949002e-01,1.999914063793833074e+00,-6.193994450835931254e-01,6.195749810317568995e-01
1.350010000000000012e-03,-6.196012824979266753e-01,-6.194518923333632854e-01,9.999339105059587007e-01,-6.193984612875764739e-01,1.999911880674611675e+00,-6.193994469493118160e-01,6.195762824979266226e-01
1.352183333301871203e-03,-6.196023688952112529e-01,-6.194529785134114119e-01,9.999325437402721839e-01,-6.193990930167732056e-01,1.999910058320362838e+00,-6.193994485067343403e-01,6.195773688952112002e-01
1.356183333301869132e-03,-6.196043683994443274e-01,-6.194549776178233103e-01,9.999300282238218207e-01,-6.193994412985065479e-01,1.999906704298429316e+00,-6.193994513731515550e-01,6.195793683994442747e-01
1.360010000000000038e-03,-6.196062812585070301e-01,-6.194568900943914214e-01,9.999276217170247616e-01,-6.193994530364573814e-01,1.999903495622699756e+00,-6.193994541153664546e-01,6.195812812585069773e-01
1.361006422265609956e-03,-6.196067793461409456e-01,-6.194573880824282286e-01,9.999269950895414150e-01,-6.193994539791896070e-01,1.999902660119388775e+00,-6.193994548294160518e-01,6.195817793461408929e-01
1.365006422265607885e-03,-6.196087788503680249e-01,-6.194593871868344648e-01,9.999244795824254739e-01,-6.193994569768329628e-01,1.999899306109900854e+00,-6.193994576958609111e-01,6.195837788503679722e-01
1.369006422265605814e-03,-6.196107783545919956e-01,-6.194613862912384805e-01,9.999219640795432573e-01,-6.193994598456601386e-01,1.999895952106057750e+00,-6.193994605623206473e-01,6.195857783545919428e-01
1.373006422265603743e-03,-6.196127778588146340e-01,-6.194633853956408309e-01,9.999194485808940991e-01,-6.193994627121736096e-01,1.999892598107858799e+00,-6.193994634287950385e-01,6.195877778588145812e-01
1.377006422265601672e-03,-6.196147773630351629e-01,-6.194653845000410719e-01,9.999169330864750016e-01,-6.193994655786584369e-01,1.999889244115300002e+00,-6.193994662952808650e-01,6.195897773630351102e-01
1.380006222656250019e-03,-6.196027377303677808e-01,-6.194668747174701950e-01,9.999150465964898871e-01,-6.193994677223901846e-01,1.999886728795319923e+00,-6.193994594356446726e-01,6.195777377303677280e-01
1.381279419867548729e-03,-6.193994565965070809e-01,-6.193114951663272194e-01,9.999713831827401478e-01,-6.193368116765551878e-01,1.999961844243653530e+00,-6.192887854904429723e-01,6.193744565965070281e-01
1.385279419867546657e-03,-6.193994564637710365e-01,-6.192517059591227113e-01,1.000164459202854017e+00,-6.193647951543307384e-01,2.000219278937139133e+00,-6.193822036457881097e-01,6.193744564637709837e-01
1.389279419867544586e-03,-6.193994562180820118e-01,-6.192506260150429931e-01,1.000185180946156160e+00,-6.193956689679981364e-01,2.000246907928208362e+00,-6.193975643488175420e-01,6.193744562180819591e-01
1.390213022265617470e-03,-6.193995548808678420e-01,-6.192506229891416858e-01,1.000185710482605739e+00,-6.193969784099501164e-01,2.000247613976807504e+00,-6.193979814503911552e-01,6.193745548808677892e-01
1.394206422265608161e-03,-6.194015510861614615e-01,-6.192522084575762253e-01,1.000185046284613799e+00,-6.193988620353122476e-01,2.000246728379484917e+00,-6.193990398549844567e-01,6.193765510861614088e-01
1.398206422265606090e-03,-6.194035505906347883e-01,-6.192542001016879682e-01,1.000182685152712025e+00,-6.193991425229690151e-01,2.000243580203616034e+00,-6.193991580839188771e-01,6.193785505906347355e-01
1.402206422265604019e-03,-6.194055500951065607e-01,-6.192561990716132225e-01,1.000180176047722913e+00,-6.193991647728650518e-01,2.000240234730296773e+00,-6.193991662350093463e-01,6.193805500951065079e-01
1.406206422265601948e-03,-6.194075495995753355e-01,-6.192581981738296548e-01,1.000177660344219177e+00,-6.193991685346779130e-01,2.000236880458959199e+00,-6.193991692798536119e-01,6.193825495995752828e-01
1.410206422265599877e-03,-6.194095491040420010e-01,-6.192601972784310682e-01,1.000175144422004170e+00,-6.193991714329756260e-01,2.000233525896005560e+00,-6.193991721502158931e-01,6.193845491040419482e-01
1.414206422265597805e-03,-6.194115486085058908e-01,-6.192621963830744480e-01,1.000172628497532745e+00,-6.193991742991739047e-01,2.000230171330043660e+00,-6.193991750154874687e-01,6.193865486085058381e-01
1.418206422265595734e-03,-6.194135481129673382e-01,-6.192641954877153854e-01,1.000170112577121628e+00,-6.193991771643463373e-01,2.000226816769495652e+00,-6.193991778806348103e-01,6.193885481129672854e-01
1.422206422265593663e-03,-6.194155476174271202e-01,-6.192661945923544353e-01,1.000167596660939351e+00,-6.193991800295011174e-01,2.000223462214585801e+00,-6.193991807457921439e-01,6.193905476174270675e-01
1.426206422265591592e-03,-6.194175471218841267e-01,-6.192681936969914869e-01,1.000165080748989688e+00,-6.193991828946683320e-01,2.000220107665319436e+00,-6.193991836109629112e-01,6.193925471218840739e-01
1.430206422265589521e-03,-6.194195466263390237e-01,-6.192701928016260959e-01,1.000162564841273527e+00,-6.193991857598488693e-01,2.000216753121697888e+00,-6.193991864761467792e-01,6.193945466263389710e-01
1.434206422265587449e-03,-6.194215461307913673e-01,-6.192721919062583735e-01,1.000160048937789536e+00,-6.193991886250421741e-01,2.000213398583719382e+00,-6.193991893413433036e-01,6.193965461307913145e-01
1.438206422265585378e-03,-6.194235456352406022e-01,-6.192741910108870984e-01,1.000157533038539936e+00,-6.193991914902488016e-01,2.000210044051386582e+00,-6.193991922065527067e-01,6.193985456352405494e-01
1.442206422265583307e-03,-6.194255451396877277e-01,-6.192761901155136028e-01,1.000155017143523617e+00,-6.193991943554677526e-01,2.000206689524698156e+00,-6.193991950717756545e-01,6.194005451396876749e-01
1.446206422265581236e-03,-6.194275446441326327e-01,-6.192781892201385530e-01,1.000152501252739468e+00,-6.193991972207009145e-01,2.000203335003652771e+00,-6.193991979370114809e-01,6.194025446441325800e-01
1.450206422265579165e-03,-6.194295441485748732e-01,-6.192801883247605055e-01,1.000149985366188377e+00,-6.193992000859459557e-01,2.000199980488250873e+00,-6.193992008022600748e-01,6.194045441485748205e-01
1.454206422265577094e-03,-6.194315436530151153e-01,-6.192821874293801265e-01,1.000147469483871676e+00,-6.193992029512056519e-01,2.000196625978495568e+00,-6.193992036675227686e-01,6.194065436530150626e-01
1.458206422265575022e-03,-6.194335431574519157e-01,-6.192841865339968610e-01,1.000144953605786924e+00,-6.193992058164767833e-01,2.000193271474382861e+00,-6.193992065327973418e-01,6.194085431574518630e-01
1.462206422265572951e-03,-6.194355426618866067e-01,-6.192861856386113750e-01,1.000142437731936118e+00,-6.193992086817615705e-01,2.000189916975914972e+00,-6.193992093980857927e-01,6.194105426618865540e-01
1.466206422265570880e-03,-6.194375421663197434e-01,-6.192881847432237796e-01,1.000139921862317927e+00,-6.193992115470597914e-01,2.000186562483090569e+00,-6.193992122633873443e-01,6.194125421663196907e-01
1.470206422265568809e-03,-6.194395416707495494e-01,-6.192901838478335197e-01,1.000137405996933238e+00,-6.193992144123720012e-01,2.000183207995910983e+00,-6.193992151287021075e-01,6.194145416707494967e-01
1.474206422265566738e-03,-6.194415411751773570e-01,-6.192921829524410393e-01,1.000134890135780719e+00,-6.193992172776956462e-01,2.000179853514374440e+00,-6.193992179940296383e-01,6.194165411751773043e-01
1.478206422265564667e-03,-6.194435406796037213e-01,-6.192941820570470046e-01,1.000132374278862368e+00,-6.193992201430342792e-01,2.000176499038483602e+00,-6.193992208593718241e-01,6.194185406796036686e-01
1.482206422265562595e-03,-6.194455401840266440e-01,-6.192961811616496393e-01,1.000129858426174190e+00,-6.193992230083839035e-01,2.000173144568232253e+00,-6.193992237247241128e-01,6.194205401840265912e-01
1.486206422265560524e-03,-6.194475396884480123e-01,-6.192981802662501645e-01,1.000127342577721068e+00,-6.193992258737480716e-01,2.000169790103627943e+00,-6.193992265900916117e-01,6.194225396884479595e-01
1.490206422265558453e-03,-6.194495391928661610e-01,-6.193001793708486913e-01,1.000124826733500782e+00,-6.193992287391255624e-01,2.000166435644668006e+00,-6.193992294554722111e-01,6.194245391928661082e-01
1.494206422265556382e-03,-6.194515386972815341e-01,-6.193021784754435544e-01,1.000122310893514221e+00,-6.193992316045154878e-01,2.000163081191351999e+00,-6.193992323208652451e-01,6.194265386972814813e-01
1.498206422265554311e-03,-6.194535382016953529e-01,-6.193041775800369741e-01,1.000119795057760053e+00,-6.193992344699185137e-01,2.000159726743680366e+00,-6.193992351862722678e-01,6.194285382016953001e-01
1.502206422265552239e-03,-6.194555377061067292e-01,-6.193061766846276184e-01,1.000117279226238498e+00,-6.193992373353349734e-01,2.000156372301651331e+00,-6.193992380516915031e-01,6.194305377061066764e-01
1.506206422265550168e-03,-6.194575372105153299e-01,-6.193081757892161532e-01,1.000114763398950890e+00,-6.193992402007646447e-01,2.000153017865268001e+00,-6.193992409171249491e-01,6.194325372105152772e-01
1.510206422265548097e-03,-6.194595367149221543e-01,-6.193101748938029116e-01,1.000112247575894786e+00,-6.193992430662077497e-01,2.000149663434526381e+00,-6.193992437825710518e-01,6.194345367149221016e-01
1.514206422265546026e-03,-6.194615362193254260e-01,-6.193121739983854512e-01,1.000109731757073295e+00,-6.193992459316631782e-01,2.000146309009431356e+00,-6.193992466480298109e-01,6.194365362193253732e-01
1.518206422265543955e-03,-6.194635357237271434e-01,-6.193141731029664365e-01,1.000107215942484862e+00,-6.193992487971325955e-01,2.000142954589979816e+00,-6.193992495135026699e-01,6.194385357237270906e-01
1.522206422265541884e-03,-6.194655352281260852e-01,-6.193161722075463116e-01,1.000104700132127711e+00,-6.193992516626151135e-01,2.000139600176170429e+00,-6.193992523789886295e-01,6.194405352281260324e-01
1.526206422265539812e-03,-6.194675347325218073e-01,-6.193181713121211907e-01,1.000102184326005617e+00,-6.193992545281106210e-01,2.000136245768007193e+00,-6.193992552444869126e-01,6.194425347325217546e-01
1.530206422265537741e-03,-6.194695342369169744e-01,-6.193201704166958477e-01,1.000099668524115692e+00,-6.193992573936193402e-01,2.000132891365487886e+00,-6.193992581099996286e-01,6.194445342369169216e-01
1.534206422265535670e-03,-6.194715337413105871e-01,-6.193221695212690614e-01,1.000097152726457272e+00,-6.193992602591420482e-01,2.000129536968609845e+00,-6.193992609755256673e-01,6.194465337413105344e-01
1.538206422265533599e-03,-6.194735332456996479e-01,-6.193241686258377232e-01,1.000094636933032355e+00,-6.193992631246770797e-01,2.000126182577376621e+00,-6.193992638410632523e-01,6.194485332456995952e-01
1.542206422265531528e-03,-6.194755327500883757e-01,-6.193261677304059409e-01,1.000092121143841828e+00,-6.193992659902263220e-01,2.000122828191789104e+00,-6.193992667066170466e-01,6.194505327500883229e-01
1.546206422265529457e-03,-6.194775322544732177e-01,-6.193281668349709390e-01,1.000089605358881473e+00,-6.193992688557882209e-01,2.000119473811842408e+00,-6.193992695721808328e-01,6.194525322544731649e-01
1.550206422265527385e-03,-6.194795317588555061e-01,-6.193301659395326064e-01,1.000087089578156396e+00,-6.193992717213622212e-01,2.000116119437541862e+00,-6.193992724377588299e-01,6.194545317588554534e-01
1.554206422265525314e-03,-6.194815312632361293e-01,-6.193321650440932746e-01,1.000084573801663046e+00,-6.193992745869508765e-01,2.000112765068883913e+00,-6.193992753033507048e-01,6.194565312632360765e-01
1.558206422265523243e-03,-6.194835307676133107e-01,-6.193341641486502791e-01,1.000082058029403420e+00,-6.193992774525524103e-01,2.000109410705871671e+00,-6.193992781689550142e-01,6.194585307676132580e-01
1.562206422265521172e-03,-6.194855302719888268e-01,-6.193361632532052852e-01,1.000079542261377075e+00,-6.193992803181662676e-01,2.000106056348502914e+00,-6.193992810345732014e-01,6.194605302719887741e-01
1.566206422265519101e-03,-6.194875297763625666e-01,-6.193381623577590700e-01,1.000077026497582455e+00,-6.193992831837952240e-01,2.000102701996776755e+00,-6.193992839002051554e-01,6.194625297763625138e-01
1.570206422265517029e-03,-6.194895292807325315e-01,-6.193401614623089690e-01,1.000074510738021782e+00,-6.193992860494361707e-01,2.000099347650695414e+00,-6.193992867658492107e-01,6.194645292807324788e-01
1.574206422265514958e-03,-6.194915287851010532e-01,-6.193421605668563146e-01,1.000071994982695056e+00,-6.193992889150908843e-01,2.000095993310260223e+00,-6.193992896315074770e-01,6.194665287851010005e-01
1.578206422265512887e-03,-6.194935282894671325e-01,-6.193441596714025499e-01,1.000069479231600056e+00,-6.193992917807598086e-01,2.000092638975466741e+00,-6.193992924971792879e-01,6.194685282894670797e-01
1.582206422265510816e-03,-6.194955277938305471e-01,-6.193461587759457876e-01,1.000066963484737226e+00,-6.193992946464406124e-01,2.000089284646316301e+00,-6.193992953628628673e-01,6.194705277938304944e-01
1.586206422265508745e-03,-6.194975272981919634e-01,-6.193481578804864718e-01,1.000064447742108342e+00,-6.193992975121345168e-01,2.000085930322811123e+00,-6.193992982285609905e-01,6.194725272981919106e-01
1.590206422265506674e-03,-6.194995268025518254e-01,-6.193501569850259347e-01,1.000061932003710963e+00,-6.193993003778426321e-01,2.000082576004948098e+00,-6.193993010942719923e-01,6.194745268025517726e-01
1.594206422265504602e-03,-6.195015263069078015e-01,-6.193521560895618450e-01,1.000059416269547752e+00,-6.193993032435636259e-01,2.000079221692730336e+00,-6.193993039599962058e-01,6.194765263069077488e-01
1.598206422265502531e-03,-6.195035258112624454e-01,-6.193541551940959788e-01,1.000056900539617377e+00,-6.193993061092981645e-01,2.000075867386156503e+00,-6.193993068257344081e-01,6.194785258112623927e-01
1.602206422265500460e-03,-6.195055253156137587e-01,-6.193561542986272261e-01,1.000054384813919617e+00,-6.193993089750461367e-01,2.000072513085226156e+00,-6.193993096914851559e-01,6.194805253156137059e-01
1.606206422265498389e-03,-6.195075248199624074e-01,-6.193581534031556979e-01,1.000051869092454693e+00,-6.193993118408067655e-01,2.000069158789939294e+00,-6.193993125572487823e-01,6.194825248199623546e-01
1.610206422265496318e-03,-6.195095243243089467e-01,-6.193601525076816161e-01,1.000049353375225047e+00,-6.193993147065808280e-01,2.000065804500300359e+00,-6.193993154230273968e-01,6.194845243243088939e-01
1.614206422265494247e-03,-6.195115238286523773e-01,-6.193621516122048698e-01,1.000046837662226906e+00,-6.193993175723678801e-01,2.000062450216302690e+00,-6.193993182888180016e-01,6.194865238286523246e-01
1.618206422265492175e-03,-6.195135233329951419e-01,-6.193641507167271243e-01,1.000044321953461379e+00,-6.193993204381694762e-01,2.000059095937948506e+00,-6.193993211546231503e-01,6.194885233329950891e-01
1.622206422265490104e-03,-6.195155228373339096e-01,-6.193661498212459371e-01,1.000041806248927578e+00,-6.193993233039831736e-01,2.000055741665236475e+00,-6.193993240204396233e-01,6.194905228373338568e-01
1.626206422265488033e-03,-6.195175223416710120e-01,-6.193681489257626405e-01,1.000039290548628390e+00,-6.193993261698107489e-01,2.000052387398171483e+00,-6.193993268862709733e-01,6.194925223416709592e-01
1.630206422265485962e-03,-6.195195218460058939e-01,-6.193701480302764573e-01,1.000036774852561372e+00,-6.193993290356522019e-01,2.000049033136748200e+00,-6.193993297521145358e-01,6.194945218460058411e-01
1.634206422265483891e-03,-6.195215213503387774e-01,-6.193721471347898300e-01,1.000034259160726968e+00,-6.193993319015075327e-01,2.000045678880969291e+00,-6.193993326179736414e-01,6.194965213503387247e-01
1.638206422265481819e-03,-6.195235208546684413e-01,-6.193741462392988728e-01,1.000031743473126067e+00,-6.193993347673745209e-01,2.000042324630834756e+00,-6.193993354838442933e-01,6.194985208546683886e-01
1.642206422265479748e-03,-6.195255203589956627e-01,-6.193761453438060283e-01,1.000029227789758002e+00,-6.193993376332552758e-01,2.000038970386343706e+00,-6.193993383497289340e-01,6.195005203589956100e-01
1.646206422265477677e-03,-6.195275198633203306e-01,-6.193781444483102971e-01,1.000026712110622773e+00,-6.193993404991500196e-01,2.000035616147497031e+00,-6.193993412156263423e-01,6.195025198633202779e-01
1.650206422265475606e-03,-6.195295193676434442e-01,-6.193801435528129007e-01,1.000024196435720159e+00,-6.193993433650577529e-01,2.000032261914293397e+00,-6.193993440815377394e-01,6.195045193676433914e-01
1.654206422265473535e-03,-6.195315188719641153e-01,-6.193821426573133948e-01,1.000021680765050380e+00,-6.193993462309798081e-01,2.000028907686733692e+00,-6.193993469474625702e-01,6.195065188719640625e-01
1.658206422265471464e-03,-6.195335183762814557e-01,-6.193841417618105583e-01,1.000019165098614327e+00,-6.193993490969140758e-01,2.000025553464819250e+00,-6.193993498134008346e-01,6.195085183762814030e-01
1.662206422265469392e-03,-6.195355178805971308e-01,-6.193861408663061674e-01,1.000016649436409999e+00,-6.193993519628626654e-01,2.000022199248546961e+00,-6.193993526793523108e-01,6.195105178805970780e-01
1.666206422265467321e-03,-6.195375173849100303e-01,-6.193881399707986679e-01,1.000014133778439174e+00,-6.193993548288244666e-01,2.000018845037919046e+00,-6.193993555453169986e-01,6.195125173849099776e-01
1.670206422265465250e-03,-6.195395168892194881e-01,-6.193901390752886149e-01,1.000011618124699631e+00,-6.193993576947979252e-01,2.000015490832932841e+00,-6.193993584112936768e-01,6.195145168892194354e-01
1.674206422265463179e-03,-6.195415163935277247e-01,-6.193921381797762304e-01,1.000009102475196476e+00,-6.193993605607863717e-01,2.000012136633595450e+00,-6.193993612772864532e-01,6.195165163935276720e-01
1.678206422265461108e-03,-6.195435158978330747e-01,-6.193941372842607374e-01,1.000006586829924604e+00,-6.193993634267886961e-01,2.000008782439899324e+00,-6.193993641432909980e-01,6.195185158978330220e-01
1.682206422265459037e-03,-6.195455154021364264e-01,-6.193961363887440230e-01,1.000004071188885346e+00,-6.193993662928033439e-01,2.000005428251847128e+00,-6.193993670093099757e-01,6.195205154021363736e-01
1.686206422265456965e-03,-6.195475149064373355e-01,-6.193981354932246441e-01,1.000001555552079147e+00,-6.193993691588323136e-01,2.000002074069438862e+00,-6.193993698753421651e-01,6.195225149064372827e-01
1.690206422265454894e-03,-6.195495144107361352e-01,-6.194001345977031558e-01,9.999990399195050061e-01,-6.193993720248740509e-01,1.999998719892673193e+00,-6.193993727413873440e-01,6.195245144107360824e-01
1.694206422265452823e-03,-6.195515139150323813e-01,-6.194021337021787810e-01,9.999965242911642571e-01,-6.193993748909288888e-01,1.999995365721552565e+00,-6.193993756074459567e-01,6.195265139150323286e-01
1.698206422265450752e-03,-6.195535134193257409e-01,-6.194041328066517416e-01,9.999940086670556783e-01,-6.193993777569980486e-01,1.999992011556074312e+00,-6.193993784735172259e-01,6.195285134193256882e-01
1.702206422265448681e-03,-6.195555129236169911e-01,-6.194061319111225927e-01,9.999914930471818231e-01,-6.193993806230807531e-01,1.999988657396242431e+00,-6.193993813396040382e-01,6.195305129236169384e-01
1.706206422265446609e-03,-6.195575124279057988e-01,-6.194081310155914455e-01,9.999889774315396940e-01,-6.193993834891766692e-01,1.999985303242052925e+00,-6.193993842057035071e-01,6.195325124279057460e-01
1.710206422265444538e-03,-6.195595119321923860e-01,-6.194101301200579668e-01,9.999864618201294020e-01,-6.193993863552855750e-01,1.999981949093506017e+00,-6.193993870718157435e-01,6.195345119321923333e-01
1.714206422265442467e-03,-6.195615114364766418e-01,-6.194121292245217125e-01,9.999839462129533896e-01,-6.193993892214090247e-01,1.999978594950604593e+00,-6.193993899379424128e-01,6.195365114364765891e-01
1.718206422265440396e-03,-6.195635109407592322e-01,-6.194141283289839039e-01,9.999814306100092143e-01,-6.193993920875450199e-01,1.999975240813345545e+00,-6.193993928040824049e-01,6.195385109407591795e-01
1.722206422265438325e-03,-6.195655104450392692e-01,-6.194161274334435419e-01,9.999789150112969871e-01,-6.193993949536941157e-01,1.999971886681729316e+00,-6.193993956702350534e-01,6.195405104450392164e-01
1.726206422265436254e-03,-6.195675099493163085e-01,-6.194181265379001822e-01,9.999763994168192616e-01,-6.193993978198584216e-01,1.999968532555759015e+00,-6.193993985364020238e-01,6.195425099493162557e-01
1.730206422265434182e-03,-6.195695094535903502e-01,-6.194201256423542690e-01,9.999738838265731511e-01,-6.193994006860343848e-01,1.999965178435430868e+00,-6.193994014025814288e-01,6.195445094535902975e-01
1.734206422265432111e-03,-6.195715089578623935e-01,-6.194221247468058023e-01,9.999713682405613202e-01,-6.193994035522254471e-01,1.999961824320748427e+00,-6.193994042687753776e-01,6.195465089578623408e-01
1.738206422265430040e-03,-6.195735084621324384e-01,-6.194241238512557812e-01,9.999688526587808823e-01,-6.193994064184290549e-01,1.999958470211707695e+00,-6.193994071349824271e-01,6.195485084621323857e-01
1.742206422265427969e-03,-6.195755079663995968e-01,-6.194261229557023185e-01,9.999663370812349461e-01,-6.193994092846463184e-01,1.999955116108313335e+00,-6.193994100012033543e-01,6.195505079663995440e-01
1.746206422265425898e-03,-6.195775074706653118e-01,-6.194281220601479676e-01,9.999638215079206249e-01,-6.193994121508776818e-01,1.999951762010560685e+00,-6.193994128674384925e-01,6.195525074706652591e-01
1.750206422265423827e-03,-6.195795069749275852e-01,-6.194301211645900640e-01,9.999613059388382519e-01,-6.193994150171214796e-01,1.999948407918451077e+00,-6.193994157336852879e-01,6.195545069749275324e-01
1.754206422265421755e-03,-6.195815064791873050e-01,-6.194321202690296069e-01,9.999587903739891592e-01,-6.193994178833784892e-01,1.999945053831985620e+00,-6.193994185999456281e-01,6.195565064791872523e-01
1.758206422265419684e-03,-6.195835059834455816e-01,-6.194341193734672624e-01,9.999562748133741241e-01,-6.193994207496501536e-01,1.999941699751165647e+00,-6.193994214662214004e-01,6.195585059834455288e-01
1.762206422265417613e-03,-6.195855054877009715e-01,-6.194361184779024754e-01,9.999537592569901490e-01,-6.193994236159352518e-01,1.999938345675986939e+00,-6.193994243325090521e-01,6.195605054877009188e-01
1.766206422265415542e-03,-6.195875049919536970e-01,-6.194381175823350238e-01,9.999512437048410085e-01,-6.193994264822341167e-01,1.999934991606454826e+00,-6.193994271988114697e-01,6.195625049919536442e-01
1.770206422265413471e-03,-6.195895044962038689e-01,-6.194401166867647968e-01,9.999487281569222619e-01,-6.193994293485446390e-01,1.999931637542563090e+00,-6.193994300651254337e-01,6.195645044962038162e-01
1.774206422265411399e-03,-6.195915040004518204e-01,-6.194421157911925713e-01,9.999462126132395712e-01,-6.193994322148715925e-01,1.999928283484319502e+00,-6.193994329314558289e-01,6.195665040004517676e-01
1.778206422265409328e-03,-6.195935035046976624e-01,-6.194441148956181253e-01,9.999436970737872743e-01,-6.193994350812104255e-01,1.999924929431716514e+00,-6.193994357977982146e-01,6.195685035046976097e-01
1.782206422265407257e-03,-6.195955030089401738e-01,-6.194461140000409038e-01,9.999411815385682578e-01,-6.193994379475633583e-01,1.999921575384757899e+00,-6.193994386641540340e-01,6.195705030089401211e-01
1.786206422265405186e-03,-6.195975025131805758e-01,-6.194481131044607958e-01,9.999386660075834099e-01,-6.193994408139297247e-01,1.999918221343444547e+00,-6.193994415305243972e-01,6.195725025131805230e-01
1.790206422265403115e-03,-6.195995020174197565e-01,-6.194501122088794665e-01,9.999361504808297330e-01,-6.193994436803097470e-01,1.999914867307772903e+00,-6.193994443969080832e-01,6.195745020174197037e-01
1.794206422265401044e-03,-6.196015015216562727e-01,-6.194521113132953616e-01,9.999336349583074490e-01,-6.193994465467029809e-01,1.999911513277743191e+00,-6.193994472633036485e-01,6.195765015216562199e-01
1.798206422265398972e-03,-6.196035010258896802e-01,-6.194541104177091473e-01,9.999311194400194447e-01,-6.193994494131103146e-01,1.999908159253359186e+00,-6.193994501297147570e-01,6.195785010258896275e-01
1.802206422265396901e-03,-6.196055005301216445e-01,-6.194561095221198244e-01,9.999286039259640546e-01,-6.193994522795304158e-01,1.999904805234618665e+00,-6.193994529961381890e-01,6.195805005301215918e-01
1.806206422265394830e-03,-6.196075000343500561e-01,-6.194581086265282810e-01,9.999260884161409457e-01,-6.193994551459643949e-01,1.999901451221521187e+00,-6.193994558625751656e-01,6.195825000343500033e-01
1.810206422265392759e-03,-6.196094995385764692e-01,-6.194601077309346282e-01,9.999235729105523385e-01,-6.193994580124129179e-01,1.999898097214069859e+00,-6.193994587290274634e-01,6.195844995385764165e-01
1.814206422265390688e-03,-6.196114990428007729e-01,-6.194621068353383109e-01,9.999210574091946802e-01,-6.193994608788735423e-01,1.999894743212259574e+00,-6.193994615954919736e-01,6.195864990428007202e-01
1.818206422265388617e-03,-6.196134985470226342e-01,-6.194641059397397731e-01,9.999185419120696361e-01,-6.193994637453488217e-01,1.999891389216092774e+00,-6.193994644619699175e-01,6.195884985470225814e-01
1.822206422265386545e-03,-6.196154980512426080e-01,-6.194661050441396810e-01,9.999160264191787606e-01,-6.193994666118388670e-01,1.999888035225571681e+00,-6.193994673284635155e-01,6.195904980512425553e-01
1.826206422265384474e-03,-6.196174975554594733e-01,-6.194681041485364803e-01,9.999135109305185010e-01,-6.193994694783402366e-01,1.999884681240691409e+00,-6.193994701949685489e-01,6.195924975554594205e-01
1.830206422265382403e-03,-6.196194970596735629e-01,-6.194701032529303930e-01,9.999109954460929650e-01,-6.193994723448557060e-01,1.999881327261457287e+00,-6.193994730614879041e-01,6.195944970596735102e-01
1.834206422265380332e-03,-6.196214965638860983e-01,-6.194721023573221963e-01,9.999084799659002654e-01,-6.193994752113863855e-01,1.999877973287867094e+00,-6.193994759280215812e-01,6.195964965638860455e-01
1.838206422265378261e-03,-6.196234960680950810e-01,-6.194741014617111130e-01,9.999059644899390698e-01,-6.193994780779289444e-01,1.999874619319918834e+00,-6.193994787945674707e-01,6.195984960680950282e-01
1.842206422265376189e-03,-6.196254955723021762e-01,-6.194761005660980313e-01,9.999034490182118207e-01,-6.193994809444857141e-01,1.999871265357615613e+00,-6.193994816611282372e-01,6.196004955723021235e-01
1.846206422265374118e-03,-6.196274950765077172e-01,-6.194780996704829512e-01,9.999009335507151874e-01,-6.193994838110564727e-01,1.999867911400953435e+00,-6.193994845277016603e-01,6.196024950765076644e-01
1.850000999999999989e-03,-6.196293918950396273e-01,-6.194799961097280372e-01,9.998985472703904032e-01,-6.193994865304264241e-01,1.999864729693853871e+00,-6.193994872470703905e-01,6.196043918950395746e-01
1.851196422265609896e-03,-6.196299894580014067e-01,-6.194805935532003982e-01,9.998977955109512594e-01,-6.193994853615696350e-01,1.999863727347934939e+00,-6.193994881037752087e-01,6.196049894580013540e-01
1.855196422265607825e-03,-6.196319889622008414e-01,-6.194825926575805441e-01,9.998952800529642415e-01,-6.193994901249074703e-01,1.999860373403952396e+00,-6.193994909703771645e-01,6.196069889622007887e-01
1.859196422265605754e-03,-6.196339884663972786e-01,-6.194845917619568043e-01,9.998927645992150559e-01,-6.193994930411477196e-01,1.999857019465620001e+00,-6.193994938369952186e-01,6.196089884663972258e-01
1.860116322265621290e-03,-6.196344483023769056e-01,-6.194850515059849849e-01,9.998921861083396312e-01,-6.193994937086235719e-01,1.999856248144452842e+00,-6.193994944962449845e-01,6.196094483023768529e-01
1.864006422265608413e-03,-6.196363928701934531e-01,-6.194869956849688997e-01,9.998897397716850488e-01,-6.193994965660299945e-01,1.999852986362246732e+00,-6.193994972841231350e-01,6.196113928701934004e-01
1.868006422265606342e-03,-6.196383923743861155e-01,-6.194889947893414961e-01,9.998872243272558524e-01,-6.193994994340814575e-01,1.999849632436341063e+00,-6.193995001507711651e-01,6.196133923743860628e-01
1.872006422265604271e-03,-6.196403918785756693e-01,-6.194909938937104288e-01,9.998847088870620459e-01,-6.193995023007654588e-01,1.999846278516082654e+00,-6.193995030174337391e-01,6.196153918785756165e-01
1.876006422265602200e-03,-6.196423913827627805e-01,-6.194929929980773631e-01,9.998821934510989662e-01,-6.193995051674382468e-01,1.999842924601465288e+00,-6.193995058841089696e-01,6.196173913827627278e-01
1.879999999999999944e-03,-6.196443876766107861e-01,-6.194949888927467896e-01,9.998796820580597711e-01,-6.193995080295220390e-01,1.999839576077413028e+00,-6.193995087461958704e-01,6.196193876766107334e-01
1.880110864766470396e-03,-6.193994955108170775e-01,-6.194727902639811656e-01,9.998800830791153560e-01,-6.193984671272899645e-01,1.999840110772153734e+00,-6.193776274913864732e-01,6.193744955108170247e-01
1.883873838054187779e-03,-6.193994971266273408e-01,-6.192557380579508663e-01,1.000122557543577706e+00,-6.193271699603171143e-01,2.000163410058104052e+00,-6.193529895015621456e-01,6.193744971266272881e-01
1.887873838054185708e-03,-6.193994968945834012e-01,-6.192507387627332882e-01,1.000182660281813796e+00,-6.193903863340284310e-01,2.000243547042418246e+00,-6.193956772235754693e-01,6.193744968945833484e-01
1.890021133203124938e-03,-6.193994995498214307e-01,-6.192506573631162414e-01,1.000185511439261044e+00,-6.193965717409498639e-01,2.000247348585681539e+00,-6.193978579038841303e-01,6.193744995498213779e-01
1.892806422265608897e-03,-6.194008918493081328e-01,-6.192515727929057689e-01,1.000185598640601192e+00,-6.193984833448344940e-01,2.000247464854135071e+00,-6.193988424614402799e-01,6.193758918493080801e-01
1.896806422265606825e-03,-6.194028913537819037e-01,-6.192535414199531463e-01,1.000183499510566731e+00,-6.193991057790751986e-01,2.000244666014088679e+00,-6.193991455444110006e-01,6.193778913537818509e-01
1.900806422265604754e-03,-6.194048908582545643e-01,-6.192555399742264433e-01,1.000181004990644773e+00,-6.193991619036546270e-01,2.000241339987526512e+00,-6.193991648525887239e-01,6.193798908582545115e-01
1.904806422265602683e-03,-6.194068903627252265e-01,-6.192575390689374348e-01,1.000178489829957051e+00,-6.193991675125107843e-01,2.000237986439942883e+00,-6.193991683216949484e-01,6.193818903627251737e-01
1.908806422265600612e-03,-6.194088898671923360e-01,-6.192595381734051774e-01,1.000175973923100869e+00,-6.193991704857074732e-01,2.000234631897467974e+00,-6.193991712052120402e-01,6.193838898671922832e-01
1.912806422265598541e-03,-6.194108893716573361e-01,-6.192615372780462257e-01,1.000173457997695525e+00,-6.193991733544588207e-01,2.000231277330260404e+00,-6.193991740708423288e-01,6.193858893716572833e-01
1.916806422265596469e-03,-6.194128888761200047e-01,-6.192635363826886064e-01,1.000170942075900626e+00,-6.193991762197053053e-01,2.000227922767867206e+00,-6.193991769359952215e-01,6.193878888761199519e-01
1.920806422265594398e-03,-6.194148883805797867e-01,-6.192655354873283224e-01,1.000168426158322577e+00,-6.193991790848579759e-01,2.000224568211096621e+00,-6.193991798011483363e-01,6.193898883805797340e-01
1.924806422265592327e-03,-6.194168878850372373e-01,-6.192675345919650409e-01,1.000165910244978473e+00,-6.193991819500211937e-01,2.000221213659971298e+00,-6.193991826663143296e-01,6.193918878850371845e-01
1.928806422265590256e-03,-6.194188873894918013e-01,-6.192695336965996500e-01,1.000163394335866318e+00,-6.193991848151968460e-01,2.000217859114488572e+00,-6.193991855314930906e-01,6.193938873894917485e-01
1.932806422265588185e-03,-6.194208868939448109e-01,-6.192715328012319276e-01,1.000160878430988776e+00,-6.193991876803860430e-01,2.000214504574651553e+00,-6.193991883966859513e-01,6.193958868939447582e-01
1.936806422265586114e-03,-6.194228863983949340e-01,-6.192735319058620957e-01,1.000158362530342959e+00,-6.193991905455882296e-01,2.000211150040457131e+00,-6.193991912618911355e-01,6.193978863983948813e-01
1.940806422265584042e-03,-6.194248859028435028e-01,-6.192755310104903765e-01,1.000155846633930423e+00,-6.193991934108035169e-01,2.000207795511907083e+00,-6.193991941271103085e-01,6.193998859028434500e-01
1.944806422265581971e-03,-6.194268854072895181e-01,-6.192775301151155487e-01,1.000153330741750723e+00,-6.193991962760317938e-01,2.000204440989000965e+00,-6.193991969923413610e-01,6.194018854072894653e-01
1.948806422265579900e-03,-6.194288849117327578e-01,-6.192795292197390555e-01,1.000150814853803638e+00,-6.193991991412732823e-01,2.000201086471738332e+00,-6.193991998575859581e-01,6.194038849117327050e-01
1.952806422265577829e-03,-6.194308844161741101e-01,-6.192815283243594537e-01,1.000148298970089833e+00,-6.193992020065276494e-01,2.000197731960120073e+00,-6.193992027228433228e-01,6.194058844161740573e-01
1.956806422265579878e-03,-6.194328839206126869e-01,-6.192835274289784087e-01,1.000145783090610196e+00,-6.193992048717957832e-01,2.000194377454147077e+00,-6.193992055881156755e-01,6.194078839206126341e-01
1.960806422265582143e-03,-6.194348834250487101e-01,-6.192855265335939219e-01,1.000143267215362730e+00,-6.193992077370761296e-01,2.000191022953816677e+00,-6.193992084533990194e-01,6.194098834250486574e-01
1.964806422265584409e-03,-6.194368829294822909e-01,-6.192875256382069926e-01,1.000140751344347878e+00,-6.193992106023697986e-01,2.000187668459130208e+00,-6.193992113186954640e-01,6.194118829294822381e-01
1.968806422265586675e-03,-6.194388824339142063e-01,-6.192895247428183980e-01,1.000138235477566084e+00,-6.193992134676767902e-01,2.000184313970088112e+00,-6.193992141840057863e-01,6.194138824339141536e-01
1.972806422265588940e-03,-6.194408819383430131e-01,-6.192915238474271389e-01,1.000135719615018681e+00,-6.193992163329968825e-01,2.000180959486691279e+00,-6.193992170493296534e-01,6.194158819383429604e-01
1.976806422265591206e-03,-6.194428814427698216e-01,-6.192935229520337703e-01,1.000133203756703448e+00,-6.193992191983301865e-01,2.000177605008937931e+00,-6.193992199146667321e-01,6.194178814427697688e-01
1.980806422265593471e-03,-6.194448809471948536e-01,-6.192955220566384034e-01,1.000130687902619719e+00,-6.193992220636768131e-01,2.000174250536826293e+00,-6.193992227800158012e-01,6.194198809471948008e-01
1.984806422265595737e-03,-6.194468804516163329e-01,-6.192975211612393727e-01,1.000128172052770825e+00,-6.193992249290355412e-01,2.000170896070361248e+00,-6.193992256453784151e-01,6.194218804516162802e-01
1.988806422265598003e-03,-6.194488799560361469e-01,-6.192995202658391207e-01,1.000125656207154767e+00,-6.193992277944090352e-01,2.000167541609539690e+00,-6.193992285107549067e-01,6.194238799560360942e-01
1.992806422265600268e-03,-6.194508794604527413e-01,-6.193015193704352050e-01,1.000123140365771324e+00,-6.193992306597944086e-01,2.000164187154361617e+00,-6.193992313761431667e-01,6.194258794604526885e-01
1.996806422265602534e-03,-6.194528789648671152e-01,-6.193035184750296240e-01,1.000120624528621827e+00,-6.193992335251934378e-01,2.000160832704829250e+00,-6.193992342415461927e-01,6.194278789648670625e-01
2.000806422265604800e-03,-6.194548784692794907e-01,-6.193055175796216005e-01,1.000118108695704056e+00,-6.193992363906054566e-01,2.000157478260938593e+00,-6.193992371069610980e-01,6.194298784692794380e-01
2.004806422265607065e-03,-6.194568779736886466e-01,-6.193075166842108015e-01,1.000115592867019787e+00,-6.193992392560305760e-01,2.000154123822692753e+00,-6.193992399723894371e-01,6.194318779736885938e-01
2.008806422265609331e-03,-6.194588774780965812e-01,-6.193095157887976709e-01,1.000113077042569021e+00,-6.193992421214690181e-01,2.000150769390092176e+00,-6.193992428378313209e-01,6.194338774780965284e-01
2.012806422265611597e-03,-6.194608769825020733e-01,-6.193115148933832081e-01,1.000110561222350647e+00,-6.193992449869210049e-01,2.000147414963134196e+00,-6.193992457032868604e-01,6.194358769825020206e-01
2.016806422265613862e-03,-6.194628764869039017e-01,-6.193135139979641934e-01,1.000108045406366442e+00,-6.193992478523852041e-01,2.000144060541821922e+00,-6.193992485687543903e-01,6.194378764869038489e-01
2.020806422265616128e-03,-6.194648759913041758e-01,-6.193155131025447346e-01,1.000105529594613518e+00,-6.193992507178638363e-01,2.000140706126151358e+00,-6.193992514342356870e-01,6.194398759913041230e-01
2.024806422265618393e-03,-6.194668754957007861e-01,-6.193175122071213901e-01,1.000103013787095207e+00,-6.193992535833547919e-01,2.000137351716126943e+00,-6.193992542997300843e-01,6.194418754957007334e-01
2.028806422265620659e-03,-6.194688750000962862e-01,-6.193195113116956030e-01,1.000100497983811287e+00,-6.193992564488595143e-01,2.000133997311748235e+00,-6.193992571652386925e-01,6.194438750000962335e-01
2.032806422265622925e-03,-6.194708745044897880e-01,-6.193215104162693718e-01,1.000097982184757317e+00,-6.193992593143780034e-01,2.000130642913009460e+00,-6.193992600307601792e-01,6.194458745044897352e-01
2.036806422265625190e-03,-6.194728740088806251e-01,-6.193235095208396990e-01,1.000095466389936405e+00,-6.193992621799083720e-01,2.000127288519915503e+00,-6.193992628962938785e-01,6.194478740088805724e-01
2.040806422265627456e-03,-6.194748735132687978e-01,-6.193255086254074726e-01,1.000092950599349217e+00,-6.193992650454527293e-01,2.000123934132465475e+00,-6.193992657618412334e-01,6.194498735132687450e-01
2.044806422265629722e-03,-6.194768730176540839e-01,-6.193275077299723597e-01,1.000090434812995754e+00,-6.193992679110092991e-01,2.000120579750660710e+00,-6.193992686274016890e-01,6.194518730176540311e-01
2.048806422265631987e-03,-6.194788725220369274e-01,-6.193295068345352483e-01,1.000087919030874462e+00,-6.193992707765800798e-01,2.000117225374499430e+00,-6.193992714929752452e-01,6.194538725220368747e-01
2.052806422265634253e-03,-6.194808720264188828e-01,-6.193315059390964716e-01,1.000085403252986893e+00,-6.193992736421649603e-01,2.000113871003982524e+00,-6.193992743585635674e-01,6.194558720264188301e-01
2.056806422265636519e-03,-6.194828715307977296e-01,-6.193335050436550304e-01,1.000082887479331051e+00,-6.193992765077614981e-01,2.000110516639107772e+00,-6.193992772241641021e-01,6.194578715307976768e-01
2.060806422265638784e-03,-6.194848710351735788e-01,-6.193355041482108136e-01,1.000080371709907823e+00,-6.193992793733721358e-01,2.000107162279876949e+00,-6.193992800897768491e-01,6.194598710351735260e-01
2.064806422265641050e-03,-6.194868705395476516e-01,-6.193375032527643764e-01,1.000077855944719207e+00,-6.193992822389955411e-01,2.000103807926292276e+00,-6.193992829554043622e-01,6.194618705395475988e-01
2.068806422265643315e-03,-6.194888700439182827e-01,-6.193395023573151636e-01,1.000075340183763428e+00,-6.193992851046327131e-01,2.000100453578351534e+00,-6.193992858210447539e-01,6.194638700439182299e-01
2.072806422265645581e-03,-6.194908695482872485e-01,-6.193415014618637304e-01,1.000072824427041152e+00,-6.193992879702826526e-01,2.000097099236055165e+00,-6.193992886866990233e-01,6.194658695482871957e-01
2.076806422265647847e-03,-6.194928690526537718e-01,-6.193435005664096327e-01,1.000070308674549935e+00,-6.193992908359459149e-01,2.000093744899399617e+00,-6.193992915523648390e-01,6.194678690526537190e-01
2.080806422265650112e-03,-6.194948685570182967e-01,-6.193454996709537586e-01,1.000067792926292665e+00,-6.193992937016236100e-01,2.000090390568390664e+00,-6.193992944180454208e-01,6.194698685570182439e-01
2.084806422265652378e-03,-6.194968680613802681e-01,-6.193474987754949979e-01,1.000065277182268231e+00,-6.193992965673137396e-01,2.000087036243024308e+00,-6.193992972837384370e-01,6.194718680613802153e-01
2.088806422265654644e-03,-6.194988675657394639e-01,-6.193494978800344608e-01,1.000062761442475967e+00,-6.193992994330170809e-01,2.000083681923301437e+00,-6.193993001494452200e-01,6.194738675657394111e-01
2.092806422265656909e-03,-6.195008670700962172e-01,-6.193514969845707041e-01,1.000060245706917428e+00,-6.193993022987328567e-01,2.000080327609223385e+00,-6.193993030151649926e-01,6.194758670700961645e-01
2.096806422265659175e-03,-6.195028665744510832e-01,-6.193534960891051711e-01,1.000057729975591725e+00,-6.193993051644635095e-01,2.000076973300788818e+00,-6.193993058808984209e-01,6.194778665744510304e-01
2.100806422265661440e-03,-6.195048660788035066e-01,-6.193554951936378616e-01,1.000055214248498636e+00,-6.193993080302068188e-01,2.000073618997998182e+00,-6.193993087466456160e-01,6.194798660788034539e-01
2.104806422265663706e-03,-6.195068655831529325e-01,-6.193574942981669995e-01,1.000052698525638384e+00,-6.193993108959631178e-01,2.000070264700851030e+00,-6.193993116124049125e-01,6.194818655831528798e-01
2.108806422265665972e-03,-6.195088650875008041e-01,-6.193594934026938059e-01,1.000050182807011634e+00,-6.193993137617328504e-01,2.000066910409349141e+00,-6.193993144781780869e-01,6.194838650875007513e-01
2.112806422265668237e-03,-6.195108645918460111e-01,-6.193614925072189470e-01,1.000047667092617720e+00,-6.193993166275172380e-01,2.000063556123490294e+00,-6.193993173439650279e-01,6.194858645918459583e-01
2.116806422265670503e-03,-6.195128640961884425e-01,-6.193634916117416456e-01,1.000045151382456199e+00,-6.193993194933127278e-01,2.000060201843274932e+00,-6.193993202097651807e-01,6.194878640961883898e-01
2.120806422265672769e-03,-6.195148636005280984e-01,-6.193654907162606804e-01,1.000042635676528846e+00,-6.193993223591226505e-01,2.000056847568705276e+00,-6.193993230755782120e-01,6.194898636005280457e-01
2.124806422265675034e-03,-6.195168631048655339e-01,-6.193674898207776058e-01,1.000040119974832997e+00,-6.193993252249457848e-01,2.000053493299777330e+00,-6.193993259414037889e-01,6.194918631048654811e-01
2.128806422265677300e-03,-6.195188626092010820e-01,-6.193694889252929769e-01,1.000037604277371095e+00,-6.193993280907822419e-01,2.000050139036495089e+00,-6.193993288072445758e-01,6.194938626092010292e-01
2.132806422265679566e-03,-6.195208621135338545e-01,-6.193714880298057945e-01,1.000035088584142029e+00,-6.193993309566332428e-01,2.000046784778855891e+00,-6.193993316730984633e-01,6.194958621135338017e-01
2.136806422265681831e-03,-6.195228616178642955e-01,-6.193734871343158366e-01,1.000032572895145133e+00,-6.193993338224957901e-01,2.000043430526860622e+00,-6.193993345389645633e-01,6.194978616178642428e-01
2.140806422265684097e-03,-6.195248611221926271e-01,-6.193754862388237692e-01,1.000030057210382184e+00,-6.193993366883734364e-01,2.000040076280509727e+00,-6.193993374048453182e-01,6.194998611221925744e-01
2.144806422265686362e-03,-6.195268606265176281e-01,-6.193774853433290373e-01,1.000027541529850295e+00,-6.193993395542624070e-01,2.000036722039800097e+00,-6.193993402707377305e-01,6.195018606265175753e-01
2.148806422265688628e-03,-6.195288601308409637e-01,-6.193794844478317518e-01,1.000025025853553240e+00,-6.193993424201664766e-01,2.000033367804737949e+00,-6.193993431366450197e-01,6.195038601308409110e-01
2.152806422265690894e-03,-6.195308596351621899e-01,-6.193814835523325790e-01,1.000022510181489022e+00,-6.193993452860837579e-01,2.000030013575318844e+00,-6.193993460025660758e-01,6.195058596351621372e-01
2.156806422265693159e-03,-6.195328591394798634e-01,-6.193834826568297425e-01,1.000019994513656751e+00,-6.193993481520136957e-01,2.000026659351542335e+00,-6.193993488684983451e-01,6.195078591394798107e-01
2.160806422265695425e-03,-6.195348586437972038e-01,-6.193854817613269059e-01,1.000017478850056873e+00,-6.193993510179575113e-01,2.000023305133408869e+00,-6.193993517344460464e-01,6.195098586437971511e-01
2.164806422265697691e-03,-6.195368581481115466e-01,-6.193874808658211828e-01,1.000014963190689610e+00,-6.193993538839144275e-01,2.000019950920919776e+00,-6.193993546004067374e-01,6.195118581481114939e-01
2.168806422265699956e-03,-6.195388576524230029e-01,-6.193894799703117959e-01,1.000012447535556070e+00,-6.193993567498851105e-01,2.000016596714075057e+00,-6.193993574663799739e-01,6.195138576524229501e-01
2.172806422265702222e-03,-6.195408571567319056e-01,-6.193914790748007437e-01,1.000009931884654479e+00,-6.193993596158685611e-01,2.000013242512872935e+00,-6.193993603323668662e-01,6.195158571567318528e-01
2.176806422265704487e-03,-6.195428566610379217e-01,-6.193934781792864719e-01,1.000007416237986613e+00,-6.193993624818650012e-01,2.000009888317315632e+00,-6.193993631983670811e-01,6.195178566610378690e-01
2.180806422265706753e-03,-6.195448561653422725e-01,-6.193954772837702016e-01,1.000004900595552915e+00,-6.193993653478758743e-01,2.000006534127403590e+00,-6.193993660643819510e-01,6.195198561653422198e-01
2.184806422265709019e-03,-6.195468556696437368e-01,-6.193974763882514889e-01,1.000002384957351165e+00,-6.193993682139007362e-01,2.000003179943134590e+00,-6.193993689304096995e-01,6.195218556696436840e-01
2.188806422265711284e-03,-6.195488551739433136e-01,-6.193994754927303337e-01,9.999998693233824731e-01,-6.193993710799388097e-01,1.999999825764509964e+00,-6.193993717964508816e-01,6.195238551739432609e-01
2.192806422265713550e-03,-6.195508546782404480e-01,-6.194014745972072911e-01,9.999973536936458407e-01,-6.193993739459894288e-01,1.999996471591527714e+00,-6.193993746625051644e-01,6.195258546782403952e-01
2.196806422265715816e-03,-6.195528541825345847e-01,-6.194034737016815839e-01,9.999948380681417115e-01,-6.193993768120537036e-01,1.999993117424188949e+00,-6.193993775285727699e-01,6.195278541825345320e-01
2.200806422265718081e-03,-6.195548536868260570e-01,-6.194054728061522130e-01,9.999923224468724170e-01,-6.193993796781318562e-01,1.999989763262496556e+00,-6.193993803946540311e-01,6.195298536868260042e-01
2.204806422265720347e-03,-6.195568531911155308e-01,-6.194074719106221760e-01,9.999898068298337384e-01,-6.193993825442233314e-01,1.999986409106444984e+00,-6.193993832607486150e-01,6.195318531911154780e-01
2.208806422265722613e-03,-6.195588526954024511e-01,-6.194094710150891414e-01,9.999872912170293393e-01,-6.193993854103284624e-01,1.999983054956039119e+00,-6.193993861268572987e-01,6.195338526954023983e-01
2.212806422265724878e-03,-6.195608521996875950e-01,-6.194114701195536643e-01,9.999847756084577766e-01,-6.193993882764472492e-01,1.999979700811276961e+00,-6.193993889929794161e-01,6.195358521996875423e-01
2.216806422265727144e-03,-6.195628517039702965e-01,-6.194134692240160778e-01,9.999822600041168297e-01,-6.193993911425782484e-01,1.999976346672155625e+00,-6.193993918591135239e-01,6.195378517039702437e-01
2.220806422265729409e-03,-6.195648512082500003e-01,-6.194154683284756047e-01,9.999797444040107175e-01,-6.193993940087229033e-01,1.999972992538681105e+00,-6.193993947252623977e-01,6.195398512082499476e-01
2.224806422265731675e-03,-6.195668507125283719e-01,-6.194174674329331332e-01,9.999772288081373306e-01,-6.193993968748816581e-01,1.999969638410849848e+00,-6.193993975914245942e-01,6.195418507125283192e-01
2.228806422265733941e-03,-6.195688502168041900e-01,-6.194194665373889963e-01,9.999747132164962249e-01,-6.193993997410551788e-01,1.999966284288661633e+00,-6.193994004576011125e-01,6.195438502168041373e-01
2.232806422265736206e-03,-6.195708497210768995e-01,-6.194214656418416398e-01,9.999721976290870673e-01,-6.193994026072402459e-01,1.999962930172116016e+00,-6.193994033237893992e-01,6.195458497210768467e-01
2.236806422265738472e-03,-6.195728492253477215e-01,-6.194234647462913967e-01,9.999696820459132995e-01,-6.193994054734398569e-01,1.999959576061217659e+00,-6.193994061899928960e-01,6.195478492253476688e-01
2.240806422265740738e-03,-6.195748487296164342e-01,-6.194254638507398214e-01,9.999671664669693705e-01,-6.193994083396525685e-01,1.999956221955959235e+00,-6.193994090562084942e-01,6.195498487296163814e-01
2.244806422265743003e-03,-6.195768482338823713e-01,-6.194274629551858036e-01,9.999646508922593879e-01,-6.193994112058794910e-01,1.999952867856346073e+00,-6.193994119224387473e-01,6.195518482338823185e-01
2.248806422265745269e-03,-6.195788477381460879e-01,-6.194294620596286771e-01,9.999621353217813535e-01,-6.193994140721185149e-01,1.999949513762375286e+00,-6.193994147886807689e-01,6.195538477381460352e-01
2.252806422265747534e-03,-6.195808472424071400e-01,-6.194314611640701074e-01,9.999596197555378208e-01,-6.193994169383723047e-01,1.999946159674050428e+00,-6.193994176549385555e-01,6.195558472424070873e-01
2.256806422265749800e-03,-6.195828467466656386e-01,-6.194334602685084290e-01,9.999571041935251259e-01,-6.193994198046389732e-01,1.999942805591367057e+00,-6.193994205212081106e-01,6.195578467466655859e-01
2.260806422265752066e-03,-6.195848462509214727e-01,-6.194354593729440861e-01,9.999545886357472657e-01,-6.193994226709191864e-01,1.999939451514329614e+00,-6.193994233874920985e-01,6.195598462509214199e-01
2.264806422265754331e-03,-6.195868457551755304e-01,-6.194374584773775227e-01,9.999520730822011316e-01,-6.193994255372138324e-01,1.999936097442934768e+00,-6.193994262537894091e-01,6.195618457551754776e-01
2.268806422265756597e-03,-6.195888452594272566e-01,-6.194394575818084059e-01,9.999495575328896102e-01,-6.193994284035212461e-01,1.999932743377186295e+00,-6.193994291201011526e-01,6.195638452594272039e-01
2.272806422265758863e-03,-6.195908447636757632e-01,-6.194414566862372906e-01,9.999470419878079275e-01,-6.193994312698418714e-01,1.999929389317077089e+00,-6.193994319864248865e-01,6.195658447636757105e-01
2.276806422265761128e-03,-6.195928442679220494e-01,-6.194434557906630667e-01,9.999445264469615235e-01,-6.193994341361762634e-01,1.999926035262615365e+00,-6.193994348527633864e-01,6.195678442679219966e-01
2.280806422265763394e-03,-6.195948437721661151e-01,-6.194454548950870665e-01,9.999420109103458465e-01,-6.193994370025247553e-01,1.999922681213794462e+00,-6.193994377191142098e-01,6.195698437721660623e-01
2.284806422265765660e-03,-6.195968432764066280e-01,-6.194474539995074025e-01,9.999394953779657813e-01,-6.193994398688867919e-01,1.999919327170621042e+00,-6.193994405854799101e-01,6.195718432764065753e-01
2.288806422265767925e-03,-6.195988427806468080e-01,-6.194494531039270724e-01,9.999369798498166650e-01,-6.193994427352623733e-01,1.999915973133088887e+00,-6.193994434518591552e-01,6.195738427806467552e-01
2.292806422265770191e-03,-6.196008422848845454e-01,-6.194514522083440777e-01,9.999344643258988308e-01,-6.193994456016516104e-01,1.999912619101198441e+00,-6.193994463182507237e-01,6.195758422848844926e-01
2.296806422265772456e-03,-6.196028417891188411e-01,-6.194534513127591957e-01,9.999319488062140548e-01,-6.193994484680532819e-01,1.999909265074952147e+00,-6.193994491846566142e-01,6.195778417891187884e-01
2.300806422265774722e-03,-6.196048412933518046e-01,-6.194554504171710940e-01,9.999294332907643357e-01,-6.193994513344701636e-01,1.999905911054352670e+00,-6.193994520510772706e-01,6.195798412933517518e-01
2.304806422265776988e-03,-6.196068407975821035e-01,-6.194574495215812160e-01,9.999269177795446772e-01,-6.193994542008997017e-01,1.999902557039392903e+00,-6.193994549175100284e-01,6.195818407975820508e-01
2.308806422265779253e-03,-6.196088403018090718e-01,-6.194594486259883404e-01,9.999244022725584102e-01,-6.193994570673430067e-01,1.999899203030077732e+00,-6.193994577839562199e-01,6.195838403018090190e-01
2.312806422265781519e-03,-6.196108398060338196e-01,-6.194614477303924671e-01,9.999218867698075330e-01,-6.193994599338005225e-01,1.999895849026410044e+00,-6.193994606504175104e-01,6.195858398060337668e-01
2.316806422265783785e-03,-6.196128393102566800e-01,-6.194634468347951506e-01,9.999193712712868276e-01,-6.193994628002706948e-01,1.999892495028382511e+00,-6.193994635168913465e-01,6.195878393102566273e-01
2.320806422265786050e-03,-6.196148388144773200e-01,-6.194654459391956136e-01,9.999168557769986254e-01,-6.193994656667546339e-01,1.999889141035998241e+00,-6.193994663833788383e-01,6.195898388144772673e-01
2.324806422265788316e-03,-6.196168383186948514e-01,-6.194674450435924129e-01,9.999143402869441477e-01,-6.193994685332522288e-01,1.999885787049259012e+00,-6.193994692498793198e-01,6.195918383186947986e-01
2.328806422265790581e-03,-6.196188378229097182e-01,-6.194694441479872138e-01,9.999118248011228394e-01,-6.193994713997639234e-01,1.999882433068163934e+00,-6.193994721163943451e-01,6.195938378229096655e-01
2.332806422265792847e-03,-6.196208373271228087e-01,-6.194714432523794612e-01,9.999093093195344784e-01,-6.193994742662890518e-01,1.999879079092712786e+00,-6.193994749829232482e-01,6.195958373271227559e-01
2.336806422265795113e-03,-6.196228368313329016e-01,-6.194734423567695991e-01,9.999067938421783985e-01,-6.193994771328277249e-01,1.999875725122904679e+00,-6.193994778494653630e-01,6.195978368313328488e-01
2.340806422265797378e-03,-6.196248363355417732e-01,-6.194754414611578497e-01,9.999042783690545999e-01,-6.193994799993806089e-01,1.999872371158739393e+00,-6.193994807160215776e-01,6.195998363355417204e-01
2.344806422265799644e-03,-6.196268358397484244e-01,-6.194774405655445459e-01,9.999017629001629714e-01,-6.193994828659478147e-01,1.999869017200217369e+00,-6.193994835825915590e-01,6.196018358397483716e-01
2.348806422265801910e-03,-6.196288353439521890e-01,-6.194794396699285777e-01,9.998992474355034021e-01,-6.193994857325268999e-01,1.999865663247337721e+00,-6.193994864491746410e-01,6.196038353439521362e-01
2.350057972265623494e-03,-6.196294609638242079e-01,-6.194800651647001111e-01,9.998984603789258241e-01,-6.193994845797914373e-01,1.999864613838567617e+00,-6.193994873460917372e-01,6.196044609638241552e-01
2.353796422265612247e-03,-6.196313297254438801e-01,-6.194819335526441373e-01,9.998961093992745353e-01,-6.193994891654740487e-01,1.999861479199032788e+00,-6.193994900252561830e-01,6.196063297254438273e-01
2.357796422265614512e-03,-6.196333292296419826e-01,-6.194839326570222848e-01,9.998935939441286891e-01,-6.193994920956484851e-01,1.999858125258838104e+00,-6.193994928918701293e-01,6.196083292296419298e-01
2.360020377734375029e-03,-6.196344409317153801e-01,-6.194850441368000560e-01,9.998921953809035701e-01,-6.193994936913140847e-01,1.999856260507871353e+00,-6.193994944856783258e-01,6.196094409317153273e-01
2.362606422265655769e-03,-6.196357336334362698e-01,-6.194863365800323818e-01,9.998905691149234665e-01,-6.193994956165261856e-01,1.999854092153231289e+00,-6.193994963389918285e-01,6.196107336334362170e-01
2.366606422265658035e-03,-6.196377331376297093e-01,-6.194883356844053113e-01,9.998880536690992749e-01,-6.193994984888674393e-01,1.999850738225465774e+00,-6.193994992056355287e-01,6.196127331376296565e-01
2.370606422265660301e-03,-6.196397326418201512e-01,-6.194903347887756873e-01,9.998855382275082526e-01,-6.193995013556250484e-01,1.999847384303344189e+00,-6.193995020722928846e-01,6.196147326418200985e-01
2.374606422265662566e-03,-6.196417321460080396e-01,-6.194923338931432877e-01,9.998830227901513990e-01,-6.193995042222948388e-01,1.999844030386868754e+00,-6.193995049389645624e-01,6.196167321460079869e-01
2.378606422265664832e-03,-6.196437316501935966e-01,-6.194943329975085566e-01,9.998805073570260493e-01,-6.193995070889759536e-01,1.999840676476034806e+00,-6.193995078056493409e-01,6.196187316501935438e-01
2.380015693207375698e-03,-6.194882940768943191e-01,-6.194941193126652923e-01,9.998796225645897318e-01,-6.193995046934924753e-01,1.999839496752786383e+00,-6.193985919154713082e-01,6.194632940768942664e-01
2.382473778190105640e-03,-6.193994973535370541e-01,-6.192713992913579935e-01,1.000042191916267864e+00,-6.193009603752757108e-01,2.000056255888357004e+00,-6.193048808501829816e-01,6.193744973535370013e-01
2.386473778190107906e-03,-6.193994970413827517e-01,-6.192510217231183001e-01,1.000175906765263134e+00,-6.193789765321920937e-01,2.000234542353684031e+00,-6.193906019730052170e-01,6.193744970413826989e-01
2.390012999999999860e-03,-6.193994968209957097e-01,-6.192506575031604399e-01,1.000185507177410393e+00,-6.193965609579190623e-01,2.000247342903214154e+00,-6.193978546626233150e-01,6.193744968209956570e-01
2.391406422265655168e-03,-6.194001920813426709e-01,-6.192509686174351158e-01,1.000185848138307909e+00,-6.193978046813418681e-01,2.000247797517743731e+00,-6.193984362714630709e-01,6.193751920813426182e-01
2.395406422265657434e-03,-6.194021915858164418e-01,-6.192528435156386957e-01,1.000184335632249510e+00,-6.193990166269817133e-01,2.000245780842999643e+00,-6.193991110515351117e-01,6.193771915858163890e-01
2.399406422265659700e-03,-6.194041910902897685e-01,-6.192548403773140420e-01,1.000181883671286132e+00,-6.193991553465983957e-01,2.000242511561714842e+00,-6.193991624341108615e-01,6.193791910902897158e-01
2.403406422265661965e-03,-6.194061905947612079e-01,-6.192568394414608157e-01,1.000179370273725166e+00,-6.193991662664170006e-01,2.000239160364966740e+00,-6.193991672726697484e-01,6.193811905947611551e-01
2.407406422265664231e-03,-6.194081900992280953e-01,-6.192588385453765554e-01,1.000176854422804018e+00,-6.193991694742833065e-01,2.000235805897072172e+00,-6.193991702011829581e-01,6.193831900992280426e-01
2.411406422265666497e-03,-6.194101896036944277e-01,-6.192608376500089440e-01,1.000174338497551441e+00,-6.193991723514733483e-01,2.000232451330068439e+00,-6.193991730680956653e-01,6.193851896036943749e-01
2.415406422265668762e-03,-6.194121891081582065e-01,-6.192628367546524348e-01,1.000171822574316582e+00,-6.193991752169819565e-01,2.000229096765755443e+00,-6.193991759332774238e-01,6.193871891081581538e-01
2.419406422265671028e-03,-6.194141886126185437e-01,-6.192648358592925950e-01,1.000169306655259271e+00,-6.193991780821380688e-01,2.000225742207012658e+00,-6.193991787984272079e-01,6.193891886126184909e-01
2.423406422265673293e-03,-6.194161881170777706e-01,-6.192668349639309788e-01,1.000166790740432576e+00,-6.193991809472968457e-01,2.000222387653910250e+00,-6.193991816635887604e-01,6.193911881170777178e-01
2.427406422265675559e-03,-6.194181876215342220e-01,-6.192688340685675863e-01,1.000164274829838718e+00,-6.193991838124681681e-01,2.000219033106451771e+00,-6.193991845287637465e-01,6.193931876215341692e-01
2.431406422265677825e-03,-6.194201871259881198e-01,-6.192708331732009741e-01,1.000161758923477029e+00,-6.193991866776524802e-01,2.000215678564635891e+00,-6.193991873939503900e-01,6.193951871259880670e-01
2.435406422265680090e-03,-6.194221866304397972e-01,-6.192728322778318084e-01,1.000159243021350619e+00,-6.193991895428490047e-01,2.000212324028467492e+00,-6.193991902591512444e-01,6.193971866304397444e-01
2.439406422265682356e-03,-6.194241861348879219e-01,-6.192748313824603112e-01,1.000156727123457268e+00,-6.193991924080605171e-01,2.000208969497943023e+00,-6.193991931243656435e-01,6.193991861348878691e-01
2.443406422265684622e-03,-6.194261856393343812e-01,-6.192768304870862606e-01,1.000154211229795420e+00,-6.193991952732840200e-01,2.000205614973060264e+00,-6.193991959895918109e-01,6.194011856393343285e-01
2.447406422265686887e-03,-6.194281851437788422e-01,-6.192788295917107666e-01,1.000151695340367963e+00,-6.193991981385206236e-01,2.000202260453823655e+00,-6.193991988548327443e-01,6.194031851437787894e-01
2.451406422265689153e-03,-6.194301846482204166e-01,-6.192808286963319420e-01,1.000149179455173787e+00,-6.193992010037712159e-01,2.000198905940231420e+00,-6.193992017200862232e-01,6.194051846482203638e-01
2.455406422265691418e-03,-6.194321841526601036e-01,-6.192828278009507859e-01,1.000146663574212003e+00,-6.193992038690335766e-01,2.000195551432282670e+00,-6.193992045853524697e-01,6.194071841526600508e-01
2.459406422265693684e-03,-6.194341836570983473e-01,-6.192848269055685195e-01,1.000144147697482389e+00,-6.193992067343100372e-01,2.000192196929976518e+00,-6.193992074506322609e-01,6.194091836570982945e-01
2.463406422265695950e-03,-6.194361831615329272e-01,-6.192868260101830336e-01,1.000141631824986055e+00,-6.193992095996000424e-01,2.000188842433314296e+00,-6.193992103159242646e-01,6.194111831615328745e-01
2.467406422265698215e-03,-6.194381826659655088e-01,-6.192888251147954382e-01,1.000139115956721669e+00,-6.193992124649017050e-01,2.000185487942295559e+00,-6.193992131812295909e-01,6.194131826659654561e-01
2.471406422265700481e-03,-6.194401821703954258e-01,-6.192908242194050672e-01,1.000136600092692785e+00,-6.193992153302168013e-01,2.000182133456923417e+00,-6.193992160465489061e-01,6.194151821703953731e-01
2.475406422265702747e-03,-6.194421816748231224e-01,-6.192928233240116986e-01,1.000134084232896292e+00,-6.193992181955451093e-01,2.000178778977195204e+00,-6.193992189118804337e-01,6.194171816748230697e-01
2.479406422265705012e-03,-6.194441811792482655e-01,-6.192948224286171088e-01,1.000131568377332414e+00,-6.193992210608884053e-01,2.000175424503110033e+00,-6.193992217772260611e-01,6.194191811792482127e-01
2.483406422265707278e-03,-6.194461806836709661e-01,-6.192968215332194104e-01,1.000129052526000928e+00,-6.193992239262423594e-01,2.000172070034667904e+00,-6.193992246425836790e-01,6.194211806836709133e-01
2.487406422265709544e-03,-6.194481801880914462e-01,-6.192988206378197136e-01,1.000126536678903610e+00,-6.193992267916106353e-01,2.000168715571871481e+00,-6.193992275079553966e-01,6.194231801880913935e-01
2.491406422265711809e-03,-6.194501796925097059e-01,-6.193008197424177963e-01,1.000124020836038907e+00,-6.193992296569922340e-01,2.000165361114718099e+00,-6.193992303733403260e-01,6.194251796925096532e-01
2.495406422265714075e-03,-6.194521791969248570e-01,-6.193028188470125484e-01,1.000121504997406374e+00,-6.193992325223857121e-01,2.000162006663208647e+00,-6.193992332387369126e-01,6.194271791969248042e-01
2.499406422265716340e-03,-6.194541787013371215e-01,-6.193048179516044138e-01,1.000118989163009120e+00,-6.193992353877935120e-01,2.000158652217345345e+00,-6.193992361041479322e-01,6.194291787013370687e-01
2.503406422265718606e-03,-6.194561782057486088e-01,-6.193068170561952801e-01,1.000116473332844036e+00,-6.193992382532148566e-01,2.000155297777125529e+00,-6.193992389695726075e-01,6.194311782057485560e-01
2.507406422265720872e-03,-6.194581777101569875e-01,-6.193088161607832598e-01,1.000113957506910234e+00,-6.193992411186484137e-01,2.000151943342546978e+00,-6.193992418350089402e-01,6.194331777101569347e-01
2.511406422265723137e-03,-6.194601772145625906e-01,-6.193108152653684639e-01,1.000111441685211711e+00,-6.193992439840950714e-01,2.000148588913615910e+00,-6.193992447004599278e-01,6.194351772145625379e-01
2.515406422265725403e-03,-6.194621767189654182e-01,-6.193128143699512256e-01,1.000108925867745580e+00,-6.193992468495559400e-01,2.000145234490327439e+00,-6.193992475659233499e-01,6.194371767189653655e-01
2.519406422265727669e-03,-6.194641762233665805e-01,-6.193148134745322109e-01,1.000106410054512507e+00,-6.193992497150297982e-01,2.000141880072683787e+00,-6.193992504314005387e-01,6.194391762233665277e-01
2.523406422265729934e-03,-6.194661757277641900e-01,-6.193168125791099765e-01,1.000103894245510938e+00,-6.193992525805156468e-01,2.000138525660680955e+00,-6.193992532968892739e-01,6.194411757277641373e-01
2.527406422265732200e-03,-6.194681752321600232e-01,-6.193188116836848556e-01,1.000101378440745314e+00,-6.193992554460149291e-01,2.000135171254326938e+00,-6.193992561623931081e-01,6.194431752321599705e-01
2.531406422265734465e-03,-6.194701747365545241e-01,-6.193208107882592905e-01,1.000098862640211195e+00,-6.193992583115290884e-01,2.000131816853614630e+00,-6.193992590279104871e-01,6.194451747365544714e-01
2.535406422265736731e-03,-6.194721742409459164e-01,-6.193228098928301728e-01,1.000096346843908579e+00,-6.193992611770549050e-01,2.000128462458544476e+00,-6.193992618934391903e-01,6.194471742409458637e-01
2.539406422265738997e-03,-6.194741737453345332e-01,-6.193248089973985016e-01,1.000093831051841020e+00,-6.193992640425945995e-01,2.000125108069121360e+00,-6.193992647589823264e-01,6.194491737453344804e-01
2.543406422265741262e-03,-6.194761732497211515e-01,-6.193268081019650539e-01,1.000091315264004965e+00,-6.193992669081471725e-01,2.000121753685339954e+00,-6.193992676245382301e-01,6.194511732497210987e-01
2.547406422265743528e-03,-6.194781727541048832e-01,-6.193288072065287198e-01,1.000088799480403301e+00,-6.193992697737137343e-01,2.000118399307204253e+00,-6.193992704901080115e-01,6.194531727541048305e-01
2.551406422265745794e-03,-6.194801722584871717e-01,-6.193308063110903872e-01,1.000086283701034029e+00,-6.193992726392928416e-01,2.000115044934712039e+00,-6.193992733556910046e-01,6.194551722584871190e-01
2.555406422265748059e-03,-6.194821717628670177e-01,-6.193328054156495011e-01,1.000083767925896039e+00,-6.193992755048850496e-01,2.000111690567861533e+00,-6.193992762212858771e-01,6.194571717628669649e-01
2.559406422265750325e-03,-6.194841712672448653e-01,-6.193348045202071717e-01,1.000081252154991551e+00,-6.193992783704906913e-01,2.000108336206655402e+00,-6.193992790868951825e-01,6.194591712672448125e-01
2.563406422265752591e-03,-6.194861707716194932e-01,-6.193368036247621777e-01,1.000078736388321010e+00,-6.193992812361107658e-01,2.000104981851094532e+00,-6.193992819525181437e-01,6.194611707716194404e-01
2.567406422265754856e-03,-6.194881702759914566e-01,-6.193388027293136311e-01,1.000076220625882195e+00,-6.193992841017423867e-01,2.000101627501176260e+00,-6.193992848181525401e-01,6.194631702759914038e-01
2.571406422265757122e-03,-6.194901697803613105e-01,-6.193408018338630860e-01,1.000073704867677993e+00,-6.193992869673877744e-01,2.000098273156904138e+00,-6.193992876838018136e-01,6.194651697803612578e-01
2.575406422265759387e-03,-6.194921692847291661e-01,-6.193428009384104316e-01,1.000071189113705739e+00,-6.193992898330469288e-01,2.000094918818274614e+00,-6.193992905494638546e-01,6.194671692847291133e-01
2.579406422265761653e-03,-6.194941687890943571e-01,-6.193448000429552236e-01,1.000068673363966543e+00,-6.193992926987188508e-01,2.000091564485289020e+00,-6.193992934151393293e-01,6.194691687890943044e-01
2.583406422265763919e-03,-6.194961682934566616e-01,-6.193467991474970180e-01,1.000066157618461071e+00,-6.193992955644036513e-01,2.000088210157948243e+00,-6.193992962808275715e-01,6.194711682934566088e-01
2.587406422265766184e-03,-6.194981677978174117e-01,-6.193487982520373691e-01,1.000063641877187770e+00,-6.193992984301027738e-01,2.000084855836250508e+00,-6.193992991465301357e-01,6.194731677978173590e-01
2.591406422265768450e-03,-6.195001673021748312e-01,-6.193507973565752778e-01,1.000061126140147527e+00,-6.193993012958146638e-01,2.000081501520196703e+00,-6.193993020122456894e-01,6.194751673021747784e-01
2.595406422265770716e-03,-6.195021668065302523e-01,-6.193527964611100778e-01,1.000058610407340565e+00,-6.193993041615399875e-01,2.000078147209787272e+00,-6.193993048779741217e-01,6.194771668065301995e-01
2.599406422265772981e-03,-6.195041663108827867e-01,-6.193547955656426574e-01,1.000056094678767105e+00,-6.193993070272788559e-01,2.000074792905022658e+00,-6.193993077437165429e-01,6.194791663108827340e-01
2.603406422265775247e-03,-6.195061658152334338e-01,-6.193567946701725724e-01,1.000053578954426703e+00,-6.193993098930301588e-01,2.000071438605901974e+00,-6.193993106094717316e-01,6.194811658152333811e-01
2.607406422265777513e-03,-6.195081653195819715e-01,-6.193587937747008221e-01,1.000051063234317583e+00,-6.193993127587961167e-01,2.000068084312423444e+00,-6.193993134752403540e-01,6.194831653195819188e-01
2.611406422265779778e-03,-6.195101648239276226e-01,-6.193607928792261852e-01,1.000048547518442410e+00,-6.193993156245748422e-01,2.000064730024589732e+00,-6.193993163410221880e-01,6.194851648239275699e-01
2.615406422265782044e-03,-6.195121643282708312e-01,-6.193627919837497720e-01,1.000046031806799629e+00,-6.193993184903670013e-01,2.000061375742399505e+00,-6.193993192068176779e-01,6.194871643282707785e-01
2.619406422265784309e-03,-6.195141638326120415e-01,-6.193647910882703611e-01,1.000043516099389462e+00,-6.193993213561718170e-01,2.000058021465852764e+00,-6.193993220726257132e-01,6.194891638326119887e-01
2.623406422265786575e-03,-6.195161633369496990e-01,-6.193667901927878416e-01,1.000041000396213686e+00,-6.193993242219903994e-01,2.000054667194951730e+00,-6.193993249384474042e-01,6.194911633369496462e-01
2.627406422265788841e-03,-6.195181628412864683e-01,-6.193687892973038789e-01,1.000038484697270746e+00,-6.193993270878225266e-01,2.000051312929694625e+00,-6.193993278042835282e-01,6.194931628412864155e-01
2.631406422265791106e-03,-6.195201623456206841e-01,-6.193707884018173626e-01,1.000035969002558645e+00,-6.193993299536679764e-01,2.000047958670077897e+00,-6.193993306701311985e-01,6.194951623456206313e-01
2.635406422265793372e-03,-6.195221618499522354e-01,-6.193727875063291810e-01,1.000033453312080045e+00,-6.193993328195258607e-01,2.000044604416106431e+00,-6.193993335359935237e-01,6.194971618499521826e-01
2.639406422265795638e-03,-6.195241613542816772e-01,-6.193747866108382238e-01,1.000030937625834060e+00,-6.193993356853985111e-01,2.000041250167778450e+00,-6.193993364018683945e-01,6.194991613542816244e-01
2.643406422265797903e-03,-6.195261608586080104e-01,-6.193767857153442691e-01,1.000028421943822909e+00,-6.193993385512837069e-01,2.000037895925097065e+00,-6.193993392677579202e-01,6.195011608586079577e-01
2.647406422265800169e-03,-6.195281603629322342e-01,-6.193787848198477608e-01,1.000025906266043929e+00,-6.193993414171826695e-01,2.000034541688058276e+00,-6.193993421336598804e-01,6.195031603629321815e-01
2.651406422265802434e-03,-6.195301598672546817e-01,-6.193807839243498092e-01,1.000023390592497341e+00,-6.193993442830948437e-01,2.000031187456662973e+00,-6.193993449995759404e-01,6.195051598672546289e-01
2.655406422265804700e-03,-6.195321593715724662e-01,-6.193827830288468617e-01,1.000020874923184921e+00,-6.193993471490197855e-01,2.000027833230912933e+00,-6.193993478655035467e-01,6.195071593715724134e-01
2.659406422265806966e-03,-6.195341588758902507e-01,-6.193847821333448023e-01,1.000018359258104450e+00,-6.193993500149600484e-01,2.000024479010805933e+00,-6.193993507314472513e-01,6.195091588758901979e-01
2.663406422265809231e-03,-6.195361583802061478e-01,-6.193867812378404114e-01,1.000015843597254817e+00,-6.193993528809121907e-01,2.000021124796340199e+00,-6.193993535974028353e-01,6.195111583802060951e-01
2.667406422265811497e-03,-6.195381578845180481e-01,-6.193887803423324678e-01,1.000013327940639130e+00,-6.193993557468778777e-01,2.000017770587519284e+00,-6.193993564633714088e-01,6.195131578845179954e-01
2.671406422265813763e-03,-6.195401573888281721e-01,-6.193907794468221928e-01,1.000010812288256501e+00,-6.193993586128567763e-01,2.000014416384342297e+00,-6.193993593293537492e-01,6.195151573888281193e-01
2.675406422265816028e-03,-6.195421568931357426e-01,-6.193927785513103634e-01,1.000008296640107153e+00,-6.193993614788496638e-01,2.000011062186809241e+00,-6.193993621953507445e-01,6.195171568931356898e-01
2.679406422265818294e-03,-6.195441563974400934e-01,-6.193947776557934271e-01,1.000005780996191973e+00,-6.193993643448549857e-01,2.000007707994922779e+00,-6.193993650613596191e-01,6.195191563974400406e-01
2.683406422265820560e-03,-6.195461559017438891e-01,-6.193967767602768237e-01,1.000003265356507853e+00,-6.193993672108746296e-01,2.000004353808676694e+00,-6.193993679273827047e-01,6.195211559017438363e-01
2.687406422265822825e-03,-6.195481554060439100e-01,-6.193987758647570008e-01,1.000000749721057236e+00,-6.193993700769081512e-01,2.000000999628076759e+00,-6.193993707934194459e-01,6.195231554060438572e-01
2.691406422265825091e-03,-6.195501549103421546e-01,-6.194007749692345133e-01,9.999982340898386779e-01,-6.193993729429537742e-01,1.999997645453118311e+00,-6.193993736594685107e-01,6.195251549103421018e-01
2.695406422265827356e-03,-6.195521544146382897e-01,-6.194027740737110266e-01,9.999957184628532891e-01,-6.193993758090149404e-01,1.999994291283804237e+00,-6.193993765255326744e-01,6.195271544146382370e-01
2.699406422265829622e-03,-6.195541539189307612e-01,-6.194047731781826549e-01,9.999932028401008477e-01,-6.193993786750868757e-01,1.999990937120134316e+00,-6.193993793916079404e-01,6.195291539189307084e-01
2.703406422265831888e-03,-6.195561534232212342e-01,-6.194067722826528399e-01,9.999906872215817977e-01,-6.193993815411736881e-01,1.999987582962109212e+00,-6.193993822576980834e-01,6.195311534232211814e-01
2.707406422265834153e-03,-6.195581529275089316e-01,-6.194087713871213596e-01,9.999881716072943627e-01,-6.193993844072737120e-01,1.999984228809725817e+00,-6.193993851238014381e-01,6.195331529275088789e-01
2.711406422265836419e-03,-6.195601524317944087e-01,-6.194107704915861046e-01,9.999856559972416514e-01,-6.193993872733868367e-01,1.999980874662988795e+00,-6.193993879899182264e-01,6.195351524317943559e-01
2.715406422265838685e-03,-6.195621519360784424e-01,-6.194127695960489621e-01,9.999831403914211103e-01,-6.193993901395137280e-01,1.999977520521895036e+00,-6.193993908560487816e-01,6.195371519360783896e-01
2.719406422265840950e-03,-6.195641514403594785e-01,-6.194147687005101544e-01,9.999806247898326284e-01,-6.193993930056553854e-01,1.999974166386443430e+00,-6.193993937221928814e-01,6.195391514403594257e-01
2.723406422265843216e-03,-6.195661509446381832e-01,-6.194167678049677939e-01,9.999781091924782039e-01,-6.193993958718082560e-01,1.999970812256637753e+00,-6.193993965883501929e-01,6.195411509446381304e-01
2.727406422265845481e-03,-6.195681504489150004e-01,-6.194187669094246562e-01,9.999755935993558387e-01,-6.193993987379776689e-01,1.999967458132474674e+00,-6.193993994545220483e-01,6.195431504489149477e-01
2.731406422265847747e-03,-6.195701499531888201e-01,-6.194207660138785210e-01,9.999730780104658656e-01,-6.193994016041581840e-01,1.999964104013954413e+00,-6.193994023207063382e-01,6.195451499531887674e-01
2.735406422265850013e-03,-6.195721494574600863e-01,-6.194227651183292771e-01,9.999705624258088399e-01,-6.193994044703520219e-01,1.999960749901078305e+00,-6.193994051869038397e-01,6.195471494574600335e-01
2.739406422265852278e-03,-6.195741489617297981e-01,-6.194247642227788120e-01,9.999680468453846505e-01,-6.193994073365609587e-01,1.999957395793846127e+00,-6.193994080531156632e-01,6.195491489617297454e-01
2.743406422265854544e-03,-6.195761484659960683e-01,-6.194267633272251272e-01,9.999655312691928533e-01,-6.193994102027825521e-01,1.999954041692256990e+00,-6.193994109193403652e-01,6.195511484659960155e-01
2.747406422265856810e-03,-6.195781479702605621e-01,-6.194287624316686669e-01,9.999630156972346695e-01,-6.193994130690166910e-01,1.999950687596312893e+00,-6.193994137855785009e-01,6.195531479702605093e-01
2.751406422265859075e-03,-6.195801474745227244e-01,-6.194307615361109853e-01,9.999605001295087670e-01,-6.193994159352661510e-01,1.999947333506011837e+00,-6.193994166518308475e-01,6.195551474745226717e-01
2.755406422265861341e-03,-6.195821469787823332e-01,-6.194327606405503062e-01,9.999579845660151456e-01,-6.193994188015278235e-01,1.999943979421353379e+00,-6.193994195180959617e-01,6.195571469787822805e-01
2.759406422265863607e-03,-6.195841464830394996e-01,-6.194347597449870735e-01,9.999554690067554708e-01,-6.193994216678042619e-01,1.999940625342340628e+00,-6.193994223843753977e-01,6.195591464830394468e-01
2.763406422265865872e-03,-6.195861459872944454e-01,-6.194367588494219534e-01,9.999529534517277440e-01,-6.193994245340933569e-01,1.999937271268970473e+00,-6.193994252506680454e-01,6.195611459872943927e-01
2.767406422265868138e-03,-6.195881454915460607e-01,-6.194387579538536137e-01,9.999504379009327426e-01,-6.193994274003955525e-01,1.999933917201243805e+00,-6.193994281169734606e-01,6.195631454915460079e-01
2.771406422265870403e-03,-6.195901449957960105e-01,-6.194407570582827205e-01,9.999479223543741302e-01,-6.193994302667128471e-01,1.999930563139165729e+00,-6.193994309832951961e-01,6.195651449957959578e-01
2.775406422265872669e-03,-6.195921445000436290e-01,-6.194427561627101619e-01,9.999454068120439132e-01,-6.193994331330426872e-01,1.999927209082725144e+00,-6.193994338496279228e-01,6.195671445000435762e-01
2.779406422265874935e-03,-6.195941440042884718e-01,-6.194447552671349388e-01,9.999428912739469766e-01,-6.193994359993854060e-01,1.999923855031929154e+00,-6.193994367159739722e-01,6.195691440042884190e-01
2.783406422265877200e-03,-6.195961435085318714e-01,-6.194467543715573843e-01,9.999403757400834314e-01,-6.193994388657427796e-01,1.999920500986777983e+00,-6.193994395823344545e-01,6.195711435085318186e-01
2.787406422265879466e-03,-6.195981430127717182e-01,-6.194487534759772762e-01,9.999378602104527225e-01,-6.193994417321138091e-01,1.999917146947270297e+00,-6.193994424487082595e-01,6.195731430127716655e-01
2.791406422265881732e-03,-6.196001425170102328e-01,-6.194507525803957249e-01,9.999353446850551830e-01,-6.193994445984980501e-01,1.999913792913406985e+00,-6.193994453150971635e-01,6.195751425170101800e-01
2.795406422265883997e-03,-6.196021420212465269e-01,-6.194527516848110649e-01,9.999328291638892585e-01,-6.193994474648953918e-01,1.999910438885185604e+00,-6.193994481814980579e-01,6.195771420212464742e-01
2.799406422265886263e-03,-6.196041415254790463e-01,-6.194547507892241844e-01,9.999303136469560593e-01,-6.193994503313069444e-01,1.999907084862607931e+00,-6.193994510479122750e-01,6.195791415254789936e-01
2.803406422265888528e-03,-6.196061410297101224e-01,-6.194567498936347505e-01,9.999277981342560295e-01,-6.193994531977317086e-01,1.999903730845674632e+00,-6.193994539143404809e-01,6.195811410297100696e-01
2.807406422265890794e-03,-6.196081405339386450e-01,-6.194587489980428741e-01,9.999252826257889470e-01,-6.193994560641705727e-01,1.999900376834385263e+00,-6.193994567807824536e-01,6.195831405339385922e-01
2.811406422265893060e-03,-6.196101400381633928e-01,-6.194607481024474449e-01,9.999227671215552560e-01,-6.193994589306218712e-01,1.999897022828740267e+00,-6.193994596472375269e-01,6.195851400381633400e-01
2.815406422265895325e-03,-6.196121395423870304e-01,-6.194627472068502394e-01,9.999202516215549563e-01,-6.193994617970880467e-01,1.999893668828740090e+00,-6.193994625137071441e-01,6.195871395423869776e-01
2.819406422265897591e-03,-6.196141390466086696e-01,-6.194647463112519237e-01,9.999177361257863828e-01,-6.193994646635683221e-01,1.999890314834381844e+00,-6.193994653801910832e-01,6.195891390466086168e-01
2.823406422265899857e-03,-6.196161385508268671e-01,-6.194667454156499442e-01,9.999152206342503124e-01,-6.193994675300608099e-01,1.999886960845667083e+00,-6.193994682466870128e-01,6.195911385508268143e-01
2.827406422265902122e-03,-6.196181380550429552e-01,-6.194687445200456333e-01,9.999127051469466343e-01,-6.193994703965668425e-01,1.999883606862595586e+00,-6.193994711131965980e-01,6.195931380550429024e-01
2.831406422265904388e-03,-6.196201375592570448e-01,-6.194707436244394350e-01,9.999101896638762366e-01,-6.193994732630881961e-01,1.999880252885168241e+00,-6.193994739797208382e-01,6.195951375592569921e-01
2.835406422265906654e-03,-6.196221370634685810e-01,-6.194727427288307942e-01,9.999076741850384531e-01,-6.193994761296218732e-01,1.999876898913384604e+00,-6.193994768462582901e-01,6.195971370634685282e-01
2.839406422265908919e-03,-6.196241365676775636e-01,-6.194747418332192668e-01,9.999051587104338390e-01,-6.193994789961695391e-01,1.999873544947245341e+00,-6.193994797128091756e-01,6.195991365676775109e-01
2.843406422265911185e-03,-6.196261360718841038e-01,-6.194767409376059630e-01,9.999026432400606179e-01,-6.193994818627313048e-01,1.999870190986747565e+00,-6.193994825793737169e-01,6.196011360718840510e-01
2.847406422265913450e-03,-6.196281355760892007e-01,-6.194787400419906609e-01,9.999001277739205662e-01,-6.193994847293059491e-01,1.999866837031893940e+00,-6.193994854459524690e-01,6.196031355760891479e-01
2.850010000000000043e-03,-6.196294370422458231e-01,-6.194800412479045670e-01,9.998984904732864942e-01,-6.193994857807811893e-01,1.999864653964382066e+00,-6.193994873117949496e-01,6.196044370422457703e-01
2.852396422265611464e-03,-6.196306299575831122e-01,-6.194812339247081079e-01,9.998969897358445102e-01,-6.193994879953235166e-01,1.999862652981125866e+00,-6.193994890220294591e-01,6.196056299575830595e-01
2.856396422265613730e-03,-6.196326294617826580e-01,-6.194832330290873657e-01,9.998944742792165163e-01,-6.193994910880504801e-01,1.999859299038955429e+00,-6.193994918886382983e-01,6.196076294617826052e-01
2.860010999999999977e-03,-6.196344363026196067e-01,-6.194850395086294315e-01,9.998922012044771934e-01,-6.193994936843024712e-01,1.999856268272636184e+00,-6.193994944790405244e-01,6.196094363026195539e-01
2.861206422265654987e-03,-6.196350338655788326e-01,-6.194856369520999051e-01,9.998914494482286086e-01,-6.193994945954403031e-01,1.999855265930971404e+00,-6.193994953357545574e-01,6.196100338655787798e-01
2.865206422265657252e-03,-6.196370333697729382e-01,-6.194876360564739448e-01,9.998889340009223803e-01,-6.193994974853037627e-01,1.999851912001229692e+00,-6.193994982023930396e-01,6.196120333697728855e-01
2.869206422265659518e-03,-6.196390328739642683e-01,-6.194896351608453200e-01,9.998864185578499875e-01,-6.193995003523726783e-01,1.999848558077133243e+00,-6.193995010690455105e-01,6.196140328739642156e-01
2.873206422265661784e-03,-6.196410323781531559e-01,-6.194916342652141417e-01,9.998839031190106530e-01,-6.193995032190431349e-01,1.999845204158680945e+00,-6.193995039357121923e-01,6.196160323781531032e-01
2.877206422265664049e-03,-6.196430318823393790e-01,-6.194936333695797437e-01,9.998813876844049320e-01,-6.193995060857204749e-01,1.999841850245873243e+00,-6.193995068023923078e-01,6.196180318823393263e-01
2.880007890096227593e-03,-6.195937925071385299e-01,-6.194949683897232884e-01,9.998796259888462767e-01,-6.193995080240120021e-01,1.999839501318461776e+00,-6.193994437441913137e-01,6.195687925071384772e-01
2.881073778103693077e-03,-6.193994971077160239e-01,-6.193352186813938509e-01,9.999269095735840995e-01,-6.193408602350736203e-01,1.999902546098112355e+00,-6.192772145870245604e-01,6.193744971077159711e-01
2.885073778103695342e-03,-6.193994971221780110e-01,-6.192521742880574553e-01,1.000157745642911378e+00,-6.193562373443471936e-01,2.000210327523881837e+00,-6.193773453324675771e-01,6.193744971221779583e-01
2.889073778103697608e-03,-6.193994968791477485e-01,-6.192506743911948552e-01,1.000184797832947670e+00,-6.193948503719013399e-01,2.000246397110597041e+00,-6.193973087648014797e-01,6.193744968791476957e-01
2.890116322265632448e-03,-6.193995471912473461e-01,-6.192506588915117627e-01,1.000185557122730717e+00,-6.193966899959686412e-01,2.000247409496974438e+00,-6.193978956768488864e-01,6.193745471912472933e-01
2.894006422265656651e-03,-6.194014917593367864e-01,-6.192521508538259001e-01,1.000185093335422382e+00,-6.193988153854241840e-01,2.000246791113896805e+00,-6.193990195842784541e-01,6.193764917593367336e-01
2.898006422265658917e-03,-6.194034912638102242e-01,-6.192541408176283069e-01,1.000182758473337818e+00,-6.193991389106444645e-01,2.000243677964450573e+00,-6.193991569752209658e-01,6.193784912638101714e-01
2.902006422265661183e-03,-6.194054907682826627e-01,-6.192561397572104998e-01,1.000180250650791969e+00,-6.193991645153019698e-01,2.000240334201055958e+00,-6.193991661135446192e-01,6.193804907682826100e-01
2.906006422265663448e-03,-6.194074902727528809e-01,-6.192581388588795921e-01,1.000177734992424572e+00,-6.193991684430532052e-01,2.000236979989899133e+00,-6.193991691937514865e-01,6.193824902727528281e-01
2.910006422265665714e-03,-6.194094897772193242e-01,-6.192601379634720127e-01,1.000175219071435029e+00,-6.193991713477481342e-01,2.000233625428580186e+00,-6.193991720651766952e-01,6.193844897772192715e-01
2.914006422265667980e-03,-6.194114892816844353e-01,-6.192621370681155035e-01,1.000172703146873232e+00,-6.193991742141570223e-01,2.000230270862497495e+00,-6.193991749304758043e-01,6.193864892816843826e-01
2.918006422265670245e-03,-6.194134887861457717e-01,-6.192641361727568849e-01,1.000170187226337548e+00,-6.193991770793353391e-01,2.000226916301782953e+00,-6.193991777956237010e-01,6.193884887861457189e-01
2.922006422265672511e-03,-6.194154882906057757e-01,-6.192661352773962680e-01,1.000167671310029371e+00,-6.193991799444898971e-01,2.000223561746706125e+00,-6.193991806607810346e-01,6.193904882906057230e-01
2.926006422265674776e-03,-6.194174877950631153e-01,-6.192681343820330975e-01,1.000165155397954475e+00,-6.193991828096568897e-01,2.000220207197272337e+00,-6.193991835259512468e-01,6.193924877950630625e-01
2.930006422265677042e-03,-6.194194872995179013e-01,-6.192701334866678176e-01,1.000162639490111527e+00,-6.193991856748365388e-01,2.000216852653482036e+00,-6.193991863911340046e-01,6.193944872995178486e-01
2.934006422265679308e-03,-6.194214868039699118e-01,-6.192721325912992070e-01,1.000160123586503191e+00,-6.193991885400289554e-01,2.000213498115337440e+00,-6.193991892563299739e-01,6.193964868039698590e-01
2.938006422265681573e-03,-6.194234863084191467e-01,-6.192741316959288200e-01,1.000157607687128136e+00,-6.193991914052353609e-01,2.000210143582837663e+00,-6.193991921215400431e-01,6.193984863084190939e-01
2.942006422265683839e-03,-6.194254858128663832e-01,-6.192761308005549914e-01,1.000155091791986139e+00,-6.193991942704547560e-01,2.000206789055981371e+00,-6.193991949867617697e-01,6.194004858128663304e-01
2.946006422265686105e-03,-6.194274853173122874e-01,-6.192781299051808297e-01,1.000152575901075869e+00,-6.193991971356872517e-01,2.000203434534767677e+00,-6.193991978519978181e-01,6.194024853173122347e-01
2.950006422265688370e-03,-6.194294848217553051e-01,-6.192801290098033373e-01,1.000150060014398878e+00,-6.193992000009324039e-01,2.000200080019198356e+00,-6.193992007172463010e-01,6.194044848217552524e-01
2.954006422265690636e-03,-6.194314843261954362e-01,-6.192821281144235135e-01,1.000147544131955391e+00,-6.193992028661911009e-01,2.000196725509273854e+00,-6.193992035825082176e-01,6.194064843261953834e-01
2.958006422265692902e-03,-6.194334838306332358e-01,-6.192841272190412472e-01,1.000145028253744295e+00,-6.193992057314622324e-01,2.000193371004992393e+00,-6.193992064477825688e-01,6.194084838306331831e-01
2.962006422265695167e-03,-6.194354833350682599e-01,-6.192861263236559832e-01,1.000142512379767368e+00,-6.193992085967462424e-01,2.000190016506356638e+00,-6.193992093130704646e-01,6.194104833350682071e-01
2.966006422265697433e-03,-6.194374828395015076e-01,-6.192881254282682768e-01,1.000139996510023721e+00,-6.193992114620444633e-01,2.000186662013364813e+00,-6.193992121783716831e-01,6.194124828395014548e-01
2.970006422265699698e-03,-6.194394823439317577e-01,-6.192901245328785720e-01,1.000137480644513133e+00,-6.193992143273555628e-01,2.000183307526017362e+00,-6.193992150436862243e-01,6.194144823439317049e-01
2.974006422265701964e-03,-6.194414818483595653e-01,-6.192921236374859806e-01,1.000134964783234937e+00,-6.193992171926799850e-01,2.000179953044312953e+00,-6.193992179090128669e-01,6.194164818483595125e-01
2.978006422265704230e-03,-6.194434813527860406e-01,-6.192941227420917238e-01,1.000132448926189577e+00,-6.193992200580166196e-01,2.000176598568252917e+00,-6.193992207743537204e-01,6.194184813527859879e-01
2.982006422265706495e-03,-6.194454808572096294e-01,-6.192961218466950246e-01,1.000129933073377497e+00,-6.193992229233675761e-01,2.000173244097836811e+00,-6.193992236397074524e-01,6.194204808572095766e-01
2.986006422265708761e-03,-6.194474803616306646e-01,-6.192981209512961049e-01,1.000127417224798476e+00,-6.193992257887305231e-01,2.000169889633064635e+00,-6.193992265050748403e-01,6.194224803616306119e-01
2.990006422265711027e-03,-6.194494798660498125e-01,-6.193001200558949648e-01,1.000124901380450737e+00,-6.193992286541071257e-01,2.000166535173934168e+00,-6.193992293704536634e-01,6.194244798660497597e-01
2.994006422265713292e-03,-6.194514793704651856e-01,-6.193021191604901610e-01,1.000122385540338277e+00,-6.193992315194962739e-01,2.000163180720451184e+00,-6.193992322358462532e-01,6.194264793704651328e-01
2.998006422265715558e-03,-6.194534788748792264e-01,-6.193041182650834697e-01,1.000119869704458875e+00,-6.193992343848994109e-01,2.000159826272612129e+00,-6.193992351012527209e-01,6.194284788748791737e-01
