 time                     i(Vmeas)                 i(vcc)                   i(vee)                   i(vb)                    i(vcn)                   i(vcp)                   i(vclampn)               i(vclampp)               v(vcc)                   v(vee)                   v(vb)                    v(vcn)                   v(vcp)                   v(clampn)                v(clampp)
 0.00000000000000000e+00  1.00001329989399379e-05 -9.14108958217888889e-04  7.72662772155319200e-04 -1.25609517473348564e-04 -1.31005344303124213e-06  5.29830657623491430e-06 -2.06347634233073670e-09  2.84451526719101441e-09  4.00000000000000000e+00 -2.50000000000000000e+00  1.65000000000000013e+00 -1.00000000000000006e-01  1.60000000000000009e+00 -8.00000000000000044e-01  2.30000000000000027e+00
 1.00000000000000010e-11  1.00001329989374561e-05 -9.14108958212056532e-04  7.72662772158871913e-04 -1.25609517473067322e-04 -1.31005344342502435e-06  5.29830657731714966e-06 -2.06347627761230011e-09  2.84451506782532994e-09  4.00000000000000000e+00 -2.50000000000000000e+00  1.65000000000000013e+00 -1.00000000000000006e-01  1.60000000000000009e+00 -8.00000000000000044e-01  2.30000000000000027e+00
 2.00000000000000020e-11  1.00001329989325585e-05 -9.14108958214306577e-04  7.72662772152062582e-04 -1.25609517473096921e-04 -1.31005344186307929e-06  5.29830657702752877e-06 -2.06347642786475734e-09  2.84451531445958340e-09  4.00000000000000000e+00 -2.50000000000000000e+00  1.65000000000000013e+00 -1.00000000000000006e-01  1.60000000000000009e+00 -8.00000000000000044e-01  2.30000000000000027e+00
 4.00000000000000040e-11  1.00001329989511306e-05 -9.14108958209950795e-04  7.72662772151470390e-04 -1.25609517473481786e-04 -1.31005344304407912e-06  5.29830657645079081e-06 -2.06347620963622775e-09  2.84451520668772561e-09  4.00000000000000000e+00 -2.50000000000000000e+00  1.65000000000000013e+00 -1.00000000000000006e-01  1.60000000000000009e+00 -8.00000000000000044e-01  2.30000000000000027e+00
 8.00000000000000081e-11  1.00001329989405698e-05 -9.14108958220194445e-04  7.72662772159686041e-04 -1.25609517473496585e-04 -1.31005344327661889e-06  5.29830657636810176e-06 -2.06347633781047466e-09  2.84451518142997406e-09  4.00000000000000000e+00 -2.50000000000000000e+00  1.65000000000000013e+00 -1.00000000000000006e-01  1.60000000000000009e+00 -8.00000000000000044e-01  2.30000000000000027e+00
 1.60000000000000016e-10  1.00001329989914612e-05 -9.14108958230186452e-04  7.72662772150508269e-04 -1.25609517473289367e-04 -1.31005344307729912e-06  5.29830657665595066e-06 -2.06347631677930170e-09  2.84451529186566898e-09  4.00000000000000000e+00 -2.50000000000000000e+00  1.65000000000000013e+00 -1.00000000000000006e-01  1.60000000000000009e+00 -8.00000000000000044e-01  2.30000000000000027e+00
 3.20000000000000032e-10  1.00001329990971929e-05 -9.14108958217640932e-04  7.72662772155319200e-04 -1.25609517473378190e-04 -1.31005344408144376e-06  5.29830657648984157e-06 -2.06347632561658835e-09  2.84451524577651852e-09  4.00000000000000000e+00 -2.50000000000000000e+00  1.65000000000000013e+00 -1.00000000000000006e-01  1.60000000000000009e+00 -8.00000000000000044e-01  2.30000000000000027e+00
 6.40000000000000065e-10  1.00001329993930937e-05 -9.14108958214140043e-04  7.72662772149398046e-04 -1.25609517473866677e-04 -1.31005344279714128e-06  5.29830657509971058e-06 -2.06347638844172060e-09  2.84451524393251042e-09  4.00000000000000000e+00 -2.50000000000000000e+00  1.65000000000000013e+00 -1.00000000000000006e-01  1.60000000000000009e+00 -8.00000000000000044e-01  2.30000000000000027e+00
 1.28000000000000013e-09  1.00001329995035418e-05 -9.14108958198959587e-04  7.72662772153616894e-04 -1.25609517473541010e-04 -1.31005344326794527e-06  5.29830657559395261e-06 -2.06347635383859664e-09  2.84451532104505528e-09  4.00000000000000000e+00 -2.50000000000000000e+00  1.65000000000000013e+00 -1.00000000000000006e-01  1.60000000000000009e+00 -8.00000000000000044e-01  2.30000000000000027e+00
 2.28000000000000040e-09  1.00001330000612401e-05 -9.14108958223662049e-04  7.72662772160870315e-04 -1.25609517473126520e-04 -1.31005344308163593e-06  5.29830657684549800e-06 -2.06347633934001061e-09  2.84451524137913994e-09  4.00000000000000000e+00 -2.50000000000000000e+00  1.65000000000000013e+00 -1.00000000000000006e-01  1.60000000000000009e+00 -8.00000000000000044e-01  2.30000000000000027e+00
 3.28000000000000025e-09  1.00001330005155428e-05 -9.14108958221663648e-04  7.72662772164571022e-04 -1.25609517474399590e-04 -1.31005344313619290e-06  5.29830657670047495e-06 -2.06347633233565900e-09  2.84451525369713519e-09  4.00000000000000000e+00 -2.50000000000000000e+00  1.65000000000000013e+00 -1.00000000000000006e-01  1.60000000000000009e+00 -8.00000000000000044e-01  2.30000000000000027e+00
 4.28000000000000011e-09  1.00001330009454392e-05 -9.14108958225408807e-04  7.72662772165015111e-04 -1.25609517475687432e-04 -1.31005344306957947e-06  5.29830657684044799e-06 -2.06347632282917125e-09  2.84451523483793173e-09  4.00000000000000000e+00 -2.50000000000000000e+00  1.65000000000000013e+00 -1.00000000000000006e-01  1.60000000000000009e+00 -8.00000000000000044e-01  2.30000000000000027e+00
 5.27999999999999996e-09  1.00001330003944832e-05 -9.14108958209617728e-04  7.72662772160870315e-04 -1.25609517476264743e-04 -1.31005344296254712e-06  5.29830657517858290e-06 -2.06347635879404792e-09  2.84451533263049152e-09  4.00000000000000000e+00 -2.50000000000000000e+00  1.65000000000000013e+00 -1.00000000000000006e-01  1.60000000000000009e+00 -8.00000000000000044e-01  2.30000000000000027e+00
 6.27999999999999982e-09  1.00001330001400616e-05 -9.14108958241203573e-04  7.72662772152728715e-04 -1.25609517475213717e-04 -1.31005344303722705e-06  5.29830657627508230e-06 -2.06347635628017200e-09  2.84451525075571981e-09  4.00000000000000000e+00 -2.50000000000000000e+00  1.65000000000000013e+00 -1.00000000000000006e-01  1.60000000000000009e+00 -8.00000000000000044e-01  2.30000000000000027e+00
 7.27999999999999968e-09  1.00001330002541400e-05 -9.14108958246392022e-04  7.72662772164867118e-04 -1.25609517475939076e-04 -1.31005344341019260e-06  5.29830657683354806e-06 -2.06347632354018551e-09  2.84451524845977538e-09  4.00000000000000000e+00 -2.50000000000000000e+00  1.65000000000000013e+00 -1.00000000000000006e-01  1.60000000000000009e+00 -8.00000000000000044e-01  2.30000000000000027e+00
 8.28000000000000036e-09  1.00001330004477616e-05 -9.14108958237399216e-04  7.72662772153912881e-04 -1.25609517476930877e-04 -1.31005344322969453e-06  5.29830657617631910e-06 -2.06347634317929952e-09  2.84451526702755980e-09  4.00000000000000000e+00 -2.50000000000000000e+00  1.65000000000000013e+00 -1.00000000000000006e-01  1.60000000000000009e+00 -8.00000000000000044e-01  2.30000000000000027e+00
 9.28000000000000104e-09  1.00001330006474309e-05 -9.14108958240814995e-04  7.72662772165311207e-04 -1.25609517476930877e-04 -1.31005344318554591e-06  5.29830657692205707e-06 -2.06347632960229196e-09  2.84451524264395700e-09  4.00000000000000000e+00 -2.50000000000000000e+00  1.65000000000000013e+00 -1.00000000000000006e-01  1.60000000000000009e+00 -8.00000000000000044e-01  2.30000000000000027e+00
 1.02800000000000017e-08  1.00001330004640365e-05 -9.14108958234068547e-04  7.72662772162350576e-04 -1.25609517476945676e-04 -1.31005344307530414e-06  5.29830657624555388e-06 -2.06347633774640290e-09  2.84451528217911394e-09  4.00000000000000000e+00 -2.50000000000000000e+00  1.65000000000000013e+00 -1.00000000000000006e-01  1.60000000000000009e+00 -8.00000000000000044e-01  2.30000000000000027e+00
 1.12800000000000024e-08  1.00001330003300104e-05 -9.14108958240148861e-04  7.72662772158205780e-04 -1.25609517476738431e-04 -1.31005344290556149e-06  5.29830657605423285e-06 -2.06347635790124831e-09  2.84451527639811324e-09  4.00000000000000000e+00 -2.50000000000000000e+00  1.65000000000000013e+00 -1.00000000000000006e-01  1.60000000000000009e+00 -8.00000000000000044e-01  2.30000000000000027e+00
 1.22800000000000031e-08  1.00001330003632633e-05 -9.14108958241229485e-04  7.72662772168567825e-04 -1.25609517476042698e-04 -1.31005344306324790e-06  5.29830657617207801e-06 -2.06347635329781159e-09  2.84451526326980401e-09  4.00000000000000000e+00 -2.50000000000000000e+00  1.65000000000000013e+00 -1.00000000000000006e-01  1.60000000000000009e+00 -8.00000000000000044e-01  2.30000000000000027e+00
 1.32800000000000038e-08  1.00001330005168439e-05 -9.14108958240981528e-04  7.72662772165311207e-04 -1.25609517476501587e-04 -1.31005344305214563e-06  5.29830657662056247e-06 -2.06347632909903693e-09  2.84451526009169048e-09  4.00000000000000000e+00 -2.50000000000000000e+00  1.65000000000000013e+00 -1.00000000000000006e-01  1.60000000000000009e+00 -8.00000000000000044e-01  2.30000000000000027e+00
 1.42800000000000045e-08  1.00001330005493208e-05 -9.14108958244560154e-04  7.72662772178781877e-04 -1.25609517476871679e-04 -1.31005344309638108e-06  5.29830657713141905e-06 -2.06347632254974716e-09  2.84451523916748522e-09  4.00000000000000000e+00 -2.50000000000000000e+00  1.65000000000000013e+00 -1.00000000000000006e-01  1.60000000000000009e+00 -8.00000000000000044e-01  2.30000000000000027e+00
 1.52800000000000051e-08  1.00001330003225650e-05 -9.14108958235900415e-04  7.72662772171232360e-04 -1.25609517477330568e-04 -1.31005344325675618e-06  5.29830657549064085e-06 -2.06347634705107058e-09  2.84451528996786354e-09  4.00000000000000000e+00 -2.50000000000000000e+00  1.65000000000000013e+00 -1.00000000000000006e-01  1.60000000000000009e+00 -8.00000000000000044e-01  2.30000000000000027e+00
 1.62800000000000042e-08  1.00001330005273132e-05 -9.14108958241037039e-04  7.72662772163016710e-04 -1.25609517476397964e-04 -1.31005344280295256e-06  5.29830657562043594e-06 -2.06347635447026939e-09  2.84451524057653735e-09  4.00000000000000000e+00 -2.50000000000000000e+00  1.65000000000000013e+00 -1.00000000000000006e-01  1.60000000000000009e+00 -8.00000000000000044e-01  2.30000000000000027e+00
 1.72800000000000032e-08  1.00001330008555131e-05 -9.14108958240866820e-04  7.72662772167827749e-04 -1.25609517475480187e-04 -1.31005344274336485e-06  5.29830657605377037e-06 -2.06347635281999774e-09  2.84451528980040992e-09  4.00000000000000000e+00 -2.50000000000000000e+00  1.65000000000000013e+00 -1.00000000000000006e-01  1.60000000000000009e+00 -8.00000000000000044e-01  2.30000000000000027e+00
 1.82800000000000022e-08  1.00001330006336938e-05 -9.14108958244560154e-04  7.72662772163090761e-04 -1.25609517474443988e-04 -1.31005344288708665e-06  5.29830657619555522e-06 -2.06347634675524763e-09  2.84451526879106999e-09  4.00000000000000000e+00 -2.50000000000000000e+00  1.65000000000000013e+00 -1.00000000000000006e-01  1.60000000000000009e+00 -8.00000000000000044e-01  2.30000000000000027e+00
 1.92800000000000013e-08  1.00001330006969705e-05 -9.14108958241037039e-04  7.72662772159168009e-04 -1.25609517473703803e-04 -1.31005344317340284e-06  5.29830657643035953e-06 -2.06347634546467010e-09  2.84451525893909206e-09  4.00000000000000000e+00 -2.50000000000000000e+00  1.65000000000000013e+00 -1.00000000000000006e-01  1.60000000000000009e+00 -8.00000000000000044e-01  2.30000000000000027e+00
 2.02800000000000003e-08  1.00001330004209597e-05 -9.14108958238953528e-04  7.72662772156207378e-04 -1.25609517475450588e-04 -1.31005344352034754e-06  5.29830657672992713e-06 -2.06347631549237411e-09  2.84451525409642520e-09  4.00000000000000000e+00 -2.50000000000000000e+00  1.65000000000000013e+00 -1.00000000000000006e-01  1.60000000000000009e+00 -8.00000000000000044e-01  2.30000000000000027e+00
 2.12799999999999993e-08  1.00001330003062698e-05 -9.14108958238979440e-04  7.72662772167161615e-04 -1.25609517476886452e-04 -1.31005344321945962e-06  5.29830657637777826e-06 -2.06347634222672412e-09  2.84451528112863468e-09  4.00000000000000000e+00 -2.50000000000000000e+00  1.65000000000000013e+00 -1.00000000000000006e-01  1.60000000000000009e+00 -8.00000000000000044e-01  2.30000000000000027e+00
 2.22799999999999983e-08  1.00001330000679300e-05 -9.14108958239175573e-04  7.72662772168419831e-04 -1.25609517476723659e-04 -1.31005344283886125e-06  5.29830657564079014e-06 -2.06347635676378232e-09  2.84451527866389536e-09  4.00000000000000000e+00 -2.50000000000000000e+00  1.65000000000000013e+00 -1.00000000000000006e-01  1.60000000000000009e+00 -8.00000000000000044e-01  2.30000000000000027e+00
 2.32799999999999974e-08  1.00001330001750119e-05 -9.14108958244116065e-04  7.72662772164571022e-04 -1.25609517476397991e-04 -1.31005344311953959e-06  5.29830657593627166e-06 -2.06347635343655088e-09  2.84451528437559114e-09  4.00000000000000000e+00 -2.50000000000000000e+00  1.65000000000000013e+00 -1.00000000000000006e-01  1.60000000000000009e+00 -8.00000000000000044e-01  2.30000000000000027e+00
 2.42799999999999964e-08  1.00001330002714432e-05 -9.14108958224465118e-04  7.72662772161018308e-04 -1.25609517476930904e-04 -1.31005344306003849e-06  5.29830657656269996e-06 -2.06347633119964431e-09  2.84451524740674344e-09  4.00000000000000000e+00 -2.50000000000000000e+00  1.65000000000000013e+00 -1.00000000000000006e-01  1.60000000000000009e+00 -8.00000000000000044e-01  2.30000000000000027e+00
 2.52799999999999954e-08  1.00001329997682683e-05 -9.14108958229820101e-04  7.72662772164571022e-04 -1.25609517476235144e-04 -1.31005344302690532e-06  5.29830657612516339e-06 -2.06347635180940472e-09  2.84451527447224322e-09  4.00000000000000000e+00 -2.50000000000000000e+00  1.65000000000000013e+00 -1.00000000000000006e-01  1.60000000000000009e+00 -8.00000000000000044e-01  2.30000000000000027e+00
 2.62799999999999944e-08  1.00001329998619908e-05 -9.14108958232262591e-04  7.72662772160130130e-04 -1.25609517476264743e-04 -1.31005344315197884e-06  5.29830657677607094e-06 -2.06347633289164266e-09  2.84451526807798778e-09  4.00000000000000000e+00 -2.50000000000000000e+00  1.65000000000000013e+00 -1.00000000000000006e-01  1.60000000000000009e+00 -8.00000000000000044e-01  2.30000000000000027e+00
 2.72799999999999935e-08  1.00001330002150782e-05 -9.14108958244308511e-04  7.72662772167531653e-04 -1.25609517477034526e-04 -1.31005344319708165e-06  5.29830657627566082e-06 -2.06347633389862959e-09  2.84451523702663426e-09  4.00000000000000000e+00 -2.50000000000000000e+00  1.65000000000000013e+00 -1.00000000000000006e-01  1.60000000000000009e+00 -8.00000000000000044e-01  2.30000000000000027e+00
 2.82799999999999925e-08  1.00001330005382077e-05 -9.14108958240951930e-04  7.72662772177819756e-04 -1.25609517477152921e-04 -1.31005344296792472e-06  5.29830657641378309e-06 -2.06347635101191451e-09  2.84451526296586601e-09  4.00000000000000000e+00 -2.50000000000000000e+00  1.65000000000000013e+00 -1.00000000000000006e-01  1.60000000000000009e+00 -8.00000000000000044e-01  2.30000000000000027e+00
 2.92799999999999915e-08  1.00001330007353987e-05 -9.14108958228794987e-04  7.72662772163386856e-04 -1.25609517476175920e-04 -1.31005344243120123e-06  5.29830657519886002e-06 -2.06347636574000925e-09  2.84451530270845296e-09  4.00000000000000000e+00 -2.50000000000000000e+00  1.65000000000000013e+00 -1.00000000000000006e-01  1.60000000000000009e+00 -8.00000000000000044e-01  2.30000000000000027e+00
 3.02799999999999906e-08  1.00001330005028102e-05 -9.14108958229461121e-04  7.72662772149620091e-04 -1.25609517475095322e-04 -1.31005344334973731e-06  5.29830657602543628e-06 -2.06347634991368749e-09  2.84451527874793898e-09  4.00000000000000000e+00 -2.50000000000000000e+00  1.65000000000000013e+00 -1.00000000000000006e-01  1.60000000000000009e+00 -8.00000000000000044e-01  2.30000000000000027e+00
 3.12799999999999929e-08  1.00001330000013328e-05 -9.14108958203008214e-04  7.72662772157909684e-04 -1.25609517474666033e-04 -1.31005344284128991e-06  5.29830657558682144e-06 -2.06347635991263475e-09  2.84451529682355011e-09  4.00000000000000000e+00 -2.50000000000000000e+00  1.65000000000000013e+00 -1.00000000000000006e-01  1.60000000000000009e+00 -8.00000000000000044e-01  2.30000000000000027e+00
 3.22799999999999952e-08  1.00001329999965251e-05 -9.14108958238731483e-04  7.72662772149471989e-04 -1.25609517473570582e-04 -1.31005344291501565e-06  5.29830657685081821e-06 -2.06347633821717993e-09  2.84451525458414743e-09  4.00000000000000000e+00 -2.50000000000000000e+00  1.65000000000000013e+00 -1.00000000000000006e-01  1.60000000000000009e+00 -8.00000000000000044e-01  2.30000000000000027e+00
 3.32799999999999976e-08  1.00001330000201319e-05 -9.14108958230127255e-04  7.72662772153320798e-04 -1.25609517474592009e-04 -1.31005344325059804e-06  5.29830657717979819e-06 -2.06347631907513198e-09  2.84451523105331490e-09  4.00000000000000000e+00 -2.50000000000000000e+00  1.65000000000000013e+00 -1.00000000000000006e-01  1.60000000000000009e+00 -8.00000000000000044e-01  2.30000000000000027e+00
 3.42799999999999999e-08  1.00001330004622458e-05 -9.14108958211253464e-04  7.72662772152136524e-04 -1.25609517475124921e-04 -1.31005344279028899e-06  5.29830657600535228e-06 -2.06347634194935433e-09  2.84451527454091906e-09  4.00000000000000000e+00 -2.50000000000000000e+00  1.65000000000000013e+00 -1.00000000000000006e-01  1.60000000000000009e+00 -8.00000000000000044e-01  2.30000000000000027e+00
 3.52800000000000022e-08  1.00001330003499835e-05 -9.14108958231570545e-04  7.72662772149176002e-04 -1.25609517474651233e-04 -1.31005344319968373e-06  5.29830657544283939e-06 -2.06347636585003130e-09  2.84451529547175418e-09  4.00000000000000000e+00 -2.50000000000000000e+00  1.65000000000000013e+00 -1.00000000000000006e-01  1.60000000000000009e+00 -8.00000000000000044e-01  2.30000000000000027e+00
 3.62800000000000046e-08  1.00001330004404466e-05 -9.14108958222244672e-04  7.72662772151766486e-04 -1.25609517473022897e-04 -1.31005344253528464e-06  5.29830657588122299e-06 -2.06347635084274533e-09  2.84451525884524138e-09  4.00000000000000000e+00 -2.50000000000000000e+00  1.65000000000000013e+00 -1.00000000000000006e-01  1.60000000000000009e+00 -8.00000000000000044e-01  2.30000000000000027e+00
 3.72800000000000069e-08  1.00001329999816512e-05 -9.14108958212670841e-04  7.72662772151174403e-04 -1.25609517473170945e-04 -1.31005344336188038e-06  5.29830657635638306e-06 -2.06347632943354215e-09  2.84451529842448332e-09  4.00000000000000000e+00 -2.50000000000000000e+00  1.65000000000000013e+00 -1.00000000000000006e-01  1.60000000000000009e+00 -8.00000000000000044e-01  2.30000000000000027e+00
 3.82800000000000093e-08  1.00001329994755338e-05 -9.14108958210898171e-04  7.72662772152432620e-04 -1.25609517473511384e-04 -1.31005344297390964e-06  5.29830657606024679e-06 -2.06347636118383350e-09  2.84451527342011621e-09  4.00000000000000000e+00 -2.50000000000000000e+00  1.65000000000000013e+00 -1.00000000000000006e-01  1.60000000000000009e+00 -8.00000000000000044e-01  2.30000000000000027e+00
 3.92800000000000116e-08  1.00001329997633064e-05 -9.14108958188053489e-04  7.72662772134299013e-04 -1.25609517473748255e-04 -1.31005344303141556e-06  5.29830657662626724e-06 -2.06347633872701104e-09  2.84451525046550763e-09  4.00000000000000000e+00 -2.50000000000000000e+00  1.65000000000000013e+00 -1.00000000000000006e-01  1.60000000000000009e+00 -8.00000000000000044e-01  2.30000000000000027e+00
 4.02800000000000139e-08  1.00001329998736579e-05 -9.14108958196435673e-04  7.72662772146511466e-04 -1.25609517474651206e-04 -1.31005344320376050e-06  5.29830657620658020e-06 -2.06347633654789388e-09  2.84451528258897490e-09  4.00000000000000000e+00 -2.50000000000000000e+00  1.65000000000000013e+00 -1.00000000000000006e-01  1.60000000000000009e+00 -8.00000000000000044e-01  2.30000000000000027e+00
 4.12800000000000163e-08  1.00001329996036424e-05 -9.14108958214865375e-04  7.72662772143254740e-04 -1.25609517474814080e-04 -1.31005344320636259e-06  5.29830657657033257e-06 -2.06347633399860016e-09  2.84451525355555826e-09  4.00000000000000000e+00 -2.50000000000000000e+00  1.65000000000000013e+00 -1.00000000000000006e-01  1.60000000000000009e+00 -8.00000000000000044e-01  2.30000000000000027e+00
 4.22800000000000186e-08  1.00001329994824506e-05 -9.14108958216138445e-04  7.72662772153024703e-04 -1.25609517475968674e-04 -1.31005344301042544e-06  5.29830657619906278e-06 -2.06347633929055554e-09  2.84451526424915690e-09  4.00000000000000000e+00 -2.50000000000000000e+00  1.65000000000000013e+00 -1.00000000000000006e-01  1.60000000000000009e+00 -8.00000000000000044e-01  2.30000000000000027e+00
 4.32800000000000209e-08  1.00001329994742175e-05 -9.14108958216697243e-04  7.72662772142292619e-04 -1.25609517475776256e-04 -1.31005344306342133e-06  5.29830657646038939e-06 -2.06347634417188606e-09  2.84451525100638449e-09  4.00000000000000000e+00 -2.50000000000000000e+00  1.65000000000000013e+00 -1.00000000000000006e-01  1.60000000000000009e+00 -8.00000000000000044e-01  2.30000000000000027e+00
 4.42800000000000233e-08  1.00001329996734023e-05 -9.14108958229964408e-04  7.72662772148879906e-04 -1.25609517475628208e-04 -1.31005344292984762e-06  5.29830657558936508e-06 -2.06347634433961803e-09  2.84451527751712607e-09  4.00000000000000000e+00 -2.50000000000000000e+00  1.65000000000000013e+00 -1.00000000000000006e-01  1.60000000000000009e+00 -8.00000000000000044e-01  2.30000000000000027e+00
 4.52800000000000256e-08  1.00001329999278222e-05 -9.14108958207730349e-04  7.72662772155319200e-04 -1.25609517474606808e-04 -1.31005344300253258e-06  5.29830657604613776e-06 -2.06347635097535603e-09  2.84451526283516692e-09  4.00000000000000000e+00 -2.50000000000000000e+00  1.65000000000000013e+00 -1.00000000000000006e-01  1.60000000000000009e+00 -8.00000000000000044e-01  2.30000000000000027e+00
 4.62800000000000280e-08  1.00001330000836424e-05 -9.14108958222192847e-04  7.72662772151766486e-04 -1.25609517473437360e-04 -1.31005344286297395e-06  5.29830657601329321e-06 -2.06347635420929556e-09  2.84451527784756074e-09  4.00000000000000000e+00 -2.50000000000000000e+00  1.65000000000000013e+00 -1.00000000000000006e-01  1.60000000000000009e+00 -8.00000000000000044e-01  2.30000000000000027e+00
 4.72800000000000303e-08  1.00001330002567692e-05 -9.14108958207593414e-04  7.72662772155985333e-04 -1.25609517473052496e-04 -1.31005344301987981e-06  5.29830657615446142e-06 -2.06347634067947286e-09  2.84451525800127190e-09  4.00000000000000000e+00 -2.50000000000000000e+00  1.65000000000000013e+00 -1.00000000000000006e-01  1.60000000000000009e+00 -8.00000000000000044e-01  2.30000000000000027e+00
 4.82800000000000326e-08  1.00001329999444326e-05 -9.14108958218388490e-04  7.72662772160722321e-04 -1.25609517473955501e-04 -1.31005344342250909e-06  5.29830657661346942e-06 -2.06347632894820013e-09  2.84451526783119761e-09  4.00000000000000000e+00 -2.50000000000000000e+00  1.65000000000000013e+00 -1.00000000000000006e-01  1.60000000000000009e+00 -8.00000000000000044e-01  2.30000000000000027e+00
 4.92800000000000350e-08  1.00001329994845157e-05 -9.14108958235707969e-04  7.72662772160574219e-04 -1.25609517474473587e-04 -1.31005344327150133e-06  5.29830657656801932e-06 -2.06347633557683513e-09  2.84451525131072864e-09  4.00000000000000000e+00 -2.50000000000000000e+00  1.65000000000000013e+00 -1.00000000000000006e-01  1.60000000000000009e+00 -8.00000000000000044e-01  2.30000000000000027e+00
 5.02800000000000373e-08  1.00001329991468528e-05 -9.14108958246451220e-04  7.72662772163608901e-04 -1.25609517475346966e-04 -1.31005344336786530e-06  5.29830657748009847e-06 -2.06347631442821990e-09  2.84451524385294516e-09  4.00000000000000000e+00 -2.50000000000000000e+00  1.65000000000000013e+00 -1.00000000000000006e-01  1.60000000000000009e+00 -8.00000000000000044e-01  2.30000000000000027e+00
 5.12800000000000396e-08  1.00001329993841575e-05 -9.14108958233905700e-04  7.72662772188255852e-04 -1.25609517477848681e-04 -1.31005344329656821e-06  5.29830657719568090e-06 -2.06347631124013884e-09  2.84451525289918466e-09  4.00000000000000000e+00 -2.50000000000000000e+00  1.65000000000000013e+00 -1.00000000000000006e-01  1.60000000000000009e+00 -8.00000000000000044e-01  2.30000000000000027e+00
 5.22800000000000420e-08  1.00001329995967018e-05 -9.14108958240370906e-04  7.72662772170492284e-04 -1.25609517478263144e-04 -1.31005344277190097e-06  5.29830657534422951e-06 -2.06347636668671663e-09  2.84451526895353033e-09  4.00000000000000000e+00 -2.50000000000000000e+00  1.65000000000000013e+00 -1.00000000000000006e-01  1.60000000000000009e+00 -8.00000000000000044e-01  2.30000000000000027e+00
 5.32800000000000443e-08  1.00001330003222533e-05 -9.14108958221441603e-04  7.72662772165977341e-04 -1.25609517477182520e-04 -1.31005344308579931e-06  5.29830657633479558e-06 -2.06347634889376635e-09  2.84451525520358784e-09  4.00000000000000000e+00 -2.50000000000000000e+00  1.65000000000000013e+00 -1.00000000000000006e-01  1.60000000000000009e+00 -8.00000000000000044e-01  2.30000000000000027e+00
 5.42800000000000467e-08  1.00001329999142460e-05 -9.14108958208870170e-04  7.72662772171232360e-04 -1.25609517476871679e-04 -1.31005344325684300e-06  5.29830657617971147e-06 -2.06347633884860246e-09  2.84451528017841591e-09  4.00000000000000000e+00 -2.50000000000000000e+00  1.65000000000000013e+00 -1.00000000000000006e-01  1.60000000000000009e+00 -8.00000000000000044e-01  2.30000000000000027e+00
 5.52800000000000490e-08  1.00001329999799758e-05 -9.14108958246395709e-04  7.72662772164126933e-04 -1.25609517476516413e-04 -1.31005344293687313e-06  5.29830657608630576e-06 -2.06347635372904277e-09  2.84451525328173501e-09  4.00000000000000000e+00 -2.50000000000000000e+00  1.65000000000000013e+00 -1.00000000000000006e-01  1.60000000000000009e+00 -8.00000000000000044e-01  2.30000000000000027e+00
 5.62800000000000513e-08  1.00001330001227008e-05 -9.14108958221078937e-04  7.72662772165015111e-04 -1.25609517476235117e-04 -1.31005344297234835e-06  5.29830657649246229e-06 -2.06347634273450962e-09  2.84451528298636280e-09  4.00000000000000000e+00 -2.50000000000000000e+00  1.65000000000000013e+00 -1.00000000000000006e-01  1.60000000000000009e+00 -8.00000000000000044e-01  2.30000000000000027e+00
 5.72800000000000537e-08  1.00001330000242315e-05 -9.14108958225493917e-04  7.72662772174044997e-04 -1.25609517476220345e-04 -1.31005344315943823e-06  5.29830657679792778e-06 -2.06347632652046473e-09  2.84451523993690670e-09  4.00000000000000000e+00 -2.50000000000000000e+00  1.65000000000000013e+00 -1.00000000000000006e-01  1.60000000000000009e+00 -8.00000000000000044e-01  2.30000000000000027e+00
 5.82800000000000560e-08  1.00001329996747661e-05 -9.14108958239538238e-04  7.72662772161536449e-04 -1.25609517476531186e-04 -1.31005344297061362e-06  5.29830657599613910e-06 -2.06347635414178397e-09  2.84451530723913789e-09  4.00000000000000000e+00 -2.50000000000000000e+00  1.65000000000000013e+00 -1.00000000000000006e-01  1.60000000000000009e+00 -8.00000000000000044e-01  2.30000000000000027e+00
 5.92800000000000583e-08  1.00001329997677601e-05 -9.14108958219720757e-04  7.72662772161832544e-04 -1.25609517476397964e-04 -1.31005344277086017e-06  5.29830657579633758e-06 -2.06347634120795441e-09  2.84451525041029415e-09  4.00000000000000000e+00 -2.50000000000000000e+00  1.65000000000000013e+00 -1.00000000000000006e-01  1.60000000000000009e+00 -8.00000000000000044e-01  2.30000000000000027e+00
 6.02800000000000607e-08  1.00001329998138472e-05 -9.14108958227714363e-04  7.72662772181150425e-04 -1.25609517476190746e-04 -1.31005344348591311e-06  5.29830657650965536e-06 -2.06347634249431581e-09  2.84451527381522855e-09  4.00000000000000000e+00 -2.50000000000000000e+00  1.65000000000000013e+00 -1.00000000000000006e-01  1.60000000000000009e+00 -8.00000000000000044e-01  2.30000000000000027e+00
 6.12800000000000564e-08  1.00001329996490671e-05 -9.14108958237458413e-04  7.72662772155911282e-04 -1.25609517476013100e-04 -1.31005344284892273e-06  5.29830657615642738e-06 -2.06347635267429277e-09  2.84451527879003378e-09  4.00000000000000000e+00 -2.50000000000000000e+00  1.65000000000000013e+00 -1.00000000000000006e-01  1.60000000000000009e+00 -8.00000000000000044e-01  2.30000000000000027e+00
 6.22800000000000521e-08  1.00001329997018389e-05 -9.14108958251169668e-04  7.72662772163534850e-04 -1.25609517476175947e-04 -1.31005344330099163e-06  5.29830657665768538e-06 -2.06347633516090224e-09  2.84451524642374227e-09  4.00000000000000000e+00 -2.50000000000000000e+00  1.65000000000000013e+00 -1.00000000000000006e-01  1.60000000000000009e+00 -8.00000000000000044e-01  2.30000000000000027e+00
 6.32800000000000478e-08  1.00001329995296202e-05 -9.14108958218832579e-04  7.72662772160574219e-04 -1.25609517477078925e-04 -1.31005344299221085e-06  5.29830657593418965e-06 -2.06347635027117593e-09  2.84451530830973046e-09  4.00000000000000000e+00 -2.50000000000000000e+00  1.65000000000000013e+00 -1.00000000000000006e-01  1.60000000000000009e+00 -8.00000000000000044e-01  2.30000000000000027e+00
 6.42800000000000436e-08  1.00001329999991543e-05 -9.14108958244478731e-04  7.72662772167235557e-04 -1.25609517476649608e-04 -1.31005344296896551e-06  5.29830657611888010e-06 -2.06347635520466350e-09  2.84451525397637606e-09  4.00000000000000000e+00 -2.50000000000000000e+00  1.65000000000000013e+00 -1.00000000000000006e-01  1.60000000000000009e+00 -8.00000000000000044e-01  2.30000000000000027e+00
 6.52800000000000393e-08  1.00001330001599059e-05 -9.14108958220164847e-04  7.72662772167827749e-04 -1.25609517476901278e-04 -1.31005344332631855e-06  5.29830657705081201e-06 -2.06347631894110267e-09  2.84451524080978946e-09  4.00000000000000000e+00 -2.50000000000000000e+00  1.65000000000000013e+00 -1.00000000000000006e-01  1.60000000000000009e+00 -8.00000000000000044e-01  2.30000000000000027e+00
 6.62800000000000350e-08  1.00001330002423053e-05 -9.14108958229823787e-04  7.72662772171380462e-04 -1.25609517476294342e-04 -1.31005344312049378e-06  5.29830657632542824e-06 -2.06347633846164199e-09  2.84451523689281174e-09  4.00000000000000000e+00 -2.50000000000000000e+00  1.65000000000000013e+00 -1.00000000000000006e-01  1.60000000000000009e+00 -8.00000000000000044e-01  2.30000000000000027e+00
 6.72800000000000307e-08  1.00001329998454534e-05 -9.14108958235652458e-04  7.72662772174044997e-04 -1.25609517476309168e-04 -1.31005344305882427e-06  5.29830657635214281e-06 -2.06347633869249197e-09  2.84451528313047917e-09  4.00000000000000000e+00 -2.50000000000000000e+00  1.65000000000000013e+00 -1.00000000000000006e-01  1.60000000000000009e+00 -8.00000000000000044e-01  2.30000000000000027e+00
 6.82800000000000264e-08  1.00001329993507692e-05 -9.14108958246062642e-04  7.72662772174933176e-04 -1.25609517476679233e-04 -1.31005344286722415e-06  5.29830657603264537e-06 -2.06347633990513130e-09  2.84451526697943319e-09  4.00000000000000000e+00 -2.50000000000000000e+00  1.65000000000000013e+00 -1.00000000000000006e-01  1.60000000000000009e+00 -8.00000000000000044e-01  2.30000000000000027e+00
 6.92800000000000221e-08  1.00001329994903348e-05 -9.14108958245951619e-04  7.72662772173748902e-04 -1.25609517476397964e-04 -1.31005344322310250e-06  5.29830657581842651e-06 -2.06347635169308203e-09  2.84451526383234680e-09  4.00000000000000000e+00 -2.50000000000000000e+00  1.65000000000000013e+00 -1.00000000000000006e-01  1.60000000000000009e+00 -8.00000000000000044e-01  2.30000000000000027e+00
 7.02800000000000179e-08  1.00001330000760124e-05 -9.14108958230241964e-04  7.72662772155615295e-04 -1.25609517474754856e-04 -1.31005344236762379e-06  5.29830657605704670e-06 -2.06347637209654691e-09  2.84451530097076031e-09  4.00000000000000000e+00 -2.50000000000000000e+00  1.65000000000000013e+00 -1.00000000000000006e-01  1.60000000000000009e+00 -8.00000000000000044e-01  2.30000000000000027e+00
 7.12800000000000136e-08  1.00001330006982529e-05 -9.14108958219583823e-04  7.72662772158871913e-04 -1.25609517473689031e-04 -1.31005344320558184e-06  5.29830657621394346e-06 -2.06347635629800808e-09  2.84451527248080300e-09  4.00000000000000000e+00 -2.50000000000000000e+00  1.65000000000000013e+00 -1.00000000000000006e-01  1.60000000000000009e+00 -8.00000000000000044e-01  2.30000000000000027e+00
 7.22800000000000093e-08  1.00001330009994002e-05 -9.14108958209813860e-04  7.72662772166643474e-04 -1.25609517474429189e-04 -1.31005344306411526e-06  5.29830657605249813e-06 -2.06347634006925097e-09  2.84451528468215378e-09  4.00000000000000000e+00 -2.50000000000000000e+00  1.65000000000000013e+00 -1.00000000000000006e-01  1.60000000000000009e+00 -8.00000000000000044e-01  2.30000000000000027e+00
 7.32800000000000050e-08  1.00001330002556257e-05 -9.14108958216638045e-04  7.72662772156873512e-04 -1.25609517475376592e-04 -1.31005344286661683e-06  5.29830657562436872e-06 -2.06347634984985893e-09  2.84451530397044891e-09  4.00000000000000000e+00 -2.50000000000000000e+00  1.65000000000000013e+00 -1.00000000000000006e-01  1.60000000000000009e+00 -8.00000000000000044e-01  2.30000000000000027e+00
 7.42800000000000007e-08  1.00001329999987867e-05 -9.14108958221774670e-04  7.72662772152062582e-04 -1.25609517474843679e-04 -1.31005344292551081e-06  5.29830657627620038e-06 -2.06347634608159919e-09  2.84451525705686697e-09  4.00000000000000000e+00 -2.50000000000000000e+00  1.65000000000000013e+00 -1.00000000000000006e-01  1.60000000000000009e+00 -8.00000000000000044e-01  2.30000000000000027e+00
 7.52799999999999965e-08  1.00001330000526986e-05 -9.14108958211338573e-04  7.72662772152432620e-04 -1.25609517473407762e-04 -1.31005344274839559e-06  5.29830657566908528e-06 -2.06347635720715195e-09  2.84451527829739355e-09  4.00000000000000000e+00 -2.50000000000000000e+00  1.65000000000000013e+00 -1.00000000000000006e-01  1.60000000000000009e+00 -8.00000000000000044e-01  2.30000000000000027e+00
 7.62799999999999922e-08  1.00001329995097979e-05 -9.14108958208674038e-04  7.72662772149916078e-04 -1.25609517472489985e-04 -1.31005344297208810e-06  5.29830657612890304e-06 -2.06347633284197047e-09  2.84451524898137604e-09  4.00000000000000000e+00 -2.50000000000000000e+00  1.65000000000000013e+00 -1.00000000000000006e-01  1.60000000000000009e+00 -8.00000000000000044e-01  2.30000000000000027e+00
 7.72799999999999879e-08  1.00001329992208919e-05 -9.14108958210672440e-04  7.72662772154060983e-04 -1.25609517473481786e-04 -1.31005344329943033e-06  5.29830657642631156e-06 -2.06347632834327550e-09  2.84451527783825578e-09  4.00000000000000000e+00 -2.50000000000000000e+00  1.65000000000000013e+00 -1.00000000000000006e-01  1.60000000000000009e+00 -8.00000000000000044e-01  2.30000000000000027e+00
 7.82799999999999836e-08  1.00001329992124572e-05 -9.14108958194936871e-04  7.72662772153468792e-04 -1.25609517472993298e-04 -1.31005344307478364e-06  5.29830657638132479e-06 -2.06347635215027510e-09  2.84451524689534730e-09  4.00000000000000000e+00 -2.50000000000000000e+00  1.65000000000000013e+00 -1.00000000000000006e-01  1.60000000000000009e+00 -8.00000000000000044e-01  2.30000000000000027e+00
 7.92799999999999793e-08  1.00001329996287044e-05 -9.14108958217474399e-04  7.72662772155023104e-04 -1.25609517472356763e-04 -1.31005344293244971e-06  5.29830657673104521e-06 -2.06347633141022298e-09  2.84451526352656129e-09  4.00000000000000000e+00 -2.50000000000000000e+00  1.65000000000000013e+00 -1.00000000000000006e-01  1.60000000000000009e+00 -8.00000000000000044e-01  2.30000000000000027e+00
 8.02799999999999751e-08  1.00001329996813357e-05 -9.14108958202486388e-04  7.72662772150212174e-04 -1.25609517473259741e-04 -1.31005344297755252e-06  5.29830657558119291e-06 -2.06347633847415847e-09  2.84451527875978958e-09  4.00000000000000000e+00 -2.50000000000000000e+00  1.65000000000000013e+00 -1.00000000000000006e-01  1.60000000000000009e+00 -8.00000000000000044e-01  2.30000000000000027e+00
 8.12799999999999708e-08  1.00001329996156821e-05 -9.14108958177395348e-04  7.72662772152136524e-04 -1.25609517472238341e-04 -1.31005344249703412e-06  5.29830657488344867e-06 -2.06347637745641010e-09  2.84451531146812442e-09  4.00000000000000000e+00 -2.50000000000000000e+00  1.65000000000000013e+00 -1.00000000000000006e-01  1.60000000000000009e+00 -8.00000000000000044e-01  2.30000000000000027e+00
 8.22799999999999665e-08  1.00001329995896799e-05 -9.14108958223303070e-04  7.72662772133706822e-04 -1.25609517470846849e-04 -1.31005344314235125e-06  5.29830657655525962e-06 -2.06347635287222924e-09  2.84451525285620932e-09  4.00000000000000000e+00 -2.50000000000000000e+00  1.65000000000000013e+00 -1.00000000000000006e-01  1.60000000000000009e+00 -8.00000000000000044e-01  2.30000000000000027e+00
 8.32799999999999622e-08  1.00001329994852780e-05 -9.14108958216142131e-04  7.72662772152432620e-04 -1.25609517471498211e-04 -1.31005344331330812e-06  5.29830657641436162e-06 -2.06347631898651323e-09  2.84451526627417321e-09  4.00000000000000000e+00 -2.50000000000000000e+00  1.65000000000000013e+00 -1.00000000000000006e-01  1.60000000000000009e+00 -8.00000000000000044e-01  2.30000000000000027e+00
 8.42799999999999579e-08  1.00001329992440685e-05 -9.14108958210479994e-04  7.72662772144364963e-04 -1.25609517472786053e-04 -1.31005344318224989e-06  5.29830657630607608e-06 -2.06347633376198639e-09  2.84451527092424926e-09  4.00000000000000000e+00 -2.50000000000000000e+00  1.65000000000000013e+00 -1.00000000000000006e-01  1.60000000000000009e+00 -8.00000000000000044e-01  2.30000000000000027e+00
 8.52799999999999537e-08  1.00001329992305058e-05 -9.14108958226852097e-04  7.72662772141108345e-04 -1.25609517472564008e-04 -1.31005344307105416e-06  5.29830657601811198e-06 -2.06347635895899517e-09  2.84451526167438147e-09  4.00000000000000000e+00 -2.50000000000000000e+00  1.65000000000000013e+00 -1.00000000000000006e-01  1.60000000000000009e+00 -8.00000000000000044e-01  2.30000000000000027e+00
 8.62799999999999494e-08  1.00001329996151366e-05 -9.14108958219746670e-04  7.72662772129784070e-04 -1.25609517472830451e-04 -1.31005344295075091e-06  5.29830657673204725e-06 -2.06347632975912995e-09  2.84451524819443280e-09  4.00000000000000000e+00 -2.50000000000000000e+00  1.65000000000000013e+00 -1.00000000000000006e-01  1.60000000000000009e+00 -8.00000000000000044e-01  2.30000000000000027e+00
 8.72799999999999451e-08  1.00001329997394862e-05 -9.14108958208229949e-04  7.72662772151766486e-04 -1.25609517473230142e-04 -1.31005344293852124e-06  5.29830657599613910e-06 -2.06347633880708585e-09  2.84451527595692447e-09  4.00000000000000000e+00 -2.50000000000000000e+00  1.65000000000000013e+00 -1.00000000000000006e-01  1.60000000000000009e+00 -8.00000000000000044e-01  2.30000000000000027e+00
 8.82799999999999408e-08  1.00001329992198704e-05 -9.14108958219776268e-04  7.72662772141108345e-04 -1.25609517473289367e-04 -1.31005344311095280e-06  5.29830657599000912e-06 -2.06347634175891833e-09  2.84451528091624944e-09  4.00000000000000000e+00 -2.50000000000000000e+00  1.65000000000000013e+00 -1.00000000000000006e-01  1.60000000000000009e+00 -8.00000000000000044e-01  2.30000000000000027e+00
 8.92799999999999365e-08  1.00001329987537109e-05 -9.14108958209118127e-04  7.72662772147325594e-04 -1.25609517474073896e-04 -1.31005344311806512e-06  5.29830657575088749e-06 -2.06347634921165600e-09  2.84451529132510190e-09  4.00000000000000000e+00 -2.50000000000000000e+00  1.65000000000000013e+00 -1.00000000000000006e-01  1.60000000000000009e+00 -8.00000000000000044e-01  2.30000000000000027e+00
 9.02799999999999323e-08  1.00001329988871288e-05 -9.14108958221108536e-04  7.72662772139554033e-04 -1.25609517472756454e-04 -1.31005344285083088e-06  5.29830657570177567e-06 -2.06347635761257096e-09  2.84451525427114353e-09  4.00000000000000000e+00 -2.50000000000000000e+00  1.65000000000000013e+00 -1.00000000000000006e-01  1.60000000000000009e+00 -8.00000000000000044e-01  2.30000000000000027e+00
 9.12799999999999280e-08  1.00001329992430452e-05 -9.14108958230600943e-04  7.72662772148213772e-04 -1.25609517472016297e-04 -1.31005344300105789e-06  5.29830657660352356e-06 -2.06347633582935641e-09  2.84451524747588830e-09  4.00000000000000000e+00 -2.50000000000000000e+00  1.65000000000000013e+00 -1.00000000000000006e-01  1.60000000000000009e+00 -8.00000000000000044e-01  2.30000000000000027e+00
 9.22799999999999237e-08  1.00001329998116940e-05 -9.14108958221053025e-04  7.72662772145549237e-04 -1.25609517472341964e-04 -1.31005344313792762e-06  5.29830657661998395e-06 -2.06347633968538870e-09  2.84451524785404384e-09  4.00000000000000000e+00 -2.50000000000000000e+00  1.65000000000000013e+00 -1.00000000000000006e-01  1.60000000000000009e+00 -8.00000000000000044e-01  2.30000000000000027e+00
 9.32799999999999194e-08  1.00001330000328916e-05 -9.14108958214447198e-04  7.72662772161832544e-04 -1.25609517472578781e-04 -1.31005344275724264e-06  5.29830657585019109e-06 -2.06347633993765149e-09  2.84451529467339212e-09  4.00000000000000000e+00 -2.50000000000000000e+00  1.65000000000000013e+00 -1.00000000000000006e-01  1.60000000000000009e+00 -8.00000000000000044e-01  2.30000000000000027e+00
 9.42799999999999151e-08  1.00001329996920964e-05 -9.14108958207256661e-04  7.72662772158205780e-04 -1.25609517473185744e-04 -1.31005344352719961e-06  5.29830657648614004e-06 -2.06347633600520798e-09  2.84451524428458662e-09  4.00000000000000000e+00 -2.50000000000000000e+00  1.65000000000000013e+00 -1.00000000000000006e-01  1.60000000000000009e+00 -8.00000000000000044e-01  2.30000000000000027e+00
 9.52799999999999109e-08  1.00001329991985337e-05 -9.14108958225105339e-04  7.72662772145623288e-04 -1.25609517474340365e-04 -1.31005344305388035e-06  5.29830657601159745e-06 -2.06347633984874364e-09  2.84451529079411233e-09  4.00000000000000000e+00 -2.50000000000000000e+00  1.65000000000000013e+00 -1.00000000000000006e-01  1.60000000000000009e+00 -8.00000000000000044e-01  2.30000000000000027e+00
 9.62799999999999066e-08  1.00001329991016517e-05 -9.14108958209147726e-04  7.72662772154356970e-04 -1.25609517473156146e-04 -1.31005344254031538e-06  5.29830657591229385e-06 -2.06347636031786267e-09  2.84451527249900345e-09  4.00000000000000000e+00 -2.50000000000000000e+00  1.65000000000000013e+00 -1.00000000000000006e-01  1.60000000000000009e+00 -8.00000000000000044e-01  2.30000000000000027e+00
 9.72799999999999023e-08  1.00001329992448969e-05 -9.14108958204233146e-04  7.72662772135705223e-04 -1.25609517471394561e-04 -1.31005344262202082e-06  5.29830657557714493e-06 -2.06347636225851524e-09  2.84451528432224543e-09  4.00000000000000000e+00 -2.50000000000000000e+00  1.65000000000000013e+00 -1.00000000000000006e-01  1.60000000000000009e+00 -8.00000000000000044e-01  2.30000000000000027e+00
 9.82799999999998980e-08  1.00001329996616184e-05 -9.14108958212644929e-04  7.72662772130080166e-04 -1.25609517471305765e-04 -1.31005344357421057e-06  5.29830657680259239e-06 -2.06347632708637994e-09  2.84451523447443755e-09  4.00000000000000000e+00 -2.50000000000000000e+00  1.65000000000000013e+00 -1.00000000000000006e-01  1.60000000000000009e+00 -8.00000000000000044e-01  2.30000000000000027e+00
 9.92799999999998937e-08  1.00001329996770531e-05 -9.14108958196461585e-04  7.72662772137259536e-04 -1.25609517472623233e-04 -1.31005344349701538e-06  5.29830657637704558e-06 -2.06347632331240810e-09  2.84451526757104724e-09  4.00000000000000000e+00 -2.50000000000000000e+00  1.65000000000000013e+00 -1.00000000000000006e-01  1.60000000000000009e+00 -8.00000000000000044e-01  2.30000000000000027e+00
 1.00279999999999889e-07  1.00001329991918777e-05 -9.14108958229072543e-04  7.72662772146363364e-04 -1.25609517473008098e-04 -1.31005344277181436e-06  5.29830657603029401e-06 -2.06347633742236193e-09  2.84451526790074489e-09  4.00000000000000000e+00 -2.50000000000000000e+00  1.65000000000000013e+00 -1.00000000000000006e-01  1.60000000000000009e+00 -8.00000000000000044e-01  2.30000000000000027e+00
 1.01279999999999885e-07  1.00001329991413843e-05 -9.14108958227188850e-04  7.72662772144957154e-04 -1.25609517472860077e-04 -1.31005344326369507e-06  5.29830657686226671e-06 -2.06347634121931657e-09  2.84451523061054870e-09  4.00000000000000000e+00 -2.50000000000000000e+00  1.65000000000000013e+00 -1.00000000000000006e-01  1.60000000000000009e+00 -8.00000000000000044e-01  2.30000000000000027e+00
 1.02279999999999881e-07  1.00001329996283385e-05 -9.14108958230434409e-04  7.72662772162128531e-04 -1.25609517473600208e-04 -1.31005344307886041e-06  5.29830657643008933e-06 -2.06347632782615031e-09  2.84451524793327575e-09  4.00000000000000000e+00 -2.50000000000000000e+00  1.65000000000000013e+00 -1.00000000000000006e-01  1.60000000000000009e+00 -8.00000000000000044e-01  2.30000000000000027e+00
 1.03279999999999877e-07  1.00001329996954760e-05 -9.14108958187775933e-04  7.72662772161906487e-04 -1.25609517473822252e-04 -1.31005344266426150e-06  5.29830657524596776e-06 -2.06347635196361642e-09  2.84451531795913559e-09  4.00000000000000000e+00 -2.50000000000000000e+00  1.65000000000000013e+00 -1.00000000000000006e-01  1.60000000000000009e+00 -8.00000000000000044e-01  2.30000000000000027e+00
 1.04279999999999872e-07  1.00001329993790465e-05 -9.14108958208200350e-04  7.72662772162424627e-04 -1.25609517473200516e-04 -1.31005344315700958e-06  5.29830657635194969e-06 -2.06347636050859646e-09  2.84451527385806658e-09  4.00000000000000000e+00 -2.50000000000000000e+00  1.65000000000000013e+00 -1.00000000000000006e-01  1.60000000000000009e+00 -8.00000000000000044e-01  2.30000000000000027e+00
 1.05279999999999868e-07  1.00001329993871086e-05 -9.14108958223081025e-04  7.72662772155097155e-04 -1.25609517473511384e-04 -1.31005344316750474e-06  5.29830657629967674e-06 -2.06347633014264480e-09  2.84451524184322508e-09  4.00000000000000000e+00 -2.50000000000000000e+00  1.65000000000000013e+00 -1.00000000000000006e-01  1.60000000000000009e+00 -8.00000000000000044e-01  2.30000000000000027e+00
 1.06279999999999864e-07  1.00001329993072215e-05 -9.14108958226800272e-04  7.72662772155245149e-04 -1.25609517474059096e-04 -1.31005344330177238e-06  5.29830657619574750e-06 -2.06347633627635820e-09  2.84451528380236738e-09  4.00000000000000000e+00 -2.50000000000000000e+00  1.65000000000000013e+00 -1.00000000000000006e-01  1.60000000000000009e+00 -8.00000000000000044e-01  2.30000000000000027e+00
 1.07279999999999859e-07  1.00001329994412289e-05 -9.14108958228632140e-04  7.72662772156207378e-04 -1.25609517474147919e-04 -1.31005344294606725e-06  5.29830657599401898e-06 -2.06347635167055418e-09  2.84451526893892398e-09  4.00000000000000000e+00 -2.50000000000000000e+00  1.65000000000000013e+00 -1.00000000000000006e-01  1.60000000000000009e+00 -8.00000000000000044e-01  2.30000000000000027e+00
 1.08279999999999855e-07  1.00001329992459607e-05 -9.14108958233957524e-04  7.72662772155615295e-04 -1.25609517474873278e-04 -1.31005344298093514e-06  5.29830657608187239e-06 -2.06347633193327575e-09  2.84451527883595099e-09  4.00000000000000000e+00 -2.50000000000000000e+00  1.65000000000000013e+00 -1.00000000000000006e-01  1.60000000000000009e+00 -8.00000000000000044e-01  2.30000000000000027e+00
 1.09279999999999851e-07  1.00001329992488220e-05 -9.14108958230408497e-04  7.72662772154727117e-04 -1.25609517474325539e-04 -1.31005344278820741e-06  5.29830657591799946e-06 -2.06347637117691604e-09  2.84451527805025059e-09  4.00000000000000000e+00 -2.50000000000000000e+00  1.65000000000000013e+00 -1.00000000000000006e-01  1.60000000000000009e+00 -8.00000000000000044e-01  2.30000000000000027e+00
 1.10279999999999847e-07  1.00001329993762090e-05 -9.14108958219805867e-04  7.72662772136593402e-04 -1.25609517474266369e-04 -1.31005344283764703e-06  5.29830657587224105e-06 -2.06347633439737442e-09  2.84451527521378003e-09  4.00000000000000000e+00 -2.50000000000000000e+00  1.65000000000000013e+00 -1.00000000000000006e-01  1.60000000000000009e+00 -8.00000000000000044e-01  2.30000000000000027e+00
 1.11279999999999842e-07  1.00001329993699426e-05 -9.14108958212700440e-04  7.72662772126601395e-04 -1.25609517473185744e-04 -1.31005344298960876e-06  5.29830657580994516e-06 -2.06347635886951284e-09  2.84451527055679826e-09  4.00000000000000000e+00 -2.50000000000000000e+00  1.65000000000000013e+00 -1.00000000000000006e-01  1.60000000000000009e+00 -8.00000000000000044e-01  2.30000000000000027e+00
 1.12279999999999838e-07  1.00001329992942314e-05 -9.14108958212730039e-04  7.72662772144364963e-04 -1.25609517473407762e-04 -1.31005344328433832e-06  5.29830657662796384e-06 -2.06347632225293862e-09  2.84451524486834659e-09  4.00000000000000000e+00 -2.50000000000000000e+00  1.65000000000000013e+00 -1.00000000000000006e-01  1.60000000000000009e+00 -8.00000000000000044e-01  2.30000000000000027e+00
 1.13279999999999834e-07  1.00001329991925841e-05 -9.14108958228628454e-04  7.72662772134965147e-04 -1.25609517473644633e-04 -1.31005344345893828e-06  5.29830657650903873e-06 -2.06347633986099873e-09  2.84451525466711737e-09  4.00000000000000000e+00 -2.50000000000000000e+00  1.65000000000000013e+00 -1.00000000000000006e-01  1.60000000000000009e+00 -8.00000000000000044e-01  2.30000000000000027e+00
 1.14279999999999830e-07  1.00001329992482663e-05 -9.14108958230434409e-04  7.72662772162424627e-04 -1.25609517474740029e-04 -1.31005344316672399e-06  5.29830657705574682e-06 -2.06347630855964601e-09  2.84451524646375299e-09  4.00000000000000000e+00 -2.50000000000000000e+00  1.65000000000000013e+00 -1.00000000000000006e-01  1.60000000000000009e+00 -8.00000000000000044e-01  2.30000000000000027e+00
 1.15279999999999825e-07  1.00001329992058266e-05 -9.14108958212615330e-04  7.72662772159463996e-04 -1.25609517475554211e-04 -1.31005344287416304e-06  5.29830657589490850e-06 -2.06347635542309543e-09  2.84451526359270306e-09  4.00000000000000000e+00 -2.50000000000000000e+00  1.65000000000000013e+00 -1.00000000000000006e-01  1.60000000000000009e+00 -8.00000000000000044e-01  2.30000000000000027e+00
 1.16279999999999821e-07  1.00001329996122144e-05 -9.14108958211283062e-04  7.72662772162128531e-04 -1.25609517475761456e-04 -1.31005344297416968e-06  5.29830657563743674e-06 -2.06347635706893959e-09  2.84451528734490566e-09  4.00000000000000000e+00 -2.50000000000000000e+00  1.65000000000000013e+00 -1.00000000000000006e-01  1.60000000000000009e+00 -8.00000000000000044e-01  2.30000000000000027e+00
 1.17279999999999817e-07  1.00001329998276250e-05 -9.14108958219139733e-04  7.72662772156207378e-04 -1.25609517474458787e-04 -1.31005344302430323e-06  5.29830657561257209e-06 -2.06347635148240409e-09  2.84451526708381677e-09  4.00000000000000000e+00 -2.50000000000000000e+00  1.65000000000000013e+00 -1.00000000000000006e-01  1.60000000000000009e+00 -8.00000000000000044e-01  2.30000000000000027e+00
 1.18279999999999812e-07  1.00001329996514439e-05 -9.14108958202874966e-04  7.72662772154060983e-04 -1.25609517473718657e-04 -1.31005344287676513e-06  5.29830657618410588e-06 -2.06347633537269564e-09  2.84451528587736814e-09  4.00000000000000000e+00 -2.50000000000000000e+00  1.65000000000000013e+00 -1.00000000000000006e-01  1.60000000000000009e+00 -8.00000000000000044e-01  2.30000000000000027e+00
 1.19279999999999808e-07  1.00001329989730315e-05 -9.14108958222829382e-04  7.72662772149916078e-04 -1.25609517473792654e-04 -1.31005344286574946e-06  5.29830657598299315e-06 -2.06347634169566424e-09  2.84451526743750969e-09  4.00000000000000000e+00 -2.50000000000000000e+00  1.65000000000000013e+00 -1.00000000000000006e-01  1.60000000000000009e+00 -8.00000000000000044e-01  2.30000000000000027e+00
 1.20279999999999804e-07  1.00001329991082196e-05 -9.14108958216253153e-04  7.72662772148509868e-04 -1.25609517473570609e-04 -1.31005344298024121e-06  5.29830657612747664e-06 -2.06347636087667859e-09  2.84451527496797835e-09  4.00000000000000000e+00 -2.50000000000000000e+00  1.65000000000000013e+00 -1.00000000000000006e-01  1.60000000000000009e+00 -8.00000000000000044e-01  2.30000000000000027e+00
 1.21279999999999800e-07  1.00001329993206555e-05 -9.14108958211560618e-04  7.72662772144661059e-04 -1.25609517473452187e-04 -1.31005344318320386e-06  5.29830657597424245e-06 -2.06347634619457841e-09  2.84451526793203465e-09  4.00000000000000000e+00 -2.50000000000000000e+00  1.65000000000000013e+00 -1.00000000000000006e-01  1.60000000000000009e+00 -8.00000000000000044e-01  2.30000000000000027e+00
 1.22279999999999795e-07  1.00001329995520733e-05 -9.14108958204233146e-04  7.72662772155985333e-04 -1.25609517472978499e-04 -1.31005344293340368e-06  5.29830657626833653e-06 -2.06347634110617315e-09  2.84451527291970793e-09  4.00000000000000000e+00 -2.50000000000000000e+00  1.65000000000000013e+00 -1.00000000000000006e-01  1.60000000000000009e+00 -8.00000000000000044e-01  2.30000000000000027e+00
 1.23279999999999791e-07  1.00001329994705837e-05 -9.14108958228658053e-04  7.72662772141996523e-04 -1.25609517474236743e-04 -1.31005344338590647e-06  5.29830657660745548e-06 -2.06347632364750972e-09  2.84451525268069359e-09  4.00000000000000000e+00 -2.50000000000000000e+00  1.65000000000000013e+00 -1.00000000000000006e-01  1.60000000000000009e+00 -8.00000000000000044e-01  2.30000000000000027e+00
 1.24279999999999787e-07  1.00001329992728608e-05 -9.14108958215198442e-04  7.72662772150212174e-04 -1.25609517474355192e-04 -1.31005344291926585e-06  5.29830657599317025e-06 -2.06347634839540947e-09  2.84451527634410786e-09  4.00000000000000000e+00 -2.50000000000000000e+00  1.65000000000000013e+00 -1.00000000000000006e-01  1.60000000000000009e+00 -8.00000000000000044e-01  2.30000000000000027e+00
 1.25279999999999782e-07  1.00001329991026394e-05 -9.14108958216501111e-04  7.72662772141108345e-04 -1.25609517474281141e-04 -1.31005344314564727e-06  5.29830657646574772e-06 -2.06347632174644311e-09  2.84451523608239725e-09  4.00000000000000000e+00 -2.50000000000000000e+00  1.65000000000000013e+00 -1.00000000000000006e-01  1.60000000000000009e+00 -8.00000000000000044e-01  2.30000000000000027e+00
 1.26279999999999778e-07  1.00001329989169596e-05 -9.14108958225105339e-04  7.72662772158871913e-04 -1.25609517474888077e-04 -1.31005344338252363e-06  5.29830657612959676e-06 -2.06347634123112416e-09  2.84451527224846616e-09  4.00000000000000000e+00 -2.50000000000000000e+00  1.65000000000000013e+00 -1.00000000000000006e-01  1.60000000000000009e+00 -8.00000000000000044e-01  2.30000000000000027e+00
 1.27279999999999774e-07  1.00001329991512421e-05 -9.14108958213225953e-04  7.72662772162424627e-04 -1.25609517475524585e-04 -1.31005344282316213e-06  5.29830657619462941e-06 -2.06347634182350376e-09  2.84451524813442539e-09  4.00000000000000000e+00 -2.50000000000000000e+00  1.65000000000000013e+00 -1.00000000000000006e-01  1.60000000000000009e+00 -8.00000000000000044e-01  2.30000000000000027e+00
 1.28279999999999770e-07  1.00001329994121198e-05 -9.14108958201624122e-04  7.72662772148805855e-04 -1.25609517473807453e-04 -1.31005344261499531e-06  5.29830657561642693e-06 -2.06347637163615597e-09  2.84451530322228887e-09  4.00000000000000000e+00 -2.50000000000000000e+00  1.65000000000000013e+00 -1.00000000000000006e-01  1.60000000000000009e+00 -8.00000000000000044e-01  2.30000000000000027e+00
 1.29279999999999765e-07  1.00001329999626946e-05 -9.14108958225105339e-04  7.72662772148879906e-04 -1.25609517472401134e-04 -1.31005344329752218e-06  5.29830657701141481e-06 -2.06347634273902561e-09  2.84451522295519065e-09  4.00000000000000000e+00 -2.50000000000000000e+00  1.65000000000000013e+00 -1.00000000000000006e-01  1.60000000000000009e+00 -8.00000000000000044e-01  2.30000000000000027e+00
 1.30279999999999761e-07  1.00001330000524055e-05 -9.14108958215779466e-04  7.72662772141478383e-04 -1.25609517473511411e-04 -1.31005344299481293e-06  5.29830657604883556e-06 -2.06347633703474468e-09  2.84451530287343992e-09  4.00000000000000000e+00 -2.50000000000000000e+00  1.65000000000000013e+00 -1.00000000000000006e-01  1.60000000000000009e+00 -8.00000000000000044e-01  2.30000000000000027e+00
 1.31279999999999757e-07  1.00001330000487413e-05 -9.14108958194241139e-04  7.72662772148879906e-04 -1.25609517474532811e-04 -1.31005344316134639e-06  5.29830657612223435e-06 -2.06347633952274762e-09  2.84451527456919458e-09  4.00000000000000000e+00 -2.50000000000000000e+00  1.65000000000000013e+00 -1.00000000000000006e-01  1.60000000000000009e+00 -8.00000000000000044e-01  2.30000000000000027e+00
 1.32279999999999752e-07  1.00001329998341370e-05 -9.14108958218055423e-04  7.72662772134002918e-04 -1.25609517474695631e-04 -1.31005344291336775e-06  5.29830657541739622e-06 -2.06347635636257284e-09  2.84451530029732942e-09  4.00000000000000000e+00 -2.50000000000000000e+00  1.65000000000000013e+00 -1.00000000000000006e-01  1.60000000000000009e+00 -8.00000000000000044e-01  2.30000000000000027e+00
 1.33279999999999748e-07  1.00001329996211828e-05 -9.14108958185914466e-04  7.72662772144364963e-04 -1.25609517473600235e-04 -1.31005344275177822e-06  5.29830657569869162e-06 -2.06347634786148466e-09  2.84451525287625273e-09  4.00000000000000000e+00 -2.50000000000000000e+00  1.65000000000000013e+00 -1.00000000000000006e-01  1.60000000000000009e+00 -8.00000000000000044e-01  2.30000000000000027e+00
 1.34279999999999744e-07  1.00001329991501715e-05 -9.14108958204677235e-04  7.72662772147251543e-04 -1.25609517472312338e-04 -1.31005344279193711e-06  5.29830657573203677e-06 -2.06347635588048081e-09  2.84451529425891839e-09  4.00000000000000000e+00 -2.50000000000000000e+00  1.65000000000000013e+00 -1.00000000000000006e-01  1.60000000000000009e+00 -8.00000000000000044e-01  2.30000000000000027e+00
 1.35279999999999740e-07  1.00001329990877943e-05 -9.14108958204040700e-04  7.72662772129487974e-04 -1.25609517471720228e-04 -1.31005344314755542e-06  5.29830657649257833e-06 -2.06347634244363155e-09  2.84451525828339880e-09  4.00000000000000000e+00 -2.50000000000000000e+00  1.65000000000000013e+00 -1.00000000000000006e-01  1.60000000000000009e+00 -8.00000000000000044e-01  2.30000000000000027e+00
 1.36279999999999735e-07  1.00001329993310316e-05 -9.14108958216253153e-04  7.72662772133780873e-04 -1.25609517472638032e-04 -1.31005344322795981e-06  5.29830657674808328e-06 -2.06347631883923620e-09  2.84451523752058682e-09  4.00000000000000000e+00 -2.50000000000000000e+00  1.65000000000000013e+00 -1.00000000000000006e-01  1.60000000000000009e+00 -8.00000000000000044e-01  2.30000000000000027e+00
 1.37279999999999731e-07  1.00001329992212308e-05 -9.14108958215527822e-04  7.72662772142958753e-04 -1.25609517473999899e-04 -1.31005344339744221e-06  5.29830657589864730e-06 -2.06347633313845971e-09  2.84451527621379011e-09  4.00000000000000000e+00 -2.50000000000000000e+00  1.65000000000000013e+00 -1.00000000000000006e-01  1.60000000000000009e+00 -8.00000000000000044e-01  2.30000000000000027e+00
 1.38279999999999727e-07  1.00001329991705189e-05 -9.14108958198126919e-04  7.72662772151766486e-04 -1.25609517473881504e-04 -1.31005344286392813e-06  5.29830657648621712e-06 -2.06347635621783526e-09  2.84451525603947742e-09  4.00000000000000000e+00 -2.50000000000000000e+00  1.65000000000000013e+00 -1.00000000000000006e-01  1.60000000000000009e+00 -8.00000000000000044e-01  2.30000000000000027e+00
 1.39279999999999723e-07  1.00001329994734822e-05 -9.14108958228769075e-04  7.72662772147325594e-04 -1.25609517473407789e-04 -1.31005344291076567e-06  5.29830657641763794e-06 -2.06347632644082916e-09  2.84451524250367337e-09  4.00000000000000000e+00 -2.50000000000000000e+00  1.65000000000000013e+00 -1.00000000000000006e-01  1.60000000000000009e+00 -8.00000000000000044e-01  2.30000000000000027e+00
 1.40279999999999718e-07  1.00001329992978635e-05 -9.14108958195155230e-04  7.72662772148213772e-04 -1.25609517473452214e-04 -1.31005344296202662e-06  5.29830657542822892e-06 -2.06347635591288768e-09  2.84451530957015354e-09  4.00000000000000000e+00 -2.50000000000000000e+00  1.65000000000000013e+00 -1.00000000000000006e-01  1.60000000000000009e+00 -8.00000000000000044e-01  2.30000000000000027e+00
 1.41279999999999714e-07  1.00001329995213413e-05 -9.14108958214502709e-04  7.72662772147029498e-04 -1.25609517473156118e-04 -1.31005344315362695e-06  5.29830657659488806e-06 -2.06347634832577576e-09  2.84451525012692565e-09  4.00000000000000000e+00 -2.50000000000000000e+00  1.65000000000000013e+00 -1.00000000000000006e-01  1.60000000000000009e+00 -8.00000000000000044e-01  2.30000000000000027e+00
 1.42279999999999710e-07  1.00001329995153409e-05 -9.14108958211172040e-04  7.72662772130450204e-04 -1.25609517473170918e-04 -1.31005344297061362e-06  5.29830657630650044e-06 -2.06347634054730222e-09  2.84451527335391281e-09  4.00000000000000000e+00 -2.50000000000000000e+00  1.65000000000000013e+00 -1.00000000000000006e-01  1.60000000000000009e+00 -8.00000000000000044e-01  2.30000000000000027e+00
 1.43279999999999705e-07  1.00001329995659274e-05 -9.14108958218025824e-04  7.72662772137259536e-04 -1.25609517472741655e-04 -1.31005344307703887e-06  5.29830657531408445e-06 -2.06347635534249247e-09  2.84451527559088464e-09  4.00000000000000000e+00 -2.50000000000000000e+00  1.65000000000000013e+00 -1.00000000000000006e-01  1.60000000000000009e+00 -8.00000000000000044e-01  2.30000000000000027e+00
 1.44279999999999701e-07  1.00001329994297940e-05 -9.14108958217970313e-04  7.72662772155097155e-04 -1.25609517473156118e-04 -1.31005344325692961e-06  5.29830657633317605e-06 -2.06347632259874810e-09  2.84451524157084525e-09  4.00000000000000000e+00 -2.50000000000000000e+00  1.65000000000000013e+00 -1.00000000000000006e-01  1.60000000000000009e+00 -8.00000000000000044e-01  2.30000000000000027e+00
 1.45279999999999697e-07  1.00001329992306023e-05 -9.14108958198156518e-04  7.72662772129784070e-04 -1.25609517473185744e-04 -1.31005344287086703e-06  5.29830657605824186e-06 -2.06347634967143773e-09  2.84451529926237799e-09  4.00000000000000000e+00 -2.50000000000000000e+00  1.65000000000000013e+00 -1.00000000000000006e-01  1.60000000000000009e+00 -8.00000000000000044e-01  2.30000000000000027e+00
 1.46279999999999693e-07  1.00001329991320280e-05 -9.14108958218917689e-04  7.72662772126675446e-04 -1.25609517472712029e-04 -1.31005344296540945e-06  5.29830657637002961e-06 -2.06347634545562033e-09  2.84451525244541157e-09  4.00000000000000000e+00 -2.50000000000000000e+00  1.65000000000000013e+00 -1.00000000000000006e-01  1.60000000000000009e+00 -8.00000000000000044e-01  2.30000000000000027e+00
 1.47279999999999688e-07  1.00001329991371848e-05 -9.14108958223354895e-04  7.72662772131412433e-04 -1.25609517472445587e-04 -1.31005344314417258e-06  5.29830657659920623e-06 -2.06347632734555506e-09  2.84451522881506549e-09  4.00000000000000000e+00 -2.50000000000000000e+00  1.65000000000000013e+00 -1.00000000000000006e-01  1.60000000000000009e+00 -8.00000000000000044e-01  2.30000000000000027e+00
 1.48279999999999684e-07  1.00001329991226412e-05 -9.14108958223580625e-04  7.72662772157169607e-04 -1.25609517473170918e-04 -1.31005344327739943e-06  5.29830657642349771e-06 -2.06347632627990779e-09  2.84451526072580135e-09  4.00000000000000000e+00 -2.50000000000000000e+00  1.65000000000000013e+00 -1.00000000000000006e-01  1.60000000000000009e+00 -8.00000000000000044e-01  2.30000000000000027e+00
 1.49279999999999680e-07  1.00001329993883741e-05 -9.14108958224243073e-04  7.72662772163386856e-04 -1.25609517474177545e-04 -1.31005344311624358e-06  5.29830657606988348e-06 -2.06347634647337136e-09  2.84451528174190721e-09  4.00000000000000000e+00 -2.50000000000000000e+00  1.65000000000000013e+00 -1.00000000000000006e-01  1.60000000000000009e+00 -8.00000000000000044e-01  2.30000000000000027e+00
 1.50279999999999675e-07  1.00001329992269042e-05 -9.14108958211364486e-04  7.72662772141404441e-04 -1.25609517474932475e-04 -1.31005344310583524e-06  5.29830657552599007e-06 -2.06347634571051314e-09  2.84451528504665837e-09  4.00000000000000000e+00 -2.50000000000000000e+00  1.65000000000000013e+00 -1.00000000000000006e-01  1.60000000000000009e+00 -8.00000000000000044e-01  2.30000000000000027e+00
 1.51279999999999671e-07  1.00001329989638276e-05 -9.14108958203844568e-04  7.72662772152432620e-04 -1.25609517474029497e-04 -1.31005344299993049e-06  5.29830657599478978e-06 -2.06347635774035423e-09  2.84451526287845949e-09  4.00000000000000000e+00 -2.50000000000000000e+00  1.65000000000000013e+00 -1.00000000000000006e-01  1.60000000000000009e+00 -8.00000000000000044e-01  2.30000000000000027e+00
 1.52279999999999667e-07  1.00001329987513612e-05 -9.14108958199348165e-04  7.72662772156207378e-04 -1.25609517473392962e-04 -1.31005344284727483e-06  5.29830657622531487e-06 -2.06347633433268807e-09  2.84451525345441806e-09  4.00000000000000000e+00 -2.50000000000000000e+00  1.65000000000000013e+00 -1.00000000000000006e-01  1.60000000000000009e+00 -8.00000000000000044e-01  2.30000000000000027e+00
 1.53279999999999663e-07  1.00001329989888049e-05 -9.14108958203652122e-04  7.72662772147325594e-04 -1.25609517472578808e-04 -1.31005344269366498e-06  5.29830657593426673e-06 -2.06347635640167491e-09  2.84451529138522718e-09  4.00000000000000000e+00 -2.50000000000000000e+00  1.65000000000000013e+00 -1.00000000000000006e-01  1.60000000000000009e+00 -8.00000000000000044e-01  2.30000000000000027e+00
 1.54279999999999658e-07  1.00001329994079151e-05 -9.14108958207870970e-04  7.72662772139554033e-04 -1.25609517472297566e-04 -1.31005344295751638e-06  5.29830657606433288e-06 -2.06347634249755091e-09  2.84451524836512317e-09  4.00000000000000000e+00 -2.50000000000000000e+00  1.65000000000000013e+00 -1.00000000000000006e-01  1.60000000000000009e+00 -8.00000000000000044e-01  2.30000000000000027e+00
 1.55279999999999654e-07  1.00001329996032816e-05 -9.14108958213810663e-04  7.72662772142810651e-04 -1.25609517471379762e-04 -1.31005344275264558e-06  5.29830657584672164e-06 -2.06347636821213943e-09  2.84451530007953483e-09  4.00000000000000000e+00 -2.50000000000000000e+00  1.65000000000000013e+00 -1.00000000000000006e-01  1.60000000000000009e+00 -8.00000000000000044e-01  2.30000000000000027e+00
 1.56279999999999650e-07  1.00001329997830304e-05 -9.14108958211368172e-04  7.72662772123344777e-04 -1.25609517471187316e-04 -1.31005344299221085e-06  5.29830657620203163e-06 -2.06347634278566702e-09  2.84451527548900577e-09  4.00000000000000000e+00 -2.50000000000000000e+00  1.65000000000000013e+00 -1.00000000000000006e-01  1.60000000000000009e+00 -8.00000000000000044e-01  2.30000000000000027e+00
 1.57279999999999645e-07  1.00001330000094779e-05 -9.14108958193989496e-04  7.72662772141478383e-04 -1.25609517471498184e-04 -1.31005344331591021e-06  5.29830657647110605e-06 -2.06347633148571438e-09  2.84451525572721302e-09  4.00000000000000000e+00 -2.50000000000000000e+00  1.65000000000000013e+00 -1.00000000000000006e-01  1.60000000000000009e+00 -8.00000000000000044e-01  2.30000000000000027e+00
 1.58279999999999641e-07  1.00001329997563929e-05 -9.14108958208507505e-04  7.72662772155023104e-04 -1.25609517472993271e-04 -1.31005344340325370e-06  5.29830657677460558e-06 -2.06347631237585865e-09  2.84451523342314765e-09  4.00000000000000000e+00 -2.50000000000000000e+00  1.65000000000000013e+00 -1.00000000000000006e-01  1.60000000000000009e+00 -8.00000000000000044e-01  2.30000000000000027e+00
 1.59279999999999637e-07  1.00001329997549327e-05 -9.14108958200291854e-04  7.72662772144661059e-04 -1.25609517474414389e-04 -1.31005344326352164e-06  5.29830657588947224e-06 -2.06347634465863347e-09  2.84451529676216379e-09  4.00000000000000000e+00 -2.50000000000000000e+00  1.65000000000000013e+00 -1.00000000000000006e-01  1.60000000000000009e+00 -8.00000000000000044e-01  2.30000000000000027e+00
 1.60279999999999633e-07  1.00001329993436304e-05 -9.14108958219968714e-04  7.72662772138147714e-04 -1.25609517473333765e-04 -1.31005344272757891e-06  5.29830657594463696e-06 -2.06347636648010222e-09  2.84451526058040285e-09  4.00000000000000000e+00 -2.50000000000000000e+00  1.65000000000000013e+00 -1.00000000000000006e-01  1.60000000000000009e+00 -8.00000000000000044e-01  2.30000000000000027e+00
 1.61279999999999628e-07  1.00001329992813057e-05 -9.14108958190048204e-04  7.72662772131856523e-04 -1.25609517471690657e-04 -1.31005344228947441e-06  5.29830657578272915e-06 -2.06347635495809667e-09  2.84451529256226631e-09  4.00000000000000000e+00 -2.50000000000000000e+00  1.65000000000000013e+00 -1.00000000000000006e-01  1.60000000000000009e+00 -8.00000000000000044e-01  2.30000000000000027e+00
 1.62279999999999624e-07  1.00001329989346185e-05 -9.14108958201931276e-04  7.72662772139850128e-04 -1.25609517471646231e-04 -1.31005344322648534e-06  5.29830657605793354e-06 -2.06347632262331453e-09  2.84451525312157754e-09  4.00000000000000000e+00 -2.50000000000000000e+00  1.65000000000000013e+00 -1.00000000000000006e-01  1.60000000000000009e+00 -8.00000000000000044e-01  2.30000000000000027e+00
 1.63279999999999620e-07  1.00001329988724361e-05 -9.14108958209036704e-04  7.72662772140220167e-04 -1.25609517471838650e-04 -1.31005344325241937e-06  5.29830657615068365e-06 -2.06347633543519161e-09  2.84451524799712665e-09  4.00000000000000000e+00 -2.50000000000000000e+00  1.65000000000000013e+00 -1.00000000000000006e-01  1.60000000000000009e+00 -8.00000000000000044e-01  2.30000000000000027e+00
 1.64279999999999616e-07  1.00001329987443444e-05 -9.14108958200573096e-04  7.72662772147917677e-04 -1.25609517471868276e-04 -1.31005344308406458e-06  5.29830657597551469e-06 -2.06347635953757865e-09  2.84451530115933061e-09  4.00000000000000000e+00 -2.50000000000000000e+00  1.65000000000000013e+00 -1.00000000000000006e-01  1.60000000000000009e+00 -8.00000000000000044e-01  2.30000000000000027e+00
 1.65279999999999611e-07  1.00001329988552617e-05 -9.14108958207341771e-04  7.72662772148583810e-04 -1.25609517472356763e-04 -1.31005344341296811e-06  5.29830657682383344e-06 -2.06347632667816506e-09  2.84451523211389362e-09  4.00000000000000000e+00 -2.50000000000000000e+00  1.65000000000000013e+00 -1.00000000000000006e-01  1.60000000000000009e+00 -8.00000000000000044e-01  2.30000000000000027e+00
 1.66279999999999607e-07  1.00001329994090349e-05 -9.14108958212948397e-04  7.72662772140812249e-04 -1.25609517473096921e-04 -1.31005344303453814e-06  5.29830657659126445e-06 -2.06347634529125706e-09  2.84451525889242997e-09  4.00000000000000000e+00 -2.50000000000000000e+00  1.65000000000000013e+00 -1.00000000000000006e-01  1.60000000000000009e+00 -8.00000000000000044e-01  2.30000000000000027e+00
 1.67279999999999603e-07  1.00001329996825452e-05 -9.14108958225190449e-04  7.72662772140812249e-04 -1.25609517473215343e-04 -1.31005344283686649e-06  5.29830657631421014e-06 -2.06347634451999138e-09  2.84451528018624890e-09  4.00000000000000000e+00 -2.50000000000000000e+00  1.65000000000000013e+00 -1.00000000000000006e-01  1.60000000000000009e+00 -8.00000000000000044e-01  2.30000000000000027e+00
 1.68279999999999598e-07  1.00001329996306763e-05 -9.14108958207870970e-04  7.72662772137555631e-04 -1.25609517473674259e-04 -1.31005344275811000e-06  5.29830657568832224e-06 -2.06347633679577675e-09  2.84451525393718797e-09  4.00000000000000000e+00 -2.50000000000000000e+00  1.65000000000000013e+00 -1.00000000000000006e-01  1.60000000000000009e+00 -8.00000000000000044e-01  2.30000000000000027e+00
 1.69279999999999594e-07  1.00001329994232278e-05 -9.14108958214976397e-04  7.72662772132448605e-04 -1.25609517472860050e-04 -1.31005344285872396e-06  5.29830657567791390e-06 -2.06347635156269355e-09  2.84451529749933475e-09  4.00000000000000000e+00 -2.50000000000000000e+00  1.65000000000000013e+00 -1.00000000000000006e-01  1.60000000000000009e+00 -8.00000000000000044e-01  2.30000000000000027e+00
 1.70279999999999590e-07  1.00001329993606422e-05 -9.14108958207870970e-04  7.72662772143772880e-04 -1.25609517472593607e-04 -1.31005344316759135e-06  5.29830657639084629e-06 -2.06347634792773562e-09  2.84451527321307622e-09  4.00000000000000000e+00 -2.50000000000000000e+00  1.65000000000000013e+00 -1.00000000000000006e-01  1.60000000000000009e+00 -8.00000000000000044e-01  2.30000000000000027e+00
 1.71279999999999586e-07  1.00001329994840278e-05 -9.14108958202871280e-04  7.72662772131042287e-04 -1.25609517472327165e-04 -1.31005344310236579e-06  5.29830657604848912e-06 -2.06347634988090881e-09  2.84451527588115018e-09  4.00000000000000000e+00 -2.50000000000000000e+00  1.65000000000000013e+00 -1.00000000000000006e-01  1.60000000000000009e+00 -8.00000000000000044e-01  2.30000000000000027e+00
 1.72279999999999581e-07  1.00001329992033922e-05 -9.14108958222440804e-04  7.72662772141404441e-04 -1.25609517473052496e-04 -1.31005344323602632e-06  5.29830657602693976e-06 -2.06347633113315387e-09  2.84451525858358927e-09  4.00000000000000000e+00 -2.50000000000000000e+00  1.65000000000000013e+00 -1.00000000000000006e-01  1.60000000000000009e+00 -8.00000000000000044e-01  2.30000000000000027e+00
 1.73279999999999577e-07  1.00001329990987413e-05 -9.14108958194992383e-04  7.72662772130154108e-04 -1.25609517472341964e-04 -1.31005344286479549e-06  5.29830657617843922e-06 -2.06347634410724852e-09  2.84451525227043103e-09  4.00000000000000000e+00 -2.50000000000000000e+00  1.65000000000000013e+00 -1.00000000000000006e-01  1.60000000000000009e+00 -8.00000000000000044e-01  2.30000000000000027e+00
 1.74279999999999573e-07  1.00001329991148061e-05 -9.14108958198267540e-04  7.72662772130450204e-04 -1.25609517472001497e-04 -1.31005344299151692e-06  5.29830657665579650e-06 -2.06347632825280179e-09  2.84451524603022763e-09  4.00000000000000000e+00 -2.50000000000000000e+00  1.65000000000000013e+00 -1.00000000000000006e-01  1.60000000000000009e+00 -8.00000000000000044e-01  2.30000000000000027e+00
 1.75279999999999568e-07  1.00001329991734073e-05 -9.14108958194326249e-04  7.72662772140812249e-04 -1.25609517472904475e-04 -1.31005344345121864e-06  5.29830657673370490e-06 -2.06347632412304137e-09  2.84451525846322952e-09  4.00000000000000000e+00 -2.50000000000000000e+00  1.65000000000000013e+00 -1.00000000000000006e-01  1.60000000000000009e+00 -8.00000000000000044e-01  2.30000000000000027e+00
 1.76279999999999564e-07  1.00001329992508193e-05 -9.14108958186277132e-04  7.72662772142810651e-04 -1.25609517473452187e-04 -1.31005344302083378e-06  5.29830657581214237e-06 -2.06347634895452649e-09  2.84451528360780954e-09  4.00000000000000000e+00 -2.50000000000000000e+00  1.65000000000000013e+00 -1.00000000000000006e-01  1.60000000000000009e+00 -8.00000000000000044e-01  2.30000000000000027e+00
 1.77279999999999560e-07  1.00001329990959326e-05 -9.14108958200014299e-04  7.72662772137037491e-04 -1.25609517472667631e-04 -1.31005344269921601e-06  5.29830657567587001e-06 -2.06347636147917875e-09  2.84451527117628623e-09  4.00000000000000000e+00 -2.50000000000000000e+00  1.65000000000000013e+00 -1.00000000000000006e-01  1.60000000000000009e+00 -8.00000000000000044e-01  2.30000000000000027e+00
 1.78279999999999556e-07  1.00001329987904959e-05 -9.14108958193075405e-04  7.72662772148213772e-04 -1.25609517472608407e-04 -1.31005344306437530e-06  5.29830657548990816e-06 -2.06347634164689905e-09  2.84451528209962560e-09  4.00000000000000000e+00 -2.50000000000000000e+00  1.65000000000000013e+00 -1.00000000000000006e-01  1.60000000000000009e+00 -8.00000000000000044e-01  2.30000000000000027e+00
 1.79279999999999551e-07  1.00001329985557932e-05 -9.14108958209673239e-04  7.72662772147029498e-04 -1.25609517471809051e-04 -1.31005344274319142e-06  5.29830657565601725e-06 -2.06347635651377277e-09  2.84451526952338126e-09  4.00000000000000000e+00 -2.50000000000000000e+00  1.65000000000000013e+00 -1.00000000000000006e-01  1.60000000000000009e+00 -8.00000000000000044e-01  2.30000000000000027e+00
 1.80279999999999547e-07  1.00001329988295322e-05 -9.14108958214225153e-04  7.72662772137555631e-04 -1.25609517471364962e-04 -1.31005344317348945e-06  5.29830657635430105e-06 -2.06347634432640382e-09  2.84451528494842240e-09  4.00000000000000000e+00 -2.50000000000000000e+00  1.65000000000000013e+00 -1.00000000000000006e-01  1.60000000000000009e+00 -8.00000000000000044e-01  2.30000000000000027e+00
 1.81279999999999543e-07  1.00001329991038557e-05 -9.14108958214920886e-04  7.72662772140442211e-04 -1.25609517470832050e-04 -1.31005344281171300e-06  5.29830657676165275e-06 -2.06347633604990592e-09  2.84451523130053685e-09  4.00000000000000000e+00 -2.50000000000000000e+00  1.65000000000000013e+00 -1.00000000000000006e-01  1.60000000000000009e+00 -8.00000000000000044e-01  2.30000000000000027e+00
 1.82279999999999538e-07  1.00001329992384204e-05 -9.14108958223580625e-04  7.72662772137259536e-04 -1.25609517472593607e-04 -1.31005344365487522e-06  5.29830657668563324e-06 -2.06347630903494109e-09  2.84451525747880808e-09  4.00000000000000000e+00 -2.50000000000000000e+00  1.65000000000000013e+00 -1.00000000000000006e-01  1.60000000000000009e+00 -8.00000000000000044e-01  2.30000000000000027e+00
 1.83279999999999534e-07  1.00001329989449252e-05 -9.14108958219332179e-04  7.72662772148213772e-04 -1.25609517474577182e-04 -1.31005344308406458e-06  5.29830657608846484e-06 -2.06347635031518401e-09  2.84451528444437245e-09  4.00000000000000000e+00 -2.50000000000000000e+00  1.65000000000000013e+00 -1.00000000000000006e-01  1.60000000000000009e+00 -8.00000000000000044e-01  2.30000000000000027e+00
 1.84279999999999530e-07  1.00001329990894324e-05 -9.14108958202512300e-04  7.72662772130154108e-04 -1.25609517474014725e-04 -1.31005344249590650e-06  5.29830657580107927e-06 -2.06347635097415827e-09  2.84451525747976389e-09  4.00000000000000000e+00 -2.50000000000000000e+00  1.65000000000000013e+00 -1.00000000000000006e-01  1.60000000000000009e+00 -8.00000000000000044e-01  2.30000000000000027e+00
 1.85279999999999526e-07  1.00001329995454580e-05 -9.14108958214114131e-04  7.72662772140146115e-04 -1.25609517472963700e-04 -1.31005344316386186e-06  5.29830657619601770e-06 -2.06347636010707182e-09  2.84451529549498306e-09  4.00000000000000000e+00 -2.50000000000000000e+00  1.65000000000000013e+00 -1.00000000000000006e-01  1.60000000000000009e+00 -8.00000000000000044e-01  2.30000000000000027e+00
 1.86279999999999521e-07  1.00001329994599704e-05 -9.14108958174479169e-04  7.72662772136075370e-04 -1.25609517472445587e-04 -1.31005344265125108e-06  5.29830657527329897e-06 -2.06347635209459716e-09  2.84451529336196675e-09  4.00000000000000000e+00 -2.50000000000000000e+00  1.65000000000000013e+00 -1.00000000000000006e-01  1.60000000000000009e+00 -8.00000000000000044e-01  2.30000000000000027e+00
 1.87279999999999517e-07  1.00001329993740609e-05 -9.14108958184304643e-04  7.72662772138961950e-04 -1.25609517471438959e-04 -1.31005344297581780e-06  5.29830657559622689e-06 -2.06347635100734558e-09  2.84451525460532615e-09  4.00000000000000000e+00 -2.50000000000000000e+00  1.65000000000000013e+00 -1.00000000000000006e-01  1.60000000000000009e+00 -8.00000000000000044e-01  2.30000000000000027e+00
 1.88279999999999513e-07  1.00001329994303090e-05 -9.14108958197601407e-04  7.72662772139257937e-04 -1.25609517471187343e-04 -1.31005344330697655e-06  5.29830657664727704e-06 -2.06347633115460722e-09  2.84451524415280392e-09  4.00000000000000000e+00 -2.50000000000000000e+00  1.65000000000000013e+00 -1.00000000000000006e-01  1.60000000000000009e+00 -8.00000000000000044e-01  2.30000000000000027e+00
 1.89279999999999508e-07  1.00001329991615607e-05 -9.14108958208315059e-04  7.72662772134595000e-04 -1.25609517472223542e-04 -1.31005344328789459e-06  5.29830657670043683e-06 -2.06347632531983896e-09  2.84451527452099145e-09  4.00000000000000000e+00 -2.50000000000000000e+00  1.65000000000000013e+00 -1.00000000000000006e-01  1.60000000000000009e+00 -8.00000000000000044e-01  2.30000000000000027e+00
 1.90279999999999504e-07  1.00001329989727265e-05 -9.14108958231185653e-04  7.72662772158871913e-04 -1.25609517473763055e-04 -1.31005344354402634e-06  5.29830657669685134e-06 -2.06347631524105927e-09  2.84451522765185847e-09  4.00000000000000000e+00 -2.50000000000000000e+00  1.65000000000000013e+00 -1.00000000000000006e-01  1.60000000000000009e+00 -8.00000000000000044e-01  2.30000000000000027e+00
 1.91279999999999500e-07  1.00001329989381659e-05 -9.14108958201709232e-04  7.72662772151174403e-04 -1.25609517475509786e-04 -1.31005344292906687e-06  5.29830657641478513e-06 -2.06347632922554262e-09  2.84451526797515806e-09  4.00000000000000000e+00 -2.50000000000000000e+00  1.65000000000000013e+00 -1.00000000000000006e-01  1.60000000000000009e+00 -8.00000000000000044e-01  2.30000000000000027e+00
 1.92279999999999496e-07  1.00001329989757894e-05 -9.14108958216279066e-04  7.72662772147917677e-04 -1.25609517474162719e-04 -1.31005344257414249e-06  5.29830657564271799e-06 -2.06347637993007015e-09  2.84451528228953055e-09  4.00000000000000000e+00 -2.50000000000000000e+00  1.65000000000000013e+00 -1.00000000000000006e-01  1.60000000000000009e+00 -8.00000000000000044e-01  2.30000000000000027e+00
 1.93279999999999491e-07  1.00001329989813070e-05 -9.14108958212060218e-04  7.72662772134002918e-04 -1.25609517472578835e-04 -1.31005344271370112e-06  5.29830657613456969e-06 -2.06347634147670994e-09  2.84451526982115470e-09  4.00000000000000000e+00 -2.50000000000000000e+00  1.65000000000000013e+00 -1.00000000000000006e-01  1.60000000000000009e+00 -8.00000000000000044e-01  2.30000000000000027e+00
 1.94279999999999487e-07  1.00001329989779680e-05 -9.14108958191606202e-04  7.72662772149916078e-04 -1.25609517473067322e-04 -1.31005344344688183e-06  5.29830657632916704e-06 -2.06347633485509357e-09  2.84451525653000710e-09  4.00000000000000000e+00 -2.50000000000000000e+00  1.65000000000000013e+00 -1.00000000000000006e-01  1.60000000000000009e+00 -8.00000000000000044e-01  2.30000000000000027e+00
 1.95279999999999483e-07  1.00001329988663849e-05 -9.14108958194074605e-04  7.72662772150582212e-04 -1.25609517472564008e-04 -1.31005344276140602e-06  5.29830657545143593e-06 -2.06347635092978541e-09  2.84451528741959304e-09  4.00000000000000000e+00 -2.50000000000000000e+00  1.65000000000000013e+00 -1.00000000000000006e-01  1.60000000000000009e+00 -8.00000000000000044e-01  2.30000000000000027e+00
 1.96279999999999479e-07  1.00001329987384016e-05 -9.14108958219250756e-04  7.72662772142810651e-04 -1.25609517472904475e-04 -1.31005344350577582e-06  5.29830657665163333e-06 -2.06347631902609175e-09  2.84451524100198529e-09  4.00000000000000000e+00 -2.50000000000000000e+00  1.65000000000000013e+00 -1.00000000000000006e-01  1.60000000000000009e+00 -8.00000000000000044e-01  2.30000000000000027e+00
 1.97279999999999474e-07  1.00001329987065109e-05 -9.14108958220916090e-04  7.72662772150878308e-04 -1.25609517472800852e-04 -1.31005344295127142e-06  5.29830657591811466e-06 -2.06347635884660656e-09  2.84451529083072500e-09  4.00000000000000000e+00 -2.50000000000000000e+00  1.65000000000000013e+00 -1.00000000000000006e-01  1.60000000000000009e+00 -8.00000000000000044e-01  2.30000000000000027e+00
 1.98279999999999470e-07  1.00001329988565187e-05 -9.14108958224853696e-04  7.72662772140812249e-04 -1.25609517474059123e-04 -1.31005344329995083e-06  5.29830657660595200e-06 -2.06347632863116206e-09  2.84451524684837709e-09  4.00000000000000000e+00 -2.50000000000000000e+00  1.65000000000000013e+00 -1.00000000000000006e-01  1.60000000000000009e+00 -8.00000000000000044e-01  2.30000000000000027e+00
 1.99279999999999466e-07  1.00001329990488562e-05 -9.14108958225160850e-04  7.72662772141108345e-04 -1.25609517474399563e-04 -1.31005344289680106e-06  5.29830657630353159e-06 -2.06347633872039732e-09  2.84451525561727906e-09  4.00000000000000000e+00 -2.50000000000000000e+00  1.65000000000000013e+00 -1.00000000000000006e-01  1.60000000000000009e+00 -8.00000000000000044e-01  2.30000000000000027e+00
 2.00279999999999461e-07  1.00001329996623079e-05 -9.14108958207312172e-04  7.72662772149176002e-04 -1.25609517474369991e-04 -1.31005344301632355e-06  5.29830657598249255e-06 -2.06347635293111871e-09  2.84451528374568152e-09  4.00000000000000000e+00 -2.50000000000000000e+00  1.65000000000000013e+00 -1.00000000000000006e-01  1.60000000000000009e+00 -8.00000000000000044e-01  2.30000000000000027e+00
 2.01279999999999457e-07  1.00001329998138675e-05 -9.14108958220053824e-04  7.72662772143106746e-04 -1.25609517473481786e-04 -1.31005344283270311e-06  5.29830657568785892e-06 -2.06347635516182547e-09  2.84451525984840343e-09  4.00000000000000000e+00 -2.50000000000000000e+00  1.65000000000000013e+00 -1.00000000000000006e-01  1.60000000000000009e+00 -8.00000000000000044e-01  2.30000000000000027e+00
 2.02279999999999453e-07  1.00001329994307511e-05 -9.14108958206956879e-04  7.72662772130154108e-04 -1.25609517473215343e-04 -1.31005344293652627e-06  5.29830657610477108e-06 -2.06347633942310834e-09  2.84451528615511968e-09  4.00000000000000000e+00 -2.50000000000000000e+00  1.65000000000000013e+00 -1.00000000000000006e-01  1.60000000000000009e+00 -8.00000000000000044e-01  2.30000000000000027e+00
 2.03279999999999449e-07  1.00001329990539926e-05 -9.14108958207648925e-04  7.72662772154727117e-04 -1.25609517472889649e-04 -1.31005344297226153e-06  5.29830657628028647e-06 -2.06347633825929624e-09  2.84451527251068490e-09  4.00000000000000000e+00 -2.50000000000000000e+00  1.65000000000000013e+00 -1.00000000000000006e-01  1.60000000000000009e+00 -8.00000000000000044e-01  2.30000000000000027e+00
 2.04279999999999444e-07  1.00001329990642535e-05 -9.14108958218973200e-04  7.72662772132448605e-04 -1.25609517472786053e-04 -1.31005344328694041e-06  5.29830657637357613e-06 -2.06347634856133694e-09  2.84451526345782382e-09  4.00000000000000000e+00 -2.50000000000000000e+00  1.65000000000000013e+00 -1.00000000000000006e-01  1.60000000000000009e+00 -8.00000000000000044e-01  2.30000000000000027e+00
 2.05279999999999440e-07  1.00001329993039232e-05 -9.14108958206594213e-04  7.72662772137333587e-04 -1.25609517472741655e-04 -1.31005344294546013e-06  5.29830657708866761e-06 -2.06347633509578865e-09  2.84451523950508575e-09  4.00000000000000000e+00 -2.50000000000000000e+00  1.65000000000000013e+00 -1.00000000000000006e-01  1.60000000000000009e+00 -8.00000000000000044e-01  2.30000000000000027e+00
 2.06279999999999436e-07  1.00001329993327342e-05 -9.14108958232517921e-04  7.72662772147029498e-04 -1.25609517474577209e-04 -1.31005344328017494e-06  5.29830657571696382e-06 -2.06347633124919243e-09  2.84451527721933857e-09  4.00000000000000000e+00 -2.50000000000000000e+00  1.65000000000000013e+00 -1.00000000000000006e-01  1.60000000000000009e+00 -8.00000000000000044e-01  2.30000000000000027e+00
 2.07279999999999431e-07  1.00001329991116840e-05 -9.14108958216308665e-04  7.72662772155319200e-04 -1.25609517474236716e-04 -1.31005344311607015e-06  5.29830657551962970e-06 -2.06347635736526422e-09  2.84451528715089004e-09  4.00000000000000000e+00 -2.50000000000000000e+00  1.65000000000000013e+00 -1.00000000000000006e-01  1.60000000000000009e+00 -8.00000000000000044e-01  2.30000000000000027e+00
 2.08279999999999427e-07  1.00001329990818735e-05 -9.14108958198489585e-04  7.72662772158871913e-04 -1.25609517473407789e-04 -1.31005344275212508e-06  5.29830657634898169e-06 -2.06347633871910650e-09  2.84451525366232371e-09  4.00000000000000000e+00 -2.50000000000000000e+00  1.65000000000000013e+00 -1.00000000000000006e-01  1.60000000000000009e+00 -8.00000000000000044e-01  2.30000000000000027e+00
 2.09279999999999423e-07  1.00001329992446749e-05 -9.14108958195658516e-04  7.72662772151100352e-04 -1.25609517472889703e-04 -1.31005344303479839e-06  5.29830657599752654e-06 -2.06347634687808147e-09  2.84451528875410710e-09  4.00000000000000000e+00 -2.50000000000000000e+00  1.65000000000000013e+00 -1.00000000000000006e-01  1.60000000000000009e+00 -8.00000000000000044e-01  2.30000000000000027e+00
 2.10279999999999419e-07  1.00001329990009886e-05 -9.14108958209813860e-04  7.72662772134002918e-04 -1.25609517472415988e-04 -1.31005344286748419e-06  5.29830657622836081e-06 -2.06347635166005354e-09  2.84451525206290382e-09  4.00000000000000000e+00 -2.50000000000000000e+00  1.65000000000000013e+00 -1.00000000000000006e-01  1.60000000000000009e+00 -8.00000000000000044e-01  2.30000000000000027e+00
 2.11279999999999414e-07  1.00001329989883390e-05 -9.14108958213866174e-04  7.72662772133040688e-04 -1.25609517472341991e-04 -1.31005344293583233e-06  5.29830657654674016e-06 -2.06347633555330556e-09  2.84451525979638411e-09  4.00000000000000000e+00 -2.50000000000000000e+00  1.65000000000000013e+00 -1.00000000000000006e-01  1.60000000000000009e+00 -8.00000000000000044e-01  2.30000000000000027e+00
 2.12279999999999410e-07  1.00001329990752616e-05 -9.14108958223358581e-04  7.72662772130450204e-04 -1.25609517473437388e-04 -1.31005344363414535e-06  5.29830657667830894e-06 -2.06347632517481104e-09  2.84451526242306595e-09  4.00000000000000000e+00 -2.50000000000000000e+00  1.65000000000000013e+00 -1.00000000000000006e-01  1.60000000000000009e+00 -8.00000000000000044e-01  2.30000000000000027e+00
 2.13279999999999406e-07  1.00001329989856726e-05 -9.14108958225160850e-04  7.72662772134299013e-04 -1.25609517473837079e-04 -1.31005344307712569e-06  5.29830657633020805e-06 -2.06347633388862567e-09  2.84451524689869366e-09  4.00000000000000000e+00 -2.50000000000000000e+00  1.65000000000000013e+00 -1.00000000000000006e-01  1.60000000000000009e+00 -8.00000000000000044e-01  2.30000000000000027e+00
 2.14279999999999401e-07  1.00001329990860206e-05 -9.14108958227244361e-04  7.72662772155023104e-04 -1.25609517474221943e-04 -1.31005344290478074e-06  5.29830657627569894e-06 -2.06347633778922894e-09  2.84451527305129292e-09  4.00000000000000000e+00 -2.50000000000000000e+00  1.65000000000000013e+00 -1.00000000000000006e-01  1.60000000000000009e+00 -8.00000000000000044e-01  2.30000000000000027e+00
 2.15279999999999397e-07  1.00001329992945296e-05 -9.14108958227410895e-04  7.72662772163090761e-04 -1.25609517473333765e-04 -1.31005344290981148e-06  5.29830657643313526e-06 -2.06347635362901885e-09  2.84451523645775610e-09  4.00000000000000000e+00 -2.50000000000000000e+00  1.65000000000000013e+00 -1.00000000000000006e-01  1.60000000000000009e+00 -8.00000000000000044e-01  2.30000000000000027e+00
 2.16279999999999393e-07  1.00001329993693683e-05 -9.14108958220583023e-04  7.72662772165681245e-04 -1.25609517473970273e-04 -1.31005344303132895e-06  5.29830657606645300e-06 -2.06347633306033540e-09  2.84451531442890037e-09  4.00000000000000000e+00 -2.50000000000000000e+00  1.65000000000000013e+00 -1.00000000000000006e-01  1.60000000000000009e+00 -8.00000000000000044e-01  2.30000000000000027e+00
 2.17279999999999389e-07  1.00001329991084703e-05 -9.14108958219417289e-04  7.72662772161536449e-04 -1.25609517473511384e-04 -1.31005344271560927e-06  5.29830657564071306e-06 -2.06347635754166090e-09  2.84451525321760246e-09  4.00000000000000000e+00 -2.50000000000000000e+00  1.65000000000000013e+00 -1.00000000000000006e-01  1.60000000000000009e+00 -8.00000000000000044e-01  2.30000000000000027e+00
 2.18279999999999384e-07  1.00001329990818955e-05 -9.14108958212030620e-04  7.72662772132818644e-04 -1.25609517473259741e-04 -1.31005344315883112e-06  5.29830657623903850e-06 -2.06347634731198816e-09  2.84451529266123848e-09  4.00000000000000000e+00 -2.50000000000000000e+00  1.65000000000000013e+00 -1.00000000000000006e-01  1.60000000000000009e+00 -8.00000000000000044e-01  2.30000000000000027e+00
 2.19279999999999380e-07  1.00001329989692537e-05 -9.14108958194074605e-04  7.72662772146733511e-04 -1.25609517473333765e-04 -1.31005344281023831e-06  5.29830657592852300e-06 -2.06347634404771219e-09  2.84451527679142067e-09  4.00000000000000000e+00 -2.50000000000000000e+00  1.65000000000000013e+00 -1.00000000000000006e-01  1.60000000000000009e+00 -8.00000000000000044e-01  2.30000000000000027e+00
 2.20279999999999376e-07  1.00001329988429899e-05 -9.14108958206201949e-04  7.72662772141108345e-04 -1.25609517473215343e-04 -1.31005344322570459e-06  5.29830657589078345e-06 -2.06347635636651270e-09  2.84451527593236920e-09  4.00000000000000000e+00 -2.50000000000000000e+00  1.65000000000000013e+00 -1.00000000000000006e-01  1.60000000000000009e+00 -8.00000000000000044e-01  2.30000000000000027e+00
 2.21279999999999372e-07  1.00001329990802472e-05 -9.14108958218303380e-04  7.72662772140812249e-04 -1.25609517473067322e-04 -1.31005344296194001e-06  5.29830657633294481e-06 -2.06347633269307010e-09  2.84451524306735602e-09  4.00000000000000000e+00 -2.50000000000000000e+00  1.65000000000000013e+00 -1.00000000000000006e-01  1.60000000000000009e+00 -8.00000000000000044e-01  2.30000000000000027e+00
 2.22279999999999367e-07  1.00001329992662946e-05 -9.14108958202734345e-04  7.72662772140442211e-04 -1.25609517473200516e-04 -1.31005344300183865e-06  5.29830657532133167e-06 -2.06347635949850098e-09  2.84451531367698865e-09  4.00000000000000000e+00 -2.50000000000000000e+00  1.65000000000000013e+00 -1.00000000000000006e-01  1.60000000000000009e+00 -8.00000000000000044e-01  2.30000000000000027e+00
 2.23279999999999363e-07  1.00001329995966934e-05 -9.14108958210702038e-04  7.72662772132448605e-04 -1.25609517472638032e-04 -1.31005344295491429e-06  5.29830657617905586e-06 -2.06347635086135069e-09  2.84451523213879011e-09  4.00000000000000000e+00 -2.50000000000000000e+00  1.65000000000000013e+00 -1.00000000000000006e-01  1.60000000000000009e+00 -8.00000000000000044e-01  2.30000000000000027e+00
 2.24279999999999359e-07  1.00001329995460967e-05 -9.14108958201653721e-04  7.72662772130450204e-04 -1.25609517471646231e-04 -1.31005344297416968e-06  5.29830657604448012e-06 -2.06347634791520507e-09  2.84451527893847920e-09  4.00000000000000000e+00 -2.50000000000000000e+00  1.65000000000000013e+00 -1.00000000000000006e-01  1.60000000000000009e+00 -8.00000000000000044e-01  2.30000000000000027e+00
 2.25279999999999354e-07  1.00001329992871977e-05 -9.14108958219916889e-04  7.72662772135557230e-04 -1.25609517470728427e-04 -1.31005344271370112e-06  5.29830657659203525e-06 -2.06347632969191284e-09  2.84451526467807776e-09  4.00000000000000000e+00 -2.50000000000000000e+00  1.65000000000000013e+00 -1.00000000000000006e-01  1.60000000000000009e+00 -8.00000000000000044e-01  2.30000000000000027e+00
 2.26279999999999350e-07  1.00001329991296207e-05 -9.14108958209869371e-04  7.72662772138443810e-04 -1.25609517471675830e-04 -1.31005344355599598e-06  5.29830657626027955e-06 -2.06347633115921544e-09  2.84451526971288213e-09  4.00000000000000000e+00 -2.50000000000000000e+00  1.65000000000000013e+00 -1.00000000000000006e-01  1.60000000000000009e+00 -8.00000000000000044e-01  2.30000000000000027e+00
 2.27279999999999346e-07  1.00001329989598313e-05 -9.14108958219583823e-04  7.72662772128895892e-04 -1.25609517473200544e-04 -1.31005344285776978e-06  5.29830657608283631e-06 -2.06347633761689165e-09  2.84451526929365500e-09  4.00000000000000000e+00 -2.50000000000000000e+00  1.65000000000000013e+00 -1.00000000000000006e-01  1.60000000000000009e+00 -8.00000000000000044e-01  2.30000000000000027e+00
 2.28279999999999342e-07  1.00001329988099539e-05 -9.14108958207593414e-04  7.72662772129487974e-04 -1.25609517472549209e-04 -1.31005344261907187e-06  5.29830657555127909e-06 -2.06347636496723934e-09  2.84451528574848637e-09  4.00000000000000000e+00 -2.50000000000000000e+00  1.65000000000000013e+00 -1.00000000000000006e-01  1.60000000000000009e+00 -8.00000000000000044e-01  2.30000000000000027e+00
 2.29279999999999337e-07  1.00001329990070246e-05 -9.14108958202541899e-04  7.72662772129191987e-04 -1.25609517473141319e-04 -1.31005344331920622e-06  5.29830657596622444e-06 -2.06347633089132514e-09  2.84451527686063211e-09  4.00000000000000000e+00 -2.50000000000000000e+00  1.65000000000000013e+00 -1.00000000000000006e-01  1.60000000000000009e+00 -8.00000000000000044e-01  2.30000000000000027e+00
 2.30279999999999333e-07  1.00001329992970080e-05 -9.14108958166459651e-04  7.72662772140220167e-04 -1.25609517472726829e-04 -1.31005344297815963e-06  5.29830657568889992e-06 -2.06347635748537250e-09  2.84451525827510673e-09  4.00000000000000000e+00 -2.50000000000000000e+00  1.65000000000000013e+00 -1.00000000000000006e-01  1.60000000000000009e+00 -8.00000000000000044e-01  2.30000000000000027e+00
 2.31279999999999329e-07  1.00001329994558809e-05 -9.14108958189356158e-04  7.72662772137259536e-04 -1.25609517472327165e-04 -1.31005344328633330e-06  5.29830657684885225e-06 -2.06347633334245941e-09  2.84451525197189906e-09  4.00000000000000000e+00 -2.50000000000000000e+00  1.65000000000000013e+00 -1.00000000000000006e-01  1.60000000000000009e+00 -8.00000000000000044e-01  2.30000000000000027e+00
 2.32279999999999324e-07  1.00001329989997740e-05 -9.14108958182972375e-04  7.72662772151766486e-04 -1.25609517472741655e-04 -1.31005344306758471e-06  5.29830657564977208e-06 -2.06347633104015603e-09  2.84451526354757912e-09  4.00000000000000000e+00 -2.50000000000000000e+00  1.65000000000000013e+00 -1.00000000000000006e-01  1.60000000000000009e+00 -8.00000000000000044e-01  2.30000000000000027e+00
 2.33279999999999320e-07  1.00001329988943878e-05 -9.14108958190077803e-04  7.72662772147917677e-04 -1.25609517473363364e-04 -1.31005344301927249e-06  5.29830657636995253e-06 -2.06347633556127420e-09  2.84451525303670509e-09  4.00000000000000000e+00 -2.50000000000000000e+00  1.65000000000000013e+00 -1.00000000000000006e-01  1.60000000000000009e+00 -8.00000000000000044e-01  2.30000000000000027e+00
 2.34279999999999316e-07  1.00001329990728069e-05 -9.14108958209728750e-04  7.72662772152432620e-04 -1.25609517472978472e-04 -1.31005344304702807e-06  5.29830657641012137e-06 -2.06347635689175626e-09  2.84451527270683796e-09  4.00000000000000000e+00 -2.50000000000000000e+00  1.65000000000000013e+00 -1.00000000000000006e-01  1.60000000000000009e+00 -8.00000000000000044e-01  2.30000000000000027e+00
 2.35279999999999312e-07  1.00001329997923139e-05 -9.14108958214476797e-04  7.72662772142662657e-04 -1.25609517472578808e-04 -1.31005344296532263e-06  5.29830657679592370e-06 -2.06347634203134489e-09  2.84451525853039080e-09  4.00000000000000000e+00 -2.50000000000000000e+00  1.65000000000000013e+00 -1.00000000000000006e-01  1.60000000000000009e+00 -8.00000000000000044e-01  2.30000000000000027e+00
 2.36279999999999307e-07  1.00001330000104418e-05 -9.14108958219583823e-04  7.72662772142070574e-04 -1.25609517473082122e-04 -1.31005344313636633e-06  5.29830657642951165e-06 -2.06347633941169366e-09  2.84451526479904714e-09  4.00000000000000000e+00 -2.50000000000000000e+00  1.65000000000000013e+00 -1.00000000000000006e-01  1.60000000000000009e+00 -8.00000000000000044e-01  2.30000000000000027e+00
 2.37279999999999303e-07  1.00001329991735767e-05 -9.14108958232321789e-04  7.72662772137555631e-04 -1.25609517474828853e-04 -1.31005344346769851e-06  5.29830657639863306e-06 -2.06347630147795633e-09  2.84451525479288025e-09  4.00000000000000000e+00 -2.50000000000000000e+00  1.65000000000000013e+00 -1.00000000000000006e-01  1.60000000000000009e+00 -8.00000000000000044e-01  2.30000000000000027e+00
 2.38279999999999299e-07  1.00001329986171929e-05 -9.14108958222803469e-04  7.72662772158871913e-04 -1.25609517474784455e-04 -1.31005344295474086e-06  5.29830657587412993e-06 -2.06347634792098913e-09  2.84451526393155719e-09  4.00000000000000000e+00 -2.50000000000000000e+00  1.65000000000000013e+00 -1.00000000000000006e-01  1.60000000000000009e+00 -8.00000000000000044e-01  2.30000000000000027e+00
 2.39279999999999321e-07  1.00001329989079675e-05 -9.14108958228687651e-04  7.72662772155023104e-04 -1.25609517474340365e-04 -1.31005344303124213e-06  5.29830657588635008e-06 -2.06347636144614654e-09  2.84451527546188417e-09  4.00000000000000000e+00 -2.50000000000000000e+00  1.65000000000000013e+00 -1.00000000000000006e-01  1.60000000000000009e+00 -8.00000000000000044e-01  2.30000000000000027e+00
 2.40279999999999343e-07  1.00001329994432144e-05 -9.14108958225604939e-04  7.72662772150804257e-04 -1.25609517473659432e-04 -1.31005344279722789e-06  5.29830657662376171e-06 -2.06347634354894544e-09  2.84451522631620415e-09  4.00000000000000000e+00 -2.50000000000000000e+00  1.65000000000000013e+00 -1.00000000000000006e-01  1.60000000000000009e+00 -8.00000000000000044e-01  2.30000000000000027e+00
 2.41279999999999365e-07  1.00001329997549445e-05 -9.14108958225604939e-04  7.72662772140220167e-04 -1.25609517473170945e-04 -1.31005344309464635e-06  5.29830657643120741e-06 -2.06347633880665158e-09  2.84451528197086088e-09  4.00000000000000000e+00 -2.50000000000000000e+00  1.65000000000000013e+00 -1.00000000000000006e-01  1.60000000000000009e+00 -8.00000000000000044e-01  2.30000000000000027e+00
 2.42279999999999388e-07  1.00001329994900739e-05 -9.14108958206953193e-04  7.72662772150508269e-04 -1.25609517474073896e-04 -1.31005344306073242e-06  5.29830657578642984e-06 -2.06347634089686130e-09  2.84451529471876919e-09  4.00000000000000000e+00 -2.50000000000000000e+00  1.65000000000000013e+00 -1.00000000000000006e-01  1.60000000000000009e+00 -8.00000000000000044e-01  2.30000000000000027e+00
 2.43279999999999410e-07  1.00001329989315624e-05 -9.14108958210672440e-04  7.72662772130820242e-04 -1.25609517474325566e-04 -1.31005344286306077e-06  5.29830657589887854e-06 -2.06347634904500723e-09  2.84451528678747072e-09  4.00000000000000000e+00 -2.50000000000000000e+00  1.65000000000000013e+00 -1.00000000000000006e-01  1.60000000000000009e+00 -8.00000000000000044e-01  2.30000000000000027e+00
 2.44279999999999432e-07  1.00001329986882319e-05 -9.14108958207870970e-04  7.72662772130450204e-04 -1.25609517473703830e-04 -1.31005344257422931e-06  5.29830657514597044e-06 -2.06347636517712980e-09  2.84451528920109731e-09  4.00000000000000000e+00 -2.50000000000000000e+00  1.65000000000000013e+00 -1.00000000000000006e-01  1.60000000000000009e+00 -8.00000000000000044e-01  2.30000000000000027e+00
 2.45279999999999454e-07  1.00001329987233143e-05 -9.14108958177173303e-04  7.72662772129265930e-04 -1.25609517472638032e-04 -1.31005344316238718e-06  5.29830657606853501e-06 -2.06347635077705395e-09  2.84451526911669005e-09  4.00000000000000000e+00 -2.50000000000000000e+00  1.65000000000000013e+00 -1.00000000000000006e-01  1.60000000000000009e+00 -8.00000000000000044e-01  2.30000000000000027e+00
 2.46279999999999476e-07  1.00001329986430342e-05 -9.14108958205372968e-04  7.72662772130450204e-04 -1.25609517472341964e-04 -1.31005344302499716e-06  5.29830657620935593e-06 -2.06347633341969533e-09  2.84451525114029138e-09  4.00000000000000000e+00 -2.50000000000000000e+00  1.65000000000000013e+00 -1.00000000000000006e-01  1.60000000000000009e+00 -8.00000000000000044e-01  2.30000000000000027e+00
 2.47279999999999498e-07  1.00001329986848861e-05 -9.14108958192105803e-04  7.72662772143402842e-04 -1.25609517472119919e-04 -1.31005344316299450e-06  5.29830657634493371e-06 -2.06347633896700633e-09  2.84451525951191504e-09  4.00000000000000000e+00 -2.50000000000000000e+00  1.65000000000000013e+00 -1.00000000000000006e-01  1.60000000000000009e+00 -8.00000000000000044e-01  2.30000000000000027e+00
 2.48279999999999521e-07  1.00001329986781691e-05 -9.14108958199181631e-04  7.72662772128895892e-04 -1.25609517471276166e-04 -1.31005344263572517e-06  5.29830657552614423e-06 -2.06347635635373317e-09  2.84451526588312813e-09  4.00000000000000000e+00 -2.50000000000000000e+00  1.65000000000000013e+00 -1.00000000000000006e-01  1.60000000000000009e+00 -8.00000000000000044e-01  2.30000000000000027e+00
 2.49279999999999543e-07  1.00001329988856126e-05 -9.14108958192050292e-04  7.72662772125713216e-04 -1.25609517470521182e-04 -1.31005344293947521e-06  5.29830657590150011e-06 -2.06347634739328388e-09  2.84451527216621049e-09  4.00000000000000000e+00 -2.50000000000000000e+00  1.65000000000000013e+00 -1.00000000000000006e-01  1.60000000000000009e+00 -8.00000000000000044e-01  2.30000000000000027e+00
 2.50279999999999565e-07  1.00001329990477228e-05 -9.14108958213695954e-04  7.72662772133706822e-04 -1.25609517470965271e-04 -1.31005344332944113e-06  5.29830657669276525e-06 -2.06347632131412213e-09  2.84451528294274929e-09  4.00000000000000000e+00 -2.50000000000000000e+00  1.65000000000000013e+00 -1.00000000000000006e-01  1.60000000000000009e+00 -8.00000000000000044e-01  2.30000000000000027e+00
 2.51279999999999587e-07  1.00001329989658757e-05 -9.14108958207563815e-04  7.72662772140812249e-04 -1.25609517472445559e-04 -1.31005344334505364e-06  5.29830657640368307e-06 -2.06347634273556799e-09  2.84451524318321755e-09  4.00000000000000000e+00 -2.50000000000000000e+00  1.65000000000000013e+00 -1.00000000000000006e-01  1.60000000000000009e+00 -8.00000000000000044e-01  2.30000000000000027e+00
 2.52279999999999609e-07  1.00001329990823919e-05 -9.14108958201180033e-04  7.72662772133040688e-04 -1.25609517472652832e-04 -1.31005344259652047e-06  5.29830657564996520e-06 -2.06347634583657795e-09  2.84451529205743220e-09  4.00000000000000000e+00 -2.50000000000000000e+00  1.65000000000000013e+00 -1.00000000000000006e-01  1.60000000000000009e+00 -8.00000000000000044e-01  2.30000000000000027e+00
 2.53279999999999632e-07  1.00001329990019187e-05 -9.14108958213366574e-04  7.72662772129265930e-04 -1.25609517472105120e-04 -1.31005344316906603e-06  5.29830657606637592e-06 -2.06347635476089351e-09  2.84451525610812348e-09  4.00000000000000000e+00 -2.50000000000000000e+00  1.65000000000000013e+00 -1.00000000000000006e-01  1.60000000000000009e+00 -8.00000000000000044e-01  2.30000000000000027e+00
 2.54279999999999654e-07  1.00001329990671656e-05 -9.14108958213170441e-04  7.72662772155985333e-04 -1.25609517472341964e-04 -1.31005344318988271e-06  5.29830657659909019e-06 -2.06347632105328933e-09  2.84451524452554722e-09  4.00000000000000000e+00 -2.50000000000000000e+00  1.65000000000000013e+00 -1.00000000000000006e-01  1.60000000000000009e+00 -8.00000000000000044e-01  2.30000000000000027e+00
 2.55279999999999676e-07  1.00001329991522314e-05 -9.14108958226630052e-04  7.72662772145327192e-04 -1.25609517473452187e-04 -1.31005344345104521e-06  5.29830657671130765e-06 -2.06347632774745979e-09  2.84451526100417616e-09  4.00000000000000000e+00 -2.50000000000000000e+00  1.65000000000000013e+00 -1.00000000000000006e-01  1.60000000000000009e+00 -8.00000000000000044e-01  2.30000000000000027e+00
 2.56279999999999698e-07  1.00001329988507707e-05 -9.14108958222052226e-04  7.72662772144661059e-04 -1.25609517475006499e-04 -1.31005344307391628e-06  5.29830657608260507e-06 -2.06347632720396077e-09  2.84451526644995240e-09  4.00000000000000000e+00 -2.50000000000000000e+00  1.65000000000000013e+00 -1.00000000000000006e-01  1.60000000000000009e+00 -8.00000000000000044e-01  2.30000000000000027e+00
 2.57279999999999720e-07  1.00001329983483006e-05 -9.14108958191354559e-04  7.72662772154727117e-04 -1.25609517474162746e-04 -1.31005344287581094e-06  5.29830657506224123e-06 -2.06347636594889758e-09  2.84451528867613664e-09  4.00000000000000000e+00 -2.50000000000000000e+00  1.65000000000000013e+00 -1.00000000000000006e-01  1.60000000000000009e+00 -8.00000000000000044e-01  2.30000000000000027e+00
 2.58279999999999743e-07  1.00001329985107260e-05 -9.14108958209451194e-04  7.72662772152432620e-04 -1.25609517472904475e-04 -1.31005344285100431e-06  5.29830657664978257e-06 -2.06347633954279931e-09  2.84451522544945783e-09  4.00000000000000000e+00 -2.50000000000000000e+00  1.65000000000000013e+00 -1.00000000000000006e-01  1.60000000000000009e+00 -8.00000000000000044e-01  2.30000000000000027e+00
 2.59279999999999765e-07  1.00001329992099567e-05 -9.14108958219887291e-04  7.72662772154801059e-04 -1.25609517472371563e-04 -1.31005344284918298e-06  5.29830657639049901e-06 -2.06347633904934306e-09  2.84451528207509142e-09  4.00000000000000000e+00 -2.50000000000000000e+00  1.65000000000000013e+00 -1.00000000000000006e-01  1.60000000000000009e+00 -8.00000000000000044e-01  2.30000000000000027e+00
 2.60279999999999787e-07  1.00001329998750487e-05 -9.14108958221467515e-04  7.72662772137555631e-04 -1.25609517473259741e-04 -1.31005344324565391e-06  5.29830657643988103e-06 -2.06347634370706019e-09  2.84451526000768905e-09  4.00000000000000000e+00 -2.50000000000000000e+00  1.65000000000000013e+00 -1.00000000000000006e-01  1.60000000000000009e+00 -8.00000000000000044e-01  2.30000000000000027e+00
 2.61279999999999809e-07  1.00001329996620216e-05 -9.14108958214084532e-04  7.72662772126231356e-04 -1.25609517473363391e-04 -1.31005344274839559e-06  5.29830657579306041e-06 -2.06347635039499577e-09  2.84451527845297423e-09  4.00000000000000000e+00 -2.50000000000000000e+00  1.65000000000000013e+00 -1.00000000000000006e-01  1.60000000000000009e+00 -8.00000000000000044e-01  2.30000000000000027e+00
 2.62279999999999831e-07  1.00001329992857255e-05 -9.14108958208229949e-04  7.72662772140220167e-04 -1.25609517472741655e-04 -1.31005344316212714e-06  5.29830657602339323e-06 -2.06347634632235093e-09  2.84451529923848447e-09  4.00000000000000000e+00 -2.50000000000000000e+00  1.65000000000000013e+00 -1.00000000000000006e-01  1.60000000000000009e+00 -8.00000000000000044e-01  2.30000000000000027e+00
 2.63279999999999853e-07  1.00001329991720622e-05 -9.14108958214528622e-04  7.72662772136001319e-04 -1.25609517473348564e-04 -1.31005344320462786e-06  5.29830657597038760e-06 -2.06347633668916020e-09  2.84451526345945419e-09  4.00000000000000000e+00 -2.50000000000000000e+00  1.65000000000000013e+00 -1.00000000000000006e-01  1.60000000000000009e+00 -8.00000000000000044e-01  2.30000000000000027e+00
 2.64279999999999876e-07  1.00001329993513435e-05 -9.14108958220527512e-04  7.72662772136593402e-04 -1.25609517473659432e-04 -1.31005344312231511e-06  5.29830657699981131e-06 -2.06347632979449440e-09  2.84451522357352553e-09  4.00000000000000000e+00 -2.50000000000000000e+00  1.65000000000000013e+00 -1.00000000000000006e-01  1.60000000000000009e+00 -8.00000000000000044e-01  2.30000000000000027e+00
 2.65279999999999898e-07  1.00001329992208530e-05 -9.14108958203011901e-04  7.72662772151470390e-04 -1.25609517473955501e-04 -1.31005344293765388e-06  5.29830657594290223e-06 -2.06347633894188196e-09  2.84451528927087992e-09  4.00000000000000000e+00 -2.50000000000000000e+00  1.65000000000000013e+00 -1.00000000000000006e-01  1.60000000000000009e+00 -8.00000000000000044e-01  2.30000000000000027e+00
 2.66279999999999920e-07  1.00001329990597761e-05 -9.14108958212948397e-04  7.72662772147251543e-04 -1.25609517473807453e-04 -1.31005344305552825e-06  5.29830657588947224e-06 -2.06347634949583886e-09  2.84451526690887345e-09  4.00000000000000000e+00 -2.50000000000000000e+00  1.65000000000000013e+00 -1.00000000000000006e-01  1.60000000000000009e+00 -8.00000000000000044e-01  2.30000000000000027e+00
 2.67279999999999942e-07  1.00001329990821191e-05 -9.14108958232962010e-04  7.72662772146215371e-04 -1.25609517474384791e-04 -1.31005344327922097e-06  5.29830657664951321e-06 -2.06347634020872478e-09  2.84451524730997406e-09  4.00000000000000000e+00 -2.50000000000000000e+00  1.65000000000000013e+00 -1.00000000000000006e-01  1.60000000000000009e+00 -8.00000000000000044e-01  2.30000000000000027e+00
 2.68279999999999964e-07  1.00001329993786027e-05 -9.14108958217585421e-04  7.72662772141108345e-04 -1.25609517473378163e-04 -1.31005344255774944e-06  5.29830657640584216e-06 -2.06347635059378092e-09  2.84451527860595177e-09  4.00000000000000000e+00 -2.50000000000000000e+00  1.65000000000000013e+00 -1.00000000000000006e-01  1.60000000000000009e+00 -8.00000000000000044e-01  2.30000000000000027e+00
 2.69279999999999987e-07  1.00001329995403453e-05 -9.14108958179227216e-04  7.72662772128599796e-04 -1.25609517473763055e-04 -1.31005344306316108e-06  5.29830657549584502e-06 -2.06347634163917194e-09  2.84451530411125698e-09  4.00000000000000000e+00 -2.50000000000000000e+00  1.65000000000000013e+00 -1.00000000000000006e-01  1.60000000000000009e+00 -8.00000000000000044e-01  2.30000000000000027e+00
 2.70280000000000009e-07  1.00001329992322845e-05 -9.14108958186306731e-04  7.72662772136963548e-04 -1.25609517473437388e-04 -1.31005344295075091e-06  5.29830657554773172e-06 -2.06347636544102482e-09  2.84451527567834534e-09  4.00000000000000000e+00 -2.50000000000000000e+00  1.65000000000000013e+00 -1.00000000000000006e-01  1.60000000000000009e+00 -8.00000000000000044e-01  2.30000000000000027e+00
 2.71280000000000031e-07  1.00001329988881147e-05 -9.14108958198874477e-04  7.72662772129562025e-04 -1.25609517471971871e-04 -1.31005344266781756e-06  5.29830657573037912e-06 -2.06347635834816903e-09  2.84451526989511209e-09  4.00000000000000000e+00 -2.50000000000000000e+00  1.65000000000000013e+00 -1.00000000000000006e-01  1.60000000000000009e+00 -8.00000000000000044e-01  2.30000000000000027e+00
 2.72280000000000053e-07  1.00001329986022309e-05 -9.14108958187442866e-04  7.72662772133114739e-04 -1.25609517471853450e-04 -1.31005344327072079e-06  5.29830657673651874e-06 -2.06347631773271794e-09  2.84451524091500725e-09  4.00000000000000000e+00 -2.50000000000000000e+00  1.65000000000000013e+00 -1.00000000000000006e-01  1.60000000000000009e+00 -8.00000000000000044e-01  2.30000000000000027e+00
 2.73280000000000075e-07  1.00001329988162101e-05 -9.14108958195380961e-04  7.72662772133114739e-04 -1.25609517472889676e-04 -1.31005344343040196e-06  5.29830657669114657e-06 -2.06347632646441084e-09  2.84451525108444056e-09  4.00000000000000000e+00 -2.50000000000000000e+00  1.65000000000000013e+00 -1.00000000000000006e-01  1.60000000000000009e+00 -8.00000000000000044e-01  2.30000000000000027e+00
 2.74280000000000098e-07  1.00001329988977827e-05 -9.14108958183386866e-04  7.72662772138221765e-04 -1.25609517473925875e-04 -1.31005344311728437e-06  5.29830657630029338e-06 -2.06347633356966028e-09  2.84451526525490348e-09  4.00000000000000000e+00 -2.50000000000000000e+00  1.65000000000000013e+00 -1.00000000000000006e-01  1.60000000000000009e+00 -8.00000000000000044e-01  2.30000000000000027e+00
 2.75280000000000120e-07  1.00001329992293148e-05 -9.14108958227159252e-04  7.72662772155615295e-04 -1.25609517474991700e-04 -1.31005344321338809e-06  5.29830657618441420e-06 -2.06347634019312664e-09  2.84451525872551981e-09  4.00000000000000000e+00 -2.50000000000000000e+00  1.65000000000000013e+00 -1.00000000000000006e-01  1.60000000000000009e+00 -8.00000000000000044e-01  2.30000000000000027e+00
 2.76280000000000142e-07  1.00001329993718451e-05 -9.14108958209562217e-04  7.72662772162720723e-04 -1.25609517475406190e-04 -1.31005344316646395e-06  5.29830657583187993e-06 -2.06347634355743811e-09  2.84451525595529111e-09  4.00000000000000000e+00 -2.50000000000000000e+00  1.65000000000000013e+00 -1.00000000000000006e-01  1.60000000000000009e+00 -8.00000000000000044e-01  2.30000000000000027e+00
 2.77280000000000164e-07  1.00001329994068174e-05 -9.14108958214502709e-04  7.72662772150804257e-04 -1.25609517473185744e-04 -1.31005344241463475e-06  5.29830657620931696e-06 -2.06347636906280577e-09  2.84451528576634148e-09  4.00000000000000000e+00 -2.50000000000000000e+00  1.65000000000000013e+00 -1.00000000000000006e-01  1.60000000000000009e+00 -8.00000000000000044e-01  2.30000000000000027e+00
 2.78280000000000186e-07  1.00001329994369633e-05 -9.14108958208315059e-04  7.72662772145031097e-04 -1.25609517472386389e-04 -1.31005344308345726e-06  5.29830657630580587e-06 -2.06347633164391019e-09  2.84451526363253843e-09  4.00000000000000000e+00 -2.50000000000000000e+00  1.65000000000000013e+00 -1.00000000000000006e-01  1.60000000000000009e+00 -8.00000000000000044e-01  2.30000000000000027e+00
 2.79280000000000209e-07  1.00001329994299481e-05 -9.14108958214558220e-04  7.72662772136889497e-04 -1.25609517472490012e-04 -1.31005344292707211e-06  5.29830657624431975e-06 -2.06347634182173153e-09  2.84451527606168979e-09  4.00000000000000000e+00 -2.50000000000000000e+00  1.65000000000000013e+00 -1.00000000000000006e-01  1.60000000000000009e+00 -8.00000000000000044e-01  2.30000000000000027e+00
 2.80280000000000231e-07  1.00001329994827488e-05 -9.14108958194992383e-04  7.72662772136667453e-04 -1.25609517474518012e-04 -1.31005344333317083e-06  5.29830657605542802e-06 -2.06347632860122433e-09  2.84451525114612217e-09  4.00000000000000000e+00 -2.50000000000000000e+00  1.65000000000000013e+00 -1.00000000000000006e-01  1.60000000000000009e+00 -8.00000000000000044e-01  2.30000000000000027e+00
 2.81280000000000253e-07  1.00001329994317032e-05 -9.14108958200210431e-04  7.72662772147917677e-04 -1.25609517473526211e-04 -1.31005344254716767e-06  5.29830657479910282e-06 -2.06347637645499092e-09  2.84451532897805195e-09  4.00000000000000000e+00 -2.50000000000000000e+00  1.65000000000000013e+00 -1.00000000000000006e-01  1.60000000000000009e+00 -8.00000000000000044e-01  2.30000000000000027e+00
 2.82280000000000275e-07  1.00001329992652765e-05 -9.14108958183168507e-04  7.72662772145327192e-04 -1.25609517472356763e-04 -1.31005344321512281e-06  5.29830657615542534e-06 -2.06347635019013001e-09  2.84451524470207708e-09  4.00000000000000000e+00 -2.50000000000000000e+00  1.65000000000000013e+00 -1.00000000000000006e-01  1.60000000000000009e+00 -8.00000000000000044e-01  2.30000000000000027e+00
 2.83280000000000297e-07  1.00001329992756340e-05 -9.14108958187857356e-04  7.72662772148213772e-04 -1.25609517471675830e-04 -1.31005344310305972e-06  5.29830657727274142e-06 -2.06347632890729894e-09  2.84451523861546582e-09  4.00000000000000000e+00 -2.50000000000000000e+00  1.65000000000000013e+00 -1.00000000000000006e-01  1.60000000000000009e+00 -8.00000000000000044e-01  2.30000000000000027e+00
 2.84280000000000319e-07  1.00001329994183201e-05 -9.14108958204954791e-04  7.72662772137259536e-04 -1.25609517472460386e-04 -1.31005344343456533e-06  5.29830657668170131e-06 -2.06347630840857718e-09  2.84451524199964782e-09  4.00000000000000000e+00 -2.50000000000000000e+00  1.65000000000000013e+00 -1.00000000000000006e-01  1.60000000000000009e+00 -8.00000000000000044e-01  2.30000000000000027e+00
 2.85280000000000342e-07  1.00001329995423443e-05 -9.14108958229575830e-04  7.72662772155615295e-04 -1.25609517474769628e-04 -1.31005344342580511e-06  5.29830657645275677e-06 -2.06347633072193468e-09  2.84451526815932238e-09  4.00000000000000000e+00 -2.50000000000000000e+00  1.65000000000000013e+00 -1.00000000000000006e-01  1.60000000000000009e+00 -8.00000000000000044e-01  2.30000000000000027e+00
 2.86280000000000364e-07  1.00001329993930073e-05 -9.14108958203985189e-04  7.72662772143476785e-04 -1.25609517475198945e-04 -1.31005344258819371e-06  5.29830657531589626e-06 -2.06347636245481719e-09  2.84451531292278935e-09  4.00000000000000000e+00 -2.50000000000000000e+00  1.65000000000000013e+00 -1.00000000000000006e-01  1.60000000000000009e+00 -8.00000000000000044e-01  2.30000000000000027e+00
 2.87280000000000386e-07  1.00001329992284932e-05 -9.14108958177894948e-04  7.72662772144661059e-04 -1.25609517473526211e-04 -1.31005344271829797e-06  5.29830657558894156e-06 -2.06347636631519218e-09  2.84451525987131096e-09  4.00000000000000000e+00 -2.50000000000000000e+00  1.65000000000000013e+00 -1.00000000000000006e-01  1.60000000000000009e+00 -8.00000000000000044e-01  2.30000000000000027e+00
 2.88280000000000408e-07  1.00001329991266138e-05 -9.14108958185196508e-04  7.72662772147251543e-04 -1.25609517472993298e-04 -1.31005344323784765e-06  5.29830657620947112e-06 -2.06347633349764717e-09  2.84451526893794542e-09  4.00000000000000000e+00 -2.50000000000000000e+00  1.65000000000000013e+00 -1.00000000000000006e-01  1.60000000000000009e+00 -8.00000000000000044e-01  2.30000000000000027e+00
 2.89280000000000430e-07  1.00001329993587059e-05 -9.14108958209310573e-04  7.72662772150212174e-04 -1.25609517473378136e-04 -1.31005344302881347e-06  5.29830657674885493e-06 -2.06347633455809892e-09  2.84451524974727952e-09  4.00000000000000000e+00 -2.50000000000000000e+00  1.65000000000000013e+00 -1.00000000000000006e-01  1.60000000000000009e+00 -8.00000000000000044e-01  2.30000000000000027e+00
 2.90280000000000453e-07  1.00001329992476158e-05 -9.14108958195406873e-04  7.72662772147251543e-04 -1.25609517473022897e-04 -1.31005344302785950e-06  5.29830657622527676e-06 -2.06347633940529914e-09  2.84451526739396814e-09  4.00000000000000000e+00 -2.50000000000000000e+00  1.65000000000000013e+00 -1.00000000000000006e-01  1.60000000000000009e+00 -8.00000000000000044e-01  2.30000000000000027e+00
 2.91280000000000475e-07  1.00001329990639859e-05 -9.14108958196654031e-04  7.72662772144068976e-04 -1.25609517473496585e-04 -1.31005344304000256e-06  5.29830657570678672e-06 -2.06347633615350864e-09  2.84451527010719251e-09  4.00000000000000000e+00 -2.50000000000000000e+00  1.65000000000000013e+00 -1.00000000000000006e-01  1.60000000000000009e+00 -8.00000000000000044e-01  2.30000000000000027e+00
 2.92280000000000497e-07  1.00001329990181715e-05 -9.14108958178920061e-04  7.72662772128599796e-04 -1.25609517472934074e-04 -1.31005344285603505e-06  5.29830657659616030e-06 -2.06347635861510269e-09  2.84451527155349093e-09  4.00000000000000000e+00 -2.50000000000000000e+00  1.65000000000000013e+00 -1.00000000000000006e-01  1.60000000000000009e+00 -8.00000000000000044e-01  2.30000000000000027e+00
 2.93280000000000519e-07  1.00001329992562911e-05 -9.14108958195880561e-04  7.72662772130450204e-04 -1.25609517473378190e-04 -1.31005344317279552e-06  5.29830657645422129e-06 -2.06347633441693848e-09  2.84451527217299420e-09  4.00000000000000000e+00 -2.50000000000000000e+00  1.65000000000000013e+00 -1.00000000000000006e-01  1.60000000000000009e+00 -8.00000000000000044e-01  2.30000000000000027e+00
 2.94280000000000541e-07  1.00001329993872153e-05 -9.14108958193660115e-04  7.72662772132448605e-04 -1.25609517474429189e-04 -1.31005344303315028e-06  5.29830657604656128e-06 -2.06347633687208954e-09  2.84451526673253260e-09  4.00000000000000000e+00 -2.50000000000000000e+00  1.65000000000000013e+00 -1.00000000000000006e-01  1.60000000000000009e+00 -8.00000000000000044e-01  2.30000000000000027e+00
 2.95280000000000564e-07  1.00001329992035159e-05 -9.14108958206483191e-04  7.72662772136297415e-04 -1.25609517474014698e-04 -1.31005344312136114e-06  5.29830657573180553e-06 -2.06347636307708614e-09  2.84451528126155971e-09  4.00000000000000000e+00 -2.50000000000000000e+00  1.65000000000000013e+00 -1.00000000000000006e-01  1.60000000000000009e+00 -8.00000000000000044e-01  2.30000000000000027e+00
 2.96280000000000586e-07  1.00001329988664510e-05 -9.14108958204344168e-04  7.72662772144661059e-04 -1.25609517473807480e-04 -1.31005344313974916e-06  5.29830657619752118e-06 -2.06347633645281485e-09  2.84451526103396087e-09  4.00000000000000000e+00 -2.50000000000000000e+00  1.65000000000000013e+00 -1.00000000000000006e-01  1.60000000000000009e+00 -8.00000000000000044e-01  2.30000000000000027e+00
 2.97280000000000608e-07  1.00001329989150334e-05 -9.14108958203400479e-04  7.72662772142366562e-04 -1.25609517472756427e-04 -1.31005344252218761e-06  5.29830657618368151e-06 -2.06347634171088767e-09  2.84451523996541590e-09  4.00000000000000000e+00 -2.50000000000000000e+00  1.65000000000000013e+00 -1.00000000000000006e-01  1.60000000000000009e+00 -8.00000000000000044e-01  2.30000000000000027e+00
 2.98280000000000630e-07  1.00001329990172500e-05 -9.14108958193822962e-04  7.72662772146955556e-04 -1.25609517471897875e-04 -1.31005344301493568e-06  5.29830657600323215e-06 -2.06347633730067373e-09  2.84451528448387487e-09  4.00000000000000000e+00 -2.50000000000000000e+00  1.65000000000000013e+00 -1.00000000000000006e-01  1.60000000000000009e+00 -8.00000000000000044e-01  2.30000000000000027e+00
 2.99280000000000652e-07  1.00001329992953546e-05 -9.14108958202290256e-04  7.72662772157909684e-04 -1.25609517472267940e-04 -1.31005344340750369e-06  5.29830657674102919e-06 -2.06347634191032009e-09  2.84451526156215250e-09  4.00000000000000000e+00 -2.50000000000000000e+00  1.65000000000000013e+00 -1.00000000000000006e-01  1.60000000000000009e+00 -8.00000000000000044e-01  2.30000000000000027e+00
 3.00280000000000674e-07  1.00001329993350991e-05 -9.14108958206483191e-04  7.72662772134002918e-04 -1.25609517473082122e-04 -1.31005344301120620e-06  5.29830657587667442e-06 -2.06347635724218347e-09  2.84451529634019994e-09  4.00000000000000000e+00 -2.50000000000000000e+00  1.65000000000000013e+00 -1.00000000000000006e-01  1.60000000000000009e+00 -8.00000000000000044e-01  2.30000000000000027e+00
 3.01280000000000697e-07  1.00001329993740338e-05 -9.14108958207896882e-04  7.72662772134002918e-04 -1.25609517473881450e-04 -1.31005344308406458e-06  5.29830657619015793e-06 -2.06347632915000531e-09  2.84451524206232247e-09  4.00000000000000000e+00 -2.50000000000000000e+00  1.65000000000000013e+00 -1.00000000000000006e-01  1.60000000000000009e+00 -8.00000000000000044e-01  2.30000000000000027e+00
 3.02280000000000719e-07  1.00001329993515569e-05 -9.14108958172177299e-04  7.72662772148213772e-04 -1.25609517474740056e-04 -1.31005344311034547e-06  5.29830657622735792e-06 -2.06347633798209933e-09  2.84451528744252663e-09  4.00000000000000000e+00 -2.50000000000000000e+00  1.65000000000000013e+00 -1.00000000000000006e-01  1.60000000000000009e+00 -8.00000000000000044e-01  2.30000000000000027e+00
 3.03280000000000741e-07  1.00001329990690308e-05 -9.14108958183694020e-04  7.72662772155023104e-04 -1.25609517475080550e-04 -1.31005344318545909e-06  5.29830657591271821e-06 -2.06347634769871495e-09  2.84451526374426943e-09  4.00000000000000000e+00 -2.50000000000000000e+00  1.65000000000000013e+00 -1.00000000000000006e-01  1.60000000000000009e+00 -8.00000000000000044e-01  2.30000000000000027e+00
 3.04280000000000763e-07  1.00001329993139182e-05 -9.14108958183890152e-04  7.72662772138221765e-04 -1.25609517474177545e-04 -1.31005344274509957e-06  5.29830657625866002e-06 -2.06347635463626717e-09  2.84451526365595963e-09  4.00000000000000000e+00 -2.50000000000000000e+00  1.65000000000000013e+00 -1.00000000000000006e-01  1.60000000000000009e+00 -8.00000000000000044e-01  2.30000000000000027e+00
 3.05280000000000785e-07  1.00001329993314755e-05 -9.14108958203652122e-04  7.72662772139257937e-04 -1.25609517473348564e-04 -1.31005344308579931e-06  5.29830657616386772e-06 -2.06347633793474035e-09  2.84451526484738095e-09  4.00000000000000000e+00 -2.50000000000000000e+00  1.65000000000000013e+00 -1.00000000000000006e-01  1.60000000000000009e+00 -8.00000000000000044e-01  2.30000000000000027e+00
 3.06280000000000808e-07  1.00001329994577833e-05 -9.14108958202260657e-04  7.72662772148213772e-04 -1.25609517474295940e-04 -1.31005344334618126e-06  5.29830657658074091e-06 -2.06347632464134944e-09  2.84451524443785946e-09  4.00000000000000000e+00 -2.50000000000000000e+00  1.65000000000000013e+00 -1.00000000000000006e-01  1.60000000000000009e+00 -8.00000000000000044e-01  2.30000000000000027e+00
 3.07280000000000830e-07  1.00001329993761937e-05 -9.14108958205872568e-04  7.72662772144364963e-04 -1.25609517474014725e-04 -1.31005344286826494e-06  5.29830657628090311e-06 -2.06347634281493060e-09  2.84451524813994600e-09  4.00000000000000000e+00 -2.50000000000000000e+00  1.65000000000000013e+00 -1.00000000000000006e-01  1.60000000000000009e+00 -8.00000000000000044e-01  2.30000000000000027e+00
 3.08280000000000852e-07  1.00001329993963921e-05 -9.14108958213644129e-04  7.72662772155023104e-04 -1.25609517474266341e-04 -1.31005344331330812e-06  5.29830657649068945e-06 -2.06347631758277739e-09  2.84451524794280983e-09  4.00000000000000000e+00 -2.50000000000000000e+00  1.65000000000000013e+00 -1.00000000000000006e-01  1.60000000000000009e+00 -8.00000000000000044e-01  2.30000000000000027e+00
 3.09280000000000874e-07  1.00001329992916853e-05 -9.14108958220527512e-04  7.72662772158575818e-04 -1.25609517474917676e-04 -1.31005344301493568e-06  5.29830657579209649e-06 -2.06347634779564439e-09  2.84451530151377337e-09  4.00000000000000000e+00 -2.50000000000000000e+00  1.65000000000000013e+00 -1.00000000000000006e-01  1.60000000000000009e+00 -8.00000000000000044e-01  2.30000000000000027e+00
 3.10280000000000896e-07  1.00001329992904842e-05 -9.14108958224579826e-04  7.72662772155319200e-04 -1.25609517474725230e-04 -1.31005344291744431e-06  5.29830657578411744e-06 -2.06347635455862675e-09  2.84451526645025143e-09  4.00000000000000000e+00 -2.50000000000000000e+00  1.65000000000000013e+00 -1.00000000000000006e-01  1.60000000000000009e+00 -8.00000000000000044e-01  2.30000000000000027e+00
 3.11280000000000919e-07  1.00001329994645715e-05 -9.14108958199433275e-04  7.72662772148879906e-04 -1.25609517473733456e-04 -1.31005344286297395e-06  5.29830657584995985e-06 -2.06347636138591042e-09  2.84451527997105910e-09  4.00000000000000000e+00 -2.50000000000000000e+00  1.65000000000000013e+00 -1.00000000000000006e-01  1.60000000000000009e+00 -8.00000000000000044e-01  2.30000000000000027e+00
 3.12280000000000941e-07  1.00001329995615195e-05 -9.14108958198767141e-04  7.72662772155985333e-04 -1.25609517473318966e-04 -1.31005344320818392e-06  5.29830657681030209e-06 -2.06347632967154021e-09  2.84451523733235401e-09  4.00000000000000000e+00 -2.50000000000000000e+00  1.65000000000000013e+00 -1.00000000000000006e-01  1.60000000000000009e+00 -8.00000000000000044e-01  2.30000000000000027e+00
 3.13280000000000963e-07  1.00001329995506537e-05 -9.14108958214532308e-04  7.72662772145031097e-04 -1.25609517473200516e-04 -1.31005344292212798e-06  5.29830657611132457e-06 -2.06347634061529357e-09  2.84451528785789289e-09  4.00000000000000000e+00 -2.50000000000000000e+00  1.65000000000000013e+00 -1.00000000000000006e-01  1.60000000000000009e+00 -8.00000000000000044e-01  2.30000000000000027e+00
 3.14280000000000985e-07  1.00001329992171853e-05 -9.14108958208063416e-04  7.72662772157909684e-04 -1.25609517473067295e-04 -1.31005344299576712e-06  5.29830657623460513e-06 -2.06347634941176174e-09  2.84451526384483185e-09  4.00000000000000000e+00 -2.50000000000000000e+00  1.65000000000000013e+00 -1.00000000000000006e-01  1.60000000000000009e+00 -8.00000000000000044e-01  2.30000000000000027e+00
 3.15280000000001007e-07  1.00001329993368643e-05 -9.14108958204954791e-04  7.72662772151766486e-04 -1.25609517473304139e-04 -1.31005344301554301e-06  5.29830657614251063e-06 -2.06347634201787011e-09  2.84451527438147297e-09  4.00000000000000000e+00 -2.50000000000000000e+00  1.65000000000000013e+00 -1.00000000000000006e-01  1.60000000000000009e+00 -8.00000000000000044e-01  2.30000000000000027e+00
 3.16280000000001030e-07  1.00001329990730000e-05 -9.14108958184112197e-04  7.72662772140812249e-04 -1.25609517474088722e-04 -1.31005344283426440e-06  5.29830657530710660e-06 -2.06347635212782252e-09  2.84451531038504928e-09  4.00000000000000000e+00 -2.50000000000000000e+00  1.65000000000000013e+00 -1.00000000000000006e-01  1.60000000000000009e+00 -8.00000000000000044e-01  2.30000000000000027e+00
 3.17280000000001052e-07  1.00001329989960064e-05 -9.14108958196102606e-04  7.72662772139257937e-04 -1.25609517472830478e-04 -1.31005344264596008e-06  5.29830657461780474e-06 -2.06347638180209361e-09  2.84451529653309556e-09  4.00000000000000000e+00 -2.50000000000000000e+00  1.65000000000000013e+00 -1.00000000000000006e-01  1.60000000000000009e+00 -8.00000000000000044e-01  2.30000000000000027e+00
 3.18280000000001074e-07  1.00001329988509334e-05 -9.14108958155412932e-04  7.72662772123344777e-04 -1.25609517470980098e-04 -1.31005344282810605e-06  5.29830657606556616e-06 -2.06347635773019356e-09  2.84451527434294579e-09  4.00000000000000000e+00 -2.50000000000000000e+00  1.65000000000000013e+00 -1.00000000000000006e-01  1.60000000000000009e+00 -8.00000000000000044e-01  2.30000000000000027e+00
 3.19280000000001096e-07  1.00001329993514197e-05 -9.14108958168953966e-04  7.72662772129265930e-04 -1.25609517469751453e-04 -1.31005344279427894e-06  5.29830657653876026e-06 -2.06347633765321149e-09  2.84451524310759422e-09  4.00000000000000000e+00 -2.50000000000000000e+00  1.65000000000000013e+00 -1.00000000000000006e-01  1.60000000000000009e+00 -8.00000000000000044e-01  2.30000000000000027e+00
 3.20280000000001118e-07  1.00001329992386830e-05 -9.14108958186858156e-04  7.72662772132152510e-04 -1.25609517470269566e-04 -1.31005344354307237e-06  5.29830657683273830e-06 -2.06347631307911562e-09  2.84451524341674263e-09  4.00000000000000000e+00 -2.50000000000000000e+00  1.65000000000000013e+00 -1.00000000000000006e-01  1.60000000000000009e+00 -8.00000000000000044e-01  2.30000000000000027e+00
 3.21280000000001140e-07  1.00001329989977631e-05 -9.14108958190547804e-04  7.72662772144364963e-04 -1.25609517472549182e-04 -1.31005344355061838e-06  5.29830657674284099e-06 -2.06347631910301128e-09  2.84451526715546633e-09  4.00000000000000000e+00 -2.50000000000000000e+00  1.65000000000000013e+00 -1.00000000000000006e-01  1.60000000000000009e+00 -8.00000000000000044e-01  2.30000000000000027e+00
 3.22280000000001163e-07  1.00001329988349820e-05 -9.14108958216279066e-04  7.72662772140812249e-04 -1.25609517473940701e-04 -1.31005344307790623e-06  5.29830657642284211e-06 -2.06347632829447433e-09  2.84451523233485507e-09  4.00000000000000000e+00 -2.50000000000000000e+00  1.65000000000000013e+00 -1.00000000000000006e-01  1.60000000000000009e+00 -8.00000000000000044e-01  2.30000000000000027e+00
 3.23280000000001185e-07  1.00001329988064099e-05 -9.14108958210949995e-04  7.72662772147917677e-04 -1.25609517474636407e-04 -1.31005344312760610e-06  5.29830657640788520e-06 -2.06347633694958561e-09  2.84451527185231117e-09  4.00000000000000000e+00 -2.50000000000000000e+00  1.65000000000000013e+00 -1.00000000000000006e-01  1.60000000000000009e+00 -8.00000000000000044e-01  2.30000000000000027e+00
 3.24280000000001207e-07  1.00001329989807666e-05 -9.14108958216471512e-04  7.72662772143772880e-04 -1.25609517474503213e-04 -1.31005344288188248e-06  5.29830657615465369e-06 -2.06347634866229930e-09  2.84451528233784493e-09  4.00000000000000000e+00 -2.50000000000000000e+00  1.65000000000000013e+00 -1.00000000000000006e-01  1.60000000000000009e+00 -8.00000000000000044e-01  2.30000000000000027e+00
 3.25280000000001229e-07  1.00001329989921388e-05 -9.14108958213033507e-04  7.72662772155023104e-04 -1.25609517475006499e-04 -1.31005344305639562e-06  5.29830657568354159e-06 -2.06347634012534374e-09  2.84451526374757609e-09  4.00000000000000000e+00 -2.50000000000000000e+00  1.65000000000000013e+00 -1.00000000000000006e-01  1.60000000000000009e+00 -8.00000000000000044e-01  2.30000000000000027e+00
 3.26280000000001251e-07  1.00001329990089440e-05 -9.14108958210309774e-04  7.72662772147547638e-04 -1.25609517473866650e-04 -1.31005344285412690e-06  5.29830657565952567e-06 -2.06347636952412274e-09  2.84451527951230846e-09  4.00000000000000000e+00 -2.50000000000000000e+00  1.65000000000000013e+00 -1.00000000000000006e-01  1.60000000000000009e+00 -8.00000000000000044e-01  2.30000000000000027e+00
 3.27280000000001274e-07  1.00001329992059249e-05 -9.14108958193019894e-04  7.72662772154653066e-04 -1.25609517472564008e-04 -1.31005344290391338e-06  5.29830657624775108e-06 -2.06347633295906367e-09  2.84451524548666078e-09  4.00000000000000000e+00 -2.50000000000000000e+00  1.65000000000000013e+00 -1.00000000000000006e-01  1.60000000000000009e+00 -8.00000000000000044e-01  2.30000000000000027e+00
 3.28280000000001296e-07  1.00001329989399582e-05 -9.14108958196602206e-04  7.72662772149916078e-04 -1.25609517471838650e-04 -1.31005344294615407e-06  5.29830657606417872e-06 -2.06347634720370691e-09  2.84451528797133409e-09  4.00000000000000000e+00 -2.50000000000000000e+00  1.65000000000000013e+00 -1.00000000000000006e-01  1.60000000000000009e+00 -8.00000000000000044e-01  2.30000000000000027e+00
 3.29280000000001318e-07  1.00001329990955395e-05 -9.14108958211201639e-04  7.72662772155023104e-04 -1.25609517472149545e-04 -1.31005344314235125e-06  5.29830657660791796e-06 -2.06347633149093968e-09  2.84451524385996007e-09  4.00000000000000000e+00 -2.50000000000000000e+00  1.65000000000000013e+00 -1.00000000000000006e-01  1.60000000000000009e+00 -8.00000000000000044e-01  2.30000000000000027e+00
 3.30280000000001340e-07  1.00001329990368554e-05 -9.14108958212700440e-04  7.72662772159982136e-04 -1.25609517474769655e-04 -1.31005344370882507e-06  5.29830657635376149e-06 -2.06347632338856662e-09  2.84451529742742545e-09  4.00000000000000000e+00 -2.50000000000000000e+00  1.65000000000000013e+00 -1.00000000000000006e-01  1.60000000000000009e+00 -8.00000000000000044e-01  2.30000000000000027e+00
 3.31280000000001362e-07  1.00001329988742742e-05 -9.14108958236596147e-04  7.72662772167235557e-04 -1.25609517475731858e-04 -1.31005344314070313e-06  5.29830657655953883e-06 -2.06347634909409296e-09  2.84451523344866783e-09  4.00000000000000000e+00 -2.50000000000000000e+00  1.65000000000000013e+00 -1.00000000000000006e-01  1.60000000000000009e+00 -8.00000000000000044e-01  2.30000000000000027e+00
 3.32280000000001385e-07  1.00001329991485689e-05 -9.14108958235707969e-04  7.72662772145549237e-04 -1.25609517475909477e-04 -1.31005344297295546e-06  5.29830657657831247e-06 -2.06347633437107504e-09  2.84451525328704262e-09  4.00000000000000000e+00 -2.50000000000000000e+00  1.65000000000000013e+00 -1.00000000000000006e-01  1.60000000000000009e+00 -8.00000000000000044e-01  2.30000000000000027e+00
 3.33280000000001407e-07  1.00001329994807701e-05 -9.14108958208477906e-04  7.72662772144735110e-04 -1.25609517476368393e-04 -1.31005344294615407e-06  5.29830657576896740e-06 -2.06347634463302106e-09  2.84451529398887577e-09  4.00000000000000000e+00 -2.50000000000000000e+00  1.65000000000000013e+00 -1.00000000000000006e-01  1.60000000000000009e+00 -8.00000000000000044e-01  2.30000000000000027e+00
 3.34280000000001429e-07  1.00001329991779812e-05 -9.14108958211479194e-04  7.72662772155911282e-04 -1.25609517474991673e-04 -1.31005344262523022e-06  5.29830657560544092e-06 -2.06347636039225474e-09  2.84451528392539933e-09  4.00000000000000000e+00 -2.50000000000000000e+00  1.65000000000000013e+00 -1.00000000000000006e-01  1.60000000000000009e+00 -8.00000000000000044e-01  2.30000000000000027e+00
 3.35280000000001451e-07  1.00001329990911688e-05 -9.14108958209369771e-04  7.72662772155319200e-04 -1.25609517472978499e-04 -1.31005344297677177e-06  5.29830657631528926e-06 -2.06347635512749085e-09  2.84451523469281737e-09  4.00000000000000000e+00 -2.50000000000000000e+00  1.65000000000000013e+00 -1.00000000000000006e-01  1.60000000000000009e+00 -8.00000000000000044e-01  2.30000000000000027e+00
 3.36280000000001473e-07  1.00001329989877309e-05 -9.14108958216723155e-04  7.72662772140886300e-04 -1.25609517473304166e-04 -1.31005344330532843e-06  5.29830657660360064e-06 -2.06347631997315565e-09  2.84451527409699066e-09  4.00000000000000000e+00 -2.50000000000000000e+00  1.65000000000000013e+00 -1.00000000000000006e-01  1.60000000000000009e+00 -8.00000000000000044e-01  2.30000000000000027e+00
 3.37280000000001496e-07  1.00001329990706605e-05 -9.14108958214558220e-04  7.72662772155985333e-04 -1.25609517474369964e-04 -1.31005344333915554e-06  5.29830657624698028e-06 -2.06347633461756452e-09  2.84451526166730949e-09  4.00000000000000000e+00 -2.50000000000000000e+00  1.65000000000000013e+00 -1.00000000000000006e-01  1.60000000000000009e+00 -8.00000000000000044e-01  2.30000000000000027e+00
 3.38280000000001518e-07  1.00001329991694211e-05 -9.14108958220971601e-04  7.72662772155319200e-04 -1.25609517475154520e-04 -1.31005344293149553e-06  5.29830657617820798e-06 -2.06347634378005557e-09  2.84451526713759798e-09  4.00000000000000000e+00 -2.50000000000000000e+00  1.65000000000000013e+00 -1.00000000000000006e-01  1.60000000000000009e+00 -8.00000000000000044e-01  2.30000000000000027e+00
 3.39280000000001540e-07  1.00001329992879515e-05 -9.14108958206816258e-04  7.72662772150582212e-04 -1.25609517474147919e-04 -1.31005344274345146e-06  5.29830657588739108e-06 -2.06347635624305227e-09  2.84451526231017524e-09  4.00000000000000000e+00 -2.50000000000000000e+00  1.65000000000000013e+00 -1.00000000000000006e-01  1.60000000000000009e+00 -8.00000000000000044e-01  2.30000000000000027e+00
 3.40280000000001562e-07  1.00001329991535562e-05 -9.14108958207482392e-04  7.72662772133336784e-04 -1.25609517474310767e-04 -1.31005344298197594e-06  5.29830657618738220e-06 -2.06347633664974049e-09  2.84451528555818065e-09  4.00000000000000000e+00 -2.50000000000000000e+00  1.65000000000000013e+00 -1.00000000000000006e-01  1.60000000000000009e+00 -8.00000000000000044e-01  2.30000000000000027e+00
 3.41280000000001584e-07  1.00001329987804094e-05 -9.14108958207841371e-04  7.72662772144068976e-04 -1.25609517474266341e-04 -1.31005344312769271e-06  5.29830657620881637e-06 -2.06347634719630406e-09  2.84451526962979184e-09  4.00000000000000000e+00 -2.50000000000000000e+00  1.65000000000000013e+00 -1.00000000000000006e-01  1.60000000000000009e+00 -8.00000000000000044e-01  2.30000000000000027e+00
 3.42280000000001606e-07  1.00001329986879320e-05 -9.14108958227825385e-04  7.72662772140442211e-04 -1.25609517475332139e-04 -1.31005344321963305e-06  5.29830657603734810e-06 -2.06347633417922415e-09  2.84451526030921169e-09  4.00000000000000000e+00 -2.50000000000000000e+00  1.65000000000000013e+00 -1.00000000000000006e-01  1.60000000000000009e+00 -8.00000000000000044e-01  2.30000000000000027e+00
 3.43280000000001629e-07  1.00001329990925122e-05 -9.14108958202541899e-04  7.72662772153172805e-04 -1.25609517474118321e-04 -1.31005344262184739e-06  5.29830657570863748e-06 -2.06347636647733654e-09  2.84451528953489777e-09  4.00000000000000000e+00 -2.50000000000000000e+00  1.65000000000000013e+00 -1.00000000000000006e-01  1.60000000000000009e+00 -8.00000000000000044e-01  2.30000000000000027e+00
 3.44280000000001651e-07  1.00001329992563335e-05 -9.14108958200513899e-04  7.72662772144661059e-04 -1.25609517472934074e-04 -1.31005344276166606e-06  5.29830657611263493e-06 -2.06347634965193860e-09  2.84451525618794145e-09  4.00000000000000000e+00 -2.50000000000000000e+00  1.65000000000000013e+00 -1.00000000000000006e-01  1.60000000000000009e+00 -8.00000000000000044e-01  2.30000000000000027e+00
 3.45280000000001673e-07  1.00001329988737744e-05 -9.14108958209702838e-04  7.72662772144661059e-04 -1.25609517472697230e-04 -1.31005344318571934e-06  5.29830657611926550e-06 -2.06347633890028470e-09  2.84451528555608789e-09  4.00000000000000000e+00 -2.50000000000000000e+00  1.65000000000000013e+00 -1.00000000000000006e-01  1.60000000000000009e+00 -8.00000000000000044e-01  2.30000000000000027e+00
 3.46280000000001695e-07  1.00001329986494412e-05 -9.14108958189885357e-04  7.72662772155615295e-04 -1.25609517473008098e-04 -1.31005344313255002e-06  5.29830657571754234e-06 -2.06347633369726571e-09  2.84451527741048057e-09  4.00000000000000000e+00 -2.50000000000000000e+00  1.65000000000000013e+00 -1.00000000000000006e-01  1.60000000000000009e+00 -8.00000000000000044e-01  2.30000000000000027e+00
 3.47280000000001717e-07  1.00001329989889523e-05 -9.14108958204037014e-04  7.72662772154653066e-04 -1.25609517472593634e-04 -1.31005344328720066e-06  5.29830657666570340e-06 -2.06347634110606603e-09  2.84451523025524029e-09  4.00000000000000000e+00 -2.50000000000000000e+00  1.65000000000000013e+00 -1.00000000000000006e-01  1.60000000000000009e+00 -8.00000000000000044e-01  2.30000000000000027e+00
 3.48280000000001740e-07  1.00001329992929321e-05 -9.14108958206535016e-04  7.72662772158871913e-04 -1.25609517472460386e-04 -1.31005344292126062e-06  5.29830657635939003e-06 -2.06347633379546983e-09  2.84451527235781530e-09  4.00000000000000000e+00 -2.50000000000000000e+00  1.65000000000000013e+00 -1.00000000000000006e-01  1.60000000000000009e+00 -8.00000000000000044e-01  2.30000000000000027e+00
 3.49280000000001762e-07  1.00001329993195476e-05 -9.14108958210117328e-04  7.72662772143476785e-04 -1.25609517473481786e-04 -1.31005344295482768e-06  5.29830657574464231e-06 -2.06347634299645001e-09  2.84451527335473751e-09  4.00000000000000000e+00 -2.50000000000000000e+00  1.65000000000000013e+00 -1.00000000000000006e-01  1.60000000000000009e+00 -8.00000000000000044e-01  2.30000000000000027e+00
 3.50280000000001784e-07  1.00001329990312565e-05 -9.14108958184611797e-04  7.72662772142514664e-04 -1.25609517472415988e-04 -1.31005344258992843e-06  5.29830657516300935e-06 -2.06347637777577585e-09  2.84451530246745554e-09  4.00000000000000000e+00 -2.50000000000000000e+00  1.65000000000000013e+00 -1.00000000000000006e-01  1.60000000000000009e+00 -8.00000000000000044e-01  2.30000000000000027e+00
 3.51280000000001806e-07  1.00001329988821601e-05 -9.14108958187161624e-04  7.72662772128747898e-04 -1.25609517471039295e-04 -1.31005344276149263e-06  5.29830657580242775e-06 -2.06347635757944651e-09  2.84451526955844834e-09  4.00000000000000000e+00 -2.50000000000000000e+00  1.65000000000000013e+00 -1.00000000000000006e-01  1.60000000000000009e+00 -8.00000000000000044e-01  2.30000000000000027e+00
 3.52280000000001828e-07  1.00001329991111893e-05 -9.14108958170400943e-04  7.72662772129265930e-04 -1.25609517470906047e-04 -1.31005344307270206e-06  5.29830657609150993e-06 -2.06347633403439930e-09  2.84451526889020221e-09  4.00000000000000000e+00 -2.50000000000000000e+00  1.65000000000000013e+00 -1.00000000000000006e-01  1.60000000000000009e+00 -8.00000000000000044e-01  2.30000000000000027e+00
 3.53280000000001851e-07  1.00001329989338460e-05 -9.14108958209421596e-04  7.72662772143698829e-04 -1.25609517471557408e-04 -1.31005344368948308e-06  5.29830657702756688e-06 -2.06347631779071446e-09  2.84451523161344770e-09  4.00000000000000000e+00 -2.50000000000000000e+00  1.65000000000000013e+00 -1.00000000000000006e-01  1.60000000000000009e+00 -8.00000000000000044e-01  2.30000000000000027e+00
 3.54280000000001873e-07  1.00001329985811280e-05 -9.14108958207397282e-04  7.72662772148509868e-04 -1.25609517472519583e-04 -1.31005344304867618e-06  5.29830657639589630e-06 -2.06347633963875681e-09  2.84451526358624692e-09  4.00000000000000000e+00 -2.50000000000000000e+00  1.65000000000000013e+00 -1.00000000000000006e-01  1.60000000000000009e+00 -8.00000000000000044e-01  2.30000000000000027e+00
 3.55280000000001895e-07  1.00001329988760648e-05 -9.14108958218055423e-04  7.72662772155319200e-04 -1.25609517474251542e-04 -1.31005344341895282e-06  5.29830657712864333e-06 -2.06347631003909948e-09  2.84451523573423693e-09  4.00000000000000000e+00 -2.50000000000000000e+00  1.65000000000000013e+00 -1.00000000000000006e-01  1.60000000000000009e+00 -8.00000000000000044e-01  2.30000000000000027e+00
 3.56280000000001917e-07  1.00001329989739615e-05 -9.14108958204703148e-04  7.72662772144661059e-04 -1.25609517474592009e-04 -1.31005344272350214e-06  5.29830657568658752e-06 -2.06347635853964893e-09  2.84451529897239452e-09  4.00000000000000000e+00 -2.50000000000000000e+00  1.65000000000000013e+00 -1.00000000000000006e-01  1.60000000000000009e+00 -8.00000000000000044e-01  2.30000000000000027e+00
 3.57280000000001939e-07  1.00001329990252002e-05 -9.14108958202123722e-04  7.72662772137555631e-04 -1.25609517473452160e-04 -1.31005344290885751e-06  5.29830657553778670e-06 -2.06347636404716427e-09  2.84451528604873143e-09  4.00000000000000000e+00 -2.50000000000000000e+00  1.65000000000000013e+00 -1.00000000000000006e-01  1.60000000000000009e+00 -8.00000000000000044e-01  2.30000000000000027e+00
 3.58280000000001961e-07  1.00001329988796207e-05 -9.14108958199403676e-04  7.72662772135705223e-04 -1.25609517472282739e-04 -1.31005344292993423e-06  5.29830657633629906e-06 -2.06347633351039485e-09  2.84451525459393050e-09  4.00000000000000000e+00 -2.50000000000000000e+00  1.65000000000000013e+00 -1.00000000000000006e-01  1.60000000000000009e+00 -8.00000000000000044e-01  2.30000000000000027e+00
 3.59280000000001984e-07  1.00001329989543917e-05 -9.14108958234072233e-04  7.72662772148879906e-04 -1.25609517473452187e-04 -1.31005344368783496e-06  5.29830657720689901e-06 -2.06347631551229510e-09  2.84451522617557186e-09  4.00000000000000000e+00 -2.50000000000000000e+00  1.65000000000000013e+00 -1.00000000000000006e-01  1.60000000000000009e+00 -8.00000000000000044e-01  2.30000000000000027e+00
 3.60280000000002006e-07  1.00001329988818941e-05 -9.14108958231570545e-04  7.72662772159463996e-04 -1.25609517475613436e-04 -1.31005344312734585e-06  5.29830657664650624e-06 -2.06347632283589954e-09  2.84451526253568783e-09  4.00000000000000000e+00 -2.50000000000000000e+00  1.65000000000000013e+00 -1.00000000000000006e-01  1.60000000000000009e+00 -8.00000000000000044e-01  2.30000000000000027e+00
 3.61280000000002028e-07  1.00001329991422043e-05 -9.14108958201624122e-04  7.72662772147325594e-04 -1.25609517475939103e-04 -1.31005344266348075e-06  5.29830657557899570e-06 -2.06347635621119051e-09  2.84451527657887330e-09  4.00000000000000000e+00 -2.50000000000000000e+00  1.65000000000000013e+00 -1.00000000000000006e-01  1.60000000000000009e+00 -8.00000000000000044e-01  2.30000000000000027e+00
 3.62280000000002050e-07  1.00001329993474624e-05 -9.14108958203733546e-04  7.72662772139554033e-04 -1.25609517475065724e-04 -1.31005344300444073e-06  5.29830657559190957e-06 -2.06347635972810109e-09  2.84451529097462134e-09  4.00000000000000000e+00 -2.50000000000000000e+00  1.65000000000000013e+00 -1.00000000000000006e-01  1.60000000000000009e+00 -8.00000000000000044e-01  2.30000000000000027e+00
 3.63280000000002072e-07  1.00001329994209645e-05 -9.14108958204762345e-04  7.72662772140590205e-04 -1.25609517473881477e-04 -1.31005344303575236e-06  5.29830657604239811e-06 -2.06347635198417309e-09  2.84451526694311376e-09  4.00000000000000000e+00 -2.50000000000000000e+00  1.65000000000000013e+00 -1.00000000000000006e-01  1.60000000000000009e+00 -8.00000000000000044e-01  2.30000000000000027e+00
 3.64280000000002095e-07  1.00001329991383367e-05 -9.14108958195936072e-04  7.72662772151766486e-04 -1.25609517473970300e-04 -1.31005344280841698e-06  5.29830657590146114e-06 -2.06347633880226090e-09  2.84451527716002103e-09  4.00000000000000000e+00 -2.50000000000000000e+00  1.65000000000000013e+00 -1.00000000000000006e-01  1.60000000000000009e+00 -8.00000000000000044e-01  2.30000000000000027e+00
 3.65280000000002117e-07  1.00001329989526790e-05 -9.14108958209647326e-04  7.72662772147251543e-04 -1.25609517473703830e-04 -1.31005344344688183e-06  5.29830657649269353e-06 -2.06347633924990623e-09  2.84451525745371101e-09  4.00000000000000000e+00 -2.50000000000000000e+00  1.65000000000000013e+00 -1.00000000000000006e-01  1.60000000000000009e+00 -8.00000000000000044e-01  2.30000000000000027e+00
 3.66280000000002139e-07  1.00001329991791535e-05 -9.14108958218362577e-04  7.72662772155689238e-04 -1.25609517473718630e-04 -1.31005344305309960e-06  5.29830657615750650e-06 -2.06347634157912648e-09  2.84451526353404934e-09  4.00000000000000000e+00 -2.50000000000000000e+00  1.65000000000000013e+00 -1.00000000000000006e-01  1.60000000000000009e+00 -8.00000000000000044e-01  2.30000000000000027e+00
 3.67280000000002161e-07  1.00001329995452683e-05 -9.14108958195795451e-04  7.72662772152358569e-04 -1.25609517473304166e-04 -1.31005344278760030e-06  5.29830657575508962e-06 -2.06347635842867852e-09  2.84451526965544602e-09  4.00000000000000000e+00 -2.50000000000000000e+00  1.65000000000000013e+00 -1.00000000000000006e-01  1.60000000000000009e+00 -8.00000000000000044e-01  2.30000000000000027e+00
 3.68280000000002183e-07  1.00001329993230543e-05 -9.14108958209425282e-04  7.72662772145031097e-04 -1.25609517472963673e-04 -1.31005344274579350e-06  5.29830657598376480e-06 -2.06347634766972392e-09  2.84451528256231321e-09  4.00000000000000000e+00 -2.50000000000000000e+00  1.65000000000000013e+00 -1.00000000000000006e-01  1.60000000000000009e+00 -8.00000000000000044e-01  2.30000000000000027e+00
 3.69280000000002206e-07  1.00001329988731917e-05 -9.14108958201653721e-04  7.72662772147917677e-04 -1.25609517473008098e-04 -1.31005344331400205e-06  5.29830657631008509e-06 -2.06347633541843252e-09  2.84451527124791139e-09  4.00000000000000000e+00 -2.50000000000000000e+00  1.65000000000000013e+00 -1.00000000000000006e-01  1.60000000000000009e+00 -8.00000000000000044e-01  2.30000000000000027e+00
 3.70280000000002228e-07  1.00001329988887347e-05 -9.14108958224302270e-04  7.72662772147621689e-04 -1.25609517474295940e-04 -1.31005344320896467e-06  5.29830657706808216e-06 -2.06347632233561615e-09  2.84451524914362007e-09  4.00000000000000000e+00 -2.50000000000000000e+00  1.65000000000000013e+00 -1.00000000000000006e-01  1.60000000000000009e+00 -8.00000000000000044e-01  2.30000000000000027e+00
 3.71280000000002250e-07  1.00001329990045241e-05 -9.14108958210979594e-04  7.72662772137259536e-04 -1.25609517475080523e-04 -1.31005344289931653e-06  5.29830657521813426e-06 -2.06347634780154508e-09  2.84451529121804736e-09  4.00000000000000000e+00 -2.50000000000000000e+00  1.65000000000000013e+00 -1.00000000000000006e-01  1.60000000000000009e+00 -8.00000000000000044e-01  2.30000000000000027e+00
 3.72280000000002272e-07  1.00001329991315571e-05 -9.14108958187997978e-04  7.72662772136001319e-04 -1.25609517474147947e-04 -1.31005344301484907e-06  5.29830657613638150e-06 -2.06347636209705372e-09  2.84451526836065731e-09  4.00000000000000000e+00 -2.50000000000000000e+00  1.65000000000000013e+00 -1.00000000000000006e-01  1.60000000000000009e+00 -8.00000000000000044e-01  2.30000000000000027e+00
 3.73280000000002294e-07  1.00001329993780301e-05 -9.14108958193156828e-04  7.72662772143698829e-04 -1.25609517472741655e-04 -1.31005344269045578e-06  5.29830657610534960e-06 -2.06347635382335252e-09  2.84451525389118018e-09  4.00000000000000000e+00 -2.50000000000000000e+00  1.65000000000000013e+00 -1.00000000000000006e-01  1.60000000000000009e+00 -8.00000000000000044e-01  2.30000000000000027e+00
 3.74280000000002317e-07  1.00001329990228658e-05 -9.14108958198929988e-04  7.72662772140812249e-04 -1.25609517472578781e-04 -1.31005344301979299e-06  5.29830657641193317e-06 -2.06347632346273535e-09  2.84451526871503224e-09  4.00000000000000000e+00 -2.50000000000000000e+00  1.65000000000000013e+00 -1.00000000000000006e-01  1.60000000000000009e+00 -8.00000000000000044e-01  2.30000000000000027e+00
 3.75280000000002339e-07  1.00001329987374750e-05 -9.14108958212530220e-04  7.72662772154134926e-04 -1.25609517473348564e-04 -1.31005344324816938e-06  5.29830657583704514e-06 -2.06347634965588921e-09  2.84451527846195700e-09  4.00000000000000000e+00 -2.50000000000000000e+00  1.65000000000000013e+00 -1.00000000000000006e-01  1.60000000000000009e+00 -8.00000000000000044e-01  2.30000000000000027e+00
 3.76280000000002361e-07  1.00001329989515863e-05 -9.14108958207867283e-04  7.72662772129784070e-04 -1.25609517472874876e-04 -1.31005344273286969e-06  5.29830657589190153e-06 -2.06347635765249111e-09  2.84451526411190324e-09  4.00000000000000000e+00 -2.50000000000000000e+00  1.65000000000000013e+00 -1.00000000000000006e-01  1.60000000000000009e+00 -8.00000000000000044e-01  2.30000000000000027e+00
 3.77280000000002383e-07  1.00001329990349225e-05 -9.14108958203208033e-04  7.72662772143994925e-04 -1.25609517472934101e-04 -1.31005344313697365e-06  5.29830657606533492e-06 -2.06347633982801656e-09  2.84451528496507685e-09  4.00000000000000000e+00 -2.50000000000000000e+00  1.65000000000000013e+00 -1.00000000000000006e-01  1.60000000000000009e+00 -8.00000000000000044e-01  2.30000000000000027e+00
 3.78280000000002405e-07  1.00001329989281794e-05 -9.14108958189663312e-04  7.72662772142514664e-04 -1.25609517472045895e-04 -1.31005344287685174e-06  5.29830657587964242e-06 -2.06347633704551457e-09  2.84451525870082682e-09  4.00000000000000000e+00 -2.50000000000000000e+00  1.65000000000000013e+00 -1.00000000000000006e-01  1.60000000000000009e+00 -8.00000000000000044e-01  2.30000000000000027e+00
 3.79280000000002427e-07  1.00001329987562622e-05 -9.14108958222081824e-04  7.72662772154431021e-04 -1.25609517472223542e-04 -1.31005344348400495e-06  5.29830657674395908e-06 -2.06347633444814884e-09  2.84451524054819979e-09  4.00000000000000000e+00 -2.50000000000000000e+00  1.65000000000000013e+00 -1.00000000000000006e-01  1.60000000000000009e+00 -8.00000000000000044e-01  2.30000000000000027e+00
 3.80280000000002450e-07  1.00001329992429927e-05 -9.14108958196491184e-04  7.72662772133410835e-04 -1.25609517473392989e-04 -1.31005344300088446e-06  5.29830657620449819e-06 -2.06347633520717225e-09  2.84451527847650876e-09  4.00000000000000000e+00 -2.50000000000000000e+00  1.65000000000000013e+00 -1.00000000000000006e-01  1.60000000000000009e+00 -8.00000000000000044e-01  2.30000000000000027e+00
 3.81280000000002472e-07  1.00001329995411094e-05 -9.14108958194992383e-04  7.72662772131042287e-04 -1.25609517474192318e-04 -1.31005344327922097e-06  5.29830657663578958e-06 -2.06347633398034387e-09  2.84451524838429350e-09  4.00000000000000000e+00 -2.50000000000000000e+00  1.65000000000000013e+00 -1.00000000000000006e-01  1.60000000000000009e+00 -8.00000000000000044e-01  2.30000000000000027e+00
 3.82280000000002494e-07  1.00001329994054367e-05 -9.14108958211035105e-04  7.72662772140146115e-04 -1.25609517474340392e-04 -1.31005344295404693e-06  5.29830657628961569e-06 -2.06347634365488867e-09  2.84451526665404970e-09  4.00000000000000000e+00 -2.50000000000000000e+00  1.65000000000000013e+00 -1.00000000000000006e-01  1.60000000000000009e+00 -8.00000000000000044e-01  2.30000000000000027e+00
 3.83280000000002516e-07  1.00001329987940280e-05 -9.14108958214754352e-04  7.72662772140220167e-04 -1.25609517474355165e-04 -1.31005344293921517e-06  5.29830657574722492e-06 -2.06347634759514325e-09  2.84451527620907352e-09  4.00000000000000000e+00 -2.50000000000000000e+00  1.65000000000000013e+00 -1.00000000000000006e-01  1.60000000000000009e+00 -8.00000000000000044e-01  2.30000000000000027e+00
 3.84280000000002538e-07  1.00001329984330920e-05 -9.14108958204040700e-04  7.72662772153172805e-04 -1.25609517472697230e-04 -1.31005344271630321e-06  5.29830657572690968e-06 -2.06347635686720058e-09  2.84451527530432529e-09  4.00000000000000000e+00 -2.50000000000000000e+00  1.65000000000000013e+00 -1.00000000000000006e-01  1.60000000000000009e+00 -8.00000000000000044e-01  2.30000000000000027e+00
 3.85280000000002561e-07  1.00001329987388861e-05 -9.14108958202375366e-04  7.72662772137555631e-04 -1.25609517473037724e-04 -1.31005344312491719e-06  5.29830657642461580e-06 -2.06347632774485210e-09  2.84451527304326803e-09  4.00000000000000000e+00 -2.50000000000000000e+00  1.65000000000000013e+00 -1.00000000000000006e-01  1.60000000000000009e+00 -8.00000000000000044e-01  2.30000000000000027e+00
 3.86280000000002583e-07  1.00001329988197761e-05 -9.14108958210091416e-04  7.72662772137555631e-04 -1.25609517473348564e-04 -1.31005344327844022e-06  5.29830657631328518e-06 -2.06347634527296934e-09  2.84451525227917102e-09  4.00000000000000000e+00 -2.50000000000000000e+00  1.65000000000000013e+00 -1.00000000000000006e-01  1.60000000000000009e+00 -8.00000000000000044e-01  2.30000000000000027e+00
 3.87280000000002605e-07  1.00001329989828892e-05 -9.14108958216416001e-04  7.72662772136963548e-04 -1.25609517473940674e-04 -1.31005344311103941e-06  5.29830657729972535e-06 -2.06347632392806994e-09  2.84451525228815833e-09  4.00000000000000000e+00 -2.50000000000000000e+00  1.65000000000000013e+00 -1.00000000000000006e-01  1.60000000000000009e+00 -8.00000000000000044e-01  2.30000000000000027e+00
 3.88280000000002627e-07  1.00001329989763061e-05 -9.14108958202567812e-04  7.72662772150582212e-04 -1.25609517474932475e-04 -1.31005344282663158e-06  5.29830657590878629e-06 -2.06347633343477318e-09  2.84451526931316116e-09  4.00000000000000000e+00 -2.50000000000000000e+00  1.65000000000000013e+00 -1.00000000000000006e-01  1.60000000000000009e+00 -8.00000000000000044e-01  2.30000000000000027e+00
 3.89280000000002649e-07  1.00001329993429985e-05 -9.14108958198600607e-04  7.72662772166643474e-04 -1.25609517474369964e-04 -1.31005344334366578e-06  5.29830657596892308e-06 -2.06347635439849658e-09  2.84451525396895708e-09  4.00000000000000000e+00 -2.50000000000000000e+00  1.65000000000000013e+00 -1.00000000000000006e-01  1.60000000000000009e+00 -8.00000000000000044e-01  2.30000000000000027e+00
 3.90280000000002672e-07  1.00001329993511114e-05 -9.14108958205480304e-04  7.72662772155319200e-04 -1.25609517473763028e-04 -1.31005344293409761e-06  5.29830657618499272e-06 -2.06347634714551310e-09  2.84451526850024859e-09  4.00000000000000000e+00 -2.50000000000000000e+00  1.65000000000000013e+00 -1.00000000000000006e-01  1.60000000000000009e+00 -8.00000000000000044e-01  2.30000000000000027e+00
 3.91280000000002694e-07  1.00001329992982091e-05 -9.14108958209203237e-04  7.72662772155319200e-04 -1.25609517474177545e-04 -1.31005344323593950e-06  5.29830657600781968e-06 -2.06347633640759205e-09  2.84451530551478312e-09  4.00000000000000000e+00 -2.50000000000000000e+00  1.65000000000000013e+00 -1.00000000000000006e-01  1.60000000000000009e+00 -8.00000000000000044e-01  2.30000000000000027e+00
 3.92280000000002716e-07  1.00001329991127783e-05 -9.14108958196073007e-04  7.72662772145253141e-04 -1.25609517474725257e-04 -1.31005344271985926e-06  5.29830657558443111e-06 -2.06347636084276998e-09  2.84451527066217322e-09  4.00000000000000000e+00 -2.50000000000000000e+00  1.65000000000000013e+00 -1.00000000000000006e-01  1.60000000000000009e+00 -8.00000000000000044e-01  2.30000000000000027e+00
 3.93280000000002738e-07  1.00001329988999240e-05 -9.14108958192490694e-04  7.72662772144364963e-04 -1.25609517473733429e-04 -1.31005344280746280e-06  5.29830657588207087e-06 -2.06347635455054148e-09  2.84451526629889102e-09  4.00000000000000000e+00 -2.50000000000000000e+00  1.65000000000000013e+00 -1.00000000000000006e-01  1.60000000000000009e+00 -8.00000000000000044e-01  2.30000000000000027e+00
 3.94280000000002760e-07  1.00001329987882072e-05 -9.14108958215698042e-04  7.72662772139850128e-04 -1.25609517472919274e-04 -1.31005344301814509e-06  5.29830657660622220e-06 -2.06347633648690751e-09  2.84451525691752509e-09  4.00000000000000000e+00 -2.50000000000000000e+00  1.65000000000000013e+00 -1.00000000000000006e-01  1.60000000000000009e+00 -8.00000000000000044e-01  2.30000000000000027e+00
 3.95280000000002782e-07  1.00001329991443795e-05 -9.14108958197016696e-04  7.72662772137851727e-04 -1.25609517473466986e-04 -1.31005344342493775e-06  5.29830657671743678e-06 -2.06347632224584514e-09  2.84451525171765062e-09  4.00000000000000000e+00 -2.50000000000000000e+00  1.65000000000000013e+00 -1.00000000000000006e-01  1.60000000000000009e+00 -8.00000000000000044e-01  2.30000000000000027e+00
 3.96280000000002805e-07  1.00001329995241501e-05 -9.14108958195184828e-04  7.72662772137925669e-04 -1.25609517474088695e-04 -1.31005344290391338e-06  5.29830657523039336e-06 -2.06347635920919249e-09  2.84451530482602622e-09  4.00000000000000000e+00 -2.50000000000000000e+00  1.65000000000000013e+00 -1.00000000000000006e-01  1.60000000000000009e+00 -8.00000000000000044e-01  2.30000000000000027e+00
 3.97280000000002827e-07  1.00001329995008821e-05 -9.14108958189189624e-04  7.72662772136667453e-04 -1.25609517473037696e-04 -1.31005344296254712e-06  5.29830657628013231e-06 -2.06347634899877321e-09  2.84451523388177629e-09  4.00000000000000000e+00 -2.50000000000000000e+00  1.65000000000000013e+00 -1.00000000000000006e-01  1.60000000000000009e+00 -8.00000000000000044e-01  2.30000000000000027e+00
 3.98280000000002849e-07  1.00001329993869002e-05 -9.14108958188301446e-04  7.72662772146955556e-04 -1.25609517471809051e-04 -1.31005344257683140e-06  5.29830657540278659e-06 -2.06347635890470524e-09  2.84451528881282824e-09  4.00000000000000000e+00 -2.50000000000000000e+00  1.65000000000000013e+00 -1.00000000000000006e-01  1.60000000000000009e+00 -8.00000000000000044e-01  2.30000000000000027e+00
 3.99280000000002871e-07  1.00001329992321507e-05 -9.14108958197375676e-04  7.72662772129562025e-04 -1.25609517472341991e-04 -1.31005344313610629e-06  5.29830657595095921e-06 -2.06347633573480967e-09  2.84451528852905028e-09  4.00000000000000000e+00 -2.50000000000000000e+00  1.65000000000000013e+00 -1.00000000000000006e-01  1.60000000000000009e+00 -8.00000000000000044e-01  2.30000000000000027e+00
 4.00280000000002893e-07  1.00001329990720327e-05 -9.14108958196132204e-04  7.72662772144661059e-04 -1.25609517471957099e-04 -1.31005344294519988e-06  5.29830657649693462e-06 -2.06347634817041428e-09  2.84451526012107649e-09  4.00000000000000000e+00 -2.50000000000000000e+00  1.65000000000000013e+00 -1.00000000000000006e-01  1.60000000000000009e+00 -8.00000000000000044e-01  2.30000000000000027e+00
 4.01280000000002916e-07  1.00001329995180734e-05 -9.14108958185107711e-04  7.72662772130450204e-04 -1.25609517472267940e-04 -1.31005344305110484e-06  5.29830657624166007e-06 -2.06347634082826404e-09  2.84451527420773609e-09  4.00000000000000000e+00 -2.50000000000000000e+00  1.65000000000000013e+00 -1.00000000000000006e-01  1.60000000000000009e+00 -8.00000000000000044e-01  2.30000000000000027e+00
 4.02280000000002938e-07  1.00001329993195391e-05 -9.14108958198822652e-04  7.72662772130450204e-04 -1.25609517472815679e-04 -1.31005344347958154e-06  5.29830657688335360e-06 -2.06347632465360908e-09  2.84451523671355798e-09  4.00000000000000000e+00 -2.50000000000000000e+00  1.65000000000000013e+00 -1.00000000000000006e-01  1.60000000000000009e+00 -8.00000000000000044e-01  2.30000000000000027e+00
 4.03280000000002960e-07  1.00001329991710186e-05 -9.14108958204373767e-04  7.72662772150804257e-04 -1.25609517475139720e-04 -1.31005344320124503e-06  5.29830657618584060e-06 -2.06347632021187460e-09  2.84451526985884436e-09  4.00000000000000000e+00 -2.50000000000000000e+00  1.65000000000000013e+00 -1.00000000000000006e-01  1.60000000000000009e+00 -8.00000000000000044e-01  2.30000000000000027e+00
 4.04280000000002982e-07  1.00001329985896271e-05 -9.14108958197597720e-04  7.72662772136889497e-04 -1.25609517474873278e-04 -1.31005344263754672e-06  5.29830657496097166e-06 -2.06347637907728292e-09  2.84451530219759076e-09  4.00000000000000000e+00 -2.50000000000000000e+00  1.65000000000000013e+00 -1.00000000000000006e-01  1.60000000000000009e+00 -8.00000000000000044e-01  2.30000000000000027e+00
 4.05280000000003004e-07  1.00001329988082243e-05 -9.14108958189160025e-04  7.72662772155985333e-04 -1.25609517473466986e-04 -1.31005344307036022e-06  5.29830657616926416e-06 -2.06347634710617073e-09  2.84451525983032871e-09  4.00000000000000000e+00 -2.50000000000000000e+00  1.65000000000000013e+00 -1.00000000000000006e-01  1.60000000000000009e+00 -8.00000000000000044e-01  2.30000000000000027e+00
 4.06280000000003027e-07  1.00001329993552568e-05 -9.14108958196043408e-04  7.72662772140220167e-04 -1.25609517472741628e-04 -1.31005344287095363e-06  5.29830657625946978e-06 -2.06347633519179496e-09  2.84451526351071623e-09  4.00000000000000000e+00 -2.50000000000000000e+00  1.65000000000000013e+00 -1.00000000000000006e-01  1.60000000000000009e+00 -8.00000000000000044e-01  2.30000000000000027e+00
 4.07280000000003049e-07  1.00001329994615238e-05 -9.14108958191658027e-04  7.72662772128895892e-04 -1.25609517472697230e-04 -1.31005344296107265e-06  5.29830657600342443e-06 -2.06347634633211538e-09  2.84451524120814848e-09  4.00000000000000000e+00 -2.50000000000000000e+00  1.65000000000000013e+00 -1.00000000000000006e-01  1.60000000000000009e+00 -8.00000000000000044e-01  2.30000000000000027e+00
 4.08280000000003071e-07  1.00001329991215604e-05 -9.14108958204037014e-04  7.72662772145549237e-04 -1.25609517473156146e-04 -1.31005344317799969e-06  5.29830657592964108e-06 -2.06347633295383051e-09  2.84451527864501496e-09  4.00000000000000000e+00 -2.50000000000000000e+00  1.65000000000000013e+00 -1.00000000000000006e-01  1.60000000000000009e+00 -8.00000000000000044e-01  2.30000000000000027e+00
 4.09280000000003093e-07  1.00001329991747439e-05 -9.14108958211919597e-04  7.72662772156429423e-04 -1.25609517473585408e-04 -1.31005344367066116e-06  5.29830657731406646e-06 -2.06347631766573492e-09  2.84451522850192759e-09  4.00000000000000000e+00 -2.50000000000000000e+00  1.65000000000000013e+00 -1.00000000000000006e-01  1.60000000000000009e+00 -8.00000000000000044e-01  2.30000000000000027e+00
 4.10280000000003115e-07  1.00001329993918350e-05 -9.14108958225660450e-04  7.72662772160870315e-04 -1.25609517473985099e-04 -1.31005344295213878e-06  5.29830657680606184e-06 -2.06347632924765398e-09  2.84451524510210700e-09  4.00000000000000000e+00 -2.50000000000000000e+00  1.65000000000000013e+00 -1.00000000000000006e-01  1.60000000000000009e+00 -8.00000000000000044e-01  2.30000000000000027e+00
 4.11280000000003138e-07  1.00001329994534194e-05 -9.14108958212504308e-04  7.72662772155319200e-04 -1.25609517473999899e-04 -1.31005344285265243e-06  5.29830657605828082e-06 -2.06347634333666857e-09  2.84451526999506942e-09  4.00000000000000000e+00 -2.50000000000000000e+00  1.65000000000000013e+00 -1.00000000000000006e-01  1.60000000000000009e+00 -8.00000000000000044e-01  2.30000000000000027e+00
 4.12280000000003160e-07  1.00001329995444958e-05 -9.14108958211975109e-04  7.72662772151766486e-04 -1.25609517474192345e-04 -1.31005344329067011e-06  5.29830657641555678e-06 -2.06347634003444527e-09  2.84451526739715651e-09  4.00000000000000000e+00 -2.50000000000000000e+00  1.65000000000000013e+00 -1.00000000000000006e-01  1.60000000000000009e+00 -8.00000000000000044e-01  2.30000000000000027e+00
 4.13280000000003182e-07  1.00001329993783757e-05 -9.14108958216723155e-04  7.72662772161536449e-04 -1.25609517474754829e-04 -1.31005344308068174e-06  5.29830657577112564e-06 -2.06347635237205628e-09  2.84451529264057509e-09  4.00000000000000000e+00 -2.50000000000000000e+00  1.65000000000000013e+00 -1.00000000000000006e-01  1.60000000000000009e+00 -8.00000000000000044e-01  2.30000000000000027e+00
 4.14280000000003204e-07  1.00001329990227438e-05 -9.14108958201901678e-04  7.72662772162128531e-04 -1.25609517475139720e-04 -1.31005344268065455e-06  5.29830657546462000e-06 -2.06347636259372687e-09  2.84451531586479162e-09  4.00000000000000000e+00 -2.50000000000000000e+00  1.65000000000000013e+00 -1.00000000000000006e-01  1.60000000000000009e+00 -8.00000000000000044e-01  2.30000000000000027e+00
 4.15280000000003226e-07  1.00001329991126327e-05 -9.14108958202512300e-04  7.72662772141774479e-04 -1.25609517473985099e-04 -1.31005344288448456e-06  5.29830657608090931e-06 -2.06347635461383279e-09  2.84451526618077129e-09  4.00000000000000000e+00 -2.50000000000000000e+00  1.65000000000000013e+00 -1.00000000000000006e-01  1.60000000000000009e+00 -8.00000000000000044e-01  2.30000000000000027e+00
 4.16280000000003248e-07  1.00001329994255978e-05 -9.14108958209617728e-04  7.72662772147917677e-04 -1.25609517473318966e-04 -1.31005344319881637e-06  5.29830657642257275e-06 -2.06347634476661486e-09  2.84451522584389850e-09  4.00000000000000000e+00 -2.50000000000000000e+00  1.65000000000000013e+00 -1.00000000000000006e-01  1.60000000000000009e+00 -8.00000000000000044e-01  2.30000000000000027e+00
 4.17280000000003271e-07  1.00001329990483801e-05 -9.14108958203900079e-04  7.72662772134372956e-04 -1.25609517473600208e-04 -1.31005344261161247e-06  5.29830657541169145e-06 -2.06347633924364241e-09  2.84451532335625830e-09  4.00000000000000000e+00 -2.50000000000000000e+00  1.65000000000000013e+00 -1.00000000000000006e-01  1.60000000000000009e+00 -8.00000000000000044e-01  2.30000000000000027e+00
 4.18280000000003293e-07  1.00001329986855027e-05 -9.14108958193463983e-04  7.72662772138147714e-04 -1.25609517472489985e-04 -1.31005344327219526e-06  5.29830657637045397e-06 -2.06347635081015731e-09  2.84451524771203554e-09  4.00000000000000000e+00 -2.50000000000000000e+00  1.65000000000000013e+00 -1.00000000000000006e-01  1.60000000000000009e+00 -8.00000000000000044e-01  2.30000000000000027e+00
 4.19280000000003315e-07  1.00001329986168321e-05 -9.14108958205620925e-04  7.72662772129265930e-04 -1.25609517472800852e-04 -1.31005344311693751e-06  5.29830657655603042e-06 -2.06347632440253123e-09  2.84451525502527251e-09  4.00000000000000000e+00 -2.50000000000000000e+00  1.65000000000000013e+00 -1.00000000000000006e-01  1.60000000000000009e+00 -8.00000000000000044e-01  2.30000000000000027e+00
 4.20280000000003337e-07  1.00001329989327957e-05 -9.14108958206453592e-04  7.72662772136963548e-04 -1.25609517473141319e-04 -1.31005344313792762e-06  5.29830657657056381e-06 -2.06347633814510809e-09  2.84451523157041115e-09  4.00000000000000000e+00 -2.50000000000000000e+00  1.65000000000000013e+00 -1.00000000000000006e-01  1.60000000000000009e+00 -8.00000000000000044e-01  2.30000000000000027e+00
 4.21280000000003359e-07  1.00001329992562302e-05 -9.14108958215279865e-04  7.72662772155023104e-04 -1.25609517474014698e-04 -1.31005344321607700e-06  5.29830657664862637e-06 -2.06347631968682129e-09  2.84451524474232231e-09  4.00000000000000000e+00 -2.50000000000000000e+00  1.65000000000000013e+00 -1.00000000000000006e-01  1.60000000000000009e+00 -8.00000000000000044e-01  2.30000000000000027e+00
 4.22280000000003382e-07  1.00001329989296210e-05 -9.14108958180141306e-04  7.72662772150212174e-04 -1.25609517474814053e-04 -1.31005344303462496e-06  5.29830657511516893e-06 -2.06347634978588974e-09  2.84451531361589764e-09  4.00000000000000000e+00 -2.50000000000000000e+00  1.65000000000000013e+00 -1.00000000000000006e-01  1.60000000000000009e+00 -8.00000000000000044e-01  2.30000000000000027e+00
 4.23280000000003404e-07  1.00001329990191202e-05 -9.14108958204425592e-04  7.72662772140220167e-04 -1.25609517473037724e-04 -1.31005344265576131e-06  5.29830657589853210e-06 -2.06347637469130909e-09  2.84451527850925642e-09  4.00000000000000000e+00 -2.50000000000000000e+00  1.65000000000000013e+00 -1.00000000000000006e-01  1.60000000000000009e+00 -8.00000000000000044e-01  2.30000000000000027e+00
 4.24280000000003426e-07  1.00001329993419550e-05 -9.14108958201013499e-04  7.72662772148583810e-04 -1.25609517471971899e-04 -1.31005344272064001e-06  5.29830657642072199e-06 -2.06347634066066442e-09  2.84451524462402266e-09  4.00000000000000000e+00 -2.50000000000000000e+00  1.65000000000000013e+00 -1.00000000000000006e-01  1.60000000000000009e+00 -8.00000000000000044e-01  2.30000000000000027e+00
 4.25280000000003448e-07  1.00001329992510751e-05 -9.14108958197542209e-04  7.72662772143476785e-04 -1.25609517473022897e-04 -1.31005344347004056e-06  5.29830657639446990e-06 -2.06347633116107660e-09  2.84451529029836355e-09  4.00000000000000000e+00 -2.50000000000000000e+00  1.65000000000000013e+00 -1.00000000000000006e-01  1.60000000000000009e+00 -8.00000000000000044e-01  2.30000000000000027e+00
 4.26280000000003470e-07  1.00001329992876110e-05 -9.14108958196961185e-04  7.72662772154134926e-04 -1.25609517473511411e-04 -1.31005344300869072e-06  5.29830657618699680e-06 -2.06347633655224650e-09  2.84451524058203727e-09  4.00000000000000000e+00 -2.50000000000000000e+00  1.65000000000000013e+00 -1.00000000000000006e-01  1.60000000000000009e+00 -8.00000000000000044e-01  2.30000000000000027e+00
 4.27280000000003493e-07  1.00001329992597860e-05 -9.14108958178142905e-04  7.72662772143476785e-04 -1.25609517472934074e-04 -1.31005344301545618e-06  5.29830657593407445e-06 -2.06347635593780153e-09  2.84451530562502479e-09  4.00000000000000000e+00 -2.50000000000000000e+00  1.65000000000000013e+00 -1.00000000000000006e-01  1.60000000000000009e+00 -8.00000000000000044e-01  2.30000000000000027e+00
 4.28280000000003515e-07  1.00001329990540942e-05 -9.14108958207145638e-04  7.72662772131412433e-04 -1.25609517473466986e-04 -1.31005344334947727e-06  5.29830657706168283e-06 -2.06347633076818607e-09  2.84451524199113614e-09  4.00000000000000000e+00 -2.50000000000000000e+00  1.65000000000000013e+00 -1.00000000000000006e-01  1.60000000000000009e+00 -8.00000000000000044e-01  2.30000000000000027e+00
 4.29280000000003537e-07  1.00001329987126213e-05 -9.14108958201457589e-04  7.72662772136667453e-04 -1.25609517474517985e-04 -1.31005344289766842e-06  5.29830657586387575e-06 -2.06347634062055899e-09  2.84451527931176803e-09  4.00000000000000000e+00 -2.50000000000000000e+00  1.65000000000000013e+00 -1.00000000000000006e-01  1.60000000000000009e+00 -8.00000000000000044e-01  2.30000000000000027e+00
 4.30280000000003559e-07  1.00001329983314345e-05 -9.14108958213866174e-04  7.72662772153320798e-04 -1.25609517474147947e-04 -1.31005344311693751e-06  5.29830657610033770e-06 -2.06347633568302568e-09  2.84451524482446300e-09  4.00000000000000000e+00 -2.50000000000000000e+00  1.65000000000000013e+00 -1.00000000000000006e-01  1.60000000000000009e+00 -8.00000000000000044e-01  2.30000000000000027e+00
 4.31280000000003581e-07  1.00001329989019010e-05 -9.14108958206594213e-04  7.72662772148213772e-04 -1.25609517473911075e-04 -1.31005344284649408e-06  5.29830657570732628e-06 -2.06347635669017483e-09  2.84451529034107254e-09  4.00000000000000000e+00 -2.50000000000000000e+00  1.65000000000000013e+00 -1.00000000000000006e-01  1.60000000000000009e+00 -8.00000000000000044e-01  2.30000000000000027e+00
 4.32280000000003603e-07  1.00001329991814050e-05 -9.14108958203537414e-04  7.72662772137259536e-04 -1.25609517472504757e-04 -1.31005344289428579e-06  5.29830657614289688e-06 -2.06347635281857044e-09  2.84451523543363784e-09  4.00000000000000000e+00 -2.50000000000000000e+00  1.65000000000000013e+00 -1.00000000000000006e-01  1.60000000000000009e+00 -8.00000000000000044e-01  2.30000000000000027e+00
 4.33280000000003626e-07  1.00001329992081255e-05 -9.14108958197490384e-04  7.72662772155023104e-04 -1.25609517472608434e-04 -1.31005344292559742e-06  5.29830657616791484e-06 -2.06347633104438416e-09  2.84451528044451081e-09  4.00000000000000000e+00 -2.50000000000000000e+00  1.65000000000000013e+00 -1.00000000000000006e-01  1.60000000000000009e+00 -8.00000000000000044e-01  2.30000000000000027e+00
 4.34280000000003648e-07  1.00001329991826823e-05 -9.14108958216086620e-04  7.72662772159538047e-04 -1.25609517473215316e-04 -1.31005344354818972e-06  5.29830657673158477e-06 -2.06347633780329762e-09  2.84451525004912517e-09  4.00000000000000000e+00 -2.50000000000000000e+00  1.65000000000000013e+00 -1.00000000000000006e-01  1.60000000000000009e+00 -8.00000000000000044e-01  2.30000000000000027e+00
 4.35280000000003670e-07  1.00001329992216322e-05 -9.14108958206509103e-04  7.72662772155319200e-04 -1.25609517474266341e-04 -1.31005344299299160e-06  5.29830657634312191e-06 -2.06347633359890980e-09  2.84451529139146578e-09  4.00000000000000000e+00 -2.50000000000000000e+00  1.65000000000000013e+00 -1.00000000000000006e-01  1.60000000000000009e+00 -8.00000000000000044e-01  2.30000000000000027e+00
 4.36280000000003692e-07  1.00001329990867270e-05 -9.14108958192549892e-04  7.72662772149916078e-04 -1.25609517474162746e-04 -1.31005344275715582e-06  5.29830657558053730e-06 -2.06347635217619232e-09  2.84451527799413756e-09  4.00000000000000000e+00 -2.50000000000000000e+00  1.65000000000000013e+00 -1.00000000000000006e-01  1.60000000000000009e+00 -8.00000000000000044e-01  2.30000000000000027e+00
 4.37280000000003714e-07  1.00001329991484893e-05 -9.14108958199655319e-04  7.72662772136667453e-04 -1.25609517473437388e-04 -1.31005344303488500e-06  5.29830657586807788e-06 -2.06347635408230017e-09  2.84451526345107816e-09  4.00000000000000000e+00 -2.50000000000000000e+00  1.65000000000000013e+00 -1.00000000000000006e-01  1.60000000000000009e+00 -8.00000000000000044e-01  2.30000000000000027e+00
 4.38280000000003737e-07  1.00001329991856130e-05 -9.14108958190051890e-04  7.72662772154431021e-04 -1.25609517472948873e-04 -1.31005344294884276e-06  5.29830657594047379e-06 -2.06347635024445924e-09  2.84451528414796179e-09  4.00000000000000000e+00 -2.50000000000000000e+00  1.65000000000000013e+00 -1.00000000000000006e-01  1.60000000000000009e+00 -8.00000000000000044e-01  2.30000000000000027e+00
 4.39280000000003759e-07  1.00001329992997660e-05 -9.14108958194685228e-04  7.72662772123048681e-04 -1.25609517471320564e-04 -1.31005344257579060e-06  5.29830657618179263e-06 -2.06347635242273226e-09  2.84451525197938463e-09  4.00000000000000000e+00 -2.50000000000000000e+00  1.65000000000000013e+00 -1.00000000000000006e-01  1.60000000000000009e+00 -8.00000000000000044e-01  2.30000000000000027e+00
 4.40280000000003781e-07  1.00001329993409758e-05 -9.14108958199596122e-04  7.72662772130746300e-04 -1.25609517471557408e-04 -1.31005344337376340e-06  5.29830657695293566e-06 -2.06347632743724762e-09  2.84451525101493257e-09  4.00000000000000000e+00 -2.50000000000000000e+00  1.65000000000000013e+00 -1.00000000000000006e-01  1.60000000000000009e+00 -8.00000000000000044e-01  2.30000000000000027e+00
 4.41280000000003803e-07  1.00001329989703870e-05 -9.14108958207563815e-04  7.72662772130820242e-04 -1.25609517472697230e-04 -1.31005344340498843e-06  5.29830657636255115e-06 -2.06347632882960890e-09  2.84451528134339930e-09  4.00000000000000000e+00 -2.50000000000000000e+00  1.65000000000000013e+00 -1.00000000000000006e-01  1.60000000000000009e+00 -8.00000000000000044e-01  2.30000000000000027e+00
 4.42280000000003825e-07  1.00001329992849497e-05 -9.14108958203511501e-04  7.72662772137259536e-04 -1.25609517473644633e-04 -1.31005344275368637e-06  5.29830657619235513e-06 -2.06347634795986993e-09  2.84451526611726780e-09  4.00000000000000000e+00 -2.50000000000000000e+00  1.65000000000000013e+00 -1.00000000000000006e-01  1.60000000000000009e+00 -8.00000000000000044e-01  2.30000000000000027e+00
 4.43280000000003848e-07  1.00001329992355541e-05 -9.14108958181666020e-04  7.72662772144661059e-04 -1.25609517473481786e-04 -1.31005344297330232e-06  5.29830657542356431e-06 -2.06347635915319568e-09  2.84451530196478615e-09  4.00000000000000000e+00 -2.50000000000000000e+00  1.65000000000000013e+00 -1.00000000000000006e-01  1.60000000000000009e+00 -8.00000000000000044e-01  2.30000000000000027e+00
 4.44280000000003870e-07  1.00001329991246233e-05 -9.14108958184304643e-04  7.72662772129487974e-04 -1.25609517472519583e-04 -1.31005344276825809e-06  5.29830657586715292e-06 -2.06347634792238004e-09  2.84451525308860778e-09  4.00000000000000000e+00 -2.50000000000000000e+00  1.65000000000000013e+00 -1.00000000000000006e-01  1.60000000000000009e+00 -8.00000000000000044e-01  2.30000000000000027e+00
 4.45280000000003892e-07  1.00001329987823660e-05 -9.14108958203208033e-04  7.72662772139554033e-04 -1.25609517472800880e-04 -1.31005344339301879e-06  5.29830657638436987e-06 -2.06347632319988341e-09  2.84451526963542990e-09  4.00000000000000000e+00 -2.50000000000000000e+00  1.65000000000000013e+00 -1.00000000000000006e-01  1.60000000000000009e+00 -8.00000000000000044e-01  2.30000000000000027e+00
 4.46280000000003914e-07  1.00001329984920150e-05 -9.14108958211671640e-04  7.72662772130450204e-04 -1.25609517473925875e-04 -1.31005344329327219e-06  5.29830657629508921e-06 -2.06347633750468170e-09  2.84451524900303824e-09  4.00000000000000000e+00 -2.50000000000000000e+00  1.65000000000000013e+00 -1.00000000000000006e-01  1.60000000000000009e+00 -8.00000000000000044e-01  2.30000000000000027e+00
 4.47280000000003936e-07  1.00001329986513148e-05 -9.14108958185329756e-04  7.72662772141774479e-04 -1.25609517473230142e-04 -1.31005344273373705e-06  5.29830657586472363e-06 -2.06347635827954488e-09  2.84451527698510584e-09  4.00000000000000000e+00 -2.50000000000000000e+00  1.65000000000000013e+00 -1.00000000000000006e-01  1.60000000000000009e+00 -8.00000000000000044e-01  2.30000000000000027e+00
 4.48280000000003959e-07  1.00001329991843103e-05 -9.14108958208537103e-04  7.72662772147325594e-04 -1.25609517473082122e-04 -1.31005344316238718e-06  5.29830657662638328e-06 -2.06347633457762742e-09  2.84451524863455864e-09  4.00000000000000000e+00 -2.50000000000000000e+00  1.65000000000000013e+00 -1.00000000000000006e-01  1.60000000000000009e+00 -8.00000000000000044e-01  2.30000000000000027e+00
 4.49280000000003981e-07  1.00001329990735489e-05 -9.14108958198545096e-04  7.72662772129784070e-04 -1.25609517473378163e-04 -1.31005344276166606e-06  5.29830657602944528e-06 -2.06347632957646614e-09  2.84451526354932571e-09  4.00000000000000000e+00 -2.50000000000000000e+00  1.65000000000000013e+00 -1.00000000000000006e-01  1.60000000000000009e+00 -8.00000000000000044e-01  2.30000000000000027e+00
 4.50280000000004003e-07  1.00001329986968716e-05 -9.14108958210257949e-04  7.72662772154653066e-04 -1.25609517474118321e-04 -1.31005344346128012e-06  5.29830657650395060e-06 -2.06347632917296537e-09  2.84451527675231322e-09  4.00000000000000000e+00 -2.50000000000000000e+00  1.65000000000000013e+00 -1.00000000000000006e-01  1.60000000000000009e+00 -8.00000000000000044e-01  2.30000000000000027e+00
 4.51280000000004025e-07  1.00001329987402160e-05 -9.14108958201043098e-04  7.72662772141774479e-04 -1.25609517474518012e-04 -1.31005344292793947e-06  5.29830657613823226e-06 -2.06347635084821092e-09  2.84451525760399194e-09  4.00000000000000000e+00 -2.50000000000000000e+00  1.65000000000000013e+00 -1.00000000000000006e-01  1.60000000000000009e+00 -8.00000000000000044e-01  2.30000000000000027e+00
 4.52280000000004047e-07  1.00001329990946129e-05 -9.14108958202097810e-04  7.72662772149916078e-04 -1.25609517473644606e-04 -1.31005344266452154e-06  5.29830657578550488e-06 -2.06347635902952928e-09  2.84451527830567321e-09  4.00000000000000000e+00 -2.50000000000000000e+00  1.65000000000000013e+00 -1.00000000000000006e-01  1.60000000000000009e+00 -8.00000000000000044e-01  2.30000000000000027e+00
 4.53280000000004069e-07  1.00001329992650088e-05 -9.14108958202956390e-04  7.72662772123048681e-04 -1.25609517473156118e-04 -1.31005344283877464e-06  5.29830657571561449e-06 -2.06347636480466195e-09  2.84451528787359857e-09  4.00000000000000000e+00 -2.50000000000000000e+00  1.65000000000000013e+00 -1.00000000000000006e-01  1.60000000000000009e+00 -8.00000000000000044e-01  2.30000000000000027e+00
 4.54280000000004092e-07  1.00001329993964734e-05 -9.14108958180059883e-04  7.72662772128303809e-04 -1.25609517471897875e-04 -1.31005344288656615e-06  5.29830657605573634e-06 -2.06347634244849786e-09  2.84451526327074741e-09  4.00000000000000000e+00 -2.50000000000000000e+00  1.65000000000000013e+00 -1.00000000000000006e-01  1.60000000000000009e+00 -8.00000000000000044e-01  2.30000000000000027e+00
 4.55280000000004114e-07  1.00001329993351448e-05 -9.14108958193216026e-04  7.72662772128599796e-04 -1.25609517472119919e-04 -1.31005344335312015e-06  5.29830657664727704e-06 -2.06347632673725099e-09  2.84451525740166770e-09  4.00000000000000000e+00 -2.50000000000000000e+00  1.65000000000000013e+00 -1.00000000000000006e-01  1.60000000000000009e+00 -8.00000000000000044e-01  2.30000000000000027e+00
 4.56280000000004136e-07  1.00001329989693282e-05 -9.14108958194992383e-04  7.72662772132818644e-04 -1.25609517472312365e-04 -1.31005344288370402e-06  5.29830657564880900e-06 -2.06347635090641797e-09  2.84451527961762881e-09  4.00000000000000000e+00 -2.50000000000000000e+00  1.65000000000000013e+00 -1.00000000000000006e-01  1.60000000000000009e+00 -8.00000000000000044e-01  2.30000000000000027e+00
 4.57280000000004158e-07  1.00001329991612100e-05 -9.14108958194048693e-04  7.72662772130450204e-04 -1.25609517473289367e-04 -1.31005344337280922e-06  5.29830657676751252e-06 -2.06347632508672292e-09  2.84451525680118958e-09  4.00000000000000000e+00 -2.50000000000000000e+00  1.65000000000000013e+00 -1.00000000000000006e-01  1.60000000000000009e+00 -8.00000000000000044e-01  2.30000000000000027e+00
 4.58280000000004180e-07  1.00001329989473850e-05 -9.14108958209647326e-04  7.72662772134891096e-04 -1.25609517473600208e-04 -1.31005344310661599e-06  5.29830657615087593e-06 -2.06347633761923422e-09  2.84451526603388345e-09  4.00000000000000000e+00 -2.50000000000000000e+00  1.65000000000000013e+00 -1.00000000000000006e-01  1.60000000000000009e+00 -8.00000000000000044e-01  2.30000000000000027e+00
 4.59280000000004203e-07  1.00001329988625004e-05 -9.14108958201650034e-04  7.72662772136593402e-04 -1.25609517473999899e-04 -1.31005344334080366e-06  5.29830657687444874e-06 -2.06347632244969263e-09  2.84451524076239160e-09  4.00000000000000000e+00 -2.50000000000000000e+00  1.65000000000000013e+00 -1.00000000000000006e-01  1.60000000000000009e+00 -8.00000000000000044e-01  2.30000000000000027e+00
 4.60280000000004225e-07  1.00001329992108834e-05 -9.14108958209284661e-04  7.72662772155023104e-04 -1.25609517474651233e-04 -1.31005344305656905e-06  5.29830657593461401e-06 -2.06347635029296718e-09  2.84451525616668746e-09  4.00000000000000000e+00 -2.50000000000000000e+00  1.65000000000000013e+00 -1.00000000000000006e-01  1.60000000000000009e+00 -8.00000000000000044e-01  2.30000000000000027e+00
 4.61280000000004247e-07  1.00001329994049285e-05 -9.14108958204484789e-04  7.72662772154356970e-04 -1.25609517474532811e-04 -1.31005344297408307e-06  5.29830657609316757e-06 -2.06347634522885207e-09  2.84451527689142391e-09  4.00000000000000000e+00 -2.50000000000000000e+00  1.65000000000000013e+00 -1.00000000000000006e-01  1.60000000000000009e+00 -8.00000000000000044e-01  2.30000000000000027e+00
 4.62280000000004269e-07  1.00001329997333215e-05 -9.14108958211671640e-04  7.72662772143402842e-04 -1.25609517473718657e-04 -1.31005344304867618e-06  5.29830657616587180e-06 -2.06347634693746022e-09  2.84451526505551076e-09  4.00000000000000000e+00 -2.50000000000000000e+00  1.65000000000000013e+00 -1.00000000000000006e-01  1.60000000000000009e+00 -8.00000000000000044e-01  2.30000000000000027e+00
 4.63280000000004291e-07  1.00001329999699266e-05 -9.14108958209147726e-04  7.72662772133706822e-04 -1.25609517473585408e-04 -1.31005344286809151e-06  5.29830657594818348e-06 -2.06347635193071324e-09  2.84451526898964380e-09  4.00000000000000000e+00 -2.50000000000000000e+00  1.65000000000000013e+00 -1.00000000000000006e-01  1.60000000000000009e+00 -8.00000000000000044e-01  2.30000000000000027e+00
 4.64280000000004314e-07  1.00001329992057521e-05 -9.14108958194574206e-04  7.72662772139924071e-04 -1.25609517473304166e-04 -1.31005344249521257e-06  5.29830657480819996e-06 -2.06347636076866535e-09  2.84451532018415590e-09  4.00000000000000000e+00 -2.50000000000000000e+00  1.65000000000000013e+00 -1.00000000000000006e-01  1.60000000000000009e+00 -8.00000000000000044e-01  2.30000000000000027e+00
 4.65280000000004336e-07  1.00001329989459806e-05 -9.14108958183416464e-04  7.72662772153172805e-04 -1.25609517472179144e-04 -1.31005344299724159e-06  5.29830657619887051e-06 -2.06347634726091059e-09  2.84451524745203696e-09  4.00000000000000000e+00 -2.50000000000000000e+00  1.65000000000000013e+00 -1.00000000000000006e-01  1.60000000000000009e+00 -8.00000000000000044e-01  2.30000000000000027e+00
 4.66280000000004358e-07  1.00001329987774075e-05 -9.14108958175977970e-04  7.72662772133706822e-04 -1.25609517471942300e-04 -1.31005344319951030e-06  5.29830657631197397e-06 -2.06347633248185036e-09  2.84451526895745613e-09  4.00000000000000000e+00 -2.50000000000000000e+00  1.65000000000000013e+00 -1.00000000000000006e-01  1.60000000000000009e+00 -8.00000000000000044e-01  2.30000000000000027e+00
 4.67280000000004380e-07  1.00001329993129780e-05 -9.14108958187579801e-04  7.72662772129784070e-04 -1.25609517472445587e-04 -1.31005344346422906e-06  5.29830657684715564e-06 -2.06347632965317556e-09  2.84451524244915100e-09  4.00000000000000000e+00 -2.50000000000000000e+00  1.65000000000000013e+00 -1.00000000000000006e-01  1.60000000000000009e+00 -8.00000000000000044e-01  2.30000000000000027e+00
 4.68280000000004402e-07  1.00001329993749012e-05 -9.14108958211201639e-04  7.72662772151766486e-04 -1.25609517472919274e-04 -1.31005344302265533e-06  5.29830657637176433e-06 -2.06347634082275956e-09  2.84451526083077264e-09  4.00000000000000000e+00 -2.50000000000000000e+00  1.65000000000000013e+00 -1.00000000000000006e-01  1.60000000000000009e+00 -8.00000000000000044e-01  2.30000000000000027e+00
 4.69280000000004425e-07  1.00001329990932237e-05 -9.14108958218362577e-04  7.72662772155985333e-04 -1.25609517473126520e-04 -1.31005344299568029e-06  5.29830657599922315e-06 -2.06347634219734680e-09  2.84451526828806890e-09  4.00000000000000000e+00 -2.50000000000000000e+00  1.65000000000000013e+00 -1.00000000000000006e-01  1.60000000000000009e+00 -8.00000000000000044e-01  2.30000000000000027e+00
 4.70280000000004447e-07  1.00001329990011868e-05 -9.14108958211505107e-04  7.72662772154801059e-04 -1.25609517473674204e-04 -1.31005344295508772e-06  5.29830657617126909e-06 -2.06347632813236595e-09  2.84451526184429016e-09  4.00000000000000000e+00 -2.50000000000000000e+00  1.65000000000000013e+00 -1.00000000000000006e-01  1.60000000000000009e+00 -8.00000000000000044e-01  2.30000000000000027e+00
 4.71280000000004469e-07  1.00001329988408757e-05 -9.14108958216197642e-04  7.72662772158205780e-04 -1.25609517474207144e-04 -1.31005344324790913e-06  5.29830657624297043e-06 -2.06347633956100555e-09  2.84451527072686329e-09  4.00000000000000000e+00 -2.50000000000000000e+00  1.65000000000000013e+00 -1.00000000000000006e-01  1.60000000000000009e+00 -8.00000000000000044e-01  2.30000000000000027e+00
 4.72280000000004491e-07  1.00001329987361807e-05 -9.14108958200321453e-04  7.72662772140220167e-04 -1.25609517474162719e-04 -1.31005344292620475e-06  5.29830657550085607e-06 -2.06347635612235711e-09  2.84451528603517601e-09  4.00000000000000000e+00 -2.50000000000000000e+00  1.65000000000000013e+00 -1.00000000000000006e-01  1.60000000000000009e+00 -8.00000000000000044e-01  2.30000000000000027e+00
 4.73280000000004513e-07  1.00001329986694599e-05 -9.14108958197712429e-04  7.72662772140812249e-04 -1.25609517473659432e-04 -1.31005344264283750e-06  5.29830657576249099e-06 -2.06347635290394169e-09  2.84451527913892409e-09  4.00000000000000000e+00 -2.50000000000000000e+00  1.65000000000000013e+00 -1.00000000000000006e-01  1.60000000000000009e+00 -8.00000000000000044e-01  2.30000000000000027e+00
 4.74280000000004535e-07  1.00001329988238944e-05 -9.14108958176895747e-04  7.72662772130154108e-04 -1.25609517473082122e-04 -1.31005344283270311e-06  5.29830657620091355e-06 -2.06347634777826615e-09  2.84451527987079985e-09  4.00000000000000000e+00 -2.50000000000000000e+00  1.65000000000000013e+00 -1.00000000000000006e-01  1.60000000000000009e+00 -8.00000000000000044e-01  2.30000000000000027e+00
 4.75280000000004558e-07  1.00001329988746571e-05 -9.14108958200458388e-04  7.72662772134669051e-04 -1.25609517472741655e-04 -1.31005344346214748e-06  5.29830657657125753e-06 -2.06347634907966238e-09  2.84451526042152048e-09  4.00000000000000000e+00 -2.50000000000000000e+00  1.65000000000000013e+00 -1.00000000000000006e-01  1.60000000000000009e+00 -8.00000000000000044e-01  2.30000000000000027e+00
 4.76280000000004580e-07  1.00001329989723962e-05 -9.14108958209810174e-04  7.72662772141774479e-04 -1.25609517473985072e-04 -1.31005344342242227e-06  5.29830657678462852e-06 -2.06347630779871594e-09  2.84451522038896868e-09  4.00000000000000000e+00 -2.50000000000000000e+00  1.65000000000000013e+00 -1.00000000000000006e-01  1.60000000000000009e+00 -8.00000000000000044e-01  2.30000000000000027e+00
 4.77280000000004602e-07  1.00001329986728989e-05 -9.14108958209144040e-04  7.72662772151988531e-04 -1.25609517475569010e-04 -1.31005344334878334e-06  5.29830657612635856e-06 -2.06347632975793715e-09  2.84451527366052261e-09  4.00000000000000000e+00 -2.50000000000000000e+00  1.65000000000000013e+00 -1.00000000000000006e-01  1.60000000000000009e+00 -8.00000000000000044e-01  2.30000000000000027e+00
 4.78280000000004571e-07  1.00001329986430291e-05 -9.14108958220472001e-04  7.72662772147251543e-04 -1.25609517474828880e-04 -1.31005344254534612e-06  5.29830657596618632e-06 -2.06347635508876639e-09  2.84451527019214727e-09  4.00000000000000000e+00 -2.50000000000000000e+00  1.65000000000000013e+00 -1.00000000000000006e-01  1.60000000000000009e+00 -8.00000000000000044e-01  2.30000000000000027e+00
 4.79280000000004541e-07  1.00001329986999870e-05 -9.14108958213311062e-04  7.72662772148213772e-04 -1.25609517474976873e-04 -1.31005344301216017e-06  5.29830657640098443e-06 -2.06347633855635417e-09  2.84451525666635501e-09  4.00000000000000000e+00 -2.50000000000000000e+00  1.65000000000000013e+00 -1.00000000000000006e-01  1.60000000000000009e+00 -8.00000000000000044e-01  2.30000000000000027e+00
 4.80280000000004510e-07  1.00001329988269827e-05 -9.14108958200265942e-04  7.72662772143106746e-04 -1.25609517473792654e-04 -1.31005344265836340e-06  5.29830657563801526e-06 -2.06347636197011582e-09  2.84451527948560789e-09  4.00000000000000000e+00 -2.50000000000000000e+00  1.65000000000000013e+00 -1.00000000000000006e-01  1.60000000000000009e+00 -8.00000000000000044e-01  2.30000000000000027e+00
 4.81280000000004479e-07  1.00001329991958181e-05 -9.14108958194159715e-04  7.72662772136001319e-04 -1.25609517474221943e-04 -1.31005344322292907e-06  5.29830657572270755e-06 -2.06347634479079418e-09  2.84451529716010632e-09  4.00000000000000000e+00 -2.50000000000000000e+00  1.65000000000000013e+00 -1.00000000000000006e-01  1.60000000000000009e+00 -8.00000000000000044e-01  2.30000000000000027e+00
 4.82280000000004448e-07  1.00001329993919773e-05 -9.14108958168180497e-04  7.72662772147695632e-04 -1.25609517472786026e-04 -1.31005344272523686e-06  5.29830657558215683e-06 -2.06347637316310946e-09  2.84451528202252286e-09  4.00000000000000000e+00 -2.50000000000000000e+00  1.65000000000000013e+00 -1.00000000000000006e-01  1.60000000000000009e+00 -8.00000000000000044e-01  2.30000000000000027e+00
 4.83280000000004418e-07  1.00001329991373830e-05 -9.14108958183582998e-04  7.72662772132448605e-04 -1.25609517471942273e-04 -1.31005344297590440e-06  5.29830657613056069e-06 -2.06347633859028098e-09  2.84451526322828575e-09  4.00000000000000000e+00 -2.50000000000000000e+00  1.65000000000000013e+00 -1.00000000000000006e-01  1.60000000000000009e+00 -8.00000000000000044e-01  2.30000000000000027e+00
 4.84280000000004387e-07  1.00001329990370417e-05 -9.14108958172121788e-04  7.72662772129265930e-04 -1.25609517472179117e-04 -1.31005344303887495e-06  5.29830657588157027e-06 -2.06347633145265156e-09  2.84451527227121280e-09  4.00000000000000000e+00 -2.50000000000000000e+00  1.65000000000000013e+00 -1.00000000000000006e-01  1.60000000000000009e+00 -8.00000000000000044e-01  2.30000000000000027e+00
 4.85280000000004356e-07  1.00001329990387172e-05 -9.14108958192549892e-04  7.72662772131412433e-04 -1.25609517472297539e-04 -1.31005344322223514e-06  5.29830657640264207e-06 -2.06347634106520207e-09  2.84451525490662379e-09  4.00000000000000000e+00 -2.50000000000000000e+00  1.65000000000000013e+00 -1.00000000000000006e-01  1.60000000000000009e+00 -8.00000000000000044e-01  2.30000000000000027e+00
 4.86280000000004325e-07  1.00001329992172751e-05 -9.14108958204536614e-04  7.72662772144364963e-04 -1.25609517472327165e-04 -1.31005344315614222e-06  5.29830657655020961e-06 -2.06347633626868982e-09  2.84451524925204856e-09  4.00000000000000000e+00 -2.50000000000000000e+00  1.65000000000000013e+00 -1.00000000000000006e-01  1.60000000000000009e+00 -8.00000000000000044e-01  2.30000000000000027e+00
 4.87280000000004295e-07  1.00001329990550819e-05 -9.14108958205535815e-04  7.72662772155985333e-04 -1.25609517472815652e-04 -1.31005344291397486e-06  5.29830657606302252e-06 -2.06347635053257121e-09  2.84451528676513105e-09  4.00000000000000000e+00 -2.50000000000000000e+00  1.65000000000000013e+00 -1.00000000000000006e-01  1.60000000000000009e+00 -8.00000000000000044e-01  2.30000000000000027e+00
 4.88280000000004264e-07  1.00001329990552428e-05 -9.14108958208755462e-04  7.72662772138221765e-04 -1.25609517473304166e-04 -1.31005344333056875e-06  5.29830657678593888e-06 -2.06347631264856521e-09  2.84451521766685087e-09  4.00000000000000000e+00 -2.50000000000000000e+00  1.65000000000000013e+00 -1.00000000000000006e-01  1.60000000000000009e+00 -8.00000000000000044e-01  2.30000000000000027e+00
 4.89280000000004233e-07  1.00001329992825695e-05 -9.14108958201124522e-04  7.72662772147325594e-04 -1.25609517474073896e-04 -1.31005344324036313e-06  5.29830657627627746e-06 -2.06347633335550487e-09  2.84451526641294724e-09  4.00000000000000000e+00 -2.50000000000000000e+00  1.65000000000000013e+00 -1.00000000000000006e-01  1.60000000000000009e+00 -8.00000000000000044e-01  2.30000000000000027e+00
 4.90280000000004202e-07  1.00001329992996491e-05 -9.14108958209865685e-04  7.72662772143698829e-04 -1.25609517474325566e-04 -1.31005344297746570e-06  5.29830657595728146e-06 -2.06347635055194667e-09  2.84451527731994979e-09  4.00000000000000000e+00 -2.50000000000000000e+00  1.65000000000000013e+00 -1.00000000000000006e-01  1.60000000000000009e+00 -8.00000000000000044e-01  2.30000000000000027e+00
 4.91280000000004172e-07  1.00001329991941257e-05 -9.14108958200928389e-04  7.72662772143476785e-04 -1.25609517473407789e-04 -1.31005344260545433e-06  5.29830657554491787e-06 -2.06347635869327167e-09  2.84451525977137182e-09  4.00000000000000000e+00 -2.50000000000000000e+00  1.65000000000000013e+00 -1.00000000000000006e-01  1.60000000000000009e+00 -8.00000000000000044e-01  2.30000000000000027e+00
 4.92280000000004141e-07  1.00001329990709366e-05 -9.14108958195214427e-04  7.72662772155319200e-04 -1.25609517472948900e-04 -1.31005344302534402e-06  5.29830657582455564e-06 -2.06347634369274790e-09  2.84451531185202928e-09  4.00000000000000000e+00 -2.50000000000000000e+00  1.65000000000000013e+00 -1.00000000000000006e-01  1.60000000000000009e+00 -8.00000000000000044e-01  2.30000000000000027e+00
 4.93280000000004110e-07  1.00001329991388331e-05 -9.14108958196713228e-04  7.72662772144661059e-04 -1.25609517473037696e-04 -1.31005344307356942e-06  5.29830657665263537e-06 -2.06347633880822405e-09  2.84451524000630550e-09  4.00000000000000000e+00 -2.50000000000000000e+00  1.65000000000000013e+00 -1.00000000000000006e-01  1.60000000000000009e+00 -8.00000000000000044e-01  2.30000000000000027e+00
 4.94280000000004079e-07  1.00001329992645226e-05 -9.14108958200850652e-04  7.72662772147325594e-04 -1.25609517472475212e-04 -1.31005344282663158e-06  5.29830657564468395e-06 -2.06347635700999180e-09  2.84451528497850778e-09  4.00000000000000000e+00 -2.50000000000000000e+00  1.65000000000000013e+00 -1.00000000000000006e-01  1.60000000000000009e+00 -8.00000000000000044e-01  2.30000000000000027e+00
 4.95280000000004049e-07  1.00001329990966187e-05 -9.14108958182724418e-04  7.72662772152062582e-04 -1.25609517473096921e-04 -1.31005344375306052e-06  5.29830657631952950e-06 -2.06347632238579169e-09  2.84451525583982290e-09  4.00000000000000000e+00 -2.50000000000000000e+00  1.65000000000000013e+00 -1.00000000000000006e-01  1.60000000000000009e+00 -8.00000000000000044e-01  2.30000000000000027e+00
 4.96280000000004018e-07  1.00001329986985691e-05 -9.14108958198323052e-04  7.72662772144364963e-04 -1.25609517473807453e-04 -1.31005344292976080e-06  5.29830657623441286e-06 -2.06347634131462308e-09  2.84451526255368273e-09  4.00000000000000000e+00 -2.50000000000000000e+00  1.65000000000000013e+00 -1.00000000000000006e-01  1.60000000000000009e+00 -8.00000000000000044e-01  2.30000000000000027e+00
 4.97280000000003987e-07  1.00001329989615914e-05 -9.14108958217307865e-04  7.72662772142810651e-04 -1.25609517473541010e-04 -1.31005344275125771e-06  5.29830657630804204e-06 -2.06347634547761754e-09  2.84451525353200802e-09  4.00000000000000000e+00 -2.50000000000000000e+00  1.65000000000000013e+00 -1.00000000000000006e-01  1.60000000000000009e+00 -8.00000000000000044e-01  2.30000000000000027e+00
 4.98280000000003956e-07  1.00001329996359330e-05 -9.14108958197960386e-04  7.72662772149916078e-04 -1.25609517473452187e-04 -1.31005344296974626e-06  5.29830657624520660e-06 -2.06347634487062952e-09  2.84451527626443713e-09  4.00000000000000000e+00 -2.50000000000000000e+00  1.65000000000000013e+00 -1.00000000000000006e-01  1.60000000000000009e+00 -8.00000000000000044e-01  2.30000000000000027e+00
 4.99280000000003926e-07  1.00001329998096052e-05 -9.14108958189633713e-04  7.72662772137259536e-04 -1.25609517473170918e-04 -1.31005344291163303e-06  5.29830657607015369e-06 -2.06347635215747901e-09  2.84451527604976722e-09  4.00000000000000000e+00 -2.50000000000000000e+00  1.65000000000000013e+00 -1.00000000000000006e-01  1.60000000000000009e+00 -8.00000000000000044e-01  2.30000000000000027e+00
 5.00280000000003895e-07  1.00001329995890582e-05 -9.14108958193519494e-04  7.72662772137925669e-04 -1.25609517473170945e-04 -1.31005344302005324e-06  5.29830657581179593e-06 -2.06347633848843147e-09  2.84451529019439977e-09  4.00000000000000000e+00 -2.50000000000000000e+00  1.65000000000000013e+00 -1.00000000000000006e-01  1.60000000000000009e+00 -8.00000000000000044e-01  2.30000000000000027e+00
 5.01280000000003864e-07  1.00001329991491330e-05 -9.14108958202985988e-04  7.72662772130228159e-04 -1.25609517472800880e-04 -1.31005344306940604e-06  5.29830657590643408e-06 -2.06347635500821885e-09  2.84451526444480497e-09  4.00000000000000000e+00 -2.50000000000000000e+00  1.65000000000000013e+00 -1.00000000000000006e-01  1.60000000000000009e+00 -8.00000000000000044e-01  2.30000000000000027e+00
 5.02280000000003833e-07  1.00001329989919898e-05 -9.14108958190492293e-04  7.72662772129487974e-04 -1.25609517472652832e-04 -1.31005344330532843e-06  5.29830657679634722e-06 -2.06347632619381649e-09  2.84451523693300072e-09  4.00000000000000000e+00 -2.50000000000000000e+00  1.65000000000000013e+00 -1.00000000000000006e-01  1.60000000000000009e+00 -8.00000000000000044e-01  2.30000000000000027e+00
 5.03280000000003803e-07  1.00001329985284730e-05 -9.14108958201461275e-04  7.72662772136889497e-04 -1.25609517473170918e-04 -1.31005344289419897e-06  5.29830657647249434e-06 -2.06347632779464134e-09  2.84451528126923346e-09  4.00000000000000000e+00 -2.50000000000000000e+00  1.65000000000000013e+00 -1.00000000000000006e-01  1.60000000000000009e+00 -8.00000000000000044e-01  2.30000000000000027e+00
 5.04280000000003772e-07  1.00001329983158779e-05 -9.14108958208925682e-04  7.72662772151766486e-04 -1.25609517474340365e-04 -1.31005344336795191e-06  5.29830657589105280e-06 -2.06347634104294139e-09  2.84451526138229738e-09  4.00000000000000000e+00 -2.50000000000000000e+00  1.65000000000000013e+00 -1.00000000000000006e-01  1.60000000000000009e+00 -8.00000000000000044e-01  2.30000000000000027e+00
 5.05280000000003741e-07  1.00001329985304500e-05 -9.14108958214976397e-04  7.72662772129487974e-04 -1.25609517474814053e-04 -1.31005344289784185e-06  5.29830657599043349e-06 -2.06347634899254537e-09  2.84451528423339879e-09  4.00000000000000000e+00 -2.50000000000000000e+00  1.65000000000000013e+00 -1.00000000000000006e-01  1.60000000000000009e+00 -8.00000000000000044e-01  2.30000000000000027e+00
 5.06280000000003710e-07  1.00001329988833324e-05 -9.14108958198767141e-04  7.72662772136667453e-04 -1.25609517473585408e-04 -1.31005344260111752e-06  5.29830657613657462e-06 -2.06347635985668673e-09  2.84451526776912639e-09  4.00000000000000000e+00 -2.50000000000000000e+00  1.65000000000000013e+00 -1.00000000000000006e-01  1.60000000000000009e+00 -8.00000000000000044e-01  2.30000000000000027e+00
 5.07280000000003680e-07  1.00001329987720848e-05 -9.14108958195155230e-04  7.72662772150212174e-04 -1.25609517472593607e-04 -1.31005344314477990e-06  5.29830657595689522e-06 -2.06347633373335684e-09  2.84451525752729948e-09  4.00000000000000000e+00 -2.50000000000000000e+00  1.65000000000000013e+00 -1.00000000000000006e-01  1.60000000000000009e+00 -8.00000000000000044e-01  2.30000000000000027e+00
 5.08280000000003649e-07  1.00001329986514723e-05 -9.14108958188442067e-04  7.72662772140442211e-04 -1.25609517472164344e-04 -1.31005344307122759e-06  5.29830657625943167e-06 -2.06347634505908235e-09  2.84451524973810774e-09  4.00000000000000000e+00 -2.50000000000000000e+00  1.65000000000000013e+00 -1.00000000000000006e-01  1.60000000000000009e+00 -8.00000000000000044e-01  2.30000000000000027e+00
 5.09280000000003618e-07  1.00001329988627393e-05 -9.14108958174175701e-04  7.72662772144364963e-04 -1.25609517472031096e-04 -1.31005344277259490e-06  5.29830657577043192e-06 -2.06347635579365332e-09  2.84451529867696531e-09  4.00000000000000000e+00 -2.50000000000000000e+00  1.65000000000000013e+00 -1.00000000000000006e-01  1.60000000000000009e+00 -8.00000000000000044e-01  2.30000000000000027e+00
 5.10280000000003587e-07  1.00001329989245270e-05 -9.14108958211867773e-04  7.72662772152432620e-04 -1.25609517472549209e-04 -1.31005344342667247e-06  5.29830657689965983e-06 -2.06347632399838484e-09  2.84451524241471961e-09  4.00000000000000000e+00 -2.50000000000000000e+00  1.65000000000000013e+00 -1.00000000000000006e-01  1.60000000000000009e+00 -8.00000000000000044e-01  2.30000000000000027e+00
 5.11280000000003557e-07  1.00001329991039285e-05 -9.14108958213699641e-04  7.72662772173082768e-04 -1.25609517474355165e-04 -1.31005344351158710e-06  5.29830657713535098e-06 -2.06347630805311989e-09  2.84451523256832308e-09  4.00000000000000000e+00 -2.50000000000000000e+00  1.65000000000000013e+00 -1.00000000000000006e-01  1.60000000000000009e+00 -8.00000000000000044e-01  2.30000000000000027e+00
 5.12280000000003526e-07  1.00001329995112904e-05 -9.14108958209425282e-04  7.72662772168641876e-04 -1.25609517474962101e-04 -1.31005344309707501e-06  5.29830657627361778e-06 -2.06347634225863137e-09  2.84451527253001652e-09  4.00000000000000000e+00 -2.50000000000000000e+00  1.65000000000000013e+00 -1.00000000000000006e-01  1.60000000000000009e+00 -8.00000000000000044e-01  2.30000000000000027e+00
 5.13280000000003495e-07  1.00001329992629099e-05 -9.14108958198545096e-04  7.72662772144661059e-04 -1.25609517474236743e-04 -1.31005344265740922e-06  5.29830657582262779e-06 -2.06347636043182831e-09  2.84451528927668135e-09  4.00000000000000000e+00 -2.50000000000000000e+00  1.65000000000000013e+00 -1.00000000000000006e-01  1.60000000000000009e+00 -8.00000000000000044e-01  2.30000000000000027e+00
 5.14280000000003464e-07  1.00001329991877594e-05 -9.14108958202871280e-04  7.72662772152432620e-04 -1.25609517474295967e-04 -1.31005344306680396e-06  5.29830657596653276e-06 -2.06347634204813127e-09  2.84451525565676039e-09  4.00000000000000000e+00 -2.50000000000000000e+00  1.65000000000000013e+00 -1.00000000000000006e-01  1.60000000000000009e+00 -8.00000000000000044e-01  2.30000000000000027e+00
 5.15280000000003434e-07  1.00001329989833043e-05 -9.14108958191547005e-04  7.72662772151174403e-04 -1.25609517473763055e-04 -1.31005344285534112e-06  5.29830657536720528e-06 -2.06347636481747167e-09  2.84451531726465212e-09  4.00000000000000000e+00 -2.50000000000000000e+00  1.65000000000000013e+00 -1.00000000000000006e-01  1.60000000000000009e+00 -8.00000000000000044e-01  2.30000000000000027e+00
 5.16280000000003403e-07  1.00001329993389870e-05 -9.14108958196265453e-04  7.72662772133336784e-04 -1.25609517473407762e-04 -1.31005344294693461e-06  5.29830657594051190e-06 -2.06347635640754624e-09  2.84451526604838765e-09  4.00000000000000000e+00 -2.50000000000000000e+00  1.65000000000000013e+00 -1.00000000000000006e-01  1.60000000000000009e+00 -8.00000000000000044e-01  2.30000000000000027e+00
 5.17280000000003372e-07  1.00001329998439558e-05 -9.14108958197434873e-04  7.72662772140146115e-04 -1.25609517471868276e-04 -1.31005344261039825e-06  5.29830657601144329e-06 -2.06347635571546241e-09  2.84451524250598369e-09  4.00000000000000000e+00 -2.50000000000000000e+00  1.65000000000000013e+00 -1.00000000000000006e-01  1.60000000000000009e+00 -8.00000000000000044e-01  2.30000000000000027e+00
 5.18280000000003341e-07  1.00001329994952374e-05 -9.14108958184112197e-04  7.72662772138221765e-04 -1.25609517472149518e-04 -1.31005344320748999e-06  5.29830657611487110e-06 -2.06347632768273993e-09  2.84451528653235912e-09  4.00000000000000000e+00 -2.50000000000000000e+00  1.65000000000000013e+00 -1.00000000000000006e-01  1.60000000000000009e+00 -8.00000000000000044e-01  2.30000000000000027e+00
 5.19280000000003311e-07  1.00001329988238588e-05 -9.14108958202290256e-04  7.72662772131116338e-04 -1.25609517472682430e-04 -1.31005344327072079e-06  5.29830657625808234e-06 -2.06347633936195488e-09  2.84451527032272269e-09  4.00000000000000000e+00 -2.50000000000000000e+00  1.65000000000000013e+00 -1.00000000000000006e-01  1.60000000000000009e+00 -8.00000000000000044e-01  2.30000000000000027e+00
 5.20280000000003280e-07  1.00001329985167026e-05 -9.14108958189800247e-04  7.72662772140812249e-04 -1.25609517473481786e-04 -1.31005344313263684e-06  5.29830657613071485e-06 -2.06347632892761905e-09  2.84451526253358886e-09  4.00000000000000000e+00 -2.50000000000000000e+00  1.65000000000000013e+00 -1.00000000000000006e-01  1.60000000000000009e+00 -8.00000000000000044e-01  2.30000000000000027e+00
 5.21280000000003249e-07  1.00001329985891782e-05 -9.14108958188109000e-04  7.72662772152062582e-04 -1.25609517474014698e-04 -1.31005344292525056e-06  5.29830657572417291e-06 -2.06347633621920994e-09  2.84451527532884789e-09  4.00000000000000000e+00 -2.50000000000000000e+00  1.65000000000000013e+00 -1.00000000000000006e-01  1.60000000000000009e+00 -8.00000000000000044e-01  2.30000000000000027e+00
 5.22280000000003218e-07  1.00001329986696310e-05 -9.14108958194326249e-04  7.72662772126009312e-04 -1.25609517473541010e-04 -1.31005344285516769e-06  5.29830657534808436e-06 -2.06347637345165859e-09  2.84451527838604870e-09  4.00000000000000000e+00 -2.50000000000000000e+00  1.65000000000000013e+00 -1.00000000000000006e-01  1.60000000000000009e+00 -8.00000000000000044e-01  2.30000000000000027e+00
 5.23280000000003188e-07  1.00001329988401845e-05 -9.14108958195765852e-04  7.72662772129562025e-04 -1.25609517471172543e-04 -1.31005344296801154e-06  5.29830657653097349e-06 -2.06347634567064428e-09  2.84451522641309967e-09  4.00000000000000000e+00 -2.50000000000000000e+00  1.65000000000000013e+00 -1.00000000000000006e-01  1.60000000000000009e+00 -8.00000000000000044e-01  2.30000000000000027e+00
 5.24280000000003157e-07  1.00001329991059123e-05 -9.14108958207870970e-04  7.72662772136889497e-04 -1.25609517471557408e-04 -1.31005344331122654e-06  5.29830657718569692e-06 -2.06347631311767298e-09  2.84451526196262827e-09  4.00000000000000000e+00 -2.50000000000000000e+00  1.65000000000000013e+00 -1.00000000000000006e-01  1.60000000000000009e+00 -8.00000000000000044e-01  2.30000000000000027e+00
 5.25280000000003126e-07  1.00001329992045594e-05 -9.14108958204732746e-04  7.72662772150212174e-04 -1.25609517472800852e-04 -1.31005344307478364e-06  5.29830657672873197e-06 -2.06347632498509385e-09  2.84451524095405431e-09  4.00000000000000000e+00 -2.50000000000000000e+00  1.65000000000000013e+00 -1.00000000000000006e-01  1.60000000000000009e+00 -8.00000000000000044e-01  2.30000000000000027e+00
 5.26280000000003095e-07  1.00001329994119707e-05 -9.14108958190273935e-04  7.72662772148213772e-04 -1.25609517474399563e-04 -1.31005344325918483e-06  5.29830657537784486e-06 -2.06347635071356163e-09  2.84451530379187758e-09  4.00000000000000000e+00 -2.50000000000000000e+00  1.65000000000000013e+00 -1.00000000000000006e-01  1.60000000000000009e+00 -8.00000000000000044e-01  2.30000000000000027e+00
 5.27280000000003065e-07  1.00001329996276795e-05 -9.14108958214195555e-04  7.72662772128895892e-04 -1.25609517473244942e-04 -1.31005344289931653e-06  5.29830657636501856e-06 -2.06347636596342329e-09  2.84451525968170048e-09  4.00000000000000000e+00 -2.50000000000000000e+00  1.65000000000000013e+00 -1.00000000000000006e-01  1.60000000000000009e+00 -8.00000000000000044e-01  2.30000000000000027e+00
 5.28280000000003034e-07  1.00001329993537304e-05 -9.14108958212030620e-04  7.72662772137851727e-04 -1.25609517472356763e-04 -1.31005344271630321e-06  5.29830657618287260e-06 -2.06347633902088019e-09  2.84451529143623610e-09  4.00000000000000000e+00 -2.50000000000000000e+00  1.65000000000000013e+00 -1.00000000000000006e-01  1.60000000000000009e+00 -8.00000000000000044e-01  2.30000000000000027e+00
 5.29280000000003003e-07  1.00001329988139909e-05 -9.14108958211201639e-04  7.72662772130820242e-04 -1.25609517473629833e-04 -1.31005344344835651e-06  5.29830657625122053e-06 -2.06347631601382835e-09  2.84451523220197140e-09  4.00000000000000000e+00 -2.50000000000000000e+00  1.65000000000000013e+00 -1.00000000000000006e-01  1.60000000000000009e+00 -8.00000000000000044e-01  2.30000000000000027e+00
 5.30280000000002972e-07  1.00001329985937318e-05 -9.14108958211867773e-04  7.72662772149916078e-04 -1.25609517474443988e-04 -1.31005344301840513e-06  5.29830657581545765e-06 -2.06347634876113373e-09  2.84451526955117701e-09  4.00000000000000000e+00 -2.50000000000000000e+00  1.65000000000000013e+00 -1.00000000000000006e-01  1.60000000000000009e+00 -8.00000000000000044e-01  2.30000000000000027e+00
 5.31280000000002942e-07  1.00001329985070414e-05 -9.14108958182557885e-04  7.72662772155023104e-04 -1.25609517473718657e-04 -1.31005344275004349e-06  5.29830657556993668e-06 -2.06347635292026858e-09  2.84451530145850860e-09  4.00000000000000000e+00 -2.50000000000000000e+00  1.65000000000000013e+00 -1.00000000000000006e-01  1.60000000000000009e+00 -8.00000000000000044e-01  2.30000000000000027e+00
 5.32280000000002911e-07  1.00001329987652949e-05 -9.14108958178172504e-04  7.72662772154727117e-04 -1.25609517472460386e-04 -1.31005344271309380e-06  5.29830657591383630e-06 -2.06347635366909037e-09  2.84451525236548442e-09  4.00000000000000000e+00 -2.50000000000000000e+00  1.65000000000000013e+00 -1.00000000000000006e-01  1.60000000000000009e+00 -8.00000000000000044e-01  2.30000000000000027e+00
 5.33280000000002880e-07  1.00001329992013018e-05 -9.14108958196713228e-04  7.72662772150212174e-04 -1.25609517472297539e-04 -1.31005344339050332e-06  5.29830657604293767e-06 -2.06347634852882047e-09  2.84451528486695545e-09  4.00000000000000000e+00 -2.50000000000000000e+00  1.65000000000000013e+00 -1.00000000000000006e-01  1.60000000000000009e+00 -8.00000000000000044e-01  2.30000000000000027e+00
 5.34280000000002849e-07  1.00001329994661249e-05 -9.14108958209366084e-04  7.72662772132152510e-04 -1.25609517472031123e-04 -1.31005344282550396e-06  5.29830657630939137e-06 -2.06347634291907967e-09  2.84451523999108290e-09  4.00000000000000000e+00 -2.50000000000000000e+00  1.65000000000000013e+00 -1.00000000000000006e-01  1.60000000000000009e+00 -8.00000000000000044e-01  2.30000000000000027e+00
 5.35280000000002819e-07  1.00001329993922416e-05 -9.14108958208144839e-04  7.72662772137925669e-04 -1.25609517472445587e-04 -1.31005344330368053e-06  5.29830657623853791e-06 -2.06347633530916899e-09  2.84451526286604764e-09  4.00000000000000000e+00 -2.50000000000000000e+00  1.65000000000000013e+00 -1.00000000000000006e-01  1.60000000000000009e+00 -8.00000000000000044e-01  2.30000000000000027e+00
 5.36280000000002788e-07  1.00001329991632480e-05 -9.14108958212030620e-04  7.72662772162128531e-04 -1.25609517473037724e-04 -1.31005344322822006e-06  5.29830657722085387e-06 -2.06347631339864970e-09  2.84451523446905219e-09  4.00000000000000000e+00 -2.50000000000000000e+00  1.65000000000000013e+00 -1.00000000000000006e-01  1.60000000000000009e+00 -8.00000000000000044e-01  2.30000000000000027e+00
 5.37280000000002757e-07  1.00001329987405379e-05 -9.14108958201427990e-04  7.72662772141478383e-04 -1.25609517474651233e-04 -1.31005344317947437e-06  5.29830657585246537e-06 -2.06347633076262742e-09  2.84451530044670541e-09  4.00000000000000000e+00 -2.50000000000000000e+00  1.65000000000000013e+00 -1.00000000000000006e-01  1.60000000000000009e+00 -8.00000000000000044e-01  2.30000000000000027e+00
 5.38280000000002726e-07  1.00001329986733105e-05 -9.14108958222970003e-04  7.72662772158871913e-04 -1.25609517475717031e-04 -1.31005344343456533e-06  5.29830657616043639e-06 -2.06347633880104950e-09  2.84451525208898193e-09  4.00000000000000000e+00 -2.50000000000000000e+00  1.65000000000000013e+00 -1.00000000000000006e-01  1.60000000000000009e+00 -8.00000000000000044e-01  2.30000000000000027e+00
 5.39280000000002696e-07  1.00001329986735833e-05 -9.14108958211975109e-04  7.72662772150212174e-04 -1.25609517473985099e-04 -1.31005344255514735e-06  5.29830657628965380e-06 -2.06347635964242503e-09  2.84451526409886935e-09  4.00000000000000000e+00 -2.50000000000000000e+00  1.65000000000000013e+00 -1.00000000000000006e-01  1.60000000000000009e+00 -8.00000000000000044e-01  2.30000000000000027e+00
 5.40280000000002665e-07  1.00001329985752987e-05 -9.14108958209144040e-04  7.72662772149916078e-04 -1.25609517473644633e-04 -1.31005344281197304e-06  5.29830657585817014e-06 -2.06347634285246433e-09  2.84451527430502783e-09  4.00000000000000000e+00 -2.50000000000000000e+00  1.65000000000000013e+00 -1.00000000000000006e-01  1.60000000000000009e+00 -8.00000000000000044e-01  2.30000000000000027e+00
 5.41280000000002634e-07  1.00001329985815582e-05 -9.14108958208259548e-04  7.72662772149101951e-04 -1.25609517474192345e-04 -1.31005344323611293e-06  5.29830657602474256e-06 -2.06347635278376599e-09  2.84451527736146143e-09  4.00000000000000000e+00 -2.50000000000000000e+00  1.65000000000000013e+00 -1.00000000000000006e-01  1.60000000000000009e+00 -8.00000000000000044e-01  2.30000000000000027e+00
 5.42280000000002603e-07  1.00001329988657869e-05 -9.14108958193101317e-04  7.72662772151766486e-04 -1.25609517474488413e-04 -1.31005344291492904e-06  5.29830657589914874e-06 -2.06347635099738426e-09  2.84451529104036359e-09  4.00000000000000000e+00 -2.50000000000000000e+00  1.65000000000000013e+00 -1.00000000000000006e-01  1.60000000000000009e+00 -8.00000000000000044e-01  2.30000000000000027e+00
 5.43280000000002573e-07  1.00001329992866607e-05 -9.14108958160738316e-04  7.72662772135705223e-04 -1.25609517473082122e-04 -1.31005344245375264e-06  5.29830657532468507e-06 -2.06347636737790090e-09  2.84451529378643696e-09  4.00000000000000000e+00 -2.50000000000000000e+00  1.65000000000000013e+00 -1.00000000000000006e-01  1.60000000000000009e+00 -8.00000000000000044e-01  2.30000000000000027e+00
 5.44280000000002542e-07  1.00001329996463481e-05 -9.14108958163684093e-04  7.72662772123344777e-04 -1.25609517471335363e-04 -1.31005344279167686e-06  5.29830657502785508e-06 -2.06347637804300316e-09  2.84451529363770120e-09  4.00000000000000000e+00 -2.50000000000000000e+00  1.65000000000000013e+00 -1.00000000000000006e-01  1.60000000000000009e+00 -8.00000000000000044e-01  2.30000000000000027e+00
 5.45280000000002511e-07  1.00001329994362247e-05 -9.14108958183723619e-04  7.72662772134669051e-04 -1.25609517471098520e-04 -1.31005344335051807e-06  5.29830657696349816e-06 -2.06347631568931009e-09  2.84451524778018943e-09  4.00000000000000000e+00 -2.50000000000000000e+00  1.65000000000000013e+00 -1.00000000000000006e-01  1.60000000000000009e+00 -8.00000000000000044e-01  2.30000000000000027e+00
 5.46280000000002480e-07  1.00001329992335263e-05 -9.14108958196517096e-04  7.72662772130154108e-04 -1.25609517472105120e-04 -1.31005344307296231e-06  5.29830657661994583e-06 -2.06347633096765282e-09  2.84451525844582482e-09  4.00000000000000000e+00 -2.50000000000000000e+00  1.65000000000000013e+00 -1.00000000000000006e-01  1.60000000000000009e+00 -8.00000000000000044e-01  2.30000000000000027e+00
 5.47280000000002450e-07  1.00001329992164044e-05 -9.14108958202234745e-04  7.72662772134965147e-04 -1.25609517471971899e-04 -1.31005344304945672e-06  5.29830657579784106e-06 -2.06347634889514030e-09  2.84451525962650603e-09  4.00000000000000000e+00 -2.50000000000000000e+00  1.65000000000000013e+00 -1.00000000000000006e-01  1.60000000000000009e+00 -8.00000000000000044e-01  2.30000000000000027e+00
 5.48280000000002419e-07  1.00001329989687878e-05 -9.14108958185607312e-04  7.72662772136001319e-04 -1.25609517472312365e-04 -1.31005344291926585e-06  5.29830657618410588e-06 -2.06347632299414332e-09  2.84451524589385326e-09  4.00000000000000000e+00 -2.50000000000000000e+00  1.65000000000000013e+00 -1.00000000000000006e-01  1.60000000000000009e+00 -8.00000000000000044e-01  2.30000000000000027e+00
 5.49280000000002388e-07  1.00001329987522167e-05 -9.14108958198904076e-04  7.72662772147325594e-04 -1.25609517472475185e-04 -1.31005344330706316e-06  5.29830657601626206e-06 -2.06347633397014846e-09  2.84451525953274180e-09  4.00000000000000000e+00 -2.50000000000000000e+00  1.65000000000000013e+00 -1.00000000000000006e-01  1.60000000000000009e+00 -8.00000000000000044e-01  2.30000000000000027e+00
 5.50280000000002357e-07  1.00001329987439328e-05 -9.14108958165238406e-04  7.72662772150878308e-04 -1.25609517473141292e-04 -1.31005344339024328e-06  5.29830657632550532e-06 -2.06347632541860887e-09  2.84451525776033983e-09  4.00000000000000000e+00 -2.50000000000000000e+00  1.65000000000000013e+00 -1.00000000000000006e-01  1.60000000000000009e+00 -8.00000000000000044e-01  2.30000000000000027e+00
 5.51280000000002327e-07  1.00001329986268440e-05 -9.14108958211867773e-04  7.72662772151766486e-04 -1.25609517473452187e-04 -1.31005344313445817e-06  5.29830657639408450e-06 -2.06347634394180785e-09  2.84451525925584019e-09  4.00000000000000000e+00 -2.50000000000000000e+00  1.65000000000000013e+00 -1.00000000000000006e-01  1.60000000000000009e+00 -8.00000000000000044e-01  2.30000000000000027e+00
 5.52280000000002296e-07  1.00001329987546037e-05 -9.14108958220967915e-04  7.72662772155319200e-04 -1.25609517473866677e-04 -1.31005344315284620e-06  5.29830657655845886e-06 -2.06347633218648567e-09  2.84451525835113249e-09  4.00000000000000000e+00 -2.50000000000000000e+00  1.65000000000000013e+00 -1.00000000000000006e-01  1.60000000000000009e+00 -8.00000000000000044e-01  2.30000000000000027e+00
 5.53280000000002265e-07  1.00001329993680876e-05 -9.14108958205757860e-04  7.72662772149101951e-04 -1.25609517474044297e-04 -1.31005344315622904e-06  5.29830657657569090e-06 -2.06347635109899637e-09  2.84451524720554954e-09  4.00000000000000000e+00 -2.50000000000000000e+00  1.65000000000000013e+00 -1.00000000000000006e-01  1.60000000000000009e+00 -8.00000000000000044e-01  2.30000000000000027e+00
 5.54280000000002234e-07  1.00001329993402016e-05 -9.14108958218055423e-04  7.72662772137925669e-04 -1.25609517473999926e-04 -1.31005344280156470e-06  5.29830657640707544e-06 -2.06347634292201740e-09  2.84451526905887344e-09  4.00000000000000000e+00 -2.50000000000000000e+00  1.65000000000000013e+00 -1.00000000000000006e-01  1.60000000000000009e+00 -8.00000000000000044e-01  2.30000000000000027e+00
 5.55280000000002204e-07  1.00001329995627426e-05 -9.14108958209258748e-04  7.72662772143772880e-04 -1.25609517475139720e-04 -1.31005344302326244e-06  5.29830657583415421e-06 -2.06347632811268981e-09  2.84451528259170046e-09  4.00000000000000000e+00 -2.50000000000000000e+00  1.65000000000000013e+00 -1.00000000000000006e-01  1.60000000000000009e+00 -8.00000000000000044e-01  2.30000000000000027e+00
 5.56280000000002173e-07  1.00001329989413169e-05 -9.14108958197764254e-04  7.72662772151766486e-04 -1.25609517474518012e-04 -1.31005344281969268e-06  5.29830657533625046e-06 -2.06347637004932618e-09  2.84451531727024013e-09  4.00000000000000000e+00 -2.50000000000000000e+00  1.65000000000000013e+00 -1.00000000000000006e-01  1.60000000000000009e+00 -8.00000000000000044e-01  2.30000000000000027e+00
 5.57280000000002142e-07  1.00001329984202408e-05 -9.14108958208759148e-04  7.72662772130820242e-04 -1.25609517474088722e-04 -1.31005344305899770e-06  5.29830657625129761e-06 -2.06347634670353768e-09  2.84451525436962476e-09  4.00000000000000000e+00 -2.50000000000000000e+00  1.65000000000000013e+00 -1.00000000000000006e-01  1.60000000000000009e+00 -8.00000000000000044e-01  2.30000000000000027e+00
 5.58280000000002111e-07  1.00001329982930097e-05 -9.14108958209425282e-04  7.72662772141404441e-04 -1.25609517474592036e-04 -1.31005344339969743e-06  5.29830657656142771e-06 -2.06347633262879568e-09  2.84451526968312266e-09  4.00000000000000000e+00 -2.50000000000000000e+00  1.65000000000000013e+00 -1.00000000000000006e-01  1.60000000000000009e+00 -8.00000000000000044e-01  2.30000000000000027e+00
 5.59280000000002081e-07  1.00001329985692678e-05 -9.14108958210313460e-04  7.72662772128599796e-04 -1.25609517473955474e-04 -1.31005344256642306e-06  5.29830657569175273e-06 -2.06347634342340962e-09  2.84451523262025472e-09  4.00000000000000000e+00 -2.50000000000000000e+00  1.65000000000000013e+00 -1.00000000000000006e-01  1.60000000000000009e+00 -8.00000000000000044e-01  2.30000000000000027e+00
 5.60280000000002050e-07  1.00001329989451437e-05 -9.14108958215361289e-04  7.72662772151470390e-04 -1.25609517473215316e-04 -1.31005344327948101e-06  5.29830657685151193e-06 -2.06347632922392920e-09  2.84451524122620128e-09  4.00000000000000000e+00 -2.50000000000000000e+00  1.65000000000000013e+00 -1.00000000000000006e-01  1.60000000000000009e+00 -8.00000000000000044e-01  2.30000000000000027e+00
 5.61280000000002019e-07  1.00001329992076511e-05 -9.14108958205206434e-04  7.72662772151766486e-04 -1.25609517473659432e-04 -1.31005344294788879e-06  5.29830657621051213e-06 -2.06347633148574416e-09  2.84451528169768283e-09  4.00000000000000000e+00 -2.50000000000000000e+00  1.65000000000000013e+00 -1.00000000000000006e-01  1.60000000000000009e+00 -8.00000000000000044e-01  2.30000000000000027e+00
 5.62280000000001988e-07  1.00001329989557300e-05 -9.14108958177173303e-04  7.72662772137555631e-04 -1.25609517474518012e-04 -1.31005344308319722e-06  5.29830657454571715e-06 -2.06347637404184493e-09  2.84451532901053120e-09  4.00000000000000000e+00 -2.50000000000000000e+00  1.65000000000000013e+00 -1.00000000000000006e-01  1.60000000000000009e+00 -8.00000000000000044e-01  2.30000000000000027e+00
 5.63280000000001957e-07  1.00001329987269735e-05 -9.14108958203596611e-04  7.72662772150878308e-04 -1.25609517472771254e-04 -1.31005344269054239e-06  5.29830657625688718e-06 -2.06347635698509615e-09  2.84451523552580272e-09  4.00000000000000000e+00 -2.50000000000000000e+00  1.65000000000000013e+00 -1.00000000000000006e-01  1.60000000000000009e+00 -8.00000000000000044e-01  2.30000000000000027e+00
 5.64280000000001927e-07  1.00001329985984599e-05 -9.14108958195214427e-04  7.72662772143772880e-04 -1.25609517471187343e-04 -1.31005344278335010e-06  5.29830657577675418e-06 -2.06347634583452116e-09  2.84451527660851945e-09  4.00000000000000000e+00 -2.50000000000000000e+00  1.65000000000000013e+00 -1.00000000000000006e-01  1.60000000000000009e+00 -8.00000000000000044e-01  2.30000000000000027e+00
 5.65280000000001896e-07  1.00001329988731307e-05 -9.14108958198600607e-04  7.72662772142810651e-04 -1.25609517471128118e-04 -1.31005344314677467e-06  5.29830657650815188e-06 -2.06347634097567259e-09  2.84451526008278258e-09  4.00000000000000000e+00 -2.50000000000000000e+00  1.65000000000000013e+00 -1.00000000000000006e-01  1.60000000000000009e+00 -8.00000000000000044e-01  2.30000000000000027e+00
 5.66280000000001865e-07  1.00001329990519953e-05 -9.14108958205428479e-04  7.72662772143476785e-04 -1.25609517472282766e-04 -1.31005344304954354e-06  5.29830657618163847e-06 -2.06347632123759055e-09  2.84451526877525388e-09  4.00000000000000000e+00 -2.50000000000000000e+00  1.65000000000000013e+00 -1.00000000000000006e-01  1.60000000000000009e+00 -8.00000000000000044e-01  2.30000000000000027e+00
 5.67280000000001834e-07  1.00001329988720380e-05 -9.14108958197738341e-04  7.72662772138443810e-04 -1.25609517473052523e-04 -1.31005344346058619e-06  5.29830657635773238e-06 -2.06347634012457860e-09  2.84451527173879262e-09  4.00000000000000000e+00 -2.50000000000000000e+00  1.65000000000000013e+00 -1.00000000000000006e-01  1.60000000000000009e+00 -8.00000000000000044e-01  2.30000000000000027e+00
 5.68280000000001804e-07  1.00001329988789668e-05 -9.14108958196820564e-04  7.72662772135409236e-04 -1.25609517472800852e-04 -1.31005344270259885e-06  5.29830657576634584e-06 -2.06347636157414281e-09  2.84451527516470713e-09  4.00000000000000000e+00 -2.50000000000000000e+00  1.65000000000000013e+00 -1.00000000000000006e-01  1.60000000000000009e+00 -8.00000000000000044e-01  2.30000000000000027e+00
 5.69280000000001773e-07  1.00001329989040898e-05 -9.14108958199485100e-04  7.72662772133040688e-04 -1.25609517471290965e-04 -1.31005344257136697e-06  5.29830657594806744e-06 -2.06347635679108217e-09  2.84451527223556793e-09  4.00000000000000000e+00 -2.50000000000000000e+00  1.65000000000000013e+00 -1.00000000000000006e-01  1.60000000000000009e+00 -8.00000000000000044e-01  2.30000000000000027e+00
 5.70280000000001742e-07  1.00001329990368927e-05 -9.14108958210339373e-04  7.72662772143698829e-04 -1.25609517472090293e-04 -1.31005344358626703e-06  5.29830657668493952e-06 -2.06347631217353069e-09  2.84451524767639274e-09  4.00000000000000000e+00 -2.50000000000000000e+00  1.65000000000000013e+00 -1.00000000000000006e-01  1.60000000000000009e+00 -8.00000000000000044e-01  2.30000000000000027e+00
 5.71280000000001711e-07  1.00001329988886280e-05 -9.14108958193212339e-04  7.72662772136889497e-04 -1.25609517473274540e-04 -1.31005344318051517e-06  5.29830657662877361e-06 -2.06347632817926296e-09  2.84451525089024543e-09  4.00000000000000000e+00 -2.50000000000000000e+00  1.65000000000000013e+00 -1.00000000000000006e-01  1.60000000000000009e+00 -8.00000000000000044e-01  2.30000000000000027e+00
 5.72280000000001681e-07  1.00001329988035927e-05 -9.14108958197934474e-04  7.72662772128599796e-04 -1.25609517473496612e-04 -1.31005344296029189e-06  5.29830657567494505e-06 -2.06347635881070568e-09  2.84451529892980258e-09  4.00000000000000000e+00 -2.50000000000000000e+00  1.65000000000000013e+00 -1.00000000000000006e-01  1.60000000000000009e+00 -8.00000000000000044e-01  2.30000000000000027e+00
 5.73280000000001650e-07  1.00001329990094336e-05 -9.14108958211116529e-04  7.72662772141404441e-04 -1.25609517474384763e-04 -1.31005344346943323e-06  5.29830657675398202e-06 -2.06347632712239952e-09  2.84451523113826552e-09  4.00000000000000000e+00 -2.50000000000000000e+00  1.65000000000000013e+00 -1.00000000000000006e-01  1.60000000000000009e+00 -8.00000000000000044e-01  2.30000000000000027e+00
 5.74280000000001619e-07  1.00001329991085500e-05 -9.14108958195658516e-04  7.72662772140442211e-04 -1.25609517474725230e-04 -1.31005344284926959e-06  5.29830657574013186e-06 -2.06347634722321266e-09  2.84451527496208675e-09  4.00000000000000000e+00 -2.50000000000000000e+00  1.65000000000000013e+00 -1.00000000000000006e-01  1.60000000000000009e+00 -8.00000000000000044e-01  2.30000000000000027e+00
 5.75280000000001588e-07  1.00001329990746754e-05 -9.14108958192494381e-04  7.72662772163090761e-04 -1.25609517474281168e-04 -1.31005344329760900e-06  5.29830657659195817e-06 -2.06347632927175555e-09  2.84451525093797665e-09  4.00000000000000000e+00 -2.50000000000000000e+00  1.65000000000000013e+00 -1.00000000000000006e-01  1.60000000000000009e+00 -8.00000000000000044e-01  2.30000000000000027e+00
 5.76280000000001558e-07  1.00001329994313000e-05 -9.14108958217500311e-04  7.72662772163090761e-04 -1.25609517474503185e-04 -1.31005344309785555e-06  5.29830657704950165e-06 -2.06347632423082053e-09  2.84451524458541070e-09  4.00000000000000000e+00 -2.50000000000000000e+00  1.65000000000000013e+00 -1.00000000000000006e-01  1.60000000000000009e+00 -8.00000000000000044e-01  2.30000000000000027e+00
 5.77280000000001527e-07  1.00001329994582052e-05 -9.14108958218943601e-04  7.72662772161462398e-04 -1.25609517475228544e-04 -1.31005344317956098e-06  5.29830657630534339e-06 -2.06347633283777914e-09  2.84451523737217779e-09  4.00000000000000000e+00 -2.50000000000000000e+00  1.65000000000000013e+00 -1.00000000000000006e-01  1.60000000000000009e+00 -8.00000000000000044e-01  2.30000000000000027e+00
 5.78280000000001496e-07  1.00001329992249052e-05 -9.14108958204651323e-04  7.72662772155023104e-04 -1.25609517475761429e-04 -1.31005344290035732e-06  5.29830657550671584e-06 -2.06347634854574748e-09  2.84451531055172286e-09  4.00000000000000000e+00 -2.50000000000000000e+00  1.65000000000000013e+00 -1.00000000000000006e-01  1.60000000000000009e+00 -8.00000000000000044e-01  2.30000000000000027e+00
 5.79280000000001465e-07  1.00001329990367046e-05 -9.14108958200599009e-04  7.72662772149916078e-04 -1.25609517475406190e-04 -1.31005344286054529e-06  5.29830657556600476e-06 -2.06347636535543892e-09  2.84451529555966859e-09  4.00000000000000000e+00 -2.50000000000000000e+00  1.65000000000000013e+00 -1.00000000000000006e-01  1.60000000000000009e+00 -8.00000000000000044e-01  2.30000000000000027e+00
 5.80280000000001435e-07  1.00001329990297742e-05 -9.14108958170789521e-04  7.72662772142810651e-04 -1.25609517473363364e-04 -1.31005344244846186e-06  5.29830657494578267e-06 -2.06347638885056578e-09  2.84451531789924688e-09  4.00000000000000000e+00 -2.50000000000000000e+00  1.65000000000000013e+00 -1.00000000000000006e-01  1.60000000000000009e+00 -8.00000000000000044e-01  2.30000000000000027e+00
 5.81280000000001404e-07  1.00001329991836055e-05 -9.14108958204425592e-04  7.72662772136593402e-04 -1.25609517472475185e-04 -1.31005344309906977e-06  5.29830657661481874e-06 -2.06347633501799604e-09  2.84451523106104325e-09  4.00000000000000000e+00 -2.50000000000000000e+00  1.65000000000000013e+00 -1.00000000000000006e-01  1.60000000000000009e+00 -8.00000000000000044e-01  2.30000000000000027e+00
 5.82280000000001373e-07  1.00001329989892572e-05 -9.14108958208951594e-04  7.72662772148435817e-04 -1.25609517472800852e-04 -1.31005344349085724e-06  5.29830657691095501e-06 -2.06347632117958327e-09  2.84451525220783744e-09  4.00000000000000000e+00 -2.50000000000000000e+00  1.65000000000000013e+00 -1.00000000000000006e-01  1.60000000000000009e+00 -8.00000000000000044e-01  2.30000000000000027e+00
 5.83280000000001342e-07  1.00001329991004879e-05 -9.14108958200765542e-04  7.72662772154431021e-04 -1.25609517473644606e-04 -1.31005344306003849e-06  5.29830657586140834e-06 -2.06347634019550644e-09  2.84451527845025487e-09  4.00000000000000000e+00 -2.50000000000000000e+00  1.65000000000000013e+00 -1.00000000000000006e-01  1.60000000000000009e+00 -8.00000000000000044e-01  2.30000000000000027e+00
 5.84280000000001312e-07  1.00001329990049748e-05 -9.14108958192105803e-04  7.72662772154060983e-04 -1.25609517473215343e-04 -1.31005344262427604e-06  5.29830657581087012e-06 -2.06347635067107350e-09  2.84451526620535013e-09  4.00000000000000000e+00 -2.50000000000000000e+00  1.65000000000000013e+00 -1.00000000000000006e-01  1.60000000000000009e+00 -8.00000000000000044e-01  2.30000000000000027e+00
 5.85280000000001281e-07  1.00001329992779057e-05 -9.14108958210783462e-04  7.72662772156207378e-04 -1.25609517473230142e-04 -1.31005344353674059e-06  5.29830657642033659e-06 -2.06347633710185426e-09  2.84451525814701327e-09  4.00000000000000000e+00 -2.50000000000000000e+00  1.65000000000000013e+00 -1.00000000000000006e-01  1.60000000000000009e+00 -8.00000000000000044e-01  2.30000000000000027e+00
 5.86280000000001250e-07  1.00001329993616383e-05 -9.14108958216193956e-04  7.72662772157021505e-04 -1.25609517473807480e-04 -1.31005344306420187e-06  5.29830657635615182e-06 -2.06347635017542771e-09  2.84451526971885396e-09  4.00000000000000000e+00 -2.50000000000000000e+00  1.65000000000000013e+00 -1.00000000000000006e-01  1.60000000000000009e+00 -8.00000000000000044e-01  2.30000000000000027e+00
 5.87280000000001219e-07  1.00001329993565070e-05 -9.14108958193045806e-04  7.72662772148213772e-04 -1.25609517474369964e-04 -1.31005344292872001e-06  5.29830657656705540e-06 -2.06347632424739350e-09  2.84451524672034773e-09  4.00000000000000000e+00 -2.50000000000000000e+00  1.65000000000000013e+00 -1.00000000000000006e-01  1.60000000000000009e+00 -8.00000000000000044e-01  2.30000000000000027e+00
 5.88280000000001189e-07  1.00001329994836128e-05 -9.14108958203041500e-04  7.72662772155985333e-04 -1.25609517474710431e-04 -1.31005344313367763e-06  5.29830657628533648e-06 -2.06347633621809697e-09  2.84451526987629621e-09  4.00000000000000000e+00 -2.50000000000000000e+00  1.65000000000000013e+00 -1.00000000000000006e-01  1.60000000000000009e+00 -8.00000000000000044e-01  2.30000000000000027e+00
 5.89280000000001158e-07  1.00001329993189631e-05 -9.14108958203652122e-04  7.72662772155023104e-04 -1.25609517473496585e-04 -1.31005344287173439e-06  5.29830657581962082e-06 -2.06347635559742953e-09  2.84451527148082849e-09  4.00000000000000000e+00 -2.50000000000000000e+00  1.65000000000000013e+00 -1.00000000000000006e-01  1.60000000000000009e+00 -8.00000000000000044e-01  2.30000000000000027e+00
 5.90280000000001127e-07  1.00001329989766991e-05 -9.14108958216253153e-04  7.72662772129265930e-04 -1.25609517473067295e-04 -1.31005344306324790e-06  5.29830657592844592e-06 -2.06347634179343244e-09  2.84451528529246129e-09  4.00000000000000000e+00 -2.50000000000000000e+00  1.65000000000000013e+00 -1.00000000000000006e-01  1.60000000000000009e+00 -8.00000000000000044e-01  2.30000000000000027e+00
 5.91280000000001096e-07  1.00001329986427632e-05 -9.14108958203011901e-04  7.72662772153468792e-04 -1.25609517472726856e-04 -1.31005344299290478e-06  5.29830657633653030e-06 -2.06347634824448830e-09  2.84451526380500434e-09  4.00000000000000000e+00 -2.50000000000000000e+00  1.65000000000000013e+00 -1.00000000000000006e-01  1.60000000000000009e+00 -8.00000000000000044e-01  2.30000000000000027e+00
 5.92280000000001066e-07  1.00001329990243617e-05 -9.14108958202763944e-04  7.72662772147251543e-04 -1.25609517473156118e-04 -1.31005344295491429e-06  5.29830657639844079e-06 -2.06347633766261530e-09  2.84451525812983562e-09  4.00000000000000000e+00 -2.50000000000000000e+00  1.65000000000000013e+00 -1.00000000000000006e-01  1.60000000000000009e+00 -8.00000000000000044e-01  2.30000000000000027e+00
 5.93280000000001035e-07  1.00001329991177453e-05 -9.14108958213422085e-04  7.72662772143994925e-04 -1.25609517474118321e-04 -1.31005344336430903e-06  5.29830657617265653e-06 -2.06347632771525930e-09  2.84451525646646268e-09  4.00000000000000000e+00 -2.50000000000000000e+00  1.65000000000000013e+00 -1.00000000000000006e-01  1.60000000000000009e+00 -8.00000000000000044e-01  2.30000000000000027e+00
 5.94280000000001004e-07  1.00001329986429935e-05 -9.14108958201709232e-04  7.72662772153764887e-04 -1.25609517473851878e-04 -1.31005344250804957e-06  5.29830657524003090e-06 -2.06347636184810627e-09  2.84451530394298197e-09  4.00000000000000000e+00 -2.50000000000000000e+00  1.65000000000000013e+00 -1.00000000000000006e-01  1.60000000000000009e+00 -8.00000000000000044e-01  2.30000000000000027e+00
 5.95280000000000973e-07  1.00001329984999636e-05 -9.14108958193382559e-04  7.72662772149176002e-04 -1.25609517473318966e-04 -1.31005344290478074e-06  5.29830657596090507e-06 -2.06347635919268031e-09  2.84451529673586276e-09  4.00000000000000000e+00 -2.50000000000000000e+00  1.65000000000000013e+00 -1.00000000000000006e-01  1.60000000000000009e+00 -8.00000000000000044e-01  2.30000000000000027e+00
 5.96280000000000943e-07  1.00001329983905997e-05 -9.14108958185444465e-04  7.72662772124751095e-04 -1.25609517472075494e-04 -1.31005344278326349e-06  5.29830657566060479e-06 -2.06347635336365889e-09  2.84451524773389627e-09  4.00000000000000000e+00 -2.50000000000000000e+00  1.65000000000000013e+00 -1.00000000000000006e-01  1.60000000000000009e+00 -8.00000000000000044e-01  2.30000000000000027e+00
 5.97280000000000912e-07  1.00001329985430962e-05 -9.14108958158547469e-04  7.72662772147251543e-04 -1.25609517470817250e-04 -1.31005344283790728e-06  5.29830657546631576e-06 -2.06347635036920635e-09  2.84451529258545798e-09  4.00000000000000000e+00 -2.50000000000000000e+00  1.65000000000000013e+00 -1.00000000000000006e-01  1.60000000000000009e+00 -8.00000000000000044e-01  2.30000000000000027e+00
 5.98280000000000881e-07  1.00001329988157561e-05 -9.14108958184223219e-04  7.72662772129265930e-04 -1.25609517471468585e-04 -1.31005344312309586e-06  5.29830657655460402e-06 -2.06347633999171312e-09  2.84451527912272872e-09  4.00000000000000000e+00 -2.50000000000000000e+00  1.65000000000000013e+00 -1.00000000000000006e-01  1.60000000000000009e+00 -8.00000000000000044e-01  2.30000000000000027e+00
 5.99280000000000850e-07  1.00001329992267788e-05 -9.14108958196990784e-04  7.72662772130154108e-04 -1.25609517472090321e-04 -1.31005344343872871e-06  5.29830657664488672e-06 -2.06347633756623056e-09  2.84451523852675236e-09  4.00000000000000000e+00 -2.50000000000000000e+00  1.65000000000000013e+00 -1.00000000000000006e-01  1.60000000000000009e+00 -8.00000000000000044e-01  2.30000000000000027e+00
 6.00280000000000820e-07  1.00001329989621217e-05 -9.14108958203315369e-04  7.72662772151248346e-04 -1.25609517473215343e-04 -1.31005344318303043e-06  5.29830657655244578e-06 -2.06347632225945391e-09  2.84451526237679843e-09  4.00000000000000000e+00 -2.50000000000000000e+00  1.65000000000000013e+00 -1.00000000000000006e-01  1.60000000000000009e+00 -8.00000000000000044e-01  2.30000000000000027e+00
 6.01280000000000789e-07  1.00001329986796819e-05 -9.14108958210757550e-04  7.72662772141108345e-04 -1.25609517475332166e-04 -1.31005344369668201e-06  5.29830657627685598e-06 -2.06347631780407798e-09  2.84451524347307735e-09  4.00000000000000000e+00 -2.50000000000000000e+00  1.65000000000000013e+00 -1.00000000000000006e-01  1.60000000000000009e+00 -8.00000000000000044e-01  2.30000000000000027e+00
 6.02280000000000758e-07  1.00001329986544437e-05 -9.14108958203874167e-04  7.72662772150804257e-04 -1.25609517474177518e-04 -1.31005344228513760e-06  5.29830657583361465e-06 -2.06347636578349207e-09  2.84451527577383714e-09  4.00000000000000000e+00 -2.50000000000000000e+00  1.65000000000000013e+00 -1.00000000000000006e-01  1.60000000000000009e+00 -8.00000000000000044e-01  2.30000000000000027e+00
 6.03280000000000727e-07  1.00001329987729165e-05 -9.14108958199625721e-04  7.72662772146659460e-04 -1.25609517473170945e-04 -1.31005344305995188e-06  5.29830657605064736e-06 -2.06347633911524702e-09  2.84451526272895155e-09  4.00000000000000000e+00 -2.50000000000000000e+00  1.65000000000000013e+00 -1.00000000000000006e-01  1.60000000000000009e+00 -8.00000000000000044e-01  2.30000000000000027e+00
 6.04280000000000697e-07  1.00001329989676240e-05 -9.14108958190829046e-04  7.72662772144957154e-04 -1.25609517472815652e-04 -1.31005344301649698e-06  5.29830657589062929e-06 -2.06347636482896080e-09  2.84451530169270122e-09  4.00000000000000000e+00 -2.50000000000000000e+00  1.65000000000000013e+00 -1.00000000000000006e-01  1.60000000000000009e+00 -8.00000000000000044e-01  2.30000000000000027e+00
 6.05280000000000666e-07  1.00001329992138395e-05 -9.14108958190299847e-04  7.72662772141700428e-04 -1.25609517473244969e-04 -1.31005344305639562e-06  5.29830657595458282e-06 -2.06347633863037484e-09  2.84451525690663112e-09  4.00000000000000000e+00 -2.50000000000000000e+00  1.65000000000000013e+00 -1.00000000000000006e-01  1.60000000000000009e+00 -8.00000000000000044e-01  2.30000000000000027e+00
 6.06280000000000635e-07  1.00001329991235221e-05 -9.14108958204151723e-04  7.72662772142810651e-04 -1.25609517473837079e-04 -1.31005344308684010e-06  5.29830657675301810e-06 -2.06347632347767589e-09  2.84451524059499671e-09  4.00000000000000000e+00 -2.50000000000000000e+00  1.65000000000000013e+00 -1.00000000000000006e-01  1.60000000000000009e+00 -8.00000000000000044e-01  2.30000000000000027e+00
 6.07280000000000604e-07  1.00001329994266566e-05 -9.14108958196546695e-04  7.72662772134002918e-04 -1.25609517473955474e-04 -1.31005344349519405e-06  5.29830657655487422e-06 -2.06347632924776607e-09  2.84451523721243102e-09  4.00000000000000000e+00 -2.50000000000000000e+00  1.65000000000000013e+00 -1.00000000000000006e-01  1.60000000000000009e+00 -8.00000000000000044e-01  2.30000000000000027e+00
 6.08280000000000574e-07  1.00001329996712543e-05 -9.14108958203263544e-04  7.72662772137555631e-04 -1.25609517473940674e-04 -1.31005344282671819e-06  5.29830657632970660e-06 -2.06347633766298918e-09  2.84451526575990345e-09  4.00000000000000000e+00 -2.50000000000000000e+00  1.65000000000000013e+00 -1.00000000000000006e-01  1.60000000000000009e+00 -8.00000000000000044e-01  2.30000000000000027e+00
 6.09280000000000543e-07  1.00001329989715051e-05 -9.14108958209617728e-04  7.72662772134595000e-04 -1.25609517473792654e-04 -1.31005344273009417e-06  5.29830657528883440e-06 -2.06347636286809028e-09  2.84451530898765791e-09  4.00000000000000000e+00 -2.50000000000000000e+00  1.65000000000000013e+00 -1.00000000000000006e-01  1.60000000000000009e+00 -8.00000000000000044e-01  2.30000000000000027e+00
 6.10280000000000512e-07  1.00001329987321065e-05 -9.14108958185666509e-04  7.72662772139554033e-04 -1.25609517471957099e-04 -1.31005344276574282e-06  5.29830657549869698e-06 -2.06347636062763064e-09  2.84451528844720531e-09  4.00000000000000000e+00 -2.50000000000000000e+00  1.65000000000000013e+00 -1.00000000000000006e-01  1.60000000000000009e+00 -8.00000000000000044e-01  2.30000000000000027e+00
 6.11280000000000481e-07  1.00001329985871944e-05 -9.14108958187579801e-04  7.72662772126305407e-04 -1.25609517471957099e-04 -1.31005344331556335e-06  5.29830657649504574e-06 -2.06347632812925575e-09  2.84451523870150295e-09  4.00000000000000000e+00 -2.50000000000000000e+00  1.65000000000000013e+00 -1.00000000000000006e-01  1.60000000000000009e+00 -8.00000000000000044e-01  2.30000000000000027e+00
 6.12280000000000451e-07  1.00001329987043984e-05 -9.14108958204869681e-04  7.72662772143476785e-04 -1.25609517473008098e-04 -1.31005344316125978e-06  5.29830657623718858e-06 -2.06347633291540508e-09  2.84451527462892405e-09  4.00000000000000000e+00 -2.50000000000000000e+00  1.65000000000000013e+00 -1.00000000000000006e-01  1.60000000000000009e+00 -8.00000000000000044e-01  2.30000000000000027e+00
 6.13280000000000420e-07  1.00001329990466200e-05 -9.14108958192435183e-04  7.72662772155023104e-04 -1.25609517472830451e-04 -1.31005344303991574e-06  5.29830657611571898e-06 -2.06347635796500325e-09  2.84451524607401113e-09  4.00000000000000000e+00 -2.50000000000000000e+00  1.65000000000000013e+00 -1.00000000000000006e-01  1.60000000000000009e+00 -8.00000000000000044e-01  2.30000000000000027e+00
 6.14280000000000389e-07  1.00001329993181771e-05 -9.14108958176311037e-04  7.72662772145549237e-04 -1.25609517473333765e-04 -1.31005344292637818e-06  5.29830657608191135e-06 -2.06347633964461945e-09  2.84451530999734890e-09  4.00000000000000000e+00 -2.50000000000000000e+00  1.65000000000000013e+00 -1.00000000000000006e-01  1.60000000000000009e+00 -8.00000000000000044e-01  2.30000000000000027e+00
 6.15280000000000358e-07  1.00001329995726224e-05 -9.14108958202234745e-04  7.72662772147251543e-04 -1.25609517473052523e-04 -1.31005344293999571e-06  5.29830657625673302e-06 -2.06347635386929910e-09  2.84451524125308010e-09  4.00000000000000000e+00 -2.50000000000000000e+00  1.65000000000000013e+00 -1.00000000000000006e-01  1.60000000000000009e+00 -8.00000000000000044e-01  2.30000000000000027e+00
 6.16280000000000328e-07  1.00001329998091529e-05 -9.14108958200484300e-04  7.72662772133040688e-04 -1.25609517472415988e-04 -1.31005344300851729e-06  5.29830657622169127e-06 -2.06347633751050671e-09  2.84451526792483363e-09  4.00000000000000000e+00 -2.50000000000000000e+00  1.65000000000000013e+00 -1.00000000000000006e-01  1.60000000000000009e+00 -8.00000000000000044e-01  2.30000000000000027e+00
 6.17280000000000297e-07  1.00001329994528248e-05 -9.14108958205206434e-04  7.72662772130450204e-04 -1.25609517472164344e-04 -1.31005344301198674e-06  5.29830657637161017e-06 -2.06347633868502997e-09  2.84451527174421686e-09  4.00000000000000000e+00 -2.50000000000000000e+00  1.65000000000000013e+00 -1.00000000000000006e-01  1.60000000000000009e+00 -8.00000000000000044e-01  2.30000000000000027e+00
 6.18280000000000266e-07  1.00001329989760723e-05 -9.14108958202456789e-04  7.72662772136963548e-04 -1.25609517473466986e-04 -1.31005344302699214e-06  5.29830657674839245e-06 -2.06347631615627464e-09  2.84451525305272137e-09  4.00000000000000000e+00 -2.50000000000000000e+00  1.65000000000000013e+00 -1.00000000000000006e-01  1.60000000000000009e+00 -8.00000000000000044e-01  2.30000000000000027e+00
 6.19280000000000235e-07  1.00001329986489838e-05 -9.14108958200513899e-04  7.72662772136593402e-04 -1.25609517474858451e-04 -1.31005344318719381e-06  5.29830657524793372e-06 -2.06347635496834503e-09  2.84451530218624556e-09  4.00000000000000000e+00 -2.50000000000000000e+00  1.65000000000000013e+00 -1.00000000000000006e-01  1.60000000000000009e+00 -8.00000000000000044e-01  2.30000000000000027e+00
 6.20280000000000205e-07  1.00001329989027531e-05 -9.14108958185803444e-04  7.72662772140220167e-04 -1.25609517474429189e-04 -1.31005344306264058e-06  5.29830657567162977e-06 -2.06347635803979775e-09  2.84451525511912153e-09  4.00000000000000000e+00 -2.50000000000000000e+00  1.65000000000000013e+00 -1.00000000000000006e-01  1.60000000000000009e+00 -8.00000000000000044e-01  2.30000000000000027e+00
 6.21280000000000174e-07  1.00001329992123183e-05 -9.14108958184748732e-04  7.72662772137555631e-04 -1.25609517473185744e-04 -1.31005344276305392e-06  5.29830657616463852e-06 -2.06347635339535769e-09  2.84451528583121602e-09  4.00000000000000000e+00 -2.50000000000000000e+00  1.65000000000000013e+00 -1.00000000000000006e-01  1.60000000000000009e+00 -8.00000000000000044e-01  2.30000000000000027e+00
 6.22280000000000143e-07  1.00001329993448349e-05 -9.14108958202012700e-04  7.72662772137555631e-04 -1.25609517472578835e-04 -1.31005344312578456e-06  5.29830657635152617e-06 -2.06347633044365375e-09  2.84451525030749793e-09  4.00000000000000000e+00 -2.50000000000000000e+00  1.65000000000000013e+00 -1.00000000000000006e-01  1.60000000000000009e+00 -8.00000000000000044e-01  2.30000000000000027e+00
 6.23280000000000112e-07  1.00001329991831854e-05 -9.14108958194685228e-04  7.72662772144068976e-04 -1.25609517472504811e-04 -1.31005344331911961e-06  5.29830657676253959e-06 -2.06347632077796475e-09  2.84451522961689302e-09  4.00000000000000000e+00 -2.50000000000000000e+00  1.65000000000000013e+00 -1.00000000000000006e-01  1.60000000000000009e+00 -8.00000000000000044e-01  2.30000000000000027e+00
 6.24280000000000082e-07  1.00001329989377441e-05 -9.14108958200484300e-04  7.72662772123048681e-04 -1.25609517473748255e-04 -1.31005344305908452e-06  5.29830657617354337e-06 -2.06347633207581469e-09  2.84451527323589771e-09  4.00000000000000000e+00 -2.50000000000000000e+00  1.65000000000000013e+00 -1.00000000000000006e-01  1.60000000000000009e+00 -8.00000000000000044e-01  2.30000000000000027e+00
 6.25280000000000051e-07  1.00001329990373009e-05 -9.14108958200180832e-04  7.72662772138517861e-04 -1.25609517475065724e-04 -1.31005344335225279e-06  5.29830657594232371e-06 -2.06347634237909782e-09  2.84451525933591003e-09  4.00000000000000000e+00 -2.50000000000000000e+00  1.65000000000000013e+00 -1.00000000000000006e-01  1.60000000000000009e+00 -8.00000000000000044e-01  2.30000000000000027e+00
 6.26280000000000020e-07  1.00001329992809567e-05 -9.14108958197320165e-04  7.72662772145549237e-04 -1.25609517474769655e-04 -1.31005344293652627e-06  5.29830657570952433e-06 -2.06347636157716657e-09  2.84451529078041546e-09  4.00000000000000000e+00 -2.50000000000000000e+00  1.65000000000000013e+00 -1.00000000000000006e-01  1.60000000000000009e+00 -8.00000000000000044e-01  2.30000000000000027e+00
 6.27279999999999989e-07  1.00001329993981268e-05 -9.14108958211838174e-04  7.72662772136001319e-04 -1.25609517474503185e-04 -1.31005344293860785e-06  5.29830657661543538e-06 -2.06347634916703250e-09  2.84451525794692613e-09  4.00000000000000000e+00 -2.50000000000000000e+00  1.65000000000000013e+00 -1.00000000000000006e-01  1.60000000000000009e+00 -8.00000000000000044e-01  2.30000000000000027e+00
 6.28279999999999959e-07  1.00001329993103251e-05 -9.14108958201487187e-04  7.72662772149176002e-04 -1.25609517473585408e-04 -1.31005344295569505e-06  5.29830657593970214e-06 -2.06347633394843331e-09  2.84451525795030227e-09  4.00000000000000000e+00 -2.50000000000000000e+00  1.65000000000000013e+00 -1.00000000000000006e-01  1.60000000000000009e+00 -8.00000000000000044e-01  2.30000000000000027e+00
 6.29279999999999928e-07  1.00001329992287846e-05 -9.14108958211201639e-04  7.72662772155689238e-04 -1.25609517472712029e-04 -1.31005344310236579e-06  5.29830657636328384e-06 -2.06347634017140612e-09  2.84451526823738010e-09  4.00000000000000000e+00 -2.50000000000000000e+00  1.65000000000000013e+00 -1.00000000000000006e-01  1.60000000000000009e+00 -8.00000000000000044e-01  2.30000000000000027e+00
 6.30279999999999897e-07  1.00001329989548660e-05 -9.14108958197823451e-04  7.72662772158871913e-04 -1.25609517473822252e-04 -1.31005344303384421e-06  5.29830657592208555e-06 -2.06347632766792720e-09  2.84451526725539636e-09  4.00000000000000000e+00 -2.50000000000000000e+00  1.65000000000000013e+00 -1.00000000000000006e-01  1.60000000000000009e+00 -8.00000000000000044e-01  2.30000000000000027e+00
 6.31279999999999866e-07  1.00001329989705632e-05 -9.14108958208340971e-04  7.72662772158575818e-04 -1.25609517474236743e-04 -1.31005344319621429e-06  5.29830657637230389e-06 -2.06347634663330053e-09  2.84451527549268341e-09  4.00000000000000000e+00 -2.50000000000000000e+00  1.65000000000000013e+00 -1.00000000000000006e-01  1.60000000000000009e+00 -8.00000000000000044e-01  2.30000000000000027e+00
 6.32279999999999836e-07  1.00001329988188257e-05 -9.14108958197046295e-04  7.72662772139554033e-04 -1.25609517474695631e-04 -1.31005344270164467e-06  5.29830657542379555e-06 -2.06347633808146027e-09  2.84451526683498802e-09  4.00000000000000000e+00 -2.50000000000000000e+00  1.65000000000000013e+00 -1.00000000000000006e-01  1.60000000000000009e+00 -8.00000000000000044e-01  2.30000000000000027e+00
 6.33279999999999805e-07  1.00001329991149603e-05 -9.14108958199322252e-04  7.72662772147917677e-04 -1.25609517472830478e-04 -1.31005344292733215e-06  5.29830657589606470e-06 -2.06347637961932610e-09  2.84451527752598518e-09  4.00000000000000000e+00 -2.50000000000000000e+00  1.65000000000000013e+00 -1.00000000000000006e-01  1.60000000000000009e+00 -8.00000000000000044e-01  2.30000000000000027e+00
 6.34279999999999774e-07  1.00001329993774778e-05 -9.14108958205317457e-04  7.72662772149471989e-04 -1.25609517471157744e-04 -1.31005344283677967e-06  5.29830657697926483e-06 -2.06347633685490196e-09  2.84451524575535428e-09  4.00000000000000000e+00 -2.50000000000000000e+00  1.65000000000000013e+00 -1.00000000000000006e-01  1.60000000000000009e+00 -8.00000000000000044e-01  2.30000000000000027e+00
 6.35279999999999743e-07  1.00001329991003575e-05 -9.14108958209617728e-04  7.72662772136593402e-04 -1.25609517472356763e-04 -1.31005344335893143e-06  5.29830657627889903e-06 -2.06347631611119619e-09  2.84451527576966815e-09  4.00000000000000000e+00 -2.50000000000000000e+00  1.65000000000000013e+00 -1.00000000000000006e-01  1.60000000000000009e+00 -8.00000000000000044e-01  2.30000000000000027e+00
 6.36279999999999713e-07  1.00001329983775504e-05 -9.14108958210202438e-04  7.72662772158575818e-04 -1.25609517474814053e-04 -1.31005344344592786e-06  5.29830657607944394e-06 -2.06347633185279067e-09  2.84451526357298928e-09  4.00000000000000000e+00 -2.50000000000000000e+00  1.65000000000000013e+00 -1.00000000000000006e-01  1.60000000000000009e+00 -8.00000000000000044e-01  2.30000000000000027e+00
 6.37279999999999682e-07  1.00001329984874851e-05 -9.14108958191547005e-04  7.72662772142810651e-04 -1.25609517474947302e-04 -1.31005344264717431e-06  5.29830657561118465e-06 -2.06347635696088209e-09  2.84451529094027225e-09  4.00000000000000000e+00 -2.50000000000000000e+00  1.65000000000000013e+00 -1.00000000000000006e-01  1.60000000000000009e+00 -8.00000000000000044e-01  2.30000000000000027e+00
 6.38279999999999651e-07  1.00001329990428185e-05 -9.14108958175615305e-04  7.72662772130154108e-04 -1.25609517473851878e-04 -1.31005344275299244e-06  5.29830657511636409e-06 -2.06347637878429968e-09  2.84451528969964981e-09  4.00000000000000000e+00 -2.50000000000000000e+00  1.65000000000000013e+00 -1.00000000000000006e-01  1.60000000000000009e+00 -8.00000000000000044e-01  2.30000000000000027e+00
 6.39279999999999620e-07  1.00001329989333920e-05 -9.14108958187165310e-04  7.72662772130154108e-04 -1.25609517472860050e-04 -1.31005344315432088e-06  5.29830657613857870e-06 -2.06347634204067466e-09  2.84451526323137899e-09  4.00000000000000000e+00 -2.50000000000000000e+00  1.65000000000000013e+00 -1.00000000000000006e-01  1.60000000000000009e+00 -8.00000000000000044e-01  2.30000000000000027e+00
 6.40279999999999590e-07  1.00001329987324351e-05 -9.14108958196354249e-04  7.72662772152654664e-04 -1.25609517472948873e-04 -1.31005344314044310e-06  5.29830657640325956e-06 -2.06347633433639384e-09  2.84451526949786274e-09  4.00000000000000000e+00 -2.50000000000000000e+00  1.65000000000000013e+00 -1.00000000000000006e-01  1.60000000000000009e+00 -8.00000000000000044e-01  2.30000000000000027e+00
 6.41279999999999559e-07  1.00001329992032584e-05 -9.14108958192712739e-04  7.72662772124010910e-04 -1.25609517472519610e-04 -1.31005344284562671e-06  5.29830657619277949e-06 -2.06347634989569673e-09  2.84451525514717867e-09  4.00000000000000000e+00 -2.50000000000000000e+00  1.65000000000000013e+00 -1.00000000000000006e-01  1.60000000000000009e+00 -8.00000000000000044e-01  2.30000000000000027e+00
 6.42279999999999528e-07  1.00001329990843214e-05 -9.14108958190299847e-04  7.72662772126897490e-04 -1.25609517471601806e-04 -1.31005344255870341e-06  5.29830657594232371e-06 -2.06347634542326103e-09  2.84451528647189842e-09  4.00000000000000000e+00 -2.50000000000000000e+00  1.65000000000000013e+00 -1.00000000000000006e-01  1.60000000000000009e+00 -8.00000000000000044e-01  2.30000000000000027e+00
 6.43279999999999497e-07  1.00001329992664471e-05 -9.14108958204540301e-04  7.72662772136667453e-04 -1.25609517472667631e-04 -1.31005344388472608e-06  5.29830657733904631e-06 -2.06347631055541734e-09  2.84451522800799695e-09  4.00000000000000000e+00 -2.50000000000000000e+00  1.65000000000000013e+00 -1.00000000000000006e-01  1.60000000000000009e+00 -8.00000000000000044e-01  2.30000000000000027e+00
 6.44279999999999467e-07  1.00001329994217065e-05 -9.14108958214532308e-04  7.72662772155023104e-04 -1.25609517474843652e-04 -1.31005344321442888e-06  5.29830657628240659e-06 -2.06347633653062897e-09  2.84451525527508643e-09  4.00000000000000000e+00 -2.50000000000000000e+00  1.65000000000000013e+00 -1.00000000000000006e-01  1.60000000000000009e+00 -8.00000000000000044e-01  2.30000000000000027e+00
 6.45279999999999436e-07  1.00001329993472930e-05 -9.14108958214417599e-04  7.72662772151766486e-04 -1.25609517475850252e-04 -1.31005344293852124e-06  5.29830657579437162e-06 -2.06347632746297790e-09  2.84451526016253933e-09  4.00000000000000000e+00 -2.50000000000000000e+00  1.65000000000000013e+00 -1.00000000000000006e-01  1.60000000000000009e+00 -8.00000000000000044e-01  2.30000000000000027e+00
 6.46279999999999405e-07  1.00001329988477739e-05 -9.14108958192494381e-04  7.72662772137259536e-04 -1.25609517474636407e-04 -1.31005344262523022e-06  5.29830657491714110e-06 -2.06347637607046816e-09  2.84451532898992861e-09  4.00000000000000000e+00 -2.50000000000000000e+00  1.65000000000000013e+00 -1.00000000000000006e-01  1.60000000000000009e+00 -8.00000000000000044e-01  2.30000000000000027e+00
 6.47279999999999374e-07  1.00001329981840220e-05 -9.14108958182809528e-04  7.72662772136371357e-04 -1.25609517472889676e-04 -1.31005344280902409e-06  5.29830657576935280e-06 -2.06347635075149903e-09  2.84451525948694287e-09  4.00000000000000000e+00 -2.50000000000000000e+00  1.65000000000000013e+00 -1.00000000000000006e-01  1.60000000000000009e+00 -8.00000000000000044e-01  2.30000000000000027e+00
 6.48279999999999344e-07  1.00001329981127560e-05 -9.14108958191883758e-04  7.72662772143402842e-04 -1.25609517471231741e-04 -1.31005344297226153e-06  5.29830657632565948e-06 -2.06347635301742797e-09  2.84451526328154046e-09  4.00000000000000000e+00 -2.50000000000000000e+00  1.65000000000000013e+00 -1.00000000000000006e-01  1.60000000000000009e+00 -8.00000000000000044e-01  2.30000000000000027e+00
 6.49279999999999313e-07  1.00001329987591794e-05 -9.14108958194548293e-04  7.72662772139257937e-04 -1.25609517470225140e-04 -1.31005344302621139e-06  5.29830657676458264e-06 -2.06347633926622113e-09  2.84451522769457698e-09  4.00000000000000000e+00 -2.50000000000000000e+00  1.65000000000000013e+00 -1.00000000000000006e-01  1.60000000000000009e+00 -8.00000000000000044e-01  2.30000000000000027e+00
 6.50279999999999282e-07  1.00001329992344665e-05 -9.14108958202127409e-04  7.72662772134669051e-04 -1.25609517472267940e-04 -1.31005344316993339e-06  5.29830657613083089e-06 -2.06347631815469461e-09  2.84451527819124063e-09  4.00000000000000000e+00 -2.50000000000000000e+00  1.65000000000000013e+00 -1.00000000000000006e-01  1.60000000000000009e+00 -8.00000000000000044e-01  2.30000000000000027e+00
 6.51279999999999251e-07  1.00001329989778917e-05 -9.14108958209144040e-04  7.72662772142218568e-04 -1.25609517473156118e-04 -1.31005344351939335e-06  5.29830657699711266e-06 -2.06347633338698240e-09  2.84451525252396188e-09  4.00000000000000000e+00 -2.50000000000000000e+00  1.65000000000000013e+00 -1.00000000000000006e-01  1.60000000000000009e+00 -8.00000000000000044e-01  2.30000000000000027e+00
 6.52279999999999221e-07  1.00001329990950076e-05 -9.14108958207397282e-04  7.72662772150804257e-04 -1.25609517474340365e-04 -1.31005344289159689e-06  5.29830657626421147e-06 -2.06347633224356030e-09  2.84451526063230968e-09  4.00000000000000000e+00 -2.50000000000000000e+00  1.65000000000000013e+00 -1.00000000000000006e-01  1.60000000000000009e+00 -8.00000000000000044e-01  2.30000000000000027e+00
 6.53279999999999190e-07  1.00001329993238928e-05 -9.14108958197490384e-04  7.72662772143772880e-04 -1.25609517473911103e-04 -1.31005344275897736e-06  5.29830657524203498e-06 -2.06347636054802774e-09  2.84451528378689124e-09  4.00000000000000000e+00 -2.50000000000000000e+00  1.65000000000000013e+00 -1.00000000000000006e-01  1.60000000000000009e+00 -8.00000000000000044e-01  2.30000000000000027e+00
 6.54279999999999159e-07  1.00001329990524967e-05 -9.14108958187997978e-04  7.72662772155689238e-04 -1.25609517473629833e-04 -1.31005344342667247e-06  5.29830657600770364e-06 -2.06347633618872585e-09  2.84451527710790948e-09  4.00000000000000000e+00 -2.50000000000000000e+00  1.65000000000000013e+00 -1.00000000000000006e-01  1.60000000000000009e+00 -8.00000000000000044e-01  2.30000000000000027e+00
 6.55279999999999128e-07  1.00001329995346346e-05 -9.14108958194104204e-04  7.72662772137259536e-04 -1.25609517472682430e-04 -1.31005344248289608e-06  5.29830657609019957e-06 -2.06347635707886038e-09  2.84451526339750209e-09  4.00000000000000000e+00 -2.50000000000000000e+00  1.65000000000000013e+00 -1.00000000000000006e-01  1.60000000000000009e+00 -8.00000000000000044e-01  2.30000000000000027e+00
 6.56279999999999098e-07  1.00001329995543739e-05 -9.14108958194711141e-04  7.72662772134965147e-04 -1.25609517472327165e-04 -1.31005344324999071e-06  5.29830657601360153e-06 -2.06347635748807738e-09  2.84451528179864477e-09  4.00000000000000000e+00 -2.50000000000000000e+00  1.65000000000000013e+00 -1.00000000000000006e-01  1.60000000000000009e+00 -8.00000000000000044e-01  2.30000000000000027e+00
 6.57279999999999067e-07  1.00001329994885747e-05 -9.14108958206453592e-04  7.72662772134002918e-04 -1.25609517472667631e-04 -1.31005344293305682e-06  5.29830657683362514e-06 -2.06347632582469251e-09  2.84451524103864511e-09  4.00000000000000000e+00 -2.50000000000000000e+00  1.65000000000000013e+00 -1.00000000000000006e-01  1.60000000000000009e+00 -8.00000000000000044e-01  2.30000000000000027e+00
 6.58279999999999036e-07  1.00001329992853901e-05 -9.14108958193212339e-04  7.72662772157021505e-04 -1.25609517473481786e-04 -1.31005344319951030e-06  5.29830657614293499e-06 -2.06347632174643277e-09  2.84451528228475359e-09  4.00000000000000000e+00 -2.50000000000000000e+00  1.65000000000000013e+00 -1.00000000000000006e-01  1.60000000000000009e+00 -8.00000000000000044e-01  2.30000000000000027e+00
 6.59279999999999005e-07  1.00001329988655819e-05 -9.14108958188109000e-04  7.72662772152728715e-04 -1.25609517474621634e-04 -1.31005344334678837e-06  5.29830657502600431e-06 -2.06347635937028923e-09  2.84451529298680436e-09  4.00000000000000000e+00 -2.50000000000000000e+00  1.65000000000000013e+00 -1.00000000000000006e-01  1.60000000000000009e+00 -8.00000000000000044e-01  2.30000000000000027e+00
 6.60279999999998975e-07  1.00001329986164797e-05 -9.14108958178727615e-04  7.72662772129487974e-04 -1.25609517473644633e-04 -1.31005344253060097e-06  5.29830657604540508e-06 -2.06347635527449615e-09  2.84451525974073553e-09  4.00000000000000000e+00 -2.50000000000000000e+00  1.65000000000000013e+00 -1.00000000000000006e-01  1.60000000000000009e+00 -8.00000000000000044e-01  2.30000000000000027e+00
 6.61279999999998944e-07  1.00001329986526853e-05 -9.14108958187413267e-04  7.72662772121494369e-04 -1.25609517471971899e-04 -1.31005344258351004e-06  5.29830657601152037e-06 -2.06347635312909239e-09  2.84451526415326351e-09  4.00000000000000000e+00 -2.50000000000000000e+00  1.65000000000000013e+00 -1.00000000000000006e-01  1.60000000000000009e+00 -8.00000000000000044e-01  2.30000000000000027e+00
 6.62279999999998913e-07  1.00001329988493172e-05 -9.14108958186747133e-04  7.72662772123270726e-04 -1.25609517471468585e-04 -1.31005344327583814e-06  5.29830657671500834e-06 -2.06347632515928899e-09  2.84451526187571889e-09  4.00000000000000000e+00 -2.50000000000000000e+00  1.65000000000000013e+00 -1.00000000000000006e-01  1.60000000000000009e+00 -8.00000000000000044e-01  2.30000000000000027e+00
 6.63279999999998882e-07  1.00001329991075403e-05 -9.14108958192964382e-04  7.72662772138443810e-04 -1.25609517473378163e-04 -1.31005344370422823e-06  5.29830657666512572e-06 -2.06347632996832889e-09  2.84451524807979880e-09  4.00000000000000000e+00 -2.50000000000000000e+00  1.65000000000000013e+00 -1.00000000000000006e-01  1.60000000000000009e+00 -8.00000000000000044e-01  2.30000000000000027e+00
 6.64279999999998852e-07  1.00001329992999133e-05 -9.14108958201372479e-04  7.72662772136297415e-04 -1.25609517473585408e-04 -1.31005344273564520e-06  5.29830657638298243e-06 -2.06347634730232131e-09  2.84451525123846903e-09  4.00000000000000000e+00 -2.50000000000000000e+00  1.65000000000000013e+00 -1.00000000000000006e-01  1.60000000000000009e+00 -8.00000000000000044e-01  2.30000000000000027e+00
 6.65279999999998821e-07  1.00001329995024016e-05 -9.14108958193156828e-04  7.72662772138221765e-04 -1.25609517473541010e-04 -1.31005344297070023e-06  5.29830657539631018e-06 -2.06347634586783710e-09  2.84451529216810524e-09  4.00000000000000000e+00 -2.50000000000000000e+00  1.65000000000000013e+00 -1.00000000000000006e-01  1.60000000000000009e+00 -8.00000000000000044e-01  2.30000000000000027e+00
 6.66279999999998790e-07  1.00001329995122645e-05 -9.14108958210228350e-04  7.72662772151470390e-04 -1.25609517473363364e-04 -1.31005344344852994e-06  5.29830657677622510e-06 -2.06347632257632158e-09  2.84451524390776325e-09  4.00000000000000000e+00 -2.50000000000000000e+00  1.65000000000000013e+00 -1.00000000000000006e-01  1.60000000000000009e+00 -8.00000000000000044e-01  2.30000000000000027e+00
 6.67279999999998759e-07  1.00001329990882262e-05 -9.14108958202038612e-04  7.72662772142810651e-04 -1.25609517473896276e-04 -1.31005344277554384e-06  5.29830657590662720e-06 -2.06347634583969601e-09  2.84451528870503833e-09  4.00000000000000000e+00 -2.50000000000000000e+00  1.65000000000000013e+00 -1.00000000000000006e-01  1.60000000000000009e+00 -8.00000000000000044e-01  2.30000000000000027e+00
 6.68279999999998729e-07  1.00001329988387361e-05 -9.14108958196576294e-04  7.72662772125047082e-04 -1.25609517473703830e-04 -1.31005344261733715e-06  5.29830657577324577e-06 -2.06347635648540792e-09  2.84451527482959641e-09  4.00000000000000000e+00 -2.50000000000000000e+00  1.65000000000000013e+00 -1.00000000000000006e-01  1.60000000000000009e+00 -8.00000000000000044e-01  2.30000000000000027e+00
 6.69279999999998698e-07  1.00001329987829962e-05 -9.14108958190214737e-04  7.72662772130154108e-04 -1.25609517473156118e-04 -1.31005344306333451e-06  5.29830657583191805e-06 -2.06347635588058131e-09  2.84451527692022592e-09  4.00000000000000000e+00 -2.50000000000000000e+00  1.65000000000000013e+00 -1.00000000000000006e-01  1.60000000000000009e+00 -8.00000000000000044e-01  2.30000000000000027e+00
 6.70279999999998667e-07  1.00001329989753422e-05 -9.14108958169457253e-04  7.72662772130746300e-04 -1.25609517472119919e-04 -1.31005344289784185e-06  5.29830657504427651e-06 -2.06347636558067979e-09  2.84451529155612642e-09  4.00000000000000000e+00 -2.50000000000000000e+00  1.65000000000000013e+00 -1.00000000000000006e-01  1.60000000000000009e+00 -8.00000000000000044e-01  2.30000000000000027e+00
 6.71279999999998636e-07  1.00001329992168601e-05 -9.14108958202985988e-04  7.72662772148509868e-04 -1.25609517471764653e-04 -1.31005344340759051e-06  5.29830657769898195e-06 -2.06347632185062775e-09  2.84451522141963655e-09  4.00000000000000000e+00 -2.50000000000000000e+00  1.65000000000000013e+00 -1.00000000000000006e-01  1.60000000000000009e+00 -8.00000000000000044e-01  2.30000000000000027e+00
 6.72279999999998606e-07  1.00001329993497443e-05 -9.14108958201650034e-04  7.72662772145031097e-04 -1.25609517473037724e-04 -1.31005344318814799e-06  5.29830657703315645e-06 -2.06347631047686496e-09  2.84451523936333098e-09  4.00000000000000000e+00 -2.50000000000000000e+00  1.65000000000000013e+00 -1.00000000000000006e-01  1.60000000000000009e+00 -8.00000000000000044e-01  2.30000000000000027e+00
 6.73279999999998575e-07  1.00001329992851106e-05 -9.14108958196987098e-04  7.72662772150878308e-04 -1.25609517474843679e-04 -1.31005344341105996e-06  5.29830657633225109e-06 -2.06347632772512384e-09  2.84451528302992503e-09  4.00000000000000000e+00 -2.50000000000000000e+00  1.65000000000000013e+00 -1.00000000000000006e-01  1.60000000000000009e+00 -8.00000000000000044e-01  2.30000000000000027e+00
 6.74279999999998544e-07  1.00001329993449585e-05 -9.14108958206816258e-04  7.72662772137333587e-04 -1.25609517475272942e-04 -1.31005344264344482e-06  5.29830657550208935e-06 -2.06347636114830155e-09  2.84451526925156351e-09  4.00000000000000000e+00 -2.50000000000000000e+00  1.65000000000000013e+00 -1.00000000000000006e-01  1.60000000000000009e+00 -8.00000000000000044e-01  2.30000000000000027e+00
 6.75279999999998513e-07  1.00001329991697616e-05 -9.14108958210813061e-04  7.72662772126009312e-04 -1.25609517472786053e-04 -1.31005344259513260e-06  5.29830657572390271e-06 -2.06347636767936398e-09  2.84451528217678790e-09  4.00000000000000000e+00 -2.50000000000000000e+00  1.65000000000000013e+00 -1.00000000000000006e-01  1.60000000000000009e+00 -8.00000000000000044e-01  2.30000000000000027e+00
 6.76279999999998483e-07  1.00001329990882161e-05 -9.14108958209647326e-04  7.72662772154653066e-04 -1.25609517473615007e-04 -1.31005344381013297e-06  5.29830657665872639e-06 -2.06347631516738188e-09  2.84451523692891156e-09  4.00000000000000000e+00 -2.50000000000000000e+00  1.65000000000000013e+00 -1.00000000000000006e-01  1.60000000000000009e+00 -8.00000000000000044e-01  2.30000000000000027e+00
 6.77279999999998452e-07  1.00001329991400494e-05 -9.14108958215612932e-04  7.72662772163978939e-04 -1.25609517474399563e-04 -1.31005344288569878e-06  5.29830657651948603e-06 -2.06347633639901709e-09  2.84451526430265729e-09  4.00000000000000000e+00 -2.50000000000000000e+00  1.65000000000000013e+00 -1.00000000000000006e-01  1.60000000000000009e+00 -8.00000000000000044e-01  2.30000000000000027e+00
 6.78279999999998421e-07  1.00001329993350855e-05 -9.14108958213892086e-04  7.72662772151100352e-04 -1.25609517474088722e-04 -1.31005344272575736e-06  5.29830657610488712e-06 -2.06347635719750579e-09  2.84451528674574731e-09  4.00000000000000000e+00 -2.50000000000000000e+00  1.65000000000000013e+00 -1.00000000000000006e-01  1.60000000000000009e+00 -8.00000000000000044e-01  2.30000000000000027e+00
 6.79279999999998390e-07  1.00001329993328443e-05 -9.14108958205539501e-04  7.72662772137259536e-04 -1.25609517473896276e-04 -1.31005344301372146e-06  5.29830657623572322e-06 -2.06347634998688843e-09  2.84451528274656976e-09  4.00000000000000000e+00 -2.50000000000000000e+00  1.65000000000000013e+00 -1.00000000000000006e-01  1.60000000000000009e+00 -8.00000000000000044e-01  2.30000000000000027e+00
 6.80279999999998360e-07  1.00001329994499923e-05 -9.14108958199433275e-04  7.72662772135705223e-04 -1.25609517473570636e-04 -1.31005344294467938e-06  5.29830657627654766e-06 -2.06347633302938726e-09  2.84451522882185210e-09  4.00000000000000000e+00 -2.50000000000000000e+00  1.65000000000000013e+00 -1.00000000000000006e-01  1.60000000000000009e+00 -8.00000000000000044e-01  2.30000000000000027e+00
 6.81279999999998329e-07  1.00001329993040299e-05 -9.14108958192161314e-04  7.72662772143106746e-04 -1.25609517473881477e-04 -1.31005344325658275e-06  5.29830657623518366e-06 -2.06347633387824414e-09  2.84451528808408750e-09  4.00000000000000000e+00 -2.50000000000000000e+00  1.65000000000000013e+00 -1.00000000000000006e-01  1.60000000000000009e+00 -8.00000000000000044e-01  2.30000000000000027e+00
 6.82279999999998298e-07  1.00001329985696540e-05 -9.14108958207012390e-04  7.72662772157983735e-04 -1.25609517474399563e-04 -1.31005344326204717e-06  5.29830657583238137e-06 -2.06347633990466932e-09  2.84451527480313201e-09  4.00000000000000000e+00 -2.50000000000000000e+00  1.65000000000000013e+00 -1.00000000000000006e-01  1.60000000000000009e+00 -8.00000000000000044e-01  2.30000000000000027e+00
 6.83279999999998267e-07  1.00001329983230895e-05 -9.14108958209839772e-04  7.72662772137555631e-04 -1.25609517473378163e-04 -1.31005344276140602e-06  5.29830657615596490e-06 -2.06347635999685869e-09  2.84451526851150941e-09  4.00000000000000000e+00 -2.50000000000000000e+00  1.65000000000000013e+00 -1.00000000000000006e-01  1.60000000000000009e+00 -8.00000000000000044e-01  2.30000000000000027e+00
 6.84279999999998237e-07  1.00001329988091001e-05 -9.14108958215612932e-04  7.72662772145771282e-04 -1.25609517473985099e-04 -1.31005344352815379e-06  5.29830657718053087e-06 -2.06347631172282934e-09  2.84451521666563270e-09  4.00000000000000000e+00 -2.50000000000000000e+00  1.65000000000000013e+00 -1.00000000000000006e-01  1.60000000000000009e+00 -8.00000000000000044e-01  2.30000000000000027e+00
 6.85279999999998206e-07  1.00001329990444956e-05 -9.14108958216197642e-04  7.72662772159241952e-04 -1.25609517474488386e-04 -1.31005344296697075e-06  5.29830657637083937e-06 -2.06347633397419296e-09  2.84451527635600396e-09  4.00000000000000000e+00 -2.50000000000000000e+00  1.65000000000000013e+00 -1.00000000000000006e-01  1.60000000000000009e+00 -8.00000000000000044e-01  2.30000000000000027e+00
 6.86279999999998175e-07  1.00001329991948880e-05 -9.14108958218307066e-04  7.72662772151100352e-04 -1.25609517474843679e-04 -1.31005344306073242e-06  5.29830657585057649e-06 -2.06347634903639049e-09  2.84451526893333678e-09  4.00000000000000000e+00 -2.50000000000000000e+00  1.65000000000000013e+00 -1.00000000000000006e-01  1.60000000000000009e+00 -8.00000000000000044e-01  2.30000000000000027e+00
 6.87279999999998144e-07  1.00001329991571273e-05 -9.14108958210757550e-04  7.72662772144364963e-04 -1.25609517474340365e-04 -1.31005344280156470e-06  5.29830657603137313e-06 -2.06347635749081204e-09  2.84451527672414607e-09  4.00000000000000000e+00 -2.50000000000000000e+00  1.65000000000000013e+00 -1.00000000000000006e-01  1.60000000000000009e+00 -8.00000000000000044e-01  2.30000000000000027e+00
 6.88279999999998114e-07  1.00001329991301171e-05 -9.14108958203707633e-04  7.72662772142514664e-04 -1.25609517472963673e-04 -1.31005344248289608e-06  5.29830657618468440e-06 -2.06347635278608913e-09  2.84451525921277427e-09  4.00000000000000000e+00 -2.50000000000000000e+00  1.65000000000000013e+00 -1.00000000000000006e-01  1.60000000000000009e+00 -8.00000000000000044e-01  2.30000000000000027e+00
 6.89279999999998083e-07  1.00001329990199723e-05 -9.14108958202874966e-04  7.72662772147029498e-04 -1.25609517472756427e-04 -1.31005344311615697e-06  5.29830657613880994e-06 -2.06347633997109730e-09  2.84451530800251724e-09  4.00000000000000000e+00 -2.50000000000000000e+00  1.65000000000000013e+00 -1.00000000000000006e-01  1.60000000000000009e+00 -8.00000000000000044e-01  2.30000000000000027e+00
 6.90279999999998052e-07  1.00001329992997168e-05 -9.14108958182724418e-04  7.72662772133706822e-04 -1.25609517472904475e-04 -1.31005344300869072e-06  5.29830657547730262e-06 -2.06347635833420539e-09  2.84451527781145389e-09  4.00000000000000000e+00 -2.50000000000000000e+00  1.65000000000000013e+00 -1.00000000000000006e-01  1.60000000000000009e+00 -8.00000000000000044e-01  2.30000000000000027e+00
 6.91279999999998021e-07  1.00001329992388778e-05 -9.14108958201624122e-04  7.72662772137555631e-04 -1.25609517472934101e-04 -1.31005344319690822e-06  5.29830657639042193e-06 -2.06347633985819376e-09  2.84451526888128438e-09  4.00000000000000000e+00 -2.50000000000000000e+00  1.65000000000000013e+00 -1.00000000000000006e-01  1.60000000000000009e+00 -8.00000000000000044e-01  2.30000000000000027e+00
 6.92279999999997991e-07  1.00001329992457236e-05 -9.14108958193130916e-04  7.72662772143994925e-04 -1.25609517472282739e-04 -1.31005344291935246e-06  5.29830657619096769e-06 -2.06347634859177223e-09  2.84451525329648612e-09  4.00000000000000000e+00 -2.50000000000000000e+00  1.65000000000000013e+00 -1.00000000000000006e-01  1.60000000000000009e+00 -8.00000000000000044e-01  2.30000000000000027e+00
 6.93279999999997960e-07  1.00001329991326040e-05 -9.14108958197597720e-04  7.72662772146215371e-04 -1.25609517472993325e-04 -1.31005344330081820e-06  5.29830657645572478e-06 -2.06347633188980617e-09  2.84451527879145447e-09  4.00000000000000000e+00 -2.50000000000000000e+00  1.65000000000000013e+00 -1.00000000000000006e-01  1.60000000000000009e+00 -8.00000000000000044e-01  2.30000000000000027e+00
 6.94279999999997929e-07  1.00001329987660369e-05 -9.14108958203152522e-04  7.72662772137555631e-04 -1.25609517474355192e-04 -1.31005344294971012e-06  5.29830657626675596e-06 -2.06347633352457356e-09  2.84451528678572247e-09  4.00000000000000000e+00 -2.50000000000000000e+00  1.65000000000000013e+00 -1.00000000000000006e-01  1.60000000000000009e+00 -8.00000000000000044e-01  2.30000000000000027e+00
 6.95279999999997898e-07  1.00001329989125398e-05 -9.14108958206649724e-04  7.72662772140220167e-04 -1.25609517474414389e-04 -1.31005344307807966e-06  5.29830657585400697e-06 -2.06347635548042938e-09  2.84451525928711548e-09  4.00000000000000000e+00 -2.50000000000000000e+00  1.65000000000000013e+00 -1.00000000000000006e-01  1.60000000000000009e+00 -8.00000000000000044e-01  2.30000000000000027e+00
 6.96279999999997868e-07  1.00001329989489927e-05 -9.14108958204984390e-04  7.72662772136963548e-04 -1.25609517473837079e-04 -1.31005344280399335e-06  5.29830657586526404e-06 -2.06347634858255537e-09  2.84451526649578855e-09  4.00000000000000000e+00 -2.50000000000000000e+00  1.65000000000000013e+00 -1.00000000000000006e-01  1.60000000000000009e+00 -8.00000000000000044e-01  2.30000000000000027e+00
 6.97279999999997837e-07  1.00001329990862306e-05 -9.14108958192050292e-04  7.72662772128303809e-04 -1.25609517472504784e-04 -1.31005344286913230e-06  5.29830657604220583e-06 -2.06347634416745899e-09  2.84451525928868257e-09  4.00000000000000000e+00 -2.50000000000000000e+00  1.65000000000000013e+00 -1.00000000000000006e-01  1.60000000000000009e+00 -8.00000000000000044e-01  2.30000000000000027e+00
 6.98279999999997806e-07  1.00001329987970570e-05 -9.14108958202985988e-04  7.72662772128599796e-04 -1.25609517472460386e-04 -1.31005344315544828e-06  5.29830657623784334e-06 -2.06347632850335646e-09  2.84451525362237833e-09  4.00000000000000000e+00 -2.50000000000000000e+00  1.65000000000000013e+00 -1.00000000000000006e-01  1.60000000000000009e+00 -8.00000000000000044e-01  2.30000000000000027e+00
 6.99279999999997775e-07  1.00001329985391456e-05 -9.14108958192464782e-04  7.72662772148213772e-04 -1.25609517473318966e-04 -1.31005344323767422e-06  5.29830657623876915e-06 -2.06347633143092070e-09  2.84451526736544737e-09  4.00000000000000000e+00 -2.50000000000000000e+00  1.65000000000000013e+00 -1.00000000000000006e-01  1.60000000000000009e+00 -8.00000000000000044e-01  2.30000000000000027e+00
 7.00279999999997745e-07  1.00001329987687170e-05 -9.14108958199207544e-04  7.72662772143772880e-04 -1.25609517473466986e-04 -1.31005344302785950e-06  5.29830657615237941e-06 -2.06347635430238564e-09  2.84451527925025764e-09  4.00000000000000000e+00 -2.50000000000000000e+00  1.65000000000000013e+00 -1.00000000000000006e-01  1.60000000000000009e+00 -8.00000000000000044e-01  2.30000000000000027e+00
 7.01279999999997714e-07  1.00001329989168224e-05 -9.14108958197656918e-04  7.72662772158871913e-04 -1.25609517473170945e-04 -1.31005344324652127e-06  5.29830657657279913e-06 -2.06347634552259963e-09  2.84451525391467004e-09  4.00000000000000000e+00 -2.50000000000000000e+00  1.65000000000000013e+00 -1.00000000000000006e-01  1.60000000000000009e+00 -8.00000000000000044e-01  2.30000000000000027e+00
 7.02279999999997683e-07  1.00001329992790628e-05 -9.14108958215583333e-04  7.72662772162720723e-04 -1.25609517474207144e-04 -1.31005344313636633e-06  5.29830657659855063e-06 -2.06347631870883200e-09  2.84451525048809255e-09  4.00000000000000000e+00 -2.50000000000000000e+00  1.65000000000000013e+00 -1.00000000000000006e-01  1.60000000000000009e+00 -8.00000000000000044e-01  2.30000000000000027e+00
 7.03279999999997652e-07  1.00001329993196407e-05 -9.14108958208537103e-04  7.72662772145031097e-04 -1.25609517475435789e-04 -1.31005344292889344e-06  5.29830657559125481e-06 -2.06347635194403870e-09  2.84451530501189578e-09  4.00000000000000000e+00 -2.50000000000000000e+00  1.65000000000000013e+00 -1.00000000000000006e-01  1.60000000000000009e+00 -8.00000000000000044e-01  2.30000000000000027e+00
 7.04279999999997622e-07  1.00001329992103481e-05 -9.14108958202904565e-04  7.72662772137555631e-04 -1.25609517473600208e-04 -1.31005344258108138e-06  5.29830657590739800e-06 -2.06347636357974850e-09  2.84451526690678440e-09  4.00000000000000000e+00 -2.50000000000000000e+00  1.65000000000000013e+00 -1.00000000000000006e-01  1.60000000000000009e+00 -8.00000000000000044e-01  2.30000000000000027e+00
 7.05279999999997591e-07  1.00001329989127075e-05 -9.14108958184389753e-04  7.72662772132448605e-04 -1.25609517473348564e-04 -1.31005344323767422e-06  5.29830657586869452e-06 -2.06347634124253635e-09  2.84451527259654211e-09  4.00000000000000000e+00 -2.50000000000000000e+00  1.65000000000000013e+00 -1.00000000000000006e-01  1.60000000000000009e+00 -8.00000000000000044e-01  2.30000000000000027e+00
 7.06279999999997560e-07  1.00001329988648416e-05 -9.14108958186554688e-04  7.72662772136297415e-04 -1.25609517472874876e-04 -1.31005344281431508e-06  5.29830657591927171e-06 -2.06347634154230289e-09  2.84451525409814697e-09  4.00000000000000000e+00 -2.50000000000000000e+00  1.65000000000000013e+00 -1.00000000000000006e-01  1.60000000000000009e+00 -8.00000000000000044e-01  2.30000000000000027e+00
 7.07279999999997529e-07  1.00001329988799510e-05 -9.14108958193937671e-04  7.72662772147917677e-04 -1.25609517472297566e-04 -1.31005344298180251e-06  5.29830657587046821e-06 -2.06347635180629245e-09  2.84451528486078220e-09  4.00000000000000000e+00 -2.50000000000000000e+00  1.65000000000000013e+00 -1.00000000000000006e-01  1.60000000000000009e+00 -8.00000000000000044e-01  2.30000000000000027e+00
 7.08279999999997499e-07  1.00001329989448693e-05 -9.14108958196765053e-04  7.72662772134669051e-04 -1.25609517471883075e-04 -1.31005344324894992e-06  5.29830657641393725e-06 -2.06347635239150909e-09  2.84451527220320573e-09  4.00000000000000000e+00 -2.50000000000000000e+00  1.65000000000000013e+00 -1.00000000000000006e-01  1.60000000000000009e+00 -8.00000000000000044e-01  2.30000000000000027e+00
 7.09279999999997468e-07  1.00001329988611723e-05 -9.14108958204706834e-04  7.72662772145327192e-04 -1.25609517474162719e-04 -1.31005344343551952e-06  5.29830657713149613e-06 -2.06347631366104876e-09  2.84451525344232510e-09  4.00000000000000000e+00 -2.50000000000000000e+00  1.65000000000000013e+00 -1.00000000000000006e-01  1.60000000000000009e+00 -8.00000000000000044e-01  2.30000000000000027e+00
 7.10279999999997437e-07  1.00001329991892468e-05 -9.14108958217751955e-04  7.72662772148583810e-04 -1.25609517475036098e-04 -1.31005344291145960e-06  5.29830657612539463e-06 -2.06347633030622183e-09  2.84451523327375346e-09  4.00000000000000000e+00 -2.50000000000000000e+00  1.65000000000000013e+00 -1.00000000000000006e-01  1.60000000000000009e+00 -8.00000000000000044e-01  2.30000000000000027e+00
 7.11279999999997406e-07  1.00001329991871343e-05 -9.14108958212977996e-04  7.72662772140886300e-04 -1.25609517474562383e-04 -1.31005344317791308e-06  5.29830657627866779e-06 -2.06347633999875987e-09  2.84451526705994516e-09  4.00000000000000000e+00 -2.50000000000000000e+00  1.65000000000000013e+00 -1.00000000000000006e-01  1.60000000000000009e+00 -8.00000000000000044e-01  2.30000000000000027e+00
 7.12279999999997376e-07  1.00001329988349803e-05 -9.14108958197212829e-04  7.72662772147917677e-04 -1.25609517474162719e-04 -1.31005344322553116e-06  5.29830657644778384e-06 -2.06347633089220609e-09  2.84451523955040739e-09  4.00000000000000000e+00 -2.50000000000000000e+00  1.65000000000000013e+00 -1.00000000000000006e-01  1.60000000000000009e+00 -8.00000000000000044e-01  2.30000000000000027e+00
 7.13279999999997345e-07  1.00001329984072135e-05 -9.14108958206760747e-04  7.72662772160870315e-04 -1.25609517473496612e-04 -1.31005344287615780e-06  5.29830657614166275e-06 -2.06347634182681993e-09  2.84451526973049901e-09  4.00000000000000000e+00 -2.50000000000000000e+00  1.65000000000000013e+00 -1.00000000000000006e-01  1.60000000000000009e+00 -8.00000000000000044e-01  2.30000000000000027e+00
 7.14279999999997314e-07  1.00001329986181196e-05 -9.14108958206594213e-04  7.72662772150878308e-04 -1.25609517473837079e-04 -1.31005344302326244e-06  5.29830657593072020e-06 -2.06347634848346492e-09  2.84451527888549539e-09  4.00000000000000000e+00 -2.50000000000000000e+00  1.65000000000000013e+00 -1.00000000000000006e-01  1.60000000000000009e+00 -8.00000000000000044e-01  2.30000000000000027e+00
 7.15279999999997283e-07  1.00001329990908707e-05 -9.14108958197656918e-04  7.72662772150212174e-04 -1.25609517473156146e-04 -1.31005344256824439e-06  5.29830657564591723e-06 -2.06347636451005992e-09  2.84451527526966435e-09  4.00000000000000000e+00 -2.50000000000000000e+00  1.65000000000000013e+00 -1.00000000000000006e-01  1.60000000000000009e+00 -8.00000000000000044e-01  2.30000000000000027e+00
 7.16279999999997253e-07  1.00001329993932293e-05 -9.14108958199348165e-04  7.72662772136963548e-04 -1.25609517472415988e-04 -1.31005344307990120e-06  5.29830657624694132e-06 -2.06347634273341815e-09  2.84451528316474265e-09  4.00000000000000000e+00 -2.50000000000000000e+00  1.65000000000000013e+00 -1.00000000000000006e-01  1.60000000000000009e+00 -8.00000000000000044e-01  2.30000000000000027e+00
 7.17279999999997222e-07  1.00001329993519788e-05 -9.14108958201431676e-04  7.72662772154431021e-04 -1.25609517473111693e-04 -1.31005344294806222e-06  5.29830657559364429e-06 -2.06347634754390272e-09  2.84451529768270952e-09  4.00000000000000000e+00 -2.50000000000000000e+00  1.65000000000000013e+00 -1.00000000000000006e-01  1.60000000000000009e+00 -8.00000000000000044e-01  2.30000000000000027e+00
 7.18279999999997191e-07  1.00001329988476096e-05 -9.14108958186580600e-04  7.72662772158575818e-04 -1.25609517473437388e-04 -1.31005344299654766e-06  5.29830657606321479e-06 -2.06347634895500047e-09  2.84451526893873745e-09  4.00000000000000000e+00 -2.50000000000000000e+00  1.65000000000000013e+00 -1.00000000000000006e-01  1.60000000000000009e+00 -8.00000000000000044e-01  2.30000000000000027e+00
 7.19279999999997160e-07  1.00001329987575649e-05 -9.14108958203985189e-04  7.72662772128895892e-04 -1.25609517472534383e-04 -1.31005344312578456e-06  5.29830657652669428e-06 -2.06347634989956297e-09  2.84451525397921288e-09  4.00000000000000000e+00 -2.50000000000000000e+00  1.65000000000000013e+00 -1.00000000000000006e-01  1.60000000000000009e+00 -8.00000000000000044e-01  2.30000000000000027e+00
 7.20279999999997130e-07  1.00001329986239387e-05 -9.14108958208063416e-04  7.72662772142070574e-04 -1.25609517473644633e-04 -1.31005344325831747e-06  5.29830657662727012e-06 -2.06347632211833938e-09  2.84451525898183000e-09  4.00000000000000000e+00 -2.50000000000000000e+00  1.65000000000000013e+00 -1.00000000000000006e-01  1.60000000000000009e+00 -8.00000000000000044e-01  2.30000000000000027e+00
 7.21279999999997099e-07  1.00001329985651123e-05 -9.14108958189774334e-04  7.72662772138147714e-04 -1.25609517474577236e-04 -1.31005344330185899e-06  5.29830657609451689e-06 -2.06347634033236099e-09  2.84451526143798111e-09  4.00000000000000000e+00 -2.50000000000000000e+00  1.65000000000000013e+00 -1.00000000000000006e-01  1.60000000000000009e+00 -8.00000000000000044e-01  2.30000000000000027e+00
 7.22279999999997068e-07  1.00001329990154644e-05 -9.14108958205261946e-04  7.72662772167827749e-04 -1.25609517474577209e-04 -1.31005344300192526e-06  5.29830657713758715e-06 -2.06347632572589489e-09  2.84451523446924368e-09  4.00000000000000000e+00 -2.50000000000000000e+00  1.65000000000000013e+00 -1.00000000000000006e-01  1.60000000000000009e+00 -8.00000000000000044e-01  2.30000000000000027e+00
 7.23279999999997037e-07  1.00001329988904170e-05 -9.14108958208340971e-04  7.72662772150878308e-04 -1.25609517474429189e-04 -1.31005344299663448e-06  5.29830657592524668e-06 -2.06347633382776089e-09  2.84451525864725943e-09  4.00000000000000000e+00 -2.50000000000000000e+00  1.65000000000000013e+00 -1.00000000000000006e-01  1.60000000000000009e+00 -8.00000000000000044e-01  2.30000000000000027e+00
 7.24279999999997007e-07  1.00001329986569679e-05 -9.14108958195795451e-04  7.72662772145031097e-04 -1.25609517474399590e-04 -1.31005344301918588e-06  5.29830657530471627e-06 -2.06347635602388705e-09  2.84451531286437013e-09  4.00000000000000000e+00 -2.50000000000000000e+00  1.65000000000000013e+00 -1.00000000000000006e-01  1.60000000000000009e+00 -8.00000000000000044e-01  2.30000000000000027e+00
 7.25279999999996976e-07  1.00001329983732864e-05 -9.14108958204954791e-04  7.72662772144364963e-04 -1.25609517473718630e-04 -1.31005344272246135e-06  5.29830657594251683e-06 -2.06347636090523039e-09  2.84451527937969155e-09  4.00000000000000000e+00 -2.50000000000000000e+00  1.65000000000000013e+00 -1.00000000000000006e-01  1.60000000000000009e+00 -8.00000000000000044e-01  2.30000000000000027e+00
 7.26279999999996945e-07  1.00001329988324325e-05 -9.14108958206816258e-04  7.72662772129487974e-04 -1.25609517472993271e-04 -1.31005344299724159e-06  5.29830657655302345e-06 -2.06347633811600126e-09  2.84451523278689025e-09  4.00000000000000000e+00 -2.50000000000000000e+00  1.65000000000000013e+00 -1.00000000000000006e-01  1.60000000000000009e+00 -8.00000000000000044e-01  2.30000000000000027e+00
 7.27279999999996914e-07  1.00001329993805729e-05 -9.14108958199433275e-04  7.72662772142810651e-04 -1.25609517474044324e-04 -1.31005344323602632e-06  5.29830657684569112e-06 -2.06347632061482902e-09  2.84451526251291679e-09  4.00000000000000000e+00 -2.50000000000000000e+00  1.65000000000000013e+00 -1.00000000000000006e-01  1.60000000000000009e+00 -8.00000000000000044e-01  2.30000000000000027e+00
 7.28279999999996884e-07  1.00001329993052988e-05 -9.14108958191162113e-04  7.72662772141108345e-04 -1.25609517474799254e-04 -1.31005344316290768e-06  5.29830657479944926e-06 -2.06347636398940143e-09  2.84451532306925351e-09  4.00000000000000000e+00 -2.50000000000000000e+00  1.65000000000000013e+00 -1.00000000000000006e-01  1.60000000000000009e+00 -8.00000000000000044e-01  2.30000000000000027e+00
 7.29279999999996853e-07  1.00001329989496788e-05 -9.14108958198545096e-04  7.72662772131042287e-04 -1.25609517473067322e-04 -1.31005344287771910e-06  5.29830657645981086e-06 -2.06347636790645773e-09  2.84451523423021785e-09  4.00000000000000000e+00 -2.50000000000000000e+00  1.65000000000000013e+00 -1.00000000000000006e-01  1.60000000000000009e+00 -8.00000000000000044e-01  2.30000000000000027e+00
 7.30279999999996822e-07  1.00001329986036506e-05 -9.14108958219635647e-04  7.72662772158575818e-04 -1.25609517473363364e-04 -1.31005344344506050e-06  5.29830657728245519e-06 -2.06347629598886726e-09  2.84451523152226344e-09  4.00000000000000000e+00 -2.50000000000000000e+00  1.65000000000000013e+00 -1.00000000000000006e-01  1.60000000000000009e+00 -8.00000000000000044e-01  2.30000000000000027e+00
 7.31279999999996791e-07  1.00001329986354804e-05 -9.14108958219665246e-04  7.72662772166273436e-04 -1.25609517475687405e-04 -1.31005344347966814e-06  5.29830657655283118e-06 -2.06347631197832764e-09  2.84451526566366388e-09  4.00000000000000000e+00 -2.50000000000000000e+00  1.65000000000000013e+00 -1.00000000000000006e-01  1.60000000000000009e+00 -8.00000000000000044e-01  2.30000000000000027e+00
 7.32279999999996761e-07  1.00001329990764508e-05 -9.14108958214754352e-04  7.72662772167161615e-04 -1.25609517475998300e-04 -1.31005344278317667e-06  5.29830657615076073e-06 -2.06347635754326480e-09  2.84451526126159560e-09  4.00000000000000000e+00 -2.50000000000000000e+00  1.65000000000000013e+00 -1.00000000000000006e-01  1.60000000000000009e+00 -8.00000000000000044e-01  2.30000000000000027e+00
 7.33279999999996730e-07  1.00001329993731817e-05 -9.14108958216697243e-04  7.72662772147325594e-04 -1.25609517474754829e-04 -1.31005344262705156e-06  5.29830657585431529e-06 -2.06347636056806412e-09  2.84451526778353960e-09  4.00000000000000000e+00 -2.50000000000000000e+00  1.65000000000000013e+00 -1.00000000000000006e-01  1.60000000000000009e+00 -8.00000000000000044e-01  2.30000000000000027e+00
 7.34279999999996699e-07  1.00001329995345957e-05 -9.14108958204262745e-04  7.72662772154431021e-04 -1.25609517474725257e-04 -1.31005344296948601e-06  5.29830657559950406e-06 -2.06347635742282565e-09  2.84451530945718672e-09  4.00000000000000000e+00 -2.50000000000000000e+00  1.65000000000000013e+00 -1.00000000000000006e-01  1.60000000000000009e+00 -8.00000000000000044e-01  2.30000000000000027e+00
 7.35279999999996668e-07  1.00001329993052175e-05 -9.14108958199433275e-04  7.72662772143772880e-04 -1.25609517473378163e-04 -1.31005344238757311e-06  5.29830657553670673e-06 -2.06347636201193559e-09  2.84451528317880968e-09  4.00000000000000000e+00 -2.50000000000000000e+00  1.65000000000000013e+00 -1.00000000000000006e-01  1.60000000000000009e+00 -8.00000000000000044e-01  2.30000000000000027e+00
 7.36279999999996638e-07  1.00001329986539237e-05 -9.14108958196572607e-04  7.72662772132448605e-04 -1.25609517471957072e-04 -1.31005344289749499e-06  5.29830657629975382e-06 -2.06347634506294942e-09  2.84451528168501290e-09  4.00000000000000000e+00 -2.50000000000000000e+00  1.65000000000000013e+00 -1.00000000000000006e-01  1.60000000000000009e+00 -8.00000000000000044e-01  2.30000000000000027e+00
 7.37279999999996607e-07  1.00001329985428810e-05 -9.14108958193408472e-04  7.72662772135705223e-04 -1.25609517472830451e-04 -1.31005344358028211e-06  5.29830657668274231e-06 -2.06347631244315228e-09  2.84451524769065499e-09  4.00000000000000000e+00 -2.50000000000000000e+00  1.65000000000000013e+00 -1.00000000000000006e-01  1.60000000000000009e+00 -8.00000000000000044e-01  2.30000000000000027e+00
 7.38279999999996576e-07  1.00001329988208044e-05 -9.14108958189940868e-04  7.72662772147325594e-04 -1.25609517473037696e-04 -1.31005344301831852e-06  5.29830657548046375e-06 -2.06347636662536589e-09  2.84451528186830372e-09  4.00000000000000000e+00 -2.50000000000000000e+00  1.65000000000000013e+00 -1.00000000000000006e-01  1.60000000000000009e+00 -8.00000000000000044e-01  2.30000000000000027e+00
 7.39279999999996545e-07  1.00001329992735808e-05 -9.14108958193271537e-04  7.72662772126897490e-04 -1.25609517472208743e-04 -1.31005344269392523e-06  5.29830657583901110e-06 -2.06347634943215009e-09  2.84451524557223303e-09  4.00000000000000000e+00 -2.50000000000000000e+00  1.65000000000000013e+00 -1.00000000000000006e-01  1.60000000000000009e+00 -8.00000000000000044e-01  2.30000000000000027e+00
 7.40279999999996515e-07  1.00001329991697227e-05 -9.14108958195269938e-04  7.72662772129265930e-04 -1.25609517471823851e-04 -1.31005344311260070e-06  5.29830657567725830e-06 -2.06347635201603816e-09  2.84451528577525352e-09  4.00000000000000000e+00 -2.50000000000000000e+00  1.65000000000000013e+00 -1.00000000000000006e-01  1.60000000000000009e+00 -8.00000000000000044e-01  2.30000000000000027e+00
 7.41279999999996484e-07  1.00001329987054961e-05 -9.14108958190107401e-04  7.72662772128895892e-04 -1.25609517472223542e-04 -1.31005344303020133e-06  5.29830657686057095e-06 -2.06347632592597292e-09  2.84451527097572223e-09  4.00000000000000000e+00 -2.50000000000000000e+00  1.65000000000000013e+00 -1.00000000000000006e-01  1.60000000000000009e+00 -8.00000000000000044e-01  2.30000000000000027e+00
 7.42279999999996453e-07  1.00001329985722663e-05 -9.14108958200517585e-04  7.72662772126305407e-04 -1.25609517472297539e-04 -1.31005344293418443e-06  5.29830657603337721e-06 -2.06347634276140622e-09  2.84451525755883408e-09  4.00000000000000000e+00 -2.50000000000000000e+00  1.65000000000000013e+00 -1.00000000000000006e-01  1.60000000000000009e+00 -8.00000000000000044e-01  2.30000000000000027e+00
 7.43279999999996422e-07  1.00001329987751510e-05 -9.14108958195184828e-04  7.72662772132744701e-04 -1.25609517472697230e-04 -1.31005344338425835e-06  5.29830657604517384e-06 -2.06347633716897169e-09  2.84451526358622831e-09  4.00000000000000000e+00 -2.50000000000000000e+00  1.65000000000000013e+00 -1.00000000000000006e-01  1.60000000000000009e+00 -8.00000000000000044e-01  2.30000000000000027e+00
 7.44279999999996392e-07  1.00001329992065246e-05 -9.14108958192938470e-04  7.72662772145771282e-04 -1.25609517472771227e-04 -1.31005344328026177e-06  5.29830657685216669e-06 -2.06347633943524515e-09  2.84451523185811035e-09  4.00000000000000000e+00 -2.50000000000000000e+00  1.65000000000000013e+00 -1.00000000000000006e-01  1.60000000000000009e+00 -8.00000000000000044e-01  2.30000000000000027e+00
 7.45279999999996361e-07  1.00001329991870682e-05 -9.14108958210091416e-04  7.72662772154356970e-04 -1.25609517472800825e-04 -1.31005344281509562e-06  5.29830657645044353e-06 -2.06347633472160978e-09  2.84451528456023936e-09  4.00000000000000000e+00 -2.50000000000000000e+00  1.65000000000000013e+00 -1.00000000000000006e-01  1.60000000000000009e+00 -8.00000000000000044e-01  2.30000000000000027e+00
 7.46279999999996330e-07  1.00001329991582776e-05 -9.14108958209173639e-04  7.72662772133706822e-04 -1.25609517474310740e-04 -1.31005344347810685e-06  5.29830657633514201e-06 -2.06347632924696122e-09  2.84451525440691075e-09  4.00000000000000000e+00 -2.50000000000000000e+00  1.65000000000000013e+00 -1.00000000000000006e-01  1.60000000000000009e+00 -8.00000000000000044e-01  2.30000000000000027e+00
 7.47279999999996299e-07  1.00001329987007087e-05 -9.14108958191217624e-04  7.72662772136667453e-04 -1.25609517475006499e-04 -1.31005344280217202e-06  5.29830657555833318e-06 -2.06347635203524364e-09  2.84451530113586226e-09  4.00000000000000000e+00 -2.50000000000000000e+00  1.65000000000000013e+00 -1.00000000000000006e-01  1.60000000000000009e+00 -8.00000000000000044e-01  2.30000000000000027e+00
 7.48279999999996269e-07  1.00001329988144110e-05 -9.14108958208729549e-04  7.72662772150878308e-04 -1.25609517473659432e-04 -1.31005344297642491e-06  5.29830657654130475e-06 -2.06347634340229749e-09  2.84451522077566238e-09  4.00000000000000000e+00 -2.50000000000000000e+00  1.65000000000000013e+00 -1.00000000000000006e-01  1.60000000000000009e+00 -8.00000000000000044e-01  2.30000000000000027e+00
 7.49279999999996238e-07  1.00001329990217257e-05 -9.14108958199903276e-04  7.72662772149916078e-04 -1.25609517473185744e-04 -1.31005344276687023e-06  5.29830657626239967e-06 -2.06347633494220065e-09  2.84451527688161189e-09  4.00000000000000000e+00 -2.50000000000000000e+00  1.65000000000000013e+00 -1.00000000000000006e-01  1.60000000000000009e+00 -8.00000000000000044e-01  2.30000000000000027e+00
 7.50279999999996207e-07  1.00001329994379119e-05 -9.14108958195184828e-04  7.72662772142810651e-04 -1.25609517473585408e-04 -1.31005344300253258e-06  5.29830657557568041e-06 -2.06347634924499469e-09  2.84451528273510173e-09  4.00000000000000000e+00 -2.50000000000000000e+00  1.65000000000000013e+00 -1.00000000000000006e-01  1.60000000000000009e+00 -8.00000000000000044e-01  2.30000000000000027e+00
 7.51279999999996176e-07  1.00001329993865123e-05 -9.14108958193575005e-04  7.72662772144364963e-04 -1.25609517472638005e-04 -1.31005344300973151e-06  5.29830657632457951e-06 -2.06347636507180531e-09  2.84451528061081258e-09  4.00000000000000000e+00 -2.50000000000000000e+00  1.65000000000000013e+00 -1.00000000000000006e-01  1.60000000000000009e+00 -8.00000000000000044e-01  2.30000000000000027e+00
 7.52279999999996146e-07  1.00001329996051501e-05 -9.14108958192716425e-04  7.72662772137259536e-04 -1.25609517471601806e-04 -1.31005344273269626e-06  5.29830657591160013e-06 -2.06347635921239616e-09  2.84451528555896565e-09  4.00000000000000000e+00 -2.50000000000000000e+00  1.65000000000000013e+00 -1.00000000000000006e-01  1.60000000000000009e+00 -8.00000000000000044e-01  2.30000000000000027e+00
 7.53279999999996115e-07  1.00001329999137293e-05 -9.14108958187831444e-04  7.72662772133706822e-04 -1.25609517471735028e-04 -1.31005344294363859e-06  5.29830657561237981e-06 -2.06347635108405624e-09  2.84451529356248236e-09  4.00000000000000000e+00 -2.50000000000000000e+00  1.65000000000000013e+00 -1.00000000000000006e-01  1.60000000000000009e+00 -8.00000000000000044e-01  2.30000000000000027e+00
 7.54279999999996084e-07  1.00001329993356954e-05 -9.14108958193438070e-04  7.72662772134669051e-04 -1.25609517472312338e-04 -1.31005344330081820e-06  5.29830657616656552e-06 -2.06347632616943865e-09  2.84451525284023605e-09  4.00000000000000000e+00 -2.50000000000000000e+00  1.65000000000000013e+00 -1.00000000000000006e-01  1.60000000000000009e+00 -8.00000000000000044e-01  2.30000000000000027e+00
 7.55279999999996053e-07  1.00001329987220437e-05 -9.14108958202734345e-04  7.72662772136001319e-04 -1.25609517472993298e-04 -1.31005344325519488e-06  5.29830657659596802e-06 -2.06347633065300407e-09  2.84451524464837196e-09  4.00000000000000000e+00 -2.50000000000000000e+00  1.65000000000000013e+00 -1.00000000000000006e-01  1.60000000000000009e+00 -8.00000000000000044e-01  2.30000000000000027e+00
 7.56279999999996023e-07  1.00001329986822688e-05 -9.14108958197764254e-04  7.72662772138147714e-04 -1.25609517473955474e-04 -1.31005344330636923e-06  5.29830657595959386e-06 -2.06347633157266182e-09  2.84451527505976562e-09  4.00000000000000000e+00 -2.50000000000000000e+00  1.65000000000000013e+00 -1.00000000000000006e-01  1.60000000000000009e+00 -8.00000000000000044e-01  2.30000000000000027e+00
 7.57279999999995992e-07  1.00001329990338179e-05 -9.14108958190244336e-04  7.72662772137259536e-04 -1.25609517473644660e-04 -1.31005344293158235e-06  5.29830657612084607e-06 -2.06347634910965843e-09  2.84451525557758556e-09  4.00000000000000000e+00 -2.50000000000000000e+00  1.65000000000000013e+00 -1.00000000000000006e-01  1.60000000000000009e+00 -8.00000000000000044e-01  2.30000000000000027e+00
 7.58279999999995961e-07  1.00001329989783898e-05 -9.14108958209144040e-04  7.72662772148509868e-04 -1.25609517473911103e-04 -1.31005344317080076e-06  5.29830657663995275e-06 -2.06347631841441940e-09  2.84451524685829788e-09  4.00000000000000000e+00 -2.50000000000000000e+00  1.65000000000000013e+00 -1.00000000000000006e-01  1.60000000000000009e+00 -8.00000000000000044e-01  2.30000000000000027e+00
 7.59279999999995930e-07  1.00001329988656040e-05 -9.14108958213422085e-04  7.72662772150212174e-04 -1.25609517474562410e-04 -1.31005344327765968e-06  5.29830657599105013e-06 -2.06347633813843605e-09  2.84451525193868776e-09  4.00000000000000000e+00 -2.50000000000000000e+00  1.65000000000000013e+00 -1.00000000000000006e-01  1.60000000000000009e+00 -8.00000000000000044e-01  2.30000000000000027e+00
 7.60279999999995900e-07  1.00001329986087514e-05 -9.14108958203233945e-04  7.72662772149916078e-04 -1.25609517474266341e-04 -1.31005344259478574e-06  5.29830657581908126e-06 -2.06347634379554329e-09  2.84451528966258426e-09  4.00000000000000000e+00 -2.50000000000000000e+00  1.65000000000000013e+00 -1.00000000000000006e-01  1.60000000000000009e+00 -8.00000000000000044e-01  2.30000000000000027e+00
 7.61279999999995869e-07  1.00001329984226735e-05 -9.14108958196824251e-04  7.72662772144142918e-04 -1.25609517473600208e-04 -1.31005344293305682e-06  5.29830657500738483e-06 -2.06347636560315801e-09  2.84451529217937434e-09  4.00000000000000000e+00 -2.50000000000000000e+00  1.65000000000000013e+00 -1.00000000000000006e-01  1.60000000000000009e+00 -8.00000000000000044e-01  2.30000000000000027e+00
 7.62279999999995838e-07  1.00001329988819805e-05 -9.14108958194685228e-04  7.72662772144661059e-04 -1.25609517472726829e-04 -1.31005344304928329e-06  5.29830657662915901e-06 -2.06347636141950264e-09  2.84451525104137795e-09  4.00000000000000000e+00 -2.50000000000000000e+00  1.65000000000000013e+00 -1.00000000000000006e-01  1.60000000000000009e+00 -8.00000000000000044e-01  2.30000000000000027e+00
 7.63279999999995807e-07  1.00001329989401683e-05 -9.14108958196102606e-04  7.72662772148879906e-04 -1.25609517472519610e-04 -1.31005344311372831e-06  5.29830657567667978e-06 -2.06347633499881910e-09  2.84451527717648896e-09  4.00000000000000000e+00 -2.50000000000000000e+00  1.65000000000000013e+00 -1.00000000000000006e-01  1.60000000000000009e+00 -8.00000000000000044e-01  2.30000000000000027e+00
 7.64279999999995777e-07  1.00001329990753835e-05 -9.14108958211368172e-04  7.72662772152728715e-04 -1.25609517473304166e-04 -1.31005344343300404e-06  5.29830657720231148e-06 -2.06347632972164006e-09  2.84451525974822276e-09  4.00000000000000000e+00 -2.50000000000000000e+00  1.65000000000000013e+00 -1.00000000000000006e-01  1.60000000000000009e+00 -8.00000000000000044e-01  2.30000000000000027e+00
 7.65279999999995746e-07  1.00001329992148390e-05 -9.14108958210257949e-04  7.72662772144439014e-04 -1.25609517474369991e-04 -1.31005344283426440e-06  5.29830657686681612e-06 -2.06347632010733138e-09  2.84451525722396532e-09  4.00000000000000000e+00 -2.50000000000000000e+00  1.65000000000000013e+00 -1.00000000000000006e-01  1.60000000000000009e+00 -8.00000000000000044e-01  2.30000000000000027e+00
 7.66279999999995715e-07  1.00001329992569857e-05 -9.14108958206342570e-04  7.72662772148213772e-04 -1.25609517475465388e-04 -1.31005344340229952e-06  5.29830657583322925e-06 -2.06347634989208940e-09  2.84451525347941009e-09  4.00000000000000000e+00 -2.50000000000000000e+00  1.65000000000000013e+00 -1.00000000000000006e-01  1.60000000000000009e+00 -8.00000000000000044e-01  2.30000000000000027e+00
 7.67279999999995684e-07  1.00001329993628479e-05 -9.14108958198045496e-04  7.72662772133706822e-04 -1.25609517474177545e-04 -1.31005344232174022e-06  5.29830657524199687e-06 -2.06347636142132450e-09  2.84451527825367705e-09  4.00000000000000000e+00 -2.50000000000000000e+00  1.65000000000000013e+00 -1.00000000000000006e-01  1.60000000000000009e+00 -8.00000000000000044e-01  2.30000000000000027e+00
 7.68279999999995654e-07  1.00001329991327683e-05 -9.14108958201735144e-04  7.72662772151766486e-04 -1.25609517472430787e-04 -1.31005344328529251e-06  5.29830657627045665e-06 -2.06347634097420724e-09  2.84451526376676875e-09  4.00000000000000000e+00 -2.50000000000000000e+00  1.65000000000000013e+00 -1.00000000000000006e-01  1.60000000000000009e+00 -8.00000000000000044e-01  2.30000000000000027e+00
 7.69279999999995623e-07  1.00001329987796030e-05 -9.14108958201931276e-04  7.72662772154431021e-04 -1.25609517472031096e-04 -1.31005344313775419e-06  5.29830657643899418e-06 -2.06347633129311530e-09  2.84451525279739471e-09  4.00000000000000000e+00 -2.50000000000000000e+00  1.65000000000000013e+00 -1.00000000000000006e-01  1.60000000000000009e+00 -8.00000000000000044e-01  2.30000000000000027e+00
 7.70279999999995592e-07  1.00001329987009425e-05 -9.14108958186106912e-04  7.72662772147917677e-04 -1.25609517472445587e-04 -1.31005344284311145e-06  5.29830657599744946e-06 -2.06347634877360472e-09  2.84451530047358796e-09  4.00000000000000000e+00 -2.50000000000000000e+00  1.65000000000000013e+00 -1.00000000000000006e-01  1.60000000000000009e+00 -8.00000000000000044e-01  2.30000000000000027e+00
 7.71279999999995561e-07  1.00001329987502855e-05 -9.14108958192494381e-04  7.72662772125713216e-04 -1.25609517472771227e-04 -1.31005344291761774e-06  5.29830657635919690e-06 -2.06347635519580646e-09  2.84451528559262363e-09  4.00000000000000000e+00 -2.50000000000000000e+00  1.65000000000000013e+00 -1.00000000000000006e-01  1.60000000000000009e+00 -8.00000000000000044e-01  2.30000000000000027e+00
 7.72279999999995531e-07  1.00001329989706513e-05 -9.14108958197627319e-04  7.72662772140886300e-04 -1.25609517473881450e-04 -1.31005344315700958e-06  5.29830657683162021e-06 -2.06347632505544267e-09  2.84451524914158520e-09  4.00000000000000000e+00 -2.50000000000000000e+00  1.65000000000000013e+00 -1.00000000000000006e-01  1.60000000000000009e+00 -8.00000000000000044e-01  2.30000000000000027e+00
 7.73279999999995500e-07  1.00001329989150893e-05 -9.14108958195462384e-04  7.72662772143994925e-04 -1.25609517474769628e-04 -1.31005344312066721e-06  5.29830657624628572e-06 -2.06347633569621135e-09  2.84451526666348370e-09  4.00000000000000000e+00 -2.50000000000000000e+00  1.65000000000000013e+00 -1.00000000000000006e-01  1.60000000000000009e+00 -8.00000000000000044e-01  2.30000000000000027e+00
 7.74279999999995469e-07  1.00001329986808661e-05 -9.14108958179501085e-04  7.72662772135705223e-04 -1.25609517473437388e-04 -1.31005344271977265e-06  5.29830657483688134e-06 -2.06347636709242887e-09  2.84451528768490916e-09  4.00000000000000000e+00 -2.50000000000000000e+00  1.65000000000000013e+00 -1.00000000000000006e-01  1.60000000000000009e+00 -8.00000000000000044e-01  2.30000000000000027e+00
 7.75279999999995438e-07  1.00001329985068855e-05 -9.14108958198293453e-04  7.72662772128155707e-04 -1.25609517472208743e-04 -1.31005344299125688e-06  5.29830657571812086e-06 -2.06347635638197891e-09  2.84451528376036687e-09  4.00000000000000000e+00 -2.50000000000000000e+00  1.65000000000000013e+00 -1.00000000000000006e-01  1.60000000000000009e+00 -8.00000000000000044e-01  2.30000000000000027e+00
 7.76279999999995408e-07  1.00001329986781657e-05 -9.14108958198101007e-04  7.72662772127267528e-04 -1.25609517471883075e-04 -1.31005344300591521e-06  5.29830657648486864e-06 -2.06347633647691517e-09  2.84451523282965549e-09  4.00000000000000000e+00 -2.50000000000000000e+00  1.65000000000000013e+00 -1.00000000000000006e-01  1.60000000000000009e+00 -8.00000000000000044e-01  2.30000000000000027e+00
 7.77279999999995377e-07  1.00001329989889404e-05 -9.14108958193797050e-04  7.72662772134002918e-04 -1.25609517472652832e-04 -1.31005344338356442e-06  5.29830657664430904e-06 -2.06347632905410075e-09  2.84451525946849178e-09  4.00000000000000000e+00 -2.50000000000000000e+00  1.65000000000000013e+00 -1.00000000000000006e-01  1.60000000000000009e+00 -8.00000000000000044e-01  2.30000000000000027e+00
 7.78279999999995346e-07  1.00001329987706550e-05 -9.14108958214695155e-04  7.72662772143476785e-04 -1.25609517473111720e-04 -1.31005344297850649e-06  5.29830657670637284e-06 -2.06347632818916638e-09  2.84451524095348934e-09  4.00000000000000000e+00 -2.50000000000000000e+00  1.65000000000000013e+00 -1.00000000000000006e-01  1.60000000000000009e+00 -8.00000000000000044e-01  2.30000000000000027e+00
 7.79279999999995315e-07  1.00001329988708725e-05 -9.14108958209173639e-04  7.72662772150508269e-04 -1.25609517474014698e-04 -1.31005344306081925e-06  5.29830657592956400e-06 -2.06347633121908098e-09  2.84451528764218983e-09  4.00000000000000000e+00 -2.50000000000000000e+00  1.65000000000000013e+00 -1.00000000000000006e-01  1.60000000000000009e+00 -8.00000000000000044e-01  2.30000000000000027e+00
 7.80279999999995285e-07  1.00001329994372733e-05 -9.14108958163987561e-04  7.72662772141108345e-04 -1.25609517474429161e-04 -1.31005344289671445e-06  5.29830657503487105e-06 -2.06347638166866648e-09  2.84451531936602009e-09  4.00000000000000000e+00 -2.50000000000000000e+00  1.65000000000000013e+00 -1.00000000000000006e-01  1.60000000000000009e+00 -8.00000000000000044e-01  2.30000000000000027e+00
 7.81279999999995254e-07  1.00001329996045538e-05 -9.14108958197601407e-04  7.72662772137925669e-04 -1.25609517472815652e-04 -1.31005344279870257e-06  5.29830657646856156e-06 -2.06347635834627023e-09  2.84451523763641899e-09  4.00000000000000000e+00 -2.50000000000000000e+00  1.65000000000000013e+00 -1.00000000000000006e-01  1.60000000000000009e+00 -8.00000000000000044e-01  2.30000000000000027e+00
 7.82279999999995223e-07  1.00001329996767786e-05 -9.14108958199596122e-04  7.72662772137333587e-04 -1.25609517473111720e-04 -1.31005344326447582e-06  5.29830657647916303e-06 -2.06347631755613266e-09  2.84451526111529919e-09  4.00000000000000000e+00 -2.50000000000000000e+00  1.65000000000000013e+00 -1.00000000000000006e-01  1.60000000000000009e+00 -8.00000000000000044e-01  2.30000000000000027e+00
 7.83279999999995192e-07  1.00001329993111958e-05 -9.14108958182443176e-04  7.72662772144661059e-04 -1.25609517473407789e-04 -1.31005344324270496e-06  5.29830657626490519e-06 -2.06347633167738123e-09  2.84451528413907497e-09  4.00000000000000000e+00 -2.50000000000000000e+00  1.65000000000000013e+00 -1.00000000000000006e-01  1.60000000000000009e+00 -8.00000000000000044e-01  2.30000000000000027e+00
 7.84279999999995162e-07  1.00001329992314070e-05 -9.14108958201653721e-04  7.72662772140516262e-04 -1.25609517473748255e-04 -1.31005344292299534e-06  5.29830657639319765e-06 -2.06347634147535337e-09  2.84451524920616444e-09  4.00000000000000000e+00 -2.50000000000000000e+00  1.65000000000000013e+00 -1.00000000000000006e-01  1.60000000000000009e+00 -8.00000000000000044e-01  2.30000000000000027e+00
 7.85279999999995131e-07  1.00001329989598940e-05 -9.14108958203374566e-04  7.72662772140442211e-04 -1.25609517472919274e-04 -1.31005344279974336e-06  5.29830657603218289e-06 -2.06347635461804438e-09  2.84451527187456936e-09  4.00000000000000000e+00 -2.50000000000000000e+00  1.65000000000000013e+00 -1.00000000000000006e-01  1.60000000000000009e+00 -8.00000000000000044e-01  2.30000000000000027e+00
 7.86279999999995100e-07  1.00001329988839355e-05 -9.14108958201679633e-04  7.72662772137259536e-04 -1.25609517471779426e-04 -1.31005344292091376e-06  5.29830657598889189e-06 -2.06347634293101216e-09  2.84451524532637800e-09  4.00000000000000000e+00 -2.50000000000000000e+00  1.65000000000000013e+00 -1.00000000000000006e-01  1.60000000000000009e+00 -8.00000000000000044e-01  2.30000000000000027e+00
 7.87279999999995069e-07  1.00001329988277535e-05 -9.14108958170981967e-04  7.72662772151766486e-04 -1.25609517472845278e-04 -1.31005344340958527e-06  5.29830657595334869e-06 -2.06347632865971841e-09  2.84451527909661463e-09  4.00000000000000000e+00 -2.50000000000000000e+00  1.65000000000000013e+00 -1.00000000000000006e-01  1.60000000000000009e+00 -8.00000000000000044e-01  2.30000000000000027e+00
 7.88279999999995039e-07  1.00001329990990666e-05 -9.14108958186776732e-04  7.72662772142070574e-04 -1.25609517472519610e-04 -1.31005344270442018e-06  5.29830657605677734e-06 -2.06347635935584169e-09  2.84451526780910486e-09  4.00000000000000000e+00 -2.50000000000000000e+00  1.65000000000000013e+00 -1.00000000000000006e-01  1.60000000000000009e+00 -8.00000000000000044e-01  2.30000000000000027e+00
 7.89279999999995008e-07  1.00001329990989260e-05 -9.14108958203596611e-04  7.72662772143772880e-04 -1.25609517472534410e-04 -1.31005344329318537e-06  5.29830657689152577e-06 -2.06347632722417334e-09  2.84451525370268226e-09  4.00000000000000000e+00 -2.50000000000000000e+00  1.65000000000000013e+00 -1.00000000000000006e-01  1.60000000000000009e+00 -8.00000000000000044e-01  2.30000000000000027e+00
 7.90279999999994977e-07  1.00001329990043937e-05 -9.14108958204096211e-04  7.72662772161240353e-04 -1.25609517473111720e-04 -1.31005344319153062e-06  5.29830657627512126e-06 -2.06347632109024156e-09  2.84451523625397602e-09  4.00000000000000000e+00 -2.50000000000000000e+00  1.65000000000000013e+00 -1.00000000000000006e-01  1.60000000000000009e+00 -8.00000000000000044e-01  2.30000000000000027e+00
 7.91279999999994946e-07  1.00001329992139158e-05 -9.14108958205650524e-04  7.72662772159463996e-04 -1.25609517475139720e-04 -1.31005344340412106e-06  5.29830657569587778e-06 -2.06347633571026970e-09  2.84451529451053681e-09  4.00000000000000000e+00 -2.50000000000000000e+00  1.65000000000000013e+00 -1.00000000000000006e-01  1.60000000000000009e+00 -8.00000000000000044e-01  2.30000000000000027e+00
 7.92279999999994916e-07  1.00001329992417679e-05 -9.14108958213144529e-04  7.72662772152358569e-04 -1.25609517474725257e-04 -1.31005344303306367e-06  5.29830657630434135e-06 -2.06347635959568519e-09  2.84451525618321659e-09  4.00000000000000000e+00 -2.50000000000000000e+00  1.65000000000000013e+00 -1.00000000000000006e-01  1.60000000000000009e+00 -8.00000000000000044e-01  2.30000000000000027e+00
 7.93279999999994885e-07  1.00001329990331776e-05 -9.14108958216364176e-04  7.72662772155689238e-04 -1.25609517473674232e-04 -1.31005344261941873e-06  5.29830657629470381e-06 -2.06347634740073844e-09  2.84451525113324421e-09  4.00000000000000000e+00 -2.50000000000000000e+00  1.65000000000000013e+00 -1.00000000000000006e-01  1.60000000000000009e+00 -8.00000000000000044e-01  2.30000000000000027e+00
 7.94279999999994854e-07  1.00001329988979572e-05 -9.14108958213477596e-04  7.72662772151766486e-04 -1.25609517474133120e-04 -1.31005344332631855e-06  5.29830657641698318e-06 -2.06347631828666383e-09  2.84451525540752301e-09  4.00000000000000000e+00 -2.50000000000000000e+00  1.65000000000000013e+00 -1.00000000000000006e-01  1.60000000000000009e+00 -8.00000000000000044e-01  2.30000000000000027e+00
 7.95279999999994823e-07  1.00001329990524256e-05 -9.14108958208037503e-04  7.72662772143698829e-04 -1.25609517474754856e-04 -1.31005344279098292e-06  5.29830657523004608e-06 -2.06347635571416870e-09  2.84451533043309284e-09  4.00000000000000000e+00 -2.50000000000000000e+00  1.65000000000000013e+00 -1.00000000000000006e-01  1.60000000000000009e+00 -8.00000000000000044e-01  2.30000000000000027e+00
 7.96279999999994793e-07  1.00001329989669142e-05 -9.14108958190551490e-04  7.72662772149471989e-04 -1.25609517473052523e-04 -1.31005344270181810e-06  5.29830657499682233e-06 -2.06347637763518741e-09  2.84451528663152939e-09  4.00000000000000000e+00 -2.50000000000000000e+00  1.65000000000000013e+00 -1.00000000000000006e-01  1.60000000000000009e+00 -8.00000000000000044e-01  2.30000000000000027e+00
 7.97279999999994762e-07  1.00001329991059987e-05 -9.14108958180529885e-04  7.72662772123048681e-04 -1.25609517470624832e-04 -1.31005344236007757e-06  5.29830657600924609e-06 -2.06347636708408841e-09  2.84451525691523711e-09  4.00000000000000000e+00 -2.50000000000000000e+00  1.65000000000000013e+00 -1.00000000000000006e-01  1.60000000000000009e+00 -8.00000000000000044e-01  2.30000000000000027e+00
 7.98279999999994731e-07  1.00001329990993478e-05 -9.14108958182946463e-04  7.72662772138961950e-04 -1.25609517470550781e-04 -1.31005344338347781e-06  5.29830657611255785e-06 -2.06347632293372068e-09  2.84451526910772590e-09  4.00000000000000000e+00 -2.50000000000000000e+00  1.65000000000000013e+00 -1.00000000000000006e-01  1.60000000000000009e+00 -8.00000000000000044e-01  2.30000000000000027e+00
 7.99279999999994700e-07  1.00001329990278972e-05 -9.14108958178949660e-04  7.72662772128969943e-04 -1.25609517471276139e-04 -1.31005344306333451e-06  5.29830657653189845e-06 -2.06347633421151066e-09  2.84451526019353462e-09  4.00000000000000000e+00 -2.50000000000000000e+00  1.65000000000000013e+00 -1.00000000000000006e-01  1.60000000000000009e+00 -8.00000000000000044e-01  2.30000000000000027e+00
 8.00279999999994670e-07  1.00001329988998089e-05 -9.14108958178949660e-04  7.72662772148213772e-04 -1.25609517472016297e-04 -1.31005344316056585e-06  5.29830657614628924e-06 -2.06347633976265482e-09  2.84451526895600277e-09  4.00000000000000000e+00 -2.50000000000000000e+00  1.65000000000000013e+00 -1.00000000000000006e-01  1.60000000000000009e+00 -8.00000000000000044e-01  2.30000000000000027e+00
 8.01279999999994639e-07  1.00001329991454586e-05 -9.14108958188882470e-04  7.72662772136593402e-04 -1.25609517472267940e-04 -1.31005344300764993e-06  5.29830657628132747e-06 -2.06347635289046485e-09  2.84451528047048015e-09  4.00000000000000000e+00 -2.50000000000000000e+00  1.65000000000000013e+00 -1.00000000000000006e-01  1.60000000000000009e+00 -8.00000000000000044e-01  2.30000000000000027e+00
 8.02279999999994608e-07  1.00001329995294593e-05 -9.14108958209395683e-04  7.72662772128895892e-04 -1.25609517472786053e-04 -1.31005344332102777e-06  5.29830657649944015e-06 -2.06347633332833902e-09  2.84451525064833191e-09  4.00000000000000000e+00 -2.50000000000000000e+00  1.65000000000000013e+00 -1.00000000000000006e-01  1.60000000000000009e+00 -8.00000000000000044e-01  2.30000000000000027e+00
 8.03279999999994577e-07  1.00001329991105896e-05 -9.14108958205928079e-04  7.72662772135705223e-04 -1.25609517472549209e-04 -1.31005344274692091e-06  5.29830657617570161e-06 -2.06347634025425653e-09  2.84451526419953889e-09  4.00000000000000000e+00 -2.50000000000000000e+00  1.65000000000000013e+00 -1.00000000000000006e-01  1.60000000000000009e+00 -8.00000000000000044e-01  2.30000000000000027e+00
 8.04279999999994547e-07  1.00001329985102415e-05 -9.14108958200543498e-04  7.72662772146363364e-04 -1.25609517473733429e-04 -1.31005344338668701e-06  5.29830657612508631e-06 -2.06347632008514929e-09  2.84451525434086741e-09  4.00000000000000000e+00 -2.50000000000000000e+00  1.65000000000000013e+00 -1.00000000000000006e-01  1.60000000000000009e+00 -8.00000000000000044e-01  2.30000000000000027e+00
 8.05279999999994516e-07  1.00001329984868244e-05 -9.14108958202649235e-04  7.72662772141108345e-04 -1.25609517474014698e-04 -1.31005344331218072e-06  5.29830657651836795e-06 -2.06347634663091122e-09  2.84451526441694429e-09  4.00000000000000000e+00 -2.50000000000000000e+00  1.65000000000000013e+00 -1.00000000000000006e-01  1.60000000000000009e+00 -8.00000000000000044e-01  2.30000000000000027e+00
 8.06279999999994485e-07  1.00001329987767333e-05 -9.14108958216001510e-04  7.72662772129858121e-04 -1.25609517474059096e-04 -1.31005344286626997e-06  5.29830657557502481e-06 -2.06347634909370335e-09  2.84451526318345628e-09  4.00000000000000000e+00 -2.50000000000000000e+00  1.65000000000000013e+00 -1.00000000000000006e-01  1.60000000000000009e+00 -8.00000000000000044e-01  2.30000000000000027e+00
 8.07279999999994454e-07  1.00001329990342415e-05 -9.14108958205620925e-04  7.72662772129784070e-04 -1.25609517473615034e-04 -1.31005344274509957e-06  5.29830657621243997e-06 -2.06347634688326913e-09  2.84451527566485734e-09  4.00000000000000000e+00 -2.50000000000000000e+00  1.65000000000000013e+00 -1.00000000000000006e-01  1.60000000000000009e+00 -8.00000000000000044e-01  2.30000000000000027e+00
 8.08279999999994424e-07  1.00001329995228168e-05 -9.14108958200317767e-04  7.72662772145327192e-04 -1.25609517472578808e-04 -1.31005344317366288e-06  5.29830657670795340e-06 -2.06347633310960517e-09  2.84451523159563933e-09  4.00000000000000000e+00 -2.50000000000000000e+00  1.65000000000000013e+00 -1.00000000000000006e-01  1.60000000000000009e+00 -8.00000000000000044e-01  2.30000000000000027e+00
 8.09279999999994393e-07  1.00001329993847793e-05 -9.14108958217111733e-04  7.72662772158871913e-04 -1.25609517473082122e-04 -1.31005344332631855e-06  5.29830657652935396e-06 -2.06347631873896661e-09  2.84451526458356286e-09  4.00000000000000000e+00 -2.50000000000000000e+00  1.65000000000000013e+00 -1.00000000000000006e-01  1.60000000000000009e+00 -8.00000000000000044e-01  2.30000000000000027e+00
 8.10279999999994362e-07  1.00001329992623220e-05 -9.14108958209395683e-04  7.72662772151544441e-04 -1.25609517473896276e-04 -1.31005344282324874e-06  5.29830657546523664e-06 -2.06347636139179333e-09  2.84451529728387488e-09  4.00000000000000000e+00 -2.50000000000000000e+00  1.65000000000000013e+00 -1.00000000000000006e-01  1.60000000000000009e+00 -8.00000000000000044e-01  2.30000000000000027e+00
 8.11279999999994331e-07  1.00001329991672104e-05 -9.14108958177558195e-04  7.72662772141404441e-04 -1.25609517474917676e-04 -1.31005344310861075e-06  5.29830657557961234e-06 -2.06347634712056823e-09  2.84451529632008249e-09  4.00000000000000000e+00 -2.50000000000000000e+00  1.65000000000000013e+00 -1.00000000000000006e-01  1.60000000000000009e+00 -8.00000000000000044e-01  2.30000000000000027e+00
 8.12279999999994301e-07  1.00001329990068840e-05 -9.14108958187801845e-04  7.72662772140812249e-04 -1.25609517472919274e-04 -1.31005344287763249e-06  5.29830657640661296e-06 -2.06347636043283043e-09  2.84451522485664437e-09  4.00000000000000000e+00 -2.50000000000000000e+00  1.65000000000000013e+00 -1.00000000000000006e-01  1.60000000000000009e+00 -8.00000000000000044e-01  2.30000000000000027e+00
 8.13279999999994270e-07  1.00001329990224897e-05 -9.14108958205428479e-04  7.72662772135705223e-04 -1.25609517472771254e-04 -1.31005344302412980e-06  5.29830657672356591e-06 -2.06347632655089629e-09  2.84451528349013027e-09  4.00000000000000000e+00 -2.50000000000000000e+00  1.65000000000000013e+00 -1.00000000000000006e-01  1.60000000000000009e+00 -8.00000000000000044e-01  2.30000000000000027e+00
 8.14279999999994239e-07  1.00001329990881297e-05 -9.14108958202264343e-04  7.72662772143772880e-04 -1.25609517473570609e-04 -1.31005344291917903e-06  5.29830657617277257e-06 -2.06347633337038833e-09  2.84451527313826021e-09  4.00000000000000000e+00 -2.50000000000000000e+00  1.65000000000000013e+00 -1.00000000000000006e-01  1.60000000000000009e+00 -8.00000000000000044e-01  2.30000000000000027e+00
 8.15279999999994208e-07  1.00001329987600332e-05 -9.14108958190440468e-04  7.72662772126897490e-04 -1.25609517474340392e-04 -1.31005344311693751e-06  5.29830657542098171e-06 -2.06347636717709867e-09  2.84451529799139802e-09  4.00000000000000000e+00 -2.50000000000000000e+00  1.65000000000000013e+00 -1.00000000000000006e-01  1.60000000000000009e+00 -8.00000000000000044e-01  2.30000000000000027e+00
 8.16279999999994178e-07  1.00001329989154671e-05 -9.14108958206039102e-04  7.72662772147917677e-04 -1.25609517473792654e-04 -1.31005344318728063e-06  5.29830657675024237e-06 -2.06347632712944006e-09  2.84451522895446114e-09  4.00000000000000000e+00 -2.50000000000000000e+00  1.65000000000000013e+00 -1.00000000000000006e-01  1.60000000000000009e+00 -8.00000000000000044e-01  2.30000000000000027e+00
 8.17279999999994147e-07  1.00001329992468450e-05 -9.14108958208648126e-04  7.72662772140812249e-04 -1.25609517473274540e-04 -1.31005344291952589e-06  5.29830657639292830e-06 -2.06347633965133864e-09  2.84451525075552873e-09  4.00000000000000000e+00 -2.50000000000000000e+00  1.65000000000000013e+00 -1.00000000000000006e-01  1.60000000000000009e+00 -8.00000000000000044e-01  2.30000000000000027e+00
 8.18279999999994116e-07  1.00001329992425946e-05 -9.14108958212700440e-04  7.72662772137259536e-04 -1.25609517472800852e-04 -1.31005344317591811e-06  5.29830657657942970e-06 -2.06347633369056265e-09  2.84451524234878918e-09  4.00000000000000000e+00 -2.50000000000000000e+00  1.65000000000000013e+00 -1.00000000000000006e-01  1.60000000000000009e+00 -8.00000000000000044e-01  2.30000000000000027e+00
 8.19279999999994085e-07  1.00001329989604446e-05 -9.14108958218529111e-04  7.72662772152432620e-04 -1.25609517473555810e-04 -1.31005344315718301e-06  5.29830657575936798e-06 -2.06347634076485733e-09  2.84451529145303738e-09  4.00000000000000000e+00 -2.50000000000000000e+00  1.65000000000000013e+00 -1.00000000000000006e-01  1.60000000000000009e+00 -8.00000000000000044e-01  2.30000000000000027e+00
 8.20279999999994055e-07  1.00001329986879676e-05 -9.14108958206871769e-04  7.72662772156207378e-04 -1.25609517475317367e-04 -1.31005344327497077e-06  5.29830657615064469e-06 -2.06347633655012934e-09  2.84451527996666595e-09  4.00000000000000000e+00 -2.50000000000000000e+00  1.65000000000000013e+00 -1.00000000000000006e-01  1.60000000000000009e+00 -8.00000000000000044e-01  2.30000000000000027e+00
 8.21279999999994024e-07  1.00001329986065965e-05 -9.14108958209477107e-04  7.72662772162424627e-04 -1.25609517474725230e-04 -1.31005344273798725e-06  5.29830657563269505e-06 -2.06347635623727938e-09  2.84451528329195848e-09  4.00000000000000000e+00 -2.50000000000000000e+00  1.65000000000000013e+00 -1.00000000000000006e-01  1.60000000000000009e+00 -8.00000000000000044e-01  2.30000000000000027e+00
 8.22279999999993993e-07  1.00001329985946568e-05 -9.14108958188553089e-04  7.72662772154356970e-04 -1.25609517473822279e-04 -1.31005344279089632e-06  5.29830657556195679e-06 -2.06347634648399526e-09  2.84451527206018621e-09  4.00000000000000000e+00 -2.50000000000000000e+00  1.65000000000000013e+00 -1.00000000000000006e-01  1.60000000000000009e+00 -8.00000000000000044e-01  2.30000000000000027e+00
 8.23279999999993962e-07  1.00001329986651926e-05 -9.14108958197490384e-04  7.72662772150804257e-04 -1.25609517473082095e-04 -1.31005344304685464e-06  5.29830657594101335e-06 -2.06347635938272547e-09  2.84451529023252990e-09  4.00000000000000000e+00 -2.50000000000000000e+00  1.65000000000000013e+00 -1.00000000000000006e-01  1.60000000000000009e+00 -8.00000000000000044e-01  2.30000000000000027e+00
 8.24279999999993932e-07  1.00001329989010184e-05 -9.14108958199096521e-04  7.72662772122382547e-04 -1.25609517472430787e-04 -1.31005344281691717e-06  5.29830657656458884e-06 -2.06347634850932217e-09  2.84451523263477587e-09  4.00000000000000000e+00 -2.50000000000000000e+00  1.65000000000000013e+00 -1.00000000000000006e-01  1.60000000000000009e+00 -8.00000000000000044e-01  2.30000000000000027e+00
 8.25279999999993901e-07  1.00001329988306893e-05 -9.14108958211364486e-04  7.72662772134669051e-04 -1.25609517471720228e-04 -1.31005344307825309e-06  5.29830657623129069e-06 -2.06347633894127067e-09  2.84451527644381166e-09  4.00000000000000000e+00 -2.50000000000000000e+00  1.65000000000000013e+00 -1.00000000000000006e-01  1.60000000000000009e+00 -8.00000000000000044e-01  2.30000000000000027e+00
 8.26279999999993870e-07  1.00001329988521700e-05 -9.14108958206923594e-04  7.72662772139554033e-04 -1.25609517472489985e-04 -1.31005344319517349e-06  5.29830657688111743e-06 -2.06347632130575106e-09  2.84451523986179126e-09  4.00000000000000000e+00 -2.50000000000000000e+00  1.65000000000000013e+00 -1.00000000000000006e-01  1.60000000000000009e+00 -8.00000000000000044e-01  2.30000000000000027e+00
 8.27279999999993839e-07  1.00001329991379234e-05 -9.14108958190440468e-04  7.72662772140886300e-04 -1.25609517474414362e-04 -1.31005344342138148e-06  5.29830657586217999e-06 -2.06347633266538023e-09  2.84451529282825658e-09  4.00000000000000000e+00 -2.50000000000000000e+00  1.65000000000000013e+00 -1.00000000000000006e-01  1.60000000000000009e+00 -8.00000000000000044e-01  2.30000000000000027e+00
 8.28279999999993809e-07  1.00001329990105211e-05 -9.14108958204096211e-04  7.72662772154356970e-04 -1.25609517474962074e-04 -1.31005344299394557e-06  5.29830657536061367e-06 -2.06347635565969969e-09  2.84451526847687081e-09  4.00000000000000000e+00 -2.50000000000000000e+00  1.65000000000000013e+00 -1.00000000000000006e-01  1.60000000000000009e+00 -8.00000000000000044e-01  2.30000000000000027e+00
 8.29279999999993778e-07  1.00001329987290894e-05 -9.14108958180666819e-04  7.72662772149620091e-04 -1.25609517473392989e-04 -1.31005344246988565e-06  5.29830657578797228e-06 -2.06347636028235553e-09  2.84451528656186382e-09  4.00000000000000000e+00 -2.50000000000000000e+00  1.65000000000000013e+00 -1.00000000000000006e-01  1.60000000000000009e+00 -8.00000000000000044e-01  2.30000000000000027e+00
 8.30279999999993747e-07  1.00001329991237118e-05 -9.14108958194770338e-04  7.72662772148139721e-04 -1.25609517471853450e-04 -1.31005344332866059e-06  5.29830657677587782e-06 -2.06347633931280091e-09  2.84451520873185186e-09  4.00000000000000000e+00 -2.50000000000000000e+00  1.65000000000000013e+00 -1.00000000000000006e-01  1.60000000000000009e+00 -8.00000000000000044e-01  2.30000000000000027e+00
 8.31279999999993716e-07  1.00001329997530980e-05 -9.14108958194936871e-04  7.72662772143772880e-04 -1.25609517471542609e-04 -1.31005344280937095e-06  5.29830657647361157e-06 -2.06347633942439254e-09  2.84451528690642715e-09  4.00000000000000000e+00 -2.50000000000000000e+00  1.65000000000000013e+00 -1.00000000000000006e-01  1.60000000000000009e+00 -8.00000000000000044e-01  2.30000000000000027e+00
 8.32279999999993686e-07  1.00001330001809750e-05 -9.14108958193408472e-04  7.72662772147547638e-04 -1.25609517472578808e-04 -1.31005344311277413e-06  5.29830657558439300e-06 -2.06347634033123230e-09  2.84451527526146493e-09  4.00000000000000000e+00 -2.50000000000000000e+00  1.65000000000000013e+00 -1.00000000000000006e-01  1.60000000000000009e+00 -8.00000000000000044e-01  2.30000000000000027e+00
 8.33279999999993655e-07  1.00001329994808142e-05 -9.14108958205372968e-04  7.72662772129562025e-04 -1.25609517472712029e-04 -1.31005344321755147e-06  5.29830657629566774e-06 -2.06347634931457464e-09  2.84451528358910243e-09  4.00000000000000000e+00 -2.50000000000000000e+00  1.65000000000000013e+00 -1.00000000000000006e-01  1.60000000000000009e+00 -8.00000000000000044e-01  2.30000000000000027e+00
 8.34279999999993624e-07  1.00001329987886256e-05 -9.14108958204148036e-04  7.72662772130820242e-04 -1.25609517472771281e-04 -1.31005344300938465e-06  5.29830657654215263e-06 -2.06347633578770869e-09  2.84451526615885720e-09  4.00000000000000000e+00 -2.50000000000000000e+00  1.65000000000000013e+00 -1.00000000000000006e-01  1.60000000000000009e+00 -8.00000000000000044e-01  2.30000000000000027e+00
 8.35279999999993593e-07  1.00001329986755128e-05 -9.14108958210087729e-04  7.72662772139257937e-04 -1.25609517473763055e-04 -1.31005344328000151e-06  5.29830657622496844e-06 -2.06347631971648688e-09  2.84451523629635289e-09  4.00000000000000000e+00 -2.50000000000000000e+00  1.65000000000000013e+00 -1.00000000000000006e-01  1.60000000000000009e+00 -8.00000000000000044e-01  2.30000000000000027e+00
 8.36279999999993563e-07  1.00001329988752364e-05 -9.14108958183501574e-04  7.72662772142514664e-04 -1.25609517473822279e-04 -1.31005344266070523e-06  5.29830657501339877e-06 -2.06347636345965676e-09  2.84451530342118362e-09  4.00000000000000000e+00 -2.50000000000000000e+00  1.65000000000000013e+00 -1.00000000000000006e-01  1.60000000000000009e+00 -8.00000000000000044e-01  2.30000000000000027e+00
 8.37279999999993532e-07  1.00001329987500568e-05 -9.14108958194407672e-04  7.72662772132152510e-04 -1.25609517472193943e-04 -1.31005344286548942e-06  5.29830657607686134e-06 -2.06347635473330869e-09  2.84451527424646634e-09  4.00000000000000000e+00 -2.50000000000000000e+00  1.65000000000000013e+00 -1.00000000000000006e-01  1.60000000000000009e+00 -8.00000000000000044e-01  2.30000000000000027e+00
 8.38279999999993501e-07  1.00001329984516302e-05 -9.14108958202985988e-04  7.72662772145327192e-04 -1.25609517472164344e-04 -1.31005344348417838e-06  5.29830657682687852e-06 -2.06347632312643391e-09  2.84451523170461665e-09  4.00000000000000000e+00 -2.50000000000000000e+00  1.65000000000000013e+00 -1.00000000000000006e-01  1.60000000000000009e+00 -8.00000000000000044e-01  2.30000000000000027e+00
 8.39279999999993470e-07  1.00001329984278811e-05 -9.14108958200595323e-04  7.72662772148213772e-04 -1.25609517472771254e-04 -1.31005344296801154e-06  5.29830657682094167e-06 -2.06347632566451064e-09  2.84451524614170056e-09  4.00000000000000000e+00 -2.50000000000000000e+00  1.65000000000000013e+00 -1.00000000000000006e-01  1.60000000000000009e+00 -8.00000000000000044e-01  2.30000000000000027e+00
 8.40279999999993440e-07  1.00001329989313812e-05 -9.14108958210146927e-04  7.72662772157983735e-04 -1.25609517474932475e-04 -1.31005344338581965e-06  5.29830657599228425e-06 -2.06347633636035342e-09  2.84451528755546490e-09  4.00000000000000000e+00 -2.50000000000000000e+00  1.65000000000000013e+00 -1.00000000000000006e-01  1.60000000000000009e+00 -8.00000000000000044e-01  2.30000000000000027e+00
 8.41279999999993409e-07  1.00001329990448700e-05 -9.14108958190355358e-04  7.72662772144957154e-04 -1.25609517474843652e-04 -1.31005344288118855e-06  5.29830657557618186e-06 -2.06347636947506927e-09  2.84451528941017920e-09  4.00000000000000000e+00 -2.50000000000000000e+00  1.65000000000000013e+00 -1.00000000000000006e-01  1.60000000000000009e+00 -8.00000000000000044e-01  2.30000000000000027e+00
 8.42279999999993378e-07  1.00001329990159201e-05 -9.14108958202538213e-04  7.72662772149176002e-04 -1.25609517474325566e-04 -1.31005344292889344e-06  5.29830657605207377e-06 -2.06347634317810259e-09  2.84451525458613390e-09  4.00000000000000000e+00 -2.50000000000000000e+00  1.65000000000000013e+00 -1.00000000000000006e-01  1.60000000000000009e+00 -8.00000000000000044e-01  2.30000000000000027e+00
 8.43279999999993347e-07  1.00001329989875225e-05 -9.14108958205483990e-04  7.72662772148213772e-04 -1.25609517473674204e-04 -1.31005344280833016e-06  5.29830657622554611e-06 -2.06347634868855980e-09  2.84451527807678696e-09  4.00000000000000000e+00 -2.50000000000000000e+00  1.65000000000000013e+00 -1.00000000000000006e-01  1.60000000000000009e+00 -8.00000000000000044e-01  2.30000000000000027e+00
 8.44279999999993317e-07  1.00001329987234024e-05 -9.14108958208814659e-04  7.72662772144957154e-04 -1.25609517473911075e-04 -1.31005344317617836e-06  5.29830657634747820e-06 -2.06347632477652109e-09  2.84451524931134748e-09  4.00000000000000000e+00 -2.50000000000000000e+00  1.65000000000000013e+00 -1.00000000000000006e-01  1.60000000000000009e+00 -8.00000000000000044e-01  2.30000000000000027e+00
 8.45279999999993286e-07  1.00001329988427121e-05 -9.14108958203263544e-04  7.72662772140812249e-04 -1.25609517474073923e-04 -1.31005344313636633e-06  5.29830657618919400e-06 -2.06347633740466316e-09  2.84451527163205158e-09  4.00000000000000000e+00 -2.50000000000000000e+00  1.65000000000000013e+00 -1.00000000000000006e-01  1.60000000000000009e+00 -8.00000000000000044e-01  2.30000000000000027e+00
 8.46279999999993255e-07  1.00001329990621563e-05 -9.14108958216001510e-04  7.72662772155689238e-04 -1.25609517473985099e-04 -1.31005344334886995e-06  5.29830657667271937e-06 -2.06347633532016016e-09  2.84451524010995992e-09  4.00000000000000000e+00 -2.50000000000000000e+00  1.65000000000000013e+00 -1.00000000000000006e-01  1.60000000000000009e+00 -8.00000000000000044e-01  2.30000000000000027e+00
 8.47279999999993224e-07  1.00001329993184905e-05 -9.14108958213644129e-04  7.72662772147029498e-04 -1.25609517473096921e-04 -1.31005344273963515e-06  5.29830657638379135e-06 -2.06347634752919173e-09  2.84451525816989598e-09  4.00000000000000000e+00 -2.50000000000000000e+00  1.65000000000000013e+00 -1.00000000000000006e-01  1.60000000000000009e+00 -8.00000000000000044e-01  2.30000000000000027e+00
 8.48279999999993194e-07  1.00001329993431764e-05 -9.14108958206816258e-04  7.72662772147029498e-04 -1.25609517473807453e-04 -1.31005344297382282e-06  5.29830657654677828e-06 -2.06347632326062742e-09  2.84451525295416032e-09  4.00000000000000000e+00 -2.50000000000000000e+00  1.65000000000000013e+00 -1.00000000000000006e-01  1.60000000000000009e+00 -8.00000000000000044e-01  2.30000000000000027e+00
 8.49279999999993163e-07  1.00001329989583592e-05 -9.14108958188830645e-04  7.72662772150804257e-04 -1.25609517475080496e-04 -1.31005344325675618e-06  5.29830657510842316e-06 -2.06347635524326843e-09  2.84451532318490205e-09  4.00000000000000000e+00 -2.50000000000000000e+00  1.65000000000000013e+00 -1.00000000000000006e-01  1.60000000000000009e+00 -8.00000000000000044e-01  2.30000000000000027e+00
 8.50279999999993132e-07  1.00001329985524661e-05 -9.14108958163906138e-04  7.72662772147251543e-04 -1.25609517474207144e-04 -1.31005344258533158e-06  5.29830657519951562e-06 -2.06347638059771864e-09  2.84451529576833937e-09  4.00000000000000000e+00 -2.50000000000000000e+00  1.65000000000000013e+00 -1.00000000000000006e-01  1.60000000000000009e+00 -8.00000000000000044e-01  2.30000000000000027e+00
 8.51279999999993101e-07  1.00001329987220149e-05 -9.14108958200458388e-04  7.72662772154801059e-04 -1.25609517472593607e-04 -1.31005344308415119e-06  5.29830657642191715e-06 -2.06347634568210569e-09  2.84451525734725204e-09  4.00000000000000000e+00 -2.50000000000000000e+00  1.65000000000000013e+00 -1.00000000000000006e-01  1.60000000000000009e+00 -8.00000000000000044e-01  2.30000000000000027e+00
 8.52279999999993071e-07  1.00001329991282011e-05 -9.14108958208204037e-04  7.72662772137259536e-04 -1.25609517471971899e-04 -1.31005344302785950e-06  5.29830657663690682e-06 -2.06347633866878993e-09  2.84451525607148807e-09  4.00000000000000000e+00 -2.50000000000000000e+00  1.65000000000000013e+00 -1.00000000000000006e-01  1.60000000000000009e+00 -8.00000000000000044e-01  2.30000000000000027e+00
 8.53279999999993040e-07  1.00001329996144658e-05 -9.14108958210283862e-04  7.72662772138517861e-04 -1.25609517473807453e-04 -1.31005344361480315e-06  5.29830657681797366e-06 -2.06347631506517544e-09  2.84451524671642772e-09  4.00000000000000000e+00 -2.50000000000000000e+00  1.65000000000000013e+00 -1.00000000000000006e-01  1.60000000000000009e+00 -8.00000000000000044e-01  2.30000000000000027e+00
 8.54279999999993009e-07  1.00001329993954349e-05 -9.14108958209088529e-04  7.72662772139554033e-04 -1.25609517475124921e-04 -1.31005344293140892e-06  5.29830657590069034e-06 -2.06347633564199835e-09  2.84451526068992156e-09  4.00000000000000000e+00 -2.50000000000000000e+00  1.65000000000000013e+00 -1.00000000000000006e-01  1.60000000000000009e+00 -8.00000000000000044e-01  2.30000000000000027e+00
 8.55279999999992978e-07  1.00001329991630379e-05 -9.14108958205731947e-04  7.72662772157909684e-04 -1.25609517475124921e-04 -1.31005344285525451e-06  5.29830657614185587e-06 -2.06347634433153151e-09  2.84451526072573352e-09  4.00000000000000000e+00 -2.50000000000000000e+00  1.65000000000000013e+00 -1.00000000000000006e-01  1.60000000000000009e+00 -8.00000000000000044e-01  2.30000000000000027e+00
 8.56279999999992948e-07  1.00001329990181834e-05 -9.14108958204040700e-04  7.72662772147991728e-04 -1.25609517473940701e-04 -1.31005344282645815e-06  5.29830657593338073e-06 -2.06347635427920018e-09  2.84451528467188061e-09  4.00000000000000000e+00 -2.50000000000000000e+00  1.65000000000000013e+00 -1.00000000000000006e-01  1.60000000000000009e+00 -8.00000000000000044e-01  2.30000000000000027e+00
 8.57279999999992917e-07  1.00001329991068864e-05 -9.14108958203985189e-04  7.72662772150212174e-04 -1.25609517472830478e-04 -1.31005344285620848e-06  5.29830657636255115e-06 -2.06347634442765775e-09  2.84451525480027814e-09  4.00000000000000000e+00 -2.50000000000000000e+00  1.65000000000000013e+00 -1.00000000000000006e-01  1.60000000000000009e+00 -8.00000000000000044e-01  2.30000000000000027e+00
 8.58279999999992886e-07  1.00001329991967989e-05 -9.14108958195018295e-04  7.72662772155319200e-04 -1.25609517473555810e-04 -1.31005344336951320e-06  5.29830657661736238e-06 -2.06347632127627779e-09  2.84451524723099817e-09  4.00000000000000000e+00 -2.50000000000000000e+00  1.65000000000000013e+00 -1.00000000000000006e-01  1.60000000000000009e+00 -8.00000000000000044e-01  2.30000000000000027e+00
 8.59279999999992855e-07  1.00001329993691396e-05 -9.14108958194048693e-04  7.72662772153320798e-04 -1.25609517473466986e-04 -1.31005344282758555e-06  5.29830657532036774e-06 -2.06347636590743722e-09  2.84451530651108909e-09  4.00000000000000000e+00 -2.50000000000000000e+00  1.65000000000000013e+00 -1.00000000000000006e-01  1.60000000000000009e+00 -8.00000000000000044e-01  2.30000000000000027e+00
 8.60279999999992825e-07  1.00001329993045432e-05 -9.14108958198737542e-04  7.72662772142810651e-04 -1.25609517472564008e-04 -1.31005344278048797e-06  5.29830657524284475e-06 -2.06347636012130057e-09  2.84451528394264729e-09  4.00000000000000000e+00 -2.50000000000000000e+00  1.65000000000000013e+00 -1.00000000000000006e-01  1.60000000000000009e+00 -8.00000000000000044e-01  2.30000000000000027e+00
 8.61279999999992794e-07  1.00001329994345628e-05 -9.14108958192131715e-04  7.72662772125343178e-04 -1.25609517471616633e-04 -1.31005344309898316e-06  5.29830657622789833e-06 -2.06347635763467033e-09  2.84451526454810246e-09  4.00000000000000000e+00 -2.50000000000000000e+00  1.65000000000000013e+00 -1.00000000000000006e-01  1.60000000000000009e+00 -8.00000000000000044e-01  2.30000000000000027e+00
 8.62279999999992763e-07  1.00001329994428180e-05 -9.14108958205509903e-04  7.72662772130450204e-04 -1.25609517472119919e-04 -1.31005344289784185e-06  5.29830657670224863e-06 -2.06347631042720931e-09  2.84451526062183178e-09  4.00000000000000000e+00 -2.50000000000000000e+00  1.65000000000000013e+00 -1.00000000000000006e-01  1.60000000000000009e+00 -8.00000000000000044e-01  2.30000000000000027e+00
 8.63279999999992732e-07  1.00001329988804135e-05 -9.14108958210979594e-04  7.72662772155023104e-04 -1.25609517473333765e-04 -1.31005344363397192e-06  5.29830657641821646e-06 -2.06347633462764000e-09  2.84451524842415119e-09  4.00000000000000000e+00 -2.50000000000000000e+00  1.65000000000000013e+00 -1.00000000000000006e-01  1.60000000000000009e+00 -8.00000000000000044e-01  2.30000000000000027e+00
 8.64279999999992702e-07  1.00001329984747677e-05 -9.14108958192605403e-04  7.72662772155023104e-04 -1.25609517473896276e-04 -1.31005344284718801e-06  5.29830657595812934e-06 -2.06347633898042320e-09  2.84451528525286953e-09  4.00000000000000000e+00 -2.50000000000000000e+00  1.65000000000000013e+00 -1.00000000000000006e-01  1.60000000000000009e+00 -8.00000000000000044e-01  2.30000000000000027e+00
 8.65279999999992671e-07  1.00001329985842433e-05 -9.14108958200402877e-04  7.72662772133114739e-04 -1.25609517473052523e-04 -1.31005344282498346e-06  5.29830657587424598e-06 -2.06347636042457228e-09  2.84451525552266821e-09  4.00000000000000000e+00 -2.50000000000000000e+00  1.65000000000000013e+00 -1.00000000000000006e-01  1.60000000000000009e+00 -8.00000000000000044e-01  2.30000000000000027e+00
 8.66279999999992640e-07  1.00001329987637432e-05 -9.14108958180973974e-04  7.72662772147917677e-04 -1.25609517472489985e-04 -1.31005344288292327e-06  5.29830657607508765e-06 -2.06347635095652030e-09  2.84451528718734596e-09  4.00000000000000000e+00 -2.50000000000000000e+00  1.65000000000000013e+00 -1.00000000000000006e-01  1.60000000000000009e+00 -8.00000000000000044e-01  2.30000000000000027e+00
 8.67279999999992609e-07  1.00001329992525066e-05 -9.14108958194936871e-04  7.72662772142070574e-04 -1.25609517472371590e-04 -1.31005344356909322e-06  5.29830657687028557e-06 -2.06347633275276896e-09  2.84451523426698355e-09  4.00000000000000000e+00 -2.50000000000000000e+00  1.65000000000000013e+00 -1.00000000000000006e-01  1.60000000000000009e+00 -8.00000000000000044e-01  2.30000000000000027e+00
 8.68279999999992579e-07  1.00001329997833845e-05 -9.14108958200206745e-04  7.72662772142662657e-04 -1.25609517473822279e-04 -1.31005344299585372e-06  5.29830657626825945e-06 -2.06347632671964403e-09  2.84451526433094480e-09  4.00000000000000000e+00 -2.50000000000000000e+00  1.65000000000000013e+00 -1.00000000000000006e-01  1.60000000000000009e+00 -8.00000000000000044e-01  2.30000000000000027e+00
 8.69279999999992548e-07  1.00001329998927364e-05 -9.14108958207648925e-04  7.72662772141108345e-04 -1.25609517474088722e-04 -1.31005344294285805e-06  5.29830657585177165e-06 -2.06347635231345095e-09  2.84451527122873610e-09  4.00000000000000000e+00 -2.50000000000000000e+00  1.65000000000000013e+00 -1.00000000000000006e-01  1.60000000000000009e+00 -8.00000000000000044e-01  2.30000000000000027e+00
 8.70279999999992517e-07  1.00001329995241636e-05 -9.14108958211201639e-04  7.72662772136667453e-04 -1.25609517473911075e-04 -1.31005344293253632e-06  5.29830657664600480e-06 -2.06347632707351810e-09  2.84451525103374059e-09  4.00000000000000000e+00 -2.50000000000000000e+00  1.65000000000000013e+00 -1.00000000000000006e-01  1.60000000000000009e+00 -8.00000000000000044e-01  2.30000000000000027e+00
 8.71279999999992486e-07  1.00001329990251511e-05 -9.14108958217030310e-04  7.72662772137259536e-04 -1.25609517473452187e-04 -1.31005344324018970e-06  5.29830657656798121e-06 -2.06347633650281791e-09  2.84451526892374397e-09  4.00000000000000000e+00 -2.50000000000000000e+00  1.65000000000000013e+00 -1.00000000000000006e-01  1.60000000000000009e+00 -8.00000000000000044e-01  2.30000000000000027e+00
 8.72279999999992456e-07  1.00001329989366988e-05 -9.14108958208037503e-04  7.72662772169530054e-04 -1.25609517474207117e-04 -1.31005344307912045e-06  5.29830657627034061e-06 -2.06347633107422346e-09  2.84451523961514709e-09  4.00000000000000000e+00 -2.50000000000000000e+00  1.65000000000000013e+00 -1.00000000000000006e-01  1.60000000000000009e+00 -8.00000000000000044e-01  2.30000000000000027e+00
 8.73279999999992425e-07  1.00001329992435856e-05 -9.14108958204954791e-04  7.72662772150804257e-04 -1.25609517475080496e-04 -1.31005344292611793e-06  5.29830657534500116e-06 -2.06347635299957080e-09  2.84451532454506615e-09  4.00000000000000000e+00 -2.50000000000000000e+00  1.65000000000000013e+00 -1.00000000000000006e-01  1.60000000000000009e+00 -8.00000000000000044e-01  2.30000000000000027e+00
 8.74279999999992394e-07  1.00001329992458167e-05 -9.14108958180085795e-04  7.72662772140146115e-04 -1.25609517473585408e-04 -1.31005344305986506e-06  5.29830657570609300e-06 -2.06347637182339037e-09  2.84451526179380195e-09  4.00000000000000000e+00 -2.50000000000000000e+00  1.65000000000000013e+00 -1.00000000000000006e-01  1.60000000000000009e+00 -8.00000000000000044e-01  2.30000000000000027e+00
 8.75279999999992363e-07  1.00001329990117392e-05 -9.14108958208285460e-04  7.72662772151766486e-04 -1.25609517472075494e-04 -1.31005344278838084e-06  5.29830657571503682e-06 -2.06347634026634619e-09  2.84451526191238739e-09  4.00000000000000000e+00 -2.50000000000000000e+00  1.65000000000000013e+00 -1.00000000000000006e-01  1.60000000000000009e+00 -8.00000000000000044e-01  2.30000000000000027e+00
 8.76279999999992333e-07  1.00001329986222328e-05 -9.14108958194992383e-04  7.72662772143698829e-04 -1.25609517472504784e-04 -1.31005344306931943e-06  5.29830657624674820e-06 -2.06347633534674864e-09  2.84451528018493533e-09  4.00000000000000000e+00 -2.50000000000000000e+00  1.65000000000000013e+00 -1.00000000000000006e-01  1.60000000000000009e+00 -8.00000000000000044e-01  2.30000000000000027e+00
 8.77279999999992302e-07  1.00001329982188977e-05 -9.14108958202264343e-04  7.72662772144364963e-04 -1.25609517472193943e-04 -1.31005344294441934e-06  5.29830657661558954e-06 -2.06347634472670381e-09  2.84451525842070003e-09  4.00000000000000000e+00 -2.50000000000000000e+00  1.65000000000000013e+00 -1.00000000000000006e-01  1.60000000000000009e+00 -8.00000000000000044e-01  2.30000000000000027e+00
 8.78279999999992271e-07  1.00001329985318137e-05 -9.14108958201875765e-04  7.72662772155985333e-04 -1.25609517472519610e-04 -1.31005344326820531e-06  5.29830657681727994e-06 -2.06347632094802440e-09  2.84451525022828505e-09  4.00000000000000000e+00 -2.50000000000000000e+00  1.65000000000000013e+00 -1.00000000000000006e-01  1.60000000000000009e+00 -8.00000000000000044e-01  2.30000000000000027e+00
 8.79279999999992240e-07  1.00001329992156353e-05 -9.14108958202097810e-04  7.72662772153468792e-04 -1.25609517474103494e-04 -1.31005344301901245e-06  5.29830657602227515e-06 -2.06347634118672606e-09  2.84451526718249983e-09  4.00000000000000000e+00 -2.50000000000000000e+00  1.65000000000000013e+00 -1.00000000000000006e-01  1.60000000000000009e+00 -8.00000000000000044e-01  2.30000000000000027e+00
 8.80279999999992210e-07  1.00001329993749943e-05 -9.14108958203818656e-04  7.72662772136371357e-04 -1.25609517473259741e-04 -1.31005344284389199e-06  5.29830657559672834e-06 -2.06347636984233871e-09  2.84451528054738685e-09  4.00000000000000000e+00 -2.50000000000000000e+00  1.65000000000000013e+00 -1.00000000000000006e-01  1.60000000000000009e+00 -8.00000000000000044e-01  2.30000000000000027e+00
 8.81279999999992179e-07  1.00001329995492290e-05 -9.14108958204540301e-04  7.72662772139850128e-04 -1.25609517472549209e-04 -1.31005344316212714e-06  5.29830657673478402e-06 -2.06347632692162210e-09  2.84451524412688835e-09  4.00000000000000000e+00 -2.50000000000000000e+00  1.65000000000000013e+00 -1.00000000000000006e-01  1.60000000000000009e+00 -8.00000000000000044e-01  2.30000000000000027e+00
 8.82279999999992148e-07  1.00001329993416805e-05 -9.14108958217196843e-04  7.72662772153320798e-04 -1.25609517473659432e-04 -1.31005344330515500e-06  5.29830657618672744e-06 -2.06347633550314491e-09  2.84451528733210380e-09  4.00000000000000000e+00 -2.50000000000000000e+00  1.65000000000000013e+00 -1.00000000000000006e-01  1.60000000000000009e+00 -8.00000000000000044e-01  2.30000000000000027e+00
 8.83279999999992117e-07  1.00001329989472359e-05 -9.14108958218140533e-04  7.72662772162720723e-04 -1.25609517474888077e-04 -1.31005344326907267e-06  5.29830657682606876e-06 -2.06347632649849316e-09  2.84451524507267136e-09  4.00000000000000000e+00 -2.50000000000000000e+00  1.65000000000000013e+00 -1.00000000000000006e-01  1.60000000000000009e+00 -8.00000000000000044e-01  2.30000000000000027e+00
 8.84279999999992087e-07  1.00001329990768557e-05 -9.14108958210283862e-04  7.72662772155319200e-04 -1.25609517474976900e-04 -1.31005344284389199e-06  5.29830657590743696e-06 -2.06347634822566126e-09  2.84451526814114426e-09  4.00000000000000000e+00 -2.50000000000000000e+00  1.65000000000000013e+00 -1.00000000000000006e-01  1.60000000000000009e+00 -8.00000000000000044e-01  2.30000000000000027e+00
 8.85279999999992056e-07  1.00001329995256578e-05 -9.14108958208507505e-04  7.72662772137259536e-04 -1.25609517473008098e-04 -1.31005344233752617e-06  5.29830657543994762e-06 -2.06347637669844052e-09  2.84451528291824159e-09  4.00000000000000000e+00 -2.50000000000000000e+00  1.65000000000000013e+00 -1.00000000000000006e-01  1.60000000000000009e+00 -8.00000000000000044e-01  2.30000000000000027e+00
 8.86279999999992025e-07  1.00001329990743383e-05 -9.14108958203122923e-04  7.72662772133706822e-04 -1.25609517471809051e-04 -1.31005344295144485e-06  5.29830657573770342e-06 -2.06347634163164170e-09  2.84451529588909906e-09  4.00000000000000000e+00 -2.50000000000000000e+00  1.65000000000000013e+00 -1.00000000000000006e-01  1.60000000000000009e+00 -8.00000000000000044e-01  2.30000000000000027e+00
 8.87279999999991994e-07  1.00001329987718459e-05 -9.14108958195158916e-04  7.72662772132818644e-04 -1.25609517473096921e-04 -1.31005344323090876e-06  5.29830657579387017e-06 -2.06347633742893801e-09  2.84451528640415481e-09  4.00000000000000000e+00 -2.50000000000000000e+00  1.65000000000000013e+00 -1.00000000000000006e-01  1.60000000000000009e+00 -8.00000000000000044e-01  2.30000000000000027e+00
 8.88279999999991964e-07  1.00001329985647938e-05 -9.14108958178450060e-04  7.72662772139554033e-04 -1.25609517473392962e-04 -1.31005344315267277e-06  5.29830657593997234e-06 -2.06347635435930600e-09  2.84451528206564254e-09  4.00000000000000000e+00 -2.50000000000000000e+00  1.65000000000000013e+00 -1.00000000000000006e-01  1.60000000000000009e+00 -8.00000000000000044e-01  2.30000000000000027e+00
 8.89279999999991933e-07  1.00001329986280485e-05 -9.14108958192601717e-04  7.72662772141108345e-04 -1.25609517473570609e-04 -1.31005344305362010e-06  5.29830657619004273e-06 -2.06347634485497512e-09  2.84451525923513793e-09  4.00000000000000000e+00 -2.50000000000000000e+00  1.65000000000000013e+00 -1.00000000000000006e-01  1.60000000000000009e+00 -8.00000000000000044e-01  2.30000000000000027e+00
 8.90279999999991902e-07  1.00001329988561850e-05 -9.14108958197819765e-04  7.72662772137555631e-04 -1.25609517473570609e-04 -1.31005344335901825e-06  5.29830657655001648e-06 -2.06347634090497346e-09  2.84451524223027364e-09  4.00000000000000000e+00 -2.50000000000000000e+00  1.65000000000000013e+00 -1.00000000000000006e-01  1.60000000000000009e+00 -8.00000000000000044e-01  2.30000000000000027e+00
 8.91279999999991871e-07  1.00001329989879054e-05 -9.14108958191384158e-04  7.72662772141108345e-04 -1.25609517473955474e-04 -1.31005344299568029e-06  5.29830657627558374e-06 -2.06347633220797541e-09  2.84451526686796730e-09  4.00000000000000000e+00 -2.50000000000000000e+00  1.65000000000000013e+00 -1.00000000000000006e-01  1.60000000000000009e+00 -8.00000000000000044e-01  2.30000000000000027e+00
 8.92279999999991841e-07  1.00001329991770072e-05 -9.14108958201427990e-04  7.72662772129784070e-04 -1.25609517474266341e-04 -1.31005344295664902e-06  5.29830657621764414e-06 -2.06347634405910164e-09  2.84451527001832147e-09  4.00000000000000000e+00 -2.50000000000000000e+00  1.65000000000000013e+00 -1.00000000000000006e-01  1.60000000000000009e+00 -8.00000000000000044e-01  2.30000000000000027e+00
 8.93279999999991810e-07  1.00001329992600401e-05 -9.14108958221134449e-04  7.72662772144439014e-04 -1.25609517473940674e-04 -1.31005344340065162e-06  5.29830657655996235e-06 -2.06347632856674082e-09  2.84451522436538387e-09  4.00000000000000000e+00 -2.50000000000000000e+00  1.65000000000000013e+00 -1.00000000000000006e-01  1.60000000000000009e+00 -8.00000000000000044e-01  2.30000000000000027e+00
 8.94279999999991779e-07  1.00001329996394414e-05 -9.14108958215361289e-04  7.72662772136001319e-04 -1.25609517473600208e-04 -1.31005344257049961e-06  5.29830657704252379e-06 -2.06347633139877687e-09  2.84451524483011306e-09  4.00000000000000000e+00 -2.50000000000000000e+00  1.65000000000000013e+00 -1.00000000000000006e-01  1.60000000000000009e+00 -8.00000000000000044e-01  2.30000000000000027e+00
 8.95279999999991748e-07  1.00001329996023397e-05 -9.14108958219580136e-04  7.72662772143698829e-04 -1.25609517474355165e-04 -1.31005344335320676e-06  5.29830657610060791e-06 -2.06347633238046324e-09  2.84451526839313449e-09  4.00000000000000000e+00 -2.50000000000000000e+00  1.65000000000000013e+00 -1.00000000000000006e-01  1.60000000000000009e+00 -8.00000000000000044e-01  2.30000000000000027e+00
 8.96279999999991718e-07  1.00001329991045299e-05 -9.14108958189052689e-04  7.72662772137555631e-04 -1.25609517474443988e-04 -1.31005344254395826e-06  5.29830657527206569e-06 -2.06347636103423251e-09  2.84451531938168772e-09  4.00000000000000000e+00 -2.50000000000000000e+00  1.65000000000000013e+00 -1.00000000000000006e-01  1.60000000000000009e+00 -8.00000000000000044e-01  2.30000000000000027e+00
 8.97279999999991687e-07  1.00001329987626878e-05 -9.14108958180944375e-04  7.72662772150804257e-04 -1.25609517473940701e-04 -1.31005344334609444e-06  5.29830657579845770e-06 -2.06347634979141862e-09  2.84451526739446941e-09  4.00000000000000000e+00 -2.50000000000000000e+00  1.65000000000000013e+00 -1.00000000000000006e-01  1.60000000000000009e+00 -8.00000000000000044e-01  2.30000000000000027e+00
 8.98279999999991656e-07  1.00001329986469797e-05 -9.14108958203814969e-04  7.72662772143698829e-04 -1.25609517472312365e-04 -1.31005344272515025e-06  5.29830657596479803e-06 -2.06347636135379927e-09  2.84451525750209115e-09  4.00000000000000000e+00 -2.50000000000000000e+00  1.65000000000000013e+00 -1.00000000000000006e-01  1.60000000000000009e+00 -8.00000000000000044e-01  2.30000000000000027e+00
 8.99279999999991625e-07  1.00001329988850485e-05 -9.14108958200262256e-04  7.72662772150878308e-04 -1.25609517471187316e-04 -1.31005344294016914e-06  5.29830657670772216e-06 -2.06347633118407884e-09  2.84451525153791999e-09  4.00000000000000000e+00 -2.50000000000000000e+00  1.65000000000000013e+00 -1.00000000000000006e-01  1.60000000000000009e+00 -8.00000000000000044e-01  2.30000000000000027e+00
 9.00279999999991595e-07  1.00001329987045017e-05 -9.14108958203789057e-04  7.72662772148583810e-04 -1.25609517472519610e-04 -1.31005344340334031e-06  5.29830657669230277e-06 -2.06347631854556764e-09  2.84451526522189649e-09  4.00000000000000000e+00 -2.50000000000000000e+00  1.65000000000000013e+00 -1.00000000000000006e-01  1.60000000000000009e+00 -8.00000000000000044e-01  2.30000000000000027e+00
 9.01279999999991564e-07  1.00001329987274749e-05 -9.14108958207426880e-04  7.72662772157021505e-04 -1.25609517474177518e-04 -1.31005344311025886e-06  5.29830657611005233e-06 -2.06347634062124513e-09  2.84451527893761066e-09  4.00000000000000000e+00 -2.50000000000000000e+00  1.65000000000000013e+00 -1.00000000000000006e-01  1.60000000000000009e+00 -8.00000000000000044e-01  2.30000000000000027e+00
 9.02279999999991533e-07  1.00001329990393389e-05 -9.14108958212474709e-04  7.72662772158575818e-04 -1.25609517474443961e-04 -1.31005344316464240e-06  5.29830657601113497e-06 -2.06347634753353567e-09  2.84451524517890038e-09  4.00000000000000000e+00 -2.50000000000000000e+00  1.65000000000000013e+00 -1.00000000000000006e-01  1.60000000000000009e+00 -8.00000000000000044e-01  2.30000000000000027e+00
 9.03279999999991502e-07  1.00001329992829727e-05 -9.14108958199237142e-04  7.72662772157021505e-04 -1.25609517473881477e-04 -1.31005344289315818e-06  5.29830657586607296e-06 -2.06347634740118181e-09  2.84451527475118837e-09  4.00000000000000000e+00 -2.50000000000000000e+00  1.65000000000000013e+00 -1.00000000000000006e-01  1.60000000000000009e+00 -8.00000000000000044e-01  2.30000000000000027e+00
 9.04279999999991472e-07  1.00001329990318799e-05 -9.14108958194796250e-04  7.72662772151470390e-04 -1.25609517473452187e-04 -1.31005344297989435e-06  5.29830657608164115e-06 -2.06347634753183581e-09  2.84451527761011606e-09  4.00000000000000000e+00 -2.50000000000000000e+00  1.65000000000000013e+00 -1.00000000000000006e-01  1.60000000000000009e+00 -8.00000000000000044e-01  2.30000000000000027e+00
 9.05279999999991441e-07  1.00001329989545983e-05 -9.14108958185026288e-04  7.72662772150360167e-04 -1.25609517472090321e-04 -1.31005344250475355e-06  5.29830657478306595e-06 -2.06347636591414690e-09  2.84451530583240476e-09  4.00000000000000000e+00 -2.50000000000000000e+00  1.65000000000000013e+00 -1.00000000000000006e-01  1.60000000000000009e+00 -8.00000000000000044e-01  2.30000000000000027e+00
 9.06279999999991410e-07  1.00001329988378128e-05 -9.14108958173561392e-04  7.72662772144068976e-04 -1.25609517471276139e-04 -1.31005344311086598e-06  5.29830657619096769e-06 -2.06347635159857582e-09  2.84451526250279955e-09  4.00000000000000000e+00 -2.50000000000000000e+00  1.65000000000000013e+00 -1.00000000000000006e-01  1.60000000000000009e+00 -8.00000000000000044e-01  2.30000000000000027e+00
 9.07279999999991379e-07  1.00001329989538089e-05 -9.14108958171785035e-04  7.72662772137555631e-04 -1.25609517471631405e-04 -1.31005344309282481e-06  5.29830657658085611e-06 -2.06347633606624274e-09  2.84451528042355213e-09  4.00000000000000000e+00 -2.50000000000000000e+00  1.65000000000000013e+00 -1.00000000000000006e-01  1.60000000000000009e+00 -8.00000000000000044e-01  2.30000000000000027e+00
 9.08279999999991349e-07  1.00001329991408439e-05 -9.14108958185414866e-04  7.72662772136593402e-04 -1.25609517471379762e-04 -1.31005344257847930e-06  5.29830657576989236e-06 -2.06347636279477560e-09  2.84451527565859558e-09  4.00000000000000000e+00 -2.50000000000000000e+00  1.65000000000000013e+00 -1.00000000000000006e-01  1.60000000000000009e+00 -8.00000000000000044e-01  2.30000000000000027e+00
 9.09279999999991318e-07  1.00001329991643186e-05 -9.14108958178753528e-04  7.72662772121198381e-04 -1.25609517471453785e-04 -1.31005344298865479e-06  5.29830657609039184e-06 -2.06347633045590099e-09  2.84451526949092641e-09  4.00000000000000000e+00 -2.50000000000000000e+00  1.65000000000000013e+00 -1.00000000000000006e-01  1.60000000000000009e+00 -8.00000000000000044e-01  2.30000000000000027e+00
 9.10279999999991287e-07  1.00001329989963266e-05 -9.14108958166626184e-04  7.72662772123048681e-04 -1.25609517471853477e-04 -1.31005344319864294e-06  5.29830657583029937e-06 -2.06347633641015218e-09  2.84451524598400809e-09  4.00000000000000000e+00 -2.50000000000000000e+00  1.65000000000000013e+00 -1.00000000000000006e-01  1.60000000000000009e+00 -8.00000000000000044e-01  2.30000000000000027e+00
 9.11279999999991256e-07  1.00001329989718659e-05 -9.14108958186525089e-04  7.72662772125935261e-04 -1.25609517472179117e-04 -1.31005344327427684e-06  5.29830657634501079e-06 -2.06347634089447654e-09  2.84451526698586990e-09  4.00000000000000000e+00 -2.50000000000000000e+00  1.65000000000000013e+00 -1.00000000000000006e-01  1.60000000000000009e+00 -8.00000000000000044e-01  2.30000000000000027e+00
 9.12279999999991226e-07  1.00001329988390241e-05 -9.14108958194825849e-04  7.72662772137555631e-04 -1.25609517473052496e-04 -1.31005344322891399e-06  5.29830657676126735e-06 -2.06347632067577527e-09  2.84451525456055996e-09  4.00000000000000000e+00 -2.50000000000000000e+00  1.65000000000000013e+00 -1.00000000000000006e-01  1.60000000000000009e+00 -8.00000000000000044e-01  2.30000000000000027e+00
 9.13279999999991195e-07  1.00001329991628109e-05 -9.14108958206479505e-04  7.72662772137851727e-04 -1.25609517472904475e-04 -1.31005344315258616e-06  5.29830657611367593e-06 -2.06347635495356703e-09  2.84451527829762309e-09  4.00000000000000000e+00 -2.50000000000000000e+00  1.65000000000000013e+00 -1.00000000000000006e-01  1.60000000000000009e+00 -8.00000000000000044e-01  2.30000000000000027e+00
 9.14279999999991164e-07  1.00001329993254463e-05 -9.14108958204647637e-04  7.72662772147917677e-04 -1.25609517474221943e-04 -1.31005344323672025e-06  5.29830657684923765e-06 -2.06347632059351381e-09  2.84451521325286458e-09  4.00000000000000000e+00 -2.50000000000000000e+00  1.65000000000000013e+00 -1.00000000000000006e-01  1.60000000000000009e+00 -8.00000000000000044e-01  2.30000000000000027e+00
 9.15279999999991133e-07  1.00001329992940722e-05 -9.14108958212811462e-04  7.72662772163090761e-04 -1.25609517475287741e-04 -1.31005344325233276e-06  5.29830657647129917e-06 -2.06347632491842103e-09  2.84451525970211240e-09  4.00000000000000000e+00 -2.50000000000000000e+00  1.65000000000000013e+00 -1.00000000000000006e-01  1.60000000000000009e+00 -8.00000000000000044e-01  2.30000000000000027e+00
 9.16279999999991103e-07  1.00001329993962040e-05 -9.14108958216723155e-04  7.72662772159538047e-04 -1.25609517474858478e-04 -1.31005344296601657e-06  5.29830657626860588e-06 -2.06347634137765134e-09  2.84451527038954234e-09  4.00000000000000000e+00 -2.50000000000000000e+00  1.65000000000000013e+00 -1.00000000000000006e-01  1.60000000000000009e+00 -8.00000000000000044e-01  2.30000000000000027e+00
 9.17279999999991072e-07  1.00001329993544961e-05 -9.14108958196798338e-04  7.72662772160870315e-04 -1.25609517474369964e-04 -1.31005344277701853e-06  5.29830657579892018e-06 -2.06347635700477022e-09  2.84451528822241898e-09  4.00000000000000000e+00 -2.50000000000000000e+00  1.65000000000000013e+00 -1.00000000000000006e-01  1.60000000000000009e+00 -8.00000000000000044e-01  2.30000000000000027e+00
 9.18279999999991041e-07  1.00001329991867040e-05 -9.14108958204984390e-04  7.72662772149620091e-04 -1.25609517472904475e-04 -1.31005344274943638e-06  5.29830657565382005e-06 -2.06347634980796223e-09  2.84451525522034734e-09  4.00000000000000000e+00 -2.50000000000000000e+00  1.65000000000000013e+00 -1.00000000000000006e-01  1.60000000000000009e+00 -8.00000000000000044e-01  2.30000000000000027e+00
 9.19279999999991010e-07  1.00001329991511760e-05 -9.14108958190854959e-04  7.72662772147917677e-04 -1.25609517473170918e-04 -1.31005344311979984e-06  5.29830657608430168e-06 -2.06347633780541024e-09  2.84451528725069558e-09  4.00000000000000000e+00 -2.50000000000000000e+00  1.65000000000000013e+00 -1.00000000000000006e-01  1.60000000000000009e+00 -8.00000000000000044e-01  2.30000000000000027e+00
 9.20279999999990980e-07  1.00001329993812116e-05 -9.14108958192383358e-04  7.72662772134669051e-04 -1.25609517472504784e-04 -1.31005344289497972e-06  5.29830657546639284e-06 -2.06347637480974771e-09  2.84451528990433690e-09  4.00000000000000000e+00 -2.50000000000000000e+00  1.65000000000000013e+00 -1.00000000000000006e-01  1.60000000000000009e+00 -8.00000000000000044e-01  2.30000000000000027e+00
 9.21279999999990949e-07  1.00001329992975654e-05 -9.14108958188164511e-04  7.72662772129562025e-04 -1.25609517471424187e-04 -1.31005344282394267e-06  5.29830657635017685e-06 -2.06347634813453367e-09  2.84451526766571724e-09  4.00000000000000000e+00 -2.50000000000000000e+00  1.65000000000000013e+00 -1.00000000000000006e-01  1.60000000000000009e+00 -8.00000000000000044e-01  2.30000000000000027e+00
 9.22279999999990918e-07  1.00001329989106881e-05 -9.14108958197545896e-04  7.72662772131116338e-04 -1.25609517472608434e-04 -1.31005344340672315e-06  5.29830657613406825e-06 -2.06347632753511012e-09  2.84451527947419652e-09  4.00000000000000000e+00 -2.50000000000000000e+00  1.65000000000000013e+00 -1.00000000000000006e-01  1.60000000000000009e+00 -8.00000000000000044e-01  2.30000000000000027e+00
 9.23279999999990887e-07  1.00001329990046292e-05 -9.14108958194933185e-04  7.72662772141404441e-04 -1.25609517473674232e-04 -1.31005344316290768e-06  5.29830657641632758e-06 -2.06347632984576802e-09  2.84451524484791977e-09  4.00000000000000000e+00 -2.50000000000000000e+00  1.65000000000000013e+00 -1.00000000000000006e-01  1.60000000000000009e+00 -8.00000000000000044e-01  2.30000000000000027e+00
 9.24279999999990857e-07  1.00001329994810869e-05 -9.14108958176562680e-04  7.72662772137925669e-04 -1.25609517474503213e-04 -1.31005344316230057e-06  5.29830657599787382e-06 -2.06347634700311685e-09  2.84451526756257733e-09  4.00000000000000000e+00 -2.50000000000000000e+00  1.65000000000000013e+00 -1.00000000000000006e-01  1.60000000000000009e+00 -8.00000000000000044e-01  2.30000000000000027e+00
 9.25279999999990826e-07  1.00001329991234205e-05 -9.14108958193660115e-04  7.72662772135705223e-04 -1.25609517473541010e-04 -1.31005344264084273e-06  5.29830657594829868e-06 -2.06347635327328982e-09  2.84451528570110299e-09  4.00000000000000000e+00 -2.50000000000000000e+00  1.65000000000000013e+00 -1.00000000000000006e-01  1.60000000000000009e+00 -8.00000000000000044e-01  2.30000000000000027e+00
 9.26279999999990795e-07  1.00001329991719470e-05 -9.14108958206094613e-04  7.72662772138221765e-04 -1.25609517472045895e-04 -1.31005344302595135e-06  5.29830657636258927e-06 -2.06347633993003895e-09  2.84451522630256932e-09  4.00000000000000000e+00 -2.50000000000000000e+00  1.65000000000000013e+00 -1.00000000000000006e-01  1.60000000000000009e+00 -8.00000000000000044e-01  2.30000000000000027e+00
 9.27279999999990764e-07  1.00001329991937411e-05 -9.14108958187720422e-04  7.72662772146659460e-04 -1.25609517471468585e-04 -1.31005344286054529e-06  5.29830657604031610e-06 -2.06347632963666338e-09  2.84451527243069322e-09  4.00000000000000000e+00 -2.50000000000000000e+00  1.65000000000000013e+00 -1.00000000000000006e-01  1.60000000000000009e+00 -8.00000000000000044e-01  2.30000000000000027e+00
 9.28279999999990734e-07  1.00001329991227140e-05 -9.14108958198293453e-04  7.72662772153172805e-04 -1.25609517472489985e-04 -1.31005344323750079e-06  5.29830657613842454e-06 -2.06347634448263549e-09  2.84451529368122951e-09  4.00000000000000000e+00 -2.50000000000000000e+00  1.65000000000000013e+00 -1.00000000000000006e-01  1.60000000000000009e+00 -8.00000000000000044e-01  2.30000000000000027e+00
 9.29279999999990703e-07  1.00001329994167683e-05 -9.14108958175396946e-04  7.72662772134002918e-04 -1.25609517472845278e-04 -1.31005344254126956e-06  5.29830657500063906e-06 -2.06347638148434914e-09  2.84451531074106781e-09  4.00000000000000000e+00 -2.50000000000000000e+00  1.65000000000000013e+00 -1.00000000000000006e-01  1.60000000000000009e+00 -8.00000000000000044e-01  2.30000000000000027e+00
 9.30279999999990672e-07  1.00001329993497240e-05 -9.14108958178535169e-04  7.72662772136001319e-04 -1.25609517471631432e-04 -1.31005344325328673e-06  5.29830657655394926e-06 -2.06347634288142268e-09  2.84451526170610302e-09  4.00000000000000000e+00 -2.50000000000000000e+00  1.65000000000000013e+00 -1.00000000000000006e-01  1.60000000000000009e+00 -8.00000000000000044e-01  2.30000000000000027e+00
 9.31279999999990641e-07  1.00001329991821520e-05 -9.14108958194655629e-04  7.72662772137259536e-04 -1.25609517471128118e-04 -1.31005344307729912e-06  5.29830657638367615e-06 -2.06347632462581953e-09  2.84451521700688565e-09  4.00000000000000000e+00 -2.50000000000000000e+00  1.65000000000000013e+00 -1.00000000000000006e-01  1.60000000000000009e+00 -8.00000000000000044e-01  2.30000000000000027e+00
 9.32279999999990611e-07  1.00001329990069450e-05 -9.14108958216530709e-04  7.72662772148879906e-04 -1.25609517472874876e-04 -1.31005344366372226e-06  5.29830657706607808e-06 -2.06347630431321631e-09  2.84451524261048886e-09  4.00000000000000000e+00 -2.50000000000000000e+00  1.65000000000000013e+00 -1.00000000000000006e-01  1.60000000000000009e+00 -8.00000000000000044e-01  2.30000000000000027e+00
 9.33279999999990580e-07  1.00001329987366466e-05 -9.14108958216419687e-04  7.72662772148213772e-04 -1.25609517474073923e-04 -1.31005344319014275e-06  5.29830657657148877e-06 -2.06347633377271947e-09  2.84451525582509288e-09  4.00000000000000000e+00 -2.50000000000000000e+00  1.65000000000000013e+00 -1.00000000000000006e-01  1.60000000000000009e+00 -8.00000000000000044e-01  2.30000000000000027e+00
 9.34279999999990549e-07  1.00001329985277005e-05 -9.14108958204762345e-04  7.72662772158871913e-04 -1.25609517474177545e-04 -1.31005344270780302e-06  5.29830657593557794e-06 -2.06347634077855875e-09  2.84451527292879823e-09  4.00000000000000000e+00 -2.50000000000000000e+00  1.65000000000000013e+00 -1.00000000000000006e-01  1.60000000000000009e+00 -8.00000000000000044e-01  2.30000000000000027e+00
 9.35279999999990518e-07  1.00001329984629347e-05 -9.14108958203122923e-04  7.72662772160574219e-04 -1.25609517473925875e-04 -1.31005344302421662e-06  5.29830657571522909e-06 -2.06347635509275465e-09  2.84451528758061078e-09  4.00000000000000000e+00 -2.50000000000000000e+00  1.65000000000000013e+00 -1.00000000000000006e-01  1.60000000000000009e+00 -8.00000000000000044e-01  2.30000000000000027e+00
 9.36279999999990488e-07  1.00001329986775271e-05 -9.14108958208481592e-04  7.72662772150212174e-04 -1.25609517474088722e-04 -1.31005344314902989e-06  5.29830657670872505e-06 -2.06347634269014627e-09  2.84451525508159855e-09  4.00000000000000000e+00 -2.50000000000000000e+00  1.65000000000000013e+00 -1.00000000000000006e-01  1.60000000000000009e+00 -8.00000000000000044e-01  2.30000000000000027e+00
 9.37279999999990457e-07  1.00001329988159848e-05 -9.14108958181114595e-04  7.72662772135705223e-04 -1.25609517473733456e-04 -1.31005344240223144e-06  5.29830657519288505e-06 -2.06347636272855856e-09  2.84451532650185205e-09  4.00000000000000000e+00 -2.50000000000000000e+00  1.65000000000000013e+00 -1.00000000000000006e-01  1.60000000000000009e+00 -8.00000000000000044e-01  2.30000000000000027e+00
 9.38279999999990426e-07  1.00001329989633617e-05 -9.14108958181669706e-04  7.72662772133706822e-04 -1.25609517472786053e-04 -1.31005344299307821e-06  5.29830657533405241e-06 -2.06347637689870797e-09  2.84451528169597015e-09  4.00000000000000000e+00 -2.50000000000000000e+00  1.65000000000000013e+00 -1.00000000000000006e-01  1.60000000000000009e+00 -8.00000000000000044e-01  2.30000000000000027e+00
 9.39279999999990395e-07  1.00001329991368917e-05 -9.14108958200265942e-04  7.72662772137259536e-04 -1.25609517472504784e-04 -1.31005344330541526e-06  5.29830657661801798e-06 -2.06347632713380137e-09  2.84451522555377523e-09  4.00000000000000000e+00 -2.50000000000000000e+00  1.65000000000000013e+00 -1.00000000000000006e-01  1.60000000000000009e+00 -8.00000000000000044e-01  2.30000000000000027e+00
 9.40279999999990365e-07  1.00001329992728540e-05 -9.14108958200321453e-04  7.72662772136667453e-04 -1.25609517472726829e-04 -1.31005344318728063e-06  5.29830657643749070e-06 -2.06347632858619983e-09  2.84451526032184067e-09  4.00000000000000000e+00 -2.50000000000000000e+00  1.65000000000000013e+00 -1.00000000000000006e-01  1.60000000000000009e+00 -8.00000000000000044e-01  2.30000000000000027e+00
 9.41279999999990334e-07  1.00001329991215367e-05 -9.14108958194936871e-04  7.72662772151470390e-04 -1.25609517472993298e-04 -1.31005344338061548e-06  5.29830657621309473e-06 -2.06347632724447152e-09  2.84451523666839185e-09  4.00000000000000000e+00 -2.50000000000000000e+00  1.65000000000000013e+00 -1.00000000000000006e-01  1.60000000000000009e+00 -8.00000000000000044e-01  2.30000000000000027e+00
 9.42279999999990303e-07  1.00001329990230132e-05 -9.14108958202038612e-04  7.72662772148805855e-04 -1.25609517473585408e-04 -1.31005344301137963e-06  5.29830657610245783e-06 -2.06347634466342367e-09  2.84451528673826257e-09  4.00000000000000000e+00 -2.50000000000000000e+00  1.65000000000000013e+00 -1.00000000000000006e-01  1.60000000000000009e+00 -8.00000000000000044e-01  2.30000000000000027e+00
 9.43279999999990272e-07  1.00001329991951404e-05 -9.14108958214473110e-04  7.72662772152062582e-04 -1.25609517473748228e-04 -1.31005344296202662e-06  5.29830657693635922e-06 -2.06347632557256538e-09  2.84451523641973143e-09  4.00000000000000000e+00 -2.50000000000000000e+00  1.65000000000000013e+00 -1.00000000000000006e-01  1.60000000000000009e+00 -8.00000000000000044e-01  2.30000000000000027e+00
 9.44279999999990242e-07  1.00001329993188310e-05 -9.14108958213281464e-04  7.72662772163312805e-04 -1.25609517475169319e-04 -1.31005344329396612e-06  5.29830657635638306e-06 -2.06347633342578917e-09  2.84451528019694062e-09  4.00000000000000000e+00 -2.50000000000000000e+00  1.65000000000000013e+00 -1.00000000000000006e-01  1.60000000000000009e+00 -8.00000000000000044e-01  2.30000000000000027e+00
 9.45279999999990211e-07  1.00001329993165965e-05 -9.14108958210975908e-04  7.72662772162424627e-04 -1.25609517475006499e-04 -1.31005344268863424e-06  5.29830657598272379e-06 -2.06347635244289934e-09  2.84451527473164706e-09  4.00000000000000000e+00 -2.50000000000000000e+00  1.65000000000000013e+00 -1.00000000000000006e-01  1.60000000000000009e+00 -8.00000000000000044e-01  2.30000000000000027e+00
 9.46279999999990180e-07  1.00001329994938398e-05 -9.14108958214861688e-04  7.72662772137555631e-04 -1.25609517474073896e-04 -1.31005344303540550e-06  5.29830657595523757e-06 -2.06347636492330364e-09  2.84451527467499883e-09  4.00000000000000000e+00 -2.50000000000000000e+00  1.65000000000000013e+00 -1.00000000000000006e-01  1.60000000000000009e+00 -8.00000000000000044e-01  2.30000000000000027e+00
 9.47279999999990149e-07  1.00001329995194185e-05 -9.14108958211364486e-04  7.72662772140220167e-04 -1.25609517473807453e-04 -1.31005344303800759e-06  5.29830657604875848e-06 -2.06347632899381914e-09  2.84451526124883758e-09  4.00000000000000000e+00 -2.50000000000000000e+00  1.65000000000000013e+00 -1.00000000000000006e-01  1.60000000000000009e+00 -8.00000000000000044e-01  2.30000000000000027e+00
 9.48279999999990119e-07  1.00001329991592906e-05 -9.14108958196798338e-04  7.72662772154727117e-04 -1.25609517472948873e-04 -1.31005344280928434e-06  5.29830657558790056e-06 -2.06347634925746030e-09  2.84451527879652963e-09  4.00000000000000000e+00 -2.50000000000000000e+00  1.65000000000000013e+00 -1.00000000000000006e-01  1.60000000000000009e+00 -8.00000000000000044e-01  2.30000000000000027e+00
 9.49279999999990088e-07  1.00001329990865186e-05 -9.14108958166570673e-04  7.72662772151470390e-04 -1.25609517471957099e-04 -1.31005344291059224e-06  5.29830657566114435e-06 -2.06347635629366497e-09  2.84451528433832293e-09  4.00000000000000000e+00 -2.50000000000000000e+00  1.65000000000000013e+00 -1.00000000000000006e-01  1.60000000000000009e+00 -8.00000000000000044e-01  2.30000000000000027e+00
 9.50279999999990057e-07  1.00001329989475273e-05 -9.14108958209147726e-04  7.72662772151766486e-04 -1.25609517472430787e-04 -1.31005344321859226e-06  5.29830657700162311e-06 -2.06347632765072391e-09  2.84451523729976309e-09  4.00000000000000000e+00 -2.50000000000000000e+00  1.65000000000000013e+00 -1.00000000000000006e-01  1.60000000000000009e+00 -8.00000000000000044e-01  2.30000000000000027e+00
 9.51279999999990026e-07  1.00001329985219441e-05 -9.14108958194962784e-04  7.72662772142810651e-04 -1.25609517472460386e-04 -1.31005344261751058e-06  5.29830657612049963e-06 -2.06347634384724125e-09  2.84451530081831010e-09  4.00000000000000000e+00 -2.50000000000000000e+00  1.65000000000000013e+00 -1.00000000000000006e-01  1.60000000000000009e+00 -8.00000000000000044e-01  2.30000000000000027e+00
 9.52279999999989996e-07  1.00001329985975739e-05 -9.14108958181584596e-04  7.72662772144661059e-04 -1.25609517473244942e-04 -1.31005344341296811e-06  5.29830657619628706e-06 -2.06347634096567280e-09  2.84451526163515367e-09  4.00000000000000000e+00 -2.50000000000000000e+00  1.65000000000000013e+00 -1.00000000000000006e-01  1.60000000000000009e+00 -8.00000000000000044e-01  2.30000000000000027e+00
 9.53279999999989965e-07  1.00001329986815979e-05 -9.14108958200487987e-04  7.72662772132152510e-04 -1.25609517473555810e-04 -1.31005344321963305e-06  5.29830657585015212e-06 -2.06347636004507794e-09  2.84451529190239787e-09  4.00000000000000000e+00 -2.50000000000000000e+00  1.65000000000000013e+00 -1.00000000000000006e-01  1.60000000000000009e+00 -8.00000000000000044e-01  2.30000000000000027e+00
 9.54279999999990040e-07  1.00001329990157880e-05 -9.14108958192742338e-04  7.72662772137259536e-04 -1.25609517473822252e-04 -1.31005344298362405e-06  5.29830657646324219e-06 -2.06347633824925179e-09  2.84451522612246067e-09  4.00000000000000000e+00 -2.50000000000000000e+00  1.65000000000000013e+00 -1.00000000000000006e-01  1.60000000000000009e+00 -8.00000000000000044e-01  2.30000000000000027e+00
 9.55279999999990115e-07  1.00001329993588685e-05 -9.14108958217833378e-04  7.72662772146955556e-04 -1.25609517473422561e-04 -1.31005344295474086e-06  5.29830657663355342e-06 -2.06347632098143340e-09  2.84451525020025934e-09  4.00000000000000000e+00 -2.50000000000000000e+00  1.65000000000000013e+00 -1.00000000000000006e-01  1.60000000000000009e+00 -8.00000000000000044e-01  2.30000000000000027e+00
 9.56279999999990190e-07  1.00001329994358587e-05 -9.14108958208255861e-04  7.72662772153764887e-04 -1.25609517473141319e-04 -1.31005344324894992e-06  5.29830657617454541e-06 -2.06347634725183021e-09  2.84451526017323064e-09  4.00000000000000000e+00 -2.50000000000000000e+00  1.65000000000000013e+00 -1.00000000000000006e-01  1.60000000000000009e+00 -8.00000000000000044e-01  2.30000000000000027e+00
 9.57279999999990265e-07  1.00001329992499198e-05 -9.14108958204481103e-04  7.72662772143698829e-04 -1.25609517473615034e-04 -1.31005344310843732e-06  5.29830657602285367e-06 -2.06347634242033732e-09  2.84451527963628753e-09  4.00000000000000000e+00 -2.50000000000000000e+00  1.65000000000000013e+00 -1.00000000000000006e-01  1.60000000000000009e+00 -8.00000000000000044e-01  2.30000000000000027e+00
 9.58279999999990341e-07  1.00001329990518513e-05 -9.14108958221134449e-04  7.72662772150878308e-04 -1.25609517473600208e-04 -1.31005344295239903e-06  5.29830657673940966e-06 -2.06347633020011027e-09  2.84451525124578214e-09  4.00000000000000000e+00 -2.50000000000000000e+00  1.65000000000000013e+00 -1.00000000000000006e-01  1.60000000000000009e+00 -8.00000000000000044e-01  2.30000000000000027e+00
 9.59279999999990416e-07  1.00001329988308909e-05 -9.14108958211586531e-04  7.72662772166865519e-04 -1.25609517474577209e-04 -1.31005344321338809e-06  5.29830657602231411e-06 -2.06347633354307676e-09  2.84451525707846176e-09  4.00000000000000000e+00 -2.50000000000000000e+00  1.65000000000000013e+00 -1.00000000000000006e-01  1.60000000000000009e+00 -8.00000000000000044e-01  2.30000000000000027e+00
 9.60279999999990491e-07  1.00001329988117649e-05 -9.14108958205591326e-04  7.72662772155023104e-04 -1.25609517474562410e-04 -1.31005344285586162e-06  5.29830657633637614e-06 -2.06347634151556799e-09  2.84451529655666979e-09  4.00000000000000000e+00 -2.50000000000000000e+00  1.65000000000000013e+00 -1.00000000000000006e-01  1.60000000000000009e+00 -8.00000000000000044e-01  2.30000000000000027e+00
 9.61279999999990566e-07  1.00001329988458817e-05 -9.14108958210561417e-04  7.72662772162128531e-04 -1.25609517473822252e-04 -1.31005344292438320e-06  5.29830657591325777e-06 -2.06347636182752312e-09  2.84451526010468342e-09  4.00000000000000000e+00 -2.50000000000000000e+00  1.65000000000000013e+00 -1.00000000000000006e-01  1.60000000000000009e+00 -8.00000000000000044e-01  2.30000000000000027e+00
 9.62279999999990641e-07  1.00001329988732188e-05 -9.14108958196324650e-04  7.72662772147621689e-04 -1.25609517474295967e-04 -1.31005344329856297e-06  5.29830657587941118e-06 -2.06347633838379023e-09  2.84451529281420899e-09  4.00000000000000000e+00 -2.50000000000000000e+00  1.65000000000000013e+00 -1.00000000000000006e-01  1.60000000000000009e+00 -8.00000000000000044e-01  2.30000000000000027e+00
 9.63279999999990716e-07  1.00001329991030527e-05 -9.14108958190551490e-04  7.72662772141034294e-04 -1.25609517473940674e-04 -1.31005344264977639e-06  5.29830657551762478e-06 -2.06347636154900190e-09  2.84451528220252273e-09  4.00000000000000000e+00 -2.50000000000000000e+00  1.65000000000000013e+00 -1.00000000000000006e-01  1.60000000000000009e+00 -8.00000000000000044e-01  2.30000000000000027e+00
 9.64279999999990791e-07  1.00001329990978468e-05 -9.14108958203315369e-04  7.72662772137333587e-04 -1.25609517472771227e-04 -1.31005344318823460e-06  5.29830657606371624e-06 -2.06347635819954163e-09  2.84451525640483855e-09  4.00000000000000000e+00 -2.50000000000000000e+00  1.65000000000000013e+00 -1.00000000000000006e-01  1.60000000000000009e+00 -8.00000000000000044e-01  2.30000000000000027e+00
 9.65279999999990866e-07  1.00001329992229536e-05 -9.14108958208921995e-04  7.72662772141108345e-04 -1.25609517472578808e-04 -1.31005344288552535e-06  5.29830657633892063e-06 -2.06347632714854959e-09  2.84451525243370035e-09  4.00000000000000000e+00 -2.50000000000000000e+00  1.65000000000000013e+00 -1.00000000000000006e-01  1.60000000000000009e+00 -8.00000000000000044e-01  2.30000000000000027e+00
 9.66279999999990942e-07  1.00001329993869206e-05 -9.14108958211142441e-04  7.72662772155319200e-04 -1.25609517472860050e-04 -1.31005344334175763e-06  5.29830657720994409e-06 -2.06347631984068061e-09  2.84451522414052392e-09  4.00000000000000000e+00 -2.50000000000000000e+00  1.65000000000000013e+00 -1.00000000000000006e-01  1.60000000000000009e+00 -8.00000000000000044e-01  2.30000000000000027e+00
 9.67279999999991017e-07  1.00001329994756591e-05 -9.14108958209869371e-04  7.72662772161832544e-04 -1.25609517473615007e-04 -1.31005344298882822e-06  5.29830657623691838e-06 -2.06347633462384076e-09  2.84451527988116897e-09  4.00000000000000000e+00 -2.50000000000000000e+00  1.65000000000000013e+00 -1.00000000000000006e-01  1.60000000000000009e+00 -8.00000000000000044e-01  2.30000000000000027e+00
 9.68279999999991092e-07  1.00001329994310086e-05 -9.14108958207204836e-04  7.72662772137555631e-04 -1.25609517474103521e-04 -1.31005344300686939e-06  5.29830657558990549e-06 -2.06347635696806119e-09  2.84451529086283988e-09  4.00000000000000000e+00 -2.50000000000000000e+00  1.65000000000000013e+00 -1.00000000000000006e-01  1.60000000000000009e+00 -8.00000000000000044e-01  2.30000000000000027e+00
 9.69279999999991167e-07  1.00001329994333617e-05 -9.14108958197686517e-04  7.72662772140146115e-04 -1.25609517473244942e-04 -1.31005344262271475e-06  5.29830657592089039e-06 -2.06347636352127097e-09  2.84451528895219535e-09  4.00000000000000000e+00 -2.50000000000000000e+00  1.65000000000000013e+00 -1.00000000000000006e-01  1.60000000000000009e+00 -8.00000000000000044e-01  2.30000000000000027e+00
 9.70279999999991242e-07  1.00001329992672534e-05 -9.14108958198485899e-04  7.72662772134002918e-04 -1.25609517473378163e-04 -1.31005344318493858e-06  5.29830657542156023e-06 -2.06347633730660710e-09  2.84451527922341232e-09  4.00000000000000000e+00 -2.50000000000000000e+00  1.65000000000000013e+00 -1.00000000000000006e-01  1.60000000000000009e+00 -8.00000000000000044e-01  2.30000000000000027e+00
 9.71279999999991317e-07  1.00001329991200256e-05 -9.14108958173232011e-04  7.72662772117941655e-04 -1.25609517472815652e-04 -1.31005344269904258e-06  5.29830657573909171e-06 -2.06347635717570379e-09  2.84451527495910270e-09  4.00000000000000000e+00 -2.50000000000000000e+00  1.65000000000000013e+00 -1.00000000000000006e-01  1.60000000000000009e+00 -8.00000000000000044e-01  2.30000000000000027e+00
 9.72279999999991392e-07  1.00001329991919641e-05 -9.14108958197656918e-04  7.72662772129265930e-04 -1.25609517472504811e-04 -1.31005344337038057e-06  5.29830657658239855e-06 -2.06347634365564968e-09  2.84451525383453775e-09  4.00000000000000000e+00 -2.50000000000000000e+00  1.65000000000000013e+00 -1.00000000000000006e-01  1.60000000000000009e+00 -8.00000000000000044e-01  2.30000000000000027e+00
 9.73279999999991468e-07  1.00001329991902649e-05 -9.14108958212700440e-04  7.72662772140812249e-04 -1.25609517472253168e-04 -1.31005344298093514e-06  5.29830657657584506e-06 -2.06347633334775750e-09  2.84451526093488738e-09  4.00000000000000000e+00 -2.50000000000000000e+00  1.65000000000000013e+00 -1.00000000000000006e-01  1.60000000000000009e+00 -8.00000000000000044e-01  2.30000000000000027e+00
 9.74279999999991543e-07  1.00001329990841978e-05 -9.14108958199710830e-04  7.72662772131856523e-04 -1.25609517473170918e-04 -1.31005344306949286e-06  5.29830657655479714e-06 -2.06347632127301167e-09  2.84451526279224493e-09  4.00000000000000000e+00 -2.50000000000000000e+00  1.65000000000000013e+00 -1.00000000000000006e-01  1.60000000000000009e+00 -8.00000000000000044e-01  2.30000000000000027e+00
 9.75279999999991618e-07  1.00001329988389749e-05 -9.14108958206423993e-04  7.72662772136889497e-04 -1.25609517474073896e-04 -1.31005344323949576e-06  5.29830657583974378e-06 -2.06347633988410809e-09  2.84451526806651892e-09  4.00000000000000000e+00 -2.50000000000000000e+00  1.65000000000000013e+00 -1.00000000000000006e-01  1.60000000000000009e+00 -8.00000000000000044e-01  2.30000000000000027e+00
 9.76279999999991693e-07  1.00001329987230585e-05 -9.14108958169176011e-04  7.72662772143476785e-04 -1.25609517473985099e-04 -1.31005344277875325e-06  5.29830657500873416e-06 -2.06347636039200328e-09  2.84451528819385271e-09  4.00000000000000000e+00 -2.50000000000000000e+00  1.65000000000000013e+00 -1.00000000000000006e-01  1.60000000000000009e+00 -8.00000000000000044e-01  2.30000000000000027e+00
 9.77279999999991768e-07  1.00001329988428662e-05 -9.14108958155050266e-04  7.72662772129487974e-04 -1.25609517471675830e-04 -1.31005344258463765e-06  5.29830657610419255e-06 -2.06347637023869884e-09  2.84451526941546686e-09  4.00000000000000000e+00 -2.50000000000000000e+00  1.65000000000000013e+00 -1.00000000000000006e-01  1.60000000000000009e+00 -8.00000000000000044e-01  2.30000000000000027e+00
 9.78279999999991843e-07  1.00001329990332318e-05 -9.14108958190492293e-04  7.72662772130450204e-04 -1.25609517470313964e-04 -1.31005344300539470e-06  5.29830657677784378e-06 -2.06347634233375178e-09  2.84451523853326599e-09  4.00000000000000000e+00 -2.50000000000000000e+00  1.65000000000000013e+00 -1.00000000000000006e-01  1.60000000000000009e+00 -8.00000000000000044e-01  2.30000000000000027e+00
 9.79279999999991918e-07  1.00001329992361521e-05 -9.14108958182779929e-04  7.72662772128599796e-04 -1.25609517471646231e-04 -1.31005344310913125e-06  5.29830657593465298e-06 -2.06347631730087465e-09  2.84451529045509567e-09  4.00000000000000000e+00 -2.50000000000000000e+00  1.65000000000000013e+00 -1.00000000000000006e-01  1.60000000000000009e+00 -8.00000000000000044e-01  2.30000000000000027e+00
 9.80279999999991993e-07  1.00001329991204067e-05 -9.14108958188719622e-04  7.72662772136371357e-04 -1.25609517472889676e-04 -1.31005344342745301e-06  5.29830657638961301e-06 -2.06347632645310866e-09  2.84451524185689630e-09  4.00000000000000000e+00 -2.50000000000000000e+00  1.65000000000000013e+00 -1.00000000000000006e-01  1.60000000000000009e+00 -8.00000000000000044e-01  2.30000000000000027e+00
 9.81279999999992069e-07  1.00001329988900155e-05 -9.14108958185999576e-04  7.72662772147325594e-04 -1.25609517472504784e-04 -1.31005344276687023e-06  5.29830657521458773e-06 -2.06347637449611308e-09  2.84451530779827518e-09  4.00000000000000000e+00 -2.50000000000000000e+00  1.65000000000000013e+00 -1.00000000000000006e-01  1.60000000000000009e+00 -8.00000000000000044e-01  2.30000000000000027e+00
 9.82279999999992144e-07  1.00001329991552113e-05 -9.14108958209976707e-04  7.72662772140146115e-04 -1.25609517472267967e-04 -1.31005344328364439e-06  5.29830657714074827e-06 -2.06347632715576095e-09  2.84451521123130299e-09  4.00000000000000000e+00 -2.50000000000000000e+00  1.65000000000000013e+00 -1.00000000000000006e-01  1.60000000000000009e+00 -8.00000000000000044e-01  2.30000000000000027e+00
 9.83279999999992219e-07  1.00001329992432807e-05 -9.14108958210920397e-04  7.72662772137925669e-04 -1.25609517472771254e-04 -1.31005344339032989e-06  5.29830657661238945e-06 -2.06347631617399699e-09  2.84451526299477638e-09  4.00000000000000000e+00 -2.50000000000000000e+00  1.65000000000000013e+00 -1.00000000000000006e-01  1.60000000000000009e+00 -8.00000000000000044e-01  2.30000000000000027e+00
 9.84279999999992294e-07  1.00001329986309877e-05 -9.14108958212696754e-04  7.72662772158871913e-04 -1.25609517474103521e-04 -1.31005344318459172e-06  5.29830657647368865e-06 -2.06347632820176434e-09  2.84451525596638071e-09  4.00000000000000000e+00 -2.50000000000000000e+00  1.65000000000000013e+00 -1.00000000000000006e-01  1.60000000000000009e+00 -8.00000000000000044e-01  2.30000000000000027e+00
 9.85279999999992369e-07  1.00001329986422261e-05 -9.14108958219136047e-04  7.72662772150804257e-04 -1.25609517474636407e-04 -1.31005344311121284e-06  5.29830657680286260e-06 -2.06347632607089124e-09  2.84451523015696338e-09  4.00000000000000000e+00 -2.50000000000000000e+00  1.65000000000000013e+00 -1.00000000000000006e-01  1.60000000000000009e+00 -8.00000000000000044e-01  2.30000000000000027e+00
 9.86279999999992444e-07  1.00001329986056631e-05 -9.14108958213695954e-04  7.72662772161462398e-04 -1.25609517475302541e-04 -1.31005344304269126e-06  5.29830657613125441e-06 -2.06347634916418162e-09  2.84451529454122603e-09  4.00000000000000000e+00 -2.50000000000000000e+00  1.65000000000000013e+00 -1.00000000000000006e-01  1.60000000000000009e+00 -8.00000000000000044e-01  2.30000000000000027e+00
 9.87279999999992519e-07  1.00001329986236558e-05 -9.14108958223632450e-04  7.72662772173082768e-04 -1.25609517475805854e-04 -1.31005344316308111e-06  5.29830657579922850e-06 -2.06347634710591555e-09  2.84451527528762865e-09  4.00000000000000000e+00 -2.50000000000000000e+00  1.65000000000000013e+00 -1.00000000000000006e-01  1.60000000000000009e+00 -8.00000000000000044e-01  2.30000000000000027e+00
 9.88279999999992594e-07  1.00001329993324614e-05 -9.14108958217278267e-04  7.72662772158871913e-04 -1.25609517475036098e-04 -1.31005344273018099e-06  5.29830657586996677e-06 -2.06347636619191663e-09  2.84451527767631781e-09  4.00000000000000000e+00 -2.50000000000000000e+00  1.65000000000000013e+00 -1.00000000000000006e-01  1.60000000000000009e+00 -8.00000000000000044e-01  2.30000000000000027e+00
 9.89279999999992670e-07  1.00001329997996120e-05 -9.14108958209950795e-04  7.72662772151248346e-04 -1.25609517473837052e-04 -1.31005344266087866e-06  5.29830657634192675e-06 -2.06347634770906463e-09  2.84451525368227820e-09  4.00000000000000000e+00 -2.50000000000000000e+00  1.65000000000000013e+00 -1.00000000000000006e-01  1.60000000000000009e+00 -8.00000000000000044e-01  2.30000000000000027e+00
 9.90279999999992745e-07  1.00001329997717751e-05 -9.14108958203178434e-04  7.72662772155023104e-04 -1.25609517473407789e-04 -1.31005344318641327e-06  5.29830657553289085e-06 -2.06347634168339343e-09  2.84451529459638450e-09  4.00000000000000000e+00 -2.50000000000000000e+00  1.65000000000000013e+00 -1.00000000000000006e-01  1.60000000000000009e+00 -8.00000000000000044e-01  2.30000000000000027e+00
 9.91279999999992820e-07  1.00001329993774355e-05 -9.14108958196043408e-04  7.72662772150212174e-04 -1.25609517473008098e-04 -1.31005344271795111e-06  5.29830657588083759e-06 -2.06347635205417284e-09  2.84451528532577888e-09  4.00000000000000000e+00 -2.50000000000000000e+00  1.65000000000000013e+00 -1.00000000000000006e-01  1.60000000000000009e+00 -8.00000000000000044e-01  2.30000000000000027e+00
 9.92279999999992895e-07  1.00001329988667559e-05 -9.14108958185551801e-04  7.72662772144661059e-04 -1.25609517473437388e-04 -1.31005344347099453e-06  5.29830657583195701e-06 -2.06347634638549045e-09  2.84451527825774678e-09  4.00000000000000000e+00 -2.50000000000000000e+00  1.65000000000000013e+00 -1.00000000000000006e-01  1.60000000000000009e+00 -8.00000000000000044e-01  2.30000000000000027e+00
 9.93279999999992970e-07  1.00001329989104273e-05 -9.14108958186273446e-04  7.72662772145327192e-04 -1.25609517473925902e-04 -1.31005344314929014e-06  5.29830657633460245e-06 -2.06347633870932592e-09  2.84451526002825772e-09  4.00000000000000000e+00 -2.50000000000000000e+00  1.65000000000000013e+00 -1.00000000000000006e-01  1.60000000000000009e+00 -8.00000000000000044e-01  2.30000000000000027e+00
 9.94279999999993045e-07  1.00001329990742299e-05 -9.14108958204869681e-04  7.72662772141774479e-04 -1.25609517473466986e-04 -1.31005344268585872e-06  5.29830657664056939e-06 -2.06347634818491476e-09  2.84451524054129449e-09  4.00000000000000000e+00 -2.50000000000000000e+00  1.65000000000000013e+00 -1.00000000000000006e-01  1.60000000000000009e+00 -8.00000000000000044e-01  2.30000000000000027e+00
 9.95279999999993120e-07  1.00001329992439278e-05 -9.14108958203541100e-04  7.72662772146363364e-04 -1.25609517472845278e-04 -1.31005344292386270e-06  5.29830657583095497e-06 -2.06347634182960008e-09  2.84451528031815567e-09  4.00000000000000000e+00 -2.50000000000000000e+00  1.65000000000000013e+00 -1.00000000000000006e-01  1.60000000000000009e+00 -8.00000000000000044e-01  2.30000000000000027e+00
 9.96279999999993195e-07  1.00001329988590310e-05 -9.14108958186776732e-04  7.72662772143476785e-04 -1.25609517472415988e-04 -1.31005344280833016e-06  5.29830657563288817e-06 -2.06347635062537260e-09  2.84451530216578029e-09  4.00000000000000000e+00 -2.50000000000000000e+00  1.65000000000000013e+00 -1.00000000000000006e-01  1.60000000000000009e+00 -8.00000000000000044e-01  2.30000000000000027e+00
 9.97279999999993271e-07  1.00001329988641488e-05 -9.14108958193434384e-04  7.72662772138961950e-04 -1.25609517471957099e-04 -1.31005344269314448e-06  5.29830657604351619e-06 -2.06347634309974625e-09  2.84451525244678924e-09  4.00000000000000000e+00 -2.50000000000000000e+00  1.65000000000000013e+00 -1.00000000000000006e-01  1.60000000000000009e+00 -8.00000000000000044e-01  2.30000000000000027e+00
 9.98279999999993346e-07  1.00001329989798433e-05 -9.14108958188801046e-04  7.72662772130450204e-04 -1.25609517471735055e-04 -1.31005344323689368e-06  5.29830657579579717e-06 -2.06347635867808960e-09  2.84451529784840455e-09  4.00000000000000000e+00 -2.50000000000000000e+00  1.65000000000000013e+00 -1.00000000000000006e-01  1.60000000000000009e+00 -8.00000000000000044e-01  2.30000000000000027e+00
 9.99279999999993421e-07  1.00001329993632002e-05 -9.14108958190188825e-04  7.72662772141478383e-04 -1.25609517471438986e-04 -1.31005344335546199e-06  5.29830657709387178e-06 -2.06347633206038943e-09  2.84451521288773754e-09  4.00000000000000000e+00 -2.50000000000000000e+00  1.65000000000000013e+00 -1.00000000000000006e-01  1.60000000000000009e+00 -8.00000000000000044e-01  2.30000000000000027e+00
 1.00027999999999350e-06  1.00001329992143901e-05 -9.14108958207589728e-04  7.72662772138221765e-04 -1.25609517473304139e-04 -1.31005344349458672e-06  5.29830657688416336e-06 -2.06347629512036443e-09  2.84451524993838761e-09  4.00000000000000000e+00 -2.50000000000000000e+00  1.65000000000000013e+00 -1.00000000000000006e-01  1.60000000000000009e+00 -8.00000000000000044e-01  2.30000000000000027e+00
 1.00127999999999357e-06  1.00001329989844850e-05 -9.14108958204399680e-04  7.72662772145623288e-04 -1.25609517475435789e-04 -1.31005344324730202e-06  5.29830657584915008e-06 -2.06347634134737116e-09  2.84451528274657142e-09  4.00000000000000000e+00 -2.50000000000000000e+00  1.65000000000000013e+00 -1.00000000000000006e-01  1.60000000000000009e+00 -8.00000000000000044e-01  2.30000000000000027e+00
 1.00227999999999365e-06  1.00001329986603696e-05 -9.14108958190218424e-04  7.72662772143772880e-04 -1.25609517475865052e-04 -1.31005344264517954e-06  5.29830657558416091e-06 -2.06347635987278160e-09  2.84451528361928212e-09  4.00000000000000000e+00 -2.50000000000000000e+00  1.65000000000000013e+00 -1.00000000000000006e-01  1.60000000000000009e+00 -8.00000000000000044e-01  2.30000000000000027e+00
 1.00327999999999372e-06  1.00001329988974897e-05 -9.14108958182668907e-04  7.72662772140516262e-04 -1.25609517473659432e-04 -1.31005344256468833e-06  5.29830657544021782e-06 -2.06347636704630445e-09  2.84451527836984506e-09  4.00000000000000000e+00 -2.50000000000000000e+00  1.65000000000000013e+00 -1.00000000000000006e-01  1.60000000000000009e+00 -8.00000000000000044e-01  2.30000000000000027e+00
 1.00427999999999380e-06  1.00001329985954310e-05 -9.14108958189715137e-04  7.72662772144439014e-04 -1.25609517472090321e-04 -1.31005344316125978e-06  5.29830657623229273e-06 -2.06347634352517848e-09  2.84451526110712582e-09  4.00000000000000000e+00 -2.50000000000000000e+00  1.65000000000000013e+00 -1.00000000000000006e-01  1.60000000000000009e+00 -8.00000000000000044e-01  2.30000000000000027e+00
 1.00527999999999387e-06  1.00001329988955940e-05 -9.14108958204647637e-04  7.72662772155319200e-04 -1.25609517472193943e-04 -1.31005344311607015e-06  5.29830657708488984e-06 -2.06347631807230742e-09  2.84451523696028155e-09  4.00000000000000000e+00 -2.50000000000000000e+00  1.65000000000000013e+00 -1.00000000000000006e-01  1.60000000000000009e+00 -8.00000000000000044e-01  2.30000000000000027e+00
 1.00627999999999395e-06  1.00001329993839763e-05 -9.14108958202704746e-04  7.72662772139924071e-04 -1.25609517473940674e-04 -1.31005344328095570e-06  5.29830657595242373e-06 -2.06347633668390264e-09  2.84451526522571021e-09  4.00000000000000000e+00 -2.50000000000000000e+00  1.65000000000000013e+00 -1.00000000000000006e-01  1.60000000000000009e+00 -8.00000000000000044e-01  2.30000000000000027e+00
 1.00727999999999402e-06  1.00001329993314873e-05 -9.14108958194544607e-04  7.72662772140220167e-04 -1.25609517474266341e-04 -1.31005344299646105e-06  5.29830657578041675e-06 -2.06347635672186287e-09  2.84451530675206127e-09  4.00000000000000000e+00 -2.50000000000000000e+00  1.65000000000000013e+00 -1.00000000000000006e-01  1.60000000000000009e+00 -8.00000000000000044e-01  2.30000000000000027e+00
 1.00827999999999410e-06  1.00001329993206911e-05 -9.14108958202290256e-04  7.72662772130820242e-04 -1.25609517473289367e-04 -1.31005344282654476e-06  5.29830657594571608e-06 -2.06347635615139115e-09  2.84451524794316759e-09  4.00000000000000000e+00 -2.50000000000000000e+00  1.65000000000000013e+00 -1.00000000000000006e-01  1.60000000000000009e+00 -8.00000000000000044e-01  2.30000000000000027e+00
 1.00927999999999417e-06  1.00001329992098941e-05 -9.14108958187498377e-04  7.72662772151470390e-04 -1.25609517472963673e-04 -1.31005344297208810e-06  5.29830657624832876e-06 -2.06347633203689253e-09  2.84451526780804400e-09  4.00000000000000000e+00 -2.50000000000000000e+00  1.65000000000000013e+00 -1.00000000000000006e-01  1.60000000000000009e+00 -8.00000000000000044e-01  2.30000000000000027e+00
 1.01027999999999425e-06  1.00001329989768905e-05 -9.14108958201931276e-04  7.72662772133336784e-04 -1.25609517472297539e-04 -1.31005344305292617e-06  5.29830657609513353e-06 -2.06347634801874699e-09  2.84451526290890221e-09  4.00000000000000000e+00 -2.50000000000000000e+00  1.65000000000000013e+00 -1.00000000000000006e-01  1.60000000000000009e+00 -8.00000000000000044e-01  2.30000000000000027e+00
 1.01127999999999432e-06  1.00001329993572659e-05 -9.14108958197878962e-04  7.72662772143698829e-04 -1.25609517472238341e-04 -1.31005344300791018e-06  5.29830657651324086e-06 -2.06347633570618674e-09  2.84451525936166968e-09  4.00000000000000000e+00 -2.50000000000000000e+00  1.65000000000000013e+00 -1.00000000000000006e-01  1.60000000000000009e+00 -8.00000000000000044e-01  2.30000000000000027e+00
 1.01227999999999440e-06  1.00001329993650248e-05 -9.14108958214088219e-04  7.72662772153764887e-04 -1.25609517474133120e-04 -1.31005344356831247e-06  5.29830657666793956e-06 -2.06347630453273640e-09  2.84451523142645194e-09  4.00000000000000000e+00 -2.50000000000000000e+00  1.65000000000000013e+00 -1.00000000000000006e-01  1.60000000000000009e+00 -8.00000000000000044e-01  2.30000000000000027e+00
 1.01327999999999447e-06  1.00001329991746761e-05 -9.14108958207619326e-04  7.72662772143698829e-04 -1.25609517474295940e-04 -1.31005344266417468e-06  5.29830657544719568e-06 -2.06347635973072987e-09  2.84451530604447940e-09  4.00000000000000000e+00 -2.50000000000000000e+00  1.65000000000000013e+00 -1.00000000000000006e-01  1.60000000000000009e+00 -8.00000000000000044e-01  2.30000000000000027e+00
 1.01427999999999455e-06  1.00001329990237958e-05 -9.14108958200791455e-04  7.72662772144661059e-04 -1.25609517473940701e-04 -1.31005344304060967e-06  5.29830657554534224e-06 -2.06347636783912647e-09  2.84451528247141640e-09  4.00000000000000000e+00 -2.50000000000000000e+00  1.65000000000000013e+00 -1.00000000000000006e-01  1.60000000000000009e+00 -8.00000000000000044e-01  2.30000000000000027e+00
 1.01527999999999462e-06  1.00001329991789333e-05 -9.14108958181806641e-04  7.72662772134669051e-04 -1.25609517473481786e-04 -1.31005344294979694e-06  5.29830657638020671e-06 -2.06347634863074691e-09  2.84451527557553879e-09  4.00000000000000000e+00 -2.50000000000000000e+00  1.65000000000000013e+00 -1.00000000000000006e-01  1.60000000000000009e+00 -8.00000000000000044e-01  2.30000000000000027e+00
 1.01627999999999470e-06  1.00001329992626642e-05 -9.14108958209173639e-04  7.72662772127859720e-04 -1.25609517473318966e-04 -1.31005344322041381e-06  5.29830657714722469e-06 -2.06347633097298772e-09  2.84451522448155726e-09  4.00000000000000000e+00 -2.50000000000000000e+00  1.65000000000000013e+00 -1.00000000000000006e-01  1.60000000000000009e+00 -8.00000000000000044e-01  2.30000000000000027e+00
 1.01727999999999477e-06  1.00001329993566950e-05 -9.14108958207619326e-04  7.72662772137259536e-04 -1.25609517473837052e-04 -1.31005344295925110e-06  5.29830657596610924e-06 -2.06347632605881523e-09  2.84451529113225839e-09  4.00000000000000000e+00 -2.50000000000000000e+00  1.65000000000000013e+00 -1.00000000000000006e-01  1.60000000000000009e+00 -8.00000000000000044e-01  2.30000000000000027e+00
 1.01827999999999485e-06  1.00001329993866139e-05 -9.14108958206760747e-04  7.72662772128599796e-04 -1.25609517473082122e-04 -1.31005344286045868e-06  5.29830657593816054e-06 -2.06347635424833104e-09  2.84451524822013164e-09  4.00000000000000000e+00 -2.50000000000000000e+00  1.65000000000000013e+00 -1.00000000000000006e-01  1.60000000000000009e+00 -8.00000000000000044e-01  2.30000000000000027e+00
 1.01927999999999492e-06  1.00001329994046252e-05 -9.14108958203178434e-04  7.72662772136667453e-04 -1.25609517473378190e-04 -1.31005344341305472e-06  5.29830657604212791e-06 -2.06347633379683013e-09  2.84451527853500614e-09  4.00000000000000000e+00 -2.50000000000000000e+00  1.65000000000000013e+00 -1.00000000000000006e-01  1.60000000000000009e+00 -8.00000000000000044e-01  2.30000000000000027e+00
 1.02027999999999500e-06  1.00001329993861243e-05 -9.14108958216889689e-04  7.72662772148213772e-04 -1.25609517473437388e-04 -1.31005344309906977e-06  5.29830657647214705e-06 -2.06347634369104846e-09  2.84451525816772504e-09  4.00000000000000000e+00 -2.50000000000000000e+00  1.65000000000000013e+00 -1.00000000000000006e-01  1.60000000000000009e+00 -8.00000000000000044e-01  2.30000000000000027e+00
 1.02127999999999507e-06  1.00001329994249151e-05 -9.14108958192490694e-04  7.72662772147917677e-04 -1.25609517473407789e-04 -1.31005344280911091e-06  5.29830657636775532e-06 -2.06347633580615978e-09  2.84451524543679461e-09  4.00000000000000000e+00 -2.50000000000000000e+00  1.65000000000000013e+00 -1.00000000000000006e-01  1.60000000000000009e+00 -8.00000000000000044e-01  2.30000000000000027e+00
 1.02227999999999515e-06  1.00001329993103251e-05 -9.14108958217167244e-04  7.72662772151766486e-04 -1.25609517473096894e-04 -1.31005344317435681e-06  5.29830657638764705e-06 -2.06347634141783950e-09  2.84451526958314919e-09  4.00000000000000000e+00 -2.50000000000000000e+00  1.65000000000000013e+00 -1.00000000000000006e-01  1.60000000000000009e+00 -8.00000000000000044e-01  2.30000000000000027e+00
 1.02327999999999522e-06  1.00001329993165203e-05 -9.14108958218666045e-04  7.72662772150212174e-04 -1.25609517473896249e-04 -1.31005344341557020e-06  5.29830657645618726e-06 -2.06347632555515985e-09  2.84451525665976610e-09  4.00000000000000000e+00 -2.50000000000000000e+00  1.65000000000000013e+00 -1.00000000000000006e-01  1.60000000000000009e+00 -8.00000000000000044e-01  2.30000000000000027e+00
 1.02427999999999530e-06  1.00001329991071303e-05 -9.14108958206760747e-04  7.72662772154727117e-04 -1.25609517474221943e-04 -1.31005344251594264e-06  5.29830657520229050e-06 -2.06347636565301591e-09  2.84451532158666503e-09  4.00000000000000000e+00 -2.50000000000000000e+00  1.65000000000000013e+00 -1.00000000000000006e-01  1.60000000000000009e+00 -8.00000000000000044e-01  2.30000000000000027e+00
 1.02527999999999537e-06  1.00001329994197516e-05 -9.14108958201431676e-04  7.72662772143402842e-04 -1.25609517473333765e-04 -1.31005344293140892e-06  5.29830657546037890e-06 -2.06347636765893096e-09  2.84451527424744944e-09  4.00000000000000000e+00 -2.50000000000000000e+00  1.65000000000000013e+00 -1.00000000000000006e-01  1.60000000000000009e+00 -8.00000000000000044e-01  2.30000000000000027e+00
 1.02627999999999545e-06  1.00001329994533974e-05 -9.14108958179641706e-04  7.72662772136297415e-04 -1.25609517470980098e-04 -1.31005344254482562e-06  5.29830657564807632e-06 -2.06347636312189741e-09  2.84451527633652055e-09  4.00000000000000000e+00 -2.50000000000000000e+00  1.65000000000000013e+00 -1.00000000000000006e-01  1.60000000000000009e+00 -8.00000000000000044e-01  2.30000000000000027e+00
 1.02727999999999552e-06  1.00001329996589621e-05 -9.14108958191217624e-04  7.72662772135261134e-04 -1.25609517471320564e-04 -1.31005344366259486e-06  5.29830657719687606e-06 -2.06347630967757936e-09  2.84451521926402207e-09  4.00000000000000000e+00 -2.50000000000000000e+00  1.65000000000000013e+00 -1.00000000000000006e-01  1.60000000000000009e+00 -8.00000000000000044e-01  2.30000000000000027e+00
 1.02827999999999560e-06  1.00001329994526774e-05 -9.14108958211338573e-04  7.72662772141774479e-04 -1.25609517473185717e-04 -1.31005344345642281e-06  5.29830657695698278e-06 -2.06347631456789886e-09  2.84451526101544361e-09  4.00000000000000000e+00 -2.50000000000000000e+00  1.65000000000000013e+00 -1.00000000000000006e-01  1.60000000000000009e+00 -8.00000000000000044e-01  2.30000000000000027e+00
 1.02927999999999567e-06  1.00001329992552120e-05 -9.14108958220856893e-04  7.72662772147917677e-04 -1.25609517474429189e-04 -1.31005344301892563e-06  5.29830657685328477e-06 -2.06347633563136866e-09  2.84451524980920805e-09  4.00000000000000000e+00 -2.50000000000000000e+00  1.65000000000000013e+00 -1.00000000000000006e-01  1.60000000000000009e+00 -8.00000000000000044e-01  2.30000000000000027e+00
 1.03027999999999575e-06  1.00001329991445455e-05 -9.14108958215028222e-04  7.72662772143994925e-04 -1.25609517476353566e-04 -1.31005344323403134e-06  5.29830657589968830e-06 -2.06347633534443418e-09  2.84451529624467133e-09  4.00000000000000000e+00 -2.50000000000000000e+00  1.65000000000000013e+00 -1.00000000000000006e-01  1.60000000000000009e+00 -8.00000000000000044e-01  2.30000000000000027e+00
 1.03127999999999582e-06  1.00001329991397936e-05 -9.14108958197542209e-04  7.72662772143772880e-04 -1.25609517475879878e-04 -1.31005344241983892e-06  5.29830657490095006e-06 -2.06347637584872916e-09  2.84451531028633561e-09  4.00000000000000000e+00 -2.50000000000000000e+00  1.65000000000000013e+00 -1.00000000000000006e-01  1.60000000000000009e+00 -8.00000000000000044e-01  2.30000000000000027e+00
 1.03227999999999590e-06  1.00001329988075992e-05 -9.14108958184778331e-04  7.72662772155985333e-04 -1.25609517474221943e-04 -1.31005344306238054e-06  5.29830657575990839e-06 -2.06347636524930172e-09  2.84451525438939272e-09  4.00000000000000000e+00 -2.50000000000000000e+00  1.65000000000000013e+00 -1.00000000000000006e-01  1.60000000000000009e+00 -8.00000000000000044e-01  2.30000000000000027e+00
 1.03327999999999598e-06  1.00001329990325897e-05 -9.14108958208285460e-04  7.72662772143772880e-04 -1.25609517472090321e-04 -1.31005344278144195e-06  5.29830657659392498e-06 -2.06347633658865734e-09  2.84451525003708018e-09  4.00000000000000000e+00 -2.50000000000000000e+00  1.65000000000000013e+00 -1.00000000000000006e-01  1.60000000000000009e+00 -8.00000000000000044e-01  2.30000000000000027e+00
 1.03427999999999605e-06  1.00001329993527174e-05 -9.14108958210505906e-04  7.72662772132448605e-04 -1.25609517472341964e-04 -1.31005344345711674e-06  5.29830657657677002e-06 -2.06347632906232582e-09  2.84451527243353087e-09  4.00000000000000000e+00 -2.50000000000000000e+00  1.65000000000000013e+00 -1.00000000000000006e-01  1.60000000000000009e+00 -8.00000000000000044e-01  2.30000000000000027e+00
 1.03527999999999613e-06  1.00001329993946828e-05 -9.14108958202290256e-04  7.72662772145031097e-04 -1.25609517473126520e-04 -1.31005344293947521e-06  5.29830657584541043e-06 -2.06347634180380404e-09  2.84451525100632327e-09  4.00000000000000000e+00 -2.50000000000000000e+00  1.65000000000000013e+00 -1.00000000000000006e-01  1.60000000000000009e+00 -8.00000000000000044e-01  2.30000000000000027e+00
 1.03627999999999620e-06  1.00001329991148705e-05 -9.14108958208507505e-04  7.72662772145327192e-04 -1.25609517473037696e-04 -1.31005344308753403e-06  5.29830657658421036e-06 -2.06347633881993279e-09  2.84451526303972745e-09  4.00000000000000000e+00 -2.50000000000000000e+00  1.65000000000000013e+00 -1.00000000000000006e-01  1.60000000000000009e+00 -8.00000000000000044e-01  2.30000000000000027e+00
 1.03727999999999628e-06  1.00001329992171006e-05 -9.14108958211838174e-04  7.72662772162128531e-04 -1.25609517474133120e-04 -1.31005344336534982e-06  5.29830657730851501e-06 -2.06347630766381768e-09  2.84451523199022764e-09  4.00000000000000000e+00 -2.50000000000000000e+00  1.65000000000000013e+00 -1.00000000000000006e-01  1.60000000000000009e+00 -8.00000000000000044e-01  2.30000000000000027e+00
 1.03827999999999635e-06  1.00001329991917981e-05 -9.14108958207589728e-04  7.72662772151470390e-04 -1.25609517474843652e-04 -1.31005344297555754e-06  5.29830657572340211e-06 -2.06347636848568185e-09  2.84451530705648276e-09  4.00000000000000000e+00 -2.50000000000000000e+00  1.65000000000000013e+00 -1.00000000000000006e-01  1.60000000000000009e+00 -8.00000000000000044e-01  2.30000000000000027e+00
 1.03927999999999643e-06  1.00001329994858947e-05 -9.14108958185052200e-04  7.72662772133706822e-04 -1.25609517474769655e-04 -1.31005344279800864e-06  5.29830657530487043e-06 -2.06347635338798421e-09  2.84451530088023822e-09  4.00000000000000000e+00 -2.50000000000000000e+00  1.65000000000000013e+00 -1.00000000000000006e-01  1.60000000000000009e+00 -8.00000000000000044e-01  2.30000000000000027e+00
 1.04027999999999650e-06  1.00001329992234093e-05 -9.14108958174257124e-04  7.72662772133336784e-04 -1.25609517473881450e-04 -1.31005344290460731e-06  5.29830657570011803e-06 -2.06347636384441776e-09  2.84451527545199729e-09  4.00000000000000000e+00 -2.50000000000000000e+00  1.65000000000000013e+00 -1.00000000000000006e-01  1.60000000000000009e+00 -8.00000000000000044e-01  2.30000000000000027e+00
 1.04127999999999658e-06  1.00001329991233832e-05 -9.14108958177558195e-04  7.72662772139554033e-04 -1.25609517472815652e-04 -1.31005344268698634e-06  5.29830657557830198e-06 -2.06347635644985363e-09  2.84451527454312722e-09  4.00000000000000000e+00 -2.50000000000000000e+00  1.65000000000000013e+00 -1.00000000000000006e-01  1.60000000000000009e+00 -8.00000000000000044e-01  2.30000000000000027e+00
 1.04227999999999665e-06  1.00001329989946427e-05 -9.14108958180585396e-04  7.72662772130154108e-04 -1.25609517471927473e-04 -1.31005344302612478e-06  5.29830657613337453e-06 -2.06347633921448347e-09  2.84451526883454578e-09  4.00000000000000000e+00 -2.50000000000000000e+00  1.65000000000000013e+00 -1.00000000000000006e-01  1.60000000000000009e+00 -8.00000000000000044e-01  2.30000000000000027e+00
 1.04327999999999673e-06  1.00001329988129964e-05 -9.14108958187609399e-04  7.72662772137259536e-04 -1.25609517472445587e-04 -1.31005344313983577e-06  5.29830657640152483e-06 -2.06347633116095748e-09  2.84451526378682291e-09  4.00000000000000000e+00 -2.50000000000000000e+00  1.65000000000000013e+00 -1.00000000000000006e-01  1.60000000000000009e+00 -8.00000000000000044e-01  2.30000000000000027e+00
 1.04427999999999680e-06  1.00001329988856973e-05 -9.14108958209203237e-04  7.72662772140220167e-04 -1.25609517472889676e-04 -1.31005344342571829e-06  5.29830657685752587e-06 -2.06347632206359946e-09  2.84451522777370921e-09  4.00000000000000000e+00 -2.50000000000000000e+00  1.65000000000000013e+00 -1.00000000000000006e-01  1.60000000000000009e+00 -8.00000000000000044e-01  2.30000000000000027e+00
 1.04527999999999688e-06  1.00001329990605791e-05 -9.14108958206094613e-04  7.72662772137259536e-04 -1.25609517472741628e-04 -1.31005344289940314e-06  5.29830657681585354e-06 -2.06347632935037658e-09  2.84451524627974088e-09  4.00000000000000000e+00 -2.50000000000000000e+00  1.65000000000000013e+00 -1.00000000000000006e-01  1.60000000000000009e+00 -8.00000000000000044e-01  2.30000000000000027e+00
 1.04627999999999695e-06  1.00001329987825168e-05 -9.14108958208814659e-04  7.72662772163386856e-04 -1.25609517473940701e-04 -1.31005344335832432e-06  5.29830657569576173e-06 -2.06347634247092438e-09  2.84451528725503332e-09  4.00000000000000000e+00 -2.50000000000000000e+00  1.65000000000000013e+00 -1.00000000000000006e-01  1.60000000000000009e+00 -8.00000000000000044e-01  2.30000000000000027e+00
 1.04727999999999703e-06  1.00001329986236405e-05 -9.14108958195214427e-04  7.72662772153764887e-04 -1.25609517474532811e-04 -1.31005344293852124e-06  5.29830657592875424e-06 -2.06347634253663892e-09  2.84451528494303538e-09  4.00000000000000000e+00 -2.50000000000000000e+00  1.65000000000000013e+00 -1.00000000000000006e-01  1.60000000000000009e+00 -8.00000000000000044e-01  2.30000000000000027e+00
 1.04827999999999710e-06  1.00001329989261787e-05 -9.14108958192771937e-04  7.72662772146215371e-04 -1.25609517473230142e-04 -1.31005344257674458e-06  5.29830657539947130e-06 -2.06347636552834903e-09  2.84451526599800283e-09  4.00000000000000000e+00 -2.50000000000000000e+00  1.65000000000000013e+00 -1.00000000000000006e-01  1.60000000000000009e+00 -8.00000000000000044e-01  2.30000000000000027e+00
 1.04927999999999718e-06  1.00001329993294443e-05 -9.14108958185995890e-04  7.72662772139554033e-04 -1.25609517472297566e-04 -1.31005344301823170e-06  5.29830657583800906e-06 -2.06347636005890220e-09  2.84451529378408280e-09  4.00000000000000000e+00 -2.50000000000000000e+00  1.65000000000000013e+00 -1.00000000000000006e-01  1.60000000000000009e+00 -8.00000000000000044e-01  2.30000000000000027e+00
 1.05027999999999725e-06  1.00001329995134249e-05 -9.14108958212030620e-04  7.72662772137555631e-04 -1.25609517471764653e-04 -1.31005344310219236e-06  5.29830657657168189e-06 -2.06347634059577872e-09  2.84451521257935013e-09  4.00000000000000000e+00 -2.50000000000000000e+00  1.65000000000000013e+00 -1.00000000000000006e-01  1.60000000000000009e+00 -8.00000000000000044e-01  2.30000000000000027e+00
 1.05127999999999733e-06  1.00001329993184363e-05 -9.14108958185581399e-04  7.72662772143180797e-04 -1.25609517471587007e-04 -1.31005344294866933e-06  5.29830657655564502e-06 -2.06347631288616664e-09  2.84451527074289115e-09  4.00000000000000000e+00 -2.50000000000000000e+00  1.65000000000000013e+00 -1.00000000000000006e-01  1.60000000000000009e+00 -8.00000000000000044e-01  2.30000000000000027e+00
 1.05227999999999740e-06  1.00001329992834487e-05 -9.14108958205842969e-04  7.72662772149916078e-04 -1.25609517472504784e-04 -1.31005344341990701e-06  5.29830657625634762e-06 -2.06347634373333972e-09  2.84451527563183256e-09  4.00000000000000000e+00 -2.50000000000000000e+00  1.65000000000000013e+00 -1.00000000000000006e-01  1.60000000000000009e+00 -8.00000000000000044e-01  2.30000000000000027e+00
 1.05327999999999748e-06  1.00001329994481915e-05 -9.14108958207593414e-04  7.72662772152876709e-04 -1.25609517473911103e-04 -1.31005344342745301e-06  5.29830657668096947e-06 -2.06347633484591352e-09  2.84451525678206682e-09  4.00000000000000000e+00 -2.50000000000000000e+00  1.65000000000000013e+00 -1.00000000000000006e-01  1.60000000000000009e+00 -8.00000000000000044e-01  2.30000000000000027e+00
 1.05427999999999755e-06  1.00001329996469089e-05 -9.14108958214058620e-04  7.72662772148139721e-04 -1.25609517474488413e-04 -1.31005344274605354e-06  5.29830657582451667e-06 -2.06347635043289181e-09  2.84451528569749607e-09  4.00000000000000000e+00 -2.50000000000000000e+00  1.65000000000000013e+00 -1.00000000000000006e-01  1.60000000000000009e+00 -8.00000000000000044e-01  2.30000000000000027e+00
 1.05527999999999763e-06  1.00001329996085535e-05 -9.14108958207674837e-04  7.72662772144957154e-04 -1.25609517473970300e-04 -1.31005344277797250e-06  5.29830657626182115e-06 -2.06347634682345612e-09  2.84451524680274484e-09  4.00000000000000000e+00 -2.50000000000000000e+00  1.65000000000000013e+00 -1.00000000000000006e-01  1.60000000000000009e+00 -8.00000000000000044e-01  2.30000000000000027e+00
 1.05627999999999770e-06  1.00001329992485730e-05 -9.14108958197349763e-04  7.72662772141108345e-04 -1.25609517473659432e-04 -1.31005344309551372e-06  5.29830657579976806e-06 -2.06347633763323715e-09  2.84451528925581985e-09  4.00000000000000000e+00 -2.50000000000000000e+00  1.65000000000000013e+00 -1.00000000000000006e-01  1.60000000000000009e+00 -8.00000000000000044e-01  2.30000000000000027e+00
 1.05727999999999778e-06  1.00001329989863400e-05 -9.14108958197127719e-04  7.72662772155023104e-04 -1.25609517473822252e-04 -1.31005344310566181e-06  5.29830657573766530e-06 -2.06347633989077517e-09  2.84451526071766644e-09  4.00000000000000000e+00 -2.50000000000000000e+00  1.65000000000000013e+00 -1.00000000000000006e-01  1.60000000000000009e+00 -8.00000000000000044e-01  2.30000000000000027e+00
 1.05827999999999785e-06  1.00001329987680071e-05 -9.14108958192272336e-04  7.72662772151174403e-04 -1.25609517473970273e-04 -1.31005344315267277e-06  5.29830657625773506e-06 -2.06347634274116511e-09  2.84451527121626428e-09  4.00000000000000000e+00 -2.50000000000000000e+00  1.65000000000000013e+00 -1.00000000000000006e-01  1.60000000000000009e+00 -8.00000000000000044e-01  2.30000000000000027e+00
 1.05927999999999793e-06  1.00001329983724326e-05 -9.14108958210979594e-04  7.72662772147991728e-04 -1.25609517474562410e-04 -1.31005344315978509e-06  5.29830657623842186e-06 -2.06347633317262930e-09  2.84451528679661437e-09  4.00000000000000000e+00 -2.50000000000000000e+00  1.65000000000000013e+00 -1.00000000000000006e-01  1.60000000000000009e+00 -8.00000000000000044e-01  2.30000000000000027e+00
 1.06027999999999800e-06  1.00001329986856552e-05 -9.14108958205787458e-04  7.72662772143772880e-04 -1.25609517473170945e-04 -1.31005344272853288e-06  5.29830657644628036e-06 -2.06347635709036977e-09  2.84451523460401250e-09  4.00000000000000000e+00 -2.50000000000000000e+00  1.65000000000000013e+00 -1.00000000000000006e-01  1.60000000000000009e+00 -8.00000000000000044e-01  2.30000000000000027e+00
 1.06127999999999808e-06  1.00001329987745954e-05 -9.14108958191661713e-04  7.72662772150212174e-04 -1.25609517472060722e-04 -1.31005344282671819e-06  5.29830657610750784e-06 -2.06347634868811726e-09  2.84451525952202691e-09  4.00000000000000000e+00 -2.50000000000000000e+00  1.65000000000000013e+00 -1.00000000000000006e-01  1.60000000000000009e+00 -8.00000000000000044e-01  2.30000000000000027e+00
 1.06227999999999815e-06  1.00001329988506115e-05 -9.14108958199459187e-04  7.72662772143106746e-04 -1.25609517472712056e-04 -1.31005344304251783e-06  5.29830657588311187e-06 -2.06347634199504034e-09  2.84451529929417233e-09  4.00000000000000000e+00 -2.50000000000000000e+00  1.65000000000000013e+00 -1.00000000000000006e-01  1.60000000000000009e+00 -8.00000000000000044e-01  2.30000000000000027e+00
 1.06327999999999823e-06  1.00001329991735885e-05 -9.14108958187886955e-04  7.72662772148213772e-04 -1.25609517472341964e-04 -1.31005344307044683e-06  5.29830657637642894e-06 -2.06347634888814153e-09  2.84451524581893386e-09  4.00000000000000000e+00 -2.50000000000000000e+00  1.65000000000000013e+00 -1.00000000000000006e-01  1.60000000000000009e+00 -8.00000000000000044e-01  2.30000000000000027e+00
 1.06427999999999830e-06  1.00001329998128036e-05 -9.14108958203622523e-04  7.72662772134299013e-04 -1.25609517472549182e-04 -1.31005344328633330e-06  5.29830657651902270e-06 -2.06347633410848449e-09  2.84451526831042760e-09  4.00000000000000000e+00 -2.50000000000000000e+00  1.65000000000000013e+00 -1.00000000000000006e-01  1.60000000000000009e+00 -8.00000000000000044e-01  2.30000000000000027e+00
 1.06527999999999838e-06  1.00001329998965854e-05 -9.14108958204788258e-04  7.72662772151100352e-04 -1.25609517473067295e-04 -1.31005344315189223e-06  5.29830657658224439e-06 -2.06347632423822090e-09  2.84451524697238925e-09  4.00000000000000000e+00 -2.50000000000000000e+00  1.65000000000000013e+00 -1.00000000000000006e-01  1.60000000000000009e+00 -8.00000000000000044e-01  2.30000000000000027e+00
 1.06627999999999845e-06  1.00001329994686694e-05 -9.14108958209203237e-04  7.72662772153320798e-04 -1.25609517474473614e-04 -1.31005344329153747e-06  5.29830657586672856e-06 -2.06347633267531094e-09  2.84451528198120518e-09  4.00000000000000000e+00 -2.50000000000000000e+00  1.65000000000000013e+00 -1.00000000000000006e-01  1.60000000000000009e+00 -8.00000000000000044e-01  2.30000000000000027e+00
 1.06727999999999853e-06  1.00001329992114916e-05 -9.14108958217807466e-04  7.72662772154356970e-04 -1.25609517474621634e-04 -1.31005344301823170e-06  5.29830657666042215e-06 -2.06347634048445593e-09  2.84451524097563959e-09  4.00000000000000000e+00 -2.50000000000000000e+00  1.65000000000000013e+00 -1.00000000000000006e-01  1.60000000000000009e+00 -8.00000000000000044e-01  2.30000000000000027e+00
 1.06827999999999860e-06  1.00001329986791585e-05 -9.14108958212337774e-04  7.72662772159538047e-04 -1.25609517474458787e-04 -1.31005344289688788e-06  5.29830657600778072e-06 -2.06347635373013506e-09  2.84451529005197251e-09  4.00000000000000000e+00 -2.50000000000000000e+00  1.65000000000000013e+00 -1.00000000000000006e-01  1.60000000000000009e+00 -8.00000000000000044e-01  2.30000000000000027e+00
 1.06927999999999868e-06  1.00001329987554202e-05 -9.14108958211893685e-04  7.72662772151766486e-04 -1.25609517474384763e-04 -1.31005344301467564e-06  5.29830657616062951e-06 -2.06347634320147623e-09  2.84451526996697051e-09  4.00000000000000000e+00 -2.50000000000000000e+00  1.65000000000000013e+00 -1.00000000000000006e-01  1.60000000000000009e+00 -8.00000000000000044e-01  2.30000000000000027e+00
 1.07027999999999876e-06  1.00001329992016067e-05 -9.14108958215446399e-04  7.72662772164126933e-04 -1.25609517474488413e-04 -1.31005344289333161e-06  5.29830657595616338e-06 -2.06347634728708754e-09  2.84451528207321207e-09  4.00000000000000000e+00 -2.50000000000000000e+00  1.65000000000000013e+00 -1.00000000000000006e-01  1.60000000000000009e+00 -8.00000000000000044e-01  2.30000000000000027e+00
 1.07127999999999883e-06  1.00001329989313845e-05 -9.14108958199266741e-04  7.72662772147547638e-04 -1.25609517474236716e-04 -1.31005344279106975e-06  5.29830657567644854e-06 -2.06347635498949645e-09  2.84451528716386313e-09  4.00000000000000000e+00 -2.50000000000000000e+00  1.65000000000000013e+00 -1.00000000000000006e-01  1.60000000000000009e+00 -8.00000000000000044e-01  2.30000000000000027e+00
 1.07227999999999891e-06  1.00001329987565214e-05 -9.14108958199155719e-04  7.72662772140220167e-04 -1.25609517473304166e-04 -1.31005344304008917e-06  5.29830657620303367e-06 -2.06347635514548451e-09  2.84451527867246205e-09  4.00000000000000000e+00 -2.50000000000000000e+00  1.65000000000000013e+00 -1.00000000000000006e-01  1.60000000000000009e+00 -8.00000000000000044e-01  2.30000000000000027e+00
 1.07327999999999898e-06  1.00001329985948177e-05 -9.14108958169901342e-04  7.72662772125639274e-04 -1.25609517472534383e-04 -1.31005344260198489e-06  5.29830657555031517e-06 -2.06347635383339615e-09  2.84451527209891439e-09  4.00000000000000000e+00 -2.50000000000000000e+00  1.65000000000000013e+00 -1.00000000000000006e-01  1.60000000000000009e+00 -8.00000000000000044e-01  2.30000000000000027e+00
 1.07427999999999906e-06  1.00001329986341048e-05 -9.14108958187664911e-04  7.72662772143106746e-04 -1.25609517472415961e-04 -1.31005344323264348e-06  5.29830657577509653e-06 -2.06347634151710696e-09  2.84451526648881417e-09  4.00000000000000000e+00 -2.50000000000000000e+00  1.65000000000000013e+00 -1.00000000000000006e-01  1.60000000000000009e+00 -8.00000000000000044e-01  2.30000000000000027e+00
 1.07527999999999913e-06  1.00001329984403697e-05 -9.14108958190551490e-04  7.72662772119125929e-04 -1.25609517472386362e-04 -1.31005344307964095e-06  5.29830657652954709e-06 -2.06347634369747358e-09  2.84451525787330830e-09  4.00000000000000000e+00 -2.50000000000000000e+00  1.65000000000000013e+00 -1.00000000000000006e-01  1.60000000000000009e+00 -8.00000000000000044e-01  2.30000000000000027e+00
 1.07627999999999921e-06  1.00001329985436163e-05 -9.14108958188882470e-04  7.72662772130450204e-04 -1.25609517471764653e-04 -1.31005344297746570e-06  5.29830657678617012e-06 -2.06347632388364248e-09  2.84451525140927893e-09  4.00000000000000000e+00 -2.50000000000000000e+00  1.65000000000000013e+00 -1.00000000000000006e-01  1.60000000000000009e+00 -8.00000000000000044e-01  2.30000000000000027e+00
 1.07727999999999928e-06  1.00001329991725772e-05 -9.14108958200484300e-04  7.72662772136667453e-04 -1.25609517472889676e-04 -1.31005344341652417e-06  5.29830657670591036e-06 -2.06347633131346767e-09  2.84451525604590916e-09  4.00000000000000000e+00 -2.50000000000000000e+00  1.65000000000000013e+00 -1.00000000000000006e-01  1.60000000000000009e+00 -8.00000000000000044e-01  2.30000000000000027e+00
 1.07827999999999936e-06  1.00001329998005911e-05 -9.14108958201346566e-04  7.72662772143772880e-04 -1.25609517473259741e-04 -1.31005344297035337e-06  5.29830657582108619e-06 -2.06347634826239263e-09  2.84451526490357961e-09  4.00000000000000000e+00 -2.50000000000000000e+00  1.65000000000000013e+00 -1.00000000000000006e-01  1.60000000000000009e+00 -8.00000000000000044e-01  2.30000000000000027e+00
 1.07927999999999943e-06  1.00001329997357643e-05 -9.14108958184556286e-04  7.72662772136371357e-04 -1.25609517473748255e-04 -1.31005344284042254e-06  5.29830657560767624e-06 -2.06347634704203901e-09  2.84451528837677253e-09  4.00000000000000000e+00 -2.50000000000000000e+00  1.65000000000000013e+00 -1.00000000000000006e-01  1.60000000000000009e+00 -8.00000000000000044e-01  2.30000000000000027e+00
 1.08027999999999951e-06  1.00001329994540750e-05 -9.14108958174227526e-04  7.72662772136667453e-04 -1.25609517472134719e-04 -1.31005344296445527e-06  5.29830657622469823e-06 -2.06347635037547596e-09  2.84451525020282981e-09  4.00000000000000000e+00 -2.50000000000000000e+00  1.65000000000000013e+00 -1.00000000000000006e-01  1.60000000000000009e+00 -8.00000000000000044e-01  2.30000000000000027e+00
 1.08127999999999958e-06  1.00001329989621437e-05 -9.14108958210309774e-04  7.72662772134965147e-04 -1.25609517472726856e-04 -1.31005344366771221e-06  5.29830657668493952e-06 -2.06347632677441621e-09  2.84451525202158821e-09  4.00000000000000000e+00 -2.50000000000000000e+00  1.65000000000000013e+00 -1.00000000000000006e-01  1.60000000000000009e+00 -8.00000000000000044e-01  2.30000000000000027e+00
 1.08227999999999966e-06  1.00001329988739794e-05 -9.14108958206453592e-04  7.72662772136963548e-04 -1.25609517474207144e-04 -1.31005344309473296e-06  5.29830657657603734e-06 -2.06347632108165749e-09  2.84451526993114325e-09  4.00000000000000000e+00 -2.50000000000000000e+00  1.65000000000000013e+00 -1.00000000000000006e-01  1.60000000000000009e+00 -8.00000000000000044e-01  2.30000000000000027e+00
 1.08327999999999973e-06  1.00001329988010990e-05 -9.14108958193493581e-04  7.72662772151470390e-04 -1.25609517474784455e-04 -1.31005344289090295e-06  5.29830657563666594e-06 -2.06347635467596398e-09  2.84451527816547727e-09  4.00000000000000000e+00 -2.50000000000000000e+00  1.65000000000000013e+00 -1.00000000000000006e-01  1.60000000000000009e+00 -8.00000000000000044e-01  2.30000000000000027e+00
 1.08427999999999981e-06  1.00001329989093888e-05 -9.14108958201043098e-04  7.72662772158649869e-04 -1.25609517474369964e-04 -1.31005344290122469e-06  5.29830657631810395e-06 -2.06347634921964077e-09  2.84451527928886588e-09  4.00000000000000000e+00 -2.50000000000000000e+00  1.65000000000000013e+00 -1.00000000000000006e-01  1.60000000000000009e+00 -8.00000000000000044e-01  2.30000000000000027e+00
 1.08527999999999988e-06  1.00001329990740927e-05 -9.14108958215834977e-04  7.72662772134002918e-04 -1.25609517473807453e-04 -1.31005344302421662e-06  5.29830657619486150e-06 -2.06347634728387312e-09  2.84451524452864832e-09  4.00000000000000000e+00 -2.50000000000000000e+00  1.65000000000000013e+00 -1.00000000000000006e-01  1.60000000000000009e+00 -8.00000000000000044e-01  2.30000000000000027e+00
 1.08627999999999996e-06  1.00001329992022962e-05 -9.14108958210087729e-04  7.72662772144364963e-04 -1.25609517473822252e-04 -1.31005344324704177e-06  5.29830657696496268e-06 -2.06347632168884115e-09  2.84451523256705790e-09  4.00000000000000000e+00 -2.50000000000000000e+00  1.65000000000000013e+00 -1.00000000000000006e-01  1.60000000000000009e+00 -8.00000000000000044e-01  2.30000000000000027e+00
 1.08728000000000003e-06  1.00001329992157725e-05 -9.14108958199152033e-04  7.72662772152432620e-04 -1.25609517475376592e-04 -1.31005344317253548e-06  5.29830657587605778e-06 -2.06347632998506193e-09  2.84451530170573262e-09  4.00000000000000000e+00 -2.50000000000000000e+00  1.65000000000000013e+00 -1.00000000000000006e-01  1.60000000000000009e+00 -8.00000000000000044e-01  2.30000000000000027e+00
 1.08828000000000011e-06  1.00001329992673568e-05 -9.14108958204484789e-04  7.72662772147325594e-04 -1.25609517474873278e-04 -1.31005344291596984e-06  5.29830657563442977e-06 -2.06347636960072339e-09  2.84451528077601130e-09  4.00000000000000000e+00 -2.50000000000000000e+00  1.65000000000000013e+00 -1.00000000000000006e-01  1.60000000000000009e+00 -8.00000000000000044e-01  2.30000000000000027e+00
 1.08928000000000018e-06  1.00001329990784532e-05 -9.14108958202652921e-04  7.72662772141108345e-04 -1.25609517472845251e-04 -1.31005344251776398e-06  5.29830657632708588e-06 -2.06347635492408756e-09  2.84451524706326496e-09  4.00000000000000000e+00 -2.50000000000000000e+00  1.65000000000000013e+00 -1.00000000000000006e-01  1.60000000000000009e+00 -8.00000000000000044e-01  2.30000000000000027e+00
 1.09028000000000026e-06  1.00001329992006512e-05 -9.14108958205928079e-04  7.72662772135705223e-04 -1.25609517471690629e-04 -1.31005344297755252e-06  5.29830657634759425e-06 -2.06347634574195428e-09  2.84451527096257957e-09  4.00000000000000000e+00 -2.50000000000000000e+00  1.65000000000000013e+00 -1.00000000000000006e-01  1.60000000000000009e+00 -8.00000000000000044e-01  2.30000000000000027e+00
 1.09128000000000033e-06  1.00001329992079544e-05 -9.14108958205039901e-04  7.72662772147251543e-04 -1.25609517473082122e-04 -1.31005344342936116e-06  5.29830657657118045e-06 -2.06347631167343218e-09  2.84451527273144286e-09  4.00000000000000000e+00 -2.50000000000000000e+00  1.65000000000000013e+00 -1.00000000000000006e-01  1.60000000000000009e+00 -8.00000000000000044e-01  2.30000000000000027e+00
 1.09228000000000041e-06  1.00001329991423584e-05 -9.14108958206705235e-04  7.72662772164793067e-04 -1.25609517473940701e-04 -1.31005344285872396e-06  5.29830657590288755e-06 -2.06347635250719402e-09  2.84451526941715721e-09  4.00000000000000000e+00 -2.50000000000000000e+00  1.65000000000000013e+00 -1.00000000000000006e-01  1.60000000000000009e+00 -8.00000000000000044e-01  2.30000000000000027e+00
 1.09328000000000048e-06  1.00001329991227157e-05 -9.14108958189885357e-04  7.72662772150582212e-04 -1.25609517473600208e-04 -1.31005344278751348e-06  5.29830657508691276e-06 -2.06347636551604472e-09  2.84451529028216612e-09  4.00000000000000000e+00 -2.50000000000000000e+00  1.65000000000000013e+00 -1.00000000000000006e-01  1.60000000000000009e+00 -8.00000000000000044e-01  2.30000000000000027e+00
 1.09428000000000056e-06  1.00001329993016921e-05 -9.14108958185414866e-04  7.72662772126601395e-04 -1.25609517472578808e-04 -1.31005344298188933e-06  5.29830657639443178e-06 -2.06347634716102687e-09  2.84451526983561175e-09  4.00000000000000000e+00 -2.50000000000000000e+00  1.65000000000000013e+00 -1.00000000000000006e-01  1.60000000000000009e+00 -8.00000000000000044e-01  2.30000000000000027e+00
 1.09528000000000063e-06  1.00001329991489145e-05 -9.14108958205150923e-04  7.72662772136001319e-04 -1.25609517472164317e-04 -1.31005344324097024e-06  5.29830657647619502e-06 -2.06347632923247894e-09  2.84451525228179690e-09  4.00000000000000000e+00 -2.50000000000000000e+00  1.65000000000000013e+00 -1.00000000000000006e-01  1.60000000000000009e+00 -8.00000000000000044e-01  2.30000000000000027e+00
 1.09628000000000071e-06  1.00001329991307964e-05 -9.14108958194270738e-04  7.72662772133336784e-04 -1.25609517472164317e-04 -1.31005344293071499e-06  5.29830657618264051e-06 -2.06347633654623125e-09  2.84451525086568975e-09  4.00000000000000000e+00 -2.50000000000000000e+00  1.65000000000000013e+00 -1.00000000000000006e-01  1.60000000000000009e+00 -8.00000000000000044e-01  2.30000000000000027e+00
 1.09728000000000078e-06  1.00001329990838708e-05 -9.14108958173813035e-04  7.72662772151174403e-04 -1.25609517472593607e-04 -1.31005344295656241e-06  5.29830657510981060e-06 -2.06347635877268928e-09  2.84451533492220534e-09  4.00000000000000000e+00 -2.50000000000000000e+00  1.65000000000000013e+00 -1.00000000000000006e-01  1.60000000000000009e+00 -8.00000000000000044e-01  2.30000000000000027e+00
 1.09828000000000086e-06  1.00001329988318192e-05 -9.14108958174923258e-04  7.72662772119792063e-04 -1.25609517471957099e-04 -1.31005344248411030e-06  5.29830657567455965e-06 -2.06347636795268968e-09  2.84451527749675592e-09  4.00000000000000000e+00 -2.50000000000000000e+00  1.65000000000000013e+00 -1.00000000000000006e-01  1.60000000000000009e+00 -8.00000000000000044e-01  2.30000000000000027e+00
 1.09928000000000093e-06  1.00001329987830521e-05 -9.14108958184278730e-04  7.72662772128599796e-04 -1.25609517470787652e-04 -1.31005344325068465e-06  5.29830657624856000e-06 -2.06347634504310619e-09  2.84451522875353525e-09  4.00000000000000000e+00 -2.50000000000000000e+00  1.65000000000000013e+00 -1.00000000000000006e-01  1.60000000000000009e+00 -8.00000000000000044e-01  2.30000000000000027e+00
 1.10028000000000101e-06  1.00001329989868042e-05 -9.14108958195351362e-04  7.72662772139554033e-04 -1.25609517469544180e-04 -1.31005344281171300e-06  5.29830657663447838e-06 -2.06347633065771858e-09  2.84451525259475903e-09  4.00000000000000000e+00 -2.50000000000000000e+00  1.65000000000000013e+00 -1.00000000000000006e-01  1.60000000000000009e+00 -8.00000000000000044e-01  2.30000000000000027e+00
 1.10128000000000108e-06  1.00001329992831997e-05 -9.14108958209203237e-04  7.72662772134002918e-04 -1.25609517471335363e-04 -1.31005344364273215e-06  5.29830657669530974e-06 -2.06347631570260082e-09  2.84451525690506403e-09  4.00000000000000000e+00 -2.50000000000000000e+00  1.65000000000000013e+00 -1.00000000000000006e-01  1.60000000000000009e+00 -8.00000000000000044e-01  2.30000000000000027e+00
 1.10228000000000116e-06  1.00001329992488491e-05 -9.14108958203874167e-04  7.72662772130450204e-04 -1.25609517472638032e-04 -1.31005344312994793e-06  5.29830657603642314e-06 -2.06347633780319133e-09  2.84451525191757563e-09  4.00000000000000000e+00 -2.50000000000000000e+00  1.65000000000000013e+00 -1.00000000000000006e-01  1.60000000000000009e+00 -8.00000000000000044e-01  2.30000000000000027e+00
 1.10328000000000123e-06  1.00001329991172524e-05 -9.14108958204592125e-04  7.72662772156281429e-04 -1.25609517474680832e-04 -1.31005344366511013e-06  5.29830657664153331e-06 -2.06347631992161899e-09  2.84451528082542128e-09  4.00000000000000000e+00 -2.50000000000000000e+00  1.65000000000000013e+00 -1.00000000000000006e-01  1.60000000000000009e+00 -8.00000000000000044e-01  2.30000000000000027e+00
 1.10428000000000131e-06  1.00001329994054672e-05 -9.14108958214003109e-04  7.72662772155023104e-04 -1.25609517474680832e-04 -1.31005344282047322e-06  5.29830657625176009e-06 -2.06347634920280186e-09  2.84451524560943176e-09  4.00000000000000000e+00 -2.50000000000000000e+00  1.65000000000000013e+00 -1.00000000000000006e-01  1.60000000000000009e+00 -8.00000000000000044e-01  2.30000000000000027e+00
 1.10528000000000138e-06  1.00001329993912269e-05 -9.14108958218580936e-04  7.72662772151544441e-04 -1.25609517475302541e-04 -1.31005344319066326e-06  5.29830657690521128e-06 -2.06347631538634196e-09  2.84451524306459985e-09  4.00000000000000000e+00 -2.50000000000000000e+00  1.65000000000000013e+00 -1.00000000000000006e-01  1.60000000000000009e+00 -8.00000000000000044e-01  2.30000000000000027e+00
 1.10628000000000146e-06  1.00001329990995579e-05 -9.14108958213810663e-04  7.72662772157687639e-04 -1.25609517474828853e-04 -1.31005344269487920e-06  5.29830657562614156e-06 -2.06347635444282602e-09  2.84451527978410925e-09  4.00000000000000000e+00 -2.50000000000000000e+00  1.65000000000000013e+00 -1.00000000000000006e-01  1.60000000000000009e+00 -8.00000000000000044e-01  2.30000000000000027e+00
 1.10728000000000153e-06  1.00001329987028991e-05 -9.14108958204066613e-04  7.72662772150212174e-04 -1.25609517474666033e-04 -1.31005344302950740e-06  5.29830657540752828e-06 -2.06347635559887379e-09  2.84451530419594166e-09  4.00000000000000000e+00 -2.50000000000000000e+00  1.65000000000000013e+00 -1.00000000000000006e-01  1.60000000000000009e+00 -8.00000000000000044e-01  2.30000000000000027e+00
 1.10828000000000161e-06  1.00001329984719369e-05 -9.14108958188775134e-04  7.72662772150212174e-04 -1.25609517472608434e-04 -1.31005344248298290e-06  5.29830657564649576e-06 -2.06347636994563619e-09  2.84451528215376623e-09  4.00000000000000000e+00 -2.50000000000000000e+00  1.65000000000000013e+00 -1.00000000000000006e-01  1.60000000000000009e+00 -8.00000000000000044e-01  2.30000000000000027e+00
 1.10928000000000169e-06  1.00001329987131313e-05 -9.14108958200987587e-04  7.72662772152432620e-04 -1.25609517471986671e-04 -1.31005344330706316e-06  5.29830657643803111e-06 -2.06347633682651809e-09  2.84451524106663938e-09  4.00000000000000000e+00 -2.50000000000000000e+00  1.65000000000000013e+00 -1.00000000000000006e-01  1.60000000000000009e+00 -8.00000000000000044e-01  2.30000000000000027e+00
 1.11028000000000176e-06  1.00001329990328608e-05 -9.14108958200543498e-04  7.72662772138739905e-04 -1.25609517472549209e-04 -1.31005344320280632e-06  5.29830657640322059e-06 -2.06347634665921238e-09  2.84451528756783828e-09  4.00000000000000000e+00 -2.50000000000000000e+00  1.65000000000000013e+00 -1.00000000000000006e-01  1.60000000000000009e+00 -8.00000000000000044e-01  2.30000000000000027e+00
 1.11128000000000184e-06  1.00001329998283382e-05 -9.14108958203093324e-04  7.72662772132448605e-04 -1.25609517473541010e-04 -1.31005344325935826e-06  5.29830657648571652e-06 -2.06347633692700523e-09  2.84451525240506460e-09  4.00000000000000000e+00 -2.50000000000000000e+00  1.65000000000000013e+00 -1.00000000000000006e-01  1.60000000000000009e+00 -8.00000000000000044e-01  2.30000000000000027e+00
 1.11228000000000191e-06  1.00001329998956706e-05 -9.14108958211867773e-04  7.72662772142070574e-04 -1.25609517473792654e-04 -1.31005344302872686e-06  5.29830657662800196e-06 -2.06347633037906253e-09  2.84451523573930341e-09  4.00000000000000000e+00 -2.50000000000000000e+00  1.65000000000000013e+00 -1.00000000000000006e-01  1.60000000000000009e+00 -8.00000000000000044e-01  2.30000000000000027e+00
 1.11328000000000199e-06  1.00001329996498260e-05 -9.14108958219861378e-04  7.72662772141108345e-04 -1.25609517474133147e-04 -1.31005344298692007e-06  5.29830657607894335e-06 -2.06347633046908873e-09  2.84451527151816039e-09  4.00000000000000000e+00 -2.50000000000000000e+00  1.65000000000000013e+00 -1.00000000000000006e-01  1.60000000000000009e+00 -8.00000000000000044e-01  2.30000000000000027e+00
 1.11428000000000206e-06  1.00001329991245284e-05 -9.14108958207704436e-04  7.72662772159760092e-04 -1.25609517474917676e-04 -1.31005344334886995e-06  5.29830657599116617e-06 -2.06347632525244359e-09  2.84451526977305456e-09  4.00000000000000000e+00 -2.50000000000000000e+00  1.65000000000000013e+00 -1.00000000000000006e-01  1.60000000000000009e+00 -8.00000000000000044e-01  2.30000000000000027e+00
 1.11528000000000214e-06  1.00001329987584865e-05 -9.14108958204288657e-04  7.72662772149768085e-04 -1.25609517474221943e-04 -1.31005344288361720e-06  5.29830657569387285e-06 -2.06347636027111373e-09  2.84451526982723737e-09  4.00000000000000000e+00 -2.50000000000000000e+00  1.65000000000000013e+00 -1.00000000000000006e-01  1.60000000000000009e+00 -8.00000000000000044e-01  2.30000000000000027e+00
 1.11628000000000221e-06  1.00001329988036960e-05 -9.14108958193352960e-04  7.72662772158575818e-04 -1.25609517472682430e-04 -1.31005344251065165e-06  5.29830657570863748e-06 -2.06347637264335796e-09  2.84451528173110299e-09  4.00000000000000000e+00 -2.50000000000000000e+00  1.65000000000000013e+00 -1.00000000000000006e-01  1.60000000000000009e+00 -8.00000000000000044e-01  2.30000000000000027e+00
 1.11728000000000229e-06  1.00001329989193465e-05 -9.14108958176533082e-04  7.72662772146363364e-04 -1.25609517472267967e-04 -1.31005344294199069e-06  5.29830657584429235e-06 -2.06347634734415473e-09  2.84451529801045047e-09  4.00000000000000000e+00 -2.50000000000000000e+00  1.65000000000000013e+00 -1.00000000000000006e-01  1.60000000000000009e+00 -8.00000000000000044e-01  2.30000000000000027e+00
 1.11828000000000236e-06  1.00001329992492370e-05 -9.14108958176977171e-04  7.72662772144364963e-04 -1.25609517471927501e-04 -1.31005344281431508e-06  5.29830657568014922e-06 -2.06347635399880167e-09  2.84451528691017386e-09  4.00000000000000000e+00 -2.50000000000000000e+00  1.65000000000000013e+00 -1.00000000000000006e-01  1.60000000000000009e+00 -8.00000000000000044e-01  2.30000000000000027e+00
 1.11928000000000244e-06  1.00001329995688294e-05 -9.14108958169372143e-04  7.72662772130154108e-04 -1.25609517470313964e-04 -1.31005344282932027e-06  5.29830657648579360e-06 -2.06347635434629942e-09  2.84451523835632999e-09  4.00000000000000000e+00 -2.50000000000000000e+00  1.65000000000000013e+00 -1.00000000000000006e-01  1.60000000000000009e+00 -8.00000000000000044e-01  2.30000000000000027e+00
 1.12028000000000251e-06  1.00001329994230550e-05 -9.14108958181170106e-04  7.72662772132152510e-04 -1.25609517471631432e-04 -1.31005344364177818e-06  5.29830657608977520e-06 -2.06347631642108700e-09  2.84451527843911813e-09  4.00000000000000000e+00 -2.50000000000000000e+00  1.65000000000000013e+00 -1.00000000000000006e-01  1.60000000000000009e+00 -8.00000000000000044e-01  2.30000000000000027e+00
 1.12128000000000259e-06  1.00001329990249952e-05 -9.14108958186303044e-04  7.72662772141108345e-04 -1.25609517471986698e-04 -1.31005344298709350e-06  5.29830657634971437e-06 -2.06347634689398857e-09  2.84451523867825917e-09  4.00000000000000000e+00 -2.50000000000000000e+00  1.65000000000000013e+00 -1.00000000000000006e-01  1.60000000000000009e+00 -8.00000000000000044e-01  2.30000000000000027e+00
 1.12228000000000266e-06  1.00001329987092400e-05 -9.14108958203011901e-04  7.72662772147325594e-04 -1.25609517472223542e-04 -1.31005344312743267e-06  5.29830657682109667e-06 -2.06347631939723363e-09  2.84451525908997393e-09  4.00000000000000000e+00 -2.50000000000000000e+00  1.65000000000000013e+00 -1.00000000000000006e-01  1.60000000000000009e+00 -8.00000000000000044e-01  2.30000000000000027e+00
 1.12328000000000274e-06  1.00001329987008916e-05 -9.14108958212918798e-04  7.72662772154801059e-04 -1.25609517474725230e-04 -1.31005344354038347e-06  5.29830657702251687e-06 -2.06347631190315678e-09  2.84451525081336975e-09  4.00000000000000000e+00 -2.50000000000000000e+00  1.65000000000000013e+00 -1.00000000000000006e-01  1.60000000000000009e+00 -8.00000000000000044e-01  2.30000000000000027e+00
 1.12428000000000281e-06  1.00001329990147970e-05 -9.14108958213806977e-04  7.72662772163090761e-04 -1.25609517475139720e-04 -1.31005344283166232e-06  5.29830657586522508e-06 -2.06347636572627640e-09  2.84451527861736934e-09  4.00000000000000000e+00 -2.50000000000000000e+00  1.65000000000000013e+00 -1.00000000000000006e-01  1.60000000000000009e+00 -8.00000000000000044e-01  2.30000000000000027e+00
 1.12528000000000289e-06  1.00001329993133117e-05 -9.14108958200321453e-04  7.72662772158945964e-04 -1.25609517474873251e-04 -1.31005344328815463e-06  5.29830657642885605e-06 -2.06347633882219099e-09  2.84451526669425234e-09  4.00000000000000000e+00 -2.50000000000000000e+00  1.65000000000000013e+00 -1.00000000000000006e-01  1.60000000000000009e+00 -8.00000000000000044e-01  2.30000000000000027e+00
 1.12628000000000296e-06  1.00001329995305181e-05 -9.14108958212811462e-04  7.72662772158205780e-04 -1.25609517474814080e-04 -1.31005344295057748e-06  5.29830657628753368e-06 -2.06347633113673557e-09  2.84451524142079759e-09  4.00000000000000000e+00 -2.50000000000000000e+00  1.65000000000000013e+00 -1.00000000000000006e-01  1.60000000000000009e+00 -8.00000000000000044e-01  2.30000000000000027e+00
 1.12728000000000304e-06  1.00001329990322204e-05 -9.14108958218085021e-04  7.72662772168641876e-04 -1.25609517474725257e-04 -1.31005344315883112e-06  5.29830657622246207e-06 -2.06347633520784185e-09  2.84451528319374691e-09  4.00000000000000000e+00 -2.50000000000000000e+00  1.65000000000000013e+00 -1.00000000000000006e-01  1.60000000000000009e+00 -8.00000000000000044e-01  2.30000000000000027e+00
 1.12828000000000311e-06  1.00001329989856811e-05 -9.14108958216445599e-04  7.72662772158575818e-04 -1.25609517475198918e-04 -1.31005344307972777e-06  5.29830657640237271e-06 -2.06347633480508016e-09  2.84451523660008989e-09  4.00000000000000000e+00 -2.50000000000000000e+00  1.65000000000000013e+00 -1.00000000000000006e-01  1.60000000000000009e+00 -8.00000000000000044e-01  2.30000000000000027e+00
 1.12928000000000319e-06  1.00001329991815032e-05 -9.14108958188745535e-04  7.72662772159538047e-04 -1.25609517474236743e-04 -1.31005344271829797e-06  5.29830657569556946e-06 -2.06347636965465887e-09  2.84451531001672850e-09  4.00000000000000000e+00 -2.50000000000000000e+00  1.65000000000000013e+00 -1.00000000000000006e-01  1.60000000000000009e+00 -8.00000000000000044e-01  2.30000000000000027e+00
 1.13028000000000326e-06  1.00001329992850327e-05 -9.14108958198489585e-04  7.72662772143772880e-04 -1.25609517472993271e-04 -1.31005344265905733e-06  5.29830657555058452e-06 -2.06347637342724766e-09  2.84451530093534499e-09  4.00000000000000000e+00 -2.50000000000000000e+00  1.65000000000000013e+00 -1.00000000000000006e-01  1.60000000000000009e+00 -8.00000000000000044e-01  2.30000000000000027e+00
 1.13128000000000334e-06  1.00001329992982142e-05 -9.14108958192712739e-04  7.72662772130154108e-04 -1.25609517472800880e-04 -1.31005344290469413e-06  5.29830657610970504e-06 -2.06347634647838160e-09  2.84451528852769453e-09  4.00000000000000000e+00 -2.50000000000000000e+00  1.65000000000000013e+00 -1.00000000000000006e-01  1.60000000000000009e+00 -8.00000000000000044e-01  2.30000000000000027e+00
 1.13228000000000341e-06  1.00001329989359941e-05 -9.14108958185000375e-04  7.72662772129487974e-04 -1.25609517472786053e-04 -1.31005344288040800e-06  5.29830657552479491e-06 -2.06347635097728956e-09  2.84451527763561101e-09  4.00000000000000000e+00 -2.50000000000000000e+00  1.65000000000000013e+00 -1.00000000000000006e-01  1.60000000000000009e+00 -8.00000000000000044e-01  2.30000000000000027e+00
 1.13328000000000349e-06  1.00001329985810585e-05 -9.14108958210146927e-04  7.72662772128895892e-04 -1.25609517473156118e-04 -1.31005344346665772e-06  5.29830657659334646e-06 -2.06347632112026491e-09  2.84451523363721000e-09  4.00000000000000000e+00 -2.50000000000000000e+00  1.65000000000000013e+00 -1.00000000000000006e-01  1.60000000000000009e+00 -8.00000000000000044e-01  2.30000000000000027e+00
 1.13428000000000356e-06  1.00001329983807623e-05 -9.14108958186802645e-04  7.72662772147991728e-04 -1.25609517473082122e-04 -1.31005344287676513e-06  5.29830657623703442e-06 -2.06347634270426789e-09  2.84451527127961846e-09  4.00000000000000000e+00 -2.50000000000000000e+00  1.65000000000000013e+00 -1.00000000000000006e-01  1.60000000000000009e+00 -8.00000000000000044e-01  2.30000000000000027e+00
 1.13528000000000364e-06  1.00001329988087918e-05 -9.14108958187383669e-04  7.72662772128599796e-04 -1.25609517472312365e-04 -1.31005344263034757e-06  5.29830657552406307e-06 -2.06347636035793006e-09  2.84451527394774867e-09  4.00000000000000000e+00 -2.50000000000000000e+00  1.65000000000000013e+00 -1.00000000000000006e-01  1.60000000000000009e+00 -8.00000000000000044e-01  2.30000000000000027e+00
 1.13628000000000371e-06  1.00001329992022013e-05 -9.14108958199374077e-04  7.72662772125713216e-04 -1.25609517471631405e-04 -1.31005344323663343e-06  5.29830657680035707e-06 -2.06347634413635287e-09  2.84451524651891229e-09  4.00000000000000000e+00 -2.50000000000000000e+00  1.65000000000000013e+00 -1.00000000000000006e-01  1.60000000000000009e+00 -8.00000000000000044e-01  2.30000000000000027e+00
 1.13728000000000379e-06  1.00001329991940579e-05 -9.14108958196931587e-04  7.72662772129562025e-04 -1.25609517472519610e-04 -1.31005344318407122e-06  5.29830657632535116e-06 -2.06347631517539312e-09  2.84451527469849490e-09  4.00000000000000000e+00 -2.50000000000000000e+00  1.65000000000000013e+00 -1.00000000000000006e-01  1.60000000000000009e+00 -8.00000000000000044e-01  2.30000000000000027e+00
 1.13828000000000386e-06  1.00001329986131763e-05 -9.14108958189940868e-04  7.72662772145031097e-04 -1.25609517473555810e-04 -1.31005344302959422e-06  5.29830657545205257e-06 -2.06347634442431098e-09  2.84451528315754039e-09  4.00000000000000000e+00 -2.50000000000000000e+00  1.65000000000000013e+00 -1.00000000000000006e-01  1.60000000000000009e+00 -8.00000000000000044e-01  2.30000000000000027e+00
 1.13928000000000394e-06  1.00001329982842158e-05 -9.14108958187605713e-04  7.72662772131116338e-04 -1.25609517473333765e-04 -1.31005344288812744e-06  5.29830657568508404e-06 -2.06347635971169065e-09  2.84451528730618493e-09  4.00000000000000000e+00 -2.50000000000000000e+00  1.65000000000000013e+00 -1.00000000000000006e-01  1.60000000000000009e+00 -8.00000000000000044e-01  2.30000000000000027e+00
 1.14028000000000401e-06  1.00001329986121649e-05 -9.14108958174286723e-04  7.72662772137555631e-04 -1.25609517471883075e-04 -1.31005344294355198e-06  5.29830657590273339e-06 -2.06347635126676100e-09  2.84451524756764455e-09  4.00000000000000000e+00 -2.50000000000000000e+00  1.65000000000000013e+00 -1.00000000000000006e-01  1.60000000000000009e+00 -8.00000000000000044e-01  2.30000000000000027e+00
 1.14128000000000409e-06  1.00001329991881931e-05 -9.14108958195906473e-04  7.72662772137555631e-04 -1.25609517471438959e-04 -1.31005344321763829e-06  5.29830657675016529e-06 -2.06347632517369517e-09  2.84451525283948083e-09  4.00000000000000000e+00 -2.50000000000000000e+00  1.65000000000000013e+00 -1.00000000000000006e-01  1.60000000000000009e+00 -8.00000000000000044e-01  2.30000000000000027e+00
 1.14228000000000416e-06  1.00001329992336008e-05 -9.14108958201154120e-04  7.72662772141774479e-04 -1.25609517472756427e-04 -1.31005344322561798e-06  5.29830657594039671e-06 -2.06347633871261314e-09  2.84451524583403570e-09  4.00000000000000000e+00 -2.50000000000000000e+00  1.65000000000000013e+00 -1.00000000000000006e-01  1.60000000000000009e+00 -8.00000000000000044e-01  2.30000000000000027e+00
 1.14328000000000424e-06  1.00001329991166798e-05 -9.14108958202038612e-04  7.72662772159168009e-04 -1.25609517473541010e-04 -1.31005344322978135e-06  5.29830657657372494e-06 -2.06347633221057647e-09  2.84451527592787471e-09  4.00000000000000000e+00 -2.50000000000000000e+00  1.65000000000000013e+00 -1.00000000000000006e-01  1.60000000000000009e+00 -8.00000000000000044e-01  2.30000000000000027e+00
 1.14428000000000431e-06  1.00001329989809699e-05 -9.14108958195684429e-04  7.72662772130820242e-04 -1.25609517473689031e-04 -1.31005344260883696e-06  5.29830657594348076e-06 -2.06347635748436458e-09  2.84451527992983862e-09  4.00000000000000000e+00 -2.50000000000000000e+00  1.65000000000000013e+00 -1.00000000000000006e-01  1.60000000000000009e+00 -8.00000000000000044e-01  2.30000000000000027e+00
 1.14528000000000439e-06  1.00001329987509953e-05 -9.14108958204925192e-04  7.72662772134669051e-04 -1.25609517473555810e-04 -1.31005344305136488e-06  5.29830657588604176e-06 -2.06347633533638654e-09  2.84451526543867737e-09  4.00000000000000000e+00 -2.50000000000000000e+00  1.65000000000000013e+00 -1.00000000000000006e-01  1.60000000000000009e+00 -8.00000000000000044e-01  2.30000000000000027e+00
 1.14628000000000446e-06  1.00001329986448011e-05 -9.14108958197486698e-04  7.72662772137037491e-04 -1.25609517473348564e-04 -1.31005344334540050e-06  5.29830657612674396e-06 -2.06347633335527037e-09  2.84451525195378463e-09  4.00000000000000000e+00 -2.50000000000000000e+00  1.65000000000000013e+00 -1.00000000000000006e-01  1.60000000000000009e+00 -8.00000000000000044e-01  2.30000000000000027e+00
 1.14728000000000454e-06  1.00001329986362207e-05 -9.14108958195599319e-04  7.72662772143772880e-04 -1.25609517474133120e-04 -1.31005344315891773e-06  5.29830657610881905e-06 -2.06347634826736729e-09  2.84451528726073466e-09  4.00000000000000000e+00 -2.50000000000000000e+00  1.65000000000000013e+00 -1.00000000000000006e-01  1.60000000000000009e+00 -8.00000000000000044e-01  2.30000000000000027e+00
 1.14828000000000462e-06  1.00001329984592518e-05 -9.14108958212922484e-04  7.72662772136667453e-04 -1.25609517474295967e-04 -1.31005344307452360e-06  5.29830657637245805e-06 -2.06347634381617855e-09  2.84451526075183190e-09  4.00000000000000000e+00 -2.50000000000000000e+00  1.65000000000000013e+00 -1.00000000000000006e-01  1.60000000000000009e+00 -8.00000000000000044e-01  2.30000000000000027e+00
 1.14928000000000469e-06  1.00001329987102039e-05 -9.14108958207674837e-04  7.72662772129562025e-04 -1.25609517473555810e-04 -1.31005344270858356e-06  5.29830657593438277e-06 -2.06347634500028387e-09  2.84451525666617427e-09  4.00000000000000000e+00 -2.50000000000000000e+00  1.65000000000000013e+00 -1.00000000000000006e-01  1.60000000000000009e+00 -8.00000000000000044e-01  2.30000000000000027e+00
 1.15028000000000477e-06  1.00001329990258745e-05 -9.14108958200262256e-04  7.72662772132152510e-04 -1.25609517473082095e-04 -1.31005344305622219e-06  5.29830657641335873e-06 -2.06347633604466697e-09  2.84451526373773222e-09  4.00000000000000000e+00 -2.50000000000000000e+00  1.65000000000000013e+00 -1.00000000000000006e-01  1.60000000000000009e+00 -8.00000000000000044e-01  2.30000000000000027e+00
 1.15128000000000484e-06  1.00001329995290883e-05 -9.14108958206150124e-04  7.72662772155319200e-04 -1.25609517473141346e-04 -1.31005344325658275e-06  5.29830657624967808e-06 -2.06347633365417704e-09  2.84451523726462736e-09  4.00000000000000000e+00 -2.50000000000000000e+00  1.65000000000000013e+00 -1.00000000000000006e-01  1.60000000000000009e+00 -8.00000000000000044e-01  2.30000000000000027e+00
 1.15228000000000492e-06  1.00001329995896240e-05 -9.14108958193963583e-04  7.72662772147251543e-04 -1.25609517472371590e-04 -1.31005344256737703e-06  5.29830657549210537e-06 -2.06347636422958655e-09  2.84451530847061006e-09  4.00000000000000000e+00 -2.50000000000000000e+00  1.65000000000000013e+00 -1.00000000000000006e-01  1.60000000000000009e+00 -8.00000000000000044e-01  2.30000000000000027e+00
 1.15328000000000499e-06  1.00001329993530579e-05 -9.14108958197101806e-04  7.72662772136889497e-04 -1.25609517472504784e-04 -1.31005344312318247e-06  5.29830657623009553e-06 -2.06347634107131700e-09  2.84451526243052712e-09  4.00000000000000000e+00 -2.50000000000000000e+00  1.65000000000000013e+00 -1.00000000000000006e-01  1.60000000000000009e+00 -8.00000000000000044e-01  2.30000000000000027e+00
 1.15428000000000507e-06  1.00001329992140598e-05 -9.14108958204262745e-04  7.72662772142218568e-04 -1.25609517473200544e-04 -1.31005344314321861e-06  5.29830657648070463e-06 -2.06347634112266920e-09  2.84451527891819549e-09  4.00000000000000000e+00 -2.50000000000000000e+00  1.65000000000000013e+00 -1.00000000000000006e-01  1.60000000000000009e+00 -8.00000000000000044e-01  2.30000000000000027e+00
 1.15528000000000514e-06  1.00001329990330234e-05 -9.14108958207756261e-04  7.72662772136889497e-04 -1.25609517474325566e-04 -1.31005344354654182e-06  5.29830657627515938e-06 -2.06347632694640691e-09  2.84451527064313938e-09  4.00000000000000000e+00 -2.50000000000000000e+00  1.65000000000000013e+00 -1.00000000000000006e-01  1.60000000000000009e+00 -8.00000000000000044e-01  2.30000000000000027e+00
 1.15628000000000522e-06  1.00001329990961663e-05 -9.14108958217611334e-04  7.72662772149176002e-04 -1.25609517475080523e-04 -1.31005344320540841e-06  5.29830657707243845e-06 -2.06347633288352843e-09  2.84451522719659522e-09  4.00000000000000000e+00 -2.50000000000000000e+00  1.65000000000000013e+00 -1.00000000000000006e-01  1.60000000000000009e+00 -8.00000000000000044e-01  2.30000000000000027e+00
 1.15728000000000529e-06  1.00001329988209467e-05 -9.14108958218751155e-04  7.72662772147325594e-04 -1.25609517474814080e-04 -1.31005344291250039e-06  5.29830657654724161e-06 -2.06347632437519870e-09  2.84451522535927695e-09  4.00000000000000000e+00 -2.50000000000000000e+00  1.65000000000000013e+00 -1.00000000000000006e-01  1.60000000000000009e+00 -8.00000000000000044e-01  2.30000000000000027e+00
 1.15828000000000537e-06  1.00001329983065419e-05 -9.14108958218529111e-04  7.72662772151470390e-04 -1.25609517475065697e-04 -1.31005344320133185e-06  5.29830657587544029e-06 -2.06347632972611097e-09  2.84451527849764901e-09  4.00000000000000000e+00 -2.50000000000000000e+00  1.65000000000000013e+00 -1.00000000000000006e-01  1.60000000000000009e+00 -8.00000000000000044e-01  2.30000000000000027e+00
 1.15928000000000544e-06  1.00001329985490373e-05 -9.14108958191162113e-04  7.72662772154356970e-04 -1.25609517475258170e-04 -1.31005344273460441e-06  5.29830657572779652e-06 -2.06347635546746002e-09  2.84451529248796813e-09  4.00000000000000000e+00 -2.50000000000000000e+00  1.65000000000000013e+00 -1.00000000000000006e-01  1.60000000000000009e+00 -8.00000000000000044e-01  2.30000000000000027e+00
 1.16028000000000552e-06  1.00001329990292626e-05 -9.14108958193882160e-04  7.72662772147325594e-04 -1.25609517474369964e-04 -1.31005344285855053e-06  5.29830657541462134e-06 -2.06347638194032252e-09  2.84451529260867942e-09  4.00000000000000000e+00 -2.50000000000000000e+00  1.65000000000000013e+00 -1.00000000000000006e-01  1.60000000000000009e+00 -8.00000000000000044e-01  2.30000000000000027e+00
 1.16128000000000559e-06  1.00001329992800199e-05 -9.14108958198929988e-04  7.72662772139850128e-04 -1.25609517472978499e-04 -1.31005344272428289e-06  5.29830657610527252e-06 -2.06347635661618559e-09  2.84451527738408855e-09  4.00000000000000000e+00 -2.50000000000000000e+00  1.65000000000000013e+00 -1.00000000000000006e-01  1.60000000000000009e+00 -8.00000000000000044e-01  2.30000000000000027e+00
 1.16228000000000567e-06  1.00001329997403535e-05 -9.14108958200347366e-04  7.72662772149768085e-04 -1.25609517472045895e-04 -1.31005344323750079e-06  5.29830657629092605e-06 -2.06347632734171736e-09  2.84451524309920040e-09  4.00000000000000000e+00 -2.50000000000000000e+00  1.65000000000000013e+00 -1.00000000000000006e-01  1.60000000000000009e+00 -8.00000000000000044e-01  2.30000000000000027e+00
 1.16328000000000574e-06  1.00001329994609038e-05 -9.14108958190936382e-04  7.72662772133706822e-04 -1.25609517472401161e-04 -1.31005344297208810e-06  5.29830657565424441e-06 -2.06347635588989868e-09  2.84451530834029768e-09  4.00000000000000000e+00 -2.50000000000000000e+00  1.65000000000000013e+00 -1.00000000000000006e-01  1.60000000000000009e+00 -8.00000000000000044e-01  2.30000000000000027e+00
 1.16428000000000582e-06  1.00001329994060635e-05 -9.14108958188079401e-04  7.72662772129562025e-04 -1.25609517472934074e-04 -1.31005344291570958e-06  5.29830657633934414e-06 -2.06347634327787339e-09  2.84451526288074540e-09  4.00000000000000000e+00 -2.50000000000000000e+00  1.65000000000000013e+00 -1.00000000000000006e-01  1.60000000000000009e+00 -8.00000000000000044e-01  2.30000000000000027e+00
 1.16528000000000589e-06  1.00001329992607465e-05 -9.14108958190492293e-04  7.72662772139257937e-04 -1.25609517472105120e-04 -1.31005344252999386e-06  5.29830657613861766e-06 -2.06347634469092618e-09  2.84451526463695282e-09  4.00000000000000000e+00 -2.50000000000000000e+00  1.65000000000000013e+00 -1.00000000000000006e-01  1.60000000000000009e+00 -8.00000000000000044e-01  2.30000000000000027e+00
 1.16628000000000597e-06  1.00001329987539125e-05 -9.14108958194045007e-04  7.72662772126897490e-04 -1.25609517471779426e-04 -1.31005344314902989e-06  5.29830657635684554e-06 -2.06347633295014625e-09  2.84451526229057147e-09  4.00000000000000000e+00 -2.50000000000000000e+00  1.65000000000000013e+00 -1.00000000000000006e-01  1.60000000000000009e+00 -8.00000000000000044e-01  2.30000000000000027e+00
 1.16728000000000604e-06  1.00001329985770656e-05 -9.14108958173898145e-04  7.72662772143698829e-04 -1.25609517473141319e-04 -1.31005344331304808e-06  5.29830657553393186e-06 -2.06347634574144597e-09  2.84451529766828432e-09  4.00000000000000000e+00 -2.50000000000000000e+00  1.65000000000000013e+00 -1.00000000000000006e-01  1.60000000000000009e+00 -8.00000000000000044e-01  2.30000000000000027e+00
 1.16828000000000612e-06  1.00001329986756517e-05 -9.14108958200928389e-04  7.72662772133410835e-04 -1.25609517474014698e-04 -1.31005344325658275e-06  5.29830657604883556e-06 -2.06347634398717333e-09  2.84451526087486798e-09  4.00000000000000000e+00 -2.50000000000000000e+00  1.65000000000000013e+00 -1.00000000000000006e-01  1.60000000000000009e+00 -8.00000000000000044e-01  2.30000000000000027e+00
 1.16928000000000619e-06  1.00001329985360014e-05 -9.14108958194326249e-04  7.72662772136001319e-04 -1.25609517473748228e-04 -1.31005344305223224e-06  5.29830657633236713e-06 -2.06347633395965857e-09  2.84451523735105119e-09  4.00000000000000000e+00 -2.50000000000000000e+00  1.65000000000000013e+00 -1.00000000000000006e-01  1.60000000000000009e+00 -8.00000000000000044e-01  2.30000000000000027e+00
 1.17028000000000627e-06  1.00001329985242548e-05 -9.14108958212200839e-04  7.72662772144957154e-04 -1.25609517473703857e-04 -1.31005344314408597e-06  5.29830657612462383e-06 -2.06347634161492355e-09  2.84451527390384647e-09  4.00000000000000000e+00 -2.50000000000000000e+00  1.65000000000000013e+00 -1.00000000000000006e-01  1.60000000000000009e+00 -8.00000000000000044e-01  2.30000000000000027e+00
 1.17128000000000634e-06  1.00001329989415676e-05 -9.14108958209284661e-04  7.72662772148879906e-04 -1.25609517473511384e-04 -1.31005344323585289e-06  5.29830657701075921e-06 -2.06347632490584623e-09  2.84451523401928928e-09  4.00000000000000000e+00 -2.50000000000000000e+00  1.65000000000000013e+00 -1.00000000000000006e-01  1.60000000000000009e+00 -8.00000000000000044e-01  2.30000000000000027e+00
 1.17228000000000642e-06  1.00001329992872519e-05 -9.14108958210091416e-04  7.72662772158871913e-04 -1.25609517473822279e-04 -1.31005344281526905e-06  5.29830657662757844e-06 -2.06347634658118443e-09  2.84451526285601104e-09  4.00000000000000000e+00 -2.50000000000000000e+00  1.65000000000000013e+00 -1.00000000000000006e-01  1.60000000000000009e+00 -8.00000000000000044e-01  2.30000000000000027e+00
 1.17328000000000649e-06  1.00001329991532360e-05 -9.14108958202763944e-04  7.72662772147917677e-04 -1.25609517473452187e-04 -1.31005344293409761e-06  5.29830657562949581e-06 -2.06347633781826049e-09  2.84451527894539898e-09  4.00000000000000000e+00 -2.50000000000000000e+00  1.65000000000000013e+00 -1.00000000000000006e-01  1.60000000000000009e+00 -8.00000000000000044e-01  2.30000000000000027e+00
 1.17428000000000657e-06  1.00001329986634070e-05 -9.14108958212811462e-04  7.72662772136889497e-04 -1.25609517473881477e-04 -1.31005344325320012e-06  5.29830657651624782e-06 -2.06347633766554476e-09  2.84451526473285242e-09  4.00000000000000000e+00 -2.50000000000000000e+00  1.65000000000000013e+00 -1.00000000000000006e-01  1.60000000000000009e+00 -8.00000000000000044e-01  2.30000000000000027e+00
 1.17528000000000664e-06  1.00001329989291297e-05 -9.14108958212755951e-04  7.72662772130450204e-04 -1.25609517473777854e-04 -1.31005344291657695e-06  5.29830657593280221e-06 -2.06347635481254018e-09  2.84451527362902109e-09  4.00000000000000000e+00 -2.50000000000000000e+00  1.65000000000000013e+00 -1.00000000000000006e-01  1.60000000000000009e+00 -8.00000000000000044e-01  2.30000000000000027e+00
 1.17628000000000672e-06  1.00001329989330803e-05 -9.14108958209480793e-04  7.72662772132744701e-04 -1.25609517473703830e-04 -1.31005344288795401e-06  5.29830657608275923e-06 -2.06347634340686559e-09  2.84451526053780388e-09  4.00000000000000000e+00 -2.50000000000000000e+00  1.65000000000000013e+00 -1.00000000000000006e-01  1.60000000000000009e+00 -8.00000000000000044e-01  2.30000000000000027e+00
 1.17728000000000679e-06  1.00001329991507881e-05 -9.14108958203426391e-04  7.72662772147917677e-04 -1.25609517473126520e-04 -1.31005344301814509e-06  5.29830657566704224e-06 -2.06347635322659176e-09  2.84451527865142272e-09  4.00000000000000000e+00 -2.50000000000000000e+00  1.65000000000000013e+00 -1.00000000000000006e-01  1.60000000000000009e+00 -8.00000000000000044e-01  2.30000000000000027e+00
 1.17828000000000687e-06  1.00001329991444540e-05 -9.14108958217304179e-04  7.72662772155319200e-04 -1.25609517473200544e-04 -1.31005344324218446e-06  5.29830657669403750e-06 -2.06347632407031316e-09  2.84451527053158001e-09  4.00000000000000000e+00 -2.50000000000000000e+00  1.65000000000000013e+00 -1.00000000000000006e-01  1.60000000000000009e+00 -8.00000000000000044e-01  2.30000000000000027e+00
 1.17928000000000694e-06  1.00001329986903783e-05 -9.14108958208204037e-04  7.72662772148213772e-04 -1.25609517474044324e-04 -1.31005344327427684e-06  5.29830657565609433e-06 -2.06347634095719833e-09  2.84451528565036538e-09  4.00000000000000000e+00 -2.50000000000000000e+00  1.65000000000000013e+00 -1.00000000000000006e-01  1.60000000000000009e+00 -8.00000000000000044e-01  2.30000000000000027e+00
 1.18028000000000702e-06  1.00001329990912197e-05 -9.14108958208507505e-04  7.72662772144142918e-04 -1.25609517473496585e-04 -1.31005344263312309e-06  5.29830657654269219e-06 -2.06347636130777246e-09  2.84451523395308339e-09  4.00000000000000000e+00 -2.50000000000000000e+00  1.65000000000000013e+00 -1.00000000000000006e-01  1.60000000000000009e+00 -8.00000000000000044e-01  2.30000000000000027e+00
 1.18128000000000709e-06  1.00001329993439218e-05 -9.14108958197712429e-04  7.72662772133114739e-04 -1.25609517473437360e-04 -1.31005344324391918e-06  5.29830657623071217e-06 -2.06347633514104577e-09  2.84451527283048161e-09  4.00000000000000000e+00 -2.50000000000000000e+00  1.65000000000000013e+00 -1.00000000000000006e-01  1.60000000000000009e+00 -8.00000000000000044e-01  2.30000000000000027e+00
 1.18228000000000717e-06  1.00001329991790756e-05 -9.14108958175200814e-04  7.72662772153764887e-04 -1.25609517473156118e-04 -1.31005344290452070e-06  5.29830657604660024e-06 -2.06347633710781575e-09  2.84451526803580115e-09  4.00000000000000000e+00 -2.50000000000000000e+00  1.65000000000000013e+00 -1.00000000000000006e-01  1.60000000000000009e+00 -8.00000000000000044e-01  2.30000000000000027e+00
 1.18328000000000724e-06  1.00001329989400073e-05 -9.14108958207704436e-04  7.72662772152136524e-04 -1.25609517473511411e-04 -1.31005344314417258e-06  5.29830657611155581e-06 -2.06347632950565575e-09  2.84451524481212229e-09  4.00000000000000000e+00 -2.50000000000000000e+00  1.65000000000000013e+00 -1.00000000000000006e-01  1.60000000000000009e+00 -8.00000000000000044e-01  2.30000000000000027e+00
 1.18428000000000732e-06  1.00001329986614944e-05 -9.14108958213114930e-04  7.72662772158575818e-04 -1.25609517473511384e-04 -1.31005344321000546e-06  5.29830657656454988e-06 -2.06347634231627717e-09  2.84451526907327548e-09  4.00000000000000000e+00 -2.50000000000000000e+00  1.65000000000000013e+00 -1.00000000000000006e-01  1.60000000000000009e+00 -8.00000000000000044e-01  2.30000000000000027e+00
 1.18528000000000739e-06  1.00001329986007961e-05 -9.14108958198126919e-04  7.72662772150212174e-04 -1.25609517474029525e-04 -1.31005344256885171e-06  5.29830657528644407e-06 -2.06347636073266025e-09  2.84451532482245703e-09  4.00000000000000000e+00 -2.50000000000000000e+00  1.65000000000000013e+00 -1.00000000000000006e-01  1.60000000000000009e+00 -8.00000000000000044e-01  2.30000000000000027e+00
 1.18628000000000747e-06  1.00001329992668418e-05 -9.14108958200291854e-04  7.72662772141108345e-04 -1.25609517473541010e-04 -1.31005344300591521e-06  5.29830657571599989e-06 -2.06347636434250911e-09  2.84451526878731459e-09  4.00000000000000000e+00 -2.50000000000000000e+00  1.65000000000000013e+00 -1.00000000000000006e-01  1.60000000000000009e+00 -8.00000000000000044e-01  2.30000000000000027e+00
 1.18728000000000755e-06  1.00001329992740754e-05 -9.14108958208118927e-04  7.72662772134002918e-04 -1.25609517472386389e-04 -1.31005344310323315e-06  5.29830657625677114e-06 -2.06347634878501485e-09  2.84451524638002908e-09  4.00000000000000000e+00 -2.50000000000000000e+00  1.65000000000000013e+00 -1.00000000000000006e-01  1.60000000000000009e+00 -8.00000000000000044e-01  2.30000000000000027e+00
 1.18828000000000762e-06  1.00001329990891410e-05 -9.14108958202623323e-04  7.72662772140812249e-04 -1.25609517472726856e-04 -1.31005344296194001e-06  5.29830657648895473e-06 -2.06347632141330688e-09  2.84451526464855279e-09  4.00000000000000000e+00 -2.50000000000000000e+00  1.65000000000000013e+00 -1.00000000000000006e-01  1.60000000000000009e+00 -8.00000000000000044e-01  2.30000000000000027e+00
 1.18928000000000770e-06  1.00001329991140387e-05 -9.14108958209839772e-04  7.72662772141478383e-04 -1.25609517473052496e-04 -1.31005344318381118e-06  5.29830657653741094e-06 -2.06347633890844980e-09  2.84451524368590720e-09  4.00000000000000000e+00 -2.50000000000000000e+00  1.65000000000000013e+00 -1.00000000000000006e-01  1.60000000000000009e+00 -8.00000000000000044e-01  2.30000000000000027e+00
 1.19028000000000777e-06  1.00001329992438533e-05 -9.14108958202234745e-04  7.72662772141404441e-04 -1.25609517473111720e-04 -1.31005344291605644e-06  5.29830657638541088e-06 -2.06347633257634002e-09  2.84451526090981512e-09  4.00000000000000000e+00 -2.50000000000000000e+00  1.65000000000000013e+00 -1.00000000000000006e-01  1.60000000000000009e+00 -8.00000000000000044e-01  2.30000000000000027e+00
 1.19128000000000785e-06  1.00001329995165725e-05 -9.14108958201875765e-04  7.72662772157391652e-04 -1.25609517472993298e-04 -1.31005344299299160e-06  5.29830657613063777e-06 -2.06347634686641905e-09  2.84451527139625465e-09  4.00000000000000000e+00 -2.50000000000000000e+00  1.65000000000000013e+00 -1.00000000000000006e-01  1.60000000000000009e+00 -8.00000000000000044e-01  2.30000000000000027e+00
 1.19228000000000792e-06  1.00001329991875273e-05 -9.14108958208093014e-04  7.72662772139924071e-04 -1.25609517473082122e-04 -1.31005344330021109e-06  5.29830657664226515e-06 -2.06347633420600370e-09  2.84451527396082019e-09  4.00000000000000000e+00 -2.50000000000000000e+00  1.65000000000000013e+00 -1.00000000000000006e-01  1.60000000000000009e+00 -8.00000000000000044e-01  2.30000000000000027e+00
 1.19328000000000800e-06  1.00001329991263936e-05 -9.14108958206760747e-04  7.72662772144661059e-04 -1.25609517474103521e-04 -1.31005344322570459e-06  5.29830657579583614e-06 -2.06347633812342852e-09  2.84451527007050788e-09  4.00000000000000000e+00 -2.50000000000000000e+00  1.65000000000000013e+00 -1.00000000000000006e-01  1.60000000000000009e+00 -8.00000000000000044e-01  2.30000000000000027e+00
 1.19428000000000807e-06  1.00001329992513546e-05 -9.14108958211893685e-04  7.72662772141108345e-04 -1.25609517474488386e-04 -1.31005344277181436e-06  5.29830657561469221e-06 -2.06347635840604892e-09  2.84451529830931083e-09  4.00000000000000000e+00 -2.50000000000000000e+00  1.65000000000000013e+00 -1.00000000000000006e-01  1.60000000000000009e+00 -8.00000000000000044e-01  2.30000000000000027e+00
 1.19528000000000815e-06  1.00001329993363493e-05 -9.14108958187165310e-04  7.72662772132818644e-04 -1.25609517472371563e-04 -1.31005344274943638e-06  5.29830657592860008e-06 -2.06347636695424132e-09  2.84451525473546110e-09  4.00000000000000000e+00 -2.50000000000000000e+00  1.65000000000000013e+00 -1.00000000000000006e-01  1.60000000000000009e+00 -8.00000000000000044e-01  2.30000000000000027e+00
 1.19628000000000822e-06  1.00001329993499222e-05 -9.14108958198015897e-04  7.72662772136593402e-04 -1.25609517471971871e-04 -1.31005344310592206e-06  5.29830657728399764e-06 -2.06347631405092876e-09  2.84451523358490158e-09  4.00000000000000000e+00 -2.50000000000000000e+00  1.65000000000000013e+00 -1.00000000000000006e-01  1.60000000000000009e+00 -8.00000000000000044e-01  2.30000000000000027e+00
 1.19728000000000830e-06  1.00001329993367982e-05 -9.14108958214225153e-04  7.72662772136371357e-04 -1.25609517473481786e-04 -1.31005344340576897e-06  5.29830657640256499e-06 -2.06347632478739562e-09  2.84451526403861007e-09  4.00000000000000000e+00 -2.50000000000000000e+00  1.65000000000000013e+00 -1.00000000000000006e-01  1.60000000000000009e+00 -8.00000000000000044e-01  2.30000000000000027e+00
 1.19828000000000837e-06  1.00001329987625539e-05 -9.14108958195436472e-04  7.72662772136593402e-04 -1.25609517475036125e-04 -1.31005344303635969e-06  5.29830657543050320e-06 -2.06347633688100241e-09  2.84451530746737522e-09  4.00000000000000000e+00 -2.50000000000000000e+00  1.65000000000000013e+00 -1.00000000000000006e-01  1.60000000000000009e+00 -8.00000000000000044e-01  2.30000000000000027e+00
 1.19928000000000845e-06  1.00001329984552572e-05 -9.14108958187772247e-04  7.72662772135705223e-04 -1.25609517474088695e-04 -1.31005344271560927e-06  5.29830657524091775e-06 -2.06347637523178188e-09  2.84451528662826533e-09  4.00000000000000000e+00 -2.50000000000000000e+00  1.65000000000000013e+00 -1.00000000000000006e-01  1.60000000000000009e+00 -8.00000000000000044e-01  2.30000000000000027e+00
 1.20028000000000852e-06  1.00001329986184821e-05 -9.14108958180281927e-04  7.72662772126231356e-04 -1.25609517472519610e-04 -1.31005344312136114e-06  5.29830657590207863e-06 -2.06347636133235792e-09  2.84451523706715991e-09  4.00000000000000000e+00 -2.50000000000000000e+00  1.65000000000000013e+00 -1.00000000000000006e-01  1.60000000000000009e+00 -8.00000000000000044e-01  2.30000000000000027e+00
 1.20128000000000860e-06  1.00001329991238694e-05 -9.14108958199984700e-04  7.72662772142662657e-04 -1.25609517472297566e-04 -1.31005344333915554e-06  5.29830657718276704e-06 -2.06347631974603584e-09  2.84451524978467057e-09  4.00000000000000000e+00 -2.50000000000000000e+00  1.65000000000000013e+00 -1.00000000000000006e-01  1.60000000000000009e+00 -8.00000000000000044e-01  2.30000000000000027e+00
 1.20228000000000867e-06  1.00001329994625115e-05 -9.14108958213973510e-04  7.72662772145623288e-04 -1.25609517472948873e-04 -1.31005344305917113e-06  5.29830657696068347e-06 -2.06347632910948049e-09  2.84451524420055582e-09  4.00000000000000000e+00 -2.50000000000000000e+00  1.65000000000000013e+00 -1.00000000000000006e-01  1.60000000000000009e+00 -8.00000000000000044e-01  2.30000000000000027e+00
 1.20328000000000875e-06  1.00001329995127202e-05 -9.14108958210061817e-04  7.72662772157317601e-04 -1.25609517473999899e-04 -1.31005344283608573e-06  5.29830657623098153e-06 -2.06347632422450169e-09  2.84451526912017372e-09  4.00000000000000000e+00 -2.50000000000000000e+00  1.65000000000000013e+00 -1.00000000000000006e-01  1.60000000000000009e+00 -8.00000000000000044e-01  2.30000000000000027e+00
 1.20428000000000882e-06  1.00001329991448606e-05 -9.14108958212171241e-04  7.72662772168937972e-04 -1.25609517475494986e-04 -1.31005344344757576e-06  5.29830657638714560e-06 -2.06347632443774803e-09  2.84451524388872444e-09  4.00000000000000000e+00 -2.50000000000000000e+00  1.65000000000000013e+00 -1.00000000000000006e-01  1.60000000000000009e+00 -8.00000000000000044e-01  2.30000000000000027e+00
 1.20528000000000890e-06  1.00001329987847716e-05 -9.14108958204455191e-04  7.72662772160574219e-04 -1.25609517476087096e-04 -1.31005344287268836e-06  5.29830657537799902e-06 -2.06347634511305134e-09  2.84451530906744941e-09  4.00000000000000000e+00 -2.50000000000000000e+00  1.65000000000000013e+00 -1.00000000000000006e-01  1.60000000000000009e+00 -8.00000000000000044e-01  2.30000000000000027e+00
 1.20628000000000897e-06  1.00001329983242262e-05 -9.14108958187106113e-04  7.72662772150878308e-04 -1.25609517474976900e-04 -1.31005344264092934e-06  5.29830657477481669e-06 -2.06347639232120098e-09  2.84451530862995358e-09  4.00000000000000000e+00 -2.50000000000000000e+00  1.65000000000000013e+00 -1.00000000000000006e-01  1.60000000000000009e+00 -8.00000000000000044e-01  2.30000000000000027e+00
 1.20728000000000905e-06  1.00001329986434391e-05 -9.14108958191162113e-04  7.72662772154653066e-04 -1.25609517472179117e-04 -1.31005344268178217e-06  5.29830657613279685e-06 -2.06347636181812966e-09  2.84451525473596733e-09  4.00000000000000000e+00 -2.50000000000000000e+00  1.65000000000000013e+00 -1.00000000000000006e-01  1.60000000000000009e+00 -8.00000000000000044e-01  2.30000000000000027e+00
 1.20828000000000912e-06  1.00001329991412115e-05 -9.14108958191324960e-04  7.72662772128895892e-04 -1.25609517471216942e-04 -1.31005344323351084e-06  5.29830657673763682e-06 -2.06347633021572703e-09  2.84451525087927205e-09  4.00000000000000000e+00 -2.50000000000000000e+00  1.65000000000000013e+00 -1.00000000000000006e-01  1.60000000000000009e+00 -8.00000000000000044e-01  2.30000000000000027e+00
 1.20928000000000920e-06  1.00001329992744600e-05 -9.14108958190436782e-04  7.72662772130154108e-04 -1.25609517471305738e-04 -1.31005344283851439e-06  5.29830657605932098e-06 -2.06347634586265647e-09  2.84451529353551420e-09  4.00000000000000000e+00 -2.50000000000000000e+00  1.65000000000000013e+00 -1.00000000000000006e-01  1.60000000000000009e+00 -8.00000000000000044e-01  2.30000000000000027e+00
 1.21028000000000927e-06  1.00001329990726358e-05 -9.14108958194962784e-04  7.72662772130820242e-04 -1.25609517472519610e-04 -1.31005344314217782e-06  5.29830657598002514e-06 -2.06347633974784208e-09  2.84451527069020595e-09  4.00000000000000000e+00 -2.50000000000000000e+00  1.65000000000000013e+00 -1.00000000000000006e-01  1.60000000000000009e+00 -8.00000000000000044e-01  2.30000000000000027e+00
 1.21128000000000935e-06  1.00001329993603983e-05 -9.14108958174227526e-04  7.72662772133336784e-04 -1.25609517472993298e-04 -1.31005344301918588e-06  5.29830657568828328e-06 -2.06347635957642719e-09  2.84451528316041112e-09  4.00000000000000000e+00 -2.50000000000000000e+00  1.65000000000000013e+00 -1.00000000000000006e-01  1.60000000000000009e+00 -8.00000000000000044e-01  2.30000000000000027e+00
 1.21228000000000942e-06  1.00001329992842127e-05 -9.14108958204706834e-04  7.72662772133114739e-04 -1.25609517472534410e-04 -1.31005344291510247e-06  5.29830657645414421e-06 -2.06347633963236146e-09  2.84451524048962589e-09  4.00000000000000000e+00 -2.50000000000000000e+00  1.65000000000000013e+00 -1.00000000000000006e-01  1.60000000000000009e+00 -8.00000000000000044e-01  2.30000000000000027e+00
 1.21328000000000950e-06  1.00001329993961075e-05 -9.14108958194104204e-04  7.72662772137555631e-04 -1.25609517472401188e-04 -1.31005344314495333e-06  5.29830657611864886e-06 -2.06347632796491316e-09  2.84451527798781045e-09  4.00000000000000000e+00 -2.50000000000000000e+00  1.65000000000000013e+00 -1.00000000000000006e-01  1.60000000000000009e+00 -8.00000000000000044e-01  2.30000000000000027e+00
 1.21428000000000957e-06  1.00001329990739199e-05 -9.14108958177980058e-04  7.72662772130154108e-04 -1.25609517472726829e-04 -1.31005344316568320e-06  5.29830657620746704e-06 -2.06347633457916763e-09  2.84451526693316650e-09  4.00000000000000000e+00 -2.50000000000000000e+00  1.65000000000000013e+00 -1.00000000000000006e-01  1.60000000000000009e+00 -8.00000000000000044e-01  2.30000000000000027e+00
 1.21528000000000965e-06  1.00001329986629530e-05 -9.14108958172732411e-04  7.72662772136593402e-04 -1.25609517472712029e-04 -1.31005344287936721e-06  5.29830657557348321e-06 -2.06347635197201643e-09  2.84451526690340206e-09  4.00000000000000000e+00 -2.50000000000000000e+00  1.65000000000000013e+00 -1.00000000000000006e-01  1.60000000000000009e+00 -8.00000000000000044e-01  2.30000000000000027e+00
 1.21628000000000972e-06  1.00001329986223734e-05 -9.14108958194770338e-04  7.72662772143698829e-04 -1.25609517473200544e-04 -1.31005344320983203e-06  5.29830657670475416e-06 -2.06347634057616420e-09  2.84451526026389749e-09  4.00000000000000000e+00 -2.50000000000000000e+00  1.65000000000000013e+00 -1.00000000000000006e-01  1.60000000000000009e+00 -8.00000000000000044e-01  2.30000000000000027e+00
 1.21728000000000980e-06  1.00001329988982334e-05 -9.14108958193382559e-04  7.72662772133780873e-04 -1.25609517473733456e-04 -1.31005344329058329e-06  5.29830657652168323e-06 -2.06347632456532988e-09  2.84451525916935639e-09  4.00000000000000000e+00 -2.50000000000000000e+00  1.65000000000000013e+00 -1.00000000000000006e-01  1.60000000000000009e+00 -8.00000000000000044e-01  2.30000000000000027e+00
 1.21828000000000987e-06  1.00001329989118740e-05 -9.14108958208759148e-04  7.72662772129487974e-04 -1.25609517474740029e-04 -1.31005344287763249e-06  5.29830657603858138e-06 -2.06347633842658649e-09  2.84451526071258342e-09  4.00000000000000000e+00 -2.50000000000000000e+00  1.65000000000000013e+00 -1.00000000000000006e-01  1.60000000000000009e+00 -8.00000000000000044e-01  2.30000000000000027e+00
 1.21928000000000995e-06  1.00001329991299867e-05 -9.14108958197294252e-04  7.72662772139257937e-04 -1.25609517471823851e-04 -1.31005344237126666e-06  5.29830657550247475e-06 -2.06347638220816650e-09  2.84451527867188592e-09  4.00000000000000000e+00 -2.50000000000000000e+00  1.65000000000000013e+00 -1.00000000000000006e-01  1.60000000000000009e+00 -8.00000000000000044e-01  2.30000000000000027e+00
 1.22028000000001002e-06  1.00001329990220662e-05 -9.14108958170981967e-04  7.72662772153764887e-04 -1.25609517471290965e-04 -1.31005344321095944e-06  5.29830657617612598e-06 -2.06347633349677491e-09  2.84451527559735857e-09  4.00000000000000000e+00 -2.50000000000000000e+00  1.65000000000000013e+00 -1.00000000000000006e-01  1.60000000000000009e+00 -8.00000000000000044e-01  2.30000000000000027e+00
 1.22128000000001010e-06  1.00001329989736007e-05 -9.14108958203596611e-04  7.72662772145031097e-04 -1.25609517471705429e-04 -1.31005344321581675e-06  5.29830657662067767e-06 -2.06347634309923754e-09  2.84451525438464346e-09  4.00000000000000000e+00 -2.50000000000000000e+00  1.65000000000000013e+00 -1.00000000000000006e-01  1.60000000000000009e+00 -8.00000000000000044e-01  2.30000000000000027e+00
 1.22228000000001017e-06  1.00001329989121095e-05 -9.14108958214750666e-04  7.72662772141108345e-04 -1.25609517473407789e-04 -1.31005344374412687e-06  5.29830657665749226e-06 -2.06347631116966512e-09  2.84451523457054642e-09  4.00000000000000000e+00 -2.50000000000000000e+00  1.65000000000000013e+00 -1.00000000000000006e-01  1.60000000000000009e+00 -8.00000000000000044e-01  2.30000000000000027e+00
 1.22328000000001025e-06  1.00001329987667349e-05 -9.14108958219635647e-04  7.72662772150508269e-04 -1.25609517474976900e-04 -1.31005344312578456e-06  5.29830657678628616e-06 -2.06347631220108738e-09  2.84451525452754594e-09  4.00000000000000000e+00 -2.50000000000000000e+00  1.65000000000000013e+00 -1.00000000000000006e-01  1.60000000000000009e+00 -8.00000000000000044e-01  2.30000000000000027e+00
 1.22428000000001032e-06  1.00001329989660756e-05 -9.14108958211394085e-04  7.72662772158575818e-04 -1.25609517475361765e-04 -1.31005344285334636e-06  5.29830657595099733e-06 -2.06347635751029752e-09  2.84451525705449462e-09  4.00000000000000000e+00 -2.50000000000000000e+00  1.65000000000000013e+00 -1.00000000000000006e-01  1.60000000000000009e+00 -8.00000000000000044e-01  2.30000000000000027e+00
 1.22528000000001040e-06  1.00001329988872728e-05 -9.14108958207204836e-04  7.72662772147917677e-04 -1.25609517474133120e-04 -1.31005344270867038e-06  5.29830657564360483e-06 -2.06347634930351110e-09  2.84451528677163559e-09  4.00000000000000000e+00 -2.50000000000000000e+00  1.65000000000000013e+00 -1.00000000000000006e-01  1.60000000000000009e+00 -8.00000000000000044e-01  2.30000000000000027e+00
 1.22628000000001048e-06  1.00001329990771030e-05 -9.14108958193438070e-04  7.72662772155023104e-04 -1.25609517474073923e-04 -1.31005344310661599e-06  5.29830657581661385e-06 -2.06347634830931445e-09  2.84451528869906650e-09  4.00000000000000000e+00 -2.50000000000000000e+00  1.65000000000000013e+00 -1.00000000000000006e-01  1.60000000000000009e+00 -8.00000000000000044e-01  2.30000000000000027e+00
 1.22728000000001055e-06  1.00001329994870958e-05 -9.14108958180781528e-04  7.72662772136371357e-04 -1.25609517473437388e-04 -1.31005344289766842e-06  5.29830657570906100e-06 -2.06347635670202460e-09  2.84451527789201384e-09  4.00000000000000000e+00 -2.50000000000000000e+00  1.65000000000000013e+00 -1.00000000000000006e-01  1.60000000000000009e+00 -8.00000000000000044e-01  2.30000000000000027e+00
 1.22828000000001063e-06  1.00001329996405002e-05 -9.14108958185888554e-04  7.72662772147547638e-04 -1.25609517472356790e-04 -1.31005344290391338e-06  5.29830657651936999e-06 -2.06347635501089189e-09  2.84451524849680536e-09  4.00000000000000000e+00 -2.50000000000000000e+00  1.65000000000000013e+00 -1.00000000000000006e-01  1.60000000000000009e+00 -8.00000000000000044e-01  2.30000000000000027e+00
 1.22928000000001070e-06  1.00001329993155902e-05 -9.14108958216475198e-04  7.72662772154356970e-04 -1.25609517472934074e-04 -1.31005344331070604e-06  5.29830657670043683e-06 -2.06347632309522438e-09  2.84451526149201007e-09  4.00000000000000000e+00 -2.50000000000000000e+00  1.65000000000000013e+00 -1.00000000000000006e-01  1.60000000000000009e+00 -8.00000000000000044e-01  2.30000000000000027e+00
 1.23028000000001078e-06  1.00001329990994071e-05 -9.14108958203233945e-04  7.72662772155689238e-04 -1.25609517473437388e-04 -1.31005344277866643e-06  5.29830657523640730e-06 -2.06347634720072575e-09  2.84451528442528360e-09  4.00000000000000000e+00 -2.50000000000000000e+00  1.65000000000000013e+00 -1.00000000000000006e-01  1.60000000000000009e+00 -8.00000000000000044e-01  2.30000000000000027e+00
 1.23128000000001085e-06  1.00001329991026834e-05 -9.14108958210257949e-04  7.72662772147547638e-04 -1.25609517474059096e-04 -1.31005344340056480e-06  5.29830657662750136e-06 -2.06347633728695163e-09  2.84451528730378693e-09  4.00000000000000000e+00 -2.50000000000000000e+00  1.65000000000000013e+00 -1.00000000000000006e-01  1.60000000000000009e+00 -8.00000000000000044e-01  2.30000000000000027e+00
 1.23228000000001093e-06  1.00001329990754615e-05 -9.14108958197434873e-04  7.72662772128599796e-04 -1.25609517473792681e-04 -1.31005344281882532e-06  5.29830657583076185e-06 -2.06347635053390876e-09  2.84451524701548660e-09  4.00000000000000000e+00 -2.50000000000000000e+00  1.65000000000000013e+00 -1.00000000000000006e-01  1.60000000000000009e+00 -8.00000000000000044e-01  2.30000000000000027e+00
 1.23328000000001100e-06  1.00001329988468083e-05 -9.14108958187220821e-04  7.72662772136001319e-04 -1.25609517472860077e-04 -1.31005344255401974e-06  5.29830657606348500e-06 -2.06347634309074322e-09  2.84451526276957729e-09  4.00000000000000000e+00 -2.50000000000000000e+00  1.65000000000000013e+00 -1.00000000000000006e-01  1.60000000000000009e+00 -8.00000000000000044e-01  2.30000000000000027e+00
 1.23428000000001108e-06  1.00001329987528029e-05 -9.14108958198767141e-04  7.72662772130154108e-04 -1.25609517472356763e-04 -1.31005344314313179e-06  5.29830657571214505e-06 -2.06347635887506033e-09  2.84451530115997292e-09  4.00000000000000000e+00 -2.50000000000000000e+00  1.65000000000000013e+00 -1.00000000000000006e-01  1.60000000000000009e+00 -8.00000000000000044e-01  2.30000000000000027e+00
 1.23528000000001115e-06  1.00001329985505179e-05 -9.14108958197157317e-04  7.72662772149398046e-04 -1.25609517473052469e-04 -1.31005344318198964e-06  5.29830657593284033e-06 -2.06347633801596866e-09  2.84451527901013869e-09  4.00000000000000000e+00 -2.50000000000000000e+00  1.65000000000000013e+00 -1.00000000000000006e-01  1.60000000000000009e+00 -8.00000000000000044e-01  2.30000000000000027e+00
 1.23628000000001123e-06  1.00001329988440910e-05 -9.14108958208785061e-04  7.72662772154134926e-04 -1.25609517472889676e-04 -1.31005344321095944e-06  5.29830657670749092e-06 -2.06347632538419650e-09  2.84451523235435916e-09  4.00000000000000000e+00 -2.50000000000000000e+00  1.65000000000000013e+00 -1.00000000000000006e-01  1.60000000000000009e+00 -8.00000000000000044e-01  2.30000000000000027e+00
 1.23728000000001130e-06  1.00001329991237576e-05 -9.14108958194962784e-04  7.72662772140812249e-04 -1.25609517472815652e-04 -1.31005344292906687e-06  5.29830657645399005e-06 -2.06347633818700107e-09  2.84451524792262621e-09  4.00000000000000000e+00 -2.50000000000000000e+00  1.65000000000000013e+00 -1.00000000000000006e-01  1.60000000000000009e+00 -8.00000000000000044e-01  2.30000000000000027e+00
 1.23828000000001138e-06  1.00001329995221189e-05 -9.14108958202789856e-04  7.72662772140812249e-04 -1.25609517472815679e-04 -1.31005344300270601e-06  5.29830657629936842e-06 -2.06347634714370902e-09  2.84451524796641674e-09  4.00000000000000000e+00 -2.50000000000000000e+00  1.65000000000000013e+00 -1.00000000000000006e-01  1.60000000000000009e+00 -8.00000000000000044e-01  2.30000000000000027e+00
 1.23928000000001145e-06  1.00001329992163840e-05 -9.14108958202789856e-04  7.72662772125713216e-04 -1.25609517473141319e-04 -1.31005344285863714e-06  5.29830657610110850e-06 -2.06347634750566547e-09  2.84451530237556198e-09  4.00000000000000000e+00 -2.50000000000000000e+00  1.65000000000000013e+00 -1.00000000000000006e-01  1.60000000000000009e+00 -8.00000000000000044e-01  2.30000000000000027e+00
 1.24028000000001153e-06  1.00001329993247094e-05 -9.14108958198293453e-04  7.72662772146363364e-04 -1.25609517473540983e-04 -1.31005344328104231e-06  5.29830657578689232e-06 -2.06347634244572639e-09  2.84451525970796471e-09  4.00000000000000000e+00 -2.50000000000000000e+00  1.65000000000000013e+00 -1.00000000000000006e-01  1.60000000000000009e+00 -8.00000000000000044e-01  2.30000000000000027e+00
 1.24128000000001160e-06  1.00001329995029234e-05 -9.14108958189855758e-04  7.72662772145623288e-04 -1.25609517473422561e-04 -1.31005344308068174e-06  5.29830657556669848e-06 -2.06347634839318891e-09  2.84451528336334913e-09  4.00000000000000000e+00 -2.50000000000000000e+00  1.65000000000000013e+00 -1.00000000000000006e-01  1.60000000000000009e+00 -8.00000000000000044e-01  2.30000000000000027e+00
 1.24228000000001168e-06  1.00001329994377815e-05 -9.14108958208093014e-04  7.72662772141108345e-04 -1.25609517472090321e-04 -1.31005344300704282e-06  5.29830657642904917e-06 -2.06347634571645230e-09  2.84451525320350192e-09  4.00000000000000000e+00 -2.50000000000000000e+00  1.65000000000000013e+00 -1.00000000000000006e-01  1.60000000000000009e+00 -8.00000000000000044e-01  2.30000000000000027e+00
 1.24328000000001175e-06  1.00001329988588446e-05 -9.14108958202597410e-04  7.72662772150212174e-04 -1.25609517472845278e-04 -1.31005344288994898e-06  5.29830657635437813e-06 -2.06347631566806437e-09  2.84451526807109612e-09  4.00000000000000000e+00 -2.50000000000000000e+00  1.65000000000000013e+00 -1.00000000000000006e-01  1.60000000000000009e+00 -8.00000000000000044e-01  2.30000000000000027e+00
 1.24428000000001183e-06  1.00001329981565527e-05 -9.14108958206316657e-04  7.72662772146659460e-04 -1.25609517474947302e-04 -1.31005344360465506e-06  5.29830657614347455e-06 -2.06347631723759657e-09  2.84451525190539167e-09  4.00000000000000000e+00 -2.50000000000000000e+00  1.65000000000000013e+00 -1.00000000000000006e-01  1.60000000000000009e+00 -8.00000000000000044e-01  2.30000000000000027e+00
 1.24528000000001190e-06  1.00001329979653011e-05 -9.14108958184389753e-04  7.72662772146363364e-04 -1.25609517474769655e-04 -1.31005344263832726e-06  5.29830657623418162e-06 -2.06347636663179350e-09  2.84451527458677051e-09  4.00000000000000000e+00 -2.50000000000000000e+00  1.65000000000000013e+00 -1.00000000000000006e-01  1.60000000000000009e+00 -8.00000000000000044e-01  2.30000000000000027e+00
 1.24628000000001198e-06  1.00001329984633955e-05 -9.14108958186717535e-04  7.72662772147325594e-04 -1.25609517473763028e-04 -1.31005344313870837e-06  5.29830657581264381e-06 -2.06347635374971732e-09  2.84451526461932064e-09  4.00000000000000000e+00 -2.50000000000000000e+00  1.65000000000000013e+00 -1.00000000000000006e-01  1.60000000000000009e+00 -8.00000000000000044e-01  2.30000000000000027e+00
 1.24728000000001205e-06  1.00001329989437749e-05 -9.14108958208759148e-04  7.72662772148583810e-04 -1.25609517473156146e-04 -1.31005344287164757e-06  5.29830657647577066e-06 -2.06347634833652662e-09  2.84451527408470538e-09  4.00000000000000000e+00 -2.50000000000000000e+00  1.65000000000000013e+00 -1.00000000000000006e-01  1.60000000000000009e+00 -8.00000000000000044e-01  2.30000000000000027e+00
 1.24828000000001213e-06  1.00001329995083698e-05 -9.14108958211172040e-04  7.72662772141996523e-04 -1.25609517471823878e-04 -1.31005344304251783e-06  5.29830657662892777e-06 -2.06347635370283520e-09  2.84451524426718935e-09  4.00000000000000000e+00 -2.50000000000000000e+00  1.65000000000000013e+00 -1.00000000000000006e-01  1.60000000000000009e+00 -8.00000000000000044e-01  2.30000000000000027e+00
 1.24928000000001220e-06  1.00001329995023390e-05 -9.14108958206538702e-04  7.72662772149176002e-04 -1.25609517473615034e-04 -1.31005344335043125e-06  5.29830657635025393e-06 -2.06347631314486283e-09  2.84451529055676609e-09  4.00000000000000000e+00 -2.50000000000000000e+00  1.65000000000000013e+00 -1.00000000000000006e-01  1.60000000000000009e+00 -8.00000000000000044e-01  2.30000000000000027e+00
 1.25028000000001228e-06  1.00001329996314742e-05 -9.14108958216086620e-04  7.72662772145031097e-04 -1.25609517474799254e-04 -1.31005344323333741e-06  5.29830657654246095e-06 -2.06347633662005546e-09  2.84451523482925750e-09  4.00000000000000000e+00 -2.50000000000000000e+00  1.65000000000000013e+00 -1.00000000000000006e-01  1.60000000000000009e+00 -8.00000000000000044e-01  2.30000000000000027e+00
 1.25128000000001235e-06  1.00001329993255649e-05 -9.14108958214946798e-04  7.72662772158871913e-04 -1.25609517475672633e-04 -1.31005344305639562e-06  5.29830657615847042e-06 -2.06347633301777571e-09  2.84451524940640625e-09  4.00000000000000000e+00 -2.50000000000000000e+00  1.65000000000000013e+00 -1.00000000000000006e-01  1.60000000000000009e+00 -8.00000000000000044e-01  2.30000000000000027e+00
 1.25228000000001243e-06  1.00001329991986658e-05 -9.14108958210254263e-04  7.72662772157317601e-04 -1.25609517474547611e-04 -1.31005344275958447e-06  5.29830657582093203e-06 -2.06347634417434445e-09  2.84451527032832353e-09  4.00000000000000000e+00 -2.50000000000000000e+00  1.65000000000000013e+00 -1.00000000000000006e-01  1.60000000000000009e+00 -8.00000000000000044e-01  2.30000000000000027e+00
 1.25328000000001250e-06  1.00001329986866716e-05 -9.14108958197904875e-04  7.72662772155023104e-04 -1.25609517473615007e-04 -1.31005344302083378e-06  5.29830657671165409e-06 -2.06347634404728785e-09  2.84451527681520004e-09  4.00000000000000000e+00 -2.50000000000000000e+00  1.65000000000000013e+00 -1.00000000000000006e-01  1.60000000000000009e+00 -8.00000000000000044e-01  2.30000000000000027e+00
 1.25428000000001258e-06  1.00001329988800696e-05 -9.14108958194796250e-04  7.72662772158871913e-04 -1.25609517474207144e-04 -1.31005344300799679e-06  5.29830657550047067e-06 -2.06347634913036234e-09  2.84451529327386663e-09  4.00000000000000000e+00 -2.50000000000000000e+00  1.65000000000000013e+00 -1.00000000000000006e-01  1.60000000000000009e+00 -8.00000000000000044e-01  2.30000000000000027e+00
 1.25528000000001265e-06  1.00001329989455385e-05 -9.14108958187246734e-04  7.72662772153764887e-04 -1.25609517473792654e-04 -1.31005344279974336e-06  5.29830657566762076e-06 -2.06347637458962171e-09  2.84451529964357590e-09  4.00000000000000000e+00 -2.50000000000000000e+00  1.65000000000000013e+00 -1.00000000000000006e-01  1.60000000000000009e+00 -8.00000000000000044e-01  2.30000000000000027e+00
 1.25628000000001273e-06  1.00001329991954911e-05 -9.14108958205817057e-04  7.72662772155319200e-04 -1.25609517473777854e-04 -1.31005344357507794e-06  5.29830657670382920e-06 -2.06347632031752252e-09  2.84451523079533547e-09  4.00000000000000000e+00 -2.50000000000000000e+00  1.65000000000000013e+00 -1.00000000000000006e-01  1.60000000000000009e+00 -8.00000000000000044e-01  2.30000000000000027e+00
 1.25728000000001280e-06  1.00001329991815202e-05 -9.14108958212700440e-04  7.72662772137555631e-04 -1.25609517474177545e-04 -1.31005344291943928e-06  5.29830657604085651e-06 -2.06347633429807552e-09  2.84451526492217669e-09  4.00000000000000000e+00 -2.50000000000000000e+00  1.65000000000000013e+00 -1.00000000000000006e-01  1.60000000000000009e+00 -8.00000000000000044e-01  2.30000000000000027e+00
 1.25828000000001288e-06  1.00001329987533501e-05 -9.14108958211146128e-04  7.72662772151174403e-04 -1.25609517473644633e-04 -1.31005344293748045e-06  5.29830657603195165e-06 -2.06347635025729543e-09  2.84451527048762446e-09  4.00000000000000000e+00 -2.50000000000000000e+00  1.65000000000000013e+00 -1.00000000000000006e-01  1.60000000000000009e+00 -8.00000000000000044e-01  2.30000000000000027e+00
 1.25928000000001295e-06  1.00001329989025126e-05 -9.14108958208703637e-04  7.72662772150804257e-04 -1.25609517472312338e-04 -1.31005344290564810e-06  5.29830657654658600e-06 -2.06347635076727792e-09  2.84451524132683566e-09  4.00000000000000000e+00 -2.50000000000000000e+00  1.65000000000000013e+00 -1.00000000000000006e-01  1.60000000000000009e+00 -8.00000000000000044e-01  2.30000000000000027e+00
 1.26028000000001303e-06  1.00001329993525378e-05 -9.14108958212533906e-04  7.72662772154134926e-04 -1.25609517474162746e-04 -1.31005344344141762e-06  5.29830657642345875e-06 -2.06347631138498479e-09  2.84451527446518447e-09  4.00000000000000000e+00 -2.50000000000000000e+00  1.65000000000000013e+00 -1.00000000000000006e-01  1.60000000000000009e+00 -8.00000000000000044e-01  2.30000000000000027e+00
 1.26128000000001310e-06  1.00001329991291464e-05 -9.14108958211893685e-04  7.72662772137851727e-04 -1.25609517474236743e-04 -1.31005344258385690e-06  5.29830657542957824e-06 -2.06347636890298289e-09  2.84451529754405957e-09  4.00000000000000000e+00 -2.50000000000000000e+00  1.65000000000000013e+00 -1.00000000000000006e-01  1.60000000000000009e+00 -8.00000000000000044e-01  2.30000000000000027e+00
 1.26228000000001318e-06  1.00001329990914890e-05 -9.14108958194518695e-04  7.72662772138517861e-04 -1.25609517473689058e-04 -1.31005344306151318e-06  5.29830657633236713e-06 -2.06347634523997228e-09  2.84451525997180348e-09  4.00000000000000000e+00 -2.50000000000000000e+00  1.65000000000000013e+00 -1.00000000000000006e-01  1.60000000000000009e+00 -8.00000000000000044e-01  2.30000000000000027e+00
 1.26328000000001325e-06  1.00001329990322662e-05 -9.14108958216667644e-04  7.72662772147917677e-04 -1.25609517473896276e-04 -1.31005344343551952e-06  5.29830657674877785e-06 -2.06347632536278121e-09  2.84451525611048550e-09  4.00000000000000000e+00 -2.50000000000000000e+00  1.65000000000000013e+00 -1.00000000000000006e-01  1.60000000000000009e+00 -8.00000000000000044e-01  2.30000000000000027e+00
 1.26428000000001333e-06  1.00001329989319351e-05 -9.14108958203814969e-04  7.72662772146955556e-04 -1.25609517473659432e-04 -1.31005344267657800e-06  5.29830657589070637e-06 -2.06347634854101353e-09  2.84451526914475960e-09  4.00000000000000000e+00 -2.50000000000000000e+00  1.65000000000000013e+00 -1.00000000000000006e-01  1.60000000000000009e+00 -8.00000000000000044e-01  2.30000000000000027e+00
 1.26528000000001341e-06  1.00001329991392752e-05 -9.14108958201568611e-04  7.72662772154134926e-04 -1.25609517473851878e-04 -1.31005344308241647e-06  5.29830657565898611e-06 -2.06347634760834381e-09  2.84451526811423524e-09  4.00000000000000000e+00 -2.50000000000000000e+00  1.65000000000000013e+00 -1.00000000000000006e-01  1.60000000000000009e+00 -8.00000000000000044e-01  2.30000000000000027e+00
 1.26628000000001348e-06  1.00001329993386346e-05 -9.14108958190910470e-04  7.72662772151100352e-04 -1.25609517473881477e-04 -1.31005344287763249e-06  5.29830657587351329e-06 -2.06347635355238594e-09  2.84451529317435143e-09  4.00000000000000000e+00 -2.50000000000000000e+00  1.65000000000000013e+00 -1.00000000000000006e-01  1.60000000000000009e+00 -8.00000000000000044e-01  2.30000000000000027e+00
 1.26728000000001356e-06  1.00001329991359684e-05 -9.14108958192020693e-04  7.72662772154431021e-04 -1.25609517473111720e-04 -1.31005344297243496e-06  5.29830657606992245e-06 -2.06347634799122959e-09  2.84451525268341873e-09  4.00000000000000000e+00 -2.50000000000000000e+00  1.65000000000000013e+00 -1.00000000000000006e-01  1.60000000000000009e+00 -8.00000000000000044e-01  2.30000000000000027e+00
 1.26828000000001363e-06  1.00001329992470602e-05 -9.14108958206509103e-04  7.72662772150878308e-04 -1.25609517472075521e-04 -1.31005344281353433e-06  5.29830657616980372e-06 -2.06347634950102115e-09  2.84451527882659310e-09  4.00000000000000000e+00 -2.50000000000000000e+00  1.65000000000000013e+00 -1.00000000000000006e-01  1.60000000000000009e+00 -8.00000000000000044e-01  2.30000000000000027e+00
 1.26928000000001371e-06  1.00001329994371022e-05 -9.14108958195876875e-04  7.72662772133040688e-04 -1.25609517472578781e-04 -1.31005344313896841e-06  5.29830657684626880e-06 -2.06347632332425870e-09  2.84451526673898047e-09  4.00000000000000000e+00 -2.50000000000000000e+00  1.65000000000000013e+00 -1.00000000000000006e-01  1.60000000000000009e+00 -8.00000000000000044e-01  2.30000000000000027e+00
 1.27028000000001378e-06  1.00001329995380312e-05 -9.14108958180141306e-04  7.72662772141774479e-04 -1.25609517473511411e-04 -1.31005344306350794e-06  5.29830657578484927e-06 -2.06347635525015719e-09  2.84451529169439007e-09  4.00000000000000000e+00 -2.50000000000000000e+00  1.65000000000000013e+00 -1.00000000000000006e-01  1.60000000000000009e+00 -8.00000000000000044e-01  2.30000000000000027e+00
 1.27128000000001386e-06  1.00001329989101427e-05 -9.14108958201957189e-04  7.72662772129487974e-04 -1.25609517474103521e-04 -1.31005344310774339e-06  5.29830657556816300e-06 -2.06347634259054793e-09  2.84451525876575346e-09  4.00000000000000000e+00 -2.50000000000000000e+00  1.65000000000000013e+00 -1.00000000000000006e-01  1.60000000000000009e+00 -8.00000000000000044e-01  2.30000000000000027e+00
 1.27228000000001393e-06  1.00001329985330995e-05 -9.14108958202704746e-04  7.72662772126231356e-04 -1.25609517473200516e-04 -1.31005344279280447e-06  5.29830657603256829e-06 -2.06347634285203172e-09  2.84451525892752352e-09  4.00000000000000000e+00 -2.50000000000000000e+00  1.65000000000000013e+00 -1.00000000000000006e-01  1.60000000000000009e+00 -8.00000000000000044e-01  2.30000000000000027e+00
 1.27328000000001401e-06  1.00001329987585797e-05 -9.14108958190436782e-04  7.72662772142810651e-04 -1.25609517472208743e-04 -1.31005344291952589e-06  5.29830657618472252e-06 -2.06347633884815867e-09  2.84451526973766612e-09  4.00000000000000000e+00 -2.50000000000000000e+00  1.65000000000000013e+00 -1.00000000000000006e-01  1.60000000000000009e+00 -8.00000000000000044e-01  2.30000000000000027e+00
 1.27428000000001408e-06  1.00001329986857026e-05 -9.14108958190714338e-04  7.72662772132152510e-04 -1.25609517472031096e-04 -1.31005344313723369e-06  5.29830657582486396e-06 -2.06347635368911890e-09  2.84451528000416328e-09  4.00000000000000000e+00 -2.50000000000000000e+00  1.65000000000000013e+00 -1.00000000000000006e-01  1.60000000000000009e+00 -8.00000000000000044e-01  2.30000000000000027e+00
 1.27528000000001416e-06  1.00001329989106238e-05 -9.14108958194211540e-04  7.72662772143106746e-04 -1.25609517472045922e-04 -1.31005344307218156e-06  5.29830657643113033e-06 -2.06347633617000097e-09  2.84451524551315331e-09  4.00000000000000000e+00 -2.50000000000000000e+00  1.65000000000000013e+00 -1.00000000000000006e-01  1.60000000000000009e+00 -8.00000000000000044e-01  2.30000000000000027e+00
 1.27628000000001423e-06  1.00001329992301720e-05 -9.14108958185551801e-04  7.72662772140812249e-04 -1.25609517472401188e-04 -1.31005344325137858e-06  5.29830657655020961e-06 -2.06347634556033726e-09  2.84451528525188849e-09  4.00000000000000000e+00 -2.50000000000000000e+00  1.65000000000000013e+00 -1.00000000000000006e-01  1.60000000000000009e+00 -8.00000000000000044e-01  2.30000000000000027e+00
 1.27728000000001431e-06  1.00001329993646233e-05 -9.14108958210672440e-04  7.72662772130154108e-04 -1.25609517473407789e-04 -1.31005344332866059e-06  5.29830657687868899e-06 -2.06347632367494688e-09  2.84451524387218497e-09  4.00000000000000000e+00 -2.50000000000000000e+00  1.65000000000000013e+00 -1.00000000000000006e-01  1.60000000000000009e+00 -8.00000000000000044e-01  2.30000000000000027e+00
 1.27828000000001438e-06  1.00001329993114313e-05 -9.14108958215361289e-04  7.72662772148879906e-04 -1.25609517474873278e-04 -1.31005344320801049e-06  5.29830657619470649e-06 -2.06347633629712994e-09  2.84451525410660903e-09  4.00000000000000000e+00 -2.50000000000000000e+00  1.65000000000000013e+00 -1.00000000000000006e-01  1.60000000000000009e+00 -8.00000000000000044e-01  2.30000000000000027e+00
 1.27928000000001446e-06  1.00001329989223128e-05 -9.14108958209199551e-04  7.72662772148213772e-04 -1.25609517476264743e-04 -1.31005344308319722e-06  5.29830657596738064e-06 -2.06347632321335280e-09  2.84451527921224662e-09  4.00000000000000000e+00 -2.50000000000000000e+00  1.65000000000000013e+00 -1.00000000000000006e-01  1.60000000000000009e+00 -8.00000000000000044e-01  2.30000000000000027e+00
 1.28028000000001453e-06  1.00001329986475404e-05 -9.14108958201150434e-04  7.72662772151766486e-04 -1.25609517473925875e-04 -1.31005344253944802e-06  5.29830657493418001e-06 -2.06347638663877913e-09  2.84451528521499665e-09  4.00000000000000000e+00 -2.50000000000000000e+00  1.65000000000000013e+00 -1.00000000000000006e-01  1.60000000000000009e+00 -8.00000000000000044e-01  2.30000000000000027e+00
 1.28128000000001461e-06  1.00001329984644204e-05 -9.14108958209591815e-04  7.72662772144364963e-04 -1.25609517471868276e-04 -1.31005344291943928e-06  5.29830657652422687e-06 -2.06347633984899800e-09  2.84451525988889516e-09  4.00000000000000000e+00 -2.50000000000000000e+00  1.65000000000000013e+00 -1.00000000000000006e-01  1.60000000000000009e+00 -8.00000000000000044e-01  2.30000000000000027e+00
 1.28228000000001468e-06  1.00001329986797277e-05 -9.14108958208422395e-04  7.72662772142810651e-04 -1.25609517472386362e-04 -1.31005344323255687e-06  5.29830657688227448e-06 -2.06347632719008895e-09  2.84451524217282843e-09  4.00000000000000000e+00 -2.50000000000000000e+00  1.65000000000000013e+00 -1.00000000000000006e-01  1.60000000000000009e+00 -8.00000000000000044e-01  2.30000000000000027e+00
 1.28328000000001476e-06  1.00001329992484019e-05 -9.14108958216249467e-04  7.72662772143698829e-04 -1.25609517472652832e-04 -1.31005344297312889e-06  5.29830657620422884e-06 -2.06347634752424519e-09  2.84451526172941917e-09  4.00000000000000000e+00 -2.50000000000000000e+00  1.65000000000000013e+00 -1.00000000000000006e-01  1.60000000000000009e+00 -8.00000000000000044e-01  2.30000000000000027e+00
 1.28428000000001483e-06  1.00001329996046097e-05 -9.14108958194877674e-04  7.72662772153468792e-04 -1.25609517471942273e-04 -1.31005344263234255e-06  5.29830657564942564e-06 -2.06347635542118836e-09  2.84451529245819541e-09  4.00000000000000000e+00 -2.50000000000000000e+00  1.65000000000000013e+00 -1.00000000000000006e-01  1.60000000000000009e+00 -8.00000000000000044e-01  2.30000000000000027e+00
 1.28528000000001491e-06  1.00001329993430155e-05 -9.14108958202068211e-04  7.72662772141108345e-04 -1.25609517472312338e-04 -1.31005344334531390e-06  5.29830657591587934e-06 -2.06347634406840949e-09  2.84451529239364803e-09  4.00000000000000000e+00 -2.50000000000000000e+00  1.65000000000000013e+00 -1.00000000000000006e-01  1.60000000000000009e+00 -8.00000000000000044e-01  2.30000000000000027e+00
 1.28628000000001498e-06  1.00001329988152174e-05 -9.14108958198352650e-04  7.72662772144291020e-04 -1.25609517472519583e-04 -1.31005344289775524e-06  5.29830657616290379e-06 -2.06347633229334003e-09  2.84451525314217269e-09  4.00000000000000000e+00 -2.50000000000000000e+00  1.65000000000000013e+00 -1.00000000000000006e-01  1.60000000000000009e+00 -8.00000000000000044e-01  2.30000000000000027e+00
 1.28728000000001506e-06  1.00001329987635145e-05 -9.14108958196654031e-04  7.72662772144661059e-04 -1.25609517472682430e-04 -1.31005344302499716e-06  5.29830657612096211e-06 -2.06347635521095007e-09  2.84451528906794108e-09  4.00000000000000000e+00 -2.50000000000000000e+00  1.65000000000000013e+00 -1.00000000000000006e-01  1.60000000000000009e+00 -8.00000000000000044e-01  2.30000000000000027e+00
 1.28828000000001513e-06  1.00001329989134105e-05 -9.14108958201539012e-04  7.72662772127563624e-04 -1.25609517472830451e-04 -1.31005344329908347e-06  5.29830657594201539e-06 -2.06347634947029015e-09  2.84451527138126159e-09  4.00000000000000000e+00 -2.50000000000000000e+00  1.65000000000000013e+00 -1.00000000000000006e-01  1.60000000000000009e+00 -8.00000000000000044e-01  2.30000000000000027e+00
 1.28928000000001521e-06  1.00001329991907935e-05 -9.14108958196990784e-04  7.72662772134002918e-04 -1.25609517472341964e-04 -1.31005344255861680e-06  5.29830657600546747e-06 -2.06347634535302305e-09  2.84451524998551085e-09  4.00000000000000000e+00 -2.50000000000000000e+00  1.65000000000000013e+00 -1.00000000000000006e-01  1.60000000000000009e+00 -8.00000000000000044e-01  2.30000000000000027e+00
 1.29028000000001528e-06  1.00001329991829144e-05 -9.14108958179227216e-04  7.72662772134595000e-04 -1.25609517472800852e-04 -1.31005344342138148e-06  5.29830657638664416e-06 -2.06347633085400896e-09  2.84451525710666035e-09  4.00000000000000000e+00 -2.50000000000000000e+00  1.65000000000000013e+00 -1.00000000000000006e-01  1.60000000000000009e+00 -8.00000000000000044e-01  2.30000000000000027e+00
 1.29128000000001536e-06  1.00001329993176383e-05 -9.14108958183442377e-04  7.72662772133410835e-04 -1.25609517473348564e-04 -1.31005344321434227e-06  5.29830657588900976e-06 -2.06347633455208780e-09  2.84451525826436745e-09  4.00000000000000000e+00 -2.50000000000000000e+00  1.65000000000000013e+00 -1.00000000000000006e-01  1.60000000000000009e+00 -8.00000000000000044e-01  2.30000000000000027e+00
 1.29228000000001543e-06  1.00001329992763099e-05 -9.14108958208422395e-04  7.72662772155023104e-04 -1.25609517473570609e-04 -1.31005344322119435e-06  5.29830657683628482e-06 -2.06347632129675299e-09  2.84451523571457237e-09  4.00000000000000000e+00 -2.50000000000000000e+00  1.65000000000000013e+00 -1.00000000000000006e-01  1.60000000000000009e+00 -8.00000000000000044e-01  2.30000000000000027e+00
 1.29328000000001551e-06  1.00001329991593448e-05 -9.14108958208592615e-04  7.72662772144364963e-04 -1.25609517473955501e-04 -1.31005344291596984e-06  5.29830657595396618e-06 -2.06347634633731339e-09  2.84451528645588131e-09  4.00000000000000000e+00 -2.50000000000000000e+00  1.65000000000000013e+00 -1.00000000000000006e-01  1.60000000000000009e+00 -8.00000000000000044e-01  2.30000000000000027e+00
 1.29428000000001558e-06  1.00001329990978536e-05 -9.14108958197904875e-04  7.72662772149916078e-04 -1.25609517473037724e-04 -1.31005344285247900e-06  5.29830657605646902e-06 -2.06347634669524106e-09  2.84451526535799252e-09  4.00000000000000000e+00 -2.50000000000000000e+00  1.65000000000000013e+00 -1.00000000000000006e-01  1.60000000000000009e+00 -8.00000000000000044e-01  2.30000000000000027e+00
 1.29528000000001566e-06  1.00001329988773760e-05 -9.14108958202541899e-04  7.72662772155319200e-04 -1.25609517473304139e-04 -1.31005344346067301e-06  5.29830657676404308e-06 -2.06347633425147010e-09  2.84451525269031866e-09  4.00000000000000000e+00 -2.50000000000000000e+00  1.65000000000000013e+00 -1.00000000000000006e-01  1.60000000000000009e+00 -8.00000000000000044e-01  2.30000000000000027e+00
 1.29628000000001573e-06  1.00001329988649162e-05 -9.14108958213614531e-04  7.72662772155319200e-04 -1.25609517474799254e-04 -1.31005344317773965e-06  5.29830657640005947e-06 -2.06347633012686260e-09  2.84451525209661681e-09  4.00000000000000000e+00 -2.50000000000000000e+00  1.65000000000000013e+00 -1.00000000000000006e-01  1.60000000000000009e+00 -8.00000000000000044e-01  2.30000000000000027e+00
 1.29728000000001581e-06  1.00001329990873809e-05 -9.14108958211812261e-04  7.72662772163682844e-04 -1.25609517475539412e-04 -1.31005344311537621e-06  5.29830657590867024e-06 -2.06347633189062591e-09  2.84451527849929717e-09  4.00000000000000000e+00 -2.50000000000000000e+00  1.65000000000000013e+00 -1.00000000000000006e-01  1.60000000000000009e+00 -8.00000000000000044e-01  2.30000000000000027e+00
 1.29828000000001588e-06  1.00001329993431510e-05 -9.14108958202845367e-04  7.72662772151766486e-04 -1.25609517475317367e-04 -1.31005344274405878e-06  5.29830657520136554e-06 -2.06347637631749779e-09  2.84451528931253797e-09  4.00000000000000000e+00 -2.50000000000000000e+00  1.65000000000000013e+00 -1.00000000000000006e-01  1.60000000000000009e+00 -8.00000000000000044e-01  2.30000000000000027e+00
 1.29928000000001596e-06  1.00001329993569475e-05 -9.14108958205872568e-04  7.72662772151470390e-04 -1.25609517472697230e-04 -1.31005344253606539e-06  5.29830657653405754e-06 -2.06347635206451467e-09  2.84451524600182887e-09  4.00000000000000000e+00 -2.50000000000000000e+00  1.65000000000000013e+00 -1.00000000000000006e-01  1.60000000000000009e+00 -8.00000000000000044e-01  2.30000000000000027e+00
 1.30028000000001603e-06  1.00001329991586198e-05 -9.14108958214865375e-04  7.72662772137037491e-04 -1.25609517472934074e-04 -1.31005344343040196e-06  5.29830657702031967e-06 -2.06347631378719545e-09  2.84451527591369353e-09  4.00000000000000000e+00 -2.50000000000000000e+00  1.65000000000000013e+00 -1.00000000000000006e-01  1.60000000000000009e+00 -8.00000000000000044e-01  2.30000000000000027e+00
 1.30128000000001611e-06  1.00001329986832954e-05 -9.14108958204758659e-04  7.72662772147917677e-04 -1.25609517474636434e-04 -1.31005344314061653e-06  5.29830657558547212e-06 -2.06347634314187249e-09  2.84451528700503990e-09  4.00000000000000000e+00 -2.50000000000000000e+00  1.65000000000000013e+00 -1.00000000000000006e-01  1.60000000000000009e+00 -8.00000000000000044e-01  2.30000000000000027e+00
 1.30228000000001618e-06  1.00001329982521268e-05 -9.14108958197046295e-04  7.72662772153764887e-04 -1.25609517474784482e-04 -1.31005344296272055e-06  5.29830657605299957e-06 -2.06347635098479002e-09  2.84451526245904417e-09  4.00000000000000000e+00 -2.50000000000000000e+00  1.65000000000000013e+00 -1.00000000000000006e-01  1.60000000000000009e+00 -8.00000000000000044e-01  2.30000000000000027e+00
 1.30328000000001626e-06  1.00001329986396325e-05 -9.14108958203814969e-04  7.72662772143402842e-04 -1.25609517473067295e-04 -1.31005344280590150e-06  5.29830657616999685e-06 -2.06347634890808899e-09  2.84451525015747177e-09  4.00000000000000000e+00 -2.50000000000000000e+00  1.65000000000000013e+00 -1.00000000000000006e-01  1.60000000000000009e+00 -8.00000000000000044e-01  2.30000000000000027e+00
 1.30428000000001634e-06  1.00001329990267588e-05 -9.14108958189663312e-04  7.72662772158575818e-04 -1.25609517472623233e-04 -1.31005344289333161e-06  5.29830657581283609e-06 -2.06347634374761189e-09  2.84451528332116333e-09  4.00000000000000000e+00 -2.50000000000000000e+00  1.65000000000000013e+00 -1.00000000000000006e-01  1.60000000000000009e+00 -8.00000000000000044e-01  2.30000000000000027e+00
 1.30528000000001641e-06  1.00001329989199191e-05 -9.14108958196990784e-04  7.72662772144661059e-04 -1.25609517473363364e-04 -1.31005344316490265e-06  5.29830657611332950e-06 -2.06347634337694151e-09  2.84451529427579246e-09  4.00000000000000000e+00 -2.50000000000000000e+00  1.65000000000000013e+00 -1.00000000000000006e-01  1.60000000000000009e+00 -8.00000000000000044e-01  2.30000000000000027e+00
 1.30628000000001649e-06  1.00001329989025024e-05 -9.14108958186110598e-04  7.72662772141034294e-04 -1.25609517472845278e-04 -1.31005344270268546e-06  5.29830657564059787e-06 -2.06347636847796136e-09  2.84451527557054344e-09  4.00000000000000000e+00 -2.50000000000000000e+00  1.65000000000000013e+00 -1.00000000000000006e-01  1.60000000000000009e+00 -8.00000000000000044e-01  2.30000000000000027e+00
 1.30728000000001656e-06  1.00001329988164778e-05 -9.14108958157466844e-04  7.72662772142366562e-04 -1.25609517471779453e-04 -1.31005344268603215e-06  5.29830657556149431e-06 -2.06347635202728823e-09  2.84451528293024315e-09  4.00000000000000000e+00 -2.50000000000000000e+00  1.65000000000000013e+00 -1.00000000000000006e-01  1.60000000000000009e+00 -8.00000000000000044e-01  2.30000000000000027e+00
 1.30828000000001664e-06  1.00001329987434466e-05 -9.14108958156160489e-04  7.72662772117645668e-04 -1.25609517470387988e-04 -1.31005344284736144e-06  5.29830657592528479e-06 -2.06347634980316293e-09  2.84451525197502746e-09  4.00000000000000000e+00 -2.50000000000000000e+00  1.65000000000000013e+00 -1.00000000000000006e-01  1.60000000000000009e+00 -8.00000000000000044e-01  2.30000000000000027e+00
 1.30928000000001671e-06  1.00001329987335261e-05 -9.14108958181751130e-04  7.72662772144661059e-04 -1.25609517471542582e-04 -1.31005344362711964e-06  5.29830657673185413e-06 -2.06347631381957585e-09  2.84451525204716464e-09  4.00000000000000000e+00 -2.50000000000000000e+00  1.65000000000000013e+00 -1.00000000000000006e-01  1.60000000000000009e+00 -8.00000000000000044e-01  2.30000000000000027e+00
 1.31028000000001679e-06  1.00001329989265327e-05 -9.14108958201124522e-04  7.72662772148583810e-04 -1.25609517472786053e-04 -1.31005344327913415e-06  5.29830657641941163e-06 -2.06347633285374373e-09  2.84451525791378597e-09  4.00000000000000000e+00 -2.50000000000000000e+00  1.65000000000000013e+00 -1.00000000000000006e-01  1.60000000000000009e+00 -8.00000000000000044e-01  2.30000000000000027e+00
 1.31128000000001686e-06  1.00001329987510157e-05 -9.14108958204540301e-04  7.72662772141774479e-04 -1.25609517474014698e-04 -1.31005344329309876e-06  5.29830657647268661e-06 -2.06347632370858005e-09  2.84451525246980761e-09  4.00000000000000000e+00 -2.50000000000000000e+00  1.65000000000000013e+00 -1.00000000000000006e-01  1.60000000000000009e+00 -8.00000000000000044e-01  2.30000000000000027e+00
 1.31228000000001694e-06  1.00001329990939878e-05 -9.14108958209036704e-04  7.72662772149916078e-04 -1.25609517473644606e-04 -1.31005344273096153e-06  5.29830657595608630e-06 -2.06347636621045044e-09  2.84451527118595556e-09  4.00000000000000000e+00 -2.50000000000000000e+00  1.65000000000000013e+00 -1.00000000000000006e-01  1.60000000000000009e+00 -8.00000000000000044e-01  2.30000000000000027e+00
 1.31328000000001701e-06  1.00001329991362157e-05 -9.14108958212478395e-04  7.72662772139554033e-04 -1.25609517473511384e-04 -1.31005344332016041e-06  5.29830657601437233e-06 -2.06347633123320881e-09  2.84451526130731883e-09  4.00000000000000000e+00 -2.50000000000000000e+00  1.65000000000000013e+00 -1.00000000000000006e-01  1.60000000000000009e+00 -8.00000000000000044e-01  2.30000000000000027e+00
 1.31428000000001709e-06  1.00001329994716289e-05 -9.14108958202985988e-04  7.72662772155319200e-04 -1.25609517473555810e-04 -1.31005344292368927e-06  5.29830657637072333e-06 -2.06347634283077566e-09  2.84451526555313807e-09  4.00000000000000000e+00 -2.50000000000000000e+00  1.65000000000000013e+00 -1.00000000000000006e-01  1.60000000000000009e+00 -8.00000000000000044e-01  2.30000000000000027e+00
 1.31528000000001716e-06  1.00001329995773742e-05 -9.14108958204980704e-04  7.72662772136667453e-04 -1.25609517473363364e-04 -1.31005344302421662e-06  5.29830657596209939e-06 -2.06347634309441466e-09  2.84451525389915213e-09  4.00000000000000000e+00 -2.50000000000000000e+00  1.65000000000000013e+00 -1.00000000000000006e-01  1.60000000000000009e+00 -8.00000000000000044e-01  2.30000000000000027e+00
 1.31628000000001724e-06  1.00001329991623399e-05 -9.14108958216416001e-04  7.72662772139924071e-04 -1.25609517472667631e-04 -1.31005344300105789e-06  5.29830657653760406e-06 -2.06347634128110117e-09  2.84451528276932054e-09  4.00000000000000000e+00 -2.50000000000000000e+00  1.65000000000000013e+00 -1.00000000000000006e-01  1.60000000000000009e+00 -8.00000000000000044e-01  2.30000000000000027e+00
 1.31728000000001731e-06  1.00001329986566003e-05 -9.14108958203515187e-04  7.72662772152432620e-04 -1.25609517474858451e-04 -1.31005344346067301e-06  5.29830657613410721e-06 -2.06347632031612500e-09  2.84451526548792274e-09  4.00000000000000000e+00 -2.50000000000000000e+00  1.65000000000000013e+00 -1.00000000000000006e-01  1.60000000000000009e+00 -8.00000000000000044e-01  2.30000000000000027e+00
 1.31828000000001739e-06  1.00001329983313379e-05 -9.14108958198571009e-04  7.72662772142810651e-04 -1.25609517474976900e-04 -1.31005344252912650e-06  5.29830657540664144e-06 -2.06347637847298860e-09  2.84451530656340660e-09  4.00000000000000000e+00 -2.50000000000000000e+00  1.65000000000000013e+00 -1.00000000000000006e-01  1.60000000000000009e+00 -8.00000000000000044e-01  2.30000000000000027e+00
 1.31928000000001746e-06  1.00001329989065970e-05 -9.14108958182942776e-04  7.72662772134299013e-04 -1.25609517472593607e-04 -1.31005344246138546e-06  5.29830657630171979e-06 -2.06347636346648266e-09  2.84451525236427922e-09  4.00000000000000000e+00 -2.50000000000000000e+00  1.65000000000000013e+00 -1.00000000000000006e-01  1.60000000000000009e+00 -8.00000000000000044e-01  2.30000000000000027e+00
 1.32028000000001754e-06  1.00001329991361209e-05 -9.14108958176618192e-04  7.72662772139554033e-04 -1.25609517472149545e-04 -1.31005344344948391e-06  5.29830657626336359e-06 -2.06347631771931761e-09  2.84451525987135108e-09  4.00000000000000000e+00 -2.50000000000000000e+00  1.65000000000000013e+00 -1.00000000000000006e-01  1.60000000000000009e+00 -8.00000000000000044e-01  2.30000000000000027e+00
 1.32128000000001761e-06  1.00001329992949531e-05 -9.14108958199984700e-04  7.72662772136001319e-04 -1.25609517472830451e-04 -1.31005344307044683e-06  5.29830657671666598e-06 -2.06347634416908440e-09  2.84451526192827050e-09  4.00000000000000000e+00 -2.50000000000000000e+00  1.65000000000000013e+00 -1.00000000000000006e-01  1.60000000000000009e+00 -8.00000000000000044e-01  2.30000000000000027e+00
 1.32228000000001769e-06  1.00001329992215577e-05 -9.14108958203148836e-04  7.72662772148583810e-04 -1.25609517473851878e-04 -1.31005344329309876e-06  5.29830657608414752e-06 -2.06347632386718366e-09  2.84451524369503473e-09  4.00000000000000000e+00 -2.50000000000000000e+00  1.65000000000000013e+00 -1.00000000000000006e-01  1.60000000000000009e+00 -8.00000000000000044e-01  2.30000000000000027e+00
 1.32328000000001776e-06  1.00001329991695008e-05 -9.14108958205036215e-04  7.72662772132818644e-04 -1.25609517473955501e-04 -1.31005344277814593e-06  5.29830657521929130e-06 -2.06347636544283552e-09  2.84451530763802299e-09  4.00000000000000000e+00 -2.50000000000000000e+00  1.65000000000000013e+00 -1.00000000000000006e-01  1.60000000000000009e+00 -8.00000000000000044e-01  2.30000000000000027e+00
 1.32428000000001784e-06  1.00001329989752185e-05 -9.14108958205147237e-04  7.72662772129562025e-04 -1.25609517472830451e-04 -1.31005344298874140e-06  5.29830657639524070e-06 -2.06347635314199310e-09  2.84451526911531900e-09  4.00000000000000000e+00 -2.50000000000000000e+00  1.65000000000000013e+00 -1.00000000000000006e-01  1.60000000000000009e+00 -8.00000000000000044e-01  2.30000000000000027e+00
 1.32528000000001791e-06  1.00001329992621645e-05 -9.14108958210698352e-04  7.72662772141108345e-04 -1.25609517472238341e-04 -1.31005344325051122e-06  5.29830657679634722e-06 -2.06347632770726253e-09  2.84451522842555731e-09  4.00000000000000000e+00 -2.50000000000000000e+00  1.65000000000000013e+00 -1.00000000000000006e-01  1.60000000000000009e+00 -8.00000000000000044e-01  2.30000000000000027e+00
 1.32628000000001799e-06  1.00001329991524720e-05 -9.14108958211893685e-04  7.72662772136963548e-04 -1.25609517473096921e-04 -1.31005344325085808e-06  5.29830657643093805e-06 -2.06347631601053948e-09  2.84451525141817485e-09  4.00000000000000000e+00 -2.50000000000000000e+00  1.65000000000000013e+00 -1.00000000000000006e-01  1.60000000000000009e+00 -8.00000000000000044e-01  2.30000000000000027e+00
 1.32728000000001806e-06  1.00001329988867357e-05 -9.14108958196905674e-04  7.72662772143994925e-04 -1.25609517474147919e-04 -1.31005344287598437e-06  5.29830657552826436e-06 -2.06347634678036042e-09  2.84451530714926182e-09  4.00000000000000000e+00 -2.50000000000000000e+00  1.65000000000000013e+00 -1.00000000000000006e-01  1.60000000000000009e+00 -8.00000000000000044e-01  2.30000000000000027e+00
 1.32828000000001814e-06  1.00001329984133663e-05 -9.14108958182887265e-04  7.72662772131856523e-04 -1.25609517473274567e-04 -1.31005344257049961e-06  5.29830657519450373e-06 -2.06347637924881578e-09  2.84451531997231163e-09  4.00000000000000000e+00 -2.50000000000000000e+00  1.65000000000000013e+00 -1.00000000000000006e-01  1.60000000000000009e+00 -8.00000000000000044e-01  2.30000000000000027e+00
 1.32928000000001821e-06  1.00001329984610627e-05 -9.14108958195321763e-04  7.72662772130450204e-04 -1.25609517472238341e-04 -1.31005344310245261e-06  5.29830657648698876e-06 -2.06347634834784618e-09  2.84451523883748648e-09  4.00000000000000000e+00 -2.50000000000000000e+00  1.65000000000000013e+00 -1.00000000000000006e-01  1.60000000000000009e+00 -8.00000000000000044e-01  2.30000000000000027e+00
 1.33028000000001829e-06  1.00001329986439117e-05 -9.14108958209976707e-04  7.72662772138221765e-04 -1.25609517472623233e-04 -1.31005344327852704e-06  5.29830657676693400e-06 -2.06347631690892835e-09  2.84451523674958955e-09  4.00000000000000000e+00 -2.50000000000000000e+00  1.65000000000000013e+00 -1.00000000000000006e-01  1.60000000000000009e+00 -8.00000000000000044e-01  2.30000000000000027e+00
 1.33128000000001836e-06  1.00001329988482296e-05 -9.14108958208533417e-04  7.72662772154431021e-04 -1.25609517473289367e-04 -1.31005344331903279e-06  5.29830657651979435e-06 -2.06347632438432167e-09  2.84451524035776751e-09  4.00000000000000000e+00 -2.50000000000000000e+00  1.65000000000000013e+00 -1.00000000000000006e-01  1.60000000000000009e+00 -8.00000000000000044e-01  2.30000000000000027e+00
 1.33228000000001844e-06  1.00001329994919086e-05 -9.14108958212948397e-04  7.72662772152062582e-04 -1.25609517474192345e-04 -1.31005344320627577e-06  5.29830657643201717e-06 -2.06347633963942393e-09  2.84451525636624933e-09  4.00000000000000000e+00 -2.50000000000000000e+00  1.65000000000000013e+00 -1.00000000000000006e-01  1.60000000000000009e+00 -8.00000000000000044e-01  2.30000000000000027e+00
 1.33328000000001851e-06  1.00001329998813591e-05 -9.14108958202956390e-04  7.72662772161758493e-04 -1.25609517474947275e-04 -1.31005344289497972e-06  5.29830657632970660e-06 -2.06347634312968730e-09  2.84451528341021429e-09  4.00000000000000000e+00 -2.50000000000000000e+00  1.65000000000000013e+00 -1.00000000000000006e-01  1.60000000000000009e+00 -8.00000000000000044e-01  2.30000000000000027e+00
 1.33428000000001859e-06  1.00001329997553867e-05 -9.14108958196820564e-04  7.72662772136371357e-04 -1.25609517473748255e-04 -1.31005344281717721e-06  5.29830657511478353e-06 -2.06347637061261012e-09  2.84451528543162367e-09  4.00000000000000000e+00 -2.50000000000000000e+00  1.65000000000000013e+00 -1.00000000000000006e-01  1.60000000000000009e+00 -8.00000000000000044e-01  2.30000000000000027e+00
 1.33528000000001866e-06  1.00001329992491523e-05 -9.14108958201568611e-04  7.72662772136593402e-04 -1.25609517472386362e-04 -1.31005344288448456e-06  5.29830657644304215e-06 -2.06347634200914749e-09  2.84451527310618091e-09  4.00000000000000000e+00 -2.50000000000000000e+00  1.65000000000000013e+00 -1.00000000000000006e-01  1.60000000000000009e+00 -8.00000000000000044e-01  2.30000000000000027e+00
 1.33628000000001874e-06  1.00001329985651834e-05 -9.14108958209118127e-04  7.72662772149101951e-04 -1.25609517473259768e-04 -1.31005344355851145e-06  5.29830657700166208e-06 -2.06347631072360715e-09  2.84451524621120524e-09  4.00000000000000000e+00 -2.50000000000000000e+00  1.65000000000000013e+00 -1.00000000000000006e-01  1.60000000000000009e+00 -8.00000000000000044e-01  2.30000000000000027e+00
 1.33728000000001881e-06  1.00001329986051549e-05 -9.14108958207593414e-04  7.72662772158575818e-04 -1.25609517473925848e-04 -1.31005344291345436e-06  5.29830657648328808e-06 -2.06347633056218046e-09  2.84451525245342075e-09  4.00000000000000000e+00 -2.50000000000000000e+00  1.65000000000000013e+00 -1.00000000000000006e-01  1.60000000000000009e+00 -8.00000000000000044e-01  2.30000000000000027e+00
 1.33828000000001889e-06  1.00001329988163490e-05 -9.14108958213806977e-04  7.72662772142810651e-04 -1.25609517473733456e-04 -1.31005344277025306e-06  5.29830657582972084e-06 -2.06347635635591403e-09  2.84451526672656946e-09  4.00000000000000000e+00 -2.50000000000000000e+00  1.65000000000000013e+00 -1.00000000000000006e-01  1.60000000000000009e+00 -8.00000000000000044e-01  2.30000000000000027e+00
 1.33928000000001896e-06  1.00001329990454663e-05 -9.14108958201402077e-04  7.72662772127489573e-04 -1.25609517473777854e-04 -1.31005344304772200e-06  5.29830657552714712e-06 -2.06347637544156232e-09  2.84451532629684443e-09  4.00000000000000000e+00 -2.50000000000000000e+00  1.65000000000000013e+00 -1.00000000000000006e-01  1.60000000000000009e+00 -8.00000000000000044e-01  2.30000000000000027e+00
 1.34028000000001904e-06  1.00001329990846552e-05 -9.14108958196713228e-04  7.72662772141996523e-04 -1.25609517473333765e-04 -1.31005344274327803e-06  5.29830657559838598e-06 -2.06347635275205602e-09  2.84451526633043597e-09  4.00000000000000000e+00 -2.50000000000000000e+00  1.65000000000000013e+00 -1.00000000000000006e-01  1.60000000000000009e+00 -8.00000000000000044e-01  2.30000000000000027e+00
 1.34128000000001911e-06  1.00001329993821213e-05 -9.14108958197098120e-04  7.72662772134002918e-04 -1.25609517473185717e-04 -1.31005344322110774e-06  5.29830657618287260e-06 -2.06347634256070698e-09  2.84451527094683584e-09  4.00000000000000000e+00 -2.50000000000000000e+00  1.65000000000000013e+00 -1.00000000000000006e-01  1.60000000000000009e+00 -8.00000000000000044e-01  2.30000000000000027e+00
 1.34228000000001919e-06  1.00001329994876887e-05 -9.14108958209839772e-04  7.72662772141478383e-04 -1.25609517473496585e-04 -1.31005344310141182e-06  5.29830657641663590e-06 -2.06347633456967780e-09  2.84451526097786231e-09  4.00000000000000000e+00 -2.50000000000000000e+00  1.65000000000000013e+00 -1.00000000000000006e-01  1.60000000000000009e+00 -8.00000000000000044e-01  2.30000000000000027e+00
 1.34328000000001927e-06  1.00001329992093706e-05 -9.14108958200321453e-04  7.72662772136593402e-04 -1.25609517473452214e-04 -1.31005344287329568e-06  5.29830657595068901e-06 -2.06347633241946067e-09  2.84451526449451646e-09  4.00000000000000000e+00 -2.50000000000000000e+00  1.65000000000000013e+00 -1.00000000000000006e-01  1.60000000000000009e+00 -8.00000000000000044e-01  2.30000000000000027e+00
 1.34428000000001934e-06  1.00001329987459182e-05 -9.14108958170537877e-04  7.72662772142810651e-04 -1.25609517472341964e-04 -1.31005344268863424e-06  5.29830657550374699e-06 -2.06347636618593984e-09  2.84451528291949311e-09  4.00000000000000000e+00 -2.50000000000000000e+00  1.65000000000000013e+00 -1.00000000000000006e-01  1.60000000000000009e+00 -8.00000000000000044e-01  2.30000000000000027e+00
 1.34528000000001942e-06  1.00001329989210575e-05 -9.14108958189356158e-04  7.72662772132448605e-04 -1.25609517472119919e-04 -1.31005344321772490e-06  5.29830657664677560e-06 -2.06347632603356596e-09  2.84451524349793827e-09  4.00000000000000000e+00 -2.50000000000000000e+00  1.65000000000000013e+00 -1.00000000000000006e-01  1.60000000000000009e+00 -8.00000000000000044e-01  2.30000000000000027e+00
 1.34628000000001949e-06  1.00001329989967365e-05 -9.14108958205706035e-04  7.72662772140220167e-04 -1.25609517472356763e-04 -1.31005344337974811e-06  5.29830657661982979e-06 -2.06347633327370788e-09  2.84451526846485312e-09  4.00000000000000000e+00 -2.50000000000000000e+00  1.65000000000000013e+00 -1.00000000000000006e-01  1.60000000000000009e+00 -8.00000000000000044e-01  2.30000000000000027e+00
 1.34728000000001957e-06  1.00001329990044327e-05 -9.14108958213751465e-04  7.72662772142662657e-04 -1.25609517473733456e-04 -1.31005344352650568e-06  5.29830657658548260e-06 -2.06347632718298801e-09  2.84451524511645941e-09  4.00000000000000000e+00 -2.50000000000000000e+00  1.65000000000000013e+00 -1.00000000000000006e-01  1.60000000000000009e+00 -8.00000000000000044e-01  2.30000000000000027e+00
 1.34828000000001964e-06  1.00001329990415039e-05 -9.14108958211808575e-04  7.72662772144661059e-04 -1.25609517474873278e-04 -1.31005344282203452e-06  5.29830657617346629e-06 -2.06347634881870799e-09  2.84451526937720769e-09  4.00000000000000000e+00 -2.50000000000000000e+00  1.65000000000000013e+00 -1.00000000000000006e-01  1.60000000000000009e+00 -8.00000000000000044e-01  2.30000000000000027e+00
 1.34928000000001972e-06  1.00001329991644101e-05 -9.14108958211142441e-04  7.72662772136593402e-04 -1.25609517474710431e-04 -1.31005344281370776e-06  5.29830657642446164e-06 -2.06347633720820487e-09  2.84451525779862175e-09  4.00000000000000000e+00 -2.50000000000000000e+00  1.65000000000000013e+00 -1.00000000000000006e-01  1.60000000000000009e+00 -8.00000000000000044e-01  2.30000000000000027e+00
 1.35028000000001979e-06  1.00001329989956066e-05 -9.14108958204151723e-04  7.72662772133780873e-04 -1.25609517475050924e-04 -1.31005344325250619e-06  5.29830657597065781e-06 -2.06347633502472846e-09  2.84451527594408456e-09  4.00000000000000000e+00 -2.50000000000000000e+00  1.65000000000000013e+00 -1.00000000000000006e-01  1.60000000000000009e+00 -8.00000000000000044e-01  2.30000000000000027e+00
 1.35128000000001987e-06  1.00001329985842959e-05 -9.14108958196990784e-04  7.72662772147325594e-04 -1.25609517474503213e-04 -1.31005344280312599e-06  5.29830657562055199e-06 -2.06347635907214645e-09  2.84451528638445798e-09  4.00000000000000000e+00 -2.50000000000000000e+00  1.65000000000000013e+00 -1.00000000000000006e-01  1.60000000000000009e+00 -8.00000000000000044e-01  2.30000000000000027e+00
 1.35228000000001994e-06  1.00001329985278309e-05 -9.14108958201372479e-04  7.72662772137851727e-04 -1.25609517472504784e-04 -1.31005344273451780e-06  5.29830657605812666e-06 -2.06347635894249375e-09  2.84451527991620421e-09  4.00000000000000000e+00 -2.50000000000000000e+00  1.65000000000000013e+00 -1.00000000000000006e-01  1.60000000000000009e+00 -8.00000000000000044e-01  2.30000000000000027e+00
 1.35328000000002002e-06  1.00001329992041495e-05 -9.14108958209425282e-04  7.72662772144661059e-04 -1.25609517472031096e-04 -1.31005344326985342e-06  5.29830657756024303e-06 -2.06347632612232657e-09  2.84451521301224477e-09  4.00000000000000000e+00 -2.50000000000000000e+00  1.65000000000000013e+00 -1.00000000000000006e-01  1.60000000000000009e+00 -8.00000000000000044e-01  2.30000000000000027e+00
 1.35428000000002009e-06  1.00001329996343067e-05 -9.14108958216641732e-04  7.72662772140812249e-04 -1.25609517474236770e-04 -1.31005344345442804e-06  5.29830657621883846e-06 -2.06347631559850138e-09  2.84451525655159031e-09  4.00000000000000000e+00 -2.50000000000000000e+00  1.65000000000000013e+00 -1.00000000000000006e-01  1.60000000000000009e+00 -8.00000000000000044e-01  2.30000000000000027e+00
 1.35528000000002017e-06  1.00001329995954567e-05 -9.14108958213640443e-04  7.72662772147251543e-04 -1.25609517474799254e-04 -1.31005344285343297e-06  5.29830657559934990e-06 -2.06347636137641811e-09  2.84451528888620164e-09  4.00000000000000000e+00 -2.50000000000000000e+00  1.65000000000000013e+00 -1.00000000000000006e-01  1.60000000000000009e+00 -8.00000000000000044e-01  2.30000000000000027e+00
 1.35628000000002024e-06  1.00001329993953841e-05 -9.14108958185662823e-04  7.72662772139554033e-04 -1.25609517474133120e-04 -1.31005344283860121e-06  5.29830657573076452e-06 -2.06347635322123948e-09  2.84451528689168389e-09  4.00000000000000000e+00 -2.50000000000000000e+00  1.65000000000000013e+00 -1.00000000000000006e-01  1.60000000000000009e+00 -8.00000000000000044e-01  2.30000000000000027e+00
 1.35728000000002032e-06  1.00001329992340006e-05 -9.14108958194296650e-04  7.72662772137259536e-04 -1.25609517473392962e-04 -1.31005344280763623e-06  5.29830657561060612e-06 -2.06347634212765022e-09  2.84451526687201469e-09  4.00000000000000000e+00 -2.50000000000000000e+00  1.65000000000000013e+00 -1.00000000000000006e-01  1.60000000000000009e+00 -8.00000000000000044e-01  2.30000000000000027e+00
 1.35828000000002039e-06  1.00001329990586682e-05 -9.14108958200095722e-04  7.72662772150804257e-04 -1.25609517474118321e-04 -1.31005344336248770e-06  5.29830657649107485e-06 -2.06347633694855205e-09  2.84451527916293466e-09  4.00000000000000000e+00 -2.50000000000000000e+00  1.65000000000000013e+00 -1.00000000000000006e-01  1.60000000000000009e+00 -8.00000000000000044e-01  2.30000000000000027e+00
 1.35928000000002047e-06  1.00001329987983614e-05 -9.14108958205535815e-04  7.72662772134002918e-04 -1.25609517474976900e-04 -1.31005344316733131e-06  5.29830657569325621e-06 -2.06347635044729344e-09  2.84451528189849622e-09  4.00000000000000000e+00 -2.50000000000000000e+00  1.65000000000000013e+00 -1.00000000000000006e-01  1.60000000000000009e+00 -8.00000000000000044e-01  2.30000000000000027e+00
 1.36028000000002054e-06  1.00001329987033006e-05 -9.14108958205176836e-04  7.72662772137851727e-04 -1.25609517473955501e-04 -1.31005344283946857e-06  5.29830657613634338e-06 -2.06347635139824136e-09  2.84451524134315841e-09  4.00000000000000000e+00 -2.50000000000000000e+00  1.65000000000000013e+00 -1.00000000000000006e-01  1.60000000000000009e+00 -8.00000000000000044e-01  2.30000000000000027e+00
 1.36128000000002062e-06  1.00001329987726489e-05 -9.14108958203067412e-04  7.72662772132818644e-04 -1.25609517473185744e-04 -1.31005344301137963e-06  5.29830657705844462e-06 -2.06347632084799717e-09  2.84451526420473482e-09  4.00000000000000000e+00 -2.50000000000000000e+00  1.65000000000000013e+00 -1.00000000000000006e-01  1.60000000000000009e+00 -8.00000000000000044e-01  2.30000000000000027e+00
 1.36228000000002069e-06  1.00001329989484709e-05 -9.14108958203097011e-04  7.72662772140516262e-04 -1.25609517473008098e-04 -1.31005344293071499e-06  5.29830657545394145e-06 -2.06347635409656325e-09  2.84451527951913146e-09  4.00000000000000000e+00 -2.50000000000000000e+00  1.65000000000000013e+00 -1.00000000000000006e-01  1.60000000000000009e+00 -8.00000000000000044e-01  2.30000000000000027e+00
 1.36328000000002077e-06  1.00001329988496222e-05 -9.14108958214724754e-04  7.72662772132448605e-04 -1.25609517473896276e-04 -1.31005344334774255e-06  5.29830657655113457e-06 -2.06347632015843790e-09  2.84451524859251719e-09  4.00000000000000000e+00 -2.50000000000000000e+00  1.65000000000000013e+00 -1.00000000000000006e-01  1.60000000000000009e+00 -8.00000000000000044e-01  2.30000000000000027e+00
 1.36428000000002084e-06  1.00001329988822736e-05 -9.14108958199377764e-04  7.72662772154431021e-04 -1.25609517473185717e-04 -1.31005344271205301e-06  5.29830657575663122e-06 -2.06347636685885664e-09  2.84451526993292334e-09  4.00000000000000000e+00 -2.50000000000000000e+00  1.65000000000000013e+00 -1.00000000000000006e-01  1.60000000000000009e+00 -8.00000000000000044e-01  2.30000000000000027e+00
 1.36528000000002092e-06  1.00001329989791199e-05 -9.14108958195406873e-04  7.72662772155023104e-04 -1.25609517473615034e-04 -1.31005344317782626e-06  5.29830657624131279e-06 -2.06347633627745669e-09  2.84451528609875104e-09  4.00000000000000000e+00 -2.50000000000000000e+00  1.65000000000000013e+00 -1.00000000000000006e-01  1.60000000000000009e+00 -8.00000000000000044e-01  2.30000000000000027e+00
 1.36628000000002099e-06  1.00001329989927182e-05 -9.14108958192435183e-04  7.72662772137629682e-04 -1.25609517474369964e-04 -1.31005344311615697e-06  5.29830657607423977e-06 -2.06347634882456318e-09  2.84451527986530447e-09  4.00000000000000000e+00 -2.50000000000000000e+00  1.65000000000000013e+00 -1.00000000000000006e-01  1.60000000000000009e+00 -8.00000000000000044e-01  2.30000000000000027e+00
 1.36728000000002107e-06  1.00001329991350536e-05 -9.14108958216501111e-04  7.72662772129487974e-04 -1.25609517473866650e-04 -1.31005344309976370e-06  5.29830657646335739e-06 -2.06347633296270616e-09  2.84451522129476660e-09  4.00000000000000000e+00 -2.50000000000000000e+00  1.65000000000000013e+00 -1.00000000000000006e-01  1.60000000000000009e+00 -8.00000000000000044e-01  2.30000000000000027e+00
 1.36828000000002114e-06  1.00001329990106584e-05 -9.14108958178975572e-04  7.72662772132448605e-04 -1.25609517472815679e-04 -1.31005344245106394e-06  5.29830657545525181e-06 -2.06347636078207105e-09  2.84451531500059136e-09  4.00000000000000000e+00 -2.50000000000000000e+00  1.65000000000000013e+00 -1.00000000000000006e-01  1.60000000000000009e+00 -8.00000000000000044e-01  2.30000000000000027e+00
 1.36928000000002122e-06  1.00001329986596936e-05 -9.14108958193852561e-04  7.72662772136297415e-04 -1.25609517472563981e-04 -1.31005344316386186e-06  5.29830657590493059e-06 -2.06347634753096272e-09  2.84451527606643781e-09  4.00000000000000000e+00 -2.50000000000000000e+00  1.65000000000000013e+00 -1.00000000000000006e-01  1.60000000000000009e+00 -8.00000000000000044e-01  2.30000000000000027e+00
 1.37028000000002129e-06  1.00001329988740319e-05 -9.14108958186247533e-04  7.72662772136963548e-04 -1.25609517471054094e-04 -1.31005344288795401e-06  5.29830657599394190e-06 -2.06347635624051283e-09  2.84451526486348740e-09  4.00000000000000000e+00 -2.50000000000000000e+00  1.65000000000000013e+00 -1.00000000000000006e-01  1.60000000000000009e+00 -8.00000000000000044e-01  2.30000000000000027e+00
 1.37128000000002137e-06  1.00001329993146229e-05 -9.14108958183553399e-04  7.72662772128599796e-04 -1.25609517472430787e-04 -1.31005344323090876e-06  5.29830657598079594e-06 -2.06347632927778362e-09  2.84451528086308406e-09  4.00000000000000000e+00 -2.50000000000000000e+00  1.65000000000000013e+00 -1.00000000000000006e-01  1.60000000000000009e+00 -8.00000000000000044e-01  2.30000000000000027e+00
 1.37228000000002144e-06  1.00001329989689555e-05 -9.14108958186469578e-04  7.72662772137555631e-04 -1.25609517472934074e-04 -1.31005344324721520e-06  5.29830657662021519e-06 -2.06347633317060684e-09  2.84451524145751737e-09  4.00000000000000000e+00 -2.50000000000000000e+00  1.65000000000000013e+00 -1.00000000000000006e-01  1.60000000000000009e+00 -8.00000000000000044e-01  2.30000000000000027e+00
 1.37328000000002152e-06  1.00001329986411165e-05 -9.14108958212670841e-04  7.72662772161536449e-04 -1.25609517473703857e-04 -1.31005344348903569e-06  5.29830657713596762e-06 -2.06347631730949842e-09  2.84451521697580558e-09  4.00000000000000000e+00 -2.50000000000000000e+00  1.65000000000000013e+00 -1.00000000000000006e-01  1.60000000000000009e+00 -8.00000000000000044e-01  2.30000000000000027e+00
 1.37428000000002159e-06  1.00001329983548888e-05 -9.14108958209425282e-04  7.72662772140442211e-04 -1.25609517474281168e-04 -1.31005344283452444e-06  5.29830657599482789e-06 -2.06347633647596184e-09  2.84451528857145694e-09  4.00000000000000000e+00 -2.50000000000000000e+00  1.65000000000000013e+00 -1.00000000000000006e-01  1.60000000000000009e+00 -8.00000000000000044e-01  2.30000000000000027e+00
 1.37528000000002167e-06  1.00001329986135083e-05 -9.14108958206235234e-04  7.72662772157983735e-04 -1.25609517474369964e-04 -1.31005344290885751e-06  5.29830657604035507e-06 -2.06347635117703465e-09  2.84451527273691052e-09  4.00000000000000000e+00 -2.50000000000000000e+00  1.65000000000000013e+00 -1.00000000000000006e-01  1.60000000000000009e+00 -8.00000000000000044e-01  2.30000000000000027e+00
 1.37628000000002174e-06  1.00001329989199970e-05 -9.14108958204040700e-04  7.72662772137259536e-04 -1.25609517474162719e-04 -1.31005344300279262e-06  5.29830657614644340e-06 -2.06347634477860940e-09  2.84451526416188397e-09  4.00000000000000000e+00 -2.50000000000000000e+00  1.65000000000000013e+00 -1.00000000000000006e-01  1.60000000000000009e+00 -8.00000000000000044e-01  2.30000000000000027e+00
 1.37728000000002182e-06  1.00001329990867727e-05 -9.14108958202763944e-04  7.72662772150360167e-04 -1.25609517473733456e-04 -1.31005344299758845e-06  5.29830657617034328e-06 -2.06347634064480324e-09  2.84451525648840695e-09  4.00000000000000000e+00 -2.50000000000000000e+00  1.65000000000000013e+00 -1.00000000000000006e-01  1.60000000000000009e+00 -8.00000000000000044e-01  2.30000000000000027e+00
 1.37828000000002189e-06  1.00001329989578577e-05 -9.14108958212285949e-04  7.72662772159241952e-04 -1.25609517474014698e-04 -1.31005344320228582e-06  5.29830657590119179e-06 -2.06347635322397042e-09  2.84451528706793747e-09  4.00000000000000000e+00 -2.50000000000000000e+00  1.65000000000000013e+00 -1.00000000000000006e-01  1.60000000000000009e+00 -8.00000000000000044e-01  2.30000000000000027e+00
 1.37928000000002197e-06  1.00001329986756280e-05 -9.14108958213925371e-04  7.72662772151766486e-04 -1.25609517473274540e-04 -1.31005344293852124e-06  5.29830657635615182e-06 -2.06347633905216251e-09  2.84451526017873553e-09  4.00000000000000000e+00 -2.50000000000000000e+00  1.65000000000000013e+00 -1.00000000000000006e-01  1.60000000000000009e+00 -8.00000000000000044e-01  2.30000000000000027e+00
 1.38028000000002204e-06  1.00001329989919796e-05 -9.14108958200043897e-04  7.72662772151470390e-04 -1.25609517473363364e-04 -1.31005344327601157e-06  5.29830657648590880e-06 -2.06347633014491913e-09  2.84451524409099657e-09  4.00000000000000000e+00 -2.50000000000000000e+00  1.65000000000000013e+00 -1.00000000000000006e-01  1.60000000000000009e+00 -8.00000000000000044e-01  2.30000000000000027e+00
 1.38128000000002212e-06  1.00001329992232009e-05 -9.14108958205236033e-04  7.72662772149101951e-04 -1.25609517473422588e-04 -1.31005344302239508e-06  5.29830657609043081e-06 -2.06347633840277858e-09  2.84451525448395807e-09  4.00000000000000000e+00 -2.50000000000000000e+00  1.65000000000000013e+00 -1.00000000000000006e-01  1.60000000000000009e+00 -8.00000000000000044e-01  2.30000000000000027e+00
 1.38228000000002220e-06  1.00001329988855042e-05 -9.14108958211897371e-04  7.72662772151766486e-04 -1.25609517473792654e-04 -1.31005344285690242e-06  5.29830657642727548e-06 -2.06347633769632621e-09  2.84451526821329509e-09  4.00000000000000000e+00 -2.50000000000000000e+00  1.65000000000000013e+00 -1.00000000000000006e-01  1.60000000000000009e+00 -8.00000000000000044e-01  2.30000000000000027e+00
 1.38328000000002227e-06  1.00001329989534684e-05 -9.14108958207678524e-04  7.72662772146659460e-04 -1.25609517473022897e-04 -1.31005344271621638e-06  5.29830657578670004e-06 -2.06347635169361639e-09  2.84451527328824998e-09  4.00000000000000000e+00 -2.50000000000000000e+00  1.65000000000000013e+00 -1.00000000000000006e-01  1.60000000000000009e+00 -8.00000000000000044e-01  2.30000000000000027e+00
 1.38428000000002235e-06  1.00001329993915996e-05 -9.14108958204958477e-04  7.72662772150582212e-04 -1.25609517472860077e-04 -1.31005344347793342e-06  5.29830657650926997e-06 -2.06347634493771262e-09  2.84451526211047771e-09  4.00000000000000000e+00 -2.50000000000000000e+00  1.65000000000000013e+00 -1.00000000000000006e-01  1.60000000000000009e+00 -8.00000000000000044e-01  2.30000000000000027e+00
 1.38528000000002242e-06  1.00001329995807200e-05 -9.14108958216060708e-04  7.72662772158871913e-04 -1.25609517474340365e-04 -1.31005344329231801e-06  5.29830657617593370e-06 -2.06347634145151857e-09  2.84451529795133767e-09  4.00000000000000000e+00 -2.50000000000000000e+00  1.65000000000000013e+00 -1.00000000000000006e-01  1.60000000000000009e+00 -8.00000000000000044e-01  2.30000000000000027e+00
 1.38628000000002250e-06  1.00001329995794681e-05 -9.14108958195991583e-04  7.72662772133040688e-04 -1.25609517474088722e-04 -1.31005344251594264e-06  5.29830657582505623e-06 -2.06347636534778998e-09  2.84451528994365031e-09  4.00000000000000000e+00 -2.50000000000000000e+00  1.65000000000000013e+00 -1.00000000000000006e-01  1.60000000000000009e+00 -8.00000000000000044e-01  2.30000000000000027e+00
 1.38728000000002257e-06  1.00001329991740358e-05 -9.14108958199433275e-04  7.72662772133114739e-04 -1.25609517473437388e-04 -1.31005344302083378e-06  5.29830657605342309e-06 -2.06347633718107541e-09  2.84451524994077982e-09  4.00000000000000000e+00 -2.50000000000000000e+00  1.65000000000000013e+00 -1.00000000000000006e-01  1.60000000000000009e+00 -8.00000000000000044e-01  2.30000000000000027e+00
 1.38828000000002265e-06  1.00001329989451217e-05 -9.14108958195910160e-04  7.72662772157909684e-04 -1.25609517473022897e-04 -1.31005344312404983e-06  5.29830657613954262e-06 -2.06347633796407796e-09  2.84451526377705226e-09  4.00000000000000000e+00 -2.50000000000000000e+00  1.65000000000000013e+00 -1.00000000000000006e-01  1.60000000000000009e+00 -8.00000000000000044e-01  2.30000000000000027e+00
 1.38928000000002272e-06  1.00001329990216037e-05 -9.14108958216086620e-04  7.72662772148879906e-04 -1.25609517473437388e-04 -1.31005344326629716e-06  5.29830657630376283e-06 -2.06347633529179076e-09  2.84451527237677221e-09  4.00000000000000000e+00 -2.50000000000000000e+00  1.65000000000000013e+00 -1.00000000000000006e-01  1.60000000000000009e+00 -8.00000000000000044e-01  2.30000000000000027e+00
 1.39028000000002280e-06  1.00001329988370014e-05 -9.14108958210757550e-04  7.72662772136001319e-04 -1.25609517473970300e-04 -1.31005344318493858e-06  5.29830657636571228e-06 -2.06347633053901031e-09  2.84451525115161548e-09  4.00000000000000000e+00 -2.50000000000000000e+00  1.65000000000000013e+00 -1.00000000000000006e-01  1.60000000000000009e+00 -8.00000000000000044e-01  2.30000000000000027e+00
 1.39128000000002287e-06  1.00001329986188124e-05 -9.14108958204958477e-04  7.72662772148879906e-04 -1.25609517473733429e-04 -1.31005344289784185e-06  5.29830657644358171e-06 -2.06347634836565331e-09  2.84451526502265267e-09  4.00000000000000000e+00 -2.50000000000000000e+00  1.65000000000000013e+00 -1.00000000000000006e-01  1.60000000000000009e+00 -8.00000000000000044e-01  2.30000000000000027e+00
 1.39228000000002295e-06  1.00001329988991973e-05 -9.14108958194437271e-04  7.72662772146659460e-04 -1.25609517473674232e-04 -1.31005344285065745e-06  5.29830657602416403e-06 -2.06347633993052988e-09  2.84451526856312342e-09  4.00000000000000000e+00 -2.50000000000000000e+00  1.65000000000000013e+00 -1.00000000000000006e-01  1.60000000000000009e+00 -8.00000000000000044e-01  2.30000000000000027e+00
 1.39328000000002302e-06  1.00001329990157982e-05 -9.14108958200295541e-04  7.72662772151470390e-04 -1.25609517473348564e-04 -1.31005344277432962e-06  5.29830657525124901e-06 -2.06347635691237539e-09  2.84451528733687457e-09  4.00000000000000000e+00 -2.50000000000000000e+00  1.65000000000000013e+00 -1.00000000000000006e-01  1.60000000000000009e+00 -8.00000000000000044e-01  2.30000000000000027e+00
 1.39428000000002310e-06  1.00001329991395192e-05 -9.14108958197934474e-04  7.72662772155319200e-04 -1.25609517472549209e-04 -1.31005344326785845e-06  5.29830657604575236e-06 -2.06347636421869672e-09  2.84451528161438202e-09  4.00000000000000000e+00 -2.50000000000000000e+00  1.65000000000000013e+00 -1.00000000000000006e-01  1.60000000000000009e+00 -8.00000000000000044e-01  2.30000000000000027e+00
 1.39528000000002317e-06  1.00001329995237604e-05 -9.14108958201738831e-04  7.72662772147251543e-04 -1.25609517471705429e-04 -1.31005344268776688e-06  5.29830657670332775e-06 -2.06347634234476445e-09  2.84451524394592274e-09  4.00000000000000000e+00 -2.50000000000000000e+00  1.65000000000000013e+00 -1.00000000000000006e-01  1.60000000000000009e+00 -8.00000000000000044e-01  2.30000000000000027e+00
 1.39628000000002325e-06  1.00001329997749108e-05 -9.14108958213144529e-04  7.72662772133706822e-04 -1.25609517472667631e-04 -1.31005344350759715e-06  5.29830657704761277e-06 -2.06347631859627423e-09  2.84451526229188214e-09  4.00000000000000000e+00 -2.50000000000000000e+00  1.65000000000000013e+00 -1.00000000000000006e-01  1.60000000000000009e+00 -8.00000000000000044e-01  2.30000000000000027e+00
 1.39728000000002332e-06  1.00001329995723039e-05 -9.14108958208455680e-04  7.72662772144364963e-04 -1.25609517474814053e-04 -1.31005344323862840e-06  5.29830657600142035e-06 -2.06347632980427788e-09  2.84451527064078026e-09  4.00000000000000000e+00 -2.50000000000000000e+00  1.65000000000000013e+00 -1.00000000000000006e-01  1.60000000000000009e+00 -8.00000000000000044e-01  2.30000000000000027e+00
 1.39828000000002340e-06  1.00001329994269446e-05 -9.14108958209399369e-04  7.72662772137555631e-04 -1.25609517474932475e-04 -1.31005344276773759e-06  5.29830657553431726e-06 -2.06347636517655450e-09  2.84451528000807337e-09  4.00000000000000000e+00 -2.50000000000000000e+00  1.65000000000000013e+00 -1.00000000000000006e-01  1.60000000000000009e+00 -8.00000000000000044e-01  2.30000000000000027e+00
 1.39928000000002347e-06  1.00001329987843447e-05 -9.14108958183975262e-04  7.72662772134002918e-04 -1.25609517474458787e-04 -1.31005344288734690e-06  5.29830657593353489e-06 -2.06347633851185475e-09  2.84451527163650926e-09  4.00000000000000000e+00 -2.50000000000000000e+00  1.65000000000000013e+00 -1.00000000000000006e-01  1.60000000000000009e+00 -8.00000000000000044e-01  2.30000000000000027e+00
 1.40028000000002355e-06  1.00001329984883389e-05 -9.14108958198630206e-04  7.72662772137555631e-04 -1.25609517473378163e-04 -1.31005344292386270e-06  5.29830657561052904e-06 -2.06347635888678396e-09  2.84451528412194447e-09  4.00000000000000000e+00 -2.50000000000000000e+00  1.65000000000000013e+00 -1.00000000000000006e-01  1.60000000000000009e+00 -8.00000000000000044e-01  2.30000000000000027e+00
 1.40128000000002362e-06  1.00001329987150625e-05 -9.14108958196605892e-04  7.72662772144661059e-04 -1.25609517473082095e-04 -1.31005344310496787e-06  5.29830657665702978e-06 -2.06347633655437484e-09  2.84451524129722962e-09  4.00000000000000000e+00 -2.50000000000000000e+00  1.65000000000000013e+00 -1.00000000000000006e-01  1.60000000000000009e+00 -8.00000000000000044e-01  2.30000000000000027e+00
 1.40228000000002370e-06  1.00001329988435405e-05 -9.14108958205013989e-04  7.72662772163090761e-04 -1.25609517474029497e-04 -1.31005344320020423e-06  5.29830657641220253e-06 -2.06347632362225589e-09  2.84451527236412628e-09  4.00000000000000000e+00 -2.50000000000000000e+00  1.65000000000000013e+00 -1.00000000000000006e-01  1.60000000000000009e+00 -8.00000000000000044e-01  2.30000000000000027e+00
 1.40328000000002377e-06  1.00001329992216356e-05 -9.14108958192412957e-04  7.72662772141774479e-04 -1.25609517473526184e-04 -1.31005344291050541e-06  5.29830657640861789e-06 -2.06347634845574237e-09  2.84451526430563390e-09  4.00000000000000000e+00 -2.50000000000000000e+00  1.65000000000000013e+00 -1.00000000000000006e-01  1.60000000000000009e+00 -8.00000000000000044e-01  2.30000000000000027e+00
 1.40428000000002385e-06  1.00001330000290274e-05 -9.14108958203933364e-04  7.72662772137555631e-04 -1.25609517473259714e-04 -1.31005344323238344e-06  5.29830657632978368e-06 -2.06347634888248485e-09  2.84451525012982615e-09  4.00000000000000000e+00 -2.50000000000000000e+00  1.65000000000000013e+00 -1.00000000000000006e-01  1.60000000000000009e+00 -8.00000000000000044e-01  2.30000000000000027e+00
 1.40528000000002392e-06  1.00001329998364393e-05 -9.14108958193275223e-04  7.72662772138221765e-04 -1.25609517473422561e-04 -1.31005344278335010e-06  5.29830657570050343e-06 -2.06347633739668500e-09  2.84451528855642376e-09  4.00000000000000000e+00 -2.50000000000000000e+00  1.65000000000000013e+00 -1.00000000000000006e-01  1.60000000000000009e+00 -8.00000000000000044e-01  2.30000000000000027e+00
 1.40628000000002400e-06  1.00001329993039249e-05 -9.14108958189914955e-04  7.72662772147325594e-04 -1.25609517473082122e-04 -1.31005344321876569e-06  5.29830657639250393e-06 -2.06347633803014984e-09  2.84451525498128635e-09  4.00000000000000000e+00 -2.50000000000000000e+00  1.65000000000000013e+00 -1.00000000000000006e-01  1.60000000000000009e+00 -8.00000000000000044e-01  2.30000000000000027e+00
 1.40728000000002407e-06  1.00001329988435981e-05 -9.14108958199851451e-04  7.72662772142810651e-04 -1.25609517473851851e-04 -1.31005344298856797e-06  5.29830657618638016e-06 -2.06347633549180303e-09  2.84451527503271019e-09  4.00000000000000000e+00 -2.50000000000000000e+00  1.65000000000000013e+00 -1.00000000000000006e-01  1.60000000000000009e+00 -8.00000000000000044e-01  2.30000000000000027e+00
 1.40828000000002415e-06  1.00001329987818866e-05 -9.14108958186169796e-04  7.72662772130154108e-04 -1.25609517472608407e-04 -1.31005344251342717e-06  5.29830657587821602e-06 -2.06347636592489570e-09  2.84451528508562726e-09  4.00000000000000000e+00 -2.50000000000000000e+00  1.65000000000000013e+00 -1.00000000000000006e-01  1.60000000000000009e+00 -8.00000000000000044e-01  2.30000000000000027e+00
 1.40928000000002422e-06  1.00001329988077296e-05 -9.14108958193079091e-04  7.72662772143106746e-04 -1.25609517472652832e-04 -1.31005344322900060e-06  5.29830657581449373e-06 -2.06347634164210388e-09  2.84451528069567139e-09  4.00000000000000000e+00 -2.50000000000000000e+00  1.65000000000000013e+00 -1.00000000000000006e-01  1.60000000000000009e+00 -8.00000000000000044e-01  2.30000000000000027e+00
 1.41028000000002430e-06  1.00001329986874204e-05 -9.14108958187694509e-04  7.72662772128895892e-04 -1.25609517472149545e-04 -1.31005344289576026e-06  5.29830657600604600e-06 -2.06347635490724202e-09  2.84451526597399723e-09  4.00000000000000000e+00 -2.50000000000000000e+00  1.65000000000000013e+00 -1.00000000000000006e-01  1.60000000000000009e+00 -8.00000000000000044e-01  2.30000000000000027e+00
 1.41128000000002437e-06  1.00001329985731049e-05 -9.14108958185252019e-04  7.72662772134002918e-04 -1.25609517472415961e-04 -1.31005344317106080e-06  5.29830657604066339e-06 -2.06347633632989498e-09  2.84451526164020444e-09  4.00000000000000000e+00 -2.50000000000000000e+00  1.65000000000000013e+00 -1.00000000000000006e-01  1.60000000000000009e+00 -8.00000000000000044e-01  2.30000000000000027e+00
 1.41228000000002445e-06  1.00001329988647519e-05 -9.14108958184056686e-04  7.72662772135705223e-04 -1.25609517472223542e-04 -1.31005344288552535e-06  5.29830657615407602e-06 -2.06347634376379361e-09  2.84451525947440116e-09  4.00000000000000000e+00 -2.50000000000000000e+00  1.65000000000000013e+00 -1.00000000000000006e-01  1.60000000000000009e+00 -8.00000000000000044e-01  2.30000000000000027e+00
 1.41328000000002452e-06  1.00001329989730620e-05 -9.14108958180977660e-04  7.72662772126897490e-04 -1.25609517471661031e-04 -1.31005344313081530e-06  5.29830657616344335e-06 -2.06347634336766261e-09  2.84451528406471350e-09  4.00000000000000000e+00 -2.50000000000000000e+00  1.65000000000000013e+00 -1.00000000000000006e-01  1.60000000000000009e+00 -8.00000000000000044e-01  2.30000000000000027e+00
 1.41428000000002460e-06  1.00001329991345844e-05 -9.14108958211453282e-04  7.72662772141108345e-04 -1.25609517472223542e-04 -1.31005344364810975e-06  5.29830657685278418e-06 -2.06347632836266710e-09  2.84451523200077295e-09  4.00000000000000000e+00 -2.50000000000000000e+00  1.65000000000000013e+00 -1.00000000000000006e-01  1.60000000000000009e+00 -8.00000000000000044e-01  2.30000000000000027e+00
 1.41528000000002467e-06  1.00001329991049247e-05 -9.14108958213451684e-04  7.72662772151766486e-04 -1.25609517472593634e-04 -1.31005344286739758e-06  5.29830657690868073e-06 -2.06347632159034379e-09  2.84451522547400731e-09  4.00000000000000000e+00 -2.50000000000000000e+00  1.65000000000000013e+00 -1.00000000000000006e-01  1.60000000000000009e+00 -8.00000000000000044e-01  2.30000000000000027e+00
 1.41628000000002475e-06  1.00001329988267844e-05 -9.14108958210121014e-04  7.72662772157687639e-04 -1.25609517474414389e-04 -1.31005344323247005e-06  5.29830657656370200e-06 -2.06347631664194712e-09  2.84451526661347401e-09  4.00000000000000000e+00 -2.50000000000000000e+00  1.65000000000000013e+00 -1.00000000000000006e-01  1.60000000000000009e+00 -8.00000000000000044e-01  2.30000000000000027e+00
 1.41728000000002482e-06  1.00001329989827859e-05 -9.14108958194355847e-04  7.72662772154431021e-04 -1.25609517474636407e-04 -1.31005344273529834e-06  5.29830657533944970e-06 -2.06347636011935959e-09  2.84451528664105603e-09  4.00000000000000000e+00 -2.50000000000000000e+00  1.65000000000000013e+00 -1.00000000000000006e-01  1.60000000000000009e+00 -8.00000000000000044e-01  2.30000000000000027e+00
 1.41828000000002490e-06  1.00001329989535023e-05 -9.14108958197631005e-04  7.72662772153764887e-04 -1.25609517474310767e-04 -1.31005344330810395e-06  5.29830657560686732e-06 -2.06347635721001524e-09  2.84451529038844518e-09  4.00000000000000000e+00 -2.50000000000000000e+00  1.65000000000000013e+00 -1.00000000000000006e-01  1.60000000000000009e+00 -8.00000000000000044e-01  2.30000000000000027e+00
 1.41928000000002498e-06  1.00001329988943760e-05 -9.14108958180392950e-04  7.72662772135705223e-04 -1.25609517472356790e-04 -1.31005344224020822e-06  5.29830657510422103e-06 -2.06347637418798748e-09  2.84451528881051627e-09  4.00000000000000000e+00 -2.50000000000000000e+00  1.65000000000000013e+00 -1.00000000000000006e-01  1.60000000000000009e+00 -8.00000000000000044e-01  2.30000000000000027e+00
 1.42028000000002505e-06  1.00001329990614431e-05 -9.14108958188804732e-04  7.72662772144661059e-04 -1.25609517471276139e-04 -1.31005344339883007e-06  5.29830657710281560e-06 -2.06347632966891267e-09  2.84451523704345829e-09  4.00000000000000000e+00 -2.50000000000000000e+00  1.65000000000000013e+00 -1.00000000000000006e-01  1.60000000000000009e+00 -8.00000000000000044e-01  2.30000000000000027e+00
 1.42128000000002513e-06  1.00001329989789539e-05 -9.14108958202708433e-04  7.72662772155985333e-04 -1.25609517472771254e-04 -1.31005344340498843e-06  5.29830657719942055e-06 -2.06347630596636406e-09  2.84451524789828270e-09  4.00000000000000000e+00 -2.50000000000000000e+00  1.65000000000000013e+00 -1.00000000000000006e-01  1.60000000000000009e+00 -8.00000000000000044e-01  2.30000000000000027e+00
 1.42228000000002520e-06  1.00001329987842769e-05 -9.14108958213618217e-04  7.72662772151470390e-04 -1.25609517474443988e-04 -1.31005344318060177e-06  5.29830657592713556e-06 -2.06347632961195797e-09  2.84451527993149174e-09  4.00000000000000000e+00 -2.50000000000000000e+00  1.65000000000000013e+00 -1.00000000000000006e-01  1.60000000000000009e+00 -8.00000000000000044e-01  2.30000000000000027e+00
 1.42328000000002528e-06  1.00001329990149782e-05 -9.14108958210061817e-04  7.72662772148879906e-04 -1.25609517474162719e-04 -1.31005344270841013e-06  5.29830657578207439e-06 -2.06347637185576415e-09  2.84451524786529184e-09  4.00000000000000000e+00 -2.50000000000000000e+00  1.65000000000000013e+00 -1.00000000000000006e-01  1.60000000000000009e+00 -8.00000000000000044e-01  2.30000000000000027e+00
 1.42428000000002535e-06  1.00001329994202310e-05 -9.14108958206927280e-04  7.72662772153764887e-04 -1.25609517472934101e-04 -1.31005344279636052e-06  5.29830657622408159e-06 -2.06347634880104354e-09  2.84451528267359713e-09  4.00000000000000000e+00 -2.50000000000000000e+00  1.65000000000000013e+00 -1.00000000000000006e-01  1.60000000000000009e+00 -8.00000000000000044e-01  2.30000000000000027e+00
 1.42528000000002543e-06  1.00001329994602770e-05 -9.14108958215616618e-04  7.72662772126601395e-04 -1.25609517473866650e-04 -1.31005344342493775e-06  5.29830657644065183e-06 -2.06347632836825222e-09  2.84451526308078786e-09  4.00000000000000000e+00 -2.50000000000000000e+00  1.65000000000000013e+00 -1.00000000000000006e-01  1.60000000000000009e+00 -8.00000000000000044e-01  2.30000000000000027e+00
 1.42628000000002550e-06  1.00001329991372356e-05 -9.14108958207456479e-04  7.72662772140220167e-04 -1.25609517475036098e-04 -1.31005344287095363e-06  5.29830657533520946e-06 -2.06347635601676957e-09  2.84451533443363855e-09  4.00000000000000000e+00 -2.50000000000000000e+00  1.65000000000000013e+00 -1.00000000000000006e-01  1.60000000000000009e+00 -8.00000000000000044e-01  2.30000000000000027e+00
 1.42728000000002558e-06  1.00001329986619688e-05 -9.14108958201683319e-04  7.72662772136889497e-04 -1.25609517474266341e-04 -1.31005344295847056e-06  5.29830657624925457e-06 -2.06347635154113723e-09  2.84451523433676698e-09  4.00000000000000000e+00 -2.50000000000000000e+00  1.65000000000000013e+00 -1.00000000000000006e-01  1.60000000000000009e+00 -8.00000000000000044e-01  2.30000000000000027e+00
 1.42828000000002565e-06  1.00001329993384449e-05 -9.14108958208622213e-04  7.72662772144661059e-04 -1.25609517474236743e-04 -1.31005344323767422e-06  5.29830657672133059e-06 -2.06347633599149208e-09  2.84451523747142416e-09  4.00000000000000000e+00 -2.50000000000000000e+00  1.65000000000000013e+00 -1.00000000000000006e-01  1.60000000000000009e+00 -8.00000000000000044e-01  2.30000000000000027e+00
 1.42928000000002573e-06  1.00001329996940378e-05 -9.14108958206927280e-04  7.72662772137555631e-04 -1.25609517473541010e-04 -1.31005344283426440e-06  5.29830657612732248e-06 -2.06347634038199555e-09  2.84451526845670746e-09  4.00000000000000000e+00 -2.50000000000000000e+00  1.65000000000000013e+00 -1.00000000000000006e-01  1.60000000000000009e+00 -8.00000000000000044e-01  2.30000000000000027e+00
 1.43028000000002580e-06  1.00001329993862565e-05 -9.14108958208426081e-04  7.72662772136593402e-04 -1.25609517473407735e-04 -1.31005344288569878e-06  5.29830657596418139e-06 -2.06347634379042387e-09  2.84451528108621810e-09  4.00000000000000000e+00 -2.50000000000000000e+00  1.65000000000000013e+00 -1.00000000000000006e-01  1.60000000000000009e+00 -8.00000000000000044e-01  2.30000000000000027e+00
 1.43128000000002588e-06  1.00001329988288275e-05 -9.14108958192161314e-04  7.72662772158279831e-04 -1.25609517474192318e-04 -1.31005344297573097e-06  5.29830657588106883e-06 -2.06347633250869278e-09  2.84451528186112503e-09  4.00000000000000000e+00 -2.50000000000000000e+00  1.65000000000000013e+00 -1.00000000000000006e-01  1.60000000000000009e+00 -8.00000000000000044e-01  2.30000000000000027e+00
 1.43228000000002595e-06  1.00001329985716717e-05 -9.14108958188471665e-04  7.72662772137259536e-04 -1.25609517472756427e-04 -1.31005344290191862e-06  5.29830657581761674e-06 -2.06347636909236382e-09  2.84451526323572996e-09  4.00000000000000000e+00 -2.50000000000000000e+00  1.65000000000000013e+00 -1.00000000000000006e-01  1.60000000000000009e+00 -8.00000000000000044e-01  2.30000000000000027e+00
 1.43328000000002603e-06  1.00001329988880470e-05 -9.14108958187361442e-04  7.72662772147547638e-04 -1.25609517471557408e-04 -1.31005344316663738e-06  5.29830657647183873e-06 -2.06347633516236098e-09  2.84451525483860225e-09  4.00000000000000000e+00 -2.50000000000000000e+00  1.65000000000000013e+00 -1.00000000000000006e-01  1.60000000000000009e+00 -8.00000000000000044e-01  2.30000000000000027e+00
 1.43428000000002610e-06  1.00001329990373077e-05 -9.14108958212256351e-04  7.72662772145031097e-04 -1.25609517473259741e-04 -1.31005344354714893e-06  5.29830657678736528e-06 -2.06347632007960842e-09  2.84451526601992808e-09  4.00000000000000000e+00 -2.50000000000000000e+00  1.65000000000000013e+00 -1.00000000000000006e-01  1.60000000000000009e+00 -8.00000000000000044e-01  2.30000000000000027e+00
 1.43528000000002618e-06  1.00001329993568509e-05 -9.14108958211645728e-04  7.72662772151470390e-04 -1.25609517474532784e-04 -1.31005344311260070e-06  5.29830657632508096e-06 -2.06347634800568457e-09  2.84451526327149353e-09  4.00000000000000000e+00 -2.50000000000000000e+00  1.65000000000000013e+00 -1.00000000000000006e-01  1.60000000000000009e+00 -8.00000000000000044e-01  2.30000000000000027e+00
 1.43628000000002625e-06  1.00001329990874639e-05 -9.14108958205428479e-04  7.72662772151470390e-04 -1.25609517475376564e-04 -1.31005344285091771e-06  5.29830657571403393e-06 -2.06347633657611356e-09  2.84451529057578008e-09  4.00000000000000000e+00 -2.50000000000000000e+00  1.65000000000000013e+00 -1.00000000000000006e-01  1.60000000000000009e+00 -8.00000000000000044e-01  2.30000000000000027e+00
 1.43728000000002633e-06  1.00001329984805530e-05 -9.14108958216308665e-04  7.72662772151470390e-04 -1.25609517474902877e-04 -1.31005344319786240e-06  5.29830657584868760e-06 -2.06347634680382340e-09  2.84451525998339103e-09  4.00000000000000000e+00 -2.50000000000000000e+00  1.65000000000000013e+00 -1.00000000000000006e-01  1.60000000000000009e+00 -8.00000000000000044e-01  2.30000000000000027e+00
 1.43828000000002640e-06  1.00001329980663183e-05 -9.14108958207870970e-04  7.72662772135113141e-04 -1.25609517474221943e-04 -1.31005344294459277e-06  5.29830657642149279e-06 -2.06347634595848535e-09  2.84451527002356993e-09  4.00000000000000000e+00 -2.50000000000000000e+00  1.65000000000000013e+00 -1.00000000000000006e-01  1.60000000000000009e+00 -8.00000000000000044e-01  2.30000000000000027e+00
 1.43928000000002648e-06  1.00001329985099094e-05 -9.14108958206927280e-04  7.72662772148805855e-04 -1.25609517473348564e-04 -1.31005344264439879e-06  5.29830657625896834e-06 -2.06347634802620196e-09  2.84451524295412616e-09  4.00000000000000000e+00 -2.50000000000000000e+00  1.65000000000000013e+00 -1.00000000000000006e-01  1.60000000000000009e+00 -8.00000000000000044e-01  2.30000000000000027e+00
 1.44028000000002655e-06  1.00001329989442561e-05 -9.14108958217696443e-04  7.72662772150804257e-04 -1.25609517473689031e-04 -1.31005344343525927e-06  5.29830657635006081e-06 -2.06347633266244829e-09  2.84451527333985777e-09  4.00000000000000000e+00 -2.50000000000000000e+00  1.65000000000000013e+00 -1.00000000000000006e-01  1.60000000000000009e+00 -8.00000000000000044e-01  2.30000000000000027e+00
 1.44128000000002663e-06  1.00001329995862799e-05 -9.14108958208925682e-04  7.72662772144364963e-04 -1.25609517473999899e-04 -1.31005344281873850e-06  5.29830657613919534e-06 -2.06347635035025067e-09  2.84451526404217936e-09  4.00000000000000000e+00 -2.50000000000000000e+00  1.65000000000000013e+00 -1.00000000000000006e-01  1.60000000000000009e+00 -8.00000000000000044e-01  2.30000000000000027e+00
 1.44228000000002670e-06  1.00001329995932815e-05 -9.14108958196409760e-04  7.72662772154431021e-04 -1.25609517472845251e-04 -1.31005344310080449e-06  5.29830657544619279e-06 -2.06347635849060581e-09  2.84451527242060741e-09  4.00000000000000000e+00 -2.50000000000000000e+00  1.65000000000000013e+00 -1.00000000000000006e-01  1.60000000000000009e+00 -8.00000000000000044e-01  2.30000000000000027e+00
 1.44328000000002678e-06  1.00001329997391101e-05 -9.14108958209340172e-04  7.72662772138443810e-04 -1.25609517472608407e-04 -1.31005344293045473e-06  5.29830657634990665e-06 -2.06347634129420454e-09  2.84451527967262392e-09  4.00000000000000000e+00 -2.50000000000000000e+00  1.65000000000000013e+00 -1.00000000000000006e-01  1.60000000000000009e+00 -8.00000000000000044e-01  2.30000000000000027e+00
 1.44428000000002685e-06  1.00001329995043109e-05 -9.14108958208537103e-04  7.72662772140146115e-04 -1.25609517473008071e-04 -1.31005344314157050e-06  5.29830657613175585e-06 -2.06347632635329525e-09  2.84451525176192299e-09  4.00000000000000000e+00 -2.50000000000000000e+00  1.65000000000000013e+00 -1.00000000000000006e-01  1.60000000000000009e+00 -8.00000000000000044e-01  2.30000000000000027e+00
 1.44528000000002693e-06  1.00001329988567186e-05 -9.14108958202734345e-04  7.72662772140220167e-04 -1.25609517474266341e-04 -1.31005344301398171e-06  5.29830657612404616e-06 -2.06347633730290960e-09  2.84451529019827677e-09  4.00000000000000000e+00 -2.50000000000000000e+00  1.65000000000000013e+00 -1.00000000000000006e-01  1.60000000000000009e+00 -8.00000000000000044e-01  2.30000000000000027e+00
 1.44628000000002700e-06  1.00001329985742026e-05 -9.14108958196491184e-04  7.72662772154356970e-04 -1.25609517473792654e-04 -1.31005344258810710e-06  5.29830657549341573e-06 -2.06347636216373110e-09  2.84451527693041265e-09  4.00000000000000000e+00 -2.50000000000000000e+00  1.65000000000000013e+00 -1.00000000000000006e-01  1.60000000000000009e+00 -8.00000000000000044e-01  2.30000000000000027e+00
 1.44728000000002708e-06  1.00001329988968171e-05 -9.14108958185858955e-04  7.72662772137259536e-04 -1.25609517473274567e-04 -1.31005344311182016e-06  5.29830657589598762e-06 -2.06347635915003378e-09  2.84451528076676012e-09  4.00000000000000000e+00 -2.50000000000000000e+00  1.65000000000000013e+00 -1.00000000000000006e-01  1.60000000000000009e+00 -8.00000000000000044e-01  2.30000000000000027e+00
 1.44828000000002715e-06  1.00001329989924692e-05 -9.14108958202264343e-04  7.72662772136667453e-04 -1.25609517472608434e-04 -1.31005344313896841e-06  5.29830657631282270e-06 -2.06347632405466042e-09  2.84451523975637784e-09  4.00000000000000000e+00 -2.50000000000000000e+00  1.65000000000000013e+00 -1.00000000000000006e-01  1.60000000000000009e+00 -8.00000000000000044e-01  2.30000000000000027e+00
 1.44928000000002723e-06  1.00001329989147285e-05 -9.14108958195380961e-04  7.72662772135261134e-04 -1.25609517472119919e-04 -1.31005344293912835e-06  5.29830657624609344e-06 -2.06347633548353618e-09  2.84451525696503504e-09  4.00000000000000000e+00 -2.50000000000000000e+00  1.65000000000000013e+00 -1.00000000000000006e-01  1.60000000000000009e+00 -8.00000000000000044e-01  2.30000000000000027e+00
 1.45028000000002730e-06  1.00001329986540660e-05 -9.14108958188079401e-04  7.72662772125713216e-04 -1.25609517472193916e-04 -1.31005344304928329e-06  5.29830657581931250e-06 -2.06347634495619639e-09  2.84451529934288872e-09  4.00000000000000000e+00 -2.50000000000000000e+00  1.65000000000000013e+00 -1.00000000000000006e-01  1.60000000000000009e+00 -8.00000000000000044e-01  2.30000000000000027e+00
 1.45128000000002738e-06  1.00001329987820882e-05 -9.14108958204040700e-04  7.72662772130154108e-04 -1.25609517472164317e-04 -1.31005344315024411e-06  5.29830657667048405e-06 -2.06347634987792227e-09  2.84451524552461018e-09  4.00000000000000000e+00 -2.50000000000000000e+00  1.65000000000000013e+00 -1.00000000000000006e-01  1.60000000000000009e+00 -8.00000000000000044e-01  2.30000000000000027e+00
 1.45228000000002745e-06  1.00001329993382534e-05 -9.14108958204928879e-04  7.72662772127563624e-04 -1.25609517473185744e-04 -1.31005344335728353e-06  5.29830657623194545e-06 -2.06347633247259958e-09  2.84451524726900215e-09  4.00000000000000000e+00 -2.50000000000000000e+00  1.65000000000000013e+00 -1.00000000000000006e-01  1.60000000000000009e+00 -8.00000000000000044e-01  2.30000000000000027e+00
 1.45328000000002753e-06  1.00001329993603288e-05 -9.14108958209203237e-04  7.72662772152136524e-04 -1.25609517474088722e-04 -1.31005344324123049e-06  5.29830657664527212e-06 -2.06347632846380730e-09  2.84451525969880161e-09  4.00000000000000000e+00 -2.50000000000000000e+00  1.65000000000000013e+00 -1.00000000000000006e-01  1.60000000000000009e+00 -8.00000000000000044e-01  2.30000000000000027e+00
 1.45428000000002760e-06  1.00001329994540784e-05 -9.14108958199570209e-04  7.72662772148213772e-04 -1.25609517474103521e-04 -1.31005344302881347e-06  5.29830657635584350e-06 -2.06347634614552122e-09  2.84451525815541287e-09  4.00000000000000000e+00 -2.50000000000000000e+00  1.65000000000000013e+00 -1.00000000000000006e-01  1.60000000000000009e+00 -8.00000000000000044e-01  2.30000000000000027e+00
 1.45528000000002768e-06  1.00001329992460166e-05 -9.14108958204540301e-04  7.72662772148213772e-04 -1.25609517473866677e-04 -1.31005344268074137e-06  5.29830657579672298e-06 -2.06347633674071961e-09  2.84451529849980887e-09  4.00000000000000000e+00 -2.50000000000000000e+00  1.65000000000000013e+00 -1.00000000000000006e-01  1.60000000000000009e+00 -8.00000000000000044e-01  2.30000000000000027e+00
 1.45628000000002775e-06  1.00001329990115816e-05 -9.14108958208426081e-04  7.72662772130524255e-04 -1.25609517473437415e-04 -1.31005344315197884e-06  5.29830657638718372e-06 -2.06347635121964769e-09  2.84451525039201718e-09  4.00000000000000000e+00 -2.50000000000000000e+00  1.65000000000000013e+00 -1.00000000000000006e-01  1.60000000000000009e+00 -8.00000000000000044e-01  2.30000000000000027e+00
 1.45728000000002783e-06  1.00001329988124001e-05 -9.14108958194936871e-04  7.72662772128895892e-04 -1.25609517473748255e-04 -1.31005344280130466e-06  5.29830657542587756e-06 -2.06347635483650154e-09  2.84451530644894176e-09  4.00000000000000000e+00 -2.50000000000000000e+00  1.65000000000000013e+00 -1.00000000000000006e-01  1.60000000000000009e+00 -8.00000000000000044e-01  2.30000000000000027e+00
 1.45828000000002791e-06  1.00001329986330494e-05 -9.14108958182754017e-04  7.72662772129562025e-04 -1.25609517473052496e-04 -1.31005344268533822e-06  5.29830657550370887e-06 -2.06347636053848994e-09  2.84451528157295640e-09  4.00000000000000000e+00 -2.50000000000000000e+00  1.65000000000000013e+00 -1.00000000000000006e-01  1.60000000000000009e+00 -8.00000000000000044e-01  2.30000000000000027e+00
 1.45928000000002798e-06  1.00001329989079963e-05 -9.14108958186277132e-04  7.72662772136889497e-04 -1.25609517471838677e-04 -1.31005344320922471e-06  5.29830657653239989e-06 -2.06347632922713122e-09  2.84451525063676958e-09  4.00000000000000000e+00 -2.50000000000000000e+00  1.65000000000000013e+00 -1.00000000000000006e-01  1.60000000000000009e+00 -8.00000000000000044e-01  2.30000000000000027e+00
 1.46028000000002806e-06  1.00001329994957507e-05 -9.14108958200099408e-04  7.72662772129487974e-04 -1.25609517471942273e-04 -1.31005344304937011e-06  5.29830657654993940e-06 -2.06347634299576510e-09  2.84451524786197981e-09  4.00000000000000000e+00 -2.50000000000000000e+00  1.65000000000000013e+00 -1.00000000000000006e-01  1.60000000000000009e+00 -8.00000000000000044e-01  2.30000000000000027e+00
 1.46128000000002813e-06  1.00001329995706861e-05 -9.14108958200517585e-04  7.72662772140442211e-04 -1.25609517473200544e-04 -1.31005344323611293e-06  5.29830657602505088e-06 -2.06347633853985440e-09  2.84451527752975133e-09  4.00000000000000000e+00 -2.50000000000000000e+00  1.65000000000000013e+00 -1.00000000000000006e-01  1.60000000000000009e+00 -8.00000000000000044e-01  2.30000000000000027e+00
 1.46228000000002821e-06  1.00001329990822106e-05 -9.14108958200961674e-04  7.72662772140220167e-04 -1.25609517473659432e-04 -1.31005344317964780e-06  5.29830657666747708e-06 -2.06347633311199572e-09  2.84451525160416889e-09  4.00000000000000000e+00 -2.50000000000000000e+00  1.65000000000000013e+00 -1.00000000000000006e-01  1.60000000000000009e+00 -8.00000000000000044e-01  2.30000000000000027e+00
 1.46328000000002828e-06  1.00001329987844972e-05 -9.14108958196576294e-04  7.72662772149916078e-04 -1.25609517474355165e-04 -1.31005344307356942e-06  5.29830657661774778e-06 -2.06347631894760306e-09  2.84451526807930548e-09  4.00000000000000000e+00 -2.50000000000000000e+00  1.65000000000000013e+00 -1.00000000000000006e-01  1.60000000000000009e+00 -8.00000000000000044e-01  2.30000000000000027e+00
 1.46428000000002836e-06  1.00001329988357376e-05 -9.14108958202375366e-04  7.72662772150878308e-04 -1.25609517475213744e-04 -1.31005344322275564e-06  5.29830657531497045e-06 -2.06347634517450755e-09  2.84451527247210395e-09  4.00000000000000000e+00 -2.50000000000000000e+00  1.65000000000000013e+00 -1.00000000000000006e-01  1.60000000000000009e+00 -8.00000000000000044e-01  2.30000000000000027e+00
 1.46528000000002843e-06  1.00001329990198893e-05 -9.14108958188579001e-04  7.72662772157687639e-04 -1.25609517474162746e-04 -1.31005344271205301e-06  5.29830657530498647e-06 -2.06347638089772671e-09  2.84451528413032505e-09  4.00000000000000000e+00 -2.50000000000000000e+00  1.65000000000000013e+00 -1.00000000000000006e-01  1.60000000000000009e+00 -8.00000000000000044e-01  2.30000000000000027e+00
 1.46628000000002851e-06  1.00001329988052410e-05 -9.14108958197934474e-04  7.72662772147621689e-04 -1.25609517472608434e-04 -1.31005344311095280e-06  5.29830657618541623e-06 -2.06347634871836022e-09  2.84451527065753025e-09  4.00000000000000000e+00 -2.50000000000000000e+00  1.65000000000000013e+00 -1.00000000000000006e-01  1.60000000000000009e+00 -8.00000000000000044e-01  2.30000000000000027e+00
 1.46728000000002858e-06  1.00001329985722290e-05 -9.14108958213144529e-04  7.72662772158871913e-04 -1.25609517473185717e-04 -1.31005344331226733e-06  5.29830657692598900e-06 -2.06347630497126579e-09  2.84451523430420998e-09  4.00000000000000000e+00 -2.50000000000000000e+00  1.65000000000000013e+00 -1.00000000000000006e-01  1.60000000000000009e+00 -8.00000000000000044e-01  2.30000000000000027e+00
 1.46828000000002866e-06  1.00001329986996685e-05 -9.14108958205983591e-04  7.72662772151766486e-04 -1.25609517474014698e-04 -1.31005344295586848e-06  5.29830657644874777e-06 -2.06347634305613109e-09  2.84451526180326448e-09  4.00000000000000000e+00 -2.50000000000000000e+00  1.65000000000000013e+00 -1.00000000000000006e-01  1.60000000000000009e+00 -8.00000000000000044e-01  2.30000000000000027e+00
 1.46928000000002873e-06  1.00001329988153986e-05 -9.14108958203097011e-04  7.72662772147325594e-04 -1.25609517473911103e-04 -1.31005344303028815e-06  5.29830657634038515e-06 -2.06347634407089765e-09  2.84451526622070426e-09  4.00000000000000000e+00 -2.50000000000000000e+00  1.65000000000000013e+00 -1.00000000000000006e-01  1.60000000000000009e+00 -8.00000000000000044e-01  2.30000000000000027e+00
 1.47028000000002881e-06  1.00001329990433674e-05 -9.14108958223580625e-04  7.72662772145327192e-04 -1.25609517474281141e-04 -1.31005344341105996e-06  5.29830657684056403e-06 -2.06347633034353884e-09  2.84451522948504539e-09  4.00000000000000000e+00 -2.50000000000000000e+00  1.65000000000000013e+00 -1.00000000000000006e-01  1.60000000000000009e+00 -8.00000000000000044e-01  2.30000000000000027e+00
 1.47128000000002888e-06  1.00001329991821046e-05 -9.14108958201905364e-04  7.72662772157317601e-04 -1.25609517474562410e-04 -1.31005344275177822e-06  5.29830657619389758e-06 -2.06347634172968163e-09  2.84451528744562483e-09  4.00000000000000000e+00 -2.50000000000000000e+00  1.65000000000000013e+00 -1.00000000000000006e-01  1.60000000000000009e+00 -8.00000000000000044e-01  2.30000000000000027e+00
 1.47228000000002896e-06  1.00001329989942462e-05 -9.14108958205095412e-04  7.72662772161462398e-04 -1.25609517474251542e-04 -1.31005344281795796e-06  5.29830657560578735e-06 -2.06347635574797516e-09  2.84451530151076326e-09  4.00000000000000000e+00 -2.50000000000000000e+00  1.65000000000000013e+00 -1.00000000000000006e-01  1.60000000000000009e+00 -8.00000000000000044e-01  2.30000000000000027e+00
 1.47328000000002903e-06  1.00001329990223830e-05 -9.14108958194492782e-04  7.72662772140812249e-04 -1.25609517473822279e-04 -1.31005344287928039e-06  5.29830657590708968e-06 -2.06347635087008365e-09  2.84451527637394592e-09  4.00000000000000000e+00 -2.50000000000000000e+00  1.65000000000000013e+00 -1.00000000000000006e-01  1.60000000000000009e+00 -8.00000000000000044e-01  2.30000000000000027e+00
 1.47428000000002911e-06  1.00001329990640468e-05 -9.14108958187886955e-04  7.72662772136001319e-04 -1.25609517473111747e-04 -1.31005344308163593e-06  5.29830657500965912e-06 -2.06347636958043719e-09  2.84451529141484769e-09  4.00000000000000000e+00 -2.50000000000000000e+00  1.65000000000000013e+00 -1.00000000000000006e-01  1.60000000000000009e+00 -8.00000000000000044e-01  2.30000000000000027e+00
 1.47528000000002918e-06  1.00001329987900147e-05 -9.14108958161852225e-04  7.72662772133706822e-04 -1.25609517472904475e-04 -1.31005344308675328e-06  5.29830657617805382e-06 -2.06347634512138518e-09  2.84451529078048164e-09  4.00000000000000000e+00 -2.50000000000000000e+00  1.65000000000000013e+00 -1.00000000000000006e-01  1.60000000000000009e+00 -8.00000000000000044e-01  2.30000000000000027e+00
 1.47628000000002926e-06  1.00001329989984052e-05 -9.14108958198237942e-04  7.72662772141774479e-04 -1.25609517473156118e-04 -1.31005344325840429e-06  5.29830657671161597e-06 -2.06347632465756094e-09  2.84451521499015686e-09  4.00000000000000000e+00 -2.50000000000000000e+00  1.65000000000000013e+00 -1.00000000000000006e-01  1.60000000000000009e+00 -8.00000000000000044e-01  2.30000000000000027e+00
 1.47728000000002933e-06  1.00001329988201488e-05 -9.14108958209314260e-04  7.72662772137555631e-04 -1.25609517474162719e-04 -1.31005344322015355e-06  5.29830657674777496e-06 -2.06347633087052610e-09  2.84451525415892862e-09  4.00000000000000000e+00 -2.50000000000000000e+00  1.65000000000000013e+00 -1.00000000000000006e-01  1.60000000000000009e+00 -8.00000000000000044e-01  2.30000000000000027e+00
 1.47828000000002941e-06  1.00001329986005148e-05 -9.14108958214532308e-04  7.72662772126601395e-04 -1.25609517474251542e-04 -1.31005344319760215e-06  5.29830657673409030e-06 -2.06347631887855210e-09  2.84451523412123432e-09  4.00000000000000000e+00 -2.50000000000000000e+00  1.65000000000000013e+00 -1.00000000000000006e-01  1.60000000000000009e+00 -8.00000000000000044e-01  2.30000000000000027e+00
 1.47928000000002948e-06  1.00001329982315422e-05 -9.14108958204984390e-04  7.72662772144364963e-04 -1.25609517474547638e-04 -1.31005344265992469e-06  5.29830657603784954e-06 -2.06347633751760847e-09  2.84451526961776008e-09  4.00000000000000000e+00 -2.50000000000000000e+00  1.65000000000000013e+00 -1.00000000000000006e-01  1.60000000000000009e+00 -8.00000000000000044e-01  2.30000000000000027e+00
 1.48028000000002956e-06  1.00001329983344872e-05 -9.14108958207841371e-04  7.72662772157021505e-04 -1.25609517473999899e-04 -1.31005344311719776e-06  5.29830657579244377e-06 -2.06347635683721032e-09  2.84451528156393351e-09  4.00000000000000000e+00 -2.50000000000000000e+00  1.65000000000000013e+00 -1.00000000000000006e-01  1.60000000000000009e+00 -8.00000000000000044e-01  2.30000000000000027e+00
 1.48128000000002963e-06  1.00001329988459884e-05 -9.14108958209232836e-04  7.72662772150878308e-04 -1.25609517473881477e-04 -1.31005344271474191e-06  5.29830657540602480e-06 -2.06347636317730693e-09  2.84451531592497397e-09  4.00000000000000000e+00 -2.50000000000000000e+00  1.65000000000000013e+00 -1.00000000000000006e-01  1.60000000000000009e+00 -8.00000000000000044e-01  2.30000000000000027e+00
 1.48228000000002971e-06  1.00001329994285912e-05 -9.14108958166100672e-04  7.72662772143402842e-04 -1.25609517471054094e-04 -1.31005344247595718e-06  5.29830657533308933e-06 -2.06347638525922302e-09  2.84451527262044225e-09  4.00000000000000000e+00 -2.50000000000000000e+00  1.65000000000000013e+00 -1.00000000000000006e-01  1.60000000000000009e+00 -8.00000000000000044e-01  2.30000000000000027e+00
 1.48328000000002978e-06  1.00001329997043326e-05 -9.14108958180811127e-04  7.72662772134002918e-04 -1.25609517470610005e-04 -1.31005344343352454e-06  5.29830657660988393e-06 -2.06347631839624665e-09  2.84451525805918116e-09  4.00000000000000000e+00 -2.50000000000000000e+00  1.65000000000000013e+00 -1.00000000000000006e-01  1.60000000000000009e+00 -8.00000000000000044e-01  2.30000000000000027e+00
 1.48428000000002986e-06  1.00001329995590021e-05 -9.14108958194548293e-04  7.72662772134002918e-04 -1.25609517472297539e-04 -1.31005344335641617e-06  5.29830657631598298e-06 -2.06347633670953324e-09  2.84451526341380747e-09  4.00000000000000000e+00 -2.50000000000000000e+00  1.65000000000000013e+00 -1.00000000000000006e-01  1.60000000000000009e+00 -8.00000000000000044e-01  2.30000000000000027e+00
 1.48528000000002993e-06  1.00001329991684708e-05 -9.14108958200710031e-04  7.72662772148583810e-04 -1.25609517473881477e-04 -1.31005344344419313e-06  5.29830657667676734e-06 -2.06347630972834551e-09  2.84451523729934826e-09  4.00000000000000000e+00 -2.50000000000000000e+00  1.65000000000000013e+00 -1.00000000000000006e-01  1.60000000000000009e+00 -8.00000000000000044e-01  2.30000000000000027e+00
 1.48628000000003001e-06  1.00001329988924380e-05 -9.14108958222525914e-04  7.72662772141404441e-04 -1.25609517475213744e-04 -1.31005344326525637e-06  5.29830657717135581e-06 -2.06347632430069785e-09  2.84451523202596763e-09  4.00000000000000000e+00 -2.50000000000000000e+00  1.65000000000000013e+00 -1.00000000000000006e-01  1.60000000000000009e+00 -8.00000000000000044e-01  2.30000000000000027e+00
 1.48728000000003008e-06  1.00001329988360324e-05 -9.14108958205650524e-04  7.72662772159760092e-04 -1.25609517475643034e-04 -1.31005344292715872e-06  5.29830657597539950e-06 -2.06347634801758894e-09  2.84451528160892510e-09  4.00000000000000000e+00 -2.50000000000000000e+00  1.65000000000000013e+00 -1.00000000000000006e-01  1.60000000000000009e+00 -8.00000000000000044e-01  2.30000000000000027e+00
 1.48828000000003016e-06  1.00001329988821245e-05 -9.14108958200543498e-04  7.72662772141108345e-04 -1.25609517475524585e-04 -1.31005344287589777e-06  5.29830657562475412e-06 -2.06347634911346883e-09  2.84451528930863947e-09  4.00000000000000000e+00 -2.50000000000000000e+00  1.65000000000000013e+00 -1.00000000000000006e-01  1.60000000000000009e+00 -8.00000000000000044e-01  2.30000000000000027e+00
 1.48928000000003023e-06  1.00001329991431089e-05 -9.14108958194074605e-04  7.72662772148213772e-04 -1.25609517474266341e-04 -1.31005344275524766e-06  5.29830657593923966e-06 -2.06347636684268733e-09  2.84451526952457943e-09  4.00000000000000000e+00 -2.50000000000000000e+00  1.65000000000000013e+00 -1.00000000000000006e-01  1.60000000000000009e+00 -8.00000000000000044e-01  2.30000000000000027e+00
 1.49028000000003031e-06  1.00001329991281893e-05 -9.14108958195410559e-04  7.72662772155097155e-04 -1.25609517473629806e-04 -1.31005344299914974e-06  5.29830657579433265e-06 -2.06347633594767508e-09  2.84451526348567788e-09  4.00000000000000000e+00 -2.50000000000000000e+00  1.65000000000000013e+00 -1.00000000000000006e-01  1.60000000000000009e+00 -8.00000000000000044e-01  2.30000000000000027e+00
 1.49128000000003038e-06  1.00001329992103176e-05 -9.14108958201405764e-04  7.72662772165681245e-04 -1.25609517473067322e-04 -1.31005344312153457e-06  5.29830657663012208e-06 -2.06347634237688056e-09  2.84451525279488297e-09  4.00000000000000000e+00 -2.50000000000000000e+00  1.65000000000000013e+00 -1.00000000000000006e-01  1.60000000000000009e+00 -8.00000000000000044e-01  2.30000000000000027e+00
 1.49228000000003046e-06  1.00001329991240032e-05 -9.14108958206982791e-04  7.72662772148213772e-04 -1.25609517473333765e-04 -1.31005344310921807e-06  5.29830657665795474e-06 -2.06347633150079595e-09  2.84451527697706978e-09  4.00000000000000000e+00 -2.50000000000000000e+00  1.65000000000000013e+00 -1.00000000000000006e-01  1.60000000000000009e+00 -8.00000000000000044e-01  2.30000000000000027e+00
 1.49328000000003053e-06  1.00001329993573489e-05 -9.14108958205509903e-04  7.72662772141478383e-04 -1.25609517473763028e-04 -1.31005344301823170e-06  5.29830657598997101e-06 -2.06347634548623718e-09  2.84451525064777770e-09  4.00000000000000000e+00 -2.50000000000000000e+00  1.65000000000000013e+00 -1.00000000000000006e-01  1.60000000000000009e+00 -8.00000000000000044e-01  2.30000000000000027e+00
 1.49428000000003061e-06  1.00001329993004114e-05 -9.14108958200376964e-04  7.72662772139257937e-04 -1.25609517474103521e-04 -1.31005344320566866e-06  5.29830657601549041e-06 -2.06347633296301511e-09  2.84451526577524806e-09  4.00000000000000000e+00 -2.50000000000000000e+00  1.65000000000000013e+00 -1.00000000000000006e-01  1.60000000000000009e+00 -8.00000000000000044e-01  2.30000000000000027e+00
 1.49528000000003068e-06  1.00001329987497875e-05 -9.14108958196158117e-04  7.72662772146363364e-04 -1.25609517473141319e-04 -1.31005344261751058e-06  5.29830657469020064e-06 -2.06347637486856976e-09  2.84451532147199835e-09  4.00000000000000000e+00 -2.50000000000000000e+00  1.65000000000000013e+00 -1.00000000000000006e-01  1.60000000000000009e+00 -8.00000000000000044e-01  2.30000000000000027e+00
 1.49628000000003076e-06  1.00001329984455891e-05 -9.14108958177894948e-04  7.72662772147621689e-04 -1.25609517472564008e-04 -1.31005344306758471e-06  5.29830657618568644e-06 -2.06347634532795534e-09  2.84451527692165819e-09  4.00000000000000000e+00 -2.50000000000000000e+00  1.65000000000000013e+00 -1.00000000000000006e-01  1.60000000000000009e+00 -8.00000000000000044e-01  2.30000000000000027e+00
 1.49728000000003084e-06  1.00001329986654077e-05 -9.14108958204040700e-04  7.72662772149916078e-04 -1.25609517471601806e-04 -1.31005344290035732e-06  5.29830657682398760e-06 -2.06347633881922472e-09  2.84451522438953341e-09  4.00000000000000000e+00 -2.50000000000000000e+00  1.65000000000000013e+00 -1.00000000000000006e-01  1.60000000000000009e+00 -8.00000000000000044e-01  2.30000000000000027e+00
 1.49828000000003091e-06  1.00001329993714402e-05 -9.14108958182890952e-04  7.72662772144068976e-04 -1.25609517471661004e-04 -1.31005344281518244e-06  5.29830657605847310e-06 -2.06347634002234858e-09  2.84451529047210002e-09  4.00000000000000000e+00 -2.50000000000000000e+00  1.65000000000000013e+00 -1.00000000000000006e-01  1.60000000000000009e+00 -8.00000000000000044e-01  2.30000000000000027e+00
 1.49928000000003099e-06  1.00001329995956210e-05 -9.14108958195325449e-04  7.72662772128969943e-04 -1.25609517471794252e-04 -1.31005344297503704e-06  5.29830657574942297e-06 -2.06347634971188396e-09  2.84451527347213140e-09  4.00000000000000000e+00 -2.50000000000000000e+00  1.65000000000000013e+00 -1.00000000000000006e-01  1.60000000000000009e+00 -8.00000000000000044e-01  2.30000000000000027e+00
 1.50028000000003106e-06  1.00001329990413226e-05 -9.14108958180059883e-04  7.72662772126601395e-04 -1.25609517471897902e-04 -1.31005344300522127e-06  5.29830657544137402e-06 -2.06347635601129363e-09  2.84451529963699651e-09  4.00000000000000000e+00 -2.50000000000000000e+00  1.65000000000000013e+00 -1.00000000000000006e-01  1.60000000000000009e+00 -8.00000000000000044e-01  2.30000000000000027e+00
 1.50128000000003114e-06  1.00001329984338713e-05 -9.14108958196964872e-04  7.72662772129487974e-04 -1.25609517472549209e-04 -1.31005344332545118e-06  5.29830657617381273e-06 -2.06347633533804091e-09  2.84451526370163489e-09  4.00000000000000000e+00 -2.50000000000000000e+00  1.65000000000000013e+00 -1.00000000000000006e-01  1.60000000000000009e+00 -8.00000000000000044e-01  2.30000000000000027e+00
 1.50228000000003121e-06  1.00001329988419853e-05 -9.14108958185862641e-04  7.72662772137555631e-04 -1.25609517472726829e-04 -1.31005344310652917e-06  5.29830657643618034e-06 -2.06347634586515869e-09  2.84451527039126081e-09  4.00000000000000000e+00 -2.50000000000000000e+00  1.65000000000000013e+00 -1.00000000000000006e-01  1.60000000000000009e+00 -8.00000000000000044e-01  2.30000000000000027e+00
 1.50328000000003129e-06  1.00001329990732897e-05 -9.14108958210813061e-04  7.72662772132744701e-04 -1.25609517473392962e-04 -1.31005344342580511e-06  5.29830657718484820e-06 -2.06347632466578394e-09  2.84451521309631940e-09  4.00000000000000000e+00 -2.50000000000000000e+00  1.65000000000000013e+00 -1.00000000000000006e-01  1.60000000000000009e+00 -8.00000000000000044e-01  2.30000000000000027e+00
 1.50428000000003136e-06  1.00001329988998698e-05 -9.14108958218307066e-04  7.72662772146215371e-04 -1.25609517475332166e-04 -1.31005344336595715e-06  5.29830657683559110e-06 -2.06347630887871025e-09  2.84451523186497843e-09  4.00000000000000000e+00 -2.50000000000000000e+00  1.65000000000000013e+00 -1.00000000000000006e-01  1.60000000000000009e+00 -8.00000000000000044e-01  2.30000000000000027e+00
 1.50528000000003144e-06  1.00001329990055220e-05 -9.14108958224998003e-04  7.72662772148879906e-04 -1.25609517475805881e-04 -1.31005344304008917e-06  5.29830657612238851e-06 -2.06347633031595237e-09  2.84451526148564905e-09  4.00000000000000000e+00 -2.50000000000000000e+00  1.65000000000000013e+00 -1.00000000000000006e-01  1.60000000000000009e+00 -8.00000000000000044e-01  2.30000000000000027e+00
 1.50628000000003151e-06  1.00001329989649880e-05 -9.14108958232573432e-04  7.72662772166643474e-04 -1.25609517475065697e-04 -1.31005344315605561e-06  5.29830657631313102e-06 -2.06347634510850433e-09  2.84451527278482620e-09  4.00000000000000000e+00 -2.50000000000000000e+00  1.65000000000000013e+00 -1.00000000000000006e-01  1.60000000000000009e+00 -8.00000000000000044e-01  2.30000000000000027e+00
 1.50728000000003159e-06  1.00001329992282069e-05 -9.14108958220805068e-04  7.72662772167679647e-04 -1.25609517474917703e-04 -1.31005344276496207e-06  5.29830657651551514e-06 -2.06347634338760428e-09  2.84451525528936192e-09  4.00000000000000000e+00 -2.50000000000000000e+00  1.65000000000000013e+00 -1.00000000000000006e-01  1.60000000000000009e+00 -8.00000000000000044e-01  2.30000000000000027e+00
 1.50828000000003166e-06  1.00001329993164085e-05 -9.14108958211201639e-04  7.72662772155319200e-04 -1.25609517475080523e-04 -1.31005344299151692e-06  5.29830657596741960e-06 -2.06347634831402069e-09  2.84451528022901993e-09  4.00000000000000000e+00 -2.50000000000000000e+00  1.65000000000000013e+00 -1.00000000000000006e-01  1.60000000000000009e+00 -8.00000000000000044e-01  2.30000000000000027e+00
 1.50928000000003174e-06  1.00001329993354328e-05 -9.14108958197656918e-04  7.72662772136297415e-04 -1.25609517474858478e-04 -1.31005344288621929e-06  5.29830657564672700e-06 -2.06347635633619074e-09  2.84451529263625721e-09  4.00000000000000000e+00 -2.50000000000000000e+00  1.65000000000000013e+00 -1.00000000000000006e-01  1.60000000000000009e+00 -8.00000000000000044e-01  2.30000000000000027e+00
 1.51028000000003181e-06  1.00001329992165145e-05 -9.14108958191106602e-04  7.72662772144661059e-04 -1.25609517473437360e-04 -1.31005344269565995e-06  5.29830657544426579e-06 -2.06347636753874286e-09  2.84451529092049437e-09  4.00000000000000000e+00 -2.50000000000000000e+00  1.65000000000000013e+00 -1.00000000000000006e-01  1.60000000000000009e+00 -8.00000000000000044e-01  2.30000000000000027e+00
 1.51128000000003189e-06  1.00001329989079692e-05 -9.14108958193493581e-04  7.72662772142366562e-04 -1.25609517471557408e-04 -1.31005344245696205e-06  5.29830657579872706e-06 -2.06347636077697521e-09  2.84451530829123305e-09  4.00000000000000000e+00 -2.50000000000000000e+00  1.65000000000000013e+00 -1.00000000000000006e-01  1.60000000000000009e+00 -8.00000000000000044e-01  2.30000000000000027e+00
 1.51228000000003196e-06  1.00001329988651601e-05 -9.14108958185444465e-04  7.72662772136371357e-04 -1.25609517472401188e-04 -1.31005344335233940e-06  5.29830657571522909e-06 -2.06347633447473732e-09  2.84451527542718312e-09  4.00000000000000000e+00 -2.50000000000000000e+00  1.65000000000000013e+00 -1.00000000000000006e-01  1.60000000000000009e+00 -8.00000000000000044e-01  2.30000000000000027e+00
 1.51328000000003204e-06  1.00001329986958535e-05 -9.14108958168069474e-04  7.72662772121494369e-04 -1.25609517472045922e-04 -1.31005344310514130e-06  5.29830657590708968e-06 -2.06347635799795771e-09  2.84451526059700354e-09  4.00000000000000000e+00 -2.50000000000000000e+00  1.65000000000000013e+00 -1.00000000000000006e-01  1.60000000000000009e+00 -8.00000000000000044e-01  2.30000000000000027e+00
 1.51428000000003211e-06  1.00001329985908333e-05 -9.14108958193382559e-04  7.72662772123048681e-04 -1.25609517471483384e-04 -1.31005344309898316e-06  5.29830657618630308e-06 -2.06347633585438483e-09  2.84451523822567433e-09  4.00000000000000000e+00 -2.50000000000000000e+00  1.65000000000000013e+00 -1.00000000000000006e-01  1.60000000000000009e+00 -8.00000000000000044e-01  2.30000000000000027e+00
 1.51528000000003219e-06  1.00001329983572063e-05 -9.14108958199655319e-04  7.72662772132448605e-04 -1.25609517472060695e-04 -1.31005344308241647e-06  5.29830657637338301e-06 -2.06347632485727666e-09  2.84451527419880088e-09  4.00000000000000000e+00 -2.50000000000000000e+00  1.65000000000000013e+00 -1.00000000000000006e-01  1.60000000000000009e+00 -8.00000000000000044e-01  2.30000000000000027e+00
 1.51628000000003226e-06  1.00001329987939263e-05 -9.14108958188997178e-04  7.72662772151174403e-04 -1.25609517472253141e-04 -1.31005344286982623e-06  5.29830657616394480e-06 -2.06347634095010402e-09  2.84451525121995756e-09  4.00000000000000000e+00 -2.50000000000000000e+00  1.65000000000000013e+00 -1.00000000000000006e-01  1.60000000000000009e+00 -8.00000000000000044e-01  2.30000000000000027e+00
 1.51728000000003234e-06  1.00001329994470057e-05 -9.14108958194185628e-04  7.72662772143476785e-04 -1.25609517472386389e-04 -1.31005344326464925e-06  5.29830657600419608e-06 -2.06347635115174485e-09  2.84451525168216540e-09  4.00000000000000000e+00 -2.50000000000000000e+00  1.65000000000000013e+00 -1.00000000000000006e-01  1.60000000000000009e+00 -8.00000000000000044e-01  2.30000000000000027e+00
 1.51828000000003241e-06  1.00001329992874247e-05 -9.14108958177173303e-04  7.72662772148213772e-04 -1.25609517472415988e-04 -1.31005344324799595e-06  5.29830657604910576e-06 -2.06347634138826903e-09  2.84451528544349661e-09  4.00000000000000000e+00 -2.50000000000000000e+00  1.65000000000000013e+00 -1.00000000000000006e-01  1.60000000000000009e+00 -8.00000000000000044e-01  2.30000000000000027e+00
 1.51928000000003249e-06  1.00001329990912722e-05 -9.14108958205458078e-04  7.72662772133114739e-04 -1.25609517471986698e-04 -1.31005344279783521e-06  5.29830657693450846e-06 -2.06347633370415033e-09  2.84451525529322195e-09  4.00000000000000000e+00 -2.50000000000000000e+00  1.65000000000000013e+00 -1.00000000000000006e-01  1.60000000000000009e+00 -8.00000000000000044e-01  2.30000000000000027e+00
 1.52028000000003256e-06  1.00001329989239019e-05 -9.14108958215005996e-04  7.72662772129562025e-04 -1.25609517472889676e-04 -1.31005344309534029e-06  5.29830657696141615e-06 -2.06347631617571215e-09  2.84451522620785631e-09  4.00000000000000000e+00 -2.50000000000000000e+00  1.65000000000000013e+00 -1.00000000000000006e-01  1.60000000000000009e+00 -8.00000000000000044e-01  2.30000000000000027e+00
 1.52128000000003264e-06  1.00001329988348143e-05 -9.14108958204403366e-04  7.72662772157687639e-04 -1.25609517474932475e-04 -1.31005344311112623e-06  5.29830657575393257e-06 -2.06347632658634057e-09  2.84451527554612879e-09  4.00000000000000000e+00 -2.50000000000000000e+00  1.65000000000000013e+00 -1.00000000000000006e-01  1.60000000000000009e+00 -8.00000000000000044e-01  2.30000000000000027e+00
 1.52228000000003271e-06  1.00001329986824399e-05 -9.14108958201653721e-04  7.72662772157021505e-04 -1.25609517474532784e-04 -1.31005344312908057e-06  5.29830657522665371e-06 -2.06347637662240649e-09  2.84451531467898065e-09  4.00000000000000000e+00 -2.50000000000000000e+00  1.65000000000000013e+00 -1.00000000000000006e-01  1.60000000000000009e+00 -8.00000000000000044e-01  2.30000000000000027e+00
 1.52328000000003279e-06  1.00001329988988009e-05 -9.14108958197934474e-04  7.72662772141478383e-04 -1.25609517472712029e-04 -1.31005344257691801e-06  5.29830657592382027e-06 -2.06347635878587041e-09  2.84451527003916518e-09  4.00000000000000000e+00 -2.50000000000000000e+00  1.65000000000000013e+00 -1.00000000000000006e-01  1.60000000000000009e+00 -8.00000000000000044e-01  2.30000000000000027e+00
 1.52428000000003286e-06  1.00001329991931177e-05 -9.14108958207204836e-04  7.72662772141774479e-04 -1.25609517473126547e-04 -1.31005344344948391e-06  5.29830657638086231e-06 -2.06347633673792250e-09  2.84451525749883619e-09  4.00000000000000000e+00 -2.50000000000000000e+00  1.65000000000000013e+00 -1.00000000000000006e-01  1.60000000000000009e+00 -8.00000000000000044e-01  2.30000000000000027e+00
 1.52528000000003294e-06  1.00001329994299024e-05 -9.14108958205928079e-04  7.72662772136963548e-04 -1.25609517473200544e-04 -1.31005344286401474e-06  5.29830657622431283e-06 -2.06347634629224528e-09  2.84451527278230868e-09  4.00000000000000000e+00 -2.50000000000000000e+00  1.65000000000000013e+00 -1.00000000000000006e-01  1.60000000000000009e+00 -8.00000000000000044e-01  2.30000000000000027e+00
 1.52628000000003301e-06  1.00001329995154155e-05 -9.14108958208259548e-04  7.72662772137259536e-04 -1.25609517472253141e-04 -1.31005344300704282e-06  5.29830657642056783e-06 -2.06347633070960969e-09  2.84451522538857734e-09  4.00000000000000000e+00 -2.50000000000000000e+00  1.65000000000000013e+00 -1.00000000000000006e-01  1.60000000000000009e+00 -8.00000000000000044e-01  2.30000000000000027e+00
 1.52728000000003309e-06  1.00001329994381915e-05 -9.14108958201653721e-04  7.72662772141108345e-04 -1.25609517473215343e-04 -1.31005344349450011e-06  5.29830657665452426e-06 -2.06347631526380301e-09  2.84451524263397086e-09  4.00000000000000000e+00 -2.50000000000000000e+00  1.65000000000000013e+00 -1.00000000000000006e-01  1.60000000000000009e+00 -8.00000000000000044e-01  2.30000000000000027e+00
 1.52828000000003316e-06  1.00001329993623990e-05 -9.14108958197712429e-04  7.72662772128895892e-04 -1.25609517473674232e-04 -1.31005344263468438e-06  5.29830657543624693e-06 -2.06347636468259739e-09  2.84451532948961312e-09  4.00000000000000000e+00 -2.50000000000000000e+00  1.65000000000000013e+00 -1.00000000000000006e-01  1.60000000000000009e+00 -8.00000000000000044e-01  2.30000000000000027e+00
 1.52928000000003324e-06  1.00001329991572577e-05 -9.14108958201598210e-04  7.72662772136667453e-04 -1.25609517473037696e-04 -1.31005344293218946e-06  5.29830657533763790e-06 -2.06347636101981227e-09  2.84451527279024299e-09  4.00000000000000000e+00 -2.50000000000000000e+00  1.65000000000000013e+00 -1.00000000000000006e-01  1.60000000000000009e+00 -8.00000000000000044e-01  2.30000000000000027e+00
 1.53028000000003331e-06  1.00001329986840103e-05 -9.14108958202071897e-04  7.72662772133114739e-04 -1.25609517472297566e-04 -1.31005344318120910e-06  5.29830657650888457e-06 -2.06347633831288844e-09  2.84451524843664286e-09  4.00000000000000000e+00 -2.50000000000000000e+00  1.65000000000000013e+00 -1.00000000000000006e-01  1.60000000000000009e+00 -8.00000000000000044e-01  2.30000000000000027e+00
 1.53128000000003339e-06  1.00001329988018783e-05 -9.14108958213033507e-04  7.72662772150878308e-04 -1.25609517472119919e-04 -1.31005344299637423e-06  5.29830657685644590e-06 -2.06347632985515197e-09  2.84451524712298658e-09  4.00000000000000000e+00 -2.50000000000000000e+00  1.65000000000000013e+00 -1.00000000000000006e-01  1.60000000000000009e+00 -8.00000000000000044e-01  2.30000000000000027e+00
 1.53228000000003346e-06  1.00001329988153190e-05 -9.14108958206734834e-04  7.72662772145031097e-04 -1.25609517473170945e-04 -1.31005344330957863e-06  5.29830657664515692e-06 -2.06347631635487285e-09  2.84451525475517157e-09  4.00000000000000000e+00 -2.50000000000000000e+00  1.65000000000000013e+00 -1.00000000000000006e-01  1.60000000000000009e+00 -8.00000000000000044e-01  2.30000000000000027e+00
 1.53328000000003354e-06  1.00001329988902052e-05 -9.14108958208344658e-04  7.72662772144364963e-04 -1.25609517474162719e-04 -1.31005344289090295e-06  5.29830657552398599e-06 -2.06347635527013319e-09  2.84451529947098798e-09  4.00000000000000000e+00 -2.50000000000000000e+00  1.65000000000000013e+00 -1.00000000000000006e-01  1.60000000000000009e+00 -8.00000000000000044e-01  2.30000000000000027e+00
 1.53428000000003361e-06  1.00001329990842062e-05 -9.14108958202153321e-04  7.72662772150804257e-04 -1.25609517473407762e-04 -1.31005344301823170e-06  5.29830657640985117e-06 -2.06347635207815405e-09  2.84451525336225443e-09  4.00000000000000000e+00 -2.50000000000000000e+00  1.65000000000000013e+00 -1.00000000000000006e-01  1.60000000000000009e+00 -8.00000000000000044e-01  2.30000000000000027e+00
 1.53528000000003369e-06  1.00001329990178056e-05 -9.14108958202042299e-04  7.72662772150804257e-04 -1.25609517473274540e-04 -1.31005344291570958e-06  5.29830657549164289e-06 -2.06347634204920371e-09  2.84451528756088955e-09  4.00000000000000000e+00 -2.50000000000000000e+00  1.65000000000000013e+00 -1.00000000000000006e-01  1.60000000000000009e+00 -8.00000000000000044e-01  2.30000000000000027e+00
 1.53628000000003377e-06  1.00001329990694696e-05 -9.14108958191939269e-04  7.72662772154431021e-04 -1.25609517473274540e-04 -1.31005344343543270e-06  5.29830657642989705e-06 -2.06347634086929468e-09  2.84451523443464892e-09  4.00000000000000000e+00 -2.50000000000000000e+00  1.65000000000000013e+00 -1.00000000000000006e-01  1.60000000000000009e+00 -8.00000000000000044e-01  2.30000000000000027e+00
 1.53728000000003384e-06  1.00001329991037930e-05 -9.14108958210091416e-04  7.72662772141478383e-04 -1.25609517473837052e-04 -1.31005344289870921e-06  5.29830657680690972e-06 -2.06347632687824103e-09  2.84451526806968330e-09  4.00000000000000000e+00 -2.50000000000000000e+00  1.65000000000000013e+00 -1.00000000000000006e-01  1.60000000000000009e+00 -8.00000000000000044e-01  2.30000000000000027e+00
 1.53828000000003392e-06  1.00001329990737894e-05 -9.14108958209314260e-04  7.72662772128599796e-04 -1.25609517473348564e-04 -1.31005344273529834e-06  5.29830657566118331e-06 -2.06347635636797640e-09  2.84451527254939819e-09  4.00000000000000000e+00 -2.50000000000000000e+00  1.65000000000000013e+00 -1.00000000000000006e-01  1.60000000000000009e+00 -8.00000000000000044e-01  2.30000000000000027e+00
 1.53928000000003399e-06  1.00001329986037065e-05 -9.14108958207648925e-04  7.72662772148213772e-04 -1.25609517472963700e-04 -1.31005344301649698e-06  5.29830657612632044e-06 -2.06347633895529138e-09  2.84451529203973343e-09  4.00000000000000000e+00 -2.50000000000000000e+00  1.65000000000000013e+00 -1.00000000000000006e-01  1.60000000000000009e+00 -8.00000000000000044e-01  2.30000000000000027e+00
 1.54028000000003407e-06  1.00001329984977901e-05 -9.14108958201820254e-04  7.72662772151470390e-04 -1.25609517474843679e-04 -1.31005344336188038e-06  5.29830657602404884e-06 -2.06347633632780883e-09  2.84451528635078512e-09  4.00000000000000000e+00 -2.50000000000000000e+00  1.65000000000000013e+00 -1.00000000000000006e-01  1.60000000000000009e+00 -8.00000000000000044e-01  2.30000000000000027e+00
 1.54128000000003414e-06  1.00001329988633509e-05 -9.14108958212063905e-04  7.72662772138739905e-04 -1.25609517473674232e-04 -1.31005344277103360e-06  5.29830657604062527e-06 -2.06347636877589610e-09  2.84451523925127861e-09  4.00000000000000000e+00 -2.50000000000000000e+00  1.65000000000000013e+00 -1.00000000000000006e-01  1.60000000000000009e+00 -8.00000000000000044e-01  2.30000000000000027e+00
 1.54228000000003422e-06  1.00001329993080669e-05 -9.14108958196102606e-04  7.72662772140220167e-04 -1.25609517472830451e-04 -1.31005344280381992e-06  5.29830657626841361e-06 -2.06347633554505650e-09  2.84451526606159689e-09  4.00000000000000000e+00 -2.50000000000000000e+00  1.65000000000000013e+00 -1.00000000000000006e-01  1.60000000000000009e+00 -8.00000000000000044e-01  2.30000000000000027e+00
 1.54328000000003429e-06  1.00001329995437555e-05 -9.14108958187387355e-04  7.72662772139850128e-04 -1.25609517472105120e-04 -1.31005344289419897e-06  5.29830657597162173e-06 -2.06347635918436508e-09  2.84451529312152023e-09  4.00000000000000000e+00 -2.50000000000000000e+00  1.65000000000000013e+00 -1.00000000000000006e-01  1.60000000000000009e+00 -8.00000000000000044e-01  2.30000000000000027e+00
 1.54428000000003437e-06  1.00001329991147299e-05 -9.14108958180559483e-04  7.72662772132152510e-04 -1.25609517473185744e-04 -1.31005344313532553e-06  5.29830657555420813e-06 -2.06347633904011338e-09  2.84451528719229953e-09  4.00000000000000000e+00 -2.50000000000000000e+00  1.65000000000000013e+00 -1.00000000000000006e-01  1.60000000000000009e+00 -8.00000000000000044e-01  2.30000000000000027e+00
 1.54528000000003444e-06  1.00001329985886581e-05 -9.14108958204540301e-04  7.72662772136371357e-04 -1.25609517473392989e-04 -1.31005344290625543e-06  5.29830657614204815e-06 -2.06347634665266483e-09  2.84451526152098414e-09  4.00000000000000000e+00 -2.50000000000000000e+00  1.65000000000000013e+00 -1.00000000000000006e-01  1.60000000000000009e+00 -8.00000000000000044e-01  2.30000000000000027e+00
 1.54628000000003452e-06  1.00001329992293470e-05 -9.14108958185751619e-04  7.72662772137259536e-04 -1.25609517472815652e-04 -1.31005344324131710e-06  5.29830657684276124e-06 -2.06347633270975640e-09  2.84451523589650867e-09  4.00000000000000000e+00 -2.50000000000000000e+00  1.65000000000000013e+00 -1.00000000000000006e-01  1.60000000000000009e+00 -8.00000000000000044e-01  2.30000000000000027e+00
 1.54728000000003459e-06  1.00001329995096692e-05 -9.14108958206013189e-04  7.72662772140442211e-04 -1.25609517473215370e-04 -1.31005344342424381e-06  5.29830657666489363e-06 -2.06347632370129383e-09  2.84451524500583062e-09  4.00000000000000000e+00 -2.50000000000000000e+00  1.65000000000000013e+00 -1.00000000000000006e-01  1.60000000000000009e+00 -8.00000000000000044e-01  2.30000000000000027e+00
 1.54828000000003467e-06  1.00001329993182465e-05 -9.14108958196158117e-04  7.72662772139257937e-04 -1.25609517473674232e-04 -1.31005344266781756e-06  5.29830657552051655e-06 -2.06347635162172364e-09  2.84451526581335337e-09  4.00000000000000000e+00 -2.50000000000000000e+00  1.65000000000000013e+00 -1.00000000000000006e-01  1.60000000000000009e+00 -8.00000000000000044e-01  2.30000000000000027e+00
 1.54928000000003474e-06  1.00001329991167560e-05 -9.14108958197712429e-04  7.72662772129784070e-04 -1.25609517473511384e-04 -1.31005344322223514e-06  5.29830657599193697e-06 -2.06347633293850989e-09  2.84451528259445414e-09  4.00000000000000000e+00 -2.50000000000000000e+00  1.65000000000000013e+00 -1.00000000000000006e-01  1.60000000000000009e+00 -8.00000000000000044e-01  2.30000000000000027e+00
 1.55028000000003482e-06  1.00001329990190270e-05 -9.14108958211342260e-04  7.72662772155097155e-04 -1.25609517473585408e-04 -1.31005344326820531e-06  5.29830657665232705e-06 -2.06347633704735091e-09  2.84451525550667632e-09  4.00000000000000000e+00 -2.50000000000000000e+00  1.65000000000000013e+00 -1.00000000000000006e-01  1.60000000000000009e+00 -8.00000000000000044e-01  2.30000000000000027e+00
 1.55128000000003489e-06  1.00001329987007443e-05 -9.14108958215309464e-04  7.72662772141404441e-04 -1.25609517473940674e-04 -1.31005344299064955e-06  5.29830657589571741e-06 -2.06347635319509810e-09  2.84451529270902842e-09  4.00000000000000000e+00 -2.50000000000000000e+00  1.65000000000000013e+00 -1.00000000000000006e-01  1.60000000000000009e+00 -8.00000000000000044e-01  2.30000000000000027e+00
 1.55228000000003497e-06  1.00001329987276071e-05 -9.14108958208011591e-04  7.72662772137259536e-04 -1.25609517473881477e-04 -1.31005344268672609e-06  5.29830657626444271e-06 -2.06347634023319858e-09  2.84451525887846468e-09  4.00000000000000000e+00 -2.50000000000000000e+00  1.65000000000000013e+00 -1.00000000000000006e-01  1.60000000000000009e+00 -8.00000000000000044e-01  2.30000000000000027e+00
 1.55328000000003504e-06  1.00001329988251141e-05 -9.14108958193689714e-04  7.72662772150878308e-04 -1.25609517473230142e-04 -1.31005344277693171e-06  5.29830657591861610e-06 -2.06347634844218323e-09  2.84451525959133844e-09  4.00000000000000000e+00 -2.50000000000000000e+00  1.65000000000000013e+00 -1.00000000000000006e-01  1.60000000000000009e+00 -8.00000000000000044e-01  2.30000000000000027e+00
 1.55428000000003512e-06  1.00001329988342756e-05 -9.14108958181532772e-04  7.72662772142810651e-04 -1.25609517472919302e-04 -1.31005344291432172e-06  5.29830657624219963e-06 -2.06347634387830643e-09  2.84451528956647622e-09  4.00000000000000000e+00 -2.50000000000000000e+00  1.65000000000000013e+00 -1.00000000000000006e-01  1.60000000000000009e+00 -8.00000000000000044e-01  2.30000000000000027e+00
 1.55528000000003519e-06  1.00001329989472139e-05 -9.14108958157940532e-04  7.72662772143698829e-04 -1.25609517472519583e-04 -1.31005344312578456e-06  5.29830657515206060e-06 -2.06347635900652290e-09  2.84451527936879717e-09  4.00000000000000000e+00 -2.50000000000000000e+00  1.65000000000000013e+00 -1.00000000000000006e-01  1.60000000000000009e+00 -8.00000000000000044e-01  2.30000000000000027e+00
 1.55628000000003527e-06  1.00001329987840008e-05 -9.14108958187250420e-04  7.72662772138221765e-04 -1.25609517471542582e-04 -1.31005344280581489e-06  5.29830657591684242e-06 -2.06347635435246894e-09  2.84451528007623512e-09  4.00000000000000000e+00 -2.50000000000000000e+00  1.65000000000000013e+00 -1.00000000000000006e-01  1.60000000000000009e+00 -8.00000000000000044e-01  2.30000000000000027e+00
 1.55728000000003534e-06  1.00001329986321075e-05 -9.14108958200710031e-04  7.72662772134965147e-04 -1.25609517472149545e-04 -1.31005344359919063e-06  5.29830657712821981e-06 -2.06347631251924503e-09  2.84451523955739417e-09  4.00000000000000000e+00 -2.50000000000000000e+00  1.65000000000000013e+00 -1.00000000000000006e-01  1.60000000000000009e+00 -8.00000000000000044e-01  2.30000000000000027e+00
 1.55828000000003542e-06  1.00001329986831158e-05 -9.14108958222999602e-04  7.72662772152728715e-04 -1.25609517474488386e-04 -1.31005344364542106e-06  5.29830657747200338e-06 -2.06347631378403356e-09  2.84451520906436234e-09  4.00000000000000000e+00 -2.50000000000000000e+00  1.65000000000000013e+00 -1.00000000000000006e-01  1.60000000000000009e+00 -8.00000000000000044e-01  2.30000000000000027e+00
 1.55928000000003549e-06  1.00001329994124383e-05 -9.14108958220113022e-04  7.72662772152062582e-04 -1.25609517475569010e-04 -1.31005344300261919e-06  5.29830657640611152e-06 -2.06347633797335066e-09  2.84451526595831264e-09  4.00000000000000000e+00 -2.50000000000000000e+00  1.65000000000000013e+00 -1.00000000000000006e-01  1.60000000000000009e+00 -8.00000000000000044e-01  2.30000000000000027e+00
 1.56028000000003557e-06  1.00001329996299157e-05 -9.14108958204984390e-04  7.72662772162202582e-04 -1.25609517476442389e-04 -1.31005344307122759e-06  5.29830657569441241e-06 -2.06347634578335673e-09  2.84451529122262581e-09  4.00000000000000000e+00 -2.50000000000000000e+00  1.65000000000000013e+00 -1.00000000000000006e-01  1.60000000000000009e+00 -8.00000000000000044e-01  2.30000000000000027e+00
 1.56128000000003564e-06  1.00001329995244008e-05 -9.14108958191469268e-04  7.72662772151544441e-04 -1.25609517475835453e-04 -1.31005344247170720e-06  5.29830657526011490e-06 -2.06347637338905012e-09  2.84451529292699051e-09  4.00000000000000000e+00 -2.50000000000000000e+00  1.65000000000000013e+00 -1.00000000000000006e-01  1.60000000000000009e+00 -8.00000000000000044e-01  2.30000000000000027e+00
 1.56228000000003572e-06  1.00001329989529415e-05 -9.14108958197020383e-04  7.72662772150878308e-04 -1.25609517473111720e-04 -1.31005344270173149e-06  5.29830657590273339e-06 -2.06347635323143490e-09  2.84451527557979546e-09  4.00000000000000000e+00 -2.50000000000000000e+00  1.65000000000000013e+00 -1.00000000000000006e-01  1.60000000000000009e+00 -8.00000000000000044e-01  2.30000000000000027e+00
 1.56328000000003579e-06  1.00001329983374196e-05 -9.14108958191247223e-04  7.72662772132818644e-04 -1.25609517472371563e-04 -1.31005344330428764e-06  5.29830657651917686e-06 -2.06347632386148604e-09  2.84451526275497176e-09  4.00000000000000000e+00 -2.50000000000000000e+00  1.65000000000000013e+00 -1.00000000000000006e-01  1.60000000000000009e+00 -8.00000000000000044e-01  2.30000000000000027e+00
 1.56428000000003587e-06  1.00001329987323047e-05 -9.14108958188553089e-04  7.72662772154134926e-04 -1.25609517473851878e-04 -1.31005344322709245e-06  5.29830657631370869e-06 -2.06347633113889864e-09  2.84451524368789120e-09  4.00000000000000000e+00 -2.50000000000000000e+00  1.65000000000000013e+00 -1.00000000000000006e-01  1.60000000000000009e+00 -8.00000000000000044e-01  2.30000000000000027e+00
 1.56528000000003594e-06  1.00001329994449050e-05 -9.14108958203097011e-04  7.72662772155985333e-04 -1.25609517473170918e-04 -1.31005344287598437e-06  5.29830657572999372e-06 -2.06347636522148240e-09  2.84451528275614355e-09  4.00000000000000000e+00 -2.50000000000000000e+00  1.65000000000000013e+00 -1.00000000000000006e-01  1.60000000000000009e+00 -8.00000000000000044e-01  2.30000000000000027e+00
 1.56628000000003602e-06  1.00001329994852679e-05 -9.14108958194770338e-04  7.72662772150286225e-04 -1.25609517472164344e-04 -1.31005344240413959e-06  5.29830657536759068e-06 -2.06347635908136910e-09  2.84451529738647505e-09  4.00000000000000000e+00 -2.50000000000000000e+00  1.65000000000000013e+00 -1.00000000000000006e-01  1.60000000000000009e+00 -8.00000000000000044e-01  2.30000000000000027e+00
 1.56728000000003609e-06  1.00001329992236821e-05 -9.14108958182335840e-04  7.72662772129265930e-04 -1.25609517470950472e-04 -1.31005344284050936e-06  5.29830657608480227e-06 -2.06347636113969721e-09  2.84451527276035903e-09  4.00000000000000000e+00 -2.50000000000000000e+00  1.65000000000000013e+00 -1.00000000000000006e-01  1.60000000000000009e+00 -8.00000000000000044e-01  2.30000000000000027e+00
 1.56828000000003617e-06  1.00001329989910428e-05 -9.14108958195158916e-04  7.72662772139554033e-04 -1.25609517470669230e-04 -1.31005344340698319e-06  5.29830657672638060e-06 -2.06347632257064836e-09  2.84451525947945689e-09  4.00000000000000000e+00 -2.50000000000000000e+00  1.65000000000000013e+00 -1.00000000000000006e-01  1.60000000000000009e+00 -8.00000000000000044e-01  2.30000000000000027e+00
 1.56928000000003624e-06  1.00001329986473913e-05 -9.14108958200295541e-04  7.72662772140812249e-04 -1.25609517473437360e-04 -1.31005344357238924e-06  5.29830657610319051e-06 -2.06347632180151225e-09  2.84451528582525246e-09  4.00000000000000000e+00 -2.50000000000000000e+00  1.65000000000000013e+00 -1.00000000000000006e-01  1.60000000000000009e+00 -8.00000000000000044e-01  2.30000000000000027e+00
 1.57028000000003632e-06  1.00001329986064864e-05 -9.14108958203400479e-04  7.72662772136593402e-04 -1.25609517473392962e-04 -1.31005344280295256e-06  5.29830657639539486e-06 -2.06347635946034645e-09  2.84451522335124059e-09  4.00000000000000000e+00 -2.50000000000000000e+00  1.65000000000000013e+00 -1.00000000000000006e-01  1.60000000000000009e+00 -8.00000000000000044e-01  2.30000000000000027e+00
 1.57128000000003639e-06  1.00001329985185424e-05 -9.14108958190299847e-04  7.72662772142810651e-04 -1.25609517473792654e-04 -1.31005344269392523e-06  5.29830657568111315e-06 -2.06347632590071703e-09  2.84451528449185840e-09  4.00000000000000000e+00 -2.50000000000000000e+00  1.65000000000000013e+00 -1.00000000000000006e-01  1.60000000000000009e+00 -8.00000000000000044e-01  2.30000000000000027e+00
 1.57228000000003647e-06  1.00001329982678799e-05 -9.14108958157052354e-04  7.72662772149176002e-04 -1.25609517471646231e-04 -1.31005344243441064e-06  5.29830657490060278e-06 -2.06347637833909701e-09  2.84451532374214302e-09  4.00000000000000000e+00 -2.50000000000000000e+00  1.65000000000000013e+00 -1.00000000000000006e-01  1.60000000000000009e+00 -8.00000000000000044e-01  2.30000000000000027e+00
 1.57328000000003654e-06  1.00001329985881160e-05 -9.14108958161659779e-04  7.72662772125047082e-04 -1.25609517470299137e-04 -1.31005344322483722e-06  5.29830657641413038e-06 -2.06347634834371358e-09  2.84451523821595951e-09  4.00000000000000000e+00 -2.50000000000000000e+00  1.65000000000000013e+00 -1.00000000000000006e-01  1.60000000000000009e+00 -8.00000000000000044e-01  2.30000000000000027e+00
 1.57428000000003662e-06  1.00001329993206741e-05 -9.14108958178091080e-04  7.72662772125343178e-04 -1.25609517470328763e-04 -1.31005344310141182e-06  5.29830657668062219e-06 -2.06347633416192904e-09  2.84451525323427180e-09  4.00000000000000000e+00 -2.50000000000000000e+00  1.65000000000000013e+00 -1.00000000000000006e-01  1.60000000000000009e+00 -8.00000000000000044e-01  2.30000000000000027e+00
 1.57528000000003670e-06  1.00001329991804139e-05 -9.14108958161937335e-04  7.72662772132818644e-04 -1.25609517470832050e-04 -1.31005344323949576e-06  5.29830657580412435e-06 -2.06347633723029969e-09  2.84451527741291703e-09  4.00000000000000000e+00 -2.50000000000000000e+00  1.65000000000000013e+00 -1.00000000000000006e-01  1.60000000000000009e+00 -8.00000000000000044e-01  2.30000000000000027e+00
 1.57628000000003677e-06  1.00001329991020990e-05 -9.14108958188941667e-04  7.72662772134669051e-04 -1.25609517471720255e-04 -1.31005344335901825e-06  5.29830657647488382e-06 -2.06347632716221544e-09  2.84451525091638475e-09  4.00000000000000000e+00 -2.50000000000000000e+00  1.65000000000000013e+00 -1.00000000000000006e-01  1.60000000000000009e+00 -8.00000000000000044e-01  2.30000000000000027e+00
 1.57728000000003685e-06  1.00001329991386925e-05 -9.14108958206068700e-04  7.72662772141182396e-04 -1.25609517472578835e-04 -1.31005344298249644e-06  5.29830657641860186e-06 -2.06347634381543698e-09  2.84451525042898512e-09  4.00000000000000000e+00 -2.50000000000000000e+00  1.65000000000000013e+00 -1.00000000000000006e-01  1.60000000000000009e+00 -8.00000000000000044e-01  2.30000000000000027e+00
 1.57828000000003692e-06  1.00001329991957723e-05 -9.14108958215142930e-04  7.72662772142662657e-04 -1.25609517473615007e-04 -1.31005344349805617e-06  5.29830657662075475e-06 -2.06347632122684258e-09  2.84451524214903416e-09  4.00000000000000000e+00 -2.50000000000000000e+00  1.65000000000000013e+00 -1.00000000000000006e-01  1.60000000000000009e+00 -8.00000000000000044e-01  2.30000000000000027e+00
 1.57928000000003700e-06  1.00001329993082312e-05 -9.14108958204954791e-04  7.72662772142070574e-04 -1.25609517474621634e-04 -1.31005344296801154e-06  5.29830657586372159e-06 -2.06347634353036200e-09  2.84451529134658709e-09  4.00000000000000000e+00 -2.50000000000000000e+00  1.65000000000000013e+00 -1.00000000000000006e-01  1.60000000000000009e+00 -8.00000000000000044e-01  2.30000000000000027e+00
 1.58028000000003707e-06  1.00001329991711542e-05 -9.14108958217448486e-04  7.72662772142810651e-04 -1.25609517475598609e-04 -1.31005344324192442e-06  5.29830657628460379e-06 -2.06347633352704228e-09  2.84451527580701784e-09  4.00000000000000000e+00 -2.50000000000000000e+00  1.65000000000000013e+00 -1.00000000000000006e-01  1.60000000000000009e+00 -8.00000000000000044e-01  2.30000000000000027e+00
 1.58128000000003715e-06  1.00001329990414090e-05 -9.14108958214532308e-04  7.72662772146067377e-04 -1.25609517475361765e-04 -1.31005344278074801e-06  5.29830657681581458e-06 -2.06347634666758758e-09  2.84451523306537508e-09  4.00000000000000000e+00 -2.50000000000000000e+00  1.65000000000000013e+00 -1.00000000000000006e-01  1.60000000000000009e+00 -8.00000000000000044e-01  2.30000000000000027e+00
 1.58228000000003722e-06  1.00001329992350764e-05 -9.14108958199433275e-04  7.72662772138221765e-04 -1.25609517475643034e-04 -1.31005344317166812e-06  5.29830657591792238e-06 -2.06347633806930940e-09  2.84451529216700137e-09  4.00000000000000000e+00 -2.50000000000000000e+00  1.65000000000000013e+00 -1.00000000000000006e-01  1.60000000000000009e+00 -8.00000000000000044e-01  2.30000000000000027e+00
 1.58328000000003730e-06  1.00001329995695595e-05 -9.14108958203622523e-04  7.72662772141108345e-04 -1.25609517474177518e-04 -1.31005344289940314e-06  5.29830657567301805e-06 -2.06347636951172165e-09  2.84451526192284337e-09  4.00000000000000000e+00 -2.50000000000000000e+00  1.65000000000000013e+00 -1.00000000000000006e-01  1.60000000000000009e+00 -8.00000000000000044e-01  2.30000000000000027e+00
 1.58428000000003737e-06  1.00001329994584576e-05 -9.14108958207593414e-04  7.72662772143772880e-04 -1.25609517473348537e-04 -1.31005344293062816e-06  5.29830657631675462e-06 -2.06347633109970765e-09  2.84451525006998956e-09  4.00000000000000000e+00 -2.50000000000000000e+00  1.65000000000000013e+00 -1.00000000000000006e-01  1.60000000000000009e+00 -8.00000000000000044e-01  2.30000000000000027e+00
 1.58528000000003745e-06  1.00001329987244036e-05 -9.14108958199655319e-04  7.72662772150212174e-04 -1.25609517474118321e-04 -1.31005344318476515e-06  5.29830657593989526e-06 -2.06347632294979693e-09  2.84451528449938864e-09  4.00000000000000000e+00 -2.50000000000000000e+00  1.65000000000000013e+00 -1.00000000000000006e-01  1.60000000000000009e+00 -8.00000000000000044e-01  2.30000000000000027e+00
 1.58628000000003752e-06  1.00001329982097853e-05 -9.14108958206538702e-04  7.72662772155023104e-04 -1.25609517473837052e-04 -1.31005344298960876e-06  5.29830657604513487e-06 -2.06347634977380670e-09  2.84451525308397350e-09  4.00000000000000000e+00 -2.50000000000000000e+00  1.65000000000000013e+00 -1.00000000000000006e-01  1.60000000000000009e+00 -8.00000000000000044e-01  2.30000000000000027e+00
 1.58728000000003760e-06  1.00001329983214073e-05 -9.14108958210313460e-04  7.72662772147917677e-04 -1.25609517472504811e-04 -1.31005344302525741e-06  5.29830657639400742e-06 -2.06347635499495956e-09  2.84451526792879707e-09  4.00000000000000000e+00 -2.50000000000000000e+00  1.65000000000000013e+00 -1.00000000000000006e-01  1.60000000000000009e+00 -8.00000000000000044e-01  2.30000000000000027e+00
 1.58828000000003767e-06  1.00001329988962649e-05 -9.14108958208511191e-04  7.72662772151470390e-04 -1.25609517473363364e-04 -1.31005344316724449e-06  5.29830657652769632e-06 -2.06347632628100877e-09  2.84451525416533679e-09  4.00000000000000000e+00 -2.50000000000000000e+00  1.65000000000000013e+00 -1.00000000000000006e-01  1.60000000000000009e+00 -8.00000000000000044e-01  2.30000000000000027e+00
 1.58928000000003775e-06  1.00001329992889832e-05 -9.14108958207426880e-04  7.72662772157983735e-04 -1.25609517474325593e-04 -1.31005344292976080e-06  5.29830657627485106e-06 -2.06347633785581904e-09  2.84451525671693214e-09  4.00000000000000000e+00 -2.50000000000000000e+00  1.65000000000000013e+00 -1.00000000000000006e-01  1.60000000000000009e+00 -8.00000000000000044e-01  2.30000000000000027e+00
 1.59028000000003782e-06  1.00001329994466279e-05 -9.14108958201683319e-04  7.72662772140220167e-04 -1.25609517474429189e-04 -1.31005344310583524e-06  5.29830657576468819e-06 -2.06347635238138067e-09  2.84451527594090364e-09  4.00000000000000000e+00 -2.50000000000000000e+00  1.65000000000000013e+00 -1.00000000000000006e-01  1.60000000000000009e+00 -8.00000000000000044e-01  2.30000000000000027e+00
 1.59128000000003790e-06  1.00001329993025222e-05 -9.14108958216586220e-04  7.72662772148583810e-04 -1.25609517473763055e-04 -1.31005344307391628e-06  5.29830657639786226e-06 -2.06347633940355379e-09  2.84451526494040651e-09  4.00000000000000000e+00 -2.50000000000000000e+00  1.65000000000000013e+00 -1.00000000000000006e-01  1.60000000000000009e+00 -8.00000000000000044e-01  2.30000000000000027e+00
 1.59228000000003797e-06  1.00001329991051517e-05 -9.14108958195936072e-04  7.72662772149916078e-04 -1.25609517473629833e-04 -1.31005344255852998e-06  5.29830657557560333e-06 -2.06347634254105565e-09  2.84451527641414111e-09  4.00000000000000000e+00 -2.50000000000000000e+00  1.65000000000000013e+00 -1.00000000000000006e-01  1.60000000000000009e+00 -8.00000000000000044e-01  2.30000000000000027e+00
 1.59328000000003805e-06  1.00001329989668159e-05 -9.14108958194936871e-04  7.72662772146363364e-04 -1.25609517472993298e-04 -1.31005344303748709e-06  5.29830657550012338e-06 -2.06347635889879504e-09  2.84451528190451437e-09  4.00000000000000000e+00 -2.50000000000000000e+00  1.65000000000000013e+00 -1.00000000000000006e-01  1.60000000000000009e+00 -8.00000000000000044e-01  2.30000000000000027e+00
 1.59428000000003812e-06  1.00001329989930824e-05 -9.14108958188331044e-04  7.72662772135705223e-04 -1.25609517471483411e-04 -1.31005344285594845e-06  5.29830657601699390e-06 -2.06347635777646976e-09  2.84451527413874219e-09  4.00000000000000000e+00 -2.50000000000000000e+00  1.65000000000000013e+00 -1.00000000000000006e-01  1.60000000000000009e+00 -8.00000000000000044e-01  2.30000000000000027e+00
 1.59528000000003820e-06  1.00001329988129270e-05 -9.14108958183834641e-04  7.72662772128599796e-04 -1.25609517470328763e-04 -1.31005344267978719e-06  5.29830657601101893e-06 -2.06347635521429312e-09  2.84451529555968968e-09  4.00000000000000000e+00 -2.50000000000000000e+00  1.65000000000000013e+00 -1.00000000000000006e-01  1.60000000000000009e+00 -8.00000000000000044e-01  2.30000000000000027e+00
 1.59628000000003827e-06  1.00001329988254885e-05 -9.14108958196990784e-04  7.72662772128895892e-04 -1.25609517471971899e-04 -1.31005344335233940e-06  5.29830657619058229e-06 -2.06347632726503027e-09  2.84451527664288467e-09  4.00000000000000000e+00 -2.50000000000000000e+00  1.65000000000000013e+00 -1.00000000000000006e-01  1.60000000000000009e+00 -8.00000000000000044e-01  2.30000000000000027e+00
 1.59728000000003835e-06  1.00001329989635684e-05 -9.14108958172121788e-04  7.72662772128895892e-04 -1.25609517472060695e-04 -1.31005344282897341e-06  5.29830657561858602e-06 -2.06347635380171141e-09  2.84451526672861507e-09  4.00000000000000000e+00 -2.50000000000000000e+00  1.65000000000000013e+00 -1.00000000000000006e-01  1.60000000000000009e+00 -8.00000000000000044e-01  2.30000000000000027e+00
 1.59828000000003842e-06  1.00001329991450655e-05 -9.14108958162074270e-04  7.72662772133706822e-04 -1.25609517471512983e-04 -1.31005344330949181e-06  5.29830657582810216e-06 -2.06347634872570228e-09  2.84451526056783632e-09  4.00000000000000000e+00 -2.50000000000000000e+00  1.65000000000000013e+00 -1.00000000000000006e-01  1.60000000000000009e+00 -8.00000000000000044e-01  2.30000000000000027e+00
 1.59928000000003850e-06  1.00001329992664437e-05 -9.14108958191273135e-04  7.72662772130450204e-04 -1.25609517471468585e-04 -1.31005344320020423e-06  5.29830657614216419e-06 -2.06347634557728371e-09  2.84451527026035783e-09  4.00000000000000000e+00 -2.50000000000000000e+00  1.65000000000000013e+00 -1.00000000000000006e-01  1.60000000000000009e+00 -8.00000000000000044e-01  2.30000000000000027e+00
 1.60028000000003857e-06  1.00001329991947576e-05 -9.14108958215587020e-04  7.72662772132818644e-04 -1.25609517471527809e-04 -1.31005344265558788e-06  5.29830657664149435e-06 -2.06347633194115961e-09  2.84451523038864964e-09  4.00000000000000000e+00 -2.50000000000000000e+00  1.65000000000000013e+00 -1.00000000000000006e-01  1.60000000000000009e+00 -8.00000000000000044e-01  2.30000000000000027e+00
 1.60128000000003865e-06  1.00001329991569088e-05 -9.14108958190773535e-04  7.72662772128599796e-04 -1.25609517472371563e-04 -1.31005344317860701e-06  5.29830657663578958e-06 -2.06347632217157755e-09  2.84451527814201842e-09  4.00000000000000000e+00 -2.50000000000000000e+00  1.65000000000000013e+00 -1.00000000000000006e-01  1.60000000000000009e+00 -8.00000000000000044e-01  2.30000000000000027e+00
 1.60228000000003872e-06  1.00001329992947464e-05 -9.14108958198711630e-04  7.72662772157909684e-04 -1.25609517473185744e-04 -1.31005344338512571e-06  5.29830657597721130e-06 -2.06347631475516386e-09  2.84451524259933144e-09  4.00000000000000000e+00 -2.50000000000000000e+00  1.65000000000000013e+00 -1.00000000000000006e-01  1.60000000000000009e+00 -8.00000000000000044e-01  2.30000000000000027e+00
 1.60328000000003880e-06  1.00001329993770204e-05 -9.14108958187997978e-04  7.72662772151766486e-04 -1.25609517472223542e-04 -1.31005344286661683e-06  5.29830657611583502e-06 -2.06347637469974261e-09  2.84451527452495489e-09  4.00000000000000000e+00 -2.50000000000000000e+00  1.65000000000000013e+00 -1.00000000000000006e-01  1.60000000000000009e+00 -8.00000000000000044e-01  2.30000000000000027e+00
 1.60428000000003887e-06  1.00001329991651030e-05 -9.14108958197212829e-04  7.72662772136963548e-04 -1.25609517472667631e-04 -1.31005344307651837e-06  5.29830657603387865e-06 -2.06347632859479920e-09  2.84451528952581119e-09  4.00000000000000000e+00 -2.50000000000000000e+00  1.65000000000000013e+00 -1.00000000000000006e-01  1.60000000000000009e+00 -8.00000000000000044e-01  2.30000000000000027e+00
 1.60528000000003895e-06  1.00001329990627001e-05 -9.14108958204070299e-04  7.72662772130228159e-04 -1.25609517473170918e-04 -1.31005344312561113e-06  5.29830657586904181e-06 -2.06347636413456335e-09  2.84451527777128972e-09  4.00000000000000000e+00 -2.50000000000000000e+00  1.65000000000000013e+00 -1.00000000000000006e-01  1.60000000000000009e+00 -8.00000000000000044e-01  2.30000000000000027e+00
 1.60628000000003902e-06  1.00001329988947826e-05 -9.14108958196576294e-04  7.72662772139109943e-04 -1.25609517472993271e-04 -1.31005344297408307e-06  5.29830657666743812e-06 -2.06347633074761781e-09  2.84451523553761693e-09  4.00000000000000000e+00 -2.50000000000000000e+00  1.65000000000000013e+00 -1.00000000000000006e-01  1.60000000000000009e+00 -8.00000000000000044e-01  2.30000000000000027e+00
 1.60728000000003910e-06  1.00001329986925162e-05 -9.14108958213507195e-04  7.72662772149101951e-04 -1.25609517473881477e-04 -1.31005344355183260e-06  5.29830657698338903e-06 -2.06347630768913685e-09  2.84451525033974557e-09  4.00000000000000000e+00 -2.50000000000000000e+00  1.65000000000000013e+00 -1.00000000000000006e-01  1.60000000000000009e+00 -8.00000000000000044e-01  2.30000000000000027e+00
 1.60828000000003917e-06  1.00001329986195002e-05 -9.14108958210121014e-04  7.72662772143106746e-04 -1.25609517475643007e-04 -1.31005344313272345e-06  5.29830657615423018e-06 -2.06347631855637104e-09  2.84451525939334077e-09  4.00000000000000000e+00 -2.50000000000000000e+00  1.65000000000000013e+00 -1.00000000000000006e-01  1.60000000000000009e+00 -8.00000000000000044e-01  2.30000000000000027e+00
 1.60928000000003925e-06  1.00001329984873817e-05 -9.14108958198767141e-04  7.72662772169900093e-04 -1.25609517475184119e-04 -1.31005344262349550e-06  5.29830657498992240e-06 -2.06347638698979198e-09  2.84451529996167607e-09  4.00000000000000000e+00 -2.50000000000000000e+00  1.65000000000000013e+00 -1.00000000000000006e-01  1.60000000000000009e+00 -8.00000000000000044e-01  2.30000000000000027e+00
 1.61028000000003932e-06  1.00001329991140438e-05 -9.14108958199629407e-04  7.72662772142070574e-04 -1.25609517474221943e-04 -1.31005344317418338e-06  5.29830657658979993e-06 -2.06347635466108507e-09  2.84451526610258617e-09  4.00000000000000000e+00 -2.50000000000000000e+00  1.65000000000000013e+00 -1.00000000000000006e-01  1.60000000000000009e+00 -8.00000000000000044e-01  2.30000000000000027e+00
 1.61128000000003940e-06  1.00001329991111249e-05 -9.14108958209118127e-04  7.72662772135705223e-04 -1.25609517473748255e-04 -1.31005344304780882e-06  5.29830657584753056e-06 -2.06347633315128142e-09  2.84451526283534518e-09  4.00000000000000000e+00 -2.50000000000000000e+00  1.65000000000000013e+00 -1.00000000000000006e-01  1.60000000000000009e+00 -8.00000000000000044e-01  2.30000000000000027e+00
 1.61228000000003947e-06  1.00001329994628147e-05 -9.14108958196073007e-04  7.72662772136889497e-04 -1.25609517472638032e-04 -1.31005344268794031e-06  5.29830657626132055e-06 -2.06347635141214916e-09  2.84451525158073983e-09  4.00000000000000000e+00 -2.50000000000000000e+00  1.65000000000000013e+00 -1.00000000000000006e-01  1.60000000000000009e+00 -8.00000000000000044e-01  2.30000000000000027e+00
 1.61328000000003955e-06  1.00001329989971583e-05 -9.14108958194518695e-04  7.72662772150212174e-04 -1.25609517472934101e-04 -1.31005344304772200e-06  5.29830657562517763e-06 -2.06347633318105537e-09  2.84451530256488087e-09  4.00000000000000000e+00 -2.50000000000000000e+00  1.65000000000000013e+00 -1.00000000000000006e-01  1.60000000000000009e+00 -8.00000000000000044e-01  2.30000000000000027e+00
 1.61428000000003963e-06  1.00001329984728585e-05 -9.14108958201790655e-04  7.72662772143106746e-04 -1.25609517473585408e-04 -1.31005344299038951e-06  5.29830657557356029e-06 -2.06347635360609478e-09  2.84451529385383977e-09  4.00000000000000000e+00 -2.50000000000000000e+00  1.65000000000000013e+00 -1.00000000000000006e-01  1.60000000000000009e+00 -8.00000000000000044e-01  2.30000000000000027e+00
 1.61528000000003970e-06  1.00001329986131949e-05 -9.14108958183805042e-04  7.72662772139257937e-04 -1.25609517472860077e-04 -1.31005344293166896e-06  5.29830657579745482e-06 -2.06347635859849373e-09  2.84451525248226867e-09  4.00000000000000000e+00 -2.50000000000000000e+00  1.65000000000000013e+00 -1.00000000000000006e-01  1.60000000000000009e+00 -8.00000000000000044e-01  2.30000000000000027e+00
 1.61628000000003978e-06  1.00001329989591283e-05 -9.14108958201376165e-04  7.72662772128599796e-04 -1.25609517472090321e-04 -1.31005344307981438e-06  5.29830657709125021e-06 -2.06347633216064951e-09  2.84451524058160135e-09  4.00000000000000000e+00 -2.50000000000000000e+00  1.65000000000000013e+00 -1.00000000000000006e-01  1.60000000000000009e+00 -8.00000000000000044e-01  2.30000000000000027e+00
 1.61728000000003985e-06  1.00001329993538931e-05 -9.14108958198323052e-04  7.72662772143698829e-04 -1.25609517472815652e-04 -1.31005344309733505e-06  5.29830657636035395e-06 -2.06347632880376695e-09  2.84451527371408173e-09  4.00000000000000000e+00 -2.50000000000000000e+00  1.65000000000000013e+00 -1.00000000000000006e-01  1.60000000000000009e+00 -8.00000000000000044e-01  2.30000000000000027e+00
 1.61828000000003993e-06  1.00001329992022538e-05 -9.14108958179423348e-04  7.72662772135409236e-04 -1.25609517471971899e-04 -1.31005344269574656e-06  5.29830657535244065e-06 -2.06347636968241285e-09  2.84451529641427024e-09  4.00000000000000000e+00 -2.50000000000000000e+00  1.65000000000000013e+00 -1.00000000000000006e-01  1.60000000000000009e+00 -8.00000000000000044e-01  2.30000000000000027e+00
 1.61928000000004000e-06  1.00001329993468559e-05 -9.14108958186721221e-04  7.72662772137555631e-04 -1.25609517471927473e-04 -1.31005344329301194e-06  5.29830657609043081e-06 -2.06347634257755251e-09  2.84451525372123055e-09  4.00000000000000000e+00 -2.50000000000000000e+00  1.65000000000000013e+00 -1.00000000000000006e-01  1.60000000000000009e+00 -8.00000000000000044e-01  2.30000000000000027e+00
 1.62028000000004008e-06  1.00001329994507208e-05 -9.14108958207900568e-04  7.72662772130450204e-04 -1.25609517472297566e-04 -1.31005344315111148e-06  5.29830657631000801e-06 -2.06347632968311040e-09  2.84451523845626209e-09  4.00000000000000000e+00 -2.50000000000000000e+00  1.65000000000000013e+00 -1.00000000000000006e-01  1.60000000000000009e+00 -8.00000000000000044e-01  2.30000000000000027e+00
 1.62128000000004015e-06  1.00001329993258359e-05 -9.14108958205928079e-04  7.72662772155319200e-04 -1.25609517472504784e-04 -1.31005344323004139e-06  5.29830657692278976e-06 -2.06347632159273848e-09  2.84451523415422270e-09  4.00000000000000000e+00 -2.50000000000000000e+00  1.65000000000000013e+00 -1.00000000000000006e-01  1.60000000000000009e+00 -8.00000000000000044e-01  2.30000000000000027e+00
 1.62228000000004023e-06  1.00001329992180307e-05 -9.14108958208592615e-04  7.72662772136963548e-04 -1.25609517472860077e-04 -1.31005344306420187e-06  5.29830657621876138e-06 -2.06347633723500676e-09  2.84451526914256757e-09  4.00000000000000000e+00 -2.50000000000000000e+00  1.65000000000000013e+00 -1.00000000000000006e-01  1.60000000000000009e+00 -8.00000000000000044e-01  2.30000000000000027e+00
 1.62328000000004030e-06  1.00001329991408812e-05 -9.14108958206483191e-04  7.72662772155023104e-04 -1.25609517473541010e-04 -1.31005344320827074e-06  5.29830657642253379e-06 -2.06347633227059174e-09  2.84451528320165807e-09  4.00000000000000000e+00 -2.50000000000000000e+00  1.65000000000000013e+00 -1.00000000000000006e-01  1.60000000000000009e+00 -8.00000000000000044e-01  2.30000000000000027e+00
 1.62428000000004038e-06  1.00001329990702505e-05 -9.14108958205676436e-04  7.72662772155023104e-04 -1.25609517474355192e-04 -1.31005344283244286e-06  5.29830657580524244e-06 -2.06347634542709542e-09  2.84451526648347762e-09  4.00000000000000000e+00 -2.50000000000000000e+00  1.65000000000000013e+00 -1.00000000000000006e-01  1.60000000000000009e+00 -8.00000000000000044e-01  2.30000000000000027e+00
 1.62528000000004045e-06  1.00001329991327480e-05 -9.14108958214310263e-04  7.72662772138221765e-04 -1.25609517473925902e-04 -1.31005344302013985e-06  5.29830657607080929e-06 -2.06347634985587832e-09  2.84451526722565260e-09  4.00000000000000000e+00 -2.50000000000000000e+00  1.65000000000000013e+00 -1.00000000000000006e-01  1.60000000000000009e+00 -8.00000000000000044e-01  2.30000000000000027e+00
 1.62628000000004053e-06  1.00001329990308177e-05 -9.14108958208122613e-04  7.72662772147251543e-04 -1.25609517473496612e-04 -1.31005344304407912e-06  5.29830657593931674e-06 -2.06347635142438192e-09  2.84451526489314472e-09  4.00000000000000000e+00 -2.50000000000000000e+00  1.65000000000000013e+00 -1.00000000000000006e-01  1.60000000000000009e+00 -8.00000000000000044e-01  2.30000000000000027e+00
 1.62728000000004060e-06  1.00001329989968704e-05 -9.14108958200765542e-04  7.72662772155023104e-04 -1.25609517473008071e-04 -1.31005344278595218e-06  5.29830657603141125e-06 -2.06347633711146982e-09  2.84451527997472144e-09  4.00000000000000000e+00 -2.50000000000000000e+00  1.65000000000000013e+00 -1.00000000000000006e-01  1.60000000000000009e+00 -8.00000000000000044e-01  2.30000000000000027e+00
 1.62828000000004068e-06  1.00001329990019966e-05 -9.14108958218003598e-04  7.72662772153764887e-04 -1.25609517473111720e-04 -1.31005344343786135e-06  5.29830657672907840e-06 -2.06347633650691329e-09  2.84451525364885514e-09  4.00000000000000000e+00 -2.50000000000000000e+00  1.65000000000000013e+00 -1.00000000000000006e-01  1.60000000000000009e+00 -8.00000000000000044e-01  2.30000000000000027e+00
 1.62928000000004075e-06  1.00001329991178419e-05 -9.14108958216308665e-04  7.72662772159241952e-04 -1.25609517473363364e-04 -1.31005344285351979e-06  5.29830657620704268e-06 -2.06347633987843818e-09  2.84451526462052584e-09  4.00000000000000000e+00 -2.50000000000000000e+00  1.65000000000000013e+00 -1.00000000000000006e-01  1.60000000000000009e+00 -8.00000000000000044e-01  2.30000000000000027e+00
 1.63028000000004083e-06  1.00001329992542769e-05 -9.14108958212755951e-04  7.72662772162424627e-04 -1.25609517474621607e-04 -1.31005344300279262e-06  5.29830657631289978e-06 -2.06347634386387254e-09  2.84451527117138932e-09  4.00000000000000000e+00 -2.50000000000000000e+00  1.65000000000000013e+00 -1.00000000000000006e-01  1.60000000000000009e+00 -8.00000000000000044e-01  2.30000000000000027e+00
 1.63128000000004090e-06  1.00001329993228002e-05 -9.14108958201683319e-04  7.72662772130450204e-04 -1.25609517472860050e-04 -1.31005344277693171e-06  5.29830657527083156e-06 -2.06347637723566910e-09  2.84451528752611323e-09  4.00000000000000000e+00 -2.50000000000000000e+00  1.65000000000000013e+00 -1.00000000000000006e-01  1.60000000000000009e+00 -8.00000000000000044e-01  2.30000000000000027e+00
 1.63228000000004098e-06  1.00001329991053583e-05 -9.14108958195269938e-04  7.72662772136667453e-04 -1.25609517472993298e-04 -1.31005344324201103e-06  5.29830657651266233e-06 -2.06347631328618746e-09  2.84451526922496551e-09  4.00000000000000000e+00 -2.50000000000000000e+00  1.65000000000000013e+00 -1.00000000000000006e-01  1.60000000000000009e+00 -8.00000000000000044e-01  2.30000000000000027e+00
 1.63328000000004105e-06  1.00001329987459267e-05 -9.14108958205706035e-04  7.72662772137259536e-04 -1.25609517473659459e-04 -1.31005344338443178e-06  5.29830657627238365e-06 -2.06347633612912294e-09  2.84451524782104554e-09  4.00000000000000000e+00 -2.50000000000000000e+00  1.65000000000000013e+00 -1.00000000000000006e-01  1.60000000000000009e+00 -8.00000000000000044e-01  2.30000000000000027e+00
 1.63428000000004113e-06  1.00001329984919320e-05 -9.14108958213866174e-04  7.72662772157909684e-04 -1.25609517473703830e-04 -1.31005344289784185e-06  5.29830657637662122e-06 -2.06347633217717079e-09  2.84451526291209885e-09  4.00000000000000000e+00 -2.50000000000000000e+00  1.65000000000000013e+00 -1.00000000000000006e-01  1.60000000000000009e+00 -8.00000000000000044e-01  2.30000000000000027e+00
 1.63528000000004120e-06  1.00001329985855274e-05 -9.14108958208537103e-04  7.72662772158575818e-04 -1.25609517474177545e-04 -1.31005344291518908e-06  5.29830657576773328e-06 -2.06347634813535175e-09  2.84451527208203742e-09  4.00000000000000000e+00 -2.50000000000000000e+00  1.65000000000000013e+00 -1.00000000000000006e-01  1.60000000000000009e+00 -8.00000000000000044e-01  2.30000000000000027e+00
 1.63628000000004128e-06  1.00001329990735201e-05 -9.14108958208481592e-04  7.72662772142810651e-04 -1.25609517473615007e-04 -1.31005344294277123e-06  5.29830657624755796e-06 -2.06347636214637188e-09  2.84451526571669194e-09  4.00000000000000000e+00 -2.50000000000000000e+00  1.65000000000000013e+00 -1.00000000000000006e-01  1.60000000000000009e+00 -8.00000000000000044e-01  2.30000000000000027e+00
 1.63728000000004135e-06  1.00001329997203331e-05 -9.14108958212589418e-04  7.72662772137259536e-04 -1.25609517473259768e-04 -1.31005344337731946e-06  5.29830657649458241e-06 -2.06347632989511058e-09  2.84451524232367226e-09  4.00000000000000000e+00 -2.50000000000000000e+00  1.65000000000000013e+00 -1.00000000000000006e-01  1.60000000000000009e+00 -8.00000000000000044e-01  2.30000000000000027e+00
 1.63828000000004143e-06  1.00001329995161016e-05 -9.14108958216253153e-04  7.72662772140442211e-04 -1.25609517474458787e-04 -1.31005344319786240e-06  5.29830657682491256e-06 -2.06347632568472115e-09  2.84451527725931828e-09  4.00000000000000000e+00 -2.50000000000000000e+00  1.65000000000000013e+00 -1.00000000000000006e-01  1.60000000000000009e+00 -8.00000000000000044e-01  2.30000000000000027e+00
 1.63928000000004150e-06  1.00001329991142759e-05 -9.14108958219250756e-04  7.72662772169530054e-04 -1.25609517475820654e-04 -1.31005344320644920e-06  5.29830657622234687e-06 -2.06347633014447948e-09  2.84451525780411009e-09  4.00000000000000000e+00 -2.50000000000000000e+00  1.65000000000000013e+00 -1.00000000000000006e-01  1.60000000000000009e+00 -8.00000000000000044e-01  2.30000000000000027e+00
 1.64028000000004158e-06  1.00001329988717212e-05 -9.14108958202182920e-04  7.72662772162128531e-04 -1.25609517475746657e-04 -1.31005344283105499e-06  5.29830657582143263e-06 -2.06347634683555942e-09  2.84451529074604776e-09  4.00000000000000000e+00 -2.50000000000000000e+00  1.65000000000000013e+00 -1.00000000000000006e-01  1.60000000000000009e+00 -8.00000000000000044e-01  2.30000000000000027e+00
 1.64128000000004165e-06  1.00001329987147999e-05 -9.14108958178091080e-04  7.72662772154431021e-04 -1.25609517474740029e-04 -1.31005344250024331e-06  5.29830657490823624e-06 -2.06347637876510247e-09  2.84451530441133660e-09  4.00000000000000000e+00 -2.50000000000000000e+00  1.65000000000000013e+00 -1.00000000000000006e-01  1.60000000000000009e+00 -8.00000000000000044e-01  2.30000000000000027e+00
 1.64228000000004173e-06  1.00001329987272852e-05 -9.14108958188497578e-04  7.72662772142810651e-04 -1.25609517472593607e-04 -1.31005344297390964e-06  5.29830657627839758e-06 -2.06347635583245884e-09  2.84451526053995165e-09  4.00000000000000000e+00 -2.50000000000000000e+00  1.65000000000000013e+00 -1.00000000000000006e-01  1.60000000000000009e+00 -8.00000000000000044e-01  2.30000000000000027e+00
 1.64328000000004180e-06  1.00001329989635701e-05 -9.14108958179005171e-04  7.72662772143476785e-04 -1.25609517473111747e-04 -1.31005344316672399e-06  5.29830657647515402e-06 -2.06347633474033798e-09  2.84451525719351432e-09  4.00000000000000000e+00 -2.50000000000000000e+00  1.65000000000000013e+00 -1.00000000000000006e-01  1.60000000000000009e+00 -8.00000000000000044e-01  2.30000000000000027e+00
 1.64428000000004188e-06  1.00001329990760188e-05 -9.14108958191217624e-04  7.72662772130154108e-04 -1.25609517473837052e-04 -1.31005344290200523e-06  5.29830657596857580e-06 -2.06347634346347659e-09  2.84451528099657322e-09  4.00000000000000000e+00 -2.50000000000000000e+00  1.65000000000000013e+00 -1.00000000000000006e-01  1.60000000000000009e+00 -8.00000000000000044e-01  2.30000000000000027e+00
 1.64528000000004195e-06  1.00001329993548858e-05 -9.14108958197601407e-04  7.72662772128895892e-04 -1.25609517473452187e-04 -1.31005344302447666e-06  5.29830657609471002e-06 -2.06347635157132601e-09  2.84451527305718824e-09  4.00000000000000000e+00 -2.50000000000000000e+00  1.65000000000000013e+00 -1.00000000000000006e-01  1.60000000000000009e+00 -8.00000000000000044e-01  2.30000000000000027e+00
 1.64628000000004203e-06  1.00001329988075263e-05 -9.14108958197268340e-04  7.72662772132004516e-04 -1.25609517472682430e-04 -1.31005344300088446e-06  5.29830657620954820e-06 -2.06347634158586883e-09  2.84451527730600600e-09  4.00000000000000000e+00 -2.50000000000000000e+00  1.65000000000000013e+00 -1.00000000000000006e-01  1.60000000000000009e+00 -8.00000000000000044e-01  2.30000000000000027e+00
 1.64728000000004210e-06  1.00001329987146373e-05 -9.14108958211257150e-04  7.72662772142070574e-04 -1.25609517473274540e-04 -1.31005344360196615e-06  5.29830657656979301e-06 -2.06347632304000346e-09  2.84451522033472838e-09  4.00000000000000000e+00 -2.50000000000000000e+00  1.65000000000000013e+00 -1.00000000000000006e-01  1.60000000000000009e+00 -8.00000000000000044e-01  2.30000000000000027e+00
 1.64828000000004218e-06  1.00001329989359517e-05 -9.14108958210313460e-04  7.72662772152358569e-04 -1.25609517474562437e-04 -1.31005344294988355e-06  5.29830657667036801e-06 -2.06347632095013288e-09  2.84451524565101826e-09  4.00000000000000000e+00 -2.50000000000000000e+00  1.65000000000000013e+00 -1.00000000000000006e-01  1.60000000000000009e+00 -8.00000000000000044e-01  2.30000000000000027e+00
 1.64928000000004225e-06  1.00001329988705388e-05 -9.14108958202708433e-04  7.72662772151248346e-04 -1.25609517474976900e-04 -1.31005344304954354e-06  5.29830657525814894e-06 -2.06347635932571453e-09  2.84451532134622885e-09  4.00000000000000000e+00 -2.50000000000000000e+00  1.65000000000000013e+00 -1.00000000000000006e-01  1.60000000000000009e+00 -8.00000000000000044e-01  2.30000000000000027e+00
 1.65028000000004233e-06  1.00001329989004272e-05 -9.14108958200458388e-04  7.72662772155319200e-04 -1.25609517473822252e-04 -1.31005344280997827e-06  5.29830657627342465e-06 -2.06347635886241646e-09  2.84451524991795914e-09  4.00000000000000000e+00 -2.50000000000000000e+00  1.65000000000000013e+00 -1.00000000000000006e-01  1.60000000000000009e+00 -8.00000000000000044e-01  2.30000000000000027e+00
 1.65128000000004240e-06  1.00001329988869272e-05 -9.14108958186969178e-04  7.72662772138221765e-04 -1.25609517473541010e-04 -1.31005344308163593e-06  5.29830657600650848e-06 -2.06347633654990682e-09  2.84451526904583914e-09  4.00000000000000000e+00 -2.50000000000000000e+00  1.65000000000000013e+00 -1.00000000000000006e-01  1.60000000000000009e+00 -8.00000000000000044e-01  2.30000000000000027e+00
 1.65228000000004248e-06  1.00001329991185975e-05 -9.14108958191495180e-04  7.72662772150582212e-04 -1.25609517473037696e-04 -1.31005344288448456e-06  5.29830657608383920e-06 -2.06347634659249654e-09  2.84451527721330429e-09  4.00000000000000000e+00 -2.50000000000000000e+00  1.65000000000000013e+00 -1.00000000000000006e-01  1.60000000000000009e+00 -8.00000000000000044e-01  2.30000000000000027e+00
 1.65328000000004256e-06  1.00001329991939427e-05 -9.14108958199433275e-04  7.72662772150212174e-04 -1.25609517471942300e-04 -1.31005344269401184e-06  5.29830657587335913e-06 -2.06347635541735231e-09  2.84451528066786819e-09  4.00000000000000000e+00 -2.50000000000000000e+00  1.65000000000000013e+00 -1.00000000000000006e-01  1.60000000000000009e+00 -8.00000000000000044e-01  2.30000000000000027e+00
 1.65428000000004263e-06  1.00001329989473681e-05 -9.14108958177395348e-04  7.72662772123344777e-04 -1.25609517471054094e-04 -1.31005344296801154e-06  5.29830657573562226e-06 -2.06347634825223444e-09  2.84451525922677348e-09  4.00000000000000000e+00 -2.50000000000000000e+00  1.65000000000000013e+00 -1.00000000000000006e-01  1.60000000000000009e+00 -8.00000000000000044e-01  2.30000000000000027e+00
 1.65528000000004271e-06  1.00001329990017374e-05 -9.14108958199348165e-04  7.72662772149620091e-04 -1.25609517470772852e-04 -1.31005344316030559e-06  5.29830657692417720e-06 -2.06347632926385928e-09  2.84451523218272622e-09  4.00000000000000000e+00 -2.50000000000000000e+00  1.65000000000000013e+00 -1.00000000000000006e-01  1.60000000000000009e+00 -8.00000000000000044e-01  2.30000000000000027e+00
 1.65628000000004278e-06  1.00001329993625345e-05 -9.14108958211923284e-04  7.72662772140220167e-04 -1.25609517472534383e-04 -1.31005344352052097e-06  5.29830657696226403e-06 -2.06347632039722427e-09  2.84451525346364981e-09  4.00000000000000000e+00 -2.50000000000000000e+00  1.65000000000000013e+00 -1.00000000000000006e-01  1.60000000000000009e+00 -8.00000000000000044e-01  2.30000000000000027e+00
 1.65728000000004286e-06  1.00001329993897361e-05 -9.14108958192105803e-04  7.72662772137555631e-04 -1.25609517474592009e-04 -1.31005344315692297e-06  5.29830657612701416e-06 -2.06347633343369908e-09  2.84451529264040593e-09  4.00000000000000000e+00 -2.50000000000000000e+00  1.65000000000000013e+00 -1.00000000000000006e-01  1.60000000000000009e+00 -8.00000000000000044e-01  2.30000000000000027e+00
 1.65828000000004293e-06  1.00001329993597901e-05 -9.14108958194548293e-04  7.72662772158575818e-04 -1.25609517474562410e-04 -1.31005344304425255e-06  5.29830657578357703e-06 -2.06347634828550447e-09  2.84451527063530887e-09  4.00000000000000000e+00 -2.50000000000000000e+00  1.65000000000000013e+00 -1.00000000000000006e-01  1.60000000000000009e+00 -8.00000000000000044e-01  2.30000000000000027e+00
 1.65928000000004301e-06  1.00001329991137202e-05 -9.14108958176340636e-04  7.72662772128895892e-04 -1.25609517474236743e-04 -1.31005344251238638e-06  5.29830657521161972e-06 -2.06347636864555808e-09  2.84451529750026781e-09  4.00000000000000000e+00 -2.50000000000000000e+00  1.65000000000000013e+00 -1.00000000000000006e-01  1.60000000000000009e+00 -8.00000000000000044e-01  2.30000000000000027e+00
 1.66028000000004308e-06  1.00001329988799239e-05 -9.14108958182028686e-04  7.72662772125047082e-04 -1.25609517472919274e-04 -1.31005344278664612e-06  5.29830657557340613e-06 -2.06347634715956731e-09  2.84451527086907425e-09  4.00000000000000000e+00 -2.50000000000000000e+00  1.65000000000000013e+00 -1.00000000000000006e-01  1.60000000000000009e+00 -8.00000000000000044e-01  2.30000000000000027e+00
 1.66128000000004316e-06  1.00001329988130710e-05 -9.14108958170956054e-04  7.72662772137555631e-04 -1.25609517471290965e-04 -1.31005344295213878e-06  5.29830657624073511e-06 -2.06347635655495147e-09  2.84451526666859981e-09  4.00000000000000000e+00 -2.50000000000000000e+00  1.65000000000000013e+00 -1.00000000000000006e-01  1.60000000000000009e+00 -8.00000000000000044e-01  2.30000000000000027e+00
 1.66228000000004323e-06  1.00001329990466132e-05 -9.14108958183168507e-04  7.72662772128599796e-04 -1.25609517470565607e-04 -1.31005344288639272e-06  5.29830657630341639e-06 -2.06347634693409649e-09  2.84451526834239192e-09  4.00000000000000000e+00 -2.50000000000000000e+00  1.65000000000000013e+00 -1.00000000000000006e-01  1.60000000000000009e+00 -8.00000000000000044e-01  2.30000000000000027e+00
 1.66328000000004331e-06  1.00001329993077111e-05 -9.14108958184334242e-04  7.72662772139257937e-04 -1.25609517471364989e-04 -1.31005344358184340e-06  5.29830657675644858e-06 -2.06347632237170067e-09  2.84451523734412024e-09  4.00000000000000000e+00 -2.50000000000000000e+00  1.65000000000000013e+00 -1.00000000000000006e-01  1.60000000000000009e+00 -8.00000000000000044e-01  2.30000000000000027e+00
 1.66428000000004338e-06  1.00001329995555987e-05 -9.14108958203208033e-04  7.72662772155023104e-04 -1.25609517471379762e-04 -1.31005344275784975e-06  5.29830657640484012e-06 -2.06347633207559259e-09  2.84451525105675854e-09  4.00000000000000000e+00 -2.50000000000000000e+00  1.65000000000000013e+00 -1.00000000000000006e-01  1.60000000000000009e+00 -8.00000000000000044e-01  2.30000000000000027e+00
 1.66528000000004346e-06  1.00001329994397974e-05 -9.14108958173787123e-04  7.72662772139924071e-04 -1.25609517472889676e-04 -1.31005344335823750e-06  5.29830657555019912e-06 -2.06347633436016784e-09  2.84451528992970694e-09  4.00000000000000000e+00 -2.50000000000000000e+00  1.65000000000000013e+00 -1.00000000000000006e-01  1.60000000000000009e+00 -8.00000000000000044e-01  2.30000000000000027e+00
 1.66628000000004353e-06  1.00001329992034939e-05 -9.14108958200876565e-04  7.72662772139109943e-04 -1.25609517473333765e-04 -1.31005344296861865e-06  5.29830657579379309e-06 -2.06347636732594734e-09  2.84451528180514475e-09  4.00000000000000000e+00 -2.50000000000000000e+00  1.65000000000000013e+00 -1.00000000000000006e-01  1.60000000000000009e+00 -8.00000000000000044e-01  2.30000000000000027e+00
 1.66728000000004361e-06  1.00001329990131537e-05 -9.14108958200099408e-04  7.72662772141774479e-04 -1.25609517472356763e-04 -1.31005344324721520e-06  5.29830657702883913e-06 -2.06347633189182573e-09  2.84451525501246362e-09  4.00000000000000000e+00 -2.50000000000000000e+00  1.65000000000000013e+00 -1.00000000000000006e-01  1.60000000000000009e+00 -8.00000000000000044e-01  2.30000000000000027e+00
 1.66828000000004368e-06  1.00001329993658633e-05 -9.14108958215642531e-04  7.72662772133114739e-04 -1.25609517473363391e-04 -1.31005344296081240e-06  5.29830657664280556e-06 -2.06347632647329021e-09  2.84451523757879345e-09  4.00000000000000000e+00 -2.50000000000000000e+00  1.65000000000000013e+00 -1.00000000000000006e-01  1.60000000000000009e+00 -8.00000000000000044e-01  2.30000000000000027e+00
 1.66928000000004376e-06  1.00001329994284929e-05 -9.14108958214117817e-04  7.72662772158575818e-04 -1.25609517473896276e-04 -1.31005344316897921e-06  5.29830657656296931e-06 -2.06347632705297962e-09  2.84451523791700403e-09  4.00000000000000000e+00 -2.50000000000000000e+00  1.65000000000000013e+00 -1.00000000000000006e-01  1.60000000000000009e+00 -8.00000000000000044e-01  2.30000000000000027e+00
 1.67028000000004383e-06  1.00001329994679833e-05 -9.14108958203652122e-04  7.72662772154134926e-04 -1.25609517473999899e-04 -1.31005344299550686e-06  5.29830657554272067e-06 -2.06347635249064999e-09  2.84451531109912121e-09  4.00000000000000000e+00 -2.50000000000000000e+00  1.65000000000000013e+00 -1.00000000000000006e-01  1.60000000000000009e+00 -8.00000000000000044e-01  2.30000000000000027e+00
 1.67128000000004391e-06  1.00001329993466933e-05 -9.14108958192549892e-04  7.72662772157983735e-04 -1.25609517473763055e-04 -1.31005344278734005e-06  5.29830657583827926e-06 -2.06347635794570637e-09  2.84451525872187525e-09  4.00000000000000000e+00 -2.50000000000000000e+00  1.65000000000000013e+00 -1.00000000000000006e-01  1.60000000000000009e+00 -8.00000000000000044e-01  2.30000000000000027e+00
 1.67228000000004398e-06  1.00001329992679954e-05 -9.14108958196491184e-04  7.72662772139924071e-04 -1.25609517473304166e-04 -1.31005344297642491e-06  5.29830657585138625e-06 -2.06347634678835636e-09  2.84451528088880689e-09  4.00000000000000000e+00 -2.50000000000000000e+00  1.65000000000000013e+00 -1.00000000000000006e-01  1.60000000000000009e+00 -8.00000000000000044e-01  2.30000000000000027e+00
 1.67328000000004406e-06  1.00001329990519411e-05 -9.14108958210838973e-04  7.72662772141774479e-04 -1.25609517473496585e-04 -1.31005344326438900e-06  5.29830657636274343e-06 -2.06347633781077616e-09  2.84451527256687734e-09  4.00000000000000000e+00 -2.50000000000000000e+00  1.65000000000000013e+00 -1.00000000000000006e-01  1.60000000000000009e+00 -8.00000000000000044e-01  2.30000000000000027e+00
 1.67428000000004413e-06  1.00001329992672534e-05 -9.14108958219805867e-04  7.72662772135187192e-04 -1.25609517473022924e-04 -1.31005344317531100e-06  5.29830657698628080e-06 -2.06347633493869175e-09  2.84451521933722797e-09  4.00000000000000000e+00 -2.50000000000000000e+00  1.65000000000000013e+00 -1.00000000000000006e-01  1.60000000000000009e+00 -8.00000000000000044e-01  2.30000000000000027e+00
 1.67528000000004421e-06  1.00001329991965092e-05 -9.14108958194326249e-04  7.72662772147251543e-04 -1.25609517474384763e-04 -1.31005344322657195e-06  5.29830657639805539e-06 -2.06347631490344136e-09  2.84451527731849230e-09  4.00000000000000000e+00 -2.50000000000000000e+00  1.65000000000000013e+00 -1.00000000000000006e-01  1.60000000000000009e+00 -8.00000000000000044e-01  2.30000000000000027e+00
 1.67628000000004428e-06  1.00001329993505744e-05 -9.14108958212866973e-04  7.72662772144661059e-04 -1.25609517474769655e-04 -1.31005344297573097e-06  5.29830657621598650e-06 -2.06347635099438987e-09  2.84451526589058144e-09  4.00000000000000000e+00 -2.50000000000000000e+00  1.65000000000000013e+00 -1.00000000000000006e-01  1.60000000000000009e+00 -8.00000000000000044e-01  2.30000000000000027e+00
 1.67728000000004436e-06  1.00001329995319478e-05 -9.14108958201209632e-04  7.72662772148879906e-04 -1.25609517474917676e-04 -1.31005344273963515e-06  5.29830657537503102e-06 -2.06347635127728150e-09  2.84451528991720038e-09  4.00000000000000000e+00 -2.50000000000000000e+00  1.65000000000000013e+00 -1.00000000000000006e-01  1.60000000000000009e+00 -8.00000000000000044e-01  2.30000000000000027e+00
 1.67828000000004443e-06  1.00001329986918030e-05 -9.14108958203374566e-04  7.72662772141478383e-04 -1.25609517474577209e-04 -1.31005344320740338e-06  5.29830657563697426e-06 -2.06347634949048866e-09  2.84451527293042943e-09  4.00000000000000000e+00 -2.50000000000000000e+00  1.65000000000000013e+00 -1.00000000000000006e-01  1.60000000000000009e+00 -8.00000000000000044e-01  2.30000000000000027e+00
 1.67928000000004451e-06  1.00001329984002966e-05 -9.14108958208289146e-04  7.72662772142810651e-04 -1.25609517472786053e-04 -1.31005344271829797e-06  5.29830657620230099e-06 -2.06347635034201651e-09  2.84451526120685030e-09  4.00000000000000000e+00 -2.50000000000000000e+00  1.65000000000000013e+00 -1.00000000000000006e-01  1.60000000000000009e+00 -8.00000000000000044e-01  2.30000000000000027e+00
 1.68028000000004458e-06  1.00001329987173952e-05 -9.14108958204040700e-04  7.72662772144364963e-04 -1.25609517472934074e-04 -1.31005344317609154e-06  5.29830657623256209e-06 -2.06347632796708575e-09  2.84451525436278190e-09  4.00000000000000000e+00 -2.50000000000000000e+00  1.65000000000000013e+00 -1.00000000000000006e-01  1.60000000000000009e+00 -8.00000000000000044e-01  2.30000000000000027e+00
 1.68128000000004466e-06  1.00001329993061627e-05 -9.14108958201350253e-04  7.72662772154356970e-04 -1.25609517473511411e-04 -1.31005344311815173e-06  5.29830657582891193e-06 -2.06347635204044950e-09  2.84451528352161070e-09  4.00000000000000000e+00 -2.50000000000000000e+00  1.65000000000000013e+00 -1.00000000000000006e-01  1.60000000000000009e+00 -8.00000000000000044e-01  2.30000000000000027e+00
 1.68228000000004473e-06  1.00001329990792392e-05 -9.14108958200517585e-04  7.72662772150212174e-04 -1.25609517472800852e-04 -1.31005344279080949e-06  5.29830657616078367e-06 -2.06347635140947902e-09  2.84451527499359903e-09  4.00000000000000000e+00 -2.50000000000000000e+00  1.65000000000000013e+00 -1.00000000000000006e-01  1.60000000000000009e+00 -8.00000000000000044e-01  2.30000000000000027e+00
 1.68328000000004481e-06  1.00001329987678835e-05 -9.14108958181196018e-04  7.72662772155985333e-04 -1.25609517472830478e-04 -1.31005344288049461e-06  5.29830657588619592e-06 -2.06347634280987032e-09  2.84451528238693314e-09  4.00000000000000000e+00 -2.50000000000000000e+00  1.65000000000000013e+00 -1.00000000000000006e-01  1.60000000000000009e+00 -8.00000000000000044e-01  2.30000000000000027e+00
 1.68428000000004488e-06  1.00001329988178025e-05 -9.14108958182724418e-04  7.72662772151470390e-04 -1.25609517472667631e-04 -1.31005344310835071e-06  5.29830657592567019e-06 -2.06347634681769481e-09  2.84451526707147441e-09  4.00000000000000000e+00 -2.50000000000000000e+00  1.65000000000000013e+00 -1.00000000000000006e-01  1.60000000000000009e+00 -8.00000000000000044e-01  2.30000000000000027e+00
 1.68528000000004496e-06  1.00001329990094708e-05 -9.14108958196324650e-04  7.72662772152136524e-04 -1.25609517472667631e-04 -1.31005344311962641e-06  5.29830657644867069e-06 -2.06347633410532755e-09  2.84451526457422482e-09  4.00000000000000000e+00 -2.50000000000000000e+00  1.65000000000000013e+00 -1.00000000000000006e-01  1.60000000000000009e+00 -8.00000000000000044e-01  2.30000000000000027e+00
 1.68628000000004503e-06  1.00001329990947230e-05 -9.14108958203374566e-04  7.72662772147325594e-04 -1.25609517472623206e-04 -1.31005344307738573e-06  5.29830657640865600e-06 -2.06347634865150790e-09  2.84451525194803077e-09  4.00000000000000000e+00 -2.50000000000000000e+00  1.65000000000000013e+00 -1.00000000000000006e-01  1.60000000000000009e+00 -8.00000000000000044e-01  2.30000000000000027e+00
 1.68728000000004511e-06  1.00001329994386590e-05 -9.14108958207926481e-04  7.72662772155615295e-04 -1.25609517472741655e-04 -1.31005344309291163e-06  5.29830657672815344e-06 -2.06347632832112981e-09  2.84451523946130143e-09  4.00000000000000000e+00 -2.50000000000000000e+00  1.65000000000000013e+00 -1.00000000000000006e-01  1.60000000000000009e+00 -8.00000000000000044e-01  2.30000000000000027e+00
 1.68828000000004518e-06  1.00001329991650911e-05 -9.14108958210313460e-04  7.72662772155023104e-04 -1.25609517473037724e-04 -1.31005344286375470e-06  5.29830657607292941e-06 -2.06347634131433439e-09  2.84451528814552427e-09  4.00000000000000000e+00 -2.50000000000000000e+00  1.65000000000000013e+00 -1.00000000000000006e-01  1.60000000000000009e+00 -8.00000000000000044e-01  2.30000000000000027e+00
 1.68928000000004526e-06  1.00001329989603412e-05 -9.14108958196017496e-04  7.72662772155319200e-04 -1.25609517474621607e-04 -1.31005344330810395e-06  5.29830657569125128e-06 -2.06347633568696719e-09  2.84451528539051197e-09  4.00000000000000000e+00 -2.50000000000000000e+00  1.65000000000000013e+00 -1.00000000000000006e-01  1.60000000000000009e+00 -8.00000000000000044e-01  2.30000000000000027e+00
 1.69028000000004533e-06  1.00001329988933443e-05 -9.14108958208093014e-04  7.72662772130154108e-04 -1.25609517475169319e-04 -1.31005344307478364e-06  5.29830657628915321e-06 -2.06347636046123954e-09  2.84451526724821271e-09  4.00000000000000000e+00 -2.50000000000000000e+00  1.65000000000000013e+00 -1.00000000000000006e-01  1.60000000000000009e+00 -8.00000000000000044e-01  2.30000000000000027e+00
 1.69128000000004541e-06  1.00001329987462316e-05 -9.14108958207426880e-04  7.72662772155319200e-04 -1.25609517473689031e-04 -1.31005344258723974e-06  5.29830657587559445e-06 -2.06347634842502171e-09  2.84451526709587086e-09  4.00000000000000000e+00 -2.50000000000000000e+00  1.65000000000000013e+00 -1.00000000000000006e-01  1.60000000000000009e+00 -8.00000000000000044e-01  2.30000000000000027e+00
 1.69228000000004549e-06  1.00001329990444380e-05 -9.14108958200321453e-04  7.72662772139554033e-04 -1.25609517472934101e-04 -1.31005344322024038e-06  5.29830657630037046e-06 -2.06347633267393121e-09  2.84451525810458800e-09  4.00000000000000000e+00 -2.50000000000000000e+00  1.65000000000000013e+00 -1.00000000000000006e-01  1.60000000000000009e+00 -8.00000000000000044e-01  2.30000000000000027e+00
 1.69328000000004556e-06  1.00001329989519742e-05 -9.14108958205680122e-04  7.72662772136297415e-04 -1.25609517473259768e-04 -1.31005344309282481e-06  5.29830657604328495e-06 -2.06347634656325818e-09  2.84451527426482809e-09  4.00000000000000000e+00 -2.50000000000000000e+00  1.65000000000000013e+00 -1.00000000000000006e-01  1.60000000000000009e+00 -8.00000000000000044e-01  2.30000000000000027e+00
 1.69428000000004564e-06  1.00001329988880978e-05 -9.14108958199655319e-04  7.72662772140442211e-04 -1.25609517473082095e-04 -1.31005344298770061e-06  5.29830657580624448e-06 -2.06347634837296269e-09  2.84451526741659277e-09  4.00000000000000000e+00 -2.50000000000000000e+00  1.65000000000000013e+00 -1.00000000000000006e-01  1.60000000000000009e+00 -8.00000000000000044e-01  2.30000000000000027e+00
 1.69528000000004571e-06  1.00001329988198879e-05 -9.14108958200710031e-04  7.72662772136963548e-04 -1.25609517472786080e-04 -1.31005344301285410e-06  5.29830657652889148e-06 -2.06347632976014242e-09  2.84451525712447410e-09  4.00000000000000000e+00 -2.50000000000000000e+00  1.65000000000000013e+00 -1.00000000000000006e-01  1.60000000000000009e+00 -8.00000000000000044e-01  2.30000000000000027e+00
 1.69628000000004579e-06  1.00001329989652100e-05 -9.14108958207482392e-04  7.72662772144364963e-04 -1.25609517473452187e-04 -1.31005344321243412e-06  5.29830657631636922e-06 -2.06347633786203696e-09  2.84451527204567167e-09  4.00000000000000000e+00 -2.50000000000000000e+00  1.65000000000000013e+00 -1.00000000000000006e-01  1.60000000000000009e+00 -8.00000000000000044e-01  2.30000000000000027e+00
 1.69728000000004586e-06  1.00001329990492814e-05 -9.14108958200210431e-04  7.72662772140146115e-04 -1.25609517473748255e-04 -1.31005344294806222e-06  5.29830657606811064e-06 -2.06347634974690183e-09  2.84451524811483486e-09  4.00000000000000000e+00 -2.50000000000000000e+00  1.65000000000000013e+00 -1.00000000000000006e-01  1.60000000000000009e+00 -8.00000000000000044e-01  2.30000000000000027e+00
 1.69828000000004594e-06  1.00001329991130392e-05 -9.14108958202597410e-04  7.72662772141108345e-04 -1.25609517472889676e-04 -1.31005344281336090e-06  5.29830657611776202e-06 -2.06347634580797197e-09  2.84451527420945993e-09  4.00000000000000000e+00 -2.50000000000000000e+00  1.65000000000000013e+00 -1.00000000000000006e-01  1.60000000000000009e+00 -8.00000000000000044e-01  2.30000000000000027e+00
 1.69928000000004601e-06  1.00001329991406542e-05 -9.14108958194992383e-04  7.72662772142810651e-04 -1.25609517471320564e-04 -1.31005344282142741e-06  5.29830657588793064e-06 -2.06347635313589099e-09  2.84451526934937554e-09  4.00000000000000000e+00 -2.50000000000000000e+00  1.65000000000000013e+00 -1.00000000000000006e-01  1.60000000000000009e+00 -8.00000000000000044e-01  2.30000000000000027e+00
 1.70028000000004609e-06  1.00001329990511127e-05 -9.14108958214310263e-04  7.72662772129265930e-04 -1.25609517472341964e-04 -1.31005344356120015e-06  5.29830657658864373e-06 -2.06347632115733335e-09  2.84451527096711997e-09  4.00000000000000000e+00 -2.50000000000000000e+00  1.65000000000000013e+00 -1.00000000000000006e-01  1.60000000000000009e+00 -8.00000000000000044e-01  2.30000000000000027e+00
 1.70128000000004616e-06  1.00001329990194675e-05 -9.14108958208981193e-04  7.72662772146363364e-04 -1.25609517473348564e-04 -1.31005344305301299e-06  5.29830657630237539e-06 -2.06347633871228929e-09  2.84451524578062713e-09  4.00000000000000000e+00 -2.50000000000000000e+00  1.65000000000000013e+00 -1.00000000000000006e-01  1.60000000000000009e+00 -8.00000000000000044e-01  2.30000000000000027e+00
 1.70228000000004624e-06  1.00001329990939556e-05 -9.14108958196990784e-04  7.72662772143402842e-04 -1.25609517473215343e-04 -1.31005344270615490e-06  5.29830657642966581e-06 -2.06347633670600325e-09  2.84451525488880756e-09  4.00000000000000000e+00 -2.50000000000000000e+00  1.65000000000000013e+00 -1.00000000000000006e-01  1.60000000000000009e+00 -8.00000000000000044e-01  2.30000000000000027e+00
 1.70328000000004631e-06  1.00001329991026140e-05 -9.14108958194296650e-04  7.72662772146363364e-04 -1.25609517473866677e-04 -1.31005344344159105e-06  5.29830657587324309e-06 -2.06347633355204919e-09  2.84451529966509253e-09  4.00000000000000000e+00 -2.50000000000000000e+00  1.65000000000000013e+00 -1.00000000000000006e-01  1.60000000000000009e+00 -8.00000000000000044e-01  2.30000000000000027e+00
 1.70428000000004639e-06  1.00001329988403539e-05 -9.14108958194770338e-04  7.72662772143772880e-04 -1.25609517473526211e-04 -1.31005344281891193e-06  5.29830657572968540e-06 -2.06347637461917564e-09  2.84451527378466464e-09  4.00000000000000000e+00 -2.50000000000000000e+00  1.65000000000000013e+00 -1.00000000000000006e-01  1.60000000000000009e+00 -8.00000000000000044e-01  2.30000000000000027e+00
 1.70528000000004646e-06  1.00001329992504568e-05 -9.14108958206538702e-04  7.72662772143994925e-04 -1.25609517471838650e-04 -1.31005344281622324e-06  5.29830657614848645e-06 -2.06347635589680687e-09  2.84451527066380442e-09  4.00000000000000000e+00 -2.50000000000000000e+00  1.65000000000000013e+00 -1.00000000000000006e-01  1.60000000000000009e+00 -8.00000000000000044e-01  2.30000000000000027e+00
 1.70628000000004654e-06  1.00001329996232326e-05 -9.14108958210313460e-04  7.72662772150804257e-04 -1.25609517471468612e-04 -1.31005344312231511e-06  5.29830657675814519e-06 -2.06347631900618813e-09  2.84451522421506200e-09  4.00000000000000000e+00 -2.50000000000000000e+00  1.65000000000000013e+00 -1.00000000000000006e-01  1.60000000000000009e+00 -8.00000000000000044e-01  2.30000000000000027e+00
 1.70728000000004661e-06  1.00001329997599251e-05 -9.14108958208259548e-04  7.72662772140812249e-04 -1.25609517473008098e-04 -1.31005344338174309e-06  5.29830657606757108e-06 -2.06347634128758089e-09  2.84451530208653597e-09  4.00000000000000000e+00 -2.50000000000000000e+00  1.65000000000000013e+00 -1.00000000000000006e-01  1.60000000000000009e+00 -8.00000000000000044e-01  2.30000000000000027e+00
 1.70828000000004669e-06  1.00001329996188128e-05 -9.14108958209147726e-04  7.72662772152432620e-04 -1.25609517474769655e-04 -1.31005344347628552e-06  5.29830657706179887e-06 -2.06347632737536334e-09  2.84451524694084802e-09  4.00000000000000000e+00 -2.50000000000000000e+00  1.65000000000000013e+00 -1.00000000000000006e-01  1.60000000000000009e+00 -8.00000000000000044e-01  2.30000000000000027e+00
 1.70928000000004676e-06  1.00001329990526305e-05 -9.14108958213866174e-04  7.72662772159760092e-04 -1.25609517475361765e-04 -1.31005344257318852e-06  5.29830657571619302e-06 -2.06347633253690378e-09  2.84451527193907704e-09  4.00000000000000000e+00 -2.50000000000000000e+00  1.65000000000000013e+00 -1.00000000000000006e-01  1.60000000000000009e+00 -8.00000000000000044e-01  2.30000000000000027e+00
 1.71028000000004684e-06  1.00001329988211026e-05 -9.14108958205176836e-04  7.72662772154356970e-04 -1.25609517474917649e-04 -1.31005344313359081e-06  5.29830657596479803e-06 -2.06347635129068472e-09  2.84451525931149580e-09  4.00000000000000000e+00 -2.50000000000000000e+00  1.65000000000000013e+00 -1.00000000000000006e-01  1.60000000000000009e+00 -8.00000000000000044e-01  2.30000000000000027e+00
 1.71128000000004691e-06  1.00001329987047897e-05 -9.14108958206231548e-04  7.72662772149620091e-04 -1.25609517472919274e-04 -1.31005344258099477e-06  5.29830657609247385e-06 -2.06347635876575586e-09  2.84451525824254766e-09  4.00000000000000000e+00 -2.50000000000000000e+00  1.65000000000000013e+00 -1.00000000000000006e-01  1.60000000000000009e+00 -8.00000000000000044e-01  2.30000000000000027e+00
 1.71228000000004699e-06  1.00001329990657477e-05 -9.14108958189330245e-04  7.72662772139628084e-04 -1.25609517472090348e-04 -1.31005344298076171e-06  5.29830657624015659e-06 -2.06347633927422576e-09  2.84451529798085602e-09  4.00000000000000000e+00 -2.50000000000000000e+00  1.65000000000000013e+00 -1.00000000000000006e-01  1.60000000000000009e+00 -8.00000000000000044e-01  2.30000000000000027e+00
 1.71328000000004706e-06  1.00001329995003823e-05 -9.14108958180367037e-04  7.72662772154134926e-04 -1.25609517473215316e-04 -1.31005344324443968e-06  5.29830657580705424e-06 -2.06347634725242867e-09  2.84451525423257540e-09  4.00000000000000000e+00 -2.50000000000000000e+00  1.65000000000000013e+00 -1.00000000000000006e-01  1.60000000000000009e+00 -8.00000000000000044e-01  2.30000000000000027e+00
 1.71428000000004714e-06  1.00001329996782270e-05 -9.14108958202571498e-04  7.72662772144661059e-04 -1.25609517472845278e-04 -1.31005344281362115e-06  5.29830657620785244e-06 -2.06347635294010354e-09  2.84451528071619663e-09  4.00000000000000000e+00 -2.50000000000000000e+00  1.65000000000000013e+00 -1.00000000000000006e-01  1.60000000000000009e+00 -8.00000000000000044e-01  2.30000000000000027e+00
 1.71528000000004721e-06  1.00001329996563143e-05 -9.14108958194548293e-04  7.72662772132448605e-04 -1.25609517471942273e-04 -1.31005344299403239e-06  5.29830657586433823e-06 -2.06347635424557157e-09  2.84451526565026975e-09  4.00000000000000000e+00 -2.50000000000000000e+00  1.65000000000000013e+00 -1.00000000000000006e-01  1.60000000000000009e+00 -8.00000000000000044e-01  2.30000000000000027e+00
 1.71628000000004729e-06  1.00001329993693802e-05 -9.14108958203263544e-04  7.72662772149101951e-04 -1.25609517473511384e-04 -1.31005344367300320e-06  5.29830657659789502e-06 -2.06347631229351158e-09  2.84451528380276443e-09  4.00000000000000000e+00 -2.50000000000000000e+00  1.65000000000000013e+00 -1.00000000000000006e-01  1.60000000000000009e+00 -8.00000000000000044e-01  2.30000000000000027e+00
 1.71728000000004736e-06  1.00001329993994888e-05 -9.14108958204791944e-04  7.72662772146067377e-04 -1.25609517474636434e-04 -1.31005344308840139e-06  5.29830657661397001e-06 -2.06347634538728446e-09  2.84451523407475711e-09  4.00000000000000000e+00 -2.50000000000000000e+00  1.65000000000000013e+00 -1.00000000000000006e-01  1.60000000000000009e+00 -8.00000000000000044e-01  2.30000000000000027e+00
 1.71828000000004744e-06  1.00001329991927569e-05 -9.14108958222888579e-04  7.72662772144957154e-04 -1.25609517474666005e-04 -1.31005344280234545e-06  5.29830657641817750e-06 -2.06347633743525643e-09  2.84451526361803712e-09  4.00000000000000000e+00 -2.50000000000000000e+00  1.65000000000000013e+00 -1.00000000000000006e-01  1.60000000000000009e+00 -8.00000000000000044e-01  2.30000000000000027e+00
 1.71928000000004751e-06  1.00001329992729404e-05 -9.14108958217751955e-04  7.72662772159241952e-04 -1.25609517474710431e-04 -1.31005344304780882e-06  5.29830657615095301e-06 -2.06347632557302571e-09  2.84451525844137665e-09  4.00000000000000000e+00 -2.50000000000000000e+00  1.65000000000000013e+00 -1.00000000000000006e-01  1.60000000000000009e+00 -8.00000000000000044e-01  2.30000000000000027e+00
 1.72028000000004759e-06  1.00001329991817963e-05 -9.14108958203126609e-04  7.72662772140220167e-04 -1.25609517474828853e-04 -1.31005344301831852e-06  5.29830657599621618e-06 -2.06347635754291449e-09  2.84451530361789130e-09  4.00000000000000000e+00 -2.50000000000000000e+00  1.65000000000000013e+00 -1.00000000000000006e-01  1.60000000000000009e+00 -8.00000000000000044e-01  2.30000000000000027e+00
 1.72128000000004766e-06  1.00001329989554420e-05 -9.14108958192579491e-04  7.72662772153320798e-04 -1.25609517473304166e-04 -1.31005344251698344e-06  5.29830657519022452e-06 -2.06347637269350910e-09  2.84451531198557593e-09  4.00000000000000000e+00 -2.50000000000000000e+00  1.65000000000000013e+00 -1.00000000000000006e-01  1.60000000000000009e+00 -8.00000000000000044e-01  2.30000000000000027e+00
 1.72228000000004774e-06  1.00001329986372557e-05 -9.14108958183224019e-04  7.72662772136297415e-04 -1.25609517473096921e-04 -1.31005344292117401e-06  5.29830657548219847e-06 -2.06347635027861932e-09  2.84451525838507874e-09  4.00000000000000000e+00 -2.50000000000000000e+00  1.65000000000000013e+00 -1.00000000000000006e-01  1.60000000000000009e+00 -8.00000000000000044e-01  2.30000000000000027e+00
 1.72328000000004781e-06  1.00001329986218194e-05 -9.14108958177173303e-04  7.72662772125047082e-04 -1.25609517471823851e-04 -1.31005344296436866e-06  5.29830657607805650e-06 -2.06347635204986654e-09  2.84451527199006941e-09  4.00000000000000000e+00 -2.50000000000000000e+00  1.65000000000000013e+00 -1.00000000000000006e-01  1.60000000000000009e+00 -8.00000000000000044e-01  2.30000000000000027e+00
 1.72428000000004789e-06  1.00001329985213071e-05 -9.14108958189026777e-04  7.72662772126305407e-04 -1.25609517470387988e-04 -1.31005344273304312e-06  5.29830657656401032e-06 -2.06347634450056669e-09  2.84451524734629267e-09  4.00000000000000000e+00 -2.50000000000000000e+00  1.65000000000000013e+00 -1.00000000000000006e-01  1.60000000000000009e+00 -8.00000000000000044e-01  2.30000000000000027e+00
 1.72528000000004796e-06  1.00001329988501185e-05 -9.14108958200073496e-04  7.72662772143106746e-04 -1.25609517472356763e-04 -1.31005344382669966e-06  5.29830657714575932e-06 -2.06347629708503915e-09  2.84451524278657659e-09  4.00000000000000000e+00 -2.50000000000000000e+00  1.65000000000000013e+00 -1.00000000000000006e-01  1.60000000000000009e+00 -8.00000000000000044e-01  2.30000000000000027e+00
 1.72628000000004804e-06  1.00001329992262892e-05 -9.14108958205458078e-04  7.72662772138517861e-04 -1.25609517474088695e-04 -1.31005344308501855e-06  5.29830657626567599e-06 -2.06347634903673170e-09  2.84451530176583515e-09  4.00000000000000000e+00 -2.50000000000000000e+00  1.65000000000000013e+00 -1.00000000000000006e-01  1.60000000000000009e+00 -8.00000000000000044e-01  2.30000000000000027e+00
 1.72728000000004811e-06  1.00001329996252909e-05 -9.14108958211453282e-04  7.72662772143106746e-04 -1.25609517474295940e-04 -1.31005344297130756e-06  5.29830657630515112e-06 -2.06347634571041181e-09  2.84451522856987427e-09  4.00000000000000000e+00 -2.50000000000000000e+00  1.65000000000000013e+00 -1.00000000000000006e-01  1.60000000000000009e+00 -8.00000000000000044e-01  2.30000000000000027e+00
 1.72828000000004819e-06  1.00001329991968396e-05 -9.14108958191469268e-04  7.72662772147251543e-04 -1.25609517474133120e-04 -1.31005344316932607e-06  5.29830657604394056e-06 -2.06347632733792804e-09  2.84451526273564510e-09  4.00000000000000000e+00 -2.50000000000000000e+00  1.65000000000000013e+00 -1.00000000000000006e-01  1.60000000000000009e+00 -8.00000000000000044e-01  2.30000000000000027e+00
 1.72928000000004826e-06  1.00001329990077784e-05 -9.14108958209510392e-04  7.72662772139554033e-04 -1.25609517473674204e-04 -1.31005344268768027e-06  5.29830657561145400e-06 -2.06347635049287274e-09  2.84451526685878807e-09  4.00000000000000000e+00 -2.50000000000000000e+00  1.65000000000000013e+00 -1.00000000000000006e-01  1.60000000000000009e+00 -8.00000000000000044e-01  2.30000000000000027e+00
 1.73028000000004834e-06  1.00001329987585034e-05 -9.14108958197075894e-04  7.72662772126379350e-04 -1.25609517473896276e-04 -1.31005344308432462e-06  5.29830657531500941e-06 -2.06347634963361489e-09  2.84451530705867355e-09  4.00000000000000000e+00 -2.50000000000000000e+00  1.65000000000000013e+00 -1.00000000000000006e-01  1.60000000000000009e+00 -8.00000000000000044e-01  2.30000000000000027e+00
 1.73128000000004842e-06  1.00001329984479845e-05 -9.14108958202293942e-04  7.72662772140442211e-04 -1.25609517473511411e-04 -1.31005344318988271e-06  5.29830657621440594e-06 -2.06347635202882720e-09  2.84451524156296429e-09  4.00000000000000000e+00 -2.50000000000000000e+00  1.65000000000000013e+00 -1.00000000000000006e-01  1.60000000000000009e+00 -8.00000000000000044e-01  2.30000000000000027e+00
 1.73228000000004849e-06  1.00001329989064902e-05 -9.14108958191217624e-04  7.72662772147325594e-04 -1.25609517473156118e-04 -1.31005344313792762e-06  5.29830657699676623e-06 -2.06347632041346306e-09  2.84451524111032734e-09  4.00000000000000000e+00 -2.50000000000000000e+00  1.65000000000000013e+00 -1.00000000000000006e-01  1.60000000000000009e+00 -8.00000000000000044e-01  2.30000000000000027e+00
 1.73328000000004857e-06  1.00001329993906356e-05 -9.14108958205624611e-04  7.72662772154060983e-04 -1.25609517473541010e-04 -1.31005344323082215e-06  5.29830657631027821e-06 -2.06347634932618950e-09  2.84451527856680710e-09  4.00000000000000000e+00 -2.50000000000000000e+00  1.65000000000000013e+00 -1.00000000000000006e-01  1.60000000000000009e+00 -8.00000000000000044e-01  2.30000000000000027e+00
 1.73428000000004864e-06  1.00001329992501434e-05 -9.14108958211756750e-04  7.72662772163978939e-04 -1.25609517474503185e-04 -1.31005344329752218e-06  5.29830657681882154e-06 -2.06347632173434725e-09  2.84451524779502947e-09  4.00000000000000000e+00 -2.50000000000000000e+00  1.65000000000000013e+00 -1.00000000000000006e-01  1.60000000000000009e+00 -8.00000000000000044e-01  2.30000000000000027e+00
 1.73528000000004872e-06  1.00001329994145796e-05 -9.14108958213007594e-04  7.72662772164126933e-04 -1.25609517474518012e-04 -1.31005344283712653e-06  5.29830657631833519e-06 -2.06347633714712296e-09  2.84451524023920027e-09  4.00000000000000000e+00 -2.50000000000000000e+00  1.65000000000000013e+00 -1.00000000000000006e-01  1.60000000000000009e+00 -8.00000000000000044e-01  2.30000000000000027e+00
 1.73628000000004879e-06  1.00001329991514217e-05 -9.14108958192801535e-04  7.72662772161462398e-04 -1.25609517473970273e-04 -1.31005344304000256e-06  5.29830657539577062e-06 -2.06347635350662010e-09  2.84451530432922403e-09  4.00000000000000000e+00 -2.50000000000000000e+00  1.65000000000000013e+00 -1.00000000000000006e-01  1.60000000000000009e+00 -8.00000000000000044e-01  2.30000000000000027e+00
 1.73728000000004887e-06  1.00001329986459649e-05 -9.14108958220360979e-04  7.72662772154356970e-04 -1.25609517473970273e-04 -1.31005344291224014e-06  5.29830657595377305e-06 -2.06347633650637107e-09  2.84451525666203133e-09  4.00000000000000000e+00 -2.50000000000000000e+00  1.65000000000000013e+00 -1.00000000000000006e-01  1.60000000000000009e+00 -8.00000000000000044e-01  2.30000000000000027e+00
 1.73828000000004894e-06  1.00001329984619979e-05 -9.14108958205513589e-04  7.72662772145031097e-04 -1.25609517474014671e-04 -1.31005344276912545e-06  5.29830657592798344e-06 -2.06347635763732020e-09  2.84451529684126749e-09  4.00000000000000000e+00 -2.50000000000000000e+00  1.65000000000000013e+00 -1.00000000000000006e-01  1.60000000000000009e+00 -8.00000000000000044e-01  2.30000000000000027e+00
 1.73928000000004902e-06  1.00001329984340830e-05 -9.14108958199766342e-04  7.72662772144661059e-04 -1.25609517473141292e-04 -1.31005344291501565e-06  5.29830657554268255e-06 -2.06347637435142844e-09  2.84451529905716151e-09  4.00000000000000000e+00 -2.50000000000000000e+00  1.65000000000000013e+00 -1.00000000000000006e-01  1.60000000000000009e+00 -8.00000000000000044e-01  2.30000000000000027e+00
 1.74028000000004909e-06  1.00001329987822813e-05 -9.14108958206346256e-04  7.72662772130450204e-04 -1.25609517472578808e-04 -1.31005344305023747e-06  5.29830657666111587e-06 -2.06347633115794158e-09  2.84451524573395429e-09  4.00000000000000000e+00 -2.50000000000000000e+00  1.65000000000000013e+00 -1.00000000000000006e-01  1.60000000000000009e+00 -8.00000000000000044e-01  2.30000000000000027e+00
 1.74128000000004917e-06  1.00001329986068896e-05 -9.14108958194799937e-04  7.72662772140146115e-04 -1.25609517472800852e-04 -1.31005344275637528e-06  5.29830657554996788e-06 -2.06347634478710082e-09  2.84451529447037140e-09  4.00000000000000000e+00 -2.50000000000000000e+00  1.65000000000000013e+00 -1.00000000000000006e-01  1.60000000000000009e+00 -8.00000000000000044e-01  2.30000000000000027e+00
 1.74228000000004924e-06  1.00001329985261708e-05 -9.14108958189441267e-04  7.72662772136963548e-04 -1.25609517472756427e-04 -1.31005344334505364e-06  5.29830657603912179e-06 -2.06347634925605575e-09  2.84451525970471223e-09  4.00000000000000000e+00 -2.50000000000000000e+00  1.65000000000000013e+00 -1.00000000000000006e-01  1.60000000000000009e+00 -8.00000000000000044e-01  2.30000000000000027e+00
 1.74328000000004932e-06  1.00001329987084336e-05 -9.14108958195880561e-04  7.72662772134595000e-04 -1.25609517472578835e-04 -1.31005344294554674e-06  5.29830657657260685e-06 -2.06347633946212149e-09  2.84451527799485968e-09  4.00000000000000000e+00 -2.50000000000000000e+00  1.65000000000000013e+00 -1.00000000000000006e-01  1.60000000000000009e+00 -8.00000000000000044e-01  2.30000000000000027e+00
 1.74428000000004939e-06  1.00001329988032590e-05 -9.14108958192327847e-04  7.72662772132818644e-04 -1.25609517472341964e-04 -1.31005344283261629e-06  5.29830657606999953e-06 -2.06347633533779151e-09  2.84451523296404628e-09  4.00000000000000000e+00 -2.50000000000000000e+00  1.65000000000000013e+00 -1.00000000000000006e-01  1.60000000000000009e+00 -8.00000000000000044e-01  2.30000000000000027e+00
 1.74528000000004947e-06  1.00001329988895394e-05 -9.14108958199185318e-04  7.72662772132818644e-04 -1.25609517472564008e-04 -1.31005344324010287e-06  5.29830657645117621e-06 -2.06347634423307758e-09  2.84451527682303758e-09  4.00000000000000000e+00 -2.50000000000000000e+00  1.65000000000000013e+00 -1.00000000000000006e-01  1.60000000000000009e+00 -8.00000000000000044e-01  2.30000000000000027e+00
 1.74628000000004954e-06  1.00001329988849807e-05 -9.14108958203818656e-04  7.72662772140812249e-04 -1.25609517473777854e-04 -1.31005344328442514e-06  5.29830657670197843e-06 -2.06347632046120958e-09  2.84451524740770463e-09  4.00000000000000000e+00 -2.50000000000000000e+00  1.65000000000000013e+00 -1.00000000000000006e-01  1.60000000000000009e+00 -8.00000000000000044e-01  2.30000000000000027e+00
 1.74728000000004962e-06  1.00001329991784946e-05 -9.14108958205650524e-04  7.72662772141108345e-04 -1.25609517473615007e-04 -1.31005344305969163e-06  5.29830657593600145e-06 -2.06347635909525126e-09  2.84451528973611028e-09  4.00000000000000000e+00 -2.50000000000000000e+00  1.65000000000000013e+00 -1.00000000000000006e-01  1.60000000000000009e+00 -8.00000000000000044e-01  2.30000000000000027e+00
 1.74828000000004969e-06  1.00001329990215461e-05 -9.14108958177450859e-04  7.72662772135705223e-04 -1.25609517473170945e-04 -1.31005344247361535e-06  5.29830657481182356e-06 -2.06347635327266778e-09  2.84451527291994988e-09  4.00000000000000000e+00 -2.50000000000000000e+00  1.65000000000000013e+00 -1.00000000000000006e-01  1.60000000000000009e+00 -8.00000000000000044e-01  2.30000000000000027e+00
 1.74928000000004977e-06  1.00001329991352874e-05 -9.14108958196964872e-04  7.72662772129265930e-04 -1.25609517471498184e-04 -1.31005344286123923e-06  5.29830657600654744e-06 -2.06347635563551251e-09  2.84451528261611842e-09  4.00000000000000000e+00 -2.50000000000000000e+00  1.65000000000000013e+00 -1.00000000000000006e-01  1.60000000000000009e+00 -8.00000000000000044e-01  2.30000000000000027e+00
 1.75028000000004984e-06  1.00001329986458226e-05 -9.14108958200739630e-04  7.72662772136667453e-04 -1.25609517470950472e-04 -1.31005344335997222e-06  5.29830657690987589e-06 -2.06347632551801075e-09  2.84451524007973102e-09  4.00000000000000000e+00 -2.50000000000000000e+00  1.65000000000000013e+00 -1.00000000000000006e-01  1.60000000000000009e+00 -8.00000000000000044e-01  2.30000000000000027e+00
 1.75128000000004992e-06  1.00001329983774098e-05 -9.14108958212256351e-04  7.72662772134891096e-04 -1.25609517472341964e-04 -1.31005344353179667e-06  5.29830657709221413e-06 -2.06347631829119306e-09  2.84451523942513089e-09  4.00000000000000000e+00 -2.50000000000000000e+00  1.65000000000000013e+00 -1.00000000000000006e-01  1.60000000000000009e+00 -8.00000000000000044e-01  2.30000000000000027e+00
 1.75228000000004999e-06  1.00001329986612031e-05 -9.14108958221608136e-04  7.72662772142958753e-04 -1.25609517474592009e-04 -1.31005344339379933e-06  5.29830657645098309e-06 -2.06347633598885586e-09  2.84451525273323196e-09  4.00000000000000000e+00 -2.50000000000000000e+00  1.65000000000000013e+00 -1.00000000000000006e-01  1.60000000000000009e+00 -8.00000000000000044e-01  2.30000000000000027e+00
 1.75328000000005007e-06  1.00001329991348046e-05 -9.14108958208648126e-04  7.72662772151470390e-04 -1.25609517475465415e-04 -1.31005344277641120e-06  5.29830657612817036e-06 -2.06347632728974312e-09  2.84451528006322232e-09  4.00000000000000000e+00 -2.50000000000000000e+00  1.65000000000000013e+00 -1.00000000000000006e-01  1.60000000000000009e+00 -8.00000000000000044e-01  2.30000000000000027e+00
 1.75428000000005014e-06  1.00001329992296909e-05 -9.14108958214502709e-04  7.72662772139257937e-04 -1.25609517473659432e-04 -1.31005344259053575e-06  5.29830657562957289e-06 -2.06347637374464679e-09  2.84451526802162038e-09  4.00000000000000000e+00 -2.50000000000000000e+00  1.65000000000000013e+00 -1.00000000000000006e-01  1.60000000000000009e+00 -8.00000000000000044e-01  2.30000000000000027e+00
 1.75528000000005022e-06  1.00001329992983717e-05 -9.14108958197464472e-04  7.72662772150582212e-04 -1.25609517473674232e-04 -1.31005344316498926e-06  5.29830657585944238e-06 -2.06347633179141759e-09  2.84451526792016420e-09  4.00000000000000000e+00 -2.50000000000000000e+00  1.65000000000000013e+00 -1.00000000000000006e-01  1.60000000000000009e+00 -8.00000000000000044e-01  2.30000000000000027e+00
 1.75628000000005029e-06  1.00001329991641272e-05 -9.14108958192161314e-04  7.72662772130450204e-04 -1.25609517473230142e-04 -1.31005344294190387e-06  5.29830657589795358e-06 -2.06347635732749970e-09  2.84451530165412152e-09  4.00000000000000000e+00 -2.50000000000000000e+00  1.65000000000000013e+00 -1.00000000000000006e-01  1.60000000000000009e+00 -8.00000000000000044e-01  2.30000000000000027e+00
 1.75728000000005037e-06  1.00001329989050943e-05 -9.14108958194270738e-04  7.72662772130820242e-04 -1.25609517472963673e-04 -1.31005344294806222e-06  5.29830657606398559e-06 -2.06347635444585805e-09  2.84451526980428807e-09  4.00000000000000000e+00 -2.50000000000000000e+00  1.65000000000000013e+00 -1.00000000000000006e-01  1.60000000000000009e+00 -8.00000000000000044e-01  2.30000000000000027e+00
 1.75828000000005044e-06  1.00001329987348780e-05 -9.14108958189914955e-04  7.72662772152358569e-04 -1.25609517473392989e-04 -1.31005344319248480e-06  5.29830657625900730e-06 -2.06347633663445420e-09  2.84451526840247419e-09  4.00000000000000000e+00 -2.50000000000000000e+00  1.65000000000000013e+00 -1.00000000000000006e-01  1.60000000000000009e+00 -8.00000000000000044e-01  2.30000000000000027e+00
 1.75928000000005052e-06  1.00001329990219866e-05 -9.14108958211172040e-04  7.72662772145623288e-04 -1.25609517473763055e-04 -1.31005344345902489e-06  5.29830657712918289e-06 -2.06347632212925982e-09  2.84451521441017214e-09  4.00000000000000000e+00 -2.50000000000000000e+00  1.65000000000000013e+00 -1.00000000000000006e-01  1.60000000000000009e+00 -8.00000000000000044e-01  2.30000000000000027e+00
 1.76028000000005059e-06  1.00001329988859040e-05 -9.14108958218862178e-04  7.72662772144957154e-04 -1.25609517475865052e-04 -1.31005344311633040e-06  5.29830657646578668e-06 -2.06347631890575972e-09  2.84451526633518026e-09  4.00000000000000000e+00 -2.50000000000000000e+00  1.65000000000000013e+00 -1.00000000000000006e-01  1.60000000000000009e+00 -8.00000000000000044e-01  2.30000000000000027e+00
 1.76128000000005067e-06  1.00001329987259977e-05 -9.14108958216945200e-04  7.72662772161462398e-04 -1.25609517475909450e-04 -1.31005344295673584e-06  5.29830657618476148e-06 -2.06347634324060064e-09  2.84451527047826491e-09  4.00000000000000000e+00 -2.50000000000000000e+00  1.65000000000000013e+00 -1.00000000000000006e-01  1.60000000000000009e+00 -8.00000000000000044e-01  2.30000000000000027e+00
 1.76228000000005074e-06  1.00001329988110110e-05 -9.14108958213225953e-04  7.72662772162720723e-04 -1.25609517474932475e-04 -1.31005344275195165e-06  5.29830657574915276e-06 -2.06347635445757547e-09  2.84451527342177637e-09  4.00000000000000000e+00 -2.50000000000000000e+00  1.65000000000000013e+00 -1.00000000000000006e-01  1.60000000000000009e+00 -8.00000000000000044e-01  2.30000000000000027e+00
 1.76328000000005082e-06  1.00001329989301326e-05 -9.14108958203929678e-04  7.72662772151174403e-04 -1.25609517473659432e-04 -1.31005344298770061e-06  5.29830657558612772e-06 -2.06347636211357500e-09  2.84451528968636695e-09  4.00000000000000000e+00 -2.50000000000000000e+00  1.65000000000000013e+00 -1.00000000000000006e-01  1.60000000000000009e+00 -8.00000000000000044e-01  2.30000000000000027e+00
 1.76428000000005089e-06  1.00001329990283139e-05 -9.14108958218640133e-04  7.72662772144364963e-04 -1.25609517473141319e-04 -1.31005344303826784e-06  5.29830657631274477e-06 -2.06347634632718952e-09  2.84451524731615310e-09  4.00000000000000000e+00 -2.50000000000000000e+00  1.65000000000000013e+00 -1.00000000000000006e-01  1.60000000000000009e+00 -8.00000000000000044e-01  2.30000000000000027e+00
 1.76528000000005097e-06  1.00001329986664479e-05 -9.14108958200957988e-04  7.72662772162424627e-04 -1.25609517473333765e-04 -1.31005344277294176e-06  5.29830657603549818e-06 -2.06347634177783677e-09  2.84451529878081577e-09  4.00000000000000000e+00 -2.50000000000000000e+00  1.65000000000000013e+00 -1.00000000000000006e-01  1.60000000000000009e+00 -8.00000000000000044e-01  2.30000000000000027e+00
 1.76628000000005104e-06  1.00001329986965701e-05 -9.14108958206897681e-04  7.72662772149916078e-04 -1.25609517473082095e-04 -1.31005344325857772e-06  5.29830657661158053e-06 -2.06347633868397490e-09  2.84451525707401815e-09  4.00000000000000000e+00 -2.50000000000000000e+00  1.65000000000000013e+00 -1.00000000000000006e-01  1.60000000000000009e+00 -8.00000000000000044e-01  2.30000000000000027e+00
 1.76728000000005112e-06  1.00001329989397888e-05 -9.14108958202068211e-04  7.72662772136889497e-04 -1.25609517473037696e-04 -1.31005344296445527e-06  5.29830657620168435e-06 -2.06347634366302192e-09  2.84451524745488080e-09  4.00000000000000000e+00 -2.50000000000000000e+00  1.65000000000000013e+00 -1.00000000000000006e-01  1.60000000000000009e+00 -8.00000000000000044e-01  2.30000000000000027e+00
 1.76828000000005119e-06  1.00001329989966467e-05 -9.14108958200099408e-04  7.72662772147621689e-04 -1.25609517473392989e-04 -1.31005344289437240e-06  5.29830657575443401e-06 -2.06347633089157950e-09  2.84451528730868922e-09  4.00000000000000000e+00 -2.50000000000000000e+00  1.65000000000000013e+00 -1.00000000000000006e-01  1.60000000000000009e+00 -8.00000000000000044e-01  2.30000000000000027e+00
 1.76928000000005127e-06  1.00001329988843488e-05 -9.14108958196132204e-04  7.72662772143106746e-04 -1.25609517472090321e-04 -1.31005344281370776e-06  5.29830657546577620e-06 -2.06347637626649259e-09  2.84451527739420042e-09  4.00000000000000000e+00 -2.50000000000000000e+00  1.65000000000000013e+00 -1.00000000000000006e-01  1.60000000000000009e+00 -8.00000000000000044e-01  2.30000000000000027e+00
 1.77028000000005135e-06  1.00001329989588742e-05 -9.14108958195047894e-04  7.72662772143772880e-04 -1.25609517471735055e-04 -1.31005344323593950e-06  5.29830657647785267e-06 -2.06347634127799593e-09  2.84451524910827960e-09  4.00000000000000000e+00 -2.50000000000000000e+00  1.65000000000000013e+00 -1.00000000000000006e-01  1.60000000000000009e+00 -8.00000000000000044e-01  2.30000000000000027e+00
 1.77128000000005142e-06  1.00001329989934331e-05 -9.14108958200069810e-04  7.72662772128895892e-04 -1.25609517473304166e-04 -1.31005344310331997e-06  5.29830657612038359e-06 -2.06347632172899663e-09  2.84451529801630567e-09  4.00000000000000000e+00 -2.50000000000000000e+00  1.65000000000000013e+00 -1.00000000000000006e-01  1.60000000000000009e+00 -8.00000000000000044e-01  2.30000000000000027e+00
 1.77228000000005150e-06  1.00001329988927988e-05 -9.14108958198323052e-04  7.72662772141108345e-04 -1.25609517473185744e-04 -1.31005344296974626e-06  5.29830657593530773e-06 -2.06347635682267427e-09  2.84451526623356940e-09  4.00000000000000000e+00 -2.50000000000000000e+00  1.65000000000000013e+00 -1.00000000000000006e-01  1.60000000000000009e+00 -8.00000000000000044e-01  2.30000000000000027e+00
 1.77328000000005157e-06  1.00001329992126418e-05 -9.14108958208007904e-04  7.72662772137555631e-04 -1.25609517472608407e-04 -1.31005344309360556e-06  5.29830657677075073e-06 -2.06347634200086163e-09  2.84451523190773168e-09  4.00000000000000000e+00 -2.50000000000000000e+00  1.65000000000000013e+00 -1.00000000000000006e-01  1.60000000000000009e+00 -8.00000000000000044e-01  2.30000000000000027e+00
 1.77428000000005165e-06  1.00001329995881756e-05 -9.14108958206568301e-04  7.72662772137555631e-04 -1.25609517472682430e-04 -1.31005344282984077e-06  5.29830657621571630e-06 -2.06347633441425966e-09  2.84451528134157082e-09  4.00000000000000000e+00 -2.50000000000000000e+00  1.65000000000000013e+00 -1.00000000000000006e-01  1.60000000000000009e+00 -8.00000000000000044e-01  2.30000000000000027e+00
 1.77528000000005172e-06  1.00001329995904321e-05 -9.14108958196602206e-04  7.72662772140516262e-04 -1.25609517474014698e-04 -1.31005344310921807e-06  5.29830657586857848e-06 -2.06347633171116949e-09  2.84451527874021600e-09  4.00000000000000000e+00 -2.50000000000000000e+00  1.65000000000000013e+00 -1.00000000000000006e-01  1.60000000000000009e+00 -8.00000000000000044e-01  2.30000000000000027e+00
 1.77628000000005180e-06  1.00001329992054166e-05 -9.14108958168735608e-04  7.72662772133114739e-04 -1.25609517473881477e-04 -1.31005344298171590e-06  5.29830657557995963e-06 -2.06347636536535971e-09  2.84451529763691556e-09  4.00000000000000000e+00 -2.50000000000000000e+00  1.65000000000000013e+00 -1.00000000000000006e-01  1.60000000000000009e+00 -8.00000000000000044e-01  2.30000000000000027e+00
 1.77728000000005187e-06  1.00001329990809197e-05 -9.14108958194936871e-04  7.72662772130154108e-04 -1.25609517472312365e-04 -1.31005344281691717e-06  5.29830657566750556e-06 -2.06347636327684240e-09  2.84451525042701147e-09  4.00000000000000000e+00 -2.50000000000000000e+00  1.65000000000000013e+00 -1.00000000000000006e-01  1.60000000000000009e+00 -8.00000000000000044e-01  2.30000000000000027e+00
 1.77828000000005195e-06  1.00001329990494643e-05 -9.14108958208925682e-04  7.72662772143106746e-04 -1.25609517471764653e-04 -1.31005344315510142e-06  5.29830657683088753e-06 -2.06347631469770872e-09  2.84451523747402027e-09  4.00000000000000000e+00 -2.50000000000000000e+00  1.65000000000000013e+00 -1.00000000000000006e-01  1.60000000000000009e+00 -8.00000000000000044e-01  2.30000000000000027e+00
 1.77928000000005202e-06  1.00001329992228672e-05 -9.14108958191247223e-04  7.72662772140220167e-04 -1.25609517473244942e-04 -1.31005344360699689e-06  5.29830657681990151e-06 -2.06347632681267580e-09  2.84451524615037355e-09  4.00000000000000000e+00 -2.50000000000000000e+00  1.65000000000000013e+00 -1.00000000000000006e-01  1.60000000000000009e+00 -8.00000000000000044e-01  2.30000000000000027e+00
 1.78028000000005210e-06  1.00001329992475498e-05 -9.14108958200573096e-04  7.72662772141700428e-04 -1.25609517473541010e-04 -1.31005344291423511e-06  5.29830657639011361e-06 -2.06347634631427268e-09  2.84451528874408043e-09  4.00000000000000000e+00 -2.50000000000000000e+00  1.65000000000000013e+00 -1.00000000000000006e-01  1.60000000000000009e+00 -8.00000000000000044e-01  2.30000000000000027e+00
 1.78128000000005217e-06  1.00001329991100119e-05 -9.14108958209203237e-04  7.72662772154727117e-04 -1.25609517473940674e-04 -1.31005344292958737e-06  5.29830657580192715e-06 -2.06347633170774207e-09  2.84451525910410962e-09  4.00000000000000000e+00 -2.50000000000000000e+00  1.65000000000000013e+00 -1.00000000000000006e-01  1.60000000000000009e+00 -8.00000000000000044e-01  2.30000000000000027e+00
 1.78228000000005225e-06  1.00001329990098334e-05 -9.14108958202042299e-04  7.72662772147547638e-04 -1.25609517473822252e-04 -1.31005344311260070e-06  5.29830657642407624e-06 -2.06347634708401512e-09  2.84451527933769187e-09  4.00000000000000000e+00 -2.50000000000000000e+00  1.65000000000000013e+00 -1.00000000000000006e-01  1.60000000000000009e+00 -8.00000000000000044e-01  2.30000000000000027e+00
 1.78328000000005232e-06  1.00001329989209694e-05 -9.14108958194548293e-04  7.72662772132448605e-04 -1.25609517473392989e-04 -1.31005344267735854e-06  5.29830657495418693e-06 -2.06347635694541877e-09  2.84451528320457222e-09  4.00000000000000000e+00 -2.50000000000000000e+00  1.65000000000000013e+00 -1.00000000000000006e-01  1.60000000000000009e+00 -8.00000000000000044e-01  2.30000000000000027e+00
 1.78428000000005240e-06  1.00001329992012018e-05 -9.14108958187028376e-04  7.72662772136593402e-04 -1.25609517472415961e-04 -1.31005344304954354e-06  5.29830657669049097e-06 -2.06347635459642022e-09  2.84451524008720253e-09  4.00000000000000000e+00 -2.50000000000000000e+00  1.65000000000000013e+00 -1.00000000000000006e-01  1.60000000000000009e+00 -8.00000000000000044e-01  2.30000000000000027e+00
 1.78528000000005247e-06  1.00001329995134741e-05 -9.14108958207038302e-04  7.72662772138221765e-04 -1.25609517472282739e-04 -1.31005344320835735e-06  5.29830657634566640e-06 -2.06347632761933240e-09  2.84451525851844631e-09  4.00000000000000000e+00 -2.50000000000000000e+00  1.65000000000000013e+00 -1.00000000000000006e-01  1.60000000000000009e+00 -8.00000000000000044e-01  2.30000000000000027e+00
 1.78628000000005255e-06  1.00001329999466789e-05 -9.14108958186140197e-04  7.72662772145031097e-04 -1.25609517472697230e-04 -1.31005344308952879e-06  5.29830657576607563e-06 -2.06347634101338540e-09  2.84451529511765305e-09  4.00000000000000000e+00 -2.50000000000000000e+00  1.65000000000000013e+00 -1.00000000000000006e-01  1.60000000000000009e+00 -8.00000000000000044e-01  2.30000000000000027e+00
 1.78728000000005262e-06  1.00001329996187586e-05 -9.14108958211841860e-04  7.72662772143994925e-04 -1.25609517474059123e-04 -1.31005344329318537e-06  5.29830657675452158e-06 -2.06347634247589201e-09  2.84451525363502468e-09  4.00000000000000000e+00 -2.50000000000000000e+00  1.65000000000000013e+00 -1.00000000000000006e-01  1.60000000000000009e+00 -8.00000000000000044e-01  2.30000000000000027e+00
 1.78828000000005270e-06  1.00001329992983717e-05 -9.14108958213644129e-04  7.72662772157983735e-04 -1.25609517475050924e-04 -1.31005344311884566e-06  5.29830657641918039e-06 -2.06347631587646839e-09  2.84451524053248295e-09  4.00000000000000000e+00 -2.50000000000000000e+00  1.65000000000000013e+00 -1.00000000000000006e-01  1.60000000000000009e+00 -8.00000000000000044e-01  2.30000000000000027e+00
 1.78928000000005277e-06  1.00001329990708451e-05 -9.14108958204125810e-04  7.72662772151100352e-04 -1.25609517474666005e-04 -1.31005344273304312e-06  5.29830657548670807e-06 -2.06347636040980752e-09  2.84451528535049504e-09  4.00000000000000000e+00 -2.50000000000000000e+00  1.65000000000000013e+00 -1.00000000000000006e-01  1.60000000000000009e+00 -8.00000000000000044e-01  2.30000000000000027e+00
 1.79028000000005285e-06  1.00001329990137771e-05 -9.14108958199270428e-04  7.72662772155319200e-04 -1.25609517473437360e-04 -1.31005344268264953e-06  5.29830657556507895e-06 -2.06347636615076315e-09  2.84451531399893479e-09  4.00000000000000000e+00 -2.50000000000000000e+00  1.65000000000000013e+00 -1.00000000000000006e-01  1.60000000000000009e+00 -8.00000000000000044e-01  2.30000000000000027e+00
 1.79128000000005292e-06  1.00001329986187396e-05 -9.14108958179171704e-04  7.72662772151766486e-04 -1.25609517472119919e-04 -1.31005344285698924e-06  5.29830657608403147e-06 -2.06347635210183540e-09  2.84451526293164968e-09  4.00000000000000000e+00 -2.50000000000000000e+00  1.65000000000000013e+00 -1.00000000000000006e-01  1.60000000000000009e+00 -8.00000000000000044e-01  2.30000000000000027e+00
 1.79228000000005300e-06  1.00001329987268701e-05 -9.14108958184249132e-04  7.72662772123122732e-04 -1.25609517472267967e-04 -1.31005344311789169e-06  5.29830657578049383e-06 -2.06347633885776017e-09  2.84451527441344432e-09  4.00000000000000000e+00 -2.50000000000000000e+00  1.65000000000000013e+00 -1.00000000000000006e-01  1.60000000000000009e+00 -8.00000000000000044e-01  2.30000000000000027e+00
 1.79328000000005307e-06  1.00001329990127590e-05 -9.14108958200295541e-04  7.72662772136371357e-04 -1.25609517472119919e-04 -1.31005344300001710e-06  5.29830657634435604e-06 -2.06347634847821232e-09  2.84451527275949504e-09  4.00000000000000000e+00 -2.50000000000000000e+00  1.65000000000000013e+00 -1.00000000000000006e-01  1.60000000000000009e+00 -8.00000000000000044e-01  2.30000000000000027e+00
 1.79428000000005315e-06  1.00001329992841585e-05 -9.14108958189803933e-04  7.72662772135705223e-04 -1.25609517471468558e-04 -1.31005344306749789e-06  5.29830657653583038e-06 -2.06347634364853675e-09  2.84451525184149776e-09  4.00000000000000000e+00 -2.50000000000000000e+00  1.65000000000000013e+00 -1.00000000000000006e-01  1.60000000000000009e+00 -8.00000000000000044e-01  2.30000000000000027e+00
 1.79528000000005322e-06  1.00001329992851800e-05 -9.14108958211619816e-04  7.72662772141108345e-04 -1.25609517472534410e-04 -1.31005344362009414e-06  5.29830657692055359e-06 -2.06347631307906474e-09  2.84451523434352670e-09  4.00000000000000000e+00 -2.50000000000000000e+00  1.65000000000000013e+00 -1.00000000000000006e-01  1.60000000000000009e+00 -8.00000000000000044e-01  2.30000000000000027e+00
 1.79628000000005330e-06  1.00001329991030036e-05 -9.14108958219195245e-04  7.72662772145253141e-04 -1.25609517474029497e-04 -1.31005344304165047e-06  5.29830657648991865e-06 -2.06347632179248771e-09  2.84451524848904144e-09  4.00000000000000000e+00 -2.50000000000000000e+00  1.65000000000000013e+00 -1.00000000000000006e-01  1.60000000000000009e+00 -8.00000000000000044e-01  2.30000000000000027e+00
 1.79728000000005337e-06  1.00001329991182282e-05 -9.14108958220916090e-04  7.72662772147251543e-04 -1.25609517474532811e-04 -1.31005344333559949e-06  5.29830657627303925e-06 -2.06347633496205051e-09  2.84451524600855798e-09  4.00000000000000000e+00 -2.50000000000000000e+00  1.65000000000000013e+00 -1.00000000000000006e-01  1.60000000000000009e+00 -8.00000000000000044e-01  2.30000000000000027e+00
 1.79828000000005345e-06  1.00001329987368482e-05 -9.14108958212256351e-04  7.72662772154134926e-04 -1.25609517474310740e-04 -1.31005344274865563e-06  5.29830657630784977e-06 -2.06347634487207005e-09  2.84451529697011948e-09  4.00000000000000000e+00 -2.50000000000000000e+00  1.65000000000000013e+00 -1.00000000000000006e-01  1.60000000000000009e+00 -8.00000000000000044e-01  2.30000000000000027e+00
 1.79928000000005352e-06  1.00001329986813929e-05 -9.14108958213422085e-04  7.72662772155985333e-04 -1.25609517474592036e-04 -1.31005344315423406e-06  5.29830657662445543e-06 -2.06347634354118401e-09  2.84451525354923654e-09  4.00000000000000000e+00 -2.50000000000000000e+00  1.65000000000000013e+00 -1.00000000000000006e-01  1.60000000000000009e+00 -8.00000000000000044e-01  2.30000000000000027e+00
 1.80028000000005360e-06  1.00001329991708441e-05 -9.14108958198101007e-04  7.72662772165977341e-04 -1.25609517475539412e-04 -1.31005344313870837e-06  5.29830657581672990e-06 -2.06347634439831807e-09  2.84451529601213225e-09  4.00000000000000000e+00 -2.50000000000000000e+00  1.65000000000000013e+00 -1.00000000000000006e-01  1.60000000000000009e+00 -8.00000000000000044e-01  2.30000000000000027e+00
 1.80128000000005367e-06  1.00001329992109393e-05 -9.14108958194992383e-04  7.72662772145031097e-04 -1.25609517475272942e-04 -1.31005344298449141e-06  5.29830657508883976e-06 -2.06347636751282357e-09  2.84451529122452501e-09  4.00000000000000000e+00 -2.50000000000000000e+00  1.65000000000000013e+00 -1.00000000000000006e-01  1.60000000000000009e+00 -8.00000000000000044e-01  2.30000000000000027e+00
 1.80228000000005375e-06  1.00001329991094732e-05 -9.14108958203874167e-04  7.72662772146067377e-04 -1.25609517472934074e-04 -1.31005344240483352e-06  5.29830657622651004e-06 -2.06347635546136535e-09  2.84451523017336637e-09  4.00000000000000000e+00 -2.50000000000000000e+00  1.65000000000000013e+00 -1.00000000000000006e-01  1.60000000000000009e+00 -8.00000000000000044e-01  2.30000000000000027e+00
 1.80328000000005382e-06  1.00001329987648968e-05 -9.14108958194326249e-04  7.72662772155023104e-04 -1.25609517473452187e-04 -1.31005344342502435e-06  5.29830657646054355e-06 -2.06347631004307946e-09  2.84451528732426379e-09  4.00000000000000000e+00 -2.50000000000000000e+00  1.65000000000000013e+00 -1.00000000000000006e-01  1.60000000000000009e+00 -8.00000000000000044e-01  2.30000000000000027e+00
 1.80428000000005390e-06  1.00001329984534394e-05 -9.14108958185888554e-04  7.72662772148213772e-04 -1.25609517473511411e-04 -1.31005344293505179e-06  5.29830657585416113e-06 -2.06347635720463733e-09  2.84451526552329174e-09  4.00000000000000000e+00 -2.50000000000000000e+00  1.65000000000000013e+00 -1.00000000000000006e-01  1.60000000000000009e+00 -8.00000000000000044e-01  2.30000000000000027e+00
 1.80528000000005397e-06  1.00001329985250561e-05 -9.14108958193023580e-04  7.72662772147325594e-04 -1.25609517472874876e-04 -1.31005344287156096e-06  5.29830657590454519e-06 -2.06347635453326705e-09  2.84451528221742108e-09  4.00000000000000000e+00 -2.50000000000000000e+00  1.65000000000000013e+00 -1.00000000000000006e-01  1.60000000000000009e+00 -8.00000000000000044e-01  2.30000000000000027e+00
 1.80628000000005405e-06  1.00001329991480708e-05 -9.14108958204540301e-04  7.72662772144364963e-04 -1.25609517472623233e-04 -1.31005344307278888e-06  5.29830657675687294e-06 -2.06347634336197367e-09  2.84451525363512022e-09  4.00000000000000000e+00 -2.50000000000000000e+00  1.65000000000000013e+00 -1.00000000000000006e-01  1.60000000000000009e+00 -8.00000000000000044e-01  2.30000000000000027e+00
 1.80728000000005413e-06  1.00001329993624464e-05 -9.14108958200628608e-04  7.72662772145327192e-04 -1.25609517472697230e-04 -1.31005344294034257e-06  5.29830657623487534e-06 -2.06347633699067994e-09  2.84451526447824995e-09  4.00000000000000000e+00 -2.50000000000000000e+00  1.65000000000000013e+00 -1.00000000000000006e-01  1.60000000000000009e+00 -8.00000000000000044e-01  2.30000000000000027e+00
 1.80828000000005420e-06  1.00001329992624203e-05 -9.14108958206483191e-04  7.72662772149176002e-04 -1.25609517473881450e-04 -1.31005344340229952e-06  5.29830657626756488e-06 -2.06347633483803669e-09  2.84451526618739948e-09  4.00000000000000000e+00 -2.50000000000000000e+00  1.65000000000000013e+00 -1.00000000000000006e-01  1.60000000000000009e+00 -8.00000000000000044e-01  2.30000000000000027e+00
 1.80928000000005428e-06  1.00001329992610582e-05 -9.14108958184641396e-04  7.72662772140812249e-04 -1.25609517473940674e-04 -1.31005344301233360e-06  5.29830657561230273e-06 -2.06347634225287006e-09  2.84451527385006898e-09  4.00000000000000000e+00 -2.50000000000000000e+00  1.65000000000000013e+00 -1.00000000000000006e-01  1.60000000000000009e+00 -8.00000000000000044e-01  2.30000000000000027e+00
 1.81028000000005435e-06  1.00001329992287168e-05 -9.14108958192190913e-04  7.72662772137259536e-04 -1.25609517472475212e-04 -1.31005344261568924e-06  5.29830657599259257e-06 -2.06347636186260964e-09  2.84451528099856135e-09  4.00000000000000000e+00 -2.50000000000000000e+00  1.65000000000000013e+00 -1.00000000000000006e-01  1.60000000000000009e+00 -8.00000000000000044e-01  2.30000000000000027e+00
 1.81128000000005443e-06  1.00001329989723267e-05 -9.14108958201905364e-04  7.72662772129487974e-04 -1.25609517472282766e-04 -1.31005344296610339e-06  5.29830657576842784e-06 -2.06347634951358768e-09  2.84451527493337283e-09  4.00000000000000000e+00 -2.50000000000000000e+00  1.65000000000000013e+00 -1.00000000000000006e-01  1.60000000000000009e+00 -8.00000000000000044e-01  2.30000000000000027e+00
 1.81228000000005450e-06  1.00001329989260516e-05 -9.14108958198600607e-04  7.72662772134002918e-04 -1.25609517472475185e-04 -1.31005344329483349e-06  5.29830657702544676e-06 -2.06347632860275875e-09  2.84451524462355779e-09  4.00000000000000000e+00 -2.50000000000000000e+00  1.65000000000000013e+00 -1.00000000000000006e-01  1.60000000000000009e+00 -8.00000000000000044e-01  2.30000000000000027e+00
 1.81328000000005458e-06  1.00001329987581663e-05 -9.14108958202682520e-04  7.72662772154431021e-04 -1.25609517473452187e-04 -1.31005344319604086e-06  5.29830657652472832e-06 -2.06347630984440267e-09  2.84451524520813129e-09  4.00000000000000000e+00 -2.50000000000000000e+00  1.65000000000000013e+00 -1.00000000000000006e-01  1.60000000000000009e+00 -8.00000000000000044e-01  2.30000000000000027e+00
 1.81428000000005465e-06  1.00001329986103794e-05 -9.14108958207734035e-04  7.72662772157317601e-04 -1.25609517474873278e-04 -1.31005344342346306e-06  5.29830657580732360e-06 -2.06347634221772357e-09  2.84451528239258692e-09  4.00000000000000000e+00 -2.50000000000000000e+00  1.65000000000000013e+00 -1.00000000000000006e-01  1.60000000000000009e+00 -8.00000000000000044e-01  2.30000000000000027e+00
 1.81528000000005473e-06  1.00001329987463638e-05 -9.14108958181725217e-04  7.72662772144661059e-04 -1.25609517473896276e-04 -1.31005344229814803e-06  5.29830657526790168e-06 -2.06347637878727215e-09  2.84451528917977921e-09  4.00000000000000000e+00 -2.50000000000000000e+00  1.65000000000000013e+00 -1.00000000000000006e-01  1.60000000000000009e+00 -8.00000000000000044e-01  2.30000000000000027e+00
 1.81628000000005480e-06  1.00001329987539464e-05 -9.14108958190107401e-04  7.72662772146215371e-04 -1.25609517472697230e-04 -1.31005344298102197e-06  5.29830657580412435e-06 -2.06347635561024794e-09  2.84451527689956750e-09  4.00000000000000000e+00 -2.50000000000000000e+00  1.65000000000000013e+00 -1.00000000000000006e-01  1.60000000000000009e+00 -8.00000000000000044e-01  2.30000000000000027e+00
 1.81728000000005488e-06  1.00001329989291856e-05 -9.14108958180589082e-04  7.72662772140812249e-04 -1.25609517472756454e-04 -1.31005344312300904e-06  5.29830657623699546e-06 -2.06347633221780769e-09  2.84451527416311879e-09  4.00000000000000000e+00 -2.50000000000000000e+00  1.65000000000000013e+00 -1.00000000000000006e-01  1.60000000000000009e+00 -8.00000000000000044e-01  2.30000000000000027e+00
 1.81828000000005495e-06  1.00001329990581532e-05 -9.14108958188553089e-04  7.72662772136371357e-04 -1.25609517472134746e-04 -1.31005344305743641e-06  5.29830657654635476e-06 -2.06347633922419705e-09  2.84451523424552938e-09  4.00000000000000000e+00 -2.50000000000000000e+00  1.65000000000000013e+00 -1.00000000000000006e-01  1.60000000000000009e+00 -8.00000000000000044e-01  2.30000000000000027e+00
 1.81928000000005503e-06  1.00001329989198717e-05 -9.14108958192801535e-04  7.72662772148879906e-04 -1.25609517471779453e-04 -1.31005344301554301e-06  5.29830657590254111e-06 -2.06347634148719280e-09  2.84451528533946210e-09  4.00000000000000000e+00 -2.50000000000000000e+00  1.65000000000000013e+00 -1.00000000000000006e-01  1.60000000000000009e+00 -8.00000000000000044e-01  2.30000000000000027e+00
 1.82028000000005510e-06  1.00001329989453030e-05 -9.14108958204484789e-04  7.72662772143106746e-04 -1.25609517472830478e-04 -1.31005344328373121e-06  5.29830657660105615e-06 -2.06347632603114273e-09  2.84451522601354828e-09  4.00000000000000000e+00 -2.50000000000000000e+00  1.65000000000000013e+00 -1.00000000000000006e-01  1.60000000000000009e+00 -8.00000000000000044e-01  2.30000000000000027e+00
 1.82128000000005518e-06  1.00001329993580452e-05 -9.14108958213118617e-04  7.72662772155023104e-04 -1.25609517473881477e-04 -1.31005344325068465e-06  5.29830657665976739e-06 -2.06347632793063273e-09  2.84451525697550053e-09  4.00000000000000000e+00 -2.50000000000000000e+00  1.65000000000000013e+00 -1.00000000000000006e-01  1.60000000000000009e+00 -8.00000000000000044e-01  2.30000000000000027e+00
 1.82228000000005525e-06  1.00001329991531988e-05 -9.14108958194326249e-04  7.72662772153764887e-04 -1.25609517473644633e-04 -1.31005344265550106e-06  5.29830657587856330e-06 -2.06347635079695922e-09  2.84451528164479910e-09  4.00000000000000000e+00 -2.50000000000000000e+00  1.65000000000000013e+00 -1.00000000000000006e-01  1.60000000000000009e+00 -8.00000000000000044e-01  2.30000000000000027e+00
 1.82328000000005533e-06  1.00001329991951760e-05 -9.14108958189748422e-04  7.72662772142366562e-04 -1.25609517473363364e-04 -1.31005344310939150e-06  5.29830657590809172e-06 -2.06347635202258860e-09  2.84451528183403031e-09  4.00000000000000000e+00 -2.50000000000000000e+00  1.65000000000000013e+00 -1.00000000000000006e-01  1.60000000000000009e+00 -8.00000000000000044e-01  2.30000000000000027e+00
 1.82428000000005540e-06  1.00001329995804913e-05 -9.14108958214809864e-04  7.72662772136371357e-04 -1.25609517473422588e-04 -1.31005344293080159e-06  5.29830657619277949e-06 -2.06347634882625146e-09  2.84451525107618984e-09  4.00000000000000000e+00 -2.50000000000000000e+00  1.65000000000000013e+00 -1.00000000000000006e-01  1.60000000000000009e+00 -8.00000000000000044e-01  2.30000000000000027e+00
 1.82528000000005548e-06  1.00001329996217977e-05 -9.14108958172151387e-04  7.72662772129562025e-04 -1.25609517472741655e-04 -1.31005344268421082e-06  5.29830657520776488e-06 -2.06347635374054802e-09  2.84451530352175844e-09  4.00000000000000000e+00 -2.50000000000000000e+00  1.65000000000000013e+00 -1.00000000000000006e-01  1.60000000000000009e+00 -8.00000000000000044e-01  2.30000000000000027e+00
 1.82628000000005555e-06  1.00001329992735249e-05 -9.14108958197878962e-04  7.72662772128155707e-04 -1.25609517471305765e-04 -1.31005344277528380e-06  5.29830657528046910e-06 -2.06347636077501313e-09  2.84451529581838132e-09  4.00000000000000000e+00 -2.50000000000000000e+00  1.65000000000000013e+00 -1.00000000000000006e-01  1.60000000000000009e+00 -8.00000000000000044e-01  2.30000000000000027e+00
 1.82728000000005563e-06  1.00001329989938363e-05 -9.14108958176562680e-04  7.72662772133706822e-04 -1.25609517471438986e-04 -1.31005344327566471e-06  5.29830657641598030e-06 -2.06347633900371867e-09  2.84451525673298606e-09  4.00000000000000000e+00 -2.50000000000000000e+00  1.65000000000000013e+00 -1.00000000000000006e-01  1.60000000000000009e+00 -8.00000000000000044e-01  2.30000000000000027e+00
 1.82828000000005570e-06  1.00001329990456933e-05 -9.14108958204292344e-04  7.72662772133114739e-04 -1.25609517472045895e-04 -1.31005344337376340e-06  5.29830657649065049e-06 -2.06347632930711462e-09  2.84451524829949590e-09  4.00000000000000000e+00 -2.50000000000000000e+00  1.65000000000000013e+00 -1.00000000000000006e-01  1.60000000000000009e+00 -8.00000000000000044e-01  2.30000000000000027e+00
 1.82928000000005578e-06  1.00001329988132658e-05 -9.14108958215390888e-04  7.72662772137555631e-04 -1.25609517472993298e-04 -1.31005344324730202e-06  5.29830657715686138e-06 -2.06347631774301344e-09  2.84451522994806264e-09  4.00000000000000000e+00 -2.50000000000000000e+00  1.65000000000000013e+00 -1.00000000000000006e-01  1.60000000000000009e+00 -8.00000000000000044e-01  2.30000000000000027e+00
 1.83028000000005585e-06  1.00001329989270393e-05 -9.14108958208289146e-04  7.72662772141404441e-04 -1.25609517475361765e-04 -1.31005344346735165e-06  5.29830657635873442e-06 -2.06347631559270408e-09  2.84451526589774813e-09  4.00000000000000000e+00 -2.50000000000000000e+00  1.65000000000000013e+00 -1.00000000000000006e-01  1.60000000000000009e+00 -8.00000000000000044e-01  2.30000000000000027e+00
 1.83128000000005593e-06  1.00001329989922591e-05 -9.14108958218307066e-04  7.72662772162424627e-04 -1.25609517474888077e-04 -1.31005344261326059e-06  5.29830657600400295e-06 -2.06347636129150140e-09  2.84451526235989086e-09  4.00000000000000000e+00 -2.50000000000000000e+00  1.65000000000000013e+00 -1.00000000000000006e-01  1.60000000000000009e+00 -8.00000000000000044e-01  2.30000000000000027e+00
 1.83228000000005600e-06  1.00001329989545678e-05 -9.14108958191243537e-04  7.72662772158575818e-04 -1.25609517473985099e-04 -1.31005344285967793e-06  5.29830657565590206e-06 -2.06347635318635769e-09  2.84451528983408569e-09  4.00000000000000000e+00 -2.50000000000000000e+00  1.65000000000000013e+00 -1.00000000000000006e-01  1.60000000000000009e+00 -8.00000000000000044e-01  2.30000000000000027e+00
 1.83328000000005608e-06  1.00001329991963822e-05 -9.14108958209425282e-04  7.72662772142810651e-04 -1.25609517473170945e-04 -1.31005344317799969e-06  5.29830657602188975e-06 -2.06347634669625807e-09  2.84451527075491133e-09  4.00000000000000000e+00 -2.50000000000000000e+00  1.65000000000000013e+00 -1.00000000000000006e-01  1.60000000000000009e+00 -8.00000000000000044e-01  2.30000000000000027e+00
 1.83428000000005615e-06  1.00001329994762673e-05 -9.14108958197823451e-04  7.72662772144364963e-04 -1.25609517472297539e-04 -1.31005344270936431e-06  5.29830657626648576e-06 -2.06347635649066093e-09  2.84451527244114506e-09  4.00000000000000000e+00 -2.50000000000000000e+00  1.65000000000000013e+00 -1.00000000000000006e-01  1.60000000000000009e+00 -8.00000000000000044e-01  2.30000000000000027e+00
 1.83528000000005623e-06  1.00001329994876921e-05 -9.14108958213392486e-04  7.72662772143698829e-04 -1.25609517472371563e-04 -1.31005344304008917e-06  5.29830657629859762e-06 -2.06347632938386830e-09  2.84451524246451754e-09  4.00000000000000000e+00 -2.50000000000000000e+00  1.65000000000000013e+00 -1.00000000000000006e-01  1.60000000000000009e+00 -8.00000000000000044e-01  2.30000000000000027e+00
 1.83628000000005630e-06  1.00001329992400637e-05 -9.14108958200795141e-04  7.72662772143772880e-04 -1.25609517473126520e-04 -1.31005344309906977e-06  5.29830657619551626e-06 -2.06347632721349981e-09  2.84451527734829934e-09  4.00000000000000000e+00 -2.50000000000000000e+00  1.65000000000000013e+00 -1.00000000000000006e-01  1.60000000000000009e+00 -8.00000000000000044e-01  2.30000000000000027e+00
 1.83728000000005638e-06  1.00001329987753577e-05 -9.14108958204540301e-04  7.72662772137555631e-04 -1.25609517474207144e-04 -1.31005344337402344e-06  5.29830657622450596e-06 -2.06347634390639293e-09  2.84451527785171732e-09  4.00000000000000000e+00 -2.50000000000000000e+00  1.65000000000000013e+00 -1.00000000000000006e-01  1.60000000000000009e+00 -8.00000000000000044e-01  2.30000000000000027e+00
 1.83828000000005645e-06  1.00001329987036343e-05 -9.14108958183612597e-04  7.72662772128599796e-04 -1.25609517473718630e-04 -1.31005344265818997e-06  5.29830657537075180e-06 -2.06347636532074366e-09  2.84451528272179901e-09  4.00000000000000000e+00 -2.50000000000000000e+00  1.65000000000000013e+00 -1.00000000000000006e-01  1.60000000000000009e+00 -8.00000000000000044e-01  2.30000000000000027e+00
 1.83928000000005653e-06  1.00001329985223456e-05 -9.14108958197464472e-04  7.72662772143106746e-04 -1.25609517472312365e-04 -1.31005344298856797e-06  5.29830657638036087e-06 -2.06347633997728006e-09  2.84451525080294520e-09  4.00000000000000000e+00 -2.50000000000000000e+00  1.65000000000000013e+00 -1.00000000000000006e-01  1.60000000000000009e+00 -8.00000000000000044e-01  2.30000000000000027e+00
 1.84028000000005660e-06  1.00001329985485307e-05 -9.14108958209425282e-04  7.72662772151174403e-04 -1.25609517472638032e-04 -1.31005344343100928e-06  5.29830657686754796e-06 -2.06347632060098822e-09  2.84451523988317636e-09  4.00000000000000000e+00 -2.50000000000000000e+00  1.65000000000000013e+00 -1.00000000000000006e-01  1.60000000000000009e+00 -8.00000000000000044e-01  2.30000000000000027e+00
 1.84128000000005668e-06  1.00001329990710654e-05 -9.14108958207482392e-04  7.72662772165385258e-04 -1.25609517473615007e-04 -1.31005344315024411e-06  5.29830657611440862e-06 -2.06347633038096876e-09  2.84451528801079557e-09  4.00000000000000000e+00 -2.50000000000000000e+00  1.65000000000000013e+00 -1.00000000000000006e-01  1.60000000000000009e+00 -8.00000000000000044e-01  2.30000000000000027e+00
 1.84228000000005675e-06  1.00001329989702210e-05 -9.14108958176396147e-04  7.72662772148213772e-04 -1.25609517473703830e-04 -1.31005344268438425e-06  5.29830657581345357e-06 -2.06347636001961691e-09  2.84451525285003607e-09  4.00000000000000000e+00 -2.50000000000000000e+00  1.65000000000000013e+00 -1.00000000000000006e-01  1.60000000000000009e+00 -8.00000000000000044e-01  2.30000000000000027e+00
 1.84328000000005683e-06  1.00001329989432159e-05 -9.14108958216530709e-04  7.72662772146659460e-04 -1.25609517473274513e-04 -1.31005344329249144e-06  5.29830657640603444e-06 -2.06347634352109179e-09  2.84451526770659402e-09  4.00000000000000000e+00 -2.50000000000000000e+00  1.65000000000000013e+00 -1.00000000000000006e-01  1.60000000000000009e+00 -8.00000000000000044e-01  2.30000000000000027e+00
 1.84428000000005690e-06  1.00001329990446074e-05 -9.14108958208566702e-04  7.72662772149176002e-04 -1.25609517473526211e-04 -1.31005344318545909e-06  5.29830657628992401e-06 -2.06347634448472205e-09  2.84451528199426140e-09  4.00000000000000000e+00 -2.50000000000000000e+00  1.65000000000000013e+00 -1.00000000000000006e-01  1.60000000000000009e+00 -8.00000000000000044e-01  2.30000000000000027e+00
 1.84528000000005698e-06  1.00001329993876287e-05 -9.14108958215113332e-04  7.72662772142662657e-04 -1.25609517473807453e-04 -1.31005344308059514e-06  5.29830657664835616e-06 -2.06347633042664981e-09  2.84451522533423902e-09  4.00000000000000000e+00 -2.50000000000000000e+00  1.65000000000000013e+00 -1.00000000000000006e-01  1.60000000000000009e+00 -8.00000000000000044e-01  2.30000000000000027e+00
 1.84628000000005706e-06  1.00001329997409651e-05 -9.14108958205595012e-04  7.72662772143772880e-04 -1.25609517474207144e-04 -1.31005344275091085e-06  5.29830657522553648e-06 -2.06347635440890748e-09  2.84451530519792415e-09  4.00000000000000000e+00 -2.50000000000000000e+00  1.65000000000000013e+00 -1.00000000000000006e-01  1.60000000000000009e+00 -8.00000000000000044e-01  2.30000000000000027e+00
 1.84728000000005713e-06  1.00001329994355724e-05 -9.14108958199877364e-04  7.72662772151470390e-04 -1.25609517473689058e-04 -1.31005344288804083e-06  5.29830657604336203e-06 -2.06347635460353025e-09  2.84451527565098965e-09  4.00000000000000000e+00 -2.50000000000000000e+00  1.65000000000000013e+00 -1.00000000000000006e-01  1.60000000000000009e+00 -8.00000000000000044e-01  2.30000000000000027e+00
 1.84828000000005721e-06  1.00001329988910133e-05 -9.14108958197686517e-04  7.72662772132448605e-04 -1.25609517471705429e-04 -1.31005344280390674e-06  5.29830657596942453e-06 -2.06347634954891780e-09  2.84451525284597957e-09  4.00000000000000000e+00 -2.50000000000000000e+00  1.65000000000000013e+00 -1.00000000000000006e-01  1.60000000000000009e+00 -8.00000000000000044e-01  2.30000000000000027e+00
 1.84928000000005728e-06  1.00001329988743792e-05 -9.14108958198101007e-04  7.72662772151470390e-04 -1.25609517471764626e-04 -1.31005344335815089e-06  5.29830657708554544e-06 -2.06347631443839670e-09  2.84451524421799279e-09  4.00000000000000000e+00 -2.50000000000000000e+00  1.65000000000000013e+00 -1.00000000000000006e-01  1.60000000000000009e+00 -8.00000000000000044e-01  2.30000000000000027e+00
 1.85028000000005736e-06  1.00001329990691968e-05 -9.14108958208814659e-04  7.72662772140220167e-04 -1.25609517473866677e-04 -1.31005344338356442e-06  5.29830657582324443e-06 -2.06347633767095162e-09  2.84451529970361102e-09  4.00000000000000000e+00 -2.50000000000000000e+00  1.65000000000000013e+00 -1.00000000000000006e-01  1.60000000000000009e+00 -8.00000000000000044e-01  2.30000000000000027e+00
 1.85128000000005743e-06  1.00001329990901778e-05 -9.14108958215420486e-04  7.72662772133114739e-04 -1.25609517474414389e-04 -1.31005344266616965e-06  5.29830657607343086e-06 -2.06347635953259902e-09  2.84451527447907697e-09  4.00000000000000000e+00 -2.50000000000000000e+00  1.65000000000000013e+00 -1.00000000000000006e-01  1.60000000000000009e+00 -8.00000000000000044e-01  2.30000000000000027e+00
 1.85228000000005751e-06  1.00001329988123917e-05 -9.14108958207371369e-04  7.72662772131116338e-04 -1.25609517474562410e-04 -1.31005344318198964e-06  5.29830657599039537e-06 -2.06347633478004472e-09  2.84451527179030281e-09  4.00000000000000000e+00 -2.50000000000000000e+00  1.65000000000000013e+00 -1.00000000000000006e-01  1.60000000000000009e+00 -8.00000000000000044e-01  2.30000000000000027e+00
 1.85328000000005758e-06  1.00001329984759315e-05 -9.14108958194048693e-04  7.72662772151100352e-04 -1.25609517473718630e-04 -1.31005344270320596e-06  5.29830657556665951e-06 -2.06347635399504503e-09  2.84451527574398047e-09  4.00000000000000000e+00 -2.50000000000000000e+00  1.65000000000000013e+00 -1.00000000000000006e-01  1.60000000000000009e+00 -8.00000000000000044e-01  2.30000000000000027e+00
 1.85428000000005766e-06  1.00001329983031267e-05 -9.14108958170567476e-04  7.72662772142514664e-04 -1.25609517472682430e-04 -1.31005344298778743e-06  5.29830657623371914e-06 -2.06347634119432124e-09  2.84451526657173076e-09  4.00000000000000000e+00 -2.50000000000000000e+00  1.65000000000000013e+00 -1.00000000000000006e-01  1.60000000000000009e+00 -8.00000000000000044e-01  2.30000000000000027e+00
 1.85528000000005773e-06  1.00001329990322137e-05 -9.14108958191162113e-04  7.72662772139924071e-04 -1.25609517472223542e-04 -1.31005344304511991e-06  5.29830657611228849e-06 -2.06347635711057779e-09  2.84451525937044813e-09  4.00000000000000000e+00 -2.50000000000000000e+00  1.65000000000000013e+00 -1.00000000000000006e-01  1.60000000000000009e+00 -8.00000000000000044e-01  2.30000000000000027e+00
 1.85628000000005781e-06  1.00001329993796750e-05 -9.14108958194744426e-04  7.72662772143994925e-04 -1.25609517472430787e-04 -1.31005344299125688e-06  5.29830657571507493e-06 -2.06347634778419497e-09  2.84451528119364197e-09  4.00000000000000000e+00 -2.50000000000000000e+00  1.65000000000000013e+00 -1.00000000000000006e-01  1.60000000000000009e+00 -8.00000000000000044e-01  2.30000000000000027e+00
 1.85728000000005788e-06  1.00001329994077101e-05 -9.14108958192494381e-04  7.72662772133706822e-04 -1.25609517472534410e-04 -1.31005344318979589e-06  5.29830657668370624e-06 -2.06347633255760645e-09  2.84451525587808042e-09  4.00000000000000000e+00 -2.50000000000000000e+00  1.65000000000000013e+00 -1.00000000000000006e-01  1.60000000000000009e+00 -8.00000000000000044e-01  2.30000000000000027e+00
 1.85828000000005796e-06  1.00001329994306376e-05 -9.14108958198463673e-04  7.72662772140442211e-04 -1.25609517472149518e-04 -1.31005344311442224e-06  5.29830657620947112e-06 -2.06347634081005572e-09  2.84451525000937914e-09  4.00000000000000000e+00 -2.50000000000000000e+00  1.65000000000000013e+00 -1.00000000000000006e-01  1.60000000000000009e+00 -8.00000000000000044e-01  2.30000000000000027e+00
 1.85928000000005803e-06  1.00001329990942300e-05 -9.14108958212674527e-04  7.72662772157909684e-04 -1.25609517472667631e-04 -1.31005344313029479e-06  5.29830657660679988e-06 -2.06347632261208390e-09  2.84451525206156255e-09  4.00000000000000000e+00 -2.50000000000000000e+00  1.65000000000000013e+00 -1.00000000000000006e-01  1.60000000000000009e+00 -8.00000000000000044e-01  2.30000000000000027e+00
 1.86028000000005811e-06  1.00001329985477752e-05 -9.14108958216974798e-04  7.72662772155985333e-04 -1.25609517474088722e-04 -1.31005344344740233e-06  5.29830657663517210e-06 -2.06347631675340640e-09  2.84451524773043659e-09  4.00000000000000000e+00 -2.50000000000000000e+00  1.65000000000000013e+00 -1.00000000000000006e-01  1.60000000000000009e+00 -8.00000000000000044e-01  2.30000000000000027e+00
 1.86128000000005818e-06  1.00001329984875494e-05 -9.14108958203071098e-04  7.72662772154356970e-04 -1.25609517474532811e-04 -1.31005344249850859e-06  5.29830657608468708e-06 -2.06347635259000679e-09  2.84451528653171929e-09  4.00000000000000000e+00 -2.50000000000000000e+00  1.65000000000000013e+00 -1.00000000000000006e-01  1.60000000000000009e+00 -8.00000000000000044e-01  2.30000000000000027e+00
 1.86228000000005826e-06  1.00001329986584875e-05 -9.14108958202541899e-04  7.72662772151766486e-04 -1.25609517474947275e-04 -1.31005344335554881e-06  5.29830657567617918e-06 -2.06347635443924681e-09  2.84451528988924375e-09  4.00000000000000000e+00 -2.50000000000000000e+00  1.65000000000000013e+00 -1.00000000000000006e-01  1.60000000000000009e+00 -8.00000000000000044e-01  2.30000000000000027e+00
 1.86328000000005833e-06  1.00001329992432096e-05 -9.14108958204318256e-04  7.72662772130154108e-04 -1.25609517473481786e-04 -1.31005344268152192e-06  5.29830657641162401e-06 -2.06347636720832308e-09  2.84451526045538732e-09  4.00000000000000000e+00 -2.50000000000000000e+00  1.65000000000000013e+00 -1.00000000000000006e-01  1.60000000000000009e+00 -8.00000000000000044e-01  2.30000000000000027e+00
 1.86428000000005841e-06  1.00001329993443741e-05 -9.14108958191994780e-04  7.72662772154356970e-04 -1.25609517472415988e-04 -1.31005344309698819e-06  5.29830657625815942e-06 -2.06347632679127705e-09  2.84451525244475686e-09  4.00000000000000000e+00 -2.50000000000000000e+00  1.65000000000000013e+00 -1.00000000000000006e-01  1.60000000000000009e+00 -8.00000000000000044e-01  2.30000000000000027e+00
 1.86528000000005848e-06  1.00001329990931119e-05 -9.14108958203152522e-04  7.72662772150212174e-04 -1.25609517473674232e-04 -1.31005344365478861e-06  5.29830657638918865e-06 -2.06347632010688263e-09  2.84451527754215408e-09  4.00000000000000000e+00 -2.50000000000000000e+00  1.65000000000000013e+00 -1.00000000000000006e-01  1.60000000000000009e+00 -8.00000000000000044e-01  2.30000000000000027e+00
 1.86628000000005856e-06  1.00001329987932724e-05 -9.14108958218973200e-04  7.72662772148213772e-04 -1.25609517473659405e-04 -1.31005344273018099e-06  5.29830657630029338e-06 -2.06347634799654836e-09  2.84451522494467666e-09  4.00000000000000000e+00 -2.50000000000000000e+00  1.65000000000000013e+00 -1.00000000000000006e-01  1.60000000000000009e+00 -8.00000000000000044e-01  2.30000000000000027e+00
 1.86728000000005863e-06  1.00001329986469594e-05 -9.14108958219028711e-04  7.72662772154653066e-04 -1.25609517474695631e-04 -1.31005344315952505e-06  5.29830657626779697e-06 -2.06347633402342426e-09  2.84451530289871360e-09  4.00000000000000000e+00 -2.50000000000000000e+00  1.65000000000000013e+00 -1.00000000000000006e-01  1.60000000000000009e+00 -8.00000000000000044e-01  2.30000000000000027e+00
 1.86828000000005871e-06  1.00001329990403824e-05 -9.14108958214506395e-04  7.72662772137925669e-04 -1.25609517474088722e-04 -1.31005344299741502e-06  5.29830657674203123e-06 -2.06347635424243820e-09  2.84451524319097857e-09  4.00000000000000000e+00 -2.50000000000000000e+00  1.65000000000000013e+00 -1.00000000000000006e-01  1.60000000000000009e+00 -8.00000000000000044e-01  2.30000000000000027e+00
 1.86928000000005878e-06  1.00001329990742333e-05 -9.14108958210565104e-04  7.72662772152432620e-04 -1.25609517474207144e-04 -1.31005344282203452e-06  5.29830657567718122e-06 -2.06347634274437995e-09  2.84451528332619631e-09  4.00000000000000000e+00 -2.50000000000000000e+00  1.65000000000000013e+00 -1.00000000000000006e-01  1.60000000000000009e+00 -8.00000000000000044e-01  2.30000000000000027e+00
 1.87028000000005886e-06  1.00001329988339300e-05 -9.14108958202349453e-04  7.72662772149768085e-04 -1.25609517474088722e-04 -1.31005344276834491e-06  5.29830657544071927e-06 -2.06347635305749495e-09  2.84451530273983164e-09  4.00000000000000000e+00 -2.50000000000000000e+00  1.65000000000000013e+00 -1.00000000000000006e-01  1.60000000000000009e+00 -8.00000000000000044e-01  2.30000000000000027e+00
 1.87128000000005893e-06  1.00001329984731092e-05 -9.14108958194799937e-04  7.72662772143698829e-04 -1.25609517473644633e-04 -1.31005344313775419e-06  5.29830657557876446e-06 -2.06347635719680393e-09  2.84451528121025631e-09  4.00000000000000000e+00 -2.50000000000000000e+00  1.65000000000000013e+00 -1.00000000000000006e-01  1.60000000000000009e+00 -8.00000000000000044e-01  2.30000000000000027e+00
 1.87228000000005901e-06  1.00001329985730761e-05 -9.14108958187416954e-04  7.72662772150582212e-04 -1.25609517473466986e-04 -1.31005344278942163e-06  5.29830657603619190e-06 -2.06347634305206425e-09  2.84451526318837263e-09  4.00000000000000000e+00 -2.50000000000000000e+00  1.65000000000000013e+00 -1.00000000000000006e-01  1.60000000000000009e+00 -8.00000000000000044e-01  2.30000000000000027e+00
 1.87328000000005908e-06  1.00001329988268793e-05 -9.14108958189470866e-04  7.72662772150804257e-04 -1.25609517471749827e-04 -1.31005344300877754e-06  5.29830657620453716e-06 -2.06347635194240999e-09  2.84451525280677824e-09  4.00000000000000000e+00 -2.50000000000000000e+00  1.65000000000000013e+00 -1.00000000000000006e-01  1.60000000000000009e+00 -8.00000000000000044e-01  2.30000000000000027e+00
 1.87428000000005916e-06  1.00001329990676467e-05 -9.14108958191635801e-04  7.72662772136297415e-04 -1.25609517470802478e-04 -1.31005344313341738e-06  5.29830657676038135e-06 -2.06347633744623725e-09  2.84451525432742531e-09  4.00000000000000000e+00 -2.50000000000000000e+00  1.65000000000000013e+00 -1.00000000000000006e-01  1.60000000000000009e+00 -8.00000000000000044e-01  2.30000000000000027e+00
 1.87528000000005923e-06  1.00001329992005360e-05 -9.14108958202793542e-04  7.72662772137259536e-04 -1.25609517472090321e-04 -1.31005344328884856e-06  5.29830657632484972e-06 -2.06347632861629225e-09  2.84451526688120674e-09  4.00000000000000000e+00 -2.50000000000000000e+00  1.65000000000000013e+00 -1.00000000000000006e-01  1.60000000000000009e+00 -8.00000000000000044e-01  2.30000000000000027e+00
 1.87628000000005931e-06  1.00001329988322614e-05 -9.14108958201820254e-04  7.72662772147547638e-04 -1.25609517473452187e-04 -1.31005344310852414e-06  5.29830657565559374e-06 -2.06347634998879053e-09  2.84451529433333445e-09  4.00000000000000000e+00 -2.50000000000000000e+00  1.65000000000000013e+00 -1.00000000000000006e-01  1.60000000000000009e+00 -8.00000000000000044e-01  2.30000000000000027e+00
 1.87728000000005938e-06  1.00001329990545347e-05 -9.14108958187886955e-04  7.72662772141404441e-04 -1.25609517473437388e-04 -1.31005344301111938e-06  5.29830657649955534e-06 -2.06347635154240612e-09  2.84451525771461287e-09  4.00000000000000000e+00 -2.50000000000000000e+00  1.65000000000000013e+00 -1.00000000000000006e-01  1.60000000000000009e+00 -8.00000000000000044e-01  2.30000000000000027e+00
 1.87828000000005946e-06  1.00001329993330577e-05 -9.14108958214339862e-04  7.72662772136593402e-04 -1.25609517473674232e-04 -1.31005344296089922e-06  5.29830657670540976e-06 -2.06347632236727236e-09  2.84451524137720434e-09  4.00000000000000000e+00 -2.50000000000000000e+00  1.65000000000000013e+00 -1.00000000000000006e-01  1.60000000000000009e+00 -8.00000000000000044e-01  2.30000000000000027e+00
 1.87928000000005953e-06  1.00001329995341196e-05 -9.14108958217503998e-04  7.72662772169530054e-04 -1.25609517474355165e-04 -1.31005344334592101e-06  5.29830657671924859e-06 -2.06347632609100290e-09  2.84451525448610337e-09  4.00000000000000000e+00 -2.50000000000000000e+00  1.65000000000000013e+00 -1.00000000000000006e-01  1.60000000000000009e+00 -8.00000000000000044e-01  2.30000000000000027e+00
 1.88028000000005961e-06  1.00001329992085134e-05 -9.14108958196158117e-04  7.72662772143994925e-04 -1.25609517474503185e-04 -1.31005344288283666e-06  5.29830657580327647e-06 -2.06347634335074594e-09  2.84451527339352194e-09  4.00000000000000000e+00 -2.50000000000000000e+00  1.65000000000000013e+00 -1.00000000000000006e-01  1.60000000000000009e+00 -8.00000000000000044e-01  2.30000000000000027e+00
 1.88128000000005968e-06  1.00001329988502761e-05 -9.14108958197379362e-04  7.72662772158205780e-04 -1.25609517474458787e-04 -1.31005344315189223e-06  5.29830657618796072e-06 -2.06347634041884272e-09  2.84451527768929338e-09  4.00000000000000000e+00 -2.50000000000000000e+00  1.65000000000000013e+00 -1.00000000000000006e-01  1.60000000000000009e+00 -8.00000000000000044e-01  2.30000000000000027e+00
 1.88228000000005976e-06  1.00001329987119098e-05 -9.14108958199240829e-04  7.72662772162128531e-04 -1.25609517473526211e-04 -1.31005344303453814e-06  5.29830657613834746e-06 -2.06347633907650230e-09  2.84451524015685279e-09  4.00000000000000000e+00 -2.50000000000000000e+00  1.65000000000000013e+00 -1.00000000000000006e-01  1.60000000000000009e+00 -8.00000000000000044e-01  2.30000000000000027e+00
 1.88328000000005983e-06  1.00001329988453226e-05 -9.14108958198519184e-04  7.72662772151544441e-04 -1.25609517473466986e-04 -1.31005344318728063e-06  5.29830657622280935e-06 -2.06347634441936113e-09  2.84451526198453574e-09  4.00000000000000000e+00 -2.50000000000000000e+00  1.65000000000000013e+00 -1.00000000000000006e-01  1.60000000000000009e+00 -8.00000000000000044e-01  2.30000000000000027e+00
 1.88428000000005991e-06  1.00001329988719601e-05 -9.14108958209425282e-04  7.72662772155097155e-04 -1.25609517473763028e-04 -1.31005344322969453e-06  5.29830657603464945e-06 -2.06347634281821823e-09  2.84451526462468408e-09  4.00000000000000000e+00 -2.50000000000000000e+00  1.65000000000000013e+00 -1.00000000000000006e-01  1.60000000000000009e+00 -8.00000000000000044e-01  2.30000000000000027e+00
 1.88528000000005999e-06  1.00001329990625391e-05 -9.14108958212619016e-04  7.72662772151470390e-04 -1.25609517473881477e-04 -1.31005344266590940e-06  5.29830657656890617e-06 -2.06347634256848413e-09  2.84451525574198853e-09  4.00000000000000000e+00 -2.50000000000000000e+00  1.65000000000000013e+00 -1.00000000000000006e-01  1.60000000000000009e+00 -8.00000000000000044e-01  2.30000000000000027e+00
 1.88628000000006006e-06  1.00001329989174390e-05 -9.14108958218751155e-04  7.72662772156577416e-04 -1.25609517474384763e-04 -1.31005344299064955e-06  5.29830657615118425e-06 -2.06347632698484558e-09  2.84451530185077585e-09  4.00000000000000000e+00 -2.50000000000000000e+00  1.65000000000000013e+00 -1.00000000000000006e-01  1.60000000000000009e+00 -8.00000000000000044e-01  2.30000000000000027e+00
 1.88728000000006014e-06  1.00001329988109754e-05 -9.14108958207456479e-04  7.72662772162424627e-04 -1.25609517475317340e-04 -1.31005344317192816e-06  5.29830657626748780e-06 -2.06347635075520232e-09  2.84451527008939365e-09  4.00000000000000000e+00 -2.50000000000000000e+00  1.65000000000000013e+00 -1.00000000000000006e-01  1.60000000000000009e+00 -8.00000000000000044e-01  2.30000000000000027e+00
 1.88828000000006021e-06  1.00001329991649691e-05 -9.14108958195188515e-04  7.72662772141108345e-04 -1.25609517474947302e-04 -1.31005344262705156e-06  5.29830657532946572e-06 -2.06347637650956582e-09  2.84451530186325594e-09  4.00000000000000000e+00 -2.50000000000000000e+00  1.65000000000000013e+00 -1.00000000000000006e-01  1.60000000000000009e+00 -8.00000000000000044e-01  2.30000000000000027e+00
 1.88928000000006029e-06  1.00001329994853119e-05 -9.14108958196102606e-04  7.72662772129858121e-04 -1.25609517473437388e-04 -1.31005344291917903e-06  5.29830657602111895e-06 -2.06347634854145607e-09  2.84451526610898773e-09  4.00000000000000000e+00 -2.50000000000000000e+00  1.65000000000000013e+00 -1.00000000000000006e-01  1.60000000000000009e+00 -8.00000000000000044e-01  2.30000000000000027e+00
 1.89028000000006036e-06  1.00001329993909507e-05 -9.14108958192301935e-04  7.72662772136001319e-04 -1.25609517472726829e-04 -1.31005344296532263e-06  5.29830657606664612e-06 -2.06347635376021259e-09  2.84451529286954613e-09  4.00000000000000000e+00 -2.50000000000000000e+00  1.65000000000000013e+00 -1.00000000000000006e-01  1.60000000000000009e+00 -8.00000000000000044e-01  2.30000000000000027e+00
 1.89128000000006044e-06  1.00001329991508372e-05 -9.14108958199044697e-04  7.72662772142810651e-04 -1.25609517471735082e-04 -1.31005344260441354e-06  5.29830657592019667e-06 -2.06347634052307865e-09  2.84451524174921104e-09  4.00000000000000000e+00 -2.50000000000000000e+00  1.65000000000000013e+00 -1.00000000000000006e-01  1.60000000000000009e+00 -8.00000000000000044e-01  2.30000000000000027e+00
 1.89228000000006051e-06  1.00001329989305816e-05 -9.14108958199684918e-04  7.72662772135705223e-04 -1.25609517472786053e-04 -1.31005344358704757e-06  5.29830657660132635e-06 -2.06347631364373132e-09  2.84451527363285755e-09  4.00000000000000000e+00 -2.50000000000000000e+00  1.65000000000000013e+00 -1.00000000000000006e-01  1.60000000000000009e+00 -8.00000000000000044e-01  2.30000000000000027e+00
 1.89328000000006059e-06  1.00001329989378627e-05 -9.14108958208122613e-04  7.72662772143698829e-04 -1.25609517473881477e-04 -1.31005344327687893e-06  5.29830657602424111e-06 -2.06347635477466193e-09  2.84451525135589725e-09  4.00000000000000000e+00 -2.50000000000000000e+00  1.65000000000000013e+00 -1.00000000000000006e-01  1.60000000000000009e+00 -8.00000000000000044e-01  2.30000000000000027e+00
 1.89428000000006066e-06  1.00001329990055321e-05 -9.14108958202127409e-04  7.72662772140220167e-04 -1.25609517473837052e-04 -1.31005344296289398e-06  5.29830657591017373e-06 -2.06347634258550999e-09  2.84451527451331811e-09  4.00000000000000000e+00 -2.50000000000000000e+00  1.65000000000000013e+00 -1.00000000000000006e-01  1.60000000000000009e+00 -8.00000000000000044e-01  2.30000000000000027e+00
 1.89528000000006074e-06  1.00001329989027989e-05 -9.14108958196935273e-04  7.72662772130450204e-04 -1.25609517473304166e-04 -1.31005344283192236e-06  5.29830657606749400e-06 -2.06347635522414484e-09  2.84451529977646743e-09  4.00000000000000000e+00 -2.50000000000000000e+00  1.65000000000000013e+00 -1.00000000000000006e-01  1.60000000000000009e+00 -8.00000000000000044e-01  2.30000000000000027e+00
 1.89628000000006081e-06  1.00001329990093302e-05 -9.14108958195184828e-04  7.72662772134372956e-04 -1.25609517473156146e-04 -1.31005344303991574e-06  5.29830657694025219e-06 -2.06347633506125304e-09  2.84451523891900016e-09  4.00000000000000000e+00 -2.50000000000000000e+00  1.65000000000000013e+00 -1.00000000000000006e-01  1.60000000000000009e+00 -8.00000000000000044e-01  2.30000000000000027e+00
 1.89728000000006089e-06  1.00001329993098439e-05 -9.14108958190359045e-04  7.72662772143698829e-04 -1.25609517473851851e-04 -1.31005344314469308e-06  5.29830657599521329e-06 -2.06347632493962911e-09  2.84451525036849340e-09  4.00000000000000000e+00 -2.50000000000000000e+00  1.65000000000000013e+00 -1.00000000000000006e-01  1.60000000000000009e+00 -8.00000000000000044e-01  2.30000000000000027e+00
 1.89828000000006096e-06  1.00001329992720493e-05 -9.14108958202071897e-04  7.72662772150582212e-04 -1.25609517473822252e-04 -1.31005344311806512e-06  5.29830657608137179e-06 -2.06347633971977047e-09  2.84451526346538714e-09  4.00000000000000000e+00 -2.50000000000000000e+00  1.65000000000000013e+00 -1.00000000000000006e-01  1.60000000000000009e+00 -8.00000000000000044e-01  2.30000000000000027e+00
 1.89928000000006104e-06  1.00001329991760873e-05 -9.14108958211645728e-04  7.72662772150804257e-04 -1.25609517473777854e-04 -1.31005344314035627e-06  5.29830657620187747e-06 -2.06347634664054332e-09  2.84451527424852064e-09  4.00000000000000000e+00 -2.50000000000000000e+00  1.65000000000000013e+00 -1.00000000000000006e-01  1.60000000000000009e+00 -8.00000000000000044e-01  2.30000000000000027e+00
 1.90028000000006111e-06  1.00001329990090880e-05 -9.14108958213840262e-04  7.72662772159538047e-04 -1.25609517474133147e-04 -1.31005344318372436e-06  5.29830657600454251e-06 -2.06347634666014254e-09  2.84451525944004504e-09  4.00000000000000000e+00 -2.50000000000000000e+00  1.65000000000000013e+00 -1.00000000000000006e-01  1.60000000000000009e+00 -8.00000000000000044e-01  2.30000000000000027e+00
 1.90128000000006119e-06  1.00001329989036798e-05 -9.14108958222388979e-04  7.72662772161832544e-04 -1.25609517474073896e-04 -1.31005344319708165e-06  5.29830657710798080e-06 -2.06347632109728294e-09  2.84451521699964451e-09  4.00000000000000000e+00 -2.50000000000000000e+00  1.65000000000000013e+00 -1.00000000000000006e-01  1.60000000000000009e+00 -8.00000000000000044e-01  2.30000000000000027e+00
 1.90228000000006126e-06  1.00001329988128033e-05 -9.14108958207234435e-04  7.72662772150804257e-04 -1.25609517474384791e-04 -1.31005344272870631e-06  5.29830657625800526e-06 -2.06347633388195446e-09  2.84451528349613354e-09  4.00000000000000000e+00 -2.50000000000000000e+00  1.65000000000000013e+00 -1.00000000000000006e-01  1.60000000000000009e+00 -8.00000000000000044e-01  2.30000000000000027e+00
 1.90328000000006134e-06  1.00001329993863497e-05 -9.14108958202985988e-04  7.72662772157687639e-04 -1.25609517474414389e-04 -1.31005344310063106e-06  5.29830657582432440e-06 -2.06347634989298978e-09  2.84451528123179361e-09  4.00000000000000000e+00 -2.50000000000000000e+00  1.65000000000000013e+00 -1.00000000000000006e-01  1.60000000000000009e+00 -8.00000000000000044e-01  2.30000000000000027e+00
 1.90428000000006141e-06  1.00001329993413722e-05 -9.14108958202708433e-04  7.72662772154431021e-04 -1.25609517473511411e-04 -1.31005344272861970e-06  5.29830657554237339e-06 -2.06347637628180122e-09  2.84451529456325468e-09  4.00000000000000000e+00 -2.50000000000000000e+00  1.65000000000000013e+00 -1.00000000000000006e-01  1.60000000000000009e+00 -8.00000000000000044e-01  2.30000000000000027e+00
 1.90528000000006149e-06  1.00001329990978587e-05 -9.14108958182587483e-04  7.72662772134372956e-04 -1.25609517472756454e-04 -1.31005344276756416e-06  5.29830657574950005e-06 -2.06347635431487110e-09  2.84451528428529031e-09  4.00000000000000000e+00 -2.50000000000000000e+00  1.65000000000000013e+00 -1.00000000000000006e-01  1.60000000000000009e+00 -8.00000000000000044e-01  2.30000000000000027e+00
 1.90628000000006156e-06  1.00001329989976412e-05 -9.14108958194966470e-04  7.72662772136075370e-04 -1.25609517472164344e-04 -1.31005344313714708e-06  5.29830657649681858e-06 -2.06347632552566341e-09  2.84451526321327242e-09  4.00000000000000000e+00 -2.50000000000000000e+00  1.65000000000000013e+00 -1.00000000000000006e-01  1.60000000000000009e+00 -8.00000000000000044e-01  2.30000000000000027e+00
 1.90728000000006164e-06  1.00001329991640391e-05 -9.14108958192298249e-04  7.72662772134002918e-04 -1.25609517472253141e-04 -1.31005344299125688e-06  5.29830657590786048e-06 -2.06347634613791860e-09  2.84451526434775270e-09  4.00000000000000000e+00 -2.50000000000000000e+00  1.65000000000000013e+00 -1.00000000000000006e-01  1.60000000000000009e+00 -8.00000000000000044e-01  2.30000000000000027e+00
 1.90828000000006171e-06  1.00001329990210481e-05 -9.14108958206675637e-04  7.72662772125713216e-04 -1.25609517472356763e-04 -1.31005344302864004e-06  5.29830657593997234e-06 -2.06347634995598703e-09  2.84451527894311514e-09  4.00000000000000000e+00 -2.50000000000000000e+00  1.65000000000000013e+00 -1.00000000000000006e-01  1.60000000000000009e+00 -8.00000000000000044e-01  2.30000000000000027e+00
 1.90928000000006179e-06  1.00001329986326868e-05 -9.14108958198741228e-04  7.72662772134669051e-04 -1.25609517472889676e-04 -1.31005344326534319e-06  5.29830657617913294e-06 -2.06347633209774201e-09  2.84451527235973932e-09  4.00000000000000000e+00 -2.50000000000000000e+00  1.65000000000000013e+00 -1.00000000000000006e-01  1.60000000000000009e+00 -8.00000000000000044e-01  2.30000000000000027e+00
 1.91028000000006186e-06  1.00001329985053287e-05 -9.14108958192801535e-04  7.72662772131116338e-04 -1.25609517474073896e-04 -1.31005344298613932e-06  5.29830657569182981e-06 -2.06347634541057787e-09  2.84451528063534469e-09  4.00000000000000000e+00 -2.50000000000000000e+00  1.65000000000000013e+00 -1.00000000000000006e-01  1.60000000000000009e+00 -8.00000000000000044e-01  2.30000000000000027e+00
 1.91128000000006194e-06  1.00001329986775813e-05 -9.14108958200543498e-04  7.72662772129784070e-04 -1.25609517473259741e-04 -1.31005344279878918e-06  5.29830657592412859e-06 -2.06347635921032739e-09  2.84451525071988634e-09  4.00000000000000000e+00 -2.50000000000000000e+00  1.65000000000000013e+00 -1.00000000000000006e-01  1.60000000000000009e+00 -8.00000000000000044e-01  2.30000000000000027e+00
 1.91228000000006201e-06  1.00001329988784873e-05 -9.14108958207234435e-04  7.72662772137555631e-04 -1.25609517472119919e-04 -1.31005344309707501e-06  5.29830657688844172e-06 -2.06347633867038432e-09  2.84451524072495630e-09  4.00000000000000000e+00 -2.50000000000000000e+00  1.65000000000000013e+00 -1.00000000000000006e-01  1.60000000000000009e+00 -8.00000000000000044e-01  2.30000000000000027e+00
 1.91328000000006209e-06  1.00001329991662329e-05 -9.14108958196961185e-04  7.72662772136667453e-04 -1.25609517472312365e-04 -1.31005344313376424e-06  5.29830657637700746e-06 -2.06347632753221581e-09  2.84451527597198329e-09  4.00000000000000000e+00 -2.50000000000000000e+00  1.65000000000000013e+00 -1.00000000000000006e-01  1.60000000000000009e+00 -8.00000000000000044e-01  2.30000000000000027e+00
 1.91428000000006216e-06  1.00001329990137009e-05 -9.14108958210505906e-04  7.72662772140812249e-04 -1.25609517473555810e-04 -1.31005344337480419e-06  5.29830657664326804e-06 -2.06347631735833227e-09  2.84451524218410703e-09  4.00000000000000000e+00 -2.50000000000000000e+00  1.65000000000000013e+00 -1.00000000000000006e-01  1.60000000000000009e+00 -8.00000000000000044e-01  2.30000000000000027e+00
 1.91528000000006224e-06  1.00001329987647630e-05 -9.14108958201653721e-04  7.72662772138221765e-04 -1.25609517474458787e-04 -1.31005344286366788e-06  5.29830657570512907e-06 -2.06347635414780667e-09  2.84451530754931821e-09  4.00000000000000000e+00 -2.50000000000000000e+00  1.65000000000000013e+00 -1.00000000000000006e-01  1.60000000000000009e+00 -8.00000000000000044e-01  2.30000000000000027e+00
 1.91628000000006231e-06  1.00001329986326868e-05 -9.14108958200573096e-04  7.72662772136667453e-04 -1.25609517474325566e-04 -1.31005344289168371e-06  5.29830657576734788e-06 -2.06347635764562013e-09  2.84451528120697737e-09  4.00000000000000000e+00 -2.50000000000000000e+00  1.65000000000000013e+00 -1.00000000000000006e-01  1.60000000000000009e+00 -8.00000000000000044e-01  2.30000000000000027e+00
 1.91728000000006239e-06  1.00001329991677796e-05 -9.14108958195103405e-04  7.72662772134299013e-04 -1.25609517474192318e-04 -1.31005344339032989e-06  5.29830657676770565e-06 -2.06347633244857247e-09  2.84451523355934873e-09  4.00000000000000000e+00 -2.50000000000000000e+00  1.65000000000000013e+00 -1.00000000000000006e-01  1.60000000000000009e+00 -8.00000000000000044e-01  2.30000000000000027e+00
 1.91828000000006246e-06  1.00001329995563593e-05 -9.14108958216808265e-04  7.72662772141108345e-04 -1.25609517473585435e-04 -1.31005344301302753e-06  5.29830657676516116e-06 -2.06347633432031221e-09  2.84451523354263637e-09  4.00000000000000000e+00 -2.50000000000000000e+00  1.65000000000000013e+00 -1.00000000000000006e-01  1.60000000000000009e+00 -8.00000000000000044e-01  2.30000000000000027e+00
 1.91928000000006254e-06  1.00001329996080690e-05 -9.14108958202127409e-04  7.72662772142070574e-04 -1.25609517474443988e-04 -1.31005344320376050e-06  5.29830657587655838e-06 -2.06347633350159241e-09  2.84451527569787549e-09  4.00000000000000000e+00 -2.50000000000000000e+00  1.65000000000000013e+00 -1.00000000000000006e-01  1.60000000000000009e+00 -8.00000000000000044e-01  2.30000000000000027e+00
 1.92028000000006261e-06  1.00001329995321240e-05 -9.14108958211257150e-04  7.72662772165977341e-04 -1.25609517474976873e-04 -1.31005344304173729e-06  5.29830657591788342e-06 -2.06347634096148644e-09  2.84451527202541319e-09  4.00000000000000000e+00 -2.50000000000000000e+00  1.65000000000000013e+00 -1.00000000000000006e-01  1.60000000000000009e+00 -8.00000000000000044e-01  2.30000000000000027e+00
 1.92128000000006269e-06  1.00001329993085937e-05 -9.14108958206982791e-04  7.72662772162128531e-04 -1.25609517474236770e-04 -1.31005344271049171e-06  5.29830657592551603e-06 -2.06347636198335030e-09  2.84451526545406458e-09  4.00000000000000000e+00 -2.50000000000000000e+00  1.65000000000000013e+00 -1.00000000000000006e-01  1.60000000000000009e+00 -8.00000000000000044e-01  2.30000000000000027e+00
 1.92228000000006276e-06  1.00001329988880266e-05 -9.14108958201235544e-04  7.72662772136371357e-04 -1.25609517473422588e-04 -1.31005344272783895e-06  5.29830657572502079e-06 -2.06347634430646008e-09  2.84451529470358753e-09  4.00000000000000000e+00 -2.50000000000000000e+00  1.65000000000000013e+00 -1.00000000000000006e-01  1.60000000000000009e+00 -8.00000000000000044e-01  2.30000000000000027e+00
 1.92328000000006284e-06  1.00001329986789738e-05 -9.14108958202541899e-04  7.72662772154653066e-04 -1.25609517473333765e-04 -1.31005344350464820e-06  5.29830657551781790e-06 -2.06347634461534586e-09  2.84451529025637132e-09  4.00000000000000000e+00 -2.50000000000000000e+00  1.65000000000000013e+00 -1.00000000000000006e-01  1.60000000000000009e+00 -8.00000000000000044e-01  2.30000000000000027e+00
 1.92428000000006292e-06  1.00001329987288945e-05 -9.14108958172787922e-04  7.72662772142810651e-04 -1.25609517472845251e-04 -1.31005344267839933e-06  5.29830657637704558e-06 -2.06347634549821103e-09  2.84451524973855608e-09  4.00000000000000000e+00 -2.50000000000000000e+00  1.65000000000000013e+00 -1.00000000000000006e-01  1.60000000000000009e+00 -8.00000000000000044e-01  2.30000000000000027e+00
 1.92528000000006299e-06  1.00001329991093614e-05 -9.14108958201846167e-04  7.72662772150582212e-04 -1.25609517471290965e-04 -1.31005344270416014e-06  5.29830657600180575e-06 -2.06347635881532714e-09  2.84451525437512468e-09  4.00000000000000000e+00 -2.50000000000000000e+00  1.65000000000000013e+00 -1.00000000000000006e-01  1.60000000000000009e+00 -8.00000000000000044e-01  2.30000000000000027e+00
 1.92628000000006307e-06  1.00001329989293991e-05 -9.14108958205343369e-04  7.72662772136667453e-04 -1.25609517471794252e-04 -1.31005344341999361e-06  5.29830657647072065e-06 -2.06347632250057913e-09  2.84451527894177180e-09  4.00000000000000000e+00 -2.50000000000000000e+00  1.65000000000000013e+00 -1.00000000000000006e-01  1.60000000000000009e+00 -8.00000000000000044e-01  2.30000000000000027e+00
 1.92728000000006314e-06  1.00001329991481487e-05 -9.14108958185166909e-04  7.72662772143772880e-04 -1.25609517471749827e-04 -1.31005344281336090e-06  5.29830657604956824e-06 -2.06347635452099293e-09  2.84451524306267086e-09  4.00000000000000000e+00 -2.50000000000000000e+00  1.65000000000000013e+00 -1.00000000000000006e-01  1.60000000000000009e+00 -8.00000000000000044e-01  2.30000000000000027e+00
 1.92828000000006322e-06  1.00001329991991063e-05 -9.14108958186747133e-04  7.72662772133114739e-04 -1.25609517472164317e-04 -1.31005344289159689e-06  5.29830657573342505e-06 -2.06347634173900685e-09  2.84451529055029713e-09  4.00000000000000000e+00 -2.50000000000000000e+00  1.65000000000000013e+00 -1.00000000000000006e-01  1.60000000000000009e+00 -8.00000000000000044e-01  2.30000000000000027e+00
 1.92928000000006329e-06  1.00001329992806298e-05 -9.14108958192742338e-04  7.72662772139554033e-04 -1.25609517472401161e-04 -1.31005344328711384e-06  5.29830657616178571e-06 -2.06347633598858082e-09  2.84451525870828219e-09  4.00000000000000000e+00 -2.50000000000000000e+00  1.65000000000000013e+00 -1.00000000000000006e-01  1.60000000000000009e+00 -8.00000000000000044e-01  2.30000000000000027e+00
 1.93028000000006337e-06  1.00001329994254097e-05 -9.14108958191247223e-04  7.72662772150212174e-04 -1.25609517472504784e-04 -1.31005344303315028e-06  5.29830657647777559e-06 -2.06347634811218862e-09  2.84451528762931435e-09  4.00000000000000000e+00 -2.50000000000000000e+00  1.65000000000000013e+00 -1.00000000000000006e-01  1.60000000000000009e+00 -8.00000000000000044e-01  2.30000000000000027e+00
 1.93128000000006344e-06  1.00001329993426682e-05 -9.14108958209898970e-04  7.72662772141774479e-04 -1.25609517473022897e-04 -1.31005344310739653e-06  5.29830657606456412e-06 -2.06347633604103689e-09  2.84451524836252872e-09  4.00000000000000000e+00 -2.50000000000000000e+00  1.65000000000000013e+00 -1.00000000000000006e-01  1.60000000000000009e+00 -8.00000000000000044e-01  2.30000000000000027e+00
 1.93228000000006352e-06  1.00001329992220253e-05 -9.14108958183253617e-04  7.72662772133336784e-04 -1.25609517473289340e-04 -1.31005344287442308e-06  5.29830657598580784e-06 -2.06347635108514357e-09  2.84451529026536649e-09  4.00000000000000000e+00 -2.50000000000000000e+00  1.65000000000000013e+00 -1.00000000000000006e-01  1.60000000000000009e+00 -8.00000000000000044e-01  2.30000000000000027e+00
 1.93328000000006359e-06  1.00001329991573052e-05 -9.14108958195184828e-04  7.72662772128895892e-04 -1.25609517472489985e-04 -1.31005344275793657e-06  5.29830657591938690e-06 -2.06347634555356679e-09  2.84451525272085155e-09  4.00000000000000000e+00 -2.50000000000000000e+00  1.65000000000000013e+00 -1.00000000000000006e-01  1.60000000000000009e+00 -8.00000000000000044e-01  2.30000000000000027e+00
 1.93428000000006367e-06  1.00001329991491178e-05 -9.14108958200291854e-04  7.72662772122086560e-04 -1.25609517471735028e-04 -1.31005344272254817e-06  5.29830657605469533e-06 -2.06347634004822403e-09  2.84451526106741081e-09  4.00000000000000000e+00 -2.50000000000000000e+00  1.65000000000000013e+00 -1.00000000000000006e-01  1.60000000000000009e+00 -8.00000000000000044e-01  2.30000000000000027e+00
 1.93528000000006374e-06  1.00001329989418657e-05 -9.14108958158577067e-04  7.72662772147029498e-04 -1.25609517471616606e-04 -1.31005344294181726e-06  5.29830657516362599e-06 -2.06347635451005802e-09  2.84451531217977643e-09  4.00000000000000000e+00 -2.50000000000000000e+00  1.65000000000000013e+00 -1.00000000000000006e-01  1.60000000000000009e+00 -8.00000000000000044e-01  2.30000000000000027e+00
 1.93628000000006382e-06  1.00001329987691794e-05 -9.14108958174730812e-04  7.72662772135409236e-04 -1.25609517471157717e-04 -1.31005344349866349e-06  5.29830657623853791e-06 -2.06347635061956042e-09  2.84451526325509839e-09  4.00000000000000000e+00 -2.50000000000000000e+00  1.65000000000000013e+00 -1.00000000000000006e-01  1.60000000000000009e+00 -8.00000000000000044e-01  2.30000000000000027e+00
 1.93728000000006389e-06  1.00001329987889509e-05 -9.14108958197601407e-04  7.72662772130376153e-04 -1.25609517472105093e-04 -1.31005344304321176e-06  5.29830657663771658e-06 -2.06347632335635537e-09  2.84451525401846467e-09  4.00000000000000000e+00 -2.50000000000000000e+00  1.65000000000000013e+00 -1.00000000000000006e-01  1.60000000000000009e+00 -8.00000000000000044e-01  2.30000000000000027e+00
 1.93828000000006397e-06  1.00001329987023180e-05 -9.14108958189304333e-04  7.72662772152062582e-04 -1.25609517472948873e-04 -1.31005344333403819e-06  5.29830657653305465e-06 -2.06347632727420453e-09  2.84451523444148391e-09  4.00000000000000000e+00 -2.50000000000000000e+00  1.65000000000000013e+00 -1.00000000000000006e-01  1.60000000000000009e+00 -8.00000000000000044e-01  2.30000000000000027e+00
 1.93928000000006404e-06  1.00001329984414980e-05 -9.14108958217170931e-04  7.72662772135409236e-04 -1.25609517473674204e-04 -1.31005344337558474e-06  5.29830657631636922e-06 -2.06347633938827618e-09  2.84451527266752455e-09  4.00000000000000000e+00 -2.50000000000000000e+00  1.65000000000000013e+00 -1.00000000000000006e-01  1.60000000000000009e+00 -8.00000000000000044e-01  2.30000000000000027e+00
 1.94028000000006412e-06  1.00001329985544718e-05 -9.14108958211897371e-04  7.72662772137851727e-04 -1.25609517474666060e-04 -1.31005344311875905e-06  5.29830657690621332e-06 -2.06347631889906121e-09  2.84451521553000471e-09  4.00000000000000000e+00 -2.50000000000000000e+00  1.65000000000000013e+00 -1.00000000000000006e-01  1.60000000000000009e+00 -8.00000000000000044e-01  2.30000000000000027e+00
 1.94128000000006419e-06  1.00001329989661366e-05 -9.14108958221637735e-04  7.72662772165015111e-04 -1.25609517474976873e-04 -1.31005344298874140e-06  5.29830657681315489e-06 -2.06347632801922295e-09  2.84451525881100645e-09  4.00000000000000000e+00 -2.50000000000000000e+00  1.65000000000000013e+00 -1.00000000000000006e-01  1.60000000000000009e+00 -8.00000000000000044e-01  2.30000000000000027e+00
 1.94228000000006427e-06  1.00001329993766969e-05 -9.14108958210091416e-04  7.72662772165681245e-04 -1.25609517474266341e-04 -1.31005344298596589e-06  5.29830657545112761e-06 -2.06347635330751277e-09  2.84451526546442295e-09  4.00000000000000000e+00 -2.50000000000000000e+00  1.65000000000000013e+00 -1.00000000000000006e-01  1.60000000000000009e+00 -8.00000000000000044e-01  2.30000000000000027e+00
 1.94328000000006434e-06  1.00001329996127006e-05 -9.14108958213921685e-04  7.72662772159538047e-04 -1.25609517474621634e-04 -1.31005344335893143e-06  5.29830657634763236e-06 -2.06347633872829317e-09  2.84451528052536234e-09  4.00000000000000000e+00 -2.50000000000000000e+00  1.65000000000000013e+00 -1.00000000000000006e-01  1.60000000000000009e+00 -8.00000000000000044e-01  2.30000000000000027e+00
 1.94428000000006442e-06  1.00001329993576962e-05 -9.14108958203681721e-04  7.72662772158575818e-04 -1.25609517474592009e-04 -1.31005344254551955e-06  5.29830657605808770e-06 -2.06347635532194406e-09  2.84451528106596706e-09  4.00000000000000000e+00 -2.50000000000000000e+00  1.65000000000000013e+00 -1.00000000000000006e-01  1.60000000000000009e+00 -8.00000000000000044e-01  2.30000000000000027e+00
 1.94528000000006449e-06  1.00001329991105913e-05 -9.14108958214754352e-04  7.72662772155023104e-04 -1.25609517473881450e-04 -1.31005344295907767e-06  5.29830657621398157e-06 -2.06347634930028799e-09  2.84451527670847596e-09  4.00000000000000000e+00 -2.50000000000000000e+00  1.65000000000000013e+00 -1.00000000000000006e-01  1.60000000000000009e+00 -8.00000000000000044e-01  2.30000000000000027e+00
 1.94628000000006457e-06  1.00001329992413935e-05 -9.14108958193412158e-04  7.72662772161166410e-04 -1.25609517474680805e-04 -1.31005344284311145e-06  5.29830657549688518e-06 -2.06347634655086123e-09  2.84451528430860026e-09  4.00000000000000000e+00 -2.50000000000000000e+00  1.65000000000000013e+00 -1.00000000000000006e-01  1.60000000000000009e+00 -8.00000000000000044e-01  2.30000000000000027e+00
 1.94728000000006464e-06  1.00001329993794142e-05 -9.14108958181503173e-04  7.72662772158575818e-04 -1.25609517474133120e-04 -1.31005344292117401e-06  5.29830657525198084e-06 -2.06347637301913908e-09  2.84451532504228607e-09  4.00000000000000000e+00 -2.50000000000000000e+00  1.65000000000000013e+00 -1.00000000000000006e-01  1.60000000000000009e+00 -8.00000000000000044e-01  2.30000000000000027e+00
 1.94828000000006472e-06  1.00001329992444157e-05 -9.14108958190581089e-04  7.72662772132004516e-04 -1.25609517473511411e-04 -1.31005344335667621e-06  5.29830657643452270e-06 -2.06347634955894240e-09  2.84451523863994334e-09  4.00000000000000000e+00 -2.50000000000000000e+00  1.65000000000000013e+00 -1.00000000000000006e-01  1.60000000000000009e+00 -8.00000000000000044e-01  2.30000000000000027e+00
 1.94928000000006479e-06  1.00001329994245220e-05 -9.14108958211035105e-04  7.72662772137555631e-04 -1.25609517473763028e-04 -1.31005344324270496e-06  5.29830657698161619e-06 -2.06347632290751104e-09  2.84451524003637145e-09  4.00000000000000000e+00 -2.50000000000000000e+00  1.65000000000000013e+00 -1.00000000000000006e-01  1.60000000000000009e+00 -8.00000000000000044e-01  2.30000000000000027e+00
 1.95028000000006487e-06  1.00001329994989457e-05 -9.14108958210343059e-04  7.72662772141774479e-04 -1.25609517473644633e-04 -1.31005344282758555e-06  5.29830657665487154e-06 -2.06347632754927517e-09  2.84451525946745698e-09  4.00000000000000000e+00 -2.50000000000000000e+00  1.65000000000000013e+00 -1.00000000000000006e-01  1.60000000000000009e+00 -8.00000000000000044e-01  2.30000000000000027e+00
 1.95128000000006494e-06  1.00001329991019482e-05 -9.14108958203652122e-04  7.72662772140220167e-04 -1.25609517473822279e-04 -1.31005344321616361e-06  5.29830657586534112e-06 -2.06347633901356295e-09  2.84451526689180499e-09  4.00000000000000000e+00 -2.50000000000000000e+00  1.65000000000000013e+00 -1.00000000000000006e-01  1.60000000000000009e+00 -8.00000000000000044e-01  2.30000000000000027e+00
 1.95228000000006502e-06  1.00001329991789418e-05 -9.14108958193301136e-04  7.72662772152432620e-04 -1.25609517474147947e-04 -1.31005344309707501e-06  5.29830657629817326e-06 -2.06347633081511906e-09  2.84451525327120997e-09  4.00000000000000000e+00 -2.50000000000000000e+00  1.65000000000000013e+00 -1.00000000000000006e-01  1.60000000000000009e+00 -8.00000000000000044e-01  2.30000000000000027e+00
 1.95328000000006509e-06  1.00001329990408957e-05 -9.14108958214088219e-04  7.72662772140442211e-04 -1.25609517473481786e-04 -1.31005344273269626e-06  5.29830657604517384e-06 -2.06347634722682247e-09  2.84451527330901552e-09  4.00000000000000000e+00 -2.50000000000000000e+00  1.65000000000000013e+00 -1.00000000000000006e-01  1.60000000000000009e+00 -8.00000000000000044e-01  2.30000000000000027e+00
 1.95428000000006517e-06  1.00001329990303485e-05 -9.14108958191883758e-04  7.72662772138813848e-04 -1.25609517472830478e-04 -1.31005344266330732e-06  5.29830657539904694e-06 -2.06347636905379653e-09  2.84451531593967793e-09  4.00000000000000000e+00 -2.50000000000000000e+00  1.65000000000000013e+00 -1.00000000000000006e-01  1.60000000000000009e+00 -8.00000000000000044e-01  2.30000000000000027e+00
 1.95528000000006524e-06  1.00001329991782625e-05 -9.14108958185192821e-04  7.72662772144364963e-04 -1.25609517472430787e-04 -1.31005344306081925e-06  5.29830657566187703e-06 -2.06347635604168715e-09  2.84451525358531526e-09  4.00000000000000000e+00 -2.50000000000000000e+00  1.65000000000000013e+00 -1.00000000000000006e-01  1.60000000000000009e+00 -8.00000000000000044e-01  2.30000000000000027e+00
 1.95628000000006532e-06  1.00001329990891512e-05 -9.14108958173176500e-04  7.72662772152432620e-04 -1.25609517471453785e-04 -1.31005344312491719e-06  5.29830657576696248e-06 -2.06347634439365277e-09  2.84451528128862506e-09  4.00000000000000000e+00 -2.50000000000000000e+00  1.65000000000000013e+00 -1.00000000000000006e-01  1.60000000000000009e+00 -8.00000000000000044e-01  2.30000000000000027e+00
 1.95728000000006539e-06  1.00001329989584100e-05 -9.14108958174175701e-04  7.72662772131708421e-04 -1.25609517471098492e-04 -1.31005344268516479e-06  5.29830657633903582e-06 -2.06347634140849732e-09  2.84451525607446261e-09  4.00000000000000000e+00 -2.50000000000000000e+00  1.65000000000000013e+00 -1.00000000000000006e-01  1.60000000000000009e+00 -8.00000000000000044e-01  2.30000000000000027e+00
 1.95828000000006547e-06  1.00001329986156700e-05 -9.14108958195880561e-04  7.72662772152432620e-04 -1.25609517471572207e-04 -1.31005344357759341e-06  5.29830657631860454e-06 -2.06347632676457359e-09  2.84451526487645387e-09  4.00000000000000000e+00 -2.50000000000000000e+00  1.65000000000000013e+00 -1.00000000000000006e-01  1.60000000000000009e+00 -8.00000000000000044e-01  2.30000000000000027e+00
 1.95928000000006554e-06  1.00001329989933399e-05 -9.14108958203430078e-04  7.72662772143994925e-04 -1.25609517472682430e-04 -1.31005344295161828e-06  5.29830657668621176e-06 -2.06347633384689813e-09  2.84451522200740173e-09  4.00000000000000000e+00 -2.50000000000000000e+00  1.65000000000000013e+00 -1.00000000000000006e-01  1.60000000000000009e+00 -8.00000000000000044e-01  2.30000000000000027e+00
 1.96028000000006562e-06  1.00001329993363103e-05 -9.14108958203622523e-04  7.72662772148213772e-04 -1.25609517473348564e-04 -1.31005344324383257e-06  5.29830657648448239e-06 -2.06347633735827570e-09  2.84451529097033324e-09  4.00000000000000000e+00 -2.50000000000000000e+00  1.65000000000000013e+00 -1.00000000000000006e-01  1.60000000000000009e+00 -8.00000000000000044e-01  2.30000000000000027e+00
 1.96128000000006569e-06  1.00001329996774512e-05 -9.14108958202153321e-04  7.72662772136667453e-04 -1.25609517474147947e-04 -1.31005344314148389e-06  5.29830657650649424e-06 -2.06347633625961523e-09  2.84451524084709324e-09  4.00000000000000000e+00 -2.50000000000000000e+00  1.65000000000000013e+00 -1.00000000000000006e-01  1.60000000000000009e+00 -8.00000000000000044e-01  2.30000000000000027e+00
 1.96228000000006577e-06  1.00001329995509841e-05 -9.14108958215420486e-04  7.72662772151766486e-04 -1.25609517474473614e-04 -1.31005344323489870e-06  5.29830657623807458e-06 -2.06347633536684499e-09  2.84451526012781222e-09  4.00000000000000000e+00 -2.50000000000000000e+00  1.65000000000000013e+00 -1.00000000000000006e-01  1.60000000000000009e+00 -8.00000000000000044e-01  2.30000000000000027e+00
 1.96328000000006585e-06  1.00001329992479716e-05 -9.14108958220113022e-04  7.72662772153320798e-04 -1.25609517474266341e-04 -1.31005344289940314e-06  5.29830657596637860e-06 -2.06347634209413947e-09  2.84451528156482562e-09  4.00000000000000000e+00 -2.50000000000000000e+00  1.65000000000000013e+00 -1.00000000000000006e-01  1.60000000000000009e+00 -8.00000000000000044e-01  2.30000000000000027e+00
 1.96428000000006592e-06  1.00001329991795584e-05 -9.14108958195714028e-04  7.72662772155319200e-04 -1.25609517473363364e-04 -1.31005344292100058e-06  5.29830657610080018e-06 -2.06347634705999131e-09  2.84451525806196007e-09  4.00000000000000000e+00 -2.50000000000000000e+00  1.65000000000000013e+00 -1.00000000000000006e-01  1.60000000000000009e+00 -8.00000000000000044e-01  2.30000000000000027e+00
 1.96528000000006600e-06  1.00001329993301948e-05 -9.14108958199488786e-04  7.72662772154431021e-04 -1.25609517472786053e-04 -1.31005344284207066e-06  5.29830657605808770e-06 -2.06347635404781874e-09  2.84451527884083425e-09  4.00000000000000000e+00 -2.50000000000000000e+00  1.65000000000000013e+00 -1.00000000000000006e-01  1.60000000000000009e+00 -8.00000000000000044e-01  2.30000000000000027e+00
 1.96628000000006607e-06  1.00001329992291149e-05 -9.14108958207648925e-04  7.72662772146955556e-04 -1.25609517472297566e-04 -1.31005344298423116e-06  5.29830657592991129e-06 -2.06347634666188996e-09  2.84451525234966583e-09  4.00000000000000000e+00 -2.50000000000000000e+00  1.65000000000000013e+00 -1.00000000000000006e-01  1.60000000000000009e+00 -8.00000000000000044e-01  2.30000000000000027e+00
 1.96728000000006615e-06  1.00001329992347646e-05 -9.14108958180837039e-04  7.72662772147325594e-04 -1.25609517473837079e-04 -1.31005344307356942e-06  5.29830657586233415e-06 -2.06347632653794389e-09  2.84451530587360415e-09  4.00000000000000000e+00 -2.50000000000000000e+00  1.65000000000000013e+00 -1.00000000000000006e-01  1.60000000000000009e+00 -8.00000000000000044e-01  2.30000000000000027e+00
 1.96828000000006622e-06  1.00001329992693947e-05 -9.14108958192050292e-04  7.72662772151470390e-04 -1.25609517473244942e-04 -1.31005344291744431e-06  5.29830657612127043e-06 -2.06347637012932158e-09  2.84451527534960267e-09  4.00000000000000000e+00 -2.50000000000000000e+00  1.65000000000000013e+00 -1.00000000000000006e-01  1.60000000000000009e+00 -8.00000000000000044e-01  2.30000000000000027e+00
 1.96928000000006630e-06  1.00001329991669817e-05 -9.14108958193301136e-04  7.72662772137259536e-04 -1.25609517471305711e-04 -1.31005344267397591e-06  5.29830657635676846e-06 -2.06347634943266791e-09  2.84451525511337635e-09  4.00000000000000000e+00 -2.50000000000000000e+00  1.65000000000000013e+00 -1.00000000000000006e-01  1.60000000000000009e+00 -8.00000000000000044e-01  2.30000000000000027e+00
 1.97028000000006637e-06  1.00001329993186954e-05 -9.14108958195880561e-04  7.72662772137259536e-04 -1.25609517472208743e-04 -1.31005344316828528e-06  5.29830657630908305e-06 -2.06347633038484162e-09  2.84451527750576805e-09  4.00000000000000000e+00 -2.50000000000000000e+00  1.65000000000000013e+00 -1.00000000000000006e-01  1.60000000000000009e+00 -8.00000000000000044e-01  2.30000000000000027e+00
 1.97128000000006645e-06  1.00001329994102207e-05 -9.14108958202042299e-04  7.72662772130154108e-04 -1.25609517473496612e-04 -1.31005344334860991e-06  5.29830657630037046e-06 -2.06347633186273958e-09  2.84451526317113460e-09  4.00000000000000000e+00 -2.50000000000000000e+00  1.65000000000000013e+00 -1.00000000000000006e-01  1.60000000000000009e+00 -8.00000000000000044e-01  2.30000000000000027e+00
 1.97228000000006652e-06  1.00001329995525477e-05 -9.14108958203818656e-04  7.72662772143698829e-04 -1.25609517474073923e-04 -1.31005344323489870e-06  5.29830657607928978e-06 -2.06347634753652592e-09  2.84451527602728321e-09  4.00000000000000000e+00 -2.50000000000000000e+00  1.65000000000000013e+00 -1.00000000000000006e-01  1.60000000000000009e+00 -8.00000000000000044e-01  2.30000000000000027e+00
 1.97328000000006660e-06  1.00001329991882930e-05 -9.14108958197323851e-04  7.72662772148213772e-04 -1.25609517474843679e-04 -1.31005344297390964e-06  5.29830657617176969e-06 -2.06347633580298507e-09  2.84451527512957429e-09  4.00000000000000000e+00 -2.50000000000000000e+00  1.65000000000000013e+00 -1.00000000000000006e-01  1.60000000000000009e+00 -8.00000000000000044e-01  2.30000000000000027e+00
 1.97428000000006667e-06  1.00001329985700454e-05 -9.14108958185807130e-04  7.72662772135705223e-04 -1.25609517473763055e-04 -1.31005344278048797e-06  5.29830657522480379e-06 -2.06347635924518354e-09  2.84451526535585467e-09  4.00000000000000000e+00 -2.50000000000000000e+00  1.65000000000000013e+00 -1.00000000000000006e-01  1.60000000000000009e+00 -8.00000000000000044e-01  2.30000000000000027e+00
 1.97528000000006675e-06  1.00001329988923262e-05 -9.14108958190995580e-04  7.72662772143180797e-04 -1.25609517471661004e-04 -1.31005344252305497e-06  5.29830657648664148e-06 -2.06347635430558228e-09  2.84451525751429578e-09  4.00000000000000000e+00 -2.50000000000000000e+00  1.65000000000000013e+00 -1.00000000000000006e-01  1.60000000000000009e+00 -8.00000000000000044e-01  2.30000000000000027e+00
 1.97628000000006682e-06  1.00001329993652670e-05 -9.14108958190662513e-04  7.72662772144364963e-04 -1.25609517470920900e-04 -1.31005344325432752e-06  5.29830657614813916e-06 -2.06347632952584227e-09  2.84451524050383893e-09  4.00000000000000000e+00 -2.50000000000000000e+00  1.65000000000000013e+00 -1.00000000000000006e-01  1.60000000000000009e+00 -8.00000000000000044e-01  2.30000000000000027e+00
 1.97728000000006690e-06  1.00001329994217861e-05 -9.14108958184278730e-04  7.72662772142810651e-04 -1.25609517471794279e-04 -1.31005344297668516e-06  5.29830657610901132e-06 -2.06347635056955239e-09  2.84451530741617191e-09  4.00000000000000000e+00 -2.50000000000000000e+00  1.65000000000000013e+00 -1.00000000000000006e-01  1.60000000000000009e+00 -8.00000000000000044e-01  2.30000000000000027e+00
 1.97828000000006697e-06  1.00001329993169844e-05 -9.14108958184500775e-04  7.72662772140590205e-04 -1.25609517472253168e-04 -1.31005344332094095e-06  5.29830657626401835e-06 -2.06347633332814050e-09  2.84451526151922017e-09  4.00000000000000000e+00 -2.50000000000000000e+00  1.65000000000000013e+00 -1.00000000000000006e-01  1.60000000000000009e+00 -8.00000000000000044e-01  2.30000000000000027e+00
 1.97928000000006705e-06  1.00001329993424564e-05 -9.14108958197682830e-04  7.72662772136889497e-04 -1.25609517472712029e-04 -1.31005344310410051e-06  5.29830657623537678e-06 -2.06347634324690954e-09  2.84451526802906790e-09  4.00000000000000000e+00 -2.50000000000000000e+00  1.65000000000000013e+00 -1.00000000000000006e-01  1.60000000000000009e+00 -8.00000000000000044e-01  2.30000000000000027e+00
 1.98028000000006712e-06  1.00001329992528590e-05 -9.14108958195825050e-04  7.72662772141108345e-04 -1.25609517473052496e-04 -1.31005344289411236e-06  5.29830657627643162e-06 -2.06347633979699150e-09  2.84451526212695928e-09  4.00000000000000000e+00 -2.50000000000000000e+00  1.65000000000000013e+00 -1.00000000000000006e-01  1.60000000000000009e+00 -8.00000000000000044e-01  2.30000000000000027e+00
 1.98128000000006720e-06  1.00001329989211761e-05 -9.14108958200987587e-04  7.72662772140812249e-04 -1.25609517473333765e-04 -1.31005344333993630e-06  5.29830657662973668e-06 -2.06347633038652121e-09  2.84451526299209094e-09  4.00000000000000000e+00 -2.50000000000000000e+00  1.65000000000000013e+00 -1.00000000000000006e-01  1.60000000000000009e+00 -8.00000000000000044e-01  2.30000000000000027e+00
 1.98228000000006727e-06  1.00001329989253029e-05 -9.14108958213866174e-04  7.72662772148213772e-04 -1.25609517474917676e-04 -1.31005344337541131e-06  5.29830657660171175e-06 -2.06347632123481288e-09  2.84451525015589268e-09  4.00000000000000000e+00 -2.50000000000000000e+00  1.65000000000000013e+00 -1.00000000000000006e-01  1.60000000000000009e+00 -8.00000000000000044e-01  2.30000000000000027e+00
 1.98328000000006735e-06  1.00001329988652550e-05 -9.14108958210287548e-04  7.72662772151766486e-04 -1.25609517474177518e-04 -1.31005344271743061e-06  5.29830657550833452e-06 -2.06347636321093844e-09  2.84451526139585280e-09  4.00000000000000000e+00 -2.50000000000000000e+00  1.65000000000000013e+00 -1.00000000000000006e-01  1.60000000000000009e+00 -8.00000000000000044e-01  2.30000000000000027e+00
 1.98428000000006742e-06  1.00001329990452021e-05 -9.14108958210591016e-04  7.72662772141404441e-04 -1.25609517474310740e-04 -1.31005344316143321e-06  5.29830657650221587e-06 -2.06347632947347967e-09  2.84451526339713027e-09  4.00000000000000000e+00 -2.50000000000000000e+00  1.65000000000000013e+00 -1.00000000000000006e-01  1.60000000000000009e+00 -8.00000000000000044e-01  2.30000000000000027e+00
 1.98528000000006750e-06  1.00001329991486807e-05 -9.14108958197742028e-04  7.72662772134372956e-04 -1.25609517474236743e-04 -1.31005344298171590e-06  5.29830657591364317e-06 -2.06347634494015653e-09  2.84451526309283451e-09  4.00000000000000000e+00 -2.50000000000000000e+00  1.65000000000000013e+00 -1.00000000000000006e-01  1.60000000000000009e+00 -8.00000000000000044e-01  2.30000000000000027e+00
 1.98628000000006757e-06  1.00001329990711704e-05 -9.14108958192468468e-04  7.72662772137259536e-04 -1.25609517473733429e-04 -1.31005344294780197e-06  5.29830657565046665e-06 -2.06347635310407266e-09  2.84451527544695811e-09  4.00000000000000000e+00 -2.50000000000000000e+00  1.65000000000000013e+00 -1.00000000000000006e-01  1.60000000000000009e+00 -8.00000000000000044e-01  2.30000000000000027e+00
 1.98728000000006765e-06  1.00001329989535141e-05 -9.14108958195658516e-04  7.72662772144364963e-04 -1.25609517472519610e-04 -1.31005344274752823e-06  5.29830657566561583e-06 -2.06347634971849479e-09  2.84451527484451875e-09  4.00000000000000000e+00 -2.50000000000000000e+00  1.65000000000000013e+00 -1.00000000000000006e-01  1.60000000000000009e+00 -8.00000000000000044e-01  2.30000000000000027e+00
 1.98828000000006772e-06  1.00001329989601464e-05 -9.14108958199710830e-04  7.72662772155615295e-04 -1.25609517472771254e-04 -1.31005344341973358e-06  5.29830657684518968e-06 -2.06347633863130997e-09  2.84451526419790852e-09  4.00000000000000000e+00 -2.50000000000000000e+00  1.65000000000000013e+00 -1.00000000000000006e-01  1.60000000000000009e+00 -8.00000000000000044e-01  2.30000000000000027e+00
 1.98928000000006780e-06  1.00001329988444451e-05 -9.14108958211841860e-04  7.72662772141108345e-04 -1.25609517472919274e-04 -1.31005344288630611e-06  5.29830657670267215e-06 -2.06347633849598363e-09  2.84451526009954208e-09  4.00000000000000000e+00 -2.50000000000000000e+00  1.65000000000000013e+00 -1.00000000000000006e-01  1.60000000000000009e+00 -8.00000000000000044e-01  2.30000000000000027e+00
 1.99028000000006787e-06  1.00001329989652574e-05 -9.14108958205317457e-04  7.72662772136371357e-04 -1.25609517473481786e-04 -1.31005344299897631e-06  5.29830657582228135e-06 -2.06347633493172069e-09  2.84451527028465626e-09  4.00000000000000000e+00 -2.50000000000000000e+00  1.65000000000000013e+00 -1.00000000000000006e-01  1.60000000000000009e+00 -8.00000000000000044e-01  2.30000000000000027e+00
 1.99128000000006795e-06  1.00001329991067864e-05 -9.14108958197878962e-04  7.72662772147251543e-04 -1.25609517473452187e-04 -1.31005344303635969e-06  5.29830657552664568e-06 -2.06347635113303774e-09  2.84451525607630929e-09  4.00000000000000000e+00 -2.50000000000000000e+00  1.65000000000000013e+00 -1.00000000000000006e-01  1.60000000000000009e+00 -8.00000000000000044e-01  2.30000000000000027e+00
 1.99228000000006802e-06  1.00001329990370451e-05 -9.14108958211893685e-04  7.72662772155615295e-04 -1.25609517473615007e-04 -1.31005344334167102e-06  5.29830657629262265e-06 -2.06347633735933573e-09  2.84451528130260151e-09  4.00000000000000000e+00 -2.50000000000000000e+00  1.65000000000000013e+00 -1.00000000000000006e-01  1.60000000000000009e+00 -8.00000000000000044e-01  2.30000000000000027e+00
 1.99328000000006810e-06  1.00001329987216151e-05 -9.14108958203485589e-04  7.72662772143106746e-04 -1.25609517471690629e-04 -1.31005344243380332e-06  5.29830657617967250e-06 -2.06347636281846027e-09  2.84451527081412133e-09  4.00000000000000000e+00 -2.50000000000000000e+00  1.65000000000000013e+00 -1.00000000000000006e-01  1.60000000000000009e+00 -8.00000000000000044e-01  2.30000000000000027e+00
 1.99428000000006817e-06  1.00001329989086773e-05 -9.14108958190329446e-04  7.72662772137259536e-04 -1.25609517472267940e-04 -1.31005344338330438e-06  5.29830657599444249e-06 -2.06347633389437664e-09  2.84451528329037567e-09  4.00000000000000000e+00 -2.50000000000000000e+00  1.65000000000000013e+00 -1.00000000000000006e-01  1.60000000000000009e+00 -8.00000000000000044e-01  2.30000000000000027e+00
 1.99528000000006825e-06  1.00001329990566522e-05 -9.14108958217670531e-04  7.72662772151248346e-04 -1.25609517473437388e-04 -1.31005344332883402e-06  5.29830657691033837e-06 -2.06347633574766281e-09  2.84451523467792108e-09  4.00000000000000000e+00 -2.50000000000000000e+00  1.65000000000000013e+00 -1.00000000000000006e-01  1.60000000000000009e+00 -8.00000000000000044e-01  2.30000000000000027e+00
 1.99628000000006832e-06  1.00001329990292897e-05 -9.14108958210121014e-04  7.72662772136667453e-04 -1.25609517473689058e-04 -1.31005344280590150e-06  5.29830657652947001e-06 -2.06347633412346721e-09  2.84451526419535708e-09  4.00000000000000000e+00 -2.50000000000000000e+00  1.65000000000000013e+00 -1.00000000000000006e-01  1.60000000000000009e+00 -8.00000000000000044e-01  2.30000000000000027e+00
 1.99728000000006840e-06  1.00001329986170540e-05 -9.14108958219224843e-04  7.72662772165089162e-04 -1.25609517474384763e-04 -1.31005344321442888e-06  5.29830657656593732e-06 -2.06347632191356668e-09  2.84451524945452459e-09  4.00000000000000000e+00 -2.50000000000000000e+00  1.65000000000000013e+00 -1.00000000000000006e-01  1.60000000000000009e+00 -8.00000000000000044e-01  2.30000000000000027e+00
 1.99828000000006847e-06  1.00001329988919907e-05 -9.14108958207456479e-04  7.72662772155023104e-04 -1.25609517474725257e-04 -1.31005344303462496e-06  5.29830657630299203e-06 -2.06347634245832642e-09  2.84451527306791264e-09  4.00000000000000000e+00 -2.50000000000000000e+00  1.65000000000000013e+00 -1.00000000000000006e-01  1.60000000000000009e+00 -8.00000000000000044e-01  2.30000000000000027e+00
 1.99914000000003419e-06  1.00001329990643602e-05 -9.14108958190640287e-04  7.72662772169826150e-04 -1.25609517474162746e-04 -1.31005344284397881e-06  5.29830657483503057e-06 -2.06347635160324443e-09  2.84451528624395970e-09  4.00000000000000000e+00 -2.50000000000000000e+00  1.65000000000000013e+00 -1.00000000000000006e-01  1.60000000000000009e+00 -8.00000000000000044e-01  2.30000000000000027e+00
 1.99999999999999991e-06  1.00001329991471035e-05 -9.14108958198578381e-04  7.72662772154208977e-04 -1.25609517472993298e-04 -1.31005344296783811e-06  5.29830657594436675e-06 -2.06347637167719612e-09  2.84451528481925483e-09  4.00000000000000000e+00 -2.50000000000000000e+00  1.65000000000000013e+00 -1.00000000000000006e-01  1.60000000000000009e+00 -8.00000000000000044e-01  2.30000000000000027e+00
