time,state,q,residual,candidate,denominator,target,stagepeak,delta,first,corpeak,innerden
1.000000000000000021e-08,7.596697584424901500e-12,5.717442951796038825e-09,1.530901015054729530e+00,-2.808082824362219673e-07,2.606744012683645195e+00,-2.836163652606122799e-05,5.774743165058936916e-07,-3.984949300980998940e-05,-5.257443186188761122e-03,5.310133281800744065e-01,1.303372006341822598e+00
2.779450180520931723e-08,2.110941457998118879e-11,1.572966184209636350e-08,1.530901015530064191e+00,-1.773702180017853258e-06,2.606744013226884871e+00,-1.617871088481889405e-04,5.693693022085474838e-07,-1.732537745183126607e-04,-1.453004113112404266e-02,5.310133049288411344e-01,1.303372006613442657e+00
8.364969623856854383e-08,6.345666052545972849e-11,4.510718931913458410e-08,1.530901017294272304e+00,-3.799302202617995929e-05,2.606744015243123158e+00,-1.353310493991808977e-03,5.439283900689021702e-07,-1.364708526839357363e-03,-4.258658714658327543e-02,5.310132320622374946e-01,1.303372007621561579e+00
2.715848637749557496e-07,2.051890443638301274e-10,1.230041849010544983e-07,1.530901025764731971e+00,-1.112002717329481144e-03,2.606744024923648428e+00,-1.256197409375146325e-02,4.583269667981979585e-07,-1.257311962445238455e-02,-1.262650937126772455e-01,5.310129878348248678e-01,1.303372012461824214e+00
1.067281255536896292e-06,7.926002851472488618e-10,1.945043730564725690e-07,1.530901084257313194e+00,-3.791806730227811201e-02,2.606744091772311922e+00,-1.177177706677026842e-01,2.305992131462182593e-07,-1.177275838157397780e-01,-3.483363173079967456e-01,5.310119568428320891e-01,1.303372045886155961e+00
3.984113208557770510e-06,2.780183192182528198e-09,-7.965139151091453741e-07,1.530901089466926601e+00,-3.094179537208072706e-01,2.606744097726155562e+00,-3.695824601443068458e-01,1.232894407030495326e-06,-3.695861475778625116e-01,-5.210430105573309323e-01,5.310078731622384085e-01,1.303372048863077781e+00
1.003379726562500285e-05,6.187565539108891924e-09,-3.532979964845574407e-06,1.530898050104526398e+00,-4.062467987085568444e-01,2.606740624169152643e+00,-4.071409702066267067e-01,3.971288939637890557e-06,-4.071313885100520946e-01,-5.308693094875404084e-01,5.309963632262897359e-01,1.303370312084576321e+00
2.088335931195519580e-05,1.443323322955199766e-08,-2.869002440740981390e-06,1.530896016189589925e+00,-4.073213655944823430e-01,2.606738299694956851e+00,-4.073201412542365452e-01,3.154122709080630029e-06,-4.073168052786691473e-01,-5.308925149283687528e-01,5.309990145496531477e-01,1.303369149847478425e+00
3.172968700855985060e-05,2.267644281135655410e-08,6.588046716834013118e-06,1.530907219407878550e+00,-4.073163652926964362e-01,2.606751103372905831e+00,-4.073177045152278630e-01,7.087725924693354427e-06,-4.073319872219269833e-01,-5.309047004074283205e-01,5.310137796768363838e-01,1.303375551686452916e+00
4.207022711310083628e-05,3.053525379586458659e-08,8.791703096180476719e-06,1.530915445672805797e+00,-4.073355526039221242e-01,2.606760504818466995e+00,-4.073373813519784448e-01,9.686532171095602330e-06,-4.073450268019739862e-01,-5.309287445092768509e-01,5.310345685146727890e-01,1.303380252409233497e+00
5.079729934830018467e-05,3.716782911896688333e-08,-1.955513834485248397e-06,1.530904097214422999e+00,-4.073414434928142591e-01,2.606747535151840545e+00,-4.073401352130477937e-01,2.302011820170266582e-06,-4.073367189564047197e-01,-5.309098109660357334e-01,5.310131483513671480e-01,1.303373767575920272e+00
6.002276886819791856e-05,4.417918640078271926e-08,1.318767760818765681e-06,1.530901083863486001e+00,-4.073191511043439128e-01,2.606744091322223955e+00,-4.073173593684046856e-01,1.772206076815679565e-06,-4.073295258427097609e-01,-5.308980457790783980e-01,5.310041402386717069e-01,1.303372045661111978e+00
7.070446796225467320e-05,5.229727822704130951e-08,1.138061537177111751e-05,1.530913943139649236e+00,-4.073226965961433410e-01,2.606758787637729391e+00,-4.073229743749225418e-01,1.163496317459610115e-05,-4.073335767071336599e-01,-5.309074257877848257e-01,5.310158423273082517e-01,1.303379393818864695e+00
8.038666305105879989e-05,5.965574695888774420e-08,7.248931539158197291e-06,1.530914816999895400e+00,-4.073324228023351701e-01,2.606759786335146156e+00,-4.073332290135184275e-01,8.535168164797437646e-06,-4.073435722625953770e-01,-5.309245350318380074e-01,5.310310662474732046e-01,1.303379893167573078e+00
9.188369492429702208e-05,6.839349173116227127e-08,-2.093159058757230575e-06,1.530901321086195255e+00,-4.073313663229558568e-01,2.606744362433889073e+00,-4.073300508153068766e-01,2.251095406595252819e-06,-4.073326552132085498e-01,-5.309106816275631635e-01,5.310144954757127778e-01,1.303372181216944758e+00
1.044743409661493471e-04,7.796238332030513171e-08,-1.064681871964183043e-06,1.530898127793000052e+00,-4.073187160950811347e-01,2.606740712955978978e+00,-4.073202094893839664e-01,1.667524576430597373e-06,-4.073218005400558450e-01,-5.308960489903532531e-01,5.310027190509022388e-01,1.303370356477989711e+00
1.200553679715275719e-04,8.980396457858702029e-08,8.840549621435116593e-07,1.530902870561509754e+00,-4.073321931558473441e-01,2.606746133262806797e+00,-4.073322199756335693e-01,1.155137234076156657e-06,-4.073363100321034103e-01,-5.309087931018119377e-01,5.310154944543680200e-01,1.303373066631403621e+00
1.325138714085792298e-04,9.927242777381398093e-08,-2.080482082992979941e-06,1.530898253582686053e+00,-4.073289073929108883e-01,2.606740856715619170e+00,-4.073280087661818039e-01,2.109472774055139310e-06,-4.073298815120883209e-01,-5.309016896133444963e-01,5.310079034050333435e-01,1.303370428357809585e+00
1.462446659915596077e-04,1.097078322953847457e-07,7.480627221312498368e-07,1.530902419666069214e+00,-4.073324678014024203e-01,2.606745617953735827e+00,-4.073335065414743217e-01,9.454409118965619780e-07,-4.073342135901432681e-01,-5.309000989383697577e-01,5.310045746395317678e-01,1.303372808976868136e+00
1.616799494344349020e-04,1.214386484245962553e-07,4.854513657758519224e-07,1.530902638097917823e+00,-4.073245644383009512e-01,2.606745867590131827e+00,-4.073250710412943398e-01,1.055271753025014582e-06,-4.073233409831433227e-01,-5.308992919880788364e-01,5.310063293438088694e-01,1.303372933795066135e+00
1.715795033419467816e-04,1.289623098484898931e-07,-6.072360261538231239e-06,1.530894417687580944e+00,-4.073378147637456426e-01,2.606736472835531782e+00,-4.073378406547799591e-01,6.053151813255742462e-06,-4.073286269145458549e-01,-5.308996420689375828e-01,5.310048862678983239e-01,1.303368236417765891e+00
1.834401223718547204e-04,1.379763808524288841e-07,-1.426391532127942422e-06,1.530897473473792125e+00,-4.073267963827819083e-01,2.606739965162604200e+00,-4.073265916782583540e-01,1.954157241980888367e-06,-4.073239767169463676e-01,-5.309005517259689499e-01,5.310070337941956709e-01,1.303369982581302100e+00
2.018016580603058604e-04,1.519311488071654820e-07,2.466854466707157147e-06,1.530904488318504786e+00,-4.073187800273611603e-01,2.606747982127930463e+00,-4.073186878523699095e-01,2.618306391040352209e-06,-4.073238047496610115e-01,-5.308972035065181450e-01,5.310049721665750511e-01,1.303373991063965009e+00
2.200181828002457994e-04,1.657757084268588006e-07,-2.947193578868043730e-06,1.530897753910629433e+00,-4.073313625332732890e-01,2.606740285661844236e+00,-4.073314152463760607e-01,3.161163752644147510e-06,-4.073298197256216557e-01,-5.309019282714050325e-01,5.310073606964931248e-01,1.303370142830922118e+00
2.321076911433952333e-04,1.749637353058992214e-07,-6.686729011156083782e-06,1.530891483177179158e+00,-4.073346821487467961e-01,2.606733119109382990e+00,-4.073339773725107027e-01,6.708520145600436176e-06,-4.073270859556630819e-01,-5.308997421288876861e-01,5.310051507838530194e-01,1.303366559554691495e+00
2.457659128740803667e-04,1.853439844252932742e-07,-1.128763838570881363e-06,1.530898305209426047e+00,-4.073216618034054548e-01,2.606740915717607354e+00,-4.073208727594294642e-01,1.499852227900085432e-06,-4.073168524151896674e-01,-5.308970113413611358e-01,5.310024737701778408e-01,1.303370457858803677e+00
2.648350046352108836e-04,1.998364950000103886e-07,-1.583833435853404304e-09,1.530900869397758601e+00,-4.073195130660985930e-01,2.606743846218536831e+00,-4.073199674327070419e-01,8.643149525642462385e-08,-4.073269565216090515e-01,-5.309047559855049059e-01,5.310117627215769076e-01,1.303371923109268637e+00
2.830424399014715912e-04,2.136741465930861814e-07,5.148785320324429210e-08,1.530900955148864151e+00,-4.073336988129419578e-01,2.606743944219799936e+00,-4.073335723884733417e-01,2.451030442560264239e-07,-4.073268989282769481e-01,-5.309040195411968144e-01,5.310108852824532155e-01,1.303371972109899968e+00
3.000194521438051998e-04,2.265766766277219762e-07,-5.812540695841034221e-07,1.530901562809889649e+00,-4.073355182684638698e-01,2.606744638689538096e+00,-4.073350098792096197e-01,8.346045511948156858e-07,-4.073271326015358573e-01,-5.308927781107819488e-01,5.309965994581967719e-01,1.303372319344769048e+00
3.133942670928347623e-04,2.367415365598181047e-07,-2.094812872594360840e-06,1.530896250666307301e+00,-4.073197516662837026e-01,2.606738567668346551e+00,-4.073187876364911530e-01,2.990148389029111732e-06,-4.073241167638109728e-01,-5.308948603513089504e-01,5.310010164334657556e-01,1.303369283834173276e+00
3.231069391817644018e-04,2.441231677593787406e-07,3.719038800588693850e-06,1.530905392801259701e+00,-4.073163770270910033e-01,2.606749015822499516e+00,-4.073175762535179989e-01,3.791569433792607922e-06,-4.073292637967351748e-01,-5.309031450462687873e-01,5.310102075162346225e-01,1.303374507911249758e+00
3.400000000000000244e-04,2.569618946926452389e-07,-1.143897926614313464e-06,1.530901568983362049e+00,-4.073207373868940606e-01,2.606744645744935251e+00,-4.073200738189534653e-01,1.567045977577831276e-06,-4.073207926135608004e-01,-5.308971574638791102e-01,5.310023585103726962e-01,1.303372322872467404e+00
3.500059598746289662e-04,2.645664246156658887e-07,-2.841525563359444684e-06,1.530897578008637572e+00,-4.073368117756222540e-01,2.606740084630998044e+00,-4.073391509468812788e-01,2.981788295700620738e-06,-4.073301579246710880e-01,-5.309011584993351685e-01,5.310080672953069181e-01,1.303370042315499022e+00
3.522211677258275313e-04,2.662495699077424622e-07,-2.737407112539923581e-06,1.530897160956749214e+00,-3.929825108435796022e-01,2.606739608000272046e+00,-4.073380073288715431e-01,2.717533463183391287e-06,-4.073309758814672166e-01,-5.309012227265696993e-01,5.310071191384599931e-01,1.303369804000136023e+00
3.640967860634673607e-04,2.752614162402011723e-07,-3.573539531100044440e-06,1.530898098997739432e+00,-3.975127595860505902e-01,2.606740680047109571e+00,-4.073336713109997342e-01,4.302756847588478226e-06,-4.073276299705730907e-01,-5.309011568242629764e-01,5.310073487576251194e-01,1.303370340023555007e+00
3.723544614355013332e-04,2.815194268866323509e-07,-6.404538028850286965e-06,1.530890703231588601e+00,-4.003788173475014700e-01,2.606732227743000951e+00,-4.073420367492221472e-01,7.223279750898410967e-06,-4.073263349010762813e-01,-5.308945686691436405e-01,5.309991683710988397e-01,1.303366113871500476e+00
3.805108101720133806e-04,2.876961295394262113e-07,5.629517273116644412e-06,1.530902533924968223e+00,-4.023633609431490621e-01,2.606745748535333806e+00,-4.073225869547207889e-01,6.356738167026580441e-06,-4.073185968958822345e-01,-5.308964433862478627e-01,5.310047071545633823e-01,1.303372874267666903e+00
3.889643156901180878e-04,2.940945079940127503e-07,2.794926792699716458e-06,1.530907710806203470e+00,-4.038470477907466494e-01,2.606751664970987203e+00,-4.073392875791267409e-01,3.973782698119206856e-06,-4.073304825990537448e-01,-5.309109237650024848e-01,5.310175251733195712e-01,1.303375832485493380e+00
4.016155372953826336e-04,3.036658164993553916e-07,-2.239553147498002851e-08,1.530901625919003584e+00,-4.052688605934074428e-01,2.606744710814238974e+00,-4.073307703699172166e-01,2.398829507954210679e-07,-4.073371387195156013e-01,-5.309022594923519245e-01,5.310075248168036888e-01,1.303372355407119487e+00
4.138133261813763597e-04,3.128909973595026549e-07,1.883121354763963558e-06,1.530904829760632468e+00,-4.060803562615050155e-01,2.606748372347501785e+00,-4.073226986715711151e-01,2.483275626264631623e-06,-4.073212627475462089e-01,-5.309006208615096867e-01,5.310075383432466545e-01,1.303374186173750893e+00
4.318640479320289081e-04,3.265396532280792610e-07,-4.189426988184753271e-06,1.530896536470123914e+00,-4.067299721990056405e-01,2.606738894301276588e+00,-4.073154364218090073e-01,4.682236907416749508e-06,-4.073103239660217922e-01,-5.308900898774198129e-01,5.309957846689338234e-01,1.303369447150638516e+00
4.456170925607502828e-04,3.369373625777805072e-07,-7.764325176251280993e-06,1.530888517541142857e+00,-4.069881783296874223e-01,2.606729729811080976e+00,-4.073173654912350949e-01,8.097474186549693186e-06,-4.073143062863066044e-01,-5.308839636415604302e-01,5.309904252251761436e-01,1.303364864905540710e+00
4.565859068294382756e-04,3.452296547210341400e-07,3.811883529493133319e-07,1.530896121158017431e+00,-4.071117281864019000e-01,2.606738419658872985e+00,-4.073231629520125407e-01,2.140789015180050374e-06,-4.073219511048351560e-01,-5.308941345566586811e-01,5.310021570908896038e-01,1.303369209829436715e+00
4.632955623107255045e-04,3.503019460337439646e-07,3.365217366296570886e-06,1.530906585927391816e+00,-4.071744115543207698e-01,2.606750379395212036e+00,-4.073348330259223271e-01,4.245300762842380032e-06,-4.073347914764496869e-01,-5.309050845614277092e-01,5.310116565348061979e-01,1.303375189697605796e+00
4.735518670756101028e-04,3.580552665641523692e-07,-5.365967751109989313e-06,1.530896481113464436e+00,-4.072333808834310287e-01,2.606738831036523596e+00,-4.073366901805529627e-01,5.904237511393406529e-06,-4.073335462495503156e-01,-5.308933019140167353e-01,5.309987956504927942e-01,1.303369415518261798e+00
4.835698826841026672e-04,3.656283478904427090e-07,-6.412855870685488782e-06,1.530888956273128709e+00,-4.072633712249957294e-01,2.606730231219061444e+00,-4.073306799303924031e-01,7.712214467564994377e-06,-4.073241018881532671e-01,-5.308899015448726999e-01,5.309961758322244707e-01,1.303365115609530722e+00
4.918152787333839688e-04,3.718613729643447835e-07,1.066109744979157626e-06,1.530899483908575442e+00,-4.072800025213845210e-01,2.606742262802339560e+00,-4.073290239445890859e-01,1.086743996496538170e-06,-4.073274315240360544e-01,-5.308994845627246217e-01,5.310063228027965820e-01,1.303371131401169780e+00
5.013207051186210211e-04,3.790468665350500230e-07,-2.842919114305589170e-06,1.530898662261837906e+00,-4.072966662485081324e-01,2.606741323777503450e+00,-4.073276994496640713e-01,2.823066535028744027e-06,-4.073207394831028783e-01,-5.308920066742929267e-01,5.309981926529093732e-01,1.303370661888751725e+00
5.201583643671313590e-04,3.932868552594793020e-07,3.846004380011960008e-07,1.530901028711300293e+00,-4.073256257197557795e-01,2.606744028291154702e+00,-4.073425827902378282e-01,4.807954268223592432e-07,-4.073273004704471845e-01,-5.308953961347543382e-01,5.310008933177639001e-01,1.303372014145577351e+00
5.317553390883745330e-04,4.020533500412767157e-07,-1.192077305053604410e-06,1.530899400156835011e+00,-4.073138571065694769e-01,2.606742167086065098e+00,-4.073221527668247632e-01,1.293434545308772552e-06,-4.073182644136263963e-01,-5.308969504945543205e-01,5.310037431356260385e-01,1.303371083543032771e+00
5.417370205987524475e-04,4.095987873718691249e-07,4.202356180536801689e-06,1.530905762130162273e+00,-4.073255654833487505e-01,2.606749437912670331e+00,-4.073336702293871014e-01,4.242522538587372300e-06,-4.073393642796757086e-01,-5.309108292841367982e-01,5.310174889120184982e-01,1.303374718956335387e+00
5.584014887789451971e-04,4.221959210207817238e-07,-2.141446671959672178e-06,1.530899562379610668e+00,-4.073353283700410499e-01,2.606742352483522041e+00,-4.073384317737960281e-01,2.464229675761989380e-06,-4.073351087969316331e-01,-5.309031108441177871e-01,5.310092916239960159e-01,1.303371176241760798e+00
5.662150874983707576e-04,4.281024335224012836e-07,3.076623415815758192e-06,1.530900804599385268e+00,-4.073321284898455685e-01,2.606743772163253592e+00,-4.073335623612546197e-01,4.234926301428250865e-06,-4.073340713012786329e-01,-5.309019201232341167e-01,5.310087595085315471e-01,1.303371886081626796e+00
5.738782211874116990e-04,4.338952041328725305e-07,7.245366266562294710e-06,1.530911949010835160e+00,-4.073314046336534711e-01,2.606756508633387259e+00,-4.073335574243819313e-01,7.711707584604074871e-06,-4.073392254839244830e-01,-5.309134601155104383e-01,5.310213325798740502e-01,1.303378254316693630e+00
5.900404414712720914e-04,4.461126621410687686e-07,1.388286573163223681e-06,1.530904758769042084e+00,-4.073403820862001590e-01,2.606748291214256330e+00,-4.073420758946482145e-01,2.160117724531017023e-06,-4.073395708568893214e-01,-5.309076827087052530e-01,5.310128797432055459e-01,1.303374145607128165e+00
6.074143394533556379e-04,4.592460572536594512e-07,-1.424877348592375985e-06,1.530900538025970814e+00,-4.073279293893444786e-01,2.606743467507925072e+00,-4.073262824067028220e-01,1.738257873009231087e-06,-4.073306532806252878e-01,-5.308997980213747692e-01,5.310047180634147601e-01,1.303371733753962536e+00
6.194161926036272948e-04,4.683185793264133919e-07,2.171924567977651548e-06,1.530901765116067237e+00,-4.073281112441768936e-01,2.606744869896596484e+00,-4.073293859891128910e-01,2.733076738197305564e-06,-4.073292457060139760e-01,-5.309014132784826145e-01,5.310089227552236002e-01,1.303372434948298242e+00
6.300045741572107968e-04,4.763226202674382067e-07,1.801679163140330336e-07,1.530903051758182531e+00,-4.073435823603976380e-01,2.606746340344717527e+00,-4.073453667628098018e-01,1.027977519022124313e-06,-4.073363145494554582e-01,-5.309034581085286808e-01,5.310090576115987782e-01,1.303373170172358764e+00
6.401334643532944008e-04,4.839793190216963135e-07,3.887473456218093095e-06,1.530904978397417571e+00,-4.073162456431185241e-01,2.606748542218112252e+00,-4.073128402176376950e-01,4.186647024396677575e-06,-4.073246774797357195e-01,-5.309038082811041726e-01,5.310106802938387993e-01,1.303374271109056126e+00
6.500150041706337714e-04,4.914490393486036934e-07,-2.079329033185730937e-06,1.530901520628408674e+00,-4.073272760618456556e-01,2.606744590482131585e+00,-4.073287449355161294e-01,2.767625666744684807e-06,-4.073325308258737842e-01,-5.309081809991310630e-01,5.310140069911866156e-01,1.303372295241065792e+00
6.599999999999999964e-04,4.989969649400357949e-07,1.446896296462056449e-06,1.530901111358192290e+00,-4.073222119369651062e-01,2.606744122744744985e+00,-4.073212973085587052e-01,1.916131014379390099e-06,-4.073274409762145942e-01,-5.308896935445257537e-01,5.309946136723947552e-01,1.303372061372372492e+00
6.720359897386717421e-04,5.080952918711814543e-07,2.845212927614930542e-06,1.530905617361034698e+00,-4.073270343906436608e-01,2.606749272462240974e+00,-4.073283311919356220e-01,3.124261067383394010e-06,-4.073275157167997595e-01,-5.308984332980380971e-01,5.310051896787578718e-01,1.303374636231120487e+00
6.906972134360176568e-04,5.222018100996471318e-07,-2.381947130813233457e-06,1.530898633018046073e+00,-4.073277324695250834e-01,2.606741290356027640e+00,-4.073265018990728792e-01,2.362002486461208083e-06,-4.073236518473870582e-01,-5.309015792766247355e-01,5.310075811373881072e-01,1.303370645178013820e+00
7.007282350296426291e-04,5.297845275894321031e-07,4.158663940838115115e-06,1.530904274003398013e+00,-4.073182893977320695e-01,2.606747737196381642e+00,-4.073176261406388776e-01,4.369772925214476374e-06,-4.073242972459037436e-01,-5.309050554335108529e-01,5.310126263685917003e-01,1.303373868598190821e+00
7.106605247015604148e-04,5.372926112528751326e-07,1.794893431878394930e-06,1.530905550558027794e+00,-4.073289320212793441e-01,2.606749196115947242e+00,-4.073304748891945493e-01,2.685150149494732930e-06,-4.073367159535871140e-01,-5.309142057302588258e-01,5.310198635136034184e-01,1.303374598057973843e+00
7.203920514787578175e-04,5.446489327492078287e-07,-1.051941612340128923e-05,1.530891550138034463e+00,-4.073384574604697606e-01,2.606733195636074640e+00,-4.073391835513054393e-01,1.105458310841398241e-05,-4.073280394812158201e-01,-5.308918191563631872e-01,5.309954412454974682e-01,1.303366597818037320e+00
7.275113348916965351e-04,5.500305893741959967e-07,-4.037021012549055272e-06,1.530889817880532355e+00,-4.073341354185595065e-01,2.606731215913229427e+00,-4.073342737898124066e-01,6.398289616976777885e-06,-4.073214128275070567e-01,-5.308911133793460246e-01,5.309991522077328607e-01,1.303365607956614713e+00
7.389968226633090130e-04,5.587127764093558989e-07,3.146444327060855111e-06,1.530903954851542847e+00,-4.073316567434026036e-01,2.606747372451407418e+00,-4.073308891506706164e-01,3.545621563399519143e-06,-4.073349533109974496e-01,-5.309011000846225459e-01,5.310070700920845876e-01,1.303373686225703487e+00
7.500211177636717736e-04,5.670463355835710568e-07,4.009353057658544787e-06,1.530907290967790546e+00,-4.073266651848004849e-01,2.606751185155661954e+00,-4.073258238973163636e-01,4.124134150684197253e-06,-4.073291134005870284e-01,-5.308995001875758124e-01,5.310053139414154799e-01,1.303375592577830977e+00
7.578793726688493786e-04,5.729866004480446940e-07,-5.055591283710250008e-06,1.530899861948119334e+00,-4.073285742058972980e-01,2.606742694847529407e+00,-4.073288580583037111e-01,6.374809706673019972e-06,-4.073241189805454909e-01,-5.308954764326013764e-01,5.310002225084108352e-01,1.303371347423764703e+00
7.636573809939272133e-04,5.773543513351324756e-07,-5.568602611659021044e-06,1.530890851023520405e+00,-4.073249974361654036e-01,2.606732396648064221e+00,-4.073230883739266672e-01,6.825022456993451083e-06,-4.073178993749624888e-01,-5.308859364806649550e-01,5.309910951037800642e-01,1.303366198324032110e+00
7.700057882518634511e-04,-3.646361828344189677e-06,2.803292252319646273e-06,1.530898924281750784e+00,-4.073167832004819799e-01,2.606741623228829852e+00,-4.073163207233468919e-01,2.824274581811145662e-06,-4.073191302860654228e-01,-5.308903746093263099e-01,5.309982580612415681e-01,1.303370811614415148e+00
7.700668175856885183e-04,-1.083023321936255881e-03,-2.966570287658896768e-05,1.530898899715767092e+00,-4.073174128394098092e-01,2.606741595153420743e+00,-4.073488276413653186e-01,1.079707556617281626e-03,-4.073191920800546817e-01,-5.308904274782109134e-01,5.309957798754058045e-01,1.303370797576710372e+00
7.701278521723922297e-04,-2.159632540784259692e-03,-1.240527978055707228e-04,1.530898051427050932e+00,-4.073218010566559966e-01,2.606740625680609380e+00,-4.074432514187199539e-01,2.156542586602922928e-03,-4.073192526302585881e-01,-5.308901677666064689e-01,5.309877808431286983e-01,1.303370312840304690e+00
7.702883510937587157e-04,-4.977129265935117952e-03,-6.401749705331415650e-04,1.530886707272281599e+00,-4.073745443489629747e-01,2.606727660932398827e+00,-4.079593785488188629e-01,4.974630394512823302e-03,-4.073193203280123798e-01,-5.308856068581631060e-01,5.309373083497108681e-01,1.303363830466199191e+00
7.705764947824880143e-04,-9.986309480079866990e-03,-2.383705563850196420e-03,1.530806384005122922e+00,-4.077299728037603321e-01,2.606635862913472490e+00,-4.097011944636904657e-01,9.984861966495620772e-03,-4.073177182165818033e-01,-5.308475541487047700e-01,5.307247833534857184e-01,1.303317931456736245e+00
7.712346019147750574e-04,-2.119441988708526542e-02,-9.057813865075377280e-03,1.530125931095085212e+00,-4.103394789355469530e-01,2.605858202450653582e+00,-4.163323528601152734e-01,2.119532710726472480e-02,-4.072750251793931797e-01,-5.304624876304884218e-01,5.295389811547119852e-01,1.302929101225326569e+00
7.737911404926930189e-04,-6.181508931220322522e-02,-4.652943327713299215e-02,1.513996921022404019e+00,-4.380116695722705566e-01,2.587425048219247792e+00,-4.508112027553905499e-01,6.182456014658564702e-02,-4.042832527551893929e-01,-5.193341512926488157e-01,5.106759931623340298e-01,1.293712524109623896e+00
7.815109302238410069e-04,-1.603283584069980228e-01,-1.491025383124396364e-01,1.372707746613538227e+00,-4.796183271982035201e-01,2.425951707241067012e+00,-4.785160147197167757e-01,1.603605100747578227e-01,-3.294177432921380211e-01,-3.837333521476188891e-01,3.648371106153646126e-01,1.212975853620533506e+00
8.074429066420121294e-04,-3.273419858799807014e-01,-3.237039613318285491e-01,1.114408654093572260e+00,-4.364022057038794977e-01,2.130752746561076272e+00,-4.353986169755056923e-01,3.274050445378875462e-01,-1.116993997383162879e-01,-1.141028679679700897e-01,1.091390205652241069e-01,1.065376373280538136e+00
8.353188410978966676e-04,-3.835252945249277290e-01,-3.824452374613763750e-01,1.037419886363045274e+00,-4.200917048833868739e-01,2.042765584096198683e+00,-4.197885548425640545e-01,3.836034902504917299e-01,-3.734590445881987020e-02,-3.674448451086737011e-02,3.598154572783029970e-02,1.021382792048099342e+00
8.670232195015629452e-04,-4.013300104590964423e-01,-4.010549777725810894e-01,1.014005704130972907e+00,-4.149044081675027917e-01,2.016006518887537347e+00,-4.148283887396623237e-01,4.014080978966106383e-01,-1.377980172196673764e-02,-1.354232572382061024e-02,1.343708797813331426e-02,1.008003259443768895e+00
9.008173346881915948e-04,-4.059467951144751230e-01,-4.058794341784053850e-01,1.008007724323004339e+00,-4.135614112685050414e-01,2.009151684872373611e+00,-4.135448825048614330e-01,4.060230364146180659e-01,-7.668286649675185897e-03,-7.622229841284178936e-03,7.590931015321701787e-03,1.004575842436186806e+00
9.401000000000001369e-04,-4.070762117536564362e-01,-4.070647826995249519e-01,1.006540035350275586e+00,-4.132247460195315192e-01,2.007474326058898306e+00,-4.132211550534241051e-01,4.071572327431242644e-01,-6.159865628480839898e-03,-6.173857254075420901e-03,6.162328383518387090e-03,1.003737163029449153e+00
9.800000000000004020e-04,-4.072820649657550862e-01,-4.072729585477628533e-01,1.006281367983284714e+00,-4.131838533315407846e-01,2.007178706213111674e+00,-4.131841599225151707e-01,4.073561135560004876e-01,-5.899832471260045563e-03,-5.915437889155990975e-03,5.914196696499006943e-03,1.003589353106555837e+00
1.019249999999999757e-03,-4.073181549715755301e-01,-4.073119259056298680e-01,1.006232969323986204e+00,-4.131616089641739764e-01,2.007123393460040095e+00,-4.131620587445614112e-01,4.073933500501669136e-01,-5.852318490725275969e-03,-5.871705507446547956e-03,5.872857661289623311e-03,1.003561696730020047e+00
1.058499999999999545e-03,-4.073247037952013039e-01,-4.073303039897431810e-01,1.006214628123746957e+00,-4.131564681501702641e-01,2.007102432088494037e+00,-4.131565827911359845e-01,4.074121337075734539e-01,-5.829879344306345204e-03,-5.850797806312731456e-03,5.851256870885201619e-03,1.003551216044247241e+00
1.096622874016358424e-03,-4.073258787924291524e-01,-4.073266690049105465e-01,1.006220759908606821e+00,-4.131668032944755820e-01,2.007109439842567511e+00,-4.131711292852496831e-01,4.074092628047477072e-01,-5.840647120584920547e-03,-5.857637175298547119e-03,5.858960955528989996e-03,1.003554719921283755e+00
1.134499999999999658e-03,-4.073261020327831328e-01,-4.073236786160715495e-01,1.006221898590851316e+00,-4.131587425929837409e-01,2.007110741193694370e+00,-4.131605524568093823e-01,4.074060979907797586e-01,-5.833661468864905636e-03,-5.859185695003566244e-03,5.861034622312178560e-03,1.003555370596847185e+00
1.170012100000000039e-03,-4.073261438097388609e-01,-4.073259311246242853e-01,1.006216543184179857e+00,-4.131678373820484862e-01,2.007104620728972666e+00,-4.131695795758961176e-01,4.074069733060807774e-01,-5.838171487356855899e-03,-5.856787251333784097e-03,5.858795543973802609e-03,1.003552310364486111e+00
1.182897205147698336e-03,-4.073308817084901334e-01,-4.073318683399247409e-01,1.006210223833842843e+00,-4.131600871512489670e-01,2.007097398614355654e+00,-4.131579156017149979e-01,4.074121486442969786e-01,-5.829938028679021618e-03,-5.845221642684016519e-03,5.846509579765439384e-03,1.003548699307177827e+00
1.220700000000000127e-03,-4.073308526703998123e-01,-4.073243977738710275e-01,1.006216009385896726e+00,-4.131412388569378202e-01,2.007104010673796513e+00,-4.131411833059707162e-01,4.074057840775660577e-01,-5.825224977359971107e-03,-5.846530397555713132e-03,5.848796988925254042e-03,1.003552005336898256e+00
1.260299999999999788e-03,-4.073308222517939003e-01,-4.073331628154346351e-01,1.006208284185295287e+00,-4.131607807845553149e-01,2.007095181873175260e+00,-4.131598271429096636e-01,4.074142677731170115e-01,-5.830533623095949559e-03,-5.847912983783003227e-03,5.849232622888823202e-03,1.003547590936587630e+00
1.298343777206126476e-03,-4.073307930285959833e-01,-4.073234325579052628e-01,1.006216752277806936e+00,-4.131524591351712350e-01,2.007104859693115806e+00,-4.131513346087677951e-01,4.074037358897954486e-01,-5.831752394767244010e-03,-5.848062640008194236e-03,5.849531576948471465e-03,1.003552429846557903e+00
1.337005956782990994e-03,-4.073307633303727693e-01,-4.073295579195723159e-01,1.006214773730116807e+00,-4.131610465573963831e-01,2.007102598495772661e+00,-4.131610168228295743e-01,4.074112153898059030e-01,-5.831785807143566314e-03,-5.854392173473297288e-03,5.854938017679267408e-03,1.003551299247886330e+00
1.374040910390771216e-03,-4.073307348820979779e-01,-4.073335810543829427e-01,1.006208122778984970e+00,-4.131739836288459977e-01,2.007094997408821690e+00,-4.131724094963764582e-01,4.074138994312507256e-01,-5.836941904939103691e-03,-5.853689299077252141e-03,5.854704948175673031e-03,1.003547498704410845e+00
1.413380754911478052e-03,-4.073307046633303230e-01,-4.073260300684226065e-01,1.006218744572197954e+00,-4.131639043110238996e-01,2.007107136600974062e+00,-4.131659197672902795e-01,4.074085897596516070e-01,-5.839436311850108169e-03,-5.860085070603837133e-03,5.861756601927226897e-03,1.003553568300487253e+00
1.450699999999999863e-03,-4.073306759966788815e-01,-4.073221275750258386e-01,1.006217157901610149e+00,-4.131543808931312234e-01,2.007105323263173258e+00,-4.131541209067732257e-01,4.074033838164853871e-01,-5.829235566505604031e-03,-5.847867666849046117e-03,5.850231007731137786e-03,1.003552661631586629e+00
1.489390387946177945e-03,-4.073306462767866121e-01,-4.073309428152173117e-01,1.006208092856303082e+00,-4.131568261790061203e-01,2.007094963211470962e+00,-4.131545096253748106e-01,4.074110774320627848e-01,-5.825870447805591573e-03,-5.842010641110881308e-03,5.843856196212299584e-03,1.003547481605735481e+00
1.528443071790305243e-03,-4.073306162785998441e-01,-4.073289607307082894e-01,1.006213866270337265e+00,-4.131619153309533665e-01,2.007101561398889622e+00,-4.131616484421007374e-01,4.074101626195146819e-01,-5.831929184577876006e-03,-5.850281203306193639e-03,5.851375639734206387e-03,1.003550780699444811e+00
1.554190803437477571e-03,-4.073305965005862839e-01,-4.073384329774238921e-01,1.006206762563715218e+00,-4.129690376346858982e-01,2.007093442877096123e+00,-4.131771806733023356e-01,4.074201825296112633e-01,-5.830740981021982454e-03,-5.847435435789816345e-03,5.847810229534804519e-03,1.003546721438548062e+00
1.591500000000000033e-03,-4.073305678429011145e-01,-4.073306519227865019e-01,1.006213402593968187e+00,-4.131172221565572733e-01,2.007101031483043307e+00,-4.131618368850392686e-01,4.074119125351835513e-01,-5.837334836438091978e-03,-5.856205455365585261e-03,5.856544030179419713e-03,1.003550515741521654e+00
1.630700000000000118e-03,-4.073305377336389199e-01,-4.073319900800629889e-01,1.006209275980538997e+00,-4.131425069371313930e-01,2.007096315353444460e+00,-4.131518513517233315e-01,4.074131357175732049e-01,-5.822589124134951860e-03,-5.840392414642014973e-03,5.842137049642768046e-03,1.003548157676722452e+00
1.670000000000000260e-03,-4.073305075477277049e-01,-4.073284853924241111e-01,1.006213596825813239e+00,-4.131646299774582309e-01,2.007101253462293400e+00,-4.131675761350968590e-01,4.074094580589742720e-01,-5.831941254772762991e-03,-5.856431414119122290e-03,5.858534673296882100e-03,1.003550626731146478e+00
1.707499999999999383e-03,-4.073304787444073094e-01,-4.073205315392336434e-01,1.006223705652231848e+00,-4.131629597694979061e-01,2.007112806406685657e+00,-4.131626975047862915e-01,4.074020255878044727e-01,-5.842769174558274346e-03,-5.865141051475828739e-03,5.866107569875177175e-03,1.003556403203342606e+00
1.743270550128294587e-03,-4.073304512694661539e-01,-4.073276116912732947e-01,1.006216278107858297e+00,-4.131559034510705053e-01,2.007104317784607517e+00,-4.131575347311632895e-01,4.074093393769076532e-01,-5.832858686246421460e-03,-5.862533654132417137e-03,5.863039807540184473e-03,1.003552158892303758e+00
1.781500000000000097e-03,-4.073304219058700992e-01,-4.073375992247582622e-01,1.006208067830107522e+00,-4.131578028236108646e-01,2.007094934610104797e+00,-4.131581824400029079e-01,4.074192659677069450e-01,-5.820794083425698436e-03,-5.845906902478834391e-03,5.846919544727100133e-03,1.003547467305052399e+00
1.820100000000000277e-03,-4.073303922576590463e-01,-4.073270703346888455e-01,1.006216556218994418e+00,-4.131641285070770109e-01,2.007104635625903466e+00,-4.131654596398947055e-01,4.074084370395385513e-01,-5.835309853832109511e-03,-5.857675460252994258e-03,5.859444230000185674e-03,1.003552317812951733e+00
1.858475997170671613e-03,-4.073303627815033634e-01,-4.073312495075649409e-01,1.006214448355356339e+00,-4.131564195681520224e-01,2.007102226638906473e+00,-4.131571998124342615e-01,4.074133325923339766e-01,-5.828178001029031725e-03,-5.846492469229523301e-03,5.847476609171852607e-03,1.003551113319453236e+00
1.894743054948944865e-03,-4.073303349252002659e-01,-4.073357810325650141e-01,1.006206033719668991e+00,-4.131677122659134227e-01,2.007092609912478398e+00,-4.131663445386518085e-01,4.074162924161106591e-01,-5.829315024912974305e-03,-5.846105728223634918e-03,5.846674126022838487e-03,1.003546304956239199e+00
1.931356524759454164e-03,-4.073303068028235607e-01,-4.073311350838573208e-01,1.006214066042354416e+00,-4.131641408931117088e-01,2.007101789709764716e+00,-4.131643117861951153e-01,4.074129843807630658e-01,-5.835438494584601656e-03,-5.856393986223526991e-03,5.856687274107486886e-03,1.003550894854882358e+00
1.955182634163395161e-03,-4.073302885022672126e-01,-4.073329984337742959e-01,1.006209610223068651e+00,-4.131563224137237422e-01,2.007096697344904257e+00,-4.131556217388180907e-01,4.074141715104995787e-01,-5.824795487882689776e-03,-5.848922967355107798e-03,5.849576971015364897e-03,1.003548348672452128e+00
1.979354391879841520e-03,-4.092777995922818324e-01,-4.091005017212302475e-01,1.004994496611326449e+00,-4.141665616631419744e-01,2.005707996084691302e+00,-4.141803904467376563e-01,4.093579870493420647e-01,-5.074122106183764393e-03,-4.896492078727862456e-03,4.889817098414314320e-03,1.002853998042345651e+00
2.004264644437660746e-03,-4.118445891722438135e-01,-4.117824221066387902e-01,1.001698277161519490e+00,-4.135439628510326759e-01,2.001940888170129274e+00,-4.135283466306559630e-01,4.119247024267583823e-01,-1.740563657297983496e-03,-1.668128434004673404e-03,1.665806563873922959e-03,1.000970444085064637e+00
2.030108551970518857e-03,-4.127312245215569719e-01,-4.127121753070769894e-01,1.000551983554177404e+00,-4.132903352506112071e-01,2.000630838342930318e+00,-4.132852760140044435e-01,4.128139472344120042e-01,-5.719810172096191983e-04,-5.454905347426162185e-04,5.482053263530059940e-04,1.000315419171464937e+00
2.051177117988110983e-03,-4.129874006369297357e-01,-4.129829031228304803e-01,1.000220231198727605e+00,-4.132037548024240503e-01,2.000251692796670255e+00,-4.132022535210028713e-01,4.130730293461217228e-01,-2.187003238588036290e-04,-2.167779232231825020e-04,2.096174031884420470e-04,1.000125846398335128e+00
2.070588094472352626e-03,-4.130847831815048221e-01,-4.130772595561622573e-01,1.000101207307833695e+00,-4.131784958615157821e-01,2.000115665493805039e+00,-4.131773001615297591e-01,4.131631512655481453e-01,-1.067457992200147491e-04,-9.656686857389452667e-05,1.021905179671535660e-04,1.000057832746902520e+00
2.087544221435399302e-03,-4.131230980283842058e-01,-4.131211240319620503e-01,1.000049534173961696e+00,-4.131737581176562757e-01,2.000056610484105768e+00,-4.131720490655507172e-01,4.132054855755680767e-01,-5.307635072101074379e-05,-5.065505889319322136e-05,5.100584415504098434e-05,1.000028305242052884e+00
2.103120873115523447e-03,-4.131403894890972595e-01,-4.131339949865514560e-01,1.000033289092461697e+00,-4.131691942006049945e-01,2.000038044676815563e+00,-4.131694855103487107e-01,4.132185794305032744e-01,-3.785615333717898463e-05,-3.472550614312746128e-05,3.713044411790950684e-05,1.000019022338407781e+00
2.114162922167564691e-03,-4.131471967344260698e-01,-4.131496479055014048e-01,1.000014857319715400e+00,-4.131651869614673678e-01,2.000016979793833638e+00,-4.131649910909934165e-01,4.132324605405318652e-01,-1.595344140193062594e-05,-1.545058726163721716e-05,1.440964563229524986e-05,1.000008489896917041e+00
2.123308794043778612e-03,-4.131508211687555110e-01,-4.131514263819658361e-01,1.000011690689256660e+00,-4.131654619797633377e-01,2.000013360787622041e+00,-4.131645115530214740e-01,4.132345057383077780e-01,-4.990569642938757203e-06,-1.115881999171627731e-05,1.026033659527585038e-05,1.000006680393811020e+00
2.134549179473482858e-03,-4.131536905228150314e-01,-4.131521760077657701e-01,1.000008339473001495e+00,-4.131517650720551438e-01,2.000009530826216242e+00,-4.131508660559101709e-01,4.132341189342315091e-01,2.562113659999000924e-06,-4.634603850755292343e-06,5.426722607264628781e-06,1.000004765413108121e+00
2.145746328402403820e-03,-4.131554453069170574e-01,-4.131512089573657898e-01,1.000012895131556112e+00,-4.131615391667173842e-01,2.000014737293096978e+00,-4.131639023258811827e-01,4.132345983923580435e-01,-5.876311277214756841e-06,-1.284645037374904905e-05,1.241457571999666832e-05,1.000007368646548711e+00
2.155916474065468214e-03,-4.131564451905816449e-01,-4.131578575716183810e-01,1.000005790288713170e+00,-4.131674022704205917e-01,2.000006617472765758e+00,-4.131668651767509415e-01,4.132410317498840246e-01,-5.426127341575496624e-06,-9.239099871573499157e-06,9.406771388970150302e-06,1.000003308736382879e+00
2.166453717666218595e-03,-4.131571060377646210e-01,-4.131593454086587847e-01,1.000001646977726644e+00,-4.131685604523139266e-01,2.000001882260245001e+00,-4.131689820566821214e-01,4.132417472078064313e-01,-7.702708369922239452e-06,-6.320389698668385422e-06,7.836845672129265437e-06,1.000000941130122500e+00
2.180077375688752993e-03,-4.131576142918635397e-01,-4.131572062635298082e-01,1.000004062076991218e+00,-4.131594298934420095e-01,2.000004642373669927e+00,-4.131580605707320664e-01,4.132396915535193616e-01,-3.811522167414557300e-06,-3.863413861367550810e-06,3.714086598622160127e-06,1.000002321186834964e+00
2.192762091504045670e-03,-4.131578808498712063e-01,-4.131540130041072567e-01,1.000008147635399247e+00,-4.131501723313929508e-01,2.000009311583244465e+00,-4.131507310673852573e-01,4.132372191315102916e-01,-1.759679419830576528e-07,-5.980613010728320793e-06,6.033190012220136112e-06,1.000004655791622010e+00
2.206323128298447438e-03,-4.131580421739715625e-01,-4.131584828221409600e-01,1.000002893880225008e+00,-4.131543867361621158e-01,2.000003307291661425e+00,-4.131545153311600993e-01,4.132409762838674117e-01,1.908599557439188501e-06,1.076413729167455994e-06,2.062885402547385263e-06,1.000001653645830491e+00
2.220917634640242472e-03,-4.131581365023302421e-01,-4.131571057710262673e-01,1.000004312210304169e+00,-4.131680239913592123e-01,2.000004928240310509e+00,-4.131679398508437684e-01,4.132395951652159116e-01,-1.254804740653632960e-06,1.763356267536801141e-07,1.400274860371067802e-06,1.000002464120155476e+00
2.233788524539934931e-03,-4.131581820953048600e-01,-4.131589508994422677e-01,1.000005431134172618e+00,-4.131637272664779870e-01,2.000006207010436299e+00,-4.131648588517854437e-01,4.132428719000824091e-01,-7.032147226053725583e-06,-7.662447242392199715e-06,7.282827806590150124e-06,1.000003103505218371e+00
2.244702889602026054e-03,-4.131582050451044208e-01,-4.131649289210037046e-01,9.999947355130052173e-01,-4.131635549525249362e-01,1.999993983443479451e+00,-4.131622214474462984e-01,4.132466370551040602e-01,2.961262257225280393e-06,5.096917740734327422e-06,5.858601315523764428e-06,9.999969917217397253e-01
2.252837918770188557e-03,-4.131582162920807710e-01,-4.131601737051151524e-01,1.000000655079521517e+00,-4.131601130824761881e-01,2.000000748662305039e+00,-4.131605039251204925e-01,4.132433078462712239e-01,3.664684565808108878e-06,3.064844669500274185e-06,3.680507007536496549e-06,1.000000374331152297e+00
2.261594068859847529e-03,-4.131582246731686503e-01,-4.131642140823809650e-01,9.999980589623735927e-01,-4.131601325966824945e-01,1.999997781671300601e+00,-4.131590148250704475e-01,4.132463887895752586e-01,9.060126378509412870e-06,3.392232927413191578e-06,9.607591134697616710e-06,9.999988908356503003e-01
2.270934616306658979e-03,-4.131582306982392594e-01,-4.131580037438066233e-01,1.000001431354094805e+00,-4.131472146193385653e-01,2.000001635833239533e+00,-4.131467123594064206e-01,4.132404621636327491e-01,1.052325782914820782e-05,9.080549129042030142e-06,9.714138224714071268e-06,1.000000817916619544e+00
2.280138907781553183e-03,-4.131582346521133764e-01,-4.131593343465380652e-01,1.000002840756232914e+00,-4.131587822919620678e-01,2.000003246578527794e+00,-4.131602671205190647e-01,4.132421219478977781e-01,-4.591699584090339229e-06,-4.378514268145268977e-07,5.802011957885691276e-06,1.000001623289263897e+00
2.290013165061151844e-03,-4.131582374427902327e-01,-4.131592238770939729e-01,1.000002245191917050e+00,-4.131619114967799988e-01,2.000002565933600263e+00,-4.131618830820088517e-01,4.132418331391982114e-01,1.066603174167067251e-06,-4.264297808374613527e-06,4.700735289932940036e-06,1.000001282966800131e+00
2.300008304579184443e-03,-4.131582392626145794e-01,-4.131640607820067368e-01,9.999990732104332425e-01,-4.131690102393548170e-01,1.999998940811931414e+00,-4.131696743779558201e-01,4.132472258449175762e-01,-1.052147075736387613e-06,-2.159738246274535957e-06,1.632454571991253324e-06,9.999994704059657069e-01
2.310000694611439968e-03,-4.131582404261928687e-01,-4.131608301574551945e-01,9.999992043933534358e-01,-4.131595565076657817e-01,1.999999090735267826e+00,-4.131585403996529404e-01,4.132430437463452955e-01,8.897189215726037330e-06,5.185079994386330646e-06,9.633074268506630289e-06,9.999995453676339130e-01
2.316409247163582312e-03,-4.131582409381956422e-01,-4.131568994785720927e-01,1.000002617709107477e+00,-4.131610565156217940e-01,2.000002991667529262e+00,-4.131622635483747086e-01,4.132388819207112873e-01,-1.671159930035821342e-06,-3.339186367583979277e-07,4.076880406828221357e-06,1.000001495833764409e+00
2.324131562814581945e-03,-4.131582413842404544e-01,-4.131540857277473111e-01,1.000007261647458012e+00,-4.131693864833661523e-01,2.000008299025604508e+00,-4.131694169379073744e-01,4.132367550214047225e-01,-1.105779222404783025e-05,-7.407762417859162433e-06,1.024902625964818953e-05,1.000004149512802254e+00
2.333116341013592460e-03,-4.131582417344893399e-01,-4.131559580668713316e-01,1.000007241142657266e+00,-4.131647870931243749e-01,2.000008275591546703e+00,-4.131644571863475890e-01,4.132392750462213771e-01,-2.155857079353836395e-06,-5.684322370199175121e-06,4.702136821807384076e-06,1.000004137795773351e+00
2.342069971524805058e-03,-4.131582419588565314e-01,-4.131611750097952673e-01,1.000001660214987043e+00,-4.131603612595172725e-01,2.000001897388542726e+00,-4.131604816560597304e-01,4.132436775342971380e-01,5.798821244013234731e-06,3.551241577746437545e-06,5.581194198626432056e-06,1.000000948694271363e+00
2.350782811939830519e-03,-4.131582420960217550e-01,-4.131591922280710150e-01,1.000001605126079829e+00,-4.131738201450881887e-01,2.000001834429791625e+00,-4.131755807354927645e-01,4.132417690316004255e-01,-7.006077524573688564e-06,-9.303160220339669784e-06,9.467520101819096483e-06,1.000000917214895813e+00
2.360000000000000119e-03,-4.131582421820792494e-01,-4.131600432427069425e-01,1.000001847503739993e+00,-4.131649234184284203e-01,2.000002111432829910e+00,-4.131629690988056214e-01,4.132427854933466982e-01,5.614496188846481878e-06,2.885716042085800756e-06,7.621906454547008521e-06,1.000001055716414955e+00
2.365084621200859785e-03,-4.131582422110170461e-01,-4.131611347612980101e-01,1.000001068501411128e+00,-4.131564464731473652e-01,2.000001221144460661e+00,-4.131555980486019131e-01,4.132440062334245545e-01,8.111223686836161384e-06,3.166617504078889963e-06,7.876215526235332717e-06,1.000000610572230331e+00
2.370304686893128041e-03,-4.131628522446413876e-01,-4.131634852426244175e-01,9.999997948839083328e-01,-4.131529576059359554e-01,1.999999765581611300e+00,-4.131537146686852235e-01,4.132496873711029584e-01,6.777199331498169193e-06,1.911089761334251723e-06,6.455099623508004881e-06,9.999998827908056498e-01
2.379999999999999304e-03,-4.131628447960830064e-01,-4.131639113017878118e-01,9.999962158531244816e-01,-4.131576461254495292e-01,1.999995675260745953e+00,-4.131579101364247220e-01,4.132461829220346883e-01,9.352219194430775511e-06,9.126755086352941195e-06,9.338990201413879989e-06,9.999978376303729766e-01
2.390691419986518563e-03,-4.131628365822575533e-01,-4.131530095047039608e-01,1.000005395892477944e+00,-4.131512075010586038e-01,2.000006166734214386e+00,-4.131507988936877207e-01,4.132354146416652441e-01,5.265650549442310776e-06,2.290456367263916131e-06,4.583425929261818265e-06,1.000003083367107193e+00
2.400317958451666026e-03,-4.131628291865421243e-01,-4.131585838917140596e-01,1.000005316474718242e+00,-4.131524106383071548e-01,2.000006075971060948e+00,-4.131523032895116909e-01,4.132417784870818789e-01,3.898671146737856102e-06,-3.913354223885731499e-06,4.302386854829752255e-06,1.000003037985530696e+00
2.410601478973961251e-03,-4.131628212860898874e-01,-4.131615849276504271e-01,1.000000744552986376e+00,-4.131592234580500622e-01,2.000000850917692308e+00,-4.131593910014809690e-01,4.132444136541253421e-01,6.415643158336594901e-06,2.747848823979253888e-06,7.059327420756039005e-06,1.000000425458846154e+00
2.421446446058852457e-03,-4.131628129542976868e-01,-4.131633376648073397e-01,9.999988072233249037e-01,-4.131462712519696767e-01,1.999998636826667342e+00,-4.131462912373518592e-01,4.132465795759850957e-01,1.664619961831011831e-05,6.055354721994550559e-06,1.578786227400813937e-05,9.999993184133336710e-01
2.430609515969278829e-03,-4.131628059146452148e-01,-4.131700033166049169e-01,9.999933684124439059e-01,-4.131611516018327546e-01,1.999992421042849244e+00,-4.131627311028869265e-01,4.132529175956707879e-01,4.617468516555996639e-06,5.851832499756371487e-06,6.015962728333314222e-06,9.999962105214247332e-01
2.440030618336325001e-03,-4.131627986767560379e-01,-4.131678175201894954e-01,9.999922195011277104e-01,-4.131606741208590505e-01,1.999991108001355045e+00,-4.131607405618834550e-01,4.132501564285004370e-01,7.609712691738015300e-06,2.080404618119180544e-06,7.476094469143827501e-06,9.999955540006775223e-01
2.450328248071413986e-03,-4.131627907654623066e-01,-4.131642751600487773e-01,9.999957919691961905e-01,-4.131747531578751076e-01,1.999995190821974189e+00,-4.131759613689758859e-01,4.132468485683264414e-01,-4.934059050678869180e-06,-2.428107985742900568e-06,5.650299067240498947e-06,9.999975954109870946e-01
2.460001175515702087e-03,-4.131627833341040001e-01,-4.131702891625866347e-01,9.999929981763494569e-01,-4.131600783160800927e-01,1.999991997915887776e+00,-4.131574430404362785e-01,4.132536219759340712e-01,1.348872581817808060e-05,8.837122186480121427e-06,1.627327719916257833e-05,9.999959989579437769e-01
2.466214471086736453e-03,-4.131627785606539205e-01,-4.131681107518190288e-01,9.999914002711325356e-01,-4.131605228988657896e-01,1.999990171738510680e+00,-4.131622330914770935e-01,4.132501954449827042e-01,9.845110012082122685e-06,7.249323394743260548e-06,7.853402157193821621e-06,9.999950858692552291e-01
2.473401994656834833e-03,-4.131627730387412711e-01,-4.131655459842513700e-01,9.999948881157650904e-01,-4.131684336337403396e-01,1.999994157846632259e+00,-4.131669507811173703e-01,4.132481818496011039e-01,-1.817249413590145574e-06,1.491847710331765348e-06,1.771051542427135053e-06,9.999970789233161295e-01
2.484082711271640414e-03,-4.131627648331371305e-01,-4.131633609863881729e-01,9.999961326284502183e-01,-4.131534048589373120e-01,1.999995580146833207e+00,-4.131544277644890739e-01,4.132452544623942958e-01,1.496018599469976203e-06,5.598852076636597873e-06,5.318948171012424652e-06,9.999977900734166036e-01
2.495359583606602226e-03,-4.131627561695296325e-01,-4.131606452981153588e-01,1.000002087537473106e+00,-4.131662012867485245e-01,2.000002385757094547e+00,-4.131664907357597838e-01,4.132438374728004127e-01,-5.049235642678128849e-06,-3.670454066340394246e-07,4.520614984360600249e-06,1.000001192878547274e+00
2.504296656872526030e-03,-4.131627493035009424e-01,-4.131650693422440068e-01,9.999976233683316451e-01,-4.131683361654658326e-01,1.999997283849542340e+00,-4.131697577753845052e-01,4.132480811294415579e-01,-6.146723313283330747e-07,-9.070550294534648497e-08,1.167151298029533037e-06,9.999986419247710590e-01
2.512441130341728970e-03,-4.131627430463980510e-01,-4.131662663862559759e-01,9.999944409180957505e-01,-4.131776363908021277e-01,1.999993646763585486e+00,-4.131758045295081949e-01,4.132481587993332983e-01,-3.672006601822321471e-06,-2.235486417242897909e-06,2.366327258019546655e-06,9.999968233817927432e-01
2.521062689569108974e-03,-4.131627364227681842e-01,-4.131597594458217837e-01,9.999995332117203040e-01,-4.131534234311211584e-01,1.999999466527684122e+00,-4.131521835660926234e-01,4.132426522260888579e-01,7.341852860061970260e-06,3.819427408780123820e-06,7.779481490087237824e-06,9.999997332638420611e-01
2.530327947946270709e-03,-4.131627293046085669e-01,-4.131669518343894509e-01,9.999969861034712082e-01,-4.131580320844019938e-01,1.999996555546849741e+00,-4.131581309940859370e-01,4.132501244734836932e-01,1.174702947323524478e-05,7.662022589527256163e-06,1.275587312212085195e-05,9.999982777734248707e-01
2.540503608686805331e-03,-4.131627214870202680e-01,-4.131652405596011324e-01,9.999951323219431476e-01,-4.131629358498969395e-01,1.999994436939404929e+00,-4.131638206684357106e-01,4.132477151313175834e-01,6.457210225066080340e-06,1.759381860665889333e-06,5.308253329494383553e-06,9.999972184697024646e-01
2.551086250601168875e-03,-4.131627133567632448e-01,-4.131650879266122733e-01,9.999962515572351496e-01,-4.131617632470990231e-01,1.999995716065443352e+00,-4.131620828393435252e-01,4.132480386028570818e-01,2.914991817293331221e-06,5.566263557948636469e-07,2.371747380592707934e-06,9.999978580327217870e-01
2.562806490782860037e-03,-4.131627043525306631e-01,-4.131692874329011000e-01,9.999921230196501254e-01,-4.131678780959996411e-01,1.999990997736810217e+00,-4.131657354791715697e-01,4.132517189904737487e-01,-5.343424198347916991e-08,7.666813738572266981e-06,8.798544735744174224e-06,9.999954988684049972e-01
2.571367494078613276e-03,-4.131626977754259689e-01,-4.131677090278116360e-01,9.999929604772122005e-01,-4.131493133868979206e-01,1.999991954831159546e+00,-4.131494361489963518e-01,4.132506811780766731e-01,4.862245672538564177e-06,1.266971215394781583e-05,1.139601916964338188e-05,9.999959774155797732e-01
2.580272822665792901e-03,-4.131626909337878240e-01,-4.131722266936761478e-01,9.999903049257690135e-01,-4.131641833772127792e-01,1.999988919915247187e+00,-4.131655886835287617e-01,4.132548554006474362e-01,6.228482907125407141e-06,4.353134565866022003e-08,6.233609440770332696e-06,9.999944599576235937e-01
2.584754177288556103e-03,-4.131626874909220537e-01,-4.131661438135304509e-01,9.999906343020398269e-01,-4.131591699864434197e-01,1.999989296345268341e+00,-4.131565873659289179e-01,4.132470566062985684e-01,9.594942311042658367e-06,5.422092470054217032e-06,1.064754073046676202e-05,9.999946481726340597e-01
2.592045273226354588e-03,-4.131626818894391096e-01,-4.131555317554164719e-01,1.000002171247273752e+00,-4.131455624233412172e-01,2.000002481425437129e+00,-4.131455576814339614e-01,4.132379461058363623e-01,9.536368727656126579e-06,5.061752237691575119e-06,7.796740924790162352e-06,1.000001240712718564e+00
2.600608645834419277e-03,-4.131626753105136496e-01,-4.131556106498485148e-01,1.000006415879582056e+00,-4.131546683460974312e-01,2.000007332433753504e+00,-4.131563227816585360e-01,4.132389278275819255e-01,-4.322661300363707412e-06,-2.202936076611748488e-06,5.589051838077714829e-06,1.000003666216876752e+00
2.610686075394128957e-03,-4.131626675683942596e-01,-4.131694012244178649e-01,9.999962500937562559e-01,-4.131840841701907019e-01,1.999995714392896140e+00,-4.131852097691051662e-01,4.132523470445024216e-01,-8.304489554024697655e-06,8.535905686223423114e-06,9.818822026605006812e-06,9.999978571964480700e-01
2.619781741641347573e-03,-4.131626605805261976e-01,-4.131625436551388808e-01,9.999958069039585062e-01,-4.131694872093967796e-01,1.999995207890273852e+00,-4.131684708409266715e-01,4.132442907197904636e-01,1.843672436722826987e-06,5.926932234090447653e-06,4.543032885032273782e-06,9.999976039451369259e-01
2.630071274385396667e-03,-4.131626526754583750e-01,-4.131575155444606184e-01,1.000002627760021134e+00,-4.131663398192474412e-01,2.000003003154287029e+00,-4.131659817324965789e-01,4.132397337923631175e-01,-4.029563909381728716e-06,-4.654663531259611828e-06,5.388889389400357457e-06,1.000001501577143737e+00
2.640463385396580979e-03,-4.131626446915795392e-01,-4.131560708684794414e-01,1.000005319710864926e+00,-4.131588214097475231e-01,2.000006079669514936e+00,-4.131584926628204535e-01,4.132386802171772455e-01,-7.310341546341982626e-06,-2.430652825737779409e-06,7.265484692814019090e-06,1.000003039834757468e+00
2.650646973157944411e-03,-4.131626368679021111e-01,-4.131574445087201619e-01,1.000004884407304839e+00,-4.131714604465159812e-01,2.000005582179734898e+00,-4.131731280387917482e-01,4.132407361782409749e-01,-1.132987781517311599e-05,-6.872978781329136771e-06,1.154289640855140717e-05,1.000002791089867671e+00
2.660644050865450510e-03,-4.131626291875119539e-01,-4.131689736720153272e-01,9.999959882387281507e-01,-4.131820166044464226e-01,1.999995415130009224e+00,-4.131809492037924469e-01,4.132520149252204011e-01,1.906664918147026603e-06,8.055768075228595071e-06,9.541987003307259344e-06,9.999977075650046121e-01
2.672243305455133770e-03,-4.131626202762316846e-01,-4.131645315747609071e-01,9.999954804458621727e-01,-4.131585264716330363e-01,1.999994834795309373e+00,-4.131584388026990906e-01,4.132470458492446541e-01,6.536175435445525068e-06,7.134045025602191264e-06,6.547616831515982364e-06,9.999974173976546865e-01
2.687319788489344642e-03,-4.131626086935234476e-01,-4.131619561981697553e-01,9.999984323385257001e-01,-4.131659812851085078e-01,1.999998208386899901e+00,-4.131675011651135820e-01,4.132442886951891436e-01,-2.693255086415356191e-06,-1.854462532264811745e-06,4.009076759440059397e-06,9.999991041934499503e-01
2.700018294954551444e-03,-4.131625989377271102e-01,-4.131664205198000706e-01,9.999968248625841216e-01,-4.131781033681294346e-01,1.999996371271551832e+00,-4.131782728139483107e-01,4.132496448172813808e-01,-1.010053063740096779e-05,-3.473980768705656600e-06,9.818931996989754338e-06,9.999981856357758048e-01
2.708167664313624549e-03,-4.131625926768633383e-01,-4.131610088825986571e-01,9.999976649788394623e-01,-4.131593863801645838e-01,1.999997331404407719e+00,-4.131567409005925673e-01,4.132428019522197404e-01,4.116618720672847227e-06,3.609552295221112007e-06,5.531912719961086362e-06,9.999986657022038594e-01
2.714970782212857130e-03,-4.131625874502732887e-01,-4.131574877874151785e-01,1.000002809590395447e+00,-4.131536153214501739e-01,2.000003210960428213e+00,-4.131545652052599493e-01,4.132398264926988585e-01,4.322534494924487008e-06,1.073873861592229499e-06,3.386212559075233682e-06,1.000001605480213884e+00
2.727619309964617912e-03,-4.131625777328740146e-01,-4.131636832134925608e-01,1.000001577402471531e+00,-4.131584963040571545e-01,2.000001802745668300e+00,-4.131580933795658828e-01,4.132475149078022048e-01,-1.928478529677032778e-06,-2.400993036942752445e-06,1.880238334429619927e-06,1.000000901372834150e+00
2.738833572563983618e-03,-4.131625691173682613e-01,-4.131710978475086060e-01,9.999912728512713178e-01,-4.131627851395823781e-01,1.999990026115812780e+00,-4.131638418404395829e-01,4.132541610992443437e-01,-3.318986422181758858e-07,6.316436152457770543e-06,6.817666554064571415e-06,9.999950130579065011e-01
2.744842530992237101e-03,-4.131625645009026071e-01,-4.131648355548893092e-01,9.999915193652976209e-01,-4.131593556531334976e-01,1.999990307846126525e+00,-4.131571386894162812e-01,4.132456196483905164e-01,4.577483083439356358e-06,1.031084023528206533e-05,1.043219129283670847e-05,9.999951539230633735e-01
2.751660039910186224e-03,-4.131625592632610089e-01,-4.131546919399052831e-01,1.000003176611955480e+00,-4.131505501712139927e-01,2.000003630413636380e+00,-4.131507280853522479e-01,4.132379010765380722e-01,5.121984759308441676e-06,5.003597999280772667e-06,3.730571747209259507e-06,1.000001815206818190e+00
2.760043780180350664e-03,-4.131625528223411559e-01,-4.131637687698963002e-01,1.000001443892426511e+00,-4.131641519971513965e-01,2.000001650162761102e+00,-4.131650045367905033e-01,4.132474914241375252e-01,-1.439681609095383743e-07,3.199957660833731992e-06,4.082318266460397823e-06,1.000000825081380551e+00
2.770017694312446998e-03,-4.131625451597479293e-01,-4.131623824525984534e-01,9.999980657540665785e-01,-4.131563212261008533e-01,1.999997789433235473e+00,-4.131556881917151647e-01,4.132447437605525353e-01,5.885286900482811028e-06,1.389089057433816368e-06,5.752258157944337244e-06,9.999988947166177367e-01
2.780070012985360554e-03,-4.131625374369198300e-01,-4.131620304886061135e-01,9.999993236218436277e-01,-4.131655077123913555e-01,1.999999226996398427e+00,-4.131668033126548178e-01,4.132446790488179533e-01,-5.835731683219540493e-06,-3.217814535782040770e-06,6.890779043504854138e-06,9.999996134981993245e-01
2.789285273460144141e-03,-4.131625303571688224e-01,-4.131650326693305231e-01,9.999974218135427861e-01,-4.131625927741433557e-01,1.999997053501213706e+00,-4.131615251713184889e-01,4.132480291132338834e-01,4.995966937895190927e-06,9.078480571778764125e-06,1.076112992509817049e-05,9.999985267506069642e-01
2.795959392692957349e-03,-4.131625252296842743e-01,-4.131623656971334380e-01,9.999970947391004783e-01,-4.131547014573743182e-01,1.999996679701854019e+00,-4.131538479666870267e-01,4.132443378850334526e-01,1.048505715863316519e-05,8.014226296806456636e-06,1.024451093942211961e-05,9.999983398509268984e-01
2.804477134168999360e-03,-4.131625186858132182e-01,-4.131576398087956070e-01,1.000002404725923499e+00,-4.131533138107484904e-01,2.000002748258177476e+00,-4.131530545978610580e-01,4.132398685932620053e-01,9.640770450812648327e-07,-1.222735940788485863e-07,6.743771354028623338e-07,1.000001374129088738e+00
2.813889081769989624e-03,-4.131625114549553612e-01,-4.131570810753922851e-01,1.000005808173782818e+00,-4.131530062282143256e-01,2.000006637912845164e+00,-4.131527676389034065e-01,4.132403926943202799e-01,-6.165138266000463497e-06,-1.634863486905665742e-06,5.209852555241917512e-06,1.000003318956422582e+00
2.823712268178096407e-03,-4.131625039081593398e-01,-4.131611626703551865e-01,1.000000436934682657e+00,-4.131502139535235818e-01,2.000000499353919103e+00,-4.131506394365294099e-01,4.132435000226898913e-01,4.663222649656723263e-06,3.935316327413731417e-06,4.682549633152996600e-06,1.000000249676959552e+00
2.835763926828389035e-03,-4.131624946493113182e-01,-4.131563753434313591e-01,1.000003640628763790e+00,-4.131506997689193827e-01,2.000004160718555912e+00,-4.131487795531288421e-01,4.132384860979989583e-01,1.744946282308287995e-06,1.976718472358962131e-06,1.812319237738530995e-06,1.000002080359278178e+00
2.847652369218279644e-03,-4.131624855158534393e-01,-4.131539909594762472e-01,1.000008004391835348e+00,-4.131579861438906542e-01,2.000009147876315119e+00,-4.131608844101091749e-01,4.132366730998564552e-01,-7.599215178117102961e-06,-7.865778091772325037e-06,8.889111442462413018e-06,1.000004573938157559e+00
2.857483121139674318e-03,-4.131624779632462330e-01,-4.131604623949951538e-01,1.000004274334283405e+00,-4.131726461904057235e-01,2.000004884953430206e+00,-4.131735984012995799e-01,4.132440655079439584e-01,-7.514390889899880059e-06,-4.259271364967006608e-06,6.271858073010171057e-06,1.000002442476715103e+00
2.868258892101267690e-03,-4.131624696846158962e-01,-4.131619766308570196e-01,9.999986221326623292e-01,-4.131673435264956451e-01,1.999998425294482907e+00,-4.131674427585779741e-01,4.132443473810020751e-01,-6.370223006253517207e-06,1.210316013740916703e-06,7.561068662256237153e-06,9.999992126472415643e-01
2.880274122311794315e-03,-4.131624604537551537e-01,-4.131663279662863841e-01,9.999966673654391291e-01,-4.131780304354950584e-01,1.999996191274815871e+00,-4.131792322551002261e-01,4.132493470513586842e-01,-1.107148624940917895e-05,5.099584678973159955e-09,1.061189483638702492e-05,9.999980956374079355e-01
2.891101159939105450e-03,-4.131624521357381008e-01,-4.131654996101052357e-01,9.999953032980030132e-01,-4.131781250086947743e-01,1.999994632340614809e+00,-4.131781542983455346e-01,4.132481211733145532e-01,-6.725796476244365163e-06,-4.256975975195828780e-06,6.520572912219123060e-06,9.999973161703074043e-01
2.901554241318976719e-03,-4.131624441050192331e-01,-4.131654328846448565e-01,9.999954091811289469e-01,-4.131679389469238850e-01,1.999994753349900733e+00,-4.131665553341363761e-01,4.132475885256896575e-01,5.460985878250429224e-07,-1.362046315819800650e-06,8.228185226037049892e-07,9.999973766749504778e-01
2.911354599170759127e-03,-4.131624365757657347e-01,-4.131598783914257611e-01,9.999998589376629665e-01,-4.131570857718915302e-01,1.999999838785901929e+00,-4.131564454844287027e-01,4.132423307998416839e-01,9.094749922316223839e-07,3.034292018092501460e-06,1.920382036033286193e-06,9.999999193929508534e-01
2.921210825353340399e-03,-4.131624290035862401e-01,-4.131595643581258415e-01,1.000001986853563229e+00,-4.131664123068343741e-01,2.000002270689769546e+00,-4.131672472202086444e-01,4.132423162677926198e-01,-7.946291037474546016e-06,-8.899900705645165120e-06,9.483548611504910588e-06,1.000001135344884773e+00
2.932672656891249178e-03,-4.131624201978820188e-01,-4.131607498192456096e-01,1.000000592109672404e+00,-4.131678715092664267e-01,2.000000676696763513e+00,-4.131665684870313160e-01,4.132431139242859208e-01,-6.821085792563681716e-06,-1.065216908591847153e-05,1.026333913514417839e-05,1.000000338348381757e+00
2.941136224524946389e-03,-4.131624136956336124e-01,-4.131584366349584370e-01,1.000002340459946737e+00,-4.131540182534308991e-01,2.000002674811347969e+00,-4.131531675992679564e-01,4.132410697488014817e-01,4.198318876115987155e-06,-8.770063071771188432e-06,8.080541699384295178e-06,1.000001337405673985e+00
2.950495498379054633e-03,-4.131624065052451056e-01,-4.131596782560756353e-01,1.000002390197205937e+00,-4.131627154227840437e-01,2.000002731653928834e+00,-4.131634833982880672e-01,4.132425758087563405e-01,-1.827058007575012419e-06,2.108342509507533394e-06,2.251907638272598450e-06,1.000001365826964639e+00
2.958157096614451136e-03,-4.131624006191168541e-01,-4.131629714241135676e-01,9.999999162378488959e-01,-4.131735855347050124e-01,1.999999904271827944e+00,-4.131759005530894480e-01,4.132460584057623953e-01,-9.192648395982328023e-06,-8.904956033621981736e-06,1.046555910943914171e-05,9.999999521359139720e-01
2.963667321008127756e-03,-4.131623963858094273e-01,-4.131622216705924666e-01,9.999980588204598897e-01,-4.131772667577471303e-01,1.999997781509113226e+00,-4.131759843841163460e-01,4.132441310392383493e-01,-9.728998568457321810e-06,-9.087423135077458812e-06,8.094541170961881525e-06,9.999988907545567240e-01
2.971616947348847213e-03,-4.131623902784007374e-01,-4.131572021539923201e-01,1.000002797596767357e+00,-4.131617492002110370e-01,2.000003197253424236e+00,-4.131610097650482150e-01,4.132400063435013871e-01,-7.803061023862045387e-07,-4.172597514723476843e-06,4.674829556451934188e-06,1.000001598626712340e+00
2.980571187754757923e-03,-4.131623833991843742e-01,-4.131603978362747842e-01,1.000002296490363651e+00,-4.131712375470323328e-01,2.000002624560395681e+00,-4.131721911677642134e-01,4.132428748115016259e-01,-1.295052716767592965e-05,-5.189916508011189537e-06,1.321677870489532830e-05,1.000001312280198063e+00
2.990255387511681420e-03,-4.131623759591698253e-01,-4.131526468674981412e-01,1.000006327774958459e+00,-4.131635610063045805e-01,2.000007231742755742e+00,-4.131630585702011915e-01,4.132345868953924417e-01,-1.294220913627718861e-05,-1.077044416750436329e-05,1.365397097644525961e-05,1.000003615871377871e+00
3.002017458828033347e-03,-4.131623669228009499e-01,-4.131529207093974088e-01,1.000010288018185589e+00,-4.131723109207567912e-01,2.000011757734981188e+00,-4.131733872955747344e-01,4.132366218913634537e-01,-1.614784135051482755e-05,-1.084367694214350733e-05,1.567017233407225543e-05,1.000005878867490816e+00
3.012989451654334364e-03,-4.131623584934218107e-01,-4.131643518748746025e-01,9.999994392343096727e-01,-4.131762511350193789e-01,1.999999359124930320e+00,-4.131753413084577886e-01,4.132472853585275607e-01,-5.368390280839868346e-06,-3.183988861648635453e-06,4.931737999735369470e-06,9.999996795624651602e-01
3.022354723559528798e-03,-4.131623512984277657e-01,-4.131663987041002684e-01,9.999952701776803066e-01,-4.131726579168805147e-01,1.999994594488817778e+00,-4.131733654984304227e-01,4.132490616207205592e-01,-7.463548547604015611e-06,-3.418952512068009446e-06,7.572149220567613853e-06,9.999972972444088892e-01
3.031866108954685800e-03,-4.131623439911780715e-01,-4.131661896911847376e-01,9.999946817768351481e-01,-4.131738429710899996e-01,1.999993922030714133e+00,-4.131727741700820244e-01,4.132485861502563362e-01,-5.111317806923170291e-06,4.453724804190461290e-06,4.398053515497724518e-06,9.999969610153570665e-01
3.042626907115047671e-03,-4.131623357240492567e-01,-4.131622886811454065e-01,9.999972671418658754e-01,-4.131639362457241726e-01,1.999996876733584283e+00,-4.131639169363746089e-01,4.132441377320633102e-01,-2.487777540203082055e-06,1.232771850358125776e-06,2.998426675623338585e-06,9.999984383667921417e-01
3.053179414330409007e-03,-4.131623276169434367e-01,-4.131581110355452835e-01,1.000004528903375434e+00,-4.131694266261821680e-01,2.000005175889533415e+00,-4.131705814182053405e-01,4.132418457728951888e-01,-1.004997312036310378e-05,-3.340097956314119417e-06,1.079086266268326651e-05,1.000002587944766708e+00
3.061960689628929772e-03,-4.131623208706122208e-01,-4.131666802600966193e-01,9.999968515085257970e-01,-4.131740433191040673e-01,1.999996401724056350e+00,-4.131731329277702480e-01,4.132491226519243166e-01,-7.499239472001007288e-06,-8.117845775738017843e-07,6.016733794709214661e-06,9.999982008620281748e-01
3.070794986396971869e-03,-4.131623140835460339e-01,-4.131632971568426904e-01,9.999966587332200785e-01,-4.131603935436615194e-01,1.999996181409422702e+00,-4.131592681627766495e-01,4.132456627700114016e-01,2.117825841286078079e-06,3.945913992728966431e-06,3.101037172973522275e-06,9.999980907047113510e-01
3.080331653311120001e-03,-4.131623067568740981e-01,-4.131618017395282672e-01,9.999990993621059587e-01,-4.131652975918281845e-01,1.999998970699557344e+00,-4.131658848671563855e-01,4.132443205706894940e-01,-1.942837962346052046e-06,-9.302840538371757241e-06,1.003295624822067582e-05,9.999994853497786718e-01
3.090007294396581415e-03,-4.131622993234325691e-01,-4.131613872744295257e-01,9.999999206056356948e-01,-4.131607427616828532e-01,1.999999909263584286e+00,-4.131595501227535161e-01,4.132439831636126604e-01,2.398874964017906535e-06,-1.593800418197641293e-06,3.215380780452808892e-06,9.999999546317921428e-01
3.100611728704043800e-03,-4.131622911764343820e-01,-4.131589787927689161e-01,1.000001880740222893e+00,-4.131578083861456308e-01,2.000002149417381414e+00,-4.131574541041810877e-01,4.132419381466315156e-01,3.024059641687298213e-06,5.908822594855450423e-06,5.699443051583820434e-06,1.000001074708690707e+00
3.110010721499466800e-03,-4.131622839555317839e-01,-4.131679821847446532e-01,9.999966041563393970e-01,-4.131638349804339638e-01,1.999996119035845288e+00,-4.131643468783690043e-01,4.132516302172146161e-01,2.927529930047555256e-06,1.867132731496389389e-06,3.343475094086331626e-06,9.999980595179226439e-01
3.118958139806473490e-03,-4.131622770815577272e-01,-4.131634328844098758e-01,9.999955321535285435e-01,-4.131671926988228494e-01,1.999994893889785130e+00,-4.131682211513206804e-01,4.132453657687384929e-01,-6.421831803964088171e-07,2.215987122582586847e-06,1.849998817999888426e-06,9.999974469448924541e-01
3.125916633476960409e-03,-4.131622717356006613e-01,-4.131606974571946922e-01,9.999996751300971320e-01,-4.131681325345240574e-01,1.999999628720113609e+00,-4.131674775682652734e-01,4.132430625026711213e-01,3.534779602637319908e-07,4.044356325244316114e-06,4.879905523241212417e-06,9.999998143600568046e-01
3.133978041594455248e-03,-4.131622655423141666e-01,-4.131610633489862239e-01,1.000001462171346223e+00,-4.131613357512972651e-01,2.000001671052954233e+00,-4.131613192016754255e-01,4.132442518897969652e-01,5.338753436523045063e-06,7.950523155266347579e-06,7.874516112107549207e-06,1.000000835526477339e+00
3.150010699999999768e-03,-4.131622532250118773e-01,-4.131663397623367984e-01,9.999952881160203422e-01,-4.131701567169767109e-01,1.999994614989777597e+00,-4.131715011798034465e-01,4.132491094832925760e-01,-2.493487379274406479e-06,8.357475207577901339e-06,8.025520126744004117e-06,9.999973074948887986e-01
3.156612058167108329e-03,-4.131622481534293345e-01,-4.131645366721216628e-01,9.999956204209159427e-01,-4.131656261176030465e-01,1.999994994766798539e+00,-4.131644139123037407e-01,4.132468240543347715e-01,-1.317184517309707771e-06,5.838553883989019377e-06,5.251416476395884007e-06,9.999974973833992697e-01
3.170021709765624175e-03,-4.131622361410667854e-01,-4.131574921839940573e-01,1.000002053146050729e+00,-4.131659186811809104e-01,2.000002346452611768e+00,-4.131666502172389732e-01,4.132395393326534494e-01,-6.785621977658628555e-06,-4.972643285848060228e-06,7.577926024151640356e-06,1.000001173226305884e+00
3.180870198732758686e-03,-4.131613140806902895e-01,-4.131636473507334650e-01,9.999999732019592136e-01,-4.131741431776874141e-01,1.999999969373668307e+00,-4.131736943612056567e-01,4.132467762257312494e-01,-7.746980290523160559e-06,-2.624400105332631617e-06,6.986749800757871480e-06,9.999999846868339315e-01
3.193493096446687815e-03,-4.131606678467650839e-01,-4.131618409739716835e-01,9.999954057289794918e-01,-4.131618197484783761e-01,1.999994749404587102e+00,-4.131599494932059469e-01,4.132423592347963526e-01,-3.021594683641030710e-07,-4.797344007580157085e-07,1.010851183627905926e-06,9.999973747022936621e-01
3.200766738031980436e-03,-4.131604282392313809e-01,-4.131469299328595080e-01,1.000008763736784045e+00,-4.131538013841392076e-01,2.000010015699107413e+00,-4.131540882166434003e-01,4.132294864581223526e-01,-4.040823132953200031e-06,-1.267680163560275078e-05,1.427341363558953749e-05,1.000005007849553706e+00
3.208438139234345496e-03,-4.131602455362258786e-01,-4.131585977143615307e-01,1.000008817863563104e+00,-4.131732396312091105e-01,2.000010077558282973e+00,-4.131747325732451626e-01,4.132429915740006843e-01,-1.563857430313110814e-05,-8.144989167247206706e-06,1.527533666698279699e-05,1.000005038779141264e+00
3.215704814294558216e-03,-4.131601205107640062e-01,-4.131650418351581200e-01,9.999982063665551202e-01,-4.131709357244132130e-01,1.999997950133221236e+00,-4.131700706739320772e-01,4.132480910873604918e-01,-6.928840512625706675e-06,4.020753851532139656e-07,6.193292576267664767e-06,9.999989750666106181e-01
3.225283097266407398e-03,-4.131600058841241041e-01,-4.131649551336223913e-01,9.999949403952007598e-01,-4.131631475518697805e-01,1.999994217594558199e+00,-4.131615141604479402e-01,4.132470624390056080e-01,-2.007460663983152386e-06,-1.732127053918300066e-06,2.064231869500648517e-06,9.999971087972790995e-01
3.234948254274084938e-03,-4.131599297357232969e-01,-4.131607553214978745e-01,9.999995169452842170e-01,-4.131551247108596892e-01,1.999999447937471642e+00,-4.131548003263525448e-01,4.132430874810293919e-01,2.304163490678943297e-06,-3.115560987936907286e-06,3.173253726739521417e-06,9.999997239687358208e-01
3.243468144377553534e-03,-4.131598845915979701e-01,-4.131595128567825959e-01,1.000002089198507971e+00,-4.131525127182574808e-01,2.000002387655420044e+00,-4.131535020940586556e-01,4.132423493522539570e-01,4.627313082305954611e-06,-9.304973717006849437e-07,2.985835792663683444e-06,1.000001193827710022e+00
3.252073040200539368e-03,-4.131598531555700782e-01,-4.131606020824912240e-01,1.000000887562533691e+00,-4.131633754741588782e-01,2.000001014357173812e+00,-4.131634949225942433e-01,4.132428728540660789e-01,-5.859717018012865259e-06,-2.197273646154637748e-06,4.806768719836284106e-06,1.000000507178586906e+00
3.261030500944012232e-03,-4.131598307945724136e-01,-4.131570801629408374e-01,1.000003462290350420e+00,-4.131534457697467189e-01,2.000003956903227742e+00,-4.131519581066481761e-01,4.132398937308496278e-01,6.035740745421129082e-06,3.346053701070591415e-06,6.312092266080417088e-06,1.000001978451613871e+00
3.270564588446987428e-03,-4.131598148461816389e-01,-4.131617571733379179e-01,1.000001455809486961e+00,-4.131508996455000582e-01,2.000001663782258188e+00,-4.131513143194549542e-01,4.132448371673829168e-01,2.824539836534011815e-06,1.949467059084237186e-06,2.894628479318370742e-06,1.000000831891129316e+00
3.283857441859946470e-03,-4.131598011955557315e-01,-4.131608995525492545e-01,9.999973196395122166e-01,-4.131581252491462464e-01,1.999996936730894070e+00,-4.131565434694834948e-01,4.132420072647407516e-01,3.099922216528678022e-06,2.251450091422261879e-06,2.596966801521481799e-06,9.999984683654470352e-01
3.295003881971902537e-03,-4.131597944757606777e-01,-4.131548218161558150e-01,1.000009543991293270e+00,-4.131601901000930277e-01,2.000010907418539929e+00,-4.131622086341441014e-01,4.132386920174300760e-01,-8.124378981759225671e-06,-6.885032132062018299e-06,7.743446529420667862e-06,1.000005453709269743e+00
3.304065804505497504e-03,-4.131597909531523616e-01,-4.131591950087247223e-01,1.000001230081669856e+00,-4.131598435112512901e-01,2.000001405807612098e+00,-4.131579870687713818e-01,4.132408502404101847e-01,2.765653785426814408e-06,3.190942465185936020e-06,3.190558796449776219e-06,1.000000702903806049e+00
3.314821953342677284e-03,-4.131597882128453247e-01,-4.131570739229331601e-01,1.000007403324549404e+00,-4.131617116489895714e-01,2.000008460942279243e+00,-4.131639685658622385e-01,4.132409585461981893e-01,-7.880775868682418999e-06,-7.886600012916705275e-06,8.683790778139052299e-06,1.000004230471139621e+00
3.321981847847246729e-03,-4.131597869737831941e-01,-4.131635893183678854e-01,9.999996621019742182e-01,-4.131701936714876622e-01,1.999999613830830469e+00,-4.131692026335576085e-01,4.132455145741005254e-01,-6.129432762452287822e-06,-3.787416826038134896e-06,4.599759628885415474e-06,9.999998069154152347e-01
3.330207055114041328e-03,-4.131597859440683806e-01,-4.131555146268672818e-01,1.000002800260102687e+00,-4.131539496898942176e-01,2.000003200297236550e+00,-4.131525465390178398e-01,4.132373646856041249e-01,3.517310959353453110e-06,6.247915587488343967e-06,6.212412777137734429e-06,1.000001600148618275e+00
3.335738161063673667e-03,-4.131597854261450098e-01,-4.131559654404937110e-01,1.000006176211201803e+00,-4.131557655276790753e-01,2.000007058527034864e+00,-4.131571120050206436e-01,4.132388634372604619e-01,-8.206052432657938465e-07,-2.229254540343046476e-06,3.650640785026658953e-06,1.000003529263517654e+00
3.343625943480268981e-03,-4.131597848648657645e-01,-4.131582672805796941e-01,1.000004443792780418e+00,-4.131659140622835347e-01,2.000005078620282539e+00,-4.131675406091640523e-01,4.132412318784754457e-01,-8.332286580891773079e-06,-7.401405570590708566e-06,9.345395688177176371e-06,1.000002539310141270e+00
3.353598629457957281e-03,-4.131597843689751581e-01,-4.131611334772844479e-01,1.000001092605401043e+00,-4.131762584367708602e-01,2.000001248691877453e+00,-4.131755358395978739e-01,4.132439265036694231e-01,-1.048822801399892257e-05,-4.032294180518690770e-06,8.913075936088918347e-06,1.000000624345938727e+00
3.363333563932437674e-03,-4.131597840396830645e-01,-4.131605463010833978e-01,9.999996801419013259e-01,-4.131661135265463636e-01,1.999999634447890084e+00,-4.131649663977156606e-01,4.132424752307954363e-01,3.628208556031598734e-07,-1.398370684032941522e-06,1.274569357996417115e-06,9.999998172239449312e-01
3.377981039045360647e-03,-4.131597837207667823e-01,-4.131588976469874330e-01,1.000004518516413921e+00,-4.131664415967383763e-01,2.000005164018719750e+00,-4.131666948740225775e-01,4.132420951024636246e-01,-3.092318510884332930e-06,1.509564097195395266e-07,2.135895966485546959e-06,1.000002582009360097e+00
3.389451190603046289e-03,-4.131597835594353341e-01,-4.131524438006567990e-01,1.000006243279532248e+00,-4.131437646353410820e-01,2.000007135176555373e+00,-4.131417285601156064e-01,4.132341085985779539e-01,4.342114800717571383e-06,2.973542477638671229e-07,4.005294766156208411e-06,1.000003567588277686e+00
3.398092170038009840e-03,-4.131597834685427628e-01,-4.131580947725378983e-01,1.000006849717709256e+00,-4.131620124431794605e-01,2.000007828248752340e+00,-4.131646847720072402e-01,4.132417333833686701e-01,-2.533251008984977881e-06,-6.120656393806173145e-06,5.928824305757922818e-06,1.000003914124376170e+00
3.406475873448052555e-03,-4.131597833969324340e-01,-4.131617716763855697e-01,1.000000367307886551e+00,-4.131616266480522826e-01,2.000000419780438854e+00,-4.131601440118188306e-01,4.132445421311838341e-01,-5.556943987751897706e-07,1.016368696306356858e-06,1.814051560723137401e-06,1.000000209890219427e+00
3.417407075169317295e-03,-4.131597833199682213e-01,-4.131625687431158545e-01,9.999989037329681807e-01,-4.131574392897922610e-01,1.999998747123401532e+00,-4.131578283721370481e-01,4.132452289312806837e-01,7.437282372475971674e-07,1.283965762765877246e-06,8.139712904702211257e-07,9.999993735617007662e-01
3.430899284479603344e-03,-4.131597832410287552e-01,-4.131580692878459860e-01,1.000002119572387826e+00,-4.131585306249103695e-01,2.000002422368424959e+00,-4.131585758595485158e-01,4.132406846201628903e-01,-3.841181765625132747e-06,-6.295268693726811377e-06,6.783520735657835304e-06,1.000001211184212480e+00
3.441697784342940929e-03,-4.131597831855201575e-01,-4.131606255359495661e-01,1.000001490775171975e+00,-4.131529292697226907e-01,2.000001703743040871e+00,-4.131523857451730453e-01,4.132431566192079631e-01,2.378623304119001162e-06,-4.203801828248221897e-06,3.460223646598226695e-06,1.000000851871520435e+00
3.452923223549831961e-03,-4.131597831321192626e-01,-4.131601439301586520e-01,1.000002107284991171e+00,-4.131513559658938628e-01,2.000002408325685987e+00,-4.131518368847276745e-01,4.132433433950669088e-01,4.406677672263789766e-06,4.950726120399823879e-07,5.028615022500223864e-06,1.000001204162842994e+00
3.462811684570056125e-03,-4.131597830873624533e-01,-4.131638435918676411e-01,9.999975027494747426e-01,-4.131543311139343477e-01,1.999997145999421022e+00,-4.131549816095788086e-01,4.132459352381093742e-01,1.032027585600128980e-05,3.968851246043447483e-06,9.282230823891796459e-06,9.999985729997105111e-01
3.472135602994645860e-03,-4.131597830464180388e-01,-4.131590937350163029e-01,1.000001204671091326e+00,-4.131666992637495484e-01,2.000001376766951111e+00,-4.131672120800708448e-01,4.132417486093967196e-01,-5.310626932805980962e-06,-2.142075799619370590e-06,6.225050358111744439e-06,1.000000688383475556e+00
3.484317528962190252e-03,-4.131597829940960587e-01,-4.131636626145612778e-01,1.000000561252088360e+00,-4.131709059038445875e-01,2.000000641430952797e+00,-4.131723148073737639e-01,4.132473919040838828e-01,-8.105796730018535794e-06,-3.817357160906067437e-06,7.428259518896711851e-06,1.000000320715476620e+00
3.496626202507004295e-03,-4.131597829420612933e-01,-4.131657632210373743e-01,9.999926532715858185e-01,-4.131636447665301137e-01,1.999991603739017743e+00,-4.131616625770841988e-01,4.132474572758595421e-01,4.923181883807569012e-06,9.202099001920372907e-06,8.813178781342284916e-06,9.999958018695088713e-01
3.510006974030232749e-03,-4.131597828860421595e-01,-4.131618478893860913e-01,9.999996054247368704e-01,-4.131538589322180655e-01,1.999999549056845405e+00,-4.131530670587204024e-01,4.132445010807744290e-01,3.196904873673350153e-06,6.903254384165471439e-06,7.382934275144423352e-06,9.999997745284227024e-01
3.520014110324556911e-03,-4.131597828443642761e-01,-4.131602385515552589e-01,1.000000639660691082e+00,-4.131669912594556071e-01,2.000000731040784352e+00,-4.131688780117568349e-01,4.132426856812034810e-01,-3.259865697612806197e-06,-1.720625910022979431e-06,4.276519860363882062e-06,1.000000365520392176e+00
3.531565488870623635e-03,-4.131597827963993663e-01,-4.131558018464204229e-01,1.000004989003437039e+00,-4.131639272946171504e-01,2.000005701718171380e+00,-4.131646326940893732e-01,4.132386148697019812e-01,-1.313681991939518332e-05,-1.233611322199405154e-05,1.340154283352008859e-05,1.000002850859085690e+00
3.546265670195982312e-03,-4.131597827354904218e-01,-4.131564793931583601e-01,1.000003891571105141e+00,-4.131547998872608929e-01,2.000004447509801331e+00,-4.131528967005283492e-01,4.132386430049482251e-01,-3.609581982544890150e-06,-4.276594849624129565e-06,4.072065226845921012e-06,1.000002223754900665e+00
3.560254751244370207e-03,-4.131597826776059468e-01,-4.131548801977866225e-01,1.000007190934872892e+00,-4.131646116678344138e-01,2.000008218211222211e+00,-4.131659694762081503e-01,4.132376852752956964e-01,-4.231431783628025421e-06,-1.889879201292942050e-06,3.837687859246755750e-06,1.000004109105611105e+00
3.570012099999999612e-03,-4.131597826372530036e-01,-4.131598577158989705e-01,1.000003571354504794e+00,-4.131692608372173336e-01,2.000004081547975598e+00,-4.131696033962571346e-01,4.132430267175664640e-01,-1.452011521708449253e-06,-8.313587690280862928e-06,8.841510105223251298e-06,1.000002040773987577e+00
3.570973633802314307e-03,-4.131643482919972188e-01,-4.131628478340076960e-01,1.000002832948146292e+00,-4.131702536334977416e-01,2.000003237655000543e+00,-4.131714946545635980e-01,4.132472043832013386e-01,-1.746134196755824711e-06,-8.102069322091606823e-06,7.300989593598767489e-06,1.000001618827500272e+00
3.579803069082769344e-03,-4.131643415086634352e-01,-4.131613990197176012e-01,9.999987602088309391e-01,-4.131600240444937011e-01,1.999998583095817573e+00,-4.131586760409919901e-01,4.132436264436667450e-01,-3.167618092668003162e-06,3.632123590485017148e-06,4.296588436595626428e-06,9.999992915479086752e-01
3.584749758342726210e-03,-4.131643377082991342e-01,-4.131593541435032990e-01,1.000000765314599471e+00,-4.131533403076894650e-01,2.000000874645249560e+00,-4.131518591106207450e-01,4.132415700350847709e-01,-4.487008066038857869e-08,1.746170459716115107e-06,1.028461739876842149e-06,1.000000437322625002e+00
3.592657827240262804e-03,-4.131643316328157400e-01,-4.131580219050592917e-01,1.000003951661226687e+00,-4.131497924260551513e-01,2.000004516184224812e+00,-4.131533486932406074e-01,4.132412912757398304e-01,3.318059516952408126e-07,-4.282613356853018125e-06,5.036813685208999645e-06,1.000002258092112628e+00
3.601551764151405925e-03,-4.131643247999282065e-01,-4.131637479758911713e-01,9.999994644815687339e-01,-4.131831797515420623e-01,1.999999387978940169e+00,-4.131832128131974202e-01,4.132465072478797574e-01,-1.227783871861318626e-05,-4.674744849044691004e-06,1.123964034003476407e-05,9.999996939894700843e-01
3.610956810769835618e-03,-4.131643175743746621e-01,-4.131635566001556348e-01,9.999975891804480099e-01,-4.131613122952156325e-01,1.999997244777675265e+00,-4.131590831064574365e-01,4.132460685947518253e-01,2.808529328773465556e-06,2.581905530772575946e-06,3.649181045847182339e-06,9.999986223888377435e-01
3.621976259875840740e-03,-4.131643091085343000e-01,-4.131623795504668073e-01,9.999990552894876261e-01,-4.131492816348145136e-01,1.999998920330851249e+00,-4.131498619987492016e-01,4.132453826347294301e-01,4.275526127092561633e-06,1.136655627924481968e-06,4.330890958158156224e-06,9.999994601654255133e-01
3.631913459660651190e-03,-4.131643014741470110e-01,-4.131664767480472400e-01,9.999958759925862140e-01,-4.131571860177929989e-01,1.999995286848704978e+00,-4.131574552947044898e-01,4.132492720003409503e-01,5.502428519872968083e-06,-1.057246941608796820e-06,5.094277320335153546e-06,9.999976434243524892e-01
3.642416692944377542e-03,-4.131642934048963545e-01,-4.131666485558890267e-01,9.999938733734594631e-01,-4.131591088014556767e-01,1.999992998141148615e+00,-4.131581959775468271e-01,4.132487617572496164e-01,3.429814974605789569e-06,4.722029312109628388e-06,5.912587512055694488e-06,9.999964990705743073e-01
3.651451622526423208e-03,-4.131642864636889678e-01,-4.131617387128133645e-01,9.999979299645275210e-01,-4.131448061208807254e-01,1.999997634245191724e+00,-4.131439779644351940e-01,4.132441074237152567e-01,1.624137475847323579e-05,1.113726175931528849e-05,1.558531442580190368e-05,9.999988171225959732e-01
3.660612557838110060e-03,-4.131642794256759621e-01,-4.131601996738022975e-01,1.000000803885697565e+00,-4.131563723171593483e-01,2.000000918726504207e+00,-4.131583020650279048e-01,4.132429121817463025e-01,-7.689843723800292976e-07,-2.242514187075529269e-07,2.375145624934893390e-06,1.000000459363252325e+00
3.671674722063215848e-03,-4.131642709270185732e-01,-4.131639745365185412e-01,9.999985390331401769e-01,-4.131716459904252181e-01,1.999998330323601303e+00,-4.131721092252966798e-01,4.132469298793930434e-01,-6.330883889905608797e-06,-4.749011946188516822e-07,7.002892766102248441e-06,9.999991651618005406e-01
3.682500088008761312e-03,-4.131642626102847715e-01,-4.131669700173632442e-01,9.999948443562753919e-01,-4.131777638430457200e-01,1.999994107835787238e+00,-4.131771260175250982e-01,4.132496918656665130e-01,-1.160077595829836078e-05,9.336361885798027116e-08,9.816114761196402796e-06,9.999970539178936191e-01
3.691672176865216492e-03,-4.131642555637018988e-01,-4.131675470890863178e-01,9.999936698653282274e-01,-4.131658040353514139e-01,1.999992765560428820e+00,-4.131656092623695042e-01,4.132501812451190304e-01,4.648989990278990826e-06,3.167316756230930775e-06,4.625453204628315579e-06,9.999963827802145211e-01
3.701792033367507732e-03,-4.131642477889842513e-01,-4.131671236058154784e-01,9.999936182354340897e-01,-4.131749017748587716e-01,1.999992706554835964e+00,-4.131746671248594516e-01,4.132494924100521549e-01,-1.477013204704110158e-06,4.128626270694118150e-07,2.037385514050542814e-06,9.999963532774180930e-01
3.712052682257047705e-03,-4.131642399061038473e-01,-4.131648139182906854e-01,9.999961346317997046e-01,-4.131727101773689514e-01,1.999995582436375541e+00,-4.131728238956834942e-01,4.132477719285981843e-01,-9.843343881389694970e-06,-8.412483491786720672e-06,9.668822414353313391e-06,9.999977912181877704e-01
3.720827994554647741e-03,-4.131642331643530786e-01,-4.131682138726105458e-01,9.999940532513513780e-01,-4.131631848512309357e-01,1.999993203715880741e+00,-4.131616461245913308e-01,4.132508763907943306e-01,2.208498800169519243e-06,6.239017727161503281e-06,7.541540704856338429e-06,9.999966018579404814e-01
3.731498579796526955e-03,-4.131642249665305466e-01,-4.131662068018897571e-01,9.999945784230616086e-01,-4.131482936104319825e-01,1.999993803912116785e+00,-4.131487942989466311e-01,4.132492235798083113e-01,1.855987181077739157e-05,1.005243542391759582e-05,1.736459656356401221e-05,9.999969019560582817e-01
3.740582298909698317e-03,-4.131642179878403653e-01,-4.131710721926034058e-01,9.999915843257479731e-01,-4.131714000865239211e-01,1.999990382086640706e+00,-4.131731193765803001e-01,4.132538251694575782e-01,1.491313201956103417e-06,5.034395168286208063e-06,5.325033858533104376e-06,9.999951910433203528e-01
3.750023092929496028e-03,-4.131642107348222903e-01,-4.131673518449777149e-01,9.999921482935372197e-01,-4.131567382953434397e-01,1.999991026621252388e+00,-4.131549076136498133e-01,4.132495312348764549e-01,5.782993537501494436e-06,9.223382032664414028e-06,9.292099523849233124e-06,9.999955133106261940e-01
3.761624334326700309e-03,-4.131642018220127999e-01,-4.131622022072555800e-01,9.999975028159691082e-01,-4.131452915533064263e-01,1.999997146075414678e+00,-4.131460889037530948e-01,4.132442162986160183e-01,1.191119261980689460e-05,7.800887251142861161e-06,1.142329375034738256e-05,9.999985730377073390e-01
3.771991034869568316e-03,-4.131641938576547934e-01,-4.131568403083811236e-01,1.000003985803371354e+00,-4.131658975704825543e-01,2.000004555203819034e+00,-4.131669650390382142e-01,4.132399503342377711e-01,-1.375147567103098776e-06,-5.588145746860954405e-06,6.167116984713580777e-06,1.000002277601909517e+00
3.790000000000000400e-03,-4.131641800220304805e-01,-4.131651513700114187e-01,9.999970461526521692e-01,-4.131654378853264475e-01,1.999996624174484872e+00,-4.131652191559443410e-01,4.132480682389628179e-01,-2.783360564893633303e-06,3.294124605275874543e-06,3.844312455749103818e-06,9.999983120872424358e-01
3.800352128705535276e-03,-4.131641720688688513e-01,-4.131638083897305469e-01,9.999968645666836853e-01,-4.131660645930956832e-01,1.999996416647665143e+00,-4.131660535260403555e-01,4.132461868830031859e-01,-5.906974124780810103e-07,2.362257698873971869e-06,1.890800561688154329e-06,9.999982083238325714e-01
3.810625952694195011e-03,-4.131641641758654893e-01,-4.131595687330419930e-01,1.000000595357069866e+00,-4.131705051317948185e-01,2.000000680408075215e+00,-4.131711857368867702e-01,4.132422514933420943e-01,-1.658523809396339330e-05,-6.827748704698004635e-06,1.718013090884909033e-05,1.000000340204037608e+00
3.820162232652331204e-03,-4.131641568494908712e-01,-4.131649524589401379e-01,9.999984122677053611e-01,-4.131619319283263980e-01,1.999998185448819576e+00,-4.131604095091151452e-01,4.132482725928351419e-01,-3.711635564353019202e-06,-8.977003881571700420e-06,8.515906824693780382e-06,9.999990927244097882e-01
3.830002432056956070e-03,-4.131641492896234724e-01,-4.131748788138506212e-01,9.999893436967750571e-01,-4.131686014953730446e-01,1.999987821367833707e+00,-4.131693229405847823e-01,4.132585531594594186e-01,5.421993150658984710e-06,8.197265715750817305e-06,1.026134481597129687e-05,9.999939106839168534e-01
3.838973065584138245e-03,-4.131641423978146821e-01,-4.131653353483435986e-01,9.999913561562081554e-01,-4.131594566203410923e-01,1.999990121321454373e+00,-4.131594051133338774e-01,4.132466410347239161e-01,-1.828740453725000545e-07,3.630708815682025133e-06,2.365108834527339512e-06,9.999950606607271864e-01
3.844930991111410266e-03,-4.131641378205574977e-01,-4.131648064733686176e-01,9.999970298808982250e-01,-4.131671944532520624e-01,1.999996605578194586e+00,-4.131683035974973439e-01,4.132479725646898139e-01,-2.442280096805669900e-06,8.837606358461461511e-07,1.691558916828204966e-06,9.999983027890972931e-01
3.854346177655684248e-03,-4.131641305872145176e-01,-4.131698608039691134e-01,9.999928862593187029e-01,-4.131644280036384509e-01,1.999991870010710437e+00,-4.131636128968469435e-01,4.132530184916780036e-01,1.407319108918229797e-05,1.250327336776362715e-05,1.500044567443728147e-05,9.999959350053552187e-01
3.870004207552643714e-03,-4.131641185577247244e-01,-4.131751262743575959e-01,9.999861446910075502e-01,-4.131539160159465873e-01,1.999984165361269550e+00,-4.131535939174954541e-01,4.132579542541919282e-01,1.646469916847808450e-05,1.771719023823908174e-05,1.748787721537274948e-05,9.999920826806347751e-01
3.880312961077091952e-03,-4.131641106378876049e-01,-4.131660722536017460e-01,9.999916888454707387e-01,-4.131574577081274513e-01,1.999990501537751486e+00,-4.131587352879687036e-01,4.132482695712938470e-01,1.362169771837583015e-06,6.425243411895947558e-07,1.083968042782808185e-06,9.999952507688757430e-01
3.889449705062990315e-03,-4.131641036184619531e-01,-4.131746490517195225e-01,9.999897262937892384e-01,-4.131670687570156986e-01,1.999988258621560933e+00,-4.131668292408761656e-01,4.132583914441605999e-01,7.049585716119829415e-06,6.609854397120116558e-06,9.155255187024143406e-06,9.999941293107803553e-01
3.900298921094661440e-03,-4.131640952834088054e-01,-4.131715457590752760e-01,9.999874553090720708e-01,-4.131497943991309652e-01,1.999985663210475106e+00,-4.131491477365701326e-01,4.132534478595215055e-01,1.837360404040823259e-05,1.087385963723765902e-05,1.813550240831277591e-05,9.999928316052375532e-01
3.910445766639021603e-03,-4.131640874879584091e-01,-4.131584614259194432e-01,9.999984935744846704e-01,-4.131531442686581235e-01,1.999998278370852312e+00,-4.131533627020673727e-01,4.132399635099248125e-01,1.101703314585195674e-05,9.173650121491261906e-06,9.858591714688109397e-06,9.999991391854261558e-01
3.919999999999999873e-03,-4.131640801477872160e-01,-4.131511200600508915e-01,1.000008402436715738e+00,-4.131639643764818959e-01,2.000009602784746043e+00,-4.131653597444118198e-01,4.132330240676483357e-01,-1.342482775892125409e-05,-1.330788792264446598e-05,1.604307393614649697e-05,1.000004801392373244e+00
3.927306523527730048e-03,-4.131640745344501986e-01,-4.131581260054001947e-01,1.000007445442480103e+00,-4.131678267076585032e-01,2.000008509077056740e+00,-4.131670137320258562e-01,4.132419821817234773e-01,-1.150220256416783465e-05,-1.081061932921578716e-05,9.634066228394712805e-06,1.000004254538528370e+00
3.933872113705850007e-03,-4.131640694903448430e-01,-4.131625848114163224e-01,1.000000153004360959e+00,-4.131614510716701827e-01,2.000000174862125668e+00,-4.131613884267180681e-01,4.132452285381319479e-01,-4.044658975509244198e-06,-3.838412409083106613e-06,4.679163476973114743e-06,1.000000087431062834e+00
3.942238015719015318e-03,-4.131640630631283617e-01,-4.131626671509364135e-01,9.999988089181504058e-01,-4.131693908238312507e-01,1.999998638763610392e+00,-4.131705410216118812e-01,4.132454032423358847e-01,-1.247942811791267941e-05,-6.810776648855498269e-06,1.164714112806312593e-05,9.999993193818051962e-01
3.950808961176074594e-03,-4.131640564783844449e-01,-4.131636325068939186e-01,9.999980379379213025e-01,-4.131685306619818365e-01,1.999997757643355634e+00,-4.131671549233950635e-01,4.132463202881982989e-01,6.983900141016390237e-07,1.755394761258769740e-06,2.692878748042967091e-06,9.999988788216777058e-01
3.962168959910574058e-03,-4.131640477509118115e-01,-4.131633923901799066e-01,9.999976042990534886e-01,-4.131514704681857886e-01,1.999997262056081748e+00,-4.131505171539874843e-01,4.132457910591958994e-01,8.189424439665480887e-06,9.343570467338298515e-06,9.210625811563957172e-06,9.999986310280408741e-01
3.973175089141773621e-03,-4.131640392953052632e-01,-4.131598578522177601e-01,1.000000181052117298e+00,-4.131524761143738345e-01,2.000000206916703771e+00,-4.131530188934510739e-01,4.132419433430393196e-01,6.630926056678138792e-06,2.335926126997654102e-06,5.521659862114237946e-06,1.000000103458352108e+00
3.983510088311001743e-03,-4.131640313553023303e-01,-4.131569865161430766e-01,1.000005197559139303e+00,-4.131651823187798001e-01,2.000005940067543175e+00,-4.131667691481353266e-01,4.132401637475972001e-01,-8.562614437015142981e-06,-1.308976107987954331e-05,1.342727230719829696e-05,1.000002970033771810e+00
3.992950874278929085e-03,-4.131640241022896398e-01,-4.131621415168306166e-01,1.000001012645195475e+00,-4.131697830114025582e-01,2.000001157308786137e+00,-4.131691748710452639e-01,4.132452202257534957e-01,-8.801689936077911641e-06,-7.226139781495981346e-06,6.681611641088043030e-06,1.000000578654393069e+00
4.001574639953349791e-03,-4.131640174769641849e-01,-4.131646823771421562e-01,9.999968443539846152e-01,-4.131566121681539694e-01,1.999996393547437856e+00,-4.131556259899636929e-01,4.132464840672901984e-01,9.795441073388482846e-06,7.650218555346556445e-06,9.773418924644776651e-06,9.999981967737189281e-01
4.010295584812200061e-03,-4.131640107769830594e-01,-4.131549549060369864e-01,1.000002944790445492e+00,-4.131693937981905651e-01,2.000003365474769979e+00,-4.131721190912072128e-01,4.132369410263934673e-01,-9.651916797267417322e-06,-6.414577391570168584e-06,1.217911950636301484e-05,1.000001682737384989e+00
4.019290027902903961e-03,-4.131640038668806802e-01,-4.131611820352585340e-01,1.000003165772098024e+00,-4.131709614537137920e-01,2.000003618025227858e+00,-4.131699040573570403e-01,4.132446736500325901e-01,-2.108155367880303529e-06,-7.570826348304226148e-06,6.641715888027765221e-06,1.000001809012613929e+00
4.027934624762303899e-03,-4.131639972255523041e-01,-4.131625179909456103e-01,9.999988796004238845e-01,-4.131541111528415078e-01,1.999998719543351067e+00,-4.131518626569407049e-01,4.132451315760340971e-01,8.662218471357149355e-06,2.224345718694275281e-06,9.331180833767117029e-06,9.999993597716755334e-01
4.040069509335423095e-03,-4.131639879027645401e-01,-4.131603024509539757e-01,1.000000374460240815e+00,-4.131406129931458060e-01,2.000000427954557569e+00,-4.131389411668896505e-01,4.132427426030284567e-01,1.899061012723493805e-05,1.554473553854763683e-05,1.990959639523658359e-05,1.000000213977278785e+00
4.046367294903509965e-03,-4.131639830644004419e-01,-4.131624861309373120e-01,1.000000228115297096e+00,-4.131475893495645813e-01,2.000000260703194588e+00,-4.131497206159420177e-01,4.132455656474136041e-01,1.162710351763481305e-05,5.278867704717559862e-06,9.749679016899749016e-06,1.000000130351597294e+00
4.052363920060457307e-03,-4.131639784574092644e-01,-4.131628626684011873e-01,9.999978833683883517e-01,-4.131596691886187389e-01,1.999997580992461943e+00,-4.131603323474168921e-01,4.132445079356564799e-01,2.581633954501015448e-06,-6.830406104222125686e-07,2.311203649056951529e-06,9.999987904962309715e-01
4.060543421618294756e-03,-4.131639721733954551e-01,-4.131540403271239947e-01,1.000004251943739764e+00,-4.131553490343675694e-01,2.000004859364237664e+00,-4.131550432085761004e-01,4.132366210916612603e-01,2.796697974900100625e-07,1.599462713632142010e-06,7.623451850973662231e-07,1.000002429682118832e+00
4.068528086322715544e-03,-4.131639660390665214e-01,-4.131641428079576017e-01,1.000001981070454127e+00,-4.131652686596991031e-01,2.000002264080502190e+00,-4.131665442557241330e-01,4.132482286027350793e-01,-5.759358936765823222e-06,-3.066394586545307990e-06,5.541780502881872926e-06,1.000001132040251095e+00
4.075004116333814236e-03,-4.131639610637652948e-01,-4.131682046837140687e-01,9.999941000297782878e-01,-4.131650481907431227e-01,1.999993257176939654e+00,-4.131643375304333565e-01,4.132509667366454642e-01,1.693628868238822715e-06,4.724698706436703102e-06,5.907612997188035825e-06,9.999966285884698269e-01
4.087285735965149464e-03,-4.131639516282465951e-01,-4.131632615398873609e-01,9.999950864552361596e-01,-4.131508544781634096e-01,1.999994384520311641e+00,-4.131493564570079546e-01,4.132449930990553244e-01,7.410628721854556438e-06,5.022481572561846533e-06,6.691157617766938657e-06,9.999971922601558205e-01
4.100129097666866881e-03,-4.131639417611631115e-01,-4.131511642476963786e-01,1.000007582059546873e+00,-4.131466628229677474e-01,2.000008665210846193e+00,-4.131463743661337729e-01,4.132332184486846582e-01,-1.249521499137730329e-06,-6.330645746078109706e-06,7.097241635328108315e-06,1.000004332605423096e+00
4.107792390836518398e-03,-4.131639358737325129e-01,-4.131653651445655329e-01,1.000003144503892383e+00,-4.131740719991306987e-01,2.000003593718707506e+00,-4.131783098444321012e-01,4.132502143737499245e-01,-7.723864818061913800e-06,-3.315456829973523609e-06,7.216592922278284226e-06,1.000001796859353753e+00
4.112975405262622557e-03,-4.131639318918090553e-01,-4.131696418835454354e-01,9.999926177695489526e-01,-4.131770499665838314e-01,1.999991563165261610e+00,-4.131737261940850447e-01,4.132511141307743108e-01,1.550881411109224115e-06,8.377037101447917184e-06,1.040455360965625830e-05,9.999957815826308050e-01
4.120957130394353914e-03,-4.131639257597408688e-01,-4.131596862981636309e-01,9.999978104018983904e-01,-4.131481548400616766e-01,1.999997497602188146e+00,-4.131464031602868348e-01,4.132420267920089985e-01,1.223894592404991478e-05,9.789068147530935262e-06,1.153941148520233759e-05,9.999987488010940728e-01
4.130058652032867622e-03,-4.131639187673740721e-01,-4.131623373761637019e-01,1.000000254812988931e+00,-4.131583048329391938e-01,2.000000291214842019e+00,-4.131592957325128102e-01,4.132453540556971228e-01,2.023088620454053668e-06,1.426154398054394088e-06,1.518311806352971740e-06,1.000000145607421009e+00
4.141994218010426956e-03,-4.131639095977149845e-01,-4.131688138865198257e-01,9.999928539202037614e-01,-4.131677012811821315e-01,1.999991833051722123e+00,-4.131672785730825526e-01,4.132506977988086860e-01,3.758683921499687308e-06,4.325995963540424416e-06,5.406492673647255809e-06,9.999959165258611726e-01
4.151092652594872562e-03,-4.131639026077194021e-01,-4.131609249147817353e-01,9.999979592719497878e-01,-4.131581345473391287e-01,1.999997667739388696e+00,-4.131576272937820815e-01,4.132438534511673200e-01,4.592197966796946493e-06,6.139281411159249225e-06,5.389756429080476461e-06,9.999988338696942369e-01
4.160636869058920856e-03,-4.131638952752473837e-01,-4.131690754192234305e-01,9.999949307220113992e-01,-4.131580083188020613e-01,1.999994206539484676e+00,-4.131576200919636066e-01,4.132521197596634166e-01,9.280304529747431742e-06,6.759876410105986737e-06,9.887156111242282447e-06,9.999971032697423379e-01
4.170634452888692147e-03,-4.131638875944694256e-01,-4.131677518064089671e-01,9.999925825391289269e-01,-4.131650146923738220e-01,1.999991522901924723e+00,-4.131661056432988088e-01,4.132499929675324535e-01,2.501299783467835611e-06,6.769384211564566458e-06,6.342443672928511230e-06,9.999957614509623616e-01
4.180522487074416274e-03,-4.131638799978532561e-01,-4.131619578381080515e-01,9.999974347977453881e-01,-4.131586519723773332e-01,1.999997068340302331e+00,-4.131579636575203329e-01,4.132445599949635673e-01,3.612612223154109934e-06,5.344041218785868710e-07,3.083561952555001026e-06,9.999985341701511654e-01
4.190058873165909345e-03,-4.131638726713989240e-01,-4.131690819479869048e-01,9.999947495713198409e-01,-4.131668582935262291e-01,1.999993999510124354e+00,-4.131676827298694787e-01,4.132524416114408128e-01,-2.609141185041893336e-06,-2.713958238034733220e-07,2.560210483042672758e-06,9.999969997550621770e-01
4.198849504061531387e-03,-4.131638659178779593e-01,-4.131610028021733827e-01,9.999966366011491248e-01,-4.131576613282880728e-01,1.999996156115627421e+00,-4.131565675337934285e-01,4.132425051284803197e-01,5.254871055242458952e-06,2.565227403881441124e-06,5.427183893865435813e-06,9.999980780578138218e-01
4.204644979867805388e-03,-4.131638614654222219e-01,-4.131601631928790708e-01,1.000001610585299350e+00,-4.131603102287269014e-01,2.000001840668899966e+00,-4.131622254885009005e-01,4.132432124999452228e-01,-1.998027900017072965e-06,-4.664559301304278639e-06,5.867087274245677156e-06,1.000000920334449761e+00
4.212620512799982418e-03,-4.131638553381106749e-01,-4.131630414221731384e-01,9.999992830208674910e-01,-4.131718761476823598e-01,1.999999180595283255e+00,-4.131724403389556710e-01,4.132458029514415321e-01,-9.150903059871198059e-06,-6.644384414481434755e-06,7.874842877614122576e-06,9.999995902976416273e-01
4.221756901673082672e-03,-4.131638483189554178e-01,-4.131639509023408707e-01,9.999976171054352214e-01,-4.131650700504265195e-01,1.999997276691946047e+00,-4.131639471732007629e-01,4.132466218493919263e-01,4.127279740584529019e-06,2.147501549262907791e-06,4.358439389977355859e-06,9.999986383459730233e-01
4.233819446036655304e-03,-4.131638390517461956e-01,-4.131639167688395120e-01,9.999971653939681016e-01,-4.131627477534629000e-01,1.999996760450273303e+00,-4.131625535679029348e-01,4.132464566619810098e-01,-9.568567284083825847e-07,-1.380620071649399015e-06,1.491774427267099070e-06,9.999983802251366516e-01
4.246993841659439314e-03,-4.131638289303407041e-01,-4.131689150317945924e-01,9.999951311184627212e-01,-4.131605091063461077e-01,1.999994435563999140e+00,-4.131596493934029946e-01,4.132524955837107994e-01,7.205471058479127284e-06,4.389255101577555477e-06,9.371193527908129516e-06,9.999972177819994590e-01
4.259751117090596756e-03,-4.131638191293934281e-01,-4.131688595764466676e-01,9.999906162391132280e-01,-4.131551101857786623e-01,1.999989275701923752e+00,-4.131554114140535972e-01,4.132510533913292261e-01,2.119701260345795743e-05,1.759781119663857629e-05,2.102888271903442940e-05,9.999946378509618761e-01
4.269999999999999490e-03,-4.131638112555502396e-01,-4.131691727634966282e-01,9.999920900662503387e-01,-4.131541238886567435e-01,1.999990960075782143e+00,-4.131538414524518199e-01,4.132519024153558651e-01,1.615528686936551234e-05,5.938652419573591101e-06,1.568350358590946906e-05,9.999954800378910713e-01
4.280000494717267102e-03,-4.131638035725359037e-01,-4.131647771562956262e-01,9.999947175064244353e-01,-4.131671223563136985e-01,1.999993962864530239e+00,-4.131692763335670371e-01,4.132469113973996078e-01,-8.375214303862726545e-06,-1.662879441448612904e-07,1.123450472721744825e-05,9.999969814322651196e-01
4.284822774788328743e-03,-4.131637998677503698e-01,-4.131645202084465174e-01,9.999965238094122855e-01,-4.131732464441900676e-01,1.999996027210786620e+00,-4.131739444608105716e-01,4.132472106897318032e-01,-6.949262992413973071e-06,1.459190417619424827e-06,5.477402015715018272e-06,9.999980136053933100e-01
4.300007632036422119e-03,-4.131637882017816787e-01,-4.131649126173450592e-01,9.999963053701369509e-01,-4.131538311051666801e-01,1.999995777565902300e+00,-4.131515400759193102e-01,4.132475461906168768e-01,1.819698157239118785e-05,1.188926196147500613e-05,1.969218217635079090e-05,9.999978887829511498e-01
4.310168305261947302e-03,-4.131637803957067812e-01,-4.131638217125405688e-01,9.999970470507493214e-01,-4.131529757497397481e-01,1.999996625200881617e+00,-4.131532829040932553e-01,4.132463720808214336e-01,1.163629183430774708e-05,6.681300130099199556e-06,1.054848236837295145e-05,9.999983126004408085e-01
4.322269233055032849e-03,-4.131637710990058165e-01,-4.131637864457012865e-01,9.999967063344916696e-01,-4.131638272752924945e-01,1.999996235810875822e+00,-4.131630190312994277e-01,4.132457001692584897e-01,1.389327143499996111e-07,3.054431065485202350e-06,3.590171506285940248e-06,9.999981179054378000e-01
4.331842161543400863e-03,-4.131637637444741107e-01,-4.131583695696908198e-01,1.000002632780049971e+00,-4.131510098099092088e-01,2.000003008891463097e+00,-4.131518501502401408e-01,4.132421154561799481e-01,2.062004221566132973e-06,3.190046882728930693e-06,2.499435340539351223e-06,1.000001504445731548e+00
4.341123679676627163e-03,-4.131637566138234852e-01,-4.131708433338144304e-01,9.999942426644062854e-01,-4.131658643837547995e-01,1.999993420187941906e+00,-4.131660133828176651e-01,4.132536440355193408e-01,6.136613199129403719e-06,7.930806974678422189e-06,9.337298125665424240e-06,9.999967100939709530e-01
4.350022608115234647e-03,-4.131637497771023515e-01,-4.131673510948177808e-01,9.999921469205313995e-01,-4.131583176923460110e-01,1.999991025052102689e+00,-4.131580759956055005e-01,4.132495433195728096e-01,8.562816118138296567e-06,1.241173082105305475e-05,1.211227486499205805e-05,9.999955125260513444e-01
4.359999999999999293e-03,-4.131637421118368736e-01,-4.131715400574498820e-01,9.999910270800134171e-01,-4.131687820552871759e-01,1.999989745234377336e+00,-4.131696929109807126e-01,4.132546900738420237e-01,9.044985529272827756e-06,5.274918698792391649e-06,9.512756834387073424e-06,9.999948726171886682e-01
4.367882744291175581e-03,-4.131637360558103600e-01,-4.131694757238966731e-01,9.999902494870244185e-01,-4.131692412601544184e-01,1.999988856556682570e+00,-4.131693169795544462e-01,4.132517351417955287e-01,5.482466117189809324e-06,9.019511363834038222e-06,9.231355530425831073e-06,9.999944282783412852e-01
4.372566394297776327e-03,-4.131627905403462142e-01,-4.131656457818049799e-01,9.999923120283373823e-01,-4.131657607312109182e-01,1.999991213746736607e+00,-4.131629109138873490e-01,4.132467486037507687e-01,4.342312506040170711e-06,8.679739360141476248e-06,8.152102511953374285e-06,9.999956068733684145e-01
4.381337718636729890e-03,-4.131602494333818099e-01,-4.131531718554754540e-01,1.000004590522882264e+00,-4.131432157420519280e-01,2.000005246311826301e+00,-4.131445694686752823e-01,4.132357441564671330e-01,3.272624338684770867e-06,-2.235622801479218472e-06,3.784425006039583970e-06,1.000002623155913151e+00
4.390722901376248495e-03,-4.131584155960610905e-01,-4.131573145727359675e-01,1.000006099492691369e+00,-4.131749861893077580e-01,2.000006970848738241e+00,-4.131764592979509376e-01,4.132403209366682373e-01,-9.787860906622855708e-06,-6.219501247480670330e-06,1.016384926244292641e-05,1.000003485424369121e+00
4.401704547651622175e-03,-4.131570338747663218e-01,-4.131595485130573620e-01,1.000002274958907700e+00,-4.131726165139235629e-01,2.000002599953017768e+00,-4.131721658423830879e-01,4.132418316911536937e-01,-1.056343847098401549e-05,-3.200077562307349924e-06,9.335225088325002681e-06,1.000001299976509106e+00
4.410956991740742211e-03,-4.131562860890757305e-01,-4.131554457014109949e-01,1.000004867934431552e+00,-4.131650560249914284e-01,2.000005563353594695e+00,-4.131646176802395432e-01,4.132378168832306908e-01,-1.808823537713191034e-06,-9.329887068723763732e-06,9.536955952411769617e-06,1.000002781676797348e+00
4.421579654113574204e-03,-4.131557275561160147e-01,-4.131540957927485325e-01,1.000007477307842896e+00,-4.131632342191237650e-01,2.000008545494613710e+00,-4.131623711049590697e-01,4.132367148251922528e-01,-3.032420088574859232e-06,-5.656548142242405909e-06,5.766163915735070887e-06,1.000004272747306855e+00
4.431810882794109951e-03,-4.131553858943038393e-01,-4.131540716629891752e-01,1.000007687900385633e+00,-4.131612627201649568e-01,2.000008786171803887e+00,-4.131614144434616054e-01,4.132365334327403050e-01,-1.375961322102497386e-05,-7.124717082831608131e-06,1.326615801602584159e-05,1.000004393085901944e+00
4.443128291845678014e-03,-4.131551488711440179e-01,-4.131539562800797816e-01,1.000009108058300678e+00,-4.131567548254286848e-01,2.000010409209408646e+00,-4.131572614297950308e-01,4.132373291672331583e-01,-6.019321534901403664e-06,-6.331390977634363986e-06,6.319688238996919378e-06,1.000005204604704323e+00
4.458872928587046675e-03,-4.131549640253783240e-01,-4.131602661446316382e-01,1.000001355926271929e+00,-4.131611453360449215e-01,2.000001549630013198e+00,-4.131616880683302573e-01,4.132429196217399237e-01,-9.282448564770063315e-07,-1.100597769735408777e-06,1.277030814884539125e-06,1.000000774815006821e+00
4.470040381053612052e-03,-4.131548916685418571e-01,-4.131572842755233954e-01,1.000003248223542585e+00,-4.131563777120149106e-01,2.000003712255449706e+00,-4.131556770155200842e-01,4.132395989066222630e-01,3.213857611900592452e-06,-2.521280612710772324e-06,3.583672606692699347e-06,1.000001856127724631e+00
4.480215803743030530e-03,-4.131548502676914980e-01,-4.131578414684720646e-01,1.000004131252021589e+00,-4.131595515998032764e-01,2.000004721430847177e+00,-4.131601397569009682e-01,4.132405015886100874e-01,-4.485902525454676548e-06,-7.787012000411335777e-06,7.819808431982748650e-06,1.000002360715423366e+00
4.490007292289511023e-03,-4.131548244588463259e-01,-4.131556363006136934e-01,1.000005280524369766e+00,-4.131566337707696657e-01,2.000006034884949102e+00,-4.131560268293623661e-01,4.132380212529551677e-01,-2.044042604920629113e-08,2.706586501907542127e-06,3.752059400284329204e-06,1.000003017442474551e+00
4.498245817216591814e-03,-4.131548098065325192e-01,-4.131609461300785324e-01,1.000003094680711246e+00,-4.131582911183966367e-01,2.000003536777928748e+00,-4.131586424855799300e-01,4.132443458442343620e-01,2.155183372064783789e-07,4.426618022211177642e-06,4.967886086752277106e-06,1.000001768388964596e+00
4.509567030769281136e-03,-4.131547965671942824e-01,-4.131529584491858698e-01,1.000004963275965553e+00,-4.131597809445340941e-01,2.000005672315346761e+00,-4.131607927509665101e-01,4.132344101965334526e-01,-7.848137597013739075e-06,-6.112436134010548225e-06,9.932671905313413034e-06,1.000002836157673380e+00
4.517896895806549143e-03,-4.131547902299840258e-01,-4.131573714841998979e-01,1.000007150604397488e+00,-4.131706749702530046e-01,2.000008172119250194e+00,-4.131709912899571013e-01,4.132408869760496040e-01,-8.609168318226747481e-06,-8.151755891009226527e-06,7.150689412135154397e-06,1.000004086059625097e+00
4.528923132602948390e-03,-4.131547846844777494e-01,-4.131582514672273443e-01,1.000002624612280622e+00,-4.131630841531474529e-01,2.000002999556869998e+00,-4.131627317875815053e-01,4.132406480035459850e-01,-4.067670864386739373e-06,-1.760228257505164954e-06,4.726414557012629627e-06,1.000001499778434999e+00
4.540246559199710361e-03,-4.131547811613197618e-01,-4.131616972826887002e-01,1.000001166539128628e+00,-4.131619055752664971e-01,2.000001333187565677e+00,-4.131613231140428000e-01,4.132445467495278191e-01,7.037320609068954893e-07,3.962571026125784931e-06,4.681579797633126292e-06,1.000000666593782839e+00
4.551323404523862672e-03,-4.131547790268153553e-01,-4.131567579335514995e-01,1.000003362568029353e+00,-4.131557720588848737e-01,2.000003842934862330e+00,-4.131563918952280701e-01,4.132391826973812465e-01,-9.518378318758831529e-07,-1.728472387913892376e-06,2.910048516047020816e-06,1.000001921467431165e+00
4.562300485803201522e-03,-4.131547777001220445e-01,-4.131552420621118493e-01,1.000005854329619526e+00,-4.131674207016501343e-01,2.000006690662372133e+00,-4.131670581552167598e-01,4.132375011798169462e-01,-1.143161702622239918e-05,-1.101993052853816570e-05,1.096400826900794750e-05,1.000003345331186067e+00
4.572836118674779467e-03,-4.131547768867460668e-01,-4.131524567905991430e-01,1.000009413996122865e+00,-4.131584107576253273e-01,2.000010758852631909e+00,-4.131589871585875096e-01,4.132353969805276916e-01,-5.282321084322360467e-06,-9.835927855071456612e-06,9.555039974418404154e-06,1.000005379426315733e+00
4.587554315637213179e-03,-4.131547761996723356e-01,-4.131613112521730913e-01,1.000003242311579443e+00,-4.131560760035915547e-01,2.000003705498920148e+00,-4.131550441872042789e-01,4.132448601368513552e-01,2.896201439380102368e-06,5.154290664977075109e-07,3.720618453975951706e-06,1.000001852749460074e+00
4.598124206177844203e-03,-4.131547758985781305e-01,-4.131600995591379610e-01,9.999994318887140965e-01,-4.131565951161428885e-01,1.999999350729963821e+00,-4.131579742844452285e-01,4.132421185951128950e-01,2.572731132600498727e-06,-3.078321957835085711e-06,4.745149238360225952e-06,9.999996753649819103e-01
4.605223779207807955e-03,-4.131547757520535047e-01,-4.131568091616248939e-01,1.000003499468459456e+00,-4.131652682669553212e-01,2.000003999392495402e+00,-4.131659771969459216e-01,4.132390773821413843e-01,-8.189078807983619517e-06,-8.925468491056790676e-06,9.350107311455262851e-06,1.000001999696247701e+00
4.618602756565843258e-03,-4.131547755538446109e-01,-4.131591793005380819e-01,1.000004368050600556e+00,-4.131681175833030739e-01,2.000004992057792030e+00,-4.131676303908735082e-01,4.132423977555301220e-01,-9.068660116097921079e-06,-6.862455698840780110e-06,7.970132342747378613e-06,1.000002496028896015e+00
4.630019577864575610e-03,-4.131547754358030344e-01,-4.131600798999331969e-01,1.000001256946826844e+00,-4.131592449152301505e-01,2.000001436510648656e+00,-4.131586460863065913e-01,4.132426526143788692e-01,-1.649498649969220113e-06,2.846453586337808770e-06,3.456290879226179714e-06,1.000000718255324328e+00
4.640564122365376312e-03,-4.131547753516863208e-01,-4.131578969430386161e-01,1.000002991673981212e+00,-4.131436213692669668e-01,2.000003419055952580e+00,-4.131426360810157572e-01,4.132403583064437336e-01,9.181262218586046464e-06,9.684561505732624214e-06,9.741368368890553553e-06,1.000001709527976512e+00
4.650004722768876983e-03,-4.131547752892100189e-01,-4.131568912978098029e-01,1.000004473740677469e+00,-4.131609057808759422e-01,2.000005112846450217e+00,-4.131634544925678054e-01,4.132394237447324925e-01,-4.266925991993285589e-06,-5.017347680840277403e-06,6.653888059060759295e-06,1.000002556423225109e+00
4.656288906018263632e-03,-4.131547752521877448e-01,-4.131563310022759450e-01,1.000005109676987969e+00,-4.131636730433732030e-01,2.000005839630799809e+00,-4.131631362579837874e-01,4.132388749305390130e-01,-8.596478136759023764e-06,-4.451262022059066717e-06,8.724085374165597195e-06,1.000002919815399904e+00
4.667660096988186270e-03,-4.131547751914818600e-01,-4.131578093657752859e-01,1.000004785898749304e+00,-4.131647002632857779e-01,2.000005469598529650e+00,-4.131652633509234618e-01,4.132407244827467352e-01,-4.644647949846830236e-06,-5.568930037278699847e-06,5.874881376096920538e-06,1.000002734799264825e+00
4.673687771331366987e-03,-4.131547751616269082e-01,-4.131590800989869972e-01,1.000003124896905016e+00,-4.131659202734670466e-01,2.000003571310721817e+00,-4.131656080109964990e-01,4.132418377526704267e-01,-2.608728020525722545e-06,-1.792023749087004706e-06,2.279752281988955202e-06,1.000001785655361131e+00
4.681825398015423273e-03,-4.131547751230840726e-01,-4.131592404051355749e-01,1.000001943521954484e+00,-4.131606825889613810e-01,2.000002221167931360e+00,-4.131593365285318731e-01,4.132412839583248232e-01,9.905337906634026101e-07,8.406809110835016869e-06,7.440657690547514701e-06,1.000001110583965680e+00
4.690706265434664048e-03,-4.131547750826793375e-01,-4.131531360565761091e-01,1.000006499117086056e+00,-4.131581999343011402e-01,2.000007427562328299e+00,-4.131590602822842184e-01,4.132355343196869590e-01,-9.506051432646155197e-06,-7.730235986148217218e-06,1.105309043900317197e-05,1.000003713781164150e+00
4.700041601991594882e-03,-4.131547750414813480e-01,-4.131549614369994239e-01,1.000007707928515455e+00,-4.131606107917401016e-01,2.000008809061095238e+00,-4.131600437085748978e-01,4.132378583812290618e-01,-7.387896191921354451e-06,-4.207190360249401973e-06,6.393865068450700952e-06,1.000004404530547619e+00
4.710003602993020899e-03,-4.131547749984750273e-01,-4.131616568766888764e-01,1.000002249312271108e+00,-4.131570877388767715e-01,2.000002570642576138e+00,-4.131568616429580065e-01,4.132450003394955718e-01,-5.279636882106423746e-06,-5.597731764148762092e-06,5.646313276799273768e-06,1.000001285321288069e+00
4.718085927947933238e-03,-4.131547749640721579e-01,-4.131550975665206904e-01,1.000003333461221278e+00,-4.131587662262871663e-01,2.000003809669938626e+00,-4.131594591280669526e-01,4.132367026386165043e-01,-1.095775562423244903e-05,-5.133562909530037950e-06,1.244980981494126963e-05,1.000001904834969535e+00
4.729142281146654116e-03,-4.131547749174767081e-01,-4.131532136420794643e-01,1.000009144089434976e+00,-4.131698676684864013e-01,2.000010450387847527e+00,-4.131703319820140274e-01,4.132359800532782179e-01,-1.310211782224621294e-05,-1.108949631824193364e-05,1.225366741404403200e-05,1.000005225193923764e+00
4.740933713560125176e-03,-4.131547748681655419e-01,-4.131604608742826534e-01,1.000003018081244921e+00,-4.131579870443589098e-01,2.000003449235682851e+00,-4.131565224353508370e-01,4.132425832145701916e-01,2.140857325470270156e-07,-2.531701684006894861e-06,1.377016795710031032e-06,1.000001724617841425e+00
4.750550242830490176e-03,-4.131547748281312882e-01,-4.131486171738488755e-01,1.000009199894769107e+00,-4.131431093511728769e-01,2.000010514165372122e+00,-4.131427724512192756e-01,4.132306109745844114e-01,1.642543166509762043e-06,-8.965422103626706323e-07,1.980504527718281759e-06,1.000005257082686061e+00
4.760095286242879004e-03,-4.131547747884959376e-01,-4.131507389400577712e-01,1.000012441587686762e+00,-4.131554799787104382e-01,2.000014218957250289e+00,-4.131563975100954189e-01,4.132336922811702951e-01,-6.216737570873944706e-06,-8.513576393816937361e-06,8.729369581510879766e-06,1.000007109478625145e+00
4.770015096484375022e-03,-4.131547747473739429e-01,-4.131539955503901185e-01,1.000009048309608684e+00,-4.131710420856185562e-01,2.000010340925189922e+00,-4.131729768465489117e-01,4.132369674946497762e-01,-2.360388932571059838e-05,-1.762551246933408025e-05,2.557843148440323177e-05,1.000005170462594961e+00
4.772176859518587749e-03,-4.131598142900672621e-01,-4.131602189328267838e-01,1.000007216738861393e+00,-4.131783626259840636e-01,2.000008247701494213e+00,-4.131806866123953204e-01,4.132444914262311531e-01,-2.320243618631136651e-05,-1.536690821970693841e-05,2.122398185826591884e-05,1.000004123850747106e+00
4.780345167536513389e-03,-4.131598080146525742e-01,-4.131699608402282786e-01,9.999948740367551325e-01,-4.131687144226382502e-01,1.999994141756335164e+00,-4.131663102012190780e-01,4.132530518711749479e-01,7.642760405312537536e-06,9.509455436921030475e-06,1.169799731938734284e-05,9.999970708781675821e-01
4.788144248322474816e-03,-4.131598020229034218e-01,-4.131621340419531774e-01,9.999952444932632689e-01,-4.131565596953886144e-01,1.999994565135198687e+00,-4.131566328970853741e-01,4.132435488802451151e-01,7.121816396487242063e-06,6.052364090689832771e-06,5.220176203043958237e-06,9.999972825675993437e-01
4.796958711389309044e-03,-4.131597952510752680e-01,-4.131614748231157153e-01,1.000001234192045674e+00,-4.131585697811914204e-01,2.000001410505185095e+00,-4.131579654238883847e-01,4.132445783896493974e-01,-1.077957152391509525e-06,4.506347232018278203e-07,1.145076364479297060e-06,1.000000705252592326e+00
4.806260162422841369e-03,-4.131597881051116139e-01,-4.131594850912556627e-01,9.999998809169750036e-01,-4.131546628521264308e-01,1.999999863905115305e+00,-4.131552343959707940e-01,4.132413784502276810e-01,3.584997270359659749e-09,5.953355274814805887e-07,1.069548695303317862e-06,9.999999319525576524e-01
4.814028917550106784e-03,-4.131597821366588263e-01,-4.131553802821636423e-01,1.000005150723456637e+00,-4.131589725919317391e-01,2.000005886541049716e+00,-4.131583809485450121e-01,4.132378018443778611e-01,-5.530046564096055575e-06,-5.834698200407744347e-06,5.766573889316578166e-06,1.000002943270524858e+00
4.823591202720421516e-03,-4.131597747903055229e-01,-4.131561619999253865e-01,1.000007148010199742e+00,-4.131526944078131591e-01,2.000008169154453341e+00,-4.131536299451569194e-01,4.132395973070112083e-01,1.407839875769029904e-06,-2.504949170977492327e-06,1.897893034519968755e-06,1.000004084577226671e+00
4.836249614688582950e-03,-4.131597650653130449e-01,-4.131618208852241292e-01,9.999995708221385282e-01,-4.131507484120994222e-01,1.999999509511019236e+00,-4.131495783032644864e-01,4.132443638520171270e-01,8.025822173791793011e-06,6.374257094910721041e-06,8.084248060345443636e-06,9.999997547555096178e-01
4.848960124671905861e-03,-4.131597553002944734e-01,-4.131565486938304499e-01,1.000003094462596831e+00,-4.131438052492427127e-01,2.000003536528655701e+00,-4.131434683431534083e-01,4.132385718437912581e-01,9.770436924979513331e-06,3.726583056180243082e-06,9.921916164042618897e-06,1.000001768264327850e+00
4.855064022807363718e-03,-4.131597506108904416e-01,-4.131577879299964118e-01,1.000005212051428005e+00,-4.131520884124114668e-01,2.000005956630159343e+00,-4.131549432799719868e-01,4.132410201565512864e-01,6.297343284925895667e-07,1.109375130786001485e-07,1.502794465293198095e-06,1.000002978315079449e+00
4.862267924600810823e-03,-4.131597450763961898e-01,-4.131607596361981383e-01,1.000001510387417802e+00,-4.131663974282008822e-01,2.000001726157035975e+00,-4.131654034697727629e-01,4.132430830623067264e-01,-7.315863039077122334e-06,7.535338546960915199e-07,6.051260246568396360e-06,1.000000863078517988e+00
4.870876659000041714e-03,-4.131597384626207181e-01,-4.131577524743798580e-01,1.000002941666930045e+00,-4.131508827445589116e-01,2.000003361905037913e+00,-4.131508915618125055e-01,4.132408770397054676e-01,1.619111787245414424e-06,-1.167078440864727199e-06,1.579386577453932137e-06,1.000001680952518957e+00
4.880067207222322720e-03,-4.131597314018586875e-01,-4.131675730234107835e-01,9.999973998324381830e-01,-4.131716399996697153e-01,1.999997028379951525e+00,-4.131734830900082311e-01,4.132512053494880044e-01,-7.250091727838891482e-07,3.012553762755787965e-06,4.144257034358321262e-06,9.999985141899757624e-01
4.886969330822715264e-03,-4.131597260992047604e-01,-4.131625369110337176e-01,9.999957243558175168e-01,-4.131543386413266128e-01,1.999995113549542181e+00,-4.131511490756063498e-01,4.132441492814963868e-01,1.146901382567002283e-05,7.203569937224367645e-06,1.262986159654294559e-05,9.999975567747710903e-01
4.895066289557813491e-03,-4.131597198786065572e-01,-4.131583354873265002e-01,1.000002570416429482e+00,-4.131448629134040762e-01,2.000002937618754917e+00,-4.131457616472232197e-01,4.132409387767425057e-01,1.027731063654297595e-05,-5.019059419117241015e-07,9.315560172129505573e-06,1.000001468809377458e+00
4.904228160622160597e-03,-4.131597128398761809e-01,-4.131589047366925338e-01,1.000003207667562011e+00,-4.131551738636492499e-01,2.000003665905758066e+00,-4.131571602232776974e-01,4.132417509961053281e-01,2.213094464179052462e-06,-2.833508787835762181e-06,2.296318666425127626e-06,1.000001832952879033e+00
4.914277305087739675e-03,-4.131597051194850767e-01,-4.131629965641175906e-01,1.000000562971002260e+00,-4.131724369930793728e-01,2.000000643395426714e+00,-4.131741202168963678e-01,4.132464181009654625e-01,-5.510442940744924945e-06,8.495239688748295185e-08,6.182918162119329309e-06,1.000000321697713357e+00
4.923377060507236856e-03,-4.131596981284755277e-01,-4.131657566838419782e-01,9.999943673862934368e-01,-4.131791383657122951e-01,1.999993562727240493e+00,-4.131767297006039286e-01,4.132473906041170819e-01,-5.766949012243712684e-06,1.724646745590947808e-06,4.503506292613329477e-06,9.999967813636202463e-01
4.932191319971158776e-03,-4.131596913568040264e-01,-4.131586715773599705e-01,1.000001327773069715e+00,-4.131608807674691519e-01,2.000001517454925271e+00,-4.131602950301566657e-01,4.132417523897935485e-01,-1.692821961632217828e-06,-1.806914695247135901e-06,2.964354884489164254e-06,1.000000758727462635e+00
4.941183997549071158e-03,-4.131596844480602271e-01,-4.131640060844096185e-01,9.999992493065824606e-01,-4.131565454145962879e-01,1.999999142064671886e+00,-4.131561428039599582e-01,4.132469673527062182e-01,3.056259685284852992e-06,-4.072279866090984445e-06,3.514635429747790193e-06,9.999995710323359432e-01
4.955063871517992324e-03,-4.131596737846625067e-01,-4.131626471514721621e-01,9.999964649950021656e-01,-4.131583691735085662e-01,1.999995959994318229e+00,-4.131588034868584058e-01,4.132444560575398995e-01,3.179700593752685075e-06,1.438185552917213598e-06,2.474829916612472265e-06,9.999979799971592254e-01
4.964401689179280715e-03,-4.131596666107588134e-01,-4.131591807681203599e-01,1.000002739933075757e+00,-4.131636346522484238e-01,2.000003131352062979e+00,-4.131637415016350401e-01,4.132422202482090023e-01,-2.790448609246080475e-06,-3.822690594682930714e-06,4.313426332573933730e-06,1.000001565676031490e+00
4.979002464991189383e-03,-4.131596553935205085e-01,-4.131630784851861860e-01,9.999987534799652522e-01,-4.131623623013487290e-01,1.999998575405685042e+00,-4.131627285829108653e-01,4.132458515208449201e-01,2.106661631515899743e-06,-4.650203024956239133e-06,4.856631510293215242e-06,9.999992877028425209e-01
4.990013753249059221e-03,-4.131596469339512412e-01,-4.131544344078574293e-01,1.000004010529009335e+00,-4.131606565020225497e-01,2.000004583461690633e+00,-4.131607378403311936e-01,4.132360983330483628e-01,-2.543477652486978420e-06,-8.639950475206013971e-06,9.507850970799166135e-06,1.000002291730845316e+00
5.000002919590937171e-03,-4.131596392596419975e-01,-4.131597699897677778e-01,1.000004161215270360e+00,-4.131685353789730231e-01,2.000004755674559043e+00,-4.131687769630194573e-01,4.132430982506862804e-01,-1.127979231226485539e-05,-5.706940112534138312e-06,1.130110900511729082e-05,1.000002377837279521e+00
5.009273783044444241e-03,-4.131596321371779901e-01,-4.131528566020892246e-01,1.000005978047976418e+00,-4.131545594374440578e-01,2.000006832054779249e+00,-4.131533371852638692e-01,4.132345672925283875e-01,-8.197098163202016564e-06,-4.978323308407587703e-06,8.629172577571734800e-06,1.000003416027389624e+00
5.016768595473200705e-03,-4.131596263791865176e-01,-4.131561095382047522e-01,1.000008151176075666e+00,-4.131622182899639673e-01,2.000009315629731166e+00,-4.131637932874827057e-01,4.132395776036160151e-01,-9.586877899593864160e-06,-1.329271949227171948e-05,1.379018503754361172e-05,1.000004657814865583e+00
5.023184848191048629e-03,-4.131596214498138298e-01,-4.131591213479287594e-01,1.000003322025177388e+00,-4.131666585549267912e-01,2.000003796600174244e+00,-4.131661582609635341e-01,4.132415720795361014e-01,-6.192062660499047296e-06,-1.062355605973927784e-05,9.160453592553852829e-06,1.000001898300087122e+00
5.032093035046974507e-03,-4.131596146059802188e-01,-4.131580686120391310e-01,1.000003656978262656e+00,-4.131637279453103107e-01,2.000004179403697790e+00,-4.131649261670052309e-01,4.132411294160333592e-01,-5.091638527394469366e-06,-3.538728140472915971e-06,5.774232284203627916e-06,1.000002089701848895e+00
5.041642013633869900e-03,-4.131596072698484612e-01,-4.131623786627572348e-01,1.000000241561173286e+00,-4.131788078304424183e-01,2.000000276069910488e+00,-4.131776498976835743e-01,4.132449789163171183e-01,-1.065612542391442112e-05,-3.558856334447904804e-06,9.753790103348389622e-06,1.000000138034955244e+00
5.051690536823479072e-03,-4.131595995499339202e-01,-4.131603814023717680e-01,1.000000081302538479e+00,-4.131527014269771869e-01,2.000000092917186389e+00,-4.131513588349037258e-01,4.132424064425151422e-01,2.702738003955297180e-06,5.425658150049835619e-06,6.462052620157958945e-06,1.000000046458593195e+00
5.061399029174902357e-03,-4.131595920912545794e-01,-4.131546178393976643e-01,1.000005769762523977e+00,-4.131391643992878282e-01,2.000006594014263950e+00,-4.131386353651917975e-01,4.132377059576869960e-01,1.791419799176025311e-05,1.115251868975400404e-05,1.708151687179172313e-05,1.000003297007131975e+00
5.070009759563074217e-03,-4.131595854759473885e-01,-4.131614544738681505e-01,1.000002854071661451e+00,-4.131577645223964979e-01,2.000003261796159837e+00,-4.131600498068017102e-01,4.132449153234202255e-01,3.432600997637317631e-07,-2.280365867032343708e-06,3.299266031416862637e-06,1.000001630898079918e+00
5.075540678211336830e-03,-4.131595812267414014e-01,-4.131615998598409667e-01,9.999997866196111973e-01,-4.131613917676938974e-01,1.999999756136700224e+00,-4.131609557661979903e-01,4.132440861191403192e-01,-1.672118240419754048e-07,-2.878214184064506667e-07,1.834234748592425959e-07,9.999998780683501121e-01
5.090434031422348682e-03,-4.131595697847269544e-01,-4.131614095932041320e-01,1.000000216243648321e+00,-4.131646461490677824e-01,2.000000247135595988e+00,-4.131649085510219477e-01,4.132439112360208888e-01,-3.447097245061357434e-06,-1.198123002813415290e-06,3.647749488015237466e-06,1.000000123567798216e+00
5.102735127721968154e-03,-4.131595603342486656e-01,-4.131565022689352440e-01,1.000004293135227984e+00,-4.131563311923208692e-01,2.000004906440223884e+00,-4.131565575910214894e-01,4.132390952090043701e-01,-1.603841830352543492e-06,3.394874247492366976e-07,1.120941298749038039e-06,1.000002453220111942e+00
5.112536480417405500e-03,-4.131595528042267262e-01,-4.131565956024142450e-01,1.000005286495585288e+00,-4.131555804918941588e-01,2.000006041709195159e+00,-4.131556279405687593e-01,4.132393285199523203e-01,4.030089950172922552e-06,1.797970833867228916e-06,3.150473137862476069e-06,1.000003020854597802e+00
5.121991102550597572e-03,-4.131595455405860373e-01,-4.131581832581147085e-01,1.000004362144739867e+00,-4.131644185094223154e-01,2.000004985308237337e+00,-4.131652159711148853e-01,4.132413460798063376e-01,-8.305478949186072930e-06,-1.046383739313858994e-05,1.073845429539630605e-05,1.000002492654118669e+00
5.131881177223569616e-03,-4.131595379424035097e-01,-4.131627467164810663e-01,9.999994467666230014e-01,-4.131658156651735192e-01,1.999999367733288125e+00,-4.131660127143226280e-01,4.132449272442575428e-01,-7.635129339556602908e-06,-7.147228585856373794e-06,6.395502045232864300e-06,9.999996838666440624e-01
5.140783663945128375e-03,-4.131595311029466200e-01,-4.131574843707442324e-01,1.000002234814208579e+00,-4.131612423017145819e-01,2.000002554073362138e+00,-4.131597436819379188e-01,4.132400416778035934e-01,3.146415498797701491e-06,2.326105840627094132e-06,3.243987375330684449e-06,1.000001277036681069e+00
5.150008111328124860e-03,-4.131595240161403115e-01,-4.131607115432013311e-01,1.000002133704184448e+00,-4.131543151602184993e-01,2.000002438519049797e+00,-4.131535344647079833e-01,4.132437378701037667e-01,-4.570884193426662653e-06,1.093093416753495105e-06,5.144620462787161854e-06,1.000001219259524898e+00
5.158318445321196863e-03,-4.131595176316142926e-01,-4.131575469657119970e-01,1.000002508421103942e+00,-4.131598564189036260e-01,2.000002866766954490e+00,-4.131608490036796089e-01,4.132396919047384154e-01,-2.696716187127846397e-06,-6.769603453762762574e-07,2.780474451880230777e-06,1.000001433383477245e+00
5.168868203618805918e-03,-4.131595095266230033e-01,-4.131662971138947427e-01,9.999991752225515507e-01,-4.131637200862011139e-01,1.999999057397208846e+00,-4.131633588018684411e-01,4.132502080525874422e-01,-6.602179915064264772e-07,4.078502945214032509e-06,5.693420359995867054e-06,9.999995286986044229e-01
5.180000000000001444e-03,-4.131595009744745695e-01,-4.131626359876805488e-01,9.999962998921464452e-01,-4.131593643633775792e-01,1.999995771305341563e+00,-4.131598310972189880e-01,4.132445591788323491e-01,4.235991832591821699e-06,6.242378912125412857e-06,5.256798764981619255e-06,9.999978856526707816e-01
5.190290919980985671e-03,-4.131594930683401001e-01,-4.131651004127221416e-01,9.999972615542516152e-01,-4.131548845223821376e-01,1.999996870347739319e+00,-4.131536186992973425e-01,4.132480275528851443e-01,1.181319216026828177e-05,5.517076725339785823e-06,1.272741864241893230e-05,9.999984351738697708e-01
5.200392378299947653e-03,-4.131594853077592000e-01,-4.131667583770212149e-01,9.999948546362528168e-01,-4.131570362245715611e-01,1.999994119584332708e+00,-4.131577309113953489e-01,4.132494748718184008e-01,7.690093275700552711e-06,1.086300474235745431e-05,1.109916761107115236e-05,9.999970597921663540e-01
5.210816688042285531e-03,-4.131594772991430409e-01,-4.131661617264785757e-01,9.999946409692634930e-01,-4.131590704886584087e-01,1.999993875393489828e+00,-4.131590745264059894e-01,4.132484666853786237e-01,1.310553628258752348e-05,7.505054098850983168e-06,1.256565523641217011e-05,9.999969376967449142e-01
5.221638566003896330e-03,-4.131594689850919266e-01,-4.131607452953574566e-01,9.999990658936662724e-01,-4.131670843568813201e-01,1.999998932449912115e+00,-4.131678443554660518e-01,4.132430576398979372e-01,-3.703193385748818212e-06,-1.958363845555854141e-06,4.822654741481408259e-06,9.999994662249560573e-01
5.234544968884445593e-03,-4.131594590695767955e-01,-4.131593620717651238e-01,1.000002841029220768e+00,-4.131684623478689700e-01,2.000003246890514230e+00,-4.131693502196306933e-01,4.132423147721519530e-01,-7.952449568124121354e-06,-4.907055194351479589e-06,7.215267889713006991e-06,1.000001623445257115e+00
5.245721042324012415e-03,-4.131594504834101289e-01,-4.131604922692745374e-01,1.000000516311561505e+00,-4.131670652271609012e-01,2.000000590070351247e+00,-4.131667528260600797e-01,4.132429200606644315e-01,-7.070865732221183731e-07,-2.788214536407135327e-06,3.485197201941942577e-06,1.000000295035175846e+00
5.258462443786696833e-03,-4.131594406946604847e-01,-4.131621237507416278e-01,1.000000486081225493e+00,-4.131684723451725660e-01,2.000000555521395995e+00,-4.131685712532408572e-01,4.132451201698520982e-01,-4.584880544055708165e-06,-4.195333291892517816e-06,4.427556633522800056e-06,1.000000277760698220e+00
5.270335933450954677e-03,-4.131594315726960231e-01,-4.131588020469348366e-01,1.000001242724937622e+00,-4.131566478390030217e-01,2.000001420257061291e+00,-4.131558608058902293e-01,4.132411358889102049e-01,-2.273623563166037259e-06,-8.399015313352186276e-07,2.643993398013687197e-06,1.000000710128530645e+00
5.280557438089724179e-03,-4.131594237198882857e-01,-4.131594089609263998e-01,1.000002454888495151e+00,-4.131754640777773879e-01,2.000002805586830412e+00,-4.131771262192716621e-01,4.132420232033658936e-01,-1.298647591629163977e-05,-6.160039821577749131e-06,1.365049781689941063e-05,1.000001402793415206e+00
5.290310866679033552e-03,-4.131594162266867265e-01,-4.131578697983487869e-01,1.000003205872161516e+00,-4.131664375552064894e-01,2.000003663853871849e+00,-4.131654117469907850e-01,4.132405427037682544e-01,-9.602787796545292682e-06,6.127028986353100786e-07,9.005584756354585764e-06,1.000001831926935703e+00
5.298580258073923126e-03,-4.131594098736143250e-01,-4.131625808836347780e-01,1.000000955269608527e+00,-4.131739794327888293e-01,2.000001091736687275e+00,-4.131755366993891121e-01,4.132458556190509724e-01,-1.151585923537351927e-05,-8.413975234710232027e-06,1.172458165172965279e-05,1.000000545868343638e+00
5.303735710365196747e-03,-4.131594059128656515e-01,-4.131652309536210099e-01,9.999976593252284385e-01,-4.131754555595533729e-01,1.999997324943137977e+00,-4.131743302994650979e-01,4.132482723878610487e-01,-7.773058894819669893e-06,-4.091220515177576949e-06,5.626427658765937369e-06,9.999986624715690997e-01
5.312041729710183756e-03,-4.131593995316546475e-01,-4.131676961286483984e-01,9.999939021097008496e-01,-4.131583472971880333e-01,1.999993030982567310e+00,-4.131554523106893417e-01,4.132500746366679634e-01,1.040612782140898669e-05,1.096164829536637538e-05,1.138966251964000165e-05,9.999965154912836551e-01
5.320976289787992045e-03,-4.131593926675596884e-01,-4.131646489488382534e-01,9.999953662370533181e-01,-4.131483423134313937e-01,1.999994704270957380e+00,-4.131493347511138170e-01,4.132469438376025206e-01,8.259666250398341866e-06,4.359865687585393054e-06,7.185371597817881510e-06,9.999973521354788009e-01
5.331308098678324073e-03,-4.131593847300082945e-01,-4.131613434855771483e-01,9.999990454998496370e-01,-4.131744622976682435e-01,1.999998909142693515e+00,-4.131751781956837233e-01,4.132437768620595975e-01,1.210719204636821077e-06,4.288338271734703361e-06,4.086031569113172060e-06,9.999994545713467575e-01
5.342448676465436259e-03,-4.131593761711100377e-01,-4.131613066700319803e-01,1.000001169754481722e+00,-4.131650355329846702e-01,2.000001336862254231e+00,-4.131654885013598677e-01,4.132447945608893058e-01,5.805069511671397867e-06,1.205920607375818427e-06,4.822098253871709005e-06,1.000000668431127337e+00
5.351074356661561331e-03,-4.131593695443167014e-01,-4.131686475517499235e-01,9.999948605134062474e-01,-4.131723447411330685e-01,1.999994126301079422e+00,-4.131724349492075787e-01,4.132510228195321877e-01,4.062867594585766129e-07,8.453153507802584499e-07,2.191040644776322972e-06,9.999970631505397112e-01
5.360001139047309779e-03,-4.131593626861960744e-01,-4.131613742639729803e-01,9.999970239694054852e-01,-4.131508437468235928e-01,1.999996598822203042e+00,-4.131479664897756421e-01,4.132431226363967869e-01,1.522265814428846359e-05,9.313037348753440870e-06,1.628652097828786364e-05,9.999982994111015211e-01
5.365470589643392060e-03,-4.131593584842132572e-01,-4.131603280585685600e-01,1.000000603472993799e+00,-4.131487736953041723e-01,2.000000689683416155e+00,-4.131490653839527405e-01,4.132429194518518201e-01,9.933146094182219177e-06,2.800742158907705458e-06,8.368942532299807472e-06,1.000000344841708078e+00
5.378076128139801584e-03,-4.131593487998406200e-01,-4.131533596781260531e-01,1.000005340199281667e+00,-4.131578683836089061e-01,2.000006103084848164e+00,-4.131587002863509328e-01,4.132350354069661003e-01,-6.188744673208572849e-06,-8.268671207932975004e-06,9.439717749925370286e-06,1.000003051542423860e+00
5.390000000000001561e-03,-4.131593396391690098e-01,-4.131579792672685492e-01,1.000006489278380206e+00,-4.131619268248076238e-01,2.000007416318093867e+00,-4.131613112533500387e-01,4.132414343364666509e-01,-7.234985480367432759e-06,-1.022939412762414070e-05,9.304211421520557258e-06,1.000003708159046933e+00
5.398097641761571107e-03,-4.131593334180462262e-01,-4.131543651450018673e-01,1.000005479661752350e+00,-4.131550167369394955e-01,2.000006262470527485e+00,-4.131542122473210732e-01,4.132363713032522479e-01,-1.372055317450823941e-06,6.710450107481020611e-07,1.447672153742322966e-06,1.000003131235263742e+00
5.402769031079938077e-03,-4.131593298291865723e-01,-4.131541281652048592e-01,1.000008002015103648e+00,-4.131531758214507799e-01,2.000009145160050128e+00,-4.131531392223479759e-01,4.132375068088982029e-01,-7.839182823180761806e-07,-5.213908576020069330e-07,1.967098379976265533e-06,1.000004572580025064e+00
5.410960633782685436e-03,-4.131593235358759220e-01,-4.131612267318645060e-01,1.000003443131563197e+00,-4.131565592630623840e-01,2.000003935007471867e+00,-4.131569169446243639e-01,4.132452627967385106e-01,-2.290632836776448010e-09,-6.699391386452475322e-06,6.248729876772330939e-06,1.000001967503735711e+00
5.422010123694013042e-03,-4.131593150469580755e-01,-4.131771178724206184e-01,9.999864432388119173e-01,-4.131599618685460329e-01,1.999984506558757591e+00,-4.131595040490451676e-01,4.132591332579111931e-01,1.040879639662966421e-05,1.009314021200959492e-05,1.197788190380125867e-05,9.999922532793787955e-01
5.430657466624378218e-03,-4.131593084035224961e-01,-4.131687775188070955e-01,9.999886139959524023e-01,-4.131585007103626972e-01,1.999986987424042573e+00,-4.131588207136384083e-01,4.132499276512865416e-01,7.678017340464250942e-06,1.348950971672002318e-05,1.258740981937418624e-05,9.999934937120212863e-01
5.440137931715580827e-03,-4.131593011200281329e-01,-4.131502066626575043e-01,1.000004941185828944e+00,-4.131466927957300195e-01,2.000005647069476478e+00,-4.131452043509008520e-01,4.132312815294599817e-01,5.964997122505214495e-06,-4.138935550415292506e-06,6.394471759107348806e-06,1.000002823534738461e+00
5.446953325331668760e-03,-4.131592958840076268e-01,-4.131578323609280123e-01,1.000008542330182326e+00,-4.131554503500923792e-01,2.000009762662992241e+00,-4.131565288658753388e-01,4.132420386278818358e-01,-4.926474851267485708e-07,-7.700406434112606511e-06,6.465144605858553512e-06,1.000004881331496343e+00
5.456274654009190227e-03,-4.131592887227743538e-01,-4.131608203774475574e-01,9.999991295115941980e-01,-4.131499958972014164e-01,1.999999005156115173e+00,-4.131490910129502758e-01,4.132428137949533120e-01,4.851927442155981430e-06,2.695065663167827186e-07,4.015384827249699212e-06,9.999995025780575864e-01
5.468638543414899508e-03,-4.131592792240538770e-01,-4.131652310020717533e-01,9.999992417882790363e-01,-4.131662587331536018e-01,1.999999133472325274e+00,-4.131682957203822726e-01,4.132488382193788001e-01,-5.987927004986048844e-06,-3.445831271257948363e-06,5.727398608617924544e-06,9.999995667361626372e-01
5.475063457644975366e-03,-4.131592742880250690e-01,-4.131674186630269197e-01,9.999941858058836175e-01,-4.131688241791700023e-01,1.999993355206773682e+00,-4.131685009291642396e-01,4.132500321544949062e-01,3.267656780087633173e-06,6.595363203713600718e-06,8.230155773072816847e-06,9.999966776033867299e-01
5.483377676492988580e-03,-4.131592679005143820e-01,-4.131636822993644542e-01,9.999945182608747096e-01,-4.131599110638852212e-01,1.999993735155332075e+00,-4.131583281266748009e-01,4.132448771540664922e-01,1.081182270967605223e-05,1.152348612811033234e-05,1.017043166944015693e-05,9.999968675776660376e-01
5.491743584350720041e-03,-4.131592614732942370e-01,-4.131528007280718118e-01,1.000005463972415409e+00,-4.131584988304177197e-01,2.000006244539857203e+00,-4.131601274120726419e-01,4.132353037474689739e-01,-1.079177742080384993e-05,-5.004045349596095137e-06,1.217501274935584943e-05,1.000003122269928379e+00
5.500890876236112781e-03,-4.131592544457663441e-01,-4.131539189173494830e-01,1.000008453984216894e+00,-4.131635768417518673e-01,2.000009661696176000e+00,-4.131630071064908982e-01,4.132365927483526158e-01,-8.209109592989028659e-06,-4.022681509528250603e-06,7.222077547517280305e-06,1.000004830848087778e+00
5.510861383529441423e-03,-4.131592467857915230e-01,-4.131536789649015717e-01,1.000008168422256372e+00,-4.131601048732986281e-01,2.000009335339651528e+00,-4.131595183770334079e-01,4.132363957709919156e-01,-6.636847375318034761e-06,-9.979923306424721372e-06,1.028746570949117004e-05,1.000004667669825986e+00
5.523698744614668164e-03,-4.131592369233182960e-01,-4.131560698558394140e-01,1.000006485496213404e+00,-4.131526856362502387e-01,2.000007411995617712e+00,-4.131523864744232610e-01,4.132389529951266405e-01,-8.860500002071631801e-06,-6.810701543766325165e-06,8.386805100574728136e-06,1.000003705997808634e+00
5.536296596310697447e-03,-4.131592272448513792e-01,-4.131608611118201546e-01,1.000002444150728254e+00,-4.131542505275353494e-01,2.000002793315097449e+00,-4.131548955719960281e-01,4.132440477464247586e-01,-2.784518107430111807e-06,-6.494390926661942840e-07,2.480785102636062440e-06,1.000001396657548502e+00
5.550014032812499928e-03,-4.131592167062506094e-01,-4.131625967938951649e-01,9.999984397577212913e-01,-4.131603669931912526e-01,1.999998216865980449e+00,-4.131609857565052835e-01,4.132451256385593630e-01,3.455659184346193767e-06,2.081147746072595012e-06,3.676972283317301559e-06,9.999991084329902247e-01
5.560278863464785011e-03,-4.131592088201594959e-01,-4.131571274184154818e-01,1.000002574113169285e+00,-4.131537644173320367e-01,2.000002941843600279e+00,-4.131536208750961614e-01,4.132393072857813987e-01,-4.464936363227123520e-06,-3.110995838868156561e-06,5.569817263317321478e-06,1.000001470921799918e+00
5.570743687714290425e-03,-4.131589758328941819e-01,-4.131563017569151453e-01,1.000005360994433268e+00,-4.131603193154685938e-01,2.000006126850735644e+00,-4.131604699645248790e-01,4.132390970881097969e-01,-9.194901731416787089e-06,-3.731633372227688723e-06,8.726553419829283505e-06,1.000003063425367822e+00
5.581589059335563888e-03,-4.131563760650809325e-01,-4.131596225570638437e-01,1.000002537287311144e+00,-4.131568191537553503e-01,2.000002899756905261e+00,-4.131562002197791128e-01,4.132417740833516095e-01,1.422823636080520208e-07,-4.228507841008084301e-06,3.456995249885606533e-06,1.000001449878452631e+00
5.590681623930929614e-03,-4.131549669814872372e-01,-4.131537747062344335e-01,1.000005980384948368e+00,-4.131469575940625583e-01,2.000006834725604588e+00,-4.131459154618776775e-01,4.132361868161200658e-01,1.036935496202832063e-05,-1.667417303661692499e-06,9.981964229057036701e-06,1.000003417362802294e+00
5.598787054562767533e-03,-4.131541038440649793e-01,-4.131553649168986930e-01,1.000007292331343667e+00,-4.131589025618174205e-01,2.000008334092902018e+00,-4.131609669576760124e-01,4.132382659559149518e-01,-9.485987597286995205e-06,-1.690872775554130020e-05,1.851888472658539010e-05,1.000004167046451009e+00
5.604956802060972673e-03,-4.131536231647925939e-01,-4.131552359094454729e-01,1.000006250456372259e+00,-4.131633827071135023e-01,2.000007143378657926e+00,-4.131622972418758644e-01,4.132376915195847267e-01,-1.402276551751838583e-05,-1.529949881158615933e-05,1.416695795409226454e-05,1.000003571689328963e+00
5.614826851052787983e-03,-4.131530780191133845e-01,-4.131516954857041291e-01,1.000008412639522115e+00,-4.131572796667510317e-01,2.000009614445096506e+00,-4.131579934640321472e-01,4.132336775568273279e-01,-1.069787439558380059e-05,-1.149722284002851585e-05,1.222952130234308895e-05,1.000004807222548253e+00
5.628163801153632413e-03,-4.131526304031504782e-01,-4.131507890322138055e-01,1.000012707092875486e+00,-4.131745923940387533e-01,2.000014522391749150e+00,-4.131757272645418810e-01,4.132338533658437840e-01,-2.270285904858127682e-05,-1.392222398704939913e-05,2.308341353695333379e-05,1.000007261195874575e+00
5.637382231824749311e-03,-4.131524422913179784e-01,-4.131475579705490841e-01,1.000012492557456278e+00,-4.131589990638285803e-01,2.000014277208415070e+00,-4.131560670432445348e-01,4.132294909689924745e-01,-1.185211739969058311e-05,-1.018334682676761663e-05,1.056524372102578429e-05,1.000007138604207535e+00
5.643642107941400539e-03,-4.131523513711768403e-01,-4.131459247642558785e-01,1.000016303443432175e+00,-4.131529896623957199e-01,2.000018632506640692e+00,-4.131553308733912355e-01,4.132288524985218148e-01,-1.299363553691080663e-05,-1.557151868280063557e-05,1.681381824298585885e-05,1.000009316253320346e+00
5.653342498170874780e-03,-4.131522513425369136e-01,-4.131482493426746339e-01,1.000014446524580825e+00,-4.131705632414398588e-01,2.000016510313683771e+00,-4.131694734394221746e-01,4.132308734112235538e-01,-2.313707159811292859e-05,-1.962201707802335168e-05,2.202469222482637717e-05,1.000008255156841885e+00
5.663335069672912649e-03,-4.131521841410055185e-01,-4.131474879839745484e-01,1.000014240339718308e+00,-4.131583286324298498e-01,2.000016274673841910e+00,-4.131584616708201541e-01,4.132298536384815257e-01,-1.537753382963463980e-05,-1.288281497724500443e-05,1.570838477285566639e-05,1.000008137336921177e+00
5.673150144671371305e-03,-4.131521412251268899e-01,-4.131456277748634665e-01,1.000016542087524440e+00,-4.131606562606901512e-01,2.000018905242744616e+00,-4.131608157394742742e-01,4.132283349195470246e-01,-1.772572524010487924e-05,-8.661791152137270905e-06,1.781708890626975569e-05,1.000009452621372086e+00
5.686829503205426128e-03,-4.131521050581264953e-01,-4.131502860725586590e-01,1.000014062501648260e+00,-4.131663087842899484e-01,2.000016071430335884e+00,-4.131663734306071367e-01,4.132335907119836782e-01,-1.462715335595086034e-05,-1.689314059741336296e-05,1.660264460698626261e-05,1.000008035715167720e+00
5.698281344167370303e-03,-4.131520875823641026e-01,-4.131524508472402824e-01,1.000009302096955821e+00,-4.131604311580949207e-01,2.000010630967870018e+00,-4.131598703440302334e-01,4.132349923553235715e-01,-6.418213828546703433e-06,-9.349182183208126637e-06,8.863814668816703243e-06,1.000005315483935009e+00
5.710168259930513586e-03,-4.131520766325835758e-01,-4.131506865499492420e-01,1.000010843508598590e+00,-4.131648024742785585e-01,2.000012392581163478e+00,-4.131656173832752299e-01,4.132332193172161272e-01,-1.506903206373653581e-05,-9.126349109015327409e-06,1.582519996994814402e-05,1.000006196290581739e+00
5.720505630833507688e-03,-4.131520707582594376e-01,-4.131531400288375733e-01,1.000009712352757818e+00,-4.131617932830246032e-01,2.000011099831640493e+00,-4.131612853178311395e-01,4.132358187739195721e-01,-8.076491265910992892e-06,-1.222582810955295678e-05,1.187403392953569825e-05,1.000005549915820247e+00
5.730361035759332783e-03,-4.131520671360468522e-01,-4.131505930420519834e-01,1.000010570169064694e+00,-4.131568916307884476e-01,2.000012080193126707e+00,-4.131564920737184621e-01,4.132334309446732967e-01,-2.513566232084311401e-06,-4.933877007706245505e-06,4.735280387132151866e-06,1.000006040096563353e+00
5.739682273266008203e-03,-4.131520648667625362e-01,-4.131623189256233286e-01,1.000003824588573398e+00,-4.131700096252751697e-01,2.000004370958336608e+00,-4.131712591527550993e-01,4.132463355018846096e-01,-6.476034988016521156e-06,-2.764690230423692130e-06,6.311155863924845109e-06,1.000002185479168526e+00
5.746280617589650738e-03,-4.131520637261419382e-01,-4.131535555266250825e-01,1.000002481946009825e+00,-4.131559960507568685e-01,2.000002836509704007e+00,-4.131531565864156597e-01,4.132341888189349777e-01,-2.427376533853932181e-06,-1.610667233093399918e-06,2.927088866384260259e-06,1.000001418254852226e+00
5.753028204795019793e-03,-4.131520628463136169e-01,-4.131461117077862566e-01,1.000014639884434731e+00,-4.131526775862303102e-01,2.000016731296371919e+00,-4.131562149292707375e-01,4.132295191367559850e-01,-1.460148914281347232e-05,-1.557018932545371632e-05,1.763564166578399339e-05,1.000008365648185960e+00
5.761488721611763772e-03,-4.131520620422840517e-01,-4.131524260184906705e-01,1.000011439493405208e+00,-4.131779906141198611e-01,2.000013073706651046e+00,-4.131784399695921928e-01,4.132345422760062004e-01,-2.600298465306145480e-05,-1.894256476916439397e-05,2.449930450421896610e-05,1.000006536853325745e+00
5.770422224306620898e-03,-4.131520614486302589e-01,-4.131446386514414648e-01,1.000014753410567447e+00,-4.131619026751786050e-01,2.000016861040522453e+00,-4.131601158083931247e-01,4.132268425007361023e-01,-8.851071474583129157e-06,-1.068882659863332841e-05,1.083224783117205843e-05,1.000008430520261449e+00
5.779292400249271336e-03,-4.131520610366299917e-01,-4.131484428526633890e-01,1.000015606295410642e+00,-4.131649779093977681e-01,2.000017835766050300e+00,-4.131654297467538539e-01,4.132316097711561942e-01,-1.410130373647634506e-05,-1.271516546785791226e-05,1.431592932359053886e-05,1.000008917883025372e+00
5.795778202640555071e-03,-4.131520605603838381e-01,-4.131538098640565315e-01,1.000008155351287398e+00,-4.131605534250465950e-01,2.000009320401401780e+00,-4.131606694729688112e-01,4.132363948131390630e-01,-5.842339486520087796e-06,-7.181440860660072406e-06,7.152585342991753089e-06,1.000004660200701112e+00
5.810206412031134957e-03,-4.131520603192786467e-01,-4.131587234248944029e-01,1.000004791878384758e+00,-4.131665961330079351e-01,2.000005476432399121e+00,-4.131668488328330557e-01,4.132415727231239511e-01,-4.413279054322663853e-06,-5.931533692824794642e-06,5.436655005851459666e-06,1.000002738216199560e+00
5.820328352028384354e-03,-4.131520602034104428e-01,-4.131472663572737236e-01,1.000010714743013729e+00,-4.131617686464238992e-01,2.000012245420495827e+00,-4.131620394173817212e-01,4.132293625040150409e-01,-1.199820514820099604e-05,-7.925591032847271444e-06,1.341289031901204658e-05,1.000006122710247913e+00
5.830043569524483160e-03,-4.131520601171254636e-01,-4.131591323550656836e-01,1.000007327601630358e+00,-4.131726492412126084e-01,2.000008374401801348e+00,-4.131727353734690467e-01,4.132430625763968690e-01,-1.119403303660366670e-05,-6.766257673108753951e-06,9.719516019125408788e-06,1.000004187200900452e+00
5.840027769382626424e-03,-4.131520600449604119e-01,-4.131469730750572666e-01,1.000010219770597786e+00,-4.131565024008324039e-01,2.000011679737738746e+00,-4.131559708913277174e-01,4.132281548746317701e-01,-1.163474598095554475e-05,-1.471770466416521092e-05,1.692318684128770834e-05,1.000005839868869595e+00
5.850802530322783516e-03,-4.131520599791677073e-01,-4.131487838482525987e-01,1.000014549242006945e+00,-4.131632842565108321e-01,2.000016627705026639e+00,-4.131631461664840854e-01,4.132316745547636727e-01,-1.648708447615286922e-05,-1.577395164748817782e-05,1.584930197383147579e-05,1.000008313852513320e+00
5.864756377741563338e-03,-4.131520599053209453e-01,-4.131503476885367010e-01,1.000011541595829945e+00,-4.131593676007996874e-01,2.000013190395135698e+00,-4.131591199419699101e-01,4.132328396977957286e-01,-1.203446972173817005e-05,-1.205454783383883508e-05,1.275146234607527265e-05,1.000006595197568071e+00
5.876934136060802706e-03,-4.131520598470300176e-01,-4.131537475209588473e-01,1.000010489064189878e+00,-4.131709549497580292e-01,2.000011987501841837e+00,-4.131724296676059782e-01,4.132370980537515281e-01,-1.640404113899875680e-05,-1.188229087426495388e-05,1.581078256727509032e-05,1.000005993750920918e+00
5.886926526174435410e-03,-4.131520598017169310e-01,-4.131499795228309457e-01,1.000008636134972706e+00,-4.131567754757540234e-01,2.000009869868466961e+00,-4.131538410861497201e-01,4.132314816016748882e-01,-6.587210625822684256e-06,-6.232290951239129603e-06,6.975803386985809538e-06,1.000004934934233258e+00
5.894754818658032303e-03,-4.131520597672372341e-01,-4.131497557230501272e-01,1.000014730963524556e+00,-4.131576347685508299e-01,2.000016835386759784e+00,-4.131609813082777749e-01,4.132335263173153583e-01,-1.079841667068515514e-05,-1.336441200260551889e-05,1.358454595647808950e-05,1.000008417693379892e+00
5.903187428933021758e-03,-4.131520597307793974e-01,-4.131570630149458134e-01,1.000006553966418688e+00,-4.131696482529330083e-01,2.000007490247279751e+00,-4.131672297463087062e-01,4.132397977893465524e-01,-5.015417427653054022e-06,-5.632240350082094526e-06,3.874425721769167896e-06,1.000003745123639876e+00
5.911802341278397759e-03,-4.131520596940442269e-01,-4.131574181481039720e-01,1.000004289871176955e+00,-4.131484144787756496e-01,2.000004902709879850e+00,-4.131474938185060175e-01,4.132399432393443206e-01,7.795913664509849237e-06,3.528190030582007343e-06,7.310261535436339743e-06,1.000002451354939925e+00
5.920922555146109975e-03,-4.131520596555402491e-01,-4.131560426783651430e-01,1.000005098610234455e+00,-4.131534174852592445e-01,2.000005826983081825e+00,-4.131537651615203588e-01,4.132382679743150100e-01,-4.216244075206827101e-06,-2.061423191595995490e-06,4.676604097196593992e-06,1.000002913491540912e+00
5.930531835652418093e-03,-4.131520596152608582e-01,-4.131507063166526827e-01,1.000009455885433995e+00,-4.131435555524557990e-01,2.000010806726129964e+00,-4.131434653070145679e-01,4.132330312296644270e-01,-4.111614817020968737e-06,-1.064847659451697322e-05,1.157019925547164249e-05,1.000005403363064982e+00
5.940409475018977939e-03,-4.131520595740606483e-01,-4.131511717958468721e-01,1.000011178181098970e+00,-4.131683550772996538e-01,2.000012775064017756e+00,-4.131707310066654593e-01,4.132338104430414716e-01,-1.876149422051940025e-05,-1.429628578224368134e-05,1.921118803803858997e-05,1.000006387532008878e+00
5.950234444486191335e-03,-4.131520595332161538e-01,-4.131498696706712437e-01,1.000011782272730798e+00,-4.131637657906670480e-01,2.000013465454448802e+00,-4.131624976150090611e-01,4.132324737954254923e-01,-2.099442667830847045e-06,-5.023994094528143312e-06,4.304967185103100156e-06,1.000006732727224623e+00
5.960211255782150649e-03,-4.131520594918290379e-01,-4.131538184439145223e-01,1.000009608619576218e+00,-4.131581151356347736e-01,2.000010981279434219e+00,-4.131576402475355403e-01,4.132367463685533426e-01,6.114248452104622806e-06,-1.874359323480314628e-06,6.727451352447435936e-06,1.000005490639716887e+00
5.970010699999999358e-03,-4.131520594512329558e-01,-4.131512205172343521e-01,1.000009723494535319e+00,-4.131675464802440634e-01,2.000011112565100113e+00,-4.131692988465430205e-01,4.132335335952722621e-01,-9.007138629769725907e-06,-9.811086456950717367e-06,1.124052113428178923e-05,1.000005556282550057e+00
5.971985522797759911e-03,-4.131567492544410136e-01,-4.131558472832264073e-01,1.000009519175950823e+00,-4.131724863273669723e-01,2.000010879058148117e+00,-4.131743654515343533e-01,4.132397654610797111e-01,-1.181751275984576002e-05,-1.022400847533564126e-05,1.242966646319644619e-05,1.000005439529074058e+00
5.980625659141367186e-03,-4.131567426165391188e-01,-4.131627164866450985e-01,1.000001012062331052e+00,-4.131657641807745529e-01,2.000001156642654987e+00,-4.131643435772474060e-01,4.132450478001578609e-01,-4.665361156522875515e-06,1.727328298062784110e-06,3.399201533281445279e-06,1.000000578321327716e+00
5.990831929939054862e-03,-4.131567347754370179e-01,-4.131487201381437990e-01,1.000008683154767875e+00,-4.131516191524180481e-01,2.000009923605374773e+00,-4.131517321359893802e-01,4.132308964552504071e-01,-7.713212357453482745e-06,-7.832799408169567701e-06,9.294153526831650054e-06,1.000004961802687609e+00
6.000785041424278737e-03,-4.131567271288285603e-01,-4.131518243326686712e-01,1.000011629719131934e+00,-4.131508385374855763e-01,2.000013291107480384e+00,-4.131502196256483517e-01,4.132350801875965263e-01,-1.883758664649804977e-06,-8.869832442076381964e-06,8.595607344510985205e-06,1.000006645553740192e+00
6.010202180987048344e-03,-4.131567198939833929e-01,-4.131593658701760985e-01,1.000005023616793443e+00,-4.131639943610446175e-01,2.000005741276292603e+00,-4.131655892097474414e-01,4.132424199804562437e-01,-1.010332466069394486e-05,-6.981866753457165715e-06,1.075462275590354611e-05,1.000002870638146302e+00
6.018240046412203295e-03,-4.131567137187843186e-01,-4.131500628166543954e-01,1.000007471600331321e+00,-4.131541175628232199e-01,2.000008538971743466e+00,-4.131527929539393074e-01,4.132313116419931709e-01,-8.015234287491348043e-06,-3.687800561872374371e-06,8.490966902203900420e-06,1.000004269485871733e+00
6.024751617289205927e-03,-4.131567087161803764e-01,-4.131497478272801449e-01,1.000013908564038712e+00,-4.131581677925574292e-01,2.000015895501639829e+00,-4.131604073402974087e-01,4.132332850376088662e-01,-1.202463951119331484e-05,-1.083827952722951884e-05,1.238356606970232240e-05,1.000007947750820136e+00
6.033207924276377289e-03,-4.131567022195094530e-01,-4.131559297212586412e-01,1.000007657404842210e+00,-4.131648272177066983e-01,2.000008751319754197e+00,-4.131633689858508207e-01,4.132387889082435040e-01,-7.198105587838153288e-06,-8.022740906600188293e-06,6.852039046221932133e-06,1.000004375659877098e+00
6.042726005495731474e-03,-4.131566949071168171e-01,-4.131573638088094080e-01,1.000004576994557803e+00,-4.131561745242530725e-01,2.000005230850884441e+00,-4.131581568481377253e-01,4.132399400819578572e-01,-2.954768222923516413e-06,-2.792793440819517605e-06,4.083698145759718158e-06,1.000002615425442221e+00
6.052168165359667062e-03,-4.131566876530504140e-01,-4.131572811531377676e-01,1.000004712525148332e+00,-4.131794866673820787e-01,2.000005385742986252e+00,-4.131793817684082937e-01,4.132402460118481113e-01,-1.640137712722589599e-05,-9.515154488617986816e-06,1.654072069457846906e-05,1.000002692871493348e+00
6.061090271136769167e-03,-4.131566807985250778e-01,-4.131599019468263911e-01,1.000002187129263254e+00,-4.131663567599610509e-01,2.000002499576282400e+00,-4.131644741197308957e-01,4.132417225818890150e-01,-1.009977628860898092e-05,-2.153578930454461156e-06,8.964021063422926858e-06,1.000001249788140978e+00
6.070478884793731149e-03,-4.131566735855992101e-01,-4.131473565288846239e-01,1.000010205524735296e+00,-4.131558179187056479e-01,2.000011663456753741e+00,-4.131561775791671165e-01,4.132291585282558688e-01,-1.629423267032069676e-05,-2.204615034078155709e-05,2.359438609837784611e-05,1.000005831728376871e+00
6.079812759593157881e-03,-4.131566664147249268e-01,-4.131476251221982143e-01,1.000015076874502862e+00,-4.131517236655405934e-01,2.000017230713588834e+00,-4.131499822641238606e-01,4.132303860556058583e-01,-5.210292544496914381e-06,-1.049865726634837253e-05,8.323185852556514325e-06,1.000008615356794417e+00
6.083615444430157289e-03,-4.131566634932586357e-01,-4.131483191185864601e-01,1.000014549649865137e+00,-4.131505601657235460e-01,2.000016628171150668e+00,-4.131521099097751892e-01,4.132311517457975536e-01,-4.373428858083655297e-06,-1.092500989212547046e-05,1.193983158755735693e-05,1.000008314085575112e+00
6.092859567899905002e-03,-4.131566563913373069e-01,-4.131523113959108540e-01,1.000012283521732215e+00,-4.131701583639560416e-01,2.000014038310446551e+00,-4.131707849597078819e-01,4.132361797904953171e-01,-1.680017625109292548e-05,-1.710554083167426147e-05,1.631506949112213818e-05,1.000007019155223276e+00
6.105447126521624732e-03,-4.131566467207805071e-01,-4.131644231699435621e-01,9.999985604266250494e-01,-4.131587602133607873e-01,1.999998354773298237e+00,-4.131571966371848093e-01,4.132474180126420316e-01,2.036909608704407899e-06,2.077568616669930954e-06,3.418382244731970432e-06,9.999991773866491185e-01
6.120044620552740101e-03,-4.131566355060632412e-01,-4.131647737956499200e-01,9.999958268062391076e-01,-4.131544824232053492e-01,1.999995230635737586e+00,-4.131550690098046430e-01,4.132471821844824200e-01,8.060046116969152982e-06,8.759267985006180323e-06,8.614792406460793404e-06,9.999976153178687932e-01
6.130755429324959149e-03,-4.131566272773439796e-01,-4.131535111185926090e-01,1.000004691481401808e+00,-4.131427182542631860e-01,2.000005361692990924e+00,-4.131427301797980234e-01,4.132357740333256202e-01,1.875479090033636993e-06,4.678909376862049491e-06,3.540004006620061060e-06,1.000002680846495462e+00
6.140351080726810275e-03,-4.131566199053568478e-01,-4.131560938630808866e-01,1.000006830636702038e+00,-4.131604093055441518e-01,2.000007806441887137e+00,-4.131621639645109978e-01,4.132390450148358818e-01,-1.071198856193494099e-05,-1.570013858964279758e-06,1.084729089929400388e-05,1.000003903220943569e+00
6.150336351161769972e-03,-4.131566122340394331e-01,-4.131587414689240068e-01,1.000003736729518478e+00,-4.131683304463464323e-01,2.000004270547989460e+00,-4.131684842097811394e-01,4.132414132764146153e-01,-8.661672223160532590e-07,-4.130276635407799062e-06,4.136294271491521967e-06,1.000002135273994508e+00
6.160053931125904214e-03,-4.131566047683778442e-01,-4.131542621473293098e-01,1.000005829755502562e+00,-4.131653576289401886e-01,2.000006662577667349e+00,-4.131653023251843915e-01,4.132364061871213190e-01,-5.587157108986781844e-06,-1.406765987352132340e-06,6.414031444942263220e-06,1.000003331288833675e+00
6.170769117117478469e-03,-4.131565965362934967e-01,-4.131544152824949689e-01,1.000007552461043447e+00,-4.131633748795431882e-01,2.000008631383985769e+00,-4.131629549176771277e-01,4.132367095269562918e-01,-6.217141959247702507e-06,-2.931926370036745915e-08,6.217661462369274132e-06,1.000004315691992884e+00
6.180965491806887820e-03,-4.131565887027926487e-01,-4.131483524066003055e-01,1.000012189209036562e+00,-4.131672037520542906e-01,2.000013930524509487e+00,-4.131682385543652969e-01,4.132315567896109321e-01,-1.827913805222214922e-05,-1.142856642659276479e-05,1.882193722113552990e-05,1.000006965262254743e+00
6.190116525104247258e-03,-4.131565816723906104e-01,-4.131599817545226760e-01,1.000006208195664881e+00,-4.131630627120883026e-01,2.000007095080706954e+00,-4.131612035915202541e-01,4.132437399215538321e-01,-2.885234595352914637e-07,1.814302791683480202e-06,3.996693192246055522e-06,1.000003547540353699e+00
6.198715477588709506e-03,-4.131565750661297387e-01,-4.131554260326023020e-01,1.000003920123406109e+00,-4.131495401786480226e-01,2.000004480141001739e+00,-4.131492515422216516e-01,4.132373098040891257e-01,1.888705471339924974e-06,5.328615756073373047e-07,8.232612921221719059e-07,1.000002240070501092e+00
6.203924763462675442e-03,-4.131565710640238143e-01,-4.131537842529697802e-01,1.000007325226319077e+00,-4.131521300561101784e-01,2.000008371687159503e+00,-4.131525117850180506e-01,4.132364173348579972e-01,-1.484483203605561312e-06,-1.093051402580864028e-07,9.718914728992620002e-07,1.000004185843579751e+00
6.211633115215924733e-03,-4.131565651419796259e-01,-4.131546073844113431e-01,1.000007994741423989e+00,-4.131494108616653449e-01,2.000009136847273883e+00,-4.131490054390303257e-01,4.132379400679583314e-01,5.232861475457203422e-06,7.344630311805440559e-06,5.989360202340940969e-06,1.000004568423636941e+00
6.220129383274356286e-03,-4.131565586146072611e-01,-4.131617994650135239e-01,1.000002598037372348e+00,-4.131632505749007755e-01,2.000002969185546320e+00,-4.131653336029834644e-01,4.132450816032278151e-01,-9.841318394402790139e-06,-5.516488890060511792e-06,1.136666985433643902e-05,1.000001484592773160e+00
6.225653288879942800e-03,-4.131565543707876320e-01,-4.131582474131416660e-01,1.000000983339660809e+00,-4.131655093126569978e-01,2.000001123816746773e+00,-4.131647924596434374e-01,4.132399579105278109e-01,-7.072830236118862712e-06,-5.642895884132154613e-06,6.316745538294707149e-06,1.000000561908373387e+00
6.232674139520562318e-03,-4.131565489769244426e-01,-4.131534348926897970e-01,1.000006804829166596e+00,-4.131643187819912799e-01,2.000007776947560600e+00,-4.131648345738593298e-01,4.132360423343747757e-01,-8.015158946452700023e-06,-9.290243342362162807e-06,8.905151031898378197e-06,1.000003888473780300e+00
6.242568780386714006e-03,-4.131565413752337768e-01,-4.131530499836779113e-01,1.000008366102269175e+00,-4.131630778440432139e-01,2.000009561259664892e+00,-4.131616305877220396e-01,4.132353040638797048e-01,-8.539311431533630110e-06,-1.506853402402995700e-06,8.059389351171356765e-06,1.000004780629832446e+00
6.255326130549142098e-03,-4.131565315742323774e-01,-4.131538828765063953e-01,1.000010677305489315e+00,-4.131612980327812323e-01,2.000012202634754654e+00,-4.131631616051388844e-01,4.132374914359482343e-01,-9.766771095425305508e-06,-9.934210845909360977e-06,1.027275028987155171e-05,1.000006101317377105e+00
6.264343411438864223e-03,-4.131565246465852548e-01,-4.131584813521176347e-01,1.000003303325129433e+00,-4.131677757203051637e-01,2.000003775228691438e+00,-4.131669630312927444e-01,4.132408411851048458e-01,-4.745399485054897112e-06,-6.427787238776023820e-06,5.765767819764414382e-06,1.000001887614345719e+00
6.280035974361825382e-03,-4.131565125905706792e-01,-4.131610984413801591e-01,1.000002075323181971e+00,-4.131620478060060719e-01,2.000002371797904743e+00,-4.131614294701227430e-01,4.132442008082519713e-01,2.896189978261141285e-06,-5.702544753942660914e-07,3.942907392099431189e-06,1.000001185898952372e+00
6.290667512485688222e-03,-4.131565044227511474e-01,-4.131582893375987386e-01,1.000002223250898492e+00,-4.131549527139474765e-01,2.000002540858150990e+00,-4.131539793425524909e-01,4.132408102554432361e-01,9.418390178274545457e-06,5.178526782893155172e-06,9.348031892086479706e-06,1.000001270429075495e+00
6.300056039163887470e-03,-4.131564972098883959e-01,-4.131593572022313476e-01,1.000002677875149626e+00,-4.131544047232458272e-01,2.000003060428719337e+00,-4.131546831591925706e-01,4.132420658088606369e-01,-2.548775999759249763e-06,-7.833664569624729752e-06,9.055527939929332971e-06,1.000001530214359668e+00
6.310000000000000504e-03,-4.131564895703068174e-01,-4.131501979724647167e-01,1.000008365734352589e+00,-4.131673981652725369e-01,2.000009560839189238e+00,-4.131691264780162354e-01,4.132317954207450628e-01,-1.938681372760890230e-05,-1.613011748092345039e-05,2.155364475069973445e-05,1.000004780419594397e+00
6.318823754438163305e-03,-4.131564827913393745e-01,-4.131503795796963030e-01,1.000012206083863431e+00,-4.131666932380122503e-01,2.000013949810025782e+00,-4.131653487148502224e-01,4.132331646354485688e-01,-8.744146942324183315e-06,-1.059580139787486744e-05,9.211474018224884925e-06,1.000006974905012891e+00
6.324404596165248728e-03,-4.131564785037816212e-01,-4.131519367365313888e-01,1.000011153211082693e+00,-4.131629808021877182e-01,2.000012746526857121e+00,-4.131636416332672979e-01,4.132349221904090819e-01,-4.653028479456050835e-06,-6.644381513887695220e-06,6.323286614236750815e-06,1.000006373263428339e+00
6.339316333306030567e-03,-4.131564670476445267e-01,-4.131585329568589482e-01,1.000004851638336412e+00,-4.131660608648511923e-01,2.000005544729486218e+00,-4.131657596563265145e-01,4.132416745842117378e-01,-1.059329291959676448e-05,-5.304340098057761461e-06,1.088173669431917965e-05,1.000002772364743109e+00
6.346631673444832165e-03,-4.131564614275336500e-01,-4.131578909427932045e-01,1.000003037371070658e+00,-4.131586628915346338e-01,2.000003471281197598e+00,-4.131570008893165058e-01,4.132402572577341116e-01,-7.951620616893461635e-07,-1.734088959949080004e-06,1.391566455512881114e-06,1.000001735640599021e+00
6.352273812238356729e-03,-4.131564570928837887e-01,-4.131570994451229661e-01,1.000004343255860295e+00,-4.131520777205199280e-01,2.000004963720946272e+00,-4.131522712762616401e-01,4.132399271656009843e-01,4.067879482751548989e-06,-1.659420682937422802e-06,2.936208203817463608e-06,1.000002481860472914e+00
6.361700533525015480e-03,-4.131564498506782868e-01,-4.131587115817270117e-01,1.000003085270457781e+00,-4.131631242398651205e-01,2.000003526023354183e+00,-4.131633391963844826e-01,4.132409585635024585e-01,-6.881981760106317285e-06,-4.081752803426689071e-06,6.605171550161742016e-06,1.000001763011677092e+00
6.371137033886845394e-03,-4.131564426009616264e-01,-4.131543446503889161e-01,1.000006162880654026e+00,-4.131542113730447552e-01,2.000007043292123754e+00,-4.131546411062866353e-01,4.132371270669044083e-01,-3.432563145810864640e-06,-3.820558097043830817e-06,4.094632526988129343e-06,1.000003521646061877e+00
6.380697662994740116e-03,-4.131564352558804165e-01,-4.131584349120550614e-01,1.000004711932866774e+00,-4.131709662698277441e-01,2.000005385066093488e+00,-4.131717629309835660e-01,4.132412945771009039e-01,-7.856740024947210703e-06,-1.817599413415625791e-06,7.326312879146819057e-06,1.000002692533046744e+00
6.390724437367723172e-03,-4.131564275526778407e-01,-4.131583481491433729e-01,1.000003033638478200e+00,-4.131610570525421910e-01,2.000003467015377456e+00,-4.131606954203083104e-01,4.132404759014588480e-01,-6.517414520056758623e-06,-1.021415068383850873e-05,1.056596347623462919e-05,1.000001733507688950e+00
6.400766150713132520e-03,-4.131564198379977793e-01,-4.131495704945443714e-01,1.000009716014606864e+00,-4.131579517756671094e-01,2.000011104016610641e+00,-4.131580755238944969e-01,4.132322926909334782e-01,-1.277764429979829736e-05,-1.232602928903216953e-05,1.349391959672972230e-05,1.000005552008305321e+00
6.411072243806358213e-03,-4.131564119202088547e-01,-4.131585134814412807e-01,1.000006048964542371e+00,-4.131643518121435599e-01,2.000006913102282624e+00,-4.131643329079274785e-01,4.132412984249221322e-01,-8.749407136583446545e-06,-5.722692113932106338e-06,7.384950732365039038e-06,1.000003456551141312e+00
6.420373851389444241e-03,-4.131564047741262402e-01,-4.131562334119256441e-01,1.000004519375323975e+00,-4.131568068254888870e-01,2.000005165000331875e+00,-4.131559322737617945e-01,4.132385000893690763e-01,3.119177981062912304e-06,8.563792124829843134e-06,8.734597756594646029e-06,1.000002582500165937e+00
6.428309026284757463e-03,-4.131563986778193365e-01,-4.131522199609970469e-01,1.000007972358990305e+00,-4.131575275864637908e-01,2.000009111267349926e+00,-4.131582517032961754e-01,4.132343243192627691e-01,-2.283492838881172497e-06,-4.803574981027458091e-06,6.856923986971577204e-06,1.000004555633674741e+00
6.434660065170739497e-03,-4.131563937985472390e-01,-4.131517916680505498e-01,1.000010549133451443e+00,-4.131610637586334289e-01,2.000012056152426165e+00,-4.131610430402239409e-01,4.132346823202960318e-01,-8.700158593182846651e-06,-8.908193672061201965e-06,8.841542114627332140e-06,1.000006028076213083e+00
6.443043949747265069e-03,-4.131563873575150869e-01,-4.131528674851996930e-01,1.000009010106219343e+00,-4.131564919949217707e-01,2.000010297264173786e+00,-4.131561843750030105e-01,4.132352368794131037e-01,-7.915057935399446567e-06,-4.877993639546018652e-06,8.693211505541165711e-06,1.000005148632087115e+00
6.453343109019671169e-03,-4.131563794450482385e-01,-4.131520372546597653e-01,1.000010776003881441e+00,-4.131639223746390588e-01,2.000012315432916132e+00,-4.131652646579486721e-01,4.132352339465402147e-01,-1.755274365931011038e-05,-1.263061391170670076e-05,1.697516035140420198e-05,1.000006157716457844e+00
6.464069326334721637e-03,-4.131563712044903358e-01,-4.131582495111119635e-01,1.000005334230492204e+00,-4.131673919216177215e-01,2.000006096263374111e+00,-4.131678568891072878e-01,4.132414262864957943e-01,-5.781969813710150255e-06,-7.607573669237812867e-06,7.643776564326945072e-06,1.000003048131687278e+00
6.473499613446963979e-03,-4.131563639595454696e-01,-4.131610196447704775e-01,1.000000350521004666e+00,-4.131693691241558053e-01,2.000000400595430605e+00,-4.131689958806495921e-01,4.132432901047557450e-01,-1.087081310706948631e-06,-4.869593913393097169e-06,3.785108157007551539e-06,1.000000200297715303e+00
6.490069191535507293e-03,-4.131563512297535268e-01,-4.131557548807711644e-01,1.000005115443049153e+00,-4.131571341211701665e-01,2.000005846220584527e+00,-4.131558920115218636e-01,4.132381266803615838e-01,2.465643441953652462e-06,4.196353281529767019e-06,4.584699047801226202e-06,1.000002923110292041e+00
6.500018769200610093e-03,-4.131563435858556232e-01,-4.131534123090214172e-01,1.000007706705314359e+00,-4.131558626225258490e-01,2.000008807663150812e+00,-4.131558564992267590e-01,4.132358177571996416e-01,-2.881063459668264042e-06,-4.304130274497823633e-06,5.289343252250621907e-06,1.000004403831575406e+00
6.510724794632000677e-03,-4.131563353608098121e-01,-4.131550496257833105e-01,1.000007563077353723e+00,-4.131675870857998700e-01,2.000008643516911100e+00,-4.131691953765785352e-01,4.132382969969606301e-01,-1.812254771801761173e-05,-1.407350941063099810e-05,1.874563002729912070e-05,1.000004321758455550e+00
6.521587467170612655e-03,-4.131563270154174905e-01,-4.131638837332130554e-01,9.999990585078735172e-01,-4.131667172826035683e-01,1.999998924009006362e+00,-4.131650937209337959e-01,4.132455692749038012e-01,-3.687077304143930875e-06,-7.554749247302422404e-07,2.041888914401561069e-06,9.999994620045031812e-01
6.532310805053396716e-03,-4.131563187770747603e-01,-4.131501659471084054e-01,1.000008167947888049e+00,-4.131509346578798869e-01,2.000009334797516747e+00,-4.131500304832206316e-01,4.132321977295705939e-01,-1.257557444589177733e-06,-2.701443273412240602e-06,3.407598028491082849e-06,1.000004667398758373e+00
6.541792138224704518e-03,-4.131563114929150404e-01,-4.131460227536425944e-01,1.000015320547829489e+00,-4.131430139244281485e-01,2.000017509197388410e+00,-4.131415817054122086e-01,4.132287899501923545e-01,1.093780093828787339e-06,-6.189004883035290340e-06,7.798439315565813931e-06,1.000008754598694427e+00
6.550894493911615414e-03,-4.131563044999063683e-01,-4.131485526654047891e-01,1.000014840749839040e+00,-4.131475099333271062e-01,2.000016960856832338e+00,-4.131497413360745163e-01,4.132319041388607395e-01,-1.199838378238642745e-05,-1.889722988807633047e-05,1.868998615977268471e-05,1.000008480428416169e+00
6.560187746333563837e-03,-4.131562973602411759e-01,-4.131578522327737923e-01,1.000007381944350460e+00,-4.131684013823546109e-01,2.000008436507766163e+00,-4.131701079601450277e-01,4.132413456174440225e-01,-2.568232331024768409e-06,-4.770006794338780931e-06,3.064379151028842437e-06,1.000004218253883082e+00
6.570127394826241404e-03,-4.131562897239741128e-01,-4.131588694845222953e-01,1.000002810392811581e+00,-4.131592613130149472e-01,2.000003211877475096e+00,-4.131588186985476474e-01,4.132415541819853266e-01,5.332247308888162791e-06,-3.489868405955744848e-06,5.288105556678914340e-06,1.000001605938737548e+00
6.580617931530368878e-03,-4.131562816644797631e-01,-4.131617466948113160e-01,1.000000581440770420e+00,-4.131666866551927941e-01,2.000000664503732484e+00,-4.131673697478367990e-01,4.132441869344466445e-01,-1.559605183402007684e-06,-4.768174154646477979e-06,4.203827996403588972e-06,1.000000332251866242e+00
6.590143822214420376e-03,-4.131562743460867604e-01,-4.131548594227316129e-01,1.000004272192556387e+00,-4.131560654688282708e-01,2.000004882505742376e+00,-4.131549069868064583e-01,4.132367467539293515e-01,-2.106557146120014465e-06,8.832709037433129033e-07,2.293115656514443502e-06,1.000002441252871188e+00
6.600026061146323404e-03,-4.131562667539245837e-01,-4.131499190331041627e-01,1.000010574329967872e+00,-4.131486853156374761e-01,2.000012084948444624e+00,-4.131475797028664743e-01,4.132320909367884765e-01,4.449547345556884386e-07,-7.849245849219112960e-06,8.682856383002793705e-06,1.000006042474222312e+00
6.610117756080862404e-03,-4.131562590008455160e-01,-4.131502787969024149e-01,1.000012152485683536e+00,-4.131524451422998734e-01,2.000013888554963426e+00,-4.131523774192317755e-01,4.132330773152134706e-01,2.484931495237419233e-06,-4.544892183469638701e-06,4.065318557690430256e-06,1.000006944277481713e+00
6.617348813846426342e-03,-4.131562534454855107e-01,-4.131554382016957572e-01,1.000009040994533915e+00,-4.131591959296307959e-01,2.000010332565104854e+00,-4.131608997045707610e-01,4.132388697565017033e-01,-7.341482076867607932e-06,-9.763951067497047911e-06,1.037805842920783528e-05,1.000005166282552427e+00
6.627217529156580883e-03,-4.131562458637124124e-01,-4.131574398606029375e-01,1.000003899162134946e+00,-4.131688325023326613e-01,2.000004456185263457e+00,-4.131698277258168406e-01,4.132399238380184969e-01,-1.343928830313196418e-05,-1.257080732367377530e-05,1.380814409889454521e-05,1.000002228092631951e+00
6.634720971890911700e-03,-4.131562400990904660e-01,-4.131591688614301705e-01,1.000003960026411898e+00,-4.131685735067472942e-01,2.000004525744436989e+00,-4.131672655081819467e-01,4.132424072475008869e-01,-8.182139376659772263e-06,-8.600933432525766306e-06,6.711800809830507041e-06,1.000002262872218495e+00
6.641961670204300956e-03,-4.131562345363278821e-01,-4.131622666527167143e-01,9.999999624542372789e-01,-4.131535683715214513e-01,1.999999957090557112e+00,-4.131518567967268352e-01,4.132444706064269391e-01,1.006821719917782000e-05,4.146246293736732641e-06,1.025300378971784942e-05,9.999999785452785561e-01
6.650470672130190386e-03,-4.131562279991740638e-01,-4.131574470619698847e-01,1.000002276931473810e+00,-4.131587043172598728e-01,2.000002602207379354e+00,-4.131601918059676359e-01,4.132398930723996666e-01,-2.978198719625037297e-06,-5.366332148171958614e-06,6.310698038122702324e-06,1.000001301103689677e+00
6.660071820218939689e-03,-4.131562206229659751e-01,-4.131615736197029598e-01,1.000001564638585583e+00,-4.131648407759011543e-01,2.000001788158370264e+00,-4.131648773370612537e-01,4.132446473878846893e-01,-4.836207093551110726e-06,5.483838676611685105e-08,4.189925880695852146e-06,1.000000894079185132e+00
6.671190640289407885e-03,-4.131562120807849570e-01,-4.131585430459212005e-01,1.000002027817415096e+00,-4.131675138712931350e-01,2.000002317505599869e+00,-4.131677903717126399e-01,4.132411239461145080e-01,-6.182308654452068608e-06,3.370622317861951980e-07,6.351797142650397546e-06,1.000001158752800157e+00
6.681960887235865315e-03,-4.131562038063996134e-01,-4.131579876215836777e-01,1.000002661541530280e+00,-4.131600303559276877e-01,2.000003041761726053e+00,-4.131593584310462863e-01,4.132396541272739254e-01,-1.025641683555338393e-06,4.107430860168769174e-06,3.554365125371590205e-06,1.000001520880863026e+00
6.693685376030321030e-03,-4.131561947989074723e-01,-4.131513667850458815e-01,1.000012111297997164e+00,-4.131651763657880894e-01,2.000013841483322174e+00,-4.131660997889960996e-01,4.132352122139428818e-01,-1.251168013914317234e-05,-1.099299019402493521e-05,1.266801709795944117e-05,1.000006920741661087e+00
6.703165209169108761e-03,-4.131561875159011077e-01,-4.131584960341543877e-01,1.000003306118084190e+00,-4.131609653065666521e-01,2.000003778420639922e+00,-4.131592487196371621e-01,4.132402775579958609e-01,-2.661418679900430054e-06,-4.064568717363027241e-06,3.098846112678394898e-06,1.000001889210319961e+00
6.713743734433408501e-03,-4.131561793888119949e-01,-4.131519469007046697e-01,1.000009518791722840e+00,-4.131558010409995818e-01,2.000010878619030485e+00,-4.131567742286251232e-01,4.132348112064966883e-01,-6.309853995174554450e-06,-7.053856346910050678e-06,7.586117416251360158e-06,1.000005439309515243e+00
6.723648329806568812e-03,-4.131561717794761113e-01,-4.131559712426057795e-01,1.000007917889142117e+00,-4.131588693156315606e-01,2.000009049016095108e+00,-4.131574835063823725e-01,4.132393952531583925e-01,-7.001553353976164495e-06,-6.668228027503938101e-06,6.424684111765479072e-06,1.000004524508047554e+00
6.735052424767368900e-03,-4.131561630181299072e-01,-4.131591701710335407e-01,1.000001020297769383e+00,-4.131478684112376842e-01,2.000001166054585333e+00,-4.131478227403974635e-01,4.132411427220321065e-01,5.265511402027843974e-06,-5.451000465532348435e-07,5.374176826184905326e-06,1.000000583027292667e+00
6.745671180212860218e-03,-4.131561548601312972e-01,-4.131576592480215582e-01,1.000005287697993239e+00,-4.131600474869064343e-01,2.000006043083375484e+00,-4.131619733187212873e-01,4.132408116030425460e-01,-2.661068156310079200e-06,-5.354825409576195131e-06,5.623952244676362424e-06,1.000003021541687742e+00
6.753853372402575557e-03,-4.131561485740553041e-01,-4.131619073095639250e-01,1.000001288342749373e+00,-4.131699321329612706e-01,2.000001472391702784e+00,-4.131707919990885713e-01,4.132450501684048483e-01,-8.320678215291183751e-06,-5.003951036427027972e-06,9.240459566552684711e-06,1.000000736195851392e+00
6.763460257571849918e-03,-4.131561411934380756e-01,-4.131612730473666062e-01,9.999972775560923566e-01,-4.131698717223687423e-01,1.999996888635557246e+00,-4.131661072255021772e-01,4.132422634159853558e-01,-9.350129018433274796e-06,-1.782926141800139266e-06,7.139645162710323031e-06,9.999984443177786231e-01
6.770671286733876901e-03,-4.131560126785934761e-01,-4.131494083199758194e-01,1.000007261232709332e+00,-4.131439291391189594e-01,2.000008298551605446e+00,-4.131426307851516766e-01,4.132314187572920239e-01,2.261465280864986093e-07,-4.383303842752234915e-06,5.824591707959554271e-06,1.000004149275802945e+00
6.778580281056270466e-03,-4.131547891531356931e-01,-4.131525727622832878e-01,1.000011175958489762e+00,-4.131668093531827846e-01,2.000012772523893201e+00,-4.131699185634351013e-01,4.132357724323894033e-01,-9.963614196683773304e-06,-1.258418354827961635e-05,1.267383519802330578e-05,1.000006386261946600e+00
6.786542017169485894e-03,-4.131539167973384830e-01,-4.131483955116942441e-01,1.000010799760758573e+00,-4.131612160601770278e-01,2.000012342583632030e+00,-4.131586898492945470e-01,4.132300350710870207e-01,-5.542441089155854007e-06,-9.443399246617236397e-06,9.501147602253523801e-06,1.000006171291816015e+00
6.793315702206697594e-03,-4.131533787768923993e-01,-4.131479458391351112e-01,1.000016221384721904e+00,-4.131539271109460065e-01,2.000018538725258477e+00,-4.131557574243163167e-01,4.132321412635116542e-01,-8.258459943159902734e-06,-1.198452855656998628e-05,1.214729674649491753e-05,1.000009269362629238e+00
6.801277862432868714e-03,-4.131529190649544936e-01,-4.131596885555782750e-01,1.000006194582955921e+00,-4.131640768837093747e-01,2.000007079523324904e+00,-4.131636280450574072e-01,4.132420899160094141e-01,-9.045880049952710492e-06,-3.143891961782427670e-06,7.211217324909597596e-06,1.000003539761662674e+00
6.810036939421522557e-03,-4.131525670897335800e-01,-4.131520190458374264e-01,1.000006740482947132e+00,-4.131503501216212682e-01,2.000007703409024895e+00,-4.131496597090840162e-01,4.132337330577720569e-01,-3.390759002880504343e-07,-3.804671278824484896e-06,4.912655025318479522e-06,1.000003851704512448e+00
6.820049796932960498e-03,-4.131522990422784591e-01,-4.131515082634072411e-01,1.000010681664578627e+00,-4.131520027370199633e-01,2.000012207616570503e+00,-4.131518299846286824e-01,4.132341977618772533e-01,-3.250022450253976187e-06,-2.205785389238151317e-06,2.968457301181338792e-06,1.000006103808285030e+00
6.830073107455457600e-03,-4.131521254440586044e-01,-4.131537944650034988e-01,1.000008974216774149e+00,-4.131553230707459834e-01,2.000010256247665819e+00,-4.131559029511522319e-01,4.132366002394101678e-01,-6.908365625778230928e-06,-6.867768937072110452e-06,7.388775809571807494e-06,1.000005128123832909e+00
6.841148524532775742e-03,-4.131520039663656441e-01,-4.131463200223096655e-01,1.000013790434827854e+00,-4.131544982860607118e-01,2.000015760496828943e+00,-4.131551906536038987e-01,4.132289499382459930e-01,-1.151467960318669948e-05,-1.310211472531309751e-05,1.383914719987508921e-05,1.000007880248414471e+00
6.852061213314896565e-03,-4.131519297581782713e-01,-4.131499564310904260e-01,1.000013397131770176e+00,-4.131610373202745379e-01,2.000015311007623531e+00,-4.131612934612917121e-01,4.132328798968368799e-01,-1.012209583159810844e-05,-1.318144566663480627e-05,1.328640215066494959e-05,1.000007655503811543e+00
6.862284546097562749e-03,-4.131518858826944141e-01,-4.131523854897558579e-01,1.000010160822971450e+00,-4.131697984304081861e-01,2.000011612369023695e+00,-4.131690844752451963e-01,4.132349968483068903e-01,-2.145587927582298584e-05,-1.425177954633665641e-05,2.024503260767341104e-05,1.000005806184511847e+00
6.871411737405062371e-03,-4.131518601926918999e-01,-4.131520179793786163e-01,1.000009900973488408e+00,-4.131547302628542084e-01,2.000011315398188216e+00,-4.131544835011346506e-01,4.132346871876767525e-01,-8.930442832307724976e-06,-1.016214863196247463e-05,9.572329449693302628e-06,1.000005657699094108e+00
6.881353437908314420e-03,-4.131518416695095786e-01,-4.131522589480800534e-01,1.000009574934419998e+00,-4.131634378864136314e-01,2.000010942782112888e+00,-4.131640276998266303e-01,4.132344600215732688e-01,-1.119874399412212538e-05,-4.101291773381161153e-06,1.031406493286770512e-05,1.000005471391056444e+00
6.891042211205624171e-03,-4.131518298796982291e-01,-4.131471702890786579e-01,1.000013643014615150e+00,-4.131686211349669402e-01,2.000015592016586741e+00,-4.131685114819224625e-01,4.132301408909818119e-01,-1.023334277157214128e-05,-1.833307160641574536e-05,1.909261766790220337e-05,1.000007796008293370e+00
6.901891707071881356e-03,-4.131518214001022593e-01,-4.131544816236885076e-01,1.000008958011676885e+00,-4.131627109800049547e-01,2.000010237727554596e+00,-4.131628791551499313e-01,4.132367851328133113e-01,-1.020362203787761954e-05,-1.232804679232388409e-05,1.179229969126291859e-05,1.000005118863777298e+00
6.912118254119257836e-03,-4.131518163348966155e-01,-4.131500612067293132e-01,1.000011031557141106e+00,-4.131733052195271094e-01,2.000012607493781402e+00,-4.131734713165088335e-01,4.132327635744861283e-01,-1.966470409511268850e-05,-1.517613982299008335e-05,1.863273975631710302e-05,1.000006303746890701e+00
6.921121713532576471e-03,-4.131518133917989610e-01,-4.131508605832220904e-01,1.000011243848621723e+00,-4.131630472648660235e-01,2.000012850112614426e+00,-4.131618572279177060e-01,4.132328669704382618e-01,-3.712780681149669411e-06,-1.186996182238086123e-05,1.175627626676777065e-05,1.000006425056307435e+00
6.930895858468792865e-03,-4.131518112517232888e-01,-4.131420849810723550e-01,1.000017718979699932e+00,-4.131678998857333251e-01,2.000020250262362964e+00,-4.131688178333904338e-01,4.132249232964241847e-01,-1.706394612225679204e-05,-1.868703713044965060e-05,1.914652147997136645e-05,1.000010125131181704e+00
6.941034685226006584e-03,-4.131518097962975089e-01,-4.131515961701832107e-01,1.000013827434315328e+00,-4.131692935602309102e-01,2.000015802781956786e+00,-4.131685217647405040e-01,4.132348846909836282e-01,-1.653752073190154585e-05,-7.806199540692298165e-06,1.474956313319279929e-05,1.000007901390978393e+00
6.951884020608744934e-03,-4.131518087918969462e-01,-4.131560007513409571e-01,1.000006705211523128e+00,-4.131600474282394742e-01,2.000007663098826161e+00,-4.131590936177422235e-01,4.132385468023321295e-01,-3.650822400928883218e-06,-3.408454869960192881e-06,3.722762999504232670e-06,1.000003831549413080e+00
6.966210615100789337e-03,-4.131518079946231436e-01,-4.131573990207326741e-01,1.000006005103684759e+00,-4.131668039732538933e-01,2.000006862975588273e+00,-4.131687587286219654e-01,4.132405942098471008e-01,-1.299056408552346703e-05,-5.930895700364972424e-06,1.331073385071342034e-05,1.000003431487794137e+00
6.977955295843054143e-03,-4.131518076046276078e-01,-4.131566003009738974e-01,1.000003498276023306e+00,-4.131739768527380452e-01,2.000003998029711294e+00,-4.131740901235031460e-01,4.132387283319663429e-01,-1.098687568686356184e-05,-4.381029693078296437e-06,1.117160176562372568e-05,1.000001999014855647e+00
6.990004716528825171e-03,-4.131518073458768092e-01,-4.131477139915623042e-01,1.000011733983242390e+00,-4.131627345342987478e-01,2.000013410266462621e+00,-4.131613454881497005e-01,4.132295337720238160e-01,-8.823318699586471257e-06,-9.379935870572716738e-06,9.803502163947051170e-06,1.000006705133231311e+00
6.999173300599409973e-03,-4.131518072082257520e-01,-4.131521007964389369e-01,1.000012058607231857e+00,-4.131675940835708438e-01,2.000013781265304935e+00,-4.131680905606774368e-01,4.132353672019419277e-01,-9.702052970422105429e-06,-1.504906711412351135e-05,1.506485489431570996e-05,1.000006890632652468e+00
7.008154318690515763e-03,-4.131518071052709962e-01,-4.131474350371797111e-01,1.000012177892746212e+00,-4.131660211642327329e-01,2.000013917591606294e+00,-4.131662101813916577e-01,4.132292504370860264e-01,-1.751786318401207603e-05,-1.618957246811097788e-05,1.932648457471423820e-05,1.000006958795803147e+00
7.018763104779582492e-03,-4.131518070105050788e-01,-4.131497452786725977e-01,1.000014401015986376e+00,-4.131647230423816097e-01,2.000016458303861988e+00,-4.131634944138221632e-01,4.132329710690525459e-01,-1.650066594569235697e-05,-1.091143527207713790e-05,1.485002170073528438e-05,1.000008229151930994e+00
7.025221325618553718e-03,-4.131518069625419454e-01,-4.131546846627180969e-01,1.000009995962030995e+00,-4.131641481335285304e-01,2.000011423956521650e+00,-4.131653077875404034e-01,4.132381682129437905e-01,-1.061740952800254705e-05,-7.495951827556960322e-06,1.042788072303210021e-05,1.000005711978260825e+00
7.040144565275010743e-03,-4.131518068695586576e-01,-4.131616191464889676e-01,1.000000565448147860e+00,-4.131685781118177303e-01,2.000000646226449685e+00,-4.131685042032319788e-01,4.132441995588493899e-01,-7.475754064088448750e-06,-1.006992143408607334e-05,1.046511459588087242e-05,1.000000323113224843e+00
7.047912438757086145e-03,-4.131518068276297528e-01,-4.131493412838140311e-01,1.000006784896478207e+00,-4.131566559360879687e-01,2.000007754167345553e+00,-4.131551900559800039e-01,4.132301655197105905e-01,-9.977403163801550778e-06,-9.835778437185221907e-06,1.100768998856453240e-05,1.000003877083672998e+00
7.056042611352923363e-03,-4.131518067867511745e-01,-4.131476525428879332e-01,1.000016361681909327e+00,-4.131683625555521155e-01,2.000018699064899597e+00,-4.131715300172111860e-01,4.132310457576914287e-01,-2.167966181488591081e-05,-1.902632989272896234e-05,2.259874683736350049e-05,1.000009349532449798e+00
7.065143135032998963e-03,-4.131518067435364649e-01,-4.131547219675956728e-01,1.000009862899045920e+00,-4.131782141671136444e-01,2.000011271884539532e+00,-4.131771147603903183e-01,4.132381396105364590e-01,-1.562767758937126070e-05,-1.174633323545625350e-05,1.366214667164387763e-05,1.000005635942269988e+00
7.076271468253499640e-03,-4.131518066931209598e-01,-4.131563573888591967e-01,1.000003866519794116e+00,-4.131588984932085817e-01,2.000004418879731460e+00,-4.131571262433986758e-01,4.132384277024439556e-01,1.649700216095267276e-06,-4.768196972152402365e-06,5.650059621006214971e-06,1.000002209439865730e+00
7.084288578560656198e-03,-4.131518066578996895e-01,-4.131532081566356984e-01,1.000007822092139786e+00,-4.131525477353367726e-01,2.000008939533806984e+00,-4.131524666049052885e-01,4.132356832051580220e-01,-4.492195930574605457e-07,-9.574815555594910196e-06,9.348431438451402541e-06,1.000004469766903492e+00
7.096669509094033317e-03,-4.131518066046518944e-01,-4.131479930241258591e-01,1.000011845008595968e+00,-4.131546633169418392e-01,2.000013537152579790e+00,-4.131558191799105106e-01,4.132298821695513102e-01,-4.839891959092721496e-06,-1.113962799611478943e-05,1.213133382621175982e-05,1.000006768576290117e+00
7.110008386197585323e-03,-4.131518065482475688e-01,-4.131486237001120165e-01,1.000015063296737283e+00,-4.131663024074945789e-01,2.000017215196142839e+00,-4.131663459413544293e-01,4.132316752244481473e-01,-1.451851055394826572e-05,-1.170194265822197524e-05,1.431678146980052861e-05,1.000008607598071420e+00
7.120551575966144707e-03,-4.131518065040822307e-01,-4.131483326064334105e-01,1.000013797293707984e+00,-4.131560486978813063e-01,2.000015768335548394e+00,-4.131566052744089501e-01,4.132315094568900782e-01,-1.687616078774418837e-05,-1.523140811472450707e-05,1.765075685344267946e-05,1.000007884167774419e+00
7.131093023003872919e-03,-4.131518064601462648e-01,-4.131617366300743277e-01,1.000003920103142097e+00,-4.131808054461005297e-01,2.000004480117843375e+00,-4.131802491546521794e-01,4.132447338821986227e-01,-1.517202265661354893e-05,-7.228771520037079885e-06,1.304830820607935215e-05,1.000002240058921688e+00
7.140061970575438226e-03,-4.131518064228788534e-01,-4.131607790119468659e-01,1.000000156151583885e+00,-4.131502513957557299e-01,2.000000178458951616e+00,-4.131469896228261995e-01,4.132431943790993434e-01,8.520079664367635053e-06,8.684819820879950082e-06,1.057803667410399789e-05,1.000000089229475808e+00
7.146390761402597949e-03,-4.131518063966210241e-01,-4.131551459483070454e-01,1.000003391772355421e+00,-4.131474916697142619e-01,2.000003876311234663e+00,-4.131486316447430251e-01,4.132367622294673137e-01,4.717420146558142996e-06,6.250403464454321558e-07,2.895165890392159284e-06,1.000001938155617331e+00
7.152949164025652028e-03,-4.131518063694389342e-01,-4.131513809906505741e-01,1.000009705183603659e+00,-4.131579959425921711e-01,2.000011091638321581e+00,-4.131595785293454837e-01,4.132343673248030647e-01,-6.497497443894512727e-06,-8.164105624596735951e-06,7.581962800808896293e-06,1.000005545819160790e+00
7.160834821825232469e-03,-4.131518063367847771e-01,-4.131542600970901646e-01,1.000008642581139418e+00,-4.131603654654517621e-01,2.000009877235514377e+00,-4.131590525160503402e-01,4.132363761656969170e-01,6.837899236238611292e-09,2.380289506058030806e-06,2.405842231406139482e-06,1.000004938617757189e+00
7.170000000000000158e-03,-4.131518062988588369e-01,-4.131436211233671107e-01,1.000014646649989958e+00,-4.131566314647930338e-01,2.000016739028435353e+00,-4.131574537287637794e-01,4.132250099961550238e-01,-1.481632413096978072e-05,-1.643229444504361485e-05,1.935465279983085540e-05,1.000008369514217677e+00
7.171655752624247517e-03,-4.131565199553955403e-01,-4.131467387130290936e-01,1.000016140744220294e+00,-4.131610103291862846e-01,2.000018446564685970e+00,-4.131639193681890254e-01,4.132303667374822576e-01,-1.791253070649022225e-05,-1.988525411445812730e-05,2.134396117520548976e-05,1.000009223282342985e+00
7.180401487622519070e-03,-4.131565132363652637e-01,-4.131507377323437313e-01,1.000012756115845391e+00,-4.131625210218960453e-01,2.000014578418000344e+00,-4.131613416102815628e-01,4.132337695836308389e-01,-1.054985862979031324e-05,-2.121679571154906803e-05,2.068536009044976353e-05,1.000007289209000172e+00
7.190511281422882518e-03,-4.131565054693799866e-01,-4.131550356730612772e-01,1.000008266454868178e+00,-4.131509125484265077e-01,2.000009447376922100e+00,-4.131505818570933575e-01,4.132379831815554128e-01,-6.363290924642214692e-06,-7.726477870545490946e-06,6.931184131689533895e-06,1.000004723688461050e+00
7.200715373836581376e-03,-4.131564976299498815e-01,-4.131568749689444875e-01,1.000005546654181510e+00,-4.131645289335824089e-01,2.000006339033303160e+00,-4.131655495302437031e-01,4.132401284696461952e-01,-7.339466970315514720e-06,-1.015230035951215118e-05,1.046988429815705676e-05,1.000003169516651580e+00
7.211621078699730417e-03,-4.131564892514986154e-01,-4.131663563317882759e-01,9.999967310984736457e-01,-4.131692537128914822e-01,1.999996264112569255e+00,-4.131682171565731476e-01,4.132482813295046409e-01,-7.363589170185531976e-06,-5.632492111442198355e-06,6.032479260779506626e-06,9.999981320562845166e-01
7.220274662953776561e-03,-4.131564826032687043e-01,-4.131569266051063893e-01,1.000000899136718857e+00,-4.131518931974117459e-01,2.000001027584813684e+00,-4.131507598196799691e-01,4.132388473241850324e-01,3.046998860555153124e-07,-1.684555983162091856e-06,2.089770343745021360e-06,1.000000513792406842e+00
7.229541188988801957e-03,-4.131564754841351439e-01,-4.131617626983648539e-01,1.000001914030980821e+00,-4.131665162990223461e-01,2.000002187463961967e+00,-4.131679250547020676e-01,4.132450658834588286e-01,-7.380778493216837403e-06,5.873903522361749415e-07,7.470407480637003194e-06,1.000001093731980983e+00
7.234590703521497947e-03,-4.131564716047736452e-01,-4.131592179340332627e-01,1.000000289110849927e+00,-4.131564363237834603e-01,2.000000330412397442e+00,-4.131526142388992628e-01,4.132408897474482701e-01,-4.411440555657272013e-07,3.284079019992218469e-06,3.187609848493975134e-06,1.000000165206198721e+00
7.243231805907435553e-03,-4.131564649661322863e-01,-4.131539245307469521e-01,1.000007272353898191e+00,-4.131406672263168156e-01,2.000008311261535887e+00,-4.131435384326148652e-01,4.132369020877459387e-01,2.734689152309617098e-06,-4.690112160396544676e-06,6.083586432795827678e-06,1.000004155630767944e+00
7.251285159357301335e-03,-4.131564587790368948e-01,-4.131570389062539372e-01,1.000005989005738893e+00,-4.131632650237385129e-01,2.000006844577935983e+00,-4.131644810459388362e-01,4.132399936384350547e-01,-2.248661954296926990e-06,-1.012637784605835002e-05,9.974800349240487985e-06,1.000003422288967991e+00
7.261746243856176050e-03,-4.131564507421684462e-01,-4.131585112199255838e-01,1.000002539769151655e+00,-4.131733063441456189e-01,2.000002902593294607e+00,-4.131729775037180641e-01,4.132399747554427183e-01,-1.358244368115870531e-05,-6.847280126370726602e-06,1.244487347283064833e-05,1.000001451296647303e+00
7.270488705287607260e-03,-4.131564440256555448e-01,-4.131461506136507311e-01,1.000011368997820504e+00,-4.131606283717118022e-01,2.000012993140269479e+00,-4.131595695461856566e-01,4.132282117708623859e-01,-6.469057749851571747e-06,-1.196064239113492941e-05,1.331288230472881025e-05,1.000006496570134740e+00
7.279251654017120446e-03,-4.131564372934017904e-01,-4.131523552057660975e-01,1.000012571989254750e+00,-4.131684149912483450e-01,2.000014367987612562e+00,-4.131688667803836146e-01,4.132358578488128931e-01,-1.250784045889757025e-05,-1.626196731959728532e-05,1.570478659657045895e-05,1.000007183993806281e+00
7.290150235296169283e-03,-4.131564289204220364e-01,-4.131526774343603492e-01,1.000008871718207404e+00,-4.131695980510862176e-01,2.000010139106446871e+00,-4.131701449522555691e-01,4.132352334007544647e-01,-1.944162180164902811e-05,-1.310255729504892072e-05,2.037421448796373146e-05,1.000005069553223436e+00
7.300150408376465498e-03,-4.131564212376539480e-01,-4.131551146282183007e-01,1.000007676890619424e+00,-4.131601771356421260e-01,2.000008773589214250e+00,-4.131586841331980620e-01,4.132380679121192002e-01,-7.244680716934065790e-06,-1.213691975598747057e-05,1.178168711124500824e-05,1.000004386794607125e+00
7.310006120442637603e-03,-4.131564136658702480e-01,-4.131606672248667733e-01,1.000002863181609358e+00,-4.131638252012811430e-01,2.000003272207529381e+00,-4.131644415307940132e-01,4.132438868467747106e-01,-9.361283215917475008e-06,-3.327637950780092290e-06,9.542714962598896323e-06,1.000001636103764691e+00
7.320122272619651767e-03,-4.131564058940009332e-01,-4.131619655599167995e-01,9.999997119591644834e-01,-4.131710045845938817e-01,1.999999670810476360e+00,-4.131716677460591791e-01,4.132445773633289798e-01,-3.780480023360779826e-06,-1.405382121209692290e-06,3.519169681226146508e-06,9.999998354052381799e-01
7.331559446198727785e-03,-4.131563971072422237e-01,-4.131549991726509719e-01,1.000005320953461840e+00,-4.131592912944074270e-01,2.000006081089625187e+00,-4.131591881001845379e-01,4.132381135880883183e-01,-7.049073510689161918e-06,-5.398944441615872414e-06,7.614541658180873539e-06,1.000003040544812594e+00
7.341703503475871875e-03,-4.131563893139361676e-01,-4.131612090542710058e-01,1.000001355911856793e+00,-4.131599885169338071e-01,2.000001549613539265e+00,-4.131595153058871261e-01,4.132430286905993122e-01,-4.725607969881910924e-06,-3.595440904763785765e-06,3.608074556328432206e-06,1.000000774806769632e+00
7.350788119912774615e-03,-4.131563823345597020e-01,-4.131514647395304607e-01,1.000007103792279306e+00,-4.131529919689035379e-01,2.000008118619687192e+00,-4.131524566407659971e-01,4.132341958786175939e-01,-5.622144211699731481e-07,-2.003929593299387267e-06,2.965379200639484839e-06,1.000004059309843596e+00
7.360005707810871739e-03,-4.131563752530256206e-01,-4.131611271377952366e-01,1.000004313845794135e+00,-4.131587314121973886e-01,2.000004930109442025e+00,-4.131587430383988346e-01,4.132449112370947253e-01,-6.681020320970050171e-06,-3.474274914918585399e-06,6.378271100387975155e-06,1.000002465054721013e+00
7.369759823834460752e-03,-4.131563677592967054e-01,-4.131546748567613836e-01,1.000004217387222560e+00,-4.131666707046688369e-01,2.000004819871075590e+00,-4.131682760556595335e-01,4.132364373050150252e-01,-5.748494611779527105e-06,-5.927050110133396724e-06,7.156514447086514677e-06,1.000002409935537795e+00
7.380002066112146229e-03,-4.131563598905578782e-01,-4.131545702694876532e-01,1.000007638016798150e+00,-4.131560881362432713e-01,2.000008729161989685e+00,-4.131541076660891210e-01,4.132373092859650265e-01,-6.011565031930757983e-06,-2.753306180221136522e-06,5.319830016767880170e-06,1.000004364580995064e+00
7.384902647555201781e-03,-4.131563561256180184e-01,-4.131553532546549667e-01,1.000007014914815695e+00,-4.131590732603201421e-01,2.000008017045443509e+00,-4.131609977066800776e-01,4.132381567468516592e-01,-6.997468273969381694e-06,-7.813695697324983880e-06,9.303221693503602540e-06,1.000004008522721755e+00
7.392896929672254473e-03,-4.131563499839032150e-01,-4.131560803468606879e-01,1.000005704556202968e+00,-4.131713665596444818e-01,2.000006519492754986e+00,-4.131702187181742758e-01,4.132385675905144162e-01,-1.088177394954991495e-05,-1.255649428018666698e-05,1.063714412057533542e-05,1.000003259746377493e+00
7.400933765855601323e-03,-4.131563438094952856e-01,-4.131547949903239814e-01,1.000006490328520403e+00,-4.131522311536055536e-01,2.000007417518253838e+00,-4.131500336366913939e-01,4.132372665319342664e-01,5.926972471689996371e-06,1.988705315397807777e-06,6.750424423890304435e-06,1.000003708759126919e+00
7.410012425091794773e-03,-4.131563368346922727e-01,-4.131533634635075614e-01,1.000008022176631206e+00,-4.131564027755829649e-01,2.000009168201795973e+00,-4.131576494192864546e-01,4.132358423027436833e-01,-6.341509092586812277e-06,-5.545428785219408645e-06,8.089105608963975368e-06,1.000004584100897986e+00
7.421199293851457775e-03,-4.131563282402311299e-01,-4.131558958422880679e-01,1.000006553780326213e+00,-4.131713090050709858e-01,2.000007490034602764e+00,-4.131703631836973756e-01,4.132383172955939044e-01,-1.266808188468194011e-05,-9.185047567346201435e-06,1.261581301698519183e-05,1.000003745017301382e+00
7.432448181156942231e-03,-4.131563195981242664e-01,-4.131527649965255344e-01,1.000009080446907062e+00,-4.131550265657483734e-01,2.000010377653530735e+00,-4.131557414069464418e-01,4.132358447267948653e-01,-1.626329264275139106e-05,-1.562281818484403069e-05,1.613985489658415978e-05,1.000005188826765368e+00
7.441361051111836621e-03,-4.131563127506926447e-01,-4.131570520859565443e-01,1.000006128133755334e+00,-4.131544579285490459e-01,2.000007003581381948e+00,-4.131534200196640971e-01,4.132397677384066492e-01,-5.921885033795145640e-06,-2.510178529946624599e-06,3.911446681896967842e-06,1.000003501790691196e+00
7.450745109251422950e-03,-4.131563055412653118e-01,-4.131566700184977625e-01,1.000004947843468495e+00,-4.131475821049269137e-01,2.000005654678207456e+00,-4.131475060814360778e-01,4.132395190681252828e-01,4.457954839687990338e-06,-4.869006378749708377e-06,5.039112921278062630e-06,1.000002827339103728e+00
7.460769021136896828e-03,-4.131562978402603115e-01,-4.131609839363787895e-01,1.000001913042828150e+00,-4.131598099620867881e-01,2.000002186334644438e+00,-4.131608633193444846e-01,4.132436019069252731e-01,-3.843832324287666248e-06,-7.323213489211226034e-07,4.212916002724145576e-06,1.000001093167322219e+00
7.471228486805668589e-03,-4.131562898046372556e-01,-4.131572621166462178e-01,1.000003351042713318e+00,-4.131664517833422146e-01,2.000003829763072449e+00,-4.131669843243023221e-01,4.132400528306193754e-01,-1.080163653119185096e-05,-2.089706086854384273e-06,1.069463618775287183e-05,1.000001914881536225e+00
7.480956046467841271e-03,-4.131562823313096877e-01,-4.131604354462226625e-01,1.000001920888537121e+00,-4.131639750717630011e-01,2.000002195301169294e+00,-4.131634364136479998e-01,4.132425106477143895e-01,-2.478179025198673997e-06,-3.348352010463711762e-06,2.420313123264515894e-06,1.000001097650584425e+00
7.490145603263644904e-03,-4.131562752713114350e-01,-4.131504203252047702e-01,1.000007725396946823e+00,-4.131565726983037479e-01,2.000008829025016421e+00,-4.131560911557933258e-01,4.132322252374697746e-01,1.780255944004851367e-07,1.887490463640080095e-06,1.572157900797662913e-06,1.000004414512508211e+00
7.495572057343031190e-03,-4.131562711023603063e-01,-4.131553448875508461e-01,1.000009793576148276e+00,-4.131620316474290955e-01,2.000011192658371684e+00,-4.131639421822216884e-01,4.132392635068644626e-01,-7.323346244866893622e-06,-5.362390000650724423e-06,8.625930966623054314e-06,1.000005596329185842e+00
7.502941787418149731e-03,-4.131562654404664636e-01,-4.131613680949386969e-01,1.000001455002782036e+00,-4.131692637840120863e-01,2.000001662860309892e+00,-4.131686922473927215e-01,4.132436230520784570e-01,-8.148179195225600655e-06,-3.741148830062392821e-06,6.885654339331024343e-06,1.000000831430155168e+00
7.513189762595593423e-03,-4.131562575673221049e-01,-4.131586361205172864e-01,1.000003060877619365e+00,-4.131662942408916850e-01,2.000003498145824565e+00,-4.131673996363357526e-01,4.132416551931907822e-01,-3.462693755656725616e-06,-3.558256155587572114e-06,3.806770758192072487e-06,1.000001749072912283e+00
7.527449674721906243e-03,-4.131562466119599319e-01,-4.131538866461361703e-01,1.000003942080650576e+00,-4.131643693989872634e-01,2.000004505234995733e+00,-4.131634626188400161e-01,4.132352746371623642e-01,-6.139529597920651909e-06,-5.578027031640865244e-06,7.580530575096736397e-06,1.000002252617497867e+00
7.540009816676396942e-03,-4.131562369624674491e-01,-4.131542650208818723e-01,1.000009418924277638e+00,-4.131700276303802433e-01,2.000010764484808412e+00,-4.131700384224904488e-01,4.132374184450368082e-01,-1.382754526534073038e-05,-9.756198607093471357e-06,1.311920261978090929e-05,1.000005382242404206e+00
7.550295625762925254e-03,-4.131562290602597276e-01,-4.131509088191588353e-01,1.000009786673493162e+00,-4.131564366169190872e-01,2.000011184769622918e+00,-4.131560823289407436e-01,4.132335165901403484e-01,-1.563044847432422364e-05,-1.050823704941204983e-05,1.606659747753860676e-05,1.000005592384811459e+00
7.560399815709164043e-03,-4.131562212975825044e-01,-4.131612249430030581e-01,1.000004089098725402e+00,-4.131625384107248666e-01,2.000004673255651344e+00,-4.131624443977071071e-01,4.132445910798833721e-01,-6.342999558551541711e-08,-1.899179951633889994e-06,1.971249293315402726e-06,1.000002336627825672e+00
7.570080713672953064e-03,-4.131562138601043155e-01,-4.131610709043647134e-01,1.000000058678324422e+00,-4.131679333310570579e-01,2.000000067060942133e+00,-4.131695510176752184e-01,4.132435892171330005e-01,-1.767594752759398965e-06,-3.942042392424768549e-06,4.702606436897094854e-06,1.000000033530470844e+00
7.580277269987293655e-03,-4.131562060264620806e-01,-4.131586248702960318e-01,1.000002098860274913e+00,-4.131557631447271839e-01,2.000002398697439343e+00,-4.131544114534615453e-01,4.132410037602944897e-01,-4.976828956506245277e-06,-1.994444025240902788e-06,4.975438856359122662e-06,1.000001199348719672e+00
7.592547187699732331e-03,-4.131561965999328567e-01,-4.131567352196114928e-01,1.000005204050974150e+00,-4.131565453806848032e-01,2.000005947486783509e+00,-4.131577500074796738e-01,4.132397888201185254e-01,-1.464995356844772472e-06,-3.129864809573372719e-06,3.664525457603317153e-06,1.000002973743391532e+00
7.604325909119713858e-03,-4.131561875507756554e-01,-4.131576557447683706e-01,1.000002108524379985e+00,-4.131642575174663268e-01,2.000002409742130283e+00,-4.131628515996488837e-01,4.132393872683251534e-01,-5.954806523251646908e-07,-4.067735139173262836e-06,4.209669852680738378e-06,1.000001204871065141e+00
7.614145239961485692e-03,-4.131561800069450952e-01,-4.131530732146971308e-01,1.000009131181543554e+00,-4.131583131900427586e-01,2.000010435635971806e+00,-4.131585447082252172e-01,4.132361607561679806e-01,-5.460193811238951739e-06,-6.512615003410181229e-06,5.594477501200498614e-06,1.000005217817985903e+00
7.621731916560820809e-03,-4.131561741783812969e-01,-4.131560356340371332e-01,1.000006760177261311e+00,-4.131547114210767369e-01,2.000007725916812085e+00,-4.131531187311321962e-01,4.132385592269444685e-01,1.775346416447547852e-06,2.823565737699635310e-06,2.765965558664442784e-06,1.000003862958406042e+00
7.630815622915062407e-03,-4.131561671997028284e-01,-4.131541562320640848e-01,1.000007044695079728e+00,-4.131503141389889500e-01,2.000008051080030658e+00,-4.131508887935240182e-01,4.132368037473483913e-01,-1.663659620717597281e-08,-6.710514146339612592e-06,7.536900873152848672e-06,1.000004025540015551e+00
7.644719976854309589e-03,-4.131561565175008721e-01,-4.131547100084872470e-01,1.000006256878602340e+00,-4.131654220391848265e-01,2.000007150718349447e+00,-4.131653145432144791e-01,4.132369611607306648e-01,-1.050237600718912331e-05,-8.284906577064862085e-06,1.104949426320207822e-05,1.000003575359174723e+00
7.660001030699108669e-03,-4.131561447776307960e-01,-4.131510085976354829e-01,1.000010568017020818e+00,-4.131634227574604301e-01,2.000012077733647864e+00,-4.131632254200732213e-01,4.132334958367178124e-01,-1.068557439590937817e-05,-1.261512670579795874e-05,1.282839933978100006e-05,1.000006038866823932e+00
7.670218317609900534e-03,-4.131561369280661866e-01,-4.131518342966710722e-01,1.000010564647688449e+00,-4.131649524080243108e-01,2.000012073882982300e+00,-4.131652467439471121e-01,4.132346554092847235e-01,-1.358019205191108228e-05,-1.256042790453289262e-05,1.360575724153455872e-05,1.000006036941491372e+00
7.680906715906222690e-03,-4.131561287165629315e-01,-4.131571209367810305e-01,1.000006280538533687e+00,-4.131622832948704249e-01,2.000007177758271304e+00,-4.131624617034050373e-01,4.132399255522516412e-01,-6.696039431799594362e-06,-1.341023862399697300e-05,1.287498369293192439e-05,1.000003588879135430e+00
7.691697921127245603e-03,-4.131561204260781328e-01,-4.131561291253219581e-01,1.000004980779136687e+00,-4.131661893044989986e-01,2.000005692318970851e+00,-4.131659961406368708e-01,4.132383190986209653e-01,-3.599197528669265423e-06,-8.820822830354636937e-06,9.126803046264180946e-06,1.000002846159485426e+00
7.702588833582041730e-03,-4.131561120589902214e-01,-4.131536702045687792e-01,1.000009307278036941e+00,-4.131695707036158738e-01,2.000010636889105964e+00,-4.131706098325909626e-01,4.132375286528358060e-01,-1.586149094267986682e-05,-1.445232383801043372e-05,1.506619746012114133e-05,1.000005318444552760e+00
7.712066205585372571e-03,-4.131561047778753992e-01,-4.131626982318007402e-01,9.999997884258133851e-01,-4.131636099818412067e-01,1.999999758200931455e+00,-4.131605659401881292e-01,4.132439110083084288e-01,2.931237568405161588e-06,-1.274957460580784367e-06,4.045681069433476642e-06,9.999998791004657273e-01
7.722059441700474675e-03,-4.131560971004414329e-01,-4.131477243160797119e-01,1.000010931894909305e+00,-4.131491039615291516e-01,2.000012493594089502e+00,-4.131502121564410990e-01,4.132306219624237165e-01,-7.493378414770837205e-06,-1.276625312550753808e-05,1.413502014478585472e-05,1.000006246797044529e+00
7.735794745364378555e-03,-4.131560865481175848e-01,-4.131579787482170807e-01,1.000007390402597895e+00,-4.131592806934508144e-01,2.000008446174334598e+00,-4.131590772661264954e-01,4.132417446955412021e-01,-2.713914995124409917e-06,-5.858007641035581044e-06,4.273633772765973745e-06,1.000004223087167299e+00
7.746813769488424331e-03,-4.131560780826086243e-01,-4.131548457864578916e-01,1.000002208754967814e+00,-4.131588660559482595e-01,2.000002524291372819e+00,-4.131600042941369622e-01,4.132359245560388028e-01,1.279790199475174400e-06,2.346887311336222694e-06,1.117686565353107262e-06,1.000001262145686409e+00
7.753057166813854227e-03,-4.131560732860358742e-01,-4.131497360666343543e-01,1.000011042979899845e+00,-4.131659840745018353e-01,2.000012620548362818e+00,-4.131663639838425439e-01,4.132328929542147256e-01,-1.050486507639171202e-05,-9.101234959053733725e-06,1.132322029635390921e-05,1.000006310274181409e+00
7.761638192788164296e-03,-4.131560666935507053e-01,-4.131546259633673279e-01,1.000009007457027810e+00,-4.131615741206917103e-01,2.000010294236526320e+00,-4.131619689763209036e-01,4.132374919077397291e-01,-8.573204598975649272e-06,-1.531989829855271698e-05,1.416191813266565102e-05,1.000005147118263160e+00
7.772127231710796585e-03,-4.131560586352056585e-01,-4.131568656961979724e-01,1.000005983460549475e+00,-4.131609633054428299e-01,2.000006838240577345e+00,-4.131599269645843675e-01,4.132401147946240250e-01,2.394780847784946712e-06,-3.109152220682263570e-06,2.905305537182685549e-06,1.000003419120288450e+00
7.785385578877667724e-03,-4.131560484493067009e-01,-4.131593187319865246e-01,1.000000235581972374e+00,-4.131479916159034871e-01,2.000000269236537953e+00,-4.131466394796075026e-01,4.132411524662045199e-01,8.316416301244827523e-06,4.197731146264906765e-06,7.961702522162958107e-06,1.000000134618268977e+00
7.795839320905361032e-03,-4.131560404180822932e-01,-4.131539350460962101e-01,1.000007071016559834e+00,-4.131513485553028886e-01,2.000008081161722018e+00,-4.131525615211731894e-01,4.132363831220481898e-01,-4.974487627059355501e-06,-9.708790620332065263e-06,1.118637091967173124e-05,1.000004040580861009e+00
7.805482939981738151e-03,-4.131560330092428068e-01,-4.131557022933345369e-01,1.000007786447652647e+00,-4.131629817615786182e-01,2.000008898797251522e+00,-4.131638509660258141e-01,4.132389324071352732e-01,-1.167296520816606238e-05,-1.236512000015958536e-05,1.116542278797894354e-05,1.000004449398625539e+00
7.815967961945030629e-03,-4.131560249539858454e-01,-4.131555052039635467e-01,1.000004338988063513e+00,-4.131592503633580438e-01,2.000004958843464298e+00,-4.131588310735620495e-01,4.132374324513420905e-01,-5.016101467257997400e-06,-5.356928118508781399e-06,5.991320085505692687e-06,1.000002479421732149e+00
7.827642387328866136e-03,-4.131560159849539948e-01,-4.131542804840751537e-01,1.000008671609467825e+00,-4.131619837388891825e-01,2.000009910410746716e+00,-4.131620564218946856e-01,4.132372615516102798e-01,-1.047731422563925902e-05,-6.812910384356553438e-06,9.970989800920121058e-06,1.000004955205373358e+00
7.838735751770086607e-03,-4.131560074623289447e-01,-4.131553830037401620e-01,1.000006416998442171e+00,-4.131627333053118356e-01,2.000007333712450652e+00,-4.131632431926846594e-01,4.132380045216956233e-01,-3.993378074930938909e-07,-4.769405737665072884e-06,5.101346813910535917e-06,1.000003666856225326e+00
7.849072881567338567e-03,-4.131559995206921521e-01,-4.131528888530162646e-01,1.000008023427533477e+00,-4.131455348887961287e-01,2.000009169631398631e+00,-4.131426006286307850e-01,4.132352131980904786e-01,9.680249254636111821e-06,7.618425120765160906e-07,1.074925178732555739e-05,1.000004584815699316e+00
7.854134122711929622e-03,-4.131559956323231364e-01,-4.131536554546380580e-01,1.000009007433037223e+00,-4.131452478916463056e-01,2.000010294209108697e+00,-4.131470724160125618e-01,4.132367035918051434e-01,5.653948642430060900e-06,-9.705516262612268015e-07,3.518296390337820542e-06,1.000005147104554348e+00
7.863105825043169642e-03,-4.131559887396928921e-01,-4.131564114221015771e-01,1.000005882758933540e+00,-4.131636586401576938e-01,2.000006723153016974e+00,-4.131643736313798665e-01,4.132389910388528098e-01,-7.839672694329651598e-06,-3.663690614470683301e-06,7.870297165765540375e-06,1.000003361576508487e+00
7.875401435335275396e-03,-4.131559792934286213e-01,-4.131556427811308163e-01,1.000005971840211894e+00,-4.131611877483413187e-01,2.000006824960191221e+00,-4.131602629764039580e-01,4.132382269468125036e-01,-5.601306164851432406e-06,-2.390890454102926517e-06,4.791136907248791268e-06,1.000003412480095610e+00
7.883847250752943833e-03,-4.131559728048143088e-01,-4.131556616134746673e-01,1.000006301607287984e+00,-4.131564982599423841e-01,2.000007201836846438e+00,-4.131575033117169116e-01,4.132383873562864296e-01,-3.051296213208828813e-06,-5.112199509656439274e-06,6.674146268407945354e-06,1.000003600918423441e+00
7.892953239022920675e-03,-4.131559658090170339e-01,-4.131550699287805384e-01,1.000005788274890062e+00,-4.131664284369112594e-01,2.000006615171253443e+00,-4.131658881828788044e-01,4.132370998931136907e-01,-1.136531119975058884e-05,-1.506685726392445196e-05,1.477999120863746707e-05,1.000003307585626722e+00
7.902121943481998922e-03,-4.131559587650374121e-01,-4.131516114792843086e-01,1.000010453315492098e+00,-4.131570010989250030e-01,2.000011946646187866e+00,-4.131584120851324871e-01,4.132352797066924377e-01,-8.546502513103759361e-06,-1.611612979598701058e-05,1.682407736254647033e-05,1.000005973323093933e+00
7.911489423020759762e-03,-4.131559515683480566e-01,-4.131618546528278979e-01,1.000002576975120183e+00,-4.131761308236420738e-01,2.000002945114401243e+00,-4.131767243952693125e-01,4.132442507997671766e-01,-1.378343276510941822e-05,-1.301716721345103322e-05,1.301428578459464101e-05,1.000001472557200621e+00
7.922587941926377206e-03,-4.131559430417652279e-01,-4.131574294024492611e-01,1.000004293672560385e+00,-4.131695987032482087e-01,2.000004907054317993e+00,-4.131708199527949765e-01,4.132408375942127621e-01,-1.220112776979949004e-05,-1.262812482170374588e-05,1.281250925491747014e-05,1.000002453527158996e+00
7.937655160456040873e-03,-4.131559314661807369e-01,-4.131616048732463242e-01,9.999983204679787629e-01,-4.131647976669331479e-01,1.999998080534847178e+00,-4.131634732061114645e-01,4.132437546294840947e-01,-1.297439801519101517e-06,-4.645020625867878597e-06,4.881653927712097679e-06,9.999990402674235890e-01
7.949380559576633976e-03,-4.131559224579882117e-01,-4.131576609272664680e-01,1.000003025931087697e+00,-4.131658151012355673e-01,2.000003458206931928e+00,-4.131660844583247005e-01,4.132400145923437185e-01,-2.313585905772056318e-06,-1.392139731014875170e-07,2.180410554248061935e-06,1.000001729103465742e+00
7.953929965318674161e-03,-4.131559189628455364e-01,-4.131550989126794304e-01,1.000004716732383336e+00,-4.131631131735454265e-01,2.000005390551255147e+00,-4.131622774943538023e-01,4.132370205718256528e-01,-2.390636066022319948e-06,-8.150541315287739618e-07,2.846068781992979152e-06,1.000002695275627573e+00
7.969439029671437219e-03,-4.131559070478047491e-01,-4.131499990114343990e-01,1.000012103357521331e+00,-4.131616730386930558e-01,2.000013832408492842e+00,-4.131614959353305250e-01,4.132326250435292558e-01,-6.612132083708480587e-06,-7.610345300297322336e-06,7.346048411574381524e-06,1.000006916204246421e+00
7.974443936385793019e-03,-4.131569483164806433e-01,-4.131536953718767946e-01,1.000011004524644642e+00,-4.131642451936296534e-01,2.000012576599499603e+00,-4.131655578955013008e-01,4.132373690777009778e-01,-6.497475080330652299e-06,-9.516459998425484359e-06,9.916617720740408403e-06,1.000006288299750024e+00
7.982461348370795476e-03,-4.131583887090102269e-01,-4.131597191694122984e-01,1.000003338708382206e+00,-4.131694054437016206e-01,2.000003815666694162e+00,-4.131678573168806601e-01,4.132420692260991846e-01,-4.408489049326614842e-06,-6.479485289830679141e-06,4.680521743724283589e-06,1.000001907833347081e+00
7.990854239879783064e-03,-4.131594446228228357e-01,-4.131565756122905775e-01,1.000003975670609391e+00,-4.131520689144610459e-01,2.000004543623520092e+00,-4.131515789657468907e-01,4.132393978404728108e-01,3.178188932147843245e-06,2.838573930099353472e-06,3.099738688959432413e-06,1.000002271811759824e+00
8.000040697747972177e-03,-4.131602341428963765e-01,-4.131620272033523222e-01,1.000001553330352122e+00,-4.131710842257043104e-01,2.000001775234674817e+00,-4.131732536259275501e-01,4.132452548670748627e-01,-6.037205429878039100e-06,-1.739492245428064576e-06,6.743871313184577315e-06,1.000000887617337408e+00
8.010001799665805028e-03,-4.131607993931005751e-01,-4.131607089109118891e-01,1.000000026432933842e+00,-4.131635298620049412e-01,2.000000030209066804e+00,-4.131626011483344740e-01,4.132431181131215880e-01,-3.863660042941026138e-06,-6.637575475201808841e-06,7.524673373183771428e-06,1.000000015104533402e+00
8.020137584364083264e-03,-4.131611710633418810e-01,-4.131631055322872448e-01,9.999991921911441928e-01,-4.131692829811575152e-01,1.999999076789885866e+00,-4.131698529075457094e-01,4.132459772556452138e-01,-8.575769541523445673e-06,-5.543454893539710878e-06,8.654137683140218973e-06,9.999995383949429328e-01
8.030595544417479595e-03,-4.131614162564704595e-01,-4.131629233300323500e-01,9.999982634871045217e-01,-4.131675089265861023e-01,1.999998015413848584e+00,-4.131669568408600224e-01,4.132455462735142859e-01,-6.047229969444749227e-08,1.531480104401261219e-06,1.588639988319467713e-06,9.999990077069242922e-01
8.040591615971082878e-03,-4.131615663670190064e-01,-4.131631258513553395e-01,9.999981985204196011e-01,-4.131658414395454337e-01,1.999997941166208992e+00,-4.131655342685094379e-01,4.132454369060513111e-01,9.883198082342143409e-07,-3.123291082501124456e-06,2.918052644320645821e-06,9.999989705831046072e-01
8.050068942534184882e-03,-4.131616594764446204e-01,-4.131563275135585744e-01,1.000002774547744888e+00,-4.131509332571048354e-01,2.000003170911685224e+00,-4.131493815415677173e-01,4.132382036461613173e-01,4.154229570117688748e-06,2.634009818268772383e-06,4.333629258501729315e-06,1.000001585455842390e+00
8.058051242415372600e-03,-4.131617130089177969e-01,-4.131513260982035418e-01,1.000008595501680864e+00,-4.131535917839526117e-01,2.000009823430418887e+00,-4.131546209235356648e-01,4.132333471789874646e-01,-2.874231765276738236e-06,-8.767266798831217943e-06,1.036659282764173875e-05,1.000004911715209444e+00
8.067325059053109815e-03,-4.131617558119652922e-01,-4.131544664809369549e-01,1.000009881608028728e+00,-4.131585416500884178e-01,2.000011293266234169e+00,-4.131580517548891773e-01,4.132378763885548589e-01,-4.043450096540961553e-06,-7.912792081599904562e-06,6.446363695823371860e-06,1.000005646633117085e+00
8.073930633045879601e-03,-4.131617773189886766e-01,-4.131605996493848965e-01,1.000004390379499730e+00,-4.131565545131615780e-01,2.000005017576533373e+00,-4.131574665357206633e-01,4.132443383298645134e-01,1.903543525587795641e-06,-2.005925890875765400e-06,1.898295281810060627e-06,1.000002508788266686e+00
8.083129146029653309e-03,-4.131617986180010638e-01,-4.131685220993710494e-01,9.999943347586713882e-01,-4.131642902683295704e-01,1.999993525438529929e+00,-4.131635553294549235e-01,4.132512534289005113e-01,3.603229790137287879e-06,2.858182248682562009e-06,4.893130752093124877e-06,9.999967627192649644e-01
8.093543387809497974e-03,-4.131618143757661010e-01,-4.131684542206804922e-01,9.999921747962622343e-01,-4.131570359600544862e-01,1.999991056910080722e+00,-4.131571379417280365e-01,4.132508948748417343e-01,1.203343322289704800e-05,8.762106388590979356e-06,1.210420076639052508e-05,9.999955284550403611e-01
8.110074827376811263e-03,-4.131618284514271267e-01,-4.131718714629522560e-01,9.999907654836325266e-01,-4.131665452668698002e-01,1.999989446267087079e+00,-4.131669385276082185e-01,4.132548999096717912e-01,1.138963308283816421e-05,7.545031889221724137e-06,1.180734121536966352e-05,9.999947231335436504e-01
8.120356777523762837e-03,-4.131618332558937290e-01,-4.131584405550384753e-01,9.999980674758919275e-01,-4.131623325160520555e-01,1.999997791401035840e+00,-4.131626946180614879e-01,4.132399225622567784e-01,5.160840993052370926e-06,3.379333163097095921e-06,3.815262426935507648e-06,9.999988957005179202e-01
8.130303110869830860e-03,-4.131618362336757500e-01,-4.131542606563030628e-01,1.000006423468092098e+00,-4.131672924581494821e-01,2.000007341106336600e+00,-4.131670888257866769e-01,4.132366946232128857e-01,1.814924872992771629e-07,-6.954790365836193873e-06,7.147244421090375065e-06,1.000003670553168078e+00
8.140131799446028577e-03,-4.131618381334961065e-01,-4.131559351796552648e-01,1.000006569184439753e+00,-4.131604716341068517e-01,2.000007507639303128e+00,-4.131594303732281093e-01,4.132388900588351288e-01,1.711178723685194412e-06,3.269994444267787979e-06,4.343921018417822549e-06,1.000003753819651786e+00
8.145399107887323423e-03,-4.131618388566418720e-01,-4.131610553374389649e-01,1.000003827794919253e+00,-4.131632550375867186e-01,2.000004374622732506e+00,-4.131647776491992330e-01,4.132448064900142159e-01,9.998141855788197971e-07,-1.253781355150709806e-07,8.635747021356695911e-07,1.000002187311366253e+00
8.152303954415020606e-03,-4.131618395787616804e-01,-4.131661978105104494e-01,9.999964044777451821e-01,-4.131709653601735033e-01,1.999995890831739453e+00,-4.131703725885754741e-01,4.132482817864098212e-01,3.379564959655947242e-07,-2.433113520141114701e-07,1.397214897500739493e-06,9.999979454158697267e-01
8.160956995283928650e-03,-4.131618402151981395e-01,-4.131604661796540179e-01,9.999989339263218868e-01,-4.131591503149209532e-01,1.999998781630091260e+00,-4.131582250211804364e-01,4.132431567527070082e-01,6.697345773252665845e-06,5.971057074286267729e-06,6.321987547416638171e-06,9.999993908150456301e-01
8.170340914083456391e-03,-4.131618406694468337e-01,-4.131651271451700635e-01,9.999979397500948775e-01,-4.131609340336396263e-01,1.999997645428697624e+00,-4.131613131627546731e-01,4.132481612023024553e-01,1.330427069509833199e-06,6.684544982749695336e-06,7.144430312443805028e-06,9.999988227143488118e-01
8.183973439756648399e-03,-4.131618410507310601e-01,-4.131631294379182751e-01,9.999960875616811240e-01,-4.131618709099755815e-01,1.999995528641954401e+00,-4.131599426038735645e-01,4.132448828793139906e-01,6.021514651748405029e-06,4.919224085104441142e-06,6.028687931431558978e-06,9.999977643209772005e-01
8.193624867622600547e-03,-4.131618411962523774e-01,-4.131565213657825697e-01,1.000003766778325476e+00,-4.131549713272292812e-01,2.000004304889482665e+00,-4.131570434207385012e-01,4.132389993154333419e-01,-2.041080267529238811e-06,-5.762361525328886129e-06,6.942283783633973399e-06,1.000002152444741332e+00
8.204137107996048103e-03,-4.131618412832638865e-01,-4.131541948219349392e-01,1.000006512744910259e+00,-4.131680561601860369e-01,2.000007443136984531e+00,-4.131670142689775060e-01,4.132364095387278113e-01,-1.273757437348972727e-05,-1.248142420815861558e-05,1.273306344618241518e-05,1.000003721568492265e+00
8.214582282484918924e-03,-4.131618413222816755e-01,-4.131564021475947479e-01,1.000008774051980298e+00,-4.131695278364557744e-01,2.000010027487902686e+00,-4.131724190137717190e-01,4.132404304214854496e-01,-1.414111345802332678e-05,-1.369230265009906585e-05,1.455446078048885466e-05,1.000005013743951343e+00
8.223116521309773927e-03,-4.131618413313349891e-01,-4.131654143299963167e-01,9.999980384094017127e-01,-4.131795999725219604e-01,1.999997758182189944e+00,-4.131771208177943966e-01,4.132481138186950842e-01,-7.176896764081750926e-06,-8.919744094393826896e-07,5.105313052184894984e-06,9.999988790910950831e-01
8.240000938565869917e-03,-4.131618413128742562e-01,-4.131650575473657105e-01,9.999959706783997371e-01,-4.131580933488012697e-01,1.999995395061062498e+00,-4.131578522105313067e-01,4.132476396573029342e-01,1.091139794071369893e-05,8.275066866197284624e-06,1.163053784092617622e-05,9.999976975305312488e-01
8.250106124485503609e-03,-4.131618412879533020e-01,-4.131575022349723847e-01,1.000001324345440645e+00,-4.131575246384815991e-01,2.000001513537635667e+00,-4.131576485078994887e-01,4.132395034313202653e-01,7.075389284684053366e-06,1.036810285046281272e-05,1.002664239601757584e-05,1.000000756768817611e+00
8.256595119564632754e-03,-4.131618412686373087e-01,-4.131629727924773787e-01,1.000001711535975391e+00,-4.131590535420394117e-01,2.000001956041100204e+00,-4.131595156293830229e-01,4.132467137558459847e-01,-5.633102854078467954e-07,1.171431628933169505e-06,1.440483337295354486e-06,1.000000978020550102e+00
8.262640013267954359e-03,-4.131618412489775349e-01,-4.131668658085365098e-01,9.999955210543768347e-01,-4.131601072177868983e-01,1.999994881205040320e+00,-4.131595852945095237e-01,4.132490797104628188e-01,3.774209629860307326e-07,1.190444329106211411e-06,2.347507388747313965e-06,9.999974406025201601e-01
8.271091971813500712e-03,-4.131618412194948964e-01,-4.131624746603466680e-01,9.999970667777979827e-01,-4.131510688447143087e-01,1.999996647746079992e+00,-4.131498220168644542e-01,4.132446147108251311e-01,1.334962599164572032e-05,4.382914624066485841e-06,1.319358619218908578e-05,9.999983238730399959e-01
8.281579103911494710e-03,-4.131618411806466384e-01,-4.131586623921964518e-01,1.000002420952597948e+00,-4.131473476553259583e-01,2.000002766802948084e+00,-4.131483472865107864e-01,4.132419772886044007e-01,4.753457788089977000e-06,1.490438337168840348e-06,4.003903654742015923e-06,1.000001383401474042e+00
8.291601123583836747e-03,-4.131618411419786252e-01,-4.131672519344445349e-01,9.999962897833943876e-01,-4.131619935282155875e-01,1.999995759752482005e+00,-4.131633481543103836e-01,4.132499181764246465e-01,2.370705484391637973e-06,1.549607768566789946e-06,2.624388517166439410e-06,9.999978798762411136e-01
8.302216174694766748e-03,-4.131618410999747248e-01,-4.131658961116003170e-01,9.999951015529856546e-01,-4.131733616682087273e-01,1.999994401774882302e+00,-4.131730061919206554e-01,4.132487234566148415e-01,1.457238495469538723e-06,3.827069137834076225e-06,3.857687798347819179e-06,9.999972008874411511e-01
8.314966383724968491e-03,-4.131618410486405657e-01,-4.131672119532341925e-01,9.999934745526991575e-01,-4.131656164841549517e-01,1.999992542345997659e+00,-4.131657704803328723e-01,4.132496550782970290e-01,5.157084322413539929e-06,8.791274417630926739e-06,9.278728211960233547e-06,9.999962711729987186e-01
8.323377355126140159e-03,-4.131618410144434206e-01,-4.131661742004168469e-01,9.999947815207663737e-01,-4.131651766332244957e-01,1.999994036023777344e+00,-4.131638912660949847e-01,4.132488483834578230e-01,6.007324362524621849e-06,1.046609194061606785e-05,1.034002187801426155e-05,9.999970180118887830e-01
8.334734589124932758e-03,-4.131618409680067883e-01,-4.131641960165389760e-01,9.999953880703957854e-01,-4.131544237803232988e-01,1.999994729223348644e+00,-4.131552724037353963e-01,4.132462084424440296e-01,1.276456145924993380e-05,7.872958036502965279e-06,1.128849406804997376e-05,9.999973646116743220e-01
8.346354722357772829e-03,-4.131618409203003939e-01,-4.131676696771459656e-01,9.999975587839697866e-01,-4.131718246025717911e-01,1.999997210038843454e+00,-4.131729396981317914e-01,4.132516796269223858e-01,1.332837262574951178e-06,4.831085707953690630e-06,6.269322975521456634e-06,9.999986050194217269e-01
8.357452007470718078e-03,-4.131618408746294824e-01,-4.131673968171595268e-01,9.999904333526732358e-01,-4.131643474037019481e-01,1.999989066688850903e+00,-4.131635919274489477e-01,4.132489967523540475e-01,9.049711476134322124e-06,1.335752396972300322e-05,1.236114905386867302e-05,9.999945333444254514e-01
8.370010699999999582e-03,-4.131618408228649453e-01,-4.131669145183637371e-01,9.999953654834696781e-01,-4.131631479243716987e-01,1.999994703409719188e+00,-4.131626284116161063e-01,4.132498933277485298e-01,-2.442398511974952609e-06,3.723142797591143983e-06,3.714723457361542938e-06,9.999973517048595939e-01
8.372739202124255403e-03,-4.131672977059568375e-01,-4.131715726755666451e-01,9.999930347370907802e-01,-4.131669848904133135e-01,1.999992039699591606e+00,-4.131676010631246676e-01,4.132541892361167868e-01,-9.885015300335685331e-07,4.135660895556801535e-06,4.556741692298849286e-06,9.999960198497958030e-01
8.381171960810578428e-03,-4.131672912273750553e-01,-4.131685447072995232e-01,9.999911730635322460e-01,-4.131637876926808617e-01,1.999989912072683618e+00,-4.131641942449786886e-01,4.132509822739796612e-01,5.029850755255944654e-06,3.153523051081519126e-06,4.777732817247076912e-06,9.999949560363418088e-01
8.392957287483463619e-03,-4.131672821731382506e-01,-4.131682900473405140e-01,9.999932206730568485e-01,-4.131717276050224097e-01,1.999992252197837050e+00,-4.131714399584441866e-01,4.132512765477326377e-01,4.420142064640360669e-06,2.044628429266313913e-06,5.251039169811890707e-06,9.999961260989185252e-01
8.404586023604167580e-03,-4.131672732392055458e-01,-4.131690148689408093e-01,9.999905550612482319e-01,-4.131583770990976956e-01,1.999989205784364454e+00,-4.131567616214238403e-01,4.132510246965553358e-01,1.684037732997503315e-05,1.169003055795939153e-05,1.708289561911377754e-05,9.999946028921821162e-01
8.414616474977496333e-03,-4.131672655331739552e-01,-4.131685759385868573e-01,9.999945647174638408e-01,-4.131556362526180304e-01,1.999993788248576321e+00,-4.131572196946625142e-01,4.132521896095969205e-01,9.919391672850097217e-06,6.727860056508230295e-06,8.757079743302333458e-06,9.999968941242882714e-01
8.422387828087898529e-03,-4.131672595627273181e-01,-4.131735136071921222e-01,9.999880326550258935e-01,-4.131621290148349557e-01,1.999986323034417257e+00,-4.131614624567693794e-01,4.132554340022046024e-01,8.716991768783654057e-06,1.184356562610443919e-05,1.224631619341552021e-05,9.999931615172086286e-01
8.431569612204885614e-03,-4.131672525086975134e-01,-4.131663037963998475e-01,9.999924908942284807e-01,-4.131570016774361864e-01,1.999991418164896340e+00,-4.131570164352669217e-01,4.132488246400973231e-01,9.905057951183515486e-06,6.061207308496509034e-06,9.025545975123463351e-06,9.999957090824482808e-01
8.444250871385238638e-03,-4.131672427661501890e-01,-4.131677261933606182e-01,9.999939911006314741e-01,-4.131579827470026611e-01,1.999993132686487263e+00,-4.131587908900010708e-01,4.132505939767431302e-01,5.933212757343838424e-06,6.266420017211614163e-06,6.194202955267502902e-06,9.999965663432435203e-01
8.458192830834602299e-03,-4.131672320550506816e-01,-4.131709863525751536e-01,9.999906535675020525e-01,-4.131612366300226324e-01,1.999989318362938917e+00,-4.131606093109387867e-01,4.132538523907625105e-01,7.058344969687777841e-06,1.249632555696110294e-05,1.338263520486909117e-05,9.999946591814694585e-01
8.470534890056231891e-03,-4.131672225730967374e-01,-4.131729274578032629e-01,9.999882139002843617e-01,-4.131502609287319716e-01,1.999986530171853794e+00,-4.131491943768089703e-01,4.132554927204812878e-01,2.242284151099038975e-05,1.729532983823045845e-05,2.324614704450228043e-05,9.999932650859268968e-01
8.481002546447430346e-03,-4.131672145311774957e-01,-4.131690053091700565e-01,9.999902936447790935e-01,-4.131487217658613709e-01,1.999988907022687501e+00,-4.131490576149532967e-01,4.132506294884125686e-01,1.654434638556386746e-05,9.055924240935477406e-06,1.553052913729329270e-05,9.999944535113436395e-01
8.490694540489935813e-03,-4.131672070851726275e-01,-4.131565195260902823e-01,1.000000960667248640e+00,-4.131463126316933798e-01,2.000001097905418579e+00,-4.131466411747384826e-01,4.132391436674288099e-01,7.159529910743469715e-06,3.744157678708147581e-06,5.564356685652801447e-06,1.000000548952709511e+00
8.499856677782378911e-03,-4.131672000462369709e-01,-4.131676295754244665e-01,9.999980754774842051e-01,-4.131662882658858615e-01,1.999997800545712634e+00,-4.131677686063862098e-01,4.132516249894310212e-01,-4.645129096952712471e-06,7.504802504549909882e-08,4.755891325946569742e-06,9.999989002728563170e-01
8.504548664275116479e-03,-4.131671964415500886e-01,-4.131654864953118733e-01,9.999940770473366713e-01,-4.131642309960282256e-01,1.999993230911292441e+00,-4.131624813243804928e-01,4.132471092996422013e-01,1.773143154450982007e-06,3.012313873222725804e-06,3.203850808343891782e-06,9.999966154556462206e-01
8.512065128628945251e-03,-4.131671906669256988e-01,-4.131595498744267680e-01,1.000000135887378461e+00,-4.131571772230702710e-01,2.000000155299860083e+00,-4.131572497101324570e-01,4.132424810273281346e-01,3.397539772628714799e-06,-3.470430937208537121e-06,4.307491679051661217e-06,1.000000077649930041e+00
8.523762534594078039e-03,-4.131671816802364172e-01,-4.131627595948179632e-01,9.999983763130371184e-01,-4.131584981932642786e-01,1.999998144357770569e+00,-4.131583945259209578e-01,4.132450571059270716e-01,1.306587034490978085e-06,-1.290215524610438577e-06,1.657719080540588492e-06,9.999990721788852843e-01
8.536652316312818428e-03,-4.131671717774884067e-01,-4.131611297481899148e-01,1.000000748884359192e+00,-4.131642185261465428e-01,2.000000855867832605e+00,-4.131651111774505281e-01,4.132439232140244223e-01,-3.828012884143556167e-06,1.330116472174973517e-07,4.537807479596790312e-06,1.000000427933916303e+00
8.544332684561258343e-03,-4.131671658769395239e-01,-4.131607102681870147e-01,1.000000056941572346e+00,-4.131626285333642179e-01,2.000000065076082301e+00,-4.131606746819114773e-01,4.132430139956491111e-01,-1.642065052188745182e-06,2.892601238148233828e-06,3.125180678730403453e-06,1.000000032538041150e+00
8.553394943226462835e-03,-4.131671589147340451e-01,-4.131589836888386880e-01,1.000002536856052116e+00,-4.131524589639009037e-01,2.000002899264038181e+00,-4.131541017108178449e-01,4.132417986949813993e-01,3.173902008424573032e-06,1.048678872168689816e-06,1.939641453211492215e-06,1.000001449632019090e+00
8.565169027613044744e-03,-4.131671498691348865e-01,-4.131653739854939666e-01,9.999993006370588855e-01,-4.131725432325135117e-01,1.999999200728073134e+00,-4.131738970041626824e-01,4.132491706139797549e-01,-8.664995736321071053e-06,-5.909167878491647408e-06,9.294020272935437914e-06,9.999996003640365672e-01
8.572329171829611363e-03,-4.131671443682561895e-01,-4.131707961099154724e-01,9.999913697637570209e-01,-4.131786277224947512e-01,1.999990136872938917e+00,-4.131779212062379747e-01,4.132527373441809426e-01,-9.164706705740442082e-06,-2.842821768114064735e-06,7.932686793349023457e-06,9.999950684364693476e-01
8.580353108134607804e-03,-4.131671382037588880e-01,-4.131638768746807022e-01,9.999943795371025734e-01,-4.131665180098287871e-01,1.999993576613879442e+00,-4.131653154885142620e-01,4.132458792998001673e-01,-1.537521688270155866e-06,7.713610465269520261e-06,8.029619348096413150e-06,9.999967883069397212e-01
8.590043631731728024e-03,-4.131671307588827280e-01,-4.131631648258766720e-01,9.999980985306697878e-01,-4.131523315466684165e-01,1.999997826892210284e+00,-4.131506551290567986e-01,4.132458405701588400e-01,9.893679291329478219e-06,7.007040620230199377e-06,1.132361447970690913e-05,9.999989134461051421e-01
8.596969502492985901e-03,-4.131671254379841174e-01,-4.131704658332316371e-01,9.999944039080477243e-01,-4.131684708455700128e-01,1.999993604466387964e+00,-4.131719170521495621e-01,4.132543233795566429e-01,3.603445099557168849e-06,4.298972561660192448e-06,4.328480680414906751e-06,9.999968022331939821e-01
8.602968405760505824e-03,-4.131671208292435615e-01,-4.131745518952467111e-01,9.999874395540166994e-01,-4.131804625041311518e-01,1.999985645204697571e+00,-4.131791864176589391e-01,4.132568806455979016e-01,3.571459284109519801e-06,9.198327422180526688e-06,1.100543956771700553e-05,9.999928226023487854e-01
8.611861784604237652e-03,-4.131671139967840745e-01,-4.131708718824782522e-01,9.999883261455050354e-01,-4.131642687736326591e-01,1.999986658452105326e+00,-4.131619997106064091e-01,4.132528641940416136e-01,1.574987408393056212e-05,1.772120109400558851e-05,1.787949829334826028e-05,9.999933292260526629e-01
8.623671650110395492e-03,-4.131671049236962379e-01,-4.131660929061127807e-01,9.999953664889849048e-01,-4.131469566965685347e-01,1.999994704558879510e+00,-4.131494769557184643e-01,4.132492315603486510e-01,2.138417493661904121e-05,1.404327354064155633e-05,1.936236443633420072e-05,9.999973522794396441e-01
8.632359676953436922e-03,-4.131670982489999977e-01,-4.131686308443260902e-01,9.999922616899430405e-01,-4.131636516030534612e-01,1.999991156217143740e+00,-4.131620089715691835e-01,4.132504981942380362e-01,1.002421675634732490e-05,1.161189100860147062e-05,1.113241670334606510e-05,9.999955781085718698e-01
8.641133959293882671e-03,-4.131670915080387085e-01,-4.131616446641310780e-01,9.999974402281845975e-01,-4.131488273867062189e-01,1.999997074546518538e+00,-4.131499684016684548e-01,4.132445538594395340e-01,3.319659454762843212e-06,1.095878554723321759e-06,2.318880106462801422e-06,9.999985372732592692e-01
8.650756718619218716e-03,-4.131670841152246254e-01,-4.131689849800092573e-01,9.999947122851576831e-01,-4.131609377845182896e-01,1.999993956897368141e+00,-4.131604894094023650e-01,4.132521220267254547e-01,1.112696303323985389e-05,1.246992722781641229e-05,1.337467720689605724e-05,9.999969784486840707e-01
8.660308300089059746e-03,-4.131670767770926345e-01,-4.131712437795385662e-01,9.999902770797447493e-01,-4.131631705486591422e-01,1.999988888091219774e+00,-4.131639451504098282e-01,4.132538487514701986e-01,6.188763633056208730e-06,1.020625697141876874e-05,9.580142423368381640e-06,9.999944440456098871e-01
8.670207857580651545e-03,-4.131670691716254340e-01,-4.131650628129094338e-01,9.999937477507964134e-01,-4.131589272285493553e-01,1.999992854572391954e+00,-4.131588154937452240e-01,4.132469931937251539e-01,5.123438478606609391e-07,-1.435716769351597897e-06,2.648409214336557627e-06,9.999964272861959769e-01
8.680000805377547854e-03,-4.131670616480593861e-01,-4.131577417026571775e-01,1.000001293102414479e+00,-4.131560476301823770e-01,2.000001477831319985e+00,-4.131554336276534456e-01,4.132396214964486059e-01,-9.330086453957202632e-07,9.466839174567155846e-07,1.326603875393291699e-06,1.000000738915659770e+00
8.685939327811927069e-03,-4.131670570857060021e-01,-4.131591760330852736e-01,1.000003462135287347e+00,-4.131653062004250199e-01,2.000003956726013055e+00,-4.131676993156307987e-01,4.132422467718202541e-01,-3.984331040156333547e-06,-3.356873095921344755e-06,4.550870189670148841e-06,1.000001978363006749e+00
8.700006434271928893e-03,-4.131670462784642339e-01,-4.131710861374607857e-01,9.999934702691578581e-01,-4.131594933981537210e-01,1.999992537450521635e+00,-4.131572639386682511e-01,4.132547777139887191e-01,3.736780050825728166e-06,2.177657894842388100e-06,5.102607542203241009e-06,9.999962687252609284e-01
8.708144019045627182e-03,-4.131670400266536647e-01,-4.131608649073398865e-01,9.999953599552463546e-01,-4.131438200678452799e-01,1.999994697091749707e+00,-4.131426081189958910e-01,4.132419178023241657e-01,8.158823059058901430e-06,7.017767248900308517e-06,7.484614224816134264e-06,9.999973485458748534e-01
8.715074461647438764e-03,-4.131670347022460832e-01,-4.131594317369515212e-01,1.000003259448254411e+00,-4.131494147595775046e-01,2.000003725083691730e+00,-4.131517879692390705e-01,4.132428011311983229e-01,-4.527830810078047217e-08,-4.505873174303898500e-07,1.062102898573144518e-06,1.000001862541845865e+00
8.728088767056576408e-03,-4.131670247038343735e-01,-4.131696964499870783e-01,9.999940752948933698e-01,-4.131693190727096510e-01,1.999993228908500065e+00,-4.131706697895666247e-01,4.132531519103711526e-01,-1.308563534347692540e-06,6.583032179922019354e-06,7.521344453660105153e-06,9.999966144542500324e-01
8.737749038373219049e-03,-4.131670172822003995e-01,-4.131651868504885861e-01,9.999926838970013554e-01,-4.131610337779108577e-01,1.999991638739492483e+00,-4.131596911092443869e-01,4.132467982417780128e-01,5.097058089878295860e-07,6.696050225126952773e-06,5.506573855799892661e-06,9.999958193697462416e-01
8.746339352855852720e-03,-4.131670106825752198e-01,-4.131649580601002292e-01,9.999977662642922649e-01,-4.131585226539021272e-01,1.999997447159210129e+00,-4.131579885692871490e-01,4.132481672860374711e-01,3.582841759111792885e-06,4.674746001142671484e-06,5.724159016000474084e-06,9.999987235796051754e-01
8.752713060398552986e-03,-4.131670057858887746e-01,-4.131682645230905226e-01,9.999944056990922592e-01,-4.131538232836234892e-01,1.999993606513295941e+00,-4.131533893537408519e-01,4.132512772386041644e-01,1.504747365694286083e-05,1.264399724333475572e-05,1.563068099151013521e-05,9.999968032566479703e-01
8.763996733789553018e-03,-4.131669971170562339e-01,-4.131682416074173858e-01,9.999907290205952703e-01,-4.131556952911719094e-01,1.999989404595045039e+00,-4.131547948882206556e-01,4.132498872251953448e-01,1.621589999989112073e-05,1.690288483797900188e-05,1.554314625507361401e-05,9.999947022975224087e-01
8.774390683322202608e-03,-4.131669891317633625e-01,-4.131615663415632578e-01,9.999992300808578927e-01,-4.131594868307191804e-01,1.999999120092415428e+00,-4.131601264467304468e-01,4.132442971434058809e-01,5.738050069398476054e-07,-4.080884782293129761e-07,1.193243751189878593e-06,9.999995600462077139e-01
8.786723595666286885e-03,-4.131669796568377406e-01,-4.131645907725463029e-01,9.999979686267204126e-01,-4.131603472881107408e-01,1.999997678430554870e+00,-4.131601634659460287e-01,4.132476245820936311e-01,2.691008838324025917e-06,1.489718393457191349e-06,3.385109220330970062e-06,9.999988392152775463e-01
8.795306008842509321e-03,-4.131669730632798743e-01,-4.131682479304495392e-01,9.999942998150986861e-01,-4.131631535403647026e-01,1.999993485503018587e+00,-4.131647848336165163e-01,4.132513322305768066e-01,1.851452822937652918e-06,3.059105875246848581e-06,2.557210104779565152e-06,9.999967427515092933e-01
8.802513631847443815e-03,-4.131669675259228569e-01,-4.131712286452948746e-01,9.999909123743913053e-01,-4.131723564159392459e-01,1.999989614142238636e+00,-4.131721078567676675e-01,4.132541588158969437e-01,-2.271186435603668082e-06,4.072097465202467090e-06,6.204992572323844880e-06,9.999948070711194292e-01
8.811098392919870098e-03,-4.131669609305630431e-01,-4.131730738004063541e-01,9.999880152659811339e-01,-4.131543710080596843e-01,1.999986303161223500e+00,-4.131523732243502778e-01,4.132550764708055602e-01,2.122534568415242274e-05,2.148492333071351561e-05,2.268744587178810052e-05,9.999931515806117499e-01
8.820004789974690909e-03,-4.131669540881023339e-01,-4.131638338390637433e-01,9.999936847531234463e-01,-4.131659944697140818e-01,1.999992782575051864e+00,-4.131689404095018059e-01,4.132453875024841294e-01,6.028247651518160018e-06,-2.136891613850255266e-06,5.500020170501521399e-06,9.999963912875259320e-01
8.823343068219434426e-03,-4.131669515234207557e-01,-4.131649701038270783e-01,9.999965133179500310e-01,-4.131710480559928067e-01,1.999996015220544043e+00,-4.131717672155464927e-01,4.132484495003326819e-01,2.306074869038956775e-06,-2.938600675452848089e-06,2.919804986311232583e-06,9.999980076102720217e-01
8.831410054497506809e-03,-4.131669453258491331e-01,-4.131713815240247167e-01,9.999916931784146312e-01,-4.131588881906575472e-01,1.999990506489687458e+00,-4.131557057417005741e-01,4.132538741507847946e-01,1.916620243866134991e-05,1.372581747698860457e-05,2.113712081552247051e-05,9.999952532448437292e-01
8.840935265094534284e-03,-4.131669380079771026e-01,-4.131671415205503406e-01,9.999922853467666517e-01,-4.131422458526329278e-01,1.999991183253513327e+00,-4.131422838570064648e-01,4.132493295732327376e-01,2.006731082717320015e-05,9.472339505276832787e-06,1.886638506465153641e-05,9.999955916267566636e-01
8.852738638469349192e-03,-4.131669289398754996e-01,-4.131622989774480503e-01,9.999977428945182600e-01,-4.131604098777640899e-01,1.999997420450897456e+00,-4.131608833308419437e-01,4.132445890679241063e-01,7.941888563535156529e-06,5.686772780798476214e-06,7.124198775899102410e-06,9.999987102254487281e-01
8.868019498606270409e-03,-4.131669172001485313e-01,-4.131661774830409084e-01,9.999981274102472950e-01,-4.131714080202955608e-01,1.999997859897441277e+00,-4.131725348180371737e-01,4.132497601451743385e-01,1.171567948679753174e-06,3.201679979714693462e-06,4.398907747724730470e-06,9.999989299487207495e-01
8.880028396693195533e-03,-4.131669079741507877e-01,-4.131661088403474902e-01,9.999939425219641631e-01,-4.131556752325039605e-01,1.999993077168010558e+00,-4.131541341497005915e-01,4.132484404947756040e-01,5.662859573950751516e-06,5.939662063779756710e-06,5.304969940919234714e-06,9.999965385840052789e-01
8.891994485535188730e-03,-4.131668987810412363e-01,-4.131697387158509982e-01,9.999922974399957365e-01,-4.131673376877847970e-01,1.999991197074346250e+00,-4.131682070017850261e-01,4.132526057905529515e-01,7.325367408392979801e-06,7.291915685863766561e-06,7.265150332164956440e-06,9.999955985371732359e-01
8.903499668832444772e-03,-4.131668899420296026e-01,-4.131719617485629104e-01,9.999893549137410798e-01,-4.131749251141617618e-01,1.999987834187223479e+00,-4.131743098902761480e-01,4.132547208880537060e-01,4.441488497670215504e-06,5.063251270202105370e-06,5.441089057203910364e-06,9.999939170936116284e-01
8.919276946138442186e-03,-4.131668778209274251e-01,-4.131648735032577568e-01,9.999930156117056157e-01,-4.131612718547280627e-01,1.999992017842008973e+00,-4.131609707731712655e-01,4.132465392501861734e-01,6.222369205718420225e-06,5.633100858446497165e-06,5.364058307301684843e-06,9.999960089210043757e-01
8.929999999999998703e-03,-4.131668695827976356e-01,-4.131685431522671981e-01,9.999944638161785138e-01,-4.131679871504481127e-01,1.999993672932822708e+00,-4.131682872843653875e-01,4.132517696867024637e-01,5.325872332551602381e-06,1.469154619384427673e-06,6.090506671519271558e-06,9.999968364664113540e-01
8.939199884783640554e-03,-4.131668625148607887e-01,-4.131643219076969742e-01,9.999949370563417927e-01,-4.131697304983097951e-01,1.999994213778719443e+00,-4.131705064695291307e-01,4.132463678215154146e-01,7.463590970550717671e-09,4.292764570319693760e-06,4.089979908839907048e-06,9.999971068893597215e-01
8.950004384258624171e-03,-4.131668542141616052e-01,-4.131736661415146283e-01,9.999909768285100142e-01,-4.131800956287566828e-01,1.999989687804088367e+00,-4.131809150594534241e-01,4.132574482154043327e-01,-5.415823972470103307e-06,8.630794399367720855e-06,9.888654766293634453e-06,9.999948439020441837e-01
8.956396815138703213e-03,-4.131668493030862255e-01,-4.131716006131654906e-01,9.999876476637565847e-01,-4.131727249625684606e-01,1.999985883044398616e+00,-4.131712610829909593e-01,4.132536425436280636e-01,5.615667719891792474e-06,1.246881558954471044e-05,1.227156366280734359e-05,9.999929415221993079e-01
8.966281211835845297e-03,-4.131668417092652090e-01,-4.131678910478547295e-01,9.999923572169385766e-01,-4.131600014001311494e-01,1.999991265390852258e+00,-4.131581196632117536e-01,4.132503396530214368e-01,8.167619537429247060e-06,1.186531952523359911e-05,1.234024427607310415e-05,9.999956326954261288e-01
8.974477186057488662e-03,-4.131668354125947462e-01,-4.131668088754640311e-01,9.999939620776358007e-01,-4.131579043175777621e-01,1.999993099517349382e+00,-4.131595811921809358e-01,4.132493795098469702e-01,6.160168493850121087e-06,9.267169787932990447e-06,7.840072449250000102e-06,9.999965497586746910e-01
8.983242001533641927e-03,-4.131668286789059730e-01,-4.131645998990647883e-01,9.999949759153753392e-01,-4.131726778869738714e-01,1.999994258189043084e+00,-4.131726786784076233e-01,4.132464678752663101e-01,-2.430073052319535035e-06,6.809042198738274257e-07,2.635674052465253940e-06,9.999971290945215419e-01
8.993238734667058712e-03,-4.131668209987796603e-01,-4.131598817638255094e-01,1.000001624909744979e+00,-4.131711404613403471e-01,2.000001857039694464e+00,-4.131727978119584810e-01,4.132430640683262824e-01,-7.342685769417930674e-06,-3.396086829935391140e-06,8.381586202330568226e-06,1.000000928519847454e+00
9.002772809481510499e-03,-4.131668136740972996e-01,-4.131667276339871520e-01,9.999974977069061577e-01,-4.131804036176002781e-01,1.999997140236485338e+00,-4.131802317566941052e-01,4.132505453244318394e-01,-8.673826967535099469e-06,-3.696975377928254798e-06,7.481334340185389576e-06,9.999985701182427800e-01
9.013881726724865678e-03,-4.131668051395212538e-01,-4.131726458518051870e-01,9.999862002066568500e-01,-4.131680115536312536e-01,1.999984228807725417e+00,-4.131661729230028945e-01,4.132539290614082317e-01,7.754269291093448182e-06,5.373496225500197154e-06,8.682712079943062961e-06,9.999921144038627085e-01
9.023939564286403980e-03,-4.131667974124536014e-01,-4.131657460066999188e-01,9.999962607740072729e-01,-4.131643575488652687e-01,1.999995726598897239e+00,-4.131650254764571151e-01,4.132493533919971984e-01,4.757604357285285370e-06,-1.531963424425567770e-06,4.614153662916629043e-06,9.999978632994486194e-01
9.034344289304366629e-03,-4.131667894188852386e-01,-4.131751228301865919e-01,9.999880930833898729e-01,-4.131624736616338889e-01,1.999986392095404408e+00,-4.131618066370820741e-01,4.132584263663548474e-01,1.351969087933656258e-05,4.784406992056770947e-06,1.401545361884212862e-05,9.999931960477020931e-01
9.043634144509369796e-03,-4.131667822818268498e-01,-4.131731091989163662e-01,9.999831264153123955e-01,-4.131562104480204223e-01,1.999980715903357797e+00,-4.131533624848273134e-01,4.132534117811785812e-01,1.652556121214120391e-05,1.050790840884181418e-05,1.682408925668095814e-05,9.999903579516788987e-01
9.051207242370013298e-03,-4.131667764636900997e-01,-4.131572555406997083e-01,9.999984006339539544e-01,-4.131449033668592175e-01,1.999998172153103715e+00,-4.131454770592118408e-01,4.132407134819701677e-01,8.727557771058882667e-06,4.342687178625662387e-06,7.034505756142937942e-06,9.999990860765519685e-01
9.058817650002290098e-03,-4.131667706168862253e-01,-4.131726712578125960e-01,9.999954481588856359e-01,-4.131684356962487814e-01,1.999994797895908283e+00,-4.131707314702602329e-01,4.132575120376856814e-01,4.302687783797322862e-06,-2.986268086991371660e-07,5.669858341300261421e-06,9.999973989479540304e-01
9.064323644967120508e-03,-4.131667663868264229e-01,-4.131751620797384228e-01,9.999857049381244423e-01,-4.131706364877303916e-01,1.999983662786549710e+00,-4.131701228172834917e-01,4.132571473913282389e-01,1.280327269753825920e-05,1.031604518914004707e-05,1.411372255087631734e-05,9.999918313932748548e-01
9.072512507795503153e-03,-4.131667600956211439e-01,-4.131697307388434992e-01,9.999889412689781931e-01,-4.131680409409071997e-01,1.999987361450354939e+00,-4.131671339517469232e-01,4.132517708923451605e-01,1.270478039223203612e-05,1.131462346720788619e-05,1.168823168492858392e-05,9.999936807251774695e-01
9.082491995561801229e-03,-4.131667524287453430e-01,-4.131653887893130817e-01,9.999951413973203751e-01,-4.131626133024178249e-01,1.999994447311264745e+00,-4.131628892822486465e-01,4.132483159484462432e-01,1.052152676534318893e-06,2.135008939235212229e-07,8.274212928415909278e-07,9.999972236556323724e-01
9.092935601416270858e-03,-4.131667444053046534e-01,-4.131702117603604507e-01,9.999928589572441018e-01,-4.131608649645326925e-01,1.999991838808339750e+00,-4.131615496339507421e-01,4.132536977445966375e-01,8.847004218723474568e-06,8.020570576246165468e-06,9.979411384156471881e-06,9.999959194041698751e-01
9.106664567703835755e-03,-4.131667338578424165e-01,-4.131708561420863179e-01,9.999865538489381978e-01,-4.131594824103679287e-01,1.999984632970329468e+00,-4.131585722154115237e-01,4.132523609004987719e-01,1.580540900762625515e-05,1.233122357910564435e-05,1.430772406428834132e-05,9.999923164851647339e-01
9.120003182767929054e-03,-4.131667236102737895e-01,-4.131652421652078910e-01,9.999956428901366490e-01,-4.131704166406212630e-01,1.999995020445907601e+00,-4.131715597488416214e-01,4.132477977770726008e-01,-4.624843092209456212e-06,1.413598064223605975e-06,5.397953083302186613e-06,9.999975102229538004e-01
9.130165419110821551e-03,-4.131667158029974640e-01,-4.131685518281323355e-01,9.999937051949447930e-01,-4.131667665849690918e-01,1.999992805937133244e+00,-4.131662213586325683e-01,4.132514675253255443e-01,-6.657107668787465187e-07,6.477937318823057159e-07,9.535930527782511831e-07,9.999964029685666222e-01
9.140014023685723646e-03,-4.131667082366719534e-01,-4.131669775873134665e-01,9.999933883314775507e-01,-4.131544122928337837e-01,1.999992443807459219e+00,-4.131525833289955707e-01,4.132493804652508929e-01,1.697970352725576755e-05,1.071126050117941939e-05,1.873290699665646007e-05,9.999962219037296096e-01
9.147721717587384629e-03,-4.131667023151290863e-01,-4.131553269669482331e-01,1.000000745152894943e+00,-4.131475635804566227e-01,2.000000851603302099e+00,-4.131473293757659260e-01,4.132362562342967727e-01,7.478739679507850156e-06,-1.858352822670937584e-06,4.831573463715695004e-06,1.000000425801651049e+00
9.152422417544886155e-03,-4.131666987037517780e-01,-4.131546475825292331e-01,1.000008069888437490e+00,-4.131540888343619988e-01,2.000009222729574265e+00,-4.131580554930596172e-01,4.132399940123058779e-01,-6.074561665859916740e-06,-1.224421781243880567e-05,1.313475592688913854e-05,1.000004611364786911e+00
9.160443891674670616e-03,-4.131666925411418001e-01,-4.131790838657308229e-01,9.999917393950925604e-01,-4.131769996622046692e-01,1.999990559308747695e+00,-4.131779024139979883e-01,4.132633786088379391e-01,-5.015321299808640696e-06,2.023347838064153285e-06,5.220354757066380405e-06,9.999952796543737366e-01
9.168070751413756256e-03,-4.131666866816980366e-01,-4.131741356150173128e-01,9.999834689536729604e-01,-4.131649600106770959e-01,1.999981107375766953e+00,-4.131641926090589001e-01,4.132557749270362457e-01,9.212162145496024059e-06,1.305584009304623621e-05,1.255981463794653651e-05,9.999905536878834766e-01
9.175744204976027038e-03,-4.131638500968741190e-01,-4.131672888746934502e-01,9.999908447176134585e-01,-4.131653214055831524e-01,1.999989536820207414e+00,-4.131654653520098197e-01,4.132491410211014404e-01,5.640865982259518311e-06,9.965134986490042611e-06,9.822199574583652390e-06,9.999947684101038181e-01
9.190000604602085663e-03,-4.131592283777821839e-01,-4.131639799809683211e-01,9.999975781662635566e-01,-4.131621601479037453e-01,1.999997232190035890e+00,-4.131616087346881017e-01,4.132467272005433401e-01,6.268994800893438722e-07,7.358561784655780971e-06,7.469821177549595730e-06,9.999986160950180558e-01
9.199324402467852491e-03,-4.131574345426258232e-01,-4.131563182450144200e-01,1.000002274151700510e+00,-4.131522069943667219e-01,2.000002599030495265e+00,-4.131515085401050724e-01,4.132380482029245350e-01,2.801190326429665320e-06,-4.251924447352794474e-06,6.094052186324980926e-06,1.000001299515247855e+00
9.206336287748992028e-03,-4.131564915514601699e-01,-4.131554575366900295e-01,1.000006458176477153e+00,-4.131593476574801915e-01,2.000007380773062060e+00,-4.131607661798838982e-01,4.132382216479071335e-01,-5.234266190226853609e-06,-8.366690203332566325e-06,8.159681378984940065e-06,1.000003690386531030e+00
9.220002258933865380e-03,-4.131553063401957604e-01,-4.131578264736290862e-01,1.000004510471005581e+00,-4.131667796591623754e-01,2.000005154823968123e+00,-4.131669820998361553e-01,4.132406589920514239e-01,-4.614546533664685132e-06,-6.159133082164356975e-06,6.094757570912948736e-06,1.000002577411984062e+00
9.230264729141046329e-03,-4.131547806763375408e-01,-4.131535366416131394e-01,1.000006738460287758e+00,-4.131528939192441463e-01,2.000007701097414436e+00,-4.131518356467358544e-01,4.132357814103959637e-01,-2.333760218855858082e-06,-4.069993046984950633e-06,4.269340718900177955e-06,1.000003850548707218e+00
9.240809810827237819e-03,-4.131544368973188996e-01,-4.131524745249198216e-01,1.000009320491517695e+00,-4.131507574745741929e-01,2.000010651990226318e+00,-4.131505694243846061e-01,4.132351837499187441e-01,1.433183674136306831e-06,-8.371615347207201523e-06,8.375162663357400112e-06,1.000005325995113159e+00
9.253043252002777011e-03,-4.131541930805613383e-01,-4.131541319381943911e-01,1.000007837920428244e+00,-4.131551331540368466e-01,2.000008957623280015e+00,-4.131566880803869135e-01,4.132366388959725079e-01,-6.798338771195084098e-07,-4.758027683386941335e-06,4.824205793908576306e-06,1.000004478811640007e+00
9.262652209626229260e-03,-4.131540744872979620e-01,-4.131536490806589912e-01,1.000008543860644084e+00,-4.131693222639351015e-01,2.000009764412091773e+00,-4.131683528919907755e-01,4.132365887302124063e-01,-9.406229777221498858e-06,-7.923929958484844302e-06,8.733495703961001742e-06,1.000004882206045886e+00
9.272071886776769856e-03,-4.131539976246088597e-01,-4.131562069768465739e-01,1.000006130581526653e+00,-4.131560094213800327e-01,2.000007006378835772e+00,-4.131557776962171968e-01,4.132387081251541749e-01,-1.777704767282911517e-06,-9.738001917588974036e-06,9.027993960753025746e-06,1.000003503189417664e+00
9.289275230633027916e-03,-4.131539176151595161e-01,-4.131569950700275662e-01,1.000005737319972887e+00,-4.131620656116288259e-01,2.000006556937063085e+00,-4.131625130912928157e-01,4.132399269937770403e-01,-3.031105249647103909e-06,-3.942900763852602074e-08,2.720970758833903820e-06,1.000003278468531542e+00
9.298429453478512102e-03,-4.131538939895676998e-01,-4.131542592510046852e-01,1.000006154728595886e+00,-4.131676981402857551e-01,2.000007033975485626e+00,-4.131689241895735720e-01,4.132364526408800476e-01,-9.630815089503955986e-06,-5.514254052758119537e-06,1.112187507424688573e-05,1.000003516987742813e+00
9.309049676822360106e-03,-4.131538761017327088e-01,-4.131569873306538687e-01,1.000006340220449541e+00,-4.131635873607589216e-01,2.000007245966174185e+00,-4.131619913711259695e-01,4.132400974698758889e-01,-8.690210431960795052e-06,-7.936168661679754170e-06,7.533979503888706193e-06,1.000003622983086871e+00
9.319242560548333595e-03,-4.131538651741957224e-01,-4.131466300525943325e-01,1.000011038318367129e+00,-4.131573328103924081e-01,2.000012615220897239e+00,-4.131576587270815448e-01,4.132278899000590977e-01,-7.148737120429853792e-06,-8.185775903024868023e-06,9.141345048137581846e-06,1.000006307610448397e+00
9.325517151828371237e-03,-4.131538604875309995e-01,-4.131545076188352095e-01,1.000013457633106784e+00,-4.131772999444613403e-01,2.000015380152007527e+00,-4.131818910900485475e-01,4.132393975490011861e-01,-1.584059587984019865e-05,-1.485823453640314726e-05,1.656358417703814083e-05,1.000007690076003763e+00
9.332285282285992384e-03,-4.131538566714883509e-01,-4.131648573711129147e-01,9.999995591881779555e-01,-4.131912434534981693e-01,1.999999496215064232e+00,-4.131872576686799747e-01,4.132465098887063149e-01,-1.057980193093261538e-05,-5.390218409817627187e-06,8.265314207877045715e-06,9.999997481075321160e-01
9.340352241459197805e-03,-4.131538533628169585e-01,-4.131545027975421780e-01,1.000002899674911738e+00,-4.131529374078673489e-01,2.000003313914159975e+00,-4.131504379460621545e-01,4.132366104062913936e-01,-1.892747903484391800e-06,-1.272216851931619939e-07,2.063204407206273696e-06,1.000001656957079987e+00
9.350021508786427946e-03,-4.131538506470367467e-01,-4.131663552478005985e-01,9.999996669119742831e-01,-4.131637994712008544e-01,1.999999619327973432e+00,-4.131642437880683194e-01,4.132503436180444689e-01,6.757275749039563738e-06,6.007681195077946262e-06,9.003350234660737955e-06,9.999998096639867162e-01
9.359484357843984859e-03,-4.131538488808245146e-01,-4.131509874346342426e-01,1.000004343397296935e+00,-4.131487343773251886e-01,2.000004963882587639e+00,-4.131484743367140333e-01,4.132316419361028448e-01,4.926937048056912068e-06,-2.868930931373661640e-06,5.585906817200171478e-06,1.000002481941293819e+00
9.367135229057041088e-03,-4.131538478889771326e-01,-4.131512455371003090e-01,1.000012182026233765e+00,-4.131644886653538240e-01,2.000013922315591941e+00,-4.131664241733291609e-01,4.132344036674868715e-01,-1.004572713011114868e-05,-1.019995790184855870e-05,1.070625463966763368e-05,1.000006961157795971e+00
9.378807467395966838e-03,-4.131538468723584545e-01,-4.131574150677030377e-01,1.000006110377437807e+00,-4.131660306905234337e-01,2.000006983288448392e+00,-4.131654148251986403e-01,4.132405747756831560e-01,-2.452030214009045997e-06,-1.870335134652963599e-06,1.389841980323079587e-06,1.000003491644224196e+00
9.390642967254751380e-03,-4.131538462342689288e-01,-4.131601674154696813e-01,1.000001772473186668e+00,-4.131560029492786779e-01,2.000002025683627060e+00,-4.131552099819840729e-01,4.132423493387974434e-01,7.347624555838528729e-06,6.938303969983955422e-06,7.870516226551332539e-06,1.000001012841813308e+00
9.400791522312984885e-03,-4.131538458799908775e-01,-4.131496484981405648e-01,1.000009037651480970e+00,-4.131534890609618316e-01,2.000010328744473043e+00,-4.131543976886976055e-01,4.132322929220074159e-01,-2.104705640678622963e-06,-5.295976368247772833e-06,6.515329283385138823e-06,1.000005164372236299e+00
9.410965987508630726e-03,-4.131538456366370404e-01,-4.131583416500602124e-01,1.000006324206545116e+00,-4.131611076670553273e-01,2.000007227664569509e+00,-4.131605238025543025e-01,4.132413177141247562e-01,9.070318675299350851e-07,-1.438907201390169709e-06,1.393529122768724596e-06,1.000003613832284532e+00
9.420833125268195107e-03,-4.131538454696462859e-01,-4.131581905493548201e-01,1.000003223791464890e+00,-4.131636171260792412e-01,2.000003684333075071e+00,-4.131652063357432181e-01,4.132406385660558068e-01,-7.793806282951072680e-06,-2.447108556984006595e-06,8.371637950036918191e-06,1.000001842166537536e+00
9.431016299948460566e-03,-4.131538453432858637e-01,-4.131552988584703545e-01,1.000005444929917831e+00,-4.131721549117259307e-01,2.000006222777002574e+00,-4.131708937071398857e-01,4.132375251744759281e-01,-6.250047533500694552e-06,-5.251255879005744319e-06,6.877723553475473916e-06,1.000003111388501287e+00
9.441188922982372486e-03,-4.131538452471673617e-01,-4.131513774050107335e-01,1.000009850082246299e+00,-4.131595584581084224e-01,2.000011257236768536e+00,-4.131602338948514586e-01,4.132346728156844895e-01,-2.050058277535435512e-05,-1.572759908280740350e-05,2.046643672840300099e-05,1.000005628618384490e+00
9.450184450314093668e-03,-4.131538451785281008e-01,-4.131613066041111004e-01,1.000004115668268634e+00,-4.131544036872714654e-01,2.000004703620843038e+00,-4.131526592533829589e-01,4.132448070939583884e-01,1.808576384361837041e-06,2.320183311338330325e-06,5.283733729268347423e-06,1.000002351810421519e+00
9.460008353311460602e-03,-4.131538451150794655e-01,-4.131570399814578076e-01,1.000002684854895296e+00,-4.131413817093906315e-01,2.000003068405571849e+00,-4.131411330153310080e-01,4.132390921984128163e-01,1.484063786847898229e-05,6.025144652743448341e-06,1.495396304500063272e-05,1.000001534202785924e+00
9.470012748516902848e-03,-4.131538450586109135e-01,-4.131540723294545026e-01,1.000006883620019327e+00,-4.131546573100733921e-01,2.000007866994249373e+00,-4.131563659032274627e-01,4.132364395869886908e-01,-2.376456897382391601e-06,-4.638437654080266466e-06,5.618409848307426803e-06,1.000003933497124686e+00
9.480018104355976763e-03,-4.131538450074755953e-01,-4.131526462163170876e-01,1.000008879753903734e+00,-4.131544091186613032e-01,2.000010148290100265e+00,-4.131538178045430776e-01,4.132351577542487386e-01,-3.242959713556295652e-06,-4.329865777699113559e-06,4.150947253095908406e-06,1.000005074145050132e+00
9.490012840503474906e-03,-4.131538449598444185e-01,-4.131564418665847338e-01,1.000006803530942623e+00,-4.131675368979078056e-01,2.000007775463876314e+00,-4.131690775187933373e-01,4.132394961474872286e-01,-7.873705850701903528e-06,-1.029705895018741834e-05,1.072879726577447633e-05,1.000003887731938157e+00
9.499711224154612499e-03,-4.131538449157676207e-01,-4.131523305893455844e-01,1.000007884421170168e+00,-4.131545902901320177e-01,2.000009010766984119e+00,-4.131530519394025491e-01,4.132344398480743974e-01,-9.941279943667649782e-06,-7.744086451005851494e-06,1.043984822554700064e-05,1.000004505383492281e+00
9.506982671756666545e-03,-4.131538448836529764e-01,-4.131515148564097184e-01,1.000010345537291290e+00,-4.131617886661401728e-01,2.000011823471101735e+00,-4.131636275062453012e-01,4.132341205571037901e-01,-1.754514935143276346e-05,-1.703031808680535722e-05,1.877883241559096393e-05,1.000005911735550868e+00
9.516841396254010349e-03,-4.131538448409781128e-01,-4.131547570677058800e-01,1.000008946733522253e+00,-4.131719156422422046e-01,2.000010224838234763e+00,-4.131717272143960451e-01,4.132379590200532249e-01,-2.073489426524795465e-05,-1.380718216296568618e-05,1.986432326767417674e-05,1.000005112419117603e+00
9.526491374323440078e-03,-4.131538447998654995e-01,-4.131535658538154077e-01,1.000006441982250749e+00,-4.131699899121761277e-01,2.000007362265374233e+00,-4.131703855068681874e-01,4.132355489892957645e-01,-1.283654727897509376e-05,-8.134232895538221232e-06,1.288554781574796910e-05,1.000003681132687117e+00
9.538376733256272860e-03,-4.131538447497981048e-01,-4.131549161771428946e-01,1.000008836680498669e+00,-4.131672777691989817e-01,2.000010099063351809e+00,-4.131657711909864639e-01,4.132381265227769718e-01,-5.750284749455081447e-06,-8.540278548625416835e-06,7.464076343386417787e-06,1.000005049531675905e+00
9.550003711445495883e-03,-4.131538447011947057e-01,-4.131631352383041689e-01,1.000000780207426443e+00,-4.131603110758306219e-01,2.000000891665623559e+00,-4.131601287589169447e-01,4.132465056755424415e-01,5.575646602437450897e-06,3.619337761606391191e-06,6.320310108184730370e-06,1.000000445832811780e+00
9.561383554906321969e-03,-4.131538446538450815e-01,-4.131552107692256226e-01,1.000004396165515619e+00,-4.131523028166118050e-01,2.000005024189122960e+00,-4.131533789396368839e-01,4.132381352709338929e-01,1.179066325374458435e-06,1.364396917507505245e-06,6.769831811666901706e-07,1.000002512094561480e+00
9.570030000000000203e-03,-4.131586260740295891e-01,-4.131608931136895313e-01,1.000002996945432265e+00,-4.131635180941235497e-01,2.000003425080468134e+00,-4.131641492431461504e-01,4.132489883386365470e-01,-1.161241334908028858e-07,3.303264820500279749e-06,4.150454869000454842e-06,1.000001712540234289e+00
9.574913292026790770e-03,-4.131588713309112260e-01,-4.131694998705793820e-01,9.999958513971098917e-01,-4.131675328560068805e-01,1.999995258739589277e+00,-4.131673391346113444e-01,4.132529261280912802e-01,2.064519421729730244e-06,5.847921111510353845e-06,6.516827859455555030e-06,9.999976293697947494e-01
9.584150907475417341e-03,-4.131588642339889539e-01,-4.131725314028378282e-01,9.999877308826765621e-01,-4.131653819627140178e-01,1.999985978151734844e+00,-4.131647030974302526e-01,4.132546832630740741e-01,5.806255314580648816e-06,8.897573305554693280e-06,9.064325772378906292e-06,9.999929890758674222e-01
9.600004941283536014e-03,-4.131588520539195564e-01,-4.131587829132228329e-01,9.999988270561697146e-01,-4.131578811012994734e-01,1.999998659492775444e+00,-4.131575809670931521e-01,4.132402743577628379e-01,-4.609136751991458693e-07,-1.594473220787605530e-06,2.770023329469015249e-06,9.999993297463876107e-01
9.610232983787674391e-03,-4.131588441960915015e-01,-4.131594365922559020e-01,1.000002766939060317e+00,-4.131694394991602959e-01,2.000003162216045460e+00,-4.131700334564837318e-01,4.132423084604360808e-01,-4.905567033886272850e-06,-1.091880750874102560e-06,4.453334577607180065e-06,1.000001581108022730e+00
9.620004192977834809e-03,-4.131588366892282038e-01,-4.131633275649743142e-01,9.999994297166063806e-01,-4.131794361495489398e-01,1.999999348247555098e+00,-4.131807072329480857e-01,4.132463747159461076e-01,-8.146407787451475364e-06,-9.645429027970781454e-06,1.055912726101029817e-05,9.999996741237775488e-01
9.626821170622733639e-03,-4.131588314519908933e-01,-4.131637187578315884e-01,9.999976532674981211e-01,-4.131741605161834419e-01,1.999997318020017678e+00,-4.131724786666644555e-01,4.132463480324893301e-01,-1.259643000549073543e-06,-5.452771154166393574e-06,4.750642788851694682e-06,9.999986590100089501e-01
9.636009455086160663e-03,-4.131588243929668058e-01,-4.131569645262214707e-01,1.000000564316531948e+00,-4.131499682865117373e-01,2.000000644933174865e+00,-4.131462832502488802e-01,4.132382546804291290e-01,1.282991436551088039e-05,4.235220983371787438e-06,1.429404924768582848e-05,1.000000322466587432e+00
9.642026079728182111e-03,-4.131588197706135834e-01,-4.131515994409278858e-01,1.000008364430167607e+00,-4.131340861510927054e-01,2.000009559348691734e+00,-4.131351743923815656e-01,4.132349254228577795e-01,1.591565941106561644e-05,4.047860045780683627e-06,1.370445533444701974e-05,1.000004779674345867e+00
9.650054942306224293e-03,-4.131588136023338076e-01,-4.131593573921258922e-01,1.000005640764192183e+00,-4.131607649177989061e-01,2.000006446587600184e+00,-4.131637425239642059e-01,4.132429012382954348e-01,-3.511534371344939794e-06,-7.191320157403353949e-06,7.688212829136467370e-06,1.000003223293800092e+00
9.654966629768618400e-03,-4.131588098288593858e-01,-4.131573816917565312e-01,1.000002910881971463e+00,-4.131594793988362935e-01,2.000003326722228358e+00,-4.131573797012690341e-01,4.132392901417614728e-01,-1.821877158596043341e-06,-2.127095167519149326e-06,1.216718166398585299e-06,1.000001663361114179e+00
9.661917498687533010e-03,-4.131588044887620770e-01,-4.131539656567909669e-01,1.000006998922922996e+00,-4.131503228765053271e-01,2.000007998768995598e+00,-4.131516881982552070e-01,4.132372089978069152e-01,-1.359314732142767536e-07,-1.939328923989420668e-06,3.527467895290347444e-06,1.000003999384497799e+00
9.670712187848587091e-03,-4.131587977321237171e-01,-4.131610843739370043e-01,1.000003208459838477e+00,-4.131724785436948211e-01,2.000003666811216441e+00,-4.131735294552140170e-01,4.132443709563045076e-01,-6.379914168132668484e-06,-1.042421431576715649e-05,1.006936264848557490e-05,1.000001833405608220e+00
9.680270680291805027e-03,-4.131587903886833057e-01,-4.131657035582790849e-01,9.999970385386935945e-01,-4.131587277674563241e-01,1.999996615472817929e+00,-4.131571012527197051e-01,4.132483045613587480e-01,5.720988769154818319e-06,-1.505876964484832481e-06,6.736857324104095713e-06,9.999983077364089645e-01
9.690002594503947450e-03,-4.131587829120108579e-01,-4.131512470872503728e-01,1.000005117252499742e+00,-4.131493101199993356e-01,2.000005848288527233e+00,-4.131493262741736117e-01,4.132322313229888078e-01,1.488292544747133787e-07,-3.745326186032986080e-07,1.553292851866829192e-06,1.000002924144263616e+00
9.695925289162779862e-03,-4.131587783618200782e-01,-4.131524848109627279e-01,1.000010649400683072e+00,-4.131606364917749796e-01,2.000012170743547202e+00,-4.131630685796338631e-01,4.132356939657729211e-01,-8.332447829357307942e-06,-9.275618801000640870e-06,1.010312880717495453e-05,1.000006085371773601e+00
9.703775161931972593e-03,-4.131587723310495841e-01,-4.131556596630833189e-01,1.000007020053623741e+00,-4.131695870439131002e-01,2.000008022918367434e+00,-4.131690869829701684e-01,4.132383836869257254e-01,-8.933504000834101508e-06,-7.525495663872157035e-06,8.257523610661821590e-06,1.000004011459183717e+00
9.712213674469602487e-03,-4.131587658480501690e-01,-4.131577164222468013e-01,1.000005514738565582e+00,-4.131644779716273086e-01,2.000006302558313465e+00,-4.131644861438548144e-01,4.132413440052413178e-01,-5.056182772861298411e-06,-2.139898755079454524e-06,5.530059884440097525e-06,1.000003151279156954e+00
9.720731813002748273e-03,-4.131587593038754669e-01,-4.131666803898256801e-01,9.999978973778520519e-01,-4.131705466792191528e-01,1.999997597003277505e+00,-4.131712784986539266e-01,4.132495376556835631e-01,-9.245506291542622741e-06,-5.300818195735059604e-06,8.694215184612966973e-06,9.999987985016387526e-01
9.727985356460931710e-03,-4.131587537312403913e-01,-4.131631822972272605e-01,9.999962558421805481e-01,-4.131584620607250402e-01,1.999995720962523871e+00,-4.131563710223969954e-01,4.132452204126935702e-01,5.838587212559999823e-06,6.929641585631515661e-06,8.026760588404177580e-06,9.999978604812619354e-01
9.733760707638941523e-03,-4.131587492942472295e-01,-4.131602568826707733e-01,9.999995892172747203e-01,-4.131502504267833831e-01,1.999999530534031900e+00,-4.131502171601297291e-01,4.132424730692031423e-01,8.517639205753546985e-06,6.749340612043443739e-06,7.303388492552651307e-06,9.999997652670158388e-01
9.747703854256011338e-03,-4.131587385822427239e-01,-4.131614273540254456e-01,1.000002025562601204e+00,-4.131619468890366242e-01,2.000002314928670089e+00,-4.131627526217546698e-01,4.132446788600188103e-01,-3.635609719965447486e-06,5.371990807505184173e-08,3.447434845014617141e-06,1.000001157464335044e+00
9.759999999999999579e-03,-4.131587291355658942e-01,-4.131589796971553707e-01,1.000000895029710346e+00,-4.131542006130024536e-01,2.000001022891090052e+00,-4.131534149844897086e-01,4.132411127117203709e-01,1.886843189170058117e-06,6.498722476955456483e-06,6.518005232331680764e-06,1.000000511445545026e+00
9.767411960901084544e-03,-4.131587234412260612e-01,-4.131613943877824324e-01,1.000001466152358853e+00,-4.131603239413058626e-01,2.000001675602683271e+00,-4.131614679583259786e-01,4.132444803927068366e-01,1.364822557279602849e-06,1.451669076553355466e-07,1.469119178847709884e-06,1.000000837801341635e+00
9.774973879185810260e-03,-4.131587176316797172e-01,-4.131644346354028108e-01,9.999981125271548699e-01,-4.131613003433045606e-01,1.999997842888193045e+00,-4.131602583823224539e-01,4.132474234152093140e-01,5.929246208508793031e-06,2.309195271325557275e-06,7.141756520013868256e-06,9.999989214440966334e-01
9.787870353124073983e-03,-4.131587077237947048e-01,-4.131581676425176153e-01,9.999993889782587964e-01,-4.131469105670510511e-01,1.999999301689443731e+00,-4.131463889291807079e-01,4.132395761064598938e-01,1.083426238646657148e-05,9.850980272773460312e-06,9.783361364675719087e-06,9.999996508447218657e-01
9.795223237806943012e-03,-4.131587020748415107e-01,-4.131538811886340534e-01,1.000006981813207796e+00,-4.131508595961587149e-01,2.000007979215035370e+00,-4.131521767747994289e-01,4.132363963389519834e-01,3.890450649591972988e-06,1.553123042185186122e-06,3.175251300283403948e-06,1.000003989607517685e+00
9.804692902081626679e-03,-4.131586947996463421e-01,-4.131536621123456654e-01,1.000008475761503757e+00,-4.131627828202960595e-01,2.000009686584503843e+00,-4.131647562894545933e-01,4.132364041782105590e-01,-3.744125071512560247e-06,-7.331943457988019504e-06,8.244579980080327125e-06,1.000004843292251921e+00
9.814085136391953457e-03,-4.131586875839341477e-01,-4.131571312559106368e-01,1.000006858982205094e+00,-4.131716732019123373e-01,2.000007838836746821e+00,-4.131698405698419063e-01,4.132406388887287507e-01,-9.815410284321773955e-06,-7.910797454418655358e-06,8.342779450685500986e-06,1.000003919418373632e+00
9.821699070673400866e-03,-4.131586817344269358e-01,-4.131627506484809031e-01,1.000000581691317336e+00,-4.131538563784483142e-01,2.000000664790071880e+00,-4.131530025006662776e-01,4.132452179986317309e-01,4.166249940060369224e-06,4.875930300605080093e-06,4.755367359678117743e-06,1.000000332395035940e+00
9.830339030080625928e-03,-4.131586750966643184e-01,-4.131595226727938219e-01,1.000000657095049705e+00,-4.131640721422474294e-01,2.000000750965765572e+00,-4.131660981020269241e-01,4.132417525423285887e-01,-5.969719169685092284e-06,-5.864754204588775619e-06,7.784106790406821456e-06,1.000000375482882786e+00
9.836620826499135536e-03,-4.131586702705849490e-01,-4.131569810935492026e-01,1.000003314657254672e+00,-4.131646643804571806e-01,2.000003788179691711e+00,-4.131636246519780897e-01,4.132392074080142308e-01,-4.883506046587063325e-06,-7.654815986871890117e-07,3.982894287558530712e-06,1.000001894089845633e+00
9.842928004998172803e-03,-4.131586654250096191e-01,-4.131566515989419930e-01,1.000005641613528340e+00,-4.131571973736922754e-01,2.000006447558269951e+00,-4.131565535347870854e-01,4.132399409906782894e-01,-1.794006399785899954e-07,1.449238777348481620e-06,3.382858637488982198e-07,1.000003223779134975e+00
9.851788017934562033e-03,-4.131586586181850151e-01,-4.131612848497674961e-01,1.000001030147094294e+00,-4.131554613631220896e-01,2.000001177310956280e+00,-4.131552386187279935e-01,4.132431802049493785e-01,2.840578341363667408e-07,-3.267012592558413415e-06,2.981315565712714879e-06,1.000000588655478140e+00
9.860754491434631924e-03,-4.131586517295720573e-01,-4.131528086142698397e-01,1.000006068181340524e+00,-4.131523027669594672e-01,2.000006935064337465e+00,-4.131528686874075817e-01,4.132354828738993846e-01,-1.474155076626154169e-06,-8.097284250640676877e-06,9.095081219033689167e-06,1.000003467532168733e+00
9.870235370394329563e-03,-4.131586444457595597e-01,-4.131612655697966541e-01,1.000003571790759160e+00,-4.131701814069220768e-01,2.000004082046551890e+00,-4.131714131529423129e-01,4.132447047972239162e-01,-1.092828882655657684e-05,-6.846127720202165749e-06,1.070289939899070179e-05,1.000002041023275945e+00
9.880106014208632145e-03,-4.131586368625054240e-01,-4.131629614491935110e-01,9.999987461042465497e-01,-4.131643872737312262e-01,1.999998566976292524e+00,-4.131637441091429719e-01,4.132456874988512663e-01,3.606879067287457590e-07,1.221971198443627611e-06,1.681586650655153498e-06,9.999992834881462622e-01
9.891714777547867474e-03,-4.131586279439179443e-01,-4.131629866325609579e-01,9.999980580343128533e-01,-4.131510918190525739e-01,1.999997780610659692e+00,-4.131506273786439420e-01,4.132452755582919357e-01,1.423694397860934627e-05,7.259049411362257425e-06,1.361295125849373630e-05,9.999988903053298461e-01
9.901267823292141113e-03,-4.131586206046627407e-01,-4.131589981185188609e-01,1.000001100981805280e+00,-4.131588079210906650e-01,2.000001258264910931e+00,-4.131591785885844748e-01,4.132412024680918172e-01,1.045346980773456943e-07,1.260359187959848107e-06,7.408594295676007729e-07,1.000000629132455465e+00
9.913592146770061966e-03,-4.131586111363372837e-01,-4.131571045899524175e-01,1.000005914709488630e+00,-4.131573768324559026e-01,2.000006759667936951e+00,-4.131589160142269401e-01,4.132405647591083087e-01,-5.375042327001311324e-06,-5.406934371961212265e-06,5.418361311981620155e-06,1.000003379833968253e+00
9.930071901911160723e-03,-4.131585984755506424e-01,-4.131670974910717775e-01,9.999953850932987720e-01,-4.131606179949848245e-01,1.999994725820952057e+00,-4.131604410096727520e-01,4.132500370395421063e-01,2.179323879947792120e-06,8.912862024426160197e-06,9.399382656332988910e-06,9.999973629104760287e-01
9.940000784123789387e-03,-4.131585908475540192e-01,-4.131587712810466106e-01,9.999994900873182546e-01,-4.131567394080655209e-01,1.999999417242653843e+00,-4.131570470273642770e-01,4.132404377471857182e-01,-1.581305350793471384e-06,-6.541612049778586920e-06,8.897663862950888446e-06,9.999997086213269215e-01
9.945900160391717842e-03,-4.131585863152775207e-01,-4.131620182053537538e-01,1.000001630042019363e+00,-4.131651062676929831e-01,2.000001862905151029e+00,-4.131660884687582413e-01,4.132455044343218420e-01,-4.695338876637559749e-06,-5.405580346539591360e-06,4.044921492187418373e-06,1.000000931452575514e+00
9.953402387388123398e-03,-4.131585805515937682e-01,-4.131629751321357902e-01,9.999967001749977547e-01,-4.131601344531848352e-01,1.999996228771454110e+00,-4.131575328243971001e-01,4.132442894654967391e-01,3.439317794199344764e-06,4.811678122479501190e-06,5.072858245820467668e-06,9.999981143857270549e-01
9.964109250770342499e-03,-4.131585723259051934e-01,-4.131538336815814838e-01,1.000007683550349302e+00,-4.131528606916929913e-01,2.000008781200333985e+00,-4.131546814499299503e-01,4.132368624218011322e-01,-5.739358732418732712e-06,-5.768635330037902360e-06,6.720580316408170605e-06,1.000004390600166992e+00
9.974729115815105657e-03,-4.131585641670533771e-01,-4.131601321588528886e-01,1.000004174811691904e+00,-4.131631482394401145e-01,2.000004771213326205e+00,-4.131636348819134330e-01,4.132436661211233431e-01,-6.296845064081278313e-06,-4.792377923504915194e-06,6.179845364347828491e-06,1.000002385606663324e+00
9.986918471695246241e-03,-4.131585548024187537e-01,-4.131632454351872319e-01,9.999968580177781563e-01,-4.131592253226911149e-01,1.999996409163201871e+00,-4.131585927130121405e-01,4.132454464107470637e-01,9.991561542533588635e-07,3.981502641208520522e-06,3.901050065246901031e-06,9.999982045816009357e-01
1.000025982540806747e-02,-4.131585445527469758e-01,-4.131590237192372395e-01,1.000001622620726671e+00,-4.131579684702296751e-01,2.000001854423673731e+00,-4.131573270674939180e-01,4.132413426526397315e-01,7.213859914896869551e-06,1.118973231114562041e-06,7.550082105241828462e-06,1.000000927211836865e+00
1.001058962458196630e-02,-4.131585366167395690e-01,-4.131543358152997558e-01,1.000005947030298881e+00,-4.131465181985868318e-01,2.000006796606005111e+00,-4.131459632864142861e-01,4.132366864435001452e-01,-8.726299096337346062e-08,7.610303223104289818e-07,8.779904291037961686e-07,1.000003398303002555e+00
1.002037869403607506e-02,-4.131585290961559132e-01,-4.131537737790089704e-01,1.000008042631662653e+00,-4.131622347838971310e-01,2.000009191578974832e+00,-4.131643015981930622e-01,4.132365857009282495e-01,-1.359785917086579365e-05,-1.149578840186419878e-05,1.469195195364254373e-05,1.000004595789487416e+00
1.003002554694653638e-02,-4.131585216848318587e-01,-4.131596176759250727e-01,1.000004191492174455e+00,-4.131646620921004542e-01,2.000004790276734834e+00,-4.131643375132442730e-01,4.132428786427599920e-01,-4.005898229400397853e-06,-2.144564390732382774e-06,2.287557013804227021e-06,1.000002395138367639e+00
1.004024858552762800e-02,-4.131585138308456195e-01,-4.131568513729784176e-01,1.000003617301077563e+00,-4.131480251969997242e-01,2.000004134058343652e+00,-4.131462883037786971e-01,4.132392493355568908e-01,1.244874020914499890e-05,3.783330611729503344e-06,1.310529562182503615e-05,1.000002067029171826e+00
1.004896117935405800e-02,-4.131585071372745888e-01,-4.131585489305844017e-01,1.000003898067046704e+00,-4.131601133972028772e-01,2.000004454933734355e+00,-4.131623209136099928e-01,4.132414309159092025e-01,-1.621036660042982498e-06,-5.752278880888139042e-06,6.696402677773324383e-06,1.000002227466867177e+00
1.005938168724880913e-02,-4.131584991315785937e-01,-4.131613558854531076e-01,1.000001033795127281e+00,-4.131701037549158628e-01,2.000001181480136836e+00,-4.131709482251150756e-01,4.132442621644197289e-01,-9.417583770298194182e-06,-4.809752725073367053e-06,9.761166220547314251e-06,1.000000590740068196e+00
1.006923285030613194e-02,-4.131584915632911525e-01,-4.131618093182164997e-01,9.999996139899314240e-01,-4.131588239760777825e-01,1.999999558845639180e+00,-4.131569797787338905e-01,4.132444429269607755e-01,3.138940626315285055e-06,4.528757730851883409e-06,5.476573824798249910e-06,9.999997794228195902e-01
1.007575427529773873e-02,-4.131584865531182649e-01,-4.131579942781987147e-01,1.000001204790400333e+00,-4.131528016704587580e-01,2.000001376903304706e+00,-4.131526056530419599e-01,4.132398260159728665e-01,9.792986445040985748e-07,1.308652585231319949e-06,6.125375410716363075e-07,1.000000688451652131e+00
1.008749513702358359e-02,-4.131584775330466308e-01,-4.131612148834179488e-01,1.000003915410177191e+00,-4.131675238501990588e-01,2.000004474754454975e+00,-4.131689945793414198e-01,4.132449893876800617e-01,-1.011964557507476622e-05,-5.652950594209924467e-06,9.364718544911608861e-06,1.000002237377227488e+00
1.009485909055625984e-02,-4.131584718755893504e-01,-4.131595440140534148e-01,9.999987504666387750e-01,-4.131600238853366247e-01,1.999998571961883576e+00,-4.131570596568015508e-01,4.132407301708657110e-01,3.623933312983125277e-07,-4.708519437372890474e-07,1.500190136651224399e-06,9.999992859809417878e-01
1.010208966036225779e-02,-4.131584663206083752e-01,-4.131512923824153249e-01,1.000007888269913270e+00,-4.131480782051513700e-01,2.000009015165547854e+00,-4.131481218551409929e-01,4.132341375848849752e-01,-4.341695966237585494e-07,-9.168480697143496845e-06,1.004876303202349498e-05,1.000004507582773927e+00
1.011198667333583143e-02,-4.131584587170987199e-01,-4.131539986845290113e-01,1.000007995559077711e+00,-4.131511602942564143e-01,2.000009137781735280e+00,-4.131501852782437645e-01,4.132359077147899629e-01,-2.034998420536164428e-06,-7.131162410474222645e-06,7.168912175439643873e-06,1.000004568890867640e+00
1.012483853073553597e-02,-4.131584488434890678e-01,-4.131478061246169897e-01,1.000015117046041846e+00,-4.131580409726303138e-01,2.000017276623919038e+00,-4.131598162406506791e-01,4.132308921031520033e-01,-1.976654372047945089e-05,-1.681457538571974071e-05,2.031522618235942002e-05,1.000008638311959741e+00
1.013461147197323477e-02,-4.131584413352967222e-01,-4.131524877269692198e-01,1.000011227193464691e+00,-4.131605014146813581e-01,2.000012831078150199e+00,-4.131589634066482053e-01,4.132356205317588294e-01,-1.213366667093363951e-05,-7.973671570118429170e-06,9.807178811177300298e-06,1.000006415539074878e+00
1.014258017262106848e-02,-4.131584352132355864e-01,-4.131567470372216611e-01,1.000006963887107192e+00,-4.131476008262019439e-01,2.000007958728063251e+00,-4.131472153354739940e-01,4.132400229487164789e-01,3.688524958847460735e-06,2.181387383131078412e-06,3.747716925444280229e-06,1.000003979364031625e+00
1.015160144741257542e-02,-4.131584282825199184e-01,-4.131621924664998224e-01,1.000001024120929394e+00,-4.131567482710387651e-01,2.000001170423910235e+00,-4.131575680476035628e-01,4.132450212097599773e-01,-2.795584870356083791e-07,-6.347684071531714071e-07,4.919291490432344361e-07,1.000000585211955118e+00
1.016379315851444545e-02,-4.131584189160752429e-01,-4.131581226536624740e-01,9.999995908579439874e-01,-4.131552728040883693e-01,1.999999532409082237e+00,-4.131542511150153030e-01,4.132390407253380693e-01,-5.047537396811262193e-07,5.340120635256780913e-06,5.269520185316729298e-06,9.999997662045411184e-01
1.017180923682280309e-02,-4.131584127576165555e-01,-4.131466000915576253e-01,1.000012075260440447e+00,-4.131531197822448931e-01,2.000013800297542943e+00,-4.131541040614625238e-01,4.132296235939863505e-01,-9.810784434675187980e-06,-3.477179793614931310e-06,1.108162951332133268e-05,1.000006900148771471e+00
1.018049692082800307e-02,-4.131584060831872685e-01,-4.131532893317281796e-01,1.000011475718292075e+00,-4.131648206420858727e-01,2.000013115106521688e+00,-4.131656759282901215e-01,4.132368639480575312e-01,-1.381840310001973368e-05,-1.398804492035861347e-05,1.385289391947624304e-05,1.000006557553260844e+00
1.019051500802917003e-02,-4.131583983866573551e-01,-4.131643458551239600e-01,1.000000667773945029e+00,-4.131686373190361361e-01,2.000000763170217244e+00,-4.131689625681671529e-01,4.132473476187857875e-01,-9.313259949324509046e-06,2.238535206029474794e-08,7.752587754853447049e-06,1.000000381585108622e+00
1.019978098317131897e-02,-4.131583912679473447e-01,-4.131582414922336244e-01,1.000000720992689995e+00,-4.131512791196571555e-01,2.000000823991639365e+00,-4.131494227838470867e-01,4.132400901464900467e-01,7.013144050473316239e-06,4.728012841696127866e-06,7.922509057400932975e-06,1.000000411995819682e+00
1.020528118857612354e-02,-4.131583870423364835e-01,-4.131558242015047067e-01,1.000004510808545355e+00,-4.131491176620122885e-01,2.000005155209727548e+00,-4.131494005122172686e-01,4.132381109242150852e-01,-1.004506084597466252e-07,-2.216046701006121446e-06,3.589671286919101834e-06,1.000002577604863774e+00
1.021685835502497697e-02,-4.131583781480219209e-01,-4.131540162239439873e-01,1.000007882929271785e+00,-4.131628128978945824e-01,2.000009009061957777e+00,-4.131643158924543924e-01,4.132366724146185888e-01,-1.263559216115553942e-05,-9.948160407283403617e-06,1.259440889245620827e-05,1.000004504530978888e+00
1.023002219398015840e-02,-4.131583680347309939e-01,-4.131626956368978920e-01,1.000001944920229757e+00,-4.131623094631978743e-01,2.000002222765960180e+00,-4.131612908834818021e-01,4.132462378806015524e-01,1.266623167548093787e-06,2.251168353954759459e-06,3.932722420167257737e-06,1.000001111382980090e+00
1.024015943691671850e-02,-4.131583602466624150e-01,-4.131554276134273285e-01,1.000003309295858234e+00,-4.131549887492315110e-01,2.000003782052381496e+00,-4.131549182863861192e-01,4.132372805179756470e-01,2.892680475323228052e-06,5.968153852448031916e-06,5.221750152085130350e-06,1.000001891026190526e+00
1.025000293984315754e-02,-4.131583526842585452e-01,-4.131537904839033826e-01,1.000007755634575890e+00,-4.131608949958903709e-01,2.000008863582306340e+00,-4.131615557060916433e-01,4.132363271718442199e-01,-6.953252621944737312e-06,-8.730165782993721730e-06,9.985987472982513387e-06,1.000004431791153170e+00
1.026021331904895459e-02,-4.131583448400005798e-01,-4.131625553134566919e-01,1.000002117410488944e+00,-4.131793970391365312e-01,2.000002419897683570e+00,-4.131816344881560910e-01,4.132459220304309233e-01,-1.630368388930804446e-05,-1.713660393349820545e-05,1.690820730182912272e-05,1.000001209948841785e+00
1.026759977829776530e-02,-4.131583391652527970e-01,-4.131617941628856761e-01,9.999989715772380494e-01,-4.131700030572788007e-01,1.999998824659709351e+00,-4.131679947976669709e-01,4.132441930732675961e-01,-4.893108928273577231e-06,-2.995437462148420388e-06,3.179574478248044679e-06,9.999994123298546755e-01
1.027610354702489931e-02,-4.131583326321187633e-01,-4.131584814761650182e-01,1.000001505437548399e+00,-4.131559560843035550e-01,2.000001720500042435e+00,-4.131545129299213914e-01,4.132406205528562082e-01,3.788982644208280949e-06,3.009598704905130845e-06,4.121067598978303372e-06,1.000000860250021217e+00
1.028503582191667327e-02,-4.131583257697772904e-01,-4.131566568647609405e-01,1.000005162337963327e+00,-4.131547027821109164e-01,2.000005899814770949e+00,-4.131556485949026136e-01,4.132394291536651276e-01,2.430487940092310649e-06,-2.255982032837830485e-06,3.330683694688293543e-06,1.000002949907385474e+00
1.029502339782091026e-02,-4.131583180966889035e-01,-4.131579658319340376e-01,1.000004091482389557e+00,-4.131633986116157176e-01,2.000004675979839330e+00,-4.131639136832200299e-01,4.132407090326525312e-01,-5.083080816669371553e-06,-6.810466261777070315e-06,6.646819080270218130e-06,1.000002337989919443e+00
1.031000000000000145e-02,-4.131583065907153962e-01,-4.131614735475535594e-01,1.000001049914770013e+00,-4.131670870384983041e-01,2.000001199902585292e+00,-4.131672008020805253e-01,4.132444215889889416e-01,-4.108078261488114086e-06,-4.029853284520232917e-06,3.741941054897087268e-06,1.000000599951292646e+00
1.032063128921646179e-02,-4.131582984230877664e-01,-4.131544661673917096e-01,1.000004869927874962e+00,-4.131626636122337493e-01,2.000005565631815418e+00,-4.131630924860542620e-01,4.132367653634868576e-01,-1.007662298094832892e-05,-1.071507167329437970e-05,1.151225977745106873e-05,1.000002782815907709e+00
1.033169178205775585e-02,-4.131582899257166264e-01,-4.131556369157435848e-01,1.000006517985604138e+00,-4.131719693463894449e-01,2.000007449126348646e+00,-4.131723617281237160e-01,4.132382176392525031e-01,-1.719494289667514123e-05,-9.326297502003421601e-06,1.731593854328218759e-05,1.000003724563174545e+00
1.034255422673330260e-02,-4.131582815804992759e-01,-4.131555298166914580e-01,1.000006780007248741e+00,-4.131755254233538954e-01,2.000007748579654798e+00,-4.131752174561942881e-01,4.132385899412280850e-01,-2.017431292488369507e-05,-1.443960555201105846e-05,1.848190642398080669e-05,1.000003874289827621e+00
1.035049511795636638e-02,-4.131582754798066026e-01,-4.131592624137487846e-01,1.000003961846017253e+00,-4.131627524616003355e-01,2.000004527823985967e+00,-4.131608778429737283e-01,4.132424312252648835e-01,-1.303389825648933461e-06,-6.525390301279242723e-06,5.654742184122644407e-06,1.000002263911992983e+00
1.036003924422394459e-02,-4.131582681474041396e-01,-4.131652311775610431e-01,9.999981736845569014e-01,-4.131691937691200356e-01,1.999997912782366383e+00,-4.131703671797807287e-01,4.132484096324912093e-01,-1.459520825905562088e-06,-1.665789214441022577e-06,1.634699914681969624e-06,9.999989563911831914e-01
1.036902717659826667e-02,-4.131582612423070899e-01,-4.131520662361757301e-01,1.000004095266688875e+00,-4.131531663915198882e-01,2.000004680304751759e+00,-4.131515986716137179e-01,4.132329805909599751e-01,-3.221733774547453874e-08,-1.575735136101562835e-06,2.652838775314907348e-06,1.000002340152376101e+00
1.037527973867370321e-02,-4.131594859914997642e-01,-4.131545163205502247e-01,1.000010320227552540e+00,-4.131579146605792729e-01,2.000011794545686783e+00,-4.131597548746283599e-01,4.132384716969694227e-01,-4.081021307332758456e-06,-7.110791051901541638e-06,6.912680169606497892e-06,1.000005897272843391e+00
1.038287676105503592e-02,-4.131608235148957475e-01,-4.131614858761998854e-01,1.000001817732486531e+00,-4.131617000312693966e-01,2.000002077408540302e+00,-4.131614793960210474e-01,4.132439560338308504e-01,2.779443490086993268e-06,-8.927249716566938401e-07,2.539682992194909205e-06,1.000001038704270373e+00
1.039324023317541104e-02,-4.131620631296799573e-01,-4.131612472612555265e-01,1.000001380010617780e+00,-4.131709020393329324e-01,2.000001577154979948e+00,-4.131723561001240941e-01,4.132446539494551985e-01,-1.017258692496634285e-05,-7.563332614207947445e-06,1.108667738977995822e-05,1.000000788577489974e+00
1.040338850777047276e-02,-4.131628400183141037e-01,-4.131668297931334055e-01,9.999949052165106878e-01,-4.131742274670182069e-01,1.999994177390341354e+00,-4.131724573804436695e-01,4.132492554281060326e-01,-8.304615453299782869e-06,-2.061993196394493528e-06,6.864869431061842599e-06,9.999970886951706772e-01
1.041263307727983457e-02,-4.131633036224728328e-01,-4.131643143300938736e-01,9.999958467378844418e-01,-4.131622616792594571e-01,1.999995253414760477e+00,-4.131624858675626011e-01,4.132465709542124110e-01,-1.293782808580963067e-06,-1.259524203995393512e-06,1.320205200264217204e-06,9.999976267073802383e-01
1.042288648746349938e-02,-4.131636406836213249e-01,-4.131618922017282203e-01,9.999995497798075395e-01,-4.131648958548094774e-01,1.999999485462641058e+00,-4.131654398895794889e-01,4.132449025394994147e-01,-2.709129468830236061e-06,-6.371176563220882990e-07,3.681212502696391357e-06,9.999997427313205289e-01
1.043218950784721016e-02,-4.131638402740662741e-01,-4.131652021597536639e-01,9.999969285686897136e-01,-4.131738290041978012e-01,1.999996489792814192e+00,-4.131749233496469498e-01,4.132478802654654948e-01,-8.895660820213338780e-06,-7.216661162110637978e-06,8.189011824199936599e-06,9.999982448964070958e-01
1.044097670580872855e-02,-4.131639673946921887e-01,-4.131648695632161306e-01,9.999959846597006319e-01,-4.131775380233245198e-01,1.999995411039692028e+00,-4.131765339717056729e-01,4.132468957028483381e-01,-1.707295132910839163e-06,-5.656879090667114847e-06,4.964880273256274487e-06,9.999977055198461251e-01
1.045061818555287868e-02,-4.131640609327497660e-01,-4.131561104242164051e-01,1.000002526530946900e+00,-4.131644124072408886e-01,2.000002887463918189e+00,-4.131640923354611972e-01,4.132384776342553634e-01,-1.260369701962581040e-05,-6.373634736588412677e-07,1.297818707882304627e-05,1.000001443731958872e+00
1.046017952027677306e-02,-4.131641220145527704e-01,-4.131606604822440354e-01,1.000002737019731081e+00,-4.131623492112184159e-01,2.000003128022526333e+00,-4.131613361096868053e-01,4.132438332869554642e-01,-2.604159459984165877e-06,1.310595170986457163e-06,2.011569897719820777e-06,1.000001564011263167e+00
1.047092413502719380e-02,-4.131641662268509263e-01,-4.131651498691847335e-01,9.999972729284264394e-01,-4.131489623989786364e-01,1.999996883346796261e+00,-4.131489393707935553e-01,4.132476804588510744e-01,9.853465339588473945e-06,2.595242479754688340e-06,1.022063571125233839e-05,9.999984416733981307e-01
1.048141843887340392e-02,-4.131641934120185988e-01,-4.131606628440629425e-01,9.999991744095354518e-01,-4.131554751820731841e-01,1.999999056468047653e+00,-4.131552714758846001e-01,4.132427714840922750e-01,9.759256699224521796e-06,4.885451669322844042e-06,9.843389709221782346e-06,9.999995282340238267e-01
1.049351173888458597e-02,-4.131642126197833109e-01,-4.131582794714460105e-01,1.000004959491200385e+00,-4.131507707059561274e-01,2.000005667989900981e+00,-4.131521263851286596e-01,4.132419654280469201e-01,6.626236970873325950e-06,-1.728026745506826340e-06,5.257759150447282655e-06,1.000002833994950491e+00
1.050165691431501763e-02,-4.131642208870721089e-01,-4.131664605512765931e-01,9.999977498279354338e-01,-4.131595506581318689e-01,1.999997428374802544e+00,-4.131598325298960206e-01,4.132494761218364898e-01,2.663514948230824533e-06,1.200053364718095504e-07,4.000199399671461106e-06,9.999987141874012719e-01
1.051078756042795638e-02,-4.131642272497159651e-01,-4.131684363806990001e-01,9.999931727820138283e-01,-4.131501635470891665e-01,1.999992197465216615e+00,-4.131491322318251447e-01,4.132509803191005693e-01,1.906274281577980778e-05,1.403452257211667051e-05,1.992704034176199558e-05,9.999960987326084183e-01
1.052015672874240249e-02,-4.131642316053248387e-01,-4.131654868004662196e-01,9.999945108144541184e-01,-4.131572631550360919e-01,1.999993726645137082e+00,-4.131587216156482611e-01,4.132477964000449977e-01,8.054000774011874493e-06,3.362014804513890313e-06,6.271413851622516865e-06,9.999968633225685410e-01
1.053003100839910132e-02,-4.131642346148602374e-01,-4.131632563431156258e-01,9.999973047820897021e-01,-4.131571412330192761e-01,1.999996919750982816e+00,-4.131566317834371449e-01,4.132456844354890357e-01,1.619347970632258902e-06,2.769551181058264396e-06,2.887678730209926137e-06,9.999984598754912968e-01
1.054101285248950151e-02,-4.131642367292147622e-01,-4.131640003173976394e-01,9.999973894369514893e-01,-4.131503438127211991e-01,1.999997016499395430e+00,-4.131498491256108685e-01,4.132462348866742796e-01,5.891426872947329381e-06,2.688624453191016998e-06,5.955465147496078268e-06,9.999985082496977151e-01
1.055078721472751425e-02,-4.131642379105681107e-01,-4.131579831196177666e-01,1.000001751323367216e+00,-4.131543103610461065e-01,2.000002001512404703e+00,-4.131553869120550559e-01,4.132410314272186302e-01,-4.307137149085748316e-06,-8.395909024087968678e-06,8.381004587484939606e-06,1.000001000756202352e+00
1.056000503726460017e-02,-4.131642386342819218e-01,-4.131694627182322388e-01,9.999961019655533301e-01,-4.131559878933915853e-01,1.999995545103522732e+00,-4.131548647383385675e-01,4.132534380465304746e-01,3.851683991529512438e-06,1.203173458014812574e-05,1.525529934895242083e-05,9.999977725517613658e-01
1.056448717139263360e-02,-4.131642388893709827e-01,-4.131722470696772564e-01,9.999907603221268593e-01,-4.131576191673621001e-01,1.999989440368223903e+00,-4.131591820016507488e-01,4.132553093193573890e-01,9.417875871510752715e-06,1.321193127402288284e-05,1.246355764607398184e-05,9.999947201841118405e-01
1.057272621438444353e-02,-4.131642392382038342e-01,-4.131730175063747512e-01,9.999867214748510147e-01,-4.131720849782560823e-01,1.999984824542800022e+00,-4.131713299469533807e-01,4.132546718616823545e-01,6.535486154886435971e-06,5.940434899196288430e-06,6.902281666485206047e-06,9.999924122714000108e-01
1.058131423916778072e-02,-4.131642394796713469e-01,-4.131647013513793376e-01,9.999936194741024797e-01,-4.131631451580490277e-01,1.999992707970457140e+00,-4.131627292628032300e-01,4.132473143251406134e-01,5.580395305064212069e-06,-1.460158600674302783e-06,5.263545913445474622e-06,9.999963539852285699e-01
1.059118994763058770e-02,-4.131642396524540239e-01,-4.131674421916380902e-01,9.999943672605942080e-01,-4.131530618613505901e-01,1.999993562583584295e+00,-4.131518858646723302e-01,4.132497294505722008e-01,1.539628552699431047e-05,7.467197636017130980e-06,1.594439568256477232e-05,9.999967812917921473e-01
1.060087634126833343e-02,-4.131642397493119345e-01,-4.131616085132749361e-01,9.999977631532205313e-01,-4.131564793906848387e-01,1.999997443603699576e+00,-4.131575252469470438e-01,4.132440419379538321e-01,5.970216755029570696e-06,3.651180887364338196e-06,4.983536340728715064e-06,9.999987218018498991e-01
1.061131626664474532e-02,-4.131642398015410445e-01,-4.131625606602628564e-01,9.999991762667563844e-01,-4.131639684336017027e-01,1.999999058590585799e+00,-4.131639955426285593e-01,4.132452452140166210e-01,1.650368350064656008e-06,-2.965151232149550146e-06,2.640674468725265717e-06,9.999995292952928994e-01
1.062499064398469105e-02,-4.131642398194441679e-01,-4.131644207782977918e-01,9.999979667217635537e-01,-4.131584926579249806e-01,1.999997676253461476e+00,-4.131584922245931102e-01,4.132474511369793602e-01,2.905152577694993043e-06,3.458345412280571592e-06,3.928395207645605577e-06,9.999988381267307380e-01
1.063434903071912817e-02,-4.131642398113963832e-01,-4.131646542208339268e-01,9.999952902980877578e-01,-4.131548798988569082e-01,1.999994617483568993e+00,-4.131534748926340428e-01,4.132466573400969678e-01,8.237396092745565086e-06,8.987533837443889052e-06,9.732551812471558386e-06,9.999973087417844964e-01
1.064383119661587059e-02,-4.131642397928184662e-01,-4.131638861812422236e-01,9.999994559016597284e-01,-4.131510055891039479e-01,1.999999378173329845e+00,-4.131529165333919784e-01,4.132476994068754461e-01,1.341890317687767357e-05,8.403779364534941975e-06,1.295408447113428382e-05,9.999996890866649224e-01
1.065346780801828055e-02,-4.131642397668224276e-01,-4.131702693625386447e-01,9.999903622709580553e-01,-4.131583161527638270e-01,1.999988985452605617e+00,-4.131571486090150347e-01,4.132520530814285387e-01,1.695866781565115634e-05,1.448017208106837898e-05,1.683307757881699336e-05,9.999944927263028083e-01
1.066170212403572473e-02,-4.131642397407908618e-01,-4.131643908782386410e-01,9.999952356660939401e-01,-4.131582072785225379e-01,1.999994555047005074e+00,-4.131595135281235232e-01,4.132475865704309803e-01,6.145304348477357647e-06,9.657122645664019753e-07,5.033336015149644082e-06,9.999972775235025368e-01
1.067101927182812285e-02,-4.131642397084759888e-01,-4.131718786071970628e-01,9.999914822669706549e-01,-4.131598356299007735e-01,1.999990265448038818e+00,-4.131588588349019986e-01,4.132545733109900254e-01,1.221539654120008445e-05,9.123825881394701228e-06,1.364246274405999851e-05,9.999951327240194088e-01
1.068052400787012322e-02,-4.131642396733962164e-01,-4.131684674109077915e-01,9.999911254515144732e-01,-4.131562269634176943e-01,1.999989857658949211e+00,-4.131567813621478957e-01,4.132507098170866144e-01,1.169947212933418115e-05,1.485237412871838690e-06,1.047663674124644420e-05,9.999949288294746053e-01
1.069019787566296946e-02,-4.131642396362374958e-01,-4.131648917968079315e-01,9.999950315063693695e-01,-4.131598790885782080e-01,1.999994321721607404e+00,-4.131599709340705306e-01,4.132470635107296508e-01,6.300659245573554756e-06,5.779127051819157355e-06,6.224277977396169916e-06,9.999971608608037021e-01
1.070010593597367499e-02,-4.131642395971801829e-01,-4.131564542326162104e-01,1.000002181908001386e+00,-4.131565562852912432e-01,2.000002493609125853e+00,-4.131565341552158044e-01,4.132383608514432205e-01,3.216992661105496498e-06,-4.565135734667122254e-06,5.876405533747802010e-06,1.000001246804562927e+00
1.071000089165716380e-02,-4.131642395575184090e-01,-4.131629508917863403e-01,1.000001166830650767e+00,-4.131684108507977515e-01,2.000001333520733393e+00,-4.131690198223662014e-01,4.132463939335404013e-01,-2.513644843621807409e-06,-1.367520320962566179e-06,2.161203713008580840e-06,1.000000666760366697e+00
1.071864145321660064e-02,-4.131642395225285092e-01,-4.131588377885070940e-01,1.000000613582197495e+00,-4.131476168123514037e-01,2.000000701236791745e+00,-4.131451985115001113e-01,4.132408254577678575e-01,4.034728946044062932e-06,1.416665462672927014e-06,4.133201840130260522e-06,1.000000350618395872e+00
1.072498335389911878e-02,-4.131642394966969500e-01,-4.131608753931956812e-01,1.000002669186331294e+00,-4.131545039929193086e-01,2.000003050498641244e+00,-4.131582347933416277e-01,4.132443874616121837e-01,-4.112498657043307641e-06,-3.991525304650506183e-06,5.983579306626266389e-06,1.000001525249320844e+00
1.073223090497866378e-02,-4.131642394670695939e-01,-4.131650247277501853e-01,9.999971177914112053e-01,-4.131749535050810995e-01,1.999996706047351580e+00,-4.131746175695711343e-01,4.132470186520136313e-01,-9.545968587406226239e-06,-2.518970101173696605e-06,7.645835563495411853e-06,9.999983530236757900e-01
1.074043193029898188e-02,-4.131642394334443802e-01,-4.131585947109344681e-01,1.000000317636757563e+00,-4.131613033056136253e-01,2.000000363013434423e+00,-4.131597808242783443e-01,4.132409842053978988e-01,5.146731092002532543e-06,3.574860276441092162e-06,5.810252727808520289e-06,1.000000181506717212e+00
1.074810469235266269e-02,-4.131642394019106046e-01,-4.131639034729684412e-01,1.000000098555528183e+00,-4.131678757204592656e-01,2.000000112634888527e+00,-4.131690837571593278e-01,4.132473675721659023e-01,-1.415821338831117798e-06,-1.363049548628533461e-06,1.952439835360856697e-06,1.000000056317444264e+00
1.076008278216104321e-02,-4.131642393525974954e-01,-4.131679133638472834e-01,9.999937413956756505e-01,-4.131703307437412098e-01,1.999992847309396860e+00,-4.131704323558702541e-01,4.132506553293996410e-01,-3.134416848671502872e-06,-5.461460375998339793e-07,3.381407920470935781e-06,9.999964236546984298e-01
1.076697061133296413e-02,-4.131642393242008771e-01,-4.131639962708353875e-01,9.999950726241604304e-01,-4.131557590977887884e-01,1.999994368713368109e+00,-4.131527551248273533e-01,4.132459463016897039e-01,8.637068272473975034e-06,6.781482180196708520e-06,1.060167486200494174e-05,9.999971843566840546e-01
1.077045009974740564e-02,-4.131690976448175179e-01,-4.131633730587495612e-01,9.999973775964446920e-01,-4.131462271396059149e-01,1.999997002967387694e+00,-4.131454223971154915e-01,4.132488015236230883e-01,1.481779806918274600e-05,9.349306138573382468e-06,1.576576270577743354e-05,9.999985014836938468e-01
1.077760856172031538e-02,-4.131690921452305099e-01,-4.131670785331956197e-01,9.999948459901996101e-01,-4.131595753506796531e-01,1.999994109703129075e+00,-4.131616954645718209e-01,4.132498620900024733e-01,7.750801826312286681e-06,5.383340476109459164e-06,6.538274493194372304e-06,9.999970548515645374e-01
1.078964143228753475e-02,-4.131690829008154431e-01,-4.131735587077746130e-01,9.999895044734710137e-01,-4.131665287513371365e-01,1.999988005112627754e+00,-4.131661464487032531e-01,4.132568849196570637e-01,4.077390546133015863e-06,-1.125968963194169453e-06,4.413973834602971583e-06,9.999940025563138768e-01
1.079317214361666041e-02,-4.131690801882955677e-01,-4.131725520142064401e-01,9.999875978414999311e-01,-4.131654888728304442e-01,1.999985826104676789e+00,-4.131643864799124377e-01,4.132543857593059533e-01,6.711729581703806548e-06,4.209835789556886927e-06,8.227408573144727295e-06,9.999929130523385057e-01
1.080137423061389677e-02,-4.131690738869301383e-01,-4.131661259322810809e-01,9.999926117679339699e-01,-4.131544241432282272e-01,1.999991556306273344e+00,-4.131536104800614950e-01,4.132486208277049156e-01,1.513723286278494001e-05,1.509495772400299157e-05,1.448257581867391741e-05,9.999957781531366718e-01
1.081013680186826420e-02,-4.131690671549634319e-01,-4.131668276787409111e-01,9.999946167622244531e-01,-4.131658522736016970e-01,1.999993847728302576e+00,-4.131674724788566566e-01,4.132496136544339116e-01,-1.604256937959370056e-06,2.695949905135203369e-06,3.116448548813325123e-06,9.999969238641512881e-01
1.081842346515455612e-02,-4.131690607886192579e-01,-4.131703203002956015e-01,9.999921215630720450e-01,-4.131639406532170433e-01,1.999990996072149363e+00,-4.131627635667194931e-01,4.132534126575732047e-01,9.006334515870080304e-06,4.207291356103380290e-06,1.098751243988692583e-05,9.999954980360746815e-01
1.082749632756151853e-02,-4.131690538182690164e-01,-4.131726152487611436e-01,9.999887561464837482e-01,-4.131628650254065560e-01,1.999987149881791382e+00,-4.131636861728763543e-01,4.132554214427140993e-01,1.017154373833932647e-05,5.812397154859193038e-06,9.384108124469157895e-06,9.999935749408956909e-01
1.083848203814236771e-02,-4.131690453783486427e-01,-4.131679180177367239e-01,9.999907052489644954e-01,-4.131634584493883988e-01,1.999989377427467074e+00,-4.131631714423048551e-01,4.132498436612384585e-01,4.173947651342470799e-06,8.426407034886282139e-06,8.438737559327128113e-06,9.999946887137335372e-01
1.084875421263470537e-02,-4.131690374866104909e-01,-4.131705807915110329e-01,9.999921876980624180e-01,-4.131646574481640521e-01,1.999991071654995123e+00,-4.131643276880615501e-01,4.132537879874120246e-01,8.829046754921147128e-06,1.179217810209327095e-05,1.279669878097089292e-05,9.999955358274975614e-01
1.086009186079622303e-02,-4.131690287763128966e-01,-4.131751789530286878e-01,9.999866636809177090e-01,-4.131576713555603075e-01,1.999984758492590942e+00,-4.131572579648546406e-01,4.132581294376654890e-01,1.939393059657220587e-05,1.455501517805013015e-05,1.994084996235713823e-05,9.999923792462954708e-01
1.087050234512895210e-02,-4.131690207783171864e-01,-4.131737036517894035e-01,9.999863237692848683e-01,-4.131475335583516539e-01,1.999984370022156233e+00,-4.131467809718545325e-01,4.132562584509521519e-01,2.593333497188505908e-05,2.140280436069834396e-05,2.597369218884031011e-05,9.999921850110781163e-01
1.088062287149624274e-02,-4.131690130030835073e-01,-4.131744291778480238e-01,9.999864545245922276e-01,-4.131611082821843861e-01,1.999984519456792231e+00,-4.131630124812565863e-01,4.132570078107589695e-01,1.091608882003770660e-05,1.292567478552407208e-05,1.241053162143366081e-05,9.999922597283961156e-01
1.089036226712705897e-02,-4.131690055206611034e-01,-4.131723277646319747e-01,9.999875852099987528e-01,-4.131645640025596866e-01,1.999985811668675950e+00,-4.131644688649925845e-01,4.132545443070108071e-01,1.625355456039081510e-05,9.384809418186501818e-06,1.619799726679894074e-05,9.999929058343379751e-01
1.090052598090429301e-02,-4.131689977122487423e-01,-4.131642169142559773e-01,9.999941725179701812e-01,-4.131722504232284154e-01,1.999993340020586929e+00,-4.131730890662172473e-01,4.132462853352433796e-01,-2.297772729896613982e-07,2.319083471922051085e-06,1.700440830836723013e-06,9.999966700102934647e-01
1.091008572779767621e-02,-4.131689903678438247e-01,-4.131623330114001513e-01,9.999984843904426990e-01,-4.131605687109851099e-01,1.999998267874804725e+00,-4.131585817185077780e-01,4.132448806927411789e-01,6.018227323380646808e-06,3.975941712424581223e-06,7.192812891047008896e-06,9.999991339374023624e-01
1.091729576389238038e-02,-4.131689848286324018e-01,-4.131665609763598979e-01,9.999968200749587144e-01,-4.131624144449429492e-01,1.999996365799979969e+00,-4.131634473392978291e-01,4.132498881174101468e-01,2.375365235004285081e-06,-1.507857683813522540e-06,2.091443994561185720e-06,9.999981828999898736e-01
1.092323612966119781e-02,-4.131689802648630394e-01,-4.131675272457029369e-01,9.999932161546720710e-01,-4.131642835936744640e-01,1.999992247033968829e+00,-4.131626871489583186e-01,4.132495216957474682e-01,3.641408608414090559e-06,3.663689042689817833e-07,5.410069538686041970e-06,9.999961235169844143e-01
1.093131589888869486e-02,-4.131689740574707170e-01,-4.131629251468515451e-01,9.999969512803393856e-01,-4.131496783103687509e-01,1.999996515748985182e+00,-4.131494934660656648e-01,4.132460503626185777e-01,1.366919751567567047e-05,5.248134164044660277e-06,1.280164855185741588e-05,9.999982578744925910e-01
1.094002192252783306e-02,-4.131689673689499798e-01,-4.131705606875711312e-01,9.999934844786450006e-01,-4.131689665773225495e-01,1.999992553689935448e+00,-4.131711206221707622e-01,4.132541049088744312e-01,-4.300450778271131529e-08,1.979668694698619770e-07,1.130296711841286712e-06,9.999962768449677242e-01
1.094999999999999966e-02,-4.131689597031549810e-01,-4.131728493569877259e-01,9.999884227673329073e-01,-4.131748821657080795e-01,1.999986768877050514e+00,-4.131753040621716777e-01,4.132556375299233364e-01,-2.900132763838362645e-06,8.224437356717754507e-06,8.796179085954802641e-06,9.999933844385252568e-01
1.095590528640931482e-02,-4.131689551663354498e-01,-4.131763804528373329e-01,9.999862982742991901e-01,-4.131724108486745095e-01,1.999984340885029965e+00,-4.131715331776176225e-01,4.132597026213886138e-01,5.896514157828193031e-06,8.480779892680770208e-06,8.611973387408518915e-06,9.999921704425149827e-01
1.096425614538251887e-02,-4.131689487506725600e-01,-4.131745021986156785e-01,9.999826219904428548e-01,-4.131636495363681938e-01,1.999980139417796954e+00,-4.131624815977759657e-01,4.132555267875578919e-01,1.653684535339163615e-05,1.349289349433938697e-05,1.656436663437427765e-05,9.999900697088984769e-01
1.097189615984776878e-02,-4.131689428811282094e-01,-4.131645317816676211e-01,9.999934452522140083e-01,-4.131624400372717609e-01,1.999992508859729012e+00,-4.131642033532039737e-01,4.132475933687186909e-01,8.287873077087818202e-06,8.599309261922804715e-06,6.085089262322338169e-06,9.999962544298645062e-01
1.098011900181995217e-02,-4.131689365638180345e-01,-4.131706859701415602e-01,9.999928573783285479e-01,-4.131856556612661935e-01,1.999991837003864958e+00,-4.131877968628422937e-01,4.132539436749292361e-01,-8.499865479050939247e-06,-4.096106353763712978e-06,9.564044200268679346e-06,9.999959185019324792e-01
1.098556573041131919e-02,-4.131689323792901436e-01,-4.131680809134157251e-01,9.999911456986457781e-01,-4.131810247729461594e-01,1.999989880798527686e+00,-4.131787256690439558e-01,4.132499955548298853e-01,-4.093553839020571910e-06,9.137473013366022008e-08,2.917705148393092818e-06,9.999949403992638430e-01
1.100005199070083935e-02,-4.131689212500295749e-01,-4.131656416577322855e-01,9.999960746883493901e-01,-4.131555009402995138e-01,1.999995513929575752e+00,-4.131535434102329152e-01,4.132484419159352940e-01,9.321499113620041764e-06,6.028221908549948426e-06,1.072717182415646291e-05,9.999977569647878761e-01
1.101000345620085745e-02,-4.131689136046798327e-01,-4.131676772929148145e-01,9.999940878410862322e-01,-4.131585023314787719e-01,1.999993243247006225e+00,-4.131594353420914856e-01,4.132505198140016267e-01,4.361344852980665663e-06,2.880740763373848964e-06,3.527970153984706696e-06,9.999966216235031125e-01
1.102000535265090612e-02,-4.131689059205856940e-01,-4.131704080778544896e-01,9.999914342566187386e-01,-4.131606499213328898e-01,1.999990210579065897e+00,-4.131604605073845859e-01,4.132533177211825115e-01,7.278856357582132569e-06,1.094121075113687639e-05,1.191168235940800802e-05,9.999951052895329484e-01
1.103406769585523958e-02,-4.131688951170013890e-01,-4.131640522400690796e-01,9.999959238265395678e-01,-4.131563192614473023e-01,1.999995341516080050e+00,-4.131571425811118581e-01,4.132464013296970884e-01,5.943160448300064603e-06,7.516382364036555105e-06,7.068036288594392084e-06,9.999976707580399138e-01
1.104737121923477124e-02,-4.131688848963916971e-01,-4.131642481148197210e-01,9.999980704734382497e-01,-4.131636084209602822e-01,1.999997794826802844e+00,-4.131640933325060883e-01,4.132472155930214108e-01,6.532156471754433478e-07,-6.864837815947660424e-07,1.354816280544589361e-06,9.999988974134015329e-01
1.106001142126654228e-02,-4.131688751853884733e-01,-4.131661757989667505e-01,9.999952393052802258e-01,-4.131666035868494791e-01,1.999994559206075273e+00,-4.131667010326970924e-01,4.132488953443824720e-01,6.898522255951102852e-07,-2.778470227295347525e-06,2.858499597431623374e-06,9.999972796030376365e-01
1.107004848703704511e-02,-4.131688674742767797e-01,-4.131727315785059806e-01,9.999904687058557284e-01,-4.131593870756373188e-01,1.999989107092487783e+00,-4.131582309029725453e-01,4.132559855462386578e-01,7.158788233632222802e-06,1.092262537021592199e-05,1.264244683344005588e-05,9.999945535462438917e-01
1.108003956372213133e-02,-4.131688597984973232e-01,-4.131614252942699683e-01,9.999954324408799611e-01,-4.131545206186679198e-01,1.999994779932473099e+00,-4.131550603358003504e-01,4.132427898164167113e-01,8.563525488179602713e-06,5.043635732417490576e-06,7.433074198936243974e-06,9.999973899662365495e-01
1.109001598772935658e-02,-4.131688521339745290e-01,-4.131618236626360963e-01,1.000000184805773795e+00,-4.131624488945657703e-01,2.000000211206596656e+00,-4.131627162628059846e-01,4.132446535017937905e-01,-1.469597046747786900e-06,-8.720659561604104057e-07,1.700909405678703798e-06,1.000000105603298328e+00
1.110045001394369645e-02,-4.131688441178924531e-01,-4.131707765651209119e-01,9.999932134921137861e-01,-4.131638940297423512e-01,1.999992243991044916e+00,-4.131629705095606897e-01,4.132538749915959375e-01,1.197834306014074985e-05,1.177174140225827764e-05,1.368409653112694673e-05,9.999961219955224578e-01
1.111041576274407992e-02,-4.131688364615690445e-01,-4.131679452385139673e-01,9.999918505599821872e-01,-4.131533325509875731e-01,1.999990686354334635e+00,-4.131534418136500464e-01,4.132504073136614164e-01,1.156943512982178754e-05,8.234233766112066441e-06,1.105567605098025940e-05,9.999953431771673174e-01
1.112050000632734160e-02,-4.131688287142106786e-01,-4.131697413727166701e-01,9.999919021488253845e-01,-4.131492238905369319e-01,1.999990745313012352e+00,-4.131482261056859118e-01,4.132525445358983807e-01,2.358343589314443594e-05,1.229804989900040794e-05,2.456014771016057561e-05,9.999953726565061762e-01
1.113093877227362173e-02,-4.131688206944886810e-01,-4.131706172276195521e-01,9.999903817919539861e-01,-4.131540478516347314e-01,1.999989007762315030e+00,-4.131546126645533890e-01,4.132530106407310555e-01,1.847892744430200561e-05,1.330946226396771758e-05,1.795494892622573137e-05,9.999945038811575149e-01
1.114074633820112160e-02,-4.131688131596930602e-01,-4.131664224364480775e-01,9.999931724832560320e-01,-4.131621699318017704e-01,1.999992197123779514e+00,-4.131633362102682394e-01,4.132487378208704043e-01,4.812019758345837346e-06,-2.359921433828250609e-06,3.154669795813379761e-06,9.999960985618897569e-01
1.115001113320312348e-02,-4.131688060418879371e-01,-4.131645016040625951e-01,9.999960505319896997e-01,-4.131636109381822686e-01,1.999995486322307725e+00,-4.131632633199439630e-01,4.132469454705405831e-01,-3.226667254753339740e-07,-1.651629716173454933e-07,4.738390765191652305e-07,9.999977431611538625e-01
1.116000214311235923e-02,-4.131687983661589403e-01,-4.131665764267304919e-01,9.999953965076051610e-01,-4.131613724158252898e-01,1.999994738865873645e+00,-4.131606752937508342e-01,4.132494607370321149e-01,1.039377736055007966e-05,1.013932034939992584e-06,1.174486631115987606e-05,9.999973694329368223e-01
1.117004020720417830e-02,-4.131687906542790278e-01,-4.131658384609633861e-01,9.999949425678132942e-01,-4.131594834858307030e-01,1.999994220077544016e+00,-4.131594368201304546e-01,4.132483797725049479e-01,6.100991204850466368e-06,5.031202648438129986e-06,5.365661159339153224e-06,9.999971100387720080e-01
1.118031406202887011e-02,-4.131687827612495201e-01,-4.131688369286411477e-01,9.999932592823014277e-01,-4.131738245177666302e-01,1.999992296322687935e+00,-4.131752252961191085e-01,4.132516111875891296e-01,-2.721163665234980177e-06,1.243768600073610210e-06,3.215998800120991126e-06,9.999961481613438563e-01
1.119014627898460255e-02,-4.131687752075147713e-01,-4.131655218597088397e-01,9.999943025753924575e-01,-4.131576232554013406e-01,1.999993488657639817e+00,-4.131556397627298427e-01,4.132477269476581005e-01,2.612805406238887981e-06,3.805747783913479347e-06,3.664962363868720814e-06,9.999967443288199087e-01
1.120006904645900157e-02,-4.131687675842132257e-01,-4.131591746676075982e-01,1.000000089064838615e+00,-4.131694353570659062e-01,2.000000101788386164e+00,-4.131715413626962929e-01,4.132411921326232251e-01,-1.100140224345942560e-05,-7.300462845278366820e-06,1.275046912037820608e-05,1.000000050894193082e+00
1.120957329939679253e-02,-4.131687602824394845e-01,-4.131591871477280353e-01,1.000002611018746990e+00,-4.131732746667592382e-01,2.000002984021403307e+00,-4.131730730290210651e-01,4.132418926276084092e-01,-7.231303167125221818e-06,-2.068124342353375945e-06,6.049954661651016243e-06,1.000001492010701654e+00
1.121879760294406531e-02,-4.131687531957431991e-01,-4.131587404125506291e-01,1.000002620332804071e+00,-4.131628529606253819e-01,2.000002994666039591e+00,-4.131617276090451263e-01,4.132413014167493071e-01,-2.334441633368858052e-06,-4.019148132950089633e-06,4.528292520618116670e-06,1.000001497333019795e+00
1.123002478414525385e-02,-4.131687445703112194e-01,-4.131614233979685746e-01,1.000001093839097743e+00,-4.131588188756444846e-01,2.000001250101816730e+00,-4.131583320289358152e-01,4.132443720763035455e-01,-7.744924890749327307e-06,-7.959166485525399543e-06,8.192509117104225554e-06,1.000000625050908365e+00
1.124000567442095914e-02,-4.131687369023552825e-01,-4.131652454335951741e-01,9.999973053138033752e-01,-4.131554760834134643e-01,1.999996920358655172e+00,-4.131544831312973787e-01,4.132482684748889357e-01,2.177509539400861615e-06,3.604616534594616091e-06,4.930336683942614071e-06,9.999984601793275862e-01
1.124936995779990748e-02,-4.131687297081140797e-01,-4.131683737512467647e-01,9.999937660105857606e-01,-4.131652908710986560e-01,1.999992875440722351e+00,-4.131671340236791612e-01,4.132513348232526584e-01,-4.466382773277310013e-07,3.510765836798625087e-06,3.315027725408721467e-06,9.999964377203611754e-01
1.125773020791203533e-02,-4.131687232852372382e-01,-4.131750351810944411e-01,9.999886408501570401e-01,-4.131644880807647247e-01,1.999987018114561810e+00,-4.131634829264716480e-01,4.132585803997910756e-01,4.431319868307788799e-06,1.370009253953383199e-05,1.551715387478040748e-05,9.999935090572809049e-01
1.126895467245521421e-02,-4.131687146618902573e-01,-4.131773107791666400e-01,9.999828749046634213e-01,-4.131508882068516963e-01,1.999980428462618143e+00,-4.131497009005826726e-01,4.132598582554029565e-01,1.979001717239393075e-05,2.069763077546831455e-05,2.050663018203122576e-05,9.999902142313090714e-01
1.128117539371534424e-02,-4.131687052731533583e-01,-4.131707053520515260e-01,9.999883077509575946e-01,-4.131469013443386795e-01,1.999986637429765235e+00,-4.131465917878437977e-01,4.132534356701950684e-01,2.493700831597494514e-05,1.630404458102213035e-05,2.441327542951069588e-05,9.999933187148826175e-01
1.129361819290367226e-02,-4.131686957138041016e-01,-4.131733512500272432e-01,9.999867762444119013e-01,-4.131513426941683664e-01,1.999984887136583511e+00,-4.131511839435784705e-01,4.132554967705312499e-01,2.354963659174492914e-05,2.002577209780626830e-05,2.327417803101451593e-05,9.999924435682916446e-01
1.130732644664820576e-02,-4.131686851822512496e-01,-4.131686337595502079e-01,9.999917585475257553e-01,-4.131575091551308865e-01,1.999990581197242712e+00,-4.131583848444366214e-01,4.132511176207146475e-01,6.476512451190536793e-06,5.943871031926649399e-06,4.727417626019165001e-06,9.999952905986212448e-01
1.131839041228608310e-02,-4.131686766822084134e-01,-4.131641009554479216e-01,9.999953135232659829e-01,-4.131660059289275488e-01,1.999994644026629631e+00,-4.131670181120444818e-01,4.132461949412526980e-01,-2.833658206762275318e-06,-2.336423236912767567e-06,3.289489763420938784e-06,9.999973220133148155e-01
1.133000101569330356e-02,-4.131686677622069537e-01,-4.131725692080478463e-01,9.999919429562222906e-01,-4.131822182076781425e-01,1.999990791950037039e+00,-4.131840813571492355e-01,4.132562983178839633e-01,-6.359284151012659795e-06,-2.457422336543194706e-06,5.842055291470554821e-06,9.999953959750185195e-01
1.133616171241131829e-02,-4.131686630291652174e-01,-4.131673304758161636e-01,9.999902624933395545e-01,-4.131675887704135963e-01,1.999988871421042536e+00,-4.131643159857389946e-01,4.132487425265176650e-01,2.859636120441918962e-06,5.701121414094595263e-06,6.237902507415676245e-06,9.999944357105212678e-01
1.134221076870285498e-02,-4.131686583818947600e-01,-4.131634742169200680e-01,9.999969166446333046e-01,-4.131550624857449616e-01,1.999996476165321502e+00,-4.131555576908015892e-01,4.132472793429495250e-01,4.544220116583195909e-06,3.286020503251314580e-06,3.544225209598034224e-06,9.999982380826607509e-01
1.135018052731017781e-02,-4.131686522590223842e-01,-4.131748482689515667e-01,9.999907649699912859e-01,-4.131691702729965998e-01,1.999989445680068645e+00,-4.131704888844474066e-01,4.132586861664451772e-01,1.382988666113319353e-06,-1.586882167131606902e-06,1.897105185478210743e-06,9.999947228400343224e-01
1.135547504852131226e-02,-4.131686481914310649e-01,-4.131754778119437477e-01,9.999854336457522086e-01,-4.131660753074973269e-01,1.999983352738126552e+00,-4.131644860462898583e-01,4.132579876356913817e-01,1.038811104877392041e-05,9.688950739459910126e-06,1.237290357249334120e-05,9.999916763690632759e-01
1.136852387583367485e-02,-4.131686381664950725e-01,-4.131664508261467250e-01,9.999908879038821308e-01,-4.131352256733238915e-01,1.999989586175942913e+00,-4.131314642333964171e-01,4.132479805146563323e-01,2.586256435410877810e-05,1.693288467472297079e-05,2.620349065524224169e-05,9.999947930879714564e-01
1.137672445893792711e-02,-4.131686318662818325e-01,-4.131654498064645242e-01,9.999964287675623398e-01,-4.131471185793966217e-01,1.999995918591530142e+00,-4.131505154453873341e-01,4.132483834607973971e-01,1.080158535640150704e-05,9.759724618527349229e-06,9.357398331937040741e-06,9.999979592957650709e-01
1.138299804693834391e-02,-4.131686270465099731e-01,-4.131660205046286394e-01,9.999950025229521477e-01,-4.131627511201337311e-01,1.999994288597702230e+00,-4.131636280594082056e-01,4.132483416980398117e-01,1.491065336277136944e-06,6.691673914043911726e-06,5.594701447214616806e-06,9.999971442988511150e-01
1.139283695488986156e-02,-4.131686194876332263e-01,-4.131645582838079367e-01,9.999971711774079397e-01,-4.131685652334953773e-01,1.999996767059919023e+00,-4.131695556954154691e-01,4.132477866135235711e-01,-6.223335554908537067e-06,-4.710173508830292463e-06,5.905042368179813827e-06,9.999983835299595114e-01
1.140440996297823265e-02,-4.131686105965144962e-01,-4.131697503231783197e-01,9.999916826877442988e-01,-4.131637770144530597e-01,1.999990494500349936e+00,-4.131633651600494783e-01,4.132523695054670654e-01,5.496416234471108532e-06,3.959042973348020055e-06,6.094967963489688406e-06,9.999952472501749678e-01
1.142042547162125561e-02,-4.131685982923857803e-01,-4.131663097033216325e-01,9.999936520549980168e-01,-4.131595887844120019e-01,1.999992745205765976e+00,-4.131595001303977610e-01,4.132489327190497774e-01,1.150685986954327074e-05,9.191880606340877596e-06,1.186565763745926224e-05,9.999963726028829880e-01
1.143066646591574774e-02,-4.131685904246030772e-01,-4.131720754441850496e-01,9.999907257242254266e-01,-4.131679513922817959e-01,1.999989400827765218e+00,-4.131679755544312438e-01,4.132548408547078722e-01,1.613379668291065448e-05,9.596391274900613328e-06,1.580775354028463706e-05,9.999947004138826090e-01
1.144018206914756974e-02,-4.131685831141100884e-01,-4.131687022834628631e-01,9.999908630344552796e-01,-4.131718344072468629e-01,1.999989557753740987e+00,-4.131735122923705372e-01,4.132509417073557123e-01,-5.116910035145007130e-06,3.522512769979639126e-06,7.530429585159613191e-06,9.999947788768704937e-01
1.144507681794431665e-02,-4.131685793536465923e-01,-4.131671105731780647e-01,9.999928229794108336e-01,-4.131711984397195003e-01,1.999991797690816142e+00,-4.131698226915730965e-01,4.132494357353568848e-01,-7.983768873716497510e-07,6.387248382200227554e-06,7.335200525624936445e-06,9.999958988454081821e-01
1.145354267035185274e-02,-4.131685728496400367e-01,-4.131669414018827036e-01,9.999951052826066000e-01,-4.131573720635215996e-01,1.999994406037306272e+00,-4.131567396380255719e-01,4.132501870204193795e-01,1.278005437277298185e-05,1.116378753239999674e-05,1.289098298917589563e-05,9.999972030186531358e-01
1.146382805255457583e-02,-4.131685649477554456e-01,-4.131716114532985040e-01,9.999898856837877714e-01,-4.131597096954435777e-01,1.999988440781557797e+00,-4.131611087622177880e-01,4.132542397050443239e-01,1.283746533260016640e-05,1.205198379613546011e-05,1.176995967734551926e-05,9.999942203907788985e-01
1.147606748534795752e-02,-4.131685555446458769e-01,-4.131732489691986587e-01,9.999885209763280658e-01,-4.131711465936389049e-01,1.999986881115901394e+00,-4.131705254812179651e-01,4.132562316608209829e-01,1.819857057925593675e-06,8.559893970701368615e-06,8.828998748894940064e-06,9.999934405579506969e-01
1.148442831608519586e-02,-4.131685491213219485e-01,-4.131726108911834561e-01,9.999866458574853123e-01,-4.131622670255023499e-01,1.999984738122954075e+00,-4.131603880361985337e-01,4.132545734479571298e-01,1.051545602988557634e-05,1.264397600513524625e-05,1.309073094493932428e-05,9.999923690614770377e-01
1.149394203267106208e-02,-4.131685418122785780e-01,-4.131689883720662260e-01,9.999918814717579929e-01,-4.131529071248611906e-01,1.999990721682078254e+00,-4.131534941794652860e-01,4.132518898557566711e-01,1.816416723971842618e-05,1.061535370426029050e-05,1.696762839766985268e-05,9.999953608410391270e-01
1.150881287067376420e-02,-4.131685303875577420e-01,-4.131746417655023373e-01,9.999875789096014378e-01,-4.131654548419280149e-01,1.999985804468221939e+00,-4.131663630728818482e-01,4.132577439467773339e-01,8.585960273138021299e-06,5.540016255099097449e-06,8.171686224725257608e-06,9.999929022341108587e-01
1.151449380792978101e-02,-4.131685260230958390e-01,-4.131712587441574436e-01,9.999866532245133000e-01,-4.131612571668408229e-01,1.999984746542414538e+00,-4.131587830653467575e-01,4.132526568787244226e-01,1.245858236316821916e-05,8.046215352936504967e-06,1.383081310632637418e-05,9.999923732712072688e-01
1.152238968439648487e-02,-4.131685199569805622e-01,-4.131616707049479142e-01,9.999956536310586896e-01,-4.131478230436451127e-01,1.999995032721246790e+00,-4.131479751413116297e-01,4.132432342230965006e-01,1.292558573704537111e-05,4.470523230314810385e-06,9.976628113314053696e-06,9.999975163606233952e-01
1.153152642375201292e-02,-4.131685129375542997e-01,-4.131544961593462961e-01,1.000006107522761312e+00,-4.131660260189214950e-01,2.000006980025961223e+00,-4.131690433379546779e-01,4.132386441015965528e-01,-1.620713546827942233e-05,-1.045728475552387176e-05,1.680796942511599121e-05,1.000003490012980611e+00
1.154039413264243419e-02,-4.131685061248173696e-01,-4.131733102733748941e-01,9.999948325555652051e-01,-4.131742581366307787e-01,1.999994094349261564e+00,-4.131732591936817522e-01,4.132570402857859704e-01,3.017443476749684148e-06,4.455183845785551781e-06,7.060937192938071884e-06,9.999970471746307821e-01
1.155000300000000139e-02,-4.131684987426755828e-01,-4.131636546390697884e-01,9.999933791777712022e-01,-4.131489372717239150e-01,1.999992433346080567e+00,-4.131472047273655468e-01,4.132450439334500181e-01,7.044037404568609376e-06,7.199731068718651882e-06,5.846135892274891829e-06,9.999962166730402835e-01
1.155751434934328137e-02,-4.131684929719809940e-01,-4.131655770025812746e-01,9.999970211063735626e-01,-4.131632183142924797e-01,1.999996595550166623e+00,-4.131652168781134726e-01,4.132486952333698782e-01,2.085174780512728900e-06,9.492146388670377515e-07,2.274964315921963672e-06,9.999982977750833113e-01
1.156745347763793105e-02,-4.131684853361117238e-01,-4.131696820669907289e-01,9.999925524535784316e-01,-4.131605805663460806e-01,1.999991488518438887e+00,-4.131590015619803213e-01,4.132526898222653178e-01,1.121017841352474558e-05,9.320147305409005845e-06,1.251446723930141546e-05,9.999957442592193324e-01
1.157549356859901429e-02,-4.131660360401543941e-01,-4.131703558116608943e-01,9.999903014078045382e-01,-4.131516155047190164e-01,1.999988915894716390e+00,-4.131513763400616046e-01,4.132528877296106629e-01,1.534364398348802135e-05,1.242145682098542295e-05,1.486537629977834589e-05,9.999944579473581951e-01
1.158695228201437992e-02,-4.131624725561694467e-01,-4.131655894584247424e-01,9.999931691547252477e-01,-4.131507246145195711e-01,1.999992193319744205e+00,-4.131503742573531257e-01,4.132475121326150691e-01,1.477875393687547678e-05,7.283380804271684805e-06,1.508913366981738778e-05,9.999960966598721024e-01
1.159635572054774910e-02,-4.131606207405754128e-01,-4.131678999583813239e-01,9.999959577202487404e-01,-4.131597997204761175e-01,1.999995380251747168e+00,-4.131617609972297878e-01,4.132515042852445419e-01,9.886288957976203958e-06,2.266014430940135873e-06,9.389467117136403320e-06,9.999976901258735840e-01
1.160710005942956410e-02,-4.131592524004457090e-01,-4.131700836069431282e-01,9.999897222151851173e-01,-4.131591932005017065e-01,1.999988253960299112e+00,-4.131579917842983507e-01,4.132523394306407694e-01,1.244766821384050661e-05,8.649683543083747499e-06,1.246806602020367933e-05,9.999941269801495558e-01
1.162048811075781438e-02,-4.131582382856244240e-01,-4.131653836811386982e-01,9.999946259114838032e-01,-4.131628272784384492e-01,1.999993858184598627e+00,-4.131636856814210890e-01,4.132476842638284631e-01,3.371439154763362577e-06,6.012199764490630495e-06,5.535754605746576511e-06,9.999969290922993137e-01
1.163292098540049530e-02,-4.131577020939001255e-01,-4.131622660016018855e-01,9.999988160470193455e-01,-4.131783407522701679e-01,1.999998646910889244e+00,-4.131794957495730225e-01,4.132450231125169293e-01,-1.171594626788156917e-05,-5.024996088337355814e-06,1.270330491306105787e-05,9.999993234554446220e-01
1.164265860338977061e-02,-4.131574439477433969e-01,-4.131631532101826543e-01,9.999981708866728658e-01,-4.131831756236134523e-01,1.999997909584784628e+00,-4.131808139922853451e-01,4.132456223674447759e-01,-1.591918282346250289e-05,-7.876583229131340234e-06,1.442188180490565313e-05,9.999989547923923139e-01
1.165133785558453670e-02,-4.131572899983152469e-01,-4.131613999463468190e-01,9.999992190370587952e-01,-4.131548040126886701e-01,1.999999107470930904e+00,-4.131534328414330770e-01,4.132436306929876957e-01,2.002220079536020038e-07,5.223932966833966212e-06,5.465381160966859800e-06,9.999995537354654518e-01
1.166112534975677698e-02,-4.131571735963153746e-01,-4.131566881451323447e-01,1.000003260335240451e+00,-4.131583546196951340e-01,2.000003726097389745e+00,-4.131584997838111395e-01,4.132386638835823245e-01,1.542480095556409332e-06,1.340020188670100521e-06,3.976231579765790134e-07,1.000001863048694872e+00
1.167122701365924838e-02,-4.131570955780416443e-01,-4.131499014819479121e-01,1.000010281512500931e+00,-4.131684605945315503e-01,2.000011750299913960e+00,-4.131698001920224850e-01,4.132326178719855081e-01,-1.937080921242928229e-05,-1.452699648794153436e-05,1.986203321476279229e-05,1.000005875149956758e+00
1.168050637386434595e-02,-4.131570485981664320e-01,-4.131535392223142922e-01,1.000009857276703995e+00,-4.131652679982011911e-01,2.000011265459006538e+00,-4.131638928459507865e-01,4.132365850842991684e-01,-7.192279018009105244e-06,-1.265111851434870982e-05,1.202720130566663334e-05,1.000005632729503269e+00
1.169009187610594962e-02,-4.131570163662134920e-01,-4.131573270999893133e-01,1.000005731541532938e+00,-4.131680459533938476e-01,2.000006550333131905e+00,-4.131688768317655081e-01,4.132402968061708037e-01,-1.464151367182857235e-05,-7.612524353554865976e-06,1.553743339787360989e-05,1.000003275166565953e+00
1.170048873574397290e-02,-4.131569936809583177e-01,-4.131554338577891339e-01,1.000005558299436492e+00,-4.131750009576568017e-01,2.000006352342166061e+00,-4.131748883429990915e-01,4.132378373467211485e-01,-1.675658044738709206e-05,-6.344141214716770039e-06,1.635704450997523375e-05,1.000003176171082808e+00
1.171050794874142244e-02,-4.131569796487117308e-01,-4.131533853528256972e-01,1.000007902359138390e+00,-4.131478089740371340e-01,2.000009031267519610e+00,-4.131458605029695308e-01,4.132361305610658397e-01,-1.493083228895628375e-06,-8.843011675820463191e-06,8.873921696906334359e-06,1.000004515633759805e+00
1.172017497877391595e-02,-4.131569708148351561e-01,-4.131587649550767516e-01,1.000004932718076445e+00,-4.131573521533257742e-01,2.000005637392045177e+00,-4.131581070798555078e-01,4.132420245242461321e-01,1.868753206374561660e-06,-2.189480218255750573e-06,2.530517172587427291e-06,1.000002818696022588e+00
1.173102492382830861e-02,-4.131569644393864316e-01,-4.131656234821660667e-01,9.999970866142555703e-01,-4.131585610992617452e-01,1.999996670416317013e+00,-4.131583907226146213e-01,4.132473073284838594e-01,4.065998309974110673e-07,7.879400545882608191e-07,1.208851612195861122e-06,9.999983352081585064e-01
1.174048014650829440e-02,-4.131569608603717914e-01,-4.131490195561461909e-01,1.000006982385211796e+00,-4.131484352037328445e-01,2.000007979868753782e+00,-4.131487080008234836e-01,4.132310039809464763e-01,-6.384254075216666338e-06,-7.586155792205220028e-06,9.282595795694852426e-06,1.000003989934377113e+00
1.175030131693339738e-02,-4.131569584002371398e-01,-4.131603954970662906e-01,1.000005728673697636e+00,-4.131623211517665983e-01,2.000006547055605655e+00,-4.131622366543061253e-01,4.132439221798919204e-01,-3.448112844659724816e-06,-4.904497592825926538e-06,3.436566374625458072e-06,1.000003273527802827e+00
1.176040239091981528e-02,-4.131569567439865032e-01,-4.131571109843975576e-01,1.000003031130555664e+00,-4.131548375765384251e-01,2.000003464149180843e+00,-4.131549227810000779e-01,4.132393109469942871e-01,8.146008463343932554e-07,-5.698690255681344067e-06,6.477634553694622830e-06,1.000001732074590199e+00
1.177116161683288906e-02,-4.131569556055883496e-01,-4.131531159568160860e-01,1.000007617877100241e+00,-4.131651355180077090e-01,2.000008706145192328e+00,-4.131658733104610626e-01,4.132355028716573342e-01,-1.659643286908755075e-05,-9.979315796891853295e-06,1.655112956613915027e-05,1.000004353072596164e+00
1.178057644819739853e-02,-4.131569549506557970e-01,-4.131514192210506420e-01,1.000010092112620930e+00,-4.131563295906766076e-01,2.000011533842909639e+00,-4.131550737747297641e-01,4.132341737484516719e-01,-4.731371425999329606e-06,-4.023148564118226373e-06,4.135044873356486359e-06,1.000005766921454819e+00
1.179000000000000013e-02,-4.131569545023188739e-01,-4.131559210513812697e-01,1.000007647560070101e+00,-4.131677015764839145e-01,2.000008740068586643e+00,-4.131693314418971030e-01,4.132390718968146914e-01,-1.389119076729536902e-05,-1.121394772090013747e-05,1.489512928752564234e-05,1.000004370034293322e+00
1.179566729642283519e-02,-4.131569543023408952e-01,-4.131571776443050403e-01,1.000005238242366978e+00,-4.131667903027424482e-01,2.000005986562660709e+00,-4.131654800858831078e-01,4.132399684925848748e-01,-1.007892375304640581e-05,-4.845759708751441257e-06,8.754688095024689234e-06,1.000002993281330133e+00
1.180438181952473027e-02,-4.131569540670449459e-01,-4.131581673519493791e-01,1.000003722730707922e+00,-4.131580888479556846e-01,2.000004254549348381e+00,-4.131580038590234039e-01,4.132408436992875411e-01,-1.136008393301758095e-06,4.026122740532545167e-07,8.494076611332743008e-07,1.000002127274674413e+00
1.182036186741950747e-02,-4.131569537843606810e-01,-4.131564794632905935e-01,1.000004517610189492e+00,-4.131574354525941462e-01,2.000005162983035323e+00,-4.131575313639617719e-01,4.132388132801488312e-01,-4.033458261369218809e-06,-9.223118587298099298e-06,9.692287425893854341e-06,1.000002581491517661e+00
1.183051543763606085e-02,-4.131569536653383334e-01,-4.131517992798331429e-01,1.000008694284613142e+00,-4.131516664099540992e-01,2.000009936325198190e+00,-4.131512562680797473e-01,4.132346153539075417e-01,-3.412469460463881045e-08,-9.275889004525846439e-06,9.634937110394543720e-06,1.000004968162599095e+00
1.183975347874312821e-02,-4.131569535812332217e-01,-4.131618814302256970e-01,1.000003653547233862e+00,-4.131706640663702634e-01,2.000004175482521518e+00,-4.131725963442207661e-01,4.132457150135581680e-01,-9.327421473290125847e-06,-8.623549637100060065e-06,9.718290383197990707e-06,1.000002087741260981e+00
1.184608744096236899e-02,-4.131569535326890530e-01,-4.131581313692750390e-01,1.000000724187754875e+00,-4.131652440195157650e-01,2.000000827643142465e+00,-4.131633531931148129e-01,4.132397375775665460e-01,-3.368776887156682835e-06,-1.997540137638788361e-06,2.666950710820515069e-06,1.000000413821571232e+00
1.185419547437534422e-02,-4.131569534782256192e-01,-4.131527960330666494e-01,1.000007924960840011e+00,-4.131599532235720185e-01,2.000009057098035115e+00,-4.131607819924520975e-01,4.132353209823276807e-01,-6.179898803069308373e-06,-6.181623507606200374e-06,7.297113120190575777e-06,1.000004528549017779e+00
1.187021299756399126e-02,-4.131569533871674027e-01,-4.131479732893371670e-01,1.000012735871237624e+00,-4.131632184264407703e-01,2.000014555281305562e+00,-4.131635092163800094e-01,4.132303177461007504e-01,-1.656918237013321277e-05,-1.195917839971935955e-05,1.716668276114741501e-05,1.000007277640653003e+00
1.188187568876889443e-02,-4.131569533291500895e-01,-4.131521973383150970e-01,1.000011194856939678e+00,-4.131752846706313598e-01,2.000012794122121296e+00,-4.131730659317803811e-01,4.132351522973439772e-01,-1.051654123669128063e-05,-8.154696407788876751e-06,8.771995258367942209e-06,1.000006397061060648e+00
1.189234705407379682e-02,-4.131569532804392209e-01,-4.131542593726382773e-01,1.000007612904066256e+00,-4.131469191547892938e-01,2.000008700461725297e+00,-4.131464827562021380e-01,4.132364759468714621e-01,5.237380875821414656e-06,-2.589184024054025231e-06,4.679122150440545969e-06,1.000004350230862649e+00
1.190290285935665000e-02,-4.131569532333508876e-01,-4.131523169484098701e-01,1.000010787063353224e+00,-4.131548048548558394e-01,2.000012328072311885e+00,-4.131554920011381027e-01,4.132359813209042221e-01,-7.356030292691504722e-06,-8.836848051768396697e-06,8.705279058853423340e-06,1.000006164036155942e+00
1.191317497552434740e-02,-4.131569531887611113e-01,-4.131609935965477876e-01,1.000001979927428897e+00,-4.131559469439226584e-01,2.000002262774188022e+00,-4.131571924298858556e-01,4.132435547599618286e-01,-9.282050807268306785e-07,-2.009143219605287660e-07,9.147385953855497399e-07,1.000001131387094011e+00
1.192283428356675883e-02,-4.131569531475390300e-01,-4.131597973164282123e-01,1.000001254525516137e+00,-4.131723176224786354e-01,2.000001433743435975e+00,-4.131724560608347474e-01,4.132422752501210272e-01,-8.397857143528452591e-06,-3.433211073932337050e-06,8.989422515260076703e-06,1.000000716871717987e+00
1.193225678399357538e-02,-4.131569531077635138e-01,-4.131580083371376166e-01,1.000002789294729411e+00,-4.131673514688527504e-01,2.000003187765381440e+00,-4.131652958139998555e-01,4.132402726482692912e-01,-8.373355727648048148e-06,3.790593100029987540e-07,6.321293877194601229e-06,1.000001593882690720e+00
1.194153256667949449e-02,-4.131569530688836700e-01,-4.131552407359319612e-01,1.000006043224007657e+00,-4.131429913406506893e-01,2.000006906541671459e+00,-4.131423870576642621e-01,4.132383634149516261e-01,9.067248994190107059e-06,1.608785862510600480e-06,8.074270401454388730e-06,1.000003453270835729e+00
1.195005676875456752e-02,-4.131569530333201179e-01,-4.131612597155475686e-01,1.000002712266053084e+00,-4.131586862521313686e-01,2.000003099732608813e+00,-4.131607058965153789e-01,4.132445870680280797e-01,-5.837570598012136380e-06,-3.302156576642135615e-06,7.168953011916941334e-06,1.000001549866304629e+00
1.195514916780710500e-02,-4.131569530121224632e-01,-4.131620202475188575e-01,9.999998720797934615e-01,-4.131603245870332231e-01,1.999999853805479288e+00,-4.131591612626343557e-01,4.132446738172375622e-01,1.842901647124024163e-06,3.227748392890725261e-06,4.614565857986937340e-06,9.999999269027396442e-01
1.196275509048329647e-02,-4.131569529805233509e-01,-4.131630011926893387e-01,9.999991570776518568e-01,-4.131528432682546881e-01,1.999999036660180529e+00,-4.131534379487425968e-01,4.132460871334163177e-01,1.239822060590276288e-05,7.652580222823377696e-06,1.090986483141072071e-05,9.999995183300903756e-01
1.197002999999999956e-02,-4.131620341751177650e-01,-4.131665080729755024e-01,9.999963003530607519e-01,-4.131653057140610708e-01,1.999995771832100866e+00,-4.131672091817389925e-01,4.132546364847563547e-01,-1.198308526120759411e-06,-1.605851705625961729e-08,2.958570355889470217e-06,9.999978859160504330e-01
1.197383917274401008e-02,-4.131622958685352009e-01,-4.131691073869794839e-01,9.999928103784252453e-01,-4.131701499840949587e-01,1.999991783289690073e+00,-4.131686658761145048e-01,4.132508210670899906e-01,6.455732874371545399e-07,1.858820119580805118e-06,2.810316155247949265e-06,9.999958916448450363e-01
1.198116386074449778e-02,-4.131622902412440679e-01,-4.131621600078844714e-01,9.999963079969624857e-01,-4.131566753506742407e-01,1.999995780567988657e+00,-4.131564183827233228e-01,4.132447998224171859e-01,7.391747900877352919e-06,1.172662145530577857e-06,6.712799305239532279e-06,9.999978902839943284e-01
1.199076719742326463e-02,-4.131622828633509381e-01,-4.131664278185656625e-01,9.999963839271847066e-01,-4.131668761819132230e-01,1.999995867345384593e+00,-4.131671619410672847e-01,4.132495350319236316e-01,3.065376753011778169e-06,1.070360677593043690e-06,3.488008821695479716e-06,9.999979336726922963e-01
1.200703348240610147e-02,-4.131622703665635554e-01,-4.131633016452175289e-01,9.999938630508017345e-01,-4.131538210576070624e-01,1.999992986343825718e+00,-4.131527917902588776e-01,4.132446436946554114e-01,8.533839138148903124e-06,5.399203886692650844e-06,7.584819906542616713e-06,9.999964931719128591e-01
1.201717008984399572e-02,-4.131622625789805325e-01,-4.131590604414451806e-01,1.000002742689494406e+00,-4.131615019592456139e-01,2.000003134502255975e+00,-4.131627701102222883e-01,4.132418340122165912e-01,-4.362083154474366198e-06,1.688943781326355375e-06,4.916660051079900520e-06,1.000001567251127987e+00
1.202404439332261862e-02,-4.131622572977041163e-01,-4.131588080613346481e-01,1.000002306469632396e+00,-4.131637861434515058e-01,2.000002635965274500e+00,-4.131632042313743702e-01,4.132411868803489430e-01,-2.346430502880219271e-06,4.548143659104653249e-06,4.247759450646087388e-06,1.000001317982637472e+00
1.203472838135059148e-02,-4.131622490895859867e-01,-4.131598045911925587e-01,1.000003567800471282e+00,-4.131628231891623648e-01,2.000004077486222442e+00,-4.131636272179174396e-01,4.132431756186512040e-01,-1.887866205064906733e-06,-5.519685666107935242e-07,2.466818281918693173e-06,1.000002038743111221e+00
1.204364827228884480e-02,-4.131622422367594583e-01,-4.131644103070006291e-01,9.999977406360144316e-01,-4.131648635163494565e-01,1.999997417869749938e+00,-4.131638778533539558e-01,4.132470420834369329e-01,-2.117099443559963307e-08,4.229576131832775735e-06,5.518532162576115565e-06,9.999987089348749691e-01
1.205348238037006435e-02,-4.131622346815732039e-01,-4.131643539831240108e-01,9.999969302770086443e-01,-4.131565847652305390e-01,1.999996491745178906e+00,-4.131568192392829353e-01,4.132470161417161059e-01,6.832848958125450630e-06,1.065276211338981217e-05,1.043148748953128006e-05,9.999982458725894530e-01
1.206525393688620204e-02,-4.131622256379188229e-01,-4.131635818968766305e-01,9.999970452472257687e-01,-4.131621202443266916e-01,1.999996623139711716e+00,-4.131624643220982995e-01,4.132459805693652344e-01,-1.149392337305157812e-06,4.166960588622536871e-06,2.970406278732474791e-06,9.999983115698558578e-01
1.207374181546821447e-02,-4.131622191169884717e-01,-4.131623076263986061e-01,9.999988367708740888e-01,-4.131656103577308614e-01,1.999998670595294792e+00,-4.131654163289196213e-01,4.132449596849656626e-01,-5.095732928728792432e-06,-1.354254551013901596e-06,4.495654097228060906e-06,9.999993352976473959e-01
1.209000791624064396e-02,-4.131622066203414767e-01,-4.131608824299078386e-01,9.999999645924448899e-01,-4.131524686220571230e-01,1.999999959534222826e+00,-4.131517240789675527e-01,4.132433398827159432e-01,4.313506282404890216e-06,8.958953589072356306e-06,9.365490049951690811e-06,9.999999797671114132e-01
1.210000000000000138e-02,-4.131621989437891385e-01,-4.131631559390642749e-01,9.999991027104506713e-01,-4.131487282406982597e-01,1.999998974526236983e+00,-4.131484110508058527e-01,4.132460608120403500e-01,6.323151941226628666e-06,2.822800579754388276e-06,6.585809144833575117e-06,9.999994872631184917e-01
1.211000049455028711e-02,-4.131621912607751357e-01,-4.131635974271816170e-01,9.999977689915275914e-01,-4.131581805911468952e-01,1.999997450276050470e+00,-4.131592484621030015e-01,4.132462488297782843e-01,5.849874038573048859e-06,6.535730708394785077e-06,6.902679402248438603e-06,9.999987251380252351e-01
1.211653851484880730e-02,-4.131621862378522247e-01,-4.131621820422667901e-01,9.999983746333196422e-01,-4.131597664878081666e-01,1.999998142438093485e+00,-4.131603483940461397e-01,4.132445559931587908e-01,1.065067093607035410e-06,-2.147693838388105503e-06,3.890906112071477328e-06,9.999990712190466313e-01
1.212370233193668830e-02,-4.131621807341513963e-01,-4.131619414444088756e-01,9.999998793167799160e-01,-4.131640958150049059e-01,1.999999862076320856e+00,-4.131640865871565316e-01,4.132448921253712437e-01,-6.163597031837838913e-06,-8.645893063356972319e-06,8.076360470809568941e-06,9.999999310381605389e-01
1.213935001852672543e-02,-4.131621687126109665e-01,-4.131752273849625401e-01,9.999898376169407133e-01,-4.131639345788901130e-01,1.999988385848018746e+00,-4.131641717256549495e-01,4.132591643571203455e-01,6.178588246779694195e-06,1.003960148062050992e-05,1.192566220645522889e-05,9.999941929240093730e-01
1.214685658423767661e-02,-4.131621629455912159e-01,-4.131609778513327669e-01,9.999916620418228819e-01,-4.131521710533643810e-01,1.999990470905011364e+00,-4.131510803030661871e-01,4.132408151699658583e-01,1.033447503781611697e-05,6.647773080120172672e-06,8.795364071299605191e-06,9.999952354525057929e-01
1.215407216828845623e-02,-4.131621574021213661e-01,-4.131528539182115489e-01,1.000008868805419171e+00,-4.131576983489591570e-01,2.000010135777546605e+00,-4.131599439545887154e-01,4.132365264219534651e-01,-6.181933769144420013e-06,-1.278385554908362769e-05,1.383063595229736379e-05,1.000005067888773080e+00
1.216137859763661601e-02,-4.131621517888587891e-01,-4.131596467287260155e-01,1.000004488661243807e+00,-4.131625671850302495e-01,2.000005129898526413e+00,-4.131621584153697402e-01,4.132419209202270460e-01,-3.710963219403612690e-06,-7.390563205089529111e-06,5.104604737733581288e-06,1.000002564949263206e+00
1.217017460594912656e-02,-4.131621450312081278e-01,-4.131526995239609423e-01,1.000006403973894953e+00,-4.131555163545607701e-01,2.000007318827254021e+00,-4.131551794203464634e-01,4.132349489584858371e-01,1.679462658754636567e-07,6.471923050643808778e-06,6.808490145467729316e-06,1.000003659413627011e+00
1.217406437524076734e-02,-4.131621420428349678e-01,-4.131583765922623441e-01,1.000007405803634786e+00,-4.131573957797747831e-01,2.000008463775519552e+00,-4.131589899814362421e-01,4.132430371018532278e-01,-2.138981987589891706e-07,9.398099823396285378e-07,5.768567301762363105e-07,1.000004231887759776e+00
1.218107400979939921e-02,-4.131621366575896070e-01,-4.131713761718411870e-01,9.999951059257102814e-01,-4.131644050635813747e-01,1.999994406772281907e+00,-4.131646429816549504e-01,4.132536762319791168e-01,4.634946810864788086e-06,9.057254907880712978e-08,5.742871524414535531e-06,9.999972033861410647e-01
1.218913237698157626e-02,-4.131621304666400207e-01,-4.131598512684238056e-01,9.999963411928081136e-01,-4.131570428603098533e-01,1.999995818506097756e+00,-4.131571535631086700e-01,4.132408982290702859e-01,7.600993024679975017e-06,1.646188493681726512e-06,6.440945455841517768e-06,9.999979092530488778e-01
1.219573527405467574e-02,-4.131621253938724814e-01,-4.131608993056264389e-01,1.000002428837826862e+00,-4.131653471070922401e-01,2.000002775814639033e+00,-4.131672189596544142e-01,4.132443685755814444e-01,-6.372710451159926486e-06,-5.693146360644460994e-06,8.143293464305580300e-06,1.000001387907319295e+00
1.220265007361232869e-02,-4.131621200814840078e-01,-4.131662971892168801e-01,9.999973683531525603e-01,-4.131708357558134814e-01,1.999996992403625384e+00,-4.131698456653971618e-01,4.132495397190943942e-01,-8.510079020132774717e-06,-9.020895004654867834e-07,6.521076471958089139e-06,9.999984962018126922e-01
1.221186359046191709e-02,-4.131621130030743161e-01,-4.131701465150115493e-01,9.999912388437462996e-01,-4.131557693026552958e-01,1.999989987250070600e+00,-4.131553114688837902e-01,4.132520300295579041e-01,9.457489913593250674e-06,9.899639678778577638e-06,9.272915972112571209e-06,9.999949936250351890e-01
1.222069823726506729e-02,-4.131621062157382340e-01,-4.131618739538972518e-01,9.999963711888419926e-01,-4.131692669579727917e-01,1.999995852787278761e+00,-4.131718701315009734e-01,4.132442423914448049e-01,-8.538391866977842145e-06,-5.959024680905394989e-06,1.046079037239800732e-05,9.999979263936394913e-01
1.223019803282200495e-02,-4.131620989173933611e-01,-4.131655215503308165e-01,9.999972184988431545e-01,-4.131820198063099747e-01,1.999996821141558634e+00,-4.131821079289255683e-01,4.132485886800297825e-01,-6.867699233584364203e-06,-1.139340018199349232e-05,1.100543992009531374e-05,9.999984105707793169e-01
1.224012310344991736e-02,-4.131620912923235633e-01,-4.131687513654217492e-01,9.999933150529364267e-01,-4.131706060766173749e-01,1.999992360060555585e+00,-4.131692896951437155e-01,4.132516669123970088e-01,3.067291455562451340e-06,3.588322900963240863e-06,5.094254958243936977e-06,9.999961800302777926e-01
1.225141863788125132e-02,-4.131620826143779790e-01,-4.131693249679405100e-01,9.999916329119578062e-01,-4.131642331923962574e-01,1.999990437613737404e+00,-4.131635072575321477e-01,4.132518615107768634e-01,1.196200398526221889e-05,1.235298014992332947e-05,1.224705843709024111e-05,9.999952188068687020e-01
1.226548606135390365e-02,-4.131620718068945153e-01,-4.131637012450049551e-01,9.999946494439108102e-01,-4.131625783129283525e-01,1.999993885078800826e+00,-4.131627058298626420e-01,4.132453759486689471e-01,7.181091367985667967e-06,4.928677412342433968e-06,6.627417299400969759e-06,9.999969425394004130e-01
1.227601457375859795e-02,-4.131620637182231159e-01,-4.131611993167192409e-01,1.000001610177768230e+00,-4.131663516036569450e-01,2.000001840203150305e+00,-4.131665845383869495e-01,4.132443846496292594e-01,-3.809534873750017911e-06,-3.297514922290435215e-06,4.514857327355598475e-06,1.000000920101575153e+00
1.228280274697106725e-02,-4.131620585031162696e-01,-4.131633674768175890e-01,9.999984332461746561e-01,-4.131657402242420174e-01,1.999998209424213025e+00,-4.131655201272320110e-01,4.132457465030079380e-01,-2.598309711463409120e-06,-5.837780553696001157e-07,1.449881593063846927e-06,9.999991047121065124e-01
1.229192389212446952e-02,-4.131620514956741985e-01,-4.131615355112037147e-01,9.999996976414101679e-01,-4.131648854731886367e-01,1.999999654447328634e+00,-4.131648123885789392e-01,4.132445844163197823e-01,1.937435304638634071e-06,-5.014302099356345588e-06,5.107763086375754579e-06,9.999998272236643171e-01
1.230236890893408354e-02,-4.131620434711490431e-01,-4.131659855233712486e-01,9.999960448063485163e-01,-4.131636720408219943e-01,1.999995479778717611e+00,-4.131630919674800784e-01,4.132484977271322357e-01,1.457037606844624860e-06,1.877569043436886538e-06,3.545161004705461930e-06,9.999977398893588054e-01
1.231164139637055434e-02,-4.131620363474360347e-01,-4.131647750334613289e-01,9.999962562776778530e-01,-4.131545749044324145e-01,1.999995721460235076e+00,-4.131538624909756319e-01,4.132476768429409475e-01,1.222620304326925829e-05,1.236417625466396094e-05,1.289034629838187896e-05,9.999978607301175382e-01
1.232084737880782301e-02,-4.131620292748151568e-01,-4.131678620982727201e-01,9.999941810811008303e-01,-4.131570078411680447e-01,1.999993349807021925e+00,-4.131569159080860643e-01,4.132502747399499077e-01,1.268241536329791996e-05,4.813629765503197961e-06,1.246867598193275242e-05,9.999966749035109626e-01
1.233055445648460410e-02,-4.131620218172230019e-01,-4.131617378386751027e-01,9.999972830277066294e-01,-4.131487418468198780e-01,1.999996894888830701e+00,-4.131486868110730848e-01,4.132434742254889604e-01,9.823790070661904208e-06,3.718439028936918347e-06,8.643641633939846015e-06,9.999984474444153504e-01
1.234100246378500368e-02,-4.131620137903994072e-01,-4.131501467936902761e-01,1.000008463634120215e+00,-4.131620075482883570e-01,2.000009672724636367e+00,-4.131627385418336074e-01,4.132326858302752259e-01,-1.087498644205681369e-05,-4.205005503307468438e-06,1.213319106181801086e-05,1.000004836362318184e+00
1.235001264414062327e-02,-4.131620068682088642e-01,-4.131544748043710080e-01,1.000009265293332117e+00,-4.131630987348503536e-01,2.000010588906586229e+00,-4.131624983473302093e-01,4.132376653540859035e-01,-1.495665475006974624e-05,-1.344196933990619318e-05,1.463310790146204916e-05,1.000005294453293114e+00
1.236000000000000119e-02,-4.131619991952887871e-01,-4.131657675161593546e-01,9.999995402089606467e-01,-4.131643184676840885e-01,1.999999474524530418e+00,-4.131640329013439028e-01,4.132495948920830164e-01,5.299896740348758719e-07,2.096180089858436154e-06,4.135591851392509172e-06,9.999997372622652092e-01
1.236704500550647734e-02,-4.131619937828656108e-01,-4.131635231892327731e-01,9.999961554042599010e-01,-4.131637407247460425e-01,1.999995606176329765e+00,-4.131646642583280404e-01,4.132455888433605451e-01,6.406488775556951300e-07,1.592878021516841744e-06,6.894965924060506002e-07,9.999978030881648827e-01
1.237374507110003234e-02,-4.131619886354492288e-01,-4.131598449810683915e-01,9.999998084452480507e-01,-4.131690356701612776e-01,1.999999781080284977e+00,-4.131687841127817951e-01,4.132419540736152475e-01,-5.888255005358912595e-06,-3.489014591911397774e-06,5.600462935002648575e-06,9.999998905401424887e-01
1.238381034961629455e-02,-4.131619809026641499e-01,-4.131584126516963384e-01,1.000004488592717955e+00,-4.131657286331547052e-01,2.000005129820211280e+00,-4.131673445652622734e-01,4.132418417127570187e-01,-3.693100538678724425e-06,-4.441808932517447535e-06,4.828511340412322583e-06,1.000002564910105640e+00
1.239235313807270263e-02,-4.131619743395528732e-01,-4.131635680393033194e-01,9.999988521416564025e-01,-4.131716821490684088e-01,1.999998688161902738e+00,-4.131690932418381479e-01,4.132458526441102897e-01,2.643408153215660942e-07,-1.470022615176364211e-06,2.517696158741538261e-06,9.999993440809514800e-01
1.240115793150462636e-02,-4.131619675751515008e-01,-4.131597930090713522e-01,1.000000363867470821e+00,-4.131423220602084001e-01,2.000000415848534718e+00,-4.131403412187694690e-01,4.132423187909352591e-01,1.547354284806358820e-05,1.312906632870708451e-06,1.443025706936165824e-05,1.000000207924267359e+00
1.241037356373625271e-02,-4.131619604951186631e-01,-4.131602252219574445e-01,1.000001520513097431e+00,-4.131566173979268064e-01,2.000001737729241391e+00,-4.131585424963820641e-01,4.132431124613712425e-01,-3.221808092014783196e-06,1.123721236997653024e-07,4.492634625662986781e-06,1.000000868864620696e+00
1.242001657683421655e-02,-4.131619530867425283e-01,-4.131663932084272961e-01,9.999970950963531502e-01,-4.131627686312299708e-01,1.999996680110142755e+00,-4.131628697710909570e-01,4.132496865922747897e-01,4.991624164271755039e-06,1.004534205442896678e-05,1.139320710050321587e-05,9.999983400550713775e-01
1.243002301105584906e-02,-4.131619453991666191e-01,-4.131600647396805326e-01,9.999987833725194619e-01,-4.131510855649142555e-01,1.999998609568604202e+00,-4.131501040017304116e-01,4.132419417565701969e-01,1.530414550879954664e-05,5.620672415930245275e-06,1.540342116031833561e-05,9.999993047843019900e-01
1.243967530355666665e-02,-4.131619379836624639e-01,-4.131605471992030876e-01,1.000001403008245360e+00,-4.131525173384921756e-01,2.000001603437982833e+00,-4.131524483425488836e-01,4.132433222526685213e-01,3.959175343328785111e-07,3.672449345343463329e-06,3.977674574007164560e-06,1.000000801718991417e+00
1.244605639605426972e-02,-4.131619330813007807e-01,-4.131596883263572995e-01,1.000001257212344008e+00,-4.131544169695730573e-01,2.000001436814096589e+00,-4.131543752343435072e-01,4.132421139120648901e-01,2.768965587831239467e-06,5.908585841651179711e-06,6.143161721692835108e-06,1.000000718407048295e+00
1.245471482819834885e-02,-4.131619264293418525e-01,-4.131603134720657211e-01,1.000002230173328011e+00,-4.131585702636550450e-01,2.000002548769498567e+00,-4.131603445775874905e-01,4.132433819220813764e-01,2.098512185778427885e-06,2.350049074948733526e-06,1.363796701505763975e-06,1.000001274384749284e+00
1.246443352845651685e-02,-4.131619189628192301e-01,-4.131662664029514542e-01,9.999976590960684142e-01,-4.131666817897597377e-01,1.999997324681240807e+00,-4.131660472971273035e-01,4.132498184244192685e-01,-6.314453776314964853e-07,-1.486875988353707448e-06,1.081596191304986915e-06,9.999986623406204034e-01
1.247463323250912366e-02,-4.131619111267605948e-01,-4.131684159921969468e-01,9.999904330849037626e-01,-4.131549030055986504e-01,1.999989066382828584e+00,-4.131538650298736126e-01,4.132499966536935521e-01,9.839841326982529834e-06,5.049916115480340355e-06,9.783712615931791876e-06,9.999945331914142921e-01
1.248462010438329203e-02,-4.131619034542142188e-01,-4.131595699940681654e-01,9.999995972427605517e-01,-4.131584335394212215e-01,1.999999539706015517e+00,-4.131599129305983387e-01,4.132416323627691179e-01,-3.148591803687699520e-06,-8.588600760645861169e-07,5.154887408292958665e-06,9.999997698530077583e-01
1.249437122932591133e-02,-4.131618959627807453e-01,-4.131616779688895846e-01,1.000003568256569109e+00,-4.131689550177637948e-01,2.000004078007477482e+00,-4.131695392104001163e-01,4.132459690670739483e-01,-9.645116090868565282e-06,-3.026258136105100175e-06,7.761038177858236436e-06,1.000002039003738741e+00
1.250290088690824732e-02,-4.131618894097572325e-01,-4.131698353898004550e-01,9.999914207368640895e-01,-4.131599325112593202e-01,1.999990195127917758e+00,-4.131577890357652771e-01,4.132511583697031088e-01,1.146708881145152366e-05,8.817199058338462314e-06,1.232807543182582927e-05,9.999950975639588791e-01
1.251124138953031185e-02,-4.131618830020574173e-01,-4.131587149911957746e-01,9.999988322432704635e-01,-4.131548315251930004e-01,1.999998665420890553e+00,-4.131554096817081634e-01,4.132413215083837188e-01,2.955159916150344497e-06,-1.064603028431743615e-06,2.147327703984915489e-06,9.999993327104452767e-01
1.252094157726173218e-02,-4.131618755497600826e-01,-4.131633407815880066e-01,9.999996296153549347e-01,-4.131590959780773731e-01,1.999999576703266113e+00,-4.131584923984639723e-01,4.132460197057311602e-01,-1.686417780633893600e-06,2.176983224648949420e-06,2.335936320566973345e-06,9.999997883516330566e-01
1.253143685721487197e-02,-4.131618674866195384e-01,-4.131602662754123578e-01,9.999998475558137256e-01,-4.131573408727195473e-01,1.999999825778074225e+00,-4.131577926431090342e-01,4.132421585424524424e-01,-5.321551995196075038e-06,-6.781383831109774934e-06,7.572727522201757351e-06,9.999999128890371125e-01
1.254094713066050172e-02,-4.131618601802244939e-01,-4.131525694579266106e-01,1.000006898019318413e+00,-4.131580611744454234e-01,2.000007883450590551e+00,-4.131592723617918961e-01,4.132353040753810047e-01,-6.844613812779028266e-06,-1.597097380479516436e-05,1.663505568690593875e-05,1.000003941725295498e+00
1.255050678797039847e-02,-4.131618528358899645e-01,-4.131589307787522647e-01,1.000005191854255404e+00,-4.131830766504684394e-01,2.000005933547676307e+00,-4.131852798735701771e-01,4.132423932297153990e-01,-1.738986865204203606e-05,-1.128195729140416422e-05,1.734909923466866901e-05,1.000002966773838153e+00
1.256170419190118584e-02,-4.131618442333338526e-01,-4.131682478139667714e-01,9.999946584705132757e-01,-4.131792272564958068e-01,1.999993895394917898e+00,-4.131783965256360935e-01,4.132504139177880509e-01,-8.761217150976439918e-06,1.258195466931175659e-06,6.306080515847572726e-06,9.999969476974588378e-01
1.257064072502685377e-02,-4.131618373677231060e-01,-4.131617750084981555e-01,9.999971834909024970e-01,-4.131609591052885500e-01,1.999996781132483914e+00,-4.131583513442700362e-01,4.132443730111240998e-01,9.765781693508368140e-06,6.589995925079714215e-06,1.050501290269355207e-05,9.999983905662419570e-01
1.258024157455670498e-02,-4.131618299917433901e-01,-4.131686255157006049e-01,9.999950713218807019e-01,-4.131454901406334534e-01,1.999994367225048419e+00,-4.131431554714751764e-01,4.132516226268667658e-01,1.667626887587394887e-05,1.478767721569348698e-05,1.785381138592087406e-05,9.999971836125242097e-01
1.259019957129254089e-02,-4.131618223413803248e-01,-4.131577403496032308e-01,9.999996072375704204e-01,-4.131539425871885163e-01,1.999999551128655240e+00,-4.131556824340897882e-01,4.132393658975985207e-01,4.612542713171053781e-06,9.676990183484053410e-06,8.138509651773478777e-06,9.999997755643276198e-01
1.260010940601716950e-02,-4.131618147280192166e-01,-4.131579499292744040e-01,1.000004134383682297e+00,-4.131580389372541684e-01,2.000004725009887796e+00,-4.131576199705012109e-01,4.132406744317060898e-01,1.082497944269907914e-07,6.135680378087363980e-07,4.481965013241119324e-07,1.000002362504943676e+00
1.261229701866311941e-02,-4.131618053647219679e-01,-4.131567610220645559e-01,1.000005756338705476e+00,-4.131529781136509816e-01,2.000006578672756774e+00,-4.131535998370363671e-01,4.132403355299235637e-01,-1.535029417377090602e-06,-4.602441812343702914e-06,4.375084996501864523e-06,1.000003289336378609e+00
1.262201210502996752e-02,-4.131617979009780672e-01,-4.131667612963318970e-01,9.999977558851420589e-01,-4.131574018358171174e-01,1.999997435297324433e+00,-4.131580799739134613e-01,4.132502072476748056e-01,3.622086141825053324e-06,4.440508654432425921e-06,4.646969905466844041e-06,9.999987176486622165e-01
1.263158058483517671e-02,-4.131617905498652377e-01,-4.131728754130919445e-01,9.999892445274565222e-01,-4.131675787338016104e-01,1.999987708031470524e+00,-4.131675901684080943e-01,4.132549596034130190e-01,6.520754052885331623e-06,4.327650735740562384e-06,6.348213555598858002e-06,9.999938540157352618e-01
1.264071783207048119e-02,-4.131617835300522845e-01,-4.131649459208471264e-01,9.999930575500491914e-01,-4.131577354781658107e-01,1.999992065771543981e+00,-4.131575172621940739e-01,4.132463972408144115e-01,1.897971238956378057e-06,6.818291708965466363e-06,6.253816446635591392e-06,9.999960328857719905e-01
1.265309469557652881e-02,-4.131617740213611167e-01,-4.131528588562694004e-01,1.000008983892296976e+00,-4.131610123931184764e-01,2.000010267305405876e+00,-4.131619839693118079e-01,4.132365627261573859e-01,-9.386599113778130744e-06,-6.630336839813271253e-06,9.333982970824777759e-06,1.000005133652702938e+00
1.266142105189638906e-02,-4.131617676245279980e-01,-4.131620869265555385e-01,1.000002858648359361e+00,-4.131595567299681249e-01,2.000003267026672304e+00,-4.131585563084853585e-01,4.132452467957514197e-01,1.577579266230412556e-06,-1.988415946951787707e-07,2.026477555101887049e-06,1.000001633513336152e+00
1.267076771152549942e-02,-4.131617604438320712e-01,-4.131649794156472266e-01,9.999970654758728594e-01,-4.131628448332003156e-01,1.999996646258165534e+00,-4.131648773472779146e-01,4.132472956152644650e-01,-6.330922471691575837e-06,-4.995947593537673277e-07,6.926999917072798603e-06,9.999983231290827668e-01
1.268012676585987368e-02,-4.131617532536121518e-01,-4.131574448906484842e-01,1.000001257297655766e+00,-4.131731286874287812e-01,2.000001436911595931e+00,-4.131743905646936277e-01,4.132393362723165708e-01,-5.131019250114211205e-06,1.244938383079454430e-07,5.258036380848437893e-06,1.000000718455797966e+00
1.269037305303863210e-02,-4.131617453817656438e-01,-4.131583437120612823e-01,1.000003863688563310e+00,-4.131527018724163725e-01,2.000004415644039302e+00,-4.131506482226835475e-01,4.132410722650218804e-01,2.682889199708022205e-06,-1.239203909453628519e-06,3.533637377142172247e-06,1.000002207822019873e+00
1.270096995894733592e-02,-4.131617372405496091e-01,-4.131578824167129182e-01,1.000003735234448188e+00,-4.131660817315332968e-01,2.000004268839337573e+00,-4.131662953290967111e-01,4.132408796723618938e-01,1.251157759254659144e-06,1.232267321406567535e-06,7.281853973423058559e-07,1.000002134419668787e+00
1.271058211340046415e-02,-4.131617298558816764e-01,-4.131636574927338157e-01,9.999997452499685968e-01,-4.131684346865122648e-01,1.999999708857109093e+00,-4.131694734120517909e-01,4.132466029092372595e-01,-1.400990038961422672e-05,-3.232955574997091820e-06,1.394896797786401762e-05,9.999998544285545465e-01
1.272000000000000040e-02,-4.131617226204616355e-01,-4.131631137465358039e-01,9.999978768218393821e-01,-4.131550635418880235e-01,1.999997573510691629e+00,-4.131528760650637344e-01,4.132456446717265863e-01,8.345813243317564157e-06,3.905316063803158380e-06,1.076435036474535147e-05,9.999987867553458143e-01
1.272379957212461249e-02,-4.131617197013864318e-01,-4.131638137078111339e-01,9.999979962483526164e-01,-4.131522744408100967e-01,1.999997709998134310e+00,-4.131526845736485654e-01,4.132467211494725290e-01,7.161429262160413860e-06,-3.426502809328403206e-07,5.526491702846000537e-06,9.999988549990671549e-01
1.273183642105550281e-02,-4.131617135269675667e-01,-4.131650647384027542e-01,9.999961376147286085e-01,-4.131630250936707549e-01,1.999995585845437018e+00,-4.131640017783605456e-01,4.132471223898259161e-01,-4.611803854448842171e-06,-8.784583672767945259e-06,7.572276120668849503e-06,9.999977929227185092e-01
1.274030772791663255e-02,-4.131617070187714735e-01,-4.131590176108015933e-01,1.000000054959413687e+00,-4.131561640329233231e-01,2.000000062810757484e+00,-4.131548867654483148e-01,4.132411693693074373e-01,5.877646777080877268e-06,5.340320912854119203e-07,6.611219151585603878e-06,1.000000031405378964e+00
1.274921723612350809e-02,-4.131617001739191219e-01,-4.131603984341212787e-01,1.000001867700246683e+00,-4.131612230303686739e-01,2.000002134514551777e+00,-4.131621399535154726e-01,4.132432656689116746e-01,-1.403197329218257220e-06,-1.672618754935389215e-06,2.124166134457997597e-06,1.000001067257275889e+00
1.275309578525540659e-02,-4.131616971941708405e-01,-4.131595658864812837e-01,1.000001272111908035e+00,-4.131608386429007074e-01,2.000001453842170207e+00,-4.131592892422154550e-01,4.132416548114456467e-01,2.542063681315179635e-07,8.565756053749718539e-07,1.826455536533619392e-06,1.000000726921085104e+00
1.276192582181784156e-02,-4.131616904103757593e-01,-4.131556836114548825e-01,1.000005243955253142e+00,-4.131455750154838236e-01,2.000005993091673151e+00,-4.131454060709096598e-01,4.132386919027508099e-01,9.484224924868890595e-06,4.385190498081177104e-06,8.957100859954750989e-06,1.000002996545836575e+00
1.277026261976672503e-02,-4.131616066950510868e-01,-4.131599928073161898e-01,1.000003352630449927e+00,-4.131535017866641013e-01,2.000003831577628510e+00,-4.131544752036924728e-01,4.132429388262829906e-01,3.887796913751766719e-06,6.971707494254891661e-07,3.470206772764983234e-06,1.000001915788814255e+00
1.278050862289119294e-02,-4.131591276221057707e-01,-4.131567898449401421e-01,1.000003757578422414e+00,-4.131641901023548891e-01,2.000004294375307801e+00,-4.131650502339933029e-01,4.132393596051302520e-01,-3.556668687848985139e-06,-5.180303806746069393e-07,4.215680600298485166e-06,1.000002147187653900e+00
1.279157869163146700e-02,-4.131574401388670714e-01,-4.131605108935095805e-01,1.000002133512303049e+00,-4.131609670099781750e-01,2.000002438299756324e+00,-4.131610433271086791e-01,4.132432503413350222e-01,-1.366675323093825979e-06,-2.716610126146024727e-06,2.845167209527828415e-06,1.000001219149878384e+00
1.280251418543069085e-02,-4.131564072053368619e-01,-4.131598034671939423e-01,1.000000737718457433e+00,-4.131687558168184449e-01,2.000000843106802151e+00,-4.131689397553091059e-01,4.132417524213783944e-01,-6.010522254288512903e-06,-5.404696461758580555e-06,5.564336785301845438e-06,1.000000421553401075e+00
1.281287874175447879e-02,-4.131557916446632062e-01,-4.131543791050927839e-01,1.000006849464431635e+00,-4.131646079992130072e-01,2.000007827959292328e+00,-4.131639089743281423e-01,4.132373216410803463e-01,-4.171543748980475875e-06,-5.899977256314092443e-06,6.398059332259300566e-06,1.000003913979646164e+00
1.282771808784262564e-02,-4.131552775535105582e-01,-4.131567438815836324e-01,1.000004704329689131e+00,-4.131654756564601128e-01,2.000005376376747357e+00,-4.131667379566287268e-01,4.132392807011884273e-01,-8.677300130845115437e-06,-4.344034698295301643e-06,9.306249471185549697e-06,1.000002688188373678e+00
1.284031912230901122e-02,-4.131550382671919652e-01,-4.131548368525405635e-01,1.000006418507728201e+00,-4.131564712235433756e-01,2.000007335437349099e+00,-4.131556604730686755e-01,4.132373358038085032e-01,-8.466190410939016577e-06,-6.332916787256242691e-06,8.195321862047644774e-06,1.000003667718674549e+00
1.285337004273952484e-02,-4.131548962258567159e-01,-4.131515973039174283e-01,1.000008009174541357e+00,-4.131640674881879582e-01,2.000009153342264145e+00,-4.131627600878449713e-01,4.132330955366733671e-01,-5.972698420327681677e-06,-1.079159432361337805e-05,1.101612613895938935e-05,1.000004576671132295e+00
1.286385943327374680e-02,-4.131548281005075207e-01,-4.131441830400587878e-01,1.000018140103178244e+00,-4.131615418942568008e-01,2.000020731546334751e+00,-4.131638253213682499e-01,4.132272798637424138e-01,-1.563355479563631586e-05,-1.907394313224949165e-05,1.963909578521315499e-05,1.000010365773167598e+00
1.287571312113486993e-02,-4.131547806023040392e-01,-4.131504949935921878e-01,1.000013621650926776e+00,-4.131729312774706786e-01,2.000015567600943012e+00,-4.131724397933742576e-01,4.132337087537101827e-01,-1.679701395273749641e-05,-1.697213791451136373e-05,1.674461933678574884e-05,1.000007783800471506e+00
1.288845864567212188e-02,-4.131547506104373824e-01,-4.131542405411127161e-01,1.000007989519520857e+00,-4.131545133504974654e-01,2.000009130879384589e+00,-4.131523113540745418e-01,4.132369599377305192e-01,-2.555340515221634243e-06,-5.744749303700260819e-06,4.636135683991496447e-06,1.000004565439692295e+00
1.289508284961273996e-02,-4.131547404655789291e-01,-4.131514624039279715e-01,1.000008552761819436e+00,-4.131521565827492304e-01,2.000009774584863731e+00,-4.131536272838917112e-01,4.132333635441755582e-01,-3.642326675743097069e-06,-6.830647630972518829e-06,8.010346676070167896e-06,1.000004887292431643e+00
1.290639213226913232e-02,-4.131547286448007950e-01,-4.131499418454441797e-01,1.000013647173622289e+00,-4.131676036510333883e-01,2.000015596769737947e+00,-4.131677078712048257e-01,4.132330920734323398e-01,-1.683382667313259641e-05,-1.446965871610279368e-05,1.651742224118496333e-05,1.000007798384868973e+00
1.292000126144517841e-02,-4.131547203089079856e-01,-4.131545112758172600e-01,1.000008200071015763e+00,-4.131648408295149344e-01,2.000009371509662515e+00,-4.131649170542483485e-01,4.132373829606321713e-01,-1.175484542693825747e-05,-1.031229814497260344e-05,1.173127967379842605e-05,1.000004685754831035e+00
1.293002934766107094e-02,-4.131547166421277173e-01,-4.131581728106817342e-01,1.000004779922966547e+00,-4.131664627463345618e-01,2.000005462769063769e+00,-4.131665181656410391e-01,4.132411706493724357e-01,-1.498255759247463897e-05,-2.312809018014960620e-07,1.506441655859427435e-05,1.000002731384531884e+00
1.294000637187670694e-02,-4.131547142662803651e-01,-4.131579742261110022e-01,1.000003465228914923e+00,-4.131576092945947742e-01,2.000003960261587110e+00,-4.131567503968676114e-01,4.132405355345046272e-01,-1.229698930098096993e-06,-3.067153737905104933e-06,3.691475781698143892e-06,1.000001980130793555e+00
1.294827061856990667e-02,-4.131547129345820579e-01,-4.131489347596268291e-01,1.000009079723778838e+00,-4.131551668016806289e-01,2.000010376827098479e+00,-4.131553906562535627e-01,4.132303301920003946e-01,-5.095448219007198994e-06,-6.732490176501116827e-06,7.668472605345392061e-06,1.000005188413549240e+00
1.295641446630929443e-02,-4.131547120060479750e-01,-4.131515399413977496e-01,1.000013652423628274e+00,-4.131664173217942659e-01,2.000015602769744660e+00,-4.131681882750054546e-01,4.132352692233395297e-01,-1.270166312983967250e-05,-1.538131135571830111e-05,1.556261892187856566e-05,1.000007801384872330e+00
1.296537421216734098e-02,-4.131547112894671248e-01,-4.131573613590315830e-01,1.000005443277800943e+00,-4.131682453222788598e-01,2.000006220888869368e+00,-4.131671784068706721e-01,4.132401737826724708e-01,-6.859385814010417152e-06,-9.425297158168287931e-06,8.592314926658390265e-06,1.000003110444434684e+00
1.297625973299312320e-02,-4.131547107065609015e-01,-4.131512361421493806e-01,1.000006613304900593e+00,-4.131521875996861937e-01,2.000007558062687263e+00,-4.131499794362042399e-01,4.132325154080460639e-01,-7.110584630488579711e-07,-2.495983104024941332e-06,2.404288544208374714e-06,1.000003779031343631e+00
1.298217035100682204e-02,-4.131547104807292148e-01,-4.131456346162600268e-01,1.000014338298364391e+00,-4.131449193890878724e-01,2.000016386626580100e+00,-4.131464100904875258e-01,4.132285636266000428e-01,-4.247714559908943417e-06,-7.058815654679430861e-06,9.560197282917183849e-06,1.000008193313290050e+00
1.299071244436878110e-02,-4.131547102322019605e-01,-4.131497174776903591e-01,1.000014116960468380e+00,-4.131689808917727857e-01,2.000016133668986562e+00,-4.131714182758108311e-01,4.132326505017806517e-01,-2.310009248292935752e-05,-2.160590315127880110e-05,2.383129832377464208e-05,1.000008066834493281e+00
1.300052961909818616e-02,-4.131547100269188366e-01,-4.131508624246050809e-01,1.000011536591251415e+00,-4.131692920711359518e-01,2.000013184675617950e+00,-4.131680937254879060e-01,4.132334042553802433e-01,-1.179949214997228166e-05,-1.537421788302911578e-05,1.507106995364927295e-05,1.000006592337808753e+00
1.301289949552834196e-02,-4.131547098471105572e-01,-4.131491466855613526e-01,1.000013996090192814e+00,-4.131608855176965855e-01,2.000015995531529978e+00,-4.131627116954276757e-01,4.132326106000275834e-01,-1.844644700197279599e-05,-1.960267999299497975e-05,1.999833118345288878e-05,1.000007997765764989e+00
1.302309135202127204e-02,-4.131547097403199809e-01,-4.131571832471311878e-01,1.000006702272557169e+00,-4.131724130408979123e-01,2.000007659740008048e+00,-4.131710649130620472e-01,4.132402284807078496e-01,-1.687905312942644510e-05,-1.300552011405833701e-05,1.483330926873506883e-05,1.000003829870004024e+00
1.303147389988840513e-02,-4.131547096702519739e-01,-4.131595204087695206e-01,1.000002446699937320e+00,-4.131575725133697641e-01,2.000002796228478985e+00,-4.131566313033995796e-01,4.132414891895374587e-01,-4.848523028861408718e-07,1.581142712895746368e-07,1.834721596966288118e-07,1.000001398114239493e+00
1.304047765088455456e-02,-4.131547096069508873e-01,-4.131512274621574332e-01,1.000007652093269916e+00,-4.131662624130362782e-01,2.000008745249385989e+00,-4.131682719695853878e-01,4.132335834354994852e-01,-1.312104681909855222e-05,-1.421205762893930690e-05,1.578077052291514050e-05,1.000004372624692994e+00
1.305088950140217280e-02,-4.131547095441006623e-01,-4.131587357628943580e-01,1.000005452537289674e+00,-4.131863995912141707e-01,2.000006231471141760e+00,-4.131861628738728864e-01,4.132414278155194798e-01,-2.158791894789639023e-05,-1.079129090297545220e-05,2.060807685953020463e-05,1.000003115735570880e+00
1.306070451387183508e-02,-4.131547094915168916e-01,-4.131544895860769229e-01,1.000005780597069238e+00,-4.131662351325309235e-01,2.000006606396601772e+00,-4.131646748437020622e-01,4.132369625632800192e-01,-1.241300490929401139e-05,-5.815685317383580629e-06,1.201697256603968953e-05,1.000003303198300664e+00
1.307089189250365893e-02,-4.131547094413359766e-01,-4.131559294941738458e-01,1.000006405884832361e+00,-4.131595457453685061e-01,2.000007321011182615e+00,-4.131596926727912344e-01,4.132386317114876695e-01,-1.049440284268536378e-05,-1.030912154865381280e-05,1.020728248177604392e-05,1.000003660505591307e+00
1.308086760801545519e-02,-4.131547093950109217e-01,-4.131559166164650021e-01,1.000005801593012444e+00,-4.131604435781099371e-01,2.000006630391964801e+00,-4.131599380569342950e-01,4.132384561241158050e-01,-2.108168309517404270e-06,-1.571532071337410796e-06,1.501693874455187002e-06,1.000003315195982401e+00
1.309090271221271216e-02,-4.131547093502225820e-01,-4.131545316906343746e-01,1.000006899397263727e+00,-4.131568305956564990e-01,2.000007885025385068e+00,-4.131564369235854461e-01,4.132372099085897532e-01,1.400095812104763151e-06,-6.854948288432600948e-06,6.971492201150263707e-06,1.000003942512692756e+00
1.310140297097032308e-02,-4.131547093046090136e-01,-4.131561708610836381e-01,1.000006066228531942e+00,-4.131504776494442921e-01,2.000006932832556483e+00,-4.131505907347768347e-01,4.132387946772259624e-01,3.312067939207889704e-06,-3.397077231880753901e-06,3.932939611946530390e-06,1.000003466416278242e+00
1.311090590176345119e-02,-4.131547092640409646e-01,-4.131554540190668368e-01,1.000005993710336494e+00,-4.131643790939391603e-01,2.000006849954619081e+00,-4.131656261958263077e-01,4.132377963502768536e-01,-1.046078588968573905e-05,-1.208987578675253552e-05,1.167851327177381673e-05,1.000003424977309541e+00
1.312002436372697832e-02,-4.131547092255307696e-01,-4.131516179445211545e-01,1.000008912388777205e+00,-4.131537028464416506e-01,2.000010185587098199e+00,-4.131519980552768034e-01,4.132338438847096285e-01,-2.986165722202900235e-06,-1.567940212972535091e-06,1.961478625444527179e-06,1.000005092793549100e+00
1.312507421588652093e-02,-4.131547092043244551e-01,-4.131549365591695167e-01,1.000009236673706114e+00,-4.131510924301736720e-01,2.000010556198442924e+00,-4.131514461008780614e-01,4.132384763228408864e-01,3.889594862811373805e-07,-4.309779174392069380e-06,4.827114443590800293e-06,1.000005278099221462e+00
1.313211728181370649e-02,-4.131547091748598577e-01,-4.131598034277317866e-01,1.000003415758556891e+00,-4.131528543518464547e-01,2.000003903724035581e+00,-4.131540055983004001e-01,4.132422262219495046e-01,3.675994460140532357e-06,-4.884080921488867709e-06,4.841774968512335289e-06,1.000001951862018013e+00
1.314191325992863056e-02,-4.131547091340325717e-01,-4.131564352062162548e-01,1.000004082555483453e+00,-4.131717930196531219e-01,2.000004665777661117e+00,-4.131723423667544304e-01,4.132387307543509136e-01,-1.327012676660296052e-05,-9.993935623529116375e-06,1.354890063671916588e-05,1.000002332888830336e+00
1.315200803299912576e-02,-4.131547090920898446e-01,-4.131541464693656573e-01,1.000007596668011756e+00,-4.131636121672162543e-01,2.000008681906234376e+00,-4.131642149937388431e-01,4.132372484258419743e-01,-9.181262426637631525e-06,-5.501967686557849014e-06,9.412902699928426737e-06,1.000004340953117188e+00
1.316164022207502379e-02,-4.131547090521449639e-01,-4.131588956783899813e-01,1.000003919762211479e+00,-4.131729497247555449e-01,2.000004479728208384e+00,-4.131721771037055180e-01,4.132412923247493763e-01,-8.484472988766270571e-06,-8.400458722877437518e-08,7.715120402097263249e-06,1.000002239864104192e+00
1.317003106999999930e-02,-4.131598963999154051e-01,-4.131554776469317791e-01,1.000004867722339208e+00,-4.131646722247155901e-01,2.000005563111202811e+00,-4.131641205448436938e-01,4.132428086080515706e-01,-7.421321545556372861e-06,-4.689671228479227094e-06,7.785481259771703057e-06,1.000002781555601628e+00
1.317886012406536099e-02,-4.131598896168749424e-01,-4.131503038190835198e-01,1.000007702839236678e+00,-4.131478335007059410e-01,2.000008803244776701e+00,-4.131451978242336454e-01,4.132316737878778401e-01,-3.473349108039718755e-06,-8.236835255019863078e-06,9.284344425517164322e-06,1.000004401622388128e+00
1.318497417538009794e-02,-4.131598849196704282e-01,-4.131487032865893694e-01,1.000013448824324414e+00,-4.131517059539568382e-01,2.000015370084827548e+00,-4.131544839697983140e-01,4.132315958174363479e-01,-1.085427803025758751e-05,-1.524641363260536486e-05,1.596430162422008176e-05,1.000007685042413774e+00
1.319422017468987497e-02,-4.131598778163059760e-01,-4.131547159410423609e-01,1.000010798173518456e+00,-4.131635818047003639e-01,2.000012340769643515e+00,-4.131622641056508782e-01,4.132386852777402142e-01,-1.052539934222096506e-05,-1.200325856438987652e-05,1.033342436640854740e-05,1.000006170384821758e+00
1.320227533236395696e-02,-4.131598716278236383e-01,-4.131625509536974161e-01,1.000000658558018118e+00,-4.131489593773399194e-01,2.000000752637729473e+00,-4.131483569941623024e-01,4.132445469001215232e-01,9.199182732625986559e-06,3.342364293575740929e-06,9.348349665179260108e-06,1.000000376318864737e+00
1.321061480915979719e-02,-4.131598652209110267e-01,-4.131557989188656133e-01,1.000003244204975106e+00,-4.131580035762028591e-01,2.000003707662801222e+00,-4.131599315764145075e-01,4.132382354497688426e-01,-2.981832799500672760e-06,-8.749755471452715343e-08,3.947697334882411167e-06,1.000001853831400611e+00
1.322000264059022649e-02,-4.131598580085835692e-01,-4.131605796867829361e-01,1.000002930961160885e+00,-4.131579896904302718e-01,2.000003349669873032e+00,-4.131569238506723196e-01,4.132438032849530818e-01,9.815977196976786100e-06,-1.146957644509199228e-06,1.210683001314019093e-05,1.000001674834936516e+00
1.322885027373905086e-02,-4.131598512112687471e-01,-4.131610269228683796e-01,1.000000402781021425e+00,-4.131595764770334411e-01,2.000000460321163853e+00,-4.131604223752893823e-01,4.132436408487121238e-01,6.084610619379168187e-06,4.126662356814177437e-06,5.081738063916835757e-06,1.000000230160581927e+00
1.324000000000000350e-02,-4.131598426453435002e-01,-4.131529694365494998e-01,1.000005906157206859e+00,-4.131530559765915211e-01,2.000006749893900260e+00,-4.131523740962123048e-01,4.132347091694064112e-01,-1.449778756043947977e-06,2.647195309235100841e-06,2.465470790267517642e-06,1.000003374946950130e+00
1.324710641514117646e-02,-4.131598371857445051e-01,-4.131565776483195895e-01,1.000007402722322469e+00,-4.131589523576330580e-01,2.000008460254020015e+00,-4.131598977559445274e-01,4.132399442029924264e-01,-5.823517419375279640e-06,-4.964650761374406864e-06,5.900248774247035428e-06,1.000004230127010008e+00
1.325405360795509774e-02,-4.131598318484691612e-01,-4.131600714819739784e-01,1.000002730110980176e+00,-4.131628492085990256e-01,2.000003120126811140e+00,-4.131627178838573333e-01,4.132429210933526442e-01,-7.409551974213108857e-07,-1.799206194621927470e-06,9.464587763470284717e-07,1.000001560063405570e+00
1.326395778118185688e-02,-4.131598242394561304e-01,-4.131599527073827605e-01,1.000000545634321059e+00,-4.131570095331636439e-01,2.000000623582076642e+00,-4.131560704725313893e-01,4.132420705360697610e-01,8.845325780955474936e-06,5.551061764585642700e-06,8.144498878933532023e-06,1.000000311791038321e+00
1.327291698008718941e-02,-4.131598173564309251e-01,-4.131573581870509049e-01,1.000004374551559216e+00,-4.131567942503948099e-01,2.000004999487459134e+00,-4.131582734304025673e-01,4.132404806386748564e-01,5.897891794280595106e-07,-3.317307945005973601e-07,1.592594567206572376e-06,1.000002499743729567e+00
1.328147741887393193e-02,-4.131598107797599395e-01,-4.131612338405446505e-01,1.000001355159667371e+00,-4.131670909683058390e-01,2.000001548753894465e+00,-4.131672010950465102e-01,4.132435771554422432e-01,8.713973272192633185e-08,-5.548492091235858558e-06,4.901630326806979198e-06,1.000000774376947010e+00
1.329081629789691417e-02,-4.131598036050407319e-01,-4.131567998990213209e-01,1.000003401423972482e+00,-4.131645481295867506e-01,2.000003887341653908e+00,-4.131645403249845638e-01,4.132396041656782870e-01,-6.415895568641225827e-06,-2.588775974367193843e-06,7.237761494963439680e-06,1.000001943670826954e+00
1.330022449845809362e-02,-4.131597963770632376e-01,-4.131631298415260334e-01,1.000000705375166721e+00,-4.131707974038324460e-01,2.000000806143041654e+00,-4.131713815590835615e-01,4.132463363323059524e-01,-1.401168231469761976e-05,-8.224294917918365254e-06,1.415280788683636230e-05,1.000000403071520827e+00
1.330731292424173692e-02,-4.131597909312801908e-01,-4.131633147417100860e-01,9.999979139943584450e-01,-4.131634828222146560e-01,1.999997615993569955e+00,-4.131616698957811806e-01,4.132458841357875001e-01,-7.918403705849572417e-07,3.111487857015397450e-06,4.595415936213310292e-06,9.999988079967850885e-01
1.331355516061565047e-02,-4.131597861355958967e-01,-4.131606544913228318e-01,9.999987129051776114e-01,-4.131557195987947129e-01,1.999998529034499484e+00,-4.131558597262787735e-01,4.132423720550947310e-01,5.613140179966558451e-06,5.150975215347963555e-06,4.620435590282656996e-06,9.999992645172497419e-01
1.332460748189704704e-02,-4.131597776445039005e-01,-4.131577851233927401e-01,1.000006140683171285e+00,-4.131704438959086789e-01,2.000007017923572050e+00,-4.131720215570794941e-01,4.132415274964671981e-01,-9.916983380870978931e-06,-1.027132142983623576e-05,1.044989216814067106e-05,1.000003508961786025e+00
1.333500884427426397e-02,-4.131597696535199704e-01,-4.131631958108072933e-01,9.999976075425269784e-01,-4.131703502548401685e-01,1.999997265762908150e+00,-4.131689402610527750e-01,4.132453928863724646e-01,-5.218468239911146750e-07,-2.443548979849809828e-06,1.854453715484496191e-06,9.999986328814541858e-01
1.334456303205956013e-02,-4.131597623133885788e-01,-4.131608005391567140e-01,1.000000494298801890e+00,-4.131628262391020545e-01,2.000000564912912449e+00,-4.131624311202366506e-01,4.132435005447712140e-01,8.320401079258701639e-07,-8.929173580996138565e-07,5.120745387797786399e-07,1.000000282456456224e+00
1.335744399218158004e-02,-4.131597524174195346e-01,-4.131638024835750378e-01,9.999988011673844879e-01,-4.131584903501466233e-01,1.999998629905592296e+00,-4.131583086940683880e-01,4.132468286765769716e-01,4.777716781044221690e-06,3.858841751549787647e-06,5.571563589457652853e-06,9.999993149527961478e-01
1.336930002260880782e-02,-4.131597433088695093e-01,-4.131559337139819044e-01,1.000002014649422843e+00,-4.131506609023744558e-01,2.000002302456465930e+00,-4.131504352307798222e-01,4.132374484069055720e-01,3.228197971674533642e-06,2.913063565346441109e-06,2.001029275864274709e-06,1.000001151228232965e+00
1.337952207244892840e-02,-4.131597354556434953e-01,-4.131561978815727065e-01,1.000006389315391431e+00,-4.131451663559002618e-01,2.000007302074678694e+00,-4.131438330154459382e-01,4.132390827161729896e-01,8.387447452884143283e-06,1.533563809211551060e-06,9.928903973152521665e-06,1.000003651037339347e+00
1.338587044076624578e-02,-4.131597305784228680e-01,-4.131586501700001413e-01,1.000004370458921210e+00,-4.131530347901870015e-01,2.000004994810158365e+00,-4.131557059233426088e-01,4.132417078692918189e-01,6.591319903524697725e-06,8.056907778039179608e-09,5.597674516652746552e-06,1.000002497405079183e+00
1.340000177068337815e-02,-4.131597197218410678e-01,-4.131560624138810867e-01,1.000003880112850130e+00,-4.131696803592199152e-01,2.000004434414652810e+00,-4.131703650313089948e-01,4.132381639453112654e-01,-1.420976121304826362e-05,-7.228140173010284909e-06,1.638939240230570215e-05,1.000002217207326405e+00
1.341000803875884960e-02,-4.131597120343898366e-01,-4.131542583074392372e-01,1.000007115756660570e+00,-4.131643324240369397e-01,2.000008132293265906e+00,-4.131631570549121890e-01,4.132367546193732588e-01,-1.290928638979574836e-05,-7.355692204804275392e-06,1.225319132816435377e-05,1.000004066146632953e+00
1.342009200105665628e-02,-4.131597042872497405e-01,-4.131607722155192786e-01,1.000003225038942567e+00,-4.131768701431586255e-01,2.000003685758763972e+00,-4.131781325005147720e-01,4.132439950568249087e-01,-1.283205995436420186e-05,-6.308396355255144999e-06,1.248287848414923009e-05,1.000001842879381986e+00
1.343005144785372473e-02,-4.131596966357723444e-01,-4.131534693218040233e-01,1.000005431905845787e+00,-4.131637216059282913e-01,2.000006207892348620e+00,-4.131625807095675729e-01,4.132353246241534106e-01,-6.904064375773998106e-06,-7.393413264343746361e-06,8.219406516300036805e-06,1.000003103946174310e+00
1.344010201361311822e-02,-4.131596889142944984e-01,-4.131638116981205533e-01,1.000001691269909454e+00,-4.131605404441285878e-01,2.000001932879882371e+00,-4.131595840722545598e-01,4.132474698757429565e-01,-1.105343686121324870e-06,-3.223666841871760422e-06,1.857328910133776187e-06,1.000000966439941186e+00
1.345052957442569030e-02,-4.131596809031826134e-01,-4.131568185235544588e-01,1.000002121174538461e+00,-4.131583879304621676e-01,2.000002424199454509e+00,-4.131594418310885475e-01,4.132393445124766251e-01,-4.726309169095384040e-06,-4.357138879834977413e-06,6.229629176026877620e-06,1.000001212099727255e+00
1.346100851065630544e-02,-4.131596728526029105e-01,-4.131657319691726116e-01,9.999984624503183150e-01,-4.131740141923435639e-01,1.999998242800376858e+00,-4.131735661261239367e-01,4.132486743564529053e-01,-7.563430351736866109e-06,-2.988306726314672301e-07,6.044975862515748661e-06,9.999991214001884288e-01
1.347080431497009803e-02,-4.131596653268434505e-01,-4.131652108558318548e-01,9.999956095167376047e-01,-4.131547452028656586e-01,1.999994982304880153e+00,-4.131536174454950028e-01,4.132475486777991147e-01,7.256141381675173295e-06,5.475277619607471842e-06,7.641284726363363450e-06,9.999974911524400767e-01
1.348084260485455516e-02,-4.131596576147936739e-01,-4.131604818265308121e-01,9.999991624065093232e-01,-4.131602354078149353e-01,1.999999042750303602e+00,-4.131611088333494441e-01,4.132421941412701138e-01,-1.295982935945877663e-06,-3.197021750874796959e-06,3.648368200901132022e-06,9.999995213751518008e-01
1.349191829910910238e-02,-4.131596491057416554e-01,-4.131486033645904166e-01,1.000010924150791958e+00,-4.131600664939043543e-01,2.000012484743669550e+00,-4.131604858712955575e-01,4.132313819101205987e-01,-1.043189811665138905e-05,-8.621534565273519094e-06,1.149214385090250268e-05,1.000006242371834553e+00
1.350392132372258899e-02,-4.131596398842610762e-01,-4.131557635928070349e-01,1.000009562764920368e+00,-4.131631107840951223e-01,2.000010928874113247e+00,-4.131631282935345206e-01,4.132396915502981605e-01,-1.048380048490442532e-05,-4.746133798170154694e-06,9.474952344117285949e-06,1.000005464437056624e+00
1.351602464714865386e-02,-4.131596305857232476e-01,-4.131605364245241052e-01,9.999986535643132779e-01,-4.131562200427310039e-01,1.999998461216369261e+00,-4.131555703739224206e-01,4.132422761865138239e-01,7.019395668427002899e-06,7.916802836901000668e-06,7.663147875226303143e-06,9.999992306081847415e-01
1.352433132701585591e-02,-4.131596242040062594e-01,-4.131562267767256991e-01,1.000004802248049884e+00,-4.131530868155577352e-01,2.000005488283445043e+00,-4.131525716217296362e-01,4.132388872907793997e-01,4.590647294874394196e-06,-1.865021449494336391e-06,3.746320171822462676e-06,1.000002744141722300e+00
1.353218210955032044e-02,-4.131596181725378791e-01,-4.131564903934459299e-01,1.000005340842325952e+00,-4.131506703822827031e-01,2.000006103819755854e+00,-4.131521821116856397e-01,4.132391289813842072e-01,-3.398415753456457704e-07,-8.699592486504640796e-06,8.126394969086491054e-06,1.000003051909877927e+00
1.354204728911076634e-02,-4.131596105934807750e-01,-4.131578370440587844e-01,1.000005082375944543e+00,-4.131626746842404496e-01,2.000005808429607512e+00,-4.131629782213860347e-01,4.132414441636731439e-01,-3.349346559147380632e-06,-2.486905004173902860e-06,3.160448597531515980e-06,1.000002904214803756e+00
1.355116612728323594e-02,-4.131596035878135620e-01,-4.131670351899093263e-01,9.999970651737462024e-01,-4.131637538816728683e-01,1.999996645912877735e+00,-4.131634475421759323e-01,4.132495392249752042e-01,1.736530201933205620e-06,1.775632571427600318e-06,2.404078884204063412e-06,9.999983229564388676e-01
1.356122538181010924e-02,-4.131595958596592788e-01,-4.131610519383671631e-01,9.999984313453776918e-01,-4.131622977669486829e-01,1.999998207251873605e+00,-4.131629857721497157e-01,4.132435711864189121e-01,-3.458686086655575284e-06,-5.550812495843446163e-06,5.705432265331690565e-06,9.999991036259368027e-01
1.357043380530638735e-02,-4.131595887851637894e-01,-4.131619604472800411e-01,9.999998342619493830e-01,-4.131546171059405359e-01,1.999999810585086468e+00,-4.131530521007880652e-01,4.132445950502299237e-01,1.060126998519540490e-05,1.402649121975570956e-06,1.179410389526929265e-05,9.999999052925431231e-01
1.358000704890045471e-02,-4.131595814303898329e-01,-4.131599978520427152e-01,1.000000731808963872e+00,-4.131667631506740213e-01,2.000000836353095224e+00,-4.131691591117707674e-01,4.132423955856718290e-01,-1.939743001834532711e-06,-6.121093817187632254e-07,3.791986865792384889e-06,1.000000418176547612e+00
1.359128052225315811e-02,-4.131595727693924691e-01,-4.131510719089786510e-01,1.000008810389722225e+00,-4.131788728465343730e-01,2.000010069016750158e+00,-4.131804071320954175e-01,4.132342116387516251e-01,-2.501173477216547307e-05,-1.404058432086213190e-05,2.609088673514091091e-05,1.000005034508375079e+00
1.360131436241026302e-02,-4.131595650607637893e-01,-4.131604128959209254e-01,1.000003945213188139e+00,-4.131771672525835215e-01,2.000004508815038662e+00,-4.131762289675697253e-01,4.132430423225700311e-01,-1.844569869304346854e-05,-1.170208535254431307e-05,1.658976301135244759e-05,1.000002254407519331e+00
1.361033756932087009e-02,-4.131595581285663621e-01,-4.131572684874577628e-01,1.000003115554982003e+00,-4.131588585336837816e-01,2.000003560634238564e+00,-4.131570170436471567e-01,4.132397428686723218e-01,-1.987965394965510728e-06,1.181816154641753906e-07,8.859489115648182278e-07,1.000001780317119282e+00
1.361734756312342649e-02,-4.131595527430415027e-01,-4.131597551563362947e-01,1.000003171024990589e+00,-4.131680192250087869e-01,2.000003624028533711e+00,-4.131702158802171843e-01,4.132428263822933157e-01,-6.402413680636763334e-06,-7.518307650677348624e-06,8.471789014481160556e-06,1.000001812014266855e+00
1.362666007329479262e-02,-4.131595455885815338e-01,-4.131599224017168392e-01,1.000000896015891261e+00,-4.131734533394399445e-01,2.000001024018153828e+00,-4.131730953244489024e-01,4.132423012539357399e-01,-1.155448593736530434e-05,-9.512909561605207017e-06,1.203082844835258079e-05,1.000000512009076914e+00
1.363804970226822552e-02,-4.131595368383489952e-01,-4.131647971531858810e-01,9.999992595175896115e-01,-4.131710891428770904e-01,1.999999153734394408e+00,-4.131703454585092805e-01,4.132482774416098570e-01,-4.976954616619389947e-06,-5.095840548376218053e-07,3.022278022312534782e-06,9.999995768671972041e-01
1.364341180681116067e-02,-4.131595327188383737e-01,-4.131657137751463815e-01,9.999953274986947971e-01,-4.131674054776138805e-01,1.999994659998548086e+00,-4.131673056708141667e-01,4.132477592603238659e-01,2.091979872558321643e-06,3.372328896484953985e-06,2.531881648519273740e-06,9.999973299992740428e-01
1.365144294211743416e-02,-4.131595265488122171e-01,-4.131610772131970588e-01,9.999985907708242028e-01,-4.131754299772519290e-01,1.999998389452382286e+00,-4.131758173599450190e-01,4.132435518678100883e-01,-7.710733918958074875e-06,-8.233805857446332380e-06,8.752635620687689000e-06,9.999991947261912539e-01
1.366072295160924814e-02,-4.131595194193207754e-01,-4.131610668012655752e-01,1.000000574024064948e+00,-4.131627573308325196e-01,2.000000656027498103e+00,-4.131617597574517853e-01,4.132442506516542102e-01,-5.074857649127096768e-06,-2.547359360133201777e-06,4.654645475584442758e-06,1.000000328013749051e+00
1.367031944609042524e-02,-4.131595120466862170e-01,-4.131707935670562715e-01,9.999936765579930942e-01,-4.131774565400980759e-01,1.999992773209188890e+00,-4.131787914775146842e-01,4.132538349106636977e-01,-5.050785802900824566e-06,1.710125114503100287e-06,4.437810869954215260e-06,9.999963866045943339e-01
1.367918815105641575e-02,-4.131595052331840656e-01,-4.131603394293988374e-01,9.999964680127545469e-01,-4.131574210618718102e-01,1.999995963443178315e+00,-4.131548652216967543e-01,4.132415914663745693e-01,3.031501971720883229e-06,5.885919490453487910e-06,5.266912824363634061e-06,9.999979817215890465e-01
1.368716218094580619e-02,-4.131594991070299816e-01,-4.131637520635177974e-01,1.000000429109280553e+00,-4.131635536633127548e-01,2.000000490410602794e+00,-4.131647884481652877e-01,4.132473423047567374e-01,-5.268035454015200081e-07,1.440337749078714804e-06,1.896423977048001368e-06,1.000000245205301397e+00
1.369624178258873302e-02,-4.131594921315068780e-01,-4.131545351314891978e-01,9.999998853492259032e-01,-4.131583593228770335e-01,1.999999868970544936e+00,-4.131568733091812717e-01,4.132347134984146741e-01,2.165404211281149905e-06,-4.207910669728809736e-07,2.606755092129756462e-06,9.999999344852724681e-01
1.370442998704313881e-02,-4.131594858408100812e-01,-4.131459200069753090e-01,1.000016611317395832e+00,-4.131646294289760823e-01,2.000018984362596619e+00,-4.131670904275055456e-01,4.132293958058524952e-01,-1.570574784947035874e-05,-2.021915693336961368e-05,2.130420913955035489e-05,1.000009492181298310e+00
1.371308721219967851e-02,-4.131594791897841845e-01,-4.131540501210037575e-01,1.000011362145993177e+00,-4.131700998565061567e-01,2.000012985309610247e+00,-4.131690744114467351e-01,4.132377905155472098e-01,-1.521145217308406125e-05,-1.453271525778822300e-05,1.414800768157689563e-05,1.000006492654804902e+00
1.372181395913265461e-02,-4.131594724853438483e-01,-4.131631108698591293e-01,1.000001438928479480e+00,-4.131563229284805350e-01,2.000001644489678654e+00,-4.131550460765717192e-01,4.132462602051166223e-01,-2.712848660715224462e-06,3.104761485412581123e-06,3.314701889400312614e-06,1.000000822244839105e+00
1.373070389556559426e-02,-4.131594656555313549e-01,-4.131667534848492140e-01,9.999957238140951832e-01,-4.131583753679632376e-01,1.999995112930430974e+00,-4.131597480994128047e-01,4.132497233024210459e-01,-1.160255283248196353e-06,-1.416277737585413187e-06,1.401602984714014128e-06,9.999975564652154869e-01
1.374027897207986612e-02,-4.131594582993503573e-01,-4.131693882852531252e-01,9.999924427334555554e-01,-4.131688950924828352e-01,1.999991363124013599e+00,-4.131694185594392277e-01,4.132518905307881463e-01,7.408851033843387371e-06,8.705156643769875502e-06,9.517568684834339790e-06,9.999956815620067996e-01
1.375025641062968366e-02,-4.131594506340519612e-01,-4.131567887763680780e-01,1.000000158046335352e+00,-4.131580361920025313e-01,2.000000180624381674e+00,-4.131575205491198610e-01,4.132384055315813098e-01,1.659992107364073869e-06,-3.400692282328479337e-08,1.536892037036323602e-06,1.000000090312190837e+00
1.376021027071263128e-02,-4.131594429868687968e-01,-4.131583140212073402e-01,1.000004255105925166e+00,-4.131642255852356338e-01,2.000004862978164155e+00,-4.131643944840825977e-01,4.132411843425711218e-01,-9.118052714076726987e-06,-1.466213461005324455e-07,8.807487152269804492e-06,1.000002431489082078e+00
1.377013988138688083e-02,-4.131594353583128432e-01,-4.131589491179474827e-01,1.000002796539972927e+00,-4.131552150499227527e-01,2.000003196045659237e+00,-4.131539926107224980e-01,4.132416135611130525e-01,4.269926514096525142e-06,-2.465505428346524717e-06,5.147837578234865104e-06,1.000001598022829841e+00
1.378000000000000232e-02,-4.131594277831435735e-01,-4.131585718565515264e-01,1.000002877927446132e+00,-4.131665550544773025e-01,2.000003289059913758e+00,-4.131684436761601797e-01,4.132411573098526136e-01,-8.311432657028431444e-06,-4.161412718003733990e-06,9.843791634735336011e-06,1.000001644529956879e+00
1.378969783244653712e-02,-4.131594203326544590e-01,-4.131649465089482498e-01,9.999988112531214002e-01,-4.131660981092350471e-01,1.999998641432148894e+00,-4.131654252969864660e-01,4.132483176684091930e-01,-3.001122043614430469e-06,1.640787187026537572e-06,2.664425293884264295e-06,9.999993207160743358e-01
1.380046108380728921e-02,-4.131594120636449263e-01,-4.131696634763566967e-01,9.999925672491630779e-01,-4.131600045053971937e-01,1.999991505427678229e+00,-4.131589951002173633e-01,4.132522556239241474e-01,1.407942538903999935e-05,9.531581836065886569e-06,1.495624502203100236e-05,9.999957527138391145e-01
1.381092444454368011e-02,-4.131594040250282096e-01,-4.131622443208596285e-01,9.999966202146636229e-01,-4.131537891478096469e-01,1.999996137388215800e+00,-4.131540725215734899e-01,4.132446139845596389e-01,5.805466089380976638e-06,5.809949420357138071e-06,5.058735453572883233e-06,9.999980686941079000e-01
1.382310625365917346e-02,-4.131593946661927808e-01,-4.131620522506737059e-01,9.999987904605738276e-01,-4.131600471130330576e-01,1.999998617669237477e+00,-4.131602609072928534e-01,4.132443325916962396e-01,3.198483488309793603e-06,2.838410039609868698e-06,3.243147092831686894e-06,9.999993088346187387e-01
1.383316956309309231e-02,-4.131593869349193260e-01,-4.131575486984874757e-01,1.000002152823846524e+00,-4.131625707118445900e-01,2.000002460370091661e+00,-4.131618368027207833e-01,4.132394726425686615e-01,1.778888713512783853e-06,-1.362885789640184028e-06,2.401393267793856461e-06,1.000001230185045831e+00
1.384151989380501616e-02,-4.131593805196648317e-01,-4.131522679107759721e-01,1.000007944438625618e+00,-4.131519029168427837e-01,2.000009079358361586e+00,-4.131503562611081315e-01,4.132349537977135223e-01,6.045966302809518023e-06,1.861194512114181167e-06,4.697303080483545762e-06,1.000004539679180793e+00
1.385030516632086532e-02,-4.131593737702603519e-01,-4.131544932119039504e-01,1.000008347537254760e+00,-4.131573231061496099e-01,2.000009540042505751e+00,-4.131588151654435048e-01,4.132376780641013880e-01,-1.457714559988449602e-05,-1.157169832994222407e-05,1.665588707032196480e-05,1.000004770021252876e+00
1.386045100239215351e-02,-4.131593659755871117e-01,-4.131670610923164899e-01,9.999984129958898738e-01,-4.131850288713247443e-01,1.999998186281030543e+00,-4.131874813571633775e-01,4.132500001499564979e-01,-1.983853234107068510e-05,-7.267699832333983525e-06,1.913697289988861968e-05,9.999990931405151606e-01
1.386864751485477470e-02,-4.131593596785055889e-01,-4.131565008930757621e-01,1.000000180361229951e+00,-4.131679905459745838e-01,2.000000206127118485e+00,-4.131660868316727742e-01,4.132376228870854873e-01,-9.823166498509240069e-06,-1.024357748449686541e-06,9.692331175936168391e-06,1.000000103063559242e+00
1.387555625221083104e-02,-4.131593543707733907e-01,-4.131556244563659441e-01,1.000007180431647491e+00,-4.131635009748884091e-01,2.000008206207535721e+00,-4.131634420424027399e-01,4.132388328451133130e-01,-1.031078342162492177e-05,-7.417726430609397526e-06,1.000725913814659567e-05,1.000004103103767861e+00
1.388635266197941164e-02,-4.131593460762892356e-01,-4.131604564269057978e-01,1.000002198158952416e+00,-4.131659514742523909e-01,2.000002512181640935e+00,-4.131670927538848570e-01,4.132433980466631573e-01,-3.746567592178926410e-06,-3.947200325980442644e-06,3.533028137464455473e-06,1.000001256090820689e+00
1.390002233676192016e-02,-4.131593355743845564e-01,-4.131550348058468103e-01,1.000004173242278860e+00,-4.131625355608819494e-01,2.000004769419711614e+00,-4.131617186920388818e-01,4.132369355902082431e-01,-2.431904178667383691e-06,-3.829081400949898934e-06,4.484835861885983113e-06,1.000002384709855807e+00
1.390802523614488584e-02,-4.131593294260472726e-01,-4.131584715237964778e-01,1.000005068855040369e+00,-4.131635149843221333e-01,2.000005792977145536e+00,-4.131637354643074023e-01,4.132416977381238032e-01,-1.475482902126878800e-05,-1.407682151043695459e-05,1.603258809976898877e-05,1.000002896488572768e+00
1.391419577836493400e-02,-4.131593246854444734e-01,-4.131592079487215186e-01,1.000002154263876841e+00,-4.131670036858080541e-01,2.000002462015840532e+00,-4.131669585856970195e-01,4.132415345869215884e-01,-1.415146398484809995e-05,-9.761183108523911853e-06,1.247219883399939564e-05,1.000001231007920266e+00
1.392270214060521184e-02,-4.131593181503189216e-01,-4.131560218229389236e-01,1.000004195500606041e+00,-4.131626209042528752e-01,2.000004794857799695e+00,-4.131612413019930541e-01,4.132380771135250597e-01,-2.328038811531232232e-06,-5.836070242549563617e-07,1.585133775445272822e-06,1.000002397428899847e+00
1.393266297432193754e-02,-4.131593104977752673e-01,-4.131524433440585398e-01,1.000009590335278586e+00,-4.131569108639160937e-01,2.000010960383094449e+00,-4.131579528428087067e-01,4.132357269931984933e-01,-2.031603106232002534e-06,-5.801945075971127951e-06,6.779610648815324208e-06,1.000005480191547003e+00
1.394235010797464924e-02,-4.131593030555043011e-01,-4.131591542669933448e-01,1.000004618623246300e+00,-4.131701458049434894e-01,2.000005278426527866e+00,-4.131706840689829963e-01,4.132422657808118571e-01,-8.607689117583077992e-06,-7.406395174813234219e-06,7.863949674159452033e-06,1.000002639213263711e+00
1.395161224645726991e-02,-4.131592959397459297e-01,-4.131625731348634312e-01,9.999995858334539411e-01,-4.131682235378687507e-01,1.999999526666808025e+00,-4.131678558750208619e-01,4.132448742987078205e-01,-1.001818512089174049e-06,-2.974917627914631451e-06,2.493659251250704428e-06,9.999997633334041236e-01
1.396202109755324133e-02,-4.131592879430087129e-01,-4.131579877192704253e-01,1.000002490189954907e+00,-4.131644865352054885e-01,2.000002845931356354e+00,-4.131642049784439719e-01,4.132406131940533633e-01,-6.200685398928744900e-07,-2.584763381042935519e-06,2.032524737677013393e-06,1.000001422965677955e+00
1.397125494176783451e-02,-4.131593358073101241e-01,-4.131581264331131709e-01,1.000003300895284220e+00,-4.131585529359618758e-01,2.000003772451725226e+00,-4.131581369144985416e-01,4.132402267599866175e-01,9.818356670175653071e-07,5.808462448648663442e-06,5.788950884946561115e-06,1.000001886225862613e+00
1.398175413282941489e-02,-4.131596903141128152e-01,-4.131519656488137349e-01,1.000009065229787275e+00,-4.131639500507101048e-01,2.000010360262537201e+00,-4.131652714397385795e-01,4.132354021095832608e-01,-7.138037539073536017e-06,-4.604130035697250731e-06,8.626480509509794228e-06,1.000005180131268379e+00
1.399111198505002471e-02,-4.131598951303489531e-01,-4.131616658689150623e-01,1.000003092262571780e+00,-4.131775868926680362e-01,2.000003534014341611e+00,-4.131782419147281282e-01,4.132445530545560408e-01,-1.413916185795044137e-05,-9.550640098840463426e-06,1.419067778357302871e-05,1.000001767007170805e+00
1.400076821758680645e-02,-4.131600349702795882e-01,-4.131603550156059956e-01,1.000000506793453647e+00,-4.131768940726602279e-01,2.000000579192513950e+00,-4.131767682947897202e-01,4.132427265551492090e-01,-1.502467773580288022e-05,-5.398606848810910096e-06,1.474266230097355038e-05,1.000000289596256975e+00
1.401079468511988793e-02,-4.131601296666627121e-01,-4.131572135120576972e-01,1.000003446772532056e+00,-4.131597629383332304e-01,2.000003939168578437e+00,-4.131581774100759885e-01,4.132397933537264034e-01,-1.984863247642569808e-06,6.302641638410108016e-07,1.190011966722917247e-06,1.000001969584289219e+00
1.402059572236169505e-02,-4.131601897831448933e-01,-4.131587915631812491e-01,1.000003466747320768e+00,-4.131598169182901237e-01,2.000003961996908775e+00,-4.131600531952621669e-01,4.132417399503069411e-01,-2.464364906239817508e-06,-1.084410297253212584e-06,2.831731139038934626e-06,1.000001980998454387e+00
1.403095262552251157e-02,-4.131602307904446714e-01,-4.131632347073065370e-01,9.999993533711447613e-01,-4.131671518404296251e-01,1.999999260995599437e+00,-4.131673657679344469e-01,4.132456123297741368e-01,-6.601905133552511268e-06,3.097703986464126050e-06,5.717666572345576510e-06,9.999996304977997186e-01
1.404030786110058507e-02,-4.131602548698192212e-01,-4.131570248566177606e-01,1.000002255185452826e+00,-4.131602343127599442e-01,2.000002577354784261e+00,-4.131598155047991883e-01,4.132392750375499801e-01,-1.447294970674954883e-06,-6.311717826241599350e-06,7.597835275759285918e-06,1.000001288677392131e+00
1.405000000000000172e-02,-4.131602713529087811e-01,-4.131614829089017560e-01,1.000001848643147895e+00,-4.131693439000279633e-01,2.000002112735010495e+00,-4.131699593683637040e-01,4.132446715752669530e-01,-1.104916621759148287e-05,-6.593102018810938271e-06,1.142190837111944419e-05,1.000001056367505248e+00
1.406000166493286650e-02,-4.131602824293574283e-01,-4.131583745076240488e-01,1.000001853376617733e+00,-4.131635796599749666e-01,2.000002118144689867e+00,-4.131630572070724705e-01,4.132405996574303741e-01,-6.815923364364270632e-06,-2.328574123605589885e-06,6.724728994683648023e-06,1.000001059072345155e+00
1.407030498113602188e-02,-4.131602897561609811e-01,-4.131583438381530859e-01,1.000003411581808388e+00,-4.131485000349190417e-01,2.000003898950609038e+00,-4.131468297624417696e-01,4.132410335333708828e-01,8.063732530201716268e-06,3.680143318412729022e-06,9.312523143761769742e-06,1.000001949475304519e+00
1.408000000000000050e-02,-4.131602942012237434e-01,-4.131593464543835137e-01,1.000002590880254338e+00,-4.131627645203328481e-01,2.000002961005983071e+00,-4.131650318386893561e-01,4.132420868755204424e-01,-4.257053455544582581e-06,-1.440368660828321602e-06,5.912417139872931771e-06,1.000001480502991313e+00
1.408922415409932273e-02,-4.131602969894490607e-01,-4.131604776128410816e-01,1.000001444863682032e+00,-4.131557245210355500e-01,2.000001651272766967e+00,-4.131542797247759191e-01,4.132432339995555370e-01,-2.452426006358201037e-06,-3.387617326083664763e-06,3.543896146726918023e-06,1.000000825636383484e+00
1.410004013722319059e-02,-4.131602990937638942e-01,-4.131516982327895771e-01,1.000006899171914432e+00,-4.131633928426624580e-01,2.000007884767843525e+00,-4.131649840272577090e-01,4.132334172441657905e-01,-9.080502314973349547e-06,-9.562621802821457456e-06,1.065214007586200578e-05,1.000003942383921762e+00
1.411000895443157571e-02,-4.131603003114217576e-01,-4.131610976205300489e-01,1.000004302769359033e+00,-4.131651366167437556e-01,2.000004917450659114e+00,-4.131640376434759787e-01,4.132448678349778803e-01,1.789914063665946078e-06,-2.621813553013612634e-06,4.231122155502598044e-06,1.000002458725329557e+00
1.411876810595998413e-02,-4.131603010100853846e-01,-4.131611597872684172e-01,9.999998910605871760e-01,-4.131679077054439819e-01,1.999999875497814772e+00,-4.131692713727098676e-01,4.132436535953342149e-01,-8.581058585021037229e-07,1.911489172016446349e-06,2.211235035371403442e-06,9.999999377489073860e-01
1.412374054182890040e-02,-4.131603012977765332e-01,-4.131590772217248464e-01,1.000000877461904247e+00,-4.131665016249552735e-01,2.000001002813597051e+00,-4.131644306072451700e-01,4.132410781846804770e-01,-2.119885736390996076e-06,-1.281297971566894869e-06,2.317969281764642829e-06,1.000000501406798747e+00
1.413253358774273216e-02,-4.131603016672327211e-01,-4.131551884508297134e-01,1.000006001998969607e+00,-4.131533877767618601e-01,2.000006859427342576e+00,-4.131542992154896843e-01,4.132381764443364136e-01,-2.341757604271892193e-06,-9.861140162689156292e-06,9.556732294488712556e-06,1.000003429713671288e+00
1.414180112774714171e-02,-4.131603019179381220e-01,-4.131600198748309749e-01,1.000003824840135502e+00,-4.131579431437942262e-01,2.000004371245836854e+00,-4.131582430947768336e-01,4.132437975895463800e-01,4.596999486049171988e-07,-1.893526706574776498e-06,1.971421129204906772e-06,1.000002185622918427e+00
1.415079500636022905e-02,-4.131603020692693473e-01,-4.131709684773077762e-01,9.999938561756692712e-01,-4.131681173848628652e-01,1.999992978486531348e+00,-4.131693077234541156e-01,4.132538521703734147e-01,-1.654613969068571727e-06,-1.126070989876543481e-07,1.357128129923200022e-06,9.999964892432657848e-01
1.415948277159247148e-02,-4.131603021572891610e-01,-4.131665885727757725e-01,9.999924955727873543e-01,-4.131617821334773177e-01,1.999991423511820798e+00,-4.131611935701686722e-01,4.132486198744249606e-01,1.059438595095533184e-05,1.159373920484798498e-05,1.221464395513868916e-05,9.999957117559105102e-01
1.416907158432702436e-02,-4.131603022097133371e-01,-4.131644192173717922e-01,9.999962549010859014e-01,-4.131593218972982040e-01,1.999995719886987100e+00,-4.131592564970840153e-01,4.132468964395525912e-01,1.362491520824484916e-05,6.822800499167299528e-06,1.387699216559022752e-05,9.999978599434936610e-01
1.417749998309691430e-02,-4.131603022294823568e-01,-4.131641229546243466e-01,9.999971153957839531e-01,-4.131630616999103500e-01,1.999996703309491641e+00,-4.131640664129229701e-01,4.132467562784305493e-01,-4.613663998035538676e-07,5.853431878002386047e-07,2.693693354936907344e-06,9.999983516547459317e-01
1.418406145481430729e-02,-4.131603022329825015e-01,-4.131627438105739403e-01,9.999975128500467880e-01,-4.131666294276765683e-01,1.999997157542931836e+00,-4.131657267692459556e-01,4.132449354678929820e-01,-5.463017859418170558e-06,-5.960730443152423108e-07,4.430286691225589294e-06,9.999985787714659180e-01
1.419531334640988796e-02,-4.131603022223701571e-01,-4.131607189700663429e-01,1.000001235246964049e+00,-4.131560556200491452e-01,2.000001411710805588e+00,-4.131553963934915807e-01,4.132435975230697167e-01,2.736804803351364038e-06,4.291289363038483625e-06,5.388817746769789232e-06,1.000000705855402794e+00
1.420504898263929422e-02,-4.131603022017668603e-01,-4.131592419684003148e-01,1.000000458307231055e+00,-4.131440932364822682e-01,2.000000523779688955e+00,-4.131427769869684408e-01,4.132411668336303801e-01,1.016152059423914280e-05,9.384502052816229672e-06,1.014192556746961829e-05,1.000000261889844477e+00
1.421356864624521293e-02,-4.131603021780899110e-01,-4.131572613320079190e-01,1.000005352046287932e+00,-4.131462631991140166e-01,2.000006116624283514e+00,-4.131495812556744140e-01,4.132407098437572701e-01,2.362661268600659811e-06,-2.286922737194141244e-07,1.107584442159757708e-06,1.000003058312141757e+00
1.422381696879940552e-02,-4.131603021449885560e-01,-4.131648745586627425e-01,9.999983939744034878e-01,-4.131703152832071346e-01,1.999998164542189150e+00,-4.131706670777984258e-01,4.132479661307690288e-01,-5.833641511514613868e-06,-3.923125649685074581e-07,5.694074840617104623e-06,9.999990822710944638e-01
1.423818838568151855e-02,-4.131603020932603787e-01,-4.131628006471290138e-01,9.999960823044868885e-01,-4.131763898362987297e-01,1.999995522633732703e+00,-4.131771526211051593e-01,4.132446945225137225e-01,-5.823191144494305195e-06,-3.297688002873357132e-06,6.349722031187615614e-06,9.999977613168663515e-01
1.425000000000000051e-02,-4.131603020479989730e-01,-4.131593153260522122e-01,1.000001683643105599e+00,-4.131755250457551099e-01,2.000001924163535172e+00,-4.131746848901143299e-01,4.132417907146148650e-01,-1.809971627581551778e-06,-4.361696436999406005e-06,3.900020499543564616e-06,1.000000962081767364e+00
1.426036076292332491e-02,-4.131603020071040189e-01,-4.131627023880136695e-01,9.999999189382802189e-01,-4.131460498457896757e-01,1.999999907358035234e+00,-4.131437879674576541e-01,4.132454243536083927e-01,7.607820202842427250e-06,6.231825663223595326e-06,9.005266447038768631e-06,9.999999536790176169e-01
1.427000587251980868e-02,-4.131603019684041422e-01,-4.131576944992195188e-01,1.000001939622931380e+00,-4.131483820587604217e-01,2.000002216711905145e+00,-4.131495994076844203e-01,4.132397374893080344e-01,8.161552511789516153e-06,-4.390407594519930579e-06,7.445424718089806659e-06,1.000001108355952573e+00
1.428001889031977126e-02,-4.131603019278125566e-01,-4.131533644817979023e-01,1.000007116946169949e+00,-4.131607547209675824e-01,2.000008133652704689e+00,-4.131618667045463544e-01,4.132356078421274281e-01,-6.158822318929256209e-06,-9.879988344921857639e-06,1.024716740408977007e-05,1.000004066826352567e+00
1.429000261416488865e-02,-4.131603018870673716e-01,-4.131626184284201697e-01,1.000002439079746397e+00,-4.131701695058000445e-01,2.000002787519689296e+00,-4.131705937483248214e-01,4.132463194851775379e-01,-1.187976797143120512e-05,-1.286254204159482086e-05,1.252597419537418072e-05,1.000001393759844648e+00
1.429628293189010718e-02,-4.131603018613366207e-01,-4.131600734976554889e-01,9.999996284117924628e-01,-4.131636358864071434e-01,1.999999575327765955e+00,-4.131618626869327793e-01,4.132420250671363648e-01,-3.933375843678520867e-06,-3.499973673225720360e-06,2.722742908372987995e-06,9.999997876638829775e-01
1.430336390218777537e-02,-4.131603018322649867e-01,-4.131599226374724765e-01,1.000003212390714324e+00,-4.131545389087337150e-01,2.000003671303646424e+00,-4.131538997288353166e-01,4.132437577599434309e-01,2.172128912063446771e-06,-1.242070905272426076e-06,3.011218970509346808e-06,1.000001835651823212e+00
1.431226791870092788e-02,-4.131603017956416157e-01,-4.131685733559340434e-01,9.999943946622270596e-01,-4.131473141253239056e-01,1.999993593899735744e+00,-4.131477411216464835e-01,4.132507813822669518e-01,1.457470633098405267e-05,5.022796229663548018e-06,1.465189045917903616e-05,9.999967969498678722e-01
1.432138319792271644e-02,-4.131603017580926518e-01,-4.131634701453786862e-01,9.999960446799690539e-01,-4.131617201849021037e-01,1.999995479634284035e+00,-4.131625304409893285e-01,4.132459098578878942e-01,4.246932897196429647e-06,1.270001608786448889e-07,3.677144437250312700e-06,9.999977398171420173e-01
1.433093455278628726e-02,-4.131603017187066018e-01,-4.131629153724956094e-01,9.999983042350817364e-01,-4.131523388941546471e-01,1.999998061982964925e+00,-4.131517994407272742e-01,4.132456188681650766e-01,1.070613761083618386e-05,6.196314344675828759e-06,1.105015963881500241e-05,9.999990309914824627e-01
1.434076500958048582e-02,-4.131603016781410509e-01,-4.131641891364729036e-01,9.999974683715955326e-01,-4.131638590464320471e-01,1.999997106710416306e+00,-4.131644039727580542e-01,4.132467089552724349e-01,6.253566974772563069e-06,7.152936286718234249e-06,6.908460544696112883e-06,9.999985533552081529e-01
1.435078102163915223e-02,-4.131603016367923487e-01,-4.131610809699836073e-01,9.999992686929746188e-01,-4.131577068321225510e-01,1.999999164220548797e+00,-4.131572903977165367e-01,4.132435500667879236e-01,6.301571603708651856e-06,-6.975372956778398821e-07,5.193910047445538554e-06,9.999995821102743987e-01
1.436044007213302907e-02,-4.131603015969060877e-01,-4.131608266765611215e-01,1.000000610716665461e+00,-4.131560123560839015e-01,2.000000697961898055e+00,-4.131560686412977246e-01,4.132435376131470273e-01,-8.629569147260966752e-07,6.010758235788509239e-06,6.246147631877574301e-06,1.000000348980949028e+00
1.437001342499999793e-02,-4.131603015573641069e-01,-4.131630040991489117e-01,9.999991739350561071e-01,-4.131695199947330588e-01,1.999999055925785640e+00,-4.131712335371542921e-01,4.132458704855443421e-01,-8.295156355399436993e-06,-1.191052853502775134e-06,9.162749203132099270e-06,9.999995279628928202e-01
1.437225598545586146e-02,-4.131656187344959208e-01,-4.131671785166893818e-01,9.999976602467512965e-01,-4.131751255693860148e-01,1.999997325996307307e+00,-4.131763771020484088e-01,4.132498874987445836e-01,-8.237035416065505942e-06,-7.033561911533234652e-07,7.402792141965736840e-06,9.999986629981536534e-01
1.438052170974297647e-02,-4.131656123842384898e-01,-4.131629798394588771e-01,9.999963653756704929e-01,-4.131670898733656450e-01,1.999995846143654221e+00,-4.131657203389425548e-01,4.132448432319525966e-01,1.286146213252211564e-06,3.818798097842980691e-06,3.331731790551128470e-06,9.999979230718271106e-01
1.439063863420473287e-02,-4.131656046117738734e-01,-4.131531967584117782e-01,1.000005635207783072e+00,-4.131578731708377417e-01,2.000006440237418470e+00,-4.131583430332972373e-01,4.132362198819017340e-01,-9.739529911928257759e-06,-9.017631699912482090e-06,1.119240948855730563e-05,1.000003220118709235e+00
1.440023013140663034e-02,-4.131655972429791879e-01,-4.131706817394833475e-01,9.999969858229972308e-01,-4.131709010296940598e-01,1.999996555226308148e+00,-4.131707989617865451e-01,4.132546634399186236e-01,-2.604120034516997378e-06,4.328548211272342917e-06,6.943297732839938101e-06,9.999982776131540740e-01
1.440983499547918156e-02,-4.131655898639147173e-01,-4.131619929686878301e-01,9.999954354221870512e-01,-4.131521553194020258e-01,1.999994783339681170e+00,-4.131512983047195831e-01,4.132434592253091954e-01,9.366850703531932090e-06,9.568175407716128638e-06,8.939524259338195412e-06,9.999973916698405851e-01
1.441606598380361023e-02,-4.131655850768700122e-01,-4.131640373784694065e-01,9.999988908414760846e-01,-4.131602335995350206e-01,1.999998732390267930e+00,-4.131623837139692945e-01,4.132473368495840349e-01,1.641700150424688137e-06,-1.563917742167377687e-06,2.855094628513875815e-06,9.999993661951339652e-01
1.442279036407819598e-02,-4.131655799107741278e-01,-4.131663865436889793e-01,9.999951248244240976e-01,-4.131683095622235569e-01,1.999994428370811983e+00,-4.131677518557388407e-01,4.132485968150720335e-01,-1.560935371924636031e-06,-4.184876375522510811e-06,3.372909723409000175e-06,9.999972141854058805e-01
1.443188305145168271e-02,-4.131655729251944575e-01,-4.131631635141506109e-01,9.999975996905039466e-01,-4.131605232633746572e-01,1.999997256789167732e+00,-4.131603141191513839e-01,4.132462856386135974e-01,-1.699150635987735647e-06,-2.551721151016771916e-06,3.233983225699780402e-06,9.999986283945838661e-01
1.444142158185145706e-02,-4.131655655970898899e-01,-4.131688914650656352e-01,9.999939397667522156e-01,-4.131638089826622506e-01,1.999993074019196904e+00,-4.131656044533960626e-01,4.132516819533694208e-01,-5.061663067247380344e-06,-3.087157496687951517e-06,4.376929302606013283e-06,9.999965370095984518e-01
1.445113856872616218e-02,-4.131655581318828263e-01,-4.131690092408165649e-01,9.999919403693456887e-01,-4.131762301356536327e-01,1.999990788993606605e+00,-4.131745666805494710e-01,4.132516437892274630e-01,5.528066672743975163e-06,6.612642180202044594e-06,7.339814654136044098e-06,9.999953944968033026e-01
1.446249714080362868e-02,-4.131655494055063160e-01,-4.131681372583284051e-01,9.999920455612676395e-01,-4.131420705869813803e-01,1.999990909212945089e+00,-4.131422235340254656e-01,4.132502466153281651e-01,2.259383167465977250e-05,1.271274378340816777e-05,2.164952206213292634e-05,9.999954546064725447e-01
1.447316487360085502e-02,-4.131655412098770852e-01,-4.131620374697194675e-01,9.999973162372554070e-01,-4.131564007461305255e-01,1.999996932842600161e+00,-4.131570709516816375e-01,4.132440762521961131e-01,6.644862707218842858e-06,4.927051982851204056e-06,5.825770999991656754e-06,9.999984664213001917e-01
1.448980219693811813e-02,-4.131655284280321694e-01,-4.131635805863834165e-01,1.000000129672056648e+00,-4.131524314851526269e-01,2.000000148196634964e+00,-4.131509684817858963e-01,4.132469176786092158e-01,5.024938660227890832e-06,4.154971481373756061e-06,6.179250550040753134e-06,1.000000074098317482e+00
1.450005605081037055e-02,-4.131655205503718675e-01,-4.131627394875326265e-01,9.999979841290559390e-01,-4.131580693367824519e-01,1.999997696147509885e+00,-4.131593928893902423e-01,4.132452186475733535e-01,3.501829728010971965e-06,3.207088889178577839e-06,2.709334754097712995e-06,9.999988480737548313e-01
1.451099138599888823e-02,-4.131655121491526472e-01,-4.131664322945596268e-01,9.999958507642446870e-01,-4.131581811455984909e-01,1.999995258016314947e+00,-4.131575362658209127e-01,4.132490202037961136e-01,7.238975461533466737e-06,4.988622781706152232e-06,7.544862267462606186e-06,9.999976290081574737e-01
1.452129610220576073e-02,-4.131655042324151039e-01,-4.131636957251031972e-01,9.999967457307931129e-01,-4.131518274595300522e-01,1.999996280835219853e+00,-4.131524848237612679e-01,4.132463296725374935e-01,7.097255486277187611e-06,9.803172654288460161e-06,9.058839895210868821e-06,9.999981404176099264e-01
1.453121943786304937e-02,-4.131654966086792391e-01,-4.131648094814419636e-01,9.999968607901794648e-01,-4.131664991205263315e-01,1.999996412331660478e+00,-4.131660289330964519e-01,4.132476139219307676e-01,1.662567265541540902e-06,1.865763852901505579e-06,2.118894938449047115e-06,9.999982061658302390e-01
1.454120479392995331e-02,-4.131654889372949890e-01,-4.131664624372909933e-01,9.999950714001683005e-01,-4.131437246454322532e-01,1.999994367314519739e+00,-4.131427954911423561e-01,4.132489397716631041e-01,1.444729217334904960e-05,5.890381252392993360e-06,1.471958259746783148e-05,9.999971836572599804e-01
1.455917517284119680e-02,-4.131654751313108553e-01,-4.131626143642502247e-01,9.999983013337414572e-01,-4.131583979590906508e-01,1.999998058667147527e+00,-4.131593232261519533e-01,4.132451234173478150e-01,1.606127656664913787e-06,4.173488063441864418e-06,4.150247983403037525e-06,9.999990293335737634e-01
1.457000084541701032e-02,-4.131654668143449061e-01,-4.131769842015219907e-01,9.999890788713693413e-01,-4.131710476939580712e-01,1.999987518710229395e+00,-4.131715545412474877e-01,4.132612385367026020e-01,4.649338988707729144e-06,1.125857812561357906e-05,1.278747795109646024e-05,9.999937593551146975e-01
1.457678965903397468e-02,-4.131654615987440660e-01,-4.131708137179392337e-01,9.999860505109688935e-01,-4.131520574556498682e-01,1.999984057726940545e+00,-4.131489292712162698e-01,4.132521061876013868e-01,1.676478932221537761e-05,1.650382481845837050e-05,1.752857748357744601e-05,9.999920288634702725e-01
1.458360157180874604e-02,-4.131654563653990864e-01,-4.131640570764356091e-01,9.999945147564671677e-01,-4.131471361268476139e-01,1.999993731150295107e+00,-4.131500633447866555e-01,4.132462337003209307e-01,9.774839432134032683e-06,6.540428958268532633e-06,6.724550699979989115e-06,9.999968655751475533e-01
1.459263165650192401e-02,-4.131654494279146661e-01,-4.131610596869578211e-01,9.999997250484639055e-01,-4.131727734135537400e-01,1.999999685769675350e+00,-4.131738039037021193e-01,4.132437633044903080e-01,-1.184125491002400803e-05,-6.380962152740645089e-06,1.233713431189316624e-05,9.999998428848376752e-01
1.460234173667805148e-02,-4.131654419680148571e-01,-4.131623367165661032e-01,9.999996469991943027e-01,-4.131738131368307698e-01,1.999999596570511073e+00,-4.131734997711830060e-01,4.132452336262991688e-01,-8.221679914431677820e-06,-4.981807527634794636e-06,6.256536770074075912e-06,9.999997982852554257e-01
1.461125888044136241e-02,-4.131654351172984185e-01,-4.131648045190248197e-01,9.999973718335025685e-01,-4.131634430476096576e-01,1.999996996381168346e+00,-4.131609762556034959e-01,4.132476922660386354e-01,1.223220971158166317e-05,5.148480010160234108e-06,1.283797939349695068e-05,9.999984981905841730e-01
1.462013139710385823e-02,-4.131654283008666662e-01,-4.131669744952976564e-01,9.999949517333979188e-01,-4.131571927701344071e-01,1.999994230552497587e+00,-4.131573521386711634e-01,4.132497115215116867e-01,1.842290528750195136e-06,-5.371074204015588942e-06,6.300163962435938822e-06,9.999971152762487936e-01
1.462491032556870185e-02,-4.131654246293852140e-01,-4.131636718008080966e-01,9.999952745809796983e-01,-4.131593145774136722e-01,1.999994599521159877e+00,-4.131590430519491153e-01,4.132454137530134908e-01,-1.151185517249595163e-06,-1.070542586068919114e-06,1.247343078082311796e-06,9.999972997605799385e-01
1.463210616447109015e-02,-4.131654191010851185e-01,-4.131587376841091563e-01,1.000001181825234342e+00,-4.131582097720076785e-01,2.000001350657400589e+00,-4.131581847876386604e-01,4.132415632252203763e-01,-3.498316731747217157e-06,1.465183228919096080e-06,3.773741112499757088e-06,1.000000675328700295e+00
1.464089111280971953e-02,-4.131654123519288846e-01,-4.131613610612989707e-01,1.000000996176250601e+00,-4.131602423646849043e-01,2.000001138487134789e+00,-4.131601381212242630e-01,4.132438368822564656e-01,-4.344009474325220520e-06,-2.757040081571149710e-06,4.183756355954555140e-06,1.000000569243567394e+00
1.465030621667396532e-02,-4.131654051186477994e-01,-4.131569913282164275e-01,1.000003011255750751e+00,-4.131515624388527042e-01,2.000003441435117768e+00,-4.131507570152203601e-01,4.132393379374328934e-01,5.980893320768509713e-07,5.630400307130915580e-06,5.866719467476425201e-06,1.000001720717559106e+00
1.466002321632983371e-02,-4.131653976534298556e-01,-4.131595759525058531e-01,1.000003094862216280e+00,-4.131534929130813438e-01,2.000003536985363262e+00,-4.131536984041784266e-01,4.132425398687212259e-01,1.629761542582825886e-06,2.493727560595664028e-06,2.438045293596825842e-06,1.000001768492681631e+00
1.467101236925610376e-02,-4.131653892108629877e-01,-4.131644053296716357e-01,9.999983799127273310e-01,-4.131666338688831930e-01,1.999998148471701986e+00,-4.131680627292730890e-01,4.132474217160736485e-01,-4.761946721309052317e-06,1.925942032320011653e-06,4.908961827530392175e-06,9.999990742358509932e-01
1.468305004318126716e-02,-4.131653799627563184e-01,-4.131678251885846920e-01,9.999937415495707693e-01,-4.131738063836583597e-01,1.999992847485277281e+00,-4.131727922130409292e-01,4.132504606776528644e-01,1.101267942745886109e-07,6.911982198446231426e-06,7.728722643856607261e-06,9.999964237426385294e-01
1.469669273836311102e-02,-4.131653694815760614e-01,-4.131690574745687794e-01,9.999926479961273040e-01,-4.131599253130491256e-01,1.999991597709922519e+00,-4.131593349806658155e-01,4.132519252904558460e-01,1.325753027976314445e-05,1.201026894666465556e-05,1.399172370611761352e-05,9.999957988549612597e-01
1.471000846547122938e-02,-4.131653592515884821e-01,-4.131631183831263598e-01,9.999955419617613250e-01,-4.131570847558535542e-01,1.999994905099193865e+00,-4.131577178329415845e-01,4.132449925458475670e-01,4.456414673998734414e-06,4.320188867832710581e-06,2.987005193659940777e-06,9.999974525495969324e-01
1.472000730816589754e-02,-4.131653515698449075e-01,-4.131690499243125259e-01,9.999944522656083468e-01,-4.131801751270758327e-01,1.999993659732171247e+00,-4.131821043068992227e-01,4.132524230906835516e-01,-6.326156247843494773e-06,-5.301144640319295942e-06,6.646954518768317782e-06,9.999968298660856236e-01
1.472434080177206957e-02,-4.131653482405749367e-01,-4.131704354246872879e-01,9.999916191057637294e-01,-4.131777141804133247e-01,1.999990421835230014e+00,-4.131754410944700195e-01,4.132532726048755434e-01,-8.117465332235140180e-07,2.561167342094970654e-06,4.834144920664837339e-06,9.999952109176150072e-01
1.473233879826648871e-02,-4.131653420960048062e-01,-4.131708789697704498e-01,9.999895879909778129e-01,-4.131587706049625330e-01,1.999988100561206350e+00,-4.131574385809987926e-01,4.132529968854449232e-01,1.500118021806978246e-05,1.385229137706852907e-05,1.542279013882080242e-05,9.999940502806031750e-01
1.474050813859135653e-02,-4.131653358197983072e-01,-4.131662389306710037e-01,9.999929641694309534e-01,-4.131612564005183730e-01,1.999991959050838375e+00,-4.131624076052835548e-01,4.132487206912754951e-01,7.622762754802058341e-06,-3.272606513057428864e-06,5.775503236395180999e-06,9.999959795254191874e-01
1.474793495874001520e-02,-4.131653301140416623e-01,-4.131693888028241113e-01,9.999932031961519252e-01,-4.131668374017457013e-01,1.999992232224231392e+00,-4.131666118531361898e-01,4.132525359134333054e-01,6.783839527415821266e-06,5.939526016383826186e-06,7.976626827786234626e-06,9.999961161121156961e-01
1.475354630231080592e-02,-4.131653258030499876e-01,-4.131698854131294896e-01,9.999908104379904294e-01,-4.131625157794610592e-01,1.999989497643495762e+00,-4.131614721147678915e-01,4.132521333258144525e-01,1.163460286107719822e-05,1.267415562723804146e-05,1.271872797058237190e-05,9.999947488217479918e-01
1.476701463702372041e-02,-4.131653154558238006e-01,-4.131676015864500506e-01,9.999937715796013427e-01,-4.131643152456355161e-01,1.999992881805311651e+00,-4.131649380503652491e-01,4.132503617462029433e-01,5.341010465022671193e-06,4.510123322506394335e-06,5.062248502071548419e-06,9.999964409026558254e-01
1.477660411657180303e-02,-4.131653080885765994e-01,-4.131695775498094303e-01,9.999922198919379834e-01,-4.131614608732651073e-01,1.999991108447995325e+00,-4.131600363941231313e-01,4.132524735554940487e-01,1.336837687720436921e-05,5.985858312578134839e-06,1.516864169694298439e-05,9.999955542239976625e-01
1.479000293385279025e-02,-4.131652977947545824e-01,-4.131696814915038485e-01,9.999908346498532774e-01,-4.131449905935073996e-01,1.999989525314196159e+00,-4.131436391367482863e-01,4.132521986071901465e-01,1.716526223673654980e-05,1.246649436798162774e-05,1.649731458064195987e-05,9.999947626570980797e-01
1.480032099610462462e-02,-4.131652898677634078e-01,-4.131673567073881337e-01,9.999928748700777081e-01,-4.131553785359562414e-01,1.999991856994435269e+00,-4.131571201793691195e-01,4.132497388241767045e-01,4.313055504439789035e-07,5.571351745545213410e-06,5.112792324769907306e-06,9.999959284972176343e-01
1.481002450322457809e-02,-4.131652824129125601e-01,-4.131645806514878116e-01,9.999956400116786215e-01,-4.131604652387326770e-01,1.999995017156241284e+00,-4.131606838953150729e-01,4.132469230589761455e-01,5.221304921255542057e-06,9.094605795332063260e-06,9.489184872566564137e-06,9.999975085781206419e-01
1.482000000000000157e-02,-4.131652747491011413e-01,-4.131615281734738465e-01,9.999988213564627859e-01,-4.131666666479246741e-01,1.999998652978824731e+00,-4.131680497983382661e-01,4.132438527501211545e-01,1.113621239377287410e-06,-2.685923896900694870e-06,4.050231161994970270e-06,9.999993264894123657e-01
1.483048512516970015e-02,-4.131652666937621343e-01,-4.131620387197350031e-01,9.999996180166402793e-01,-4.131650409294226889e-01,1.999999563447591999e+00,-4.131651773866442112e-01,4.132446043441655448e-01,-3.513012078471583955e-06,-7.860988306287908543e-06,7.642258105654383394e-06,9.999997817237961106e-01
1.484043284435373686e-02,-4.131652590512921996e-01,-4.131591772881305080e-01,1.000001348880472651e+00,-4.131647328825387433e-01,2.000001541577671738e+00,-4.131641404864533351e-01,4.132417356026100164e-01,-1.654959171373420035e-07,-9.508614449049096261e-07,5.021466330398967295e-07,1.000000770788835869e+00
1.485096050329426202e-02,-4.131652509632756098e-01,-4.131629248888510908e-01,9.999999386162604642e-01,-4.131463086518766814e-01,1.999999929847155355e+00,-4.131449096202643445e-01,4.132463179179698964e-01,1.129653142022796729e-05,4.650129113983925120e-06,1.129367029697602908e-05,9.999999649235776777e-01
1.486028369995596315e-02,-4.131652438006023775e-01,-4.131719278028618825e-01,9.999922516394149641e-01,-4.131613815243543875e-01,1.999991144730826065e+00,-4.131634321634288787e-01,4.132551938788290857e-01,1.340447274873466172e-06,5.937279066714515461e-06,6.350909147427815040e-06,9.999955723654129214e-01
1.487006548442625260e-02,-4.131652362856134686e-01,-4.131683389344615320e-01,9.999910209179646570e-01,-4.131665622937276683e-01,1.999989738192036182e+00,-4.131677079793581453e-01,4.132504723176523287e-01,-3.393548014784838381e-06,4.605402246468044870e-06,4.436343989504342472e-06,9.999948690960179798e-01
1.488082635460231604e-02,-4.131652280184286430e-01,-4.131604088176762390e-01,9.999986410562926586e-01,-4.131659148509908563e-01,1.999998446921489093e+00,-4.131647392229040872e-01,4.132429246628781527e-01,9.446072358219461754e-07,3.778611604638651275e-06,3.651892072128363361e-06,9.999992234607445463e-01
1.489167597778219207e-02,-4.131652196830615242e-01,-4.131636181820062537e-01,9.999984213346703177e-01,-4.131475315084550681e-01,1.999998195811065083e+00,-4.131464084939862058e-01,4.132460216519425189e-01,1.124873750632949992e-05,8.545426252811612040e-06,1.125486895368544442e-05,9.999990979055326523e-01
1.490148190558862086e-02,-4.131652121495240082e-01,-4.131604130808481656e-01,1.000000103371548210e+00,-4.131573201436756770e-01,2.000000118138911098e+00,-4.131589950734313454e-01,4.132430283119932213e-01,-6.739950983484959626e-08,-5.766741389578524023e-07,1.235749863109872049e-06,1.000000059069455549e+00
1.491145525532802663e-02,-4.131652044873614371e-01,-4.131614184655368338e-01,1.000000543331026392e+00,-4.131670451019519019e-01,2.000000620949740071e+00,-4.131669744166547309e-01,4.132443954176146517e-01,-1.799021148172740624e-06,-1.746682068806356207e-06,1.190561006090385918e-06,1.000000310474870036e+00
1.492100326153149997e-02,-4.131651971519764155e-01,-4.131652202596994283e-01,9.999972844176561182e-01,-4.131515478444501288e-01,1.999996896477344244e+00,-4.131496589405046493e-01,4.132480098115799416e-01,1.327411358291810412e-05,1.474745726461744618e-05,1.474786551433345137e-05,9.999984482386721218e-01
1.493009043683489814e-02,-4.131651901706314689e-01,-4.131654006801074308e-01,9.999958037047604886e-01,-4.131550643889851937e-01,1.999995204234047863e+00,-4.131560985357042304e-01,4.132481044091615430e-01,8.933662829917225149e-06,2.407296641753436450e-06,7.716745433567961121e-06,9.999976021170238205e-01
1.494000000000000362e-02,-4.131651825574739756e-01,-4.131725048256312816e-01,9.999909628668588457e-01,-4.131671887507558094e-01,1.999989671847915762e+00,-4.131683049435195820e-01,4.132559287240509249e-01,-1.655821825872918449e-06,7.911680056557232973e-06,9.024220653508199642e-06,9.999948359239578810e-01
1.494385995757866077e-02,-4.131651795920045500e-01,-4.131718273796629592e-01,9.999886950955096943e-01,-4.131658423831973126e-01,1.999987080109250304e+00,-4.131646529157396719e-01,4.132539855082031921e-01,4.150218869945925985e-06,1.124195013275750331e-05,1.179208173912028722e-05,9.999935400546251518e-01
1.495324748251392749e-02,-4.131651723799097398e-01,-4.131667581864315042e-01,9.999922634657713028e-01,-4.131547927576961210e-01,1.999991158246661627e+00,-4.131539487073088157e-01,4.132487320919404072e-01,1.224925203167146836e-05,7.865142763713797730e-06,1.130736420074615396e-05,9.999955791233308133e-01
1.496175321415933387e-02,-4.131651658452667464e-01,-4.131627639402336016e-01,9.999978775457608604e-01,-4.131560516787894932e-01,1.999997574338030493e+00,-4.131584581004063561e-01,4.132462143842520197e-01,9.210950919047767081e-07,-3.320673898180090428e-06,3.182085219874525363e-06,9.999987871690152463e-01
1.497084582087300671e-02,-4.131651588597519131e-01,-4.131723169998189893e-01,9.999919350763092352e-01,-4.131759153984749244e-01,1.999990782944422119e+00,-4.131762532712142666e-01,4.132552587728511861e-01,-1.556829385816808950e-06,9.531968383310710047e-06,1.099487919470115618e-05,9.999953914722110593e-01
1.498178630525561807e-02,-4.131651504545777454e-01,-4.131695681918295393e-01,9.999903028063104049e-01,-4.131545609453480816e-01,1.999988917493008778e+00,-4.131540249228741191e-01,4.132519113956069634e-01,9.775739224450146598e-06,1.203175305973619087e-05,1.181331355457434072e-05,9.999944587465042778e-01
1.499681383133861720e-02,-4.131651389094774252e-01,-4.131680409256546782e-01,9.999935324113460311e-01,-4.131577141698196676e-01,1.999992608470164912e+00,-4.131584688999300758e-01,4.132508666477103798e-01,1.184865173003229967e-05,7.076276313354246396e-06,1.134215646987459283e-05,9.999963042350824560e-01
1.501053001402454998e-02,-4.131651283718356105e-01,-4.131655593729682274e-01,9.999944235383769753e-01,-4.131643577369208953e-01,1.999993626901049648e+00,-4.131650416599912945e-01,4.132478779376793088e-01,3.543701864646184852e-07,1.674366710839853662e-06,1.349977908078142287e-06,9.999968134505248241e-01
1.502148157252605060e-02,-4.131651199581505285e-01,-4.131627055749649280e-01,9.999978452322214606e-01,-4.131596814264237860e-01,1.999997537408271464e+00,-4.131597149376191047e-01,4.132452269910956155e-01,-3.363149744514890643e-07,3.078448282647930709e-06,2.937806195339591796e-06,9.999987687041357320e-01
1.503371309502620629e-02,-4.131651105611200414e-01,-4.131635652530897262e-01,9.999988974216666993e-01,-4.131604214483047821e-01,1.999998739910485490e+00,-4.131593853301523400e-01,4.132467382896061192e-01,8.656315328295234543e-07,4.073848664119030355e-06,4.956517928994379117e-06,9.999993699552427451e-01
1.504408405714601979e-02,-4.131651025934883759e-01,-4.131694797504134042e-01,9.999935177227703420e-01,-4.131559518156091015e-01,1.999992591683221521e+00,-4.131576518239369333e-01,4.132527234168776875e-01,5.312525041640265484e-06,1.250217463909279874e-05,1.249685149122188372e-05,9.999962958416107606e-01
1.505893035727382846e-02,-4.131650911876229015e-01,-4.131646423684787184e-01,9.999927052600544597e-01,-4.131634046904165691e-01,1.999991663154410126e+00,-4.131633017553367759e-01,4.132461331232032409e-01,2.223813548618916610e-06,2.802964406397814895e-06,8.174093829457615658e-07,9.999958315772050632e-01
1.506605361700461866e-02,-4.131650857150832579e-01,-4.131617158075299723e-01,9.999989221607286094e-01,-4.131656456403263178e-01,1.999998768183699038e+00,-4.131658412929345991e-01,4.132442340131411429e-01,-6.947612829238039166e-06,-1.242035453303418736e-06,7.487673865861202820e-06,9.999993840918495192e-01
1.507389236941478541e-02,-4.131650796928529878e-01,-4.131617010916538990e-01,1.000000014978379426e+00,-4.131626850174370813e-01,2.000000017118147788e+00,-4.131619394901946407e-01,4.132445122897684398e-01,-3.602821119407787178e-06,1.694470278425633640e-06,2.203699804268357293e-06,1.000000008559073894e+00
1.508858390980753403e-02,-4.131650684058815193e-01,-4.131618505537247854e-01,9.999990447178140895e-01,-4.131546525159047745e-01,1.999998908248938445e+00,-4.131543896400446392e-01,4.132443302581058631e-01,9.342763154802000126e-06,3.195796821477538301e-06,9.477796682983831046e-06,9.999994541244692225e-01
1.509904761747530265e-02,-4.131650603669986266e-01,-4.131721582667824411e-01,9.999931455932141722e-01,-4.131621004537536224e-01,1.999992166392303039e+00,-4.131627106057448873e-01,4.132561191899592479e-01,9.504743145529394687e-06,8.976198211039886885e-06,1.037299505891692514e-05,9.999960831961515195e-01
1.510827441440514181e-02,-4.131650532783868734e-01,-4.131710709036121587e-01,9.999881639914939280e-01,-4.131595311408520210e-01,1.999986473133236853e+00,-4.131594897344571526e-01,4.132532001523674947e-01,1.825935656562361099e-05,1.500524537197628538e-05,1.840690229175008733e-05,9.999932365666184264e-01
1.511618932366354945e-02,-4.131650471976495154e-01,-4.131657538716910216e-01,9.999928422178669951e-01,-4.131638377881824420e-01,1.999991819677623406e+00,-4.131654456336381620e-01,4.132476283795684657e-01,4.300728214655451278e-06,3.121970972300817480e-06,1.268165336857552701e-06,9.999959098388117029e-01
1.512325412046705737e-02,-4.131650417700205025e-01,-4.131625142094155212e-01,9.999980266138676077e-01,-4.131749151697048372e-01,1.999997744701579983e+00,-4.131762280026849421e-01,4.132452778711713792e-01,-1.167199091043299612e-05,-6.787737062798951348e-06,1.164319482734781602e-05,9.999988723507898802e-01
1.513419045333879581e-02,-4.131650333680366716e-01,-4.131636363165829273e-01,9.999977171986764723e-01,-4.131695844334344891e-01,1.999997391084221032e+00,-4.131688590347672441e-01,4.132462310176296949e-01,-2.663021004777434919e-06,1.104530303811086237e-06,2.048554372946396093e-06,9.999986955421105161e-01
1.515001209999999703e-02,-4.131650212128458732e-01,-4.131641594434588560e-01,9.999974052269514635e-01,-4.131442033958014903e-01,1.999997034545109464e+00,-4.131409866091632077e-01,4.132468831152408817e-01,1.167428749531931134e-05,8.472834586100665949e-06,1.296668005138799407e-05,9.999985172725547322e-01
1.515942430574506589e-02,-4.131650139817921175e-01,-4.131664525126945708e-01,9.999955685775586689e-01,-4.131497098941850354e-01,1.999994935517247718e+00,-4.131509286985650675e-01,4.132493475824791651e-01,1.275702883983830184e-05,9.519597416933155268e-06,1.274252212995088394e-05,9.999974677586237481e-01
1.517000999999999940e-02,-4.131650044765417529e-01,-4.131643024423681254e-01,9.999959696339568715e-01,-4.131413294208171050e-01,1.999995393867413540e+00,-4.131403734176661846e-01,4.132466561477293743e-01,1.743870231123523462e-05,4.651447198819448847e-06,1.763735151817548278e-05,9.999976969337067700e-01
1.518000500319677953e-02,-4.131624941403597706e-01,-4.131651386436178686e-01,9.999965629302259851e-01,-4.131603566465872346e-01,1.999996071920287610e+00,-4.131625767803289717e-01,4.132479346971505985e-01,4.827655243125679276e-06,4.319367130216799436e-06,4.562127509328228297e-06,9.999980359601438051e-01
1.518568232072830225e-02,-4.131614853548481459e-01,-4.131595744461614705e-01,9.999983513594381535e-01,-4.131507609549595061e-01,1.999998115839372037e+00,-4.131475388130101400e-01,4.132410046135417958e-01,1.055000359915978242e-05,9.930027975244191287e-06,1.185071827102032857e-05,9.999990579196859075e-01
1.519260199224257979e-02,-4.131605491928589391e-01,-4.131535965791099385e-01,1.000006244179704185e+00,-4.131358999335166815e-01,2.000007136205322666e+00,-4.131370687382563966e-01,4.132362850879320315e-01,1.186109407959208709e-05,7.348087638387384852e-06,9.394169726404943017e-06,1.000003568102661333e+00
1.520079168666809213e-02,-4.131597502024364488e-01,-4.131550134278803021e-01,1.000007519447282611e+00,-4.131560512720351963e-01,2.000008593653972877e+00,-4.131585612028423893e-01,4.132380246128781187e-01,-8.609161413020944778e-06,-7.072871210714267348e-06,9.841038018368856530e-06,1.000004296826986661e+00
1.521050956476127994e-02,-4.131591064496731303e-01,-4.131600981785522597e-01,1.000003233745308417e+00,-4.131644901268787806e-01,2.000003695708896245e+00,-4.131642284744034277e-01,4.132428508772473252e-01,-3.139810386746316680e-06,-3.705990066039191297e-06,3.120278936639416957e-06,1.000001847854448123e+00
1.522132356694501018e-02,-4.131586471799074678e-01,-4.131555473528935596e-01,1.000004991312370084e+00,-4.131535495867804664e-01,2.000005704356952130e+00,-4.131535389513290579e-01,4.132383741025218438e-01,-1.528153085728182740e-07,-3.845817318883078456e-06,4.308409679057632305e-06,1.000002852178475843e+00
1.523125971412221148e-02,-4.131583787724262824e-01,-4.131595191786091026e-01,1.000003273364116652e+00,-4.131516411646353748e-01,2.000003740987533973e+00,-4.131509510150835340e-01,4.132421266722979825e-01,1.038299808401761128e-05,-2.498484976105462816e-06,1.007562681897685284e-05,1.000001870493766987e+00
1.524050628176266617e-02,-4.131582143236200433e-01,-4.131577332075370701e-01,1.000003210144775556e+00,-4.131513792625335912e-01,2.000003668736858753e+00,-4.131521209310176634e-01,4.132402053293788291e-01,2.195824377909294554e-06,6.062533536155272654e-06,5.791450499688844097e-06,1.000001834368429376e+00
1.525000335689391355e-02,-4.131581018925715165e-01,-4.131569269982198755e-01,1.000004518765724715e+00,-4.131639655968331604e-01,2.000005164303646499e+00,-4.131655367775443066e-01,4.132394838323151243e-01,-2.825361765991929989e-06,-8.799505999620042137e-06,1.045606744348216280e-05,1.000002582151823471e+00
1.525452364467756554e-02,-4.131580626480658158e-01,-4.131560881361815984e-01,1.000005040681699597e+00,-4.131648014803891988e-01,2.000005760779042241e+00,-4.131640225451106985e-01,4.132385048301166486e-01,-4.378132277532067707e-06,-6.733475943216475014e-06,5.750252235855396846e-06,1.000002880389521120e+00
1.526308628434844272e-02,-4.131580064676895203e-01,-4.131553334497504171e-01,1.000006679125480913e+00,-4.131558925968751850e-01,2.000007633286207120e+00,-4.131550228708548711e-01,4.132382355775661154e-01,-3.415311713230516702e-07,-1.563985469110432654e-06,1.909057723307682305e-06,1.000003816643103560e+00
1.527306279711555283e-02,-4.131579626200319044e-01,-4.131589471729440466e-01,1.000004276008643611e+00,-4.131494119620684469e-01,2.000004886866984855e+00,-4.131494135428323555e-01,4.132421877483538064e-01,2.844723160600757906e-06,-2.444381380315975958e-06,2.416987527512043350e-06,1.000002443433492427e+00
1.528636560231029680e-02,-4.131579271365535821e-01,-4.131609983658951490e-01,9.999989402983993081e-01,-4.131554578942211453e-01,1.999998788912465297e+00,-4.131565119362364258e-01,4.132430943231111820e-01,1.517369914465424057e-06,5.747675101105424299e-07,1.304517204166932942e-06,9.999993944562326487e-01
1.529617413739218015e-02,-4.131579113905579081e-01,-4.131579461749176896e-01,1.000003173979588489e+00,-4.131577981525560439e-01,2.000003627405216644e+00,-4.131566122078718095e-01,4.132404684600710643e-01,2.302904975356732534e-06,8.072353558874401304e-07,3.222451378862770478e-06,1.000001813702608322e+00
1.530315881448858495e-02,-4.131579036272783889e-01,-4.131582435549201460e-01,1.000003923736757283e+00,-4.131504089965608029e-01,2.000004484270546445e+00,-4.131506342280942268e-01,4.132412258127941551e-01,6.761347767422721233e-06,1.867741313444685487e-06,6.139408019518459135e-06,1.000002242135273223e+00
1.531163688911147715e-02,-4.131578968721019707e-01,-4.131614607349154977e-01,1.000001348087001585e+00,-4.131570970850617641e-01,2.000001540670847788e+00,-4.131580165244363445e-01,4.132445530843483761e-01,1.116286473054722527e-06,-4.386569388784166990e-06,3.491785162057584616e-06,1.000000770335423672e+00
1.532104857290302567e-02,-4.131578917701722031e-01,-4.131656083209769847e-01,9.999968707438546822e-01,-4.131559845613979043e-01,1.999996423707289139e+00,-4.131552240101542539e-01,4.132481304749227036e-01,9.434742794189053175e-06,7.699052246313895480e-06,1.026735488439852008e-05,9.999982118536445697e-01
1.533202829053961769e-02,-4.131578879237831625e-01,-4.131613705584813445e-01,9.999987267298260374e-01,-4.131548513704166870e-01,1.999998544834097780e+00,-4.131560258108305517e-01,4.132436978671183980e-01,4.366871333343740950e-06,3.092982842841899172e-06,2.699902957087688883e-06,9.999992724170488900e-01
1.534202299437535492e-02,-4.131578856929141175e-01,-4.131592442893058936e-01,1.000002041577549683e+00,-4.131705997876597425e-01,2.000002333231468477e+00,-4.131709469791790545e-01,4.132421546313845284e-01,-1.187482285144723953e-05,-6.660559003423662014e-06,1.157622282016456368e-05,1.000001166615734016e+00
1.535191218415323834e-02,-4.131578842462322876e-01,-4.131618974340978689e-01,9.999999369004981542e-01,-4.131601824658104882e-01,1.999999927886284112e+00,-4.131599038570518134e-01,4.132441982912364864e-01,1.870984963560084383e-06,4.028173073421627459e-06,4.831772671539576632e-06,9.999999639431420562e-01
1.536313634022819404e-02,-4.131578831893255588e-01,-4.131567197757032295e-01,1.000003231426940697e+00,-4.131601148303424842e-01,2.000003693059333454e+00,-4.131587326880046263e-01,4.132387989927212013e-01,5.698573776514124130e-06,3.988765784927359843e-06,4.903234010027886271e-06,1.000001846529666727e+00
1.537438149581901899e-02,-4.131578825216535300e-01,-4.131537287610236309e-01,1.000008724338922850e+00,-4.131549265568138507e-01,2.000009970672980586e+00,-4.131556873827111342e-01,4.132367527814641006e-01,-4.108902461736894193e-06,-4.897605681548075298e-06,4.518714393983327797e-06,1.000004985336490293e+00
1.539000000000000264e-02,-4.131578819715254203e-01,-4.131627369585927911e-01,1.000001061091085441e+00,-4.131670579269141053e-01,2.000001212675516893e+00,-4.131681188821926254e-01,4.132460738398060496e-01,6.421091118636543135e-06,6.135018969703118886e-06,7.415324873371755864e-06,1.000000606337758668e+00
1.540000503081348851e-02,-4.131578817539771631e-01,-4.131612540378132858e-01,9.999993663914201747e-01,-4.131554963356861565e-01,1.999999275875914195e+00,-4.131547522880081869e-01,4.132436466326360747e-01,-2.952314825414124417e-08,-5.250382561384642327e-08,1.424251983173678023e-06,9.999996379379570977e-01
1.541052336427243749e-02,-4.131578815918464653e-01,-4.131645758286631165e-01,9.999978490322840585e-01,-4.131746669390538584e-01,1.999997541751199925e+00,-4.131762825262502714e-01,4.132470696186320014e-01,-1.649700610157387137e-05,-9.323658312441143820e-06,1.680143519366221868e-05,9.999987708755999627e-01
1.541729030069061319e-02,-4.131578815117188386e-01,-4.131591993881552627e-01,9.999994316757888635e-01,-4.131609303069024297e-01,1.999999350486620697e+00,-4.131577631408580031e-01,4.132409240837595088e-01,-1.337010204621937361e-06,6.446639188160368636e-07,1.776484605088296209e-06,9.999996752433103486e-01
1.542214073738027401e-02,-4.131578814626794549e-01,-4.131563648781592102e-01,1.000003708904453781e+00,-4.131490146155236132e-01,2.000004238747915775e+00,-4.131489409696168513e-01,4.132391884682495853e-01,5.417562746090938075e-06,1.196175911899423469e-06,4.089836673705359641e-06,1.000002119373957887e+00
1.543034151580193261e-02,-4.131578813917549664e-01,-4.131589717577977550e-01,1.000003739602230102e+00,-4.131654016989652622e-01,2.000004273831088586e+00,-4.131672074149552731e-01,4.132418060326393805e-01,-1.063244919264513055e-05,-1.226506549765130755e-05,1.293536840265102212e-05,1.000002136915544293e+00
1.544000106811711098e-02,-4.131578813221930546e-01,-4.131580321443518722e-01,1.000003163774206172e+00,-4.131551481930670899e-01,2.000003615741923202e+00,-4.131534692591263269e-01,4.132405310559774669e-01,-4.641385976008271376e-06,-7.633616514643320293e-06,7.210012531305155725e-06,1.000001807870961601e+00
1.544927028743099846e-02,-4.131578812650513743e-01,-4.131503552876317764e-01,1.000008621998506042e+00,-4.131630505003262566e-01,2.000009853712505059e+00,-4.131649077564892858e-01,4.132320731150667670e-01,-1.768902580737904690e-05,-1.684172281142301661e-05,1.988378583483144772e-05,1.000004926856252530e+00
1.545716180971524849e-02,-4.131578812214173335e-01,-4.131579371118506705e-01,1.000008436825875924e+00,-4.131704365135157597e-01,2.000009642086643336e+00,-4.131697537866423908e-01,4.132420530928871405e-01,-1.338835644429161352e-05,-7.334349412280436844e-06,1.069699111193442798e-05,1.000004821043321668e+00
1.546546275306223163e-02,-4.131578811789591299e-01,-4.131611781016191198e-01,9.999994024623152233e-01,-4.131583150560886319e-01,1.999999317099793839e+00,-4.131572141861933334e-01,4.132432690703858880e-01,5.231642326545353303e-06,1.096282151089080230e-05,1.161025092534893374e-05,9.999996585498969193e-01
1.547319448436849411e-02,-4.131578811416507513e-01,-4.131576933233978566e-01,1.000002713061128201e+00,-4.131552937055283370e-01,2.000003100641265963e+00,-4.131549726426543834e-01,4.132400997694886113e-01,4.913225901424989957e-06,8.634445489798732611e-06,7.408413422785069803e-06,1.000001550320633203e+00
1.548562083295195249e-02,-4.131578810847090777e-01,-4.131573195514315344e-01,1.000005109051456342e+00,-4.131563413844158705e-01,2.000005838915906775e+00,-4.131568743613749928e-01,4.132402281037567127e-01,-1.266864422578464426e-06,-9.715404993597293737e-07,1.732064429671719718e-06,1.000002919457953388e+00
1.550000882066750706e-02,-4.131578810216274822e-01,-4.131612982868266837e-01,1.000001101114924795e+00,-4.131675910776829164e-01,2.000001258417047900e+00,-4.131687782955397736e-01,4.132441979413565836e-01,-1.023625088498127567e-05,-5.583954578932077179e-06,1.112739619616951558e-05,1.000000629208523950e+00
1.551000000000000122e-02,-4.131578809788726825e-01,-4.131558045921250866e-01,1.000003767895128570e+00,-4.131661185632158340e-01,2.000004306165829249e+00,-4.131659207029709235e-01,4.132377950524201982e-01,-1.199245688737984594e-05,-6.407023034428479387e-06,1.241319508949383829e-05,1.000002153082914624e+00
1.552136657942551276e-02,-4.131578809308527056e-01,-4.131556729218838764e-01,1.000006331427688133e+00,-4.131593201342748101e-01,2.000007235917304005e+00,-4.131582319302741224e-01,4.132384365596378784e-01,-4.246259175650087767e-06,-6.319904757203593306e-06,6.054117975258358460e-06,1.000003617958652002e+00
1.553454231217018915e-02,-4.131578808756933840e-01,-4.131560833864306725e-01,1.000004974276875735e+00,-4.131507328165572868e-01,2.000005684887815605e+00,-4.131513401451364365e-01,4.132384012865189526e-01,1.447779759238992553e-06,-3.756745385736130243e-06,4.048810064720001904e-06,1.000002842443907802e+00
1.554954621881148198e-02,-4.131578808132559399e-01,-4.131560905677912343e-01,1.000006492376725342e+00,-4.131583977948793951e-01,2.000007419859059610e+00,-4.131582396046998285e-01,4.132389625457472682e-01,-3.540836577852643334e-06,-6.117495792871044070e-06,5.800597761785941356e-06,1.000003709929529805e+00
1.556125237645255600e-02,-4.131578807646947848e-01,-4.131606123518217766e-01,1.000001959686474429e+00,-4.131660565852694478e-01,2.000002239641668567e+00,-4.131664612981834073e-01,4.132430426537174184e-01,-4.353853766280104626e-06,-2.522165281342642952e-06,4.093371572336866973e-06,1.000001119820834283e+00
1.557002541000000392e-02,-4.131602767850081626e-01,-4.131568107859451833e-01,1.000003322078942380e+00,-4.131647572731518281e-01,2.000003796661620203e+00,-4.131648484658999032e-01,4.132413971706464517e-01,-3.240219655161194346e-06,-8.612539426844822610e-07,3.472612860602545427e-06,1.000001898330810102e+00
1.557520244137459986e-02,-4.131627517468171584e-01,-4.131639880167667922e-01,1.000000487146838868e+00,-4.131692770515069668e-01,2.000000556739240487e+00,-4.131691282569979196e-01,4.132473037057886600e-01,-1.406847891549159201e-06,-1.096998839907235562e-06,6.043582491858028653e-07,1.000000278369620021e+00
1.558269173535918248e-02,-4.131627459930661828e-01,-4.131675472360908374e-01,9.999945322698269301e-01,-4.131673588743693393e-01,1.999993751165562772e+00,-4.131679543279658251e-01,4.132500907308849225e-01,3.713315925307864867e-06,2.849718504103672389e-06,3.622224269292266250e-06,9.999968755827814970e-01
1.559188783208159158e-02,-4.131627389280424500e-01,-4.131658073192225888e-01,9.999943995342491787e-01,-4.131739990156334530e-01,1.999993599467760896e+00,-4.131728297612897172e-01,4.132479153634602831e-01,-1.100684398120360469e-06,5.515156183925502210e-06,5.230515851443207606e-06,9.999967997338804482e-01
1.560825838405629010e-02,-4.131627263511494230e-01,-4.131604208363626185e-01,1.000000991638261061e+00,-4.131540338711791049e-01,2.000001133300861156e+00,-4.131533834986903519e-01,4.132430456562667942e-01,1.208351457545175745e-06,-3.913358203278049348e-06,4.192691830605790247e-06,1.000000566650430578e+00
1.562000478005906058e-02,-4.131627173268245246e-01,-4.131564735189842685e-01,1.000003756429408197e+00,-4.131601366016704469e-01,2.000004293062148442e+00,-4.131611712275552462e-01,4.132386691189068872e-01,-9.016250807274106144e-07,-3.265740000550934547e-06,3.300150131667854793e-06,1.000002146531074221e+00
1.563081835399948716e-02,-4.131627090191518081e-01,-4.131532772918510843e-01,1.000008063190602536e+00,-4.131656525294989946e-01,2.000009215074905367e+00,-4.131665626770217870e-01,4.132368044383313843e-01,-1.443299664129176274e-05,-6.267248794807908998e-06,1.486576744910101124e-05,1.000004607537452905e+00
1.564113785044535937e-02,-4.131627010910643993e-01,-4.131706013841375813e-01,9.999957363154500234e-01,-4.131720718583932195e-01,1.999995127217693458e+00,-4.131710395952001291e-01,4.132535995423148867e-01,-1.793982885329446646e-06,3.022113490832503640e-06,4.755361631010865395e-06,9.999975636088467290e-01
1.565094152875313657e-02,-4.131626935592592198e-01,-4.131681269457616601e-01,9.999919034649744631e-01,-4.131576235252434892e-01,1.999990746817182696e+00,-4.131571557481916734e-01,4.132507513421274092e-01,8.316219485305974084e-06,8.165854471877853664e-06,7.909974863006207535e-06,9.999953734085913482e-01
1.566103972100911512e-02,-4.131626858011869241e-01,-4.131695178482441277e-01,9.999916475931805993e-01,-4.131615465300453316e-01,1.999990454392277517e+00,-4.131621990891067298e-01,4.132516071525333401e-01,1.170348233243222113e-06,8.469732840632138252e-06,8.464215416455255023e-06,9.999952271961387584e-01
1.567167812035452287e-02,-4.131626776280944990e-01,-4.131616198529033390e-01,9.999982763864168067e-01,-4.131651503110637669e-01,1.999998030155919704e+00,-4.131658867203202856e-01,4.132450285650824395e-01,-1.722707850908220207e-06,-1.664427014718896493e-08,2.730406410076180346e-06,9.999990150779598519e-01
1.568098704600186591e-02,-4.131626704763886604e-01,-4.131714175939938394e-01,9.999927174308632649e-01,-4.131715634653368996e-01,1.999991677063905460e+00,-4.131707675737086860e-01,4.132539723222159456e-01,-1.604297491755020331e-06,5.620995215134655958e-07,1.778701021968922269e-06,9.999958385319528409e-01
1.569007084920065118e-02,-4.131626634976350854e-01,-4.131646952531610184e-01,9.999937190070818938e-01,-4.131474008575826695e-01,1.999992821722432756e+00,-4.131452573623569102e-01,4.132465851807157753e-01,1.547526201720192128e-05,4.702572642179335672e-06,1.638882670599278900e-05,9.999964108612163782e-01
1.569818857411920190e-02,-4.131626572610805903e-01,-4.131663195509920339e-01,9.999958479751279716e-01,-4.131667313365728900e-01,1.999995254828753177e+00,-4.131699589601731115e-01,4.132492850361967895e-01,2.693161395189692328e-06,2.013564654561967907e-07,1.186519803728454621e-06,9.999976274143764776e-01
1.570506628574996552e-02,-4.131626519771844919e-01,-4.131650421869612622e-01,9.999948274455716657e-01,-4.131682928108328934e-01,1.999994088509268853e+00,-4.131660005304892413e-01,4.132471380532766192e-01,9.697134703215139671e-07,2.176355893284702615e-06,2.412398277107043338e-06,9.999970442546344263e-01
1.572000088656004199e-02,-4.131626405034794502e-01,-4.131619810805726156e-01,9.999994570699776153e-01,-4.131578762253693693e-01,1.999999379508550446e+00,-4.131579042231567356e-01,4.132446309085865965e-01,1.791822214334718672e-06,5.772125928214445241e-06,6.422485467795606858e-06,9.999996897542753338e-01
1.572803535310016154e-02,-4.131626343308908433e-01,-4.131658466594020362e-01,9.999971569857089015e-01,-4.131598457000927316e-01,1.999996750840834503e+00,-4.131601761750086643e-01,4.132490266878514618e-01,5.606270151152278570e-06,2.534191000632096415e-06,6.152938361816475938e-06,9.999983754204171404e-01
1.573524539237935310e-02,-4.131626287916803641e-01,-4.131664888870061891e-01,9.999942744306742348e-01,-4.131606185361994532e-01,1.999993456492247912e+00,-4.131604220298134567e-01,4.132488965201430720e-01,7.590118681177687051e-06,6.014782061954854771e-06,7.743801127453955280e-06,9.999967282461239559e-01
1.574445656260209034e-02,-4.131626217150756175e-01,-4.131649588502783188e-01,9.999958868819113222e-01,-4.131600243705018660e-01,1.999995299293648277e+00,-4.131602097714665578e-01,4.132475279360900977e-01,5.396758756612101199e-06,6.046875861632048436e-06,5.196520102992754378e-06,9.999976496468240272e-01
1.576047200360666117e-02,-4.131626094110010250e-01,-4.131652723934836069e-01,9.999961232193798066e-01,-4.131788700664614233e-01,1.999995569393610229e+00,-4.131798074442208368e-01,4.132476636097092149e-01,-6.955019537912708010e-06,-7.282521947419757594e-06,7.365875586356848437e-06,9.999977846968050033e-01
1.576677782533178127e-02,-4.131626045664650859e-01,-4.131608739002046726e-01,9.999980679980022824e-01,-4.131630992010640324e-01,1.999997791997733421e+00,-4.131593470835056570e-01,4.132427238128895675e-01,2.978778563780124992e-06,3.205661001757997454e-06,4.943323631689185419e-06,9.999988959988667103e-01
1.577252463548626735e-02,-4.131626001513980517e-01,-4.131597608175970882e-01,1.000002161924047339e+00,-4.131487729207333204e-01,2.000002470770321228e+00,-4.131502577471974913e-01,4.132435513413164063e-01,9.144566850589908792e-06,5.460973146208646761e-06,7.771438283249962702e-06,1.000001235385160836e+00
1.578026071352082310e-02,-4.131625942080545677e-01,-4.131697794068527330e-01,9.999956226605931642e-01,-4.131720100111928584e-01,1.999994997326429491e+00,-4.131743671230729831e-01,4.132531441582676379e-01,-1.165489611186613224e-06,-3.031066548912441964e-06,2.975956495764806184e-06,9.999974986632147456e-01
1.578539307268457884e-02,-4.131625902650446491e-01,-4.131652461179782798e-01,9.999929073095966681e-01,-4.131650687913543951e-01,1.999991894068170906e+00,-4.131621299648889356e-01,4.132466199275849350e-01,3.972202171034219490e-06,2.177292129598871806e-06,5.043569320359929677e-06,9.999959470340854528e-01
1.579329101089213538e-02,-4.131625841973480262e-01,-4.131591995098853332e-01,1.000001355552201820e+00,-4.131534236119867032e-01,2.000001549202505391e+00,-4.131545079321670144e-01,4.132422063565417414e-01,2.544022525547774923e-06,-2.066863192969510475e-06,3.038582719450838056e-06,1.000000774601252473e+00
1.580927308540469589e-02,-4.131625719189095935e-01,-4.131669443500244898e-01,9.999960039421104119e-01,-4.131684828160338552e-01,1.999995433076731555e+00,-4.131693345922315963e-01,4.132501131260292726e-01,8.374150840019199044e-08,4.367256767423466152e-07,9.432642136099953564e-07,9.999977165383657773e-01
1.582015245526583597e-02,-4.131625635606886449e-01,-4.131672422346601703e-01,9.999935958995194163e-01,-4.131632914356340724e-01,1.999992681028076813e+00,-4.131627204313803037e-01,4.132497398003409095e-01,6.869852776785946494e-06,2.691080009810774180e-06,7.091356220847090962e-06,9.999963405140384065e-01
1.583017408921654628e-02,-4.131625558614331895e-01,-4.131621750993815234e-01,9.999973249968683309e-01,-4.131562846782006471e-01,1.999996942853586646e+00,-4.131556441058864548e-01,4.132444809265428121e-01,6.483752428962201781e-06,9.999071829474473862e-06,1.044752725327615984e-05,9.999984714267933228e-01
1.584000292082035632e-02,-4.131625483103004703e-01,-4.131692757988530973e-01,9.999945573018181877e-01,-4.131600892934096936e-01,1.999993779773552971e+00,-4.131602199286478760e-01,4.132527480197641379e-01,5.391686816398185965e-06,1.347411814860411879e-05,1.438589047304907481e-05,9.999968898867764855e-01
1.585001615371781775e-02,-4.131625406174998516e-01,-4.131689898100417424e-01,9.999915578370479619e-01,-4.131543958013867979e-01,1.999990351813841105e+00,-4.131542571372708306e-01,4.132514996374251903e-01,6.920410017552307909e-06,7.733355337109465056e-06,6.604738604447477671e-06,9.999951759069205526e-01
1.586084615173454643e-02,-4.131625322972086178e-01,-4.131677714616345254e-01,9.999926662439830860e-01,-4.131676138374727469e-01,1.999991618564614493e+00,-4.131679937926819313e-01,4.132496875925873447e-01,-3.599416780095897357e-06,1.674059318406964402e-06,3.849706861711346708e-06,9.999958092823072464e-01
1.587169870391055143e-02,-4.131625239595907995e-01,-4.131570267431887711e-01,1.000002226383996717e+00,-4.131541790786920632e-01,2.000002544438834740e+00,-4.131553588668819277e-01,4.132400935237000028e-01,-3.172339680409824233e-06,-4.258023233210818490e-06,5.097838556311693960e-06,1.000001272219417370e+00
1.588156138222862265e-02,-4.131625163824586555e-01,-4.131630951423420628e-01,9.999995863821552478e-01,-4.131662875490387243e-01,1.999999527293895296e+00,-4.131645252355015119e-01,4.132450624435392572e-01,3.563425489955239369e-06,-1.294199659610900241e-06,4.152238508705991966e-06,9.999997636469476481e-01
1.589139274791597986e-02,-4.131625088293835457e-01,-4.131546045704511672e-01,1.000005061883251223e+00,-4.131504421552649187e-01,2.000005785009387083e+00,-4.131518022480706320e-01,4.132379085843211897e-01,-2.598455114741667766e-06,-5.536292720629914367e-06,7.191662188639469807e-06,1.000002892504693541e+00
1.590045801205173387e-02,-4.131625018648736880e-01,-4.131651875842045074e-01,1.000000178527002515e+00,-4.131742495252371805e-01,2.000000204030858875e+00,-4.131761919383861170e-01,4.132486109458006207e-01,-1.107304888129766292e-05,-1.114196682219197783e-05,1.073178793107295648e-05,1.000000102015429215e+00
1.591000090224610475e-02,-4.131624945334195220e-01,-4.131660859634899707e-01,9.999951321833421281e-01,-4.131730375522889576e-01,1.999994436781003859e+00,-4.131728229628963134e-01,4.132487314449675986e-01,2.640274206391713961e-06,-1.315899912970760396e-06,3.771471473564953590e-06,9.999972183905019296e-01
1.592015999526546002e-02,-4.131624867285602631e-01,-4.131615374220374837e-01,9.999981663589767589e-01,-4.131622886467143929e-01,1.999997904410274696e+00,-4.131614488532830420e-01,4.132437851190989830e-01,1.154884723159500019e-06,7.252497370410096938e-07,6.364971332550215476e-07,9.999989522051373481e-01
1.593004555529896685e-02,-4.131624791338436298e-01,-4.131635877200420248e-01,9.999986402297961208e-01,-4.131619788462458365e-01,1.999998445976921335e+00,-4.131620403279299691e-01,4.132464396915263016e-01,-8.439170882411168917e-06,-6.930666446197634836e-06,9.209889166374277169e-06,9.999992229884606676e-01
1.593901034907953262e-02,-4.131624722465160882e-01,-4.131561777017652703e-01,1.000002309263452238e+00,-4.131618897512788213e-01,2.000002639158211526e+00,-4.131619620047716768e-01,4.132378512309097807e-01,-8.506651210662693224e-06,-5.960386589794138373e-06,8.840573451523683251e-06,1.000001319579105763e+00
1.594783708064441072e-02,-4.131624654652603645e-01,-4.131599236841167477e-01,1.000004260255104693e+00,-4.131697148583027279e-01,2.000004868862940821e+00,-4.131704234721298441e-01,4.132433814699791319e-01,-6.351744875000757188e-06,-9.249242096415518494e-06,8.846675728829554825e-06,1.000002434431470411e+00
1.595325758498055552e-02,-4.131624613008832436e-01,-4.131630240362303419e-01,9.999999984439778000e-01,-4.131696172850427562e-01,1.999999998221689390e+00,-4.131695849681190635e-01,4.132459055231369471e-01,-2.653160006525167883e-06,-5.933310166982837994e-06,5.294423417147773584e-06,9.999999991108444730e-01
1.596356079861884630e-02,-4.131624533852996106e-01,-4.131641516511043721e-01,9.999968761653291738e-01,-4.131671109154400612e-01,1.999996429903259987e+00,-4.131655788792402695e-01,4.132465513844599259e-01,-2.164120757857753392e-06,-3.992926545863857319e-07,6.270317644690910982e-07,9.999982149516299934e-01
1.597278885787652494e-02,-4.131624462957190214e-01,-4.131618212895879494e-01,9.999986625651748895e-01,-4.131524290436476843e-01,1.999998471503068309e+00,-4.131515694445960230e-01,4.132441719646731126e-01,8.415794700327317040e-06,3.927709197752363366e-06,8.141581677050475148e-06,9.999992357515341546e-01
1.598362671421106954e-02,-4.131624379693901727e-01,-4.131607842463754787e-01,1.000001384056521614e+00,-4.131565174606045554e-01,2.000001581778870108e+00,-4.131574921201067174e-01,4.132438804504294239e-01,-5.458694270230529443e-07,-4.685848222056239497e-06,5.438966654080903813e-06,1.000000790889435054e+00
1.599329451532470123e-02,-4.131624305419733800e-01,-4.131636186370091779e-01,9.999977943561831895e-01,-4.131684262438877764e-01,1.999997479264228106e+00,-4.131701448049485692e-01,4.132459808240081522e-01,-7.364801019055715897e-06,-5.842179845939872199e-06,6.640832093390564632e-06,9.999987396321140531e-01
1.600561411955599492e-02,-4.131624210772736894e-01,-4.131607370014560576e-01,1.000000199168561421e+00,-4.131680286665143087e-01,2.000000227621211657e+00,-4.131656870542617099e-01,4.132432377292953873e-01,1.426326239315018968e-06,-2.527818387910357195e-07,2.614636717816178099e-06,1.000000113810605606e+00
1.601471928478749238e-02,-4.131624140821061886e-01,-4.131611256437128232e-01,1.000001020408548102e+00,-4.131535503278726540e-01,2.000001166181189394e+00,-4.131535740341618079e-01,4.132440471999946352e-01,4.381950187530200667e-06,3.451691370589030689e-06,3.381156745849089571e-06,1.000000583090594697e+00
1.602318131235013279e-02,-4.131624075810382268e-01,-4.131639094061750339e-01,9.999986533612057471e-01,-4.131594708135855054e-01,1.999998460984246718e+00,-4.131603197563272212e-01,4.132469678930979495e-01,1.461387458992856792e-07,3.690134336253504337e-06,3.640704656155654677e-06,9.999992304921233588e-01
1.603506142164963164e-02,-4.131623984539856131e-01,-4.131653217193188010e-01,9.999947742612362855e-01,-4.131592749849101742e-01,1.999994027727171941e+00,-4.131577011769296814e-01,4.132474804864355034e-01,9.381368421015035032e-06,6.140712484640428375e-06,9.706938702762334069e-06,9.999970138635858596e-01
1.604381072989619419e-02,-4.131623917322107542e-01,-4.131658081774267077e-01,9.999974750541408275e-01,-4.131532193553569821e-01,1.999997114347610960e+00,-4.131539508364701074e-01,4.132495770703986659e-01,6.880441950128250252e-06,3.231386254634547952e-06,5.913277116199739887e-06,9.999985571738054801e-01
1.605128619648380980e-02,-4.131623859890810047e-01,-4.131731877830397415e-01,9.999902298310361370e-01,-4.131589166960779047e-01,1.999988834092695900e+00,-4.131597338881810022e-01,4.132552626236581927e-01,4.694900081540387872e-06,4.265908261065022801e-06,6.302879498971432648e-06,9.999944170463479498e-01
1.606000210455639163e-02,-4.131623792929670080e-01,-4.131632106421129214e-01,9.999939176432890431e-01,-4.131556423732613004e-01,1.999993048735239309e+00,-4.131556814675262368e-01,4.132446269402394456e-01,9.953460590378356967e-06,1.656250381205820905e-05,1.708804739650959207e-05,9.999965243676195437e-01
1.606535770186202569e-02,-4.131623751784527232e-01,-4.131651058086658890e-01,9.999975185249451171e-01,-4.131554485262935450e-01,1.999997164028529895e+00,-4.131556124070895342e-01,4.132484420483594767e-01,1.244738032722481518e-05,1.085920695282175066e-05,1.309899062788917988e-05,9.999985820142649473e-01
1.607335141962349528e-02,-4.131623690371694635e-01,-4.131661913546421094e-01,9.999934978641370487e-01,-4.131513420506726098e-01,1.999992568987640551e+00,-4.131499824630245898e-01,4.132476769467869904e-01,1.778947341052323808e-05,1.107344742672507844e-05,1.727496823756853578e-05,9.999962844938202755e-01
1.608289543505019709e-02,-4.131623617048516550e-01,-4.131575727659494990e-01,1.000002457411328427e+00,-4.131479528391849287e-01,2.000002808470068505e+00,-4.131482014058813768e-01,4.132403984621912385e-01,4.732800804724400132e-06,5.263729816834716929e-06,4.092376318721286511e-06,1.000001404235034252e+00
1.609272902327265123e-02,-4.131623541500660801e-01,-4.131587086733944925e-01,1.000002494205086689e+00,-4.131491868116788924e-01,2.000002850520077757e+00,-4.131486812183033375e-01,4.132408359873334103e-01,2.164252068866067106e-07,1.444593190725382471e-06,1.205630949189687607e-06,1.000001425260038879e+00
1.610373652251788704e-02,-4.131623456934070404e-01,-4.131578609224413334e-01,1.000006141831064843e+00,-4.131543153812187730e-01,2.000007019235450656e+00,-4.131576212895063938e-01,4.132417898265089984e-01,-1.849397153431581471e-06,-7.075022335013208043e-06,7.798637377324039785e-06,1.000003509617725328e+00
1.611240278718746241e-02,-4.131623390354322578e-01,-4.131669464991877816e-01,9.999964864535861864e-01,-4.131717331539795368e-01,1.999995984518413872e+00,-4.131709440449536364e-01,4.132493975921847085e-01,-1.040944240255084638e-06,-4.075945079152365090e-06,2.815426597270996753e-06,9.999979922592070469e-01
1.612099175304575194e-02,-4.131623324368424721e-01,-4.131642153113381788e-01,9.999958814956342312e-01,-4.131565771554290833e-01,1.999995293137902808e+00,-4.131559728034999157e-01,4.132464829102375226e-01,2.940359727878804692e-06,2.281044952806512228e-07,2.999442644662552698e-06,9.999976465689514038e-01
1.613062694961192589e-02,-4.131623250344717002e-01,-4.131605617470666125e-01,9.999996110855622344e-01,-4.131476198321294979e-01,1.999999555526360107e+00,-4.131461990025218634e-01,4.132428898595321143e-01,1.123894713506743872e-05,1.360885310765048540e-05,1.309216647900387247e-05,9.999997777631801643e-01
1.613711009143566771e-02,-4.131623200537054563e-01,-4.131590939501554871e-01,1.000001706697678960e+00,-4.131576295516894426e-01,2.000001950511618443e+00,-4.131606479841106738e-01,4.132415133479783176e-01,-3.978182103998214210e-06,-2.075064948359804088e-06,7.159394935182358103e-06,1.000000975255809221e+00
1.614356781534586130e-02,-4.131623150924692567e-01,-4.131595485782645905e-01,1.000002780228449240e+00,-4.131739101986577345e-01,2.000003177403918198e+00,-4.131755671720387380e-01,4.132426516616393708e-01,-1.730699198470057607e-05,-1.042359991986205661e-05,1.697524474380186736e-05,1.000001588701959099e+00
1.615306480829930072e-02,-4.131623077962770507e-01,-4.131638274981678238e-01,9.999988441467058120e-01,-4.131696178943229936e-01,1.999998679024816539e+00,-4.131680406215982870e-01,4.132467869153148010e-01,-5.142237895049382452e-06,1.079785288501827439e-06,3.085546830843073684e-06,9.999993395124082696e-01
1.616396951211837574e-02,-4.131622994185901177e-01,-4.131628977828904481e-01,9.999960303913274506e-01,-4.131512641675955111e-01,1.999995463304408139e+00,-4.131503903882753348e-01,4.132444001109090714e-01,9.445629098095103298e-06,8.200996592354501335e-06,8.510537782190861220e-06,9.999977316522040693e-01
1.617332928247378759e-02,-4.131622922278215260e-01,-4.131589951662296700e-01,1.000004454323027536e+00,-4.131559141373635780e-01,2.000005090654850548e+00,-4.131564173442032195e-01,4.132432860497999849e-01,-3.741854362972169313e-06,-3.924435596641165845e-06,3.874056366421415199e-06,1.000002545327425274e+00
1.618228831559192366e-02,-4.131622853449250510e-01,-4.131714794669677504e-01,9.999924502083959998e-01,-4.131496672210215326e-01,1.999991371666802298e+00,-4.131486526783367808e-01,4.132538032520443605e-01,1.025504365428090178e-05,8.974417200721134763e-06,1.114966434355030808e-05,9.999956858334012599e-01
1.619172307986701045e-02,-4.131622780965421571e-01,-4.131663680471245326e-01,9.999926641742418187e-01,-4.131542162475849156e-01,1.999991616199195965e+00,-4.131545821069189661e-01,4.132482620543231899e-01,5.255236355974145434e-06,6.556988928070195879e-06,6.122291601926076522e-06,9.999958080995979826e-01
1.620154023006315641e-02,-4.131622705543833707e-01,-4.131597736921633901e-01,1.000000056060829978e+00,-4.131501603762783303e-01,2.000000064069519468e+00,-4.131510886004466365e-01,4.132427043440548564e-01,7.546655121513795188e-06,1.290338260078138617e-06,6.385572274067490223e-06,1.000000032034759734e+00
1.621057124525238438e-02,-4.131622636161846884e-01,-4.131647196234660147e-01,9.999984272887467718e-01,-4.131709920083936338e-01,1.999998202615723919e+00,-4.131730559132564817e-01,4.132475772495161626e-01,-2.376054720881732996e-06,-2.195438430443832181e-06,2.470643327305877836e-06,9.999991013078619595e-01
1.622026168225261869e-02,-4.131622561713763075e-01,-4.131627638510063094e-01,9.999977378902892289e-01,-4.131632278960100102e-01,1.999997414731778278e+00,-4.131624691656572979e-01,4.132452690167148224e-01,5.199732277374699889e-06,3.420643889950595201e-06,5.643532544901749312e-06,9.999987073658891390e-01
1.623080982942067332e-02,-4.131622480676201414e-01,-4.131653518118419410e-01,9.999967697195349947e-01,-4.131669819725538595e-01,1.999996308250924670e+00,-4.131672474772670745e-01,4.132481246135273345e-01,2.480555339256766079e-06,2.780481709749818902e-06,3.243483331768186611e-06,9.999981541254623352e-01
1.624104220301689563e-02,-4.131622402064611954e-01,-4.131653304032992247e-01,9.999955887393208176e-01,-4.131606953320992037e-01,1.999994958559261349e+00,-4.131600850317653228e-01,4.132474431097424294e-01,3.790357075229221930e-06,8.001918749850407239e-06,7.377477752945591016e-06,9.999974792796307854e-01
1.625054428505597406e-02,-4.131622329063596721e-01,-4.131580131372035725e-01,1.000000931314479091e+00,-4.131596247387007703e-01,2.000001064359397063e+00,-4.131602753950119888e-01,4.132402346223113532e-01,-4.527492234206420820e-07,-7.239612638518990217e-06,8.617611529957290464e-06,1.000000532179698531e+00
1.626059502777441393e-02,-4.131622251847396066e-01,-4.131588920397428200e-01,1.000003146870916293e+00,-4.131752376213706501e-01,2.000003596423877372e+00,-4.131765887698177764e-01,4.132415366158262438e-01,-1.143831080715239410e-05,-8.074052400169726381e-06,1.128294948707129270e-05,1.000001798211938908e+00
1.627091107323785230e-02,-4.131622172592994136e-01,-4.131572676366907504e-01,1.000003673651430169e+00,-4.131692867486072007e-01,2.000004198458745996e+00,-4.131681423636872075e-01,4.132393309761168698e-01,-3.159788472708166888e-06,-5.504721243672678921e-06,5.902500580282456490e-06,1.000002099229372998e+00
1.628094314773366816e-02,-4.131622095520243731e-01,-4.131495611925003475e-01,1.000010189262324545e+00,-4.131662664367125593e-01,2.000011644871141137e+00,-4.131676157107291858e-01,4.132322905956660741e-01,-1.948038567963999534e-05,-1.631050424187959922e-05,2.133551562729610424e-05,1.000005822435570790e+00
1.629146147274364298e-02,-4.131622014711816004e-01,-4.131555169483517309e-01,1.000007897413311531e+00,-4.131804958056086163e-01,2.000009025615146374e+00,-4.131805814440899782e-01,4.132379306745455616e-01,-2.168406547152758405e-05,-9.848032841764421403e-06,2.009156167908415151e-05,1.000004512807572965e+00
1.630120408558618714e-02,-4.131621939862901161e-01,-4.131515523570684079e-01,1.000009364500349385e+00,-4.131730388322384373e-01,2.000010702286033393e+00,-4.131734147701700000e-01,4.132344891616733795e-01,-1.346866438157769740e-05,-1.304335975803262798e-05,1.452943013875019254e-05,1.000005351143016696e+00
1.631094529669552262e-02,-4.131621865024754370e-01,-4.131572906844853676e-01,1.000006399418956748e+00,-4.131841168465582026e-01,2.000007313621610550e+00,-4.131842070536858591e-01,4.132401235101001991e-01,-1.938596682804718559e-05,-6.260494277170205257e-06,1.769309463525715176e-05,1.000003656810805275e+00
1.632037747831981828e-02,-4.131621792560756234e-01,-4.131568448578900599e-01,1.000004654255215453e+00,-4.131621004579674739e-01,2.000005319148778327e+00,-4.131594716996789263e-01,4.132396580654765228e-01,1.098635175340203971e-06,-4.170732419519833978e-06,4.572899929277845375e-06,1.000002659574389163e+00
1.632593516010493948e-02,-4.131621749863088611e-01,-4.131604887165772899e-01,1.000003313953576667e+00,-4.131682607522057515e-01,2.000003787375488340e+00,-4.131704988683149726e-01,4.132438777319617507e-01,-8.143345193471852791e-06,-8.378345505034742014e-06,1.021425456065385109e-05,1.000001893687744170e+00
1.633306457913223306e-02,-4.131621695090373358e-01,-4.131626455176303225e-01,9.999985004981135628e-01,-4.131790534383932845e-01,1.999998286283571236e+00,-4.131778097265605409e-01,4.132445681258449244e-01,-1.319055181974236021e-05,-6.432913051033522890e-06,1.094244792748325977e-05,9.999991431417856180e-01
1.634137972068456721e-02,-4.131621631208177714e-01,-4.131571503126068579e-01,1.000002764281835876e+00,-4.131616249606437363e-01,2.000003159179217782e+00,-4.131598412221445527e-01,4.132401060637668766e-01,1.828287197254386194e-06,-8.003106566888674594e-08,2.066514906605125951e-06,1.000001579589608669e+00
1.635001813706054435e-02,-4.131621564842394290e-01,-4.131627878843744384e-01,1.000000941394630249e+00,-4.131598719334192427e-01,2.000001075879569434e+00,-4.131590014383526022e-01,4.132460987272343900e-01,3.466607282089306844e-06,4.386462826403150300e-06,5.455024770454674724e-06,1.000000537939784717e+00
1.636019990229654192e-02,-4.131621486619622696e-01,-4.131610433023970019e-01,9.999995200484407265e-01,-4.131538839354011450e-01,1.999999451483936319e+00,-4.131539918622738061e-01,4.132435061592678038e-01,7.398777510868080389e-07,5.090355515823830271e-06,4.463434274425312115e-06,9.999997257419681596e-01
1.637001000000000081e-02,-4.131621413954364996e-01,-4.131631846585013812e-01,9.999990352070453614e-01,-4.131612926969467914e-01,1.999998897379488660e+00,-4.131620113255116133e-01,4.132460842715785510e-01,-2.003004622773756723e-06,-6.617121814161963994e-06,7.638558034652799013e-06,9.999994486897443302e-01
1.637441954977877923e-02,-4.131623823072222979e-01,-4.131660706214160816e-01,9.999972912709821360e-01,-4.131661559879074574e-01,1.999996904309716772e+00,-4.131669628737555944e-01,4.132494604161267571e-01,-2.002345496320558084e-06,-2.534023327903920766e-06,1.357500552536826629e-06,9.999984521548583860e-01
1.638363982888800530e-02,-4.131627588015555075e-01,-4.131696796615610956e-01,9.999910888118401786e-01,-4.131672839923508644e-01,1.999989815785036207e+00,-4.131670670353201347e-01,4.132518416268584072e-01,4.814490808035513478e-06,9.597562156370661367e-06,9.579486583231835954e-06,9.999949078925181034e-01
1.639286586012284053e-02,-4.131630110638961906e-01,-4.131658333933087568e-01,9.999942760430200472e-01,-4.131716652284261326e-01,1.999993458334928587e+00,-4.131715164962923015e-01,4.132483588893141047e-01,-2.040941433785670989e-06,5.153977227559550592e-06,5.223693330392607191e-06,9.999967291674642933e-01
1.640210373193886836e-02,-4.131631801329097575e-01,-4.131658563047876376e-01,9.999957931464085181e-01,-4.131645024929926913e-01,1.999995192167359770e+00,-4.131645399054610923e-01,4.132490099737318179e-01,4.511103840083631217e-06,6.368702699293693695e-06,5.421484512020679708e-06,9.999975960836798849e-01
1.641088890187174937e-02,-4.131632887136748034e-01,-4.131705422004990358e-01,9.999918703110189933e-01,-4.131737601299738660e-01,1.999990708926948191e+00,-4.131740539039245319e-01,4.132527481618358811e-01,-4.679537384579074842e-06,3.797087179156126072e-07,4.786473935713213427e-06,9.999953544634739844e-01
1.642000420772753155e-02,-4.131633650793885559e-01,-4.131608005187361043e-01,9.999967116323831284e-01,-4.131549804832516104e-01,1.999996241865608759e+00,-4.131530535816143046e-01,4.132422883653131263e-01,3.661847339233003007e-07,2.165018900760096424e-06,1.692867174676004776e-06,9.999981209328043796e-01
1.643051268950799712e-02,-4.131634226519381725e-01,-4.131594228798293744e-01,1.000002116423383880e+00,-4.131426335908759406e-01,2.000002418769563306e+00,-4.131418341467741895e-01,4.132425209406968003e-01,8.581226192397785555e-06,2.478064165195942402e-06,9.511477145711829450e-06,1.000001209384781653e+00
1.644004527512646363e-02,-4.131634563669384086e-01,-4.131703064906344647e-01,9.999947898459849993e-01,-4.131602014649846666e-01,1.999994045538312948e+00,-4.131620311138566870e-01,4.132540681111161462e-01,1.058296131006107254e-05,4.208000870644245815e-06,1.121801471028323193e-05,9.999970227691564739e-01
1.645010600540310758e-02,-4.131634796124241116e-01,-4.131634762600750466e-01,9.999948214593463724e-01,-4.131533560170810304e-01,1.999994081667868517e+00,-4.131531416559651726e-01,4.132453768123991455e-01,1.386012758343238435e-05,3.349766321198137318e-06,1.306170146502790502e-05,9.999970408339342587e-01
1.646000065371341567e-02,-4.131634944093205419e-01,-4.131679420058272934e-01,9.999950752092796602e-01,-4.131724481785697956e-01,1.999994371667790150e+00,-4.131742075364708833e-01,4.132511589233949234e-01,-3.559945686505839314e-07,-5.071089564871352297e-08,1.186162224030189256e-06,9.999971858338950748e-01
1.646791416413135450e-02,-4.131635024119147404e-01,-4.131651955728026793e-01,9.999944442538195588e-01,-4.131629410960499516e-01,1.999993650575841109e+00,-4.131612010575415606e-01,4.132473472810886950e-01,4.369481405452406692e-06,4.700103504347922289e-06,4.879404908944880334e-06,9.999968252879205544e-01
1.647564983161859883e-02,-4.131635079683385059e-01,-4.131654042753500344e-01,9.999966505964950070e-01,-4.131669984372299820e-01,1.999996172110308557e+00,-4.131693989773738140e-01,4.132483982231628938e-01,-8.410559850256590459e-07,2.081126947233852553e-06,2.108106289409021232e-06,9.999980860551542783e-01
1.648652009803458149e-02,-4.131635131879319300e-01,-4.131669251945406240e-01,9.999940177647863582e-01,-4.131748856890922750e-01,1.999993163159806686e+00,-4.131738960529791060e-01,4.132494828099881334e-01,-5.889810438114646635e-06,4.899425369244212372e-06,5.821868264635380776e-06,9.999965815799033431e-01
1.649687690782929497e-02,-4.131635163042635672e-01,-4.131641023222950015e-01,9.999957642066469310e-01,-4.131636629630923152e-01,1.999995159093346908e+00,-4.131623973949285489e-01,4.132463132960221830e-01,1.075041866257248898e-06,4.338773697481169404e-06,3.794442549560918470e-06,9.999975795466734541e-01
1.650526156819938361e-02,-4.131635179663444846e-01,-4.131652724487611117e-01,9.999976571282475080e-01,-4.131619556219945921e-01,1.999997322432302660e+00,-4.131630311343070794e-01,4.132485814598729212e-01,2.097487826002225922e-06,3.873290055040900115e-07,1.765672728539214666e-06,9.999986612161514410e-01
1.652000127016646502e-02,-4.131635197305595919e-01,-4.131607034742789120e-01,9.999975326496238770e-01,-4.131629165544326576e-01,1.999997180171019906e+00,-4.131632139603908516e-01,4.132423959472311670e-01,-4.443612966372835028e-06,-2.900726312759118733e-06,5.975031391923258731e-06,9.999985900855098420e-01
1.653014667927698439e-02,-4.131635204134612160e-01,-4.131636174156242403e-01,9.999991027776504726e-01,-4.131678376581668366e-01,1.999998974603036661e+00,-4.131675835938614094e-01,4.132465354100595678e-01,-3.010639658318762739e-06,-1.550202846238245114e-06,1.935914199899398973e-06,9.999994873015183305e-01
1.654097001280904061e-02,-4.131635208594590103e-01,-4.131583719806490862e-01,1.000001424157207941e+00,-4.131566575818659826e-01,2.000001627608225085e+00,-4.131560059292496145e-01,4.132407592287670739e-01,6.313944058314578892e-06,2.719749854936404014e-06,5.995953229449652860e-06,1.000000813804112765e+00
1.655067949849415437e-02,-4.131635211005523223e-01,-4.131579132737689397e-01,1.000003716542952059e+00,-4.131581318161555161e-01,2.000004247477627839e+00,-4.131582363589541007e-01,4.132408236894316023e-01,1.371143151971998077e-06,4.711846006183171464e-06,4.341234857551759551e-06,1.000002123738813919e+00
1.656023316016166577e-02,-4.131635212430622706e-01,-4.131633432900762570e-01,1.000000038839307770e+00,-4.131634064965094555e-01,2.000000044387779674e+00,-4.131639175499019490e-01,4.132464036847126598e-01,6.056837053142631476e-07,-2.783330309761892410e-06,3.185624872339179155e-06,1.000000022193889837e+00
1.657006929033287210e-02,-4.131635213253914696e-01,-4.131615958700444180e-01,9.999989866763536739e-01,-4.131694141041470925e-01,1.999998841915841430e+00,-4.131703741591013501e-01,4.132439405533824828e-01,-8.756170077313227593e-06,-4.179319527798864039e-06,9.991383713450000930e-06,9.999994209579207149e-01
1.657826072487493876e-02,-4.131635213605865942e-01,-4.131550626938249593e-01,1.000003793934843399e+00,-4.131633233329927712e-01,2.000004335925503085e+00,-4.131619795739767120e-01,4.132368254034576305e-01,-1.438221689587149113e-06,4.017899614671545695e-07,8.147601755634896980e-07,1.000002167962751543e+00
1.658394485138254063e-02,-4.131635213724344502e-01,-4.131544675452731297e-01,1.000007842285788096e+00,-4.131575161928118800e-01,2.000008962612262131e+00,-4.131573871826254019e-01,4.132376662542848189e-01,2.913132769933801175e-06,-2.490625361457583201e-06,3.499699634281629852e-06,1.000004481306131066e+00
1.659146795686254616e-02,-4.131635213765125769e-01,-4.131584785814974015e-01,1.000004761049300361e+00,-4.131550025041986762e-01,2.000005441199159684e+00,-4.131547712088186053e-01,4.132412162274847756e-01,7.398169919691635855e-06,-4.663931322038016796e-06,6.701801691237852182e-06,1.000002720599579842e+00
1.660089934191454064e-02,-4.131635213681155161e-01,-4.131584267483861539e-01,1.000003247459478217e+00,-4.131582285733511606e-01,2.000003711382233540e+00,-4.131590465621550745e-01,4.132413755736102923e-01,-1.970403563933402061e-06,1.141294505963855580e-06,2.144402075825577783e-06,1.000001855691116548e+00
1.661090962243532212e-02,-4.131635213480361890e-01,-4.131635238798839205e-01,9.999994358551436147e-01,-4.131634454229003994e-01,1.999999355263026191e+00,-4.131629809030801792e-01,4.132461698151685403e-01,9.648429098754239764e-07,-2.421459124553449360e-08,1.650865530587819527e-06,9.999996776315130953e-01
1.662073182556591741e-02,-4.131635213210181345e-01,-4.131605143907348121e-01,9.999998701508748811e-01,-4.131470451682235923e-01,1.999999851601000911e+00,-4.131466037260955182e-01,4.132430895003152416e-01,9.509227249791597609e-06,4.920371285617604183e-06,9.591233900397377364e-06,9.999999258005004554e-01
1.663303855013003110e-02,-4.131635212807199808e-01,-4.131653497030561839e-01,9.999987131573319088e-01,-4.131667104544464175e-01,1.999998529322676077e+00,-4.131680219987323155e-01,4.132493002391531833e-01,2.280413710331410304e-06,1.466368904146092976e-06,1.810773756768268175e-06,9.999992646613380387e-01
1.664325259188173881e-02,-4.131635212438646843e-01,-4.131725755671741829e-01,9.999871421442114716e-01,-4.131713453210305032e-01,1.999985305307779626e+00,-4.131693812291581391e-01,4.132537577118219341e-01,5.529061881330983451e-06,9.459180089726062330e-06,1.031373965130977348e-05,9.999926526538899241e-01
1.665222238887234182e-02,-4.131635212098919707e-01,-4.131610478948214427e-01,9.999972213818757449e-01,-4.131605173610195525e-01,1.999996824436452991e+00,-4.131601491951069072e-01,4.132437242641898156e-01,1.891979134117940405e-06,3.240654229844189496e-06,1.917743622365754678e-06,9.999984122182264956e-01
1.666221206398887239e-02,-4.131635211708983846e-01,-4.131635963810864065e-01,9.999988575131094626e-01,-4.131552038916316838e-01,1.999998694300706203e+00,-4.131559823078630456e-01,4.132467091405057635e-01,2.702807048020078842e-06,3.252533156634925530e-08,2.610460067692890231e-06,9.999993471503531017e-01
1.667299625462473345e-02,-4.131635211279081621e-01,-4.131661477631775048e-01,9.999941897480567610e-01,-4.131628317433406750e-01,1.999993359712114227e+00,-4.131608976146456391e-01,4.132479370517747053e-01,4.358669938453930342e-06,1.789794068484983829e-06,5.397336190165409618e-06,9.999966798560571135e-01
1.668125938805303105e-02,-4.131635210945570069e-01,-4.131589316809323731e-01,9.999997508420439551e-01,-4.131485877556771991e-01,1.999999715248052201e+00,-4.131483451939395035e-01,4.132410076508123975e-01,6.071367608714057491e-06,-3.953641107672422899e-06,4.640786485780455835e-06,9.999998576240262116e-01
1.669097509861365222e-02,-4.131635210550428927e-01,-4.131551887872506601e-01,1.000005605891529203e+00,-4.131586298283475567e-01,2.000006406733128461e+00,-4.131601991835957000e-01,4.132381463312340131e-01,-1.253771441662937262e-05,-6.817895696723865075e-06,1.311808281577780224e-05,1.000003203366564231e+00
1.670129195481194831e-02,-4.131635210128492552e-01,-4.131622280189627405e-01,1.000001339274939616e+00,-4.131706499052239523e-01,2.000001530599919697e+00,-4.131706243141944346e-01,4.132449923971375783e-01,-7.933382624587995662e-06,-4.541323592865678753e-06,7.169186536304195131e-06,1.000000765299959848e+00
1.671180612248969466e-02,-4.131635209696868372e-01,-4.131608861107443076e-01,9.999997906648238066e-01,-4.131656880381657793e-01,1.999999760759800349e+00,-4.131638425383575286e-01,4.132430460944599981e-01,-2.667921725693292908e-06,1.322658160789576911e-06,2.415590665233743953e-06,9.999998803799001745e-01
1.672115469537562363e-02,-4.131635209312195522e-01,-4.131562860168101481e-01,1.000003984742067420e+00,-4.131400132545769432e-01,2.000004553990900380e+00,-4.131392815109572458e-01,4.132389663321699991e-01,1.072183182043267143e-05,9.557335856775841951e-06,1.087362939705025296e-05,1.000002276995450190e+00
1.673004225429805883e-02,-4.131635208946010107e-01,-4.131588687450121755e-01,1.000003817675167328e+00,-4.131589974845787383e-01,2.000004363057301671e+00,-4.131614013723904910e-01,4.132417959172460242e-01,1.109284877201980089e-06,2.733220901202358764e-07,4.594438096179955988e-07,1.000002181528650835e+00
1.674000000000000141e-02,-4.131635208535324733e-01,-4.131564451699989982e-01,1.000004255692462429e+00,-4.131457401818182662e-01,2.000004863648492393e+00,-4.131438623050976422e-01,4.132387729608115179e-01,8.533041241178518412e-06,-3.739533388085243103e-07,9.294920403961924647e-06,1.000002431824245974e+00
1.674722774976110384e-02,-4.131635208237044443e-01,-4.131609082206125216e-01,1.000003027957256929e+00,-4.131534214140634709e-01,2.000003460522553844e+00,-4.131550108870606364e-01,4.132443048979321798e-01,4.514855919396776110e-06,5.684314379663432951e-07,4.191881062610214990e-06,1.000001730261276700e+00
1.675493299907588468e-02,-4.131635207918953889e-01,-4.131601990498598997e-01,9.999992798660176652e-01,-4.131566121395265356e-01,1.999999176989740723e+00,-4.131558366515169500e-01,4.132419320046750721e-01,7.150338961137159356e-06,4.207268221181044993e-06,7.539651359782658707e-06,9.999995884948703617e-01
1.676439830768691047e-02,-4.131635207528107645e-01,-4.131570056085994702e-01,1.000005636616799309e+00,-4.131588797668855895e-01,2.000006441847722805e+00,-4.131603780806490933e-01,4.132402950459480584e-01,6.996120474718793186e-07,-4.608620035763086217e-06,5.376036858030536749e-06,1.000003220923861402e+00
1.677003316999999341e-02,-4.131685367712524815e-01,-4.131608413010330882e-01,1.000002984307785781e+00,-4.131650185816787557e-01,2.000003410637444468e+00,-4.131657004662662724e-01,4.132491165121043863e-01,-3.274339816091533501e-06,-5.827057677486331774e-06,5.677816785848631603e-06,1.000001705318722234e+00
1.677588140454915749e-02,-4.131685322782629455e-01,-4.131678219947145791e-01,9.999955230267624229e-01,-4.131634213757859886e-01,1.999994883459194961e+00,-4.131610173382875284e-01,4.132507501676070949e-01,7.437378344551283286e-06,5.404648944143525901e-06,1.013728650729075993e-05,9.999974417295975915e-01
1.678368927211603204e-02,-4.131685262797617497e-01,-4.131688826882264354e-01,9.999921283740198508e-01,-4.131523225779543673e-01,1.999991003856089966e+00,-4.131532924950686025e-01,4.132513879045396910e-01,1.686469696693925692e-05,1.415034332782988901e-05,1.567796655704835646e-05,9.999955019280448720e-01
1.679257663832854977e-02,-4.131685194519215676e-01,-4.131677604097049872e-01,9.999928826069590659e-01,-4.131648067772354382e-01,1.999991865836584948e+00,-4.131649200673802591e-01,4.132503122141497620e-01,4.913524312065341544e-06,1.042066647089159424e-05,9.652347672618373045e-06,9.999959329182925849e-01
1.680357179835255052e-02,-4.131685110047393916e-01,-4.131680089896636598e-01,9.999936562932836281e-01,-4.131622226076982485e-01,1.999992750049521151e+00,-4.131613143118232911e-01,4.132509769956251855e-01,4.307304529700518324e-06,6.386615449367827027e-06,7.324942243845588737e-06,9.999963750247605754e-01
1.681299825063869643e-02,-4.131685037627389478e-01,-4.131682049645382104e-01,9.999913083017493154e-01,-4.131482753135342079e-01,1.999990066630644714e+00,-4.131472544745646291e-01,4.132497668625431109e-01,1.714000712316644527e-05,1.339075446880211074e-05,1.634313168517907708e-05,9.999950333153223569e-01
1.682281797123039505e-02,-4.131684962186059629e-01,-4.131603592515973311e-01,1.000000134090615278e+00,-4.131550879775293672e-01,2.000000153246416446e+00,-4.131577520132065917e-01,4.132435152140596091e-01,-1.434720633203342321e-06,-1.949593725049655125e-06,2.958458231518697061e-06,1.000000076623208223e+00
1.683343155163524729e-02,-4.131684880645803970e-01,-4.131669878450786593e-01,9.999963335823593980e-01,-4.131695889538378741e-01,1.999995809808442049e+00,-4.131688612465455601e-01,4.132502729280309595e-01,-2.217926033966047712e-06,2.565044038263083227e-06,3.974992434310803846e-06,9.999979049042210244e-01
1.684515705499702032e-02,-4.131684790563061038e-01,-4.131704378376774289e-01,9.999897994764330722e-01,-4.131579732868335686e-01,1.999988342258867791e+00,-4.131574867222225778e-01,4.132527212624938495e-01,1.051746877588800352e-05,1.312084234884297535e-05,1.272424202675799524e-05,9.999941711294337843e-01
1.685910626028959067e-02,-4.131684683396431024e-01,-4.131642965156595015e-01,9.999952101216812439e-01,-4.131556765976330259e-01,1.999994525853390659e+00,-4.131552882282693573e-01,4.132464279171100263e-01,8.068176334054889446e-06,6.948943235460505451e-06,8.121526649686711295e-06,9.999972629266954405e-01
1.687000285261943885e-02,-4.131684599681890724e-01,-4.131636089508221588e-01,9.999977700227041799e-01,-4.131716455490348494e-01,1.999997451454538000e+00,-4.131735191451265110e-01,4.132462694592287100e-01,-2.646226370361327646e-06,1.065117876296823449e-06,3.652659339321398794e-06,9.999987257272690000e-01
1.688005516448334159e-02,-4.131684522453644703e-01,-4.131598061807238986e-01,1.000000260926369844e+00,-4.131588248081053405e-01,2.000000298201563442e+00,-4.131572248277279313e-01,4.132420370107389718e-01,-1.234203242130495466e-06,9.033166339954016540e-07,1.128535451713980411e-06,1.000000149100781721e+00
1.689145531088008176e-02,-4.131684434870481204e-01,-4.131605036172644740e-01,1.000002150332252038e+00,-4.131658050269418903e-01,2.000002457522555233e+00,-4.131667875187835515e-01,4.132444869757626593e-01,-4.706810646339121770e-06,-2.871054021732918443e-06,4.232495087313679376e-06,1.000001228761277616e+00
1.690156948265881739e-02,-4.131684357166998667e-01,-4.131765058632710930e-01,9.999887089424102093e-01,-4.131697753458882238e-01,1.999987095934279147e+00,-4.131689658021128198e-01,4.132594434525039828e-01,1.126797006156726990e-05,9.019161699975184856e-06,1.223230277747684819e-05,9.999935479671396843e-01
1.691228813364329536e-02,-4.131684274819509839e-01,-4.131745867020195084e-01,9.999844032180515985e-01,-4.131688330313417201e-01,1.999982175106477467e+00,-4.131685011332197899e-01,4.132562157571635364e-01,7.153229244772550972e-06,1.262678193452254041e-05,1.250003635545330791e-05,9.999910875532387333e-01
1.692191198717511030e-02,-4.131684200882950186e-01,-4.131657335538294618e-01,9.999932202077834731e-01,-4.131649936234075837e-01,1.999992251666096177e+00,-4.131650862519176126e-01,4.132486432485323324e-01,2.035119953747479606e-08,5.886730143375224241e-06,5.070604839171617001e-06,9.999961258330479774e-01
1.693194803839054990e-02,-4.131684123779642004e-01,-4.131703719211474168e-01,9.999919947690474320e-01,-4.131594333352988646e-01,1.999990851164693773e+00,-4.131588637148732035e-01,4.132532827501981254e-01,1.042192535321035308e-05,7.017708469904335438e-06,1.084146454711732647e-05,9.999954255823468863e-01
1.694461560037858680e-02,-4.131684026459393477e-01,-4.131688799741639051e-01,9.999895558234345172e-01,-4.131573985474689126e-01,1.999988063798299853e+00,-4.131563024375775051e-01,4.132505123520939239e-01,1.142545690738291372e-05,8.037633377519422815e-06,1.154891965096405351e-05,9.999940318991499266e-01
1.695824387155299082e-02,-4.131683921758384503e-01,-4.131621321459253982e-01,9.999990200298611853e-01,-4.131646284707742867e-01,1.999998880034135507e+00,-4.131659830898454788e-01,4.132447243787574220e-01,4.419769092876904119e-06,9.257771418385355929e-07,4.235762185029135926e-06,9.999994400170677533e-01
1.696776766773978526e-02,-4.131683848590543828e-01,-4.131682917554345691e-01,9.999958142589528975e-01,-4.131541994194317113e-01,1.999995216295981759e+00,-4.131515085913592955e-01,4.132518514238013863e-01,1.522820553693807450e-05,1.354641235454309481e-05,1.747449183920231624e-05,9.999976081479908796e-01
1.697640128063228337e-02,-4.131683782261623139e-01,-4.131656929593179317e-01,9.999924544120869507e-01,-4.131358699709791749e-01,1.999991376471020876e+00,-4.131352747818134441e-01,4.132472944555434791e-01,2.059887163314302083e-05,1.610256519458193487e-05,1.904799007358752607e-05,9.999956882355103271e-01
1.698705222013787569e-02,-4.131683700434355955e-01,-4.131685802619022296e-01,9.999963360541338497e-01,-4.131558904396073761e-01,1.999995812633327041e+00,-4.131584203470344829e-01,4.132524745689153955e-01,7.301407810727537187e-06,5.834094555519304483e-06,7.740432618657381412e-06,9.999979063166635207e-01
1.699846497556195199e-02,-4.131683612754357693e-01,-4.131696055800337941e-01,9.999896113827547728e-01,-4.131600503273754055e-01,1.999988127294665352e+00,-4.131601074298771326e-01,4.132517099101726821e-01,1.458572490142454009e-05,1.059201728636212670e-05,1.426351280930023261e-05,9.999940636473326760e-01
1.701141688880345587e-02,-4.131683513249539419e-01,-4.131715180081444450e-01,9.999900463747840584e-01,-4.131526606373925881e-01,1.999988624428409301e+00,-4.131526445825006721e-01,4.132539611894965881e-01,1.118835528083346336e-05,8.523470348060473297e-06,1.109372609690415175e-05,9.999943122142046503e-01
1.702352738145824010e-02,-4.131683420209056323e-01,-4.131685772784466359e-01,9.999922324432447551e-01,-4.131581407543706841e-01,1.999991122792345699e+00,-4.131580536572556084e-01,4.132513459296638381e-01,6.955103252303093859e-06,6.452641244063335156e-06,7.589098562226746882e-06,9.999955613961728496e-01
1.703312066598446084e-02,-4.131683346507352139e-01,-4.131680071152591394e-01,9.999917915176387284e-01,-4.131573471619548465e-01,1.999990618877371507e+00,-4.131593048088156306e-01,4.132499101310747602e-01,9.872197856032874152e-06,7.222243354912678426e-06,7.680189268758037946e-06,9.999953094386857533e-01
1.704144097687567555e-02,-4.131683282585420502e-01,-4.131624178293543670e-01,9.999970471950274664e-01,-4.131813611366753625e-01,1.999996625365771052e+00,-4.131829815805163619e-01,4.132451646883603669e-01,-1.318563120223520571e-05,-4.470731505797867414e-06,1.433968519285314574e-05,9.999983126828854152e-01
1.705053628022113951e-02,-4.131683212709514330e-01,-4.131655994823559830e-01,9.999968197415043392e-01,-4.131742881814539081e-01,1.999996365418889255e+00,-4.131728823352703861e-01,4.132483502937031594e-01,-6.036299627839330603e-06,4.474917362461674683e-06,5.623931628182808786e-06,9.999981827094446274e-01
1.706118368219109588e-02,-4.131683130909413193e-01,-4.131638507899007551e-01,9.999971961210961657e-01,-4.131683552043752261e-01,1.999996795566990837e+00,-4.131684486609999429e-01,4.132471804465527310e-01,2.215395565041037321e-07,7.858342134395114990e-06,7.009374108723199123e-06,9.999983977834954185e-01
1.707050937245690320e-02,-4.131683059263532298e-01,-4.131737035199547492e-01,9.999906608182830281e-01,-4.131769879891663555e-01,1.999989326649545873e+00,-4.131773156466058694e-01,4.132568384458508159e-01,1.029472875513671927e-06,3.498779461734182956e-06,3.905617087551271247e-06,9.999946633247729366e-01
1.708025545860824418e-02,-4.131682984387922142e-01,-4.131704292999037742e-01,9.999889735850649997e-01,-4.131663854352594090e-01,1.999987398383025194e+00,-4.131657525073382797e-01,4.132526980241774672e-01,5.719632550739503772e-06,5.096752065495916748e-06,5.606328508634555239e-06,9.999936991915127082e-01
1.709346972351681940e-02,-4.131682882867535045e-01,-4.131686139198285646e-01,9.999920598546422346e-01,-4.131623979829525672e-01,1.999990925548230214e+00,-4.131623220160897114e-01,4.132511892876659099e-01,8.600813295463726333e-06,5.762496209025700253e-06,8.275404349395239125e-06,9.999954627741151070e-01
1.710430096442449449e-02,-4.131682799655050919e-01,-4.131630721820767627e-01,9.999942691937240280e-01,-4.131615653680346112e-01,1.999993450507161930e+00,-4.131607676103368765e-01,4.132441803820517956e-01,8.967767461246010078e-06,5.352175749330707277e-06,9.605400555987440490e-06,9.999967252535809648e-01
1.711255348737443158e-02,-4.131682736253919908e-01,-4.131564792393461194e-01,1.000005509014273430e+00,-4.131606328965597430e-01,2.000006296016265672e+00,-4.131625762851668937e-01,4.132410334377513705e-01,5.651012568606130465e-06,-4.466053051303593921e-06,5.902096909466619764e-06,1.000003148008132836e+00
1.712053511981508069e-02,-4.131682674933953581e-01,-4.131734763354954487e-01,9.999944496101060842e-01,-4.131744758878591606e-01,1.999993656697311550e+00,-4.131746940405067181e-01,4.132569907146093624e-01,2.275990683548531843e-06,-4.788722444287287834e-07,3.380770112181843038e-06,9.999968283486557752e-01
1.712952810080014751e-02,-4.131682605844159695e-01,-4.131663253953991588e-01,9.999914229820884293e-01,-4.131575757492109702e-01,1.999990197693888305e+00,-4.131565258526739282e-01,4.132479542309163700e-01,7.368589996951730223e-06,5.784131620888861294e-06,6.491752586008217910e-06,9.999950988469442636e-01
1.714010365036914077e-02,-4.131682524596087536e-01,-4.131618924154802364e-01,9.999983587701651855e-01,-4.131601299092319546e-01,1.999998124308774106e+00,-4.131604680063151736e-01,4.132442619533427397e-01,-2.779711104053164323e-06,-4.277336394206267128e-06,4.869649930505243715e-06,9.999990621543870528e-01
1.715001113320312534e-02,-4.131682448480509251e-01,-4.131643523541276286e-01,9.999979427032115176e-01,-4.131691037570384140e-01,1.999997648803687911e+00,-4.131696644982472133e-01,4.132472894041748224e-01,-6.488280372542621742e-06,2.688011156828131570e-06,6.369508950011484312e-06,9.999988244018439554e-01
1.716000233263171443e-02,-4.131682371721761005e-01,-4.131662184644696589e-01,9.999955208024547959e-01,-4.131596474632633353e-01,1.999994880917129292e+00,-4.131582175782215760e-01,4.132490255403889479e-01,6.935926934850103050e-06,4.680231107501623043e-06,8.248868847707567370e-06,9.999974404585646459e-01
1.716870877126975420e-02,-4.131682304833358410e-01,-4.131680717513395162e-01,9.999936988911627411e-01,-4.131643079050095757e-01,1.999992798732810995e+00,-4.131654216488538367e-01,4.132509232911789621e-01,-6.986602570712015001e-07,-1.036198187382337347e-06,1.943115421122274723e-06,9.999963993664054973e-01
1.717420708946201455e-02,-4.131682262591740429e-01,-4.131691702016172529e-01,9.999924570891167708e-01,-4.131667418029416061e-01,1.999991379530483337e+00,-4.131659199564913787e-01,4.132519914584101284e-01,1.697893422912269034e-07,1.528374801179478677e-06,2.801273371164622378e-06,9.999956897652417798e-01
1.718463669961908108e-02,-4.131682182464848085e-01,-4.131681696200039111e-01,9.999913124332105996e-01,-4.131540737787418593e-01,1.999990071352314880e+00,-4.131528404323886461e-01,4.132501886397466628e-01,1.429489827071187105e-05,9.518295483771679855e-06,1.460798617895308252e-05,9.999950356761574399e-01
1.719528527549772992e-02,-4.131682100655738044e-01,-4.131645327102906884e-01,9.999965597136470929e-01,-4.131551749992364853e-01,1.999996068244197289e+00,-4.131561017499431610e-01,4.132472349379910925e-01,7.245775790224971736e-06,2.404778570276733517e-06,5.896169642946102947e-06,9.999980341220986446e-01
1.720602191407996640e-02,-4.131682018170047543e-01,-4.131629937018714838e-01,9.999971567559490238e-01,-4.131623723430751793e-01,1.999996750578251881e+00,-4.131625373829340142e-01,4.132452390392662989e-01,2.636159111243925445e-06,3.401531975224343463e-06,3.675379384515327819e-06,9.999983752891259403e-01
1.721845126704966283e-02,-4.131681922679871222e-01,-4.131580224500393528e-01,1.000002198491596772e+00,-4.131652840944697869e-01,2.000002512561805723e+00,-4.131660520059857178e-01,4.132402461814050354e-01,-4.002440583884584818e-06,-1.829317173417848275e-06,5.180698436515329816e-06,1.000001256280903084e+00
1.722929357482886129e-02,-4.131681839382391197e-01,-4.131675761963695681e-01,9.999978458020353234e-01,-4.131648517921313046e-01,1.999997538059487212e+00,-4.131638402119742759e-01,4.132514868277902820e-01,3.044892016584221180e-06,4.726023385476812806e-07,5.118508762894914464e-06,9.999987690297436060e-01
1.723807103592868081e-02,-4.131681771948346182e-01,-4.131679424270589540e-01,9.999923496196171380e-01,-4.131712725306107559e-01,1.999991256708199217e+00,-4.131734417401546344e-01,4.132503201450791752e-01,5.749212459909334267e-06,5.469276226279505875e-06,5.198845712624518986e-06,9.999956283540994972e-01
1.725000076474430405e-02,-4.131681680296593884e-01,-4.131651522222821726e-01,9.999952517805235086e-01,-4.131643015214033765e-01,1.999994573463495851e+00,-4.131626162485043108e-01,4.132475595543273483e-01,4.719627277395986466e-06,-1.799424329246828824e-07,4.924965034959201570e-06,9.999972867317479253e-01
1.725794897541844605e-02,-4.131681619233384950e-01,-4.131719538619593179e-01,9.999922015561825139e-01,-4.131706528642233311e-01,1.999991087492846376e+00,-4.131715699124609564e-01,4.132555991652407390e-01,2.326255087332378580e-06,7.861527653630085227e-06,9.633437109940850949e-06,9.999955437464231878e-01
1.726274295818774895e-02,-4.131681582402926822e-01,-4.131722572268568539e-01,9.999879114253868995e-01,-4.131687191014964400e-01,1.999986184486259422e+00,-4.131660211751681522e-01,4.132535500816265084e-01,8.854151316585455488e-06,1.492144280916346354e-05,1.561974187852780847e-05,9.999930922431297109e-01
1.727153428520131900e-02,-4.131681514862367566e-01,-4.131612797831263340e-01,9.999969846151292030e-01,-4.131491464182935336e-01,1.999996553845887703e+00,-4.131485790668265046e-01,4.132445809270604009e-01,1.642603829949615808e-05,8.150489191596424279e-06,1.492759110626523794e-05,9.999982769229438517e-01
1.728022181667869528e-02,-4.131681448119222666e-01,-4.131716508983342973e-01,9.999934601867459527e-01,-4.131613204783840532e-01,1.999992525927765552e+00,-4.131619840383350950e-01,4.132553676571278367e-01,8.673820764624857272e-06,4.960749902068692430e-06,8.774968145342467080e-06,9.999962629638826650e-01
1.729103032069887955e-02,-4.131681365081425472e-01,-4.131757015583654158e-01,9.999856026527017550e-01,-4.131683719005519451e-01,1.999983545888924574e+00,-4.131692023679249814e-01,4.132579284438760991e-01,3.435877637721288878e-06,9.405954079046300722e-06,1.009307794494260411e-05,9.999917729444622871e-01
1.730038214912275191e-02,-4.131681293234725216e-01,-4.131684152040757119e-01,9.999897514155283718e-01,-4.131594802475661021e-01,1.999988287332119752e+00,-4.131584936230906502e-01,4.132504067909610335e-01,9.305713093617915262e-06,1.290923130286405857e-05,1.238067469293129493e-05,9.999941436660598759e-01
1.731010158781249447e-02,-4.131681218563815761e-01,-4.131656591607634765e-01,9.999946453147859904e-01,-4.131651166957845955e-01,1.999993880359800968e+00,-4.131660218536477580e-01,4.132481270833335829e-01,7.663226107562929948e-07,1.451954715711168842e-06,5.640513433698759149e-07,9.999969401799004842e-01
1.732005858334820930e-02,-4.131681142067855084e-01,-4.131705224127124043e-01,9.999922731806893950e-01,-4.131713833638172573e-01,1.999991169349425224e+00,-4.131716771205861116e-01,4.132536773896797744e-01,1.314696889762691684e-06,8.163954804272681982e-06,9.283668293527070291e-06,9.999955846747126120e-01
1.733016218800274150e-02,-4.131681064445533735e-01,-4.131696520086400315e-01,9.999907434078384449e-01,-4.131543693652094951e-01,1.999989421037608572e+00,-4.131526414996761210e-01,4.132520737052079451e-01,1.024929905220538242e-05,6.384409362224218191e-06,1.048542943767991543e-05,9.999947105188042862e-01
1.734035723706791113e-02,-4.131680986120672694e-01,-4.131643874105787595e-01,9.999949678422874744e-01,-4.131555262762552361e-01,1.999994248962657206e+00,-4.131555589583161270e-01,4.132466309012959305e-01,7.440489730857927455e-06,7.948115237092448859e-06,7.658917133582803405e-06,9.999971244813286031e-01
1.735020113122737878e-02,-4.131680910493615300e-01,-4.131639292438101241e-01,9.999973096992315069e-01,-4.131661449263140939e-01,1.999996925370572942e+00,-4.131677508456910730e-01,4.132466582251860254e-01,-4.265624471467805936e-06,4.205444692389923487e-07,5.137012593871991146e-06,9.999984626852865821e-01
1.736000000000000043e-02,-4.131680835212465097e-01,-4.131690265369024062e-01,9.999938937168023623e-01,-4.131696502952574290e-01,1.999993021390683356e+00,-4.131695161207125100e-01,4.132522286969276260e-01,1.078581352755120476e-05,1.142774117713809057e-05,1.301348101070323507e-05,9.999965106953416782e-01
1.736795580544170381e-02,-4.131680774090903951e-01,-4.131724144836236290e-01,9.999897602630626325e-01,-4.131673621379233219e-01,1.999988297443587415e+00,-4.131677454485516710e-01,4.132554544001880714e-01,1.483148572429527536e-05,1.097717876807165536e-05,1.478207317319807472e-05,9.999941487217937075e-01
1.738017351422414467e-02,-4.131680680226725300e-01,-4.131677931046654484e-01,9.999910298677924247e-01,-4.131659733741755436e-01,1.999989748420410551e+00,-4.131660070466410262e-01,4.132496849403873296e-01,8.662642966084714390e-06,3.710866400933648418e-06,7.620773793149275225e-06,9.999948742102052757e-01
1.739003068053496942e-02,-4.131680604497694476e-01,-4.131556009920957506e-01,1.000001700579978614e+00,-4.131499233422564199e-01,2.000001943519960967e+00,-4.131475370042582695e-01,4.132370266300330330e-01,6.891716544595068912e-06,-2.224962961092709537e-07,6.587128457766335481e-06,1.000000971759980484e+00
1.739763128619284047e-02,-4.131680546104982699e-01,-4.131649617295358734e-01,1.000001416298768708e+00,-4.131558422731591018e-01,2.000001618627152311e+00,-4.131564541533941370e-01,4.132491938914194529e-01,8.760726260441518892e-07,-2.711547268635805953e-06,1.747435527561574595e-06,1.000000809313575934e+00
1.740537211049162161e-02,-4.131680486635021521e-01,-4.131691297657758000e-01,9.999918703915894325e-01,-4.131556997522821684e-01,1.999990709019028534e+00,-4.131549259928425921e-01,4.132514946689183621e-01,9.884540531850204809e-06,8.049702544816366226e-06,1.110768380522232072e-05,9.999953545095142671e-01
1.741570959905276716e-02,-4.131680407215868045e-01,-4.131713227409914424e-01,9.999917758975309656e-01,-4.131524881510309499e-01,1.999990601025819714e+00,-4.131519264539939007e-01,4.132547482146399775e-01,1.171414195767018925e-05,1.029671692179734843e-05,1.157534139640243867e-05,9.999953005129098571e-01
1.742631024284231958e-02,-4.131680325774967355e-01,-4.131716130179662327e-01,9.999871007579475002e-01,-4.131434071906578409e-01,1.999985258009192801e+00,-4.131417421692051839e-01,4.132535142194913025e-01,1.886225589359790341e-05,1.757736192506359301e-05,1.961460737764881895e-05,9.999926290045964006e-01
1.743421919999298825e-02,-4.131680265013297770e-01,-4.131689962902492796e-01,9.999918736601700608e-01,-4.131465001816492233e-01,1.999990712754549316e+00,-4.131493226484154735e-01,4.132518693365280771e-01,1.408466623797149368e-05,1.169985705553785169e-05,1.186752920158092805e-05,9.999953563772746579e-01
1.744268332520329881e-02,-4.131680199986499935e-01,-4.131703384207875973e-01,9.999906953889884376e-01,-4.131677440895170639e-01,1.999989366158922977e+00,-4.131685173084250207e-01,4.132528055047187676e-01,2.081497011704394036e-06,4.447259962000167707e-06,4.385937503093135507e-06,9.999946830794614883e-01
1.745256977494833578e-02,-4.131680124032496848e-01,-4.131686745572155095e-01,9.999918510735965604e-01,-4.131604812905094737e-01,1.999990686941322648e+00,-4.131590057289237783e-01,4.132512566730328629e-01,6.711430070537842887e-06,2.314471318776849030e-06,6.506974767922453787e-06,9.999953434706613242e-01
1.746918331505303498e-02,-4.131679996396733778e-01,-4.131664007413498041e-01,9.999939041399141804e-01,-4.131532579210902556e-01,1.999993033302810863e+00,-4.131539444191163479e-01,4.132487984115784663e-01,8.054679797485030148e-06,7.484995460578423088e-06,8.355981449071109328e-06,9.999965166514054316e-01
1.748000000000000248e-02,-4.131679913296066875e-01,-4.131647542096150150e-01,9.999959912759019964e-01,-4.131615660261816481e-01,1.999995418601064889e+00,-4.131628553285546790e-01,4.132472517630899067e-01,6.150976173316342374e-07,2.177117376854532378e-06,1.518268990411353601e-06,9.999977093005325557e-01
1.749000406935083407e-02,-4.131679836438443831e-01,-4.131636764681950735e-01,9.999972458640289386e-01,-4.131681275358673466e-01,1.999996852416056514e+00,-4.131689281395305446e-01,4.132462080061938270e-01,-3.828877108273851108e-06,6.375796894440300398e-06,6.926561168893017997e-06,9.999984262080282571e-01
1.749889812365502256e-02,-4.131679768108644235e-01,-4.131694843471777623e-01,9.999939998377238570e-01,-4.131628382981650804e-01,1.999993142671735447e+00,-4.131618481922814667e-01,4.132528666671745898e-01,7.125777301549577167e-06,8.211400925871918487e-06,8.844768975171203368e-06,9.999965713358677233e-01
1.750828205788819425e-02,-4.131679696015269632e-01,-4.131706261482939180e-01,9.999900953866549536e-01,-4.131591871024720697e-01,1.999988680441975752e+00,-4.131593235557918242e-01,4.132532012616510486e-01,8.665731269951211778e-06,1.456838751407970533e-05,1.492985235859983587e-05,9.999943402209878762e-01
1.751580345984639700e-02,-4.131679638231069984e-01,-4.131721277886529209e-01,9.999896642971319860e-01,-4.131673308167348457e-01,1.999988187768239056e+00,-4.131692762996717616e-01,4.132551068365196145e-01,6.497784367302889248e-06,9.857855757912685211e-06,8.847286658453623910e-06,9.999940938841195281e-01
1.752316948937018490e-02,-4.131679581640525512e-01,-4.131764949178945989e-01,9.999867778349974534e-01,-4.131766548967177322e-01,1.999984888954395412e+00,-4.131773136737917906e-01,4.132602650126088739e-01,6.990927633899805670e-06,9.270491991363125428e-06,1.114833430950513688e-05,9.999924444771977061e-01
1.753299313129409384e-02,-4.131679506169053662e-01,-4.131827824642149150e-01,9.999768246125617654e-01,-4.131644106360216617e-01,1.999973513843125161e+00,-4.131615002876510290e-01,4.132641865865984698e-01,2.508608174580314012e-05,2.741598308185429255e-05,2.708539969379766062e-05,9.999867569215625807e-01
1.754219886644088275e-02,-4.131679435444775561e-01,-4.131722127712762482e-01,9.999855225656890667e-01,-4.131549657920656204e-01,1.999983454360910740e+00,-4.131556726607694130e-01,4.132547175273463824e-01,1.567896133479437023e-05,1.269602976841527025e-05,1.503151889108190895e-05,9.999917271804553698e-01
1.755052756064590103e-02,-4.131679371458466532e-01,-4.131721592244275154e-01,9.999885528914294053e-01,-4.131571390489400253e-01,1.999986917590302671e+00,-4.131561574083829069e-01,4.132544901091087519e-01,1.975356918700932180e-05,1.279883802400611732e-05,2.065638195788573029e-05,9.999934587951512244e-01
1.756103969539468679e-02,-4.131679290697560236e-01,-4.131650268623949795e-01,9.999940211217104302e-01,-4.131393361759659322e-01,1.999993166996291594e+00,-4.131385498625315678e-01,4.132477504627721787e-01,2.584882361578011011e-05,1.742381213233701610e-05,2.560601401787996099e-05,9.999965834981457968e-01
1.757001037773437552e-02,-4.131679198993484792e-01,-4.131696005148780548e-01,9.999932406630789306e-01,-4.131510590598919674e-01,1.999992275043576573e+00,-4.131524332978195879e-01,4.132527892949213744e-01,1.560535989405866731e-05,3.785788917889765504e-06,1.478544097203650617e-05,9.999961375217881754e-01
1.757562009366188741e-02,-4.131655635899291745e-01,-4.131684347486751507e-01,9.999917292904002553e-01,-4.131617046083524425e-01,1.999990547760527759e+00,-4.131633578945446139e-01,4.132507388689578565e-01,1.202853867789213885e-05,5.286783908832472032e-06,1.151812578539966290e-05,9.999952738802638796e-01
1.758912682171255917e-02,-4.131617746463265850e-01,-4.131657994687140123e-01,9.999949595150674497e-01,-4.131775313203123190e-01,1.999994239445834099e+00,-4.131783964056752190e-01,4.132483436465502757e-01,-4.723795497302888458e-06,-2.191287568003652084e-07,6.300222641420473629e-06,9.999971197229171604e-01
1.759401457692321910e-02,-4.131608668324007749e-01,-4.131631124583144410e-01,9.999961072119766259e-01,-4.131733336413111468e-01,1.999995551099434943e+00,-4.131703289755745967e-01,4.132449342938518400e-01,-2.239322412207164650e-06,1.659893126018986700e-06,2.480723818083799961e-06,9.999977755497175824e-01
1.760187015419867676e-02,-4.131597575448451853e-01,-4.131574953922013682e-01,1.000002053602882413e+00,-4.131505473297681919e-01,2.000002346974705247e+00,-4.131500334731674218e-01,4.132398800160902441e-01,9.808346615712514773e-06,3.640590473841968947e-06,9.251077153654941817e-06,1.000001173487352624e+00
1.761054027127202312e-02,-4.131589018240260924e-01,-4.131563927270798797e-01,1.000005043909869773e+00,-4.131619717955310467e-01,2.000005764468379521e+00,-4.131634571372850839e-01,4.132393288255320485e-01,-1.008692697083562187e-06,-7.667283547568828344e-06,8.216355872699510966e-06,1.000002882234189761e+00
1.762053732795873517e-02,-4.131582429705797921e-01,-4.131646525722358354e-01,9.999995458457270336e-01,-4.131780344262801496e-01,1.999999480966548893e+00,-4.131784947362827642e-01,4.132475850571478704e-01,-9.410065820677977042e-06,-3.958697226744833440e-07,8.560251130809040537e-06,9.999997404832744463e-01
1.762980750203330116e-02,-4.131578415232371460e-01,-4.131603541794198753e-01,9.999992638673045331e-01,-4.131563653410035286e-01,1.999999158705497271e+00,-4.131541235682394397e-01,4.132424377130386461e-01,4.833593466760414927e-06,2.513280988309347232e-06,5.787033229077363727e-06,9.999995793527486354e-01
1.763416634664831395e-02,-4.131577018986908878e-01,-4.131586411372550893e-01,1.000001578715763451e+00,-4.131581650148082874e-01,2.000001804246573478e+00,-4.131602481446201569e-01,4.132409360309255986e-01,-2.970456335560676179e-07,-4.125779134358406498e-07,2.284802486549518173e-06,1.000000902123286739e+00
1.764304961833602220e-02,-4.131574875008680592e-01,-4.131555582398539483e-01,1.000004957870036515e+00,-4.131738076816685035e-01,2.000005666137142590e+00,-4.131732485772762753e-01,4.132377918000242900e-01,-1.143703545135889029e-05,-5.176868467736548092e-06,1.043968746000195920e-05,1.000002833068571295e+00
1.765234879307875371e-02,-4.131573362442412245e-01,-4.131534364211756905e-01,1.000008580294790228e+00,-4.131647133539373407e-01,2.000009806051115557e+00,-4.131652491217404632e-01,4.132366570377195014e-01,-3.846709369717231448e-06,-8.033602426313223206e-06,8.867778965089761635e-06,1.000004903025558001e+00
1.766187762080588530e-02,-4.131572332678998816e-01,-4.131588957754763203e-01,1.000004085042775603e+00,-4.131744159018610474e-01,2.000004668620280590e+00,-4.131738788748431923e-01,4.132413459588016313e-01,-1.010692867911209392e-05,-9.638181692717867597e-06,9.754841685901750100e-06,1.000002334310140295e+00
1.767220131743393874e-02,-4.131571607030045667e-01,-4.131561314292259701e-01,1.000004996760846199e+00,-4.131610600035180991e-01,2.000005710583781848e+00,-4.131593911032959143e-01,4.132388123147437975e-01,-6.480170341677013215e-06,-5.773890198805334487e-06,5.498549471801609482e-06,1.000002855291890702e+00
1.768212863466794849e-02,-4.131571157871419264e-01,-4.131572912445218848e-01,1.000004958333504890e+00,-4.131416809680318880e-01,2.000005666666820670e+00,-4.131419333633502000e-01,4.132401836913386362e-01,5.024220489734326108e-06,1.191939775390184611e-06,4.392040268531676234e-06,1.000002833333410335e+00
1.769201059662976055e-02,-4.131570867088253385e-01,-4.131589678835470569e-01,1.000002549975154587e+00,-4.131557705783819312e-01,2.000002914257297704e+00,-4.131565229599955535e-01,4.132410489024745948e-01,-4.285522191638440512e-06,1.648490872857801383e-06,4.461812822799515591e-06,1.000001457128648852e+00
1.770182630356686992e-02,-4.131570678747447101e-01,-4.131523788563512545e-01,1.000007205349958239e+00,-4.131602215230131825e-01,2.000008234685605402e+00,-4.131603395283511282e-01,4.132342860708021481e-01,-8.526790930776250813e-06,-3.630584059688771091e-06,8.481094683380475637e-06,1.000004117342802701e+00
1.771263590722515699e-02,-4.131570545902318314e-01,-4.131480613568285221e-01,1.000014920476671065e+00,-4.131618490671407629e-01,2.000017051973211224e+00,-4.131643489497561772e-01,4.132319070323128285e-01,-1.050565082560605110e-05,-1.552151915898955704e-05,1.619090892639637991e-05,1.000008525986605612e+00
1.772190131780137373e-02,-4.131570472352740775e-01,-4.131589144957910076e-01,1.000005830662832995e+00,-4.131801185778552488e-01,2.000006663614616098e+00,-4.131790443278327007e-01,4.132415723715278655e-01,-1.150293963024950921e-05,-9.741155229248746599e-06,1.019105353657900350e-05,1.000003331807308271e+00
1.773161199371981606e-02,-4.131570421155548178e-01,-4.131575724474484956e-01,1.000003825964521420e+00,-4.131627613231636520e-01,2.000004372530849395e+00,-4.131621544298042514e-01,4.132404376551421232e-01,-3.141535357674168079e-06,-1.500447651304153459e-06,3.110573399946669097e-06,1.000002186265424475e+00
1.774170128481993014e-02,-4.131570386401540729e-01,-4.131608766884043993e-01,1.000001731156408891e+00,-4.131628051428344883e-01,2.000001978464452712e+00,-4.131634661577492929e-01,4.132438039378447669e-01,-3.989344335060282980e-06,9.900338053923477428e-07,4.747500439179052890e-06,1.000000989232226356e+00
1.775182009324453858e-02,-4.131570363787444022e-01,-4.131629107187304029e-01,9.999985912258149146e-01,-4.131712462049102474e-01,1.999998389972372115e+00,-4.131702859390554150e-01,4.132450991530721707e-01,-9.020725007269158758e-06,8.402153597140794576e-06,8.145729021220917971e-06,9.999991949861860574e-01
1.776089053258925882e-02,-4.131570350324239027e-01,-4.131578096802396849e-01,1.000001882782689755e+00,-4.131567474446195543e-01,2.000002151751629320e+00,-4.131558951182104367e-01,4.132399789410404756e-01,8.978990845080101004e-07,1.068586567865604333e-07,8.809160022917319433e-07,1.000001075875814660e+00
1.777091215298126983e-02,-4.131570340347644477e-01,-4.131543316625699847e-01,1.000006617344283422e+00,-4.131615043223818007e-01,2.000007562679124717e+00,-4.131625476653897899e-01,4.132373225133855743e-01,-8.924405726714638594e-06,-6.722469476147595738e-06,9.255491731736338780e-06,1.000003781339562359e+00
1.778060446425759958e-02,-4.131570333925793093e-01,-4.131619407791182752e-01,1.000002232602872354e+00,-4.131641749595215685e-01,2.000002551546120610e+00,-4.131626237580375283e-01,4.132448953038817541e-01,3.629089420499576076e-06,5.987868975070750641e-06,7.036459499133638963e-06,1.000001275773060305e+00
1.779030360780341907e-02,-4.131570329572060163e-01,-4.131594736649511490e-01,1.000000974780040464e+00,-4.131455277379193491e-01,2.000001114034323901e+00,-4.131447316430250649e-01,4.132416652930903100e-01,5.857662535032021221e-06,1.633897317083623587e-06,5.257994077145571824e-06,1.000000557017161951e+00
1.780072659444831285e-02,-4.131570326395378467e-01,-4.131518672787748980e-01,1.000007659112551295e+00,-4.131443063591163090e-01,2.000008753271421913e+00,-4.131450214016740841e-01,4.132342522178483191e-01,1.109095268458203623e-06,-5.799242370677029684e-06,6.201885819128844918e-06,1.000004376635710956e+00
1.781078609453486464e-02,-4.131570324282877182e-01,-4.131541298483349389e-01,1.000008814636711652e+00,-4.131588300341834108e-01,2.000010073870452487e+00,-4.131588889819729493e-01,4.132373988091083139e-01,-2.119247457908872349e-06,-3.812440888639626451e-07,1.366349109246092611e-06,1.000005036935226244e+00
1.782077606309154585e-02,-4.131570322780441229e-01,-4.131630450916843333e-01,1.000001283728557677e+00,-4.131534641652027107e-01,2.000001467118340148e+00,-4.131530327633968214e-01,4.132459094407551770e-01,5.863529988343270900e-06,2.002112893033578859e-06,6.269805064776250043e-06,1.000000733559170296e+00
1.783102344192157712e-02,-4.131570321636863774e-01,-4.131597722440196740e-01,1.000000493644006783e+00,-4.131560299226808564e-01,2.000000564164575501e+00,-4.131567917498357168e-01,4.132421145899427550e-01,-9.465659723823364696e-07,-3.533742410039133178e-07,1.642518254119703000e-06,1.000000282082287528e+00
1.784193740910011011e-02,-4.131570320701171140e-01,-4.131568412072624263e-01,1.000003761615743114e+00,-4.131549549085826167e-01,2.000004298989388474e+00,-4.131548577630098085e-01,4.132389984716932085e-01,-1.288706728122944390e-06,-2.845850138646413306e-07,1.880889223048726249e-06,1.000002149494694237e+00
1.785289813161818062e-02,-4.131570319945674918e-01,-4.131521056560585881e-01,1.000008880387123877e+00,-4.131604426364358651e-01,2.000010149013780048e+00,-4.131620195221897829e-01,4.132346374882254203e-01,-1.031673379790997378e-05,-5.662444163209967179e-06,1.112557374411771417e-05,1.000005074506890024e+00
1.786335264685206051e-02,-4.131570319332694696e-01,-4.131529092328329877e-01,1.000010163704467825e+00,-4.131753513158342161e-01,2.000011615662162345e+00,-4.131753423761544974e-01,4.132361146478569780e-01,-1.614142223912655354e-05,-1.515466101934986874e-05,1.552718264375890425e-05,1.000005807831081173e+00
1.787504359649485369e-02,-4.131570318724332447e-01,-4.131594611603943146e-01,1.000003886209570148e+00,-4.131674260104010732e-01,2.000004441382332576e+00,-4.131671022850925690e-01,4.132425886050883346e-01,-4.506344429636555924e-06,-4.390281805684052041e-06,3.983060672804062637e-06,1.000002220691166288e+00
1.789029700013008636e-02,-4.131570318002411590e-01,-4.131572558981463361e-01,1.000002538785575101e+00,-4.131697771737549152e-01,2.000002901469207561e+00,-4.131700301214501492e-01,4.132394602684580920e-01,-1.302015120499889399e-06,-2.258381174223854239e-06,2.995759311220150290e-06,1.000001450734603559e+00
1.790046558024699710e-02,-4.131570317547438864e-01,-4.131563472958970640e-01,1.000005211081034906e+00,-4.131601699234921377e-01,2.000005955521138468e+00,-4.131592469806098511e-01,4.132389492677899789e-01,-3.574947457540443820e-06,-1.183258305629338210e-05,1.191474782823992028e-05,1.000002977760569234e+00
1.791017536598078427e-02,-4.131570317124674263e-01,-4.131564146126869286e-01,1.000005367073268925e+00,-4.131504732578062389e-01,2.000006133797975760e+00,-4.131493856131446263e-01,4.132390656886414937e-01,-2.577782015303004962e-07,-1.775713037305346870e-06,7.709990651413762625e-07,1.000003066898987880e+00
1.792011398848214823e-02,-4.131570316699629819e-01,-4.131570249978091525e-01,1.000004912527953982e+00,-4.131619916983745311e-01,2.000005614317620140e+00,-4.131636638712247733e-01,4.132397864468718152e-01,-9.857025958791471143e-06,-2.058075438064360831e-07,1.077458092547567960e-05,1.000002807158809848e+00
1.793002400129447768e-02,-4.131570316280823718e-01,-4.131630636379254318e-01,1.000000561237675445e+00,-4.131651000604332213e-01,2.000000641414481528e+00,-4.131649242604504835e-01,4.132463224192961526e-01,-1.199731747140031270e-06,-4.117010417594460979e-06,4.280910244286811558e-06,1.000000320707240764e+00
1.793717178878948687e-02,-4.131570315980857000e-01,-4.131581756746398049e-01,1.000000626420944227e+00,-4.131629167410127423e-01,2.000000715909644899e+00,-4.131628912498103157e-01,4.132399117527082444e-01,-2.061875476714398690e-06,-1.742901178953102762e-06,2.849744540205583159e-06,1.000000357954822450e+00
1.795000000000000415e-02,-4.131570315445424191e-01,-4.131573070973092454e-01,1.000005340430272227e+00,-4.131715809360799185e-01,2.000006103348836994e+00,-4.131718940762540426e-01,4.132402232650554397e-01,-5.448311421490756305e-06,-1.669062722332307667e-06,4.823101154245029890e-06,1.000003051674418497e+00
1.796001941066800722e-02,-4.131570315028884055e-01,-4.131610971124738407e-01,1.000001707025320208e+00,-4.131708961128857105e-01,2.000001950886066027e+00,-4.131709767625108554e-01,4.132440967170857848e-01,-6.939727784862828219e-06,-3.836460174286826723e-06,7.241547705108874839e-06,1.000000975443032791e+00
1.797000100000000281e-02,-4.131570314614807504e-01,-4.131550138640472936e-01,1.000004343500708215e+00,-4.131641908685635967e-01,2.000004964000772212e+00,-4.131636575882882134e-01,4.132369286950088316e-01,-7.509227888772259821e-06,-2.728242053797927866e-06,7.953998111064958980e-06,1.000002482000386106e+00
1.797147971446971110e-02,-4.131623239388297342e-01,-4.131594080763682508e-01,1.000004856357589844e+00,-4.131659752171590871e-01,2.000005550122918141e+00,-4.131678474894390218e-01,4.132440831123541658e-01,-8.101043518385283652e-06,-3.299432755098533265e-06,8.463796402832217961e-06,1.000002775061459070e+00
1.798030259543128076e-02,-4.131623171605319222e-01,-4.131712036948584910e-01,9.999939581848706904e-01,-4.131686315850820468e-01,1.999993095068475224e+00,-4.131682524679802238e-01,4.132545662238630846e-01,-1.066714660596999956e-06,5.000808591958544810e-06,6.338649651276755710e-06,9.999965475342375010e-01
1.798952556029879274e-02,-4.131623100748653687e-01,-4.131656104255632123e-01,9.999929569901839788e-01,-4.131525526275101057e-01,1.999991950845984690e+00,-4.131512538808808088e-01,4.132474749568213479e-01,1.737746343247332156e-05,1.006855290542973390e-05,1.850616151552587045e-05,9.999959754229923448e-01
1.799690223204583606e-02,-4.131623044076352946e-01,-4.131650805891463607e-01,9.999962798649850715e-01,-4.131538478227142486e-01,1.999995748417157548e+00,-4.131548000876174576e-01,4.132478148353672665e-01,8.548957160064506896e-06,6.190363729963150245e-06,7.046773702308426425e-06,9.999978742085787742e-01
1.800307424687995136e-02,-4.131622996658997349e-01,-4.131647570129447500e-01,9.999959820911717978e-01,-4.131592263144219790e-01,1.999995408104230599e+00,-4.131596694884868137e-01,4.132470634309554636e-01,5.179746598067402208e-06,5.352628623933899956e-06,6.003119242775215870e-06,9.999977040521152993e-01
1.801253089377618383e-02,-4.131622924007026798e-01,-4.131620399006407651e-01,9.999986434647329947e-01,-4.131607478375682874e-01,1.999998449673992207e+00,-4.131605923936687574e-01,4.132446370795372914e-01,8.544398599412109891e-06,1.645329022422939409e-06,7.628664485172751665e-06,9.999992248369961034e-01
1.802384792312618222e-02,-4.131622837062429165e-01,-4.131619874575836460e-01,9.999994330510638685e-01,-4.131570534221854496e-01,1.999999352058363655e+00,-4.131560116712904573e-01,4.132446349793146845e-01,4.150955393676118657e-06,4.700095106181401358e-06,4.878414586992959710e-06,9.999996760291818276e-01
1.804015592951160527e-02,-4.131622711774004530e-01,-4.131615436692323562e-01,9.999996770061000406e-01,-4.131524692632282392e-01,1.999999630864117028e+00,-4.131528193242335334e-01,4.132442631831915736e-01,9.918641498312673501e-06,2.085687667823812854e-06,9.866275383362918091e-06,9.999998154320585142e-01
1.805086271264983236e-02,-4.131622629517697765e-01,-4.131706006841449619e-01,9.999931644044739443e-01,-4.131556410661881840e-01,1.999992187890885509e+00,-4.131559019623467499e-01,4.132532873004126639e-01,1.051902756976634877e-05,8.320139728513366640e-06,1.082831979472794579e-05,9.999960939454427544e-01
1.806172716843484211e-02,-4.131622546050082168e-01,-4.131644836304741997e-01,9.999945303263215735e-01,-4.131629470813985017e-01,1.999993748944414174e+00,-4.131627366369495791e-01,4.132464207202555806e-01,1.720014679527155018e-06,5.215250336314521239e-06,4.892798881532214143e-06,9.999968744722070868e-01
1.807408841639687042e-02,-4.131622451083122316e-01,-4.131603694658305681e-01,1.000002323907193125e+00,-4.131552779178990220e-01,2.000002655893914572e+00,-4.131568618295742845e-01,4.132437712322235002e-01,1.484745282763663613e-06,1.855841230974431297e-06,1.895406720560428249e-06,1.000001327946957508e+00
1.808583333958641709e-02,-4.131622360851184284e-01,-4.131657247048016179e-01,9.999956998415685527e-01,-4.131550833243703424e-01,1.999995085533257777e+00,-4.131534749922883831e-01,4.132483374452399216e-01,1.148741999516598724e-05,7.809695006371549991e-06,1.238596633621789196e-05,9.999975427666288885e-01
1.809487838546726748e-02,-4.131622291361410348e-01,-4.131619859664467098e-01,9.999967973158049306e-01,-4.131491746640066909e-01,1.999996339789518851e+00,-4.131496171079131474e-01,4.132436925240305370e-01,9.149730114132157056e-06,8.814875289069962083e-06,9.046174911456271277e-06,9.999981698947593145e-01
1.810315667810353732e-02,-4.131622227762313249e-01,-4.131574364643715858e-01,1.000003742444873778e+00,-4.131566024477618115e-01,2.000004277079824089e+00,-4.131580004912954185e-01,4.132405131502699391e-01,-3.399837171257578369e-06,6.204665782884438595e-06,5.393283264875477960e-06,1.000002138539912044e+00
1.811291727955283495e-02,-4.131622152775184520e-01,-4.131623880966637241e-01,1.000000807538187653e+00,-4.131643505012978501e-01,2.000000922900778910e+00,-4.131643948763551455e-01,4.132455614457940518e-01,-5.533065614428282310e-06,3.687877625536621127e-06,5.674445448452586589e-06,1.000000461450389455e+00
1.812293221873302260e-02,-4.131622075834074925e-01,-4.131647191172283518e-01,9.999956415161742607e-01,-4.131654354333949564e-01,1.999995018875664776e+00,-4.131642737757628137e-01,4.132464148154690320e-01,-5.749734320056505743e-06,-9.691557498906058729e-07,4.641939658348665070e-06,9.999975094378323881e-01
1.813112766167881279e-02,-4.131622012871477567e-01,-4.131572064855519866e-01,1.000001719471264483e+00,-4.131556341658993436e-01,2.000001965110001834e+00,-4.131559654130264048e-01,4.132399651807090457e-01,-1.546664695073627801e-06,-4.227863061468675553e-06,4.713283116059241058e-06,1.000000982555000917e+00
1.814046325597552106e-02,-4.131621941149536958e-01,-4.131629022446113852e-01,1.000000688496445633e+00,-4.131686802517975932e-01,2.000000786853075141e+00,-4.131691903635801855e-01,4.132459386966316761e-01,-3.097253006432319656e-06,8.103103789955318545e-07,2.239904470914582397e-06,1.000000393426537570e+00
1.815243055126904842e-02,-4.131621849209186625e-01,-4.131629055023259278e-01,9.999984502777637951e-01,-4.131637552557556603e-01,1.999998228888886009e+00,-4.131626100601792917e-01,4.132456210208191871e-01,2.091367102564811193e-06,1.158609024579308838e-06,2.652178000099774572e-06,9.999991144444430047e-01
1.816876025712173617e-02,-4.131621723754044795e-01,-4.131624744989848552e-01,9.999983473217030072e-01,-4.131535584627037405e-01,1.999998111224817521e+00,-4.131541629838524909e-01,4.132449467683466104e-01,6.304009766452023551e-06,-1.469404303425339190e-06,5.833360589479586664e-06,9.999990556124087604e-01
1.818029141332934071e-02,-4.131621635164416384e-01,-4.131635133482147171e-01,9.999983036684169102e-01,-4.131601586597889453e-01,1.999998061335348076e+00,-4.131606561008429601e-01,4.132462972732453554e-01,-8.729997270689773979e-07,-1.098482644739500509e-06,8.660735064063134311e-07,9.999990306676740381e-01
1.819010018515609950e-02,-4.131621559807210908e-01,-4.131650162352787925e-01,9.999967228683337428e-01,-4.131513068542818634e-01,1.999996254706694954e+00,-4.131499429780735033e-01,4.132477710818363015e-01,1.541630350095485314e-05,7.526608065521738412e-06,1.712804537547625371e-05,9.999981273533474768e-01
1.820004490762120244e-02,-4.131621483405543138e-01,-4.131635295973371536e-01,9.999971493334393058e-01,-4.131545843305989840e-01,1.999996742095383251e+00,-4.131556222813253521e-01,4.132459473311069775e-01,7.878744347595126711e-06,7.231671694517052377e-06,6.975700071880089170e-06,9.999983710476917365e-01
1.821044630158918584e-02,-4.131621403495434608e-01,-4.131542774773740434e-01,1.000004394845421807e+00,-4.131534885929902812e-01,2.000005022680444444e+00,-4.131537807817534103e-01,4.132367609020928256e-01,1.529269917288048534e-06,1.929567259947464846e-06,1.075984471440099946e-06,1.000002511340222222e+00
1.822054546060705368e-02,-4.131621325907327003e-01,-4.131659807846687626e-01,9.999994822833860875e-01,-4.131700730598717453e-01,1.999999408323874128e+00,-4.131699962619783673e-01,4.132490145079827371e-01,1.459336781459537674e-06,5.341826158119341499e-06,6.284576118159116745e-06,9.999997041619370641e-01
1.823076857787127303e-02,-4.131621247366896177e-01,-4.131584964529725901e-01,1.000000342034361722e+00,-4.131547629186216319e-01,2.000000390896410796e+00,-4.131549537839185882e-01,4.132408563574861415e-01,-1.970700239449044516e-06,-1.668116174058609362e-06,3.431853166059830449e-06,1.000000195448205398e+00
1.824271730562983598e-02,-4.131621155569185633e-01,-4.131615186080120350e-01,1.000001236500812851e+00,-4.131636183626457570e-01,2.000001413143775775e+00,-4.131642213740979730e-01,4.132446622217247345e-01,-6.838543419893433304e-06,-5.439143315941387170e-06,6.613876503455783666e-06,1.000000706571887887e+00
1.825316258007562975e-02,-4.131621075321942338e-01,-4.131644873542446583e-01,9.999963883174619594e-01,-4.131687336992006521e-01,1.999995872362844374e+00,-4.131684606989245445e-01,4.132465455531713627e-01,-4.606964245302455032e-06,-4.345434865275321800e-06,4.510246396832214728e-06,9.999979361814222978e-01
1.826258299072546637e-02,-4.131621002948373533e-01,-4.131609218467593436e-01,1.000000437080965199e+00,-4.131651929151115010e-01,2.000000499521099151e+00,-4.131637450844493076e-01,4.132441892661356531e-01,-5.561928460263060019e-06,-1.487029760715190017e-06,4.610880785806265511e-06,1.000000249760549575e+00
1.827283407440576449e-02,-4.131620924193039057e-01,-4.131652603436264948e-01,9.999957010461606455e-01,-4.131462053440972948e-01,1.999995086909934328e+00,-4.131461639293325661e-01,4.132470786778916771e-01,9.861265113936110220e-06,8.614465638608743452e-06,9.969680946100798342e-06,9.999975434549672748e-01
1.828217744031019470e-02,-4.131620852411373446e-01,-4.131589318270307842e-01,1.000001459551739469e+00,-4.131557363527830207e-01,2.000001668059117943e+00,-4.131565261058454119e-01,4.132420879874814101e-01,9.289450389308444387e-07,8.411229025311974916e-07,8.853648896459324313e-07,1.000000834029559194e+00
1.829090624632258646e-02,-4.131620785351165503e-01,-4.131644981378198023e-01,9.999987496197993986e-01,-4.131606803479527801e-01,1.999998570994067304e+00,-4.131615021702289559e-01,4.132470217405195823e-01,-2.923204397536944759e-06,-6.609628728156930878e-06,5.868801301753704307e-06,9.999992854970336520e-01
1.830001741194051817e-02,-4.131620715353404028e-01,-4.131590150303182662e-01,1.000000293388009664e+00,-4.131647673255803288e-01,2.000000335300579746e+00,-4.131654648641858718e-01,4.132410164204796121e-01,-2.889842320110571304e-06,3.861395106498215597e-07,3.313858889732906265e-06,1.000000167650289873e+00
1.830657759764335937e-02,-4.131620664953865041e-01,-4.131650347668416878e-01,9.999998318951129894e-01,-4.131632098978947343e-01,1.999999807880130653e+00,-4.131627945548482228e-01,4.132488607904869493e-01,-2.599029862563719619e-06,-2.999034697964626929e-06,2.913403858960621489e-06,9.999999039400653267e-01
1.831326802277103566e-02,-4.131620613553768639e-01,-4.131677624083747724e-01,9.999929062277779224e-01,-4.131595370008629975e-01,1.999991892831806783e+00,-4.131591975968643693e-01,4.132493935166338117e-01,1.415525766172599391e-06,1.231599715048314457e-06,2.038145911798088644e-06,9.999959464159033917e-01
1.832242204574522845e-02,-4.131620543226766085e-01,-4.131599098140586457e-01,9.999997093433719009e-01,-4.131648793927029661e-01,1.999999667820999028e+00,-4.131666093732536682e-01,4.132426777763027470e-01,-7.481824889880341734e-06,-2.337683706881746954e-06,8.333594849089173492e-06,9.999998339104995138e-01
1.833448808261205557e-02,-4.131620450527848654e-01,-4.131606588579203043e-01,1.000000049994228313e+00,-4.131673910641156522e-01,2.000000057136260168e+00,-4.131645058178691210e-01,4.132429224685019165e-01,-5.552218355410975891e-06,-2.038895524225564810e-06,4.651578400114570589e-06,1.000000028568130306e+00
1.835000811132812132e-02,-4.131620331293165971e-01,-4.131599803090105216e-01,1.000002206432538676e+00,-4.131582145318755117e-01,2.000002521637167963e+00,-4.131588918033201607e-01,4.132428103999035707e-01,6.496994317359973162e-06,4.997011256122324197e-06,7.669760123022717536e-06,1.000001260818583981e+00
1.835591995478437141e-02,-4.131620285874590959e-01,-4.131628362573497859e-01,1.000000254157771273e+00,-4.131590626115259068e-01,2.000000290466022346e+00,-4.131594950655797516e-01,4.132460088392355124e-01,6.134344688745258738e-06,3.793446350571361593e-06,5.665851970099740123e-06,1.000000145233011173e+00
1.836731881529142518e-02,-4.131620198301317881e-01,-4.131674388354357186e-01,9.999946821186623813e-01,-4.131667338826579550e-01,1.999993922421373416e+00,-4.131675426334713297e-01,4.132503661785242866e-01,6.160599552951732153e-06,7.585825649537212481e-06,8.270691011856669609e-06,9.999969612106868189e-01
1.838002384149548321e-02,-4.131620100693263464e-01,-4.131686255704642430e-01,9.999924010722222034e-01,-4.131580234412306485e-01,1.999991315511175705e+00,-4.131567633500008996e-01,4.132512469986820980e-01,1.319561040583381402e-05,7.341687450968419068e-06,1.357925360968724644e-05,9.999956577555878523e-01
1.839023055465581827e-02,-4.131620022278820192e-01,-4.131593639700882337e-01,9.999987346831531454e-01,-4.131574845490177950e-01,1.999998553923614253e+00,-4.131579287272417744e-01,4.132412540407456869e-01,2.871007276977726157e-06,8.732054122399425189e-07,1.532992724289228981e-06,9.999992769618071264e-01
1.840015503970776276e-02,-4.131619946032639712e-01,-4.131611610354269937e-01,1.000001244779818110e+00,-4.131563394008238577e-01,2.000001422605495627e+00,-4.131550906690645841e-01,4.132440893812643345e-01,1.040569612860711139e-05,4.832121485570516269e-06,1.183538054165028058e-05,1.000000711302747813e+00
1.841002565252158538e-02,-4.131619870200320954e-01,-4.131647079313215953e-01,9.999977928258156901e-01,-4.131555746815308572e-01,1.999997477515236710e+00,-4.131558370934870772e-01,4.132476826594065344e-01,5.237722053718622020e-06,6.781735144558139037e-06,6.919781627768393310e-06,9.999987387576183551e-01
1.842003649589835437e-02,-4.131619793290679521e-01,-4.131595586899973749e-01,9.999998885739298515e-01,-4.131610452097252972e-01,1.999999872655920941e+00,-4.131620819994669125e-01,4.132415730639666385e-01,-8.012579251095728238e-07,-2.614187049002601477e-06,4.050852184811893595e-06,9.999999363279604703e-01
1.843121546448663051e-02,-4.131619707406745112e-01,-4.131515164269424778e-01,1.000008727101751704e+00,-4.131582186247897970e-01,2.000009973830498833e+00,-4.131592676730392322e-01,4.132348398913717191e-01,-1.138173020042106016e-05,-1.220785085745892708e-05,1.327090149334894251e-05,1.000004986915249416e+00
1.844097866652079018e-02,-4.131619632399636255e-01,-4.131634571573014614e-01,1.000002002234498422e+00,-4.131767497019756541e-01,2.000002288267981321e+00,-4.131784723267549198e-01,4.132465955611809294e-01,-1.286921060857767637e-05,-1.119466262715752166e-05,1.186265282203568985e-05,1.000001144133990660e+00
1.845069061417364473e-02,-4.131619557786304076e-01,-4.131640437422578471e-01,9.999972974011747118e-01,-4.131789412054695521e-01,1.999996911315651271e+00,-4.131789530301184232e-01,4.132467604522703786e-01,-3.915814727823886512e-06,-2.925135673049507250e-06,3.869620153993611916e-06,9.999984556578255246e-01
1.846131193140799001e-02,-4.131619476186614848e-01,-4.131653607962366137e-01,9.999960595479466807e-01,-4.131683742604557175e-01,1.999995496626258307e+00,-4.131671964147815568e-01,4.132477441266511065e-01,-3.920147586787019385e-06,4.029159441773173414e-06,4.436412838575444304e-06,9.999977483131291534e-01
1.847095924987088994e-02,-4.131619402069813263e-01,-4.131618627291168133e-01,9.999983732373227685e-01,-4.131525679909022197e-01,1.999998140842668359e+00,-4.131515005350165359e-01,4.132444954271106141e-01,8.197280252557044653e-06,3.869671411760202049e-06,7.924169706285644381e-06,9.999990704213342907e-01
1.848044035226257750e-02,-4.131619329229949678e-01,-4.131639558181499083e-01,9.999981470236075642e-01,-4.131644229254101131e-01,1.999997882312710029e+00,-4.131654856797255526e-01,4.132467327678868707e-01,1.312478992279609130e-06,5.420103686897442444e-06,5.481544060094789027e-06,9.999989411563550146e-01
1.849104286519966112e-02,-4.131619247774705461e-01,-4.131634617476602211e-01,9.999974875355723825e-01,-4.131695892596247699e-01,1.999997128612104325e+00,-4.131700592553964602e-01,4.132457329163663484e-01,-3.925047698656889005e-06,-1.883327419276703719e-06,4.960143778128355499e-06,9.999985643060521623e-01
1.850258531355240127e-02,-4.131619159098304794e-01,-4.131583114312311622e-01,1.000002214420200097e+00,-4.131706877915857778e-01,2.000002530765923936e+00,-4.131708289984550864e-01,4.132408715519636511e-01,-1.521987760997971658e-05,-8.994129668897805416e-06,1.493957760108929298e-05,1.000001265382961968e+00
1.851399320952983041e-02,-4.131619071455614467e-01,-4.131582138648369207e-01,1.000003559320887359e+00,-4.131668973609872730e-01,2.000004067795269513e+00,-4.131675549012043258e-01,4.132409186010971847e-01,-9.953917211827311868e-06,-9.631735652449457477e-06,1.032379125416155119e-05,1.000002033897634757e+00
1.852836384387166954e-02,-4.131618961051316541e-01,-4.131685723196101279e-01,9.999969588670208909e-01,-4.131652699462973199e-01,1.999996524419478394e+00,-4.131635154195669735e-01,4.132525412109676610e-01,-1.985159061215526373e-06,-1.546249269532517558e-06,2.687051333020257992e-07,9.999982622097391971e-01
1.854006036513269201e-02,-4.131618871191263809e-01,-4.131697505143916427e-01,9.999902985856294890e-01,-4.131519058142184564e-01,1.999988912669373509e+00,-4.131512002017821428e-01,4.132520716606712941e-01,1.246875152978478935e-05,7.071523393021529481e-06,1.256724986051436897e-05,9.999944563346867543e-01
1.855038006800448225e-02,-4.131618791908761024e-01,-4.131584455556311375e-01,9.999991424401648565e-01,-4.131530995803245343e-01,1.999999019931624211e+00,-4.131528487972213060e-01,4.132403901183973605e-01,9.933969318116566102e-06,6.273807657635339196e-06,9.222904563431410784e-06,9.999995099658121056e-01
1.856007449116729366e-02,-4.131618717430050047e-01,-4.131612370930408118e-01,1.000001555128301023e+00,-4.131578490319208763e-01,2.000001777289473814e+00,-4.131580612898322902e-01,4.132442193932895358e-01,2.209679865592978872e-06,1.976173168071961693e-06,2.140520745056592238e-06,1.000000888644736907e+00
1.857087686348640049e-02,-4.131618634439369053e-01,-4.131591807158976892e-01,1.000001890360076695e+00,-4.131791157793862634e-01,2.000002160411499919e+00,-4.131807774615094409e-01,4.132425539475022003e-01,-1.060149587090702967e-05,-5.666726522436417378e-06,1.110935598121490516e-05,1.000001080205750181e+00
1.858043432692886576e-02,-4.131618561012884716e-01,-4.131723862722357921e-01,9.999932653383318826e-01,-4.131659579642193436e-01,1.999992303243865122e+00,-4.131638851722518324e-01,4.132555749564049696e-01,4.890278581211696106e-06,3.536244780236034983e-06,7.089289534852454361e-06,9.999961516219325608e-01
1.859016698928774372e-02,-4.131618486240423715e-01,-4.131629166342623560e-01,9.999944928099361308e-01,-4.131542339722390489e-01,1.999993706068545540e+00,-4.131539577848086231e-01,4.132445890148614409e-01,7.101969151353043700e-06,5.658058079734809720e-06,6.003198465245190851e-06,9.999968530342726591e-01
1.860085007145017427e-02,-4.131618404166221836e-01,-4.131625591487235738e-01,9.999988732400147962e-01,-4.131634188080374193e-01,1.999998712274312140e+00,-4.131636934339994460e-01,4.132448872250087391e-01,4.043818035938254612e-06,1.425148284081870971e-06,3.578389155961001291e-06,9.999993561371561812e-01
1.861097482126792060e-02,-4.131618326381467643e-01,-4.131573437342820343e-01,1.000002784700253056e+00,-4.131721819179386967e-01,2.000003182514551447e+00,-4.131732117833624707e-01,4.132402537495999950e-01,-1.128426413541715243e-05,-5.913935217853680875e-06,1.172004289983059574e-05,1.000001591257275724e+00
1.862031231719824334e-02,-4.131618254644913169e-01,-4.131642358449592045e-01,9.999996896170444405e-01,-4.131633667641873564e-01,1.999999645276624882e+00,-4.131615183548388859e-01,4.132470530388259733e-01,1.032467371530352288e-06,-2.879034655595714795e-06,2.648263321764777950e-06,9.999998226383124411e-01
1.862932980254804194e-02,-4.131618185366865981e-01,-4.131523205310139168e-01,1.000004521186724338e+00,-4.131495903758211075e-01,2.000005167070503909e+00,-4.131484211255699313e-01,4.132334420654362184e-01,4.289672425391549039e-07,8.254892960027483070e-07,8.475653110213343209e-07,1.000002583535251732e+00
1.863365758981886181e-02,-4.131618152118020637e-01,-4.131556138266946343e-01,1.000009032975764711e+00,-4.131551441577263617e-01,2.000010323400796874e+00,-4.131581754399701323e-01,4.132403027967639919e-01,-5.983016620246261148e-06,-5.792656957691729526e-06,7.569146720376641828e-06,1.000005161700398437e+00
1.864089735350368468e-02,-4.131618096497579051e-01,-4.131700068176481500e-01,9.999972248027224619e-01,-4.131721860825531278e-01,1.999996828345992350e+00,-4.131727745799690377e-01,4.132526704218742464e-01,-6.066753624206407102e-06,-3.753755653843338108e-06,4.370405440779335479e-06,9.999984141729960641e-01
1.864784604469362991e-02,-4.131618043113299832e-01,-4.131615292296402786e-01,9.999953538145704979e-01,-4.131514134614931999e-01,1.999994690073834347e+00,-4.131480999869108772e-01,4.132427330638904772e-01,8.637947906931210077e-06,7.016075701703432374e-06,9.565083782808143917e-06,9.999973450369171735e-01
1.865278804939196275e-02,-4.131618005145669126e-01,-4.131570218465846489e-01,1.000002009073991394e+00,-4.131459993000275999e-01,2.000002296084544273e+00,-4.131473711491202017e-01,4.132395211919334121e-01,6.174087758910794787e-06,1.873736563697057632e-06,3.663752913826517968e-06,1.000001148042272137e+00
1.866114552463632101e-02,-4.131617940938234201e-01,-4.131564462689434336e-01,1.000005015557689170e+00,-4.131686551433286225e-01,2.000005732065887720e+00,-4.131709052952146077e-01,4.132388881518166968e-01,-1.291457001925871834e-05,-1.114317677367151482e-05,1.372312515299406657e-05,1.000002866032944082e+00
1.867042555076444191e-02,-4.131617869643196550e-01,-4.131541718262429774e-01,1.000006857987327136e+00,-4.131672748594261702e-01,2.000007837699744329e+00,-4.131667039423846943e-01,4.132366865968564174e-01,-7.834323279713692974e-06,-5.735500823287804532e-06,7.023035122069947624e-06,1.000003918849872164e+00
1.868051360345934081e-02,-4.131617792140367396e-01,-4.131554121745332209e-01,1.000006921538602711e+00,-4.131623527778766625e-01,2.000007910329772542e+00,-4.131617909883689710e-01,4.132382660498510329e-01,-4.807735502028568699e-06,-9.907198936221528913e-06,1.015824441332237022e-05,1.000003955164886271e+00
1.869216013560504389e-02,-4.131617702664300840e-01,-4.131588523158100101e-01,1.000003571743146358e+00,-4.131593841648160681e-01,2.000004081992136751e+00,-4.131592069543733592e-01,4.132415720578186402e-01,-5.565251039500360843e-06,-8.802817244905276734e-06,7.771538526830836234e-06,1.000002040996068375e+00
1.870421619508675151e-02,-4.131617610042019328e-01,-4.131584273470000346e-01,1.000002509092610126e+00,-4.131538044578062507e-01,2.000002867534389939e+00,-4.131531884886004979e-01,4.132407702268380834e-01,1.574321563942766818e-06,4.744940301081621005e-07,1.687960641991472213e-06,1.000001433767195191e+00
1.871846129340912213e-02,-4.131617500602168258e-01,-4.131592013093967619e-01,1.000003604950326475e+00,-4.131647956083150386e-01,2.000004119943199488e+00,-4.131666356479673508e-01,4.132422032151514268e-01,-3.475658423284406220e-06,-2.504579499359037342e-06,3.843741495895030496e-06,1.000002059971599744e+00
1.873011629323132268e-02,-4.131617411061095368e-01,-4.131610674769071734e-01,1.000000747913450283e+00,-4.131675747043903058e-01,2.000000854758222424e+00,-4.131677467684989336e-01,4.132438339156184748e-01,-7.203035925060078445e-06,1.739073690410321036e-06,7.350987694442130071e-06,1.000000427379111212e+00
1.874000551251770591e-02,-4.131617335085830400e-01,-4.131647573558231423e-01,9.999978512707553557e-01,-4.131524349533938767e-01,1.999997544309453312e+00,-4.131499503160832032e-01,4.132477857958748446e-01,1.204400101477159183e-05,1.028180449669677923e-05,1.439217741492258876e-05,9.999987721547265451e-01
1.874757079763544540e-02,-4.131617276964487662e-01,-4.131624059245134206e-01,9.999976242458196163e-01,-4.131612611668074031e-01,1.999997284852385704e+00,-4.131638674789249177e-01,4.132446204864734240e-01,4.481432208328137107e-06,7.646260738281430557e-06,6.737798037054279216e-06,9.999986424261927409e-01
1.875286495301652437e-02,-4.131617236291403872e-01,-4.131613714551629624e-01,9.999996590211844838e-01,-4.131717759228507036e-01,1.999999610309928011e+00,-4.131723856042541776e-01,4.132441645171748279e-01,-4.638514989981724515e-06,1.942960690564437971e-06,5.703659675305410924e-06,9.999998051549640055e-01
1.876179099020630972e-02,-4.131617167715930794e-01,-4.131632430025750646e-01,9.999989067505076212e-01,-4.131733948375634347e-01,1.999998750572018036e+00,-4.131729027332229354e-01,4.132462110201554628e-01,-9.098222944399549455e-06,-2.829355587321334976e-06,7.377318625818264938e-06,9.999993752860090179e-01
1.877005797226567047e-02,-4.131616959675774026e-01,-4.131662153977685437e-01,9.999961742148498756e-01,-4.131536713436305686e-01,1.999995627674146625e+00,-4.131506527320165101e-01,4.132491006272979717e-01,1.641501706928277977e-05,1.640918183805815890e-05,1.977379606069844473e-05,9.999978138370733127e-01
1.877790016867710368e-02,-4.131598606642119531e-01,-4.131555159917276177e-01,1.000000979800326206e+00,-4.131373901647659164e-01,2.000001119771793068e+00,-4.131369522512881032e-01,4.132365802853577574e-01,1.508378626083594532e-05,8.350856404370230260e-06,1.312008011333937998e-05,1.000000559885896534e+00
1.878426909856139790e-02,-4.131587680841425358e-01,-4.131550811576374382e-01,1.000008624889205278e+00,-4.131510289909679501e-01,2.000009857016161074e+00,-4.131560181660268172e-01,4.132390123073453325e-01,-3.987655048685953907e-06,-7.023578243080084355e-06,8.724023309176554266e-06,1.000004928508080537e+00
1.879176190628855866e-02,-4.131578159547792950e-01,-4.131626242696852525e-01,1.000000934640643546e+00,-4.131777649102426064e-01,2.000001068160727868e+00,-4.131767485750543201e-01,4.132443082656024891e-01,-1.589959444167869939e-05,-8.893368730184260284e-06,1.387667384850553092e-05,1.000000534080363712e+00
1.880000284968146723e-02,-4.131570714123767307e-01,-4.131514602603278963e-01,1.000005770379970516e+00,-4.131476477823107230e-01,2.000006594719917263e+00,-4.131444654510500469e-01,4.132327016124510699e-01,1.209751320753432909e-06,-5.044082873296135993e-06,5.568473657934386367e-06,1.000003297359958632e+00
1.880370979774408785e-02,-4.131568142076207928e-01,-4.131542742683265712e-01,1.000009295225853689e+00,-4.131529293477386178e-01,2.000010623115182185e+00,-4.131575289933843709e-01,4.132383636146457206e-01,-5.399011850443284420e-06,-1.092078426010081956e-05,1.235976244933844669e-05,1.000005311557591092e+00
1.881127764398267052e-02,-4.131564018407161698e-01,-4.131647342237262377e-01,1.000000719157536189e+00,-4.131836730853605810e-01,2.000000821894321490e+00,-4.131841734481755957e-01,4.132474629904321906e-01,-1.639696183433087746e-05,-1.070939751951693607e-05,1.513378642904087067e-05,1.000000410947160523e+00
1.882000323480620407e-02,-4.131560676961312795e-01,-4.131613101322704762e-01,9.999986049014157885e-01,-4.131588182715270063e-01,1.999998405601630003e+00,-4.131560164912768118e-01,4.132434933829682855e-01,1.569726938272225032e-06,2.491699050194850135e-06,3.273019530813130193e-06,9.999992028008148903e-01
1.883015973295058820e-02,-4.131558091313905501e-01,-4.131580324847900498e-01,1.000002533819787320e+00,-4.131533506061808025e-01,2.000002895794021018e+00,-4.131531459893422187e-01,4.132403065156605160e-01,6.536610076718855623e-06,2.417797340290790272e-06,6.867236662475523751e-06,1.000001447897010509e+00
1.884043014133010563e-02,-4.131556413803847416e-01,-4.131516155098479137e-01,1.000008224885609920e+00,-4.131511388422765552e-01,2.000009399869198123e+00,-4.131515435958395543e-01,4.132340010651335271e-01,4.093677172566389086e-07,-8.424881799865928717e-06,9.350897363594190626e-06,1.000004699934599062e+00
1.885029256445914028e-02,-4.131555374470695097e-01,-4.131560494457535704e-01,1.000007512303483725e+00,-4.131679572738063966e-01,2.000008585489632118e+00,-4.131690782763895453e-01,4.132389841798816965e-01,-1.133122634368791313e-05,-5.432847672553271782e-06,1.156138050548840838e-05,1.000004292744816059e+00
1.886060750787679763e-02,-4.131554672783760984e-01,-4.131530255331126722e-01,1.000007792364753012e+00,-4.131683143626596055e-01,2.000008905559651051e+00,-4.131689562221444456e-01,4.132356888767917402e-01,-1.688496022309520262e-05,-1.201573228387249762e-05,1.739078454948220163e-05,1.000004452779825526e+00
1.887009969756100677e-02,-4.131554253393000531e-01,-4.131574372548518781e-01,1.000006019249891631e+00,-4.131631466870824276e-01,2.000006879142682159e+00,-4.131617516274241897e-01,4.132405713220040910e-01,-1.799830462431031428e-06,-1.635683609668159503e-06,3.603360464000638911e-07,1.000003439571341080e+00
1.887758061647924757e-02,-4.131554025371592664e-01,-4.131603433293242755e-01,1.000002471140068794e+00,-4.131689552662218823e-01,2.000002824160057813e+00,-4.131707822245819228e-01,4.132433467554739170e-01,-5.593010373284894346e-06,-7.057970702694918365e-07,6.786264629417654215e-06,1.000001412080028906e+00
1.888450087683809370e-02,-4.131553871157949698e-01,-4.131582722829642007e-01,1.000001170864863065e+00,-4.131679833439889094e-01,2.000001338131262241e+00,-4.131650777127314211e-01,4.132399684649324390e-01,-6.137862494237467201e-06,1.658064407117786295e-06,5.120502345914257580e-06,1.000000669065630898e+00
1.889480895181385595e-02,-4.131553712351906937e-01,-4.131535745434030127e-01,1.000008701672499445e+00,-4.131524306531205171e-01,2.000009944768496695e+00,-4.131532351765422884e-01,4.132365752207253218e-01,-3.750375402319852816e-06,-6.542880497785663025e-08,3.888528383397232469e-06,1.000004972384248347e+00
1.890354014677330871e-02,-4.131553623516672213e-01,-4.131560253741594635e-01,1.000006347482721214e+00,-4.131535099824320545e-01,2.000007254265912859e+00,-4.131530866610477748e-01,4.132387110442801714e-01,-1.160125072537619584e-07,-1.106800551782177704e-08,8.338489553353934819e-07,1.000003627132956652e+00
1.891393538856288650e-02,-4.131553553410188262e-01,-4.131578852499355192e-01,1.000005032402346838e+00,-4.131561547585380634e-01,2.000005751316924485e+00,-4.131570474762805145e-01,4.132410208734614288e-01,5.770531648826981017e-07,-6.829975389345234768e-06,6.534862056588428177e-06,1.000002875658462465e+00
1.892241699783954456e-02,-4.131553515452037195e-01,-4.131597572371213389e-01,1.000001270862348468e+00,-4.131593079901643151e-01,2.000001452414101433e+00,-4.131591417759246099e-01,4.132414075496927408e-01,4.873549661720724720e-06,-2.432842069339914169e-06,3.648924710936788343e-06,1.000000726207050938e+00
1.893152731408743322e-02,-4.131553487494400434e-01,-4.131510028331499274e-01,1.000008515414259724e+00,-4.131654073280716655e-01,2.000009731901938981e+00,-4.131664828851463467e-01,4.132339492553455118e-01,-1.384852977416552237e-05,-7.513306610794537836e-06,1.468407677406403862e-05,1.000004865950969268e+00
1.894076203060558392e-02,-4.131553468346549907e-01,-4.131568274023998955e-01,1.000006959696972508e+00,-4.131689491606902465e-01,2.000007953939337835e+00,-4.131686203918421563e-01,4.132392674667461074e-01,-1.189046519189505163e-05,-1.327645842619108431e-05,1.208617570385188143e-05,1.000003976969668917e+00
1.895000040492840487e-02,-4.131553455400421848e-01,-4.131485226555524637e-01,1.000010329024956901e+00,-4.131555426389765806e-01,2.000011804599862941e+00,-4.131543630719565763e-01,4.132301680845405500e-01,-3.882191231084159422e-06,-1.105844935643373738e-06,3.582769572123701938e-06,1.000005902299931471e+00
1.895382965607945308e-02,-4.131553451343928374e-01,-4.131479756355520006e-01,1.000013476652497513e+00,-4.131536743726108574e-01,2.000015401888453503e+00,-4.131542938505936569e-01,4.132307266114171873e-01,-6.017356845851172637e-06,-5.657896294771968011e-06,7.315915675508682164e-06,1.000007700944226752e+00
1.896263761261079289e-02,-4.131553444133448383e-01,-4.131508872985606984e-01,1.000013214049296106e+00,-4.131621672219824570e-01,2.000015101770511894e+00,-4.131640523719200542e-01,4.132345608027056527e-01,-1.514557836844867396e-05,-1.230852406687793168e-05,1.585810947143421619e-05,1.000007550885255947e+00
1.897232521197517174e-02,-4.131553438689491986e-01,-4.131598573421417231e-01,1.000003924674215838e+00,-4.131716312741722241e-01,2.000004485341927651e+00,-4.131704768942516814e-01,4.132425006785480082e-01,-1.206247021504721465e-05,-9.799105098302386509e-08,1.074957299432429042e-05,1.000002242670963826e+00
1.898220964135016731e-02,-4.131553434917311085e-01,-4.131577933083103171e-01,1.000002439170521118e+00,-4.131642163803487255e-01,2.000002787623432088e+00,-4.131640629129927356e-01,4.132395613901612696e-01,-6.704589676776434836e-06,-3.361555058509851530e-06,5.736879117987603600e-06,1.000001393811716044e+00
1.899138378688541851e-02,-4.131553432477426124e-01,-4.131502717867447383e-01,1.000009682342701156e+00,-4.131580600132971903e-01,2.000011065534433197e+00,-4.131572312857401119e-01,4.132333161443783043e-01,6.571827578011496568e-07,-4.465650011268643602e-06,5.383391373917728789e-06,1.000005532767216598e+00
1.900012154151181284e-02,-4.131553430787494041e-01,-4.131574300860637039e-01,1.000007240393324670e+00,-4.131606187541115305e-01,2.000008274735166403e+00,-4.131606673426216902e-01,4.132408640529630639e-01,-7.335703542777149612e-06,-5.798284439305842441e-06,7.402446971592451986e-06,1.000004137367583201e+00
1.901010425657127453e-02,-4.131553429362523344e-01,-4.131605996195568675e-01,1.000001813350533952e+00,-4.131619828953790874e-01,2.000002072400594688e+00,-4.131622815710588315e-01,4.132433544477241427e-01,-1.221695842003824611e-06,-6.460828373562300650e-06,6.727644966071298605e-06,1.000001036200297344e+00
1.901775458602977462e-02,-4.131553428519261773e-01,-4.131529651336895426e-01,1.000005113845914728e+00,-4.131678451172652866e-01,2.000005844395287724e+00,-4.131691217315845988e-01,4.132344299760921102e-01,-1.292358781648096742e-05,-5.955223826437330728e-06,1.518069028303861516e-05,1.000002922197643862e+00
1.902642772512937175e-02,-4.131553427741259665e-01,-4.131544174029883609e-01,1.000010179314623660e+00,-4.131769793794655699e-01,2.000011633502340569e+00,-4.131771618134184032e-01,4.132380091262903843e-01,-1.783608144771352651e-05,-1.030260704614774519e-05,1.662658782588106627e-05,1.000005816751170284e+00
1.903517555048050286e-02,-4.131553427089976749e-01,-4.131537143888679431e-01,1.000005260398262097e+00,-4.131659899279755410e-01,2.000006011883683321e+00,-4.131639548233686510e-01,4.132351368922319579e-01,-8.986452044648673455e-06,-4.130425151303590744e-06,9.201182038376725053e-06,1.000003005941841661e+00
1.904294790150806022e-02,-4.131553426589251177e-01,-4.131502056740380957e-01,1.000012966819392668e+00,-4.131626963843597622e-01,2.000014819222052154e+00,-4.131651636542740258e-01,4.132344410425296544e-01,-1.559550819476150961e-05,-1.165840263604624279e-05,1.623926645884622041e-05,1.000007409611026299e+00
1.905110742980723956e-02,-4.131553426118717565e-01,-4.131631012560172400e-01,1.000002999431538253e+00,-4.131775602737231545e-01,2.000003427921732246e+00,-4.131772653972813902e-01,4.132454769841278908e-01,-1.016529203345652631e-05,-1.111117977102869495e-05,9.179893948779867095e-06,1.000001713960866123e+00
1.905984906849503627e-02,-4.131553425658489043e-01,-4.131531544820224999e-01,1.000004524553755214e+00,-4.131614660666316219e-01,2.000005170918538688e+00,-4.131604346608862555e-01,4.132345336267180813e-01,-3.718487662009034860e-06,-2.676954707692426221e-06,4.211684433033321024e-06,1.000002585459269344e+00
1.906794593809337662e-02,-4.131553425260370838e-01,-4.131530813242422218e-01,1.000009388298174873e+00,-4.131572123178776090e-01,2.000010729483548744e+00,-4.131566033593771503e-01,4.132359081811711743e-01,-8.332576207407206263e-06,-6.944237743347611894e-06,8.417029060950288814e-06,1.000005364741774150e+00
1.908241876277220334e-02,-4.131553424592038781e-01,-4.131551656434120368e-01,1.000006568662539452e+00,-4.131575552906059379e-01,2.000007507042846466e+00,-4.131566185359554777e-01,4.132374769829197936e-01,-4.156082185156114917e-06,-2.360811382566823343e-06,3.104778951688681718e-06,1.000003753521423233e+00
1.909242551263240148e-02,-4.131553424150242737e-01,-4.131531286488194787e-01,1.000009036074998470e+00,-4.131481090103026332e-01,2.000010326942778249e+00,-4.131489266976953734e-01,4.132363657915820165e-01,2.011892961715785979e-06,-2.204671946100380524e-06,3.127881530538976665e-06,1.000005163471389125e+00
1.910142674591316231e-02,-4.131553423761485933e-01,-4.131591824339450603e-01,1.000004663127836979e+00,-4.131608501381887621e-01,2.000005329288916833e+00,-4.131620354172157450e-01,4.132423305094915511e-01,-4.671445418354763736e-06,-5.168359865925928063e-06,4.568716487042849034e-06,1.000002664644458417e+00
1.911239771723361944e-02,-4.131553423294846983e-01,-4.131629970187878920e-01,9.999987550114135537e-01,-4.131646522461562832e-01,1.999998577155911894e+00,-4.131645987812097021e-01,4.132453127579114316e-01,1.838092521932079823e-06,3.355194721239098649e-06,3.420328829554539305e-06,9.999992885779559471e-01
1.913000136281496968e-02,-4.131553422555864774e-01,-4.131549329083168964e-01,1.000005064223482565e+00,-4.131671985686925508e-01,2.000005787683936997e+00,-4.131672039696076548e-01,4.132370373123075979e-01,-1.064424131857841661e-05,-6.023009273834063862e-06,1.179500259333035738e-05,1.000002893841968499e+00
1.914001690600382333e-02,-4.131553422138471987e-01,-4.131592793809096831e-01,1.000004140875471625e+00,-4.131705688076380834e-01,2.000004732429075283e+00,-4.131704515429299729e-01,4.132424445555582526e-01,-9.689982820430030492e-06,-1.021201974632716401e-05,1.012759624663578247e-05,1.000002366214537641e+00
1.915000000000000382e-02,-4.131553421723691000e-01,-4.131608397053345150e-01,1.000001038314531243e+00,-4.131579273082019998e-01,2.000001186645169682e+00,-4.131564714416292028e-01,4.132435862300520291e-01,-3.532467122971005975e-06,4.149625345419212676e-06,5.563368093028180096e-06,1.000000593322584841e+00
1.915402208766090950e-02,-4.131553421556792838e-01,-4.131585465111445865e-01,1.000001279360076101e+00,-4.131568761786902355e-01,2.000001462125790663e+00,-4.131575561607858105e-01,4.132404030781150484e-01,-4.389406784629309801e-06,7.164502531655588408e-07,5.611006147946545450e-06,1.000000731062895332e+00
1.916255999385032063e-02,-4.131553421202932563e-01,-4.131539319359918694e-01,1.000007160633373804e+00,-4.131694717049991250e-01,2.000008183580937349e+00,-4.131707270218749062e-01,4.132369693161996871e-01,-1.867860859092349568e-05,-1.352426158938019725e-05,1.922232153969452811e-05,1.000004091790468674e+00
1.917002770499999509e-02,-4.131585381969263837e-01,-4.131576264596588666e-01,1.000005784301819745e+00,-4.131698490713970329e-01,2.000006610630601589e+00,-4.131691639605274968e-01,4.132439153950096533e-01,-1.412747171961409662e-05,-5.787547399869933073e-06,1.288401534295104666e-05,1.000003305315301017e+00
1.917445011497756133e-02,-4.131597715768408619e-01,-4.131598743338980584e-01,1.000002065535501083e+00,-4.131706635546855688e-01,2.000002360611983665e+00,-4.131700992836830344e-01,4.132418200374269879e-01,-9.317674731596845339e-06,-3.908836540311422406e-06,8.535527382876194035e-06,1.000001180305991832e+00
1.918213764468146634e-02,-4.131597656707925448e-01,-4.131544408175131800e-01,1.000005102549421432e+00,-4.131680787879464245e-01,2.000005831485009544e+00,-4.131668313540823312e-01,4.132365228286523084e-01,-9.531912651310388025e-06,-8.017913203243140450e-06,9.502772224255054252e-06,1.000002915742504772e+00
1.919132826751293597e-02,-4.131597586099738928e-01,-4.131504417208961555e-01,1.000010674116937670e+00,-4.131493720499622158e-01,2.000012198990694934e+00,-4.131486482603209387e-01,4.132335692963813312e-01,-3.818587413980365392e-06,-2.715227779947573149e-06,3.355617968144902841e-06,1.000006099495347467e+00
1.920153644973803669e-02,-4.131597507674010794e-01,-4.131583926784402894e-01,1.000005732306239237e+00,-4.131570556341699896e-01,2.000006551207081706e+00,-4.131574142274156980e-01,4.132413573103022597e-01,-7.701124802075470024e-07,-4.506771119328836551e-06,4.330624416342713065e-06,1.000003275603540853e+00
1.921468415169057947e-02,-4.131597406665061256e-01,-4.131580414649479449e-01,1.000002074347710268e+00,-4.131612301849854063e-01,2.000002370683079622e+00,-4.131612510882022860e-01,4.132400623770408621e-01,-1.191448536276127051e-06,-6.936130044570719470e-06,7.285203590712566295e-06,1.000001185341539811e+00
1.922792760683841862e-02,-4.131597304920482383e-01,-4.131612172219992218e-01,1.000003595340861029e+00,-4.131670112161563435e-01,2.000004108960953708e+00,-4.131668599468765191e-01,4.132448696010443956e-01,-4.571549839140968552e-06,-3.956783968995747620e-06,3.347466200830976515e-06,1.000002054480476854e+00
1.924000278634452332e-02,-4.131597212151322251e-01,-4.131657032809697983e-01,9.999960073668482385e-01,-4.131617789159305332e-01,1.999995436990717579e+00,-4.131618455803841572e-01,4.132484830861148928e-01,7.831644633086720636e-07,8.488780790990776902e-06,8.888078702230559517e-06,9.999977184953587894e-01
1.924856539978237954e-02,-4.131597146367887441e-01,-4.131576589332508487e-01,1.000000322967319999e+00,-4.131414840189817084e-01,2.000000369105505715e+00,-4.131389100636346789e-01,4.132392076320884899e-01,6.967191073989667460e-06,1.078853524086404821e-05,1.049805779281486572e-05,1.000000184552752858e+00
1.925424242260205185e-02,-4.131597102753358786e-01,-4.131561199270508689e-01,1.000005428113171613e+00,-4.131417299941074206e-01,2.000006203557863849e+00,-4.131445339119513283e-01,4.132390630938927445e-01,2.537555302449798554e-06,2.574559220372949635e-06,7.607344299246367648e-07,1.000003101778932146e+00
1.926208425867860161e-02,-4.131597042507403894e-01,-4.131578444629833702e-01,1.000004140973398181e+00,-4.131604851970431813e-01,2.000004732540991537e+00,-4.131608737550568899e-01,4.132401849556930906e-01,-5.849795975282871519e-06,-5.818930761381911467e-06,5.390557175071013422e-06,1.000002366270495546e+00
1.927375930512366733e-02,-4.131596952812308654e-01,-4.131560677765255263e-01,1.000006470634900113e+00,-4.131533786767592198e-01,2.000007395011259348e+00,-4.131533811982040505e-01,4.132392205599059731e-01,2.734856959723731737e-06,-2.198666708950432115e-06,3.473871989545491156e-06,1.000003697505629674e+00
1.928239717025731145e-02,-4.131596886450739636e-01,-4.131606403672207217e-01,1.000002641807447468e+00,-4.131514118318318496e-01,2.000003019208488997e+00,-4.131522318431118390e-01,4.132437585020437010e-01,9.459645066680981272e-06,3.160386277069393108e-06,8.202964397018161640e-06,1.000001509604244498e+00
1.929118262513494775e-02,-4.131596818955303174e-01,-4.131645584120983150e-01,9.999980430652098962e-01,-4.131694180461857879e-01,1.999997763503113424e+00,-4.131712649142831317e-01,4.132472350789335169e-01,-6.224107212956799686e-06,-3.231255989562261529e-06,6.551738842191482350e-06,9.999988817515568229e-01
1.930026844668395261e-02,-4.131596749152272041e-01,-4.131633774847939811e-01,9.999974041461415775e-01,-4.131680525269459947e-01,1.999997033309898198e+00,-4.131676146846779418e-01,4.132457186783475289e-01,6.471804041324157991e-07,4.478778524328806358e-08,1.076548352177383779e-06,9.999985166549490989e-01
1.931118861364617897e-02,-4.131596665256631051e-01,-4.131558754467913319e-01,1.000003548174226431e+00,-4.131738199996722871e-01,2.000004055056228580e+00,-4.131744968991872269e-01,4.132381324227973329e-01,-1.184687074340991428e-05,-8.672633436501726772e-06,1.304142501631136284e-05,1.000002027528114290e+00
1.932348654493410908e-02,-4.131596570776125410e-01,-4.131545670434769724e-01,1.000007758690364623e+00,-4.131718147910957151e-01,2.000008867074635877e+00,-4.131702325931114750e-01,4.132375364756917802e-01,-1.431214658062214288e-05,-1.173654024938392106e-05,1.280808408444598794e-05,1.000004433537318160e+00
1.933302790832013007e-02,-4.131596497473322138e-01,-4.131595126586741773e-01,1.000004658938986601e+00,-4.131537823168577872e-01,2.000005324501659132e+00,-4.131529520782050158e-01,4.132432196534497892e-01,1.178364216220974609e-06,-2.545788708653471049e-06,2.051193349575958540e-06,1.000002662250829566e+00
1.934260298819191412e-02,-4.131596423911493843e-01,-4.131670618448450849e-01,9.999950949179534643e-01,-4.131470810727774223e-01,1.999994394191988878e+00,-4.131473317495877873e-01,4.132491183654543043e-01,1.153791231368237671e-05,1.140370377184029479e-05,1.141131687763330921e-05,9.999971970959943279e-01
1.935080836437789650e-02,-4.131596360872613061e-01,-4.131615688847475876e-01,9.999976143095324899e-01,-4.131606530488712847e-01,1.999997273496628925e+00,-4.131633205387065244e-01,4.132439493304730926e-01,-9.650844501294617920e-07,1.224656680867178762e-07,2.762581312067115079e-06,9.999986367483144623e-01
1.935999999999999874e-02,-4.131596290256625004e-01,-4.131622777852451689e-01,9.999994833587020349e-01,-4.131695162509201880e-01,1.999999409552806862e+00,-4.131694859942524611e-01,4.132450274811694246e-01,4.041298168361361919e-06,1.300860480760126001e-05,1.491862836530411200e-05,9.999997047764034308e-01
1.936477250644451711e-02,-4.131596253591169887e-01,-4.131616898672706983e-01,9.999992993261290763e-01,-4.131610028283995706e-01,1.999999199229867797e+00,-4.131595795258498627e-01,4.132441385184417171e-01,4.954651565682874288e-06,1.087124673729170694e-05,9.753613594813779347e-06,9.999995996149338984e-01
1.937460773393264585e-02,-4.131596178030713107e-01,-4.131617836532277543e-01,1.000000397618721282e+00,-4.131578389429108045e-01,2.000000454421392515e+00,-4.131583212741048450e-01,4.132447560668017217e-01,-2.596628321848879561e-07,2.639675596216364292e-06,2.623668363536223609e-06,1.000000227210696258e+00
1.938712400251457746e-02,-4.131596081872814241e-01,-4.131637189517499698e-01,9.999974914134843740e-01,-4.131638686233284896e-01,1.999997133044003617e+00,-4.131650707743061424e-01,4.132463085138403658e-01,1.709452810495353153e-06,1.306201762122894868e-06,9.152888202511347272e-07,9.999985665220018083e-01
1.939448222164426305e-02,-4.131596025342271772e-01,-4.131611834541055184e-01,9.999984443589715610e-01,-4.131658282495787593e-01,1.999998222124552250e+00,-4.131642828868471451e-01,4.132431450502855319e-01,9.386429665050541998e-07,1.732698996286198359e-06,2.359054888978900983e-06,9.999991110622761248e-01
1.940281190309333867e-02,-4.131595961348363266e-01,-4.131562057897107954e-01,1.000003781155258231e+00,-4.131539547096624854e-01,2.000004321320262957e+00,-4.131536277129383983e-01,4.132384910359419017e-01,3.733399985926487560e-06,1.856553668590384084e-06,2.382632085762386921e-06,1.000002160660131256e+00
1.941271569882505044e-02,-4.131595885261118428e-01,-4.131550326583907640e-01,1.000007533613176625e+00,-4.131602134651326530e-01,2.000008609843566099e+00,-4.131618917542940195e-01,4.132384215241307612e-01,-8.621748410175225736e-06,-7.042670672638033339e-06,8.357869468200861845e-06,1.000004304921783049e+00
1.942245993731249454e-02,-4.131595810399705249e-01,-4.131620049034823161e-01,1.000001295205501517e+00,-4.131671544751485126e-01,2.000001480234847584e+00,-4.131671042791122961e-01,4.132448319749720822e-01,9.146831985884160429e-07,-8.990675879661374776e-07,1.000229224267161704e-06,1.000000740117423792e+00
1.943159219172006097e-02,-4.131595740239944470e-01,-4.131627901789283741e-01,9.999985324849003376e-01,-4.131728031824883351e-01,1.999998322839898313e+00,-4.131726138550636529e-01,4.132450489001433525e-01,-3.893534414193473947e-06,-4.689402730191898597e-06,4.001839601718540942e-06,9.999991614199492673e-01
1.944054274438740751e-02,-4.131595671476119835e-01,-4.131585301773517127e-01,1.000001458405734400e+00,-4.131578660247027801e-01,2.000001666749398499e+00,-4.131560343325818008e-01,4.132410590358163716e-01,4.558068077007260512e-06,1.036333129924587427e-06,4.984171072475926379e-06,1.000000833374699027e+00
1.944954054567004861e-02,-4.131595602349288354e-01,-4.131620505164040336e-01,1.000000882681570724e+00,-4.131595951986196114e-01,2.000001008778930167e+00,-4.131600932371055079e-01,4.132451358735389491e-01,-4.798981259658339434e-06,-8.692943538086397772e-06,9.481757794260241981e-06,1.000000504389465306e+00
1.945363639845112264e-02,-4.131595570882309332e-01,-4.131615323859731959e-01,9.999995048834899869e-01,-4.131587571869678732e-01,1.999999434152563982e+00,-4.131570638202801127e-01,4.132437497539203086e-01,-2.893750770658158227e-06,-3.559710297525312856e-06,1.439639591535486279e-06,9.999997170762819909e-01
1.946135981229365694e-02,-4.131595511546133359e-01,-4.131582697055029008e-01,1.000001936813731840e+00,-4.131430715847334012e-01,2.000002213501391513e+00,-4.131423046166342039e-01,4.132405828986470686e-01,9.568243972660827137e-06,8.233160341619483720e-06,9.871515314970097222e-06,1.000001106750695534e+00
1.947035580908376348e-02,-4.131595442433175780e-01,-4.131557769284321946e-01,1.000005079384958195e+00,-4.131569536413225996e-01,2.000005805011337401e+00,-4.131588314438964238e-01,4.132383508856526388e-01,-1.565523800752436545e-06,-4.102473299668031934e-06,5.158580906542534791e-06,1.000002902505668700e+00
1.948251641811016635e-02,-4.131595349007681772e-01,-4.131608765116441817e-01,1.000002230852867546e+00,-4.131634402457279309e-01,2.000002549546115560e+00,-4.131629834432284931e-01,4.132439976444051699e-01,-1.700352099219984243e-06,-2.573198378658713838e-06,2.178621170997200155e-06,1.000001274773057780e+00
1.949637508519641918e-02,-4.131595242536626467e-01,-4.131623964497240786e-01,9.999975576545839795e-01,-4.131569543223032603e-01,1.999997208748116595e+00,-4.131563966971753543e-01,4.132445381204218338e-01,3.085139814926652896e-06,5.774483377262876348e-06,6.292341984100784771e-06,9.999986043740582975e-01
1.950429192319868069e-02,-4.131595181714436960e-01,-4.131607552943892814e-01,1.000000733145700371e+00,-4.131553438938661005e-01,2.000000837880794524e+00,-4.131557313843718937e-01,4.132435681248836645e-01,1.275584657803682274e-06,3.739573875204849779e-06,2.812208784884008943e-06,1.000000418940397262e+00
1.951319005114725280e-02,-4.131595113353361270e-01,-4.131607086518988003e-01,9.999999296160410056e-01,-4.131582832025728624e-01,1.999999919561190165e+00,-4.131582226963307902e-01,4.132427882266692110e-01,-2.564638815264727294e-06,8.653200285311775552e-07,2.543754663995182475e-06,9.999999597805951934e-01
1.952214792504968627e-02,-4.131595044533297179e-01,-4.131565244038787332e-01,1.000004142941508301e+00,-4.131582359377524161e-01,2.000004734790259864e+00,-4.131592742679996988e-01,4.132392826086078164e-01,-4.831571193052901911e-06,1.125582674495804075e-06,5.788264350165457492e-06,1.000002367395129932e+00
1.953107716686288547e-02,-4.131594975933193803e-01,-4.131585694904467143e-01,1.000003969091744604e+00,-4.131727129021714462e-01,2.000004536104817543e+00,-4.131739734954248400e-01,4.132416878446048547e-01,-1.319677118087947227e-05,-6.249688277589618997e-06,1.299425526074988436e-05,1.000002268052408549e+00
1.954023494598802410e-02,-4.131594905577339327e-01,-4.131641005674414058e-01,9.999992820052363562e-01,-4.131685114558961147e-01,1.999999179434561958e+00,-4.131670322565518250e-01,4.132469871302559827e-01,3.388058382618329630e-06,8.054693603967778259e-06,9.390407594810182921e-06,9.999995897172809789e-01
1.954849758114769395e-02,-4.131594842098528786e-01,-4.131560510190593893e-01,1.000001870449550578e+00,-4.131572977553706894e-01,2.000002137656613055e+00,-4.131571642782170817e-01,4.132375393474973513e-01,-4.211362446743964672e-06,1.510444966872922297e-09,6.572214544819908172e-06,1.000001068828306527e+00
1.955501098116620845e-02,-4.131594792058451704e-01,-4.131534839219022648e-01,1.000007891574472785e+00,-4.131631114486415957e-01,2.000009018942187300e+00,-4.131641528991368273e-01,4.132361778170192679e-01,-1.316556621414712226e-05,-8.845714815061104876e-06,1.338590931144392788e-05,1.000004509471093650e+00
1.956522842233696796e-02,-4.131594713561603238e-01,-4.131535098911750525e-01,1.000008189112604695e+00,-4.131590357556699233e-01,2.000009358985764152e+00,-4.131571343585145883e-01,4.132360489583317142e-01,-7.880695478400116024e-06,-5.411926513348616472e-06,6.823695441843667126e-06,1.000004679492882076e+00
1.957439270447852361e-02,-4.131594643155754865e-01,-4.131546009645338802e-01,1.000008406625310542e+00,-4.131524377233488643e-01,2.000009607571711978e+00,-4.131538814424128847e-01,4.132377015071075355e-01,-2.941839770139211132e-06,-1.688771990440658799e-06,3.454888348333074350e-06,1.000004803785855767e+00
1.959003587746614011e-02,-4.131594522975032269e-01,-4.131629623599218371e-01,1.000000384036709766e+00,-4.131679973429677744e-01,2.000000438899093957e+00,-4.131685910228508063e-01,4.132461049605051784e-01,-1.556512713741890431e-06,8.197708854631494120e-09,1.043075166716104452e-06,1.000000219449546757e+00
1.960021178660557167e-02,-4.131594444797289101e-01,-4.131511841326432344e-01,1.000006296647897308e+00,-4.131566689381027668e-01,2.000007196168972268e+00,-4.131560596232781712e-01,4.132329401050618412e-01,-3.382331894860977301e-06,-8.902260929008148799e-06,1.053177299187539973e-05,1.000003598084485912e+00
1.961032530999860801e-02,-4.131594367098840315e-01,-4.131604306594812148e-01,1.000004828675471247e+00,-4.131626097196781644e-01,2.000005518486211553e+00,-4.131623125263593765e-01,4.132437285837045615e-01,4.252422571302169653e-07,-6.662286757740281244e-06,5.697035368192853538e-06,1.000002759243105999e+00
1.962005843858323495e-02,-4.131594292322798845e-01,-4.131566263024257779e-01,1.000003364850108767e+00,-4.131642858644045679e-01,2.000003845542952519e+00,-4.131655283401927115e-01,4.132387907439226127e-01,-2.983650558875953536e-06,-1.458383825899711840e-05,1.610094332481771577e-05,1.000001922771476259e+00
1.962737601041343247e-02,-4.131594236104544904e-01,-4.131579378673787550e-01,1.000004559219381362e+00,-4.131691590857252128e-01,2.000005210536396572e+00,-4.131693339275967491e-01,4.132408503905505848e-01,-6.393992559921617488e-06,-8.349851740681445782e-06,6.796372944178487585e-06,1.000002605268198508e+00
1.963501973421254848e-02,-4.131594177380617516e-01,-4.131605049564725518e-01,1.000002257595032029e+00,-4.131656448008289018e-01,2.000002580108589001e+00,-4.131653317351287047e-01,4.132435212567572846e-01,-2.511198393550806237e-06,-1.451971295325723539e-06,2.278740907778677961e-06,1.000001290054294500e+00
1.965024793222993824e-02,-4.131594060387999701e-01,-4.131537100942391239e-01,1.000004830630941699e+00,-4.131552344066264371e-01,2.000005520721034991e+00,-4.131549271792380740e-01,4.132356631043240247e-01,-6.859702344128793664e-06,-6.832612323403543799e-06,8.116835768750472980e-06,1.000002760360517495e+00
1.966065476861527522e-02,-4.131593980436104041e-01,-4.131570199952497302e-01,1.000006143462898622e+00,-4.131656418159911914e-01,2.000007021100403293e+00,-4.131657737175287726e-01,4.132400899585115250e-01,-5.294200161242005904e-06,-1.046093530815710073e-05,9.827536400035960192e-06,1.000003510550201646e+00
1.967353984394012295e-02,-4.131593881444806104e-01,-4.131594848580704693e-01,1.000000825595622533e+00,-4.131599235380492563e-01,2.000000943537846965e+00,-4.131593243942431881e-01,4.132412920663319778e-01,4.283608477118813836e-07,1.060605692359641463e-06,1.226940562644864209e-06,1.000000471768923482e+00
1.968369159750423675e-02,-4.131593803452603963e-01,-4.131556827540752708e-01,1.000007142921583547e+00,-4.131637439317268901e-01,2.000008163338891976e+00,-4.131653079077679536e-01,4.132392150248747620e-01,-9.300335966302933653e-06,-5.804665525771802733e-06,1.028375569490728168e-05,1.000004081669445988e+00
1.969220260021076543e-02,-4.131593738065704180e-01,-4.131622149403718636e-01,1.000001065218150575e+00,-4.131700330329241000e-01,2.000001217392162634e+00,-4.131693694114964566e-01,4.132447949461274250e-01,-9.382696472058994874e-06,-4.736007487431527504e-06,8.163754249233870069e-06,1.000000608696081317e+00
1.970128871136206730e-02,-4.131593668260437058e-01,-4.131609846972246203e-01,1.000000117835535329e+00,-4.131572248921746016e-01,2.000000134669182472e+00,-4.131569630471775278e-01,4.132437576311670524e-01,4.784644647508451475e-08,2.909839647808591633e-06,2.677139157850890562e-06,1.000000067334591014e+00
1.971338995126647314e-02,-4.131593575291054310e-01,-4.131646522592557491e-01,9.999980192604283058e-01,-4.131696640835988976e-01,1.999997736297649098e+00,-4.131698894188687299e-01,4.132477969301136533e-01,-5.804283937231296877e-06,-6.835042215107474849e-07,6.266882782104033955e-06,9.999988681488246600e-01
1.972313727662513422e-02,-4.131593500405932873e-01,-4.131657554955912581e-01,9.999937678233609128e-01,-4.131667701148992733e-01,1.999992877512465572e+00,-4.131648177405687350e-01,4.132471717883623996e-01,-3.909654589440847975e-06,6.645529279918416817e-07,1.686597669868568326e-06,9.999964387562327861e-01
1.973115649260865148e-02,-4.131593438797225293e-01,-4.131560868823655475e-01,1.000001824870028644e+00,-4.131501519634866448e-01,2.000002085565731669e+00,-4.131485157244026984e-01,4.132383558890314612e-01,7.775162067355689724e-06,9.456218568451115350e-07,6.959953276070738033e-06,1.000001042782865834e+00
1.974005723833969009e-02,-4.131593370416048461e-01,-4.131562444890482522e-01,1.000005701675537040e+00,-4.131596377976867740e-01,2.000006516200565354e+00,-4.131606959799917211e-01,4.132389752739352162e-01,-6.782200740573978093e-06,-7.415727634827338662e-06,8.014481611735263969e-06,1.000003258100282677e+00
1.975145452832667223e-02,-4.131593282854849614e-01,-4.131622613810102540e-01,1.000000370550426121e+00,-4.131727001655861597e-01,2.000000423486198109e+00,-4.131715180046243718e-01,4.132443347768266495e-01,-9.729181921411248808e-06,-3.057005133468749730e-06,8.526027575485907179e-06,1.000000211743099054e+00
1.976050785143856209e-02,-4.131593213301491541e-01,-4.131542421731905224e-01,1.000004477700494165e+00,-4.131460429832516379e-01,2.000005117371955521e+00,-4.131436276708657096e-01,4.132361787937608444e-01,-1.177193157460165034e-06,-1.352342538117221836e-06,2.264582200950586225e-06,1.000002558685977760e+00
1.977011539773491922e-02,-4.131593139490221667e-01,-4.131507038979265189e-01,1.000010233889109257e+00,-4.131568642606140429e-01,2.000011695873180617e+00,-4.131584382696910640e-01,4.132331419680446705e-01,-1.474712980288866559e-05,-1.428050207491522462e-05,1.609906451036003216e-05,1.000005847936590309e+00
1.978241953445035103e-02,-4.131593044962047490e-01,-4.131593062070070266e-01,1.000003786633284042e+00,-4.131750769422332104e-01,2.000004327580864327e+00,-4.131745519550225065e-01,4.132417272905639649e-01,-8.831591582588973799e-06,-7.044737947947549692e-06,7.787983114023872949e-06,1.000002163790431942e+00
1.979582172100802576e-02,-4.131592941998004087e-01,-4.131611063198207812e-01,1.000003026694087804e+00,-4.131604825398038083e-01,2.000003459078931289e+00,-4.131586016805854356e-01,4.132446538806150982e-01,1.921484606583211622e-07,-1.635323703758469665e-06,1.803778600937415889e-06,1.000001729539465867e+00
1.980412893082929282e-02,-4.131592878176759132e-01,-4.131608605214809327e-01,9.999976385872808571e-01,-4.131454615657634277e-01,1.999997301242626868e+00,-4.131437064811906978e-01,4.132419474323118513e-01,8.840665209413872385e-06,6.982666173614481830e-06,7.909821790133907981e-06,9.999986506213134341e-01
1.981168749530478820e-02,-4.131592820107096165e-01,-4.131508913719427745e-01,1.000007616113903763e+00,-4.131474830670331388e-01,2.000008704130110893e+00,-4.131492479398296558e-01,4.132337792607596594e-01,-5.632527361047795007e-06,-1.214384835897355084e-06,6.723800705370507688e-06,1.000004352065055446e+00
1.982100500677184268e-02,-4.131592748524072767e-01,-4.131564397763100582e-01,1.000007295757825654e+00,-4.131638425276962234e-01,2.000008338008881115e+00,-4.131648422703930179e-01,4.132391873231086588e-01,-4.067837847413016660e-06,-5.623680567210817568e-06,5.619463894481908217e-06,1.000004169004440779e+00
1.983180099916271796e-02,-4.131592665582420887e-01,-4.131555050760767900e-01,1.000006523419546323e+00,-4.131770597315819749e-01,2.000007455336568984e+00,-4.131785440093491690e-01,4.132387672346055085e-01,-1.313017306986117640e-05,-1.157245326175062739e-05,1.411402774581561655e-05,1.000003727668284270e+00
1.984300685090141861e-02,-4.131592579491983885e-01,-4.131607827294384583e-01,1.000000394053030206e+00,-4.131754039951238688e-01,2.000000450346317127e+00,-4.131735565283929934e-01,4.132426025291852656e-01,-1.131037587862462424e-05,-3.591465950253866982e-06,9.749492707954442137e-06,1.000000225173158563e+00
1.985313688421561085e-02,-4.131592501666660477e-01,-4.131546970534931140e-01,1.000006563641916868e+00,-4.131588373697757111e-01,2.000007501304991830e+00,-4.131586833470127784e-01,4.132377068869473868e-01,-4.886612977485315891e-06,-2.071539232287341527e-06,5.087514609188126808e-06,1.000003750652495915e+00
1.986309610304418105e-02,-4.131592425153633452e-01,-4.131598817875516416e-01,1.000003948623084060e+00,-4.131622181770971403e-01,2.000004512712062255e+00,-4.131639167079067532e-01,4.132433501558388511e-01,-1.972837555807060987e-06,1.050261491793264875e-06,2.074017237182747910e-06,1.000002256356031127e+00
1.987275523137442546e-02,-4.131592350946108327e-01,-4.131649078119183360e-01,9.999963842640002820e-01,-4.131725833352556387e-01,1.999995867730317123e+00,-4.131694084166585568e-01,4.132467400709100014e-01,1.273873627956051950e-06,5.444023207894822440e-06,6.563377720095072024e-06,9.999979338651584504e-01
1.988124829056543696e-02,-4.131592285697049949e-01,-4.131577344723019740e-01,1.000001230208415803e+00,-4.131427759912330577e-01,2.000001405952464673e+00,-4.131420295386012409e-01,4.132400759484998742e-01,1.111102112403837142e-05,6.576170383452129733e-06,1.003112956223581721e-05,1.000000702976232558e+00
1.989020570195264292e-02,-4.131592216880533575e-01,-4.131571511313817391e-01,1.000004409623923118e+00,-4.131701529128989359e-01,2.000005039570160292e+00,-4.131731259059838735e-01,4.132399559645238973e-01,-6.894899726357895883e-06,-4.601705305766970122e-06,8.333007506958685869e-06,1.000002519785080146e+00
1.990000202793746828e-02,-4.131592141618946057e-01,-4.131670558008848082e-01,9.999978492680924314e-01,-4.131536775136938067e-01,1.999997542020695240e+00,-4.131504598326736222e-01,4.132507930258629281e-01,1.938541038406715734e-06,-5.113024657199413559e-06,4.598215729756104876e-06,9.999987710103476202e-01
1.990673681748431068e-02,-4.131592089878001750e-01,-4.131676390273654742e-01,9.999933834855201376e-01,-4.131580450816704220e-01,1.999992438269222239e+00,-4.131593926002851691e-01,4.132501834202079172e-01,4.350687241275537595e-06,2.312477126076298738e-06,4.204419675873259036e-06,9.999962191346111196e-01
1.991386677482395728e-02,-4.131592035101144256e-01,-4.131676010697174495e-01,9.999936167461275227e-01,-4.131648293051686793e-01,1.999992704852771253e+00,-4.131646707757280490e-01,4.132503495952351003e-01,6.303001000029402070e-06,4.224844538226825439e-06,7.381931660319698683e-06,9.999963524263857373e-01
1.992536868893870702e-02,-4.131591946736152821e-01,-4.131646247584395693e-01,9.999940943069485222e-01,-4.131605444246712056e-01,1.999993250636562747e+00,-4.131607638441122665e-01,4.132463880076328033e-01,7.254623758726190953e-06,3.263532540673852459e-06,5.352755632343626668e-06,9.999966253182813736e-01
1.993273036302422793e-02,-4.131591890179086568e-01,-4.131604162242430434e-01,1.000000039625529080e+00,-4.131644640861654172e-01,2.000000045286318695e+00,-4.131646374771494878e-01,4.132433311958123578e-01,-5.386300472993138099e-06,-2.592317865711745744e-06,5.586241949314447854e-06,1.000000022643159348e+00
1.994316077674805621e-02,-4.131591810046048030e-01,-4.131641311317400533e-01,9.999983987155655063e-01,-4.131601619411322535e-01,1.999998169960659711e+00,-4.131606843382937266e-01,4.132471297945751187e-01,-9.248397986584835954e-07,-2.686729553329360282e-06,2.369853428951822361e-06,9.999990849803298554e-01
1.995323154846263478e-02,-4.131591732675999884e-01,-4.131651928038753141e-01,9.999950130885516542e-01,-4.131673751344097645e-01,1.999994300672672809e+00,-4.131675855808169540e-01,4.132470817976876543e-01,5.722664581309020509e-07,1.575480840226750455e-06,2.169116416247140450e-06,9.999971503363364045e-01
1.996190475164119280e-02,-4.131591666042959132e-01,-4.131593840049818112e-01,1.000000383409567650e+00,-4.131689691530788244e-01,2.000000438182359730e+00,-4.131683286854374026e-01,4.132420281125487871e-01,-4.090119351629119767e-07,-5.540178950386782983e-08,1.648504639307887124e-06,1.000000219091179865e+00
1.997034997353440075e-02,-4.131591309718442573e-01,-4.131604859441863620e-01,1.000001467000336985e+00,-4.131680791483925974e-01,2.000001676571800946e+00,-4.131684569562792397e-01,4.132430358817945071e-01,-1.192757969473479195e-05,-1.096606642349390892e-05,1.274959856439334871e-05,1.000000838285900473e+00
1.997722866172662454e-02,-4.131586270944008765e-01,-4.131566919078533129e-01,1.000002984977322873e+00,-4.131631894086474355e-01,2.000003411402628828e+00,-4.131616894543215790e-01,4.132387013327814551e-01,-2.575024575060289911e-06,-1.656346215297153094e-06,8.201768329471715370e-07,1.000001705701314636e+00
1.998295760612454203e-02,-4.131583083975031156e-01,-4.131553296491705662e-01,1.000006258006233884e+00,-4.131547246506985238e-01,2.000007152007071021e+00,-4.131540527384158779e-01,4.132383719038567604e-01,3.151175133331916959e-06,2.278831793851084171e-07,2.538361218113892736e-06,1.000003576003535510e+00
1.999133020804508276e-02,-4.131579645945365753e-01,-4.131589939825215940e-01,1.000003988987049119e+00,-4.131551123762630673e-01,2.000004558842307656e+00,-4.131563256636026638e-01,4.132417885218862552e-01,-1.165234948416798035e-06,-4.112168238916478184e-06,3.467202446889382269e-06,1.000002279421153828e+00
2.000164942321630557e-02,-4.131576815288030002e-01,-4.131593337386205156e-01,1.000002100473184274e+00,-4.131630328542110764e-01,2.000002400540764391e+00,-4.131620111376140270e-01,4.132416986643201451e-01,3.241289273324275280e-06,2.927976959997760049e-06,3.619079303588693607e-06,1.000001200270382196e+00
2.001310103868087983e-02,-4.131574854447119249e-01,-4.131572487113049919e-01,1.000004778880369871e+00,-4.131535923722770010e-01,2.000005461577524901e+00,-4.131546790694107241e-01,4.132403140510823580e-01,9.121775517311644679e-07,-2.646900659559350462e-06,3.987406191677623230e-06,1.000002730788762451e+00
2.002237070190404297e-02,-4.131573846325707899e-01,-4.131596229814258892e-01,1.000001733422213546e+00,-4.131641358604525860e-01,2.000001981053943556e+00,-4.131641715518586389e-01,4.132415100138318587e-01,-6.228899710206175223e-06,-9.508876147393953863e-06,9.184499127429858014e-06,1.000000990526971778e+00
2.003194516784025450e-02,-4.131573154611007936e-01,-4.131534489310330072e-01,1.000007400564371762e+00,-4.131626189637140345e-01,2.000008457787790572e+00,-4.131638693124193851e-01,4.132368016434576075e-01,-9.950958876857722929e-06,-1.205995069894165186e-05,1.217629387139832412e-05,1.000004228893895286e+00
2.004140881189624829e-02,-4.131572702566115862e-01,-4.131618502879815802e-01,1.000002307365639220e+00,-4.131722900855953617e-01,2.000002636989282490e+00,-4.131718286557627962e-01,4.132446862568966428e-01,-8.266805149751493698e-06,-2.990469253276642397e-06,6.519139939499663159e-06,1.000001318494641245e+00
2.005101824633555643e-02,-4.131572399151511865e-01,-4.131614414233136245e-01,9.999996393086471036e-01,-4.131634606620299133e-01,1.999999587781313926e+00,-4.131628337299057541e-01,4.132437056961901223e-01,2.959492642269701208e-06,-8.525266892356245860e-07,2.532887711106887855e-06,9.999997938906569628e-01
2.006103834359562396e-02,-4.131572192394046272e-01,-4.131563368723485952e-01,1.000003715670033655e+00,-4.131662305012578362e-01,2.000004246480007186e+00,-4.131669010360433103e-01,4.132387605101491834e-01,-1.000256873234271486e-05,-5.581453241692453615e-06,1.084168400198974083e-05,1.000002123240003371e+00
2.007058220955310404e-02,-4.131572063645488901e-01,-4.131561351406176086e-01,1.000005735897391501e+00,-4.131625071061465482e-01,2.000006555311255596e+00,-4.131620120858859879e-01,4.132393303456377009e-01,-6.242143455627407153e-06,1.520318961742443794e-06,5.052166754220997659e-06,1.000003277655627798e+00
2.007931678503562661e-02,-4.131571984426518629e-01,-4.131667869054048703e-01,9.999987970047333752e-01,-4.131718842643022360e-01,1.999998625148276865e+00,-4.131729747123407681e-01,4.132507245345385938e-01,1.930341020457452908e-07,-3.673136380350356834e-06,3.815863316557830153e-06,9.999993125741384326e-01
2.008352535684872209e-02,-4.131571955707264432e-01,-4.131648804979620171e-01,9.999946865959249420e-01,-4.131665110225680726e-01,1.999993927538245231e+00,-4.131631105488917099e-01,4.132460079713742851e-01,3.706476078338393310e-06,3.141578725207325215e-07,4.552810516138475787e-06,9.999969637691225044e-01
2.009138027613099897e-02,-4.131571914253339695e-01,-4.131533219923315681e-01,1.000003941184234524e+00,-4.131463622502996591e-01,2.000004504210520118e+00,-4.131469299590304067e-01,4.132353680737099189e-01,1.833669074451847248e-07,-1.882555785357678509e-06,3.497412808934499313e-06,1.000002252105260059e+00
2.010122793077100123e-02,-4.131571878656855046e-01,-4.131515221047486475e-01,1.000010623886828931e+00,-4.131683046032016970e-01,2.000012141584857073e+00,-4.131700396628504302e-01,4.132352252078615451e-01,-1.857062727869697913e-05,-1.262203816790880757e-05,1.913364642902664155e-05,1.000006070792428536e+00
2.011181695034253841e-02,-4.131571853925004034e-01,-4.131656175587029023e-01,9.999987641896483925e-01,-4.131740139553242153e-01,1.999998587645322790e+00,-4.131722570512786352e-01,4.132477329152141610e-01,-7.617098569521026574e-06,-1.640274596238931218e-06,6.297903152883787275e-06,9.999992938226613948e-01
2.012098785530233580e-02,-4.131571839883085850e-01,-4.131579735641755513e-01,1.000000946314090422e+00,-4.131627165572465676e-01,2.000001081501809441e+00,-4.131632693005948265e-01,4.132405060422030818e-01,-9.742146197057409402e-06,-6.480739080491845715e-06,1.023495366971753242e-05,1.000000540750904721e+00
2.013014805578341657e-02,-4.131571830343192531e-01,-4.131610873562694963e-01,1.000001702724260255e+00,-4.131593918669036469e-01,2.000001945970568684e+00,-4.131579649211367666e-01,4.132441132038329190e-01,3.806565410141151051e-06,4.427547982421070404e-06,5.956635953805430227e-06,1.000000972985284342e+00
2.013591569621998867e-02,-4.131571825951629862e-01,-4.131633561764709306e-01,9.999993253440838670e-01,-4.131585170043889366e-01,1.999999228964673081e+00,-4.131595423523666266e-01,4.132463821815766103e-01,1.829096153939756276e-06,3.623513812880009035e-06,3.153836951528146729e-06,9.999996144823365407e-01
2.014419900287007376e-02,-4.131571821202310035e-01,-4.131614659939466527e-01,9.999973322781723351e-01,-4.131639843784297716e-01,1.999996951175076809e+00,-4.131630925794377851e-01,4.132429137201468206e-01,-3.047664567245079624e-06,2.420308889345353006e-06,2.618812888550485842e-06,9.999984755875385156e-01
2.015289871351911427e-02,-4.131571817641448430e-01,-4.131546756827905731e-01,1.000006261152016185e+00,-4.131619861705250751e-01,2.000007155602250730e+00,-4.131635226299718577e-01,4.132378875080784386e-01,-7.569575845572323922e-06,-3.933371681148650450e-06,9.184194182641011191e-06,1.000003577801125587e+00
2.016167625764960641e-02,-4.131571815069502995e-01,-4.131596178969987876e-01,1.000003355077382583e+00,-4.131723562673633166e-01,2.000003834374123102e+00,-4.131716690609368858e-01,4.132420260144916702e-01,-1.203949321862267960e-05,-3.088431395916162700e-06,1.025905474543827625e-05,1.000001917187061551e+00
2.017049066883377928e-02,-4.131571813191743381e-01,-4.131561386859864404e-01,1.000004265606381892e+00,-4.131563975069641459e-01,2.000004874978685621e+00,-4.131550473812695135e-01,4.132388073443928889e-01,3.310238237521986368e-06,-1.708665825046827643e-06,3.902997380684197608e-06,1.000002437489342810e+00
2.018001379166444592e-02,-4.131571811699516483e-01,-4.131628152292213252e-01,1.000001211171212212e+00,-4.131603929433887989e-01,2.000001384195660759e+00,-4.131606026146489308e-01,4.132461918236288168e-01,6.061029552107115489e-06,6.264026963688997091e-06,7.649963383182504546e-06,1.000000692097830379e+00
2.018878088519666242e-02,-4.131571810658359323e-01,-4.131498237304100374e-01,1.000006333957147664e+00,-4.131630703320502418e-01,2.000007238808114707e+00,-4.131647013045620653e-01,4.132306857149448120e-01,-7.567553220384847201e-06,-5.038466805696222849e-06,1.084463512185633859e-05,1.000003619404057353e+00
2.019538337916707352e-02,-4.131571810020425173e-01,-4.131514780370711404e-01,1.000013362533835215e+00,-4.131668837481574652e-01,2.000015271467126432e+00,-4.131657169038025490e-01,4.132353639423442249e-01,-1.163739140185517992e-05,-1.130015238528145655e-05,1.033202069537241300e-05,1.000007635733563216e+00
2.020215902684379533e-02,-4.131571809460278244e-01,-4.131582514798125549e-01,1.000006071750418224e+00,-4.131530094490606930e-01,2.000006939143283091e+00,-4.131523649743553128e-01,4.132408936466688276e-01,6.234516251425526441e-06,-3.217595539202266098e-07,7.204934219561410872e-06,1.000003469571641768e+00
2.021279429732106628e-02,-4.131571808718066952e-01,-4.131564098917667738e-01,1.000004468188088413e+00,-4.131607350247504251e-01,2.000005106500634344e+00,-4.131607016036984992e-01,4.132386983886953691e-01,1.966057122667881038e-06,-1.128894603186285747e-06,1.917747946898674366e-06,1.000002553250317172e+00
2.022362440471668979e-02,-4.131571808077153518e-01,-4.131532028554954494e-01,1.000008022078025638e+00,-4.131626003262452995e-01,2.000009168089103895e+00,-4.131626296240168972e-01,4.132357080372519031e-01,-6.759902551158287486e-06,-6.662564072952254417e-06,6.140904876592698014e-06,1.000004584044551947e+00
2.023228885818436490e-02,-4.131571807618171777e-01,-4.131526681909972742e-01,1.000009366680133738e+00,-4.131575603656695850e-01,2.000010704777215764e+00,-4.131567342724795089e-01,4.132355056477887700e-01,5.164450963582643847e-07,-1.385101126296450246e-06,2.075099573509654516e-06,1.000005352388607882e+00
2.024202051709417249e-02,-4.131571807139942654e-01,-4.131556714810412090e-01,1.000007607419500566e+00,-4.131568406486356149e-01,2.000008694193649905e+00,-4.131577209149584484e-01,4.132390498207410556e-01,-1.824027680378097995e-06,-7.086302305130175011e-06,7.192745970082049827e-06,1.000004347096824953e+00
2.025464442777865498e-02,-4.131571806557320370e-01,-4.131623491151213967e-01,9.999992102951247297e-01,-4.131644047417710186e-01,1.999999097480149368e+00,-4.131638193902269496e-01,4.132448169366507162e-01,-2.184730564625255512e-06,-2.233309726235567688e-06,1.854604565570593514e-06,9.999995487400746841e-01
2.026436282377573617e-02,-4.131571806127014579e-01,-4.131583579672208906e-01,1.000000897060903116e+00,-4.131614883969852992e-01,2.000001025212453154e+00,-4.131610247187986196e-01,4.132401402079058927e-01,-1.738303618004459566e-06,9.511692541795399163e-08,1.957527256551709913e-06,1.000000512606226577e+00
2.027260243657104041e-02,-4.131571805770084538e-01,-4.131534407212610338e-01,1.000007458754682554e+00,-4.131581530250662548e-01,2.000008524291002399e+00,-4.131578504344246561e-01,4.132363976269070593e-01,-6.015309623828364022e-06,-1.429431575550704511e-06,7.067463743379245419e-06,1.000004262145501199e+00
2.028177580816759029e-02,-4.131571805378479456e-01,-4.131565389659574983e-01,1.000006007110652906e+00,-4.131586393117132050e-01,2.000006865269266854e+00,-4.131592496538546988e-01,4.132390046994413035e-01,-1.165534211221832476e-05,-8.434920151289345032e-06,1.087454655235041681e-05,1.000003432634633205e+00
2.029102063883094983e-02,-4.131571804987985153e-01,-4.131544721375605689e-01,1.000006862975072686e+00,-4.131587508416605381e-01,2.000007843400024576e+00,-4.131588083372812470e-01,4.132375694095074548e-01,-3.125992886784219990e-06,-7.510112628767172098e-06,7.666011427871794270e-06,1.000003921700012510e+00
2.030034055247698782e-02,-4.131571804597198860e-01,-4.131623038470860210e-01,1.000002113381474045e+00,-4.131690093371968575e-01,2.000002415293095304e+00,-4.131698765284896879e-01,4.132456420485633442e-01,-7.516168901424126212e-06,-3.518286615362787272e-06,7.176032380564733516e-06,1.000001207646547652e+00
2.031032615476539849e-02,-4.131571804180578789e-01,-4.131652133535442251e-01,9.999967993068527017e-01,-4.131744662798790269e-01,1.999996342065001764e+00,-4.131751637094157603e-01,4.132476535451411470e-01,-7.206312103583763572e-06,-9.283664115399354119e-06,9.481384122033046329e-06,9.999981710325008821e-01
2.031684381035854525e-02,-4.131571803909421248e-01,-4.131575661542306599e-01,9.999997667659588085e-01,-4.131637936181236648e-01,1.999999733446812256e+00,-4.131614046603011570e-01,4.132388486551038520e-01,-2.270362890144744547e-06,-2.920182735083675164e-06,2.366300072769995674e-06,9.999998667234061278e-01
2.032298361137658063e-02,-4.131571803654413011e-01,-4.131558024889972480e-01,1.000007042461508178e+00,-4.131566220131169254e-01,2.000008048527377902e+00,-4.131582364502435767e-01,4.132401298224875341e-01,-1.781972781036912734e-06,-4.038195751876522486e-06,4.863206588171464933e-06,1.000004024263688951e+00
2.033150124789500496e-02,-4.131571803301190005e-01,-4.131688861803502477e-01,9.999959780052452007e-01,-4.131671344466005258e-01,1.999995403434600139e+00,-4.131665437803159202e-01,4.132506043897815617e-01,3.216554531753661711e-06,2.847377804026246161e-06,4.603127718889882636e-06,9.999977017173000693e-01
2.034021581750834057e-02,-4.131571802940205984e-01,-4.131548323267196787e-01,1.000001181974907949e+00,-4.131592485687055061e-01,2.000001350828455760e+00,-4.131593546556545649e-01,4.132361253802672718e-01,1.950733357911363405e-06,1.004489052665690783e-06,5.939400572742617293e-07,1.000000675414228102e+00
2.035133908465494232e-02,-4.131571802479861999e-01,-4.131553128787024964e-01,1.000006981030904241e+00,-4.131561209244734578e-01,2.000007978320973656e+00,-4.131567613347624235e-01,4.132379061615844007e-01,-5.586953949145110047e-06,-7.451821772750185055e-06,7.413721564950928882e-06,1.000003989160487050e+00
2.037000300000000805e-02,-4.131571801708040503e-01,-4.131609450058043587e-01,1.000003093771274276e+00,-4.131674509039874876e-01,2.000003535738573035e+00,-4.131671014800362696e-01,4.132443193849565932e-01,4.171764957958449713e-07,-2.406934967263778857e-06,1.454489782109416116e-06,1.000001767869286518e+00
2.037214157798949640e-02,-4.131623355147464038e-01,-4.131655916714928045e-01,1.000000642665261896e+00,-4.131691459416683143e-01,2.000000734474579378e+00,-4.131693207333940743e-01,4.132485465282857429e-01,2.464904051710440712e-06,3.698698949596797549e-07,3.516378458013697274e-06,1.000000367237289689e+00
2.038081580247187372e-02,-4.131623288506554581e-01,-4.131629223338007528e-01,9.999973341627714785e-01,-4.131588084525562032e-01,1.999996953328904148e+00,-4.131582766981248267e-01,4.132458745824779678e-01,9.305779130735472156e-06,8.593790784800223596e-06,9.412481590589678515e-06,9.999984766644521850e-01
2.039020706784596196e-02,-4.131623216356902217e-01,-4.131709110757981196e-01,9.999930605785549709e-01,-4.131644007266531138e-01,1.999992069232693348e+00,-4.131645794082879353e-01,4.132541814510130584e-01,9.209564144463284081e-06,5.454537519904383303e-06,9.534447791506640867e-06,9.999960346163466740e-01
2.040001895214147917e-02,-4.131623140975783093e-01,-4.131663851486854777e-01,9.999927324332008594e-01,-4.131518552406981404e-01,1.999991694209434234e+00,-4.131509294549804423e-01,4.132484198531123920e-01,7.876787610015220618e-06,8.253752824775088974e-06,7.920622170386537323e-06,9.999958471047171171e-01
2.041010512438091659e-02,-4.131623063487395164e-01,-4.131542534319136983e-01,1.000003221807535869e+00,-4.131517081890634935e-01,2.000003682065727428e+00,-4.131518577367995770e-01,4.132358459085497815e-01,6.167797733403691438e-06,-1.307830498001748791e-06,5.634865515233400340e-06,1.000001841032863936e+00
2.042001281962130266e-02,-4.131622987370213718e-01,-4.131626255178269536e-01,1.000002348259467766e+00,-4.131552989147057042e-01,2.000002683725086161e+00,-4.131547585502099995e-01,4.132462912065209548e-01,7.583578689927721939e-06,9.796620668016603063e-07,8.921169110366734977e-06,1.000001341862543081e+00
2.043000085302964022e-02,-4.131622910635808776e-01,-4.131568008874020315e-01,1.000002309314074189e+00,-4.131466110091781552e-01,2.000002639216065248e+00,-4.131465103732268607e-01,4.132386713957273972e-01,4.060496536080861634e-06,6.409095114073630067e-06,6.104942089540372596e-06,1.000001319608032624e+00
2.043718418271663062e-02,-4.131622855448896514e-01,-4.131660555887531339e-01,1.000000283885276620e+00,-4.131610829601353729e-01,2.000000324440313726e+00,-4.131629202020106750e-01,4.132503064884685551e-01,3.890510978040030852e-06,5.882257264224431941e-06,6.848998537250239869e-06,1.000000162220156863e+00
2.045000000000000637e-02,-4.131622756989699052e-01,-4.131708993702240540e-01,9.999894711211293474e-01,-4.131565189320935971e-01,1.999987966995666167e+00,-4.131562074957628727e-01,4.132533854601342371e-01,1.230966952921134231e-05,1.071332602875763493e-05,1.176043535370958058e-05,9.999939834978329722e-01
2.046260223093697428e-02,-4.131622660171370698e-01,-4.131692221875922777e-01,9.999903901873605783e-01,-4.131732335772392295e-01,1.999989017357065357e+00,-4.131725550769224653e-01,4.132510651121327205e-01,6.517202950832180171e-06,4.516473397911745242e-06,6.067956682451163161e-06,9.999945086785326787e-01
2.047194069310666331e-02,-4.131622588427407150e-01,-4.131618705765633948e-01,9.999970913901506941e-01,-4.131646841738639275e-01,1.999996675874482488e+00,-4.131640018132795023e-01,4.132440871995674558e-01,3.001743833634684929e-07,3.462835504416109329e-06,2.275440702413445150e-06,9.999983379372412440e-01
2.048248420257698862e-02,-4.131622507425477542e-01,-4.131590273210297704e-01,1.000002131999373045e+00,-4.131632258202894148e-01,2.000002436570693654e+00,-4.131638285156036816e-01,4.132418089194050959e-01,-8.457378031608539965e-06,-6.304268532077385485e-06,8.002792319366395580e-06,1.000001218285346827e+00
2.049204470922495747e-02,-4.131622433975595809e-01,-4.131601038822502736e-01,1.000001379565598647e+00,-4.131629047252495246e-01,2.000001576646386781e+00,-4.131622386953551773e-01,4.132423833297250160e-01,-6.091819214419620848e-07,-3.835693022129074971e-06,3.083388317823398465e-06,1.000000788323193390e+00
2.050245150079038625e-02,-4.131622354024022115e-01,-4.131568332848931657e-01,1.000004449563230313e+00,-4.131606437708904012e-01,2.000005085215082357e+00,-4.131618990317834084e-01,4.132397215990427641e-01,-4.656126254835747855e-06,-1.070236698901800476e-06,5.552895626130068508e-06,1.000002542607541400e+00
2.051164005216597405e-02,-4.131622283431747311e-01,-4.131592119933040763e-01,1.000002969566591071e+00,-4.131739013389897908e-01,2.000003393790364736e+00,-4.131737311911159449e-01,4.132416689859610970e-01,-1.060616264148964994e-05,-3.532537241519760536e-06,9.874276496932721264e-06,1.000001696895182146e+00
2.052068389695625369e-02,-4.131622213951183231e-01,-4.131568195719551029e-01,1.000004036586084055e+00,-4.131594531036839602e-01,2.000004613241204598e+00,-4.131575716122898312e-01,4.132395481323498099e-01,5.642958440631902486e-07,4.715442348496904762e-06,4.444010763261549702e-06,1.000002306620602299e+00
2.053000568333447975e-02,-4.131622142335295567e-01,-4.131610416785201911e-01,1.000002119422674252e+00,-4.131548666449959550e-01,2.000002422197324048e+00,-4.131545626462088672e-01,4.132441678068465851e-01,-1.313105524705329311e-06,-3.028354679856909049e-06,3.623313539961890387e-06,1.000001211098662024e+00
2.054078525797249991e-02,-4.131622059519773349e-01,-4.131635049464733589e-01,9.999985639499854306e-01,-4.131621040546405443e-01,1.999998358799995657e+00,-4.131621791067989213e-01,4.132465397934073081e-01,2.179056794233983318e-06,-5.889559443550270358e-07,2.535104783774175165e-06,9.999991793999978285e-01
2.055799030448457812e-02,-4.131621927339723666e-01,-4.131674500162971775e-01,9.999928099211081722e-01,-4.131607393525640881e-01,1.999991782767042148e+00,-4.131614056499200438e-01,4.132498299826609656e-01,6.742945394382017345e-06,6.574630079345818214e-06,6.560526427880591075e-06,9.999958913835209628e-01
2.056928267651707623e-02,-4.131621840584575600e-01,-4.131620384022349768e-01,9.999974084532915475e-01,-4.131594377767220383e-01,1.999997038232355306e+00,-4.131592899286125609e-01,4.132441096511376699e-01,-3.600295746680433100e-06,-5.236984494848759919e-06,6.774237973432948902e-06,9.999985191161776532e-01
2.057559656357282538e-02,-4.131621792077260213e-01,-4.131655149936799831e-01,9.999982908216829003e-01,-4.131694054891522083e-01,1.999998046653366446e+00,-4.131709990126533061e-01,4.132491073158072736e-01,-6.325598841201322342e-06,-3.118508215125490181e-06,5.581454992034145642e-06,9.999990233266832229e-01
2.058330631471302560e-02,-4.131621732846049166e-01,-4.131669132404882094e-01,9.999923655323247340e-01,-4.131673880328498583e-01,1.999991274894150406e+00,-4.131641153145798051e-01,4.132480283989319325e-01,4.269544201884229645e-06,7.245501674826027648e-06,6.981547308764640431e-06,9.999956374470752030e-01
2.059329161121067550e-02,-4.131621656132695719e-01,-4.131554289970919558e-01,1.000004629796894973e+00,-4.131534371856969701e-01,2.000005291196411683e+00,-4.131548897200627568e-01,4.132383152336805421e-01,-1.709471077501192475e-06,-7.476609412460030757e-06,8.407591887184586780e-06,1.000002645598205842e+00
2.060268732213252352e-02,-4.131621583948898446e-01,-4.131572790356393687e-01,1.000004503471356054e+00,-4.131578010636796638e-01,2.000005146824368474e+00,-4.131573095670184048e-01,4.132396299179231236e-01,-1.829520334641559570e-06,-7.092132148596845225e-06,7.051803037433537595e-06,1.000002573412184237e+00
2.061322795186269763e-02,-4.131621502969102244e-01,-4.131551629923296276e-01,1.000006618117579293e+00,-4.131611548169206172e-01,2.000007563562891555e+00,-4.131622112594781071e-01,4.132380040451596459e-01,-1.248436055054170266e-05,-7.787228539751275063e-06,1.226955743747208608e-05,1.000003781781445777e+00
2.062165392194289029e-02,-4.131621438235448807e-01,-4.131572252564857384e-01,1.000005399846247922e+00,-4.131643392356624811e-01,2.000006171252808773e+00,-4.131641099846999898e-01,4.132402127388656865e-01,-6.835780244234173867e-06,3.663374139725200009e-07,6.599238217415384423e-06,1.000003085626404387e+00
2.063099320733512154e-02,-4.131621366485128677e-01,-4.131603936937344179e-01,1.000002036612918088e+00,-4.131712113984193913e-01,2.000002327557603543e+00,-4.131711146166996418e-01,4.132427160596477966e-01,-1.174262373800572038e-05,-7.332718160750981026e-06,1.116341747641607359e-05,1.000001163778801549e+00
2.064002456458830653e-02,-4.131621297100500634e-01,-4.131543161738707726e-01,1.000005084794921562e+00,-4.131488609417372504e-01,2.000005811194152994e+00,-4.131463376106545016e-01,4.132362640214650717e-01,1.516850787344898187e-06,-8.062173314766304824e-06,8.547935350211214068e-06,1.000002905597076497e+00
2.064700903209112579e-02,-4.131621243441354063e-01,-4.131580047502522723e-01,1.000005882272695601e+00,-4.131619158708329520e-01,2.000006722597316156e+00,-4.131645677693554508e-01,4.132413653336847736e-01,-6.158765200039443767e-07,-8.025979010903706005e-06,7.341836308759329195e-06,1.000003361298658300e+00
2.066096200982684566e-02,-4.131621136245767212e-01,-4.131733738379323451e-01,9.999913594407756623e-01,-4.131752282836831935e-01,1.999990125075245873e+00,-4.131753301573272696e-01,4.132564801475334115e-01,6.308356361359635807e-06,6.485571888100793413e-06,7.852105290503949968e-06,9.999950625376229363e-01
2.067189156432087949e-02,-4.131621052278032780e-01,-4.131716686002116501e-01,9.999872433896541679e-01,-4.131705375705420624e-01,1.999985421016856169e+00,-4.131685382178655885e-01,4.132527793224856083e-01,1.115453299937851832e-05,1.285958868599705266e-05,1.267253622209974121e-05,9.999927105084280843e-01
2.068113974311800579e-02,-4.131620981227677181e-01,-4.131569150868985574e-01,1.000000105194551514e+00,-4.131518809785771906e-01,2.000000120222343636e+00,-4.131530669680775758e-01,4.132399969514030103e-01,5.914374031703351593e-06,1.523055106345622969e-06,3.666132936539099601e-06,1.000000060111171818e+00
2.069000074663095851e-02,-4.131620913151832775e-01,-4.131691730227752823e-01,9.999969161232853399e-01,-4.131815977751465696e-01,1.999996475569495225e+00,-4.131839548251025618e-01,4.132533072312019606e-01,-5.134721456673671618e-06,2.223022824085909400e-06,4.899486168392128043e-06,9.999982377847476123e-01
2.069471834458833787e-02,-4.131620876908207451e-01,-4.131687689381649542e-01,9.999919699782591209e-01,-4.131751862032750355e-01,1.999990822832364401e+00,-4.131719880778663145e-01,4.132509131211708486e-01,5.522482460263730027e-06,1.062029607609174250e-05,1.196366322950794685e-05,9.999954114161822005e-01
2.070369946343338791e-02,-4.131620807909552329e-01,-4.131644309855254105e-01,9.999952083240802869e-01,-4.131538280464847057e-01,1.999994523798989565e+00,-4.131526138055830466e-01,4.132466284893319686e-01,1.802457902724202232e-05,1.234126568953541996e-05,1.816242945226170571e-05,9.999972618994947826e-01
2.071718570777388718e-02,-4.131620704299694968e-01,-4.131583476196206695e-01,1.000001636281046657e+00,-4.131474230328570085e-01,2.000001870035467810e+00,-4.131476500382496586e-01,4.132405078473375126e-01,9.550979042482542504e-06,3.005289236458856562e-06,8.184840123500667554e-06,1.000000935017733905e+00
2.073000000000000190e-02,-4.131620605852174832e-01,-4.131592384644969251e-01,1.000003349028905753e+00,-4.131654760462661335e-01,2.000003827461577899e+00,-4.131671647576504180e-01,4.132421690558913396e-01,-3.850389264028325239e-06,-6.922106641695784230e-06,7.481627271343913171e-06,1.000001913730788949e+00
2.073969620758657484e-02,-4.131620531359763149e-01,-4.131705105971208436e-01,9.999947195437280945e-01,-4.131650777924756324e-01,1.999993965192877088e+00,-4.131641824624909809e-01,4.132544065036042324e-01,2.313465331048790454e-06,4.374794599722223087e-06,6.152354500075494640e-06,9.999969825964385439e-01
2.074953925362937879e-02,-4.131620455739254960e-01,-4.131622903293217242e-01,9.999951509204660915e-01,-4.131464278322579675e-01,1.999994458194859659e+00,-4.131453483326518739e-01,4.132437677017491429e-01,7.555769612551542145e-06,6.355680327168852928e-06,6.742702137628754531e-06,9.999972290974298295e-01
2.075447617070531187e-02,-4.131620417810694113e-01,-4.131601642569756039e-01,1.000000005169355388e+00,-4.131510781721385861e-01,2.000000005907835110e+00,-4.131527506543939965e-01,4.132426551305153350e-01,8.986677373900271297e-08,-2.607695144755726394e-06,4.467152736139876321e-06,1.000000002953917333e+00
2.076256278823195023e-02,-4.131620355684161305e-01,-4.131594320145823840e-01,1.000001966018645216e+00,-4.131639890148757766e-01,2.000002246878434864e+00,-4.131642532334541817e-01,4.132421185331294766e-01,-9.208778808903730819e-06,-9.730274725535701267e-06,8.489524212871046272e-06,1.000001123439217432e+00
2.077094830624906519e-02,-4.131620291261296485e-01,-4.131601269228071804e-01,1.000001751206556211e+00,-4.131549045095269102e-01,2.000002001378906602e+00,-4.131542961903540423e-01,4.132430541791962675e-01,3.006700665369498351e-06,3.207446822854289694e-06,4.026760552796464423e-06,1.000001000689453301e+00
2.078013365786869973e-02,-4.131620220693593137e-01,-4.131639982409252010e-01,9.999987821174011193e-01,-4.131719031785495155e-01,1.999998608134182954e+00,-4.131744516233293862e-01,4.132469860041575460e-01,-8.269778624832602859e-07,-1.035289316567355647e-06,1.416283580374948071e-06,9.999993040670914768e-01
2.079011386927205607e-02,-4.131620144019286789e-01,-4.131623565403990672e-01,9.999982572523788971e-01,-4.131689571709443731e-01,1.999998008288447648e+00,-4.131687432924229242e-01,4.132447859030540793e-01,-3.745639432504343824e-06,9.370599495587842223e-07,4.094393279037119526e-06,9.999990041442238242e-01
2.080071650671343891e-02,-4.131620062563103324e-01,-4.131616212238494179e-01,9.999995202610361122e-01,-4.131598682461640748e-01,1.999999451726902411e+00,-4.131586425765063630e-01,4.132439118718823079e-01,4.203357134232167495e-06,3.771840721895481802e-06,4.409772494469368135e-06,9.999997258634512054e-01
2.081057511021774595e-02,-4.131619986823055202e-01,-4.131558841458126130e-01,1.000003877726558077e+00,-4.131614593216776932e-01,2.000004431687461892e+00,-4.131620016164494480e-01,4.132383815885830591e-01,-7.143926054334645961e-06,-2.996108987452153477e-06,7.843869963225958715e-06,1.000002215843730946e+00
2.082015981879452998e-02,-4.131619913187245530e-01,-4.131600355012204906e-01,1.000003190673383724e+00,-4.131538659979085426e-01,2.000003646483840214e+00,-4.131519063944872894e-01,4.132430978652041897e-01,4.789698578451694499e-06,-5.721436623368199873e-07,6.491619576549065915e-06,1.000001823241920107e+00
2.082863194667711887e-02,-4.131619848098954106e-01,-4.131606900462392873e-01,1.000000925893313353e+00,-4.131569712683410001e-01,2.000001058163778822e+00,-4.131582008537592055e-01,4.132433522878761201e-01,-4.199163752690181266e-06,-6.735076782015985161e-06,7.834820569098973584e-06,1.000000529081889411e+00
2.083445494175760124e-02,-4.131619803362968635e-01,-4.131616892291030685e-01,1.000000451010076175e+00,-4.131646030724046015e-01,2.000000515440083060e+00,-4.131653487922737344e-01,4.132445866239278232e-01,-8.503570015971011848e-06,-5.159507396876081564e-06,7.985041915646952222e-06,1.000000257720041530e+00
2.084217965593739702e-02,-4.131619744016826745e-01,-4.131640823387605077e-01,9.999984237739082404e-01,-4.131655133526817569e-01,1.999998198598765597e+00,-4.131659978429260138e-01,4.132472074940620188e-01,-3.356121391563930954e-06,2.180911837885662102e-06,3.449694431506862823e-06,9.999990992993827987e-01
2.085081429932434532e-02,-4.131619677680014036e-01,-4.131682575952632663e-01,9.999942569891346889e-01,-4.131756790712553529e-01,1.999993436559059923e+00,-4.131770058936045098e-01,4.132507751944256569e-01,-8.640434373976920752e-06,-4.509457506868316762e-06,8.585689255597146692e-06,9.999967182795299614e-01
2.085878576933591216e-02,-4.131619616438094167e-01,-4.131638032302155650e-01,9.999953827639026516e-01,-4.131612788838523453e-01,1.999994723158785126e+00,-4.131587951506739964e-01,4.132458138864815722e-01,5.009166313755527475e-06,7.683751890961394035e-06,8.870756188312786127e-06,9.999973615793925630e-01
2.086394791147802574e-02,-4.131619576779214653e-01,-4.131639462984025846e-01,9.999978392210646660e-01,-4.131568054449235583e-01,1.999997530538377921e+00,-4.131575532846171184e-01,4.132470658004214759e-01,7.662642779904278378e-06,6.382265520988818787e-06,6.987162052089189795e-06,9.999987652691889606e-01
2.087362426765878437e-02,-4.131619502439315417e-01,-4.131653494572343766e-01,9.999947091972590796e-01,-4.131640062624222232e-01,1.999993953368341293e+00,-4.131633254479420980e-01,4.132472074258934369e-01,5.144111828676929816e-06,2.432066896133414633e-06,5.191352437014910441e-06,9.999969766841705354e-01
2.088312695856342494e-02,-4.131619429433638357e-01,-4.131611812682965956e-01,1.000000487555784412e+00,-4.131630185518459508e-01,2.000000557206606633e+00,-4.131642022966677263e-01,4.132445431294630156e-01,-1.343591373561655352e-06,-3.343044900745670887e-06,3.340238704270634241e-06,1.000000278603303316e+00
2.089172713365511358e-02,-4.131619363361648811e-01,-4.131657699966772568e-01,9.999960015115206824e-01,-4.131657632029714922e-01,1.999995430298914911e+00,-4.131633236571505274e-01,4.132471869421606714e-01,-8.124008357538796587e-07,3.312954716385838262e-06,3.717314815654962749e-06,9.999977151494574557e-01
2.090066783821119614e-02,-4.131619294673509746e-01,-4.131518613875401202e-01,1.000004882732909550e+00,-4.131409993424235427e-01,2.000005580266141170e+00,-4.131396610524770141e-01,4.132339767424600407e-01,-1.313127281359278279e-06,-6.258881256545000582e-06,7.968440783786766597e-06,1.000002790133070585e+00
2.091009319150454251e-02,-4.131619222261969093e-01,-4.131570776203390971e-01,1.000006934224749067e+00,-4.131574000520542578e-01,2.000007924828225203e+00,-4.131585128086366354e-01,4.132403807949617813e-01,-9.239224195550774896e-06,-9.312634387259585009e-06,8.903085870448277078e-06,1.000003962414112824e+00
2.092215975128161251e-02,-4.131619129558977699e-01,-4.131628884478323882e-01,9.999992228355609747e-01,-4.131592183651451311e-01,1.999999111812076125e+00,-4.131587218410617268e-01,4.132451742523749472e-01,-1.976502127212997694e-06,-4.022511369115284653e-06,4.000113649008730261e-06,9.999995559060380623e-01
2.093634502801439493e-02,-4.131619020578721213e-01,-4.131637116706119994e-01,1.000000303657597289e+00,-4.131701416032558249e-01,2.000000347037251380e+00,-4.131724410711639095e-01,4.132472468993199644e-01,-1.261451461473105715e-05,-8.470095217562748709e-06,1.236254470365227791e-05,1.000000173518625690e+00
2.094591969683011132e-02,-4.131618947020039290e-01,-4.131654546005731898e-01,9.999945400602205936e-01,-4.131702158995388396e-01,1.999993760068870197e+00,-4.131690250439251089e-01,4.132475908731590430e-01,-2.300819949304061858e-06,-7.442763795368216212e-07,1.191630993884025880e-06,9.999968800344349873e-01
2.096000000000000640e-02,-4.131618838846257136e-01,-4.131647716185578023e-01,9.999971475671186605e-01,-4.131615562082210924e-01,1.999996740076731339e+00,-4.131608937838543993e-01,4.132476107478393890e-01,4.335970288016276877e-06,-1.505633215345268978e-06,4.981846342260301765e-06,9.999983700383656693e-01
2.097000383266240525e-02,-4.131618761990467070e-01,-4.131667527108204840e-01,9.999950313750239905e-01,-4.131709189121740011e-01,1.999994321571498368e+00,-4.131723695364865612e-01,4.132495802361083603e-01,-1.896337415008374872e-06,6.549357352255149842e-06,7.409226248602351878e-06,9.999971607857491840e-01
2.097579729193429360e-02,-4.131618717481410630e-01,-4.131641810611690890e-01,9.999953964103882598e-01,-4.131653308477366560e-01,1.999994738754768742e+00,-4.131636987448543130e-01,4.132462396524612669e-01,4.182879230914169253e-06,6.696576705525573845e-06,6.276521959090510231e-06,9.999973693773843708e-01
2.098710377443565103e-02,-4.131618630617839849e-01,-4.131643982651092561e-01,9.999984628158734568e-01,-4.131556583646408543e-01,1.999998243218154226e+00,-4.131549745358405468e-01,4.132475567195411648e-01,7.839367056337085860e-06,-1.248683728322705424e-06,8.125594022142795662e-06,9.999991216090771129e-01
2.099328207405944460e-02,-4.131618583152205648e-01,-4.131640815443284320e-01,9.999959510360013626e-01,-4.131550064392452426e-01,1.999995372612607403e+00,-4.131549468515200441e-01,4.132457600332736236e-01,9.200996846557776566e-06,2.009373518644549353e-06,9.377357952648530072e-06,9.999976863063037014e-01
2.100120131334816745e-02,-4.131618522311584774e-01,-4.131568723859412873e-01,1.000002080175179886e+00,-4.131575629443869913e-01,2.000002377343044646e+00,-4.131575379828189010e-01,4.132395317359363607e-01,6.294863813872789091e-06,6.737069474684375794e-06,5.258168064300961915e-06,1.000001188671522323e+00
2.101001228349586372e-02,-4.131618454620112901e-01,-4.131606101121260699e-01,1.000002484991461049e+00,-4.131682307502863583e-01,2.000002839990220327e+00,-4.131696352891828794e-01,4.132437121860379481e-01,-8.538946970565654976e-06,-6.132356087712959902e-06,9.802197530878546040e-06,1.000001419995110163e+00
2.101509574371342171e-02,-4.131618415565698754e-01,-4.131613711652611931e-01,1.000000566835758331e+00,-4.131650013606688043e-01,2.000000647812290477e+00,-4.131631896044865582e-01,4.132440777950266986e-01,-4.928403784913758254e-06,-1.602051288540369317e-06,3.370509756414829289e-06,1.000000323906145239e+00
2.102316695903894833e-02,-4.131618353557488521e-01,-4.131629009416531439e-01,9.999995113381321410e-01,-4.131549507222499473e-01,1.999999441529297872e+00,-4.131559902436897080e-01,4.132460161038208346e-01,4.440891385314252292e-06,3.159057752704830532e-06,4.388083175939514571e-06,9.999997207646489361e-01
2.103185108470954912e-02,-4.131618286840521570e-01,-4.131662190539928670e-01,9.999956760391283117e-01,-4.131679948680257453e-01,1.999995058330469089e+00,-4.131678593321101989e-01,4.132485073789151642e-01,3.282910073555767070e-06,7.122619263404551508e-07,3.340580810428535455e-06,9.999975291652345444e-01
2.104136012223181348e-02,-4.131618213786065197e-01,-4.131622318886724599e-01,9.999980341288821073e-01,-4.131568291635285828e-01,1.999997753290167823e+00,-4.131561160984429937e-01,4.132451232267126406e-01,3.888007649217942411e-06,5.970394711142609456e-06,5.660244608529463844e-06,9.999988766450839117e-01
2.105221689654051404e-02,-4.131618130377438525e-01,-4.131659492602302586e-01,9.999954268692273773e-01,-4.131565322221191217e-01,1.999994773564870210e+00,-4.131563112546293715e-01,4.132479742063645545e-01,3.479410666920095078e-06,6.349377687076132793e-06,6.253003899272803006e-06,9.999973867824351048e-01
2.106229619536409761e-02,-4.131618052941878338e-01,-4.131602998665657722e-01,1.000000224579465025e+00,-4.131621979012042867e-01,2.000000256662243903e+00,-4.131631362627363191e-01,4.132432988834145449e-01,-6.578180619301487900e-06,-9.803952486966135392e-07,6.094059957167032494e-06,1.000000128331121951e+00
2.107125618216574431e-02,-4.131617984105582786e-01,-4.131647720695513226e-01,9.999983436749075860e-01,-4.131600011429267250e-01,1.999998107057051167e+00,-4.131594967752014735e-01,4.132481552848913386e-01,6.729431611087674582e-06,4.041012967659791300e-06,7.641842208415531546e-06,9.999990535285255833e-01
2.108047950200913137e-02,-4.131617913246171669e-01,-4.131723306982932331e-01,9.999911696580335851e-01,-4.131687580469645127e-01,1.999989908180684894e+00,-4.131700016691756683e-01,4.132550114572563493e-01,6.355260298548978711e-06,4.575746087407604088e-07,6.090428394825625500e-06,9.999949540903424472e-01
2.108786748196747954e-02,-4.131617856487001528e-01,-4.131642969994452352e-01,9.999928004052053288e-01,-4.131613940141169450e-01,1.999991771891724390e+00,-4.131602811679944698e-01,4.132456659090459339e-01,7.382902737617010295e-06,6.811024342705360003e-06,6.906451431039921897e-06,9.999958859458623062e-01
2.109422279683630802e-02,-4.131617807661406849e-01,-4.131605877976645136e-01,9.999998369708730239e-01,-4.131614456283166370e-01,1.999999813680999328e+00,-4.131626443346635424e-01,4.132432724715027206e-01,1.830369149040312079e-06,1.895949496536036229e-06,7.760324384041864382e-07,9.999999068404996638e-01
2.110267562867259791e-02,-4.131617742721376274e-01,-4.131630637472685219e-01,1.000000224176821106e+00,-4.131675565954736062e-01,2.000000256202079552e+00,-4.131674040640157530e-01,4.132467757521365304e-01,-1.333338096917541163e-06,6.379106854230036441e-08,1.346765872461972659e-06,1.000000128101039554e+00
2.111205239305885897e-02,-4.131617670683124799e-01,-4.131711345659102586e-01,9.999911556743389385e-01,-4.131557774326190535e-01,1.999989892199319996e+00,-4.131544497938909877e-01,4.132529494127767378e-01,1.557638228969588593e-05,1.582594512837546321e-05,1.587270169660274938e-05,9.999949460996598871e-01
2.112080206576260472e-02,-4.131617603462593435e-01,-4.131621633237287927e-01,9.999958421450139134e-01,-4.131619907277194748e-01,1.999995248165765682e+00,-4.131637565417620173e-01,4.132446688901587062e-01,1.058270679483665277e-06,2.503992584397229091e-06,8.398412111616631008e-07,9.999976240828828411e-01
2.113034285688737690e-02,-4.131617530164200525e-01,-4.131677090434927035e-01,9.999955664119074550e-01,-4.131662396112236180e-01,1.999994933042217760e+00,-4.131656311481827215e-01,4.132506896317401091e-01,5.423880934312759656e-06,-1.514276142458005973e-07,6.714409847923546568e-06,9.999974665211088798e-01
2.114051309460901126e-02,-4.131617452030000304e-01,-4.131640052946259356e-01,9.999957599505928663e-01,-4.131539095658008920e-01,1.999995154229285088e+00,-4.131529752239023190e-01,4.132462838662306348e-01,1.121595060622034422e-05,2.561401857686860724e-06,1.103239959160522910e-05,9.999975771146426551e-01
2.115001509648437375e-02,-4.131617379029587922e-01,-4.131617824920355009e-01,9.999988511380455414e-01,-4.131459643143488014e-01,1.999998687014918897e+00,-4.131442658089768960e-01,4.132441981016173882e-01,1.821462334757794344e-05,1.807657454412721403e-05,1.986619010666063398e-05,9.999993435074594483e-01
2.115427684822718257e-02,-4.131617346288077863e-01,-4.131615164714836363e-01,9.999996566492543870e-01,-4.131451752167161762e-01,1.999999607599150853e+00,-4.131465453913216179e-01,4.132441299779239796e-01,1.672478909589906394e-05,1.275919422985467391e-05,1.513576559981277241e-05,9.999998037995754263e-01
2.116205734173757375e-02,-4.131617286513362131e-01,-4.131613143464103466e-01,9.999999937063254185e-01,-4.131596045470461998e-01,1.999999992807229177e+00,-4.131611062472180795e-01,4.132438754395663660e-01,3.828785252577225799e-06,-4.392324678503260511e-07,2.934548427420734858e-06,9.999999964036145883e-01
2.117103575538946403e-02,-4.131613370659407147e-01,-4.131605221217439783e-01,1.000000598511238126e+00,-4.131643506969811530e-01,2.000000684012838370e+00,-4.131643794598915953e-01,4.132429290172463521e-01,1.481655886376495345e-06,1.834293936997248821e-08,1.451106423517568970e-06,1.000000342006419185e+00
2.118732185722725647e-02,-4.131570671043269249e-01,-4.131531615782407241e-01,1.000006153982501811e+00,-4.131639536359855147e-01,2.000007033122806366e+00,-4.131642458137514962e-01,4.132350272552227644e-01,-9.547375444534848501e-06,-1.130656066695720200e-05,1.266016858576690215e-05,1.000003516561403183e+00
2.119803220360552687e-02,-4.131555239890353226e-01,-4.131548322091167513e-01,1.000009086829161786e+00,-4.131697846045856437e-01,2.000010384947536135e+00,-4.131695644871222206e-01,4.132381130897949673e-01,-1.355488924774150543e-05,-1.152650984793391939e-05,1.238670796922220038e-05,1.000005192473768068e+00
2.120760133252477461e-02,-4.131546384280350148e-01,-4.131558656187517276e-01,1.000005560567584162e+00,-4.131622509028113344e-01,2.000006354934334318e+00,-4.131618978675557496e-01,4.132383705609852242e-01,-1.119830013020473321e-05,-8.649517830304570635e-06,1.196199911433754597e-05,1.000003177467167159e+00
2.121757002052951716e-02,-4.131540347580964223e-01,-4.131542141872838747e-01,1.000007029735761055e+00,-4.131685186528474829e-01,2.000008033983666778e+00,-4.131691795536234779e-01,4.132366642790162858e-01,-9.030406285005111638e-06,-7.853238292166893477e-06,8.126367358804108910e-06,1.000004016991833389e+00
2.122940646472178464e-02,-4.131535871221706513e-01,-4.131470638550704400e-01,1.000012587093677574e+00,-4.131619125952539773e-01,2.000014385249810012e+00,-4.131613806725054072e-01,4.132289213005498341e-01,-1.607387201785707959e-05,-1.098708558805689524e-05,1.764030859871504358e-05,1.000007192624905006e+00
2.124015765681660020e-02,-4.131533387552215331e-01,-4.131421540295981409e-01,1.000019089059140498e+00,-4.131528924417623982e-01,2.000021816067426794e+00,-4.131517789036817656e-01,4.132245497084941488e-01,-1.575280822794326570e-05,-1.877685448237920607e-05,1.926509262397563079e-05,1.000010908033713397e+00
2.125057350011024665e-02,-4.131531869537055091e-01,-4.131488774652741225e-01,1.000015859630960735e+00,-4.131585207483180477e-01,2.000018125292391868e+00,-4.131586718725952512e-01,4.132320548527848025e-01,-1.475907282990824069e-05,-1.353757146921040589e-05,1.391702519339708240e-05,1.000009062646195712e+00
2.126116325165428034e-02,-4.131530891516633219e-01,-4.131521219806805756e-01,1.000010817531771457e+00,-4.131528652400679458e-01,2.000012362893360596e+00,-4.131533764875629511e-01,4.132349000596642896e-01,-4.731256729550734015e-06,-4.091822470269826503e-06,5.122659127746820224e-06,1.000006181446680298e+00
2.127058654850662311e-02,-4.131530329149178393e-01,-4.131529727182439715e-01,1.000009287368064159e+00,-4.131765934406458896e-01,2.000010614134851483e+00,-4.131787536768880553e-01,4.132357017299765345e-01,-2.162874782164811896e-05,-1.415368324513749611e-05,2.303456013826447979e-05,1.000005307067425520e+00
2.128008688991681746e-02,-4.131529953231206087e-01,-4.131540719628576941e-01,1.000008231453665575e+00,-4.131661436934336296e-01,2.000009407375547443e+00,-4.131642807219787494e-01,4.132368586350503858e-01,-1.431272708227537631e-05,-5.862473186962165181e-06,1.315459730491604980e-05,1.000004703687773944e+00
2.129000362277752578e-02,-4.131529695651126599e-01,-4.131593184484552705e-01,1.000004224298348010e+00,-4.131685632323691681e-01,2.000004827769504612e+00,-4.131691978269804166e-01,4.132425160725385349e-01,-1.422370984747410436e-05,-6.394790624281137895e-06,1.427383453055486686e-05,1.000002413884752084e+00
2.129823290418959847e-02,-4.131529551815008583e-01,-4.131528136587924172e-01,1.000005894198936929e+00,-4.131663465012165304e-01,2.000006736227306181e+00,-4.131660327954279621e-01,4.132344669074716204e-01,-3.639140699820995957e-06,-6.301241250011893445e-06,6.971736043611709490e-06,1.000003368113653091e+00
2.130389645516423194e-02,-4.131529478772389408e-01,-4.131502049925485642e-01,1.000010874332218469e+00,-4.131638381896811651e-01,2.000012427808156801e+00,-4.131638201926343124e-01,4.132328409455841012e-01,-5.873128145000645932e-06,-1.127449873640740324e-05,1.208313723608383800e-05,1.000006213904078400e+00
2.131357139065071307e-02,-4.131529388829817129e-01,-4.131495282999688157e-01,1.000011977843817235e+00,-4.131619876774527689e-01,2.000013688964260350e+00,-4.131611775992943825e-01,4.132318438178564923e-01,-1.075250499665038396e-05,-1.164760995157975030e-05,1.083552811415777257e-05,1.000006844482130175e+00
2.132248039982110113e-02,-4.131529333472743759e-01,-4.131472989497054771e-01,1.000014486253930190e+00,-4.131555496418616302e-01,2.000016555718653777e+00,-4.131567647557232714e-01,4.132299840714792616e-01,-5.683544886608643432e-06,-8.370733643120664423e-06,9.309871381070842293e-06,1.000008277859326888e+00
2.133238726964954007e-02,-4.131529292384336083e-01,-4.131482720462003599e-01,1.000014401122158558e+00,-4.131731211178134022e-01,2.000016458425201371e+00,-4.131723217791233860e-01,4.132310612712334352e-01,-1.865115593154428956e-05,-1.489022637197919573e-05,1.831414442327558261e-05,1.000008229212600686e+00
2.134430603326223017e-02,-4.131529261335812886e-01,-4.131503933185509125e-01,1.000012419597838598e+00,-4.131555766945378960e-01,2.000014193825995878e+00,-4.131551955165070900e-01,4.132332324141331226e-01,-1.171935426876323481e-05,-1.049659964803149523e-05,1.168720022757644379e-05,1.000007096912997939e+00
2.135955104684467837e-02,-4.131529238898021816e-01,-4.131507268656723908e-01,1.000010950653634767e+00,-4.131526300198838930e-01,2.000012515032631999e+00,-4.131525612928075297e-01,4.132332320459531361e-01,-3.170070556433593905e-06,-1.065223151760573288e-05,1.099986978047038576e-05,1.000006257516315999e+00
2.136706639047846606e-02,-4.131529232123027362e-01,-4.131497275030900362e-01,1.000011967234399890e+00,-4.131587622253102832e-01,2.000013676839212273e+00,-4.131600747155219633e-01,4.132322225761908552e-01,-9.421524669993459471e-06,-1.224225253709071360e-05,1.242901426045868823e-05,1.000006838419606137e+00
2.138000180503890277e-02,-4.131529224393020172e-01,-4.131567538194591549e-01,1.000007871353225219e+00,-4.131643143145833363e-01,2.000008995832190273e+00,-4.131637644980504787e-01,4.132402226519014121e-01,-6.216728685397627649e-06,-7.609577538209559763e-06,6.604671012293163965e-06,1.000004497916095136e+00
2.139023436595971842e-02,-4.131529220547467962e-01,-4.131552818913585834e-01,1.000005684926983163e+00,-4.131564448449883131e-01,2.000006497059360733e+00,-4.131562913411632731e-01,4.132376353745447761e-01,-4.824484353597670286e-06,-2.336579110201945813e-06,5.141637063660890167e-06,1.000003248529680588e+00
2.140109471947906558e-02,-4.131529217799643217e-01,-4.131518389117119772e-01,1.000009474508218199e+00,-4.131527751650448943e-01,2.000010828009311403e+00,-4.131525472222928874e-01,4.132350345802557889e-01,-2.251317094348166446e-06,-3.194826987280018561e-06,4.005166588265131187e-06,1.000005414004655702e+00
2.141042870052807870e-02,-4.131529216143305372e-01,-4.131608963054698158e-01,1.000003974736354273e+00,-4.131592909252791990e-01,2.000004542555799070e+00,-4.131597012626813670e-01,4.132437444077518562e-01,-3.120704524673829041e-06,-6.584875271816117116e-06,6.035131078608320756e-06,1.000002271277899757e+00
2.141932618282544123e-02,-4.131529214961258689e-01,-4.131506421583667210e-01,1.000006948127388107e+00,-4.131490901682722816e-01,2.000007940716955535e+00,-4.131484201188917460e-01,4.132319467784626443e-01,5.762320612556130806e-07,-5.401526815133424890e-06,6.278598992252033022e-06,1.000003970358477767e+00
2.143046420927801829e-02,-4.131529213839205128e-01,-4.131444261524748751e-01,1.000016665414406480e+00,-4.131519175057830062e-01,2.000019046187750948e+00,-4.131514817348164170e-01,4.132271472383871602e-01,-3.396007830778787076e-06,-8.511624570211072922e-06,8.724196844885062432e-06,1.000009523093875474e+00
2.144000214312309291e-02,-4.131529213084486618e-01,-4.131529390083195641e-01,1.000012424071813344e+00,-4.131592154166462416e-01,2.000014198939109811e+00,-4.131598316924449121e-01,4.132365546142597879e-01,-1.580515767830431426e-05,-9.509830397250131404e-06,1.664706835659969278e-05,1.000007099469554683e+00
2.144789298331639671e-02,-4.131529212554648223e-01,-4.131569188902330381e-01,1.000006377907378008e+00,-4.131641654379128448e-01,2.000007289036949132e+00,-4.131643197721905358e-01,4.132399851365380350e-01,-2.691301643271757071e-06,1.037234187317722931e-06,2.263819949692105623e-06,1.000003644518474566e+00
2.145676714802820934e-02,-4.131529212028577924e-01,-4.131549262766211483e-01,1.000005136735685474e+00,-4.131558468235613235e-01,2.000005870555025655e+00,-4.131549829532206730e-01,4.132369788860384419e-01,2.742545410892184227e-06,8.988788477620143570e-07,2.030762816248723501e-06,1.000002935277512828e+00
2.147017930738619185e-02,-4.131529211324842521e-01,-4.131484637782935621e-01,1.000012261380420098e+00,-4.131533216957620214e-01,2.000014013006089719e+00,-4.131534008119886470e-01,4.132308345461327970e-01,-1.007373032627477569e-05,-1.048478427160626911e-05,1.106427380767032626e-05,1.000007006503044860e+00
2.148163286524484156e-02,-4.131529210777503680e-01,-4.131547966715212739e-01,1.000009067256093953e+00,-4.131628773525624077e-01,2.000010362578316325e+00,-4.131628729489441598e-01,4.132378236720221643e-01,-7.824205247455512784e-06,-8.751460392866552274e-06,8.939093038623609417e-06,1.000005181289157941e+00
2.149191653611295938e-02,-4.131529210311210565e-01,-4.131580528906519945e-01,1.000004530476435782e+00,-4.131696945206718152e-01,2.000005177687316671e+00,-4.131701406103686636e-01,4.132408319068305302e-01,-1.447726617240285985e-05,-1.268975426607599743e-05,1.402162246510797997e-05,1.000002588843658335e+00
2.150290357475571901e-02,-4.131529209829372107e-01,-4.131581177323707665e-01,1.000002822667499736e+00,-4.131626021244708125e-01,2.000003225905690130e+00,-4.131619648641435272e-01,4.132402681297328018e-01,-4.689883584121657161e-06,-4.393945089423683294e-06,4.580170148052305474e-06,1.000001612952845065e+00
2.152020541962757286e-02,-4.131529209090460952e-01,-4.131438086978929669e-01,1.000014912035326997e+00,-4.131565936632817237e-01,2.000017042325961114e+00,-4.131565900351658605e-01,4.132257246698246012e-01,-1.540981085407014113e-05,-1.331498514891985355e-05,1.657441517247510465e-05,1.000008521162980557e+00
2.153013826293573643e-02,-4.131529208672548581e-01,-4.131522432118852062e-01,1.000013276309832833e+00,-4.131742871420994168e-01,2.000015172925410312e+00,-4.131753541408735297e-01,4.132358254503016304e-01,-2.001080677121278316e-05,-1.786399094780792953e-05,1.959463449431864316e-05,1.000007586462705156e+00
2.154072053681743704e-02,-4.131529208230180772e-01,-4.131573189271064428e-01,1.000005680641230965e+00,-4.131748919520235597e-01,2.000006492161358729e+00,-4.131748535331782324e-01,4.132396636240841525e-01,-1.854921570099516291e-05,-6.752922350296137266e-06,1.748504102511092695e-05,1.000003246080679364e+00
2.155003727411091904e-02,-4.131529207842315476e-01,-4.131487562499557842e-01,1.000010037604151192e+00,-4.131578821270086022e-01,2.000011471547515907e+00,-4.131562359366282022e-01,4.132304854305815511e-01,-4.043433403359315876e-06,-3.640051034450863918e-06,3.984407967318073702e-06,1.000005735773757953e+00
2.155627050696463931e-02,-4.131529207583339303e-01,-4.131561906160211017e-01,1.000010272513396803e+00,-4.131599350429741579e-01,2.000011740015223083e+00,-4.131609653088282319e-01,4.132404087548881000e-01,-5.536241668772796853e-06,-9.048925898606753008e-06,9.028908658031925444e-06,1.000005870007611541e+00
2.156272709002237178e-02,-4.131529207315472463e-01,-4.131630437678366907e-01,1.000000736184498473e+00,-4.131630004859623284e-01,2.000000841353706260e+00,-4.131632471440291332e-01,4.132454850923832912e-01,-1.235657777626699055e-06,-3.376688832198228939e-06,1.721912091581095419e-06,1.000000420676853130e+00
2.157002540999999191e-02,-4.131555228139405789e-01,-4.131608704147415878e-01,9.999995545172446487e-01,-4.131662319036187303e-01,1.999999490876854802e+00,-4.131673086934245509e-01,4.132457669115940924e-01,-1.480576343958044565e-06,2.429932700063985982e-06,2.633261738955469008e-06,9.999997454384274009e-01
2.157510738090524099e-02,-4.131582110318415824e-01,-4.131618466337767526e-01,9.999983678740036463e-01,-4.131706277655514681e-01,1.999998134713161013e+00,-4.131699576903836713e-01,4.132435491077511847e-01,-4.204782303180249278e-07,2.826800007728721403e-06,2.857204274330716796e-06,9.999990673565805066e-01
2.158349376738790890e-02,-4.131582045888886334e-01,-4.131571184664554752e-01,1.000004025425924814e+00,-4.131687330529784652e-01,2.000004600486736450e+00,-4.131696176470292525e-01,4.132400661172230816e-01,-4.784126220446916922e-06,-3.697245517552860721e-06,6.285571656715322818e-06,1.000002300243368447e+00
2.159209633715267890e-02,-4.131581979798494841e-01,-4.131597604904904131e-01,1.000002645053644557e+00,-4.131725527793191910e-01,2.000003022918428464e+00,-4.131713111468652277e-01,4.132424738535563358e-01,-1.021141332918446656e-05,-4.875822206644103602e-06,8.807582012900890410e-06,1.000001511459214232e+00
2.160096957822204775e-02,-4.131581911628626758e-01,-4.131604602456226960e-01,1.000001469211839300e+00,-4.131519143252421200e-01,2.000001679099232099e+00,-4.131509399996451393e-01,4.132436335217255508e-01,5.906884344353961621e-06,4.994615937693304201e-06,6.557324713522881121e-06,1.000000839549616050e+00
2.161000324738581585e-02,-4.131581842226232926e-01,-4.131677924521563461e-01,9.999961654474219808e-01,-4.131706677441323028e-01,1.999995617654229285e+00,-4.131731685278919874e-01,4.132512658184165355e-01,-1.683650135565346561e-06,-1.772058593693456959e-06,2.483846347252857897e-06,9.999978088271146426e-01
2.161483027669449178e-02,-4.131581805141889552e-01,-4.131653774153565273e-01,9.999940753633379531e-01,-4.131673098666075461e-01,1.999993228986722382e+00,-4.131650152949687960e-01,4.132471769917303583e-01,-2.670859357860586082e-07,2.282574636900350144e-06,2.987366337992727851e-06,9.999966144933611911e-01
2.162225929535925573e-02,-4.131581748067462700e-01,-4.131595477453872123e-01,9.999994748678495693e-01,-4.131554420823295715e-01,1.999999399848975346e+00,-4.131553419177638742e-01,4.132416274089069086e-01,3.538025906236937882e-07,9.457352345612792023e-07,5.776352690819270585e-07,9.999996999244876728e-01
2.163106406846172086e-02,-4.131581680423607184e-01,-4.131554279708654076e-01,1.000005046010130405e+00,-4.131599667103486029e-01,2.000005766868677703e+00,-4.131615093967404562e-01,4.132383018094661353e-01,-4.069543459331479519e-06,-1.146355324177328256e-05,1.157549668800638940e-05,1.000002883434338852e+00
2.164054943420243987e-02,-4.131581607551026991e-01,-4.131609318357830074e-01,1.000002546837635009e+00,-4.131778870207628573e-01,2.000002910671561107e+00,-4.131781578101830221e-01,4.132435483774096197e-01,-6.933609848242420966e-06,-9.337501373507210071e-07,6.309770203004893034e-06,1.000001455335780554e+00
2.165019647799767966e-02,-4.131581533436323728e-01,-4.131530287568935811e-01,1.000005799221354685e+00,-4.131698949681537614e-01,2.000006627681498728e+00,-4.131699209286347485e-01,4.132349829939790387e-01,-1.562800423678661815e-05,-1.076000373257822184e-05,1.718808813199086344e-05,1.000003313840749364e+00
2.166000143302102346e-02,-4.131581458108436467e-01,-4.131560646396597591e-01,1.000007133635952394e+00,-4.131581289023978920e-01,2.000008152726741706e+00,-4.131558257575835280e-01,4.132391173755283753e-01,-2.198686475899087332e-06,-9.605526000129395355e-06,8.756241491975985208e-06,1.000004076363370853e+00
2.166500796388750455e-02,-4.131581419645066200e-01,-4.131581540109584005e-01,1.000004936870748873e+00,-4.131566946963080578e-01,2.000005642137956841e+00,-4.131574992535593238e-01,4.132412019779166390e-01,-1.412608819809619659e-06,-6.007688725761586552e-06,5.316986490525581396e-06,1.000002821068978420e+00
2.167673215198973394e-02,-4.131581329572436290e-01,-4.131597506959299726e-01,1.000001380171677168e+00,-4.131617675316698879e-01,2.000001577339047820e+00,-4.131617131723724357e-01,4.132422267704844998e-01,-1.492146613785198562e-06,-2.052994414413703530e-06,2.318869786369349381e-06,1.000000788669523910e+00
2.168393883868730346e-02,-4.131581274206074239e-01,-4.131557810600224312e-01,1.000003180751885434e+00,-4.131549508416511585e-01,2.000003635144985026e+00,-4.131519614148710384e-01,4.132373134885715116e-01,8.587241365405922269e-07,-5.832435731123111070e-08,1.857194657133005747e-06,1.000001817572492513e+00
2.169136100295193312e-02,-4.131581217184289723e-01,-4.131482253311860586e-01,1.000010858615284715e+00,-4.131354043472464377e-01,2.000012409845946859e+00,-4.131361313742302199e-01,4.132306032237650917e-01,4.780454467741109266e-06,1.990773180178359489e-06,3.460967249651750429e-06,1.000006204922973430e+00
2.170001190488934917e-02,-4.131581150722564155e-01,-4.131483293496577835e-01,1.000014050073039229e+00,-4.131712207390638714e-01,2.000016057226210897e+00,-4.131757107920531191e-01,4.132310206477167736e-01,-1.853453329763123366e-05,-1.817379895117560059e-05,2.105840508283394233e-05,1.000008028613105449e+00
2.170705050418965387e-02,-4.131581096647557461e-01,-4.131564313385501785e-01,1.000009693411197942e+00,-4.131748837976687017e-01,2.000011078184143365e+00,-4.131734082537955599e-01,4.132403928371901625e-01,-1.330685632209959347e-05,-8.879744875427598457e-06,1.098720102174213111e-05,1.000005539092071682e+00
2.171359102746058325e-02,-4.131581046399097623e-01,-4.131594847840224793e-01,1.000002008259681441e+00,-4.131625047384824834e-01,2.000002295153904708e+00,-4.131609260301518094e-01,4.132413484865368192e-01,-1.891836828752256538e-06,1.684764851943778325e-06,2.017291363363567136e-06,1.000001147576952354e+00
2.172268907665030405e-02,-4.131580976502128300e-01,-4.131555503663723594e-01,1.000006577600996538e+00,-4.131610787969233756e-01,2.000007517258225676e+00,-4.131614483046980313e-01,4.132392295236403945e-01,-1.280469024904740089e-05,-7.506434167003555624e-06,1.309679293001615810e-05,1.000003758629112838e+00
2.173199598645650030e-02,-4.131580905000572512e-01,-4.131655023880012600e-01,9.999988979711120773e-01,-4.131562191193406397e-01,1.999998740538422970e+00,-4.131559260999609906e-01,4.132486076456070023e-01,-2.067027932340799435e-06,2.858910543943441688e-07,2.503541872148104238e-06,9.999993702692114850e-01
2.174175097280149280e-02,-4.131580830056570397e-01,-4.131676198112322895e-01,9.999932156211582823e-01,-4.131476250330056721e-01,1.999992246424238562e+00,-4.131460644773913837e-01,4.132492628529145229e-01,2.296061425009627275e-05,1.707118234691543958e-05,2.306290013082188637e-05,9.999961232121192811e-01
2.175144487053667919e-02,-4.131580755581914510e-01,-4.131562995572864438e-01,1.000001759722626060e+00,-4.131484718724126592e-01,2.000002011111557287e+00,-4.131497619354125295e-01,4.132384924880480037e-01,5.937953268047162834e-06,5.535520600741907647e-06,3.845525794896793632e-06,1.000001005555778644e+00
2.176311094108086819e-02,-4.131580665955788545e-01,-4.131543249481495206e-01,1.000007261086067745e+00,-4.131623223439003789e-01,2.000008298384015504e+00,-4.131634691458372921e-01,4.132369507351921212e-01,-1.006219480933297808e-05,-5.813864178369745774e-06,1.080549979303920547e-05,1.000004149192007974e+00
2.177501518107345657e-02,-4.131580574499894021e-01,-4.131564755983928583e-01,1.000006769717552979e+00,-4.131691404993498296e-01,2.000007736820003323e+00,-4.131685407839887914e-01,4.132396342287705804e-01,-9.265930318345241899e-06,-8.026926362022482038e-07,7.699098518727750834e-06,1.000003868410001662e+00
2.178280292222554981e-02,-4.131580514669507820e-01,-4.131600406912716572e-01,1.000002819025285428e+00,-4.131608641493004774e-01,2.000003221743159365e+00,-4.131597262211740840e-01,4.132429186492481143e-01,3.241375306435386367e-06,6.342168784827357512e-06,5.659380492750564725e-06,1.000001610871579683e+00
2.179169969546494376e-02,-4.131580446318844912e-01,-4.131617322911833035e-01,1.000000131822059934e+00,-4.131579307970933979e-01,2.000000150653781894e+00,-4.131575037166342890e-01,4.132442663292656415e-01,3.231216419797780554e-06,-9.887598295748743091e-07,3.621868244928135507e-06,1.000000075326890947e+00
2.180191444795678488e-02,-4.131580367842644375e-01,-4.131597368406093596e-01,1.000000895429259407e+00,-4.131472890016557042e-01,2.000001023347717233e+00,-4.131478521603827447e-01,4.132419400248074637e-01,9.778638403599171979e-06,-4.870458258699975916e-08,9.233722847143113600e-06,1.000000511673858616e+00
2.181258068345684822e-02,-4.131580285897851201e-01,-4.131546601029327803e-01,1.000005475629488938e+00,-4.131591331331172512e-01,2.000006257862226189e+00,-4.131580694381441488e-01,4.132367765651906444e-01,-4.816389994057150030e-07,-5.968740041552909233e-06,5.829541909857515963e-06,1.000003128931113316e+00
2.182287676076061569e-02,-4.131580206796863219e-01,-4.131535357432858380e-01,1.000010335594445410e+00,-4.131478801099456866e-01,2.000011812107849618e+00,-4.131496953610899747e-01,4.132377014007352911e-01,-9.828634586118942171e-07,-5.510184184492825370e-06,5.814968212278003528e-06,1.000005906053924809e+00
2.183178142330136420e-02,-4.131580138385606005e-01,-4.131658721895870578e-01,9.999988133428813208e-01,-4.131591622603811298e-01,1.999998643820446231e+00,-4.131576666174737178e-01,4.132481508001540349e-01,7.605130376913748129e-06,2.488445066599652707e-06,9.166848090836924256e-06,9.999993219102230047e-01
2.184088067377419271e-02,-4.131580068479387968e-01,-4.131598349897985245e-01,9.999995667205505701e-01,-4.131425737788890773e-01,1.999999504823490204e+00,-4.131432378459378163e-01,4.132426584934849600e-01,1.271288724500950379e-05,6.841908801287838456e-06,1.207868495609399030e-05,9.999997524117451020e-01
2.185038951111075572e-02,-4.131579995426471474e-01,-4.131672488116360231e-01,9.999966556455669453e-01,-4.131687048005712182e-01,1.999996177880676518e+00,-4.131702538634798305e-01,4.132500870766149803e-01,7.602178465656334439e-06,5.025434901552113505e-06,8.006258060586150840e-06,9.999980889403382589e-01
2.185966161378954248e-02,-4.131579924192304576e-01,-4.131576930153543770e-01,9.999999286752858652e-01,-4.131481081677528255e-01,1.999999918486041750e+00,-4.131459672934538196e-01,4.132391447574570997e-01,1.567040326941792418e-05,8.443790541773534884e-06,1.575624058082434543e-05,9.999999592430208750e-01
2.186517338912997294e-02,-4.131579881847320390e-01,-4.131593325537304406e-01,1.000003730662186285e+00,-4.131516238543158637e-01,2.000004263613895272e+00,-4.131538788362862369e-01,4.132427220051574923e-01,7.324903178247344042e-06,1.889406927932550134e-06,5.528579855898131243e-06,1.000002131806947636e+00
2.187383715939520898e-02,-4.131579815286760549e-01,-4.131599301150345460e-01,9.999993721791330392e-01,-4.131608926019765260e-01,1.999999282490442898e+00,-4.131599695916163273e-01,4.132412596739464261e-01,7.761012237276663750e-07,1.149776009679855422e-06,9.978555594016903936e-07,9.999996412452215599e-01
2.188495090210545654e-02,-4.131579729903978593e-01,-4.131552436829914465e-01,1.000009143820120849e+00,-4.131661999788528439e-01,2.000010450080060398e+00,-4.131683313631309695e-01,4.132390978290276240e-01,-1.135839607508440071e-05,-1.013935536363481883e-05,1.206581220759753990e-05,1.000005225040030199e+00
2.189330196431502409e-02,-4.131579665745829244e-01,-4.131619862400822685e-01,1.000000644602053734e+00,-4.131683182697269419e-01,2.000000736688055891e+00,-4.131655056581461927e-01,4.132443753373601369e-01,-5.292929864813855181e-06,-3.276093280171100698e-06,3.394292434647632210e-06,1.000000368344027946e+00
2.190188169603483892e-02,-4.131579599830892957e-01,-4.131593482055536115e-01,1.000001058676164511e+00,-4.131478955574099943e-01,2.000001209915607703e+00,-4.131475994885567826e-01,4.132415795191649588e-01,3.264365051928400621e-06,-8.355773880781521530e-07,2.515869413330479040e-06,1.000000604957803851e+00
2.191349144425258633e-02,-4.131579510637470309e-01,-4.131578388866137264e-01,1.000005157073882822e+00,-4.131579508754051888e-01,2.000005893798679324e+00,-4.131594236976669499e-01,4.132413337864505043e-01,-7.801719526134302246e-06,-5.150738227212357458e-06,7.839874211010589440e-06,1.000002946899339662e+00
2.192417840728088860e-02,-4.131579428533471154e-01,-4.131626004674770480e-01,9.999981272556155432e-01,-4.131596459961243695e-01,1.999997859720719751e+00,-4.131577220877442613e-01,4.132446405315746141e-01,2.111449085733397853e-06,2.146743245645474029e-06,3.489676971775950176e-06,9.999989298603597643e-01
2.193231977193238480e-02,-4.131579365986355890e-01,-4.131573590034291477e-01,1.000001948103939942e+00,-4.131497793081670977e-01,2.000002226404486105e+00,-4.131499780461367899e-01,4.132392135582157455e-01,4.766292233734755017e-06,1.027907411059007282e-07,3.319691618075689212e-06,1.000001113202243053e+00
2.194239377626518855e-02,-4.131579288591465393e-01,-4.131519971515117406e-01,1.000009693127474897e+00,-4.131580339183997252e-01,2.000011077859888964e+00,-4.131588650508378757e-01,4.132354392930642772e-01,-1.007599970533073572e-05,-6.765788931339681662e-06,1.015435087485285886e-05,1.000005538929944482e+00
2.195143732927441749e-02,-4.131579219113173385e-01,-4.131599117992491577e-01,1.000004274990938580e+00,-4.131584366821242638e-01,2.000004885703893454e+00,-4.131579273240397754e-01,4.132427014564442613e-01,-1.593466659653932667e-06,-3.807512790062705838e-06,3.366632685845436254e-06,1.000002442851946727e+00
2.196128772427726264e-02,-4.131579143436219792e-01,-4.131597677213651454e-01,1.000001988229271443e+00,-4.131585627789771675e-01,2.000002272262007441e+00,-4.131602093320594360e-01,4.132430014823125775e-01,5.210234807861063045e-07,-5.489396570202570006e-06,4.900412468983042335e-06,1.000001136131003721e+00
2.197077737124148583e-02,-4.131579070530748687e-01,-4.131670542378866884e-01,9.999963387182585484e-01,-4.131742169697657507e-01,1.999995815678040856e+00,-4.131739999419286047e-01,4.132490095629023363e-01,1.212647242152621252e-06,8.649171883313688374e-06,9.724862122599847006e-06,9.999979078390204279e-01
2.198001568897703373e-02,-4.131578999556165255e-01,-4.131499684548963769e-01,1.000005311482159209e+00,-4.131471448496612520e-01,2.000006070265279767e+00,-4.131446283640169970e-01,4.132306405351370282e-01,7.578409053944010023e-07,-7.638116932251497835e-07,3.104280520993898013e-06,1.000003035132639884e+00
2.198938488241270264e-02,-4.131578927576093352e-01,-4.131494188123192579e-01,1.000013253108009259e+00,-4.131630674569002348e-01,2.000015146409040767e+00,-4.131648613362432498e-01,4.132322167230970122e-01,-1.623660983552270901e-05,-1.859494231721592450e-05,1.952898342691373207e-05,1.000007573204520384e+00
2.199865331399104840e-02,-4.131578856370119457e-01,-4.131581875329582432e-01,1.000007251454534618e+00,-4.131669558189778324e-01,2.000008287376549454e+00,-4.131666388270883727e-01,4.132419292635169938e-01,-8.567897570796805619e-06,-9.032149260814246696e-06,7.175025843120529991e-06,1.000004143688274727e+00
2.201003852149168230e-02,-4.131578768901750798e-01,-4.131659838635426407e-01,9.999971789023998081e-01,-4.131523231624165682e-01,1.999996775888480904e+00,-4.131509477069541525e-01,4.132490875057923119e-01,5.411976275584438797e-06,2.530403614206796034e-06,6.110475574488050960e-06,9.999983879442404522e-01
2.202007114501949858e-02,-4.131578691824800975e-01,-4.131467612784430754e-01,1.000008061173218055e+00,-4.131523363586690478e-01,2.000009212769322975e+00,-4.131534090781309176e-01,4.132274660737798033e-01,-7.329162054412715802e-06,-1.379040696582709452e-05,1.671073680651822052e-05,1.000004606384661709e+00
2.202903784615128924e-02,-4.131578622936928347e-01,-4.131572158922069971e-01,1.000009687072899389e+00,-4.131702727161922217e-01,2.000011070940373781e+00,-4.131714158657311953e-01,4.132414006653110095e-01,-1.939663774265757099e-05,-1.552200009976967453e-05,1.865675218366592429e-05,1.000005535470187112e+00
2.203800530654677348e-02,-4.131578554043207618e-01,-4.131621901102654482e-01,1.000000296431438729e+00,-4.131602028465922727e-01,2.000000338778785025e+00,-4.131587007221617092e-01,4.132450979842303695e-01,-2.878651926748966395e-06,-1.592721657398687727e-06,1.312718502207145650e-06,1.000000169389392290e+00
2.204904286910433497e-02,-4.131578469245691387e-01,-4.131560167290403984e-01,1.000002780193040230e+00,-4.131535734868438947e-01,2.000003177363451012e+00,-4.131536610106482654e-01,4.132377780677966017e-01,-1.752901083265375837e-06,-4.464797958939238851e-06,5.639332416590915816e-06,1.000001588681725506e+00
2.205919044234178408e-02,-4.131578391285604113e-01,-4.131541464527055951e-01,1.000007625101344777e+00,-4.131659155939949590e-01,2.000008714401471988e+00,-4.131672143642305395e-01,4.132367566955947868e-01,-1.234540996395402785e-05,-3.423043184833165788e-06,1.283346956935402427e-05,1.000004357200735994e+00
2.206695926656490961e-02,-4.131578331600554987e-01,-4.131610962076386340e-01,1.000004186367264403e+00,-4.131676943495620202e-01,2.000004784419695092e+00,-4.131677579997599103e-01,4.132448995937851866e-01,-5.804357936566973097e-06,-2.428706837624989462e-06,4.306865100334565558e-06,1.000002392209847546e+00
2.207646343988342932e-02,-4.131578258583478713e-01,-4.131645700944815980e-01,9.999962685629197878e-01,-4.131654569939276489e-01,1.999995735500511573e+00,-4.131658540055422879e-01,4.132469745735911082e-01,1.842625650395035864e-06,1.134743260719410204e-06,1.487689537280479943e-06,9.999978677502557867e-01
2.208928013688939151e-02,-4.131578160117535536e-01,-4.131571101196013229e-01,1.000001911090343976e+00,-4.131698682615738139e-01,2.000002184103233827e+00,-4.131703419708279146e-01,4.132389666805531547e-01,-3.801408932631771741e-06,-8.451159197052326074e-06,9.544260013329193361e-06,1.000001092051616913e+00
2.209617364249910967e-02,-4.131578107157243829e-01,-4.131492745851006454e-01,1.000008697884215092e+00,-4.131584170311514148e-01,2.000009940439028355e+00,-4.131553451318286663e-01,4.132306486795946920e-01,-1.235920434122957319e-06,-8.434295032466193015e-06,8.256229679045019398e-06,1.000004970219514400e+00
2.210309709880935516e-02,-4.131578053966835085e-01,-4.131470227982260712e-01,1.000016565639205268e+00,-4.131472830992223844e-01,2.000018932158950768e+00,-4.131487729880397031e-01,4.132312696722616474e-01,-2.744603450738201463e-06,-1.125540576730350896e-05,1.235838404545826744e-05,1.000009466079475384e+00
2.211132372574932045e-02,-4.131577990764680464e-01,-4.131603115409289706e-01,1.000006277032844393e+00,-4.131647153408378736e-01,2.000007173751768619e+00,-4.131664134857953585e-01,4.132434541615264134e-01,-1.197545432437445194e-05,-7.760006618157927919e-06,1.150715492545745919e-05,1.000003586875884309e+00
2.212057446949907899e-02,-4.131577919694597312e-01,-4.131613068511265086e-01,1.000000358508842169e+00,-4.131719219287454670e-01,2.000000409724387751e+00,-4.131729129416725765e-01,4.132439445576200354e-01,-9.549307188234332108e-06,-5.528597620470669464e-07,9.275380566905932415e-06,1.000000204862193875e+00
2.213106707794627870e-02,-4.131577839083723225e-01,-4.131608413345966846e-01,1.000000553761554833e+00,-4.131613270250142911e-01,2.000000632870343686e+00,-4.131604292133488343e-01,4.132436561572389588e-01,5.964569164761572601e-07,7.369179325518784137e-07,1.309420463481972249e-06,1.000000316435171843e+00
2.214269461473118358e-02,-4.131577749753625461e-01,-4.131599975333323793e-01,9.999986629669264104e-01,-4.131522861228371091e-01,1.999998471962213031e+00,-4.131502837575101172e-01,4.132406388834781730e-01,1.086611560001080801e-05,8.506079536196711605e-06,1.036150906348466058e-05,9.999992359811065157e-01
2.215345316010506813e-02,-4.131577667099706197e-01,-4.131442522091257619e-01,1.000016887340563487e+00,-4.131533151796282222e-01,2.000019299817642704e+00,-4.131549202776429452e-01,4.132275676423626254e-01,-1.120651343840362054e-05,-1.370479932626934964e-05,1.502371364272097918e-05,1.000009649908821574e+00
2.216295878974144234e-02,-4.131577594071456638e-01,-4.131511073000235235e-01,1.000013276607007118e+00,-4.131576597675777340e-01,2.000015173265037749e+00,-4.131574944886723388e-01,4.132343028420928377e-01,-9.771093249976224002e-06,-1.017035125079282797e-05,9.087970873746951524e-06,1.000007586632519097e+00
2.217439211085514561e-02,-4.131577506233444774e-01,-4.131550527499128767e-01,1.000006888424086027e+00,-4.131546312577666913e-01,2.000007872484611315e+00,-4.131545002555548907e-01,4.132375419351340118e-01,-4.636996594168878845e-06,-7.614421149699477113e-07,5.123554028903189594e-06,1.000003936242305658e+00
2.218691936772427750e-02,-4.131577409991141203e-01,-4.131513878331640188e-01,1.000009158494121309e+00,-4.131634784620463741e-01,2.000010466850346003e+00,-4.131647199109744761e-01,4.132335657480490920e-01,-1.126271246699338148e-05,-1.081649766041544689e-05,1.185814271263003237e-05,1.000005233425173001e+00
2.219635474881231224e-02,-4.131577337502559955e-01,-4.131489064666617472e-01,1.000012789915326161e+00,-4.131590501486045452e-01,2.000014617045978493e+00,-4.131569653765137518e-01,4.132314170447973223e-01,-1.121798467866956822e-05,-1.032463901508924082e-05,1.050750007308089200e-05,1.000007308522989247e+00
2.220492068667435578e-02,-4.131577271693572806e-01,-4.131538628511178812e-01,1.000011882548839770e+00,-4.131477418387415335e-01,2.000013580055715501e+00,-4.131472896797369621e-01,4.132378846887221346e-01,-2.884513523478713489e-06,-4.352175038789848799e-06,3.685967219205335333e-06,1.000006790027857750e+00
2.221337369122705283e-02,-4.131577206752220510e-01,-4.131605465832718926e-01,1.000001440218288851e+00,-4.131473760253592808e-01,2.000001645963746633e+00,-4.131482877962035505e-01,4.132425121738336204e-01,7.086469547698736541e-06,3.688106795610303838e-06,6.503084181928459649e-06,1.000000822981873316e+00
2.222221069025822823e-02,-4.131577138860806908e-01,-4.131561509962975443e-01,1.000004990759707502e+00,-4.131663463794676416e-01,2.000005703725337369e+00,-4.131683110436311090e-01,4.132394365191236485e-01,-7.187193402917955841e-06,-2.402019557788133392e-06,7.912802590609509815e-06,1.000002851862668685e+00
2.223106698461996961e-02,-4.131577070821158548e-01,-4.131626298460695512e-01,1.000000916260286088e+00,-4.131679631837794631e-01,2.000001047154604361e+00,-4.131673293884313702e-01,4.132450337756308212e-01,-1.921442218888936492e-06,6.741692258104814237e-06,7.066281309060624974e-06,1.000000523577302403e+00
2.224054917769368450e-02,-4.131576997972960519e-01,-4.131559460570018993e-01,1.000003308507214195e+00,-4.131619842244386720e-01,2.000003781151073579e+00,-4.131623931189110643e-01,4.132383605490140277e-01,-4.219108832962457952e-06,-3.821746708284450395e-06,5.706474458021156140e-06,1.000001890575537011e+00
2.225086371562287960e-02,-4.131576918730139880e-01,-4.131605012739923422e-01,1.000002503968845158e+00,-4.131704384277878339e-01,2.000002861678658928e+00,-4.131711282402626972e-01,4.132429028554675532e-01,-1.056661106726511559e-05,-4.347369752223928033e-06,9.994263651937539830e-06,1.000001430839329464e+00
2.226128067361237209e-02,-4.131576838700483645e-01,-4.131533254640114561e-01,1.000006433901665881e+00,-4.131721589635813929e-01,2.000007353030420543e+00,-4.131729303698729594e-01,4.132359354083779412e-01,-1.265459263418786270e-05,-1.420949890800838724e-05,1.483545445754391115e-05,1.000003676515210271e+00
2.227542986838121353e-02,-4.131576729997448738e-01,-4.131552480951739548e-01,1.000006387827955034e+00,-4.131735522128346383e-01,2.000007300374750940e+00,-4.131741298100783388e-01,4.132377701532393144e-01,-1.264045943973110830e-05,-1.030608627834546311e-05,1.286862543939121866e-05,1.000003650187375692e+00
2.229000061533734089e-02,-4.131576618055787242e-01,-4.131551249367048095e-01,1.000006885880780683e+00,-4.131570452828522977e-01,2.000007869577976383e+00,-4.131540665091817388e-01,4.132378106676646845e-01,-3.894996748707786276e-06,-5.524520918954437646e-06,4.939130722301702252e-06,1.000003934788988191e+00
2.230000194413241099e-02,-4.131576541219240672e-01,-4.131576801735125648e-01,1.000004948084109779e+00,-4.131568076793010191e-01,2.000005654953226131e+00,-4.131568068116487913e-01,4.132405916802480150e-01,-4.057259786949185670e-06,8.460377570613690066e-07,4.119940308583657618e-06,1.000002827476613065e+00
2.230542445553996764e-02,-4.131576499560046800e-01,-4.131641632403501574e-01,1.000001391861589539e+00,-4.131597223597843205e-01,2.000001590698947673e+00,-4.131604387501178755e-01,4.132481926849140286e-01,-2.808578339738993448e-06,-1.943770509115868589e-06,2.562466131384168924e-06,1.000000795349473837e+00
2.231242403315240874e-02,-4.131576445784864160e-01,-4.131696995238828274e-01,9.999921356287740926e-01,-4.131644633125970967e-01,1.999991012147237290e+00,-4.131650028761775229e-01,4.132511623432655878e-01,-2.941298876586931740e-07,-5.519501947124221849e-07,5.244622962515265825e-07,9.999955060736186452e-01
2.232088257479216548e-02,-4.131576380800984216e-01,-4.131582689901642236e-01,9.999987875365242695e-01,-4.131715781585421077e-01,1.999998614327466617e+00,-4.131731900419334247e-01,4.132401451439419171e-01,-1.052465304823425643e-05,-3.340987536006812226e-06,1.182204440865087769e-05,9.999993071637333086e-01
2.233131243972700034e-02,-4.131576300672165081e-01,-4.131543442092320828e-01,1.000006050645881217e+00,-4.131739755943546477e-01,2.000006915023812670e+00,-4.131725071283277040e-01,4.132361029233277416e-01,-1.106315705071610459e-05,-7.022793447355063048e-06,9.731488238299567414e-06,1.000003457511906335e+00
2.234092319933371831e-02,-4.131576226836214394e-01,-4.131452105143290643e-01,1.000014574443452098e+00,-4.131459603538928937e-01,2.000016656506678370e+00,-4.131438127401348415e-01,4.132288246850211455e-01,3.083181534425167457e-06,-5.165189716274181680e-06,5.848798426837413853e-06,1.000008328253339185e+00
2.234857495800612187e-02,-4.131576168050559716e-01,-4.131618253786238371e-01,1.000007511923985293e+00,-4.131588027150501219e-01,2.000008585055919497e+00,-4.131599090186022227e-01,4.132468067420391189e-01,3.681197993229301382e-06,-1.786143362908899702e-06,5.111161728217537071e-06,1.000004292527959748e+00
2.235393484963588140e-02,-4.131576126872487098e-01,-4.131676642183260140e-01,9.999961591773522951e-01,-4.131605046876765108e-01,1.999995610488435327e+00,-4.131602335654825375e-01,4.132504053663318411e-01,9.711215430939321998e-06,8.208716158402461167e-06,1.012301658550792481e-05,9.999978052442176635e-01
2.236164632975990579e-02,-4.131576067628027760e-01,-4.131667404602877847e-01,9.999931700256984302e-01,-4.131639531217645156e-01,1.999992194315142191e+00,-4.131632663658701410e-01,4.132480349682068899e-01,5.806854931602312775e-06,9.581949583128968051e-06,8.624352706976519013e-06,9.999960971575710955e-01
2.237027075167867876e-02,-4.131575855280322229e-01,-4.131527062487955204e-01,1.000003536894458422e+00,-4.131542988669981709e-01,2.000004042165065332e+00,-4.131540782159953129e-01,4.132341041389973046e-01,-2.675961517649587382e-06,-8.246860642310841540e-06,1.066602729291141289e-05,1.000002021082532666e+00
2.238001663785235684e-02,-4.131571443363961094e-01,-4.131531569475966337e-01,1.000009422918266111e+00,-4.131700635866950022e-01,2.000010769049366921e+00,-4.131710514985632576e-01,4.132359796762162807e-01,-1.862549759634428499e-05,-1.399959989593578581e-05,1.922056082172117435e-05,1.000005384524683461e+00
2.239176227277785841e-02,-4.131568099357721402e-01,-4.131514854759306687e-01,1.000010845725613828e+00,-4.131644718774966085e-01,2.000012395114894925e+00,-4.131657986261623172e-01,4.132350110464371173e-01,-1.988829883815246258e-05,-1.562465175516511139e-05,1.942982606587234556e-05,1.000006197557447463e+00
2.240185354298552395e-02,-4.131566317107500663e-01,-4.131611521737666992e-01,1.000002702132540389e+00,-4.131731906465635484e-01,2.000003088151451447e+00,-4.131717404380318426e-01,4.132435649637572483e-01,-5.647063423886450141e-06,-5.482768880162338126e-06,4.109506821838110586e-06,1.000001544075725723e+00
2.241069850416496992e-02,-4.131565283918230969e-01,-4.131572674837739600e-01,1.000002837995608962e+00,-4.131575969010068961e-01,2.000003243423528421e+00,-4.131569625729861195e-01,4.132394910461625326e-01,3.098364357792370564e-06,6.323095027545416725e-06,5.913672968708555773e-06,1.000001621711764432e+00
2.242002564477577758e-02,-4.131564549331693814e-01,-4.131539769263229966e-01,1.000006710322757675e+00,-4.131700932610152810e-01,2.000007668940237071e+00,-4.131719030988827979e-01,4.132362720503706677e-01,-6.484030245626116176e-06,-7.583595923268750259e-06,9.125314029289178394e-06,1.000003834470118536e+00
2.243002903898930894e-02,-4.131564031132836656e-01,-4.131538168987345938e-01,1.000008149366696797e+00,-4.131589221452013350e-01,2.000009313561869728e+00,-4.131572462181724581e-01,4.132364510978029370e-01,-1.548445895253869591e-05,-8.431275856677435503e-06,1.597193157530165406e-05,1.000004656780934864e+00
2.244003271919662451e-02,-4.131563695547762483e-01,-4.131486569016031840e-01,1.000011590112635629e+00,-4.131590873199744718e-01,2.000013245842913179e+00,-4.131592128106176820e-01,4.132307377866141218e-01,-6.502363065245376075e-06,-3.979392002531718120e-06,5.684491790998786977e-06,1.000006622921456589e+00
2.244537590994733975e-02,-4.131563567811244453e-01,-4.131488673974559878e-01,1.000013551510812393e+00,-4.131634103104737110e-01,2.000015487440812922e+00,-4.131652056604261936e-01,4.132316679780949076e-01,-1.108372252027055738e-05,-1.211395598000668432e-05,1.377082106569099085e-05,1.000007743720406461e+00
2.245648272739605295e-02,-4.131563380591741219e-01,-4.131551230412360831e-01,1.000009833228378886e+00,-4.131734729068645695e-01,2.000011237975206413e+00,-4.131729684075090003e-01,4.132387154834994414e-01,-1.778363704534222746e-05,-1.734139131221239217e-05,1.712297121615433701e-05,1.000005618987602984e+00
2.247000255734438526e-02,-4.131563246317827565e-01,-4.131577933856665497e-01,1.000003247955992824e+00,-4.131743997792456935e-01,2.000003711949678742e+00,-4.131753239210200768e-01,4.132402409968991552e-01,-1.290865464067483492e-05,-6.698666172227256001e-06,1.330775752988018357e-05,1.000001855974839371e+00
2.248000405044156200e-02,-4.131563186968023604e-01,-4.131633999071540608e-01,1.000000127894121960e+00,-4.131586461200016380e-01,2.000000146164709669e+00,-4.131562732731274279e-01,4.132466689218640132e-01,4.441469619811549646e-06,-1.487816377752486260e-06,6.783943902051246953e-06,1.000000073082354834e+00
2.248743317279056769e-02,-4.131563156796714265e-01,-4.131570187775095992e-01,1.000001159753602487e+00,-4.131543240232553593e-01,2.000001325432678723e+00,-4.131546654932839457e-01,4.132385598807435945e-01,5.393546556039091430e-06,2.996789675470212310e-06,4.502198209748028801e-06,1.000000662716339361e+00
2.249376408199345312e-02,-4.131563137687718767e-01,-4.131525146957872874e-01,1.000007630372793388e+00,-4.131602570752133663e-01,2.000008720425984876e+00,-4.131621012043931174e-01,4.132348963723377899e-01,-3.934828339620262316e-06,-3.635390481741891642e-06,6.088295572841312339e-06,1.000004360212992438e+00
2.250284944993509104e-02,-4.131563117902035676e-01,-4.131522801110905641e-01,1.000010590708626301e+00,-4.131725273430381651e-01,2.000012103666910956e+00,-4.131713227985970294e-01,4.132356030611581965e-01,-1.460031711489588031e-05,-1.248390673182966706e-05,1.277253925511806188e-05,1.000006051833455478e+00
2.251099608008227254e-02,-4.131563105613979547e-01,-4.131581133893626467e-01,1.000005909671724647e+00,-4.131524853896337279e-01,2.000006753910492208e+00,-4.131513371168556992e-01,4.132411286997430544e-01,6.497546936622992787e-06,-2.735095262855405701e-06,6.972282621998927653e-06,1.000003376955246104e+00
2.252000448099068797e-02,-4.131563096129411972e-01,-4.131598581182290841e-01,1.000002280385341002e+00,-4.131734064393101646e-01,2.000002606154656082e+00,-4.131767001763844149e-01,4.132426578391180105e-01,-8.573731272870713983e-06,-8.737331787494216810e-07,1.079268781136162882e-05,1.000001303077327819e+00
2.252552742433056032e-02,-4.131563091844018820e-01,-4.131585108561611208e-01,1.000002187038130375e+00,-4.131680310451374405e-01,2.000002499472130157e+00,-4.131653390709481011e-01,4.132408100355338121e-01,-5.884398418539161798e-06,2.120622432910178963e-06,4.790798458371948323e-06,1.000001249736065079e+00
2.253484465807025286e-02,-4.131563086479854152e-01,-4.131581288161018106e-01,1.000004305650823211e+00,-4.131574081283355682e-01,2.000004920743761794e+00,-4.131588724713164407e-01,4.132411297009609963e-01,-1.322183163481433235e-06,1.509882743777316751e-06,1.583401010293155365e-06,1.000002460371880675e+00
2.254389223674197959e-02,-4.131563082863795588e-01,-4.131586274845478468e-01,1.000001960903642795e+00,-4.131637001673044707e-01,2.000002241032717620e+00,-4.131624975020205537e-01,4.132406629984851087e-01,7.990202913248695483e-07,2.615526946204122561e-06,3.336486549736445559e-06,1.000001120516358810e+00
2.255174715950376829e-02,-4.131563080593076420e-01,-4.131549201176759056e-01,1.000005859311403178e+00,-4.131554499526625679e-01,2.000006696355839164e+00,-4.131552744906686336e-01,4.132379328156711162e-01,4.846194206927350117e-06,2.802610603728889736e-06,4.439459428463472089e-06,1.000003348177919804e+00
2.256041014422706034e-02,-4.131563078734729610e-01,-4.131597761573444494e-01,1.000003731787730166e+00,-4.131638112274327312e-01,2.000004264900231199e+00,-4.131645447430367102e-01,4.132427136087761799e-01,-1.384799753992008476e-06,-9.753735691988309864e-06,1.004074696840545135e-05,1.000002132450115599e+00
2.256953471824214505e-02,-4.131563077283475494e-01,-4.131579740219878949e-01,1.000002801324463286e+00,-4.131584981615508134e-01,2.000003201513648410e+00,-4.131577258469114056e-01,4.132403462762840873e-01,-1.016506434982995469e-06,-3.065418153471436098e-06,2.548861990424635656e-06,1.000001600756824205e+00
2.258006193287394672e-02,-4.131563076038304305e-01,-4.131555656573737134e-01,1.000005449315358952e+00,-4.131622452248138733e-01,2.000006227788935220e+00,-4.131630001142060915e-01,4.132379735229838036e-01,-1.036155277916544835e-05,-5.603281153765101911e-06,1.138538262876383606e-05,1.000003113894467610e+00
2.259078123390515641e-02,-4.131563075075364022e-01,-4.131536858403479506e-01,1.000007916390946328e+00,-4.131650725779826838e-01,2.000009047303870968e+00,-4.131650154216072734e-01,4.132370636556090826e-01,-1.233975172701480011e-05,-1.292812846008767580e-05,1.262890610412136418e-05,1.000004523651935484e+00
2.260013458133462369e-02,-4.131563074396295554e-01,-4.131674226514916448e-01,9.999989963697248907e-01,-4.131512241211439118e-01,1.999998852993980059e+00,-4.131487622773969970e-01,4.132512618194950638e-01,1.364014911543148413e-05,5.861827108098739490e-06,1.739743433847095065e-05,9.999994264969899183e-01
2.260748285770637286e-02,-4.131563073933178232e-01,-4.131607660869011101e-01,9.999968249126929276e-01,-4.131492600337655086e-01,1.999996371328818912e+00,-4.131508515844709573e-01,4.132421615751850075e-01,1.597968111026077938e-05,2.953262685324903854e-06,1.425618966129604782e-05,9.999981856644094558e-01
2.261254604365099674e-02,-4.131563073640254213e-01,-4.131570073420133271e-01,1.000002696259070234e+00,-4.131563359399977320e-01,2.000003081438914698e+00,-4.131562392362351788e-01,4.132398242266711041e-01,6.533198378611812132e-06,-4.312766333382289028e-06,5.747787761042783016e-06,1.000001540719457349e+00
2.262081487727140433e-02,-4.131563073195959057e-01,-4.131591928706037642e-01,1.000003188624834616e+00,-4.131437951727361391e-01,2.000003644142640979e+00,-4.131426582835123207e-01,4.132416412959998286e-01,1.074597331896614621e-05,5.305385535535964119e-06,1.096787078651752714e-05,1.000001822071320490e+00
2.262976070402856338e-02,-4.131563072749863674e-01,-4.131544634264929794e-01,1.000005436512080959e+00,-4.131609752591824947e-01,2.000006213156617640e+00,-4.131641207234320601e-01,4.132365222420594786e-01,-1.059323810737753605e-05,-8.531252829469327241e-06,1.384681819665496534e-05,1.000003106578308820e+00
2.263494658269799009e-02,-4.131563072503106060e-01,-4.131535597900472534e-01,1.000007831864225150e+00,-4.131659074050403890e-01,2.000008950701904542e+00,-4.131650716426806813e-01,4.132361365419366939e-01,-1.236630838722837164e-05,-1.074071181781697039e-05,1.129165333646694211e-05,1.000004475350952271e+00
2.264305979153979562e-02,-4.131563072129717518e-01,-4.131541324337654197e-01,1.000008441768496459e+00,-4.131598938181280101e-01,2.000009647735352836e+00,-4.131613244322205336e-01,4.132371583523941627e-01,-5.778102351136542085e-06,-9.140966934189535410e-06,9.422212630543837128e-06,1.000004823867676418e+00
2.265317290741002826e-02,-4.131563071679767996e-01,-4.131582667282077681e-01,1.000004763070262204e+00,-4.131746485194527363e-01,2.000005443508830361e+00,-4.131743689187693525e-01,4.132412892357165690e-01,-1.038836993964726260e-05,-9.573464871734617334e-06,9.796646746890982411e-06,1.000002721754415180e+00
2.266420472087449928e-02,-4.131563071201821424e-01,-4.131578385015619026e-01,1.000001503310888884e+00,-4.131633998676638164e-01,2.000001718069574164e+00,-4.131607250606212367e-01,4.132394128531978184e-01,-2.554561091965374951e-06,-6.226001428662818393e-06,5.674771812927984833e-06,1.000000859034787304e+00
2.267336712934514900e-02,-4.131563070811431482e-01,-4.131510449783630801e-01,1.000009888071025310e+00,-4.131523302841276224e-01,2.000011300652515978e+00,-4.131547240800467202e-01,4.132338308719963882e-01,-3.304996300461815320e-06,-8.561910908679316507e-06,9.283202288686963360e-06,1.000005650326257989e+00
2.268656233367839087e-02,-4.131563070255709347e-01,-4.131528013740132232e-01,1.000009384008793356e+00,-4.131611198248191785e-01,2.000010724581397614e+00,-4.131594989612847324e-01,4.132354819837635862e-01,-1.037642643778354820e-05,-1.136870824435730808e-05,1.175441378388047569e-05,1.000005362290699029e+00
2.270000000000000143e-02,-4.131563069694471069e-01,-4.131463958623182164e-01,1.000013429190544478e+00,-4.131583886671003625e-01,2.000015347646222352e+00,-4.131589770765179970e-01,4.132282888447557645e-01,-1.133719858438913499e-05,-1.345895165088196201e-05,1.382488420358669986e-05,1.000007673823111176e+00
2.271120621582157703e-02,-4.131563069228530449e-01,-4.131496560718587174e-01,1.000013899696106323e+00,-4.131495335607666686e-01,2.000015885366860591e+00,-4.131492459384678018e-01,4.132327449405803210e-01,-3.417603916490434533e-06,-9.433924765644128270e-06,9.155118297993281240e-06,1.000007942683430073e+00
2.272139124794205628e-02,-4.131563068806013983e-01,-4.131551443334238183e-01,1.000008915760630890e+00,-4.131597176893191392e-01,2.000010189440645458e+00,-4.131611398409271718e-01,4.132388875305912923e-01,-4.263203843618083088e-06,-7.754431042086579878e-06,7.039527229915545728e-06,1.000005094720322729e+00
2.273119396125312247e-02,-4.131563068399947691e-01,-4.131669620821050715e-01,9.999978106130752442e-01,-4.131730631088564865e-01,1.999997497843533312e+00,-4.131724760604887359e-01,4.132496566857526976e-01,-4.525664352022049960e-06,4.913773545136641167e-06,5.641114135377367794e-06,9.999987489217666559e-01
2.274038945027326633e-02,-4.131563068019398766e-01,-4.131631282602145072e-01,9.999966242424203067e-01,-4.131592862892208284e-01,1.999996141991366105e+00,-4.131588677646438890e-01,4.132456509848996817e-01,-8.516680278600303423e-07,-4.031979758733863362e-07,1.528735027509944303e-06,9.999980709956831637e-01
2.275010515985200280e-02,-4.131563067617513019e-01,-4.131689066972081825e-01,9.999943737484920936e-01,-4.131616947844720111e-01,1.999993569998324450e+00,-4.131613123152828027e-01,4.132520234554459271e-01,4.271956796176712576e-06,7.857833631926029876e-06,9.163941379764354816e-06,9.999967849991622248e-01
2.275999999999999898e-02,-4.131563067208396389e-01,-4.131581481400162237e-01,9.999991326342979603e-01,-4.131551263338720248e-01,1.999999008724919536e+00,-4.131554912169428384e-01,4.132395160460239358e-01,1.872200842502871529e-06,-3.169767483561627752e-06,5.358520801933639515e-06,9.999995043624597679e-01
2.276823670316900292e-02,-4.131563066867908751e-01,-4.131569931631955961e-01,1.000004642385972531e+00,-4.131614969976626917e-01,2.000005305583929527e+00,-4.131615674609421807e-01,4.132396391896904220e-01,2.405791133989244199e-07,-4.982426782135643744e-06,4.377869740164400594e-06,1.000002652791964541e+00
2.277070640409456850e-02,-4.131611579088513286e-01,-4.131594611088542646e-01,1.000004584095703031e+00,-4.131619351120927042e-01,2.000005238966478860e+00,-4.131633190878423179e-01,4.132446501925406412e-01,2.161896229063617027e-06,-3.385494557800296293e-06,2.819006902890887946e-06,1.000002619483239430e+00
2.278000767361242768e-02,-4.131611507630260638e-01,-4.131635672915475732e-01,9.999984761212351581e-01,-4.131684328394469308e-01,1.999998258424281916e+00,-4.131689576006547515e-01,4.132463839352530921e-01,7.078453931619333694e-07,4.778253174945773511e-06,5.345540172775055829e-06,9.999991292121409581e-01
2.279001045416309199e-02,-4.131611430782554106e-01,-4.131619481818124551e-01,9.999987607566420689e-01,-4.131598115320934128e-01,1.999998583721887213e+00,-4.131589651700861010e-01,4.132443893098309284e-01,3.991398947610908231e-06,4.831476234045238130e-07,4.103433767555836312e-06,9.999992918609436066e-01
2.280054181762355275e-02,-4.131611349873942629e-01,-4.131680205077107315e-01,9.999952223902330850e-01,-4.131676454978336355e-01,1.999994539874592636e+00,-4.131677162105082957e-01,4.132510649647269108e-01,6.948686256285609528e-06,2.621389992302053769e-06,7.215382990472529090e-06,9.999972699372963181e-01
2.281066033946248933e-02,-4.131611272137033497e-01,-4.131687917399751719e-01,9.999922174775577322e-01,-4.131665194677562325e-01,1.999991105688703641e+00,-4.131665403057390717e-01,4.132510304141177038e-01,2.313376147903375176e-06,7.476064623605734838e-06,7.128034111258720232e-06,9.999955528443518205e-01
2.282053279744619689e-02,-4.131611196290555510e-01,-4.131607518358559883e-01,9.999978295075112600e-01,-4.131608989935267595e-01,1.999997519437174187e+00,-4.131609407062615813e-01,4.132430338519385571e-01,-1.967767929341724910e-06,-6.511536218367271076e-06,7.703065341179594222e-06,9.999987597185870936e-01
2.283073507021969595e-02,-4.131611117910246045e-01,-4.131642044548085591e-01,9.999985448397485932e-01,-4.131623756293409944e-01,1.999998336959724954e+00,-4.131621821389677152e-01,4.132475148092845108e-01,-9.137962045443199265e-07,-2.677731217661296678e-06,1.858433983954822120e-06,9.999991684798625879e-01
2.284363068649171782e-02,-4.131611018837970661e-01,-4.131709231761394041e-01,9.999889837965256767e-01,-4.131641486802390406e-01,1.999987410053266190e+00,-4.131627459796560209e-01,4.132526403745586108e-01,9.461831058108070806e-06,9.055116631331517477e-06,1.016955260017635905e-05,9.999937050266329841e-01
2.285827045493852086e-02,-4.131610906366035563e-01,-4.131621049725948680e-01,9.999983761232347224e-01,-4.131584017159808386e-01,1.999998144140853418e+00,-4.131581451308435349e-01,4.132444972141601225e-01,3.839157917010819300e-06,2.456869586587477631e-06,3.621117404049704709e-06,9.999990720704267089e-01
2.287029530306254263e-02,-4.131610813983530028e-01,-4.131600407344866999e-01,1.000000928404544798e+00,-4.131634123177722606e-01,2.000001061033757743e+00,-4.131644687409732897e-01,4.132423671717619373e-01,-6.868623043783138313e-06,-1.781982846128949834e-06,7.681211142915710601e-06,1.000000530516878872e+00
2.288059298347432449e-02,-4.131610734870204693e-01,-4.131528815146966460e-01,1.000006669486522171e+00,-4.131710641000707618e-01,2.000007622270254526e+00,-4.131712589656389434e-01,4.132354370792705733e-01,-9.579582417969633980e-06,-8.803773487827421126e-06,1.019652829770345426e-05,1.000003811135127041e+00
2.289200798740648191e-02,-4.131610647172913597e-01,-4.131602483888925370e-01,1.000003367256452336e+00,-4.131677072875560852e-01,2.000003848293059772e+00,-4.131675661552197121e-01,4.132431990749729223e-01,-6.423560537045244369e-06,-3.037050756174001945e-06,6.184886932434966974e-06,1.000001924146529886e+00
2.290270422065709618e-02,-4.131610564997675872e-01,-4.131622736496469162e-01,9.999993344543774976e-01,-4.131707731267327821e-01,1.999999239376437199e+00,-4.131703910775624267e-01,4.132447835736943187e-01,-7.236523293189379399e-06,2.684919397946490782e-07,6.915646358616357223e-06,9.999996196882185995e-01
2.291546133192017692e-02,-4.131610466989483754e-01,-4.131636789221664885e-01,9.999992725004501759e-01,-4.131677335026943121e-01,1.999999168571949149e+00,-4.131672181240782504e-01,4.132468940826911630e-01,-3.050075283692743825e-06,-4.618791111198177951e-06,4.043810339646276460e-06,9.999995842859745743e-01
2.292706014191503092e-02,-4.131610377880077789e-01,-4.131595421260611523e-01,9.999981267762265702e-01,-4.131533842220352915e-01,1.999997859172846226e+00,-4.131522840638698346e-01,4.132409586034095916e-01,5.946377221501495807e-06,6.972395423475917702e-07,5.317044958455769698e-06,9.999989295864231131e-01
2.293443609224215390e-02,-4.131610321213339820e-01,-4.131597533396960675e-01,1.000004478333036406e+00,-4.131605864484416135e-01,2.000005118094860368e+00,-4.131641348854951379e-01,4.132438010821365970e-01,-4.692565368088090921e-06,-6.797299380452053854e-06,7.417383871608182319e-06,1.000002559047430406e+00
2.294235871750050643e-02,-4.131610260346713637e-01,-4.131674293213915550e-01,9.999951551718876397e-01,-4.131781524124129579e-01,1.999994463053627269e+00,-4.131772536267037110e-01,4.132491681345531465e-01,-7.145399879943841511e-06,-1.926531470549421270e-06,5.814176371375798137e-06,9.999972315268136347e-01
2.295213480000702841e-02,-4.131610185240683908e-01,-4.131585754480876505e-01,1.000001002887259460e+00,-4.131665880963397708e-01,2.000001146156859644e+00,-4.131662922976130914e-01,4.132415023024506584e-01,-4.160638279801693043e-06,-9.932440636179828904e-07,4.594660772017598623e-06,1.000000573078429822e+00
2.296134294886550270e-02,-4.131610114497873409e-01,-4.131627184535549557e-01,1.000000172017314615e+00,-4.131623536154629961e-01,2.000000196591215307e+00,-4.131621090790494888e-01,4.132456728175090133e-01,-7.823250732981867383e-07,1.767992766934209015e-06,1.501301447561811951e-06,1.000000098295607653e+00
2.297080764387437329e-02,-4.131610041784088971e-01,-4.131652518055275447e-01,9.999968383301600650e-01,-4.131691177970954199e-01,1.999996386663066783e+00,-4.131699195979281480e-01,4.132480940864995400e-01,-1.035640504758696784e-06,-4.680743461326032225e-06,4.385768845014965341e-06,9.999981933315333915e-01
2.298037069420121384e-02,-4.131609968314669534e-01,-4.131667348784640592e-01,9.999947950227745519e-01,-4.131663114757895272e-01,1.999994051454643929e+00,-4.131655179983652060e-01,4.132488266905761098e-01,4.576393453961904801e-06,5.491148682977980028e-06,6.224814632565573031e-06,9.999970257273219643e-01
2.299060768093710155e-02,-4.131609889667668956e-01,-4.131471626309384804e-01,1.000008344980663821e+00,-4.131542986679020424e-01,2.000009537120687408e+00,-4.131545994274171130e-01,4.132291933648545856e-01,-5.543371458298295948e-06,-7.162687564196169695e-06,9.044118012102772260e-06,1.000004768560343704e+00
2.300026800510012251e-02,-4.131609815450977274e-01,-4.131570228683297263e-01,1.000008787048959791e+00,-4.131645184994536257e-01,2.000010042341593408e+00,-4.131642274520062053e-01,4.132405361476658157e-01,-6.435151429921461432e-06,-4.606589965800723953e-06,4.835124160007189678e-06,1.000005021170796704e+00
2.301001695922699417e-02,-4.131609740553329191e-01,-4.131562028323297331e-01,1.000004916852836878e+00,-4.131677347742169215e-01,2.000005619260342815e+00,-4.131689928244469678e-01,4.132386658831330162e-01,-8.987774420707938820e-06,-1.021001278593472603e-05,1.153955133909113418e-05,1.000002809630171408e+00
2.302005218291304153e-02,-4.131609663456398129e-01,-4.131683918710168379e-01,9.999973291187168600e-01,-4.131756910756938517e-01,1.999996947564270489e+00,-4.131757254712777883e-01,4.132522396407297127e-01,-1.437868404194353128e-05,-3.483739869746538299e-06,1.384532098832802508e-05,9.999984737821352443e-01
2.302739507579768669e-02,-4.131609607043628674e-01,-4.131590784439229669e-01,9.999972118956625966e-01,-4.131620954040602367e-01,1.999996813595066758e+00,-4.131603987817892842e-01,4.132400526802408880e-01,-4.528045682854258143e-06,-1.428620965972752433e-06,4.357912849304336975e-06,9.999984067975332680e-01
2.303443774221614754e-02,-4.131609552937404173e-01,-4.131563109378020293e-01,1.000006389598974588e+00,-4.131616303099986953e-01,2.000007302398773668e+00,-4.131628840115952328e-01,4.132398376706509224e-01,-8.231169370586155823e-06,-7.228455880870691802e-06,8.352627557911754936e-06,1.000003651199386834e+00
2.304308208324331100e-02,-4.131609486526103270e-01,-4.131627850392432522e-01,1.000000471262310286e+00,-4.131619617214923879e-01,2.000000538585493537e+00,-4.131614342559652431e-01,4.132456717167297677e-01,4.384426204449128719e-07,3.758502679652556482e-06,4.474940244495444823e-06,1.000000269292746768e+00
2.306004282808217509e-02,-4.131609356222953333e-01,-4.131628340503349373e-01,9.999978465403669414e-01,-4.131554345168761411e-01,1.999997538903294902e+00,-4.131549302371198551e-01,4.132452760161595129e-01,3.127866024696655951e-06,5.235500984940053542e-06,4.958960483231717074e-06,9.999987694516474512e-01
2.307165033714812796e-02,-4.131609267046696399e-01,-4.131612107303067605e-01,9.999998343181519811e-01,-4.131493800877057421e-01,1.999999810649317977e+00,-4.131480463723315455e-01,4.132438060667198432e-01,1.260897734872086516e-05,6.949242494057342102e-06,1.307914456590420475e-05,9.999999053246589886e-01
2.308410647238517618e-02,-4.131609171350771326e-01,-4.131615582479954973e-01,1.000000226523626967e+00,-4.131378318361063062e-01,2.000000258884143456e+00,-4.131379313757071459e-01,4.132443407315227746e-01,1.327909206877764832e-05,8.220052868313406424e-06,1.254319807575028689e-05,1.000000129442071506e+00
2.309883636679654559e-02,-4.131609058186386796e-01,-4.131593583648434653e-01,1.000000789274033908e+00,-4.131508233070168568e-01,2.000000902027460281e+00,-4.131526208150477220e-01,4.132415754896207050e-01,6.798224321325839183e-06,3.412354917619663022e-06,6.183957329261127664e-06,1.000000451013730141e+00
2.310831509129167294e-02,-4.131608985364817466e-01,-4.131637941687215654e-01,9.999999271029240688e-01,-4.131673231425440074e-01,1.999999916689056967e+00,-4.131686243088932842e-01,4.132471556959673720e-01,-1.113337639901393034e-06,3.895697696936044182e-06,4.802408035326111490e-06,9.999999583445284834e-01
2.311648762685624900e-02,-4.131608922578206000e-01,-4.131653198902435764e-01,9.999958242718668400e-01,-4.131643917808045519e-01,1.999995227739312043e+00,-4.131634751736864009e-01,4.132478757182806994e-01,1.449753430034969249e-06,3.284757284777665536e-06,2.388031990755418336e-06,9.999976138696560213e-01
2.312363762244880674e-02,-4.131608867647388328e-01,-4.131635034154512720e-01,9.999964831391676690e-01,-4.131634095675761897e-01,1.999995980730507217e+00,-4.131638162007820747e-01,4.132455981271425105e-01,1.280508872228953172e-07,-3.154832637902785844e-08,3.378186992153093520e-07,9.999979903652536084e-01
2.313311983879404524e-02,-4.131608794798989903e-01,-4.131606795701333046e-01,1.000000956490823434e+00,-4.131625013419618075e-01,2.000001093132361518e+00,-4.131614279331425887e-01,4.132438138126500737e-01,2.529350555677310285e-07,-7.691258789340031489e-07,1.571406280700556406e-06,1.000000546566180759e+00
2.314264180800408924e-02,-4.131608721645176896e-01,-4.131648128005583898e-01,9.999973550238215880e-01,-4.131557682576253443e-01,1.999996977170104273e+00,-4.131570522707397886e-01,4.132474212591957241e-01,2.118625946155680657e-06,-1.757336086070230600e-06,2.497677973416931495e-06,9.999984885850521366e-01
2.316000000000000697e-02,-4.131608588288605555e-01,-4.131638805176220952e-01,9.999972377361163733e-01,-4.131638335666248940e-01,1.999996843127013646e+00,-4.131634766823334415e-01,4.132464683418990981e-01,3.510875401045757721e-06,2.919633809871223466e-06,3.471342654283269046e-06,9.999984215635068230e-01
2.317373092016318178e-02,-4.131608482799004611e-01,-4.131658688372142896e-01,9.999940966758948946e-01,-4.131573118851684101e-01,1.999993253343930188e+00,-4.131562556501683914e-01,4.132477798950046632e-01,1.140703371493373388e-06,5.415787922538867019e-06,5.207396403579973707e-06,9.999966266719650942e-01
2.318334928733811057e-02,-4.131608408904598462e-01,-4.131605079222594457e-01,9.999999176787781607e-01,-4.131575575361960961e-01,1.999999905918604437e+00,-4.131583622910183773e-01,4.132431264486348677e-01,-6.565060743196549384e-06,-8.312108443043113374e-07,6.065681840518991050e-06,9.999999529593022185e-01
2.319385463948226908e-02,-4.131608328195821023e-01,-4.131594243401313093e-01,1.000001209844424199e+00,-4.131587483149986029e-01,2.000001382679331918e+00,-4.131583865911140352e-01,4.132416628067465125e-01,-9.440240737646306011e-08,-1.015061085178311450e-06,1.336985434276157692e-06,1.000000691339665959e+00
2.320684046766650216e-02,-4.131608228430465046e-01,-4.131576395252620215e-01,1.000004535601056510e+00,-4.131567852854555745e-01,2.000005183544025567e+00,-4.131559735653743126e-01,4.132404552256114250e-01,-2.813182099468048370e-06,-1.430635006524206715e-06,2.039962405955914215e-06,1.000002591772012783e+00
2.321442723845551850e-02,-4.131608170144062120e-01,-4.131579213892090374e-01,1.000003525588621489e+00,-4.131548733178718180e-01,2.000004029244108583e+00,-4.131558034122904122e-01,4.132404161435893619e-01,-1.892310356945878042e-06,-3.318332265634153238e-07,3.076395777813713344e-06,1.000002014622054514e+00
2.323000201970290557e-02,-4.131608050488771999e-01,-4.131613660637148411e-01,1.000001742284865935e+00,-4.131810749001990635e-01,2.000001991182689398e+00,-4.131835733421317380e-01,4.132444819613085296e-01,-2.429567494342101477e-05,-1.482826718812225646e-05,2.549388721053399748e-05,1.000000995591344699e+00
2.323494328897419275e-02,-4.131608012526762352e-01,-4.131612342756021405e-01,1.000000104161083314e+00,-4.131751769239014327e-01,2.000000119041237312e+00,-4.131722066349904909e-01,4.132437160875248039e-01,-1.340210606948952222e-05,-5.477794020600941291e-06,9.831398999851140083e-06,1.000000059520618656e+00
2.324184418751283621e-02,-4.131607959509672190e-01,-4.131620860445865961e-01,1.000000622069792566e+00,-4.131537602858434410e-01,2.000000710936900461e+00,-4.131531841121330317e-01,4.132461735494425970e-01,7.069747119152933259e-06,6.272094301023993930e-06,7.140964883123214169e-06,1.000000355468450230e+00
2.325002011659884141e-02,-4.131607896697002125e-01,-4.131761500459716352e-01,9.999904338692767736e-01,-4.131728061556955711e-01,1.999989067279255073e+00,-4.131753783915006473e-01,4.132604796940851366e-01,3.127579740192116087e-06,7.820691888912859841e-06,8.685975694164668775e-06,9.999945336396275364e-01
2.325602163310447335e-02,-4.131607850589498754e-01,-4.131708758661134517e-01,9.999862993304832193e-01,-4.131659770422766997e-01,1.999984342092097522e+00,-4.131638567752526914e-01,4.132521258814356169e-01,9.540776613042639600e-06,1.577835398741936056e-05,1.603816847354957564e-05,9.999921710460487612e-01
2.326311175312631777e-02,-4.131607796118694220e-01,-4.131647760708871964e-01,9.999948794000407259e-01,-4.131610517139620020e-01,1.999994147885804319e+00,-4.131620519738885555e-01,4.132476837194699604e-01,6.373250566863074129e-06,9.891055374013631464e-06,8.290571726282488886e-06,9.999970739429021593e-01
2.327133736827748448e-02,-4.131607732924296172e-01,-4.131660126556433998e-01,9.999947601588979884e-01,-4.131683285974459552e-01,1.999994011610213729e+00,-4.131674788315078395e-01,4.132470528773834473e-01,3.779472609453624302e-06,4.466734737038149576e-06,5.160021937728724464e-06,9.999970058051068644e-01
2.328002289218705431e-02,-4.131607666196612794e-01,-4.131468622960983161e-01,1.000007583695716296e+00,-4.131499475412580558e-01,2.000008667080753977e+00,-4.131480015975443343e-01,4.132272906926769407e-01,-1.411432626891890254e-07,1.634930232385729259e-06,1.656598747846767566e-06,1.000004333540377210e+00
2.328621220689288882e-02,-4.131607618646339630e-01,-4.131519626229579467e-01,1.000013710491115537e+00,-4.131612187042830175e-01,2.000015669132586993e+00,-4.131636624653536316e-01,4.132359911954189280e-01,-1.015225655089258417e-05,-7.634916326933440986e-06,1.078098269198422834e-05,1.000007834566293496e+00
2.329459156761146815e-02,-4.131607554270786964e-01,-4.131613285776602473e-01,1.000003226962098424e+00,-4.131652217214519807e-01,2.000003687956656506e+00,-4.131641756294713308e-01,4.132447056453922296e-01,-2.932992448313318593e-06,-1.542577776364685713e-06,1.373598030445942007e-06,1.000001843978328253e+00
2.330351506897949260e-02,-4.131607485714788308e-01,-4.131642114464623150e-01,9.999965097715683982e-01,-4.131567151387721126e-01,1.999996011167536558e+00,-4.131556418365328609e-01,4.132461673993387263e-01,4.974642815901751880e-06,4.312089295340237463e-06,4.987592130921307936e-06,9.999980055837682791e-01
2.331261480351380297e-02,-4.131607415804871564e-01,-4.131586465712373535e-01,1.000001312656586538e+00,-4.131558207355781054e-01,2.000001500178945069e+00,-4.131565815770923411e-01,4.132410765727102531e-01,-1.531789341519280615e-06,3.003405890830912526e-06,2.279237647785991525e-06,1.000000750089472534e+00
2.332659530439207263e-02,-4.131607308397822753e-01,-4.131560947831190433e-01,1.000004957344510004e+00,-4.131636101773106251e-01,2.000005665536540800e+00,-4.131640232178077077e-01,4.132385185799903882e-01,-7.047851727785358586e-06,-1.971678212003037735e-06,7.798889976296049075e-06,1.000002832768270400e+00
2.334006850189068033e-02,-4.131607204888205209e-01,-4.131551734430823908e-01,1.000006641391416817e+00,-4.131730323836101393e-01,2.000007590161562820e+00,-4.131743998710041277e-01,4.132378579619414016e-01,-1.779117013057014707e-05,-1.162193437757614518e-05,1.852962021835181670e-05,1.000003795080781410e+00
2.335028975578379989e-02,-4.131607126362057403e-01,-4.131627926134761597e-01,1.000001383450461301e+00,-4.131754960938053833e-01,2.000001581086229940e+00,-4.131752564920925797e-01,4.132461239479779946e-01,-7.029042222697113213e-06,-1.065145496821494786e-05,1.001717003995513621e-05,1.000000790543114748e+00
2.336027212817761226e-02,-4.131607049671140452e-01,-4.131664303266532889e-01,9.999958173031436859e-01,-4.131752180771139926e-01,1.999995219775057231e+00,-4.131757972332523732e-01,4.132491586573313613e-01,-9.642576185715865788e-06,-3.727056704592764593e-06,9.782721914718885367e-06,9.999976098875285047e-01
2.337000116348717307e-02,-4.131606974926510523e-01,-4.131607745299423762e-01,9.999984253117510935e-01,-4.131614803593187668e-01,1.999998200356300382e+00,-4.131596525195627145e-01,4.132427486605309008e-01,7.490333025131485917e-07,-1.225555332305459329e-07,1.529946509633413356e-06,9.999991001781501909e-01
2.338006816373615349e-02,-4.131606897585450855e-01,-4.131599518712267827e-01,1.000001489584035008e+00,-4.131530983489747899e-01,2.000001702381741353e+00,-4.131515719109977169e-01,4.132425820961194152e-01,5.462948197036429255e-06,5.599854409872825583e-06,6.367958748397037931e-06,1.000000851190870899e+00
2.338776422825608256e-02,-4.131606838459374598e-01,-4.131615039759288233e-01,1.000000697916498815e+00,-4.131525892999778349e-01,2.000000797618849635e+00,-4.131527196234122123e-01,4.132443682174016808e-01,1.337713594739632021e-06,-6.561600831750924079e-07,1.593911209130202518e-06,1.000000398809424818e+00
2.339576152499910078e-02,-4.131606777019039001e-01,-4.131665220195968047e-01,9.999974231742742026e-01,-4.131560260805563489e-01,1.999997055056335293e+00,-4.131556305576492560e-01,4.132500490500997659e-01,3.249848308142144520e-06,9.424397277259168471e-07,4.755562542041738089e-06,9.999985275281677577e-01
2.340512034110428866e-02,-4.131606705118693879e-01,-4.131672472950842501e-01,9.999916231391944299e-01,-4.131530389540189474e-01,1.999990426444864910e+00,-4.131533953281622540e-01,4.132489318652343147e-01,7.604305260025648371e-06,8.927987913794535111e-06,8.599000995131742073e-06,9.999952132224324552e-01
2.341183964482214733e-02,-4.131606653496740500e-01,-4.131615571872621073e-01,9.999972524912144056e-01,-4.131618379623494541e-01,1.999996859989982667e+00,-4.131633744548576792e-01,4.132438593996232146e-01,-6.609922673657490267e-06,1.799053938649092833e-06,7.616338341316899050e-06,9.999984299949913336e-01
2.342166342600532358e-02,-4.131606578024237253e-01,-4.131593023157606459e-01,1.000001457480240941e+00,-4.131701838932331783e-01,2.000001665691691688e+00,-4.131702466184015154e-01,4.132416659036144968e-01,-1.242704716175253209e-05,-1.222671348444146126e-05,1.217240107608245422e-05,1.000000832845845844e+00
2.343360076727844798e-02,-4.131606486314012838e-01,-4.131579958449166368e-01,1.000004362905027699e+00,-4.131547298739979279e-01,2.000004986177137400e+00,-4.131542970884821142e-01,4.132411018539300929e-01,1.317603390907895767e-06,-3.089711152421187603e-06,2.669962226915390030e-06,1.000002493088568700e+00
2.344259383149212284e-02,-4.131606417223585570e-01,-4.131624572213405955e-01,1.000000659483626375e+00,-4.131525445749903991e-01,2.000000753695567290e+00,-4.131533099156204369e-01,4.132456008140762416e-01,1.189730564214443810e-05,5.236520994597162775e-06,1.065869727156409097e-05,1.000000376847783645e+00
2.345114461020486596e-02,-4.131606351531065258e-01,-4.131661216146341742e-01,9.999960809893821967e-01,-4.131693815484556165e-01,1.999995521130755849e+00,-4.131703433147005389e-01,4.132482133576801941e-01,-1.656091400819484310e-06,3.501919102069210141e-06,3.477776772378353518e-06,9.999977605653779245e-01
2.346001541210037192e-02,-4.131606283379936073e-01,-4.131574474315028445e-01,1.000000670143319281e+00,-4.131547494880964955e-01,2.000000765878073405e+00,-4.131530496189425583e-01,4.132390603937343698e-01,2.006679353678366402e-06,-3.035977256975232976e-06,4.380004089401083126e-06,1.000000382939036703e+00
2.346976498576242021e-02,-4.131606208477520692e-01,-4.131557961087568009e-01,1.000005701173428907e+00,-4.131558266366160970e-01,2.000006515626727044e+00,-4.131556181594682742e-01,4.132383548671817453e-01,-4.873139238748484279e-06,-1.421596881782200290e-06,5.052347405600897677e-06,1.000003257813363744e+00
2.347423690084904022e-02,-4.131606174121393860e-01,-4.131575030656776115e-01,1.000005490491724824e+00,-4.131563116172608519e-01,2.000006274847638821e+00,-4.131567537228162945e-01,4.132406777774868534e-01,-4.004972171106173610e-06,-4.547762314816498452e-06,5.617805991793608090e-06,1.000003137423819410e+00
2.348194073874528345e-02,-4.131606114935619245e-01,-4.131610394006894338e-01,1.000001656172118336e+00,-4.131599050823123176e-01,2.000001892768121348e+00,-4.131600799575584348e-01,4.132436640989453069e-01,-3.561581993030281564e-06,-8.437930870224275365e-06,7.210398358407432805e-06,1.000000946384060674e+00
2.349092300077329151e-02,-4.131606045928165605e-01,-4.131604288025194638e-01,1.000000928848937765e+00,-4.131551554374514046e-01,2.000001061541635483e+00,-4.131548593326259122e-01,4.132433453194510609e-01,3.165296590613964122e-07,1.481061488760862962e-06,1.436049003145975204e-06,1.000000530770817742e+00
2.350043530854326740e-02,-4.131605972848572672e-01,-4.131651526001706154e-01,9.999977591923844278e-01,-4.131627324247449939e-01,1.999997439077029870e+00,-4.131637610178636177e-01,4.132477052692725139e-01,-2.192454326795695912e-07,-1.495361218619905975e-06,1.180882315659856987e-06,9.999987195385149352e-01
2.351000000000000312e-02,-4.131605899366528889e-01,-4.131546731136456763e-01,1.000002993548588792e+00,-4.131561826041505459e-01,2.000003421198361941e+00,-4.131556615309013858e-01,4.132360899463750625e-01,4.430033346782700357e-06,3.660043296866094618e-07,4.261166037348573861e-06,1.000001710599180749e+00
2.351652349493276242e-02,-4.131605849248884965e-01,-4.131513202756824654e-01,1.000009156582458258e+00,-4.131569273619551952e-01,2.000010464665588295e+00,-4.131575499630228410e-01,4.132335619003487670e-01,-7.783107357589027107e-06,-8.236980045190833567e-06,9.875981966514247242e-06,1.000005232332794147e+00
2.352477119898356214e-02,-4.131605785884773230e-01,-4.131507336261648344e-01,1.000011907796342747e+00,-4.131583931252891251e-01,2.000013608910004681e+00,-4.131573817260422721e-01,4.132336610836376822e-01,-1.243959032274628994e-05,-9.531901897227825347e-06,1.093068982224674911e-05,1.000006804455002341e+00
2.353351263555896258e-02,-4.131605718727512921e-01,-4.131566296509403546e-01,1.000008886225971283e+00,-4.131485691756520695e-01,2.000010155686748892e+00,-4.131485961649939420e-01,4.132408053352673027e-01,1.169853382445961466e-06,-6.551878219404819261e-07,1.899587615261242175e-06,1.000005077843374446e+00
2.354431036767565266e-02,-4.131605635772495622e-01,-4.131666348243654419e-01,9.999945865657559052e-01,-4.131494249927437079e-01,1.999993813218052585e+00,-4.131490173070926364e-01,4.132487595260968538e-01,1.102861368531231475e-05,9.047601091902086098e-06,1.078103020234803892e-05,9.999969066090264036e-01
2.355100233462163392e-02,-4.131605584360576455e-01,-4.131630204745189161e-01,9.999964142555500812e-01,-4.131546143149513184e-01,1.999995902006373338e+00,-4.131569772128091955e-01,4.132450269568427315e-01,3.058039872415803383e-06,2.527788713600831170e-06,1.964435438020000779e-06,9.999979510031866692e-01
2.356084468718615960e-02,-4.131605508745359590e-01,-4.131567964571635221e-01,1.000002965674535282e+00,-4.131747763749925029e-01,2.000003389342300597e+00,-4.131752593487310610e-01,4.132395777895803701e-01,-4.094002357055864443e-06,8.333252610300832549e-09,4.499067160923833564e-06,1.000001694671150299e+00
2.357001037773437391e-02,-4.131605412790071430e-01,-4.131632619144850471e-01,1.000000709900045859e+00,-4.131762484958970694e-01,2.000000811314332161e+00,-4.131759443715935509e-01,4.132466515489696124e-01,-7.099659168617221137e-06,-7.092832290339057245e-06,7.296345398578903463e-06,1.000000405657166080e+00
2.357650879447828821e-02,-4.131575383946682334e-01,-4.131583233043824577e-01,1.000000255611952937e+00,-4.131711530445215108e-01,2.000000292127944501e+00,-4.131702046254189797e-01,4.132399744601030211e-01,-3.713274661582983526e-06,-4.570634649597405273e-06,4.788580948531678465e-06,1.000000146063972029e+00
2.358955927437148339e-02,-4.131535558006988462e-01,-4.131522355770880783e-01,1.000009077180000538e+00,-4.131619809019126954e-01,2.000010373919923534e+00,-4.131609481576132281e-01,4.132347003753064074e-01,-8.658896064050625811e-06,-6.204051775805577994e-06,8.732015788657582689e-06,1.000005186959961545e+00
2.360109909753444271e-02,-4.131514983488257520e-01,-4.131495068383479463e-01,1.000011949298339253e+00,-4.131530467147291330e-01,2.000013656340857260e+00,-4.131522663891929459e-01,4.132320737003372657e-01,-3.622867443188834803e-06,-5.574387738817815958e-06,5.899335974855089763e-06,1.000006828170428630e+00
2.361659137872431508e-02,-4.131499508100819895e-01,-4.131487133347932494e-01,1.000012885224839998e+00,-4.131560835369408879e-01,2.000014725971135832e+00,-4.131569263987323049e-01,4.132311498285920481e-01,-9.300200198172761258e-06,-1.047511096057970240e-05,1.089861099720601208e-05,1.000007362985567916e+00
2.363038496997168017e-02,-4.131492246622723297e-01,-4.131489577625406806e-01,1.000013658793298177e+00,-4.131559675520720121e-01,2.000015610049367787e+00,-4.131552378147539395e-01,4.132316805508636226e-01,-9.762457783094059601e-06,-8.040824471281500063e-06,9.356547849552968038e-06,1.000007805024683671e+00
2.364348807678555431e-02,-4.131488408041593119e-01,-4.131483701830402921e-01,1.000013071736810089e+00,-4.131521336666932331e-01,2.000014939127671809e+00,-4.131540169740322010e-01,4.132306077121805643e-01,-9.114622362272411260e-06,-7.116127942936174134e-06,1.004973933553407859e-05,1.000007469563835905e+00
2.365579520090387022e-02,-4.131486336057768605e-01,-4.131440338787199518e-01,1.000017468656491770e+00,-4.131670471978823311e-01,2.000019964178699095e+00,-4.131661758093657100e-01,4.132263870176264287e-01,-2.008799535103387323e-05,-1.296729002897452513e-05,2.022942509554350536e-05,1.000009982089349325e+00
2.366549773331191528e-02,-4.131485328135731105e-01,-4.131452732042686371e-01,1.000018796031727941e+00,-4.131650094014727159e-01,2.000021481178957838e+00,-4.131659775224233999e-01,4.132284914862381919e-01,-2.109653929908852330e-05,-1.732085547161643456e-05,2.128260564812642168e-05,1.000010740589478919e+00
2.367440914226126569e-02,-4.131484711079597139e-01,-4.131488634947221850e-01,1.000014139907157373e+00,-4.131691765972944075e-01,2.000016159893773793e+00,-4.131685869066751837e-01,4.132315975206444225e-01,-1.845614941149761659e-05,-1.498457729580711819e-05,1.738002132590166636e-05,1.000008079946886896e+00
2.368217974272862625e-02,-4.131484337141098639e-01,-4.131493923119721190e-01,1.000012908455492733e+00,-4.131634513354037752e-01,2.000014752520452799e+00,-4.131628953510328994e-01,4.132319522264382150e-01,-1.220146756892193699e-05,-7.785462986635575857e-06,1.274105862948602203e-05,1.000007376260226399e+00
2.369153834955537580e-02,-4.131484026022403944e-01,-4.131485973044201621e-01,1.000013356205841975e+00,-4.131704806310080302e-01,2.000015264235134094e+00,-4.131717712306425816e-01,4.132311717727839562e-01,-2.432626863964187033e-05,-2.022169698615375062e-05,2.418308959044888204e-05,1.000007632117567047e+00
2.370137607469296678e-02,-4.131483810265487167e-01,-4.131480885390567126e-01,1.000013966122724307e+00,-4.131667397098218175e-01,2.000015961282994859e+00,-4.131653738136099041e-01,4.132306084153150594e-01,-1.126868650601061265e-05,-1.431700128037866934e-05,1.359135573174508029e-05,1.000007980641497429e+00
2.371434257474560811e-02,-4.131483635865984549e-01,-4.131471237788713058e-01,1.000015292494342622e+00,-4.131523776652855084e-01,2.000017477136261324e+00,-4.131518135823322169e-01,4.132298326609686323e-01,-7.409459630002019588e-06,-7.121391695916042587e-06,7.930810531429619058e-06,1.000008738568130662e+00
2.372384764296471202e-02,-4.131483557756115976e-01,-4.131511199011135838e-01,1.000013846023678932e+00,-4.131529151341363226e-01,2.000015824026943889e+00,-4.131545947027464027e-01,4.132349298347306465e-01,-1.017996990841568443e-05,-8.384173156710779810e-06,1.027330738498022810e-05,1.000007912013471945e+00
2.373219492244152753e-02,-4.131483511190511271e-01,-4.131573457681933514e-01,1.000004947682262335e+00,-4.131645566127726266e-01,2.000005654493972163e+00,-4.131647110175952209e-01,4.132385974950286145e-01,-7.419622665365280022e-06,-8.456602120260064230e-06,6.966900175144997272e-06,1.000002827246986081e+00
2.374037431819779262e-02,-4.131483479238464707e-01,-4.131438754765106580e-01,1.000012918120954497e+00,-4.131631107753392929e-01,2.000014763566694942e+00,-4.131630099186960337e-01,4.132254801572287084e-01,-8.243279353873091369e-06,-7.285184675495968848e-06,9.336131605505012526e-06,1.000007381783347471e+00
2.374948917792818817e-02,-4.131483454641366460e-01,-4.131466632358510305e-01,1.000017240348782588e+00,-4.131607772659720568e-01,2.000019703255604853e+00,-4.131598918585414060e-01,4.132297621468677407e-01,-1.746049101717449289e-05,-1.543443587312997296e-05,1.758927560572128308e-05,1.000009851627802426e+00
2.375894837447187907e-02,-4.131483437456927033e-01,-4.131416631946220330e-01,1.000018570984370081e+00,-4.131444394106057461e-01,2.000021223981978569e+00,-4.131426161749218173e-01,4.132235734014733652e-01,-6.349064602988883902e-06,-1.332686932240533717e-05,1.358386166923801652e-05,1.000010611990989506e+00
2.376394947588275630e-02,-4.131483430799236523e-01,-4.131417000585586030e-01,1.000021364448109740e+00,-4.131458334147387612e-01,2.000024416511943404e+00,-4.131485988071565973e-01,4.132248090009044694e-01,-1.144681206443610504e-05,-1.872666265403054490e-05,2.009322599298264081e-05,1.000012208255971702e+00
2.377308088013508139e-02,-4.131483421718987192e-01,-4.131469370651125739e-01,1.000017733795591335e+00,-4.131674834097945337e-01,2.000020267194810852e+00,-4.131674317958150544e-01,4.132303656281227089e-01,-2.207373478357469720e-05,-2.160160193945054988e-05,2.015382853420460803e-05,1.000010133597405426e+00
2.378167452380077623e-02,-4.131483415796710634e-01,-4.131527915171305798e-01,1.000010919764135808e+00,-4.131570708458960905e-01,2.000012479730348236e+00,-4.131558861790989301e-01,4.132351784280684504e-01,-1.349830487998205171e-06,-8.797758463600822978e-06,8.791392424579132369e-06,1.000006239865173896e+00
2.379052511581035770e-02,-4.131483411505637582e-01,-4.131487224639426303e-01,1.000011828855391194e+00,-4.131642174615591245e-01,2.000013518691774905e+00,-4.131655971600152744e-01,4.132308593473754121e-01,-1.711968777911577797e-05,-1.787848219163905194e-05,1.911266194706006153e-05,1.000006759345887453e+00
2.380029374264747838e-02,-4.131483408207706765e-01,-4.131438599570874670e-01,1.000016949401649091e+00,-4.131523185256463782e-01,2.000019370744597236e+00,-4.131506548411730262e-01,4.132261582186720905e-01,-1.618021986125786271e-05,-1.295460836380058460e-05,1.580195852388163855e-05,1.000009685372298840e+00
2.381065941472524858e-02,-4.131483405795071118e-01,-4.131451524427009470e-01,1.000017914745310099e+00,-4.131545377330960167e-01,2.000020473994487347e+00,-4.131553619112328102e-01,4.132280503709954145e-01,-1.929137615056463021e-05,-1.283917751254785031e-05,1.948263443837178671e-05,1.000010236997243673e+00
2.382178050268038069e-02,-4.131483403999411941e-01,-4.131501561395708455e-01,1.000014199125196290e+00,-4.131729430733514508e-01,2.000016227571531857e+00,-4.131732379495142160e-01,4.132339819842337225e-01,-2.351820076767530243e-05,-1.632153487109625799e-05,2.196334267629583014e-05,1.000008113785765929e+00
2.383107684026235240e-02,-4.131483402900861801e-01,-4.131615900100455430e-01,1.000003498900517540e+00,-4.131612810072281539e-01,2.000003998743418610e+00,-4.131592244816405524e-01,4.132439111478116711e-01,1.571276745280466714e-06,-4.065229721004681743e-06,3.988849823159634192e-06,1.000001999371709527e+00
2.384014893142339525e-02,-4.131483402058516163e-01,-4.131518044761920416e-01,1.000006204806556553e+00,-4.131412683900670957e-01,2.000007091207440357e+00,-4.131401297699420216e-01,4.132333726008489139e-01,1.339649610578840316e-05,5.294577001943025491e-06,1.341831458140707745e-05,1.000003545603720179e+00
2.384487180319015687e-02,-4.131483401683870849e-01,-4.131493994072774623e-01,1.000010944451488637e+00,-4.131487520009711201e-01,2.000012507944465057e+00,-4.131521373967214639e-01,4.132316606975998119e-01,2.764412471642457318e-06,-5.081246538929229650e-06,7.531734497945247601e-06,1.000006253972232528e+00
2.385444818720433222e-02,-4.131483401020045743e-01,-4.131481330218530479e-01,1.000014532903153341e+00,-4.131707461572888263e-01,2.000016609032051473e+00,-4.131704072128148386e-01,4.132310316656528371e-01,-1.880443801707477782e-05,-1.966909865276982594e-05,1.985009919774593899e-05,1.000008304516025737e+00
2.387005770491895315e-02,-4.131483400119330129e-01,-4.131455252208869888e-01,1.000015223901954409e+00,-4.131701437229331475e-01,2.000017398744961206e+00,-4.131709813672240772e-01,4.132277184355065414e-01,-2.223009356119908390e-05,-2.383944144562190204e-05,2.461803829021556926e-05,1.000008699372480603e+00
2.388125933711410936e-02,-4.131483399554974900e-01,-4.131493724692983371e-01,1.000014219048943609e+00,-4.131672781656645643e-01,2.000016250341528856e+00,-4.131662894840334999e-01,4.132323311395889043e-01,-1.567489626733454557e-05,-1.671259762959715532e-05,1.596092509317506415e-05,1.000008125170764428e+00
2.389316434134660175e-02,-4.131483398997712886e-01,-4.131533532346314819e-01,1.000010021595675314e+00,-4.131640388993545465e-01,2.000011453252115157e+00,-4.131641372695306624e-01,4.132364867139487474e-01,-1.325637045706934121e-05,-9.083411372030953437e-06,1.220812153318267804e-05,1.000005726626057578e+00
2.390320141233768722e-02,-4.131483398548891350e-01,-4.131553019376463243e-01,1.000005543537580088e+00,-4.131601007317973195e-01,2.000006335471472774e+00,-4.131593910215975440e-01,4.132370833497304718e-01,-4.258099747586023955e-06,-1.402060122736618247e-06,5.051516263510439904e-06,1.000003167735736387e+00
2.391295664035015742e-02,-4.131483398124295991e-01,-4.131475387120450704e-01,1.000012512051146718e+00,-4.131628726718538092e-01,2.000014299486918112e+00,-4.131627145532796863e-01,4.132297466887984161e-01,-1.820319016860126249e-05,-1.416411042769303333e-05,1.822188596777482889e-05,1.000007149743459056e+00
2.392292031410647377e-02,-4.131483397698277882e-01,-4.131445813580603699e-01,1.000017418118983814e+00,-4.131556132877285403e-01,2.000019906421547589e+00,-4.131560078980190953e-01,4.132272969699508081e-01,-1.607619862635012892e-05,-1.767556311460092799e-05,1.802154663265776420e-05,1.000009953210773572e+00
2.393756905791857847e-02,-4.131483397080616404e-01,-4.131464150227208698e-01,1.000016451507115267e+00,-4.131614722209206447e-01,2.000018801722277750e+00,-4.131614185114901860e-01,4.132291873443384445e-01,-1.822690110943745570e-05,-1.669380096219628807e-05,1.764628329629772647e-05,1.000009400861138875e+00
2.395098299874284797e-02,-4.131483396520241325e-01,-4.131488547533685440e-01,1.000013996596539112e+00,-4.131601834497803938e-01,2.000015996110211525e+00,-4.131604685050045411e-01,4.132315610330499767e-01,-1.647077982508732730e-05,-1.905293326823297146e-05,1.923415067189985212e-05,1.000007998055105762e+00
2.396473621824655315e-02,-4.131483395948485349e-01,-4.131510743481283110e-01,1.000012559022994463e+00,-4.131652434263626272e-01,2.000014353169029313e+00,-4.131649541862895125e-01,4.132342685609898814e-01,-1.709748096530411583e-05,-1.720911182581796799e-05,1.602178783616987922e-05,1.000007176584514879e+00
2.397017428999977801e-02,-4.131528686692416685e-01,-4.131547704182803038e-01,1.000009686878644555e+00,-4.131619559973725986e-01,2.000011070718368256e+00,-4.131616542693391514e-01,4.132416604492053502e-01,-9.864786227273206339e-06,-9.634501273172006662e-06,8.484405733627043214e-06,1.000005535359184128e+00
2.398000000000000478e-02,-4.131528611205095292e-01,-4.131522783157297041e-01,1.000007190326222428e+00,-4.131539409293141785e-01,2.000008217515621745e+00,-4.131534393801974403e-01,4.132341442127099307e-01,-6.915573142593710480e-06,-3.301571771656549698e-06,7.668718489550888624e-06,1.000004108757810872e+00
2.399000401472124733e-02,-4.131528534347933546e-01,-4.131539808746595988e-01,1.000008842004854515e+00,-4.131630554000361166e-01,2.000010105148329664e+00,-4.131636924018002865e-01,4.132368837604527556e-01,-3.049315234280681904e-06,-5.630594417514640600e-06,5.432143903835462225e-06,1.000005052574165054e+00
