time,state,q,residual,candidate,denominator,target,stagepeak,delta,first,corpeak,innerden
1.000000000000000021e-08,-1.179487228120015117e-11,3.957386252158148468e-08,1.281046390072516195e+00,-1.986068964920890776e-07,2.281046674850910616e+00,-2.005929654570298061e-05,3.997047177177276741e-06,-2.418073847473657732e-05,-2.783172801095648574e-03,2.811065758908228851e-01,1.140523337425601191e+00
2.638335567652710367e-08,-3.111195027061250992e-11,1.039098485590001081e-07,1.281046389378832195e+00,-1.018473380284675352e-06,2.281046674157225507e+00,-9.167491072614657286e-05,4.000610961491728593e-06,-9.587430918113507775e-05,-7.305788170414757518e-03,2.811065720495591891e-01,1.140523337078758637e+00
7.386670138679625494e-08,-8.702033901334000211e-11,2.848501397454163511e-07,1.281046387443006251e+00,-1.624777648769247531e-05,2.281046672221398008e+00,-6.464414427740729262e-04,4.010939839086126515e-06,-6.508612255605743160e-04,-2.000255406113165754e-02,2.811065609912202778e-01,1.140523336110844888e+00
2.134283341825435057e-07,-2.506780112478202381e-10,7.722132999689986576e-07,1.281046382374463111e+00,-3.417408521869548369e-04,2.281046667152849761e+00,-4.878914268938750430e-03,4.041298834624058686e-06,-4.883937108377793372e-03,-5.401252523634638564e-02,2.811065291101698671e-01,1.140523333576570764e+00
8.571166930048644137e-07,-9.927818931540668703e-10,2.360496299558947634e-06,1.281046369390482553e+00,-1.379821315611525975e-02,2.281046654168855881e+00,-5.221569854490583362e-02,4.181333794704423594e-06,-5.222284071295602015e-02,-1.617916250386429722e-01,2.811063924630121669e-01,1.140523327084573824e+00
2.418719497463840877e-06,-2.709141958348677897e-09,3.966683548796923008e-06,1.281046380836772469e+00,-1.072434411189924636e-01,2.281046665615157565e+00,-1.714303587891893299e-01,4.521145855476095840e-06,-1.714403950711397007e-01,-2.560423393456747743e-01,2.811061039075319345e-01,1.140523332807724444e+00
7.965012104144525678e-06,-7.943975552519082118e-09,5.508712508057408013e-06,1.281046447028513002e+00,-2.429425880261447401e-01,2.281046731806964711e+00,-2.456485722106238334e-01,5.728906297604672025e-06,-2.456647569169283785e-01,-2.809523580244021601e-01,2.811051045969116813e-01,1.140523365903628461e+00
1.881744357398869668e-05,-1.997171218791943348e-08,6.706746208383455628e-06,1.281047131755884694e+00,-2.464047307560423006e-01,2.281047416535030514e+00,-2.464042868002308262e-01,6.776627340368229064e-06,-2.464196017425773766e-01,-2.810500009377702724e-01,2.811065333912318165e-01,1.140523708267661140e+00
2.850854698138615125e-05,-3.140721467269772453e-08,1.179903941608131883e-06,1.281051545688232762e+00,-2.464254016547287318e-01,2.281051830471851005e+00,-2.464288119128469345e-01,6.351173901677744462e-06,-2.464296976499431580e-01,-2.810543957390859160e-01,2.811111040172158959e-01,1.140525915236071608e+00
3.500784086625816576e-05,-3.907638176619786439e-08,1.529902818527853370e-06,1.281053777035678687e+00,-2.464329235782857785e-01,2.281054061821558232e+00,-2.464320818596473228e-01,6.217472873277372308e-06,-2.464333084607008839e-01,-2.810578881361111558e-01,2.811146009306070837e-01,1.140527030910924999e+00
4.513894229079774476e-05,-5.103108192639136962e-08,4.683303657652856302e-06,1.281052922403721039e+00,-2.464288073650770516e-01,2.281053207188734611e+00,-2.464293280627383731e-01,4.757074360494263107e-06,-2.464324209693249945e-01,-2.810579338322040654e-01,2.811134826832027422e-01,1.140526603594513189e+00
5.377254048793909925e-05,-6.121872820455201777e-08,1.151013868848860828e-06,1.281049071188389732e+00,-2.464293619110604627e-01,2.281049355969500869e+00,-2.464288408471853598e-01,4.474906184854234965e-06,-2.464272437020468554e-01,-2.810519696922924027e-01,2.811077898191604030e-01,1.140524677984896318e+00
6.156015370603992081e-05,-7.040811216544586358e-08,-6.607476063479633190e-06,1.281050222892065271e+00,-2.464270977094017157e-01,2.281050507674343475e+00,-2.464268200397635722e-01,6.564254034913231856e-06,-2.464206034734116868e-01,-2.810521479320609584e-01,2.811090156706104737e-01,1.140525253837317621e+00
7.021394580726719509e-05,-8.061958724634637787e-08,-1.122874774289549586e-06,1.281051332325057412e+00,-2.464249599267720192e-01,2.281051617108460050e+00,-2.464246607232349062e-01,4.995139841975313373e-06,-2.464280834237967399e-01,-2.810575898286291618e-01,2.811138214837332061e-01,1.140525808554375686e+00
8.070250043161373784e-05,-9.299608218609184221e-08,1.851440536567564220e-06,1.281044054019613965e+00,-2.463995125076162696e-01,2.281044338795640947e+00,-2.463969503543645412e-01,4.095611989797374357e-06,-2.464043892804657077e-01,-2.810395793764167149e-01,2.810945671731605033e-01,1.140522169397966579e+00
9.019830181944903753e-05,-1.042011282576797398e-07,-4.976345732086175846e-06,1.281042545697978374e+00,-2.464135423317915796e-01,2.281042830472476801e+00,-2.464163824312321227e-01,5.568251676090847830e-06,-2.464151157476255904e-01,-2.810407978501751058e-01,2.810977824869222985e-01,1.140521415236384506e+00
1.000064216016485216e-04,-1.157747100455404183e-07,-3.358739606067192601e-06,1.281046652832263488e+00,-2.464213514054913456e-01,2.281046937610924363e+00,-2.464215610474272400e-01,4.623283463158999201e-06,-2.464161428800272502e-01,-2.810474535733429868e-01,2.811041518785520332e-01,1.140523468805608065e+00
1.103696957965905507e-04,-1.280033740619199530e-07,-5.024099206849335793e-06,1.281043746385196469e+00,-2.464175512354541964e-01,2.281044031160912144e+00,-2.464167786440927821e-01,4.980560450372597627e-06,-2.464151645087135079e-01,-2.810421914764028029e-01,2.810977807192404088e-01,1.140522015580601956e+00
1.201556077138808768e-04,-1.395507505612017551e-07,1.227190074000722807e-06,1.281041313384126967e+00,-2.464060960489475594e-01,2.281041598157377059e+00,-2.464054307470105176e-01,4.211446197767683540e-06,-2.464157584862478878e-01,-2.810438344342330863e-01,2.811003361671901568e-01,1.140520799078834413e+00
1.300373417869265624e-04,-1.512111972051152120e-07,-2.047119412304008874e-07,1.281041289370470349e+00,-2.464282335490605713e-01,2.281041574143695794e+00,-2.464307206291909136e-01,3.960119763381241279e-06,-2.464262508385865191e-01,-2.810352291372213429e-01,2.810904740128295498e-01,1.140520787071994002e+00
1.408165160900034846e-04,-1.639306233562788887e-07,-4.296568516620599238e-06,1.281044883011044133e+00,-2.464119985775188038e-01,2.281045167787911332e+00,-2.464099112320489726e-01,4.252884229864266512e-06,-2.464060654806811412e-01,-2.810373161179895996e-01,2.810943364525245736e-01,1.140522583894101549e+00
1.497300081121373636e-04,-1.744485443308637642e-07,7.089234204041688225e-06,1.281046610559100518e+00,-2.463983634654990373e-01,2.281046895337718095e+00,-2.463968353155419622e-01,8.457597039892143469e-06,-2.464131943354815890e-01,-2.810445498553667543e-01,2.811012818164668747e-01,1.140523447669005153e+00
1.537833716863551707e-04,-1.792315135241635821e-07,5.560745023452786040e-06,1.281045636581163105e+00,-2.464025990978090108e-01,2.281045921358793471e+00,-2.464053350227448647e-01,6.812175787451352644e-06,-2.464175035756389076e-01,-2.810460313722814019e-01,2.811024899053372605e-01,1.140522960679542841e+00
1.613358322170750105e-04,-1.881434172762800153e-07,-2.525818990638200876e-06,1.281043806458528111e+00,-2.464242229717222843e-01,2.281044091234304183e+00,-2.464260035602612031e-01,5.131105789285918960e-06,-2.464248036476361092e-01,-2.810477819570773028e-01,2.811041907731157696e-01,1.140522045617298197e+00
1.707868443152907247e-04,-1.992956119571181716e-07,-4.621068317555982106e-06,1.281049632235122360e+00,-2.464301057501842585e-01,2.281049917016801487e+00,-2.464307967771421637e-01,4.577448941527737922e-06,-2.464242486488818495e-01,-2.810542038399423403e-01,2.811111183743918440e-01,1.140524958508546627e+00
1.810658663838996831e-04,-2.114248584349106980e-07,2.099542439359569164e-06,1.281048193195913676e+00,-2.464312240422086575e-01,2.281048477976134858e+00,-2.464296844362829086e-01,3.716899848058091870e-06,-2.464281999108503540e-01,-2.810513698126316240e-01,2.811063681065568143e-01,1.140524238988213535e+00
1.914796787257452447e-04,-2.237131574370400428e-07,5.810255205530943240e-06,1.281042401581857559e+00,-2.464031692370418636e-01,2.281042686356209881e+00,-2.464028881128730031e-01,6.348033087539052080e-06,-2.464114060682439933e-01,-2.810402189159639241e-01,2.810967984381527174e-01,1.140521343178251268e+00
2.000009917214394897e-04,-2.337683071281212849e-07,-9.550675445598408940e-06,1.281045313852382073e+00,-2.464261569193587631e-01,2.281045598629686033e+00,-2.464297590524960335e-01,1.141539399276983460e-05,-2.464196827268797518e-01,-2.810496815885317745e-01,2.811073966779661926e-01,1.140522799314988900e+00
2.037245484590086131e-04,-2.381621042332755923e-07,-7.525961999713684900e-06,1.281047896971228228e+00,-2.464314760903356660e-01,2.281048181751148984e+00,-2.464312531617714463e-01,8.815679871395990099e-06,-2.464238058584334867e-01,-2.810528449025788689e-01,2.811097046414609557e-01,1.140524090875720598e+00
2.104029604581526488e-04,-2.460426306687239980e-07,1.570142247761501309e-06,1.281051140212038364e+00,-2.464265864546761886e-01,2.281051424995245380e+00,-2.464257136676913651e-01,6.862690883295138067e-06,-2.464284773720700206e-01,-2.810560454531064734e-01,2.811122467256843005e-01,1.140525712497768795e+00
2.164205469279267401e-04,-2.531433829508083419e-07,-2.345553554613799365e-06,1.281047925619394956e+00,-2.464259247783678330e-01,2.281048210399345244e+00,-2.464257378160320255e-01,5.941328299961669998e-06,-2.464260259774803674e-01,-2.810507964587520835e-01,2.811054891810536582e-01,1.140524105199818505e+00
2.232614103727085413e-04,-2.612156020957424502e-07,-6.064968705961297519e-06,1.281040762724218407e+00,-2.464214186369409199e-01,2.281041047496910945e+00,-2.464201546196324033e-01,6.047955561583185994e-06,-2.464165636306482332e-01,-2.810401615705804268e-01,2.810953228779143886e-01,1.140520523748601356e+00
2.324337880132413723e-04,-2.720390080845274767e-07,-5.556414819346926418e-06,1.281043250625631069e+00,-2.464157771088304472e-01,2.281043535400844036e+00,-2.464167105435491889e-01,5.993174440662185890e-06,-2.464105754443187968e-01,-2.810399395152691771e-01,2.810970695981896972e-01,1.140521767700568123e+00
2.413909711638263236e-04,-2.826084845635515279e-07,-8.394528689573920770e-06,1.281042210201947418e+00,-2.464264967634522407e-01,2.281042494976106116e+00,-2.464263141831984083e-01,8.741161113577870570e-06,-2.464152922948340818e-01,-2.810433658420971037e-01,2.810989538198374604e-01,1.140521247488199164e+00
2.500000000000000052e-04,-2.927671389348506643e-07,7.281101232835724917e-06,1.281039566769802240e+00,-2.464152341548458969e-01,2.281039851541282193e+00,-2.464137830006524477e-01,9.172126965632617686e-06,-2.464240872085354805e-01,-2.810374332120570973e-01,2.810931063243830019e-01,1.140519925770787202e+00
2.538320433245616083e-04,-2.972889502103818480e-07,7.079473249287063268e-06,1.281038958416867324e+00,-2.464122053323145878e-01,2.281039243187731103e+00,-2.464118481398274441e-01,7.606815134597719607e-06,-2.464223504815182542e-01,-2.810377510700188264e-01,2.810942121588276832e-01,1.140519621594011435e+00
2.619923899046042171e-04,-3.069181594979598603e-07,1.708089204528110023e-06,1.281038336873890904e+00,-2.464113489990140404e-01,2.281038621644125186e+00,-2.464118988179093972e-01,6.003458481487925542e-06,-2.464164306897247969e-01,-2.810406096669106346e-01,2.810976418485903738e-01,1.140519310822208476e+00
2.720413085384756316e-04,-3.187758838806014925e-07,-9.463545380886720654e-07,1.281049072572477687e+00,-2.464225833421218870e-01,2.281049357353589713e+00,-2.464230235267715063e-01,5.020109369078461521e-06,-2.464211252783069239e-01,-2.810545055224139555e-01,2.811108675906707766e-01,1.140524678676940962e+00
2.833687451868157790e-04,-3.321422595662480339e-07,1.220366642731556003e-06,1.281050502630381782e+00,-2.464123005449862513e-01,2.281050787412942871e+00,-2.464112225739438777e-01,2.810835493954585113e-06,-2.464171477731056659e-01,-2.810462254217069300e-01,2.811019913673656889e-01,1.140525393706617541e+00
2.993673627459630775e-04,-3.510206289006127352e-07,-4.687411950178566135e-06,1.281046781650769795e+00,-2.464067161437980547e-01,2.281047066429561010e+00,-2.464070848156071636e-01,5.219321652222254170e-06,-2.464094372252042531e-01,-2.810391737003870571e-01,2.810951096396000493e-01,1.140523533214926388e+00
3.044652372259068528e-04,-3.570361209808688978e-07,-9.649079414791991205e-07,1.281047331516756538e+00,-2.464052229735435584e-01,2.281047616296104863e+00,-2.464045187427790218e-01,3.877235811925348244e-06,-2.464118336006708709e-01,-2.810407969485815283e-01,2.810975408543829324e-01,1.140523808148198315e+00
3.116971741216552393e-04,-3.655698067913834069e-07,7.185193551083158569e-06,1.281046377662904190e+00,-2.464021179008572815e-01,2.281046662441285733e+00,-2.464037577920427102e-01,7.240577402898715246e-06,-2.464173004200336248e-01,-2.810438145180101377e-01,2.811004400398111613e-01,1.140523331220788750e+00
3.214670101265820041e-04,-3.770982136437791707e-07,5.265736635058613255e-06,1.281043289484405046e+00,-2.464245789427440547e-01,2.281043574259657536e+00,-2.464246337591333436e-01,6.354772326630173355e-06,-2.464210530368726726e-01,-2.810468033238189833e-01,2.811027773420406439e-01,1.140521787129974651e+00
3.351875443836108636e-04,-3.932884445761942850e-07,4.068899438095063347e-06,1.281052462996065788e+00,-2.464208275835556017e-01,2.281052747780613732e+00,-2.464223051982366020e-01,5.854728590641882187e-06,-2.464251447286988916e-01,-2.810557971185158044e-01,2.811135435331691412e-01,1.140526373890452749e+00
3.447336816063590356e-04,-4.045528868493290878e-07,7.944912369397375793e-07,1.281053261036916524e+00,-2.464316270266736220e-01,2.281053545822272710e+00,-2.464319434378425544e-01,5.226202685927900385e-06,-2.464294549168974113e-01,-2.810596689888000266e-01,2.811149617576476079e-01,1.140526772911282460e+00
3.500059936523758960e-04,-4.107742152557189906e-07,-4.784373303104568464e-06,1.281052288816005191e+00,-2.464307870541107282e-01,2.281052573600376387e+00,-2.464322478618282686e-01,5.837007494896199454e-06,-2.464230107391864322e-01,-2.810546018472275809e-01,2.811098642331732456e-01,1.140526286800334299e+00
3.541131449184698864e-04,-4.156214843253232745e-07,-4.752614359629076257e-06,1.281051812970692039e+00,-2.375781152631494531e-01,2.281052097754581176e+00,-2.464318126614533089e-01,4.939293054955484379e-06,-2.464258100992600953e-01,-2.810559854265633484e-01,2.811129433798588151e-01,1.140526048877436471e+00
3.668340758055517415e-04,-4.306430493111038652e-07,-1.638181988549770474e-06,1.281048104395760001e+00,-2.411234657816074822e-01,2.281048389175891256e+00,-2.464214809787220462e-01,4.001650938240053224e-06,-2.464294006152172589e-01,-2.810528633200570781e-01,2.811073695618939716e-01,1.140524194588091511e+00
3.801718174129717852e-04,-4.464019474596304072e-07,1.949302049593051216e-06,1.281042033457348017e+00,-2.433708515307557441e-01,2.281042318231327748e+00,-2.464147099592306212e-01,3.311755412892356235e-06,-2.464088286172435582e-01,-2.810393685180694878e-01,2.810953116764446369e-01,1.140521159115809757e+00
3.861491280149481078e-04,-4.534661915361979517e-07,-6.380949819853751353e-06,1.281043267184038825e+00,-2.440459121395766873e-01,2.281043551959268445e+00,-2.464211098803766320e-01,8.053914176182122090e-06,-2.464081519950246379e-01,-2.810374328746828576e-01,2.810933420032928343e-01,1.140521775979780328e+00
3.922512551747881827e-04,-4.606787906554023552e-07,-1.218194452670296042e-05,1.281044788394499090e+00,-2.445849210659270523e-01,2.281045073171270143e+00,-2.464266173767568346e-01,1.248205904167405640e-05,-2.464087226460380808e-01,-2.810371629258027193e-01,2.810940825261335485e-01,1.140522536585781177e+00
4.000014949146634313e-04,-4.698403603751418523e-07,-2.523699446704127982e-07,1.281046262792329360e+00,-2.450864887192334418e-01,2.281046547570594552e+00,-2.464197929713974888e-01,9.930376279678200502e-06,-2.464140221928756980e-01,-2.810431602835538056e-01,2.810999731798703438e-01,1.140523273785443159e+00
4.049439277075074961e-04,-4.756832369089323889e-07,3.574153076688418352e-07,1.281044017616938646e+00,-2.453347397838211985e-01,2.281044302392928991e+00,-2.464214339116283237e-01,9.163741035049678398e-06,-2.464165314336138612e-01,-2.810424231389190286e-01,2.810979914067073260e-01,1.140522151196610379e+00
4.137568522470178988e-04,-4.861023581407654102e-07,-3.366244702602488827e-06,1.281036357412334015e+00,-2.456672937648793353e-01,2.281036642180562346e+00,-2.464198703243751232e-01,7.996638114079711516e-06,-2.464145026385467507e-01,-2.810359232828378850e-01,2.810920673137107806e-01,1.140518321090427056e+00
4.216506190306888811e-04,-4.954352876333575022e-07,-8.017186899651315072e-06,1.281040991429547748e+00,-2.458810090929709757e-01,2.281041276202471657e+00,-2.464242309644186779e-01,8.153477083541844366e-06,-2.464184833202604785e-01,-2.810418018687007580e-01,2.810989039110849963e-01,1.140520638101381712e+00
4.300191634833204317e-04,-5.053299092303272373e-07,2.469780339225432303e-06,1.281045039660814400e+00,-2.460411778154253382e-01,2.281045324437840804e+00,-2.464237078304354900e-01,6.364103471853761111e-06,-2.464248853005730766e-01,-2.810456312353211694e-01,2.811017600882519396e-01,1.140522662219066063e+00
4.361597686197351696e-04,-5.125904772411226946e-07,1.821383369218181460e-06,1.281042588055872455e+00,-2.461234930892020334e-01,2.281042872830413959e+00,-2.464192537849195785e-01,5.726095945297661900e-06,-2.464202461663898835e-01,-2.810458272841517280e-01,2.811018951847227831e-01,1.140521436415353085e+00
4.480461398184311514e-04,-5.266450453169371697e-07,-5.921363600964005929e-07,1.281041991720570650e+00,-2.462340725376503114e-01,2.281042276494507970e+00,-2.464151130870628481e-01,2.828409239932371569e-06,-2.464195677381458838e-01,-2.810502945116079010e-01,2.811077719892132731e-01,1.140521138247400090e+00
4.608510301907718892e-04,-5.417859564010852718e-07,8.464425131059637272e-07,1.281047767596068976e+00,-2.463322424706272107e-01,2.281048052375858948e+00,-2.464395732268743200e-01,1.110152649904146525e-06,-2.464321318541689010e-01,-2.810510043022679816e-01,2.811063773740117844e-01,1.140524026188075579e+00
4.723167439656737027e-04,-5.553435302110044192e-07,2.668227588250910902e-06,1.281046049556267219e+00,-2.463462611302050520e-01,2.281046334334316139e+00,-2.464104087804685761e-01,3.469890173018855215e-06,-2.464060497652611481e-01,-2.810409917261007529e-01,2.810968113491393305e-01,1.140523167167304175e+00
4.807022121424998082e-04,-5.652589390301044342e-07,-5.572024137346317011e-06,1.281046862638933526e+00,-2.463665295268554767e-01,2.281047147417806009e+00,-2.464135960593292207e-01,5.727058064644646393e-06,-2.464134491168723518e-01,-2.810393886203811920e-01,2.810960228012585604e-01,1.140523573709049332e+00
4.894421913293810298e-04,-5.755935731835447590e-07,-1.848457183509392719e-07,1.281048989629143930e+00,-2.463764955763421138e-01,2.281049274410172245e+00,-2.464076881335080238e-01,3.987220863321516447e-06,-2.464078880904375657e-01,-2.810475102697942429e-01,2.811046454695808605e-01,1.140524637205232006e+00
5.000000000000000104e-04,-5.880777401690000831e-07,1.862658929236004301e-06,1.281045004510164009e+00,-2.463867610246723017e-01,2.281045289287153999e+00,-2.464071310480818455e-01,3.080882363300432090e-06,-2.464107772425407350e-01,-2.810415835043072463e-01,2.810966924586813520e-01,1.140522644643723105e+00
5.100282196357488682e-04,-5.999357110662463575e-07,-2.344937730733780887e-06,1.281043997473658047e+00,-2.463936182182065171e-01,2.281044282249628186e+00,-2.464076307109970554e-01,2.793477470132198369e-06,-2.464081601431049040e-01,-2.810452732050765512e-01,2.811024829456043039e-01,1.140522141124959754e+00
5.196031588541969327e-04,-6.112577083398933373e-07,2.194652483615114515e-06,1.281047548753749155e+00,-2.464020063756890422e-01,2.281047833533317526e+00,-2.464115218648691152e-01,2.776661308921603468e-06,-2.464231718685972461e-01,-2.810460605704502846e-01,2.811020633877832076e-01,1.140523916766804646e+00
5.248498317216635217e-04,-6.174617008465228191e-07,-1.239702707097513334e-06,1.281047368209235371e+00,-2.464096479215654167e-01,2.281047652988620555e+00,-2.464183458371256574e-01,2.326572821753079917e-06,-2.464192781195249093e-01,-2.810432609403144544e-01,2.810987098320578137e-01,1.140523826494456383e+00
5.321620542782442035e-04,-6.261081311505939705e-07,-7.310262545019897752e-06,1.281045598168979005e+00,-2.464155453309237465e-01,2.281045882946570735e+00,-2.464207286214518400e-01,7.267181097068537668e-06,-2.464092254194006348e-01,-2.810382637985366361e-01,2.810945502437025567e-01,1.140522941473431473e+00
5.410238944990326381e-04,-6.365869304320093476e-07,-3.356992900208144242e-06,1.281046545256645519e+00,-2.464166099182129310e-01,2.281046830035197370e+00,-2.464210905246436156e-01,6.209280912951430815e-06,-2.464192825001322029e-01,-2.810426514697389466e-01,2.811003055659123673e-01,1.140523415017744346e+00
5.506508666449490231e-04,-6.479704734338759181e-07,7.480529115371824219e-06,1.281042343642698977e+00,-2.464232274254630484e-01,2.281042628416993345e+00,-2.464262919938521867e-01,7.526464928961942814e-06,-2.464331600532038147e-01,-2.810559901676379368e-01,2.811119194219708350e-01,1.140521314208642556e+00
5.573080520157501711e-04,-6.558423535634776971e-07,6.678225685887321609e-07,1.281039848030219419e+00,-2.464196623038072131e-01,2.281040132801984477e+00,-2.464206394992100868e-01,5.370996181134541366e-06,-2.464230485257666026e-01,-2.810469096846355264e-01,2.811019044966009961e-01,1.140520066401138344e+00
5.658801711165426440e-04,-6.659785745611187235e-07,-5.803507724770022473e-06,1.281044872045517868e+00,-2.464160996850925378e-01,2.281045156822373965e+00,-2.464174918290683303e-01,6.216954403925986395e-06,-2.464152085215922383e-01,-2.810439848361279136e-01,2.811005477452792611e-01,1.140522578411332866e+00
5.745933098832897972e-04,-6.762815471448016239e-07,-6.287235959885837454e-06,1.281050766781705041e+00,-2.464171452082653535e-01,2.281051051564534138e+00,-2.464174676881298320e-01,7.077867621810500200e-06,-2.464143297237393893e-01,-2.810460548880666098e-01,2.811019701370497947e-01,1.140525525782412952e+00
5.900898481083963589e-04,-6.946056463704487271e-07,1.716711883797099534e-06,1.281039814748791805e+00,-2.463999925977255201e-01,2.281040099520523778e+00,-2.463992685755602430e-01,6.217323706667488200e-06,-2.464110900195594089e-01,-2.810410495287475330e-01,2.810975318291087932e-01,1.140520049760407773e+00
6.000021566856851302e-04,-7.063265949577373265e-07,-1.934564566043042482e-06,1.281039910379376368e+00,-2.464130588636799790e-01,2.281040195151205374e+00,-2.464152254092105976e-01,4.735101934984904729e-06,-2.464104904694675302e-01,-2.810426310360549240e-01,2.810993625154997178e-01,1.140520097575748348e+00
6.116838808017043775e-04,-7.201398142896892934e-07,-7.536781856272986678e-06,1.281045959865659611e+00,-2.464235285759457939e-01,2.281046244643617715e+00,-2.464241366640211595e-01,7.493745719699763849e-06,-2.464122689218858908e-01,-2.810388497601932767e-01,2.810962021046466974e-01,1.140523122321954741e+00
6.234159219132292358e-04,-7.340125324142425409e-07,-3.380221280867714058e-06,1.281043867118479174e+00,-2.464259907006106365e-01,2.281044151894317196e+00,-2.464262824883765579e-01,6.676491002085279826e-06,-2.464207745339963285e-01,-2.810482518361035464e-01,2.811040780123796878e-01,1.140522075947304259e+00
6.327113260398929944e-04,-7.450040150406224495e-07,-6.530531507545804983e-07,1.281039069793841190e+00,-2.464220983037783419e-01,2.281039354564817767e+00,-2.464223596523889004e-01,6.279430938281002931e-06,-2.464182689716772345e-01,-2.810439117640416429e-01,2.810996707755022417e-01,1.140519677282554989e+00
6.407491968223285369e-04,-7.545085096444561132e-07,-8.651806576540230031e-06,1.281039275882694950e+00,-2.464261518962726216e-01,2.281039560653880471e+00,-2.464266325683868997e-01,8.608993481906656906e-06,-2.464164484253870135e-01,-2.810430453354869629e-01,2.811000335673180528e-01,1.140519780327086119e+00
6.477059921576301888e-04,-7.627346713153501592e-07,-3.140683016393655986e-07,1.281042549083971416e+00,-2.464206782942743035e-01,2.281042833858473617e+00,-2.464197966496688430e-01,6.456357879720840199e-06,-2.464214178327680527e-01,-2.810529211990840381e-01,2.811107076814505223e-01,1.140521416929382914e+00
6.529535192233896059e-04,-7.689396843941137569e-07,3.160734653431482711e-06,1.281044009333178080e+00,-2.464187330896694950e-01,2.281044294109160209e+00,-2.464189060238222706e-01,5.683517869798731112e-06,-2.464239629900162876e-01,-2.810570242904641969e-01,2.811128116840110880e-01,1.140522147054725766e+00
6.615597201237941863e-04,-7.791162091073581607e-07,-4.541742381973366182e-07,1.281040638496062867e+00,-2.464162822389028562e-01,2.281040923268629506e+00,-2.464156559536252455e-01,4.807327687873013005e-06,-2.464140846738638035e-01,-2.810488808682306550e-01,2.811039592251702857e-01,1.140520461634460414e+00
6.730842172037227898e-04,-7.927435145088198169e-07,-1.407447153620521847e-06,1.281046233771640841e+00,-2.464188017168701950e-01,2.281046518549877167e+00,-2.464196393672583862e-01,1.723972700046661985e-06,-2.464160722765153799e-01,-2.810456867468705822e-01,2.811023511544823994e-01,1.140523259275084467e+00
6.855253646675236968e-04,-8.074547262184439590e-07,-2.784492402025159366e-06,1.281046588326382185e+00,-2.464208348783205327e-01,2.281046873104977557e+00,-2.464196919477695813e-01,3.368270926704042135e-06,-2.464160573369752194e-01,-2.810436532918031416e-01,2.810993317295973903e-01,1.140523436552634662e+00
6.969335174970413705e-04,-8.209444587447904220e-07,-3.660241088251205078e-06,1.281044258446113027e+00,-2.464134657087790892e-01,2.281044543222347620e+00,-2.464135417161533170e-01,4.056504007172568422e-06,-2.464155952443121966e-01,-2.810430275360006891e-01,2.810995551893271660e-01,1.140522271611319471e+00
7.067820268675517863e-04,-8.325899685010295266e-07,-2.791746090256733991e-06,1.281042878723542389e+00,-2.464176720674026988e-01,2.281043163498378767e+00,-2.464176642847008825e-01,4.321810093831920124e-06,-2.464134562225747671e-01,-2.810375260424607946e-01,2.810926789070645748e-01,1.140521581749335267e+00
7.175784405722922645e-04,-8.453563411543902924e-07,-2.709594552418899721e-06,1.281042656663851753e+00,-2.464109453861160481e-01,2.281042941438462979e+00,-2.464100655789309424e-01,3.827980402545204912e-06,-2.464085124214899780e-01,-2.810375800419054326e-01,2.810943192120220480e-01,1.140521470719377595e+00
7.280286941800687096e-04,-8.577133916510934092e-07,-3.428998508142861954e-07,1.281042232618634591e+00,-2.464061724066338166e-01,2.281042517392816382e+00,-2.464054268486609023e-01,3.087486503094087508e-06,-2.464094616977126895e-01,-2.810383554710319531e-01,2.810946055539177424e-01,1.140521258696554074e+00
7.395538659381093024e-04,-8.713414939840404026e-07,-3.199068922584437936e-07,1.281043422559002831e+00,-2.464082858368902840e-01,2.281043707334390103e+00,-2.464085057101121357e-01,2.346707382700136901e-06,-2.464064326321073750e-01,-2.810412926769971786e-01,2.810976923733394806e-01,1.140521853667340935e+00
7.500162741210937133e-04,-8.837129164138236173e-07,-5.557902036123641345e-06,1.281045004803358811e+00,-2.464259026629366245e-01,2.281045289580349245e+00,-2.464286945482751789e-01,6.096797252781755927e-06,-2.464171756717253581e-01,-2.810426426309913794e-01,2.810991399050632444e-01,1.140522644790320506e+00
7.563517445012674350e-04,-8.912043830108596544e-07,-3.192326278820725530e-06,1.281046307201529233e+00,-2.464303556889287927e-01,2.281046591979839278e+00,-2.464304736322593670e-01,4.857203779286753794e-06,-2.464223798224474127e-01,-2.810491635900129181e-01,2.811064214074417422e-01,1.140523295990065522e+00
7.649603646301182756e-04,-9.013837676906799248e-07,-2.358495652360207808e-06,1.281044598633246157e+00,-2.464297511625095916e-01,2.281044883409824475e+00,-2.464290568022326766e-01,4.320065286612362480e-06,-2.464204962636733776e-01,-2.810499946037448571e-01,2.811052569930375111e-01,1.140522441705058565e+00
7.700226156236756074e-04,-1.906727945800116165e-04,-6.177381643434663363e-06,1.281042413502785804e+00,-2.464252552345854441e-01,2.281042698277151004e+00,-2.464259051581542959e-01,1.947238787522012399e-04,-2.464116130067617871e-01,-2.810448986462470988e-01,2.811001386209657227e-01,1.140521349138721385e+00
7.701722674076193339e-04,-1.787572412483543274e-03,-1.462657687589599697e-04,1.281042358134496073e+00,-2.464327712386937264e-01,2.281042642908804652e+00,-2.465655641179897994e-01,1.791929756164698613e-03,-2.464113719587809337e-01,-2.810447656202695876e-01,2.811001620323099193e-01,1.140521321454548431e+00
7.704578857635016077e-04,-4.806650835341998683e-03,-9.488112845002545518e-04,1.281042256030458404e+00,-2.465570539598728184e-01,2.281042540804663510e+00,-2.473673955701131411e-01,4.811586954459389637e-03,-2.464110173778118473e-01,-2.810445699152515631e-01,2.811002101316540380e-01,1.140521270402477860e+00
7.709317431208291766e-04,-9.733513454265126444e-03,-3.412646695298217521e-03,1.281042097876197605e+00,-2.473279202364508100e-01,2.281042382650242395e+00,-2.498303053684940156e-01,9.739393404852516797e-03,-2.464106880637343400e-01,-2.810443733133611843e-01,2.811003008531989811e-01,1.140521191325267303e+00
7.717395103080199265e-04,-1.790166206210081629e-02,-9.495921860126139633e-03,1.281041864657374019e+00,-2.505492251504324863e-01,2.281042149431182775e+00,-2.559125498672814025e-01,1.790910483499401698e-02,-2.464106737122926105e-01,-2.810442750372693643e-01,2.811004913546628070e-01,1.140521074715737271e+00
7.729344321785585345e-04,-2.947065935618317645e-02,-2.021298631187678010e-02,1.281041612343228886e+00,-2.586982768596896576e-01,2.281041897116782291e+00,-2.666288427550969065e-01,2.948031119741756356e-02,-2.464114054142582944e-01,-2.810444296793291885e-01,2.811008653748378050e-01,1.140520948558536807e+00
7.744267962459755548e-04,-4.310038752415471658e-02,-3.399851383130668425e-02,1.281041425234177522e+00,-2.714879732129554246e-01,2.281041710007541301e+00,-2.804140104497042096e-01,4.311263453167505505e-02,-2.464129230142029503e-01,-2.810448857217413554e-01,2.811014604198822653e-01,1.140520855003916312e+00
7.764177105258443816e-04,-5.995963331974544369e-02,-5.150774046104977105e-02,1.281041060016517852e+00,-2.891996972924726350e-01,2.281041344789511705e+00,-2.979231600752264009e-01,5.997507774292681199e-02,-2.464153507022241452e-01,-2.810456218671534834e-01,2.811021388765168050e-01,1.140520672394901736e+00
7.786309631460129133e-04,-7.706593943373014899e-02,-6.937493070057178246e-02,1.281038641598805317e+00,-3.077621139493736946e-01,2.281038926369347575e+00,-3.157900996381194925e-01,7.708461124772401918e-02,-2.464178845800039930e-01,-2.810454590350601189e-01,2.811008807396421783e-01,1.140519463184819893e+00
7.807029698128053466e-04,-9.165535081597932232e-02,-8.462547527939622005e-02,1.281025231575036338e+00,-3.236884797421464843e-01,2.281025516331991021e+00,-3.310388737902609235e-01,9.167688627723873107e-02,-2.464175858788255624e-01,-2.810389812645753271e-01,2.810876772071091434e-01,1.140512758166141616e+00
7.832016579485507560e-04,-1.075874360156914705e-01,-1.012815296719504765e-01,1.280924150335140288e+00,-3.410863054684436513e-01,2.280924434989671123e+00,-3.476711526646458217e-01,1.076123913290585044e-01,-2.463929191045844402e-01,-2.809800670657895405e-01,2.809847666297966562e-01,1.140462217494981667e+00
7.863321399875331137e-04,-1.252538116685928127e-01,-1.197510369289258997e-01,1.280122820189247390e+00,-3.602594025298280767e-01,2.280123104031807735e+00,-3.659172646259447048e-01,1.252825927768756176e-01,-2.461684074368307162e-01,-2.804725224741381195e-01,2.801810104250047617e-01,1.140061552016049085e+00
7.906167007755583037e-04,-1.458472444996595785e-01,-1.412806195224067529e-01,1.274123050193289197e+00,-3.812216813664301429e-01,2.274123327956408591e+00,-3.852043585823334282e-01,1.458799974293899515e-01,-2.439246315731007919e-01,-2.761205614402351127e-01,2.741774282675197849e-01,1.137061663978346848e+00
8.016966619400040742e-04,-1.842946313662318647e-01,-1.814690100111527871e-01,1.204166224111762773e+00,-3.841053381603150574e-01,2.204166430989102032e+00,-3.807875160352527377e-01,1.843302220200216390e-01,-1.993182873616962669e-01,-2.124310868731983382e-01,2.042070067252106103e-01,1.102083215494657153e+00
8.262858598274981084e-04,-2.250914057971577786e-01,-2.241223576021258157e-01,1.068096541969248747e+00,-2.982955794432513019e-01,2.068096610970041827e+00,-2.960915880966688007e-01,2.251365312730067292e-01,-7.197403211180936067e-02,-7.124479455548661522e-02,6.891001017774792126e-02,1.034048305485056440e+00
8.509092583620190154e-04,-2.391075348216296637e-01,-2.387749367196632944e-01,1.023683471754253560e+00,-2.650102445703458875e-01,2.023683495752217620e+00,-2.642554239016184914e-01,2.391547457044325975e-01,-2.548466033402919245e-02,-2.471573740404381381e-02,2.443539123546359035e-02,1.011841747876120801e+00
8.800536429755652585e-04,-2.443591570395354517e-01,-2.442632545908926256e-01,1.007527046369325108e+00,-2.525611287058038834e-01,2.007527053996323030e+00,-2.523514322535417853e-01,2.444062631625315840e-01,-8.077739919286265613e-03,-7.812522406156043389e-03,7.783982228537760818e-03,1.003763526998165290e+00
9.100595758383892963e-04,-2.458593292411050679e-01,-2.458404335412171238e-01,1.002951636828471438e+00,-2.489847544915053112e-01,2.002951639819302354e+00,-2.489242118270181270e-01,2.459147262457528904e-01,-3.090881757434443475e-03,-3.016689703271880317e-03,3.008384364870620494e-03,1.001475819909652953e+00
9.400000000000001887e-04,-2.462657967676453730e-01,-2.462532133971892800e-01,1.001717750712691535e+00,-2.480287685691417165e-01,2.001717752453251897e+00,-2.480132001563989108e-01,2.463081446090250315e-01,-1.758445274418713854e-03,-1.735992431967270551e-03,1.737543921325489238e-03,1.000858876226627059e+00
9.702137715379271230e-04,-2.463768492536583532e-01,-2.463754604139844206e-01,1.001386870354808556e+00,-2.477748693762720222e-01,2.001386871760094888e+00,-2.477689731613262891e-01,2.464263861067424732e-01,-1.392523385218205970e-03,-1.395313907357718279e-03,1.389489871251254781e-03,1.000693435880048332e+00
1.000100000000000077e-03,-2.464065429086326475e-01,-2.464120873360031716e-01,1.001291063906732282e+00,-2.477064858289508564e-01,2.001291065214940268e+00,-2.477069305098895113e-01,2.464620598547513919e-01,-1.294806126404290372e-03,-1.291873718912705648e-03,1.294759526988589413e-03,1.000645532607470800e+00
1.030099999999999722e-03,-2.464146543026097536e-01,-2.464229539936937385e-01,1.001266802607052364e+00,-2.476985766353260177e-01,2.001266803890676904e+00,-2.477000907657996576e-01,2.464732972383886778e-01,-1.268744957043117750e-03,-1.271600502754354324e-03,1.272198156416539218e-03,1.000633401945339118e+00
1.060000000000000178e-03,-2.464168514819165268e-01,-2.464150084572394317e-01,1.001256829385491098e+00,-2.476733754206974225e-01,2.001256830659009722e+00,-2.476759981308442604e-01,2.464653763550368193e-01,-1.260670184281504312e-03,-1.254811170769662291e-03,1.262418765824098758e-03,1.000628415329505527e+00
1.090099999999999880e-03,-2.464174520942451763e-01,-2.464143658611930021e-01,1.001261594831940771e+00,-2.476778479638848396e-01,2.001261596110288643e+00,-2.476779539545308217e-01,2.464648133293805832e-01,-1.268080692562985681e-03,-1.264510335140434441e-03,1.269117430244496659e-03,1.000630798055144766e+00
1.120999365753727129e-03,-2.464176163435053690e-01,-2.464118894913807922e-01,1.001259348948462247e+00,-2.476635878834115012e-01,2.001259350224533939e+00,-2.476615275273224281e-01,2.464622968872420272e-01,-1.247622264123774815e-03,-1.251586046794989386e-03,1.251136477506850598e-03,1.000629675112267636e+00
1.151794251732124550e-03,-2.464176590735810968e-01,-2.464144454640913307e-01,1.001266582988798559e+00,-2.476758264156112554e-01,2.001266584272200610e+00,-2.476767986696294666e-01,2.464649946176316053e-01,-1.264444973996934956e-03,-1.262977621599820207e-03,1.265001149615305577e-03,1.000633292136100971e+00
1.170025410000000198e-03,-2.464153590326030874e-01,-2.464207417859783922e-01,1.001261389488475206e+00,-2.476888817123261144e-01,2.001261390766614578e+00,-2.476900511047893105e-01,2.464699569479907315e-01,-1.264178274806043722e-03,-1.260934316862399830e-03,1.265297347439766924e-03,1.000630695383307955e+00
1.190099999999999708e-03,-2.464129944534458883e-01,-2.464120766945135377e-01,1.001259336708798076e+00,-2.476741254167185158e-01,2.001259337984857556e+00,-2.476737346362685999e-01,2.464627193536520766e-01,-1.256358369610256201e-03,-1.254751504092936794e-03,1.256293801917934740e-03,1.000629668992429222e+00
1.220300000000000117e-03,-2.464130299406140923e-01,-2.464127317229959091e-01,1.001264397065215084e+00,-2.476709389525639515e-01,2.001264398346402018e+00,-2.476713897011600385e-01,2.464634693938871079e-01,-1.252628558052342172e-03,-1.263405078165987568e-03,1.264008241867101492e-03,1.000632199173201675e+00
1.251208220004680237e-03,-2.464130662599917920e-01,-2.464142490702738719e-01,1.001266511142924198e+00,-2.476777775270221083e-01,2.001266512426253641e+00,-2.476780687192906560e-01,2.464636209156644275e-01,-1.264998783318073633e-03,-1.267462093026103112e-03,1.267927662023981715e-03,1.000633256213127265e+00
1.284546663933917084e-03,-2.464131054350570948e-01,-2.464121967577005134e-01,1.001265200901738872e+00,-2.476720967840957410e-01,2.001265202183740044e+00,-2.476712859450487247e-01,2.464617901610369199e-01,-1.262042016252732778e-03,-1.266308039372218870e-03,1.265886905566374412e-03,1.000632601091870910e+00
1.318071646299320138e-03,-2.464131448293188364e-01,-2.464130008721246712e-01,1.001264396520451738e+00,-2.476683220589193102e-01,2.001264397801638228e+00,-2.476669575062882545e-01,2.464651294977718843e-01,-1.250314640821173235e-03,-1.254914338881241848e-03,1.254438268762403472e-03,1.000632198900819558e+00
1.349304287942871758e-03,-2.464131815299150652e-01,-2.464107229950016076e-01,1.001265791729993415e+00,-2.476798884020679492e-01,2.001265793012593441e+00,-2.476806454458689855e-01,2.464629727880632282e-01,-1.263121663599522417e-03,-1.261840886746311979e-03,1.262900184798549470e-03,1.000632896506297387e+00
1.380300000000000103e-03,-2.464132179521018040e-01,-2.464069638009065977e-01,1.001265111754104264e+00,-2.476805176351437043e-01,2.001265113036015286e+00,-2.476794306957793013e-01,2.464617725045835650e-01,-1.270935066695472442e-03,-1.272616941852182035e-03,1.273210259726373752e-03,1.000632556518008309e+00
1.411574966546221823e-03,-2.464132547024323605e-01,-2.464101923267344452e-01,1.001269737456268683e+00,-2.476792780057679999e-01,2.001269738742867066e+00,-2.476801924023130930e-01,2.464615071715405836e-01,-1.269673998889824830e-03,-1.277570224064081533e-03,1.277472533847436508e-03,1.000634869371434199e+00
1.442981659539285463e-03,-2.464132916075518487e-01,-2.464065775514444889e-01,1.001262893281157140e+00,-2.476784665051338374e-01,2.001262894560820627e+00,-2.476773741119307481e-01,2.464581197012938041e-01,-1.269498243637573421e-03,-1.263040614404517927e-03,1.268337978650245067e-03,1.000631447280410757e+00
1.474707760320844710e-03,-2.464133288879979677e-01,-2.464142656388233765e-01,1.001266904870004248e+00,-2.476672260628585975e-01,2.001266906153732261e+00,-2.476684945302574659e-01,2.464636471034435394e-01,-1.256565553586640573e-03,-1.263277413954166451e-03,1.264135146816914960e-03,1.000633453076866797e+00
1.502453019252346627e-03,-2.464133614906692527e-01,-2.464129139740556251e-01,1.001263150600257390e+00,-2.476881337596410493e-01,2.001263151880181113e+00,-2.476881620165941877e-01,2.464652546378530984e-01,-1.276431874514766555e-03,-1.272338530223630004e-03,1.276775565257786934e-03,1.000631575940091222e+00
1.533729509190130550e-03,-2.464133982427900715e-01,-2.464164462200718053e-01,1.001265077315381280e+00,-2.476827220275324981e-01,2.001265078597257663e+00,-2.476828983538282292e-01,2.464657457048551881e-01,-1.265401040874017261e-03,-1.266839835830137380e-03,1.266528440533816512e-03,1.000632539298629498e+00
1.557370841189589100e-03,-2.464134260230656237e-01,-2.464203307584525438e-01,1.001262055374657844e+00,-2.476339712710261820e-01,2.001262056653472232e+00,-2.476740474100613265e-01,2.464700549194059342e-01,-1.256137687835272515e-03,-1.259559596858285174e-03,1.260485540938013340e-03,1.000631028326736782e+00
1.587303532276576959e-03,-2.464134611963451627e-01,-2.464140781108941913e-01,1.001261824577468706e+00,-2.476600099946327516e-01,2.001261825856048837e+00,-2.476723360415414854e-01,2.464633579443239464e-01,-1.255686033064672092e-03,-1.256501085062205255e-03,1.257657415338061168e-03,1.000630912928025085e+00
1.619129733267821863e-03,-2.464134985947699363e-01,-2.464197520696169430e-01,1.001263221272995940e+00,-2.476812972053248074e-01,2.001263222552991383e+00,-2.476874404561489329e-01,2.464703490644550021e-01,-1.265079314813266284e-03,-1.268646175815457038e-03,1.270000510916168175e-03,1.000631611276496358e+00
1.644046543738161836e-03,-2.464135278741165780e-01,-2.464124026640067966e-01,1.001258849671441187e+00,-2.476723779409402693e-01,2.001258850947007062e+00,-2.476729254754896914e-01,2.464646123614767093e-01,-1.260452886055328948e-03,-1.261681158281352825e-03,1.260475906507732861e-03,1.000629425473504197e+00
1.677429254463701008e-03,-2.464135671016150775e-01,-2.464163654011364002e-01,1.001267845813687218e+00,-2.476778729921986777e-01,2.001267847098368691e+00,-2.476773866090079268e-01,2.464658140366856598e-01,-1.264395720703778963e-03,-1.263720432414941171e-03,1.263803822249932830e-03,1.000633923549185011e+00
1.709999999999999932e-03,-2.464136053749882149e-01,-2.464109503955323188e-01,1.001266889611376110e+00,-2.476699672515685624e-01,2.001266890895088579e+00,-2.476696168649270002e-01,2.464611097700454279e-01,-1.261780526192953682e-03,-1.263172625868815230e-03,1.263394902461123992e-03,1.000633445447544956e+00
1.741169569500294672e-03,-2.464136420018606666e-01,-2.464087673126526545e-01,1.001262176971521534e+00,-2.476592138792949038e-01,2.001262178250458934e+00,-2.476594621043552158e-01,2.464580965074084362e-01,-1.263522251658294026e-03,-1.267648762894829032e-03,1.267469774614664963e-03,1.000631089125230133e+00
1.772771921848394520e-03,-2.464136791372895097e-01,-2.464107152107957166e-01,1.001269735598588673e+00,-2.476731466078873900e-01,2.001269736885184614e+00,-2.476740676852488554e-01,2.464606069249848930e-01,-1.271925763319533588e-03,-1.270583727808252510e-03,1.272786641741507950e-03,1.000634868442593195e+00
1.802543527515274501e-03,-2.464137141214407800e-01,-2.464112690501542857e-01,1.001263820702372520e+00,-2.476793388487067149e-01,2.001263821982974811e+00,-2.476802081152284229e-01,2.464609523676696556e-01,-1.269945838975794408e-03,-1.263899823282660330e-03,1.270187965568035345e-03,1.000631910991488294e+00
1.833958792929744116e-03,-2.464137510370323358e-01,-2.464157926225227502e-01,1.001263018585300424e+00,-2.476833412201049356e-01,2.001263019865090254e+00,-2.476819954257225287e-01,2.464656043670791774e-01,-1.262173893374983046e-03,-1.259425553145043005e-03,1.261512389340896118e-03,1.000631509932545793e+00
1.861814311129858903e-03,-2.464137837696200317e-01,-2.464158342216594411e-01,1.001262245274438634e+00,-2.477015107814250772e-01,2.001262246553444868e+00,-2.477031362301478079e-01,2.464657075034321077e-01,-1.286269180273667996e-03,-1.275858974815435127e-03,1.286663194564846178e-03,1.000631123276723100e+00
1.890236166253212152e-03,-2.464138171677021094e-01,-2.464069338372472662e-01,1.001265940521808284e+00,-2.476847923454486566e-01,2.001265941804559301e+00,-2.476854978157689291e-01,2.464602985980316741e-01,-1.272339837021684537e-03,-1.269407710910803056e-03,1.273832283101526078e-03,1.000632970902280316e+00
1.918362680762228985e-03,-2.464138502187344926e-01,-2.464188100817531202e-01,1.001268870901717678e+00,-2.476846491284309393e-01,2.001268872187437431e+00,-2.476810395122178432e-01,2.464684305565420508e-01,-1.265823854972223349e-03,-1.264663259493322301e-03,1.263738154535129195e-03,1.000634436093719382e+00
1.944741925564744687e-03,-2.464138812165757308e-01,-2.464129712193289246e-01,1.001259186061072448e+00,-2.476695793124020217e-01,2.001259187336978940e+00,-2.476701473065215653e-01,2.464635945583308618e-01,-1.261363087931439194e-03,-1.257783504375355882e-03,1.261434984258520036e-03,1.000629593668490136e+00
1.962831909617083863e-03,-2.464139024738334627e-01,-2.464194049652477791e-01,1.001264999611267914e+00,-2.476798499719855828e-01,2.001265000893065693e+00,-2.476810462941967383e-01,2.464689029225535788e-01,-1.261761669695342499e-03,-1.264911437205138703e-03,1.265718104165534800e-03,1.000632500446533291e+00
1.990803084531878216e-03,-2.471689918888942128e-01,-2.471496405671166074e-01,1.001228006819887550e+00,-2.483642348428964919e-01,2.001228008064200647e+00,-2.483837452015468239e-01,2.472224504767677744e-01,-1.242019578881621480e-03,-1.234806526084277021e-03,1.235093748219570978e-03,1.000614004032100990e+00
2.013040153345731741e-03,-2.474871469331675344e-01,-2.474736099893626862e-01,1.000585149918498118e+00,-2.481277030066767475e-01,2.000585150511418053e+00,-2.481097992765241012e-01,2.475321372066670855e-01,-6.456625093391161032e-04,-6.139305986095809024e-04,6.187052786011265366e-04,1.000292575255709471e+00
2.037422692981241505e-03,-2.476147456958186777e-01,-2.476134019168156897e-01,1.000203745365935593e+00,-2.478489827910480836e-01,2.000203745572386449e+00,-2.478426329850102472e-01,2.476656347189727103e-01,-2.332628133530810976e-04,-2.201923481537497213e-04,2.237830160278005283e-04,1.000101872786193447e+00
2.051818127669712433e-03,-2.476462057940320427e-01,-2.476501246221573249e-01,1.000103370778556711e+00,-2.477649477383558896e-01,2.000103370883300258e+00,-2.477597168054579135e-01,2.477012666205959390e-01,-1.105025961994404233e-04,-1.006086651118321697e-04,1.045324032788597774e-04,1.000051685441650129e+00
2.063025340228815622e-03,-2.476601537445750068e-01,-2.476622868918220977e-01,1.000060134664702005e+00,-2.477369487761195421e-01,2.000060134725635486e+00,-2.477356938697577726e-01,2.477122539974014048e-01,-7.119094019620299761e-05,-6.900753513873495923e-05,6.746970771367862246e-05,1.000030067362817743e+00
2.076072321421561229e-03,-2.476697710139345032e-01,-2.476710209215661207e-01,1.000028445025182844e+00,-2.477029274674376891e-01,2.000028445054005566e+00,-2.476999338399548112e-01,2.477217983662153289e-01,-2.660311018518904619e-05,-2.594424304984560434e-05,2.433275339364830971e-05,1.000014222527002783e+00
2.085383582585350736e-03,-2.476739648991354292e-01,-2.476772385503298313e-01,1.000017093103809929e+00,-2.476903114236662373e-01,2.000017093121130074e+00,-2.476911072027150884e-01,2.477268234159577531e-01,-1.855057884081686524e-05,-1.915609899091950700e-05,1.974540536885871085e-05,1.000008546560565037e+00
2.095116768128117701e-03,-2.476768643402024739e-01,-2.476772313729466435e-01,1.000010521466046853e+00,-2.476969710006999559e-01,2.000010521476708103e+00,-2.476963764752274921e-01,2.477267373080662971e-01,-2.117462019298625559e-05,-2.067454435123603892e-05,1.995339440114510157e-05,1.000005260738354051e+00
2.104466838964645734e-03,-2.476787027990075551e-01,-2.476776244012507677e-01,1.000002861592147907e+00,-2.476857663934123599e-01,2.000002861595047587e+00,-2.476838307473000489e-01,2.477273550474944352e-01,-7.218934855757462124e-06,-7.865883076854344070e-06,5.699895112975472262e-06,1.000001430797523794e+00
2.111808368806809919e-03,-2.476797043917005892e-01,-2.476781372967042094e-01,1.000000365347354370e+00,-2.476715958455285860e-01,2.000000365347724518e+00,-2.476698457728699898e-01,2.477277912799092097e-01,4.036528478681791628e-06,3.557550600892962027e-06,3.935798474667628664e-06,1.000000182673862259e+00
2.120360032313593161e-03,-2.476805314691409576e-01,-2.476727863734982105e-01,1.000000012470597222e+00,-2.476684007431806667e-01,2.000000012470609434e+00,-2.476692532059637797e-01,2.477245607961696683e-01,-7.099760662902554271e-06,-5.458772287615190813e-06,8.474014445143359777e-06,1.000000006235304939e+00
2.130103753543201740e-03,-2.476811656722462118e-01,-2.476847638865079526e-01,9.999995543798512188e-01,-2.476944237471485899e-01,1.999999554379399580e+00,-2.476970108693782036e-01,2.477355001243402299e-01,-7.730007554716838668e-06,-4.776732348958459674e-06,7.495217574799918697e-06,9.999997771896997900e-01
2.141537058772228184e-03,-2.476816365908061646e-01,-2.476826870178988893e-01,1.000001458645783048e+00,-2.476903821626206814e-01,2.000001458647261199e+00,-2.476896820178747516e-01,2.477329610151917383e-01,-1.897895778295331595e-06,-4.911570939410257283e-06,5.150199316566355769e-06,1.000000729323630599e+00
2.151145952022911600e-03,-2.476818863101401813e-01,-2.476813112596202016e-01,9.999967511981814328e-01,-2.476833408403152637e-01,1.999996751194889510e+00,-2.476826025663607656e-01,2.477313944590386618e-01,2.193243931741375152e-06,-2.303326352722335213e-06,2.928771638974118858e-06,9.999983755974447552e-01
2.160516995248106930e-03,-2.476820474468205691e-01,-2.476891932893079684e-01,9.999937104609085692e-01,-2.476775854528412146e-01,1.999993710454535778e+00,-2.476768997626066227e-01,2.477392251244668608e-01,1.302556653469195837e-05,1.350785972319079713e-05,1.389886329215059173e-05,9.999968552272677780e-01
2.168588405525666805e-03,-2.476821422591766741e-01,-2.476890657333654100e-01,9.999948468478569996e-01,-2.476807036919909666e-01,1.999994846842635399e+00,-2.476817483952506171e-01,2.477386024182066937e-01,-1.207649086855167809e-07,5.348537002374377431e-06,4.162871990818329355e-06,9.999974234213178104e-01
2.172937853399371354e-03,-2.476821811165023646e-01,-2.476875127869577753e-01,9.999946637899057578e-01,-2.476841289213087827e-01,1.999994663784498750e+00,-2.476834365864743759e-01,2.477379656872205349e-01,-2.308483691556966757e-06,4.994680996729960184e-06,6.120143697854809212e-06,9.999973318922493748e-01
2.181217237507669833e-03,-2.476822375405433596e-01,-2.476819080055501499e-01,9.999910321258037582e-01,-2.476661502683116245e-01,1.999991032116716694e+00,-2.476633665818113728e-01,2.477341694474489431e-01,1.757019400103105612e-05,1.579610962625158427e-05,1.852618510294951729e-05,9.999955160583583469e-01
2.190202483711175749e-03,-2.476822796467148535e-01,-2.476750683952797238e-01,9.999887087335279645e-01,-2.476624546411817229e-01,1.999988708722086672e+00,-2.476631493947228924e-01,2.477280307330276821e-01,7.039308597547496097e-06,2.463208318867907947e-06,5.130009743911837205e-06,9.999943543610433361e-01
2.200002140830119648e-03,-2.476823102011963262e-01,-2.476777596790412372e-01,9.999921921695956728e-01,-2.476820619340519281e-01,1.999992192161684113e+00,-2.476843026147867999e-01,2.477276644208345480e-01,-7.276993871889465335e-06,-4.010853802628674550e-06,8.768299552530288830e-06,9.999960960808420563e-01
2.206509971290789712e-03,-2.476823243702685196e-01,-2.476813421161920270e-01,9.999964434653406675e-01,-2.476856364416726575e-01,1.999996443461736995e+00,-2.476854408791036855e-01,2.477314611779201370e-01,-4.467420454825419707e-06,-5.460700278591355659e-06,5.609693095533805978e-06,9.999982217308684973e-01
2.216422831780678199e-03,-2.476823395331955446e-01,-2.476831504872781531e-01,1.000000565966148613e+00,-2.476868852547581545e-01,2.000000565966721933e+00,-2.476869755278176544e-01,2.477327214880843120e-01,1.188885121251426573e-06,8.560000941981804167e-08,1.860775886637820067e-06,1.000000282983360966e+00
2.223614427774573635e-03,-2.476823470843567687e-01,-2.476811782766305259e-01,9.999990740364672615e-01,-2.476818993994468476e-01,1.999999074035528901e+00,-2.476806004295265540e-01,2.477316157415383746e-01,5.949031478015333171e-06,5.964498682953868693e-06,5.884739769600278182e-06,9.999995370177644505e-01
2.232495698429653227e-03,-2.476823536669562342e-01,-2.476782249650443524e-01,9.999953856326269097e-01,-2.476734967420693156e-01,1.999995385627951094e+00,-2.476729922107394344e-01,2.477280550137324622e-01,5.192363005981068278e-06,6.045593958388849616e-06,7.010999740850335307e-06,9.999976928139756582e-01
2.242422773987594493e-03,-2.476823585546605866e-01,-2.476817021454664203e-01,9.999949145739467360e-01,-2.476697899238622935e-01,1.999994914568793858e+00,-2.476708168718950998e-01,2.477314261084978819e-01,1.096545110843081829e-05,1.256797499284214357e-05,1.222114096541527318e-05,9.999974572843969289e-01
2.255167202587050196e-03,-2.476823623948192776e-01,-2.476825059626781844e-01,9.999978535427290760e-01,-2.476825837250944407e-01,1.999997853540554260e+00,-2.476823053113091089e-01,2.477320801842694542e-01,5.042672336964289028e-06,6.165772139765139424e-06,5.854169262885126017e-06,9.999989267702771301e-01
2.265981119766631319e-03,-2.476823643296074406e-01,-2.476812199695845318e-01,9.999958800535782011e-01,-2.476776221180908288e-01,1.999995880049403763e+00,-2.476772894867636243e-01,2.477307476990669444e-01,1.067920856258427878e-06,-3.156529808270288956e-07,1.425715805875593853e-06,9.999979400247018813e-01
2.274484129004438436e-03,-2.476823653184600793e-01,-2.476788834925575666e-01,9.999947661447882163e-01,-2.476758797990866456e-01,1.999994766139484792e+00,-2.476753894818660706e-01,2.477295956616352157e-01,-1.723656090057167599e-06,-5.217611070755871400e-06,5.036599628245842111e-06,9.999973830697423960e-01
2.283854187606299945e-03,-2.476823660507339042e-01,-2.476796226944577017e-01,9.999953932946405999e-01,-2.476740448568677533e-01,1.999995393289973000e+00,-2.476747547510059766e-01,2.477306372182431493e-01,1.797118533203881373e-06,-1.033947636191813117e-06,3.132972975075923184e-06,9.999976966449863891e-01
2.292059152160353698e-03,-2.476823664811531323e-01,-2.476891922834234816e-01,9.999965932020640214e-01,-2.476780968576155761e-01,1.999996593198612116e+00,-2.476779833392719343e-01,2.477386608409372637e-01,1.038984187410016683e-05,5.687569716382797293e-06,9.135956311183570551e-06,9.999982965993060580e-01
2.300500679147431896e-03,-2.476823667832625808e-01,-2.476819352207959846e-01,9.999986488786549721e-01,-2.476840758904410300e-01,1.999998648877285845e+00,-2.476854255598461008e-01,2.477347964398404767e-01,-8.274362113846274032e-06,-4.196011340319334162e-06,1.005770488436294409e-05,9.999993244386429225e-01
2.310181974373352962e-03,-2.476823670095503471e-01,-2.476777051448916245e-01,9.999940124557497034e-01,-2.476876289104661399e-01,1.999994012449682446e+00,-2.476871342641704110e-01,2.477284908710009337e-01,-7.432198070144846611e-06,-1.154402664617431157e-06,6.658415665278191064e-06,9.999970062248412228e-01
2.321024264833121669e-03,-2.476823671624351353e-01,-2.476906245386919225e-01,9.999929015120170295e-01,-2.476956193991300681e-01,1.999992901504824339e+00,-2.476965480103156259e-01,2.477400933823231399e-01,-3.830045275854252825e-06,4.048687378538829782e-07,3.597845433570479704e-06,9.999964507524121693e-01
2.330245363908796646e-03,-2.476823672381700259e-01,-2.476794183594432097e-01,9.999968889524076809e-01,-2.476777910440562669e-01,1.999996888949255203e+00,-2.476746351662522938e-01,2.477349103471646330e-01,9.299094342301017355e-06,1.394711659798698969e-05,1.512195984230926277e-05,9.999984444746277124e-01
2.337304655038664920e-03,-2.476823672735077309e-01,-2.476805805351721679e-01,9.999946200585407841e-01,-2.476592245901482192e-01,1.999994620053089367e+00,-2.476571400890138774e-01,2.477304659721625835e-01,1.656377460320023013e-05,1.183391040625257438e-05,1.744763470592207121e-05,9.999973100265446835e-01
2.348486713950439456e-03,-2.476823673024272088e-01,-2.476783953827838836e-01,9.999922369490511498e-01,-2.476677186398567598e-01,1.999992236941185109e+00,-2.476706053444745759e-01,2.477292149435089963e-01,9.620813645754188516e-06,5.014526680386620801e-06,7.662497633324744068e-06,9.999961184705925543e-01
2.354242313756745725e-03,-2.476823673081897104e-01,-2.476801958131205073e-01,9.999953802229158972e-01,-2.476779657673228718e-01,1.999995380218234864e+00,-2.476785061736268279e-01,2.477306215771306053e-01,1.841693220137755142e-06,2.280654677664157531e-06,2.611222152602945134e-06,9.999976901091174319e-01
2.365299161160954768e-03,-2.476823673076750110e-01,-2.476856145098168815e-01,9.999969043939268554e-01,-2.476828634746348623e-01,1.999996904390790142e+00,-2.476838649250376889e-01,2.477351787796901184e-01,-1.382619267719734804e-08,5.503148180575534909e-06,5.295013115278020302e-06,9.999984521953950711e-01
2.370174289999959875e-03,-2.476769657692581839e-01,-2.476840752488485564e-01,9.999975574602680828e-01,-2.476880822374474267e-01,1.999997557457793063e+00,-2.476883048143846133e-01,2.477344628898785761e-01,-2.978315353626781969e-06,4.297372393701515067e-06,4.046155431777923646e-06,9.999987787288965313e-01
2.382233007825233177e-03,-2.476769799388110205e-01,-2.476759699684545901e-01,9.999940396115606367e-01,-2.476745206668354571e-01,1.999994039605520912e+00,-2.476739673175640533e-01,2.477261128078832864e-01,-1.492149631052986585e-06,5.433615738731258020e-06,6.121761272709919173e-06,9.999970198027605672e-01
2.393863013885339040e-03,-2.476769936046081810e-01,-2.476736529052510072e-01,9.999951627999721371e-01,-2.476636227245199162e-01,1.999995162795070724e+00,-2.476618569129828695e-01,2.477243150193344234e-01,8.915341592465271918e-06,7.807370870376574321e-06,8.822653380601995751e-06,9.999975813975353622e-01
2.403192355397064817e-03,-2.476770045670176612e-01,-2.476696041169318407e-01,9.999999875233930302e-01,-2.476552846175246181e-01,1.999999987523380485e+00,-2.476571035814380539e-01,2.477198719305562791e-01,4.526807538944626850e-06,6.404144626020966299e-07,3.077040780727968544e-06,9.999999937616902423e-01
2.412659630589488336e-03,-2.476770156915054366e-01,-2.476733494613490849e-01,1.000002214726537941e+00,-2.476777787872992964e-01,2.000002214728781702e+00,-2.476804748917958710e-01,2.477241826949936054e-01,-7.740986469197024122e-06,-9.917193345512170750e-06,9.996576147785573199e-06,1.000001107364390851e+00
2.429394827207952395e-03,-2.476770353561387472e-01,-2.476762837087299884e-01,1.000006324758828224e+00,-2.476909778063232648e-01,2.000006324765236876e+00,-2.476895344772367114e-01,2.477295309756407105e-01,-4.094827922340178192e-06,-7.309272271605697534e-06,6.609477880564810259e-06,1.000003162382618438e+00
2.438302919539953560e-03,-2.476770458235608152e-01,-2.476692523885624664e-01,1.000000946605988927e+00,-2.476838926654454931e-01,2.000000946606947938e+00,-2.476833336878328240e-01,2.477223871166473745e-01,-7.017756173435115012e-06,-3.274188426788447146e-06,7.417751065481089506e-06,1.000000473303473969e+00
2.443209388123816946e-03,-2.476770515888881141e-01,-2.476680288780383488e-01,9.999977087271613163e-01,-2.476766683995152707e-01,1.999997708724839507e+00,-2.476737022138290056e-01,2.477185779448010383e-01,-2.719443559107633639e-06,2.628543870475117734e-06,4.360604468779603962e-06,9.999988543624197534e-01
2.451463950918280829e-03,-2.476770612883826550e-01,-2.476708461900383462e-01,9.999996780698207077e-01,-2.476535307933253882e-01,1.999999678069494413e+00,-2.476536141551938519e-01,2.477208611805525595e-01,1.369570520103056998e-05,1.063701586960348116e-05,1.319742314985168492e-05,9.999998390347472066e-01
2.460019249501754681e-03,-2.476770713412551617e-01,-2.476753022569916918e-01,1.000005789179127413e+00,-2.476800649902677898e-01,2.000005789184993610e+00,-2.476838529025434943e-01,2.477253631992284988e-01,-4.828874033301153862e-06,-5.133593158584783315e-06,7.233346530882860609e-06,1.000002894592496805e+00
2.465727173640039436e-03,-2.476770780483294743e-01,-2.476782376624378501e-01,1.000007823017402542e+00,-2.476831353047997675e-01,2.000007823025329312e+00,-2.476820691321917622e-01,2.477282851804087083e-01,-6.313469197504744980e-06,-6.096322335196647802e-06,5.736461853846447279e-06,1.000003911512664656e+00
2.474005927440192827e-03,-2.476770877762491385e-01,-2.476793488796115716e-01,1.000006480153613264e+00,-2.476763394916382255e-01,2.000006480160180011e+00,-2.476767241567644773e-01,2.477293071235112942e-01,-1.968329817204200077e-06,-4.774253156630973562e-06,5.237894600061974189e-06,1.000003240080089784e+00
2.483708846338654377e-03,-2.476770991776292563e-01,-2.476770233933175136e-01,1.000002023305271104e+00,-2.476808198863525989e-01,2.000002023307320798e+00,-2.476811600903192911e-01,2.477270076833646972e-01,-4.916974701511861291e-06,-5.135306353506445502e-06,4.720788586285724192e-06,1.000001011653660621e+00
2.492914564235032982e-03,-2.476771099947754906e-01,-2.476794918261243095e-01,9.999985481450007763e-01,-2.476830397437941034e-01,1.999998548143529842e+00,-2.476835654450713631e-01,2.477291498744043363e-01,-4.671403635609182309e-06,-2.730034967986817643e-07,5.794714084120348589e-06,9.999992740717649209e-01
2.502131813906349755e-03,-2.476771208254718581e-01,-2.476770441891019692e-01,9.999994015908938438e-01,-2.476937764716874435e-01,1.999999401590287551e+00,-2.476952815787446249e-01,2.477274178871816113e-01,-1.710035267310975636e-05,-6.254154083776198722e-06,1.686415886339828654e-05,9.999997007951437755e-01
2.512806178374044942e-03,-2.476771333683449872e-01,-2.476841676182905128e-01,9.999986573121345534e-01,-2.476976585303468370e-01,1.999998657310774197e+00,-2.476955462309547995e-01,2.477339396966095897e-01,-5.419679765181610789e-06,8.391185663174613298e-07,3.678458531856444797e-06,9.999993286553870986e-01
2.522250507677787149e-03,-2.476771444658703858e-01,-2.476776041653863947e-01,9.999990322045753111e-01,-2.476743447276104348e-01,1.999999032203594540e+00,-2.476732920122185488e-01,2.477294737313647521e-01,8.048585774976242495e-06,7.256284335498591458e-06,7.759720613075634673e-06,9.999995161017973810e-01
2.531276291568257224e-03,-2.476771550715846926e-01,-2.476794748770775045e-01,9.999958360705971661e-01,-2.476747298811449727e-01,1.999995836066377874e+00,-2.476744028623004967e-01,2.477290655506536043e-01,3.552075776164539595e-06,4.794174069726000030e-06,4.799350600842096126e-06,9.999979180331889372e-01
2.540770579467247544e-03,-2.476771662278142161e-01,-2.476707385559426267e-01,9.999966014541400439e-01,-2.476630140915718759e-01,1.999996601450696465e+00,-2.476627740562442337e-01,2.477245012075404151e-01,5.757017459496360478e-06,1.807265684950620283e-06,4.914101121266547114e-06,9.999983007253482326e-01
2.550551638718783452e-03,-2.476771777210128034e-01,-2.476742809926002209e-01,9.999986124016637667e-01,-2.476776837373560192e-01,1.999998612400257558e+00,-2.476788770612702029e-01,2.477243760562213848e-01,-2.162778117201393511e-06,5.463558976560606142e-06,5.453284877735314425e-06,9.999993062001288902e-01
2.560134466383190682e-03,-2.476771889812813543e-01,-2.476812110657293509e-01,1.000002320608329054e+00,-2.476827656912756470e-01,2.000002320610680950e+00,-2.476834884140598214e-01,2.477312905894649142e-01,7.230298335727401071e-08,-3.491222084128996116e-06,4.536021286243927478e-06,1.000001160305340253e+00
2.570013958759639287e-03,-2.476772005901447526e-01,-2.476742130095773431e-01,1.000003994751141212e+00,-2.476802041566558976e-01,2.000003994755188863e+00,-2.476792625880968324e-01,2.477269490030479526e-01,-5.822158871412742550e-06,-4.792945724929698010e-07,5.941134211215090754e-06,1.000001997377594432e+00
2.580001374168170141e-03,-2.476772123258219327e-01,-2.476742236270667585e-01,9.999994938564071845e-01,-2.476774946321158022e-01,1.999999493855894261e+00,-2.476774443170054185e-01,2.477238520997657734e-01,-5.836252993371715728e-06,-7.436465125358191905e-07,5.890569903387521561e-06,9.999997469279471307e-01
2.588034650165598350e-03,-2.476772217652935537e-01,-2.476722585511893227e-01,9.999993550758093930e-01,-2.476752666297205030e-01,1.999999355075156027e+00,-2.476748311231257438e-01,2.477224418750803292e-01,3.999690468467919371e-06,2.359606872677877265e-06,5.203580964049894068e-06,9.999996775375780134e-01
2.594783839854264938e-03,-2.476772296959037223e-01,-2.476743317269422262e-01,1.000002008708354317e+00,-2.476724536095995244e-01,2.000002008710389578e+00,-2.476727446474496774e-01,2.477246326371221052e-01,3.456753256923425935e-06,-2.173921827711102778e-07,2.346849773035465427e-06,1.000001004355194789e+00
2.606778610548951807e-03,-2.476772437903164981e-01,-2.476755806211043964e-01,1.000003829830893087e+00,-2.476863654636566603e-01,2.000003829834773761e+00,-2.476881467400806336e-01,2.477265261134602436e-01,-1.144480455241984341e-05,-2.643976019983475503e-06,1.282303929382918427e-05,1.000001914917386880e+00
2.614207445019466492e-03,-2.476772525195412022e-01,-2.476740712596771921e-01,1.000003827519881261e+00,-2.476881265550258948e-01,2.000003827523759714e+00,-2.476857541510729122e-01,2.477239267743350515e-01,-1.037079488871313225e-05,3.115013164625505173e-07,8.142632685690626257e-06,1.000001913761879857e+00
2.622058760430797785e-03,-2.476772617452016878e-01,-2.476773019745575899e-01,1.000001272612457415e+00,-2.476694161453825704e-01,2.000001272613746828e+00,-2.476696174186584498e-01,2.477276257074081667e-01,6.184389738301937885e-06,5.082838547335691043e-06,6.138497141840694892e-06,1.000000636306873414e+00
2.630366259482789289e-03,-2.476772715068983888e-01,-2.476842215166074335e-01,1.000001627071288590e+00,-2.476891760034260759e-01,2.000001627072937271e+00,-2.476920929836311791e-01,2.477340309072027513e-01,-3.829437102929204712e-06,-7.906282766383025297e-06,8.702967493584988132e-06,1.000000813536468636e+00
2.635305973412904647e-03,-2.476772773112893289e-01,-2.476803770950890549e-01,1.000002386810771027e+00,-2.476892100649421002e-01,2.000002386813189759e+00,-2.476872316341059976e-01,2.477319159470256216e-01,-5.759465872638667240e-07,-2.257261881978748342e-06,1.143980931364893052e-06,1.000001193406594657e+00
2.642349183317335270e-03,-2.476772855873886070e-01,-2.476759835813257538e-01,1.000000988836027727e+00,-2.476732984440831176e-01,2.000000988837029592e+00,-2.476725550236640594e-01,2.477277038255673303e-01,1.093956130698815994e-05,7.686353544927617803e-06,1.100706942696752157e-05,1.000000494418515018e+00
2.651193051020105280e-03,-2.476772959793426820e-01,-2.476837822051864146e-01,9.999966031539967437e-01,-2.476808032521259362e-01,1.999996603150554941e+00,-2.476814869852846102e-01,2.477332496819447116e-01,6.937291336104583548e-06,6.080608004479796397e-06,6.953569312780577568e-06,9.999983015752773596e-01
2.661164836773419803e-03,-2.476773076966529707e-01,-2.476787761527467491e-01,9.999982080339033796e-01,-2.476752931688450954e-01,1.999998208032087499e+00,-2.476748684068910689e-01,2.477298870454842927e-01,8.158221165813196201e-06,5.523253889021503666e-06,7.659124079688002369e-06,9.999991040160437494e-01
2.671543832016116341e-03,-2.476773198924542008e-01,-2.476811381897984499e-01,9.999967464634090808e-01,-2.476749132023847166e-01,1.999996746460112051e+00,-2.476746192335520513e-01,2.477306051383695307e-01,5.568759575739543141e-06,6.649336874011506677e-06,6.429471670912766896e-06,9.999983732300561368e-01
2.682616758941698196e-03,-2.476773329036579541e-01,-2.476805102952735760e-01,9.999967937486782255e-01,-2.476767320382998738e-01,1.999996793745429491e+00,-2.476784345262481035e-01,2.477309743080233495e-01,1.741403112100248919e-06,2.134303771905043443e-07,1.075348306552525944e-06,9.999983968727147454e-01
2.695810432710917318e-03,-2.476773484068375275e-01,-2.476845348975806327e-01,9.999968789017267268e-01,-2.476907276508834854e-01,1.999996878898564256e+00,-2.476899909649522835e-01,2.477359238156476295e-01,2.348182822345045614e-07,4.094453367625873774e-06,4.785684182013341813e-06,9.999984394492821282e-01
2.705794526938253529e-03,-2.476773601386112467e-01,-2.476804145177350092e-01,9.999954926585407078e-01,-2.476845191081379072e-01,1.999995492653973583e+00,-2.476844900212070155e-01,2.477300846697996772e-01,7.258850344694328944e-07,7.494735484660356176e-06,7.629106597936589362e-06,9.999977463269867917e-01
2.713801356596749585e-03,-2.476773695470076697e-01,-2.476802861559347646e-01,9.999922138979341346e-01,-2.476808077535937458e-01,1.999992213890044557e+00,-2.476792354752858361e-01,2.477300183863371807e-01,2.707725312979931413e-06,1.031489108489922582e-05,1.076415499547303202e-05,9.999961069450222784e-01
2.723338123247175113e-03,-2.476773807531518212e-01,-2.476784346053179375e-01,9.999949215553810555e-01,-2.476682458085992800e-01,1.999994921550235061e+00,-2.476678124367278633e-01,2.477280657646027395e-01,8.498035081678646487e-06,1.030293321321529900e-05,1.006259907442108363e-05,9.999974607751175304e-01
2.735940854829267341e-03,-2.476773955619482326e-01,-2.476769094887069922e-01,9.999970289893150843e-01,-2.476709233629086904e-01,1.999997028986304715e+00,-2.476719630761837487e-01,2.477275159950597105e-01,4.238092350096918055e-06,6.223827337737005043e-06,5.516871949061538065e-06,9.999985144931523573e-01
2.745620812595654225e-03,-2.476774069363477382e-01,-2.476809667450327046e-01,9.999983237357636945e-01,-2.476800272376696033e-01,1.999998323734065275e+00,-2.476807114212331851e-01,2.477318933945938939e-01,5.595428495900981704e-06,4.719161936518022112e-06,6.576645123877705018e-06,9.999991618670326377e-01
2.752253244563133278e-03,-2.476774147297633455e-01,-2.476873313804187071e-01,9.999987230659659332e-01,-2.476830994691398835e-01,1.999998723064671857e+00,-2.476834131176595399e-01,2.477367995661853561e-01,1.079051129257973492e-05,6.073419011798190259e-06,1.037766746816413965e-05,9.999993615323360396e-01
2.761099138060234184e-03,-2.476774251240980440e-01,-2.476812554822506729e-01,9.999998937271280530e-01,-2.476871293538554231e-01,1.999999893727020472e+00,-2.476877434752564333e-01,2.477332462197836538e-01,1.717398145131469050e-06,-3.851403740028191478e-06,4.214758389809389541e-06,9.999999468635102362e-01
2.771122160919692497e-03,-2.476774369016150612e-01,-2.476786301089508036e-01,9.999947342486196211e-01,-2.476836668086123683e-01,1.999994734243284000e+00,-2.476831160219485906e-01,2.477285421639879304e-01,-1.600346976592126107e-06,3.708875173816193657e-07,1.141604394523072130e-06,9.999973671216418891e-01
2.782496662348740279e-03,-2.476774502671830192e-01,-2.476819348788904251e-01,9.999943432756313033e-01,-2.476840754295221714e-01,1.999994343269899444e+00,-2.476837335988235633e-01,2.477319712433569132e-01,-1.577494491631039716e-06,-8.642468487750134689e-07,1.734200495043311177e-06,9.999971716349497219e-01
2.799476781673872292e-03,-2.476774702196134215e-01,-2.476836496290477918e-01,9.999965147620273331e-01,-2.476768443609627113e-01,1.999996514758495714e+00,-2.476767976738718235e-01,2.477344279545399541e-01,5.100220449234590704e-06,6.807206554640924923e-06,7.730244291422444085e-06,9.999982573792478568e-01
2.806755815980436618e-03,-2.476774787728163729e-01,-2.476809828122777946e-01,9.999974134450179131e-01,-2.476701096224817045e-01,1.999997413442397010e+00,-2.476687698657711600e-01,2.477323336648177832e-01,7.003209859242896444e-06,4.185477857661371402e-06,6.628030950023713261e-06,9.999987067211983938e-01
2.814431748279127947e-03,-2.476774877923933749e-01,-2.476800327881213404e-01,9.999995664459360167e-01,-2.476760098900455120e-01,1.999999566445496813e+00,-2.476788183645222408e-01,2.477302477831274108e-01,1.312883079441557097e-06,1.145866576667119758e-06,1.662229320607656563e-06,9.999997832227484063e-01
2.822942954069559626e-03,-2.476774977934553534e-01,-2.476847723988981065e-01,9.999961244875693600e-01,-2.476899478515521003e-01,1.999996124483642390e+00,-2.476892507251006736e-01,2.477344505262086549e-01,1.827856709303382304e-06,7.364519580121755742e-06,7.613707799141809057e-06,9.999980622418211951e-01
2.840305089958320307e-03,-2.476775181947730997e-01,-2.476787372857515712e-01,9.999954222906777268e-01,-2.476730688421471260e-01,1.999995422286039437e+00,-2.476717377010792254e-01,2.477312285494885080e-01,7.082243103760903151e-06,7.601494382321483027e-06,7.947023015258383640e-06,9.999977111430197185e-01
2.851143879324759267e-03,-2.476775309308535955e-01,-2.476723464478906567e-01,9.999927293971649922e-01,-2.476744552949153022e-01,1.999992729389797663e+00,-2.476734091670524385e-01,2.477240916160175499e-01,4.904874692815318690e-06,8.270442618505385445e-06,8.333817126292940647e-06,9.999963646948989426e-01
2.861029722805786754e-03,-2.476775425471778036e-01,-2.476692569286360612e-01,9.999963596406266086e-01,-2.476569651764078672e-01,1.999996359636938115e+00,-2.476570359860481019e-01,2.477194344119390268e-01,1.161593126118358829e-05,6.829465470174688581e-06,1.126019598610070612e-05,9.999981798184690573e-01
2.871232517868527179e-03,-2.476775545359342634e-01,-2.476732755425908594e-01,1.000002531469543987e+00,-2.476850770186738993e-01,2.000002531472109268e+00,-2.476864871767430754e-01,2.477234879043891391e-01,4.682135224107629416e-06,4.917986115355360705e-06,4.174094300422836787e-06,1.000001265736054634e+00
2.881145579580730517e-03,-2.476775661842418319e-01,-2.476802590596290377e-01,1.000006406288912020e+00,-2.476905188874232444e-01,2.000006406295403494e+00,-2.476915069247673795e-01,2.477297258325788509e-01,-3.997578805668508623e-06,-6.306289042287993674e-06,6.658997560953997692e-06,1.000003203147701747e+00
2.893627580470460505e-03,-2.476775808511731403e-01,-2.476759737622251101e-01,1.000004061406469580e+00,-2.476817052136008612e-01,2.000004061410585177e+00,-2.476821519577267483e-01,2.477267404252995464e-01,-3.224570367126787475e-06,-1.795133474686981265e-06,2.445761070213053742e-06,1.000002030705292366e+00
2.904582168896796025e-03,-2.476775937233245684e-01,-2.476838043225353669e-01,9.999996302859460728e-01,-2.476787987648713940e-01,1.999999630285571595e+00,-2.476767768073643849e-01,2.477335713396034700e-01,7.832449624336088466e-06,5.511722580212398018e-06,8.763331081150907396e-06,9.999998151427856863e-01
2.913169322500786234e-03,-2.476776038136285218e-01,-2.476826768568411441e-01,1.000000773303309387e+00,-2.476716035494725410e-01,2.000000773304093205e+00,-2.476734584673817574e-01,2.477329197303112240e-01,8.364853598011091657e-06,1.597588846452253916e-06,6.820786220724506639e-06,1.000000386652046602e+00
2.922939544530061499e-03,-2.476776152940918518e-01,-2.476847901230259386e-01,9.999960106427663309e-01,-2.476893285285900193e-01,1.999996010638724009e+00,-2.476885220341813465e-01,2.477359088862573222e-01,-1.408574204394286819e-06,1.055938199466891862e-06,1.522341385646559631e-06,9.999980053193620044e-01
2.931795202870565026e-03,-2.476776256999023706e-01,-2.476706496341541386e-01,9.999943642210317174e-01,-2.476742449634175558e-01,1.999994364215321063e+00,-2.476727062547324221e-01,2.477284235675561441e-01,-2.066476487821039598e-07,2.302265970244696781e-06,2.038938312241359216e-06,9.999971821076605316e-01
2.941535968735238624e-03,-2.476776371457557746e-01,-2.476741071955177731e-01,9.999928635133088495e-01,-2.476661755724662295e-01,1.999992863506077523e+00,-2.476654186678156622e-01,2.477236049643702920e-01,9.622251351400719002e-06,1.431295318673219161e-06,9.748848939933903288e-06,9.999964317530388724e-01
2.950836586245483232e-03,-2.476776480744132536e-01,-2.476686020375563346e-01,9.999994382615889910e-01,-2.476642779050403087e-01,1.999999438261019780e+00,-2.476637791677059885e-01,2.477201229949173578e-01,8.187771873404066605e-06,5.876563218933167696e-06,7.767241532062657813e-06,9.999997191305098898e-01
2.960285805435032037e-03,-2.476776591776825021e-01,-2.476733251385332679e-01,1.000004185631830911e+00,-2.476706394069606576e-01,2.000004185636071963e+00,-2.476713871834048397e-01,2.477233196692895101e-01,6.152389971091844097e-07,-2.673269839481757460e-06,3.056120381707933175e-06,1.000002092818035981e+00
2.971270848399628576e-03,-2.476776720856166125e-01,-2.476753735102057430e-01,1.000006227304540252e+00,-2.476771306186710264e-01,2.000006227310850093e+00,-2.476777083650410494e-01,2.477249701827733963e-01,-1.560194185864012236e-06,-3.293882773777141723e-06,3.206778631743751291e-06,1.000003113655425047e+00
2.990121547737563737e-03,-2.476776942360636724e-01,-2.476800792791850614e-01,1.000002859586249571e+00,-2.476880975932310991e-01,2.000002859589147253e+00,-2.476894693647595513e-01,2.477299859866617382e-01,8.940780211597251524e-07,5.745760518775077750e-06,6.120221944798493993e-06,1.000001429794573404e+00
3.000313518847615591e-03,-2.476777062121034989e-01,-2.476754179279584134e-01,1.000001542316840242e+00,-2.476625495986372327e-01,2.000001542318403214e+00,-2.476599184258578834e-01,2.477266777496217043e-01,7.037282036109014836e-06,2.645428187986916607e-06,7.159069838279979809e-06,1.000000771159201607e+00
3.010512026177755620e-03,-2.476777181958227658e-01,-2.476836555358446212e-01,9.999991968860034719e-01,-2.476830270961925540e-01,1.999999196885189567e+00,-2.476854560498248925e-01,2.477335701377806065e-01,-1.012545930319677438e-06,-2.907750034014508343e-07,1.630572867810478863e-06,9.999995984425947837e-01
3.021342086539590376e-03,-2.476777309216460776e-01,-2.476792404412077875e-01,9.999995689607895644e-01,-2.476850882893212313e-01,1.999999568960352914e+00,-2.476849484873946128e-01,2.477304660805771941e-01,-4.846113279051502632e-06,-3.070763221351304573e-06,4.827174874439440102e-06,9.999997844801764568e-01
3.033043557157741842e-03,-2.476777446714175379e-01,-2.476705225776384134e-01,9.999961349335440008e-01,-2.476676417243995343e-01,1.999996134929627578e+00,-2.476669131733121310e-01,2.477217349467544238e-01,4.057183794825230494e-06,6.092754852929418387e-06,7.061035110046882764e-06,9.999980674648137891e-01
3.043662910840872274e-03,-2.476777571496505126e-01,-2.476795686826996357e-01,9.999981076873885044e-01,-2.476732025404163873e-01,1.999998107685471149e+00,-2.476746612110313495e-01,2.477296184199726248e-01,4.981387268120842216e-06,8.009894679796552357e-06,6.771728133436128145e-06,9.999990538427355746e-01
3.052413986751072693e-03,-2.476777674325713052e-01,-2.476822962546224860e-01,1.000003960061387698e+00,-2.476884148580790479e-01,2.000003960065400488e+00,-2.476892489340058179e-01,2.477319546429476993e-01,-5.971189774052372963e-06,-2.106655421714417715e-06,6.447671378550429379e-06,1.000001980032700244e+00
3.062120287906323988e-03,-2.476777788379256606e-01,-2.476775112952250002e-01,1.000001591718937988e+00,-2.476793455183643189e-01,2.000001591720550920e+00,-2.476787429618310943e-01,2.477282200977385940e-01,-1.973363774496272066e-06,3.234253609458949829e-06,3.422522891108654398e-06,1.000000795860275460e+00
3.072182017528153099e-03,-2.476777906609247681e-01,-2.476796791241186457e-01,9.999965045198946356e-01,-2.476797619519970073e-01,1.999996504516352802e+00,-2.476795395887462503e-01,2.477293644146330853e-01,7.919423708200006887e-07,4.984032950358674767e-06,5.877456550849359946e-06,9.999982522581764011e-01
3.081416076167364966e-03,-2.476778015113730858e-01,-2.476804773476584398e-01,9.999977053333898303e-01,-2.476739689029252289e-01,1.999997705331064690e+00,-2.476722694273502390e-01,2.477300662728021130e-01,6.830918939033907881e-06,1.016616162578922823e-05,9.409924153965926039e-06,9.999988526655323451e-01
3.090525010547938607e-03,-2.476778122147941241e-01,-2.476751702696827484e-01,9.999984197078013448e-01,-2.476608855358512218e-01,1.999998419706199737e+00,-2.476596253093618083e-01,2.477267820510091478e-01,5.214433185226854898e-06,1.486282892930172884e-06,4.347487709345596724e-06,9.999992098530999796e-01
3.100267506168054819e-03,-2.476778236626792640e-01,-2.476695331858474181e-01,9.999973524331899899e-01,-2.476702057629094900e-01,1.999997352430507247e+00,-2.476712397950732447e-01,2.477212625118400680e-01,-6.793713669553042415e-06,1.959953667525729672e-06,7.265924242455638317e-06,9.999986762152536235e-01
3.105214474384126837e-03,-2.476778294755952736e-01,-2.476689571588113481e-01,9.999979632964099974e-01,-2.476662103518937619e-01,1.999997963294346315e+00,-2.476641927127303799e-01,2.477187060280176267e-01,2.796315221734841597e-06,4.821571349608050084e-06,5.383432357181544094e-06,9.999989816471731574e-01
3.113159160066430054e-03,-2.476778388109691642e-01,-2.476717195934064197e-01,1.000001408878624432e+00,-2.476568869572377263e-01,2.000001408880052178e+00,-2.476580268902919546e-01,2.477225366943762441e-01,1.358022766895959940e-05,5.691894033058722611e-06,1.205201383808209400e-05,1.000000704440026089e+00
3.122474538202346054e-03,-2.476778497569689930e-01,-2.476808069071036178e-01,1.000006150841885155e+00,-2.476789426574801944e-01,2.000006150848117503e+00,-2.476803041257926719e-01,2.477304023543892009e-01,-1.348253050758714535e-06,7.960480774650303230e-08,1.824014789872702063e-06,1.000003075424058752e+00
3.131540307949915065e-03,-2.476778604096691039e-01,-2.476750118024940717e-01,1.000007108002727074e+00,-2.476766447601827792e-01,2.000007108009929535e+00,-2.476762862851302205e-01,2.477264364388661599e-01,-5.831503404527394741e-07,1.542029381423190766e-06,1.147740748756511005e-06,1.000003554004964768e+00
3.140878248039839261e-03,-2.476778713821816691e-01,-2.476833331300425378e-01,1.000001172896604951e+00,-2.476744428548887655e-01,2.000001172897793111e+00,-2.476742633311500852e-01,2.477334260502930818e-01,1.022228803984661607e-05,-5.676484549319678866e-07,9.944112534557014106e-06,1.000000586448896556e+00
3.150019999999999903e-03,-2.476778821241641948e-01,-2.476861249306354373e-01,9.999995249861702851e-01,-2.476829624112191763e-01,1.999999524985689003e+00,-2.476848658316224971e-01,2.477359199537523815e-01,-3.081242137657750410e-06,-8.974419594177090374e-07,4.995596625844335159e-06,9.999997624928445017e-01
3.153971241332473741e-03,-2.476778867670549056e-01,-2.476846674227630163e-01,9.999997644477383041e-01,-2.476860115692886832e-01,1.999999764447499606e+00,-2.476854118323390808e-01,2.477348375629026822e-01,-1.784806097140374570e-06,3.491783538764553928e-07,9.732005214517406073e-07,9.999998822237498031e-01
3.163135758104105612e-03,-2.476778975357880608e-01,-2.476796179372716400e-01,9.999958057758316921e-01,-2.476739337198440860e-01,1.999995805771582091e+00,-2.476728174960131368e-01,2.477310287260224286e-01,1.024428406931241034e-05,8.868089557857153273e-06,1.048080935241378463e-05,9.999979028857909347e-01
3.172257891077361579e-03,-2.476780496461816472e-01,-2.476765424325023390e-01,9.999925560787726875e-01,-2.476673335721948643e-01,1.999992556071229721e+00,-2.476670655758651252e-01,2.477264503272841589e-01,1.103462913806456658e-05,1.454524204896147318e-05,1.432252390930979626e-05,9.999962780356149716e-01
3.184755217767995961e-03,-2.476786365507335219e-01,-2.476822415853559833e-01,9.999963822226620724e-01,-2.476738265680121232e-01,1.999996382218996116e+00,-2.476748258661622404e-01,2.477322440052907304e-01,4.477569264964023036e-06,3.474591368318501937e-06,3.424148648677951445e-06,9.999981911094980580e-01
3.191886224980531716e-03,-2.476788533089964717e-01,-2.476851075888197862e-01,9.999990881013440802e-01,-2.476814999817799623e-01,1.999999088100420153e+00,-2.476822204024281826e-01,2.477347567879368273e-01,-2.066188735151613516e-06,-4.190816213826376370e-06,3.064116830964609888e-06,9.999995440502100763e-01
3.200369189949461325e-03,-2.476790372396290019e-01,-2.476855274456350176e-01,9.999983721387497582e-01,-2.476725843632220370e-01,1.999998372137100189e+00,-2.476708905191520871e-01,2.477349952710349301e-01,1.144024979784467679e-05,1.090631819749419706e-05,1.333693162137248992e-05,9.999991860685502054e-01
3.205560183914037738e-03,-2.476791205491073733e-01,-2.476831765345939573e-01,9.999963564756854106e-01,-2.476713999152897472e-01,1.999996356471993586e+00,-2.476724022664345826e-01,2.477339268617076429e-01,9.880001427578678983e-06,5.671260170212216862e-06,8.611801808178236976e-06,9.999981782359967930e-01
3.212626077764004547e-03,-2.476792075794369830e-01,-2.476801085111630107e-01,9.999935991876616193e-01,-2.476782635483986139e-01,1.999993599181175696e+00,-2.476782757299506865e-01,2.477307914011273315e-01,1.933467048285231675e-06,-9.462401614246068530e-07,1.835589526467821553e-06,9.999967995905878482e-01
3.222990753836463534e-03,-2.476792953612338144e-01,-2.476808804977599088e-01,9.999925145469008569e-01,-2.476741273739510862e-01,1.999992514539316035e+00,-2.476747732653739875e-01,2.477312861818731782e-01,4.999446495528192529e-06,4.720579485246972970e-06,5.631774943374009378e-06,9.999962572696580176e-01
3.233781703229939367e-03,-2.476793530924157605e-01,-2.476848538131620758e-01,9.999957924288981337e-01,-2.476794730740723149e-01,1.999995792424634766e+00,-2.476789637068221861e-01,2.477356183126794842e-01,7.836154529081411035e-06,7.987583738563207097e-06,7.499112476705476652e-06,9.999978962123173831e-01
3.248453256731280436e-03,-2.476793985523602082e-01,-2.476746255471359570e-01,9.999945144982540501e-01,-2.476706531008487921e-01,1.999994514492695608e+00,-2.476700032236543170e-01,2.477249378147396153e-01,-3.981147662545400472e-06,2.868847118570818036e-06,4.667165959994782434e-06,9.999972572463478038e-01
3.253800324597439040e-03,-2.476794091131278575e-01,-2.476753183053815865e-01,9.999931734363053382e-01,-2.476709620784207644e-01,1.999993173429388316e+00,-2.476713572314786505e-01,2.477252882546434054e-01,-1.882573477287186536e-06,2.390942700344994132e-06,2.205769425789473740e-06,9.999965867146940468e-01
3.261442228318472015e-03,-2.476794205155833095e-01,-2.476783407900597644e-01,9.999967883462614893e-01,-2.476759987710046296e-01,1.999996788343007204e+00,-2.476771006737523984e-01,2.477278768236949869e-01,2.889676299958753781e-06,-2.230028680231931697e-06,2.953741162661289433e-06,9.999983941715036018e-01
3.270701197044655322e-03,-2.476794300964838824e-01,-2.476773697537207608e-01,1.000001451373665917e+00,-2.476925970529912646e-01,2.000001451375136519e+00,-2.476936504568197916e-01,2.477272138949963842e-01,-1.465665267455607698e-05,-7.278992802367327735e-06,1.527162015636665884e-05,1.000000725687568259e+00
3.280707087119289541e-03,-2.476794369068289481e-01,-2.476840261054160663e-01,1.000000602107972147e+00,-2.476888804040071612e-01,2.000000602108582548e+00,-2.476889791275928565e-01,2.477334936308976110e-01,-1.072193649211856473e-05,-1.163983502999333739e-05,1.126438405663797406e-05,1.000000301054291052e+00
3.290694813551296467e-03,-2.476794412994868522e-01,-2.476731937274618267e-01,9.999992250399508675e-01,-2.476855584903938090e-01,1.999999225039165607e+00,-2.476845337647055889e-01,2.477281721928335512e-01,-6.999602822198175366e-06,-2.860651266427921067e-06,6.834080794001095984e-06,9.999996125195828034e-01
3.300595306679598735e-03,-2.476794441162778471e-01,-2.476809961208146227e-01,9.999964923778518200e-01,-2.476892464534985461e-01,1.999996492374297885e+00,-2.476899033152299978e-01,2.477308295788780979e-01,-1.079963699007868474e-05,-2.276404735037507836e-07,1.028254240342135399e-05,9.999982461871488315e-01
3.310001170851176004e-03,-2.476794458657594067e-01,-2.476774019499087542e-01,9.999989525865301543e-01,-2.476753943192294971e-01,1.999998952585468670e+00,-2.476737419653334271e-01,2.477282587018939941e-01,3.570135119290067645e-06,2.428001173494105873e-06,4.893458400826630999e-06,9.999994762927343350e-01
3.314457279609831636e-03,-2.476794464727186951e-01,-2.476772410746297670e-01,1.000000529096947366e+00,-2.476768135898881062e-01,2.000000529097483160e+00,-2.476782127585918647e-01,2.477268555666514438e-01,1.673223382408765854e-06,2.454392751176602793e-06,2.637553602745917536e-06,1.000000264548741580e+00
3.321949477379979119e-03,-2.476794472578413286e-01,-2.476773606598261512e-01,9.999989801843187642e-01,-2.476829782297843563e-01,1.999998980183285591e+00,-2.476812222179026191e-01,2.477269617702436977e-01,7.319815012261490744e-07,6.053430848532542764e-06,6.411444117641187830e-06,9.999994900916427953e-01
3.331545331538494133e-03,-2.476794479460283638e-01,-2.476744091829549688e-01,9.999987451092657853e-01,-2.476600532899852491e-01,1.999998745107994358e+00,-2.476601591502861632e-01,2.477244204421880369e-01,1.382811357420749015e-05,6.937277804237405555e-06,1.329933027396107905e-05,9.999993725539970679e-01
3.341034314814232947e-03,-2.476794483873943631e-01,-2.476786948118342435e-01,9.999998666573882700e-01,-2.476763412578461554e-01,1.999999866657253378e+00,-2.476775009223414481e-01,2.477282059687622995e-01,6.301661428826227702e-06,8.947109942547434137e-06,8.303821900010389966e-06,9.999999333286266889e-01
3.350917476336438740e-03,-2.476794486808615026e-01,-2.476762243155131715e-01,1.000001382627496493e+00,-2.476838991659635059e-01,2.000001382628897595e+00,-2.476848473977214526e-01,2.477262201034962641e-01,-2.097254183801004908e-06,-2.474861465693629445e-06,3.097544993608551710e-06,1.000000691314448797e+00
3.360420745818814073e-03,-2.476794488577905851e-01,-2.476836781538943877e-01,1.000000494204781321e+00,-2.476878837618567697e-01,2.000000494205282031e+00,-2.476877424007181139e-01,2.477337294297597969e-01,4.018627162768304631e-06,-2.918119551917144346e-06,4.152384663264721722e-06,1.000000247102641016e+00
3.370002350904087451e-03,-2.476794489675562816e-01,-2.476832608274377734e-01,9.999997666822104669e-01,-2.476942834196845244e-01,1.999999766681973989e+00,-2.476953107760505868e-01,2.477328133562484713e-01,-1.092608768545522388e-05,-4.310951589020573940e-06,1.279707083085699417e-05,9.999998833409869947e-01
3.374057171521191965e-03,-2.476794489992636683e-01,-2.476810954866210668e-01,9.999992949089122618e-01,-2.476906596327347609e-01,1.999999294908197722e+00,-2.476878409617315757e-01,2.477320058168367978e-01,-6.046234141254623071e-06,3.264825568899138347e-07,3.477593224752577705e-06,9.999996474540988611e-01
3.381762492574549687e-03,-2.476794490418307015e-01,-2.476763703209094725e-01,9.999960620100949438e-01,-2.476646774847099386e-01,1.999996062006104580e+00,-2.476628157893177862e-01,2.477281797016969433e-01,1.517915093065559922e-05,1.171487037850922707e-05,1.640518153113342388e-05,9.999980310030522901e-01
3.390289122843328715e-03,-2.476794490686999306e-01,-2.476745295640869482e-01,9.999942929142352499e-01,-2.476692192145326099e-01,1.999994292908452209e+00,-2.476702089626884873e-01,2.477244518362101688e-01,1.288635645835884403e-05,-3.120659684919820935e-07,1.178467366684627992e-05,9.999971464542262156e-01
3.398778718495811327e-03,-2.476794490806754623e-01,-2.476860773170624919e-01,9.999970142920144855e-01,-2.476781223099573659e-01,1.999997014288989350e+00,-2.476792048162749782e-01,2.477371268297363094e-01,6.848561038444974647e-06,4.734532356441365577e-07,6.236540635953942527e-06,9.999985071444945639e-01
3.408537357213555722e-03,-2.476794490820647676e-01,-2.476777458761729445e-01,1.000000797428755472e+00,-2.476678700060333527e-01,2.000000797429563715e+00,-2.476653192746383625e-01,2.477331360658246162e-01,1.410061103832807678e-05,8.437170770975176259e-06,1.551373759495207436e-05,1.000000398714781857e+00
3.413276904234506526e-03,-2.476794490793307602e-01,-2.476755480592461867e-01,1.000000171129193927e+00,-2.476601281332580229e-01,2.000000171129367565e+00,-2.476611433092881787e-01,2.477286667216169469e-01,1.271902364471392459e-05,8.479928961926696643e-06,1.016364383872684868e-05,1.000000085564683783e+00
3.420897858282384400e-03,-2.476794490715548969e-01,-2.476802172310080263e-01,9.999950049337483771e-01,-2.476755531178796710e-01,1.999995004928687203e+00,-2.476776984051851094e-01,2.477296687218925597e-01,-6.406136182589404193e-06,2.387567372085678263e-06,6.831825572298493116e-06,9.999975024643434907e-01
3.427316443924245150e-03,-2.476794490625363887e-01,-2.476768460250503845e-01,9.999947394204741213e-01,-2.476716112727764540e-01,1.999994739415143830e+00,-2.476702179378807434e-01,2.477279423526367319e-01,2.599748148863055027e-06,6.506054493012652390e-06,6.735899913267482166e-06,9.999973697075719148e-01
3.435114534214791290e-03,-2.476794490493679501e-01,-2.476754499383821695e-01,9.999990357953462139e-01,-2.476692715831880776e-01,1.999999035794369107e+00,-2.476702551550457876e-01,2.477251824048980477e-01,5.207023196608337523e-06,4.368722471850215333e-06,4.777039792510849481e-06,9.999995178971845533e-01
3.447342012836756772e-03,-2.476794490253636793e-01,-2.476748296885046552e-01,9.999993143958991748e-01,-2.476772781502024900e-01,1.999999314395204397e+00,-2.476779728569869221e-01,2.477249093239932420e-01,-2.727090435158268357e-06,2.912388881170354484e-06,3.965597901863249072e-06,9.999996571976021986e-01
3.453819231742948082e-03,-2.476794490115164782e-01,-2.476755456517045761e-01,1.000000874310363219e+00,-2.476841665096927159e-01,2.000000874311248733e+00,-2.476852330196594454e-01,2.477256772573570576e-01,-5.070497731818974467e-06,1.190583916345353943e-06,4.184220189875805776e-06,1.000000437155624367e+00
3.463274692454362206e-03,-2.476794489903740570e-01,-2.476787469379594375e-01,1.000001427591385994e+00,-2.476888264876450085e-01,2.000001427592832393e+00,-2.476885920236746863e-01,2.477284422307448331e-01,4.536563968184320888e-07,-5.018725987216180010e-07,1.233514520945859746e-06,1.000000713796416196e+00
3.472114864422014540e-03,-2.476794489699082336e-01,-2.476766840478698550e-01,1.000001923711262286e+00,-2.476907255918584516e-01,2.000001923713211838e+00,-2.476920827079177045e-01,2.477274217772427733e-01,-9.687671948351732871e-06,-5.652357370570946397e-06,1.028762102063129196e-05,1.000000961856605919e+00
3.481277793141863020e-03,-2.476794489482166128e-01,-2.476887357265450396e-01,9.999999746612685536e-01,-2.477007606719579536e-01,1.999999974661242685e+00,-2.477002670799555994e-01,2.477385700184377149e-01,-8.239797534388546745e-06,2.882020009148594726e-06,6.598834806735095511e-06,9.999999873306214537e-01
3.490870869337014352e-03,-2.476794489251555320e-01,-2.476878576053821446e-01,9.999995862067205810e-01,-2.476795640809247301e-01,1.999999586206301583e+00,-2.476773884593402864e-01,2.477374432117667447e-01,8.849364514080359023e-06,8.337586185119050250e-06,9.349148237335729502e-06,9.999997931031506804e-01
3.500118193064859651e-03,-2.476794489026988288e-01,-2.476882957107089667e-01,9.999945875976397058e-01,-2.476720879710930800e-01,1.999994587592155426e+00,-2.476714798586980570e-01,2.477377759717578343e-01,6.259875598143963183e-06,1.143764072112952764e-05,1.203078270627911157e-05,9.999972937960777131e-01
3.511267520444339742e-03,-2.476794488754301415e-01,-2.476790413076604691e-01,9.999893249016562624e-01,-2.476734750853789302e-01,1.999989324890839582e+00,-2.476741287919262402e-01,2.477325257301806194e-01,6.096341804312750822e-06,8.200981207577596885e-06,7.902490262526164772e-06,9.999946624454196797e-01
3.521741217100533838e-03,-2.476794488496930069e-01,-2.476804144193539836e-01,9.999898570349256000e-01,-2.476798241752834195e-01,1.999989857024647710e+00,-2.476785280771452991e-01,2.477299605493802903e-01,9.728128164631550488e-06,6.385194415089665258e-06,1.046218874537714873e-05,9.999949285123239662e-01
3.531175687152621808e-03,-2.476794488264446592e-01,-2.476772867311375914e-01,9.999945398922720496e-01,-2.476591633194731856e-01,1.999994539886739364e+00,-2.476584547306352468e-01,2.477274662077507406e-01,1.725782677515225460e-05,9.971594606060831870e-06,1.596140030201944937e-05,9.999972699433696821e-01
3.540037892059707137e-03,-2.476794488045684639e-01,-2.476834222873179614e-01,9.999971214763714311e-01,-2.476811820684705900e-01,1.999997121473454875e+00,-2.476842620421488839e-01,2.477336164811361208e-01,-7.948784128095324290e-06,-2.174864399181967086e-06,1.076107221284762394e-05,9.999985607367274376e-01
3.544796193636692849e-03,-2.476794487928106747e-01,-2.476792989379251742e-01,9.999975419013482636e-01,-2.476832475666296551e-01,1.999997541898857589e+00,-2.476815736929989242e-01,2.477311821966233507e-01,-7.826701176426492090e-06,-1.541295098313677658e-06,6.761032040020071624e-06,9.999987709494287946e-01
3.556101864544981492e-03,-2.476794487648594223e-01,-2.476792270881702229e-01,9.999979082452854495e-01,-2.476748596627849353e-01,1.999997908243165812e+00,-2.476762646445665461e-01,2.477302798195409606e-01,6.599367963435897993e-07,1.314690846371725200e-06,1.516731746870173448e-06,9.999989541215829059e-01
3.569215363482145138e-03,-2.476794487324158467e-01,-2.476813169529686054e-01,9.999990446406242794e-01,-2.476803678417778820e-01,1.999999044639656054e+00,-2.476802730796631435e-01,2.477327864757318532e-01,2.818422871389679671e-06,4.988288014457836651e-06,4.988853523379689152e-06,9.999995223198280270e-01
3.570393578573128474e-03,-2.476741026252018696e-01,-2.476789292655374730e-01,9.999995912107119134e-01,-2.476799400970925435e-01,1.999999591210297689e+00,-2.476782052493230468e-01,2.477322088164637948e-01,2.545465171493846038e-06,4.894290243895850164e-06,4.429639161198650381e-06,9.999997956051488446e-01
3.580001891884673510e-03,-2.476741139154164661e-01,-2.476726472904479670e-01,9.999974687413796248e-01,-2.476666574647860830e-01,1.999997468738814677e+00,-2.476654064129237831e-01,2.477235753428987386e-01,3.788205964475391771e-06,-2.821944248027028854e-06,4.346999866524611753e-06,9.999987343694074493e-01
3.590014586662622440e-03,-2.476741256807988012e-01,-2.476680761229295424e-01,9.999957731647399761e-01,-2.476653311224663034e-01,1.999995773160456958e+00,-2.476657961877394565e-01,2.477191280351990210e-01,2.977067114102160831e-06,-5.820297845462265382e-06,6.719527816187536373e-06,9.999978865802284789e-01
3.597347261058037472e-03,-2.476741342970314452e-01,-2.476690680752421936e-01,1.000001018821844445e+00,-2.476673705978252871e-01,2.000001018822876730e+00,-2.476674352846208182e-01,2.477188322714734270e-01,1.129426578073293334e-06,-2.375395632251211323e-06,1.700421357656969899e-06,1.000000509411438365e+00
3.604628187453373916e-03,-2.476741428524585342e-01,-2.476715216527847208e-01,1.000004954488423525e+00,-2.476702627788454902e-01,2.000004954493443954e+00,-2.476715309869526871e-01,2.477214973397582065e-01,-1.855768367453131716e-06,-1.853699248599994049e-06,3.016792399188401856e-06,1.000002477246721755e+00
3.614357458012486778e-03,-2.476741542848044098e-01,-2.476742917320288451e-01,1.000008085845124128e+00,-2.476836101121429323e-01,2.000008085853317130e+00,-2.476845836802637202e-01,2.477238181454881338e-01,-8.522848243932217927e-06,-7.814419808171332692e-06,8.554079290361978706e-06,1.000004042926658787e+00
3.624745070563894535e-03,-2.476741664907324003e-01,-2.476771269220993388e-01,1.000006852932447066e+00,-2.476916107485587493e-01,2.000006852939391067e+00,-2.476926575459535984e-01,2.477274345077071227e-01,-9.421555352893443115e-06,-1.098616006272263273e-05,1.076770241129809017e-05,1.000003426469695533e+00
3.637915274314542247e-03,-2.476741819663332567e-01,-2.476781569336248823e-01,1.000003222343686549e+00,-2.476908485795557280e-01,2.000003222346951492e+00,-2.476894280586135755e-01,2.477291565184645550e-01,-8.777776699607769346e-06,-3.038422840250909209e-06,8.137113682282324405e-06,1.000001611173475746e+00
3.650012666640016848e-03,-2.476741961813327675e-01,-2.476713229056480836e-01,9.999991962506457055e-01,-2.476731673414551138e-01,1.999999196249831357e+00,-2.476715651629843307e-01,2.477229777430456359e-01,4.077259449216856193e-06,3.864251148989049699e-06,5.333558771688690836e-06,9.999995981249155674e-01
3.660849341774353918e-03,-2.476742089149307213e-01,-2.476805225787049869e-01,9.999990778316689699e-01,-2.476742161948365661e-01,1.999999077830734384e+00,-2.476752827346971053e-01,2.477300030609217718e-01,6.195277641995917938e-06,4.466574543166952121e-06,5.123095359985262711e-06,9.999995389153671921e-01
3.670297371598105901e-03,-2.476742200168045582e-01,-2.476730801784640390e-01,1.000003085822599225e+00,-2.476878722913371800e-01,2.000003085825726057e+00,-2.476892564686639375e-01,2.477259240027430975e-01,-1.370441992351338750e-05,-5.870172393726515670e-06,1.526475214813639137e-05,1.000001542912863028e+00
3.678667895306402848e-03,-2.476742298525577979e-01,-2.476700839700785306e-01,1.000001702145812521e+00,-2.476760227387262425e-01,2.000001702147537141e+00,-2.476734248606852484e-01,2.477205011798788159e-01,-2.618609779895393671e-06,-1.590980220021987837e-06,6.182680958477803099e-07,1.000000851073768571e+00
3.687994328517983211e-03,-2.476742408115495397e-01,-2.476735599939138277e-01,1.000000430952538544e+00,-2.476713908729772928e-01,2.000000430952975528e+00,-2.476724056092595994e-01,2.477236938877172001e-01,4.191588119484897160e-06,2.116018398083004494e-07,3.980102933007739939e-06,1.000000215476487542e+00
3.699999999999999730e-03,-2.476742549187719300e-01,-2.476772478884399220e-01,1.000005684734019074e+00,-2.476694690764737750e-01,2.000005684739779355e+00,-2.476685778037217289e-01,2.477269929709610963e-01,3.316960051741277281e-06,1.579698215452950949e-06,3.563539485215197862e-06,1.000002842369889677e+00
3.704442731759078743e-03,-2.476742601391868914e-01,-2.476750965956047712e-01,1.000005967563285303e+00,-2.476677663035928567e-01,2.000005967569332466e+00,-2.476679139744324964e-01,2.477257447704648841e-01,-8.507158445748531462e-07,-1.944414703615992474e-06,2.965492461033186639e-06,1.000002983784666233e+00
3.712446389361447052e-03,-2.476742695438567399e-01,-2.476710297292955554e-01,1.000003518979907247e+00,-2.476716295756839492e-01,2.000003518983473061e+00,-2.476729658044507787e-01,2.477219760258693726e-01,-9.319662331796150560e-06,-5.913426321229255477e-06,8.633108617280133069e-06,1.000001759491736530e+00
3.722584949974315927e-03,-2.476742814571357698e-01,-2.476738978972787553e-01,1.000001309584255926e+00,-2.476762415240607307e-01,2.000001309585582643e+00,-2.476752993174062278e-01,2.477240426548333041e-01,1.051034904530520409e-06,2.182187978631421404e-06,2.723632631309504945e-06,1.000000654792791321e+00
3.739460016446881623e-03,-2.476743012861249704e-01,-2.476742520260520330e-01,1.000004881731111128e+00,-2.476683854330614387e-01,2.000004881736057616e+00,-2.476678434983318744e-01,2.477256425195663303e-01,2.684554694802355210e-06,4.485916685652126400e-06,4.711949214046075791e-06,1.000002440868028808e+00
3.744361143157385989e-03,-2.476743070451756512e-01,-2.476734977561194095e-01,1.000003638248196713e+00,-2.476721495645078652e-01,2.000003638251883320e+00,-2.476742266393908709e-01,2.477232860329147968e-01,-1.545993003135610004e-06,1.063203908625527220e-07,3.163958669558583930e-06,1.000001819125941660e+00
3.751842375023467166e-03,-2.476743158359723807e-01,-2.476732897025058500e-01,1.000000845919442050e+00,-2.476873561037668259e-01,2.000000845920299586e+00,-2.476874450425853857e-01,2.477229304915050945e-01,-1.175515178621036734e-05,-6.541280309386435055e-06,1.123825372405541532e-05,1.000000422960149793e+00
3.760207217259864398e-03,-2.476743256650503489e-01,-2.476693221211443974e-01,1.000001422546658469e+00,-2.476714217422580633e-01,2.000001422548099761e+00,-2.476694394624322226e-01,2.477203437591774804e-01,3.799740009492333867e-07,3.689392067953812791e-06,4.349221024760814138e-06,1.000000711274049880e+00
3.767039575860046084e-03,-2.476743336933875383e-01,-2.476751387587148023e-01,1.000003111718731796e+00,-2.476775245781219492e-01,2.000003111721885052e+00,-2.476796045705922378e-01,2.477257044448466228e-01,9.082185897394806536e-07,-1.244891262666435144e-06,2.141018562344857303e-06,1.000001555860942526e+00
3.776429062195154826e-03,-2.476743447264703746e-01,-2.476780550097947009e-01,1.000004814160166733e+00,-2.476861811334797325e-01,2.000004814165044387e+00,-2.476858409916707082e-01,2.477277144684871812e-01,-1.118985513309569438e-06,-3.332403327638178717e-06,3.131364725003270861e-06,1.000002407082522193e+00
3.790231785748932308e-03,-2.476743609453122552e-01,-2.476789359020200587e-01,1.000002652307693918e+00,-2.476836607613845664e-01,2.000002652310381546e+00,-2.476827023798808258e-01,2.477285210199267063e-01,6.890595612605373076e-06,2.784398558931934483e-06,7.826887220847578638e-06,1.000001326155190551e+00
3.800297510718815552e-03,-2.476743727730071065e-01,-2.476740822838808531e-01,9.999995394523659709e-01,-2.476620994600735870e-01,1.999999539451899455e+00,-2.476608380879045945e-01,2.477253728166972369e-01,3.370623591968653424e-06,5.009657833430984242e-06,4.970496613266572692e-06,9.999997697259496166e-01
3.808989826311719607e-03,-2.476743829868810476e-01,-2.476712512904598595e-01,9.999992486408059156e-01,-2.476504105706594516e-01,1.999999248640044636e+00,-2.476487743568541178e-01,2.477216020269836505e-01,1.980666534377519502e-05,5.396051696743395925e-06,2.197465895052536734e-05,9.999996243200223178e-01
3.818505585105816912e-03,-2.476743941683395289e-01,-2.476719190740244436e-01,1.000000628732567343e+00,-2.476615146900489339e-01,2.000000628733204611e+00,-2.476639620799357955e-01,2.477216241641161110e-01,1.782248987947011203e-05,7.695808338715025022e-06,1.687803882037666181e-05,1.000000314366602305e+00
3.825205827364173625e-03,-2.476744020414355096e-01,-2.476721959240996418e-01,1.000003219097466145e+00,-2.476670234903877166e-01,2.000003219100728646e+00,-2.476672801476313412e-01,2.477216963072068623e-01,8.033015626000116610e-06,1.361048513599541442e-06,5.969953479204643934e-06,1.000001609550364101e+00
3.835989551156267479e-03,-2.476744147128122353e-01,-2.476723139043881805e-01,1.000005628651599698e+00,-2.476830012566789696e-01,2.000005628657302914e+00,-2.476855232441269039e-01,2.477219123403185674e-01,-1.169563405269044848e-05,-9.678089247470870053e-06,1.300711668814529402e-05,1.000002814328651457e+00
3.844486299323343279e-03,-2.476744246968848318e-01,-2.476722536282990328e-01,1.000005280349488546e+00,-2.476929806724493532e-01,2.000005280354839599e+00,-2.476916645221878821e-01,2.477217942014119378e-01,-1.402464998039588455e-05,-7.537275134829803062e-06,1.268969836190413494e-05,1.000002640177419577e+00
3.852491145893275747e-03,-2.476744341029517016e-01,-2.476716133077913884e-01,1.000005087363115663e+00,-2.476791912610381563e-01,2.000005087368270207e+00,-2.476772158813266289e-01,2.477211726316427276e-01,-3.633210682755363017e-06,-2.266423585730711523e-06,3.083737131270337685e-06,1.000002543684135325e+00
3.861051265944160683e-03,-2.476744441614912029e-01,-2.476722163161665380e-01,1.000004911241221262e+00,-2.476687051988857025e-01,2.000004911246197725e+00,-2.476692181653911418e-01,2.477222714275882087e-01,-3.087495505197455429e-06,-8.916258146671272850e-06,9.185479571390768578e-06,1.000002455623098863e+00
3.871426964898613127e-03,-2.476744563534203636e-01,-2.476796986002556822e-01,1.000005247581442713e+00,-2.476886890093920879e-01,2.000005247586760238e+00,-2.476895779275920528e-01,2.477296111030029557e-01,-1.205185247924527772e-05,-9.229681749838143003e-06,1.163394512344115763e-05,1.000002623793380119e+00
3.881504477456893497e-03,-2.476744681949653581e-01,-2.476818837007312979e-01,1.000004812831816414e+00,-2.476848282734591122e-01,2.000004812836693180e+00,-2.476848555378443062e-01,2.477313792476659449e-01,-3.799407804049276917e-06,-8.254917463422039962e-06,7.896613606802711457e-06,1.000002406418346590e+00
3.894000828084019216e-03,-2.476744828787580122e-01,-2.476769010972848795e-01,9.999989843102030651e-01,-2.476781668278275061e-01,1.999998984309173888e+00,-2.476756389454741747e-01,2.477278449230008173e-01,2.979764346165087024e-06,-4.371832390303146190e-07,3.963934487378066086e-06,9.999994921545869442e-01
3.907065396935379895e-03,-2.476744982302336862e-01,-2.476733217623945382e-01,9.999966338474199912e-01,-2.476656806969265989e-01,1.999996633844009164e+00,-2.476669769191293669e-01,2.477228626834162006e-01,5.221632399875725777e-06,2.321056756590705046e-06,4.383545273152788491e-06,9.999983169220045820e-01
3.919999999999999873e-03,-2.476745134289940198e-01,-2.476859380295850788e-01,1.000001270690732191e+00,-2.476871341761170964e-01,2.000001270692019606e+00,-2.476889138964986081e-01,2.477368741042299816e-01,3.805890125149662912e-07,3.662432787367715959e-06,3.944231043888964811e-06,1.000000635346009803e+00
3.925464467499382125e-03,-2.476745198499964995e-01,-2.476804612157718355e-01,1.000002931866567746e+00,-2.476821920470688443e-01,2.000002931869538703e+00,-2.476804637853969315e-01,2.477332179765057429e-01,-2.172148560324360569e-06,-1.487643044056957913e-06,2.953635132771031586e-06,1.000001465934769351e+00
3.933945012637189362e-03,-2.476745298150307972e-01,-2.476727092413531783e-01,1.000001567724095874e+00,-2.476735932113987571e-01,2.000001567725684382e+00,-2.476738871935675046e-01,2.477257873217373896e-01,-3.855041626320052621e-06,-4.464158569441052938e-06,3.583535651515879824e-06,1.000000783862842191e+00
3.942978062246946941e-03,-2.476745404292834685e-01,-2.476761974430168323e-01,9.999959076286792925e-01,-2.476716223466441102e-01,1.999995907624532610e+00,-2.476716124297186350e-01,2.477266021370145566e-01,6.353637130620186771e-06,3.519859445338096714e-06,6.190921794361972285e-06,9.999979538122663048e-01
3.951813068717793809e-03,-2.476745508108270932e-01,-2.476824371272857706e-01,9.999998835824821519e-01,-2.476811952841431186e-01,1.999999883582364246e+00,-2.476826960219204177e-01,2.477319422001404703e-01,-2.318899034997963242e-06,-2.056859257004959869e-06,3.374097533060418293e-06,9.999999417911821231e-01
3.964402350234672544e-03,-2.476745656038191468e-01,-2.476755064567674469e-01,1.000001567063437014e+00,-2.476819205446911532e-01,2.000001567065025299e+00,-2.476822332156647932e-01,2.477257489002215318e-01,-8.351645558760118146e-06,-2.901707189873193800e-06,8.760358500556668181e-06,1.000000783532512649e+00
3.975902174728965580e-03,-2.476745791166482247e-01,-2.476751154518675724e-01,9.999974514696078343e-01,-2.476815802150741652e-01,1.999997451467025344e+00,-2.476813725610673977e-01,2.477250477315588451e-01,-7.140275660751291400e-06,-1.577802892748499155e-06,6.723089558506773542e-06,9.999987257335127833e-01
3.990609903107532330e-03,-2.476745963989140098e-01,-2.476674096139492298e-01,1.000001200601085438e+00,-2.476721005972823408e-01,2.000001200602302021e+00,-2.476705374335737564e-01,2.477194522684840472e-01,-2.067293197776909506e-06,-4.474299475480077507e-06,4.379767152829420844e-06,1.000000600301151010e+00
4.001487777402384406e-03,-2.476746091809218786e-01,-2.476695798826724915e-01,1.000003019685500538e+00,-2.476706280859562459e-01,2.000003019688560535e+00,-2.476710297414648210e-01,2.477195489552606322e-01,-6.526535391403613163e-06,-4.213250826548501363e-06,6.857304053788091907e-06,1.000001509844280267e+00
4.013960194691815198e-03,-2.476746238365914177e-01,-2.476735767413327793e-01,1.000008176158773354e+00,-2.476818461213254052e-01,2.000008176167058060e+00,-2.476821064411137974e-01,2.477231527896169017e-01,-1.049321454482342444e-05,-1.057828484770125920e-05,1.052195389887674905e-05,1.000004088083529030e+00
4.030003482556042751e-03,-2.476746426882024954e-01,-2.476820493250689037e-01,1.000005564654231183e+00,-2.476775088475139941e-01,2.000005564659869783e+00,-2.476773428561205026e-01,2.477326902191522850e-01,3.880953984262158954e-06,-3.578222678409896073e-07,4.895348874933573883e-06,1.000002782329934892e+00
4.040002636307666282e-03,-2.476746544376731418e-01,-2.476784399376766310e-01,1.000003897318171964e+00,-2.476818866456616530e-01,2.000003897322121471e+00,-2.476827309327774840e-01,2.477295234143206681e-01,1.041978780964806776e-06,-2.092662283764157731e-07,4.142423805501915610e-07,1.000001948661060514e+00
4.050393465211864913e-03,-2.476746666473814140e-01,-2.476678422080057784e-01,9.999992671081832096e-01,-2.476788179542936674e-01,1.999999267107440470e+00,-2.476783087065476952e-01,2.477226839314045637e-01,-8.930561077483443883e-06,-1.734532564245516356e-06,9.217035470942174373e-06,9.999996335537203462e-01
4.060032066829734332e-03,-2.476746779731863746e-01,-2.476741536145029010e-01,9.999978539314819947e-01,-2.476768746411610045e-01,1.999997853929307290e+00,-2.476769534160182529e-01,2.477244169679792274e-01,-2.074330990892752991e-06,-7.729099561321921470e-07,1.674677571749943372e-06,9.999989269646537560e-01
4.071173290462623551e-03,-2.476746910646421551e-01,-2.476653698749693155e-01,1.000005083423247898e+00,-2.476693141500730944e-01,2.000005083428398667e+00,-2.476696008995369902e-01,2.477187164164647293e-01,-7.172034586009782383e-06,-5.871339641556239892e-06,7.907171811670726211e-06,1.000002541714199555e+00
4.088105912270601806e-03,-2.476747109612622288e-01,-2.476710221439509807e-01,1.000006894556141557e+00,-2.476863680966216730e-01,2.000006894563127524e+00,-2.476868199210670862e-01,2.477213235960504800e-01,-1.081662005839524128e-05,-5.358785214509801378e-06,1.112798118311126629e-05,1.000003447281563984e+00
4.099442624822654570e-03,-2.476747242824272333e-01,-2.476746448060600514e-01,1.000007748680781239e+00,-2.476725022250583774e-01,2.000007748688632958e+00,-2.476700711884604333e-01,2.477247349751685590e-01,-1.052795614717369014e-06,-6.879364292552258923e-06,6.602062355038220448e-06,1.000003874344316479e+00
4.108154498907346137e-03,-2.476747345192841787e-01,-2.476753506676658834e-01,1.000005717156970952e+00,-2.476677697910886211e-01,2.000005717162764096e+00,-2.476672671110393964e-01,2.477248637079242366e-01,6.427820151906192733e-06,-4.961607837969771634e-07,7.035485017199313615e-06,1.000002858581382048e+00
4.113913184045711255e-03,-2.476747412860056119e-01,-2.476728481009868588e-01,1.000005589272437545e+00,-2.476682587685857251e-01,2.000005589278101237e+00,-2.476686919138116061e-01,2.477239533626749146e-01,4.215826181149400031e-06,-2.061387842596585652e-06,3.102092041740096042e-06,1.000002794639050618e+00
4.122267199782546181e-03,-2.476747511023628112e-01,-2.476688898851770460e-01,1.000003515942748500e+00,-2.476746924341650113e-01,2.000003515946310984e+00,-2.476748212934437587e-01,2.477195378764796840e-01,-6.561771960952588012e-06,-7.818107543607120705e-06,7.432808474531969983e-06,1.000001757973155492e+00
4.131005375632513035e-03,-2.476747613701250628e-01,-2.476797143632348541e-01,1.000002582150595565e+00,-2.476727042735731854e-01,2.000002582153212138e+00,-2.476734033133558555e-01,2.477294814873460815e-01,8.978883451110206949e-07,-4.460637331943186550e-06,3.996332921388503156e-06,1.000001291076606069e+00
4.141018379874355712e-03,-2.476747731358711346e-01,-2.476762674791826158e-01,1.000005956773563298e+00,-2.476819537467448429e-01,2.000005956779598915e+00,-2.476827684505150395e-01,2.477269425880901377e-01,-1.287076429823806746e-06,-1.153831749953633679e-06,1.731548082554386870e-06,1.000002978389799679e+00
4.150285584659736508e-03,-2.476747840252671307e-01,-2.476723539292767506e-01,1.000002829641313262e+00,-2.476848632108194226e-01,2.000002829644180302e+00,-2.476849023143056772e-01,2.477231346552845048e-01,-1.828137334222854819e-06,-6.189456540972548082e-06,5.954309444155186449e-06,1.000001414822090373e+00
4.159408461292920384e-03,-2.476747947450721465e-01,-2.476776143841062650e-01,9.999997897701149441e-01,-2.476821339954975998e-01,1.999999789769902003e+00,-2.476821248273473330e-01,2.477278165751925776e-01,-7.530116600031738100e-07,4.077272222094029281e-06,4.932204643690801937e-06,9.999998948849510017e-01
4.165235141456621361e-03,-2.476748015916922230e-01,-2.476808433647066932e-01,1.000001239358591087e+00,-2.476783543273191335e-01,2.000001239359846750e+00,-2.476774842112280106e-01,2.477308924320688055e-01,2.585906419346702635e-06,3.173146697468673962e-06,3.092667237900684545e-06,1.000000619679923375e+00
4.172662959324388750e-03,-2.476748103197237982e-01,-2.476822533216116173e-01,1.000003045080279263e+00,-2.476739398512127210e-01,2.000003045083364572e+00,-2.476735570215213567e-01,2.477322029479657739e-01,2.926732402989959044e-06,-5.581344473583314852e-07,1.806596818700079602e-06,1.000001522541682286e+00
4.181965420980317608e-03,-2.476748212505494318e-01,-2.476748561686136496e-01,1.000000329226500950e+00,-2.476715184929348390e-01,2.000000329226834239e+00,-2.476715365451616357e-01,2.477277129808783396e-01,-3.844271882383502687e-06,-3.827205382093843423e-07,3.493696718352700982e-06,1.000000164613417120e+00
4.192599009284793399e-03,-2.476748337455096094e-01,-2.476727372114104209e-01,9.999961530634766671e-01,-2.476747864152286094e-01,1.999996153059578674e+00,-2.476747377603171207e-01,2.477227434922698035e-01,-5.154245922846291433e-07,-2.841548513624600755e-06,2.355777911074659583e-06,9.999980765297893370e-01
4.210033324335797113e-03,-2.476748542316416501e-01,-2.476685786922016852e-01,1.000003171182487050e+00,-2.476562799818973759e-01,2.000003171185700257e+00,-2.476532897797502353e-01,2.477220863153467845e-01,4.705611908830222619e-06,-3.607248168093693791e-07,5.048528814842822925e-06,1.000001585592850128e+00
4.220178631179241462e-03,-2.476748661528473672e-01,-2.476731292155579522e-01,1.000002832763585481e+00,-2.476714526303353259e-01,2.000002832766456073e+00,-2.476734288807615758e-01,2.477230831880261608e-01,9.757942876154262053e-08,1.004991703122652050e-06,1.079591352349847664e-06,1.000001416383227815e+00
4.230189670487413504e-03,-2.476748779162840364e-01,-2.476691306173360307e-01,1.000005104677362811e+00,-2.476791004961452491e-01,2.000005104682535340e+00,-2.476805978031153821e-01,2.477201135502703488e-01,-9.783266684926984232e-06,-9.357004785732776081e-06,1.123417509567946772e-05,1.000002552341267670e+00
4.238416592802448681e-03,-2.476748875832989749e-01,-2.476743973295006118e-01,1.000006411023488750e+00,-2.476907288218787861e-01,2.000006411029984665e+00,-2.476922860752120426e-01,2.477246987080057583e-01,-8.564166105710864212e-06,-2.892043976779152863e-06,7.694093384765965420e-06,1.000003205514992333e+00
4.244293360400014196e-03,-2.476748944887727233e-01,-2.476759609708006349e-01,1.000005692672206292e+00,-2.476918666244674883e-01,2.000005692677974345e+00,-2.476925663856044124e-01,2.477254759654351490e-01,-7.452499778248802427e-06,-9.152840907848845924e-07,8.252321524781152740e-06,1.000002846338987172e+00
4.253030110505622539e-03,-2.476749047548602867e-01,-2.476760621450282696e-01,1.000006225095140699e+00,-2.476941221841839069e-01,2.000006225101448099e+00,-2.476938084482082081e-01,2.477260069998767911e-01,-1.281629762380492182e-05,-4.106500056651909355e-06,1.191251825264436381e-05,1.000003112550724271e+00
4.262421048410592120e-03,-2.476749157896489806e-01,-2.476783376733245889e-01,1.000003359509467726e+00,-2.476822818628361400e-01,2.000003359512871892e+00,-2.476816455390522809e-01,2.477280755034472759e-01,-1.432643649180122507e-06,1.453954348923915761e-06,1.362231764018757421e-06,1.000001679756435946e+00
4.279999999999999083e-03,-2.476749364457365432e-01,-2.476750681529404641e-01,1.000000076859584475e+00,-2.476856225740643458e-01,2.000000076859662634e+00,-2.476861549967150355e-01,2.477249466814126777e-01,-5.778596311383373777e-06,-3.391527533097169377e-06,6.085538335429276561e-06,1.000000038429831317e+00
4.290334946011334187e-03,-2.476749485897787317e-01,-2.476760813080259582e-01,1.000001831057758084e+00,-2.476733787907466067e-01,2.000001831059613711e+00,-2.476721267114876390e-01,2.477257314034379543e-01,-1.951381753690956804e-06,-4.202457068206013352e-06,4.457014661823469747e-06,1.000000915529806633e+00
4.302599722536128851e-03,-2.476749630014616621e-01,-2.476799843303319482e-01,1.000002658504310693e+00,-2.476751756016523087e-01,2.000002658507004316e+00,-2.476762535252765296e-01,2.477304378111677974e-01,2.640545894861321756e-06,-3.782925611119867941e-06,3.569974142042620290e-06,1.000001329253502158e+00
4.312629726097238006e-03,-2.476749747871821450e-01,-2.476864102306117477e-01,1.000001139912043868e+00,-2.476909502997192980e-01,2.000001139913199388e+00,-2.476921736948881070e-01,2.477361874536381237e-01,-2.803989670296540489e-06,-3.947678440605668423e-06,4.970948639334908423e-06,1.000000569956599472e+00
4.321473691932722211e-03,-2.476749851792546808e-01,-2.476786913150877678e-01,9.999990020723460438e-01,-2.476956511941122985e-01,1.999999002071334964e+00,-2.476953689804613779e-01,2.477319124771260039e-01,-8.901109323521570955e-06,-1.086676031338387555e-05,9.353967320136690546e-06,9.999995010356674818e-01
4.330036931306095391e-03,-2.476749952414593614e-01,-2.476772437099988289e-01,9.999942895490601114e-01,-2.476738597908071104e-01,1.999994289543273629e+00,-2.476702446783729805e-01,2.477269887489305378e-01,6.809904993470106270e-06,8.981337526565527323e-06,1.127112734424671576e-05,9.999971447716368145e-01
4.333950370410992285e-03,-2.476749998399314090e-01,-2.476761069045241015e-01,9.999930771864087298e-01,-2.476676633851681852e-01,1.999993077179393897e+00,-2.476670234549821492e-01,2.477262520298086079e-01,8.690230881867760620e-06,6.223858056621467362e-06,7.662395148527192755e-06,9.999965385896969483e-01
4.340993185808072509e-03,-2.476750081155672800e-01,-2.476738259165126299e-01,9.999951724327830194e-01,-2.476751143192331417e-01,1.999995172427891488e+00,-2.476764053737960936e-01,2.477241870067463381e-01,-3.112547564711921464e-06,-8.135717763549870119e-06,8.187159452109930499e-06,9.999975862139456328e-01
4.348278853768507840e-03,-2.476750166765648575e-01,-2.476729272149503502e-01,9.999985281714031116e-01,-2.476704035282660810e-01,1.999998528169911749e+00,-2.476684458338030137e-01,2.477225183384518248e-01,5.236612934914170142e-06,8.030669034160159896e-07,7.039471328488471482e-06,9.999992640849558745e-01
4.351497658686476200e-03,-2.476750204588103743e-01,-2.476719862339102074e-01,9.999995169808095774e-01,-2.476647270038765669e-01,1.999999516980320191e+00,-2.476632808073566394e-01,2.477220697934760518e-01,9.785116406413522472e-06,3.747438619278264211e-06,9.740044104724453544e-06,9.999997584901600955e-01
4.360082187056428006e-03,-2.476750305460297397e-01,-2.476643047472380788e-01,1.000001859767934098e+00,-2.476680524630663072e-01,2.000001859769818591e+00,-2.476689905967631444e-01,2.477179313072777056e-01,-3.476052913060744365e-06,-6.735915087215378826e-06,7.903509565955064886e-06,1.000000929884909295e+00
4.368218043775702782e-03,-2.476750401060387463e-01,-2.476760104212329394e-01,1.000003819143736372e+00,-2.476831051418957874e-01,2.000003819147606166e+00,-2.476849468819165567e-01,2.477272843298417015e-01,-6.147998307078611587e-06,-5.262530934996126622e-06,6.047179553898728363e-06,1.000001909573803083e+00
4.377200429434588945e-03,-2.476770365421440689e-01,-2.476818663437656831e-01,1.000007361238080206e+00,-2.476819808358548536e-01,2.000007361245538906e+00,-2.476806965251152626e-01,2.477315330655631698e-01,-1.489827713003372842e-06,-3.012480009897998251e-06,2.898114324679534423e-06,1.000003680622769675e+00
4.383769855648801846e-03,-2.476783856508786852e-01,-2.476803844320729087e-01,1.000008734626767648e+00,-2.476801205583704923e-01,2.000008734635618790e+00,-2.476813793879060477e-01,2.477308288763761801e-01,-8.519306244346868990e-07,-4.819189542906361599e-06,5.460976566657793728e-06,1.000004367317809173e+00
4.394721986318986424e-03,-2.476799316551880903e-01,-2.476766183292858081e-01,9.999995586430469041e-01,-2.476830060014442170e-01,1.999999558642599595e+00,-2.476818977421527401e-01,2.477265093832061171e-01,-2.065912728378658877e-07,-4.097721650058355632e-06,3.772655742352075671e-06,9.999997793212997976e-01
4.404531441025575159e-03,-2.476808117554485378e-01,-2.476772426395492110e-01,9.999966942338630593e-01,-2.476774899192289714e-01,1.999996694230513183e+00,-2.476775427406032182e-01,2.477272633501075849e-01,3.445547814574497023e-07,-2.730476552034343389e-06,2.554733322619405800e-06,9.999983471152567027e-01
4.416476503898060339e-03,-2.476814820373841597e-01,-2.476768630320160536e-01,9.999999760111061287e-01,-2.476815800898257980e-01,1.999999976011082037e+00,-2.476818468455152245e-01,2.477268613194499591e-01,-3.161274257262995493e-06,-5.201445901037998361e-07,2.605465864941983781e-06,9.999999880055410184e-01
4.429493209518397048e-03,-2.476819074330322556e-01,-2.476794114793572088e-01,1.000000630740568219e+00,-2.476799656496787572e-01,2.000000630741207708e+00,-2.476799724599090535e-01,2.477289972223795933e-01,-2.051151835191041749e-06,-1.456410340225797853e-08,2.490701745614195461e-06,1.000000315370603632e+00
4.440091023782738108e-03,-2.476821137716886667e-01,-2.476736660339811380e-01,1.000000217736186414e+00,-2.476808046525339757e-01,2.000000217736407127e+00,-2.476807780080796106e-01,2.477254639018228177e-01,-7.234208089332970486e-06,-7.731492175653835423e-06,8.166720689534413488e-06,1.000000108868203563e+00
4.447163411456545555e-03,-2.476822070818269217e-01,-2.476826349237770397e-01,9.999986784638905668e-01,-2.476872501118223269e-01,1.999998678462551416e+00,-2.476881316715218995e-01,2.477337195126969316e-01,-1.497587814354952773e-07,-6.719241621377565225e-07,1.292487441248569213e-06,9.999993392312757079e-01
4.454958325154511137e-03,-2.476822815805001798e-01,-2.476857295952724636e-01,9.999991820402548415e-01,-2.476857888507628946e-01,1.999999182039426060e+00,-2.476846671989571813e-01,2.477359980955209096e-01,5.125744933254897783e-06,1.998350826769320139e-06,4.767018689440769458e-06,9.999995910197130300e-01
4.466115315315568463e-03,-2.476823525497767464e-01,-2.476805114530238328e-01,9.999989923963982230e-01,-2.476828223615742119e-01,1.999998992395377151e+00,-2.476832831240532440e-01,2.477306875122848584e-01,-1.852851859836511149e-06,-5.647509868358273909e-07,2.310940444254974217e-06,9.999994961976885754e-01
4.475808948415621602e-03,-2.476823916347543342e-01,-2.476809994911344792e-01,9.999929468272813482e-01,-2.476808984470259822e-01,1.999992946820134510e+00,-2.476803837770477634e-01,2.477308163551076303e-01,5.078202743128880333e-07,4.929578054882608757e-06,5.163696050454455272e-06,9.999964734100672548e-01
4.486884202947604046e-03,-2.476824201201658082e-01,-2.476846491219105162e-01,9.999955260362831666e-01,-2.476777683575562550e-01,1.999995526031750126e+00,-2.476771358873902373e-01,2.477345576687106921e-01,7.508187494478599148e-06,8.337693240401200395e-06,8.995231588461699552e-06,9.999977630158748410e-01
4.494282952356641950e-03,-2.476824327815295712e-01,-2.476840140745798224e-01,9.999965857028425553e-01,-2.476747964620378828e-01,1.999996585699382656e+00,-2.476751468301284509e-01,2.477343609744820097e-01,1.126872645129829760e-05,8.400965697270980332e-06,1.058041357370990123e-05,9.999982928496914392e-01
4.504294668081224723e-03,-2.476824445497291249e-01,-2.476792725222873304e-01,9.999947284819362681e-01,-2.476732827804744019e-01,1.999994728476594430e+00,-2.476718378681444788e-01,2.477297627852435569e-01,5.195522316566939178e-06,5.107499267172671693e-06,5.487918528317353477e-06,9.999973642382973260e-01
4.515340506053460053e-03,-2.476824527683324784e-01,-2.476780592884882393e-01,9.999932523651683391e-01,-2.476673588686875982e-01,1.999993252358331253e+00,-2.476683309195793492e-01,2.477276170416188861e-01,6.123841813018227813e-06,8.403146268012232615e-06,8.442923581067945569e-06,9.999966261791655153e-01
4.530427149023154992e-03,-2.476824591654427643e-01,-2.476870700661387981e-01,9.999979650126993302e-01,-2.476835544522125176e-01,1.999997965010637424e+00,-2.476845553297851166e-01,2.477371634050944682e-01,5.478221955951665696e-06,7.277353863642545658e-06,7.381913533011610561e-06,9.999989825053187120e-01
4.540824287475838002e-03,-2.476824616640644627e-01,-2.476845490190102972e-01,9.999986439219290535e-01,-2.476842875334431537e-01,1.999998643920555041e+00,-2.476835624029186944e-01,2.477348654254034332e-01,2.164659654307085625e-06,9.658342476749816278e-06,9.134923718149919164e-06,9.999993219602775207e-01
4.550253101349856222e-03,-2.476824631260668985e-01,-2.476842965941122576e-01,9.999943370398415299e-01,-2.476721793094730784e-01,1.999994337034103342e+00,-2.476709855474917288e-01,2.477337905225592829e-01,1.008359546391812322e-05,1.280790863372758107e-06,1.039112082658675187e-05,9.999971685170516711e-01
4.560000612351486175e-03,-2.476824641144955708e-01,-2.476793301537418279e-01,9.999917415894007400e-01,-2.476779827800563438e-01,1.999991741581032878e+00,-2.476790175838202712e-01,2.477306974940786388e-01,7.976217206830580728e-07,4.589616417002756892e-06,4.708959192998988463e-06,9.999958707905164390e-01
4.569369966648926043e-03,-2.476824647332568907e-01,-2.476770364391370494e-01,9.999928596700832228e-01,-2.476724582087074245e-01,1.999992859662848232e+00,-2.476716289478236577e-01,2.477270026524488189e-01,4.462128697298366759e-07,1.413015775493333385e-06,1.004062797557853028e-06,9.999964298314240052e-01
4.580863072846001055e-03,-2.476824652068651544e-01,-2.476794097950909546e-01,9.999962305226699488e-01,-2.476801583475076729e-01,1.999996230518850560e+00,-2.476806022263338680e-01,2.477290254766095767e-01,1.945612890045036812e-07,3.758489618173194122e-07,2.974401129936740749e-07,9.999981152594252798e-01
4.600305916111584008e-03,-2.476824656006497705e-01,-2.476809758393807848e-01,9.999989180846027281e-01,-2.476802072831559842e-01,1.999998918083506494e+00,-2.476802582236705130e-01,2.477307221865844566e-01,9.432498780164468519e-08,2.765302114095089042e-06,2.836742697166217158e-06,9.999994590417532470e-01
4.610366277224198749e-03,-2.476824656935551205e-01,-2.476825976248812344e-01,9.999980649915665154e-01,-2.476839053972917370e-01,1.999998064989605639e+00,-2.476846588276077066e-01,2.477321257169090019e-01,-4.700137886483620774e-06,-3.653620076013333602e-06,5.300046777373861533e-06,9.999990324948029308e-01
4.620288622552538339e-03,-2.476824657442218414e-01,-2.476791547969598994e-01,9.999970289098295551e-01,-2.476809308196129822e-01,1.999997028906818963e+00,-2.476799333041769247e-01,2.477297524825933794e-01,-1.117902388934470443e-07,7.294156218502815038e-07,1.187383389497286314e-06,9.999985144534094816e-01
4.631337885378056587e-03,-2.476824657700649468e-01,-2.476811149614912277e-01,9.999954748459340959e-01,-2.476708911465407004e-01,1.999995474841348875e+00,-2.476702410610815974e-01,2.477305819054220759e-01,5.082193813003613995e-06,1.558089131320625497e-06,6.228794045708534459e-06,9.999977374206744374e-01
4.641243780184599842e-03,-2.476824657757201176e-01,-2.476797389797789073e-01,9.999967093112945848e-01,-2.476594030467987595e-01,1.999996709307960252e+00,-2.476599211292808689e-01,2.477300321362069235e-01,1.702190085796432124e-05,2.235685239947810351e-06,1.601686198856934302e-05,9.999983546539801260e-01
4.650460363011029580e-03,-2.476824657714095379e-01,-2.476898554559188170e-01,9.999969590289338184e-01,-2.476862588802073717e-01,1.999996959025852394e+00,-2.476886165994017786e-01,2.477400258228401597e-01,2.124979018067677825e-06,5.476234048366405306e-06,5.775021852719539925e-06,9.999984795129261972e-01
4.660022549329381238e-03,-2.476824657605030677e-01,-2.476882549778798015e-01,9.999966991168187658e-01,-2.476743188974661614e-01,1.999996699113474108e+00,-2.476725006694065756e-01,2.477383065017547126e-01,6.009040186370389998e-06,5.464844363547598180e-06,6.469624703038719781e-06,9.999983495567370539e-01
4.668859210402279830e-03,-2.476824657465231672e-01,-2.476775487033831269e-01,9.999929279840767959e-01,-2.476771677691736728e-01,1.999992927976910861e+00,-2.476776327543154244e-01,2.477335018315842408e-01,-2.775783431728936540e-06,5.776908311782153492e-06,6.078883877941772104e-06,9.999964639884554307e-01
4.673791624301064894e-03,-2.476824657375621963e-01,-2.476799653361322073e-01,9.999899138077740224e-01,-2.476770022916860436e-01,1.999989913797553864e+00,-2.476767144192273395e-01,2.477312893514632686e-01,-2.714407196626187487e-07,9.258584069210866612e-06,1.015930288081567721e-05,9.999949568987770432e-01
4.685805001303345804e-03,-2.476824657133494534e-01,-2.476873555140705063e-01,9.999921851131058359e-01,-2.476763612625820787e-01,1.999992185105187170e+00,-2.476761939202711815e-01,2.477392746806093005e-01,1.222477972279445525e-05,1.043169396422046333e-05,1.238120388339307235e-05,9.999960925525935851e-01
4.692965285180223517e-03,-2.476824656977759664e-01,-2.476821920293088841e-01,9.999962664017347791e-01,-2.476773867803727935e-01,1.999996266397951805e+00,-2.476787361336761084e-01,2.477344848559129564e-01,8.280991083727371699e-06,5.615691243058164876e-06,6.499022037985026633e-06,9.999981331989757916e-01
4.700994336457839026e-03,-2.476824656796347557e-01,-2.476861465829585940e-01,9.999919004229875785e-01,-2.476872842092174842e-01,1.999991900414780366e+00,-2.476872181202732226e-01,2.477356145320417369e-01,-4.047477270246028872e-08,1.002836259233448169e-05,1.083894962166396965e-05,9.999959502073901829e-01
4.710155515483091700e-03,-2.476824656583151707e-01,-2.476759662055789402e-01,9.999911262613263574e-01,-2.476653455973009954e-01,1.999991126252334883e+00,-2.476629951240040817e-01,2.477309486221586643e-01,1.422165400107272883e-05,1.178530299984319083e-05,1.521473181885416179e-05,9.999955631261674416e-01
4.720367606412986285e-03,-2.476824656340256559e-01,-2.476870573928286745e-01,9.999931299098497872e-01,-2.476667075783171024e-01,1.999993129902888578e+00,-2.476674154709954667e-01,2.477373499691326586e-01,1.727303155923744734e-05,4.688231119096929556e-06,1.706860935082032745e-05,9.999965649514441779e-01
4.730299174413271461e-03,-2.476824656100577171e-01,-2.476834891197860766e-01,9.999964710360242925e-01,-2.476734026146074075e-01,1.999996471032448264e+00,-2.476741814222480909e-01,2.477344326371617167e-01,7.865794900914919104e-06,6.815424312847469272e-06,6.919058859183313503e-06,9.999982355162241321e-01
4.740538253624498009e-03,-2.476824655851162238e-01,-2.476750102109714913e-01,9.999947670839612890e-01,-2.476719306716132774e-01,1.999994767078658864e+00,-2.476710958064451129e-01,2.477284223072134250e-01,5.884980973749303869e-06,9.373294478071552457e-06,1.009339178886149526e-05,9.999973835393295429e-01
4.750943229863280846e-03,-2.476824655596161495e-01,-2.476823811101854234e-01,9.999930851638457741e-01,-2.476684076737867557e-01,1.999993085156839046e+00,-2.476685649340326367e-01,2.477322002361526665e-01,1.630181061142783040e-05,1.311468650538420361e-05,1.618466786185535040e-05,9.999965425784195228e-01
4.760427342912898832e-03,-2.476824655362859784e-01,-2.476820989028386266e-01,9.999982415425282545e-01,-2.476782186158011934e-01,1.999998241540746458e+00,-2.476795203726121497e-01,2.477316152000582083e-01,4.561586132593167608e-06,2.408392062213770678e-06,3.497637006499468187e-06,9.999991207703732288e-01
4.770006499999999983e-03,-2.476824655126669272e-01,-2.476825530688315791e-01,9.999980508595652795e-01,-2.476722092724342461e-01,1.999998050857590304e+00,-2.476706364686163675e-01,2.477321452518882472e-01,1.336403628671528543e-05,7.681219001867992815e-06,1.500776363579361399e-05,9.999990254287951519e-01
4.771097920204693012e-03,-2.476776302864157064e-01,-2.476794222462585238e-01,9.999976094242539748e-01,-2.476694930660096050e-01,1.999997609421831690e+00,-2.476670551751351812e-01,2.477312920722344047e-01,1.399269624713234840e-05,8.427336167059140887e-06,1.373468540134278392e-05,9.999988047109158451e-01
4.780207609996903542e-03,-2.476776409907232301e-01,-2.476781010468670496e-01,9.999952291939737670e-01,-2.476799799517284129e-01,1.999995229189139634e+00,-2.476820351183398050e-01,2.477277166839335909e-01,-8.739077437121085795e-07,8.603270787887486691e-06,8.348514001108599847e-06,9.999976145945698169e-01
4.787763324479989320e-03,-2.476776498690379524e-01,-2.476799838469101178e-01,9.999952983236322090e-01,-2.476809008888874453e-01,1.999995298318868242e+00,-2.476805619172783302e-01,2.477297947367444186e-01,1.796073352717937236e-06,4.040666462310628807e-06,3.294442785563414813e-06,9.999976491594341210e-01
4.796595426317737908e-03,-2.476776602471683908e-01,-2.476805184892176270e-01,9.999976733434038367e-01,-2.476741666111429707e-01,1.999997673341046278e+00,-2.476730222163512629e-01,2.477300352450429455e-01,1.924461609460321672e-06,2.647803401286869553e-06,2.862301189837063448e-06,9.999988366705231391e-01
4.810043350731331956e-03,-2.476776760491048723e-01,-2.476731328755221451e-01,9.999976821006308914e-01,-2.476797285104498925e-01,1.999997682098282104e+00,-2.476807518266956887e-01,2.477259060462642382e-01,-1.223262014934813152e-06,3.872003782616628025e-06,3.942730718454970412e-06,9.999988410491410518e-01
4.820605178026430779e-03,-2.476776884597423345e-01,-2.476937034734347509e-01,9.999972559254850513e-01,-2.477017576656567466e-01,1.999997255922704609e+00,-2.477043149624908736e-01,2.477436901247228873e-01,-7.770452895448339079e-06,-2.303080793155215100e-06,8.649625635538848564e-06,9.999986279613521933e-01
4.830207964237339703e-03,-2.476776997434623762e-01,-2.476790512674787170e-01,1.000000079799277408e+00,-2.476963539730047403e-01,2.000000079799357788e+00,-2.476948122073928671e-01,2.477368625936570978e-01,-1.036716852762381467e-05,7.484503643977047116e-08,1.003017612930836005e-05,1.000000039899679116e+00
4.839707912525101872e-03,-2.476777109063430238e-01,-2.476728262885498077e-01,9.999936089761198854e-01,-2.476603790946300399e-01,1.999993608969643955e+00,-2.476556088010860857e-01,2.477251222976307177e-01,1.480176779265158978e-05,9.691499743709297663e-06,1.829192859741161272e-05,9.999968044848219773e-01
4.844871198477680198e-03,-2.476777169734418471e-01,-2.476769801223745182e-01,9.999901475313012211e-01,-2.476532211525466765e-01,1.999990147521317985e+00,-2.476546576408314437e-01,2.477277555579678048e-01,1.542390509657126326e-05,1.135712034529488824e-05,1.387453397350236697e-05,9.999950737606589923e-01
4.852440425741473724e-03,-2.476777258676353677e-01,-2.476835340597791646e-01,9.999949779590058263e-01,-2.476727032047992272e-01,1.999994977953917008e+00,-2.476750137112422590e-01,2.477330688139466885e-01,1.143201614398559334e-06,2.914394850198503604e-06,1.860159579274111942e-06,9.999974889769585040e-01
4.861434715177474948e-03,-2.476777364363429712e-01,-2.476778361331263278e-01,1.000001482754129700e+00,-2.476820802290589929e-01,2.000001482755632054e+00,-2.476819423126351005e-01,2.477296268054603734e-01,8.012420551772763031e-07,-4.073210891882637169e-06,4.102423780160427370e-06,1.000000741377816027e+00
4.874506650011486281e-03,-2.476777517964736108e-01,-2.476728938892715504e-01,9.999964808758440293e-01,-2.476713199139894128e-01,1.999996480872278104e+00,-2.476704874430091796e-01,2.477225522910116717e-01,4.024300023032606038e-06,3.937152987608974341e-06,4.243033145732508300e-06,9.999982404361390520e-01
4.887517905935501172e-03,-2.476777670853028690e-01,-2.476751410849805379e-01,1.000000515809603030e+00,-2.476783516417956632e-01,2.000000515810125723e+00,-2.476801825101566101e-01,2.477248914861447382e-01,-8.044194822631732476e-06,-8.501750902470304722e-07,9.831081612623927422e-06,1.000000257905062861e+00
4.894694051727804980e-03,-2.476777755176063356e-01,-2.476765063219089624e-01,1.000003295368316225e+00,-2.476859735362827719e-01,2.000003295371655110e+00,-2.476855241135541841e-01,2.477262087276475566e-01,-1.153358165400968724e-05,-1.049398682601165908e-06,1.050852113318735920e-05,1.000001647685827555e+00
4.902871623098980017e-03,-2.476777851266318553e-01,-2.476788191653971904e-01,1.000003507452677409e+00,-2.476794317935298029e-01,2.000003507456231677e+00,-2.476788978740429026e-01,2.477289862866766390e-01,-8.791626729874822302e-07,3.201304249264292716e-06,2.769301047232369501e-06,1.000001753728115839e+00
4.911478149822818585e-03,-2.476777952397010429e-01,-2.476832383022306849e-01,1.000002068485049911e+00,-2.476779750538843083e-01,2.000002068487145568e+00,-2.476776842843653181e-01,2.477327793904314512e-01,6.198567379573319940e-06,1.570653974875535886e-08,5.592962425365975863e-06,1.000001034243572784e+00
4.921150268234368748e-03,-2.476778066048894444e-01,-2.476739120847822884e-01,9.999999719479920612e-01,-2.476727656426400137e-01,1.999999971947963529e+00,-2.476725486068514781e-01,2.477278420284410587e-01,2.090258700641286924e-07,4.088626314133338730e-06,4.143499411652541364e-06,9.999999859739817643e-01
4.932645591944292453e-03,-2.476778201124276435e-01,-2.476793569985547561e-01,9.999963814221285441e-01,-2.476747122247414112e-01,1.999996381418462033e+00,-2.476749019268578433e-01,2.477299755264787684e-01,7.207147730005715061e-06,4.010812211196001022e-06,7.970447290610347565e-06,9.999981907092309052e-01
4.941888945067773355e-03,-2.476778309737970030e-01,-2.476870442355316448e-01,9.999998099330716927e-01,-2.476791199768405005e-01,1.999999809932879291e+00,-2.476795741888164482e-01,2.477367565070749678e-01,8.898967484477355631e-06,2.231132258313903667e-06,7.079425880265542501e-06,9.999999049664396455e-01
4.950764721989955527e-03,-2.476778414032465292e-01,-2.476745321300178604e-01,1.000000428946740794e+00,-2.476803961013789024e-01,2.000000428947175113e+00,-2.476802264180168189e-01,2.477311871541670873e-01,-6.893820876775415346e-06,1.738803159944990088e-06,6.481079555705789499e-06,1.000000214473587556e+00
4.959373601928401647e-03,-2.476778515190790342e-01,-2.476769319004158976e-01,9.999950786132986158e-01,-2.476676474623392410e-01,1.999995078608312049e+00,-2.476656758675079284e-01,2.477268476900939265e-01,1.320864225168059277e-05,9.095752571513919684e-06,1.593289938126377510e-05,9.999975393041559135e-01
4.964822534265183988e-03,-2.476778579218256726e-01,-2.476771535961296011e-01,9.999938325766780656e-01,-2.476600778288395310e-01,1.999993832570428731e+00,-2.476600631624166216e-01,2.477266831666419256e-01,1.231113217214327730e-05,7.929627856946261692e-06,1.044562597418646920e-05,9.999969162852143656e-01
4.972867048968475714e-03,-2.476778673745035075e-01,-2.476762775493011326e-01,9.999987337661502274e-01,-2.476695259427676155e-01,1.999998733764867254e+00,-2.476717055520712973e-01,2.477258589707100056e-01,-3.695851721469649005e-06,-2.136717511735639547e-06,4.326225398140972742e-06,9.999993668824336268e-01
4.984257915868107666e-03,-2.476778807593005838e-01,-2.476792782723791497e-01,1.000000545560362664e+00,-2.476862238904170843e-01,2.000000545560915555e+00,-2.476881161699271416e-01,2.477300347075576392e-01,-6.702114974453825075e-06,-6.068556545334943966e-06,7.383437026984660300e-06,1.000000272780457777e+00
4.993232906521792754e-03,-2.476778913053307996e-01,-2.476842093686418278e-01,1.000000636704341694e+00,-2.476968543255284871e-01,2.000000636704986512e+00,-2.476943196247334833e-01,2.477348600747091290e-01,-8.131095816741765414e-06,-5.492004492816005164e-06,6.392718516196525668e-06,1.000000318352493256e+00
5.001502874837666403e-03,-2.476779010229281930e-01,-2.476726653948528034e-01,1.000000526187502459e+00,-2.476686826969696775e-01,2.000000526188035366e+00,-2.476668747566113660e-01,2.477292899375590773e-01,6.726144101293461827e-06,2.655185577530432457e-06,6.648593494297014301e-06,1.000000263094017683e+00
5.010105904054422410e-03,-2.476779111318863635e-01,-2.476665622974942860e-01,9.999960577905374626e-01,-2.476727234841525072e-01,1.999996057786542769e+00,-2.476734414289361308e-01,2.477194635906107556e-01,-2.257663609869734724e-06,1.676783520768418040e-07,3.212998665133014361e-06,9.999980288932714956e-01
5.018388396257960835e-03,-2.476779208641977648e-01,-2.476706054924907308e-01,9.999969139024837972e-01,-2.476686850725995648e-01,1.999996913899356965e+00,-2.476682984641909446e-01,2.477207709698897864e-01,1.127126864420135980e-06,2.344775054737073156e-06,2.076283058282657101e-06,9.999984569496783715e-01
5.030457835740226487e-03,-2.476779350463505502e-01,-2.476851726500372275e-01,1.000007212204766960e+00,-2.476785008505454078e-01,2.000007212212075114e+00,-2.476796240747642097e-01,2.477350710704724901e-01,3.521987256475835845e-06,-6.420334673323876027e-07,3.215077599880329905e-06,1.000003606106037557e+00
5.040001041794815555e-03,-2.476779462600599002e-01,-2.476734581062982332e-01,1.000007012478942636e+00,-2.476897419304351644e-01,2.000007012486047842e+00,-2.476906007281171329e-01,2.477294080036886725e-01,-1.375727139406015435e-05,-5.571370174161715684e-06,1.535673726691275269e-05,1.000003506243024143e+00
5.047364698648628030e-03,-2.476779549126969793e-01,-2.476759545641173121e-01,1.000000955981660944e+00,-2.476858673421139245e-01,2.000000955982629947e+00,-2.476847377077910917e-01,2.477261023500033355e-01,-9.595039730717724424e-06,1.882777362735026010e-06,8.364605030828136661e-06,1.000000477991314751e+00
5.053386686044071367e-03,-2.476779619888117845e-01,-2.476768980048140445e-01,9.999969047248782328e-01,-2.476775362262297053e-01,1.999996904721741853e+00,-2.476757372944963786e-01,2.477266571143970642e-01,-3.772961829751763176e-07,5.070430521458190454e-06,4.364796118049009977e-06,9.999984523608709264e-01
5.061144198915014727e-03,-2.476779711042509935e-01,-2.476735235746343466e-01,9.999995568992143813e-01,-2.476695104929990121e-01,1.999999556898765185e+00,-2.476705889105758895e-01,2.477241036429733700e-01,3.522069300613502722e-06,-4.790667228128103416e-06,5.507349158035449601e-06,9.999997784493825925e-01
5.070895372199375230e-03,-2.476779825623326436e-01,-2.476808411014278510e-01,1.000001401241051857e+00,-2.476979946966290091e-01,2.000001401242471832e+00,-2.476997118701725897e-01,2.477303079906504890e-01,-1.340069135635847775e-05,-4.460316590885960601e-06,1.376536529695157191e-05,1.000000700621235916e+00
5.080859899621871859e-03,-2.476779942711136717e-01,-2.476672268818069234e-01,1.000001760504546144e+00,-2.476861248519118264e-01,2.000001760506329607e+00,-2.476842368424855279e-01,2.477239579588905449e-01,-1.078997468708729459e-05,-1.003961733165709328e-06,1.008124491886847117e-05,1.000000880253165025e+00
5.090585772491238413e-03,-2.476780056994660750e-01,-2.476760968109515404e-01,1.000000018277150904e+00,-2.476692199430643448e-01,2.000000018277169556e+00,-2.476678340928603339e-01,2.477260044683424756e-01,5.338654495696880281e-06,1.070492340505212035e-05,1.092989754527334181e-05,1.000000009138584778e+00
5.099039137552335496e-03,-2.476780156325611437e-01,-2.476729397736077698e-01,1.000002895005257519e+00,-2.476729912287937430e-01,2.000002895008190951e+00,-2.476744870488105099e-01,2.477237426445850210e-01,-7.534570388494815876e-07,-2.062590519469691177e-06,4.185831610928132870e-06,1.000001447504095475e+00
5.103938247775051049e-03,-2.476780213892423310e-01,-2.476732417321803603e-01,1.000005616195260405e+00,-2.476781763843161621e-01,2.000005616200950964e+00,-2.476784266981511551e-01,2.477231720411189053e-01,-5.265854180689225702e-06,-5.935091192408209277e-06,5.726040656588479519e-06,1.000002808100475482e+00
5.119646373950171442e-03,-2.476780398470217470e-01,-2.476708324529419691e-01,1.000003260206454136e+00,-2.476615855096201690e-01,2.000003260209757716e+00,-2.476601737521258173e-01,2.477223948818757515e-01,5.673223474087340509e-06,6.519074019049629211e-06,7.157739467126147142e-06,1.000001630104878858e+00
5.124478547065049530e-03,-2.476780455250479351e-01,-2.476719256641808919e-01,1.000003537718394231e+00,-2.476628334502884998e-01,2.000003537721978475e+00,-2.476644839782116136e-01,2.477219962506151396e-01,4.142700511378062997e-06,3.258678867143347118e-06,3.186273566136888917e-06,1.000001768860989459e+00
5.133057100561964035e-03,-2.476780556052467497e-01,-2.476751989222270856e-01,1.000002969916360396e+00,-2.476794645661687388e-01,2.000002969919369988e+00,-2.476818196889935819e-01,2.477246646843280498e-01,-7.225830365533935112e-06,-5.960305765169293911e-06,9.667398172540856487e-06,1.000001484959684772e+00
5.142762537233057027e-03,-2.476780670095857506e-01,-2.476747811087723905e-01,1.000004787387078764e+00,-2.477040286692868687e-01,2.000004787391929995e+00,-2.477051196436768910e-01,2.477245962367310428e-01,-2.758710492629293023e-05,-1.462931927178205025e-05,2.674790540320970118e-05,1.000002393695964775e+00
5.150553872987304396e-03,-2.476780761647673079e-01,-2.476771625979902469e-01,1.000003964740593609e+00,-2.477010521444850122e-01,2.000003964744611284e+00,-2.477001377290178330e-01,2.477270463376384235e-01,-1.447794746841955801e-05,-3.508033112171521167e-06,1.229374516633832473e-05,1.000001982372305642e+00
5.160301940970269535e-03,-2.476780876192003211e-01,-2.476810475997311134e-01,1.000002523445649327e+00,-2.476877596082587840e-01,2.000002523448205949e+00,-2.476871809129934376e-01,2.477310417700346046e-01,-4.284091494710145272e-07,-2.385858239271669852e-06,2.418259625174882836e-06,1.000001261724102974e+00
5.171285459218749256e-03,-2.476781005253441414e-01,-2.476864971037286978e-01,1.000000823857285726e+00,-2.476941296946535975e-01,2.000000823858120391e+00,-2.476929467657619510e-01,2.477360587612435494e-01,1.830238431630267299e-06,-4.543092812917582575e-07,2.352562793925605164e-06,1.000000411929060196e+00
5.182581759673382700e-03,-2.476781137990225201e-01,-2.476748418406012342e-01,9.999965864356757939e-01,-2.476615080656801304e-01,1.999996586432216894e+00,-2.476609596144418446e-01,2.477284233705969729e-01,8.014672112669806714e-06,4.753243621206464517e-06,7.539392629608806224e-06,9.999982932161084470e-01
5.193316558722596739e-03,-2.476781264129101490e-01,-2.476800852170362166e-01,9.999934384660527087e-01,-2.476724668224623005e-01,1.999993438459404027e+00,-2.476722712972013740e-01,2.477297027585874944e-01,2.919715319210310613e-06,8.149271419322236566e-06,8.100569865506051631e-06,9.999967192297020135e-01
5.210131142797069966e-03,-2.476781461708293941e-01,-2.476905525987344037e-01,9.999992356325947407e-01,-2.476922629503908180e-01,1.999999235631820138e+00,-2.476945102811767274e-01,2.477412619332717003e-01,-4.381656515698216703e-06,3.882989374417181219e-06,4.171764116416398303e-06,9.999996178159100690e-01
5.220781079029154607e-03,-2.476781586849990946e-01,-2.476825358340021266e-01,9.999978440262335955e-01,-2.476759286483779521e-01,1.999997844024048899e+00,-2.476742095935660914e-01,2.477358503370400422e-01,2.782493733475242306e-06,2.171826819130964093e-06,3.170503601931463717e-06,9.999989220120244493e-01
5.231363150780941711e-03,-2.476781711194249447e-01,-2.476824072466287940e-01,9.999917147960665220e-01,-2.476689162518309340e-01,1.999991714787671349e+00,-2.476692949047573922e-01,2.477326147742306139e-01,9.158109516699411025e-06,5.952366726774090458e-06,9.419392887338357587e-06,9.999958573938356743e-01
5.241204593298244910e-03,-2.476781826835776357e-01,-2.476900440110935131e-01,9.999917504501962817e-01,-2.476880857131165958e-01,1.999991750441836968e+00,-2.476893773289186029e-01,2.477395127387544416e-01,7.778293200202502316e-06,1.126123901109977372e-05,1.049142137723045308e-05,9.999958752209184842e-01
5.250503663671671553e-03,-2.476781936104167914e-01,-2.476792876440583047e-01,9.999943729459082054e-01,-2.476848296896639878e-01,1.999994372940206322e+00,-2.476840812729036445e-01,2.477345156004199522e-01,1.343692728299618668e-06,2.107841076921701329e-06,2.336422895394598689e-06,9.999971864701031610e-01
5.257343328312679386e-03,-2.476782016473391967e-01,-2.476767269272168170e-01,9.999923134289430138e-01,-2.476680648789696126e-01,1.999992313421154577e+00,-2.476641621781887903e-01,2.477279397598166899e-01,1.214619467119116655e-05,1.448678848995036250e-05,1.673412741285090253e-05,9.999961567105771776e-01
5.263556719331683592e-03,-2.476782089483616500e-01,-2.476752472615494638e-01,9.999904884200532251e-01,-2.476531878613765503e-01,1.999990488410415157e+00,-2.476525953544181924e-01,2.477252443477986343e-01,1.956636074406993304e-05,1.780619454848306882e-05,1.815856863247201230e-05,9.999952442052075785e-01
5.270886079525525722e-03,-2.476782175607006031e-01,-2.476740750794631796e-01,9.999939871860156204e-01,-2.476657746593589060e-01,1.999993987179923050e+00,-2.476679013081732883e-01,2.477238052244255806e-01,2.835862434530714554e-06,8.688182340472448706e-07,4.267172185930522012e-07,9.999969935899615248e-01
5.280000871605369447e-03,-2.476782282710022765e-01,-2.476735176923660908e-01,9.999996147703208438e-01,-2.476720636950489052e-01,1.999999614769930378e+00,-2.476721026271398174e-01,2.477230305523702991e-01,-2.272166526427447919e-06,4.125025437863341876e-06,4.815676666945886102e-06,9.999998073849653002e-01
5.289999999999998696e-03,-2.476782400204408929e-01,-2.476733607172272034e-01,1.000002276504662113e+00,-2.476696692976396164e-01,2.000002276506968713e+00,-2.476693537838317305e-01,2.477228841945590398e-01,2.273801814104552408e-06,2.310138968319458927e-06,2.756713780690593817e-06,1.000001138253484356e+00
5.300436078210045594e-03,-2.476782522833151090e-01,-2.476714130898451383e-01,1.000003439106236014e+00,-2.476661705499140220e-01,2.000003439109721004e+00,-2.476665592308400776e-01,2.477212586189855847e-01,-7.869536219900441590e-08,-3.070350764754385416e-07,7.575837508886151537e-07,1.000001719554860502e+00
5.310766898065045691e-03,-2.476782644225078156e-01,-2.476834495655021451e-01,1.000003929563908489e+00,-2.476984196725594001e-01,2.000003929567890193e+00,-2.477008005095684973e-01,2.477331061422102243e-01,-6.522011491732650309e-06,-8.364459014620756461e-06,8.032906072671737568e-06,1.000001964783945096e+00
5.320005620420959445e-03,-2.476782752784342512e-01,-2.476760562175209790e-01,1.000004435137398007e+00,-2.476693242432190523e-01,2.000004435141891967e+00,-2.476647810106301362e-01,2.477289563812270778e-01,6.180379586665670069e-06,3.277026611819200501e-06,7.923778635206376987e-06,1.000002217570945984e+00
5.324271154997135130e-03,-2.476782802906329906e-01,-2.476746741645174388e-01,1.000003252100550855e+00,-2.476669273696355533e-01,2.000003252103845774e+00,-2.476678968436701322e-01,2.477261852305081280e-01,5.560332182288533305e-06,3.415906702488784327e-06,4.567755432499033511e-06,1.000001626051922887e+00
5.334213463595228154e-03,-2.476782919733063193e-01,-2.476759762824762012e-01,9.999975456720855416e-01,-2.476758461401474543e-01,1.999997545669598420e+00,-2.476755248272689280e-01,2.477262145554535167e-01,-3.652481177318747585e-07,3.777753003382687312e-06,3.750465487788087269e-06,9.999987728347992100e-01
5.345800264333637822e-03,-2.476783055883352014e-01,-2.476785466683263937e-01,1.000001030452867035e+00,-2.476817678716762006e-01,2.000001030453911088e+00,-2.476831253329067062e-01,2.477287315682428215e-01,-6.214131711585674875e-06,-5.491727184726859100e-06,6.823995020597004439e-06,1.000000515226955544e+00
5.353857510885703594e-03,-2.476783150559727920e-01,-2.476752710041674188e-01,1.000001934655984526e+00,-2.476849822074931318e-01,2.000001934657944513e+00,-2.476840942201185281e-01,2.477258306101942920e-01,-7.697475811457142009e-06,-9.122509007904085345e-06,8.278863633873167463e-06,1.000000967328972257e+00
5.367703490686106041e-03,-2.476783313256432917e-01,-2.476751219785054414e-01,9.999989084641219828e-01,-2.476733695946347069e-01,1.999998908463016090e+00,-2.476736033885216515e-01,2.477249422646483068e-01,4.354412783019745685e-06,4.009886803248165426e-06,4.654719667081006806e-06,9.999994542315079338e-01
5.379142494622984015e-03,-2.476783447670039828e-01,-2.476865654053336252e-01,1.000002081541672139e+00,-2.476751830833595625e-01,2.000002081543781340e+00,-2.476754310672545922e-01,2.477373924735822852e-01,3.947049833974261848e-06,1.631126814849617462e-06,3.716968307986132344e-06,1.000001040771890670e+00
5.390000000000001561e-03,-2.476783575250767477e-01,-2.476833667300223640e-01,1.000001811791158213e+00,-2.476950775725878795e-01,2.000001811792993855e+00,-2.476976033963149693e-01,2.477348709553841011e-01,-7.243170724839372864e-06,-4.536508976840807626e-07,8.182240607338927326e-06,1.000000905896496928e+00
5.395777095503537409e-03,-2.476783643134321256e-01,-2.476805553946216099e-01,9.999983589696320729e-01,-2.476859829599955820e-01,1.999998358967969070e+00,-2.476831977086836611e-01,2.477318324920594617e-01,-5.068494192183146680e-07,5.371497894338159621e-06,6.731097100989405511e-06,9.999991794839845349e-01
5.410675239778567000e-03,-2.476783818194452647e-01,-2.476781257485221599e-01,9.999925746967934792e-01,-2.476583432952050301e-01,1.999992574689269498e+00,-2.476570491464668289e-01,2.477276307180454884e-01,2.261430703549260541e-05,1.805910908583753882e-05,2.285581133316979719e-05,9.999962873446347489e-01
5.423043625656939239e-03,-2.476783963528716159e-01,-2.476749386501454209e-01,9.999976158558527839e-01,-2.476647245403555131e-01,1.999997615853436939e+00,-2.476654481628784155e-01,2.477248788934459933e-01,1.228077384228825716e-05,8.696157960400261000e-06,1.152709611168894537e-05,9.999988079267184693e-01
5.440000699390305609e-03,-2.476784162782190157e-01,-2.476817174478612160e-01,1.000000672672970436e+00,-2.476859372831853312e-01,2.000000672673651891e+00,-2.476884495963962707e-01,2.477320891530211677e-01,-6.174840177015462688e-06,-7.702560860962089730e-07,7.728975753004072171e-06,1.000000336336825946e+00
5.444248422315322092e-03,-2.476784212694889964e-01,-2.476816464606085844e-01,1.000001549693385394e+00,-2.476839484955999093e-01,2.000001549694955916e+00,-2.476821807397441566e-01,2.477312508164210558e-01,-2.718991701634420478e-06,1.448797437170256769e-07,9.922709453379390053e-07,1.000000774847477958e+00
5.453244067004821283e-03,-2.476784318397886042e-01,-2.476808089859008355e-01,1.000001602871393169e+00,-2.476664764951871378e-01,2.000001602873016981e+00,-2.476666746607189273e-01,2.477307500443216293e-01,1.061130369016676977e-05,3.302665254171179968e-06,1.078053990395937320e-05,1.000000801436508491e+00
5.462090744406631997e-03,-2.476784422350451764e-01,-2.476844493617265941e-01,9.999977935225607961e-01,-2.476747279134293156e-01,1.999997793520325029e+00,-2.476764969718885656e-01,2.477343053591381794e-01,9.661075816863435813e-06,2.956325696598621485e-06,7.833294381395917470e-06,9.999988967601625145e-01
5.471066207550644329e-03,-2.476784527816310311e-01,-2.476864448138050012e-01,9.999963124183062213e-01,-2.476974183993176370e-01,1.999996312414569877e+00,-2.476997805751443571e-01,2.477360681068341286e-01,-1.023096794575816653e-05,-6.288488368138856189e-07,1.026016622305935119e-05,9.999981562072848273e-01
5.480001007837780741e-03,-2.476784632804355235e-01,-2.476736330294314614e-01,9.999948949131075571e-01,-2.476734743228719837e-01,1.999994894907934695e+00,-2.476693816947656557e-01,2.477307442283189498e-01,9.964989896279515867e-06,1.315947590368145188e-05,1.492961001744000268e-05,9.999974474539673475e-01
5.484807732716287347e-03,-2.476784689285579100e-01,-2.476742664244164782e-01,9.999933666300970803e-01,-2.476638672212847225e-01,1.999993366623375346e+00,-2.476630996801435503e-01,2.477249395648975228e-01,1.134477884426723902e-05,1.339302203935186716e-05,1.301341015493703103e-05,9.999966833116877840e-01
5.494086455772865217e-03,-2.476784798314867753e-01,-2.476773847747071600e-01,9.999933640956478742e-01,-2.476670186861313627e-01,1.999993364088924030e+00,-2.476668315160032718e-01,2.477268883146518663e-01,5.975154388310634207e-06,1.049854813427152473e-05,1.037654542405954484e-05,9.999966820444620152e-01
5.504407260861030916e-03,-2.476784919589112288e-01,-2.476775905712394477e-01,1.000000782891349305e+00,-2.476724471202633726e-01,2.000000782892142670e+00,-2.476738447701994084e-01,2.477273742247758370e-01,2.105214751600209682e-06,3.570086124927353253e-06,2.593246289034147388e-06,1.000000391446071335e+00
5.520007532212221728e-03,-2.476785102899539404e-01,-2.476752897266490394e-01,1.000000192290730672e+00,-2.476775267068182240e-01,2.000000192290925405e+00,-2.476773139725894080e-01,2.477261024138966983e-01,-8.130261691423866250e-06,-2.608068598508792657e-06,8.826718269594665208e-06,1.000000096145462702e+00
5.530004814043133939e-03,-2.476785220372230700e-01,-2.476821396727572344e-01,9.999993300704148602e-01,-2.476741549915383311e-01,1.999999330069736070e+00,-2.476735848752473490e-01,2.477324796267570683e-01,1.395012004278109622e-06,1.756180031633876153e-06,2.635628218857969722e-06,9.999996650348680349e-01
5.540040397376324970e-03,-2.476785338294990590e-01,-2.476797726878825490e-01,1.000000046270820730e+00,-2.476676719585150233e-01,2.000000046270867582e+00,-2.476669217420029157e-01,2.477301991565245554e-01,5.297758509172090484e-06,-2.218966854770721731e-06,5.358389088186124089e-06,1.000000023135434013e+00
5.550010699999999124e-03,-2.476785455450671303e-01,-2.476828812041416694e-01,9.999980757674598042e-01,-2.476680620334139049e-01,1.999998075765510031e+00,-2.476677458822271194e-01,2.477327953574696151e-01,6.596256554571006516e-06,4.029790261643865400e-06,7.093534209027563974e-06,9.999990378827550153e-01
5.558148505564754725e-03,-2.476785551073659997e-01,-2.476827681359682898e-01,9.999963103330944403e-01,-2.476751637059574629e-01,1.999996310329355653e+00,-2.476765123163225668e-01,2.477322903742607829e-01,5.489581769995662842e-06,4.669260855909990690e-06,4.965515256022603505e-06,9.999981551646779376e-01
5.570012644140624573e-03,-2.476785684408611410e-01,-2.476825045683908044e-01,9.999956533424452232e-01,-2.476827728282214036e-01,1.999995653338040968e+00,-2.476829667862883444e-01,2.477320355557131315e-01,5.612265305862695715e-06,2.520492895595074109e-06,5.926928450688208794e-06,9.999978266690203732e-01
5.580006826904565856e-03,-2.476778833480300090e-01,-2.476836637724910140e-01,9.999945174030174799e-01,-2.476798592454544923e-01,1.999994517397462035e+00,-2.476794878308705705e-01,2.477333442788044460e-01,9.033540285808918489e-06,1.068056984926913886e-05,1.150048378381942347e-05,9.999972586987310175e-01
5.590554385917300036e-03,-2.476774203162602772e-01,-2.476874504392729270e-01,9.999946001929335138e-01,-2.476673046460266814e-01,1.999994600187462002e+00,-2.476657984907753018e-01,2.477369186488236341e-01,2.075403321620126185e-05,2.144242557708876971e-05,2.136795264766844715e-05,9.999973000937308898e-01
5.599999999999999943e-03,-2.476771522946491777e-01,-2.476773208725568387e-01,9.999938846499905054e-01,-2.476661943161165558e-01,1.999993884643793907e+00,-2.476666520025461171e-01,2.477322440420486327e-01,2.231450430645412542e-06,5.222675816390966196e-06,3.394397770860754264e-06,9.999969423218969533e-01
5.602902211921671066e-03,-2.476770897295005880e-01,-2.476754100073486342e-01,9.999933488809455984e-01,-2.476668949119057994e-01,1.999993348874206101e+00,-2.476661765489539258e-01,2.477295489925048499e-01,1.119945622441341826e-06,5.771378727768479895e-06,6.789754640427975656e-06,9.999966744371030503e-01
5.610980617607308832e-03,-2.476769519390229213e-01,-2.476724869566239440e-01,9.999918664686892056e-01,-2.476523171680453939e-01,1.999991866460447687e+00,-2.476512135129943781e-01,2.477228993635526011e-01,1.440840877366569372e-05,1.435023483337548451e-05,1.491630705261561887e-05,9.999959332302237325e-01
5.620018362095043248e-03,-2.476768455383750733e-01,-2.476794408600441200e-01,9.999958945976750169e-01,-2.476738471539078890e-01,1.999995894593515233e+00,-2.476774582387413493e-01,2.477297824195848208e-01,-6.737414200024697488e-07,4.281463177052250069e-08,3.076334093320928069e-06,9.999979472967576166e-01
5.625859949996615643e-03,-2.476767959544682596e-01,-2.476797597891028935e-01,1.000000261409107472e+00,-2.476869603811459319e-01,2.000000261409372371e+00,-2.476881051915536258e-01,2.477292907431773439e-01,-7.304640282933155576e-06,-2.250025061146133739e-06,7.778007832133474963e-06,1.000000130704686185e+00
5.638517427190817451e-03,-2.476767233643294430e-01,-2.476689725438209755e-01,1.000001381113217569e+00,-2.476741757327263205e-01,2.000001381114617338e+00,-2.476713524371803588e-01,2.477248468285113414e-01,-2.816422884460758232e-06,-3.710194991289595805e-07,1.763004245039273468e-06,1.000000690557308669e+00
5.650000000000001375e-03,-2.476766844768657772e-01,-2.476857616487840585e-01,9.999985079362736506e-01,-2.476874074926020686e-01,1.999998507934761971e+00,-2.476903856745168442e-01,2.477375417401282975e-01,3.260295281910088382e-07,6.648379388986042843e-06,6.963628183211633696e-06,9.999992539673808745e-01
5.657544579444111210e-03,-2.476766676748681228e-01,-2.476816049121331464e-01,1.000002502734222309e+00,-2.476785411618031008e-01,2.000002502736758281e+00,-2.476765076408827815e-01,2.477336658918240508e-01,2.817899254864500243e-06,1.415327303475424419e-06,2.862148874460065662e-06,1.000001251368379140e+00
5.666190299167931516e-03,-2.476766541079808981e-01,-2.476771745748593545e-01,1.000003460968546198e+00,-2.476740041239869905e-01,2.000003460972052949e+00,-2.476742045774977807e-01,2.477280184821562536e-01,1.162732869821326782e-06,-1.610562290504032764e-06,1.415335673023265606e-06,1.000001730486026474e+00
5.675705116218074733e-03,-2.476766440273898418e-01,-2.476769378030024005e-01,9.999952915493752759e-01,-2.476706409247763085e-01,1.999995291544604203e+00,-2.476702080509219084e-01,2.477266297810498397e-01,1.187892026813162398e-05,9.405541380865492081e-06,1.327101533095739541e-05,9.999976457723021017e-01
5.684672621412634012e-03,-2.476766376679243875e-01,-2.476799281409056419e-01,9.999975818664490479e-01,-2.476706612480475411e-01,1.999997581863998786e+00,-2.476714174024671478e-01,2.477300460942894744e-01,1.351227314602710843e-05,8.669972352919807980e-06,1.229235177309023241e-05,9.999987909319993928e-01
5.692528469054415619e-03,-2.476766338030001735e-01,-2.476827662865256630e-01,9.999999922654567719e-01,-2.476780389059331788e-01,1.999999992265449000e+00,-2.476783050343313586e-01,2.477323775130970129e-01,6.308169278499397663e-06,4.194284374503722108e-06,6.874407935434680658e-06,9.999999961327245002e-01
5.701494901943444937e-03,-2.476766307315445836e-01,-2.476784870570799268e-01,9.999995365442283513e-01,-2.476691807514619648e-01,1.999999536543758838e+00,-2.476675652107939440e-01,2.477294565874000043e-01,1.543603345612361633e-05,1.197722867422915196e-05,1.499219784963156845e-05,9.999997682718794190e-01
5.710555709169147856e-03,-2.476766286265744688e-01,-2.476764667057287095e-01,9.999965252687987860e-01,-2.476690968213118849e-01,1.999996525265277825e+00,-2.476705471508403589e-01,2.477263717577953550e-01,1.412649411785179658e-06,5.145469659120563557e-06,4.711092910667708868e-06,9.999982626326389124e-01
5.720076969204055707e-03,-2.476766271409128750e-01,-2.476845497470113178e-01,9.999966731459499769e-01,-2.476898644131611815e-01,1.999996673142578896e+00,-2.476920246641758083e-01,2.477348860696013122e-01,3.071160765440162579e-06,2.555489797441358455e-06,3.186936331811104887e-06,9.999983365712894479e-01
5.730001023348034635e-03,-2.476766261171640116e-01,-2.476791744756186853e-01,9.999992408941557054e-01,-2.476658329009535364e-01,1.999999240893386654e+00,-2.476623423513480970e-01,2.477310719415521112e-01,1.664121833262635378e-05,1.090370642953319774e-05,1.840542671161486885e-05,9.999996204466933269e-01
5.734143198898354957e-03,-2.476766258017057409e-01,-2.476746802253076696e-01,9.999988375992577838e-01,-2.476599904671568375e-01,1.999998837598079726e+00,-2.476602500849147959e-01,2.477286323389459588e-01,1.283926755112189965e-05,7.490333240213114732e-06,1.065506137038305467e-05,9.999994187990398631e-01
5.741652825263708800e-03,-2.476766253522711680e-01,-2.476667340742466361e-01,9.999957326064720098e-01,-2.476648662928078726e-01,1.999995732602148024e+00,-2.476656513348120814e-01,2.477215731766905238e-01,-1.184520160593711988e-06,5.093588355842462814e-07,9.279866047135427281e-07,9.999978663010740121e-01
5.750420659765926798e-03,-2.476766249768790895e-01,-2.476675930406626591e-01,9.999966563091500227e-01,-2.476649520878690669e-01,1.999996656305762066e+00,-2.476646419380197361e-01,2.477178823839995270e-01,6.825456587656973453e-06,8.751458421318128878e-07,7.293996243285439929e-06,9.999983281528809220e-01
5.760931272565596346e-03,-2.476766246712886199e-01,-2.476862231875399389e-01,1.000005439152638065e+00,-2.476704567465803919e-01,2.000005439158149656e+00,-2.476719296898409750e-01,2.477357941373941330e-01,8.909082400859993892e-06,-4.273715173418440664e-07,8.184061053486685000e-06,1.000002719579074828e+00
5.770425300280024837e-03,-2.476766244845720888e-01,-2.476758540268730047e-01,1.000008631631913447e+00,-2.476815173040339546e-01,2.000008631640659562e+00,-2.476820800014522261e-01,2.477305573511685843e-01,-4.247316619593263798e-06,-6.979747849430360176e-06,6.928879119015547307e-06,1.000004315820329781e+00
5.780256789457052791e-03,-2.476766243491374531e-01,-2.476757733656164973e-01,9.999996313247977442e-01,-2.476769668461054341e-01,1.999999631324424154e+00,-2.476756280421744671e-01,2.477255652701465527e-01,4.369164555977629217e-06,3.460987737180511053e-06,5.839071825752569606e-06,9.999998156622120771e-01
5.790945416557708933e-03,-2.476766242452496103e-01,-2.476839198697218802e-01,9.999977394027844690e-01,-2.476719290231387816e-01,1.999997739400493746e+00,-2.476732991089805047e-01,2.477333873739810122e-01,7.414506026481621619e-06,3.973337091124802375e-06,6.345384455603026783e-06,9.999988697002468729e-01
5.801419464079284917e-03,-2.476766241714397354e-01,-2.476765049468696578e-01,1.000000672895764886e+00,-2.476818089747421514e-01,2.000000672896447007e+00,-2.476802978151096124e-01,2.477289972270837470e-01,-9.343455041457285196e-07,5.326000724367099843e-06,6.124034777613019333e-06,1.000000336448223504e+00
5.811511943088219605e-03,-2.476766241169667537e-01,-2.476732719648513659e-01,9.999966554832135923e-01,-2.476522508816533796e-01,1.999996655479824748e+00,-2.476516587604075115e-01,2.477232634863099636e-01,1.583697479735913361e-05,1.669888521920411648e-05,1.736157504351238900e-05,9.999983277399123738e-01
5.822750709543977193e-03,-2.476766240684457332e-01,-2.476779811995986624e-01,9.999988292716527338e-01,-2.476649741104242630e-01,1.999998829270466461e+00,-2.476656538326963142e-01,2.477274974437644883e-01,2.081058904179841306e-05,1.414708381493533908e-05,1.942405099953637673e-05,9.999994146352332303e-01
5.832960050861450349e-03,-2.476766240313908740e-01,-2.476768564498077474e-01,1.000002479108244691e+00,-2.476724819186376103e-01,2.000002479110756681e+00,-2.476719260976504022e-01,2.477268236883144181e-01,5.945155695523489404e-06,2.972725808017508335e-07,5.445618602607633841e-06,1.000001239555378341e+00
5.848195014651981494e-03,-2.476766239834573280e-01,-2.476811039459357322e-01,1.000000172710173052e+00,-2.476679722198494304e-01,2.000000172710347801e+00,-2.476686076561564476e-01,2.477307113673689609e-01,6.246612243634099121e-06,-8.813105435180929492e-06,9.764008814101997192e-06,1.000000086355173901e+00
5.854237353547565338e-03,-2.476766239659837776e-01,-2.476791096597310005e-01,9.999999731094177946e-01,-2.476715385003574466e-01,1.999999973109390483e+00,-2.476719233564298461e-01,2.477298346801753426e-01,1.746735096899217358e-06,-1.017856208924907709e-05,9.740810034970735076e-06,9.999999865546952416e-01
5.863183909260893251e-03,-2.476766239411336834e-01,-2.476761590524466095e-01,9.999978308417826200e-01,-2.476733317581709393e-01,1.999997830839584712e+00,-2.476732760981731341e-01,2.477263433846173535e-01,-4.814328950296996850e-07,-1.680994465682333972e-06,1.246341855777327993e-06,9.999989154197923558e-01
5.871972527854791603e-03,-2.476766239175687834e-01,-2.476810639958886839e-01,9.999969026671460259e-01,-2.476674017830444996e-01,1.999996902664007425e+00,-2.476652468259348261e-01,2.477305309296382596e-01,1.510178362933270331e-05,1.322756392619957621e-05,1.573296317212293137e-05,9.999984513320037127e-01
5.881726933601110797e-03,-2.476766238920738716e-01,-2.476777535466707370e-01,9.999996231356235166e-01,-2.476559338509378982e-01,1.999999623135241489e+00,-2.476577488695504980e-01,2.477279713903012548e-01,1.146390686608327241e-05,9.112888111091062176e-06,1.024417211052781413e-05,9.999998115676207444e-01
5.891827513053425787e-03,-2.476766238661581299e-01,-2.476796780228366357e-01,9.999983168366169961e-01,-2.476813902601030515e-01,1.999998316834911583e+00,-2.476820080527274703e-01,2.477293842507741484e-01,8.373302026445769181e-07,4.908888670958920393e-06,4.716593641893658713e-06,9.999991584174556802e-01
5.903212703521106518e-03,-2.476766238373241669e-01,-2.476822315833975552e-01,9.999984159617785195e-01,-2.476826828401298974e-01,1.999998415960173581e+00,-2.476831238671307889e-01,2.477322234509740373e-01,-1.756618762696739046e-07,1.376385045221690893e-06,1.378184042578161947e-06,9.999992079800867906e-01
5.915985208858620843e-03,-2.476766238052671432e-01,-2.476816579695033937e-01,9.999975036677202223e-01,-2.476761459260997666e-01,1.999997503665190690e+00,-2.476737513584988115e-01,2.477332582547839279e-01,5.240943282315765589e-06,7.151437826557788601e-06,8.137405703507494969e-06,9.999987518325953451e-01
5.925228077318932772e-03,-2.476766237821861061e-01,-2.476744870943660137e-01,9.999953392201306190e-01,-2.476679035821003350e-01,1.999995339215407730e+00,-2.476693700981524304e-01,2.477274258355567083e-01,1.190103770725353194e-05,1.168929904219206362e-05,1.167397271239386404e-05,9.999976696077038651e-01
5.939353785831852361e-03,-2.476766237470262311e-01,-2.476786508563581790e-01,9.999959219911956909e-01,-2.476788850358495886e-01,1.999995921987063552e+00,-2.476795121491214835e-01,2.477291672517625276e-01,8.993743971312176868e-06,1.207884844944156523e-05,1.185770509440825298e-05,9.999979609935317759e-01
5.948453163136975530e-03,-2.476766237244223678e-01,-2.476771213631935031e-01,1.000001822306944010e+00,-2.476790604259797857e-01,2.000001822308790089e+00,-2.476790009822359140e-01,2.477276609258661777e-01,-1.646858684969460980e-07,6.923550829032034486e-07,1.417809073038919034e-06,1.000000911154395267e+00
5.954517427693682002e-03,-2.476766237093700473e-01,-2.476746692860810617e-01,1.000003321575555715e+00,-2.476793986560514305e-01,2.000003321578921689e+00,-2.476787808676721159e-01,2.477253704033459958e-01,-1.046125197024801183e-06,-6.198480975893792499e-07,1.471317448459117615e-07,1.000001660789460622e+00
5.962505564271010014e-03,-2.476766236895543427e-01,-2.476721945829290505e-01,1.000000401477114442e+00,-2.476702472284351697e-01,2.000000401477521450e+00,-2.476699234055161347e-01,2.477222834815736019e-01,7.544321869629549136e-06,6.196226823654411369e-06,6.703137103754363997e-06,1.000000200738760725e+00
5.970030099999999035e-03,-2.476715687056351700e-01,-2.476722994352268392e-01,9.999998323296787062e-01,-2.476765311316529994e-01,1.999999832329508731e+00,-2.476778459292841850e-01,2.477217761443560040e-01,-3.690173613859922822e-06,3.691346330675739861e-06,5.480114656254111647e-06,9.999999161647543655e-01
5.973690293037790464e-03,-2.476713596383384175e-01,-2.476689677783122101e-01,1.000000835048245218e+00,-2.476752159961813082e-01,2.000000835049091208e+00,-2.476754830622493464e-01,2.477200448878527361e-01,-6.592625636318661867e-06,-1.275714620081720478e-06,7.300529688686766623e-06,1.000000417524545826e+00
5.983337237929801759e-03,-2.476713709739479241e-01,-2.476716308312653381e-01,1.000003951443628525e+00,-2.476815177229695075e-01,2.000003951447632211e+00,-2.476811908653553940e-01,2.477217171400008799e-01,-1.500480310037767391e-05,-1.367615530728217230e-05,1.568674598800424072e-05,1.000001975723816106e+00
5.999999999999999258e-03,-2.476713905534703164e-01,-2.476727018303433170e-01,1.000006264857492999e+00,-2.477023304716751140e-01,2.000006264863841032e+00,-2.477053465396498733e-01,2.477230313949165541e-01,-2.219718020609923016e-05,-7.802394118537983749e-06,2.239342125633780669e-05,1.000003132431920516e+00
6.010015589290807619e-03,-2.476714023222533478e-01,-2.476732056455187292e-01,1.000007803521694383e+00,-2.476940375416180895e-01,2.000007803529601613e+00,-2.476927939512351684e-01,2.477227246974133545e-01,-1.096588629672737912e-05,-7.316902669289942376e-06,9.968041188858408616e-06,1.000003901764800807e+00
6.020465492400187482e-03,-2.476714146013761497e-01,-2.476829181349763653e-01,1.000006958400794455e+00,-2.476879162348438468e-01,2.000006958407845037e+00,-2.476865685254578398e-01,2.477328856645638344e-01,5.840174127343484843e-06,3.456569459226917517e-07,7.305755737687090523e-06,1.000003479203922740e+00
6.030010954414845477e-03,-2.476714258177376837e-01,-2.476781749291027124e-01,1.000003835893206183e+00,-2.476757889105332400e-01,2.000003835897092852e+00,-2.476748587094360632e-01,2.477296335188099996e-01,1.563472099234587311e-06,-2.333090108715987908e-06,2.773971833507271338e-06,1.000001917948546648e+00
6.040713323626689321e-03,-2.476714383935206543e-01,-2.476716483850449624e-01,9.999984538636883524e-01,-2.476777095303054621e-01,1.999998453862121606e+00,-2.476775876158514578e-01,2.477235989400339844e-01,-5.173017832949865029e-06,-1.190491131140750606e-06,5.020427472057601581e-06,9.999992269310608028e-01
6.050928329908305224e-03,-2.476714503966293002e-01,-2.476654240162265430e-01,9.999978979591822581e-01,-2.476726397926618806e-01,1.999997897957052517e+00,-2.476726260929798529e-01,2.477172693688203253e-01,-4.299897368812141851e-06,-6.350137379237535725e-06,6.571891897938015575e-06,9.999989489785262586e-01
6.061073640165842366e-03,-2.476714623178410957e-01,-2.476682880881580784e-01,1.000003459988309640e+00,-2.476734252928862734e-01,2.000003459991815724e+00,-2.476730357581343189e-01,2.477178139673037460e-01,-2.694709858853453650e-06,-5.650287877800109752e-06,5.683867873190299234e-06,1.000001729995907862e+00
6.071527601071878208e-03,-2.476714746017324997e-01,-2.476666867250251203e-01,1.000009261784133852e+00,-2.476700142590840259e-01,2.000009261793518345e+00,-2.476706675867466068e-01,2.477163498668760733e-01,-8.744532361802705020e-06,-6.706156093112562341e-06,8.874943531934854148e-06,1.000004630896759172e+00
6.083160517845872736e-03,-2.476714882709503684e-01,-2.476692650733920142e-01,1.000009845048308366e+00,-2.476792613232225437e-01,2.000009845058283720e+00,-2.476794394434134183e-01,2.477196457309034372e-01,-7.580508317256773894e-06,-1.099025204919221513e-05,1.074906616216988262e-05,1.000004922529141860e+00
6.092633491655173247e-03,-2.476714994021357030e-01,-2.476755085145342650e-01,1.000010022156572420e+00,-2.476794632690800246e-01,2.000010022166727630e+00,-2.476793743827482019e-01,2.477249743384815628e-01,-1.154169409687265161e-06,-9.631523998292552521e-06,9.688048983747745178e-06,1.000005011083363815e+00
6.109040212884236758e-03,-2.476715186807977032e-01,-2.476618726739776011e-01,1.000006009353554548e+00,-2.476722234782435805e-01,2.000006009359643677e+00,-2.476709617652326223e-01,2.477181500134412462e-01,-7.719832704630834799e-06,-6.336377084892952617e-06,7.591776430622318644e-06,1.000003004679822061e+00
6.116298665547242365e-03,-2.476715272098159171e-01,-2.476653388721806182e-01,1.000003392887909959e+00,-2.476660487131500943e-01,2.000003392891347875e+00,-2.476655337489109265e-01,2.477160246501929342e-01,2.208353959048010529e-06,-5.651897259694937967e-07,3.939952849318151429e-06,1.000001696445673938e+00
6.122879009732276091e-03,-2.476715349420265666e-01,-2.476705417176255086e-01,1.000005206675122160e+00,-2.476667137945822716e-01,2.000005206680397496e+00,-2.476684480270285593e-01,2.477200587945544707e-01,5.954356612113736045e-06,-1.839483963556914509e-06,3.904654923391415756e-06,1.000002603340198970e+00
6.131315458074767383e-03,-2.476715448552454513e-01,-2.476698239927668799e-01,1.000011724486489006e+00,-2.476905886556943215e-01,2.000011724498369503e+00,-2.476931724072222452e-01,2.477193802815443324e-01,-1.663760391667820147e-05,-1.807452339094012934e-05,1.866394600502200936e-05,1.000005862249184529e+00
6.140946922809301621e-03,-2.476715561726637316e-01,-2.476682522577977330e-01,1.000010799627298885e+00,-2.476929987908238484e-01,2.000010799638241910e+00,-2.476918475123346675e-01,2.477179315934271986e-01,-1.468161806650350207e-05,-1.300721325406555756e-05,1.452074335427218311e-05,1.000005399819120955e+00
6.151391391587617344e-03,-2.476715684454006972e-01,-2.476705130254596154e-01,1.000007487729588362e+00,-2.476912446491636721e-01,2.000007487737175627e+00,-2.476906873835302836e-01,2.477200054375504334e-01,-2.078889787288582455e-05,-8.791412015923717675e-06,1.998321940308570081e-05,1.000003743868587813e+00
6.160940201020754896e-03,-2.476715796656954183e-01,-2.476664250535000888e-01,1.000008176751777222e+00,-2.476706402055810496e-01,2.000008176760061929e+00,-2.476693481057545276e-01,2.477171559872121676e-01,-7.074554155791603774e-06,-3.210360479280891477e-06,6.753910308905224486e-06,1.000004088380031186e+00
6.170197374152008515e-03,-2.476715905433039544e-01,-2.476693612466369376e-01,1.000007776432200846e+00,-2.476828729651775751e-01,2.000007776440080765e+00,-2.476845689730161615e-01,2.477191045972692574e-01,-1.546156878583988914e-05,-7.460923716314854913e-06,1.611654939370219932e-05,1.000003888220040382e+00
6.180000000000000597e-03,-2.476716020618440761e-01,-2.476655979922995077e-01,1.000008809448615921e+00,-2.476664331046348477e-01,2.000008809457542114e+00,-2.476640385535087141e-01,2.477164461360799042e-01,3.181539701084671498e-07,-4.400440356979525526e-06,4.138040962183973184e-06,1.000004404728771057e+00
6.182875668460479680e-03,-2.476716054408877599e-01,-2.476670562533826170e-01,1.000009304762083051e+00,-2.476666700372314178e-01,2.000009304771511509e+00,-2.476691823637476864e-01,2.477174845445755391e-01,-2.592101096563004889e-06,-6.623617651998613057e-06,7.790022332938986916e-06,1.000004652385755755e+00
6.191757753597868126e-03,-2.476716158777497179e-01,-2.476746550064855001e-01,1.000009095764591072e+00,-2.476989573575168468e-01,2.000009095773807477e+00,-2.477004781495576180e-01,2.477242907197506616e-01,-2.473301170322120179e-05,-1.533363475388391551e-05,2.494363383587155323e-05,1.000004547886903739e+00
6.205205146639304961e-03,-2.476716316790624761e-01,-2.476737922855394569e-01,1.000009092255540466e+00,-2.476919639805595652e-01,2.000009092264753541e+00,-2.476912943692377855e-01,2.477233148217848346e-01,-1.807055386634193490e-05,-1.645513410142387492e-05,1.739518617210870327e-05,1.000004546132376770e+00
6.214760481247099191e-03,-2.476716429070247583e-01,-2.476721738026817776e-01,1.000004443643821128e+00,-2.476823874433888573e-01,2.000004443648323971e+00,-2.476808099479166358e-01,2.477222671077278227e-01,-7.292276808031175243e-06,-6.864367629952518273e-06,5.549558773271531274e-06,1.000002221824161985e+00
6.223234351018355238e-03,-2.476716528642153026e-01,-2.476727626052729059e-01,1.000003175337538242e+00,-2.476727589334534463e-01,2.000003175340756112e+00,-2.476736639031090204e-01,2.477233741961945845e-01,2.677072063958818157e-06,3.913174105392708670e-06,4.109149046357480520e-06,1.000001587670377834e+00
6.232343144103475244e-03,-2.476716635674709455e-01,-2.476800265219437636e-01,1.000003912126630645e+00,-2.476862311156070584e-01,2.000003912130594586e+00,-2.476862032270732150e-01,2.477296939023387046e-01,-1.513159164311852613e-06,4.192542029596258660e-06,3.959409496525546973e-06,1.000001956065297293e+00
6.243843723854895951e-03,-2.476716770811867030e-01,-2.476710688316228759e-01,1.000004461271594813e+00,-2.476790829246015846e-01,2.000004461276115197e+00,-2.476792757433537440e-01,2.477234740553079795e-01,-1.727991846001576411e-06,-5.629150194503207365e-08,2.504818110191787296e-06,1.000002230638057599e+00
6.251902825494138477e-03,-2.476716865510066312e-01,-2.476698671492440496e-01,1.000000516564788944e+00,-2.476808351524543150e-01,2.000000516565312303e+00,-2.476814164786767247e-01,2.477201617303267378e-01,-6.252565448635110481e-06,-6.267058467380586622e-07,6.360790836315739523e-06,1.000000258282656151e+00
6.260539697754148591e-03,-2.476716966997325187e-01,-2.476776776708614070e-01,1.000001699425441926e+00,-2.476859145026052977e-01,2.000001699427163437e+00,-2.476863487974503564e-01,2.477275073494354940e-01,-5.396986961702125710e-06,8.867459977728869513e-06,8.621289418795496381e-06,1.000000849713581941e+00
6.269061063572387189e-03,-2.476717067127333360e-01,-2.476733105803446966e-01,1.000005805592804942e+00,-2.476815008243433147e-01,2.000005805598687569e+00,-2.476809767775811910e-01,2.477246950675340287e-01,-9.539776570735150954e-06,-3.669913573272245927e-06,1.019919975730537780e-05,1.000002902799343785e+00
6.275515000915271070e-03,-2.476717142964089402e-01,-2.476685239333143718e-01,1.000005540399999227e+00,-2.476809182246158536e-01,2.000005540405613402e+00,-2.476803554757026904e-01,2.477212095532764224e-01,-8.261378018709150271e-06,-4.591839549822117493e-06,7.226463331020966016e-06,1.000002770202806479e+00
6.284291473491793525e-03,-2.476717246091722779e-01,-2.476671317198750055e-01,1.000002149580950128e+00,-2.476725564030677340e-01,2.000002149583128386e+00,-2.476723325928118502e-01,2.477175351614344379e-01,-8.259958625116612988e-07,-1.591289669680556054e-06,2.054386781134992049e-06,1.000001074791564193e+00
6.300000000000000912e-03,-2.476717430674236220e-01,-2.476744077923593301e-01,1.000008555938224353e+00,-2.476894760289372055e-01,2.000008555946894084e+00,-2.476910734861962615e-01,2.477240882163008751e-01,-1.389942442211420898e-05,-1.407343020578331743e-05,1.494671578577379970e-05,1.000004277973447042e+00
6.310249555083156069e-03,-2.476717551111275450e-01,-2.476652432967079431e-01,1.000007799655874718e+00,-2.476824418479156298e-01,2.000007799663777508e+00,-2.476804082536304963e-01,2.477193384790331299e-01,-8.823913850692747136e-06,-1.181299826023566178e-05,1.115642446293776927e-05,1.000003899831888976e+00
6.320570716989015216e-03,-2.476717672389729119e-01,-2.476750185326034304e-01,1.000004241752345147e+00,-2.476775307638600099e-01,2.000004241756643264e+00,-2.476783698780439802e-01,2.477248837165481055e-01,-1.109870813527764777e-05,-8.337378239540603050e-06,1.106733152218999934e-05,1.000002120878321632e+00
6.330359197483522403e-03,-2.476717787408928284e-01,-2.476691307821287380e-01,1.000007699133311334e+00,-2.476747625126279329e-01,2.000007699141112649e+00,-2.476741318376123602e-01,2.477210997499319778e-01,-4.697042887071360324e-06,-8.165135319475806230e-06,8.510579627969349788e-06,1.000003849570556325e+00
6.340291677702498789e-03,-2.476717904120196712e-01,-2.476690954292430358e-01,1.000006546423376497e+00,-2.476721840908295835e-01,2.000006546430010079e+00,-2.476718971988348394e-01,2.477186722125727658e-01,-2.539104304091994039e-06,-1.137693847516990146e-05,1.120801711702212475e-05,1.000003273215004818e+00
6.350033797265620429e-03,-2.476718018594644133e-01,-2.476693297234751623e-01,1.000005744944155284e+00,-2.476772443435423521e-01,2.000005744949976183e+00,-2.476781415831278976e-01,2.477188753872838767e-01,-3.263976713245344492e-06,-9.282244301579834199e-06,9.396264785107093538e-06,1.000002872474988314e+00
6.360426706565807352e-03,-2.476718140716164251e-01,-2.476667795093217550e-01,1.000007997395794046e+00,-2.476720516146934115e-01,2.000007997403897786e+00,-2.476715334065743290e-01,2.477169083040849096e-01,-4.975369455257708600e-06,-3.824201766892235290e-06,4.501719379430544859e-06,1.000003998701948893e+00
6.370055915307610422e-03,-2.476718253863855468e-01,-2.476741599319710607e-01,1.000008120304591852e+00,-2.476812933566192865e-01,2.000008120312819937e+00,-2.476829880279325102e-01,2.477245306920844714e-01,-3.555044331494346040e-06,-1.148108324369257602e-05,1.228933423690268842e-05,1.000004060156409968e+00
6.376599477413050221e-03,-2.476718330753751862e-01,-2.476789791747720793e-01,1.000008683942039234e+00,-2.476909169695919732e-01,2.000008683950837973e+00,-2.476927107223398927e-01,2.477292337322783145e-01,-3.900048117498170448e-06,-6.913535795882936450e-06,5.984530420562941342e-06,1.000004341975419209e+00
6.384227305609803220e-03,-2.476718420384292074e-01,-2.476775996066918617e-01,1.000008555956435785e+00,-2.476872848020621187e-01,2.000008555965104851e+00,-2.476846228535891925e-01,2.477293486126876942e-01,-1.205664016115385019e-06,-3.981880778718545978e-06,4.239040027569257834e-06,1.000004277982552647e+00
6.393527354027306146e-03,-2.476718529664197754e-01,-2.476697001258366393e-01,1.000003430808042992e+00,-2.476643778105769855e-01,2.000003430811519767e+00,-2.476630292366668040e-01,2.477219962916661355e-01,5.357752157783442543e-06,-6.231648812407023059e-07,7.061084997388784454e-06,1.000001715405759883e+00
6.401610495551043195e-03,-2.476718624644893563e-01,-2.476737225626111927e-01,9.999991469814968337e-01,-2.476586765127044010e-01,1.999999146980632414e+00,-2.476582508229935586e-01,2.477232026292199019e-01,1.751399416079588522e-05,7.724192845464350105e-06,1.649805549174337228e-05,9.999995734903162070e-01
6.410128822792230362e-03,-2.476718724739196131e-01,-2.476720578530871575e-01,1.000002592439189320e+00,-2.476806663943695308e-01,2.000002592441815885e+00,-2.476845080003792221e-01,2.477219622980696145e-01,-8.179772788242002380e-06,-1.053087634515123382e-05,1.280012991341324625e-05,1.000001296220907943e+00
6.416151722189464626e-03,-2.476718795511047566e-01,-2.476708010744450017e-01,1.000005426172001721e+00,-2.476866731382873499e-01,2.000005426177499324e+00,-2.476866836971290675e-01,2.477207340683030834e-01,-1.607136604918867401e-05,-1.112965737604630126e-05,1.628600160276174615e-05,1.000002713088749884e+00
6.425223082000532972e-03,-2.476718902103736963e-01,-2.476733190092086645e-01,1.000004662558244162e+00,-2.476788117468471662e-01,2.000004662562968605e+00,-2.476777625601082611e-01,2.477236815675150083e-01,-7.129326962079782721e-06,-2.645348559303999246e-06,5.065661851768427704e-06,1.000002331281484302e+00
6.434766974426756048e-03,-2.476719014248912887e-01,-2.476779275020639381e-01,1.000005366324175471e+00,-2.476726739439620018e-01,2.000005366329613121e+00,-2.476728241114712348e-01,2.477274193360484711e-01,5.089136090673256044e-06,3.169985445406467996e-06,5.109415801958631851e-06,1.000002683164806561e+00
6.442541627024974890e-03,-2.476719105604702209e-01,-2.476755700887668110e-01,1.000005818637467625e+00,-2.476740441206393972e-01,2.000005818643363575e+00,-2.476733815559513663e-01,2.477265935802090979e-01,4.231573918266835605e-06,8.745772809536416987e-07,3.407268783120947327e-06,1.000002909321681566e+00
6.451005840552595516e-03,-2.476719205063151186e-01,-2.476655051963852772e-01,1.000002493301612505e+00,-2.476704483560437375e-01,2.000002493304139151e+00,-2.476703898981937602e-01,2.477210046803619004e-01,-4.362503556707634124e-06,-1.018255535041454529e-05,1.018393475717531867e-05,1.000001246652069575e+00
6.460517448485575756e-03,-2.476719316828969175e-01,-2.476669944278602487e-01,1.000000420076424534e+00,-2.476754384103624085e-01,2.000000420076850194e+00,-2.476759910899229700e-01,2.477168710204836199e-01,-8.642968286250553647e-06,-6.005676444236885092e-06,9.084635296660643712e-06,1.000000210038425097e+00
6.470563011463933457e-03,-2.476719434869013858e-01,-2.476721539741024158e-01,1.000006545505109257e+00,-2.476783975063333587e-01,2.000006545511741507e+00,-2.476794269256204772e-01,2.477219866407443516e-01,-1.126787415724829871e-05,-2.818937698867804712e-06,1.128510201400137861e-05,1.000003272755870976e+00
6.480527163498508818e-03,-2.476719551952443199e-01,-2.476723092135962589e-01,1.000010251651050064e+00,-2.476871162255067094e-01,2.000010251661437977e+00,-2.476876483037537269e-01,2.477220198729349621e-01,-1.125396910838567985e-05,-1.085364052963078596e-05,1.168057814533460877e-05,1.000005125830718988e+00
6.490569778118951937e-03,-2.476719669957844205e-01,-2.476765488141773330e-01,1.000007235201823441e+00,-2.476907001043929801e-01,2.000007235209154910e+00,-2.476918608660698684e-01,2.477261837767551489e-01,-1.615615732827201510e-05,-2.112899273831170662e-05,2.061536142919354509e-05,1.000003617604577233e+00
6.500000000000001436e-03,-2.476719780767331069e-01,-2.476735147762326450e-01,1.000004954438698412e+00,-2.476847773133254993e-01,2.000004954443718397e+00,-2.476835933002350942e-01,2.477240436160640935e-01,-8.477300895214120286e-06,-5.630391866755528243e-07,7.341866153566260476e-06,1.000002477221859198e+00
6.504634177282364593e-03,-2.476719835221066479e-01,-2.476725329087991478e-01,1.000004102051963883e+00,-2.476769600071150323e-01,2.000004102056120558e+00,-2.476752885247848479e-01,2.477225521319455781e-01,-4.168343482807053356e-06,2.875364556865318056e-06,3.690417973922845930e-06,1.000002051028060279e+00
6.513146754710757470e-03,-2.476719935247823356e-01,-2.476716204816143685e-01,1.000002163839419866e+00,-2.476687819716225647e-01,2.000002163841612113e+00,-2.476684386257653470e-01,2.477212152000186907e-01,-7.757592015040508505e-07,2.802571897000420639e-06,1.648855871122256831e-06,1.000001081920806056e+00
6.521486371405503524e-03,-2.476720033242212626e-01,-2.476720959394312915e-01,1.000002934686437639e+00,-2.476747533175010230e-01,2.000002934689411482e+00,-2.476754559199316197e-01,2.477215888207500993e-01,-5.030206933490431422e-06,-7.364151063757759679e-06,7.179855975332299213e-06,1.000001467344705741e+00
6.530615099212853242e-03,-2.476720140509015011e-01,-2.476715055482845151e-01,1.000004834343908744e+00,-2.476731092849599469e-01,2.000004834348807492e+00,-2.476725578457561194e-01,2.477211279696827917e-01,-1.148614393450998365e-06,-1.714933099310422100e-06,1.545227159529564990e-06,1.000002417174403746e+00
6.540618573057988862e-03,-2.476720258054490031e-01,-2.476739769618926668e-01,1.000005334858616424e+00,-2.476756455837729465e-01,2.000005334864022544e+00,-2.476757649186439592e-01,2.477234424798861745e-01,1.815001448217372528e-06,-5.233309128459917306e-06,5.729519766270316027e-06,1.000002667432011272e+00
6.550703765028907145e-03,-2.476720376560190839e-01,-2.476692014141700648e-01,1.000005348226418178e+00,-2.476785845305782829e-01,2.000005348231837399e+00,-2.476795037131646338e-01,2.477202550616824928e-01,-1.041614300108603962e-05,-1.154641067358245391e-05,1.143917797719649612e-05,1.000002674115918699e+00
6.560136612482190231e-03,-2.476720487400533854e-01,-2.476765279533290620e-01,1.000004536639116592e+00,-2.476841446488468323e-01,2.000004536643713582e+00,-2.476845998619507661e-01,2.477268161841826299e-01,-5.628151485471115327e-06,-3.502120917588810996e-06,4.786745144384788981e-06,1.000002268321856791e+00
6.570382341972660738e-03,-2.476720607792643469e-01,-2.476780060553757379e-01,1.000005685201895478e+00,-2.476746758766776579e-01,2.000005685207656203e+00,-2.476739708393170258e-01,2.477274723782494914e-01,-1.732016067468831301e-06,-3.432458006278996651e-06,3.644292350605839871e-06,1.000002842603828102e+00
6.580398226730160144e-03,-2.476720725483953223e-01,-2.476682666327264248e-01,1.000003514046220898e+00,-2.476733282273123615e-01,2.000003514049781383e+00,-2.476727639355558175e-01,2.477226779943720869e-01,-7.883591916861026040e-06,-3.321895155013911472e-06,7.526485900923263321e-06,1.000001757024890914e+00
6.590002548047017676e-03,-2.476720838339201425e-01,-2.476775090056251849e-01,1.000000399289892039e+00,-2.476678213386509508e-01,2.000000399290296826e+00,-2.476670858096986227e-01,2.477281541757518357e-01,8.584046656009516568e-06,-9.335970674256209238e-07,1.023371257043918788e-05,1.000000199645148413e+00
6.599182805250096082e-03,-2.476720946211500574e-01,-2.476716910099010238e-01,1.000003801675051651e+00,-2.476650977274081900e-01,2.000003801678903681e+00,-2.476648199868288214e-01,2.477241298033615036e-01,6.761843731476393060e-06,-7.541155067962964292e-06,8.544126211478529111e-06,1.000001900839452063e+00
6.608183789020649276e-03,-2.476721051977251453e-01,-2.476679311671705352e-01,1.000004508455612173e+00,-2.476638292226834570e-01,2.000004508460179853e+00,-2.476631367404024120e-01,2.477184187717628439e-01,-5.008385960027443953e-06,-7.695747229065715331e-06,7.072717070764570417e-06,1.000002254230090148e+00
6.613479569816394822e-03,-2.476721114205129581e-01,-2.476688349637132525e-01,1.000002629254709952e+00,-2.476646910532235013e-01,2.000002629257373599e+00,-2.476651874248624596e-01,2.477190408457185800e-01,-3.925916587071276234e-06,-3.787917082134363675e-06,3.083993635874104041e-06,1.000001314628687021e+00
6.622136772715118275e-03,-2.476721215931287912e-01,-2.476744188223734822e-01,1.000004740522249413e+00,-2.476712477931038436e-01,2.000004740527052682e+00,-2.476722112718782731e-01,2.477243246712158564e-01,1.778792226382754267e-06,-3.098722504609790004e-06,4.379854224359930720e-06,1.000002370263526341e+00
6.631114529195654764e-03,-2.476721321424096844e-01,-2.476769289770218985e-01,1.000008138897548804e+00,-2.476867301836097601e-01,2.000008138905795985e+00,-2.476888817038741530e-01,2.477263950847308493e-01,-1.609358693783139238e-05,-1.469301066526140688e-05,1.663936009738462737e-05,1.000004069452897992e+00
6.640526731842588161e-03,-2.476721432021847524e-01,-2.476705135095107757e-01,1.000005934894117265e+00,-2.476773896978734235e-01,2.000005934900131344e+00,-2.476755561707032760e-01,2.477227301190318698e-01,-5.767313318093733577e-06,-9.197608712822003213e-06,8.385689757900069950e-06,1.000002967450065672e+00
6.651112344408220516e-03,-2.476721556407718294e-01,-2.476698761594154641e-01,1.000001931683438539e+00,-2.476673446543591339e-01,2.000001931685395640e+00,-2.476665713498523713e-01,2.477194476962486236e-01,7.042780350773823059e-07,-2.572421313543490485e-06,2.207325394595689500e-06,1.000000965842697820e+00
6.661139710860845831e-03,-2.476721674233943182e-01,-2.476661238111778074e-01,1.000004318639525325e+00,-2.476689160872916629e-01,2.000004318643901602e+00,-2.476695145450472924e-01,2.477164664278015682e-01,-7.550743672213870314e-06,-2.880059351760317312e-06,7.475840962678463863e-06,1.000002159321950579e+00
6.670917065659669708e-03,-2.476721789122413031e-01,-2.476787148161433694e-01,1.000007157282034376e+00,-2.476781143659098905e-01,2.000007157289286575e+00,-2.476786115630900398e-01,2.477284752827274283e-01,-3.239533097731756590e-06,-8.632759513645254186e-06,8.958824164284515487e-06,1.000003578644643287e+00
6.682729016603339463e-03,-2.476721927918323074e-01,-2.476740422514832618e-01,1.000008808084242196e+00,-2.476753429255481587e-01,2.000008808093167723e+00,-2.476770303988275745e-01,2.477243545805642155e-01,-8.841872777258517663e-06,-1.113764142669769598e-05,1.122054907927827174e-05,1.000004404046583639e+00
6.693918854791161555e-03,-2.476722059404136977e-01,-2.476744141097775853e-01,1.000002078619158352e+00,-2.476842425997279606e-01,2.000002078621264445e+00,-2.476835168692823330e-01,2.477239939772371002e-01,-5.862423848157015434e-06,-5.250458746680600314e-06,5.732665476181977294e-06,1.000001039310632223e+00
6.702319962621168525e-03,-2.476722158121075490e-01,-2.476724982285751775e-01,1.000001768160422966e+00,-2.476775961042255447e-01,2.000001768162214422e+00,-2.476769578367660485e-01,2.477226562245330443e-01,-6.590810634252063345e-06,-2.674597084381932865e-06,6.610626556016969514e-06,1.000000884081107211e+00
6.711396988949337901e-03,-2.476722264780369387e-01,-2.476693171535584159e-01,1.000002674518325918e+00,-2.476756122190352516e-01,2.000002674521036194e+00,-2.476771031306624349e-01,2.477194490527956927e-01,-9.930646005201231486e-06,-1.156961694540112865e-05,1.137360557056464860e-05,1.000001337260517875e+00
6.721186671874298905e-03,-2.476722379813704189e-01,-2.476760469403173071e-01,1.000003711599716683e+00,-2.476974732614338481e-01,2.000003711603477896e+00,-2.476986931785595536e-01,2.477255604665317690e-01,-1.615691697753109338e-05,-6.530684961424819185e-06,1.536053246795235120e-05,1.000001855801738726e+00
6.730985368359718689e-03,-2.476722494952960929e-01,-2.476729173982200882e-01,1.000006130002474736e+00,-2.476822163197544835e-01,2.000006130008686434e+00,-2.476808311220454473e-01,2.477233126029709243e-01,-3.144130881326210808e-06,-2.309682529458869652e-06,2.398077172718245560e-06,1.000003065004343217e+00
6.741641165276863849e-03,-2.476722620163533395e-01,-2.476733358708906318e-01,1.000003817200777023e+00,-2.476800169031731225e-01,2.000003817204644818e+00,-2.476783808903160189e-01,2.477228554041322750e-01,-6.482253343187937570e-07,-3.106431346782085018e-06,2.938918097789675093e-06,1.000001908602322409e+00
6.751255838147432811e-03,-2.476722733140434840e-01,-2.476710736373207156e-01,1.000003206372355180e+00,-2.476642291759640624e-01,2.000003206375604137e+00,-2.476645458130633803e-01,2.477212410432463874e-01,-5.291743726086309156e-07,-3.681483340600447628e-06,4.042182189708131087e-06,1.000001603187802068e+00
6.761398435365769538e-03,-2.476722852320685786e-01,-2.476654742980537727e-01,1.000004041243861330e+00,-2.476794201718134913e-01,2.000004041247955833e+00,-2.476799640274850445e-01,2.477167813802109153e-01,-1.162885057230504580e-05,-7.542494992070076558e-06,1.141792727163913455e-05,1.000002020623978138e+00
6.770472514801759850e-03,-2.476725445118840019e-01,-2.476690752598891543e-01,1.000005258442010270e+00,-2.476792594850051876e-01,2.000005258447338896e+00,-2.476793329398468690e-01,2.477192284273952994e-01,-7.119346781507914774e-06,-1.253048313483675393e-05,1.255774700035257438e-05,1.000002629223669226e+00
6.780037657991809519e-03,-2.476766779893644077e-01,-2.476770712438486344e-01,1.000008876207131969e+00,-2.476837090675875486e-01,2.000008876216126108e+00,-2.476840815366432302e-01,2.477273600125860231e-01,-5.217762182206922180e-06,-4.651760578126359545e-06,4.916944557212939049e-06,1.000004438108063054e+00
6.785145270904222904e-03,-2.476782741049288195e-01,-2.476772757455038831e-01,1.000010012845907958e+00,-2.476871465842397091e-01,2.000010012856053621e+00,-2.476882894432168303e-01,2.477268276957684257e-01,-9.426110013369427549e-06,-8.644850476788610910e-06,1.082796885860626958e-05,1.000005006428026810e+00
6.796198541009642290e-03,-2.476807234327295104e-01,-2.476774135916213204e-01,1.000006082071733804e+00,-2.476974376663745314e-01,2.000006082077896430e+00,-2.476978175482747457e-01,2.477271680130716247e-01,-1.536130105459734924e-05,-1.206271600929661282e-05,1.485414367865298538e-05,1.000003041038948437e+00
6.810024266159821205e-03,-2.476825169197915677e-01,-2.476880921428377680e-01,1.000000507643692416e+00,-2.476954191515624015e-01,2.000000507644206671e+00,-2.476953794666581499e-01,2.477386319923667868e-01,-1.235202549960539724e-05,-4.292492915436350516e-06,1.249840179548585080e-05,1.000000253822103335e+00
6.820676323565383163e-03,-2.476833235673542577e-01,-2.476787024840102214e-01,9.999990659417693495e-01,-2.476791323097003450e-01,1.999999065940822884e+00,-2.476772640431870176e-01,2.477329324358140128e-01,-5.761786987251475567e-06,1.128135367354894858e-06,4.591762635049094778e-06,9.999995329704114422e-01
6.831290644991761668e-03,-2.476838297548889789e-01,-2.476840503722179399e-01,9.999931716246648339e-01,-2.476688728079382285e-01,1.999993171617745702e+00,-2.476687981008094397e-01,2.477335179025472178e-01,9.372370273184595047e-06,6.693612690759389428e-06,9.937057174665141923e-06,9.999965858088728510e-01
6.841760672363182173e-03,-2.476841453847344332e-01,-2.476792834006858457e-01,9.999948886130491932e-01,-2.476760991676664747e-01,1.999994888607870003e+00,-2.476762360674713004e-01,2.477298265823613677e-01,6.446120144407850824e-06,4.625629786739221396e-06,6.599306994930670071e-06,9.999974443039348904e-01
6.851536641634283116e-03,-2.476843349443043907e-01,-2.476841993295653688e-01,9.999952503094282630e-01,-2.476730043624368882e-01,1.999995250304615446e+00,-2.476738612398075579e-01,2.477338869938402466e-01,1.142178151998364416e-05,6.033755489691649353e-06,1.014913807314486243e-05,9.999976251523077231e-01
6.860572251438973486e-03,-2.476844512029716672e-01,-2.476846857280493308e-01,9.999959180467823394e-01,-2.476931876325933479e-01,1.999995918042646093e+00,-2.476954305775318499e-01,2.477344079090992857e-01,-6.377127833106217889e-06,6.899715816747049147e-06,7.157126448167754728e-06,9.999979590213231573e-01
6.870000778501404205e-03,-2.476845324471594056e-01,-2.476880662076016704e-01,9.999953131278231933e-01,-2.476917423281276287e-01,1.999995313123074103e+00,-2.476908912870717239e-01,2.477379801976970775e-01,3.705645694086134876e-06,7.812678285957623761e-06,8.148587403698462039e-06,9.999976565615370516e-01
6.880004255632237928e-03,-2.476845889861327976e-01,-2.476776711790084906e-01,9.999928561090266621e-01,-2.476707053654389756e-01,1.999992856101788119e+00,-2.476685644863453328e-01,2.477328053011323139e-01,4.251195999118987425e-06,8.335135261095444459e-06,8.287662153830588338e-06,9.999964280508939485e-01
6.891099619465733406e-03,-2.476846286867781521e-01,-2.476827361113820014e-01,9.999911356729273004e-01,-2.476832136170052379e-01,1.999991135663945485e+00,-2.476837761760131151e-01,2.477323799178545172e-01,-1.812843004148359744e-07,5.058451780964100452e-06,5.199363761201629287e-06,9.999955678319725205e-01
6.900972185567234331e-03,-2.476846510256269229e-01,-2.476814714328012812e-01,9.999955013711914198e-01,-2.476774726737474008e-01,1.999995501366633066e+00,-2.476778252278486192e-01,2.477311141210589984e-01,-8.014800384164906329e-07,5.118517549523782536e-06,4.802974655819221969e-06,9.999977506833165330e-01
6.911711995370808416e-03,-2.476846665625379862e-01,-2.476822266908313974e-01,9.999963952712057624e-01,-2.476820278444424317e-01,1.999996395267553018e+00,-2.476816104972399124e-01,2.477317776738547084e-01,4.686995652651051631e-06,5.203943925728575649e-06,5.250509206488845268e-06,9.999981976337766199e-01
6.921504076317638171e-03,-2.476846756056082510e-01,-2.476791691092381509e-01,9.999953341059003575e-01,-2.476824684030997370e-01,1.999995334101172473e+00,-2.476825635346247279e-01,2.477294945338851528e-01,-1.302640932930306943e-06,4.998392907793055849e-06,5.779251273188151049e-06,9.999976670505862364e-01
6.930525833292404576e-03,-2.476846811263758996e-01,-2.476774519453773804e-01,9.999953146998542541e-01,-2.476702381942589848e-01,1.999995314695106829e+00,-2.476679444842400935e-01,2.477273097672525459e-01,1.774366872267773974e-05,1.410406089611326336e-05,1.931445063124277199e-05,9.999976573475534147e-01
6.940000741432065905e-03,-2.476846849995006927e-01,-2.476869478728960516e-01,9.999965481993188243e-01,-2.476720877463680914e-01,1.999996548195821289e+00,-2.476732605732956394e-01,2.477375661641112448e-01,9.058597495202910015e-06,2.340756233983484924e-06,7.584055370896462869e-06,9.999982740979106444e-01
6.944752282846657770e-03,-2.476846864144019167e-01,-2.476848925158108283e-01,9.999976932480598713e-01,-2.476744776758799949e-01,1.999997693245722408e+00,-2.476738044938730510e-01,2.477354542322077469e-01,6.527212213860904059e-06,2.638003070933833817e-06,6.649860294515076313e-06,9.999988466228612038e-01
6.954018489254251006e-03,-2.476846884531114512e-01,-2.476800695927954266e-01,9.999977019315910987e-01,-2.476708689079780978e-01,1.999997701929262295e+00,-2.476721632123906613e-01,2.477306753771416348e-01,7.255146125952663599e-06,5.296562568465187093e-06,6.840964660198141696e-06,9.999988509646311474e-01
6.970001086551450009e-03,-2.476846904949273342e-01,-2.476835793463191826e-01,9.999940328425959146e-01,-2.476824701039915810e-01,1.999994032836549307e+00,-2.476832259102644540e-01,2.477334200950618570e-01,2.618739950671045851e-07,-8.430908380720507765e-07,1.980274334877810930e-06,9.999970164182746535e-01
6.980008927430744400e-03,-2.476846912019034508e-01,-2.476817576236697016e-01,9.999963777563345424e-01,-2.476867888922179850e-01,1.999996377752664145e+00,-2.476868795961009173e-01,2.477317670636892122e-01,-1.085690635735382287e-05,-2.499991219273688001e-06,1.167005261697242467e-05,9.999981888763320725e-01
6.990107501115910664e-03,-2.476846916538862908e-01,-2.476805060775467693e-01,9.999949336672978584e-01,-2.476912832231821238e-01,1.999994933662164298e+00,-2.476914510261922775e-01,2.477300736122869940e-01,-6.153078183297320169e-06,-2.609922492876058702e-06,5.435871604477509562e-06,9.999974668310821491e-01
6.996294286693401782e-03,-2.476846918426220123e-01,-2.476802105787515862e-01,9.999944604814793303e-01,-2.476775459031625992e-01,1.999994460475866376e+00,-2.476742784111386764e-01,2.477297124913666881e-01,9.023596867151396187e-06,6.900433155138357882e-06,1.202485771740786975e-05,9.999972302379330769e-01
7.003263287314505543e-03,-2.476846919981919026e-01,-2.476799537735978607e-01,9.999952449518424435e-01,-2.476616247234321999e-01,1.999995244947024409e+00,-2.476627463541729857e-01,2.477294548178648748e-01,1.784735967681225658e-05,1.193594254033290182e-05,1.528683640679350813e-05,9.999976224735120933e-01
7.011161472134523447e-03,-2.476846921205595464e-01,-2.476801377892102474e-01,9.999963106475091568e-01,-2.476804347855140476e-01,1.999996310643770814e+00,-2.476828806535324723e-01,2.477303229765917270e-01,-4.845787303820476393e-06,3.763408043782189924e-06,5.835758068074544014e-06,9.999981553218854069e-01
7.020044709177530526e-03,-2.476846922095379266e-01,-2.476883637690226458e-01,9.999969677481798103e-01,-2.476881218965063802e-01,1.999996967745107490e+00,-2.476885181772093825e-01,2.477387867810010025e-01,-6.313048885385299339e-07,5.546946997120626288e-06,5.759883829922733344e-06,9.999984838725537450e-01
7.029560376465208635e-03,-2.476846922657311989e-01,-2.476826410535808709e-01,9.999969959288081967e-01,-2.476818436728423223e-01,1.999996995925764187e+00,-2.476811067218644413e-01,2.477348620788015487e-01,-1.659684228610963734e-06,-3.804466522459867802e-06,4.840827614421652893e-06,9.999984979628820936e-01
7.034391653730290468e-03,-2.476846922832542652e-01,-2.476823936513032898e-01,9.999957236281779016e-01,-2.476808436682411130e-01,1.999995723623844812e+00,-2.476808237160429971e-01,2.477321701738197934e-01,-4.672682731777431718e-06,-2.457578951971086395e-06,4.968073757631290598e-06,9.999978618119224061e-01
7.041988632323536307e-03,-2.476846922999262623e-01,-2.476846449572988051e-01,9.999920136527091774e-01,-2.476787974581125262e-01,1.999992013644616762e+00,-2.476782714202127589e-01,2.477346989560535728e-01,-2.664179393941033216e-06,5.676650685439678653e-06,6.797011542522746426e-06,9.999960068223083809e-01
7.051742817230683899e-03,-2.476846923071059914e-01,-2.476887358139847339e-01,9.999929250374500755e-01,-2.476717766087400963e-01,1.999992925030281032e+00,-2.476714991810986533e-01,2.477383398849628549e-01,1.318363988845580974e-05,1.178530236567767343e-05,1.335631434487346024e-05,9.999964625151406272e-01
7.063507617129692953e-03,-2.476846923017238244e-01,-2.476810159698966674e-01,9.999929272396874680e-01,-2.476709509138216025e-01,1.999992927232520756e+00,-2.476707379678672882e-01,2.477324025377785899e-01,1.158688398745727202e-05,9.734467124729261802e-06,1.168252326001407477e-05,9.999964636162603782e-01
7.080089532279249670e-03,-2.476846922789293637e-01,-2.476896989180889519e-01,9.999924711532702792e-01,-2.476785328692876764e-01,1.999992471145641382e+00,-2.476800560261052664e-01,2.477399953267210297e-01,8.302282331939266866e-06,7.787941939096384932e-06,7.560967875770114463e-06,9.999962355728206909e-01
7.090203682886584736e-03,-2.476846922600329792e-01,-2.476822440189289931e-01,9.999952308447929150e-01,-2.476825489939404601e-01,1.999995230839960447e+00,-2.476823311797139437e-01,2.477352871097376896e-01,4.075145293355738628e-06,-1.786845059443751097e-06,3.765882454113237616e-06,9.999976154199802236e-01
7.097655313680520384e-03,-2.476846922446584720e-01,-2.476833010009085734e-01,9.999926310660448570e-01,-2.476764216307772160e-01,1.999992631058577830e+00,-2.476750283398502228e-01,2.477331073697511821e-01,1.002863815799207657e-05,8.244798504074850505e-06,1.144458327289395345e-05,9.999963155292890260e-01
7.104480915738133583e-03,-2.476846922298203135e-01,-2.476854462650512345e-01,9.999903685197543135e-01,-2.476708990828375145e-01,1.999990368509995120e+00,-2.476714877999127151e-01,2.477353388959271097e-01,1.437214786065946552e-05,1.297651937981886939e-05,1.369821157886549303e-05,9.999951842549975600e-01
7.117237352371299890e-03,-2.476846922007749641e-01,-2.476848416293131461e-01,9.999937708844195416e-01,-2.476793206749467180e-01,1.999993770878107702e+00,-2.476789865585004025e-01,2.477355342724339438e-01,3.667350697169370181e-06,6.449137780451664276e-06,6.430079484219081020e-06,9.999968854390539619e-01
7.130008401119275127e-03,-2.476846921706087890e-01,-2.476863751982943673e-01,9.999914943178050963e-01,-2.476837366879417746e-01,1.999991494309186546e+00,-2.476845281123409015e-01,2.477362713228776214e-01,3.480661168066094552e-06,2.499683274603991314e-06,3.489411178264242193e-06,9.999957471545932730e-01
7.139094308863173227e-03,-2.476846921487489694e-01,-2.476826329511997993e-01,9.999917544733707420e-01,-2.476781895325919081e-01,1.999991754465015648e+00,-2.476772362143288830e-01,2.477336582995118830e-01,6.237761368724336266e-06,7.449609739823491858e-06,7.957205915564544268e-06,9.999958772325078238e-01
7.148379476942853111e-03,-2.476846921261936230e-01,-2.476873123365089524e-01,9.999923582504295361e-01,-2.476812904317790831e-01,1.999992358242686397e+00,-2.476822143610233895e-01,2.477376145572656452e-01,6.688182692815531874e-06,5.003761674873399334e-06,6.654701783903404057e-06,9.999961791213431983e-01
7.157574285223546051e-03,-2.476846921037125226e-01,-2.476868039608637329e-01,9.999925766096690039e-01,-2.476781429395528145e-01,1.999992576602146910e+00,-2.476769018637492992e-01,2.477371016970349171e-01,1.477159163811929919e-05,7.455824130989120092e-06,1.602893696009789011e-05,9.999962883010734549e-01
7.165138256681640935e-03,-2.476846920851441258e-01,-2.476866258505276419e-01,9.999929630586200657e-01,-2.476740385798029409e-01,1.999992963051489880e+00,-2.476746988253795967e-01,2.477364315939855344e-01,1.377055598297025476e-05,8.500513354003915118e-06,1.253831217612196427e-05,9.999964815257448292e-01
7.170066770000033465e-03,-2.476795140631470604e-01,-2.476877517826912012e-01,9.999914525814675992e-01,-2.476770919621076039e-01,1.999991452572806638e+00,-2.476774712643516063e-01,2.477372200524404211e-01,8.340577968413568011e-06,9.628972863059578576e-06,9.927599479319492305e-06,9.999957262864033192e-01
7.180290564009275678e-03,-2.476795260765794759e-01,-2.476751957228834899e-01,9.999901979362112447e-01,-2.476717248296541329e-01,1.999990197926278856e+00,-2.476717562426019592e-01,2.477293464449520644e-01,5.329602289950983283e-06,7.637019177682982467e-06,7.452592098345525431e-06,9.999950989631395393e-01
7.190236449544915205e-03,-2.476795377634553597e-01,-2.476786309061744518e-01,9.999914790359194505e-01,-2.476753068138942415e-01,1.999991479027285246e+00,-2.476755093877849589e-01,2.477284345136089305e-01,9.586466254495986300e-06,1.280970511845615062e-05,1.303716648264749618e-05,9.999957395136426230e-01
7.200004790506002970e-03,-2.476795492417086797e-01,-2.476754347698559566e-01,9.999977121383913925e-01,-2.476810196685938770e-01,1.999997712136073025e+00,-2.476820588153290370e-01,2.477260567381610323e-01,-2.338036290182979477e-06,3.924421659397695489e-06,3.989868984015625904e-06,9.999988560680366234e-01
7.209999999999998528e-03,-2.476795609865428960e-01,-2.476734769498288302e-01,1.000000069486371101e+00,-2.476802963514272427e-01,2.000000069486441490e+00,-2.476794651547800930e-01,2.477232869852740160e-01,1.592304021779075983e-06,3.500780824247862073e-06,3.894888801233272983e-06,1.000000034743220745e+00
7.219313625363654729e-03,-2.476795719304843157e-01,-2.476831318935131809e-01,1.000000436883425659e+00,-2.476834667282853397e-01,2.000000436883868637e+00,-2.476845487388659173e-01,2.477338506606528434e-01,-5.190999135412157630e-06,9.647191198476352465e-07,6.354363715264777709e-06,1.000000218441934097e+00
7.230272505059857913e-03,-2.476795848076754070e-01,-2.476844869762049317e-01,1.000002360917464195e+00,-2.476938930491926205e-01,2.000002360919856503e+00,-2.476942926723323113e-01,2.477340120886814545e-01,-1.041796266252720973e-05,-3.682255180120030847e-06,1.041569201405318023e-05,1.000001180459928252e+00
7.240419362346141481e-03,-2.476795967307031665e-01,-2.476827478247530245e-01,9.999973874356850034e-01,-2.476815930585550829e-01,1.999997387433037677e+00,-2.476799707583977606e-01,2.477325672366016696e-01,-9.049549280062083242e-07,-2.810883652059130146e-06,2.150899790674164007e-06,9.999986937165188383e-01
7.250099713802041212e-03,-2.476796081055652743e-01,-2.476798905388572225e-01,9.999931272880054900e-01,-2.476774122340239248e-01,1.999993127281041616e+00,-2.476774589468479504e-01,2.477301971062696728e-01,-2.690008471591915938e-06,5.984520909863709734e-06,6.576548682717290199e-06,9.999965636405208080e-01
7.260001745237607169e-03,-2.476796197409115163e-01,-2.476798576706151778e-01,9.999938258606222430e-01,-2.476727854061290812e-01,1.999993825854366136e+00,-2.476722747348309994e-01,2.477294203856613697e-01,8.502769120846122322e-06,6.337561582975349837e-06,9.629889436855503402e-06,9.999969129271830681e-01
7.270502654869057287e-03,-2.476796320799666828e-01,-2.476792290155733767e-01,9.999961601926630195e-01,-2.476668897078395937e-01,1.999996160188772354e+00,-2.476666030352170922e-01,2.477287983567706964e-01,1.168518865769454943e-05,3.793538732232718993e-06,1.157997592213196836e-05,9.999980800943860659e-01
7.283442488639702700e-03,-2.476796472848718234e-01,-2.476718582663676727e-01,9.999974580641335375e-01,-2.476643803711621461e-01,1.999997458061557820e+00,-2.476648959216531387e-01,2.477221387988182422e-01,5.302735988380170158e-06,1.987504411295541696e-06,4.393557879448974841e-06,9.999987290307789101e-01
7.293789608067712676e-03,-2.476796594432168763e-01,-2.476775399452573745e-01,9.999992470044138937e-01,-2.476739114801897457e-01,1.999999247003650726e+00,-2.476744061628588234e-01,2.477270218323288364e-01,-6.175159260207928374e-07,6.702681932088467618e-07,1.019776930246980750e-06,9.999996235018254742e-01
7.302393997869114500e-03,-2.476796695537740733e-01,-2.476772483876739650e-01,1.000003435226733739e+00,-2.476788536136995678e-01,2.000003435230214510e+00,-2.476811203156026320e-01,2.477270480297853184e-01,1.539219283017534622e-06,7.674576190048111041e-07,1.237208874691208204e-07,1.000001717615107255e+00
7.311300671829844972e-03,-2.476796800195284476e-01,-2.476792338980671193e-01,1.000002279185982168e+00,-2.477029997493050140e-01,2.000002279188291876e+00,-2.477021042156025421e-01,2.477287967990511874e-01,-1.116315210364112740e-05,-3.911178556580919399e-06,1.093291856317071829e-05,1.000001139594145938e+00
7.321024013121619871e-03,-2.476796914449042875e-01,-2.476721183325047704e-01,1.000000092301039700e+00,-2.476673669207445083e-01,2.000000092301133403e+00,-2.476658065238111495e-01,2.477244962556009733e-01,-1.629292781727224560e-06,-4.724276232382916059e-07,1.068422217665107240e-06,1.000000046150566702e+00
7.331420362354282814e-03,-2.476797036610964287e-01,-2.476844941013676971e-01,9.999991882634963192e-01,-2.476811889054131022e-01,1.999999188262673755e+00,-2.476821110268196680e-01,2.477339617203394295e-01,-5.010757563840357333e-07,-1.162937937096802939e-06,8.901888551228131944e-07,9.999995941313368775e-01
7.342467255179297922e-03,-2.476797166417075702e-01,-2.476775688470317649e-01,1.000001773657053450e+00,-2.476809344584235406e-01,2.000001773658850901e+00,-2.476805717264584372e-01,2.477292426354870403e-01,-4.811389217859769316e-06,2.018098516433622757e-06,4.358077038010436896e-06,1.000000886829425228e+00
7.351540088504379331e-03,-2.476797273027084578e-01,-2.476768359810387898e-01,9.999975487390875273e-01,-2.476706843434324234e-01,1.999997548736603514e+00,-2.476690811929239677e-01,2.477266302954875266e-01,5.322483196266657723e-06,1.364259727100746870e-05,1.326606292384482155e-05,9.999987743683017571e-01
7.360425586243386602e-03,-2.476797377435802083e-01,-2.476799164986760171e-01,9.999967786839805139e-01,-2.476723684822654259e-01,1.999996778680716458e+00,-2.476739138242197713e-01,2.477297154984913208e-01,-1.565960683693881890e-06,1.989971219158397596e-06,2.841590463822124522e-06,9.999983893403582291e-01
7.370023627931495715e-03,-2.476797490217226838e-01,-2.476808596234283399e-01,9.999996057822123641e-01,-2.476804881121439372e-01,1.999999605781813017e+00,-2.476807694807020011e-01,2.477304678535360016e-01,8.317378578569788250e-07,2.298443405550122591e-06,2.597964996156842148e-06,9.999998028909065084e-01
7.381841410796686695e-03,-2.476797629081652352e-01,-2.476790247671953049e-01,9.999982769241265723e-01,-2.476712137884619636e-01,1.999998276922380525e+00,-2.476713619485563511e-01,2.477287711921283830e-01,6.078532994022935485e-06,5.534880429163358975e-06,5.772505711541133210e-06,9.999991384611902623e-01
7.394383459481238680e-03,-2.476797776456538258e-01,-2.476802624004429410e-01,9.999969064245664008e-01,-2.476856851611167754e-01,1.999996906421432019e+00,-2.476871089094118406e-01,2.477301930228854310e-01,-1.215549220946703822e-06,3.379662859890562464e-06,2.816345676005750640e-06,9.999984532107158985e-01
7.406000222907342147e-03,-2.476797912958891013e-01,-2.476803720578860946e-01,9.999974317084496800e-01,-2.476855042175353516e-01,1.999997431705847317e+00,-2.476832627612483573e-01,2.477304533424587174e-01,-2.924856349609205251e-06,1.111576988875569948e-06,2.190552895909034651e-06,9.999987158529236586e-01
7.415301116639288516e-03,-2.476798022248706543e-01,-2.476857630957982337e-01,9.999970065131212893e-01,-2.476771430877061919e-01,1.999997006510088049e+00,-2.476783497689447888e-01,2.477359173689931138e-01,3.646952654807641013e-07,4.080980080158254691e-07,3.631492962579009455e-07,9.999985032550440245e-01
7.424974568586238839e-03,-2.476798135916258581e-01,-2.476835608220543661e-01,9.999976599281944489e-01,-2.476887784763055211e-01,1.999997659925823124e+00,-2.476889576175723140e-01,2.477362330004835578e-01,-3.408331569136097126e-06,-2.949837484779447905e-06,3.268294885551092008e-06,9.999988299629115618e-01
7.437673440585656180e-03,-2.476798285133897659e-01,-2.476745617560625057e-01,9.999925973138855673e-01,-2.476738733534120662e-01,1.999992597306384567e+00,-2.476717426005568268e-01,2.477245954355818403e-01,9.209802193093620133e-06,7.787949438951226032e-06,1.083701182862425469e-05,9.999962986531922837e-01
7.445238128238285298e-03,-2.476798374022473326e-01,-2.476786870587070755e-01,9.999923620216073505e-01,-2.476711274194777768e-01,1.999992362013867986e+00,-2.476732197834881077e-01,2.477292320513923285e-01,9.620699098791534468e-06,8.568824617811437932e-06,8.026959050863344977e-06,9.999961810069339929e-01
7.453878714157172354e-03,-2.476798475553368406e-01,-2.476862187716698804e-01,9.999989142472780479e-01,-2.476913363859235273e-01,1.999998914246177817e+00,-2.476926085762355123e-01,2.477363548467904075e-01,-3.333174233248803366e-06,-3.449838340489524633e-07,3.777933541389275043e-06,9.999994571230889084e-01
7.469460870546330150e-03,-2.476798658650951335e-01,-2.476788844212841623e-01,9.999976546834600244e-01,-2.476798522774495692e-01,1.999997654681083592e+00,-2.476770579460164101e-01,2.477346770412106880e-01,5.329151220299459416e-06,3.979563685438934447e-06,6.883865197309550017e-06,9.999988273405417960e-01
7.481103148607734857e-03,-2.476798795453122315e-01,-2.476787726955722857e-01,9.999904721627382864e-01,-2.476597759885902916e-01,1.999990472153083898e+00,-2.476594238284953453e-01,2.477287103062915663e-01,1.896533499714489105e-05,1.358178336410767603e-05,1.856566103082520349e-05,9.999952360765420600e-01
7.490411589452381641e-03,-2.476798904831618853e-01,-2.476833120499796204e-01,9.999944615639299039e-01,-2.476768563119834954e-01,1.999994461558317838e+00,-2.476797522068701629e-01,2.477328844361639804e-01,2.282204348521709229e-06,6.982477532940010782e-06,5.849257037316154154e-06,9.999972307791589188e-01
7.500011104280412434e-03,-2.476799017630373634e-01,-2.476756399156381794e-01,9.999985711114389719e-01,-2.476809772522934605e-01,1.999998571109990797e+00,-2.476804527028287628e-01,2.477287989072960717e-01,5.012560815201805525e-06,-1.046260582142512228e-06,5.848021284383049770e-06,9.999992855549955095e-01
7.508926172221559031e-03,-2.476799122386553753e-01,-2.476826847094645567e-01,9.999966663674366707e-01,-2.476813933167260062e-01,1.999996666364058928e+00,-2.476817595989108667e-01,2.477332216149074062e-01,1.148173960282263839e-06,-1.174456329539334618e-07,7.135652991640240625e-07,9.999983331820294641e-01
7.515650899036421285e-03,-2.476799201405198159e-01,-2.476818879145868957e-01,9.999965425688212006e-01,-2.476783077329590133e-01,1.999996542565317892e+00,-2.476768986158618957e-01,2.477322959456789708e-01,2.883823144130575973e-06,5.643900725615168964e-06,6.593364768269968397e-06,9.999982712826588349e-01
7.523077491970286100e-03,-2.476799288671099053e-01,-2.476804938414312873e-01,9.999987037988591343e-01,-2.476731341573408518e-01,1.999998703797545740e+00,-2.476744135685262915e-01,2.477308409373116527e-01,6.544040603094075241e-06,8.172275123010391563e-06,7.468429275466145032e-06,9.999993518987728702e-01
7.531795279811103090e-03,-2.476799391109157644e-01,-2.476862366364012136e-01,9.999963647896881191e-01,-2.476843513813300757e-01,1.999996364786004621e+00,-2.476833215349180661e-01,2.477358181863875686e-01,8.010407982552228152e-06,4.455294633100359691e-06,7.042996778626318304e-06,9.999981823930023106e-01
7.541380703184281074e-03,-2.476799503742332098e-01,-2.476773900406879780e-01,9.999959102694350177e-01,-2.476738686011278612e-01,1.999995910265290888e+00,-2.476741254071494203e-01,2.477309271161080573e-01,-5.427576730429715487e-06,-2.072486487760269523e-06,5.163680301508351706e-06,9.999979551326454441e-01
7.550011133203124447e-03,-2.476799605153883477e-01,-2.476804824043171982e-01,9.999941865890411563e-01,-2.476685296437221295e-01,1.999994186583150535e+00,-2.476674098736263430e-01,2.477304175091175620e-01,8.939825225701715833e-06,4.541254346124935056e-06,1.099748188412160692e-05,9.999970932915752675e-01
7.558139828911861202e-03,-2.476799700669826687e-01,-2.476827627744031535e-01,9.999947137848864687e-01,-2.476713645535322805e-01,1.999994713779530198e+00,-2.476722653691472154e-01,2.477325632914070264e-01,8.298343172663177813e-06,6.604978916939874151e-06,7.519930127494017894e-06,9.999973568897649878e-01
7.570172206122598169e-03,-2.476799842055844303e-01,-2.476845501008354544e-01,9.999975896511238416e-01,-2.476829370753373394e-01,1.999997589648681462e+00,-2.476836945855974137e-01,2.477340671460493970e-01,4.126636324191603576e-06,2.921691032205051420e-06,4.135378465223809352e-06,9.999987948243407310e-01
7.580438414839606349e-03,-2.476799962688553958e-01,-2.476778249603682480e-01,9.999950050266290802e-01,-2.476861936805100084e-01,1.999995005021567573e+00,-2.476867535348529492e-01,2.477301633812654946e-01,-3.989929040700018527e-06,-2.120887200568517968e-06,4.464968807012174886e-06,9.999975025107838977e-01
7.589472388447329743e-03,-2.476800068841923663e-01,-2.476782052071003215e-01,9.999935735549253524e-01,-2.476772983353099367e-01,1.999993573548413561e+00,-2.476757531480562047e-01,2.477278423050544298e-01,7.862107589000160061e-06,7.147002452304169883e-06,9.442418540315556541e-06,9.999967867742067806e-01
7.596387090732760299e-03,-2.476800150092870190e-01,-2.476776277599697373e-01,9.999948500270254836e-01,-2.476742834935764248e-01,1.999994850021807213e+00,-2.476745039424982364e-01,2.477272212309687138e-01,6.891367751835890449e-06,7.332732867088649635e-06,6.930209006141465517e-06,9.999974250109036067e-01
7.604799766162595800e-03,-2.476800248945705829e-01,-2.476800900993232080e-01,9.999982029959316732e-01,-2.476757188572437651e-01,1.999998202994110796e+00,-2.476750836406925727e-01,2.477304293149466818e-01,4.062665700361855613e-06,4.371520584072329532e-06,4.703136267014736968e-06,9.999991014970553982e-01
7.612877931061179208e-03,-2.476800343867888721e-01,-2.476850161584482901e-01,9.999991800385253926e-01,-2.476750221306054378e-01,1.999999180037694613e+00,-2.476771438618122212e-01,2.477345752315393834e-01,5.037110357374473904e-06,3.220318604052130264e-06,3.038356453895797377e-06,9.999995900188473064e-01
7.621706656875073226e-03,-2.476800447609510958e-01,-2.476838920915768738e-01,9.999990783646568460e-01,-2.476962744233670299e-01,1.999999078363722926e+00,-2.476960518878656980e-01,2.477340089758915675e-01,-1.199972372703721085e-05,-6.230025418212051255e-07,1.156052007969273763e-05,9.999995391818614632e-01
7.630713255232285733e-03,-2.476800553441216579e-01,-2.476748386914103539e-01,9.999955764399786062e-01,-2.476647636766118321e-01,1.999995576435496414e+00,-2.476620908063922599e-01,2.477290935287256579e-01,2.420952790120903622e-06,9.410608676883705953e-06,1.051687725655352643e-05,9.999977882177480959e-01
7.640642761072159728e-03,-2.476800670117507430e-01,-2.476926306094970331e-01,9.999932072371559011e-01,-2.476896174651643801e-01,1.999993207230273073e+00,-2.476918592692830268e-01,2.477425523883699798e-01,6.736671202207185692e-06,1.628189186404671476e-05,1.584865889070196938e-05,9.999966036151364257e-01
7.650019750770772030e-03,-2.476800780301489646e-01,-2.476811894688075166e-01,9.999972124810062590e-01,-2.476777274611561552e-01,1.999997212478181519e+00,-2.476761503524941010e-01,2.477368034130010555e-01,3.917413104257687818e-06,1.715965065155564137e-06,3.268174605896820271e-06,9.999986062390907593e-01
7.658835296899769648e-03,-2.476800883888245208e-01,-2.476799416017192168e-01,9.999939988402403168e-01,-2.476759326933756777e-01,1.999993998834159514e+00,-2.476751081442130353e-01,2.477294946854443070e-01,3.891609903329908497e-06,3.703063677838166224e-06,4.762344675670712536e-06,9.999969994170797571e-01
7.669374738376459437e-03,-2.476801007731572191e-01,-2.476859268343219456e-01,9.999913090573749885e-01,-2.476790400763967115e-01,1.999991309048568588e+00,-2.476802970301072992e-01,2.477361741912544046e-01,9.165477240074063059e-06,1.429411317751005012e-05,1.458632109302344055e-05,9.999956545242842942e-01
7.675542815801787710e-03,-2.476801080209335704e-01,-2.476858151030645605e-01,9.999950700085551425e-01,-2.476809270888301884e-01,1.999995070003559805e+00,-2.476810084383176958e-01,2.477355579541182795e-01,8.752981373524496323e-06,8.422952610548725214e-06,8.511534861116368657e-06,9.999975350017799025e-01
7.684855764444536302e-03,-2.476801189640802647e-01,-2.476809564918418527e-01,9.999956917074187546e-01,-2.476771256856590830e-01,1.999995691703053247e+00,-2.476760344108074607e-01,2.477329437717663840e-01,5.808145875272692091e-06,2.457403983943896370e-06,5.452281027536586243e-06,9.999978458515266233e-01
7.695286891677521716e-03,-2.476801312211376893e-01,-2.476780276061563146e-01,9.999921034993494162e-01,-2.476701096992874052e-01,1.999992103491348150e+00,-2.476700159739662899e-01,2.477281124890442499e-01,9.330689928863900945e-06,5.685095995620556642e-06,1.034581945744722648e-05,9.999960517456739639e-01
7.708069329690215785e-03,-2.476801462410939680e-01,-2.476823750739868268e-01,9.999960011356352485e-01,-2.476696504428981538e-01,1.999996001131583379e+00,-2.476694069115098207e-01,2.477320780861646810e-01,8.699650840667142929e-06,3.757039769814824030e-06,7.777603141784373832e-06,9.999980005657916893e-01
7.719661602472550205e-03,-2.476801598625520406e-01,-2.476730500284346215e-01,9.999982528635946721e-01,-2.476658030513626818e-01,1.999998252861824533e+00,-2.476644323782080104e-01,2.477277762307256159e-01,1.275042299557460387e-05,4.525065050455318482e-06,1.392553341684116047e-05,9.999991264309122663e-01
7.724588274881152676e-03,-2.476801656516184336e-01,-2.476730008350921108e-01,9.999968243959982406e-01,-2.476636053675984328e-01,1.999996824392780592e+00,-2.476642359223216738e-01,2.477232825740283972e-01,7.888309771752251981e-06,3.079974420467425083e-06,5.872574305422260081e-06,9.999984121963902961e-01
7.732408006759463291e-03,-2.476801748401659120e-01,-2.476767317873803387e-01,9.999962069572166934e-01,-2.476751911653824467e-01,1.999996206953373434e+00,-2.476771630926899725e-01,2.477270263536270334e-01,-4.991867123613653213e-06,-9.692123414925527854e-07,4.477037402038882643e-06,9.999981034766867172e-01
7.741113870462730528e-03,-2.476801850699584251e-01,-2.476835909999738627e-01,1.000000881357331339e+00,-2.476849999628087662e-01,2.000000881358224625e+00,-2.476857204259370338e-01,2.477338912273424343e-01,3.629782010421138668e-07,-1.494571326870547232e-06,2.010251737980171061e-06,1.000000440679112090e+00
7.750620592060076912e-03,-2.476801962407960689e-01,-2.476903065428301964e-01,1.000002494062105285e+00,-2.476893794516236424e-01,2.000002494064632153e+00,-2.476906902632710628e-01,2.477397753229363120e-01,-7.731238102633668021e-06,-4.226417234692507391e-06,7.626093328909288247e-06,1.000001247032316298e+00
7.760567348949979488e-03,-2.476802079286966884e-01,-2.476732321072310783e-01,9.999969660890979384e-01,-2.476752344204241618e-01,1.999996966086023953e+00,-2.476723288732233241e-01,2.477326063646708987e-01,5.255596366022437768e-06,3.254726532510738045e-06,6.486147000970174450e-06,9.999984830430119764e-01
7.771205824939343178e-03,-2.476802204293983012e-01,-2.476683833116655187e-01,9.999907953630636781e-01,-2.476579509534140300e-01,1.999990795353737028e+00,-2.476572937517927397e-01,2.477190316917828594e-01,1.017630162541336706e-05,9.271018112765857860e-06,9.879585500785715969e-06,9.999953976768684027e-01
7.781324950432672721e-03,-2.476802323198405986e-01,-2.476734181390280454e-01,9.999981852087684864e-01,-2.476782391608406686e-01,1.999998185206929291e+00,-2.476799215347094685e-01,2.477233820495899630e-01,-3.571143432495134376e-06,-1.684752870547861840e-06,4.223747932453330043e-06,9.999990926034647565e-01
7.790648637274757982e-03,-2.476802432756042560e-01,-2.476771461870320434e-01,1.000006305852644273e+00,-2.476768972386755308e-01,2.000006305859033606e+00,-2.476769546001778288e-01,2.477271899795281396e-01,-2.351098664260981492e-06,-1.114052978058028907e-05,1.122547041807866859e-05,1.000003152929517025e+00
7.800275518780164404e-03,-2.476802545876365114e-01,-2.476831250572321674e-01,1.000005944061075347e+00,-2.476843341064332849e-01,2.000005944067098085e+00,-2.476849784091522122e-01,2.477331535172828669e-01,-2.970041781505704703e-06,-2.664249515590105817e-06,2.326702538777660305e-06,1.000002972033549264e+00
7.810082381945089580e-03,-2.476802661111556503e-01,-2.476839307309986471e-01,1.000001808795138780e+00,-2.476766839037992385e-01,2.000001808796971314e+00,-2.476758242563391887e-01,2.477334631431020173e-01,3.091529961889420290e-06,-1.303289530719996860e-06,3.463625160390571093e-06,1.000000904398485879e+00
7.820002345458791290e-03,-2.476802777675722600e-01,-2.476797089903691185e-01,9.999968553157559947e-01,-2.476821787554596421e-01,1.999996855312569766e+00,-2.476830784541188268e-01,2.477306836384312039e-01,-6.009088806309172995e-06,4.310285990802861288e-06,6.991473146573656128e-06,9.999984276562847718e-01
7.824449035484499701e-03,-2.476802829926387506e-01,-2.476750994057965172e-01,9.999950016576031331e-01,-2.476795737476509551e-01,1.999995001652538518e+00,-2.476781764076969039e-01,2.477284422014595089e-01,-1.871302600813307791e-06,4.119357930973068450e-06,3.833624844684190799e-06,9.999975008262692588e-01
7.833321515009296354e-03,-2.476802934182138760e-01,-2.476714147329933668e-01,9.999941261142135662e-01,-2.476715419696707277e-01,1.999994126108261661e+00,-2.476724966383163640e-01,2.477225858982948226e-01,3.707216390916256510e-06,1.853184833059026375e-06,3.330702703488735361e-06,9.999970630541308303e-01
7.846835706258057166e-03,-2.476803092980165988e-01,-2.476829593514013050e-01,1.000001008084084875e+00,-2.476886377945596296e-01,2.000001008085106502e+00,-2.476895809886794086e-01,2.477327720552454371e-01,-3.434552270615595153e-06,-3.316973208694504309e-06,4.322965270177309789e-06,1.000000504042553251e+00
7.856118094541408164e-03,-2.476803202052524355e-01,-2.476764786915836569e-01,1.000003388199187437e+00,-2.476912999825960637e-01,2.000003388202621135e+00,-2.476914821119401422e-01,2.477295525355321104e-01,-1.437017646203125766e-05,-1.096254553358297082e-05,1.552876126596922917e-05,1.000001694101310346e+00
7.863131148325840092e-03,-2.476803284459151155e-01,-2.476751307297666571e-01,9.999976951503829481e-01,-2.476860126660661854e-01,1.999997695148047594e+00,-2.476844195298933127e-01,2.477262102672310451e-01,-1.177631572462479616e-05,-6.020624648573516745e-06,8.585517375790409887e-06,9.999988475740237970e-01
7.871298828357554955e-03,-2.476803380433181823e-01,-2.476872025597598448e-01,9.999956443319956145e-01,-2.476708108610261028e-01,1.999995644327581923e+00,-2.476689176086138977e-01,2.477366707197923568e-01,1.301239212262796750e-05,6.465204873872379294e-06,1.405000649398509921e-05,9.999978221637910725e-01
7.880238300419778810e-03,-2.476803485476120614e-01,-2.476811108096752534e-01,1.000000090106528239e+00,-2.476665550753574530e-01,2.000000090106619943e+00,-2.476660232887592794e-01,2.477332386948886411e-01,9.614465866870033781e-06,3.697980721627822354e-06,8.875733124099153550e-06,1.000000045053309750e+00
7.889732770936994793e-03,-2.476803597040534988e-01,-2.476762163697681096e-01,9.999970898420191823e-01,-2.476748987773601529e-01,1.999997089839070430e+00,-2.476755864534245788e-01,2.477275236777949918e-01,-2.717542522334837322e-06,-4.835129459312152726e-06,5.261070804134828889e-06,9.999985449195352150e-01
7.894728765302507292e-03,-2.476803655745765664e-01,-2.476756226349660361e-01,9.999939789201895968e-01,-2.476779285757731708e-01,1.999993978914088588e+00,-2.476783233684627383e-01,2.477252829014952307e-01,-3.876761936579234034e-06,-1.343557998773405494e-06,3.694457566211987751e-06,9.999969894570442941e-01
7.903050631281681448e-03,-2.476803753531546526e-01,-2.476767628068022864e-01,9.999954352294141424e-01,-2.476806303940105591e-01,1.999995435224788842e+00,-2.476804783911919772e-01,2.477267975260355748e-01,-2.715006561306052303e-06,2.018625768463862259e-06,2.184763202687271474e-06,9.999977176123944211e-01
7.913179096339421903e-03,-2.476803872545701446e-01,-2.476794068256903680e-01,1.000000087426309969e+00,-2.476773557567006068e-01,2.000000087426398565e+00,-2.476774092893961055e-01,2.477293173555614736e-01,3.696903903927226632e-06,1.207212401522862688e-06,3.243315558336233793e-06,1.000000043713199283e+00
7.923841008206493688e-03,-2.476803997828103676e-01,-2.476763989208026762e-01,1.000000687382086806e+00,-2.476782484953327645e-01,2.000000687382783138e+00,-2.476782492382674228e-01,2.477266436712198261e-01,7.045608717362415542e-08,-2.399897202925229233e-06,1.954281181426926942e-06,1.000000343691391569e+00
7.938015730242924811e-03,-2.476804164387666207e-01,-2.476795063383094297e-01,9.999992608489790546e-01,-2.476782798298108046e-01,1.999999260848229765e+00,-2.476787311703541883e-01,2.477295993626860149e-01,-1.214171393874772479e-06,4.673926714594203005e-07,2.080328609430173442e-06,9.999996304241149936e-01
7.950006499999998782e-03,-2.476804305284781293e-01,-2.476815075745556760e-01,9.999988972085641636e-01,-2.476846767509130742e-01,1.999998897207446724e+00,-2.476852703940188583e-01,2.477313672755585283e-01,-6.564710192263141512e-06,-5.231435274509415204e-06,6.629995987789496538e-06,9.999994486037233621e-01
7.956881540541882805e-03,-2.476804386069693942e-01,-2.476833095789747752e-01,9.999973966018718130e-01,-2.476879909252385770e-01,1.999997396599233701e+00,-2.476883696354257314e-01,2.477330980062932841e-01,-5.299095852881815083e-06,-3.708933565993504287e-06,5.086473033299492462e-06,9.999986982996169615e-01
7.968185949592282435e-03,-2.476804518901749574e-01,-2.476825236697720034e-01,9.999970338942965054e-01,-2.476788472912394290e-01,1.999997033891291132e+00,-2.476769465802327319e-01,2.477325361961107975e-01,7.678546467703575153e-07,4.100934154272287214e-06,5.242932386530573580e-06,9.999985169456454548e-01
7.973529542283660718e-03,-2.476810016485476162e-01,-2.476784910592462474e-01,9.999958437745771755e-01,-2.476720736590937721e-01,1.999995843770365767e+00,-2.476717077234418252e-01,2.477308684106805381e-01,3.558824097680326890e-06,6.972583388673109388e-06,6.867344099909741624e-06,9.999979218851828833e-01
7.983476701225749109e-03,-2.476821628970342637e-01,-2.476736148761025935e-01,9.999939811350744279e-01,-2.476717936342935911e-01,1.999993981128975529e+00,-2.476723745476215044e-01,2.477250274627058879e-01,2.241838595791209030e-06,6.821716955849669801e-06,7.162858954567886922e-06,9.999969905644877644e-01
7.994313903174742747e-03,-2.476829692572050101e-01,-2.476857156627446654e-01,9.999971797839765086e-01,-2.476779832651026803e-01,1.999997179781118684e+00,-2.476779096346513054e-01,2.477357707929022379e-01,6.409580036389505993e-06,5.306630679973917795e-06,5.596465217438204071e-06,9.999985898905593418e-01
8.003951582882889992e-03,-2.476834278442399118e-01,-2.476812525318576874e-01,1.000002137242331335e+00,-2.476819121163584547e-01,2.000002137244496936e+00,-2.476833563472592703e-01,2.477312826515316868e-01,-4.576486632667445801e-06,-5.676034866514946488e-06,6.765803852839718479e-06,1.000001068622248468e+00
8.011796774893529399e-03,-2.476836824755984101e-01,-2.476826034247104347e-01,9.999963264706988042e-01,-2.476891931865339846e-01,1.999996326466976448e+00,-2.476889090224398682e-01,2.477320978139913032e-01,-9.640721209590694563e-06,-6.843930124728496013e-06,8.886649836570165522e-06,9.999981632334882242e-01
8.020257077532934320e-03,-2.476838752622322337e-01,-2.476805818248900837e-01,9.999939044517074382e-01,-2.476762126184021418e-01,1.999993904445530823e+00,-2.476747814244940893e-01,2.477306392964805370e-01,1.379267330028142184e-06,8.162670560912105977e-06,8.960361925926535944e-06,9.999969522227654117e-01
8.026439087515421789e-03,-2.476839774539070227e-01,-2.476845469753341245e-01,9.999950421428518421e-01,-2.476758929576134693e-01,1.999995042137828083e+00,-2.476767424118337391e-01,2.477348497940908834e-01,3.299919697805804609e-06,3.397394543044832262e-06,3.147278840595841333e-06,9.999975210689140415e-01
8.034068683033973243e-03,-2.476840710070948304e-01,-2.476862532309140608e-01,9.999952055008339835e-01,-2.476773952944305857e-01,1.999995205495975759e+00,-2.476759373054601421e-01,2.477362086784147543e-01,5.246855235909012929e-06,3.565938892466403417e-07,6.297528900284384183e-06,9.999976027479878793e-01
8.042365194409560603e-03,-2.476841430206184191e-01,-2.476832704937952934e-01,9.999952953306142645e-01,-2.476670577370228832e-01,1.999995295325847078e+00,-2.476686675425668338e-01,2.477333357021860860e-01,1.077438815996543678e-05,3.970792951953165018e-06,9.674565319175998797e-06,9.999976476629235389e-01
8.050958032370368958e-03,-2.476841946991187871e-01,-2.476880724158275759e-01,9.999926426551695169e-01,-2.476869771888844107e-01,1.999992642647714369e+00,-2.476876230616174845e-01,2.477375407496286708e-01,2.559510896972798224e-06,1.212063923643966947e-05,1.232128698313116389e-05,9.999963213238571846e-01
8.060681316981481090e-03,-2.476842340244072849e-01,-2.476782788955378956e-01,9.999923953701957968e-01,-2.476750699294099356e-01,1.999992395362490516e+00,-2.476739365661798364e-01,2.477326404433398133e-01,1.361910485584763234e-06,6.740136232398629155e-06,6.611976053464134907e-06,9.999961976812450359e-01
8.070132821850340213e-03,-2.476842592013241418e-01,-2.476845529761256270e-01,9.999917727741927109e-01,-2.476600851192631292e-01,1.999991772765856268e+00,-2.476582600309469862e-01,2.477347667184314206e-01,1.768431483425708260e-05,1.342265191855759385e-05,1.954336599415696711e-05,9.999958863829281341e-01
8.079730606489038056e-03,-2.476842760943721578e-01,-2.476857490448317600e-01,9.999941851445693919e-01,-2.476724758750675492e-01,1.999994185138677105e+00,-2.476748727372107828e-01,2.477353463348984930e-01,6.587059756128445901e-06,8.094137599884481811e-06,7.110909271347780116e-06,9.999970925693385526e-01
8.090005246231097083e-03,-2.476842878383819502e-01,-2.476865047822540411e-01,9.999950661402642327e-01,-2.476792010103816277e-01,1.999995066135265009e+00,-2.476789854738116470e-01,2.477361136213255821e-01,1.028021550252143260e-06,8.826031172198440196e-06,9.447027167965483209e-06,9.999975330676323937e-01
8.100609610679912823e-03,-2.476842955315853856e-01,-2.476806240137230664e-01,9.999919368429720512e-01,-2.476807366799018695e-01,1.999991936834801809e+00,-2.476794182833442770e-01,2.477323184236268905e-01,9.583102602222726154e-06,1.217464805101833594e-05,1.225403402888846990e-05,9.999959684174009045e-01
8.112546253792101911e-03,-2.476843008376699573e-01,-2.476815788850855460e-01,9.999915865405882842e-01,-2.476581003404746406e-01,1.999991586532062993e+00,-2.476595664449434409e-01,2.477311109776086373e-01,1.448767929501572704e-05,9.824547328956697740e-06,1.297765980089823454e-05,9.999957932660314963e-01
8.121713801484150771e-03,-2.476843033930095361e-01,-2.476810182103461322e-01,9.999945224164265012e-01,-2.476792005024602561e-01,1.999994522410876163e+00,-2.476808297936106684e-01,2.477313275348505539e-01,-1.181562126691240596e-06,2.263703733005640726e-06,2.079882174597608120e-06,9.999972612054380816e-01
8.131688482595546622e-03,-2.476843052206958995e-01,-2.476887972176867181e-01,9.999959001990457175e-01,-2.476834260876404903e-01,1.999995900194891485e+00,-2.476825533373501753e-01,2.477383141852591564e-01,6.437090947068615643e-06,3.465087925361460091e-06,6.693316533571650340e-06,9.999979500974457425e-01
8.144209770372296681e-03,-2.476843066220008049e-01,-2.476807847328977019e-01,9.999950321615012072e-01,-2.476706556999111741e-01,1.999995032156467456e+00,-2.476705961073783768e-01,2.477309511070925896e-01,7.547499506443806150e-06,2.217456605351861270e-06,8.052790002651983442e-06,9.999975160782337280e-01
8.156455066751276337e-03,-2.476843074088074248e-01,-2.476805732070362087e-01,9.999917810795605488e-01,-2.476672450701525030e-01,1.999991781071232655e+00,-2.476668369046710616e-01,2.477317821274558629e-01,1.141025506007085502e-05,6.133831278691408217e-06,1.111071342962890131e-05,9.999958905356163275e-01
8.170001470776695057e-03,-2.476843078925951291e-01,-2.476850697795542067e-01,9.999951659753297806e-01,-2.476836334663868877e-01,1.999995165970431588e+00,-2.476855109497691498e-01,2.477354490329864434e-01,-6.197438053819971698e-08,9.058990841901343982e-06,9.619140957079666166e-06,9.999975829852157938e-01
8.173557351620421713e-03,-2.476843079761691380e-01,-2.476824771638538869e-01,9.999951136346443281e-01,-2.476817150594692873e-01,1.999995113629693178e+00,-2.476795990031788741e-01,2.477333412665865819e-01,3.071422383883991879e-06,7.384174489312014391e-06,6.523518219364054347e-06,9.999975568148465888e-01
8.182427291238941747e-03,-2.476843081310114159e-01,-2.476755535960287191e-01,9.999967716281139563e-01,-2.476641669668085965e-01,1.999996771624842573e+00,-2.476640729106261984e-01,2.477274163844565280e-01,8.073701597080437699e-06,2.061999944301930635e-07,7.672454003952366503e-06,9.999983858124213976e-01
8.192367820532906256e-03,-2.476843082382396144e-01,-2.476911047635997898e-01,9.999952779049929852e-01,-2.476699190713373411e-01,1.999995277900208146e+00,-2.476713386475248024e-01,2.477411824193492818e-01,9.799264514950372824e-06,5.477121416524362748e-06,1.050355109553054740e-05,9.999976389501041840e-01
8.202437215473949370e-03,-2.476843082997647882e-01,-2.476924077995561746e-01,9.999985245912477172e-01,-2.476848403535599763e-01,1.999998524589752691e+00,-2.476852746906560709e-01,2.477429670152041796e-01,8.858621048032742370e-06,-7.733463526792914938e-07,7.267861526674288937e-06,9.999992622948763454e-01
8.211359678301019191e-03,-2.476843083282787572e-01,-2.476802730312357703e-01,9.999928312946229081e-01,-2.476824832357600870e-01,1.999992831287358941e+00,-2.476815545016733955e-01,2.477366685558930470e-01,-6.703504667342602118e-07,-7.150684191226612157e-07,7.570570853570037323e-07,9.999964156436794704e-01
8.220315517060339597e-03,-2.476843083405400325e-01,-2.476853689511386847e-01,9.999859056712171457e-01,-2.476738789290462428e-01,1.999985905656935348e+00,-2.476732338708285408e-01,2.477351370031413147e-01,5.295297910864894521e-06,1.339215033785536947e-05,1.430943215947023377e-05,9.999929528284677849e-01
8.230002541813720776e-03,-2.476843083414151936e-01,-2.476780663425937334e-01,9.999903842250681407e-01,-2.476564616796029239e-01,1.999990384215324823e+00,-2.476549235191579657e-01,2.477309665292794782e-01,1.710781337282025203e-05,9.890007094904560748e-06,1.778773390420593586e-05,9.999951921076624117e-01
8.239999999999999061e-03,-2.476843083333895024e-01,-2.476902970611670751e-01,9.999939988422774650e-01,-2.476755201795364236e-01,1.999993998836196551e+00,-2.476777796110539720e-01,2.477412900771371052e-01,1.071019676222036523e-05,9.957487193289757667e-06,1.046313382229984787e-05,9.999969994180982757e-01
8.250255748959496593e-03,-2.476843083190474193e-01,-2.476893651375276784e-01,9.999956044318080162e-01,-2.476933258931879600e-01,1.999995604427354134e+00,-2.476949062199678697e-01,2.477394063078075248e-01,-4.109533960436227339e-08,8.859847693658261879e-06,8.542888076149154379e-06,9.999978022136770672e-01
8.260089178644810723e-03,-2.476843083015396463e-01,-2.476829906278722182e-01,9.999920392039426398e-01,-2.476836199942669958e-01,1.999992039195876314e+00,-2.476816093667135177e-01,2.477352100164451898e-01,7.250041727292003915e-06,9.351417050386269644e-06,9.837720881510427661e-06,9.999960195979380462e-01
8.270612818093612054e-03,-2.476843082801876983e-01,-2.476777965063851616e-01,9.999879008312170248e-01,-2.476695728215353165e-01,1.999987900818957387e+00,-2.476699296319234134e-01,2.477288437321654713e-01,5.208461485488519609e-06,7.817606377318437022e-06,7.541736480182519000e-06,9.999939504094786935e-01
8.280813484190064494e-03,-2.476843082578310262e-01,-2.476854653348714019e-01,9.999921589857345694e-01,-2.476857473558505274e-01,1.999992158977789369e+00,-2.476867360924584205e-01,2.477355386991274278e-01,7.270225149845621722e-06,5.989002493344938290e-06,6.927224083103014183e-06,9.999960794888947957e-01
8.292767410666862862e-03,-2.476843082303370192e-01,-2.476885702200676831e-01,9.999971873826433155e-01,-2.476898944917860779e-01,1.999997187379793262e+00,-2.476888759716080191e-01,2.477380502457886546e-01,-2.448122938338757590e-07,3.261970592128518518e-06,3.622181956336592683e-06,9.999985936898966310e-01
8.304711761285808042e-03,-2.476843082020095121e-01,-2.476825438198753671e-01,9.999925563929354944e-01,-2.476785440598467114e-01,1.999992556385393305e+00,-2.476789364153587358e-01,2.477359566691150761e-01,5.670917544433239881e-06,1.000644384664720564e-05,1.016367973404510975e-05,9.999962781926965416e-01
8.320005771482874221e-03,-2.476843081650263456e-01,-2.476844938414750341e-01,9.999897061139598753e-01,-2.476721684124748857e-01,1.999989706103529219e+00,-2.476715566994504292e-01,2.477352478684943793e-01,1.294047977561891345e-05,1.350779986958637373e-05,1.358528461790476139e-05,9.999948530517646095e-01
8.330010796438636067e-03,-2.476843081405799840e-01,-2.476842160933381276e-01,9.999962774125487064e-01,-2.476850415725471155e-01,1.999996277408776724e+00,-2.476868945575073366e-01,2.477338961446212962e-01,2.119705702343933010e-06,2.518795438933321567e-06,1.141141462537610563e-06,9.999981387043883618e-01
8.340235958422547585e-03,-2.476843081154751214e-01,-2.476802577276045192e-01,9.999965696646719859e-01,-2.476794197768318884e-01,1.999996569661196100e+00,-2.476779161689119935e-01,2.477309875372384340e-01,6.579564411133305241e-07,1.745174882385962822e-06,2.519000038834850360e-06,9.999982848305980498e-01
8.350580167818099503e-03,-2.476843080899966409e-01,-2.476759505710247611e-01,9.999931805198123413e-01,-2.476645740733161294e-01,1.999993180512902313e+00,-2.476636947152010271e-01,2.477266421162423460e-01,1.182154486964953392e-05,1.273791123806476832e-05,1.304063114877254830e-05,9.999965902564511566e-01
8.360548477764470979e-03,-2.476843080653949591e-01,-2.476827517718810934e-01,9.999956351305504532e-01,-2.476777467446922842e-01,1.999995635126127658e+00,-2.476790012924867113e-01,2.477327675986007449e-01,9.349937989633286403e-06,7.858887642570497979e-06,8.443807079682830001e-06,9.999978175630638288e-01
8.370022050000001934e-03,-2.476836405865821822e-01,-2.476840673988735531e-01,9.999990040114338230e-01,-2.476792330283179300e-01,1.999999004010424519e+00,-2.476791878068827224e-01,2.477335349326041658e-01,-9.174885002663130651e-08,6.258359502535838050e-06,6.230155623519065749e-06,9.999995020052122596e-01
8.374277110363580537e-03,-2.476800206821959394e-01,-2.476786047383321421e-01,9.999992366694593349e-01,-2.476763604957203102e-01,1.999999236668686065e+00,-2.476758785951537478e-01,2.477312416854641486e-01,1.175445866699201286e-06,7.824055572576373271e-06,8.432115604641817594e-06,9.999996183343430323e-01
8.384918060065036163e-03,-2.476800331858043935e-01,-2.476778084342709518e-01,9.999953957851649422e-01,-2.476698389378459431e-01,1.999995395780499452e+00,-2.476698631600091904e-01,2.477278378547345117e-01,1.113971966812250386e-05,1.220406743607827580e-05,1.181806715103422726e-05,9.999976978902498370e-01
8.400018199021627718e-03,-2.476800509291690600e-01,-2.476784062207798010e-01,9.999985961620482255e-01,-2.476700047021965223e-01,1.999998596160625697e+00,-2.476699133177601153e-01,2.477285363399802653e-01,5.188625108616763431e-06,-7.260027281318752597e-07,4.355598747826297653e-06,9.999992980803128484e-01
8.410720793074172308e-03,-2.476800635052140154e-01,-2.476806332074813211e-01,9.999985130837523162e-01,-2.476729392345733416e-01,1.999998513082245744e+00,-2.476733511697488122e-01,2.477305526999326046e-01,3.254348625212929058e-07,-1.313521463862424633e-06,8.994624790832673372e-07,9.999992565411228718e-01
8.421919597584202541e-03,-2.476800766643292295e-01,-2.476857611732148357e-01,9.999980317028946963e-01,-2.476799038675943088e-01,1.999998031700900292e+00,-2.476796746218374590e-01,2.477354531157989481e-01,1.482223328591757648e-06,2.404694416852342679e-06,1.959350202589339925e-06,9.999990158504501458e-01
8.431738053799200591e-03,-2.476800882014714711e-01,-2.476861868543041301e-01,9.999969946003242072e-01,-2.476789705801573649e-01,1.999996994597278865e+00,-2.476798775307641753e-01,2.477358135191490285e-01,-2.023774454433086549e-06,-9.793371424893848680e-07,2.573919278063472292e-06,9.999984972986394327e-01
8.441335015794027008e-03,-2.476800994783479037e-01,-2.476814738183125142e-01,9.999934992351150465e-01,-2.476838350208145634e-01,1.999993499228527760e+00,-2.476830481027343656e-01,2.477325614207537829e-01,-2.904770264041258804e-06,6.465126385104751339e-06,7.030035381377096471e-06,9.999967496142638801e-01
8.453393135041880474e-03,-2.476801136471959708e-01,-2.476765318084588330e-01,9.999916148686582851e-01,-2.476697736352939661e-01,1.999991614860161526e+00,-2.476690706923516949e-01,2.477281025340259957e-01,1.015311270950390972e-05,1.111027133966099620e-05,1.164973944113167705e-05,9.999958074300809852e-01
8.463095880673421681e-03,-2.476801250483715300e-01,-2.476725907504420676e-01,9.999946012481952806e-01,-2.476626552972598649e-01,1.999994601242724768e+00,-2.476633682062669428e-01,2.477235433181438351e-01,1.746284553789689039e-05,1.026543386096777115e-05,1.568219315296004335e-05,9.999973006213623838e-01
8.471607631432093166e-03,-2.476801350500738852e-01,-2.476838092796045665e-01,9.999979837804489069e-01,-2.476787307410519279e-01,1.999997983778406097e+00,-2.476806711254554982e-01,2.477332767617714537e-01,-1.579243164580378440e-07,-2.261347367640193683e-06,2.681295765646009845e-06,9.999989918892030483e-01
8.480668599780222250e-03,-2.476801456971312598e-01,-2.476793263267245693e-01,1.000002809390494907e+00,-2.476821148596734801e-01,2.000002809393341519e+00,-2.476824691729268557e-01,2.477303963871540782e-01,-6.580491310381097023e-06,-4.496210029292694033e-06,6.558539844927368179e-06,1.000001404696670759e+00
8.490302390039004485e-03,-2.476801570172814104e-01,-2.476851940899583715e-01,9.999994904053813860e-01,-2.476890369563019834e-01,1.999999490404865021e+00,-2.476890511344203571e-01,2.477348268245758434e-01,-7.850962716232647708e-07,-8.056184961496760282e-06,7.632313280596332016e-06,9.999997452024325106e-01
8.500007546893933313e-03,-2.476801684212900090e-01,-2.476715927560298736e-01,9.999960849513117589e-01,-2.476669536395268434e-01,1.999996084947345043e+00,-2.476644546010140779e-01,2.477289422447515876e-01,5.828392363770169263e-06,1.491635881925583893e-06,6.230574134470534095e-06,9.999980424736724105e-01
8.510963633456708824e-03,-2.476801812952007797e-01,-2.476769957365448083e-01,9.999950971044003767e-01,-2.476705139451990390e-01,1.999995097099432462e+00,-2.476712657798918749e-01,2.477273294902466449e-01,6.639926674139836390e-06,7.718183828101744175e-06,8.060826560633852297e-06,9.999975485497161198e-01
8.526649782547640263e-03,-2.476801997271537714e-01,-2.476808682873730405e-01,1.000002970046213191e+00,-2.476810513775669631e-01,2.000002970049222561e+00,-2.476802054772513639e-01,2.477325072989213228e-01,3.205317963134296737e-06,2.426361387646920545e-06,3.347424020830809955e-06,1.000001485024611281e+00
8.538363199421455246e-03,-2.476802134909604491e-01,-2.476795999676701110e-01,9.999974134488657240e-01,-2.476792102134795504e-01,1.999997413446244821e+00,-2.476799161053667986e-01,2.477294570732977430e-01,1.909344142976451018e-06,2.534782325064190281e-06,2.469205998385828121e-06,9.999987067231224103e-01
8.548584588470315576e-03,-2.476802255015663479e-01,-2.476783877368008702e-01,9.999958206619151690e-01,-2.476771711140805798e-01,1.999995820657680445e+00,-2.476767055959064046e-01,2.477284776780213915e-01,2.644701287418474478e-06,3.420538001845659699e-06,3.206823231099980843e-06,9.999979103288401117e-01
8.560003161178787387e-03,-2.476802389189175779e-01,-2.476844998506988471e-01,9.999980119108108356e-01,-2.476856255687737152e-01,1.999998011908796336e+00,-2.476867547695207339e-01,2.477347835021685152e-01,-5.711691444214355000e-06,-3.137818168325111251e-06,6.467736600887599604e-06,9.999990059543981680e-01
8.564280403162387659e-03,-2.476802439448738125e-01,-2.476825814899205613e-01,9.999978754531986258e-01,-2.476820257792113900e-01,1.999997875451045903e+00,-2.476794514805623348e-01,2.477330344562259923e-01,-1.922156006122994126e-06,2.028925209578042423e-06,3.686595760059450982e-06,9.999989377255229517e-01
8.572457553442618464e-03,-2.476802535534049776e-01,-2.476783339968079423e-01,9.999978943568211820e-01,-2.476613249131540129e-01,1.999997894354687444e+00,-2.476614667816446902e-01,2.477291071076021811e-01,1.122496277388060981e-05,1.189298746164034128e-05,1.144684479713518224e-05,9.999989471773437222e-01
8.582893824955164369e-03,-2.476802658165059012e-01,-2.476835640361658153e-01,9.999951393744770378e-01,-2.476756442002112646e-01,1.999995139369551866e+00,-2.476759703853345929e-01,2.477330998472647983e-01,7.080085254188233023e-06,7.885441408493280006e-06,7.670263059130791205e-06,9.999975696847759332e-01
8.593732774463852184e-03,-2.476802785527745521e-01,-2.476815991324015920e-01,9.999970263694107908e-01,-2.476794767720218171e-01,1.999997026366397757e+00,-2.476799462116056338e-01,2.477312824760224963e-01,4.704585300307210657e-06,2.151322321316295257e-06,5.153249526174144401e-06,9.999985131831988783e-01
8.606532186114467659e-03,-2.476802935926779026e-01,-2.476800673669877495e-01,9.999948288138651442e-01,-2.476696980444081375e-01,1.999994828808625336e+00,-2.476676225088869365e-01,2.477307737862358694e-01,1.138308926046963225e-05,2.203236274861819612e-06,1.165553129994857502e-05,9.999974144043126678e-01
8.615557419986668089e-03,-2.476803041977451714e-01,-2.476769496444480301e-01,9.999952382407796270e-01,-2.476637420433618064e-01,1.999995238235954709e+00,-2.476649151673685489e-01,2.477271162441824215e-01,4.334948378300394876e-06,3.444126453590044966e-08,2.493296875150637728e-06,9.999976191179772433e-01
8.623194172842508359e-03,-2.476803131712836392e-01,-2.476776855025764057e-01,9.999955212619460188e-01,-2.476748313482055597e-01,1.999995521257407649e+00,-2.476763094658284703e-01,2.477280195837309462e-01,-3.809424091400899574e-06,-2.179513674627991391e-06,2.915959466332384875e-06,9.999977606287039356e-01
8.631819401481036561e-03,-2.476803233063269716e-01,-2.476832972410302203e-01,9.999977848153539517e-01,-2.476835513359195440e-01,1.999997784813109414e+00,-2.476833652229894489e-01,2.477328050991541020e-01,2.960609712136317406e-06,7.058294483591708191e-08,2.452054195822896069e-06,9.999988924065545959e-01
8.641693234185518838e-03,-2.476803349085382744e-01,-2.476770808283692282e-01,9.999998129591516349e-01,-2.476797291126840161e-01,1.999999812958961787e+00,-2.476802391419016536e-01,2.477285664546534649e-01,-3.541949831533460872e-06,2.344268028162122325e-06,4.205778981262740641e-06,9.999999064794810044e-01
8.651156281188019173e-03,-2.476803460280574687e-01,-2.476832467752055900e-01,9.999968666824903263e-01,-2.476932797398160857e-01,1.999996866679315310e+00,-2.476938333847460705e-01,2.477327141450026138e-01,-1.003600496161280952e-05,-1.532576828274117396e-06,8.946751651789729997e-06,9.999984333396576552e-01
8.660126130460217911e-03,-2.476803565680464059e-01,-2.476792664750206707e-01,9.999972880310303847e-01,-2.476800911932501292e-01,1.999997288028282361e+00,-2.476784402525944728e-01,2.477302311063381279e-01,5.216892593487963505e-06,-4.626541094938790200e-06,6.407310888715043347e-06,9.999986440141411803e-01
8.669391493199925594e-03,-2.476803674552771617e-01,-2.476863271675701361e-01,9.999970538801682407e-01,-2.476849079170156953e-01,1.999997053877182962e+00,-2.476856568001187808e-01,2.477367578068761789e-01,4.482272186426306557e-06,7.192114137380527716e-07,4.625569833372367929e-06,9.999985269385914810e-01
8.679369283416022568e-03,-2.476803791796429177e-01,-2.476814153795717510e-01,9.999960051648802972e-01,-2.476791448175040822e-01,1.999996005160832313e+00,-2.476785049213972578e-01,2.477335310482228214e-01,2.220838848540213873e-07,-5.802646615999081495e-08,6.256710201923150301e-07,9.999980025804161565e-01
8.690008434574566371e-03,-2.476803916811386175e-01,-2.476761184755895129e-01,9.999938206659987339e-01,-2.476746755576010040e-01,1.999993820659737409e+00,-2.476739097289540059e-01,2.477271379546504004e-01,3.301106168584401032e-06,1.273075648436032554e-06,4.058915131218665948e-06,9.999969103298687045e-01
8.700420608097048786e-03,-2.476804039159253013e-01,-2.476788327582349347e-01,9.999942554698800778e-01,-2.476726040993805777e-01,1.999994255464059068e+00,-2.476728775786011527e-01,2.477287429175988043e-01,4.142162287115226986e-06,6.657198777241245663e-06,6.810578506006143765e-06,9.999971277320295338e-01
8.711198949880401624e-03,-2.476804165809776692e-01,-2.476833784459199772e-01,9.999992527100971529e-01,-2.476728892715330532e-01,1.999999252709339981e+00,-2.476730804417950904e-01,2.477330396917042932e-01,6.014928453451700206e-06,7.430033085795736276e-06,6.858970425596131274e-06,9.999996263546699904e-01
8.721138733051306963e-03,-2.476804282606842877e-01,-2.476832444542781397e-01,9.999990903749120807e-01,-2.476755324562022187e-01,1.999999090373990374e+00,-2.476758367261937543e-01,2.477327854038691435e-01,8.132061280077745527e-06,1.670450554645750527e-06,7.751646423760450913e-06,9.999995451869951868e-01
8.731270828732429212e-03,-2.476804401663675048e-01,-2.476807972249389367e-01,9.999956116172408205e-01,-2.476801475170848643e-01,1.999995611612794155e+00,-2.476797347517272763e-01,2.477307858884304770e-01,4.814944733502016745e-06,3.853963397231203535e-06,5.987261120781625737e-06,9.999978058063970776e-01
8.740216860683640981e-03,-2.476804506783685522e-01,-2.476814628279627173e-01,9.999941347868641639e-01,-2.476613553854433436e-01,1.999994134780921140e+00,-2.476588108140738431e-01,2.477309698072611976e-01,2.552670940255945077e-05,1.913247337970693315e-05,2.752652321065188071e-05,9.999970673904605700e-01
8.747847226700852102e-03,-2.476804596444006912e-01,-2.476780561131589620e-01,9.999948662484434703e-01,-2.476587564542907793e-01,1.999994866243241631e+00,-2.476596807906961684e-01,2.477290443971297274e-01,1.444709538880140320e-05,1.122637587418318034e-05,1.206792265893941368e-05,9.999974331216208157e-01
8.754208550411129303e-03,-2.476804671192502638e-01,-2.476763865616737892e-01,9.999957864072921421e-01,-2.476676500939763714e-01,1.999995786403022446e+00,-2.476685160598276758e-01,2.477262810845859975e-01,3.827227878488899031e-06,3.960476326984615151e-06,3.112833285967492481e-06,9.999978932015112232e-01
8.770000641945078709e-03,-2.476804856756897044e-01,-2.476838040764164639e-01,9.999983861709786925e-01,-2.476812714299657381e-01,1.999998386169343334e+00,-2.476822797066144111e-01,2.477341814690899591e-01,-5.258412842151195507e-06,-6.043846430144356145e-06,6.661492954416671750e-06,9.999991930846716670e-01
8.775494357401469533e-03,-2.476804921310596097e-01,-2.476815190588623483e-01,9.999999103088231811e-01,-2.476851340809177182e-01,1.999999910308732254e+00,-2.476854460034129679e-01,2.477321705313249023e-01,-6.702794953004532707e-06,-1.280905381131750919e-06,6.522662130181637626e-06,9.999999551543661269e-01
8.782161563159814055e-03,-2.476804999653364481e-01,-2.476787951979890490e-01,9.999999855165027096e-01,-2.476831757592972139e-01,1.999999985516487611e+00,-2.476828272292604383e-01,2.477291706216584455e-01,-2.335808416339999211e-06,5.114991466255635717e-06,4.618083446014250665e-06,9.999999927582440273e-01
8.790921295322608534e-03,-2.476805102584291041e-01,-2.476853070235329191e-01,9.999965205203859009e-01,-2.476830148331393422e-01,1.999996520516860166e+00,-2.476827117105939724e-01,2.477351495869263565e-01,7.854172355072217075e-06,1.147037526959432266e-06,7.894900989725343629e-06,9.999982602584300828e-01
8.800423852077608050e-03,-2.476805214243741060e-01,-2.476855436035073355e-01,9.999963639226940870e-01,-2.476776168519416732e-01,1.999996363919009701e+00,-2.476777918935809120e-01,2.477353663367784786e-01,6.312236140197093253e-06,8.086795010506532183e-06,8.240024856609726763e-06,9.999981819595048504e-01
8.810163526874560669e-03,-2.476805328689438146e-01,-2.476932930259064525e-01,9.999949769829216129e-01,-2.477004496564022828e-01,1.999994976977831795e+00,-2.477034173491112767e-01,2.477433832173590866e-01,1.212193676351055291e-06,5.537067865927983569e-06,5.682721023451037797e-06,9.999974884889158977e-01
8.819293977857745048e-03,-2.476805435976465741e-01,-2.476843591099369413e-01,9.999918897517549032e-01,-2.476778131183022258e-01,1.999991889743536921e+00,-2.476738814919793030e-01,2.477386435436180201e-01,1.786679354449781742e-05,1.490630263509406241e-05,1.997483530496629086e-05,9.999959448717684607e-01
8.826114463140001531e-03,-2.476805516120318684e-01,-2.476765879379308477e-01,9.999895115154494585e-01,-2.476651579565846417e-01,1.999989511504821627e+00,-2.476638455056377197e-01,2.477321618382703761e-01,1.529790129399699847e-05,1.638492409117719661e-05,1.642012699648368780e-05,9.999947557524109243e-01
8.832936266281093962e-03,-2.476805596279667843e-01,-2.476737866175814651e-01,9.999871663943932232e-01,-2.476625823443348584e-01,1.999987166381389292e+00,-2.476621490202105536e-01,2.477245618677613448e-01,1.109896597718469182e-05,1.510169897809652118e-05,1.431151437248527634e-05,9.999935831906946460e-01
8.841888283134143739e-03,-2.476805701470022048e-01,-2.476839005980732145e-01,9.999919040466551667e-01,-2.476710201712258586e-01,1.999991904038451729e+00,-2.476730040953707968e-01,2.477333617596239324e-01,1.055073344154066803e-05,4.132195513227770693e-06,8.532637390709667656e-06,9.999959520192258644e-01
8.851066896447807794e-03,-2.476805809322984719e-01,-2.476812278401963052e-01,1.000000231391584116e+00,-2.476891392998819552e-01,2.000000231391818595e+00,-2.476904275532696431e-01,2.477315074348575286e-01,-6.758741259561630315e-06,-6.076867598663224880e-07,6.706826106073004433e-06,1.000000115695909297e+00
8.860316438523647975e-03,-2.476805918009394591e-01,-2.476799199300072918e-01,9.999985261944103199e-01,-2.476750376227425943e-01,1.999998526192916959e+00,-2.476725952447334789e-01,2.477295669461232752e-01,7.458262030306091378e-06,2.782428993440119445e-06,9.213858911875492957e-06,9.999992630964583684e-01
8.870348164553926162e-03,-2.476806035886823243e-01,-2.476791173617744479e-01,9.999952351725716060e-01,-2.476690664548023002e-01,1.999995235167743690e+00,-2.476685518053060309e-01,2.477286711443903444e-01,1.113021566313939741e-05,9.154399562949012189e-06,1.101954418068781858e-05,9.999976175838717340e-01
8.880581518522574075e-03,-2.476806156133478376e-01,-2.476696577624218631e-01,9.999967175139046205e-01,-2.476604509478816663e-01,1.999996717510578836e+00,-2.476599289362753364e-01,2.477237123708552757e-01,4.137351117493536454e-06,4.543767306732026417e-06,4.740378093081680669e-06,9.999983587552893072e-01
8.890007306620770558e-03,-2.476806266890836938e-01,-2.476825189181121323e-01,9.999981396528686561e-01,-2.476681400028621638e-01,1.999998139650983831e+00,-2.476688787009681536e-01,2.477335537398899779e-01,1.522665437628210849e-05,1.426243365178879627e-05,1.664953625581601409e-05,9.999990698254918042e-01
8.895484296877942745e-03,-2.476806331247980164e-01,-2.476805466025906177e-01,1.000000346106923121e+00,-2.476694822597417522e-01,2.000000346107273508e+00,-2.476702806761314490e-01,2.477311323712737268e-01,9.368723589025165026e-06,8.452014420893369816e-06,7.177110069685985159e-06,1.000000173053636754e+00
8.905408385520851428e-03,-2.476806447860609162e-01,-2.476822200107804683e-01,1.000003010997918329e+00,-2.476839509369329340e-01,2.000003011000969444e+00,-2.476863700095875975e-01,2.477330898902248280e-01,-7.142966426215993424e-06,-4.654661371960871040e-06,7.624056989954808706e-06,1.000001505500484722e+00
8.913130803552778147e-03,-2.476806538602585039e-01,-2.476870548133605077e-01,9.999983355353220249e-01,-2.476901045415138281e-01,1.999998335533635485e+00,-2.476888481738541148e-01,2.477372422500059013e-01,-5.784637277573779349e-06,-3.165320450683106517e-06,4.634992639402673288e-06,9.999991677668177426e-01
8.922284479947398608e-03,-2.476806646162527381e-01,-2.476779925850929875e-01,9.999973837577748048e-01,-2.476711215743722383e-01,1.999997383755123925e+00,-2.476706216277705652e-01,2.477317705988656971e-01,2.010013825830256072e-06,3.277641955617030479e-06,3.280642761611442575e-06,9.999986918775619626e-01
8.934618574394613544e-03,-2.476806791093856541e-01,-2.476807579372269363e-01,9.999925842403519782e-01,-2.476771212020822122e-01,1.999992584232837656e+00,-2.476781487968058582e-01,2.477308628076050345e-01,1.400055328312291410e-06,5.644599955566943791e-06,5.403587222388136592e-06,9.999962921164188279e-01
8.946743960205411766e-03,-2.476806933572760216e-01,-2.476815184483059928e-01,9.999976641925084619e-01,-2.476797094860662130e-01,1.999997664190141577e+00,-2.476781822645012232e-01,2.477321462710982691e-01,-7.888898784216318248e-07,-1.678119658053474908e-06,2.072779593066316607e-06,9.999988320950707887e-01
8.954154822122431523e-03,-2.476807020653820357e-01,-2.476790000255216506e-01,9.999976383284330250e-01,-2.476740440958261902e-01,1.999997638326039828e+00,-2.476744508651563259e-01,2.477291492678233009e-01,6.223761467252182150e-07,8.727169166470065189e-07,2.066232842200813439e-06,9.999988191630199141e-01
8.962794186413623743e-03,-2.476807122170351649e-01,-2.476783984485630696e-01,9.999951670108725432e-01,-2.476763351051291528e-01,1.999995167005975460e+00,-2.476763321331764689e-01,2.477280425247921081e-01,2.076602104206890930e-06,9.316281852766832356e-06,9.118617117971302395e-06,9.999975835029877302e-01
8.973022904121174398e-03,-2.476807242362517869e-01,-2.476812374080131218e-01,9.999966359947110028e-01,-2.476811789967940380e-01,1.999996635991302396e+00,-2.476812094489503346e-01,2.477316285689992181e-01,-8.289226901713015652e-07,4.334677854730634214e-06,4.015258935983089439e-06,9.999983179956511981e-01
8.982005195625634986e-03,-2.476807347908611678e-01,-2.476875025316264134e-01,9.999983862775340127e-01,-2.476803130058954083e-01,1.999998386275898765e+00,-2.476817565307144198e-01,2.477369707515834629e-01,3.221310791551682559e-06,2.221846359383888230e-06,2.241049210083226294e-06,9.999991931379493826e-01
8.991680089598467693e-03,-2.476807461593104609e-01,-2.476816469614055993e-01,9.999975192790413470e-01,-2.476939416487650980e-01,1.999997519276527580e+00,-2.476937997526205415e-01,2.477334547186273439e-01,-6.081497536025706269e-06,2.251463666528862043e-06,5.870984352701460360e-06,9.999987596382637900e-01
9.001986278734044541e-03,-2.476807582695606524e-01,-2.476753129294485545e-01,9.999926379850773150e-01,-2.476766801076817071e-01,1.999992637977617393e+00,-2.476753169539788191e-01,2.477266926405579661e-01,1.601457051063015007e-06,6.504281801120441390e-06,7.566199718532088003e-06,9.999963189888086967e-01
9.011455768223260859e-03,-2.476807693966498747e-01,-2.476824826009579872e-01,9.999935450679899862e-01,-2.476691612435867329e-01,1.999993545061449218e+00,-2.476684020202751524e-01,2.477319498180981516e-01,1.630646332645580094e-05,1.211241545544231818e-05,1.583742694092006082e-05,9.999967725307246091e-01
9.020290869827642458e-03,-2.476807797783026621e-01,-2.476791372940038982e-01,9.999986212076638070e-01,-2.476782585067044962e-01,1.999998621206266813e+00,-2.476797872481452389e-01,2.477297936507894538e-01,-9.378297681822414478e-08,-2.914192527530131749e-06,4.359463739484230319e-06,9.999993106031332957e-01
9.030129320986301361e-03,-2.476807913389383886e-01,-2.476850694832327671e-01,9.999981495644066909e-01,-2.476879713388672466e-01,1.999998149562531635e+00,-2.476887688841310498e-01,2.477351703257866244e-01,-3.485687769791624638e-06,-5.881064397067442276e-06,5.561181081290670039e-06,9.999990747812658176e-01
9.040001102530082280e-03,-2.476808029387387311e-01,-2.476826773118712410e-01,9.999965708478479876e-01,-2.476799731848573216e-01,1.999996570844373212e+00,-2.476787996459537677e-01,2.477330412693762585e-01,7.131333742925560122e-06,5.779280455520842064e-06,8.222171627999539024e-06,9.999982854221866058e-01
9.050001612469658549e-03,-2.476808146898007712e-01,-2.476762082787988817e-01,9.999947778542307431e-01,-2.476662682682348737e-01,1.999994777848939309e+00,-2.476643396160929933e-01,2.477284600932873337e-01,9.246262137872854822e-06,1.070633151518940034e-05,1.129752941997307815e-05,9.999973889244696545e-01
9.058795202410221958e-03,-2.476808250226752717e-01,-2.476801477672438689e-01,9.999936945468572702e-01,-2.476742567568248621e-01,1.999993694540468159e+00,-2.476761272150230231e-01,2.477302762746111664e-01,-2.977814334384297796e-07,2.285736664597465278e-06,1.967916714636218411e-06,9.999968472702340794e-01
9.063689729832617725e-03,-2.476808307739703507e-01,-2.476811582598596739e-01,9.999951539646325660e-01,-2.476812027433133445e-01,1.999995153959722050e+00,-2.476815282892087799e-01,2.477306498616494435e-01,-2.449189535815729187e-06,-2.001873880981493827e-07,1.557085193487733702e-06,9.999975769798610248e-01
9.073747833393664905e-03,-2.476808425927076451e-01,-2.476796913167816916e-01,9.999990071208090248e-01,-2.476749032704237963e-01,1.999999007119802830e+00,-2.476734873097223288e-01,2.477295645761593279e-01,5.841021100416247609e-06,1.921718455438437686e-06,6.351048389421981580e-06,9.999995035599015258e-01
9.083406141968224101e-03,-2.476808539416667232e-01,-2.476769019843005071e-01,9.999974133628186657e-01,-2.476644352226280155e-01,1.999997413360197651e+00,-2.476649172613708816e-01,2.477272636935400341e-01,9.182666332145472435e-06,6.961158503458715220e-06,8.015136406453312402e-06,9.999987066800988256e-01
9.092053069034459686e-03,-2.476808641022063273e-01,-2.476751668143563068e-01,9.999968437672099864e-01,-2.476762489670449041e-01,1.999996843764011656e+00,-2.476771185174203305e-01,2.477253873111034121e-01,-7.381233115165306848e-07,4.203159703279357276e-06,4.663479746806265588e-06,9.999984218820059390e-01
9.101022804797381793e-03,-2.476808746420601781e-01,-2.476822151857260013e-01,9.999985543148502964e-01,-2.476761109766773272e-01,1.999998554313385579e+00,-2.476763371577909434e-01,2.477320363058167496e-01,1.036619479292584567e-05,8.113864633389469423e-06,1.111876534231625671e-05,9.999992771566927896e-01
9.110545319565373570e-03,-2.476808858314550055e-01,-2.476822547017647480e-01,1.000000907745073553e+00,-2.476844619401783187e-01,2.000000907745993040e+00,-2.476851925086259176e-01,2.477317588721117680e-01,8.224331869458186865e-06,-6.833655058233679160e-07,7.326374471112011740e-06,1.000000453872996520e+00
9.120417664158567139e-03,-2.476808974319172352e-01,-2.476807288838666632e-01,9.999983312105154010e-01,-2.476841210348217082e-01,1.999998331208824531e+00,-2.476845001103695210e-01,2.477304711774997448e-01,-4.537813861293637713e-06,-5.656335575316134230e-06,5.531352089474551317e-06,9.999991656044122657e-01
9.130006526856615165e-03,-2.476809086992746711e-01,-2.476795278306085646e-01,9.999953348528386465e-01,-2.476837915761259945e-01,1.999995334848111428e+00,-2.476837670099063804e-01,2.477291211391743908e-01,-4.022321939763904791e-06,4.492395328105258626e-06,5.432408716490529199e-06,9.999976674240557140e-01
9.140015649577996892e-03,-2.476809204604587256e-01,-2.476782449346472403e-01,9.999958650704113827e-01,-2.476831446968894845e-01,1.999995865066221734e+00,-2.476832461004645769e-01,2.477278600366019656e-01,1.002413634822837916e-06,5.437036495403676981e-06,5.350086424879638333e-06,9.999979325331107560e-01
9.150006499999998461e-03,-2.476809322001707059e-01,-2.476829757161107815e-01,9.999972043457615589e-01,-2.476857777136682315e-01,1.999997204342928825e+00,-2.476865734836880828e-01,2.477330515247864184e-01,-1.089859506040996862e-05,-2.853254446168064880e-06,1.233807112785243242e-05,9.999986021714644124e-01
9.152754751936352517e-03,-2.476809354294937926e-01,-2.476844280174149426e-01,9.999975529111236883e-01,-2.476876322335105352e-01,1.999997552908644005e+00,-2.476874285247224194e-01,2.477344888457018723e-01,-9.376908338047398615e-06,-2.672009059029823961e-06,7.672317842511535408e-06,9.999987764543220026e-01
9.161150868338463482e-03,-2.476809452953202817e-01,-2.476882249836938887e-01,9.999981740148029541e-01,-2.476780522424741338e-01,1.999998174012952656e+00,-2.476768920198814394e-01,2.477376933479730481e-01,7.570296483251405539e-06,2.181354207256221110e-06,8.180605496535521019e-06,9.999990870064763282e-01
9.170057972265627938e-03,-2.476809701510725992e-01,-2.476819560077190840e-01,9.999959737426437067e-01,-2.476726067640709905e-01,1.999995973738564192e+00,-2.476719846972218475e-01,2.477341985033291172e-01,7.602179716543798050e-06,8.068346537094643272e-06,8.836492216998411865e-06,9.999979868692819851e-01
9.180001611142765000e-03,-2.476831934527484458e-01,-2.476904377665294921e-01,9.999915882220503649e-01,-2.476822464761804510e-01,1.999991588213527072e+00,-2.476837158862826016e-01,2.477409535286304865e-01,1.038617617870799202e-05,4.248028594909183134e-06,1.047449401493775773e-05,9.999957941067635359e-01
9.185511585121697992e-03,-2.476840691320109922e-01,-2.476894907912136345e-01,9.999911777355131592e-01,-2.476796482412501055e-01,1.999991177726573754e+00,-2.476783308133151673e-01,2.477394887300556903e-01,8.932984830743086004e-06,8.473121585274512451e-06,9.356783693677976144e-06,9.999955888632868772e-01
9.192500734576832672e-03,-2.476849168448704563e-01,-2.476862401738454400e-01,9.999925758108071383e-01,-2.476712479071445372e-01,1.999992575803284378e+00,-2.476700991011112907e-01,2.477372253957549064e-01,9.385688220868843013e-06,1.105754482130265532e-05,1.028478663178334420e-05,9.999962879016421891e-01
9.202118099921399730e-03,-2.476857326322542407e-01,-2.476817161057394967e-01,9.999894691690071058e-01,-2.476610205841655588e-01,1.999989469158336419e+00,-2.476612213817054597e-01,2.477325866768604334e-01,1.583337230640351973e-05,6.565661351194370948e-06,1.554873898616968236e-05,9.999947345791683206e-01
9.212690163297039894e-03,-2.476863116918369134e-01,-2.476821467085217332e-01,9.999896103673395764e-01,-2.476717365723674069e-01,1.999989610356811776e+00,-2.476732126479397889e-01,2.477325971786284164e-01,9.040877830013004880e-06,5.015246289693759322e-06,8.466668201838675197e-06,9.999948051784058878e-01
9.224524943713773364e-03,-2.476867108259187822e-01,-2.476893508968857072e-01,9.999944627541665909e-01,-2.476856580212834225e-01,1.999994462748555968e+00,-2.476859875468887251e-01,2.477389491134362187e-01,4.025018607121493167e-06,7.441713811954722662e-06,7.261444548297418545e-06,9.999972313742778729e-01
9.235604984407166582e-03,-2.476869375678180107e-01,-2.476894640895234423e-01,9.999941348958315546e-01,-2.476902415447980732e-01,1.999994134889888642e+00,-2.476911089055345849e-01,2.477393804066491956e-01,4.266915718738887082e-07,4.662139215389745549e-06,4.312000420517681769e-06,9.999970674449443209e-01
9.245209248259909918e-03,-2.476870626198784120e-01,-2.476898863122040384e-01,9.999893340639646189e-01,-2.476883679290227680e-01,1.999989334053157153e+00,-2.476865180358184815e-01,2.477398824758617057e-01,3.701073793281194750e-06,6.118209216988881008e-06,6.610901012966196463e-06,9.999946670265785764e-01
9.260018392873031051e-03,-2.476871771550631651e-01,-2.476892723185481759e-01,9.999875795018632330e-01,-2.476729563711838611e-01,1.999987579489277856e+00,-2.476724676962043237e-01,2.477389738309516698e-01,1.150829546835779399e-05,1.129116269309919230e-05,1.185916507224415919e-05,9.999937897446389279e-01
9.271879003387051288e-03,-2.476872281958749367e-01,-2.476835463616942068e-01,9.999881334673547117e-01,-2.476680742984930794e-01,1.999988133455330663e+00,-2.476680469692141839e-01,2.477345797331508559e-01,1.677212348143125481e-05,1.549751826868591632e-05,1.592007617920759881e-05,9.999940667276653317e-01
9.281813545879303434e-03,-2.476872547167473515e-01,-2.476853073479500233e-01,9.999888436987605100e-01,-2.476772926575229739e-01,1.999988843687456219e+00,-2.476784450458296982e-01,2.477352495073981975e-01,6.502019407773377031e-06,1.359074710950282063e-05,1.402939794591515509e-05,9.999944218437279986e-01
9.291272176324938750e-03,-2.476872712607092741e-01,-2.476894625500005442e-01,9.999914386339685546e-01,-2.476818532963168118e-01,1.999991438625293494e+00,-2.476814541615410536e-01,2.477393534321020996e-01,1.189603446024667227e-05,1.603140354409011804e-05,1.472156696412519467e-05,9.999957193126466359e-01
9.300138313520273439e-03,-2.476872816564512636e-01,-2.476922800786305889e-01,9.999925742981026211e-01,-2.476877267580726016e-01,1.999992574290578196e+00,-2.476887598639942178e-01,2.477420339796762017e-01,-2.754242554014555227e-06,9.583546243689194235e-07,4.273475980139729458e-06,9.999962871452892088e-01
9.304529858827789018e-03,-2.476872854954679515e-01,-2.476909644479397266e-01,9.999917443176961074e-01,-2.476861416837111418e-01,1.999991744309330688e+00,-2.476841565874891293e-01,2.477410071844237394e-01,1.016017066302322536e-06,3.579299411405487652e-06,4.738524891476389339e-06,9.999958721546654550e-01
9.313235564420735413e-03,-2.476872912404806393e-01,-2.476875095749534461e-01,9.999886878956373293e-01,-2.476681018780078902e-01,1.999988687884174832e+00,-2.476677689666237081e-01,2.477380235572331224e-01,1.677363435694428960e-05,1.336043842368675500e-05,1.717084322887405806e-05,9.999943439420874158e-01
9.323127744490462832e-03,-2.476872955970307322e-01,-2.476848512598501806e-01,9.999862321330768022e-01,-2.476684218829050821e-01,1.999986232119125962e+00,-2.476686422535341325e-01,2.477350940532120349e-01,1.601685148569000490e-05,1.564926451455154048e-05,1.451115690079184368e-05,9.999931160595630919e-01
9.331415973352309365e-03,-2.476872980430724902e-01,-2.476826688397507914e-01,9.999877135731310984e-01,-2.476770303868862100e-01,1.999987713560681613e+00,-2.476789922985788428e-01,2.477326126223154956e-01,-1.473201372099159259e-08,4.011575596707027551e-06,3.811367006407798090e-06,9.999938567803408063e-01
9.340426669996024570e-03,-2.476872998636236445e-01,-2.476862238996593579e-01,9.999905126124746246e-01,-2.476880822909824920e-01,1.999990512602861203e+00,-2.476887533787208440e-01,2.477361669340354122e-01,-2.471189810096060141e-06,5.914622897773399135e-06,5.905851005429959542e-06,9.999952563014307128e-01
9.350237289419572467e-03,-2.476873011736048791e-01,-2.476900322333414339e-01,9.999930894619930566e-01,-2.476832554318304791e-01,1.999993089454990658e+00,-2.476826187071045626e-01,2.477397345912116522e-01,7.381763022326949745e-06,1.123959094301251301e-06,7.795219210809768094e-06,9.999965447274953290e-01
9.360000518455483670e-03,-2.476873020169988449e-01,-2.476842779720679066e-01,9.999924075719703875e-01,-2.476855919183001409e-01,1.999992407564277208e+00,-2.476857775699469466e-01,2.477361811115858792e-01,-3.153004962742445267e-06,4.294026351849754751e-06,4.901247561226621784e-06,9.999962037821386041e-01
9.366439397426149990e-03,-2.476873024016380265e-01,-2.476877917049974120e-01,9.999902332802935723e-01,-2.476867956359666556e-01,1.999990233270397155e+00,-2.476869795362754145e-01,2.477380968121851157e-01,4.650127041997907412e-07,5.846204088107031545e-06,6.031462358087217939e-06,9.999951166351985776e-01
9.379654692877676531e-03,-2.476873029108403734e-01,-2.476852041680829841e-01,9.999901690719298353e-01,-2.476759553352190502e-01,1.999990169061968359e+00,-2.476745670254172638e-01,2.477371361475980416e-01,8.121434282851297255e-06,1.081531341316419467e-05,1.113970607244746066e-05,9.999950845309841796e-01
9.390007868478518829e-03,-2.476873031381938706e-01,-2.476977136560968573e-01,9.999895681676601589e-01,-2.476906365447141267e-01,1.999989568157089836e+00,-2.476926257129828945e-01,2.477487295344807383e-01,6.533187136376972336e-06,1.040468938573669041e-05,1.054427359916039463e-05,9.999947840785449182e-01
9.398220762853029542e-03,-2.476873032514768092e-01,-2.476938991640645626e-01,9.999891246900487474e-01,-2.476853413445481433e-01,1.999989124679029118e+00,-2.476839578611285397e-01,2.477454876397814365e-01,1.811198673173768588e-05,1.102532248756061052e-05,1.954055900509128304e-05,9.999945623395145589e-01
9.406674024003325654e-03,-2.476873033263026769e-01,-2.476864918097284318e-01,9.999875695982657353e-01,-2.476709973570828949e-01,1.999987569585670144e+00,-2.476691837416592490e-01,2.477403091302206595e-01,1.689383945964704765e-05,1.393124650729505626e-05,1.636717052255332700e-05,9.999937847928350720e-01
9.419458135303371282e-03,-2.476873033865734097e-01,-2.476772901083183487e-01,9.999828144711919720e-01,-2.476643090124137081e-01,1.999982814453778346e+00,-2.476651989904682105e-01,2.477294355670514592e-01,1.223902516329254396e-05,1.317368604506615651e-05,1.200767223915759982e-05,9.999914072268890619e-01
9.429513153053122737e-03,-2.476873034054629386e-01,-2.476888805802714422e-01,9.999897904734984522e-01,-2.476761688177372411e-01,1.999989790463153394e+00,-2.476774965473899082e-01,2.477398890671242693e-01,1.395218188354532536e-05,6.507024242719303104e-06,1.429665617134334501e-05,9.999948952315766970e-01
9.440000917292874077e-03,-2.476873034087323788e-01,-2.476756051835974637e-01,9.999968400526888512e-01,-2.476708863601510546e-01,1.999996840049486968e+00,-2.476694702452112429e-01,2.477334414484023140e-01,1.339579422322573305e-05,9.930629126060241233e-06,1.363599370872832045e-05,9.999984200247434840e-01
9.445509863357575905e-03,-2.476873034058676704e-01,-2.476760058356229643e-01,9.999962994690683171e-01,-2.476666698914087306e-01,1.999996299465318428e+00,-2.476666179310280380e-01,2.477264776888782327e-01,1.513366965276976668e-05,6.748598995314177140e-06,1.536781760794384254e-05,9.999981497326593249e-01
9.452818907031297277e-03,-2.476873033986088657e-01,-2.476795890104613318e-01,9.999925168259244934e-01,-2.476658678131828384e-01,1.999992516818342114e+00,-2.476661826587167603e-01,2.477296804313434964e-01,1.609164043116874171e-05,6.891653311829124295e-06,1.562276661926759961e-05,9.999962584091710571e-01
9.461758738260085677e-03,-2.476873033858030815e-01,-2.476841249687646851e-01,9.999970879338816454e-01,-2.476731196687172454e-01,1.999997087930931006e+00,-2.476745237342108941e-01,2.477338009506419025e-01,8.741042476210308289e-06,8.848520643277962003e-06,8.278344106563468885e-06,9.999985439654655028e-01
9.472604993452128641e-03,-2.476873033663272716e-01,-2.476845362510949056e-01,9.999991427891414819e-01,-2.476811112703078133e-01,1.999999142788272843e+00,-2.476805171313091469e-01,2.477340478862241624e-01,5.538818751419761746e-06,3.986581522663934675e-06,5.024267109028629209e-06,9.999995713941364217e-01
9.490000000000000172e-03,-2.476873033297498083e-01,-2.476893567998882661e-01,9.999931128853123408e-01,-2.476877027391317931e-01,1.999993112878333701e+00,-2.476894242044942462e-01,2.477395116481621584e-01,-4.472814709945479004e-06,4.687442664231194440e-07,5.412545422196362646e-06,9.999965564391668504e-01
9.493992074142438425e-03,-2.476873033207771524e-01,-2.476869256188536650e-01,9.999928699919801156e-01,-2.476901038643744557e-01,1.999992869984755339e+00,-2.476891811202345250e-01,2.477376788094578508e-01,-1.176186133165151361e-06,3.496823369793656411e-06,4.649904508116260342e-06,9.999964349923777807e-01
9.502335467734939964e-03,-2.476873033015829784e-01,-2.476813220813988692e-01,9.999925199962407252e-01,-2.476777500286961864e-01,1.999992519988661455e+00,-2.476769465495210487e-01,2.477330109327203489e-01,1.184229213059812483e-05,1.055148862111265773e-05,1.167305799385346836e-05,9.999962599943307273e-01
9.511682306702890985e-03,-2.476873032795554319e-01,-2.476885642285352740e-01,9.999903320203430424e-01,-2.476833896756384934e-01,1.999990332010546545e+00,-2.476840843638767886e-01,2.477380326605843897e-01,5.774422707702235663e-06,6.148512496788640288e-06,6.089451695692230580e-06,9.999951660052732727e-01
9.521008928942850669e-03,-2.476873032572035338e-01,-2.476839623519823397e-01,9.999928052968030112e-01,-2.476849676433325320e-01,1.999992805289512621e+00,-2.476847209144044937e-01,2.477349664279743235e-01,-2.851752599756599005e-08,3.358972750592225516e-06,3.107998914862850668e-06,9.999964026447564214e-01
9.530463586821686164e-03,-2.476873032342893910e-01,-2.476878917492793819e-01,9.999920310809549129e-01,-2.476695639722154285e-01,1.999992031072880039e+00,-2.476675149479560523e-01,2.477376854686152985e-01,1.793794706303072185e-05,5.776588743626592013e-06,1.926109199798842455e-05,9.999960155364401304e-01
9.540506135329605841e-03,-2.476873032097648697e-01,-2.476873022312346406e-01,9.999912831011239511e-01,-2.476704124915054817e-01,1.999991283092291239e+00,-2.476717068045025671e-01,2.477368578781443953e-01,1.079172957650914142e-05,6.949427134743892576e-06,9.764278561110491527e-06,9.999956415461456194e-01
9.553162690391366063e-03,-2.476873031786848423e-01,-2.476834532055443294e-01,9.999903680207478107e-01,-2.476817007048822683e-01,1.999990368010987840e+00,-2.476798994887271510e-01,2.477334081343805228e-01,5.206280966705610011e-06,8.934577695634396397e-06,9.418049990581585257e-06,9.999951840054940311e-01
9.570000000000000381e-03,-2.476873031371721878e-01,-2.476896098856256057e-01,9.999918799906465372e-01,-2.476812752995182221e-01,1.999991879982418785e+00,-2.476830666710950757e-01,2.477398567069026836e-01,1.548135071883704206e-05,1.224843358874478145e-05,1.616558845550431750e-05,9.999959399912092817e-01
9.570998782935942473e-03,-2.476827137926499167e-01,-2.476871937122438472e-01,9.999921420987923915e-01,-2.476808248782209898e-01,1.999992142090830205e+00,-2.476791152068804902e-01,2.477377983116668125e-01,1.573311446992835494e-05,1.219295093873180904e-05,1.567562177706122609e-05,9.999960710454151025e-01
9.581162481769430611e-03,-2.476827257354664025e-01,-2.476854310750545574e-01,9.999932752929338031e-01,-2.476697252160873775e-01,1.999993275286120031e+00,-2.476694333658007452e-01,2.477349747088431198e-01,1.187657454319882363e-05,1.149650206911964822e-05,1.135154757826365010e-05,9.999966376430599047e-01
9.590173059451782486e-03,-2.476827363233116142e-01,-2.476831121052029683e-01,9.999910618725323941e-01,-2.476774866954852550e-01,1.999991061863475528e+00,-2.476788591000360640e-01,2.477332560174847487e-01,-1.254303782240639264e-06,-4.910674978322383199e-06,6.246820398656144481e-06,9.999955309317377639e-01
9.593916566965747864e-03,-2.476827407221044997e-01,-2.476847232777990293e-01,9.999907170302708703e-01,-2.476829320929409828e-01,1.999990717020864839e+00,-2.476835805331590035e-01,2.477348689393990833e-01,-8.474026978787813772e-08,-2.119569131091125860e-06,1.417109492312573447e-06,9.999953585104323084e-01
9.604092237388032680e-03,-2.476827526789883438e-01,-2.476848240567263160e-01,9.999919396689924689e-01,-2.476754061245946825e-01,1.999991939660825002e+00,-2.476723434660025314e-01,2.477365096635165964e-01,1.557452731667317616e-05,8.600347514866284990e-06,1.672063374383132107e-05,9.999959698304125011e-01
9.613736076462575317e-03,-2.476827640109452999e-01,-2.476776324169653043e-01,9.999927160365186252e-01,-2.476578663735248265e-01,1.999992716029137974e+00,-2.476604285418288476e-01,2.477288705338266395e-01,1.896330610580517745e-05,1.087072413675039437e-05,1.729422417125784790e-05,9.999963580145689868e-01
9.622334134233105282e-03,-2.476827741140622818e-01,-2.476831914471358531e-01,9.999914933872836587e-01,-2.476814308686603738e-01,1.999991493378663998e+00,-2.476820176964213971e-01,2.477326588058801626e-01,6.843246231627002232e-06,8.127870071549383129e-06,7.955515253959086574e-06,9.999957466893319991e-01
9.633704160214121362e-03,-2.476827874743685598e-01,-2.476820939892153683e-01,9.999972125728747718e-01,-2.476835214944282659e-01,1.999997212570050253e+00,-2.476841980905716278e-01,2.477320584204846243e-01,4.510133634557124123e-06,2.207642383552636855e-06,4.795510238155565385e-06,9.999986062850252377e-01
9.643058587883781077e-03,-2.476827984662544058e-01,-2.476846928800357228e-01,9.999960785242644201e-01,-2.476826835342666455e-01,1.999996078520290821e+00,-2.476816744435589024e-01,2.477342710674258763e-01,7.258979480925992909e-06,4.303754125352390815e-06,6.190520456901477625e-06,9.999980392601454104e-01
9.651978009795829372e-03,-2.476828089469894356e-01,-2.476830515543092248e-01,9.999951822688198932e-01,-2.476771203180727632e-01,1.999995182263938354e+00,-2.476771656679231937e-01,2.477330083403561645e-01,-1.906220364476536106e-06,6.156689367660046965e-06,6.102240660809717228e-06,9.999975911319691768e-01
9.666416069745699391e-03,-2.476828259123791676e-01,-2.476876290837203287e-01,9.999933074219407025e-01,-2.476768566561772245e-01,1.999993307415159460e+00,-2.476770891331666891e-01,2.477371439632731764e-01,7.355936716880857457e-06,8.059384294034633762e-06,8.285480699623187645e-06,9.999966537075797302e-01
9.680418062690696046e-03,-2.476828423653704703e-01,-2.476685698433878091e-01,9.999917675104480486e-01,-2.476601714093216167e-01,1.999991767502106166e+00,-2.476581180425142803e-01,2.477292101613852993e-01,1.064939526737905649e-05,1.177447515950921321e-05,1.221111130256560920e-05,9.999958837510530829e-01
9.692343615939269172e-03,-2.476828563784474191e-01,-2.476755267899839741e-01,9.999918180941936852e-01,-2.476602511413801000e-01,1.999991818085902873e+00,-2.476608183210117498e-01,2.477250597323920611e-01,1.727686829370547573e-05,1.372959928223180026e-05,1.706948929954210198e-05,9.999959090429515474e-01
9.702830112553788300e-03,-2.476828687005669660e-01,-2.476752276966596999e-01,1.000002872754127248e+00,-2.476705978325520197e-01,2.000002872757038030e+00,-2.476720474863769172e-01,2.477249602304621712e-01,7.184257338161851919e-06,2.557247069684734037e-06,5.192149608184345051e-06,1.000001436378519237e+00
9.711488022442473986e-03,-2.476828788740121357e-01,-2.476769462002447464e-01,1.000004182548920095e+00,-2.476827203699743241e-01,2.000004182553158483e+00,-2.476836537011137818e-01,2.477265560579774428e-01,-6.457204070709649634e-06,-8.244761917020903983e-06,7.981751672774408757e-06,1.000002091276579019e+00
9.720735999552875678e-03,-2.476828897408129004e-01,-2.476774861810389916e-01,1.000002218611424798e+00,-2.476826078530489361e-01,2.000002218613672778e+00,-2.476822741546969853e-01,2.477275166569893328e-01,-5.954500795310587435e-06,-3.355269873280911453e-06,5.299388548071952903e-06,1.000001109306836389e+00
9.730867408824948536e-03,-2.476829016456880417e-01,-2.476860319913188890e-01,1.000001111143756338e+00,-2.476785249794796750e-01,2.000001111144882326e+00,-2.476783202423750163e-01,2.477357984016894110e-01,3.138359868296165914e-06,-1.768028885561067969e-06,2.921550103464303289e-06,1.000000555572441163e+00
9.740428273910434892e-03,-2.476829128801465441e-01,-2.476839224079383783e-01,9.999996882996788905e-01,-2.476816610588575829e-01,1.999999688299362921e+00,-2.476822859315955527e-01,2.477340681743670781e-01,-5.474022549262648796e-06,1.328329512369321572e-06,5.555177942962771116e-06,9.999998441496814605e-01
9.750001657387505002e-03,-2.476829241293152517e-01,-2.476783933669713667e-01,9.999952654885090331e-01,-2.476704101924523116e-01,1.999995265483711648e+00,-2.476685807142185447e-01,2.477300930641132271e-01,1.155055889853349331e-05,9.587321140947871072e-06,1.372573236525525266e-05,9.999976327418558242e-01
9.757807844309499337e-03,-2.476829333019457124e-01,-2.476823622902328270e-01,9.999927368650701753e-01,-2.476734899146195434e-01,1.999992736857710396e+00,-2.476751173865213151e-01,2.477325691825941478e-01,9.088897179142191800e-06,1.006849065112829871e-05,9.734130477957467432e-06,9.999963684288551979e-01
9.769999999999999171e-03,-2.476829476282937093e-01,-2.476833411829807430e-01,9.999961365525017465e-01,-2.476797017226373410e-01,1.999996136548586989e+00,-2.476796899664449325e-01,2.477329419713379666e-01,1.989863532759035177e-06,1.470678058590943740e-06,1.525582020736539883e-06,9.999980682742934945e-01
9.780935918886079355e-03,-2.476829604785061312e-01,-2.476828065054785810e-01,9.999953740034449590e-01,-2.476885512505658249e-01,1.999995373998757486e+00,-2.476878251854081059e-01,2.477323612375723350e-01,2.513485649750127384e-06,-4.169029287242750707e-07,2.798187876980116874e-06,9.999976869993787432e-01
9.791166925561379727e-03,-2.476829725004131011e-01,-2.476793206937453751e-01,9.999937454761030908e-01,-2.476684296593231749e-01,1.999993745469765605e+00,-2.476673741839335585e-01,2.477296217762579023e-01,9.124123445314032219e-06,9.482371909594573616e-06,9.831834136966500793e-06,9.999968727348828024e-01
9.801736393362070476e-03,-2.476829849200276323e-01,-2.476828693099519529e-01,9.999944853292020985e-01,-2.476712618372097219e-01,1.999994485323614013e+00,-2.476724566641701208e-01,2.477323366043438779e-01,9.120771953246377528e-06,9.133907072448903052e-06,8.158097320327132906e-06,9.999972426618071175e-01
9.810908454309839877e-03,-2.476829956976245584e-01,-2.476804580495552688e-01,9.999963067683860229e-01,-2.476897906760378021e-01,1.999996306764643794e+00,-2.476913591751361277e-01,2.477305452673246866e-01,-7.831098526216741568e-06,-1.668380274429288370e-06,8.652267530462133446e-06,9.999981533823218971e-01
9.820185520318948022e-03,-2.476830065986068419e-01,-2.476830897448894508e-01,9.999959235702964300e-01,-2.476852943674749119e-01,1.999995923566165956e+00,-2.476839589088186966e-01,2.477329339139301700e-01,3.540108410988125458e-07,2.578395352388430920e-06,3.184474174002497775e-06,9.999979617830829781e-01
9.832025189180087707e-03,-2.476830205107658500e-01,-2.476862163822884100e-01,9.999957672662453945e-01,-2.476700584220270229e-01,1.999995767261956381e+00,-2.476713637389286460e-01,2.477357624631250643e-01,7.299711693112891416e-06,3.829356826848425476e-06,7.360651763135383109e-06,9.999978836309781904e-01
9.847220656361814137e-03,-2.476830383661443313e-01,-2.476861085531643358e-01,9.999932233590621555e-01,-2.476857674436648005e-01,1.999993223352195315e+00,-2.476858678300757066e-01,2.477356711503126419e-01,4.649516272549589561e-06,1.235717096195788123e-06,4.221625132320728663e-06,9.999966116760976576e-01
9.858148909432176005e-03,-2.476830512073470159e-01,-2.476845058558249379e-01,9.999913293464993691e-01,-2.476796330409660740e-01,1.999991329337713841e+00,-2.476784580760357513e-01,2.477345027263196942e-01,7.752017651887124959e-06,6.439944330439001544e-06,8.468224743802801047e-06,9.999956646688568096e-01
9.867070584596973615e-03,-2.476830616907277627e-01,-2.476829994450362171e-01,9.999911870564931471e-01,-2.476755899779164716e-01,1.999991187047563068e+00,-2.476759125941194462e-01,2.477326855949430195e-01,4.487992331523268454e-06,5.684721959969119728e-06,5.237509109463705801e-06,9.999955935237816451e-01
9.874720264183671492e-03,-2.476830706794541648e-01,-2.476841765356328495e-01,9.999915452977679031e-01,-2.476816370776628029e-01,1.999991545289200978e+00,-2.476824869933778872e-01,2.477341673722575632e-01,1.326804006222232510e-06,7.268488607267004076e-06,8.135176838681341970e-06,9.999957726446004891e-01
9.884492047765142467e-03,-2.476830821617525269e-01,-2.476850414459562666e-01,9.999931278240351551e-01,-2.476805328470000067e-01,1.999993127817071725e+00,-2.476787968114214367e-01,2.477352538128727300e-01,7.358778930421447355e-06,1.158466705354288125e-05,1.135569342135017287e-05,9.999965639085358626e-01
9.894455787443690031e-03,-2.476830938696072126e-01,-2.476794166129316077e-01,9.999935938097181953e-01,-2.476697520904458660e-01,1.999993593803226721e+00,-2.476703147167583219e-01,2.477309845931272847e-01,7.581925538982285777e-06,7.119071441304672041e-06,6.536798440824979691e-06,9.999967969016133607e-01
9.902843254009620344e-03,-2.476831037252685552e-01,-2.476782963837082241e-01,9.999922137943816347e-01,-2.476746862285079120e-01,1.999992213786492057e+00,-2.476751252253387159e-01,2.477290164252984039e-01,1.142367757369496836e-06,3.707389860591013350e-06,4.418045626027537896e-06,9.999961068932460284e-01
9.912925417025398103e-03,-2.476831155722765410e-01,-2.476871110410138743e-01,9.999949474894649359e-01,-2.476783227393710429e-01,1.999994947484345253e+00,-2.476782451784487749e-01,2.477368187423099888e-01,5.953777415088995621e-06,8.138642375543826040e-06,8.158804302655857892e-06,9.999974737421726267e-01
9.922644497973351352e-03,-2.476831269926476897e-01,-2.476801102877631555e-01,9.999981259484834739e-01,-2.476734325576961659e-01,1.999998125946584659e+00,-2.476729396056285837e-01,2.477324596673849688e-01,9.976261865127195272e-06,6.635756283677355287e-06,8.920062973650078929e-06,9.999990629732922187e-01
9.931309405456865275e-03,-2.476831371743147825e-01,-2.476764255916925339e-01,9.999939551360247370e-01,-2.476727084487749808e-01,1.999993955129899526e+00,-2.476732356733792051e-01,2.477270308639616114e-01,2.561119629407397732e-06,2.783105464082972384e-06,3.384122243209488435e-06,9.999969775649498738e-01
9.940521805670938724e-03,-2.476831479993100438e-01,-2.476829802796613189e-01,9.999936666105730954e-01,-2.476749014573079166e-01,1.999993666604155784e+00,-2.476747447866800567e-01,2.477326683448904387e-01,1.493890919035694128e-05,7.019810749026439321e-06,1.563351104695883108e-05,9.999968333020777811e-01
9.950301439354460736e-03,-2.476831594908337486e-01,-2.476766386732801584e-01,9.999983197482623654e-01,-2.476619890481506769e-01,1.999998319746559838e+00,-2.476604566716405775e-01,2.477287970655328575e-01,1.686983841210280252e-05,7.888222865538301680e-06,1.658169557002646196e-05,9.999991598732799192e-01
9.957695521193677540e-03,-2.476831681792204254e-01,-2.476819588474679368e-01,9.999981200605203568e-01,-2.476794582798118038e-01,1.999998120058615436e+00,-2.476828663044128298e-01,2.477323769539072351e-01,-1.262030451443931847e-06,-1.544258028993044678e-07,3.992918833367855766e-06,9.999990600293077181e-01
9.963038509134072157e-03,-2.476831744574778948e-01,-2.476849384752123906e-01,9.999967739944396472e-01,-2.476918810173475427e-01,1.999996773991170818e+00,-2.476922751788496746e-01,2.477345663543380483e-01,-9.153204781190220059e-06,-1.572324678882979241e-06,8.571874721097503795e-06,9.999983869955854088e-01
9.974111516554601958e-03,-2.476831874687736301e-01,-2.476843460983979284e-01,9.999980097623248909e-01,-2.476863015262716627e-01,1.999998009760308282e+00,-2.476867757239729351e-01,2.477342268267845038e-01,-2.681478506526635781e-06,3.185726576635121080e-06,3.672703578230934706e-06,9.999990048801541409e-01
9.990001588743349301e-03,-2.476832061403447527e-01,-2.476779612387708385e-01,9.999926733540707158e-01,-2.476672896339184582e-01,1.999992673346646876e+00,-2.476647279631075393e-01,2.477289093516265583e-01,1.141488627459497515e-06,1.380556193807751220e-05,1.419386492190573474e-05,9.999963366733234382e-01
9.997398914806514617e-03,-2.476832148325444904e-01,-2.476793071276334468e-01,9.999931497640318634e-01,-2.476710557709423111e-01,1.999993149757090860e+00,-2.476717420338137854e-01,2.477291239929254596e-01,8.727619472352947193e-06,1.109119561150811904e-05,1.047833476110803006e-05,9.999965748785453190e-01
1.000774360375918104e-02,-2.476832269880318294e-01,-2.476855764512304880e-01,9.999964875806236497e-01,-2.476790655870343971e-01,1.999996487577064608e+00,-2.476800873975812667e-01,2.477358928331520882e-01,6.494337573083545872e-06,5.519576431018585816e-06,5.678383494660582544e-06,9.999982437885323039e-01
1.002000306924817619e-02,-2.476832413934716148e-01,-2.476761748669875363e-01,9.999976736653175546e-01,-2.476588248266571313e-01,1.999997673662960107e+00,-2.476549042953904989e-01,2.477319113486592950e-01,1.012731883985258932e-05,4.661838802216546437e-06,1.110056388443739250e-05,9.999988368314800535e-01
1.002946322891241915e-02,-2.476832525095958581e-01,-2.476752994793267604e-01,9.999937458956486003e-01,-2.476622295638961080e-01,1.999993745889311336e+00,-2.476629686202241332e-01,2.477248871761846272e-01,5.660199808931332816e-06,7.165325060089573403e-06,7.430200951493817016e-06,9.999968729446556681e-01
1.004005376736429207e-02,-2.476832649539685294e-01,-2.476864514939468853e-01,9.999964445021464199e-01,-2.476823107806957192e-01,1.999996444498543857e+00,-2.476853779607521844e-01,2.477371361050625664e-01,-6.336747439755904552e-07,4.783757060533181332e-06,4.018271051705078956e-06,9.999982222492719286e-01
1.005031402470421553e-02,-2.476832770102455061e-01,-2.476855584063151483e-01,1.000000869022919625e+00,-2.476794530731116217e-01,2.000000869023800476e+00,-2.476787113128620377e-01,2.477354520509807423e-01,6.981209184305707777e-07,-1.660300782067267216e-06,1.987104602817734889e-06,1.000000434511900016e+00
1.006030180151441973e-02,-2.476832887463448207e-01,-2.476871086477221984e-01,9.999953430734819237e-01,-2.476811040047606216e-01,1.999995343068763365e+00,-2.476815728626711455e-01,2.477366331299776236e-01,1.229124622540980007e-06,-3.593826268707157952e-06,2.949464060594918202e-06,9.999976715343816824e-01
1.006693570228257839e-02,-2.476832965414828558e-01,-2.476838031394159034e-01,9.999918062026942334e-01,-2.476777178427764792e-01,1.999991806194391764e+00,-2.476766754208932775e-01,2.477349241763799059e-01,8.228904418473543761e-06,9.054329729294676433e-06,1.095795276059230441e-05,9.999959030971957707e-01
1.007405462333952305e-02,-2.476833049065428338e-01,-2.476822351118009302e-01,9.999911607348087594e-01,-2.476721449954145948e-01,1.999991160725852035e+00,-2.476721674442683985e-01,2.477320160528749260e-01,1.341493883101211683e-05,1.378359380869104424e-05,1.303286353252753936e-05,9.999955803629260176e-01
1.008230720371551363e-02,-2.476833146037055733e-01,-2.476844793130862643e-01,9.999911160685425182e-01,-2.476782208344588398e-01,1.999991116059540719e+00,-2.476793289167008305e-01,2.477343527925596200e-01,9.039509816336666425e-06,9.059554443067418383e-06,9.427234998910689415e-06,9.999955580297703595e-01
1.009177019724466495e-02,-2.476833257231613461e-01,-2.476865803942233379e-01,9.999934957448998185e-01,-2.476831168365029590e-01,1.999993495738309202e+00,-2.476822194196278693e-01,2.477362612856942037e-01,9.147633710971072432e-06,1.064626042736043004e-05,9.666533630440774693e-06,9.999967478691546008e-01
1.010098163887661153e-02,-2.476833365470315351e-01,-2.476792487832194800e-01,9.999938408408133306e-01,-2.476717423152271502e-01,1.999993840834572545e+00,-2.476715798800556145e-01,2.477320644480335288e-01,3.327156120598847797e-06,2.054368742225500163e-06,3.241368463357181991e-06,9.999969204172862725e-01
1.011024881128343329e-02,-2.476833474363870358e-01,-2.476861601186545747e-01,9.999918902863947912e-01,-2.476753130257141611e-01,1.999991890278177475e+00,-2.476752827999521844e-01,2.477362049939511868e-01,1.405903745199027553e-05,1.183187889788333441e-05,1.527372566153187888e-05,9.999959451390886267e-01
1.012055856335008532e-02,-2.476833595508212416e-01,-2.476811845701463177e-01,9.999943993302418122e-01,-2.476707201178602324e-01,1.999994399324566796e+00,-2.476705372528473781e-01,2.477326386257332480e-01,1.239429059503780980e-05,1.182003254502706960e-05,1.178555046909748764e-05,9.999971996622833981e-01
1.013112675734261468e-02,-2.476833719689379987e-01,-2.476784447142459933e-01,9.999938084798145610e-01,-2.476765589355965635e-01,1.999993808473540913e+00,-2.476768607652017617e-01,2.477283909883350455e-01,4.263277780098336909e-06,6.216556614473937242e-06,6.204145570616253264e-06,9.999969042367704564e-01
1.014168033320245015e-02,-2.476833843698779680e-01,-2.476854289435720391e-01,9.999946146910723144e-01,-2.476826660390072654e-01,1.999994614685615568e+00,-2.476830670256589539e-01,2.477352069000514356e-01,-1.929131566398618185e-06,4.888800114088005756e-06,5.053300935187003775e-06,9.999973073428077841e-01
1.015124974287700925e-02,-2.476833956143770221e-01,-2.476861570359245035e-01,9.999973441795202422e-01,-2.476743257085876337e-01,1.999997344176829062e+00,-2.476741566291269792e-01,2.477358120871797353e-01,6.108232828825404270e-06,7.299322258243830923e-06,6.889355720429915751e-06,9.999986720884145308e-01
1.016129518270617038e-02,-2.476834074182313605e-01,-2.476775733045306627e-01,9.999945144265111052e-01,-2.476806482827138556e-01,1.999994514420952774e+00,-2.476808409509072828e-01,2.477308194715856782e-01,2.278496498321711243e-06,3.484910981935218607e-06,3.533941192346495855e-06,9.999972572104763868e-01
1.017421212602976667e-02,-2.476834225962377678e-01,-2.476824021898189621e-01,9.999925841448733532e-01,-2.476825332568035332e-01,1.999992584137359142e+00,-2.476819023828398803e-01,2.477320148899069818e-01,1.380457929479498489e-06,3.408249309803569011e-06,3.282663201148831477e-06,9.999962920686794599e-01
1.018630664458256528e-02,-2.476834368078571214e-01,-2.476826295438498415e-01,9.999971012433884754e-01,-2.476821165649681911e-01,1.999997101240451158e+00,-2.476830393464201641e-01,2.477325541818121146e-01,-4.164491277417738985e-06,1.800400028513221072e-07,4.795445764468555184e-06,9.999985506202255792e-01
1.020001822158454231e-02,-2.476834529195955648e-01,-2.476785503854469495e-01,9.999954986205755736e-01,-2.476807921582857286e-01,1.999995498616014444e+00,-2.476802597690792307e-01,2.477303554489958815e-01,-4.379593134594345487e-06,-2.154980990223149542e-07,4.332562652949441213e-06,9.999977493080072222e-01
1.021046680062116449e-02,-2.476834651971601409e-01,-2.476802267340903196e-01,9.999947434623155385e-01,-2.476748459673641101e-01,1.999994743456989132e+00,-2.476741622001623344e-01,2.477302481964543113e-01,5.036784382017551464e-06,3.884724541588207871e-06,5.830588249786215731e-06,9.999973717284945662e-01
1.022126638446222910e-02,-2.476834778871703779e-01,-2.476887637781208240e-01,9.999966784409001219e-01,-2.476871574132345766e-01,1.999996678437534481e+00,-2.476882785781736318e-01,2.477382322500333856e-01,4.833722693671863182e-06,4.948773475528815773e-06,4.625627882118672223e-06,9.999983392187672404e-01
1.023238554829735379e-02,-2.476834909527028394e-01,-2.476850364182877073e-01,9.999966366568032727e-01,-2.476862989731107301e-01,1.999996636653395443e+00,-2.476857691017230745e-01,2.477349931723853427e-01,2.592059940135748973e-06,2.169487351293394537e-06,2.806048649130232248e-06,9.999983183266977216e-01
1.024474311056757306e-02,-2.476835054734123909e-01,-2.476840022574983702e-01,9.999908033071001068e-01,-2.476722642179869649e-01,1.999990803297781339e+00,-2.476700985331978244e-01,2.477365494540547941e-01,9.276819352009035044e-06,9.689671301270165108e-06,9.625059553987884041e-06,9.999954016488906694e-01
1.025903653619067435e-02,-2.476835222688497373e-01,-2.476815367707250470e-01,9.999907254453944683e-01,-2.476779571560435989e-01,1.999990725435996763e+00,-2.476802431952206396e-01,2.477318755193106958e-01,4.994534100414298876e-06,3.946008233720887829e-07,4.540157774409288534e-06,9.999953627179983817e-01
1.026351001870057060e-02,-2.476835275253984336e-01,-2.476840507456044838e-01,9.999911997023606114e-01,-2.476826466955698025e-01,1.999991199693443411e+00,-2.476826486707502106e-01,2.477339790224751259e-01,4.470195343562528702e-06,1.676188405824533966e-06,4.999172790984211740e-06,9.999955998467217055e-01
1.027209288224124363e-02,-2.476835376106594488e-01,-2.476867781122686074e-01,9.999965821339416028e-01,-2.476794632834320720e-01,1.999996582130478151e+00,-2.476796350769066291e-01,2.477363072179003256e-01,7.497475444680687611e-06,6.094047016636552771e-06,7.339881692488628632e-06,9.999982910652390755e-01
1.028310731229133135e-02,-2.476835505531231607e-01,-2.476873013486926844e-01,9.999956696074615570e-01,-2.476824789866633458e-01,1.999995669603073623e+00,-2.476834241053589292e-01,2.477372907749908482e-01,6.642239190999118327e-06,6.259429805231087702e-06,6.723567254765099766e-06,9.999978348015368113e-01
1.030012112251067063e-02,-2.476835705451391478e-01,-2.476926270605527558e-01,9.999906298695431239e-01,-2.476893890914399488e-01,1.999990629860048497e+00,-2.476896661911018593e-01,2.477422585187213644e-01,7.012272183586358738e-06,9.417847577550956777e-06,9.304890696084324432e-06,9.999953149300242483e-01
1.031118670385377904e-02,-2.476835835477101400e-01,-2.476871355242766803e-01,9.999879672430941335e-01,-2.476800213578445320e-01,1.999987967230901553e+00,-2.476782006111991896e-01,2.477385805666863783e-01,6.155862816024268776e-06,1.130903799737278019e-05,1.162591038086440295e-05,9.999939836154507766e-01
1.032123862898468719e-02,-2.476835953591872141e-01,-2.476811459337466825e-01,9.999856867056962084e-01,-2.476534584069502720e-01,1.999985686691192699e+00,-2.476512457891373031e-01,2.477326989723396544e-01,2.407934573617955139e-05,1.395914051791195232e-05,2.485758389634982530e-05,9.999928433455964605e-01
1.033333739746009582e-02,-2.476836095757972145e-01,-2.476905708450293231e-01,9.999893802233584816e-01,-2.476646868701598281e-01,1.999989380212597867e+00,-2.476660641956972553e-01,2.477401746269730365e-01,2.380448345682060194e-05,1.569938276421769396e-05,2.223293860097188437e-05,9.999946901062988225e-01
1.034783466514952420e-02,-2.476836266107565188e-01,-2.476878107776672722e-01,9.999919916018293886e-01,-2.476782439226049293e-01,1.999991991593714546e+00,-2.476781924534253165e-01,2.477374143371944559e-01,7.081589764216212594e-06,1.401447021376842117e-05,1.452635813517317231e-05,9.999959957968572732e-01
1.035182070717625968e-02,-2.476836312945405738e-01,-2.476873933400923766e-01,9.999898506052039560e-01,-2.476770879998936858e-01,1.999989850594919849e+00,-2.476766889942176308e-01,2.477371036827437367e-01,8.336945445253827146e-06,1.585870576967224723e-05,1.601348210243071769e-05,9.999949252974598135e-01
1.036263100608717479e-02,-2.476836439971409620e-01,-2.476818907006290704e-01,9.999886972383960071e-01,-2.476704792790529186e-01,1.999988697226943168e+00,-2.476706107233550835e-01,2.477327220035832056e-01,1.581660521004560802e-05,1.262071717003748921e-05,1.509038253835184345e-05,9.999943486134715842e-01
1.037339114482615371e-02,-2.476828465441948401e-01,-2.476814730883441229e-01,9.999901916572888627e-01,-2.476757587057897836e-01,1.999990191647350146e+00,-2.476757837508321569e-01,2.477312725495459944e-01,6.847060777229064359e-06,6.279889933854666000e-06,6.115295122222638812e-06,9.999950958236751841e-01
1.038637260123229100e-02,-2.476806540744865837e-01,-2.476808946073902618e-01,9.999944598482132241e-01,-2.476771074048006449e-01,1.999994459842599381e+00,-2.476770586148634989e-01,2.477307598894326890e-01,2.664436882074313609e-06,2.074004557283978678e-06,3.204876017474078563e-06,9.999972299212996907e-01
1.039572534398964729e-02,-2.476796882017219537e-01,-2.476830144749840867e-01,9.999957721177286096e-01,-2.476823524820896127e-01,1.999995772113444703e+00,-2.476840352735707185e-01,2.477326752292476342e-01,5.375201260838497954e-07,-9.308373740327474510e-07,1.696089890903648961e-06,9.999978860567223515e-01
1.040391434263766499e-02,-2.476791115757688289e-01,-2.476790016952112594e-01,9.999967926064037282e-01,-2.476877983184358201e-01,1.999996792603153883e+00,-2.476855764639349089e-01,2.477316881289067518e-01,-5.808046391174782240e-06,-2.776935869549507999e-06,5.364086885567834571e-06,9.999983963015769417e-01
1.041345402808362998e-02,-2.476786538193261056e-01,-2.476689185418309569e-01,9.999954619002076051e-01,-2.476676902928402479e-01,1.999995461895609505e+00,-2.476682474157225478e-01,2.477225692134270574e-01,-2.333084880133591493e-07,3.582647975256670758e-06,3.518375810266522495e-06,9.999977309478046417e-01
1.042371114580425279e-02,-2.476783334055208674e-01,-2.476756305224040167e-01,9.999963348945900554e-01,-2.476788633835282361e-01,1.999996334890876248e+00,-2.476796737996916908e-01,2.477263674103438451e-01,4.671455628569255433e-07,1.935419850128359731e-06,1.740619654095774486e-06,9.999981674454381242e-01
1.043275503847597603e-02,-2.476781480405025881e-01,-2.476817387416099525e-01,1.000004082176438658e+00,-2.476868156716521552e-01,2.000004082180575349e+00,-2.476867852235130063e-01,2.477320233384874282e-01,1.757669641589122860e-06,-3.153194117446455700e-06,3.815140116182410609e-06,1.000002041090287674e+00
1.044299626347365041e-02,-2.476780097588558993e-01,-2.476728623304090826e-01,1.000004451697266150e+00,-2.476797525656646293e-01,2.000004451701776986e+00,-2.476796688331705520e-01,2.477245049021903900e-01,-2.336076320297635555e-06,-5.116240550725895545e-06,5.317962276309809612e-06,1.000002225850888493e+00
1.045203382484065704e-02,-2.476779296481161630e-01,-2.476849086185833604e-01,9.999984467794067466e-01,-2.476839908719825900e-01,1.999998446777832894e+00,-2.476854513028361182e-01,2.477346679528578954e-01,-1.194059855590169455e-06,-4.057065508094594425e-06,3.131187793934573653e-06,9.999992233889164472e-01
1.046249516478553292e-02,-2.476778688153610797e-01,-2.476845052063701980e-01,1.000001434757742391e+00,-2.476964482990845762e-01,2.000001434759196339e+00,-2.476965124692844245e-01,2.477343786003730619e-01,-4.908131835173937405e-06,-1.825610714394298757e-07,5.539760306186166507e-06,1.000000717379597948e+00
1.047189474901137965e-02,-2.476778333724246051e-01,-2.476796158851883312e-01,9.999972357427017178e-01,-2.476894212397123263e-01,1.999997235739900736e+00,-2.476869287127370922e-01,2.477309215471464321e-01,-3.640314262541387851e-06,6.188894615727895008e-06,7.573114074591087950e-06,9.999986178699503681e-01
1.048125716887002637e-02,-2.476778098874743428e-01,-2.476745705316298896e-01,9.999928872309775674e-01,-2.476595792140809937e-01,1.999992887223770444e+00,-2.476579393049077593e-01,2.477259555780692013e-01,1.580965400799767113e-05,1.606411575175385522e-05,1.581849397050810307e-05,9.999964436118852218e-01
1.049012506323487685e-02,-2.476777949250868749e-01,-2.476737565869205904e-01,9.999949403574535101e-01,-2.476710449041521767e-01,1.999994940352326722e+00,-2.476733839360564238e-01,2.477232795179485636e-01,1.869025803636796852e-07,4.137130154001461626e-06,2.733319375647776311e-06,9.999974701761633611e-01
1.049581636505824388e-02,-2.476777879493725076e-01,-2.476768595634443737e-01,9.999977218850758520e-01,-2.476830349773543327e-01,1.999997721882767587e+00,-2.476844701841854346e-01,2.477270517162554475e-01,-4.281136156071046951e-07,3.940909332608916112e-06,4.164505805835484807e-06,9.999988609413837937e-01
1.050384589014596512e-02,-2.476777806222193734e-01,-2.476810987887520243e-01,1.000001400241447680e+00,-2.476874755021742092e-01,2.000001400242866545e+00,-2.476870576976950289e-01,2.477309355472767372e-01,1.256583008927447237e-06,1.714929665007976953e-06,5.926571263891547472e-07,1.000000700121433272e+00
1.051494155556185160e-02,-2.476777739013852064e-01,-2.476841655000961984e-01,1.000001942265889010e+00,-2.476861614132032652e-01,2.000001942267857213e+00,-2.476860130474131116e-01,2.477339473183381158e-01,-3.012565244515472371e-06,-7.167349736781930811e-06,7.507364734904630850e-06,1.000000971133928607e+00
1.052419773551828246e-02,-2.476777703016196652e-01,-2.476818381252064438e-01,9.999979487101682274e-01,-2.476807752934753470e-01,1.999997948708089668e+00,-2.476793837953010224e-01,2.477335912501315018e-01,2.318800746854669470e-06,-5.126891135011277946e-06,4.157567365376768622e-06,9.999989743540449449e-01
1.053693512944224933e-02,-2.476777672003316610e-01,-2.476781660623010028e-01,9.999937413605148873e-01,-2.476728872993476382e-01,1.999993741354173071e+00,-2.476739310242204450e-01,2.477284352703434112e-01,3.693843339373232240e-06,2.458487571963182092e-06,3.118092185991525944e-06,9.999968706770865357e-01
1.054803821796389783e-02,-2.476777655841156112e-01,-2.476725816359857668e-01,9.999963186750577826e-01,-2.476730619748939988e-01,1.999996318671327655e+00,-2.476721823166139202e-01,2.477264911356583943e-01,2.787758214174044998e-06,4.745135703682308036e-06,4.762249936152122667e-06,9.999981593356638276e-01
1.055838792872683049e-02,-2.476777646307370406e-01,-2.476742147764001423e-01,9.999996588141453202e-01,-2.476695118190785916e-01,1.999999658813799819e+00,-2.476694588105528005e-01,2.477244582957577601e-01,2.114461146493205392e-06,1.414347162934335506e-06,2.250860559962477281e-06,9.999998294068997984e-01
1.057010820638886600e-02,-2.476777639499318506e-01,-2.476742769159974988e-01,1.000002541253809385e+00,-2.476673724526199938e-01,2.000002541256384880e+00,-2.476674404378351735e-01,2.477241026668639823e-01,4.305731428256549546e-06,-3.858669471839644817e-07,4.091045240285100365e-06,1.000001270628192218e+00
1.058001372700929921e-02,-2.476777635822175194e-01,-2.476781270122720147e-01,1.000004012822098165e+00,-2.476906050127424819e-01,2.000004012826164246e+00,-2.476931285844081454e-01,2.477281065126938908e-01,-9.022492335129554802e-06,-8.695202131096966202e-06,1.019043391627247322e-05,1.000002006413082123e+00
1.059006525095708071e-02,-2.476777633316093741e-01,-2.476805479972191137e-01,1.000002336182004070e+00,-2.476959277565685680e-01,2.000002336184371732e+00,-2.476962586748530093e-01,2.477302482276753648e-01,-1.831780159315553170e-05,-6.070843548374035737e-06,1.908085413469120810e-05,1.000001168092185644e+00
1.060000811007790616e-02,-2.476777631624433595e-01,-2.476749492880132575e-01,1.000000604807573801e+00,-2.476811932641412028e-01,2.000000604808186644e+00,-2.476789303748163917e-01,2.477267254936488805e-01,-6.746928199252251762e-07,1.972328143786062106e-06,2.958032450578032295e-06,1.000000302404093322e+00
1.060722894371636527e-02,-2.476777630725462975e-01,-2.476788360778675036e-01,9.999984879510296354e-01,-2.476785603822331261e-01,1.999998487949497639e+00,-2.476792725263633199e-01,2.477290973336170321e-01,1.231685883856277605e-06,1.613806428674555581e-06,1.352695734876653656e-06,9.999992439747488193e-01
1.061999999999999923e-02,-2.476777629577240902e-01,-2.476771979794696321e-01,9.999996306997352979e-01,-2.476781164950221381e-01,1.999999630699361042e+00,-2.476776350696982820e-01,2.477281602908859293e-01,2.074116530600826945e-06,3.728787925129956576e-07,2.200491427339096374e-06,9.999998153496805209e-01
1.062969571255622733e-02,-2.476777628951669641e-01,-2.476731934261841850e-01,9.999990976656631947e-01,-2.476820219352784125e-01,1.999999097664748815e+00,-2.476824708428753408e-01,2.477239181793414735e-01,-6.485486398248648207e-06,-1.730459256993721054e-06,7.261647501091047047e-06,9.999995488323745185e-01
1.063999999999999842e-02,-2.476777628431008627e-01,-2.476797067642639016e-01,9.999987270959913577e-01,-2.476830554754476665e-01,1.999998727094701501e+00,-2.476833594240195613e-01,2.477300249933035159e-01,-5.228189349039475534e-06,-3.471161379275625038e-06,5.252913060540227106e-06,9.999993635473507503e-01
1.065023374835485405e-02,-2.476777628008882681e-01,-2.476795727494862653e-01,1.000002082700095718e+00,-2.476928409853546564e-01,2.000002082702205808e+00,-2.476933929424240122e-01,2.477291097323730262e-01,-7.767520628558831293e-06,-2.693765126867760123e-06,7.963895480976035865e-06,1.000001041351102904e+00
1.066079260082106357e-02,-2.476777627636596590e-01,-2.476821103649461675e-01,9.999999701270799735e-01,-2.476860778979798616e-01,1.999999970127049664e+00,-2.476848060239311144e-01,2.477315775077258142e-01,-4.437766787350744489e-06,7.057215760839232149e-06,7.418257891085903132e-06,9.999999850635248322e-01
1.067054186172211420e-02,-2.476777627329436737e-01,-2.476734115086233479e-01,9.999974677066965079e-01,-2.476684208076020133e-01,1.999997467704130782e+00,-2.476672731708307040e-01,2.477271542813650196e-01,2.784477295434189609e-06,2.749320141931567881e-06,3.077789118597448453e-06,9.999987338520652802e-01
1.068076723776448765e-02,-2.476777627031512830e-01,-2.476679794299758153e-01,9.999965559551514671e-01,-2.476625014096549560e-01,1.999996555951661703e+00,-2.476619347669777593e-01,2.477192743928968433e-01,9.849140581018443294e-06,5.351849226494679736e-06,9.728198013018048344e-06,9.999982779758308515e-01
1.069032307758907389e-02,-2.476777626767710239e-01,-2.476765996966468208e-01,1.000000337535686734e+00,-2.476812672791409986e-01,2.000000337536028461e+00,-2.476837885996017730e-01,2.477268976943037271e-01,-6.002313322392083874e-06,-3.985433301777854480e-06,7.819663499409817102e-06,1.000000168768014452e+00
1.070000241432292505e-02,-2.476777626509878982e-01,-2.476790427124697935e-01,1.000006214132449278e+00,-2.476752212819516574e-01,2.000006214138746241e+00,-2.476736844649792268e-01,2.477287696106310333e-01,-5.060168524264500457e-06,-3.133785008046732716e-06,4.460054466941310757e-06,1.000003107069372899e+00
1.070972417855647549e-02,-2.476777626257173071e-01,-2.476716381667612710e-01,1.000004399711109437e+00,-2.476860434066814887e-01,2.000004399715567871e+00,-2.476871635543982098e-01,2.477247238743628122e-01,-5.154851396529956176e-06,-3.155739564290204572e-06,4.929111996898316403e-06,1.000002199857783713e+00
1.071863213310172633e-02,-2.476777626029267876e-01,-2.476769043280984683e-01,1.000000043068633548e+00,-2.476721847735393889e-01,2.000000043068677069e+00,-2.476702879072724406e-01,2.477272749385152906e-01,2.612436694895576072e-06,6.723187185637594580e-06,7.766356197208127123e-06,1.000000021534338535e+00
1.072424795141444301e-02,-2.476777625886842638e-01,-2.476802793186295149e-01,1.000000069906324729e+00,-2.476728951729383621e-01,2.000000069906395783e+00,-2.476749860348604060e-01,2.477302529917151663e-01,3.593174795229697452e-06,4.858482938027104938e-06,3.485052960140245713e-06,1.000000034953197892e+00
1.074000000000000128e-02,-2.476777625490758916e-01,-2.476816554150925165e-01,1.000001707544462493e+00,-2.476993184921343905e-01,2.000001707546192886e+00,-2.476997388674395395e-01,2.477314040352676383e-01,-1.270961010297032775e-05,-1.278093557382423767e-05,1.314482287705216262e-05,1.000000853773096443e+00
1.074488084065331438e-02,-2.476777625368702107e-01,-2.476841114361468532e-01,9.999990381424376240e-01,-2.476987597315809253e-01,1.999999038141463181e+00,-2.476978691260886267e-01,2.477343173195062642e-01,-7.392118375869078861e-06,-5.641329893757861137e-06,5.442912646477393211e-06,9.999995190707314796e-01
1.075229488653335792e-02,-2.476777625183741449e-01,-2.476869271985377985e-01,9.999958332873543077e-01,-2.476898829926641732e-01,1.999995833283132241e+00,-2.476884113626369455e-01,2.477366524151403404e-01,5.295036403710373645e-06,5.396538680894749321e-06,5.535131304400592168e-06,9.999979166415661203e-01
1.076153512831712344e-02,-2.476777624953719614e-01,-2.476794008341514086e-01,9.999947070616490574e-01,-2.476821962308675129e-01,1.999994707056285792e+00,-2.476808454967325823e-01,2.477323276558536791e-01,4.233794426243608075e-07,2.693188066713859902e-06,2.809559378159641134e-06,9.999973535281428960e-01
1.077003029999999868e-02,-2.476735736070951321e-01,-2.476778294814559467e-01,9.999925131184966842e-01,-2.476677192835217700e-01,1.999992513110910419e+00,-2.476659144053630635e-01,2.477276542064055509e-01,-1.645069762124139173e-06,5.953685299567657332e-06,6.428476826008174665e-06,9.999962565554552096e-01
1.077657254882745039e-02,-2.476734760893457288e-01,-2.476718160358126475e-01,9.999925716692085187e-01,-2.476648468978974171e-01,1.999992571661681318e+00,-2.476652359778519497e-01,2.477240469347898599e-01,4.511665102732756529e-06,1.044117355019242985e-05,1.091228785173279084e-05,9.999962858308407698e-01
1.079000095822269835e-02,-2.476734918683519138e-01,-2.476694671784125945e-01,9.999991781003606528e-01,-2.476512618735805249e-01,1.999999178099527875e+00,-2.476495595002985439e-01,2.477190581247534218e-01,1.392299785300136381e-05,7.623027636383123579e-06,1.450974992820303891e-05,9.999995890497639373e-01
1.079649833488116432e-02,-2.476734995030695496e-01,-2.476727702514721075e-01,1.000002855391987744e+00,-2.476662254955303843e-01,2.000002855394880985e+00,-2.476699894523378687e-01,2.477229261050122033e-01,4.136781612541190248e-06,-1.342552800023849861e-06,2.883008590782248691e-06,1.000001427697440493e+00
1.080382825897708773e-02,-2.476735081160696683e-01,-2.476757617214528917e-01,1.000005891649228040e+00,-2.476870085578701530e-01,2.000005891655197932e+00,-2.476876589443938459e-01,2.477253804911359325e-01,-6.289440344290462103e-06,-7.754761597762435731e-06,7.656439573911293480e-06,1.000002945827598966e+00
1.082004317382751803e-02,-2.476735271693505658e-01,-2.476705045819347639e-01,1.000004519275814907e+00,-2.476730272134127497e-01,2.000004519280394355e+00,-2.476711830410920356e-01,2.477222813915659072e-01,-3.048004717234254520e-06,-1.981252908803613453e-06,2.679246100255512624e-06,1.000002259640197178e+00
1.083034773759384770e-02,-2.476735392776926725e-01,-2.476782173383972052e-01,1.000001868983126041e+00,-2.476799806742217003e-01,2.000001868985020081e+00,-2.476815667408773514e-01,2.477281217564353544e-01,-9.404131062896677241e-06,2.888561985786193774e-06,9.435363015887109143e-06,1.000000934492510041e+00
1.084000000000000068e-02,-2.476735506195506531e-01,-2.476707059636761299e-01,1.000003918276265669e+00,-2.476719471251656868e-01,2.000003918280235826e+00,-2.476706505119050938e-01,2.477237358070459861e-01,4.960656302792249276e-06,8.693216615300196385e-07,6.477770984606966696e-06,1.000001959140118135e+00
1.084321212520688964e-02,-2.476735543939465878e-01,-2.476703237797337476e-01,1.000004356034365660e+00,-2.476707679681436625e-01,2.000004356038779463e+00,-2.476717605646653886e-01,2.477216804304993025e-01,2.741249612569141853e-06,-1.309329266938625343e-06,2.034550256123719266e-06,1.000002178019389731e+00
1.085175210152596915e-02,-2.476735644288157734e-01,-2.476723975090731611e-01,1.000002197543599092e+00,-2.476816919635331793e-01,2.000002197545826199e+00,-2.476816337972532478e-01,2.477223778020518630e-01,-7.534791952223034655e-06,-3.984330829782386585e-06,6.715118517747167366e-06,1.000001098772912878e+00
1.086050523497724025e-02,-2.476735747141539656e-01,-2.476767658835862251e-01,1.000003648907057840e+00,-2.476712499473951723e-01,2.000003648910755327e+00,-2.476707133021393836e-01,2.477271481935325870e-01,3.535924489153199989e-06,3.391394597474580314e-07,3.784056689813009564e-06,1.000001824455377664e+00
1.087000000000000292e-02,-2.476735858709434024e-01,-2.476893720055207138e-01,1.000005614575678381e+00,-2.476979021677590542e-01,2.000005614581367830e+00,-2.477012785142136131e-01,2.477402941422053306e-01,-1.054673637934141537e-05,-5.842094505566221422e-06,1.207040695384766293e-05,1.000002807290683915e+00
1.087582313179821618e-02,-2.476735927133932591e-01,-2.476858085641168994e-01,1.000004192223604704e+00,-2.476911254039939891e-01,2.000004192227852862e+00,-2.476878839665064280e-01,2.477373193509479210e-01,-6.978936865878772548e-06,-3.558676227572898958e-06,5.667394069036235776e-06,1.000002096113926209e+00
1.088490060836195400e-02,-2.476736033798481174e-01,-2.476767021060875262e-01,9.999984644059966010e-01,-2.476705058061408893e-01,1.999998464404440401e+00,-2.476702094040912905e-01,2.477312275660172869e-01,1.331781127349149247e-06,3.026096879102426327e-07,1.436948324772744473e-06,9.999992322022202007e-01
1.089539637626256267e-02,-2.476736157128630877e-01,-2.476706348426730986e-01,9.999913999713065937e-01,-2.476697293428320457e-01,1.999991399962592231e+00,-2.476701545810037763e-01,2.477212741048908096e-01,4.038835693083418313e-06,2.629634075126555862e-06,4.260369764151835649e-06,9.999956999812962266e-01
1.091000000000000129e-02,-2.476736328728008918e-01,-2.476755581515261151e-01,1.000001306404168400e+00,-2.476818048906633540e-01,2.000001306405492674e+00,-2.476826641911621385e-01,2.477256565630057694e-01,3.748278030622356080e-06,-3.313081682144706187e-06,3.827317563307991394e-06,1.000000653202746115e+00
1.092003496510486615e-02,-2.476736446643520717e-01,-2.476798093098937226e-01,1.000005856792502756e+00,-2.476860223873688926e-01,2.000005856798437343e+00,-2.476861885070950065e-01,2.477297251300741021e-01,-1.854200897861292262e-06,-5.313743099725094302e-06,5.144929847076460845e-06,1.000002928399218671e+00
1.093053644265392331e-02,-2.476736570040770080e-01,-2.476762657108268206e-01,1.000003361465978458e+00,-2.476717253695588372e-01,2.000003361469384622e+00,-2.476697197432471687e-01,2.477269538267087845e-01,5.897131759810992914e-06,1.161740334763337217e-06,6.363299109031422984e-06,1.000001680734692311e+00
1.094029091745668363e-02,-2.476736684660382493e-01,-2.476757358188306501e-01,9.999993655160033246e-01,-2.476646884221623823e-01,1.999999365515360505e+00,-2.476648295258580268e-01,2.477252428832142084e-01,6.080093974406564360e-07,6.207424203061627450e-06,6.342657569609980601e-06,9.999996827576802527e-01
1.095024706010779871e-02,-2.476736801649702668e-01,-2.476707621544972371e-01,9.999994806380834156e-01,-2.476752499618844472e-01,1.999999480637557392e+00,-2.476763206217745261e-01,2.477220553283994153e-01,-4.831512775816140489e-06,-2.019143035176205523e-06,5.540102210709702523e-06,9.999997403187785849e-01
1.096000707300632399e-02,-2.476736916334384697e-01,-2.476745630893091854e-01,1.000001377299227778e+00,-2.476682248579105405e-01,2.000001377300623773e+00,-2.476670472194452133e-01,2.477245673923575697e-01,2.730311495983668486e-06,-6.487988859124282498e-07,3.819988783914738330e-06,1.000000688650311664e+00
1.096727491632863011e-02,-2.476737001734910237e-01,-2.476771663142942614e-01,1.000003240934794313e+00,-2.476737005672583758e-01,2.000003240938078353e+00,-2.476753122436224919e-01,2.477270423007069122e-01,-1.781610489581367049e-06,-7.481721943565501599e-06,8.679454745854082090e-06,1.000001620469039176e+00
1.097492576897347166e-02,-2.476737091635977939e-01,-2.476772375160135597e-01,1.000004830953528989e+00,-2.476833916973774363e-01,2.000004830958423963e+00,-2.476836251661613253e-01,2.477270455037524632e-01,-7.247867153206914325e-06,-9.927495700435981724e-06,9.318729854572550556e-06,1.000002415479211981e+00
1.098688065913568448e-02,-2.476737232111495546e-01,-2.476702420797062820e-01,1.000001697073735096e+00,-2.476759869704490691e-01,2.000001697075454832e+00,-2.476748777320485206e-01,2.477229704652547937e-01,-2.295424775735055463e-06,-4.080305758820020700e-06,3.911661122319879838e-06,1.000000848537727416e+00
1.100003498314704696e-02,-2.476737386680939734e-01,-2.476712660494031215e-01,1.000000946385603218e+00,-2.476750041573090311e-01,2.000000946386562006e+00,-2.476757913475925166e-01,2.477212925963928614e-01,-4.216122336434384634e-06,-1.123746691105111708e-06,4.730229623417012566e-06,1.000000473193281003e+00
1.101004416416807331e-02,-2.476737504293469450e-01,-2.476709868940703829e-01,1.000006042269089290e+00,-2.476745146712752144e-01,2.000006042275211726e+00,-2.476742359694611706e-01,2.477205180141882901e-01,1.183083501659035809e-06,8.924144736228563686e-07,1.765457605539910158e-06,1.000003021137605863e+00
1.101531037337228486e-02,-2.476737566173858318e-01,-2.476750423732839157e-01,1.000007808064691250e+00,-2.476806938457039586e-01,2.000007808072603144e+00,-2.476829908664271718e-01,2.477255311709325447e-01,-2.971797920816345944e-06,-6.386572022509060365e-06,7.923394772696139439e-06,1.000003904036301572e+00
1.102428199455413559e-02,-2.476737671594567425e-01,-2.476777401764717612e-01,1.000006655731989103e+00,-2.476932517893295771e-01,2.000006655738733485e+00,-2.476922842912248068e-01,2.477281448089690696e-01,-8.539392398667196510e-06,-1.360885923847939439e-05,1.353724922955110793e-05,1.000003327869366743e+00
1.103271319067151111e-02,-2.476737770665043969e-01,-2.476725772521002067e-01,1.000005070676844410e+00,-2.476825463502485558e-01,2.000005070681982744e+00,-2.476816321462768644e-01,2.477240153413596269e-01,-4.945121136773719603e-06,-1.146182571917584734e-05,1.050881462182290740e-05,1.000002535340991150e+00
1.105001917817747224e-02,-2.476737974018461408e-01,-2.476762551339463658e-01,1.000001475188226907e+00,-2.476729928279159387e-01,2.000001475189721489e+00,-2.476732662573452037e-01,2.477260311878500543e-01,-4.130648609555514207e-06,3.196909649272168628e-06,4.621409330790595234e-06,1.000000737594860745e+00
1.106001908063436109e-02,-2.476738091521968887e-01,-2.476795072292896638e-01,1.000003522556941249e+00,-2.476767069481222161e-01,2.000003522560510394e+00,-2.476769295736794829e-01,2.477293523128556996e-01,-1.253642993127836700e-06,-4.602916010164377713e-07,7.621497934843722660e-07,1.000001761280255419e+00
1.107029266863923493e-02,-2.476738212241410553e-01,-2.476705441313447609e-01,1.000001751010867856e+00,-2.476691809486155638e-01,2.000001751012642437e+00,-2.476677719650202669e-01,2.477245070195246979e-01,6.719044273832682033e-06,5.231587682174440525e-06,7.584569439960916504e-06,1.000000875506321218e+00
1.108000336502047885e-02,-2.476738326346601959e-01,-2.476849341552146144e-01,9.999995544090548583e-01,-2.476784420448382984e-01,1.999999554408603331e+00,-2.476802341749276271e-01,2.477361505077484705e-01,2.908986285799106686e-06,-9.254728958365169351e-07,2.185578220743940212e-06,9.999997772043016653e-01
1.108439522259400782e-02,-2.476738377952949766e-01,-2.476823174322227983e-01,9.999999746639116616e-01,-2.476792713263892831e-01,1.999999974663885904e+00,-2.476777259178367108e-01,2.477332584209346322e-01,5.398164865373808521e-06,1.936685542276240196e-06,6.653157769284615465e-06,9.999999873319429522e-01
1.109179104760254185e-02,-2.476738464857335675e-01,-2.476735239331613048e-01,1.000002491136381844e+00,-2.476665203530977466e-01,2.000002491138906269e+00,-2.476657745775358854e-01,2.477287721762282124e-01,1.181928462553296254e-05,5.755872834167436973e-06,1.067184135432858179e-05,1.000001245569453134e+00
1.110011687766955177e-02,-2.476738562689701217e-01,-2.476669753930336726e-01,9.999986272304433044e-01,-2.476724509604167901e-01,1.999998627229052195e+00,-2.476730592147669552e-01,2.477203183775033846e-01,-2.337275931674303115e-06,-9.200832475445279847e-08,3.536685106816935671e-06,9.999993136145260975e-01
1.110539895365826243e-02,-2.476738624756535667e-01,-2.476664843712006459e-01,9.999964956992241083e-01,-2.476653753929523583e-01,1.999996495695673282e+00,-2.476631304267244427e-01,2.477162835301261745e-01,3.208867302691884537e-06,2.923814317594387176e-06,4.748562967009051151e-06,9.999982478478365300e-01
1.111316997821793287e-02,-2.476738716069690205e-01,-2.476698251468266443e-01,1.000000920982241137e+00,-2.476566568055570683e-01,2.000000920983174613e+00,-2.476582021934562727e-01,2.477207018190301091e-01,7.406366758430273942e-06,2.409413619557211862e-06,6.540211374764555277e-06,1.000000460491587084e+00
1.112217034698726771e-02,-2.476738821828218251e-01,-2.476788169643277249e-01,1.000007926811815828e+00,-2.476734596071825112e-01,2.000007926819848070e+00,-2.476740761425064441e-01,2.477285351490576826e-01,-1.732393913436581504e-06,-1.661930124808267988e-06,3.418861138507894351e-06,1.000003963409923813e+00
1.113163991783187347e-02,-2.476738933100072759e-01,-2.476685385401033723e-01,1.000009292711179887e+00,-2.476773782179181038e-01,2.000009292720595688e+00,-2.476790716265272752e-01,2.477227025136179706e-01,-1.849513029103114968e-05,-1.386706897970824320e-05,1.905799685064949185e-05,1.000004646360298066e+00
1.114162492843345960e-02,-2.476739050428584388e-01,-2.476800136997465707e-01,1.000002826759333052e+00,-2.476931878876351689e-01,2.000002826762197206e+00,-2.476930090884386648e-01,2.477294804236815917e-01,-1.361817273954921088e-05,-7.806258906595369212e-06,1.271437601656855478e-05,1.000001413381098825e+00
1.115120530246710602e-02,-2.476739163002445732e-01,-2.476725002207813275e-01,1.000004197908873405e+00,-2.476829280553057844e-01,2.000004197913126891e+00,-2.476831028312916350e-01,2.477249866130305511e-01,-8.532243468786790213e-06,-3.590150328176811956e-06,8.312010089319861518e-06,1.000002098956563445e+00
1.116135768449389928e-02,-2.476739282297669709e-01,-2.476817640794029829e-01,1.000001846495030655e+00,-2.476878901897582863e-01,2.000001846496901603e+00,-2.476877692184968338e-01,2.477317588837829876e-01,-1.686983069060975571e-06,1.325401517837870533e-06,1.154415713229701197e-06,1.000000923248450801e+00
1.117051967468181244e-02,-2.476739389955315007e-01,-2.476842094596475585e-01,1.000001417569746920e+00,-2.476892235823902888e-01,2.000001417571183104e+00,-2.476906966401205001e-01,2.477336770217572481e-01,-7.817206227027044196e-06,-8.844725876436632407e-06,9.079771966122872326e-06,1.000000708785591774e+00
1.117755768470323451e-02,-2.476739472655190843e-01,-2.476757660860672561e-01,1.000000883005352392e+00,-2.476836764841973404e-01,2.000000883006247232e+00,-2.476816293225884147e-01,2.477303754196966135e-01,-2.538975436302045175e-06,2.517283983950268100e-06,4.731193059911585363e-06,1.000000441503123616e+00
1.118461280092142296e-02,-2.476739555556080885e-01,-2.476719710318283640e-01,9.999969304723275165e-01,-2.476701966598752469e-01,1.999996930469217338e+00,-2.476690019969732814e-01,2.477235460720709492e-01,5.564946515331820217e-06,1.350966355426547637e-05,1.431732985414612356e-05,9.999984652346085579e-01
1.119248466108728121e-02,-2.476739648054106790e-01,-2.476731918017184009e-01,9.999952086469591217e-01,-2.476695802160116533e-01,1.999995208642104005e+00,-2.476706176304015183e-01,2.477226679712653257e-01,4.175184970707567032e-06,1.352100824966768936e-05,1.124093814122643181e-05,9.999976043210521137e-01
1.120076936020408809e-02,-2.476739745403173099e-01,-2.476724700747824914e-01,1.000000327425397240e+00,-2.476918041802862458e-01,2.000000327425728752e+00,-2.476948488982146923e-01,2.477220293893318548e-01,-1.587611672362991566e-05,-9.802609852777146503e-06,1.793701396146211798e-05,1.000000163712864376e+00
1.120821765277761964e-02,-2.476739832924059470e-01,-2.476701826536371054e-01,1.000004040696026664e+00,-2.476862891985439352e-01,2.000004040700120722e+00,-2.476843414937183463e-01,2.477205206373499780e-01,-1.121207519891921011e-05,-5.818692737633527383e-06,9.660703177652994302e-06,1.000002020350060361e+00
1.121794185683194778e-02,-2.476739947187972524e-01,-2.476749916180879529e-01,1.000004426111039457e+00,-2.476810594121738318e-01,2.000004426115524314e+00,-2.476816290849081503e-01,2.477253479692430593e-01,-2.697339157117295479e-06,-1.580708399685029466e-06,2.279342427043328478e-06,1.000002213057762157e+00
1.123000155378915330e-02,-2.476740088895034442e-01,-2.476720127822660544e-01,1.000005997596495888e+00,-2.476809572524765746e-01,2.000005997602573249e+00,-2.476807474234946072e-01,2.477235263248980524e-01,-6.137568150723217257e-06,-6.732288805588243048e-06,7.312681961883626027e-06,1.000002998801286624e+00
1.123566764710471830e-02,-2.476740155474253802e-01,-2.476739563552480816e-01,1.000005383491140876e+00,-2.476762916117970503e-01,2.000005383496596068e+00,-2.476746425487274805e-01,2.477240332117054411e-01,-2.051232368631258549e-06,-9.649423285604879326e-07,5.761484161657637709e-07,1.000002691748297812e+00
1.124295545369078178e-02,-2.476740241109374741e-01,-2.476759960610854516e-01,1.000002833422040549e+00,-2.476660961324395338e-01,2.000002833424911586e+00,-2.476651721233670556e-01,2.477256184172113851e-01,7.157361661188995939e-06,7.239387517694354433e-06,7.088041357123667379e-06,1.000001416712455793e+00
1.125777040255383256e-02,-2.476740415191924505e-01,-2.476745104349704074e-01,1.000003266870978624e+00,-2.476781455637695195e-01,2.000003266874288865e+00,-2.476796454672437475e-01,2.477243150096370972e-01,-3.886595352080006770e-06,-1.635440693554730518e-06,4.559794673050755485e-06,1.000001633437144433e+00
1.127160986318554402e-02,-2.476740577812040767e-01,-2.476774975349276264e-01,1.000002916629192828e+00,-2.476927345712743311e-01,2.000002916632148242e+00,-2.476932084757575148e-01,2.477269637562157512e-01,-1.342972720453964251e-05,-1.026600755936080940e-05,1.310692857389436771e-05,1.000001458316074121e+00
1.128093402481612773e-02,-2.476740687375284522e-01,-2.476759191013456762e-01,1.000002672129239878e+00,-2.476778990864783037e-01,2.000002672131947712e+00,-2.476761040099356159e-01,2.477257723061757622e-01,-2.468393213201885854e-06,-4.590670704698464611e-06,4.597255201816202247e-06,1.000001336065973856e+00
1.129028581527686224e-02,-2.476740797263165261e-01,-2.476712578706677936e-01,1.000000806323627200e+00,-2.476748925535318668e-01,2.000000806324444547e+00,-2.476747676919877350e-01,2.477224460015162999e-01,-6.786308593309867392e-06,-8.731604869444985532e-06,8.733077503478032044e-06,1.000000403162222273e+00
1.129800410243892231e-02,-2.476740887956624115e-01,-2.476745513058265236e-01,1.000000502104983147e+00,-2.476728196288070227e-01,2.000000502105491851e+00,-2.476719854346637051e-01,2.477246143413953938e-01,-4.909370911480610514e-07,1.263346526480840108e-06,2.640479781195757987e-06,1.000000251052745925e+00
1.130369802392660467e-02,-2.476740954862844402e-01,-2.476753256988823704e-01,1.000001592451619015e+00,-2.476680358187883235e-01,2.000001592453232391e+00,-2.476667358126948271e-01,2.477249325984361705e-01,5.293915549596962365e-06,3.215366198456780461e-06,5.725267649547844726e-06,1.000000796226616417e+00
1.131144340879705439e-02,-2.476741045874732428e-01,-2.476734494634447448e-01,1.000003932128155304e+00,-2.476650006709877616e-01,2.000003932132139450e+00,-2.476663119690417636e-01,2.477233599299865363e-01,5.156498669358090623e-06,-2.565117229479306659e-06,3.622098681162265885e-06,1.000001966066069725e+00
1.132097269881700112e-02,-2.476741157848323105e-01,-2.476757691110726967e-01,1.000003271854303932e+00,-2.476902144080957435e-01,2.000003271857619058e+00,-2.476919206127749518e-01,2.477257234784211448e-01,-7.947094029624507172e-06,-7.099982808279347226e-08,7.865537640111213384e-06,1.000001635928809529e+00
1.133084014158938953e-02,-2.476741273795373954e-01,-2.476805857670101030e-01,1.000002825916667781e+00,-2.476871785277290350e-01,2.000002825919531269e+00,-2.476880104769942359e-01,2.477301228941524436e-01,-3.845926208435714685e-06,-1.579974704477941143e-06,3.845984954495673043e-06,1.000001412959765634e+00
1.134133392607233719e-02,-2.476741397102238118e-01,-2.476767348631866705e-01,1.000002039894344552e+00,-2.476896365074642559e-01,2.000002039896411787e+00,-2.476874573826640669e-01,2.477274782463956271e-01,3.123120951764782539e-07,5.107014398033864703e-06,5.514184620021332715e-06,1.000001019948205672e+00
1.135218274318500545e-02,-2.476741524580890197e-01,-2.476720246241283785e-01,9.999985360194709738e-01,-2.476578436281746121e-01,1.999998536017987494e+00,-2.476572293215773546e-01,2.477223375241612846e-01,1.003491324068196233e-05,7.289657202361873045e-06,1.019155261774468715e-05,9.999992680089937469e-01
1.136214077204939985e-02,-2.476741641592351273e-01,-2.476765293456522632e-01,9.999995647300911061e-01,-2.476743135665281093e-01,1.999999564729650015e+00,-2.476761364677289579e-01,2.477269044341343374e-01,4.956023405222888834e-06,-3.743619414948670918e-06,4.336461883220452834e-06,9.999997823648250073e-01
1.137157181122736352e-02,-2.476741752411451836e-01,-2.476833340387243620e-01,1.000003259526861088e+00,-2.476887891234465233e-01,2.000003259530163557e+00,-2.476893447734656861e-01,2.477328532016074836e-01,-6.255061239375554235e-07,-8.076463505110659510e-06,7.658989750317951757e-06,1.000001629765082001e+00
1.138129379828694068e-02,-2.476741866649327939e-01,-2.476733654358307390e-01,1.000002529490463754e+00,-2.476763231516003749e-01,2.000002529493026593e+00,-2.476752592998752167e-01,2.477276081513086481e-01,-6.152848028453718210e-06,3.628769984081324960e-07,5.770404978525923505e-06,1.000001264746513296e+00
1.139181812191878210e-02,-2.476741990315028952e-01,-2.476768820779244040e-01,9.999971579184638859e-01,-2.476772063689973713e-01,1.999997157915583967e+00,-2.476777877860365518e-01,2.477263770900887951e-01,-4.039872972894622499e-06,5.596875327605694106e-07,4.056385576689434011e-06,9.999985789577919837e-01
1.140185772455696959e-02,-2.476742108285048261e-01,-2.476735958595398246e-01,1.000000106104660391e+00,-2.476861361212442658e-01,2.000000106104767639e+00,-2.476860915315624023e-01,2.477235431746253325e-01,-9.652872524010278966e-06,-8.334882943923102523e-06,9.092503737283358866e-06,1.000000053052383819e+00
1.141049925623402982e-02,-2.476742209827063890e-01,-2.476779636762893588e-01,1.000001615939832167e+00,-2.476707065527527507e-01,2.000001615941469524e+00,-2.476686218265279904e-01,2.477275815303819906e-01,5.175510354181664758e-06,1.707080905566784273e-06,6.458138504984106560e-06,1.000000807970734762e+00
1.141715285635784040e-02,-2.476742288009951276e-01,-2.476745392040862470e-01,1.000001740478622780e+00,-2.476754965337678582e-01,2.000001740480386925e+00,-2.476771534645224870e-01,2.477256954502874420e-01,-2.342406051932315868e-06,-1.707451732199361475e-06,4.185650690418474157e-06,1.000000870240193240e+00
1.142345751360180663e-02,-2.476742362092602678e-01,-2.476740505504273493e-01,1.000002372560987451e+00,-2.476799264262880829e-01,2.000002372563391528e+00,-2.476786161744407855e-01,2.477242961346834971e-01,-7.104332053328480243e-06,-4.536398719546443402e-06,5.956031131778073219e-06,1.000001186281695764e+00
1.143195968027906073e-02,-2.476742461997019085e-01,-2.476792117595131570e-01,1.000001202523382204e+00,-2.476665037074413378e-01,2.000001202524600785e+00,-2.476665293821049552e-01,2.477286783232469092e-01,3.336965549144417268e-06,-1.954575675825615988e-06,3.139343919437709703e-06,1.000000601262300393e+00
1.144367911929124008e-02,-2.476742599705881176e-01,-2.476739874875235614e-01,1.000002418055989217e+00,-2.476779238289908702e-01,2.000002418058439702e+00,-2.476776647287969035e-01,2.477256046903894005e-01,-3.981442285459667502e-06,-2.611438220389658706e-06,4.111098578729973037e-06,1.000001209029219851e+00
1.145813958272616159e-02,-2.476742769623053730e-01,-2.476739349883066432e-01,9.999997050553972588e-01,-2.476694056689831003e-01,1.999999705055098387e+00,-2.476693179918959542e-01,2.477243327646314330e-01,-2.162082380597586879e-06,-7.731751923170399537e-07,2.368936893436758339e-06,9.999998525275491934e-01
1.146958651419617906e-02,-2.476742904129820844e-01,-2.476733152189822262e-01,1.000004638636223131e+00,-2.476704233269619027e-01,2.000004638640922927e+00,-2.476701817545056972e-01,2.477237450026123222e-01,-6.483239204152564764e-07,-1.929557462418034244e-06,1.920435044245792793e-06,1.000002319320461686e+00
1.147427064368726837e-02,-2.476742959170502301e-01,-2.476738972131623251e-01,1.000005950326733561e+00,-2.476768351105495258e-01,2.000005950332762961e+00,-2.476796857731279611e-01,2.477237528322444038e-01,-4.233437810900312728e-06,-7.078883537698226195e-06,8.475146466266821483e-06,1.000002975166381480e+00
1.148214591564386197e-02,-2.476743051708610865e-01,-2.476756072056946478e-01,1.000003899952213615e+00,-2.476946511947290264e-01,2.000003899956165121e+00,-2.476950950435714005e-01,2.477251571997143298e-01,-1.213019510148212717e-05,-1.165510374070821105e-05,1.144748218972573165e-05,1.000001949978082560e+00
1.149030999634695349e-02,-2.476743147640340370e-01,-2.476727305212440555e-01,1.000003003325924622e+00,-2.476784101149404893e-01,2.000003003328967743e+00,-2.476759939419141410e-01,2.477232176465521407e-01,-1.823682271678194467e-07,3.950729985831624530e-06,4.826540475482364771e-06,1.000001501664483872e+00
1.149460134849920531e-02,-2.476743198065707030e-01,-2.476752236964822884e-01,1.000003116244614798e+00,-2.476740570034824951e-01,2.000003116247772716e+00,-2.476741862770260039e-01,2.477255207779302248e-01,9.555273332374166324e-08,-6.141909540032193496e-07,2.191145121021594853e-06,1.000001558123886358e+00
1.150154021937828223e-02,-2.476743279600678582e-01,-2.476795259153633799e-01,1.000002541790600663e+00,-2.476804755131560287e-01,2.000002541793176380e+00,-2.476827800307703775e-01,2.477289925418550975e-01,-7.697524373941962256e-06,-9.153617013005895881e-06,9.388636472643481978e-06,1.000001270896588190e+00
1.151031821151884613e-02,-2.476743382746163513e-01,-2.476744077007094202e-01,1.000002880492540047e+00,-2.476934118558778986e-01,2.000002880495458601e+00,-2.476949251513278494e-01,2.477259790524591054e-01,-1.624676799010759114e-05,3.169716708003307617e-07,1.620863360415940530e-05,1.000001440247729301e+00
1.151829185744192990e-02,-2.476743476440218250e-01,-2.476765662779555899e-01,1.000001457767634383e+00,-2.476945030273981219e-01,2.000001457769111202e+00,-2.476950296126628204e-01,2.477264616632200989e-01,-1.046165904775981346e-05,-7.567494095365660987e-06,9.710116085517738100e-06,1.000000728884555601e+00
1.152398993621059527e-02,-2.476743543395289182e-01,-2.476783628512589375e-01,9.999999001929734677e-01,-2.476892945905498078e-01,1.999999900192872326e+00,-2.476874343250228538e-01,2.477281752349287103e-01,-7.288609043124518778e-06,-7.692396650467139257e-06,6.970057292441859881e-06,9.999999500964361632e-01
1.153393180524923955e-02,-2.476743660216889908e-01,-2.476769565411247875e-01,1.000001281952758836e+00,-2.476749568310369631e-01,2.000001281954058019e+00,-2.476743003083194949e-01,2.477282849030428835e-01,-2.481599453365178894e-06,-5.329609529692556077e-06,5.694830402246307066e-06,1.000000640977028787e+00
1.154204250190113239e-02,-2.476743755521358670e-01,-2.476693547352820934e-01,1.000000527202475675e+00,-2.476735200126859993e-01,2.000000527203010137e+00,-2.476739457030608937e-01,2.477230914556417807e-01,-2.500486736559512468e-06,-4.797727519796755839e-06,3.344956165618376689e-06,1.000000263601505068e+00
1.155016178174548581e-02,-2.476743850926692303e-01,-2.476705871812886206e-01,9.999989127236369457e-01,-2.476805407739312570e-01,1.999998912722535271e+00,-2.476811793035681164e-01,2.477202595770829352e-01,-2.398773468053117554e-06,8.499186785117030841e-06,9.660668934717313094e-06,9.999994563612676357e-01
1.155490657536497635e-02,-2.476743906680214935e-01,-2.476705045667469962e-01,9.999998558630650569e-01,-2.476754734560882854e-01,1.999999855862918841e+00,-2.476743426966300787e-01,2.477200115869152841e-01,1.207924010554970449e-06,4.870017263074147153e-06,3.444134376595972338e-06,9.999999279314595313e-01
1.156187485872646643e-02,-2.476743988560793919e-01,-2.476717183863006155e-01,1.000004098505281602e+00,-2.476732080480777698e-01,2.000004098509434947e+00,-2.476753862560936437e-01,2.477225284210820833e-01,-1.416089745003930496e-06,-5.828343773533295363e-06,6.784584667063906714e-06,1.000002049254717473e+00
1.157196645636397042e-02,-2.476752762974141486e-01,-2.476836902050572609e-01,1.000006840634188876e+00,-2.477007092612429906e-01,2.000006840641120665e+00,-2.477006828590444243e-01,2.477332484111960109e-01,-1.292789817049646661e-05,-1.062686078197407496e-05,1.291033361349668121e-05,1.000003420320560332e+00
1.158215735524596723e-02,-2.476787670430522503e-01,-2.476730634834873601e-01,1.000005463851831200e+00,-2.476828311755768230e-01,2.000005463857367882e+00,-2.476816656441710451e-01,2.477269261263995159e-01,-8.767582158668633829e-06,-6.283437621351126333e-06,7.937843527771939740e-06,1.000002731928683941e+00
1.159138489768470059e-02,-2.476808362691893528e-01,-2.476802286895916083e-01,9.999987512399810541e-01,-2.476726171759519313e-01,1.999998751238715622e+00,-2.476724919632631583e-01,2.477304222886993479e-01,4.341253483243656837e-06,9.477519320832396312e-06,9.756243706962665452e-06,9.999993756193578109e-01
1.160058990974415644e-02,-2.476822188786304002e-01,-2.476855072073851638e-01,9.999995735139787234e-01,-2.476887954188579655e-01,1.999999573513546514e+00,-2.476903456297174788e-01,2.477351282036579228e-01,5.112542730427097348e-08,1.604294713079717895e-06,1.252277927820410634e-06,9.999997867567732568e-01
1.161179105289535628e-02,-2.476833019970709482e-01,-2.476812480074462863e-01,9.999992301588194188e-01,-2.476798228573629523e-01,1.999999230158039376e+00,-2.476795504565902917e-01,2.477315318484278883e-01,-5.918398400174327080e-06,-1.872735714439501087e-06,4.829032372849042916e-06,9.999996150790196880e-01
1.162111880830645448e-02,-2.476838774789916209e-01,-2.476861578319341783e-01,9.999942989604428956e-01,-2.476760328523268939e-01,1.999994298954666183e+00,-2.476753140379535090e-01,2.477358716418045781e-01,7.609989319807576343e-06,3.975506280234972240e-06,8.155391900104269474e-06,9.999971494773330916e-01
1.163143624768001559e-02,-2.476842933971767635e-01,-2.476858421042230640e-01,9.999943136361085783e-01,-2.476737155321729611e-01,1.999994313630346632e+00,-2.476739198798443009e-01,2.477354601419325120e-01,6.914204789954168343e-06,7.059014991435607390e-06,7.160145195484275843e-06,9.999971568151733159e-01
1.164349763918881391e-02,-2.476845932145561313e-01,-2.476807545686890155e-01,9.999923413170472841e-01,-2.476687776030471466e-01,1.999992341309286825e+00,-2.476680292736916644e-01,2.477313574521879669e-01,1.013001973289063270e-05,5.676298649653832192e-06,9.573748983993847307e-06,9.999961706546434126e-01
1.165169184160370387e-02,-2.476847235409310732e-01,-2.476803050547012330e-01,9.999915424535601449e-01,-2.476673445117239802e-01,1.999991542444990333e+00,-2.476690122570744113e-01,2.477313132565431841e-01,5.424796398017871536e-06,3.193351999604882999e-06,6.403133548305505180e-06,9.999957712224951667e-01
1.166024465657883487e-02,-2.476848180939571764e-01,-2.476957885423541894e-01,9.999937217227959918e-01,-2.476770160420131428e-01,1.999993721716434303e+00,-2.476772768965234961e-01,2.477465234422408513e-01,2.341743985980549307e-05,1.947773928112954899e-05,2.518574430889122722e-05,9.999968608582171514e-01
1.166559597434590513e-02,-2.476848616639924783e-01,-2.476916754988373048e-01,9.999955735413024183e-01,-2.476740391460888757e-01,1.999995573536817339e+00,-2.476743677109190522e-01,2.477433856458343686e-01,1.229189185684570914e-05,9.430309313102032271e-06,8.706646136884044329e-06,9.999977867684086696e-01
1.167164656970196696e-02,-2.476849001335953981e-01,-2.476844936285580723e-01,9.999959016553382485e-01,-2.476786544612951113e-01,1.999995901651185459e+00,-2.476801041335134346e-01,2.477396701883265440e-01,-6.286125415668135584e-06,-2.000167134463057165e-06,6.439589068930525708e-06,9.999979508255927296e-01
1.168000668754202130e-02,-2.476849390873143431e-01,-2.476760617656168229e-01,9.999892328585793244e-01,-2.476698648616323384e-01,1.999989232847669163e+00,-2.476677476805824452e-01,2.477308360718569191e-01,1.034915509021511194e-05,9.458279615845080531e-06,1.302617544670740971e-05,9.999946164238345814e-01
1.168694892523931654e-02,-2.476849622361795011e-01,-2.476766792196946343e-01,9.999862434087954943e-01,-2.476651000693129989e-01,1.999986243394856089e+00,-2.476659781733453747e-01,2.477264842543493717e-01,1.178082372025568325e-05,7.828788871562851150e-06,1.079791882737984112e-05,9.999931216974280446e-01
1.169483420531224060e-02,-2.476849813002600931e-01,-2.476798628330722507e-01,9.999918963403424677e-01,-2.476769643875847693e-01,1.999991896332131036e+00,-2.476784205564395713e-01,2.477299406071142573e-01,3.623721187498295524e-06,1.450203010013638993e-07,3.078752310906662874e-06,9.999959481660656291e-01
1.171024215641813630e-02,-2.476850040469816272e-01,-2.476845408317106256e-01,9.999999503810105272e-01,-2.476828035687553831e-01,1.999999950380960456e+00,-2.476821484625058023e-01,2.477342579858158866e-01,-2.523069553211313988e-06,-3.073304388695839373e-06,2.487039664901862197e-06,9.999999751904802281e-01
1.172042081469476006e-02,-2.476850125614951381e-01,-2.476875991698035684e-01,9.999965020984964426e-01,-2.476733470129084125e-01,1.999996502094952167e+00,-2.476728273343833664e-01,2.477373509685093789e-01,5.800587514412674681e-06,1.029513755053225090e-05,1.118121408208255504e-05,9.999982510474760833e-01
1.173017108997761494e-02,-2.476850178379049194e-01,-2.476879909141059821e-01,9.999933674778934689e-01,-2.476856610339753795e-01,1.999993367471172734e+00,-2.476869078179802786e-01,2.477375762116744429e-01,8.895373192428742399e-06,7.839167392636521258e-06,8.869768683125211145e-06,9.999966837355863669e-01
1.174226656674837860e-02,-2.476850219140087905e-01,-2.476903821145805817e-01,9.999904956279059842e-01,-2.476727890843359869e-01,1.999990495618275466e+00,-2.476736183161642457e-01,2.477402242917168540e-01,1.057566359064921992e-05,6.753951720199245268e-06,1.106953604953447299e-05,9.999952478091377328e-01
1.175355002570443140e-02,-2.476850241867418478e-01,-2.476934927782616924e-01,9.999890300801125287e-01,-2.476792757433157466e-01,1.999989030068997087e+00,-2.476791891370355991e-01,2.477431792623398799e-01,1.405678232503434970e-05,1.100262491001972767e-05,1.327021995910854102e-05,9.999945150344985434e-01
1.176672676609551334e-02,-2.476850257384830001e-01,-2.476868567065446114e-01,9.999865166801081839e-01,-2.476783908719588367e-01,1.999986516666445890e+00,-2.476777544068205494e-01,2.477410478572008579e-01,8.675851875373960216e-06,1.322486452735240887e-05,1.351561268330645163e-05,9.999932583332229452e-01
1.178003821840599603e-02,-2.476850266056534466e-01,-2.476850961934478901e-01,9.999841039061059256e-01,-2.476736081230704045e-01,1.999984103889998810e+00,-2.476736080737138024e-01,2.477350308744471208e-01,1.688796922521903043e-05,1.407011546988574772e-05,1.749254125618066743e-05,9.999920519449994050e-01
1.179075319816809062e-02,-2.476850270067610660e-01,-2.476788732153107353e-01,9.999901368581434191e-01,-2.476606777892957634e-01,1.999990136848149191e+00,-2.476609211183522785e-01,2.477307814078054393e-01,1.067348421403687227e-05,7.477820436554077094e-06,9.417809696366874830e-06,9.999950684240745957e-01
1.180087915406198042e-02,-2.476850272383325779e-01,-2.476853200713204917e-01,9.999934777832858446e-01,-2.476780063816554633e-01,1.999993477776676798e+00,-2.476788246235059332e-01,2.477352463857479814e-01,3.689673375620756239e-06,9.322452550203564180e-06,9.428190003951718648e-06,9.999967388883383990e-01
1.181182195800783985e-02,-2.476850273869003749e-01,-2.476867551996780048e-01,9.999957601006546071e-01,-2.476766959547736513e-01,1.999995760096358266e+00,-2.476772651430568239e-01,2.477363119155006621e-01,7.131116568413001583e-06,5.061264869022374878e-06,6.528153797142102936e-06,9.999978800481792440e-01
1.182102129692682614e-02,-2.476850274591651246e-01,-2.476840527971775063e-01,9.999942563851630384e-01,-2.476838962207024430e-01,1.999994256379343138e+00,-2.476841755993249850e-01,2.477341450886176855e-01,1.329334938112513317e-06,-6.336006689557635990e-08,1.103715664240611971e-06,9.999971281896715691e-01
1.183019647286679202e-02,-2.476850275000171686e-01,-2.476903571788827696e-01,9.999913267677094098e-01,-2.476797019541916167e-01,1.999991326758921106e+00,-2.476790277685048669e-01,2.477402492077005192e-01,8.805465238793446379e-06,1.404108080020808544e-05,1.522305096681725317e-05,9.999956633794605532e-01
1.184006411030277643e-02,-2.476850275208210272e-01,-2.476783492693210298e-01,9.999916887106895524e-01,-2.476634109268709139e-01,1.999991688702267734e+00,-2.476618652542150190e-01,2.477345635878233088e-01,1.084514858495810416e-05,1.196770864515640602e-05,1.152935042168114973e-05,9.999958443511339778e-01
1.185203557292904830e-02,-2.476850275254365574e-01,-2.476769109093704402e-01,9.999899912539608193e-01,-2.476640559125876939e-01,1.999989991243819487e+00,-2.476649023610531242e-01,2.477273547772062545e-01,1.004605321048893594e-05,7.827340867053016340e-06,1.059209742564029006e-05,9.999949956219096325e-01
1.186192095252068708e-02,-2.476850275184821759e-01,-2.476852143983108712e-01,9.999955400279335604e-01,-2.476766779840193777e-01,1.999995540023414176e+00,-2.476778204608368894e-01,2.477347217888225817e-01,1.073485937823344074e-05,2.511633653804156366e-06,9.118294721162608540e-06,9.999977700117070878e-01
1.187085089302348725e-02,-2.476850275068688267e-01,-2.476782165409323333e-01,9.999997963830850045e-01,-2.476860271686802395e-01,1.999999796382878836e+00,-2.476868821790939312e-01,2.477307484103159763e-01,-4.570803070046772153e-06,-6.077070164614377978e-06,5.545494072745656851e-06,9.999998981914394180e-01
1.187920602430063248e-02,-2.476850274929179307e-01,-2.476858639997936151e-01,9.999967320870241094e-01,-2.476793590494804354e-01,1.999996732083712869e+00,-2.476777027183973967e-01,2.477364126086121776e-01,1.576164827805038237e-05,8.164647405630937532e-06,1.891140686411034067e-05,9.999983660418563236e-01
1.188398173906768038e-02,-2.476850274839749178e-01,-2.476854607963041299e-01,9.999948954835937709e-01,-2.476741423328485681e-01,1.999994895478421464e+00,-2.476744430291268062e-01,2.477355572000976836e-01,1.805266364572975628e-05,9.685198590797716364e-06,1.633609689982171772e-05,9.999974477392107319e-01
1.189176374363524330e-02,-2.476850274682913244e-01,-2.476813084541708565e-01,9.999959338089143834e-01,-2.476832509041307084e-01,1.999995933804794124e+00,-2.476846640967285407e-01,2.477321979069495583e-01,9.832257318557398333e-07,1.999422964267411423e-06,1.999434665133246474e-06,9.999979669023970619e-01
1.190059169395185461e-02,-2.476850274492695125e-01,-2.476887256628721723e-01,9.999940259465923686e-01,-2.476896239164809166e-01,1.999994025940539100e+00,-2.476897603012188365e-01,2.477386329518536379e-01,-3.103196879011565390e-06,6.915592967924465223e-06,7.287502661527750991e-06,9.999970129702695498e-01
1.191073599919691313e-02,-2.476850274263106000e-01,-2.476865563892758637e-01,9.999936095882751008e-01,-2.476803585986443457e-01,1.999993609581799836e+00,-2.476798561432198842e-01,2.477367269968005214e-01,2.203820481529577328e-06,2.299768724420371476e-06,2.250117579807530918e-06,9.999968047908999180e-01
1.192124093181771115e-02,-2.476850274017255993e-01,-2.476830581120841590e-01,9.999914619778766944e-01,-2.476737775907628114e-01,1.999991461969225393e+00,-2.476728373778224190e-01,2.477334518803392394e-01,6.641870877521308136e-06,3.555545968382017765e-06,6.766301081876272442e-06,9.999957309846126963e-01
1.193061015906225243e-02,-2.476850273793480828e-01,-2.476814520730587499e-01,9.999900775665880870e-01,-2.476650889845719572e-01,1.999990077556534018e+00,-2.476646660736574468e-01,2.477312088136618129e-01,9.641371479585227888e-06,1.701444223851554597e-05,1.695318512477031928e-05,9.999950387782668981e-01
1.194000046708689443e-02,-2.476850273566399974e-01,-2.476817444941876722e-01,9.999924671940765286e-01,-2.476771349214697826e-01,1.999992467186443745e+00,-2.476790919328204221e-01,2.477313242875426591e-01,1.437769957034757989e-06,1.972120645803107053e-06,1.422482611945360302e-07,9.999962335932218727e-01
1.194371919526950737e-02,-2.476850273475915687e-01,-2.476818927891534794e-01,9.999935159907387128e-01,-2.476821324449455797e-01,1.999993515984168413e+00,-2.476825575153848991e-01,2.477314678948695781e-01,5.098817716815730308e-07,1.984259565407912398e-06,2.592908743770006565e-06,9.999967579920843175e-01
1.195194792007719248e-02,-2.476850273274893433e-01,-2.476828383567606373e-01,9.999951349583711124e-01,-2.476805398588273477e-01,1.999995134953441500e+00,-2.476805357711016620e-01,2.477329072773012120e-01,6.544380482945892389e-06,5.926702067210557487e-06,5.907101002960502100e-06,9.999975674767207501e-01
1.196075976081794820e-02,-2.476850273058706364e-01,-2.476880234323725061e-01,9.999955271409075586e-01,-2.476914774785273499e-01,1.999995527136375184e+00,-2.476928642188488683e-01,2.477378334816312810e-01,-4.587043865646710148e-06,-1.732033819527458496e-06,5.063615280030873133e-06,9.999977635681875920e-01
1.197000999999999794e-02,-2.476850272831056521e-01,-2.476880664624535600e-01,9.999949855525922526e-01,-2.476828872136001281e-01,1.999994985547511206e+00,-2.476812517611248488e-01,2.477375865178380598e-01,7.252132548445471886e-06,6.951225388125606324e-06,8.895468403486643771e-06,9.999974927737556030e-01
1.197106065447328324e-02,-2.476797417154717462e-01,-2.476850452222035537e-01,9.999948197815188289e-01,-2.476799333268150938e-01,1.999994819776269805e+00,-2.476769471616305229e-01,2.477369949160400930e-01,8.524506018697978752e-06,7.521693372074506300e-06,9.302523947588466001e-06,9.999974098881349027e-01
1.198034291480792705e-02,-2.476797526225570922e-01,-2.476919841496225405e-01,9.999917433073193251e-01,-2.476843239223633919e-01,1.999991743298952906e+00,-2.476855929205553641e-01,2.477418813074728221e-01,6.861752825767585883e-06,6.357123125692220323e-06,6.680968318008928279e-06,9.999958716494764532e-01
1.199001752344942655e-02,-2.476797639906708759e-01,-2.476818573727774531e-01,9.999898641785841535e-01,-2.476751913046544573e-01,1.999989864168314035e+00,-2.476737429283926428e-01,2.477367373327708233e-01,1.244910745618416434e-05,1.653742723086626583e-05,1.743567302026152540e-05,9.999949320841569067e-01
1.199962692093292128e-02,-2.476797752821578991e-01,-2.476779905496281353e-01,9.999889879850093477e-01,-2.476620025338285014e-01,1.999988987973851051e+00,-2.476608197454110982e-01,2.477284553935202582e-01,1.636673914813275765e-05,1.291522838589055305e-05,1.673862649800719757e-05,9.999944939869255256e-01
1.201001402565090963e-02,-2.476797874874862859e-01,-2.476767011354535919e-01,9.999914023433100763e-01,-2.476700589308430400e-01,1.999991402334598378e+00,-2.476717839564720747e-01,2.477262409127509446e-01,1.375565543805753704e-06,6.057257650358076313e-06,4.919090995594003553e-06,9.999957011672990781e-01
1.202022679901439996e-02,-2.476797994879683107e-01,-2.476818147311402596e-01,9.999976965669332696e-01,-2.476914558978211556e-01,1.999997696564599137e+00,-2.476931491837490451e-01,2.477318191198616126e-01,-7.907914437921289663e-06,-1.894723500516884445e-06,8.319329810687330439e-06,9.999988482822996794e-01
1.203031536561673283e-02,-2.476798113425017489e-01,-2.476830152390842033e-01,9.999997417674560962e-01,-2.476851966627004742e-01,1.999999741767194417e+00,-2.476839261121372981e-01,2.477324825626279203e-01,1.150529450033623327e-06,1.172053852050290742e-06,2.038544515010182880e-06,9.999998708835972083e-01
1.204023877372447163e-02,-2.476798230029668146e-01,-2.476762101869397492e-01,9.999974914538100057e-01,-2.476764065011625437e-01,1.999997491451267928e+00,-2.476755819521448132e-01,2.477286861028827059e-01,1.295655142694159014e-06,6.903148906920013497e-06,7.445789745483016620e-06,9.999987457256340750e-01
1.205059242335156447e-02,-2.476798351689853961e-01,-2.476795634533072166e-01,9.999951401869823231e-01,-2.476798127823602591e-01,1.999995140182057929e+00,-2.476801417689594997e-01,2.477290300872977968e-01,3.759401041159264030e-06,4.701100015850281666e-06,4.567682166545248884e-06,9.999975700910289644e-01
1.206077167640908117e-02,-2.476798471300804827e-01,-2.476717967442360058e-01,9.999981867681086989e-01,-2.476680639781811410e-01,1.999998186766271502e+00,-2.476677016184185565e-01,2.477246581593852415e-01,6.019747351921512204e-06,4.448350305161137100e-06,5.894370020582018294e-06,9.999990933831357509e-01
1.207032963851903916e-02,-2.476798583611284910e-01,-2.476794848429719198e-01,9.999993559077077210e-01,-2.476876253692308905e-01,1.999999355907055021e+00,-2.476894905807188463e-01,2.477296050435919827e-01,-1.155874071269107539e-06,-4.313770116850075183e-06,4.501975281234904111e-06,9.999996779535275104e-01
1.207764837426191819e-02,-2.476798669609817649e-01,-2.476787264707079605e-01,1.000000786480051973e+00,-2.476804052142485557e-01,2.000000786480848891e+00,-2.476785284812425547e-01,2.477284689528775896e-01,1.744454073244635329e-06,3.116978033193452387e-06,4.147132932868069957e-06,1.000000393240424446e+00
1.208262469066190281e-02,-2.476798728083845491e-01,-2.476777858455603831e-01,1.000002388559215527e+00,-2.476738633125009359e-01,2.000002388561635147e+00,-2.476739918819520492e-01,2.477276205973115153e-01,2.721695691232101704e-06,3.589873913200225728e-06,2.174577924138621463e-06,1.000001194280817796e+00
1.209074962151003227e-02,-2.476798823555546869e-01,-2.476765045002138621e-01,1.000000700365657469e+00,-2.476815204994129438e-01,2.000000700366367568e+00,-2.476822839291095979e-01,2.477262816163382508e-01,-7.382462424163261475e-06,-5.855036273294718792e-06,7.565350960419112332e-06,1.000000350183183784e+00
1.210000000000000138e-02,-2.476798932251773888e-01,-2.476710180001488459e-01,9.999987074052636427e-01,-2.476666095726141048e-01,1.999998707403953802e+00,-2.476644762251491994e-01,2.477227590104850441e-01,7.821915649577117360e-06,2.762866160817608197e-06,9.601200997583314947e-06,9.999993537019769008e-01
1.210786180516312642e-02,-2.476799024631630708e-01,-2.476800814282670848e-01,9.999996831713290346e-01,-2.476693612590610549e-01,1.999999683171007847e+00,-2.476706796226915142e-01,2.477310274542635915e-01,8.879738833749818578e-06,8.518517784624638495e-06,9.185841254258362136e-06,9.999998415855040346e-01
1.211479094305365975e-02,-2.476799106052209598e-01,-2.476815325156027092e-01,1.000001545527125391e+00,-2.476782485848074977e-01,2.000001545528691693e+00,-2.476795193755153002e-01,2.477318990878668026e-01,4.649956163872757192e-06,6.126186071698911318e-06,4.938507187272671071e-06,1.000000772764345847e+00
1.212506722215026325e-02,-2.476799226803260146e-01,-2.476748702141448877e-01,1.000002601328158436e+00,-2.476869030087159029e-01,2.000002601330794327e+00,-2.476864323838522119e-01,2.477266643350102548e-01,-4.868840934502746580e-06,-1.601197927076128372e-06,4.651074336217728445e-06,1.000001300665397164e+00
1.214079777765260382e-02,-2.476799411644611537e-01,-2.476735117802079111e-01,9.999980202608618196e-01,-2.476725164713354244e-01,1.999998020258855647e+00,-2.476726146218186653e-01,2.477235025148949443e-01,1.533497794453528180e-06,4.229259500669196944e-07,1.354329733957817302e-06,9.999990101294278233e-01
1.215256758491002100e-02,-2.476799549945311874e-01,-2.476789161605562894e-01,1.000003297688351944e+00,-2.476827708250626259e-01,2.000003297691693493e+00,-2.476828269714802244e-01,2.477288609444267542e-01,-4.758564716419150836e-06,-8.695057367191670868e-06,9.662987366898772023e-06,1.000001648845846747e+00
1.216202344087104897e-02,-2.476799661056005297e-01,-2.476715562839082729e-01,1.000003469534759493e+00,-2.476814865199972737e-01,2.000003469538274903e+00,-2.476812635792457473e-01,2.477238037220471367e-01,-1.696748240015270338e-05,-1.297597514526118757e-05,1.593060447151542909e-05,1.000001734769137451e+00
1.217035743901322652e-02,-2.476799758984341571e-01,-2.476795600855267732e-01,1.000000433619303797e+00,-2.476707129626229409e-01,2.000000433619743223e+00,-2.476695406685951450e-01,2.477299651096882271e-01,9.710813228533163588e-07,3.779719796995335943e-06,5.161940986544465891e-06,1.000000216809871612e+00
1.217799046635935876e-02,-2.476799848675947102e-01,-2.476842446323550551e-01,1.000001096034971448e+00,-2.476788251640449079e-01,2.000001096036082338e+00,-2.476809790474276685e-01,2.477343568774145466e-01,5.633128751654697295e-06,1.244956485972412200e-06,5.438035678675786921e-06,1.000000548018041169e+00
1.219004799596754007e-02,-2.476799990357521630e-01,-2.476765797264704194e-01,1.000000959347874918e+00,-2.476747723357250741e-01,2.000000959348847474e+00,-2.476729018310612485e-01,2.477306229194308207e-01,2.871269197102271506e-06,-7.874503444189964452e-07,3.169908706228894089e-06,1.000000479674423515e+00
1.220098229004031899e-02,-2.476800118840548071e-01,-2.476768667125873735e-01,9.999946652852891305e-01,-2.476652535785836828e-01,1.999994665279883677e+00,-2.476652220705736762e-01,2.477263348710964930e-01,5.607770829125228604e-06,9.628838959218717893e-06,1.024938536057992271e-05,9.999973326399418383e-01
1.221188490575536752e-02,-2.476800246951347539e-01,-2.476745830889217070e-01,9.999979529175979653e-01,-2.476721154923250678e-01,1.999997952915523625e+00,-2.476728768503983213e-01,2.477247352415604953e-01,2.168207179629961003e-06,8.235199415091556260e-06,6.845215891663083078e-06,9.999989764577618123e-01
1.222135835539844492e-02,-2.476800358268780866e-01,-2.476704603560448414e-01,1.000000581573310177e+00,-2.476786398882755980e-01,2.000000581573899261e+00,-2.476786383895979438e-01,2.477210461604604230e-01,-2.331665217747057206e-06,-3.638157811159165235e-06,3.837043820683398033e-06,1.000000290786949630e+00
1.223334308337962681e-02,-2.476800499094895802e-01,-2.476762244617894404e-01,1.000002333877102467e+00,-2.476766150472122230e-01,2.000002333879467464e+00,-2.476765317965658464e-01,2.477262155810363575e-01,-2.531449254255570771e-06,-2.410333629299381618e-06,2.261482591191603009e-06,1.000001166939733732e+00
1.224417735872168622e-02,-2.476800626402659578e-01,-2.476787203270262028e-01,1.000005109937209369e+00,-2.476764218513745064e-01,2.000005109942387449e+00,-2.476766455993983373e-01,2.477283599745113141e-01,-1.334690334869454746e-06,-4.261959491887659753e-06,4.988994698480614161e-06,1.000002554971193724e+00
1.225444264879786173e-02,-2.476800747024580085e-01,-2.476767331242775705e-01,1.000002298797050049e+00,-2.476772300094215173e-01,2.000002298799378853e+00,-2.476770241686809537e-01,2.477262872873887134e-01,-2.466684663865662574e-06,-5.650780855809428785e-06,5.018791224252556905e-06,1.000001149399689648e+00
1.226691893680085556e-02,-2.476800893626754374e-01,-2.476816191930443500e-01,9.999990789404190616e-01,-2.476740688894820408e-01,1.999999078939485919e+00,-2.476739139574984649e-01,2.477319557644220294e-01,6.920427765405270195e-06,4.410162471272241957e-06,7.982098479871158433e-06,9.999995394697428486e-01
1.227448896228918243e-02,-2.476800982578052923e-01,-2.476821234584421494e-01,9.999998991723482167e-01,-2.476703653917061432e-01,1.999999899172246076e+00,-2.476696146267301224e-01,2.477326009672317642e-01,9.544879619302399818e-06,4.817949807899742968e-06,8.850391944775192271e-06,9.999999495861230381e-01
1.228636740122587140e-02,-2.476801122155228851e-01,-2.476791186569287095e-01,9.999981128095335459e-01,-2.476808040259493027e-01,1.999998112807621187e+00,-2.476837373569452105e-01,2.477290438726850175e-01,-1.756802334008798189e-06,-1.288074664572738265e-06,2.847839848504428654e-06,9.999990564038105934e-01
1.229433672258326699e-02,-2.476801215798439815e-01,-2.476843785701360878e-01,9.999955500962903754e-01,-2.476962362999439726e-01,1.999995550091781427e+00,-2.476967184396971777e-01,2.477349384617181238e-01,-4.672614999392150677e-06,-1.722042770776960158e-06,4.179477179071646154e-06,9.999977750458907133e-01
1.231014469636800002e-02,-2.476801401549486581e-01,-2.476827330195374988e-01,9.999972758202059220e-01,-2.476780093134056115e-01,1.999997275817445352e+00,-2.476752406665902462e-01,2.477358908618588762e-01,3.219068293730566222e-06,-3.889762661554712119e-06,3.922523665902997164e-06,9.999986379087227872e-01
1.231827971552881297e-02,-2.476801497139728414e-01,-2.476813013081076431e-01,9.999925982351701714e-01,-2.476842624174043495e-01,1.999992598227670060e+00,-2.476857460096142383e-01,2.477309110246928847e-01,-4.258096213471652158e-06,1.410129903402192373e-07,5.259086577538126049e-06,9.999962991138350299e-01
1.232369787541574141e-02,-2.476801560805613756e-01,-2.476819355681892654e-01,9.999900999861439654e-01,-2.476900497665205092e-01,1.999990099976112434e+00,-2.476905013037054293e-01,2.477317803102631333e-01,-4.564604454063924466e-06,2.196753638562978373e-06,3.901599919658015289e-06,9.999950499880562171e-01
1.234000071978750071e-02,-2.476801752371599330e-01,-2.476857516111179158e-01,9.999951387237564493e-01,-2.476839643632383348e-01,1.999995138718830612e+00,-2.476824311326542849e-01,2.477354553536926240e-01,3.469743837137227055e-06,-3.405268220153312699e-06,4.346932846366084015e-06,9.999975693594153059e-01
1.234716869230098601e-02,-2.476801836598599427e-01,-2.476847207212905522e-01,9.999949315819680606e-01,-2.476693157333471340e-01,1.999994931576832391e+00,-2.476666959103708265e-01,2.477344519032178283e-01,1.380178369242138138e-05,5.716220367821654448e-06,1.568692091792795685e-05,9.999974657884161955e-01
1.235261172211872538e-02,-2.476801900556727110e-01,-2.476827706701569543e-01,9.999937723498429909e-01,-2.476595830852929003e-01,1.999993772343532594e+00,-2.476591321777925347e-01,2.477334275833516508e-01,1.995842588690984582e-05,1.116734509315720063e-05,1.901860565259675935e-05,9.999968861717662971e-01
1.236158962853271641e-02,-2.476802006051281591e-01,-2.476771522534347847e-01,9.999921869262405894e-01,-2.476715768391525019e-01,1.999992186918323922e+00,-2.476719622328837633e-01,2.477289216284883078e-01,7.201601926228385710e-06,7.428415599275434195e-06,7.550137393525254814e-06,9.999960934591619610e-01
1.237145792952406773e-02,-2.476802122008379403e-01,-2.476800093269786729e-01,9.999931031015126814e-01,-2.476700419486417837e-01,1.999993103094524161e+00,-2.476698481558124443e-01,2.477295359829032873e-01,8.574094834805050919e-06,8.263171432260679110e-06,8.881063492204115987e-06,9.999965515472620803e-01
1.238244843001570089e-02,-2.476802251151852541e-01,-2.476789880844719183e-01,9.999977336688472551e-01,-2.476699900193765069e-01,1.999997733666550870e+00,-2.476699980170863902e-01,2.477284964934173550e-01,6.772805436516607516e-06,3.961939695435376019e-07,5.603481868473423324e-06,9.999988668332754349e-01
1.239379648912238181e-02,-2.476802384496794851e-01,-2.476781444514672970e-01,9.999979961201800327e-01,-2.476745576188387754e-01,1.999997996118149768e+00,-2.476754918849266296e-01,2.477278702571437674e-01,-1.493605067444064478e-06,-2.624240423680181854e-06,2.306153766410433034e-06,9.999989980590747729e-01
1.240452156959915252e-02,-2.476802510521468603e-01,-2.476784568899964567e-01,9.999980441737574832e-01,-2.476825739748750865e-01,1.999998044171775513e+00,-2.476841377106242525e-01,2.477285565603298545e-01,-1.658939552963729544e-06,8.156423522266504246e-07,2.309480348966284118e-06,9.999990220858878676e-01
1.241276406155505420e-02,-2.476802607374566922e-01,-2.476817670622782075e-01,9.999985987790698250e-01,-2.476894354381001251e-01,1.999998598777649850e+00,-2.476887836184424596e-01,2.477312521618854624e-01,-3.126332390746598137e-06,3.831002131646498361e-06,4.038728490218729089e-06,9.999992993888249249e-01
1.242221895025505222e-02,-2.476802718473893050e-01,-2.476801206998475169e-01,9.999994200529117583e-01,-2.476758402195391451e-01,1.999999420052324117e+00,-2.476757414927920897e-01,2.477298614024069368e-01,7.084325257001836065e-06,4.737165047433226105e-06,6.440042651303674854e-06,9.999997100261620586e-01
1.243108574790884567e-02,-2.476802822662874937e-01,-2.476793923053404456e-01,9.999974463161712679e-01,-2.476819979820535644e-01,1.999997446313583893e+00,-2.476815321782379897e-01,2.477289562391008504e-01,6.531201846731597350e-07,3.184171264505487124e-06,3.320364931194295337e-06,9.999987231567919466e-01
1.244039706153658199e-02,-2.476802932075126140e-01,-2.476801267240400506e-01,9.999964311389470950e-01,-2.476618287124900952e-01,1.999996431135330877e+00,-2.476595634884616870e-01,2.477296381377201984e-01,1.445342461840654926e-05,3.989858621419334931e-06,1.508474905396333113e-05,9.999982155676654383e-01
1.245031917448103168e-02,-2.476803048664547591e-01,-2.476778912259995635e-01,9.999973621210151986e-01,-2.476715078156292160e-01,1.999997362118342226e+00,-2.476723583819425423e-01,2.477279322687701568e-01,7.024661780753882732e-06,5.284906851809223487e-06,6.428944755820301658e-06,9.999986810591711128e-01
1.246075134873648148e-02,-2.476803171247429214e-01,-2.476887034140979882e-01,9.999975083655729957e-01,-2.476716493373427030e-01,1.999997508363048127e+00,-2.476721994314128317e-01,2.477383505338194014e-01,8.970284647853553627e-06,7.836628387232547199e-06,9.225451924032239455e-06,9.999987541815240633e-01
1.247072369696840786e-02,-2.476803288427146255e-01,-2.476814669763418020e-01,9.999978235687915218e-01,-2.476774746427577167e-01,1.999997823566586286e+00,-2.476782282650926703e-01,2.477340052616501809e-01,5.528469527605851099e-06,1.919830220122243964e-06,4.794641897505722349e-06,9.999989117832931429e-01
1.248081828359283961e-02,-2.476803407043214333e-01,-2.476837801325728339e-01,9.999931957546687178e-01,-2.476847684994029908e-01,1.999993195747774344e+00,-2.476845096824092929e-01,2.477333203245080107e-01,4.026670012144901908e-06,8.214109269981387097e-06,8.600719165226655474e-06,9.999965978738870609e-01
1.249119337668961466e-02,-2.476803528955379974e-01,-2.476815018013563685e-01,9.999930483605118381e-01,-2.476740686807725189e-01,1.999993048353467806e+00,-2.476746185111873277e-01,2.477316287134074257e-01,1.063477755007560987e-06,4.400087495622697622e-06,4.571574609957091429e-06,9.999965241767339030e-01
1.250065861253208885e-02,-2.476803640176283572e-01,-2.476769060925244625e-01,9.999943351662790025e-01,-2.476724400714278851e-01,1.999994335160538927e+00,-2.476710919549029721e-01,2.477279722711157872e-01,1.230102254210212282e-05,1.082527767606292634e-05,1.281796827249077770e-05,9.999971675802694637e-01
1.251000000000000202e-02,-2.476803749941899335e-01,-2.476791460402535117e-01,9.999948103777722697e-01,-2.476826363530632291e-01,1.999994810372513587e+00,-2.476848757340898710e-01,2.477289655398895452e-01,-5.203969740124461739e-06,-1.473839277388969856e-06,7.618202341227004922e-06,9.999974051862569047e-01
1.251393709233990931e-02,-2.476803796204546104e-01,-2.476784981578955269e-01,9.999958432625621896e-01,-2.476827141918632180e-01,1.999995843258350448e+00,-2.476814646889857752e-01,2.477281976594791213e-01,-7.595670421034433721e-06,-2.112059388420024717e-06,7.256799933784799100e-06,9.999979216291752238e-01
1.252381831800681092e-02,-2.476803912313522149e-01,-2.476768059055113880e-01,9.999988845668841275e-01,-2.476713827750763042e-01,1.999998884565754143e+00,-2.476721884860853262e-01,2.477265071202561231e-01,-4.710864095529621707e-06,-2.204729201051337591e-06,4.937377733266697594e-06,9.999994422828769602e-01
1.253401256285833695e-02,-2.476804032100624609e-01,-2.476790018740096522e-01,9.999989243350022594e-01,-2.476825565114967598e-01,1.999998924333912242e+00,-2.476838211088714381e-01,2.477288461945099385e-01,-6.670541616878934855e-06,-2.941561003233851420e-06,6.799163491594528053e-06,9.999994621669561212e-01
1.255000000000000039e-02,-2.476804219960443421e-01,-2.476797208688453489e-01,9.999997128374421562e-01,-2.476849817484456928e-01,1.999999712837151167e+00,-2.476845311735023925e-01,2.477294351623497426e-01,-9.414169095550939688e-06,5.853089428507620810e-07,9.530160256956708966e-06,9.999998564185755834e-01
1.255692008703215498e-02,-2.476804301274665998e-01,-2.476770897225591406e-01,9.999983822495227548e-01,-2.476766963352483586e-01,1.999998382247883510e+00,-2.476747102120099020e-01,2.477277523834597317e-01,2.187406003747603009e-06,4.710638544359952057e-06,5.419940771106856770e-06,9.999991911239417552e-01
1.256336532519561171e-02,-2.476804377009201863e-01,-2.476749630706698013e-01,9.999971595823387016e-01,-2.476682716471813595e-01,1.999997159579460781e+00,-2.476681790599228605e-01,2.477252576047693500e-01,8.433851292453930641e-06,6.269256413668783779e-06,7.302621447754894981e-06,9.999985797897302797e-01
1.257231228255757324e-02,-2.476804482140094188e-01,-2.476742709557289979e-01,9.999976246220125820e-01,-2.476771338337808992e-01,1.999997624619605840e+00,-2.476775616962348936e-01,2.477242318254358477e-01,-2.649470247032058466e-06,6.459131812889022816e-07,2.704377120174759741e-06,9.999988123098028092e-01
1.258275851296057624e-02,-2.476804604888135641e-01,-2.476785939902162170e-01,1.000000731374625529e+00,-2.476781535883612884e-01,2.000000731375366492e+00,-2.476782707165172681e-01,2.477282326702615334e-01,-1.974032546604990503e-06,-2.250219761482795302e-06,1.994190148817472926e-06,1.000000365687683468e+00
1.259220244737976370e-02,-2.476804715858746120e-01,-2.476782843006139212e-01,1.000002460208280430e+00,-2.476765452708629411e-01,2.000002460210773325e+00,-2.476761892883014848e-01,2.477282121417074823e-01,5.171999175243558675e-07,-5.826254907718961170e-07,1.460087089616749539e-06,1.000001230105386663e+00
1.260083126708138115e-02,-2.476804817251373747e-01,-2.476725217251398992e-01,1.000000710027529438e+00,-2.476741425176740563e-01,2.000000710028249085e+00,-2.476736968652474280e-01,2.477245528243180728e-01,2.749199575465067802e-06,-7.384213526984028354e-06,7.265531511938346274e-06,1.000000355014124542e+00
1.261024119651966285e-02,-2.476804927822409963e-01,-2.476810230688259451e-01,9.999989095489895119e-01,-2.476840617884598084e-01,1.999998909547884507e+00,-2.476857180553530269e-01,2.477313978893907198e-01,-7.417801791232866915e-06,-1.613566065211109550e-06,7.872946174938669667e-06,9.999994547739422535e-01
1.261847979446115847e-02,-2.476805024629754881e-01,-2.476840561391881190e-01,1.000000900832380468e+00,-2.476784120428398572e-01,2.000000900833293294e+00,-2.476773326613403714e-01,2.477338962737445638e-01,2.450829557078903942e-06,-4.330819710901395341e-06,4.886353545803380964e-06,1.000000450416646647e+00
1.262311231003812595e-02,-2.476805079063956194e-01,-2.476838079856462926e-01,1.000001927600481677e+00,-2.476756457051720595e-01,2.000001927602434559e+00,-2.476756471956612360e-01,2.477335522588887951e-01,3.244717785039363810e-06,-6.288035235836263555e-06,6.500482669134673559e-06,1.000000963801217280e+00
1.263263304445945770e-02,-2.476805190936994805e-01,-2.476788394931680459e-01,9.999980342319523263e-01,-2.476748866165175700e-01,1.999998034229960586e+00,-2.476739130175253101e-01,2.477303756442763849e-01,1.518624083690592278e-06,-2.391490481044614476e-06,2.914028916095255036e-06,9.999990171149801821e-01
1.264208919093926138e-02,-2.476805302051089952e-01,-2.476726727041497211e-01,9.999941439809394428e-01,-2.476605626805641891e-01,1.999994143975005523e+00,-2.476582674051154842e-01,2.477244908348848473e-01,1.576478604782305019e-05,8.639541655212696800e-06,1.654745893354777321e-05,9.999970719875028724e-01
1.265225689173928893e-02,-2.476805421526284690e-01,-2.476765172958819705e-01,9.999963585978107750e-01,-2.476563670115709825e-01,1.999996358594120949e+00,-2.476575335217936769e-01,2.477263635103501005e-01,1.474464067713147762e-05,5.752133065933491650e-06,1.315163149993358322e-05,9.999981792970604744e-01
1.266283829157968145e-02,-2.476805545862621194e-01,-2.476796196935951155e-01,1.000002114593711244e+00,-2.476765935685203146e-01,2.000002114595853975e+00,-2.476771374881697463e-01,2.477294156660652391e-01,-3.260573530246843268e-06,-1.075786470444996786e-06,4.309323068582916860e-06,1.000001057297926987e+00
1.268000000000000203e-02,-2.476805747520641476e-01,-2.476828576997261722e-01,9.999995970110693300e-01,-2.476978686519138717e-01,1.999999597010660990e+00,-2.477014632980270858e-01,2.477325201834722213e-01,-1.351223022986628628e-05,-9.691613067348078616e-06,1.402242990251754988e-05,9.999997985053304950e-01
1.268459160515495246e-02,-2.476805801474109003e-01,-2.476852830585205278e-01,9.999982551613907367e-01,-2.476966251563202104e-01,1.999998255159622929e+00,-2.476957274746551252e-01,2.477354537366715237e-01,-9.086002703366445171e-06,-5.427869656942376869e-06,7.323419536499547612e-06,9.999991275798114643e-01
1.269306550278407816e-02,-2.476805901046331970e-01,-2.476881875778516040e-01,9.999961372158984174e-01,-2.476842512642580263e-01,1.999996137211984548e+00,-2.476843254754765300e-01,2.477378804688489811e-01,2.368042082471963796e-06,3.227756678264598705e-06,3.387654248510495568e-06,9.999980686059921631e-01
1.270180450309979503e-02,-2.476806003733630079e-01,-2.476826471312981448e-01,9.999942307546407783e-01,-2.476864077952030396e-01,1.999994230748794788e+00,-2.476850517829302656e-01,2.477347933051003703e-01,-7.553482660824589293e-07,4.400173961919221028e-06,4.784250080020468817e-06,9.999971153743975050e-01
1.271169086638975800e-02,-2.476806119902986159e-01,-2.476712932111067023e-01,9.999907074946616792e-01,-2.476603883978841236e-01,1.999990707485245656e+00,-2.476587186916315020e-01,2.477261880758322710e-01,1.286905923653177670e-05,9.489285049633909517e-06,1.330758163062930814e-05,9.999953537426228278e-01
1.272935689262862970e-02,-2.476806327486991977e-01,-2.476758735766186881e-01,9.999992464655926838e-01,-2.476715603724145842e-01,1.999999246464829072e+00,-2.476716144524466756e-01,2.477278649204389949e-01,3.872972885753741394e-06,3.517327096774003684e-06,2.755449980740036964e-06,9.999996232324145362e-01
1.273749316265087618e-02,-2.476806423091934550e-01,-2.476774449727233707e-01,1.000001529045839943e+00,-2.476787895090759861e-01,2.000001529047389592e+00,-2.476798510175110823e-01,2.477274109480473163e-01,1.792921206007835979e-06,-5.357308401719818574e-06,6.018715322267752159e-06,1.000000764523694796e+00
1.274316235100148541e-02,-2.476806489707514825e-01,-2.476798068107840256e-01,9.999992802296816530e-01,-2.476821166169290989e-01,1.999999280228952347e+00,-2.476831706909249087e-01,2.477297384694443494e-01,1.130021806214709184e-06,-6.646148742917385580e-06,6.513360755794831383e-06,9.999996401144761737e-01
1.275128417064960717e-02,-2.476806585142668216e-01,-2.476826501125284352e-01,9.999997226457632005e-01,-2.476910909247094505e-01,1.999999722645481981e+00,-2.476923381013518832e-01,2.477321172178551523e-01,-7.929675452935077752e-06,-7.588411810365408652e-06,8.602236050565687246e-06,9.999998613227411015e-01
1.276221642082803372e-02,-2.476806713601657772e-01,-2.476801806927108329e-01,9.999991608176362901e-01,-2.476886575608472363e-01,1.999999160816786192e+00,-2.476876614218928296e-01,2.477302138761255379e-01,-6.471417512435936931e-06,-7.986778546785400944e-07,6.186834202817547706e-06,9.999995804083929851e-01
1.277135006659979241e-02,-2.476808122047975680e-01,-2.476780984585148226e-01,9.999961895761043662e-01,-2.476805267324691806e-01,1.999996189572243122e+00,-2.476792334987965027e-01,2.477281899440855195e-01,-3.612378989282052909e-06,2.799624089726924822e-06,3.391367678345356622e-06,9.999980947861216718e-01
1.278082315168781874e-02,-2.476815507407487960e-01,-2.476735215510959820e-01,9.999960300583584649e-01,-2.476581850128268814e-01,1.999996030054336016e+00,-2.476560467154632628e-01,2.477246220247543707e-01,1.528657801994633177e-05,7.083409653083835923e-06,1.547322814048550949e-05,9.999980150271678969e-01
1.279004256876057656e-02,-2.476820292873833096e-01,-2.476715938129877281e-01,9.999979864870578439e-01,-2.476622430652228590e-01,1.999997986485017476e+00,-2.476633917099266557e-01,2.477215043931178251e-01,4.176709426610260304e-07,1.477796071705555257e-06,1.436924887261809332e-06,9.999989932425087380e-01
1.280000310122696335e-02,-2.476823703975572499e-01,-2.476835991307068663e-01,1.000001440691158150e+00,-2.476833893562226385e-01,2.000001440692617649e+00,-2.476856156966961153e-01,2.477344819930785702e-01,-2.798050719708687062e-06,-3.739435786798419760e-06,4.296944838686667285e-06,1.000000720346308825e+00
1.281000296444484605e-02,-2.476825922964357718e-01,-2.476890482697320373e-01,1.000004023157479605e+00,-2.476872669477814537e-01,2.000004023161556344e+00,-2.476870786705481775e-01,2.477390367205347110e-01,-4.525110101766082215e-06,1.420271000465320540e-06,4.388283489956482007e-06,1.000002011580777950e+00
1.281868122209106099e-02,-2.476827203441451797e-01,-2.476897240342886553e-01,9.999996620995125207e-01,-2.476884693718420793e-01,1.999999662099170017e+00,-2.476883871483821220e-01,2.477392890551607385e-01,-5.385166438373162412e-07,2.980763074007710539e-06,3.446109314789672338e-06,9.999998310495850085e-01
1.283021832687296013e-02,-2.476828305256091878e-01,-2.476798668942661041e-01,9.999904672788936244e-01,-2.476758472376779929e-01,1.999990467269234351e+00,-2.476744873210195985e-01,2.477344712220226619e-01,8.453772507004527143e-06,1.148108944568130058e-05,1.195681936541663631e-05,9.999952336346171755e-01
1.284083345135611856e-02,-2.476828930476510093e-01,-2.476832832823929742e-01,9.999883980689977525e-01,-2.476688396203310938e-01,1.999988398057241934e+00,-2.476683176487396998e-01,2.477328253733592778e-01,1.866964829663546763e-05,1.023280444611613152e-05,1.806666862312208833e-05,9.999941990286208560e-01
1.285056336038270346e-02,-2.476829298088680520e-01,-2.476802920779990480e-01,9.999932257348403963e-01,-2.476706719316069949e-01,1.999993225727975998e+00,-2.476714453095839874e-01,2.477307318919987067e-01,3.145810763734771639e-06,6.539514810148072334e-06,6.162065927987444338e-06,9.999966128639879992e-01
1.286025016301223754e-02,-2.476829537950252513e-01,-2.476765599137203955e-01,9.999954222658912206e-01,-2.476640083229335876e-01,1.999995422261252598e+00,-2.476625560496430734e-01,2.477271934988138358e-01,8.949208209620431554e-06,8.000312425526811240e-06,9.988805888185939985e-06,9.999977111306262989e-01
1.287044754305948814e-02,-2.476829701876748779e-01,-2.476831099901569411e-01,9.999959335793345838e-01,-2.476637228982929984e-01,1.999995933575214213e+00,-2.476647844864217074e-01,2.477329367814685435e-01,9.478645577652706464e-06,3.765740758989730516e-06,8.784815550539796332e-06,9.999979667876071066e-01
1.288054456880848887e-02,-2.476829806180622928e-01,-2.476787530098145673e-01,9.999987101321337057e-01,-2.476785049110683257e-01,1.999998710130826751e+00,-2.476794127059382400e-01,2.477298802347795426e-01,3.754772294367723057e-07,3.925358316375691853e-06,3.762208051343981180e-06,9.999993550654133756e-01
1.289036283309044628e-02,-2.476829871848136022e-01,-2.476696734890031504e-01,9.999970340795797386e-01,-2.476701688678715207e-01,1.999997034076574254e+00,-2.476687863830477898e-01,2.477237407202615427e-01,5.763723592895186351e-06,1.593101738186256189e-06,6.184248919009657143e-06,9.999985170382872379e-01
1.290031687362080091e-02,-2.476829915085603795e-01,-2.476723769105230732e-01,9.999971486559212641e-01,-2.476691089849089311e-01,1.999997148653032131e+00,-2.476694294581469613e-01,2.477226685245090820e-01,5.513948900801607191e-06,5.880780994050371323e-06,5.777087533664233617e-06,9.999985743265160654e-01
1.291052726040321265e-02,-2.476829943617434582e-01,-2.476896508011515174e-01,1.000003571811629799e+00,-2.476857051908246121e-01,2.000003571815248904e+00,-2.476881683071344153e-01,2.477398251562568932e-01,-2.337351901748369030e-06,-2.964477984907663909e-06,3.640448382718016566e-06,1.000001785907624452e+00
1.292116913989270997e-02,-2.476829962434120846e-01,-2.476799576433355854e-01,1.000004516202577243e+00,-2.476912544439233699e-01,2.000004516207153138e+00,-2.476903086814974120e-01,2.477341390977673696e-01,-7.153537040835553845e-06,-1.507021621198412500e-06,6.932818310341558057e-06,1.000002258103576569e+00
1.293048382758257668e-02,-2.476829973002539764e-01,-2.476721077737535082e-01,9.999952697211516028e-01,-2.476817308348779334e-01,1.999995269716358548e+00,-2.476807080784275139e-01,2.477256301248222381e-01,-5.811574926815827692e-06,-1.675717298422578985e-06,5.251985420566426936e-06,9.999976348581792740e-01
1.293841784766334990e-02,-2.476829979116280944e-01,-2.476869276173443712e-01,9.999925718075545200e-01,-2.476809715353995300e-01,1.999992571800027763e+00,-2.476813860595951378e-01,2.477385625545953096e-01,7.486564728898841277e-06,9.145057987189123051e-06,9.956283187359822105e-06,9.999962859000138815e-01
1.294407727039941294e-02,-2.476829982317488854e-01,-2.476881929261185444e-01,9.999962855418409458e-01,-2.476818755948085038e-01,1.999996285538077068e+00,-2.476816197174189493e-01,2.477389145038450258e-01,9.998575815318047651e-06,5.806590694631152982e-06,9.288438911553325216e-06,9.999981427690385338e-01
1.295140551014761776e-02,-2.476829985403955214e-01,-2.476794354812167365e-01,1.000000601265070177e+00,-2.476810926135580848e-01,2.000000601265679467e+00,-2.476810264787081828e-01,2.477344452559507859e-01,3.477327375695346741e-06,-4.660031532548018344e-06,4.745377422760129026e-06,1.000000300632839734e+00
1.296068846185363492e-02,-2.476829988066324428e-01,-2.476800570356557651e-01,9.999943530220484211e-01,-2.476753483674513090e-01,1.999994353016326443e+00,-2.476741152210444330e-01,2.477297260627486508e-01,6.233636154369606623e-06,4.868833338840616138e-06,7.235663238683048932e-06,9.999971765081632213e-01
1.297168597504234390e-02,-2.476829990004822679e-01,-2.476813645245824480e-01,9.999937986218818686e-01,-2.476755231843672245e-01,1.999993798615598006e+00,-2.476762799665503945e-01,2.477309070439565053e-01,2.482573848170440139e-06,9.324929037437770399e-07,1.312018301844479880e-06,9.999968993077990032e-01
1.298243721445274668e-02,-2.476829991085059968e-01,-2.476788818195794772e-01,9.999970136962811340e-01,-2.476791191158226879e-01,1.999997013693255221e+00,-2.476785515028694651e-01,2.477288168557531811e-01,-4.606991351471925855e-06,-3.342887920842890973e-06,3.166965236183247550e-06,9.999985068466276106e-01
1.299175723104134192e-02,-2.476829991607011339e-01,-2.476829941559078319e-01,9.999964358944055665e-01,-2.476665718376777348e-01,1.999996435890794233e+00,-2.476659800186424010e-01,2.477328151765573472e-01,1.321266080822905874e-05,7.985331345850648195e-06,1.429027531512486169e-05,9.999982179453971165e-01
1.300164188098057103e-02,-2.476829991888541971e-01,-2.476855495378419147e-01,9.999974277540110146e-01,-2.476678249115827068e-01,1.999997427751404544e+00,-2.476682597440152400e-01,2.477354188078406405e-01,1.889408529690694030e-05,1.399532420277544764e-05,1.819862914773267469e-05,9.999987138757022720e-01
1.301033119857742879e-02,-2.476829991981757129e-01,-2.476885769760922285e-01,9.999962430160999061e-01,-2.476833169923657596e-01,1.999996243012293062e+00,-2.476850940991719152e-01,2.477383618959037581e-01,4.564054637515007614e-06,8.224269521172023551e-07,2.612881718459709735e-06,9.999981215061465312e-01
1.301870822007825286e-02,-2.476829991979364876e-01,-2.476886621321070792e-01,9.999935669598118970e-01,-2.476864547600079181e-01,1.999993566953293112e+00,-2.476862604994164718e-01,2.477381779685156327e-01,-5.073038442969103811e-06,5.702076982893501751e-06,6.458490167756112101e-06,9.999967834766466668e-01
1.302378584823409881e-02,-2.476829991946069010e-01,-2.476885590190628927e-01,9.999920563714277399e-01,-2.476880818280969843e-01,1.999992056363378623e+00,-2.476886320263645691e-01,2.477380776659207917e-01,-4.441818278071681857e-06,5.588552011074122835e-06,4.975539244371999613e-06,9.999960281816893115e-01
1.303286477566963260e-02,-2.476829991843277068e-01,-2.476865681098889826e-01,9.999895315091936743e-01,-2.476909251036815418e-01,1.999989531498586270e+00,-2.476895826771189635e-01,2.477373198097040652e-01,7.432135506599248078e-07,2.841345079763872899e-06,3.698197811851085380e-06,9.999947657492931352e-01
1.304316996207824028e-02,-2.476829991679112553e-01,-2.476808511141890545e-01,9.999886477418823416e-01,-2.476726876226390817e-01,1.999988647730379432e+00,-2.476723233952569936e-01,2.477312313498220842e-01,1.298478480994234620e-05,1.102189456329672428e-05,1.335819833009537161e-05,9.999943238651897159e-01
1.305851492142113060e-02,-2.476829991377500484e-01,-2.476857735299176633e-01,9.999926555355249658e-01,-2.476608285081580707e-01,1.999992655528082919e+00,-2.476591045053609663e-01,2.477358549710096391e-01,1.988816618550163584e-05,1.501308341508681237e-05,2.033425586279260139e-05,9.999963277640414594e-01
1.306627839699939231e-02,-2.476829991208887305e-01,-2.476827046044609570e-01,9.999944737857470178e-01,-2.476612285743612918e-01,1.999994473780147386e+00,-2.476623644780047429e-01,2.477334890238210852e-01,1.567196154286507102e-05,8.498572782582786606e-06,1.471180917675699223e-05,9.999972368900736930e-01
1.307465271823288547e-02,-2.476829991019467991e-01,-2.476836575768323612e-01,9.999916527019155899e-01,-2.476710947025871912e-01,1.999991652693457356e+00,-2.476725776890722208e-01,2.477340112887458645e-01,1.079287829598648609e-05,7.410711504089839127e-06,1.063161735843406506e-05,9.999958263467286779e-01
1.309000263822138882e-02,-2.476829990659247804e-01,-2.476806847407697632e-01,9.999939885218054325e-01,-2.476762071926034703e-01,1.999993988515714083e+00,-2.476755274794690265e-01,2.477337755434152466e-01,6.298335343450516811e-06,6.756237867082407027e-06,6.513096635406746199e-06,9.999969942578570414e-01
1.310075416871038338e-02,-2.476829990400800929e-01,-2.476858079418457481e-01,9.999922284071465217e-01,-2.476862168311373402e-01,1.999992228399271710e+00,-2.476856628980938502e-01,2.477353478952365740e-01,8.800704478513389015e-06,1.197793836526294810e-05,1.252246851316985254e-05,9.999961141996358549e-01
1.311838545495077300e-02,-2.476829989971150170e-01,-2.476808243091637718e-01,9.999941621219381460e-01,-2.476651988490086442e-01,1.999994162116022656e+00,-2.476654346661203709e-01,2.477303967395596829e-01,1.886236472369799333e-05,1.371520992591664455e-05,1.967480496306232000e-05,9.999970810580113278e-01
1.313000000000000105e-02,-2.476829989685887801e-01,-2.476865409625578496e-01,9.999942495285820687e-01,-2.476776463868154976e-01,1.999994249522755174e+00,-2.476796224652983436e-01,2.477367028801686910e-01,8.024085371160739270e-06,9.394164330578450424e-06,8.540598459763151738e-06,9.999971247613776981e-01
1.314036796253176091e-02,-2.476829989430428536e-01,-2.476861606262938387e-01,9.999959006897297664e-01,-2.476833041730712726e-01,1.999995900685576089e+00,-2.476834377914326479e-01,2.477357534248224857e-01,5.097098987653182793e-07,6.175689130915309911e-06,5.984385339190870518e-06,9.999979503427880445e-01
1.315108561697499699e-02,-2.476829989165850732e-01,-2.476752855162070166e-01,9.999926884604060096e-01,-2.476757870065050826e-01,1.999992688452997491e+00,-2.476752756114617982e-01,2.477298384594958935e-01,1.773968874851480758e-06,4.383711489926094703e-06,5.106707158942199302e-06,9.999963442264987457e-01
1.316066221537835583e-02,-2.476829988929162563e-01,-2.476834159473323971e-01,9.999915456871626418e-01,-2.476777232001733942e-01,1.999991545678595939e+00,-2.476776537162711789e-01,2.477330990787422749e-01,8.795274642675871742e-06,1.256333976842283028e-05,1.217103824407228944e-05,9.999957728392980805e-01
1.317000100000000236e-02,-2.476829988698179275e-01,-2.476776124177979543e-01,9.999966935230085729e-01,-2.476807686533368802e-01,1.999996693519658031e+00,-2.476816294534176788e-01,2.477296050458761001e-01,-7.130169388776964964e-06,-3.366743597775646660e-06,9.380984625509623381e-06,9.999983467598291265e-01
1.317081905557659222e-02,-2.476784878105530718e-01,-2.476748074121567222e-01,9.999971701707731642e-01,-2.476805745798855984e-01,1.999997170167905569e+00,-2.476796701555588343e-01,2.477290610641113833e-01,-8.600664085017710331e-06,-4.601285912134186143e-06,9.958668909220079300e-06,9.999985850839527846e-01
1.318023375495036738e-02,-2.476784988732612380e-01,-2.476747271361913194e-01,9.999973898434278974e-01,-2.476698444702283008e-01,1.999997389840783013e+00,-2.476685500591890576e-01,2.477245325534654374e-01,-4.450682465992451387e-06,-5.494916898601357602e-06,5.003667744774332890e-06,9.999986949203915065e-01
1.319061213172527391e-02,-2.476785110683365487e-01,-2.476780797078402818e-01,9.999984065522965482e-01,-2.476672537347080483e-01,1.999998406550681951e+00,-2.476672805453542792e-01,2.477277115543711217e-01,5.259564455729873814e-06,4.801201499531662401e-08,5.325394793632520092e-06,9.999992032753409754e-01
1.320027252714063050e-02,-2.476785224197481927e-01,-2.476765442004184581e-01,1.000002288954020768e+00,-2.476741358507526802e-01,2.000002288956340024e+00,-2.476749909509791125e-01,2.477263649061737516e-01,-4.067366795626384410e-06,-5.482424551077256212e-06,5.692509964399320407e-06,1.000001144478170012e+00
1.321143840737737558e-02,-2.476785355401749655e-01,-2.476761525528019814e-01,1.000000440364890997e+00,-2.476823634895719828e-01,2.000000440365337528e+00,-2.476832586494649713e-01,2.477258582028486755e-01,-7.581987471265746817e-06,-1.677591822407505666e-06,7.404570371040367472e-06,1.000000220182668764e+00
1.322949651561518628e-02,-2.476785567592913739e-01,-2.476825020989941728e-01,1.000000833462606264e+00,-2.476848725024782261e-01,2.000000833463450700e+00,-2.476837415115568930e-01,2.477325277062236430e-01,-2.959279352487399108e-06,-2.588698135967247566e-07,2.375123204062984342e-06,1.000000416731725350e+00
1.324003816838476705e-02,-2.476785691462236316e-01,-2.476871710211564215e-01,9.999997625911593024e-01,-2.476722440008823911e-01,1.999999762590918717e+00,-2.476708681525284228e-01,2.477370918050253723e-01,1.225230208080502214e-05,1.107265759304563993e-06,1.380168030329144683e-05,9.999998812954593586e-01
1.325000000000000309e-02,-2.476785808518373877e-01,-2.476790166655271630e-01,9.999962603880325762e-01,-2.476722398082553955e-01,1.999996260384243163e+00,-2.476723951402983182e-01,2.477325720105627571e-01,4.267893278956234773e-06,8.961962761740370996e-06,9.894608095635046359e-06,9.999981301921216925e-01
1.325566188173235224e-02,-2.476785875048115593e-01,-2.476792166966853559e-01,9.999937893466621652e-01,-2.476729492843860736e-01,1.999993789340368977e+00,-2.476732350605111987e-01,2.477289949461272955e-01,5.628962944279290545e-06,8.970227449573844539e-06,8.764016554692666259e-06,9.999968946701845995e-01
1.326959325175624399e-02,-2.476786038748188534e-01,-2.476872907297696380e-01,9.999945096779723208e-01,-2.476857797875863521e-01,1.999994509672408993e+00,-2.476874417504979220e-01,2.477376151632308399e-01,7.561509656737968800e-07,4.396304988881068890e-06,3.748335888737859637e-06,9.999972548362044966e-01
1.328001554399528897e-02,-2.476786161214946103e-01,-2.476834256986049920e-01,9.999970458615070612e-01,-2.476839968143394188e-01,1.999997045858513678e+00,-2.476829668441361820e-01,2.477346691370979070e-01,3.362098001115275484e-06,-3.160428987239364883e-08,4.123624186144199802e-06,9.999985229292568389e-01
1.329146250083087372e-02,-2.476786295722013254e-01,-2.476805531802881155e-01,9.999923445956153678e-01,-2.476690280584702697e-01,1.999992344587858240e+00,-2.476673361833759135e-01,2.477310981949664148e-01,1.687671500127486073e-05,4.001616039036742800e-06,1.672215756635636559e-05,9.999961722939291198e-01
1.330060266784619666e-02,-2.476786403123221458e-01,-2.476667538160639559e-01,9.999923269859087860e-01,-2.476607400688946858e-01,1.999992326978134116e+00,-2.476605587714646173e-01,2.477244446982793669e-01,5.697518219219967043e-06,-2.429331579683171955e-06,4.350504679862528388e-06,9.999961634890669471e-01
1.330737546042124429e-02,-2.476786482706664627e-01,-2.476733927932711354e-01,9.999944124078414820e-01,-2.476606677374228738e-01,1.999994412402179789e+00,-2.476603360960945022e-01,2.477241318899379707e-01,8.914268112467850055e-06,7.839895650091514493e-06,9.944037310660598482e-06,9.999972062010898943e-01
1.331339697948950157e-02,-2.476786553462301810e-01,-2.476783992915323196e-01,9.999973795884096184e-01,-2.476607482746180922e-01,1.999997379585754631e+00,-2.476617695677871822e-01,2.477282444878684264e-01,1.258208664266690528e-05,1.001538719804166323e-05,1.185642984703206449e-05,9.999986897928770935e-01
1.332152949875412343e-02,-2.476786649023167419e-01,-2.476803988383125821e-01,1.000004495869670551e+00,-2.476757406817760021e-01,2.000004495874226240e+00,-2.476772379612466046e-01,2.477299015649865321e-01,1.479942686671027818e-06,-4.517390455615486264e-06,5.530325168374737585e-06,1.000002247937113120e+00
1.333385893385516038e-02,-2.476786793899754535e-01,-2.476750388707237849e-01,1.000001783905068109e+00,-2.476744359340353197e-01,2.000001783906875996e+00,-2.476725957792131894e-01,2.477278658656952848e-01,-1.031374688881462152e-06,-2.815076222976318007e-06,1.938038571976681252e-06,1.000000891953437998e+00
1.335001666592723624e-02,-2.476786983760614069e-01,-2.476768882834482211e-01,9.999981157335317006e-01,-2.476619295427803236e-01,1.999998115731622450e+00,-2.476627696175547344e-01,2.477277810668162272e-01,6.438445275050534056e-06,6.283063479050892501e-06,6.389847952196372402e-06,9.999990578658112250e-01
1.336001987582605133e-02,-2.476787101302967420e-01,-2.476735019266543825e-01,1.000005031703325997e+00,-2.476872277596401939e-01,2.000005031708424585e+00,-2.476902181245092815e-01,2.477245777189921172e-01,-1.028411222159871815e-05,-2.328899883776056194e-06,1.237825429980316686e-05,1.000002515854212293e+00
1.336841502718519141e-02,-2.476787199949880003e-01,-2.476828268663468502e-01,1.000005957068733409e+00,-2.476931099266211356e-01,2.000005957074769469e+00,-2.476928033692616937e-01,2.477336902500101024e-01,-3.880288037393678520e-06,-5.524909545344158416e-06,5.233298491342195456e-06,1.000002978537384735e+00
1.337330679833763011e-02,-2.476787257430458078e-01,-2.476818498109825406e-01,1.000003262547713323e+00,-2.476866545640554196e-01,2.000003262551019123e+00,-2.476842410851111398e-01,2.477330032079806954e-01,3.418348484907970364e-07,-3.421398474640843682e-06,2.999298446688804544e-06,1.000001631275509784e+00
1.338465037407043923e-02,-2.476787390722748339e-01,-2.476717330729754640e-01,1.000000730641793067e+00,-2.476769948500255614e-01,2.000000730642533586e+00,-2.476801080902286956e-01,2.477223484674595522e-01,-7.243364427029507871e-06,-4.216517108034508127e-06,8.343758441263341664e-06,1.000000365321266793e+00
1.339272456716387311e-02,-2.476787485598251903e-01,-2.476781640981247090e-01,9.999970830528158716e-01,-2.476956392131941798e-01,1.999997083049860347e+00,-2.476943765432321198e-01,2.477276304525702078e-01,-1.062957985527614812e-05,-4.243887687507824257e-06,9.197178340225598331e-06,9.999985415249301735e-01
1.340088065655813294e-02,-2.476787581436081798e-01,-2.476760359010080348e-01,1.000001574833914608e+00,-2.476805043033089293e-01,2.000001574835509999e+00,-2.476799076683243450e-01,2.477261243746329000e-01,-1.705542694706711447e-06,-3.308833662489808990e-06,3.872598475304265738e-06,1.000000787417755221e+00
1.341005638783788513e-02,-2.476787689255179059e-01,-2.476764669841841071e-01,1.000002937127918212e+00,-2.476921757310487637e-01,2.000002937130894054e+00,-2.476933031956916054e-01,2.477261009862111174e-01,-1.163377496658958187e-05,-5.531367341171963042e-06,1.219105223387449703e-05,1.000001468565447027e+00
1.342000000000000311e-02,-2.476787806097230371e-01,-2.476830260532719707e-01,1.000000485136830264e+00,-2.476866988710096640e-01,2.000000485137321871e+00,-2.476859103387874517e-01,2.477332849755752020e-01,7.784154892389783812e-07,2.575188083154592407e-06,3.205070964244056181e-06,1.000000242568660935e+00
1.342412256862527201e-02,-2.476787854539312661e-01,-2.476822184917861491e-01,1.000000675062041156e+00,-2.476845317675316349e-01,2.000000675062725275e+00,-2.476844973334268452e-01,2.477320633235602088e-01,1.594454368225989452e-06,-1.348898904513928727e-06,2.773062844923758115e-06,1.000000337531362637e+00
1.343168004055084880e-02,-2.476787943343127796e-01,-2.476787053054189391e-01,1.000000262891879821e+00,-2.476869168424621070e-01,2.000000262892146274e+00,-2.476877848993861986e-01,2.477296220882376498e-01,-4.024610483064364753e-06,-9.956741002353592396e-06,9.532107678569499084e-06,1.000000131446073137e+00
1.344082408261835886e-02,-2.476788050789865414e-01,-2.476755903037234363e-01,9.999968550782299959e-01,-2.476879097957653819e-01,1.999996855075043323e+00,-2.476865964010461219e-01,2.477260273972987092e-01,-2.558887521368731355e-06,-1.280244199322393624e-06,1.599050511366795563e-06,9.999984275375216614e-01
1.345102601581355320e-02,-2.476788170667311995e-01,-2.476738940107899578e-01,9.999968122733761122e-01,-2.476638768259181167e-01,1.999996812270146140e+00,-2.476624592719934848e-01,2.477237445908791746e-01,8.126990197650306352e-06,5.634808524810497699e-06,7.864656068513014550e-06,9.999984061350730702e-01
1.346028873828250885e-02,-2.476788279508599089e-01,-2.476791335997409194e-01,1.000000033645391362e+00,-2.476709909514302477e-01,2.000000033645425557e+00,-2.476729348149703525e-01,2.477291704601340405e-01,-4.556481090069222211e-06,-2.366809283428390773e-07,5.626649185067677572e-06,1.000000016822712778e+00
1.347002348859226498e-02,-2.476788393896430240e-01,-2.476814907889992035e-01,1.000002280454955983e+00,-2.476908584540206681e-01,2.000002280457267023e+00,-2.476925358381248943e-01,2.477312112063997096e-01,-1.117632893949515141e-06,-5.583132546163020878e-06,5.970143042785008840e-06,1.000001140228633512e+00
1.348000279858399195e-02,-2.476788511157951844e-01,-2.476725823711976304e-01,1.000000317242183190e+00,-2.476729290530386152e-01,2.000000317242504710e+00,-2.476703186842768856e-01,2.477266339706064580e-01,2.294142857052638983e-06,2.648508142164965411e-06,3.804706239845721789e-06,1.000000158621252355e+00
1.348742669675920269e-02,-2.476788598392198892e-01,-2.476778530843779524e-01,9.999976708268781822e-01,-2.476716909554433355e-01,1.999997670824517959e+00,-2.476725780004822020e-01,2.477283645955604685e-01,3.504193432592148606e-06,9.782701940020916420e-07,3.291159863845430067e-06,9.999988354122589795e-01
1.349892810505706579e-02,-2.476788733539079801e-01,-2.476818326196027764e-01,9.999999791720516340e-01,-2.476734955884872802e-01,1.999999979172030429e+00,-2.476732480389138291e-01,2.477314308679665900e-01,3.298006544668446678e-06,-3.492310525996698972e-06,3.996385317249628623e-06,9.999999895860152144e-01
1.351030227798495804e-02,-2.476788867190897192e-01,-2.476806322155575280e-01,9.999998590558127898e-01,-2.476729729183906048e-01,1.999999859055669793e+00,-2.476724893218834322e-01,2.477302977611875179e-01,3.183254196068560912e-06,-4.176993855008589163e-06,3.904204916607183153e-06,9.999999295278348965e-01
1.352020230303956766e-02,-2.476788983520780973e-01,-2.476770673684142998e-01,9.999960789364917835e-01,-2.476805839229043460e-01,1.999996078932518628e+00,-2.476819761536950548e-01,2.477276606529944247e-01,-1.187096340008572539e-05,-7.086860965953904397e-06,1.353874505620674596e-05,9.999980394662593142e-01
1.352820780231366211e-02,-2.476789077589098276e-01,-2.476769764040349930e-01,9.999959872147082818e-01,-2.476828282215371990e-01,1.999995987210642090e+00,-2.476825721635287081e-01,2.477265420303702004e-01,-9.123428478760117985e-06,-1.158744664639310441e-06,8.422835453796223489e-06,9.999979936053210450e-01
1.354000201633902105e-02,-2.476789216176595310e-01,-2.476721013740655897e-01,9.999985699771550829e-01,-2.476782567981675176e-01,1.999998569975705909e+00,-2.476779207000096295e-01,2.477234527035958866e-01,-1.550387282848087968e-06,-1.227629308553027937e-06,1.507707664826576297e-06,9.999992849878529544e-01
1.355001264414062295e-02,-2.476789333806122817e-01,-2.476760010311168103e-01,1.000000354572534444e+00,-2.476714539978136786e-01,2.000000354572894157e+00,-2.476706704803454395e-01,2.477260256584603026e-01,6.217453690674071059e-06,2.522929131068274162e-06,7.154751990850350139e-06,1.000000177286446856e+00
1.355726272498985856e-02,-2.476789418997927816e-01,-2.476774788300755148e-01,1.000002009496315125e+00,-2.476733760991756683e-01,2.000002009498351274e+00,-2.476741204431879839e-01,2.477271727375833787e-01,1.291023020970048891e-06,-2.452143632494028240e-06,3.402035581566759485e-06,1.000001004749175637e+00
1.356930826923505827e-02,-2.476789560538665280e-01,-2.476738425457016557e-01,1.000002924070860333e+00,-2.476805634287095603e-01,2.000002924073823518e+00,-2.476806385475978367e-01,2.477249076476899237e-01,-3.425311397335648449e-06,-4.638657591255285728e-06,4.233949348006295250e-06,1.000001462036911537e+00
1.358049696688025040e-02,-2.476789692011057420e-01,-2.476770576141505420e-01,1.000000341578845875e+00,-2.476819246425460697e-01,2.000000341579191598e+00,-2.476818152740997980e-01,2.477268766582370885e-01,1.994976106326386250e-06,4.438089507461968451e-06,5.173878583221654599e-06,1.000000170789596021e+00
1.359142026088377454e-02,-2.476789820364821426e-01,-2.476779258320034593e-01,1.000002002822051095e+00,-2.476675940144164867e-01,2.000002002824080805e+00,-2.476666429192947994e-01,2.477275998158836590e-01,1.048987844411785900e-05,8.990699129933733409e-06,1.060962301198112056e-05,1.000001001412040402e+00
1.360188464629295130e-02,-2.476789943326181964e-01,-2.476803119896150984e-01,1.000001274585660571e+00,-2.476702570933436709e-01,2.000001274586952427e+00,-2.476705365549224103e-01,2.477305674605365382e-01,7.002542443044918359e-06,4.389527996777171770e-06,6.071799031023324342e-06,1.000000637293476213e+00
1.361192804522775614e-02,-2.476790061340783389e-01,-2.476876527189230404e-01,9.999995438046110907e-01,-2.476809818502155036e-01,1.999999543804148905e+00,-2.476822739713566701e-01,2.477373894594411263e-01,-2.775580885883529225e-06,-1.511781106690388753e-06,2.285854462333619792e-06,9.999997719020744524e-01
1.362102286236687582e-02,-2.476790168209096199e-01,-2.476877564060690207e-01,9.999979103051730434e-01,-2.476820953993880692e-01,1.999997910303055626e+00,-2.476822776571919460e-01,2.477376532094316963e-01,4.821086739652089753e-06,-2.985977329027567646e-06,4.975815881986683458e-06,9.999989551515278130e-01
1.363169717695552133e-02,-2.476790293637239349e-01,-2.476686622010599304e-01,9.999925585910931503e-01,-2.476688116514733640e-01,1.999992558583552960e+00,-2.476669266553670201e-01,2.477276791695214586e-01,1.029755905774699191e-05,1.077172068862166057e-05,1.180840136093774695e-05,9.999962792917764798e-01
1.364250640385706974e-02,-2.476790420650672730e-01,-2.476807261328360654e-01,9.999913929817080271e-01,-2.476712955678044281e-01,1.999991392972986670e+00,-2.476728878109586141e-01,2.477308604930683889e-01,1.054392973452053101e-05,1.500455707144492789e-05,1.374475220625288989e-05,9.999956964864933351e-01
1.365108005160624825e-02,-2.476790521395025590e-01,-2.476850875216164982e-01,1.000000509510771796e+00,-2.476918716033246759e-01,2.000000509511288271e+00,-2.476943047252969099e-01,2.477346768738570570e-01,-3.497427330940935364e-08,-6.483752893583547023e-07,2.028410715851492089e-06,1.000000254755644136e+00
1.366069199660125029e-02,-2.476790634339843811e-01,-2.476834611074355263e-01,1.000001609966291616e+00,-2.476913700262589613e-01,2.000001609967922533e+00,-2.476910061664002183e-01,2.477333015148631135e-01,-6.782692149397552038e-06,2.428026004416181354e-06,5.984099780277173386e-06,1.000000804983961267e+00
1.367113215380441615e-02,-2.476790757016543165e-01,-2.476818114021653305e-01,9.999946284698831844e-01,-2.476839632847416262e-01,1.999994628464440316e+00,-2.476824747996524134e-01,2.477318049090516672e-01,1.857171820955225138e-06,4.852509537617555517e-06,5.440782003292973985e-06,9.999973142322201580e-01
1.368143268043329336e-02,-2.476790878052503031e-01,-2.476708801699933904e-01,9.999933444226868362e-01,-2.476565323907892746e-01,1.999993344415943008e+00,-2.476545357512620338e-01,2.477254380935601241e-01,1.471165724135483598e-05,1.036613377997232816e-05,1.477499454440070471e-05,9.999966722079715042e-01
1.369139522551965533e-02,-2.476790995117023886e-01,-2.476779373534503670e-01,9.999953280323556903e-01,-2.476639168161479110e-01,1.999995328027621699e+00,-2.476636100326541634e-01,2.477277832093037202e-01,1.176738783766027151e-05,1.151295936465191987e-05,1.186556748872181709e-05,9.999976640138108497e-01
1.370068666798321226e-02,-2.476791104295787416e-01,-2.476794146674835273e-01,1.000001343447902480e+00,-2.476639187439361733e-01,2.000001343449263835e+00,-2.476645894225263933e-01,2.477289083888065679e-01,6.587132154637328304e-06,-3.176244611543691301e-06,5.334495636403488560e-06,1.000000671724631918e+00
1.371085451965999187e-02,-2.476791223772755735e-01,-2.476771834976958797e-01,1.000001986792864672e+00,-2.476698402669929855e-01,2.000001986794877951e+00,-2.476692298023634164e-01,2.477272342642144465e-01,3.803332602636628236e-06,6.265119288312827094e-07,4.131277229946777886e-06,1.000000993397438975e+00
1.372303270484748726e-02,-2.476791366872074240e-01,-2.476749155635186717e-01,9.999985725221864907e-01,-2.476624735650231057e-01,1.999998572520740092e+00,-2.476638259732266145e-01,2.477248420078779767e-01,5.774325132021337641e-06,6.898701465143705314e-06,6.479551653355286736e-06,9.999992862603700461e-01
1.373745942726245506e-02,-2.476791536392749793e-01,-2.476802723300329245e-01,1.000000869145681426e+00,-2.476829616133804923e-01,2.000000869146561833e+00,-2.476842142264347180e-01,2.477301165740080080e-01,-7.667789590795129543e-06,-3.797217276651641746e-06,9.110352645928482902e-06,1.000000434573280916e+00
1.374361557296070215e-02,-2.476791608730304350e-01,-2.476800350338628220e-01,1.000001713899080436e+00,-2.476853241976587072e-01,2.000001713900817268e+00,-2.476847242335885046e-01,2.477299585076425670e-01,-9.620839804732492321e-06,-4.639447784619791489e-06,8.108209445315164014e-06,1.000000856950408634e+00
1.375253038909413604e-02,-2.476791713483525448e-01,-2.476768310124232708e-01,9.999999068849835249e-01,-2.476711040614248405e-01,1.999999906884889267e+00,-2.476707309055379280e-01,2.477268383593004553e-01,4.623099581688065940e-06,4.194194978800168947e-06,4.861717282388796786e-06,9.999999534424445224e-01
1.376206649897675910e-02,-2.476791825537228431e-01,-2.476785450803082878e-01,9.999975051317567809e-01,-2.476755394364784646e-01,1.999997505129228914e+00,-2.476750398038143897e-01,2.477280965220597098e-01,5.312299172452987195e-06,8.359562630386747347e-06,8.479998238801447202e-06,9.999987525646144571e-01
1.377222800758761724e-02,-2.476791944939670254e-01,-2.476773592780946998e-01,9.999989905690607195e-01,-2.476708061028271846e-01,1.999998990568037760e+00,-2.476730568794763554e-01,2.477280824926310632e-01,7.966238229691575016e-06,5.172834885606432462e-06,6.441742034303486290e-06,9.999994952840189910e-01
1.378109150385766792e-02,-2.476792049089856229e-01,-2.476882300727931696e-01,9.999993501917824323e-01,-2.477028048981393948e-01,1.999999350191123959e+00,-2.477051326633392114e-01,2.477376984380889602e-01,-8.342483688908694696e-06,-6.389064016491187068e-06,9.246232572743038984e-06,9.999996750955619795e-01
1.379144636223739867e-02,-2.476792170764243184e-01,-2.476772382960922558e-01,9.999994360136820193e-01,-2.476799902485382343e-01,1.999999436013110587e+00,-2.476793036378910351e-01,2.477318556550382467e-01,-5.826961711000964757e-06,-4.508794021025771134e-06,5.195294008346308060e-06,9.999997180065552937e-01
1.380208731125509222e-02,-2.476792295800344101e-01,-2.476767347947571862e-01,9.999938237853640555e-01,-2.476789492973218987e-01,1.999993823779105728e+00,-2.476773314195592213e-01,2.477269202477452026e-01,4.637984493745134748e-06,2.303357167801781476e-06,4.577617270680840194e-06,9.999969118895528641e-01
1.381107127152462685e-02,-2.476792401366054441e-01,-2.476676027643187894e-01,9.999957267206176503e-01,-2.476736965293838688e-01,1.999995726716287558e+00,-2.476744993901998926e-01,2.477218195355635755e-01,-5.543003750656262878e-06,-8.980319320073992573e-06,9.613724125943944650e-06,9.999978633581437792e-01
1.382042532600396938e-02,-2.476792511280522247e-01,-2.476792321925859186e-01,9.999997052497627825e-01,-2.476851823570235811e-01,1.999999705249464244e+00,-2.476861137144388270e-01,2.477295259103390324e-01,-7.533371049798822014e-07,-8.641597359169669843e-06,8.568322276613221045e-06,9.999998526247321218e-01
1.383029267093436286e-02,-2.476792627226397925e-01,-2.476768595590366773e-01,1.000004685570636154e+00,-2.476883370706603471e-01,2.000004685575383689e+00,-2.476890675339253334e-01,2.477272609734418041e-01,-7.728598651801219771e-06,-1.246784874822662588e-05,1.254677031399393734e-05,1.000002342787691845e+00
1.384000421053747584e-02,-2.476792741341501403e-01,-2.476797751875420839e-01,1.000003095295458388e+00,-2.476841288226426241e-01,2.000003095298594769e+00,-2.476828319152128699e-01,2.477296652333882410e-01,-6.766610109484772492e-07,3.032944690164712245e-06,5.301013354002690702e-06,1.000001547649297606e+00
1.384524395514955160e-02,-2.476792802910922631e-01,-2.476809093034680886e-01,1.000000257355894373e+00,-2.476817711581348613e-01,2.000000257356155053e+00,-2.476820588363398412e-01,2.477306305752641769e-01,2.085541369626722022e-06,5.790255285345501104e-06,5.784716936913021356e-06,1.000000128678077527e+00
1.385683830020080672e-02,-2.476792939149866923e-01,-2.476746902467092670e-01,9.999991166959094624e-01,-2.476794463475686103e-01,1.999999116695014401e+00,-2.476778665279658620e-01,2.477284913304508840e-01,1.787921879846802156e-07,1.324620373868158732e-07,5.411347896921637562e-07,9.999995583475072003e-01
1.386588172882030796e-02,-2.476793045414357464e-01,-2.476734267582675064e-01,9.999972276984602226e-01,-2.476741889677646080e-01,1.999997227695651247e+00,-2.476743902247343920e-01,2.477237584997413478e-01,-1.508390628054401668e-06,-5.950424709004161662e-07,1.852687278859529093e-06,9.999986138478255127e-01
1.387437569470903465e-02,-2.476793145222388748e-01,-2.476793344254797358e-01,9.999979611192498785e-01,-2.476782317581450732e-01,1.999997961117183864e+00,-2.476781556940637063e-01,2.477294095187144718e-01,-6.094759655995525812e-07,3.914804640481368062e-06,4.685047582716971942e-06,9.999989805585920433e-01
1.388352260201965865e-02,-2.476793252702794712e-01,-2.476812218908570895e-01,1.000003274223825400e+00,-2.476764226001161306e-01,2.000003274227143191e+00,-2.476754010202965040e-01,2.477312080316003418e-01,5.190434981007924040e-06,6.550028049789978892e-06,6.280026337094977957e-06,1.000001637113571373e+00
1.389246182876727881e-02,-2.476793357742872737e-01,-2.476772863371319855e-01,1.000001444342401902e+00,-2.476677883879730424e-01,2.000001444343865398e+00,-2.476680122776232784e-01,2.477275251732148076e-01,8.936188520764837672e-06,6.181541922781123037e-06,8.515343072952678274e-06,1.000000722171932699e+00
1.390123488737195212e-02,-2.476793460830385429e-01,-2.476811592315471544e-01,9.999971929995267184e-01,-2.476810619788081813e-01,1.999997192996682660e+00,-2.476824944332097767e-01,2.477306261843216784e-01,1.997527967807262055e-06,-7.595531741764191434e-07,1.063863643893250485e-06,9.999985964983412190e-01
1.391048691732234797e-02,-2.476793569546021923e-01,-2.476756208235458279e-01,9.999978841961142395e-01,-2.476818258485791735e-01,1.999997884193970288e+00,-2.476817849364949531e-01,2.477272934387181602e-01,-2.613333717009832199e-06,2.158805257636329154e-06,2.765739323200037492e-06,9.999989420969851439e-01
1.392112141553089252e-02,-2.476793694506307653e-01,-2.476798850949011588e-01,9.999978988573156036e-01,-2.476767998283458949e-01,1.999997898855186751e+00,-2.476770412968314627e-01,2.477293517931451472e-01,2.997361279594882808e-06,3.760318255763123813e-06,4.377522803755133091e-06,9.999989494275933755e-01
1.393383397926240344e-02,-2.476793843884835256e-01,-2.476769645923902197e-01,9.999997133656935988e-01,-2.476784890238891979e-01,1.999999713365403053e+00,-2.476781032699049978e-01,2.477269348479220201e-01,9.602374319987880418e-06,9.338574152383762766e-06,1.006679645961234625e-05,9.999998566827015267e-01
1.394340868224088967e-02,-2.476793956392031593e-01,-2.476798446995712166e-01,9.999988827124367541e-01,-2.476751074599395364e-01,1.999998882711304660e+00,-2.476754100993483476e-01,2.477293566022361337e-01,1.139714726776296932e-05,8.586407208691430838e-06,1.001329457395508473e-05,9.999994413556522188e-01
1.395065353704518125e-02,-2.476794041522441259e-01,-2.476790644253865081e-01,9.999995140647486291e-01,-2.476821167340676200e-01,1.999999514064256134e+00,-2.476835075366348171e-01,2.477290421464826142e-01,-9.403881340420320771e-07,-1.090260867404382838e-06,2.041061292948694280e-06,9.999997570321280671e-01
1.396000214811442437e-02,-2.476794151372943009e-01,-2.476884543474845157e-01,9.999990252332104923e-01,-2.476833733453322473e-01,1.999999025232222616e+00,-2.476828965600179899e-01,2.477390588396438664e-01,7.223698827057253556e-06,3.246141600655315361e-06,8.610107403345285159e-06,9.999995126161114190e-01
1.396999999999999804e-02,-2.476794268852343939e-01,-2.476784062309762557e-01,9.999975122311389741e-01,-2.476667576020162020e-01,1.999997512228618213e+00,-2.476648202136598476e-01,2.477334050248705399e-01,8.106475261836502800e-06,1.699613995805909674e-05,1.843124954529934851e-05,9.999987561143091064e-01
1.397304101735522171e-02,-2.476798422335912409e-01,-2.476788644431698050e-01,9.999967555955657783e-01,-2.476643593553872202e-01,1.999996755592278186e+00,-2.476643895769320425e-01,2.477307540406964159e-01,1.092923348781519079e-05,1.755599718529760289e-05,1.731844281758882666e-05,9.999983777961390929e-01
1.398351971833437270e-02,-2.476809195324553015e-01,-2.476853110089792809e-01,9.999923036313307367e-01,-2.476690157061289532e-01,1.999992303623532086e+00,-2.476699655217000084e-01,2.477350695835180139e-01,1.622735457911718228e-05,1.366287771963480571e-05,1.523355079157319147e-05,9.999961518117660431e-01
1.399195056468460242e-02,-2.476814923856466844e-01,-2.476861972668817913e-01,9.999952765493702600e-01,-2.476837134736893098e-01,1.999995276544584089e+00,-2.476860037218019950e-01,2.477358190852514686e-01,3.147099743982367561e-06,1.459453593187155814e-06,1.915267624015194905e-06,9.999976382722920443e-01
1.400082114527586262e-02,-2.476819064124441416e-01,-2.476819235970033894e-01,9.999950297616907458e-01,-2.476922409985506113e-01,1.999995029756654441e+00,-2.476912178780743823e-01,2.477329319173741384e-01,1.240769788037419306e-06,5.450594059924262558e-06,5.808943567584339811e-06,9.999975148783272205e-01
1.401109925919566922e-02,-2.476822234555116631e-01,-2.476844134733913183e-01,9.999918379206410579e-01,-2.476726055440108820e-01,1.999991837912370674e+00,-2.476718889333263673e-01,2.477341078192306367e-01,1.260971350591289052e-05,5.670385087779578381e-06,1.291248339673445290e-05,9.999959189561853368e-01
1.402167425183004773e-02,-2.476824308390705165e-01,-2.476852770876973864e-01,9.999935044663286199e-01,-2.476723702783893422e-01,1.999993504459746774e+00,-2.476732243702138292e-01,2.477347617608691988e-01,1.532284711831737403e-05,1.225230476071224703e-05,1.499094593706584495e-05,9.999967522298733869e-01
1.403207880041256947e-02,-2.476825601063943338e-01,-2.476833986376607566e-01,9.999935163028246254e-01,-2.476828387528085540e-01,1.999993516296254992e+00,-2.476816207006689585e-01,2.477336121007843728e-01,9.758098053185334448e-06,1.130931274766033423e-05,1.056842582333594224e-05,9.999967581481273848e-01
1.404278179088105580e-02,-2.476826441775970278e-01,-2.476772321918069564e-01,9.999923052387742484e-01,-2.476727901631175233e-01,1.999992305230977374e+00,-2.476738165898420274e-01,2.477284198817583105e-01,-1.841804052516018847e-07,3.340471772395735192e-06,3.119231931402396160e-06,9.999961526154886871e-01
1.405236284050436629e-02,-2.476826925047085348e-01,-2.476770556496525888e-01,9.999933550959202444e-01,-2.476819303107179460e-01,1.999993355089186853e+00,-2.476809317617858219e-01,2.477268979993903775e-01,-6.584711051216970236e-06,2.131524664142129530e-06,5.260154574454466016e-06,9.999966775445935374e-01
1.406158434691289448e-02,-2.476827233869540457e-01,-2.476728708439001336e-01,9.999973724932436081e-01,-2.476633093332510360e-01,1.999997372490581071e+00,-2.476621835342948108e-01,2.477233090977047913e-01,7.223037597343216092e-06,6.231065970377612743e-06,7.503332924741828293e-06,9.999986862452906466e-01
1.407187618679314571e-02,-2.476827459661717079e-01,-2.476826514857472239e-01,9.999999315772419850e-01,-2.476707664601728032e-01,1.999999931577172596e+00,-2.476732299631484446e-01,2.477327060012273485e-01,4.919437636350429824e-06,2.919442053202303580e-06,4.453911280907207949e-06,9.999999657885862980e-01
1.408255066445489659e-02,-2.476827608118446489e-01,-2.476856242127030427e-01,1.000002262299704014e+00,-2.476967712835181357e-01,2.000002262301996403e+00,-2.476963047269485074e-01,2.477353041886377616e-01,-1.695536155208028198e-06,-3.757807247512778046e-06,3.436250985349969452e-06,1.000001131150998201e+00
1.409287428693594552e-02,-2.476827698927919763e-01,-2.476811898102006804e-01,9.999973649487237104e-01,-2.476810523312626966e-01,1.999997364946053624e+00,-2.476807592457060114e-01,2.477313687388505159e-01,5.832184282796002797e-06,3.735500428234999050e-06,5.712259858985894893e-06,9.999986824730268120e-01
1.410206985104851471e-02,-2.476827751674275380e-01,-2.476822229381457352e-01,9.999929000807505908e-01,-2.476836347901322788e-01,1.999992900073556346e+00,-2.476831078175968370e-01,2.477318035837364762e-01,4.720577166157136184e-06,6.928172503881845895e-06,7.540147976566428290e-06,9.999964500367781728e-01
1.411136315693768337e-02,-2.476827787265985514e-01,-2.476791998227623470e-01,9.999941728553554121e-01,-2.476708723582246585e-01,1.999994172849450802e+00,-2.476694481357844535e-01,2.477294304538306680e-01,1.772552631168785957e-05,9.451732806283495429e-06,1.728653977122901903e-05,9.999970864247254010e-01
1.412040065765698092e-02,-2.476827810419589548e-01,-2.476812477588861416e-01,9.999953221800440550e-01,-2.476729617068742784e-01,1.999995322175304180e+00,-2.476737343687014370e-01,2.477310778521510659e-01,4.671134369155056686e-06,2.482381872651069584e-07,3.393453133242388985e-06,9.999976610876520899e-01
1.412912639702485970e-02,-2.476827825537246675e-01,-2.476846116581906398e-01,9.999963083428062838e-01,-2.476708573107758438e-01,1.999996308339065498e+00,-2.476701415805169781e-01,2.477345459227943969e-01,7.843741895216595645e-06,7.280192418394556001e-06,8.515187988757009715e-06,9.999981541695327492e-01
1.413401865492454335e-02,-2.476827831783879885e-01,-2.476862646559690184e-01,9.999969865905016242e-01,-2.476750483458292351e-01,1.999996986587448067e+00,-2.476774426680845576e-01,2.477361051694252636e-01,6.638505900421797699e-06,5.605962256384728794e-06,5.450189364779543788e-06,9.999984932937240334e-01
1.414211771179251821e-02,-2.476827839557628197e-01,-2.476879698929951579e-01,9.999962041158646509e-01,-2.476924532853936878e-01,1.999996204112018061e+00,-2.476914665501638302e-01,2.477374956499651948e-01,-8.128243910151853307e-07,5.513905274373116447e-07,1.302180176180356695e-06,9.999981020560091416e-01
1.415109962963148615e-02,-2.476827845442758080e-01,-2.476852492871885469e-01,9.999933707452018927e-01,-2.476688880894360734e-01,1.999993370738484710e+00,-2.476673407609134014e-01,2.477356419511548280e-01,1.274826389040525409e-05,9.554671583103322897e-06,1.335568360733857794e-05,9.999966853692423552e-01
1.416088993867370416e-02,-2.476827849632133871e-01,-2.476793772815046313e-01,9.999904596850945904e-01,-2.476688495450068417e-01,1.999990459675427656e+00,-2.476686346233364366e-01,2.477311817999473254e-01,1.174824040738692482e-05,1.542602217816169263e-05,1.560395248133629825e-05,9.999952298377138282e-01
1.417158502967117567e-02,-2.476827852473202918e-01,-2.476774199813938093e-01,9.999912804497284036e-01,-2.476640977009288425e-01,1.999991280440893027e+00,-2.476655499191510457e-01,2.477273291175733638e-01,1.568230602642062493e-05,1.297785646851365511e-05,1.496703588264525991e-05,9.999956402204465133e-01
1.418246353785803174e-02,-2.476827854180838062e-01,-2.476814382585776908e-01,9.999961808204463898e-01,-2.476885727847891738e-01,1.999996180816576485e+00,-2.476895189359767657e-01,2.477310382821017176e-01,5.899141383269916223e-06,9.644365048212647401e-06,8.196105390976852223e-06,9.999980904082882427e-01
1.419110401334143512e-02,-2.476827854990598099e-01,-2.476782720003089244e-01,9.999987798325979949e-01,-2.476962162718447102e-01,1.999998779831361873e+00,-2.476961660115167829e-01,2.477287280177680462e-01,-6.482372320027046969e-06,-1.501383779255828367e-06,7.113804511414673800e-06,9.999993899156808252e-01
1.420001739243702960e-02,-2.476827855491140207e-01,-2.476919752319781953e-01,9.999976000552815991e-01,-2.476838604223892404e-01,1.999997600052849878e+00,-2.476819251542820843e-01,2.477430768078747458e-01,3.419844386211581767e-06,1.210203461224538217e-05,1.382228294097110056e-05,9.999988000264249388e-01
1.420476068173487545e-02,-2.476827855657617594e-01,-2.476882396924702801e-01,9.999969763698618452e-01,-2.476769056718552131e-01,1.999996976366797963e+00,-2.476756717150334908e-01,2.477398380992213156e-01,7.226326745529802685e-06,9.899332632890467978e-06,8.800997745235861268e-06,9.999984881833989814e-01
1.421256749494055789e-02,-2.476827855821120694e-01,-2.476824205385566302e-01,9.999966463639420322e-01,-2.476722824490879826e-01,1.999996646360544084e+00,-2.476736604977833045e-01,2.477343671885701426e-01,4.031026679292347421e-06,2.318691157260622225e-06,3.268877837918390095e-06,9.999983231802719308e-01
1.422297683992052204e-02,-2.476827855884730645e-01,-2.476950084658292028e-01,9.999900552424833000e-01,-2.476871012107554060e-01,1.999990055232406583e+00,-2.476870225870469178e-01,2.477446826513475253e-01,2.919962403823989506e-06,7.441531629913276103e-06,8.515958324570576944e-06,9.999950276162032914e-01
1.423172259161617492e-02,-2.476827855845743220e-01,-2.476880749687024041e-01,9.999916165508444532e-01,-2.476834016258530335e-01,1.999991616542349693e+00,-2.476819395592430861e-01,2.477407740145981530e-01,4.190215479721207111e-06,1.101196368838986573e-05,1.037149372691782546e-05,9.999958082711748464e-01
1.424140689011030476e-02,-2.476827855737820105e-01,-2.476806092758848110e-01,9.999873248477780807e-01,-2.476666352188667264e-01,1.999987324834934688e+00,-2.476658947162345414e-01,2.477334718084151233e-01,6.100599084815188049e-06,9.656831246965432558e-06,1.047903719909228753e-05,9.999936624174673439e-01
1.425244490891632021e-02,-2.476827855560468361e-01,-2.476827890386183451e-01,9.999872042207670342e-01,-2.476637151688570737e-01,1.999987204207801295e+00,-2.476624851111704217e-01,2.477325113281384217e-01,1.658157783575135374e-05,1.463914276760319500e-05,1.741817730538389449e-05,9.999936021039006473e-01
1.426243415285237404e-02,-2.476827855367988440e-01,-2.476848630854584510e-01,9.999938033817901140e-01,-2.476560553102389595e-01,1.999993803375511137e+00,-2.476592100580626288e-01,2.477347342670734032e-01,1.957506202980757837e-05,1.213455256244103345e-05,1.707067331774164381e-05,9.999969016877555683e-01
1.427067258895165121e-02,-2.476827855194339012e-01,-2.476875537020058471e-01,9.999952201064594703e-01,-2.476938237436843993e-01,1.999995220101616011e+00,-2.476971384029028056e-01,2.477370219321850253e-01,-4.238384380839439752e-06,-2.281581999353239763e-06,5.321081123526058279e-06,9.999976100508080057e-01
1.427583347053410466e-02,-2.476827855080681318e-01,-2.476850689724157673e-01,9.999945145820328118e-01,-2.476885513080455958e-01,1.999994514576474591e+00,-2.476854833477689366e-01,2.477358002619622357e-01,4.294141220155068990e-06,1.715341649296747093e-06,6.885173094883575402e-06,9.999972572882372956e-01
1.428327092008474346e-02,-2.476827854912045657e-01,-2.476820788995824363e-01,9.999929545100679773e-01,-2.476674766040690145e-01,1.999992954502928910e+00,-2.476666687588633398e-01,2.477324491767652626e-01,1.630799699441068252e-05,7.276299392243209865e-06,1.546911571723514481e-05,9.999964772514644551e-01
1.429333583762868419e-02,-2.476827854677212948e-01,-2.476820295645159598e-01,9.999911649173511830e-01,-2.476688585564033040e-01,1.999991164908398789e+00,-2.476694280711477236e-01,2.477316339757504593e-01,7.615511175237866081e-06,7.757673837629644619e-06,7.949206257748906923e-06,9.999955824541993943e-01
1.430916001301219681e-02,-2.476827854298381537e-01,-2.476822652107137368e-01,9.999948331591205219e-01,-2.476714780518767534e-01,1.999994833153885043e+00,-2.476711133961742306e-01,2.477317673911134110e-01,5.824280882145865190e-06,5.231283769792016559e-06,5.949605225870172584e-06,9.999974165769425216e-01
1.432103194773347993e-02,-2.476827854009673868e-01,-2.476840537064570746e-01,9.999949553515112832e-01,-2.476806992577565980e-01,1.999994955346399594e+00,-2.476803935630130515e-01,2.477335212374524032e-01,1.183040537439790015e-05,5.665739507527260303e-06,1.131596755890332591e-05,9.999974776731997972e-01
1.433026594820069680e-02,-2.476827853783566402e-01,-2.476810019521694939e-01,9.999947869122608468e-01,-2.476828902797320597e-01,1.999994786906978517e+00,-2.476835874573406204e-01,2.477314792009456257e-01,-3.715259838648413917e-06,-3.397081924838361997e-06,5.336627288373068632e-06,9.999973934534892583e-01
1.433593639014686845e-02,-2.476827853644250899e-01,-2.476788647130222787e-01,9.999944493414030244e-01,-2.476801862788607089e-01,1.999994449335778857e+00,-2.476786514902268588e-01,2.477294681362811890e-01,-1.153228139724019553e-06,2.023391684668967017e-06,3.313340561608632314e-06,9.999972246678894283e-01
1.434474305876205259e-02,-2.476827853427430726e-01,-2.476790195182614895e-01,9.999940965782366797e-01,-2.476725099840412225e-01,1.999994096572254909e+00,-2.476733832299174154e-01,2.477291015877482183e-01,6.026857466654071566e-06,8.729645451779444003e-06,8.715939741482027722e-06,9.999970482861274546e-01
1.436000411180920165e-02,-2.476827853050821704e-01,-2.476845465769804133e-01,9.999980444533151935e-01,-2.476839295474613789e-01,1.999998044451333445e+00,-2.476842185886103664e-01,2.477343123445868156e-01,6.871971038964081669e-06,9.350637244348557333e-06,9.568237218636239740e-06,9.999990222256668337e-01
1.437000000000000256e-02,-2.476827852803749064e-01,-2.476852662301521346e-01,9.999970979578616248e-01,-2.476761860234500678e-01,1.999997097954921088e+00,-2.476751821673568166e-01,2.477348578533634937e-01,1.154017782026553432e-05,3.138729875344221662e-06,1.213985615274132979e-05,9.999985489774605441e-01
1.437077871881871187e-02,-2.476772200740197383e-01,-2.476823310428100389e-01,9.999968239804845060e-01,-2.476747394040920425e-01,1.999996823977266303e+00,-2.476725301890355946e-01,2.477340553266291767e-01,1.166136600029858269e-05,2.883991052451515978e-06,1.150637873656725925e-05,9.999984119886332623e-01
1.438194932903099493e-02,-2.476772332000041488e-01,-2.476796084493728678e-01,9.999933799783625732e-01,-2.476780124371568970e-01,1.999993379971654717e+00,-2.476778769823788917e-01,2.477296113804005606e-01,7.056693661306064668e-06,2.635601890178777834e-06,7.211859438213521726e-06,9.999966899858273583e-01
1.439449884879625240e-02,-2.476772479462739096e-01,-2.476796524198943139e-01,9.999949059736876755e-01,-2.476721540978706337e-01,1.999994905968526027e+00,-2.476711080200758308e-01,2.477318130267562035e-01,5.715746112313278263e-06,-8.239765397340101539e-07,4.786990032343937221e-06,9.999974529842630133e-01
1.440276338227578987e-02,-2.476772576574847173e-01,-2.476726399271108048e-01,9.999969607951746386e-01,-2.476666835362266728e-01,1.999996960792094880e+00,-2.476674581710738288e-01,2.477253418866995349e-01,-1.187182117052974999e-06,-3.729437277346792062e-06,2.697384903241953454e-06,9.999984803960475510e-01
1.441111177187030454e-02,-2.476772674672308161e-01,-2.476808234638256667e-01,9.999958112321613024e-01,-2.476717326044672596e-01,1.999995811227917031e+00,-2.476724187166588764e-01,2.477305185754910821e-01,2.769534137647872178e-06,6.352312077069453121e-06,6.522391793319583619e-06,9.999979056139584044e-01
1.442090581842446657e-02,-2.476772789756890580e-01,-2.476783308003172868e-01,1.000000328462778088e+00,-2.476810670971572037e-01,2.000000328463110488e+00,-2.476811746929087898e-01,2.477286424097284168e-01,2.195605767785189856e-06,-1.180968615329488165e-06,2.131601938436701910e-06,1.000000164231555466e+00
1.443121803448460701e-02,-2.476772910930219729e-01,-2.476719655616030913e-01,9.999999148786075098e-01,-2.476634304001075204e-01,1.999999914878521245e+00,-2.476628676939546247e-01,2.477237803935783966e-01,9.503296695821023641e-06,-3.928535125867868260e-06,9.438628974188467376e-06,9.999999574392607338e-01
1.444270774235353189e-02,-2.476773045939612838e-01,-2.476759638454879009e-01,9.999989058977550860e-01,-2.476758267249821455e-01,1.999998905896646750e+00,-2.476758165646695542e-01,2.477259779743852530e-01,4.055691499777563282e-06,2.099508740577094049e-06,3.481921694742888331e-06,9.999994529483232641e-01
1.445265027840305500e-02,-2.476773162769042025e-01,-2.476799873338577651e-01,1.000003040102409368e+00,-2.476764137152067113e-01,2.000003040105490015e+00,-2.476760233268303080e-01,2.477295696505736611e-01,-5.284924607644944235e-07,1.172351926218803312e-06,9.902310163617623983e-07,1.000001520052744786e+00
1.446281644733309751e-02,-2.476773282226254480e-01,-2.476790675193629165e-01,1.000002463762162064e+00,-2.476676508966859369e-01,2.000002463764658511e+00,-2.476675235213300630e-01,2.477290989082281958e-01,7.592886176422759660e-06,1.466412291804233920e-06,7.058292614276914057e-06,1.000001231882329256e+00
1.447654851676311027e-02,-2.476773443584451839e-01,-2.476770438846579159e-01,9.999979068324729159e-01,-2.476712651293904166e-01,1.999997906830352168e+00,-2.476717910200257056e-01,2.477270400812380258e-01,1.726365558187453367e-06,2.624523731176871776e-08,1.524192096746498261e-06,9.999989534151760839e-01
1.449045110333820746e-02,-2.476773606946309492e-01,-2.476795011036373173e-01,9.999999736772847703e-01,-2.476894702470389675e-01,1.999999973677258236e+00,-2.476907944475286449e-01,2.477289677251725275e-01,-7.381325749755898210e-06,-4.557074720700446006e-06,8.089236211680444171e-06,9.999999868386290069e-01
1.450080285696570860e-02,-2.476773728584218126e-01,-2.476749611038630561e-01,9.999998434475927400e-01,-2.476822544994290998e-01,1.999999843447433978e+00,-2.476812281855896858e-01,2.477259046068897852e-01,-3.440309557932047270e-06,1.090696860514411193e-06,2.142823847332394627e-06,9.999999217237169891e-01
1.451103686634200307e-02,-2.476773848838583481e-01,-2.476738821392643064e-01,9.999983249010897524e-01,-2.476705766944186649e-01,1.999998324899392443e+00,-2.476693119923082664e-01,2.477235692428346736e-01,1.279106599935386859e-05,7.992965186113301759e-06,1.301665033311752960e-05,9.999991624496962217e-01
1.452009173490290302e-02,-2.476773955237489833e-01,-2.476763950179110274e-01,1.000000258296492861e+00,-2.476775193985316648e-01,2.000000258296754652e+00,-2.476791341966247395e-01,2.477262149933253388e-01,-2.890354588396010678e-07,-3.664867028066285926e-06,4.975672771113621924e-06,1.000000129148377326e+00
1.452569251959523813e-02,-2.476774021049294727e-01,-2.476775872159086012e-01,1.000001904866175240e+00,-2.476855491254020547e-01,2.000001904868105029e+00,-2.476861524921948610e-01,2.477273203787041522e-01,-5.030873956876173369e-07,-2.083424924312022399e-06,1.421993915988661889e-06,1.000000952434052515e+00
1.453407934377837739e-02,-2.476774119598360024e-01,-2.476791808097368319e-01,1.000002686235445637e+00,-2.476872681961951872e-01,2.000002686238167460e+00,-2.476876477718257807e-01,2.477288943998608162e-01,1.430478473998687898e-06,1.194889557111598188e-06,1.055162314528915493e-06,1.000001343119083730e+00
1.454340470233809329e-02,-2.476774229175648379e-01,-2.476811322991349651e-01,1.000001060864445179e+00,-2.476906789894162131e-01,2.000001060865519875e+00,-2.476902648584012046e-01,2.477309636261944004e-01,-3.380748316901083411e-06,1.785720203841347054e-06,2.630592629772893960e-06,1.000000530432759938e+00
1.455530998627776670e-02,-2.476774369068259485e-01,-2.476772260726607666e-01,9.999985518806671081e-01,-2.476762983825479270e-01,1.999998551879199837e+00,-2.476741198345719097e-01,2.477305149065927858e-01,1.745403420327531088e-06,3.832828879135683885e-06,3.629433885568450507e-06,9.999992759395999187e-01
1.457025008983544104e-02,-2.476774544621433150e-01,-2.476760476701749536e-01,9.999959826724972300e-01,-2.476815235117027225e-01,1.999995982668426597e+00,-2.476832514569304311e-01,2.477259449101386901e-01,-1.428722078120158630e-06,4.032801293394082170e-06,4.038611138352862202e-06,9.999979913342132987e-01
1.458360628003100776e-02,-2.476774701562881598e-01,-2.476694312852635582e-01,1.000003332588025984e+00,-2.476797915500615899e-01,2.000003332591402394e+00,-2.476817516943243813e-01,2.477200485975991906e-01,-8.784180902107835840e-06,-2.913225611694154255e-06,9.712102115032768200e-06,1.000001666295701419e+00
1.460001209814604586e-02,-2.476774894338885924e-01,-2.476782325397376971e-01,1.000005792053877185e+00,-2.476889274007652575e-01,2.000005792059746490e+00,-2.476885103008699407e-01,2.477278134343332550e-01,-1.521340070740810643e-05,-6.036006885929004335e-06,1.570424603872051572e-05,1.000002896029873245e+00
1.461025197529157958e-02,-2.476775014662195573e-01,-2.476775239598146272e-01,1.000004180110081187e+00,-2.476904416471984449e-01,2.000004180114316910e+00,-2.476902077462916074e-01,2.477270530576338448e-01,-1.463280747012137908e-05,-1.141385367406662293e-05,1.432664514904201406e-05,1.000002090057158455e+00
1.462000207334048472e-02,-2.476775129230373573e-01,-2.476775000027665319e-01,9.999997794074351187e-01,-2.476837141281643395e-01,1.999999779407211742e+00,-2.476829136683865173e-01,2.477270396978838440e-01,-6.418413556962749375e-06,1.918435572821899359e-06,5.569323982241883966e-06,9.999998897036057599e-01
1.462671805586819584e-02,-2.476775208146279050e-01,-2.476769246133500579e-01,9.999993110359017834e-01,-2.476791740205175341e-01,1.999999311035203675e+00,-2.476788723601346109e-01,2.477264675331077581e-01,-2.129493744728263544e-06,8.490889681478701980e-07,1.865692841435364090e-06,9.999996555176018376e-01
1.463507855272164898e-02,-2.476775306385990694e-01,-2.476759399516183235e-01,9.999996066644072368e-01,-2.476718254263467200e-01,1.999999606664008889e+00,-2.476698161513964380e-01,2.477255496990863337e-01,3.864023137234844276e-06,1.892119750452465226e-06,5.363385326261386424e-06,9.999998033320044444e-01
1.464331522003947152e-02,-2.476775403170648204e-01,-2.476759705495046038e-01,9.999998578096443991e-01,-2.476597174502886689e-01,1.999999857809500403e+00,-2.476606254154261055e-01,2.477258388938257672e-01,1.159916487506493059e-05,5.263607054978329257e-06,1.079126869578090336e-05,9.999999289047502016e-01
1.465375842774375298e-02,-2.476775525883170292e-01,-2.476788644645164794e-01,1.000000681251049572e+00,-2.476745956326961151e-01,2.000000681251739909e+00,-2.476752783990941176e-01,2.477284871672305600e-01,3.044309061396907314e-06,6.980816715326775682e-07,2.971830938254872073e-06,1.000000340625869955e+00
1.467000000000000075e-02,-2.476775716729191779e-01,-2.476813749917644580e-01,1.000000149406305772e+00,-2.476707095315038298e-01,2.000000149406456984e+00,-2.476698544644453104e-01,2.477311245890133073e-01,3.284407424457551620e-06,-2.772303697100599860e-06,3.381266472080609223e-06,1.000000074703228492e+00
1.468002507566503433e-02,-2.476775834528485987e-01,-2.476742607759983283e-01,9.999982365424876507e-01,-2.476809130945071269e-01,1.999998236540700747e+00,-2.476820423745062505e-01,2.477270507047896475e-01,-3.858802105577747326e-06,-5.456019986695450913e-07,4.616738791218470114e-06,9.999991182703503734e-01
1.469026743104879205e-02,-2.476775954880917896e-01,-2.476721111831858280e-01,9.999970586111361914e-01,-2.476717987129483656e-01,1.999997058608155687e+00,-2.476710693029258448e-01,2.477218174181459454e-01,-3.180969432031266302e-06,5.275626564711795405e-07,2.698369084429535438e-06,9.999985293040779544e-01
1.470004797580531583e-02,-2.476776069806864433e-01,-2.476794477320421739e-01,1.000000066227316520e+00,-2.476726374729198710e-01,2.000000066227384021e+00,-2.476729864681188331e-01,2.477297597411559360e-01,1.003515434810480091e-05,-2.792967504348398680e-06,1.108870600998416452e-05,1.000000033113691789e+00
1.470575335881200638e-02,-2.476776136847753662e-01,-2.476790379582854418e-01,1.000002778055494757e+00,-2.476794123279855431e-01,2.000002778058309616e+00,-2.476811551771130604e-01,2.477287287743641653e-01,1.439200099042010675e-06,-6.679099715106605083e-06,7.300742440507330426e-06,1.000001389029154808e+00
1.471508054152539414e-02,-2.476776246446485974e-01,-2.476755194540667948e-01,1.000003110745855572e+00,-2.476876009506455423e-01,2.000003110749007718e+00,-2.476869511761100040e-01,2.477264840863289963e-01,-9.300274506027320391e-06,-8.968476134155875041e-06,9.325739132428250959e-06,1.000001555374503859e+00
1.472407478888456030e-02,-2.476776352133060188e-01,-2.476715623858107840e-01,9.999993610242516873e-01,-2.476780774747878722e-01,1.999999361023604205e+00,-2.476763711353713315e-01,2.477221561186365162e-01,-3.885110262533891256e-06,-2.010577903242645569e-06,2.260643844253903863e-06,9.999996805118021026e-01
1.473236291547706106e-02,-2.476776449522404833e-01,-2.476710362406303045e-01,9.999994224948088872e-01,-2.476663239976361064e-01,1.999999422494223689e+00,-2.476670876061731197e-01,2.477212863048178226e-01,5.070896054997457844e-06,5.541649057067274734e-06,4.931454808563540014e-06,9.999997112471118443e-01
1.474101796509624460e-02,-2.476776551223245360e-01,-2.476774753473906243e-01,1.000002744846544278e+00,-2.476867182663974876e-01,2.000002744849325609e+00,-2.476889437770284641e-01,2.477269445685820470e-01,-1.001107596738071963e-05,-2.223252652298074009e-06,1.084732142864575728e-05,1.000001372424662804e+00
1.475017191081020966e-02,-2.476776658786359608e-01,-2.476728183882640488e-01,1.000005583862977554e+00,-2.476889819667344728e-01,2.000005583868635917e+00,-2.476885234122294666e-01,2.477241215035945743e-01,-1.057405920229651673e-05,-8.426528424715224778e-06,1.037382893573720595e-05,1.000002791934317736e+00
1.476000212373291577e-02,-2.476776774295924022e-01,-2.476773577377165969e-01,1.000003254728755397e+00,-2.476675756285009466e-01,2.000003254732053648e+00,-2.476643748514610055e-01,2.477274490467014367e-01,5.054717444261695310e-06,2.015220123765993955e-06,7.159684110325355935e-06,1.000001627366026824e+00
1.476900452077628545e-02,-2.476776880078272458e-01,-2.476746359244118290e-01,1.000002215226579283e+00,-2.476697579672175464e-01,2.000002215228823932e+00,-2.476705516687137953e-01,2.477252517461517867e-01,6.947826087944504494e-06,9.564963598773563205e-06,1.008647955087657115e-05,1.000001107614411966e+00
1.477415632742937537e-02,-2.476776940614381362e-01,-2.476760071461251156e-01,1.000002719921816441e+00,-2.476723061990114549e-01,2.000002719924572681e+00,-2.476731375684075587e-01,2.477262131355816577e-01,2.866856809278846583e-06,5.371467053870424575e-06,3.834230851971289146e-06,1.000001359962286340e+00
1.478167586091434088e-02,-2.476777028972398653e-01,-2.476803278915500617e-01,1.000001544865422920e+00,-2.476815770126333249e-01,2.000001544866988112e+00,-2.476834684048707103e-01,2.477297946782502369e-01,-7.298586608980966228e-06,-3.111546528398210932e-06,7.571309499845887423e-06,1.000000772433494056e+00
1.479047164009816319e-02,-2.476777132326885844e-01,-2.476779932883100832e-01,1.000001454602567508e+00,-2.476837053372084319e-01,2.000001454604041218e+00,-2.476833429072002601e-01,2.477282166725608969e-01,-1.978518273882214348e-06,4.260703982171641878e-06,4.694730851563070574e-06,1.000000727302020609e+00
1.480037261816149682e-02,-2.476777248667977605e-01,-2.476695393301081016e-01,9.999996083797291213e-01,-2.476622375837707057e-01,1.999999608379332106e+00,-2.476593486844463621e-01,2.477231155320480105e-01,9.755318086787953430e-06,5.230396988792176145e-06,1.039891365914852233e-05,9.999998041896660528e-01
1.481001465301269755e-02,-2.476777361966351898e-01,-2.476772032657251210e-01,9.999987290640472981e-01,-2.476741043965665079e-01,1.999998729062759661e+00,-2.476764711912418093e-01,2.477276492476799263e-01,-3.260527291971126193e-06,-7.466403464563655812e-07,5.138963025777939909e-06,9.999993645313797197e-01
1.481943094022076385e-02,-2.476777472612089193e-01,-2.476772363922805920e-01,1.000003215619944097e+00,-2.476820125352676150e-01,2.000003215623201935e+00,-2.476827485370439730e-01,2.477267813912668870e-01,-6.388929589340144305e-06,-7.115507852841853339e-06,7.834679220984660698e-06,1.000001607811601190e+00
1.482666809986414418e-02,-2.476777557652073136e-01,-2.476763366610125194e-01,1.000004344588001359e+00,-2.476768967894567297e-01,2.000004344592403616e+00,-2.476752217023392433e-01,2.477259434250602410e-01,5.091794922993563403e-07,-2.427870913740409629e-06,2.305710030290883364e-06,1.000002172296201808e+00
1.483249470946918641e-02,-2.476777626117438458e-01,-2.476755949402875967e-01,1.000001993477817708e+00,-2.476686998046325472e-01,2.000001993479838092e+00,-2.476689855231615223e-01,2.477252007086766794e-01,8.502721673019145572e-06,2.693396857659403977e-06,7.864388693434961580e-06,1.000000996739918824e+00
1.484086819995942587e-02,-2.476777724509829914e-01,-2.476746778754329581e-01,1.000000147033679676e+00,-2.476849668128828230e-01,2.000000147033828224e+00,-2.476867299750507567e-01,2.477242766432395937e-01,-3.338394887816135585e-06,-4.944019568801414563e-06,5.000785492668504594e-06,1.000000073516914112e+00
1.485011036466500796e-02,-2.476777833109541083e-01,-2.476763598515675791e-01,1.000000850914552597e+00,-2.476789670756584238e-01,2.000000850915414574e+00,-2.476778716074501674e-01,2.477260016783487950e-01,1.080644058484703616e-06,3.628713503755678374e-07,1.773899370046401219e-06,1.000000425457707287e+00
1.486189703120747822e-02,-2.476777971608335738e-01,-2.476709548980443043e-01,1.000002015603733696e+00,-2.476630586685386048e-01,2.000002015605776062e+00,-2.476634822463679164e-01,2.477214540668560006e-01,3.887797956069124733e-06,1.721569496761479286e-06,3.589106098432550466e-06,1.000001007802888031e+00
1.488000775917617570e-02,-2.476778184417798012e-01,-2.476786319387218605e-01,1.000003846725492362e+00,-2.476805578481439951e-01,2.000003846729389689e+00,-2.476807704870732929e-01,2.477281606528163593e-01,-5.028706551539751805e-06,-4.050754428224000087e-06,5.731201361379457666e-06,1.000001923364695067e+00
1.489112101085008147e-02,-2.476778315003665132e-01,-2.476743524033309107e-01,1.000001549950398250e+00,-2.476885759906859719e-01,2.000001549951968549e+00,-2.476877990770181837e-01,2.477250366111335422e-01,-9.750755523133321725e-06,-3.004018837657065896e-06,8.781504443002083524e-06,1.000000774975984275e+00
1.490090889459517315e-02,-2.476778430015834087e-01,-2.476730557599609306e-01,9.999989638406516779e-01,-2.476640534994294651e-01,1.999998963839601851e+00,-2.476624470082114671e-01,2.477229840537232830e-01,5.219489517379412046e-06,4.548912148807919716e-06,6.140852621273266294e-06,9.999994819198009255e-01
1.491077990916306675e-02,-2.476778546004833881e-01,-2.476799691031899842e-01,1.000001180189712846e+00,-2.476768508260662194e-01,2.000001180190909000e+00,-2.476781376524606337e-01,2.477297270646515726e-01,5.748764913585487817e-06,1.936990838442666464e-06,4.780278723330964360e-06,1.000000590095454500e+00
1.492076000028657971e-02,-2.476778663275532588e-01,-2.476780779300747637e-01,1.000003191832438798e+00,-2.476850058917393349e-01,2.000003191835673100e+00,-2.476855719100770625e-01,2.477280823019863965e-01,-7.382195355004136492e-06,1.619649672005459871e-06,7.864256197879141062e-06,1.000001595917836550e+00
1.493088618658558464e-02,-2.476778782262931133e-01,-2.476755767227863392e-01,1.000000139357249962e+00,-2.476785413313289108e-01,2.000000139357391404e+00,-2.476780497107039514e-01,2.477255915845003598e-01,-8.134481339441558241e-06,-2.124201048347606141e-06,7.362331243565289195e-06,1.000000069678695702e+00
1.494039563592405688e-02,-2.476778894003367204e-01,-2.476774275349300503e-01,9.999986117801793473e-01,-2.476699530509456904e-01,1.999998611778772473e+00,-2.476685232009513404e-01,2.477268937422344719e-01,6.631703642146573805e-06,2.489007332456317541e-06,7.718961186585386735e-06,9.999993058893863473e-01
1.495079446872275841e-02,-2.476779016194475547e-01,-2.476690175015233142e-01,1.000000481015101972e+00,-2.476530504374827302e-01,2.000000481015589582e+00,-2.476518372509697030e-01,2.477223008245226232e-01,1.307097051522758056e-05,9.611580546577785697e-06,1.292163668765968861e-05,1.000000240507794791e+00
1.496002419360359381e-02,-2.476779124648015862e-01,-2.476731761755509575e-01,1.000000920457580600e+00,-2.476791638035472365e-01,2.000000920458513409e+00,-2.476830898288228944e-01,2.477232266137357752e-01,-1.832711170990635432e-06,1.385183998396621130e-06,3.636202584406952393e-06,1.000000460229256705e+00
1.496882635397099766e-02,-2.476779228077471973e-01,-2.476761080372683610e-01,1.000003670539669987e+00,-2.476821442209030943e-01,2.000003670543389234e+00,-2.476823449889473949e-01,2.477259529674864236e-01,-3.605679925296647002e-06,-5.279887676034695978e-06,6.207023437278814689e-06,1.000001835271694839e+00
1.498000928361205818e-02,-2.476779359482081944e-01,-2.476770014189670355e-01,1.000005425384328905e+00,-2.476784329215019065e-01,2.000005425389825842e+00,-2.476779412640819911e-01,2.477265487226409935e-01,-1.108048805960185167e-05,-1.422805944087697093e-05,1.463631737404772573e-05,1.000002712694913143e+00
1.498840607696369856e-02,-2.476779458148291591e-01,-2.476671366051105549e-01,1.000002653021232257e+00,-2.476755434267828848e-01,2.000002653023920551e+00,-2.476745520455155558e-01,2.477226339764646290e-01,-3.107319580506418307e-06,-5.182432993065698697e-06,3.905971570957569430e-06,1.000001326511960276e+00
1.499878026848115893e-02,-2.476779580049844609e-01,-2.476843426196731757e-01,1.000000917328215388e+00,-2.476805022913898535e-01,2.000000917329145089e+00,-2.476825254900400786e-01,2.477365354910422979e-01,6.850248809565638856e-07,-6.149918383124460757e-07,6.171842199355263205e-07,1.000000458664572545e+00
1.500868752842010774e-02,-2.476779696464751768e-01,-2.476755815926780790e-01,1.000005369816727052e+00,-2.476766748598473455e-01,2.000005369822168255e+00,-2.476751410730146652e-01,2.477323461228989332e-01,3.030741116790043847e-06,-4.679020472381564782e-06,5.328365454507923234e-06,1.000002684911084128e+00
1.501679279563752217e-02,-2.476779791705387423e-01,-2.476745106644952510e-01,1.000003705530779996e+00,-2.476741235779152950e-01,2.000003705534534770e+00,-2.476743017692263904e-01,2.477246184055057199e-01,-1.420854323091799928e-07,-8.520500823846947514e-06,8.305154635804684254e-06,1.000001852767267385e+00
1.502307549336436530e-02,-2.476779865529991354e-01,-2.476753717458267945e-01,9.999968404932517707e-01,-2.476755729818002072e-01,1.999996840490050332e+00,-2.476760983044069275e-01,2.477252941117854546e-01,-2.942070067925732590e-07,-3.835372915884603786e-06,2.736237353279527254e-06,9.999984202450251658e-01
1.503132884020909332e-02,-2.476779962510660127e-01,-2.476706165079743116e-01,9.999990496455232192e-01,-2.476825161467967329e-01,1.999999049644560101e+00,-2.476819670744989099e-01,2.477218297301012895e-01,-7.895294125789453554e-06,-1.968392064533478379e-06,7.227214281548906625e-06,9.999995248222800504e-01
1.504052197364493318e-02,-2.476780070534253808e-01,-2.476809328875584637e-01,1.000002425020494412e+00,-2.476616446250611003e-01,2.000002425022951336e+00,-2.476591272175271141e-01,2.477309230515110650e-01,8.033693435687842271e-06,-7.672610175052929381e-07,8.967692865002239956e-06,1.000001212511475668e+00
1.504797054403594903e-02,-2.476780158058398684e-01,-2.476772942414600664e-01,1.000003364030390696e+00,-2.476659857422103261e-01,2.000003364033799524e+00,-2.476671173368731604e-01,2.477285048749201801e-01,-2.876444766162548241e-06,-5.792622242197036200e-06,6.686159665083995328e-06,1.000001682016899540e+00
1.505746449442807965e-02,-2.476780269616710439e-01,-2.476793153747675891e-01,1.000002581204689989e+00,-2.476814945922533595e-01,2.000002581207305674e+00,-2.476831177543986906e-01,2.477294603660404881e-01,-9.694073299497279371e-06,-5.888085640560856095e-06,9.328035517141356536e-06,1.000001290603652837e+00
1.507020576784123649e-02,-2.476780419332600680e-01,-2.476714200706841007e-01,9.999991868116629989e-01,-2.476766596621331196e-01,1.999999186810838880e+00,-2.476758315031115376e-01,2.477258306857904879e-01,-5.348232835589547307e-06,3.188088076182729535e-06,5.215502427793403790e-06,9.999995934054194402e-01
1.508000472280431915e-02,-2.476780534474866680e-01,-2.476731459265821556e-01,9.999988345178032478e-01,-2.476779433934562236e-01,1.999998834516622415e+00,-2.476783741309417086e-01,2.477229730179715261e-01,-5.263403536617890620e-06,-3.153843419252349158e-06,5.249308737506522854e-06,9.999994172583110963e-01
1.508570006227401283e-02,-2.476780601397736425e-01,-2.476760951914155351e-01,9.999994435407707494e-01,-2.476789826233711245e-01,1.999999443540206867e+00,-2.476789915224472671e-01,2.477261951558997477e-01,-2.775247484890886388e-06,5.146630945200357500e-07,2.108895640040714019e-06,9.999997217701034335e-01
1.509278409115375266e-02,-2.476780684638366092e-01,-2.476782899523799764e-01,1.000003137630008698e+00,-2.476797012494371397e-01,2.000003137633187933e+00,-2.476802285706877771e-01,2.477278904931421444e-01,-1.171814827863714251e-06,4.134477814704298538e-07,2.032365092713875362e-06,1.000001568816593966e+00
1.510175681641823774e-02,-2.476780790072046212e-01,-2.476754391441122471e-01,1.000004063374341889e+00,-2.476858364554203884e-01,2.000004063378459485e+00,-2.476864912836109212e-01,2.477254378814781055e-01,-9.109185395324718155e-06,-8.661626983907601255e-06,9.099541271199448490e-06,1.000002031689229742e+00
1.511138576939214696e-02,-2.476780903216718455e-01,-2.476789239104137397e-01,1.000000726458162514e+00,-2.476836719889452254e-01,2.000000726458899258e+00,-2.476836735872010031e-01,2.477284456147454406e-01,-3.390218851749464963e-06,-4.397168901740498825e-06,4.420774985001326755e-06,1.000000363229449407e+00
1.512107005507640559e-02,-2.476781017011575325e-01,-2.476719036322048151e-01,1.000000494746799529e+00,-2.476891592001369546e-01,2.000000494747300905e+00,-2.476897800281315509e-01,2.477241796778277827e-01,-1.549598591521077250e-05,-8.154101802505766725e-06,1.582639339835109662e-05,1.000000247373650453e+00
1.513051475862530262e-02,-2.476781127991225240e-01,-2.476844477256380239e-01,9.999999849020082543e-01,-2.476870528855214526e-01,1.999999984901992933e+00,-2.476873237762315938e-01,2.477347215654764623e-01,-7.637989948755461838e-06,-3.679759513380790752e-06,6.233557986899292949e-06,9.999999924509964666e-01
1.514000844040985436e-02,-2.476781239546392288e-01,-2.476826850785736889e-01,1.000001721662440612e+00,-2.476763021670101428e-01,2.000001721664185439e+00,-2.476744460001133186e-01,2.477328448838751473e-01,1.660758810939229652e-05,1.264764020626082705e-05,1.922700670677463902e-05,1.000000860832092497e+00
1.514401036178104724e-02,-2.476781286570818030e-01,-2.476799752932771215e-01,1.000001839233827239e+00,-2.476687658788444546e-01,2.000001839235690859e+00,-2.476675448235859112e-01,2.477314745704290444e-01,1.462605022967442903e-05,7.954412177366377369e-06,1.246382234819549961e-05,1.000000919617845652e+00
1.515036920419367966e-02,-2.476781361290173178e-01,-2.476749194727525805e-01,9.999981463142951776e-01,-2.476668996525701605e-01,1.999998146312416791e+00,-2.476668928519459023e-01,2.477279181962293575e-01,1.359319705482160655e-06,-1.600683426817709088e-06,2.187479640730698122e-06,9.999990731562083957e-01
1.515639528534847708e-02,-2.476781432099408042e-01,-2.476721607713795736e-01,9.999947600073707532e-01,-2.476702463143035382e-01,1.999994760002061334e+00,-2.476704463994530980e-01,2.477235742588244916e-01,1.185420862395522657e-06,1.975176788244032552e-06,2.576790223140538273e-06,9.999973800010305558e-01
1.517001113320312448e-02,-2.476781605711744494e-01,-2.476798611465730604e-01,9.999990550382902299e-01,-2.476804018631935111e-01,1.999999055037332774e+00,-2.476817557959097582e-01,2.477304545944827574e-01,-1.568977819446915164e-06,4.725274467503903412e-06,4.657628407563212022e-06,9.999995275186663868e-01
1.518000552930857949e-02,-2.476801496857566343e-01,-2.476843814300234980e-01,1.000004107730296354e+00,-2.476847445281028237e-01,2.000004107734458803e+00,-2.476846276284648263e-01,2.477342635657053538e-01,5.535300077463099523e-06,7.563687741009481262e-06,8.110161617938448845e-06,1.000002053867229401e+00
1.518493910707109477e-02,-2.476808552300646948e-01,-2.476837146792932043e-01,1.000003829172904091e+00,-2.476829138818143483e-01,2.000003829176784098e+00,-2.476829308113880079e-01,2.477334338966690197e-01,4.285020327106949973e-06,3.428786153837982143e-06,3.492928003233220873e-06,1.000001914588392271e+00
1.519264784171622633e-02,-2.476816950598428602e-01,-2.476832757504126847e-01,9.999991072297047534e-01,-2.476828347357507010e-01,1.999999107228800144e+00,-2.476829372401073148e-01,2.477334660767411267e-01,2.162496216000398826e-06,1.159398072910826241e-06,3.178744721325658407e-06,9.999995536144000718e-01
1.520181026506646320e-02,-2.476823881054633913e-01,-2.476883822182592843e-01,9.999943557380073234e-01,-2.476785283171483443e-01,1.999994355732288120e+00,-2.476767650321213543e-01,2.477378848248805721e-01,1.292742095291151066e-05,1.021254776665166300e-05,1.333488753806468908e-05,9.999971778661440602e-01
1.521279909956087598e-02,-2.476829260101206243e-01,-2.476809385697390509e-01,9.999935986185835013e-01,-2.476597279572203270e-01,1.999993598612097134e+00,-2.476598195237126321e-01,2.477334006654984822e-01,1.565067856191064468e-05,1.683016593135460738e-05,1.600899338794164843e-05,9.999967993060485671e-01
1.522319199405687724e-02,-2.476832452766501436e-01,-2.476785306696794309e-01,9.999909244338824887e-01,-2.476631328833303336e-01,1.999990924424686511e+00,-2.476636853167444585e-01,2.477298468033296563e-01,1.623129926612636674e-05,1.087093663741534704e-05,1.627990961158738093e-05,9.999954622123432557e-01
1.523353066443018829e-02,-2.476834476224373804e-01,-2.476907382021545090e-01,9.999942918263053926e-01,-2.476768135899253820e-01,1.999994291820521131e+00,-2.476790747748074673e-01,2.477406327775881489e-01,9.165353990217167091e-06,5.252551659730076745e-06,6.773107708873485795e-06,9.999971459102606763e-01
1.524177693051435682e-02,-2.476835550342564030e-01,-2.476834368087297011e-01,9.999981924859344673e-01,-2.476943377345731945e-01,1.999998192484102821e+00,-2.476944857263304600e-01,2.477366455565033487e-01,-8.708175698745619016e-06,-3.850718030629976315e-06,8.482411208469159148e-06,9.999990962420514107e-01
1.525047439363543499e-02,-2.476836334563365105e-01,-2.476777430644342137e-01,9.999926223862424246e-01,-2.476771459333099168e-01,1.999992622378766738e+00,-2.476747326660365955e-01,2.477300608050842512e-01,5.255980453095568485e-06,2.317628392900021765e-06,6.828835929676758094e-06,9.999963111893833689e-01
1.526031377096623287e-02,-2.476836928406634386e-01,-2.476816582567954728e-01,9.999902816561392349e-01,-2.476812361317555500e-01,1.999990281646292001e+00,-2.476823987409577932e-01,2.477315392397402560e-01,7.183553975067476914e-06,9.197777933843315052e-06,9.028463764897785775e-06,9.999951408231458894e-01
1.527018603540888399e-02,-2.476837316499482522e-01,-2.476820217321871742e-01,9.999961988032286531e-01,-2.476780029053631815e-01,1.999996198799377067e+00,-2.476775846789289470e-01,2.477315714559006898e-01,7.204012085428108748e-06,1.315283285437353777e-06,6.928112106026176150e-06,9.999980993996885337e-01
1.528018343831874515e-02,-2.476837571625617185e-01,-2.476826787975336119e-01,9.999970888253475465e-01,-2.476828022976544086e-01,1.999997088822397684e+00,-2.476831408757568520e-01,2.477323047039374504e-01,-8.662090557952337975e-07,4.043600549409109188e-07,1.260240539083795286e-06,9.999985444111988420e-01
1.529014074184604881e-02,-2.476837736192770700e-01,-2.476843828547349580e-01,9.999954015531560270e-01,-2.476758659139187690e-01,1.999995401548496421e+00,-2.476749279362012723e-01,2.477340459062377931e-01,7.080011051866626025e-06,1.034722267793142517e-05,1.105733088261873978e-05,9.999977007742482105e-01
1.529738633949537761e-02,-2.476837818218721732e-01,-2.476830554002889262e-01,9.999949462760495678e-01,-2.476736399180056170e-01,1.999994946270928553e+00,-2.476738487102236597e-01,2.477329542165111198e-01,8.240202470467655535e-06,3.621323556395684519e-06,7.964284315366916130e-06,9.999974731354643875e-01
1.530368040060959244e-02,-2.476837871211577391e-01,-2.476826896151015367e-01,9.999944021079302248e-01,-2.476774039781484971e-01,1.999994402102257984e+00,-2.476784935139801913e-01,2.477323895575156421e-01,3.777961772710574992e-06,1.078843623290006192e-06,2.937702375083083014e-06,9.999972010511289922e-01
1.531158988766981484e-02,-2.476837920150998240e-01,-2.476831047645015327e-01,9.999935673008532033e-01,-2.476843548209503310e-01,1.999993567294334973e+00,-2.476844576994612912e-01,2.477328415628908542e-01,2.283336617679936025e-07,5.735956932216889411e-06,5.945865063193680127e-06,9.999967836471674865e-01
1.532137380979496470e-02,-2.476837961389631304e-01,-2.476749774584443842e-01,9.999940371089196534e-01,-2.476740932477900226e-01,1.999994037102877487e+00,-2.476732754132889847e-01,2.477278318466819285e-01,1.195371990384503172e-05,5.828904767598828825e-06,1.134821442860380687e-05,9.999970185514387433e-01
1.533084584011873246e-02,-2.476837987563979271e-01,-2.476883290530623172e-01,9.999945366521486578e-01,-2.476859772931665205e-01,1.999994536646612975e+00,-2.476876785051737861e-01,2.477382356429165822e-01,1.481264411772492225e-06,5.721267675352649801e-06,5.740048450043787673e-06,9.999972683233063764e-01
1.534097514655000105e-02,-2.476838005774116558e-01,-2.476843599980309840e-01,9.999983239385088485e-01,-2.476859455628411810e-01,1.999998323936810651e+00,-2.476853090137429714e-01,2.477351377534993127e-01,1.628354880567564339e-06,3.893943431539140492e-06,3.628107844250039588e-06,9.999991619684053257e-01
1.535177347491490166e-02,-2.476838018007045672e-01,-2.476873598117193820e-01,9.999938361260712893e-01,-2.476806342830376595e-01,1.999993836119825508e+00,-2.476811223531669992e-01,2.477368280031656822e-01,2.766584352268723213e-06,7.427802774818851696e-06,7.869939261612772261e-06,9.999969180599127538e-01
1.536539685153093769e-02,-2.476838026994298003e-01,-2.476849087779198211e-01,9.999915641594280258e-01,-2.476868812541629661e-01,1.999991564150880086e+00,-2.476866370764899961e-01,2.477344194522784204e-01,1.565895801986668262e-06,5.248545966322611876e-06,4.798535831388545816e-06,9.999957820754400428e-01
1.537304175117151263e-02,-2.476838030067681495e-01,-2.476851396098770641e-01,9.999908487406323765e-01,-2.476845014128321587e-01,1.999990848731359572e+00,-2.476833894816747317e-01,2.477348906289360553e-01,1.433025822814655271e-06,5.401226096988146795e-06,6.392190656363701929e-06,9.999954243656797859e-01
1.538203529950771774e-02,-2.476838032522895860e-01,-2.476862626830955427e-01,9.999913621710396772e-01,-2.476687565000406654e-01,1.999991362162287123e+00,-2.476671937937402757e-01,2.477359014289872707e-01,1.945983092719225411e-05,1.242612765852285955e-05,1.904391967958701990e-05,9.999956810811436725e-01
1.539146940715404102e-02,-2.476838034172297864e-01,-2.476816495812053931e-01,9.999921419479681495e-01,-2.476645523041404728e-01,1.999992141940005741e+00,-2.476654876327661348e-01,2.477325810061762612e-01,9.613306649825697684e-06,9.810292549508238281e-06,9.064198998751757345e-06,9.999960709700028705e-01
1.540165806750930927e-02,-2.476838035248945524e-01,-2.476828246929007882e-01,9.999915661073972561e-01,-2.476807532847977444e-01,1.999991566098851425e+00,-2.476809547208587148e-01,2.477326310954122424e-01,-1.023474949990341073e-06,2.484961609558442785e-06,2.744452076284746591e-06,9.999957830494257127e-01
1.541056645110686595e-02,-2.476838035793999249e-01,-2.476854785436423678e-01,9.999933920664474396e-01,-2.476707503867593974e-01,1.999993392059751685e+00,-2.476701026518195736e-01,2.477351959907258538e-01,9.132445320153531582e-06,5.277125127674436469e-06,9.318384462789899912e-06,9.999966960298758423e-01
1.542011548087508267e-02,-2.476838036107494867e-01,-2.476857856626495102e-01,9.999947661762156326e-01,-2.476821596103010448e-01,1.999994766170912097e+00,-2.476834910840207959e-01,2.477353057057943841e-01,1.677513365504231006e-06,9.818731189652353503e-06,1.039473005309649340e-05,9.999973830854560486e-01
1.543014619287152306e-02,-2.476838036236797269e-01,-2.476832456348269096e-01,9.999930547474723541e-01,-2.476818265121040752e-01,1.999993054740435205e+00,-2.476813947092396662e-01,2.477334443437834710e-01,4.447419258951719607e-06,9.864990686634333533e-06,9.967396622451398560e-06,9.999965273702173807e-01
1.544012123701994990e-02,-2.476838036232855145e-01,-2.476847565449167843e-01,9.999917748570087417e-01,-2.476607956813938471e-01,1.999991774848674186e+00,-2.476585877978466077e-01,2.477344878701428499e-01,2.244003083725799801e-05,1.603611196288605540e-05,2.405075905842715841e-05,9.999958874243370932e-01
1.545000047252800997e-02,-2.476838036144511368e-01,-2.476868172835612059e-01,9.999928097332835275e-01,-2.476808604935265556e-01,1.999992809725997800e+00,-2.476839024283603863e-01,2.477365650393650864e-01,8.827822856121894291e-06,1.315535579627010994e-05,1.272712141889871727e-05,9.999964048629989000e-01
1.545681390074069191e-02,-2.476838036050462155e-01,-2.476906474306848072e-01,9.999932440915503262e-01,-2.476912361914177518e-01,1.999993244084704580e+00,-2.476921667757622514e-01,2.477408077295909783e-01,8.410113154664534854e-06,1.067823464787844400e-05,1.041203839287943444e-05,9.999966220423524010e-01
1.547166998167253012e-02,-2.476838035785615955e-01,-2.476845312587588332e-01,9.999905290552044690e-01,-2.476642207855190292e-01,1.999990529045607701e+00,-2.476632101960610233e-01,2.477373941374608757e-01,1.279435357405682595e-05,9.299863505286517959e-06,1.281400019289866670e-05,9.999952645228038506e-01
1.548655890711034960e-02,-2.476838035470986799e-01,-2.476826568083444202e-01,9.999874199586600287e-01,-2.476639962488815794e-01,1.999987419945912892e+00,-2.476652770589465868e-01,2.477324116863133252e-01,1.421667107763434359e-05,1.442149696111454617e-05,1.396267596446975326e-05,9.999937099729564460e-01
1.549841343745612075e-02,-2.476838035201303356e-01,-2.476812508036924099e-01,9.999931742985179728e-01,-2.476606412691018666e-01,1.999993174291601727e+00,-2.476588174998155534e-01,2.477315385629763056e-01,1.838320269139683593e-05,1.328977532222718891e-05,1.953117348928267623e-05,9.999965871458008637e-01
1.550472793553469252e-02,-2.476838035053402776e-01,-2.476834613494202086e-01,9.999946101105132712e-01,-2.476675404315983320e-01,1.999994610105051862e+00,-2.476718977435499736e-01,2.477338008734479013e-01,1.184257434233777748e-05,1.020354476248919474e-05,9.225369381174724692e-06,9.999973050525259310e-01
1.551185492702217457e-02,-2.476838034884064066e-01,-2.476873345238606305e-01,9.999945648723598257e-01,-2.476958362116839230e-01,1.999994564866852453e+00,-2.476957202058197027e-01,2.477369673058497090e-01,-3.873709116344438641e-06,5.187193036913748450e-06,5.411164086820056981e-06,9.999972824334263377e-01
1.552064615114034929e-02,-2.476838034672603772e-01,-2.476785173432930476e-01,9.999950371226495882e-01,-2.476698541014309418e-01,1.999995037117620722e+00,-2.476670702757740594e-01,2.477325648857574281e-01,1.011954953730119377e-05,8.032641972022433848e-06,1.109955617705280589e-05,9.999975185588103610e-01
1.553058365226598660e-02,-2.476838034431199653e-01,-2.476864387632810860e-01,9.999927051843802150e-01,-2.476704887609134653e-01,1.999992705176988794e+00,-2.476710022601662509e-01,2.477362633683688753e-01,1.234062503017425459e-05,1.040683694028978924e-05,1.280633223865930583e-05,9.999963525884942861e-01
1.554083171429073741e-02,-2.476838034180525727e-01,-2.476823250613628957e-01,9.999946322304710256e-01,-2.476642166235042963e-01,1.999994632225031932e+00,-2.476643508443303332e-01,2.477330991747036804e-01,1.930084308134186571e-05,1.483907588329399393e-05,1.908031903629703508e-05,9.999973161125159660e-01
1.555044060487486071e-02,-2.476838033944426809e-01,-2.476892725084023916e-01,9.999941350394027095e-01,-2.476870025161732880e-01,1.999994135033460019e+00,-2.476887576378619671e-01,2.477391423263559100e-01,9.163440582209274150e-06,8.986468610705923731e-06,8.940132369416391406e-06,9.999970675167300094e-01
1.556060237845907461e-02,-2.476838033694053198e-01,-2.476849840077154641e-01,9.999930272360934014e-01,-2.476766929061317846e-01,1.999993027229027831e+00,-2.476761668705382280e-01,2.477360650128552222e-01,7.278330564892233762e-06,1.088066500900063812e-05,1.058473422615532035e-05,9.999965136145139155e-01
1.557002064999999866e-02,-2.476837144658457779e-01,-2.476783992205981721e-01,9.999911521270108405e-01,-2.476815559580306525e-01,1.999991152118045568e+00,-2.476820490160362431e-01,2.477309320372958756e-01,2.720982711530161671e-06,6.529028256996295068e-06,6.223138793641842796e-06,9.999955760590227838e-01
1.557391550760318412e-02,-2.476796975860336703e-01,-2.476733363301845681e-01,9.999900945998532187e-01,-2.476743875008391715e-01,1.999990094589816580e+00,-2.476727529391902216e-01,2.477279320718510092e-01,3.366510894857910334e-06,5.038234574926535195e-06,4.553967730006015183e-06,9.999950472949081792e-01
1.558264089955942351e-02,-2.476797078387739381e-01,-2.476745334194242754e-01,9.999918214222761614e-01,-2.476673294075035225e-01,1.999991821413988902e+00,-2.476678297970767162e-01,2.477252175704831583e-01,4.843990870091787706e-06,1.319381052282581948e-06,5.938061262749193264e-06,9.999959107069944508e-01
1.559161559378005428e-02,-2.476797183844558770e-01,-2.476842544150278380e-01,9.999979316354495884e-01,-2.476696436045208172e-01,1.999997931633353820e+00,-2.476697851331200184e-01,2.477337219861181217e-01,1.484201489367986091e-05,6.371968495524331925e-06,1.410218492474158942e-05,9.999989658166769102e-01
1.560028039075718465e-02,-2.476797285659942116e-01,-2.476808448921230810e-01,1.000002706741958125e+00,-2.476759157140234757e-01,2.000002706744700820e+00,-2.476768077635811693e-01,2.477315689344858629e-01,2.316848046953919191e-06,2.555092799333211042e-06,2.161427625138233566e-06,1.000001353372350410e+00
1.561000357794385326e-02,-2.476797399911902786e-01,-2.476803778393794619e-01,9.999984242402308876e-01,-2.476840406993792709e-01,1.999998424238634387e+00,-2.476845454166929361e-01,2.477299001983074844e-01,2.128362173771867802e-06,-3.986794238269264311e-06,4.380141484756788286e-06,9.999992121193170824e-01
1.561436132267111226e-02,-2.476797451117406235e-01,-2.476820693817836649e-01,9.999959222029429773e-01,-2.476815797400359065e-01,1.999995922198810838e+00,-2.476804873354054581e-01,2.477321050648579881e-01,3.969096012068877515e-06,1.152757794526898961e-06,4.780221397372946063e-06,9.999979610994054191e-01
1.562228542978306295e-02,-2.476797544229345505e-01,-2.476850674677491815e-01,9.999955758530334471e-01,-2.476735506619794636e-01,1.999995575848550367e+00,-2.476728617883152406e-01,2.477345352012606250e-01,7.907482537741262847e-06,7.601079178849065419e-06,7.464562016162243159e-06,9.999977879242751833e-01
1.563128263534401680e-02,-2.476797649950675251e-01,-2.476827181983280446e-01,9.999963006906030794e-01,-2.476738414729418303e-01,1.999996300686854855e+00,-2.476746890996925354e-01,2.477330942227099209e-01,-8.595808673893839510e-07,-6.874065818509474285e-07,1.879939413737488637e-06,9.999981503434274277e-01
1.564120452166552211e-02,-2.476797766537452150e-01,-2.476731184167967614e-01,9.999939722445957413e-01,-2.476762526912387741e-01,1.999993972238487849e+00,-2.476755678901408353e-01,2.477272733446265196e-01,-4.650548004946137339e-06,1.032806659247471686e-06,3.083821658314479214e-06,9.999969861192440357e-01
1.565013693944456927e-02,-2.476797871497503911e-01,-2.476730215069349594e-01,9.999936897518367784e-01,-2.476586455883851012e-01,1.999993689745442671e+00,-2.476565013685887440e-01,2.477227486751067409e-01,1.832225343796419314e-05,1.012248114094478293e-05,2.048405846857094997e-05,9.999968448727213355e-01
1.565738147827626034e-02,-2.476797956624179065e-01,-2.476816027125105790e-01,9.999974190229166116e-01,-2.476694503442844197e-01,1.999997419020301370e+00,-2.476726949727561522e-01,2.477324814627495098e-01,9.210843497760364215e-06,3.923237188682024776e-06,6.999441684626249014e-06,9.999987095101506851e-01
1.566624154448437861e-02,-2.476798060734056450e-01,-2.476802187810084321e-01,1.000002740421405356e+00,-2.476896390460933683e-01,2.000002740424182690e+00,-2.476901812453365104e-01,2.477325979659376065e-01,-2.749440677346082789e-06,-2.091201400493444530e-06,3.145241552236609691e-06,1.000001370212091123e+00
1.567911882517781033e-02,-2.476798212048078873e-01,-2.476773295868407443e-01,9.999983285630583696e-01,-2.476788447315961261e-01,1.999998328561364724e+00,-2.476773157442454243e-01,2.477272059731319975e-01,-2.346682358198360794e-06,-7.814655370061352507e-07,1.976422287725180372e-06,9.999991642806823622e-01
1.568791923726729071e-02,-2.476798315457004740e-01,-2.476755982726395466e-01,9.999965441645630726e-01,-2.476722960458944967e-01,1.999996544161061651e+00,-2.476718859081600554e-01,2.477259059868724411e-01,2.904467447399254132e-06,4.173718936990301403e-06,4.325284035890934362e-06,9.999982720805307146e-01
1.569827742005285715e-02,-2.476798437170462386e-01,-2.476791144904660069e-01,1.000000359234804570e+00,-2.476871462642350474e-01,2.000000359235168723e+00,-2.476894900784059605e-01,2.477292783344320903e-01,-3.024158617303552370e-06,9.457223195822537654e-09,3.788509554213724575e-06,1.000000179617584362e+00
1.571000000000000174e-02,-2.476798574916214413e-01,-2.476760917515569704e-01,1.000000928309110249e+00,-2.476777565602173714e-01,2.000000928310051052e+00,-2.476758299560970766e-01,2.477272180627214937e-01,-1.219073986659262237e-06,-3.790039328695777499e-06,4.161321927256589042e-06,1.000000464155025526e+00
1.571926870160693379e-02,-2.476798683827764191e-01,-2.476740572723800105e-01,9.999996655441817373e-01,-2.476670295435697278e-01,1.999999665543842786e+00,-2.476657038323627769e-01,2.477239235461534683e-01,2.131123929489082011e-06,3.787340063413977501e-06,4.902775887836729825e-06,9.999998327719213931e-01
1.572900648829845399e-02,-2.476798798251277356e-01,-2.476791764617846392e-01,9.999992754720703481e-01,-2.476739171955499030e-01,1.999999275471336047e+00,-2.476756217074968514e-01,2.477293910317822645e-01,2.918371430629966142e-06,3.502667548975273692e-06,2.980870280121910375e-06,9.999996377356680233e-01
1.574054525950934966e-02,-2.476798933837200400e-01,-2.476743427742859605e-01,1.000002084868074848e+00,-2.476692103926840249e-01,2.000002084870187158e+00,-2.476687004980138718e-01,2.477260070702773376e-01,1.084734041896265990e-06,-2.838612868118792036e-06,2.962243379606152986e-06,1.000001042435093579e+00
1.575168508990938687e-02,-2.476799064735374645e-01,-2.476853383003484732e-01,9.999997011031298566e-01,-2.476851130485445696e-01,1.999999701102826988e+00,-2.476854749260243849e-01,2.477348060879633607e-01,-1.659925092912789120e-06,2.827885597304918112e-06,3.391340328846641410e-06,9.999998505514134939e-01
1.576352781944274917e-02,-2.476799203892945944e-01,-2.476766752924201009e-01,9.999999319400404429e-01,-2.476777266592741222e-01,1.999999931939971498e+00,-2.476766101732604530e-01,2.477286636180234813e-01,-1.445974155993281399e-06,5.056812084378255922e-06,5.010084702913028133e-06,9.999999659699857490e-01
1.577308490681842215e-02,-2.476799316193152578e-01,-2.476774742979954702e-01,9.999955565054767792e-01,-2.476661251837284639e-01,1.999995556500974159e+00,-2.476653097986106500e-01,2.477277062130563701e-01,7.500335529602781283e-06,7.270359780656457407e-06,9.271582036033493315e-06,9.999977782504870794e-01
1.578311223957717599e-02,-2.476799434018955581e-01,-2.476823752928880573e-01,9.999979454134606538e-01,-2.476642128347858185e-01,1.999997945411378542e+00,-2.476649276283041656e-01,2.477319753583330508e-01,1.621104937091258867e-05,3.466453211960398112e-06,1.544874199214223278e-05,9.999989727056893818e-01
1.579466284844900301e-02,-2.476799569743968199e-01,-2.476831012234644303e-01,9.999995829144116000e-01,-2.476735118821962733e-01,1.999999582913989160e+00,-2.476749119678727795e-01,2.477336456774313356e-01,6.114366588478760586e-06,4.673259693007873182e-06,5.403271466082578983e-06,9.999997914569945801e-01
1.580211633241662000e-02,-2.476799657325867710e-01,-2.476880251704431657e-01,9.999968382639297104e-01,-2.476808709928375596e-01,1.999996838260725829e+00,-2.476800227356053818e-01,2.477377221867937129e-01,1.501110434366574749e-06,9.339946656730327033e-06,8.878887697101183561e-06,9.999984191303630254e-01
1.581162280934973741e-02,-2.476799769031386433e-01,-2.476782145128721968e-01,9.999958244118597461e-01,-2.476698722202524683e-01,1.999995824407628575e+00,-2.476703788923875216e-01,2.477325113454678096e-01,2.896929771189229441e-07,2.132192128304883077e-06,1.991137837056776846e-06,9.999979122038142876e-01
1.582195041727057355e-02,-2.476799890385576741e-01,-2.476764117039584046e-01,9.999921989384308318e-01,-2.476764398690076696e-01,1.999992198930526044e+00,-2.476755416849324432e-01,2.477262417601744648e-01,-8.117924924038221954e-07,5.218407777607607679e-06,5.615509155907498528e-06,9.999960994652631330e-01
1.583254121084157542e-02,-2.476800014832306052e-01,-2.476791648936225998e-01,9.999958823912520334e-01,-2.476695939244431544e-01,1.999995882387079815e+00,-2.476700199221199550e-01,2.477287401773864972e-01,5.617266555421678733e-06,4.717368867335921165e-06,6.352625827674711451e-06,9.999979411935399076e-01
1.584223514246374878e-02,-2.476800128740506146e-01,-2.476768045688623188e-01,9.999998642849592390e-01,-2.476681219178737126e-01,1.999999864284822015e+00,-2.476677129368533847e-01,2.477266516327510937e-01,1.359630211799469589e-05,6.688000204718405553e-06,1.305272272553668742e-05,9.999999321424108967e-01
1.585110522921739581e-02,-2.476800232968135451e-01,-2.476799073312154764e-01,9.999991512538224381e-01,-2.476726347130493722e-01,1.999999151252962237e+00,-2.476733379845125760e-01,2.477293946932259128e-01,5.505058639770209199e-06,4.241989706868563924e-08,4.759905221717662362e-06,9.999995756264811186e-01
1.586143980058893690e-02,-2.476800354404130877e-01,-2.476782804787249770e-01,9.999994516927311894e-01,-2.476720261721090666e-01,1.999999451692175523e+00,-2.476723528132576679e-01,2.477285716493072276e-01,3.068064613706169002e-06,2.638648600343437698e-06,3.044720927355783527e-06,9.999997258460877614e-01
1.587959028536040790e-02,-2.476800567680757237e-01,-2.476789824070388391e-01,9.999982106935900728e-01,-2.476683649301662515e-01,1.999998210691777079e+00,-2.476667150142765617e-01,2.477327343134281823e-01,6.075445768242520248e-06,2.868826466846680197e-06,6.337442245008932300e-06,9.999991053458885393e-01
1.588818018936100432e-02,-2.476800668616113144e-01,-2.476791826858535384e-01,9.999954211778575575e-01,-2.476667440145099153e-01,1.999995421173218046e+00,-2.476669161308533984e-01,2.477289569455034812e-01,8.386450021623195546e-07,7.597893577648305911e-06,8.463047983155934747e-06,9.999977105866090232e-01
1.589225109786533349e-02,-2.476800716451179052e-01,-2.476803000855676840e-01,9.999936157380393542e-01,-2.476677841775962730e-01,1.999993615731570307e+00,-2.476677164606890247e-01,2.477301710999708362e-01,2.938360009966795136e-06,1.090184730219792642e-05,1.157198343967141176e-05,9.999968078657851533e-01
1.590136644524023715e-02,-2.476800823560739717e-01,-2.476835295102474965e-01,9.999957424715880672e-01,-2.476650098835589675e-01,1.999995742467274296e+00,-2.476654651327544199e-01,2.477335138050341112e-01,1.862939843336325137e-05,1.191665484884299544e-05,1.777187966465045097e-05,9.999978712336370368e-01
1.591028944674024656e-02,-2.476800928410136104e-01,-2.476877681355739158e-01,9.999978000300739911e-01,-2.476839722129411947e-01,1.999997800027844663e+00,-2.476859544479933506e-01,2.477375928837999008e-01,3.216916993391661027e-06,6.028839914641854817e-06,5.599411194904604791e-06,9.999989000139223316e-01
1.592000147930766607e-02,-2.476801042531017460e-01,-2.476854978481386194e-01,9.999954623226365857e-01,-2.476732201218936058e-01,1.999995462318038486e+00,-2.476713950383389318e-01,2.477357215656484368e-01,9.279161626484745473e-06,2.544128310137046029e-06,1.019186204298217276e-05,9.999977311590192430e-01
1.592702251827182378e-02,-2.476801125031471706e-01,-2.476846325832953166e-01,9.999927808251675154e-01,-2.476872442790613027e-01,1.999992780817852367e+00,-2.476901901344114310e-01,2.477341913897668224e-01,2.270646201763378389e-06,2.742138687499491746e-06,2.831888682919456983e-06,9.999963904089261835e-01
1.593401481932577024e-02,-2.476801207194239407e-01,-2.476841321808711249e-01,9.999907765831653750e-01,-2.476942383282566273e-01,1.999990776573819407e+00,-2.476923047626158614e-01,2.477336401040270142e-01,-4.213407635875350878e-07,3.871165144961069915e-06,4.082999925544741459e-06,9.999953882869097033e-01
1.594472156994353879e-02,-2.476801333003516847e-01,-2.476825895348827022e-01,9.999916515954562213e-01,-2.476749546416481540e-01,1.999991651586997099e+00,-2.476731148358399803e-01,2.477326892183526474e-01,9.441355150406389549e-06,7.361243403108029663e-06,1.111887790125106031e-05,9.999958257934984385e-01
1.595276693886912497e-02,-2.476801427540326062e-01,-2.476807103139034294e-01,9.999926691189658934e-01,-2.476608703123027999e-01,1.999992669111537724e+00,-2.476594228166012768e-01,2.477304349151147334e-01,2.029175240490614312e-05,1.212192699975835044e-05,2.020187649078098103e-05,9.999963345557688621e-01
1.596468458473291815e-02,-2.476801567578174046e-01,-2.476828412881331709e-01,9.999939439920101369e-01,-2.476645289086428781e-01,1.999993943985873379e+00,-2.476656556537915888e-01,2.477327028628421302e-01,1.310391725398082162e-05,9.047411552140709491e-06,1.201670812408657429e-05,9.999969719929368006e-01
1.598003884841184621e-02,-2.476801747997883218e-01,-2.476760424737865507e-01,9.999958250125393633e-01,-2.476695822392753488e-01,1.999995825008308747e+00,-2.476687501756332788e-01,2.477298451580520200e-01,2.898282853638488574e-06,6.276165663494059708e-06,6.253581407284272449e-06,9.999979125041544847e-01
1.599079263404338397e-02,-2.476801874359842726e-01,-2.476905176573988565e-01,9.999943441255226828e-01,-2.476803529110836455e-01,1.999994344119791601e+00,-2.476816604603118699e-01,2.477402579054969467e-01,5.282074134246687530e-06,3.165428016061372400e-06,5.852049455157411309e-06,9.999971720598958003e-01
1.600042196064024869e-02,-2.476801987508871761e-01,-2.476822574301422442e-01,9.999970038581456055e-01,-2.476665003367423123e-01,1.999997003855109812e+00,-2.476647068385801620e-01,2.477355608279413202e-01,1.647221553302120371e-05,6.657789081811097267e-06,1.685478989540956695e-05,9.999985019275549059e-01
1.601009147639492758e-02,-2.476802101130157197e-01,-2.476781604965065386e-01,9.999934298797105159e-01,-2.476667750408512170e-01,1.999993429873053064e+00,-2.476663104124349479e-01,2.477288602410988860e-01,1.630337561499079085e-05,2.129531035613424703e-05,2.302881779137633199e-05,9.999967149365265318e-01
1.601699148577559462e-02,-2.476802182208436842e-01,-2.476811833237295424e-01,9.999909128443854600e-01,-2.476653639910907090e-01,1.999990912835177825e+00,-2.476660546707187271e-01,2.477312818350964618e-01,1.648114574447476406e-05,1.175346174187699866e-05,1.549992136612208819e-05,9.999954564175888017e-01
1.602356512950937548e-02,-2.476802259451784116e-01,-2.476836267766361066e-01,9.999938018845778709e-01,-2.476769557785631626e-01,1.999993801878297450e+00,-2.476798413871873217e-01,2.477332554097862183e-01,3.955453163690597931e-06,-3.722700621185301883e-07,1.532698359146060915e-06,9.999969009391487251e-01
1.603285705806830122e-02,-2.476802368636247809e-01,-2.476820354749887376e-01,9.999973950255048871e-01,-2.476929575869954159e-01,1.999997395022865332e+00,-2.476923360450563882e-01,2.477328482179437241e-01,-1.198203823309691994e-05,-4.973507036882546087e-06,1.159568972326087417e-05,9.999986975114326659e-01
1.604666630695864710e-02,-2.476802530901318911e-01,-2.476719906980821007e-01,9.999943639057258249e-01,-2.476694096399853495e-01,1.999994363900014838e+00,-2.476686652005174738e-01,2.477226823789967225e-01,3.454740764549603889e-06,3.463623312244262317e-06,4.803881275815357111e-06,9.999971819500074188e-01
1.605624777437671818e-02,-2.476802643487986955e-01,-2.476761996067709526e-01,9.999963613863752654e-01,-2.476723464912444495e-01,1.999996361382688326e+00,-2.476739385466919519e-01,2.477266561258996969e-01,4.650354202903083735e-06,1.556900930793747862e-06,3.491889999003497623e-06,9.999981806913441629e-01
1.606640834590852829e-02,-2.476802762879411202e-01,-2.476811202710813842e-01,1.000003172812111929e+00,-2.476863914668415156e-01,2.000003172815327357e+00,-2.476873087090503411e-01,2.477307569820804967e-01,-7.065903429669344096e-06,-3.145354261280050675e-06,7.750087029804919302e-06,1.000001586407663234e+00
1.607742675227969570e-02,-2.476802892350789820e-01,-2.476830572672147346e-01,1.000002405509992531e+00,-2.476829499017200731e-01,2.000002405512429693e+00,-2.476820132784361417e-01,2.477328241222970517e-01,-1.854573814280701724e-06,-6.099677149963762588e-07,5.266793194075541574e-07,1.000001202756215068e+00
1.608565055771279950e-02,-2.476802988984310727e-01,-2.476799724436689887e-01,9.999979163901187018e-01,-2.476816560011349533e-01,1.999997916388007502e+00,-2.476825803557806405e-01,2.477315975192187492e-01,1.655699144507778836e-06,5.142177763107676936e-07,1.160415641882467116e-06,9.999989581940036398e-01
1.609309703815481329e-02,-2.476803076483904131e-01,-2.476759485053636745e-01,9.999958135291587835e-01,-2.476838059846702966e-01,1.999995813524916510e+00,-2.476821628721719293e-01,2.477271990712577032e-01,6.170774388600574433e-07,2.378465839471894373e-06,3.866908464176195964e-06,9.999979067624582552e-01
1.610151813075822239e-02,-2.476803175435654258e-01,-2.476783811444413508e-01,9.999949054444151608e-01,-2.476658749211918253e-01,1.999994905439252735e+00,-2.476650144265378495e-01,2.477289722323456622e-01,1.352638769904918906e-05,1.310707183308878519e-05,1.363079393384291713e-05,9.999974527196264784e-01
1.611026260808426716e-02,-2.476803278187299229e-01,-2.476893940089706092e-01,9.999978813472794048e-01,-2.476864707742406080e-01,1.999997881345132678e+00,-2.476899444865750533e-01,2.477396723415669633e-01,1.207293548060082336e-06,1.498162420552827865e-06,3.853701755633480230e-07,9.999989406725663388e-01
1.611783218244378091e-02,-2.476803367133292022e-01,-2.476828604655937904e-01,9.999999723428678600e-01,-2.476827932251285669e-01,1.999999972342839660e+00,-2.476808937558203638e-01,2.477359036173313600e-01,5.592269783769788613e-06,3.922036445709744849e-06,6.927421042882798745e-06,9.999999861714198301e-01
1.612962550969770578e-02,-2.476803505710348241e-01,-2.476789504343737403e-01,9.999938333154435588e-01,-2.476682480404071296e-01,1.999993833309194891e+00,-2.476669865590666597e-01,2.477284585236397552e-01,1.671207965896096158e-05,1.307999432990568086e-05,1.762144488183268340e-05,9.999969166545974453e-01
1.614252239021018998e-02,-2.476803657254669777e-01,-2.476738200945017288e-01,9.999946683104187217e-01,-2.476540135265906106e-01,1.999994668305016043e+00,-2.476554664873356904e-01,2.477248122091280647e-01,1.552724702439318473e-05,1.214512342682388782e-05,1.460498475753899460e-05,9.999973341525081327e-01
1.616000000000000075e-02,-2.476803862624704922e-01,-2.476878928518102818e-01,1.000001632379679206e+00,-2.476850937101650330e-01,2.000001632381333216e+00,-2.476861603003648327e-01,2.477374605225475257e-01,1.608232456456281942e-06,-3.783810024160151517e-06,4.554328163457620084e-06,1.000000816190666608e+00
1.616927474504652879e-02,-2.476803971607263177e-01,-2.476736024592941787e-01,9.999977863888702689e-01,-2.476611978701042660e-01,1.999997786386627174e+00,-2.476567022272231078e-01,2.477319442003004801e-01,8.634435424365846700e-06,4.030060722650789173e-06,1.025154600492574309e-05,9.999988931933135872e-01
1.617957035978321786e-02,-2.476804092585491168e-01,-2.476759876258523563e-01,9.999910406724924483e-01,-2.476649894994838452e-01,1.999991040663414266e+00,-2.476670104750465784e-01,2.477261492909274276e-01,8.227072527643114369e-06,1.087607372115561330e-05,1.086047273649835334e-05,9.999955203317071328e-01
1.618907863865351113e-02,-2.476804204312171853e-01,-2.476771018734616470e-01,9.999971358873216420e-01,-2.476772030002066249e-01,1.999997135884419297e+00,-2.476790506100463862e-01,2.477266644327862921e-01,1.207714729365732159e-06,6.195643804269254937e-07,1.033690002380539393e-06,9.999985679422096485e-01
1.620000202229818914e-02,-2.476804332666986408e-01,-2.476870193843035417e-01,1.000002437022751156e+00,-2.476953758771379965e-01,2.000002437025220292e+00,-2.476973708544593089e-01,2.477376474398042261e-01,-7.126858370716040867e-06,-3.834039515093000333e-06,7.123432968963318297e-06,1.000001218512610146e+00
1.621108823738188695e-02,-2.476804462935154882e-01,-2.476743095019585117e-01,9.999996698670015061e-01,-2.476767791339507252e-01,1.999999669866666663e+00,-2.476757875424163979e-01,2.477302699284372189e-01,-3.400485639973370864e-06,-6.051489584820018432e-07,2.704947150597991996e-06,9.999998349333334424e-01
1.622094725551729427e-02,-2.476804578783192157e-01,-2.476865045929992903e-01,9.999946384295099744e-01,-2.476854019259685236e-01,1.999994638424077209e+00,-2.476861432974931110e-01,2.477362919585426870e-01,4.114747715193408266e-06,8.306544433072159517e-07,3.961415328081757743e-06,9.999973192120386045e-01
1.623050283581150416e-02,-2.476804691065700170e-01,-2.476828326159926930e-01,9.999971067166313343e-01,-2.476870326132788735e-01,1.999997106713699679e+00,-2.476880047880103408e-01,2.477335983349053805e-01,-3.930078966270667690e-06,3.360373064829128958e-06,4.706450999756869233e-06,9.999985533568497287e-01
1.624030244750533647e-02,-2.476804806215691934e-01,-2.476919625285694815e-01,9.999959770161966910e-01,-2.476994726142757730e-01,1.999995977012120063e+00,-2.477009269759708199e-01,2.477420923388187202e-01,-3.809762130290838067e-06,1.794112440254534168e-06,3.140563527151316919e-06,9.999979885060601426e-01
1.625044995700259190e-02,-2.476804925453635620e-01,-2.476865944196297853e-01,9.999927250715912042e-01,-2.476901087488121711e-01,1.999992725064219767e+00,-2.476883280640493068e-01,2.477383232633877941e-01,8.594323670017450280e-06,1.001364174268002023e-05,1.039360100481839534e-05,9.999963625321098837e-01
1.626109998537923415e-02,-2.476805050596401492e-01,-2.476831868404466563e-01,9.999889425609288507e-01,-2.476717295162217392e-01,1.999988942549724591e+00,-2.476710880516279079e-01,2.477334301480463574e-01,8.988000430924223311e-06,1.291230935675161858e-05,1.342472675883416425e-05,9.999944712748622955e-01
1.627317886180463385e-02,-2.476805192528810373e-01,-2.476858524966496222e-01,9.999897551480400049e-01,-2.476828267591230093e-01,1.999989755137659087e+00,-2.476829524370946223e-01,2.477366928618777997e-01,7.224826001301392569e-06,1.475627875676886036e-05,1.478833261138514351e-05,9.999948775688295433e-01
1.628554816496272789e-02,-2.476805337873852764e-01,-2.476898101399031271e-01,9.999935486153107567e-01,-2.476841307713105456e-01,1.999993548608773875e+00,-2.476840734042818626e-01,2.477424312848375554e-01,9.365475206240423954e-06,1.244501773239104612e-05,1.192469012124449309e-05,9.999967743043868262e-01
1.629887483726966471e-02,-2.476805494468446167e-01,-2.476852375059724054e-01,9.999886779507785040e-01,-2.476802850838581427e-01,1.999988677939306125e+00,-2.476796490138122309e-01,2.477351991099555339e-01,1.027966863292641153e-05,1.656953390974043089e-05,1.757383352248224935e-05,9.999943389696530627e-01
1.631005235195296180e-02,-2.476805625809431199e-01,-2.476804678257396586e-01,9.999889254551292961e-01,-2.476684594865759259e-01,1.999988925443907606e+00,-2.476672329164456288e-01,2.477321297541884015e-01,1.719133333262378666e-05,1.857306776754426162e-05,1.790769416179478708e-05,9.999944627219538029e-01
1.631871318631111095e-02,-2.476805727578228200e-01,-2.476777469576600943e-01,9.999925650262513344e-01,-2.476714972582588492e-01,1.999992565018717583e+00,-2.476720902539432667e-01,2.477280032275700761e-01,6.309210690666140070e-07,1.925219384086204468e-06,1.448795822699851114e-06,9.999962825093587915e-01
1.632260219665652295e-02,-2.476805773275894129e-01,-2.476785892734700567e-01,9.999928029440143806e-01,-2.476755353975536589e-01,1.999992802936721770e+00,-2.476763512964273439e-01,2.477289069542942257e-01,-3.211654224962381536e-06,9.222600270021609330e-08,2.396367053352068253e-06,9.999964014683608848e-01
1.633072151881423059e-02,-2.476805868681686285e-01,-2.476852494529349635e-01,9.999949689753782067e-01,-2.476750751438970277e-01,1.999994968970280285e+00,-2.476748998676968350e-01,2.477349334923530655e-01,7.834644886804974272e-06,7.702100840539064471e-06,8.528168861680359260e-06,9.999974844851402533e-01
1.633848080431709454e-02,-2.476805959856868689e-01,-2.476817943842671843e-01,9.999978223383896303e-01,-2.476829109534482432e-01,1.999997822336182951e+00,-2.476847268069435060e-01,2.477327828638945795e-01,-1.730568339540569890e-06,-4.097975987047799565e-06,5.676225117921312994e-06,9.999989111680914755e-01
1.634365237911606511e-02,-2.476806020625256510e-01,-2.476787137339739875e-01,9.999980049073303734e-01,-2.476867528351127390e-01,1.999998004905308990e+00,-2.476865555731767032e-01,2.477303353699610300e-01,-6.820712223526016518e-06,-5.679364455604550830e-06,6.706164555623935180e-06,9.999990024526543841e-01
1.635080370024667371e-02,-2.476806104656592289e-01,-2.476743911007330545e-01,9.999953343032629283e-01,-2.476780173866172385e-01,1.999995334298535488e+00,-2.476773407061005072e-01,2.477262515159445178e-01,-2.661410611824544328e-06,2.330170199482509083e-06,3.166697944878829141e-06,9.999976671492676328e-01
1.636218629276020575e-02,-2.476806238407319172e-01,-2.476819320772902233e-01,9.999958061432554501e-01,-2.476896240099510094e-01,1.999995806139006183e+00,-2.476886684748068057e-01,2.477319533661648254e-01,1.793649691249902845e-07,4.198985159541935071e-06,4.090885087467071634e-06,9.999979030695029802e-01
1.637145802025199645e-02,-2.476808645080388616e-01,-2.476854407365539912e-01,1.000000059544508213e+00,-2.476768944446128551e-01,2.000000059544568831e+00,-2.476769248605512341e-01,2.477349085446322596e-01,5.355059946354080901e-06,2.136745512856390270e-06,4.919097143174867789e-06,1.000000029772284416e+00
1.638127905005842475e-02,-2.476820986321513762e-01,-2.476798816483569698e-01,9.999982250470855760e-01,-2.476824211751282867e-01,1.999998225045287237e+00,-2.476819910893144627e-01,2.477314330054366520e-01,-1.215007252753462974e-06,-1.931351433373995278e-06,1.570632059468578819e-06,9.999991125226436184e-01
1.639153720160129238e-02,-2.476829322901374641e-01,-2.476764036174595174e-01,9.999936831947023874e-01,-2.476719795679026281e-01,1.999993683188301619e+00,-2.476715502592495288e-01,2.477264119192617020e-01,9.728796484043414550e-07,3.731599196359847156e-06,4.505752707845380164e-06,9.999968415941508093e-01
1.640110816513575681e-02,-2.476834371742472896e-01,-2.476829923526184529e-01,9.999952562278179302e-01,-2.476690386249737752e-01,1.999995256223011442e+00,-2.476689454146247804e-01,2.477330488810617626e-01,1.377219659868536631e-05,8.068372591460647758e-06,1.377576136661467670e-05,9.999976281115056098e-01
1.641030509148795613e-02,-2.476837595953653992e-01,-2.476868870928225497e-01,9.999988877217339533e-01,-2.476805388278409126e-01,1.999998887720606966e+00,-2.476820457339137527e-01,2.477367245364311965e-01,2.658025726685136727e-06,-2.464388650958664882e-06,3.338672013121902779e-06,9.999994438603034830e-01
1.642064647232889529e-02,-2.476839970837959037e-01,-2.476871492425355148e-01,9.999969251695877137e-01,-2.476845210222764493e-01,1.999996925166472206e+00,-2.476850800586739287e-01,2.477367922945928613e-01,-2.967095770075019215e-06,-2.226547005469691129e-06,2.457242255646632178e-06,9.999984625832359919e-01
1.643045402696544435e-02,-2.476841422944746351e-01,-2.476893289344282156e-01,9.999922077253249331e-01,-2.476914467590881630e-01,1.999992207717429249e+00,-2.476914889970680822e-01,2.477392198696939107e-01,7.647960026381052094e-06,1.231131366678121255e-06,7.939065244933152121e-06,9.999961038587146245e-01
1.644019936395265530e-02,-2.476842366029585740e-01,-2.476945952348918456e-01,9.999901693161523664e-01,-2.476922955692316963e-01,1.999990169306191001e+00,-2.476927062948811042e-01,2.477443728380039067e-01,4.043417072461133417e-06,1.280965113527147303e-05,1.375598729911379620e-05,9.999950846530955006e-01
1.645000145689037852e-02,-2.476842986159483173e-01,-2.476839491027304496e-01,9.999886590575834955e-01,-2.476805750261568961e-01,1.999988659046091799e+00,-2.476789546756326954e-01,2.477392330877251914e-01,1.384746045647423225e-05,1.443253559835850590e-05,1.493386037673773914e-05,9.999943295230458995e-01
1.646027465083624991e-02,-2.476843406456257779e-01,-2.476843342285962590e-01,9.999854579887622608e-01,-2.476681414841783446e-01,1.999985457974027048e+00,-2.476674548357477024e-01,2.477338735844840933e-01,1.925546201791151279e-05,2.007664558934213976e-05,2.019303593479849685e-05,9.999927289870135239e-01
1.647001235239066441e-02,-2.476843664003659518e-01,-2.476795420220955779e-01,9.999888164330249518e-01,-2.476777675381550692e-01,1.999988816421692794e+00,-2.476795826054983829e-01,2.477308613938107584e-01,9.662531940472633853e-06,5.311751398287725866e-06,7.940985144273866265e-06,9.999944082108463972e-01
1.647451260727890096e-02,-2.476843750801543398e-01,-2.476800775459059856e-01,9.999915750055929919e-01,-2.476798842100243758e-01,1.999991574997056265e+00,-2.476795062873910491e-01,2.477299083395958501e-01,4.635063693682743499e-06,5.653402977955513356e-06,6.385379243705581913e-06,9.999957874985281325e-01
1.648193921225296968e-02,-2.476843861590639073e-01,-2.476822374084988732e-01,9.999935140369037301e-01,-2.476743055923414927e-01,1.999993514030331543e+00,-2.476737297994172915e-01,2.477320085780170544e-01,6.387696735877082677e-06,1.142297491767367168e-05,1.132006289867527683e-05,9.999967570151657714e-01
1.649297546328420613e-02,-2.476843972288065021e-01,-2.476831791325207477e-01,9.999962592119703286e-01,-2.476700770338005342e-01,1.999996259208179694e+00,-2.476696510899790149e-01,2.477330135032021763e-01,1.368768314531898964e-05,6.989341126063250959e-06,1.338523586498687030e-05,9.999981296040898471e-01
1.651000132301946172e-02,-2.476844066113580434e-01,-2.476924182923429529e-01,9.999944038999450946e-01,-2.476874035882578040e-01,1.999994403894274519e+00,-2.476900062163289451e-01,2.477434506117950908e-01,8.915493339107291227e-06,4.462779706274800929e-06,8.566751531728476624e-06,9.999972019471373708e-01
1.652000217369064758e-02,-2.476844096173159981e-01,-2.476882217697560784e-01,9.999951934180588697e-01,-2.476830054383512558e-01,1.999995193413188321e+00,-2.476821773228451984e-01,2.477397401034022451e-01,6.935547726412347113e-06,-5.163914667069172698e-06,6.577584430126965140e-06,9.999975967065941607e-01
1.652715754265966092e-02,-2.476844110872111482e-01,-2.476858712191817302e-01,9.999927160567172457e-01,-2.476711311497493961e-01,1.999992716049336483e+00,-2.476686671953880758e-01,2.477362184290237135e-01,1.216186823509986312e-05,-6.466540342744409040e-07,1.366169153836757546e-05,9.999963580246682415e-01
1.653629863166086733e-02,-2.476844124014946358e-01,-2.476807955607201184e-01,9.999872450106483956e-01,-2.476628416042760128e-01,1.999987244997723845e+00,-2.476637318147187627e-01,2.477327889267615102e-01,1.417775766873163337e-05,1.098037549596083403e-05,1.312002760437525035e-05,9.999936224988620337e-01
1.654445877118036756e-02,-2.476844131995402098e-01,-2.476813168137663723e-01,9.999889555754226667e-01,-2.476740872498174040e-01,1.999988955564231841e+00,-2.476760748035041204e-01,2.477320015941409381e-01,7.836332158794375257e-06,1.149767735096737711e-05,1.074166095113966082e-05,9.999944777821158093e-01
1.656000138070761948e-02,-2.476844141048369918e-01,-2.476869556764880187e-01,9.999957024873662448e-01,-2.476897571445066670e-01,1.999995702483011506e+00,-2.476896643282319732e-01,2.477368498964291621e-01,6.744242496715623138e-06,1.431809180335764335e-06,6.975493754506554039e-06,9.999978512415057530e-01
1.656875561926672569e-02,-2.476844143925760744e-01,-2.476823153598541882e-01,9.999943276367818656e-01,-2.476917237465887656e-01,1.999994327631034130e+00,-2.476916755245554824e-01,2.477337452435328657e-01,1.093164094185763594e-06,2.882142111975486638e-06,3.538323679099503177e-06,9.999971638155170650e-01
1.657627803472260311e-02,-2.476844145602929703e-01,-2.476842469113053891e-01,9.999905846217767014e-01,-2.476816228994506708e-01,1.999990584612236555e+00,-2.476798868043880164e-01,2.477343894728401830e-01,6.106974984439407690e-06,6.397850624714767706e-06,6.974472631351363902e-06,9.999952923061181664e-01
1.658950246512087487e-02,-2.476844147381661310e-01,-2.476855734718190483e-01,9.999929391984437865e-01,-2.476852748395260984e-01,1.999992939191289176e+00,-2.476866391381290777e-01,2.477353285325117893e-01,5.113674144898283597e-06,8.711097539821488958e-06,8.917477905491337091e-06,9.999964695956445881e-01
1.660035746721562344e-02,-2.476844148132494872e-01,-2.476838717575600146e-01,9.999927053623621775e-01,-2.476770409604443224e-01,1.999992705354970646e+00,-2.476761293573649658e-01,2.477335902288391734e-01,9.207326786322896737e-08,1.093240354423800003e-05,1.085391317034819373e-05,9.999963526774853229e-01
1.661000659504108246e-02,-2.476844148472782114e-01,-2.476811455841635423e-01,9.999914263138671711e-01,-2.476764731113957063e-01,1.999991426305179676e+00,-2.476768393864620943e-01,2.477314079197976415e-01,-1.199428010184489144e-06,-1.751738806235816988e-06,3.360369789678763542e-06,9.999957131525897269e-01
1.661362142044419191e-02,-2.476844148544867230e-01,-2.476819505047211101e-01,9.999917717670363526e-01,-2.476810070935848707e-01,1.999991771758698578e+00,-2.476823973707659721e-01,2.477318789739122451e-01,-4.101583955868130174e-06,-5.214608011725008068e-07,4.420358554340305929e-06,9.999958858793493999e-01
1.662126056851073730e-02,-2.476844148624065545e-01,-2.476847691534576901e-01,9.999929854671033569e-01,-2.476881580528520477e-01,1.999992985459995820e+00,-2.476872502586228986e-01,2.477343206703438439e-01,-3.842768462494353016e-06,6.345526594607148317e-06,6.420101862567701738e-06,9.999964927299979101e-01
1.663079947451454044e-02,-2.476844148619095354e-01,-2.476836235353793436e-01,9.999948144168372410e-01,-2.476682866772262626e-01,1.999994814411582889e+00,-2.476679703851983327e-01,2.477332216396712916e-01,8.765425192172825086e-06,3.796411075259704776e-06,8.198061116793490613e-06,9.999974072057914443e-01
1.664000265888759822e-02,-2.476844148539524837e-01,-2.476841828324551908e-01,9.999941362344453299e-01,-2.476973658457536365e-01,1.999994136228503860e+00,-2.477010355080205839e-01,2.477337912982973955e-01,-9.706517962808103192e-06,3.131164206315838944e-07,1.175170038596831079e-05,9.999970681142518192e-01
1.664382914992248302e-02,-2.476844148490962016e-01,-2.476849420894524090e-01,9.999934671568524447e-01,-2.476978502116669867e-01,1.999993467150233073e+00,-2.476957622394923841e-01,2.477347173474511444e-01,-5.425644529750198706e-06,2.742825011304083993e-06,3.627593130907081725e-06,9.999967335751164255e-01
1.665228801935635453e-02,-2.476844148360035081e-01,-2.476854577087836962e-01,9.999932339718068386e-01,-2.476768864683211724e-01,1.999993233964950878e+00,-2.476752636479519487e-01,2.477353973036712231e-01,1.162952395570745628e-05,8.092960205011579593e-06,1.152193177989503255e-05,9.999966169824754392e-01
1.666142258268633880e-02,-2.476844148191725825e-01,-2.476797094615041939e-01,9.999930228420209621e-01,-2.476707524102271796e-01,1.999993022834950951e+00,-2.476726118424827650e-01,2.477311165263634818e-01,6.041284863684665957e-06,5.193833049794807507e-06,4.812187748562473377e-06,9.999965114174754754e-01
1.667063135799422627e-02,-2.476844148002860235e-01,-2.476979427133274847e-01,9.999921135010186868e-01,-2.477109803113001218e-01,1.999992113493027412e+00,-2.477144443065138202e-01,2.477480948424911900e-01,-9.941639995712054175e-06,-5.307549411594514840e-06,1.063002871955586407e-05,9.999960567465138173e-01
1.667515194490951438e-02,-2.476844147905080118e-01,-2.476946883536275679e-01,9.999928275601066563e-01,-2.477039092675735465e-01,1.999992827552838914e+00,-2.476996563740521129e-01,2.477456477715494765e-01,-1.343477703005015748e-06,2.516737769960706968e-06,4.505246482757256272e-06,9.999964137764194572e-01
1.668216480793167922e-02,-2.476844147748573643e-01,-2.476879219347082328e-01,9.999942349526880214e-01,-2.476746634275384662e-01,1.999994234946846694e+00,-2.476729855409012526e-01,2.477417070870066296e-01,1.543283674007978854e-05,1.232806190869126196e-05,1.525566536553479791e-05,9.999971174734232360e-01
1.669047512990953080e-02,-2.476844147557356601e-01,-2.476845592741474811e-01,9.999876251407793237e-01,-2.476753527700472635e-01,1.999987625128240243e+00,-2.476754910847155100e-01,2.477353219417174623e-01,9.722759890275260597e-06,9.440098608282354700e-06,9.906250933131325806e-06,9.999938125641200104e-01
1.670000367087303220e-02,-2.476844147332743218e-01,-2.476881741191563902e-01,9.999849422270012944e-01,-2.476731467111349949e-01,1.999984942211743499e+00,-2.476733236799478766e-01,2.477381451243870214e-01,1.722498818101643884e-05,1.460842690234352283e-05,1.750337798556301017e-05,9.999924711058717497e-01
1.671058919180155172e-02,-2.476844147078748060e-01,-2.476908345574318215e-01,9.999904893447286724e-01,-2.476751131603936451e-01,1.999990489335091715e+00,-2.476758026772517274e-01,2.477403117492485707e-01,1.103520496495649971e-05,8.185180486915979463e-06,1.012596745929465304e-05,9.999952446675458573e-01
1.672133358764024691e-02,-2.476844146817844816e-01,-2.476866612439758697e-01,9.999900030143976659e-01,-2.476855833465745615e-01,1.999990003004267880e+00,-2.476858214941651537e-01,2.477373502127256100e-01,6.238955746147739788e-07,5.098586598903391625e-06,5.748649136461984314e-06,9.999950015021339400e-01
1.673099670412297318e-02,-2.476844146581513029e-01,-2.476852124744748640e-01,9.999876371199371006e-01,-2.476770367489198044e-01,1.999987637107410343e+00,-2.476766342292291700e-01,2.477349981937539691e-01,1.106631836454068183e-05,1.318703325017731643e-05,1.334261363709400390e-05,9.999938185537050606e-01
1.674103542689581170e-02,-2.476844146334907237e-01,-2.476896589847793761e-01,9.999889753734042541e-01,-2.476919356841146280e-01,1.999988975362233301e+00,-2.476924970780778057e-01,2.477392798633912263e-01,4.093666526521573448e-06,8.810089959750971194e-06,7.909299333629640075e-06,9.999944876811166505e-01
1.675210081187154462e-02,-2.476844146062258667e-01,-2.476874333754970070e-01,9.999910996435226185e-01,-2.476870244043898883e-01,1.999991099634504055e+00,-2.476868135398871684e-01,2.477378819264935417e-01,-4.253233668430148683e-06,-6.858596379468955727e-07,4.324519126257243887e-06,9.999955498172520274e-01
1.676343228069298100e-02,-2.476844145782506335e-01,-2.476820079747755476e-01,9.999888447943047209e-01,-2.476783372122576543e-01,1.999988844783001429e+00,-2.476785718852173301e-01,2.477323546368361551e-01,2.831297661487295289e-06,5.345563240342085867e-06,6.286209623044640246e-06,9.999944223915007147e-01
1.677003540999999140e-02,-2.476793132946747411e-01,-2.476876164770316635e-01,9.999887068937450829e-01,-2.476809765114251216e-01,1.999988706882302125e+00,-2.476814040724354404e-01,2.477370847197512271e-01,1.092956355101663992e-05,1.066386373913576112e-05,1.199070835731293797e-05,9.999943534411510626e-01
1.678001065697824062e-02,-2.476793250160519433e-01,-2.476790393665827816e-01,9.999928142939754627e-01,-2.476631620686950142e-01,1.999992814286694287e+00,-2.476619564307316335e-01,2.477306291117734871e-01,8.709470779629758185e-06,7.603617607216975487e-06,8.132709930239277803e-06,9.999964071433471435e-01
1.679003355078710277e-02,-2.476793367934171652e-01,-2.476812445659807016e-01,9.999935223212180757e-01,-2.476694906224075066e-01,1.999993522314654326e+00,-2.476699164540066278e-01,2.477310715698135823e-01,1.146508060942624985e-05,1.498836028646219335e-05,1.597142161331668406e-05,9.999967611573271631e-01
1.679725262657661908e-02,-2.476793452761644199e-01,-2.476821842543057151e-01,9.999947962937846269e-01,-2.476764979073905748e-01,1.999994796288511845e+00,-2.476783422238212629e-01,2.477318251986414810e-01,4.384845828167821519e-06,7.064773886093477741e-06,5.452904268247651835e-06,9.999973981442559223e-01
1.680847433921026784e-02,-2.476793584621976574e-01,-2.476834945736970384e-01,9.999969685545609943e-01,-2.476910157676772417e-01,1.999996968551489118e+00,-2.476915533039237005e-01,2.477331542331009939e-01,-8.975023155734397759e-06,-2.989377230803562272e-06,9.521344819354267145e-06,9.999984842757445591e-01
1.681545609139731973e-02,-2.476793666660785931e-01,-2.476848471276471009e-01,9.999959211570871309e-01,-2.476885245873624575e-01,1.999995921152954326e+00,-2.476871016440697071e-01,2.477346173640328497e-01,-3.315398058879624656e-06,5.636407940711825892e-07,1.531606277510300593e-06,9.999979605764771629e-01
1.682410614083562281e-02,-2.476793768302865129e-01,-2.476890243578911688e-01,9.999947182130382028e-01,-2.476800550670321677e-01,1.999994718207686484e+00,-2.476807406962477087e-01,2.477394750386857358e-01,7.072225880872447843e-06,5.012980333301052268e-06,6.966640585623902952e-06,9.999973591038431309e-01
1.683611872015274014e-02,-2.476793909456250220e-01,-2.476888147602080703e-01,9.999929095114058475e-01,-2.476818892062266353e-01,1.999992909504221039e+00,-2.476802572571773775e-01,2.477416751111879145e-01,7.997529223485728397e-06,5.533484517610953955e-06,8.592457906470035399e-06,9.999964547521105196e-01
1.685000000000000039e-02,-2.476794072567723437e-01,-2.476715358562583125e-01,9.999869458403838340e-01,-2.476654259000136415e-01,1.999986945827156415e+00,-2.476646179367902045e-01,2.477277473303237387e-01,1.059923111560670725e-05,9.296327921809080153e-06,1.052439945079985819e-05,9.999934729135782074e-01
1.685957714441847430e-02,-2.476794185103614598e-01,-2.476821292489030935e-01,9.999891602301342886e-01,-2.476707135488571410e-01,1.999989160219150408e+00,-2.476721176998067098e-01,2.477330433514150498e-01,7.834336903861770720e-06,1.494058850376243305e-05,1.499357217527334629e-05,9.999945801095752040e-01
1.686506629250682579e-02,-2.476794249603644915e-01,-2.476800054199077006e-01,9.999948949668676645e-01,-2.476708143264036432e-01,1.999994894961694802e+00,-2.476700383463085742e-01,2.477309657748712757e-01,6.644325456603041798e-06,8.110461376565601349e-06,6.376248941844786206e-06,9.999974474808474012e-01
1.687248373616920608e-02,-2.476794336762056792e-01,-2.476747648013988001e-01,1.000001212461717692e+00,-2.476675001470088067e-01,2.000001212462946043e+00,-2.476680669110831179e-01,2.477268942631685733e-01,4.325124705749525520e-06,-9.923085072352295796e-07,4.787059266871112105e-06,1.000000606231473022e+00
1.688151514173079695e-02,-2.476794442885273118e-01,-2.476774853339149818e-01,9.999987519667395963e-01,-2.476651961153588377e-01,1.999998751965474941e+00,-2.476645127625175802e-01,2.477269515527656951e-01,1.636225640394153594e-05,7.926012462580656864e-06,1.649147475514581206e-05,9.999993759827374706e-01
1.689153098452638585e-02,-2.476794560576052739e-01,-2.476737893481468777e-01,9.999994762885833222e-01,-2.476726168544276241e-01,1.999999476288052858e+00,-2.476732184961011607e-01,2.477240665258315377e-01,3.832324557350563817e-06,2.888225760248174718e-06,2.648908445055780287e-06,9.999997381440263178e-01
1.690166789061465710e-02,-2.476794679689403866e-01,-2.476774342521021466e-01,1.000000814998073251e+00,-2.476754265968907354e-01,2.000000814998898591e+00,-2.476762788532214099e-01,2.477269004607484393e-01,-3.028166604537863439e-06,4.819424914081061613e-07,2.877268868311946675e-06,1.000000407499449517e+00
1.691069100306120954e-02,-2.476794785715162317e-01,-2.476736380894596079e-01,1.000001788100122191e+00,-2.476756848763472241e-01,2.000001788101933631e+00,-2.476748487243225216e-01,2.477243152997422038e-01,2.697960471600712075e-06,9.406424377678866488e-06,9.325264819668697641e-06,1.000000894050967037e+00
1.692000388362035340e-02,-2.476794895145823794e-01,-2.476826608304891486e-01,1.000001463653105382e+00,-2.476803495690094725e-01,2.000001463654588196e+00,-2.476812757622731953e-01,2.477332419353527881e-01,-3.662401889706750152e-06,1.224891929121664598e-06,4.468491033630266682e-06,1.000000731827294098e+00
1.692465561442661401e-02,-2.476794949805795065e-01,-2.476817378109885393e-01,1.000001109591997173e+00,-2.476818252924084529e-01,2.000001109593121829e+00,-2.476808692838838588e-01,2.477316941993052413e-01,9.050213900782799262e-07,3.866796405506636199e-06,4.730114455363865299e-06,1.000000554796560914e+00
1.693245311141431189e-02,-2.476795041430005229e-01,-2.476788147573107390e-01,1.000001492463024722e+00,-2.476737667071297611e-01,2.000001492464536845e+00,-2.476741372335783120e-01,2.477289545833777085e-01,1.015813008683254812e-05,7.714569929583588211e-06,8.946735782777465946e-06,1.000000746232268423e+00
1.694057888949263013e-02,-2.476795136911662809e-01,-2.476809149988233594e-01,9.999982359913149876e-01,-2.476854594617638738e-01,1.999998235989527418e+00,-2.476870075996549514e-01,2.477307645240635903e-01,-1.541214570425172505e-06,4.672675519173630730e-06,4.099906118774427695e-06,9.999991179947637088e-01
1.695022096879919213e-02,-2.476795250210566124e-01,-2.476844604295831420e-01,9.999967548542841866e-01,-2.476966321401739557e-01,1.999996754850996039e+00,-2.476977861121245073e-01,2.477342989058415046e-01,-4.276233513471675109e-06,-7.865634466964157280e-06,9.050596301788011938e-06,9.999983774254980196e-01
1.695615654266226235e-02,-2.476795319956304475e-01,-2.476847854181662700e-01,9.999973746135618624e-01,-2.476985497087253463e-01,1.999997374610901657e+00,-2.476982805911546182e-01,2.477343280489581745e-01,-1.114964733216800486e-05,-4.862089876576136263e-06,1.190609739833625886e-05,9.999986873054508285e-01
1.696360475130533757e-02,-2.476795407476201638e-01,-2.476838582220614038e-01,9.999962680814359350e-01,-2.476935577698473889e-01,1.999996268077654404e+00,-2.476916509588658055e-01,2.477337549059608901e-01,-8.054838854932029382e-06,3.990014469636341751e-06,5.683511196977864220e-06,9.999981340388272022e-01
1.697222223731316773e-02,-2.476795508735671891e-01,-2.476824477709110295e-01,9.999937913600256412e-01,-2.476741106341785736e-01,1.999993791353734673e+00,-2.476730052251439884e-01,2.477327590534547375e-01,1.176289472583889962e-05,1.390799011476366119e-05,1.303107604660236767e-05,9.999968956768672257e-01
1.698062373288193594e-02,-2.476795607457134007e-01,-2.476896257102582932e-01,9.999927967381361249e-01,-2.476796051976038748e-01,1.999992796730837297e+00,-2.476804583577221774e-01,2.477390943543565094e-01,9.446462345987818494e-06,3.709996132850465548e-06,8.718732119218239942e-06,9.999963983654186483e-01
1.699002193317810869e-02,-2.476795717890346027e-01,-2.476786933891140241e-01,9.999939121415027943e-01,-2.476649350341034450e-01,1.999993912135334062e+00,-2.476627471183590057e-01,2.477341237171178934e-01,1.148087205108512003e-05,8.433290626350043023e-06,1.190354507222409406e-05,9.999969560676670310e-01
1.700056200609750129e-02,-2.476795841741094573e-01,-2.476828378756476268e-01,9.999914784465823159e-01,-2.476710211269498030e-01,1.999991478437947556e+00,-2.476711130585173282e-01,2.477325741420046412e-01,1.430850505008182825e-05,1.923287880279160320e-05,1.962054502854465731e-05,9.999957392189737782e-01
1.701033253304524290e-02,-2.476795956549314170e-01,-2.476804618744280206e-01,9.999940409919678697e-01,-2.476681982913876146e-01,1.999994040985929589e+00,-2.476689414631423614e-01,2.477306590484304738e-01,7.478904180483520291e-06,8.674990980892701418e-06,7.288418774564472164e-06,9.999970204929647943e-01
1.702081868478894783e-02,-2.476796079766465097e-01,-2.476888921151641498e-01,9.999961464539087741e-01,-2.476915203642973129e-01,1.999996146450004009e+00,-2.476926362337996124e-01,2.477383822958453830e-01,-1.961061950432276480e-06,2.908153246716873603e-06,2.693026599411208575e-06,9.999980732250020043e-01
1.703043427485325875e-02,-2.476796192754111003e-01,-2.476817776028833185e-01,9.999954340613215198e-01,-2.476796523835659847e-01,1.999995434056694998e+00,-2.476778995150175355e-01,2.477343916922765954e-01,6.005900178531714739e-06,-7.736442325382135327e-08,6.283271177633537865e-06,9.999977170283474992e-01
1.704001818533155618e-02,-2.476796305369502182e-01,-2.476731962131435982e-01,9.999923690396681497e-01,-2.476591365218800134e-01,1.999992369031935890e+00,-2.476566194408813537e-01,2.477271021568039633e-01,1.177841398006947963e-05,1.302755147911456742e-05,1.463694035052235213e-05,9.999961845159679452e-01
1.704952568729641710e-02,-2.476796417087057944e-01,-2.476794587463437836e-01,9.999925968461506054e-01,-2.476658914378487009e-01,1.999992596838649161e+00,-2.476678917454701034e-01,2.477298328295391983e-01,1.394159277906016456e-05,8.211363240662595246e-06,1.342327238244172923e-05,9.999962984193245807e-01
1.706000000000000225e-02,-2.476796540165085991e-01,-2.476846600428747325e-01,9.999998254106711171e-01,-2.476796676738391989e-01,1.999999825410494259e+00,-2.476807830121023069e-01,2.477346376211892742e-01,2.520900684504714555e-06,3.958735157907127657e-06,3.754813007620908072e-06,9.999999127052471293e-01
1.707005815367779872e-02,-2.476796658353058178e-01,-2.476802964121285477e-01,9.999998498389216506e-01,-2.476815561209872452e-01,1.999999849838769439e+00,-2.476808533418058955e-01,2.477314918951838141e-01,6.764141604257646988e-06,4.776224134635659889e-06,7.777598095454723974e-06,9.999999249193847195e-01
1.708153773130891007e-02,-2.476796793243410677e-01,-2.476798020052863869e-01,9.999944677896341894e-01,-2.476687777416948233e-01,1.999994467784028673e+00,-2.476689576748115629e-01,2.477301084274012577e-01,9.310190385827163656e-06,6.842903752073444753e-06,9.254891777411377888e-06,9.999972338920143367e-01
1.709610907496401933e-02,-2.476796964463470196e-01,-2.476836620398819577e-01,9.999968002963962599e-01,-2.476798432942843298e-01,1.999996800293153854e+00,-2.476794867100202413e-01,2.477356913946343053e-01,4.122782975640364017e-06,6.299114908467101234e-06,6.614148220157258362e-06,9.999984001465770378e-01
1.710354049833731974e-02,-2.476797051786136517e-01,-2.476794606734709636e-01,9.999964620143079186e-01,-2.476757048328233901e-01,1.999996462010722897e+00,-2.476752507007517201e-01,2.477307897438534023e-01,5.756719610013065552e-06,6.350289383872149301e-06,6.466945940010837858e-06,9.999982310053614487e-01
1.711193639798687383e-02,-2.476797150441860940e-01,-2.476829455133888747e-01,9.999926509714138767e-01,-2.476725109892302656e-01,1.999992650963967167e+00,-2.476723942205023010e-01,2.477332748002799012e-01,1.149990611067496597e-05,4.036075433602864183e-06,1.169464101533861332e-05,9.999963254819835834e-01
1.712107872710362175e-02,-2.476797257868476876e-01,-2.476898343776399170e-01,9.999945378173270560e-01,-2.476737019741654389e-01,1.999994537811792261e+00,-2.476743958747893992e-01,2.477393030634229554e-01,1.243258505731236594e-05,9.380767708927086244e-06,1.168379211581956974e-05,9.999972689058961306e-01
1.713001934974982612e-02,-2.476797362924931523e-01,-2.476778752991096455e-01,9.999959451361227769e-01,-2.476828243305731203e-01,1.999995945132014175e+00,-2.476837697789633363e-01,2.477341883343231466e-01,-3.810743768129509378e-06,-3.409867034656682847e-06,5.531201735688533308e-06,9.999979725660070873e-01
1.713395483834884159e-02,-2.476797409168734199e-01,-2.476781166017607283e-01,9.999944897985408865e-01,-2.476832339954146700e-01,1.999994489792957353e+00,-2.476824380640620382e-01,2.477299217483025784e-01,-2.986163127400777517e-06,7.162617696706199602e-07,2.509787582237090180e-06,9.999972448964786764e-01
1.714183207243255916e-02,-2.476797501729884332e-01,-2.476814321894982018e-01,9.999909463123090037e-01,-2.476728466179172194e-01,1.999990946303135120e+00,-2.476720786985535938e-01,2.477308991968007190e-01,9.872335793963113774e-06,1.333516435592040909e-05,1.318179234396467864e-05,9.999954731515675599e-01
1.715003379726564789e-02,-2.476797598103947784e-01,-2.476784618344069211e-01,9.999941748460302593e-01,-2.476795586473836686e-01,1.999994174840127759e+00,-2.476811600545630043e-01,2.477290200525072983e-01,-7.295925359273847106e-07,5.084546506636725800e-06,3.672238083567273999e-06,9.999970874200638793e-01
1.715832394786215992e-02,-2.476797695517052589e-01,-2.476761692143117921e-01,9.999974185230318113e-01,-2.476677654035923104e-01,1.999997418520415904e+00,-2.476647246972326910e-01,2.477263427898816761e-01,4.657843111271808538e-06,3.329823953062836968e-06,6.120752105327064963e-06,9.999987092602079519e-01
1.716490822020952378e-02,-2.476797772885294957e-01,-2.476812610939305159e-01,9.999970671452533821e-01,-2.476672603931162342e-01,1.999997067142281537e+00,-2.476695943582747639e-01,2.477322641974973594e-01,5.659468866973335846e-06,1.871516125052604920e-06,4.637059318476317179e-06,9.999985335711407686e-01
1.717344914901443656e-02,-2.476797873245162873e-01,-2.476872185743799193e-01,9.999985472531575104e-01,-2.476866335243528561e-01,1.999998547251685688e+00,-2.476867852178187834e-01,2.477375774529031183e-01,-3.149640989688305980e-06,-9.259201509330410271e-07,3.468517426692519122e-06,9.999992736258427328e-01
1.718131037855246540e-02,-2.476797965618261488e-01,-2.476786188500833263e-01,9.999995375039220091e-01,-2.476783181928685629e-01,1.999999537503453384e+00,-2.476764764664020069e-01,2.477330865801809223e-01,-2.591456034836906727e-06,5.315077552919532230e-06,5.631767693858459878e-06,9.999997687517266920e-01
1.719109328894841832e-02,-2.476798080571998295e-01,-2.476799347473445656e-01,9.999936932444331017e-01,-2.476574565003870909e-01,1.999993693238042658e+00,-2.476555634204256895e-01,2.477294618571746210e-01,1.551364099183863985e-05,1.049164818112851335e-05,1.634890851132799014e-05,9.999968466190213290e-01
1.720122431399673246e-02,-2.476798199616230822e-01,-2.476794097784415505e-01,9.999946047055737752e-01,-2.476621285723879240e-01,1.999994604700106704e+00,-2.476626474398070654e-01,2.477294647487387758e-01,1.394078635168798529e-05,1.275875168244426072e-05,1.369708604217769024e-05,9.999973023500533520e-01
1.721059141948387897e-02,-2.476798309684059562e-01,-2.476863425879617109e-01,9.999975519848636196e-01,-2.476740518000712654e-01,1.999997551982382937e+00,-2.476759504726037397e-01,2.477363293705145131e-01,8.665210112505023811e-06,-4.433536649330632906e-07,7.550479549223030759e-06,9.999987759911914686e-01
1.722041657783529925e-02,-2.476798425134219273e-01,-2.476871499308469782e-01,9.999974382958773944e-01,-2.476918928702188383e-01,1.999997438293281693e+00,-2.476937833962487845e-01,2.477367161120340722e-01,-1.661570414508241726e-06,-2.819920406823574547e-08,2.040645437760649103e-06,9.999987191466408465e-01
1.723117077629458122e-02,-2.476798551501024626e-01,-2.476872082149357557e-01,9.999935303367896156e-01,-2.476805551549952356e-01,1.999993530330234082e+00,-2.476794765354691508e-01,2.477367194263386807e-01,6.458550805225795732e-06,4.137802125900704753e-06,7.213679598879255738e-06,9.999967651651169298e-01
1.724298313339211325e-02,-2.476798690301702799e-01,-2.476847926891690976e-01,9.999903094334877673e-01,-2.476740962400269808e-01,1.999990309423668622e+00,-2.476734937596503372e-01,2.477357344846298493e-01,1.016487270286488687e-05,7.334926178007584918e-06,1.031669359874859979e-05,9.999951547118341999e-01
1.725411553347214536e-02,-2.476798821112566329e-01,-2.476765472580337579e-01,9.999901010866772966e-01,-2.476658637997356249e-01,1.999990101076646987e+00,-2.476648484010224860e-01,2.477284163563288066e-01,1.413465188333768706e-05,1.255281022769335433e-05,1.461778451982838922e-05,9.999950505383234933e-01
1.726804973650064579e-02,-2.476798984845915430e-01,-2.476833039465389519e-01,9.999943056301754396e-01,-2.476753253537756772e-01,1.999994305624405611e+00,-2.476776879125037467e-01,2.477338902470605508e-01,9.884361075862610000e-06,8.680810322652756549e-06,8.790421905628183235e-06,9.999971528122026942e-01
1.727519835777377097e-02,-2.476799068845509932e-01,-2.476842825855194163e-01,9.999987069556622865e-01,-2.476885226888252411e-01,1.999998706954351890e+00,-2.476908159615191229e-01,2.477343428281949811e-01,-2.908445807098687608e-06,6.457654269198792326e-07,5.327345809493877230e-06,9.999993534771759451e-01
1.728245617720247998e-02,-2.476799154128257463e-01,-2.476808450589002009e-01,9.999996900076577599e-01,-2.476967006331486088e-01,1.999999690007343567e+00,-2.476960571667918831e-01,2.477317992442205907e-01,-1.283073447075397169e-05,-5.423934381434419436e-06,1.076015975241131202e-05,9.999998450036717834e-01
1.729072053528972128e-02,-2.476799251238294974e-01,-2.476778682802734666e-01,9.999955951127899034e-01,-2.476704159303520225e-01,1.999995595108326585e+00,-2.476665495523009963e-01,2.477283614919963128e-01,1.259698079839276480e-05,5.252370414139056904e-06,1.502411220705199998e-05,9.999977975541632924e-01
1.730031359710508185e-02,-2.476799363961212641e-01,-2.476790754850778653e-01,9.999942219580912894e-01,-2.476610480154204652e-01,1.999994221952236417e+00,-2.476604680920447277e-01,2.477287941521979786e-01,1.845049192550359161e-05,5.572467402471910564e-06,1.788786114391021530e-05,9.999971109761182086e-01
1.731004223262836220e-02,-2.476799478277184052e-01,-2.476815879190515102e-01,9.999974879681734485e-01,-2.476811511142701927e-01,1.999997487965628151e+00,-2.476840849400047950e-01,2.477313519179595025e-01,-3.381839630354009308e-06,-2.208767002819919292e-06,5.810929475440397003e-06,9.999987439828140756e-01
1.731761747712291452e-02,-2.476799567289802995e-01,-2.476773225279526314e-01,9.999985784752022377e-01,-2.476865790262690326e-01,1.999998578473761723e+00,-2.476866804524077981e-01,2.477288855826471348e-01,-6.408972229119228273e-06,2.216737323203222116e-06,6.170022709340654956e-06,9.999992892368808617e-01
1.732399790986213772e-02,-2.476799642262841883e-01,-2.476771179818024748e-01,9.999979352100091257e-01,-2.476824955984030519e-01,1.999997935207916910e+00,-2.476823622704245331e-01,2.477273223940459901e-01,-4.435120005771141909e-06,2.844300090265405632e-06,4.520835281087722500e-06,9.999989676039584552e-01
1.733192810676706039e-02,-2.476799735446340023e-01,-2.476817951145272589e-01,9.999969733968425700e-01,-2.476829849820530449e-01,1.999996973393775690e+00,-2.476830722998505374e-01,2.477313870657751882e-01,-4.720233732651315080e-06,-1.369392090530260909e-06,3.537845465080282946e-06,9.999984866968878450e-01
1.734067675970677597e-02,-2.476799838247063790e-01,-2.476813025535517521e-01,9.999989634793507998e-01,-2.476717552583488913e-01,1.999998963478300640e+00,-2.476699538428456526e-01,2.477308881338838031e-01,1.102760622188954098e-05,8.830548116063128558e-06,1.156080184299939896e-05,9.999994817391502089e-01
1.734931056324990825e-02,-2.476799939698244579e-01,-2.476747713585718547e-01,9.999984965903353507e-01,-2.476743489820368849e-01,1.999998496588812014e+00,-2.476749042602058026e-01,2.477274793888997462e-01,-1.776686406502314356e-06,6.430489500416018662e-06,6.342378673890293113e-06,9.999992482944060068e-01
1.735780740412113526e-02,-2.476800039540063003e-01,-2.476770088695399163e-01,9.999962539360610636e-01,-2.476878580831253507e-01,1.999996253932265322e+00,-2.476904036057815672e-01,2.477270711044234353e-01,-9.101361912347234929e-06,-1.355029047855788054e-06,1.004685026684382196e-05,9.999981269661326611e-01
1.736439982298079374e-02,-2.476800117004022417e-01,-2.476771927702018927e-01,9.999972179950029627e-01,-2.476907825771260951e-01,1.999997217992184106e+00,-2.476892887044174485e-01,2.477270980100748921e-01,-9.765169071958058899e-06,-6.072165690193068368e-06,8.814734440048239438e-06,9.999986089960920532e-01
1.737193268565063314e-02,-2.476800205518664144e-01,-2.476750349655751637e-01,1.000000480198303121e+00,-2.476779861933093296e-01,2.000000480198789177e+00,-2.476782435606325328e-01,2.477250259661111231e-01,-5.030860692074651244e-06,-7.849565389284698686e-06,7.511082117713287502e-06,1.000000240099394810e+00
1.738154038092549689e-02,-2.476800318413543145e-01,-2.476797100625845738e-01,1.000000621660947386e+00,-2.476857197023171753e-01,2.000000621661577327e+00,-2.476844713956718458e-01,2.477291767258628652e-01,-5.944262452783916869e-06,-1.205467895389771999e-06,4.771688414670126826e-06,1.000000310830788663e+00
1.739210197269872027e-02,-2.476800442517146650e-01,-2.476748300397097480e-01,1.000000960242911408e+00,-2.476636362361270272e-01,2.000000960243884407e+00,-2.476641181032731565e-01,2.477254297594586874e-01,3.379393117184771461e-06,-1.332696451084385134e-06,3.077704400910804004e-06,1.000000480121942203e+00
1.740202218404815135e-02,-2.476800559084229025e-01,-2.476852191524787916e-01,9.999995079071012372e-01,-2.476842556932755957e-01,1.999999507906602636e+00,-2.476847813259702713e-01,2.477346869162918575e-01,5.784948052384194992e-07,-1.094976197846177282e-06,8.657675557449386642e-07,9.999997539533013180e-01
1.741235615916678775e-02,-2.476800680513216724e-01,-2.476786257057572438e-01,1.000000501056651503e+00,-2.476756163140405587e-01,2.000000501057159763e+00,-2.476748459930132873e-01,2.477302846269141545e-01,4.099529899437235470e-06,5.079195323594974241e-06,5.186235661371148742e-06,1.000000250528579659e+00
1.742267065114915664e-02,-2.476800801713277822e-01,-2.476792365202386548e-01,9.999957523367194456e-01,-2.476722073096676302e-01,1.999995752332415444e+00,-2.476729878739434287e-01,2.477295546721828834e-01,5.298379202469804817e-06,8.659293931907648687e-06,8.448513822013826159e-06,9.999978761662077220e-01
1.743601324786483997e-02,-2.476800958494979610e-01,-2.476836073499235902e-01,9.999976486821613442e-01,-2.476853669245700218e-01,1.999997648679778584e+00,-2.476848467890916394e-01,2.477339401860291779e-01,-4.685900853551032965e-07,8.846285884073585931e-07,5.487816576680625055e-07,9.999988243398892918e-01
1.745000000000000023e-02,-2.476801122845813108e-01,-2.476744709489059337e-01,9.999952248751302619e-01,-2.476824736473507427e-01,1.999995224870291910e+00,-2.476825035828819632e-01,2.477271089280351501e-01,-2.023500537071807982e-06,3.909733649109520942e-06,4.548926410405752139e-06,9.999976124351458440e-01
1.746004581689746329e-02,-2.476801240888814315e-01,-2.476834615600767009e-01,9.999944825699341733e-01,-2.476757734728484428e-01,1.999994482564343645e+00,-2.476753225866246688e-01,2.477340121858124244e-01,4.520273192573549622e-06,6.317026339378144070e-06,6.133284006665671341e-06,9.999972412821718226e-01
1.747387580392293152e-02,-2.476801403397579371e-01,-2.476816348187098338e-01,9.999999001417287925e-01,-2.476706267428666064e-01,1.999999900141627762e+00,-2.476713933319546479e-01,2.477312847908685611e-01,7.953538771474237114e-06,7.509485189121630130e-07,8.117235137608515093e-06,9.999999500708138811e-01
1.748393819595150944e-02,-2.476801521635355607e-01,-2.476821966021742760e-01,9.999957026427216400e-01,-2.476749699399292404e-01,1.999995702638367234e+00,-2.476748137609304790e-01,2.477320249851214518e-01,1.132351781081414107e-05,4.924789860013551585e-06,1.136576630107515314e-05,9.999978513191836171e-01
1.749433033028184592e-02,-2.476801643747749138e-01,-2.476820941768003714e-01,9.999950510265257497e-01,-2.476716213163541458e-01,1.999995051021511205e+00,-2.476704154338633390e-01,2.477325257394122071e-01,1.067627413938744225e-05,8.605349142066323709e-06,1.051047939210081406e-05,9.999975255107554917e-01
1.750719285644338624e-02,-2.476801794888396357e-01,-2.476754271243500893e-01,9.999949180901247514e-01,-2.476620915318702987e-01,1.999994918084975204e+00,-2.476610934483092497e-01,2.477261892635268525e-01,9.701474408732200386e-06,7.077115396424189780e-06,9.951308813436519712e-06,9.999974590424877130e-01
1.752002011549863222e-02,-2.476801945614629241e-01,-2.476853647677848269e-01,9.999966792297941831e-01,-2.476792020332612143e-01,1.999996679226428986e+00,-2.476823692877795913e-01,2.477361107697221010e-01,2.667585332299655938e-06,3.371431243468533274e-06,2.582332208610179432e-06,9.999983396132146041e-01
1.753038867617870769e-02,-2.476802067450017963e-01,-2.476753711533041524e-01,1.000000592318646575e+00,-2.476724872638072228e-01,2.000000592319246540e+00,-2.476708944656063338e-01,2.477302186864212830e-01,9.210536727299914547e-07,-2.240039822372551324e-07,8.039830413337962524e-07,1.000000296159623492e+00
1.754040783586626601e-02,-2.476802185179784732e-01,-2.476681228384418898e-01,9.999967513294321098e-01,-2.476593546640392385e-01,1.999996751326140298e+00,-2.476581308257123359e-01,2.477208135632307795e-01,-7.330008465613446003e-08,4.732503485347074127e-06,5.326971317201491371e-06,9.999983756630701492e-01
1.755002558881836247e-02,-2.476802298192831986e-01,-2.476748393056206476e-01,9.999978447987761809e-01,-2.476751096503990446e-01,1.999997844796592483e+00,-2.476779128603311397e-01,2.477251626130223816e-01,2.157199444100551667e-06,2.136883307355722431e-06,1.712776501394199315e-06,9.999989223982962416e-01
1.756000860698951269e-02,-2.476802415497917631e-01,-2.476779026216553437e-01,1.000005324152265285e+00,-2.476847598526444316e-01,2.000005324157660080e+00,-2.476855285430921705e-01,2.477277000438363741e-01,-1.263798405313823368e-05,-7.488781731779725268e-06,1.410451869803906355e-05,1.000002662078830040e+00
1.757000299999999723e-02,-2.476802532936656087e-01,-2.476894163594697829e-01,1.000004955027274489e+00,-2.476894701611513649e-01,2.000004955032295140e+00,-2.476893192274473299e-01,2.477401978153850881e-01,-5.297616731911576566e-06,-7.926374488014925387e-06,7.478907809349333684e-06,1.000002477516147570e+00
1.757620642567527675e-02,-2.476786744760960390e-01,-2.476829874136908527e-01,1.000001946509997408e+00,-2.476825320074377279e-01,2.000001946511969386e+00,-2.476809055327072462e-01,2.477363458791723427e-01,-2.549346655851055332e-06,-2.967661462039884395e-06,2.226254665884003766e-06,1.000000973255984915e+00
1.758435968334453106e-02,-2.476771516239165694e-01,-2.476765760679483785e-01,9.999974896426121473e-01,-2.476692978796424249e-01,1.999997489640068293e+00,-2.476678593356761160e-01,2.477290779763045570e-01,4.371549483768106864e-06,1.211927375923473310e-06,5.822912468110374845e-06,9.999987448200341467e-01
1.759302867954973607e-02,-2.476760276637083036e-01,-2.476752119806380492e-01,9.999921152552788683e-01,-2.476582582773647900e-01,1.999992115247289703e+00,-2.476573807716256903e-01,2.477260063675306156e-01,1.392051579456564042e-05,4.912078245685394195e-06,1.398601747524188675e-05,9.999960576236447407e-01
1.760218149108534746e-02,-2.476752216015004338e-01,-2.476678917444459227e-01,9.999963819902841777e-01,-2.476549241730262585e-01,1.999996381986618221e+00,-2.476560788417614956e-01,2.477203300648841144e-01,1.020708407767489363e-05,7.398008793834203963e-06,9.538695120279810474e-06,9.999981909933089996e-01
1.761258887699785822e-02,-2.476746213614459124e-01,-2.476765211886500784e-01,1.000001054664803268e+00,-2.476740607865320631e-01,2.000001054665871969e+00,-2.476747553803847757e-01,2.477262188758524997e-01,3.088715083602740113e-06,-1.211463930724616131e-06,3.002948286270250212e-06,1.000000527332935985e+00
1.762296469888517680e-02,-2.476742404964404065e-01,-2.476770230965611441e-01,1.000006291063841424e+00,-2.476786553888281617e-01,2.000006291070216324e+00,-2.476797380601514220e-01,2.477265936134243618e-01,4.145572201886113162e-07,-5.365811247819829823e-06,5.817187292405969375e-06,1.000003145535107940e+00
1.763319505108796800e-02,-2.476740006111513848e-01,-2.476753848045396555e-01,1.000003285428914257e+00,-2.476834320616394247e-01,2.000003285432243594e+00,-2.476822472716150303e-01,2.477249438459382114e-01,-2.745827298427514214e-06,-2.481314037005934586e-06,1.984568458857670576e-06,1.000001642716121797e+00
1.764285182243530495e-02,-2.476738537797310569e-01,-2.476766975797908554e-01,1.000000532567477229e+00,-2.476711430603497632e-01,2.000000532568016798e+00,-2.476710435534244525e-01,2.477269606469389429e-01,2.837518399390416837e-06,5.878775904142143340e-06,5.743768298685317365e-06,1.000000266284008399e+00
1.765150567659463932e-02,-2.476737655275530192e-01,-2.476829650567649865e-01,1.000001086604435985e+00,-2.476775941196114050e-01,2.000001086605537548e+00,-2.476789313145058569e-01,2.477328553351993423e-01,-3.100861103970333699e-06,3.425545792891955076e-06,3.406831718742770185e-06,1.000000543302768552e+00
1.766078249872258393e-02,-2.476737013975403856e-01,-2.476848044270968663e-01,1.000001380369469617e+00,-2.476785032381965956e-01,2.000001380370867832e+00,-2.476771509527813386e-01,2.477343602127765332e-01,1.116077243561942079e-05,4.489270503228383577e-06,1.101655789777797748e-05,1.000000690185434138e+00
1.767000031288388021e-02,-2.476736587687289048e-01,-2.476702481397767830e-01,9.999978532367937989e-01,-2.476688996163364520e-01,1.999997853234618539e+00,-2.476679148307042722e-01,2.477284737179031027e-01,-6.436638543128918494e-06,1.035505006307739592e-06,8.422296508693381445e-06,9.999989266173092695e-01
1.767318753854602367e-02,-2.476736475776213642e-01,-2.476681353367659599e-01,9.999961556862880796e-01,-2.476685084166073136e-01,1.999996155682392640e+00,-2.476678797614493832e-01,2.477240727587190217e-01,-3.571466839586953293e-06,3.954187682349685034e-06,5.276806965853768331e-06,9.999980778411963200e-01
1.768179399051438005e-02,-2.476736240696693625e-01,-2.476669043551779914e-01,9.999944106302546265e-01,-2.476579729588866963e-01,1.999994410624591046e+00,-2.476568982556578424e-01,2.477168966162776875e-01,1.561030410992948043e-05,1.283015391026312093e-05,1.569510974813061849e-05,9.999972053122955229e-01
1.769517069612882437e-02,-2.476736012136565301e-01,-2.476718798803494159e-01,1.000006024859719123e+00,-2.476751880520224047e-01,2.000006024865824017e+00,-2.476772892804409709e-01,2.477213987320183441e-01,-2.232563266263902819e-06,9.835779642106711724e-07,3.821156081580573505e-06,1.000003012432912008e+00
1.771095787426176307e-02,-2.476735868070612245e-01,-2.476746402261706392e-01,1.000007410840436650e+00,-2.476885724889372475e-01,2.000007410847945533e+00,-2.476888833145351743e-01,2.477241881557560865e-01,-1.518232703916516278e-05,-3.352214424866868850e-06,1.443514530981182603e-05,1.000003705423972988e+00
1.772076763363585397e-02,-2.476735817263836514e-01,-2.476729903606940675e-01,1.000005508242066465e+00,-2.476840048948394379e-01,2.000005508247647779e+00,-2.476832441981877686e-01,2.477227973511251236e-01,-4.262720442374452202e-06,-4.474620184235133654e-06,4.133064333182971373e-06,1.000002754123823889e+00
1.773063315723047081e-02,-2.476735783863290574e-01,-2.476732347488155017e-01,1.000003980551758431e+00,-2.476761714300846073e-01,2.000003980555791649e+00,-2.476750805352124496e-01,2.477228050049868902e-01,1.802651094746258641e-06,3.684609904753815045e-06,3.656282588556084315e-06,1.000001990277895825e+00
1.774001509561307088e-02,-2.476735762896650761e-01,-2.476735687609301351e-01,1.000003562395828771e+00,-2.476761485923072437e-01,2.000003562399438550e+00,-2.476767266291429181e-01,2.477231323730156032e-01,-5.114161413712282486e-06,-6.965707084946097619e-06,8.316404497532846633e-06,1.000001781199719275e+00
1.774706157682304566e-02,-2.476735751859295287e-01,-2.476710903581962608e-01,1.000003994400797902e+00,-2.476838644181931226e-01,2.000003994404845109e+00,-2.476845701201361993e-01,2.477216746608044695e-01,-9.072564517977345683e-06,-6.044359508576293441e-06,9.249500198364643658e-06,1.000001997202422777e+00
1.775515436513568773e-02,-2.476735742670409246e-01,-2.476724866199402353e-01,1.000003962950619218e+00,-2.476795540231504500e-01,2.000003962954635117e+00,-2.476778059688464761e-01,2.477227421613581448e-01,-2.603768619406951627e-06,-3.473396034074765348e-06,3.245406973763338548e-06,1.000001981477317559e+00
1.776326028151281947e-02,-2.476735736138737376e-01,-2.476739251093426075e-01,1.000004275249116059e+00,-2.476696276672849251e-01,2.000004275253448149e+00,-2.476697807386517569e-01,2.477244642668041952e-01,5.456587114455431020e-06,-2.224900180068677738e-06,4.855736042277925094e-06,1.000002137626724075e+00
1.777259477529800555e-02,-2.476735730909449262e-01,-2.476654525752658431e-01,1.000005668137096793e+00,-2.476706989045124596e-01,2.000005668142840420e+00,-2.476698658525894048e-01,2.477185540799279606e-01,5.763233969311478177e-07,-2.979670387154392798e-06,3.049138728777133290e-06,1.000002834071420210e+00
1.778209129533415631e-02,-2.476735727296782152e-01,-2.476693596856001656e-01,1.000004031623256795e+00,-2.476625179930909415e-01,2.000004031627341750e+00,-2.476630756524521304e-01,2.477192688929170383e-01,5.678058778627958117e-06,-1.924620974010381048e-06,4.739146715004701268e-06,1.000002015813670875e+00
1.779138606023106597e-02,-2.476735724870166855e-01,-2.476725430584076904e-01,1.000007798017988669e+00,-2.476773328169534771e-01,2.000007798025889905e+00,-2.476782095513838655e-01,2.477221636378111602e-01,-7.980639250077586688e-06,-6.542438768471784067e-06,8.318180057798549851e-06,1.000003899012945174e+00
1.780173076841219670e-02,-2.476735723016295632e-01,-2.476730784402920438e-01,1.000009191206910009e+00,-2.476719124552018703e-01,2.000009191216223225e+00,-2.476730666003630621e-01,2.477230772863300012e-01,-4.541288839139692568e-06,-1.097617623169244171e-05,1.168277675186366299e-05,1.000004595608111613e+00
1.781167164555580440e-02,-2.476735721782951372e-01,-2.476771064473935469e-01,1.000006076713407355e+00,-2.476953829719532318e-01,2.000006076719564430e+00,-2.476961847664707894e-01,2.477267821025832817e-01,-1.397426144191708466e-05,-1.697413580382717532e-05,1.640315128414800188e-05,1.000003038359782437e+00
1.782131043128497988e-02,-2.476735720919200912e-01,-2.476671655580744424e-01,1.000004353002363455e+00,-2.476869205666094309e-01,2.000004353006774149e+00,-2.476853252263245819e-01,2.477214552762441180e-01,-1.437922660697577736e-05,-9.920140835560668161e-06,1.342105524274816491e-05,1.000002176503387075e+00
1.783152344655463892e-02,-2.476735720235742066e-01,-2.476727612491338160e-01,1.000002062826549132e+00,-2.476720721230858957e-01,2.000002062828639460e+00,-2.476710888737955751e-01,2.477228524115895059e-01,-2.820508726123976857e-06,-5.441906288742124831e-06,4.641528944278697887e-06,1.000001031414319730e+00
1.784190189772743088e-02,-2.476735719699026672e-01,-2.476773998593352621e-01,1.000006162556569045e+00,-2.476681145521258953e-01,2.000006162562813383e+00,-2.476687957633293413e-01,2.477268660611109952e-01,-4.659052409465220084e-07,-1.392905433318790750e-06,1.890700351498075343e-06,1.000003081281406692e+00
1.785539286116398158e-02,-2.476735719147259429e-01,-2.476731522722286083e-01,1.000004456424494093e+00,-2.476775610759113233e-01,2.000004456429009814e+00,-2.476782429304407174e-01,2.477229471281843787e-01,-2.476860439555248430e-06,-3.175203969786421389e-06,3.071112714968989890e-06,1.000002228214504685e+00
1.786379289297204687e-02,-2.476735718855747892e-01,-2.476747565153767094e-01,1.000001419362078314e+00,-2.476829482338404886e-01,2.000001419363516053e+00,-2.476842279119284562e-01,2.477250435154597918e-01,-5.530039479179403433e-06,-3.068626356402566847e-06,7.225473961034544111e-06,1.000000709681758249e+00
1.787301305395492049e-02,-2.476735718564859468e-01,-2.476804053061553157e-01,1.000002580724621337e+00,-2.476958938853885128e-01,2.000002580727236356e+00,-2.476952084549040312e-01,2.477300463352980764e-01,-1.653256251499190277e-05,-5.191088975702724446e-06,1.499823117725359716e-05,1.000001290363618178e+00
1.788162876416579672e-02,-2.476735718311862955e-01,-2.476806465663717316e-01,1.000003513584355463e+00,-2.476827019618665637e-01,2.000003513587915727e+00,-2.476822741053071042e-01,2.477302333243719401e-01,-2.093040008481785123e-06,-1.289559593279480606e-06,2.176486284281545331e-06,1.000001756793957863e+00
1.789103119912489881e-02,-2.476735718049739854e-01,-2.476769588572652059e-01,1.000000015586338220e+00,-2.476901576555584072e-01,2.000000015586353985e+00,-2.476898639328892204e-01,2.477275868277566129e-01,-8.495479430224890999e-06,-3.348825319904802359e-06,8.483093736966058310e-06,1.000000007793176993e+00
1.790167607613600206e-02,-2.476735717764648181e-01,-2.476764835486495731e-01,9.999970531603432633e-01,-2.476762335231118828e-01,1.999997053157357207e+00,-2.476760427671922948e-01,2.477264290828837257e-01,-3.003447521541826884e-06,-4.310854607339720743e-07,2.176188971004046203e-06,9.999985265786786037e-01
1.791211970858008415e-02,-2.476735717492697664e-01,-2.476802117523878577e-01,9.999990462448180573e-01,-2.476770056750331461e-01,1.999999046243851719e+00,-2.476769964395733048e-01,2.477298856775303759e-01,4.076708809849353343e-06,1.780825702094738960e-06,3.420988375432138228e-06,9.999995231219258596e-01
1.792130801786086247e-02,-2.476735717257521618e-01,-2.476739683148639626e-01,1.000000367257766642e+00,-2.476779914738648780e-01,2.000000367258139011e+00,-2.476782571667302535e-01,2.477259329608705873e-01,-2.404030801990664332e-06,1.165277758813739347e-06,1.689696967534838843e-06,1.000000183629069506e+00
1.793121770464942838e-02,-2.476735717006658954e-01,-2.476792546607828049e-01,9.999985802138513513e-01,-2.476767893302523615e-01,1.999998580212412724e+00,-2.476750087320054861e-01,2.477287212330867849e-01,1.017096177325012273e-05,2.648517654364726896e-06,1.093686168202223035e-05,9.999992901062063622e-01
1.794243462298145131e-02,-2.476735716724964564e-01,-2.476740894211933719e-01,1.000000733328899383e+00,-2.476526946112147798e-01,2.000000733329642344e+00,-2.476531710111403717e-01,2.477244529272066009e-01,1.323634294393214138e-05,5.128151820977730570e-06,1.237745405666366034e-05,1.000000366664821172e+00
1.795177541578581171e-02,-2.476735716491551553e-01,-2.476769043741753329e-01,1.000000092156443365e+00,-2.476632506190582228e-01,2.000000092156536624e+00,-2.476643365727572710e-01,2.477264390649021319e-01,5.758259661405498906e-06,3.114648469843650916e-06,5.018532733647573994e-06,1.000000046078268312e+00
1.796169469858247339e-02,-2.476735716244437002e-01,-2.476729129214131075e-01,1.000001312991493085e+00,-2.476760717326502437e-01,2.000001312992822911e+00,-2.476767043015439262e-01,2.477231467896387762e-01,-6.311650774545039877e-06,-8.413778953641654575e-06,8.503624360235927953e-06,1.000000656496411677e+00
1.797002106999999807e-02,-2.476732603351834150e-01,-2.476784095256716334e-01,1.000001600425771464e+00,-2.476734703718794783e-01,2.000001600427393278e+00,-2.476727860948960414e-01,2.477282896598936301e-01,-2.237351187979695272e-06,-5.497832191392156453e-06,4.976241447321163551e-06,1.000000800213696639e+00
1.797777276652834030e-02,-2.476681672421930658e-01,-2.476681972132401544e-01,1.000001994459403187e+00,-2.476693141976896717e-01,2.000001994461424015e+00,-2.476696430354190237e-01,2.477221658345411526e-01,-1.841873750263217989e-06,-4.605484749131568614e-06,4.675868996103272128e-06,1.000000997230712008e+00
1.799038389123806467e-02,-2.476681820608540863e-01,-2.476737604094116918e-01,1.000002499450746152e+00,-2.476804254372345082e-01,2.000002499453279015e+00,-2.476812164354702805e-01,2.477238745304014833e-01,-2.631659305647752156e-06,-8.159495232933037539e-07,2.453599287030815649e-06,1.000001249726639507e+00
1.800106029299222352e-02,-2.476681946061239092e-01,-2.476735075758954019e-01,1.000007332736520649e+00,-2.476817033128507484e-01,2.000007332743950705e+00,-2.476816715739168506e-01,2.477231782725199671e-01,-7.650960553591392099e-06,-7.269837240512962128e-06,8.440282971488025294e-06,1.000003666371975353e+00
1.801138545114809586e-02,-2.476682067386660469e-01,-2.476662921768280901e-01,1.000006039432349336e+00,-2.476764324802109007e-01,2.000006039438468441e+00,-2.476762010842394612e-01,2.477187154300682370e-01,-1.393414688160046022e-05,-1.438400131605699087e-05,1.347785390397828613e-05,1.000003019719234443e+00
1.802046168931582121e-02,-2.476682174036677342e-01,-2.476637859946505815e-01,1.000003953472584639e+00,-2.476681122882157804e-01,2.000003953476590546e+00,-2.476671063264138106e-01,2.477139275880118063e-01,-2.093325711556366098e-06,-3.355444649915763912e-06,2.774988839140675198e-06,1.000001976738295273e+00
1.803037619618551649e-02,-2.476682290536748599e-01,-2.476677356622966619e-01,1.000007656974877923e+00,-2.476751957410226190e-01,2.000007656982636384e+00,-2.476764467097417044e-01,2.477176447911573764e-01,-4.740811913615874171e-06,-7.178841933780731606e-06,7.739560969561060815e-06,1.000003828491318192e+00
1.804417315828441698e-02,-2.476682452657485434e-01,-2.476690416866515476e-01,1.000012153309328689e+00,-2.476802055863923380e-01,2.000012153321643282e+00,-2.476794255606942496e-01,2.477189321329771876e-01,-1.289398503444283248e-05,-1.071451893713275976e-05,1.342963617663545266e-05,1.000006076660821641e+00
1.805897863220295996e-02,-2.476682626628708972e-01,-2.476683312050208252e-01,1.000008597262091348e+00,-2.476774773173969768e-01,2.000008597270802380e+00,-2.476779188532616527e-01,2.477181006444530154e-01,-9.480496699709640922e-06,-1.087150135847991369e-05,1.087873465772651917e-05,1.000004298635401412e+00
1.807000099260882772e-02,-2.476682756146591780e-01,-2.476709144863898093e-01,1.000008964933392752e+00,-2.476788536143620378e-01,2.000008964942476375e+00,-2.476791277707211247e-01,2.477206810327938769e-01,-1.327621661414421198e-05,-8.928884197336638346e-06,1.395053631729493011e-05,1.000004482471238410e+00
1.808000658298225885e-02,-2.476682873716941624e-01,-2.476579357841768858e-01,1.000009251666981624e+00,-2.476663405959981801e-01,2.000009251676356126e+00,-2.476644102901853495e-01,2.477148630912539284e-01,-2.434967985349604585e-06,-9.190602621429967285e-06,9.078624534265501681e-06,1.000004625838178063e+00
1.808850582899696607e-02,-2.476682973587043535e-01,-2.476524908565717054e-01,1.000007945527972009e+00,-2.476530305166030343e-01,2.000007945536022902e+00,-2.476518533291504620e-01,2.477048429739451274e-01,-4.099835704053213188e-06,-6.586168650694917827e-06,6.320091662702886035e-06,1.000003972768011451e+00
1.809936296597642810e-02,-2.476683101163460743e-01,-2.476658374292098064e-01,1.000013430394877112e+00,-2.476711467514963461e-01,2.000013430408485782e+00,-2.476741811592268749e-01,2.477171247869473236e-01,-3.011687256067582472e-06,-6.724616882798781713e-06,7.209844935717949402e-06,1.000006715204242891e+00
1.810703645520806565e-02,-2.476683191330533995e-01,-2.476683065104711146e-01,1.000020565067455180e+00,-2.476784560800158463e-01,2.000020565088293623e+00,-2.476786693782551396e-01,2.477178166835265760e-01,-5.479826578897612768e-06,-1.676989365333916290e-05,1.811694830278294242e-05,1.000010282544146811e+00
1.811290707982133458e-02,-2.476683260313108648e-01,-2.476683089653244074e-01,1.000022058618673881e+00,-2.476817364226757134e-01,2.000022058641025335e+00,-2.476833752346910000e-01,2.477179645633700023e-01,-1.005660822317460595e-05,-1.977482191271756718e-05,1.898708841515713634e-05,1.000011029320512668e+00
1.812193882637249190e-02,-2.476683366440346201e-01,-2.476695569990983448e-01,1.000014643948085480e+00,-2.476889801590467788e-01,2.000014643962924055e+00,-2.476877532238744017e-01,2.477192709258688175e-01,-1.263798133851484507e-05,-8.205709577901773685e-06,1.134908147567896396e-05,1.000007321981462027e+00
1.813171867398538639e-02,-2.476683481358117611e-01,-2.476710979123471768e-01,1.000009341369392235e+00,-2.476793784548076416e-01,2.000009341378857997e+00,-2.476795614819925495e-01,2.477205556707922363e-01,-7.298661472995308708e-06,-1.205843858003185544e-05,1.238391799296398974e-05,1.000004670689428776e+00
1.814282945230186531e-02,-2.476683611914934913e-01,-2.476692905625292596e-01,1.000008024348714386e+00,-2.476826405240624973e-01,2.000008024356845215e+00,-2.476815368843253984e-01,2.477192475178772724e-01,-1.223336315192623085e-05,-1.271655865301909316e-05,1.164660874212355094e-05,1.000004012178422608e+00
1.815146496789055153e-02,-2.476683713386276797e-01,-2.476666719564993846e-01,1.000006839415231941e+00,-2.476675519997402763e-01,2.000006839422162397e+00,-2.476668603189073337e-01,2.477168739339307979e-01,-1.882656129661251926e-06,-3.961638213727935800e-06,4.171387086208327274e-06,1.000003419711081198e+00
1.816066349687164155e-02,-2.476683821473268099e-01,-2.476666913879833065e-01,1.000006996966662287e+00,-2.476807620707044688e-01,2.000006996973751949e+00,-2.476827747605582775e-01,2.477161750475453117e-01,-1.718313516780266880e-05,-1.015825843417388019e-05,1.849314764767569911e-05,1.000003498486875975e+00
1.817112190789563209e-02,-2.476683944364468370e-01,-2.476650528621054670e-01,1.000009232705719509e+00,-2.476924113362685975e-01,2.000009232715075136e+00,-2.476923470223819923e-01,2.477147644837416895e-01,-2.435410985044585215e-05,-1.886474713738613287e-05,2.388461825399080241e-05,1.000004616357537346e+00
1.818037926514020838e-02,-2.476684053142720332e-01,-2.476681317210666644e-01,1.000010501528693974e+00,-2.476735664427698325e-01,2.000010501539335461e+00,-2.476715886899391317e-01,2.477178081855131164e-01,-6.147530919777362836e-06,-8.958618012442494022e-06,8.491391925481838886e-06,1.000005250769667509e+00
1.818727683767058095e-02,-2.476684134192389808e-01,-2.476663867697870003e-01,1.000011104826633357e+00,-2.476770525863561667e-01,2.000011104837885245e+00,-2.476785542482686231e-01,2.477165330617874250e-01,-5.703692164782930417e-06,-1.546629572783941379e-05,1.666159611197877435e-05,1.000005552418942845e+00
1.819490603726703001e-02,-2.476684223839038801e-01,-2.476643342771152889e-01,1.000011283526617945e+00,-2.476827980043056487e-01,2.000011283538051465e+00,-2.476826641594049028e-01,2.477144214466261429e-01,-1.208837171969896202e-05,-1.872946362846888163e-05,1.839379305264981379e-05,1.000005641769025511e+00
1.820428494202016440e-02,-2.476684334045526903e-01,-2.476618837227553549e-01,1.000010188849010939e+00,-2.476762538736070884e-01,2.000010188859334903e+00,-2.476741458798444318e-01,2.477121621287228515e-01,-1.078677436746220013e-05,-1.052644944991792520e-05,8.982749211931767040e-06,1.000005094429667452e+00
1.821221870112915003e-02,-2.476684427270900157e-01,-2.476601333257956172e-01,1.000011251916568922e+00,-2.476593514098191229e-01,2.000011251927970246e+00,-2.476585330995197953e-01,2.477099420460123769e-01,6.199944550013880709e-07,-1.028161429401945415e-06,1.315442855063861902e-06,1.000005625963985123e+00
1.822103759576535961e-02,-2.476684530897013126e-01,-2.476634069485006140e-01,1.000013430094030875e+00,-2.476653209611921480e-01,2.000013430107639323e+00,-2.476671774296614059e-01,2.477137036570994655e-01,-8.941899932787488288e-06,-5.899254272554339580e-06,9.922302194813290517e-06,1.000006715053819661e+00
1.823124684469187851e-02,-2.476684650860439263e-01,-2.476729889751538571e-01,1.000015930810254083e+00,-2.476952801385142178e-01,2.000015930826396726e+00,-2.476971760224085939e-01,2.477231110141602244e-01,-2.324225213935349939e-05,-2.275184810486049951e-05,2.385049080879165338e-05,1.000007965413198363e+00
1.824107085630793934e-02,-2.476684766297146401e-01,-2.476764072225689783e-01,1.000014739396843044e+00,-2.476930367555397750e-01,2.000014739411778208e+00,-2.476921823921415799e-01,2.477260307998835898e-01,-1.772251252636487221e-05,-2.168907880282235588e-05,2.063232613623088737e-05,1.000007369705889104e+00
1.825109318348397403e-02,-2.476684884064164482e-01,-2.476603415695262933e-01,1.000008059674801775e+00,-2.476717090233122032e-01,2.000008059682968575e+00,-2.476693474610300316e-01,2.477185394509539840e-01,-9.849701668984901559e-06,-6.029065230893062289e-06,8.915439164312846104e-06,1.000004029841484066e+00
1.826097110923435851e-02,-2.476685000134394576e-01,-2.476701350645736932e-01,1.000003212153476762e+00,-2.476724271761381879e-01,2.000003212156731713e+00,-2.476736530262232949e-01,2.477201851545179356e-01,-1.005741574704657336e-05,-6.641014195228301172e-06,9.930131993787498731e-06,1.000001606078365857e+00
1.827077930531679356e-02,-2.476685115385261760e-01,-2.476717211740636637e-01,1.000009771029116701e+00,-2.476811604571766134e-01,2.000009771039017448e+00,-2.476822864376301003e-01,2.477212067105256654e-01,-1.038644459047932531e-05,-1.598773792355832925e-05,1.673046906601138536e-05,1.000004885519508724e+00
1.828220621395488382e-02,-2.476685249656749299e-01,-2.476646618794386134e-01,1.000009937322125619e+00,-2.476752180041822127e-01,2.000009937332195342e+00,-2.476732159144142964e-01,2.477163941973540562e-01,-4.608664325755868163e-06,-1.121429587355896477e-05,1.044854985294409783e-05,1.000004968666097449e+00
1.829528989659479077e-02,-2.476685403396118590e-01,-2.476666016363831269e-01,1.000007289832458568e+00,-2.476683288280341622e-01,2.000007289839845104e+00,-2.476705118770670122e-01,2.477166738752111241e-01,-5.743802498988005829e-06,-7.114455204228175378e-06,7.569537512190325582e-06,1.000003644919922552e+00
1.830833197588175101e-02,-2.476685556646636421e-01,-2.476715382060463710e-01,1.000012015806606591e+00,-2.476809416040281486e-01,2.000012015818781741e+00,-2.476803909288487759e-01,2.477213243719647018e-01,-1.253576320036744271e-05,-1.375865687423382189e-05,1.403103886489440957e-05,1.000006007909390870e+00
1.832096313244659450e-02,-2.476685705068605303e-01,-2.476795906003215475e-01,1.000009607241448606e+00,-2.476884500417489698e-01,2.000009607251183041e+00,-2.476890670378652237e-01,2.477290572397352064e-01,-1.189512057225939995e-05,-1.193419222441345772e-05,1.153311760295858196e-05,1.000004803625591521e+00
1.833772474571455577e-02,-2.476685902025386743e-01,-2.476703044572131918e-01,1.000002481946663524e+00,-2.476752709917873496e-01,2.000002481949178623e+00,-2.476753269602895435e-01,2.477211875515273887e-01,4.617442796334309860e-08,-4.492312246324474517e-06,4.069197308315786500e-06,1.000001240974589312e+00
1.834421411169946323e-02,-2.476685978278458655e-01,-2.476742801881995082e-01,1.000001966161469635e+00,-2.476776165467022006e-01,2.000001966163462264e+00,-2.476780863843654479e-01,2.477237677273717575e-01,3.088671516635900856e-06,-4.748358778273275147e-08,3.066693713229586761e-06,1.000000983081730910e+00
1.835098744468020154e-02,-2.476686057868289492e-01,-2.476733169518087752e-01,1.000007432828237564e+00,-2.476822210801759849e-01,2.000007432835769539e+00,-2.476826939281278617e-01,2.477229996435427462e-01,3.162273475549367371e-07,1.562578679974699162e-06,6.768907487809050141e-07,1.000003716417884547e+00
1.836020210593241470e-02,-2.476686166144847212e-01,-2.476698345291553638e-01,1.000007912198295879e+00,-2.476766475942127343e-01,2.000007912206313243e+00,-2.476757504066989246e-01,2.477204636987591913e-01,-1.011094988129531850e-06,-5.482939376995814450e-06,5.622258996710085783e-06,1.000003956103156622e+00
1.837072746110078938e-02,-2.476686289822677411e-01,-2.476729814164088661e-01,1.000004011800982973e+00,-2.476825379117759962e-01,2.000004011805047721e+00,-2.476835716378259777e-01,2.477227193274331718e-01,-8.435809453154946962e-06,-7.735091204653416172e-06,9.527768652709880384e-06,1.000002005902523861e+00
1.838293550797094958e-02,-2.476686433272925481e-01,-2.476725369177986136e-01,1.000006089939126097e+00,-2.476877235910855124e-01,2.000006089945296939e+00,-2.476891517947824028e-01,2.477225743469517738e-01,-1.958710224684219887e-05,-1.232197572574699737e-05,1.970037586844508660e-05,1.000003044972648469e+00
1.839428910583070995e-02,-2.476686566682992086e-01,-2.476667848879368083e-01,1.000004773971648886e+00,-2.476848345502482840e-01,2.000004773976486128e+00,-2.476817277333418776e-01,2.477177521527057225e-01,-1.288737452302664476e-05,-1.122686653693064927e-05,1.079406466164645146e-05,1.000002386988243064e+00
1.840220137642132811e-02,-2.476686659655879807e-01,-2.476652807179285376e-01,1.000004373688430315e+00,-2.476623057606151534e-01,2.000004373692862547e+00,-2.476617320724737170e-01,2.477153263361771829e-01,5.833052803243012588e-07,-3.933947626545941861e-06,3.562698812958215476e-06,1.000002186846431051e+00
1.841178858155062895e-02,-2.476686772310013607e-01,-2.476704833123352933e-01,1.000007507802724627e+00,-2.476763807431632547e-01,2.000007507810331653e+00,-2.476762987173082298e-01,2.477200862325504849e-01,-6.980711079197425580e-06,-3.166026546667113619e-06,7.361872506744681492e-06,1.000003753905166048e+00
1.842359342580043857e-02,-2.476686911022436544e-01,-2.476718168846559209e-01,1.000010873732045225e+00,-2.476738508124307903e-01,2.000010873743063300e+00,-2.476759613638967183e-01,2.477219456092376870e-01,-1.160073849676141279e-05,-7.105802869656520772e-06,1.249095976078811764e-05,1.000005436871531650e+00
1.843327807855258890e-02,-2.476687024821629113e-01,-2.476747840172844883e-01,1.000008310490494878e+00,-2.476910952670467181e-01,2.000008310498915698e+00,-2.476912848420519675e-01,2.477246838554221509e-01,-1.591842264466820429e-05,-9.230734894442517259e-06,1.516119258184721747e-05,1.000004155249457849e+00
1.844794943723702604e-02,-2.476687197216954073e-01,-2.476677733334949616e-01,1.000004743394052431e+00,-2.476680276442651818e-01,2.000004743398859031e+00,-2.476650649938154647e-01,2.477180914151455304e-01,9.137020775217232201e-07,1.396631769916576726e-06,2.452698809015896751e-06,1.000002371699429515e+00
1.845401922909321521e-02,-2.476687268539838060e-01,-2.476686751424873323e-01,1.000003455184536261e+00,-2.476645122671483901e-01,2.000003455188037016e+00,-2.476662407417175860e-01,2.477187733873239539e-01,2.439134438904362529e-06,1.743284101455621276e-06,1.067162738848937780e-06,1.000001727594018508e+00
1.846407130331869512e-02,-2.476687386656395706e-01,-2.476725170639702822e-01,1.000006462939519336e+00,-2.476858673541743328e-01,2.000006462946068098e+00,-2.476862407573525160e-01,2.477220037235390304e-01,-1.232577489626899246e-05,-6.561823732121893668e-06,1.300081104662846514e-05,1.000003231473034049e+00
1.847390868353065985e-02,-2.476687502250212447e-01,-2.476740017333245170e-01,1.000008596168466157e+00,-2.476845394032079761e-01,2.000008596177176301e+00,-2.476847184869190865e-01,2.477241641944452899e-01,-1.183254364582162072e-05,-9.703273161306840509e-06,1.039828628153527626e-05,1.000004298088588151e+00
1.848202443938190900e-02,-2.476687597614141423e-01,-2.476764802631877538e-01,1.000006518127903421e+00,-2.476817190828209669e-01,2.000006518134508138e+00,-2.476809624294509238e-01,2.477266518300405007e-01,-1.259295183192296970e-06,-1.011221496640807317e-05,9.955761440332534470e-06,1.000003259067254069e+00
1.849251262267694040e-02,-2.476687720855186570e-01,-2.476626568782280824e-01,1.000004364505360233e+00,-2.476724064416405413e-01,2.000004364509782917e+00,-2.476709153909396610e-01,2.477181090528507434e-01,-7.239848536717476298e-06,-8.368542052860649085e-06,7.780960057679758309e-06,1.000002182254891236e+00
1.850225815886492181e-02,-2.476687835369789092e-01,-2.476679565481043344e-01,1.000002515826822869e+00,-2.476628619994893088e-01,2.000002515829372385e+00,-2.476627851333927377e-01,2.477175848631512078e-01,5.636310486319243396e-07,-2.981086840011503389e-06,3.199480209217317020e-06,1.000001257914685970e+00
1.851125524380784620e-02,-2.476687941089746881e-01,-2.476683151933256610e-01,1.000008729986560763e+00,-2.476715852848196675e-01,2.000008729995406576e+00,-2.476716848419376338e-01,2.477179086809956354e-01,1.402971514520815527e-06,-9.766966003844121974e-06,9.885660651683247850e-06,1.000004364997703288e+00
1.852067613002787716e-02,-2.476688051789550093e-01,-2.476689521847645625e-01,1.000011342638757350e+00,-2.476660822219219071e-01,2.000011342650250601e+00,-2.476654025539588022e-01,2.477184887848440931e-01,-3.971361007207117668e-06,-3.279927686008905691e-06,3.284042937351027848e-06,1.000005671325125300e+00
1.853001968468003663e-02,-2.476688161580678782e-01,-2.476683846216410911e-01,1.000009363894875491e+00,-2.476705038357319144e-01,2.000009363904363902e+00,-2.476713598793394422e-01,2.477179044243139061e-01,-3.822400370073886996e-06,-1.291993747662095451e-05,1.412407856161860643e-05,1.000004681952181951e+00
1.853688236142137999e-02,-2.476688242220335401e-01,-2.476682670073584724e-01,1.000008782010710862e+00,-2.476775279981427713e-01,2.000008782019609299e+00,-2.476787534190287021e-01,2.477177919899639646e-01,-1.026372564026772375e-05,-1.217359265888211287e-05,1.186781826150760500e-05,1.000004391009804650e+00
1.855001091424305498e-02,-2.476688396486961541e-01,-2.476714702667441870e-01,1.000008619858363978e+00,-2.476845477348732782e-01,2.000008619867098325e+00,-2.476852547067448507e-01,2.477213588532964361e-01,-1.189760186652885096e-05,-1.050742003403114118e-05,1.177018624350379460e-05,1.000004309933549163e+00
1.856037720138900213e-02,-2.476688518295671326e-01,-2.476707614666613655e-01,1.000008739897906951e+00,-2.476799113146639364e-01,2.000008739906762756e+00,-2.476788880120686376e-01,2.477203313213567348e-01,-8.441111306611615061e-06,-3.364336970000598623e-06,7.801431089452060615e-06,1.000004369953381378e+00
1.857041760797793761e-02,-2.476688636275131417e-01,-2.476687749723870957e-01,1.000007075109568433e+00,-2.476645597929089671e-01,2.000007075116737809e+00,-2.476633392172540304e-01,2.477186721491541621e-01,-6.665514119325456357e-06,-6.573755017545882500e-06,6.839626517178049786e-06,1.000003537558368905e+00
1.858273899154678360e-02,-2.476688781057120869e-01,-2.476700175935063752e-01,1.000006490405559667e+00,-2.476763833419034222e-01,2.000006490412136184e+00,-2.476762567995735576e-01,2.477196259423609104e-01,-1.026011890488541730e-05,-8.975421225738627011e-06,9.916131550781523538e-06,1.000003245206068092e+00
1.860038821594504552e-02,-2.476688988443755401e-01,-2.476743223307396602e-01,1.000007770809648200e+00,-2.476762929927137924e-01,2.000007770817522346e+00,-2.476765806347162591e-01,2.477237915713198790e-01,-1.926602257722995919e-06,-6.550764988815772003e-06,6.558209518931749965e-06,1.000003885408761173e+00
1.861030809959355117e-02,-2.476689105007011116e-01,-2.476648669628414012e-01,1.000006799205239494e+00,-2.476753197770513726e-01,2.000006799212128872e+00,-2.476750662521839397e-01,2.477191511199546281e-01,-8.739896739870445030e-06,-1.262244606394011209e-05,1.299447063298626487e-05,1.000003399606064436e+00
1.862035825846078754e-02,-2.476689223101068149e-01,-2.476679578696580619e-01,1.000004971197294479e+00,-2.476705274476857510e-01,2.000004971202331561e+00,-2.476702126454383979e-01,2.477178745254214332e-01,-1.025137319468476406e-05,-8.748952986021058014e-06,1.003502290670771925e-05,1.000002485601165780e+00
1.863107416930584806e-02,-2.476689349018027508e-01,-2.476707960520651841e-01,1.000008696738111214e+00,-2.476786384145046593e-01,2.000008696746923498e+00,-2.476792310662958851e-01,2.477203116367798219e-01,-1.119214838061912572e-05,-1.436342460169298918e-05,1.427382025274680334e-05,1.000004348373461749e+00
1.864082709793864895e-02,-2.476689463619489717e-01,-2.476625060229617759e-01,1.000010158875540567e+00,-2.476622064330650241e-01,2.000010158885834333e+00,-2.476601476500599752e-01,2.477157681561550917e-01,2.040111187928881304e-07,-6.158015945264750189e-06,5.496624518410329255e-06,1.000005079442917166e+00
1.865021807859301370e-02,-2.476689573967890134e-01,-2.476739983867801698e-01,1.000007992476318774e+00,-2.476767476181113425e-01,2.000007992484417407e+00,-2.476790803044037204e-01,2.477244359181117184e-01,-5.412827084371648061e-06,-3.261129180503461531e-06,5.932421770831747531e-06,1.000003996242208704e+00
1.866001465782832214e-02,-2.476689689082272605e-01,-2.476672240333028518e-01,1.000010498658951308e+00,-2.476704553457296232e-01,2.000010498669589687e+00,-2.476694212135912565e-01,2.477199318316249121e-01,-4.978728534948563223e-06,-9.476645860545744972e-06,1.032483006600108360e-05,1.000005249334794843e+00
1.867003962422580238e-02,-2.476689806880310318e-01,-2.476673034723800015e-01,1.000008393570437581e+00,-2.476779710844085325e-01,2.000008393578942556e+00,-2.476787461989173877e-01,2.477169339455553287e-01,-9.295698832538456087e-06,-7.064501831522528114e-06,9.248238027306485118e-06,1.000004196789471278e+00
1.868089193152840805e-02,-2.476689934399998738e-01,-2.476668630311092134e-01,1.000007635458754818e+00,-2.476857548838086454e-01,2.000007635466491518e+00,-2.476868494623051531e-01,2.477166754961545037e-01,-1.900369199598818138e-05,-8.299826225266817369e-06,1.863774635118287736e-05,1.000003817733245759e+00
1.869032491995795131e-02,-2.476690045242008476e-01,-2.476714976086765163e-01,1.000009940499027472e+00,-2.476730755484326252e-01,2.000009940509099415e+00,-2.476710393794068765e-01,2.477212228577591324e-01,-2.563467025469753275e-07,-6.798285603053475057e-06,6.434620267205530128e-06,1.000004970254549930e+00
1.870015652074520987e-02,-2.476690160767907323e-01,-2.476657441124948400e-01,1.000010005612463226e+00,-2.476603213657498359e-01,2.000010005622602005e+00,-2.476586494933903371e-01,2.477176232700967484e-01,6.614899954948804398e-06,-2.450743937566498310e-06,7.114429972391071623e-06,1.000005002811300781e+00
1.871004081214666312e-02,-2.476690276912937860e-01,-2.476659549054598397e-01,1.000008071068856808e+00,-2.476727468952276967e-01,2.000008071077035154e+00,-2.476745070223169976e-01,2.477155779637543742e-01,-3.746760263962580545e-07,-4.651167104618807260e-06,4.889429840846870288e-06,1.000004035538517577e+00
1.872052051742122830e-02,-2.476690400054366581e-01,-2.476675047857871959e-01,1.000009241169853125e+00,-2.476694777469073405e-01,2.000009241179216968e+00,-2.476698103866614153e-01,2.477171379766482662e-01,-4.553264593437499169e-06,-9.269478916389011002e-06,9.788779033543202072e-06,1.000004620589608484e+00
1.873220912736598895e-02,-2.476690537400983994e-01,-2.476675079389991097e-01,1.000011163368275113e+00,-2.476841832818907907e-01,2.000011163379586510e+00,-2.476847207415803498e-01,2.477170639690842169e-01,-1.369268109714916984e-05,-1.112892795345558635e-05,1.381137202907104795e-05,1.000005581689793255e+00
1.874667738909643194e-02,-2.476690707409812398e-01,-2.476710416179401519e-01,1.000009798983922504e+00,-2.476865471062563162e-01,2.000009798993851451e+00,-2.476876243929611865e-01,2.477215011632770969e-01,-1.151108229562384446e-05,-9.750672702241566976e-06,1.095159084276911515e-05,1.000004899496925725e+00
1.875455476889539841e-02,-2.476690799972702250e-01,-2.476743218261043267e-01,1.000009863091520845e+00,-2.476851929763730920e-01,2.000009863101515073e+00,-2.476834963218952357e-01,2.477238875571322330e-01,-7.318021410283820007e-06,-4.235086006841995395e-06,6.695780938370574805e-06,1.000004931550757536e+00
1.876199976612179243e-02,-2.476690887454906509e-01,-2.476729665257072499e-01,1.000009906382142155e+00,-2.476738236855009490e-01,2.000009906392179904e+00,-2.476739582762910452e-01,2.477227345022073590e-01,-3.693873706978968095e-06,-1.013034337960744125e-07,4.404010773754366383e-06,1.000004953196090174e+00
1.877005797226567047e-02,-2.476691338324907010e-01,-2.476722232967303594e-01,1.000006566661997498e+00,-2.476859946623086728e-01,2.000006566668651065e+00,-2.476876947728193223e-01,2.477217591148167253e-01,-1.490875376615379459e-05,-1.168089006727232693e-05,1.626559103084174453e-05,1.000003283334325532e+00
1.877607400298107049e-02,-2.476727331278155142e-01,-2.476693136102809945e-01,1.000004118431262468e+00,-2.476857976187259724e-01,2.000004118435435796e+00,-2.476846257766201209e-01,2.477203812066328947e-01,-1.321699688569548295e-05,-7.993628594686388246e-06,1.233350499177697882e-05,1.000002059217717676e+00
1.878827939227428745e-02,-2.476776908757289952e-01,-2.476704140758672623e-01,1.000004511018310005e+00,-2.476809998018392744e-01,2.000004511022881015e+00,-2.476815148946024392e-01,2.477204972180882814e-01,-8.205362805480804594e-06,-7.240539718376062133e-06,8.204052710376875157e-06,1.000002255511440508e+00
1.880047125900882743e-02,-2.476806045738618733e-01,-2.476676088368490181e-01,1.000007960127603512e+00,-2.476737923196477564e-01,2.000007960135669283e+00,-2.476734893737830290e-01,2.477184210062007008e-01,-1.061486574587111785e-05,-8.480911955773673796e-06,1.081628949921835770e-05,1.000003980067834641e+00
1.881167960817683310e-02,-2.476822122071014043e-01,-2.476837852094376236e-01,1.000007607347127125e+00,-2.476955744907160528e-01,2.000007607354835404e+00,-2.476949937661152013e-01,2.477332526867961071e-01,-9.570906374709193330e-06,-7.893517853264261751e-06,8.032499991019731033e-06,1.000003803677417702e+00
1.882087164088549341e-02,-2.476830556098046088e-01,-2.476756891923099224e-01,1.000007157667956337e+00,-2.476708715751326784e-01,2.000007157675208980e+00,-2.476690999890126810e-01,2.477287833868834499e-01,7.350020303102659965e-06,-1.875001896312626457e-06,8.018953831145247228e-06,1.000003578837604490e+00
1.883001727688689286e-02,-2.476836188156219531e-01,-2.476804217375215833e-01,1.000000923015923915e+00,-2.476793653452015465e-01,2.000000923016859389e+00,-2.476804585658885505e-01,2.477305338909281673e-01,7.202868988890450002e-06,3.872786844734516193e-06,7.448955758778950964e-06,1.000000461508429694e+00
1.884003391360112786e-02,-2.476840260282753003e-01,-2.476845851689178923e-01,9.999980457185345672e-01,-2.476887942961223388e-01,1.999998045716554262e+00,-2.476904668298972045e-01,2.477344983536595713e-01,-2.068843811423124081e-07,-2.228758918421358657e-06,3.501955132213792356e-06,9.999990228582771312e-01
1.884807979486600310e-02,-2.476842462745412199e-01,-2.476846794201049695e-01,9.999988608782086619e-01,-2.476897163102859956e-01,1.999998860877054474e+00,-2.476888841571644739e-01,2.477341847906331107e-01,6.076961288347094172e-07,1.808578728151735528e-07,1.383347094961992791e-06,9.999994304385272370e-01
1.885626377554333946e-02,-2.476844037208532079e-01,-2.476866138377697979e-01,9.999958956411245659e-01,-2.476782833735681755e-01,1.999995895636965670e+00,-2.476768264573590561e-01,2.477365408024159443e-01,9.525004223616649341e-06,1.840302642387594690e-06,1.057600443935394601e-05,9.999979478184829462e-01
1.886321793199777566e-02,-2.476844998454533209e-01,-2.476881137407647981e-01,9.999935190694735354e-01,-2.476710261402936541e-01,1.999993519062906566e+00,-2.476704330614501737e-01,2.477376283874972440e-01,1.552079323070734612e-05,5.487606956441575234e-06,1.652499922015907480e-05,9.999967595314532831e-01
1.887186152730953997e-02,-2.476845851309251445e-01,-2.476869430119049975e-01,9.999922936982584831e-01,-2.476637606182165441e-01,1.999992293690449952e+00,-2.476638774444514246e-01,2.477365548273470774e-01,2.396374021967098995e-05,1.732746515119831245e-05,2.332870446154264226e-05,9.999961468452249758e-01
1.888052865632728478e-02,-2.476846438227919556e-01,-2.476863146876998045e-01,9.999905614860490344e-01,-2.476814972589478081e-01,1.999990561476485240e+00,-2.476839507845480515e-01,2.477358793066804787e-01,7.590770894081813116e-06,2.591594916090854104e-06,5.820798996832983623e-06,9.999952807382426201e-01
1.889000250156312732e-02,-2.476846871112848292e-01,-2.476878181750076235e-01,9.999897598657067066e-01,-2.476923398389183906e-01,1.999989759855330673e+00,-2.476931315432639169e-01,2.477375275856605608e-01,4.131719876636735282e-06,6.944346656661734532e-07,3.932518092186532774e-06,9.999948799276653366e-01
1.889938912399879989e-02,-2.476847155633485897e-01,-2.476842411727121496e-01,9.999904421368694951e-01,-2.476738319206569228e-01,1.999990442127184798e+00,-2.476711449634622086e-01,2.477350698889178027e-01,1.378718520410501092e-05,8.246730240710784064e-06,1.510748446638978674e-05,9.999952210635923988e-01
1.890529943102779373e-02,-2.476847283518504583e-01,-2.476860769188253264e-01,9.999904453582597608e-01,-2.476734985384565491e-01,1.999990445348578172e+00,-2.476753378214817669e-01,2.477362022429648869e-01,1.015180672679274913e-05,8.826419709067279956e-06,8.648915030707690941e-06,9.999952226742890860e-01
1.891310492388855249e-02,-2.476847409076520790e-01,-2.476892424806664272e-01,9.999902875663940760e-01,-2.476840546735096238e-01,1.999990287556552726e+00,-2.476830146320591064e-01,2.477387253495231256e-01,3.658709281641796767e-06,9.660308824792985787e-06,1.042187182615481834e-05,9.999951437782763630e-01
1.892254851200525848e-02,-2.476847513640006437e-01,-2.476901805987745120e-01,9.999916719092979411e-01,-2.476715694064597628e-01,1.999991671900859469e+00,-2.476724766277575429e-01,2.477406053329988811e-01,1.364781729941045457e-05,1.374984557912056615e-05,1.349015280999637952e-05,9.999958359504297345e-01
1.893219045840313988e-02,-2.476847584083295140e-01,-2.476961196880977656e-01,9.999897531106813897e-01,-2.476869398005364376e-01,1.999989753100298140e+00,-2.476869829357727648e-01,2.477461003298356279e-01,1.023671165301898327e-05,9.370219335130795468e-06,9.925935080545496313e-06,9.999948765501491810e-01
1.894631188298187205e-02,-2.476847646005841674e-01,-2.476846898221022331e-01,9.999858935921966951e-01,-2.476772529853245308e-01,1.999985893577902907e+00,-2.476770714497518733e-01,2.477346391858964436e-01,1.017587085400550042e-05,1.079811873546961104e-05,1.092439149462869138e-05,9.999929467889514534e-01
1.895656261259074868e-02,-2.476847672166034575e-01,-2.476865138119373200e-01,9.999849363977211247e-01,-2.476737888724402648e-01,1.999984936382457335e+00,-2.476734312208219713e-01,2.477360301124492958e-01,1.427774667006211102e-05,1.488278377364854131e-05,1.509990371291245181e-05,9.999924681912287783e-01
1.896418491181067409e-02,-2.476847685245538722e-01,-2.476874123080984036e-01,9.999904797096267339e-01,-2.476760331497421808e-01,1.999990479699980117e+00,-2.476774238398653794e-01,2.477372552066040290e-01,9.478092583381024885e-06,8.871436195977250284e-06,7.880953711486978643e-06,9.999952398499900585e-01
1.897165695765667959e-02,-2.476847694427164737e-01,-2.476893081029810650e-01,9.999916783737978765e-01,-2.476868091528756088e-01,1.999991678365365955e+00,-2.476880163499860232e-01,2.477387766836317839e-01,-1.848044012578152468e-07,6.330434582096614133e-07,1.507972388566602576e-06,9.999958391826829773e-01
1.898043286299175292e-02,-2.476847701950103120e-01,-2.476878483942377973e-01,9.999907200093385296e-01,-2.476841697655719210e-01,1.999990719999935163e+00,-2.476830171014594850e-01,2.477376065565654317e-01,7.435626216107788148e-06,1.216484548531229143e-05,1.271152244903424955e-05,9.999953599999675813e-01
1.899000000000000341e-02,-2.476847707382777430e-01,-2.476922244013515795e-01,9.999892592107567646e-01,-2.476818522927160537e-01,1.999989259199873359e+00,-2.476821049370114547e-01,2.477422668054519994e-01,5.124689074719639405e-06,4.538825282161894761e-06,4.582087077658308245e-06,9.999946295999366797e-01
1.899542091596362683e-02,-2.476847709556352639e-01,-2.476875750256532505e-01,9.999886578837178241e-01,-2.476780587283563817e-01,1.999988657872224795e+00,-2.476763278346975072e-01,2.477398881685813070e-01,7.803040560084489250e-06,6.108161160754169287e-06,8.779099103277913382e-06,9.999943289361125087e-01
1.900961205533589077e-02,-2.476847713203085555e-01,-2.476875279437969479e-01,9.999873675429726827e-01,-2.476729372824823527e-01,1.999987367530172699e+00,-2.476737496274358241e-01,2.477378130368506903e-01,1.486638261085287483e-05,1.368697039690518617e-05,1.513830571320244198e-05,9.999936837650862387e-01
1.902457527118148889e-02,-2.476847715073112743e-01,-2.476794433021597130e-01,9.999922892520676232e-01,-2.476695497037926796e-01,1.999992289244254318e+00,-2.476680266344883363e-01,2.477315081837529465e-01,7.239568964162065112e-06,1.309864278501343217e-05,1.309548146614477881e-05,9.999961446221271588e-01
1.903553979776922284e-02,-2.476847715728390797e-01,-2.476812921701563586e-01,9.999916021748479489e-01,-2.476659810818098439e-01,1.999991602166338422e+00,-2.476683251914140738e-01,2.477320201870638061e-01,6.841641984630181185e-06,1.185004313604903032e-05,1.104637621329845526e-05,9.999958010831693223e-01
1.904531956110736696e-02,-2.476847716011754963e-01,-2.476862710817587521e-01,9.999957867687840896e-01,-2.476860555267423603e-01,1.999995786764514838e+00,-2.476868616736694340e-01,2.477360347745073410e-01,3.443966059345002652e-06,5.946374593811556660e-06,5.838237696929407549e-06,9.999978933822574190e-01
1.906003085843757661e-02,-2.476847716116051812e-01,-2.476784506251905327e-01,9.999949732794632951e-01,-2.476692985908330313e-01,1.999994973274370036e+00,-2.476665725251260275e-01,2.477304608740250880e-01,9.312357848469684393e-06,9.441691446370271401e-06,1.036516291300546328e-05,9.999974866371850180e-01
1.907000468814085137e-02,-2.476847716053084125e-01,-2.476844063824481523e-01,9.999921558042874636e-01,-2.476685737459699277e-01,1.999992155796338933e+00,-2.476696229500245094e-01,2.477346699740494984e-01,5.571944000777948425e-06,8.658854162362486868e-07,4.495855319566105827e-06,9.999960778981695775e-01
1.907400326318370309e-02,-2.476847716008140354e-01,-2.476849308162340224e-01,9.999933259757719517e-01,-2.476750851801053366e-01,1.999993325969009472e+00,-2.476760897801339179e-01,2.477344196020757339e-01,4.367104105066583610e-06,2.646264697383449829e-06,4.803538913630800536e-06,9.999966629845046251e-01
1.908218396154210891e-02,-2.476847715890802826e-01,-2.476847174706169608e-01,9.999964220538375415e-01,-2.476783547032232746e-01,1.999996422050211997e+00,-2.476777010336970175e-01,2.477343865223532171e-01,8.709389238610765096e-06,8.030358621725366774e-06,8.981245161824940958e-06,9.999982110251059986e-01
1.909227388159003697e-02,-2.476847715711789910e-01,-2.476860562055986370e-01,9.999944393296201772e-01,-2.476757354765589114e-01,1.999994439323985684e+00,-2.476765653628468233e-01,2.477356078508394788e-01,9.935505468141049546e-06,5.966160015200690961e-06,9.873711120823790055e-06,9.999972196619928422e-01
1.911000284663427751e-02,-2.476847715341886913e-01,-2.476796960638612544e-01,9.999918772136797696e-01,-2.476780818613738278e-01,1.999991877205449020e+00,-2.476773593716055100e-01,2.477319280831461190e-01,1.116395735443181513e-06,4.408333575091977753e-06,4.144104205026850691e-06,9.999959386027245101e-01
1.911865095306493345e-02,-2.476847715146342221e-01,-2.476821337933312051e-01,9.999914481268391553e-01,-2.476678619245782642e-01,1.999991448118173754e+00,-2.476664380349386241e-01,2.477320806983399348e-01,8.823130420871595298e-06,7.984285426250002846e-06,9.989627911762270529e-06,9.999957240590868768e-01
1.913021147518425419e-02,-2.476847714876175000e-01,-2.476944936414177123e-01,9.999947533453512616e-01,-2.476806025324609917e-01,1.999994753340035070e+00,-2.476824503361337582e-01,2.477448038186403356e-01,1.299389572285627636e-05,8.924908293062986428e-06,1.279690351179738407e-05,9.999973766700175348e-01
1.913913523527073154e-02,-2.476847714663088784e-01,-2.476855237223474782e-01,9.999954790238244628e-01,-2.476868841915269293e-01,1.999995479019243350e+00,-2.476873374879878242e-01,2.477397806608592767e-01,-3.300098586284530354e-06,-1.419428660091068438e-06,5.174548828772651444e-06,9.999977395096216748e-01
1.914372043145983610e-02,-2.476847714552543323e-01,-2.476843305161599007e-01,9.999931816208263990e-01,-2.476853050586769189e-01,1.999993181613917370e+00,-2.476838997437954548e-01,2.477360746761395061e-01,-4.581576915527935844e-06,7.877133499998025684e-07,3.331100068220720268e-06,9.999965908069586851e-01
1.915224762007441267e-02,-2.476847714345591922e-01,-2.476873984113774629e-01,9.999871884321021032e-01,-2.476713401869045372e-01,1.999987188419120487e+00,-2.476718379939338299e-01,2.477371837111856101e-01,8.231052399496301667e-06,1.239825472986434032e-05,1.251424206241996643e-05,9.999935942095602437e-01
1.916236983903201255e-02,-2.476847714098256159e-01,-2.476894363606107208e-01,9.999898446195979451e-01,-2.476889740060889411e-01,1.999989844609307843e+00,-2.476894168925991568e-01,2.477390080536418238e-01,3.647970420296505904e-06,6.240319848218887920e-06,5.689639664461264931e-06,9.999949223046539215e-01
1.917003148999999601e-02,-2.476805535867085961e-01,-2.476895350655268779e-01,9.999912389330199991e-01,-2.476865472360925968e-01,1.999991238924142767e+00,-2.476858148465820031e-01,2.477390212957347460e-01,6.705099627243119629e-06,4.355421398366261873e-06,7.406788359970072724e-06,9.999956194620712724e-01
1.918026448547639068e-02,-2.476805656109541398e-01,-2.476832520483542854e-01,9.999890212528225186e-01,-2.476792311956656500e-01,1.999989021241697973e+00,-2.476785095688616156e-01,2.477334074866026914e-01,1.045698749376150152e-05,9.735449654870264430e-06,1.077714125969742784e-05,9.999945106208489864e-01
1.919122130113932317e-02,-2.476805784857202819e-01,-2.476782022386350979e-01,9.999889969229431852e-01,-2.476568542921890881e-01,1.999988996911793881e+00,-2.476559972933220222e-01,2.477291153653868871e-01,1.410231712580602452e-05,1.911328873474358442e-05,1.885041550652259487e-05,9.999944984558970518e-01
1.920131198770032646e-02,-2.476805903427436728e-01,-2.476792737990285986e-01,9.999931259983324550e-01,-2.476657102510899100e-01,1.999993125991367027e+00,-2.476681886481137129e-01,2.477294772726909289e-01,5.701333146069254800e-06,1.109053868345911365e-05,1.003644298265717688e-05,9.999965629956835134e-01
1.921391337154938414e-02,-2.476806051499542971e-01,-2.476851912550166457e-01,9.999977911126279873e-01,-2.476970651523745237e-01,1.999997791110389667e+00,-2.476965037773628808e-01,2.477354298266856436e-01,-3.427925277096703142e-06,-5.890400581723962959e-08,3.524690482853959023e-06,9.999988955551949443e-01
1.922512409175872530e-02,-2.476806183230703673e-01,-2.476802445318160573e-01,9.999966346196819122e-01,-2.476815864949715451e-01,1.999996634616271640e+00,-2.476794908167595510e-01,2.477299830898186672e-01,3.929433724434823474e-06,2.701258024761543250e-06,5.607439897439144312e-06,9.999983173081358201e-01
1.923346572197693130e-02,-2.476806281248725983e-01,-2.476816074861454275e-01,9.999931558340414695e-01,-2.476697337597523751e-01,1.999993155827106461e+00,-2.476708230810778233e-01,2.477312087106882943e-01,1.203323609101259453e-05,7.743608166010917452e-06,1.102902484873289792e-05,9.999965779135532307e-01
1.924159558300758341e-02,-2.476806376778376562e-01,-2.476819021798642162e-01,9.999948512146429325e-01,-2.476822479699797019e-01,1.999994851209425883e+00,-2.476816676841650244e-01,2.477314180990962400e-01,2.585938263528188655e-06,7.539079803376442678e-06,7.786844548883055516e-06,9.999974256047128307e-01
1.925079075658185646e-02,-2.476806484825929966e-01,-2.476801899062548717e-01,9.999962910180736353e-01,-2.476577272960256149e-01,1.999996291014315419e+00,-2.476558316372690638e-01,2.477300536768532735e-01,1.864612393740723310e-05,1.205240350800668693e-05,1.914772692876219490e-05,9.999981455071577097e-01
1.926005176043908002e-02,-2.476806593647013499e-01,-2.476779682745277877e-01,9.999956255144892836e-01,-2.476716608509098860e-01,1.999995625510056829e+00,-2.476739258969981317e-01,2.477280347411298655e-01,3.880412906005610068e-06,3.843025514473855114e-06,2.931097532461491637e-06,9.999978127550284146e-01
1.926543165635200353e-02,-2.476806656863274891e-01,-2.476780082315014342e-01,9.999957379606062569e-01,-2.476718538178561690e-01,1.999995737956287600e+00,-2.476706189489754073e-01,2.477276032052465604e-01,7.078857174567416333e-06,5.276307025010013793e-06,8.469416924239923510e-06,9.999978689781438002e-01
1.927378736675890158e-02,-2.476806755046740693e-01,-2.476776541149330046e-01,9.999969689001378947e-01,-2.476676427341810705e-01,1.999996968897066463e+00,-2.476692538869104676e-01,2.477273432430207589e-01,1.211602551082610797e-05,7.158317659068665927e-06,1.110371403896841656e-05,9.999984844485333424e-01
1.928366221645858719e-02,-2.476806871080813599e-01,-2.476768218297103474e-01,9.999987437671593593e-01,-2.476785387264531513e-01,1.999998743765886378e+00,-2.476776742771181206e-01,2.477266859862955473e-01,2.546117876574541716e-06,2.803330995240185304e-06,1.791685958498350591e-06,9.999993718829432998e-01
1.930036613032793530e-02,-2.476807067359578229e-01,-2.476806288821923052e-01,1.000000066593847770e+00,-2.476884520621579766e-01,2.000000066593915271e+00,-2.476895945927182485e-01,2.477301989300200735e-01,-1.009079965499054132e-05,-1.189637702927554970e-05,1.200687479353753697e-05,1.000000033296957636e+00
1.930885407971445408e-02,-2.476807167096903850e-01,-2.476791043378040735e-01,9.999995881669978548e-01,-2.476716966370613171e-01,1.999999588166580633e+00,-2.476686446210107917e-01,2.477289886253681295e-01,1.336865890327906994e-06,5.463850995166492488e-07,3.286211773744423180e-06,9.999997940832902055e-01
1.931291371291369435e-02,-2.476807214799471579e-01,-2.476802880527295414e-01,9.999987031721995212e-01,-2.476668714310172326e-01,1.999998703170885461e+00,-2.476685919757223575e-01,2.477305909430480846e-01,4.509010064182606355e-06,2.717479236820899744e-06,3.572820702059818571e-06,9.999993515854428416e-01
1.932156015195106089e-02,-2.476807316399133041e-01,-2.476862689496462655e-01,9.999972844836366725e-01,-2.476922124892573240e-01,1.999997284480885318e+00,-2.476933604880006412e-01,2.477357369231742157e-01,-7.257186710318580970e-06,-3.746765651334368671e-06,7.548723521991866602e-06,9.999986422404425479e-01
1.933114819439188392e-02,-2.476807429063072330e-01,-2.476815066459123749e-01,9.999972222177490044e-01,-2.476842586349936037e-01,1.999997222214934256e+00,-2.476835830341408695e-01,2.477325121590093493e-01,-3.281742174263463829e-06,-1.649230428890248432e-06,2.145468142934242921e-06,9.999986111074671280e-01
1.934111004536612916e-02,-2.476807546119433878e-01,-2.476851194106134968e-01,9.999939911435671291e-01,-2.476741301900163561e-01,1.999993991137478444e+00,-2.476731210198798439e-01,2.477349079518881558e-01,1.606426997033993443e-05,1.071459917607711246e-05,1.690802785905085257e-05,9.999969955687392220e-01
1.935051991346932454e-02,-2.476807656689732628e-01,-2.476867604140926271e-01,9.999936762043200034e-01,-2.476823402383669936e-01,1.999993676197912240e+00,-2.476833914992500330e-01,2.477362284857990149e-01,9.109675941868331666e-06,7.506108694020614663e-06,8.304072213845335214e-06,9.999968380989561201e-01
1.936072448055338457e-02,-2.476807776598118627e-01,-2.476807615585672473e-01,9.999934610014084013e-01,-2.476708079110669092e-01,1.999993460994782479e+00,-2.476701900051530292e-01,2.477324577652147419e-01,9.860732156501952208e-06,6.194925280114783112e-06,9.148608424021321535e-06,9.999967304973912396e-01
1.937028224738933033e-02,-2.476807888906310817e-01,-2.476899742261156334e-01,9.999916083501384501e-01,-2.476917255259258877e-01,1.999991608341635363e+00,-2.476939302919321240e-01,2.477399653656142398e-01,-2.531348520114094117e-06,1.249615751181497405e-05,1.289280077612048186e-05,9.999958041708176815e-01
1.937482118445153431e-02,-2.476807942240913663e-01,-2.476854154727924084e-01,9.999920180399332059e-01,-2.476819803246594620e-01,1.999992018031845342e+00,-2.476778945809308963e-01,2.477374641279593837e-01,4.788667694394267908e-06,1.170140319527027566e-05,1.127863347906129035e-05,9.999960090159226711e-01
1.938313864349081039e-02,-2.476808039974909004e-01,-2.476760777395728419e-01,9.999937545232624458e-01,-2.476572163101619650e-01,1.999993754516933953e+00,-2.476580747825441187e-01,2.477309503973747773e-01,1.387431522109175011e-05,7.953385656632208883e-06,1.318428334706608548e-05,9.999968772584669763e-01
1.939632346603593557e-02,-2.476808194902687388e-01,-2.476743301102938000e-01,9.999919275960292842e-01,-2.476691429514681353e-01,1.999991927587849716e+00,-2.476699444207534073e-01,2.477240202335898034e-01,9.139197907671567342e-06,8.258602182412825736e-06,8.605713913757029348e-06,9.999959637939248580e-01
1.941028455350878382e-02,-2.476808358951952116e-01,-2.476760217409779141e-01,1.000001514597283370e+00,-2.476726453556384322e-01,2.000001514598817920e+00,-2.476723671153522599e-01,2.477258434817536659e-01,1.356913031946405611e-06,1.962622311673684054e-06,1.985138784673997175e-06,1.000000757299408960e+00
1.942119287327797802e-02,-2.476808487129766589e-01,-2.476838552045796671e-01,1.000002597762251755e+00,-2.476753804371694123e-01,2.000002597764883649e+00,-2.476750952173638054e-01,2.477333226959208545e-01,6.355237616890727801e-06,6.204181880660856114e-06,6.645380679035731073e-06,1.000001298882442047e+00
1.943031066026175771e-02,-2.476808594267981278e-01,-2.476760730023905288e-01,1.000001269168909079e+00,-2.476741403649296291e-01,2.000001269170195162e+00,-2.476742397160523190e-01,2.477292469451043977e-01,1.072333345291311444e-07,-4.425536527541562654e-06,5.212855410830990487e-06,1.000000634585097581e+00
1.944001879131272703e-02,-2.476808708343028742e-01,-2.476796232048702473e-01,9.999971676646175478e-01,-2.476810314917086975e-01,1.999997167661747621e+00,-2.476815868505356788e-01,2.477296274675470367e-01,-1.437561247000487825e-06,-1.598651241481907630e-06,1.288141409029692920e-06,9.999985838308738106e-01
1.945014778103924119e-02,-2.476808827363359278e-01,-2.476833042543273022e-01,9.999977404241544576e-01,-2.476742952492298477e-01,1.999997740421865178e+00,-2.476739729340003970e-01,2.477329967864399241e-01,4.682520322976617428e-06,-4.595223627587848923e-07,4.858855488179147969e-06,9.999988702109324779e-01
1.946075483948524545e-02,-2.476808952001216535e-01,-2.476735642096212497e-01,9.999985897860991235e-01,-2.476730657543558811e-01,1.999998589784670155e+00,-2.476720589218903146e-01,2.477277153083602412e-01,5.974393341090077944e-06,3.913909136068369133e-06,6.471690560572240077e-06,9.999992948923351888e-01
1.947185794580880494e-02,-2.476809082467851530e-01,-2.476850967318155183e-01,9.999959437928009898e-01,-2.476770698813463290e-01,1.999995943788690944e+00,-2.476776287654405273e-01,2.477347339192073616e-01,6.278642955704207500e-06,1.775933562446190909e-06,6.503008610137850307e-06,9.999979718943454721e-01
1.948114584532921467e-02,-2.476809191604988636e-01,-2.476841225936426416e-01,9.999993407143390467e-01,-2.476787879508387247e-01,1.999999340713670914e+00,-2.476784650941351862e-01,2.477337979185973427e-01,5.841335229577878995e-06,-3.218946029133824221e-06,5.244268367006262161e-06,9.999996703568354572e-01
1.949066518262475983e-02,-2.476809303461609824e-01,-2.476803536591670185e-01,9.999969247994444643e-01,-2.476633490863579812e-01,1.999996924796328290e+00,-2.476617098196813305e-01,2.477311142975326952e-01,1.082040411938472999e-05,1.154989063001948964e-05,1.231953016868586938e-05,9.999984623981641452e-01
1.950000423713554171e-02,-2.476809413199820842e-01,-2.476716995941598831e-01,9.999932203361776573e-01,-2.476666146091599519e-01,1.999993220329308041e+00,-2.476678140938970152e-01,2.477257347336728754e-01,4.600230322526272691e-06,5.028645993929012916e-06,3.857956903855816890e-06,9.999966101646540206e-01
1.950462477927931981e-02,-2.476809467493314709e-01,-2.476741077233249877e-01,9.999936381013690978e-01,-2.476698358054433835e-01,1.999993638094922810e+00,-2.476702043810936060e-01,2.477245465587988582e-01,3.014330169038257670e-06,6.918160886454813377e-06,7.647503454858392590e-06,9.999968190474612939e-01
1.951299796313984980e-02,-2.476809565882107100e-01,-2.476786131670154767e-01,9.999969099238119608e-01,-2.476709374918918127e-01,1.999996909920680688e+00,-2.476704231771137132e-01,2.477283086195022077e-01,4.153641858827680295e-06,8.619699220564452547e-06,7.609735588615928574e-06,9.999984549603403439e-01
1.952280937679361922e-02,-2.476809681170770439e-01,-2.476741125886242068e-01,1.000002405982323150e+00,-2.476721840973346855e-01,2.000002405984761200e+00,-2.476738075921727511e-01,2.477243971044298665e-01,-2.365882400454038225e-06,-2.602550313803998954e-06,3.600024473344952889e-06,1.000001202992380600e+00
1.953255327847207290e-02,-2.476809795666138070e-01,-2.476764159638971952e-01,1.000000672126776680e+00,-2.476825742110628781e-01,2.000000672127457246e+00,-2.476823913791877940e-01,2.477260714028993449e-01,1.328913101284315164e-06,-6.374558186777508977e-06,5.899951776669476026e-06,1.000000336063728845e+00
1.954350368787827197e-02,-2.476809924338521096e-01,-2.476768372933060847e-01,1.000001704823152204e+00,-2.476826195103058459e-01,2.000001704824879933e+00,-2.476833794817184520e-01,2.477264167102398995e-01,-3.976190516328139767e-06,-5.613081161135916862e-06,6.119723856355605787e-06,1.000000852412439745e+00
1.955185385505019829e-02,-2.476810022456861771e-01,-2.476759948549061563e-01,1.000001662726794027e+00,-2.476891814484429299e-01,2.000001662728478902e+00,-2.476900331091050900e-01,2.477259910268252152e-01,-1.385116533167479829e-05,-8.514494206762390549e-06,1.368648442590018500e-05,1.000000831364239451e+00
1.956418182973167219e-02,-2.476810167316282341e-01,-2.476803207209030966e-01,1.000000497258134668e+00,-2.476877753615752131e-01,2.000000497258638710e+00,-2.476868399416582989e-01,2.477299351263423377e-01,-9.216328498621712865e-06,-9.592429732315789674e-06,9.520209195873948616e-06,1.000000248629319355e+00
1.957543785492044802e-02,-2.476810299579806363e-01,-2.476789422843994060e-01,1.000000150193355752e+00,-2.476842877248367492e-01,2.000000150193508297e+00,-2.476848908192662291e-01,2.477285825135411290e-01,-4.010474271927343873e-06,-3.557874009225087901e-06,2.825743024859181631e-06,1.000000075096753926e+00
1.958315212682295789e-02,-2.476810390226073799e-01,-2.476799165262447699e-01,9.999980031796261715e-01,-2.476816539481620505e-01,1.999998003177602790e+00,-2.476798305247087661e-01,2.477296273774300117e-01,4.586173415208670846e-06,3.608491728744691365e-06,4.784254229663257255e-06,9.999990015888015060e-01
1.959246492502190323e-02,-2.476810499655765774e-01,-2.476815350387162884e-01,9.999978888437374147e-01,-2.476737251691277231e-01,1.999997888841598126e+00,-2.476741645049368723e-01,2.477312283573257778e-01,7.154739806964233144e-07,-2.159101375794711526e-06,2.716103959212557191e-06,9.999989444207990630e-01
1.960324240535661622e-02,-2.476810626296145623e-01,-2.476805676766596909e-01,9.999977046589395568e-01,-2.476841888323116914e-01,1.999997704656613751e+00,-2.476845134430531725e-01,2.477313090084333203e-01,-8.293486778826814678e-06,-4.800830397996743367e-06,7.589952132845603755e-06,9.999988523283068753e-01
1.962000720017129454e-02,-2.476810823290276631e-01,-2.476773712439644948e-01,9.999956372121523440e-01,-2.476770740292241757e-01,1.999995637207731658e+00,-2.476767218370117818e-01,2.477274118712896323e-01,6.130709587609050320e-06,4.629871207526156303e-06,6.820343585481836995e-06,9.999978186038657180e-01
1.963004853640916078e-02,-2.476810941280626344e-01,-2.476847108522056973e-01,9.999994752476814019e-01,-2.476829308309558275e-01,1.999999475247149716e+00,-2.476842720766653794e-01,2.477349528661378641e-01,-1.958946717167341474e-06,4.742869426082798947e-07,3.186648311576126113e-06,9.999997376235748581e-01
1.964124270686911505e-02,-2.476811072817309556e-01,-2.476823567971566942e-01,1.000000484486715857e+00,-2.476872224322462235e-01,2.000000484487206798e+00,-2.476869177571545955e-01,2.477325210854182391e-01,-3.155198628798456014e-06,-8.089420422247904064e-07,2.526588721114879837e-06,1.000000242243603399e+00
1.965173675016889179e-02,-2.476811196127193249e-01,-2.476829384396205258e-01,9.999949799359403313e-01,-2.476764646576726236e-01,1.999994979930853400e+00,-2.476751817964267521e-01,2.477326043473107586e-01,8.909701492360052021e-06,9.584086912642052902e-06,9.897916039751745106e-06,9.999974899654267002e-01
1.966317764628661494e-02,-2.476811330563023217e-01,-2.476840994117019690e-01,9.999941410064117076e-01,-2.476737124793375600e-01,1.999994141000475123e+00,-2.476735756223760188e-01,2.477335988504063280e-01,1.209689040655792736e-05,9.090461072907002739e-06,1.211295995857279049e-05,9.999970705002375615e-01
1.967331228556132294e-02,-2.476811449649723995e-01,-2.476834673477605886e-01,9.999943192174761686e-01,-2.476749716665580803e-01,1.999994319211719773e+00,-2.476761069722512310e-01,2.477329743325045464e-01,1.006226185829852630e-05,9.211791837997456234e-06,8.502751943991889122e-06,9.999971596058599976e-01
1.968220251498851991e-02,-2.476811554114042302e-01,-2.476834666537747198e-01,9.999935346707576889e-01,-2.476893107862646604e-01,1.999993534664206596e+00,-2.476907499363449339e-01,2.477332033915346787e-01,-3.913340819450628543e-06,1.510088853874148020e-06,4.323210717530269920e-06,9.999967673321031869e-01
1.969127871190379589e-02,-2.476811660763562628e-01,-2.476853046053471286e-01,9.999934647430379631e-01,-2.476915426364285910e-01,1.999993464736416149e+00,-2.476920094087838586e-01,2.477347892561811427e-01,-3.681206416032130066e-06,3.728492469520927023e-06,3.919084936004181673e-06,9.999967323682079634e-01
1.970052787179449663e-02,-2.476811769445473876e-01,-2.476839517746704245e-01,9.999937342371507665e-01,-2.476975816386488560e-01,1.999993734230801845e+00,-2.476985921559113624e-01,2.477336518604839055e-01,-1.201590940307524525e-05,-5.619920752675605412e-06,1.231249883348506248e-05,9.999968671154009225e-01
1.970564923120077944e-02,-2.476811829623795924e-01,-2.476842377621543689e-01,9.999934312352645183e-01,-2.476886916750293821e-01,1.999993431228608731e+00,-2.476855563614668854e-01,2.477338576406972748e-01,-1.017776828789658780e-06,3.213997980881901414e-06,5.329146482358607692e-06,9.999967156143043656e-01
1.971262575633980427e-02,-2.476811911601207172e-01,-2.476832613399513328e-01,9.999926576748454643e-01,-2.476705215326658049e-01,1.999992657667405860e+00,-2.476704194614930132e-01,2.477334891592697652e-01,1.467241686041709181e-05,1.291945306524849324e-05,1.354327121800855417e-05,9.999963288337028189e-01
1.972070209230014290e-02,-2.476812006501890040e-01,-2.476767606829590185e-01,9.999927282279456042e-01,-2.476874720545007291e-01,1.999992728220577387e+00,-2.476885397330937100e-01,2.477297194424397941e-01,-1.319141080442826858e-06,4.930361297400247577e-06,4.633274869234199915e-06,9.999963641102886935e-01
1.972999999999999754e-02,-2.476812115756613641e-01,-2.476769498540755676e-01,9.999932223305219026e-01,-2.476672712264726406e-01,1.999993222323654063e+00,-2.476637989837985054e-01,2.477265536868575035e-01,7.578441793883847994e-06,8.863254358816576335e-06,9.337681660027742387e-06,9.999966111618270315e-01
1.974139066621619781e-02,-2.476812249602220184e-01,-2.476854918785368898e-01,9.999976175881281071e-01,-2.476675733815726088e-01,1.999997617585714149e+00,-2.476677406917382751e-01,2.477349596968316248e-01,1.386385585902413325e-05,8.954213615943856978e-06,1.325425723099332354e-05,9.999988087928570746e-01
1.975164669707716106e-02,-2.476812370115315798e-01,-2.476747218013400365e-01,9.999994453931148053e-01,-2.476691641781446074e-01,1.999999445392552921e+00,-2.476686878757433374e-01,2.477291643886676553e-01,4.993044153745884361e-06,4.755383569373082688e-06,4.490350337505958167e-06,9.999997226962764607e-01
1.976754387303005303e-02,-2.476812556914506080e-01,-2.476793277806293159e-01,9.999960610085323331e-01,-2.476760203322988241e-01,1.999996061004540859e+00,-2.476778075136811808e-01,2.477294102920019614e-01,-3.686456066804319048e-06,-7.558647943541440711e-07,4.897998737853603722e-06,9.999980305022705407e-01
1.977419030723057830e-02,-2.476812635013168340e-01,-2.476826919863427678e-01,9.999999104769138336e-01,-2.476856823197069180e-01,1.999999910476823128e+00,-2.476865999791608430e-01,2.477326923864368868e-01,-5.651361206975642086e-06,-4.494491310806221994e-06,4.558811353692032140e-06,9.999999552384115642e-01
1.978261936921565933e-02,-2.476812734058547738e-01,-2.476856246925836502e-01,1.000001037878392784e+00,-2.476829865697564304e-01,2.000001037879444610e+00,-2.476818164330420458e-01,2.477350940367315513e-01,3.964649593111146738e-06,-1.852722879386716436e-07,4.414857492940149221e-06,1.000000518939722305e+00
1.979210254482532266e-02,-2.476812845490260484e-01,-2.476832990538826995e-01,9.999974900334694938e-01,-2.476672256237580916e-01,1.999997490030926306e+00,-2.476657555222060991e-01,2.477340205377921434e-01,1.051873313398366486e-05,1.287497359720494917e-05,1.236626439785103687e-05,9.999987450154631530e-01
1.980148629763695683e-02,-2.476812955753680823e-01,-2.476741124336559186e-01,9.999934137882767748e-01,-2.476660927300461668e-01,1.999993413781603113e+00,-2.476668768940449850e-01,2.477279315041082952e-01,2.918202753919440711e-06,5.625921880087699632e-06,5.239418403530732341e-06,9.999967068908014456e-01
1.981164506045809959e-02,-2.476813075123846797e-01,-2.476867745430839929e-01,9.999931700654545175e-01,-2.476879072315707198e-01,1.999993170058533831e+00,-2.476897371978201423e-01,2.477362426176128729e-01,-6.342471414425889552e-06,1.672474955530753989e-06,6.345335614122979720e-06,9.999965850292669156e-01
1.982085783996925116e-02,-2.476813183378265282e-01,-2.476820234717843350e-01,9.999984441945785063e-01,-2.476847327315060965e-01,1.999998444193002101e+00,-2.476845748216288667e-01,2.477332508566136016e-01,-2.560733478749724530e-06,3.769222395116000610e-06,3.510721029698678151e-06,9.999992220965010503e-01
1.983054095369593886e-02,-2.476813297159329297e-01,-2.476807331812920510e-01,9.999960022003165916e-01,-2.476858018041920573e-01,1.999996002196265499e+00,-2.476858038992197364e-01,2.477303111567216998e-01,-1.834533465628651892e-06,4.185280802443904561e-06,4.579256235941725400e-06,9.999980010981327494e-01
1.984307534002986012e-02,-2.476813444444173617e-01,-2.476798512290327992e-01,9.999941714920184133e-01,-2.476833739843242177e-01,1.999994171486112693e+00,-2.476830028427821906e-01,2.477296551110989842e-01,3.724724055085511585e-06,1.409077606083289451e-06,4.127513063129866595e-06,9.999970857430562354e-01
1.985238008551229102e-02,-2.476813553779257382e-01,-2.476818845183740014e-01,9.999961861879572700e-01,-2.476782790400972045e-01,1.999996186184092917e+00,-2.476767570297365717e-01,2.477313637312411332e-01,6.442400685594694402e-06,-1.511401115904611457e-06,6.650296731721722668e-06,9.999980930920463473e-01
1.986134362775435203e-02,-2.476813659105036314e-01,-2.476805996850057756e-01,9.999971707043012747e-01,-2.476614254294061956e-01,1.999997170701434346e+00,-2.476605115559060155e-01,2.477303298865984327e-01,1.162215277320216302e-05,1.029996019001670377e-05,1.129881386998384354e-05,9.999985853507171729e-01
1.987018796039553489e-02,-2.476813763030034088e-01,-2.476778814597213607e-01,9.999964465906281408e-01,-2.476772730106996667e-01,1.999996446587027465e+00,-2.476794765040119806e-01,2.477282171781858000e-01,-2.169763491702649173e-06,3.259592126695957544e-06,3.514497731213950258e-06,9.999982232935137327e-01
1.987779139880320109e-02,-2.476813852373941083e-01,-2.476789484179012790e-01,9.999959498952660786e-01,-2.476781617781543543e-01,1.999995949891162361e+00,-2.476777924884204229e-01,2.477286798096444975e-01,2.827684321863160696e-06,1.169625019897843498e-06,3.790341380235238117e-06,9.999979749455811806e-01
1.988374285420844642e-02,-2.476813922306286830e-01,-2.476802836626717241e-01,9.999966480895476906e-01,-2.476804777235284694e-01,1.999996648086151296e+00,-2.476824383063740975e-01,2.477300755842348490e-01,2.090543541198795679e-06,-9.591556381176463911e-07,1.365056015731956182e-06,9.999983240430756481e-01
1.989522542987537043e-02,-2.476814057231872257e-01,-2.476824266162948318e-01,9.999985657774206338e-01,-2.476955663260858309e-01,1.999998565775967352e+00,-2.476959118783401415e-01,2.477320299158432271e-01,-9.145190810533395740e-06,-5.008927457805184001e-06,9.336742560503962708e-06,9.999992828879836759e-01
1.990367182382813196e-02,-2.476814156480913742e-01,-2.476821310956013322e-01,9.999977149258977294e-01,-2.476902942693240406e-01,1.999997714923582359e+00,-2.476885708383864126e-01,2.477318137674716647e-01,-4.133022587191775831e-06,-9.252775837161057459e-07,1.782416972600430551e-06,9.999988574617911796e-01
1.991173509491408686e-02,-2.476814251228095787e-01,-2.476800890533707999e-01,9.999960219563169828e-01,-2.476708028015768281e-01,1.999996021952286096e+00,-2.476683084058370066e-01,2.477302130768339328e-01,1.381050689958011920e-05,9.897165866010525584e-06,1.350786797905896268e-05,9.999980109761431590e-01
1.992026381915413744e-02,-2.476814351444545925e-01,-2.476777140517530951e-01,9.999949648976589334e-01,-2.476719255899857142e-01,1.999994964892557014e+00,-2.476729615668337992e-01,2.477279028113896775e-01,-7.235059681540484891e-07,1.655378100867728113e-06,2.498338284329972946e-06,9.999974824462785072e-01
1.993000000000001021e-02,-2.476814465849172808e-01,-2.476908475207145466e-01,9.999958817100746966e-01,-2.477012933294110708e-01,1.999995881705901812e+00,-2.477052267536783703e-01,2.477418745541274114e-01,-1.530179173564017136e-06,3.362504013934659398e-06,3.543255704340856076e-06,9.999979408529509062e-01
1.994031216664627834e-02,-2.476814587021909375e-01,-2.476893602520209570e-01,9.999976154784954163e-01,-2.476872232081125114e-01,1.999997615476079238e+00,-2.476852363086439190e-01,2.477396499998531787e-01,8.260586299274560339e-06,7.433893787275546280e-06,9.176786194860912069e-06,9.999988077380395080e-01
1.995000649999999903e-02,-2.476814700934817925e-01,-2.476826077335365084e-01,9.999919949076103709e-01,-2.476791895241891028e-01,1.999991994899499081e+00,-2.476780168958890582e-01,2.477351410801573450e-01,8.418494122238783263e-06,8.654200484103773963e-06,9.088314861394294997e-06,9.999959974497495407e-01
1.995947806443218453e-02,-2.476814812230098695e-01,-2.476852431033877144e-01,9.999875821933137399e-01,-2.476790059963890900e-01,1.999987582180730916e+00,-2.476795650652069136e-01,2.477351761536012165e-01,1.044364782342914564e-05,1.262483752418884598e-05,1.258434129002603230e-05,9.999937910903654581e-01
1.997000622265624609e-02,-2.476814938606621552e-01,-2.476743808111070422e-01,9.999915426111417593e-01,-2.476652556600407451e-01,1.999991542602572281e+00,-2.476634585760052465e-01,2.477299862161560506e-01,1.521855968325523034e-05,1.297471340790094202e-05,1.568764043341709424e-05,9.999957713012860294e-01
1.997916738753713686e-02,-2.476845273865976305e-01,-2.476821899038396668e-01,9.999933962304453638e-01,-2.476825639538918489e-01,1.999993396223753939e+00,-2.476851825018905606e-01,2.477327819154053756e-01,9.839064576767700467e-06,9.989844629887527529e-06,9.800472264058064734e-06,9.999966981118769693e-01
1.999030453286697664e-02,-2.476869069163333270e-01,-2.476851949105616235e-01,9.999978900442300089e-01,-2.476792967009321944e-01,1.999997890042092052e+00,-2.476788549461494959e-01,2.477351770540854869e-01,7.750075807679554775e-06,6.643607507484925972e-06,7.374601105050951326e-06,9.999989450210460262e-01
2.000297233652869808e-02,-2.476885246410632513e-01,-2.476981739798523596e-01,9.999958720914799981e-01,-2.476918357277859972e-01,1.999995872087297233e+00,-2.476903271869844436e-01,2.477478637715340992e-01,7.951644889720735164e-06,7.395630866053302852e-06,8.756983531315799981e-06,9.999979360436486164e-01
2.001311580966134637e-02,-2.476893099774042928e-01,-2.476918375835812924e-01,9.999906023281860401e-01,-2.476744002151020085e-01,1.999990602318663768e+00,-2.476743338852475662e-01,2.477433032218198106e-01,1.389563090363435861e-05,1.184253386193765660e-05,1.342675279965309408e-05,9.999953011593318841e-01
2.002202566007990278e-02,-2.476897649992673978e-01,-2.476898616172148182e-01,9.999832443523147818e-01,-2.476762113273379695e-01,1.999983244335336474e+00,-2.476753159465353293e-01,2.477402345502639214e-01,1.151936123799594651e-05,1.042381686871122120e-05,1.263340494252407492e-05,9.999916221676682371e-01
2.003121741591300242e-02,-2.476900818252028291e-01,-2.476827528366951081e-01,9.999826558166462487e-01,-2.476610803118644566e-01,1.999982655799072084e+00,-2.476602817348412533e-01,2.477355363902143393e-01,2.075312496853573259e-05,1.296195521182004224e-05,1.992377462591295276e-05,9.999913278995358201e-01
2.004082955791344073e-02,-2.476903021023608986e-01,-2.476858665091267453e-01,9.999860793908539325e-01,-2.476707297769495109e-01,1.999986079376748549e+00,-2.476726045823803013e-01,2.477358655157623213e-01,7.547176264656738321e-06,1.231161333589282078e-05,1.233445223760647610e-05,9.999930396883742745e-01
2.005049305285056677e-02,-2.476904477473710342e-01,-2.476909417425758875e-01,9.999908500238324782e-01,-2.476817258829197288e-01,1.999990850014560895e+00,-2.476820983020914801e-01,2.477406685918721319e-01,1.452151826286229158e-05,1.177616617600338318e-05,1.476800291810860201e-05,9.999954250072804474e-01
2.006047390291481464e-02,-2.476905459297151779e-01,-2.476879723033179881e-01,9.999922701639665235e-01,-2.476807574456371397e-01,1.999992270156134122e+00,-2.476806100848138181e-01,2.477383773667045375e-01,7.898181741398377148e-06,7.570497471083252769e-06,7.753771344522532519e-06,9.999961350780670610e-01
2.007077266744107871e-02,-2.476906111427881751e-01,-2.476963648573545784e-01,9.999885861920988495e-01,-2.476793196253594953e-01,1.999988586180533545e+00,-2.476788144099557887e-01,2.477458348477123984e-01,1.682112116493350812e-05,1.301293953577115352e-05,1.722942267530516388e-05,9.999942930902667726e-01
2.008127645845349946e-02,-2.476906534622008438e-01,-2.476858461705797598e-01,9.999876428103839920e-01,-2.476711352577884995e-01,1.999987642797862675e+00,-2.476710887868098510e-01,2.477400399620437454e-01,1.183622788750008434e-05,1.320083113120778761e-05,1.354645002903909790e-05,9.999938213989313374e-01
2.009164688119014636e-02,-2.476906799872790610e-01,-2.476959200212442147e-01,9.999845302588434848e-01,-2.476723690678325207e-01,1.999984530243168246e+00,-2.476719031787802117e-01,2.477454657754069312e-01,2.253069794098692876e-05,2.003761521827726708e-05,2.278353376331488051e-05,9.999922651215841229e-01
2.010329047439380484e-02,-2.476906984715173954e-01,-2.476859947778885240e-01,9.999874756232409734e-01,-2.476719545124941302e-01,1.999987475610550236e+00,-2.476733418353491700e-01,2.477369942019888027e-01,1.341665116179193683e-05,1.166472867082188488e-05,1.278166934395819440e-05,9.999937378052751180e-01
2.011683192059143463e-02,-2.476907109379334060e-01,-2.476958828513457223e-01,9.999859557753851824e-01,-2.476859623413145139e-01,1.999985955761154566e+00,-2.476865881670908265e-01,2.477458673286858370e-01,1.169257764336394208e-05,1.389139753509504361e-05,1.387633849750817129e-05,9.999929778805771718e-01
2.012554732924619685e-02,-2.476907158336320025e-01,-2.476941366011703172e-01,9.999886501916410708e-01,-2.476855829238409357e-01,1.999988650180140271e+00,-2.476845266706627080e-01,2.477436916656869936e-01,1.151433742728811693e-05,1.053400755325088612e-05,1.213200134274888645e-05,9.999943250900703573e-01
2.013822270565475067e-02,-2.476907203242721123e-01,-2.476969060162156067e-01,9.999820191320869522e-01,-2.476836707097071211e-01,1.999982019113867526e+00,-2.476848866134132299e-01,2.477468655892586524e-01,1.739058743932729253e-05,1.480403763872306332e-05,1.720560293209641957e-05,9.999910095569336521e-01
2.015000000000000471e-02,-2.476907227600424199e-01,-2.476836714347152857e-01,9.999827683314859161e-01,-2.476539516598596502e-01,1.999982768314025439e+00,-2.476497115988950115e-01,2.477413377768099834e-01,2.806939918019062320e-05,2.349507568930425165e-05,2.948598363190835968e-05,9.999913841570126083e-01
2.015925584191872663e-02,-2.476907239582725462e-01,-2.476943018375323824e-01,9.999818427395472664e-01,-2.476678320060685667e-01,1.999981842721148650e+00,-2.476708809456225069e-01,2.477453217785298145e-01,1.741845938040217188e-05,2.153715084726942288e-05,2.117689492988822350e-05,9.999909213605745473e-01
2.016812232585415976e-02,-2.476907247247462085e-01,-2.476935550284496967e-01,9.999856076499804569e-01,-2.476746405478880697e-01,1.999985607635397011e+00,-2.476747756037754600e-01,2.477441132299222359e-01,1.284522447800747795e-05,1.116071744778859022e-05,1.216670830573649332e-05,9.999928038176985057e-01
2.017709789235588511e-02,-2.476907252441282736e-01,-2.476915973291411999e-01,9.999884209718958861e-01,-2.476771519693913015e-01,1.999988420960163049e+00,-2.476768653751874050e-01,2.477412396712141973e-01,8.500923337531653416e-06,7.242261922180549981e-06,8.835241287261488466e-06,9.999942104800815246e-01
2.018991381907901325e-02,-2.476907256971054017e-01,-2.476922011615667607e-01,9.999835568294541677e-01,-2.476723095675931186e-01,1.999983556812792607e+00,-2.476722506255007727e-01,2.477418513933354882e-01,2.194849276928964073e-05,2.150044491281692292e-05,2.287655206748644122e-05,9.999917784063963033e-01
2.020011346813509884e-02,-2.476907259046368659e-01,-2.476865419062951323e-01,9.999852791822143594e-01,-2.476641395521735900e-01,1.999985279167297847e+00,-2.476634546953240257e-01,2.477382905653383594e-01,2.275718644874702499e-05,2.148815370962012388e-05,2.270489764884373632e-05,9.999926395836490345e-01
2.021037781907569428e-02,-2.476907260293724766e-01,-2.476909192304092844e-01,9.999856804754709838e-01,-2.476776866571785973e-01,1.999985680460961257e+00,-2.476791544430046732e-01,2.477410258007039234e-01,1.632911559904372343e-05,1.039645592582010111e-05,1.541071159726554836e-05,9.999928402304806285e-01
2.021954090032989509e-02,-2.476907260943959355e-01,-2.476968693972445845e-01,9.999878940910499336e-01,-2.476772640545592818e-01,1.999987894078783190e+00,-2.476767999652093877e-01,2.477470680555685367e-01,1.804743842162040730e-05,1.765384892366317595e-05,1.850474004707553517e-05,9.999939470393915952e-01
2.022567728868115630e-02,-2.476907261211644951e-01,-2.476953600710970760e-01,9.999888595366935862e-01,-2.476806274513203010e-01,1.999988859525405394e+00,-2.476817699518445437e-01,2.477456882618840339e-01,1.616430955440067380e-05,1.252633530123110942e-05,1.533775174582346055e-05,9.999944297627026968e-01
2.023255046103790422e-02,-2.476907261395968896e-01,-2.476919067836014232e-01,9.999868106017982816e-01,-2.476856501061713844e-01,1.999986810588433528e+00,-2.476849731904842977e-01,2.477430359196666487e-01,1.282827807360933691e-05,1.051420154996858352e-05,1.353695174625840882e-05,9.999934052942167639e-01
2.024114852437348955e-02,-2.476907261500513879e-01,-2.476888093563042459e-01,9.999825973012708147e-01,-2.476699761682844003e-01,1.999982597283637142e+00,-2.476680508381111367e-01,2.477390974845708471e-01,2.510190728201205763e-05,2.711592562923671138e-05,2.738016802782713125e-05,9.999912986418184602e-01
2.025097137991472077e-02,-2.476907261500682911e-01,-2.476957403566218685e-01,9.999830000828768828e-01,-2.476703350754416999e-01,1.999983000065651328e+00,-2.476710387314624007e-01,2.477455017407255988e-01,2.646897085714576995e-05,1.936540597296697978e-05,2.593429293335273132e-05,9.999915000328255532e-01
2.026146926544846946e-02,-2.476907261408119176e-01,-2.476947425104666367e-01,9.999865275356022432e-01,-2.476666913618325583e-01,1.999986527521950830e+00,-2.476659384693527532e-01,2.477444224208300017e-01,2.651581217097056527e-05,2.021532523986089379e-05,2.598520898674798772e-05,9.999932637609755259e-01
2.027173975186575758e-02,-2.476907261257997594e-01,-2.476916371818921880e-01,9.999839667039726043e-01,-2.476650943046787845e-01,1.999983966687726378e+00,-2.476659330404674120e-01,2.477419814938482956e-01,1.768302867081678197e-05,1.637121335085845052e-05,1.709190313181474174e-05,9.999919833438631889e-01
2.028198501404197135e-02,-2.476907261070811495e-01,-2.476883672161072358e-01,9.999823764113369151e-01,-2.476714579588604748e-01,1.999982376393479200e+00,-2.476708307200275183e-01,2.477386248124102686e-01,1.461512259812923782e-05,2.067756458059054616e-05,2.070287046313967121e-05,9.999911881967395999e-01
2.029390546865880718e-02,-2.476907260823520696e-01,-2.476855639047904623e-01,9.999851225913588548e-01,-2.476656365214650601e-01,1.999985122576283914e+00,-2.476667200045006290e-01,2.477361898602415402e-01,1.553446631317624487e-05,1.567638179630830050e-05,1.440619502578582664e-05,9.999925612881419568e-01
2.030407331212837063e-02,-2.476907260596908911e-01,-2.476799681013287235e-01,9.999881313930669702e-01,-2.476757940406290326e-01,1.999988131381040590e+00,-2.476757545210045430e-01,2.477314725560829656e-01,4.384764423229951810e-06,5.716276954904967307e-06,5.470293443584508630e-06,9.999940656905204062e-01
2.031825186399106864e-02,-2.476907260266612010e-01,-2.476817891722047082e-01,9.999922834783577796e-01,-2.476833162959648782e-01,1.999992283470538812e+00,-2.476847572079725890e-01,2.477320933726454844e-01,-1.102017091002227326e-06,6.232691545406385008e-06,6.404188389610552936e-06,9.999961417352694060e-01
2.033000456112723023e-02,-2.476907259985320076e-01,-2.476821751875053490e-01,9.999977921889281474e-01,-2.476812493350283029e-01,1.999997792186691159e+00,-2.476803382072240156e-01,2.477319781775303431e-01,2.873012501698369548e-06,5.843282952314070094e-06,5.865589144990466768e-06,9.999988960933455795e-01
2.033952533479099073e-02,-2.476907259754475565e-01,-2.476925068552442155e-01,9.999969816667693134e-01,-2.476911771878848589e-01,1.999996981663710871e+00,-2.476925929548596805e-01,2.477432794858475396e-01,-1.702174301982735711e-06,1.143047542050284520e-06,2.103528325813320615e-06,9.999984908318554355e-01
2.034972077530181056e-02,-2.476907259505415904e-01,-2.476882621388831474e-01,9.999942314790082332e-01,-2.476802346453248760e-01,1.999994231473162909e+00,-2.476783920429560526e-01,2.477400768413531573e-01,6.206609059363273733e-06,3.376181350513284887e-06,7.145877920102671411e-06,9.999971157365814545e-01
2.035690160021457612e-02,-2.476907259329216293e-01,-2.476927409419735771e-01,9.999911520686676214e-01,-2.476741288881678382e-01,1.999991152059702015e+00,-2.476732092710302036e-01,2.477431872828922410e-01,1.884286841286594361e-05,1.430867398293908570e-05,2.120272017120864951e-05,9.999955760298510077e-01
2.036523301907425948e-02,-2.476907259124224991e-01,-2.476952789178654413e-01,9.999866885732981991e-01,-2.476718659629119634e-01,1.999986688559810100e+00,-2.476731822928454063e-01,2.477449390426163245e-01,2.717720668489756748e-05,2.166546450020702914e-05,2.618978869455527184e-05,9.999933442799050498e-01
2.037003988999998294e-02,-2.476861167648320983e-01,-2.476938781960057179e-01,9.999867684442114157e-01,-2.476800932637821806e-01,1.999986768430804140e+00,-2.476819331436725669e-01,2.477440788392257509e-01,2.099891950986199765e-05,1.837264073562424224e-05,1.954428060845950793e-05,9.999933842154020702e-01
2.038174725908683746e-02,-2.476861305215309894e-01,-2.476831000658540061e-01,9.999841410172263245e-01,-2.476653449119555483e-01,1.999984141001156956e+00,-2.476645162428610381e-01,2.477350862986743285e-01,1.595132006341217862e-05,1.464315207721640882e-05,1.564719492830127110e-05,9.999920705005783672e-01
2.039570809887092731e-02,-2.476861469261636139e-01,-2.476844496127751649e-01,9.999872861457809181e-01,-2.476756570208611119e-01,1.999987286132898445e+00,-2.476787878824962263e-01,2.477349515932987245e-01,6.933601574468687875e-06,1.053061801732887076e-05,1.008949568714441980e-05,9.999936430664491116e-01
2.040698284031080764e-02,-2.476861601745071195e-01,-2.476838410753976205e-01,9.999941365734891230e-01,-2.476810656813664413e-01,1.999994136567547764e+00,-2.476785829793856086e-01,2.477360123456075203e-01,4.562494806830516596e-06,5.081510359018951049e-06,4.998437615061006748e-06,9.999970682837738822e-01
2.041374539934347199e-02,-2.476861681208260002e-01,-2.476812100997192456e-01,9.999949012172298923e-01,-2.476746187995520210e-01,1.999994901212063469e+00,-2.476767039732684916e-01,2.477317135819140925e-01,2.607324312548503916e-06,3.026573059725637199e-06,2.802378432886105049e-06,9.999974506060317347e-01
2.042192310821492468e-02,-2.476861777300138623e-01,-2.476837706772151704e-01,9.999918523332266274e-01,-2.476896543293830855e-01,1.999991852324970898e+00,-2.476886141118251339e-01,2.477332933220182387e-01,-4.047576318108322671e-06,4.256732353333374579e-06,5.167908022929330440e-06,9.999959261624854490e-01
2.043083629697826226e-02,-2.476861882034222528e-01,-2.476800820327387520e-01,9.999932896449412745e-01,-2.476667512142916028e-01,1.999993289638141825e+00,-2.476651849591250398e-01,2.477308102720377214e-01,1.170235593515809605e-05,9.588517597723809942e-06,1.254095986059621331e-05,9.999966448190709123e-01
2.044075498801720472e-02,-2.476861998583416713e-01,-2.476797115921069159e-01,9.999946442812839287e-01,-2.476705857300191826e-01,1.999994644275857159e+00,-2.476712212507961308e-01,2.477299923070525323e-01,1.179720581503353480e-05,6.735413605647233161e-06,1.131647702749637124e-05,9.999973221379285793e-01
2.045107396344862660e-02,-2.476862119836156229e-01,-2.476931855892293977e-01,9.999957036672756372e-01,-2.476961251655315777e-01,1.999995703662922342e+00,-2.476984711998918842e-01,2.477428949385650503e-01,-1.651071571288752322e-06,-5.414028439239462458e-07,2.199776910790133915e-06,9.999978518314611708e-01
2.046096381559275867e-02,-2.476862236046481203e-01,-2.476889961344655999e-01,9.999965526741124711e-01,-2.476942187767610659e-01,1.999996552670619376e+00,-2.476923994955518016e-01,2.477399753407449889e-01,2.880191797686753738e-06,8.968406045266377022e-07,3.209963839160580488e-06,9.999982763353096882e-01
2.047155876444638201e-02,-2.476862360542027297e-01,-2.476855638346307231e-01,9.999892013796950474e-01,-2.476715464714841219e-01,1.999989201368753022e+00,-2.476706597964782319e-01,2.477356603024969683e-01,7.889100394321559053e-06,9.560956234441438713e-06,1.106212473657373976e-05,9.999946006843765112e-01
2.048231139560086414e-02,-2.476862486890406556e-01,-2.476918721797551071e-01,9.999873930763892860e-01,-2.476688781466857003e-01,1.999987393063614949e+00,-2.476687104647243565e-01,2.477415114230508419e-01,1.951870611587932803e-05,1.999439473969220551e-05,1.980940238219495647e-05,9.999936965318073634e-01
2.049395678458516487e-02,-2.476862623729108592e-01,-2.476857811802287146e-01,9.999899910827672045e-01,-2.476713989207361133e-01,1.999989991072625539e+00,-2.476723806879088663e-01,2.477361772432927212e-01,1.201528427524088749e-05,1.535903965390868973e-05,1.487681340055609060e-05,9.999949955363127696e-01
2.050274254892452130e-02,-2.476862726965901873e-01,-2.476847684790534632e-01,9.999875020896679123e-01,-2.476756461512901741e-01,1.999987502077004153e+00,-2.476738272206559788e-01,2.477351818356587076e-01,8.832702490341791003e-06,1.453686397015666558e-05,1.505103248126373044e-05,9.999937510385020767e-01
2.051228508894076957e-02,-2.476862839095159419e-01,-2.476794068069807786e-01,9.999893399890688039e-01,-2.476560715727152695e-01,1.999989339978267333e+00,-2.476571834632240732e-01,2.477303825254225933e-01,1.872886547171287918e-05,1.453684194143746275e-05,1.761577906589954025e-05,9.999946699891336666e-01
2.052105395283303560e-02,-2.476862942133361001e-01,-2.476930193614812203e-01,9.999914991424512234e-01,-2.476818111432458613e-01,1.999991499133837447e+00,-2.476848194761487321e-01,2.477424886835191686e-01,5.112860649198976169e-06,4.203665753849354506e-06,4.092891739787257851e-06,9.999957495669187235e-01
2.053024841496937578e-02,-2.476863050172542213e-01,-2.476842378985431026e-01,9.999950879278853844e-01,-2.476880320049423545e-01,1.999995087922908255e+00,-2.476878696037362604e-01,2.477379248295015768e-01,1.917584926297561216e-06,6.658832134125856797e-06,6.688157576307768605e-06,9.999975439614541273e-01
2.053972213547982512e-02,-2.476863161493132182e-01,-2.476793587818003906e-01,9.999915512150797658e-01,-2.476808849675977975e-01,1.999991551206518947e+00,-2.476797823221322525e-01,2.477306824435072663e-01,6.729933979533830497e-07,3.304699108409877164e-06,3.361872637396553831e-06,9.999957756032593625e-01
2.054488026391801392e-02,-2.476863222103506679e-01,-2.476807901103078302e-01,9.999887142191917766e-01,-2.476782346500683296e-01,1.999988714207756368e+00,-2.476777640076128217e-01,2.477308392444687868e-01,5.691450093377917057e-06,8.741949355339817437e-06,9.858274742916337376e-06,9.999943571038780732e-01
2.055360000283445662e-02,-2.476863324564465008e-01,-2.476879855975218925e-01,9.999919761328390777e-01,-2.476790835368237464e-01,1.999991976124708692e+00,-2.476805448236306106e-01,2.477390305102689094e-01,9.260723262138754173e-06,1.027112887555669423e-05,9.305485821224876463e-06,9.999959880623543462e-01
2.056907288837715730e-02,-2.476863506378034208e-01,-2.476891318497423666e-01,9.999952795884352597e-01,-2.476940571313136774e-01,1.999995279583652197e+00,-2.476933972955305263e-01,2.477434209607500548e-01,-1.609501058977285471e-06,6.426954606416207341e-07,1.508093508695326560e-06,9.999976397918260984e-01
2.057537516479799808e-02,-2.476863580432688283e-01,-2.476885437475229435e-01,9.999906369070554746e-01,-2.476875794535171593e-01,1.999990636897567953e+00,-2.476860578457970585e-01,2.477384931269195900e-01,5.875230555834310588e-06,9.352635556830679126e-06,1.146622050313342374e-05,9.999953184487839764e-01
2.058527043381972593e-02,-2.476863696706662621e-01,-2.476868694971358364e-01,9.999836035095295284e-01,-2.476692079680589686e-01,1.999983603492915041e+00,-2.476676644327706067e-01,2.477384759676660164e-01,2.256542297894995603e-05,2.351372768032925219e-05,2.362570241612058710e-05,9.999918017464576314e-01
2.059737976694155093e-02,-2.476863838996921363e-01,-2.476821620853120187e-01,9.999878559463750705e-01,-2.476668221145018056e-01,1.999987855934070025e+00,-2.476676428443130851e-01,2.477318038704903191e-01,1.468764835943257927e-05,1.400644744206603151e-05,1.361051334921425232e-05,9.999939279670349013e-01
2.061006059118128397e-02,-2.476863988002480921e-01,-2.476847006777924132e-01,9.999914248953495344e-01,-2.476796647715584221e-01,1.999991424886660374e+00,-2.476809544385386308e-01,2.477344609590982072e-01,1.905877754268722072e-06,4.881922619294513992e-06,4.054278764234203685e-06,9.999957124433301869e-01
2.062106145074849711e-02,-2.476864117267653098e-01,-2.476848084029887875e-01,9.999946143859868020e-01,-2.476795595656743065e-01,1.999994614380529612e+00,-2.476793008231687465e-01,2.477343188338501367e-01,1.613117380624903434e-06,1.467875724545748184e-06,1.575765423952961460e-06,9.999973071902648059e-01
2.063125136486329905e-02,-2.476864237003852387e-01,-2.476848019691756664e-01,9.999932841014532725e-01,-2.476822809578863027e-01,1.999993284094648160e+00,-2.476824429866855692e-01,2.477347576661531603e-01,-1.648151841736856890e-06,-1.301992146849193599e-06,1.405809721645313487e-06,9.999966420473240802e-01
2.064080366053163904e-02,-2.476864349247735742e-01,-2.476901508675980468e-01,9.999924753268605304e-01,-2.476765584435987877e-01,1.999992475319235963e+00,-2.476760864126069106e-01,2.477398396082087506e-01,8.472629620616713966e-06,9.610754013186373825e-06,1.030842940920939302e-05,9.999962376596179814e-01
2.065097709156226216e-02,-2.476864468790249407e-01,-2.476881975318532825e-01,9.999922256444931934e-01,-2.476767245414688290e-01,1.999992225636615828e+00,-2.476764028715230936e-01,2.477382596646592605e-01,1.095869488627826989e-05,1.289688717558898424e-05,1.260410127152049011e-05,9.999961128183078030e-01
2.066125855348880519e-02,-2.476864589602180144e-01,-2.476823918340373132e-01,9.999892744903451369e-01,-2.476699903392274582e-01,1.999989274479477164e+00,-2.476701916117865498e-01,2.477338480227266326e-01,1.351490021421154236e-05,7.968426385192546802e-06,1.273032173483848826e-05,9.999946372397386929e-01
2.067163823260095498e-02,-2.476864711568209088e-01,-2.476852698481719350e-01,9.999887756900616154e-01,-2.476865385774448813e-01,1.999988775678688047e+00,-2.476872584242373332e-01,2.477349698494679120e-01,1.498632732816742921e-06,4.166690260003231524e-06,4.372951170622332895e-06,9.999943878393441343e-01
2.068285395811718386e-02,-2.476864843358161650e-01,-2.476881703288503767e-01,9.999928611690074298e-01,-2.476815745431226179e-01,1.999992861161773883e+00,-2.476817719181053645e-01,2.477385521085548603e-01,8.090024528561499495e-06,6.524008090943856481e-06,8.703825658520243511e-06,9.999964305808869414e-01
2.069487195522273781e-02,-2.476864984575176121e-01,-2.476895908490654441e-01,9.999922877329506798e-01,-2.476765067593414971e-01,1.999992287725136153e+00,-2.476745683866987957e-01,2.477419925251194976e-01,1.362347352450370951e-05,9.360043569968151174e-06,1.332429056514758197e-05,9.999961438625679655e-01
2.070835315054605358e-02,-2.476865142985451296e-01,-2.476905758668327684e-01,9.999875090102333663e-01,-2.476843483340930574e-01,1.999987508997576491e+00,-2.476875094735646043e-01,2.477414817126326330e-01,3.209621887361401039e-06,1.036654357602524272e-05,1.047393419299101854e-05,9.999937544987882454e-01
2.071532760587508487e-02,-2.476865224938517296e-01,-2.476907231108752550e-01,9.999868395382541797e-01,-2.476889840984343172e-01,1.999986839524919180e+00,-2.476875596774103239e-01,2.477413505321903187e-01,1.263301432620337016e-06,1.060634308776213538e-05,1.033204896754522557e-05,9.999934197624594789e-01
2.072308069936003305e-02,-2.476865316040955944e-01,-2.476870938419562795e-01,9.999908487975940341e-01,-2.476819013376596046e-01,1.999990848788321340e+00,-2.476814693672587941e-01,2.477376075188997551e-01,2.782157011833290085e-06,7.349206903639001686e-06,7.338399689100130250e-06,9.999954243941605592e-01
2.073226858775886056e-02,-2.476865424002898108e-01,-2.476892773551055416e-01,9.999880419056634828e-01,-2.476714858194287994e-01,1.999988041893546509e+00,-2.476702643204144461e-01,2.477389645376910643e-01,1.835031717802928589e-05,1.256159222928483919e-05,1.771093002485897927e-05,9.999940209467732544e-01
2.074145537922091748e-02,-2.476865531951952804e-01,-2.476838100017056676e-01,9.999880811800874181e-01,-2.476691505510630331e-01,1.999988081168010412e+00,-2.476699004372615587e-01,2.477352878404602277e-01,7.009493453701522263e-06,1.475934407678135453e-05,1.419378538672001579e-05,9.999940405840052060e-01
2.075078885382745236e-02,-2.476865641624601266e-01,-2.476861487340170642e-01,9.999887983518875867e-01,-2.476782021977269599e-01,1.999988798340537333e+00,-2.476781680450287071e-01,2.477356468333700990e-01,2.838856241220486085e-06,9.484129030733991344e-06,9.300257513125244897e-06,9.999943991702686663e-01
2.076046474820662097e-02,-2.476865755320824258e-01,-2.476834522179989506e-01,9.999907460878714183e-01,-2.476609813592801079e-01,1.999990746078494697e+00,-2.476584811510167961e-01,2.477337191550439410e-01,1.633286066529577530e-05,7.965852635393989395e-06,1.714473109882376102e-05,9.999953730392472373e-01
2.077103995481960688e-02,-2.476865879584373709e-01,-2.476864818511979316e-01,9.999920171796914392e-01,-2.476604788225693354e-01,1.999992017171602576e+00,-2.476608493249806697e-01,2.477359669226563976e-01,1.948296023626637982e-05,1.044355427238408495e-05,1.868912702514888681e-05,9.999960085858012881e-01
2.078051460638899450e-02,-2.476865990915890769e-01,-2.476842090239440852e-01,9.999925406670695516e-01,-2.476832606315131635e-01,1.999992540659511153e+00,-2.476857138356445831e-01,2.477342925147336672e-01,1.325186158265047418e-06,5.499987150623268061e-06,5.213488720743784596e-06,9.999962703297555766e-01
2.079000133083829666e-02,-2.476866102389272961e-01,-2.476877868380690795e-01,9.999921419407806766e-01,-2.476767379132146507e-01,1.999992141932818379e+00,-2.476754408826245257e-01,2.477377433179509258e-01,8.283437692596247776e-06,8.216544428754132739e-06,9.416687709220275337e-06,9.999960709664090786e-01
2.080008908340082174e-02,-2.476866220925025008e-01,-2.476799326985583971e-01,9.999919237418537499e-01,-2.476749818792141067e-01,1.999991923733670296e+00,-2.476750687922733563e-01,2.477332523452592528e-01,7.236747149152102058e-06,8.180639168276817848e-06,8.136853479397996523e-06,9.999959618668351480e-01
2.081000534206148278e-02,-2.476866337445627342e-01,-2.476867935871201742e-01,9.999912915109336886e-01,-2.476755388715149164e-01,1.999991291502109414e+00,-2.476753546803094896e-01,2.477371802829680392e-01,2.162349921557917313e-05,1.752358771018144284e-05,2.344822094944358257e-05,9.999956457510547070e-01
2.081613388349646751e-02,-2.476866409458798879e-01,-2.476868793088315424e-01,9.999920760967754285e-01,-2.476738226864685366e-01,1.999992076088746407e+00,-2.476744728430359255e-01,2.477364459954688736e-01,1.344605212103082539e-05,1.082182111445639366e-05,1.091126050054045986e-05,9.999960380443732033e-01
2.082229463903381705e-02,-2.476866481850519552e-01,-2.476855435354841373e-01,9.999943353994233952e-01,-2.476809378019073915e-01,1.999994335393683542e+00,-2.476822450064277426e-01,2.477356001497818538e-01,1.396243993122996959e-07,2.991551841964966593e-06,3.302115559982867719e-06,9.999971676968417711e-01
2.083082730959148407e-02,-2.476866582113338155e-01,-2.476819576934191081e-01,9.999929365271462700e-01,-2.476768164625621493e-01,1.999992936519989106e+00,-2.476755283941532437e-01,2.477326404950178085e-01,8.441497122673524098e-06,1.004935647266232338e-05,1.008016088058148731e-05,9.999964682599944421e-01
2.084014149293564669e-02,-2.476866691559279354e-01,-2.476857730285680348e-01,9.999909884074866806e-01,-2.476804438674754250e-01,1.999990988398355318e+00,-2.476818053815634801e-01,2.477356646621703962e-01,4.947363816007677808e-06,1.450799247843795868e-06,3.953964916214510210e-06,9.999954941991776591e-01
2.085000241273944621e-02,-2.476866807429633777e-01,-2.476835382175838207e-01,9.999931581863307217e-01,-2.476926541120264835e-01,1.999993158179398378e+00,-2.476942384088323401e-01,2.477337578492991299e-01,-2.329783211929403827e-06,1.726409018301698733e-06,2.962286423392619233e-06,9.999965790896990780e-01
2.086045593803262030e-02,-2.476866930263386668e-01,-2.476850403059221994e-01,9.999930375768056878e-01,-2.476770007669485962e-01,1.999993037569750776e+00,-2.476756546399005166e-01,2.477347598846353360e-01,3.381724897242132685e-07,6.725625043763475613e-06,7.125912394272707866e-06,9.999965187848753878e-01
2.087069015726944476e-02,-2.476867050520197011e-01,-2.476867111573506364e-01,9.999927836060972242e-01,-2.476788003263452054e-01,1.999992783598784962e+00,-2.476788642475695745e-01,2.477362065716852968e-01,8.273312129734107685e-06,5.057148949591322002e-06,8.218177349639661745e-06,9.999963917993924811e-01
2.088060500977056977e-02,-2.476867167024300598e-01,-2.476844599803056934e-01,9.999926986655923722e-01,-2.476755946208812342e-01,1.999992698658194179e+00,-2.476747545941515583e-01,2.477345026847403153e-01,9.445968131410060060e-06,1.364027856793782762e-05,1.414415863224931134e-05,9.999963493290970895e-01
2.089134102555494088e-02,-2.476867293177430207e-01,-2.476856916332645098e-01,9.999912919661911870e-01,-2.476700257243846237e-01,1.999991291957367467e+00,-2.476696677722303730e-01,2.477352046335082048e-01,1.526568281091007456e-05,1.265053781080118727e-05,1.508869037583437274e-05,9.999956459786838447e-01
2.090182125816566691e-02,-2.476867416325001514e-01,-2.476822964563013818e-01,9.999919107835668619e-01,-2.476731844106211944e-01,1.999991910775370085e+00,-2.476728433479319924e-01,2.477323860109117426e-01,9.576439128476948128e-06,7.977859747712962116e-06,9.732073598982085265e-06,9.999959553876851537e-01
2.091194818128456340e-02,-2.476867535321013170e-01,-2.476853260171174298e-01,9.999921328311083268e-01,-2.476647975660200562e-01,1.999992132823136703e+00,-2.476647681010347435e-01,2.477353624979252156e-01,1.633879431506531638e-05,1.366404477756970342e-05,1.631449340095359818e-05,9.999960664115683517e-01
2.092295571466825516e-02,-2.476867664664588464e-01,-2.476884543729897248e-01,9.999937594349237457e-01,-2.476782035926956560e-01,1.999993759428600137e+00,-2.476789294902384253e-01,2.477384726072792420e-01,1.036896523272885093e-05,9.068638270862080486e-06,1.010189269481828949e-05,9.999968797143001797e-01
2.093466487965469497e-02,-2.476867802252666617e-01,-2.476837983593164205e-01,9.999919643804008329e-01,-2.476803719738158993e-01,1.999991964372258568e+00,-2.476818496990068896e-01,2.477338376302909984e-01,8.157298825561331375e-06,8.847462461663265426e-06,8.362534716225797935e-06,9.999959821861291731e-01
2.094502918915938650e-02,-2.476867924038085034e-01,-2.476862052671286174e-01,9.999898959729576209e-01,-2.476832794275713456e-01,1.999989895962719366e+00,-2.476817728108909877e-01,2.477358029119370864e-01,3.340083456185986967e-06,6.337004506342109507e-06,6.317315842481129256e-06,9.999949479813596831e-01
2.095677303948090958e-02,-2.476868062033752427e-01,-2.476880819429766734e-01,9.999927109271004033e-01,-2.476802844140563731e-01,1.999992710919714867e+00,-2.476815903367374783e-01,2.477381579798248468e-01,1.179159622405789276e-06,4.408215539961667243e-07,1.076939198146472017e-06,9.999963554598572113e-01
2.096350205640089281e-02,-2.476868141102795684e-01,-2.476916571907639975e-01,9.999917100497293099e-01,-2.476873273062720482e-01,1.999991710041329585e+00,-2.476883292058446873e-01,2.477417147020865018e-01,1.468321763392887390e-06,1.836631833178700534e-06,3.152976303581807704e-06,9.999958550206646812e-01
2.097194517440315042e-02,-2.476868240313341296e-01,-2.476945851112882513e-01,9.999911725576087207e-01,-2.476902433575144391e-01,1.999991172548663876e+00,-2.476904166136406349e-01,2.477442336657313116e-01,6.394708484355405514e-06,1.075233841393586453e-05,1.054368307397679359e-05,9.999955862743319379e-01
2.098259905529911012e-02,-2.476868365501352920e-01,-2.476862226816143597e-01,9.999879568710938749e-01,-2.476875053791748327e-01,1.999987956858890970e+00,-2.476862507996846485e-01,2.477392511833138300e-01,5.897466785539858115e-06,9.098397615471812944e-06,9.461399776017557074e-06,9.999939784294453737e-01
2.099551179858518551e-02,-2.476868517232062028e-01,-2.476818495812151966e-01,9.999846034414505702e-01,-2.476736761126469288e-01,1.999984603425849716e+00,-2.476736576879524365e-01,2.477317860962080509e-01,1.171347495748770660e-05,1.449568660100167116e-05,1.479187498472685050e-05,9.999923017129248581e-01
2.101030020277318278e-02,-2.476868691002637179e-01,-2.476867635245234289e-01,9.999932424192281566e-01,-2.476729647053333982e-01,1.999993242412380967e+00,-2.476725793310866619e-01,2.477364921304911483e-01,9.104592406213437712e-06,1.092385235003598352e-05,1.030164918462572386e-05,9.999966212061903725e-01
2.102021560673953890e-02,-2.476868807513210313e-01,-2.476861043785094640e-01,9.999945366141029801e-01,-2.476774762232838989e-01,1.999994536608567186e+00,-2.476779971727107177e-01,2.477356433282587034e-01,6.333149137372805698e-06,9.236720085274748820e-07,6.110119244110994443e-06,9.999972683042835930e-01
2.103003291259509036e-02,-2.476868922871088285e-01,-2.476869651501181491e-01,9.999918702388411740e-01,-2.476869292023451130e-01,1.999991870230603430e+00,-2.476880186029009612e-01,2.477366178115381623e-01,8.638208641287433058e-06,6.210393445437127991e-06,9.069354494080497176e-06,9.999959351153017151e-01
2.104189690949192365e-02,-2.476869062278513334e-01,-2.476904974198023413e-01,9.999908455749249026e-01,-2.476718952689105913e-01,1.999990845565648989e+00,-2.476713622846480056e-01,2.477402065473431891e-01,1.590898388879382960e-05,1.003418321088735455e-05,1.577711690959647333e-05,9.999954227828244946e-01
2.105397706050703144e-02,-2.476869204225861654e-01,-2.476824249587580851e-01,9.999896748110875810e-01,-2.476705004341208383e-01,1.999989674800625172e+00,-2.476700383842439512e-01,2.477335349460681457e-01,1.364531925875203123e-05,1.074057876012794280e-05,1.404663794946815492e-05,9.999948374003125862e-01
2.106445721280258976e-02,-2.476869327372480667e-01,-2.476832914567946298e-01,9.999884341347694550e-01,-2.476681210061801863e-01,1.999988434123049830e+00,-2.476683676379943799e-01,2.477328068533453942e-01,1.454718767200000719e-05,1.187330802314869948e-05,1.344039255590771384e-05,9.999942170615249148e-01
2.107283755617968615e-02,-2.476869425845374117e-01,-2.476816677754695439e-01,9.999922629135679086e-01,-2.476735963838534171e-01,1.999992262905728291e+00,-2.476729888400945878e-01,2.477321005625016115e-01,4.407536732978486098e-06,3.669100758757624963e-06,4.235366436843106886e-06,9.999961314528641454e-01
2.108318990287849984e-02,-2.476869547490210544e-01,-2.476775787398087791e-01,9.999941089134758432e-01,-2.476621508929600646e-01,1.999994108907506396e+00,-2.476625937193034643e-01,2.477280230594702537e-01,7.180420646783729555e-06,5.393041750107262229e-06,7.161623187550460992e-06,9.999970544537533090e-01
2.109515856573079134e-02,-2.476869688127517066e-01,-2.476838771995754362e-01,9.999957338012102070e-01,-2.476725951662599456e-01,1.999995733796887443e+00,-2.476724651267034061e-01,2.477335661463385408e-01,6.442727315372584636e-06,4.294574536018961988e-06,6.583160586060910871e-06,9.999978668984437213e-01
2.110426456716294266e-02,-2.476869795127220608e-01,-2.476831510553679783e-01,9.999983558078868739e-01,-2.476755292406231379e-01,1.999998355806220873e+00,-2.476774836287568282e-01,2.477330027570291415e-01,3.642361858184411754e-06,2.730206751799505671e-06,2.558389897553899433e-06,9.999991779031104366e-01
2.111298218431300472e-02,-2.476869897563230005e-01,-2.476853805738226388e-01,9.999951745400950109e-01,-2.476872597134654463e-01,1.999995174535205589e+00,-2.476876026966321753e-01,2.477349682506052586e-01,1.962333255306278417e-08,2.578111648875901357e-06,3.375605947971183411e-06,9.999975872676026833e-01
2.112188973514695853e-02,-2.476870002231064127e-01,-2.476861193687207308e-01,9.999940239879486770e-01,-2.476813045019933268e-01,1.999994023981893188e+00,-2.476805797741488124e-01,2.477360214570556163e-01,8.513065976267597293e-06,8.254611131470740635e-06,8.966322033440343430e-06,9.999970119909467048e-01
2.113189855662949562e-02,-2.476870119839336970e-01,-2.476899339042394621e-01,9.999929436840264696e-01,-2.476764746289601971e-01,1.999992943676876189e+00,-2.476769986632539611e-01,2.477396003044933515e-01,8.150080836282463096e-06,1.467337611271270257e-05,1.398342913963557176e-05,9.999964718384382056e-01
2.114116553173583934e-02,-2.476870228730576606e-01,-2.476904851769992921e-01,9.999915088876183411e-01,-2.476882058942598830e-01,1.999991508879014557e+00,-2.476893777823580556e-01,2.477400081324694636e-01,2.566454513400962919e-06,6.348323180175957197e-06,6.292123890872974516e-06,9.999957544395072784e-01
2.115002558881835457e-02,-2.476870332840330202e-01,-2.476873994171052140e-01,9.999893138379698510e-01,-2.476836626888353765e-01,1.999989313827141846e+00,-2.476828118639183285e-01,2.477379268990685668e-01,6.498801420162778559e-06,9.908462827524536188e-06,1.042375653368455490e-05,9.999946569135709229e-01
2.116003165668431038e-02,-2.476870450416256142e-01,-2.476876096381197268e-01,9.999872830606026941e-01,-2.476620493483056851e-01,1.999987283047716780e+00,-2.476598388287321872e-01,2.477371850269265430e-01,2.366748674208960884e-05,1.344503885826111247e-05,2.528658177397466231e-05,9.999936415238583898e-01
2.117000622265624576e-02,-2.476870567513567434e-01,-2.476810991936635176e-01,9.999884559030611797e-01,-2.476771022655782362e-01,1.999988455891363870e+00,-2.476793335866989409e-01,2.477334439853403625e-01,1.407978102471022617e-05,1.532903990103927174e-05,1.540386652040818996e-05,9.999942279456819350e-01
2.117550110428068413e-02,-2.476869829109053234e-01,-2.476838616740707488e-01,9.999894379053341220e-01,-2.476768871111396098e-01,1.999989437894631683e+00,-2.476768029665878112e-01,2.477341671068084283e-01,9.884605856345644761e-06,8.111259710416710055e-06,8.946553615104985507e-06,9.999947189473158415e-01
2.118206912693660141e-02,-2.476869149338657983e-01,-2.476875301295033416e-01,9.999903518183959061e-01,-2.476781772115057567e-01,1.999990351808619726e+00,-2.476786580106226654e-01,2.477369983549735366e-01,4.574357754991500821e-06,1.326770727231776119e-06,4.789509474721696538e-06,9.999951759043097521e-01
2.119098439638000472e-02,-2.476868488418786929e-01,-2.476840188987055602e-01,9.999933546634799386e-01,-2.476701026113516668e-01,1.999993354656746325e+00,-2.476683138235291071e-01,2.477347119968964229e-01,1.311425815582322782e-05,1.114331856735803639e-05,1.403059841834719791e-05,9.999966773283731625e-01
2.120095427286535980e-02,-2.476867997335296390e-01,-2.476804525930437206e-01,9.999923122978469081e-01,-2.476530086151785548e-01,1.999992312290057361e+00,-2.476529074538266761e-01,2.477308618024184061e-01,1.951065007485608199e-05,1.640652516242917377e-05,1.965183672044657593e-05,9.999961561450285696e-01
2.121065771061710417e-02,-2.476867685741109826e-01,-2.476829945223132934e-01,9.999919632022851168e-01,-2.476791533854000582e-01,1.999991963194141853e+00,-2.476813973437347050e-01,2.477329866552823723e-01,7.908678425421453273e-06,7.519161805844963840e-06,7.181033363044223112e-06,9.999959815970708155e-01
2.122013143742113722e-02,-2.476867485225709431e-01,-2.476888875478129859e-01,9.999949079437953081e-01,-2.476763122840662523e-01,1.999994907938635658e+00,-2.476756275553112230e-01,2.477390029691282358e-01,1.353345348872645860e-05,2.359325554012988148e-06,1.409844083767052080e-05,9.999974539693178288e-01
2.123065820421904046e-02,-2.476867340651179028e-01,-2.476904356684447028e-01,9.999948990916848190e-01,-2.476814551021116195e-01,1.999994899086515954e+00,-2.476818646909058341e-01,2.477399044743459067e-01,1.039329137363450309e-05,5.615164446490728568e-06,1.019716566233029343e-05,9.999974495432580879e-01
2.124170010632461802e-02,-2.476867245584737920e-01,-2.476839931169729503e-01,9.999901387179319645e-01,-2.476838162298318768e-01,1.999990138707939735e+00,-2.476831581061611776e-01,2.477356957750405375e-01,5.329773440769891530e-06,7.335048828471227044e-06,7.852246487283805735e-06,9.999950693539698676e-01
2.125303516356111255e-02,-2.476867185448752007e-01,-2.476836620903664909e-01,9.999878954449817892e-01,-2.476730627031771825e-01,1.999987895432716600e+00,-2.476730739536037729e-01,2.477341337255853093e-01,1.162218254154240302e-05,1.062845119424690392e-05,1.211571812420855136e-05,9.999939477163581891e-01
2.126524471961005122e-02,-2.476867146439702128e-01,-2.476920100668562885e-01,9.999924684609816650e-01,-2.476810903823749854e-01,1.999992468453350103e+00,-2.476818169935974812e-01,2.477416693247398993e-01,1.054549169747023027e-05,7.345389434168893721e-06,1.011784877070835462e-05,9.999962342266750515e-01
2.127394147058919022e-02,-2.476867128824271902e-01,-2.476919396445386723e-01,9.999933234585777209e-01,-2.476826477295145656e-01,1.999993323451812799e+00,-2.476820981919730935e-01,2.477416253646186617e-01,9.292574878741861427e-06,7.457701723107459027e-06,9.218366174953003569e-06,9.999966617259062884e-01
2.128247929030737881e-02,-2.476867116871510066e-01,-2.476897501813711544e-01,9.999887327779967139e-01,-2.476775529731209680e-01,1.999988732766579957e+00,-2.476770658522606805e-01,2.477398997186631424e-01,1.054275524832755480e-05,6.408801634057737312e-06,1.118577883284862875e-05,9.999943663832899787e-01
2.129213088773844464e-02,-2.476867107680334468e-01,-2.476873192315605376e-01,9.999854336586857517e-01,-2.476694190251485517e-01,1.999985433643926003e+00,-2.476688805378665093e-01,2.477372723421415457e-01,1.745783307584200303e-05,1.493800311670568161e-05,1.722901529785485152e-05,9.999927168219630014e-01
2.130234901755983026e-02,-2.476867101268638294e-01,-2.476873543817153522e-01,9.999865421863206594e-01,-2.476750728380211763e-01,1.999986542172684123e+00,-2.476762481734711141e-01,2.477370656745966904e-01,9.825629856848391044e-06,7.690129346014926213e-06,9.828099961893358176e-06,9.999932710863420615e-01
2.131160086351134228e-02,-2.476867097392932426e-01,-2.476885391654831126e-01,9.999887756944200179e-01,-2.476824465522062257e-01,1.999988775683046338e+00,-2.476823663699834199e-01,2.477381228398455315e-01,1.069455828340684902e-05,5.625302779277588131e-06,1.037969336118171384e-05,9.999943878415233911e-01
2.132089678293613844e-02,-2.476867094714485240e-01,-2.476842824465251003e-01,9.999898179736740333e-01,-2.476719184794455852e-01,1.999989817963356620e+00,-2.476708798043623927e-01,2.477349703979697670e-01,1.416898138454133242e-05,2.084738450171935213e-05,2.066306789444624512e-05,9.999949089816783099e-01
2.133002183672314325e-02,-2.476867092878718701e-01,-2.476987878664578258e-01,9.999893591858404207e-01,-2.476887452330520378e-01,1.999989359175058379e+00,-2.476914312118131956e-01,2.477499776127631004e-01,5.975572617840587975e-06,8.110598388438965066e-06,6.618088951235264722e-06,9.999946795875291894e-01
2.133473453482164287e-02,-2.476867092149559191e-01,-2.476998982722960485e-01,9.999896511641743757e-01,-2.476897851109654269e-01,1.999989651153688097e+00,-2.476881750093044565e-01,2.477494115407480879e-01,7.810764503608066655e-06,9.620882893962586201e-06,1.033621641315698269e-05,9.999948255768440486e-01
2.134394409852188867e-02,-2.476867091032829704e-01,-2.476933540539237588e-01,9.999896228146399890e-01,-2.476753482505595072e-01,1.999989622804124956e+00,-2.476743503461115437e-01,2.477474032842590101e-01,1.771034463380554452e-05,1.307495261150551382e-05,1.822163989913967505e-05,9.999948114020624779e-01
2.135342948661945323e-02,-2.476867090188070719e-01,-2.476822944604258891e-01,9.999814760325093088e-01,-2.476650922001121524e-01,1.999981476013739545e+00,-2.476653951571375079e-01,2.477362360431401844e-01,2.277383666349062189e-05,1.841972430343116410e-05,2.265436054717053275e-05,9.999907380068697726e-01
2.136345317117226833e-02,-2.476867089517757747e-01,-2.476891737286889272e-01,9.999808022208374059e-01,-2.476722225028858693e-01,1.999980802201384744e+00,-2.476717884693616090e-01,2.477386422824961187e-01,2.196727372131359828e-05,2.499608622161072870e-05,2.491280014626379236e-05,9.999904011006923721e-01
2.137329114190166315e-02,-2.476867089005194700e-01,-2.476875335191826843e-01,9.999907185898143647e-01,-2.476709950381448533e-01,1.999990718580409998e+00,-2.476719529942287279e-01,2.477375566426711639e-01,2.060420242370633825e-05,1.728237912663673647e-05,1.857846501984560859e-05,9.999953592902048882e-01
2.138204977693085665e-02,-2.476867088628705027e-01,-2.476855041884689357e-01,9.999906829732551072e-01,-2.476784092227357348e-01,1.999990682963814326e+00,-2.476785343615206247e-01,2.477354864003580293e-01,8.783365983481669946e-06,1.052225753722749743e-05,1.074964028987789067e-05,9.999953414819071629e-01
2.139145464234034136e-02,-2.476867088280229334e-01,-2.476900560659335004e-01,9.999890007209579768e-01,-2.476746257156648701e-01,1.999989000709812670e+00,-2.476745945665688731e-01,2.477395247960025859e-01,1.632613369858591673e-05,1.228824362574597906e-05,1.595895489225158601e-05,9.999945003549063349e-01
2.140200111228057755e-02,-2.476867087934903067e-01,-2.476868425509533012e-01,9.999906407880829740e-01,-2.476798966856441353e-01,1.999990640778599449e+00,-2.476805726763064985e-01,2.477370939750969947e-01,8.935614355753859457e-06,1.160408054045726790e-05,1.202821278909987027e-05,9.999953203892997244e-01
2.141286336610478611e-02,-2.476867087611424878e-01,-2.476849180552935237e-01,9.999888384721595802e-01,-2.476770868092494360e-01,1.999988838460849738e+00,-2.476758833920596481e-01,2.477349934507360185e-01,1.655501864989401711e-05,1.747496061091104622e-05,1.725828089257554294e-05,9.999944192304248691e-01
2.142556765075335698e-02,-2.476867087258492750e-01,-2.476799476530953947e-01,9.999900526144558377e-01,-2.476667370981519289e-01,1.999990052604376345e+00,-2.476656816419212925e-01,2.477305303251570168e-01,1.309781504438897630e-05,1.098656112084192743e-05,1.317502419194047703e-05,9.999950263021881725e-01
2.143937502309756216e-02,-2.476867086893061176e-01,-2.476854289994345482e-01,9.999935333705550766e-01,-2.476853529642968621e-01,1.999993533364002651e+00,-2.476886261090763264e-01,2.477358543105683542e-01,1.858031461492723858e-06,3.509181748180462985e-06,2.939045765575768992e-06,9.999967666820013257e-01
2.145007503034705026e-02,-2.476867086617443592e-01,-2.476806829513924502e-01,9.999969176905127988e-01,-2.476879068729396505e-01,1.999996917687389519e+00,-2.476872801727741658e-01,2.477325493538212742e-01,-6.319054820231972039e-06,-4.563241315953704719e-06,6.876062081330522522e-06,9.999984588436947597e-01
2.146005523553014271e-02,-2.476867086363950810e-01,-2.476836632397803606e-01,9.999946904129193292e-01,-2.476746363637020165e-01,1.999994690407539188e+00,-2.476728792161382864e-01,2.477336348458648030e-01,1.908558749474276194e-06,1.833776233958249849e-06,3.256538660927517302e-06,9.999973452037695942e-01
2.147227654513880410e-02,-2.476867086056461220e-01,-2.476942399070485579e-01,9.999947008461875786e-01,-2.476802308015378373e-01,1.999994700840818096e+00,-2.476809160419141953e-01,2.477437094729113276e-01,1.062082946874394457e-05,5.334824706422998711e-06,1.010616843064310293e-05,9.999973504204090480e-01
2.148239156384988344e-02,-2.476867085803510504e-01,-2.476909366816371083e-01,9.999932354792184785e-01,-2.476864094079474776e-01,1.999993235472363962e+00,-2.476864694095017583e-01,2.477417696665296654e-01,5.067144867822945411e-06,2.820074233039613113e-06,4.963761554073710394e-06,9.999966177361820918e-01
2.149415378451677294e-02,-2.476867085510432720e-01,-2.476834848306568027e-01,9.999855185668906632e-01,-2.476733879786359449e-01,1.999985518552216845e+00,-2.476710724299805988e-01,2.477349103320202750e-01,9.982157834780971202e-06,1.234721291733656545e-05,1.263579981134706884e-05,9.999927592761084227e-01
2.151000136025413637e-02,-2.476867085116602474e-01,-2.476861229462172242e-01,9.999892485503334427e-01,-2.476803421213804313e-01,1.999989248539439046e+00,-2.476830011162071687e-01,2.477361096863687218e-01,7.087155289209101947e-07,7.545327524569499101e-06,6.878663274857667729e-06,9.999946242697195231e-01
2.151377439665467031e-02,-2.476867085022941839e-01,-2.476840674575487289e-01,9.999913649403215921e-01,-2.476802995204555047e-01,1.999991364931571924e+00,-2.476783768055299539e-01,2.477346114913594188e-01,4.152606069329733568e-06,6.159197548286413433e-06,5.923970458210644111e-06,9.999956824657859622e-01
2.152270030557318012e-02,-2.476867084801491758e-01,-2.476790836972464493e-01,9.999938466166966577e-01,-2.476633033933454964e-01,1.999993846610461423e+00,-2.476647834814286186e-01,2.477299114572470984e-01,1.576524509524261316e-05,4.958480695621395230e-06,1.452263218604982095e-05,9.999969233052307116e-01
2.153187328670838271e-02,-2.476867084574028433e-01,-2.476843382086841294e-01,9.999929847281315842e-01,-2.476847955361572706e-01,1.999992984721023159e+00,-2.476850803099764076e-01,2.477339349368274934e-01,4.988150029813074385e-06,4.185704512492530880e-06,5.229774064729459939e-06,9.999964923605115796e-01
2.154135643237347839e-02,-2.476867084338960079e-01,-2.476766345206535269e-01,9.999956712058836183e-01,-2.476741525764614149e-01,1.999995671201497460e+00,-2.476738638350125532e-01,2.477294420735468294e-01,8.578467080289550717e-06,6.817303155276632963e-06,7.917111944727941064e-06,9.999978356007487301e-01
2.155058427754631689e-02,-2.476867084110279393e-01,-2.476810615806032956e-01,9.999953564397908723e-01,-2.476846367476414623e-01,1.999995356435085858e+00,-2.476855428644842427e-01,2.477314533908615557e-01,1.283053838076961775e-07,6.081646629899656550e-06,6.113544521774363481e-06,9.999976782175428180e-01
2.156026071895296783e-02,-2.476867083870530062e-01,-2.476930733746304514e-01,9.999969498756483555e-01,-2.476881127273929950e-01,1.999996949872557606e+00,-2.476886850058180045e-01,2.477434108500415066e-01,4.035990599379632835e-06,2.294924162336668937e-06,4.016913960372407624e-06,9.999984749362789138e-01
2.157002148999999716e-02,-2.476862166829403855e-01,-2.476863286939219866e-01,9.999974493969735478e-01,-2.476794748190637996e-01,1.999997449394389060e+00,-2.476778588758622168e-01,2.477390035506631949e-01,4.682191289335640926e-06,3.481091929270216065e-06,5.193331694702084316e-06,9.999987246971945298e-01
2.158000000000000543e-02,-2.476817785193653476e-01,-2.476819877959770266e-01,9.999899541027528205e-01,-2.476658574953098657e-01,1.999989954092573630e+00,-2.476649988758782006e-01,2.477316842701494659e-01,1.199242775482034912e-05,1.077640074022903728e-05,1.289028099792391099e-05,9.999949770462867038e-01
2.159095926270484384e-02,-2.476817913970069396e-01,-2.476852686025199646e-01,9.999896885272820946e-01,-2.476682918346022333e-01,1.999989688516833564e+00,-2.476698741139770066e-01,2.477351979707250740e-01,9.115015613774977301e-06,8.706628548629205300e-06,8.719584551206553102e-06,9.999948442584167818e-01
2.160088098593650890e-02,-2.476818030554915895e-01,-2.476891495653352204e-01,9.999945958209709440e-01,-2.476779297150274450e-01,1.999994595815494991e+00,-2.476779570808115005e-01,2.477386181143153565e-01,1.334947037163153764e-05,8.986016734844414720e-06,1.327506373717640247e-05,9.999972979077474955e-01
2.161051507342081138e-02,-2.476818143759900726e-01,-2.476787987088902299e-01,9.999931683361888979e-01,-2.476776043287382822e-01,1.999993168329266435e+00,-2.476778360537161272e-01,2.477336780798291838e-01,3.770766331352720945e-06,5.001390316579487540e-06,5.150582530246807845e-06,9.999965841646332176e-01
2.162029901833348658e-02,-2.476818258725784760e-01,-2.476823714836912382e-01,9.999903027196654914e-01,-2.476854426203435044e-01,1.999990302709839574e+00,-2.476860422417356822e-01,2.477323781715560502e-01,4.366535434663544471e-06,1.244984627848705512e-05,1.296646691400425328e-05,9.999951513549197868e-01
2.163096110225829968e-02,-2.476818384010214258e-01,-2.476871554837536127e-01,9.999942139741236913e-01,-2.476881663722906302e-01,1.999994213968260937e+00,-2.476880087636166849e-01,2.477366236343818973e-01,4.501272245335499172e-06,7.606136263064670804e-06,7.124141167769970787e-06,9.999971069841304683e-01
2.164283464381073357e-02,-2.476818523529818461e-01,-2.476816341984083569e-01,9.999951284124715123e-01,-2.476678340438768500e-01,1.999995128407535239e+00,-2.476672175514233465e-01,2.477319581918215052e-01,1.144062535642718525e-05,7.863042274398687154e-06,1.211543798259662884e-05,9.999975642037676193e-01
2.165447971768193203e-02,-2.476818660364841218e-01,-2.476799594373491065e-01,9.999919928487159826e-01,-2.476633377126388202e-01,1.999991992840602473e+00,-2.476623270184901138e-01,2.477319288331480962e-01,1.628107148155070869e-05,8.220715359645998401e-06,1.630884380052631164e-05,9.999959964203012364e-01
2.166838097371509911e-02,-2.476818823711039175e-01,-2.476773838969426322e-01,9.999946272184224716e-01,-2.476651404169082360e-01,1.999994627212978493e+00,-2.476665096300520452e-01,2.477276448496185390e-01,6.269539719437249892e-06,9.420818295626938693e-06,9.554643174360574393e-06,9.999973136064892465e-01
2.167388508933858204e-02,-2.476818888386941586e-01,-2.476814077943381709e-01,9.999956548454819183e-01,-2.476724994893362009e-01,1.999995654841078885e+00,-2.476736772526943742e-01,2.477316797617413469e-01,4.469893175536649253e-06,7.417507599784144838e-06,6.529706212085580410e-06,9.999978274205395534e-01
2.169000044842858341e-02,-2.476819077749894960e-01,-2.476837578926883165e-01,1.000000470478887404e+00,-2.476799622517822375e-01,2.000000470479363912e+00,-2.476790792890598558e-01,2.477340714765524365e-01,1.154093157331366221e-06,-5.659810258919440022e-06,5.712634976100652905e-06,1.000000235239681956e+00
2.169374607249672723e-02,-2.476819121762702247e-01,-2.476824055921587053e-01,9.999984739231670972e-01,-2.476811711428936191e-01,1.999998473921620556e+00,-2.476817075834374382e-01,2.477329075743180398e-01,-1.211329109428658525e-07,2.292475660969102668e-08,2.106959212342865135e-06,9.999992369608103893e-01
2.170098398216952634e-02,-2.476819206811505525e-01,-2.476796124284360578e-01,9.999941010775365013e-01,-2.476823121343064704e-01,1.999994101071559394e+00,-2.476814463864381588e-01,2.477302843913829489e-01,2.111091901166870732e-06,1.476179119190083540e-05,1.530780022967357594e-05,9.999970505357796968e-01
2.171034166086250466e-02,-2.476819316768576196e-01,-2.476741887091874483e-01,9.999928598460888773e-01,-2.476709966603442281e-01,1.999992859838853887e+00,-2.476700894845665912e-01,2.477258757971158021e-01,1.016652271441196380e-05,9.154368727364087507e-06,1.039379109226824834e-05,9.999964299194269435e-01
2.172004956257320499e-02,-2.476819430840918879e-01,-2.476764810714332243e-01,9.999958658054344252e-01,-2.476613981063941761e-01,1.999995865801245554e+00,-2.476603298961983224e-01,2.477263162469685864e-01,1.816682421526196075e-05,1.230326091588886388e-05,1.901592282201514019e-05,9.999979329006226658e-01
2.172661334419036597e-02,-2.476819507968378020e-01,-2.476782620430940940e-01,9.999987977629326563e-01,-2.476684053378586103e-01,1.999998797761714409e+00,-2.476707396763179747e-01,2.477280639602066348e-01,5.460357960716993297e-06,3.522829226313784942e-06,2.690972318692888944e-06,9.999993988808572043e-01
2.173305362597261620e-02,-2.476819583644660205e-01,-2.476787598269841462e-01,1.000001294344554870e+00,-2.476819084257510517e-01,2.000001294345866043e+00,-2.476824994422394954e-01,2.477283710365833780e-01,-7.491183349151401218e-06,-3.026351135007638363e-06,7.583189735725710951e-06,1.000000647172933244e+00
2.174164043265775295e-02,-2.476819684543612177e-01,-2.476776917790841914e-01,1.000001185211925492e+00,-2.476783134772736206e-01,2.000001185213126309e+00,-2.476783646957430307e-01,2.477284532699173258e-01,-3.090539442390585129e-06,5.014738165487563055e-07,2.375498250806610590e-06,1.000000592606563155e+00
2.175131652752464867e-02,-2.476819798242217152e-01,-2.476913678623110793e-01,9.999991611087076793e-01,-2.476906891117623688e-01,1.999999161107857581e+00,-2.476916418186853597e-01,2.477408368544338768e-01,1.070864406286890870e-08,-3.525374019998534573e-06,2.979041925252166494e-06,9.999995805539287907e-01
2.176067336246532979e-02,-2.476819908189364372e-01,-2.476848132830739846e-01,9.999987710821347520e-01,-2.476832045908367586e-01,1.999998771080889526e+00,-2.476813485856230734e-01,2.477370158502331388e-01,7.392051142370002554e-06,3.772255524462262190e-06,7.679203994601727101e-06,9.999993855404447629e-01
2.177000058300215465e-02,-2.476820017788509132e-01,-2.476855547089825693e-01,9.999927844699273427e-01,-2.476765795963847827e-01,1.999992784462615969e+00,-2.476760128981802533e-01,2.477352212809317555e-01,-7.421437048063830848e-07,1.537793745518655837e-06,1.526338514069012066e-06,9.999963922313079845e-01
2.177369303195611852e-02,-2.476820061176474852e-01,-2.476857805354684972e-01,9.999902069527430992e-01,-2.476769097668972686e-01,1.999990206942820148e+00,-2.476763884549690320e-01,2.477353566488468550e-01,2.448576566986714672e-06,7.094946802576796172e-06,8.953479378057718798e-06,9.999951034714099629e-01
2.178224177110334517e-02,-2.476820161628107142e-01,-2.476858667023607019e-01,9.999904566767661152e-01,-2.476708754007884428e-01,1.999990456667096073e+00,-2.476701756076568339e-01,2.477353944403251629e-01,1.511767030163854326e-05,1.639941952404319375e-05,1.579544547215922884e-05,9.999952283335480363e-01
2.179163930525705034e-02,-2.476820272053472105e-01,-2.476842408084805602e-01,9.999917625537145804e-01,-2.476703440378071053e-01,1.999991762545367813e+00,-2.476706759177033090e-01,2.477342263741760531e-01,1.573484376761913423e-05,1.023853900935946706e-05,1.496681745178359472e-05,9.999958812726839064e-01
2.180445836399299078e-02,-2.476820422683349565e-01,-2.476786627192307244e-01,9.999915300211954516e-01,-2.476766204686102757e-01,1.999991530012613206e+00,-2.476770700991272889e-01,2.477286123339745016e-01,5.207538756128574615e-06,8.943349064740337807e-06,9.248053979185279615e-06,9.999957650063064918e-01
2.181350800224878331e-02,-2.476820529020799244e-01,-2.476789154213546729e-01,9.999930262816022486e-01,-2.476781563059713975e-01,1.999993026274536012e+00,-2.476773650326397347e-01,2.477285928565338968e-01,2.731655434137062581e-06,1.039777600384810284e-05,1.031601696028255971e-05,9.999965131372680061e-01
2.182335928301066055e-02,-2.476820644777906755e-01,-2.476820574132992947e-01,9.999968640022601774e-01,-2.476761201991992123e-01,1.999996863999082386e+00,-2.476783749057480388e-01,2.477324272782510106e-01,4.431924145723199799e-06,5.355967245446859565e-06,3.911132822004510844e-06,9.999984319995411930e-01
2.183152120083272502e-02,-2.476820740684232969e-01,-2.476877711700355145e-01,9.999983094859885568e-01,-2.476959435968391354e-01,1.999998309484275483e+00,-2.476955616764734136e-01,2.477372394436576641e-01,-4.300418115985527184e-06,-3.771002223785917504e-06,3.482446603849970528e-06,9.999991547421377414e-01
2.184017758915356155e-02,-2.476820842400804246e-01,-2.476807839671553158e-01,9.999974839708419827e-01,-2.476644287695685120e-01,1.999997483968292578e+00,-2.476603313290553221e-01,2.477335201653012853e-01,1.534276413793163430e-05,7.203184873615734077e-06,1.750446234654361586e-05,9.999987419841462888e-01
2.184591434257518797e-02,-2.476820909810298343e-01,-2.476815985649533369e-01,9.999952432939567259e-01,-2.476696797915891313e-01,1.999995243289137026e+00,-2.476727164969400874e-01,2.477314430116182853e-01,9.948931174221763762e-06,7.344515238750830494e-06,8.188206934516875353e-06,9.999976216445685129e-01
2.185274757562532741e-02,-2.476820990103948961e-01,-2.476825652483427009e-01,9.999922848953749499e-01,-2.476861489504343650e-01,1.999992284887557314e+00,-2.476859417407488995e-01,2.477321584465660143e-01,2.848615552848808975e-06,9.000508168147069944e-06,1.001205039064776004e-05,9.999961424437786572e-01
2.186135008949060057e-02,-2.476821091187465518e-01,-2.476801561970118637e-01,9.999938888622164068e-01,-2.476776452449074017e-01,1.999993888856024027e+00,-2.476766001445825371e-01,2.477302120066239011e-01,1.120119243544110870e-05,1.363190870898458741e-05,1.251569776609383264e-05,9.999969444280121245e-01
2.187028353036443717e-02,-2.476821196159528782e-01,-2.476824412528532415e-01,9.999952421490591048e-01,-2.476785674098232193e-01,1.999995242144237961e+00,-2.476788076855946652e-01,2.477322316688802817e-01,7.320310294724731868e-06,8.908083687157998861e-07,6.755551682383035941e-06,9.999976210721189807e-01
2.187588248606786925e-02,-2.476821261949835873e-01,-2.476835881688480567e-01,9.999953209597390869e-01,-2.476738686663677580e-01,1.999995320954998101e+00,-2.476721720891548184e-01,2.477333193310531090e-01,1.082533304385272336e-05,6.280026821836977610e-06,1.205123457300461958e-05,9.999976604774989397e-01
2.188391102105976746e-02,-2.476821356288833043e-01,-2.476830538081329913e-01,9.999961132700986299e-01,-2.476641528623398925e-01,1.999996113266160336e+00,-2.476641957333763355e-01,2.477331567289316194e-01,1.789220283309680569e-05,1.089942915246278669e-05,1.785396061182499571e-05,9.999980566330801679e-01
2.189441067403239891e-02,-2.476821479664626513e-01,-2.476807668256255091e-01,9.999948051443893204e-01,-2.476645227375201819e-01,1.999994805139125420e+00,-2.476643386638043565e-01,2.477306951851656891e-01,1.502248725340069908e-05,9.997108717691783383e-06,1.453140144332728565e-05,9.999974025695627100e-01
2.190497040324696637e-02,-2.476821603746340306e-01,-2.476839092730054870e-01,9.999941333643355135e-01,-2.476635173418632874e-01,1.999994133358391046e+00,-2.476633832134667035e-01,2.477335735422372953e-01,1.461949593565989090e-05,1.368764491428683427e-05,1.517519944167852757e-05,9.999970666791955232e-01
2.191939049190605796e-02,-2.476821773189070430e-01,-2.476865550216692802e-01,9.999955434563900791e-01,-2.476743691238084133e-01,1.999995543451874580e+00,-2.476757385470365058e-01,2.477363171599902825e-01,1.118435129424577312e-05,8.636713827115660770e-06,1.059230848490317775e-05,9.999977717259371790e-01
2.193021164464425271e-02,-2.476821900342634220e-01,-2.476850739143302560e-01,9.999932205617072523e-01,-2.476836769508332370e-01,1.999993220554838080e+00,-2.476845125272243986e-01,2.477349524248906865e-01,3.520589527030860513e-07,2.352034197218571508e-07,8.729440084324030278e-07,9.999966102774189292e-01
2.193855695801136610e-02,-2.476821998403916092e-01,-2.476825369724203196e-01,9.999917520943140126e-01,-2.476816954355681721e-01,1.999991752085956254e+00,-2.476809155587471056e-01,2.477328796873017602e-01,-9.247732545566439935e-07,7.209402825702714984e-06,8.220845033323311959e-06,9.999958760429783489e-01
2.194434633602350068e-02,-2.476822066431786096e-01,-2.476825004009868825e-01,9.999911945701881466e-01,-2.476772506510232230e-01,1.999991194561265617e+00,-2.476763408113813181e-01,2.477322472419723198e-01,6.268428122465269413e-06,1.076602262369263275e-05,1.106795912868721617e-05,9.999955972806329196e-01
2.195333819715080889e-02,-2.476822172090307195e-01,-2.476830571112643431e-01,9.999922244036906216e-01,-2.476678003014292362e-01,1.999992224395811924e+00,-2.476658641797364058e-01,2.477327592711275339e-01,1.682140120707162451e-05,1.064201211667881584e-05,1.641026105458934329e-05,9.999961121979059619e-01
2.196926470654733676e-02,-2.476822359234165938e-01,-2.476774841227404877e-01,9.999943456212616599e-01,-2.476697764860482098e-01,1.999994345615532243e+00,-2.476709113901991721e-01,2.477279304468033017e-01,4.144970537109686823e-06,1.941075662058028482e-06,3.269055476289556544e-06,9.999971728077661215e-01
2.198007087261278497e-02,-2.476822486211602836e-01,-2.476806681885131423e-01,9.999954768269861960e-01,-2.476759160739396559e-01,1.999995476822402862e+00,-2.476765851343357416e-01,2.477305958059128621e-01,2.512096738332224402e-06,2.564003297705969277e-06,2.545768549719949195e-06,9.999977384112014311e-01
2.199061985317388862e-02,-2.476822610167001837e-01,-2.476817566545385652e-01,9.999984660991116936e-01,-2.476904155585745726e-01,1.999998466097557603e+00,-2.476915532591867364e-01,2.477315199993413430e-01,-4.739953594491125317e-06,3.789843485890420300e-07,4.416860265816351059e-06,9.999992330487788017e-01
2.200002447816398754e-02,-2.476822720675695422e-01,-2.476854531381263713e-01,9.999979452507600231e-01,-2.476724667039211514e-01,1.999997945248677800e+00,-2.476696701156975433e-01,2.477353631828779768e-01,1.240843019154775461e-05,3.450777702329527014e-06,1.453150466497259425e-05,9.999989726243390109e-01
2.200479016239191565e-02,-2.476822776674672821e-01,-2.476811542043406422e-01,9.999968331097565111e-01,-2.476714034148179144e-01,1.999996833106547633e+00,-2.476722799983349099e-01,2.477333139963110442e-01,5.771664572227722230e-06,1.188982739715291510e-06,3.229701811135242019e-06,9.999984165532738167e-01
2.201243851594954226e-02,-2.476822866546369295e-01,-2.476745453268695829e-01,9.999953840218267498e-01,-2.476806403354067099e-01,1.999995384017149380e+00,-2.476812075302377014e-01,2.477277632034597110e-01,-1.002337350471614439e-05,-3.629767129449675013e-06,9.865389847387803592e-06,9.999976920085746901e-01
2.202181569204491804e-02,-2.476822976732519221e-01,-2.476799044041670117e-01,9.999939403310157404e-01,-2.476803563761781068e-01,1.999993940324875874e+00,-2.476808997390077538e-01,2.477297873819985785e-01,-5.368671743078076572e-06,-3.822485406082486646e-06,5.208778247114751338e-06,9.999969701624378260e-01
2.203335206291391971e-02,-2.476823112290218176e-01,-2.476815837345510141e-01,9.999995518887986323e-01,-2.476875066530762337e-01,1.999999551888344440e+00,-2.476875324624539243e-01,2.477313555661206090e-01,-5.375184382898524187e-06,-3.741865903238113875e-06,4.678098594039022732e-06,9.999997759441723311e-01
2.204235449965218779e-02,-2.476823218073017918e-01,-2.476790055451560668e-01,9.999989725101027238e-01,-2.476775792209233440e-01,1.999998972509061446e+00,-2.476760363798702069e-01,2.477289669290461682e-01,3.043488763921128594e-06,2.525121049474549139e-06,2.576172184475479298e-06,9.999994862545307228e-01
2.205167258076047923e-02,-2.476823327564781629e-01,-2.476828417552186523e-01,9.999962012299018488e-01,-2.476767535609954163e-01,1.999996201226052817e+00,-2.476777930660261640e-01,2.477323090441060360e-01,-5.414865259735152496e-06,-3.041923631336066575e-06,5.278121132909115718e-06,9.999981006130264083e-01
2.206075264507225200e-02,-2.476823434259741719e-01,-2.476786697654267400e-01,9.999969253320105667e-01,-2.476808505003806615e-01,1.999996925328895170e+00,-2.476811679854133974e-01,2.477295265089883847e-01,-1.448852598790910034e-06,-5.123845454911774957e-06,4.786623470128550648e-06,9.999984626644475849e-01
2.207041401936506511e-02,-2.476823547785369228e-01,-2.476858740725714492e-01,9.999962399210065023e-01,-2.476865779499895504e-01,1.999996239917196439e+00,-2.476869844602379855e-01,2.477354207174134737e-01,2.415373001782098120e-06,5.102799715402168283e-06,5.741194633191635796e-06,9.999981199585982194e-01
2.208000634205068563e-02,-2.476823660499597179e-01,-2.476722262307307632e-01,9.999964250916050235e-01,-2.476775669453180895e-01,1.999996425087982699e+00,-2.476765852861281259e-01,2.477295973750285318e-01,-4.613972755095860893e-07,-1.162819604293251143e-06,2.080544201387050818e-06,9.999982125439913494e-01
2.209025013889864136e-02,-2.476823780868967206e-01,-2.476817623481142316e-01,9.999950402775070746e-01,-2.476920984316365315e-01,1.999995040272481539e+00,-2.476938744240870238e-01,2.477323005679606394e-01,-2.259698059323742337e-06,-2.387821185013274608e-06,2.316220312943148679e-06,9.999975201362407695e-01
2.210003750543362497e-02,-2.476823895875069070e-01,-2.476853096993379133e-01,9.999988981467838878e-01,-2.476932728612512569e-01,1.999998898145667559e+00,-2.476938602515311449e-01,2.477351276025167581e-01,-5.990442664720371910e-06,1.323914899993397155e-06,6.702498518463505443e-06,9.999994490728337793e-01
2.211000191277266366e-02,-2.476824012961475197e-01,-2.476860167068602181e-01,9.999993567194478405e-01,-2.476895062262903791e-01,1.999999356718796140e+00,-2.476885106129275427e-01,2.477356011095876720e-01,-1.834837484922300311e-06,-1.228043374147370009e-07,7.568362759734568299e-07,9.999996783593980698e-01
2.212000215479531171e-02,-2.476824130468957830e-01,-2.476848071887677583e-01,9.999936013074380847e-01,-2.476801800336392578e-01,1.999993601300954715e+00,-2.476791172589959678e-01,2.477344546777054957e-01,-9.110572009636837978e-07,7.254504757530319660e-06,7.861914476614572013e-06,9.999968006504772466e-01
2.212999999999999690e-02,-2.476824247948274660e-01,-2.476813287061255531e-01,9.999916110922554280e-01,-2.476696765429323710e-01,1.999991611083755227e+00,-2.476679962428268156e-01,2.477318985015026787e-01,1.058055141950395583e-05,9.794773650818109880e-06,1.171159199753199631e-05,9.999958055418776137e-01
2.213934396630068066e-02,-2.476824357744189242e-01,-2.476798777580002109e-01,9.999919848274333445e-01,-2.476752677782467216e-01,1.999991984819311730e+00,-2.476763150834513927e-01,2.477295208709477947e-01,5.045693157763111765e-06,4.250726207399851755e-06,4.086826628036103951e-06,9.999959924096558650e-01
2.215010422573517393e-02,-2.476824484182209574e-01,-2.476817757553046451e-01,9.999945051958946118e-01,-2.476760020842853072e-01,1.999994505190326954e+00,-2.476758437456938466e-01,2.477315585181119328e-01,7.863036989007693139e-07,1.452978567575537892e-06,1.310297636935789587e-06,9.999972525951634772e-01
2.216035273895927693e-02,-2.476824604606989166e-01,-2.476854891738499154e-01,9.999966817089269711e-01,-2.476803785055669838e-01,1.999996681705564550e+00,-2.476804729124426063e-01,2.477352373190284951e-01,4.733105061229147068e-06,7.101441227732510750e-06,7.486065017584227252e-06,9.999983408527822748e-01
2.217028414965550170e-02,-2.476824721305672106e-01,-2.476840294337125381e-01,9.999960588924592386e-01,-2.476696424079698200e-01,1.999996058888465766e+00,-2.476683206467722165e-01,2.477338607121952752e-01,1.416323635526120044e-05,5.070402059111340507e-06,1.448995732975835694e-05,9.999980294442328832e-01
2.218007828545269164e-02,-2.476824836391308682e-01,-2.476756947078843363e-01,9.999934487204287237e-01,-2.476723718367196403e-01,1.999993448713790256e+00,-2.476724926598542487e-01,2.477293024049280201e-01,8.218233974280327394e-06,1.516028633407155577e-05,1.607798633191263112e-05,9.999967243568952391e-01
2.218561200405768513e-02,-2.476824901415040636e-01,-2.476804356499196225e-01,9.999926094994330272e-01,-2.476756835217845398e-01,1.999992609491944462e+00,-2.476773756019479966e-01,2.477311730242190702e-01,3.822208635019240033e-06,7.604742312468382509e-06,5.659169828030918598e-06,9.999963047459722310e-01
2.219233706405022641e-02,-2.476824980437612178e-01,-2.476855366645099865e-01,9.999936961897570864e-01,-2.476863219423596219e-01,1.999993696183369529e+00,-2.476861767675784531e-01,2.477351606411415386e-01,-4.036905770003432830e-06,-3.061569176239076360e-06,3.201701890826144754e-06,9.999968480916847646e-01
2.220060699742837373e-02,-2.476825077613149240e-01,-2.476782945753520093e-01,9.999976495208064975e-01,-2.476675799982455961e-01,1.999997649518425069e+00,-2.476653987534613577e-01,2.477313678802249564e-01,7.446915476295183818e-06,-2.573765733918898535e-06,7.757922770381260637e-06,9.999988247592124235e-01
2.221000095192263157e-02,-2.476825187996459787e-01,-2.476689554859985154e-01,9.999959856313674900e-01,-2.476694693395209423e-01,1.999995985627299744e+00,-2.476694566411936083e-01,2.477235311682180197e-01,2.159986917832358466e-06,3.120034126145323436e-06,4.128741458415801909e-06,9.999979928136498719e-01
2.221731734486760701e-02,-2.476825273967454555e-01,-2.476748004826503369e-01,9.999948227252221100e-01,-2.476720474935183991e-01,1.999994822719976195e+00,-2.476732326015510244e-01,2.477254173331776832e-01,-1.308358488063383282e-06,-1.537420668872076217e-06,2.806658197695585612e-06,9.999974113599880976e-01
2.222277890793688052e-02,-2.476825338143337218e-01,-2.476790341908054194e-01,9.999979249791691727e-01,-2.476796852554451200e-01,1.999997924977066521e+00,-2.476805725234333122e-01,2.477287968347724745e-01,-6.556455560115666983e-06,-4.973282348073144910e-06,6.378143081214300893e-06,9.999989624885332606e-01
2.223098174912092537e-02,-2.476825434530518788e-01,-2.476804093909898974e-01,1.000004100736433310e+00,-2.476775192232356371e-01,2.000004100740588431e+00,-2.476774857708655964e-01,2.477299787273302412e-01,-1.845659197913635859e-06,1.718721591446000991e-06,1.492283134481183012e-06,1.000002050370294215e+00
2.224004061941223589e-02,-2.476825540976428930e-01,-2.476800493986205665e-01,1.000002993917101568e+00,-2.476843936019508530e-01,2.000002993920135363e+00,-2.476853074964894541e-01,2.477295584355161950e-01,-5.106269450640290482e-06,-1.653999275610408766e-06,5.143408299757352799e-06,1.000001496960067682e+00
2.225070660717579779e-02,-2.476825666306725349e-01,-2.476803644243362468e-01,9.999979360568856945e-01,-2.476748736649823646e-01,1.999997936054794367e+00,-2.476746515698968198e-01,2.477304152717905161e-01,-3.685416507971286180e-07,-1.427633640967697822e-06,1.709021667218305165e-06,9.999989680273971837e-01
2.226067258941080013e-02,-2.476825783411637227e-01,-2.476893087327886878e-01,9.999970781829939925e-01,-2.476953659498183358e-01,1.999997078180033361e+00,-2.476982323840489775e-01,2.477387773135652782e-01,-9.716250105961399546e-06,-6.382004445483722705e-06,1.057035983669685913e-05,9.999985390900166804e-01
2.227002065003687997e-02,-2.476825893255677202e-01,-2.476732345699787508e-01,9.999966708412777461e-01,-2.476863004773373345e-01,1.999996670837904222e+00,-2.476844676464219352e-01,2.477323443033980777e-01,-4.682987618543636409e-06,5.049939703618995004e-06,6.461544609443791291e-06,9.999983354189521112e-01
2.227905284493804372e-02,-2.476825999388158617e-01,-2.476786905363817237e-01,9.999930251295114925e-01,-2.476628740396485118e-01,1.999993025122444257e+00,-2.476596072310478236e-01,2.477291316929157161e-01,1.221024515159515541e-05,1.077991480372709851e-05,1.419253430299809300e-05,9.999965125612220174e-01
2.228821351780876578e-02,-2.476826107030295210e-01,-2.476864544354814290e-01,9.999953265343664022e-01,-2.476665763485064176e-01,1.999995326529630857e+00,-2.476682881669117764e-01,2.477368236303792159e-01,1.080177123180318629e-05,6.570659448725940169e-06,9.433150553558126362e-06,9.999976632648154284e-01
2.229930881740849885e-02,-2.476826237405208297e-01,-2.476855520546946965e-01,1.000000074597683808e+00,-2.476878714693361017e-01,2.000000074597759081e+00,-2.476895026545547218e-01,2.477360794866393934e-01,-7.944739625656880395e-06,2.719214979678455991e-06,8.994984097776183380e-06,1.000000037298879763e+00
2.230558455593879483e-02,-2.476826311148035975e-01,-2.476849302652392726e-01,9.999961658336840031e-01,-2.476844154939949472e-01,1.999996165829798889e+00,-2.476832933052303121e-01,2.477344728768891002e-01,-4.327551567588505828e-06,3.935550531133327512e-06,4.044482470765853445e-06,9.999980829148995554e-01
2.231934439489376837e-02,-2.476826472832520387e-01,-2.476873560689021314e-01,9.999908342374315140e-01,-2.476836774599463775e-01,1.999990834228143832e+00,-2.476850140247714438e-01,2.477371798496346145e-01,4.056403578991784832e-06,5.545078526985916592e-06,5.368993603821363987e-06,9.999954171140719161e-01
2.233016171628384935e-02,-2.476826599941057139e-01,-2.476767859116595083e-01,9.999919769777000367e-01,-2.476742988710159965e-01,1.999991976969570429e+00,-2.476727982505173287e-01,2.477320682584711053e-01,7.453943693130802114e-07,-1.280850982873551590e-06,1.596565166627517950e-06,9.999959884847852143e-01
2.233603288783827384e-02,-2.476826668930029451e-01,-2.476824317099363681e-01,9.999915496627984624e-01,-2.476693712159086513e-01,1.999991549654235978e+00,-2.476678639069725407e-01,2.477332903183648294e-01,1.067441235799773161e-05,5.851349718649845720e-06,1.312821896681165611e-05,9.999957748271179891e-01
2.234399956960848171e-02,-2.476826762542208571e-01,-2.476854522466519770e-01,9.999920604395089452e-01,-2.476592358580899933e-01,1.999992060431464047e+00,-2.476576251826310415e-01,2.477361013972950721e-01,2.178421472074414193e-05,1.243074892383111970e-05,2.098584742421832525e-05,9.999960302157319125e-01
2.235123821198562247e-02,-2.476826847599603310e-01,-2.476781314656348876e-01,9.999958454413702125e-01,-2.476563306213301896e-01,1.999995845437160469e+00,-2.476576173019257310e-01,2.477320762129419374e-01,1.293662164264187256e-05,7.363590461493433241e-06,1.139762813732606093e-05,9.999979227185802344e-01
2.236230876751283889e-02,-2.476826977683733721e-01,-2.476858522838066290e-01,9.999935020459101986e-01,-2.476832915201191143e-01,1.999993502039326021e+00,-2.476824403067044156e-01,2.477354797939791686e-01,-1.460997574025696499e-07,2.700071257006639485e-06,2.813812302436783135e-06,9.999967510196630105e-01
2.237082398558157964e-02,-2.476824399586413372e-01,-2.476793419384942796e-01,9.999948944080645497e-01,-2.476713152991792677e-01,1.999994894402891132e+00,-2.476713129132733227e-01,2.477317800474217180e-01,-5.872454508390887746e-06,4.197898775285677293e-07,6.498935585732288317e-06,9.999974472014455662e-01
2.238030965312274786e-02,-2.476799503205694974e-01,-2.476808131439382221e-01,9.999944901251414109e-01,-2.476729844279014214e-01,1.999994490119558099e+00,-2.476728451753569538e-01,2.477305564739669952e-01,5.394779343753639018e-07,1.057281465267756454e-05,1.153062225603846253e-05,9.999972450597791607e-01
2.239001483052284469e-02,-2.476782713994281349e-01,-2.476821454675217637e-01,9.999948037033228321e-01,-2.476844864517798173e-01,1.999994803698057710e+00,-2.476864613945564952e-01,2.477318226630454423e-01,2.078669415872829508e-07,4.453629860927101614e-06,3.325935495895004981e-06,9.999974018490288552e-01
2.240093239030382585e-02,-2.476770627106076039e-01,-2.476716144532544184e-01,9.999967808488798848e-01,-2.476744114304308686e-01,1.999996780845617828e+00,-2.476738506506357407e-01,2.477261590523744117e-01,-1.574242847558048173e-06,-3.113605482873634350e-06,2.721026531491301632e-06,9.999983904228089138e-01
2.241045169459416481e-02,-2.476763884173076580e-01,-2.476735768585729414e-01,9.999962418055218238e-01,-2.476746468831617920e-01,1.999996241801713648e+00,-2.476738483252377554e-01,2.477235771580454382e-01,5.896891209878862761e-06,5.641223048073962121e-06,6.669319687172769929e-06,9.999981209008569349e-01
2.242019297452595497e-02,-2.476759343023230697e-01,-2.476811787693871947e-01,1.000000889892416867e+00,-2.476692498939263853e-01,2.000000889893318590e+00,-2.476697588905612535e-01,2.477313104508493402e-01,2.997072918071930653e-07,-1.438932958895668326e-06,2.456079907525043259e-06,1.000000444946659295e+00
2.243214566048978842e-02,-2.476755852758132370e-01,-2.476760928305518084e-01,1.000003387692202095e+00,-2.476790286865588608e-01,2.000003387695634682e+00,-2.476777369604410972e-01,2.477274935832985692e-01,-3.742211261572121223e-06,-5.090045480339484230e-06,4.070517317476193729e-06,1.000001693847817341e+00
2.244127881981524894e-02,-2.476754174321596502e-01,-2.476702931428318155e-01,9.999990422842984783e-01,-2.476579413401955310e-01,1.999999042283328032e+00,-2.476567878264936129e-01,2.477220639182228790e-01,9.914560779307134188e-06,6.422120277730534222e-06,1.041857278787419660e-05,9.999995211416640162e-01
2.245099049303043992e-02,-2.476752988379403719e-01,-2.476831945628427678e-01,9.999990082167189431e-01,-2.476759755356532922e-01,1.999999008215713969e+00,-2.476782364900964040e-01,2.477330875681972022e-01,2.015650126614234578e-06,3.330919398483791349e-06,3.093930507356046439e-06,9.999995041078569846e-01
2.246066777958631924e-02,-2.476752213057387408e-01,-2.476808315550782236e-01,1.000003571585956763e+00,-2.476821044816026052e-01,2.000003571589575646e+00,-2.476822194923858911e-01,2.477311890886210732e-01,-3.119338804034809330e-06,2.356842034750671349e-06,2.864457268286645959e-06,1.000001785794787823e+00
2.247062406565513912e-02,-2.476751692202462662e-01,-2.476689146589270141e-01,9.999995957862596319e-01,-2.476656267566808012e-01,1.999999595785850071e+00,-2.476633414131611810e-01,2.477247403758595368e-01,8.195837892089616268e-06,4.112667854071920817e-06,8.920556403050440087e-06,9.999997978929250353e-01
2.248027969833359119e-02,-2.476751362479462093e-01,-2.476766193813416950e-01,9.999962701674766086e-01,-2.476744310427016205e-01,1.999996270163697076e+00,-2.476765332792731644e-01,2.477267119874423940e-01,-7.377214778268457454e-07,8.782793781250073133e-07,2.050917420207550398e-06,9.999981350818485382e-01
2.249005340569629197e-02,-2.476751143593888260e-01,-2.476720380581547698e-01,1.000002505707286105e+00,-2.476772631862344809e-01,2.000002505709825407e+00,-2.476771841973160748e-01,2.477234218777469854e-01,-4.108621869178248300e-06,-4.700882418762711374e-06,5.397601057741394937e-06,1.000001252854912703e+00
2.250228885836844453e-02,-2.476750972938183692e-01,-2.476716856835106950e-01,1.000003248826336844e+00,-2.476683282178877288e-01,2.000003248829628877e+00,-2.476693467221501022e-01,2.477220828086735271e-01,-6.502868287601756639e-06,-5.547543877433480610e-06,6.075871952210114606e-06,1.000001624414814438e+00
2.252000334477409493e-02,-2.476750842222975313e-01,-2.476693375305619171e-01,1.000005631157542485e+00,-2.476764839497812842e-01,2.000005631163248587e+00,-2.476755745897763206e-01,2.477240951118138690e-01,-5.799813572434429261e-06,-5.903543929208539406e-06,5.927700986771985819e-06,1.000002815581624294e+00
2.253007730143843576e-02,-2.476750802149478570e-01,-2.476807936686165057e-01,1.000002251494905625e+00,-2.476761799595973979e-01,2.000002251497186467e+00,-2.476760421338952411e-01,2.477315415123625131e-01,7.436576319299048633e-06,1.863474462844844144e-06,9.084737961407571483e-06,1.000001125748593456e+00
2.254050002035187794e-02,-2.476750775488324174e-01,-2.476723599802692910e-01,1.000003462037473145e+00,-2.476621587249893675e-01,2.000003462040981006e+00,-2.476614747689865614e-01,2.477260331811655947e-01,9.270114478415715918e-06,3.776743407815108063e-06,8.696147541607337055e-06,1.000001731020490503e+00
2.255072860374736018e-02,-2.476750758701201371e-01,-2.476819212745312859e-01,1.000001263644274774e+00,-2.476787951450262759e-01,2.000001263645555305e+00,-2.476803897960587753e-01,2.477318497559449495e-01,1.437067740231339571e-06,1.797321815498318982e-06,1.727820301886162749e-06,1.000000631822777653e+00
2.256169367600028425e-02,-2.476750747234910399e-01,-2.476792001718031155e-01,1.000001256298463259e+00,-2.476935436729612028e-01,2.000001256299736241e+00,-2.476938591475789653e-01,2.477298013860850245e-01,-1.145934992519985093e-05,-5.395518584956686360e-06,1.166954546945927346e-05,1.000000628149868120e+00
2.257124338967772190e-02,-2.476750740771076209e-01,-2.476715371909798125e-01,9.999988860994554196e-01,-2.476786409543693113e-01,1.999998886098326878e+00,-2.476764870878828406e-01,2.477245176177196306e-01,-3.703609376686076486e-06,-6.982092452226120814e-08,3.295988729785472244e-06,9.999994430491634390e-01
2.258130332886007161e-02,-2.476750736235261430e-01,-2.476755839419425564e-01,9.999972762000144400e-01,-2.476745407315586456e-01,1.999997276197254648e+00,-2.476757491754583429e-01,2.477257775102572890e-01,-8.169978015326310230e-06,-1.216787717837693730e-06,8.125494652189230592e-06,9.999986380986273238e-01
2.259099677311529955e-02,-2.476750733308390739e-01,-2.476823279376405562e-01,1.000002134099550410e+00,-2.476829719449088751e-01,2.000002134101713125e+00,-2.476829879012171498e-01,2.477319083250312248e-01,-2.411087440342122382e-06,1.749410414532493416e-06,1.929772093213735658e-06,1.000001067050856562e+00
2.260116649178047638e-02,-2.476750731224816315e-01,-2.476791047269313595e-01,1.000002827484463896e+00,-2.476748893949183294e-01,2.000002827487329160e+00,-2.476744874580294464e-01,2.477295489432330688e-01,7.551007214754819979e-07,9.636007214966388635e-07,4.896385670019194550e-07,1.000001413743664580e+00
2.261030900741269403e-02,-2.476750729917968352e-01,-2.476774974450530742e-01,9.999982777239484477e-01,-2.476858858032634225e-01,1.999998277722203177e+00,-2.476872621095642379e-01,2.477272907063825524e-01,-1.347833773756190998e-05,-4.649805115927316383e-06,1.445747200728573371e-05,9.999991388611016996e-01
2.261676808922247900e-02,-2.476750729216030955e-01,-2.476748792834740642e-01,9.999966176958622333e-01,-2.476771438841918471e-01,1.999996617692435086e+00,-2.476746899338392871e-01,2.477256018370995738e-01,-3.893834119245359703e-06,-3.772924612498205019e-07,1.942309327166860488e-06,9.999983088462175429e-01
2.262534053076421456e-02,-2.476750728483644581e-01,-2.476757894120046044e-01,9.999979584742386685e-01,-2.476679896974275097e-01,1.999997958472170101e+00,-2.476687654792236459e-01,2.477259528422374457e-01,4.326526286761534134e-06,2.525427691318047496e-06,4.383735837890402236e-06,9.999989792360850505e-01
2.264065582783380409e-02,-2.476750727544526631e-01,-2.476737483091119851e-01,1.000001857995372223e+00,-2.476646574459768213e-01,2.000001857997254717e+00,-2.476640579947218257e-01,2.477251129032668475e-01,6.065882165663593791e-06,5.752534285830641319e-06,6.526351539026980080e-06,1.000000928998627359e+00
2.265074963234499708e-02,-2.476750727084384984e-01,-2.476794476241152287e-01,1.000000753208303284e+00,-2.476694435258808280e-01,2.000000753209066229e+00,-2.476698633881562195e-01,2.477289706547916581e-01,1.037091867468560866e-05,3.163339571698627621e-06,1.031450440649936169e-05,1.000000376604533336e+00
2.266131963201704208e-02,-2.476750726682047932e-01,-2.476737519439157487e-01,1.000001263570984733e+00,-2.476706117159527820e-01,2.000001263572265042e+00,-2.476703616155757626e-01,2.477252346510012970e-01,5.868583595311606391e-06,4.771652863881032206e-06,5.656594703734281140e-06,1.000000631786132521e+00
2.267812456421915146e-02,-2.476750726140950487e-01,-2.476735356830142842e-01,1.000000390507434167e+00,-2.476627979830946236e-01,2.000000390507830073e+00,-2.476627617429035255e-01,2.477234624859268597e-01,7.545015432132706180e-06,3.063762466122843288e-06,7.511776849700452201e-06,1.000000195253915036e+00
2.269000180619257928e-02,-2.476750725799982955e-01,-2.476814105536191413e-01,1.000004554846773530e+00,-2.476778606325982790e-01,2.000004554851388949e+00,-2.476795685723698348e-01,2.477316931166472780e-01,-2.185070872680350685e-06,-6.249526243606637011e-07,3.116683495162949345e-06,1.000002277425694475e+00
2.269897708905271178e-02,-2.476750725555310340e-01,-2.476737733057770841e-01,1.000004271809011636e+00,-2.476709472885842978e-01,2.000004271813339951e+00,-2.476691554474758361e-01,2.477272275999129192e-01,6.256706161941463956e-06,2.436487450921598412e-06,7.692370898522942393e-06,1.000002135906669976e+00
2.270440683446245389e-02,-2.476750725410963583e-01,-2.476710325513518940e-01,1.000002039544256371e+00,-2.476652592200625502e-01,2.000002039546322941e+00,-2.476655393475004907e-01,2.477231132245842349e-01,6.553854111069682148e-06,1.865359952061546003e-06,5.571240831646820306e-06,1.000001019773161470e+00
2.271916101203844823e-02,-2.476750725028037392e-01,-2.476730562414596049e-01,1.000000521442028001e+00,-2.476714104155692542e-01,2.000000521442556245e+00,-2.476721418295868837e-01,2.477229883174603686e-01,-7.894553928254117013e-06,-7.564395796685461779e-06,9.236837966541658186e-06,1.000000260721278122e+00
2.273007062061030426e-02,-2.476750724750477473e-01,-2.476783692290602523e-01,1.000005842622559316e+00,-2.476870345967232823e-01,2.000005842628479691e+00,-2.476881969696295982e-01,2.477283944917908487e-01,-1.267336657620758444e-05,-1.238471380971256456e-05,1.265739546834635453e-05,1.000002921314239845e+00
2.274082895475093569e-02,-2.476750724479500898e-01,-2.476814277405579856e-01,1.000004738886607569e+00,-2.476974294130094012e-01,2.000004738891409950e+00,-2.476980127887904171e-01,2.477309749325970201e-01,-1.670205017681974772e-05,-1.401481575003247166e-05,1.665898462751326672e-05,1.000002369445704753e+00
2.275032657794935284e-02,-2.476750724241715274e-01,-2.476797862915212645e-01,1.000000739820933182e+00,-2.476888234190167959e-01,2.000000739821682583e+00,-2.476873609251171449e-01,2.477296393404309349e-01,-6.284426151300839018e-06,-1.261205308449625446e-07,4.939740661279150206e-06,1.000000369910841291e+00
2.275791611430426353e-02,-2.476750724052322883e-01,-2.476780776106168591e-01,9.999978439930441443e-01,-2.476849309402300026e-01,1.999997843990859669e+00,-2.476850982969026893e-01,2.477280831371296566e-01,-6.993202015994646673e-06,-3.856394668884358906e-06,7.601556948253701921e-06,9.999989219954297237e-01
2.276472032493246853e-02,-2.476750723882877869e-01,-2.476801645930626627e-01,9.999966394327305386e-01,-2.476828628493465967e-01,1.999996639429325374e+00,-2.476819066390967272e-01,2.477304399478735819e-01,-8.055418412509787065e-06,-3.995490939530156615e-06,7.550274825348266064e-06,9.999983197146626868e-01
2.277006676999994081e-02,-2.476701141935218342e-01,-2.476839513098997025e-01,9.999968922102395741e-01,-2.476775535175485266e-01,1.999996892207090315e+00,-2.476765607699852323e-01,2.477334188204395327e-01,-5.556342536781157280e-06,-1.492197819396488616e-06,5.152567595768800023e-06,9.999984461035451577e-01
2.278009269679213619e-02,-2.476701259744520933e-01,-2.476746542832641562e-01,9.999983422270692923e-01,-2.476661537872764385e-01,1.999998342225389303e+00,-2.476651909614266678e-01,2.477268487079057335e-01,7.199487559511153608e-06,1.095374710869629077e-05,1.209310310558567165e-05,9.999991711126946514e-01
2.278515891154688291e-02,-2.476701319274881297e-01,-2.476733066164280295e-01,9.999978846829301604e-01,-2.476699419345502473e-01,1.999997884680786875e+00,-2.476720067783270696e-01,2.477236316935362281e-01,6.174993577586782980e-06,6.536473008518523432e-06,5.291027584408662840e-06,9.999989423403933264e-01
2.279234331556696802e-02,-2.476701403694980819e-01,-2.476714311997802176e-01,9.999970001712507051e-01,-2.476820469671845715e-01,1.999997000168211247e+00,-2.476815350719681896e-01,2.477217270299768570e-01,-9.844065744015818919e-07,1.329927313424227656e-07,1.427468891283400294e-06,9.999985000841056237e-01
2.280159626306868526e-02,-2.476701512421425888e-01,-2.476679137073566905e-01,1.000000791785906840e+00,-2.476720212475827521e-01,2.000000791786709531e+00,-2.476723765853982018e-01,2.477181037350894843e-01,-3.541976638961547874e-06,5.961757987150462479e-07,3.845018556559862102e-06,1.000000395893354543e+00
2.281415259230384907e-02,-2.476701659964146152e-01,-2.476717349933080792e-01,1.000005398831602443e+00,-2.476824217474371259e-01,2.000005398837073400e+00,-2.476809247987736273e-01,2.477234806885121043e-01,-8.797025464151480675e-06,-6.235047288006416307e-06,8.976997514704546617e-06,1.000002699418536700e+00
2.282447591510568946e-02,-2.476701781267997282e-01,-2.476638806425038031e-01,1.000007294620390619e+00,-2.476685615048802858e-01,2.000007294627782262e+00,-2.476680554710673776e-01,2.477145983469179191e-01,-4.468378949241905879e-06,-7.262308788171630920e-06,7.153408489519688350e-06,1.000003647313891131e+00
2.283183869576280167e-02,-2.476701867784111000e-01,-2.476690362130883616e-01,1.000005254711280323e+00,-2.476644104261347956e-01,2.000005254716604952e+00,-2.476649953195886322e-01,2.477191867206137155e-01,5.608094449375697459e-06,-5.180322904015758466e-06,4.959949291193624019e-06,1.000002627358302476e+00
2.284119557318758237e-02,-2.476701977731780857e-01,-2.476739538048997047e-01,1.000009605209637442e+00,-2.476845872443152741e-01,2.000009605219369657e+00,-2.476860264430170711e-01,2.477234193182672184e-01,-1.224580180172263748e-05,-7.817344711465218211e-06,1.310753911680750985e-05,1.000004802609685051e+00
2.285050610818626857e-02,-2.476702087134895758e-01,-2.476671495662903788e-01,1.000010899087755645e+00,-2.476716273444433958e-01,2.000010899098799033e+00,-2.476697163093137533e-01,2.477196111774904175e-01,-7.054147774758708393e-06,-1.092282962273257840e-06,5.943773671408613406e-06,1.000005449549399739e+00
2.285968107311129108e-02,-2.476702194944999658e-01,-2.476682492160551807e-01,1.000006369916900839e+00,-2.476772729319397792e-01,2.000006369923355454e+00,-2.476786177171694248e-01,2.477179664155244321e-01,-9.775693834479022259e-06,-7.677216344336494796e-06,1.041694076580703745e-05,1.000003184961677727e+00
2.286464127095262991e-02,-2.476702253229611517e-01,-2.476703636600345038e-01,1.000005558137956774e+00,-2.476802510586111339e-01,2.000005558143588491e+00,-2.476801482567665691e-01,2.477204079074230014e-01,-8.095313183287793299e-06,-6.573542534899029083e-06,7.190034613422434674e-06,1.000002779071794246e+00
2.287394303845078844e-02,-2.476702362529701329e-01,-2.476728131370608821e-01,1.000008426284853202e+00,-2.476804321770502693e-01,2.000008426293391484e+00,-2.476807943947380852e-01,2.477224187576881897e-01,-4.826099564703216868e-06,-7.855378213979251247e-06,8.690771950497712297e-06,1.000004213146695742e+00
2.288721849146813092e-02,-2.476702518522466423e-01,-2.476673240544533805e-01,1.000007199509348466e+00,-2.476878776857426856e-01,2.000007199516643741e+00,-2.476885134155241974e-01,2.477186971913274971e-01,-1.334859960665586273e-05,-1.275230811830587448e-05,1.396788863266306668e-05,1.000003599758321871e+00
2.290002366999440570e-02,-2.476702668989280987e-01,-2.476720593062023412e-01,1.000005532196459823e+00,-2.476891249159035302e-01,2.000005532202065339e+00,-2.476892700475869791e-01,2.477223429933794741e-01,-1.907026959366668470e-05,-7.370208639666093016e-06,1.956337996341176645e-05,1.000002766101032670e+00
2.291009373821358344e-02,-2.476702787317270060e-01,-2.476729099344274487e-01,1.000008876493936105e+00,-2.476771725956438408e-01,2.000008876502930022e+00,-2.476756816123802662e-01,2.477223717704059858e-01,-7.541192535837250169e-06,-6.680762007340018914e-06,6.666569045993571436e-06,1.000004438251465233e+00
2.292040270286389153e-02,-2.476702908452406149e-01,-2.476642513659153833e-01,1.000007614247597987e+00,-2.476651455827975357e-01,2.000007614255313371e+00,-2.476635280914203374e-01,2.477178971745472302e-01,-1.651299794196583923e-06,-5.823693318755277617e-06,5.474316353545066303e-06,1.000003807127656685e+00
2.293059844396230784e-02,-2.476703028257107864e-01,-2.476660196959314109e-01,1.000005186761514286e+00,-2.476615563932562381e-01,2.000005186766770304e+00,-2.476624582406682096e-01,2.477154836243250502e-01,-5.540258350276226792e-06,-4.307961539755250589e-06,5.772915253490299502e-06,1.000002593383384930e+00
2.294087970658035061e-02,-2.476703149066731557e-01,-2.476599936383354628e-01,1.000009537866487941e+00,-2.476737501040087719e-01,2.000009537876152432e+00,-2.476743796447847257e-01,2.477115720459943105e-01,-1.058105012802123484e-05,-1.572719361798899905e-05,1.636254924267996940e-05,1.000004768938076216e+00
2.295299885782303706e-02,-2.476703291472400759e-01,-2.476733075430941899e-01,1.000012419413666587e+00,-2.476838278145941930e-01,2.000012419426250965e+00,-2.476844624635118064e-01,2.477229191735506042e-01,-1.526232186363789519e-05,-1.478441539634113723e-05,1.546072579391503436e-05,1.000006209713125260e+00
2.296612936751846884e-02,-2.476703445762004074e-01,-2.476672019843903227e-01,1.000012750285107277e+00,-2.476852901461511214e-01,2.000012750298026720e+00,-2.476842237810306380e-01,2.477174160878421461e-01,-1.213814275122191464e-05,-9.391168199990072588e-06,1.055509733703662733e-05,1.000006375149013360e+00
2.297393489723925999e-02,-2.476703537480604289e-01,-2.476671898953939077e-01,1.000007248585114805e+00,-2.476711061497743616e-01,2.000007248592459597e+00,-2.476692468684861537e-01,2.477170659781823825e-01,-5.748692831080798738e-07,-3.751764048917004161e-07,2.356357495735160254e-07,1.000003624296229798e+00
2.298377710927808348e-02,-2.476703653131184513e-01,-2.476715566635808718e-01,1.000007855460398831e+00,-2.476696625330632728e-01,2.000007855468358464e+00,-2.476724586195134525e-01,2.477217576526435372e-01,-4.812790877217394126e-06,-3.994243884960389003e-06,6.267400607413364463e-06,1.000003927734179232e+00
2.299405186067316614e-02,-2.476703773864305236e-01,-2.476755724329429975e-01,1.000009879189505568e+00,-2.476920604913799284e-01,2.000009879199516227e+00,-2.476918363210080798e-01,2.477251740233123722e-01,-1.411464790594500243e-05,-1.041133835741323675e-05,1.377899588737421040e-05,1.000004939599757892e+00
2.300460260959623707e-02,-2.476703897840517588e-01,-2.476722353852579828e-01,1.000006978868601237e+00,-2.476868612384235946e-01,2.000006978875673358e+00,-2.476865746534186730e-01,2.477227920462207189e-01,-1.420549587525786494e-05,-1.273956497621696661e-05,1.495262257768648531e-05,1.000003489437836457e+00
2.301375699242984990e-02,-2.476704005408782716e-01,-2.476711750213526630e-01,1.000002990085445020e+00,-2.476826139658978576e-01,2.000002990088475041e+00,-2.476817173149819251e-01,2.477212383554539821e-01,-1.342567934581810083e-05,-9.054591078313617043e-06,1.183421479446477736e-05,1.000001495044237299e+00
2.302254756103017108e-02,-2.476704108702055540e-01,-2.476742768463947864e-01,1.000003242661370306e+00,-2.476765197416273545e-01,2.000003242664655900e+00,-2.476761419434723444e-01,2.477238950686683205e-01,-4.227675155231301791e-06,-1.031927820336808860e-05,1.003858170648996476e-05,1.000001621332327950e+00
2.303926544536752732e-02,-2.476704305144991902e-01,-2.476651046622393160e-01,1.000004886821388883e+00,-2.476690210635156264e-01,2.000004886826340922e+00,-2.476683792566856945e-01,2.477169137577338309e-01,-6.298208993605913175e-06,-6.849257141908740218e-06,6.539986668417153969e-06,1.000002443413170461e+00
2.305034318254420636e-02,-2.476704435313558661e-01,-2.476662345918871078e-01,1.000005390855305931e+00,-2.476727670745820509e-01,2.000005390860768451e+00,-2.476740507840998473e-01,2.477161723239350022e-01,-1.138321515371679225e-05,-1.198658521169007305e-05,1.266662682835922276e-05,1.000002695430384225e+00
2.306178152280865742e-02,-2.476704569719375137e-01,-2.476733787739020809e-01,1.000010630046709093e+00,-2.476945705847801160e-01,2.000010630057480032e+00,-2.476942976487937487e-01,2.477230284629721724e-01,-1.773409418450749327e-05,-1.508675776651031408e-05,1.773179531043172203e-05,1.000005315028740238e+00
2.307209588642308851e-02,-2.476704690917954366e-01,-2.476633665995747469e-01,1.000010727653046771e+00,-2.476758114101824393e-01,2.000010727663917187e+00,-2.476753476366897189e-01,2.477169057536150742e-01,-1.276143638119866486e-05,-9.523015433503442185e-06,1.283423687455115715e-05,1.000005363831958594e+00
2.308165923939107730e-02,-2.476704803291793211e-01,-2.476691709381797502e-01,1.000006699685942690e+00,-2.476821824448977027e-01,2.000006699692730816e+00,-2.476816886324972045e-01,2.477191821365337387e-01,-1.472104112654129520e-05,-1.092650505671859992e-05,1.350473632381216928e-05,1.000003349846365630e+00
2.309040851885860168e-02,-2.476704906099904957e-01,-2.476729894633571405e-01,1.000009311171568438e+00,-2.476690250039615959e-01,2.000009311181003113e+00,-2.476683539917005350e-01,2.477227567819690890e-01,-2.195282896897173246e-06,-9.445322665756428760e-06,9.644855611206558932e-06,1.000004655590501557e+00
2.309999999999999901e-02,-2.476705018804276903e-01,-2.476717462427158734e-01,1.000010597177587446e+00,-2.476856702673296273e-01,2.000010597188325523e+00,-2.476874681121721544e-01,2.477214909245515073e-01,-1.096821157775104912e-05,-8.941074081922811199e-06,1.163584273706846818e-05,1.000005298594162761e+00
2.310933505969373081e-02,-2.476705128495575448e-01,-2.476704718863433352e-01,1.000006660796538549e+00,-2.476753532173411876e-01,2.000006660803287595e+00,-2.476736752433125466e-01,2.477201038923062537e-01,-2.660029207529073414e-06,-3.881509981043246661e-06,3.352935428828160938e-06,1.000003330401643797e+00
2.312002531116168560e-02,-2.476705254111012944e-01,-2.476723308662534817e-01,1.000005117971726865e+00,-2.476663183892982845e-01,2.000005117976912938e+00,-2.476657723460677363e-01,2.477220869620652133e-01,7.504413287044574382e-06,5.986382011777926967e-06,8.329717279358900302e-06,1.000002558988456469e+00
2.312388581748370600e-02,-2.476705299473744848e-01,-2.476722036772108504e-01,1.000005495764855867e+00,-2.476680365958141283e-01,2.000005495770424080e+00,-2.476696644809932013e-01,2.477217349815077629e-01,5.112452089685321570e-06,-1.497054323535132321e-07,3.335953219072733595e-06,1.000002747885212262e+00
2.313148210886637954e-02,-2.476705388733707325e-01,-2.476709360575785612e-01,1.000006237674223808e+00,-2.476841118737458103e-01,2.000006237680544086e+00,-2.476850655602463314e-01,2.477208395353071302e-01,-9.995383273936192311e-06,-1.554614681436254693e-05,1.495515882182371921e-05,1.000003118840272043e+00
2.314004073536677850e-02,-2.476705489301541663e-01,-2.476655965411868054e-01,1.000005748365122349e+00,-2.476705293761152782e-01,2.000005748370947245e+00,-2.476681827630485555e-01,2.477174550606576209e-01,-4.292479674371322034e-06,-3.105087298285971041e-06,3.225376060084843950e-06,1.000002874185473623e+00
2.314594046991664406e-02,-2.476705558626156045e-01,-2.476699482501403815e-01,1.000005371933625709e+00,-2.476730873341434214e-01,2.000005371939069132e+00,-2.476750581679401653e-01,2.477204820295540455e-01,-6.570500988890106912e-06,-3.593496236216074599e-06,7.642524047992060846e-06,1.000002685969534566e+00
2.315283924315726660e-02,-2.476705639689946170e-01,-2.476751300494984542e-01,1.000006297602061833e+00,-2.476844801861429746e-01,2.000006297608443173e+00,-2.476850793214367130e-01,2.477248053890817037e-01,-1.143309565687999542e-05,-6.634946127119681445e-06,1.094100581473172134e-05,1.000003148804221587e+00
2.316726143388727829e-02,-2.476705809157410121e-01,-2.476736237003701047e-01,1.000008070544177396e+00,-2.476782879431636553e-01,2.000008070552355299e+00,-2.476776946341442687e-01,2.477240177218039130e-01,-3.350631219850755242e-06,-1.056877082034272304e-05,1.050047293047411096e-05,1.000004035276177650e+00
2.317497814647117779e-02,-2.476705899832379876e-01,-2.476729187083799300e-01,1.000003929352161425e+00,-2.476722616752849715e-01,2.000003929356143129e+00,-2.476716064812358731e-01,2.477226120600056203e-01,-3.733647068610822335e-07,-5.964100052241662708e-06,5.055587269067926763e-06,1.000001964678071564e+00
2.318407276360534564e-02,-2.476706006698378426e-01,-2.476731866121886505e-01,1.000002274079718978e+00,-2.476677115940120188e-01,2.000002274082023135e+00,-2.476663774673794616e-01,2.477228187698783113e-01,2.299212458962123577e-06,2.586724826003429955e-07,3.399688553546803935e-06,1.000001137041011567e+00
2.319276905019573495e-02,-2.476706108883799939e-01,-2.476715847769719314e-01,1.000003678275017460e+00,-2.476623803809507030e-01,2.000003678278744257e+00,-2.476635986663509870e-01,2.477212677309573730e-01,6.594526078665480829e-06,5.381354693866831415e-07,5.047202087478680538e-06,1.000001839139372128e+00
2.320122247022702103e-02,-2.476706208215410099e-01,-2.476715676907075003e-01,1.000004012594262859e+00,-2.476817548421860748e-01,2.000004012598328718e+00,-2.476831936836575432e-01,2.477213636119882378e-01,-7.404562223505676217e-06,-7.766489764765027262e-06,7.677880147967792619e-06,1.000002006299164359e+00
2.321003328294627549e-02,-2.476706311746557365e-01,-2.476748070445930761e-01,1.000004612426022899e+00,-2.476703078181950735e-01,2.000004612430696493e+00,-2.476684320529149719e-01,2.477246953313166633e-01,9.529711595739689549e-06,-3.868003807323232014e-06,1.154252510930412331e-05,1.000002306215348247e+00
2.321801315877652927e-02,-2.476706405513815767e-01,-2.476718614258189288e-01,1.000005433232709073e+00,-2.476726817234658484e-01,2.000005433238214891e+00,-2.476734607727305026e-01,2.477226580624631025e-01,7.514847913563509085e-06,1.164052239216330593e-06,7.007478807191899681e-06,1.000002716619107224e+00
2.322492807887224439e-02,-2.476706486767333015e-01,-2.476707834675372921e-01,1.000005006807272112e+00,-2.476735367749392236e-01,2.000005006812345165e+00,-2.476737397664285356e-01,2.477203974640650175e-01,1.901339998965398969e-06,-2.954787388426768860e-08,8.244250157734738536e-07,1.000002503406172805e+00
2.323322185746372684e-02,-2.476706584223092589e-01,-2.476722898369721482e-01,1.000003743425516678e+00,-2.476786537113109254e-01,2.000003743429309644e+00,-2.476799714728876167e-01,2.477222542283325779e-01,-5.547224720622011770e-06,-3.412862097974242909e-06,5.037402458121030485e-06,1.000001871714654822e+00
2.324223248956198626e-02,-2.476706690102225550e-01,-2.476754897457826843e-01,1.000005189142855411e+00,-2.476843453724725808e-01,2.000005189148113427e+00,-2.476844371667853151e-01,2.477249555659806479e-01,-2.729469551630809637e-06,-2.479103055186612663e-06,3.898178251455756445e-06,1.000002594574056713e+00
2.325120346627626219e-02,-2.476706795515375703e-01,-2.476743595793971520e-01,1.000005801016216278e+00,-2.476858535399632244e-01,2.000005801022094243e+00,-2.476858356085787083e-01,2.477239236924629329e-01,-1.496933904724728180e-05,-1.009716742462788950e-05,1.417067834078866084e-05,1.000002900511047121e+00
2.326004602573507676e-02,-2.476706899419564289e-01,-2.476748268890894833e-01,1.000003705694735512e+00,-2.476638816661514975e-01,2.000003705698490286e+00,-2.476601946973578661e-01,2.477243923253825142e-01,6.719420913298218637e-06,-2.795518940555470920e-06,9.365659436965652912e-06,1.000001852849245143e+00
2.326459419642973314e-02,-2.476706952862676725e-01,-2.476727466290840896e-01,1.000002722252861798e+00,-2.476611940563679670e-01,2.000002722255620480e+00,-2.476613274305509427e-01,2.477234065405919949e-01,5.986757057918277292e-06,-2.243918006564724157e-08,4.963622574723128273e-06,1.000001361127810240e+00
2.327288211025144160e-02,-2.476707050249528641e-01,-2.476708366416681961e-01,1.000002525977277790e+00,-2.476693335879599223e-01,2.000002525979837298e+00,-2.476701153685598178e-01,2.477212384853706428e-01,-5.561079030592119817e-07,2.695124334406353264e-06,2.910423587879598214e-06,1.000001262989918649e+00
2.328381121877839272e-02,-2.476707178671636589e-01,-2.476749930479084094e-01,1.000003385929441047e+00,-2.476766731989104298e-01,2.000003385932871858e+00,-2.476768448617398533e-01,2.477258264683790123e-01,6.313323192955981112e-07,1.741310543812310080e-06,8.078954296660443107e-07,1.000001692966435929e+00
2.329323385359586412e-02,-2.476707289391980871e-01,-2.476675460460162626e-01,1.000005353019389309e+00,-2.476778760475769614e-01,2.000005353024813637e+00,-2.476779153520055343e-01,2.477195651104769636e-01,-7.015466224467771702e-06,-5.655655984192759617e-06,6.367446755281257819e-06,1.000002676512406818e+00
2.330185975848257304e-02,-2.476707390750394755e-01,-2.476713419022277540e-01,1.000003057490684188e+00,-2.476736539938036163e-01,2.000003057493782599e+00,-2.476736639882508029e-01,2.477208068938230590e-01,2.916613510798114508e-07,-4.067203304963773481e-06,4.718697292602949549e-06,1.000001528746891077e+00
2.331097850155664300e-02,-2.476707497899868771e-01,-2.476676143627735693e-01,1.000005919471915972e+00,-2.476855409387433149e-01,2.000005919477914063e+00,-2.476872426308760478e-01,2.477183236800553634e-01,-1.679125224251850766e-05,-1.490810401392586851e-05,1.757887419322377111e-05,1.000002959738957031e+00
2.332002805572174278e-02,-2.476707604236338678e-01,-2.476664410699815910e-01,1.000007623285350755e+00,-2.476734119827878056e-01,2.000007623293075465e+00,-2.476708862127265653e-01,2.477160259874639225e-01,-3.055925946953046883e-06,-5.439763078147407551e-06,3.998530981354641224e-06,1.000003811646537732e+00
2.332710968476751565e-02,-2.476707687448763129e-01,-2.476694665164876630e-01,1.000007435929038291e+00,-2.476732108546592648e-01,2.000007435936572708e+00,-2.476741794907755811e-01,2.477195135664247982e-01,-4.610064902378468796e-06,-2.643811165439111355e-06,5.502938340912031742e-06,1.000003717968286354e+00
2.333692570447636408e-02,-2.476707802791573987e-01,-2.476725692771845899e-01,1.000009541781030853e+00,-2.476820299785581492e-01,2.000009541790699341e+00,-2.476828585509130154e-01,2.477222906317819162e-01,-8.383758715188168736e-06,-7.200102262207609310e-06,8.481889081019359513e-06,1.000004770895349671e+00
2.335143198546379972e-02,-2.476707973247146977e-01,-2.476747885793608439e-01,1.000007565003216303e+00,-2.476854021742011802e-01,2.000007565010881727e+00,-2.476851988803717985e-01,2.477245429150688183e-01,-6.920578747218222318e-06,-1.185347349875174968e-05,1.147995701730191095e-05,1.000003782505440864e+00
2.336366580238865426e-02,-2.476708117000200604e-01,-2.476769939305732693e-01,1.000004248186466382e+00,-2.476807096784402751e-01,2.000004248190770717e+00,-2.476816595167651569e-01,2.477264920169895690e-01,4.177431573204373262e-07,-8.023917091281653499e-06,8.203104295363186006e-06,1.000002124095385359e+00
2.337435829518803854e-02,-2.476708242641988411e-01,-2.476735212473669678e-01,1.000002440886399002e+00,-2.476821053249248783e-01,2.000002440888872357e+00,-2.476797538283918021e-01,2.477251410628432127e-01,5.641511977178413748e-09,-6.867400701359114434e-06,6.068125072751534931e-06,1.000001220444436179e+00
2.339001307837606375e-02,-2.476708426593001444e-01,-2.476719739669861475e-01,1.000000875149016144e+00,-2.476671950248001408e-01,2.000000875149902324e+00,-2.476672837098581326e-01,2.477220139512627539e-01,2.176181701659705707e-06,7.700423693873215025e-06,8.516203669424805188e-06,1.000000437574951384e+00
2.339449324584029488e-02,-2.476708479237037797e-01,-2.476714104515448656e-01,1.000002225703223058e+00,-2.476683999234639832e-01,2.000002225705478143e+00,-2.476686710045048201e-01,2.477210862477288167e-01,2.078243052962725114e-06,2.654099050970504805e-06,1.448855171512059287e-06,1.000001112852739071e+00
2.340151133670487216e-02,-2.476708561702891109e-01,-2.476692328344415883e-01,1.000005927767385616e+00,-2.476743554438541883e-01,2.000005927773392589e+00,-2.476751880845811382e-01,2.477195732911924853e-01,-4.975180504159133596e-06,-9.101287431393376755e-06,9.272318911821755607e-06,1.000002963886696072e+00
2.341064786554604774e-02,-2.476708669061362944e-01,-2.476659800831542968e-01,1.000006769345676449e+00,-2.476733834005798718e-01,2.000006769352535407e+00,-2.476727936913682704e-01,2.477164407951683578e-01,-9.616369965707638589e-06,-3.878965385054763803e-06,9.507821369823181939e-06,1.000003384676267704e+00
2.342038053975018311e-02,-2.476708783424819149e-01,-2.476694455104948567e-01,1.000006820834861587e+00,-2.476792393796318215e-01,2.000006820841772726e+00,-2.476808139727096347e-01,2.477193443027771169e-01,-1.691317474799329955e-05,-1.144190709557107522e-05,1.753544791864404006e-05,1.000003410420886363e+00
2.343008028405123289e-02,-2.476708897401322107e-01,-2.476723612856166767e-01,1.000009418691880647e+00,-2.476803496498981849e-01,2.000009418701424124e+00,-2.476801099750615132e-01,2.477221823208009543e-01,-6.099480975074250826e-06,-1.093573661869098727e-05,1.081417596750906797e-05,1.000004709350712284e+00
2.344001503790689098e-02,-2.476709014139308607e-01,-2.476744930332181183e-01,1.000009104390426895e+00,-2.476800079713848413e-01,2.000009104399651960e+00,-2.476801198007823335e-01,2.477242399926409822e-01,-5.912480519789105943e-06,-1.096810144630782662e-05,1.076118521590985720e-05,1.000004552199825980e+00
2.345000454622082203e-02,-2.476709131520683504e-01,-2.476798966343508324e-01,1.000006104321896849e+00,-2.476769287605055381e-01,2.000006104328082124e+00,-2.476762975221049046e-01,2.477300051896047239e-01,5.338366345499854253e-06,1.324784808994387622e-06,6.708370678864469703e-06,1.000003052164041062e+00
2.345511410890407586e-02,-2.476709191560407253e-01,-2.476783741586590093e-01,1.000004710359842619e+00,-2.476748970376334291e-01,2.000004710364615690e+00,-2.476749849301451700e-01,2.477285511630027415e-01,2.329055167804530068e-06,1.168753376986346359e-06,9.312895457863514677e-07,1.000002355182307623e+00
2.346913964217779008e-02,-2.476709356366968706e-01,-2.476708636737431912e-01,1.000000141459879366e+00,-2.476773422268958580e-01,2.000000141460022807e+00,-2.476771678760633089e-01,2.477224008715896986e-01,-9.816401066072765209e-06,-1.305786763457963138e-07,1.016671401386560786e-05,1.000000070730011403e+00
2.347856218267542830e-02,-2.476709467086205818e-01,-2.476680009654929626e-01,9.999995075322668514e-01,-2.476703485568218233e-01,1.999999507531767806e+00,-2.476692356718034060e-01,2.477181178639471237e-01,-3.006292410524028913e-06,1.436592100529713305e-06,2.235261414212423171e-06,9.999997537658839031e-01
2.348499767495083532e-02,-2.476709542706219958e-01,-2.476689338448398725e-01,1.000002090621232353e+00,-2.476698144398618295e-01,2.000002090623350881e+00,-2.476706396521119458e-01,2.477188432369589743e-01,-4.070663025288988019e-06,-6.141505798808480717e-06,7.983013877041286816e-06,1.000001045311675441e+00
2.349308397672727686e-02,-2.476709637724026913e-01,-2.476723792594172080e-01,1.000006002124398830e+00,-2.476838654967447595e-01,2.000006002130480631e+00,-2.476871348933834538e-01,2.477224632614099253e-01,-1.418646677877086776e-05,-1.694193602685429835e-05,1.685239467609843069e-05,1.000003001065240316e+00
2.350556281297168024e-02,-2.476709784356180277e-01,-2.476773084971172489e-01,1.000008410482357224e+00,-2.476986418504318610e-01,2.000008410490878852e+00,-2.476980638384061184e-01,2.477269606094087973e-01,-2.038426000786131741e-05,-1.499489898293595373e-05,2.051503838954691849e-05,1.000004205245439648e+00
2.352000640496579309e-02,-2.476709954075143327e-01,-2.476761414417882057e-01,1.000003247135637041e+00,-2.476939332557189233e-01,2.000003247138927076e+00,-2.476941559609850962e-01,2.477260168856761924e-01,-1.117709707900190941e-05,-5.525613888838498733e-06,1.002998471565043431e-05,1.000001623569463538e+00
2.353088369481090569e-02,-2.476710081888391368e-01,-2.476734441076627324e-01,1.000000114935776008e+00,-2.476740556011739758e-01,2.000000114935892803e+00,-2.476723735947172766e-01,2.477235713827590224e-01,3.596261995958362485e-07,-5.108515979799300026e-07,5.873727722914534442e-07,1.000000057467946402e+00
2.354277571827803617e-02,-2.476710221625205710e-01,-2.476696954331491229e-01,1.000000988682713476e+00,-2.476724944933680894e-01,2.000000988683714898e+00,-2.476716525005843994e-01,2.477197703118404759e-01,-3.906740884325716229e-06,-1.333733504939829560e-07,4.506353286698381965e-06,1.000000494341857449e+00
2.355177819964739822e-02,-2.476710327408566670e-01,-2.476690808998404381e-01,1.000003116945377801e+00,-2.476703057452954437e-01,2.000003116948536164e+00,-2.476707988688809092e-01,2.477186147602950528e-01,-1.031803846825957529e-05,-5.095671453180398401e-06,1.120941995414177124e-05,1.000001558474268082e+00
2.356193764137393815e-02,-2.476710446786754560e-01,-2.476689124561999578e-01,1.000006122613453119e+00,-2.476816717930190037e-01,2.000006122619657045e+00,-2.476833370670574186e-01,2.477191119926311913e-01,-2.187887967807982274e-05,-1.591471323094190084e-05,2.225260689964247610e-05,1.000003061309828523e+00
2.357033892062659897e-02,-2.476712333474742345e-01,-2.476754261969852378e-01,1.000007653473559799e+00,-2.476891547986850017e-01,2.000007653481315373e+00,-2.476899586391746177e-01,2.477254853447391214e-01,-1.771598146398536917e-05,-6.459621295673002208e-06,1.653837522572892621e-05,1.000003826740657464e+00
2.358000111986695291e-02,-2.476754434290190376e-01,-2.476738909052806359e-01,1.000008259511604658e+00,-2.476957677064513530e-01,2.000008259519974185e+00,-2.476964474489094514e-01,2.477239936534887388e-01,-9.026039890301395632e-06,-1.197445057002406794e-05,1.260278697323155332e-05,1.000004129759986871e+00
2.358786828941442787e-02,-2.476777793238039982e-01,-2.476805468559322432e-01,1.000006070411462611e+00,-2.476842843109289538e-01,2.000006070417613913e+00,-2.476822087084625534e-01,2.477310553441589291e-01,5.066974088754961910e-07,-4.806173847266864012e-06,3.494633752618780019e-06,1.000003035208806956e+00
2.359507035682790327e-02,-2.476793191616144807e-01,-2.476826375244418899e-01,1.000003141641734317e+00,-2.476760993259350951e-01,2.000003141644917992e+00,-2.476761718284418989e-01,2.477322386463365333e-01,4.340117556318925597e-06,3.587965778111808823e-08,3.665348195573826175e-06,1.000001570822458996e+00
2.360547496955561070e-02,-2.476808429989152682e-01,-2.476852606872750329e-01,1.000000803131304350e+00,-2.476862881228967528e-01,2.000000803132118143e+00,-2.476882827737494075e-01,2.477357087661254675e-01,-1.366877896798902906e-06,-2.715326549768633832e-06,3.129706400775785408e-06,1.000000401566059072e+00
2.361229582504638380e-02,-2.476815266151160821e-01,-2.476887204685473964e-01,9.999970938779275675e-01,-2.476949749325547956e-01,1.999997093874982923e+00,-2.476937985156416888e-01,2.477384585265101635e-01,-2.596573208805605472e-06,-1.713771304916002067e-06,2.903285381954008999e-06,9.999985469374914615e-01
2.362053546090711262e-02,-2.476821228377449335e-01,-2.476803909075971089e-01,9.999949120797445579e-01,-2.476770217036961264e-01,1.999994912074589015e+00,-2.476757045383776168e-01,2.477344272384945367e-01,-3.004462712857336722e-06,1.081732125134594252e-05,1.088897836053603518e-05,9.999974560372945076e-01
2.362659957652314333e-02,-2.476824435701411309e-01,-2.476770105940292455e-01,9.999931201173480888e-01,-2.476783248980369001e-01,1.999993120110376887e+00,-2.476792607377786004e-01,2.477292960249641018e-01,-6.717113436513812790e-07,2.003824250844070732e-06,6.189205272694871770e-07,9.999965600551884437e-01
2.363172665755164381e-02,-2.476826560072373506e-01,-2.476754832093082670e-01,9.999910980616244505e-01,-2.476817591317457823e-01,1.999991098052604332e+00,-2.476813313719088971e-01,2.477258021325898785e-01,5.812304754822178155e-07,-2.715987228936708497e-06,2.004766983589633649e-06,9.999955490263021662e-01
2.364003369032515248e-02,-2.476829138871628755e-01,-2.476811462596257007e-01,9.999930939350286652e-01,-2.476665108772224400e-01,1.999993093928030818e+00,-2.476645678110159510e-01,2.477313806379191352e-01,2.132965142070537056e-05,1.150350869100328261e-05,2.359990432412149586e-05,9.999965469640154092e-01
2.364438316501837195e-02,-2.476830160243249923e-01,-2.476837370477291134e-01,9.999960742073882303e-01,-2.476689716551673803e-01,1.999996074203410412e+00,-2.476719092794664179e-01,2.477338394999235305e-01,1.441031984677367408e-05,5.136114597479149761e-06,1.098168091328474107e-05,9.999980371017052061e-01
2.365144111596938908e-02,-2.476831456748307403e-01,-2.476872327207145508e-01,9.999996337715301165e-01,-2.476935187192539911e-01,1.999999633771158969e+00,-2.476960519653761128e-01,2.477368044176583572e-01,-9.121864356943122637e-06,-8.076774634551209657e-06,1.035625254311338358e-05,9.999998168855794844e-01
2.366003577079711651e-02,-2.476832582235417579e-01,-2.476862715193818010e-01,9.999982353790599632e-01,-2.476898128583218672e-01,1.999998235377271838e+00,-2.476883617453412012e-01,2.477358804478278220e-01,-2.848359237029321271e-06,1.127924367705140969e-06,2.582068313809486896e-06,9.999991176886359190e-01
2.367011605644733438e-02,-2.476833463654963541e-01,-2.476871580805359851e-01,9.999928187067289587e-01,-2.476931764800799352e-01,1.999992818699452224e+00,-2.476937242660732508e-01,2.477367058748464468e-01,5.708695730662951135e-06,6.705619625095683539e-06,7.086283587657101153e-06,9.999964093497262230e-01
2.368103435849270091e-02,-2.476834069187726084e-01,-2.476795755238322960e-01,9.999906796707823675e-01,-2.476833872491892019e-01,1.999990679661338255e+00,-2.476826279236664097e-01,2.477321821528190582e-01,3.021435164796633285e-06,7.032965003460356097e-06,7.556682384548407722e-06,9.999953398306691277e-01
2.369055887464591864e-02,-2.476834407035848895e-01,-2.476809292175765620e-01,9.999908401110092493e-01,-2.476738507661855881e-01,1.999990840101727896e+00,-2.476729697786841100e-01,2.477311620468829467e-01,7.886856461627972614e-06,1.499582935370897730e-05,1.503294961295970238e-05,9.999954200508638369e-01
2.370004232510681749e-02,-2.476834629467923876e-01,-2.476936030357452523e-01,9.999941558730078839e-01,-2.476786238010005026e-01,1.999994155867085954e+00,-2.476797628987861821e-01,2.477444339600579359e-01,1.320836103066026887e-05,4.008908974617449332e-06,1.325186025648914877e-05,9.999970779335429771e-01
2.371000044352845199e-02,-2.476834782554945824e-01,-2.476817162827765206e-01,9.999961291219321424e-01,-2.476819682562011182e-01,1.999996129118009947e+00,-2.476816152416019268e-01,2.477380281325560207e-01,-5.806047387500635890e-07,7.739007720262453145e-06,8.671397171197684474e-06,9.999980645590049733e-01
2.371410021513521010e-02,-2.476834828655038179e-01,-2.476815957172376070e-01,9.999942941207741187e-01,-2.476779237700660052e-01,1.999994294114992188e+00,-2.476767515586136281e-01,2.477336571351951289e-01,2.494953771162888623e-06,8.973726631900335766e-06,9.243301789355610381e-06,9.999971470574962051e-01
2.372816671238147518e-02,-2.476834936638127871e-01,-2.476865995233474005e-01,9.999893165706713605e-01,-2.476730107136153047e-01,1.999989316559846131e+00,-2.476742436702219496e-01,2.477364299873255904e-01,1.263665398044334382e-05,1.086034929647670772e-05,1.215214495624364998e-05,9.999946582799230654e-01
2.374006547180377777e-02,-2.476834988224146383e-01,-2.476856928819359260e-01,9.999938864009561001e-01,-2.476852395426478448e-01,1.999993886394761500e+00,-2.476857174288963903e-01,2.477355308302189307e-01,2.452103027617511440e-06,6.823945513603903401e-06,7.021523018264288560e-06,9.999969431973806389e-01
2.375088720682367802e-02,-2.476835016693960112e-01,-2.476791736821796486e-01,9.999913017174860697e-01,-2.476765488502169210e-01,1.999991301708672564e+00,-2.476763914293084734e-01,2.477310462087594922e-01,4.294773856560812866e-06,6.032975067440258041e-06,6.130146653237574649e-06,9.999956508543361711e-01
2.376417030696757748e-02,-2.476835037348582846e-01,-2.476882815845834751e-01,9.999924662817573084e-01,-2.476936868224023647e-01,1.999992466274123748e+00,-2.476951583865247553e-01,2.477386817351990567e-01,2.171177502386682381e-06,4.226661994988928440e-06,3.449836390338498996e-06,9.999962331370618740e-01
2.377336145298862904e-02,-2.476835045964222715e-01,-2.476932624387515602e-01,9.999956761678316930e-01,-2.477011097396191464e-01,1.999995676163450309e+00,-2.476990321316679122e-01,2.477428661398973775e-01,-1.890607963567766750e-06,1.979287507791838792e-07,1.609518212325954585e-06,9.999978380817252654e-01
2.378392198234240487e-02,-2.476835052330429721e-01,-2.476890671526538190e-01,9.999918767996009983e-01,-2.476790723429326824e-01,1.999991876791370027e+00,-2.476793353435907674e-01,2.477398940506889968e-01,5.509279528709594426e-06,1.066776596175286939e-05,1.135333075614018011e-05,9.999959383956850134e-01
2.379350882744979759e-02,-2.476835055969723309e-01,-2.476870440599349410e-01,9.999859899582351774e-01,-2.476796193525482581e-01,1.999985989944039089e+00,-2.476784857133805529e-01,2.477370671232714816e-01,1.374071836695849266e-05,1.946556809120279663e-05,2.085663946129414259e-05,9.999929949720195443e-01
2.380326913179974316e-02,-2.476835058320390748e-01,-2.476885968668439963e-01,9.999865157970093676e-01,-2.476666516654325578e-01,1.999986515783346297e+00,-2.476652943683667341e-01,2.477389697718429262e-01,2.859468422887966147e-05,2.453080660374723824e-05,2.772743239215020227e-05,9.999932578916731485e-01
2.381346767814068385e-02,-2.476835059824221419e-01,-2.476825266909576939e-01,9.999894515583167554e-01,-2.476666223002324807e-01,1.999989451547628416e+00,-2.476692426040048578e-01,2.477331599075217605e-01,1.379182796584841143e-05,1.197212689921067781e-05,1.200327433982717183e-05,9.999947257738142081e-01
2.382228236065262600e-02,-2.476835060607970596e-01,-2.476867842813601506e-01,9.999889286077908723e-01,-2.476865870388222368e-01,1.999988928596572180e+00,-2.476867203410087481e-01,2.477364617239345979e-01,2.843707157643989834e-06,8.133466032573332625e-06,7.621359193743440909e-06,9.999944642982862009e-01
2.383116954805831675e-02,-2.476835061075502720e-01,-2.476869260888709401e-01,9.999919901611332707e-01,-2.476832836013098393e-01,1.999991990153016985e+00,-2.476825646845568496e-01,2.477366714123777347e-01,3.719039283625809728e-06,1.812834411183209230e-06,3.941030059012090471e-06,9.999959950765084926e-01
2.384054438826199718e-02,-2.476835061331322252e-01,-2.476743762488499423e-01,9.999925310656391231e-01,-2.476562262815639459e-01,1.999992531058071066e+00,-2.476531378762346913e-01,2.477309662688155778e-01,1.802537868049749293e-05,1.465622206032386426e-05,1.937781225205161668e-05,9.999962655290355329e-01
2.385000844376972823e-02,-2.476835061424048912e-01,-2.476815609956933839e-01,9.999909258494840136e-01,-2.476691619540224709e-01,1.999990925840289480e+00,-2.476717834236577265e-01,2.477319936129535327e-01,9.477723492461201813e-06,1.160295701921718662e-05,1.094012265732765945e-05,9.999954629201447398e-01
2.385701374228892113e-02,-2.476835061419257744e-01,-2.476843099980662044e-01,9.999942711226827985e-01,-2.476733271241385870e-01,1.999994271116877886e+00,-2.476731999456389388e-01,2.477341559916980407e-01,1.218815368320031848e-05,1.127366188788209722e-05,1.276552105380254258e-05,9.999971355584389432e-01
2.386545694585290658e-02,-2.476835061355732448e-01,-2.476820198555550190e-01,9.999991547994770968e-01,-2.476743279797692376e-01,1.999999154798620893e+00,-2.476745983354128045e-01,2.477333397174446283e-01,9.015848491826012099e-06,7.684829720935478344e-06,8.031928908862552669e-06,9.999995773993103354e-01
2.387384706899284628e-02,-2.476835061248266190e-01,-2.476800170936960532e-01,9.999963301618050027e-01,-2.476739654325206264e-01,1.999996330158086533e+00,-2.476738418624530591e-01,2.477303378898392527e-01,9.134575676235952071e-06,9.876534066958958104e-06,1.048501203815222223e-05,9.999981650790431553e-01
2.388345274674332983e-02,-2.476835061088163981e-01,-2.476843070616630560e-01,9.999937685485609240e-01,-2.476713617161480918e-01,1.999993768542246864e+00,-2.476710461504321170e-01,2.477341207638373566e-01,1.706886197632004662e-05,1.078853382387514142e-05,1.618770219256344668e-05,9.999968842711233208e-01
2.389143970084895569e-02,-2.476835060934393373e-01,-2.476802809364570535e-01,9.999960244600993864e-01,-2.476738987961138450e-01,1.999996024456071275e+00,-2.476752834493712585e-01,2.477311538361273713e-01,6.687376036967168072e-06,9.652081719908570055e-07,5.777187274753484653e-06,9.999980122280355266e-01
2.390055398475100096e-02,-2.476835060743355355e-01,-2.476849073144863911e-01,9.999949905960247021e-01,-2.476801495624571803e-01,1.999994990590948651e+00,-2.476802405483138347e-01,2.477349883184947199e-01,1.002504944352003973e-05,1.012110211433027700e-05,1.089004670603317970e-05,9.999974952954743257e-01
2.391070686521921604e-02,-2.476835060517349751e-01,-2.476902363649954308e-01,9.999948517459743558e-01,-2.476894147804426516e-01,1.999994851740757529e+00,-2.476898228354351972e-01,2.477397051310823162e-01,7.366644689846735344e-06,8.410373909240962333e-06,7.772693849572619848e-06,9.999974258703788754e-01
2.392178886755307737e-02,-2.476835060260421384e-01,-2.476817523524327269e-01,9.999933970151858587e-01,-2.476751077595483741e-01,1.999993397008495100e+00,-2.476755762210805512e-01,2.477347860102481480e-01,3.409599438700373650e-06,2.891262285236329439e-06,3.057670125688594071e-06,9.999966985042475498e-01
2.393207854230314235e-02,-2.476835060015800394e-01,-2.476753704266035083e-01,9.999893980857437192e-01,-2.476803357345380152e-01,1.999989398075000979e+00,-2.476781122783052180e-01,2.477274977749517326e-01,2.290820939957452996e-06,7.026759211246632019e-06,8.165532627976509434e-06,9.999946990375004896e-01
2.394115640820817723e-02,-2.476835059796855809e-01,-2.476689194129568783e-01,9.999922209025517983e-01,-2.476525250048410842e-01,1.999992220894669437e+00,-2.476515724186727496e-01,2.477213135188831572e-01,1.478604803173283240e-05,1.362821976196233131e-05,1.450935788553871715e-05,9.999961104473347184e-01
2.395004972138750285e-02,-2.476835059580486387e-01,-2.476778406512041009e-01,9.999980821216106763e-01,-2.476773093588732766e-01,1.999998082119667231e+00,-2.476809837917503809e-01,2.477284579088302463e-01,-2.871670549029711128e-06,-2.171511616421722120e-06,5.150950835858909152e-06,9.999990410598336155e-01
2.395999999999999866e-02,-2.476835059336942313e-01,-2.476907408494503915e-01,1.000004402583024588e+00,-2.477001026299515407e-01,2.000004402587485686e+00,-2.477018886675033393e-01,2.477415994733615234e-01,-1.087826423718290858e-05,-9.399929759213015708e-06,1.130339445488807302e-05,1.000002201293742843e+00
2.397001509648437334e-02,-2.476835059090792268e-01,-2.476749323411811254e-01,1.000002474159533028e+00,-2.476825226674870539e-01,2.000002474162039690e+00,-2.476792945800837253e-01,2.477340174913978954e-01,-4.219544030180572870e-06,-2.129098670024906282e-06,2.783069037665320133e-06,1.000001237081020067e+00
2.397435309035223297e-02,-2.476780986476951330e-01,-2.476686111926315881e-01,9.999983118885180655e-01,-2.476664452194984323e-01,1.999998311886807212e+00,-2.476642320927451568e-01,2.477270287412189909e-01,2.292311559505757610e-06,3.471610176684986226e-06,4.812397704894380404e-06,9.999991559434037169e-01
2.398844439892244135e-02,-2.476781152056378443e-01,-2.476776776428467886e-01,9.999947143260945470e-01,-2.476566840960479354e-01,1.999994714320738609e+00,-2.476578500180907638e-01,2.477282127235795328e-01,1.958296309919722530e-05,1.634330435032219246e-05,1.976184804900645223e-05,9.999973571603693046e-01
2.399486150737445422e-02,-2.476781227460361778e-01,-2.476782576568215821e-01,1.000002727003884262e+00,-2.476679894895729428e-01,2.000002727006647607e+00,-2.476704593923529929e-01,2.477282503500120581e-01,8.793492923628968991e-06,8.169484482772408201e-06,6.455087466148955290e-06,1.000001363503323804e+00
