time,state,q,residual,candidate,denominator,target,stagepeak,delta,first,corpeak,innerden
1.000000000000000021e-08,-1.179487228120015117e-11,3.957386252158148468e-08,1.281046390072516195e+00,-2.322198499347256122e-07,2.281046674850910616e+00,-2.345420484340960876e-05,3.997047177177276741e-06,-2.757564646027155057e-05,9.902578762480157559e-03,1.000182240683773260e+00,1.140523337425601191e+00
2.196859832281852071e-08,-2.590800876989037539e-11,8.667138156034065832e-08,1.281046389564444610e+00,-7.829731590447689739e-07,2.281046674342838365e+00,-7.598304551981546360e-05,3.999650641425926283e-06,-8.016153490377645808e-05,2.168378382922007269e-02,1.000155944753528425e+00,1.140523337171565066e+00
5.262275965380157760e-08,-6.202131964193144798e-11,2.048986118545104009e-07,1.281046388295465466e+00,-7.111563519447369062e-06,2.281046673073857889e+00,-3.840823742068135934e-04,4.006318708285222856e-06,-3.884045595926285455e-04,5.122013323059466938e-02,1.000001798148929977e+00,1.140523336537075050e+00
1.233450671701260664e-07,-1.451550589463645140e-10,4.649791814330901882e-07,1.281046385541734001e+00,-8.118325614496671287e-05,2.281046670320123759e+00,-1.976575273661576853e-03,4.021702808754170173e-06,-1.981216217623553346e-03,1.159758299548701022e-01,9.992052458136971849e-01,1.140523335160207763e+00
3.161479428163086612e-07,-3.704998442967960232e-10,1.092427646713744934e-06,1.281046379207767538e+00,-1.171042418778204999e-03,2.281046663986150858e+00,-1.140070182360827453e-02,4.063644177084851521e-06,-1.140612971641858341e-02,2.704667274869778648e-01,9.944918788088081829e-01,1.140523331993221534e+00
1.001237925471272484e-06,-1.156111798960813003e-09,2.606979027180724676e-06,1.281046368435445837e+00,-2.249122722960245416e-02,2.281046653213818054e+00,-7.365096239268981160e-02,4.212690320714902539e-06,-7.365846894763575237e-02,6.213816173174397939e-01,9.633595838398306688e-01,1.140523326607055132e+00
2.415608088127054851e-06,-2.705836751915421115e-09,3.964958000794843277e-06,1.281046380785384242e+00,-1.182849727000408607e-01,2.281046665563769338e+00,-1.866592735561876104e-01,4.520468683707126999e-06,-1.866693041242817042e-01,8.515879044059584402e-01,9.068430792764069492e-01,1.140523332782030552e+00
6.366666074500271985e-06,-6.562528939342708549e-09,5.155506790496662304e-06,1.281046435389772364e+00,-2.400239671753497950e-01,2.281046720168212527e+00,-2.459492458843090812e-01,5.380723366455235585e-06,-2.459637479066853760e-01,8.782677114526671325e-01,8.771906567645423314e-01,1.140523360084252147e+00
1.131439896423062387e-05,-1.111812102343482537e-08,6.152711869108090873e-06,1.281046470478163668e+00,-2.463807844528406454e-01,2.281046755256639358e+00,-2.464147944072898055e-01,6.262422299266524063e-06,-2.464327551272259553e-01,8.767864402053401340e-01,8.769566348528972100e-01,1.140523377628465562e+00
2.141644636852931016e-05,-2.303853744684213973e-08,6.341694011448417729e-06,1.281047997400517557e+00,-2.464014291470454643e-01,2.281048282180540898e+00,-2.464026914998378448e-01,6.722637550904826711e-06,-2.464157390174636086e-01,8.767887687875655089e-01,8.769640261092019884e-01,1.140524141090416332e+00
3.026502182029890001e-05,-3.347985690295430706e-08,-1.056154917326779183e-07,1.281052318710542703e+00,-2.464276677574515906e-01,2.281052603494944542e+00,-2.464305001074932056e-01,6.278605639450002486e-06,-2.464287056642313345e-01,8.767828865339715172e-01,8.769574709181733319e-01,1.140526301747618154e+00
3.668492872240627413e-05,-4.105534735262371441e-08,2.453650955508029161e-06,1.281054065612114101e+00,-2.464260758102397031e-01,2.281054350398285635e+00,-2.464248340099374768e-01,6.219249744589757409e-06,-2.464274742897410164e-01,8.767811572892308947e-01,8.769564656958415139e-01,1.140527175199288701e+00
4.441287977637912933e-05,-5.017432996174105947e-08,4.707731476232424236e-06,1.281053224212057140e+00,-2.464219302741297857e-01,2.281053508997376245e+00,-2.464226135885083935e-01,5.029988283512563429e-06,-2.464261188198647590e-01,8.767820481747973238e-01,8.769576151652581641e-01,1.140526754498834006e+00
5.188269629351283319e-05,-5.898871380317374421e-08,3.240704640466412814e-06,1.281049600759142759e+00,-2.464255378272584840e-01,2.281049885540790356e+00,-2.464253104625297730e-01,4.548499536090824547e-06,-2.464250820245445228e-01,8.767841649230569967e-01,8.769599898252773418e-01,1.140524942770541061e+00
6.021216275280083204e-05,-6.881748461444018363e-08,-6.408042109101098107e-06,1.281049790795467436e+00,-2.464250942759714513e-01,2.281050075577307545e+00,-2.464252867957256454e-01,7.236811634867962668e-06,-2.464186101935375295e-01,8.767883561766210976e-01,8.769639858839830548e-01,1.140525037788799656e+00
6.487302596053037026e-05,-7.431730341633052767e-08,-4.731829434236477198e-06,1.281051174394207459e+00,-2.464236217331791656e-01,2.281051459177449114e+00,-2.464229543585389481e-01,5.701606628370722263e-06,-2.464202341767842974e-01,8.767863007025874511e-01,8.769609837060818869e-01,1.140525729588870663e+00
7.253930775977970153e-05,-8.336351629432180303e-08,-1.931821593569540935e-07,1.281050518554551321e+00,-2.464164654247121833e-01,2.281050803337128841e+00,-2.464150755234083279e-01,4.736576282386705943e-06,-2.464197071133565620e-01,8.767851282546349490e-01,8.769620371597875996e-01,1.140525401668710304e+00
8.120992780637823589e-05,-9.359484834817140058e-08,1.664405623544298995e-06,1.281043663523323328e+00,-2.464027488479527961e-01,2.281043948298954849e+00,-2.464023426396760030e-01,4.044787131527432824e-06,-2.464094984186858683e-01,8.768002561324675925e-01,8.769759323836012754e-01,1.140521974149623308e+00
9.003122493163666330e-05,-1.040039793590415956e-07,-4.865134744648883194e-06,1.281042478314496913e+00,-2.464162384261498473e-01,2.281042763088927394e+00,-2.464184592055285727e-01,5.610148607703613020e-06,-2.464174021283593308e-01,8.767933079071726921e-01,8.769675496942864745e-01,1.140521381544609802e+00
9.679093413537651384e-05,-1.119804365264577584e-07,-4.163823837841151806e-06,1.281045661742827857e+00,-2.464210918557953045e-01,2.281045946520484424e+00,-2.464211959955558418e-01,4.734214306843101379e-06,-2.464168592719650219e-01,8.767910117437860418e-01,8.769662599635414946e-01,1.140522973260387873e+00
1.060080610820235864e-04,-1.228566467395081357e-07,-4.163631504833900731e-06,1.281045951109889947e+00,-2.464201002567399101e-01,2.281046235887839391e+00,-2.464199407305277256e-01,4.373612725118218944e-06,-2.464168662432088541e-01,8.767920732900296166e-01,8.769677166519143086e-01,1.140523117944065579e+00
1.132339106639454213e-04,-1.313831495702062652e-07,-3.602359460191378120e-06,1.281042392180741007e+00,-2.464156973560342467e-01,2.281042676955084225e+00,-2.464141112377292719e-01,4.581874453420420243e-06,-2.464156742212790796e-01,8.767929758908512561e-01,8.769680478896310083e-01,1.140521338477687996e+00
1.213086608473447402e-04,-1.409113551465305863e-07,1.512048851487984738e-06,1.281041336933170349e+00,-2.464043935875118718e-01,2.281041621706444200e+00,-2.464054602001915784e-01,4.210567358111764662e-06,-2.464145055946785901e-01,8.767906793560492629e-01,8.769663256601781809e-01,1.140520810853368205e+00
1.304718635917410377e-04,-1.517239347905524079e-07,-3.231631754417622709e-07,1.281041306185003670e+00,-2.464328024793074334e-01,2.281041590958246434e+00,-2.464352759760632117e-01,3.931626016668254900e-06,-2.464308581830091938e-01,8.767916193851730267e-01,8.769668427810359823e-01,1.140520795479269101e+00
1.405390771107243447e-04,-1.636032471851815278e-07,-4.420112617024435805e-06,1.281044748047274640e+00,-2.464209019710517645e-01,2.281045032824005059e+00,-2.464191313342191103e-01,4.376453043187765570e-06,-2.464148875410725192e-01,8.767988932606985975e-01,8.769747148658733060e-01,1.140522516412148413e+00
1.462373686870053124e-04,-1.703272314939148953e-07,2.318100499881870243e-06,1.281046639453174985e+00,-2.464102456114714568e-01,2.281046924231822093e+00,-2.464081833906841545e-01,3.682131319717079536e-06,-2.464163156747380679e-01,8.767960239047731807e-01,8.769706651963985466e-01,1.140523462116056930e+00
1.513768650899099944e-04,-1.763918374726889595e-07,7.755393732340311609e-06,1.281046312562934775e+00,-2.464006010571442029e-01,2.281046597341250592e+00,-2.464007863354083783e-01,7.801488811547793083e-06,-2.464170126671998973e-01,8.767926739745112164e-01,8.769673775321350506e-01,1.140523298670771180e+00
1.575984091697729380e-04,-1.837332597560449937e-07,1.220865069163055172e-06,1.281044354399375695e+00,-2.464121705854341593e-01,2.281044639175707101e+00,-2.464144358730338824e-01,5.749711481912462661e-06,-2.464193109235175427e-01,8.767882519973884126e-01,8.769628994432410174e-01,1.140522319587999656e+00
1.633137500962946473e-04,-1.904773622953564796e-07,-3.170951802286806707e-06,1.281044221388529802e+00,-2.464214485821565603e-01,2.281044506164726648e+00,-2.464217938801044061e-01,4.893308381303692683e-06,-2.464192544719891187e-01,8.767857505727499889e-01,8.769611335478971759e-01,1.140522253082509208e+00
1.711088140698183125e-04,-1.996755381177893404e-07,-4.510511680091099526e-06,1.281049859289914217e+00,-2.464252274126632059e-01,2.281050144071823826e+00,-2.464258813127005177e-01,4.537213405180823507e-06,-2.464193572613933292e-01,8.767850863310413523e-01,8.769603798060712219e-01,1.140525072036058019e+00
1.801431965236921897e-04,-2.103361097973971970e-07,1.527857647583781472e-06,1.281048913266430445e+00,-2.464276313973590427e-01,2.281049198047381932e+00,-2.464271796153106320e-01,3.773822071668925101e-06,-2.464244156316806045e-01,8.767849103756044649e-01,8.769605387682232189e-01,1.140524599023836405e+00
1.905463756443712283e-04,-2.226118615984441898e-07,6.716576050585924387e-06,1.281042530361649723e+00,-2.464057844081492532e-01,2.281042815136133051e+00,-2.464044991812562591e-01,6.762463331772821974e-06,-2.464142776509799515e-01,8.767950761546305927e-01,8.769707554319247089e-01,1.140521407568212409e+00
1.951984085431818119e-04,-2.281012606139497054e-07,-6.014455025748756145e-07,1.281042852940649679e+00,-2.464112895905962997e-01,2.281043137715459856e+00,-2.464135400613357840e-01,5.227075765848119235e-06,-2.464142350365873813e-01,8.767921619932714794e-01,8.769665805286994686e-01,1.140521568857875812e+00
2.008353518160405581e-04,-2.347528539110736745e-07,-1.022946659036182811e-05,1.281045872713096889e+00,-2.464250938497552779e-01,2.281046157490966397e+00,-2.464268320618954733e-01,1.024844551589445921e-05,-2.464162123566044083e-01,8.767865469215300189e-01,8.769613223937764435e-01,1.140523078745629304e+00
2.052816097543003573e-04,-2.399994384629056278e-07,-5.410643712531579753e-06,1.281048955073393669e+00,-2.464252565805573614e-01,2.281049239854386457e+00,-2.464245815749556701e-01,8.227005293038081542e-06,-2.464195022914099087e-01,8.767849697030205558e-01,8.769600062781525152e-01,1.140524619927339334e+00
2.105146910340961806e-04,-2.461744745895396067e-07,1.631730798575064323e-06,1.281051147804709966e+00,-2.464208695800982618e-01,2.281051432587925643e+00,-2.464199927838658932e-01,6.854049707181411525e-06,-2.464228448171299490e-01,8.767835971043385079e-01,8.769589869889221623e-01,1.140525716294108483e+00
2.151471818446064896e-04,-2.516408139367615096e-07,-1.201577779390637441e-06,1.281049198571169390e+00,-2.464212538449351286e-01,2.281049483352409535e+00,-2.464216184982141455e-01,6.127616915006405316e-06,-2.464227458889891587e-01,8.767857104852451178e-01,8.769617634186269717e-01,1.140524741676350651e+00
2.210575783369350450e-04,-2.586150820400679635e-07,-6.107223770032099360e-06,1.281042518071080272e+00,-2.464218393550559327e-01,2.281042802845550721e+00,-2.464216988279679943e-01,6.311814138016052657e-06,-2.464187523852493511e-01,8.767907361053497439e-01,8.769669074113872753e-01,1.140521401422921466e+00
2.300015902276124130e-04,-2.691690164354722890e-07,-4.960445525117316444e-06,1.281041893764049533e+00,-2.464185428376726161e-01,2.281042178537887821e+00,-2.464186631302827113e-01,5.669661980082672795e-06,-2.464140760303605016e-01,8.767960556317200282e-01,8.769716990413534141e-01,1.140521089269089794e+00
2.381668347141979855e-04,-2.788040052598473193e-07,-8.328104744669295145e-06,1.281043604618163023e+00,-2.464252665031231304e-01,2.281043889393734592e+00,-2.464259382610002325e-01,8.823126382669134482e-06,-2.464147873962780622e-01,8.767926186884554829e-01,8.769676282834574232e-01,1.140521944697013179e+00
2.423378576990358932e-04,-2.837258125497214333e-07,-6.968091815316832563e-06,1.281041758369991568e+00,-2.464253534994653438e-01,2.281042043143692855e+00,-2.464243457484658339e-01,8.361210731876771165e-06,-2.464153717783355846e-01,8.767920559930773017e-01,8.769673719359580844e-01,1.140521021571992311e+00
2.500010316823228561e-04,-2.927683581566240878e-07,7.283047854072904690e-06,1.281039566624503800e+00,-2.464158211227454875e-01,2.281039851395983309e+00,-2.464146346012158484e-01,9.171385689732414193e-06,-2.464249408632677163e-01,8.767903867840224352e-01,8.769654371740681631e-01,1.140519925698137760e+00
2.528396585401004718e-04,-2.961179379618523014e-07,7.696598882213088184e-06,1.281039141895029543e+00,-2.464134737425591748e-01,2.281039426666079617e+00,-2.464127941076874606e-01,7.801891318419123609e-06,-2.464238100486044747e-01,8.767894360353984951e-01,8.769647328027658784e-01,1.140519713333185692e+00
2.600098615184042610e-04,-3.045787777605490856e-07,2.697687892899203124e-06,1.281037952461224760e+00,-2.464092104213286560e-01,2.281038237231069132e+00,-2.464087135347332869e-01,6.556196937580299960e-06,-2.464154713871641034e-01,8.767902260893745137e-01,8.769656933094504003e-01,1.140519118615680449e+00
2.693424060549370674e-04,-3.155911806809686716e-07,-7.934095897954420234e-07,1.281045654868829820e+00,-2.464141700691438730e-01,2.281045939646478615e+00,-2.464152728777339041e-01,5.244178527958904237e-06,-2.464127194951544197e-01,8.767863813572864817e-01,8.769610174359773191e-01,1.140522969823385635e+00
2.771656608602934163e-04,-3.248226216568228560e-07,5.309809351814187451e-07,1.281052275032322774e+00,-2.464184943245625314e-01,2.281052559816679981e+00,-2.464186462845637804e-01,4.683509816570134657e-06,-2.464212834045521328e-01,8.767896463080819824e-01,8.769658035568458354e-01,1.140526279908486096e+00
2.864743385756146426e-04,-3.358068617216280081e-07,6.335950019330248243e-07,1.281048894168253849e+00,-2.464142334012882629e-01,2.281049178949185574e+00,-2.464133365407147613e-01,1.564977734063017942e-06,-2.464195113561114536e-01,8.767942873709936302e-01,8.769699849783760826e-01,1.140524589474738670e+00
2.993673627460975727e-04,-3.510206307373620179e-07,-4.687411952086577306e-06,1.281046781650767796e+00,-2.464148003799902231e-01,2.281047066429559234e+00,-2.464156244232248716e-01,5.219321654130639729e-06,-2.464179768320347574e-01,8.767985620089503440e-01,8.769741333444032172e-01,1.140523533214925278e+00
3.030201959348572966e-04,-3.553309740391464538e-07,-2.801002899948636649e-06,1.281047240640876161e+00,-2.464151964377969128e-01,2.281047525420132338e+00,-2.464143702899753985e-01,4.210369126526733772e-06,-2.464194597817569721e-01,8.767974677499182912e-01,8.769721986682722514e-01,1.140523762710212052e+00
3.103239990965568867e-04,-3.639494620465664110e-07,6.664172244099958548e-06,1.281046750223000741e+00,-2.464060329259689375e-01,2.281047035001759760e+00,-2.464052487704330163e-01,7.555295329703760501e-06,-2.464210320649257990e-01,8.767930931592647914e-01,8.769678559292922726e-01,1.140523517501025763e+00
3.160874034068495353e-04,-3.707502793496512442e-07,6.458784121204704354e-06,1.281044732862568925e+00,-2.464133420220476489e-01,2.281045017639284467e+00,-2.464151350662322215e-01,6.816910323744068655e-06,-2.464191217878159146e-01,8.767898271278498079e-01,8.769646772370481846e-01,1.140522508819787895e+00
3.269002911653972709e-04,-3.835094873085804186e-07,4.291995755195948901e-06,1.281045556199899238e+00,-2.464171927234228843e-01,2.281045840977448336e+00,-2.464166907407237261e-01,6.124844391203680916e-06,-2.464176713722687762e-01,8.767895368705671544e-01,8.769650863361128090e-01,1.140522920488870273e+00
3.394010734828963884e-04,-3.982604109049565797e-07,4.571612809715566417e-06,1.281053687516761075e+00,-2.464204321443015100e-01,2.281053972302549582e+00,-2.464205782752203755e-01,5.785936809514221803e-06,-2.464230467136410418e-01,8.767806261643462662e-01,8.769550531171227403e-01,1.140526986151420896e+00
3.444752915721499532e-04,-4.042479884361168206e-07,1.065367002323213949e-06,1.281053306146466841e+00,-2.464229254746121978e-01,2.281053590931868769e+00,-2.464238261374180061e-01,5.265045039851547629e-06,-2.464216661150438192e-01,8.767824380365258907e-01,8.769587142520188783e-01,1.140526795466080490e+00
3.500058608938083561e-04,-4.107740604371950784e-07,-4.784233676281237438e-06,1.281052288837356112e+00,-2.464281535988152028e-01,2.281052573621727309e+00,-2.464291207234504955e-01,5.837052814851649830e-06,-2.464198836371964685e-01,8.767876415455709838e-01,8.769639335380864376e-01,1.140526286811009760e+00
3.513544164370211624e-04,-4.123654502282564714e-07,-5.355596904771663756e-06,1.281052090455411241e+00,-2.389416188856677836e-01,2.281052375239581043e+00,-2.464290276777874322e-01,5.376713504722145119e-06,-2.464202708466712299e-01,8.767877531329585361e-01,8.769625726048505543e-01,1.140526187619936627e+00
3.600052002142270263e-04,-4.225777962753518443e-07,-2.764394435008612618e-06,1.281051337606416318e+00,-2.393841260481495703e-01,2.281051622389823841e+00,-2.464254749963059044e-01,4.446101961312441974e-06,-2.464260560193461402e-01,8.767780227654625724e-01,8.769522012511915543e-01,1.140525811195057804e+00
3.701456106867093729e-04,-4.345550436451531921e-07,-1.189274332657197246e-06,1.281045452086934988e+00,-2.417919580590920658e-01,2.281045736864378615e+00,-2.464088056444138641e-01,3.821535787605293208e-06,-2.464197586539525198e-01,8.767888692326238909e-01,8.769655685080567364e-01,1.140522868432335413e+00
3.805106303971949764e-04,-4.468023468232859458e-07,1.867712733572723287e-06,1.281042075662734758e+00,-2.434160082611045439e-01,2.281042360436757566e+00,-2.464176966923980472e-01,3.264708802323412649e-06,-2.464118048250409088e-01,8.767965120563026016e-01,8.769724503895952594e-01,1.140521180218524666e+00
3.856881019218147627e-04,-4.529213002890019896e-07,-5.610814521607740398e-06,1.281043155669017164e+00,-2.440046467710138833e-01,2.281043440444134429e+00,-2.464266086155540436e-01,7.281133663127338146e-06,-2.464143241672247797e-01,8.767983635313089108e-01,8.769739654141773810e-01,1.140521720222213098e+00
3.912622309484751560e-04,-4.595097343400178760e-07,-1.316883108718726271e-05,1.281044529622732631e+00,-2.445159055927342284e-01,2.281044814399241005e+00,-2.464364174971439003e-01,1.312692154731329374e-05,-2.464175110793062895e-01,8.767990968087483461e-01,8.769739633434580073e-01,1.140522407199766830e+00
3.965547291067624577e-04,-4.657658235165067248e-07,-5.705592399738296905e-06,1.281045908948896139e+00,-2.448908034394153277e-01,2.281046193726802951e+00,-2.464296051744519489e-01,1.074215499765229791e-05,-2.464182947046494598e-01,8.767958194434848362e-01,8.769705553549510535e-01,1.140523096863547359e+00
4.011057339875915336e-04,-4.711457529443142340e-07,6.986017070628483825e-07,1.281046102925475161e+00,-2.451498388779216608e-01,2.281046387703578038e+00,-2.464232032886869428e-01,9.751520043513316904e-06,-2.464184412390539036e-01,8.767933480008466285e-01,8.769684596487994366e-01,1.140523193851935124e+00
4.081611754809760882e-04,-4.794867649374679832e-07,-4.116185814379578727e-07,1.281040730324124022e+00,-2.454730953623382173e-01,2.281041015096783475e+00,-2.464231547154057400e-01,8.693204532182819327e-06,-2.464176514824381325e-01,8.767929955229484262e-01,8.769684779515757311e-01,1.140520507548537621e+00
4.152881825729144542e-04,-4.879128456232920825e-07,-4.606931526289964898e-06,1.281036343565391755e+00,-2.457136703119110199e-01,2.281036628333605876e+00,-2.464197523894927078e-01,7.697104048571874965e-06,-2.464143643980414855e-01,8.767928481319503531e-01,8.769679576673576893e-01,1.140518314166949043e+00
4.213658349962088830e-04,-4.950985781381781354e-07,-8.253938715265403178e-06,1.281040721114653946e+00,-2.458732700285923556e-01,2.281041005887303630e+00,-2.464227201201880380e-01,8.256106655013851245e-06,-2.464168572627801479e-01,8.767900724018217185e-01,8.769650666240373926e-01,1.140520502943797920e+00
4.284117465682521129e-04,-5.034293445737728705e-07,3.780847869426748304e-07,1.281045000296114900e+00,-2.460139377914834780e-01,2.281045285073100892e+00,-2.464230240841643882e-01,6.579272359039151609e-06,-2.464227862382306344e-01,8.767879261120341550e-01,8.769631150042491718e-01,1.140522642536696329e+00
4.323834280235893876e-04,-5.081253706567645428e-07,3.077231293525307665e-06,1.281044506156565177e+00,-2.460739558915272240e-01,2.281044790933050237e+00,-2.464199439161541549e-01,6.091464572007294497e-06,-2.464219072210574180e-01,8.767874056420704720e-01,8.769627788534160029e-01,1.140522395466671224e+00
4.401800760130482088e-04,-5.173440957920623923e-07,3.319134734620868179e-07,1.281040349634130937e+00,-2.461616076736286018e-01,2.281040634406404255e+00,-2.464109199439322717e-01,5.352480755145607255e-06,-2.464108376192802596e-01,8.767893752298742127e-01,8.769649970470376754e-01,1.140520317203348233e+00
4.501298706919348511e-04,-5.291089009543339539e-07,-7.718975183994001416e-07,1.281043714272518841e+00,-2.462411616509035117e-01,2.281043999048201876e+00,-2.464068704515924857e-01,1.493309151544984823e-06,-2.464123141791496607e-01,8.767838247589283540e-01,8.769584327354680298e-01,1.140521999524246599e+00
4.619300953421190100e-04,-5.430618877007497845e-07,1.160520727004746411e-06,1.281047607755555706e+00,-2.463313232545158160e-01,2.281047892535184030e+00,-2.464330235549204995e-01,1.471525884310403370e-06,-2.464255876835694803e-01,8.767844393267276715e-01,8.769608956256352839e-01,1.140523946267737898e+00
4.717343886263335000e-04,-5.546549255013169049e-07,3.166875710745278768e-06,1.281046073150686748e+00,-2.463501155693504086e-01,2.281046357928759871e+00,-2.464165526496813474e-01,3.611003705364520227e-06,-2.464117177591679808e-01,8.767989116034232699e-01,8.769746686066071106e-01,1.140523178964525819e+00
4.800206960782827975e-04,-5.644530786450998662e-07,-5.209816882128172721e-06,1.281046722533156323e+00,-2.463723609540799941e-01,2.281047007311887587e+00,-2.464208453829990486e-01,6.215031296329100910e-06,-2.464214536722657556e-01,8.767970800966309319e-01,8.769720688959924404e-01,1.140523503656089677e+00
4.841603359696166828e-04,-5.693480128348817180e-07,-3.938889980052681388e-06,1.281047726693715250e+00,-2.463796162529037770e-01,2.281048011473463699e+00,-2.464187222744862460e-01,4.691614295301222681e-06,-2.464182141919849522e-01,8.767954037336155304e-01,8.769706125253929896e-01,1.140524005736877955e+00
4.913103115550904393e-04,-5.778025458080549458e-07,7.974319495366137324e-07,1.281049073081853562e+00,-2.463804475929180227e-01,2.281049357862966254e+00,-2.464091133361155095e-01,3.732623931453894193e-06,-2.464101993147687630e-01,8.767951425611131278e-01,8.769708550687294046e-01,1.140524678931629232e+00
5.006316758698084414e-04,-5.888246721877535430e-07,1.833308385268445190e-06,1.281044606945181963e+00,-2.463912086799173728e-01,2.281044891721769385e+00,-2.464113291005599060e-01,3.022990377147070156e-06,-2.464150136242815592e-01,8.767966535131086481e-01,8.769718248041249442e-01,1.140522445861030576e+00
5.101845538779402637e-04,-6.001205713907552077e-07,-2.403071397118758065e-06,1.281044063846888958e+00,-2.463944896628097736e-01,2.281044348622926154e+00,-2.464077266145821010e-01,2.702531366501882717e-06,-2.464083053635972576e-01,8.767938091593343586e-01,8.769688768589476435e-01,1.140522174311609183e+00
5.176302503064513904e-04,-6.089248204492455663e-07,1.047586089932524591e-06,1.281047136157287936e+00,-2.464011356313950407e-01,2.281047420936438197e+00,-2.464116281467038372e-01,1.628938679665192549e-06,-2.464207750780134376e-01,8.767908758929502389e-01,8.769657291215705586e-01,1.140523710468364982e+00
5.224588125510800816e-04,-6.146344121402304425e-07,1.259154385367198279e-06,1.281047679642037584e+00,-2.464076849729123775e-01,2.281047964421738961e+00,-2.464177073299772258e-01,2.033093222430539056e-06,-2.464248637177393342e-01,8.767901251328323875e-01,8.769661925409236725e-01,1.140523982211015142e+00
5.302146480316594643e-04,-6.238053971870746947e-07,-7.093201267607855994e-06,1.281045956447327994e+00,-2.464225932106438866e-01,2.281046241225282767e+00,-2.464302473592829834e-01,7.898045687359500950e-06,-2.464174668102988019e-01,8.767982143253205685e-01,8.769744895908386795e-01,1.140523120612787267e+00
5.357259284501893681e-04,-6.303222822495069632e-07,-5.938410316784190213e-06,1.281045641832038839e+00,-2.464228608298938694e-01,2.281045926609674979e+00,-2.464275505349764195e-01,6.694236968143581039e-06,-2.464201540426038117e-01,8.767964487311245003e-01,8.769710924672330377e-01,1.140522963304983373e+00
5.427399946703493228e-04,-6.386161580143854483e-07,-1.527406017994235727e-06,1.281046509748489770e+00,-2.464215025699221795e-01,2.281046794527005428e+00,-2.464244447503490809e-01,6.031200765054080596e-06,-2.464240090822326923e-01,8.767889107428558093e-01,8.769625198603795413e-01,1.140523397263648597e+00
5.507828094369987505e-04,-6.481264932843030663e-07,7.475974143639273541e-06,1.281042252380980573e+00,-2.464110748728527700e-01,2.281042537155182348e+00,-2.464115832195126199e-01,7.522013329653383117e-06,-2.464184933741215000e-01,8.767771634855865415e-01,8.769527753790535840e-01,1.140521268577737057e+00
5.559182601910954208e-04,-6.541989773815775593e-07,2.347140411787535759e-06,1.281039913529580021e+00,-2.464086092566462882e-01,2.281040198301411248e+00,-2.464104547036496118e-01,5.600264648668818129e-06,-2.464140516827952598e-01,8.767839897144290573e-01,8.769607967880217458e-01,1.140520099150851951e+00
5.621270986798141507e-04,-6.615407040795724911e-07,-4.171346208127093160e-06,1.281041656734493994e+00,-2.464122542873380395e-01,2.281041941508092030e+00,-2.464144831481564213e-01,4.677508171093232702e-06,-2.464133040042608691e-01,8.767911385418206693e-01,8.769669894513456576e-01,1.140520970754191898e+00
5.705994597893040456e-04,-6.715589651674382607e-07,-7.613715791877138032e-06,1.281049279240841221e+00,-2.464204058903446681e-01,2.281049564022163079e+00,-2.464226515252344041e-01,7.638293841990995717e-06,-2.464190135541407256e-01,8.767933374829290916e-01,8.769688861737090502e-01,1.140524782011227423e+00
5.800106923551563319e-04,-6.826874088614031804e-07,-3.869359926580887006e-06,1.281047951189537404e+00,-2.464187937105104809e-01,2.281048235969513449e+00,-2.464186068986879419e-01,6.685333169782891917e-06,-2.464167767267908815e-01,8.767981707809386904e-01,8.769743593536966086e-01,1.140524117984902608e+00
5.908219226029837569e-04,-6.954713001392812513e-07,1.866194692520398233e-06,1.281039494974989479e+00,-2.464002868799718970e-01,2.281039779746397045e+00,-2.463997019976667258e-01,6.169732154569086653e-06,-2.464107196438409253e-01,8.767931422989574397e-01,8.769682438443190398e-01,1.140519889873344406e+00
6.000064700570556043e-04,-7.063316974827074677e-07,-1.936564255516909745e-06,1.281039912172204476e+00,-2.464109137094237234e-01,2.281040196944034815e+00,-2.464128658207819511e-01,4.733512075813366295e-06,-2.464081279435630101e-01,8.767927324245839982e-01,8.769679380768373722e-01,1.140520098472163513e+00
6.108009058876796415e-04,-7.190957303053812078e-07,-7.578720129517909431e-06,1.281045632588761585e+00,-2.464301195030336178e-01,2.281045917366387954e+00,-2.464322452371077443e-01,7.660903583689724288e-06,-2.464199980785588828e-01,8.767975318254648265e-01,8.769722319174444447e-01,1.140522958683340082e+00
6.201123400683556655e-04,-7.301061675744812865e-07,-5.150908038706759879e-06,1.281045475461420668e+00,-2.464247905282254125e-01,2.281045760238888054e+00,-2.464240224022310188e-01,6.883330976076097806e-06,-2.464176869232317935e-01,8.767881108359835141e-01,8.769627105575479309e-01,1.140522880119589910e+00
6.303892257177509933e-04,-7.422582169835954283e-07,8.106807137940231335e-07,1.281039971916662079e+00,-2.464173825812170926e-01,2.281040256688553036e+00,-2.464166186409486314e-01,6.394875824837080242e-06,-2.464135036598485984e-01,8.767883854491804740e-01,8.769638918613289480e-01,1.140520128344422401e+00
6.359316022592158670e-04,-7.488118788633099852e-07,-4.011720652295120694e-06,1.281038522611112951e+00,-2.464181416868197194e-01,2.281038807381535083e+00,-2.464188073567247506e-01,6.168984870730959045e-06,-2.464120348128434335e-01,8.767895885372912756e-01,8.769651133103757434e-01,1.140519403690913425e+00
6.413606734816185628e-04,-7.552315612633521965e-07,-8.345439048656929900e-06,1.281039488274213101e+00,-2.464219171125563712e-01,2.281039773045614005e+00,-2.464217561158283942e-01,8.302564670352894982e-06,-2.464121831289338427e-01,8.767893634641754641e-01,8.769639491212477544e-01,1.140519886522952886e+00
6.477059921589611554e-04,-7.627346735099324809e-07,-3.140683020455471195e-07,1.281042549083969417e+00,-2.464116628060737668e-01,2.281042833858471841e+00,-2.464094393380282522e-01,6.456357881863501519e-06,-2.464110605220800332e-01,8.767833847175798834e-01,8.769577607450257384e-01,1.140521416929381804e+00
6.518374928932538269e-04,-7.676200252194731970e-07,3.490876023517984214e-06,1.281043960034471851e+00,-2.464050328441683979e-01,2.281044244810403576e+00,-2.464041470176680515e-01,5.813085568909026904e-06,-2.464099809344118819e-01,8.767811202857580533e-01,8.769569782542232517e-01,1.140522122405347893e+00
6.600012755616585730e-04,-7.772734057390579927e-07,-6.932409650862466010e-08,1.281041250307023205e+00,-2.464064205224688331e-01,2.281041535080209126e+00,-2.464062283859757285e-01,4.970752474348643935e-06,-2.464052340366073846e-01,8.767879783368580648e-01,8.769643188296780689e-01,1.140520767540250446e+00
6.688572354643924738e-04,-7.877452608251373118e-07,-6.694233560786833449e-07,1.281042939686162896e+00,-2.464130184492054620e-01,2.281043224461061225e+00,-2.464144044362418795e-01,2.067294487313108378e-06,-2.464117184835974417e-01,8.767923566039305117e-01,8.769678565597331943e-01,1.140521612230676496e+00
6.800000000000000488e-04,-8.009211804964970376e-07,-3.678117738649808271e-06,1.281047742934533495e+00,-2.464253757947774404e-01,2.281048027714298598e+00,-2.464264928106945363e-01,4.009221231688245738e-06,-2.464206499647612625e-01,8.767912497222843937e-01,8.769666710881641736e-01,1.140524013857295405e+00
6.887282235944696502e-04,-8.112419923637407530e-07,-1.922146016377558839e-06,1.281045967293479082e+00,-2.464206084805568020e-01,2.281046252071444957e+00,-2.464199032982435922e-01,3.319324711518666321e-06,-2.464178930663673828e-01,8.767949018527215754e-01,8.769707509950535052e-01,1.140523126035868362e+00
6.965038004458675835e-04,-8.204363336605523894e-07,-3.490350763517736056e-06,1.281044368586044424e+00,-2.464162451988795022e-01,2.281044653362390040e+00,-2.464158208384487625e-01,3.886241635802144964e-06,-2.464177034296955171e-01,8.767927709153373605e-01,8.769675449172464887e-01,1.140522326681341125e+00
7.038445335813629236e-04,-8.291164877951172564e-07,-4.033982946752861109e-06,1.281042901028795589e+00,-2.464179219465224835e-01,2.281043185803654616e+00,-2.464189622833496685e-01,4.513872172803108734e-06,-2.464176536703965026e-01,8.767933134083508717e-01,8.769696869057647115e-01,1.140521592901973191e+00
7.121363820141256686e-04,-8.389213017480803400e-07,-1.364300649669497097e-06,1.281043206176982308e+00,-2.464245718300626942e-01,2.281043490952149977e+00,-2.464239967332867987e-01,4.031953523443898380e-06,-2.464186832690800633e-01,8.767992853062041014e-01,8.769742483162487057e-01,1.140521745476221094e+00
7.210839994981979324e-04,-8.495015392481930953e-07,-3.321486432318588361e-06,1.281041995326825500e+00,-2.464136860989870892e-01,2.281042280100766817e+00,-2.464126243900985336e-01,3.676825426679703502e-06,-2.464128593781869381e-01,8.767963288361125818e-01,8.769717972829071950e-01,1.140521140050529292e+00
7.303372863372479228e-04,-8.604432196732517746e-07,6.968591584448839624e-07,1.281042739788352147e+00,-2.464100104781041523e-01,2.281043024563047528e+00,-2.464097238508117516e-01,2.677104541632790805e-06,-2.464148069094317661e-01,8.767966176681423196e-01,8.769718384266177447e-01,1.140521512281669869e+00
7.400787909986239390e-04,-8.719621999652887690e-07,-4.042993675766414162e-07,1.281043404457346435e+00,-2.464120489700477590e-01,2.281043689232715277e+00,-2.464120588995143690e-01,2.355604628067945386e-06,-2.464095734151665884e-01,8.767968048876704223e-01,8.769722955506223938e-01,1.140521844616503744e+00
7.500140328124999152e-04,-8.837102674498662714e-07,-5.556694003079776149e-06,1.281045004118620323e+00,-2.464286554752677938e-01,2.281045288895610312e+00,-2.464313270101924913e-01,6.098016261712362659e-06,-2.464198089666158886e-01,8.767926762382641792e-01,8.769674117387257217e-01,1.140522644447951039e+00
7.536144064433134655e-04,-8.879675803253031483e-07,-4.653310264913785867e-06,1.281045957705303717e+00,-2.464311410594626217e-01,2.281046242483260045e+00,-2.464305808845138335e-01,5.145231482104295960e-06,-2.464205683211549425e-01,8.767891875948197189e-01,8.769636342795560369e-01,1.140523121241775906e+00
7.612774600764538047e-04,-8.970288668020326762e-07,-1.054627660106839227e-06,1.281045834084765689e+00,-2.464240885761614375e-01,2.281046118862596561e+00,-2.464234328958114228e-01,4.493068056048812365e-06,-2.464175948292340046e-01,8.767839773320792451e-01,8.769598416177784017e-01,1.140523059431444386e+00
7.700049046807204423e-04,-9.948885280380399230e-07,-4.498191606702208759e-06,1.281042420136713211e+00,-2.464217505560320765e-01,2.281042704911084851e+00,-2.464215362391769248e-01,5.009589907969291341e-06,-2.464089009824481369e-01,8.767928379973863873e-01,8.769692835075899584e-01,1.140521352455688309e+00
7.700582728846724380e-04,-5.721150509734944075e-04,-1.950496619196528329e-05,1.281042400198268982e+00,-2.464220014935345204e-01,2.281042684972620638e+00,-2.464364256163984468e-01,5.762392973942607848e-04,-2.464088507673461437e-01,8.767928944159034677e-01,8.769692804927310403e-01,1.140521342486456202e+00
7.701946849980204155e-04,-2.025921633545041487e-03,-1.854003193834418740e-04,1.281042349948247505e+00,-2.464327757356764848e-01,2.281042634722547646e+00,-2.466020433311013893e-01,2.030324681676756293e-03,-2.464087448387456691e-01,8.767930243582575667e-01,8.769692614430690814e-01,1.140521317361419928e+00
7.704361919170472440e-04,-4.578720676561366491e-03,-8.666074271478878396e-04,1.281042263614549315e+00,-2.465370070338509245e-01,2.281042548388762192e+00,-2.472828260338842399e-01,4.583613111516657290e-03,-2.464086243969792200e-01,8.767932059815961576e-01,8.769691937694248374e-01,1.140521274194526979e+00
7.707904590784426168e-04,-8.275260903409025967e-03,-2.560666542610358625e-03,1.281042143485417562e+00,-2.470094613975871711e-01,2.281042428259508537e+00,-2.489763795526626355e-01,8.280861588972355733e-03,-2.464085646208693803e-01,8.767933700955321541e-01,8.769690353327358467e-01,1.140521214129900374e+00
7.713578966553231997e-04,-1.407872599878804386e-02,-6.417280355524453660e-03,1.281041968797584474e+00,-2.487353947476522720e-01,2.281042253571498257e+00,-2.528323668974793992e-01,1.408543763508404364e-02,-2.464086521283451459e-01,8.767934238290823190e-01,8.769686887580419032e-01,1.140521126785895234e+00
7.722196335148281488e-04,-2.262280510901665959e-02,-1.367807484944357638e-02,1.281041749803270235e+00,-2.534447709918834502e-01,2.281042034576962863e+00,-2.600924227628141905e-01,2.263115002732061717e-02,-2.464089976468578358e-01,8.767931644674086256e-01,8.769680546766629448e-01,1.140521017288627315e+00
7.732746474616349888e-04,-3.265659680025131961e-02,-2.337107634839871717e-02,1.281041560021230596e+00,-2.614642929902650237e-01,2.281041844794730711e+00,-2.697846545137630447e-01,3.266685601303435937e-02,-2.464095551330298395e-01,8.767925387738404464e-01,8.769672103144678932e-01,1.140520922397511239e+00
7.745786955217702193e-04,-4.443939005416760318e-02,-3.537925083702797568e-02,1.281041409367461359e+00,-2.728436539745059397e-01,2.281041694140808929e+00,-2.817919555106357388e-01,4.445189155218142590e-02,-2.464103221641483765e-01,8.767915621238850932e-01,8.769661276310839471e-01,1.140520847070550348e+00
7.762401552914454826e-04,-5.851550735941488807e-02,-5.000140005468110133e-02,1.281041120095707697e+00,-2.876440655380856359e-01,2.281041404868761280e+00,-2.964129935705315799e-01,5.853067851229543095e-02,-2.464113012238043354e-01,8.767902094373989375e-01,8.769647479926273581e-01,1.140520702434526967e+00
7.780481074814718989e-04,-7.272053318303094149e-02,-6.483351515988471092e-02,1.281039753947432747e+00,-3.030228400684845669e-01,2.281040038719102991e+00,-3.112434537951672686e-01,7.273838696694705230e-02,-2.464119209563058466e-01,8.767888058577069099e-01,8.769634706746857189e-01,1.140520019359697379e+00
7.799590902311831931e-04,-8.656938640088297776e-02,-7.930851695422143355e-02,1.281032755803376277e+00,-3.181262875515976085e-01,2.281033040567955084e+00,-3.257141589701414985e-01,8.658984258677146495e-02,-2.464100286851737542e-01,8.767880002549081064e-01,8.769633957005675828e-01,1.140516520284123425e+00
7.816805574606483726e-04,-9.809695247302210874e-02,-9.135953501923158027e-02,1.281005312497791149e+00,-3.307130505236080542e-01,2.281005597234562199e+00,-3.377524462274261174e-01,9.811986757832971695e-02,-2.463967498618335472e-01,8.767914406825341178e-01,8.769712162710365799e-01,1.140502798617426983e+00
7.838504932303217093e-04,-1.114507874274043991e-01,-1.053203371132642868e-01,1.280853931237153187e+00,-3.452639061334567550e-01,2.280854215820532715e+00,-3.516380222501065411e-01,1.114765760344563206e-01,-2.463207498483054037e-01,8.768147451730222697e-01,8.770107767513982688e-01,1.140427107910412463e+00
7.865747572336710116e-04,-1.265270662018799508e-01,-1.210820131581999970e-01,1.279987014872328910e+00,-3.614522946949332849e-01,2.279987298577280441e+00,-3.669377412032355790e-01,1.265561246343433199e-01,-2.458578213004631863e-01,8.769619258971318443e-01,8.772442388630012911e-01,1.139993649288785660e+00
7.900425211170278078e-04,-1.433070740272104904e-01,-1.386249274147937638e-01,1.275506411744627977e+00,-3.779402635550347944e-01,2.275506690909478547e+00,-3.818397590845670764e-01,1.433397748338238464e-01,-2.432157053225769694e-01,8.778912402951695171e-01,8.785680152346179161e-01,1.137753345454882492e+00
7.986820180804675645e-04,-1.755968905759535958e-01,-1.723761783478044152e-01,1.228986463427123255e+00,-3.850220141015625042e-01,2.228986695454289180e+00,-3.827260117809720974e-01,1.756291895564695837e-01,-2.103509954456275755e-01,8.919942353540460944e-01,8.950030540580377059e-01,1.114493347727263606e+00
8.147214593834459099e-04,-2.111597677855358846e-01,-2.095645678441766524e-01,1.114151294577881535e+00,-3.251159885899247981e-01,2.114151410244986540e+00,-3.218036922186064963e-01,2.112082026250509670e-01,-1.122401497973963130e-01,9.413889975339764238e-01,9.440699913490308015e-01,1.057075705122552556e+00
8.391902112687122349e-04,-2.342531709357588976e-01,-2.336994569011697220e-01,1.038854677090272682e+00,-2.745866482477886672e-01,2.038854716460899219e+00,-2.734217355420844875e-01,2.342992158968184579e-01,-3.972027614819362284e-02,9.792610848005220969e-01,9.803282792385377142e-01,1.019427358230470038e+00
8.602072611449900581e-04,-2.415422964033474562e-01,-2.413164379119748792e-01,1.016167871884795293e+00,-2.584797217484320342e-01,2.016167888267359487e+00,-2.580093098779978056e-01,2.415860778260661146e-01,-1.669449012975132707e-02,9.912988026410373132e-01,9.918480754248599762e-01,1.008083944133688181e+00
8.839827650688850428e-04,-2.446861189852157226e-01,-2.446088710990571846e-01,1.006538208127856882e+00,-2.515360642751611753e-01,2.006538214752885629e+00,-2.513695984913328352e-01,2.447378071317917736e-01,-6.751958641781038648e-03,9.964971315622800363e-01,9.968208000110744260e-01,1.003269107376446367e+00
9.099999999999998932e-04,-2.458615223523236970e-01,-2.458425759088515850e-01,1.002952413494009321e+00,-2.489126566641114702e-01,2.002952416485627829e+00,-2.488570876433289503e-01,2.459169564658230112e-01,-3.021688206164462910e-03,9.984608234574092744e-01,9.987029509456037957e-01,1.001476208242815247e+00
9.340634265366247642e-04,-2.462247027286735557e-01,-2.462173257120868763e-01,1.001847460147628377e+00,-2.481085876104161814e-01,2.001847462019620938e+00,-2.480895852938086177e-01,2.462743046453615692e-01,-1.874747327154204944e-03,9.990517101763524144e-01,9.992653191528700907e-01,1.000923731009811579e+00
9.617026907917537032e-04,-2.463621994625493639e-01,-2.463630372211451647e-01,1.001437997586267947e+00,-2.478148675427567227e-01,2.001437999043360616e+00,-2.478092255797446075e-01,2.464147628737670681e-01,-1.444279893994688310e-03,9.992686232547656200e-01,9.994728611460435008e-01,1.000718999521681196e+00
9.894677411556892892e-04,-2.464036329445193629e-01,-2.464067344482646360e-01,1.001308294968476842e+00,-2.477133678945907802e-01,2.001308296294144640e+00,-2.477114119896068056e-01,2.464566351980818359e-01,-1.303226885331394778e-03,9.993524702164381379e-01,9.995545449052526399e-01,1.000654148147072986e+00
1.012691730226189654e-03,-2.464148677948414801e-01,-2.464142408209573643e-01,1.001271843591811983e+00,-2.476826809467640167e-01,2.001271844880544659e+00,-2.476824900964467724e-01,2.464636868710620710e-01,-1.268668637795016809e-03,9.993573834386275667e-01,9.995583022853755661e-01,1.000635922440272774e+00
1.040300000000000079e-03,-2.464193675888479984e-01,-2.464248119102359080e-01,1.001262478351572005e+00,-2.476866481658165364e-01,2.001262479630814273e+00,-2.476855556470038688e-01,2.464748821699017933e-01,-1.261683229179062869e-03,9.993622886098242342e-01,9.995622443685130420e-01,1.000631239815408025e+00
1.063871186521642836e-03,-2.464206102486227179e-01,-2.464201686666076530e-01,1.001255258625745492e+00,-2.476829008001029120e-01,2.001255259897672278e+00,-2.476842607488249082e-01,2.464696291866101951e-01,-1.261295655961298902e-03,9.993705223181061914e-01,9.995698921617121036e-01,1.000627629948837027e+00
1.090699999999999786e-03,-2.464210890621131855e-01,-2.464179867041103589e-01,1.001257803380953826e+00,-2.476759282822114661e-01,2.001257804655459882e+00,-2.476758440120957194e-01,2.464682267763788071e-01,-1.262139131944444749e-03,9.993658393242458304e-01,9.995651864200661985e-01,1.000628902327730607e+00
1.119999999999999902e-03,-2.464212450012341626e-01,-2.464158560516278573e-01,1.001256075743361729e+00,-2.476704412752812612e-01,2.001256077016116741e+00,-2.476693144251322365e-01,2.464663453631207035e-01,-1.251155903824936006e-03,9.993813193963375641e-01,9.995827121299357687e-01,1.000628038508059037e+00
1.145513930078033383e-03,-2.464212855417332315e-01,-2.464210363550922989e-01,1.001262302744126531e+00,-2.476818683100377450e-01,2.001262304023191607e+00,-2.476812523714743974e-01,2.464712062138376958e-01,-1.259553619518590569e-03,9.993739104899543868e-01,9.995732560041361570e-01,1.000631152011596248e+00
1.170012100000000039e-03,-2.464212985736222994e-01,-2.464243752255368403e-01,1.001257748682330417e+00,-2.476912516203156056e-01,2.001257749956780518e+00,-2.476914810772654629e-01,2.464739230753274501e-01,-1.261968243088784592e-03,9.993690204179832559e-01,9.995679632052582031e-01,1.000628874978390925e+00
1.174177809999680166e-03,-2.464166069694292138e-01,-2.464199558870694418e-01,1.001258336687245620e+00,-2.476852984723012518e-01,2.001258337962291467e+00,-2.476843532903029443e-01,2.464712232963993666e-01,-1.261314327013625738e-03,9.993692461139155325e-01,9.995694849793970160e-01,1.000629168981146400e+00
1.202383597587929238e-03,-2.464166401132514284e-01,-2.464186556304066300e-01,1.001258293653537246e+00,-2.476794444933342887e-01,2.001258294928539794e+00,-2.476788695969271148e-01,2.464681941571344181e-01,-1.259950100099863210e-03,9.993725073318238117e-01,9.995730870618909636e-01,1.000629147464270563e+00
1.230300000000000143e-03,-2.464166729170260139e-01,-2.464155110831178497e-01,1.001258728105083762e+00,-2.476761159741029672e-01,2.001258729380526180e+00,-2.476766238413660171e-01,2.464647935964218439e-01,-1.257165626568055011e-03,9.993769087802489848e-01,9.995766393126753746e-01,1.000629364690263978e+00
1.259307507456059686e-03,-2.464167070029274487e-01,-2.464148482563666975e-01,1.001267010951520042e+00,-2.476736450497230013e-01,2.001267012235355303e+00,-2.476732074542489503e-01,2.464652847667065660e-01,-1.266332657522970971e-03,9.993670452966869622e-01,9.995666677010928147e-01,1.000633506117678539e+00
1.285899031446002122e-03,-2.464167382498743397e-01,-2.464162539816999176e-01,1.001261210070980789e+00,-2.476696000442920320e-01,2.001261211348938751e+00,-2.476690922863979683e-01,2.464658555379156679e-01,-1.256590203311035029e-03,9.993710991847970515e-01,9.995715923470602782e-01,1.000630605674470042e+00
1.314059464803376143e-03,-2.464167713404020743e-01,-2.464200681176814955e-01,1.001260995693413092e+00,-2.476791505269579086e-01,2.001260996971153894e+00,-2.476785250023717799e-01,2.464703563365136241e-01,-1.255774267040094330e-03,9.993786329995115736e-01,9.995792416743120024e-01,1.000630498485577391e+00
1.341915748873957369e-03,-2.464168040735333909e-01,-2.464202158080369964e-01,1.001260784899417500e+00,-2.476745580941560609e-01,2.001260786176944251e+00,-2.476763255523362073e-01,2.464696137756918204e-01,-1.263951597198547478e-03,9.993703770017052790e-01,9.995702689522979467e-01,1.000630393088472792e+00
1.370700000000000087e-03,-2.464168378970915119e-01,-2.464210149308990183e-01,1.001261358271031465e+00,-2.476915810905165327e-01,2.001261359549138863e+00,-2.476923367731453385e-01,2.464702301474770985e-01,-1.263401542561247383e-03,9.993700952816652050e-01,9.995688273349635500e-01,1.000630679774570098e+00
1.400000000000000203e-03,-2.464168723266926542e-01,-2.464200272136627123e-01,1.001262763068434092e+00,-2.476818487457232709e-01,2.001262764347965462e+00,-2.476828567658324598e-01,2.464702596336946494e-01,-1.261398802555803011e-03,9.993654694188799370e-01,9.995651234637377147e-01,1.000631382173983397e+00
1.427284414727429066e-03,-2.464169043878358112e-01,-2.464202912883608487e-01,1.001260717644313791e+00,-2.476807224923399664e-01,2.001260718921772153e+00,-2.476796696897285155e-01,2.464696442961888112e-01,-1.255919839913155174e-03,9.993645538871120948e-01,9.995639362685395657e-01,1.000630359460886742e+00
1.451837740681691854e-03,-2.464169332397535828e-01,-2.464152708982639550e-01,1.001258893378883297e+00,-2.476740096644597655e-01,2.001258894654493581e+00,-2.476739966901968237e-01,2.464650842524044594e-01,-1.259076978294992573e-03,9.993733870041998646e-01,9.995735811712959107e-01,1.000629447327247457e+00
1.479999999999999979e-03,-2.464169663324274340e-01,-2.464172804404251294e-01,1.001260834440006020e+00,-2.476748649214855491e-01,2.001260835717582953e+00,-2.476752807615597018e-01,2.464666075730741202e-01,-1.259458720473795399e-03,9.993686193738614554e-01,9.995672354297264750e-01,1.000630417858792143e+00
1.505269736415398114e-03,-2.464169960261795578e-01,-2.464164141263255059e-01,1.001258677603278135e+00,-2.476780233916649754e-01,2.001258678878669706e+00,-2.476773905758933580e-01,2.464667476469090679e-01,-1.263242992360732574e-03,9.993599629006095775e-01,9.995603210040091557e-01,1.000629339439335519e+00
1.531500000000000092e-03,-2.464170268486196302e-01,-2.464203528652454955e-01,1.001261309267315269e+00,-2.476774038013115908e-01,2.001261310545373817e+00,-2.476785817561185377e-01,2.464695807897731017e-01,-1.258415124111837919e-03,9.993674656500485254e-01,9.995678562089491681e-01,1.000630655272687353e+00
1.550396422265610174e-03,-2.464170490532703595e-01,-2.464210330975827312e-01,1.001259236258448038e+00,-2.476652423537342718e-01,2.001259237534405599e+00,-2.476825711743574909e-01,2.464706163337542222e-01,-1.262648546406810318e-03,9.993751753619219969e-01,9.995751263560657129e-01,1.000629618767203466e+00
1.575183816053953544e-03,-2.464170781803563526e-01,-2.464134763799259997e-01,1.001256357443242040e+00,-2.476482653580165394e-01,2.001256358716282602e+00,-2.476684277154636293e-01,2.464635731807811037e-01,-1.257788537782154881e-03,9.993725607834523794e-01,9.995734383931207390e-01,1.000628179358141967e+00
1.604499999999999807e-03,-2.464171126292681036e-01,-2.464174642745724786e-01,1.001261546713910100e+00,-2.476767531901908626e-01,2.001261547992208900e+00,-2.476807005953036434e-01,2.464679556283828898e-01,-1.261286211030052291e-03,9.993696297680206841e-01,9.995702105758519362e-01,1.000630773996105116e+00
1.631270530700411987e-03,-2.464171440868778984e-01,-2.464254965955714749e-01,1.001261542827925233e+00,-2.476967345964674050e-01,2.001261544106220036e+00,-2.476986529335952758e-01,2.464749213764096947e-01,-1.266540186611663866e-03,9.993724479539414229e-01,9.995716806584118430e-01,1.000630772053110684e+00
1.659396400285570797e-03,-2.464171771371400366e-01,-2.464138623824965457e-01,1.001256312797881742e+00,-2.476662403265403878e-01,2.001256314070877007e+00,-2.476659013072978477e-01,2.464632782785754206e-01,-1.258759691431481217e-03,9.993755900398084702e-01,9.995752681146496954e-01,1.000628157035439170e+00
1.686944400124033849e-03,-2.464172095083595748e-01,-2.464135787154868307e-01,1.001262507902480392e+00,-2.476745006209236100e-01,2.001262509181753302e+00,-2.476736104047540799e-01,2.464669217200984863e-01,-1.262728295271360384e-03,9.993722033086072098e-01,9.995718131521875716e-01,1.000631254590877317e+00
1.715499999999999577e-03,-2.464172430635953870e-01,-2.464186672262609901e-01,1.001265086840365859e+00,-2.476777301691854283e-01,2.001265088122252234e+00,-2.476791302568193964e-01,2.464689315503506284e-01,-1.262857958410496841e-03,9.993755870982151679e-01,9.995761638963032159e-01,1.000632544061126561e+00
1.744374639788170934e-03,-2.464172769937296448e-01,-2.464116296001126194e-01,1.001258051184082287e+00,-2.476569139222108695e-01,2.001258052458839032e+00,-2.476574594513421823e-01,2.464612776814001649e-01,-1.255248116386667272e-03,9.993678915562503873e-01,9.995679306689719823e-01,1.000629026229420404e+00
1.771833122549651418e-03,-2.464173092597594372e-01,-2.464138296483719404e-01,1.001266251244959937e+00,-2.476727370464821831e-01,2.001266252528025369e+00,-2.476729466344466390e-01,2.464644780948890557e-01,-1.268008955497900141e-03,9.993656148582925614e-01,9.995649185036991069e-01,1.000633126264013351e+00
1.800300000000000121e-03,-2.464173427107389791e-01,-2.464145103796117342e-01,1.001260958952862712e+00,-2.476792426327119045e-01,2.001260960230565988e+00,-2.476785508738210684e-01,2.464655177243619544e-01,-1.267047940963691175e-03,9.993672012444504427e-01,9.995669308667382014e-01,1.000630480115283660e+00
1.828650136823984458e-03,-2.464173760245408906e-01,-2.464207756514827097e-01,1.001261339334077238e+00,-2.476895606606172862e-01,2.001261340612165984e+00,-2.476899103061665774e-01,2.464713083434734164e-01,-1.265253045591125530e-03,9.993693019801068722e-01,9.995703095042659525e-01,1.000630670306083658e+00
1.852734814272236638e-03,-2.464174043260695945e-01,-2.464208426180731493e-01,1.001257117974156730e+00,-2.476757570875758319e-01,2.001257119247967786e+00,-2.476767132846516561e-01,2.464700873697228400e-01,-1.251776689072775202e-03,9.993722475656965365e-01,9.995698301863389368e-01,1.000628559623984559e+00
1.879134999527709484e-03,-2.464174353485144020e-01,-2.464179960398126812e-01,1.001257760774098005e+00,-2.476863408359087360e-01,2.001257762048560540e+00,-2.476877574738308996e-01,2.464681618853340195e-01,-1.271765444916855966e-03,9.993733362776862084e-01,9.995739009201800584e-01,1.000628881024280936e+00
1.904499999999999726e-03,-2.464174651545301131e-01,-2.464180162004280528e-01,1.001262039072492005e+00,-2.476863271108095399e-01,2.001262040351289961e+00,-2.476877952095860591e-01,2.464682560432067404e-01,-1.266883659220858138e-03,9.993648811463967663e-01,9.995638918697502540e-01,1.000631020175645425e+00
1.931630007821701338e-03,-2.464174970345788529e-01,-2.464222569614702429e-01,1.001257706255304747e+00,-2.476754970996681016e-01,2.001257707529711993e+00,-2.476741573208055547e-01,2.464719106755974554e-01,-1.253788132746586331e-03,9.993674360347100105e-01,9.995677934572226864e-01,1.000628853764856885e+00
1.950021117763671560e-03,-2.464175186456840083e-01,-2.464237551331862897e-01,1.001255870324760711e+00,-2.476770212690941886e-01,2.001255871597307667e+00,-2.476783031089519194e-01,2.464743644646252563e-01,-1.258793224250364393e-03,9.993722081927804979e-01,9.995721742868192150e-01,1.000627935798654500e+00
1.970854197199655225e-03,-2.464636379843486713e-01,-2.464395319571410226e-01,1.001258398240078673e+00,-2.476893438322886054e-01,2.001258399515186692e+00,-2.476999567734896879e-01,2.465193167123023443e-01,-1.259832563993078811e-03,9.993674188407871695e-01,9.995670920149938299e-01,1.000629199757594234e+00
1.994388271686255241e-03,-2.472441015627127037e-01,-2.472264505349679176e-01,1.001165685889795931e+00,-2.483996659024547138e-01,2.001165687070961319e+00,-2.484043552819219514e-01,2.472951378750543605e-01,-1.184715982646662854e-03,9.994041738113171869e-01,9.996128451046706331e-01,1.000582843535481103e+00
2.013071103558090446e-03,-2.474876433365188755e-01,-2.474741488456781990e-01,1.000582862712702026e+00,-2.480962546386816236e-01,2.000582863303304482e+00,-2.480787441285771389e-01,2.475326392573242995e-01,-6.140406579013409864e-04,9.996770915602476437e-01,9.998902277479442269e-01,1.000291431651652463e+00
2.032333534266211016e-03,-2.475978796562378625e-01,-2.475975365771245496e-01,1.000253844071693488e+00,-2.478644094282762278e-01,2.000253844328908404e+00,-2.478571174462609050e-01,2.476506189361505350e-01,-2.672832320364533065e-04,9.998527588321090009e-01,1.000058716166024597e+00,1.000126922164454424e+00
2.052077865836156052e-03,-2.476463399359737361e-01,-2.476502713149457136e-01,1.000102089723066578e+00,-2.477653299029693446e-01,2.000102089826512497e+00,-2.477610234754790974e-01,2.477013640671613670e-01,-1.117169533583846266e-04,9.999487182139410457e-01,1.000150267261581183e+00,1.000051044913256026e+00
2.067197900417737551e-03,-2.476635124316431125e-01,-2.476633462762377336e-01,1.000048588052123932e+00,-2.477231524698737253e-01,2.000048588101356994e+00,-2.477223271712974961e-01,2.477131216914894019e-01,-5.009027236254831659e-05,9.999724140765167135e-01,1.000174958566191652e+00,1.000024294050678497e+00
2.081343092108849883e-03,-2.476719967902951958e-01,-2.476763021688213606e-01,1.000021172934318470e+00,-2.476930555666370104e-01,2.000021172955772197e+00,-2.476920989188412248e-01,2.477262172867366052e-01,-2.060183734961996174e-05,9.999930178734400821e-01,1.000192620731824578e+00,1.000010586477886099e+00
2.091437131294230072e-03,-2.476755436433145940e-01,-2.476769094345225575e-01,1.000013487340921658e+00,-2.476892745436049259e-01,2.000013487354588282e+00,-2.476890302122470300e-01,2.477264443940505878e-01,-1.595653683050026741e-05,9.999824972102011600e-01,1.000182441893852081e+00,1.000006743677294141e+00
2.101315234695784375e-03,-2.476777913588405211e-01,-2.476766680052818470e-01,1.000005491585913786e+00,-2.476807959547500937e-01,2.000005491591478002e+00,-2.476795886334606511e-01,2.477263423681866361e-01,-2.959462435353883587e-06,9.999890289380931607e-01,1.000190695874759950e+00,1.000002745795739223e+00
2.114837193834653243e-03,-2.476796537904893958e-01,-2.476759359078846423e-01,1.000000481843986710e+00,-2.476712722671465527e-01,2.000000481844474987e+00,-2.476701281373610286e-01,2.477266960927478612e-01,-1.014531399007650467e-06,1.000000362820171018e+00,1.000199053631197765e+00,1.000000240922237493e+00
2.130010790547358802e-03,-2.476807778831902063e-01,-2.476842628712589423e-01,9.999999347750141432e-01,-2.476886810918214887e-01,1.999999934774947974e+00,-2.476915328115336934e-01,2.477351463355152439e-01,-2.760674021960962464e-06,9.999931320102565246e-01,1.000193282071782486e+00,9.999999673874739869e-01
2.140464596542924775e-03,-2.476812172942908230e-01,-2.476825626966063787e-01,1.000001752418988366e+00,-2.476876194293897160e-01,2.000001752420763612e+00,-2.476869855877618931e-01,2.477328759652590584e-01,8.420005786855074978e-07,9.999965347643435809e-01,1.000196717605224661e+00,1.000000876210382028e+00
2.150873137825824732e-03,-2.476814952456831975e-01,-2.476807908703958228e-01,9.999973372183813547e-01,-2.476778616664139787e-01,1.999997337215683402e+00,-2.476768565819992274e-01,2.477307654106762624e-01,7.487525195733906522e-06,9.999980437836486491e-01,1.000199167077298279e+00,9.999986686078417009e-01
2.161898853373183087e-03,-2.476816801941459090e-01,-2.476891232748152927e-01,9.999942210788603791e-01,-2.476827725452612206e-01,1.999994221073004619e+00,-2.476829926040826357e-01,2.477387198417354275e-01,5.463949507426334148e-06,1.000009715162232027e+00,1.000208623418666454e+00,9.999971105365023094e-01
2.170873908217671022e-03,-2.476817773319629490e-01,-2.476883042489399223e-01,9.999952910877449863e-01,-2.476832693364071081e-01,1.999995291082973470e+00,-2.476836743218613079e-01,2.477379606341458262e-01,-3.498646232362454128e-06,9.999965559014535321e-01,1.000196485283660008e+00,9.999976455414867349e-01
2.180010222801855111e-03,-2.476818440389879361e-01,-2.476823834690807802e-01,9.999920618273299144e-01,-2.476745033043111499e-01,1.999992061819286127e+00,-2.476729925819717015e-01,2.477344617763145296e-01,8.968572325188443095e-06,1.000010963277427223e+00,1.000212883754012294e+00,9.999960309096431743e-01
2.190004778314027546e-03,-2.476818922382512111e-01,-2.476748117113983794e-01,9.999890848492281048e-01,-2.476574916858961251e-01,1.999989084838168063e+00,-2.476561578417258991e-01,2.477277914967867534e-01,1.369052423320061273e-05,9.999980769211959108e-01,1.000196240715686136e+00,9.999945424190840315e-01
2.200013214270400263e-03,-2.476819234745271381e-01,-2.476773770305135958e-01,9.999925831611020666e-01,-2.476706272595367020e-01,1.999992583153586745e+00,-2.476726832797226663e-01,2.477272840531120901e-01,3.960313345691121745e-06,9.999899955717707067e-01,1.000189144975410782e+00,9.999962915767932614e-01
2.205008843379562856e-03,-2.476819346559501478e-01,-2.476800810356000471e-01,9.999958139416428304e-01,-2.476751025476831292e-01,1.999995813937401445e+00,-2.476754456903937085e-01,2.477301988761247686e-01,4.182401687781050617e-06,9.999912233377751258e-01,1.000191888687415487e+00,9.999979069687006117e-01
2.212423861684947608e-03,-2.476819473542467287e-01,-2.476832956975893452e-01,1.000000126193099081e+00,-2.476788900135540594e-01,2.000000126193226979e+00,-2.476802999897369795e-01,2.477327630771594402e-01,4.780346931920706905e-06,9.999972615137946441e-01,1.000198330342214170e+00,1.000000063096613490e+00
2.222142776584584700e-03,-2.476819588500696612e-01,-2.476814820080946444e-01,9.999999949029867441e-01,-2.476892146829015040e-01,1.999999994902981637e+00,-2.476882821213037822e-01,2.477315521239133733e-01,-3.982389953583272879e-07,1.000005698585746616e+00,1.000205310889310972e+00,9.999999974514908185e-01
2.238184608674361614e-03,-2.476819698106814682e-01,-2.476799938945887236e-01,9.999948631427991730e-01,-2.476739766518787078e-01,1.999994863137594114e+00,-2.476740957827170964e-01,2.477299213478153794e-01,3.716461568850719914e-06,1.000007449537643422e+00,1.000208120487632080e+00,9.999974315687970572e-01
2.250233897112187843e-03,-2.476819742278579262e-01,-2.476826374847740930e-01,9.999975142772117298e-01,-2.476882122602624692e-01,1.999997514274693078e+00,-2.476892878074482829e-01,2.477322740488810959e-01,2.439351201591064889e-06,1.000006252808808060e+00,1.000205912205150316e+00,9.999987571373464279e-01
2.260603123185656038e-03,-2.476819765458473099e-01,-2.476812805573312404e-01,9.999975502800713123e-01,-2.476832424861258042e-01,1.999997550277588854e+00,-2.476823831963536893e-01,2.477309831461442513e-01,-7.790470913238398734e-07,1.000001815226756685e+00,1.000201056268273048e+00,9.999987751387945378e-01
2.270340991438098751e-03,-2.476819779418465428e-01,-2.476804808070260655e-01,9.999954703540178125e-01,-2.476688439160836253e-01,1.999995470349427817e+00,-2.476674622285639504e-01,2.477300224865233436e-01,7.777026157588795631e-06,9.999932230293325786e-01,1.000192741568392885e+00,9.999977351747140197e-01
2.280822303542390499e-03,-2.476819789019148177e-01,-2.476754904656789658e-01,9.999954658231194893e-01,-2.476626816621792515e-01,1.999995465818525275e+00,-2.476629268822378438e-01,2.477264017046608702e-01,7.828965428902751069e-06,9.999945495301695297e-01,1.000195293852300438e+00,9.999977329092625267e-01
2.291268534260083607e-03,-2.476819794995191726e-01,-2.476891464726030390e-01,9.999968119502726793e-01,-2.476794326385622358e-01,1.999996811947042374e+00,-2.476802489890871373e-01,2.477386150209653359e-01,8.508748624038418602e-06,1.000006714466561197e+00,1.000206176333144015e+00,9.999984059735211872e-01
2.300402031697160090e-03,-2.476819798323109112e-01,-2.476816196507438672e-01,9.999990212897112984e-01,-2.476804127818794388e-01,1.999999021288719536e+00,-2.476807221747339416e-01,2.477344841748588544e-01,-3.957008782856958761e-06,9.999927989978063536e-01,1.000191493117885022e+00,9.999995106443597681e-01
2.310035482225079092e-03,-2.476819800579161679e-01,-2.476773507395639562e-01,9.999945173753553851e-01,-2.476806769044157808e-01,1.999994517369799940e+00,-2.476801911465135730e-01,2.477281793981923053e-01,-8.401273737503727163e-07,9.999925732667022116e-01,1.000192938701957468e+00,9.999972586848999700e-01
2.322603133734061926e-03,-2.476819802286720495e-01,-2.476889328989562711e-01,9.999941025375346237e-01,-2.476890423823475129e-01,1.999994102531559070e+00,-2.476890593804874086e-01,2.477388084160226933e-01,2.462722020377225264e-06,9.999965931640881767e-01,1.000198290105444698e+00,9.999970512657794242e-01
2.331750703968188919e-03,-2.476819802971307050e-01,-2.476785371621484100e-01,9.999973200627146896e-01,-2.476820181021544276e-01,1.999997320059998973e+00,-2.476797844909788826e-01,2.477332461567680055e-01,8.391937905238790480e-07,1.000011027802086838e+00,1.000210955971718052e+00,9.999986600299995976e-01
2.340903325769815285e-03,-2.476819803357035721e-01,-2.476812021489944449e-01,9.999926229141684608e-01,-2.476575061802018807e-01,1.999992622906693551e+00,-2.476565390531138833e-01,2.477306691103424718e-01,1.482638619312909315e-05,1.000010550955290123e+00,1.000210346516927862e+00,9.999963114533466646e-01
2.350929982854732796e-03,-2.476819803551442156e-01,-2.476773175517055781e-01,9.999940223841844444e-01,-2.476713039896944746e-01,1.999994022378127623e+00,-2.476723933625988028e-01,2.477278345998594755e-01,8.204844671610047249e-06,9.999995318301796443e-01,1.000199065256369702e+00,9.999970111890637003e-01
2.367182729624441821e-03,-2.476819803559463795e-01,-2.476849249689221932e-01,9.999975445480049352e-01,-2.476872233154357450e-01,1.999997544545516925e+00,-2.476882236035878870e-01,2.477345405187541261e-01,-3.809859179026296968e-06,1.000000189708006859e+00,1.000199824500194845e+00,9.999987722727583517e-01
2.370035409999998732e-03,-2.476765786555633342e-01,-2.476844070075168713e-01,9.999979251925060764e-01,-2.476901134967098572e-01,1.999997925190403869e+00,-2.476910298716278880e-01,2.477341413849102614e-01,-5.283618375927413795e-06,9.999991234479110869e-01,1.000198744939050588e+00,9.999989625952018235e-01
2.380377068730270100e-03,-2.476765908074929912e-01,-2.476758423218930194e-01,9.999953030895210038e-01,-2.476752842162161794e-01,1.999995303084761700e+00,-2.476741973652586692e-01,2.477269028272269802e-01,-3.079585431152812267e-06,9.999976493497009233e-01,1.000197864966159145e+00,9.999976515423809609e-01
2.390270693862679447e-03,-2.476766024329626059e-01,-2.476750982556134573e-01,9.999937832838918794e-01,-2.476710661488582543e-01,1.999993783277592696e+00,-2.476706457940824613e-01,2.477246217816865548e-01,5.786465436902132415e-06,1.000004447638304983e+00,1.000204957333338696e+00,9.999968916387963480e-01
2.400611330665346644e-03,-2.476766145836922783e-01,-2.476691594281226205e-01,9.999993809575913328e-01,-2.476562881564340068e-01,1.999999380956964057e+00,-2.476557157506305840e-01,2.477208769127752785e-01,3.766370748181762083e-06,1.000004361384442486e+00,1.000203727636313156e+00,9.999996904784820284e-01
2.412871535653534141e-03,-2.476766289900027285e-01,-2.476732387037988148e-01,1.000002661833517381e+00,-2.476710528436277259e-01,2.000002661836214557e+00,-2.476733713076303411e-01,2.477240886744738191e-01,-5.199043117416261137e-07,9.999916524037187893e-01,1.000191771106353933e+00,1.000001330918107278e+00
2.430343016434882274e-03,-2.476766495198068352e-01,-2.476749498694912899e-01,1.000006475157635855e+00,-2.476880394463718549e-01,2.000006475164197273e+00,-2.476869507843888207e-01,2.477285514633693064e-01,-2.816262349378806837e-06,9.999979153858262748e-01,1.000198344331606037e+00,1.000003237582098414e+00
2.440007503508870995e-03,-2.476766608760285759e-01,-2.476676040418653024e-01,9.999999607539697966e-01,-2.476806506654202766e-01,1.999999960753930051e+00,-2.476798002887926342e-01,2.477205941203753647e-01,-5.593483384411063154e-06,9.999951752457211240e-01,1.000194889316529112e+00,9.999999803769650253e-01
2.443833800742420577e-03,-2.476766653721037825e-01,-2.476678278893979790e-01,9.999979006619982291e-01,-2.476737061915747495e-01,1.999997900659871153e+00,-2.476715477797822029e-01,2.477177724961993066e-01,-1.477579564484614052e-06,1.000000004272119547e+00,1.000201891873989446e+00,9.999989503299355764e-01
2.451740634967611038e-03,-2.476766746630014171e-01,-2.476705938440656729e-01,1.000000253131061445e+00,-2.476629068134605927e-01,2.000000253131318129e+00,-2.476642235945658577e-01,2.477206197598828818e-01,3.069860050750278237e-06,1.000010996866577351e+00,1.000210044990546221e+00,1.000000126565659064e+00
2.460727466848419524e-03,-2.476766852229466964e-01,-2.476752849178109062e-01,1.000006569220603270e+00,-2.476845601519585272e-01,2.000006569227259501e+00,-2.476859601485537354e-01,2.477253387195759715e-01,-7.723199130056467490e-06,9.999959486187834923e-01,1.000195148201924455e+00,1.000003284613629972e+00
2.471311090738895471e-03,-2.476766976591951996e-01,-2.476801089514115428e-01,1.000007718554278835e+00,-2.476795847074264589e-01,2.000007718562099690e+00,-2.476794534139379056e-01,2.477295756943746763e-01,-5.641463956169069699e-06,1.000000605583680979e+00,1.000200373995773440e+00,1.000003859281049845e+00
2.483011892641149611e-03,-2.476767114081808163e-01,-2.476763310068633428e-01,1.000002759132573305e+00,-2.476772343232102880e-01,2.000002759135369068e+00,-2.476774929106942136e-01,2.477262908983092204e-01,-1.946450222000771197e-06,9.999959117924103191e-01,1.000196249563282347e+00,1.000001379567684534e+00
2.499604109843391649e-03,-2.476767309048082122e-01,-2.476759929498210944e-01,9.999993797672234175e-01,-2.476848116120066445e-01,1.999999379766594920e+00,-2.476853891610990011e-01,2.477269037313409028e-01,-9.663568053536271117e-06,9.999887149674967501e-01,1.000187427734856360e+00,9.999996898832975711e-01
2.506156324339029427e-03,-2.476767386039634977e-01,-2.476805661947055481e-01,9.999998762675732511e-01,-2.476921473092368320e-01,1.999999876267447574e+00,-2.476933345579778178e-01,2.477311136999595098e-01,-9.016982478661726268e-06,9.999901514608714459e-01,1.000190942565230223e+00,9.999999381337238979e-01
2.520003399152543743e-03,-2.476767548749209402e-01,-2.476775903548136815e-01,9.999994188857268540e-01,-2.476834597443908215e-01,1.999999418885138214e+00,-2.476817790552717780e-01,2.477303688206586030e-01,1.026301688451676726e-06,1.000006226883481730e+00,1.000207508922803301e+00,9.999997094425689959e-01
2.527894038010115602e-03,-2.476767641467874370e-01,-2.476787899000614246e-01,9.999977278589466945e-01,-2.476782288518960817e-01,1.999997727856644314e+00,-2.476777901793955905e-01,2.477286258117174511e-01,1.022782682942751527e-06,1.000003204606238594e+00,1.000202626224282465e+00,9.999988639283221570e-01
2.534765991693148628e-03,-2.476767722216517142e-01,-2.476759724350203196e-01,9.999955313658299705e-01,-2.476710231273351881e-01,1.999995531361302037e+00,-2.476692158835669955e-01,2.477275503708365467e-01,4.806501971811352647e-06,1.000001596813116622e+00,1.000201638564497841e+00,9.999977656806510184e-01
2.541977332137412143e-03,-2.476767806953121542e-01,-2.476704046846499585e-01,9.999974209511142131e-01,-2.476621838273230791e-01,1.999997420948500970e+00,-2.476632584458592912e-01,2.477231655573600144e-01,5.545854325328604670e-06,1.000001476797915068e+00,1.000201598996335317e+00,9.999987104742504851e-01
2.550636061388482628e-03,-2.476767908697214138e-01,-2.476739419614262250e-01,9.999990108573854064e-01,-2.476807615317395961e-01,1.999999010856383208e+00,-2.476825002314218260e-01,2.477240518314356432e-01,-6.125346515220884062e-06,1.000001166960168053e+00,1.000200700295647005e+00,9.999995054281916040e-01
2.559211733471679264e-03,-2.476768009465339371e-01,-2.476801515984967672e-01,1.000002206991535969e+00,-2.476827819661560348e-01,2.000002206993772180e+00,-2.476828805162016589e-01,2.477304313817886294e-01,-3.333153248855159846e-07,9.999981694117344722e-01,1.000197815418164549e+00,1.000001103496886090e+00
2.562484946479587702e-03,-2.476768047927104255e-01,-2.476800877806334400e-01,1.000003835055893076e+00,-2.476830440278500467e-01,2.000003835059779078e+00,-2.476831623220382139e-01,2.477298223496758878e-01,-1.468152711235368077e-06,9.999982138821137401e-01,1.000198369534866405e+00,1.000001917529889539e+00
2.571371750702335611e-03,-2.476768152351187247e-01,-2.476732627288981692e-01,1.000003966934230437e+00,-2.476820760434736979e-01,2.000003966938249889e+00,-2.476817028681259913e-01,2.477258211951944011e-01,-9.463521527205081031e-06,9.999990038341584064e-01,1.000198586377237797e+00,1.000001983469125166e+00
2.580791591961602380e-03,-2.476768263038700291e-01,-2.476738164765779349e-01,9.999995844030123981e-01,-2.476771174472399695e-01,1.999999584402591291e+00,-2.476770144373978688e-01,2.477232819625117266e-01,-4.909735303715041952e-06,9.999959565889535718e-01,1.000196248385087472e+00,9.999997922012955343e-01
2.590260317457424976e-03,-2.476768374300620801e-01,-2.476712534720326708e-01,1.000000627267553455e+00,-2.476762306785759427e-01,2.000000627268188502e+00,-2.476759097252211050e-01,2.477214702227970855e-01,3.785607993709754212e-06,1.000003648472933770e+00,1.000204188980868159e+00,1.000000313634094473e+00
2.599999999999999881e-03,-2.476768488746412533e-01,-2.476779777745135580e-01,1.000003444509028450e+00,-2.476750089264094234e-01,2.000003444512518769e+00,-2.476749739074885770e-01,2.477282882105890371e-01,-2.704973613002175007e-06,9.999985521341073769e-01,1.000197919846057770e+00,1.000001722256259162e+00
2.608820365208927745e-03,-2.476768592389792245e-01,-2.476739380500612431e-01,1.000004436986223988e+00,-2.476911813819177577e-01,2.000004436990720169e+00,-2.476932083455397615e-01,2.477253071916400429e-01,-1.609170080430328309e-05,9.999941348113142725e-01,1.000193584183771467e+00,1.000002218495360085e+00
2.613354132458295658e-03,-2.476768645663648682e-01,-2.476734176767852180e-01,1.000004366702711867e+00,-2.476926757366061937e-01,2.000004366707136771e+00,-2.476910645467041705e-01,2.477232540531714711e-01,-1.571516722511022516e-05,9.999950643979018672e-01,1.000196267878006084e+00,1.000002183353568386e+00
2.621293894971587091e-03,-2.476768738959557736e-01,-2.476763375907381215e-01,1.000001871942841847e+00,-2.476767806826032370e-01,2.000001871944738330e+00,-2.476761878567839137e-01,2.477265849734291425e-01,-1.868259279629813208e-06,1.000005693432214571e+00,1.000205386491605175e+00,1.000000935972369387e+00
2.633845970168243594e-03,-2.476768886452276330e-01,-2.476814833658446680e-01,1.000002660912620689e+00,-2.476869587814542195e-01,2.000002660915316532e+00,-2.476865902517400853e-01,2.477320848743833903e-01,5.106582408123166297e-07,9.999974863921851087e-01,1.000199206013871134e+00,1.000001330457658266e+00
2.648560934114328747e-03,-2.476769059359940073e-01,-2.476815692139514857e-01,9.999981385130294331e-01,-2.476834897714679518e-01,1.999998138511143164e+00,-2.476839059257741060e-01,2.477320979057583139e-01,2.813244671962885416e-06,1.000005716763403552e+00,1.000205070081193304e+00,9.999990692555715821e-01
2.659379807866959003e-03,-2.476769186486730556e-01,-2.476790239528797177e-01,9.999979378146008901e-01,-2.476796706934855929e-01,1.999997937812511450e+00,-2.476792294798177696e-01,2.477303365034994875e-01,4.704817134809845598e-06,1.000005428501790750e+00,1.000205421751832358e+00,9.999989689062556142e-01
2.669070122167769774e-03,-2.476769300352420489e-01,-2.476804445372777497e-01,9.999980782888454600e-01,-2.476792302274185009e-01,1.999998078286898240e+00,-2.476790783758350545e-01,2.477302755047934291e-01,1.000446986635565415e-06,1.000004501220731257e+00,1.000204536259423627e+00,9.999990391434491199e-01
2.676653629814277312e-03,-2.476769389462157855e-01,-2.476795232425123006e-01,9.999962694281335773e-01,-2.476749666752168788e-01,1.999996269424353379e+00,-2.476742334231475662e-01,2.477294135633999750e-01,4.202293304051862814e-06,1.000001608307475420e+00,1.000201055290488084e+00,9.999981347121766895e-01
2.685797419220749445e-03,-2.476769496905932566e-01,-2.476832819391001639e-01,9.999975278853030503e-01,-2.476796281080062279e-01,1.999997527882797943e+00,-2.476814658824184334e-01,2.477338361653422805e-01,2.506470673241954832e-06,9.999983680911743722e-01,1.000198209243986502e+00,9.999987639413990825e-01
2.700278223346967189e-03,-2.476769667062119484e-01,-2.476800694986655560e-01,9.999972634978778752e-01,-2.476899220706960947e-01,1.999997263495105093e+00,-2.476895630967873574e-01,2.477332045979693254e-01,-1.342428297202763065e-06,1.000003216195559430e+00,1.000203579648427654e+00,9.999986317475524356e-01
2.710541298400598841e-03,-2.476769787658026911e-01,-2.476806223525366002e-01,9.999935517545953667e-01,-2.476862533030106117e-01,1.999993551748061371e+00,-2.476858228629195968e-01,2.477301144252932741e-01,-3.036993713563633360e-06,1.000000430769591553e+00,1.000200437564788158e+00,9.999967758740306856e-01
2.720006046198493888e-03,-2.476769898873207310e-01,-2.476780709671737857e-01,9.999939034528300130e-01,-2.476753470283972747e-01,1.999993903446652288e+00,-2.476743921472774335e-01,2.477283268480270917e-01,4.367759808021516994e-06,1.000005902741750941e+00,1.000206390852979688e+00,9.999969517233262550e-01
2.727311985432986571e-03,-2.476769984721382545e-01,-2.476784698686282649e-01,9.999964357822144212e-01,-2.476725520306174155e-01,1.999996435778602866e+00,-2.476723930720445555e-01,2.477281151124920977e-01,5.977699804187418205e-07,1.000005799119279004e+00,1.000205671271523045e+00,9.999982178893014328e-01
2.739401744163750402e-03,-2.476770126781657477e-01,-2.476748775486277143e-01,9.999979448616714839e-01,-2.476770553203621605e-01,1.999997944859589039e+00,-2.476775835468860987e-01,2.477258237020802389e-01,6.869075928548055876e-07,1.000001102650984297e+00,1.000200604408627347e+00,9.999989724297945193e-01
2.750106322265621298e-03,-2.476770252565425878e-01,-2.476868281245027392e-01,9.999989407987962542e-01,-2.476872302440045193e-01,1.999998940797723002e+00,-2.476884269276209138e-01,2.477375475145076333e-01,4.732802269197123519e-06,1.000007555292875772e+00,1.000208222101234501e+00,9.999994703988615008e-01
2.760728533213904073e-03,-2.476770377381343202e-01,-2.476810409104896193e-01,1.000000280909398409e+00,-2.476852541207782699e-01,2.000000280909683070e+00,-2.476847919921999486e-01,2.477330900071731123e-01,4.662572393950179709e-06,9.999983160662784254e-01,1.000197753573695669e+00,1.000000140454841535e+00
2.770320101709976106e-03,-2.476770490086738219e-01,-2.476781423343330513e-01,9.999956780229715125e-01,-2.476796191012860249e-01,1.999995678018592349e+00,-2.476787779233078357e-01,2.477283664554118525e-01,2.477223724856080377e-06,9.999968950488803410e-01,1.000196849690238254e+00,9.999978390092961744e-01
2.780133436578342224e-03,-2.476770605397983771e-01,-2.476827757191789880e-01,9.999938411763725776e-01,-2.476773087357455605e-01,1.999993841170131903e+00,-2.476775008172449610e-01,2.477326481106768841e-01,5.637150533213232098e-06,9.999952599385665275e-01,1.000194969433290559e+00,9.999969205850659515e-01
2.792955668662477561e-03,-2.476770756065182211e-01,-2.476752809546355072e-01,9.999976872743914225e-01,-2.476729768500063045e-01,1.999997687272047964e+00,-2.476734570899300769e-01,2.477259419284610631e-01,1.121644634841181119e-06,9.999988842592015814e-01,1.000199584377237327e+00,9.999988436360239819e-01
2.807190867784783474e-03,-2.476770923335389063e-01,-2.476802525546493716e-01,9.999979735327872987e-01,-2.476718722639269510e-01,1.999997973530733830e+00,-2.476702534022772462e-01,2.477317991555645915e-01,4.572154895066487425e-06,1.000002962353037539e+00,1.000202459601689853e+00,9.999989867653669151e-01
2.812500704130277852e-03,-2.476770985728429797e-01,-2.476784058159237634e-01,9.999998981337862025e-01,-2.476705228415221338e-01,1.999999898133683063e+00,-2.476728018773670104e-01,2.477289784262846906e-01,2.683526667666051734e-06,1.000001243293455966e+00,1.000201253228967246e+00,9.999999490668415314e-01
2.820972236915609242e-03,-2.476771085272879425e-01,-2.476839770286913822e-01,9.999973362630099061e-01,-2.476938758117587791e-01,1.999997336260310732e+00,-2.476952756505513553e-01,2.477338457153460405e-01,-3.320131329722479103e-06,1.000002214015431212e+00,1.000202222975599353e+00,9.999986681301553659e-01
2.830320826529347886e-03,-2.476771195123151359e-01,-2.476851916288126121e-01,9.999965869263927054e-01,-2.476846850446070281e-01,1.999996586922934361e+00,-2.476840468854576149e-01,2.477346593871273539e-01,1.447834117642047712e-06,1.000002834806999363e+00,1.000202852444251667e+00,9.999982934614671803e-01
2.841009935820921432e-03,-2.476771320725160153e-01,-2.476778755218386752e-01,9.999955417749031295e-01,-2.476753927981920900e-01,1.999995541770385632e+00,-2.476745673976358253e-01,2.477304263679865060e-01,3.901816870426891115e-06,1.000004844175249152e+00,1.000204893760068492e+00,9.999977708851928160e-01
2.851146375961321686e-03,-2.476771439833049815e-01,-2.476719584695686038e-01,9.999931166937193749e-01,-2.476756838255156634e-01,1.999993116686744843e+00,-2.476744653551028463e-01,2.477237026642773177e-01,3.458211169227297003e-06,1.000002461193348458e+00,1.000202546707750217e+00,9.999965583433723104e-01
2.860586706219672617e-03,-2.476771550761326379e-01,-2.476688388553039966e-01,9.999964811231570883e-01,-2.476593689258402009e-01,1.999996481119591385e+00,-2.476586972645456186e-01,2.477191833505583418e-01,8.553210891120456900e-06,1.000006392631675567e+00,1.000206805228196272e+00,9.999982405597956925e-01
2.870047925871998563e-03,-2.476771661935043556e-01,-2.476722102073925513e-01,1.000002264282073172e+00,-2.476894695578769900e-01,2.000002264284367559e+00,-2.476936512963275328e-01,2.477221623240310200e-01,-2.189605833754013538e-06,1.000006240746789343e+00,1.000206073753049818e+00,1.000001132142183780e+00
2.880118098915345620e-03,-2.476771780264256373e-01,-2.476798019129032857e-01,1.000006575301511269e+00,-2.476921168844757049e-01,2.000006575308173495e+00,-2.476923904375399332e-01,2.477299485942483781e-01,-4.804858942473403194e-06,9.999976033893409610e-01,1.000196895859011059e+00,1.000003287654086970e+00
2.891600071944927259e-03,-2.476771915182774120e-01,-2.476733480932102327e-01,1.000005403303219298e+00,-2.476823850101320112e-01,2.000005403308694252e+00,-2.476823197733683535e-01,2.477247721975511796e-01,-6.185612378124975816e-06,9.999984176423953874e-01,1.000198915865806448e+00,1.000002701654347126e+00
2.901694870448157798e-03,-2.476772033801360184e-01,-2.476843935115232709e-01,1.000000446319441183e+00,-2.476886986371209798e-01,2.000000446319893488e+00,-2.476879634569657262e-01,2.477338611104004662e-01,-1.079247904343886376e-06,1.000004608866426725e+00,1.000204933787373518e+00,1.000000223159946744e+00
2.910665008012274652e-03,-2.476772139204654888e-01,-2.476809611849735415e-01,1.000001037796132808e+00,-2.476732230655263878e-01,2.000001037797184189e+00,-2.476720310557835869e-01,2.477315531750010902e-01,6.887575904451782567e-06,1.000006641729751733e+00,1.000206462376407535e+00,1.000000518898592095e+00
2.919734782987761217e-03,-2.476772245778716408e-01,-2.476872065741810847e-01,9.999983058592427643e-01,-2.476869168233797602e-01,1.999998305857525915e+00,-2.476887441963528114e-01,2.477375004709596040e-01,7.260421469534300371e-07,9.999988205733139068e-01,1.000198003215715170e+00,9.999991529287629577e-01
2.927837426639637655e-03,-2.476772340988540044e-01,-2.476753939068263577e-01,9.999949706595659960e-01,-2.476780262996470250e-01,1.999994970654469961e+00,-2.476760069341475412e-01,2.477325659637664435e-01,1.599923972627467665e-06,9.999978237207687304e-01,1.000197761487100712e+00,9.999974853272349806e-01
2.933161202048860817e-03,-2.476772403545369483e-01,-2.476706312003749133e-01,9.999946266020495189e-01,-2.476696620590066178e-01,1.999994626596604874e+00,-2.476679787081355888e-01,2.477259264166717656e-01,4.263354591522148214e-06,9.999975726055481129e-01,1.000197786768979302e+00,9.999973132983024371e-01
2.941614016830310964e-03,-2.476772502869883097e-01,-2.476736876863827319e-01,9.999932574301535482e-01,-2.476602668601119994e-01,1.999993257423321458e+00,-2.476593282019014242e-01,2.477232046308502633e-01,1.531962825207272056e-05,1.000001588480418535e+00,1.000202660157446299e+00,9.999966287116607289e-01
2.950571948994775481e-03,-2.476772608129742537e-01,-2.476682264570873315e-01,9.999995604130733629e-01,-2.476671832517430838e-01,1.999999560412627941e+00,-2.476680227233728215e-01,2.477198871865569640e-01,3.705938500380276145e-06,1.000006634344695833e+00,1.000206296391358496e+00,9.999997802063139707e-01
2.962522502528307147e-03,-2.476772748554288972e-01,-2.476735742912458682e-01,1.000004738863754516e+00,-2.476741042298352402e-01,2.000004738868556675e+00,-2.476747813587045766e-01,2.477233066695547770e-01,-2.008130604397633202e-06,1.000000162604775422e+00,1.000200195465645647e+00,1.000002369434278116e+00
2.978552763948968084e-03,-2.476772936917304158e-01,-2.476751769825362437e-01,1.000006533963674782e+00,-2.476825934830581277e-01,2.000006533970295486e+00,-2.476831118725578984e-01,2.477247325506421183e-01,-8.124080204471216754e-06,1.000001475072438417e+00,1.000201730319351778e+00,1.000003266985147743e+00
2.990318848032589953e-03,-2.476773075174261152e-01,-2.476797486554375427e-01,1.000003208146909905e+00,-2.476961732496788804e-01,2.000003208150160638e+00,-2.476974481316729648e-01,2.477294895196771318e-01,-7.795707555228531337e-06,1.000004662421056567e+00,1.000204736567480657e+00,1.000001604075080319e+00
3.000043192817573520e-03,-2.476773189439834266e-01,-2.476751164833229379e-01,1.000001965398697346e+00,-2.476685047554746943e-01,2.000001965400688420e+00,-2.476646661694373031e-01,2.477264199460010863e-01,1.730020343961294042e-06,1.000004548217869216e+00,1.000204558888654338e+00,1.000000982700344210e+00
3.007543332070395595e-03,-2.476773277569950804e-01,-2.476806639167929702e-01,1.000000339370773261e+00,-2.476768997619804846e-01,2.000000339371116986e+00,-2.476789445356100683e-01,2.477311283767974492e-01,1.592958010487409147e-07,1.000000634886049733e+00,1.000199957712309518e+00,1.000000169685558493e+00
3.019527614804132232e-03,-2.476773418390842973e-01,-2.476800798599047559e-01,9.999997652175517393e-01,-2.476825521409494746e-01,1.999999765217314041e+00,-2.476824264130938202e-01,2.477308366368228820e-01,-1.510522789145894816e-06,9.999955238052881112e-01,1.000195136121442951e+00,9.999998826086570203e-01
3.030804504699975612e-03,-2.476773550899541987e-01,-2.476687832432352687e-01,9.999973648695318351e-01,-2.476695392504375259e-01,1.999997364866861638e+00,-2.476678615601198286e-01,2.477235939029086287e-01,1.785118712148516401e-06,1.000001651992218354e+00,1.000202475450383099e+00,9.999986824334308189e-01
3.042988889927562574e-03,-2.476773694071725262e-01,-2.476788320554663414e-01,9.999980695931135477e-01,-2.476789357116354062e-01,1.999998069591157446e+00,-2.476803357012541396e-01,2.477288932702200741e-01,-1.598565492789191614e-06,1.000005199200923345e+00,1.000204306681206745e+00,9.999990347955787229e-01
3.059999999999999352e-03,-2.476773893960192430e-01,-2.476773670813652573e-01,1.000003269227406344e+00,-2.476858230393356453e-01,2.000003269230719027e+00,-2.476848619306256105e-01,2.477289431297859668e-01,-8.649673179816579326e-06,1.000000887855111431e+00,1.000201602970125947e+00,1.000001634615359514e+00
3.070320531583030713e-03,-2.476774015231230641e-01,-2.476789736666089592e-01,9.999973952478393713e-01,-2.476814283423427743e-01,1.999997395245200149e+00,-2.476811297783863275e-01,2.477287203547781091e-01,-1.383231349679288927e-06,9.999998907946371363e-01,1.000200016458007157e+00,9.999986976225999635e-01
3.081482454095279145e-03,-2.476774146389006392e-01,-2.476800620529040486e-01,9.999981055898706783e-01,-2.476810203285247647e-01,1.999998105587951214e+00,-2.476799246967487655e-01,2.477296620131858307e-01,-1.311054911361908225e-06,1.000006649218092125e+00,1.000206154950707527e+00,9.999990527939756069e-01
3.091008901034238664e-03,-2.476774258329188516e-01,-2.476744977890418531e-01,9.999987582637788197e-01,-2.476620380281361611e-01,1.999998758262520493e+00,-2.476604830683296066e-01,2.477261370429812148e-01,3.943363329456393714e-06,1.000001372295113544e+00,1.000201163874866239e+00,9.999993791312602465e-01
3.100161232965699832e-03,-2.476774365873335715e-01,-2.476691965941341667e-01,9.999977431817146378e-01,-2.476694914083790167e-01,1.999997743179427800e+00,-2.476704291041157413e-01,2.477209373944896653e-01,-6.386617837093671030e-06,9.999965109567573451e-01,1.000196007331975556e+00,9.999988715897139002e-01
3.103347054135756431e-03,-2.476774403308199812e-01,-2.476686471511484466e-01,9.999979586334406534e-01,-2.476694382608663758e-01,1.999997958631372308e+00,-2.476683717313519772e-01,2.477191302014811747e-01,-2.870085462684368577e-06,9.999987731463448881e-01,1.000200224795869897e+00,9.999989793156860429e-01
3.111154965010376819e-03,-2.476774495054780978e-01,-2.476690195731263699e-01,1.000000738551835244e+00,-2.476616759367645526e-01,2.000000738552583979e+00,-2.476611101625325606e-01,2.477194617848078873e-01,8.533819872554085351e-06,1.000010461370433035e+00,1.000210837499875716e+00,1.000000369276291767e+00
3.120007694222313478e-03,-2.476774599078455097e-01,-2.476804574355962740e-01,1.000005457016646782e+00,-2.476801278950737928e-01,2.000005457022176358e+00,-2.476830743611338481e-01,2.477313179088634632e-01,-5.242162495270301319e-06,1.000003245106949823e+00,1.000202226958229357e+00,1.000002728511088179e+00
3.130006460494594561e-03,-2.476774716568595214e-01,-2.476745335976897056e-01,1.000007798224118449e+00,-2.476858480639335947e-01,2.000007798232020129e+00,-2.476860607641657719e-01,2.477269243057562409e-01,-1.101562605863377834e-05,1.000003490607138668e+00,1.000203808070138090e+00,1.000003899116010064e+00
3.135647562718176396e-03,-2.476774782854160584e-01,-2.476781677354767952e-01,1.000005477224710670e+00,-2.476823846333139900e-01,2.000005477230260897e+00,-2.476816762838205122e-01,2.477286501429869781e-01,-2.335776059631888504e-06,1.000003202024847937e+00,1.000203350371470234e+00,1.000002738615130449e+00
3.141511227106098727e-03,-2.476774851754955653e-01,-2.476832521204725412e-01,1.000001155658885699e+00,-2.476761530034406189e-01,2.000001155660056984e+00,-2.476754572061244664e-01,2.477332128792957278e-01,8.565084497577005982e-06,1.000004648238060678e+00,1.000204670440175914e+00,1.000000577830028492e+00
3.150013424999999721e-03,-2.476774951659724555e-01,-2.476857362645024652e-01,9.999999118871685244e-01,-2.476822100764895784e-01,1.999999911887079262e+00,-2.476837073177664272e-01,2.477355367122993368e-01,-2.316885741108705295e-06,9.999979363501393381e-01,1.000196826342067080e+00,9.999999559435396312e-01
3.151938868376900297e-03,-2.476774974284575437e-01,-2.476853444058057241e-01,1.000000149933937266e+00,-2.476848832958670754e-01,2.000000149934089588e+00,-2.476856399652668517e-01,2.477349662306892464e-01,-3.033325864375922165e-06,9.999973494957131726e-01,1.000197688006223107e+00,1.000000074967044572e+00
3.160811288037395500e-03,-2.476775078539632524e-01,-2.476803829129600731e-01,9.999975419515823027e-01,-2.476800915137370163e-01,1.999997541949091628e+00,-2.476788150325178739e-01,2.477318429806009414e-01,5.420003003818054020e-06,1.000006328362569086e+00,1.000207291194403547e+00,9.999987709745457032e-01
3.170012644140624784e-03,-2.476775203672603731e-01,-2.476759337810726380e-01,9.999932611751191081e-01,-2.476749369124451317e-01,1.999993261168290903e+00,-2.476747110553570719e-01,2.477270329081668332e-01,3.457095595208321522e-06,1.000009233597070502e+00,1.000209341200275048e+00,9.999966305841453407e-01
3.180000000000000101e-03,-2.476794743557201584e-01,-2.476809324849865712e-01,9.999945765678894816e-01,-2.476763520758587522e-01,1.999994576562394100e+00,-2.476768112511935072e-01,2.477310407434134554e-01,3.345951936953827658e-06,1.000005451960414682e+00,1.000204925906724496e+00,9.999972882811970498e-01
3.190796462140025984e-03,-2.476808204893819476e-01,-2.476868527527531505e-01,9.999991141710926623e-01,-2.476779457283980468e-01,1.999999114170195158e+00,-2.476782751989096976e-01,2.477366985969146063e-01,3.410229005179695130e-06,9.999949480541545643e-01,1.000195480621095090e+00,9.999995570850975790e-01
3.204954971608688780e-03,-2.476818533780353326e-01,-2.476861974683850776e-01,9.999956347710367011e-01,-2.476790236244434396e-01,1.999995634766613462e+00,-2.476784066274624052e-01,2.477366218262911091e-01,6.628139302522061730e-06,1.000006330750140782e+00,1.000204792692035660e+00,9.999978173833067308e-01
3.220570797108320178e-03,-2.476824517178618235e-01,-2.476823439078424671e-01,9.999900542067305942e-01,-2.476688293295796206e-01,1.999990054196652656e+00,-2.476689165623617295e-01,2.477322284699349231e-01,1.108377398261356392e-05,1.000000687651646958e+00,1.000201200885390440e+00,9.999950270983263279e-01
3.234300911794164759e-03,-2.476827284480934699e-01,-2.476876195421801874e-01,9.999930719269107815e-01,-2.476835405167300552e-01,1.999993071919890619e+00,-2.476830232554348143e-01,2.477387160127892396e-01,6.470181783250954681e-06,1.000006673286551351e+00,1.000206187915118505e+00,9.999965359599453096e-01
3.250003453728814509e-03,-2.476828960885616993e-01,-2.476777593950428014e-01,9.999906358118738625e-01,-2.476675629236425313e-01,1.999990635802385341e+00,-2.476662771970153110e-01,2.477278122153978024e-01,1.110654327559337395e-06,9.999972716265168593e-01,1.000196652018988219e+00,9.999953179011925597e-01
3.253547981862255425e-03,-2.476829205334369621e-01,-2.476787161433249285e-01,9.999898710250159084e-01,-2.476671702313450463e-01,1.999989871014752341e+00,-2.476672854446168859e-01,2.477286872685830199e-01,5.286123778432975875e-06,9.999974158517220824e-01,1.000197840565920204e+00,9.999949355073761703e-01
3.261460023170557367e-03,-2.476829632340367127e-01,-2.476818800927489961e-01,9.999934046026052181e-01,-2.476709609887449426e-01,1.999993404595922231e+00,-2.476719292716557663e-01,2.477314177614387269e-01,1.160161304798302029e-05,9.999996533451550595e-01,1.000199391383940428e+00,9.999967022979611153e-01
3.270122997775772467e-03,-2.476829958671310783e-01,-2.476808454796991521e-01,9.999978606496983113e-01,-2.476863268083957237e-01,1.999997860647530601e+00,-2.476879521624983649e-01,2.477304588686003450e-01,-4.972867012979502594e-06,9.999921555360189451e-01,1.000191213274240321e+00,9.999989303237653004e-01
3.274059568446992339e-03,-2.476830070875082335e-01,-2.476830318715304846e-01,9.999982452367193186e-01,-2.476863633138230159e-01,1.999998245234941185e+00,-2.476854733589337332e-01,2.477333039592714836e-01,-3.778325550263607277e-06,9.999899135681312723e-01,1.000189745475011938e+00,9.999991226174705927e-01
3.281846863280804636e-03,-2.476830243472742388e-01,-2.476868784990777228e-01,9.999968269372305762e-01,-2.476786218285150221e-01,1.999996826934015370e+00,-2.476786970586982717e-01,2.477365808696044835e-01,3.710563820642506401e-06,9.999910701550628334e-01,1.000191874394517955e+00,9.999984134670076852e-01
3.293578870498285564e-03,-2.476830414515615864e-01,-2.476784257183586302e-01,9.999951269836623302e-01,-2.476809581069931154e-01,1.999995126978724613e+00,-2.476815060880796504e-01,2.477290546044122743e-01,-7.071094668689636944e-07,9.999964172568905907e-01,1.000196128080681035e+00,9.999975634893623067e-01
3.301460029697583787e-03,-2.476830489018891079e-01,-2.476846399097319129e-01,9.999927684954104112e-01,-2.476857533330164562e-01,1.999992768488082939e+00,-2.476856481828926815e-01,2.477341075578313456e-01,-2.735041007266655989e-06,9.999949683725193328e-01,1.000195543222200278e+00,9.999963842440414696e-01
3.310221087259498582e-03,-2.476830546695990010e-01,-2.476809209635295883e-01,9.999954693985673160e-01,-2.476754899393179554e-01,1.999995469393976766e+00,-2.476745317160191917e-01,2.477317778810196880e-01,6.434362921437649464e-06,1.000003539866237023e+00,1.000204406192220397e+00,9.999977346969883829e-01
3.314898724204175078e-03,-2.476830569559580753e-01,-2.476808865754948907e-01,9.999969707630552707e-01,-2.476799174740234866e-01,1.999996970759985837e+00,-2.476816785369170548e-01,2.477305043959307507e-01,2.123864993339756847e-06,1.000004298418281090e+00,1.000204164627487735e+00,9.999984853799929185e-01
3.321395794539986311e-03,-2.476830594473415637e-01,-2.476811362610084610e-01,9.999955567295829573e-01,-2.476883136736907354e-01,1.999995556725080670e+00,-2.476874429581369108e-01,2.477306835752743353e-01,-1.300484988032636230e-06,1.000004245057553698e+00,1.000204508474200837e+00,9.999977783625403349e-01
3.330201472851254760e-03,-2.476830618690125108e-01,-2.476778818857321429e-01,9.999949138029395890e-01,-2.476667173728293037e-01,1.999994913797785934e+00,-2.476645064670668084e-01,2.477284775468984179e-01,1.209711541053343464e-05,1.000010366187265687e+00,1.000211099328972786e+00,9.999974568988929668e-01
3.335635510578332207e-03,-2.476830629577655984e-01,-2.476799044668209215e-01,9.999957708079849628e-01,-2.476725359299934703e-01,1.999995770803699502e+00,-2.476748778798377182e-01,2.477299428741641663e-01,7.211168132571507217e-06,1.000011082423972741e+00,1.000210879920121032e+00,9.999978854018497509e-01
3.342903796204937852e-03,-2.476830640603971401e-01,-2.476819655509528706e-01,9.999964484263910158e-01,-2.476862048271087635e-01,1.999996448422792117e+00,-2.476863743240621252e-01,2.477315364460795366e-01,9.554512895847117270e-07,1.000007438787604341e+00,1.000206353003689985e+00,9.999982242113960584e-01
3.352837865576405261e-03,-2.476830650933512512e-01,-2.476810602416451013e-01,9.999979197549420107e-01,-2.476848511607790126e-01,1.999997919752834363e+00,-2.476850291892207234e-01,2.477313700306329469e-01,2.950724242369776075e-06,9.999992222721096891e-01,1.000199407295900178e+00,9.999989598764170706e-01
3.361530264484923272e-03,-2.476830656879396297e-01,-2.476875922066434088e-01,9.999966576246042127e-01,-2.476854317191683197e-01,1.999996657621217366e+00,-2.476853769931213756e-01,2.477372264854343364e-01,9.492086910923177277e-06,1.000002122407428473e+00,1.000201879847711472e+00,9.999983288106086832e-01
3.370245590463682300e-03,-2.476830660894619729e-01,-2.476868359124166641e-01,9.999961420988694449e-01,-2.476904360750663281e-01,1.999996142094960350e+00,-2.476912686073671210e-01,2.477364037411636244e-01,-3.334306348883037080e-06,9.999943068125090040e-01,1.000193657053991325e+00,9.999980710474801748e-01
3.374303578969509859e-03,-2.476830662279461415e-01,-2.476845498202501772e-01,9.999956160587829546e-01,-2.476875029305409259e-01,1.999995616054340841e+00,-2.476856683658248959e-01,2.477355409842233180e-01,-4.451084994341155041e-07,9.999991473272319409e-01,1.000201163095501888e+00,9.999978080271704206e-01
3.390096141101806449e-03,-2.476830665712352331e-01,-2.476781305051021231e-01,9.999906614840260444e-01,-2.476665838266311204e-01,1.999990661474563503e+00,-2.476660905302959514e-01,2.477281081691231068e-01,2.080098665757487678e-05,1.000003891231842523e+00,1.000202849988383935e+00,9.999953307372817513e-01
3.400002151263632755e-03,-2.476830666822678884e-01,-2.476915451689445935e-01,9.999939900472287757e-01,-2.476764914522825711e-01,1.999993990041138758e+00,-2.476782001834069158e-01,2.477425893725028472e-01,1.208610340609862604e-05,1.000004117869941478e+00,1.000204081542716450e+00,9.999969950205696012e-01
3.410001263947970429e-03,-2.476830667462898150e-01,-2.476790935543700667e-01,9.999972643498323821e-01,-2.476725627415927444e-01,1.999997264347060488e+00,-2.476712591037301125e-01,2.477358575076110125e-01,1.000956859237623790e-05,1.000015825500467859e+00,1.000217298495428064e+00,9.999986321735302441e-01
3.413939605980598115e-03,-2.476830667621914839e-01,-2.476795722407648392e-01,9.999962482330673197e-01,-2.476708748695819196e-01,1.999996248229265916e+00,-2.476714972627977185e-01,2.477314858243325479e-01,5.608157187563358820e-06,1.000011205741224485e+00,1.000209083192712622e+00,9.999981241146329580e-01
3.420903522475224855e-03,-2.476830667808328779e-01,-2.476838344199197572e-01,9.999913909630683273e-01,-2.476753469401964669e-01,1.999991390954344750e+00,-2.476761028912880247e-01,2.477332837192696979e-01,-1.189112409555338082e-06,9.999974243905147553e-01,1.000196948523320861e+00,9.999956954771724860e-01
3.428906532980633814e-03,-2.476830667908344608e-01,-2.476795002194709105e-01,9.999920256099373850e-01,-2.476704990699709341e-01,1.999992025601857071e+00,-2.476700222809683494e-01,2.477308538317495590e-01,6.662649838105974101e-06,1.000004582653954976e+00,1.000205475333139082e+00,9.999960128009286464e-01
3.434054544643738716e-03,-2.476830667924545260e-01,-2.476788624637920599e-01,9.999950603506198021e-01,-2.476716828005863513e-01,1.999995060345614695e+00,-2.476726653909452625e-01,2.477285865377894525e-01,5.796191848360715495e-06,1.000005894524067296e+00,1.000205680554727916e+00,9.999975301728072363e-01
3.442655970544109684e-03,-2.476830667890253523e-01,-2.476797473371233071e-01,9.999953888753903009e-01,-2.476775198829948565e-01,1.999995388870718038e+00,-2.476778560380676897e-01,2.477293304111317374e-01,3.264897755513871889e-06,1.000004497200990716e+00,1.000204028552701629e+00,9.999976944353590191e-01
3.451410660064361917e-03,-2.476830667798209373e-01,-2.476778793587035843e-01,9.999967034264751753e-01,-2.476831663401663497e-01,1.999996703423134736e+00,-2.476845266691867220e-01,2.477278114818370625e-01,-5.022154042804196698e-06,9.999990765533003367e-01,1.000198929766501932e+00,9.999983517115673681e-01
3.460487577140138136e-03,-2.476830667661228391e-01,-2.476831378405909279e-01,9.999977650571651999e-01,-2.476921099873631293e-01,1.999997765054900567e+00,-2.476922345881011622e-01,2.477328557587843150e-01,2.900234874169186648e-06,1.000003224374486299e+00,1.000203466495319660e+00,9.999988825274502835e-01
3.470046422841323655e-03,-2.476830667486209780e-01,-2.476789538674795677e-01,9.999982837988018458e-01,-2.476864506251972020e-01,1.999998283797062903e+00,-2.476858526486157841e-01,2.477300216579923775e-01,-7.086449253201674390e-07,9.999955686344659256e-01,1.000194644634388119e+00,9.999991418985313407e-01
3.480236054335334242e-03,-2.476830667276717912e-01,-2.476916952505794078e-01,9.999966217890050579e-01,-2.477011748061135610e-01,1.999996621785581796e+00,-2.477027915534336933e-01,2.477423379777889956e-01,-7.321406483299427648e-06,9.999987838535423501e-01,1.000199261564196584e+00,9.999983108927910092e-01
3.486273178385785113e-03,-2.476830667144939435e-01,-2.476920740404097709e-01,9.999958665664780977e-01,-2.476952323950948054e-01,1.999995866562289670e+00,-2.476933346986015527e-01,2.477416346865289054e-01,-2.868344235928926082e-07,1.000004719714717716e+00,1.000205892542724628e+00,9.999979332811448351e-01
3.491975616778356713e-03,-2.476830667016700627e-01,-2.476914824394559067e-01,9.999958257957116681e-01,-2.476851264940814756e-01,1.999995825791482051e+00,-2.476840173580506232e-01,2.477410501547968047e-01,4.748691824568785952e-06,1.000010012496536760e+00,1.000210040786952970e+00,9.999979128957410257e-01
3.500853000250751194e-03,-2.476830666811614678e-01,-2.476916757487684639e-01,9.999903592195410473e-01,-2.476781837957206522e-01,1.999990359209772084e+00,-2.476778925977130841e-01,2.477412605588475980e-01,4.008535916112709680e-06,1.000008130387804783e+00,1.000207701342310518e+00,9.999951796048861530e-01
3.510826940906612049e-03,-2.476830666575624562e-01,-2.476827483457828549e-01,9.999857480214533467e-01,-2.476724492076105566e-01,1.999985748007012010e+00,-2.476722029580741558e-01,2.477364896967552410e-01,1.130100282710095370e-05,1.000003011647181639e+00,1.000202738032810235e+00,9.999928740035060049e-01
3.528242286820253322e-03,-2.476830666155088179e-01,-2.476815324843002764e-01,9.999891777709911667e-01,-2.476659015771936201e-01,1.999989177760025161e+00,-2.476645089860620430e-01,2.477321193635962093e-01,1.803509820560220874e-05,1.000010904653729105e+00,1.000211841390687972e+00,9.999945888800125804e-01
3.533499994201592422e-03,-2.476830666026808847e-01,-2.476822903547929444e-01,9.999920686134899928e-01,-2.476652789251167219e-01,1.999992068605453310e+00,-2.476671091571319983e-01,2.477325247116065610e-01,1.214588774774791374e-05,1.000008727931312569e+00,1.000206746993455242e+00,9.999960343027266552e-01
3.541167999154812718e-03,-2.476830665839042656e-01,-2.476869109311289341e-01,9.999935945365576728e-01,-2.476803336779028197e-01,1.999993594530067087e+00,-2.476814399065460359e-01,2.477363790329036586e-01,-1.268194230008874173e-06,9.999940061467192942e-01,1.000193546862263139e+00,9.999967972650335435e-01
3.550295608929754897e-03,-2.476830665614742077e-01,-2.476760723081768700e-01,9.999946873829257399e-01,-2.476703295136128413e-01,1.999994687377542713e+00,-2.476689187340024578e-01,2.477314869194812141e-01,3.379419864264794621e-06,1.000000067598685760e+00,1.000200759569487730e+00,9.999973436887713563e-01
3.560608372689723529e-03,-2.476830665360638950e-01,-2.476893701947682769e-01,9.999932249419349883e-01,-2.476801828941478378e-01,1.999993224935070035e+00,-2.476813565638375236e-01,2.477394385573880309e-01,6.903071269858538080e-06,1.000002585498424468e+00,1.000203005175153370e+00,9.999966124675350176e-01
3.570020099999999738e-03,-2.476830611714814501e-01,-2.476844096307518062e-01,9.999958006772418084e-01,-2.476836878897958893e-01,1.999995800672986768e+00,-2.476841456083982984e-01,2.477360291823161587e-01,2.290549681157444407e-06,1.000005232507570563e+00,1.000205299642813461e+00,9.999979003364933838e-01
3.571249420402051577e-03,-2.476777214132625249e-01,-2.476800527627395221e-01,9.999962924341144754e-01,-2.476817822171646644e-01,1.999996292430357814e+00,-2.476793642966323983e-01,2.477352502342367035e-01,2.039970727122271494e-06,1.000004665029069928e+00,1.000203929176361139e+00,9.999981462151787959e-01
3.580991192925507115e-03,-2.476777328602975392e-01,-2.476759405229022604e-01,9.999931869709267618e-01,-2.476615542537786152e-01,1.999993186964023062e+00,-2.476599185965087380e-01,2.477264593962185402e-01,1.298010880107206862e-05,1.000000027201017661e+00,1.000200015854894264e+00,9.999965934820116420e-01
3.591571517452710454e-03,-2.476777452926695322e-01,-2.476714997684737463e-01,9.999931011423437432e-01,-2.476563492594922866e-01,1.999993101135353113e+00,-2.476568576094502760e-01,2.477220384100975448e-01,1.508439139847739314e-05,9.999978817245105400e-01,1.000198531314793193e+00,9.999965505676765565e-01
3.608918315577203714e-03,-2.476777656759643620e-01,-2.476770397634055210e-01,1.000003068025797193e+00,-2.476790554110661624e-01,2.000003068028906039e+00,-2.476803603705060031e-01,2.477270185958515558e-01,-6.009428357103051578e-06,9.999994941736720655e-01,1.000198861963950359e+00,1.000001534014453020e+00
3.613369976830837094e-03,-2.476777709068714861e-01,-2.476779135641180296e-01,1.000004315852249137e+00,-2.476844475621090835e-01,2.000004315856622306e+00,-2.476850878440305104e-01,2.477274506317521385e-01,-6.463560267197786652e-06,9.999969446900797143e-01,1.000196615150376278e+00,1.000002157928311153e+00
3.621666970122011751e-03,-2.476777806562241724e-01,-2.476784903085946232e-01,1.000004048471349938e+00,-2.476858886173227692e-01,2.000004048475451768e+00,-2.476859729339541127e-01,2.477286552788638685e-01,-2.657836591259910423e-07,9.999959202067141284e-01,1.000195872217940485e+00,1.000002024237725884e+00
3.631427593192052775e-03,-2.476777921254086634e-01,-2.476850529705729165e-01,1.000001057873706189e+00,-2.476934878182948940e-01,2.000001057874777999e+00,-2.476937030759026326e-01,2.477345207011883155e-01,-4.743261828597730813e-06,9.999937667010797560e-01,1.000194131444144485e+00,1.000000528937388999e+00
3.641654111528440808e-03,-2.476778041420429344e-01,-2.476796902530303268e-01,9.999988538193367305e-01,-2.476869443788487779e-01,1.999998853818175437e+00,-2.476860868725577758e-01,2.477310858843229380e-01,-3.979542100713939944e-06,9.999999209666711186e-01,1.000200365191532992e+00,9.999994269090877186e-01
3.651648299234715525e-03,-2.476778158856781098e-01,-2.476753665938858651e-01,9.999949689724187962e-01,-2.476739024928216182e-01,1.999994968967321096e+00,-2.476731103080729579e-01,2.477256982456277346e-01,6.000868579506336027e-06,1.000005944329566354e+00,1.000206338840139875e+00,9.999974844836604371e-01
3.661703125846191200e-03,-2.476778277005674267e-01,-2.476838634291317898e-01,9.999958031743331199e-01,-2.476787510907403622e-01,1.999995803170080411e+00,-2.476797839232853793e-01,2.477333309221159408e-01,5.182227234126101628e-06,1.000005570514247655e+00,1.000204547371438935e+00,9.999979015850403163e-01
3.670538363675024222e-03,-2.476778380823828896e-01,-2.476765332776533768e-01,9.999995242720025601e-01,-2.476866717150661701e-01,1.999999524271520501e+00,-2.476871234555389489e-01,2.477294285521081940e-01,-8.168679425895027991e-06,9.999931261689914974e-01,1.000192312479949885e+00,9.999997621357602506e-01
3.678142045750212343e-03,-2.476778470170623581e-01,-2.476738634787318261e-01,9.999983277581723229e-01,-2.476763077547325942e-01,1.999998327756477678e+00,-2.476742050847986487e-01,2.477243876016706203e-01,4.905867204260277288e-07,9.999994590610754575e-01,1.000200797346918691e+00,9.999991638782388392e-01
3.684573061141496828e-03,-2.476778545738043680e-01,-2.476751357532347986e-01,9.999962540428850577e-01,-2.476697790772505736e-01,1.999996254039089205e+00,-2.476702268739530977e-01,2.477252611493671597e-01,6.836225087015844522e-06,1.000004048685647851e+00,1.000204065304511225e+00,9.999981270195447136e-01
3.698443896058593253e-03,-2.476778708726800060e-01,-2.476805394308844721e-01,1.000001628233919915e+00,-2.476754056137193127e-01,2.000001628235569928e+00,-2.476753389697318175e-01,2.477302852288629786e-01,1.254205487905476837e-06,1.000006427256667774e+00,1.000206911861053927e+00,1.000000814117784742e+00
3.710058622363648483e-03,-2.476778845205239721e-01,-2.476748923418336246e-01,1.000000835742774097e+00,-2.476686834470890330e-01,2.000000835743620975e+00,-2.476677617430118883e-01,2.477268691230791187e-01,-4.159421035205294218e-06,9.999958466016470870e-01,1.000194748620830243e+00,1.000000417871810487e+00
3.720013284445028608e-03,-2.476778962177143273e-01,-2.476762489120959976e-01,9.999977540086583128e-01,-2.476784870054076770e-01,1.999997754006382467e+00,-2.476797787717763821e-01,2.477260116201105145e-01,1.431444422451896907e-06,1.000002297208225865e+00,1.000203123306247610e+00,9.999988770031912333e-01
3.733707102104784001e-03,-2.476779123085856849e-01,-2.476812524451069975e-01,1.000000912104529904e+00,-2.476789239071857662e-01,2.000000912105453832e+00,-2.476789208346407978e-01,2.477311895449220980e-01,-2.035457612988739663e-06,1.000007378907992850e+00,1.000207371638528464e+00,1.000000456052726916e+00
3.750004599879221308e-03,-2.476779314589032943e-01,-2.476773586634103130e-01,9.999977836322724301e-01,-2.476826708319313231e-01,1.999997783630026671e+00,-2.476833269755734923e-01,2.477269361799608882e-01,-3.106118990818415792e-06,9.999928899958712147e-01,1.000191257276235479e+00,9.999988918150133355e-01
3.760274577481962505e-03,-2.476779435266039942e-01,-2.476729309139146518e-01,9.999978150947796962e-01,-2.476738630341890901e-01,1.999997815092565911e+00,-2.476732825474881605e-01,2.477239340860183381e-01,1.937615933911466769e-07,1.000004704085450058e+00,1.000205576713254496e+00,9.999989075462829557e-01
3.771929229070035763e-03,-2.476779572213603231e-01,-2.476824615890142467e-01,1.000000251472239476e+00,-2.476863445778573203e-01,2.000000251472494384e+00,-2.476866809103852596e-01,2.477319636640170908e-01,3.021672025509918776e-06,1.000000738882307116e+00,1.000200995404332716e+00,1.000000125736247192e+00
3.782642038970503596e-03,-2.476779698094091209e-01,-2.476810560640785586e-01,1.000002022748472497e+00,-2.476879506153440158e-01,2.000002022750521746e+00,-2.476883515282599924e-01,2.477307663700956952e-01,2.208217737234213934e-07,1.000003509952810843e+00,1.000203891879893892e+00,1.000001011375261095e+00
3.792227024377293598e-03,-2.476779810722126718e-01,-2.476819834881403837e-01,9.999979606170767976e-01,-2.476850234055497368e-01,1.999997960615010006e+00,-2.476827195413030258e-01,2.477316488380687243e-01,5.677107164408263502e-06,1.000008472308724361e+00,1.000208440164204404e+00,9.999989803075051142e-01
3.801015080902731599e-03,-2.476779913985877879e-01,-2.476773909704331478e-01,9.999958926350160926e-01,-2.476661534905327255e-01,1.999995892630854089e+00,-2.476653181878718524e-01,2.477286381338822396e-01,2.793859621742896606e-06,1.000005667741016513e+00,1.000205678392019903e+00,9.999979463154270443e-01
3.810014838696446082e-03,-2.476780019737206961e-01,-2.476745559628571458e-01,9.999956102700114924e-01,-2.476533561872838185e-01,1.999995610265563384e+00,-2.476517524205696930e-01,2.477248933501960959e-01,2.099081252762195773e-05,1.000013889546361945e+00,1.000214988515292669e+00,9.999978051327816919e-01
3.815317978873384187e-03,-2.476780082051558418e-01,-2.476749947087557857e-01,9.999961026893788851e-01,-2.476598897305880287e-01,1.999996102685429822e+00,-2.476625613032192308e-01,2.477246981966257644e-01,1.791464813344178822e-05,1.000015905749842116e+00,1.000215773646656370e+00,9.999980513427149109e-01
3.830007233532057263e-03,-2.476780254657130753e-01,-2.476756459609528171e-01,1.000001157284784670e+00,-2.476698788583364119e-01,2.000001157285957287e+00,-2.476690433103244382e-01,2.477251466406231173e-01,1.620218443255526814e-06,9.999995991049931421e-01,1.000198003000925207e+00,1.000000578642978644e+00
3.840487541979373774e-03,-2.476780377805616884e-01,-2.476762026808667638e-01,1.000001905341870057e+00,-2.476888281882215770e-01,2.000001905343800512e+00,-2.476902445795892971e-01,2.477257352879224384e-01,-8.225708520690770047e-06,9.999906229840773708e-01,1.000190442333662055e+00,1.000000952671900256e+00
3.850137091505081727e-03,-2.476780491192301092e-01,-2.476752590493462580e-01,1.000001497976026332e+00,-2.476855464690452258e-01,2.000001497977544229e+00,-2.476847934910613724e-01,2.477248162054338509e-01,-4.896443113257010383e-06,1.000000492525334517e+00,1.000201453268457330e+00,1.000000748988772115e+00
3.860343944109483755e-03,-2.476780611127560594e-01,-2.476755493624140658e-01,1.000001304217170039e+00,-2.476666682350009419e-01,2.000001304218491427e+00,-2.476652283575059843e-01,2.477253379103354358e-01,3.927686775146260238e-06,9.999976135632712149e-01,1.000197430310085123e+00,1.000000652109245713e+00
3.869348047971257060e-03,-2.476780716929959936e-01,-2.476820484229290409e-01,1.000001517868503997e+00,-2.476808820568692227e-01,2.000001517870042100e+00,-2.476830996452330513e-01,2.477323650841246061e-01,-3.527925627877319489e-06,9.999943827735333635e-01,1.000193902365997589e+00,1.000000758935021050e+00
3.873098475982658835e-03,-2.476780760999223174e-01,-2.476838364250627256e-01,1.000001702954451233e+00,-2.476851852664040121e-01,2.000001702956176963e+00,-2.476850815497642633e-01,2.477336462839577202e-01,-3.393530582263581374e-06,9.999938827845689104e-01,1.000194187436638904e+00,1.000000851478088482e+00
3.882123243278437670e-03,-2.476780867044427459e-01,-2.476853331748351816e-01,1.000001048397946457e+00,-2.476813351043522793e-01,2.000001048399008496e+00,-2.476815581477896933e-01,2.477349055625207297e-01,3.449734102945422618e-06,9.999981560534999536e-01,1.000198535173592473e+00,1.000000524199504470e+00
3.892397819043533214e-03,-2.476780987775460130e-01,-2.476813382852686707e-01,9.999961983154385115e-01,-2.476801481865441856e-01,1.999996198311586149e+00,-2.476780240336649286e-01,2.477321200685928260e-01,6.775171040582644245e-06,1.000001693507716949e+00,1.000202160922879946e+00,9.999980991557930743e-01
3.902400233039520286e-03,-2.476781105308468733e-01,-2.476769554086397929e-01,9.999927855879302552e-01,-2.476604144784850803e-01,1.999992785580620103e+00,-2.476607673060610970e-01,2.477274834469250508e-01,1.263279991140262926e-05,1.000005603447771119e+00,1.000205419074012836e+00,9.999963927903100513e-01
3.920006095040719403e-03,-2.476781312185523387e-01,-2.476895642660732200e-01,9.999976529116787471e-01,-2.476907043238820716e-01,1.999997652909300427e+00,-2.476931663527768002e-01,2.477404832387162803e-01,-2.517940982917477893e-07,1.000004542676432573e+00,1.000204838875290214e+00,9.999988264546502137e-01
3.930078351711809893e-03,-2.476781430539223006e-01,-2.476770038384233374e-01,9.999993933321041917e-01,-2.476727583341247207e-01,1.999999393331489461e+00,-2.476700161469979899e-01,2.477337959125274214e-01,3.124937624457563320e-07,9.999968324144196119e-01,1.000196214592248500e+00,9.999996966657448416e-01
3.941644149120875594e-03,-2.476781566442715077e-01,-2.476787048263199287e-01,9.999927401167914010e-01,-2.476713091907183362e-01,1.999992740109435063e+00,-2.476709675309362313e-01,2.477290159663269598e-01,1.031893204105582717e-05,1.000004810980745784e+00,1.000204884279811912e+00,9.999963700547175316e-01
3.954529447818948620e-03,-2.476781717850975728e-01,-2.476840306784462986e-01,9.999979976539442594e-01,-2.476813166092999841e-01,1.999997997651915327e+00,-2.476819338387672709e-01,2.477345960017558468e-01,7.128390105020610229e-07,9.999985758221368037e-01,1.000198422149834343e+00,9.999989988259576634e-01
3.970082848552779035e-03,-2.476781900610671994e-01,-2.476799811988296962e-01,9.999949623965822543e-01,-2.476798192653671682e-01,1.999994962391477671e+00,-2.476795518027210541e-01,2.477296356743278749e-01,-3.193826864223398864e-06,9.999951034015758244e-01,1.000194824600837862e+00,9.999974811957388354e-01
3.980030861757434361e-03,-2.476782017504446098e-01,-2.476775645904105427e-01,9.999950028731716678e-01,-2.476769897901277273e-01,1.999995002868108163e+00,-2.476768532118591160e-01,2.477277692894440386e-01,1.758987110688013366e-06,9.999956930856678250e-01,1.000195641182739292e+00,9.999975014340540813e-01
3.991166899229878044e-03,-2.476782148358072089e-01,-2.476709463750278728e-01,9.999976234889090820e-01,-2.476680471791880278e-01,1.999997623486500897e+00,-2.476667599558216026e-01,2.477227420690182591e-01,4.876516217947701631e-06,9.999988773927244168e-01,1.000199128192732267e+00,9.999988117432505597e-01
4.001188108968776851e-03,-2.476782266111939024e-01,-2.476730703177446036e-01,9.999993018718360549e-01,-2.476689950724880185e-01,1.999999301871128621e+00,-2.476695323756731015e-01,2.477230188174970038e-01,-1.560419681432443619e-06,9.999978215298879203e-01,1.000197403573165333e+00,9.999996509355643104e-01
4.011820491527203630e-03,-2.476782391047353538e-01,-2.476775597672419560e-01,1.000003901372284343e+00,-2.476782087973611879e-01,2.000003901376237181e+00,-2.476790576427199964e-01,2.477270260009620251e-01,-4.810627350989698336e-06,9.999939612910117015e-01,1.000194212972431496e+00,1.000001950688118812e+00
4.023346177564836659e-03,-2.476782526479515689e-01,-2.476783223922296162e-01,1.000004159139275428e+00,-2.476783279533572579e-01,2.000004159143490057e+00,-2.476787832210508022e-01,2.477289220821570770e-01,4.898626666542691628e-07,1.000001207686912252e+00,1.000201992866293965e+00,1.000002079571744806e+00
4.038174491031970570e-03,-2.476782700719087071e-01,-2.476830149524094360e-01,1.000000463379254967e+00,-2.476851297972314792e-01,2.000000463379724813e+00,-2.476858466815811122e-01,2.477338785634367324e-01,1.377427168876143581e-06,1.000004895732272248e+00,1.000204458187541556e+00,1.000000231689862407e+00
4.050000810192475389e-03,-2.476782839683834281e-01,-2.476717590121375323e-01,9.999958915172882934e-01,-2.476780334667811334e-01,1.999995891513125290e+00,-2.476767486533748008e-01,2.477266779029738408e-01,-3.421159076710545606e-06,9.999964999717155800e-01,1.000195804737851635e+00,9.999979457565626451e-01
4.054098120415189008e-03,-2.476782887829117874e-01,-2.476731396258338158e-01,9.999939543533595820e-01,-2.476749772820227846e-01,1.999993954347233593e+00,-2.476743080365012006e-01,2.477234293790698538e-01,6.046958932643126734e-08,9.999967215710586776e-01,1.000197117798677926e+00,9.999969771736167967e-01
4.063488669047382248e-03,-2.476782998172431804e-01,-2.476759150451525449e-01,9.999960156002349887e-01,-2.476726252020118868e-01,1.999996015596197774e+00,-2.476716646012400991e-01,2.477263073726418685e-01,3.441117859867952604e-06,9.999988880225155752e-01,1.000198830630054880e+00,9.999980077980988868e-01
4.077684588861684063e-03,-2.476783164981085916e-01,-2.476742671625865866e-01,1.000002701323829291e+00,-2.476799705475322133e-01,2.000002701326565990e+00,-2.476819970457540265e-01,2.477247035461105362e-01,-6.456138915451114218e-06,9.999965127391304831e-01,1.000196524727007041e+00,1.000001350663283217e+00
4.090015639413987700e-03,-2.476783309876657568e-01,-2.476739369303590510e-01,1.000004063095735418e+00,-2.476882020735587941e-01,2.000004063099852569e+00,-2.476889605568090569e-01,2.477244249359007167e-01,-9.544803158404787191e-06,9.999966190009531575e-01,1.000196467626659924e+00,1.000002031549926285e+00
4.098391681127030485e-03,-2.476783408299035039e-01,-2.476776791330489447e-01,1.000004493621415635e+00,-2.476758387078807910e-01,2.000004493625969104e+00,-2.476734981323538975e-01,2.477277697908407128e-01,-2.073731107427031733e-07,1.000000079031909905e+00,1.000200837196656867e+00,1.000002246812984552e+00
4.103217580685982954e-03,-2.476783465005597817e-01,-2.476790550665241286e-01,1.000002811442681327e+00,-2.476700592492613040e-01,2.000002811445530160e+00,-2.476697332979439503e-01,2.477285916931434018e-01,4.864572582057538782e-06,1.000004374653214789e+00,1.000205186187124617e+00,1.000001405722765080e+00
4.113703546612522410e-03,-2.476783588220567156e-01,-2.476766367060808105e-01,1.000001991522273759e+00,-2.476733334813522036e-01,2.000001991524291700e+00,-2.476732209972331566e-01,2.477276355566714328e-01,3.439554418313057975e-06,1.000005591624168355e+00,1.000204202017003663e+00,1.000000995762145850e+00
4.122029901130905283e-03,-2.476783686059102763e-01,-2.476722501025749035e-01,9.999999693162576753e-01,-2.476715302126062390e-01,1.999999969316226700e+00,-2.476708502722653193e-01,2.477230943907269278e-01,9.504626497185666129e-07,9.999960273881988160e-01,1.000196259761037210e+00,9.999999846581131280e-01
4.131184261794760768e-03,-2.476783793627098107e-01,-2.476833639861372449e-01,9.999989912710264273e-01,-2.476703981935086396e-01,1.999998991270004467e+00,-2.476713952690994536e-01,2.477330271334150513e-01,6.753999062350903972e-06,1.000001211850719773e+00,1.000201848392799020e+00,9.999994956350022335e-01
4.140315371699052928e-03,-2.476783900921883663e-01,-2.476801782891501214e-01,1.000002160218113501e+00,-2.476849052434724752e-01,2.000002160220302638e+00,-2.476868694839217400e-01,2.477308103316950005e-01,-1.925352565076729756e-06,1.000003822440574286e+00,1.000203613193232810e+00,1.000001080110151097e+00
4.150001872169972045e-03,-2.476784014742763051e-01,-2.476760523578602491e-01,9.999994041544789658e-01,-2.476836068184305739e-01,1.999999404153875115e+00,-2.476829536323884029e-01,2.477268736703998331e-01,4.035509711683319180e-06,9.999986887361453913e-01,1.000198405141949243e+00,9.999997020769375577e-01
4.156270150698836326e-03,-2.476784088397941674e-01,-2.476791414515978063e-01,9.999963177856487917e-01,-2.476820426044091528e-01,1.999996317781917554e+00,-2.476826296656934323e-01,2.477293422428653302e-01,2.664457503980238373e-06,1.000002548997474872e+00,1.000203110443005583e+00,9.999981588909588881e-01
4.161966243044481692e-03,-2.476784155329667114e-01,-2.476827663836126681e-01,9.999966258515295969e-01,-2.476852361301477568e-01,1.999996625848110776e+00,-2.476851805761863812e-01,2.477328366460303244e-01,-6.403268198232392811e-07,1.000004218547915436e+00,1.000204141350512277e+00,9.999983129240552771e-01
4.170726484055147995e-03,-2.476784258266571948e-01,-2.476869837349771064e-01,9.999992096209536774e-01,-2.476778541848542459e-01,1.999999209620152874e+00,-2.476769791803458964e-01,2.477364518512956415e-01,5.168379848118953171e-06,1.000004787393504957e+00,1.000204818611320379e+00,9.999996048100764368e-01
4.180011050854754405e-03,-2.476784367364543993e-01,-2.476795750971566290e-01,9.999976729328072800e-01,-2.476729168771010514e-01,1.999997672930449388e+00,-2.476719114719371784e-01,2.477325659426188320e-01,-1.630395183987013914e-06,1.000000725254251988e+00,1.000200311817832644e+00,9.999988364652246942e-01
4.184954686949665832e-03,-2.476784425454552352e-01,-2.476774212503816130e-01,9.999951507062510014e-01,-2.476715859967555111e-01,1.999995150701337154e+00,-2.476709154375544841e-01,2.477291066952164444e-01,2.600005757283227608e-06,9.999984081325159480e-01,1.000198107688031968e+00,9.999975753506685772e-01
4.197119123548892494e-03,-2.476784568392323693e-01,-2.476787131193131375e-01,9.999933700357258592e-01,-2.476693738726876981e-01,1.999993370029007789e+00,-2.476696720560560561e-01,2.477287840341119429e-01,1.033817767344621206e-05,1.000000308528656845e+00,1.000200726614983049e+00,9.999966850145038944e-01
4.210690071453245670e-03,-2.476784727857266888e-01,-2.476718673081876321e-01,9.999997057876891526e-01,-2.476571881502436234e-01,1.999999705787391280e+00,-2.476562046207368140e-01,2.477252867662793068e-01,5.801611450993986699e-06,1.000005606249237733e+00,1.000205800315669968e+00,9.999998528936955289e-01
4.220723459118720482e-03,-2.476784845754214370e-01,-2.476768619245485470e-01,9.999991560456270578e-01,-2.476758667389984681e-01,1.999999156044771853e+00,-2.476775224698353761e-01,2.477264332490163035e-01,-2.016956205918010154e-07,1.000003699215732178e+00,1.000203044761080573e+00,9.999995780223859265e-01
4.231084589810462163e-03,-2.476784967502294599e-01,-2.476728178820396531e-01,1.000001859080228428e+00,-2.476773709544801416e-01,2.000001859082111810e+00,-2.476787049911788885e-01,2.477233607302624929e-01,-3.372044195003424960e-06,9.999936928187190821e-01,1.000193895095390584e+00,1.000000929541056127e+00
4.250000000000000305e-03,-2.476785189767156115e-01,-2.476788895373252253e-01,1.000002492326981685e+00,-2.476970875758311985e-01,2.000002492329507220e+00,-2.476977425560993040e-01,2.477284753547241980e-01,-1.188292677121297711e-05,9.999956935097066291e-01,1.000194842152749342e+00,1.000001246164753610e+00
4.259311396674282831e-03,-2.476785299180388478e-01,-2.476823951380992539e-01,1.000000992106584441e+00,-2.476896177124316978e-01,2.000000992107589859e+00,-2.476885110698817394e-01,2.477323681344730522e-01,-5.414935683495947509e-06,1.000001788763641208e+00,1.000202815435519588e+00,1.000000496053794929e+00
4.270047483457114525e-03,-2.476785425334389057e-01,-2.476763130802229484e-01,9.999980571915714211e-01,-2.476838043714090221e-01,1.999998057189602774e+00,-2.476833046520514892e-01,2.477286216603347968e-01,2.779698958911286122e-09,1.000000522132122205e+00,1.000200089117267988e+00,9.999990285948013868e-01
4.281102065524630164e-03,-2.476785555230858749e-01,-2.476789462105226103e-01,9.999963359046986078e-01,-2.476828031841778466e-01,1.999996335900985800e+00,-2.476819087259184704e-01,2.477286433549017175e-01,1.093926789749545068e-06,9.999968126174972882e-01,1.000196860141996602e+00,9.999981679504929000e-01
4.300000000000000003e-03,-2.476785777290370916e-01,-2.476817652028102112e-01,9.999994308920453490e-01,-2.476723048104767233e-01,1.999999430891468588e+00,-2.476720618770226479e-01,2.477315267384219144e-01,7.966719885672853669e-06,1.000002223082883779e+00,1.000202690285072027e+00,9.999997154457342941e-01
4.304449039863816363e-03,-2.476785829568641795e-01,-2.476853544035098886e-01,9.999987288129904561e-01,-2.476767788288384009e-01,1.999998728811702264e+00,-2.476784169200021424e-01,2.477358557372929815e-01,6.307004195280566958e-06,1.000002329603970397e+00,1.000202096456530576e+00,9.999993644058511322e-01
4.313513505209675900e-03,-2.476785936080320161e-01,-2.476892678032603656e-01,9.999973879814206823e-01,-2.476896661377854525e-01,1.999997387978774022e+00,-2.476899376048026513e-01,2.477395059531069255e-01,3.032348397924837874e-06,9.999974110397943372e-01,1.000196327419863751e+00,9.999986939893870108e-01
4.327667273885604619e-03,-2.476786102393684352e-01,-2.476812114909529849e-01,9.999920333974532394e-01,-2.476765374215977311e-01,1.999992033389381030e+00,-2.476749454975236131e-01,2.477311215135363787e-01,8.257609404930066905e-06,1.000003109445106064e+00,1.000205146073839257e+00,9.999960166946905149e-01
4.338653650303084426e-03,-2.476786231488710133e-01,-2.476781482148757152e-01,9.999904030830947255e-01,-2.476658151681583320e-01,1.999990403073370171e+00,-2.476648145066450979e-01,2.477285634211706666e-01,1.269520625167106432e-05,9.999959597964817037e-01,1.000193963073426451e+00,9.999952015366850855e-01
4.350021117763672000e-03,-2.476786365061746098e-01,-2.476763496715330415e-01,9.999954751633609584e-01,-2.476662841503253498e-01,1.999995475158775848e+00,-2.476660850846293671e-01,2.477259180500075708e-01,1.132445186476019898e-05,1.000007704143163423e+00,1.000209528699605110e+00,9.999977375793879242e-01
4.360013502016959509e-03,-2.476786482476893425e-01,-2.476679770562544292e-01,9.999982217616447677e-01,-2.476652134765814361e-01,1.999998221759843098e+00,-2.476651168342988152e-01,2.477216040346603698e-01,4.056690712761136004e-06,9.999971012800312753e-01,1.000195698454381388e+00,9.999991108799215489e-01
4.370106322265610369e-03,-2.476786559993376657e-01,-2.476829016491368385e-01,1.000000707254057097e+00,-2.476850727480441883e-01,2.000000707254773857e+00,-2.476874157399442389e-01,2.477339864067427122e-01,-1.465414162314633883e-06,9.999987613030345557e-01,1.000199112656101841e+00,1.000000353627386707e+00
4.380080831357720250e-03,-2.476783362653751652e-01,-2.476830997205784479e-01,1.000004959911489522e+00,-2.476806661025381939e-01,2.000004959916515723e+00,-2.476798519453135006e-01,2.477327345308036333e-01,-1.556170378468897044e-06,1.000004581095221390e+00,1.000205105114504223e+00,1.000002479958257640e+00
4.390023479992383355e-03,-2.476781295618289136e-01,-2.476748638293934934e-01,1.000000659095558131e+00,-2.476823475185405132e-01,2.000000659096226041e+00,-2.476819476250417817e-01,2.477283828846235381e-01,1.396805041569087010e-06,9.999992670545377882e-01,1.000198897707239798e+00,1.000000329548113021e+00
4.400115862969402984e-03,-2.476779937880258797e-01,-2.476761423389258754e-01,9.999948215722204159e-01,-2.476671555824747906e-01,1.999994821566973391e+00,-2.476661404636858743e-01,2.477258319607427151e-01,1.123126233671583528e-05,9.999983836032373397e-01,1.000198205951843278e+00,9.999974107834866954e-01
4.409375829358188129e-03,-2.476779120932461054e-01,-2.476718968250856134e-01,9.999984261556091880e-01,-2.476700086872197226e-01,1.999998426154014464e+00,-2.476707930833325355e-01,2.477230742583945156e-01,1.106879516956612502e-06,9.999963081902549789e-01,1.000195878927409687e+00,9.999992130770072318e-01
4.417760765270280915e-03,-2.476778617396106219e-01,-2.476738304029921789e-01,1.000001552741217381e+00,-2.476785843690235966e-01,2.000001552742790345e+00,-2.476794676153485086e-01,2.477237791656295152e-01,-3.437504214140394814e-06,9.999983224645780933e-01,1.000198889565341087e+00,1.000000776371395395e+00
4.432112109674640234e-03,-2.476778085905454729e-01,-2.476745604720823057e-01,1.000004020658589843e+00,-2.476793877027406721e-01,2.000004020662664139e+00,-2.476791517222968475e-01,2.477244587563579570e-01,-5.990435365176289288e-06,9.999959417297619169e-01,1.000195151800874260e+00,1.000002010331332070e+00
4.450804069833200032e-03,-2.476777744368359180e-01,-2.476832450306530875e-01,1.000002488252045074e+00,-2.476892609445869309e-01,2.000002488254566391e+00,-2.476900951896418845e-01,2.477330669807285557e-01,1.265347231130296801e-07,1.000001217406184750e+00,1.000201633341863738e+00,1.000001244127283195e+00
4.461341721142282786e-03,-2.476777644146264390e-01,-2.476769420490321783e-01,1.000004763320909928e+00,-2.476799962518372589e-01,2.000004763325736512e+00,-2.476798160105163904e-01,2.477287764318579499e-01,-2.260477027440540133e-06,9.999982514942175049e-01,1.000197883600838278e+00,1.000002381662868256e+00
4.470801847605869114e-03,-2.476777585910695245e-01,-2.476751807970154207e-01,9.999998323544215806e-01,-2.476814228234282544e-01,1.999999832354251605e+00,-2.476810641194110152e-01,2.477249291797219699e-01,-4.892049401486202708e-06,9.999957637867372684e-01,1.000195771320377069e+00,9.999999161771258027e-01
4.480702587543312215e-03,-2.476777545789790591e-01,-2.476777462141833974e-01,9.999979569368327992e-01,-2.476776942790200053e-01,1.999997956934762788e+00,-2.476779183676060536e-01,2.477276059947594311e-01,-1.095681431813101262e-06,9.999972308822996370e-01,1.000197704780631636e+00,9.999989784673813942e-01
4.492200080792948733e-03,-2.476777516345455565e-01,-2.476806029553975663e-01,1.000001124533787866e+00,-2.476809388832129366e-01,2.000001124534927399e+00,-2.476810215237046642e-01,2.477302750707661705e-01,1.037720774827084057e-06,1.000006673664067591e+00,1.000206108444843256e+00,1.000000562267463700e+00
4.503782189475493899e-03,-2.476777498270872346e-01,-2.476746406612787277e-01,9.999995216360098027e-01,-2.476739027011098382e-01,1.999999521635525301e+00,-2.476723621846820822e-01,2.477253649131437307e-01,9.026870894912673771e-07,1.000000404291900180e+00,1.000200364016568200e+00,9.999997608177625397e-01
4.513423044975545771e-03,-2.476777488728271193e-01,-2.476735638181429833e-01,9.999976914938177863e-01,-2.476663677072215297e-01,1.999997691491478546e+00,-2.476674410296290652e-01,2.477231239317703171e-01,-4.424054006045876515e-07,1.000000644404487993e+00,1.000200928163176739e+00,9.999988457457392732e-01
4.525456967325922238e-03,-2.476777481151301308e-01,-2.476773451115182600e-01,1.000001431506904126e+00,-2.476813226376153032e-01,2.000001431508354521e+00,-2.476827598079662518e-01,2.477279076089182741e-01,-2.132959722644708494e-06,1.000002585983357006e+00,1.000202619467368104e+00,1.000000715754177261e+00
4.540002107279166033e-03,-2.476777475828472463e-01,-2.476800261773570155e-01,1.000003444234722982e+00,-2.476924680799669765e-01,2.000003444238213302e+00,-2.476926327367750813e-01,2.477303844407734157e-01,-1.102512634117527087e-05,1.000003105006890491e+00,1.000203151448993744e+00,1.000001722119106651e+00
4.543717893431091330e-03,-2.476777474897273179e-01,-2.476796706581776142e-01,1.000002612815217740e+00,-2.476878942582652343e-01,2.000002612817865177e+00,-2.476856569334953129e-01,2.477293765306056439e-01,-6.227929934970717197e-06,1.000000916630983561e+00,1.000200436969661322e+00,1.000001306408932589e+00
4.551214579899122252e-03,-2.476777473380346595e-01,-2.476793097195088000e-01,9.999984889874740102e-01,-2.476686464285827449e-01,1.999998488985943013e+00,-2.476673149095735549e-01,2.477289169031282323e-01,9.133611709652604275e-06,9.999993198476674339e-01,1.000199631661264688e+00,9.999992444929715063e-01
4.560014387699208062e-03,-2.476777472064079499e-01,-2.476746057640769327e-01,9.999964556214041567e-01,-2.476739407127749870e-01,1.999996455617812918e+00,-2.476751587591737580e-01,2.477259734549770165e-01,-7.595115024665876476e-08,9.999967407040647460e-01,1.000196162202611205e+00,9.999982278089064591e-01
4.564595496543090783e-03,-2.476777471525056229e-01,-2.476733159993428357e-01,9.999969608567611523e-01,-2.476724493850514797e-01,1.999996960853681616e+00,-2.476714270123083483e-01,2.477236972116020064e-01,-2.969307292701271681e-07,9.999949483746330969e-01,1.000194786987776752e+00,9.999984804268408078e-01
4.580020281101002469e-03,-2.476777470199543474e-01,-2.476745520463368988e-01,1.000000604357740741e+00,-2.476753729104527735e-01,2.000000604358352696e+00,-2.476766701693478845e-01,2.477243650161535526e-01,-5.052367215446561149e-07,9.999956307159898472e-01,1.000195715366414495e+00,1.000000302179176348e+00
4.598695415566105699e-03,-2.476777469188024272e-01,-2.476758924119057403e-01,1.000003857700732635e+00,-2.476810362679272848e-01,2.000003857704641508e+00,-2.476813855837423362e-01,2.477256558764754091e-01,-6.114723844238188813e-06,9.999982596315302175e-01,1.000198430855506970e+00,1.000001928852320754e+00
4.612545340625984897e-03,-2.476777468646715330e-01,-2.476773719987890865e-01,1.000002678404869005e+00,-2.476798085271779692e-01,2.000002678407582835e+00,-2.476797140271239650e-01,2.477270056386975949e-01,-4.187346585080898023e-06,9.999922074719438392e-01,1.000192639511211956e+00,1.000001339203791417e+00
4.630143567255584278e-03,-2.476777468082505818e-01,-2.476763805600350199e-01,1.000000252897648823e+00,-2.476687522751129800e-01,2.000000252897904840e+00,-2.476679899225679715e-01,2.477260986984081981e-01,2.268058795469098352e-06,9.999977473582443155e-01,1.000197872584407177e+00,1.000000126448952420e+00
4.640009786865427477e-03,-2.476777467799191057e-01,-2.476745640265841930e-01,1.000001206007731014e+00,-2.476583037967737266e-01,2.000001206008953591e+00,-2.476571877094710106e-01,2.477245346639893042e-01,1.398903673920268121e-05,1.000004595499750293e+00,1.000205346972208531e+00,1.000000603004476574e+00
4.643550820209146023e-03,-2.476777467701093416e-01,-2.476773260565390267e-01,1.000001731708983099e+00,-2.476630409398350718e-01,2.000001731710737474e+00,-2.476662561848557431e-01,2.477279768995593323e-01,9.379457858241347599e-06,1.000004991073265570e+00,1.000204518087274508e+00,1.000000865855368959e+00
4.651146279152688044e-03,-2.476777467495449303e-01,-2.476854009948534219e-01,1.000001637762845785e+00,-2.476893122581190765e-01,2.000001637764504903e+00,-2.476905944021045580e-01,2.477351269863679317e-01,-5.072993730647913591e-06,1.000000412175368947e+00,1.000199910161223560e+00,1.000000818882252673e+00
4.660057015022445528e-03,-2.476777467260360965e-01,-2.476835255274484893e-01,1.000001413912632531e+00,-2.476765759805105716e-01,2.000001413914064941e+00,-2.476747486984030300e-01,2.477335796693877212e-01,-9.409280798522512677e-07,1.000001221283852271e+00,1.000201422524926720e+00,1.000000706957032692e+00
4.665748879402931495e-03,-2.476777467112710462e-01,-2.476769627362926940e-01,9.999996255479752794e-01,-2.476762476067390639e-01,1.999999625547596027e+00,-2.476764971885141997e-01,2.477310682323075053e-01,-4.708890608182909727e-06,9.999982500907008687e-01,1.000197512536568079e+00,9.999998127737980136e-01
4.672152924818288519e-03,-2.476777466948326956e-01,-2.476724971503554695e-01,9.999954867360127952e-01,-2.476758970637399915e-01,1.999995486731439565e+00,-2.476755660759543676e-01,2.477252359796798253e-01,-5.838747606881099553e-06,9.999956144536714664e-01,1.000196270205459870e+00,9.999977433657197823e-01
4.685309850592826557e-03,-2.476777466614641932e-01,-2.476832441208543789e-01,9.999965311081231434e-01,-2.476790736807465698e-01,1.999996531104608399e+00,-2.476789011165749788e-01,2.477347859450409473e-01,4.771868850182516414e-06,1.000003974214137115e+00,1.000204011801594683e+00,9.999982655523041997e-01
4.691290804438128827e-03,-2.476777466464191169e-01,-2.476769007871230666e-01,1.000000580978582576e+00,-2.476781734318198869e-01,2.000000580979171438e+00,-2.476782333442841821e-01,2.477312151407126128e-01,4.402921039354406631e-06,1.000003731625816794e+00,1.000203472695120110e+00,1.000000290489585719e+00
4.700006127931411620e-03,-2.476777466245864978e-01,-2.476814948231769731e-01,9.999973905584346179e-01,-2.476884653427521010e-01,1.999997390555790622e+00,-2.476893837759241990e-01,2.477316047273272759e-01,-6.888306104567526355e-06,9.999993668093264398e-01,1.000199071166732345e+00,9.999986952778951999e-01
4.702731059729597929e-03,-2.476777466177766951e-01,-2.476799075911288173e-01,9.999955162538347597e-01,-2.476870146117647609e-01,1.999995516249291505e+00,-2.476849028905275807e-01,2.477301960514111667e-01,-3.910782414605187940e-06,9.999998342259095452e-01,1.000200496326764776e+00,9.999977581246457525e-01
4.711799459152222341e-03,-2.476777465951614521e-01,-2.476716717356511888e-01,9.999965439329187022e-01,-2.476653778896171776e-01,1.999996543929416948e+00,-2.476644654614074126e-01,2.477248150963395901e-01,7.847184519126757080e-06,1.000005336256815314e+00,1.000205286693563345e+00,9.999982719647084739e-01
4.721298544552741082e-03,-2.476777465715272186e-01,-2.476826392712130342e-01,9.999978894461966084e-01,-2.476658548695968298e-01,1.999997889444057986e+00,-2.476663497120455693e-01,2.477321809417560305e-01,1.400018352300298395e-05,1.000004591887560634e+00,1.000204928531621462e+00,9.999989447220289929e-01
4.730203532508442388e-03,-2.476777465494045261e-01,-2.476788245508617092e-01,1.000001143513429280e+00,-2.476753969348929885e-01,2.000001143514587909e+00,-2.476767797056469711e-01,2.477297529110026597e-01,5.696155001271502559e-07,1.000003664246003288e+00,1.000203298608651981e+00,1.000000571757293955e+00
4.740079045305201771e-03,-2.476777465248949373e-01,-2.476704906251454286e-01,9.999997614174890304e-01,-2.476762391570724586e-01,1.999999761417247335e+00,-2.476755327902659676e-01,2.477240626218005781e-01,-3.099004877047753712e-06,1.000002763406172113e+00,1.000202999068680487e+00,9.999998807086236674e-01
4.750001019270711985e-03,-2.476777465002874823e-01,-2.476771765148836624e-01,9.999975075342713016e-01,-2.476740599899324990e-01,1.999997507531745544e+00,-2.476743825643737962e-01,2.477275440548280250e-01,5.329378291282357886e-06,1.000008203148859520e+00,1.000208631588282326e+00,9.999987537658727721e-01
4.757653906844840248e-03,-2.476777464813160190e-01,-2.476775574818382009e-01,1.000001424201155231e+00,-2.476781354470196650e-01,2.000001424202598077e+00,-2.476788580723333910e-01,2.477270764091562549e-01,8.304072975385891002e-07,1.000002425875776479e+00,1.000201349430530628e+00,1.000000712101299261e+00
4.766368253558473690e-03,-2.476777464597193501e-01,-2.476776311128499886e-01,1.000003890007040930e+00,-2.476795182579221433e-01,2.000003890010982222e+00,-2.476789210603133617e-01,2.477272222693105985e-01,3.600379270423876835e-07,1.000003119574404575e+00,1.000204131847727052e+00,1.000001945005491111e+00
4.770032050000001106e-03,-2.476729099720075267e-01,-2.476778038349528033e-01,1.000002763374073789e+00,-2.476766364119425690e-01,2.000002763376873993e+00,-2.476756699662566730e-01,2.477272701174295655e-01,3.585476619891474873e-06,1.000007179855877615e+00,1.000208335721931574e+00,1.000001381688436997e+00
4.772761704945925783e-03,-2.476729131794782601e-01,-2.476734263079974629e-01,1.000001666203407247e+00,-2.476732659195951258e-01,2.000001666205095674e+00,-2.476734659183471854e-01,2.477258893701808629e-01,1.857651139573726243e-06,1.000007306436200949e+00,1.000206629898188870e+00,1.000000833102547837e+00
4.781152255586812450e-03,-2.476729230387666181e-01,-2.476735225567889276e-01,9.999998797815403684e-01,-2.476856274649984757e-01,1.999999879781418466e+00,-2.476864756617992713e-01,2.477232564847456908e-01,-9.978709816325566316e-06,9.999986409055873215e-01,1.000197718252483714e+00,9.999999398907093440e-01
4.790008922387819883e-03,-2.476729334457619947e-01,-2.476758821772640784e-01,1.000000413162192903e+00,-2.476794051551163278e-01,2.000000413162611235e+00,-2.476785082553281947e-01,2.477256893194820508e-01,-4.654877974526331489e-07,9.999967572146067907e-01,1.000196643090353721e+00,1.000000206581305839e+00
4.795356119655170939e-03,-2.476729397289673396e-01,-2.476758768730253357e-01,1.000002022317326267e+00,-2.476743507765580277e-01,2.000002022319375516e+00,-2.476736646688477983e-01,2.477253882401804774e-01,-1.904690086715172561e-06,9.999984508697428165e-01,1.000198695285918093e+00,1.000001011159687758e+00
4.810830719952899695e-03,-2.476729579123442826e-01,-2.476686083850315467e-01,1.000002274395009882e+00,-2.476818980850845342e-01,2.000002274397314928e+00,-2.476823628227479146e-01,2.477207015829445136e-01,-7.653724137771470706e-06,9.999974915127133324e-01,1.000196976055781839e+00,1.000001137198657242e+00
4.822783628681381017e-03,-2.476729719575681554e-01,-2.476871132680260323e-01,1.000002466778536991e+00,-2.476997428880459151e-01,2.000002466781036770e+00,-2.476997126775985769e-01,2.477371348403536455e-01,-9.126809590710626622e-06,9.999909727148135197e-01,1.000191230439029022e+00,1.000001233390518385e+00
4.831515090817684738e-03,-2.476729822174430773e-01,-2.476728960127733414e-01,1.000004788056710670e+00,-2.476932157303536053e-01,2.000004788061562788e+00,-2.476909365356945447e-01,2.477307871979634868e-01,-1.372128285895821502e-05,9.999932913734523865e-01,1.000194021134666711e+00,1.000002394030781172e+00
4.840064621476436978e-03,-2.476729922635396430e-01,-2.476679139136273855e-01,9.999979459564808382e-01,-2.476613313506557668e-01,1.999997945954399725e+00,-2.476569218832332941e-01,2.477200995556583518e-01,8.279914259590526247e-06,1.000006944937697595e+00,1.000208840401503041e+00,9.999989729771998626e-01
4.843815442572435744e-03,-2.476729966709280695e-01,-2.476709632764407809e-01,9.999951012753776070e-01,-2.476549634814849410e-01,1.999995101270413800e+00,-2.476554115702455372e-01,2.477217116681516840e-01,9.572678173493429061e-06,1.000007344880893267e+00,1.000206432090601893e+00,9.999975506352070109e-01
4.851157580986607820e-03,-2.476730052982829555e-01,-2.476792262761654539e-01,9.999984036883191596e-01,-2.476680093866263366e-01,1.999998403686701787e+00,-2.476708776035208004e-01,2.477287036955274357e-01,-1.125108233436254092e-06,9.999969900862657468e-01,1.000196037748381173e+00,9.999992018433508933e-01
4.860269343040601528e-03,-2.476730160050271967e-01,-2.476738237441921953e-01,1.000005868614935345e+00,-2.476795604586440880e-01,2.000005868620882143e+00,-2.476798473602622452e-01,2.477255483550034054e-01,-1.058915156901811269e-06,9.999958865617309955e-01,1.000196125355310439e+00,1.000002934310441072e+00
4.869691345380809666e-03,-2.476730270763171093e-01,-2.476684452831224847e-01,1.000003466106948791e+00,-2.476760003587502590e-01,2.000003466110461314e+00,-2.476752105526202064e-01,2.477201278305964371e-01,-2.263672564049726370e-06,9.999989090181471418e-01,1.000199410098621344e+00,1.000001733055230657e+00
4.880379123984356429e-03,-2.476730396349550445e-01,-2.476689420184407242e-01,1.000001745484032645e+00,-2.476692567225220465e-01,2.000001745485800786e+00,-2.476693797873302794e-01,2.477186334012628777e-01,-2.373223902337707892e-06,9.999993096338046783e-01,1.000198980062907639e+00,1.000000872742900615e+00
4.890076288351926682e-03,-2.476730510295743481e-01,-2.476709729492385104e-01,1.000006472141781400e+00,-2.476825984531015046e-01,2.000006472148339487e+00,-2.476842397443095867e-01,2.477207189743614868e-01,-1.662671539364393459e-05,9.999908358140294773e-01,1.000189937506484217e+00,1.000003236074169743e+00
4.900012584840688495e-03,-2.476730627051846878e-01,-2.476726741233757911e-01,1.000008442643640194e+00,-2.476871008024387755e-01,2.000008442652195129e+00,-2.476870422410530903e-01,2.477223814815585068e-01,-1.591070996881051622e-05,9.999986678187828826e-01,1.000199811997841914e+00,1.000004221326097564e+00
4.910002932587918464e-03,-2.476730744443082499e-01,-2.476787726734178408e-01,1.000007070088774874e+00,-2.476819111422302044e-01,2.000007070095939365e+00,-2.476812193786649130e-01,2.477289624519101174e-01,-1.397604469507550169e-06,1.000000805136560311e+00,1.000201005036732260e+00,1.000003535047969461e+00
4.912752005915533085e-03,-2.476730776745972862e-01,-2.476774327619526150e-01,1.000006542121117503e+00,-2.476799222650593324e-01,2.000006542127746645e+00,-2.476793672407426594e-01,2.477275704024205494e-01,-1.639260504562765730e-06,1.000001579192469237e+00,1.000201617075662464e+00,1.000003271063873322e+00
4.921196010629444451e-03,-2.476730875966950685e-01,-2.476691905442056085e-01,1.000004677638778539e+00,-2.476766285077163787e-01,2.000004677643517859e+00,-2.476765883731542051e-01,2.477230817299782006e-01,-8.530887808842331659e-06,9.999999537835754237e-01,1.000199584407196918e+00,1.000002338821758929e+00
4.930738634936138870e-03,-2.476730988097233799e-01,-2.476727708605868938e-01,1.000001326934908619e+00,-2.476753402793922254e-01,2.000001326936252877e+00,-2.476750611737921492e-01,2.477230926371743747e-01,6.292201053420080045e-07,1.000000089105876677e+00,1.000200436045192598e+00,1.000000663468126660e+00
4.941026436193385503e-03,-2.476731108983700747e-01,-2.476830758001775379e-01,1.000004102176044629e+00,-2.476803668049105123e-01,2.000004102180201304e+00,-2.476810856883758238e-01,2.477325431358193830e-01,3.728310586963062928e-06,1.000003356192046056e+00,1.000203176417803874e+00,1.000002051090100652e+00
4.950006513139259233e-03,-2.476731214503774814e-01,-2.476705193791408910e-01,1.000005404104274742e+00,-2.476826171009851030e-01,2.000005404109750362e+00,-2.476824380254634417e-01,2.477271825285304596e-01,-1.339579735882854526e-05,9.999962216510954738e-01,1.000195480050960262e+00,1.000002702054875181e+00
4.953361837141650147e-03,-2.476731253930375687e-01,-2.476699900124738896e-01,1.000003882442661807e+00,-2.476806401722108641e-01,2.000003882446595771e+00,-2.476794384904264790e-01,2.477234617376659065e-01,-9.697076535431586143e-06,9.999971961332437820e-01,1.000198296503889139e+00,1.000001941223297885e+00
4.960757702141014268e-03,-2.476731340835230666e-01,-2.476726300036041217e-01,9.999990655258536032e-01,-2.476686406651938954e-01,1.999999065524906916e+00,-2.476664782204014148e-01,2.477222881621810036e-01,7.240015137641454971e-06,1.000007399640482575e+00,1.000207969120638918e+00,9.999995327624534580e-01
4.968625944983325049e-03,-2.476731433290741968e-01,-2.476720471413339508e-01,1.000000434888622891e+00,-2.476621960769385400e-01,2.000000434889063872e+00,-2.476622465694400532e-01,2.477215901876069493e-01,-4.689038951023064567e-07,9.999984741994329962e-01,1.000196739077332309e+00,1.000000217444531936e+00
4.973500537878572901e-03,-2.476731490569463456e-01,-2.476714767625108338e-01,1.000003830393529913e+00,-2.476678914598679504e-01,2.000003830397411697e+00,-2.476695666491560144e-01,2.477210646819822393e-01,-5.477217441434155103e-06,9.999931386098673824e-01,1.000192828149664592e+00,1.000001915198705627e+00
4.984039583438036602e-03,-2.476731614408153592e-01,-2.476742931085718635e-01,1.000005280503612592e+00,-2.476809596494404797e-01,2.000005280508962979e+00,-2.476825371767475137e-01,2.477250440044364288e-01,-6.133369702851517993e-06,9.999914612964799776e-01,1.000190982596552702e+00,1.000002640254481490e+00
4.992955442774530891e-03,-2.476731719173649593e-01,-2.476798664080467616e-01,1.000005334380918764e+00,-2.476909251985107696e-01,2.000005334386323774e+00,-2.476891858892473763e-01,2.477303014765203093e-01,-7.270261322867718939e-06,9.999905961943256205e-01,1.000191991141818226e+00,1.000002667193161887e+00
5.001476322906682655e-03,-2.476731819297965653e-01,-2.476679693571506025e-01,1.000005249598935553e+00,-2.476709098078831717e-01,2.000005249604254853e+00,-2.476698230483855290e-01,2.477246068673415735e-01,-9.299348417624234094e-07,1.000002524954473726e+00,1.000202286100290827e+00,1.000002624802127427e+00
5.010332383241964359e-03,-2.476731923360795395e-01,-2.476617452907646511e-01,1.000000668676512161e+00,-2.476705086075627060e-01,2.000000668677189619e+00,-2.476702168257876313e-01,2.477145484053574487e-01,-4.008702021518245113e-06,9.999945362961668582e-01,1.000193941062170966e+00,1.000000334338594810e+00
5.020004596624651379e-03,-2.476732037013801846e-01,-2.476669070453044186e-01,1.000002972531060186e+00,-2.476673087765923209e-01,2.000002972534072221e+00,-2.476676466821087219e-01,2.477170754961631471e-01,-3.048355807071330548e-06,9.999976368753950018e-01,1.000197783258095940e+00,1.000001486267036110e+00
5.030475638951244742e-03,-2.476732160053436438e-01,-2.476804596913969869e-01,1.000011939643823178e+00,-2.476839862974803685e-01,2.000011939655921278e+00,-2.476857123983218223e-01,2.477303258956448651e-01,-7.269195997858694461e-06,1.000002252668666713e+00,1.000202314529948122e+00,1.000005969827960639e+00
5.040001547389840603e-03,-2.476732271987287515e-01,-2.476687383415109023e-01,1.000011732896243011e+00,-2.476924089078074709e-01,2.000011732908131723e+00,-2.476926544462419999e-01,2.477246927078766980e-01,-2.053104230396613029e-05,9.999919193183633981e-01,1.000190867371916648e+00,1.000005866454065862e+00
5.047596837598249987e-03,-2.476732361235474411e-01,-2.476713777129699590e-01,1.000005458518480550e+00,-2.476878613280320829e-01,2.000005458524011459e+00,-2.476870383477295934e-01,2.477215248634755396e-01,-1.660484859371339763e-05,9.999948997106825610e-01,1.000195706274259688e+00,1.000002729262005730e+00
5.053101006148206023e-03,-2.476732425912013535e-01,-2.476723156031077067e-01,1.000001695032262106e+00,-2.476814361192170022e-01,2.000001695033979843e+00,-2.476791952756880744e-01,2.477219997141996422e-01,-8.483137189355726150e-06,9.999971321579733674e-01,1.000197110229367636e+00,1.000000847516989699e+00
5.060629961131145674e-03,-2.476732514380749484e-01,-2.476686551049175067e-01,1.000003969115538016e+00,-2.476660002935109350e-01,2.000003969119560132e+00,-2.476651386947913425e-01,2.477196085110997259e-01,3.829621919584876392e-06,9.999955527129568145e-01,1.000195545042968481e+00,1.000001984559780066e+00
5.064729224770028564e-03,-2.476732562548990546e-01,-2.476714954351696141e-01,1.000005912122829743e+00,-2.476742859194103197e-01,2.000005912128819840e+00,-2.476776710611212073e-01,2.477218884997491599e-01,-3.676674782535504912e-06,9.999938854367034224e-01,1.000193183846422196e+00,1.000002956064410142e+00
5.072339584485404881e-03,-2.476732651974264676e-01,-2.476746521392562683e-01,1.000005981553822032e+00,-2.476956365813219318e-01,2.000005981559882962e+00,-2.476955987353592625e-01,2.477248150541178362e-01,-1.521726108623876636e-05,9.999899204130733299e-01,1.000190004760941997e+00,1.000002990779941703e+00
5.082441962368723816e-03,-2.476732770681900897e-01,-2.476632940319582754e-01,1.000006520009041777e+00,-2.476840415912593407e-01,2.000006520015648270e+00,-2.476830800254241627e-01,2.477173733326130944e-01,-1.519334672857691072e-05,9.999941866555533965e-01,1.000195403780936187e+00,1.000003260007824135e+00
5.099753988105163935e-03,-2.476732974106278240e-01,-2.476678823399791618e-01,1.000008106816737463e+00,-2.476766472892276694e-01,2.000008106824952225e+00,-2.476768496908386685e-01,2.477187571597868343e-01,-7.859133493506703695e-06,9.999950656498824975e-01,1.000193499561359500e+00,1.000004053412476113e+00
5.110447834350013291e-03,-2.476733099763952783e-01,-2.476711033596921963e-01,1.000009469970068121e+00,-2.476772956654683389e-01,2.000009469979664001e+00,-2.476768901193583117e-01,2.477206799547997662e-01,-7.999453310248827426e-06,9.999990366301199085e-01,1.000199910516998303e+00,1.000004734989831778e+00
5.124044323844411698e-03,-2.476733259529025066e-01,-2.476669742180680756e-01,1.000008253715307660e+00,-2.476710863453758793e-01,2.000008253723671192e+00,-2.476719170608192855e-01,2.477170376863911672e-01,-8.415678606100787876e-06,1.000002789253962243e+00,1.000201711915066349e+00,1.000004126861835596e+00
5.132822171396866744e-03,-2.476733362672806638e-01,-2.476705015786198616e-01,1.000007687886351082e+00,-2.476785258418259805e-01,2.000007687894140851e+00,-2.476796916419799210e-01,2.477199664023461700e-01,-9.832265935428494130e-06,9.999926347179480812e-01,1.000190932558856494e+00,1.000003843947070648e+00
5.142315821120984308e-03,-2.476733474227603982e-01,-2.476699400714240107e-01,1.000009439859403271e+00,-2.476927096913690562e-01,2.000009439868968286e+00,-2.476940451387830699e-01,2.477197387941282580e-01,-2.171891757795585152e-05,9.999785484856398288e-01,1.000179496274729685e+00,1.000004719934484143e+00
5.150899152248934396e-03,-2.476733575085743322e-01,-2.476725666999739506e-01,1.000008602383688938e+00,-2.476986696588993619e-01,2.000008602392405521e+00,-2.476990318945426761e-01,2.477224656086652876e-01,-1.807542741685852730e-05,9.999912332525970893e-01,1.000192110088655717e+00,1.000004301196202761e+00
5.160722616895581892e-03,-2.476733690516023656e-01,-2.476765331452631946e-01,1.000007217790578773e+00,-2.476876941849507352e-01,2.000007217797892256e+00,-2.476875149076203375e-01,2.477265796693124134e-01,-5.072874276764794123e-06,9.999968438852619990e-01,1.000197344132442101e+00,1.000003608898946128e+00
5.170598146431912810e-03,-2.476733806558094886e-01,-2.476821880295706768e-01,1.000005734204882701e+00,-2.476949685405966939e-01,2.000005734210692943e+00,-2.476950985315354015e-01,2.477316551878651907e-01,-3.493036588743110482e-06,9.999984620562948345e-01,1.000198658352369430e+00,1.000002867105346693e+00
5.181044854409592657e-03,-2.476733929311797089e-01,-2.476695571140168362e-01,1.000001994275551809e+00,-2.476634170921906131e-01,2.000001994277572415e+00,-2.476610435009981848e-01,2.477254107495648339e-01,2.481817343018153208e-06,1.000002620249338614e+00,1.000202811500971123e+00,1.000000997138786207e+00
5.190555165280169234e-03,-2.476734041062371161e-01,-2.476758279731043344e-01,9.999981432013206328e-01,-2.476723307863034629e-01,1.999998143199439360e+00,-2.476733703866396963e-01,2.477256296616347220e-01,-2.586984467138360767e-06,1.000000287781788844e+00,1.000199971595733706e+00,9.999990715997195689e-01
5.201995782874241185e-03,-2.476734175494950951e-01,-2.476741191962288646e-01,1.000003026596095301e+00,-2.476777318008641926e-01,2.000003026599161959e+00,-2.476796513801686195e-01,2.477248836558451628e-01,-9.229385825301321625e-06,9.999973601796323663e-01,1.000197112499486618e+00,1.000001513299581202e+00
5.212413052066403214e-03,-2.476734297902713766e-01,-2.476855353871543486e-01,1.000003453752766447e+00,-2.476951470032260072e-01,2.000003453756266314e+00,-2.476943801941190737e-01,2.477351651520793840e-01,-1.044930718571892532e-05,9.999970678969672955e-01,1.000197153671122052e+00,1.000001726878133157e+00
5.222468097488630091e-03,-2.476734416054184040e-01,-2.476774186987918125e-01,1.000002164267139726e+00,-2.476743548644323167e-01,2.000002164269332638e+00,-2.476730088309151145e-01,2.477300407725935294e-01,-1.164553998219743884e-06,9.999985563206144068e-01,1.000198694531359012e+00,1.000001082134666319e+00
5.231496724234172176e-03,-2.476734522144764805e-01,-2.476777798154098376e-01,9.999963478595342847e-01,-2.476667733602306021e-01,1.999996347855833800e+00,-2.476670931010367394e-01,2.477280163865927254e-01,6.904662025654531087e-06,1.000001339112144727e+00,1.000201973198441285e+00,9.999981739279167892e-01
5.240942374035138969e-03,-2.476734633135550256e-01,-2.476854563420531619e-01,9.999963494900740990e-01,-2.476900325458162577e-01,1.999996349486374836e+00,-2.476922401744671987e-01,2.477349241532488811e-01,3.424327577569925229e-07,1.000003066870248203e+00,1.000202358565748906e+00,9.999981747431875290e-01
5.253327228983109727e-03,-2.476734778663372272e-01,-2.476732082322552486e-01,9.999986390183923657e-01,-2.476780437047550743e-01,1.999998639017013247e+00,-2.476763112811009304e-01,2.477270961347193545e-01,3.278617341443002310e-07,9.999998546803334776e-01,1.000201720607573064e+00,9.999993195085066233e-01
5.270003840535127278e-03,-2.476734974621341012e-01,-2.476694684665006474e-01,9.999980378135364667e-01,-2.476634289918416831e-01,1.999998037811548057e+00,-2.476633703315740398e-01,2.477192305593250710e-01,2.794057077459280433e-06,9.999964830702091634e-01,1.000194101617338349e+00,9.999990189057740286e-01
5.280002008755202945e-03,-2.476735092104470071e-01,-2.476687985661549241e-01,1.000004337401386056e+00,-2.476736419902788588e-01,2.000004337405780763e+00,-2.476747472065642663e-01,2.477183104817471948e-01,-9.635649689005117618e-06,9.999988015636962491e-01,1.000199366668976575e+00,1.000002168702890604e+00
5.286232410218363702e-03,-2.476735165314582765e-01,-2.476686839087073599e-01,1.000006251871812468e+00,-2.476751219788893288e-01,2.000006251878147179e+00,-2.476750363650860598e-01,2.477182063685698099e-01,-8.821876491881490813e-06,9.999995595142406879e-01,1.000199754668470220e+00,1.000003125939073811e+00
5.297814975255978921e-03,-2.476735301415111667e-01,-2.476671407175362605e-01,1.000007965935615806e+00,-2.476706209832109651e-01,2.000007965943687349e+00,-2.476700852025609800e-01,2.477170614855622177e-01,-7.786735403219233425e-06,9.999994122353874637e-01,1.000199199527683103e+00,1.000003982971843897e+00
5.311470338504793200e-03,-2.476735461871985566e-01,-2.476786125506143521e-01,1.000008694465313930e+00,-2.476952440906287078e-01,2.000008694474123772e+00,-2.476952996818464481e-01,2.477280789946458839e-01,-7.071768414979769553e-06,9.999921229450734472e-01,1.000193127112971592e+00,1.000004347237061886e+00
5.321941822399126401e-03,-2.476735584916793520e-01,-2.476703998722787625e-01,1.000008829912917063e+00,-2.476723008980442897e-01,2.000008829921863907e+00,-2.476723475053964896e-01,2.477231392025198431e-01,-5.282239956438993145e-06,1.000005505480418444e+00,1.000205046658933838e+00,1.000004414960932175e+00
5.331458294565261796e-03,-2.476735696739778558e-01,-2.476694734427825617e-01,1.000003340701618004e+00,-2.476797274603904642e-01,2.000003340705002852e+00,-2.476792338214714173e-01,2.477195223245966249e-01,-7.433236802891246083e-06,9.999986798688113021e-01,1.000198318100573580e+00,1.000001670352501426e+00
5.341376533387611099e-03,-2.476735813283703902e-01,-2.476756237490431167e-01,1.000003777448762010e+00,-2.476768658830700021e-01,2.000003777452589837e+00,-2.476776969442726073e-01,2.477250895960105004e-01,-8.120055943429817062e-06,9.999945739582001281e-01,1.000193745995462180e+00,1.000001888726294919e+00
5.353201713953490218e-03,-2.476735952235077920e-01,-2.476707445261848717e-01,1.000006760190085497e+00,-2.476778935334096043e-01,2.000006760196935574e+00,-2.476770108738911569e-01,2.477213891354089204e-01,-4.898042180882014201e-06,9.999896212493741832e-01,1.000190456851158149e+00,1.000003380098467787e+00
5.366702384530986150e-03,-2.476736110874247498e-01,-2.476701175144153111e-01,1.000003523339504374e+00,-2.476736294935376614e-01,2.000003523343074630e+00,-2.476745764691914431e-01,2.477199364431662831e-01,-2.140620803146116215e-06,1.000001014225003981e+00,1.000201536447460127e+00,1.000001761671537315e+00
5.380002726715415323e-03,-2.476736267159455052e-01,-2.476829558175785428e-01,1.000006992689362662e+00,-2.476792277833676226e-01,2.000006992696448105e+00,-2.476794222587516692e-01,2.477337770239511350e-01,-4.701019608245668723e-06,1.000000689965102163e+00,1.000200485492315661e+00,1.000003496348224052e+00
5.386466596895164716e-03,-2.476736343112932726e-01,-2.476808411840527024e-01,1.000007372834298858e+00,-2.476907064319108509e-01,2.000007372841769993e+00,-2.476930681024014647e-01,2.477314661774011884e-01,-1.061558256524784165e-05,9.999971524501702902e-01,1.000196500735478722e+00,1.000003686420884996e+00
5.393753385402804551e-03,-2.476736428736085738e-01,-2.476767675235924948e-01,1.000004577224383739e+00,-2.476933711099909563e-01,2.000004577229021585e+00,-2.476916654508247717e-01,2.477282052238258536e-01,-1.106069946924263885e-05,9.999969596615422285e-01,1.000198053493145833e+00,1.000002288614510793e+00
5.410006733291439912e-03,-2.476736619720528443e-01,-2.476734619531305859e-01,9.999970869340205626e-01,-2.476682442608542922e-01,1.999997086931068813e+00,-2.476675398900518021e-01,2.477229968690234096e-01,7.432323316981217639e-06,1.000013527126939694e+00,1.000214068927082423e+00,9.999985434655342953e-01
5.419999999999998604e-03,-2.476736737146062739e-01,-2.476707055444251349e-01,1.000001281874189019e+00,-2.476702557592718734e-01,2.000001281875487980e+00,-2.476703643021243573e-01,2.477210095933775891e-01,2.261778945873725343e-06,1.000008289206959944e+00,1.000207584673703076e+00,1.000000640937743768e+00
5.430962849693471949e-03,-2.476736865964652423e-01,-2.476697956776929832e-01,1.000003788118832171e+00,-2.476751369963677840e-01,2.000003788122670212e+00,-2.476755380232849579e-01,2.477198114381993777e-01,-1.370555860146809473e-06,1.000002472055042446e+00,1.000201895024597887e+00,1.000001894061335106e+00
5.440708725660383174e-03,-2.476736980483229822e-01,-2.476773673309103918e-01,1.000005547202056810e+00,-2.476876602022666518e-01,2.000005547207677647e+00,-2.476890095665697511e-01,2.477271750017271956e-01,-1.154197740909724308e-05,9.999940077901074975e-01,1.000193757077524337e+00,1.000002773603838824e+00
5.450020313739678199e-03,-2.476737089898727873e-01,-2.476753608947430685e-01,1.000006783419200795e+00,-2.476731961250474290e-01,2.000006783426074186e+00,-2.476708477007672216e-01,2.477254843628120540e-01,-1.369450389128812859e-06,1.000003788633783142e+00,1.000205097871370796e+00,1.000003391713037315e+00
5.459466366689333036e-03,-2.476737200894241486e-01,-2.476787525864442285e-01,1.000003726708900587e+00,-2.476749680136667298e-01,2.000003726712676677e+00,-2.476753448682922909e-01,2.477287206278511456e-01,4.439104026374166195e-06,1.000004261544657824e+00,1.000204205842511573e+00,1.000001863356338339e+00
5.462712312608787590e-03,-2.476737239035608495e-01,-2.476799261223121273e-01,1.000002270775034674e+00,-2.476774499622228509e-01,2.000002270777335944e+00,-2.476789357031415895e-01,2.477297738318854636e-01,2.784342152029834811e-06,1.000002406124909315e+00,1.000201221758805659e+00,1.000001135388667972e+00
5.471040073024087576e-03,-2.476737336890679764e-01,-2.476817486050907346e-01,1.000001029812208397e+00,-2.476938449256272934e-01,2.000001029813252007e+00,-2.476955353369419688e-01,2.477313593731779173e-01,-1.068957410210445565e-05,9.999906493441356181e-01,1.000190822185022865e+00,1.000000514906626004e+00
5.480025263699644066e-03,-2.476737442470853257e-01,-2.476688781602390810e-01,9.999996080096221762e-01,-2.476784491803731836e-01,1.999999608009224827e+00,-2.476758771315209773e-01,2.477260030009190150e-01,-1.313249492259942282e-06,1.000006825862189253e+00,1.000208904459051196e+00,9.999998040046124137e-01
5.487659118701506723e-03,-2.476737532172195444e-01,-2.476711177009858766e-01,9.999973504057074747e-01,-2.476701338896876714e-01,1.999997350403022622e+00,-2.476693563122698838e-01,2.477212074259029784e-01,-1.344348335473047241e-06,1.000004243930759928e+00,1.000203418024590674e+00,9.999986752015113112e-01
5.497457254142514189e-03,-2.476737647304851353e-01,-2.476723500348466389e-01,1.000000370010427853e+00,-2.476717587397020970e-01,2.000000370010802886e+00,-2.476721223582334097e-01,2.477218876837402051e-01,-3.341208266352060353e-06,1.000002641668863435e+00,1.000202715723375935e+00,1.000000185005401443e+00
5.510043533385906682e-03,-2.476737795199505654e-01,-2.476742888675443066e-01,1.000006181070689282e+00,-2.476817362874285111e-01,2.000006181076952050e+00,-2.476823774206012019e-01,2.477240465781773149e-01,-8.274119754737880455e-06,9.999969436342558415e-01,1.000196530628602032e+00,1.000003090538476025e+00
5.520668003976279652e-03,-2.476737920041984509e-01,-2.476705057651442110e-01,1.000004870147291447e+00,-2.476756299949831874e-01,2.000004870152225944e+00,-2.476751417937963773e-01,2.477211249184717301e-01,-1.081168316455391771e-05,9.999919998358947071e-01,1.000191930285505348e+00,1.000002435076112972e+00
5.535058670551055472e-03,-2.476738089139015608e-01,-2.476767961077881719e-01,1.000004087644830175e+00,-2.476710395392398290e-01,2.000004087648972195e+00,-2.476698608269182200e-01,2.477265960443232884e-01,-4.213771929355693938e-07,9.999990696110382382e-01,1.000198963765202897e+00,1.000002043824486098e+00
5.543220009125297484e-03,-2.476738185038538098e-01,-2.476755944930313924e-01,1.000004821112179698e+00,-2.476659027505575816e-01,2.000004821117064679e+00,-2.476660187113186029e-01,2.477254829084008791e-01,1.704589056411850563e-06,9.999993653978079822e-01,1.000199754573798616e+00,1.000002410558532340e+00
5.551343737254975201e-03,-2.476738280496137978e-01,-2.476783997292817119e-01,1.000002284557689025e+00,-2.476699581248136828e-01,2.000002284560003840e+00,-2.476708297330511843e-01,2.477279837392263873e-01,3.041819654985195428e-07,1.000002668633006575e+00,1.000202596562546065e+00,1.000001142280001920e+00
5.562662297851871107e-03,-2.476738413494492252e-01,-2.476778450071945581e-01,1.000001149210720586e+00,-2.476806360438411903e-01,2.000001149211885210e+00,-2.476809851595227763e-01,2.477273688143005470e-01,-7.871374970345566338e-07,9.999991500307641168e-01,1.000199021138007849e+00,1.000000574605942605e+00
5.571443608339708177e-03,-2.476740338936928854e-01,-2.476780023168765055e-01,1.000000103357728376e+00,-2.476812207091357299e-01,2.000000103357832959e+00,-2.476811873407385733e-01,2.477277853525598483e-01,2.715626991404489641e-06,9.999997448479021056e-01,1.000200394177826135e+00,1.000000051678916480e+00
5.582151354827639966e-03,-2.476750949459640139e-01,-2.476814789794012095e-01,9.999992356830433859e-01,-2.476854437236581385e-01,1.999999235682268672e+00,-2.476854637536732573e-01,2.477315155003260716e-01,-2.673413283037152671e-07,1.000006953618691297e+00,1.000207980289039345e+00,9.999996178411344472e-01
5.593000575905829851e-03,-2.476757679179278082e-01,-2.476837572045089697e-01,9.999990112570167344e-01,-2.476821347978641619e-01,1.999999011256014869e+00,-2.476809344095229071e-01,2.477341191780444152e-01,-2.767169307365499663e-08,1.000012764232698137e+00,1.000210774931695523e+00,9.999995056280073236e-01
5.602252016455795333e-03,-2.476761376732939113e-01,-2.476746957156417406e-01,9.999968758314494721e-01,-2.476693015128537678e-01,1.999996875828283782e+00,-2.476681825091230638e-01,2.477287254913002890e-01,-1.672872364055218948e-06,9.999974786819195716e-01,1.000198415170193922e+00,9.999984379141418911e-01
5.611327857884548277e-03,-2.476763811247869596e-01,-2.476720325884267382e-01,9.999941170903947629e-01,-2.476590445281796893e-01,1.999994117084433753e+00,-2.476590535002914373e-01,2.477220980203545808e-01,6.275637597491560758e-06,1.000008746218183697e+00,1.000208267729226108e+00,9.999970585422168767e-01
5.625287981886234294e-03,-2.476766100699282214e-01,-2.476796043134362191e-01,1.000000987918890250e+00,-2.476838256534747429e-01,2.000000987919891227e+00,-2.476854981044284698e-01,2.477291146139523892e-01,-5.215026009765731179e-06,9.999946202037984788e-01,1.000194767300676357e+00,1.000000493959945613e+00
5.633741752109923222e-03,-2.476766944078344079e-01,-2.476754087194406873e-01,1.000003393815967145e+00,-2.476881486753036710e-01,2.000003393819405950e+00,-2.476860046411874516e-01,2.477277082507672035e-01,-8.734995166523538200e-06,9.999962308383810727e-01,1.000196544214973837e+00,1.000001696909702975e+00
5.642106583090247124e-03,-2.476767522885465478e-01,-2.476685317993284341e-01,1.000000194826353495e+00,-2.476695145318590641e-01,2.000000194826550892e+00,-2.476705404502753671e-01,2.477210232619087849e-01,-1.873432464840021585e-06,1.000000658196166015e+00,1.000201181602669909e+00,1.000000097413275446e+00
5.651237214228213221e-03,-2.476767955192819559e-01,-2.476869458155410431e-01,9.999989894049481354e-01,-2.476945813782427397e-01,1.999998989403924066e+00,-2.476953116256282450e-01,2.477364459628964288e-01,-4.601287476998336947e-06,1.000002684974087286e+00,1.000202497241080568e+00,9.999994947019620328e-01
5.660104043603094229e-03,-2.476768238881796313e-01,-2.476792657795884867e-01,1.000004170241658663e+00,-2.476773644350087067e-01,2.000004170245884172e+00,-2.476751726507456230e-01,2.477323342234956649e-01,-4.916149995945012657e-07,1.000001629741190889e+00,1.000201529129601141e+00,1.000002085122942086e+00
5.668024232028274871e-03,-2.476768414522923789e-01,-2.476769865625581268e-01,1.000001751156741392e+00,-2.476760767046178868e-01,2.000001751158515972e+00,-2.476757726991491992e-01,2.477270401861520477e-01,2.435193581297328897e-07,1.000002149120780226e+00,1.000202505077897541e+00,1.000000875579257764e+00
5.675813110258387528e-03,-2.476768537203807574e-01,-2.476771622124473715e-01,9.999951543599804316e-01,-2.476741970730209907e-01,1.999995154355070692e+00,-2.476743881404478431e-01,2.477268566532102312e-01,8.022011283242468237e-06,1.000008551149008218e+00,1.000209496518936092e+00,9.999975771775352351e-01
5.685276522473759961e-03,-2.476768639804438621e-01,-2.476805052870123813e-01,9.999976910747739867e-01,-2.476780697282073007e-01,1.999997691072434192e+00,-2.476784923409979244e-01,2.477306267227331049e-01,6.487726744322430054e-06,1.000008818289251478e+00,1.000207911834088748e+00,9.999988455362170958e-01
5.697899811162187092e-03,-2.476768724825556545e-01,-2.476803580104830482e-01,9.999999040325125987e-01,-2.476817848550320611e-01,1.999999904032415676e+00,-2.476816269756035582e-01,2.477312315914215191e-01,3.747910800589447626e-06,1.000011016429490418e+00,1.000212187219676752e+00,9.999999520162077271e-01
5.704497160885902904e-03,-2.476768753761460218e-01,-2.476779746243832347e-01,9.999984648392166164e-01,-2.476774438722202931e-01,1.999998464837660972e+00,-2.476766559369767695e-01,2.477283579775180489e-01,2.334084973199474817e-06,1.000009980266264309e+00,1.000208565229320445e+00,9.999992324188304860e-01
5.712318929240974182e-03,-2.476768778819581351e-01,-2.476777886371961945e-01,9.999958654144124326e-01,-2.476748654296022090e-01,1.999995865410222784e+00,-2.476763755492461250e-01,2.477281304238278525e-01,-2.679234964083995385e-07,1.000000557952556823e+00,1.000200389782669674e+00,9.999979327051115030e-01
5.730000000000001585e-03,-2.476768811821082883e-01,-2.476794300462347997e-01,9.999989922712561041e-01,-2.476735777204341904e-01,1.999998992270234810e+00,-2.476712942894217506e-01,2.477313328491436428e-01,7.945197567973067145e-06,1.000013485312958306e+00,1.000214996328433026e+00,9.999994961351174050e-01
5.733827841386864195e-03,-2.476768816156712794e-01,-2.476753135987240229e-01,9.999986726062773945e-01,-2.476688827107929591e-01,1.999998672604932581e+00,-2.476681604737688835e-01,2.477291043872363041e-01,5.668836932336572326e-06,1.000009953548376185e+00,1.000208124949493849e+00,9.999993363024661797e-01
5.741461750371669968e-03,-2.476768822878523124e-01,-2.476670229425057823e-01,9.999955562282157873e-01,-2.476630076128778501e-01,1.999995556223713278e+00,-2.476626560930462184e-01,2.477220430592067535e-01,1.948946285799142725e-06,9.999973022979887771e-01,1.000197132448076953e+00,9.999977781118565279e-01
5.750666632797505132e-03,-2.476768828441172077e-01,-2.476680708491532101e-01,9.999965398576513564e-01,-2.476620372671282932e-01,1.999996539854145050e+00,-2.476618675264621872e-01,2.477186298208994553e-01,9.820808062050693946e-06,1.000001594251319847e+00,1.000202220821824195e+00,9.999982699270725250e-01
5.760485791909509407e-03,-2.476768832286380950e-01,-2.476863189614387228e-01,1.000004806010819314e+00,-2.476733830261567126e-01,2.000004806015689418e+00,-2.476754610637984244e-01,2.477366038446854324e-01,5.117162384824520323e-06,1.000006702605420461e+00,1.000206700043398511e+00,1.000002403007844709e+00
5.770058201996044675e-03,-2.476768834662997909e-01,-2.476764657988399787e-01,1.000008473622025829e+00,-2.476839115956226134e-01,2.000008473630612293e+00,-2.476842254149109745e-01,2.477310123387249929e-01,-5.875385041155566020e-06,9.999990663672148061e-01,1.000198415482292713e+00,1.000004236815306147e+00
5.779815326253997555e-03,-2.476768836171875932e-01,-2.476759747616093521e-01,9.999998631304796159e-01,-2.476799327969947118e-01,1.999999863130340838e+00,-2.476790793026078796e-01,2.477255865250172218e-01,1.289473046488498462e-06,1.000003928429556321e+00,1.000204810685353163e+00,9.999999315651704190e-01
5.790311749661771271e-03,-2.476768837125822298e-01,-2.476841105449391067e-01,9.999971518742266641e-01,-2.476732445134922356e-01,1.999997151871340639e+00,-2.476739142422534068e-01,2.477340722529335071e-01,6.434385748331908314e-06,1.000004329615829191e+00,1.000204073919683578e+00,9.999985759356703197e-01
5.800002192704710111e-03,-2.476768837607488394e-01,-2.476776171736634058e-01,1.000000531730910192e+00,-2.476869678998609992e-01,2.000000531731449094e+00,-2.476881618311793098e-01,2.477300267308671922e-01,-5.813846489847921173e-06,1.000002562707040576e+00,1.000202471980226493e+00,1.000000265865724547e+00
5.804573945271589673e-03,-2.476768837742517049e-01,-2.476754714916211686e-01,9.999995391679277201e-01,-2.476806085468232221e-01,1.999999539167460760e+00,-2.476781482429015746e-01,2.477272098573521375e-01,-3.985458831755177785e-06,1.000005965014823417e+00,1.000207169071907654e+00,9.999997695837303802e-01
5.820080974072179732e-03,-2.476768837912194099e-01,-2.476782189319220173e-01,9.999972393423237627e-01,-2.476773340143591240e-01,1.999997239339526445e+00,-2.476792514809638412e-01,2.477282616667522697e-01,8.325724107137426078e-06,1.000018169197752993e+00,1.000218275710732518e+00,9.999986196697631113e-01
5.830026655002294028e-03,-2.476768837867817374e-01,-2.476764108396506125e-01,1.000001735881960174e+00,-2.476797085554791333e-01,2.000001735883718990e+00,-2.476796245054172507e-01,2.477264905170853682e-01,2.847627222291639714e-06,1.000006126331252965e+00,1.000204791655408432e+00,1.000000867941859495e+00
5.840300153878460847e-03,-2.476768837747859719e-01,-2.476805074617335622e-01,1.000001044375226078e+00,-2.476647520699656324e-01,2.000001044376284121e+00,-2.476634755011593858e-01,2.477304095615120716e-01,6.113054886838528742e-06,1.000001335305474415e+00,1.000201004619722278e+00,1.000000522188142060e+00
5.850304259740379126e-03,-2.476768837584315541e-01,-2.476814826040595052e-01,9.999999078618123649e-01,-2.476606127165002502e-01,1.999999907861718995e+00,-2.476602388073427252e-01,2.477309496214332440e-01,1.604315120133802914e-05,9.999967323420902998e-01,1.000196522556193512e+00,9.999999539308594976e-01
5.860000000000001492e-03,-2.476768837397330669e-01,-2.476754939662833555e-01,9.999984636006558070e-01,-2.476635933910298903e-01,1.999998463599099052e+00,-2.476639705110195155e-01,2.477274809317298876e-01,5.733822677582767189e-06,9.999952137560259580e-01,1.000195035054679549e+00,9.999992317995495261e-01
5.864965356496975799e-03,-2.476768837294027470e-01,-2.476776291041440370e-01,9.999971401524317960e-01,-2.476688559299883852e-01,1.999997140149533781e+00,-2.476701126634932026e-01,2.477278613030662602e-01,5.509015613435947418e-06,1.000002032289114329e+00,1.000203906207125959e+00,9.999985700747670014e-01
5.880358835992622810e-03,-2.476768836952663311e-01,-2.476780541511216238e-01,9.999990127526089401e-01,-2.476643364695468308e-01,1.999999012751608518e+00,-2.476638808924606361e-01,2.477287144304829158e-01,3.633357851753360326e-06,1.000010749665176890e+00,1.000210295406387839e+00,9.999995063758042591e-01
5.890300204029020464e-03,-2.476768836721124634e-01,-2.476796637126722211e-01,9.999984772142547218e-01,-2.476844385566992490e-01,1.999998477212711734e+00,-2.476860961029833941e-01,2.477293942409589389e-01,-2.946715827469360029e-06,1.000002706770518834e+00,1.000202003735846557e+00,9.999992386063558669e-01
5.900023113062523653e-03,-2.476768836489671721e-01,-2.476812851399740889e-01,9.999977591960943490e-01,-2.476823457832548758e-01,1.999997759193823832e+00,-2.476820255109871693e-01,2.477309919115328607e-01,7.183432265024157545e-07,9.999997629621273365e-01,1.000199462744336021e+00,9.999988795969119160e-01
5.910286650224892864e-03,-2.476768836241878546e-01,-2.476857374450593952e-01,9.999980929264948859e-01,-2.476853409848898957e-01,1.999998092924562432e+00,-2.476855855496928605e-01,2.477354154570600431e-01,-7.969784970364094806e-07,1.000000059499679406e+00,1.000200332778961476e+00,9.999990464622812159e-01
5.920930275668424315e-03,-2.476768835982486594e-01,-2.476778029261469394e-01,9.999962468181244901e-01,-2.476717617330594368e-01,1.999996246814321532e+00,-2.476716293097276367e-01,2.477308432161585139e-01,4.195108360301503617e-06,1.000010111715613048e+00,1.000210427376156508e+00,9.999981234071607661e-01
5.937826701034179706e-03,-2.476768835567753901e-01,-2.476774132253055927e-01,9.999948543583955241e-01,-2.476847501040301269e-01,1.999994854353181584e+00,-2.476856099913291309e-01,2.477279291004854389e-01,2.745281218546018667e-06,1.000008489338884532e+00,1.000208475847706557e+00,9.999974271765907918e-01
5.950027801123261573e-03,-2.476768835266998092e-01,-2.476767173047301485e-01,1.000002314949153703e+00,-2.476817862769666312e-01,2.000002314951499383e+00,-2.476808651623850499e-01,2.477274126859727310e-01,-3.821341458862845768e-06,9.999986699965183190e-01,1.000197719816458441e+00,1.000001157475749691e+00
5.960331218827809308e-03,-2.476768835012554404e-01,-2.476726705909104154e-01,1.000001066882501011e+00,-2.476780945520291044e-01,2.000001066883581924e+00,-2.476771532066232573e-01,2.477233201525011475e-01,1.777232320828329651e-06,1.000007462425585913e+00,1.000208337752948040e+00,1.000000533441790962e+00
5.970001000000000821e-03,-2.476768834773498684e-01,-2.476725825889728172e-01,9.999995627386507602e-01,-2.476808658600161139e-01,1.999999562738207892e+00,-2.476817881555251344e-01,2.477221393122598092e-01,-7.333872359865598632e-06,1.000000169248783655e+00,1.000198996455991196e+00,9.999997813691039461e-01
5.970216095832847278e-03,-2.476716153623769734e-01,-2.476716862889000725e-01,9.999996061442966155e-01,-2.476809778353603331e-01,1.999999606143897601e+00,-2.476810397421746190e-01,2.477218344791485560e-01,-7.595393218293740770e-06,9.999998994230496763e-01,1.000198575380829569e+00,9.999998030719488007e-01
5.977239869365648557e-03,-2.476716236156374096e-01,-2.476713815504105742e-01,1.000001810175565664e+00,-2.476751307405978819e-01,2.000001810177399975e+00,-2.476747167567696917e-01,2.477215599465222295e-01,-5.287771792026065496e-06,9.999913484684019860e-01,1.000190250269020087e+00,1.000000905088699987e+00
5.984108848511623946e-03,-2.476716316870064827e-01,-2.476713004425394327e-01,1.000003877091569571e+00,-2.476716417807938164e-01,2.000003877095497984e+00,-2.476709418817109043e-01,2.477217207548388922e-01,-5.556504445880961702e-06,9.999874251330959085e-01,1.000187331916895239e+00,1.000001938547748992e+00
5.996544301711021971e-03,-2.476716462992431811e-01,-2.476702162149805042e-01,1.000006138768209540e+00,-2.476862317734202235e-01,2.000006138774429676e+00,-2.476900797879515170e-01,2.477205432356621440e-01,-1.631128228312097770e-05,9.999880397751713668e-01,1.000188254472865745e+00,1.000003069387214838e+00
6.003331933481118564e-03,-2.476716542750259931e-01,-2.476736518003321841e-01,1.000005963714542645e+00,-2.477020484080682539e-01,2.000005963720585367e+00,-2.477011659640842023e-01,2.477231836309331803e-01,-1.767548633022641166e-05,9.999899650408698992e-01,1.000190523734187487e+00,1.000002981860292683e+00
6.017731383665215171e-03,-2.476716711950514016e-01,-2.476804731698378226e-01,1.000007692528176451e+00,-2.476941034980132961e-01,2.000007692535970882e+00,-2.476941654250865432e-01,2.477310546310751149e-01,-3.974652756168421885e-06,1.000002848775670028e+00,1.000204206417375064e+00,1.000003846267985441e+00
6.023630465135966505e-03,-2.476716781267462864e-01,-2.476822545488335803e-01,1.000005447079796550e+00,-2.476895072232669082e-01,2.000005447085316135e+00,-2.476878093289350824e-01,2.477320504460086004e-01,2.027182409399969039e-07,1.000006097725499643e+00,1.000205495680709600e+00,1.000002723542658067e+00
6.038870490583146157e-03,-2.476716960344866880e-01,-2.476730381706842843e-01,9.999992802199988429e-01,-2.476761997420992845e-01,1.999999280219269426e+00,-2.476759616235932326e-01,2.477249763299931296e-01,-2.586764219198964507e-06,9.999970496472599946e-01,1.000196657636117203e+00,9.999996401096347132e-01
6.043595824419688463e-03,-2.476717015869727423e-01,-2.476700724632343309e-01,9.999969694193163727e-01,-2.476728318172021215e-01,1.999996969416245385e+00,-2.476715450306613275e-01,2.477221009091875314e-01,-4.711447436060426592e-08,9.999952689215811930e-01,1.000195006860672864e+00,9.999984847081228034e-01
6.055736334447709042e-03,-2.476717158526376972e-01,-2.476669441736608079e-01,1.000000034988784758e+00,-2.476663441608380201e-01,2.000000034988820286e+00,-2.476670118909500007e-01,2.477168169858265656e-01,2.896940192676817713e-06,9.999951682162920852e-01,1.000195644825740304e+00,1.000000017494410143e+00
6.066398547634215509e-03,-2.476717283812344961e-01,-2.476677207004802650e-01,1.000006434717103820e+00,-2.476707315826322808e-01,2.000006434723624160e+00,-2.476708628530144563e-01,2.477174007236608855e-01,-5.885710279293213107e-06,9.999975048661218224e-01,1.000197431480063459e+00,1.000003217361811858e+00
6.074810695672116199e-03,-2.476717382658994437e-01,-2.476671336752362951e-01,1.000009852419210699e+00,-2.476750093627398119e-01,2.000009852429193824e+00,-2.476757173622951280e-01,2.477167387515163410e-01,-1.071682598481621435e-05,9.999953256998171947e-01,1.000194999950391850e+00,1.000004926214597134e+00
6.090000771714695546e-03,-2.476717561149470170e-01,-2.476755154599153685e-01,1.000009601757970268e+00,-2.476795972338696750e-01,2.000009601767699596e+00,-2.476798952822130140e-01,2.477259303649021749e-01,-5.546319522773768445e-07,9.999992749126905833e-01,1.000199840520700656e+00,1.000004800883849798e+00
6.094211283965431450e-03,-2.476717610624942500e-01,-2.476753155036723886e-01,1.000009830809330147e+00,-2.476797472315585558e-01,2.000009830819291512e+00,-2.476797763273518860e-01,2.477249495735836249e-01,-2.416441664692420005e-06,9.999992145896285933e-01,1.000198866737264769e+00,1.000004915409645756e+00
6.108840733217352215e-03,-2.476717782527795286e-01,-2.476624042615881982e-01,1.000005861034949817e+00,-2.476722185727110725e-01,2.000005861040888622e+00,-2.476709237382362372e-01,2.477186090254321071e-01,-7.189344686656515364e-06,9.999963194577913272e-01,1.000196378717229440e+00,1.000002930520444311e+00
6.113558572085045842e-03,-2.476717837964596547e-01,-2.476624946317767251e-01,1.000003661970675806e+00,-2.476679559405427500e-01,2.000003661974386393e+00,-2.476676810281254193e-01,2.477132628018831884e-01,-3.151075667917286841e-06,9.999991246587435212e-01,1.000200253257669480e+00,1.000001830987193197e+00
6.121511560805733068e-03,-2.476717931415917950e-01,-2.476707158365077932e-01,1.000004201405943594e+00,-2.476696681494241492e-01,2.000004201410200633e+00,-2.476706553385110421e-01,2.477204373099209656e-01,3.464972742281907260e-06,1.000005894014795116e+00,1.000204932779499734e+00,1.000002100705100316e+00
6.130451538193278441e-03,-2.476718036464812256e-01,-2.476702058718624477e-01,1.000010902147339786e+00,-2.476845080252257914e-01,2.000010902158387172e+00,-2.476863290690863029e-01,2.477197428906630639e-01,-9.724029114222258835e-06,9.999888066678844778e-01,1.000187408254428645e+00,1.000005451079193364e+00
6.140668381322357539e-03,-2.476718156517476177e-01,-2.476684916933479252e-01,1.000010699786754165e+00,-2.476900851928259262e-01,2.000010699797595937e+00,-2.476894471663829145e-01,2.477182358945264617e-01,-1.176828834700384449e-05,9.999919871930699200e-01,1.000192411993147124e+00,1.000005349898797968e+00
6.150650876205114234e-03,-2.476718273816440330e-01,-2.476709192646600610e-01,1.000007253310541522e+00,-2.476895320339837225e-01,2.000007253317891198e+00,-2.476897222196373094e-01,2.477203712926224766e-01,-1.907827267211234613e-05,9.999890333369142459e-01,1.000188981519893439e+00,1.000003626658945599e+00
6.160129344450389517e-03,-2.476718385192857308e-01,-2.476668033718127382e-01,1.000007860248256275e+00,-2.476755610123368700e-01,2.000007860256220571e+00,-2.476738948554447206e-01,2.477177575529718456e-01,-1.159360692108970022e-05,9.999982558905569086e-01,1.000199231019023749e+00,1.000003930128110508e+00
6.169999999999999270e-03,-2.476718501177655185e-01,-2.476695658917832388e-01,1.000007533116111791e+00,-2.476840085565663041e-01,2.000007533123744796e+00,-2.476853082506961790e-01,2.477194535473431214e-01,-1.597631930978143309e-05,9.999925076662231627e-01,1.000191709395142459e+00,1.000003766561872398e+00
6.174311077939472620e-03,-2.476718551834812265e-01,-2.476684145245245661e-01,1.000007534797043185e+00,-2.476809078002774611e-01,2.000007534804677967e+00,-2.476790311309285120e-01,2.477183988334349385e-01,-1.128483194500123591e-05,9.999949415431744759e-01,1.000196094364158350e+00,1.000003767402338983e+00
6.181230024864245443e-03,-2.476718633135670256e-01,-2.476660477281520667e-01,1.000008788767557721e+00,-2.476685411837868667e-01,2.000008788776463042e+00,-2.476685457340143948e-01,2.477162411767440953e-01,-3.407669833872700319e-06,1.000001911187552661e+00,1.000201373912556591e+00,1.000004394388231521e+00
6.190016075326130324e-03,-2.476718736375853325e-01,-2.476741985314630801e-01,1.000008953030805614e+00,-2.476908957281148682e-01,2.000008953039877468e+00,-2.476938066919938397e-01,2.477246916257586917e-01,-1.815673073353890496e-05,9.999862912092076783e-01,1.000184370189980188e+00,1.000004476519938734e+00
6.196092397161899988e-03,-2.476718807775455111e-01,-2.476747432723176712e-01,1.000008974923425553e+00,-2.476919926934573746e-01,2.000008974932519834e+00,-2.476910989651086303e-01,2.477242617778073475e-01,-1.616475393868269437e-05,9.999847257061020844e-01,1.000184965989611818e+00,1.000004487466259917e+00
6.210296213438077674e-03,-2.476718974676914431e-01,-2.476736835070221521e-01,1.000006377676362135e+00,-2.476799001107489462e-01,2.000006377682824521e+00,-2.476788871753249355e-01,2.477232118027974661e-01,-5.608921297611250587e-06,9.999891759583148243e-01,1.000190030627657212e+00,1.000003188841412261e+00
6.220882093174636036e-03,-2.476719099065924357e-01,-2.476708994715306478e-01,1.000002952174495086e+00,-2.476764307675228538e-01,2.000002952177486470e+00,-2.476767166058566616e-01,2.477209658675120496e-01,-2.370861669660314495e-06,1.000004926917390069e+00,1.000205546431944592e+00,1.000001476088743235e+00
6.230877707452405802e-03,-2.476719216519049360e-01,-2.476810202671763939e-01,1.000003454786088097e+00,-2.476933379160433657e-01,2.000003454789589075e+00,-2.476947854765064738e-01,2.477304682504005429e-01,-9.542724525711484857e-06,1.000003347964649070e+00,1.000203042084864213e+00,1.000001727394794537e+00
6.240693223655629021e-03,-2.476719331855934958e-01,-2.476726198456284112e-01,1.000004719497441075e+00,-2.476872222283566516e-01,2.000004719502223249e+00,-2.476861444166855997e-01,2.477260056144521827e-01,-6.644712473391509558e-06,1.000003083988870944e+00,1.000202777606522542e+00,1.000002359751111625e+00
6.250551758204406401e-03,-2.476719447698297327e-01,-2.476693834551731421e-01,1.000000853315604177e+00,-2.476806465085994724e-01,2.000000853316469041e+00,-2.476800584955904105e-01,2.477196108649988848e-01,-5.095188285063459396e-06,9.999966588328491612e-01,1.000196833119040729e+00,1.000000426658234520e+00
6.260549565405943220e-03,-2.476719565177182003e-01,-2.476779404678333407e-01,1.000001438478994142e+00,-2.476942085483061218e-01,2.000001438480451643e+00,-2.476958777238418008e-01,2.477277610917013040e-01,-1.466907650872221904e-05,1.000003148639982298e+00,1.000202728946790298e+00,1.000000719240225822e+00
6.270474182842981914e-03,-2.476719681796046291e-01,-2.476726780312822340e-01,1.000005831126058453e+00,-2.476836971084390437e-01,2.000005831131967060e+00,-2.476825557731184291e-01,2.477242962505193380e-01,-1.180170335848402059e-05,9.999939226954858151e-01,1.000193622182365072e+00,1.000002915565983530e+00
6.281646030472574221e-03,-2.476719813070451526e-01,-2.476653306773904939e-01,1.000002601724187201e+00,-2.476766850857233526e-01,2.000002601726823759e+00,-2.476753410953411449e-01,2.477171149223093283e-01,-3.118233129846928192e-06,1.000000265683176570e+00,1.000200168631954378e+00,1.000001300863411879e+00
6.294867801839854927e-03,-2.476719968432428698e-01,-2.476739153033212792e-01,1.000005309993342362e+00,-2.476774449450242777e-01,2.000005309998722947e+00,-2.476787791418675611e-01,2.477236011266234217e-01,-4.059823659610444818e-06,9.999932702177974919e-01,1.000192642258510789e+00,1.000002654999361473e+00
6.304825816307386283e-03,-2.476720085443730457e-01,-2.476709279069041481e-01,1.000009304707203617e+00,-2.476846982611528858e-01,2.000009304716631853e+00,-2.476838345714333367e-01,2.477227705261981494e-01,-8.235240439989680277e-06,9.999903454448931805e-01,1.000190782005780044e+00,1.000004652358316148e+00
6.313223675160269457e-03,-2.476720184122473134e-01,-2.476672867574742365e-01,1.000006054681956913e+00,-2.476739348905036275e-01,2.000006054688092227e+00,-2.476733150989520460e-01,2.477178687666323209e-01,-4.133383122349753954e-06,9.999941828699141499e-01,1.000194106697730012e+00,1.000003027344045892e+00
6.322294607978425421e-03,-2.476720290710156258e-01,-2.476749070346950521e-01,1.000004119911135358e+00,-2.476744992021168157e-01,2.000004119915309797e+00,-2.476747751924202323e-01,2.477244491799686366e-01,-6.142175655467316257e-06,9.999929534546638799e-01,1.000193374271975522e+00,1.000002059957654899e+00
6.335700191766570170e-03,-2.476720448232021254e-01,-2.476691284438056195e-01,1.000008078839986325e+00,-2.476716464247935845e-01,2.000008078848172666e+00,-2.476711407462171000e-01,2.477187100907665418e-01,-1.819504945547474821e-06,9.999960259746163427e-01,1.000195885805348572e+00,1.000004039424086333e+00
6.345266517903874748e-03,-2.476720560640806867e-01,-2.476694851373582029e-01,1.000004813900072786e+00,-2.476690886853215035e-01,2.000004813904950662e+00,-2.476697421465559046e-01,2.477190410731110459e-01,2.724410437356767073e-06,9.999969056847343163e-01,1.000196960383965106e+00,1.000002406952475331e+00
6.353899822596318844e-03,-2.476720662086157321e-01,-2.476687863176485482e-01,1.000006653251479305e+00,-2.476745068810889405e-01,2.000006653258221245e+00,-2.476747009091141150e-01,2.477185702817076562e-01,-2.699048322190136099e-06,9.999976391023367439e-01,1.000197995666985307e+00,1.000003326629110401e+00
6.362177696295660129e-03,-2.476720759355031110e-01,-2.476679080781832576e-01,1.000007808803915932e+00,-2.476755709612138423e-01,2.000007808811828269e+00,-2.476762786459227317e-01,2.477181571863779352e-01,-7.594196088547372448e-06,9.999992822188856767e-01,1.000198716213344996e+00,1.000003904405914135e+00
6.370977053147939065e-03,-2.476720862751569385e-01,-2.476751522887791490e-01,1.000007896375759708e+00,-2.476804164355121129e-01,2.000007896383761086e+00,-2.476816436772445729e-01,2.477254525978317412e-01,-5.766439653119163265e-07,9.999957156787281365e-01,1.000196266188729588e+00,1.000003948191880543e+00
6.380180806489966008e-03,-2.476720970899964902e-01,-2.476817801085973991e-01,1.000008732558173019e+00,-2.476983835660373778e-01,2.000008732567021497e+00,-2.477009363893330485e-01,2.477316848700538976e-01,-7.228872145262843228e-06,1.000001912796233405e+00,1.000202326992399637e+00,1.000004366283510748e+00
6.390038938346874822e-03,-2.476721086737616317e-01,-2.476697682788975841e-01,1.000005560512781777e+00,-2.476716818465455883e-01,2.000005560518416381e+00,-2.476674921278194386e-01,2.477260059035521211e-01,-6.049783145442743942e-07,1.000001024509735714e+00,1.000201133655752139e+00,1.000002780259207968e+00
6.401240926105193282e-03,-2.476721218366209343e-01,-2.476739902084003353e-01,9.999989562349768102e-01,-2.476654434899531465e-01,1.999998956233919101e+00,-2.476652839664644223e-01,2.477235416454677819e-01,1.064614400331401806e-05,1.000012543905650864e+00,1.000211544035007227e+00,9.999994781169595504e-01
6.410465696024491254e-03,-2.476721326761546216e-01,-2.476722460752781851e-01,1.000002553558923868e+00,-2.476771293229904636e-01,2.000002553561511132e+00,-2.476786676566524459e-01,2.477221603388805315e-01,-2.400615112656631921e-06,9.999904203635111566e-01,1.000188631032736142e+00,1.000001276780755566e+00
6.421006507601356716e-03,-2.476721450620986142e-01,-2.476704394840774370e-01,1.000004993544832965e+00,-2.476794564813702137e-01,2.000004993549892696e+00,-2.476795926096311273e-01,2.477204267118651160e-01,-1.212313576668435387e-05,9.999919151686779140e-01,1.000192756276390371e+00,1.000002496774946348e+00
6.430290150508777280e-03,-2.476721559708107701e-01,-2.476777623148030683e-01,1.000004469564158116e+00,-2.476782479544472615e-01,2.000004469568687160e+00,-2.476783597824570304e-01,2.477279083601167109e-01,-2.818229729627029825e-06,1.000004812564462719e+00,1.000206038212753112e+00,1.000002234784343580e+00
6.440010493707496245e-03,-2.476721673926676748e-01,-2.476779262761647227e-01,1.000005708106229685e+00,-2.476837133840742167e-01,2.000005708112013725e+00,-2.476845425517136268e-01,2.477274363669177415e-01,-4.053463986635458346e-06,1.000007252811623282e+00,1.000207343759304646e+00,1.000002854056006862e+00
6.450182970883104432e-03,-2.476721793458032395e-01,-2.476662814328982054e-01,1.000002648363977897e+00,-2.476673922497034663e-01,2.000002648366661528e+00,-2.476647522702053184e-01,2.477221063969530790e-01,2.042575865986574160e-06,9.999938955688002507e-01,1.000192898510458450e+00,1.000001324183330764e+00
6.460135643302044109e-03,-2.476721910406564087e-01,-2.476671396800861347e-01,1.000000100867256769e+00,-2.476690987551891376e-01,2.000000100867358466e+00,-2.476697846007038240e-01,2.477169243985294922e-01,-2.096046654736636143e-06,9.999932717227586476e-01,1.000193195014775993e+00,1.000000050433679455e+00
6.470923218608139356e-03,-2.476722037165601797e-01,-2.476725027811388091e-01,1.000006553363292472e+00,-2.476809635850355240e-01,2.000006553369932494e+00,-2.476830107830808592e-01,2.477222384728611504e-01,-1.418372710065300637e-05,9.999962039171764738e-01,1.000195779347514025e+00,1.000003276684966247e+00
6.481909982583665582e-03,-2.476722166265184488e-01,-2.476729932906730769e-01,1.000009828867182371e+00,-2.476867640512412372e-01,2.000009828877141960e+00,-2.476863959093495993e-01,2.477229184894884917e-01,-1.005862080089011113e-05,9.999922812990137411e-01,1.000191376301382551e+00,1.000004914438570980e+00
6.491471395081573753e-03,-2.476722278616251549e-01,-2.476767535956442556e-01,1.000006653113766131e+00,-2.476792959100475866e-01,2.000006653120507405e+00,-2.476792829868565693e-01,2.477262196683177875e-01,-3.139701568805513887e-06,9.999853162263857564e-01,1.000186723732707783e+00,1.000003326560253925e+00
6.500875497817208172e-03,-2.476722389118837520e-01,-2.476735085228253253e-01,1.000004555220922908e+00,-2.476852209154671025e-01,2.000004555225538549e+00,-2.476855336427037091e-01,2.477240080593045846e-01,-1.099329787928332393e-05,1.000000457882717741e+00,1.000201062029010490e+00,1.000002277612769275e+00
6.510718413733770742e-03,-2.476722504777683909e-01,-2.476718150491529213e-01,1.000002309709193016e+00,-2.476767113540089826e-01,2.000002309711533144e+00,-2.476758468394781865e-01,2.477215508372849206e-01,-8.718586001677841702e-06,1.000002962271077322e+00,1.000202542538810802e+00,1.000001154855766572e+00
6.520613280699682004e-03,-2.476722621046978656e-01,-2.476723749190443413e-01,1.000002478518495108e+00,-2.476718455710804068e-01,2.000002478521006655e+00,-2.476712855074446329e-01,2.477219135486475043e-01,-7.156217919170162223e-07,9.999944035632399864e-01,1.000194357962209457e+00,1.000001239260503105e+00
6.530446752016796572e-03,-2.476722736594850482e-01,-2.476717533711028929e-01,1.000004549928320108e+00,-2.476745350402990709e-01,2.000004549932929976e+00,-2.476748655975326008e-01,2.477213408350358026e-01,-3.279536472662239433e-06,1.000001124325781809e+00,1.000201463704868399e+00,1.000002274966465210e+00
6.540451279306764426e-03,-2.476722854152705322e-01,-2.476742470576336064e-01,1.000005077199268122e+00,-2.476765233023257018e-01,2.000005077204412895e+00,-2.476763584573302424e-01,2.477237615840091056e-01,1.561446216596803037e-06,1.000000466891135753e+00,1.000200254706533176e+00,1.000002538602206226e+00
6.550133447775311271e-03,-2.476722967922690699e-01,-2.476695070742077898e-01,1.000005096934798443e+00,-2.476736249649233723e-01,2.000005096939962979e+00,-2.476733421264210311e-01,2.477207891685583308e-01,-4.112858994779157816e-06,9.999919354642823333e-01,1.000191119705803544e+00,1.000002548469981489e+00
6.560899018941629759e-03,-2.476723094423157467e-01,-2.476772094611446873e-01,1.000004233313979141e+00,-2.476839350049913069e-01,2.000004233318268376e+00,-2.476844807426418493e-01,2.477271419965927646e-01,-5.469325162368298283e-06,9.999985391546851732e-01,1.000198915510051023e+00,1.000002116659134410e+00
6.571038446885860314e-03,-2.476723213566169313e-01,-2.476779448385278137e-01,1.000005504719873706e+00,-2.476765581885338185e-01,2.000005504725451022e+00,-2.476762767666814968e-01,2.477275770734842508e-01,-3.941111032066366351e-06,9.999998856543123038e-01,1.000199725555098507e+00,1.000002752362725733e+00
6.580446597754620319e-03,-2.476723324116329172e-01,-2.476685112058480964e-01,1.000003236159437980e+00,-2.476738748113020971e-01,2.000003236162717357e+00,-2.476731188404929229e-01,2.477229000615869259e-01,-7.986132062157653286e-06,9.999964492648790726e-01,1.000196277858607097e+00,1.000001618081358679e+00
6.587087014312104603e-03,-2.476723402144311859e-01,-2.476745204442925286e-01,1.000000505017725416e+00,-2.476690706203450720e-01,2.000000505018236563e+00,-2.476681166150050406e-01,2.477251683711035324e-01,4.094974228756139402e-06,1.000000711420202748e+00,1.000201570502615933e+00,1.000000252509118503e+00
6.593440626562629796e-03,-2.476723476802211443e-01,-2.476767511464027516e-01,1.000000697834133589e+00,-2.476653085060335768e-01,2.000000697834840580e+00,-2.476642619904456943e-01,2.477267651175065200e-01,1.129789384798775486e-05,1.000003563770080151e+00,1.000203277676835034e+00,1.000000348917420290e+00
6.601485232863602351e-03,-2.476723571330086970e-01,-2.476703838001688696e-01,1.000004594651106027e+00,-2.476610308885302536e-01,2.000004594655761636e+00,-2.476601111679329892e-01,2.477230489505172217e-01,8.530253948657498853e-06,9.999997247702847591e-01,1.000199370201674265e+00,1.000002297327880818e+00
6.610208690874763010e-03,-2.476723673834776429e-01,-2.476675852705672587e-01,1.000003410281096183e+00,-2.476596936794388248e-01,2.000003410284552086e+00,-2.476594034647729425e-01,2.477179334369937203e-01,-3.541687255931145801e-06,9.999962797076437093e-01,1.000196079086472345e+00,1.000001705142275821e+00
6.615038939998826341e-03,-2.476723730592437223e-01,-2.476701666621948517e-01,1.000002225198117989e+00,-2.476643555800827345e-01,2.000002225200372852e+00,-2.476654118476796507e-01,2.477203974119369101e-01,-8.401378162297991614e-07,9.999987687829752225e-01,1.000199572289995009e+00,1.000001112600186426e+00
6.622420553404563884e-03,-2.476723817329826993e-01,-2.476747823014865124e-01,1.000004623203345933e+00,-2.476734058153781670e-01,2.000004623208030630e+00,-2.476745265097087534e-01,2.477246772289700139e-01,-3.228159505031760057e-07,1.000000928418257384e+00,1.000199679566970312e+00,1.000002311604015315e+00
6.631176249906409713e-03,-2.476723920213341479e-01,-2.476771645234717156e-01,1.000007885581954747e+00,-2.476818197035167424e-01,2.000007885589944578e+00,-2.476829179741817932e-01,2.477266306782350547e-01,-9.869941918467984809e-06,9.999883399209302803e-01,1.000188096387783387e+00,1.000003942794972511e+00
6.640536996136209812e-03,-2.476724030206468863e-01,-2.476707689733325946e-01,1.000005672494433728e+00,-2.476733796968874635e-01,2.000005672500181131e+00,-2.476718761249202538e-01,2.477229865110253115e-01,-1.833598302681429419e-06,9.999954897991227831e-01,1.000196390654321643e+00,1.000002836250090787e+00
6.650609099574220431e-03,-2.476724148558373528e-01,-2.476702732070187041e-01,1.000001739573856963e+00,-2.476662810713966822e-01,2.000001739575619553e+00,-2.476657080406627909e-01,2.477197874588346616e-01,2.064122809850872874e-06,1.000000186280722181e+00,1.000200427862254715e+00,1.000000869787809776e+00
6.660304994447504082e-03,-2.476724262489655715e-01,-2.476659922069635034e-01,1.000003702044756748e+00,-2.476693572154244349e-01,2.000003702048507748e+00,-2.476700874691301901e-01,2.477169188474423467e-01,-8.399956306257635809e-06,9.999972810542121504e-01,1.000196675120870404e+00,1.000001851024254096e+00
6.668657283599070153e-03,-2.476724360632932831e-01,-2.476764072002474726e-01,1.000006446728328058e+00,-2.476760182287568446e-01,2.000006446734860166e+00,-2.476769205552915576e-01,2.477273559424468252e-01,-3.370316322174309076e-06,9.999965413754809962e-01,1.000196678667961692e+00,1.000003223367430083e+00
6.673733391584078800e-03,-2.476724420279554084e-01,-2.476781238395958928e-01,1.000007485611804858e+00,-2.476758533196730394e-01,2.000007485619390124e+00,-2.476753377046138072e-01,2.477278286935327423e-01,-2.763371610041071163e-06,9.999967675959838820e-01,1.000196556436736550e+00,1.000003742809695062e+00
6.686182458978388865e-03,-2.476724566561891439e-01,-2.476746620138070565e-01,1.000007058026803008e+00,-2.476782615482284455e-01,2.000007058033954621e+00,-2.476797411473896371e-01,2.477243123811508074e-01,-5.104238672621719508e-06,9.999940443195752815e-01,1.000194086715562980e+00,1.000003529016977311e+00
6.693631124691093622e-03,-2.476724654087174016e-01,-2.476747254525490938e-01,1.000001947958266024e+00,-2.476805986935790294e-01,2.000001947960240223e+00,-2.476800951404800055e-01,2.477243003679321376e-01,-1.896039923278487295e-06,9.999961140730024844e-01,1.000196467701433889e+00,1.000000973980119889e+00
6.702138519616040145e-03,-2.476724754053027666e-01,-2.476728328144360836e-01,1.000001473540474084e+00,-2.476773452625747884e-01,2.000001473541967112e+00,-2.476767385532150367e-01,2.477229562112761019e-01,-6.002490056880472169e-06,9.999958063594482915e-01,1.000195007409607761e+00,1.000000736770983556e+00
6.710987816829975909e-03,-2.476724858036394861e-01,-2.476694115136713337e-01,1.000002403633342363e+00,-2.476677612432981734e-01,2.000002403635777970e+00,-2.476677002822095519e-01,2.477198545088448445e-01,-8.566046210121271971e-07,9.999902235265397676e-01,1.000190365004285153e+00,1.000001201817888985e+00
6.720137782445560759e-03,-2.476724965552743740e-01,-2.476760469013853105e-01,1.000003241168892609e+00,-2.476912202204428481e-01,2.000003241172176871e+00,-2.476947439031042530e-01,2.477262101005027195e-01,-1.197499049620308880e-05,9.999907198540686215e-01,1.000190699612112155e+00,1.000001620586088436e+00
6.727732119828594252e-03,-2.476725054789739866e-01,-2.476742242688919626e-01,1.000005192338737636e+00,-2.476885132827573721e-01,2.000005192343999205e+00,-2.476876594174487467e-01,2.477245081590885856e-01,-8.397899750060656702e-06,9.999968871074741417e-01,1.000197942564428955e+00,1.000002596171999603e+00
6.738690449858073840e-03,-2.476725183555231746e-01,-2.476736120494057725e-01,1.000004642079991291e+00,-2.476834893781608427e-01,2.000004642084695305e+00,-2.476832953928904957e-01,2.477232249100760342e-01,-3.072561082281680899e-06,9.999997364968649105e-01,1.000199739923891995e+00,1.000002321042347653e+00
6.750020372587889166e-03,-2.476725316687118650e-01,-2.476718256351048975e-01,1.000002791544595260e+00,-2.476651084092584831e-01,2.000002791547423442e+00,-2.476628024308212273e-01,2.477217785498813662e-01,5.728102948827659981e-07,9.999997004689419322e-01,1.000199557597314826e+00,1.000001395773711721e+00
6.757428202186606218e-03,-2.476725403732564224e-01,-2.476675591745564342e-01,1.000003595718125915e+00,-2.476718040944179133e-01,2.000003595721769667e+00,-2.476732668442592489e-01,2.477191514614173751e-01,-5.803289814293804059e-06,9.999950307929075244e-01,1.000194263054090982e+00,1.000001797860884833e+00
6.762767041796491872e-03,-2.476725466466414838e-01,-2.476661154024164813e-01,1.000003856158793392e+00,-2.476764840401497747e-01,2.000003856162700711e+00,-2.476761753202373351e-01,2.477162789187888070e-01,-7.144285214592831035e-06,9.999917464888445906e-01,1.000191590958605437e+00,1.000001928081350355e+00
6.770590632445679102e-03,-2.476728481083884381e-01,-2.476694059156647476e-01,1.000005029175371485e+00,-2.476726441505396614e-01,2.000005029180467186e+00,-2.476723779839808959e-01,2.477195818512588632e-01,1.495982696487322743e-07,9.999920095438116219e-01,1.000192685071787047e+00,1.000002514590233815e+00
6.780013423691456584e-03,-2.476766703287850979e-01,-2.476770751047131514e-01,1.000008608141945921e+00,-2.476851028961826739e-01,2.000008608150668277e+00,-2.476867448499705526e-01,2.477273632555799798e-01,-7.876241997224985353e-06,1.000000112383742090e+00,1.000200880360373246e+00,1.000004304075334138e+00
6.791715866423836574e-03,-2.476796806935841477e-01,-2.476762548750723880e-01,1.000008352696714287e+00,-2.476908792970417272e-01,2.000008352705177739e+00,-2.476911467411518353e-01,2.477259481270151775e-01,-1.248872733261014325e-05,9.999892349124169799e-01,1.000188980977019915e+00,1.000004176352588869e+00
6.801615448522251896e-03,-2.476812679319314314e-01,-2.476789622087124665e-01,1.000002669488335272e+00,-2.476906962389129607e-01,2.000002669491040219e+00,-2.476900545209648474e-01,2.477294052495557231e-01,-5.804816986954210872e-06,9.999904229431114677e-01,1.000190820213452625e+00,1.000001334745520110e+00
6.811817205311698591e-03,-2.476823250543174759e-01,-2.476875267867737207e-01,1.000000526602585094e+00,-2.476909505097131536e-01,2.000000526603118445e+00,-2.476905766759310290e-01,2.477370831361979941e-01,-8.496504107178373766e-06,9.999925347885927351e-01,1.000192865577118839e+00,1.000000263301559222e+00
6.822298738334809168e-03,-2.476830181371826867e-01,-2.476786547245181935e-01,9.999986556008099159e-01,-2.476764995392547186e-01,1.999998655599447561e+00,-2.476754815564675694e-01,2.477312991670904685e-01,-4.052487364363792247e-06,9.999978288004134352e-01,1.000198373024016485e+00,9.999993277997237806e-01
6.831445988931119512e-03,-2.476834120498530856e-01,-2.476835870816798124e-01,9.999934299929783554e-01,-2.476686404933958752e-01,1.999993429986321125e+00,-2.476686210299692270e-01,2.477330545194588729e-01,9.262655083177854967e-06,1.000004234715452744e+00,1.000204609025465041e+00,9.999967149931605626e-01
6.840849575581631377e-03,-2.476836826985254758e-01,-2.476786246266667046e-01,9.999948843021964073e-01,-2.476752810734228483e-01,1.999994884297012776e+00,-2.476756996179712844e-01,2.477298510138102039e-01,6.643093470683546487e-06,1.000002289311051396e+00,1.000202122946680872e+00,9.999974421485063880e-01
6.850647032284399619e-03,-2.476838685600755152e-01,-2.476835525651629455e-01,9.999957881481167377e-01,-2.476733299238009500e-01,1.999995788143849040e+00,-2.476734284641588235e-01,2.477334002635972199e-01,1.087640465470505234e-05,1.000006274794400074e+00,1.000206663901335613e+00,9.999978940719245202e-01
6.859473702342196166e-03,-2.476839800853178064e-01,-2.476841422983328267e-01,9.999961354225104238e-01,-2.476926943236401335e-01,1.999996135418594445e+00,-2.476954828896384131e-01,2.477337127581513698e-01,-7.300265811135130528e-06,9.999997894696316392e-01,1.000198729501585060e+00,9.999980677092972225e-01
6.862383692766013503e-03,-2.476840084154352251e-01,-2.476847511470126606e-01,9.999966233257993053e-01,-2.476982173914505370e-01,1.999996623322377820e+00,-2.476987608621594450e-01,2.477346359766866846e-01,-9.226224686261608499e-06,9.999979511174698077e-01,1.000198018012829149e+00,9.999983116611889100e-01
6.870784231634194036e-03,-2.476840726813331062e-01,-2.476875189126117593e-01,9.999955288349358096e-01,-2.476937883502997317e-01,1.999995528830405211e+00,-2.476921575711540646e-01,2.477369871358411635e-01,9.997237732326376879e-07,1.000003023721715012e+00,1.000203534341464362e+00,9.999977644152026057e-01
6.886171807755756338e-03,-2.476841437738209195e-01,-2.476793998443733158e-01,9.999921497097737921e-01,-2.476745571844627403e-01,1.999992149701819155e+00,-2.476757514263843163e-01,2.477295874195722114e-01,2.798592989520149021e-06,9.999995266969478047e-01,1.000199041714604942e+00,9.999960748509095776e-01
6.900438462750017182e-03,-2.476841782596508335e-01,-2.476810126590412442e-01,9.999956432905340309e-01,-2.476769536318762788e-01,1.999995643286119673e+00,-2.476773643810688819e-01,2.477307151267738317e-01,-1.342013823525998443e-06,9.999992639328908473e-01,1.000199281917655281e+00,9.999978216430597255e-01
6.910415750067901500e-03,-2.476841923710427218e-01,-2.476819671512937582e-01,9.999971795561805044e-01,-2.476840750470775399e-01,1.999997179553322457e+00,-2.476839896208748448e-01,2.477314686279665779e-01,2.547750319472933937e-06,1.000002609894895533e+00,1.000203009246502628e+00,9.999985897766612286e-01
6.920038413885648727e-03,-2.476842012457109721e-01,-2.476790879693063496e-01,9.999958017718746373e-01,-2.476821007425435150e-01,1.999995801767620707e+00,-2.476821119334864929e-01,2.477294795394431592e-01,-2.115355833959044885e-06,9.999987907525011988e-01,1.000198241586183423e+00,9.999979008838103534e-01
6.924839853846103538e-03,-2.476842044608504878e-01,-2.476779888131213914e-01,9.999958241681710103e-01,-2.476814292372032100e-01,1.999995824163939728e+00,-2.476808910462520441e-01,2.477280449546703789e-01,1.882403252079696813e-06,1.000003754276985513e+00,1.000205377672050755e+00,9.999979120819698641e-01
6.933277120090323813e-03,-2.476842087087713917e-01,-2.476792446522143587e-01,9.999959025192706186e-01,-2.476749978974100153e-01,1.999995902515118829e+00,-2.476744282114709539e-01,2.477298147548483709e-01,9.316691159832285148e-06,1.000011523835458993e+00,1.000210417274421726e+00,9.999979512575594143e-01
6.949328824159770220e-03,-2.476842135080176976e-01,-2.476806289747139067e-01,9.999988609018177765e-01,-2.476722310099144786e-01,1.999998860900663589e+00,-2.476718139651210293e-01,2.477330475057486492e-01,4.319591530724054445e-06,1.000005472947668173e+00,1.000205991087913082e+00,9.999994304503317943e-01
6.961834008074520297e-03,-2.476842154873020729e-01,-2.476806477888130742e-01,9.999942424910119865e-01,-2.476799804757323642e-01,1.999994242485177764e+00,-2.476795192895251407e-01,2.477304579838989496e-01,5.240993190584303185e-06,1.000001762450327014e+00,1.000201197509598794e+00,9.999971212425889933e-01
6.971659834881855332e-03,-2.476842164304493554e-01,-2.476831510333125930e-01,9.999951177788638512e-01,-2.476773574535334199e-01,1.999995117773916808e+00,-2.476776131688843141e-01,2.477326183839835272e-01,4.508541918924355964e-06,9.999947740937228380e-01,1.000194388526722822e+00,9.999975588869584042e-01
6.980828277316582578e-03,-2.476842170045118752e-01,-2.476811229441524820e-01,9.999968353552656231e-01,-2.476808802190190173e-01,1.999996835352058966e+00,-2.476816870734260823e-01,2.477311160312818117e-01,-5.433356350714099375e-06,9.999912682652455365e-01,1.000190923360404271e+00,9.999984176760294829e-01
6.990183560600285451e-03,-2.476842173885223375e-01,-2.476800240763518679e-01,9.999953932897660547e-01,-2.476839249248977970e-01,1.999995393285098233e+00,-2.476838298230711055e-01,2.477295908677533687e-01,9.652180730994098062e-07,9.999923423326397831e-01,1.000192895500918722e+00,9.999976966425490055e-01
7.000253165590305908e-03,-2.476842176512063509e-01,-2.476795899956958091e-01,9.999952829020753997e-01,-2.476693549915785220e-01,1.999995282897295779e+00,-2.476678975633463398e-01,2.477290911339691815e-01,1.365417491130627251e-05,1.000014049275342654e+00,1.000215707131843379e+00,9.999976414486477783e-01
7.005123146395396926e-03,-2.476842177390517763e-01,-2.476794113211931991e-01,9.999960008828908675e-01,-2.476719217470477463e-01,1.999996000878838665e+00,-2.476734785391669913e-01,2.477289122342214989e-01,5.756023684893250848e-06,1.000008932280489482e+00,1.000206946315641998e+00,9.999980004394193323e-01
7.011558525253705314e-03,-2.476842178265178662e-01,-2.476799428663892522e-01,9.999968264480839641e-01,-2.476825302049575073e-01,1.999996826444868203e+00,-2.476839893846371210e-01,2.477302303618980628e-01,-6.075821683094314058e-06,9.999971625689519916e-01,1.000196722943172967e+00,9.999984132224341016e-01
7.021195707462912945e-03,-2.476842179122745180e-01,-2.476881332483005516e-01,9.999974958626555166e-01,-2.476902787817423790e-01,1.999997495860118102e+00,-2.476900001570716270e-01,2.477376015942540366e-01,-2.672463192267862869e-06,1.000000286444620023e+00,1.000199866768278101e+00,9.999987479300590509e-01
7.031128103908900785e-03,-2.476842179615425799e-01,-2.476814149473285098e-01,9.999972183615883914e-01,-2.476745603830618203e-01,1.999997218358769979e+00,-2.476732637597629516e-01,2.477334957363798718e-01,4.080777610601956513e-06,9.999939309139411758e-01,1.000194105322321114e+00,9.999986091793849896e-01
7.040122091940993233e-03,-2.476842179835291313e-01,-2.476833565868920839e-01,9.999932809458416116e-01,-2.476745299107339926e-01,1.999993280939033502e+00,-2.476747791409416866e-01,2.477331810612257712e-01,-1.340494488370281547e-06,9.999962202476432305e-01,1.000196542425689561e+00,9.999966404695167510e-01
7.044666310669370213e-03,-2.476842179888550100e-01,-2.476856282698593481e-01,9.999919386186024717e-01,-2.476748934403946723e-01,1.999991938610434117e+00,-2.476747317731393949e-01,2.477357214978613831e-01,3.121520220593369204e-06,1.000000758523292399e+00,1.000202063813247166e+00,9.999959693052170584e-01
7.052766972842273996e-03,-2.476842179913274766e-01,-2.476875227120902967e-01,9.999936952356385245e-01,-2.476758547851382886e-01,1.999993695229249857e+00,-2.476760729505796677e-01,2.477375065759803152e-01,8.105891009667429424e-06,1.000008250084173600e+00,1.000208175830998858e+00,9.999968476146250396e-01
7.067143590901579092e-03,-2.476842179805292532e-01,-2.476807129101490645e-01,9.999921401812510435e-01,-2.476723251982122787e-01,1.999992140173286748e+00,-2.476717690854557952e-01,2.477303027738560759e-01,9.884330411467902539e-06,1.000006226779905472e+00,1.000206162670306931e+00,9.999960700866433738e-01
7.080007566536936428e-03,-2.476842179609065608e-01,-2.476891566770572650e-01,9.999929060149729265e-01,-2.476787310315169965e-01,1.999992906007784566e+00,-2.476801792815604975e-01,2.477395949946052389e-01,7.590729319893952817e-06,1.000003731722825639e+00,1.000203279072867435e+00,9.999964530038923938e-01
7.090122532694780565e-03,-2.476842179416628154e-01,-2.476818287353127201e-01,9.999957103941002901e-01,-2.476775559884643041e-01,1.999995710389753656e+00,-2.476766250908051525e-01,2.477348631094717646e-01,9.392155600506747125e-06,9.999976760253549424e-01,1.000197462615361133e+00,9.999978551948768279e-01
7.100190969914426699e-03,-2.476842179204540306e-01,-2.476835128890696180e-01,9.999918706257293621e-01,-2.476743149409588174e-01,1.999991870617491951e+00,-2.476741223473118980e-01,2.477333347968483923e-01,1.036442017243471186e-05,1.000009434837683564e+00,1.000210472609136980e+00,9.999959353087459757e-01
7.120009787271479838e-03,-2.476842178752876600e-01,-2.476830667667965780e-01,9.999941804119999444e-01,-2.476783796180750952e-01,1.999994180406103217e+00,-2.476779055456370116e-01,2.477339924893771639e-01,2.260040896038150021e-06,1.000001401103967513e+00,1.000201378171391653e+00,9.999970902030514974e-01
7.130016004010270719e-03,-2.476842178515158421e-01,-2.476859035823839872e-01,9.999919684636832118e-01,-2.476790989906471063e-01,1.999991968455544944e+00,-2.476791991737438692e-01,2.477357930522983698e-01,8.337320175986731352e-06,9.999977763703775668e-01,1.000197455457400686e+00,9.999959842277724720e-01
7.140194565555043650e-03,-2.476842178269689776e-01,-2.476816231893600728e-01,9.999924356214131560e-01,-2.476757252973380563e-01,1.999992435613748398e+00,-2.476755517702365073e-01,2.477327049025558614e-01,6.852671249849699244e-06,1.000003124239154051e+00,1.000203432062139353e+00,9.999962178068741991e-01
7.151033466101039057e-03,-2.476842178005700112e-01,-2.476884219701192824e-01,9.999926262349437822e-01,-2.476807014487198144e-01,1.999992626227472092e+00,-2.476809085243295572e-01,2.477379851201769179e-01,9.689402869248223919e-06,1.000001068785852265e+00,1.000201542243889463e+00,9.999963131137360461e-01
7.161007715238827849e-03,-2.476842177761272024e-01,-2.476852620404401129e-01,9.999935738807239627e-01,-2.476746271430053103e-01,1.999993573874212505e+00,-2.476739471421283700e-01,2.477356270980340669e-01,1.639395207989743775e-05,1.000009386519168375e+00,1.000209625839223682e+00,9.999967869371062523e-01
7.170013424999999857e-03,-2.476842177539776979e-01,-2.476874746833084839e-01,9.999919521159198466e-01,-2.476782831078946367e-01,1.999991952107765147e+00,-2.476787455427693074e-01,2.477372693820082405e-01,6.769375197430189041e-06,1.000005052884968437e+00,1.000204540068232228e+00,9.999959760538825737e-01
7.170691242721864180e-03,-2.476790404777570176e-01,-2.476849256289782586e-01,9.999917120993465636e-01,-2.476779653131498671e-01,1.999991712090948726e+00,-2.476768432642497686e-01,2.477361513671748894e-01,6.374502779489761796e-06,1.000004664325921500e+00,1.000204073857988041e+00,9.999958560454743628e-01
7.181797955855545937e-03,-2.476790535286601813e-01,-2.476746326756414651e-01,9.999908143900337887e-01,-2.476702957521604576e-01,1.999990814380726123e+00,-2.476706968374205731e-01,2.477273652923503988e-01,6.544400969030248386e-06,1.000001268621147243e+00,1.000201757459596053e+00,9.999954071903630615e-01
7.194488822144822458e-03,-2.476790684410177246e-01,-2.476771303877892960e-01,9.999941444119383460e-01,-2.476802598543904887e-01,1.999994144406005203e+00,-2.476807162329830170e-01,2.477270101666892155e-01,1.929410084982218403e-06,1.000004399999728788e+00,1.000203496386373070e+00,9.999970722030024906e-01
7.202096035929051246e-03,-2.476790773798475398e-01,-2.476744039333681202e-01,9.999993971064564668e-01,-2.476847944339517216e-01,1.999999397105845400e+00,-2.476851960912872241e-01,2.477248273800794764e-01,-5.816857431799080302e-06,9.999980386235929330e-01,1.000198091020868540e+00,9.999996985529227000e-01
7.211097222368467903e-03,-2.476790879566601877e-01,-2.476733961945585816e-01,1.000000459512459194e+00,-2.476823602375648747e-01,2.000000459512924600e+00,-2.476815611829381314e-01,2.477236607673693192e-01,-1.922152782186888526e-06,1.000002336398490455e+00,1.000202396694198859e+00,1.000000229756462300e+00
7.221086379426331324e-03,-2.476790996943831757e-01,-2.476842235232620815e-01,1.000001312454990021e+00,-2.476873402219081088e-01,2.000001312456320068e+00,-2.476886730527363134e-01,2.477341134985758253e-01,-8.616922790307295413e-06,9.999964660900856339e-01,1.000195880679481286e+00,1.000000656228160034e+00
7.231290020594789356e-03,-2.476791116841347007e-01,-2.476838844645824211e-01,1.000002730576789345e+00,-2.476928434484705899e-01,2.000002730579556243e+00,-2.476922097414752943e-01,2.477334345263120796e-01,-9.251776093561061575e-06,9.999932962060473773e-01,1.000193190546527111e+00,1.000001365289778121e+00
7.240481690845186613e-03,-2.476791224847748607e-01,-2.476822595405575589e-01,9.999978177914599087e-01,-2.476767494596841812e-01,1.999997817789248566e+00,-2.476747849536707069e-01,2.477320816194836517e-01,3.782803815127906197e-06,9.999961864892472629e-01,1.000196911913639797e+00,9.999989088946242832e-01
7.249999999999998633e-03,-2.476791336692298062e-01,-2.476794449261539299e-01,9.999936116812262465e-01,-2.476754013664093923e-01,1.999993611674752980e+00,-2.476759138565751139e-01,2.477297525171502091e-01,-1.651382714841486105e-06,9.999986493245652808e-01,1.000198628333901940e+00,9.999968058373764901e-01
7.252464155083966635e-03,-2.476791365647255938e-01,-2.476792086356678635e-01,9.999934957514073908e-01,-2.476762572111106120e-01,1.999993495744816885e+00,-2.476761263427778859e-01,2.477290704958169110e-01,-5.963760484671267671e-07,9.999988660039711430e-01,1.000199238915568722e+00,9.999967478724083314e-01
7.261751268479835902e-03,-2.476791474775144053e-01,-2.476793510195230419e-01,9.999946296824073766e-01,-2.476715994890506256e-01,1.999994629676965952e+00,-2.476708606862842998e-01,2.477288427894072664e-01,9.062594776391751848e-06,1.000003954516005544e+00,1.000204264657026831e+00,9.999973148384829758e-01
7.272091300062897765e-03,-2.476791596275308427e-01,-2.476776801877080547e-01,9.999969594274427109e-01,-2.476665639845030131e-01,1.999996959424362064e+00,-2.476663937302651941e-01,2.477279796736533979e-01,1.074292216912960656e-05,1.000004995592722601e+00,1.000204901999901752e+00,9.999984797121809210e-01
7.287168881629571549e-03,-2.476791773443894062e-01,-2.476743153911974971e-01,9.999981445114947132e-01,-2.476661794869776390e-01,1.999998144509614662e+00,-2.476667964277205758e-01,2.477246504542491845e-01,2.510491638238264322e-06,9.999998346241436575e-01,1.000199216379774159e+00,9.999990722548073308e-01
7.294557728429541636e-03,-2.476791860266268075e-01,-2.476769947624866408e-01,1.000000062305090420e+00,-2.476733891981666991e-01,2.000000062305153481e+00,-2.476743745152771847e-01,2.477265069899165784e-01,-3.605276879292627340e-07,9.999997091766794632e-01,1.000200406595013192e+00,1.000000031152576740e+00
7.302177921107149729e-03,-2.476791949807069237e-01,-2.476767179092363713e-01,1.000003841104413871e+00,-2.476827202632057023e-01,2.000003841108306091e+00,-2.476850143405281701e-01,2.477265084898648551e-01,-3.149975621327618676e-06,1.000002580273010144e+00,1.000201629527631253e+00,1.000001920554153045e+00
7.311082071595407551e-03,-2.476792054434970580e-01,-2.476788692048289275e-01,1.000002839683073574e+00,-2.477026093865024592e-01,2.000002839685950828e+00,-2.477016010032003501e-01,2.477283712112371139e-01,-1.051685816435774555e-05,9.999933168142230988e-01,1.000193116316368425e+00,1.000001419842975414e+00
7.320588545871415179e-03,-2.476792166140454610e-01,-2.476714748526913645e-01,1.000000606123458757e+00,-2.476676184450408713e-01,2.000000606124072711e+00,-2.476651926642502444e-01,2.477242983816841104e-01,-1.896606144157932075e-06,9.999981627043185162e-01,1.000198539945668985e+00,1.000000303062036577e+00
7.330851131854521432e-03,-2.476792286730602755e-01,-2.476840531975573190e-01,9.999996517615471481e-01,-2.476786377446950904e-01,1.999999651761194208e+00,-2.476797997245754335e-01,2.477337509864517562e-01,1.306183549009265717e-06,9.999982766229319475e-01,1.000198471144994050e+00,9.999998258805971041e-01
7.340832222923410894e-03,-2.476792404013055116e-01,-2.476775094035612579e-01,1.000002071890871980e+00,-2.476826362312595231e-01,2.000002071892971411e+00,-2.476829959386172009e-01,2.477296453833918444e-01,-7.377211390605091844e-06,9.999986010581115581e-01,1.000198965768222426e+00,1.000001035946485706e+00
7.351633372513270877e-03,-2.476792530931573311e-01,-2.476763861125155786e-01,9.999979757661575652e-01,-2.476813245795903562e-01,1.999997975764106428e+00,-2.476802644483072080e-01,2.477261895294019522e-01,-6.371352207708065815e-06,1.000007956242660700e+00,1.000207235542502460e+00,9.999989878820532141e-01
7.367537541532374022e-03,-2.476792717812955624e-01,-2.476801886012138798e-01,9.999996237593905546e-01,-2.476795597364267465e-01,1.999999623759009193e+00,-2.476803963676897369e-01,2.477298038720615880e-01,-1.598720139797825137e-06,9.999994496963252599e-01,1.000199980943951017e+00,9.999998118795045965e-01
7.380626280835846272e-03,-2.476792871611715185e-01,-2.476783894419100351e-01,9.999990354642742663e-01,-2.476751358648169588e-01,1.999999035463296826e+00,-2.476746154200266947e-01,2.477282958025244508e-01,1.934525934816020232e-06,1.000004709207817921e+00,1.000204878719610502e+00,9.999995177316484130e-01
7.390877923719705450e-03,-2.476792992073267863e-01,-2.476809073299083008e-01,9.999973711690252065e-01,-2.476829387295717277e-01,1.999997371166361448e+00,-2.476843111101308115e-01,2.477303742323611890e-01,-2.172647905267117968e-06,1.000000917403955691e+00,1.000200302919113549e+00,9.999986855831807242e-01
7.402375518782621996e-03,-2.476793127175341835e-01,-2.476779983087278036e-01,9.999979838463116666e-01,-2.476901679777960552e-01,1.999997983844268745e+00,-2.476884541663607053e-01,2.477279941146741937e-01,-2.809257938710810179e-06,9.999955469639193462e-01,1.000195924049432694e+00,9.999989919221343726e-01
7.420502908134706151e-03,-2.476793340180592218e-01,-2.476882796425623756e-01,9.999981145023431051e-01,-2.476795884046335550e-01,1.999998114500432633e+00,-2.476807039019098267e-01,2.477377480177606062e-01,2.604866637721091253e-06,9.999947061187622888e-01,1.000194467502946383e+00,9.999990572502163166e-01
7.430751139943276781e-03,-2.476793460602066954e-01,-2.476751144534981020e-01,9.999964284583615637e-01,-2.476835662562492102e-01,1.999996428454742681e+00,-2.476826059293962823e-01,2.477316548797813545e-01,1.983489962975523560e-06,9.999976819173136411e-01,1.000198292384629095e+00,9.999982142273713404e-01
7.440288178228451725e-03,-2.476793572666696752e-01,-2.476739850699232193e-01,9.999922139355932327e-01,-2.476691632286449896e-01,1.999992213927703766e+00,-2.476678540760376135e-01,2.477237332832155914e-01,1.141896104962952242e-05,1.000007283933556534e+00,1.000208028817869854e+00,9.999961069638518829e-01
7.450000000000000892e-03,-2.476793686785107029e-01,-2.476830396719061911e-01,9.999962503534468583e-01,-2.476831575267358920e-01,1.999996250349647342e+00,-2.476856336973604633e-01,2.477335910862450974e-01,4.679639028337252483e-07,9.999990663664832802e-01,1.000197723573778230e+00,9.999981251748236710e-01
7.456526554922846169e-03,-2.476793763475143295e-01,-2.476873151698154862e-01,1.000000938341913281e+00,-2.476926728113394427e-01,2.000000938342864298e+00,-2.476935002438195033e-01,2.477374432767651957e-01,-3.132102416177357606e-06,9.999961590433174008e-01,1.000196061447240270e+00,1.000000469171431927e+00
7.476205043194798089e-03,-2.476793994706533442e-01,-2.476772635550403556e-01,9.999931102486152579e-01,-2.476686968180246418e-01,1.999993110241633953e+00,-2.476674274751899385e-01,2.477272259730987358e-01,1.104267577272169659e-05,1.000008623472721236e+00,1.000209299492184511e+00,9.999965551208169767e-01
7.483263816695417438e-03,-2.476794077650392722e-01,-2.476793052754678315e-01,9.999909265595383623e-01,-2.476649142815783577e-01,1.999990926550344383e+00,-2.476661302674693366e-01,2.477293392216221857e-01,1.245846394025768635e-05,1.000010059197656842e+00,1.000209209501380370e+00,9.999954632751723027e-01
7.490926852051266530e-03,-2.476794167694629789e-01,-2.476827512499779060e-01,9.999953191157762156e-01,-2.476802359463570746e-01,1.999995319111033121e+00,-2.476824578438801272e-01,2.477322185207853078e-01,-3.869367076686723875e-07,1.000000766767946692e+00,1.000199699179808777e+00,9.999976595555165604e-01
7.500018754944797438e-03,-2.476794274528708317e-01,-2.476751589556845101e-01,9.999990462146230996e-01,-2.476793453617516516e-01,1.999999046213656539e+00,-2.476783778084931387e-01,2.477283208801001335e-01,6.598254591569536613e-06,9.999998947361863344e-01,1.000200161183216752e+00,9.999995231068282697e-01
7.504488700709539134e-03,-2.476794327052638245e-01,-2.476777912013274630e-01,9.999983980567298536e-01,-2.476766698193046956e-01,1.999998398055106597e+00,-2.476768990394610792e-01,2.477283063314451583e-01,5.894758215315376222e-06,9.999998875449993552e-01,1.000199649954963688e+00,9.999991990275532983e-01
7.519999999999999775e-03,-2.476794509317614135e-01,-2.476787393396920611e-01,9.999984793828520235e-01,-2.476774346521176395e-01,1.999998479381311256e+00,-2.476773473716673835e-01,2.477302587173271509e-01,-1.615463673426075225e-06,1.000006233372025211e+00,1.000206996436378448e+00,9.999992396906556280e-01
7.527456423248131065e-03,-2.476794596934052406e-01,-2.476838034244646103e-01,9.999985432601732338e-01,-2.476856623567604276e-01,1.999998543258697303e+00,-2.476866973837440478e-01,2.477342190774188546e-01,2.508943406438608840e-06,1.000004636087867604e+00,1.000204510617526354e+00,9.999992716293486517e-01
7.532533516270878589e-03,-2.476794656592244681e-01,-2.476851530289841397e-01,9.999966014251587820e-01,-2.476852339212186060e-01,1.999996601421714981e+00,-2.476832136322766331e-01,2.477349711431008072e-01,5.728464425436521284e-06,1.000003208143704470e+00,1.000202332529514848e+00,9.999983007108574906e-01
7.540989291465524137e-03,-2.476794755951540195e-01,-2.476769339080975019e-01,9.999963573153433094e-01,-2.476687591783816311e-01,1.999996357311652373e+00,-2.476681996696903920e-01,2.477307419244843267e-01,-1.649042825565511732e-07,9.999935804628687919e-01,1.000193444367226236e+00,9.999981786558260755e-01
7.550008111328124216e-03,-2.476794861926863156e-01,-2.476800068755934670e-01,9.999946639144857707e-01,-2.476659866198622773e-01,1.999994663909078874e+00,-2.476654936146788777e-01,2.477299422974119647e-01,1.037983643375059363e-05,1.000003281190936288e+00,1.000204644193998904e+00,9.999973319545394368e-01
7.553851254359597936e-03,-2.476794907085574649e-01,-2.476811537609659719e-01,9.999940685406483176e-01,-2.476671919026737778e-01,1.999994068534638236e+00,-2.476675887481593896e-01,2.477309567957456937e-01,1.034579008761928977e-05,1.000005289463874236e+00,1.000205303615065100e+00,9.999970342673191182e-01
7.563437720828409226e-03,-2.476795019730999303e-01,-2.476833161092978075e-01,9.999975606891028379e-01,-2.476792537715027664e-01,1.999997560686631370e+00,-2.476803693361939174e-01,2.477329713853102522e-01,2.908678339782334116e-06,1.000002630510703039e+00,1.000202353091456109e+00,9.999987803433155742e-01
7.580000000000000800e-03,-2.476795214345460516e-01,-2.476776017094332594e-01,9.999955892083731701e-01,-2.476809039846970817e-01,1.999995589203903856e+00,-2.476805511804004434e-01,2.477299286825267455e-01,1.966296868445007598e-06,9.999941405866926702e-01,1.000193280588812961e+00,9.999977946019519282e-01
7.589269088683998563e-03,-2.476795323261559434e-01,-2.476777102519317764e-01,9.999940541927118121e-01,-2.476761236637499142e-01,1.999994054186686965e+00,-2.476755548689168196e-01,2.477273472494321005e-01,7.554823104093666623e-06,1.000003807063205352e+00,1.000205086939962351e+00,9.999970270933434824e-01
7.596068554235738124e-03,-2.476795403158431608e-01,-2.476771965974660927e-01,9.999952021248464940e-01,-2.476761588491349642e-01,1.999995202119984716e+00,-2.476765182878006288e-01,2.477267835281476427e-01,4.529147717822051144e-06,1.000004324297922631e+00,1.000203823515286583e+00,9.999976010599923582e-01
7.602818807486698936e-03,-2.476795482477033850e-01,-2.476780581627886224e-01,9.999980369472085684e-01,-2.476785626927634210e-01,1.999998036945219493e+00,-2.476783524968111105e-01,2.477283483588132718e-01,3.164558839465700229e-07,1.000001753218572542e+00,1.000201973106805475e+00,9.999990184726097464e-01
7.611155912734287980e-03,-2.476795580441895350e-01,-2.476843686096782127e-01,9.999995801122263384e-01,-2.476753617233046767e-01,1.999999580111800679e+00,-2.476761502274895665e-01,2.477341435595293018e-01,4.073068594186872638e-06,1.000004970634181589e+00,1.000204602617877470e+00,9.999997900559003394e-01
7.620090663650450936e-03,-2.476795685429360738e-01,-2.476844054307479059e-01,9.999997287237492039e-01,-2.476944359668386275e-01,1.999999728723474313e+00,-2.476971826008769750e-01,2.477339019835736178e-01,-1.032255274943017635e-05,9.999936846839760918e-01,1.000192404256419421e+00,9.999998643617371563e-01
7.625550342176036674e-03,-2.476795749583105277e-01,-2.476793927623333613e-01,9.999985107889564073e-01,-2.476850549896964238e-01,1.999998510787447614e+00,-2.476819414752551574e-01,2.477321183954643291e-01,-7.846280745822611805e-06,9.999968029076932163e-01,1.000198045454320450e+00,9.999992553937238071e-01
7.633231972527319831e-03,-2.476795839845825076e-01,-2.476780121479582319e-01,9.999948855930781422e-01,-2.476714506999794230e-01,1.999994885587895954e+00,-2.476739400893236964e-01,2.477294289839192531e-01,-1.704104180504623732e-06,1.000005486331291049e+00,1.000206018775834593e+00,9.999974427939478661e-01
7.641994560604393680e-03,-2.476795942810304241e-01,-2.476915789815193336e-01,9.999939548775130804e-01,-2.476988528638034426e-01,1.999993954871387869e+00,-2.476987194896761446e-01,2.477410480158168116e-01,-2.199067490183797108e-06,1.000006834411051981e+00,1.000206003059583182e+00,9.999969774356939345e-01
7.650885741451869150e-03,-2.476796047285810543e-01,-2.476799184206344706e-01,9.999979501948432770e-01,-2.476773484091013555e-01,1.999997950192766272e+00,-2.476753295892958895e-01,2.477357205875629076e-01,3.484796087205891227e-06,9.999990966609634269e-01,1.000198887643026335e+00,9.999989750963831359e-01
7.660055149355029028e-03,-2.476796155030606683e-01,-2.476794892707081808e-01,9.999933614944634952e-01,-2.476728895377741657e-01,1.999993361487736765e+00,-2.476718128704622768e-01,2.477290795854200367e-01,6.784515132637441688e-06,1.000001522616271732e+00,1.000202120509759762e+00,9.999966807438683825e-01
7.670300077846287264e-03,-2.476796275413273019e-01,-2.476860693587243090e-01,9.999923343016123845e-01,-2.476847332561500914e-01,1.999992334293844820e+00,-2.476869448377029825e-01,2.477360605559642548e-01,2.963394178087821359e-06,1.000007534310689339e+00,1.000207370449097466e+00,9.999961671469224100e-01
7.680011460695060702e-03,-2.476796389526517983e-01,-2.476841031380205282e-01,9.999967908493092583e-01,-2.476819940748502535e-01,1.999996790846057415e+00,-2.476809892775556354e-01,2.477342516571935660e-01,7.144083589782246362e-06,1.000002537921514945e+00,1.000202199162381733e+00,9.999983954230287075e-01
7.687696504725320505e-03,-2.476796479829341258e-01,-2.476780242439098612e-01,9.999951128486763707e-01,-2.476720538572130259e-01,1.999995112843724110e+00,-2.476702637707717258e-01,2.477309218977062355e-01,6.802776971291648594e-06,1.000001194055251341e+00,1.000201051666543606e+00,9.999975564218621660e-01
7.694608113904575358e-03,-2.476796561043947409e-01,-2.476771825726241660e-01,9.999926820476415790e-01,-2.476675932522209023e-01,1.999992682040226288e+00,-2.476674141605866852e-01,2.477272604013469048e-01,1.060321006496252891e-05,1.000002522506425739e+00,1.000203068891917235e+00,9.999963410201132552e-01
7.703646425351957407e-03,-2.476796667248289674e-01,-2.476811547122118595e-01,9.999940756349001703e-01,-2.476692983473080534e-01,1.999994075628897194e+00,-2.476688933339958321e-01,2.477308674404919975e-01,1.289849719032861873e-05,1.000005292967546477e+00,1.000205056704945639e+00,9.999970378144484862e-01
7.711919032494939270e-03,-2.476796764455267141e-01,-2.476811569812343294e-01,9.999984077164909557e-01,-2.476705481928041519e-01,1.999998407714877580e+00,-2.476709349591308396e-01,2.477311987943400795e-01,5.906157193231130228e-06,1.000002767485590915e+00,1.000202960962363052e+00,9.999992038574387898e-01
7.721149409670671586e-03,-2.476796872916477710e-01,-2.476716068370238555e-01,9.999983264136343974e-01,-2.476661047753088152e-01,1.999998326411938532e+00,-2.476646248677643880e-01,2.477260355650738877e-01,1.013659667927328416e-05,1.000007684215103110e+00,1.000207273938690022e+00,9.999991632059692659e-01
7.730199551179079906e-03,-2.476796979259829334e-01,-2.476747876815921234e-01,9.999964068444028298e-01,-2.476674252700930001e-01,1.999996406840761853e+00,-2.476682748817018720e-01,2.477247975730389740e-01,-4.872988792676495331e-07,9.999952662396862646e-01,1.000193930547340626e+00,9.999982034203809267e-01
7.735111599610548956e-03,-2.476797036978661548e-01,-2.476783720213364126e-01,9.999976603081969229e-01,-2.476746495167992945e-01,1.999997660305826264e+00,-2.476763161920536027e-01,2.477286996364254090e-01,4.817492209602125487e-07,9.999960521334734231e-01,1.000196676864638201e+00,9.999988301529131318e-01
7.742378985814986347e-03,-2.476797122373809168e-01,-2.476840743883644558e-01,1.000002058853135978e+00,-2.476843939961444474e-01,2.000002058855221865e+00,-2.476854468407570509e-01,2.477343639420528376e-01,-3.945153814523173822e-07,9.999987596856849681e-01,1.000198360480355264e+00,1.000001029427610932e+00
7.751328462233486767e-03,-2.476797227534312251e-01,-2.476892191571992974e-01,1.000002753201890915e+00,-2.476882810838463012e-01,2.000002753204680683e+00,-2.476890504277965421e-01,2.477388695571685340e-01,-6.268963867737097321e-06,9.999951450407259523e-01,1.000195367314155703e+00,1.000001376602340342e+00
7.760808702601431144e-03,-2.476797338931533143e-01,-2.476724787282747198e-01,9.999972672873331803e-01,-2.476743864405260009e-01,1.999997267284564062e+00,-2.476716792170631787e-01,2.477318027603765682e-01,5.000659466820260315e-06,1.000002593845130239e+00,1.000203297121958546e+00,9.999986336422820310e-01
7.770882674544972619e-03,-2.476797457305364991e-01,-2.476678457175124082e-01,9.999913124525613428e-01,-2.476581203486289684e-01,1.999991312443758495e+00,-2.476571645446711822e-01,2.477187642275398283e-01,9.595282626547176224e-06,1.000004920393105845e+00,1.000204649051378958e+00,9.999956562218792477e-01
7.780722894203552682e-03,-2.476797572932507296e-01,-2.476726768816050750e-01,9.999979270146835963e-01,-2.476746769256529535e-01,1.999997927012583165e+00,-2.476765236996120445e-01,2.477226720218388689e-01,-5.272016095499641156e-07,9.999956258570789069e-01,1.000194656927885450e+00,9.999989635062915827e-01
7.790146506618476734e-03,-2.476797683664317129e-01,-2.476764358739426408e-01,1.000006562528908516e+00,-2.476726114283268332e-01,2.000006562535558086e+00,-2.476718797643811532e-01,2.477263958777957686e-01,1.930892805106186232e-06,9.999949161935989261e-01,1.000195304291931375e+00,1.000003281267779043e+00
7.794827783148187625e-03,-2.476797738671470683e-01,-2.476792058127690044e-01,1.000007572950756263e+00,-2.476772785053534820e-01,2.000007572958429680e+00,-2.476791699888807319e-01,2.477293762707928615e-01,-1.819972212292899905e-06,9.999975719867000290e-01,1.000198071977492331e+00,1.000003786479214840e+00
7.802409238581452071e-03,-2.476797827757090675e-01,-2.476831292830347087e-01,1.000005602543564187e+00,-2.476862050547814498e-01,2.000005602549240979e+00,-2.476861466437111636e-01,2.477327555884228094e-01,-4.993720554160776974e-06,1.000000762196705306e+00,1.000200711458749003e+00,1.000002801274620490e+00
7.811086038189077839e-03,-2.476797929713514534e-01,-2.476832786536239395e-01,1.000001822481388913e+00,-2.476770911708049416e-01,2.000001822483235880e+00,-2.476767257124848354e-01,2.477328322619871126e-01,1.778171940383935302e-06,1.000001277809190237e+00,1.000201379018014647e+00,1.000000911241617940e+00
7.820162250047862917e-03,-2.476798036363201672e-01,-2.476791500462713902e-01,9.999972520456044123e-01,-2.476832003940982463e-01,1.999997252042819973e+00,-2.476843119830062501e-01,2.477301399506388335e-01,-7.663282400747605327e-06,9.999981391800596420e-01,1.000197604423289865e+00,9.999986260214098754e-01
7.823735964563878487e-03,-2.476798078355991473e-01,-2.476754699803011550e-01,9.999957197955827715e-01,-2.476810517404380851e-01,1.999995719791245907e+00,-2.476793860692411142e-01,2.477283491996346565e-01,-3.327025562720612700e-06,9.999972680203913500e-01,1.000197399177865876e+00,9.999978598956229536e-01
7.831402512909667324e-03,-2.476798168441502190e-01,-2.476682141758217992e-01,9.999944367677687795e-01,-2.476666800729814544e-01,1.999994436762131844e+00,-2.476655040048459377e-01,2.477221291766658062e-01,8.202317617308015982e-06,9.999990143872330428e-01,1.000199435243924517e+00,9.999972183810659221e-01
7.840779358167722021e-03,-2.476798278623773830e-01,-2.476833432519430223e-01,9.999971635228290801e-01,-2.476821858080943684e-01,1.999997163519954935e+00,-2.476845074794698787e-01,2.477335184488871078e-01,1.274532978310006457e-06,9.999988551752148069e-01,1.000198438063625073e+00,9.999985817599774673e-01
7.850557879880192338e-03,-2.476798393525942443e-01,-2.476812917339653586e-01,1.000003986346680751e+00,-2.476879758379917640e-01,2.000003986350719742e+00,-2.476883930082147411e-01,2.477315661725705831e-01,-3.791732654850535983e-06,9.999941587851058911e-01,1.000193486111179197e+00,1.000001993175359871e+00
7.860014030123879322e-03,-2.476798504640094489e-01,-2.476720097421250266e-01,1.000000846410653343e+00,-2.476806299616162443e-01,2.000000846411511102e+00,-2.476791053501823103e-01,2.477264207737598645e-01,-8.336454010634620346e-06,9.999859290870163342e-01,1.000185352138284633e+00,1.000000423205755551e+00
7.863707408877486718e-03,-2.476798548038990910e-01,-2.476755624569086101e-01,9.999977538388968856e-01,-2.476758557071694622e-01,1.999997753836620928e+00,-2.476745315459644714e-01,2.477266934867687898e-01,-1.687077034552092506e-06,9.999910422496891549e-01,1.000193292690751079e+00,9.999988769183104642e-01
7.871559369370841400e-03,-2.476798640303184418e-01,-2.476866825057831289e-01,9.999961866009168254e-01,-2.476705795893219542e-01,1.999996186597052805e+00,-2.476700197696200811e-01,2.477361505619259940e-01,1.138257628327449344e-05,1.000007193919385529e+00,1.000207877668371825e+00,9.999980932985264026e-01
7.880833149584593258e-03,-2.476798749274393419e-01,-2.476802500176078503e-01,1.000000772651996606e+00,-2.476700396252721204e-01,2.000000772652779091e+00,-2.476699816774500240e-01,2.477324127449437030e-01,4.928458627424415457e-06,1.000005678741648474e+00,1.000204661565929465e+00,1.000000386326389767e+00
7.893365940641279555e-03,-2.476798896540505501e-01,-2.476751502060368371e-01,9.999950355151782100e-01,-2.476694888824121643e-01,1.999995035510147900e+00,-2.476696662959707584e-01,2.477252178739074995e-01,3.699319103726415287e-06,9.999941580224536164e-01,1.000194531135055298e+00,9.999975177550739502e-01
7.902070712084218601e-03,-2.476798998825609222e-01,-2.476758159699802841e-01,9.999954372373237588e-01,-2.476765141942443849e-01,1.999995437232700235e+00,-2.476770859875604136e-01,2.477258098468882730e-01,-2.125091320948926938e-07,9.999961232915519638e-01,1.000196657193774818e+00,9.999977186163501175e-01
7.912407137109018357e-03,-2.476799120283380562e-01,-2.476793873115804012e-01,1.000000310246241142e+00,-2.476788099573055957e-01,2.000000310246555113e+00,-2.476790575300523989e-01,2.477290633288085908e-01,1.761428743153179937e-06,1.000001902997274872e+00,1.000201524813008058e+00,1.000000155123277779e+00
7.929001504768854944e-03,-2.476799315274902658e-01,-2.476797094539703314e-01,9.999998408344283884e-01,-2.476766097548951939e-01,1.999999840834267406e+00,-2.476766666820353902e-01,2.477299844490078728e-01,2.082851803971525372e-06,1.000000748226274272e+00,1.000201131076119854e+00,9.999999204171337031e-01
7.940062251082317599e-03,-2.476799445243804687e-01,-2.476784051438978562e-01,1.000000208850653660e+00,-2.476789125661221225e-01,2.000000208850865047e+00,-2.476794081792965396e-01,2.477286655417922923e-01,-3.113572447406147464e-06,9.999977911727317981e-01,1.000197220638245010e+00,1.000000104425432523e+00
7.950013424999999301e-03,-2.476799562174714364e-01,-2.476810354910429501e-01,9.999993748003344063e-01,-2.476796888652998130e-01,1.999999374799700913e+00,-2.476795433410303726e-01,2.477308946048709104e-01,-1.307159768407728328e-06,9.999928252134596685e-01,1.000192518335325742e+00,9.999996873998504565e-01
7.960499512436578634e-03,-2.476799685391115891e-01,-2.476836924991212552e-01,9.999978794176764829e-01,-2.476833473135184593e-01,1.999997879415527757e+00,-2.476835068946112439e-01,2.477332819358500915e-01,7.592396312966547073e-07,9.999942533791369437e-01,1.000194684947833368e+00,9.999989397077638786e-01
7.971155805717600878e-03,-2.476801147755127164e-01,-2.476807860270644757e-01,9.999969041005646320e-01,-2.476757081659508586e-01,1.999996904097427697e+00,-2.476754369262847977e-01,2.477313559192443615e-01,2.044268448706738995e-07,1.000003453691875377e+00,1.000203501989607613e+00,9.999984520487138484e-01
7.982106318897648836e-03,-2.476811125153800530e-01,-2.476703101134157814e-01,9.999945495881047419e-01,-2.476712845926346551e-01,1.999994549582581937e+00,-2.476714107027170597e-01,2.477232539870308503e-01,2.982592386244543548e-07,1.000000253295556973e+00,1.000200660965764765e+00,9.999972747912910798e-01
7.992290249152635140e-03,-2.476816978102973077e-01,-2.476859100702298588e-01,9.999964429176090297e-01,-2.476803569086443446e-01,1.999996442914004691e+00,-2.476805244424395702e-01,2.477353779720655180e-01,4.226801172448233252e-06,1.000004448015974878e+00,1.000204086014140348e+00,9.999982214570023453e-01
8.003601014351042001e-03,-2.476821059531174873e-01,-2.476798796342259690e-01,1.000002991383410755e+00,-2.476799388183347217e-01,2.000002991386441664e+00,-2.476803748121782500e-01,2.477302787233473802e-01,-2.931604397676148902e-06,9.999953222692422594e-01,1.000194040118086214e+00,1.000001495693221054e+00
8.018317939932096197e-03,-2.476824096229977012e-01,-2.476796239245880604e-01,9.999948267261498103e-01,-2.476750405814876765e-01,1.999994826720908003e+00,-2.476749045916224190e-01,2.477296691523932781e-01,5.236451158919706078e-07,9.999994098032367607e-01,1.000200707702999736e+00,9.999974133604540016e-01
8.023889220349097670e-03,-2.476824825047513334e-01,-2.476811555179471713e-01,9.999959080923996879e-01,-2.476755346272987157e-01,1.999995908088253227e+00,-2.476756629496811579e-01,2.477314355369641674e-01,1.022369754209881341e-06,1.000000510251904950e+00,1.000199937321404553e+00,9.999979540441267245e-01
8.040590627634725679e-03,-2.476826197656742390e-01,-2.476811830903635492e-01,9.999968192415530366e-01,-2.476634332050269838e-01,1.999996819238329948e+00,-2.476629017746219963e-01,2.477324535664641447e-01,1.295728491193114292e-05,1.000004217232699055e+00,1.000204968478073164e+00,9.999984096191650851e-01
8.049401796272566412e-03,-2.476826606888574700e-01,-2.476861492865748138e-01,9.999946674081333642e-01,-2.476866388113688477e-01,1.999994667402730020e+00,-2.476897840416651675e-01,2.477363259663191708e-01,-1.533413971347781534e-06,1.000004292899423719e+00,1.000204196551526481e+00,9.999973337013650099e-01
8.052190754397909461e-03,-2.476826706976970605e-01,-2.476856497177207794e-01,9.999937565931812378e-01,-2.476909045883606830e-01,1.999993756586854854e+00,-2.476901985887123014e-01,2.477354528121270549e-01,-3.076032898679258988e-06,1.000002923577512526e+00,1.000202297239068949e+00,9.999968782934274270e-01
8.061127108452975296e-03,-2.476826956892262677e-01,-2.476767391998503376e-01,9.999939457684288158e-01,-2.476745147869776897e-01,1.999993945762294167e+00,-2.476729011295793481e-01,2.477307572094152310e-01,5.855468397392772477e-07,9.999988603771685636e-01,1.000199389204932121e+00,9.999969728811470837e-01
8.070813868154188761e-03,-2.476827137719339877e-01,-2.476833524498239514e-01,9.999932177872954409e-01,-2.476632924211607245e-01,1.999993217780423382e+00,-2.476629535671702187e-01,2.477332609098778227e-01,1.209675039041657481e-05,1.000010890406929143e+00,1.000211427750471005e+00,9.999966088902116912e-01
8.080017405886560575e-03,-2.476827251501629856e-01,-2.476842153570837923e-01,9.999958569741048686e-01,-2.476761722388269304e-01,1.999995856969907004e+00,-2.476781412438139873e-01,2.477338121685122851e-01,1.902044878197830385e-06,1.000003082147731703e+00,1.000201876250121247e+00,9.999979284849533911e-01
8.090264106761989663e-03,-2.476827334547450910e-01,-2.476849473234362664e-01,9.999965252267969396e-01,-2.476826354326398250e-01,1.999996525223276089e+00,-2.476830182301502647e-01,2.477343950023992714e-01,-4.147079929432287502e-06,1.000002002932942391e+00,1.000202188114555746e+00,9.999982626116380446e-01
8.100186544247611059e-03,-2.476827386302806189e-01,-2.476792266087631533e-01,9.999935520082297025e-01,-2.476852186112336873e-01,1.999993552001696262e+00,-2.476848419140147139e-01,2.477309668158844680e-01,3.566479272476583356e-06,1.000005480941075220e+00,1.000205812985530907e+00,9.999967760008480200e-01
8.110946666156847520e-03,-2.476827422055571937e-01,-2.476801989720713582e-01,9.999929397944554710e-01,-2.476596530480456027e-01,1.999992939787301527e+00,-2.476591282149730178e-01,2.477296894839836339e-01,1.231934533582997854e-05,1.000007915424854454e+00,1.000207621391916657e+00,9.999964698936507634e-01
8.120076757521925773e-03,-2.476827441611407221e-01,-2.476787168712751008e-01,9.999954910959490961e-01,-2.476739105186445689e-01,1.999995491091380417e+00,-2.476758986021481979e-01,2.477285007036465203e-01,1.029102916893497588e-06,9.999975726812753152e-01,1.000196298283197116e+00,9.999977455456902087e-01
8.125887202976061346e-03,-2.476827450529832941e-01,-2.476833502346509064e-01,9.999971157461707838e-01,-2.476801955267428079e-01,1.999997115743248122e+00,-2.476808862481286455e-01,2.477338653703815563e-01,2.162662662251337902e-06,9.999982875997295295e-01,1.000198897750659510e+00,9.999985578716240608e-01
8.138159455137400702e-03,-2.476827463264597295e-01,-2.476806017031938090e-01,9.999975463977125445e-01,-2.476742520307755879e-01,1.999997546395226422e+00,-2.476728283437551470e-01,2.477338566179017876e-01,5.825771935919628467e-06,1.000001428207256238e+00,1.000201332844870672e+00,9.999987731976132110e-01
8.149765221866351467e-03,-2.476827470305050516e-01,-2.476821090964979322e-01,9.999940462316854184e-01,-2.476659891556880766e-01,1.999994046225652689e+00,-2.476654483044851418e-01,2.477321687109887982e-01,1.390798388143571031e-05,1.000002102948096550e+00,1.000202332799322580e+00,9.999970231128263443e-01
8.158476411838986100e-03,-2.476827473609357066e-01,-2.476776288265434278e-01,9.999940873494442828e-01,-2.476645482795055975e-01,1.999994087343453186e+00,-2.476648443342074069e-01,2.477293170187095939e-01,1.059355900574010937e-05,1.000004060874370992e+00,1.000204006180982041e+00,9.999970436717265931e-01
8.168558212686166664e-03,-2.476827476072706313e-01,-2.476822895002700475e-01,9.999968003486942036e-01,-2.476834719744228086e-01,1.999996800345452241e+00,-2.476858899608822828e-01,2.477326711963877270e-01,-3.577073127699105051e-06,1.000002140499653080e+00,1.000201998858946562e+00,9.999984001727260097e-01
8.171800297440584213e-03,-2.476827476640788284e-01,-2.476829396779478831e-01,9.999966443017530571e-01,-2.476885343955034791e-01,1.999996644298352999e+00,-2.476877565897863676e-01,2.477326289339835397e-01,-4.531774709995387396e-06,1.000001104464904866e+00,1.000200680411964971e+00,9.999983221491764995e-01
8.180370455276465141e-03,-2.476827477760888130e-01,-2.476721757458958395e-01,9.999980124346680155e-01,-2.476649697652639759e-01,1.999998012432653960e+00,-2.476618674114794971e-01,2.477278248450641984e-01,9.666657168082945465e-06,1.000000416700184136e+00,1.000200722492742722e+00,9.999990062163269799e-01
8.187301374605840398e-03,-2.476827478356914136e-01,-2.476824732784690952e-01,9.999978315904168857e-01,-2.476643339375574626e-01,1.999997831588219643e+00,-2.476651552146504065e-01,2.477338036068228722e-01,7.358133777224916823e-06,1.000002971362125459e+00,1.000203319446485661e+00,9.999989157941098217e-01
8.193335434184240151e-03,-2.476827478711191022e-01,-2.476900215142753547e-01,9.999968774711823771e-01,-2.476719140603479141e-01,1.999996877468018353e+00,-2.476733762653304527e-01,2.477400186378132529e-01,8.158221662175682361e-06,1.000004160953151811e+00,1.000204188686363516e+00,9.999984387340092873e-01
8.201635245897341206e-03,-2.476827479014298006e-01,-2.476918650238809361e-01,9.999999483272674627e-01,-2.476835880856215477e-01,1.999999948327215060e+00,-2.476838500126005149e-01,2.477417332028839514e-01,9.733923836851165361e-06,1.000002813796834644e+00,1.000202041725710478e+00,9.999999741636075301e-01
8.211863189389078874e-03,-2.476827479181169522e-01,-2.476788091241640399e-01,9.999938464125580628e-01,-2.476745468954964224e-01,1.999993846406322939e+00,-2.476733692490795113e-01,2.477344859522467579e-01,5.615270291761730971e-06,9.999959149748151033e-01,1.000196537893784932e+00,9.999969232031613586e-01
8.220837356863177833e-03,-2.476827479201310911e-01,-2.476838025572922486e-01,9.999873705252859679e-01,-2.476714874189616389e-01,1.999987370512488871e+00,-2.476714368635482832e-01,2.477332700381162378e-01,5.569217796681306447e-06,1.000002396302851482e+00,1.000202707171610195e+00,9.999936852562443246e-01
8.229749172786342271e-03,-2.476827479143736410e-01,-2.476767256045341870e-01,9.999917313368879013e-01,-2.476571850314923384e-01,1.999991731328509381e+00,-2.476556224976351195e-01,2.477295298821379499e-01,1.504620627748482709e-05,1.000006367913464533e+00,1.000206671887307275e+00,9.999958656642548016e-01
8.233837369150768040e-03,-2.476827479098603346e-01,-2.476798195146768244e-01,9.999945555284092125e-01,-2.476608244861012720e-01,1.999994555522892403e+00,-2.476636359762290907e-01,2.477307608089300284e-01,1.177021228298155349e-05,1.000007058728289877e+00,1.000206965126360314e+00,9.999972777614463126e-01
8.249241958769323521e-03,-2.476827478857961395e-01,-2.476880774239219873e-01,9.999969176141477734e-01,-2.476960608982184675e-01,1.999996917611024383e+00,-2.476978456811191887e-01,2.477380258034115046e-01,-4.833161122546387869e-06,1.000002242322781676e+00,1.000201561932958505e+00,9.999984588055121915e-01
8.252973536307644381e-03,-2.476827478787647363e-01,-2.476862593549015445e-01,9.999973458187179087e-01,-2.476982420949490615e-01,1.999997345816028727e+00,-2.476973192409478164e-01,2.477371128492636687e-01,-5.433732930928282021e-06,1.000000579402861467e+00,1.000200567179462707e+00,9.999986729080142522e-01
8.261517744322547513e-03,-2.476827478615005740e-01,-2.476805915783905077e-01,9.999925072067952225e-01,-2.476820349757888062e-01,1.999992507199202851e+00,-2.476795730715368737e-01,2.477327880436970831e-01,5.548802283484103099e-06,1.000003453845905499e+00,1.000203457078593594e+00,9.999962535996014257e-01
8.272255030570377018e-03,-2.476827478381370407e-01,-2.476770264016600609e-01,9.999897641029321660e-01,-2.476673849853381904e-01,1.999989764092560129e+00,-2.476686423604302634e-01,2.477272587161014339e-01,7.758729465453354464e-06,9.999992526561352069e-01,1.000199460561366882e+00,9.999948820462800647e-01
8.282560985466737302e-03,-2.476827478145718353e-01,-2.476846223487824405e-01,9.999947282364068935e-01,-2.476850423922643263e-01,1.999994728231065055e+00,-2.476858400447097541e-01,2.477344984559678720e-01,6.416375580184977623e-06,1.000001243913432480e+00,1.000201056756079954e+00,9.999973641155325277e-01
8.300000000000000086e-03,-2.476827477732259364e-01,-2.476864460450162175e-01,9.999966401753247469e-01,-2.476809223833407458e-01,1.999996640171920470e+00,-2.476793781424839469e-01,2.477359779688237118e-01,-2.573629194353081487e-06,1.000002382917324129e+00,1.000202952312460702e+00,9.999983200859602350e-01
8.309421390144205999e-03,-2.476827477504382202e-01,-2.476741824189574726e-01,9.999921198961104762e-01,-2.476823426731215028e-01,1.999992119888125641e+00,-2.476825367381410570e-01,2.477309335823268677e-01,5.408941554680630538e-06,1.000003365559542612e+00,1.000203413767467131e+00,9.999960599440628206e-01
8.320541966449393478e-03,-2.476827477233091712e-01,-2.476834189918432627e-01,9.999914177921319647e-01,-2.476748060759954573e-01,1.999991417783435699e+00,-2.476752667506781636e-01,2.477335981078795935e-01,8.413201163688172196e-06,1.000007063406988417e+00,1.000206936772459310e+00,9.999957088917178494e-01
8.331854921667242175e-03,-2.476827476955488772e-01,-2.476821023086563933e-01,9.999990261401509040e-01,-2.476859225953889077e-01,1.999999026139164249e+00,-2.476858595618625924e-01,2.477320627409334564e-01,-1.594419011342627069e-07,9.999976909577505957e-01,1.000197368759997207e+00,9.999995130695820134e-01
8.350013757889615529e-03,-2.476827476507978687e-01,-2.476744696214758790e-01,9.999947287881345570e-01,-2.476691616213807512e-01,1.999994728782793274e+00,-2.476686504342067441e-01,2.477253244635108653e-01,4.985122119123023288e-06,1.000007843924754170e+00,1.000208667346196068e+00,9.999973643913966370e-01
8.361382960348322235e-03,-2.476827476227101144e-01,-2.476814892030731463e-01,9.999975093609888566e-01,-2.476823668942603751e-01,1.999997509358465209e+00,-2.476828103998579000e-01,2.477312893018704387e-01,3.343392638315387864e-06,1.000004871596444023e+00,1.000204651185788052e+00,9.999987546792326043e-01
8.370021000000000058e-03,-2.476825308430551931e-01,-2.476825073279910472e-01,1.000000560684752626e+00,-2.476840994921594430e-01,2.000000560685320838e+00,-2.476842535078680185e-01,2.477319745500708437e-01,-6.718364347261740242e-06,1.000001957107031103e+00,1.000201628591708802e+00,1.000000280342660419e+00
8.371704026182971367e-03,-2.476784572178324928e-01,-2.476787366905652821e-01,1.000000828358013738e+00,-2.476831575926073115e-01,2.000000828358853067e+00,-2.476825746716776189e-01,2.477309293565679027e-01,-7.457180669220443303e-06,1.000001944009495602e+00,1.000202222108631744e+00,1.000000414179426533e+00
8.382230778204408095e-03,-2.476784695872542297e-01,-2.476749933605428278e-01,9.999979778719652046e-01,-2.476803035007997256e-01,1.999997977869916177e+00,-2.476796291745029244e-01,2.477249322707567314e-01,-1.520330161187773557e-06,1.000008374026751579e+00,1.000208245941800023e+00,9.999989889349581995e-01
8.393252474765900556e-03,-2.476784825382598865e-01,-2.476786459174453170e-01,9.999972568673978213e-01,-2.476744832505925475e-01,1.999997256864618267e+00,-2.476736160757513627e-01,2.477282183907992819e-01,6.213684209562014943e-06,1.000004713569061954e+00,1.000204101608271223e+00,9.999986284323091335e-01
8.403043930171643500e-03,-2.476784940436737859e-01,-2.476771177880013608e-01,1.000000868331403892e+00,-2.476686777687482355e-01,2.000000868332283854e+00,-2.476689003859519900e-01,2.477268795381016020e-01,3.721264738295375681e-06,9.999988348399638793e-01,1.000198612955662369e+00,1.000000434166141927e+00
8.420375068326537912e-03,-2.476785144085677792e-01,-2.476838312994019686e-01,9.999995094429464659e-01,-2.476799007197003077e-01,1.999999509442449419e+00,-2.476807692614614032e-01,2.477337469013299875e-01,-5.389490135514762172e-07,1.000000363774965262e+00,1.000200290031910910e+00,9.999997547212247095e-01
8.430963074530921017e-03,-2.476785268499668569e-01,-2.476849018798225333e-01,9.999987579248382774e-01,-2.476750189561271742e-01,1.999998757923579618e+00,-2.476752086765005856e-01,2.477344188880508391e-01,6.822032645732078310e-07,9.999961705136595214e-01,1.000196281028598921e+00,9.999993789617898088e-01
8.440646722462417581e-03,-2.476785382287029214e-01,-2.476801617085422347e-01,9.999953218943528066e-01,-2.476831347848803822e-01,1.999995321889612709e+00,-2.476833529896649289e-01,2.477313340352986781e-01,-4.406071518085613287e-06,9.999979050147151938e-01,1.000198025708030514e+00,9.999976609448062437e-01
8.450144467571840332e-03,-2.476785493889940015e-01,-2.476775057664888924e-01,9.999930417154796469e-01,-2.476724978636350993e-01,1.999993041708428843e+00,-2.476715170270605004e-01,2.477276877705467117e-01,3.435028448109684417e-06,1.000002226343139178e+00,1.000202765258977777e+00,9.999965208542144213e-01
8.460758077699548699e-03,-2.476785618604791517e-01,-2.476685058939654682e-01,9.999952618126093373e-01,-2.476699397638510436e-01,1.999995261807808289e+00,-2.476689096831858339e-01,2.477220289095409256e-01,1.170277410977193924e-05,1.000012021773014403e+00,1.000211837088949896e+00,9.999976309039041444e-01
8.470996024227274435e-03,-2.476785738905410983e-01,-2.476822424509902698e-01,9.999992612073604903e-01,-2.476750735386191171e-01,1.999999261206611978e+00,-2.476763434524441310e-01,2.477319849924010942e-01,2.647941064473230929e-06,9.999968853073368802e-01,1.000196171562867775e+00,9.999996306033058779e-01
8.481172930186043138e-03,-2.476785858488789183e-01,-2.476778574972886560e-01,1.000004510477607189e+00,-2.476803568923706678e-01,2.000004510482177533e+00,-2.476810506210659069e-01,2.477286242195055332e-01,-6.271560714696481119e-06,9.999945707914354998e-01,1.000194035023880268e+00,1.000002255241088989e+00
8.490247446709141277e-03,-2.476785965118578348e-01,-2.476836258569583560e-01,1.000001102772869466e+00,-2.476819044072187670e-01,2.000001102773986794e+00,-2.476812502847674791e-01,2.477333525368854150e-01,5.472353640126887096e-06,9.999938105766610352e-01,1.000194313555497594e+00,1.000000551386993397e+00
8.500011205484537397e-03,-2.476786079847275723e-01,-2.476700266600034839e-01,9.999976386373188308e-01,-2.476630618814298634e-01,1.999997638634926300e+00,-2.476612996834870462e-01,2.477273851975536623e-01,7.417959627749485393e-06,1.000001194737777155e+00,1.000201725016420129e+00,9.999988193174631501e-01
8.510634155007331184e-03,-2.476786204671866110e-01,-2.476751762216012065e-01,9.999966717372741343e-01,-2.476720184475111886e-01,1.999996671733901721e+00,-2.476732727701952685e-01,2.477254842617155062e-01,2.751163287619378376e-06,1.000004104335780797e+00,1.000204246468303415e+00,9.999983358669508604e-01
8.520985510377389674e-03,-2.476786326305095154e-01,-2.476834130044031634e-01,1.000002038650700475e+00,-2.476870570678121330e-01,2.000002038652766601e+00,-2.476882768160032777e-01,2.477328804074073187e-01,-2.257437821570184523e-06,1.000003295811859649e+00,1.000203078569472437e+00,1.000001019326383078e+00
8.532850626098697003e-03,-2.476786465725710762e-01,-2.476763337655714381e-01,1.000002581493401932e+00,-2.476807722795286437e-01,2.000002581496017839e+00,-2.476805857858534188e-01,2.477274686855879260e-01,-1.842470437406142297e-06,1.000003248040961745e+00,1.000202688111391458e+00,1.000001290748008920e+00
8.544784683793221411e-03,-2.476786605956425580e-01,-2.476778543552791700e-01,9.999966960389484738e-01,-2.476781218700451759e-01,1.999996696035600596e+00,-2.476774331396233708e-01,2.477275889243906737e-01,1.918606779307553707e-06,9.999994135772969361e-01,1.000199597828229869e+00,9.999983480178004092e-01
8.557853013840962045e-03,-2.476786759515375858e-01,-2.476813234444825984e-01,9.999996004169982022e-01,-2.476800797039517554e-01,1.999999600416593415e+00,-2.476807966006898121e-01,2.477316111022750400e-01,-2.022950151492122395e-06,9.999948253968108380e-01,1.000194163524697588e+00,9.999998002082965964e-01
8.570006615252052234e-03,-2.476786902325840145e-01,-2.476764238036807397e-01,9.999995771058346472e-01,-2.476710507399707828e-01,1.999999577105406212e+00,-2.476696285218686067e-01,2.477289074702583305e-01,-3.861141583149282293e-07,1.000008883146935146e+00,1.000210662373149040e+00,9.999997885527031061e-01
8.581840484392403226e-03,-2.476787041379301113e-01,-2.476822209862625801e-01,9.999968713433622369e-01,-2.476796361721200768e-01,1.999996871340192106e+00,-2.476797172648761425e-01,2.477316881511407443e-01,1.847408929893622912e-06,1.000004190771579538e+00,1.000203894284939610e+00,9.999984356700960531e-01
8.591905823004375095e-03,-2.476787159651712422e-01,-2.476798077920169816e-01,9.999983071360457609e-01,-2.476792301616573821e-01,1.999998307134330355e+00,-2.476794668379534992e-01,2.477296650663637356e-01,2.119004732583947236e-06,1.000000369351541574e+00,1.000200156852522504e+00,9.999991535671651777e-01
8.601938706136369808e-03,-2.476787277542745191e-01,-2.476806307701613363e-01,9.999971350016775284e-01,-2.476754273684282637e-01,1.999997134998774406e+00,-2.476735063949324911e-01,2.477302485540886223e-01,1.202754236991047518e-05,1.000001913598658421e+00,1.000202340942047297e+00,9.999985674993872031e-01
8.611827863396299618e-03,-2.476787393744932786e-01,-2.476762215852470472e-01,9.999965878872717484e-01,-2.476584573746618279e-01,1.999996587883814181e+00,-2.476583340966132529e-01,2.477270301415777920e-01,1.162046222115763540e-05,1.000003170975496403e+00,1.000202348353857573e+00,9.999982939419070904e-01
8.620894200090980716e-03,-2.476787500278597454e-01,-2.476745769340940317e-01,9.999969007473775706e-01,-2.476640901455012256e-01,1.999996900744237083e+00,-2.476655578439022065e-01,2.477245228392362109e-01,7.946904649313277802e-07,9.999930817262860927e-01,1.000192727914717583e+00,9.999984503721185414e-01
8.630036984118724663e-03,-2.476787607710554673e-01,-2.476818397041275766e-01,9.999987419992588666e-01,-2.476788820481077014e-01,1.999998741997984331e+00,-2.476805430481857917e-01,2.477321582796923050e-01,5.087863442189938851e-06,9.999986357012395910e-01,1.000199345873868939e+00,9.999993709989920543e-01
8.635303163797663356e-03,-2.476787669590605201e-01,-2.476792316450594778e-01,1.000000457665356279e+00,-2.476809417642896471e-01,2.000000457665819908e+00,-2.476810561089630713e-01,2.477300742235909459e-01,-2.864173908477120046e-07,9.999997974487966346e-01,1.000199745053361067e+00,1.000000228832909954e+00
8.646289675390701410e-03,-2.476787798687222208e-01,-2.476786543878985447e-01,1.000000328822383766e+00,-2.476861975031107166e-01,2.000000328822717055e+00,-2.476871256556280043e-01,2.477289301464640769e-01,-8.616339898545495658e-06,9.999945711809280491e-01,1.000193770016633898e+00,1.000000164411358305e+00
8.651982978497375909e-03,-2.476787865586180526e-01,-2.476815005987522689e-01,9.999981930679676667e-01,-2.476893825849198483e-01,1.999998193066136576e+00,-2.476883518344973056e-01,2.477309676197207156e-01,-5.940931580394616499e-06,9.999914059470258465e-01,1.000191714340989746e+00,9.999990965330682879e-01
8.660558056409571950e-03,-2.476787966347325509e-01,-2.476776647391880082e-01,9.999989554860008178e-01,-2.476725724043847277e-01,1.999998955484942442e+00,-2.476709021820206469e-01,2.477284908204342717e-01,1.112624614408017673e-05,9.999969286867704810e-01,1.000197805029140241e+00,9.999994777424712211e-01
8.667934348801498504e-03,-2.476788053022172809e-01,-2.476834651956553168e-01,9.999990036362865764e-01,-2.476792978495531150e-01,1.999999003635277051e+00,-2.476807654225851862e-01,2.477338949173199800e-01,6.602698700024734480e-06,1.000000372245497093e+00,1.000200758732706863e+00,9.999995018176385253e-01
8.680004127179372780e-03,-2.476788194847677760e-01,-2.476793734573772554e-01,9.999976009812172606e-01,-2.476751809999411802e-01,1.999997600978786538e+00,-2.476742080380272271e-01,2.477316011408180751e-01,2.043761951758184659e-06,9.999966557687025581e-01,1.000196031038591116e+00,9.999988004893932692e-01
8.690005718223906342e-03,-2.476788312371014100e-01,-2.476745592440618426e-01,9.999953863422514910e-01,-2.476697718210990884e-01,1.999995386337576564e+00,-2.476690000729437346e-01,2.477255783694974067e-01,6.652283094139777915e-06,9.999981961548091158e-01,1.000198593500861932e+00,9.999976931687882820e-01
8.700066253477883871e-03,-2.476788430586977230e-01,-2.476771450743540659e-01,9.999956503078969439e-01,-2.476719763396178775e-01,1.999995650303489469e+00,-2.476728798328197978e-01,2.477270225143322901e-01,2.566803120152283419e-06,1.000001780063102697e+00,1.000201890662182569e+00,9.999978251517447347e-01
8.710383395198235609e-03,-2.476788551818182860e-01,-2.476816537570146193e-01,1.000000559148860768e+00,-2.476784488537601692e-01,2.000000559149427648e+00,-2.476791291853877863e-01,2.477314919379778602e-01,-2.185271955524150424e-06,1.000005190938409783e+00,1.000205257453061547e+00,1.000000279574713824e+00
8.720401832219110486e-03,-2.476788669539471133e-01,-2.476817938950502673e-01,1.000000840530946178e+00,-2.476777086779858306e-01,2.000000840531797941e+00,-2.476772110269128413e-01,2.477312918342284287e-01,5.047096017061176724e-06,1.000003086113760098e+00,1.000203089973157322e+00,1.000000420265898970e+00
8.730035609816090558e-03,-2.476788782740834693e-01,-2.476793729129665167e-01,9.999975818833045649e-01,-2.476791817003060336e-01,1.999997581880854414e+00,-2.476794382372845826e-01,2.477295325749258315e-01,3.783997244362206387e-06,1.000000814423593232e+00,1.000200581707497705e+00,9.999987909404272068e-01
8.739157213835016536e-03,-2.476788889923907944e-01,-2.476798232376477005e-01,9.999957214545670547e-01,-2.476723666595785911e-01,1.999995721450231745e+00,-2.476715202184587017e-01,2.477294461861172803e-01,1.143714050993017392e-05,1.000016751401276771e+00,1.000218754396973386e+00,9.999978607251158724e-01
8.744242907134441509e-03,-2.476788949683156604e-01,-2.476783232457844541e-01,9.999959114022027862e-01,-2.476684983923054806e-01,1.999995911398059878e+00,-2.476680672492439783e-01,2.477286070329332290e-01,9.541234339449660532e-06,1.000015441675129901e+00,1.000213763200534345e+00,9.999979556990299390e-01
8.751379304998431127e-03,-2.476789033539154583e-01,-2.476750042074995495e-01,9.999969968724911062e-01,-2.476674110996841538e-01,1.999996996869447985e+00,-2.476675821916658748e-01,2.477258981162834273e-01,2.165796223158613737e-06,1.000003011227252880e+00,1.000201789540354103e+00,9.999984984347239925e-01
8.770008995790733869e-03,-2.476789252446669198e-01,-2.476822505945985298e-01,9.999999445122753627e-01,-2.476743633355520946e-01,1.999999944512218963e+00,-2.476749149349234957e-01,2.477326149164939817e-01,5.589693687168233556e-07,9.999921672018440288e-01,1.000191771376560901e+00,9.999999722561095927e-01
8.778387525906695271e-03,-2.476789350898283282e-01,-2.476779563166210674e-01,1.000001823855485750e+00,-2.476846183026880921e-01,2.000001823857333605e+00,-2.476861519839341497e-01,2.477295547323276059e-01,-8.861337497571860044e-06,9.999985845232239878e-01,1.000199494865059657e+00,1.000000911928666802e+00
8.782590713192104173e-03,-2.476789400287681409e-01,-2.476775150785113233e-01,1.000001452369669863e+00,-2.476875461048304305e-01,2.000001452371141131e+00,-2.476878459077744565e-01,2.477277317661963074e-01,-8.399179156851628282e-06,9.999999484750706769e-01,1.000199768955996049e+00,1.000000726185570565e+00
8.790636700062720577e-03,-2.476789494831768690e-01,-2.476836452571472835e-01,9.999981933935834233e-01,-2.476822836466003597e-01,1.999998193391752777e+00,-2.476812107067592195e-01,2.477335934274779161e-01,7.921210608969030267e-06,1.000000897947733058e+00,1.000201673789099077e+00,9.999990966958763883e-01
8.798615845802581700e-03,-2.476789588590429803e-01,-2.476839438587550568e-01,9.999975871501350921e-01,-2.476798959684969326e-01,1.999997587147690270e+00,-2.476801048585237086e-01,2.477334646420860931e-01,2.938846590153345521e-06,1.000004784695750715e+00,1.000204999204415302e+00,9.999987935738451350e-01
8.810003064988641483e-03,-2.476789722395540683e-01,-2.476916206478187721e-01,9.999966083703653030e-01,-2.477015418444591943e-01,1.999996608366928497e+00,-2.477043832726721906e-01,2.477420096964319807e-01,-1.356735911175373091e-06,1.000000002266697052e+00,1.000199609002424994e+00,9.999983041834642483e-01
8.815650418109187425e-03,-2.476789788754558130e-01,-2.476870425445457935e-01,9.999944315213450396e-01,-2.476931013028311757e-01,1.999994431515702553e+00,-2.476905592631070407e-01,2.477392356012380614e-01,5.447667054895257581e-06,1.000005981496260299e+00,1.000207455758100439e+00,9.999972157578512766e-01
8.822341158059413685e-03,-2.476789867373858089e-01,-2.476792960777605135e-01,9.999925850917426029e-01,-2.476757024480901459e-01,1.999992585084229058e+00,-2.476737580697639385e-01,2.477346702311952198e-01,1.088805058108165755e-05,1.000013088924262439e+00,1.000212653653387296e+00,9.999962925421145288e-01
8.830604490711399177e-03,-2.476789964471860506e-01,-2.476703242845981756e-01,9.999891613550051517e-01,-2.476674593331723573e-01,1.999989161344022603e+00,-2.476661666313208499e-01,2.477255038314242208e-01,3.790877300100991971e-06,1.000006371521724446e+00,1.000205417302242328e+00,9.999945806720113017e-01
8.836515119917186939e-03,-2.476790033924489431e-01,-2.476768866572452432e-01,9.999894685755885693e-01,-2.476652952315974987e-01,1.999989468564917328e+00,-2.476646847625427750e-01,2.477277562865667082e-01,1.139949713651625945e-05,1.000003760601517078e+00,1.000203414990215700e+00,9.999947342824586638e-01
8.842448743537689032e-03,-2.476790103647313890e-01,-2.476822648076211220e-01,9.999940047904360974e-01,-2.476688232179027338e-01,1.999994004784361179e+00,-2.476704175006926301e-01,2.477317319812533392e-01,1.171330151165947044e-05,1.000001639420551980e+00,1.000201236118737791e+00,9.999970023921805895e-01
8.850357947001069245e-03,-2.476790196584121861e-01,-2.476798311715929513e-01,1.000001375297961959e+00,-2.476871369042107640e-01,2.000001375299355733e+00,-2.476895726756218330e-01,2.477301384674788498e-01,-7.115677466454382892e-06,9.999959727040090840e-01,1.000195288332789367e+00,1.000000687649677644e+00
8.855311901296153421e-03,-2.476790254795369628e-01,-2.476790309073654828e-01,1.000002523908232188e+00,-2.476855997308694546e-01,2.000002523910789698e+00,-2.476843941019957474e-01,2.477288421257510531e-01,-4.029085985266886929e-06,9.999974868045886645e-01,1.000198393997765667e+00,1.000001261955394849e+00
8.861734765711724512e-03,-2.476790330267013562e-01,-2.476782243848691112e-01,9.999991861106484192e-01,-2.476736514659382271e-01,1.999999186109823635e+00,-2.476723595571989622e-01,2.477278140461830758e-01,6.096412127795676738e-06,1.000004581106104018e+00,1.000205363305366912e+00,9.999995930549119283e-01
8.877794020984614703e-03,-2.476790518970714006e-01,-2.476705977079941279e-01,9.999978519733463411e-01,-2.476654034942521454e-01,1.999997851971169860e+00,-2.476637859256647645e-01,2.477241338586370634e-01,2.285278016777611651e-06,1.000003085364995270e+00,1.000202469943316519e+00,9.999989259855849300e-01
8.890000000000000333e-03,-2.476790662396620712e-01,-2.476809474522898846e-01,9.999997031434714190e-01,-2.476776897037981928e-01,1.999999703143170438e+00,-2.476799766835274252e-01,2.477319986362995219e-01,2.560520334510957540e-06,1.000013140295421321e+00,1.000214493717813680e+00,9.999998515715852188e-01
8.897447945861749335e-03,-2.476790749913436729e-01,-2.476774764024102515e-01,1.000003003113872024e+00,-2.476798246614966559e-01,2.000003003116915146e+00,-2.476800580325029533e-01,2.477289582817407965e-01,-4.369284189393910093e-06,1.000004219930114902e+00,1.000202479113151410e+00,1.000001501558457573e+00
8.906392527935912823e-03,-2.476790855016424708e-01,-2.476819748717782321e-01,1.000004143392805300e+00,-2.476852335834779373e-01,2.000004143397003720e+00,-2.476864472918115512e-01,2.477328506193017255e-01,-7.474129115578147412e-06,9.999936065454072542e-01,1.000193053970627854e+00,1.000002071698501860e+00
8.920220956184740299e-03,-2.476791017506887183e-01,-2.476771424857141524e-01,9.999989806572423534e-01,-2.476725117411487931e-01,1.999998980656209513e+00,-2.476708252453257431e-01,2.477318590610996796e-01,2.958094852763011261e-07,1.000000224802643611e+00,1.000200795922731478e+00,9.999994903281047565e-01
8.930447409272054826e-03,-2.476791137672452736e-01,-2.476771087048010023e-01,9.999953933898890757e-01,-2.476739809334078113e-01,1.999995393385221254e+00,-2.476740654323497104e-01,2.477269110215797043e-01,3.148599561236889399e-07,9.999996326510373068e-01,1.000199543684971992e+00,9.999976966926106270e-01
8.940705280101211502e-03,-2.476791258207197421e-01,-2.476824671456474003e-01,9.999963533089917256e-01,-2.476825350672827997e-01,1.999996353305296681e+00,-2.476833681726841596e-01,2.477320317937299066e-01,-6.598981296559552470e-07,9.999956849813728121e-01,1.000195260798879104e+00,9.999981766526483407e-01
8.950455243807687103e-03,-2.476791372773798350e-01,-2.476781253434879038e-01,9.999997062346691612e-01,-2.476693951530825055e-01,1.999999706234371510e+00,-2.476677671224588873e-01,2.477291710043728334e-01,4.158583274556672148e-06,9.999970831501513446e-01,1.000197758893201172e+00,9.999998531171857552e-01
8.959453907983234641e-03,-2.476791478512267164e-01,-2.476767897168173915e-01,9.999975429594523124e-01,-2.476779309051614364e-01,1.999997542956962748e+00,-2.476793106616103080e-01,2.477264119920746799e-01,-3.192210839605243734e-06,1.000002674910764888e+00,1.000203277017460701e+00,9.999987714784813742e-01
8.965650916708202758e-03,-2.476791551329987628e-01,-2.476771761880567080e-01,9.999965893310217568e-01,-2.476810570007655921e-01,1.999996589327565744e+00,-2.476814748351565398e-01,2.477268341153597564e-01,-3.934554973226767261e-06,1.000001134775954759e+00,1.000200649271260289e+00,9.999982946637828718e-01
8.973699649560119146e-03,-2.476791645906321615e-01,-2.476802622667949039e-01,9.999983843509397952e-01,-2.476821770406614498e-01,1.999998384349302771e+00,-2.476820181144918087e-01,2.477306716662576180e-01,-3.006656994345407336e-06,9.999986267330283063e-01,1.000198891916596722e+00,9.999991921746513857e-01
8.981845957545779233e-03,-2.476791741629223442e-01,-2.476860041762231346e-01,9.999999341603156289e-01,-2.476808167968631569e-01,1.999999934160249015e+00,-2.476821506931472794e-01,2.477354720968581170e-01,1.138718735992638849e-06,1.000000983521753817e+00,1.000200796320259489e+00,9.999999670801245077e-01
8.990706195281040689e-03,-2.476791845741129761e-01,-2.476808074151103656e-01,9.999993544888380326e-01,-2.476942410298321462e-01,1.999999354488183778e+00,-2.476951174806787948e-01,2.477324235179119427e-01,-7.689825179828129302e-06,9.999963974733880878e-01,1.000195950909432474e+00,9.999996772440918891e-01
9.000076575531704842e-03,-2.476791955847454374e-01,-2.476734036331977584e-01,9.999950291463933771e-01,-2.476780858223717185e-01,1.999995029141356628e+00,-2.476757150795046436e-01,2.477265585624116584e-01,-9.211381884828198904e-07,9.999976854131855664e-01,1.000198061696112140e+00,9.999975145706783142e-01
9.010064867157822899e-03,-2.476792073214509338e-01,-2.476805925840574185e-01,9.999944761847742170e-01,-2.476739140001951722e-01,1.999994476179177250e+00,-2.476738951480308981e-01,2.477309228551398124e-01,9.193264451627574798e-06,1.000009528037594020e+00,1.000210501688056475e+00,9.999972380895885138e-01
9.018397680419752704e-03,-2.476792171128928688e-01,-2.476783246257953930e-01,9.999992113619533551e-01,-2.476758966237243564e-01,1.999999211361154217e+00,-2.476760904837974064e-01,2.477288600573338273e-01,3.112743034326596747e-06,9.999991978383694358e-01,1.000197536065790649e+00,9.999996056805771083e-01
9.029999999999998098e-03,-2.476792307461571085e-01,-2.476834282657844610e-01,9.999997649582170745e-01,-2.476809571191413151e-01,1.999999764957978821e+00,-2.476812138325899526e-01,2.477336526670469719e-01,2.388309073603574769e-06,9.999933423480577011e-01,1.000193395336363977e+00,9.999998824789894103e-01
9.041933712246071411e-03,-2.476792447688228038e-01,-2.476800974058508409e-01,9.999981242752777888e-01,-2.476790557857719566e-01,1.999998124273377087e+00,-2.476782974332032983e-01,2.477308514866420619e-01,3.917960885380681064e-06,1.000005390667373817e+00,1.000205662744653168e+00,9.999990621366885435e-01
9.060013736836474221e-03,-2.476792660136925006e-01,-2.476793092699626775e-01,9.999954907344583699e-01,-2.476736829796176709e-01,1.999995490729889136e+00,-2.476744156180304968e-01,2.477294282399774561e-01,3.521620162851368654e-07,9.999944500648435541e-01,1.000192945146400225e+00,9.999977453649445680e-01
9.068680896337348932e-03,-2.476792761980070312e-01,-2.476790981813224157e-01,9.999990068567090606e-01,-2.476765166213869829e-01,1.999999006855702977e+00,-2.476766842861911622e-01,2.477286429899985543e-01,3.678020086505145035e-06,9.999987497370107503e-01,1.000199532507331845e+00,9.999995034278513772e-01
9.076825805966729291e-03,-2.476792857686529736e-01,-2.476773240084955419e-01,1.000000529152657691e+00,-2.476720471348820563e-01,2.000000529153194151e+00,-2.476709843847491876e-01,2.477274080029122361e-01,3.914682280319700798e-06,1.000004719120120233e+00,1.000205470494978099e+00,1.000000264576596853e+00
9.084705296680796460e-03,-2.476792950274194771e-01,-2.476748688085047556e-01,9.999987037677577906e-01,-2.476702152793177070e-01,1.999998703766444397e+00,-2.476709279518122531e-01,2.477253095729810006e-01,1.806010508334804331e-06,1.000004913629236381e+00,1.000203944716538729e+00,9.999993518832221984e-01
9.092259475984295486e-03,-2.476793039039306144e-01,-2.476737508838695034e-01,9.999984227738479836e-01,-2.476773172727246286e-01,1.999998422772249596e+00,-2.476780439627522534e-01,2.477239999647840307e-01,-3.016240663418602661e-06,9.999992666227860427e-01,1.000199894393248190e+00,9.999992113861249088e-01
9.105323877859051312e-03,-2.476793192552089184e-01,-2.476808472033046327e-01,1.000001320460891074e+00,-2.476841071116827331e-01,2.000001320462228893e+00,-2.476848976313565653e-01,2.477303604219986688e-01,3.966128422353603221e-06,1.000005392532959725e+00,1.000204845818384980e+00,1.000000660231114447e+00
9.112603582130316543e-03,-2.476793278091975192e-01,-2.476804278925606173e-01,1.000002514970660616e+00,-2.476848649526952328e-01,2.000002514973208800e+00,-2.476844156403205099e-01,2.477299889453055126e-01,4.568238513446441415e-06,1.000000892224440774e+00,1.000199926510516590e+00,1.000001257486604400e+00
9.130015293979767618e-03,-2.476793482687687231e-01,-2.476779663148105659e-01,9.999968914862359393e-01,-2.476819727495344348e-01,1.999996891483086348e+00,-2.476827400313723615e-01,2.477275590851295284e-01,-4.551764396769617737e-06,9.999977989859146765e-01,1.000198245480111492e+00,9.999984457415430628e-01
9.139082286856933801e-03,-2.476793589229051296e-01,-2.476768046367391618e-01,9.999973060701313754e-01,-2.476841379081951011e-01,1.999997306067401892e+00,-2.476843922479799454e-01,2.477264192137920151e-01,-2.096492035474642295e-06,9.999996784741581601e-01,1.000199890878196607e+00,9.999986530337009460e-01
9.147968725311287838e-03,-2.476793693648824957e-01,-2.476803163922051410e-01,9.999984989469359320e-01,-2.476820333495407533e-01,1.999998498945415148e+00,-2.476819361142164333e-01,2.477303916180141341e-01,-6.215565024420221104e-06,9.999927898892794209e-01,1.000191673695231875e+00,9.999992494727074632e-01
9.151192398741406914e-03,-2.476793731528489917e-01,-2.476820466996657311e-01,9.999989168337485301e-01,-2.476821403857498161e-01,1.999998916832651075e+00,-2.476824525955001466e-01,2.477321109905669672e-01,-7.307824287423483705e-06,9.999901004340300270e-01,1.000190371863819427e+00,9.999994584163255373e-01
9.160239478803346505e-03,-2.476793837835881973e-01,-2.476867486102243832e-01,9.999997487967663412e-01,-2.476777708601498873e-01,1.999999748796511767e+00,-2.476770439484128616e-01,2.477365378433200871e-01,5.802095774569893955e-06,1.000001729071656298e+00,1.000203127533764613e+00,9.999998743982559946e-01
9.165078783954432734e-03,-2.476793894699951537e-01,-2.476841157713881858e-01,9.999992214030691828e-01,-2.476765181211435241e-01,1.999999221402280147e+00,-2.476764686631922341e-01,2.477349225795684173e-01,4.487377720017003425e-06,1.000004445090660887e+00,1.000204648848071143e+00,9.999996107011400737e-01
9.171501789353700765e-03,-2.476798515515679089e-01,-2.476806496095634857e-01,9.999968926818280091e-01,-2.476759114651475857e-01,1.999996892678679528e+00,-2.476761874830643306e-01,2.477319023550673960e-01,2.969442081615806053e-06,1.000005156502276726e+00,1.000204657850608303e+00,9.999984463393397638e-01
9.180697079862562560e-03,-2.476820886804371180e-01,-2.476895954065158334e-01,9.999929586203604170e-01,-2.476802868088832377e-01,1.999992958613225458e+00,-2.476800958747814585e-01,2.477394401851061023e-01,1.242022910768831753e-05,1.000001484076100455e+00,1.000201863955270554e+00,9.999964793066127289e-01
9.190002991282973308e-03,-2.476836031829066087e-01,-2.476864026280773678e-01,9.999937562827487803e-01,-2.476765326310349236e-01,1.999993756276422285e+00,-2.476763250849593201e-01,2.477371325226800647e-01,3.051840593954126628e-06,1.000005824650686437e+00,1.000206132966226624e+00,9.999968781382111427e-01
9.192931307266317964e-03,-2.476839662144374177e-01,-2.476850137521437178e-01,9.999941040086687272e-01,-2.476751277026471854e-01,1.999994104002694506e+00,-2.476739259668244431e-01,2.477359418569457516e-01,4.378999941529025036e-06,1.000004779796591636e+00,1.000204460649246174e+00,9.999970520013472530e-01
9.201631365341836691e-03,-2.476848083118543820e-01,-2.476809096110642039e-01,9.999910092397318317e-01,-2.476590496677610609e-01,1.999991009230621897e+00,-2.476582138447364634e-01,2.477318479539251939e-01,1.773971603341498832e-05,1.000004816111264683e+00,1.000204845686888833e+00,9.999955046153108373e-01
9.212031112662118215e-03,-2.476854745766464971e-01,-2.476807502538611871e-01,9.999904802518270186e-01,-2.476647572591625934e-01,1.999990480242180846e+00,-2.476662605511192328e-01,2.477311359005735236e-01,1.459750097991292687e-05,1.000001342704064156e+00,1.000201560495074249e+00,9.999952401210904229e-01
9.222535622114393442e-03,-2.476859018299296111e-01,-2.476890095502760902e-01,9.999947153901570518e-01,-2.476858447946399810e-01,1.999994715384802113e+00,-2.476868616349224561e-01,2.477384780712858225e-01,2.560866119515601592e-06,1.000002642715364320e+00,1.000202449081958989e+00,9.999973576924010565e-01
9.238009714714605358e-03,-2.476862632539970910e-01,-2.476896626595776196e-01,9.999936832253129015e-01,-2.476907699524038831e-01,1.999993683218912244e+00,-2.476907189910186879e-01,2.477395816094845327e-01,1.326359523132163123e-06,9.999975488371654064e-01,1.000197092225944440e+00,9.999968416094560109e-01
9.250002977859958161e-03,-2.476864162607893827e-01,-2.476873473418342575e-01,9.999893755940153506e-01,-2.476757801082979660e-01,1.999989375583250073e+00,-2.476742712541987745e-01,2.477379366278518180e-01,1.128576389318919392e-05,1.000001536674744118e+00,1.000202019138700660e+00,9.999946877916250365e-01
9.260039343706623349e-03,-2.476864952983394152e-01,-2.476885928052556807e-01,9.999882967809662349e-01,-2.476713432994363528e-01,1.999988296769107610e+00,-2.476711310880218841e-01,2.477382788338496067e-01,1.218058799690246869e-05,1.000004835610374787e+00,1.000205150238586471e+00,9.999941483845536938e-01
9.270985450766896716e-03,-2.476865499972324691e-01,-2.476828983276736229e-01,9.999886910378104066e-01,-2.476713156055409815e-01,1.999988691026351351e+00,-2.476712176010893718e-01,2.477343426357458689e-01,1.327284044488907709e-05,1.000010042036136193e+00,1.000209945991910043e+00,9.999943455131756753e-01
9.280551419899057963e-03,-2.476865805243181062e-01,-2.476841850800672040e-01,9.999894284994922389e-01,-2.476779113169073065e-01,1.999989428488780252e+00,-2.476790558462105274e-01,2.477340064221165150e-01,3.885329719458642728e-06,1.000004021340017646e+00,1.000203747893212425e+00,9.999947142443901260e-01
9.290354312249967869e-03,-2.476866010555046349e-01,-2.476884468178014165e-01,9.999918033053383226e-01,-2.476889166824635113e-01,1.999991803297032966e+00,-2.476895807687632123e-01,2.477383957406689152e-01,3.823994874022531054e-06,1.000009354614192825e+00,1.000209296562767358e+00,9.999959016485163721e-01
9.300706833980631680e-03,-2.476866150482317508e-01,-2.476916457580790043e-01,9.999931870225188257e-01,-2.476842657848681017e-01,1.999993187015615348e+00,-2.476838178194450124e-01,2.477411114218970034e-01,1.615959238770802749e-06,9.999936576671590860e-01,1.000193409854336801e+00,9.999965935078076740e-01
9.310260941516759411e-03,-2.476866234064421246e-01,-2.476877384554240225e-01,9.999904847109428729e-01,-2.476706273160760863e-01,1.999990484701301030e+00,-2.476690417286069035e-01,2.477385877995724184e-01,1.368536850558236382e-05,1.000006865643613851e+00,1.000208370329030982e+00,9.999952423506506261e-01
9.320108467366325020e-03,-2.476866290508799029e-01,-2.476850992690861064e-01,9.999872479709868145e-01,-2.476727347764568765e-01,1.999987247958065373e+00,-2.476732525785721173e-01,2.477352240223882063e-01,1.346374974267357729e-05,1.000011390710122239e+00,1.000211444641815772e+00,9.999936239790326864e-01
9.340042290113955217e-03,-2.476866351501093022e-01,-2.476854018552785974e-01,9.999910673791853055e-01,-2.476828927671472502e-01,1.999991067370133990e+00,-2.476844016621544964e-01,2.477353524581143440e-01,1.060514993540162140e-06,9.999965983040547401e-01,1.000196807794927034e+00,9.999955336850669951e-01
9.344848608516130931e-03,-2.476866359789026417e-01,-2.476872972466283018e-01,9.999924469184633402e-01,-2.476828127699395310e-01,1.999992446910810129e+00,-2.476820190180569203e-01,2.477372242667066071e-01,5.313129190843105478e-06,9.999972896674000911e-01,1.000197611800303310e+00,9.999962234554050644e-01
9.351989799171451026e-03,-2.476866369267710366e-01,-2.476888784435715696e-01,9.999939869894163280e-01,-2.476772546065311997e-01,1.999993986983323424e+00,-2.476773230147921168e-01,2.477385169659176434e-01,1.123254392797557382e-05,9.999998155917976250e-01,1.000199855902524915e+00,9.999969934916617120e-01
9.360476176819638311e-03,-2.476866377240067307e-01,-2.476834329713204219e-01,9.999929332761260392e-01,-2.476819341461685697e-01,1.999992933268965434e+00,-2.476824887146668874e-01,2.477352348373255408e-01,-6.126542468352197166e-07,9.999970900090247028e-01,1.000196678834073705e+00,9.999964666344828279e-01
9.367962828059676894e-03,-2.476866382148888712e-01,-2.476882982732845628e-01,9.999904135230367475e-01,-2.476832365803729452e-01,1.999990413513322851e+00,-2.476832814655194615e-01,2.477386051272932044e-01,4.978708733815726286e-06,9.999979613823799518e-01,1.000198260592404687e+00,9.999952067566615366e-01
9.379262834007490862e-03,-2.476866387008867521e-01,-2.476848159006466432e-01,9.999907329863525485e-01,-2.476760346598984586e-01,1.999990732976962615e+00,-2.476752520652729384e-01,2.477366830352330518e-01,7.165460687042797669e-06,1.000003944191776961e+00,1.000204417177267713e+00,9.999953664884811966e-01
9.390224653220910489e-03,-2.476866389808602131e-01,-2.476973212362374999e-01,9.999901757070839281e-01,-2.476913514107386138e-01,1.999990175697129224e+00,-2.476931509592159020e-01,2.477479062219541117e-01,5.793043514345398370e-06,1.000002806277738632e+00,1.000202760199045304e+00,9.999950878485646122e-01
9.397876426312070167e-03,-2.476866391042519822e-01,-2.476934873578693908e-01,9.999897351170490278e-01,-2.476858802566759277e-01,1.999989735106647792e+00,-2.476845244626260656e-01,2.477449809427043348e-01,1.685160603307587712e-05,1.000007493642835366e+00,1.000208208381550889e+00,9.999948675533238962e-01
9.403226706540016369e-03,-2.476866391658447686e-01,-2.476890817150327051e-01,9.999898019578893349e-01,-2.476771417048221069e-01,1.999989801947555712e+00,-2.476756205334035843e-01,2.477420997959742244e-01,1.823387551573513930e-05,1.000010090498133275e+00,1.000210035901942351e+00,9.999949009737779670e-01
9.411668823162591679e-03,-2.476866392327333743e-01,-2.476813947768175261e-01,9.999846329330817074e-01,-2.476646231947568777e-01,1.999984632917510607e+00,-2.476639845205284018e-01,2.477353197021840703e-01,1.297384685245182210e-05,1.000008945087017542e+00,1.000208289858258714e+00,9.999923164587551927e-01
9.420905416878748787e-03,-2.476866392753372670e-01,-2.476763941201909069e-01,9.999841098356180291e-01,-2.476621303559325693e-01,1.999984109819516798e+00,-2.476624278951181368e-01,2.477277957070661563e-01,1.463303564359206516e-05,1.000001833401857221e+00,1.000201510941594485e+00,9.999920549097583988e-01
9.430967021109811985e-03,-2.476866392973627873e-01,-2.476892482061713030e-01,9.999916692395375284e-01,-2.476742497453760516e-01,1.999991669231095948e+00,-2.476754647113609265e-01,2.477387167748566210e-01,1.690260174543599628e-05,1.000004321499688542e+00,1.000205021314854781e+00,9.999958346155480848e-01
9.440143870158984596e-03,-2.476866393027784830e-01,-2.476747170474107029e-01,9.999975431892790256e-01,-2.476753982292635992e-01,1.999997543186789573e+00,-2.476749883674668196e-01,2.477326356754253889e-01,6.950220867624170489e-06,1.000010211401923810e+00,1.000210656954565458e+00,9.999987715933947863e-01
9.448324226754173730e-03,-2.476866392996956157e-01,-2.476766487739323896e-01,9.999953141688974201e-01,-2.476685302949790390e-01,1.999995314164149329e+00,-2.476673017554061329e-01,2.477266509608001821e-01,1.431876712121142501e-05,1.000007020635922839e+00,1.000206810150233716e+00,9.999976570820747757e-01
9.453786270062431232e-03,-2.476866392946677764e-01,-2.476794641984868817e-01,9.999931063249152263e-01,-2.476653328995710723e-01,1.999993106317929925e+00,-2.476660694806431806e-01,2.477295590648626589e-01,1.545352220786337996e-05,1.000008247334821299e+00,1.000208505055468988e+00,9.999965531589649625e-01
9.461387145386319225e-03,-2.476866392847673903e-01,-2.476834022173454997e-01,9.999974598807194193e-01,-2.476774801623435052e-01,1.999997459878145589e+00,-2.476795900929637251e-01,2.477331175732901403e-01,2.718434009577139141e-06,1.000006968021463827e+00,1.000206310481869698e+00,9.999987299390727946e-01
9.471191608053288608e-03,-2.476866392683918505e-01,-2.476839650316821351e-01,1.000000219893749875e+00,-2.476860824200824984e-01,2.000000219893972808e+00,-2.476854064147915313e-01,2.477334558189054348e-01,1.596796361690143321e-06,1.000004287085845656e+00,1.000204088053456841e+00,1.000000109946986404e+00
9.484333534283942782e-03,-2.476866392423189012e-01,-2.476852052578993046e-01,9.999949363594654583e-01,-2.476779191330472085e-01,1.999994936354334563e+00,-2.476786356114858423e-01,2.477353505808945477e-01,1.019742487913828715e-06,9.999984203318192932e-01,1.000197658480258767e+00,9.999974681771672813e-01
9.493910084002092978e-03,-2.476866392214600310e-01,-2.476863419450348602e-01,9.999935343265695664e-01,-2.476847845997123543e-01,1.999993534320018140e+00,-2.476845849244007081e-01,2.477370545229913013e-01,2.723688903296298422e-06,9.999970819008454637e-01,1.000198541525502804e+00,9.999967671600090702e-01
9.503947239661081348e-03,-2.476866391985585447e-01,-2.476820128227202600e-01,9.999928882489944604e-01,-2.476803158691359141e-01,1.999992888241788114e+00,-2.476802624919020868e-01,2.477324463003809374e-01,7.928715131163433248e-06,1.000005766002637575e+00,1.000205042515275755e+00,9.999964441208941679e-01
9.520000425190950841e-03,-2.476866391605985485e-01,-2.476834845622243597e-01,9.999930740572180454e-01,-2.476811775573756758e-01,1.999993074050200104e+00,-2.476814151174377698e-01,2.477347665250921038e-01,3.138755324051665683e-06,9.999974744167298146e-01,1.000196966267698828e+00,9.999965370251000518e-01
9.522846904480656779e-03,-2.476866391537546341e-01,-2.476838305098151005e-01,9.999939673081477132e-01,-2.476798000437644975e-01,1.999993967302034825e+00,-2.476786986827694270e-01,2.477337684883786917e-01,5.243566788842467741e-06,9.999980277864845002e-01,1.000198781983288043e+00,9.999969836510175236e-01
9.531549007075717020e-03,-2.476866391326974781e-01,-2.476873592499655719e-01,9.999923301006750087e-01,-2.476654432193886035e-01,1.999992330092903225e+00,-2.476644916587431855e-01,2.477369234927400410e-01,2.009098679341636101e-05,1.000007626060740451e+00,1.000208086384904105e+00,9.999961650464516127e-01
9.541197825420710474e-03,-2.476866391091670228e-01,-2.476864628943228896e-01,9.999920447872331364e-01,-2.476696362894273418e-01,1.999992044779172584e+00,-2.476712444869821339e-01,2.477360982424594849e-01,1.123822924130893739e-05,1.000004023026742184e+00,1.000203541259110596e+00,9.999960223895861811e-01
9.552075471631581161e-03,-2.476866390824913611e-01,-2.476828473684105913e-01,9.999912392145875462e-01,-2.476821397114162548e-01,1.999991239205710425e+00,-2.476808361909579592e-01,2.477330813762848860e-01,5.329977976092402344e-06,1.000001635152660162e+00,1.000201880459998138e+00,9.999956196028552124e-01
9.562423356562172599e-03,-2.476866390570204579e-01,-2.476836394991728807e-01,9.999908056032247305e-01,-2.476704231179831239e-01,1.999990805593908183e+00,-2.476719642609275795e-01,2.477338202784530041e-01,7.154063997318093468e-06,1.000005256976310930e+00,1.000205705552385194e+00,9.999954027969540915e-01
9.570030649999998473e-03,-2.476820766730214451e-01,-2.476889435804082162e-01,9.999925519052832446e-01,-2.476849915166245419e-01,1.999992551897736170e+00,-2.476869066538971986e-01,2.477384120882393237e-01,1.093567502076347207e-05,1.000008865460185747e+00,1.000209319219727666e+00,9.999962759488680852e-01
9.574351575374822482e-03,-2.476820536334968792e-01,-2.476850556675582460e-01,9.999935648139380850e-01,-2.476802033229584810e-01,1.999993564807417190e+00,-2.476793142239927248e-01,2.477357824120089702e-01,9.087410119792987571e-06,1.000009285782397894e+00,1.000209175805836681e+00,9.999967824037088171e-01
9.585418378282235460e-03,-2.476820666375027513e-01,-2.476837058286713300e-01,9.999930400661429797e-01,-2.476723491457049897e-01,1.999993040059090843e+00,-2.476714587272518808e-01,2.477336644164806478e-01,7.363144209868080476e-06,9.999996810025061356e-01,1.000197782052234308e+00,9.999965200295453105e-01
9.601303620199773750e-03,-2.476820853033997738e-01,-2.476875137331353005e-01,9.999921686577833979e-01,-2.476789523935382098e-01,1.999992168649847857e+00,-2.476783560507898330e-01,2.477370755745761932e-01,1.404623285794122592e-05,1.000004912107881117e+00,1.000205940842741059e+00,9.999960843249239284e-01
9.612204911437780344e-03,-2.476820981129221610e-01,-2.476758756860805155e-01,9.999934870264793885e-01,-2.476592256634385925e-01,1.999993487019879890e+00,-2.476605185522591235e-01,2.477299340533811178e-01,1.610533070799124739e-05,1.000012535987830020e+00,1.000211772750973171e+00,9.999967435099399449e-01
9.620923238680413950e-03,-2.476821083573612081e-01,-2.476825866144877208e-01,9.999921350271905318e-01,-2.476803695686272677e-01,1.999992135019220907e+00,-2.476819496762898698e-01,2.477322872359936090e-01,6.443554817695394907e-06,1.000003307658537732e+00,1.000202612847698846e+00,9.999960675096105644e-01
9.630091630836992364e-03,-2.476821191306464442e-01,-2.476804649281860726e-01,9.999959829650602039e-01,-2.476806626288418078e-01,1.999995982960989904e+00,-2.476807717016448196e-01,2.477306114853804198e-01,4.659497417872701726e-06,1.000000849936829139e+00,1.000200528897904562e+00,9.999979914804949521e-01
9.640551565263963049e-03,-2.476821314215542913e-01,-2.476843690566351286e-01,9.999974872559054262e-01,-2.476852296310872170e-01,1.999997487253359241e+00,-2.476845190997371549e-01,2.477340390025481176e-01,8.390248861131735484e-06,1.000003995919147792e+00,1.000204464908143631e+00,9.999987436266796204e-01
9.650001956767075353e-03,-2.476821425262019649e-01,-2.476820414378050894e-01,9.999958924348431033e-01,-2.476782944124228392e-01,1.999995892430681099e+00,-2.476778069544780803e-01,2.477322582967958209e-01,-3.430189331136665531e-06,1.000000201522452503e+00,1.000199548862924281e+00,9.999979462153405496e-01
9.653059663494327480e-03,-2.476821461191479889e-01,-2.476828898290163450e-01,9.999957916920757528e-01,-2.476784315670938486e-01,1.999995791687811719e+00,-2.476783487363172498e-01,2.477329220395110554e-01,-3.320768899382769510e-06,9.999991992320402812e-01,1.000199254381279212e+00,9.999978958439058596e-01
9.664357482492275456e-03,-2.476821593946084143e-01,-2.476870072698025005e-01,9.999940435438823272e-01,-2.476769534866738454e-01,1.999994043537846933e+00,-2.476773227737124328e-01,2.477365280355059152e-01,4.855996804225907519e-06,1.000002978217191529e+00,1.000203382359077686e+00,9.999970217689233554e-01
9.679999999999999369e-03,-2.476821777752917786e-01,-2.476685362316451700e-01,9.999925591526970248e-01,-2.476642817738668179e-01,1.999992559145157500e+00,-2.476621844127181726e-01,2.477292064367711821e-01,6.483859789864682164e-06,1.000006715731130313e+00,1.000206937338491198e+00,9.999962795725787501e-01
9.689999999999998961e-03,-2.476821895257548256e-01,-2.476742203401762765e-01,9.999914142460974986e-01,-2.476634751902395404e-01,1.999991414237397569e+00,-2.476641379284444389e-01,2.477246127738791937e-01,1.178249283927457528e-05,1.000010213264956649e+00,1.000210479783687045e+00,9.999957071186987845e-01
9.700089397377629347e-03,-2.476822013812647327e-01,-2.476742365258900735e-01,1.000000706773691350e+00,-2.476746126130432157e-01,2.000000706774407888e+00,-2.476760716443317245e-01,2.477237726617012026e-01,3.525744404058580063e-06,1.000008493117258590e+00,1.000207929313309041e+00,1.000000353387203944e+00
9.711913896949525907e-03,-2.476822152756001094e-01,-2.476763107201957193e-01,1.000004720046710593e+00,-2.476801247397016625e-01,2.000004720051493212e+00,-2.476801523202245559e-01,2.477259060365156473e-01,-3.649755888707310468e-06,9.999941966966374718e-01,1.000194278071760312e+00,1.000002360025746606e+00
9.722011159728210714e-03,-2.476822271403524012e-01,-2.476776882887999631e-01,1.000002770536014163e+00,-2.476806799248207624e-01,2.000002770538821029e+00,-2.476804957689930642e-01,2.477280246369081562e-01,-4.404605956674796573e-06,9.999964561804415286e-01,1.000196745816965160e+00,1.000001385269410736e+00
9.730957572738346481e-03,-2.476822376528025893e-01,-2.476853866095949930e-01,1.000001763725118620e+00,-2.476777617931742448e-01,2.000001763726905857e+00,-2.476776229247942551e-01,2.477351098115872785e-01,3.161338656703854474e-06,1.000000609476590530e+00,1.000200953541849458e+00,1.000000881863452706e+00
9.740011493770014267e-03,-2.476822482915796708e-01,-2.476833971901651055e-01,1.000000447471119269e+00,-2.476820261793896694e-01,2.000000447471572684e+00,-2.476826053857610066e-01,2.477334988881482736e-01,-6.703978220091288846e-06,9.999980987650807229e-01,1.000197709881211372e+00,1.000000223735786120e+00
9.743488839436787244e-03,-2.476822523776213147e-01,-2.476816268900698392e-01,9.999993895337250249e-01,-2.476822910309107451e-01,1.999999389533106298e+00,-2.476815151087350397e-01,2.477324931253433171e-01,-4.169441268889946639e-06,9.999995673843941058e-01,1.000200571157395579e+00,9.999996947665531488e-01
9.751276299779192483e-03,-2.476822615282489037e-01,-2.476776701977516093e-01,9.999952377095078226e-01,-2.476727061336605751e-01,1.999995237704682571e+00,-2.476718318486440251e-01,2.477287581119134718e-01,7.593578046939728639e-06,1.000008562948728752e+00,1.000208879700376974e+00,9.999976188523411746e-01
9.760621433528762075e-03,-2.476822725092142075e-01,-2.476834585175635983e-01,9.999936330551777441e-01,-2.476808148813185728e-01,1.999993633048726460e+00,-2.476819010708285751e-01,2.477332956577000533e-01,3.211547044959474088e-06,1.000003368426770622e+00,1.000202577831969641e+00,9.999968165243632301e-01
9.771727732621993470e-03,-2.476822855596310380e-01,-2.476825445677385551e-01,9.999972525790823408e-01,-2.476786839087781744e-01,1.999997252576298346e+00,-2.476793426028217615e-01,2.477320789841218340e-01,3.315096734979290832e-06,9.999980849565361929e-01,1.000197872965379764e+00,9.999986262881491728e-01
9.783620328297335314e-03,-2.476822995339822975e-01,-2.476812212746947184e-01,9.999952335430574157e-01,-2.476800466204757412e-01,1.999995233538227835e+00,-2.476785514987910053e-01,2.477312333081352902e-01,7.112649210161233449e-06,1.000000467456121145e+00,1.000201320665704108e+00,9.999976167691139173e-01
9.800019037896005869e-03,-2.476823188032283019e-01,-2.476821368377110366e-01,9.999949422298193280e-01,-2.476740766520636461e-01,1.999994942224694316e+00,-2.476746653409738486e-01,2.477320814618078626e-01,5.239668651700426675e-06,1.000006806861601039e+00,1.000206843172811499e+00,9.999974711123471582e-01
9.810029372115698990e-03,-2.476823305658351904e-01,-2.476798663483515128e-01,9.999968127861155187e-01,-2.476853197231681236e-01,1.999996812782885769e+00,-2.476865304230814469e-01,2.477301089599575623e-01,-3.438260133023181053e-06,9.999934184467975662e-01,1.000191909785400624e+00,9.999984063914429955e-01
9.818211199841948844e-03,-2.476823401798612101e-01,-2.476818138136571701e-01,9.999969102259741449e-01,-2.476840823967251803e-01,1.999996910222843205e+00,-2.476834782475549612e-01,2.477316601202282365e-01,1.114244597427688591e-07,9.999970766863572891e-01,1.000197966914302627e+00,9.999984551114216025e-01
9.831530671834972854e-03,-2.476823558308583473e-01,-2.476855417075972676e-01,9.999964024202316892e-01,-2.476692751618033428e-01,1.999996402416586383e+00,-2.476703083105188663e-01,2.477351152729981298e-01,6.778973676623077893e-06,1.000002663122925739e+00,1.000202576902969653e+00,9.999982012082930805e-01
9.844163424365547435e-03,-2.476823706749275711e-01,-2.476853676451205022e-01,9.999947239115024589e-01,-2.476816575403181508e-01,1.999994723906156402e+00,-2.476814174942752744e-01,2.477349292220153432e-01,9.449683126314335953e-06,1.000000282753342740e+00,1.000199911446328915e+00,9.999973619530782010e-01
9.860013273651664634e-03,-2.476823892992356113e-01,-2.476833988543326870e-01,9.999919145182650793e-01,-2.476751516261396779e-01,1.999991914510072410e+00,-2.476746338607970777e-01,2.477334337128292707e-01,1.007277098220849496e-05,1.000003750047461448e+00,1.000204384858883078e+00,9.999959572550362052e-01
9.870394259472970236e-03,-2.476824014973744159e-01,-2.476819219218751589e-01,9.999919081910992880e-01,-2.476731384989454277e-01,1.999991908182899847e+00,-2.476735321362301678e-01,2.477315366415701325e-01,4.491539191750529293e-06,9.999977781466063975e-01,1.000197490296967917e+00,9.999959540914499234e-01
9.881044016707739644e-03,-2.476824140113322026e-01,-2.476860025467005622e-01,9.999931794912065852e-01,-2.476886750421060102e-01,1.999993179484295780e+00,-2.476888981702995984e-01,2.477354704670099994e-01,3.969900575268997614e-07,1.000004464726414133e+00,1.000204673812563172e+00,9.999965897421477790e-01
9.891015718292881301e-03,-2.476824257285427100e-01,-2.476806565702428242e-01,9.999944764908604844e-01,-2.476739632693472637e-01,1.999994476485263739e+00,-2.476728830933999925e-01,2.477321172379996495e-01,5.600500096636582873e-06,1.000006119895128887e+00,1.000205692498130405e+00,9.999972382426317585e-01
9.905933843575645548e-03,-2.476824432580315150e-01,-2.476815203751192851e-01,9.999930834975725435e-01,-2.476724627245740773e-01,1.999993083490563928e+00,-2.476733816810909317e-01,2.477323439035421238e-01,4.412847382659189473e-06,1.000000192872264604e+00,1.000200800714279747e+00,9.999965417452820748e-01
9.917048151400082931e-03,-2.476824563178583738e-01,-2.476833418598843040e-01,9.999975720414332470e-01,-2.476810942803309157e-01,1.999997572038972882e+00,-2.476811649056457620e-01,2.477347683528713929e-01,3.558250466363236506e-06,1.000005989735967660e+00,1.000206557764473425e+00,9.999987860194864409e-01
9.923624576508286235e-03,-2.476824640454624027e-01,-2.476789359318566919e-01,9.999986427789033794e-01,-2.476784109285839475e-01,1.999998642777528035e+00,-2.476775962167730161e-01,2.477311776670397814e-01,3.533882093707186013e-06,1.000005532013191312e+00,1.000204464275738836e+00,9.999993213887640175e-01
9.931576432954000028e-03,-2.476824733892631081e-01,-2.476758857784570889e-01,9.999944823767473734e-01,-2.476706271587702513e-01,1.999994482371156401e+00,-2.476704669955208105e-01,2.477262266927042489e-01,5.025377750895489329e-06,9.999992037973484127e-01,1.000199702682650127e+00,9.999972411855782006e-01
9.941107685848420833e-03,-2.476824845889266657e-01,-2.476822771753407204e-01,9.999945915952478392e-01,-2.476746755356627472e-01,1.999994591589767667e+00,-2.476745035716540200e-01,2.477317443514436279e-01,1.410780292357585997e-05,1.000007246005112149e+00,1.000207933087152945e+00,9.999972957948838337e-01
9.950021709765624611e-03,-2.476824950633184363e-01,-2.476761169066863666e-01,9.999988977946538959e-01,-2.476672312112300767e-01,1.999998897793536790e+00,-2.476662233275455371e-01,2.477283061388511343e-01,1.062085251986163713e-05,1.000011006727488772e+00,1.000211371995418208e+00,9.999994488967685058e-01
9.955831897476501158e-03,-2.476825018905573494e-01,-2.476796541435541399e-01,9.999992421374018781e-01,-2.476758103182626902e-01,1.999999242136634159e+00,-2.476779063908532974e-01,2.477300679330917133e-01,1.655911069493568980e-06,1.000001860889096816e+00,1.000199834440158142e+00,9.999996210683169684e-01
9.962015722025804876e-03,-2.476825091568376491e-01,-2.476841511994266332e-01,9.999975966383792825e-01,-2.476871985361805417e-01,1.999997596635944008e+00,-2.476877893661308394e-01,2.477338497723311772e-01,-5.071929671324254634e-06,9.999923293302814820e-01,1.000192502973460851e+00,9.999987983179720041e-01
9.971659309335849375e-03,-2.476825204884985365e-01,-2.476844298536437228e-01,9.999985715671317887e-01,-2.476846323174047571e-01,1.999998571565684502e+00,-2.476854606809995030e-01,2.477339993521329997e-01,-3.769600317484871376e-06,9.999978608418675918e-01,1.000198319905468480e+00,9.999992857828421400e-01
9.982520373184837134e-03,-2.476825332507520683e-01,-2.476806975554879664e-01,9.999956255610369382e-01,-2.476866877340021256e-01,1.999995625556604262e+00,-2.476849504949135694e-01,2.477312963835771320e-01,-3.022902006884537628e-06,1.000003230012538991e+00,1.000203444942879605e+00,9.999978127783022419e-01
9.991408645148223272e-03,-2.476825436948848491e-01,-2.476771371966109414e-01,9.999932331910704741e-01,-2.476726435317663511e-01,1.999993233184213848e+00,-2.476726327423507679e-01,2.477276283354712672e-01,-5.066209619697016783e-06,1.000003565050588072e+00,1.000203471128942478e+00,9.999966165921069239e-01
1.000037836358592773e-02,-2.476825542347199649e-01,-2.476795125342805548e-01,9.999945782362406055e-01,-2.476778108353120955e-01,1.999994578230746667e+00,-2.476778101704533996e-01,2.477294867576493864e-01,7.290034092260545725e-06,1.000005571162196683e+00,1.000205841233659410e+00,9.999972891153733334e-01
1.000888618494410499e-02,-2.476825642318035425e-01,-2.476858027940610774e-01,9.999975493141892713e-01,-2.476822673516997919e-01,1.999997549311705924e+00,-2.476831840264241691e-01,2.477361193427251862e-01,2.913179079449992115e-06,1.000003053400349451e+00,1.000202586328086785e+00,9.999987746558529622e-01
1.001696323391979351e-02,-2.476825737227100199e-01,-2.476795403385294025e-01,9.999988226172658035e-01,-2.476702113878248568e-01,1.999998822616072980e+00,-2.476668835416155068e-01,2.477333057277532058e-01,4.775444656807010899e-06,1.000003910431478849e+00,1.000204376911290938e+00,9.999994113080364899e-01
1.002296801905920576e-02,-2.476825807786092182e-01,-2.476743633630610619e-01,9.999973604664705862e-01,-2.476580900151262865e-01,1.999997360463796170e+00,-2.476577585608124299e-01,2.477282777172579442e-01,6.863324503616738718e-06,1.000005667476220994e+00,1.000205387973641891e+00,9.999986802318979739e-01
1.003344447049140352e-02,-2.476825930889242355e-01,-2.476777430284616555e-01,9.999937990587632886e-01,-2.476686457506924455e-01,1.999993799052479870e+00,-2.476703178028653585e-01,2.477284647273765017e-01,2.638942822021413798e-06,1.000002172728224670e+00,1.000201951108803167e+00,9.999968995262400462e-01
1.004191783658860138e-02,-2.476826030455216709e-01,-2.476865304958097702e-01,9.999984730160338398e-01,-2.476862110264294592e-01,1.999998473014486411e+00,-2.476871750075725354e-01,2.477360574508188362e-01,-3.193870146128296638e-06,9.999986671233124236e-01,1.000198366071691103e+00,9.999992365072432055e-01
1.005243381288885296e-02,-2.476826154022790660e-01,-2.476850296970009857e-01,1.000001096128158018e+00,-2.476778148149173797e-01,2.000001096129268685e+00,-2.476775342495991239e-01,2.477347193022507166e-01,1.695824493024946332e-06,9.999983576475036662e-01,1.000197961791446488e+00,1.000000548064634343e+00
1.006203233923968175e-02,-2.476826266809917521e-01,-2.476859037421199061e-01,9.999947658375291093e-01,-2.476742258649958783e-01,1.999994765832225463e+00,-2.476741579227161039e-01,2.477355664304122518e-01,8.849864178764087284e-06,9.999977968355079350e-01,1.000199278684207549e+00,9.999973829161127314e-01
1.007231163281845088e-02,-2.476826387596368639e-01,-2.476811882366540263e-01,9.999918664989130290e-01,-2.476777263339136892e-01,1.999991866490671732e+00,-2.476777957454448231e-01,2.477316637027718593e-01,6.848040206048893139e-06,1.000009405088856385e+00,1.000208813471797020e+00,9.999959332453357552e-01
1.008523450015856929e-02,-2.476826539446033704e-01,-2.476848173816124377e-01,9.999922494166604281e-01,-2.476813768963720686e-01,1.999992249408806710e+00,-2.476826704261993750e-01,2.477346990571558938e-01,7.192137721226623735e-06,1.000005181545457367e+00,1.000205529785908043e+00,9.999961247044033552e-01
1.009905294174011717e-02,-2.476826701819118681e-01,-2.476796836703560600e-01,9.999947775993832666e-01,-2.476728335624329147e-01,1.999994777594091389e+00,-2.476702106702467765e-01,2.477325226663507352e-01,5.453258683808496438e-06,9.999995102583130180e-01,1.000198727898892415e+00,9.999973887970458053e-01
1.011154414971271107e-02,-2.476826848596588859e-01,-2.476855275273799895e-01,9.999924960124482176e-01,-2.476777229540159664e-01,1.999992496004844300e+00,-2.476778629434650547e-01,2.477349953527962223e-01,1.064209155895028903e-05,1.000009515537125804e+00,1.000209878577722034e+00,9.999962480024222611e-01
1.012911930425357265e-02,-2.476827055112803544e-01,-2.476778916372342487e-01,9.999950721978575485e-01,-2.476781439619961667e-01,1.999995072192864320e+00,-2.476781011852762782e-01,2.477281727136155798e-01,3.108978487491436447e-06,1.000002598490451255e+00,1.000202013868437989e+00,9.999975360964321602e-01
1.014043131387610576e-02,-2.476827188034162186e-01,-2.476843211067712436e-01,9.999948340942881320e-01,-2.476812611984699486e-01,1.999994834089053652e+00,-2.476821925177606909e-01,2.477343854156229819e-01,-1.669281662679888806e-06,9.999980072211420712e-01,1.000197777869474836e+00,9.999974170445267152e-01
1.015018058209371521e-02,-2.476827302592579383e-01,-2.476859328749292377e-01,9.999979013442169551e-01,-2.476782367237344018e-01,1.999997901342090545e+00,-2.476778460574025342e-01,2.477354136340194912e-01,7.540419177052666442e-07,1.000004437654810285e+00,1.000205070754582870e+00,9.999989506710452725e-01
1.016203948669757752e-02,-2.476827441940196162e-01,-2.476771467171550722e-01,9.999948406651356647e-01,-2.476795638194545512e-01,1.999994840659907736e+00,-2.476791664339959009e-01,2.477295581290610005e-01,3.324198649945620750e-06,9.999994053720087095e-01,1.000199228518259487e+00,9.999974203299538678e-01
1.018000254600746717e-02,-2.476827653014470332e-01,-2.476801708603521002e-01,9.999960535176746212e-01,-2.476754489608695986e-01,1.999996053513675820e+00,-2.476749140710078345e-01,2.477303030763831349e-01,2.975876150997893591e-06,9.999979753672664229e-01,1.000197907729000857e+00,9.999980267568379100e-01
1.019000106172328682e-02,-2.476827770501652259e-01,-2.476834023395746709e-01,9.999972574669829806e-01,-2.476820050411106811e-01,1.999997257464203981e+00,-2.476827278523679177e-01,2.477333271350270205e-01,-3.943430012573594868e-06,9.999955916211401563e-01,1.000195471224299748e+00,9.999986287321019907e-01
1.019917157559386590e-02,-2.476827878259434124e-01,-2.476784404379982762e-01,9.999961500302330109e-01,-2.476772721952672507e-01,1.999996150026331687e+00,-2.476764302364378167e-01,2.477301483715955432e-01,-8.237019214517009962e-07,9.999946821486859205e-01,1.000194578436200299e+00,9.999980750131659546e-01
1.021012365340700188e-02,-2.476828006951423133e-01,-2.476794236773452174e-01,9.999954408207254453e-01,-2.476727496682273322e-01,1.999995440816105807e+00,-2.476722481550837629e-01,2.477292749789651305e-01,5.960615662974109496e-06,1.000000981925421861e+00,1.000201727573737376e+00,9.999977204080529036e-01
1.022020905234552642e-02,-2.476828125459527019e-01,-2.476878899063613415e-01,9.999970022057532715e-01,-2.476868790758708083e-01,1.999997002202715590e+00,-2.476890923770804498e-01,2.477380622542681710e-01,2.998486165830048524e-06,1.000002857240721132e+00,1.000202736251857072e+00,9.999985011013579062e-01
1.023218313538539100e-02,-2.476828266160540082e-01,-2.476842892316408196e-01,9.999973787719529383e-01,-2.476852796629432918e-01,1.999997378769296619e+00,-2.476846386589411086e-01,2.477342155787954914e-01,3.165606650407109028e-06,1.000000322005917264e+00,1.000200669839572898e+00,9.999986893846484204e-01
1.024544462091222553e-02,-2.476828421989150375e-01,-2.476823451277529176e-01,9.999913642884973308e-01,-2.476717388537025277e-01,1.999991364279746886e+00,-2.476694366289734217e-01,2.477354962027176755e-01,8.164276658428478123e-06,1.000004148257042980e+00,1.000204031267677651e+00,9.999956821398734430e-01
1.026033410908032927e-02,-2.476828596947541761e-01,-2.476818928198008807e-01,9.999913614193888245e-01,-2.476727652569294391e-01,1.999991361410635493e+00,-2.476735939403775510e-01,2.477321113726843327e-01,1.282779809820216465e-05,9.999960582657229091e-01,1.000195968007670189e+00,9.999956807053177466e-01
1.027045481835589698e-02,-2.476828715870557918e-01,-2.476859909115818326e-01,9.999961916303097276e-01,-2.476790151779838522e-01,1.999996191626450814e+00,-2.476802868923877465e-01,2.477357455126523167e-01,5.845986458483953355e-06,1.000004547487751250e+00,1.000204857956511706e+00,9.999980958132254072e-01
1.028272675482730207e-02,-2.476828860071481064e-01,-2.476864674123256949e-01,9.999965277932760799e-01,-2.476841059149882396e-01,1.999996527789758005e+00,-2.476850712882982808e-01,2.477364454736418475e-01,3.991506068223555940e-06,1.000004111821866992e+00,1.000204143677867474e+00,9.999982638948788916e-01
1.029776890034470038e-02,-2.476829036823668395e-01,-2.476915553417066707e-01,9.999915368156591100e-01,-2.476902242588478187e-01,1.999991536807083303e+00,-2.476903543110466066e-01,2.477412691666844025e-01,5.711393322155649277e-06,1.000003244825786064e+00,1.000203095509529794e+00,9.999957684035417627e-01
1.031003823674796552e-02,-2.476829180994062352e-01,-2.476871732460722841e-01,9.999890190355542607e-01,-2.476809357170198789e-01,1.999989019024427161e+00,-2.476796541140789121e-01,2.477384933134232914e-01,5.197240607451330920e-06,1.000002001850935018e+00,1.000201960471736262e+00,9.999945095122138028e-01
1.031453147141051137e-02,-2.476829233791641438e-01,-2.476841865884619187e-01,9.999875561929021384e-01,-2.476711995890397144e-01,1.999987556180293113e+00,-2.476678159669876977e-01,2.477361662281990229e-01,1.226015230033577416e-05,1.000004510181621731e+00,1.000205431990516258e+00,9.999937780901464457e-01
1.032366465066299720e-02,-2.476829341110722005e-01,-2.476827353386343855e-01,9.999864604650094968e-01,-2.476533063375548904e-01,1.999986460451290249e+00,-2.476533597150280819e-01,2.477333529685656344e-01,2.446847700269308198e-05,1.000012624750513446e+00,1.000213189764329602e+00,9.999932302256451244e-01
1.033325305859167549e-02,-2.476829453778939261e-01,-2.476899378555003917e-01,9.999899996521609546e-01,-2.476689068493564683e-01,1.999989999642027838e+00,-2.476707353592544070e-01,2.477395308284662256e-01,1.845436173919630930e-05,1.000014327936216807e+00,1.000213701588170467e+00,9.999949998210139190e-01
1.034262945118068384e-02,-2.476829563955889046e-01,-2.476868375009468881e-01,9.999939800029017389e-01,-2.476842107347037025e-01,1.999993979996801841e+00,-2.476850806740336364e-01,2.477368923438241499e-01,2.851630047918903042e-06,1.000007676456531769e+00,1.000207239995394515e+00,9.999969899984009203e-01
1.035033806519245272e-02,-2.476829654535675773e-01,-2.476872766694946382e-01,9.999912953350793554e-01,-2.476832419513317896e-01,1.999991295326259078e+00,-2.476833160050537219e-01,2.477367448443318354e-01,2.251793764791428693e-07,1.000006497543984851e+00,1.000206417554622362e+00,9.999956476631295388e-01
1.035872233658855120e-02,-2.476829753054732575e-01,-2.476825145348612034e-01,9.999889443641353237e-01,-2.476760296535908124e-01,1.999988944352933062e+00,-2.476750778613248660e-01,2.477341228301771225e-01,1.143764608152452532e-05,1.000007973366907166e+00,1.000208135412295363e+00,9.999944721764665312e-01
1.036504227092636780e-02,-2.476829827316882060e-01,-2.476813161850499878e-01,9.999896884619039472e-01,-2.476725772100488165e-01,1.999989688451455638e+00,-2.476726580134671063e-01,2.477308941860210667e-01,1.260523848182465960e-05,1.000006108658703541e+00,1.000205431631392639e+00,9.999948442257278192e-01
1.037999999999999860e-02,-2.476822924094033707e-01,-2.476800823355401748e-01,9.999931365689221918e-01,-2.476728012061416018e-01,1.999993136561967644e+00,-2.476728724207413468e-01,2.477298409973154592e-01,5.293969621188421068e-06,9.999977244525390940e-01,1.000197179654918056e+00,9.999965682809838219e-01
1.039000577531461536e-02,-2.476818412167678674e-01,-2.476836634436765661e-01,9.999956093211678221e-01,-2.476757234436985367e-01,1.999995609316718825e+00,-2.476758716196905685e-01,2.477336224995079772e-01,7.046314150845059853e-06,1.000000407750621934e+00,1.000200881572904210e+00,9.999978046583594127e-01
1.040000339874953654e-02,-2.476815493808281199e-01,-2.476857153050068816e-01,9.999963345978786222e-01,-2.476855173705530822e-01,1.999996334594164704e+00,-2.476866602842834608e-01,2.477354330095652424e-01,2.332977955081255146e-06,9.999932556433016595e-01,1.000192363580680865e+00,9.999981672970822411e-01
1.041199073554444597e-02,-2.476813316577300694e-01,-2.476710610975183247e-01,9.999944183896959382e-01,-2.476676677427862849e-01,1.999994418384040129e+00,-2.476676077404957876e-01,2.477269298640820683e-01,1.601444828692590481e-06,1.000000026592285041e+00,1.000199973636090478e+00,9.999972091920200645e-01
1.042240126669830881e-02,-2.476812157803642556e-01,-2.476769138994886488e-01,9.999936393708293014e-01,-2.476761828697957024e-01,1.999993639364384235e+00,-2.476770832485488683e-01,2.477276180060486444e-01,3.925868009815319470e-06,9.999989635593137249e-01,1.000199420445557985e+00,9.999968196821921174e-01
1.043139804667897116e-02,-2.476811502430983636e-01,-2.476862319705454840e-01,1.000000563326077785e+00,-2.476874316595306935e-01,2.000000563326648439e+00,-2.476882084118121052e-01,2.477356999366862322e-01,4.679804440470148684e-06,1.000002226434304697e+00,1.000202164584103492e+00,1.000000281663324220e+00
1.044092086701393397e-02,-2.476811038211044480e-01,-2.476737762046134494e-01,1.000002758012358051e+00,-2.476825298186942081e-01,2.000002758015152260e+00,-2.476811789487245175e-01,2.477297907319513937e-01,-7.688636933543130016e-07,1.000000407996906926e+00,1.000200025031206863e+00,1.000001379007576352e+00
1.045045755107259014e-02,-2.476810730943697636e-01,-2.476872334354464911e-01,9.999962579276678865e-01,-2.476772134241885803e-01,1.999996257923876142e+00,-2.476774979030694768e-01,2.477377633818262370e-01,7.395292274156391802e-06,9.999975395682603185e-01,1.000197753819226820e+00,9.999981289619380709e-01
1.046002376417443439e-02,-2.476810527383414007e-01,-2.476884712763341712e-01,9.999974313693501538e-01,-2.476939688832528186e-01,1.999997431366747236e+00,-2.476963448202573748e-01,2.477380252633011315e-01,2.790844532522998442e-09,1.000000226288571881e+00,1.000200208518923661e+00,9.999987156833737290e-01
1.047054839031232205e-02,-2.476810382367755081e-01,-2.476835585898544412e-01,9.999952357721634266e-01,-2.476944658434493407e-01,1.999995235767335844e+00,-2.476932659039242368e-01,2.477347758872884831e-01,-5.276970928385431372e-06,1.000000491857909735e+00,1.000201071585846702e+00,9.999976178836679219e-01
1.048000067762367045e-02,-2.476810298068327365e-01,-2.476782339603315897e-01,9.999898686102339784e-01,-2.476704160080594463e-01,1.999989868599968190e+00,-2.476679056162354731e-01,2.477298566946480873e-01,9.438663543510693465e-06,1.000013091197618831e+00,1.000214416699919395e+00,9.999949342999839841e-01
1.048431272444720619e-02,-2.476810269688411448e-01,-2.476774242951082505e-01,9.999899099290721072e-01,-2.476677275629333708e-01,1.999989909918848285e+00,-2.476682356665933782e-01,2.477275267184817498e-01,8.532684710736868978e-06,1.000010128473533655e+00,1.000208633029542105e+00,9.999949549594240317e-01
1.049280302077376659e-02,-2.476810227154465915e-01,-2.476781468334735559e-01,9.999929951534073380e-01,-2.476772872915978529e-01,1.999992995146309571e+00,-2.476792846366442369e-01,2.477282977611927339e-01,2.143471749003803821e-06,1.000000004824681543e+00,1.000200482195169771e+00,9.999964975731547856e-01
1.051000409837051300e-02,-2.476810176808461605e-01,-2.476861507601089696e-01,9.999993633683530447e-01,-2.476854256367845286e-01,1.999999363367707783e+00,-2.476842572588559277e-01,2.477359811506169573e-01,4.948414186412659975e-07,9.999979517876526058e-01,1.000197209050852853e+00,9.999996816838540026e-01
1.052000400402643837e-02,-2.476810160740690325e-01,-2.476886486297823764e-01,9.999966998364955284e-01,-2.476773820011736738e-01,1.999996699833151759e+00,-2.476763025498078530e-01,2.477384256559643783e-01,1.142118170844707600e-05,9.999969363672215339e-01,1.000197065077995662e+00,9.999983499165757683e-01
1.052942586557049226e-02,-2.476810150743966599e-01,-2.476789111246400221e-01,9.999926139976482720e-01,-2.476672751152799445e-01,1.999992613990164037e+00,-2.476662490455686094e-01,2.477338192855198240e-01,1.351061811431091968e-05,1.000002497274079305e+00,1.000203035735251156e+00,9.999963069950820183e-01
1.054024897131641825e-02,-2.476810143237638817e-01,-2.476837929488553414e-01,9.999901844137810691e-01,-2.476727735448166212e-01,1.999990184403835247e+00,-2.476740169022152716e-01,2.477336344049470562e-01,8.684165387017595119e-06,1.000000626279787364e+00,1.000200394028063489e+00,9.999950922019175126e-01
1.055017156856777848e-02,-2.476810138771177450e-01,-2.476732595273549720e-01,9.999944138713660058e-01,-2.476724220945297483e-01,1.999994413865705534e+00,-2.476721345882039460e-01,2.477283805685841778e-01,4.269110933002664851e-06,1.000003974500530912e+00,1.000204147841835756e+00,9.999972069328527668e-01
1.056686296631920326e-02,-2.476810134320332757e-01,-2.476781606980580641e-01,9.999974799803509340e-01,-2.476691036524785172e-01,1.999997479977797754e+00,-2.476690204591592559e-01,2.477278481790897158e-01,6.154666412179494165e-06,1.000004102734332045e+00,1.000204206549131447e+00,9.999987399888987660e-01
1.057376520906337138e-02,-2.476810133167707817e-01,-2.476785981655816038e-01,1.000000927142258522e+00,-2.476747385098952703e-01,2.000000927143197327e+00,-2.476769103370594360e-01,2.477285661592936172e-01,2.307553446197452320e-06,1.000001158311258243e+00,1.000200016136057135e+00,1.000000463571598885e+00
1.058656907240004483e-02,-2.476810131653183478e-01,-2.476830349080207383e-01,9.999993516337780664e-01,-2.476904736644346683e-01,1.999999351633121147e+00,-2.476908025048205342e-01,2.477327904141960468e-01,-7.450311171665569294e-06,9.999922695627495584e-01,1.000191946559532807e+00,9.999996758165605737e-01
1.059262681689726246e-02,-2.476810131130926240e-01,-2.476828932935381256e-01,9.999989064481638046e-01,-2.476922731493473862e-01,1.999998906447055802e+00,-2.476916461499774902e-01,2.477327625527479260e-01,-9.834770324362279145e-06,9.999921624424914501e-01,1.000193179607477001e+00,9.999994532235279010e-01
1.060134578678119562e-02,-2.476810130525255449e-01,-2.476781678726041602e-01,9.999969401259262147e-01,-2.476803602591117481e-01,1.999996940122825695e+00,-2.476791855135995757e-01,2.477292879620581478e-01,1.985261495296255333e-06,1.000003292258046850e+00,1.000203621253812791e+00,9.999984700614128474e-01
1.061282958074619316e-02,-2.476810129908532110e-01,-2.476838639885270421e-01,9.999947291972861585e-01,-2.476806133087540995e-01,1.999994729191945542e+00,-2.476802867391917073e-01,2.477334833346331033e-01,5.033136555059857145e-06,1.000000869941601866e+00,1.000201097115045012e+00,9.999973645959726598e-01
1.062240267823830013e-02,-2.476810129496726243e-01,-2.476794016164094170e-01,9.999968529576883647e-01,-2.476776998449709000e-01,1.999996852954499582e+00,-2.476779817561474972e-01,2.477303614496177142e-01,4.000632570087206763e-06,1.000001567716112927e+00,1.000201012019357183e+00,9.999984264772497911e-01
1.063143016434564027e-02,-2.476810129163276031e-01,-2.476765360707729180e-01,9.999953669307287685e-01,-2.476798996777041795e-01,1.999995366926033968e+00,-2.476796666374312117e-01,2.477265700407924875e-01,-9.557050372650835888e-07,9.999964788051710629e-01,1.000196223489312253e+00,9.999976834630170952e-01
1.064108414782213331e-02,-2.476810128845819692e-01,-2.476834323751716804e-01,9.999958021135183506e-01,-2.476793456602580101e-01,1.999995802109264753e+00,-2.476802830441423298e-01,2.477331669220177168e-01,2.420583043924527741e-06,9.999960483111248744e-01,1.000196251548731485e+00,9.999979010546322655e-01
1.065200244741852480e-02,-2.476810128518635024e-01,-2.476830897355311589e-01,9.999990470979838175e-01,-2.476921986674508469e-01,1.999999047097018368e+00,-2.476924465962997701e-01,2.477328721751522744e-01,-4.684161652480735450e-06,9.999981595767577502e-01,1.000198621329000170e+00,9.999995235485090728e-01
1.066151243351961229e-02,-2.476810128251458742e-01,-2.476849640747565140e-01,9.999964152063792744e-01,-2.476912374423838881e-01,1.999996415202746958e+00,-2.476900539974471738e-01,2.477346155500946279e-01,-6.990928434066731661e-06,1.000003218411831707e+00,1.000203056372403143e+00,9.999982076013734789e-01
1.067094502174260710e-02,-2.476810127997046695e-01,-2.476763631099677954e-01,9.999941766055575609e-01,-2.476693883546433606e-01,1.999994176599656726e+00,-2.476678213555625063e-01,2.477301152952215424e-01,5.500923346919738776e-06,1.000002182642289128e+00,1.000202560252950512e+00,9.999970882998283628e-01
1.068104582062322401e-02,-2.476810127732303468e-01,-2.476713306569608142e-01,9.999933196882319075e-01,-2.476640173963120528e-01,1.999993319681462767e+00,-2.476638636197408816e-01,2.477223578627180123e-01,1.120422043749739780e-05,1.000007118890150926e+00,1.000206823750735108e+00,9.999966598407314944e-01
1.069049099914193973e-02,-2.476810127489464664e-01,-2.476799702911658130e-01,9.999971992528537967e-01,-2.476791398346181727e-01,1.999997199250015845e+00,-2.476808398815263101e-01,2.477301809363084417e-01,1.155302620785293910e-07,9.999961850254649454e-01,1.000195375385313223e+00,9.999985996250079223e-01
1.070067082772116658e-02,-2.476810127231068581e-01,-2.476822287351642671e-01,1.000003162681437185e+00,-2.476768118458967938e-01,2.000003162684642177e+00,-2.476775091549708319e-01,2.477316959015904430e-01,-4.269505045694525445e-06,1.000000764947288623e+00,1.000200982368419922e+00,1.000001581342321089e+00
1.071723571747440311e-02,-2.476810126815031654e-01,-2.476789883661065228e-01,9.999972073503867742e-01,-2.476790140078366509e-01,1.999997207347557149e+00,-2.476778047263113458e-01,2.477293587379821860e-01,-3.995713057807696058e-07,1.000005468111807572e+00,1.000206348613887686e+00,9.999986036737785744e-01
1.073000000000000169e-02,-2.476810126496565290e-01,-2.476860193161060930e-01,9.999990174407012988e-01,-2.476883713173464729e-01,1.999999017439705762e+00,-2.476900204487421098e-01,2.477359884257000766e-01,6.292759050705569998e-07,9.999978104630422582e-01,1.000196516170760441e+00,9.999995087198528809e-01
1.074059268042819489e-02,-2.476810126233054410e-01,-2.476849263088515551e-01,9.999981628371216180e-01,-2.476897469051027867e-01,1.999998162835259885e+00,-2.476893916847851262e-01,2.477346711432207305e-01,1.028891060844250210e-06,9.999892622294064282e-01,1.000189653149043956e+00,9.999990814176299425e-01
1.075263155928745870e-02,-2.476810125934089390e-01,-2.476899233263391842e-01,9.999924947748626280e-01,-2.476900048428961887e-01,1.999992494767257822e+00,-2.476891122334378414e-01,2.477397831550871010e-01,7.498378986692561953e-06,1.000004849664462236e+00,1.000204557266589411e+00,9.999962473836289112e-01
1.076866696260019539e-02,-2.476810125536371421e-01,-2.476813240885320233e-01,9.999896657339045758e-01,-2.476682178351312658e-01,1.999989665723433285e+00,-2.476664881448497613e-01,2.477311916894028021e-01,3.660567617118752219e-06,1.000000250122206724e+00,1.000200283775672050e+00,9.999948328617165316e-01
1.077004885000001737e-02,-2.476767184996937210e-01,-2.476809978913812882e-01,9.999892658667618450e-01,-2.476658263861490350e-01,1.999989265855885101e+00,-2.476641671347221962e-01,2.477308949060883780e-01,3.303194549206363495e-06,1.000000299585336316e+00,1.000200359991938459e+00,9.999946329279425505e-01
1.077999999999999965e-02,-2.476767301927568499e-01,-2.476740847372095600e-01,9.999907950845118298e-01,-2.476708513981456250e-01,1.999990795075184735e+00,-2.476723159439438715e-01,2.477247797407182983e-01,5.720872541416794381e-06,1.000007779785548445e+00,1.000208478301392256e+00,9.999953975375923676e-01
1.079004548544339366e-02,-2.476767419966690864e-01,-2.476727126528193434e-01,9.999959522958995484e-01,-2.476578828025607637e-01,1.999995952291798273e+00,-2.476563281823878915e-01,2.477223028831880003e-01,1.045009713074471780e-05,1.000011000403587369e+00,1.000211272180048905e+00,9.999979761458990257e-01
1.079734938847811375e-02,-2.476767505790935797e-01,-2.476765493551269792e-01,1.000000058062792796e+00,-2.476720570370485319e-01,2.000000058062851416e+00,-2.476748918669571808e-01,2.477267066114930139e-01,3.974981591151585741e-06,1.000002404374193965e+00,1.000200882658697887e+00,1.000000029031425708e+00
1.081006805571927722e-02,-2.476767655241187693e-01,-2.476794695335379215e-01,1.000003610096967366e+00,-2.476876980869375799e-01,2.000003610100625551e+00,-2.476879452281553762e-01,2.477290303740242450e-01,-2.448679932476113407e-06,9.999991625012594199e-01,1.000199509335733206e+00,1.000001805050312775e+00
1.082116607423099126e-02,-2.476767785648068543e-01,-2.476737707045198744e-01,1.000000823515980741e+00,-2.476738963291769680e-01,2.000000823516815185e+00,-2.476733414852003989e-01,2.477249782658196842e-01,-2.400459623847934930e-06,1.000001774376918506e+00,1.000201903409202231e+00,1.000000411758407592e+00
1.083065568858780463e-02,-2.476767897155440767e-01,-2.476815261836367299e-01,9.999986176106888669e-01,-2.476848239090573001e-01,1.999998617609288099e+00,-2.476864946645878363e-01,2.477310919672354450e-01,-1.067353742204401858e-05,9.999996189923771039e-01,1.000199343983408928e+00,9.999993088046440493e-01
1.083883307017716874e-02,-2.476767993243465527e-01,-2.476750186430896616e-01,1.000000346823902042e+00,-2.476783965146317767e-01,2.000000346824253317e+00,-2.476770607631925414e-01,2.477277271508225298e-01,1.538061574035423648e-06,1.000004308916086826e+00,1.000205040994311956e+00,1.000000173412126658e+00
1.084182511422294992e-02,-2.476768028401375443e-01,-2.476734074998473978e-01,1.000001016963508516e+00,-2.476747592957076194e-01,2.000001016964538803e+00,-2.476743802385762971e-01,2.477259176040988164e-01,3.519291569016971295e-06,1.000005286362192880e+00,1.000204759716826430e+00,1.000000508482269401e+00
1.085031899099749182e-02,-2.476768128208376440e-01,-2.476750927134067637e-01,9.999993498631694067e-01,-2.476801570958497289e-01,1.999999349862510378e+00,-2.476806525702735795e-01,2.477249211954914709e-01,-3.089596515083338078e-06,9.999968196867004000e-01,1.000196216691692230e+00,9.999996749312553002e-01
1.085818889070698512e-02,-2.476768220683343291e-01,-2.476787763309051260e-01,9.999994592856720210e-01,-2.476751669312216853e-01,1.999999459285124015e+00,-2.476745170546914565e-01,2.477288054986145904e-01,2.507881673165841072e-06,1.000002973625115477e+00,1.000203897235752093e+00,9.999997296425620075e-01
1.086245801643683125e-02,-2.476768270847551634e-01,-2.476822579692530557e-01,1.000001198390936263e+00,-2.476766873310036199e-01,2.000001198392150847e+00,-2.476790154586343828e-01,2.477331026372161793e-01,1.523116252749168196e-06,1.000004192383753487e+00,1.000203378510589047e+00,1.000000599196075424e+00
1.087097217064038508e-02,-2.476768370892822313e-01,-2.476931240065364248e-01,1.000002247849309578e+00,-2.477005565099004158e-01,2.000002247851587089e+00,-2.477013683637242503e-01,2.477425933494790122e-01,-7.930242423893702080e-06,9.999956966569364392e-01,1.000195452594944356e+00,1.000001123925793545e+00
1.088042090953403838e-02,-2.476768481919897347e-01,-2.476843597693929033e-01,9.999986619299641166e-01,-2.476767733236739932e-01,1.999998661928608312e+00,-2.476741688314262058e-01,2.477380754030086563e-01,1.158561666716307892e-06,1.000002181420678982e+00,1.000202718595528006e+00,9.999993309643041561e-01
1.089213750765158709e-02,-2.476768619595361154e-01,-2.476740711198406331e-01,9.999890773402378974e-01,-2.476636860942936780e-01,1.999989077329169973e+00,-2.476633027265641163e-01,2.477273946293831741e-01,1.172265834063997032e-05,9.999999154385029732e-01,1.000200115554828351e+00,9.999945386645850975e-01
1.090776057887158160e-02,-2.476768803173710620e-01,-2.476775469111645034e-01,9.999961519579352309e-01,-2.476761619502372003e-01,1.999996151954035906e+00,-2.476774408902162605e-01,2.477276455473517713e-01,1.015038879741960420e-05,1.000001243815073160e+00,1.000201475686752550e+00,9.999980759770179528e-01
1.091606456486548561e-02,-2.476768900749400648e-01,-2.476814386909113597e-01,1.000001722397092507e+00,-2.476839129213323498e-01,2.000001722398837778e+00,-2.476846074470275549e-01,2.477313835604965653e-01,3.856908760293498491e-06,1.000001289864588250e+00,1.000201147309940142e+00,1.000000861199418889e+00
1.092724827256026654e-02,-2.476769032163161910e-01,-2.476808422137307952e-01,1.000001447972451274e+00,-2.476803495286189483e-01,2.000001447973918101e+00,-2.476789517994634204e-01,2.477313293874479627e-01,3.079936540569654147e-06,1.000004543970214987e+00,1.000205255814371696e+00,1.000000723986959050e+00
1.093324590728304672e-02,-2.476769102638142206e-01,-2.476792249543626756e-01,9.999988812250789616e-01,-2.476725687857800340e-01,1.999998881223945313e+00,-2.476719523292497671e-01,2.477292386571169069e-01,3.765323417177539698e-06,1.000007252119487156e+00,1.000207091963453809e+00,9.999994406119726564e-01
1.094199831996778109e-02,-2.476769205483058955e-01,-2.476783757502385441e-01,9.999957371780343607e-01,-2.476710955230682631e-01,1.999995737173714927e+00,-2.476716806854463437e-01,2.477281974356038696e-01,-1.639799765870781052e-06,1.000003866758046644e+00,1.000203026248065452e+00,9.999978685868574635e-01
1.095205282276391807e-02,-2.476769323628122133e-01,-2.476742012117474356e-01,9.999966312818623360e-01,-2.476737635365917067e-01,1.999996631278448955e+00,-2.476731050204905304e-01,2.477244277782068016e-01,8.022933718648711621e-07,9.999971285344315675e-01,1.000197591629853555e+00,9.999983156392243666e-01
1.096283198889158247e-02,-2.476769450288327790e-01,-2.476788962392771909e-01,9.999987061653378140e-01,-2.476681209429479613e-01,1.999998706164026752e+00,-2.476686114021878216e-01,2.477287800828626707e-01,5.946220839070052824e-06,1.000002032809704788e+00,1.000201223750665891e+00,9.999993530820133758e-01
1.097609259849980506e-02,-2.476769606106651311e-01,-2.476801364879284151e-01,1.000001529335765582e+00,-2.476780362901154497e-01,2.000001529337315009e+00,-2.476786151142560954e-01,2.477300507419327724e-01,1.216484214755489899e-06,9.999961933925111124e-01,1.000196673338960673e+00,1.000000764668657505e+00
1.098950885505910885e-02,-2.476769763753898235e-01,-2.476711890217508094e-01,9.999976627130102713e-01,-2.476706318149703712e-01,1.999997662710642166e+00,-2.476693991383244198e-01,2.477245852143971361e-01,4.430136029315267660e-06,9.999992389792343728e-01,1.000199301020822773e+00,9.999988313553209718e-01
1.100000225986954086e-02,-2.476769887056279595e-01,-2.476744996966869783e-01,9.999976850272613849e-01,-2.476741585579049221e-01,1.999997685024915706e+00,-2.476752385660836719e-01,2.477245461280889460e-01,-4.432177148856687010e-07,9.999995080886049381e-01,1.000199364211915354e+00,9.999988425124578528e-01
1.100845861823583106e-02,-2.476769986422414638e-01,-2.476743718100871683e-01,1.000001894887059040e+00,-2.476792822489100043e-01,2.000001894888979059e+00,-2.476797427868490387e-01,2.477239037495420626e-01,-1.580417775552436730e-06,1.000004256706170880e+00,1.000204914969190950e+00,1.000000947444489530e+00
1.102051898590479181e-02,-2.476770128137341931e-01,-2.476830780428872503e-01,1.000004157060667698e+00,-2.476893199766922737e-01,2.000004157064880328e+00,-2.476898442655813826e-01,2.477328481079039968e-01,-1.238784974618146880e-06,9.999932873937429356e-01,1.000192629922485477e+00,1.000002078532440164e+00
1.103068918192411964e-02,-2.476770247641876532e-01,-2.476758847336529568e-01,1.000002352397522332e+00,-2.476775809565101849e-01,2.000002352399905536e+00,-2.476759679029083283e-01,2.477284559815709220e-01,5.981239387277605998e-06,9.999952294901247596e-01,1.000195808109109130e+00,1.000001176199952990e+00
1.104012784086557189e-02,-2.476770358550497153e-01,-2.476771828254339392e-01,9.999983391972758762e-01,-2.476729153539929396e-01,1.999998339195593111e+00,-2.476726356197237466e-01,2.477269157500688601e-01,1.566248598132671865e-06,1.000000071030877402e+00,1.000200567516562833e+00,9.999991695977965556e-01
1.105059291562404851e-02,-2.476770481519992573e-01,-2.476796562238443578e-01,9.999984365008959264e-01,-2.476771091650239454e-01,1.999998436499311749e+00,-2.476781312966502280e-01,2.477294739345618224e-01,-5.406450990980860890e-06,1.000002008715771717e+00,1.000201761356266816e+00,9.999992182496558746e-01
1.106037321419996687e-02,-2.476770596443037820e-01,-2.476827931796335702e-01,1.000000254296099955e+00,-2.476802706803540588e-01,2.000000254296357749e+00,-2.476803187393069594e-01,2.477322448838590041e-01,-1.074739926422964258e-06,1.000001903767560263e+00,1.000202260926493558e+00,1.000000127148178874e+00
1.107343409421177732e-02,-2.476770749914441738e-01,-2.476771704771718596e-01,9.999976984656092638e-01,-2.476743007205739200e-01,1.999997698463277240e+00,-2.476747038161264403e-01,2.477283112602511050e-01,4.556041109073222635e-06,1.000007028512343243e+00,1.000206271058368790e+00,9.999988492316386202e-01
1.108956223727250619e-02,-2.476770939427625773e-01,-2.476791147858513065e-01,9.999986901277708728e-01,-2.476756772522289707e-01,1.999998690126443712e+00,-2.476750419030868677e-01,2.477335704719878240e-01,7.935658594630001545e-06,1.000011359213540008e+00,1.000212496520753502e+00,9.999993450632218561e-01
1.109391858361049622e-02,-2.476770990616703749e-01,-2.476750493798091091e-01,9.999991042669525987e-01,-2.476743974290400163e-01,1.999999104266044991e+00,-2.476745150672971241e-01,2.477298788001624785e-01,4.542747620648035354e-06,1.000008529744662145e+00,1.000206998131995650e+00,9.999995521330224957e-01
1.110110723413795623e-02,-2.476771075086693363e-01,-2.476698098943735105e-01,9.999947056881517415e-01,-2.476723467423865566e-01,1.999994705682787144e+00,-2.476710200194380262e-01,2.477227158523238604e-01,1.806765563582432054e-06,9.999992902536372075e-01,1.000199267917489365e+00,9.999973528413935719e-01
1.111004152948941170e-02,-2.476771180068814693e-01,-2.476699401670560685e-01,9.999951314474350150e-01,-2.476566923416711474e-01,1.999995131442501739e+00,-2.476554812302725894e-01,2.477195740839361615e-01,1.091506210507338098e-05,1.000005833807043221e+00,1.000206406108503865e+00,9.999975657212508695e-01
1.111593813852183171e-02,-2.476771249356704285e-01,-2.476768955356676849e-01,1.000000103074851765e+00,-2.476657464628704008e-01,2.000000103074956126e+00,-2.476684605698688812e-01,2.477278267596130235e-01,3.623140979814170803e-06,1.000006508132676775e+00,1.000206337507580256e+00,1.000000051537478063e+00
1.113010168713489054e-02,-2.476771415784979613e-01,-2.476715989262184836e-01,1.000006416205354354e+00,-2.476747871641467591e-01,2.000006416211855598e+00,-2.476736794347856874e-01,2.477272843028372196e-01,-1.131241476201440917e-05,9.999908431722667190e-01,1.000189529733139349e+00,1.000003208105927799e+00
1.114041205811007289e-02,-2.476771536936628881e-01,-2.476833140850391857e-01,1.000000287482767813e+00,-2.476871789763826215e-01,2.000000287483058692e+00,-2.476882831106273497e-01,2.477334570486190712e-01,-5.918535127494927501e-06,9.999916744299195415e-01,1.000192213402208541e+00,1.000000143741529568e+00
1.115079824565619500e-02,-2.476771658979172730e-01,-2.476756308141459528e-01,1.000000780403868195e+00,-2.476825645816502497e-01,2.000000780404659118e+00,-2.476828368772599764e-01,2.477284604123850265e-01,-5.283301108653559700e-06,9.999973140271979366e-01,1.000197600557422684e+00,1.000000390202329559e+00
1.116471195845517884e-02,-2.476771822471780238e-01,-2.476860920536099464e-01,9.999974961145655650e-01,-2.476883002752688079e-01,1.999997496112028594e+00,-2.476876202686205120e-01,2.477359015818937915e-01,4.643726447758642638e-07,9.999993515202405536e-01,1.000198359504711698e+00,9.999987480560142972e-01
1.117332821359619255e-02,-2.476771923716780122e-01,-2.476846054499886041e-01,9.999985239163798889e-01,-2.476845093119402486e-01,1.999998523914884307e+00,-2.476845979975698109e-01,2.477358834790928388e-01,5.347334973121809849e-07,9.999961327404368605e-01,1.000197658525849631e+00,9.999992619574421537e-01
1.118963280139368549e-02,-2.476772115303292332e-01,-2.476762943950954754e-01,9.999918637509239705e-01,-2.476790220230203621e-01,1.999991863742679676e+00,-2.476789691298995066e-01,2.477260464041299570e-01,-2.629163581485169976e-06,1.000010765193571904e+00,1.000210803678967864e+00,9.999959318713397272e-01
1.119759785369860670e-02,-2.476772208896352856e-01,-2.476760401123752897e-01,9.999945776524907792e-01,-2.476837350170137120e-01,1.999994577646996508e+00,-2.476846957648786152e-01,2.477255707729127399e-01,-3.469783460968463951e-06,9.999946847319830523e-01,1.000192128341848452e+00,9.999972888234982538e-01
1.121080303404394657e-02,-2.476772364063367649e-01,-2.476728869967689817e-01,1.000001082207773617e+00,-2.476797978907865072e-01,2.000001082208870073e+00,-2.476791585727486367e-01,2.477229993988576406e-01,-3.989250914234902245e-06,9.999986989313635055e-01,1.000199566640663118e+00,1.000000541104435037e+00
1.122635715936748206e-02,-2.476772546831579047e-01,-2.476774839113518867e-01,1.000002220043091805e+00,-2.476834459324771531e-01,2.000002220045340895e+00,-2.476828595349243323e-01,2.477282382126493876e-01,-2.114496958920850616e-06,9.999996079656500170e-01,1.000199072139199563e+00,1.000001110022670670e+00
1.124145614326951294e-02,-2.476772724251669056e-01,-2.476796990175312574e-01,9.999999963819669047e-01,-2.476759011389357834e-01,1.999999996381963241e+00,-2.476755521131399629e-01,2.477291656786031193e-01,1.110459055839566503e-07,1.000010476693738326e+00,1.000210517890489870e+00,9.999999981909816205e-01
1.126001683120271199e-02,-2.476772942348396678e-01,-2.476783665994509165e-01,9.999996089907295937e-01,-2.476826320467204745e-01,1.999999608990333355e+00,-2.476833517661376494e-01,2.477281714956521552e-01,-2.822655539978481306e-06,9.999985770186715639e-01,1.000197949881250770e+00,9.999998044951666776e-01
1.127189465855388088e-02,-2.476773081918391406e-01,-2.476807201291326976e-01,9.999997003371314808e-01,-2.476860683794295526e-01,1.999999700336827946e+00,-2.476856291728052328e-01,2.477301869941890278e-01,-2.779274039599577531e-06,9.999908936789666525e-01,1.000191474282242643e+00,9.999998501684139729e-01
1.128224175599038329e-02,-2.476773203501594078e-01,-2.476785935527611726e-01,9.999991778252459440e-01,-2.476739932780696041e-01,1.999999177824413055e+00,-2.476728804845048648e-01,2.477287726415702829e-01,3.285173206393664397e-06,9.999989612849506937e-01,1.000198548518219210e+00,9.999995889122065273e-01
1.130004581827263009e-02,-2.476773412707606870e-01,-2.476788791600721407e-01,9.999975121948919687e-01,-2.476733486767574988e-01,1.999997512192371207e+00,-2.476741148787297842e-01,2.477289066137796647e-01,1.760613836438960352e-06,1.000005439832627685e+00,1.000206616879915522e+00,9.999987560961856037e-01
1.130999999999999887e-02,-2.476773529673856888e-01,-2.476767551341362006e-01,1.000000328118530346e+00,-2.476666154550103693e-01,2.000000328118862747e+00,-2.476653069213620717e-01,2.477269691585664846e-01,7.647866500465254976e-06,1.000004576657853361e+00,1.000204387004871576e+00,1.000000164059431373e+00
1.131255601066818300e-02,-2.476773559708171091e-01,-2.476768884890905853e-01,1.000000863324471467e+00,-2.476689842211803882e-01,2.000000863325346323e+00,-2.476711956836082917e-01,2.477266286940365270e-01,5.114193719576823371e-06,1.000004219116515491e+00,1.000203836243773514e+00,1.000000431662673162e+00
1.132089619931632603e-02,-2.476773657709258059e-01,-2.476789874347248011e-01,1.000000043555559825e+00,-2.476928971724846607e-01,2.000000043555603568e+00,-2.476950120882502049e-01,2.477289341032256342e-01,-7.773074183504333800e-06,9.999997729985230510e-01,1.000199233387823128e+00,1.000000021777802006e+00
1.133002259861850061e-02,-2.476773764948680678e-01,-2.476836571070426818e-01,9.999995202290882235e-01,-2.476887275735491778e-01,1.999999520228602057e+00,-2.476884564665481347e-01,2.477336973746757376e-01,-2.136090849950244251e-06,9.999995374594968789e-01,1.000199587587383476e+00,9.999997601143010284e-01
1.134000301795331546e-02,-2.476773882223248791e-01,-2.476806048218191669e-01,9.999991022607835900e-01,-2.476967558188819807e-01,1.999999102259873984e+00,-2.476980842218147183e-01,2.477312282270460186e-01,-3.649401932668015044e-06,1.000004865045348357e+00,1.000205469415711867e+00,9.999995511299369921e-01
1.134960908668207480e-02,-2.476773995099030845e-01,-2.476754614042469271e-01,9.999959858488505215e-01,-2.476689670042738212e-01,1.999995985844782886e+00,-2.476647901720041289e-01,2.477269071619921381e-01,4.326617409302369743e-06,1.000009068118887123e+00,1.000209567123403920e+00,9.999979929223915542e-01
1.136182192416282724e-02,-2.476774138605552789e-01,-2.476795149272147945e-01,9.999961998834744348e-01,-2.476712972361796439e-01,1.999996199879623848e+00,-2.476720290350704068e-01,2.477298687286115519e-01,1.194336397645339350e-05,1.000001284990982287e+00,1.000201002948421403e+00,9.999980999398120352e-01
1.137123739014955781e-02,-2.476774249241667503e-01,-2.476868034537868524e-01,9.999999130386642010e-01,-2.476837658877499848e-01,1.999999913038576160e+00,-2.476843087491291118e-01,2.477362715340911403e-01,8.259210327550374408e-06,9.999989368729299555e-01,1.000199161905627410e+00,9.999999565192880802e-01
1.138047063813464772e-02,-2.476774357736619137e-01,-2.476768058000800854e-01,9.999996027083697392e-01,-2.476784489367017117e-01,1.999999602707966950e+00,-2.476778331431548630e-01,2.477315139219479212e-01,-5.231905798045279740e-06,1.000000840455493423e+00,1.000200695584190447e+00,9.999998013539834751e-01
1.138948489600144671e-02,-2.476774463658337200e-01,-2.476799410267648271e-01,9.999947953172892978e-01,-2.476761873359897559e-01,1.999994795312015405e+00,-2.476758115079190081e-01,2.477299372285301227e-01,-6.709975270332202507e-07,9.999987235436813560e-01,1.000198574857509515e+00,9.999973976560077027e-01
1.140017414354860432e-02,-2.476774589261965809e-01,-2.476766103315163337e-01,9.999959758577199320e-01,-2.476784331827227292e-01,1.999995975853642305e+00,-2.476788083410956520e-01,2.477274053100444740e-01,2.162929985639970983e-06,9.999913371051605271e-01,1.000190712171989738e+00,9.999979879268212635e-01
1.141066754124901890e-02,-2.476774712564267789e-01,-2.476812182301986187e-01,9.999983631280554564e-01,-2.476712976665862986e-01,1.999998363126396672e+00,-2.476708432982286379e-01,2.477307278839479820e-01,6.320844985846912381e-06,1.000006116357827990e+00,1.000206759625047459e+00,9.999991815631983361e-01
1.142001924309909641e-02,-2.476774822451104918e-01,-2.476760129596397020e-01,9.999988695765473778e-01,-2.476800645989408189e-01,1.999998869575402072e+00,-2.476813989816996631e-01,2.477276239475165176e-01,-3.241231353429497484e-06,9.999966431548907853e-01,1.000195344915615792e+00,9.999994347877010359e-01
1.142372180076324517e-02,-2.476774865957862282e-01,-2.476774897703806488e-01,9.999991172530183769e-01,-2.476774309503056160e-01,1.999999117252123870e+00,-2.476759255656334757e-01,2.477277461416558246e-01,-1.334506780288945301e-06,9.999965008997989679e-01,1.000197142033382836e+00,9.999995586260619351e-01
1.143149837804257989e-02,-2.476774957336272398e-01,-2.476825288656626101e-01,9.999980091707413310e-01,-2.476653217890341652e-01,1.999998009168724167e+00,-2.476651788729350434e-01,2.477319960920449371e-01,7.509010437049465110e-06,1.000002632097349631e+00,1.000202906207411147e+00,9.999990045843620834e-01
1.144117762343068584e-02,-2.476775071071892487e-01,-2.476792222679824740e-01,9.999989974230387713e-01,-2.476770686065598026e-01,1.999998997422022917e+00,-2.476778154912729901e-01,2.477298808821762344e-01,8.281538068784153092e-07,9.999996072591905705e-01,1.000199438541458319e+00,9.999994987110114586e-01
1.145251517127727700e-02,-2.476775204293342192e-01,-2.476724665844648177e-01,9.999969351753101865e-01,-2.476717513258319681e-01,1.999996935172204671e+00,-2.476708623629004791e-01,2.477233282088879274e-01,-2.215990278894854345e-07,1.000000803998202015e+00,1.000200610213031860e+00,9.999984675861022243e-01
1.147000571716499419e-02,-2.476775409815396012e-01,-2.476764145620094504e-01,1.000001583851440667e+00,-2.476721663680632735e-01,2.000001583853045162e+00,-2.476725239593433603e-01,2.477268733794107669e-01,3.156388269867405655e-07,1.000002444255621681e+00,1.000202845654187156e+00,1.000000791926522581e+00
1.148047038936216881e-02,-2.476775532780146616e-01,-2.476791198865946619e-01,1.000001249727938912e+00,-2.476868077293904458e-01,2.000001249729205455e+00,-2.476879059448892084e-01,2.477287236506846568e-01,-5.780790520891936822e-07,9.999904762081239795e-01,1.000190467784913606e+00,1.000000624864602727e+00
1.149164390548869548e-02,-2.476775664074148120e-01,-2.476763952128519797e-01,9.999998114461953191e-01,-2.476807808934868571e-01,1.999999811446004472e+00,-2.476801999160627155e-01,2.477264837009083565e-01,-1.974120684973259429e-06,1.000005372721788133e+00,1.000204452048610859e+00,9.999999057230021249e-01
1.150068415999924536e-02,-2.476775770301338220e-01,-2.476829037014935120e-01,9.999993685518009379e-01,-2.476746944672312267e-01,1.999999368551161227e+00,-2.476748813905367275e-01,2.477325219799797473e-01,2.712174892000410841e-06,9.999942506810961529e-01,1.000194158853907833e+00,9.999996842755806137e-01
1.150942085195988049e-02,-2.476775872961525515e-01,-2.476781712430520255e-01,9.999995706185677014e-01,-2.476922201120801414e-01,1.999999570618132827e+00,-2.476951442479976284e-01,2.477296701749718555e-01,-1.343758297714033925e-05,9.999962560661942446e-01,1.000196401358355969e+00,9.999997853090664135e-01
1.151286276132073780e-02,-2.476775913405558083e-01,-2.476779160228873566e-01,9.999995802434535896e-01,-2.476961952033829018e-01,1.999999580243028152e+00,-2.476965131584271951e-01,2.477279294005895194e-01,-1.313581831231444914e-05,9.999941037916533215e-01,1.000193378493534180e+00,9.999997901215140761e-01
1.152076847586692467e-02,-2.476776006301385225e-01,-2.476806886850425882e-01,9.999973453335881945e-01,-2.476877195255388353e-01,1.999997345330898346e+00,-2.476857072924072700e-01,2.477305394231112678e-01,2.430627452827446709e-06,9.999913938357219978e-01,1.000191998919791159e+00,9.999986726654491731e-01
1.153028498350737972e-02,-2.476776118124777160e-01,-2.476832947474311708e-01,9.999973591398956252e-01,-2.476717244313392519e-01,1.999997359137219766e+00,-2.476705378875781460e-01,2.477327581844817606e-01,4.232960435467030790e-06,9.999979572782369264e-01,1.000198285662559305e+00,9.999986795686097718e-01
1.154082739914027295e-02,-2.476776242003068118e-01,-2.476727948997531070e-01,9.999975595720178578e-01,-2.476676712617931764e-01,1.999997559569544947e+00,-2.476670790866480065e-01,2.477274598393769955e-01,6.858004737493807454e-06,9.999978197445466011e-01,1.000198600311350328e+00,9.999987797847724735e-01
1.155001209999999626e-02,-2.476776349927567733e-01,-2.476738142303324397e-01,9.999956727505820986e-01,-2.476844109390773929e-01,1.999995672746197384e+00,-2.476870125216218965e-01,2.477235190648482688e-01,-4.905655747058131004e-06,1.000005336542243661e+00,1.000206041296425985e+00,9.999978363730986919e-01
1.155155802644179490e-02,-2.476776368092924174e-01,-2.476739036350604772e-01,9.999957178011397163e-01,-2.476862330022059078e-01,1.999995717796800632e+00,-2.476861051568955419e-01,2.477234285715190498e-01,-4.934323065613380229e-06,1.000004937769333191e+00,1.000204308868265946e+00,9.999978588984004269e-01
1.156011522172067235e-02,-2.476776468643942242e-01,-2.476734615405394579e-01,9.999997086832140836e-01,-2.476728892594161346e-01,1.999999708682918653e+00,-2.476714433683472327e-01,2.477231092337702223e-01,3.721586422086957837e-06,9.999998246223428255e-01,1.000199235616624494e+00,9.999998543414594376e-01
1.156440823483490844e-02,-2.476776519088828843e-01,-2.476785892987560800e-01,1.000002185283845879e+00,-2.476787166429084697e-01,2.000002185286060552e+00,-2.476815228727667351e-01,2.477296230615596839e-01,1.076966722343883527e-07,9.999974163776162994e-01,1.000196685119606910e+00,1.000001092643030054e+00
1.157171539769240830e-02,-2.476779775457357280e-01,-2.476869194978024158e-01,1.000003587691536744e+00,-2.476969060713875570e-01,2.000003587695172058e+00,-2.476969517059230130e-01,2.477364287450307123e-01,-5.875643506602230442e-06,9.999931181298109539e-01,1.000193094024719676e+00,1.000001793847586029e+00
1.158243289648367737e-02,-2.476795175342910993e-01,-2.476740761541332547e-01,1.000002089288799079e+00,-2.476783603125065347e-01,2.000002089290916718e+00,-2.476776727981705173e-01,2.477288007766701994e-01,-3.927134155130813623e-06,9.999975652404520243e-01,1.000198718044442270e+00,1.000001044645458137e+00
1.159278772259117983e-02,-2.476804579896076108e-01,-2.476805961970606207e-01,9.999950866451889908e-01,-2.476772967971162809e-01,1.999995086640210085e+00,-2.476781715448113097e-01,2.477306456880260799e-01,5.164225411300519240e-07,1.000007686096665349e+00,1.000207167933586216e+00,9.999975433201051533e-01
1.160293494312796166e-02,-2.476810479458122216e-01,-2.476834667545926016e-01,9.999991014712994453e-01,-2.476875561992502028e-01,1.999999101470389284e+00,-2.476866276991079863e-01,2.477332184470722176e-01,-1.644444060055684195e-06,9.999990585061734327e-01,1.000198403025891469e+00,9.999995507351945312e-01
1.161162525673736963e-02,-2.476813826938377983e-01,-2.476793238559078791e-01,9.999991789916212737e-01,-2.476754296999906235e-01,1.999999178990789384e+00,-2.476749562623065670e-01,2.477300078544837081e-01,-3.343681974720738113e-06,9.999956133237375422e-01,1.000195936662060081e+00,9.999995894953946918e-01
1.162071545909572172e-02,-2.476816207054822472e-01,-2.476838633971633064e-01,9.999952957675476428e-01,-2.476726814684404032e-01,1.999995295762781122e+00,-2.476721654866009259e-01,2.477336395993971208e-01,8.585837104400264515e-06,1.000002099998453353e+00,1.000202827626495594e+00,9.999976478813905612e-01
1.163002936274868532e-02,-2.476817842044889140e-01,-2.476837322164873179e-01,9.999956644118924709e-01,-2.476730077939883756e-01,1.999995664407498985e+00,-2.476734148698382099e-01,2.477332407516536772e-01,4.421708010865969634e-06,1.000003440229475515e+00,1.000203345451277981e+00,9.999978322037496037e-01
1.164002199956196658e-02,-2.476818996049640897e-01,-2.476793042573079418e-01,9.999953709064623997e-01,-2.476718214931738216e-01,1.999995370901771707e+00,-2.476712204343519685e-01,2.477303582130359061e-01,8.459959610194208688e-06,1.000003952051195188e+00,1.000204177761628843e+00,9.999976854508859647e-01
1.165042239683338442e-02,-2.476819767427398677e-01,-2.476762269253129922e-01,9.999938180801802856e-01,-2.476597843572264368e-01,1.999993818073916074e+00,-2.476596607921309201e-01,2.477263579301462737e-01,8.982640347818018800e-06,9.999976009284560208e-01,1.000197802221532983e+00,9.999969090369581481e-01
1.166070027002483710e-02,-2.476820253508347780e-01,-2.476933258971813767e-01,9.999964385384731980e-01,-2.476864889859052565e-01,1.999996438534864529e+00,-2.476878616102285435e-01,2.477431716265489359e-01,9.525345109584948392e-06,1.000017763577542684e+00,1.000217642174032084e+00,9.999982192674322645e-01
1.167000279182947575e-02,-2.476820540415075045e-01,-2.476834830158286815e-01,9.999988617329342855e-01,-2.476756713044665492e-01,1.999998861731780986e+00,-2.476739386535972698e-01,2.477379669489653546e-01,-3.632634352379277056e-06,9.999937844821661370e-01,1.000190963844969971e+00,9.999994308658904929e-01
1.167336005849812022e-02,-2.476820618560957865e-01,-2.476798966358940979e-01,9.999978838661303104e-01,-2.476743045363066498e-01,1.999997883863986026e+00,-2.476737852916401639e-01,2.477352417766769954e-01,-1.956820474259179794e-06,9.999932053984608160e-01,1.000194286422593004e+00,9.999989419319930128e-01
1.168166704045361416e-02,-2.476820769251553700e-01,-2.476726197031136889e-01,9.999905490271663311e-01,-2.476641155957815810e-01,1.999990549017589991e+00,-2.476625401548985250e-01,2.477262828407141571e-01,1.188614351776854581e-05,1.000004375814376179e+00,1.000204333848575544e+00,9.999952745087948847e-01
1.169821355258496461e-02,-2.476820946781186084e-01,-2.476788064760259422e-01,9.999979493742023884e-01,-2.476742577033440584e-01,1.999997949372124717e+00,-2.476760180152008384e-01,2.477288847734551713e-01,6.033516723167076947e-06,9.999955471135001384e-01,1.000195458722662245e+00,9.999989746860623585e-01
1.171056984140231988e-02,-2.476821016692650479e-01,-2.476817042637248223e-01,1.000002783051043398e+00,-2.476789297236348109e-01,2.000002783053863364e+00,-2.476786598747453549e-01,2.477314583343132592e-01,-2.032439789682052564e-06,9.999960032156546275e-01,1.000196555236949170e+00,1.000001391526931682e+00
1.172199722263264805e-02,-2.476821055063692656e-01,-2.476848772805898546e-01,9.999987524348163959e-01,-2.476796398899741014e-01,1.999998752433552074e+00,-2.476807486433791339e-01,2.477344740106576515e-01,-2.032769671021225410e-06,1.000005514163765818e+00,1.000205298209824401e+00,9.999993762167761480e-01
1.174000000000000217e-02,-2.476821087223105011e-01,-2.476868600798919906e-01,9.999939088105997964e-01,-2.476705148871171380e-01,1.999993908804427845e+00,-2.476684693494345113e-01,2.477365935970173294e-01,9.501220218926982743e-06,1.000001602621203078e+00,1.000201486283122554e+00,9.999969544022139223e-01
1.175132289541298489e-02,-2.476821097617467049e-01,-2.476902194751415820e-01,9.999921692939673923e-01,-2.476792923038926841e-01,1.999992169286032517e+00,-2.476793313513655781e-01,2.477399464396046191e-01,1.269629881496759541e-05,1.000006328824759816e+00,1.000206309499525048e+00,9.999960846430163697e-01
1.176118538154772956e-02,-2.476821103224999543e-01,-2.476909430997472905e-01,9.999907476776436210e-01,-2.476797419484262908e-01,1.999990747668268343e+00,-2.476801772672961865e-01,2.477406559644139972e-01,5.584536447680486185e-06,1.000002622886640546e+00,1.000202396209019851e+00,9.999953738341341714e-01
1.177124876622298762e-02,-2.476821106848775822e-01,-2.476788166501981137e-01,9.999882344784829513e-01,-2.476750405836209701e-01,1.999988234466561376e+00,-2.476743059015620030e-01,2.477344376016795968e-01,7.276022235289678242e-06,1.000003158956159099e+00,1.000203256523854778e+00,9.999941172332806882e-01
1.178113450158414614e-02,-2.476821109068994275e-01,-2.476821381016998391e-01,9.999871776504639653e-01,-2.476712552752945717e-01,1.999987177637471580e+00,-2.476700469192196774e-01,2.477316052500203869e-01,1.605525298196194551e-05,1.000005488119223962e+00,1.000205577940298740e+00,9.999935888187356792e-01
1.179087547379978514e-02,-2.476821110412688043e-01,-2.476759674373441023e-01,9.999931470613905304e-01,-2.476583942554312356e-01,1.999993147054446530e+00,-2.476587596881575370e-01,2.477278029054744979e-01,9.988922143535391472e-06,1.000002135340463116e+00,1.000201943037073216e+00,9.999965735272232648e-01
1.180039036888718904e-02,-2.476821111195310343e-01,-2.476821804795035498e-01,9.999963688939842443e-01,-2.476790502393792226e-01,1.999996368890304854e+00,-2.476809111118150053e-01,2.477322539775824450e-01,-1.509537052852115413e-06,1.000002043975881882e+00,1.000201991353074638e+00,9.999981844451524271e-01
1.180999999999999932e-02,-2.476821111635974237e-01,-2.476840507314200246e-01,9.999982397797556599e-01,-2.476783508638605857e-01,1.999998239777971865e+00,-2.476780169746504445e-01,2.477337424236357721e-01,2.726590981596071985e-06,1.000002368281868836e+00,1.000202408823358535e+00,9.999991198889860433e-01
1.182000335950041982e-02,-2.476821111849732693e-01,-2.476810778640433641e-01,9.999975832735770176e-01,-2.476793216182343049e-01,1.999997583271128310e+00,-2.476791606445099825e-01,2.477315350388406556e-01,3.813022433144542908e-06,9.999960608624421932e-01,1.000195485429335562e+00,9.999987916355641548e-01
1.183027186623764743e-02,-2.476821111900424921e-01,-2.476874627855286393e-01,9.999942330225226605e-01,-2.476825103394579286e-01,1.999994233016678891e+00,-2.476831170443236918e-01,2.477372271715216345e-01,1.797724994748954993e-06,1.000006454498261199e+00,1.000207176850739010e+00,9.999971165083395563e-01
1.184141572317732281e-02,-2.476821111832543942e-01,-2.476743680971265626e-01,9.999946538931845375e-01,-2.476658098847192846e-01,1.999994653887767537e+00,-2.476648263281041318e-01,2.477303128500458196e-01,4.221904862464548689e-06,1.000004738081553324e+00,1.000204351752443932e+00,9.999973269438837686e-01
1.185428767289291307e-02,-2.476821111656823948e-01,-2.476762529031878157e-01,9.999932689341390901e-01,-2.476642031367344565e-01,1.999993268927318546e+00,-2.476652572780262962e-01,2.477268372584967848e-01,1.050609062993109491e-05,1.000002537439538930e+00,1.000202807087489321e+00,9.999966344636592730e-01
1.186257278353178117e-02,-2.476821111509312778e-01,-2.476818642290404549e-01,9.999989730242380137e-01,-2.476757196789136084e-01,1.999998973023197291e+00,-2.476766402428039193e-01,2.477315716655920930e-01,8.596931085956339809e-06,1.000001590878510704e+00,1.000200562959291384e+00,9.999994865115986453e-01
1.187096839546105884e-02,-2.476821111342060455e-01,-2.476753297600898240e-01,1.000002715463229386e+00,-2.476804296489252821e-01,2.000002715465980518e+00,-2.476808212316468638e-01,2.477277725877163328e-01,-1.347336944128154786e-06,9.999930045408125245e-01,1.000193511008526936e+00,1.000001357732990259e+00
1.188000771749641617e-02,-2.476821111148188592e-01,-2.476837584572771922e-01,9.999992224657239248e-01,-2.476811440534564812e-01,1.999999222464935889e+00,-2.476809301577529432e-01,2.477342933342454312e-01,1.076005057723014338e-05,1.000010982720601183e+00,1.000213306273445513e+00,9.999996112324680553e-01
1.188457033030287761e-02,-2.476821111046382529e-01,-2.476821276432747410e-01,9.999977461732020290e-01,-2.476798571285557526e-01,1.999997746170918189e+00,-2.476798289045563928e-01,2.477324524808671713e-01,9.200802886047534379e-06,1.000008973363260889e+00,1.000207485407534680e+00,9.999988730854590946e-01
1.189960121345422228e-02,-2.476821110698640138e-01,-2.476850962017724256e-01,9.999973515230076160e-01,-2.476892181790888714e-01,1.999997351520323985e+00,-2.476899164304697532e-01,2.477355240043755680e-01,-6.426228713945696042e-06,9.999978687495237883e-01,1.000198039797677074e+00,9.999986757601619924e-01
1.190312845272389897e-02,-2.476821110615045340e-01,-2.476857036798440492e-01,9.999961430157987552e-01,-2.476885491692512875e-01,1.999996143011890659e+00,-2.476872338562821352e-01,2.477352250112322407e-01,-4.285006330594352366e-06,9.999974438372223329e-01,1.000197348093017302e+00,9.999980715059453296e-01
1.191316144162382802e-02,-2.476821110374626267e-01,-2.476828333547130279e-01,9.999967207963549320e-01,-2.476753932948373982e-01,1.999996720793032257e+00,-2.476747220546739181e-01,2.477331583415984806e-01,4.001658319024277920e-06,9.999968423156297970e-01,1.000196983044640442e+00,9.999983603965161283e-01
1.192173358639602582e-02,-2.476821110166905759e-01,-2.476800384824241197e-01,9.999941789675648174e-01,-2.476679553295495495e-01,1.999994178961666647e+00,-2.476673178397335306e-01,2.477303727393676824e-01,8.919550538072548425e-06,1.000000124773418486e+00,1.000201222993911898e+00,9.999970894808332122e-01
1.193088607650123062e-02,-2.476821109943551924e-01,-2.476785197760787149e-01,9.999930327841242139e-01,-2.476700892826399214e-01,1.999993032777064306e+00,-2.476709942566690803e-01,2.477282458384902353e-01,5.551295399441308657e-07,1.000007413794130828e+00,1.000206637670293608e+00,9.999965163885321529e-01
1.194070002342499312e-02,-2.476821109702838086e-01,-2.476788575530968761e-01,9.999955887231825047e-01,-2.476749425023291040e-01,1.999995588718712636e+00,-2.476754258377276419e-01,2.477284343346817241e-01,2.666410435363743319e-06,9.999945437961436090e-01,1.000194353699797922e+00,9.999977943593563179e-01
1.195193264501664618e-02,-2.476821109426345924e-01,-2.476799137327544142e-01,9.999980496243559003e-01,-2.476813760317515267e-01,1.999998049622379925e+00,-2.476817261494153044e-01,2.477299809239568995e-01,2.436972409140917371e-06,1.000002060253446290e+00,1.000201281992945557e+00,9.999990248111898516e-01
1.196191322847634485e-02,-2.476821109180104563e-01,-2.476852806173919785e-01,9.999984230181010458e-01,-2.476870239604067325e-01,1.999998423016503102e+00,-2.476870854658136112e-01,2.477348844369477165e-01,-1.528163136947173776e-06,9.999932633993608988e-01,1.000194038202937952e+00,9.999992115082516619e-01
1.197002541000000315e-02,-2.476795124494292066e-01,-2.476851435271683610e-01,9.999978977314545325e-01,-2.476828831001286479e-01,1.999997897729324459e+00,-2.476822053173143856e-01,2.477346435705526373e-01,3.375480038319875560e-06,1.000003176809031613e+00,1.000204458616654524e+00,9.999989488646621183e-01
1.197395560993123192e-02,-2.476768287320814665e-01,-2.476829144113898151e-01,9.999970630526888726e-01,-2.476787917538705308e-01,1.999997063049713031e+00,-2.476791535735402838e-01,2.477333301536116805e-01,4.157014573838391938e-06,1.000003316235734241e+00,1.000202915468425324e+00,9.999985315248565154e-01
1.199013297702720103e-02,-2.476768477412406855e-01,-2.476788089132382076e-01,9.999927731768984973e-01,-2.476795937071187004e-01,1.999992773169575910e+00,-2.476790126055984920e-01,2.477337570091744656e-01,4.069231173717850513e-06,1.000008453976112488e+00,1.000209018671410099e+00,9.999963865847879552e-01
1.200002562214626950e-02,-2.476768593655581385e-01,-2.476749503762775417e-01,9.999918348499187148e-01,-2.476644461402068564e-01,1.999991834841645444e+00,-2.476626380119151816e-01,2.477253504318051580e-01,1.130226328993666799e-05,1.000006814519579734e+00,1.000206703478108139e+00,9.999959174208226109e-01
1.200828656203733157e-02,-2.476768690725464073e-01,-2.476739501099150531e-01,9.999931671634996189e-01,-2.476662174948580653e-01,1.999993167156576268e+00,-2.476673544173475239e-01,2.477234896169321077e-01,3.480810742003883636e-06,9.999999143824198633e-01,1.000198671664595862e+00,9.999965835782879120e-01
1.201534068523989890e-02,-2.476768773614687058e-01,-2.476761487646815529e-01,9.999980904553650296e-01,-2.476785252235737811e-01,1.999998090453430022e+00,-2.476804766056880658e-01,2.477262467399427015e-01,-4.136245934810692128e-06,9.999939031984391713e-01,1.000193439650717053e+00,9.999990452267151220e-01
1.202715777906069629e-02,-2.476768912471023487e-01,-2.476798684664705819e-01,1.000002427408697381e+00,-2.476870918990333181e-01,2.000002427411157413e+00,-2.476864906114151776e-01,2.477294894752488097e-01,-4.129364066180946247e-06,9.999963855749511854e-01,1.000197264730536828e+00,1.000001213705578484e+00
1.203368736378833230e-02,-2.476768989196674042e-01,-2.476781572068974813e-01,1.000002379797440222e+00,-2.476832995221185940e-01,2.000002379799851848e+00,-2.476829108275478142e-01,2.477287775380626333e-01,-3.210454458553238488e-06,1.000000657328854015e+00,1.000200832420653496e+00,1.000001189899925924e+00
1.204266517975973415e-02,-2.476769094690179918e-01,-2.476734932535291367e-01,9.999995341418096428e-01,-2.476796762765907933e-01,1.999999534141337687e+00,-2.476796468077732127e-01,2.477242888205875293e-01,-4.526517271766207644e-06,1.000001313719630414e+00,1.000201083331225593e+00,9.999997670706688435e-01
1.205821189978724221e-02,-2.476769277371386746e-01,-2.476707050362737250e-01,1.000000053843731473e+00,-2.476726573371734463e-01,2.000000053843785874e+00,-2.476715816560871308e-01,2.477232388773127347e-01,1.015357356865599220e-06,1.000002040768995126e+00,1.000202286480185832e+00,1.000000026921892937e+00
1.207041364762325743e-02,-2.476769420747600148e-01,-2.476766149726495891e-01,1.000002277304612885e+00,-2.476843171491957818e-01,2.000002277306920373e+00,-2.476852349764508687e-01,2.477266702292679479e-01,1.460264344896260182e-07,9.999948282479087514e-01,1.000194797623727760e+00,1.000001138653460186e+00
1.208127398114439838e-02,-2.476769548361553719e-01,-2.476750782754033875e-01,1.000004996169837845e+00,-2.476803562105776291e-01,2.000004996174900462e+00,-2.476804663682319052e-01,2.477249605581165470e-01,-6.320366610214038748e-06,1.000003946855533510e+00,1.000203015141026164e+00,1.000002498087450231e+00
1.209175743417374715e-02,-2.476769671547005558e-01,-2.476731080389885098e-01,1.000003211516807600e+00,-2.476779664828687721e-01,2.000003211520061885e+00,-2.476769704585071730e-01,2.477231844593026366e-01,-5.151336540118709244e-06,9.999921474695140367e-01,1.000192981025672667e+00,1.000001605760030943e+00
1.210084364823068616e-02,-2.476769778314248383e-01,-2.476681359323683884e-01,1.000001657428001733e+00,-2.476654337950087992e-01,2.000001657429681057e+00,-2.476646529995154278e-01,2.477194143269181026e-01,4.569679059875471240e-06,1.000003911732724848e+00,1.000205021360608182e+00,1.000000828714840528e+00
1.211028227435886027e-02,-2.476769889222492360e-01,-2.476804994753399047e-01,1.000003113427686552e+00,-2.476812033466704033e-01,2.000003113430841140e+00,-2.476835789525910214e-01,2.477309071373108296e-01,-3.876698891435924639e-06,1.000008325031769507e+00,1.000208232974642675e+00,1.000001556715420570e+00
1.212067528887976996e-02,-2.476770011345243161e-01,-2.476741048134791512e-01,1.000006191125655919e+00,-2.476905983925933308e-01,2.000006191131929345e+00,-2.476907082529081205e-01,2.477264033005335819e-01,-9.987268315961474316e-06,9.999973395409886834e-01,1.000196596274609551e+00,1.000003095565964673e+00
1.213414844586588846e-02,-2.476770169661109966e-01,-2.476696552163352716e-01,1.000000201495712115e+00,-2.476769387754283180e-01,2.000000201495915952e+00,-2.476756315316923363e-01,2.477193005327213982e-01,-1.763961144737369757e-06,9.999981339725302343e-01,1.000198288237700073e+00,1.000000100747958198e+00
1.215013541339049138e-02,-2.476770357515419574e-01,-2.476771217677797010e-01,1.000005404589537239e+00,-2.476784022380240646e-01,2.000005404595013747e+00,-2.476791611617117084e-01,2.477271626696525841e-01,-9.815674687821087133e-07,9.999949122270936908e-01,1.000194544810041108e+00,1.000002702297506874e+00
1.216000776347138379e-02,-2.476770473520121529e-01,-2.476683854662071471e-01,1.000006769708158938e+00,-2.476723640326113640e-01,2.000006769715018340e+00,-2.476713094547865202e-01,2.477223471661008924e-01,-9.597222514066120584e-06,9.999846204129443361e-01,1.000183576552730269e+00,1.000003384857509170e+00
1.216854247529921412e-02,-2.476770573806948983e-01,-2.476748611133970657e-01,1.000003982985051554e+00,-2.476714446227610555e-01,2.000003982989087437e+00,-2.476714593267005937e-01,2.477253912427573312e-01,-5.756707820439681538e-06,9.999981013404976027e-01,1.000200161440526703e+00,1.000001991494543718e+00
1.218002277582278491e-02,-2.476770708705820778e-01,-2.476824970340776311e-01,1.000004835057846320e+00,-2.476856827779207459e-01,2.000004835062746178e+00,-2.476874725452998527e-01,2.477325724623180014e-01,3.834602099958203569e-07,1.000000724054394885e+00,1.000200311450368584e+00,1.000002417531372867e+00
1.219001165746256762e-02,-2.476770826079820187e-01,-2.476736998244020715e-01,1.000003898211885733e+00,-2.476751385942947414e-01,2.000003898215835907e+00,-2.476732003897465229e-01,2.477277240816486703e-01,-2.861101911637244446e-07,1.000000162598486453e+00,1.000200346207461566e+00,1.000001949107917953e+00
1.220041751848077900e-02,-2.476770948353526347e-01,-2.476739640961443667e-01,9.999977359590567216e-01,-2.476684842981073387e-01,1.999997735956762668e+00,-2.476686505583709508e-01,2.477235256570352873e-01,-1.035699142617028933e-06,1.000003825085650888e+00,1.000204036458837598e+00,9.999988679783813339e-01
1.221086088461125971e-02,-2.476771071067933871e-01,-2.476720998970402821e-01,1.000000306655006721e+00,-2.476780063600912130e-01,2.000000306655317139e+00,-2.476791456752299725e-01,2.477220324086342462e-01,-7.404853718938992843e-06,1.000002762614678797e+00,1.000201903944623272e+00,1.000000153327658792e+00
1.222053995133121247e-02,-2.476771184801465076e-01,-2.476674552075349145e-01,1.000003434025645399e+00,-2.476777982504567432e-01,2.000003434029125060e+00,-2.476768846936039659e-01,2.477185148632037592e-01,-2.907019805870626231e-06,9.999950549189122739e-01,1.000194864012334151e+00,1.000001717014562530e+00
1.223115104068247562e-02,-2.476771309486685280e-01,-2.476722962705459052e-01,1.000004675943398036e+00,-2.476751145616923888e-01,2.000004675948135802e+00,-2.476753737185715676e-01,2.477223037984515042e-01,-4.690804441868621659e-06,9.999963095555333137e-01,1.000196559380064798e+00,1.000002337974067901e+00
1.225000000000000221e-02,-2.476771530970738322e-01,-2.476740399705387174e-01,1.000006987413467385e+00,-2.476754422300782854e-01,2.000006987420547500e+00,-2.476747356261966293e-01,2.477243112036548456e-01,-3.171913310852242486e-06,9.999948323049320242e-01,1.000194453487689872e+00,1.000003493710273750e+00
1.226054126399701849e-02,-2.476771654835479564e-01,-2.476740465616056042e-01,1.000002837800535893e+00,-2.476729021543459808e-01,2.000002837803411815e+00,-2.476728958107966005e-01,2.477239295871246638e-01,-5.694587601629584654e-07,9.999978652348698871e-01,1.000198451554222157e+00,1.000001418901705685e+00
1.227383147258102880e-02,-2.476771811001616252e-01,-2.476797090802931589e-01,1.000002742056629534e+00,-2.476767920003665746e-01,2.000002742059407979e+00,-2.476757120039514426e-01,2.477298935774587263e-01,1.418487886028670106e-06,1.000005545658142703e+00,1.000204857977524675e+00,1.000001371029703989e+00
1.228409532645657019e-02,-2.476771931606662203e-01,-2.476753309383925850e-01,1.000001935923386487e+00,-2.476736561098686062e-01,2.000001935925347585e+00,-2.476759050826185804e-01,2.477252379288478745e-01,-9.436704015261467486e-07,9.999980964586735466e-01,1.000197237700131803e+00,1.000000967962674014e+00
1.229215013891045254e-02,-2.476772026254453196e-01,-2.476792732880660763e-01,9.999987541187776996e-01,-2.476896364026898445e-01,1.999998754117515265e+00,-2.476901495979098589e-01,2.477297660508830379e-01,-3.027012971727412125e-06,9.999924523817910194e-01,1.000192404655070311e+00,9.999993770587576325e-01
1.230664314623083726e-02,-2.476772196554028749e-01,-2.476830674837164348e-01,1.000000843715496357e+00,-2.476813407573881798e-01,2.000000843716351007e+00,-2.476786319529076519e-01,2.477349676037173820e-01,3.959538471997376488e-06,9.999946851407565118e-01,1.000195108626794394e+00,1.000000421858175503e+00
1.231223690821594413e-02,-2.476772262283334913e-01,-2.476789953525414534e-01,9.999993305141048339e-01,-2.476693748813279250e-01,1.999999330513426266e+00,-2.476698298611140492e-01,2.477316878328337801e-01,6.039226631336241867e-06,9.999966655781376001e-01,1.000196404801101391e+00,9.999996652567131328e-01
1.232060750540232494e-02,-2.476772360641744941e-01,-2.476782457706066531e-01,9.999941044550305635e-01,-2.476804283641574067e-01,1.999994104449056787e+00,-2.476817635898053982e-01,2.477278794585752730e-01,-1.916367703906199713e-06,9.999924402441694449e-01,1.000191935073490690e+00,9.999970522245282822e-01
1.232930987519121301e-02,-2.476772462898629845e-01,-2.476807955964928920e-01,9.999940129713592585e-01,-2.476854949604776202e-01,1.999994012965292667e+00,-2.476862917618388171e-01,2.477306500386007304e-01,2.862694864812678702e-06,9.999921316519738701e-01,1.000192013318502493e+00,9.999970064826463334e-01
1.234029948851262694e-02,-2.476772592031688536e-01,-2.476828704256495983e-01,9.999980955183968012e-01,-2.476751698477357155e-01,1.999998095516466901e+00,-2.476737502601688012e-01,2.477324803854379087e-01,9.087188306219724305e-06,9.999955378215731328e-01,1.000196377926835467e+00,9.999990477582335613e-01
1.235001566601562351e-02,-2.476772706201297303e-01,-2.476812519523327871e-01,9.999972850376416256e-01,-2.476635466091519355e-01,1.999997285034890826e+00,-2.476622671927546926e-01,2.477311059920893344e-01,1.304831841227195131e-05,1.000011036465329184e+00,1.000212733596523407e+00,9.999986425174454130e-01
1.235900183387643979e-02,-2.476772811792938567e-01,-2.476752631538508831e-01,9.999954061124008975e-01,-2.476701456079314356e-01,1.999995406107746065e+00,-2.476710471944214287e-01,2.477275588250475169e-01,6.089891224405414803e-06,1.000004111049721534e+00,1.000202928265960134e+00,9.999977030538730327e-01
1.236579505646674508e-02,-2.476772891616452754e-01,-2.476754669863291958e-01,9.999950477509330637e-01,-2.476712954923319943e-01,1.999995047745915189e+00,-2.476710790517432648e-01,2.477253427417221432e-01,4.468504815938300609e-06,1.000002348596934487e+00,1.000202546733109266e+00,9.999975238729574833e-01
1.237925509158937544e-02,-2.476773049778122071e-01,-2.476762937600145986e-01,9.999993468053431922e-01,-2.476699330170964719e-01,1.999999346804681055e+00,-2.476696955678407419e-01,2.477258637920201345e-01,6.418428246466786733e-06,1.000001660353145638e+00,1.000201455525522087e+00,9.999996734023406386e-01
1.238442996468467824e-02,-2.476773110585273052e-01,-2.476760265540345340e-01,1.000001158262440404e+00,-2.476685384751988739e-01,2.000001158263613910e+00,-2.476682752456972614e-01,2.477255414829298563e-01,3.776271698388001855e-06,9.999990942167134023e-01,1.000198367688742707e+00,1.000000579131806955e+00
1.239587974663993244e-02,-2.476773245125527545e-01,-2.476747357104861491e-01,1.000000772861323162e+00,-2.476716406340274679e-01,2.000000772862106313e+00,-2.476725604336375008e-01,2.477246360672278880e-01,6.465138997265754313e-07,9.999959677164419469e-01,1.000196258738640376e+00,1.000000386431053156e+00
1.240390609249249383e-02,-2.476773339438805566e-01,-2.476751956768301621e-01,1.000000927505444448e+00,-2.476795681979701569e-01,2.000000927506384585e+00,-2.476814608418606289e-01,2.477252871419524383e-01,-2.294186140006808985e-06,9.999976322412281737e-01,1.000197594469467210e+00,1.000000463753192070e+00
1.241184156671416502e-02,-2.476773432684321319e-01,-2.476789563704045738e-01,1.000001427914098961e+00,-2.476914641058289290e-01,2.000001427915546248e+00,-2.476920006866615565e-01,2.477284196260474691e-01,-8.958936956130091251e-06,9.999972796512305306e-01,1.000197649433020253e+00,1.000000713957772902e+00
1.242057960609285056e-02,-2.476773535360346778e-01,-2.476773979467070397e-01,1.000002332776038116e+00,-2.476807477150179959e-01,2.000002332778402003e+00,-2.476797332329492285e-01,2.477272250002089116e-01,1.144540423850332196e-07,1.000003840430819357e+00,1.000204283893916690e+00,1.000001166389201002e+00
1.243000161881163343e-02,-2.476773646073378021e-01,-2.476764977629112574e-01,1.000000687716677161e+00,-2.476835529081610476e-01,2.000000687717373715e+00,-2.476841240016957046e-01,2.477260332380737951e-01,-3.710658184769631750e-06,9.999992899770496768e-01,1.000198717749656074e+00,1.000000343858686858e+00
1.243310868792491843e-02,-2.476773682582872615e-01,-2.476766017285108867e-01,9.999998369155216338e-01,-2.476797850291242720e-01,1.999999836915356211e+00,-2.476775345715444276e-01,2.477262170129650720e-01,-2.345517103826285803e-07,9.999996836340035999e-01,1.000200306569784425e+00,9.999999184576781053e-01
1.244140534835160537e-02,-2.476773780072493436e-01,-2.476770995290793476e-01,9.999994210807796602e-01,-2.476614707413218597e-01,1.999999421080193018e+00,-2.476607172708296667e-01,2.477266107509850102e-01,1.110452963380287836e-05,1.000005601747236961e+00,1.000205981729339166e+00,9.999997105400965092e-01
1.245038100728517068e-02,-2.476773885540654030e-01,-2.476749852446510913e-01,1.000000282616751113e+00,-2.476737142845994166e-01,2.000000282617037328e+00,-2.476747709949668197e-01,2.477250018475966042e-01,1.643467376848810495e-06,1.000003692912412534e+00,1.000203416710029103e+00,1.000000141308518664e+00
1.246041149922617192e-02,-2.476774003403588997e-01,-2.476856880108290748e-01,1.000000421949723828e+00,-2.476762195169296688e-01,2.000000421950151708e+00,-2.476769927548172212e-01,2.477357208835747615e-01,8.108006246387212558e-07,1.000005528418743461e+00,1.000205524964022930e+00,1.000000210975075632e+00
1.247132654335040766e-02,-2.476774131660431921e-01,-2.476784789476155768e-01,1.000000661806108360e+00,-2.476784533765204466e-01,2.000000661806779156e+00,-2.476788323460686336e-01,2.477307940619841997e-01,2.167892332308925788e-06,1.000000654923342447e+00,1.000200643923000454e+00,1.000000330903389578e+00
1.248081309412536061e-02,-2.476774243131805719e-01,-2.476808637747387187e-01,9.999961231409280060e-01,-2.476858694102572755e-01,1.999996123136999815e+00,-2.476858078662614870e-01,2.477304045423638912e-01,-1.809192776170869072e-07,1.000001649923592417e+00,1.000201462716274081e+00,9.999980615684997964e-01
1.249074441342859151e-02,-2.476774359829419514e-01,-2.476787658513685819e-01,9.999958116403826480e-01,-2.476719004933390089e-01,1.999995811636138487e+00,-2.476716617497990713e-01,2.477288155505412703e-01,6.354647101356988999e-07,9.999971264749131228e-01,1.000197268505043091e+00,9.999979058180692437e-01
1.250087790701966475e-02,-2.476774478902678822e-01,-2.476739711009572908e-01,9.999972473575952092e-01,-2.476760093635801130e-01,1.999997247354805996e+00,-2.476755504562507815e-01,2.477249505901364668e-01,4.767588300277325586e-06,1.000007088479965001e+00,1.000206810872900975e+00,9.999986236774031090e-01
1.251045860885793837e-02,-2.476774591480375431e-01,-2.476763056211692682e-01,9.999978206268687053e-01,-2.476790877192369678e-01,1.999997820624660472e+00,-2.476794427907622609e-01,2.477259049131747271e-01,-3.211905848703443650e-06,9.999913161660800576e-01,1.000190162403093330e+00,9.999989103123302359e-01
1.252199959743895662e-02,-2.476774727092343753e-01,-2.476736222906102403e-01,1.000001438722128988e+00,-2.476670331313980400e-01,2.000001438723586933e+00,-2.476672870397688131e-01,2.477234663031747108e-01,-4.535847019310691090e-06,9.999944578846425847e-01,1.000194231927295840e+00,1.000000719361793466e+00
1.253380814408785494e-02,-2.476774865848247187e-01,-2.476760224729891435e-01,1.000001839241519086e+00,-2.476775381975178381e-01,2.000001839243382484e+00,-2.476790201833981020e-01,2.477258656577217000e-01,-4.962781065118289394e-06,9.999934097224486562e-01,1.000193677036834927e+00,1.000000919621691464e+00
1.255000622669563692e-02,-2.476775056183249946e-01,-2.476768034774396443e-01,1.000002630131126446e+00,-2.476851108549018299e-01,2.000002630133791204e+00,-2.476847960884956679e-01,2.477265182537409238e-01,-1.259250576695313154e-05,9.999939434458474663e-01,1.000193921669335628e+00,1.000001315066895602e+00
1.255627463981007913e-02,-2.476775129840003142e-01,-2.476744423785048332e-01,1.000001449337001969e+00,-2.476795905258430963e-01,2.000001449338470572e+00,-2.476782392269061828e-01,2.477250629582881947e-01,-4.400444376246822305e-06,9.999997699279199459e-01,1.000201044693612928e+00,1.000000724669235286e+00
1.256203724326522206e-02,-2.476775197553273966e-01,-2.476723122184375514e-01,1.000000250894118370e+00,-2.476724675450858726e-01,2.000000250894372389e+00,-2.476717288417132623e-01,2.477228299481412932e-01,2.281201592768772314e-06,1.000005172840181977e+00,1.000204739093314865e+00,1.000000125447186194e+00
1.257092824022353582e-02,-2.476775302026619774e-01,-2.476708727229029183e-01,1.000000287205877081e+00,-2.476759381589110354e-01,2.000000287206168181e+00,-2.476762091710092983e-01,2.477206327010043618e-01,-4.234969280132469659e-06,9.999963783942020790e-01,1.000195721384085745e+00,1.000000143603084091e+00
1.258070405073961201e-02,-2.476775416896925541e-01,-2.476753405209730363e-01,1.000002987284500433e+00,-2.476755112235596579e-01,2.000002987287527567e+00,-2.476755389253002260e-01,2.477251579732017150e-01,-2.210962776719194663e-06,9.999958031908502409e-01,1.000196108154551622e+00,1.000001493643763784e+00
1.259059074834770545e-02,-2.476775533070210422e-01,-2.476761881805124299e-01,1.000005325400914691e+00,-2.476787828253215473e-01,2.000005325406311041e+00,-2.476792666220248851e-01,2.477256767330139609e-01,-5.917223418481104444e-06,9.999996323940333331e-01,1.000199438118342110e+00,1.000002662703155520e+00
1.260007529068146032e-02,-2.476775644517987818e-01,-2.476697051122496718e-01,1.000003861165977392e+00,-2.476704372868291648e-01,2.000003861169890040e+00,-2.476687426128014735e-01,2.477220573251701363e-01,5.431165993278746232e-06,9.999957642120810286e-01,1.000195564497920575e+00,1.000001930584945020e+00
1.260334724646900231e-02,-2.476775682964975633e-01,-2.476713961668761677e-01,1.000002879597646555e+00,-2.476694276268020523e-01,2.000002879600564221e+00,-2.476701840123388398e-01,2.477218550897079263e-01,3.324907832600664265e-06,9.999961170090450047e-01,1.000196031898954008e+00,1.000001439800282332e+00
1.261109523917597515e-02,-2.476775774007494713e-01,-2.476786731440129841e-01,1.000001862327506430e+00,-2.476817214532441580e-01,2.000001862329393365e+00,-2.476829957763757029e-01,2.477287399126560374e-01,-7.206109055929100962e-06,9.999939436832713247e-01,1.000193638936043072e+00,1.000000931164696683e+00
1.262000071524629376e-02,-2.476775878650974982e-01,-2.476816009845468347e-01,1.000004313196849237e+00,-2.476735023509839817e-01,2.000004313201219741e+00,-2.476721537931468597e-01,2.477314399819744162e-01,4.888481781848470950e-06,9.999974188504062722e-01,1.000197911178646981e+00,1.000002156600609871e+00
1.262276564263078299e-02,-2.476775911140154662e-01,-2.476810380295380309e-01,1.000004829134639950e+00,-2.476717535666949632e-01,2.000004829139533147e+00,-2.476714497060102105e-01,2.477307025907979909e-01,4.712065274801677916e-06,9.999978043392576676e-01,1.000197570717781037e+00,1.000002414569766573e+00
1.263155488768219654e-02,-2.476776014417864935e-01,-2.476767490973902919e-01,1.000001616753284139e+00,-2.476701751772064641e-01,2.000001616754922829e+00,-2.476696812568418005e-01,2.477279624346331866e-01,2.718505556859387063e-06,9.999964062316765157e-01,1.000197230669774617e+00,1.000000808377461192e+00
1.264867239462406576e-02,-2.476776215556522331e-01,-2.476722875303180305e-01,9.999977765506368188e-01,-2.476573318714521410e-01,1.999997776548383621e+00,-2.476563602268326281e-01,2.477222292055268893e-01,1.203792846929461861e-05,1.000007807003583604e+00,1.000207703091261502e+00,9.999988882741919216e-01
1.265405501763292549e-02,-2.476776278804829201e-01,-2.476741491458664401e-01,1.000000239442208283e+00,-2.476618853223162553e-01,2.000000239442450756e+00,-2.476638175403464426e-01,2.477239855012522418e-01,6.657157588524411936e-06,1.000005425905664547e+00,1.000204556838910408e+00,1.000000119721225378e+00
1.266267471605952814e-02,-2.476776380090283669e-01,-2.476766607320471381e-01,1.000004971329405246e+00,-2.476780431351860157e-01,2.000004971334442772e+00,-2.476784993050850092e-01,2.477264565526920426e-01,-7.354553947528131587e-06,9.999972599515496441e-01,1.000196501627084178e+00,1.000002485667221386e+00
1.267566333557312158e-02,-2.476776532712590406e-01,-2.476793948832409498e-01,1.000003856576028083e+00,-2.476823638818242690e-01,2.000003856579935846e+00,-2.476845613770366772e-01,2.477290570960912486e-01,-9.078589875595236737e-06,9.999892531858780576e-01,1.000188520334433395e+00,1.000001928289967923e+00
1.269001263407867029e-02,-2.476776701323512575e-01,-2.476858242112298103e-01,9.999997486457552487e-01,-2.476830556177476161e-01,1.999999748645500564e+00,-2.476823388822105565e-01,2.477359852601445089e-01,4.507603108268544062e-07,9.999984264996182315e-01,1.000199865190513293e+00,9.999998743227502818e-01
1.269848991641973381e-02,-2.476776800935500400e-01,-2.476823622978502337e-01,9.999979523604721754e-01,-2.476853505513200715e-01,1.999997952358397280e+00,-2.476860072182396622e-01,2.477334476786831607e-01,-2.401766886030959027e-06,9.999978020019019143e-01,1.000197437353790075e+00,9.999989761791986398e-01
1.270311994086423604e-02,-2.476776855340432071e-01,-2.476779997824459789e-01,9.999967454526417221e-01,-2.476824249120333776e-01,1.999996745449343916e+00,-2.476801592108438532e-01,2.477311470314153274e-01,-7.695337385597636188e-07,9.999979573504196306e-01,1.000198609215372958e+00,9.999983727246719578e-01
1.271173437846217363e-02,-2.476776956564089305e-01,-2.476684092957847638e-01,9.999936153660338167e-01,-2.476601132766544644e-01,1.999993615359564325e+00,-2.476587565655934409e-01,2.477232175329531771e-01,9.953997111518872172e-06,1.000004897490183620e+00,1.000205378109461085e+00,9.999968076797821626e-01
1.272742809925912592e-02,-2.476777140972602209e-01,-2.476743987314546647e-01,1.000000414031868567e+00,-2.476738448691142847e-01,2.000000414032288010e+00,-2.476740204791003930e-01,2.477258828730398987e-01,3.972247710027426413e-07,1.000002348677750508e+00,1.000201806647862846e+00,1.000000207016144005e+00
1.273282485465909546e-02,-2.476777204386989006e-01,-2.476725851297907899e-01,1.000004399373283004e+00,-2.476758250047394472e-01,2.000004399377740771e+00,-2.476764885328260613e-01,2.477230567641169889e-01,-2.645161271756856875e-06,9.999986457538828644e-01,1.000197919717005224e+00,1.000002199688870386e+00
1.274102458247361631e-02,-2.476777300737613707e-01,-2.476760361680528377e-01,1.000002988492094014e+00,-2.476758091557740848e-01,2.000002988495122036e+00,-2.476753623800195259e-01,2.477259787590802842e-01,6.035819899062739899e-06,9.999959271106967362e-01,1.000195951603846334e+00,1.000001494247561018e+00
1.275001342499999801e-02,-2.476777406360687328e-01,-2.476795921803078004e-01,1.000002339270504192e+00,-2.476814175965723619e-01,2.000002339272874519e+00,-2.476828329590354816e-01,2.477295136990805835e-01,-1.523161246512668288e-06,9.999912397810816200e-01,1.000190454326096434e+00,1.000001169636437259e+00
1.276000000000000224e-02,-2.476777523707581752e-01,-2.476777614049968379e-01,1.000002706801028873e+00,-2.476870771647468328e-01,2.000002706803771346e+00,-2.476871790495433767e-01,2.477278070317875114e-01,-7.380211427400577263e-06,9.999941831855407859e-01,1.000194746874727425e+00,1.000001353401885895e+00
1.277001113320312339e-02,-2.476777648119218023e-01,-2.476756290675100891e-01,9.999994492105215294e-01,-2.476803533185092110e-01,1.999999449209963309e+00,-2.476795647123486432e-01,2.477255684613189346e-01,-6.535847335842620367e-06,9.999953959942265991e-01,1.000195492112105899e+00,9.999997246049816546e-01
1.277367057624768584e-02,-2.476781798321058270e-01,-2.476741702940089274e-01,9.999986967648719638e-01,-2.476753206008451003e-01,1.999998696763551687e+00,-2.476733302725782626e-01,2.477246782790268886e-01,-1.424382149662851152e-06,9.999983850528455509e-01,1.000199618742882768e+00,9.999993483817757323e-01
1.278145596816978452e-02,-2.476788708920495408e-01,-2.476706042561728494e-01,9.999990474568158927e-01,-2.476598623297347757e-01,1.999999047455850887e+00,-2.476587609850086635e-01,2.477215068193188985e-01,9.267048140337327581e-06,1.000007121937168897e+00,1.000207025165570585e+00,9.999995237279254434e-01
1.279020839229750607e-02,-2.476794138307682469e-01,-2.476689584628914143e-01,1.000000937309908355e+00,-2.476629888016677605e-01,2.000000937310857818e+00,-2.476639010049509759e-01,2.477187961364397395e-01,-2.610322846691742047e-06,9.999983156215830338e-01,1.000197198390188724e+00,1.000000468655428909e+00
1.279938199442642865e-02,-2.476797994539618741e-01,-2.476802010271189625e-01,1.000004015357580434e+00,-2.476803961604834015e-01,2.000004015361648957e+00,-2.476824623030543238e-01,2.477310930689615442e-01,-3.475734264363284614e-06,9.999954276799144504e-01,1.000195259520350266e+00,1.000002007680824478e+00
1.280622775960115617e-02,-2.476800019879308312e-01,-2.476848124354445735e-01,1.000006294793394312e+00,-2.476883295343664526e-01,2.000006294799772544e+00,-2.476891769656300868e-01,2.477348109302140444e-01,-8.704387518785384911e-06,9.999978079943938614e-01,1.000198250013541124e+00,1.000003147399886494e+00
1.281523955134926222e-02,-2.476801913671470012e-01,-2.476871384726634095e-01,1.000004968125770777e+00,-2.476933925639228651e-01,2.000004968130804972e+00,-2.476932461605276248e-01,2.477367102922058417e-01,-9.815039775242066788e-06,9.999992238779822351e-01,1.000199221986623144e+00,1.000002484065402486e+00
1.283002732456019028e-02,-2.476803785996849749e-01,-2.476775876737002113e-01,9.999930900313299675e-01,-2.476780415797865953e-01,1.999993090024328346e+00,-2.476767496335353924e-01,2.477321685809321938e-01,3.883163726530278480e-06,1.000003906018238187e+00,1.000204198837499892e+00,9.999965450121641730e-01
1.284000086121367401e-02,-2.476804516136129064e-01,-2.476806778239398488e-01,9.999907800510043909e-01,-2.476687569552174228e-01,1.999990780041662086e+00,-2.476681707248784281e-01,2.477306718977790589e-01,1.706945477099646379e-05,1.000006455037601327e+00,1.000206638081151178e+00,9.999953900208310431e-01
1.284431978891166851e-02,-2.476804746359115017e-01,-2.476799934512183277e-01,9.999919578987410684e-01,-2.476671247604908532e-01,1.999991957890592253e+00,-2.476673098698032038e-01,2.477297172564919547e-01,1.279343049437006537e-05,1.000005504502602838e+00,1.000204833778565838e+00,9.999959789452961267e-01
1.285133851156538588e-02,-2.476805039440410916e-01,-2.476775748588662396e-01,9.999961344081139680e-01,-2.476708529291116456e-01,1.999996134404196990e+00,-2.476714834353897499e-01,2.477280466997937303e-01,4.525009514791320919e-07,9.999999664063958793e-01,1.000199734241850935e+00,9.999980672020984951e-01
1.286110531376916631e-02,-2.476805323538610326e-01,-2.476742617439858241e-01,9.999977946695968178e-01,-2.476657793153089482e-01,1.999997794667362161e+00,-2.476648623931604343e-01,2.477244699802225447e-01,3.972403766165433765e-06,1.000004926306644393e+00,1.000205071038561933e+00,9.999988973336810805e-01
1.287169921168287122e-02,-2.476805521656779419e-01,-2.476806262755036625e-01,9.999986888916058136e-01,-2.476655724652483959e-01,1.999998688890277210e+00,-2.476669536890562795e-01,2.477300931218111291e-01,6.090998649361364025e-06,1.000002622719174949e+00,1.000202563643455056e+00,9.999993444451386049e-01
1.288060698366883840e-02,-2.476805630312701734e-01,-2.476762912730587907e-01,1.000001143379545487e+00,-2.476806778753327942e-01,2.000001143380704338e+00,-2.476818246316223604e-01,2.477274322312129629e-01,-4.472308808798183836e-06,1.000000440790936418e+00,1.000199965357378096e+00,1.000000571690352169e+00
1.289000097276548143e-02,-2.476805707262786094e-01,-2.476675273218919282e-01,9.999995744186496172e-01,-2.476702565563018987e-01,1.999999574418218184e+00,-2.476685011497322397e-01,2.477216304435035099e-01,3.981200788379967963e-06,1.000000197387586054e+00,1.000200399556874897e+00,9.999997872091092033e-01
1.289607061954273735e-02,-2.476805742600220184e-01,-2.476683821077799164e-01,9.999985427236198765e-01,-2.476679986326643934e-01,1.999998542722143169e+00,-2.476685382829879878e-01,2.477182699750027639e-01,3.483629991009100986e-06,1.000002580577109779e+00,1.000202807770116387e+00,9.999992713610715844e-01
1.291000000000000307e-02,-2.476805795638155616e-01,-2.476866128781555487e-01,1.000005650540932933e+00,-2.476858531551785481e-01,2.000005650546658575e+00,-2.476876368725060007e-01,2.477379805595317785e-01,-5.237064671930220551e-06,9.999974987422183270e-01,1.000196838476919536e+00,1.000002825273329288e+00
1.292000299253292551e-02,-2.476805818006635462e-01,-2.476787021214729156e-01,1.000007496965755749e+00,-2.476947642077159950e-01,2.000007496973352783e+00,-2.476948201955651296e-01,2.477323511788735722e-01,-1.287338726311760409e-05,9.999971376412878366e-01,1.000197371474438990e+00,1.000003748486676169e+00
1.292919824939016936e-02,-2.476805831457871143e-01,-2.476705118433076280e-01,9.999990687483190088e-01,-2.476799401064765926e-01,1.999999068747375430e+00,-2.476777152840483054e-01,2.477243916996526296e-01,-4.330819004350818188e-06,9.999927097505973972e-01,1.000192357065588844e+00,9.999995343736876041e-01
1.294020450830406059e-02,-2.476805841769377237e-01,-2.476881950857080517e-01,9.999958629842450319e-01,-2.476834467650365079e-01,1.999995862980052941e+00,-2.476853678308520434e-01,2.477391963421466392e-01,4.686703520163349896e-06,1.000005336914329579e+00,1.000206050706069716e+00,9.999979314900265814e-01
1.295052073768312995e-02,-2.476805847747112210e-01,-2.476774302156826701e-01,1.000002838572723540e+00,-2.476792049364927029e-01,2.000002838575599906e+00,-2.476779516204586085e-01,2.477326962690890866e-01,5.020210245420443883e-06,9.999979028043032292e-01,1.000197631876501569e+00,1.000001419287799953e+00
1.296000000000000103e-02,-2.476805851231965727e-01,-2.476775607961486936e-01,9.999974551129667821e-01,-2.476743212051543963e-01,1.999997455110388067e+00,-2.476734730574884358e-01,2.477271998254353402e-01,4.558621093787930410e-06,1.000001887002897050e+00,1.000202648946733497e+00,9.999987275551940336e-01
1.297000326123640135e-02,-2.476805853556233727e-01,-2.476791298340951519e-01,9.999952569539514169e-01,-2.476704433869899580e-01,1.999995256949145261e+00,-2.476708137975174584e-01,2.477288267412578460e-01,6.185121684541778122e-06,9.999979990122828122e-01,1.000197133247917147e+00,9.999976284745726307e-01
1.298040977777603980e-02,-2.476805855016509794e-01,-2.476759899566952361e-01,9.999993628280382518e-01,-2.476720333483504455e-01,1.999999362827392657e+00,-2.476719516889961947e-01,2.477264361534819992e-01,-8.925173641078023275e-07,9.999915481384878957e-01,1.000191580233747546e+00,9.999996814136963286e-01
1.299001223416360734e-02,-2.476805855803468348e-01,-2.476799678672852167e-01,9.999989047818935717e-01,-2.476686252704308477e-01,1.999998904780783793e+00,-2.476681653033647734e-01,2.477299726253178735e-01,6.848997715383326727e-06,1.000005339737969789e+00,1.000207008869288927e+00,9.999994523903918964e-01
1.300000000000000287e-02,-2.476805856252742855e-01,-2.476826431423372887e-01,9.999996728408788726e-01,-2.476777868306013486e-01,1.999999672840547360e+00,-2.476790400552902893e-01,2.477324251904784169e-01,5.243691022535579059e-06,1.000014540306334521e+00,1.000215277612270137e+00,9.999998364202736800e-01
1.301129794780838539e-02,-2.476805856470125633e-01,-2.476863090437353143e-01,9.999983568211756602e-01,-2.476836654391994796e-01,1.999998356819510770e+00,-2.476835933002742018e-01,2.477359266360020518e-01,2.809534246625097910e-06,9.999982227879027352e-01,1.000197859217043517e+00,9.999991784097552738e-01
1.302058212772810690e-02,-2.476805856500516601e-01,-2.476862079143743178e-01,9.999954206678152158e-01,-2.476855419034805217e-01,1.999995420663175150e+00,-2.476864480640946498e-01,2.477357245141769693e-01,-8.353737310306710823e-06,9.999962896225886855e-01,1.000195631698661769e+00,9.999977103315875748e-01
1.302843404702683922e-02,-2.476805856457433841e-01,-2.476860570996917699e-01,9.999930770131734148e-01,-2.476861693325770331e-01,1.999993077006158471e+00,-2.476859127425104501e-01,2.477355753117179427e-01,1.208749372006159113e-06,9.999932442240743180e-01,1.000193002444322410e+00,9.999965385030793463e-01
1.304004963997144537e-02,-2.476805856317280119e-01,-2.476772756896368777e-01,9.999911107825700807e-01,-2.476729148005255565e-01,1.999991110773562619e+00,-2.476715496674569417e-01,2.477311681198976490e-01,1.161047480941273337e-05,1.000002908621085762e+00,1.000203957161384549e+00,9.999955553867813096e-01
1.305001355440936657e-02,-2.476805856149432716e-01,-2.476846738979251727e-01,9.999915439908939607e-01,-2.476760363133000964e-01,1.999991543982325704e+00,-2.476769174080278302e-01,2.477351171596751389e-01,9.076249794133009181e-06,1.000008344653011472e+00,1.000208738657932139e+00,9.999957719911628518e-01
1.306000000000000043e-02,-2.476805855953368718e-01,-2.476829206814669948e-01,9.999958286617105507e-01,-2.476657549048570384e-01,1.999995828657483932e+00,-2.476644287299539227e-01,2.477331235448516356e-01,1.029602094771210573e-05,1.000012523486477845e+00,1.000212922795441717e+00,9.999979143287418548e-01
1.307002272457509495e-02,-2.476805855738441753e-01,-2.476786364161676635e-01,9.999956847518581826e-01,-2.476661028068644632e-01,1.999995684747485791e+00,-2.476659147650575599e-01,2.477295118294533804e-01,1.015580128768068281e-05,1.000004203580606266e+00,1.000203442123448472e+00,9.999978423737428956e-01
1.308059952239816991e-02,-2.476805855498947218e-01,-2.476859030550921381e-01,9.999939246691720296e-01,-2.476804193485677430e-01,1.999993924663016065e+00,-2.476818663374768803e-01,2.477354829971568084e-01,6.309285109809669448e-06,1.000003728449778473e+00,1.000203527345535637e+00,9.999969623315080325e-01
1.309347257259034329e-02,-2.476805855196624606e-01,-2.476790060614338651e-01,9.999966152376105200e-01,-2.476794940640844600e-01,1.999996615234180819e+00,-2.476810055561618484e-01,2.477291206211470476e-01,2.119008481198124093e-06,1.000002490827824664e+00,1.000202773230808084e+00,9.999983076170902985e-01
1.310340316027225512e-02,-2.476805854958378794e-01,-2.476824198537823096e-01,9.999941842143986737e-01,-2.476854453660665700e-01,1.999994184208505610e+00,-2.476830839332949952e-01,2.477322311725596304e-01,4.255024287357509348e-06,1.000006407326858637e+00,1.000206801558236602e+00,9.999970921042528049e-01
1.311954021244575094e-02,-2.476805854565929665e-01,-2.476784526941501474e-01,9.999963693426016098e-01,-2.476730577493062302e-01,1.999996369338922664e+00,-2.476735155380125619e-01,2.477280247050588358e-01,9.492116912910425396e-06,1.000012645090585739e+00,1.000213263858303669e+00,9.999981846694614429e-01
1.312693300437348283e-02,-2.476805854384763195e-01,-2.476822121828111400e-01,9.999959754398992651e-01,-2.476783361623571544e-01,1.999995975435821416e+00,-2.476795742252337618e-01,2.477323727735724346e-01,4.933627695341942817e-06,1.000008007320187131e+00,1.000206893798715635e+00,9.999979877179105969e-01
1.314000139888766433e-02,-2.476805854063316437e-01,-2.476838479337429011e-01,9.999983345024970882e-01,-2.476856581999569429e-01,1.999998334500809438e+00,-2.476855537512257788e-01,2.477333920762529451e-01,-4.062399868022300053e-06,1.000000037680652820e+00,1.000199794908882778e+00,9.999991672504047191e-01
1.315000691179407481e-02,-2.476805853816539671e-01,-2.476732331988166502e-01,9.999955196737957408e-01,-2.476748099435573947e-01,1.999995519669255817e+00,-2.476732615551226480e-01,2.477284384890677538e-01,1.529414605454245622e-06,9.999976075049867852e-01,1.000197491018337104e+00,9.999977598346279084e-01
1.316096108364787041e-02,-2.476805853545937797e-01,-2.476810131466766207e-01,9.999940323842736456e-01,-2.476806879848078846e-01,1.999994032378226816e+00,-2.476811398322617541e-01,2.477304717723636251e-01,2.709666134169137069e-06,1.000005080371004551e+00,1.000204429445123111e+00,9.999970161891132969e-01
1.317002205000000065e-02,-2.476798837231847517e-01,-2.476751835361728493e-01,9.999991067689563140e-01,-2.476767116775811794e-01,1.999999106768050927e+00,-2.476762643298310862e-01,2.477271841451519907e-01,-4.210004775388136320e-06,9.999907590709579130e-01,1.000189000987784738e+00,9.999995533840255746e-01
1.317258234013306793e-02,-2.476760763449191438e-01,-2.476707958415087785e-01,1.000000381393134186e+00,-2.476719222146209765e-01,2.000000381393520765e+00,-2.476702919866752284e-01,2.477256206006185624e-01,-4.580768366516582589e-06,9.999890782470407524e-01,1.000189044548344564e+00,1.000000190696760383e+00
1.318553656050529439e-02,-2.476760915667316487e-01,-2.476740356514220143e-01,9.999989932845637641e-01,-2.476611636453646959e-01,1.999998993283543580e+00,-2.476615497064748039e-01,2.477239074687227760e-01,4.627438016867065904e-06,9.999968371607739215e-01,1.000197675547918941e+00,9.999994966417717901e-01
1.319410317467578295e-02,-2.476761016329006027e-01,-2.476752830119151039e-01,1.000002810646783979e+00,-2.476670565569668858e-01,2.000002810649632146e+00,-2.476678805824843177e-01,2.477248552482293475e-01,1.794351180079178168e-06,9.999988914357499370e-01,1.000198235240854050e+00,1.000001405324816073e+00
1.321003829728397555e-02,-2.476761203574123771e-01,-2.476736099411599445e-01,1.000003135232020890e+00,-2.476794032765939624e-01,2.000003135235197682e+00,-2.476801761782812528e-01,2.477231130805142290e-01,-8.466683586945526085e-06,9.999945575496422823e-01,1.000194592690011319e+00,1.000001567617598841e+00
1.322054470493426968e-02,-2.476761327029295690e-01,-2.476758566276084372e-01,1.000002567243838847e+00,-2.476912988551335515e-01,2.000002567246439877e+00,-2.476917196233610619e-01,2.477257343872616147e-01,-8.198817417357451436e-06,9.999940777664140246e-01,1.000194138000866539e+00,1.000001283623220161e+00
1.323119323236498016e-02,-2.476761452154446208e-01,-2.476808917397883003e-01,1.000003257848608662e+00,-2.476836788171152270e-01,2.000003257851910021e+00,-2.476829874475621474e-01,2.477308795469262415e-01,-4.559273622891647806e-06,9.999979680854662600e-01,1.000198417378806548e+00,1.000001628925955011e+00
1.324054236307562610e-02,-2.476761562011070283e-01,-2.476848063092272623e-01,1.000002053679897029e+00,-2.476725034898570599e-01,2.000002053681977809e+00,-2.476714373427521820e-01,2.477342739905678548e-01,9.404286328933631332e-06,1.000004944057795164e+00,1.000205829151262327e+00,1.000001026840988905e+00
1.324621777349036487e-02,-2.476761628699772899e-01,-2.476802036088186498e-01,1.000000238286148813e+00,-2.476739529568300624e-01,2.000000238286390175e+00,-2.476746403620451176e-01,2.477322922617378187e-01,2.565336875661261113e-06,1.000005498977591945e+00,1.000205279372165412e+00,1.000000119143195088e+00
1.325195391863705913e-02,-2.476761696102143806e-01,-2.476760554061430697e-01,9.999978110023339806e-01,-2.476773591531838403e-01,1.999997811000115755e+00,-2.476775071849814380e-01,2.477287787456293466e-01,-3.114878341547707300e-06,1.000003620191653786e+00,1.000203108489315929e+00,9.999989055000579885e-01
1.326075795737333314e-02,-2.476761799553693633e-01,-2.476781770546749029e-01,9.999946734226373701e-01,-2.476757283781217400e-01,1.999994673417240243e+00,-2.476756445631990433e-01,2.477282464682202534e-01,3.691355371017553413e-06,1.000001367005739938e+00,1.000201272017570364e+00,9.999973367086201215e-01
1.327048086382544290e-02,-2.476761913802371373e-01,-2.476854431782118948e-01,9.999973811275923996e-01,-2.476862902779915498e-01,1.999997381124938745e+00,-2.476877549624905972e-01,2.477352560751839294e-01,-1.319764404092447818e-06,9.999977399837839398e-01,1.000197228008490757e+00,9.999986905624693723e-01
1.328096108369151117e-02,-2.476762036949819168e-01,-2.476806362316663068e-01,9.999992796223026170e-01,-2.476802298766007937e-01,1.999999279621572645e+00,-2.476789744068026711e-01,2.477318235791779455e-01,4.698886960786281357e-06,9.999986459710781261e-01,1.000199110771377686e+00,9.999996398107863227e-01
1.329201545939432023e-02,-2.476762166843874957e-01,-2.476774032471936726e-01,9.999945671575733996e-01,-2.476647861268679029e-01,1.999994567152068692e+00,-2.476629792258916440e-01,2.477285279097164172e-01,1.783548844885172655e-05,1.000004844207352805e+00,1.000204331706979533e+00,9.999972835760342349e-01
1.330937268908871304e-02,-2.476762370799406032e-01,-2.476733865495812925e-01,9.999975646265262252e-01,-2.476622474488945347e-01,1.999997564624058644e+00,-2.476639494442381406e-01,2.477241271954506718e-01,4.219831337438986142e-06,1.000008399823454353e+00,1.000209929395434294e+00,9.999987823120293218e-01
1.331626541868236729e-02,-2.476762451792178799e-01,-2.476768142040501053e-01,1.000002198006584075e+00,-2.476715916475122070e-01,2.000002198008811405e+00,-2.476726760417841955e-01,2.477266297220387381e-01,1.363249417027081057e-06,1.000004488628330579e+00,1.000203281027482793e+00,1.000001099004405702e+00
1.332386619062982114e-02,-2.476762541104773896e-01,-2.476777840075783665e-01,1.000008044611342850e+00,-2.476783544289581640e-01,2.000008044619494108e+00,-2.476786995916169798e-01,2.477273129049168132e-01,-3.456720253075291452e-06,9.999974014867604177e-01,1.000196990906688566e+00,1.000004022309747054e+00
1.333504529939775508e-02,-2.476762672464506432e-01,-2.476708670035741300e-01,1.000003459192837729e+00,-2.476709930958064243e-01,2.000003459196342703e+00,-2.476691779744302491e-01,2.477247994082500404e-01,-1.378180752506454179e-06,9.999986028376697256e-01,1.000199184695597321e+00,1.000001729598171352e+00
1.335000000000000249e-02,-2.476762848189188460e-01,-2.476744518668286821e-01,1.000000524324291096e+00,-2.476655117503214487e-01,2.000000524324822226e+00,-2.476667116270707125e-01,2.477253758294475638e-01,3.645944901640321981e-08,1.000004180095564132e+00,1.000204283379623860e+00,1.000000262162411113e+00
1.335881091177214090e-02,-2.476762951721492856e-01,-2.476717248364655455e-01,1.000006466957306994e+00,-2.476872043546063940e-01,2.000006466963859975e+00,-2.476899461332121577e-01,2.477226588887199710e-01,-1.346938942748608344e-05,9.999961824835109647e-01,1.000194964404436559e+00,1.000003233481929987e+00
1.336325845366125378e-02,-2.476763003982173916e-01,-2.476736402823971339e-01,1.000009202904338368e+00,-2.476946220379935282e-01,2.000009202913663131e+00,-2.476950652137132336e-01,2.477244312545615057e-01,-1.512241340195920558e-05,9.999932671079451163e-01,1.000193453065840288e+00,1.000004601456831566e+00
1.337097785845349322e-02,-2.476763094688774203e-01,-2.476826862887866465e-01,1.000006912841029605e+00,-2.476917887848243127e-01,2.000006912848034002e+00,-2.476901407695994428e-01,2.477321535466169566e-01,-2.397434954152690043e-06,9.999983635000287974e-01,1.000199028767317255e+00,1.000003456424017001e+00
1.338056166784654458e-02,-2.476763207302989656e-01,-2.476664480902205367e-01,1.000004193757417337e+00,-2.476693165610139580e-01,2.000004193761666826e+00,-2.476682638717239981e-01,2.477252661069110351e-01,-5.148256295468583574e-06,9.999970870678974721e-01,1.000196413491309055e+00,1.000002096880833413e+00
1.339118156915459872e-02,-2.476763332091768133e-01,-2.476758537908261837e-01,9.999998141155378439e-01,-2.476890923770805053e-01,1.999999814115349439e+00,-2.476893379471695189e-01,2.477255315068397912e-01,-7.114316094078004906e-06,9.999885130134724687e-01,1.000188863033702802e+00,9.999999070576747195e-01
1.340001428194983329e-02,-2.476763435880244280e-01,-2.476737665441126057e-01,1.000003280237149017e+00,-2.476781225166903855e-01,2.000003280240473025e+00,-2.476771338949427803e-01,2.477239095335158903e-01,-1.490408316316742090e-06,9.999960445170674728e-01,1.000196709683368157e+00,1.000001640120236290e+00
1.340403855532825567e-02,-2.476763483167314928e-01,-2.476736821252972232e-01,1.000005860737421592e+00,-2.476813076252421530e-01,2.000005860743360397e+00,-2.476829836025901677e-01,2.477232733312334789e-01,-6.080832281906439575e-06,9.999950766986328565e-01,1.000194426102689160e+00,1.000002930371679977e+00
1.341208318546513630e-02,-2.476763577695458851e-01,-2.476749759314948729e-01,1.000004515918325065e+00,-2.476906640673543492e-01,2.000004515922900961e+00,-2.476906224763388564e-01,2.477251512721798388e-01,-1.075795133655240422e-05,9.999926175619138213e-01,1.000193346637220815e+00,1.000002257961450480e+00
1.342919514127479536e-02,-2.476763778768896196e-01,-2.476773709534720036e-01,1.000003050420632977e+00,-2.476805885960484954e-01,2.000003050423723838e+00,-2.476794435151802865e-01,2.477282775647682289e-01,2.059858477484669292e-06,9.999926137975083673e-01,1.000191565361615798e+00,1.000001525211861919e+00
1.343443320818480009e-02,-2.476763840318607635e-01,-2.476753250468781420e-01,1.000001895650899142e+00,-2.476795144329457243e-01,2.000001895652820050e+00,-2.476800444864760697e-01,2.477259977798199064e-01,1.780015967294231408e-06,9.999927104688108859e-01,1.000193147170451269e+00,1.000000947826410025e+00
1.344271371080120979e-02,-2.476763937618356726e-01,-2.476727620638949634e-01,9.999986954668521610e-01,-2.476796515414260436e-01,1.999998695465530441e+00,-2.476778925638631612e-01,2.477229943386735078e-01,1.085816169300777738e-06,9.999972573298726575e-01,1.000198134771895786e+00,9.999993477327652203e-01
1.345170914891481717e-02,-2.476764043318940289e-01,-2.476717491630920365e-01,9.999994344407957536e-01,-2.476649234490501394e-01,1.999999434440222545e+00,-2.476646940428608723e-01,2.477217389353288113e-01,3.133574452599609565e-06,1.000003708466959740e+00,1.000203299389594847e+00,9.999997172201112727e-01
1.346080095958698992e-02,-2.476764150151942734e-01,-2.476769445925438851e-01,1.000002612903283739e+00,-2.476724493472035882e-01,2.000002612905931620e+00,-2.476745957881228422e-01,2.477268653340174986e-01,-7.314322655791812456e-06,9.999958197644964741e-01,1.000195083089230774e+00,1.000001306452965810e+00
1.347004784875949560e-02,-2.476764258807185870e-01,-2.476790813856476481e-01,1.000004694893932511e+00,-2.476882424090053603e-01,2.000004694898689372e+00,-2.476895203081723174e-01,2.477287725146244957e-01,-5.356708303333149539e-07,9.999956006205817927e-01,1.000195817042139890e+00,1.000002347449344686e+00
1.347728910040993204e-02,-2.476764343895250242e-01,-2.476729160031764798e-01,1.000003735784574577e+00,-2.476793384097123463e-01,2.000003735788359993e+00,-2.476775846098843159e-01,2.477258869832439647e-01,-1.948372814741974722e-06,1.000000120719739760e+00,1.000200781833464836e+00,1.000001867894179997e+00
1.348644071850536343e-02,-2.476764451431015535e-01,-2.476744780847316141e-01,1.000000339928639459e+00,-2.476717329702426140e-01,2.000000339928984072e+00,-2.476718317796389457e-01,2.477249870680987009e-01,1.114653912066088047e-06,9.999997296623516219e-01,1.000199229553497604e+00,1.000000169964492036e+00
1.350026246094177332e-02,-2.476764613842926677e-01,-2.476794951791166932e-01,1.000003022596023472e+00,-2.476696649882990375e-01,2.000003022599086577e+00,-2.476695657158564934e-01,2.477290458606462853e-01,4.315165107762044572e-06,9.999979333093740319e-01,1.000197894587419700e+00,1.000001511299543067e+00
1.351047551846706538e-02,-2.476764733851099243e-01,-2.476781809350817043e-01,1.000002189850023537e+00,-2.476687101366989163e-01,2.000002189852242651e+00,-2.476681702173753608e-01,2.477278596187044435e-01,5.013753935702261087e-06,9.999981897897823879e-01,1.000198085077022014e+00,1.000001094926121104e+00
1.352014764408225947e-02,-2.476764847503060973e-01,-2.476746709417269876e-01,9.999984996452728758e-01,-2.476709331105057532e-01,1.999998499643752536e+00,-2.476715895677067125e-01,2.477252668135026537e-01,-3.904254770222932377e-06,9.999876049129106104e-01,1.000186483230536494e+00,9.999992498218762682e-01
1.353000609182809441e-02,-2.476764963344398607e-01,-2.476746173120668026e-01,9.999986245903625948e-01,-2.476770482936538897e-01,1.999998624588968932e+00,-2.476777087277191036e-01,2.477241790271912658e-01,-5.845917138803617771e-06,9.999932272898260921e-01,1.000193980142997097e+00,9.999993122944844659e-01
1.354003077437266472e-02,-2.476765081139070401e-01,-2.476696724918431014e-01,1.000000989210169777e+00,-2.476755966162449973e-01,2.000000989211172087e+00,-2.476752303255417842e-01,2.477210261113164946e-01,-1.298608494411205322e-06,9.999959322990858990e-01,1.000196185786699887e+00,1.000000494605586043e+00
1.355003379726562457e-02,-2.476765198679245494e-01,-2.476735977662925248e-01,1.000002774178289311e+00,-2.476730820398218569e-01,2.000002774181100396e+00,-2.476729177159880946e-01,2.477236149850366997e-01,1.558333942833683984e-06,1.000003135951238464e+00,1.000203881742713907e+00,1.000001387090550198e+00
1.356008570152178808e-02,-2.476765316793792526e-01,-2.476755096783826160e-01,1.000005263223471719e+00,-2.476749421650214777e-01,2.000005263228804786e+00,-2.476753528386520797e-01,2.477251481817885348e-01,-2.965572688375194576e-06,9.999959810883790601e-01,1.000195102526499236e+00,1.000002631614402393e+00
1.357315287015183752e-02,-2.476765470339092612e-01,-2.476715408470988866e-01,1.000004259571285470e+00,-2.476794563767323598e-01,2.000004259575601129e+00,-2.476802045735033153e-01,2.477214691319567785e-01,-3.769923081504853955e-06,9.999980983895101483e-01,1.000198713574910636e+00,1.000002129787800786e+00
1.358666740961550490e-02,-2.476765629141208791e-01,-2.476751922750716206e-01,1.000003309582701894e+00,-2.476810187202576896e-01,2.000003309586054989e+00,-2.476802251461525939e-01,2.477247789753088680e-01,-3.138530627970035186e-06,1.000006716322880074e+00,1.000207410395176799e+00,1.000001654793027495e+00
1.360006677266182261e-02,-2.476765786589964768e-01,-2.476769222981378415e-01,1.000004104487204337e+00,-2.476775949103387220e-01,2.000004104491363677e+00,-2.476773327935867519e-01,2.477266659194825027e-01,-1.643450836483132748e-06,1.000005885026539421e+00,1.000205549920064385e+00,1.000002052245681616e+00
1.361020177721713846e-02,-2.476765905680984037e-01,-2.476845903329830678e-01,1.000002170551993919e+00,-2.476792785493957538e-01,2.000002170554193270e+00,-2.476799524558438437e-01,2.477348130177443042e-01,-4.853335918820968721e-06,9.999966317888545619e-01,1.000195690603872922e+00,1.000001085277096635e+00
1.361888271456197438e-02,-2.476766007686025117e-01,-2.476859984480835053e-01,1.000000887226715429e+00,-2.476785557439272201e-01,2.000000887227614488e+00,-2.476780805812387187e-01,2.477356297918568429e-01,5.149485513167260061e-06,9.999971574422346077e-01,1.000197459216241702e+00,1.000000443613807244e+00
1.362282537537357757e-02,-2.476766054014128970e-01,-2.476821456896910467e-01,9.999996951952087043e-01,-2.476769757292810181e-01,1.999999695194899951e+00,-2.476764752068263964e-01,2.477345086540613806e-01,7.207587047485346865e-06,9.999997972063704443e-01,1.000200619447781269e+00,9.999998475974499756e-01
1.364009800447323409e-02,-2.476766256975569680e-01,-2.476764023538034487e-01,9.999928575564029920e-01,-2.476740330311600902e-01,1.999992857549165892e+00,-2.476750817043247566e-01,2.477271515168273652e-01,1.610423422331613521e-06,1.000008045041680393e+00,1.000207952761637431e+00,9.999964287745828351e-01
1.364805426935916839e-02,-2.476766350465370858e-01,-2.476813553952161295e-01,9.999993294786055920e-01,-2.476875076724361358e-01,1.999999329477926135e+00,-2.476899551211963202e-01,2.477314294673869655e-01,-3.291247852539692420e-07,1.000000723671664815e+00,1.000199529038565682e+00,9.999996647389630677e-01
1.365271150970204066e-02,-2.476766405190105602e-01,-2.476825532485019132e-01,1.000004398718855603e+00,-2.476943355219486664e-01,2.000004398723312260e+00,-2.476956388547701393e-01,2.477320410139534634e-01,-5.474500497700986106e-06,9.999971932121931584e-01,1.000197011776129408e+00,1.000002199361656352e+00
1.366139138500173725e-02,-2.476766507182682764e-01,-2.476809511025703792e-01,1.000003546352288941e+00,-2.476942977200811413e-01,2.000003546355882733e+00,-2.476942899080027960e-01,2.477307654158769634e-01,-1.240441023671629474e-05,9.999979528535267725e-01,1.000197843183689317e+00,1.000001773177941367e+00
1.367124001496243524e-02,-2.476766622908668225e-01,-2.476793031114151999e-01,9.999969953518861310e-01,-2.476838994733547572e-01,1.999996995348841677e+00,-2.476818685981714008e-01,2.477293715222391168e-01,-9.553294070545960231e-08,9.999990859364292772e-01,1.000199817023758930e+00,9.999984976744208387e-01
1.368171547211196638e-02,-2.476766746000169384e-01,-2.476685734847610953e-01,9.999957840107612794e-01,-2.476592493679835028e-01,1.999995784006489252e+00,-2.476580530245059697e-01,2.477227329537259048e-01,8.889285915748995241e-06,1.000007935233609313e+00,1.000208332366322006e+00,9.999978920032446261e-01
1.369084582656552272e-02,-2.476766853286082870e-01,-2.476753238483614672e-01,9.999975326208035975e-01,-2.476703022198668558e-01,1.999997532618303486e+00,-2.476708546216377926e-01,2.477252869847008376e-01,2.293317768755127120e-06,1.000007996033974722e+00,1.000207283911392464e+00,9.999987663091517431e-01
1.370002619526956844e-02,-2.476766961159678759e-01,-2.476769754579521421e-01,1.000003315017752081e+00,-2.476642447300638483e-01,2.000003315021111394e+00,-2.476631248724896484e-01,2.477266504959348414e-01,5.288852612198460594e-06,1.000000119667746379e+00,1.000199248278461850e+00,1.000001657510555697e+00
1.370598008297970252e-02,-2.476767031120611362e-01,-2.476759432940699446e-01,1.000005544871120255e+00,-2.476684903510684987e-01,2.000005544876738650e+00,-2.476693048197691482e-01,2.477257342354319269e-01,9.940413766528924543e-07,1.000000579477739127e+00,1.000200845037822361e+00,1.000002772438369325e+00
1.372085187431779443e-02,-2.476767205871073796e-01,-2.476718518419073201e-01,1.000001184162481627e+00,-2.476658741984444634e-01,2.000001184163680890e+00,-2.476662379158695582e-01,2.477220202377584946e-01,-2.524102112262875552e-06,1.000005007711853411e+00,1.000204747003226258e+00,1.000000592081840667e+00
1.373201189809986067e-02,-2.476767337006519631e-01,-2.476761645107687371e-01,1.000001966563632827e+00,-2.476810975713342189e-01,2.000001966565625455e+00,-2.476816555766616079e-01,2.477260237042928914e-01,-3.791822397918832213e-06,9.999986127811044678e-01,1.000197704508221541e+00,1.000000983282812728e+00
1.374169611982148376e-02,-2.476767450800628767e-01,-2.476784540552825209e-01,1.000004033613306254e+00,-2.476821651414941594e-01,2.000004033617393429e+00,-2.476824814282738429e-01,2.477279971333775088e-01,-9.662108069261852338e-06,9.999903286644745704e-01,1.000191006590547493e+00,1.000002016808696714e+00
1.375102983470232257e-02,-2.476767560476118846e-01,-2.476742344768528559e-01,1.000002797874109062e+00,-2.476742378792547161e-01,2.000002797876943905e+00,-2.476735884702022661e-01,2.477250626155453050e-01,-1.492815928902558387e-06,1.000002558223292315e+00,1.000203390150890437e+00,1.000001398938472175e+00
1.376060925561014073e-02,-2.476767673038758610e-01,-2.476763868944471536e-01,1.000000083170159648e+00,-2.476809242835460168e-01,2.000000083170244025e+00,-2.476817025123320415e-01,2.477259048725419244e-01,-3.501244898891974461e-06,1.000004046144252312e+00,1.000204036090904802e+00,1.000000041585122013e+00
1.377019828863916551e-02,-2.476767785714354964e-01,-2.476733869841229174e-01,1.000000969095141912e+00,-2.476747011741701476e-01,2.000000969096123349e+00,-2.476740709038237898e-01,2.477238245226168756e-01,1.251904249643721417e-06,1.000005917128575561e+00,1.000205844599713734e+00,1.000000484548061896e+00
1.378001348463628491e-02,-2.476767901047469411e-01,-2.476854502955299075e-01,1.000001800418453879e+00,-2.476966597458555297e-01,2.000001800420278197e+00,-2.477000453999201324e-01,2.477363254959960293e-01,-4.335776015625369488e-06,9.999916138719231462e-01,1.000190031044418726e+00,1.000000900210139099e+00
1.379002172387473225e-02,-2.476768018648926317e-01,-2.476756584088135871e-01,1.000001995293651857e+00,-2.476766491803284176e-01,2.000001995295673574e+00,-2.476735831574483349e-01,2.477305086156822711e-01,-3.380776194077236415e-06,9.999925962879716579e-01,1.000192915666924920e+00,1.000000997647836787e+00
1.380164692339364008e-02,-2.476768155250426984e-01,-2.476747404030771038e-01,9.999964395762507285e-01,-2.476766046734240334e-01,1.999996439572642837e+00,-2.476749631799602669e-01,2.477246620735134297e-01,5.260185018284296995e-06,9.999990920791822502e-01,1.000198518741791665e+00,9.999982197863215294e-01
1.381315753167971366e-02,-2.476768290505420855e-01,-2.476672534664997039e-01,9.999993394426106574e-01,-2.476642366926590511e-01,1.999999339441941526e+00,-2.476651376535075055e-01,2.477180310051625145e-01,4.601500779915126221e-06,9.999888704427136732e-01,1.000189337194327566e+00,9.999996697209706520e-01
1.382267954057561123e-02,-2.476768402393451363e-01,-2.476770132538550218e-01,1.000002929874991731e+00,-2.476770425264455122e-01,2.000002929877960689e+00,-2.476776204872845888e-01,2.477264793783996999e-01,5.147669325588573837e-06,9.999937577600523930e-01,1.000193587007353724e+00,1.000001464938980344e+00
1.383726495394833195e-02,-2.476768573778845850e-01,-2.476763900556140929e-01,1.000007127633710802e+00,-2.476858148409749605e-01,2.000007127640932580e+00,-2.476866923180800206e-01,2.477262797670736205e-01,-7.331207306430555564e-06,9.999984284543581570e-01,1.000199906560040874e+00,1.000003563820466512e+00
1.385000000000000293e-02,-2.476768723421567675e-01,-2.476793727013953117e-01,1.000001875582135158e+00,-2.476896858069691232e-01,2.000001875584035638e+00,-2.476905736343835152e-01,2.477290927827909550e-01,-7.189779157679095811e-06,1.000000616076423876e+00,1.000200064174514125e+00,1.000000937792017819e+00
1.385702647104389632e-02,-2.476768805985869737e-01,-2.476720424531818343e-01,1.000001504637018757e+00,-2.476797874314170811e-01,2.000001504638543093e+00,-2.476774879893794135e-01,2.477259370022013574e-01,-2.108516247845715363e-06,9.999974497115027283e-01,1.000197129359202242e+00,1.000000752319271546e+00
1.386334456519735560e-02,-2.476768880226401237e-01,-2.476690434526545859e-01,1.000000188831066339e+00,-2.476696503237580949e-01,2.000000188831257741e+00,-2.476693084645006093e-01,2.477205262860285306e-01,7.415307830848542567e-07,9.999967381089164276e-01,1.000196734794974063e+00,1.000000094415628871e+00
1.387296282112138353e-02,-2.476768993245378192e-01,-2.476761533795009962e-01,9.999998092145253592e-01,-2.476764777339095780e-01,1.999999809214331847e+00,-2.476773881745966965e-01,2.477262381963037663e-01,-3.434697234817456505e-06,9.999980441121451014e-01,1.000199053546140915e+00,9.999999046071659237e-01
1.388835219676037153e-02,-2.476769174077705915e-01,-2.476757203787488537e-01,1.000005679818731785e+00,-2.476807250242136493e-01,2.000005679824487181e+00,-2.476794558926591339e-01,2.477272022756666636e-01,-5.025530111199343336e-06,1.000006972508959313e+00,1.000207375397847098e+00,1.000002839912243591e+00
1.390008287775347344e-02,-2.476769311918666228e-01,-2.476787549483045747e-01,9.999999690503745819e-01,-2.476792461418207691e-01,1.999999969050343163e+00,-2.476796627054825839e-01,2.477287204655237163e-01,2.363377983398367609e-06,9.999981360266207986e-01,1.000197123709771097e+00,9.999999845251715813e-01
1.391001753894282288e-02,-2.476769428655556660e-01,-2.476733944081772054e-01,1.000000176858537593e+00,-2.476810545023646060e-01,2.000000176858716561e+00,-2.476815103098044812e-01,2.477251413944560887e-01,-4.323556445401928005e-06,9.999977431839732755e-01,1.000197621814606030e+00,1.000000088429358280e+00
1.391909362495065937e-02,-2.476769535303786629e-01,-2.476768733707808978e-01,1.000000569295767860e+00,-2.476784189042395279e-01,2.000000569296344288e+00,-2.476777890313082153e-01,2.477269171360276800e-01,-1.794330930951046144e-06,9.999998099912161820e-01,1.000200253324511124e+00,1.000000284648172366e+00
1.393005103033469888e-02,-2.476769664058394438e-01,-2.476736817692104242e-01,1.000001414184938042e+00,-2.476861230532712010e-01,2.000001414186370674e+00,-2.476874122074576856e-01,2.477245578225598654e-01,-1.728224530704294629e-06,1.000006566063782243e+00,1.000207070005493470e+00,1.000000707093185559e+00
1.394084432405052511e-02,-2.476769790884612021e-01,-2.476775533246838579e-01,1.000001567559442694e+00,-2.476852007474128481e-01,2.000001567561030758e+00,-2.476849125197454204e-01,2.477272043880228147e-01,8.994743361729864677e-07,1.000010386896299508e+00,1.000209904120248572e+00,1.000000783780515601e+00
1.395002558881835650e-02,-2.476769898768749478e-01,-2.476765284756490548e-01,1.000001831692528320e+00,-2.476829014307686538e-01,2.000001831694384169e+00,-2.476828194405363281e-01,2.477261531839334563e-01,-2.664937588071475259e-06,9.999974908949241792e-01,1.000195929405083728e+00,1.000000915847192084e+00
1.396000000000000192e-02,-2.476770015972721839e-01,-2.476860385035859757e-01,1.000001445244262266e+00,-2.476846126883960053e-01,2.000001445245726650e+00,-2.476846504109989910e-01,2.477366474734450374e-01,3.055539363341951405e-06,1.000003323809796507e+00,1.000204294808063166e+00,1.000000722622863325e+00
1.396292562035818599e-02,-2.476770050350113328e-01,-2.476846079643997833e-01,1.000000864465663941e+00,-2.476833823770137888e-01,2.000000864466539685e+00,-2.476827343190408093e-01,2.477348211798956756e-01,1.450154890291382671e-06,1.000006415103112944e+00,1.000207275172361410e+00,1.000000432233270065e+00
1.397058141040822231e-02,-2.476772829918972574e-01,-2.476756033903767529e-01,9.999998191779994050e-01,-2.476785028312816495e-01,1.999999819177816107e+00,-2.476784239314670233e-01,2.477305647444320025e-01,-7.930338847441137411e-06,1.000011422703193986e+00,1.000211374659541574e+00,9.999999095889080536e-01
1.397823769214563867e-02,-2.476802943571695392e-01,-2.476823552245019100e-01,9.999966281360598286e-01,-2.476805305876736696e-01,1.999996628132643117e+00,-2.476806098206597306e-01,2.477328818319992909e-01,1.504554096674187290e-06,1.000011219316621069e+00,1.000211386025950944e+00,9.999983140663215586e-01
1.398485679505654701e-02,-2.476822009506263744e-01,-2.476865910672963189e-01,9.999947609361575784e-01,-2.476804456360327533e-01,1.999994760930849047e+00,-2.476806835235889070e-01,2.477365134738492847e-01,6.790169174822374126e-06,1.000007311398121379e+00,1.000205976052246371e+00,9.999973804654245235e-01
1.399410383512365678e-02,-2.476840936827840733e-01,-2.476875519353987087e-01,9.999978736552085357e-01,-2.476891572041518275e-01,1.999997873653053926e+00,-2.476906807876431138e-01,2.477373826029970472e-01,2.107630471521068036e-06,9.999984662763400367e-01,1.000198602083216537e+00,9.999989368265269629e-01
1.400170950192539815e-02,-2.476851705796929981e-01,-2.476851153759058177e-01,9.999951983038072312e-01,-2.476949880651245217e-01,1.999995198298941901e+00,-2.476933697082923380e-01,2.477352366821921614e-01,1.250116379415182219e-06,1.000000665728806526e+00,1.000200861318505163e+00,9.999975991494709504e-01
1.401080431012547561e-02,-2.476860679857854075e-01,-2.476881576924177819e-01,9.999906097296495933e-01,-2.476734702178722269e-01,1.999990609720134538e+00,-2.476720860203230068e-01,2.477379319791415679e-01,1.610352637073777989e-05,1.000004717346580696e+00,1.000205642871446532e+00,9.999953048600673799e-01
1.402091853394445316e-02,-2.476867262872999575e-01,-2.476895885772526507e-01,9.999906996435561357e-01,-2.476777474320001615e-01,1.999990699634132563e+00,-2.476790351182356076e-01,2.477391327474630645e-01,1.311225067356032660e-05,1.000011903965368321e+00,1.000211994158085149e+00,9.999953498170661703e-01
1.403252638098242445e-02,-2.476871986357326583e-01,-2.476877142988813396e-01,9.999898238229177894e-01,-2.476889808320510145e-01,1.999989823812606593e+00,-2.476871367519296596e-01,2.477380300772705213e-01,7.884488371921356616e-06,1.000008252458288283e+00,1.000207326883975067e+00,9.999949119063031855e-01
1.404302833918947072e-02,-2.476874623737367886e-01,-2.476820464166685776e-01,9.999881225725244516e-01,-2.476702235344392378e-01,1.999988122560489190e+00,-2.476707269101044162e-01,2.477329469286205232e-01,7.749377971326308964e-06,9.999995139844222170e-01,1.000198999068802497e+00,9.999940612802447060e-01
1.405175203521417254e-02,-2.476876062210561225e-01,-2.476822744096474904e-01,9.999887061036365488e-01,-2.476772666167224857e-01,1.999988706092192814e+00,-2.476769564533438661e-01,2.477319250122976269e-01,2.603411639889997324e-06,9.999957671037194018e-01,1.000196554050763131e+00,9.999943530460964070e-01
1.406091053996474070e-02,-2.476877086455425980e-01,-2.476774717861815467e-01,9.999923747574699373e-01,-2.476664358153654599e-01,1.999992374749743229e+00,-2.476654965183428259e-01,2.477285628329230216e-01,8.863990686914834181e-06,1.000006939019025154e+00,1.000207525530955932e+00,9.999961873748716146e-01
1.407640731029829312e-02,-2.476878112799996423e-01,-2.476897168028405760e-01,9.999961279312171714e-01,-2.476851599488884836e-01,1.999996127927293976e+00,-2.476876033002637090e-01,2.477396815864449653e-01,5.752586699084848898e-06,1.000002943960113688e+00,1.000202272169603557e+00,9.999980639636468771e-01
1.409032136465265296e-02,-2.476878597066524967e-01,-2.476863094172070956e-01,9.999941425669391926e-01,-2.476845958367075440e-01,1.999994142561003940e+00,-2.476829320296640713e-01,2.477377349012287455e-01,9.084522005879421054e-06,1.000005929260063153e+00,1.000206580852350813e+00,9.999970712805019701e-01
1.410032881396287678e-02,-2.476878802508640232e-01,-2.476876437725520630e-01,9.999882687041001805e-01,-2.476832382595531845e-01,1.999988268692213245e+00,-2.476836515071959011e-01,2.477372146716890211e-01,8.708982124635167055e-06,1.000003932050547606e+00,1.000203758500008533e+00,9.999941343461065113e-01
1.410943568195712448e-02,-2.476878925646911755e-01,-2.476846526746367128e-01,9.999885565201886983e-01,-2.476764489237517630e-01,1.999988556508593307e+00,-2.476756134933875142e-01,2.477351928858074759e-01,1.840464198709705377e-05,1.000011800581444454e+00,1.000212743513301028e+00,9.999942782542966535e-01
1.411607547435668117e-02,-2.476878989156266198e-01,-2.476853062519813464e-01,9.999899953058596358e-01,-2.476717851989341246e-01,1.999989995295722300e+00,-2.476714745072596258e-01,2.477350853988606050e-01,1.599905315659930097e-05,1.000007465637945181e+00,1.000206208502083749e+00,9.999949976478611502e-01
1.413046154681812765e-02,-2.476879077271995078e-01,-2.476902580951208521e-01,9.999914313409680178e-01,-2.476729504565849671e-01,1.999991431332285519e+00,-2.476739099172278469e-01,2.477401583344793490e-01,9.896766484390375274e-06,1.000009539457421104e+00,1.000209655589586744e+00,9.999957156661427593e-01
1.414176850364920815e-02,-2.476879116521554791e-01,-2.476931705444356813e-01,9.999911680902759947e-01,-2.476899503594869878e-01,1.999991168081326931e+00,-2.476888625799416321e-01,2.477426585115915514e-01,7.372596300334747487e-06,1.000000040102990262e+00,1.000200686515248627e+00,9.999955840406634655e-01
1.415159202301479770e-02,-2.476879137918409080e-01,-2.476901140100303267e-01,9.999880754198705590e-01,-2.476702159562242656e-01,1.999988075407787669e+00,-2.476697934901145315e-01,2.477406205378895054e-01,1.549666079507801722e-05,1.000010833495939222e+00,1.000211365971677369e+00,9.999940377038938344e-01
1.416105700221815568e-02,-2.476879151385247835e-01,-2.476844448126235831e-01,9.999853058173371334e-01,-2.476742647733806979e-01,1.999985305802447932e+00,-2.476742279924308843e-01,2.477362186731949523e-01,1.123838088871620867e-05,1.000011548763859004e+00,1.000211393000515647e+00,9.999926529012238552e-01
1.417049265946856290e-02,-2.476879160207467179e-01,-2.476822795321269033e-01,9.999858245092773101e-01,-2.476676029669048484e-01,1.999985824494913578e+00,-2.476675883545196299e-01,2.477322197947534888e-01,1.716959955552521303e-05,1.000011995743270488e+00,1.000212165647887730e+00,9.999929122474567889e-01
1.418011574351816032e-02,-2.476879166073533700e-01,-2.476868881981388049e-01,9.999899280786538336e-01,-2.476916619346601345e-01,1.999989928068448330e+00,-2.476945652669388931e-01,2.477368424073438935e-01,6.405103317370581946e-06,1.000010375654192929e+00,1.000209912824532088e+00,9.999949640342241652e-01
1.419125448446417574e-02,-2.476879170308121381e-01,-2.476835464277953314e-01,9.999936619606919486e-01,-2.476945943772087266e-01,1.999993661954269975e+00,-2.476936785169058797e-01,2.477341036918321582e-01,9.743004924104474109e-07,9.999976221255304498e-01,1.000198266581691753e+00,9.999968309771348762e-01
1.420186696605056295e-02,-2.476879172721009048e-01,-2.476970064528629389e-01,9.999921099149577941e-01,-2.476901134624120704e-01,1.999992109906962856e+00,-2.476893089046657004e-01,2.477465321776216867e-01,1.569779009755563312e-06,1.000010201958297484e+00,1.000209760754113386e+00,9.999960549534814280e-01
1.421111516067156272e-02,-2.476879174002819817e-01,-2.476858343885168512e-01,9.999918292759772953e-01,-2.476729357869413839e-01,1.999991829267697918e+00,-2.476718441458261033e-01,2.477409320104934365e-01,9.719810516933040799e-06,1.000004161082603593e+00,1.000203842420662070e+00,9.999959146338489591e-01
1.422137702768559893e-02,-2.476879174847311238e-01,-2.477009296022865958e-01,9.999857008214804166e-01,-2.476829399766125039e-01,1.999985700806991451e+00,-2.476838324820663795e-01,2.477504005045300939e-01,1.095101772161229478e-05,1.000002276902645537e+00,1.000202805881934109e+00,9.999928504034956145e-01
1.423169289602899297e-02,-2.476879175297961311e-01,-2.476932317537807460e-01,9.999864711077539603e-01,-2.476857262218708500e-01,1.999986471094045148e+00,-2.476846262174167979e-01,2.477459279349598087e-01,6.688291758253092540e-06,1.000005621810983625e+00,1.000205102651604339e+00,9.999932355470226852e-01
1.424645257724081564e-02,-2.476879175523290233e-01,-2.476866290281252159e-01,9.999800952571014090e-01,-2.476629400166464323e-01,1.999980095236932431e+00,-2.476631741973757683e-01,2.477363923876717000e-01,1.886421908540211390e-05,1.000007706988836009e+00,1.000208368647432344e+00,9.999900476184662157e-01
1.426032219155599044e-02,-2.476879175477156581e-01,-2.476893647793194930e-01,9.999875062384742108e-01,-2.476594989701337290e-01,1.999987506225814338e+00,-2.476596211624904620e-01,2.477391304779207881e-01,2.045342936722312715e-05,1.000017276796934418e+00,1.000217354829456839e+00,9.999937531129071688e-01
1.427000744056640923e-02,-2.476879175360734708e-01,-2.476926221171687759e-01,9.999901309291712170e-01,-2.476879800520744301e-01,1.999990130919170994e+00,-2.476910975579320329e-01,2.477425026277649822e-01,6.953076442011993416e-06,9.999974263947889463e-01,1.000195224998815746e+00,9.999950654595854971e-01
1.427294860485141606e-02,-2.476879175316177573e-01,-2.476918055541891261e-01,9.999898458556306657e-01,-2.476891967783651505e-01,1.999989845845341563e+00,-2.476876893885073261e-01,2.477416192810824036e-01,9.181203731809823166e-06,9.999976936782910553e-01,1.000199017048962302e+00,9.999949229226707814e-01
1.428147437310942243e-02,-2.476879175169280078e-01,-2.476873613675782959e-01,9.999882452212403017e-01,-2.476696480805620770e-01,1.999988245209329385e+00,-2.476678761242255833e-01,2.477384780520351104e-01,2.219328177145929665e-05,1.000011238369143518e+00,1.000211567065955931e+00,9.999941226046646925e-01
1.429097731651501196e-02,-2.476879174982372089e-01,-2.476870262012502710e-01,9.999861386190561641e-01,-2.476661228290499284e-01,1.999986138605010400e+00,-2.476666250169264338e-01,2.477365985063170462e-01,1.478148663076177384e-05,1.000006192659118387e+00,1.000205849189396812e+00,9.999930693025053108e-01
1.430142977476628156e-02,-2.476879174758069846e-01,-2.476876633133324179e-01,9.999878969494669922e-01,-2.476735837910205573e-01,1.999987896937202914e+00,-2.476738462986975975e-01,2.477371891477611887e-01,1.028883279947814558e-05,1.000005275889780165e+00,1.000205110628185068e+00,9.999939484686016788e-01
1.431662205934839532e-02,-2.476879174410843154e-01,-2.476884907844263406e-01,9.999899592078131949e-01,-2.476774734130915701e-01,1.999989959197638889e+00,-2.476786058507015331e-01,2.477382350512378761e-01,1.413748592776748135e-05,1.000007102937648717e+00,1.000207504523332736e+00,9.999949795988195556e-01
1.432491245066477153e-02,-2.476879174214894341e-01,-2.476880149756147398e-01,9.999897290257037108e-01,-2.476792977099972759e-01,1.999989729015296147e+00,-2.476787138747796047e-01,2.477379602892984811e-01,1.345202112869813864e-05,1.000003834916353140e+00,1.000202408457149694e+00,9.999948645076481846e-01
1.433477019592137476e-02,-2.476879173978274173e-01,-2.476844406679996891e-01,9.999894197181322664e-01,-2.476749861465593339e-01,1.999989419707411509e+00,-2.476745412558452875e-01,2.477350307146289898e-01,8.581640167145132152e-06,9.999991912693196872e-01,1.000200393375952901e+00,9.999947098537057544e-01
1.435073964887272936e-02,-2.476879173589795480e-01,-2.476873970667531066e-01,9.999901358718991107e-01,-2.476825154275409391e-01,1.999990135861904106e+00,-2.476837739783453174e-01,2.477373189370328244e-01,6.446390708128056541e-06,1.000006188115521555e+00,1.000206268077457494e+00,9.999950679309519419e-01
1.436141182580063548e-02,-2.476879173328065398e-01,-2.476898870942655928e-01,9.999931484668744819e-01,-2.476905735670009989e-01,1.999993148459932035e+00,-2.476901119588320599e-01,2.477395222256835172e-01,5.602597894821055855e-06,1.000009376429134011e+00,1.000209063935309173e+00,9.999965742299660176e-01
1.437002148999999909e-02,-2.476873634912156730e-01,-2.476903990983992110e-01,9.999919637541014872e-01,-2.476780463835972779e-01,1.999991963745958445e+00,-2.476762320185183774e-01,2.477398678969948975e-01,1.563435500107243943e-05,1.000007413549187651e+00,1.000207330194411437e+00,9.999959818729792227e-01
1.437232661059061230e-02,-2.476823539241608252e-01,-2.476853281914614402e-01,9.999911308390461162e-01,-2.476725570933646370e-01,1.999991130830059083e+00,-2.476712851101864343e-01,2.477385383383350903e-01,1.670743100065533597e-05,1.000007271254810481e+00,1.000207071736977760e+00,9.999955654150295414e-01
1.438289838867238754e-02,-2.476823663464889635e-01,-2.476852137692695244e-01,9.999880777588138203e-01,-2.476740479808058892e-01,1.999988077746733151e+00,-2.476735632491781081e-01,2.477352731016997933e-01,1.633113685046142020e-05,1.000003877504083150e+00,1.000203893540300815e+00,9.999940388733665753e-01
1.439531757907493159e-02,-2.476823809396145604e-01,-2.476836534384085631e-01,9.999901143966895001e-01,-2.476657862213007266e-01,1.999990114386672735e+00,-2.476644009790467116e-01,2.477365669646490465e-01,1.593502639078746294e-05,1.000001341435668989e+00,1.000200654879704221e+00,9.999950571933362564e-01
1.440770959875004552e-02,-2.476823955008130573e-01,-2.476829127796252028e-01,9.999911067304751988e-01,-2.476664473055752158e-01,1.999991106721463741e+00,-2.476680430194835025e-01,2.477335189923137726e-01,8.042390702469043447e-06,1.000003021581171270e+00,1.000203891117386723e+00,9.999955533607318703e-01
1.441337053671758357e-02,-2.476824021526762842e-01,-2.476857060557989820e-01,9.999909627034417881e-01,-2.476748418811402508e-01,1.999990962694284446e+00,-2.476756762606789619e-01,2.477352398096323571e-01,7.247950805077094454e-06,1.000004951140729625e+00,1.000204715578359327e+00,9.999954813471422232e-01
1.442345817049672796e-02,-2.476824140061137103e-01,-2.476818636604981305e-01,9.999963134511782314e-01,-2.476778132156743639e-01,1.999996313447442997e+00,-2.476759695853693322e-01,2.477329307656607749e-01,9.374580439483309248e-06,1.000001970171839227e+00,1.000202067825426422e+00,9.999981567237213875e-01
1.443236496602068146e-02,-2.476824244720119417e-01,-2.476772940107680454e-01,9.999942900031565385e-01,-2.476596920074444763e-01,1.999994289997370611e+00,-2.476603154144149943e-01,2.477282102764798710e-01,1.825099349155593953e-05,1.000005611927731186e+00,1.000205970310146242e+00,9.999971449986853056e-01
1.444444869706590535e-02,-2.476824386709558234e-01,-2.476819376877862078e-01,9.999944148532320387e-01,-2.476766409801050284e-01,1.999994414847572566e+00,-2.476770277931852615e-01,2.477319603549706650e-01,6.802432272869980389e-06,1.000005031784523046e+00,1.000204860352250424e+00,9.999972074237863939e-01
1.445198422903310603e-02,-2.476824475255553770e-01,-2.476850790390214829e-01,9.999977008716317561e-01,-2.476802708593955904e-01,1.999997700869301953e+00,-2.476803958041583209e-01,2.477346941243998568e-01,1.799580529418447390e-07,1.000003633756817667e+00,1.000203778102180197e+00,9.999988504346509766e-01
1.446110678559966306e-02,-2.476824582449825563e-01,-2.476850090458937170e-01,9.999978372509412683e-01,-2.476731329663530712e-01,1.999997837248749910e+00,-2.476723228622215722e-01,2.477345948846670365e-01,8.478628288353812158e-06,1.000008473511635243e+00,1.000208584921313371e+00,9.999989186243748440e-01
1.447080431064709516e-02,-2.476824696400233561e-01,-2.476799791672025242e-01,9.999943014857167745e-01,-2.476700943880162931e-01,1.999994301479942616e+00,-2.476697986907929472e-01,2.477311829412962851e-01,7.226684287825795346e-06,1.000003903441828434e+00,1.000203437519650240e+00,9.999971507399713078e-01
1.448163585981608777e-02,-2.476824823675947973e-01,-2.476841812010008859e-01,9.999926147619684347e-01,-2.476720383216670929e-01,1.999992614754485309e+00,-2.476731603612292165e-01,2.477338459597512310e-01,8.435835216088945695e-06,1.000000373355133698e+00,1.000200063383618998e+00,9.999963073772425437e-01
1.449365994447048521e-02,-2.476824964964517706e-01,-2.476834151114113147e-01,9.999954600505319702e-01,-2.476859689371253559e-01,1.999995460045931761e+00,-2.476857130226661763e-01,2.477334869891747449e-01,1.071287210012056240e-06,9.999971233966306050e-01,1.000197580749920823e+00,9.999977300229658805e-01
1.450332549193752811e-02,-2.476825078539172387e-01,-2.476796754385707233e-01,9.999941135403803694e-01,-2.476808282307652598e-01,1.999994113534415696e+00,-2.476802799920118647e-01,2.477299410664891843e-01,3.887771424190491743e-06,1.000003803500918220e+00,1.000204885434965663e+00,9.999970567672078481e-01
1.451221699777932063e-02,-2.476825183018488696e-01,-2.476792624738437254e-01,9.999932615317288498e-01,-2.476755666126645716e-01,1.999993261524900756e+00,-2.476751263785939017e-01,2.477290482694554097e-01,1.158510266488174158e-05,1.000010875576987424e+00,1.000209929645540896e+00,9.999966307624503781e-01
1.452256773383518024e-02,-2.476825304644429404e-01,-2.476820956834167864e-01,9.999959164341859497e-01,-2.476793985423416944e-01,1.999995916430048259e+00,-2.476808242005198446e-01,2.477318367204417171e-01,6.202603200128037800e-06,9.999998340385913842e-01,1.000200438757613108e+00,9.999979582150241297e-01
1.453263411588319801e-02,-2.476825422929082587e-01,-2.476840553460890881e-01,9.999976026338431856e-01,-2.476906616822561469e-01,1.999997602631413907e+00,-2.476910409459881224e-01,2.477337709995590942e-01,3.790769102496781145e-06,1.000006101254555801e+00,1.000205655303186836e+00,9.999988013157069533e-01
1.454178481822988520e-02,-2.476825530454087598e-01,-2.476857961705822009e-01,9.999962995829471124e-01,-2.476937517445267356e-01,1.999996299579197556e+00,-2.476937247843255252e-01,2.477356120572045406e-01,-1.917536313544165064e-06,1.000001632131196194e+00,1.000201755841520379e+00,9.999981497895986671e-01
1.455167776637327978e-02,-2.476825646700808736e-01,-2.476872400702453680e-01,9.999941304553544574e-01,-2.476878473889727039e-01,1.999994130449406882e+00,-2.476859891177118078e-01,2.477371956777302264e-01,4.033358196106863133e-06,1.000005536022753549e+00,1.000205409188591243e+00,9.999970652247034408e-01
1.457041112302162253e-02,-2.476825866826446176e-01,-2.476812212328322882e-01,9.999908678550371022e-01,-2.476817617031604191e-01,1.999990867845783615e+00,-2.476832622079944701e-01,2.477309125931711764e-01,3.688489045798437283e-06,1.000001699425592694e+00,1.000201620020969795e+00,9.999954339228918077e-01
1.458179945099911598e-02,-2.476826000644571091e-01,-2.476728002130733353e-01,9.999972307474985778e-01,-2.476775752149098231e-01,1.999997230744692489e+00,-2.476786822831467116e-01,2.477251548898889988e-01,-2.607420386535458927e-06,9.999988646742546949e-01,1.000198377236683367e+00,9.999986153723462445e-01
1.459507700737044771e-02,-2.476826156662028100e-01,-2.476831274465957078e-01,9.999989352516689411e-01,-2.476912558331149927e-01,1.999998935250590026e+00,-2.476906014068831485e-01,2.477327172781983167e-01,-7.785039132546037324e-06,9.999954255508648471e-01,1.000195310396395421e+00,9.999994676252950132e-01
1.460702358424406481e-02,-2.476826297039850522e-01,-2.476829176459688919e-01,1.000000757046260125e+00,-2.476872637851073589e-01,2.000000757047027289e+00,-2.476866311821718514e-01,2.477324488744754027e-01,-6.569706128728019908e-06,9.999914471978632591e-01,1.000191212269517571e+00,1.000000378523513644e+00
1.461407516172834667e-02,-2.476826379899159936e-01,-2.476826072870690898e-01,9.999967803617352269e-01,-2.476827534911465734e-01,1.999996780358472837e+00,-2.476826339793333220e-01,2.477321467871301808e-01,-1.605468366846456056e-06,9.999947869431572434e-01,1.000195883325731172e+00,9.999983901792364183e-01
1.462336756663731516e-02,-2.476826489089221650e-01,-2.476823927969962480e-01,9.999942407090952612e-01,-2.476825338133540055e-01,1.999994240703259374e+00,-2.476819011394848224e-01,2.477319268614326664e-01,-1.006705175652040920e-07,1.000001121128193615e+00,1.000201019432486182e+00,9.999971203516297980e-01
1.464077018416606694e-02,-2.476826693578050576e-01,-2.476804170979140796e-01,9.999946347857846529e-01,-2.476644668267413418e-01,1.999994634780348113e+00,-2.476638389769282578e-01,2.477300791905172883e-01,1.212796162128801596e-05,1.000011417403344982e+00,1.000211770289265889e+00,9.999973173901740564e-01
1.465071842811497063e-02,-2.476826810474516138e-01,-2.476836259000418927e-01,9.999952419766231504e-01,-2.476736200651782072e-01,1.999995241971801896e+00,-2.476747466141876186e-01,2.477333748591319662e-01,7.241872650731942941e-06,1.000004970243308033e+00,1.000204499239937261e+00,9.999976209859009479e-01
1.466215473812084932e-02,-2.476826944856456991e-01,-2.476848487118987474e-01,9.999961262963880104e-01,-2.476784625903410975e-01,1.999996126292463039e+00,-2.476775785422145326e-01,2.477345837426099817e-01,6.835308074599329889e-06,1.000004232949787797e+00,1.000203936659545434e+00,9.999980631462315195e-01
1.467236800139584858e-02,-2.476827064867032357e-01,-2.476855137316098798e-01,9.999944854075447642e-01,-2.476693592301200120e-01,1.999994485401956901e+00,-2.476702466352290744e-01,2.477354649471280590e-01,9.915185847220280623e-06,1.000002179666021451e+00,1.000202026415180745e+00,9.999972427009784504e-01
1.468191894645163101e-02,-2.476827177095062837e-01,-2.476785602828545929e-01,9.999928336490070402e-01,-2.476784563851970877e-01,1.999992833641745626e+00,-2.476777547106016608e-01,2.477309875723389954e-01,3.141133481821638574e-06,9.999993345674756950e-01,1.000199184984158274e+00,9.999964168208727022e-01
1.469107836523896905e-02,-2.476827284722479261e-01,-2.476774982572587658e-01,9.999919460692916484e-01,-2.476690525957467304e-01,1.999991946061130621e+00,-2.476688455643950015e-01,2.477275283977523612e-01,5.079492835162497955e-06,9.999995794067596533e-01,1.000199800846630627e+00,9.999959730305654215e-01
1.470035329651944028e-02,-2.476827393707213276e-01,-2.476847734367511045e-01,9.999950955981774525e-01,-2.476700903400997633e-01,1.999995095593207761e+00,-2.476702987260245847e-01,2.477348160640973351e-01,1.804766588544316153e-05,1.000004947310114689e+00,1.000205384264458486e+00,9.999975477966038806e-01
1.470696328691322233e-02,-2.476827471377654744e-01,-2.476838683453639889e-01,9.999980463380686579e-01,-2.476778035897735930e-01,1.999998046336089130e+00,-2.476792946319401056e-01,2.477336693517851740e-01,8.126426877767876670e-06,1.000000121459138303e+00,1.000199044763087963e+00,9.999990231680445651e-01
1.471342077491255215e-02,-2.476827547256126860e-01,-2.476815394321698893e-01,9.999984225966529472e-01,-2.476831259552144671e-01,1.999998422595054670e+00,-2.476826320665635461e-01,2.477322300772933361e-01,1.500089479010159628e-06,9.999951221821343772e-01,1.000194930611948640e+00,9.999992112975273351e-01
1.472520624246244358e-02,-2.476827685740841944e-01,-2.476764077638326234e-01,9.999939585419060917e-01,-2.476725504261861888e-01,1.999993958535784433e+00,-2.476718239574761116e-01,2.477267891181628434e-01,5.551703890940264234e-06,1.000001266120484233e+00,1.000202671331563931e+00,9.999969792678922165e-01
1.473323093067947960e-02,-2.476827780034640270e-01,-2.476768182932671536e-01,9.999945297197626592e-01,-2.476720299355609500e-01,1.999994529714219649e+00,-2.476736725604515299e-01,2.477271278414177880e-01,4.255816966988122279e-06,1.000006751320644538e+00,1.000205743531907610e+00,9.999972648571098244e-01
1.474148053915233687e-02,-2.476827876971376685e-01,-2.476825307932256914e-01,9.999978094606900569e-01,-2.476889486811428287e-01,1.999997809458470499e+00,-2.476901837740673740e-01,2.477319980199930716e-01,-5.994670096419174915e-06,9.999970070681245549e-01,1.000196277916789667e+00,9.999989047292351385e-01
1.475010632226563152e-02,-2.476827978328328128e-01,-2.476779779374624346e-01,1.000000444439752556e+00,-2.476869963683142328e-01,2.000000444440203307e+00,-2.476861990556738224e-01,2.477292854441744407e-01,-3.002985507445483776e-06,9.999950068778749035e-01,1.000195065585023579e+00,1.000000222220101431e+00
1.476117387027825294e-02,-2.476828108377160109e-01,-2.476826762502017665e-01,9.999976916867798771e-01,-2.476701114565901807e-01,1.999997691684441081e+00,-2.476697374783084216e-01,2.477321435060266808e-01,6.415249737788538025e-06,1.000009333445862403e+00,1.000210366462987555e+00,9.999988458422205406e-01
1.477044604829351460e-02,-2.476828217329556658e-01,-2.476792721232222716e-01,9.999972846073437172e-01,-2.476822107449675459e-01,1.999997284604592140e+00,-2.476833093398233820e-01,2.477298735040895372e-01,-4.159730474416899629e-07,1.000012409362667221e+00,1.000211788358815523e+00,9.999986423022960702e-01
1.478282406749972105e-02,-2.476828362777013515e-01,-2.476852655130682146e-01,9.999962391276909779e-01,-2.476823020799312491e-01,1.999996239123880359e+00,-2.476830629325721400e-01,2.477347844362078055e-01,-8.918935932736114794e-07,9.999985824758943487e-01,1.000199336232717728e+00,9.999981195619400687e-01
1.479259357434046553e-02,-2.476828477573245202e-01,-2.476815493563283566e-01,9.999963384861586535e-01,-2.476858322385617484e-01,1.999996338482448399e+00,-2.476842697060880338e-01,2.477326719877498695e-01,-1.662246894256351988e-07,1.000005256564022948e+00,1.000205599723127614e+00,9.999981692412243106e-01
1.480143719746342991e-02,-2.476828581489924630e-01,-2.476748306675622402e-01,9.999941372770211334e-01,-2.476655043631856012e-01,1.999994137271080774e+00,-2.476638681113296769e-01,2.477274220982946806e-01,1.013333549170061751e-05,1.000009169447003687e+00,1.000208806534023331e+00,9.999970686355403870e-01
1.481057921512220731e-02,-2.476828688912862675e-01,-2.476827142907642998e-01,9.999937399279000827e-01,-2.476746619945196237e-01,1.999993739921557045e+00,-2.476762124640710105e-01,2.477327234550584789e-01,2.696036513765893011e-06,9.999990262840264821e-01,1.000198018067863348e+00,9.999968699607785227e-01
1.482006759895951840e-02,-2.476828800405762310e-01,-2.476823020515889207e-01,9.999983914828199927e-01,-2.476788459361164985e-01,1.999998391481190296e+00,-2.476791590285183642e-01,2.477318483499024726e-01,2.455376247595532506e-06,9.999964430439514107e-01,1.000196346816133453e+00,9.999991957405951482e-01
1.483166122942863353e-02,-2.476828936636291112e-01,-2.476808282907561609e-01,9.999972369204149780e-01,-2.476733933198505822e-01,1.999997236917615107e+00,-2.476735216901634062e-01,2.477304407659134400e-01,8.378771053977734432e-06,1.000009661408658879e+00,1.000209065762187155e+00,9.999986184588075533e-01
1.484208135715997870e-02,-2.476829059077596817e-01,-2.476799551709857605e-01,9.999950155558871012e-01,-2.476821664757408725e-01,1.999995015550836364e+00,-2.476821302975288630e-01,2.477296486630217731e-01,5.736900009633909723e-06,9.999982388357211427e-01,1.000198647005858810e+00,9.999975077754181818e-01
1.486109123844920471e-02,-2.476829282452513159e-01,-2.476756232407981706e-01,9.999968517929709311e-01,-2.476660908273416173e-01,1.999996851789780816e+00,-2.476658837627445098e-01,2.477270165133614865e-01,5.473381055226647774e-06,1.000006291129750036e+00,1.000206206451373925e+00,9.999984258948904081e-01
1.487725088892339134e-02,-2.476829472335901616e-01,-2.476839811104583622e-01,9.999979263172588118e-01,-2.476817715825644362e-01,1.999997926315157493e+00,-2.476816647133820437e-01,2.477335077707385758e-01,1.114120124344546533e-06,1.000000838857505681e+00,1.000200361323911880e+00,9.999989631575787463e-01
1.488963031199680778e-02,-2.476829617799856109e-01,-2.476799985146838912e-01,9.999971728145712335e-01,-2.476875206701239784e-01,1.999997172811706525e+00,-2.476882969221824160e-01,2.477307787603304778e-01,-3.625031077202383691e-06,9.999968571486147484e-01,1.000196765318510428e+00,9.999985864058532625e-01
1.489417050703306655e-02,-2.476829671149239909e-01,-2.476789343143089295e-01,9.999950174666220049e-01,-2.476810791917493371e-01,1.999995017461573266e+00,-2.476787414182037017e-01,2.477290486826628224e-01,4.393499116856871152e-07,9.999997829928112258e-01,1.000200852960419162e+00,9.999975087307866328e-01
1.490516908297410958e-02,-2.476829800387605474e-01,-2.476810697393321825e-01,9.999944223179823011e-01,-2.476706965872363664e-01,1.999994422312330711e+00,-2.476719877855226570e-01,2.477313627120272532e-01,8.184764038885064899e-06,1.000007104231575683e+00,1.000207066820133495e+00,9.999972111561653554e-01
1.491238882597643693e-02,-2.476829885222930072e-01,-2.476850890201732769e-01,9.999965456085433413e-01,-2.476816280371207379e-01,1.999996545605043030e+00,-2.476828044975992738e-01,2.477345567579901930e-01,5.625526704203941880e-06,1.000006209304952653e+00,1.000205826995554936e+00,9.999982728025215151e-01
1.492105382938930559e-02,-2.476829987040741754e-01,-2.476831361336370163e-01,9.999980531446401866e-01,-2.476896353707579435e-01,1.999998053142667542e+00,-2.476902106646262369e-01,2.477331520855871050e-01,-7.157181007285352783e-06,1.000001328728880257e+00,1.000200476172189656e+00,9.999990265713337712e-01
1.493026430676677035e-02,-2.476830095268116594e-01,-2.476807425085027214e-01,9.999952686191383444e-01,-2.476785524904641100e-01,1.999995268614343846e+00,-2.476770325441637333e-01,2.477308777288295405e-01,-2.190891120585306158e-06,9.999968719627694291e-01,1.000196804148713259e+00,9.999976343071720342e-01
1.494021407297498917e-02,-2.476830212182470348e-01,-2.476825731042309187e-01,9.999934625461116555e-01,-2.476704637582680946e-01,1.999993462539487510e+00,-2.476694301155555056e-01,2.477321136685623759e-01,1.092499156847298099e-05,1.000005611504294789e+00,1.000206614927062754e+00,9.999967312697436439e-01
1.495000537527776605e-02,-2.476830327234800511e-01,-2.476745189196388475e-01,9.999952243057699253e-01,-2.476616721834848656e-01,1.999995224300930685e+00,-2.476602513387301530e-01,2.477279589596316500e-01,9.112078278874673060e-06,1.000014111320825405e+00,1.000214882250943349e+00,9.999976121504653426e-01
1.496000749251193661e-02,-2.476830444764305250e-01,-2.476782995527548603e-01,9.999957877874640078e-01,-2.476832003185820696e-01,1.999995787783195977e+00,-2.476862875309497614e-01,2.477283544983157892e-01,1.033043255496236098e-07,1.000002558843890332e+00,1.000201181692335073e+00,9.999978938915978777e-01
1.496442425765972563e-02,-2.476830496663323389e-01,-2.476798743803472203e-01,9.999965948093512136e-01,-2.476843168033111553e-01,1.999996594805900640e+00,-2.476840366269075500e-01,2.477297225334015585e-01,1.194489602061197214e-06,9.999999988055946476e-01,1.000199768793502919e+00,9.999982974029504312e-01
1.497376042890562024e-02,-2.476830606367649845e-01,-2.476819741328602220e-01,1.000000517748622864e+00,-2.476778921469109385e-01,2.000000517749147999e+00,-2.476770892100443600e-01,2.477315415384632458e-01,2.254008400986388414e-06,9.999962544868902237e-01,1.000195508768737973e+00,1.000000258874573777e+00
1.499006801686688685e-02,-2.476830797989374999e-01,-2.476700588819767956e-01,9.999970217821029239e-01,-2.476712095466929442e-01,1.999997021779085449e+00,-2.476708637780528077e-01,2.477262751048621425e-01,6.182574214642110008e-06,1.000002015251300502e+00,1.000203105430284012e+00,9.999985108895426134e-01
1.500072577634039943e-02,-2.476830923222975711e-01,-2.476936859837222393e-01,9.999960755474721630e-01,-2.476844715114860929e-01,1.999996075543495566e+00,-2.476867241424412780e-01,2.477435254480395976e-01,5.098920152397935069e-06,1.000002692150710581e+00,1.000202589208817772e+00,9.999980377717477831e-01
1.501014580012426103e-02,-2.476831033912616498e-01,-2.476779592558167042e-01,1.000000934357481608e+00,-2.476751345053726239e-01,2.000000934358428406e+00,-2.476733900239973529e-01,2.477364696302147007e-01,7.814654655955181536e-06,1.000003561364317450e+00,1.000203567121310755e+00,1.000000467179214203e+00
1.501883285957274737e-02,-2.476831135989580879e-01,-2.476808144162234993e-01,9.999961493321716244e-01,-2.476696515890858818e-01,1.999996149328269857e+00,-2.476685057922178301e-01,2.477309257644371154e-01,1.085385184667772926e-05,9.999994083005704359e-01,1.000199202237217921e+00,9.999980746641349283e-01
1.502686484056878040e-02,-2.476831230369059555e-01,-2.476778278322750992e-01,9.999911052373824383e-01,-2.476722387359267530e-01,1.999991105228369426e+00,-2.476735945688464391e-01,2.477292695300578329e-01,7.768823376368914338e-06,9.999992242419462052e-01,1.000198822162905232e+00,9.999955526141848239e-01
1.503123010729459121e-02,-2.476831281662971451e-01,-2.476756828677090516e-01,9.999938332188602619e-01,-2.476787256643477875e-01,1.999993833212611483e+00,-2.476786958552786300e-01,2.477270166376615290e-01,6.390135067194399425e-07,9.999968900806714966e-01,1.000196880777679320e+00,9.999969166063057413e-01
1.504008046640602052e-02,-2.476831385658782025e-01,-2.476857406221493751e-01,9.999972851372657123e-01,-2.476630737766515045e-01,1.999997285134514691e+00,-2.476604391254843274e-01,2.477363363154712894e-01,1.148692425705225885e-05,1.000006154969124816e+00,1.000207471417665417e+00,9.999986425672573453e-01
1.504465075075010413e-02,-2.476831439361727727e-01,-2.476845160707653870e-01,9.999975544199516397e-01,-2.476623936531648362e-01,1.999997554417473511e+00,-2.476626160000288401e-01,2.477345994633658455e-01,8.526432467096514687e-06,1.000004133407889295e+00,1.000202924830025708e+00,9.999987772087367555e-01
1.505297281927224853e-02,-2.476831537149873363e-01,-2.476817709700856185e-01,9.999988772283538996e-01,-2.476707787920378878e-01,1.999998877227216365e+00,-2.476725449443452909e-01,2.477318539316114843e-01,-8.572936883496410195e-07,9.999955155250397354e-01,1.000195477947764200e+00,9.999994386136080715e-01
1.507000105139652373e-02,-2.476831737239490738e-01,-2.476767488140778906e-01,9.999940222134928725e-01,-2.476779843242577217e-01,1.999994022207435718e+00,-2.476778103241427664e-01,2.477311130679637763e-01,-2.017152607428185386e-06,1.000001195963619027e+00,1.000201403788171017e+00,9.999970111037178588e-01
1.507876671801605326e-02,-2.476831840240128202e-01,-2.476779175450176118e-01,9.999938771889929079e-01,-2.476756622242278771e-01,1.999993877182788982e+00,-2.476753190331763832e-01,2.477277441779668632e-01,2.449670219942440718e-06,9.999973569131911377e-01,1.000196975887314155e+00,9.999969385913943798e-01
1.508946214155211345e-02,-2.476831965916296285e-01,-2.476833543068132359e-01,9.999961927260142547e-01,-2.476807582476044101e-01,1.999996192722156563e+00,-2.476821074057997951e-01,2.477334566095121537e-01,1.471217987979555187e-06,1.000004147354078832e+00,1.000204838808358199e+00,9.999980963610781703e-01
1.510185516996236446e-02,-2.476832111540119841e-01,-2.476806011464721680e-01,9.999989127714632442e-01,-2.476824823215610372e-01,1.999998912770361681e+00,-2.476823078500946518e-01,2.477305430194976232e-01,2.255216896532226863e-07,9.999952560492670894e-01,1.000195436470826982e+00,9.999994563851808405e-01
1.511168660954311481e-02,-2.476832227064090508e-01,-2.476838840627168525e-01,9.999955188579241483e-01,-2.476800883975780465e-01,1.999995518853383558e+00,-2.476801040862736669e-01,2.477334943313011240e-01,5.207963797474404319e-06,9.999989106191954358e-01,1.000198510870611068e+00,9.999977594266917791e-01
1.512089162037884814e-02,-2.476832335227236448e-01,-2.476769337229240697e-01,9.999953413665705337e-01,-2.476822901749756167e-01,1.999995341361850310e+00,-2.476823666340723651e-01,2.477294237980170177e-01,-2.895533511118145604e-06,9.999909174232715081e-01,1.000190595773160274e+00,9.999976706809250437e-01
1.513035429008994202e-02,-2.476832446417978062e-01,-2.476894475816487085e-01,9.999948680344632468e-01,-2.476822394902896962e-01,1.999994868029263406e+00,-2.476827924588810015e-01,2.477399018511027562e-01,1.670825629428389944e-06,9.999965122727243472e-01,1.000197741892881798e+00,9.999974340146315921e-01
1.514051789848797069e-02,-2.476832565845082379e-01,-2.476876097898910722e-01,9.999966965696809318e-01,-2.476861933929856430e-01,1.999996696566333609e+00,-2.476856855479623309e-01,2.477378586781556202e-01,9.506918011847798443e-06,1.000018874120043533e+00,1.000219498667985984e+00,9.999983482831668047e-01
1.515000100000000148e-02,-2.476832677275914996e-01,-2.476803227617825065e-01,9.999933011356912926e-01,-2.476683231679724095e-01,1.999993301128903500e+00,-2.476653804307575868e-01,2.477333039507793599e-01,7.899965784093471077e-06,1.000001519525363314e+00,1.000199580170695768e+00,9.999966505644516390e-01
1.515535079729931831e-02,-2.476832740138515676e-01,-2.476777258758311451e-01,9.999899709477133580e-01,-2.476661108483394491e-01,1.999989970937551043e+00,-2.476664095542991939e-01,2.477294233628975217e-01,9.723422773493925524e-06,1.000001355499779088e+00,1.000201714804050068e+00,9.999949854687756323e-01
1.517000299999999788e-02,-2.476832912308698231e-01,-2.476849845606409195e-01,9.999939161953510514e-01,-2.476829996784804533e-01,1.999993916189186205e+00,-2.476849341541928207e-01,2.477355847969144875e-01,3.716338962770042825e-07,1.000003665137732867e+00,1.000203646480150699e+00,9.999969580945932135e-01
1.517359223104906320e-02,-2.476836301616295588e-01,-2.476867462312987711e-01,9.999961618405606156e-01,-2.476888194211464278e-01,1.999996161836671504e+00,-2.476898932460433744e-01,2.477365783669594756e-01,-8.644636878498015079e-07,1.000005329395976972e+00,1.000206087176707559e+00,9.999980809183356412e-01
1.518958736566139445e-02,-2.476846366626974383e-01,-2.476857225396253137e-01,9.999962203432355423e-01,-2.476846827815425423e-01,1.999996220339405717e+00,-2.476831031796881410e-01,2.477361733882191552e-01,3.972043633020566417e-06,1.000003277976224458e+00,1.000202460797465331e+00,9.999981101697027475e-01
1.520053450987387568e-02,-2.476850160687401048e-01,-2.476914017181902905e-01,9.999903241297373180e-01,-2.476812214935995016e-01,1.999990324119933049e+00,-2.476807509871134516e-01,2.477410357834443633e-01,1.361848021912754586e-05,1.000010277099272926e+00,1.000211153794082319e+00,9.999951620599665247e-01
1.521012708307753654e-02,-2.476852283121291076e-01,-2.476854290072089126e-01,9.999901848636491009e-01,-2.476698649933069818e-01,1.999990184853703612e+00,-2.476690278635233500e-01,2.477374576672236872e-01,7.246268204042918992e-06,1.000015514103045344e+00,1.000215701398158297e+00,9.999950924268518060e-01
1.521810910795886977e-02,-2.476853485638159658e-01,-2.476788953426015127e-01,9.999891822333074609e-01,-2.476680392303100275e-01,1.999989182222346118e+00,-2.476675165086261732e-01,2.477322223388309652e-01,1.323654216894144228e-05,1.000011062785086891e+00,1.000210583359248506e+00,9.999945911111730590e-01
1.523000960507193968e-02,-2.476854656370347241e-01,-2.476933770121122480e-01,9.999897285893173393e-01,-2.476703832297899033e-01,1.999989728578909665e+00,-2.476715814612333588e-01,2.477447623084993167e-01,1.661844080172944030e-05,1.000009056443752931e+00,1.000208757357598843e+00,9.999948642894548323e-01
1.523768195064673786e-02,-2.476855146276252251e-01,-2.476889952379514870e-01,9.999945024047881548e-01,-2.476842786186873036e-01,1.999994502399217389e+00,-2.476860174807796744e-01,2.477410632028725079e-01,3.638235394757340225e-06,9.999986438973258451e-01,1.000197007687041673e+00,9.999972511996086943e-01
1.524177637574471340e-02,-2.476855348017522052e-01,-2.476854235925277647e-01,9.999959134938614103e-01,-2.476892419864345218e-01,1.999995913489720500e+00,-2.476888532277383981e-01,2.477386882554550862e-01,-1.088867772924744038e-06,9.999935307757388259e-01,1.000193433981304780e+00,9.999979567448603612e-01
1.525035583049640965e-02,-2.476855670330399828e-01,-2.476797149922071173e-01,9.999905997840925487e-01,-2.476718137796511954e-01,1.999990599774567501e+00,-2.476694054565237169e-01,2.477321219206465863e-01,1.248238340013598356e-05,1.000000871270082969e+00,1.000202096970847609e+00,9.999952998872837506e-01
1.526004376572655426e-02,-2.476855915319182422e-01,-2.476834544934356508e-01,9.999881242031081197e-01,-2.476791482857847448e-01,1.999988124191074634e+00,-2.476811020366538607e-01,2.477334388512981711e-01,1.041859333161389658e-05,1.000004489527874796e+00,1.000204344648550236e+00,9.999940620955373172e-01
1.526943415265780320e-02,-2.476856072011792975e-01,-2.476838995020300971e-01,9.999938523847016203e-01,-2.476765719186264647e-01,1.999993852378472159e+00,-2.476758367702137087e-01,2.477334357218925476e-01,1.118688899184096139e-05,1.000002416202737221e+00,1.000202258024144308e+00,9.999969261892360795e-01
1.527489427538144748e-02,-2.476856137641504363e-01,-2.476841715379585473e-01,9.999956161055416626e-01,-2.476773386538858035e-01,1.999995616101099660e+00,-2.476780180605750170e-01,2.477337777221803317e-01,7.417021864307500062e-06,1.000001071567672817e+00,1.000200699614975708e+00,9.999978080505498301e-01
1.528560970584546923e-02,-2.476856228787353842e-01,-2.476854259513682488e-01,9.999940617163179946e-01,-2.476802756834189934e-01,1.999994061710300697e+00,-2.476801357343475785e-01,2.477351423694641452e-01,3.781584321184746054e-06,1.000003427430280478e+00,1.000204372053367097e+00,9.999970308551504594e-01
1.529530835314722725e-02,-2.476856281544395355e-01,-2.476853865102961183e-01,9.999931940325265112e-01,-2.476766708954709906e-01,1.999993194025630139e+00,-2.476757075257820795e-01,2.477351334356475421e-01,8.308572162852430221e-06,1.000004665771163204e+00,1.000203891229736852e+00,9.999965970128150694e-01
1.530280900885849608e-02,-2.476856309475484186e-01,-2.476843975305001166e-01,9.999926309768655264e-01,-2.476716820407745545e-01,1.999992630969398721e+00,-2.476725048712340449e-01,2.477340831310921587e-01,1.146497842474878391e-05,1.000001027664686237e+00,1.000201096156978942e+00,9.999963154846993607e-01
1.531098290293419865e-02,-2.476856331082799567e-01,-2.476853621065155664e-01,9.999917513349676490e-01,-2.476823782974659216e-01,1.999991751326609446e+00,-2.476835345490202012e-01,2.477349295093978221e-01,2.671912217409317181e-06,1.000000629328060331e+00,1.000200585193934177e+00,9.999958756633047230e-01
1.532001016099732334e-02,-2.476856347449819806e-01,-2.476766042791472833e-01,9.999920642497576173e-01,-2.476756481274211275e-01,1.999992064241716605e+00,-2.476745413380544991e-01,2.477307279552442010e-01,1.384317127819808042e-05,1.000005769595234240e+00,1.000206439585111351e+00,9.999960321208581915e-01
1.532449818534428916e-02,-2.476856353457053683e-01,-2.476810004478869620e-01,9.999923758663447071e-01,-2.476757396080148110e-01,1.999992375858619331e+00,-2.476771330678537442e-01,2.477320455846318548e-01,1.061684776628452217e-05,1.000005505517869153e+00,1.000204989205689676e+00,9.999961879293095546e-01
1.533226751377389160e-02,-2.476856361404858042e-01,-2.476901091816327283e-01,9.999929629099495454e-01,-2.476878076362628578e-01,1.999992962902819027e+00,-2.476885085043431800e-01,2.477395779223125760e-01,2.848898415978886987e-06,1.000001730165665847e+00,1.000201709254206150e+00,9.999964814514095135e-01
1.534187346205230333e-02,-2.476856368082369919e-01,-2.476863269013380997e-01,9.999966758906791986e-01,-2.476874973976024574e-01,1.999996675887311115e+00,-2.476870562741910198e-01,2.477366149712269261e-01,9.805321291591923778e-07,1.000002348514497319e+00,1.000202235528502070e+00,9.999983379436555575e-01
1.535218696209239737e-02,-2.476856372647491811e-01,-2.476891248678698976e-01,9.999917196290054600e-01,-2.476823385951651690e-01,1.999991719620615171e+00,-2.476827580575753918e-01,2.477386267969380607e-01,3.517674881768576147e-06,1.000002996436919922e+00,1.000203071655014986e+00,9.999958598103075857e-01
1.536235885773434146e-02,-2.476856375440555369e-01,-2.476868953552550101e-01,9.999896608073488569e-01,-2.476866929746080193e-01,1.999989660796872348e+00,-2.476860072574020855e-01,2.477367399889119914e-01,7.337298856817478396e-06,1.000001692398259312e+00,1.000201142297471257e+00,9.999948303984361742e-01
1.537106117278660977e-02,-2.476856376949577720e-01,-2.476866057201009830e-01,9.999892030548650501e-01,-2.476807188716800279e-01,1.999989203043924801e+00,-2.476803846780941953e-01,2.477362763370166143e-01,5.142670106084855436e-06,9.999970496771432016e-01,1.000197655652033113e+00,9.999946015219624007e-01
1.538028021688515011e-02,-2.476856377959547884e-01,-2.476885757208293903e-01,9.999892946057167276e-01,-2.476735799455858922e-01,1.999989294594868960e+00,-2.476725259348230013e-01,2.477381506170890646e-01,1.813646334005012520e-05,1.000011385102628436e+00,1.000212736281244075e+00,9.999946472974344802e-01
1.538949137502356942e-02,-2.476856378560169103e-01,-2.476841059823083058e-01,9.999902736561057104e-01,-2.476673052762280447e-01,1.999990273646250261e+00,-2.476667769348475934e-01,2.477353797632058374e-01,1.051603741028039645e-05,1.000008256807335849e+00,1.000207624241564508e+00,9.999951368231250193e-01
1.540001890793312941e-02,-2.476856378917400570e-01,-2.476843088079164756e-01,9.999897579219555466e-01,-2.476751937868696130e-01,1.999989757911577293e+00,-2.476761177473717490e-01,2.477339635227358283e-01,6.021804699717745109e-06,9.999972764442698336e-01,1.000196238271396698e+00,9.999948789557887574e-01
1.540830990000136881e-02,-2.476856379034244049e-01,-2.476866605543384392e-01,9.999908699842241511e-01,-2.476699760133165285e-01,1.999990869974972885e+00,-2.476691389997478510e-01,2.477365042375962723e-01,1.168928272042897649e-05,1.000002445572723664e+00,1.000203307152368160e+00,9.999954349874864423e-01
1.541297912564814146e-02,-2.476856379054981905e-01,-2.476874996939410489e-01,9.999922267913122775e-01,-2.476708397180304444e-01,1.999992226783435800e+00,-2.476726295562076408e-01,2.477370670041051937e-01,1.005577693421508444e-05,1.000005257666057190e+00,1.000205324523105066e+00,9.999961133917179001e-01
1.542115719362587012e-02,-2.476856379033744449e-01,-2.476874984728036355e-01,9.999928628942210684e-01,-2.476871434165876795e-01,1.999992862886989187e+00,-2.476882709597992560e-01,2.477370297785109476e-01,-1.040805409490631006e-06,1.000004501639368160e+00,1.000204160700817413e+00,9.999964314434945933e-01
1.543035550223571806e-02,-2.476856378945891668e-01,-2.476850430857439056e-01,9.999911745373503136e-01,-2.476850381313311922e-01,1.999991174528407578e+00,-2.476841939214062260e-01,2.477352237200359519e-01,3.308788168508020976e-06,1.000004225019622384e+00,1.000204543223961906e+00,9.999955872642037891e-01
1.544018729447387862e-02,-2.476856378801385872e-01,-2.476866036734164667e-01,9.999899402273136895e-01,-2.476673817945879152e-01,1.999989940217120399e+00,-2.476658534816843504e-01,2.477363363815353048e-01,1.708594643913890977e-05,1.000015497808925291e+00,1.000216572124822401e+00,9.999949701085600884e-01
1.544688548837455655e-02,-2.476856378682368021e-01,-2.476879967997192566e-01,9.999904940295379907e-01,-2.476787932972980000e-01,1.999990494019905585e+00,-2.476815093329487460e-01,2.477377445793980670e-01,9.360477322980616924e-06,1.000011881961388127e+00,1.000210840455909578e+00,9.999952470099529034e-01
1.545212226461507160e-02,-2.476856378580911400e-01,-2.476896096843622941e-01,9.999912463683271469e-01,-2.476917528861963813e-01,1.999991246359457131e+00,-2.476931421084675178e-01,2.477397208828509279e-01,3.631332702620142580e-06,1.000006938298716230e+00,1.000206520868715865e+00,9.999956231797285655e-01
1.546590572430582393e-02,-2.476856378289327143e-01,-2.476908608451556526e-01,9.999901637767720786e-01,-2.476823273967347361e-01,1.999990163766805162e+00,-2.476788493483013942e-01,2.477423896872882614e-01,1.173070097795076550e-05,1.000006632640798143e+00,1.000206636392086068e+00,9.999950818834025812e-01
1.547799985612701400e-02,-2.476856378014581639e-01,-2.476842347546300560e-01,9.999862967947049652e-01,-2.476618586908589659e-01,1.999986296780819739e+00,-2.476616410349094521e-01,2.477348537142948781e-01,1.457747817955687707e-05,1.000009076501213734e+00,1.000209384069984830e+00,9.999931483904098695e-01
1.549018693069690103e-02,-2.476856377727481018e-01,-2.476852761472395914e-01,9.999871790784077286e-01,-2.476708683032819991e-01,1.999987179065416454e+00,-2.476721157183996991e-01,2.477349401445703148e-01,1.238451086171534059e-05,1.000006960080760843e+00,1.000206630638350580e+00,9.999935895327082269e-01
1.550023094171896869e-02,-2.476856377486165439e-01,-2.476825301433314697e-01,9.999919550878623165e-01,-2.476636372881687309e-01,1.999991955079710504e+00,-2.476628281941181675e-01,2.477328579937083386e-01,1.526269318504518894e-05,1.000014529078150582e+00,1.000215148040576540e+00,9.999959775398552519e-01
1.550729500824936553e-02,-2.476856377314783919e-01,-2.476873727296438621e-01,9.999928515441753873e-01,-2.476834781950640330e-01,1.999992851536932070e+00,-2.476872294490593540e-01,2.477377223107654070e-01,3.115610460224709065e-06,1.000004725589348276e+00,1.000202906658610225e+00,9.999964257684659241e-01
1.551144578549319697e-02,-2.476856377213636218e-01,-2.476894593508603137e-01,9.999927383746991527e-01,-2.476963723785170768e-01,1.999992738367341039e+00,-2.476965434297606350e-01,2.477389279617253637e-01,-2.285712897359584622e-06,9.999985460115003999e-01,1.000198423094443623e+00,9.999963691836705193e-01
1.552011491360526588e-02,-2.476856377001536713e-01,-2.476805955846484164e-01,9.999931891645753579e-01,-2.476736746778047671e-01,1.999993189157674101e+00,-2.476706434838105431e-01,2.477347588649992105e-01,8.738087080579885497e-06,1.000006342758341660e+00,1.000207362872529426e+00,9.999965945788370503e-01
1.552867202785652295e-02,-2.476856376791372605e-01,-2.476867121028997754e-01,9.999914711085012842e-01,-2.476725524531666056e-01,1.999991471099859197e+00,-2.476730254860570468e-01,2.477371720195756244e-01,1.064429536182012557e-05,1.000008272753066141e+00,1.000208400938444875e+00,9.999957355499295986e-01
1.554008121336673993e-02,-2.476856376510336299e-01,-2.476842001662108994e-01,9.999924907376970262e-01,-2.476724503121148224e-01,1.999992490730088335e+00,-2.476725226099606991e-01,2.477352603042708712e-01,1.236446681554745556e-05,1.000014946542720606e+00,1.000215392237789436e+00,9.999962453650440564e-01
1.555003641123146180e-02,-2.476856376264606474e-01,-2.476908940263131131e-01,9.999924492119210973e-01,-2.476908904046185023e-01,1.999992449204270217e+00,-2.476927016767869472e-01,2.477411794086010477e-01,7.293154618948354418e-06,1.000007174751241790e+00,1.000206436831239332e+00,9.999962246021351087e-01
1.556159688830575059e-02,-2.476856375978897795e-01,-2.476861835345819940e-01,9.999912169692127817e-01,-2.476803558846887576e-01,1.999991216960312901e+00,-2.476804405767573658e-01,2.477374620908956993e-01,5.043201804670688769e-06,1.000005855538337540e+00,1.000205229250130223e+00,9.999956084801565614e-01
1.557003009999999993e-02,-2.476816937202740432e-01,-2.476802079671529822e-01,9.999893239435443393e-01,-2.476806215393920763e-01,1.999989323932726437e+00,-2.476803843035076669e-01,2.477327615140993422e-01,6.185736994367370116e-06,1.000000729131749644e+00,1.000200215456547026e+00,9.999946619663632186e-01
1.557470794642645123e-02,-2.476815327480830220e-01,-2.476750232343195579e-01,9.999881721143589752e-01,-2.476690794927450257e-01,1.999988172102374229e+00,-2.476669579030494339e-01,2.477290313114401676e-01,1.011851406670289057e-05,9.999991623719659550e-01,1.000198907141621740e+00,9.999940860511871144e-01
1.559055534850949630e-02,-2.476815513695172777e-01,-2.476859182747410126e-01,9.999952417734792043e-01,-2.476706728539832258e-01,1.999995241768657950e+00,-2.476720997881813879e-01,2.477359855704302782e-01,1.448514513478049687e-05,1.000010043007769855e+00,1.000210735909632165e+00,9.999976208843288639e-01
1.560000058377390697e-02,-2.476815624681062977e-01,-2.476827854674414076e-01,1.000000833103533937e+00,-2.476808833635518459e-01,2.000000833104377929e+00,-2.476816365536461118e-01,2.477335060576689174e-01,-8.022286381018918566e-07,1.000005112451246569e+00,1.000204534330267236e+00,1.000000416552188964e+00
1.560345830177992457e-02,-2.476815665310842518e-01,-2.476823269936792582e-01,1.000000546645597232e+00,-2.476831569709656011e-01,2.000000546646151012e+00,-2.476833062814934039e-01,2.477322821863071345e-01,-7.754555386981414136e-08,1.000001834759469244e+00,1.000201044496036085e+00,1.000000273323075506e+00
1.561147246432852478e-02,-2.476815759480970047e-01,-2.476825550755316629e-01,9.999955932884758703e-01,-2.476791299575251959e-01,1.999995593284010553e+00,-2.476779815200432777e-01,2.477324780011833094e-01,9.551905826604666896e-06,9.999991261180709579e-01,1.000200097103873809e+00,9.999977966420052766e-01
1.562159662184185553e-02,-2.476815878444504071e-01,-2.476869789833691382e-01,9.999936360317925876e-01,-2.476768088180713590e-01,1.999993636025344079e+00,-2.476766420020165282e-01,2.477364447942003722e-01,6.529257052120416701e-06,1.000006700509006752e+00,1.000205985983239509e+00,9.999968180126720396e-01
1.563365176006028048e-02,-2.476816020097964977e-01,-2.476822848461725513e-01,9.999941676042568561e-01,-2.476712106901636512e-01,1.999994167598347028e+00,-2.476713444818049725e-01,2.477340779271935689e-01,3.719132885142732107e-06,9.999971002068318571e-01,1.000196806947107442e+00,9.999970837991735140e-01
1.564158983217123558e-02,-2.476816113374002704e-01,-2.476748593592663639e-01,9.999920450595970456e-01,-2.476706380705198662e-01,1.999992045051536493e+00,-2.476698358674549461e-01,2.477287591648227871e-01,2.999028907226853993e-06,9.999964294408962839e-01,1.000197572705423088e+00,9.999960225257682467e-01
1.565043838031330778e-02,-2.476816217348541682e-01,-2.476749610717819683e-01,9.999919358290688676e-01,-2.476600777512760754e-01,1.999991935820897737e+00,-2.476590880375596493e-01,2.477249882481945276e-01,1.761277653648565710e-05,1.000011697865442528e+00,1.000212779119256989e+00,9.999959679104487575e-01
1.565894954503999070e-02,-2.476816317358662700e-01,-2.476855425255811982e-01,9.999967168874728252e-01,-2.476761972664886513e-01,1.999996716884145931e+00,-2.476790195327789879e-01,2.477364227039696998e-01,6.501638626263640562e-06,1.000003584940170720e+00,1.000202145700028966e+00,9.999983584420730764e-01
1.567000421767169097e-02,-2.476816447256191545e-01,-2.476775794516041240e-01,1.000001347138945729e+00,-2.476919516455795556e-01,2.000001347140310859e+00,-2.476923123411414462e-01,2.477321552510168834e-01,-3.039177348261317760e-06,9.999999200191367343e-01,1.000200064767179153e+00,1.000000673570155429e+00
1.568012770942254705e-02,-2.476816566211921256e-01,-2.476795024766311470e-01,9.999957959141942965e-01,-2.476753186824908748e-01,1.999995795909934371e+00,-2.476735326842507412e-01,2.477292973710319701e-01,2.297492651205622061e-06,9.999983561339507165e-01,1.000198427685175417e+00,9.999978979549671854e-01
1.569243875552347664e-02,-2.476816710872425387e-01,-2.476773646356494885e-01,9.999969077165561382e-01,-2.476754592088845353e-01,1.999996907713422756e+00,-2.476773686971365240e-01,2.477274441713809838e-01,2.131579299828094592e-06,1.000002586298328167e+00,1.000202069237178248e+00,9.999984538567113779e-01
1.570153600158922039e-02,-2.476816817769295631e-01,-2.476821288345320282e-01,9.999986145415333816e-01,-2.476924142951217045e-01,1.999998614540129616e+00,-2.476917966055256215e-01,2.477315959810013346e-01,-2.370532980523270904e-06,9.999980031873467734e-01,1.000197780738252495e+00,9.999993072700648078e-01
1.571090004511530372e-02,-2.476816927801141766e-01,-2.476775579495233415e-01,9.999991398399920017e-01,-2.476737547791656724e-01,1.999999139839120588e+00,-2.476721896599469175e-01,2.477286665256577813e-01,3.426997695939899706e-06,9.999984154486212251e-01,1.000198993633298228e+00,9.999995699195602938e-01
1.572072120002566270e-02,-2.476817043204259661e-01,-2.476758047930175399e-01,9.999974458549086842e-01,-2.476683510195617222e-01,1.999997445852320643e+00,-2.476684824015609188e-01,2.477256003758853409e-01,1.203229792494365534e-06,1.000005104480352403e+00,1.000205306155085072e+00,9.999987229261603217e-01
1.573160569659542291e-02,-2.476817171102137782e-01,-2.476816851147410348e-01,9.999981811530597176e-01,-2.476796383934970203e-01,1.999998181151216858e+00,-2.476794349376802151e-01,2.477311521725697463e-01,1.512270462709975085e-06,1.000002270529702919e+00,1.000201961121836902e+00,9.999990905756083182e-01
1.574184311944780423e-02,-2.476817291396604392e-01,-2.476769976829580056e-01,1.000000259232230793e+00,-2.476691178394167525e-01,2.000000259232493249e+00,-2.476699413100271197e-01,2.477274877013739829e-01,2.851529519574370679e-06,1.000000659489372445e+00,1.000200782536038613e+00,1.000000129616246625e+00
1.575221123962008626e-02,-2.476817413226817255e-01,-2.476868406332051742e-01,9.999977662307518722e-01,-2.476872121618372002e-01,1.999997766228488461e+00,-2.476875770680495303e-01,2.477364336630958619e-01,-2.114581580591006374e-06,1.000001775559487660e+00,1.000201941262565342e+00,9.999988831142442303e-01
1.576208758141776911e-02,-2.476817529278407259e-01,-2.476787335798464051e-01,9.999982610383266746e-01,-2.476845502601330296e-01,1.999998261036564529e+00,-2.476835501478602264e-01,2.477315687781267706e-01,-5.396159611024432055e-06,1.000002296729389339e+00,1.000202219538224968e+00,9.999991305182822643e-01
1.577126880632524764e-02,-2.476817637162067320e-01,-2.476781712355887177e-01,9.999944353336128744e-01,-2.476714175486093850e-01,1.999994435327974385e+00,-2.476702313174402870e-01,2.477282069072521964e-01,2.667660470763819859e-06,1.000004166000538319e+00,1.000204598544138790e+00,9.999972176639871924e-01
1.578059312239869089e-02,-2.476817746727097702e-01,-2.476846205336008244e-01,9.999948969311206470e-01,-2.476645309003991102e-01,1.999994896925949783e+00,-2.476644075769071363e-01,2.477343885782078980e-01,1.807615625784983056e-05,1.000008966519779774e+00,1.000209401334859916e+00,9.999974484629750027e-01
1.579000578105670474e-02,-2.476817857330190775e-01,-2.476815717258087357e-01,9.999982135649299053e-01,-2.476711682376516455e-01,1.999998213563119576e+00,-2.476718544875801675e-01,2.477321558023642956e-01,1.093781563600921666e-05,1.000007887489354097e+00,1.000207730244596638e+00,9.999991067815598988e-01
1.579891805977171049e-02,-2.476817962053601829e-01,-2.476892656758166444e-01,9.999962011160471453e-01,-2.476844308807034378e-01,1.999996201112197669e+00,-2.476861231119494300e-01,2.477398239954106685e-01,-1.943426586298331340e-06,1.000006192687869389e+00,1.000206036137053722e+00,9.999981005560988345e-01
1.580221843522559497e-02,-2.476818000834539457e-01,-2.476897683364740199e-01,9.999949727672624578e-01,-2.476873589417213917e-01,1.999994972762168421e+00,-2.476863977958667640e-01,2.477395021734640490e-01,-3.162129216384141586e-06,1.000004505328626170e+00,1.000203788278259731e+00,9.999974863810842107e-01
1.581093825184473264e-02,-2.476818103296421769e-01,-2.476803777715635702e-01,9.999940528152720942e-01,-2.476695792848014610e-01,1.999994052809245915e+00,-2.476685865061586111e-01,2.477349022125512612e-01,3.665011957309919322e-06,9.999995817914584251e-01,1.000199415828447513e+00,9.999970264046229573e-01
1.582030325609186383e-02,-2.476818213339567754e-01,-2.476779781377060619e-01,9.999909014595197432e-01,-2.476744363817420802e-01,1.999990901450300562e+00,-2.476746678204031216e-01,2.477279888284386333e-01,2.673639642649944186e-06,9.999987487205433956e-01,1.000198770658978553e+00,9.999954507251501701e-01
1.583002057067595808e-02,-2.476818327522515850e-01,-2.476812272841479035e-01,9.999923989629865284e-01,-2.476673496271467878e-01,1.999992398955284578e+00,-2.476669930421273313e-01,2.477311286266334622e-01,7.471322014884152011e-06,1.000001810791534274e+00,1.000201980109059141e+00,9.999961994776422891e-01
1.584167324788478964e-02,-2.476818464446872148e-01,-2.476784788843009177e-01,9.999979607353207678e-01,-2.476749883994847912e-01,1.999997960733254310e+00,-2.476746923574133230e-01,2.477283907224709369e-01,8.678566223719935005e-06,1.000010825453437002e+00,1.000210285737379134e+00,9.999989803666272659e-01
1.585472012901335132e-02,-2.476818617753779594e-01,-2.476809918932457166e-01,9.999970761199403757e-01,-2.476729324212001704e-01,1.999997076116977635e+00,-2.476729019402903187e-01,2.477306854438635353e-01,6.319557555738022244e-06,1.000003222967127847e+00,1.000203332831938852e+00,9.999985380584889283e-01
1.587000332611196093e-02,-2.476818797338426470e-01,-2.476889778353709159e-01,9.999970520550746089e-01,-2.476814545210252183e-01,1.999997052052087332e+00,-2.476823152729615840e-01,2.477395804246078359e-01,3.457834648394849980e-06,1.000003035091130865e+00,1.000203067959531733e+00,9.999985260260436659e-01
1.588039001413553072e-02,-2.476818919386824247e-01,-2.476800454790714923e-01,9.999963150237082266e-01,-2.476681932930864249e-01,1.999996315019974213e+00,-2.476665526080024937e-01,2.477341292462630906e-01,6.929707430119116516e-06,1.000004200705538526e+00,1.000204392626721450e+00,9.999981575099872178e-01
1.588958619989919163e-02,-2.476819027446269250e-01,-2.476813523396947103e-01,9.999928524452423861e-01,-2.476697915057063104e-01,1.999992852437999957e+00,-2.476702203748134545e-01,2.477311272737544590e-01,-1.173959041791356493e-06,1.000003599694752943e+00,1.000203540649362344e+00,9.999964262189999786e-01
1.589196683751525202e-02,-2.476819055419866578e-01,-2.476820396115959610e-01,9.999918646830299185e-01,-2.476714510917871204e-01,1.999991864674786735e+00,-2.476718795457070188e-01,2.477319072506534992e-01,1.461925132826627009e-07,1.000004174000942880e+00,1.000204930064375608e+00,9.999959323373933673e-01
1.590048006729055663e-02,-2.476819155454267618e-01,-2.476849857781073805e-01,9.999934633524590888e-01,-2.476720201385714526e-01,1.999993463345835831e+00,-2.476721706353998687e-01,2.477349208926785673e-01,1.327504459338798539e-05,1.000013133224985529e+00,1.000213697473964158e+00,9.999967316729178046e-01
1.590700558632440406e-02,-2.476819232132135007e-01,-2.476880485067378679e-01,9.999958594944323709e-01,-2.476824287711279771e-01,1.999995859490236949e+00,-2.476844631403514463e-01,2.477380682238047305e-01,4.819160961980034597e-06,1.000008014553050995e+00,1.000206907580370341e+00,9.999979297451184745e-01
1.591201042316869874e-02,-2.476819290941291163e-01,-2.476895740736596851e-01,9.999957695777278444e-01,-2.476892287175715135e-01,1.999995769573441384e+00,-2.476884217563629087e-01,2.477390427074425971e-01,1.451501207961849777e-06,1.000003291759942625e+00,1.000202879857347904e+00,9.999978847867205811e-01
1.592070193753206131e-02,-2.476819393070614495e-01,-2.476871656750938566e-01,9.999933825763946960e-01,-2.476713136940792148e-01,1.999993382569689393e+00,-2.476705290924257341e-01,2.477373720763156040e-01,1.307515330666564381e-05,1.000003719913123312e+00,1.000203835484960058e+00,9.999966912848446965e-01
1.593000397224719408e-02,-2.476819502373825976e-01,-2.476861833125029166e-01,9.999898656385830531e-01,-2.476912879732648676e-01,1.999989865628314156e+00,-2.476939458419117057e-01,2.477357245520218632e-01,5.425676659824627787e-06,9.999979567898706900e-01,1.000197170593068119e+00,9.999949328141570781e-01
1.593385805034519542e-02,-2.476819547661018861e-01,-2.476859729827938228e-01,9.999889626803959430e-01,-2.476891306606916476e-01,1.999988962669212000e+00,-2.476872210670367780e-01,2.477354817070192006e-01,6.715666853588355717e-06,9.999976472059272092e-01,1.000197965245214871e+00,9.999944813346061112e-01
1.595000299999999732e-02,-2.476819737371662444e-01,-2.476826473890529901e-01,9.999905539555713485e-01,-2.476669066902819627e-01,1.999990553945999894e+00,-2.476658927182213976e-01,2.477330769748047057e-01,1.708737330815034351e-05,1.000012090370000273e+00,1.000213469451994408e+00,9.999952769729998359e-01
1.595545653714454046e-02,-2.476819801453235825e-01,-2.476828294305200573e-01,9.999910591758689460e-01,-2.476644161047233395e-01,1.999991059166809082e+00,-2.476636399635698538e-01,2.477324799350217877e-01,1.690100638052707081e-05,1.000012450896474725e+00,1.000212144800202152e+00,9.999955295834046520e-01
1.596915806427270240e-02,-2.476819962452518065e-01,-2.476861358060006291e-01,9.999930455415260155e-01,-2.476739412043759969e-01,1.999993045534478986e+00,-2.476754625291362755e-01,2.477359998634953986e-01,6.964455857642763588e-06,1.000006514941084390e+00,1.000205930414864275e+00,9.999965227672396040e-01
1.598000397925504815e-02,-2.476820089897032173e-01,-2.476779089628409480e-01,9.999939940301009189e-01,-2.476719093524077930e-01,1.999993994024015009e+00,-2.476709679154485144e-01,2.477317025144242513e-01,2.544844164238102530e-06,1.000003257395827294e+00,1.000203122617375096e+00,9.999969970120076157e-01
1.599000983480048863e-02,-2.476820207470465940e-01,-2.476917115326030261e-01,9.999925354051295567e-01,-2.476779935016847622e-01,1.999992535397566051e+00,-2.476791531738045116e-01,2.477428645312962363e-01,8.791837902524192160e-06,1.000001484762408355e+00,1.000201352975339075e+00,9.999962676987829147e-01
1.600017218056593027e-02,-2.476820326882738788e-01,-2.476842995674055636e-01,9.999951010531766826e-01,-2.476690883300949886e-01,1.999995101048212653e+00,-2.476677584983111580e-01,2.477375416341102699e-01,1.531736418582756821e-05,1.000010299852044149e+00,1.000211291405936676e+00,9.999975505241063267e-01
1.600681624172700310e-02,-2.476820404953522237e-01,-2.476812466784517885e-01,9.999939995916398150e-01,-2.476750743794929044e-01,1.999993999585559790e+00,-2.476764253552864448e-01,2.477327265725876859e-01,7.463323037469605020e-06,1.000015278294002163e+00,1.000216013516730396e+00,9.999969997927798948e-01
1.601151142849083220e-02,-2.476820460124150025e-01,-2.476801394215836227e-01,9.999905920652267799e-01,-2.476788420981144712e-01,1.999990592055693739e+00,-2.476784671063510801e-01,2.477301557802476795e-01,5.487494886619874653e-06,1.000016971767462293e+00,1.000215641470124428e+00,9.999952960278468694e-01
1.602012560489944615e-02,-2.476820561344707239e-01,-2.476847779285061557e-01,9.999900891213800991e-01,-2.476691696681611043e-01,1.999990089111337577e+00,-2.476682845316985904e-01,2.477348207221508614e-01,1.649986610056248371e-05,1.000002947115004925e+00,1.000201304455179407e+00,9.999950445556687884e-01
1.602564724132196639e-02,-2.476820626226475808e-01,-2.476856359394163654e-01,9.999931328978103329e-01,-2.476760460215658988e-01,1.999993132890852010e+00,-2.476782096337433736e-01,2.477352530190021773e-01,7.695400268110614628e-06,9.999969986871245498e-01,1.000195792584354981e+00,9.999965664454260050e-01
1.603194285900175209e-02,-2.476820700202908287e-01,-2.476848073012649920e-01,9.999954555515740973e-01,-2.476862459471909084e-01,1.999995455546969447e+00,-2.476861435116797239e-01,2.477349475369105547e-01,-2.327294215452604452e-06,9.999908194815771978e-01,1.000190856867108291e+00,9.999977277734847236e-01
1.604160016733595373e-02,-2.476820813680738753e-01,-2.476747685898901263e-01,9.999938826864073205e-01,-2.476680290349154434e-01,1.999993882680208834e+00,-2.476669035425347887e-01,2.477292707085577417e-01,2.518824534432989036e-06,9.999969481214826539e-01,1.000197740599126917e+00,9.999969413401044172e-01
1.605155569027320178e-02,-2.476820930662753106e-01,-2.476739253085415149e-01,9.999925301494251295e-01,-2.476663461281140288e-01,1.999992530141855962e+00,-2.476662247166207254e-01,2.477241578356886575e-01,1.109847446380924250e-05,1.000004259088008274e+00,1.000204134692349589e+00,9.999962650709279810e-01
1.606133772025680057e-02,-2.476821045606127369e-01,-2.476822369304240434e-01,9.999982313751372143e-01,-2.476787282875766438e-01,1.999998231373345314e+00,-2.476804625821382166e-01,2.477320884397931078e-01,2.843523401230820333e-06,9.999978509534248605e-01,1.000197666792518536e+00,9.999991156866725461e-01
1.607093466288380193e-02,-2.476821158374645504e-01,-2.476834477145552771e-01,1.000002408745453986e+00,-2.476892755932532664e-01,2.000002408747894478e+00,-2.476903342814897602e-01,2.477331632664160621e-01,-9.223714500748013913e-06,9.999980379260112739e-01,1.000197968567903217e+00,1.000001204373947461e+00
1.608003149431835171e-02,-2.476821265266629379e-01,-2.476854907954958440e-01,9.999990724240302997e-01,-2.476815698974050850e-01,1.999999072423090496e+00,-2.476803185339211677e-01,2.477352250251350363e-01,2.092332781881820245e-06,1.000002011969859161e+00,1.000202680689458834e+00,9.999995362115452480e-01
1.609000000000000014e-02,-2.476821382401185878e-01,-2.476781592138371235e-01,9.999946585322998516e-01,-2.476830311223173209e-01,1.999994658526887292e+00,-2.476836469349379677e-01,2.477311097412092378e-01,4.460165457314758753e-06,9.999981004114453231e-01,1.000197429255410331e+00,9.999973292634437572e-01
1.610009272631499067e-02,-2.476821500995399494e-01,-2.476791284064599474e-01,9.999930415901229219e-01,-2.476725888576389034e-01,1.999993041583072007e+00,-2.476713333393097405e-01,2.477289597778274954e-01,7.697061600737952896e-06,1.000011326138029455e+00,1.000212622592780543e+00,9.999965207915360033e-01
1.611050838889991135e-02,-2.476821623384258542e-01,-2.476913589765757095e-01,9.999961547352874680e-01,-2.476883861465641601e-01,1.999996154731391140e+00,-2.476906563993294119e-01,2.477412347963295070e-01,2.520994790195099675e-06,1.000000137859751392e+00,1.000199471210820201e+00,9.999980773656954591e-01
1.612084945529039179e-02,-2.476821744896575139e-01,-2.476816488287741369e-01,9.999976471555748203e-01,-2.476809480601401270e-01,1.999997647153190838e+00,-2.476795900301684561e-01,2.477358529492134642e-01,6.271134757636567876e-06,1.000008760161134269e+00,1.000209516474827254e+00,9.999988235765954192e-01
1.613233280685778814e-02,-2.476821879831276052e-01,-2.476796143663023142e-01,9.999904318483304744e-01,-2.476711842916785034e-01,1.999990431838635230e+00,-2.476690332931592853e-01,2.477298438260623625e-01,1.326414290727146780e-05,1.000013877611281909e+00,1.000214070135078348e+00,9.999952159193176149e-01
1.615006538527354041e-02,-2.476822088197292160e-01,-2.476879107770293686e-01,9.999960918185167857e-01,-2.476795041507471318e-01,1.999996091814556731e+00,-2.476821717323330341e-01,2.477389967049570818e-01,6.915579148329946937e-06,1.000005571492464940e+00,1.000204863180782056e+00,9.999980459072782546e-01
1.616287264367360921e-02,-2.476822238688518307e-01,-2.476864190532382104e-01,9.999999424811134574e-01,-2.476806740111575367e-01,1.999999942481055282e+00,-2.476786578046415166e-01,2.477383196808737864e-01,5.115290167799643549e-06,1.000000698017592393e+00,1.000201342539479121e+00,9.999999712405276409e-01
1.617229479611726611e-02,-2.476822349403169365e-01,-2.476734996392367105e-01,9.999930739945170899e-01,-2.476562191351298070e-01,1.999993073987499148e+00,-2.476556936915655927e-01,2.477296321133637957e-01,1.085829853160901811e-05,1.000008547928072922e+00,1.000208582631833210e+00,9.999965369937495741e-01
1.618163436362700033e-02,-2.476822459147413891e-01,-2.476786178314958897e-01,9.999894666174442559e-01,-2.476706082714951462e-01,1.999989466606770794e+00,-2.476717001276327046e-01,2.477282974158349638e-01,7.170987750564933140e-06,1.000004833786357628e+00,1.000204124398220262e+00,9.999947333033853969e-01
1.619077008879815996e-02,-2.476822566496413025e-01,-2.476792308238627283e-01,9.999970160899995797e-01,-2.476778732389663118e-01,1.999997016086975776e+00,-2.476792669360871058e-01,2.477293680833819456e-01,3.457327221803544880e-06,9.999977605343377540e-01,1.000197274963684491e+00,9.999985080434879992e-01
1.620071628343370054e-02,-2.476822683368808675e-01,-2.476891076640891642e-01,1.000000485012100926e+00,-2.476943278999612086e-01,2.000000485012592311e+00,-2.476956470083614970e-01,2.477385762046988293e-01,-3.734429146614167326e-06,9.999968498040745501e-01,1.000196937659635354e+00,1.000000242506296155e+00
1.621132570723163996e-02,-2.476822808034448709e-01,-2.476762700538531758e-01,9.999977534177066918e-01,-2.476758113311968990e-01,1.999997753415430068e+00,-2.476750465361943487e-01,2.477318433849931278e-01,-5.401302826008588854e-07,9.999985025866724442e-01,1.000198522248650024e+00,9.999988767077150342e-01
1.622076899774830064e-02,-2.476822918997492462e-01,-2.476882820217172487e-01,9.999928662967527693e-01,-2.476813617546142487e-01,1.999992866289524329e+00,-2.476817354470204069e-01,2.477382116697149639e-01,1.035336614922502507e-05,1.000000393799579612e+00,1.000200905207307756e+00,9.999964331447622756e-01
1.623000072847684966e-02,-2.476823027474601424e-01,-2.476847441198576916e-01,9.999950014310660107e-01,-2.476859911899081668e-01,1.999995001426001284e+00,-2.476871963068100202e-01,2.477356257547698726e-01,-1.407279782694411787e-06,9.999996909912614029e-01,1.000199259553186781e+00,9.999975007130005311e-01
1.623561615974851088e-02,-2.476823093458517255e-01,-2.476890359024691290e-01,9.999963252216961251e-01,-2.476937403182646880e-01,1.999996325217972659e+00,-2.476954089559312011e-01,2.477396004858096745e-01,-3.122873331702061694e-06,9.999973786266356246e-01,1.000197257231675962e+00,9.999981626089862186e-01
1.624965032805091025e-02,-2.476823258366517566e-01,-2.476889221046208456e-01,9.999909517889016275e-01,-2.476923832714123530e-01,1.999990951779733184e+00,-2.476919295786755570e-01,2.477405689269945588e-01,7.800135488971191098e-06,1.000005836017067606e+00,1.000206638826228067e+00,9.999954758898667029e-01
1.625900218486158941e-02,-2.476823368255163804e-01,-2.476855504047540124e-01,9.999881417588680765e-01,-2.476765797478058528e-01,1.999988141746852355e+00,-2.476741572950693082e-01,2.477359388338263302e-01,8.585546608333635146e-06,1.000006403539492883e+00,1.000206404679959915e+00,9.999940708734261774e-01
1.627075551010622248e-02,-2.476823506362185456e-01,-2.476849834193915190e-01,9.999869661721622061e-01,-2.476851688791895656e-01,1.999986966158955326e+00,-2.476860855780275428e-01,2.477352297502272982e-01,5.136871582765326813e-06,1.000005830989204370e+00,1.000205810407471141e+00,9.999934830794776630e-01
1.628173479526109219e-02,-2.476823635373862631e-01,-2.476967065157257564e-01,9.999909818131015316e-01,-2.476910601744464202e-01,1.999990981803963397e+00,-2.476918000819812449e-01,2.477462504429083778e-01,5.310159046816276637e-06,1.000009533807704409e+00,1.000209284245256569e+00,9.999954909019816984e-01
1.629611547781501663e-02,-2.476823804353559810e-01,-2.476859029146436519e-01,9.999888821266174066e-01,-2.476857508683685816e-01,1.999988882115351752e+00,-2.476855183165399266e-01,2.477358613401972331e-01,5.916046073862178248e-06,1.000007795272365829e+00,1.000208212748631809e+00,9.999944410576759868e-01
1.630447293778706022e-02,-2.476823902557585555e-01,-2.476857860608714934e-01,9.999846292248563140e-01,-2.476805450640025552e-01,1.999984629209281328e+00,-2.476790776409951989e-01,2.477361084257897195e-01,1.090585804764640474e-05,1.000011544967942756e+00,1.000211926026135290e+00,9.999923146046406641e-01
1.631353104086519235e-02,-2.476824008994495396e-01,-2.476810201522942068e-01,9.999892496845669276e-01,-2.476730673586716724e-01,1.999989249673673752e+00,-2.476720753297615429e-01,2.477321221809371532e-01,9.293476325071933880e-06,1.000007513674690207e+00,1.000205558675630213e+00,9.999946248368369872e-01
1.632330332268033118e-02,-2.476824123823334056e-01,-2.476809880882673565e-01,9.999910370590315845e-01,-2.476690645445261962e-01,1.999991037049949627e+00,-2.476693386538723896e-01,2.477313491607626428e-01,6.445181752694260830e-06,9.999964430923476977e-01,1.000197729175615002e+00,9.999955185249747025e-01
1.633549830914584125e-02,-2.476824267120062706e-01,-2.476852126913621499e-01,9.999950788845927141e-01,-2.476784538676275460e-01,1.999995078879606147e+00,-2.476788932089812878e-01,2.477354467355702139e-01,6.092684082911198007e-06,1.000000310374082435e+00,1.000198821278185379e+00,9.999975394398030737e-01
1.634940751980143436e-02,-2.476824430559734225e-01,-2.476767855559392217e-01,9.999941022945381119e-01,-2.476751156290251110e-01,1.999994102288562114e+00,-2.476742180415487660e-01,2.477289524329579218e-01,2.157188040762743103e-06,9.999979940724670335e-01,1.000198781761998612e+00,9.999970511442810572e-01
1.635338894041333049e-02,-2.476824477343259889e-01,-2.476775873145412865e-01,9.999926737336273241e-01,-2.476765335872510576e-01,1.999992673726203707e+00,-2.476779012938097879e-01,2.477278281885317845e-01,2.695153288935136238e-06,9.999996098879565531e-01,1.000199804122307023e+00,9.999963368631018534e-01
1.636335378741010649e-02,-2.476824594434822724e-01,-2.476843163573992368e-01,9.999945149766710228e-01,-2.476880027423215003e-01,1.999994514971113357e+00,-2.476868988227751422e-01,2.477343148455725674e-01,2.703807531621291632e-06,1.000000918624232682e+00,1.000201366941866343e+00,9.999972574855565677e-01
1.637124636308958173e-02,-2.476824601223448219e-01,-2.476872520170876613e-01,9.999981667680919450e-01,-2.476790608002249761e-01,1.999998166766234542e+00,-2.476790432494615224e-01,2.477367201870001312e-01,4.927589263841078055e-06,1.000004125031808133e+00,1.000203830592298671e+00,9.999990833831171599e-01
1.638435766423403800e-02,-2.476824041635212470e-01,-2.476786824461927328e-01,9.999947635818980940e-01,-2.476745532155848750e-01,1.999994763576592227e+00,-2.476732677907411417e-01,2.477307153789097549e-01,4.378001476615388185e-06,9.999986675282902526e-01,1.000198800185978953e+00,9.999973817882961136e-01
1.639248148586090054e-02,-2.476823824852091849e-01,-2.476764046215184922e-01,9.999918633376805310e-01,-2.476664743313519434e-01,1.999991863329435793e+00,-2.476664172841823996e-01,2.477265126319318778e-01,6.534020912841334195e-06,1.000000848399283493e+00,1.000201801720556949e+00,9.999959316647178964e-01
1.640186900769323095e-02,-2.476823653289567106e-01,-2.476823061106044610e-01,9.999947518275543734e-01,-2.476699032333155581e-01,1.999994751822236516e+00,-2.476705193597112109e-01,2.477322645751454111e-01,1.135921190940906135e-05,1.000008118437330618e+00,1.000207441260583252e+00,9.999973759111182581e-01
1.641344103589954112e-02,-2.476823518618165576e-01,-2.476856991546168563e-01,9.999994707915725867e-01,-2.476785765357707170e-01,1.999999470791036238e+00,-2.476788429910166955e-01,2.477352162225308352e-01,3.409861273151621201e-06,9.999972685597806610e-01,1.000196886290602327e+00,9.999997353955181190e-01
1.642243938315408186e-02,-2.476823451852825653e-01,-2.476857973073515462e-01,9.999968704548036769e-01,-2.476797422689674399e-01,1.999996870451632658e+00,-2.476804712998263436e-01,2.477355291716995811e-01,3.206144169263350296e-06,9.999958684041528878e-01,1.000196156978039097e+00,9.999984352258163289e-01
1.643121079399433720e-02,-2.476823407572076030e-01,-2.476878465993933021e-01,9.999931938255283148e-01,-2.476843013775229529e-01,1.999993193818631720e+00,-2.476841970856147879e-01,2.477378386508603259e-01,1.283998905018344677e-05,1.000000221391611932e+00,1.000201072319480300e+00,9.999965969093158602e-01
1.644009005886497982e-02,-2.476823376957398293e-01,-2.476926703908101102e-01,9.999917010682090046e-01,-2.476926357830929459e-01,1.999991701059799842e+00,-2.476940264629395039e-01,2.477426094468296036e-01,7.236861397182581715e-07,1.000003877627449134e+00,1.000204047821465769e+00,9.999958505298999212e-01
1.644366732905281486e-02,-2.476823367577152268e-01,-2.476898206288349336e-01,9.999913985470366695e-01,-2.476933400614145242e-01,1.999991398538321086e+00,-2.476922296842433979e-01,2.477408677324274833e-01,2.116057702982135588e-06,1.000004175381962623e+00,1.000204498877754089e+00,9.999956992691605429e-01
1.645281568993613511e-02,-2.476823349229613780e-01,-2.476811489084928819e-01,9.999896023313099569e-01,-2.476788789013265324e-01,1.999989602320773940e+00,-2.476777333051071450e-01,2.477346320165689508e-01,1.038723875105045681e-05,1.000008521032363928e+00,1.000208983849843358e+00,9.999948011603870812e-01
1.646678295527747096e-02,-2.476823331999239985e-01,-2.476792911703453171e-01,9.999886270489410922e-01,-2.476731269904432764e-01,1.999988627037417199e+00,-2.476733850525311975e-01,2.477302787364661918e-01,1.319588064536748623e-05,1.000004340446372098e+00,1.000202923003244981e+00,9.999943135187085996e-01
1.647365952000193201e-02,-2.476823326606170106e-01,-2.476777916769727361e-01,9.999930934346131783e-01,-2.476747736118146137e-01,1.999993093427615110e+00,-2.476751534497759200e-01,2.477276076229330826e-01,7.771043368174237632e-06,9.999999462039944609e-01,1.000200488879592564e+00,9.999965467138074438e-01
1.648120883986760668e-02,-2.476823322225644164e-01,-2.476800103719975499e-01,9.999953869141425811e-01,-2.476776121770679906e-01,1.999995386909468209e+00,-2.476781461917120508e-01,2.477297921594085461e-01,-5.165822181192834509e-07,1.000004333501086418e+00,1.000204432610537708e+00,9.999976934547341045e-01
1.649030310405380853e-02,-2.476823318475299407e-01,-2.476820202129298154e-01,9.999976458333473817e-01,-2.476755811357189418e-01,1.999997645830962067e+00,-2.476751148286041870e-01,2.477315809408751623e-01,7.603308074576347445e-06,1.000006906336406542e+00,1.000207152025752722e+00,9.999988229154810337e-01
1.650024600661548560e-02,-2.476823315677933735e-01,-2.476773329927340894e-01,9.999982678962425764e-01,-2.476678325626913701e-01,1.999998267894487647e+00,-2.476671069122045321e-01,2.477285299572928035e-01,9.161683930002503652e-06,1.000004833190238918e+00,1.000204669242930056e+00,9.999991339472438234e-01
1.651074654436190947e-02,-2.476823313688835959e-01,-2.476909892910109656e-01,9.999964008171969843e-01,-2.476879082047397929e-01,1.999996400813550013e+00,-2.476891401438897355e-01,2.477409035422823425e-01,7.934401613263054160e-06,1.000002439497740037e+00,1.000201831560736832e+00,9.999982004067750063e-01
1.652097919589124581e-02,-2.476823312362366192e-01,-2.476856509847601417e-01,9.999972648762117666e-01,-2.476732131259704317e-01,1.999997264873440317e+00,-2.476713759891755740e-01,2.477371923834788547e-01,1.435594543269138271e-05,9.999961770641870862e-01,1.000196470388322600e+00,9.999986324367201584e-01
1.653097200367487432e-02,-2.476823311440055908e-01,-2.476825582733574171e-01,9.999918067711470737e-01,-2.476547571474984333e-01,1.999991806762845048e+00,-2.476539813743030005e-01,2.477329446145794534e-01,2.187423462917862556e-05,1.000005499504605933e+00,1.000206387501160199e+00,9.999959033814224130e-01
1.654027256633601797e-02,-2.476823310797216515e-01,-2.476757793195023261e-01,9.999896352193672344e-01,-2.476670953676436970e-01,1.999989635208864858e+00,-2.476691892626179392e-01,2.477284363497314346e-01,6.529088603094842427e-06,1.000005082160745129e+00,1.000204430618481855e+00,9.999948176044324288e-01
1.654578298153744700e-02,-2.476823310484398688e-01,-2.476807683007011818e-01,9.999915375442339771e-01,-2.476774269613104817e-01,1.999991537535658948e+00,-2.476792425649931295e-01,2.477314691130712565e-01,4.959998139348419456e-06,1.000001819240911916e+00,1.000201388015664383e+00,9.999957687678294738e-01
1.656000465073561093e-02,-2.476823309831795994e-01,-2.476848718782899694e-01,9.999977801200277128e-01,-2.476871078425374739e-01,1.999997780117778401e+00,-2.476869106815347554e-01,2.477347679167460071e-01,7.414464441493518649e-06,1.000000039627882309e+00,1.000200118351447509e+00,9.999988900588892005e-01
1.656474964487004986e-02,-2.476823309648838178e-01,-2.476825116776219804e-01,9.999981410451834751e-01,-2.476881002823427269e-01,1.999998141043299871e+00,-2.476884832476771436e-01,2.477334828727324190e-01,4.023955698498958257e-06,9.999993520927720203e-01,1.000199078597648228e+00,9.999990705216498244e-01
1.657198936995519720e-02,-2.476823309392428007e-01,-2.476797154124502631e-01,9.999944758770643594e-01,-2.476866150433626734e-01,1.999994475871466726e+00,-2.476849587617937776e-01,2.477300174538768218e-01,2.548240206270492308e-06,9.999986022231357463e-01,1.000198792843712825e+00,9.999972379357333629e-01
1.658100463317884951e-02,-2.476823309101560122e-01,-2.476847414566323846e-01,9.999924534296955603e-01,-2.476720769854469928e-01,1.999992453422048566e+00,-2.476723444473043489e-01,2.477343858432391188e-01,9.921137431169302950e-06,1.000001501363342982e+00,1.000201927982136141e+00,9.999962267110242831e-01
1.659150699833980905e-02,-2.476823308789818656e-01,-2.476831475259332338e-01,9.999955655383044872e-01,-2.476878429243016821e-01,1.999995565533811082e+00,-2.476877686320676231e-01,2.477329342937809598e-01,-1.074748504974312550e-07,1.000002353544742206e+00,1.000202130694392233e+00,9.999977827669055408e-01
1.660167496684526039e-02,-2.476823308506106436e-01,-2.476814742045565787e-01,9.999944289157421951e-01,-2.476795551128270767e-01,1.999994428910097266e+00,-2.476787585767371569e-01,2.477312941909767807e-01,-4.642120763972061814e-06,9.999998998975081488e-01,1.000198873386688003e+00,9.999972144550485220e-01
1.661048938265938593e-02,-2.476823308269544555e-01,-2.476789922255779874e-01,9.999935381958786618e-01,-2.476687770072039940e-01,1.999993538189331233e+00,-2.476679616136432949e-01,2.477291897474467042e-01,5.772188251261415783e-06,9.999913435806530027e-01,1.000191259957212253e+00,9.999967690946656163e-01
1.661878434048531458e-02,-2.476823308052254202e-01,-2.476819687374937073e-01,9.999946294448787132e-01,-2.476817134962174261e-01,1.999994629439436844e+00,-2.476838814689099333e-01,2.477319158487465700e-01,-2.923867475482081538e-06,9.999959059423662033e-01,1.000196428954567285e+00,9.999973147197184220e-01
1.662199069466834683e-02,-2.476823307969298893e-01,-2.476826625524738978e-01,9.999952085947557689e-01,-2.476854850385953599e-01,1.999995208589900653e+00,-2.476846083547120658e-01,2.477321324280316039e-01,-3.871022141221551242e-06,9.999968989119498719e-01,1.000197149895258875e+00,9.999976042949503263e-01
1.663050642328886206e-02,-2.476823307751048753e-01,-2.476815512386434659e-01,9.999968611781197003e-01,-2.476674473745588967e-01,1.999996861174939022e+00,-2.476662919422558951e-01,2.477311722899905588e-01,7.924531311754726552e-06,1.000001669121865833e+00,1.000202024389830635e+00,9.999984305874695112e-01
1.663507864256448185e-02,-2.476823307634836713e-01,-2.476817495371831102e-01,9.999969944788890119e-01,-2.476766566144621429e-01,1.999996994475843559e+00,-2.476799053382779670e-01,2.477313557589077286e-01,1.484204056021119508e-06,9.999980963549225388e-01,1.000196829092496298e+00,9.999984972379217796e-01
1.664129099522725780e-02,-2.476823307477803993e-01,-2.476822870843716773e-01,9.999959699878233632e-01,-2.476950985080990930e-01,1.999995969983739741e+00,-2.476956563137581169e-01,2.477320185672916841e-01,-6.812833602834348566e-06,9.999912695554158404e-01,1.000191527811483461e+00,9.999979849918698704e-01
1.665002199880012690e-02,-2.476823307258312623e-01,-2.476843524524155737e-01,9.999952617261442800e-01,-2.476813547735635668e-01,1.999995261721343009e+00,-2.476794861615417842e-01,2.477341073587408238e-01,7.425061570940765191e-06,1.000003650222479834e+00,1.000205208459548079e+00,9.999976308606715047e-01
1.665462769766000439e-02,-2.476823307142958230e-01,-2.476814684035065495e-01,9.999953640227848828e-01,-2.476751922690789143e-01,1.999995364018087418e+00,-2.476741851375101611e-01,2.477326508314251219e-01,7.558908364826466156e-06,1.000004458793850803e+00,1.000204063707581081e+00,9.999976820090437091e-01
1.667001062209658158e-02,-2.476823306759172172e-01,-2.476950693364516620e-01,9.999942031857481650e-01,-2.476979923876127532e-01,1.999994203179874308e+00,-2.477015838165986805e-01,2.477466889234495595e-01,4.485420469221803095e-07,9.999873418491833643e-01,1.000185762207415729e+00,9.999971015899372651e-01
1.667519824278349688e-02,-2.476823306630087096e-01,-2.476925548526916210e-01,9.999949206976008753e-01,-2.476950641728060676e-01,1.999994920692454103e+00,-2.476927070774253559e-01,2.477435410453988629e-01,3.442254172604427725e-06,9.999963203012042223e-01,1.000198911913868116e+00,9.999974603462270517e-01
1.668240987186626889e-02,-2.476823306450843531e-01,-2.476857213690949189e-01,9.999962661127853591e-01,-2.476801013812978403e-01,1.999996266109001830e+00,-2.476794624195282346e-01,2.477394377168210815e-01,6.757651593241526111e-06,1.000009548400849546e+00,1.000208756536693722e+00,9.999981330545009151e-01
1.669150158328685379e-02,-2.476823306225104382e-01,-2.476825857805670938e-01,9.999887053851271856e-01,-2.476736111275691099e-01,1.999988705373682674e+00,-2.476727633806048157e-01,2.477327694441906203e-01,1.066258543245622622e-05,1.000002426259809063e+00,1.000202818339656741e+00,9.999943526868413368e-01
1.670172740358379787e-02,-2.476823305971419253e-01,-2.476866649570418633e-01,9.999879295793356881e-01,-2.476724074451378266e-01,1.999987929567104805e+00,-2.476725334408037271e-01,2.477364787532273238e-01,1.537003137285673242e-05,1.000006857928032566e+00,1.000206651639971245e+00,9.999939647835524026e-01
1.671224951518913635e-02,-2.476823305710545986e-01,-2.476883282471160075e-01,9.999929886843058613e-01,-2.476753979993187582e-01,1.999992988677201433e+00,-2.476762564469429662e-01,2.477379433938211584e-01,8.686345201793002534e-06,1.000002337280583076e+00,1.000201620350063880e+00,9.999964943386007166e-01
1.672193771173120791e-02,-2.476823305470424175e-01,-2.476844435349536688e-01,9.999919133675149174e-01,-2.476808594567281030e-01,1.999991913359320694e+00,-2.476806870428209517e-01,2.477350227881832956e-01,3.683963701558038163e-06,9.999971606566713245e-01,1.000197736935123594e+00,9.999959566796604582e-01
1.673163812241493589e-02,-2.476823305230057559e-01,-2.476833285480253555e-01,9.999896659369388319e-01,-2.476771127589819099e-01,1.999989665926467763e+00,-2.476777226112309993e-01,2.477332291433296807e-01,8.510928829242546593e-06,1.000004865915111285e+00,1.000204753920657108e+00,9.999948329632336597e-01
1.674222924556999226e-02,-2.476823304967663286e-01,-2.476875624268369824e-01,9.999914037022372693e-01,-2.476901341898845033e-01,1.999991403693526903e+00,-2.476893792659092264e-01,2.477370259887543280e-01,3.491058024590222834e-06,9.999983462101955656e-01,1.000197461284248579e+00,9.999957018467634517e-01
1.676038421690930966e-02,-2.476823304517944968e-01,-2.476784064190487022e-01,9.999916482666072470e-01,-2.476706329591308042e-01,1.999991648258144794e+00,-2.476698517294930735e-01,2.477316567206354347e-01,5.458387381926277093e-06,9.999947489416473045e-01,1.000195365217648513e+00,9.999958241290722860e-01
1.677002120999999957e-02,-2.476819656921608326e-01,-2.476855707381004357e-01,9.999907888214255580e-01,-2.476787433541571826e-01,1.999990788812092024e+00,-2.476800408705611412e-01,2.477355802892388104e-01,1.026569404421054679e-05,1.000003969798687997e+00,1.000204862298063935e+00,9.999953944060460120e-01
1.677396185533213194e-02,-2.476772337743866348e-01,-2.476799550718667975e-01,9.999919522749394218e-01,-2.476717172828596658e-01,1.999991952266784834e+00,-2.476700243619199271e-01,2.477319577312652454e-01,9.486064533367872016e-06,1.000004612254882241e+00,1.000204458567397481e+00,9.999959761333923058e-01
1.678937365874745222e-02,-2.476772518839734927e-01,-2.476789644801558887e-01,9.999956680608086401e-01,-2.476752010519338576e-01,1.999995668056419262e+00,-2.476765920540671129e-01,2.477287973677546051e-01,1.974015232284758348e-06,1.000008836763815800e+00,1.000209676595728236e+00,9.999978340282096312e-01
1.680619849633115462e-02,-2.476772716539410168e-01,-2.476811306197967133e-01,9.999991356038591128e-01,-2.476854376572306671e-01,1.999999135602983369e+00,-2.476856783310642796e-01,2.477307897855254293e-01,-5.030671190868741406e-06,9.999922394995629515e-01,1.000191719925980660e+00,9.999995678014915734e-01
1.681471365426290276e-02,-2.476772816596465865e-01,-2.476825899704666600e-01,9.999981311378278725e-01,-2.476841116704844581e-01,1.999998131135934054e+00,-2.476833936918598766e-01,2.477323592502202465e-01,-1.884457553049005083e-06,9.999943939709946550e-01,1.000195663539819924e+00,9.999990655679670271e-01
1.682492157959077084e-02,-2.476772936544324455e-01,-2.476876873796673151e-01,9.999967015602174714e-01,-2.476806717539105362e-01,1.999996701556875145e+00,-2.476813067713914129e-01,2.477381442213326679e-01,5.115142900663068119e-06,1.000001772337076211e+00,1.000201497890732316e+00,9.999983507784375725e-01
1.684113362544949546e-02,-2.476773127043402634e-01,-2.476803303223789610e-01,9.999935352638230635e-01,-2.476725418646578136e-01,1.999993535257272637e+00,-2.476712412778287187e-01,2.477361840430448436e-01,9.595902764212829912e-06,1.000004098109789963e+00,1.000204108936673997e+00,9.999967676286362073e-01
1.685194977080064702e-02,-2.476773254138132652e-01,-2.476699049681744258e-01,9.999884236826828143e-01,-2.476608410848392949e-01,1.999988423670952642e+00,-2.476609060006068896e-01,2.477233184372816810e-01,1.148756635276048465e-05,1.000002930804320567e+00,1.000203451034118007e+00,9.999942118354763210e-01
1.686108851782376974e-02,-2.476773361522668360e-01,-2.476811161040618214e-01,9.999926561171657013e-01,-2.476762050048134933e-01,1.999992656109724321e+00,-2.476776575834927219e-01,2.477305830482209315e-01,8.320922547322234601e-07,1.000004672884833079e+00,1.000203973658439383e+00,9.999963280548621603e-01
1.687016315846680617e-02,-2.476773468153913305e-01,-2.476728531863393035e-01,1.000002004377757103e+00,-2.476679654971836175e-01,2.000002004379788367e+00,-2.476666341252390380e-01,2.477262674668780362e-01,2.151794521953955414e-06,9.999993588556640445e-01,1.000199118629043094e+00,1.000001002189893962e+00
1.688001358148900205e-02,-2.476773583900957199e-01,-2.476754428486382942e-01,1.000001599188499180e+00,-2.476710861318727197e-01,2.000001599190119883e+00,-2.476711775081643641e-01,2.477253487014501598e-01,7.383455908328064596e-06,1.000009798572635944e+00,1.000211254334407718e+00,1.000000799595059942e+00
1.688846544323500606e-02,-2.476773683214259503e-01,-2.476724193506864291e-01,1.000000421225725633e+00,-2.476737251837161091e-01,2.000000421226152625e+00,-2.476745509665313483e-01,2.477231964568351041e-01,2.515092355591487948e-06,1.000005029440836690e+00,1.000203899177298128e+00,1.000000210613076090e+00
1.690006119951203978e-02,-2.476773819469783589e-01,-2.476754082376904642e-01,1.000002936462457859e+00,-2.476751406031066638e-01,2.000002936465433034e+00,-2.476749721585660147e-01,2.477253472334586537e-01,-5.436163990237079191e-06,9.999976657652270839e-01,1.000197401565574795e+00,1.000001468232716739e+00
1.691626541354665156e-02,-2.476774009876827332e-01,-2.476766507209040291e-01,1.000004069030072440e+00,-2.476852348559347439e-01,2.000004069034195808e+00,-2.476852583093727134e-01,2.477272345298175971e-01,-1.006460237170187308e-05,1.000001252424849385e+00,1.000200285077530005e+00,1.000002034517097904e+00
1.692551439419368031e-02,-2.476774118556638871e-01,-2.476792034150030464e-01,1.000003224842685334e+00,-2.476850906346888259e-01,2.000003224845952943e+00,-2.476847060944165624e-01,2.477294038439988300e-01,-4.527608153127046365e-06,1.000002728540491992e+00,1.000204067701923050e+00,1.000001612422976471e+00
1.693185375883265661e-02,-2.476774193047121264e-01,-2.476766282226460503e-01,1.000003618987158394e+00,-2.476829378858410591e-01,2.000003618990825682e+00,-2.476831143752710185e-01,2.477271305456124895e-01,-9.085814883695174333e-07,1.000008982686426906e+00,1.000208396125829902e+00,1.000001809495412619e+00
1.694053400733595838e-02,-2.476774295044074092e-01,-2.476788168603444584e-01,1.000000351123473408e+00,-2.476899342074609378e-01,2.000000351123829123e+00,-2.476907290484197943e-01,2.477286631406506179e-01,-7.383419196243046864e-06,9.999997442302858142e-01,1.000198468900464155e+00,1.000000175561914562e+00
1.694911899786561912e-02,-2.476774395921692018e-01,-2.476819715011348844e-01,9.999986913485433560e-01,-2.476886477928118280e-01,1.999998691347217417e+00,-2.476885073814604210e-01,2.477318828587398714e-01,2.319172178494380355e-06,9.999908612670938002e-01,1.000189793661002691e+00,9.999993456736087083e-01
1.695206119754801011e-02,-2.476774430493911827e-01,-2.476826349060449461e-01,9.999991151505547293e-01,-2.476878207996817682e-01,1.999999115149658113e+00,-2.476877592219129121e-01,2.477322233904027116e-01,1.846689127459537275e-06,9.999898730264193958e-01,1.000190156581616696e+00,9.999995575748290566e-01
1.696055806782193962e-02,-2.476774530336084412e-01,-2.476826758980314735e-01,9.999990428502786299e-01,-2.476915605461783298e-01,1.999999042849308628e+00,-2.476923090481245038e-01,2.477321761201403960e-01,-1.136026195613123161e-05,9.999914363397622852e-01,1.000191925522290859e+00,9.999995214246544251e-01
1.696907958792577206e-02,-2.476774630467905303e-01,-2.476798045274237470e-01,9.999967395066872156e-01,-2.476856434561054143e-01,1.999996739503383303e+00,-2.476844817178004976e-01,2.477303072666168227e-01,-2.306696117911525267e-06,1.000005503627378278e+00,1.000207433664741963e+00,9.999983697516917625e-01
1.698084609650782340e-02,-2.476774768729854970e-01,-2.476874904813255174e-01,9.999948861075594886e-01,-2.476784570387928208e-01,1.999994886102377523e+00,-2.476778487817336560e-01,2.477369586988752981e-01,9.807901771197547893e-06,1.000000770541447981e+00,1.000200911084724087e+00,9.999974430511888723e-01
1.699075030557157390e-02,-2.476774885108905810e-01,-2.476760849905570716e-01,9.999960288877213221e-01,-2.476651510710959070e-01,1.999996028883697541e+00,-2.476647249959379460e-01,2.477314450095432774e-01,7.438821041874515169e-06,1.000006464497706249e+00,1.000207079606969751e+00,9.999980144418487704e-01
1.700054845323180699e-02,-2.476775000241695224e-01,-2.476807510049003902e-01,9.999935724461738173e-01,-2.476802052769621898e-01,1.999993572439660916e+00,-2.476811490113987879e-01,2.477304936663853596e-01,2.195480850179279370e-06,1.000012058108778357e+00,1.000211964256179531e+00,9.999967862198304580e-01
1.701005899270780983e-02,-2.476775111994951317e-01,-2.476784009962336996e-01,9.999959565373556236e-01,-2.476729182942955798e-01,1.999995956533258568e+00,-2.476723278884514490e-01,2.477286442817064060e-01,1.868460145009416399e-06,1.000003236375597737e+00,1.000202078558348529e+00,9.999979782666292838e-01
1.702009035428134892e-02,-2.476775229868108386e-01,-2.476865771963217555e-01,9.999983329215269556e-01,-2.476902270896479408e-01,1.999998332919837862e+00,-2.476919656470310815e-01,2.477368946957665963e-01,-3.657736044039962199e-06,9.999974376802742704e-01,1.000197066593119910e+00,9.999991664599189312e-01
1.702739041973858752e-02,-2.476775315647261055e-01,-2.476821935447821588e-01,9.999976133958362601e-01,-2.476818443473884912e-01,1.999997613393418083e+00,-2.476798328029705676e-01,2.477340132713893028e-01,4.616079437720765318e-06,9.999979556386591195e-01,1.000198176983019271e+00,9.999988066967089306e-01
1.703263506452862980e-02,-2.476775377274270384e-01,-2.476777576737171083e-01,9.999972500740318404e-01,-2.476717235293484365e-01,1.999997250071245292e+00,-2.476702830423090362e-01,2.477310196264667363e-01,8.005780465314323171e-06,1.000000919239558472e+00,1.000201948738929314e+00,9.999986250356226458e-01
1.704112074098042273e-02,-2.476775476984919289e-01,-2.476708952944362552e-01,9.999940219389685803e-01,-2.476613857740291025e-01,1.999994021932911092e+00,-2.476611664194812990e-01,2.477240571365998678e-01,5.762341857747387549e-06,1.000008852129687265e+00,1.000208783421557612e+00,9.999970109664555462e-01
1.705049269369628140e-02,-2.476775587109707466e-01,-2.476781439815290975e-01,9.999952131937737132e-01,-2.476692690891173498e-01,1.999995213188923371e+00,-2.476703326047088594e-01,2.477283631021494625e-01,1.034237365955906432e-05,1.000004663724090248e+00,1.000204379052909154e+00,9.999976065944616854e-01
1.706000071828922895e-02,-2.476775698833409978e-01,-2.476825762241896267e-01,1.000001908175445653e+00,-2.476826652794068828e-01,2.000001908177378773e+00,-2.476841825217636073e-01,2.477325526893185137e-01,-2.961800400515927696e-06,1.000002162017312290e+00,1.000201854188977890e+00,1.000000954088689609e+00
1.706585776922364683e-02,-2.476775767656470562e-01,-2.476804369865623079e-01,1.000003312329156735e+00,-2.476873633357177251e-01,2.000003312332513161e+00,-2.476873223723344286e-01,2.477309738139033268e-01,-3.128642524218676894e-06,1.000002356835334449e+00,1.000202719112745386e+00,1.000001656166256581e+00
1.707947905784289525e-02,-2.476775927712940306e-01,-2.476770652480318469e-01,9.999971475010555055e-01,-2.476723158064717545e-01,1.999997147498165262e+00,-2.476709369588507292e-01,2.477265922986188751e-01,5.161410625708165433e-06,1.000004299784034156e+00,1.000204155456729360e+00,9.999985737490826310e-01
1.709119989863529948e-02,-2.476776065438263674e-01,-2.476861297040915399e-01,9.999975918590798818e-01,-2.476798746989726241e-01,1.999997591856639723e+00,-2.476809614554379146e-01,2.477355976498028245e-01,3.443235317460862599e-06,1.000002188955462223e+00,1.000202240797648967e+00,9.999987959283198613e-01
1.710078713590098415e-02,-2.476776178092766623e-01,-2.476770011442667174e-01,9.999991459223528389e-01,-2.476819343080480518e-01,1.999999145921487420e+00,-2.476815827695899586e-01,2.477308777425235864e-01,-3.247749045663997788e-06,1.000003289560297492e+00,1.000202898784001038e+00,9.999995729607437100e-01
1.711000131700834634e-02,-2.476776286363671642e-01,-2.476796226875002949e-01,9.999954708593511432e-01,-2.476715870454647694e-01,1.999995470854762036e+00,-2.476701656366956106e-01,2.477295131486836333e-01,1.150245534672648660e-05,1.000001561299990183e+00,1.000201541663095828e+00,9.999977354273810182e-01
1.711517058638795802e-02,-2.476776347104982234e-01,-2.476835928529647901e-01,9.999944528582901393e-01,-2.476701682829489104e-01,1.999994452852669413e+00,-2.476708584598137919e-01,2.477339932639799902e-01,1.184988893236215054e-05,1.000005364559764853e+00,1.000205977935705537e+00,9.999972264263345956e-01
1.713049769547145273e-02,-2.476776527205642175e-01,-2.476753166149893159e-01,9.999979138754893082e-01,-2.476778411020562343e-01,1.999997913873375444e+00,-2.476772248240083629e-01,2.477316824359448166e-01,8.455642958479083278e-08,9.999923214681375461e-01,1.000191912283174389e+00,9.999989569366877218e-01
1.714050758762003870e-02,-2.476776644826524099e-01,-2.476794443290611381e-01,9.999933510455397689e-01,-2.476758527707971502e-01,1.999993351038802603e+00,-2.476758762158442206e-01,2.477291547025309570e-01,3.846078491959982586e-06,1.000006085904631359e+00,1.000206825325625992e+00,9.999966755194013013e-01
1.715003379726564789e-02,-2.476776756763915399e-01,-2.476763777064361627e-01,9.999962448253146841e-01,-2.476801935206732475e-01,1.999996244821509839e+00,-2.476811173969486746e-01,2.477269374165255444e-01,-2.771062896265430171e-06,9.999975272988712582e-01,1.000196215198585481e+00,9.999981224107548083e-01
1.715674194119302595e-02,-2.476776835587713443e-01,-2.476745010618093268e-01,9.999993948151282286e-01,-2.476714084260697724e-01,1.999999394814514941e+00,-2.476690091313524522e-01,2.477247046900455107e-01,3.760278720649266333e-07,9.999995388355965575e-01,1.000200375732293034e+00,9.999996974072574707e-01
1.716244359012997905e-02,-2.476776902584722495e-01,-2.476756686250034811e-01,9.999992479469784756e-01,-2.476629011674462699e-01,1.999999247946216530e+00,-2.476635766492200075e-01,2.477265323973087963e-01,4.804494022765396794e-06,1.000002683965034889e+00,1.000202148089883503e+00,9.999996239731081538e-01
1.717355133293794328e-02,-2.476777033105848624e-01,-2.476850201740572743e-01,1.000000656401113464e+00,-2.476830596647901228e-01,2.000000656401778709e+00,-2.476835811893367545e-01,2.477354429378731682e-01,-2.150547977581044555e-06,9.999966840703768955e-01,1.000197144522749992e+00,1.000000328200889355e+00
1.718157192075255371e-02,-2.476777127351484364e-01,-2.476764967682732466e-01,1.000001571946480761e+00,-2.476813447918979894e-01,2.000001571948073487e+00,-2.476803284831649299e-01,2.477307903407900136e-01,-8.711636679068366905e-06,1.000000262458326183e+00,1.000200554770119821e+00,1.000000785974036743e+00
1.719010423857724248e-02,-2.476777227610176269e-01,-2.476777907211888119e-01,9.999964387145603428e-01,-2.476631686348868544e-01,1.999996438710951674e+00,-2.476602238077240392e-01,2.477274829588415050e-01,8.049120133848805596e-06,1.000007450941616582e+00,1.000208552991502353e+00,9.999982193554758370e-01
1.719658245070020477e-02,-2.476777303732169422e-01,-2.476773618970661839e-01,9.999946308106304471e-01,-2.476632201112135001e-01,1.999994630805189910e+00,-2.476638973927083875e-01,2.477269072087118773e-01,8.270372410640678060e-06,1.000010454184676156e+00,1.000210449361537135e+00,9.999973154025949551e-01
1.720238142231406142e-02,-2.476777371872777023e-01,-2.476780488619643450e-01,9.999973152859706893e-01,-2.476702136004871047e-01,1.999997315283250421e+00,-2.476708802818161637e-01,2.477282821378246624e-01,4.433650957126441985e-06,1.000007864535926716e+00,1.000206823243760201e+00,9.999986576416250994e-01
1.721144347301365590e-02,-2.476777478356077533e-01,-2.476845276844726607e-01,9.999996772708722448e-01,-2.476741439633618758e-01,1.999999677270545284e+00,-2.476753503029462122e-01,2.477342796445738127e-01,8.081051153318822100e-06,1.000000546342340924e+00,1.000200341816490868e+00,9.999998386352726421e-01
1.722054264067541390e-02,-2.476777585275520832e-01,-2.476850692439645230e-01,9.999995060359394561e-01,-2.476894213655173038e-01,1.999999506035438968e+00,-2.476910756269661285e-01,2.477346322262092837e-01,-1.114427672986917983e-06,9.999971288402541569e-01,1.000196793276659335e+00,9.999997530177194838e-01
1.723002382020475190e-02,-2.476777696683782060e-01,-2.476851399206690951e-01,9.999961896445797027e-01,-2.476798225704786582e-01,1.999996189640718791e+00,-2.476783493436665873e-01,2.477346811501167090e-01,5.681980309152345246e-06,1.000000322334979153e+00,1.000200879006922783e+00,9.999980948203593956e-01
1.724100556317686994e-02,-2.476777825724361948e-01,-2.476843850220777077e-01,9.999925860967860958e-01,-2.476711327796093098e-01,1.999992586089273550e+00,-2.476706662884587129e-01,2.477340858622484043e-01,1.165285773626266477e-05,1.000002070156087219e+00,1.000202551557863417e+00,9.999962930446368858e-01
1.725074999831039541e-02,-2.476777940225998453e-01,-2.476751860235979208e-01,9.999921494409395040e-01,-2.476705742653104725e-01,1.999992149432984645e+00,-2.476701214918938798e-01,2.477292571442888947e-01,7.284806578560225946e-06,1.000006789588684386e+00,1.000206810566351745e+00,9.999960747164923225e-01
1.726018491215302805e-02,-2.476778051090615107e-01,-2.476739108344112317e-01,9.999927691815619912e-01,-2.476644746610544290e-01,1.999992769174235407e+00,-2.476635636620212744e-01,2.477235467709878458e-01,1.319323299763881563e-05,1.000006778150110076e+00,1.000206854905073772e+00,9.999963845871175927e-01
1.727000000000000063e-02,-2.476778166422439476e-01,-2.476832671557451515e-01,9.999977179277697026e-01,-2.476825507161558582e-01,1.999997717925457108e+00,-2.476855696192899192e-01,2.477338536861574958e-01,2.318547466290725357e-06,1.000004516428452339e+00,1.000204069437577337e+00,9.999988589627286650e-01
1.728046275800641796e-02,-2.476778289364706398e-01,-2.476795733621883489e-01,1.000001999828265431e+00,-2.476927861262308017e-01,2.000001999830291588e+00,-2.476935752670624824e-01,2.477305962863238231e-01,-1.135798708370543548e-05,9.999881186972525704e-01,1.000187393016903847e+00,1.000000999915146016e+00
1.728679146731227148e-02,-2.476778363729969235e-01,-2.476771373531705678e-01,1.000000002828458356e+00,-2.476809587228475107e-01,2.000000002828461465e+00,-2.476782084880422841e-01,2.477277863210290143e-01,7.392546479126501292e-07,9.999970658547293612e-01,1.000199148823625706e+00,1.000000001414230733e+00
1.729295107729722156e-02,-2.476778436108235393e-01,-2.476758954528125445e-01,9.999966157571664738e-01,-2.476656376773789803e-01,1.999996615753737217e+00,-2.476638250226496363e-01,2.477255806370318725e-01,1.300954026594473605e-05,1.000007043050989086e+00,1.000207450596285241e+00,9.999983078768686084e-01
1.730199301735494896e-02,-2.476778542355233259e-01,-2.476773712668225158e-01,9.999967832177594218e-01,-2.476620190042834180e-01,1.999996783214499807e+00,-2.476626631554997571e-01,2.477271580685224406e-01,1.442129857912063732e-05,1.000006418583498258e+00,1.000205429231681986e+00,9.999983916072499035e-01
1.731090142185853428e-02,-2.476778647033110736e-01,-2.476794420526532703e-01,9.999998090622514990e-01,-2.476793539693688262e-01,1.999999809062058098e+00,-2.476816116990203931e-01,2.477289086623920000e-01,-2.619636472591301879e-06,9.999942876713698858e-01,1.000193785532057511e+00,9.999999045310290491e-01
1.732065786055776019e-02,-2.476778761675791363e-01,-2.476734034824554231e-01,1.000000486111563891e+00,-2.476867912933371219e-01,2.000000486112056386e+00,-2.476870202205500582e-01,2.477252368657654469e-01,-1.001252554971276265e-05,9.999982606686198539e-01,1.000198061716296660e+00,1.000000243056028193e+00
1.733097276388638128e-02,-2.476778882880694421e-01,-2.476795887950196118e-01,9.999990612653547606e-01,-2.476787549099161156e-01,1.999999061264403633e+00,-2.476784546596899617e-01,2.477293530592167004e-01,-2.690679736503470559e-06,9.999928506417066210e-01,1.000193749479953764e+00,9.999995306322018163e-01
1.734102965157567622e-02,-2.476779001053807105e-01,-2.476790489051195476e-01,1.000001129632472230e+00,-2.476767603188883005e-01,2.000001129633616870e+00,-2.476766400707763049e-01,2.477287187459391027e-01,2.033668173560140944e-06,1.000008503211096134e+00,1.000208697519748835e+00,1.000000564816808435e+00
1.735008240093355997e-02,-2.476779107427810600e-01,-2.476720738260230481e-01,1.000000328302288022e+00,-2.476801257700404491e-01,2.000000328302620645e+00,-2.476804948221131009e-01,2.477249361062513200e-01,-1.010662391502135833e-05,1.000000210899259390e+00,1.000199166849683241e+00,1.000000164151310322e+00
1.735675932258881268e-02,-2.476779185884729895e-01,-2.476743731924744563e-01,9.999984503549903536e-01,-2.476847371885730897e-01,1.999998450353419832e+00,-2.476857403814432257e-01,2.477244338577737903e-01,-7.885009657119913272e-06,9.999920678932607832e-01,1.000190911279933648e+00,9.999992251767100271e-01
1.736521927432997658e-02,-2.476779285293091437e-01,-2.476747570053252356e-01,9.999996185382133973e-01,-2.476806960108039468e-01,1.999999618537826596e+00,-2.476786298121500807e-01,2.477248226905583717e-01,-2.223636706326517371e-06,9.999890941246309950e-01,1.000189613092337781e+00,9.999998092689134088e-01
1.737170676034983235e-02,-2.476779361524074630e-01,-2.476728520248462073e-01,1.000002487416266517e+00,-2.476699658013504224e-01,2.000002487418786945e+00,-2.476700197269317560e-01,2.477228368743607523e-01,9.509958564827388814e-07,9.999924634609742569e-01,1.000193010816595507e+00,1.000001243709393473e+00
1.738043753921421700e-02,-2.476779464114782225e-01,-2.476778512272803934e-01,1.000002856905500170e+00,-2.476839515706941719e-01,2.000002856908395188e+00,-2.476851390471645487e-01,2.477275214274749782e-01,-7.419225542492742523e-06,9.999955672566502862e-01,1.000195770456796085e+00,1.000001428454197594e+00
1.738941967726039678e-02,-2.476779569659065261e-01,-2.476721959077197721e-01,1.000002830641642193e+00,-2.476659273359110014e-01,2.000002830644510343e+00,-2.476629044796780921e-01,2.477242251030535858e-01,5.958443118889255970e-07,9.999994095693045537e-01,1.000199878308265955e+00,1.000001415322255172e+00
1.739475826723168098e-02,-2.476779632389966845e-01,-2.476760030746693042e-01,1.000002946903524537e+00,-2.476682101086871424e-01,2.000002946906510370e+00,-2.476700859326225745e-01,2.477268344991691296e-01,1.006331144442636025e-06,9.999993451387029220e-01,1.000199044059256304e+00,1.000001473453255185e+00
1.741272587487270943e-02,-2.476779843517709079e-01,-2.476764864888216788e-01,1.000002554329235016e+00,-2.476801973466374596e-01,2.000002554331823390e+00,-2.476801033938644814e-01,2.477280052974041857e-01,-3.437737911523449120e-06,1.000003818673589118e+00,1.000203752410474323e+00,1.000001277165911695e+00
1.742451425728913303e-02,-2.476779982036674821e-01,-2.476786591880901223e-01,9.999972374224314065e-01,-2.476787916065492090e-01,1.999997237419631979e+00,-2.476797730467939496e-01,2.477290319014446851e-01,-9.334809595588761532e-07,1.000002608319211062e+00,1.000202045515405924e+00,9.999986187098159895e-01
1.744001733119363018e-02,-2.476780164205008017e-01,-2.476794370826983782e-01,1.000000360289470480e+00,-2.476802428364388853e-01,2.000000360289835744e+00,-2.476791513113949794e-01,2.477305358222196829e-01,-7.701411213282012618e-07,9.999973263710273397e-01,1.000197359272000819e+00,1.000000180144917872e+00
1.745000156394383231e-02,-2.476780281524381400e-01,-2.476723856833672466e-01,9.999973109904548574e-01,-2.476813474663365211e-01,1.999997310987730037e+00,-2.476814682854489580e-01,2.477250234329785583e-01,-3.074971903180555270e-06,9.999978699422674699e-01,1.000197990276076698e+00,9.999986554938650185e-01
1.745789693974240248e-02,-2.476780374298702958e-01,-2.476790707563416849e-01,9.999959994425834386e-01,-2.476767026312116649e-01,1.999995999438529681e+00,-2.476762408235570756e-01,2.477296803514646151e-01,1.249019838051463172e-06,1.000000514014551811e+00,1.000200815649499697e+00,9.999979997192648407e-01
1.747057620790442786e-02,-2.476780523285997127e-01,-2.476798212526258036e-01,1.000001553161057766e+00,-2.476697395791814527e-01,2.000001553162631396e+00,-2.476693025290328531e-01,2.477299222908291576e-01,4.053984587736026479e-06,1.000002718135903690e+00,1.000202783684982055e+00,1.000000776581315920e+00
1.748089029325956487e-02,-2.476780644481296756e-01,-2.476793367162217763e-01,9.999992253659523156e-01,-2.476748204949433541e-01,1.999999225365167277e+00,-2.476744533930479164e-01,2.477290303537094396e-01,1.000323029862933595e-05,1.000004053144158300e+00,1.000204642500305496e+00,9.999996126825836384e-01
1.749034929348371875e-02,-2.476780755628944231e-01,-2.476819677586650226e-01,9.999968127237383042e-01,-2.476781814144947969e-01,1.999996812720508998e+00,-2.476788957116503598e-01,2.477315205524827646e-01,4.457870751041235693e-06,1.000007051461428542e+00,1.000206904936295160e+00,9.999984063602543882e-01
1.750022202862116724e-02,-2.476780871638158965e-01,-2.476761520862267307e-01,9.999975260369483587e-01,-2.476675121371644250e-01,1.999997526034441586e+00,-2.476658534674258949e-01,2.477279950310704026e-01,5.887767936657359748e-06,1.000003516705284534e+00,1.000203328163517202e+00,9.999987630172207931e-01
1.751143803201970356e-02,-2.476781003431398898e-01,-2.476728708518664279e-01,9.999966445114536473e-01,-2.476627360975864334e-01,1.999996644508053700e+00,-2.476631757227291120e-01,2.477232781548474039e-01,5.606432920326873615e-06,1.000005391933415755e+00,1.000205076528619674e+00,9.999983222540268502e-01
1.752272371598364784e-02,-2.476781136043413600e-01,-2.476822858818142070e-01,1.000000030650909810e+00,-2.476821065753785078e-01,2.000000030650940896e+00,-2.476820278840699552e-01,2.477322017116849462e-01,-8.658553122199629554e-07,9.999989461165355031e-01,1.000198850107370641e+00,1.000000015325470448e+00
1.753250214313585575e-02,-2.476781250944465052e-01,-2.476715090313716117e-01,1.000002611293173249e+00,-2.476699813485204738e-01,2.000002611295819577e+00,-2.476687112528383750e-01,2.477263458901233784e-01,-2.332544848163127704e-06,9.999993285150677869e-01,1.000199325861458988e+00,1.000001305647909566e+00
1.754149078588681729e-02,-2.476781356565191938e-01,-2.476662462126144049e-01,9.999983247289710997e-01,-2.476606092321900765e-01,1.999998324727273458e+00,-2.476607943270865142e-01,2.477178992029697435e-01,-2.883543145398634164e-06,1.000000046791198693e+00,1.000200048804701591e+00,9.999991623636368399e-01
1.755002264322785485e-02,-2.476781456818471783e-01,-2.476727528489605645e-01,9.999999259117071659e-01,-2.476754884850495275e-01,1.999999925911632115e+00,-2.476780947766203389e-01,2.477230773161154254e-01,-1.081487310910888922e-07,9.999991108320447353e-01,1.000198745913241760e+00,9.999999629558160574e-01
1.755665677665715907e-02,-2.476781534772607152e-01,-2.476749689057735071e-01,1.000005258826876853e+00,-2.476811298769351910e-01,2.000005258832205701e+00,-2.476817846143082036e-01,2.477247578373837633e-01,-8.394364349816540397e-06,9.999941864341533870e-01,1.000193275318685959e+00,1.000002629416102851e+00
1.756334504851330899e-02,-2.476781613362888379e-01,-2.476790382700142235e-01,1.000008477522168260e+00,-2.476856220813003218e-01,2.000008477530758277e+00,-2.476861879868358929e-01,2.477297901093639676e-01,-1.228969377704428629e-05,9.999905392578035679e-01,1.000190801291591436e+00,1.000004238765379139e+00
1.757076801703634505e-02,-2.476780511933810158e-01,-2.476876819774514182e-01,1.000006679303141910e+00,-2.476863845494883809e-01,2.000006679309909607e+00,-2.476860480773679374e-01,2.477371502332558206e-01,-3.666690149934884800e-06,9.999948842164051444e-01,1.000195689074467875e+00,1.000003339654955026e+00
1.758012820635000001e-02,-2.476768809932488324e-01,-2.476763213963281141e-01,1.000002159145250813e+00,-2.476767804344784385e-01,2.000002159147438618e+00,-2.476756140850967791e-01,2.477319463031249502e-01,-3.462320045899967478e-06,9.999989815891972000e-01,1.000199225905107125e+00,1.000001079573719309e+00
1.758604900654354292e-02,-2.476763522191301470e-01,-2.476761725234673805e-01,9.999983005721112539e-01,-2.476671357892027137e-01,1.999998300570389409e+00,-2.476652525423252427e-01,2.477261093684477167e-01,6.504713357136887955e-06,1.000000422049516891e+00,1.000200872305779143e+00,9.999991502851947045e-01
1.759250375859109511e-02,-2.476759115011646639e-01,-2.476755310849654002e-01,9.999941778970317108e-01,-2.476563235598926715e-01,1.999994177891132541e+00,-2.476556392069864942e-01,2.477257918142272697e-01,1.586532412485624889e-05,1.000004563619055320e+00,1.000205354578684647e+00,9.999970889455661593e-01
1.760116245688430128e-02,-2.476754847382532654e-01,-2.476674564084090091e-01,9.999970014355832326e-01,-2.476585214362776732e-01,1.999997001432544774e+00,-2.476596888600423596e-01,2.477211084606486258e-01,5.803833020296836927e-06,1.000006544489053129e+00,1.000205864840960190e+00,9.999985007162723871e-01
1.761365065152746545e-02,-2.476750935741553750e-01,-2.476771662137744190e-01,1.000001922637139717e+00,-2.476755553410216470e-01,2.000001922639087937e+00,-2.476759071258821387e-01,2.477268415493730225e-01,2.656953881682656067e-06,1.000000729407879874e+00,1.000200855151485380e+00,1.000000961319543968e+00
1.762326452152275860e-02,-2.476749082498737875e-01,-2.476776286008498251e-01,1.000006289927192205e+00,-2.476807572478006703e-01,2.000006289933565551e+00,-2.476817487497185721e-01,2.477271981669858236e-01,-8.608361124034762059e-07,1.000000227500057237e+00,1.000199764465076635e+00,1.000003144966782997e+00
1.763856618966546178e-02,-2.476747347121169840e-01,-2.476760818841035605e-01,1.000000667329136173e+00,-2.476794130293976104e-01,2.000000667329812298e+00,-2.476787114495808684e-01,2.477256051967297590e-01,-1.973311004454004070e-06,1.000004039487299989e+00,1.000204808764225461e+00,1.000000333664906149e+00
1.765011783726570457e-02,-2.476746621995723763e-01,-2.476831594718305052e-01,1.000000229450637601e+00,-2.476808680603413693e-01,2.000000229450869860e+00,-2.476816875101384430e-01,2.477334164318927834e-01,-7.571655205897565129e-06,1.000000757467383039e+00,1.000200178399825335e+00,1.000000114725435152e+00
1.765525924359457460e-02,-2.476746399336572924e-01,-2.476848604275252441e-01,1.000000707336770045e+00,-2.476845507984697659e-01,2.000000707337486805e+00,-2.476847411192400483e-01,2.477346380022043826e-01,-1.852152810455436011e-06,1.000003172926196671e+00,1.000204089892743786e+00,1.000000353668743402e+00
1.766152338331355293e-02,-2.476746187367301621e-01,-2.476849395287362698e-01,1.000000459873525926e+00,-2.476833390092971765e-01,2.000000459873992220e+00,-2.476817991960596210e-01,2.477349688596186816e-01,5.660771468360417095e-06,1.000008121060385946e+00,1.000207663684068216e+00,1.000000229936996110e+00
1.767014621212466968e-02,-2.476745975624200791e-01,-2.476709563159039673e-01,9.999969175017602296e-01,-2.476692216007972125e-01,1.999996917498636506e+00,-2.476678144747074539e-01,2.477292232159795382e-01,-5.401838748962865603e-06,9.999969749953342424e-01,1.000195844344152762e+00,9.999984587493183641e-01
1.767332579303163009e-02,-2.476745915505832174e-01,-2.476690388845912971e-01,9.999952148368170812e-01,-2.476677999608646041e-01,1.999995214831968404e+00,-2.476674022980729917e-01,2.477248030919307620e-01,-1.976043862674919967e-06,9.999988118281500915e-01,1.000200318657035181e+00,9.999976074159842021e-01
1.768111507153917808e-02,-2.476745798969293144e-01,-2.476675862797698136e-01,9.999933615323259861e-01,-2.476644489276328409e-01,1.999993361525599367e+00,-2.476637346939248585e-01,2.477174466702393441e-01,9.884886285516220118e-06,1.000011306086409535e+00,1.000211940882668848e+00,9.999966807627996834e-01
1.769050237924686686e-02,-2.476745702009233996e-01,-2.476728456496821995e-01,1.000000495528242439e+00,-2.476725839819959862e-01,2.000000495528744260e+00,-2.476745620404645354e-01,2.477227059199695602e-01,-1.030538898032901712e-06,1.000006499246328007e+00,1.000205609973974896e+00,1.000000247764372130e+00
1.770941849798443948e-02,-2.476745593946114155e-01,-2.476752619486874418e-01,1.000006964011221688e+00,-2.476930342205238555e-01,2.000006964018278044e+00,-2.476928521670061778e-01,2.477251446386009581e-01,-1.884801632750624474e-05,9.999950997457116575e-01,1.000194865355493956e+00,1.000003482009139022e+00
1.771561757646594043e-02,-2.476745573873171402e-01,-2.476749111681601223e-01,1.000005196680803454e+00,-2.476902390134162746e-01,2.000005196686069020e+00,-2.476893053880621642e-01,2.477245595558634217e-01,-1.167791395210463761e-05,9.999959144232025698e-01,1.000196312340150939e+00,1.000002598343034732e+00
1.772255149493942236e-02,-2.476745556941049031e-01,-2.476739393491746988e-01,1.000004361869011760e+00,-2.476841230403706295e-01,2.000004361873431780e+00,-2.476836498941359932e-01,2.477234804549351965e-01,-4.098696331381966715e-06,9.999996179055985479e-01,1.000200453336439699e+00,1.000002180936715890e+00
1.773357447374665843e-02,-2.476745538531309465e-01,-2.476743155235997806e-01,1.000002599026434291e+00,-2.476805923028873591e-01,2.000002599029067518e+00,-2.476797386930573996e-01,2.477238860883207994e-01,-3.538974319085696052e-06,1.000002844967817328e+00,1.000201729871044609e+00,1.000001299514533759e+00
1.774402233376887530e-02,-2.476745527504152222e-01,-2.476733198921655665e-01,1.000002876137864982e+00,-2.476777160199641892e-01,2.000002876140778874e+00,-2.476787733956053172e-01,2.477233737053778917e-01,-3.790966177076140023e-06,9.999947387676640931e-01,1.000194869029530587e+00,1.000001438070389437e+00
1.775200815561545423e-02,-2.476745521812828144e-01,-2.476713221226305439e-01,1.000003044918979178e+00,-2.476838365382129648e-01,2.000003044922064266e+00,-2.476828683333044678e-01,2.477214308198886217e-01,-6.178315124055026660e-06,9.999961730840331020e-01,1.000196725344711046e+00,1.000001522461032355e+00
1.776070367104488901e-02,-2.476745517431490073e-01,-2.476771107969268082e-01,1.000003049018554746e+00,-2.476714002019193006e-01,2.000003049021644053e+00,-2.476707559914304302e-01,2.477265769409573992e-01,5.564195631996809497e-06,1.000003651732334076e+00,1.000204337306606739e+00,1.000001524510822026e+00
1.777000094919217732e-02,-2.476745514186426134e-01,-2.476668263590810493e-01,1.000004505854779735e+00,-2.476745488084276248e-01,2.000004505859345194e+00,-2.476750613563011016e-01,2.477218419428897367e-01,-1.380006868308925464e-06,1.000002108072670648e+00,1.000201754109959706e+00,1.000002252929672819e+00
1.777534895958837735e-02,-2.476745512798399496e-01,-2.476675078633169547e-01,1.000004414624459770e+00,-2.476708129498836064e-01,2.000004414628933080e+00,-2.476697651091614438e-01,2.477174664950096972e-01,7.516417069148823184e-07,1.000002343507435221e+00,1.000202677833014642e+00,1.000002207314466540e+00
1.778187203029848312e-02,-2.476745511452430326e-01,-2.476702555731354616e-01,1.000003060956061729e+00,-2.476646258882687635e-01,2.000003060959163026e+00,-2.476649989582653533e-01,2.477201669508173609e-01,4.678948762276654369e-06,1.000004444219110056e+00,1.000204197758510105e+00,1.000001530479581513e+00
1.779060559360509663e-02,-2.476745510094961744e-01,-2.476734166370710977e-01,1.000006366953665626e+00,-2.476779761653567780e-01,2.000006366960117354e+00,-2.476795292880347998e-01,2.477231482698499243e-01,-8.039889104063085488e-06,9.999972835272302740e-01,1.000196364296810358e+00,1.000003183480058677e+00
1.780000223954258248e-02,-2.476745509033559389e-01,-2.476735498276221303e-01,1.000008576261658622e+00,-2.476716683837799637e-01,2.000008576270349003e+00,-2.476702179512424717e-01,2.477230782457617853e-01,-3.249911067484129326e-06,9.999971498161710493e-01,1.000197487527296758e+00,1.000004288135174280e+00
1.780867307574339822e-02,-2.476745508303064836e-01,-2.476778822062494778e-01,1.000005994339363102e+00,-2.476817953774853864e-01,2.000005994345436910e+00,-2.476834612213268116e-01,2.477279833109243545e-01,-1.984422334266565425e-06,9.999898873024132273e-01,1.000188853000895328e+00,1.000002997172718455e+00
1.782000556942909750e-02,-2.476745507584233175e-01,-2.476686464363354601e-01,1.000003588827068635e+00,-2.476815178392375028e-01,2.000003588830705059e+00,-2.476809947826598413e-01,2.477235208582113102e-01,-7.487338381175598903e-06,9.999904269514472421e-01,1.000190681698916118e+00,1.000001794415352530e+00
1.782518356112976557e-02,-2.476745507317275885e-01,-2.476699950348300872e-01,1.000002485888647596e+00,-2.476757130645356741e-01,2.000002485891166248e+00,-2.476744317957475516e-01,2.477201178396931658e-01,-3.863690549876526082e-06,9.999926148514726165e-01,1.000193261867577954e+00,1.000001242945583346e+00
1.783295885296290809e-02,-2.476745506967124033e-01,-2.476745310536677402e-01,1.000001136721278883e+00,-2.476672929753764296e-01,2.000001136722430850e+00,-2.476671272992575223e-01,2.477246136949503574e-01,1.895712331230277406e-06,9.999985190450801920e-01,1.000199319893818384e+00,1.000000568361215203e+00
1.785000183588689865e-02,-2.476745506339994574e-01,-2.476750086779612448e-01,1.000005790428865504e+00,-2.476777366206290021e-01,2.000005790434733033e+00,-2.476779912162277997e-01,2.477257814775082612e-01,-6.014065633944409443e-06,1.000000223430648427e+00,1.000200143677359987e+00,1.000002895217366294e+00
1.786005022603608799e-02,-2.476745506025049837e-01,-2.476736581980735208e-01,1.000001383782038733e+00,-2.476809365898602344e-01,2.000001383783440279e+00,-2.476811538291943948e-01,2.477232019291747689e-01,-1.036775786177927328e-07,9.999994093554934738e-01,1.000199351443607387e+00,1.000000691891720361e+00
1.786589417868188548e-02,-2.476745505853238938e-01,-2.476773392489998171e-01,1.000000344311302358e+00,-2.476843587775233724e-01,2.000000344311651190e+00,-2.476856423402462037e-01,2.477276439738926583e-01,-6.299039652400909599e-06,9.999950239266871543e-01,1.000193897477539728e+00,1.000000172155825595e+00
1.787237318212049272e-02,-2.476745505669804837e-01,-2.476813079867740963e-01,1.000001449566980893e+00,-2.476926409824476427e-01,2.000001449568449718e+00,-2.476926114621830766e-01,2.477309800452135446e-01,-1.304392080629177071e-05,9.999898486679084098e-01,1.000190592984293581e+00,1.000000724784224859e+00
1.788091064664490068e-02,-2.476745505436467043e-01,-2.476818237670550260e-01,1.000002594224663532e+00,-2.476847070564959785e-01,2.000002594227292541e+00,-2.476841896320441938e-01,2.477313286367185674e-01,-3.335513691643517489e-06,1.000000059189807500e+00,1.000200448145671439e+00,1.000001297113646048e+00
1.789006785853967593e-02,-2.476745505193681529e-01,-2.476782099296897799e-01,9.999995212245016418e-01,-2.476882179529445449e-01,1.999999521224016474e+00,-2.476884676881494496e-01,2.477289427379486819e-01,-4.912237162483632176e-06,9.999948660490305397e-01,1.000194270940300001e+00,9.999997606120082372e-01
1.790012212987072623e-02,-2.476745504933098030e-01,-2.476770722752017484e-01,9.999961446702197998e-01,-2.476734485176897982e-01,1.999996144666313480e+00,-2.476721069985334811e-01,2.477266006558858369e-01,7.239562156885437258e-07,9.999962565338222920e-01,1.000196475460952028e+00,9.999980723331566290e-01
1.791076363894785958e-02,-2.476745504661720387e-01,-2.476818037181852394e-01,9.999976983241953832e-01,-2.476768026442469073e-01,1.999997698321863471e+00,-2.476772372630629826e-01,2.477312707997069707e-01,5.404885456755554541e-06,1.000002708383702421e+00,1.000203013430828847e+00,9.999988491609316243e-01
1.792012451924372002e-02,-2.476745504425450772e-01,-2.476750642778352829e-01,9.999993947724906684e-01,-2.476791038529105871e-01,1.999999394771877492e+00,-2.476792926122650673e-01,2.477275422303281682e-01,-3.148759508760059077e-06,1.000000092588518852e+00,1.000199750205198912e+00,9.999996973859387461e-01
1.792513204649197334e-02,-2.476745504299691369e-01,-2.476770112413097802e-01,9.999989164245496331e-01,-2.476798834434787711e-01,1.999998916423451512e+00,-2.476798294817698920e-01,2.477271766782330464e-01,1.668429729786704231e-06,1.000001328105272647e+00,1.000201945462348752e+00,9.999994582117257558e-01
1.793315752991994985e-02,-2.476745504098832873e-01,-2.476793237658603541e-01,9.999974916390236279e-01,-2.476737608040269489e-01,1.999997491636481772e+00,-2.476715070574027067e-01,2.477291431016157286e-01,1.075679723930605070e-05,1.000007117382883948e+00,1.000207765929962189e+00,9.999987458182408862e-01
1.794276952008350828e-02,-2.476745503859061615e-01,-2.476751778674208260e-01,9.999998207635750758e-01,-2.476585934263167421e-01,1.999999820763393554e+00,-2.476594071935029062e-01,2.477252675148776118e-01,8.075791260298068240e-06,1.000009759594394643e+00,1.000209274240877244e+00,9.999999103816967772e-01
1.795266101418319798e-02,-2.476745503612911015e-01,-2.476775103463957350e-01,9.999990147438708732e-01,-2.476680704146546619e-01,1.999999014742872561e+00,-2.476684716646778139e-01,2.477271783459506493e-01,2.808780883401463027e-06,1.000003574176867582e+00,1.000202361842059018e+00,9.999995073714362803e-01
1.796812003189086557e-02,-2.476745503228993950e-01,-2.476780830617952289e-01,1.000000773339756899e+00,-2.476692213569510748e-01,2.000000773340540938e+00,-2.476689881000697924e-01,2.477283053526272705e-01,2.427347465023263075e-06,9.999961343753289711e-01,1.000196728521773659e+00,1.000000386670270469e+00
1.797004884999996860e-02,-2.476691368806740179e-01,-2.476792810302359260e-01,1.000000626540055393e+00,-2.476687084373639380e-01,2.000000626540689996e+00,-2.476683673653464202e-01,2.477287476078077200e-01,3.079634111033446670e-06,9.999973145819283094e-01,1.000197922204553835e+00,1.000000313270345220e+00
1.798105095940533485e-02,-2.476691498086651955e-01,-2.476671992270224609e-01,1.000001574467763943e+00,-2.476680559775743806e-01,2.000001574469358889e+00,-2.476686831085447571e-01,2.477202265942904102e-01,6.035064129914071621e-07,9.999979298988723730e-01,1.000198043474344267e+00,1.000000787234679667e+00
1.799244513724120031e-02,-2.476691631973551577e-01,-2.476751776769511304e-01,1.000001931342800354e+00,-2.476824027835831943e-01,2.000001931344757011e+00,-2.476825167452201271e-01,2.477247363329037055e-01,-3.302557221190440196e-06,9.999998196257888772e-01,1.000199557646359816e+00,1.000000965672378728e+00
1.800967405446154274e-02,-2.476691834421384242e-01,-2.476682513166804933e-01,1.000005818200313312e+00,-2.476712437841505077e-01,2.000005818206208374e+00,-2.476693868063757908e-01,2.477207397055730120e-01,-5.787904950051684736e-06,9.999889824308872965e-01,1.000188370841508911e+00,1.000002909103104187e+00
1.802305776765567719e-02,-2.476691991686264249e-01,-2.476655028122988211e-01,1.000003402113847972e+00,-2.476677391540952899e-01,2.000003402117294993e+00,-2.476684875974788647e-01,2.477154482359900101e-01,-9.862792146004133446e-07,1.000000226648357193e+00,1.000200073730831640e+00,1.000001701058647718e+00
1.804000000000000395e-02,-2.476692190765402979e-01,-2.476710154531608921e-01,1.000010795836781208e+00,-2.476838889021303614e-01,2.000010795847720235e+00,-2.476845426438633591e-01,2.477207729488535015e-01,-1.189402129514326951e-05,9.999961161655908093e-01,1.000196016779294705e+00,1.000005397923860118e+00
1.805133675011342045e-02,-2.476692323977502386e-01,-2.476676694435950010e-01,1.000009712209648072e+00,-2.476743433706591335e-01,2.000009712219489089e+00,-2.476742459366818860e-01,2.477179367740725835e-01,-1.362077023347181092e-05,9.999924149585230904e-01,1.000192375426133706e+00,1.000004856109744544e+00
1.806079984647241884e-02,-2.476692435173293294e-01,-2.476697389202134336e-01,1.000007341033046782e+00,-2.476757865731121222e-01,2.000007341040485276e+00,-2.476755066029713848e-01,2.477195077109006771e-01,-5.194765056905408010e-06,9.999945169630336528e-01,1.000194859760513699e+00,1.000003670520242638e+00
1.807021586589489109e-02,-2.476692545815918356e-01,-2.476719066372574107e-01,1.000008023000368285e+00,-2.476784739030757077e-01,2.000008023008497560e+00,-2.476792544506385418e-01,2.477213717416681948e-01,-1.221499235037317681e-05,9.999940147197136087e-01,1.000193778245487275e+00,1.000004011504249002e+00
1.807923648392600197e-02,-2.476692651812377743e-01,-2.476600440957311133e-01,1.000008369645167594e+00,-2.476679471424964307e-01,2.000008369653648366e+00,-2.476660271341975805e-01,2.477166021913970173e-01,-2.632278686022211065e-06,9.999979226138910882e-01,1.000198609197614497e+00,1.000004184826824183e+00
1.808285798354094046e-02,-2.476692694366677272e-01,-2.476565237240162531e-01,1.000007805122179461e+00,-2.476604365534297858e-01,2.000007805130088023e+00,-2.476588911229521961e-01,2.477124010395037323e-01,-1.272411737178440829e-06,9.999996767723887681e-01,1.000199780839043262e+00,1.000003902565044012e+00
1.809176201614498894e-02,-2.476692798993214706e-01,-2.476538730774769936e-01,1.000007255566369491e+00,-2.476537154292846876e-01,2.000007255573721388e+00,-2.476554950279945821e-01,2.477047664991210985e-01,-5.716961500700387148e-06,9.999993113793526067e-01,1.000199595282771359e+00,1.000003627786860694e+00
1.810159802870797696e-02,-2.476692914570945703e-01,-2.476692803861059444e-01,1.000014740204442587e+00,-2.476829666088384563e-01,2.000014740219378417e+00,-2.476843316694048724e-01,2.477191153663042267e-01,-9.210564442198004894e-06,1.000001293641930467e+00,1.000200743968931993e+00,1.000007370109689209e+00
1.811080553338324448e-02,-2.476693022763430674e-01,-2.476690867443861466e-01,1.000021184424928267e+00,-2.476815556146022279e-01,2.000021184446393985e+00,-2.476815552382014840e-01,2.477186643969835622e-01,-7.927625686644429784e-06,9.999969827953919532e-01,1.000197177470707244e+00,1.000010592223196992e+00
1.811896142334503898e-02,-2.476693118598932430e-01,-2.476700806997117477e-01,1.000016758682201079e+00,-2.476939634597343509e-01,2.000016758699182606e+00,-2.476953551131489684e-01,2.477197474649545927e-01,-1.891420623724428829e-05,9.999979528156431874e-01,1.000198237726359851e+00,1.000008379349591081e+00
1.812346162104647510e-02,-2.476693171478338840e-01,-2.476708157025150070e-01,1.000012249629217642e+00,-2.476931856568457269e-01,2.000012249641630380e+00,-2.476912858987808386e-01,2.477205360845900484e-01,-1.572379397278597359e-05,9.999970922071167445e-01,1.000196827400894106e+00,1.000006124820814968e+00
1.813132100727963061e-02,-2.476693263829788660e-01,-2.476721017645213130e-01,1.000008431780255780e+00,-2.476785235310306477e-01,2.000008431788799612e+00,-2.476776353502361805e-01,2.477215879280783573e-01,-4.346531633908869415e-06,9.999949275607853405e-01,1.000194707857408938e+00,1.000004215894399806e+00
1.814082559060146982e-02,-2.476693375513069062e-01,-2.476708605639136029e-01,1.000007310918788583e+00,-2.476779252690962940e-01,2.000007310926196435e+00,-2.476777478788586284e-01,2.477205316207650165e-01,-6.385148286928187280e-06,9.999905751232635032e-01,1.000190886761208597e+00,1.000003655463098218e+00
1.815069266123532990e-02,-2.476693491455746188e-01,-2.476677327345681578e-01,1.000005939871824179e+00,-2.476696318851782930e-01,2.000005939877842476e+00,-2.476690766100952956e-01,2.477180908056989261e-01,-3.061003912742093403e-06,1.000001218414549697e+00,1.000201453314693012e+00,1.000002969938921460e+00
1.816022620513697491e-02,-2.476693603479332983e-01,-2.476676953276951421e-01,1.000005962683751859e+00,-2.476784033774918625e-01,2.000005962689793915e+00,-2.476797664774323671e-01,2.477172021510750388e-01,-1.339642934907487329e-05,9.999907152545391975e-01,1.000189377989977535e+00,1.000002981344896957e+00
1.817002381879328707e-02,-2.476693718605858796e-01,-2.476659959863145022e-01,1.000007999771719058e+00,-2.476835882214707407e-01,2.000007999779825241e+00,-2.476839017875879512e-01,2.477158410227362217e-01,-1.420707056503606132e-05,9.999826748127771392e-01,1.000181993925186363e+00,1.000003999889912620e+00
1.818017763080562177e-02,-2.476693837917885443e-01,-2.476690715377230234e-01,1.000009508692971671e+00,-2.476728377439862683e-01,2.000009508702606631e+00,-2.476718406837277731e-01,2.477188516325033174e-01,-5.727313886419332944e-06,9.999977147898524432e-01,1.000199124294566477e+00,1.000004754351303315e+00
1.819047416245248017e-02,-2.476693958906929227e-01,-2.476663523447338311e-01,1.000010376726714112e+00,-2.476761077763176833e-01,2.000010376737228590e+00,-2.476759098752565891e-01,2.477166890957042122e-01,1.496083168686848102e-07,9.999917919316282378e-01,1.000191426583691756e+00,1.000005188368614295e+00
1.820000898747714882e-02,-2.476694070945564818e-01,-2.476641858001338292e-01,1.000009600459008663e+00,-2.476746732376770566e-01,2.000009600468736437e+00,-2.476745643145699116e-01,2.477141729063875308e-01,-8.122013535395931138e-06,9.999902307716892480e-01,1.000190088633537755e+00,1.000004800234368441e+00
1.820797990423591445e-02,-2.476694164607548820e-01,-2.476616232953609831e-01,1.000009453634491008e+00,-2.476703148266293231e-01,2.000009453644069790e+00,-2.476696402394368002e-01,2.477120372252512026e-01,-7.216546029142188310e-06,1.000001738536733464e+00,1.000203433782720364e+00,1.000004726822035117e+00
1.821583042121910009e-02,-2.476694256854780896e-01,-2.476623080698101553e-01,1.000011145236996857e+00,-2.476699119932526671e-01,2.000011145248290045e+00,-2.476705419642331873e-01,2.477121899072679267e-01,-1.151200946304814554e-05,1.000003668679860125e+00,1.000202933415104134e+00,1.000005572624145023e+00
1.822770098013070175e-02,-2.476694396339372550e-01,-2.476707582409099218e-01,1.000014214343668995e+00,-2.476853922802013108e-01,2.000014214358071918e+00,-2.476871530191123161e-01,2.477212824618650611e-01,-1.668868010135822263e-05,9.999889930621268519e-01,1.000187446571329630e+00,1.000007107179035959e+00
1.824005529370955822e-02,-2.476694541508320524e-01,-2.476778724076633131e-01,1.000014156034775503e+00,-2.476865175226641014e-01,2.000014156049119585e+00,-2.476856696206402864e-01,2.477277133091548844e-01,-9.958849787523377977e-06,9.999872531729241398e-01,1.000187822307610164e+00,1.000007078024559792e+00
1.824941955808376953e-02,-2.476694651542782899e-01,-2.476630853036670132e-01,1.000008389018508748e+00,-2.476750771737747658e-01,2.000008389027009059e+00,-2.476735346186904607e-01,2.477216913043353286e-01,-1.063500511148030605e-05,9.999962595755235162e-01,1.000197280023324975e+00,1.000004194513504530e+00
1.825956921749370687e-02,-2.476694770806014689e-01,-2.476698788001138463e-01,1.000002346942206799e+00,-2.476694303078723070e-01,2.000002346944584897e+00,-2.476695824119984901e-01,2.477205380826417447e-01,-6.599817291562299480e-06,9.999938789116139537e-01,1.000193318269668508e+00,1.000001173472292448e+00
1.826718007424036824e-02,-2.476694860237126927e-01,-2.476723855628246707e-01,1.000005426608458370e+00,-2.476726996149068993e-01,2.000005426613956860e+00,-2.476733250995406532e-01,2.477220659376331569e-01,-3.231312669125678926e-06,9.999921105906470764e-01,1.000191809771174167e+00,1.000002713306978430e+00
1.827492241156475350e-02,-2.476694951213191387e-01,-2.476700577881155441e-01,1.000011105478680662e+00,-2.476776069189754181e-01,2.000011105489933438e+00,-2.476778037275799427e-01,2.477211370299921833e-01,-4.688678399510599709e-06,9.999926156992917647e-01,1.000193161271151432e+00,1.000005552744966719e+00
1.828772146555241243e-02,-2.476695101608042404e-01,-2.476653695394534505e-01,1.000006372000986632e+00,-2.476652987150067542e-01,2.000006372007443467e+00,-2.476639980356776516e-01,2.477148683267027807e-01,-1.281708431025289366e-06,9.999994316103739678e-01,1.000199655807609833e+00,1.000003186003721733e+00
1.830000999832747527e-02,-2.476695246004044226e-01,-2.476701345266593413e-01,1.000008211845719863e+00,-2.476794157471530478e-01,2.000008211854040763e+00,-2.476817880631974889e-01,2.477202073820838069e-01,-1.033598834593996790e-05,9.999940136591338735e-01,1.000193190410680222e+00,1.000004105927020381e+00
1.831000000000000336e-02,-2.476695363391214211e-01,-2.476729369739994746e-01,1.000011190129187488e+00,-2.476782471931033569e-01,2.000011190140526196e+00,-2.476774801647043667e-01,2.477227233760125880e-01,-9.228529454722855525e-06,9.999928698899577251e-01,1.000193003361819377e+00,1.000005595070263320e+00
1.832001019063672978e-02,-2.476695481015610267e-01,-2.476807257914117322e-01,1.000009007449069953e+00,-2.476853073013731144e-01,2.000009007458196653e+00,-2.476861389442339967e-01,2.477310703469730591e-01,-8.832870727054824173e-06,9.999932906040531755e-01,1.000193377124402927e+00,1.000004503729098326e+00
1.833094683163683306e-02,-2.476695609526233521e-01,-2.476634040257536806e-01,1.000004765575391197e+00,-2.476757106469419101e-01,2.000004765580219779e+00,-2.476742462190718586e-01,2.477224247020500536e-01,-4.013765996351769721e-06,9.999963074285187492e-01,1.000196591608425445e+00,1.000002382790109889e+00
1.834064907102143580e-02,-2.476695723532075233e-01,-2.476749761419367868e-01,1.000000522630609456e+00,-2.476736469429545173e-01,2.000000522631138811e+00,-2.476741767307081843e-01,2.477251534232126629e-01,5.649625221292974285e-06,1.000000685200642447e+00,1.000201528507554505e+00,1.000000261315569405e+00
1.835000099999999773e-02,-2.476695833421591886e-01,-2.476745184655593790e-01,1.000005605690632571e+00,-2.476884114953320781e-01,2.000005605696312472e+00,-2.476906308523846301e-01,2.477241173826844056e-01,-5.899671343873174444e-06,1.000005382037436608e+00,1.000205538808713879e+00,1.000002802848156458e+00
1.835262552846349607e-02,-2.476695864261015956e-01,-2.476737344824700982e-01,1.000007616662955678e+00,-2.476898235231712042e-01,2.000007616670673727e+00,-2.476903393237366025e-01,2.477237266170626284e-01,-7.774333711477371929e-06,1.000003719834667848e+00,1.000202943889837659e+00,1.000003808335336863e+00
1.836164244557367611e-02,-2.476695970213997067e-01,-2.476708670987940730e-01,1.000006079553202198e+00,-2.476786419378003978e-01,2.000006079559362604e+00,-2.476779681496892316e-01,2.477209463361518260e-01,-2.495290315054595697e-06,1.000000235624764588e+00,1.000199884939404038e+00,1.000003039779681080e+00
1.837666493508048615e-02,-2.476696146735265780e-01,-2.476744281924538882e-01,1.000003884609754312e+00,-2.476797748822280043e-01,2.000003884613690719e+00,-2.476798777921564443e-01,2.477240171118040013e-01,-9.141372926725344479e-06,9.999907548336558483e-01,1.000190117912987731e+00,1.000001942306845359e+00
1.838514221614316602e-02,-2.476696246347268870e-01,-2.476722769390160284e-01,1.000005189773841785e+00,-2.476836308691643118e-01,2.000005189779100689e+00,-2.476842965061457902e-01,2.477230569462631482e-01,-1.198236739743723421e-05,9.999864212355130677e-01,1.000186214271826302e+00,1.000002594889550345e+00
1.839746869892820366e-02,-2.476696391189198432e-01,-2.476666458119870795e-01,1.000003361306717187e+00,-2.476689757920119417e-01,2.000003361310122685e+00,-2.476659850033439136e-01,2.477172146809427100e-01,-6.986727414966071442e-07,9.999954770806098736e-01,1.000197016917512727e+00,1.000001680655061564e+00
1.840236964578920859e-02,-2.476696448777608861e-01,-2.476663470859974958e-01,1.000003415953311103e+00,-2.476614484154425200e-01,2.000003415956772113e+00,-2.476618773174301680e-01,2.477164095518122611e-01,1.589489884372034159e-06,1.000001203955322326e+00,1.000201426058471066e+00,1.000001707978386278e+00
1.841146439207801133e-02,-2.476696555645116204e-01,-2.476714331534799474e-01,1.000006384326350251e+00,-2.476797207852854954e-01,2.000006384332819298e+00,-2.476804738942570416e-01,2.477210786012699339e-01,-9.817756030602935204e-06,9.999992042950047733e-01,1.000198913579079196e+00,1.000003192166409649e+00
1.842919288852020582e-02,-2.476696763963234238e-01,-2.476762057005982287e-01,1.000008695908720435e+00,-2.476874880852981409e-01,2.000008695917531387e+00,-2.476893784422306566e-01,2.477263530934306346e-01,-1.510642378045267069e-05,9.999917125119945904e-01,1.000191011131826402e+00,1.000004347958765694e+00
1.844034193556935708e-02,-2.476696894969738216e-01,-2.476711747126926766e-01,1.000005816991953234e+00,-2.476866491008277438e-01,2.000005816997847408e+00,-2.476860588237832506e-01,2.477229781943387776e-01,-1.102857916585588050e-05,9.999969681617081330e-01,1.000197637448456689e+00,1.000002908498923704e+00
1.845040950250617651e-02,-2.476697013268348846e-01,-2.476681181298590051e-01,1.000003008236067137e+00,-2.476682667133826288e-01,2.000003008239115143e+00,-2.476663980485462047e-01,2.477183103879492532e-01,-1.259029792134210470e-06,1.000006157292490983e+00,1.000206666063135685e+00,1.000001504119557572e+00
1.846003386357860168e-02,-2.476697126359087842e-01,-2.476731260957210634e-01,1.000003795517240501e+00,-2.476836747882954215e-01,2.000003795521086758e+00,-2.476862732088966346e-01,2.477232193630730384e-01,-8.228130753476135966e-06,9.999963572866953365e-01,1.000194978586724126e+00,1.000001897760543379e+00
1.847032542445280895e-02,-2.476697247289730841e-01,-2.476731732206094438e-01,1.000007451072997045e+00,-2.476842134681529473e-01,2.000007451080546783e+00,-2.476843138991748627e-01,2.477228438288970602e-01,-1.469200479265959866e-05,9.999923208713156209e-01,1.000192069582921173e+00,1.000003725540273392e+00
1.847967687602806650e-02,-2.476697357173647529e-01,-2.476786671376252635e-01,1.000006292196292002e+00,-2.476809478653650698e-01,2.000006292202667790e+00,-2.476802089756121594e-01,2.477288443901254911e-01,1.263003847973336253e-06,9.999965818122660277e-01,1.000197320228162212e+00,1.000003146101333895e+00
1.848214795153146212e-02,-2.476697386209932017e-01,-2.476772843442587024e-01,1.000005503106851545e+00,-2.476786072493747659e-01,2.000005503112427974e+00,-2.476774384291934028e-01,2.477275833884109435e-01,3.080890451691250244e-06,9.999977928034633479e-01,1.000197842697963413e+00,1.000002751556213765e+00
1.849103937656157090e-02,-2.476697490688335723e-01,-2.476633200354368125e-01,1.000003679814396085e+00,-2.476699339531127642e-01,2.000003679818124880e+00,-2.476682331660017833e-01,2.477211038696684187e-01,-2.143755628114097981e-06,9.999946056613280287e-01,1.000194618708920569e+00,1.000001839909062440e+00
1.850061484821442087e-02,-2.476697603204597309e-01,-2.476686152670223851e-01,1.000001446551486817e+00,-2.476611376166236167e-01,2.000001446552952089e+00,-2.476607601572806405e-01,2.477185141222393028e-01,8.668973796548501004e-07,9.999995909842980257e-01,1.000199916275070100e+00,1.000000723276476267e+00
1.851008415609816174e-02,-2.476697714473379830e-01,-2.476692362937274183e-01,1.000006723462137925e+00,-2.476698429320464689e-01,2.000006723468950476e+00,-2.476709258254030099e-01,2.477188037133065956e-01,4.794216401705172160e-06,9.999997451681843508e-01,1.000199632418928175e+00,1.000003361734475460e+00
1.851416560641937908e-02,-2.476697762432314986e-01,-2.476694911704827584e-01,1.000009750077079484e+00,-2.476711327559750486e-01,2.000009750086959137e+00,-2.476715402379074393e-01,2.477190960426360611e-01,-1.528906775911782897e-06,1.000000970489641983e+00,1.000201232147765129e+00,1.000004875043479569e+00
1.852165581632832236e-02,-2.476697850445790661e-01,-2.476699083952865199e-01,1.000010144641579668e+00,-2.476726631333777129e-01,2.000010144651859445e+00,-2.476730368074458455e-01,2.477194007101503892e-01,-9.948484903389870308e-06,1.000002447502695846e+00,1.000201541641899672e+00,1.000005072325929500e+00
1.853031741149941888e-02,-2.476697952223579080e-01,-2.476693456861433218e-01,1.000008348684966464e+00,-2.476695444468542395e-01,2.000008348693425919e+00,-2.476689587277207394e-01,2.477188640719333868e-01,-4.137716041730252999e-07,9.999952902222263296e-01,1.000194862489804715e+00,1.000004174346712960e+00
1.853708002117662387e-02,-2.476698031687387946e-01,-2.476692440075100865e-01,1.000007791437925286e+00,-2.476740970496376093e-01,2.000007791445820526e+00,-2.476753619291751363e-01,2.477187691974292727e-01,-5.864422613729242741e-06,9.999940638413802318e-01,1.000193786463497547e+00,1.000003895722910041e+00
1.854464658851469328e-02,-2.476698120598080921e-01,-2.476705243918835841e-01,1.000007532119188136e+00,-2.476805930503075681e-01,2.000007532126820475e+00,-2.476812985231230391e-01,2.477204144699746702e-01,-9.517125008573034715e-06,9.999928012692903545e-01,1.000192880799940065e+00,1.000003766063410016e+00
1.856000221183872964e-02,-2.476698301033816441e-01,-2.476717884097687783e-01,1.000007780170486971e+00,-2.476837309248805796e-01,2.000007780178370442e+00,-2.476840274625063953e-01,2.477213527566872464e-01,-1.207946636462047756e-05,9.999990776968217254e-01,1.000199699370592610e+00,1.000003890089185443e+00
1.857001146253918489e-02,-2.476698418647177158e-01,-2.476698122982868289e-01,1.000006184406865506e+00,-2.476667859505815583e-01,2.000006184413131827e+00,-2.476642988252137079e-01,2.477197319620982607e-01,-6.958095116190746732e-06,9.999968725793096924e-01,1.000196644552031833e+00,1.000003092206565913e+00
1.858041031789884820e-02,-2.476698540838569718e-01,-2.476707979596091957e-01,1.000005305241911113e+00,-2.476737623317926684e-01,2.000005305247287257e+00,-2.476745080240338459e-01,2.477204400996649847e-01,-7.172999929380295594e-06,9.999935954762964041e-01,1.000193348563062967e+00,1.000002652623643407e+00
1.859383513001915816e-02,-2.476698698586371206e-01,-2.476727429370441103e-01,1.000006883493748555e+00,-2.476725178213364242e-01,2.000006883500723642e+00,-2.476731906015108287e-01,2.477226769357769587e-01,-3.894090443812617016e-06,9.999972059879350672e-01,1.000197593636882321e+00,1.000003441750361821e+00
1.861000000000000154e-02,-2.476698888531136677e-01,-2.476661089134690463e-01,1.000005862933618150e+00,-2.476714402145254179e-01,2.000005862939558732e+00,-2.476705287083335871e-01,2.477203591075453071e-01,-2.653675308308167424e-06,9.999929688597896105e-01,1.000192146462414389e+00,1.000002931469779366e+00
1.862056325452366920e-02,-2.476699012654306753e-01,-2.476690136108864737e-01,1.000003986268519940e+00,-2.476663082636178792e-01,2.000003986272559153e+00,-2.476663417764502495e-01,2.477189163230613111e-01,-5.214474466492666682e-06,9.999936087150999020e-01,1.000193520154323945e+00,1.000001993136279577e+00
1.863114743833756831e-02,-2.476699137023397612e-01,-2.476717374928039950e-01,1.000007748827454579e+00,-2.476731512887440645e-01,2.000007748835306742e+00,-2.476734285538473579e-01,2.477212744794348165e-01,-4.444637955713186827e-06,9.999914146291336570e-01,1.000192040859434917e+00,1.000003874417653371e+00
1.864176125039119364e-02,-2.476699261740647751e-01,-2.476641240639634589e-01,1.000008979721524804e+00,-2.476641989213826389e-01,2.000008979730623970e+00,-2.476645470520498771e-01,2.477160655443834125e-01,-2.386072081854895275e-06,1.000003119788192896e+00,1.000203250347345030e+00,1.000004489865311985e+00
1.865092542704130038e-02,-2.476699369423991659e-01,-2.476752602699930916e-01,1.000006980577001992e+00,-2.476823412575605288e-01,2.000006980584075222e+00,-2.476839984863400401e-01,2.477247974023020216e-01,-9.246859003735111070e-06,1.000000119280075594e+00,1.000199595406417785e+00,1.000003490292037611e+00
1.866004114469017525e-02,-2.476699476537927436e-01,-2.476681803463910425e-01,1.000009523051429650e+00,-2.476723058800922028e-01,2.000009523061078820e+00,-2.476709019564640735e-01,2.477208929077298338e-01,-5.490074243075584156e-06,9.999974756174083712e-01,1.000197190481008525e+00,1.000004761530539632e+00
1.866734918211861854e-02,-2.476699562410763500e-01,-2.476680032928420538e-01,1.000008936546127547e+00,-2.476769161657487728e-01,2.000008936555182970e+00,-2.476779677172323835e-01,2.477176402423164614e-01,-9.122874534594388099e-06,9.999967511937153386e-01,1.000196766391661329e+00,1.000004468277591485e+00
1.868003733095847940e-02,-2.476699711502441947e-01,-2.476677245809147665e-01,1.000006344575010031e+00,-2.476847499345074533e-01,2.000006344581438888e+00,-2.476861144063685904e-01,2.477172469441516200e-01,-1.724752506635853519e-05,9.999907847943602102e-01,1.000189869789453345e+00,1.000003172290719222e+00
1.868550966999995080e-02,-2.476699775804964698e-01,-2.476700160746638513e-01,1.000008224450214867e+00,-2.476820661296535719e-01,2.000008224458548423e+00,-2.476809652313357313e-01,2.477200709554665536e-01,-1.082858938562013982e-05,9.999943347277918670e-01,1.000195615896923185e+00,1.000004112229274433e+00
1.869215078182527925e-02,-2.476699853841131393e-01,-2.476719713478605922e-01,1.000009048762966479e+00,-2.476731733126041335e-01,2.000009048772135589e+00,-2.476719993516099116e-01,2.477216031195837442e-01,-7.243683691303131934e-07,1.000002904748092725e+00,1.000203747916020180e+00,1.000004524386067795e+00
1.870159704659257044e-02,-2.476699964839151058e-01,-2.476663514387335285e-01,1.000008909076590013e+00,-2.476667959075168901e-01,2.000008909085617681e+00,-2.476669918311268648e-01,2.477178362228135700e-01,1.532565549887936293e-07,1.000007437021713130e+00,1.000207062596302210e+00,1.000004454542808841e+00
1.871179052624093175e-02,-2.476700084617282915e-01,-2.476671516226285896e-01,1.000006795617912392e+00,-2.476772435087037094e-01,2.000006795624797995e+00,-2.476767809237420681e-01,2.477168293261019782e-01,-3.341850692012948592e-06,1.000001019174423744e+00,1.000200602631966085e+00,1.000003397812398998e+00
1.872171916775262554e-02,-2.476700201283453251e-01,-2.476685620394373233e-01,1.000008673777709856e+00,-2.476709347008287376e-01,2.000008673786498825e+00,-2.476718636036487620e-01,2.477181381734519516e-01,-4.783492216830882311e-06,9.999972538244845666e-01,1.000196939144792685e+00,1.000004336893249413e+00
1.873166368560617509e-02,-2.476700318136176859e-01,-2.476685780961932482e-01,1.000010205243013095e+00,-2.476844717595508283e-01,2.000010205253353934e+00,-2.476850991164387950e-01,2.477181122685957193e-01,-1.292978854604491056e-05,9.999936243636089461e-01,1.000193257130709279e+00,1.000005102626676967e+00
1.875000300000000120e-02,-2.476700533631701617e-01,-2.476751006996373017e-01,1.000008724841545460e+00,-2.476896525581019914e-01,2.000008724850385722e+00,-2.476912336896823497e-01,2.477255589861400709e-01,-9.786799605818529644e-06,9.999963346700533329e-01,1.000196809500336848e+00,1.000004362425193083e+00
1.875638072311157714e-02,-2.476700608572922346e-01,-2.476749445165881969e-01,1.000009006951245949e+00,-2.476874605599327095e-01,2.000009006960372204e+00,-2.476866695773581872e-01,2.477245819747226629e-01,-1.166964736758202728e-05,1.000001539839438625e+00,1.000202368241641437e+00,1.000004503480186102e+00
1.877001000000000017e-02,-2.476700797935064979e-01,-2.476732071461920093e-01,1.000005622469917421e+00,-2.476846338273315240e-01,2.000005622475614864e+00,-2.476844680450498992e-01,2.477227426315107561e-01,-1.071039667870463824e-05,9.999896697928425393e-01,1.000188086321058822e+00,1.000002811237807432e+00
1.878106657909722407e-02,-2.476758608881111656e-01,-2.476673175760603640e-01,1.000002778645855850e+00,-2.476776307863495230e-01,2.000002778648671597e+00,-2.476771969298034171e-01,2.477188687750888629e-01,-6.809861547086110396e-06,9.999950095874190481e-01,1.000195113831643612e+00,1.000001389324335799e+00
1.879271213948989147e-02,-2.476795818705435359e-01,-2.476717174052289194e-01,1.000004438982681654e+00,-2.476779903957074258e-01,2.000004438987179611e+00,-2.476773085339855629e-01,2.477213314271710931e-01,-4.884752868680738287e-06,9.999944025125356850e-01,1.000194522583784940e+00,1.000002219493589806e+00
1.881000143581838466e-02,-2.476825646463489961e-01,-2.476837436037963025e-01,1.000007194445697856e+00,-2.476930379034325280e-01,2.000007194452988024e+00,-2.476953432077881045e-01,2.477350307250700268e-01,-9.660272296083473353e-06,9.999942006636591829e-01,1.000194278499591638e+00,1.000003597226493790e+00
1.881664391329134281e-02,-2.476832322543046083e-01,-2.476799599051820455e-01,1.000006622213432728e+00,-2.476848375341552388e-01,2.000006622220142916e+00,-2.476823962367984133e-01,2.477316883456845420e-01,-1.691104704074175006e-06,1.000001157878354974e+00,1.000202435330900474e+00,1.000003311110071458e+00
1.882194765055515001e-02,-2.476836428679058955e-01,-2.476764057339793934e-01,1.000006288042669667e+00,-2.476745666642360955e-01,2.000006288049041014e+00,-2.476748380266582950e-01,2.477287012065479410e-01,3.092544342040301144e-06,1.000006738429442654e+00,1.000206958004922209e+00,1.000003144024520507e+00
1.883114083173778250e-02,-2.476841644995887437e-01,-2.476814850035504723e-01,9.999993711568990751e-01,-2.476848550640628199e-01,1.999999371156261807e+00,-2.476851550713478345e-01,2.477314803022076239e-01,3.393907251584775415e-06,1.000006509664935539e+00,1.000205921738031467e+00,9.999996855781309035e-01
1.884187156126806290e-02,-2.476845602814523595e-01,-2.476853435625166189e-01,9.999980183769290321e-01,-2.476875975443436906e-01,1.999998018374921305e+00,-2.476879550792901452e-01,2.477349079792307562e-01,2.866303780447278432e-06,9.999967135715105426e-01,1.000196935026485434e+00,9.999990091874606524e-01
1.885220083929041446e-02,-2.476848011414393702e-01,-2.476855383757033957e-01,9.999970894781315955e-01,-2.476845383387424604e-01,1.999997089475182399e+00,-2.476829742688860803e-01,2.477354197379359746e-01,5.459962696488117581e-06,1.000002206623311185e+00,1.000202336473439368e+00,9.999985447375911995e-01
1.886154577533655924e-02,-2.476849429865818630e-01,-2.476887272873519175e-01,9.999934805425426676e-01,-2.476679314484246108e-01,1.999993480535936730e+00,-2.476674668360185905e-01,2.477382337653032396e-01,1.857741509844700441e-05,1.000005603497244433e+00,1.000207127934796159e+00,9.999967402679682538e-01
1.887221040955718715e-02,-2.476850479705761110e-01,-2.476873742732262906e-01,9.999917754903935307e-01,-2.476733742359703005e-01,1.999991775482059753e+00,-2.476740913957397316e-01,2.477369709290991318e-01,1.435651604118373898e-05,1.000016317337686811e+00,1.000214570991116547e+00,9.999958877410298763e-01
1.888923566060194542e-02,-2.476851410276955656e-01,-2.476881420919833654e-01,9.999892632248146285e-01,-2.476826727337641809e-01,1.999989263213935331e+00,-2.476832697714864973e-01,2.477378531057061739e-01,1.397914125437351152e-05,9.999973165781089746e-01,1.000197125634135986e+00,9.999946316069676655e-01
1.890036295792434790e-02,-2.476851735672139787e-01,-2.476843219914399430e-01,9.999900224143263294e-01,-2.476689419127273140e-01,1.999990022404216194e+00,-2.476676241364768327e-01,2.477351246984757782e-01,1.677058924562160598e-05,1.000007555727994824e+00,1.000208305069440362e+00,9.999950112021080972e-01
1.891000850024401533e-02,-2.476851914709533586e-01,-2.476893195570654127e-01,9.999897650531575088e-01,-2.476814316096897228e-01,1.999989765042786694e+00,-2.476832186335984620e-01,2.477394444682209096e-01,4.881444202642077666e-06,1.000001149388759947e+00,1.000200276384489495e+00,9.999948825213933468e-01
1.891394847511741403e-02,-2.476851968780790225e-01,-2.476896427493394948e-01,9.999899076770208950e-01,-2.476822732535279570e-01,1.999989907666794631e+00,-2.476814616557229121e-01,2.477391351681522136e-01,5.244269516362893352e-06,1.000002792088924508e+00,1.000203801011167348e+00,9.999949538333973154e-01
1.892815570225661950e-02,-2.476852102028903324e-01,-2.476959852004817497e-01,9.999905067454443186e-01,-2.476840744994588117e-01,1.999990506735825013e+00,-2.476852384075380886e-01,2.477464928608940353e-01,1.003137937030690515e-05,1.000006015983178953e+00,1.000205502145016911e+00,9.999952533679125066e-01
1.894001250330434524e-02,-2.476852164698418179e-01,-2.476844943905888718e-01,9.999876325419932988e-01,-2.476791062903037355e-01,1.999987632529461656e+00,-2.476780472280471213e-01,2.477417526358234035e-01,1.009962495816953782e-05,1.000003831415646527e+00,1.000203675051236418e+00,9.999938162647308282e-01
1.895001650878730057e-02,-2.476852197373269338e-01,-2.476866799397937358e-01,9.999837728201541598e-01,-2.476725447909583488e-01,1.999983772803711313e+00,-2.476719796152546393e-01,2.477366254820297653e-01,1.661493635250607391e-05,1.000003593404501068e+00,1.000203687953436393e+00,9.999918864018556564e-01
1.896065981542069054e-02,-2.476852219492181595e-01,-2.476869384411535813e-01,9.999875736969152662e-01,-2.476747758513172526e-01,1.999987573684324005e+00,-2.476755448214099653e-01,2.477366147406249164e-01,1.200164698997862681e-05,1.000008033906084171e+00,1.000207360703377457e+00,9.999937868421620024e-01
1.897339852509309643e-02,-2.476852235352696441e-01,-2.476895205486056573e-01,9.999910349166755141e-01,-2.476807916530540388e-01,1.999991034907591558e+00,-2.476813796015529257e-01,2.477390732999110168e-01,7.588024904583352169e-06,9.999978654088361729e-01,1.000198972840788070e+00,9.999955174537956681e-01
1.898713644851411295e-02,-2.476852244843283368e-01,-2.476912355338523608e-01,9.999893268905510890e-01,-2.476802654837029216e-01,1.999989326879736184e+00,-2.476794379096678433e-01,2.477412773278260538e-01,9.077347174288582984e-06,1.000001160910463316e+00,1.000200326418100527e+00,9.999946634398680922e-01
1.900127112825265516e-02,-2.476852250015934565e-01,-2.476822806384612052e-01,9.999881019123544323e-01,-2.476644886107098043e-01,1.999988101900298298e+00,-2.476641443353211902e-01,2.477365137682536467e-01,1.642811464466949957e-05,1.000005288892932054e+00,1.000205839013108555e+00,9.999940509501491492e-01
1.901345410119270260e-02,-2.476852252389444842e-01,-2.476872272320585489e-01,9.999870169030088407e-01,-2.476758017664167089e-01,1.999987016889853253e+00,-2.476760393665087545e-01,2.477372081128062786e-01,1.291097700742909488e-05,1.000008913503867225e+00,1.000208856446036298e+00,9.999935084449266265e-01
1.903000269944836106e-02,-2.476852253944626936e-01,-2.476768573877296542e-01,9.999915131925652956e-01,-2.476658640469144856e-01,1.999991513183965841e+00,-2.476640449981909742e-01,2.477285433478302323e-01,5.079549250386493893e-07,1.000006687176010933e+00,1.000206835986261922e+00,9.999957565919829205e-01
1.903895203552001883e-02,-2.476852254324198033e-01,-2.476858285136129822e-01,9.999920793391224860e-01,-2.476771330632818180e-01,1.999992079331096795e+00,-2.476791594089153559e-01,2.477365638345670751e-01,4.351638763540081000e-06,1.000002613546022934e+00,1.000202002285167868e+00,9.999960396655482864e-01
1.904950943018143480e-02,-2.476852254527981134e-01,-2.476852290026833880e-01,9.999972217046126932e-01,-2.476916338851014310e-01,1.999997221701797834e+00,-2.476926542825818867e-01,2.477356214882015517e-01,6.912349307980857914e-07,1.000003332117267663e+00,1.000203571406586667e+00,9.999986108508988059e-01
1.906208273549832646e-02,-2.476852254552933119e-01,-2.476792340926844416e-01,9.999932837842800959e-01,-2.476693930201625538e-01,1.999993283777474540e+00,-2.476679766046817888e-01,2.477297344504378607e-01,7.322756222923281391e-06,1.000006495086990466e+00,1.000205764703675282e+00,9.999966418887373809e-01
1.907351979556064225e-02,-2.476852254450804536e-01,-2.476854061513378835e-01,9.999926829361789338e-01,-2.476683180798620321e-01,1.999992682928764642e+00,-2.476700354081547151e-01,2.477349038090255195e-01,1.032399285674999356e-05,1.000000201978916481e+00,1.000201178446613826e+00,9.999963414643823212e-01
1.908281474268032005e-02,-2.476852254314065582e-01,-2.476852585998103318e-01,9.999960625448583995e-01,-2.476819274176869368e-01,1.999996062540868369e+00,-2.476817071874757858e-01,2.477349393525529186e-01,4.973414397432246973e-06,1.000006282881866770e+00,1.000205987670011343e+00,9.999980312704342955e-01
1.909377328135320601e-02,-2.476852254113783014e-01,-2.476865200070897666e-01,9.999934829918151191e-01,-2.476776693682291863e-01,1.999993482985211513e+00,-2.476784263384329832e-01,2.477360590832682896e-01,9.929055901512103791e-06,1.000005201048404180e+00,1.000205148216207540e+00,9.999967414926057563e-01
1.911000762151219418e-02,-2.476852253770694401e-01,-2.476801465642055333e-01,9.999914237007757611e-01,-2.476750940079388008e-01,1.999991423692085712e+00,-2.476740069116485365e-01,2.477323811134517495e-01,4.916234907916687149e-06,9.999988424470109827e-01,1.000198235511912559e+00,9.999957118460427452e-01
1.911700121701423796e-02,-2.476852253612550347e-01,-2.476819109297777322e-01,9.999909635354982118e-01,-2.476679898904511623e-01,1.999990963526341536e+00,-2.476669896584277331e-01,2.477318570409330067e-01,9.126897192881994867e-06,1.000002628854824049e+00,1.000203447509192101e+00,9.999954817631707682e-01
1.912946574282783918e-02,-2.476852253321595310e-01,-2.476940722930296712e-01,9.999940015549446670e-01,-2.476819069051933164e-01,1.999994001548866640e+00,-2.476843186785530060e-01,2.477448537373747872e-01,1.029380212788485319e-05,1.000008123624789080e+00,1.000208287383532513e+00,9.999970007744332090e-01
1.913784448436805369e-02,-2.476852253121602510e-01,-2.476875636799650560e-01,9.999953364260991684e-01,-2.476843046595356701e-01,1.999995336421373615e+00,-2.476836560286390376e-01,2.477411969525994129e-01,2.773799686945204855e-06,9.999973052620884095e-01,1.000195741676191519e+00,9.999976682106868076e-01
1.914524523851264884e-02,-2.476852252943010924e-01,-2.476853474631461882e-01,9.999916135992947819e-01,-2.476766315349023251e-01,1.999991613590796913e+00,-2.476753741609772907e-01,2.477352657633358213e-01,3.612611846103709365e-06,9.999970833177036500e-01,1.000198306892767341e+00,9.999958067953984564e-01
1.916003564267991163e-02,-2.476852252582592839e-01,-2.476896689017603626e-01,9.999881414275646474e-01,-2.476832941890728945e-01,1.999988141415548704e+00,-2.476854154659232088e-01,2.477394303658550234e-01,8.081835432947923100e-06,1.000000066333584847e+00,1.000199291471417951e+00,9.999940707077742408e-01
1.917001403281249489e-02,-2.476852252337731486e-01,-2.476900139658702871e-01,9.999907926784217249e-01,-2.476822820679220882e-01,1.999990792669092077e+00,-2.476815055598483306e-01,2.477395621626312383e-01,1.148784474563102043e-05,1.000000784165651080e+00,1.000201160173024961e+00,9.999953963345460384e-01
1.917097770131334297e-02,-2.476810085412577411e-01,-2.476873506269318126e-01,9.999906623380332427e-01,-2.476806631404632197e-01,1.999990662328571478e+00,-2.476786841633867309e-01,2.477389100464874316e-01,1.194628615132550008e-05,1.000001233546181201e+00,1.000201732815867217e+00,9.999953311642857390e-01
1.918202955607883203e-02,-2.476810215276991356e-01,-2.476829884299444895e-01,9.999882406649277522e-01,-2.476754497073411498e-01,1.999988240653012284e+00,-2.476740855207043845e-01,2.477333338570922028e-01,1.209715625632338587e-05,1.000006152872962240e+00,1.000206879473071853e+00,9.999941203265061418e-01
1.919905991321303740e-02,-2.476810415391594300e-01,-2.476790854378088658e-01,9.999917375757614302e-01,-2.476682885816840485e-01,1.999991737567389238e+00,-2.476690402155494464e-01,2.477286979481317930e-01,2.480092733490903010e-06,1.000006231814107638e+00,1.000205504113001798e+00,9.999958687836946192e-01
1.921024328510015020e-02,-2.476810546801393176e-01,-2.476873664035707800e-01,9.999962388824974457e-01,-2.476936867986474222e-01,1.999996238878686716e+00,-2.476958772786529983e-01,2.477374193096844868e-01,7.654660462559200878e-08,9.999973143482143723e-01,1.000196726713479478e+00,9.999981194393431361e-01
1.922131246105534402e-02,-2.476810676869343752e-01,-2.476801756438251623e-01,9.999974844630203918e-01,-2.476874114087605216e-01,1.999997484460471320e+00,-2.476858511575425748e-01,2.477325169792966297e-01,1.359279802092679383e-07,9.999984289968101292e-01,1.000198928112755459e+00,9.999987422302357709e-01
1.923066005003920900e-02,-2.476810786707852596e-01,-2.476818202543550340e-01,9.999934940936919814e-01,-2.476695041770104744e-01,1.999993494087099588e+00,-2.476682986838273370e-01,2.477314934408134939e-01,1.360078275856389419e-05,1.000006875488380853e+00,1.000207629651527652e+00,9.999967470435497940e-01
1.924000059834087353e-02,-2.476810896463626788e-01,-2.476824599522560177e-01,9.999938062277681228e-01,-2.476825607059144063e-01,1.999993806221492143e+00,-2.476847826769687233e-01,2.477320565968537669e-01,1.649486213916758697e-06,1.000002851366576406e+00,1.000202018642217139e+00,9.999969031107460715e-01
1.924235178824056439e-02,-2.476810924091201738e-01,-2.476822390377905747e-01,9.999946626787550308e-01,-2.476834184800180971e-01,1.999994662673346690e+00,-2.476822796625690881e-01,2.477317896792753937e-01,1.542388323000156000e-06,1.000002973181369548e+00,1.000203731630871840e+00,9.999973313366733452e-01
1.925099953165290700e-02,-2.476811025706196767e-01,-2.476805975781258828e-01,9.999958274272167102e-01,-2.476648410626383356e-01,1.999995827422988759e+00,-2.476638762826905982e-01,2.477304687717258591e-01,1.113500697784369682e-05,1.000013229365296130e+00,1.000213233399550816e+00,9.999979137114943795e-01
1.926016279863326450e-02,-2.476811133378825081e-01,-2.476783985951719891e-01,9.999951684130661267e-01,-2.476733184168193325e-01,1.999995168408170265e+00,-2.476744762709022496e-01,2.477284622928105917e-01,3.757295552419141939e-06,1.000001497998742161e+00,1.000200250564317939e+00,9.999975842040852436e-01
1.926625683381931464e-02,-2.476811204986560100e-01,-2.476785113871153854e-01,9.999953551936637819e-01,-2.476712489983765864e-01,1.999995355188957324e+00,-2.476704270083429915e-01,2.477281072223306013e-01,7.751182294245185484e-06,1.000004609263267064e+00,1.000205580073725731e+00,9.999976775944786622e-01
1.927309228054086346e-02,-2.476811285306223243e-01,-2.476782715272770330e-01,9.999963794226381930e-01,-2.476703901078977088e-01,1.999996379418969683e+00,-2.476719971508304086e-01,2.477278734768792456e-01,9.228114810413770450e-06,1.000008681276144396e+00,1.000208318011977848e+00,9.999981897094848415e-01
1.928188341167673403e-02,-2.476811388606096065e-01,-2.476767386727579123e-01,9.999980573722819788e-01,-2.476838672277166808e-01,1.999998057370313553e+00,-2.476829311462066807e-01,2.477265283639792093e-01,6.685180547917290959e-07,1.000003229734213628e+00,1.000202230807235582e+00,9.999990286851567767e-01
1.930000000000000118e-02,-2.476811601484415204e-01,-2.476810518653566606e-01,9.999995788001705410e-01,-2.476777076172627379e-01,1.999999578799743771e+00,-2.476786933756323084e-01,2.477307290770029424e-01,1.578385443128988957e-06,9.999887573514951722e-01,1.000188005609437880e+00,9.999997893998718856e-01
1.931136319212407859e-02,-2.476811735007197202e-01,-2.476796738856700542e-01,9.999986039912891478e-01,-2.476665383764076467e-01,1.999998603989874280e+00,-2.476672442656163986e-01,2.477297691122771484e-01,3.637852797513984796e-06,1.000004300987907158e+00,1.000203945767909941e+00,9.999993019949372508e-01
1.932135028780865293e-02,-2.476811852360200350e-01,-2.476867749202761870e-01,9.999968460290308281e-01,-2.476868759460963687e-01,1.999996846025835051e+00,-2.476874764401169327e-01,2.477362429948804512e-01,-8.251347765504862803e-07,9.999930972344646118e-01,1.000192863610378957e+00,9.999984230129175256e-01
1.933146080784525420e-02,-2.476811971163501158e-01,-2.476820032328272692e-01,9.999967340918521908e-01,-2.476790124789055580e-01,1.999996734088542949e+00,-2.476787063405041511e-01,2.477328175971283408e-01,2.268707314535247360e-06,9.999964908812839504e-01,1.000197609622863526e+00,9.999983670442714745e-01
1.934136185887014650e-02,-2.476812087505453619e-01,-2.476856344225574769e-01,9.999934544119372104e-01,-2.476773443222070048e-01,1.999993454405304849e+00,-2.476773122032032703e-01,2.477354064078254037e-01,1.244585373273436911e-05,1.000010736773849995e+00,1.000210971235614865e+00,9.999967272026523135e-01
1.935094687509378991e-02,-2.476812200133839681e-01,-2.476871025242596558e-01,9.999932923180091526e-01,-2.476845424574698196e-01,1.999993292311212478e+00,-2.476846985846230254e-01,2.477366011709791482e-01,7.845714655012036781e-06,1.000004833971386065e+00,1.000204317306991442e+00,9.999966461556062391e-01
1.936066712554791042e-02,-2.476812314351294342e-01,-2.476812041191130132e-01,9.999930218378620950e-01,-2.476706762816013874e-01,1.999993021830791529e+00,-2.476698268797130065e-01,2.477329407898472280e-01,1.065161466923568307e-05,1.000004828013416391e+00,1.000205109838353534e+00,9.999965109153956533e-01
1.937000233568848123e-02,-2.476812424044338434e-01,-2.476902208238859759e-01,9.999911695796239730e-01,-2.476939730730869649e-01,1.999991169570676464e+00,-2.476971940748114165e-01,2.477408142132503377e-01,-5.292179004862038545e-06,1.000002149111354655e+00,1.000201682201108611e+00,9.999955847853382318e-01
1.937196608260092698e-02,-2.476812447119271787e-01,-2.476895706053899304e-01,9.999911618187919959e-01,-2.476955355118526936e-01,1.999991161809836493e+00,-2.476938527539565282e-01,2.477393054457115995e-01,-4.399554869265769146e-06,1.000001493786191409e+00,1.000201607528191872e+00,9.999955809049182465e-01
1.938032264883588970e-02,-2.476812545312801761e-01,-2.476781796405937708e-01,9.999930363581950310e-01,-2.476622595561281392e-01,1.999993036351138898e+00,-2.476586181244096185e-01,2.477344217409813976e-01,1.243034538787723372e-05,1.000007122958264549e+00,1.000207851488345234e+00,9.999965181755694488e-01
1.938661143573352022e-02,-2.476812619208954014e-01,-2.476753673100306752e-01,9.999925822619640803e-01,-2.476628369728874901e-01,1.999992582254447981e+00,-2.476638913690931143e-01,2.477274679360842724e-01,1.105013323929340233e-05,1.000006651147440362e+00,1.000206363804645893e+00,9.999962911272238797e-01
1.939898747161108994e-02,-2.476812764633116171e-01,-2.476751989315472968e-01,9.999931732245809224e-01,-2.476719427055701916e-01,1.999993173217663678e+00,-2.476730911162211279e-01,2.477248899806572258e-01,7.521184143863154373e-06,1.000003335495444290e+00,1.000202812680559106e+00,9.999965866088318389e-01
1.941261484516983854e-02,-2.476812924761089552e-01,-2.476779468384749106e-01,1.000001779473023600e+00,-2.476767919063047607e-01,2.000001779474826602e+00,-2.476776890354826233e-01,2.477282791609796420e-01,-2.085274928066558439e-06,1.000003242136556114e+00,1.000203709440921740e+00,1.000000889737413301e+00
1.943000785025496627e-02,-2.476813129136967995e-01,-2.476767446079362334e-01,1.000000886110524734e+00,-2.476741126921765401e-01,2.000000886111422904e+00,-2.476727137070029172e-01,2.477298680775185669e-01,2.234151329809901228e-06,9.999980125245955254e-01,1.000196930069752188e+00,1.000000443055711452e+00
1.944000396674366166e-02,-2.476813246595968854e-01,-2.476800700836062075e-01,9.999967314934403717e-01,-2.476765911250490004e-01,1.999996731490128576e+00,-2.476771535082033515e-01,2.477300761585466971e-01,3.450559856133165977e-06,9.999974368131284708e-01,1.000197501989800841e+00,9.999983657450641772e-01
1.944941323731826446e-02,-2.476813357159249884e-01,-2.476835133151552848e-01,9.999969930349617009e-01,-2.476715251427543119e-01,1.999996993031915027e+00,-2.476711233990973315e-01,2.477334035957924618e-01,7.909426973849270322e-06,1.000000435693823020e+00,1.000200643942458889e+00,9.999984965159574024e-01
1.945748046188678498e-02,-2.476813451952871170e-01,-2.476770420541187234e-01,9.999987215523888917e-01,-2.476745280895220336e-01,1.999998721551093483e+00,-2.476747914680432761e-01,2.477303189972143715e-01,4.766290736522188045e-06,1.000003285009160914e+00,1.000203715570572083e+00,9.999993607755467417e-01
1.947000000000000466e-02,-2.476813599063251159e-01,-2.476845988572176915e-01,9.999955470658338230e-01,-2.476748007114592254e-01,1.999995547061321766e+00,-2.476750446585071763e-01,2.477353995248256224e-01,7.797099379733016207e-06,1.000001979789249429e+00,1.000201639366374629e+00,9.999977735306608828e-01
1.948001554553511691e-02,-2.476813716750552452e-01,-2.476848353289696214e-01,9.999984482228779781e-01,-2.476751318334430574e-01,1.999998448221305791e+00,-2.476751874160574574e-01,2.477343971430937264e-01,1.093161893607478174e-05,1.000000377194167456e+00,1.000200156548620267e+00,9.999992241106528956e-01
1.948697464972563159e-02,-2.476813798523237464e-01,-2.476823648343159656e-01,9.999986116685313231e-01,-2.476723249325822329e-01,1.999998611667124671e+00,-2.476716689693693463e-01,2.477329317033161449e-01,5.207814902591838423e-06,1.000006706782056387e+00,1.000207871941150017e+00,9.999993058335623353e-01
1.949528709559755421e-02,-2.476813896198326037e-01,-2.476766679714078323e-01,9.999938498918156116e-01,-2.476681977733030393e-01,1.999993849885584041e+00,-2.476678655369336790e-01,2.477293501942682552e-01,5.207197254497530510e-06,1.000006716436999898e+00,1.000205576924507511e+00,9.999969249427920204e-01
1.951012904858965419e-02,-2.476814070598165329e-01,-2.476796073760386407e-01,9.999949896105376768e-01,-2.476755087124210553e-01,1.999994989605460738e+00,-2.476768196673602984e-01,2.477298763872768095e-01,-2.215551321526137014e-08,1.000005496291959117e+00,1.000205851482294017e+00,9.999974948027304800e-01
1.952013152681714853e-02,-2.476814188131916394e-01,-2.476745882940518673e-01,1.000000897320383331e+00,-2.476718574686090912e-01,2.000000897321292381e+00,-2.476713779132108384e-01,2.477262428457890631e-01,-3.615321591521059945e-06,9.999992373180787153e-01,1.000198503335923972e+00,1.000000448660646191e+00
1.953002191157185083e-02,-2.476814304348529394e-01,-2.476764520553079996e-01,1.000000994719693281e+00,-2.476781489337255837e-01,2.000000994720701364e+00,-2.476784514656687475e-01,2.477262527957309612e-01,6.476198052953045113e-06,9.999970044703886396e-01,1.000197107291640242e+00,1.000000497360350682e+00
1.953695986153252892e-02,-2.476814385872655733e-01,-2.476773565221340456e-01,9.999999234541832038e-01,-2.476765672602982138e-01,1.999999923454105488e+00,-2.476766806458420289e-01,2.477269997729095174e-01,5.941248723602977979e-06,9.999986191949686853e-01,1.000198645548223908e+00,9.999999617270527441e-01
1.954999999999999793e-02,-2.476814539100327672e-01,-2.476760254244776416e-01,1.000001432613514041e+00,-2.476826217478907133e-01,2.000001432614965768e+00,-2.476830347128037846e-01,2.477258903979883686e-01,-6.840099479175690165e-06,9.999906456778959729e-01,1.000189833746383483e+00,1.000000716307482884e+00
1.955223697882092077e-02,-2.476814565385860034e-01,-2.476766331843096025e-01,1.000001157068142854e+00,-2.476832698910633734e-01,2.000001157069315028e+00,-2.476834902738639654e-01,2.477266682713230861e-01,-6.666302144722202491e-06,9.999894921324765651e-01,1.000189285878723577e+00,1.000000578534657736e+00
1.956222368221015306e-02,-2.476814682734247153e-01,-2.476812301866491151e-01,1.000000050127776818e+00,-2.476808664970734930e-01,2.000000050127827667e+00,-2.476798930640791430e-01,2.477306971535981339e-01,2.737236741142585557e-08,9.999903718754595827e-01,1.000190598218005933e+00,1.000000025063913833e+00
1.957769743186431669e-02,-2.476814864557988494e-01,-2.476796342675235962e-01,9.999990910752314388e-01,-2.476823140163278425e-01,1.999999091074310620e+00,-2.476840006415932938e-01,2.477292761201692894e-01,1.210613976439705585e-06,9.999998028866221578e-01,1.000201061902131761e+00,9.999995455371551989e-01
1.959000350678470614e-02,-2.476815009160076020e-01,-2.476815863485437030e-01,9.999972391556811724e-01,-2.476717300116270670e-01,1.999997239152883743e+00,-2.476698079046691647e-01,2.477313005132008028e-01,5.882353835720341525e-06,9.999995600569954179e-01,1.000198998242851633e+00,9.999986195764418717e-01
1.959901376868531525e-02,-2.476815115034823600e-01,-2.476830063672338378e-01,9.999975873686540728e-01,-2.476738311067306353e-01,1.999997587366209473e+00,-2.476742160879482069e-01,2.477326980473735785e-01,1.159052395811843624e-07,9.999927942335039566e-01,1.000191981352329673e+00,9.999987936831047364e-01
1.960707711287714219e-02,-2.476815209782848304e-01,-2.476772219813248299e-01,9.999967481646381273e-01,-2.476771952514915387e-01,1.999996748161342985e+00,-2.476772444569250720e-01,2.477301094689026983e-01,1.106474134987398054e-06,9.999951977410167503e-01,1.000195950280113655e+00,9.999983740806716037e-01
1.962117490266205438e-02,-2.476815375438415068e-01,-2.476785350164213695e-01,9.999952858068930084e-01,-2.476764771023678147e-01,1.999995285802116163e+00,-2.476765040930301309e-01,2.477287488170048790e-01,6.589337948653973568e-06,1.000003482436727653e+00,1.000203498513950962e+00,9.999976429010580814e-01
1.963082310022261703e-02,-2.476815488809211430e-01,-2.476854697365655222e-01,9.999994257561825028e-01,-2.476839964780089554e-01,1.999999425755600413e+00,-2.476856218263146781e-01,2.477351590780445811e-01,-2.250818625241777319e-06,9.999984564524793118e-01,1.000197932036487991e+00,9.999997128778002065e-01
1.964842080988149498e-02,-2.476815695590469935e-01,-2.476831203563031603e-01,9.999962139260188954e-01,-2.476825264335757171e-01,1.999996213922182742e+00,-2.476818863286898986e-01,2.477327152400762844e-01,2.420692548368185778e-06,1.000004561655313040e+00,1.000205496645862224e+00,9.999981069610913709e-01
1.966029927934250660e-02,-2.476815835167991420e-01,-2.476846053702655981e-01,9.999933916739719431e-01,-2.476762084604900160e-01,1.999993391667275855e+00,-2.476758140149172838e-01,2.477342311627971083e-01,1.004687697111102220e-05,1.000007035770159369e+00,1.000207094178333422e+00,9.999966958336379275e-01
1.967060453067005429e-02,-2.476815956259471596e-01,-2.476840444199111813e-01,9.999940007282109855e-01,-2.476785941090946519e-01,1.999994000722132181e+00,-2.476788715122711648e-01,2.477335661650858500e-01,7.567375800992931038e-06,1.000009648621145608e+00,1.000209201956899330e+00,9.999970003610659797e-01
1.968200776457739234e-02,-2.476816090252743630e-01,-2.476838820511606531e-01,9.999930949365958277e-01,-2.476852929883929799e-01,1.999993094929598980e+00,-2.476859216432922006e-01,2.477336125691270707e-01,1.338414972903592370e-06,9.999956851661516710e-01,1.000195644272204198e+00,9.999965474647994901e-01
1.969948270232063647e-02,-2.476816295591372230e-01,-2.476845451849306323e-01,9.999932832812149508e-01,-2.476880472693288038e-01,1.999993283274409173e+00,-2.476880181659504299e-01,2.477342563443325485e-01,-5.995378742331669923e-07,9.999883010442122133e-01,1.000187248866089451e+00,9.999966416372044753e-01
1.970653200421322582e-02,-2.476816378423936926e-01,-2.476847651250234095e-01,9.999928827997425218e-01,-2.476805398096338651e-01,1.999992882792530624e+00,-2.476788858367377777e-01,2.477343856390834820e-01,5.779580976275794909e-06,1.000000588536187340e+00,1.000203203696148568e+00,9.999964413962654231e-01
1.971261034566681308e-02,-2.476816449847258073e-01,-2.476837270533112645e-01,9.999922069751521203e-01,-2.476755008292905735e-01,1.999992206967255548e+00,-2.476762156919147251e-01,2.477339477894341946e-01,9.321336763328919481e-06,1.000010320999672020e+00,1.000209260708455838e+00,9.999961034836277740e-01
1.972102990472738779e-02,-2.476816548780989280e-01,-2.476771118236215929e-01,9.999922906292784130e-01,-2.476867509168868275e-01,1.999992290621466662e+00,-2.476863574291586489e-01,2.477299574705630614e-01,6.490580047177438256e-07,9.999979744497453638e-01,1.000197623016920501e+00,9.999961453107333309e-01
1.973050692411173687e-02,-2.476816660140362669e-01,-2.476775342160008053e-01,9.999928356724676615e-01,-2.476672111526505016e-01,1.999992835665208357e+00,-2.476651759494041538e-01,2.477274885175346220e-01,6.840859178559106916e-06,1.000005098570163620e+00,1.000205921532298481e+00,9.999964178326041786e-01
1.974125879547805607e-02,-2.476816786479837940e-01,-2.476860296109787418e-01,9.999970945306576597e-01,-2.476733628968397771e-01,1.999997094527713681e+00,-2.476740748998153829e-01,2.477354975366947154e-01,8.010513038917275560e-06,1.000010008628675617e+00,1.000209827721816103e+00,9.999985472638568407e-01
1.975130760019639872e-02,-2.476816904557946064e-01,-2.476752338856930136e-01,9.999990613968470221e-01,-2.476742689837411471e-01,1.999999061395896005e+00,-2.476735749917540197e-01,2.477299266788627330e-01,7.963914839383568956e-07,1.000004833517293967e+00,1.000204159148841976e+00,9.999995306979480025e-01
1.976233697131807646e-02,-2.476817034158168840e-01,-2.476769733265600237e-01,9.999946546205584763e-01,-2.476680338462180497e-01,1.999994654615142142e+00,-2.476681159555742529e-01,2.477270164223692173e-01,3.493050453557576176e-06,9.999991450528011860e-01,1.000198632689348388e+00,9.999973273075710711e-01
1.977154261335986596e-02,-2.476817142328727184e-01,-2.476819043212294125e-01,9.999979811213919323e-01,-2.476779893068463134e-01,1.999997981119346235e+00,-2.476795435836321724e-01,2.477319212866997966e-01,-1.524019297162491150e-06,9.999927526776059006e-01,1.000192945705138836e+00,9.999989905596732287e-01
1.978068434539679774e-02,-2.476817249748310412e-01,-2.476860432282126656e-01,1.000000811384604393e+00,-2.476830441042230935e-01,2.000000811385426402e+00,-2.476828259534830379e-01,2.477357595254721656e-01,5.441369119173038250e-06,1.000000706692971253e+00,1.000202074460755153e+00,1.000000405692713201e+00
1.979001948325144131e-02,-2.476817359440501853e-01,-2.476853109437110734e-01,9.999980181743532981e-01,-2.476779388245176350e-01,1.999998018172345127e+00,-2.476773483046143809e-01,2.477348692418659126e-01,2.388616417797064075e-07,1.000011369835951847e+00,1.000212460892504707e+00,9.999990090861725633e-01
1.980001713651674544e-02,-2.476817476917554106e-01,-2.476744214101344321e-01,9.999934668059009546e-01,-2.476682992006413453e-01,1.999993466799280917e+00,-2.476667844361720994e-01,2.477298164106433442e-01,3.262861694748689762e-06,1.000002002899329945e+00,1.000200880519832580e+00,9.999967333996404584e-01
1.981055716959785606e-02,-2.476817600767818317e-01,-2.476870738235073255e-01,9.999923903351719545e-01,-2.476813448682464169e-01,1.999992390327461234e+00,-2.476835391979476664e-01,2.477372108512036208e-01,-2.476025802300218112e-07,9.999941214657811495e-01,1.000193866756397654e+00,9.999961951637305058e-01
1.982098906242398678e-02,-2.476817723347385092e-01,-2.476824382389001267e-01,9.999980376662721548e-01,-2.476856432661746488e-01,1.999998037664283856e+00,-2.476862670262915400e-01,2.477336475481468347e-01,-3.795348742635352953e-06,9.999997735786588793e-01,1.000199795510738676e+00,9.999990188321419282e-01
1.983156331812610529e-02,-2.476817847599795119e-01,-2.476810507519506266e-01,9.999948866036957318e-01,-2.476859092870814794e-01,1.999994886598514432e+00,-2.476855453012719033e-01,2.477306410397706049e-01,-7.628522772523898047e-07,9.999994181577233077e-01,1.000199480112996975e+00,9.999974432992571050e-01
1.984227878542105597e-02,-2.476817973511510063e-01,-2.476801002656627559e-01,9.999935093581657775e-01,-2.476804562092375650e-01,1.999993509351589038e+00,-2.476796299855835159e-01,2.477298798747658293e-01,7.591227942348599143e-06,9.999988714897577458e-01,1.000198803801339187e+00,9.999967546757944081e-01
1.985223936435641726e-02,-2.476818090552935225e-01,-2.476823515675276588e-01,9.999957107254576760e-01,-2.476718634096702343e-01,1.999995710721111486e+00,-2.476705596248505170e-01,2.477318187584916787e-01,1.330994429426280149e-05,1.000000880064996212e+00,1.000202133292189544e+00,9.999978553605557430e-01
1.986999999999999877e-02,-2.476818299248629840e-01,-2.476783857912688014e-01,9.999960235585486634e-01,-2.476785216825280744e-01,1.999996023554519331e+00,-2.476799998499884525e-01,2.477287290393218600e-01,-2.244311718698028201e-06,9.999990409445854711e-01,1.000197710755718061e+00,9.999980117772596655e-01
1.987283884623118613e-02,-2.476818332606388340e-01,-2.476784620842015228e-01,9.999956654036792347e-01,-2.476793605308771906e-01,1.999995665399286970e+00,-2.476790620260685416e-01,2.477281638701461786e-01,-3.914435262604237692e-07,9.999977025635091721e-01,1.000197814609179447e+00,9.999978326996434852e-01
1.988116845693326321e-02,-2.476818430483165301e-01,-2.476800927561482735e-01,9.999957835119241967e-01,-2.476740409749965122e-01,1.999995783507651392e+00,-2.476741918792706720e-01,2.477298669730709779e-01,8.824843584952657432e-06,1.000000101732130053e+00,1.000200068033625822e+00,9.999978917538258072e-01
1.989019545397738287e-02,-2.476818536554560302e-01,-2.476823929400902846e-01,9.999975350832914778e-01,-2.476883961730176054e-01,1.999997535080793920e+00,-2.476905314510067235e-01,2.477321527183484751e-01,-7.986269340933635123e-07,9.999939114337106361e-01,1.000193124303376146e+00,9.999987675403969600e-01
1.990014115872338132e-02,-2.476818653421194727e-01,-2.476832019965202747e-01,9.999978385970589301e-01,-2.476872426071367039e-01,1.999997838594868904e+00,-2.476870348773294039e-01,2.477327628392078651e-01,-2.309004211487746948e-06,9.999917370860981203e-01,1.000191897248047246e+00,9.999989192974344521e-01
1.991002565551017872e-02,-2.476818769568609468e-01,-2.476810030778827387e-01,9.999959158893384492e-01,-2.476778920003016582e-01,1.999995915885200093e+00,-2.476765225895055100e-01,2.477310843457545264e-01,8.165493751199897967e-06,1.000009290030794862e+00,1.000211248622721261e+00,9.999979579426000464e-01
1.991542443043827978e-02,-2.476818833006708132e-01,-2.476794944513283636e-01,9.999949456868698627e-01,-2.476728278698959174e-01,1.999994945681748293e+00,-2.476719738651526614e-01,2.477297071320986310e-01,5.978288734299111904e-06,1.000005365989678596e+00,1.000203854417318405e+00,9.999974728408741464e-01
1.992500044861080649e-02,-2.476818945529356275e-01,-2.476838689792334458e-01,9.999946558117261963e-01,-2.476827908280674340e-01,1.999994655806311084e+00,-2.476862740588506029e-01,2.477348831613007119e-01,1.034021116531464591e-06,9.999975831627584411e-01,1.000197869373155246e+00,9.999973279031555418e-01
1.993749345468831535e-02,-2.476819092327961769e-01,-2.476907266525193163e-01,9.999970126269527304e-01,-2.476955247018476913e-01,1.999997012623925707e+00,-2.476943878182382153e-01,2.477406727959515775e-01,2.666759102393498589e-06,1.000004230206125166e+00,1.000205063808896622e+00,9.999985063119628537e-01
1.994595845575641152e-02,-2.476819191795645581e-01,-2.476860054699873415e-01,9.999949459778176841e-01,-2.476857270949354983e-01,1.999994945972696447e+00,-2.476846228593226062e-01,2.477378579816834625e-01,5.338794450893931904e-06,1.000005567146826202e+00,1.000205291654054252e+00,9.999974729863482237e-01
1.995475906321579618e-02,-2.476819295206886262e-01,-2.476838363533742093e-01,9.999881172851377009e-01,-2.476778001488692260e-01,1.999988117273097110e+00,-2.476777977853534540e-01,2.477337606867180686e-01,1.033686278219773388e-05,1.000005422852349390e+00,1.000205545763899861e+00,9.999940586365485551e-01
1.996789503360218293e-02,-2.476819449560640485e-01,-2.476775216747720831e-01,9.999900641515437894e-01,-2.476717736240745538e-01,1.999990064141476287e+00,-2.476703992534690923e-01,2.477319000494321299e-01,1.152383175419848638e-05,1.000008610630155115e+00,1.000209075007300719e+00,9.999950320707380325e-01
1.997266600380983095e-02,-2.476829979481061927e-01,-2.476756926605598874e-01,9.999921112417414770e-01,-2.476702216239959065e-01,1.999992111233747982e+00,-2.476721908054735355e-01,2.477278289396286914e-01,1.027626336268970341e-05,1.000009374380758320e+00,1.000208997059505611e+00,9.999960556168739911e-01
1.998321645310146069e-02,-2.476861497714993032e-01,-2.476850023995028349e-01,9.999935917670271790e-01,-2.476894289107144376e-01,1.999993591760533818e+00,-2.476886797616751623e-01,2.477347171227099187e-01,6.004018638767161639e-06,1.000006092739871066e+00,1.000206135543673325e+00,9.999967958802670198e-01
1.999893867830196750e-02,-2.476888312272864101e-01,-2.476975399994227056e-01,9.999976183621133163e-01,-2.476950663565537225e-01,1.999997618359700136e+00,-2.476962225097673609e-01,2.477485265813004767e-01,2.975890129170407616e-06,1.000004614444197415e+00,1.000204717591860470e+00,9.999988091798500678e-01
2.001111760964193950e-02,-2.476899549757375640e-01,-2.476930255174075168e-01,9.999911660687467174e-01,-2.476803871114557354e-01,1.999991166059795544e+00,-2.476791288733590501e-01,2.477451326343853844e-01,1.026780945798099891e-05,1.000009579477386668e+00,1.000209141502139687e+00,9.999955830298976611e-01
2.002187841759386910e-02,-2.476905564180156838e-01,-2.476907669239283016e-01,9.999826324878930972e-01,-2.476712190461302920e-01,1.999982632470295174e+00,-2.476696847194555517e-01,2.477410541892355600e-01,1.801880808029379660e-05,1.000002579891564602e+00,1.000203106961202959e+00,9.999913162351474760e-01
2.003130558374267151e-02,-2.476908954145631003e-01,-2.476835640881496492e-01,9.999819235633747860e-01,-2.476562445406503554e-01,1.999981923545058216e+00,-2.476557567943180604e-01,2.477362737239462154e-01,2.603860740763665316e-05,1.000008240535517512e+00,1.000208347791194718e+00,9.999909617725292188e-01
2.004039039146884166e-02,-2.476911137472518343e-01,-2.476864922338484765e-01,9.999851399588153278e-01,-2.476676163970898126e-01,1.999985139943758039e+00,-2.476696393374936966e-01,2.477364454097429336e-01,1.057991202053252040e-05,1.000003750996886209e+00,1.000203266694307924e+00,9.999925699718790195e-01
2.004859944623576390e-02,-2.476912490403024025e-01,-2.476908352779866318e-01,9.999890381882141632e-01,-2.476809750190262782e-01,1.999989038177106604e+00,-2.476824489446847744e-01,2.477409157338774648e-01,1.254804998599972538e-05,1.000007206368506818e+00,1.000207811200787722e+00,9.999945190885534130e-01
2.005541103366159650e-02,-2.476913298863382407e-01,-2.476905258041405544e-01,9.999917157649003130e-01,-2.476836032678597366e-01,1.999991715756505917e+00,-2.476833255134488487e-01,2.477404683286410780e-01,1.024596664439900540e-05,1.000006423874428174e+00,1.000205876779239889e+00,9.999958578782530694e-01
2.006501446167862149e-02,-2.476914099428397242e-01,-2.476922833928490997e-01,9.999899875521367498e-01,-2.476807926162231943e-01,1.999989987541991088e+00,-2.476807933435200004e-01,2.477427573666878546e-01,1.151419396433850606e-05,1.000005856923752434e+00,1.000206470264710656e+00,9.999949937709957659e-01
2.007470471668144213e-02,-2.476914630463365741e-01,-2.476933520812096834e-01,9.999869457557978292e-01,-2.476774123720723586e-01,1.999986945742570299e+00,-2.476764263319583825e-01,2.477449177631329824e-01,1.522192710266023186e-05,1.000009073650082625e+00,1.000208736987405311e+00,9.999934728712850385e-01
2.008381856787926426e-02,-2.476914961961142470e-01,-2.476892530307500118e-01,9.999864352494810538e-01,-2.476728808792423020e-01,1.999986435235735938e+00,-2.476734821106955364e-01,2.477400005125685034e-01,1.303899644908274426e-05,1.000007999050416485e+00,1.000208711733611588e+00,9.999932176178680798e-01
2.009725681874979103e-02,-2.476915263495704234e-01,-2.476887841816813318e-01,9.999843963291277227e-01,-2.476726961213161216e-01,1.999984396313317037e+00,-2.476720524328293038e-01,2.477432662579471534e-01,1.792180800627282138e-05,1.000010495415543765e+00,1.000209687104290479e+00,9.999921981566584073e-01
2.011070451711531593e-02,-2.476915431539152002e-01,-2.476980094062998516e-01,9.999847907879281239e-01,-2.476792422268254135e-01,1.999984790772516785e+00,-2.476804111439838696e-01,2.477481410903052683e-01,1.535755953695439342e-05,1.000005099576287471e+00,1.000205294436238512e+00,9.999923953862583925e-01
2.012116471325022665e-02,-2.476915508730133664e-01,-2.476952848221432579e-01,9.999873616204761895e-01,-2.476895962342234858e-01,1.999987361607669989e+00,-2.476897026557598469e-01,2.477456556283820499e-01,9.771213970345566784e-06,1.000005471237770172e+00,1.000205090650378992e+00,9.999936808038348834e-01
2.013084453573941654e-02,-2.476915554691058174e-01,-2.476948434145934685e-01,9.999846753911731945e-01,-2.476760271872885666e-01,1.999984675375644949e+00,-2.476748943879235054e-01,2.477446013351917442e-01,2.012673934881495236e-05,1.000006694314760081e+00,1.000207197538900861e+00,9.999923376878225856e-01
2.014151950838088609e-02,-2.476915587211160064e-01,-2.476976381149141870e-01,9.999811549833597102e-01,-2.476827555078901788e-01,1.999981154964264540e+00,-2.476814599837173780e-01,2.477474422281514266e-01,2.089903986311660977e-05,1.000007877805199286e+00,1.000208671234952273e+00,9.999905774821322701e-01
2.015198161550724176e-02,-2.476915607237939465e-01,-2.476847872341942924e-01,9.999818792092729502e-01,-2.476556642317343238e-01,1.999981879190911638e+00,-2.476562682411227179e-01,2.477397557306858789e-01,2.260457902674539694e-05,1.000017948625520070e+00,1.000217413367209929e+00,9.999909395954557079e-01
2.016104115713299519e-02,-2.476915618479618442e-01,-2.476970159687210404e-01,9.999810651438570952e-01,-2.476763446477250052e-01,1.999981065124670776e+00,-2.476778928102525978e-01,2.477467754341815265e-01,1.312162262342247831e-05,1.000009087633749960e+00,1.000208017012188533e+00,9.999905325623353880e-01
2.017009476466271808e-02,-2.476915625984041358e-01,-2.476934727842262651e-01,9.999862935597053637e-01,-2.476718030321785613e-01,1.999986293545816807e+00,-2.476711673580359319e-01,2.477443184092423534e-01,1.638487935801508937e-05,1.000002026867039984e+00,1.000201302038921325e+00,9.999931467729085144e-01
2.017974717735424722e-02,-2.476915631236450144e-01,-2.476921683217569170e-01,9.999861348242481407e-01,-2.476716449902968964e-01,1.999986134810199045e+00,-2.476712051807916093e-01,2.477417157150597071e-01,1.461465353545794807e-05,1.000003959778072327e+00,1.000204534366959663e+00,9.999930674050995227e-01
2.019110380779341393e-02,-2.476915635058852816e-01,-2.476928484014461473e-01,9.999828665005504602e-01,-2.476760421910853827e-01,1.999982866483189348e+00,-2.476760596679320192e-01,2.477424026130849721e-01,1.858781549445824379e-05,1.000014758004620807e+00,1.000215079248027106e+00,9.999914332415946738e-01
2.020502240117244899e-02,-2.476915637632112477e-01,-2.476889353677593497e-01,9.999847293801084058e-01,-2.476724195419350016e-01,1.999984729364635117e+00,-2.476730829214122964e-01,2.477389926129293374e-01,1.808744476686338895e-05,1.000010690957092940e+00,1.000209714603988109e+00,9.999923646823174472e-01
2.021746937093449673e-02,-2.476915638790367358e-01,-2.476963415317359751e-01,9.999863619033787510e-01,-2.476789819609304388e-01,1.999986361889559472e+00,-2.476796581174676715e-01,2.477465400290417286e-01,1.615041336514615181e-05,1.000010980319685716e+00,1.000211790261700706e+00,9.999931809447797360e-01
2.023000407936400430e-02,-2.476915639338035102e-01,-2.476939196522340014e-01,9.999870572566466054e-01,-2.476837765973104455e-01,1.999987057243531874e+00,-2.476834854068295511e-01,2.477450691463446986e-01,1.675856103046949536e-05,1.000004062476557154e+00,1.000203200870719789e+00,9.999935286217659369e-01
2.024001513976547706e-02,-2.476915639508004974e-01,-2.476895695025956023e-01,9.999822021516678872e-01,-2.476781288840973760e-01,1.999982202133633535e+00,-2.476776253222152391e-01,2.477403963793793906e-01,1.657808230812834362e-05,1.000017584328454445e+00,1.000219105263811192e+00,9.999911010668167677e-01
2.025000363369770448e-02,-2.476915639530541946e-01,-2.476961386340859050e-01,9.999818313385310242e-01,-2.476740602189320684e-01,1.999981831320121195e+00,-2.476739856341717283e-01,2.477464506227486929e-01,2.422640812203865463e-05,1.000014021713163226e+00,1.000213369339790326e+00,9.999909156600604865e-01
2.026013590601623629e-02,-2.476915639456422069e-01,-2.476958630743534562e-01,9.999854679062346596e-01,-2.476736350180212265e-01,1.999985467891509439e+00,-2.476734790427261301e-01,2.477454344863869451e-01,2.118494622036825919e-05,1.000017178982407495e+00,1.000217421203206669e+00,9.999927339457547193e-01
2.027153064059768195e-02,-2.476915639298992722e-01,-2.476925451709973414e-01,9.999832174512880423e-01,-2.476660281811954023e-01,1.999983217434282645e+00,-2.476663140735160529e-01,2.477428832198523556e-01,1.806149805397404493e-05,1.000009630214155898e+00,1.000209576970327197e+00,9.999916087171412116e-01
2.028201528634030956e-02,-2.476915639110555956e-01,-2.476892002758476763e-01,9.999815395367910309e-01,-2.476740843105924017e-01,1.999981539518085327e+00,-2.476736821348859141e-01,2.477394532604632049e-01,1.258508993365147741e-05,1.000009080093099190e+00,1.000209125883603223e+00,9.999907697590426636e-01
2.029287479296018604e-02,-2.476915638887990379e-01,-2.476869588877181061e-01,9.999839697138904748e-01,-2.476676896078961465e-01,1.999983969697647357e+00,-2.476679967993519471e-01,2.477372881663484072e-01,1.493910817673970185e-05,1.000008777098108537e+00,1.000207775249745135e+00,9.999919848488236784e-01
2.031005092794889097e-02,-2.476915638503024431e-01,-2.476775716578198394e-01,9.999886669840439835e-01,-2.476682690183978353e-01,1.999988666972560170e+00,-2.476680064782981749e-01,2.477290552994130812e-01,8.678668646364548153e-06,9.999980641994193897e-01,1.000197905935584997e+00,9.999943334862803068e-01
2.032070158848860164e-02,-2.476915638252721041e-01,-2.476843190654856586e-01,9.999926027701104836e-01,-2.476855312169772283e-01,1.999992602762614924e+00,-2.476870736634355086e-01,2.477341399879597061e-01,-4.011484962013101507e-07,9.999994777629980236e-01,1.000199555918319883e+00,9.999963013813074619e-01
2.033046536680207378e-02,-2.476915638018804544e-01,-2.476830575245685118e-01,9.999970867815365372e-01,-2.476839312874404841e-01,1.999997086778584565e+00,-2.476834784969667302e-01,2.477329334489525858e-01,4.866980180956419252e-07,1.000003263049707325e+00,1.000203375473857514e+00,9.999985433892922826e-01
2.034037028573597999e-02,-2.476915637778719648e-01,-2.476942702709036270e-01,9.999958239338152532e-01,-2.476912334306221597e-01,1.999995823929583638e+00,-2.476918245543068553e-01,2.477444458660069126e-01,6.244653023207076750e-07,9.999979225868558252e-01,1.000197652904124546e+00,9.999979119647918191e-01
2.035050132821287702e-02,-2.476915637531251491e-01,-2.476887285228452917e-01,9.999932215428247728e-01,-2.476764636520782936e-01,1.999993221535956156e+00,-2.476750773053406629e-01,2.477405024878551743e-01,1.015279292819075540e-05,1.000002345294267236e+00,1.000203357329074061e+00,9.999966107679780780e-01
2.036109235864726544e-02,-2.476915637271233928e-01,-2.476968799838177582e-01,9.999874893791822483e-01,-2.476783435499075037e-01,1.999987489366505500e+00,-2.476788503668337915e-01,2.477465384779018731e-01,1.962136425226192906e-05,1.000020201386829788e+00,1.000220555309539128e+00,9.999937446832526389e-01
2.037002029999999964e-02,-2.476915406647507978e-01,-2.476947875064230142e-01,9.999859202944857417e-01,-2.476865774895062322e-01,1.999985920280219265e+00,-2.476878437633582009e-01,2.477449273158162379e-01,1.601886312159156147e-05,1.000013205729467947e+00,1.000212097115878107e+00,9.999929601401095214e-01
2.037217669726457819e-02,-2.476869570801914500e-01,-2.476897288797073604e-01,9.999860788276178081e-01,-2.476833670154914568e-01,1.999986078813511758e+00,-2.476811723851047309e-01,2.477438584177888703e-01,1.529223270092198978e-05,1.000011344624107679e+00,1.000210681975008731e+00,9.999930394067558792e-01
2.038836025274300481e-02,-2.476869760966189660e-01,-2.476816266431559888e-01,9.999823951682403900e-01,-2.476595587380446273e-01,1.999982395150401659e+00,-2.476590744087089624e-01,2.477321441122001255e-01,1.658503751514645735e-05,1.000004971623857486e+00,1.000204420872234490e+00,9.999911975752009408e-01
2.040048800988679759e-02,-2.476869903472959100e-01,-2.476897198299746194e-01,9.999899022200881005e-01,-2.476892770288250389e-01,1.999989902209856174e+00,-2.476915084076455886e-01,2.477394824393016615e-01,4.986694843920329328e-06,1.000001164738924420e+00,1.000200848566302758e+00,9.999949511049281980e-01
2.041010201297561652e-02,-2.476870016441943823e-01,-2.476816990907171334e-01,9.999941302324637515e-01,-2.476722510876296912e-01,1.999994130226515843e+00,-2.476697568003866645e-01,2.477350394757949215e-01,7.837866605934158589e-06,1.000002299855628607e+00,1.000202582588209488e+00,9.999970651132580324e-01
2.041568215865521146e-02,-2.476870082011229379e-01,-2.476828544744328620e-01,9.999935271969774275e-01,-2.476769067789347523e-01,1.999993527190418563e+00,-2.476788389172520088e-01,2.477328174461058963e-01,3.289224056917498688e-06,9.999992578970521295e-01,1.000198461934512784e+00,9.999967635952092815e-01
2.042157602327154126e-02,-2.476870151266868103e-01,-2.476847083171615505e-01,9.999911153497536009e-01,-2.476857352440962612e-01,1.999991115340750802e+00,-2.476850966299047330e-01,2.477341759789265518e-01,6.045819500651652730e-07,9.999961551796658910e-01,1.000196826075706369e+00,9.999955576703755122e-01
2.043050212573269131e-02,-2.476870256152693961e-01,-2.476810043305341935e-01,9.999923156395789103e-01,-2.476686602541706417e-01,1.999992315631792472e+00,-2.476674404966968668e-01,2.477317825681504271e-01,1.013152403199876020e-05,1.000006830127296853e+00,1.000207591572435328e+00,9.999961578158962361e-01
2.044024283641052153e-02,-2.476870370610548822e-01,-2.476802796068570678e-01,9.999938412018941625e-01,-2.476722376973657103e-01,1.999993841195653710e+00,-2.476725544630171694e-01,2.477300861257194231e-01,1.104131376301980079e-05,1.000006773579064756e+00,1.000206631863271634e+00,9.999969205978268549e-01
2.045027910711352120e-02,-2.476870488541367266e-01,-2.476936082248797633e-01,9.999946723209395261e-01,-2.476905594953805190e-01,1.999994672315541067e+00,-2.476929309739098750e-01,2.477441254073030619e-01,3.944955345175794526e-06,9.999972702814797776e-01,1.000196377516755497e+00,9.999973361577705333e-01
2.046011915539209386e-02,-2.476870604166482859e-01,-2.476902226101577731e-01,9.999958876457771817e-01,-2.476923110037262676e-01,1.999995887641610404e+00,-2.476915783042089314e-01,2.477411797616356492e-01,6.216511247903871758e-06,1.000000027571767980e+00,1.000200557826357084e+00,9.999979438208052018e-01
2.047012544359846573e-02,-2.476870721744995896e-01,-2.476860551595781446e-01,9.999895334655185541e-01,-2.476714513820932329e-01,1.999989533454912927e+00,-2.476691931089802790e-01,2.477367969847894813e-01,9.398817023496035342e-06,1.000003041040024243e+00,1.000203527302407469e+00,9.999947667274564633e-01
2.048099482419703590e-02,-2.476870849465244995e-01,-2.476932806065807735e-01,9.999861963765274142e-01,-2.476745989770916256e-01,1.999986196362540491e+00,-2.476754227111840900e-01,2.477427499808068923e-01,1.379806061478940478e-05,1.000013654363872018e+00,1.000213893356951322e+00,9.999930981812702457e-01
2.049311774637005423e-02,-2.476870991915191000e-01,-2.476865521962837713e-01,9.999892261887309841e-01,-2.476773828660774612e-01,1.999989226177814272e+00,-2.476778587461349601e-01,2.477375248772622496e-01,7.345650755494280162e-06,1.000009530533567892e+00,1.000208742533872153e+00,9.999946130889071361e-01
2.050165053069472054e-02,-2.476871092179366851e-01,-2.476865155931683438e-01,9.999868982449363619e-01,-2.476792916834930358e-01,1.999986898231660648e+00,-2.476781074399906912e-01,2.477363418445855670e-01,6.480335466078420146e-06,1.000004703738195611e+00,1.000205183608573245e+00,9.999934491158303240e-01
2.051080297172310982e-02,-2.476871199724785255e-01,-2.476786327507172203e-01,9.999879673261383717e-01,-2.476606723944311805e-01,1.999987967313946013e+00,-2.476595701017202666e-01,2.477319111333024237e-01,1.568800326708749392e-05,1.000011888552824857e+00,1.000211750411608369e+00,9.999939836569730067e-01
2.052062064879820596e-02,-2.476871315087017245e-01,-2.476937953066179754e-01,9.999905614677832011e-01,-2.476779031345388293e-01,1.999990561458219185e+00,-2.476802627009051794e-01,2.477437599786902200e-01,1.002162335858618929e-05,1.000000559136759781e+00,1.000200048947442522e+00,9.999952807291095924e-01
2.053187751995199511e-02,-2.476871447360469436e-01,-2.476839427977399199e-01,9.999945473863431911e-01,-2.476882146966057907e-01,1.999994547380818277e+00,-2.476876171506129098e-01,2.477377878047444526e-01,1.109239480610157184e-06,1.000001599483564707e+00,1.000200904630377252e+00,9.999972736904091386e-01
2.054818565813925843e-02,-2.476871638988654700e-01,-2.476833407728162573e-01,9.999881656681953723e-01,-2.476758239684214991e-01,1.999988165656203742e+00,-2.476766065536092354e-01,2.477333976279819383e-01,1.055057616819816610e-05,1.000005382682134902e+00,1.000206216143368465e+00,9.999940828281019822e-01
2.055959738836355549e-02,-2.476871773081768813e-01,-2.476980009120119397e-01,9.999944807256635482e-01,-2.476912368666420172e-01,1.999994480720070911e+00,-2.476928150130701944e-01,2.477490753194865614e-01,2.627426629945895632e-06,1.000000875885598717e+00,1.000200117048075210e+00,9.999972403600354554e-01
2.057037488714527976e-02,-2.476871899722366821e-01,-2.476884313488385281e-01,9.999937824182820734e-01,-2.476893109520545144e-01,1.999993782411981780e+00,-2.476880204182182743e-01,2.477434885600008074e-01,3.641636742994762776e-06,9.999972439828435089e-01,1.000197670006121919e+00,9.999968912059908899e-01
2.058894003184484622e-02,-2.476872117871421475e-01,-2.476842612046172010e-01,9.999837241778177788e-01,-2.476721087834072854e-01,1.999983724161325638e+00,-2.476713248636500941e-01,2.477373332384352200e-01,1.617437984857373210e-05,1.000014942478996582e+00,1.000214769213246591e+00,9.999918620806628189e-01
2.060097367937038099e-02,-2.476872259272355770e-01,-2.476834264268511221e-01,9.999873701594690356e-01,-2.476701130092535674e-01,1.999987370146671495e+00,-2.476702441581498382e-01,2.477331512857840201e-01,1.218386979137134828e-05,1.000004865374668706e+00,1.000204255859248104e+00,9.999936850733357474e-01
2.061205693823991644e-02,-2.476872389505768712e-01,-2.476857195923207189e-01,9.999916279121188190e-01,-2.476778643590985818e-01,1.999991627903635605e+00,-2.476781656933722542e-01,2.477352778406872180e-01,5.296888197414132530e-06,9.999982175312849275e-01,1.000198041268604454e+00,9.999958139518178024e-01
2.062771896158310456e-02,-2.476872573541786526e-01,-2.476854218587619394e-01,9.999930385527688870e-01,-2.476750143711526908e-01,1.999993038545714974e+00,-2.476748790684262791e-01,2.477349239859827634e-01,6.775716147035574119e-06,9.999960877266673709e-01,1.000195660340477355e+00,9.999965192728574870e-01
2.064492753071863265e-02,-2.476872775750440514e-01,-2.476904675641265485e-01,9.999916206470609303e-01,-2.476789558128011659e-01,1.999991620638570167e+00,-2.476794682445487561e-01,2.477400661068782373e-01,7.453812727764338608e-06,1.000007317347135549e+00,1.000207530612798434e+00,9.999958103192851944e-01
2.065407650627635802e-02,-2.476872883255132329e-01,-2.476872325506202233e-01,9.999908243795934126e-01,-2.476790195658877813e-01,1.999990824370295961e+00,-2.476777367792377116e-01,2.477382135815903719e-01,9.270483351185076560e-06,1.000007085908118709e+00,1.000206756481953230e+00,9.999954121851478694e-01
2.066270693911017448e-02,-2.476872984666707300e-01,-2.476834851372043678e-01,9.999880168934839331e-01,-2.476687727515804460e-01,1.999988016881341535e+00,-2.476693139992209858e-01,2.477338769842651889e-01,1.591491736532707422e-05,1.000004526079274036e+00,1.000203873759426543e+00,9.999940084406708785e-01
2.067190018559622935e-02,-2.476873092691608547e-01,-2.476861491686958294e-01,9.999880025529235272e-01,-2.476797442153746420e-01,1.999988002540766585e+00,-2.476801047752053286e-01,2.477358406893792886e-01,9.464886906897805312e-06,9.999975119112511912e-01,1.000197798611185407e+00,9.999940012703834036e-01
2.069000000000000353e-02,-2.476873305372808698e-01,-2.476953062427001973e-01,9.999923076053678361e-01,-2.476844048776266904e-01,1.999992307597573182e+00,-2.476848364958635917e-01,2.477457326966830686e-01,1.299765912230459541e-05,1.000007839857375957e+00,1.000208516466282616e+00,9.999961537987865912e-01
2.070000526275546718e-02,-2.476873422939261937e-01,-2.476828276072858825e-01,9.999902694145939019e-01,-2.476676479371677231e-01,1.999990269404734011e+00,-2.476655302922816937e-01,2.477395126866860642e-01,1.176858725316241401e-05,1.000007009334627606e+00,1.000206819376240786e+00,9.999951347023670056e-01
2.071000162557953828e-02,-2.476873540401145490e-01,-2.476936687777383794e-01,9.999859995961342118e-01,-2.476875921037007544e-01,1.999985999581948004e+00,-2.476903978651019966e-01,2.477445722170257547e-01,4.532124933835973987e-06,1.000000134155591747e+00,1.000199371016855965e+00,9.999929997909738910e-01
2.071496123211787055e-02,-2.476873598678800414e-01,-2.476918495758001493e-01,9.999858693608532079e-01,-2.476867709830175013e-01,1.999985869346534884e+00,-2.476853992165339857e-01,2.477423444411890052e-01,4.767695640034679610e-06,9.999993190615932281e-01,1.000199320772251710e+00,9.999929346732674418e-01
2.072194958111322344e-02,-2.476873680795134147e-01,-2.476875888281661608e-01,9.999896330475142037e-01,-2.476799972147333828e-01,1.999989633037009495e+00,-2.476797800040433373e-01,2.477390894338162008e-01,4.294154214047786675e-06,9.999990632766609933e-01,1.000199656635938350e+00,9.999948165185047477e-01
2.073089367351685017e-02,-2.476873785892370061e-01,-2.476907183563486770e-01,9.999878629529610485e-01,-2.476732355305129585e-01,1.999987862940662664e+00,-2.476716974584582120e-01,2.477401872187215970e-01,1.952990345908194614e-05,1.000009534217528584e+00,1.000210539206989324e+00,9.999939314703313320e-01
2.074002024777895845e-02,-2.476873893133831328e-01,-2.476849555996194774e-01,9.999868788352399562e-01,-2.476707926540115123e-01,1.999986878821944591e+00,-2.476711877495476055e-01,2.477368777101383313e-01,6.521194702325646872e-06,1.000006742961307760e+00,1.000205994072598914e+00,9.999934394109722957e-01
2.074537069728764338e-02,-2.476873956004078670e-01,-2.476855635078724638e-01,9.999879550011870899e-01,-2.476748331957309424e-01,1.999987954988982075e+00,-2.476754471536805058e-01,2.477353868093916944e-01,4.161833718482511715e-06,1.000002730254677008e+00,1.000202185196106042e+00,9.999939774944910376e-01
2.075139748612066584e-02,-2.476874026821642150e-01,-2.476869208827239544e-01,9.999879575753165550e-01,-2.476770891742266500e-01,1.999987957563114316e+00,-2.476758519428164107e-01,2.477363889864866997e-01,5.691563535767448515e-06,1.000000436271325732e+00,1.000200714939185387e+00,9.999939787815571579e-01
2.076075315882615346e-02,-2.476874136755111422e-01,-2.476842863438491471e-01,9.999900018188576656e-01,-2.476591987044759746e-01,1.999990001808726658e+00,-2.476569802874574455e-01,2.477344788807052667e-01,1.871028657333318436e-05,1.000007026141693345e+00,1.000207806499065155e+00,9.999950009043633292e-01
2.077038002863231675e-02,-2.476874249875266609e-01,-2.476872937249275652e-01,9.999912015121308340e-01,-2.476617274764716381e-01,1.999991201503215521e+00,-2.476619608520516658e-01,2.477369838949521341e-01,1.849439881408360093e-05,1.000011525820179159e+00,1.000211656545371364e+00,9.999956007516077605e-01
2.078003706898690073e-02,-2.476874363349939046e-01,-2.476850991158670301e-01,9.999916546025140462e-01,-2.476813889926885726e-01,1.999991654594057700e+00,-2.476840540179167938e-01,2.477352447526446066e-01,4.222138515393888790e-06,1.000000788879174873e+00,1.000199465251340625e+00,9.999958272970289608e-01
2.078400924065385014e-02,-2.476874410024775264e-01,-2.476861161282184198e-01,9.999918730889895135e-01,-2.476822462174029793e-01,1.999991873080754656e+00,-2.476818603281128184e-01,2.477360616177395058e-01,4.546126662436576795e-06,1.000000382547145517e+00,1.000200908147806267e+00,9.999959365403773281e-01
2.079302313894665008e-02,-2.476874515942238120e-01,-2.476871369948669688e-01,9.999909727519262770e-01,-2.476755314783946338e-01,1.999990972742779149e+00,-2.476754212261529364e-01,2.477373410297226131e-01,9.576909513419492901e-06,1.000005141430276856e+00,1.000205101621221671e+00,9.999954863713895747e-01
2.080293852629806761e-02,-2.476874632452606972e-01,-2.476816839629374378e-01,9.999911403471716254e-01,-2.476764890226154647e-01,1.999991140338194251e+00,-2.476772878970950886e-01,2.477321265111686877e-01,9.017120156401701441e-06,1.000005970300988034e+00,1.000207155115762081e+00,9.999955701690972365e-01
2.081226529588708213e-02,-2.476874742046451527e-01,-2.476881896806122085e-01,9.999904271003947631e-01,-2.476813923794546624e-01,1.999990427090694967e+00,-2.476808824301563183e-01,2.477376827206726473e-01,1.411954157257369765e-05,1.000014844459062413e+00,1.000213510264972738e+00,9.999952135453473723e-01
2.082115249290177397e-02,-2.476874846475123348e-01,-2.476868322163149339e-01,9.999931784130504653e-01,-2.476781580515587389e-01,1.999993178406138217e+00,-2.476788673194855739e-01,2.477366262056801827e-01,4.024270132536636266e-06,9.999987984704317157e-01,1.000198450497743918e+00,9.999965892030691084e-01
2.083291499054830409e-02,-2.476874984689908243e-01,-2.476833933352475814e-01,9.999912976771023754e-01,-2.476775264808509514e-01,1.999991297668284540e+00,-2.476769899319223311e-01,2.477333350635323173e-01,8.156454888755602947e-06,1.000004996371167687e+00,1.000204190171235741e+00,9.999956488341421590e-01
2.084272879801248382e-02,-2.476875100006676877e-01,-2.476864529746136689e-01,9.999904598497428854e-01,-2.476773386304524649e-01,1.999990459840076173e+00,-2.476784253228599131e-01,2.477360048842637552e-01,1.094814179921462370e-05,9.999975763123998274e-01,1.000197559719705254e+00,9.999952299200380867e-01
2.085271950110397995e-02,-2.476875217402053908e-01,-2.476844426092173201e-01,9.999928031162581554e-01,-2.476862208646925245e-01,1.999992803108965767e+00,-2.476854628641990408e-01,2.477341378335713717e-01,2.492801718936893157e-06,9.999971502061574258e-01,1.000197433130219693e+00,9.999964015544828833e-01
2.086225177997745248e-02,-2.476875329410732074e-01,-2.476861938765364535e-01,9.999919173169640185e-01,-2.476756729754867881e-01,1.999991917308773903e+00,-2.476756289449128789e-01,2.477359031890080943e-01,3.308914897450176337e-06,1.000000882923873791e+00,1.000201057814255279e+00,9.999959586543869516e-01
2.087148078791169203e-02,-2.476875437855841078e-01,-2.476874638472651990e-01,9.999920149760890276e-01,-2.476768973878974989e-01,1.999992014967997944e+00,-2.476768380260481739e-01,2.477369520449678730e-01,1.099841808275052346e-05,1.000003358399745634e+00,1.000204103145794443e+00,9.999960074839990831e-01
2.088057027291182616e-02,-2.476875544661482353e-01,-2.476853001064143189e-01,9.999918653067261243e-01,-2.476800334646771518e-01,1.999991865298483384e+00,-2.476803145665432415e-01,2.477353486742830402e-01,4.729122385304425713e-06,1.000008803235408639e+00,1.000208970963512245e+00,9.999959326492416922e-01
2.089012458919834586e-02,-2.476875656929101166e-01,-2.476866642337142710e-01,9.999905488455509417e-01,-2.476750320161660024e-01,1.999990548835974602e+00,-2.476742675927170456e-01,2.477363029312007192e-01,1.135487624515691669e-05,1.000009565479316631e+00,1.000209644442141999e+00,9.999952744179871900e-01
2.090092841355745482e-02,-2.476875783879015358e-01,-2.476830412277613858e-01,9.999909850239763198e-01,-2.476735244521028334e-01,1.999990985014841849e+00,-2.476730160553977933e-01,2.477335270331307571e-01,1.070597488371645278e-05,1.000004610974484898e+00,1.000204770718102987e+00,9.999954925074208134e-01
2.091919615844810634e-02,-2.476875998533445700e-01,-2.476900077537445566e-01,9.999923030576435279e-01,-2.476775988072985046e-01,1.999992303049844544e+00,-2.476789343024151102e-01,2.477400810445549717e-01,9.697325275325768647e-06,1.000007770447728594e+00,1.000207211744258640e+00,9.999961515249221611e-01
2.093766778307579526e-02,-2.476876215583568575e-01,-2.476861704222229621e-01,9.999900393769245444e-01,-2.476843969918969268e-01,1.999990039366831729e+00,-2.476852205867147438e-01,2.477362221710332768e-01,7.689317552349079585e-06,1.000002201114036371e+00,1.000201422446560073e+00,9.999950196834157534e-01
2.095033399933554988e-02,-2.476876364417459064e-01,-2.476859817245587458e-01,9.999907099642727504e-01,-2.476715952413501565e-01,1.999990709954859280e+00,-2.476705015987609448e-01,2.477358418688135056e-01,6.433032787378200739e-06,9.999996182156745128e-01,1.000199315709976444e+00,9.999953549774296402e-01
2.096082501567052975e-02,-2.476876487691740403e-01,-2.476910983934088872e-01,9.999913335407834003e-01,-2.476769104683370637e-01,1.999991333532001647e+00,-2.476774574844324561e-01,2.477411642140196213e-01,1.057258674715976957e-05,9.999960179665403626e-01,1.000196667165913045e+00,9.999956667660008236e-01
2.097065842067211486e-02,-2.476876603238783170e-01,-2.476959719900772849e-01,9.999904112123232380e-01,-2.476900206446503161e-01,1.999990411202607010e+00,-2.476918175924093246e-01,2.477454419019531617e-01,5.618472250880417480e-06,1.000004831161401375e+00,1.000204942926020024e+00,9.999952056013035051e-01
2.098268391900388538e-02,-2.476876744543943798e-01,-2.476869973621984300e-01,9.999870825876023828e-01,-2.476849605422861700e-01,1.999987082574513408e+00,-2.476833559806637663e-01,2.477400341404325801e-01,9.531981418013042297e-06,1.000001701326342474e+00,1.000201933165423274e+00,9.999935412872567042e-01
2.099634691443958909e-02,-2.476876905090456826e-01,-2.476830224996402763e-01,9.999839940846810826e-01,-2.476724885533048703e-01,1.999983994068462501e+00,-2.476730946511416509e-01,2.477329619608665545e-01,1.354746081149169472e-05,1.000006073266737960e+00,1.000206284307959992e+00,9.999919970342312503e-01
2.101000381139631751e-02,-2.476877065565298575e-01,-2.476875306521247599e-01,9.999922448968677768e-01,-2.476765946961379805e-01,1.999992244889009729e+00,-2.476763269046688698e-01,2.477373585211847251e-01,6.030892389626922500e-06,1.000006543692782968e+00,1.000206578290425696e+00,9.999961224445048646e-01
2.102033668964184421e-02,-2.476877186981388257e-01,-2.476869363951341996e-01,9.999936770988084866e-01,-2.476748609164918791e-01,1.999993677092401612e+00,-2.476744436741926958e-01,2.477364721802522707e-01,1.086112384146263802e-05,1.000000334695600790e+00,1.000200203660440712e+00,9.999968385462008058e-01
2.103065601413219021e-02,-2.476877308238215336e-01,-2.476879280493736180e-01,9.999908923188521870e-01,-2.476846141532841605e-01,1.999990892309623680e+00,-2.476848525032736281e-01,2.477377362916661219e-01,1.189454546118390594e-05,1.000004199517156689e+00,1.000204563398192414e+00,9.999954461548117290e-01
2.104157099516360679e-02,-2.476877436494271112e-01,-2.476915658787983421e-01,9.999900067644753587e-01,-2.476725927854948606e-01,1.999990006754349237e+00,-2.476722283451722739e-01,2.477411815060115152e-01,1.593248631211271365e-05,1.000008594819141283e+00,1.000208557339083537e+00,9.999950033771747293e-01
2.105916989649640053e-02,-2.476877643289501219e-01,-2.476839587297446632e-01,9.999875886334340658e-01,-2.476704120015263133e-01,1.999987588620857792e+00,-2.476702588315000397e-01,2.477336333414144331e-01,1.500704018593991692e-05,1.000009794919432649e+00,1.000210238477311719e+00,9.999937943104288962e-01
2.107219418988740336e-02,-2.476877796330957671e-01,-2.476829669221480290e-01,9.999911130164901296e-01,-2.476699551496395202e-01,1.999991113007485000e+00,-2.476692704448777704e-01,2.477330684549861883e-01,9.831220569232953930e-06,1.000000079318644541e+00,1.000200233608117939e+00,9.999955565037424998e-01
2.109038828334888413e-02,-2.476878010119955009e-01,-2.476853184380912731e-01,9.999935914412028115e-01,-2.476694050994355800e-01,1.999993591434709117e+00,-2.476705081085160132e-01,2.477354209751507497e-01,9.170210587882505273e-06,1.000001920989470827e+00,1.000201940010993829e+00,9.999967957173546695e-01
2.110204442798680954e-02,-2.476878147085022075e-01,-2.476833424135371220e-01,9.999973984663960147e-01,-2.476746013728160778e-01,1.999997398463760012e+00,-2.476759763920068913e-01,2.477331215512746931e-01,4.162574536503421036e-06,1.000004330090176197e+00,1.000203590217737304e+00,9.999986992318798951e-01
2.111156272260962530e-02,-2.476878258929379184e-01,-2.476861214980187464e-01,9.999949305525966947e-01,-2.476848833995102250e-01,1.999994930547460026e+00,-2.476855890126750392e-01,2.477357550101611794e-01,2.192289258445171249e-06,9.999983664866404220e-01,1.000198791720869451e+00,9.999974652737300129e-01
2.112073725385814338e-02,-2.476878366734356907e-01,-2.476865961013745843e-01,9.999931775515482624e-01,-2.476829016855431886e-01,1.999993177544635126e+00,-2.476825936665946748e-01,2.477363715308048553e-01,8.284304969863953442e-06,1.000005266222310452e+00,1.000206015371272184e+00,9.999965887723176738e-01
2.113020583433276520e-02,-2.476878477994552130e-01,-2.476904118210611905e-01,9.999924143311128555e-01,-2.476827388837847255e-01,1.999992414323426448e+00,-2.476832809471758157e-01,2.477403086409262489e-01,1.053935916847359301e-06,1.000009132475278451e+00,1.000209168012753835e+00,9.999962071617132242e-01
2.114007895597958334e-02,-2.476878594008284640e-01,-2.476914485351150996e-01,9.999908392915523025e-01,-2.476877792404270640e-01,1.999990839282270061e+00,-2.476884235772376375e-01,2.477410299908655855e-01,4.426487439866464473e-06,1.000000373807046872e+00,1.000199530322666952e+00,9.999954196411350305e-01
2.115011500991205093e-02,-2.476878711936569832e-01,-2.476882072718046279e-01,9.999884522859679992e-01,-2.476825075839890200e-01,1.999988452274266804e+00,-2.476816942550259248e-01,2.477387360186623921e-01,8.369876279970137471e-06,1.000003250411857225e+00,1.000203687046519185e+00,9.999942261371335128e-01
2.116000121020563535e-02,-2.476878828103983021e-01,-2.476884459295894680e-01,9.999864470596385724e-01,-2.476625361751398080e-01,1.999986447045905669e+00,-2.476604074409338996e-01,2.477380452183336190e-01,2.388498901301262743e-05,1.000011717404301725e+00,1.000212632787935041e+00,9.999932235229528343e-01
2.116496105493698848e-02,-2.476878886384432654e-01,-2.476856126741777409e-01,9.999866570607799376e-01,-2.476677396178549595e-01,1.999986657047259975e+00,-2.476700633951011699e-01,2.477367908087686754e-01,1.956980848212855025e-05,1.000012329439821102e+00,1.000211929950800327e+00,9.999933285236298763e-01
2.117126140645237894e-02,-2.476878852169466239e-01,-2.476818430470534571e-01,9.999878823655652393e-01,-2.476815537529438727e-01,1.999987882353286395e+00,-2.476815062313059146e-01,2.477335693305495190e-01,1.048360398948639157e-05,1.000008453736884073e+00,1.000207054357986181e+00,9.999939411766434194e-01
2.118061663610006778e-02,-2.476878295384900008e-01,-2.476885352670926410e-01,9.999892413528121971e-01,-2.476701611464954267e-01,1.999989241341910695e+00,-2.476695991627339277e-01,2.477383063246356432e-01,1.418570467415586189e-05,9.999971739925943570e-01,1.000197293986239577e+00,9.999946206709553476e-01
2.119277618133284108e-02,-2.476877839789212998e-01,-2.476842713560221121e-01,9.999928851722161838e-01,-2.476708669803433238e-01,1.999992885165007062e+00,-2.476699949753546071e-01,2.477349420248627365e-01,1.029395475459232084e-05,1.000010399885948420e+00,1.000210854907395586e+00,9.999964425825034198e-01
2.120937984360167852e-02,-2.476877503353966392e-01,-2.476835478268332169e-01,9.999907607460211123e-01,-2.476778373077100082e-01,1.999990760736659379e+00,-2.476803074851515463e-01,2.477333679937172017e-01,8.965405248935474347e-06,1.000005025913901724e+00,1.000203666215873755e+00,9.999953803683295783e-01
2.121353981918098347e-02,-2.476877450725064600e-01,-2.476856508857036843e-01,9.999918695954475023e-01,-2.476802880840506260e-01,1.999991869587208981e+00,-2.476795018973621809e-01,2.477358208135270745e-01,1.059232777796014707e-05,1.000002938162877442e+00,1.000203118250228229e+00,9.999959347936046017e-01
2.122260597498032419e-02,-2.476877364188538044e-01,-2.476905882249879343e-01,9.999944568778392773e-01,-2.476741551297946820e-01,1.999994456872222548e+00,-2.476748694665572015e-01,2.477402817516294875e-01,1.632282815609489976e-05,1.000005635511646451e+00,1.000205820615639896e+00,9.999972284361112740e-01
2.124006637142650256e-02,-2.476877268734280491e-01,-2.476857062133430987e-01,9.999899271777281662e-01,-2.476825387491263797e-01,1.999989927167521664e+00,-2.476823938250811985e-01,2.477375416822172327e-01,8.380997967799100017e-06,1.000002123290137712e+00,1.000201729270424167e+00,9.999949635837608319e-01
2.125011029323258319e-02,-2.476877238904030276e-01,-2.476828147788175116e-01,9.999867888688453998e-01,-2.476729630387262127e-01,1.999986788855458775e+00,-2.476720947367598569e-01,2.477329395611267415e-01,1.227965874399990406e-05,1.000004671642581666e+00,1.000204901828814386e+00,9.999933944277293874e-01
2.126046523493668738e-02,-2.476877219064303748e-01,-2.476919131346727587e-01,9.999893927978534824e-01,-2.476740339268015401e-01,1.999989392787105524e+00,-2.476746862545206040e-01,2.477421190613576518e-01,1.705996407083042732e-05,1.000004691963582326e+00,1.000204893786827087e+00,9.999946963935527622e-01
2.127002953376734215e-02,-2.476877207111632118e-01,-2.476935784709591026e-01,9.999926709636687283e-01,-2.476857346009355976e-01,1.999992670956242335e+00,-2.476868908847422723e-01,2.477432230912185451e-01,7.546083781809219685e-06,1.000006941161378338e+00,1.000207161927606725e+00,9.999963354781211677e-01
2.127834632696046918e-02,-2.476877200011415037e-01,-2.476918494930827608e-01,9.999902942398759542e-01,-2.476784090135875638e-01,1.999990294230041377e+00,-2.476767182327173633e-01,2.477418868262218632e-01,1.299767256665957597e-05,1.000002717942845010e+00,1.000202353608367289e+00,9.999951471150205773e-01
2.129007064764591034e-02,-2.476877193400619792e-01,-2.476885907777582607e-01,9.999846940259243810e-01,-2.476702799699487256e-01,1.999984694010415343e+00,-2.476701699512859622e-01,2.477388343076029897e-01,1.803915518741271276e-05,1.000009614523330148e+00,1.000210221756849149e+00,9.999923470052075603e-01
2.130266570700602505e-02,-2.476877189080341213e-01,-2.476884191107441846e-01,9.999856056836868845e-01,-2.476703201649077535e-01,1.999985605669101218e+00,-2.476710215072502608e-01,2.477381363343270915e-01,1.638516273918849182e-05,1.000001798434569489e+00,1.000201703901234307e+00,9.999928028345506092e-01
2.131235979692367236e-02,-2.476877186949599519e-01,-2.476892124218994518e-01,9.999879197664949260e-01,-2.476759296031534885e-01,1.999987919754254495e+00,-2.476762361772523735e-01,2.477388988512997381e-01,1.717768330667968643e-05,1.000004224351019433e+00,1.000205498951056704e+00,9.999939598771271365e-01
2.132108654051209640e-02,-2.476877185594747177e-01,-2.476854544183759999e-01,9.999888114157563512e-01,-2.476799167104140331e-01,1.999988811404419309e+00,-2.476806186579904867e-01,2.477359269377278073e-01,5.557581731599439988e-06,1.000013556631621947e+00,1.000212710714077025e+00,9.999944057022095434e-01
2.133090995122777223e-02,-2.476877184493682660e-01,-2.477007268558336917e-01,9.999883401738348665e-01,-2.476901025177462856e-01,1.999988340162020206e+00,-2.476905532530127019e-01,2.477508617955247461e-01,8.315471820568552335e-06,1.000000576192814128e+00,1.000200644505297554e+00,9.999941700810101031e-01
2.134856479127533041e-02,-2.476877183193732790e-01,-2.476855411098587978e-01,9.999850818502475924e-01,-2.476710956325534341e-01,1.999985081835131462e+00,-2.476691113394037802e-01,2.477447164089986997e-01,2.151836888271166530e-05,1.000010641284167168e+00,1.000210891647164368e+00,9.999925409175656199e-01
2.135672396762458916e-02,-2.476877182768495167e-01,-2.476863828305173043e-01,9.999785400222691578e-01,-2.476678013464372607e-01,1.999978540000523886e+00,-2.476691677065532837e-01,2.477368790361215989e-01,2.194042073572430928e-05,1.000013273089493060e+00,1.000213318298704746e+00,9.999892700002620538e-01
2.136331571994393858e-02,-2.476877182474640782e-01,-2.476901934569931130e-01,9.999796873166080236e-01,-2.476766980777490856e-01,1.999979687296025599e+00,-2.476769285320577774e-01,2.477396579010779643e-01,1.780715460878147348e-05,1.000013763186023974e+00,1.000214303683700123e+00,9.999898436480126884e-01
2.137175164177993608e-02,-2.476877182144900658e-01,-2.476890583904893806e-01,9.999884861616623599e-01,-2.476792230564180408e-01,1.999988486149995470e+00,-2.476796666181751427e-01,2.477388032755504510e-01,1.509526810890150993e-05,1.000015971015913108e+00,1.000214942959134934e+00,9.999942430749978461e-01
2.138062778226102953e-02,-2.476877181837763842e-01,-2.476860850132964753e-01,9.999901910700540464e-01,-2.476810911798232873e-01,1.999990191060114997e+00,-2.476808135692042390e-01,2.477364635766405865e-01,7.256764439277985189e-06,1.000005379716013776e+00,1.000204846705262884e+00,9.999950955300574984e-01
2.139001587669103754e-02,-2.476877181543120920e-01,-2.476908825445288120e-01,9.999879456397490207e-01,-2.476761336477478481e-01,1.999987945627534680e+00,-2.476757145402258831e-01,2.477409696233705549e-01,1.602125853104067267e-05,1.000008609207938548e+00,1.000209020817482530e+00,9.999939728137673400e-01
2.139854831151757203e-02,-2.476877181293591357e-01,-2.476888011103419440e-01,9.999891730302179482e-01,-2.476790129556924458e-01,1.999989173019247390e+00,-2.476796189813736115e-01,2.477391488025175170e-01,1.010287257992411721e-05,1.000006691995772856e+00,1.000206241599425727e+00,9.999945865096236952e-01
2.140686009810436816e-02,-2.476877181061934163e-01,-2.476872208439368783e-01,9.999892169121469276e-01,-2.476846356926391268e-01,1.999989216901220557e+00,-2.476850726585135554e-01,2.477369129724250052e-01,9.023143598059824269e-06,1.000009100551399133e+00,1.000209854134425536e+00,9.999946084506102784e-01
2.142056616408838030e-02,-2.476877180695861436e-01,-2.476827880479983424e-01,9.999880418036372065e-01,-2.476751064713210715e-01,1.999988041791520343e+00,-2.476741291021667124e-01,2.477335126840704005e-01,1.065081467968940958e-05,1.000008014216334784e+00,1.000207514118598429e+00,9.999940208957601717e-01
2.143075997760550758e-02,-2.476877180431686920e-01,-2.476793692500413868e-01,9.999900916953037289e-01,-2.476614629588767269e-01,1.999990091685263982e+00,-2.476613401895871869e-01,2.477296500672352131e-01,1.479190132126317040e-05,1.000005852773605319e+00,1.000205642721948118e+00,9.999950458426319910e-01
2.144027152599082761e-02,-2.476877180188992167e-01,-2.476871817413664745e-01,9.999928403773432617e-01,-2.476855199551813436e-01,1.999992840370088620e+00,-2.476881531448663354e-01,2.477372338065180757e-01,4.541144711524702719e-06,9.999991071640801366e-01,1.000198225856594458e+00,9.999964201850443102e-01
2.145013212617244078e-02,-2.476877179939918072e-01,-2.476816593768704500e-01,9.999959168685104149e-01,-2.476811963286273122e-01,1.999995916864373058e+00,-2.476800555393211534e-01,2.477335272788812048e-01,1.829169366986672936e-06,9.999928597820113563e-01,1.000192470617530249e+00,9.999979584321865289e-01
2.146808635504917490e-02,-2.476877179490335201e-01,-2.476926103586307160e-01,9.999927459979236488e-01,-2.476754562964411654e-01,1.999992745990573084e+00,-2.476767521939483574e-01,2.477432158216184011e-01,1.142024634680833003e-05,1.000004896356499806e+00,1.000205356140260404e+00,9.999963729952867642e-01
2.148000000000000950e-02,-2.476877179193579248e-01,-2.476933648548284850e-01,9.999932795514658856e-01,-2.476827884402487967e-01,1.999993279544656222e+00,-2.476827903250852225e-01,2.477434257721484734e-01,1.017002693638503018e-05,1.000001285889190905e+00,1.000200859463761915e+00,9.999966397723281109e-01
2.149045952039324928e-02,-2.476877178933610257e-01,-2.476856215834853381e-01,9.999866033412839750e-01,-2.476792857291694738e-01,1.999986603327709389e+00,-2.476780459212421515e-01,2.477385671178400361e-01,1.068212115312044781e-05,1.000003838352481189e+00,1.000204051680250394e+00,9.999933016638546945e-01
2.150062493382908640e-02,-2.476877178681259062e-01,-2.476832522060272157e-01,9.999838734498199821e-01,-2.476581967377494420e-01,1.999983873433479387e+00,-2.476576840943381375e-01,2.477331088580900786e-01,1.492458537502025447e-05,1.000004204192036950e+00,1.000204052351488571e+00,9.999919367167395823e-01
2.151017570168044582e-02,-2.476877178444358840e-01,-2.476871914160507782e-01,9.999883448775650496e-01,-2.476776878151614181e-01,1.999988344865755163e+00,-2.476801411090983895e-01,2.477369636445776457e-01,4.677626689606669188e-06,9.999989105834836689e-01,1.000198273124828230e+00,9.999941724328775816e-01
2.151381933196337345e-02,-2.476877178353996956e-01,-2.476850380765241444e-01,9.999903786067970701e-01,-2.476773151137847406e-01,1.999990378597047869e+00,-2.476755636824811424e-01,2.477356021862204549e-01,7.946769545562142566e-06,1.000000107119022541e+00,1.000201030289018522e+00,9.999951892985240454e-01
2.152188413858019400e-02,-2.476877178154067438e-01,-2.476796006939577244e-01,9.999927981326486304e-01,-2.476614951940668830e-01,1.999992798125351134e+00,-2.476620116729527921e-01,2.477315018612580855e-01,1.858278474041664990e-05,1.000007907336658564e+00,1.000207760884665786e+00,9.999963990626755672e-01
2.153076462113153594e-02,-2.476877177933968777e-01,-2.476858490416725400e-01,9.999920108961932730e-01,-2.476807201781682233e-01,1.999992010888098193e+00,-2.476823119837067988e-01,2.477353169313167291e-01,9.237550081545799178e-06,1.000001639125137398e+00,1.000201405463366555e+00,9.999960054440489854e-01
2.154012404056297042e-02,-2.476877177702049015e-01,-2.476779200550043303e-01,9.999942305483136007e-01,-2.476762307212861391e-01,1.999994230542467610e+00,-2.476755532279627525e-01,2.477312033174685624e-01,8.302357836618285198e-06,1.000005838972729766e+00,1.000206221635868253e+00,9.999971152712338052e-01
2.155000000000000318e-02,-2.476877177457363077e-01,-2.476816628626268280e-01,9.999944685777925057e-01,-2.476857365654161758e-01,1.999994468572187545e+00,-2.476868362582052840e-01,2.477317069923499204e-01,-2.616014163519299751e-07,1.000001686263039202e+00,1.000201270945905385e+00,9.999972342860937724e-01
2.155326779509876556e-02,-2.476877177376398398e-01,-2.476851340388914191e-01,9.999940630711596778e-01,-2.476870485593102855e-01,1.999994063065144045e+00,-2.476870377804336887e-01,2.477359348394903849e-01,1.317857114259004235e-06,1.000001024512562564e+00,1.000201067347377570e+00,9.999970315325720227e-01
2.156219179582920253e-02,-2.476877177155328569e-01,-2.476938397058644215e-01,9.999966544433427362e-01,-2.476878434394086392e-01,1.999996654439952559e+00,-2.476874680472902490e-01,2.477433811538219122e-01,5.338665361164365308e-06,1.000001491173503121e+00,1.000201673770934496e+00,9.999983272199762796e-01
2.157002540999999191e-02,-2.476852889231985766e-01,-2.476873290165745867e-01,9.999964385106617781e-01,-2.476800180429162557e-01,1.999996438507052776e+00,-2.476785882392340543e-01,2.477400029520318014e-01,4.952675741755180712e-06,1.000003374148340507e+00,1.000203769211199356e+00,9.999982192535263881e-01
2.158001981154310939e-02,-2.476827878759115531e-01,-2.476830003184070650e-01,9.999889265921925174e-01,-2.476665383404477450e-01,1.999988926580972048e+00,-2.476656808342862504e-01,2.477326999221108605e-01,1.231868403035881352e-05,1.000007026569257329e+00,1.000207468488954587e+00,9.999944632904860242e-01
2.159163516512025913e-02,-2.476828015244892656e-01,-2.476865526613241109e-01,9.999891361351228580e-01,-2.476679155141612576e-01,1.999989136124114664e+00,-2.476694127286425684e-01,2.477365077948866512e-01,1.148855447334855313e-05,1.000003752026082715e+00,1.000203978818531958e+00,9.999945680620573318e-01
2.160152972149775516e-02,-2.476828131510525610e-01,-2.476897225852707218e-01,9.999936415772585629e-01,-2.476809676182999131e-01,1.999993641570815717e+00,-2.476811487019864866e-01,2.477393891786852653e-01,1.075677983329330981e-05,1.000008503953036643e+00,1.000208075542347919e+00,9.999968207854078583e-01
2.161827445720880883e-02,-2.476828328268932122e-01,-2.476824400195357656e-01,9.999896798822401900e-01,-2.476843939001084349e-01,1.999989679871783110e+00,-2.476857046551682873e-01,2.477324405803164875e-01,3.865713305037500249e-06,1.000003728439911921e+00,1.000204111791050066e+00,9.999948399358914441e-01
2.162595571024657215e-02,-2.476828418527205755e-01,-2.476861196490266759e-01,9.999902905799054054e-01,-2.476887003129729092e-01,1.999990290570067053e+00,-2.476888927882245073e-01,2.477361439911322238e-01,4.238053682768486349e-06,1.000004002665049851e+00,1.000203830936030824e+00,9.999951452850334155e-01
2.164065004059537861e-02,-2.476828591192402618e-01,-2.476823909557601122e-01,9.999947915250333441e-01,-2.476739082015797233e-01,1.999994791519755788e+00,-2.476722278602118410e-01,2.477340883724121479e-01,6.917181286772787661e-06,1.000006916841098104e+00,1.000207193756429858e+00,9.999973957598778940e-01
2.165154286873676587e-02,-2.476828719188184369e-01,-2.476842379415843676e-01,9.999911490260067204e-01,-2.476652188262615240e-01,1.999991149017038117e+00,-2.476644620150793563e-01,2.477339691126668741e-01,1.793980943982200206e-05,1.000007840755714028e+00,1.000208270227950669e+00,9.999955745085191694e-01
2.166145604362535587e-02,-2.476828835672578166e-01,-2.476738190889483104e-01,9.999926143627101416e-01,-2.476594458719661995e-01,1.999992614355226239e+00,-2.476597348505694962e-01,2.477282213098884744e-01,1.292057254468119061e-05,1.000009283976071472e+00,1.000209010838864154e+00,9.999963071776131196e-01
2.167062999560644132e-02,-2.476828943470771316e-01,-2.476800269533080412e-01,9.999938186044856625e-01,-2.476723917698322730e-01,1.999993818598222228e+00,-2.476741436759243020e-01,2.477302934722188654e-01,8.224508507219939128e-07,1.000004982277356014e+00,1.000204294954621931e+00,9.999969092991111141e-01
2.167955281495265521e-02,-2.476829048318025805e-01,-2.476865876669035182e-01,9.999979087460637572e-01,-2.476815031677651602e-01,1.999997908743945008e+00,-2.476825421482456158e-01,2.477368608746127465e-01,3.919317017834084465e-06,1.000000984624669353e+00,1.000200512417531939e+00,9.999989543719723928e-01
2.169000530610981289e-02,-2.476829171139645902e-01,-2.476847656688360155e-01,9.999994600282546831e-01,-2.476757385196362016e-01,1.999999460027707787e+00,-2.476743705316309940e-01,2.477350798689378353e-01,6.874134879983264607e-06,9.999979812040128424e-01,1.000197958327143644e+00,9.999997300138537826e-01
2.169340560442851659e-02,-2.476829211094717931e-01,-2.476835421818726624e-01,9.999976733327781142e-01,-2.476769412486658495e-01,1.999997673330420556e+00,-2.476783557564133376e-01,2.477340306659192304e-01,4.121372129126108865e-06,1.000000924637286737e+00,1.000201867494917352e+00,9.999988366652102778e-01
2.170096771986914502e-02,-2.476829299953080821e-01,-2.476806300784785142e-01,9.999931010570350942e-01,-2.476888222811310381e-01,1.999993101050044686e+00,-2.476893682367606042e-01,2.477313002578545864e-01,-4.797192130940475539e-06,1.000007023655907989e+00,1.000206778491997017e+00,9.999965505250223430e-01
2.171000144484985100e-02,-2.476829406103530362e-01,-2.476753531855437618e-01,9.999917915094755916e-01,-2.476751909457324541e-01,1.999991791501158245e+00,-2.476735480283873136e-01,2.477270703229679794e-01,8.014090719635809994e-06,1.000005229224983250e+00,1.000204973559038590e+00,9.999958957505790114e-01
2.172000323543008676e-02,-2.476829523629208163e-01,-2.476774764693870090e-01,9.999948379536423015e-01,-2.476681013677525800e-01,1.999994837948411819e+00,-2.476677802122946304e-01,2.477273134467213311e-01,1.174068685618884923e-05,1.000013276583196165e+00,1.000214102675369032e+00,9.999974189742057984e-01
2.172546388352449009e-02,-2.476829587794349141e-01,-2.476789652760089666e-01,9.999972430978101290e-01,-2.476715671788549122e-01,1.999997243095016586e+00,-2.476727675388241123e-01,2.477287674327807721e-01,4.849815132623653389e-06,1.000006158541552281e+00,1.000204210560480922e+00,9.999986215475082929e-01
2.173321686660047505e-02,-2.476829678895488829e-01,-2.476797222641595464e-01,1.000000321718208518e+00,-2.476802103669889787e-01,2.000000321718534479e+00,-2.476805831968655891e-01,2.477293423321275112e-01,-4.590350517419136561e-06,9.999957594937298744e-01,1.000196038517618291e+00,1.000000160859267240e+00
2.174346374302596821e-02,-2.476829799301034085e-01,-2.476812997448925302e-01,9.999997853281978877e-01,-2.476808268727441475e-01,1.999999785327980284e+00,-2.476815170881788708e-01,2.477323724155804652e-01,-2.199956614352295045e-06,9.999989264184206972e-01,1.000198657367017629e+00,9.999998926639901420e-01
2.175376225758855753e-02,-2.476829920313348976e-01,-2.476910367635615229e-01,9.999979621489996084e-01,-2.476870114437742243e-01,1.999997962146934594e+00,-2.476867666790315836e-01,2.477409672686572972e-01,5.869719386623817442e-06,9.999999555511557281e-01,1.000200856413270056e+00,9.999989810734672968e-01
2.176304977771733457e-02,-2.476830029446017989e-01,-2.476857066077011449e-01,9.999970436926022277e-01,-2.476816578278112913e-01,1.999997043689606624e+00,-2.476805446612496686e-01,2.477367199248447227e-01,5.468142750142200385e-06,1.000003986493455344e+00,1.000202996081015483e+00,9.999985218448033120e-01
2.177199439763888994e-02,-2.476830134549443674e-01,-2.476867173081053197e-01,9.999902006732864779e-01,-2.476720224071469467e-01,1.999990200663356976e+00,-2.476721140146226907e-01,2.477363039107638720e-01,6.123084386587862659e-06,9.999984526007046348e-01,1.000199744979479721e+00,9.999951003316784881e-01
2.178185397893721634e-02,-2.476830250404084277e-01,-2.476869193005522274e-01,9.999893306946777694e-01,-2.476769173693572912e-01,1.999989330683866751e+00,-2.476769865603370702e-01,2.477364356048535055e-01,9.244393925266612772e-06,1.000010943007873854e+00,1.000210834424503537e+00,9.999946653419333753e-01
2.179212339235531842e-02,-2.476830371074455472e-01,-2.476849944580313823e-01,9.999907470852581470e-01,-2.476732419248445227e-01,1.999990747075882425e+00,-2.476731812809729316e-01,2.477351468654337974e-01,1.411430854422757084e-05,1.000008691075412237e+00,1.000208329842628308e+00,9.999953735379412123e-01
2.180434617625224766e-02,-2.476830514697828389e-01,-2.476796745912374920e-01,9.999905149831714857e-01,-2.476764510373877515e-01,1.999990514973560618e+00,-2.476771394975286755e-01,2.477296790016165207e-01,6.170662031909188301e-06,1.000003704036442231e+00,1.000203578848519737e+00,9.999952574867803090e-01
2.181242445648897202e-02,-2.476830609621361590e-01,-2.476797755835396242e-01,9.999916994048826391e-01,-2.476815248727579633e-01,1.999991699396472145e+00,-2.476812285668814340e-01,2.477294435969581710e-01,1.649262165022654113e-07,1.000002767813915394e+00,1.000202974831832181e+00,9.999958496982359613e-01
2.182262854795400872e-02,-2.476830729524158170e-01,-2.476824661623963642e-01,9.999955996643565825e-01,-2.476788814294911545e-01,1.999995599659897927e+00,-2.476802801465130821e-01,2.477328096799119306e-01,2.460295548934368316e-06,1.000003691661955907e+00,1.000202583647837429e+00,9.999977998299488524e-01
2.183196387824553469e-02,-2.476830839218621128e-01,-2.476885370450823964e-01,9.999973129300974151e-01,-2.476906637047482929e-01,1.999997312927374704e+00,-2.476890602098844041e-01,2.477381094746725354e-01,2.507936733557668603e-06,9.999955258275619041e-01,1.000196788051138652e+00,9.999986564636873521e-01
2.184119390552635709e-02,-2.476830947675723038e-01,-2.476814879595413410e-01,9.999961941373368690e-01,-2.476650070647986035e-01,1.999996194133480509e+00,-2.476645155955939925e-01,2.477340064293947208e-01,1.295675352724226059e-05,1.000011288527478337e+00,1.000211496514636478e+00,9.999980970667402547e-01
2.185004796130754490e-02,-2.476831051714984133e-01,-2.476838905792317080e-01,9.999921625498290334e-01,-2.476838336037861521e-01,1.999992162541887497e+00,-2.476863305158463757e-01,2.477337086309407965e-01,3.039189432004390856e-06,1.000002481710899227e+00,1.000201384533115245e+00,9.999960812709438596e-01
2.185465253085037279e-02,-2.476831105820792855e-01,-2.476829858341491886e-01,9.999911009032472764e-01,-2.476862179587775992e-01,1.999991100894229934e+00,-2.476858528721572750e-01,2.477328154403567462e-01,3.884464472755467534e-06,1.000004560313490831e+00,1.000205535532837420e+00,9.999955504471149670e-01
2.186693341990771436e-02,-2.476831250126928785e-01,-2.476825375799108775e-01,9.999941756691055339e-01,-2.476805405808233385e-01,1.999994175663203588e+00,-2.476796575635558662e-01,2.477323471741488814e-01,8.109914785589651621e-06,1.000003861879597444e+00,1.000202917948127324e+00,9.999970878316019052e-01
2.187870127726620692e-02,-2.476831388404701628e-01,-2.476851451843666840e-01,9.999946077969497082e-01,-2.476716204301292745e-01,1.999994607791486079e+00,-2.476711593010119117e-01,2.477348764490985566e-01,1.124163706783247242e-05,1.000010688327049424e+00,1.000211954802306735e+00,9.999973038957429283e-01
2.189041872012976314e-02,-2.476831526090093882e-01,-2.476807629348849182e-01,9.999945673731871487e-01,-2.476704795473023413e-01,1.999994567367682441e+00,-2.476697625220930510e-01,2.477318978552989215e-01,1.389674135764657610e-05,1.000010670879047048e+00,1.000210674069188732e+00,9.999972836838412205e-01
2.190019078130592267e-02,-2.476831640916335453e-01,-2.476840908075775560e-01,9.999929140915230219e-01,-2.476695239430808937e-01,1.999992914084342877e+00,-2.476699174757033550e-01,2.477339825490586234e-01,6.802658552575331562e-06,1.000010532548399445e+00,1.000210421128696625e+00,9.999964570421715493e-01
2.190959302810174814e-02,-2.476831751397085002e-01,-2.476855011448358401e-01,9.999941670339236310e-01,-2.476714692530292417e-01,1.999994167028013026e+00,-2.476716331219911416e-01,2.477351638799896727e-01,9.377478429191310859e-06,1.000012564182440000e+00,1.000212818829202766e+00,9.999970835140065128e-01
2.192001031668215985e-02,-2.476831873805056261e-01,-2.476877036614147098e-01,9.999944126474136219e-01,-2.476801248202445682e-01,1.999994412641752151e+00,-2.476809297812940791e-01,2.477374616962406129e-01,7.448159526933382913e-06,1.000007553093590573e+00,1.000207020573576688e+00,9.999972063208760753e-01
2.193258806655889320e-02,-2.476832021599443823e-01,-2.476854189949351248e-01,9.999917841751152503e-01,-2.476788434736663935e-01,1.999991784166790243e+00,-2.476787834508397679e-01,2.477354837886633077e-01,5.760768670254074342e-06,9.999971166915923027e-01,1.000197571411322928e+00,9.999958920833951215e-01
2.194126633602814722e-02,-2.476832123573139699e-01,-2.476829841581441316e-01,9.999903795461053679e-01,-2.476793629425889653e-01,1.999990379536357166e+00,-2.476795113660801295e-01,2.477330746479267098e-01,1.413816436664265504e-06,1.000001470523770530e+00,1.000201963242877357e+00,9.999951897681785828e-01
2.195001264414062417e-02,-2.476832226346312449e-01,-2.476847331627507476e-01,9.999905938196754773e-01,-2.476755372180083903e-01,1.999990593810144324e+00,-2.476750472434299521e-01,2.477344798588292096e-01,1.375711737940072833e-05,1.000009353390365341e+00,1.000210285015332268e+00,9.999952969050722729e-01
2.195712121875505185e-02,-2.476832309875351135e-01,-2.476826946655787953e-01,9.999920978564751373e-01,-2.476653736743794354e-01,1.999992097848467987e+00,-2.476633008390295987e-01,2.477330509449364448e-01,1.396841948089391315e-05,1.000007970987900396e+00,1.000207461401211084e+00,9.999960489242339934e-01
2.197002456144210580e-02,-2.476832461495597215e-01,-2.476782386051202267e-01,9.999933143356826148e-01,-2.476676537105169384e-01,1.999993314328908145e+00,-2.476682497351481715e-01,2.477286835940737397e-01,8.104887615206093037e-06,1.000000061055136502e+00,1.000199447689564813e+00,9.999966571644540725e-01
2.198069056552416287e-02,-2.476832586826071825e-01,-2.476818690654195854e-01,9.999946381655822059e-01,-2.476741024314129125e-01,1.999994638160148996e+00,-2.476753095641175684e-01,2.477316470463021003e-01,5.436961715407343997e-06,1.000000589662668915e+00,1.000200532380918883e+00,9.999973190800746092e-01
2.199052473523547754e-02,-2.476832702382115448e-01,-2.476827452741055813e-01,9.999974384077052747e-01,-2.476891000768813023e-01,1.999997438405109573e+00,-2.476904170374725489e-01,2.477324902561536257e-01,-2.529602540768423415e-06,9.999974019111212975e-01,1.000197272152135275e+00,9.999987192025547866e-01
2.199913126169680475e-02,-2.476832803512790115e-01,-2.476860942059833370e-01,9.999971377120185911e-01,-2.476752216325089351e-01,1.999997137709118133e+00,-2.476728695110552991e-01,2.477360442628457338e-01,1.062969087585314523e-05,1.000005457932648056e+00,1.000206712575216761e+00,9.999985688545590667e-01
2.200244380316410120e-02,-2.476832842436683668e-01,-2.476849365315485219e-01,9.999963590027047822e-01,-2.476706544579789782e-01,1.999996358999015733e+00,-2.476702217025499031e-01,2.477352073873322902e-01,1.147834473087299887e-05,1.000006209734634943e+00,1.000205057274356601e+00,9.999981794995077555e-01
2.201061890124420342e-02,-2.476832938497863512e-01,-2.476752600026566886e-01,9.999947261229372719e-01,-2.476737294817465407e-01,1.999994726117593435e+00,-2.476739366492423378e-01,2.477305580000087604e-01,-1.622905626226898137e-06,9.999923595344673011e-01,1.000191029527643272e+00,9.999973630587967177e-01
2.201809862501961923e-02,-2.476833026388073900e-01,-2.476789203497357650e-01,9.999931546636977586e-01,-2.476714007019033548e-01,1.999993154656761529e+00,-2.476707885519535968e-01,2.477290787990508170e-01,3.479998602764010951e-06,9.999915488168511501e-01,1.000191733269885974e+00,9.999965773283807646e-01
2.202792008384294245e-02,-2.476833141794763105e-01,-2.476827587313837897e-01,9.999953970281980631e-01,-2.476760466981820508e-01,1.999995397023533794e+00,-2.476773527243963935e-01,2.477325888876303062e-01,3.426482120628060612e-06,9.999936411392088553e-01,1.000193657302788086e+00,9.999976985117668971e-01
2.204012343751860642e-02,-2.476833285189815881e-01,-2.476796200713106688e-01,9.999986898534154456e-01,-2.476818298210024250e-01,1.999998689852087841e+00,-2.476814644562155554e-01,2.477304459657422020e-01,1.968088186321051719e-06,1.000002965997041748e+00,1.000203995900711851e+00,9.999993449260439204e-01
2.205026397136550936e-02,-2.476833404345780421e-01,-2.476839769095264543e-01,9.999954145176623843e-01,-2.476709163128187341e-01,1.999995414513016101e+00,-2.476703692882532837e-01,2.477337911088464684e-01,1.230493662354111228e-06,9.999945251453400408e-01,1.000193629293764097e+00,9.999977072565080505e-01
2.206000878934035597e-02,-2.476833518851894178e-01,-2.476797607427168035e-01,9.999958041641915374e-01,-2.476728414916507803e-01,1.999995804159939938e+00,-2.476729666011152353e-01,2.477308602920232639e-01,7.645586114276430406e-06,9.999947855129633911e-01,1.000194898502573704e+00,9.999979020799699692e-01
2.206689895520517683e-02,-2.476833599814518838e-01,-2.476841486444276152e-01,9.999958658140062351e-01,-2.476805183243056541e-01,1.999995865809817142e+00,-2.476823039475899990e-01,2.477345142350729224e-01,4.529449642031871807e-06,1.000000083952674590e+00,1.000200919267726141e+00,9.999979329049085708e-01
2.207567907610876595e-02,-2.476833702985003216e-01,-2.476801057244264748e-01,9.999948995738849877e-01,-2.476812486033277139e-01,1.999994899568716900e+00,-2.476797603606173681e-01,2.477337072659278328e-01,4.073246646531228821e-06,1.000000265646349806e+00,1.000199578715674553e+00,9.999974497843584498e-01
2.209001224444897757e-02,-2.476833871406380061e-01,-2.476825114336119182e-01,9.999940826458001419e-01,-2.476848408412769820e-01,1.999994082639804160e+00,-2.476866058942123194e-01,2.477332411675819135e-01,5.935671880676498364e-06,9.999954702663316208e-01,1.000195456772784208e+00,9.999970413199020802e-01
2.210000000000000159e-02,-2.476833988767127293e-01,-2.476863083358072370e-01,9.999978524642229027e-01,-2.476917577077169530e-01,1.999997852462046755e+00,-2.476932326967306308e-01,2.477361353540330768e-01,-4.357099905633807800e-06,9.999978137685455737e-01,1.000197805850847388e+00,9.999989262310233773e-01
2.210505839774764419e-02,-2.476834048205639460e-01,-2.476867895287921673e-01,9.999999808334748552e-01,-2.476932526331490081e-01,1.999999980833455426e+00,-2.476932086945767830e-01,2.477363759100822960e-01,-4.816441515145924392e-06,9.999971818336733653e-01,1.000197302016588408e+00,9.999999904167277132e-01
2.211242815073425141e-02,-2.476834134803650445e-01,-2.476868576054193360e-01,9.999967807676606313e-01,-2.476860157726405720e-01,1.999996780764398574e+00,-2.476850391460291845e-01,2.477363909393817398e-01,7.155273183111814430e-07,9.999999311818849046e-01,1.000200231542994533e+00,9.999983903821992870e-01
2.212133242048712478e-02,-2.476834239432949003e-01,-2.476854928397453914e-01,9.999921233400532739e-01,-2.476800200515823225e-01,1.999992123332072103e+00,-2.476793606835472894e-01,2.477352746606962808e-01,4.330899362536474456e-08,1.000001025509069441e+00,1.000201242544333180e+00,9.999960616660360513e-01
2.213073283003107530e-02,-2.476834349892117204e-01,-2.476821176636604671e-01,9.999905646082399846e-01,-2.476702191693860855e-01,1.999990564598679521e+00,-2.476689494663940061e-01,2.477326455439738118e-01,1.074842319676048667e-05,1.000006031480226598e+00,1.000206149662556276e+00,9.999952822993395385e-01
2.214152303674465569e-02,-2.476834476682036601e-01,-2.476808724097604719e-01,9.999913193164281511e-01,-2.476733842403435470e-01,1.999991319307632409e+00,-2.476730580772596724e-01,2.477305621875205977e-01,8.531933144411416983e-06,9.999994103696122627e-01,1.000199178518472065e+00,9.999956596538162046e-01
2.216028736826628973e-02,-2.476834697171627353e-01,-2.476864838537695679e-01,9.999956655412525208e-01,-2.476823758460764968e-01,1.999995665536860479e+00,-2.476834886628618837e-01,2.477362588901543539e-01,2.721901214223253848e-06,1.000004842002627292e+00,1.000205304654590677e+00,9.999978327684302393e-01
2.217000965939678811e-02,-2.476834811413046733e-01,-2.476851158397663233e-01,9.999951059757281602e-01,-2.476717327344155062e-01,1.999995105970769238e+00,-2.476699168070408685e-01,2.477349168925526701e-01,1.346640119130671923e-05,1.000007182260278960e+00,1.000207530327826388e+00,9.999975529853846190e-01
2.217402233775344830e-02,-2.476834858563851938e-01,-2.476821787741805836e-01,9.999941460357492096e-01,-2.476721156627241516e-01,1.999994146029817621e+00,-2.476729621186517238e-01,2.477337763248136926e-01,1.021889824724283143e-05,1.000009148630011557e+00,1.000209378155017870e+00,9.999970730149088105e-01
2.218157740922107810e-02,-2.476834947339439097e-01,-2.476769964915069566e-01,9.999920966702648961e-01,-2.476797059075094287e-01,1.999992096662256413e+00,-2.476799415611526112e-01,2.477291780193386916e-01,9.186711260025340728e-07,1.000008367498948392e+00,1.000206689985496444e+00,9.999960483311283177e-01
2.219063398405126883e-02,-2.476835053758383032e-01,-2.476871621007605828e-01,9.999921532775896127e-01,-2.476797358843739472e-01,1.999992153269638528e+00,-2.476798164730757701e-01,2.477369185157727027e-01,4.521390839047347384e-06,9.999923329220467005e-01,1.000191706521746937e+00,9.999960766348192642e-01
2.220025543242705110e-02,-2.476835166814854439e-01,-2.476796321431017633e-01,9.999965041890045425e-01,-2.476623811778645989e-01,1.999996504185462154e+00,-2.476600237202427057e-01,2.477325323487843123e-01,1.385594290695469102e-05,1.000000689531601372e+00,1.000201684827517035e+00,9.999982520927310770e-01
2.220650079476496272e-02,-2.476835240200735977e-01,-2.476734650403769888e-01,9.999966104878994511e-01,-2.476650944532785836e-01,1.999996610484464865e+00,-2.476656596651492237e-01,2.477278551726203037e-01,7.445706925419845594e-06,1.000001767474192782e+00,1.000201756827923560e+00,9.999983052422324326e-01
2.221257819002156464e-02,-2.476835311612942125e-01,-2.476708330638761890e-01,9.999938970847033204e-01,-2.476672978304486350e-01,1.999993897078519378e+00,-2.476668772242753003e-01,2.477220963254371799e-01,4.666409372558137563e-06,1.000000262719583644e+00,1.000199349585438879e+00,9.999969485392596891e-01
2.222353589498494639e-02,-2.476835440371041031e-01,-2.476802029054422372e-01,9.999975104053059338e-01,-2.476720974445647538e-01,1.999997510402782952e+00,-2.476732646459245124e-01,2.477299352910671548e-01,1.889755329241771737e-06,9.999945803803803601e-01,1.000195749962308644e+00,9.999987552013915870e-01
2.223943014648648020e-02,-2.476835627135856033e-01,-2.476810884669696511e-01,1.000002341977413556e+00,-2.476865975655062335e-01,2.000002341979786546e+00,-2.476872307398305384e-01,2.477305977224681377e-01,-6.276205871155359349e-06,9.999985864969284100e-01,1.000198298700521349e+00,1.000001170989893273e+00
2.225000124054580045e-02,-2.476835751351096071e-01,-2.476811656099111303e-01,9.999971039922410654e-01,-2.476730125589335363e-01,1.999997103989306524e+00,-2.476713931553026216e-01,2.477307201361733102e-01,3.329994623209179409e-06,9.999981623954374843e-01,1.000198109760118026e+00,9.999985519946532619e-01
2.225887851966318678e-02,-2.476835855663235553e-01,-2.476890521180016569e-01,9.999960783510222218e-01,-2.476838536036864158e-01,1.999996078347048512e+00,-2.476860359951688906e-01,2.477395886571865380e-01,1.117772434587186610e-06,9.999920666716580753e-01,1.000191179905029593e+00,9.999980391735242558e-01
2.227106992154083767e-02,-2.476835998917861215e-01,-2.476734231687733601e-01,9.999954372499043620e-01,-2.476839136119256268e-01,1.999995437245281060e+00,-2.476821340707008878e-01,2.477320310488491384e-01,-3.720182385766567702e-06,1.000000546837630289e+00,1.000201175683775867e+00,9.999977186226405301e-01
2.228006916728547671e-02,-2.476836104663164284e-01,-2.476806199868424041e-01,9.999916523444993821e-01,-2.476638212618415547e-01,1.999991652336040815e+00,-2.476609749132907823e-01,2.477310567785115936e-01,1.137211943318966551e-05,1.000008959333010372e+00,1.000209961185796192e+00,9.999958261680204075e-01
2.228868811354620463e-02,-2.476836205939764168e-01,-2.476878585774238140e-01,9.999947376006200761e-01,-2.476698577433863735e-01,1.999994737595287786e+00,-2.476714669498771004e-01,2.477382280458923225e-01,9.080068963872437015e-06,1.000005637853972784e+00,1.000204686974036195e+00,9.999973687976438930e-01
2.229358327265345413e-02,-2.476836263460132082e-01,-2.476887467642544804e-01,9.999987044682351334e-01,-2.476799625376276959e-01,1.999998704466922295e+00,-2.476823417741447486e-01,2.477383802229501109e-01,4.604213280517864191e-07,1.000001850198952491e+00,1.000201156353017318e+00,9.999993522334611473e-01
2.230148170954154851e-02,-2.476836356270431527e-01,-2.476859990442205062e-01,9.999979990360007287e-01,-2.476916640008667292e-01,1.999997999033973350e+00,-2.476918563208851953e-01,2.477363639600390355e-01,-1.020121779144368571e-05,9.999978391308262937e-01,1.000197422261756675e+00,9.999989995169866752e-01
2.231005490885626386e-02,-2.476836457009490566e-01,-2.476859699535734760e-01,9.999920018430029645e-01,-2.476767621071092329e-01,1.999992001834898669e+00,-2.476746922360527348e-01,2.477355290619705219e-01,3.624533813988017696e-06,9.999987672301190456e-01,1.000199015632638355e+00,9.999960009174492237e-01
2.232050341125456361e-02,-2.476836579784227332e-01,-2.476885364712653748e-01,9.999899602352828598e-01,-2.476814305299957775e-01,1.999989960225109886e+00,-2.476819180908161611e-01,2.477380048977694815e-01,8.711953074654119931e-06,1.000000187470959201e+00,1.000199924762738224e+00,9.999949801125549431e-01
2.233285406502850262e-02,-2.476836724910120580e-01,-2.476793582850811415e-01,9.999908628577806047e-01,-2.476640252256530339e-01,1.999990862848522122e+00,-2.476633162553612544e-01,2.477305276716816884e-01,1.250117580550360265e-05,9.999985717575774480e-01,1.000200322876352077e+00,9.999954314242610609e-01
2.234251713478007870e-02,-2.476836838455654666e-01,-2.476880477356296628e-01,9.999905980151206908e-01,-2.476641251176029956e-01,1.999990598005593867e+00,-2.476631556414903013e-01,2.477378361222600522e-01,1.948286834945708155e-05,1.000013984964905678e+00,1.000213820222001893e+00,9.999952990027969335e-01
2.235006731866208060e-02,-2.476836927173814984e-01,-2.476793827466784448e-01,9.999942892456413768e-01,-2.476598185628257898e-01,1.999994289239855005e+00,-2.476590870004936606e-01,2.477338892486846966e-01,1.174418963006481751e-05,1.000009376135693850e+00,1.000208588808663146e+00,9.999971446199275027e-01
2.236123231234565106e-02,-2.476837058367645783e-01,-2.476873939843993733e-01,9.999928856745345929e-01,-2.476811705732628044e-01,1.999992885667325693e+00,-2.476809358942733130e-01,2.477368621826722683e-01,4.424212151222621921e-06,9.999989635426084211e-01,1.000198533284604174e+00,9.999964428336628464e-01
2.237036512269357721e-02,-2.476835687060022495e-01,-2.476805243720506533e-01,9.999937030580942077e-01,-2.476668470592166826e-01,1.999993703051713645e+00,-2.476660816477072868e-01,2.477330104339215133e-01,2.366607732602745911e-07,9.999950170487929002e-01,1.000194822979958431e+00,9.999968515258567114e-01
2.238167658160404236e-02,-2.476799333526772950e-01,-2.476813441045167541e-01,9.999930854908885003e-01,-2.476765841876239493e-01,1.999993085483882105e+00,-2.476774424605886760e-01,2.477309570973186825e-01,-1.839901616477142437e-06,1.000003990632977624e+00,1.000203742509978788e+00,9.999965427419410524e-01
2.239582607337872386e-02,-2.476773040490817257e-01,-2.476766102352913890e-01,9.999957342552985295e-01,-2.476776677344786348e-01,1.999995734250976431e+00,-2.476757372129009260e-01,2.477295651588752590e-01,2.770280495894339364e-06,9.999967179635306236e-01,1.000196398185056124e+00,9.999978671254881046e-01
2.240901718535487364e-02,-2.476759539786991537e-01,-2.476726405661271724e-01,9.999959790115041658e-01,-2.476727477184053894e-01,1.999995979007429758e+00,-2.476737434419044592e-01,2.477224262701994695e-01,5.205712445524677745e-06,1.000003004480961577e+00,1.000203905453741493e+00,9.999979895037148792e-01
2.242554525156678635e-02,-2.476750605391268290e-01,-2.476789577761400463e-01,1.000003935412014933e+00,-2.476745584032419289e-01,2.000003935416002410e+00,-2.476754325777502652e-01,2.477291395610412561e-01,-2.436485288903003914e-06,9.999966915094568032e-01,1.000196389486508242e+00,1.000001967708001205e+00
2.244000885107540547e-02,-2.476746639441739783e-01,-2.476692641655953431e-01,1.000000219742632979e+00,-2.476635845303394590e-01,2.000000219742855467e+00,-2.476617766213957961e-01,2.477222200824011900e-01,3.816512503352271627e-06,1.000006796675170007e+00,1.000208110431814124e+00,1.000000109871427734e+00
2.245002682092296642e-02,-2.476745039789522151e-01,-2.476816199886920644e-01,9.999993467138260650e-01,-2.476765494962571146e-01,1.999999346713164039e+00,-2.476789210221731208e-01,2.477325668086785004e-01,-3.378803329206567254e-07,1.000002168656374035e+00,1.000201290729015424e+00,9.999996733565820195e-01
2.246051186646224815e-02,-2.476743966827687771e-01,-2.476801219668717247e-01,1.000004274535726490e+00,-2.476872567783487966e-01,2.000004274540057914e+00,-2.476878265124303202e-01,2.477304173246882568e-01,-9.512582740037088877e-06,1.000000903053813284e+00,1.000200748885069713e+00,1.000002137270028735e+00
2.247000243377968512e-02,-2.476743338659194715e-01,-2.476685223742361719e-01,1.000000877099215701e+00,-2.476714109707198741e-01,2.000000877100104546e+00,-2.476688030761478032e-01,2.477245701961513502e-01,2.574065989825907762e-06,1.000004797592296768e+00,1.000205575792562529e+00,1.000000438550052273e+00
2.247398409675827394e-02,-2.476743143150873794e-01,-2.476700418848606644e-01,9.999981089712522975e-01,-2.476670115344968559e-01,1.999998108969336164e+00,-2.476673431774168155e-01,2.477204600793800060e-01,4.066351198469911794e-06,1.000003876048790596e+00,1.000203094706481721e+00,9.999990544846680818e-01
2.248309861680030178e-02,-2.476742804632764972e-01,-2.476751947798820352e-01,9.999981917048084146e-01,-2.476748974442621043e-01,1.999998191702976102e+00,-2.476749776404405801e-01,2.477248754899061545e-01,-4.802958869339522108e-08,9.999964502374185660e-01,1.000196370100677301e+00,9.999990958514880512e-01
2.249396280199746773e-02,-2.476742542487903043e-01,-2.476702948075880928e-01,1.000005323307596283e+00,-2.476723708543295543e-01,2.000005323312989969e+00,-2.476715663379840116e-01,2.477206469184414506e-01,-4.994581265853373535e-06,9.999948319955046516e-01,1.000194623171024144e+00,1.000002661656494984e+00
2.251000481937910636e-02,-2.476742324283925656e-01,-2.476782181714702324e-01,1.000004297774832906e+00,-2.476791841911027692e-01,2.000004297779187645e+00,-2.476812501436060909e-01,2.477287152948615956e-01,-4.350452875233742496e-06,9.999968311740422555e-01,1.000196926837709110e+00,1.000002148889593823e+00
2.252120330515242075e-02,-2.476742240776201032e-01,-2.476683508701104930e-01,1.000006420395906037e+00,-2.476754264812868200e-01,2.000006420402411944e+00,-2.476751049927863324e-01,2.477223373483229962e-01,-6.042977347419820534e-06,9.999965859063626450e-01,1.000197080269274785e+00,1.000003210201205972e+00
2.253087603952610637e-02,-2.476742194983372614e-01,-2.476803397825992903e-01,1.000002814566173681e+00,-2.476792766652813893e-01,2.000002814569025400e+00,-2.476790157286112570e-01,2.477298438319455731e-01,3.657639753714918285e-06,1.000005996748651871e+00,1.000206813774089376e+00,1.000001407284512922e+00
2.254080985417574595e-02,-2.476742164177793970e-01,-2.476714907338390115e-01,1.000004423576732915e+00,-2.476689220120890933e-01,2.000004423581215107e+00,-2.476688196691962107e-01,2.477249964904089663e-01,1.096859504790960309e-06,1.000007463622667458e+00,1.000207037313544101e+00,1.000002211790607554e+00
2.255465941668206159e-02,-2.476742138243564761e-01,-2.476806872359666456e-01,1.000000818185169615e+00,-2.476853853571263364e-01,2.000000818185998508e+00,-2.476858919862214292e-01,2.477302893304051679e-01,-3.859215438752343695e-06,9.999984672914498107e-01,1.000197449841575104e+00,1.000000409092999254e+00
2.256341826923798088e-02,-2.476742128215405347e-01,-2.476769033218038929e-01,1.000002334110224655e+00,-2.476890516014624011e-01,2.000002334112589875e+00,-2.476881222706575902e-01,2.477283156241723294e-01,-8.123475986520433293e-06,9.999918652441901479e-01,1.000192327571915563e+00,1.000001167056294937e+00
2.257342135264285912e-02,-2.476742120501954636e-01,-2.476712578065030368e-01,9.999987380675579018e-01,-2.476739995037864905e-01,1.999998738066279369e+00,-2.476729601271517867e-01,2.477219617757419612e-01,-2.998874930907742024e-06,9.999967749948901474e-01,1.000196432738796659e+00,9.999993690331395735e-01
2.258609393631226883e-02,-2.476742114383438109e-01,-2.476782119880235888e-01,1.000000214100184692e+00,-2.476775389906048785e-01,2.000000214100401408e+00,-2.476791731478676928e-01,2.477284938534676240e-01,-5.390980285170540010e-06,9.999966623140527089e-01,1.000197418486872047e+00,1.000000107050200926e+00
2.260044195168124659e-02,-2.476742110362730453e-01,-2.476784300905726655e-01,1.000003928107968898e+00,-2.476797239100364811e-01,2.000003928111949492e+00,-2.476787481857837814e-01,2.477289291114167236e-01,-4.193892673583626649e-06,1.000001899393009763e+00,1.000201798784438711e+00,1.000001964055974746e+00
2.261001575340733719e-02,-2.476742108684709121e-01,-2.476766960473018031e-01,9.999992884212594024e-01,-2.476816002846812248e-01,1.999999288420538424e+00,-2.476819688447564616e-01,2.477264803790008019e-01,-8.969694773500599285e-06,9.999899284009858835e-01,1.000188556820135188e+00,9.999996442102692118e-01
2.261397483343433393e-02,-2.476742108145320032e-01,-2.476752296113403085e-01,9.999978176223315307e-01,-2.476776807708722938e-01,1.999997817620120077e+00,-2.476757872788129811e-01,2.477256468937686362e-01,-4.481055318657667808e-06,9.999916852059387296e-01,1.000192894555162804e+00,9.999989088100600387e-01
2.262176103939186542e-02,-2.476742107277704330e-01,-2.476728389393285379e-01,9.999980319979405730e-01,-2.476647756594162753e-01,1.999998031995946279e+00,-2.476647322081540481e-01,2.477228233212094843e-01,4.356583853960564703e-06,1.000000571441595376e+00,1.000201187380573620e+00,9.999990159979732507e-01
2.264000325452164564e-02,-2.476742105908821823e-01,-2.476730602633336886e-01,1.000002593958188246e+00,-2.476716136379074895e-01,2.000002593960816810e+00,-2.476711101682383120e-01,2.477245874434924056e-01,-1.970642159071422208e-06,1.000006160456923476e+00,1.000206506144734941e+00,1.000001296980408183e+00
2.265000111487637177e-02,-2.476742105394111604e-01,-2.476783754373629021e-01,1.000001794214605555e+00,-2.476739588413795212e-01,2.000001794216423434e+00,-2.476741049216047985e-01,2.477285671137632317e-01,4.889124411858223153e-06,1.000006025992241643e+00,1.000206129388286680e+00,1.000000897108211717e+00
2.265581339919836221e-02,-2.476742105140611327e-01,-2.476760785126399522e-01,1.000001223806555206e+00,-2.476745973119019728e-01,2.000001223807795103e+00,-2.476748507648468822e-01,2.477267155651311503e-01,3.151465003854936632e-06,1.000006550899204649e+00,1.000206446572377672e+00,1.000000611903897552e+00
2.266682438178194495e-02,-2.476742104722955418e-01,-2.476711420977990019e-01,1.000002020580975648e+00,-2.476737083631394276e-01,2.000002020583023121e+00,-2.476729843629777439e-01,2.477215842014530156e-01,-9.722368360953487915e-07,1.000004701559140674e+00,1.000204685437635410e+00,1.000001010291511561e+00
2.268000290203108643e-02,-2.476742104293609137e-01,-2.476734101310182068e-01,1.000001848191521825e+00,-2.476663264870455072e-01,2.000001848193394327e+00,-2.476662155902079054e-01,2.477233380711835187e-01,3.233575237289174621e-06,1.000004059953427227e+00,1.000203850708804243e+00,1.000000924096697164e+00
2.268685991394070109e-02,-2.476742104089461050e-01,-2.476781937801370570e-01,1.000004506892485434e+00,-2.476757813966331268e-01,2.000004506897052448e+00,-2.476776588999139717e-01,2.477284786133413796e-01,-3.472195990151417769e-06,1.000001838041836288e+00,1.000201400828552689e+00,1.000002253448526224e+00
2.269265561908693357e-02,-2.476742103923915972e-01,-2.476794298781586912e-01,1.000005824250861375e+00,-2.476839812565163612e-01,2.000005824256762654e+00,-2.476837183358103489e-01,2.477294292677635068e-01,-6.640215007734322810e-06,1.000000771559233836e+00,1.000201278084598799e+00,1.000002912128381327e+00
2.270144922297605283e-02,-2.476742103681732199e-01,-2.476709060831379094e-01,1.000004270571073883e+00,-2.476731788661917510e-01,2.000004270575400867e+00,-2.476718610689098987e-01,2.477248116602369654e-01,9.271016852458403623e-07,1.000006910172658525e+00,1.000206539019976582e+00,1.000002135287700433e+00
2.271178277184448743e-02,-2.476742103406839313e-01,-2.476693583587310787e-01,9.999996632135534913e-01,-2.476673793450402949e-01,1.999999663213212209e+00,-2.476667276689198116e-01,2.477191924623698138e-01,5.195480550158525415e-07,9.999974885322305829e-01,1.000196751899029568e+00,9.999998316066061044e-01
2.272514364249589996e-02,-2.476742103061210787e-01,-2.476750189819640902e-01,1.000004914052214477e+00,-2.476728731649033011e-01,2.000004914057193606e+00,-2.476744666383824400e-01,2.477250586715269154e-01,-5.568661330376367924e-06,9.999893063401102955e-01,1.000189302550998249e+00,1.000002457028596803e+00
2.274023176208974165e-02,-2.476742102678534674e-01,-2.476805138048922827e-01,1.000005802322229576e+00,-2.476881896790799342e-01,2.000005802328108651e+00,-2.476886659748210595e-01,2.477302286069022752e-01,-8.364344454716919592e-06,9.999864186944207312e-01,1.000186444766081317e+00,1.000002901164054547e+00
2.275738868371367241e-02,-2.476742102248520594e-01,-2.476773358785503421e-01,9.999988683425928837e-01,-2.476815068104874229e-01,1.999998868341446245e+00,-2.476806143847204711e-01,2.477273386350098139e-01,-3.163270085180201673e-06,9.999928155710567923e-01,1.000191962908378196e+00,9.999994341707231227e-01
2.277001999999999846e-02,-2.476742101984563127e-01,-2.476832572704937008e-01,9.999977445594069314e-01,-2.476719432836958779e-01,1.999997744557121537e+00,-2.476715558914900084e-01,2.477335155798441602e-01,-1.295189357453486554e-06,9.999944295984704024e-01,1.000194887343968997e+00,9.999988722785607687e-01
2.277479877470984723e-02,-2.476692575721158029e-01,-2.476768685111496449e-01,9.999984995538070409e-01,-2.476700461025314048e-01,1.999998499552286590e+00,-2.476704152264754266e-01,2.477292461804664059e-01,-1.466619890727562773e-06,1.000000422965830804e+00,1.000201882556635891e+00,9.999992497761432952e-01
2.279046570400581131e-02,-2.476692759814903000e-01,-2.476713603622481830e-01,9.999977960176674729e-01,-2.476812157253210078e-01,1.999997796015434259e+00,-2.476811829739563875e-01,2.477212981541805914e-01,1.362065544679743307e-06,9.999974783741535367e-01,1.000196906843357159e+00,9.999988980077171297e-01
2.280061488180787355e-02,-2.476692879072478481e-01,-2.476666112315444312e-01,1.000001161277664474e+00,-2.476725755307953580e-01,2.000001161278841089e+00,-2.476725528703599688e-01,2.477175862330164291e-01,-5.157919253101548718e-06,9.999985045837466169e-01,1.000198220710411423e+00,1.000000580639420544e+00
2.281355204934054984e-02,-2.476693031090227703e-01,-2.476717567842764700e-01,1.000006056666029597e+00,-2.476821769589072075e-01,2.000006056672167354e+00,-2.476808748746358035e-01,2.477228682616077482e-01,-8.479048522669609282e-06,9.999943878341372994e-01,1.000194407894690496e+00,1.000003028336083455e+00
2.282251055123420136e-02,-2.476693136356795943e-01,-2.476617593665647599e-01,1.000008337987428275e+00,-2.476697373800265389e-01,2.000008337995877294e+00,-2.476691542557835357e-01,2.477161100118290271e-01,-8.439950713114589072e-06,9.999951255442199871e-01,1.000195645468999306e+00,1.000004168997938647e+00
2.283061784385107679e-02,-2.476693231621270308e-01,-2.476673982454786482e-01,1.000006320349178912e+00,-2.476643302736625252e-01,2.000006320355583345e+00,-2.476637166312980198e-01,2.477175952088387645e-01,5.415828469482320600e-06,1.000001960877893392e+00,1.000202716432408545e+00,1.000003160177791672e+00
2.283601654012057044e-02,-2.476693295058457756e-01,-2.476706880226552110e-01,1.000006979146004227e+00,-2.476719392028408906e-01,2.000006979153075903e+00,-2.476744192800637290e-01,2.477208195971253024e-01,-2.735587832510338645e-06,9.999998029566017355e-01,1.000198829763143449e+00,1.000003489576537952e+00
2.284258737846554810e-02,-2.476693372268864157e-01,-2.476723106999068058e-01,1.000011328402842903e+00,-2.476870056558423405e-01,2.000011328414321721e+00,-2.476872421468193919e-01,2.477220616832276345e-01,-1.583090563185269209e-05,9.999947011026958377e-01,1.000195082479036435e+00,1.000005664207160860e+00
2.285694437487081204e-02,-2.476693540970274499e-01,-2.476668853686228855e-01,1.000008500304228276e+00,-2.476786273219798162e-01,2.000008500312841608e+00,-2.476785955761655333e-01,2.477166015054109438e-01,-1.263271996374518557e-05,9.999958885075171944e-01,1.000194918612479222e+00,1.000004250156420804e+00
2.287017942759961633e-02,-2.476693696488326268e-01,-2.476723293176275598e-01,1.000007964593090826e+00,-2.476807407469560907e-01,2.000007964601161259e+00,-2.476813124419453838e-01,2.477222482845272133e-01,-6.213383096941779693e-06,9.999980523712366232e-01,1.000198396048416649e+00,1.000003982300580629e+00
2.288084508781084922e-02,-2.476693821814804353e-01,-2.476700143389053699e-01,1.000009756792493487e+00,-2.476809011390305737e-01,2.000009756802379801e+00,-2.476809107580456859e-01,2.477202433791256264e-01,-6.645051656762542351e-06,9.999930763583119164e-01,1.000192698250474743e+00,1.000004878401189901e+00
2.289223967292114761e-02,-2.476693955706486816e-01,-2.476653689683516180e-01,1.000006504884756398e+00,-2.476833226513019404e-01,2.000006504891347348e+00,-2.476832060431388427e-01,2.477155271776304568e-01,-1.095164729083775848e-05,9.999889404534204607e-01,1.000189069885666804e+00,1.000003252445673896e+00
2.290250299982344792e-02,-2.476694076305371583e-01,-2.476719018504589809e-01,1.000007025399622718e+00,-2.476867784381099891e-01,2.000007025406741246e+00,-2.476862337800497249e-01,2.477215094942155083e-01,-1.692103428492843845e-05,9.999901203131612570e-01,1.000190705280231684e+00,1.000003512703370623e+00
2.291194313731552412e-02,-2.476694187231386346e-01,-2.476710489686607397e-01,1.000010136482161194e+00,-2.476769493531328914e-01,2.000010136492432089e+00,-2.476760905465192619e-01,2.477211185273512639e-01,-9.304354693812463934e-06,9.999970001506995887e-01,1.000197310127776573e+00,1.000005068246216267e+00
2.292143203894312503e-02,-2.476694298730404697e-01,-2.476631483719860527e-01,1.000008048562917473e+00,-2.476654464790738752e-01,2.000008048571072727e+00,-2.476641076844008360e-01,2.477162571410394809e-01,-4.150261524432419290e-06,9.999996020935770780e-01,1.000199690073459546e+00,1.000004024285536364e+00
2.293125576252322273e-02,-2.476694414163730928e-01,-2.476649523760532656e-01,1.000006124460073975e+00,-2.476632531449779739e-01,2.000006124466279900e+00,-2.476641954491738407e-01,2.477144793981913562e-01,-7.373208727497089736e-06,9.999966810105984649e-01,1.000195966901588296e+00,1.000003062233139950e+00
2.294057401752689490e-02,-2.476694523657572977e-01,-2.476589927060476870e-01,1.000010230527731192e+00,-2.476688416345655674e-01,2.000010230538097566e+00,-2.476687833746535616e-01,2.477108650678717661e-01,-5.641800884149472681e-06,9.999902647951914858e-01,1.000189974914153845e+00,1.000005115269048783e+00
2.295062249620149000e-02,-2.476694641731876645e-01,-2.476728969696620208e-01,1.000012979993375017e+00,-2.476779343939274902e-01,2.000012980006527386e+00,-2.476794913544543286e-01,2.477229633292195032e-01,-1.256264876376423015e-05,9.999907580419785669e-01,1.000190792496196801e+00,1.000006490003263693e+00
2.296261546279424609e-02,-2.476694782654828841e-01,-2.476671343760795396e-01,1.000014971274044706e+00,-2.476869040435885905e-01,2.000014971289214571e+00,-2.476871409019985315e-01,2.477182700360455181e-01,-1.713434978989124096e-05,9.999915116665247794e-01,1.000192475154516814e+00,1.000007485644607286e+00
2.298003301868635148e-02,-2.476694987319245922e-01,-2.476684738303533140e-01,1.000007601109841326e+00,-2.476688617985134955e-01,2.000007601117542944e+00,-2.476677539096373004e-01,2.477183716328168195e-01,-6.427618433391307556e-06,1.000001181845443954e+00,1.000200788052963974e+00,1.000003800558771472e+00
2.298913046505955335e-02,-2.476695094218474558e-01,-2.476742949246505954e-01,1.000010270727361927e+00,-2.476885618937506028e-01,2.000010270737769602e+00,-2.476912866030902549e-01,2.477245036728427663e-01,-1.627462500681003314e-05,9.999943713033769832e-01,1.000193519064880299e+00,1.000005135368884579e+00
2.299413736012012252e-02,-2.476695153051808040e-01,-2.476746883223899798e-01,1.000010739212414013e+00,-2.476928553315313197e-01,2.000010739223295975e+00,-2.476919418701241382e-01,2.477242933198268993e-01,-1.508994839228856161e-05,9.999911448521167090e-01,1.000190870671190391e+00,1.000005369611647987e+00
2.300172844836792518e-02,-2.476695242250640527e-01,-2.476725203896102956e-01,1.000009084147755134e+00,-2.476829619212661537e-01,2.000009084156959549e+00,-2.476818876072666986e-01,2.477227965168188606e-01,-7.351047440094922472e-06,9.999905577760669351e-01,1.000190604384931570e+00,1.000004542078479775e+00
2.301067418907435866e-02,-2.476695347367262878e-01,-2.476690791139028736e-01,1.000004899553115889e+00,-2.476791863436824948e-01,2.000004899558080140e+00,-2.476789784548157902e-01,2.477196364649494609e-01,-1.320760837323835863e-05,9.999883984726879449e-01,1.000188107886363031e+00,1.000002449779040292e+00
2.302000067143549281e-02,-2.476695456957772878e-01,-2.476737328758847612e-01,1.000003609740714783e+00,-2.476705238668144848e-01,2.000003609744372302e+00,-2.476696527616987220e-01,2.477238182053558280e-01,2.057068458746827574e-06,9.999921329819854154e-01,1.000192571992983392e+00,1.000001804872186151e+00
2.302306717022965799e-02,-2.476695492990549641e-01,-2.476731841963996095e-01,1.000004233794772324e+00,-2.476688636911867636e-01,2.000004233799062003e+00,-2.476687179241102155e-01,2.477228646084352059e-01,2.034422979101036613e-06,9.999938943108322986e-01,1.000194266238457974e+00,1.000002116899531224e+00
2.303460873912540827e-02,-2.476695628609371091e-01,-2.476670362665900349e-01,1.000006509588146741e+00,-2.476690554461880855e-01,2.000006509594742798e+00,-2.476687406040624650e-01,2.477185380372962653e-01,-4.895047404716348623e-06,9.999951653644858496e-01,1.000195153270424964e+00,1.000003254797371399e+00
2.305055744940875256e-02,-2.476695816014160834e-01,-2.476654679152691385e-01,1.000006333651621837e+00,-2.476673486165829885e-01,2.000006333658039814e+00,-2.476683003819981355e-01,2.477154884761310905e-01,-6.231124370030394544e-06,9.999898432448018903e-01,1.000189401811282242e+00,1.000003166829019907e+00
2.306777941401987400e-02,-2.476696018380289133e-01,-2.476655091065658731e-01,1.000012429938620828e+00,-2.476826743484629167e-01,2.000012429951215420e+00,-2.476811116362747089e-01,2.477193033826600721e-01,-1.523332837251724863e-05,9.999920339791733559e-01,1.000192767114073567e+00,1.000006214975607710e+00
2.308060534358764154e-02,-2.476696169090954469e-01,-2.476677725708944788e-01,1.000007840644422608e+00,-2.476789666256898337e-01,2.000007840652367364e+00,-2.476788441150352127e-01,2.477178592397683010e-01,-1.262785214285127158e-05,9.999892541200179341e-01,1.000189280297930638e+00,1.000003920326183682e+00
2.309000298623505032e-02,-2.476696279517633381e-01,-2.476719946001840755e-01,1.000009935250037563e+00,-2.476682362622651679e-01,2.000009935260104843e+00,-2.476672865998853224e-01,2.477219641039930531e-01,-2.612549034620772416e-06,9.999972274338572165e-01,1.000198011610414106e+00,1.000004967630052422e+00
2.309288785461985002e-02,-2.476696313416175965e-01,-2.476720720043866231e-01,1.000011362585902175e+00,-2.476711118713380566e-01,2.000011362597415854e+00,-2.476732471660544332e-01,2.477215737429604436e-01,-5.011420631944612814e-06,9.999978278651874275e-01,1.000197559739842257e+00,1.000005681298707927e+00
2.310153820177797412e-02,-2.476696415061787893e-01,-2.476706495795118201e-01,1.000010911340631248e+00,-2.476881989557259411e-01,2.000010911351687071e+00,-2.476880205418777181e-01,2.477203933747992026e-01,-1.331106918292791584e-05,9.999953263548382321e-01,1.000195442945368329e+00,1.000005455675843535e+00
2.311087569427046698e-02,-2.476696524781673014e-01,-2.476695117851968331e-01,1.000006985133483184e+00,-2.476757254648904449e-01,2.000006985140561078e+00,-2.476747273819920603e-01,2.477191251395786109e-01,-4.911591945908124793e-06,1.000000488321586944e+00,1.000201435445375431e+00,1.000003492570280539e+00
2.312279679415794528e-02,-2.476696664860144892e-01,-2.476714576512160926e-01,1.000006231846496840e+00,-2.476766035957733703e-01,2.000006231852811567e+00,-2.476768214258217304e-01,2.477209583115059233e-01,-3.249586259638734845e-06,1.000005660364539972e+00,1.000203636025220000e+00,1.000003115926405783e+00
2.313393160345702040e-02,-2.476696795699343534e-01,-2.476686192757588945e-01,1.000007117086606057e+00,-2.476752577644809605e-01,2.000007117093817399e+00,-2.476744893164741224e-01,2.477194287808406337e-01,-3.415930101453822054e-06,9.999918469709495605e-01,1.000193046813909303e+00,1.000003558546908700e+00
2.315001566601562755e-02,-2.476696984694589931e-01,-2.476731732954033649e-01,1.000006550759699575e+00,-2.476826160571801161e-01,2.000006550766337377e+00,-2.476844102021760752e-01,2.477236976669077995e-01,-1.252950501976979599e-05,9.999936865548962883e-01,1.000192834793834473e+00,1.000003275383168688e+00
2.315777286701916141e-02,-2.476697075845309681e-01,-2.476747496075761834e-01,1.000008835783758210e+00,-2.476823754808927247e-01,2.000008835792711270e+00,-2.476823209272664139e-01,2.477243717654925570e-01,-9.389271191336039397e-06,9.999943502355239655e-01,1.000194631720594751e+00,1.000004417896355635e+00
2.317039050713136025e-02,-2.476697224108479201e-01,-2.476716634025093733e-01,1.000007283406133762e+00,-2.476728382251865423e-01,2.000007283413514081e+00,-2.476712331357710239e-01,2.477221558023661452e-01,1.896443028196195891e-06,9.999970963290198966e-01,1.000197659498610836e+00,1.000003641706757040e+00
2.318000225025230662e-02,-2.476697337050939862e-01,-2.476728683202490400e-01,1.000003275468630770e+00,-2.476695708249710137e-01,2.000003275471949671e+00,-2.476695588873491505e-01,2.477225642803155825e-01,-1.825892407796921257e-06,9.999997477427932102e-01,1.000199817782022604e+00,1.000001637735974835e+00
2.318476606054686515e-02,-2.476697393027921246e-01,-2.476721700014299643e-01,1.000003193459284567e+00,-2.476686863213331813e-01,2.000003193462520201e+00,-2.476679374151388724e-01,2.477218685832403566e-01,-1.708278454304042474e-07,1.000002267249343157e+00,1.000203027816546575e+00,1.000001596731260101e+00
2.319267219716469874e-02,-2.476697485928706366e-01,-2.476707263273214277e-01,1.000004525258967547e+00,-2.476672545389429492e-01,2.000004525263552768e+00,-2.476683383364251256e-01,2.477204233233918362e-01,9.191885139753159480e-07,1.000004667189556828e+00,1.000203435080997849e+00,1.000002262631776384e+00
2.320100618374384624e-02,-2.476697583856934393e-01,-2.476706519729205136e-01,1.000004877771386136e+00,-2.476793714912528532e-01,2.000004877776328627e+00,-2.476800923525823428e-01,2.477204187735658758e-01,-5.192052030974682156e-06,9.999934737456441791e-01,1.000193375362596893e+00,1.000002438888164313e+00
2.321001313954500211e-02,-2.476697689692860804e-01,-2.476739375755774852e-01,1.000005470863852830e+00,-2.476699881217599153e-01,2.000005470869396174e+00,-2.476686225752067760e-01,2.477238424984559151e-01,8.454676953324340204e-06,1.000003815823596209e+00,1.000205146034506498e+00,1.000002735434698087e+00
2.321334510505855195e-02,-2.476697728844996504e-01,-2.476731755306433025e-01,1.000005900873481401e+00,-2.476708889508291156e-01,2.000005900879460619e+00,-2.476720428225631376e-01,2.477229471507841341e-01,6.760739903149303884e-06,1.000006540338502115e+00,1.000206857741660071e+00,1.000002950439730309e+00
2.322328955564661318e-02,-2.476697845696912426e-01,-2.476698004562206956e-01,1.000006101690793736e+00,-2.476807854507297180e-01,2.000006101696976568e+00,-2.476806117559313403e-01,2.477196905666624038e-01,-4.045065642475936925e-06,1.000004653659845477e+00,1.000203461260605664e+00,1.000003050848488284e+00
2.323320517200590241e-02,-2.476697962210029358e-01,-2.476714204223799121e-01,1.000004606272152374e+00,-2.476788687533145739e-01,2.000004606276819530e+00,-2.476800476502059867e-01,2.477213844603626536e-01,-6.509309533820097557e-06,9.999967907709733650e-01,1.000197265697101656e+00,1.000002303138409987e+00
2.324300918180244313e-02,-2.476698077411712273e-01,-2.476745495041176026e-01,1.000006213795264998e+00,-2.476871975003077098e-01,2.000006213801561739e+00,-2.476871728244703641e-01,2.477240438555122215e-01,-7.315619242477706274e-06,9.999983357776728310e-01,1.000197208791761661e+00,1.000003106900780647e+00
2.325169141314371510e-02,-2.476698179431993940e-01,-2.476735029379665831e-01,1.000006605524227821e+00,-2.476822520265002381e-01,2.000006605530921355e+00,-2.476810201636712727e-01,2.477230598918936100e-01,-1.125707726456222477e-05,9.999897134155661949e-01,1.000190432874591417e+00,1.000003302765460678e+00
2.326026756980489191e-02,-2.476698280205845981e-01,-2.476739572438664549e-01,1.000004509450600043e+00,-2.476630258323346268e-01,2.000004509455168833e+00,-2.476601951831891579e-01,2.477233985689085982e-01,5.970108155218579247e-06,1.000003054179456008e+00,1.000204647929850310e+00,1.000002254727584639e+00
2.326367641417622506e-02,-2.476698320261348507e-01,-2.476724187901679364e-01,1.000003727984116741e+00,-2.476621962205022565e-01,2.000003727987893942e+00,-2.476624968222431167e-01,2.477227307240590370e-01,3.989017163095081937e-06,1.000004819134159284e+00,1.000204652068408917e+00,1.000001863993946971e+00
2.327146879258502887e-02,-2.476698411825432600e-01,-2.476688955634607781e-01,1.000003344375566927e+00,-2.476721720503459734e-01,2.000003344378955994e+00,-2.476733759235137944e-01,2.477194867663818911e-01,-6.349635999450934068e-06,1.000001826930141169e+00,1.000201678538104266e+00,1.000001672189477997e+00
2.328118231387715786e-02,-2.476698525963831610e-01,-2.476767405146966250e-01,1.000003799020419581e+00,-2.476830478312955774e-01,2.000003799024268947e+00,-2.476838654382079175e-01,2.477262065847569972e-01,-5.179505841128730834e-06,1.000003849742364892e+00,1.000203390517384161e+00,1.000001899512134473e+00
2.329148115982377157e-02,-2.476698646980076968e-01,-2.476660280698196048e-01,1.000006151758284334e+00,-2.476788290915128421e-01,2.000006151764517792e+00,-2.476784005130296673e-01,2.477203910664624587e-01,-8.804417015664916979e-06,9.999949930755790417e-01,1.000194902898195348e+00,1.000003075882258896e+00
2.330056520685743621e-02,-2.476698753721869595e-01,-2.476706327300652877e-01,1.000004219758049651e+00,-2.476739394463844390e-01,2.000004219762325341e+00,-2.476732324549930919e-01,2.477202992893234035e-01,-4.636924535227276257e-08,9.999993793217754057e-01,1.000199467507835172e+00,1.000002109881162671e+00
2.331000442704158487e-02,-2.476698864637117692e-01,-2.476670651087763964e-01,1.000006237436631196e+00,-2.476773974752100593e-01,2.000006237442951029e+00,-2.476783590857148110e-01,2.477178484816101312e-01,-8.301189682261075756e-06,9.999869099244116377e-01,1.000185169888570869e+00,1.000003118721475737e+00
2.331678133444473403e-02,-2.476698944268934943e-01,-2.476659565877732117e-01,1.000008627297293229e+00,-2.476759783602189846e-01,2.000008627306034903e+00,-2.476751499742294305e-01,2.477156617733785315e-01,-7.284350119655041162e-06,9.999935289517688508e-01,1.000195207598873814e+00,1.000004313653017451e+00
2.332225877224205698e-02,-2.476699008631381427e-01,-2.476661779116333395e-01,1.000008249030474916e+00,-2.476721556759357845e-01,2.000008249038833341e+00,-2.476724379648468644e-01,2.477161591110722816e-01,-5.276023815443185068e-06,1.000000998609176683e+00,1.000201141946652772e+00,1.000004124519416671e+00
2.333151073711280110e-02,-2.476699117346287116e-01,-2.476706251761454647e-01,1.000009183027908310e+00,-2.476834937793792324e-01,2.000009183037213312e+00,-2.476848299521465790e-01,2.477204179524646610e-01,-1.411913177886880246e-05,9.999979077100614733e-01,1.000197272575812590e+00,1.000004591518606656e+00
2.334462539268002818e-02,-2.476699271449606110e-01,-2.476729473835126150e-01,1.000010465513928803e+00,-2.476847232078256411e-01,2.000010465524533654e+00,-2.476846599086868494e-01,2.477226150013624451e-01,-8.294812016982399129e-06,9.999937874256438208e-01,1.000193639101113696e+00,1.000005232762266827e+00
2.336313133801188810e-02,-2.476699488903120749e-01,-2.476761507304305332e-01,1.000005208263606171e+00,-2.476771399188374412e-01,2.000005208268883727e+00,-2.476777543067759380e-01,2.477256535386024583e-01,2.824702564883013019e-06,9.999975769834518191e-01,1.000197418987493814e+00,1.000002604134441642e+00
2.337477256075429569e-02,-2.476699625692922457e-01,-2.476722755254731068e-01,1.000003226002572854e+00,-2.476760220823495673e-01,2.000003226005841572e+00,-2.476739247149028211e-01,2.477240875007911958e-01,3.960887287135444591e-06,9.999979373474454647e-01,1.000198371605132586e+00,1.000001613002920786e+00
2.339002183403643409e-02,-2.476699804879008981e-01,-2.476711161718630483e-01,1.000001740270545447e+00,-2.476735105521032931e-01,2.000001740272308925e+00,-2.476748841523699063e-01,2.477211489301769931e-01,-6.278434139354310664e-06,1.000005585339984293e+00,1.000205994524793640e+00,1.000000870136154463e+00
2.339476379629230191e-02,-2.476699860599263503e-01,-2.476704680907185485e-01,1.000003208571594415e+00,-2.476749857427569257e-01,2.000003208574845814e+00,-2.476746211111865437e-01,2.477201966649165144e-01,-4.702331846990748571e-06,1.000001259224166494e+00,1.000200149379923076e+00,1.000001604287422907e+00
2.340175964258525351e-02,-2.476699942803722299e-01,-2.476682815477938837e-01,1.000006893299229871e+00,-2.476726359698765700e-01,2.000006893306215172e+00,-2.476725227139853214e-01,2.477186376094797637e-01,-3.365615986008133828e-06,9.999947813444769462e-01,1.000194931559712064e+00,1.000003446653107364e+00
2.341113254569164581e-02,-2.476700052939690144e-01,-2.476651559615613563e-01,1.000007567595111890e+00,-2.476750526451924339e-01,2.000007567602779979e+00,-2.476751914745681793e-01,2.477154170718104120e-01,-1.299515892106086108e-05,9.999964768958988781e-01,1.000195829762975830e+00,1.000003783801389989e+00
2.342089353425087436e-02,-2.476700167635858818e-01,-2.476687625302673723e-01,1.000007789636515376e+00,-2.476766653737267898e-01,2.000007789644408174e+00,-2.476773562642723969e-01,2.477186324124744377e-01,-1.375396705675371350e-05,9.999879092971470929e-01,1.000187808191860928e+00,1.000003894822204309e+00
2.343046001039521611e-02,-2.476700280046415792e-01,-2.476716028198624464e-01,1.000010358926935128e+00,-2.476780809364336200e-01,2.000010358937431842e+00,-2.476779687960702081e-01,2.477213984017924142e-01,-4.790953538978129268e-06,9.999952587665190684e-01,1.000195954925697794e+00,1.000005179468715921e+00
2.344013035670286169e-02,-2.476700393677496725e-01,-2.476736576387943145e-01,1.000009938901412099e+00,-2.476783018291709715e-01,2.000009938911483154e+00,-2.476783610269641667e-01,2.477234442489139044e-01,-4.965685671218940187e-06,9.999955934229629584e-01,1.000195737140561869e+00,1.000004969455741577e+00
2.345127280640125350e-02,-2.476700524606493536e-01,-2.476791668266050406e-01,1.000006603196697874e+00,-2.476822191561361408e-01,2.000006603203388966e+00,-2.476823320185302379e-01,2.477286333813626673e-01,-2.120791688697813703e-06,1.000006860279694987e+00,1.000206652929697126e+00,1.000003301601694483e+00
2.346126193508922195e-02,-2.476700641983408946e-01,-2.476743681726369106e-01,1.000003905083644229e+00,-2.476804256005634974e-01,2.000003905087601286e+00,-2.476804237242155038e-01,2.477255419002732106e-01,-9.761560006259719608e-06,9.999976305660954745e-01,1.000196972714098909e+00,1.000001952543800643e+00
2.347130099390832766e-02,-2.476700759947036423e-01,-2.476689798175518153e-01,1.000000331972059398e+00,-2.476769438022337622e-01,2.000000331972395795e+00,-2.476762518845779526e-01,2.477203660919904127e-01,-1.050183511447506868e-05,9.999943931203182368e-01,1.000194569220207219e+00,1.000000165986197898e+00
2.348352190334962800e-02,-2.476700903548426091e-01,-2.476675245785258106e-01,1.000002247185414195e+00,-2.476684963494704406e-01,2.000002247187691484e+00,-2.476679768194381404e-01,2.477174203545382258e-01,-2.556646613414115900e-06,9.999958008369348450e-01,1.000194622768850072e+00,1.000001123593845742e+00
2.349220445296126836e-02,-2.476701005572435887e-01,-2.476710381094100188e-01,1.000006478417527100e+00,-2.476710467324800269e-01,2.000006478424091849e+00,-2.476732677937358573e-01,2.477211103669808845e-01,-2.749052079673735076e-06,9.999869827741741934e-01,1.000186974598253897e+00,1.000003239212045925e+00
2.350200602362676958e-02,-2.476701120745459506e-01,-2.476759794339330190e-01,1.000009325636854296e+00,-2.476954573160790318e-01,2.000009325646303626e+00,-2.476959530739806237e-01,2.477256890180524751e-01,-1.400304380036055151e-05,9.999865019429523549e-01,1.000186256195432444e+00,1.000004662823151813e+00
2.351653508355103922e-02,-2.476701291468704769e-01,-2.476759703667608392e-01,1.000005708490454781e+00,-2.476887311499814393e-01,2.000005708496239265e+00,-2.476895235499942116e-01,2.477257035938348617e-01,-1.137351031412994033e-05,9.999901157750498149e-01,1.000190935642326195e+00,1.000002854248119633e+00
2.353001406157506636e-02,-2.476701449852992398e-01,-2.476728335634810485e-01,1.000001076380491405e+00,-2.476744240821090459e-01,2.000001076381582532e+00,-2.476722779506434491e-01,2.477229270880954848e-01,-2.829163346239464762e-07,9.999988479706115596e-01,1.000199355964755288e+00,1.000000538190791044e+00
2.353947683243948902e-02,-2.476701561044969968e-01,-2.476694801185838901e-01,1.000001284019569781e+00,-2.476739277402901784e-01,2.000001284020870962e+00,-2.476740366921174885e-01,2.477200343187032638e-01,-4.006182594462484261e-06,9.999989801989529470e-01,1.000198809051148441e+00,1.000000642010435481e+00
2.355001999999999790e-02,-2.476701684932121894e-01,-2.476683761965362551e-01,1.000003507151224103e+00,-2.476697718953545790e-01,2.000003507154777704e+00,-2.476689999264486963e-01,2.477178908718373485e-01,-9.279471884646890836e-06,9.999943059107776477e-01,1.000193792108273083e+00,1.000001753577388852e+00
2.356026569771853957e-02,-2.476701805323858196e-01,-2.476672854844457206e-01,1.000006519373886515e+00,-2.476704282650456779e-01,2.000006519380492342e+00,-2.476706967197886133e-01,2.477169172197594971e-01,-1.162954800381508452e-05,9.999831829256108362e-01,1.000182591016415490e+00,1.000003259690246171e+00
2.357002170976563518e-02,-2.476702003132361940e-01,-2.476743601491932234e-01,1.000008480070799788e+00,-2.476870719617961514e-01,2.000008480079392026e+00,-2.476890226093764746e-01,2.477246683057058030e-01,-1.839483975290710774e-05,9.999916250936219386e-01,1.000192624296345922e+00,1.000004240039696235e+00
2.357818893229158760e-02,-2.476737469312570994e-01,-2.476734175215695999e-01,1.000009146775589830e+00,-2.476931346986311622e-01,2.000009146784857972e+00,-2.476932170110175691e-01,2.477233428485636491e-01,-9.400889306652259440e-06,9.999918365024756950e-01,1.000191874708322493e+00,1.000004573392428986e+00
2.358708340391658595e-02,-2.476764149998265385e-01,-2.476786272570977721e-01,1.000007300969190771e+00,-2.476846218039347181e-01,2.000007300976588631e+00,-2.476833820355046067e-01,2.477291313896261560e-01,-1.452678144209833566e-06,9.999996520217275808e-01,1.000200915340044405e+00,1.000003650488294316e+00
2.359371150055973934e-02,-2.476778297878536317e-01,-2.476817072658339391e-01,1.000004428046282090e+00,-2.476792003903065809e-01,2.000004428050768723e+00,-2.476791250628657404e-01,2.477312482617464173e-01,7.823684807109328868e-07,1.000004071748980650e+00,1.000203717554711158e+00,1.000002214025384362e+00
2.360249100870334335e-02,-2.476791739050817065e-01,-2.476813055495405425e-01,1.000002876908168137e+00,-2.476820181762776352e-01,2.000002876911083582e+00,-2.476832713884766501e-01,2.477316671694135553e-01,-3.015294408635620510e-06,9.999990111737104836e-01,1.000198321972860738e+00,1.000001438455541791e+00
2.361107889784911859e-02,-2.476800749810334212e-01,-2.476881713609087321e-01,9.999988765506093724e-01,-2.476906136330860597e-01,1.999998876549470950e+00,-2.476900220193858915e-01,2.477376397144758213e-01,2.366883939343336782e-06,9.999956404275917032e-01,1.000196357830651417e+00,9.999994382747355859e-01
2.362010424911481499e-02,-2.476807210761086675e-01,-2.476794084005694840e-01,9.999962206442527535e-01,-2.476805343651763414e-01,1.999996220640423150e+00,-2.476798062604398110e-01,2.477333485513147360e-01,-8.747817372455953005e-06,1.000001826402485472e+00,1.000202055474846086e+00,9.999981103202115751e-01
2.362361456596753090e-02,-2.476809113775569338e-01,-2.476771567949659636e-01,9.999955022843430852e-01,-2.476798536100852377e-01,1.999995502279785731e+00,-2.476792377505108722e-01,2.477305766233269813e-01,-5.065241378837746265e-06,9.999979677464353456e-01,1.000196773014749185e+00,9.999977511398928653e-01
2.363239629978265005e-02,-2.476812776795684068e-01,-2.476744526499308208e-01,9.999922862700489912e-01,-2.476701243066495028e-01,1.999992286262232799e+00,-2.476689396614957794e-01,2.477245871669239152e-01,1.180790783166112551e-05,9.999945721484702066e-01,1.000196878701230085e+00,9.999961431311165105e-01
2.364199810172248895e-02,-2.476815465615115341e-01,-2.476809577873765600e-01,9.999957736094857719e-01,-2.476681750509815705e-01,1.999995773605203198e+00,-2.476694441472067632e-01,2.477310774287581618e-01,1.528538618121986939e-05,1.000011800527701666e+00,1.000210147556804596e+00,9.999978868026015988e-01
2.365057695776072791e-02,-2.476817081142274335e-01,-2.476856971958550646e-01,1.000000777735089885e+00,-2.476853193680909337e-01,2.000000777735878366e+00,-2.476872438715311819e-01,2.477354913948690285e-01,-1.798557419754976600e-06,9.999908960452282836e-01,1.000189602974875358e+00,1.000000388867939183e+00
2.366016116122493518e-02,-2.476818298883967651e-01,-2.476848285484480883e-01,9.999995858350573252e-01,-2.476871207275942177e-01,1.999999585834637550e+00,-2.476868042404965775e-01,2.477344369870537188e-01,-2.569005220046797483e-06,9.999982142518017980e-01,1.000199276303516571e+00,9.999997929173187750e-01
2.367117384099325442e-02,-2.476819195036760179e-01,-2.476854064827663515e-01,9.999937860608988371e-01,-2.476926167566212977e-01,1.999993786054602429e+00,-2.476919357904386332e-01,2.477350100981463299e-01,5.157414910765121513e-06,1.000001911113709729e+00,1.000201958284637538e+00,9.999968930273012147e-01
2.369000555814863157e-02,-2.476820010531168847e-01,-2.476792389705974040e-01,9.999922224685968697e-01,-2.476780945627358455e-01,1.999992222460716063e+00,-2.476779015332460643e-01,2.477289419309599561e-01,1.297615713221615591e-06,1.000006069548033727e+00,1.000206809458891177e+00,9.999961112303580313e-01
2.369391250370191104e-02,-2.476820110973479150e-01,-2.476835366947220396e-01,9.999929444771878950e-01,-2.476780806365071474e-01,1.999992944470038836e+00,-2.476780563943031255e-01,2.477344607796210241e-01,5.209159356359087316e-06,1.000005299412310533e+00,1.000204993622426652e+00,9.999964722350193069e-01
2.370159274945322914e-02,-2.476820264949442796e-01,-2.476920604076161270e-01,9.999963028076357396e-01,-2.476792167160495606e-01,1.999996302803889625e+00,-2.476797537773085811e-01,2.477415295380867022e-01,1.166711761218212945e-05,1.000003433926903051e+00,1.000203627167629783e+00,9.999981514019448126e-01
2.371003762878225868e-02,-2.476820384240856210e-01,-2.476802230623526835e-01,9.999975607996683946e-01,-2.476844294358579446e-01,1.999997560797196705e+00,-2.476847694405980849e-01,2.477365501251792279e-01,-5.243148756566127258e-06,1.000002072131196407e+00,1.000201921268945027e+00,9.999987803985983525e-01
2.371315990203057625e-02,-2.476820418355221431e-01,-2.476798050029885845e-01,9.999963088926668853e-01,-2.476828425369791975e-01,1.999996308888926766e+00,-2.476817034910850923e-01,2.477333092366340583e-01,-3.865225553520045736e-06,1.000001488748280654e+00,1.000201648150739642e+00,9.999981544444633830e-01
2.372136959622482555e-02,-2.476820488745354043e-01,-2.476831328643426811e-01,9.999903357210221388e-01,-2.476704722644210155e-01,1.999990335711229639e+00,-2.476698576029202903e-01,2.477329961806693515e-01,9.369858439686684921e-06,1.000005391300334834e+00,1.000205778576607196e+00,9.999951678556147083e-01
2.373119485283500807e-02,-2.476820545716848787e-01,-2.476858054285073496e-01,9.999927250525694200e-01,-2.476771482158442172e-01,1.999992725045197650e+00,-2.476782964133133480e-01,2.477352976494655024e-01,9.047621385047922117e-06,1.000003780230621642e+00,1.000203457666756002e+00,9.999963625225988251e-01
2.374076184012671037e-02,-2.476820582012550509e-01,-2.476840074857337148e-01,9.999952328537582424e-01,-2.476860000734057154e-01,1.999995232848927662e+00,-2.476861417757739436e-01,2.477339593991802480e-01,2.303436778570929532e-07,1.000000854285390650e+00,1.000200530957948031e+00,9.999976164244638310e-01
2.375057024372837639e-02,-2.476820606357661436e-01,-2.476777256672217931e-01,9.999928035448074626e-01,-2.476746455734565588e-01,1.999992803537515407e+00,-2.476738232643838633e-01,2.477297871063990631e-01,5.188450099068883999e-06,9.999996952348817469e-01,1.000199768100483499e+00,9.999964017687577034e-01
2.376191625602826901e-02,-2.476820624080205147e-01,-2.476849140790988446e-01,9.999931510806070456e-01,-2.476883747955673232e-01,1.999993151073667264e+00,-2.476896083368081980e-01,2.477352898176733154e-01,3.800103549084261889e-06,9.999990138774852433e-01,1.000198573550277192e+00,9.999965755368336318e-01
2.377339444006282970e-02,-2.476820634887191563e-01,-2.476918106594125646e-01,9.999971196492682957e-01,-2.476958034538064846e-01,1.999997119646349741e+00,-2.476941479203446927e-01,2.477414174589734619e-01,1.477048413262406752e-06,9.999964285391674812e-01,1.000197150073682817e+00,9.999985598231748707e-01
2.379006791408562124e-02,-2.476820643311477277e-01,-2.476847240666820715e-01,9.999890894345088155e-01,-2.476840538422176441e-01,1.999989089423453326e+00,-2.476844514979228140e-01,2.477357605345198999e-01,3.730735313135487372e-06,1.000004783698374311e+00,1.000205038776095678e+00,9.999945447117266628e-01
2.379935725576516961e-02,-2.476820645839469814e-01,-2.476885858386140837e-01,9.999869706681535630e-01,-2.476822524875534337e-01,1.999986970654951346e+00,-2.476822947261043684e-01,2.477386385596231921e-01,1.440407111799468182e-05,1.000018139542450779e+00,1.000219625175525984e+00,9.999934853274756730e-01
2.380859458138283313e-02,-2.476820647443866985e-01,-2.476820030746979540e-01,9.999898434368309497e-01,-2.476697624583380775e-01,1.999989843426539515e+00,-2.476680895503226842e-01,2.477350841315702767e-01,1.408598537945736805e-05,1.000011967697360227e+00,1.000210750061090170e+00,9.999949217132697576e-01
2.381602176642780636e-02,-2.476820648283455384e-01,-2.476824775130303524e-01,9.999908749057021540e-01,-2.476746627032023473e-01,1.999990874896455884e+00,-2.476767871629950712e-01,2.477325727434795399e-01,7.440199873110040804e-06,1.000004113301751429e+00,1.000203095435020062e+00,9.999954374482279418e-01
2.382193553240765510e-02,-2.476820648745835796e-01,-2.476852912383768202e-01,9.999903597462531657e-01,-2.476846650011425843e-01,1.999990359736484979e+00,-2.476845686246187672e-01,2.477349882600144992e-01,3.639871718897982171e-06,9.999987745636880199e-01,1.000198308709816297e+00,9.999951798682424897e-01
2.383129306867769887e-02,-2.476820649208157921e-01,-2.476853645302742601e-01,9.999934808350658955e-01,-2.476770724732884621e-01,1.999993480828460291e+00,-2.476760409218910219e-01,2.477352291815979601e-01,8.642940044631559486e-06,9.999974346037725503e-01,1.000198563124896634e+00,9.999967404142300342e-01
2.384104581460795916e-02,-2.476820649444377298e-01,-2.476728558803188984e-01,9.999938468926138357e-01,-2.476600052735708490e-01,1.999993846886379156e+00,-2.476591471119475030e-01,2.477289652660241981e-01,1.065016946004757009e-05,1.000012573025023777e+00,1.000212802899489661e+00,9.999969234431894671e-01
2.385057803247621691e-02,-2.476820649515220907e-01,-2.476805508189460492e-01,9.999924472016951116e-01,-2.476739651942574116e-01,1.999992447194042233e+00,-2.476757429188089776e-01,2.477307279531853201e-01,4.620090662264117829e-06,1.000004703095174419e+00,1.000204210633806490e+00,9.999962235970211166e-01
2.386000155442007803e-02,-2.476820649482732728e-01,-2.476837913752474585e-01,9.999980889663186989e-01,-2.476792676333073873e-01,1.999998088964382248e+00,-2.476798284825554586e-01,2.477336350743936655e-01,5.628374351372149855e-06,1.000008894910145330e+00,1.000209361060095281e+00,9.999990444821911240e-01
2.386497543550228362e-02,-2.476820649436682620e-01,-2.476809556980844040e-01,1.000000540618341871e+00,-2.476813426987310718e-01,2.000000540618889655e+00,-2.476815663017637725e-01,2.477320500467580233e-01,9.900054879600861664e-07,1.000007372746883005e+00,1.000206849615330462e+00,1.000000270309444828e+00
2.387215831412863032e-02,-2.476820649344506631e-01,-2.476773443718861545e-01,9.999986386264806404e-01,-2.476802646490059712e-01,1.999998638625101188e+00,-2.476801389753155724e-01,2.477283102917484103e-01,-4.604726635566832532e-07,1.000005727001215483e+00,1.000206159810007600e+00,9.999993193125505941e-01
2.388139498690501628e-02,-2.476820649193086366e-01,-2.476838063239190368e-01,9.999951937714030015e-01,-2.476793400170231585e-01,1.999995193766533008e+00,-2.476786559052186198e-01,2.477332738054954520e-01,9.810227208748773019e-06,1.000010994261887554e+00,1.000210490754334547e+00,9.999975968832665041e-01
2.389161688831372560e-02,-2.476820648996070628e-01,-2.476788905083061043e-01,9.999975049120648496e-01,-2.476720585604461899e-01,1.999997504909536872e+00,-2.476727777417258025e-01,2.477296241258474807e-01,7.875554053777873251e-06,1.000000753090571681e+00,1.000201084320865297e+00,9.999987524547683249e-01
2.390393726608250335e-02,-2.476820648732550034e-01,-2.476853294627718305e-01,9.999956934770110051e-01,-2.476864939968533574e-01,1.999995693472647273e+00,-2.476873639412282002e-01,2.477354196747087456e-01,4.218517302109834562e-06,1.000007035196871286e+00,1.000206739358744601e+00,9.999978467363236367e-01
2.391871668463011608e-02,-2.476820648394345292e-01,-2.476826749644912284e-01,9.999959713997514932e-01,-2.476777292809132780e-01,1.999995971395669425e+00,-2.476751555690801798e-01,2.477351858649489702e-01,4.238196631138937638e-06,9.999998099367705118e-01,1.000199396855484091e+00,9.999979856978347126e-01
2.392921447946238026e-02,-2.476820648145658110e-01,-2.476758855668748649e-01,9.999915351536025065e-01,-2.476768552532666590e-01,1.999991535145025034e+00,-2.476776127598443455e-01,2.477278953646286364e-01,4.449156931816919492e-06,9.999976021407162019e-01,1.000197389142050586e+00,9.999957675725126283e-01
2.393472866111692049e-02,-2.476820648013252080e-01,-2.476718050542410232e-01,9.999908925327029019e-01,-2.476697704566546421e-01,1.999990892523474395e+00,-2.476673963913835486e-01,2.477244049564560902e-01,6.776986358608910322e-06,1.000002218822741540e+00,1.000203591002147396e+00,9.999954462617371975e-01
2.394318307132068877e-02,-2.476820647808579690e-01,-2.476691321606291629e-01,9.999949613226918332e-01,-2.476592799792566857e-01,1.999994961317586029e+00,-2.476611548887483472e-01,2.477196581257486152e-01,6.065425609954106829e-06,1.000006671703391747e+00,1.000205126385657950e+00,9.999974806587931253e-01
2.395466073586701231e-02,-2.476820647528484298e-01,-2.476822516400383478e-01,1.000002629646509655e+00,-2.476851507240550587e-01,2.000002629649174413e+00,-2.476870563969518768e-01,2.477331063008481882e-01,-4.534175217845070294e-06,9.999920531383886813e-01,1.000191785325645899e+00,1.000001314824586984e+00
2.397001813706054613e-02,-2.476820647180165147e-01,-2.476734855030335025e-01,1.000003920444894723e+00,-2.476816613135316147e-01,2.000003920448867767e+00,-2.476790296155026161e-01,2.477325879336479131e-01,-5.402980304016126980e-06,9.999977483300983572e-01,1.000198819878562739e+00,1.000001960224433661e+00
2.397352869601860823e-02,-2.476766564850522989e-01,-2.476670803925910824e-01,1.000000625900643536e+00,-2.476693172235513163e-01,2.000000625901277918e+00,-2.476670900770899242e-01,2.477271437477406857e-01,-1.672780821842240952e-06,1.000000892222973281e+00,1.000201784397771743e+00,1.000000312950638959e+00
2.398925620311159398e-02,-2.476766749656062472e-01,-2.476770478952293186e-01,9.999970968024423090e-01,-2.476676643115614529e-01,1.999997096799500440e+00,-2.476699082089707238e-01,2.477275829384958661e-01,7.351121715552297575e-06,1.000014461179034253e+00,1.000214824748260511e+00,9.999985483997503311e-01
2.399312390741518627e-02,-2.476766795103372831e-01,-2.476776452056543842e-01,1.000002137030228999e+00,-2.476762064725213930e-01,2.000002137032394600e+00,-2.476783406509357743e-01,2.477272781178145311e-01,1.690019590000246470e-07,1.000011639951472020e+00,1.000209999129647365e+00,1.000001068516197078e+00
