time,state,q,residual,candidate,denominator,target,stagepeak
1.000000000000000021e-08,7.396783517388555753e-12,2.644056001768448327e-08,1.916999996774159554e+00,-5.634619210313032180e-03,3.222666644150869786e+00,-5.690965402416727770e-01,2.670554731018171084e-06
5.938027354000011764e-08,4.388312209033562615e-11,1.542146082475636320e-07,1.917000004011072400e+00,-3.278300434089127108e-02,3.222666653800086323e+00,-5.690964344681749276e-01,2.686218179818777398e-06
3.556534010105867874e-07,2.611575526932407764e-10,8.160848361603499600e-07,1.917000127895329253e+00,-1.703069413151733491e-01,3.222666818979092795e+00,-5.690959157169015459e-01,2.780194534412842110e-06
8.192189273395774921e-07,5.955512662670498534e-10,1.574010111333667271e-06,1.917000566177846421e+00,-3.182538295978339926e-01,3.222667403355774063e+00,-5.690954231977740641e-01,2.927229634280539254e-06
1.173667944773644167e-06,8.467252675249583057e-10,1.995546946650667031e-06,1.917001045494040934e+00,-3.931227974834752836e-01,3.222668042444023939e+00,-5.690952301632850041e-01,3.039650324309401331e-06
1.947780260757984140e-06,1.382011713772876275e-09,2.632606756158198172e-06,1.917002281008829856e+00,-4.879684379717152409e-01,3.222669689797051706e+00,-5.690951110320948692e-01,3.285162458266605195e-06
3.044949252957959745e-06,2.110478187924187293e-09,3.203667896507274411e-06,1.917003974518309173e+00,-5.420296380160843919e-01,3.222671947809656601e+00,-5.690951888994545405e-01,3.633102809464743599e-06
4.790434581833747120e-06,3.200105347371936964e-09,3.849322311504284321e-06,1.917005978741770811e+00,-5.643822210952276208e-01,3.222674620107565779e+00,-5.690952600177496823e-01,4.186571550423118578e-06
8.771781294059016740e-06,5.396787866273857559e-09,5.130403485462807663e-06,1.917008851760615862e+00,-5.690103444277614386e-01,3.222678450799302041e+00,-5.690949233287818654e-01,5.448711603135663208e-06
1.002170976562500091e-05,6.015845799661178930e-09,5.526423242575163712e-06,1.917009626427540914e+00,-5.690716159100801530e-01,3.222679483688520197e+00,-5.690947541743220928e-01,5.812354456683610217e-06
1.087177399151277937e-05,6.644893285022100867e-09,5.361996925277634782e-06,1.917010049534457305e+00,-5.690846674234285585e-01,3.222680047831066208e+00,-5.690942034373708269e-01,5.397741590729026325e-06
1.252109163588343387e-05,7.865388260716712267e-09,3.920201873651823705e-06,1.917009496221067089e+00,-5.690920362407394517e-01,3.222679310079890946e+00,-5.690935153814760117e-01,4.455290736612447804e-06
1.538385488762990594e-05,9.983832926029153662e-09,6.525438923102820141e-07,1.917004809342459426e+00,-5.690921467983854898e-01,3.222673060908507026e+00,-5.690915058209080613e-01,1.440411553006094284e-06
2.001494045586561040e-05,1.341083601807447784e-08,-4.809835829088721135e-06,1.916994597735309114e+00,-5.690882881256509318e-01,3.222659445432509706e+00,-5.690874190799828369e-01,5.968292267568262652e-06
2.087024474070026562e-05,1.404376114660814823e-08,-5.362916530075678550e-06,1.916992767132705611e+00,-5.690880876269762689e-01,3.222657004629074784e+00,-5.690882613196246442e-01,5.625324985378015194e-06
2.245594458471805138e-05,1.521717895281957069e-08,-5.254009010798670202e-06,1.916990719325690984e+00,-5.690887935089044003e-01,3.222654274219762360e+00,-5.690894221076042703e-01,5.282589109902254652e-06
2.517002328365206996e-05,1.722559705577723417e-08,-4.292338412379910764e-06,1.916990872394092049e+00,-5.690911327727883329e-01,3.222654478310960968e+00,-5.690921896266555313e-01,4.494295620371761169e-06
3.000278805102988341e-05,2.080184274417554197e-08,-2.363662136796402608e-06,1.916994247025020526e+00,-5.690968890975044436e-01,3.222658977818798842e+00,-5.690981331735281978e-01,2.601487991750676757e-06
3.088146247923519036e-05,2.145206177745363959e-08,-2.301209758392439384e-06,1.916994852747937017e+00,-5.690976315204510083e-01,3.222659785449341729e+00,-5.690982235258857935e-01,2.475590524529584900e-06
3.303053174610214086e-05,2.304237292824062793e-08,-3.188522096453864976e-06,1.916994905411265826e+00,-5.690984789824732326e-01,3.222659855667112438e+00,-5.690987369622084735e-01,3.721917178536019124e-06
3.746088136303281932e-05,2.632083142449229890e-08,-5.710803526142439499e-06,1.916990922270340736e+00,-5.690988135321948249e-01,3.222654544812624700e+00,-5.690987810924046375e-01,6.291244700583933451e-06
4.030899780375984487e-05,2.842843744879121070e-08,-7.301853559202790818e-06,1.916987793207989288e+00,-5.690986720920527819e-01,3.222650372729551460e+00,-5.690986001068666367e-01,7.514027746031175929e-06
4.152516348782108612e-05,2.932839999437511039e-08,-7.036132031821838908e-06,1.916986866359960962e+00,-5.690984020358389461e-01,3.222649136932198566e+00,-5.690980347934546657e-01,7.065064645108692847e-06
4.381661330841082061e-05,3.102407274730172321e-08,-5.455686658776983122e-06,1.916987764896840751e+00,-5.690974611905047498e-01,3.222650334981354003e+00,-5.690971133772493307e-01,5.868313829309850028e-06
4.838917268511044704e-05,3.440776645760684750e-08,-1.790664629356487770e-06,1.916994060930062638e+00,-5.690966701085051760e-01,3.222658729692191582e+00,-5.690965947689510251e-01,2.298437732073361058e-06
5.039212167118065967e-05,3.588994860708161822e-08,-2.457733918914312136e-07,1.916997137613258628e+00,-5.690965103245758661e-01,3.222662831936391914e+00,-5.690963240599979933e-01,7.119217759329601169e-07
5.188180840382112505e-05,3.699231671464129339e-08,-9.050965329755726765e-08,1.916998869113571535e+00,-5.690962250293305491e-01,3.222665140603441447e+00,-5.690960555204271909e-01,2.025867644047947992e-07
5.485031264952351069e-05,3.918900970766971047e-08,-7.561989899077459334e-07,1.916999202302316574e+00,-5.690954796209451994e-01,3.222665584855094245e+00,-5.690951099318972695e-01,1.024968740168758643e-06
6.001230148246011146e-05,4.300888118483979773e-08,-2.177593343025683107e-06,1.916996757895184755e+00,-5.690930328747905165e-01,3.222662325645634152e+00,-5.690925199438039428e-01,2.446723682126623747e-06
6.132503629173087793e-05,4.398030487768803415e-08,-2.142809146861020407e-06,1.916996205916327911e+00,-5.690924985828852423e-01,3.222661589673835980e+00,-5.690921162124771282e-01,2.170771295208306354e-06
6.463391752392400090e-05,4.642887682295079989e-08,-9.995462658013790667e-07,1.916997072336784624e+00,-5.690913723800277157e-01,3.222662744901094278e+00,-5.690911127917533952e-01,1.211051552132397973e-06
7.003474512546073655e-05,5.042548897570163263e-08,1.141519400664975353e-06,1.917000973239492811e+00,-5.690903663550647140e-01,3.222667946104627923e+00,-5.690902436273567178e-01,1.524504763036388739e-06
7.196161069072726018e-05,5.185136939666163224e-08,1.427570919251554349e-06,1.917002180788575316e+00,-5.690912832490023776e-01,3.222669556170046690e+00,-5.690921079310127251e-01,1.450500536659264547e-06
7.765975897786809895e-05,5.606799884081630996e-08,1.269617158517261709e-06,1.917002595934422349e+00,-5.690963585849675432e-01,3.222670109697834739e+00,-5.690972190412211251e-01,1.323801916277796629e-06
8.094855691658698227e-05,5.850170914872408295e-08,1.043190690407901978e-06,1.917002341240829022e+00,-5.690991274192993554e-01,3.222669770106382003e+00,-5.690999218272725368e-01,1.147197497635914778e-06
8.582002290363706419e-05,6.210659373171239678e-08,-4.865113260985760262e-07,1.917000160243393481e+00,-5.691028693858247722e-01,3.222666862109844654e+00,-5.691035901766690053e-01,8.233730641041854142e-07
9.065446557600861650e-05,6.568408106319686060e-08,-2.066069564271153594e-06,1.916997078747406658e+00,-5.691059781015302965e-01,3.222662753448589879e+00,-5.691058582461711035e-01,2.261138085688043405e-06
9.488683233042495926e-05,6.881603224561274995e-08,-2.388836274153533171e-06,1.916995676840283158e+00,-5.691024947616426521e-01,3.222660884239120005e+00,-5.691015066607896244e-01,2.431761680138342997e-06
1.004303823300807069e-04,7.291825896203196457e-08,-2.596363766623028619e-06,1.916995171745783377e+00,-5.690972047590479033e-01,3.222660210779797030e+00,-5.690966118815766750e-01,2.624416201389888023e-06
1.050517219612931517e-04,7.633805005241377784e-08,-1.889034746549884557e-06,1.916995892195749729e+00,-5.690968055421673499e-01,3.222661171379737954e+00,-5.690968794027896349e-01,1.977270809603802771e-06
1.115305298691739530e-04,8.113236757158610067e-08,-6.436016172750348887e-07,1.916998151104442716e+00,-5.690971865711571542e-01,3.222664183257950565e+00,-5.690970058444856372e-01,7.583540756800201488e-07
1.201061209772863670e-04,8.747830454983231512e-08,1.526053236683611780e-06,1.917002163314864616e+00,-5.690951370307018031e-01,3.222669532871766496e+00,-5.690948102954404009e-01,1.788758083177088774e-06
1.278756855201373509e-04,9.322778190989267088e-08,4.029921095183868114e-06,1.917006721394184376e+00,-5.690871927424071552e-01,3.222675610310768768e+00,-5.690860788523716129e-01,4.361820787423764251e-06
1.342393963523926925e-04,9.793692759578736983e-08,5.989902720256834520e-06,1.917010603783705358e+00,-5.690869890196793568e-01,3.222680786830053101e+00,-5.690879630380810683e-01,6.277538055513248723e-06
1.405302194054814519e-04,1.025921363279922934e-07,7.747887147400775370e-06,1.917014064691567654e+00,-5.690931206780107665e-01,3.222685401373800662e+00,-5.690937939742714002e-01,7.892661778891856971e-06
1.440661855772768657e-04,1.052087511108875541e-07,7.732030767634254196e-06,1.917014909616539864e+00,-5.690944945136092725e-01,3.222686527940413548e+00,-5.690947564739888831e-01,7.783489483324003828e-06
1.500688472330179277e-04,1.096507204227442149e-07,7.373406431770324510e-06,1.917014381863382244e+00,-5.690957187398805184e-01,3.222685824269547528e+00,-5.690958742306256868e-01,7.445587537619654915e-06
1.516666044610733791e-04,1.108330606879526587e-07,6.681020778706831898e-06,1.917013925536717567e+00,-5.690958155028109644e-01,3.222685215834003802e+00,-5.690958622587506399e-01,6.983215358824869829e-06
1.553341869200060039e-04,1.135470715155575986e-07,4.025529664922901550e-06,1.917010065459498147e+00,-5.690957315593709875e-01,3.222680069064454145e+00,-5.690956154174940940e-01,4.547782941675634723e-06
1.600606252348094917e-04,1.170446356206325677e-07,4.429035425740489054e-07,1.917003319974614817e+00,-5.690949363520626525e-01,3.222671075084743819e+00,-5.690947168356570440e-01,9.771729973429239624e-07
1.613707025727704775e-04,1.180140927819275498e-07,2.916468218888093038e-08,1.917001630748104368e+00,-5.690942451777035727e-01,3.222668822782763343e+00,-5.690934616430227688e-01,3.171811245855703270e-07
1.641178358615823154e-04,1.200469712712649386e-07,2.844159741070796376e-07,1.917000454466887494e+00,-5.690917298728708218e-01,3.222667254407831194e+00,-5.690908309896708372e-01,4.429959210005624395e-07
1.700106118613200535e-04,1.244076252007937668e-07,1.292003141027948210e-06,1.917001978350463265e+00,-5.690871087370712456e-01,3.222669286252568543e+00,-5.690863871262973328e-01,1.466950243476061234e-06
1.740825406906111714e-04,1.274208523196150505e-07,2.351547849916255116e-06,1.917003692798068260e+00,-5.690878428179473314e-01,3.222671572182674637e+00,-5.690882984782591469e-01,2.637689199712364512e-06
1.800967791579935007e-04,1.318713884674636214e-07,4.070614589837978082e-06,1.917006952698822264e+00,-5.690907692146368602e-01,3.222675918716948029e+00,-5.690911776260282329e-01,4.196219598520735416e-06
1.810216442796984805e-04,1.325557886085496144e-07,3.671772115050374643e-06,1.917007282245276167e+00,-5.690909831440533750e-01,3.222676358112213535e+00,-5.690911580049418106e-01,3.830165475579221877e-06
1.826419394931362702e-04,1.337548069806455721e-07,1.790060352838475144e-06,1.917006176975035503e+00,-5.690912820602261890e-01,3.222674884418581520e+00,-5.690914341380161057e-01,2.498900190678268373e-06
1.853144178886889930e-04,1.357324408516316169e-07,-2.036548776562470338e-06,1.917000531314388523e+00,-5.690912065376177997e-01,3.222667356871164124e+00,-5.690910031099450928e-01,3.503907978529213438e-06
1.900044857134911751e-04,1.392030907928856396e-07,-8.948185542877326663e-06,1.916987604353495689e+00,-5.690896353830434684e-01,3.222650120923563843e+00,-5.690892503804867442e-01,1.041386232199637963e-05
1.907014350124394166e-04,1.397188332370487993e-07,-9.466995673704463779e-06,1.916985726405483259e+00,-5.690896143004652297e-01,3.222647616992917907e+00,-5.690897753221747513e-01,9.641580986990628323e-06
1.918609227300074427e-04,1.405768540863722956e-07,-9.061552206027432264e-06,1.916983701299001863e+00,-5.690898407403112147e-01,3.222644916850983421e+00,-5.690900440661731396e-01,9.090884173487339285e-06
1.936375444239458153e-04,1.418915540453242377e-07,-7.426802974356471036e-06,1.916983856037494993e+00,-5.690904033445267629e-01,3.222645123168970560e+00,-5.690908893113372224e-01,7.927608603771564954e-06
1.963946876091200234e-04,1.439318398554631680e-07,-4.435702414169029888e-06,1.916988223246082645e+00,-5.690924724361918763e-01,3.222650946113667647e+00,-5.690934226206235680e-01,5.124656915179252418e-06
2.000219399759813434e-04,1.466160064134377504e-07,-4.216402588921942477e-07,1.916995716370254899e+00,-5.690962692918917210e-01,3.222660936945747956e+00,-5.690973402835585171e-01,1.129884507407408019e-06
2.010110647210221516e-04,1.473479586719501089e-07,1.983842380632101526e-07,1.916997684666914337e+00,-5.690970419177989736e-01,3.222663561341255090e+00,-5.690976793765255559e-01,4.978900467424489703e-07
2.029628836135841834e-04,1.487923045481571245e-07,2.779392246076236939e-07,1.916999906127083486e+00,-5.690981492889132243e-01,3.222666523288103324e+00,-5.690986350991714682e-01,2.504601209605401724e-07
2.065497258789225524e-04,1.514465676326374572e-07,-2.407692962553438443e-07,1.917000016598269463e+00,-5.690992334963751453e-01,3.222666670583015591e+00,-5.690994004256374472e-01,4.013844139939627023e-07
2.104230161858806263e-04,1.543128022522723089e-07,-8.403141734155043711e-07,1.916998906277485926e+00,-5.690996321495859211e-01,3.222665190155326265e+00,-5.690994016193716698e-01,8.809397744412741750e-07
2.137225814193212013e-04,1.567544803479777274e-07,-4.340928762143335825e-07,1.916998814327771417e+00,-5.690972147289180549e-01,3.222665067555708696e+00,-5.690963231506316333e-01,5.051885624694706159e-07
2.200466511912265387e-04,1.614342916391885171e-07,7.633380018906186748e-07,1.917000907078940664e+00,-5.690917965128368117e-01,3.222667857890559429e+00,-5.690910008275712473e-01,9.714902557215145737e-07
2.222251413811218918e-04,1.630463742623827191e-07,1.687111298228855618e-06,1.917002013393698689e+00,-5.690910524979423402e-01,3.222669332976881407e+00,-5.690909171173883507e-01,2.218991158816798700e-06
2.291871570608954305e-04,1.681982654897515287e-07,5.632115538049728534e-06,1.917009022976147170e+00,-5.690911182678934921e-01,3.222678679086673714e+00,-5.690911831322249537e-01,6.205752672898559865e-06
2.308528064801889778e-04,1.694308459699913969e-07,6.403337267860737030e-06,1.917010808676701261e+00,-5.690912498133645636e-01,3.222681060020710753e+00,-5.690913902271720337e-01,6.601522160159490529e-06
2.335865294870623590e-04,1.714538008471715533e-07,6.440614081317930799e-06,1.917012246371439854e+00,-5.690918699237585976e-01,3.222682976947000011e+00,-5.690920906415531944e-01,6.470665334370582394e-06
2.400803375757521471e-04,1.762592184807942844e-07,5.927958581077358069e-06,1.917011674414035083e+00,-5.690926336859234436e-01,3.222682214337138085e+00,-5.690927238953898959e-01,6.012826107482576901e-06
2.500030818418557733e-04,1.836020486980188024e-07,5.272717580612354175e-06,1.917010365778545333e+00,-5.690953148188691024e-01,3.222680469489844324e+00,-5.690956054318625501e-01,5.346167378988451648e-06
2.515966765867963897e-04,1.847813087223953819e-07,4.873485346501790793e-06,1.917010039759734052e+00,-5.690953888669002536e-01,3.222680034798102611e+00,-5.690953162557043088e-01,5.064146461940825978e-06
2.571660014084738394e-04,1.889026087863670330e-07,2.521352654495519463e-06,1.917006261380937104e+00,-5.690943247827813245e-01,3.222674996959781879e+00,-5.690940646003981307e-01,2.840333937531388566e-06
2.610203759728033372e-04,1.917548457531281275e-07,7.698736309278339448e-07,1.917003038283202621e+00,-5.690934218390570898e-01,3.222670699496199997e+00,-5.690933865267366887e-01,1.124238814026874820e-06
2.682813246176326215e-04,1.971279473522144409e-07,-3.705523397574358210e-06,1.916994944518265021e+00,-5.690939108317213391e-01,3.222659907809776847e+00,-5.690939691498002606e-01,4.332007763020004042e-06
2.704225213074183285e-04,1.987124327850388093e-07,-4.920450569664382459e-06,1.916992391317219768e+00,-5.690939799025079848e-01,3.222656503541767137e+00,-5.690937765125412273e-01,4.993993103747413435e-06
2.716093150703763315e-04,1.995906601043919547e-07,-4.489400022463418534e-06,1.916991525253936013e+00,-5.690933250382851361e-01,3.222655348790739893e+00,-5.690925006408736886e-01,4.555175730590651187e-06
2.737752233178967543e-04,2.011934320884203921e-07,-2.653021685466124395e-06,1.916992734185899883e+00,-5.690912981773652568e-01,3.222656960700001072e+00,-5.690903959650537303e-01,3.159928285616232165e-06
2.777931222955763637e-04,2.041666771106233473e-07,1.244457319718500333e-06,1.916999353888221291e+00,-5.690883894404588084e-01,3.222665786969631352e+00,-5.690877797209662470e-01,2.223063036549902370e-06
2.802019323546334358e-04,2.059491964214917833e-07,3.557529683086002248e-06,1.917003833626190534e+00,-5.690869931063681220e-01,3.222671759953501081e+00,-5.690866557619786992e-01,4.110116213937204780e-06
2.810332520662108717e-04,2.065643729621852455e-07,3.507472196182454522e-06,1.917005146691333817e+00,-5.690871234326611017e-01,3.222673510706999700e+00,-5.690877277953980684e-01,3.480640566584885309e-06
2.824074283398692519e-04,2.075812633288292666e-07,2.264746505077210575e-06,1.917005659420698338e+00,-5.690885351881111998e-01,3.222674194346141441e+00,-5.690898013169233272e-01,2.721248558472707544e-06
2.845478860710899931e-04,2.091652019316820005e-07,-4.522150909663993568e-07,1.917002753257044390e+00,-5.690911495411038468e-01,3.222670319461327537e+00,-5.690922372488480541e-01,1.783651970942578700e-06
2.886952422845335273e-04,2.122342453002196134e-07,-6.051347226668402151e-06,1.916992752731778937e+00,-5.690947842956355363e-01,3.222656985427839071e+00,-5.690955454282529136e-01,7.408092012630050731e-06
2.902560525858804952e-04,2.133892448367808749e-07,-8.086037496775036655e-06,1.916988723380953274e+00,-5.690959542477113109e-01,3.222651612960151901e+00,-5.690966833538999570e-01,8.833655643059219403e-06
2.911698005278666825e-04,2.140654182632228592e-07,-8.110405847030146775e-06,1.916986750619972701e+00,-5.690964298356973039e-01,3.222648982612216439e+00,-5.690967139583834600e-01,8.139550445875470898e-06
2.925311964276677596e-04,2.150728511536109851e-07,-6.905202785427085675e-06,1.916985824426366003e+00,-5.690965363686267819e-01,3.222647747687426012e+00,-5.690965288784066711e-01,7.267202483961791795e-06
2.945529057065207493e-04,2.165689159078189643e-07,-4.376526601798477399e-06,1.916988252090766176e+00,-5.690968016250628203e-01,3.222650984573244504e+00,-5.690971200519076012e-01,5.138218553634354892e-06
2.982655155795501138e-04,2.193162470076894967e-07,5.810090085127997689e-07,1.916996926540402546e+00,-5.690988772529368411e-01,3.222662550505920986e+00,-5.690995752082302905e-01,1.923235802566491109e-06
3.001989605414648364e-04,2.207469961720156594e-07,3.135080789069922506e-06,1.917001860238506605e+00,-5.691002421000214140e-01,3.222669128769962033e+00,-5.691007230714348886e-01,4.074049714703694648e-06
3.010497659478976202e-04,2.213765921254477367e-07,3.423374537973362805e-06,1.917003799992539781e+00,-5.691004586979639956e-01,3.222671715108633705e+00,-5.691006136110049463e-01,3.396526004129465066e-06
3.024671914085018984e-04,2.224254868874119848e-07,2.745009397234343177e-06,1.917005340060055296e+00,-5.691006408694899710e-01,3.222673768531957528e+00,-5.691007186235176318e-01,2.934501247697410503e-06
3.046831444060648882e-04,2.240652919821957004e-07,9.248309040746894601e-07,1.917004027709257263e+00,-5.691003850005081910e-01,3.222672018730919685e+00,-5.691000655726061730e-01,1.474697714089001573e-06
3.092475257249718184e-04,2.274429339036420408e-07,-3.152147853180853935e-06,1.916996858817794580e+00,-5.690979132641648119e-01,3.222662460209111845e+00,-5.690972660780818648e-01,4.050272525700127118e-06
3.108399913340792616e-04,2.286213583654642710e-07,-4.455243439485989234e-06,1.916994159531771436e+00,-5.690968934407316659e-01,3.222658861161134425e+00,-5.690962618381094629e-01,5.089146486150040423e-06
3.142605910732014680e-04,2.311526019812303496e-07,-6.128386329085180510e-06,1.916989870442795452e+00,-5.690946668150823617e-01,3.222653142375918822e+00,-5.690940535165055492e-01,6.568405310724875198e-06
3.200084554310299550e-04,2.354060212841780257e-07,-8.619915225910984683e-06,1.916984910636253092e+00,-5.690914793204502331e-01,3.222646529300627449e+00,-5.690909547453385509e-01,9.037651569440264710e-06
3.208141329633665490e-04,2.360022226129346227e-07,-8.468267488077488796e-06,1.916984346099807057e+00,-5.690911367748043848e-01,3.222645776585376876e+00,-5.690907062692617258e-01,8.497482618276724613e-06
3.221817071437909491e-04,2.370142274297392643e-07,-7.041381349426238879e-06,1.916984619506375775e+00,-5.690904051713426837e-01,3.222646141127463171e+00,-5.690898112483682159e-01,7.556498201935675078e-06
3.244564168331015488e-04,2.386975124721441729e-07,-3.796468207276649393e-06,1.916988619617969070e+00,-5.690893052604473201e-01,3.222651474609508515e+00,-5.690889818279155632e-01,4.694648679901638614e-06
3.290756207000079011e-04,2.421157230740180767e-07,3.170111533207377122e-06,1.917001314303530046e+00,-5.690887675263147649e-01,3.222668400856670612e+00,-5.690887526949771624e-01,4.683550275898503406e-06
3.303914014870230182e-04,2.430894007823654052e-07,5.058171407670678416e-06,1.917005108466243168e+00,-5.690888198970128764e-01,3.222673459740212909e+00,-5.690891405800730940e-01,6.079547909555887420e-06
3.315973406283555898e-04,2.439817956790531763e-07,5.769518128673287109e-06,1.917008082450863293e+00,-5.690897199519457939e-01,3.222677425052980382e+00,-5.690907913583023170e-01,6.070762661083040930e-06
3.338210850422953504e-04,2.456273664200802568e-07,6.027561196361186661e-06,1.917010808302582303e+00,-5.690924262267474942e-01,3.222681059521885327e+00,-5.690936268769879458e-01,6.054562716536012063e-06
3.380633264897305880e-04,2.487666248518671291e-07,6.029280523308008913e-06,1.917011600601135957e+00,-5.690968073172030239e-01,3.222682115919940582e+00,-5.690977360368862925e-01,6.061988195448181436e-06
3.404348540189983965e-04,2.505215550895671419e-07,5.919874914436840422e-06,1.917011587057975808e+00,-5.690987994428815533e-01,3.222682097862394457e+00,-5.690989792884288967e-01,6.008384448826647678e-06
3.419334553920622155e-04,2.516305200209182373e-07,4.786731548064255005e-06,1.917010933403850315e+00,-5.690982915977073064e-01,3.222681226323573345e+00,-5.690976557708130601e-01,5.254488948616281246e-06
3.448904892492708567e-04,2.538187249079464309e-07,1.587033447294719715e-06,1.917006430039181586e+00,-5.690956644253771790e-01,3.222675221837437931e+00,-5.690945874671964333e-01,2.339931434181260104e-06
3.500036875000000071e-04,2.576024913237288593e-07,-4.204258123079700244e-06,1.916995611094958640e+00,-5.690895639925920291e-01,3.222660796578688647e+00,-5.690883316781444323e-01,5.331407516805967998e-06
3.500058115405080468e-04,2.576040631135844170e-07,-4.206645571644433591e-06,1.916995606485160097e+00,-5.690895613799974440e-01,3.222660790432291034e+00,-5.690883336807956994e-01,5.329250078728676521e-06
3.500059735972661421e-04,2.576041830355757118e-07,-4.206827329244627810e-06,1.916995606133449437e+00,-5.690895441574634894e-01,3.222660789963343042e+00,-5.690883338332701769e-01,5.329085473854491568e-06
3.500102235393225689e-04,2.576073279902146888e-07,-4.211573863757478903e-06,1.916995596909895516e+00,-5.689846257972288601e-01,3.222660777665271592e+00,-5.690883378156813555e-01,5.324768707399549169e-06
3.504305775150861994e-04,2.579183678664136186e-07,-4.515036991396837483e-06,1.916994702294915198e+00,-5.606833831174761196e-01,3.222659584845315450e+00,-5.690886039974862864e-01,4.897805274738332578e-06
3.514286592213244301e-04,2.586567285843545346e-07,-4.383952777442829658e-06,1.916993071104100776e+00,-5.514226471728539414e-01,3.222657409924262417e+00,-5.690887358098879467e-01,4.412360389919983323e-06
3.531428096970793784e-04,2.599243045212069635e-07,-3.065380717740511934e-06,1.916992743818213274e+00,-5.483792933973750117e-01,3.222656973543085002e+00,-5.690890291089050201e-01,3.457642299340186178e-06
3.558355203512926913e-04,2.619142866515318440e-07,-4.171358586838496130e-07,1.916996280892573790e+00,-5.498021128971871674e-01,3.222661689642162486e+00,-5.690905826738087425e-01,1.036405033314287005e-06
3.600139240763483291e-04,2.649996223919314712e-07,3.819864846919595094e-06,1.917004140137051671e+00,-5.528365144930270647e-01,3.222672168634643786e+00,-5.690937787520421454e-01,4.816713359041633203e-06
3.609145689163853498e-04,2.656642856054435772e-07,4.293257718386387822e-06,1.917005783946519326e+00,-5.534340610554588924e-01,3.222674360380567649e+00,-5.690932381667113127e-01,4.470063131486097777e-06
3.626670636013219653e-04,2.669572571180412463e-07,4.082627613227125738e-06,1.917007527897643948e+00,-5.545342702262725521e-01,3.222676685648699024e+00,-5.690925431158914138e-01,4.131916609692991315e-06
3.657547261529891743e-04,2.692342766046246472e-07,2.986994998094159372e-06,1.917006819184904121e+00,-5.562871328434717544e-01,3.222675740698393465e+00,-5.690904492484828436e-01,3.253803856684677581e-06
3.700278490671681225e-04,2.723836206658303226e-07,1.347396678508147587e-06,1.917003857675144696e+00,-5.583687377126218543e-01,3.222671792018772852e+00,-5.690869124998176876e-01,1.632922326693783465e-06
3.710781604471406541e-04,2.731574122686396502e-07,1.445648993560516990e-06,1.917003229264514719e+00,-5.588263014741684520e-01,3.222670954137945465e+00,-5.690865733435025442e-01,1.854713882985857375e-06
3.731635786967414919e-04,2.746934768563692517e-07,2.792343139607906897e-06,1.917003793421597546e+00,-5.596778093396972409e-01,3.222671706347377985e+00,-5.690856646309893074e-01,3.559857686833318245e-06
3.771611017944065522e-04,2.776368788828088072e-07,6.010626318167779929e-06,1.917009017033678875e+00,-5.611180429736585262e-01,3.222678671163382358e+00,-5.690850020684100619e-01,6.828434391872035296e-06
3.801743052058476784e-04,2.798547010508342729e-07,8.441944559506762847e-06,1.917013686617924817e+00,-5.620562698788916789e-01,3.222684897275617466e+00,-5.690851130941492197e-01,8.913780414806660388e-06
3.811444844081372818e-04,2.805686525088604007e-07,8.261630315897408307e-06,1.917014901026742990e+00,-5.623352313407837810e-01,3.222686516487351494e+00,-5.690875635882138850e-01,8.235758152589612663e-06
3.826637919870392560e-04,2.816865841521709243e-07,6.745667087982158625e-06,1.917014851101185524e+00,-5.627518514557452445e-01,3.222686449919942575e+00,-5.690916489687922741e-01,7.309340607274310847e-06
3.850324825992258227e-04,2.834292293209134139e-07,3.677664522953804213e-06,1.917010923919820087e+00,-5.633518665096532985e-01,3.222681213678200152e+00,-5.690971066381147470e-01,4.553185530590372337e-06
3.900000000000001014e-04,2.870828614777859300e-07,-3.029382991497494620e-06,1.916998557460530606e+00,-5.644338053367349284e-01,3.222664725066059166e+00,-5.691071825337008505e-01,4.382911704525100391e-06
3.904481362193564322e-04,2.874124098213167699e-07,-3.467454970906287739e-06,1.916997416346490235e+00,-5.645206854976457800e-01,3.222663203580694802e+00,-5.691067918260048764e-01,4.121715921470499179e-06
3.915227691072766143e-04,2.882026327437898137e-07,-3.655593587165555469e-06,1.916995208194112621e+00,-5.647211487273554598e-01,3.222660259377568615e+00,-5.691053595869913773e-01,3.683856609743410366e-06
3.934013206068931218e-04,2.895838956435031827e-07,-2.918375536024662281e-06,1.916993978347816929e+00,-5.650489002134481131e-01,3.222658619582531969e+00,-5.691030050641771032e-01,3.089052333749118886e-06
3.964983882013975252e-04,2.918608153738649500e-07,-1.174981819251427315e-06,1.916996085428781749e+00,-5.655361423199382065e-01,3.222661429023776503e+00,-5.691002879316644503e-01,1.519880551516290208e-06
4.000934629993420106e-04,2.945034540819667754e-07,9.148145513241973760e-07,1.916999956497996482e+00,-5.660286245332697419e-01,3.222666590449319912e+00,-5.690976309550912493e-01,1.447344798498652719e-06
4.019996739647457721e-04,2.959044981908042899e-07,1.388182822070065348e-06,1.917001727773650632e+00,-5.662614797927181254e-01,3.222668952150156585e+00,-5.690966618744978112e-01,1.483394838834758352e-06
4.067468081353112046e-04,2.993931763666485504e-07,1.553329945561948669e-06,1.917002934716501628e+00,-5.667669555708062523e-01,3.222670561407267709e+00,-5.690938358531476560e-01,1.573171675453708843e-06
4.102483878207311427e-04,3.019661655975919171e-07,1.588099937491208564e-06,1.917003093811919578e+00,-5.670802274997396308e-01,3.222670773534487498e+00,-5.690916895787130336e-01,1.624748346371290033e-06
4.115778080950267055e-04,3.029429705105798787e-07,7.604201797180445366e-07,1.917002764793517500e+00,-5.671882906761797072e-01,3.222670334843291684e+00,-5.690921486497740878e-01,1.129369834746569745e-06
4.142276106339454569e-04,3.048898450701144684e-07,-1.963613141266014354e-06,1.916999370825910987e+00,-5.673875985503602504e-01,3.222665809553217020e+00,-5.690928795765497483e-01,3.057381656446732902e-06
4.199999999999999632e-04,3.091305789667780959e-07,-8.352663939643436124e-06,1.916987580016512593e+00,-5.677519683009496498e-01,3.222650088474253494e+00,-5.690931468585745945e-01,9.463954582019667400e-06
4.205319909123496542e-04,3.095213872914820203e-07,-8.733005441774481834e-06,1.916986477544753154e+00,-5.677813922437239258e-01,3.222648618511929630e+00,-5.690934041887169004e-01,9.118247866054522658e-06
4.217813463764796150e-04,3.104391682811723407e-07,-8.658474322938960595e-06,1.916984610581109916e+00,-5.678480084476905665e-01,3.222646129227109135e+00,-5.690935024818419841e-01,8.687726923649880307e-06
4.239472747760531868e-04,3.120302234185004872e-07,-7.513336759695165617e-06,1.916984447097384470e+00,-5.679556299254265861e-01,3.222645911248811057e+00,-5.690940333097519455e-01,7.806818244440059932e-06
4.279340226917273350e-04,3.149586918007133994e-07,-4.956266019334344195e-06,1.916988518012520792e+00,-5.681314379302311313e-01,3.222651339135579107e+00,-5.690963301770340932e-01,5.357311347548801239e-06
4.304332520413896887e-04,3.167944258354685429e-07,-3.392012262047539827e-06,1.916991586208325105e+00,-5.682280968669563004e-01,3.222655430063257054e+00,-5.690975667828231943e-01,3.762055629183603529e-06
4.324516028384418551e-04,3.182769066650955790e-07,-3.133794644859400069e-06,1.916993354358646595e+00,-5.682982702507363149e-01,3.222657787596983958e+00,-5.690974372310730889e-01,3.199148149057875285e-06
4.370206674933168451e-04,3.216327781299513391e-07,-3.408539558742149713e-06,1.916993716950457616e+00,-5.684358553504699207e-01,3.222658271052725176e+00,-5.690964382589199788e-01,3.482177300567129762e-06
4.407937283173832157e-04,3.244039023238202056e-07,-3.599383235182360757e-06,1.916993238091702079e+00,-5.685311038141979134e-01,3.222657632574393638e+00,-5.690962776983045091e-01,3.627635091868295305e-06
4.448315569823217252e-04,3.273693999575717424e-07,-2.635332299550185542e-06,1.916994207057926891e+00,-5.686212575197979735e-01,3.222658924529340663e+00,-5.690997199821463681e-01,2.780645223619748958e-06
4.501253306642603543e-04,3.312571883297862230e-07,-1.173226110621205389e-06,1.916996924598777685e+00,-5.687203047991540306e-01,3.222662547917087839e+00,-5.691044017880908523e-01,1.326721793413689519e-06
4.524568448223417554e-04,3.329694362527271710e-07,-1.201778431220815221e-06,1.916997706240367139e+00,-5.687553130442769556e-01,3.222663590105858678e+00,-5.691027082931472414e-01,1.327216338532644122e-06
4.592034224346110962e-04,3.379239799998240645e-07,-2.261541442000413832e-06,1.916996232782219201e+00,-5.688353528942040604e-01,3.222661625495024218e+00,-5.690971610656481161e-01,2.424584140770299921e-06
4.616156718588035812e-04,3.396954552654622249e-07,-2.462644867242716610e-06,1.916995568178597065e+00,-5.688593841139917284e-01,3.222660739356874249e+00,-5.690969673215041658e-01,2.490670690473643370e-06
4.693191882654389885e-04,3.453525772110899110e-07,-1.951874367363198179e-06,1.916996080886146592e+00,-5.689267350601523443e-01,3.222661422966929923e+00,-5.690995574867638851e-01,1.979798487151628001e-06
4.763206083401980606e-04,3.504940240543318128e-07,-1.198999291088949417e-06,1.916997378184914114e+00,-5.689644918355823977e-01,3.222663152698594047e+00,-5.690919802089916546e-01,1.248576432858486793e-06
4.808628296103361894e-04,3.538295407772262207e-07,-5.841862756223477493e-07,1.916998424660078859e+00,-5.689817766603094684e-01,3.222664547998792983e+00,-5.690879129336610109e-01,6.719742845678458887e-07
4.859386657461806178e-04,3.575568853271660622e-07,1.262839113086668103e-06,1.917001270682699987e+00,-5.690038791943315966e-01,3.222668342695564903e+00,-5.690905650718390829e-01,1.648389563713273007e-06
4.903006085000908556e-04,3.607599785170959147e-07,2.902587382069195954e-06,1.917004463750337395e+00,-5.690204873022988163e-01,3.222672600119018238e+00,-5.690926277147068113e-01,3.015725960683002398e-06
4.917328296287408560e-04,3.618116944562621711e-07,2.541223904491215808e-06,1.917005071670129457e+00,-5.690243939713641730e-01,3.222673410678728700e+00,-5.690918159333305804e-01,2.676574016463490183e-06
4.946319376339260556e-04,3.639405782648454386e-07,7.844552292110836570e-07,1.917003361581669951e+00,-5.690305369704172778e-01,3.222671130560816888e+00,-5.690898709371269293e-01,1.220190982702609262e-06
5.000016255652602092e-04,3.678836551795751205e-07,-2.784554477626340972e-06,1.916996838913784584e+00,-5.690382439354690902e-01,3.222662433670431703e+00,-5.690852348358735879e-01,3.448666829390033223e-06
5.005992262837514030e-04,3.683224853170365640e-07,-2.913410382778704172e-06,1.916996117131660071e+00,-5.690391757555059993e-01,3.222661471294280489e+00,-5.690857191964581174e-01,2.941525889505396521e-06
5.018269813301672218e-04,3.692240498605480896e-07,-2.207576739734239765e-06,1.916995409446649923e+00,-5.690416468386003679e-01,3.222660527714281020e+00,-5.690862264187253050e-01,2.394264970971196836e-06
5.039890091604885998e-04,3.708116676444359890e-07,1.872974140241485445e-08,1.916997293163914762e+00,-5.690463690879599135e-01,3.222663039337263502e+00,-5.690875282877667640e-01,1.134539754336532014e-06
5.079592536586488745e-04,3.737270883836725437e-07,4.548525159152997915e-06,1.917005143577237281e+00,-5.690557948462416915e-01,3.222673506554870837e+00,-5.690912525030979996e-01,5.698046190033453952e-06
5.102230780049934935e-04,3.753894522392883420e-07,7.102432151886051751e-06,1.917010090781814169e+00,-5.690610419926905861e-01,3.222680102827542026e+00,-5.690933361075837249e-01,7.844939902725026491e-06
5.111826568623665818e-04,3.760940864723314856e-07,7.254526971832823402e-06,1.917011889741742747e+00,-5.690629276677828807e-01,3.222682501440744307e+00,-5.690939092774920383e-01,7.228450929970605413e-06
5.127798849685281371e-04,3.772669562458978586e-07,6.329944356910738845e-06,1.917012880914185979e+00,-5.690659854409858553e-01,3.222683823003982262e+00,-5.690950461205557254e-01,6.635972841839447475e-06
5.153034861158568196e-04,3.791200749460415960e-07,4.197654135682857443e-06,1.917010559970713901e+00,-5.690699829310990054e-01,3.222680728412732343e+00,-5.690958893463931023e-01,4.779527555654606380e-06
5.200033463322597475e-04,3.825712497225932673e-07,2.018659960347181149e-08,1.917002928236151149e+00,-5.690751755499670050e-01,3.222670552766800256e+00,-5.690963519572614926e-01,8.670142026806533116e-07
5.208056793874522731e-04,3.831604139226437805e-07,-4.153384567942781699e-07,1.917001619793682998e+00,-5.690758447516247598e-01,3.222668808176868183e+00,-5.690960999960771316e-01,6.937674221168394236e-07
5.227186678751749018e-04,3.845651471856871252e-07,-4.238124777382388378e-07,1.916999760771031402e+00,-5.690767483226598644e-01,3.222666329480036840e+00,-5.690951502325657385e-01,4.514318125311178962e-07
5.263768396854002617e-04,3.872513903190101737e-07,2.950857303302911798e-07,1.917000020289498341e+00,-5.690782877385622829e-01,3.222666675504653799e+00,-5.690942075108846865e-01,5.092063015356631267e-07
5.304618920739764040e-04,3.902510949786148455e-07,1.144683823621569189e-06,1.917001614888438565e+00,-5.690802543956982040e-01,3.222668801636542568e+00,-5.690940653546194827e-01,1.237627597686847864e-06
5.339749765078926616e-04,3.928307947145968837e-07,9.379477561002498076e-07,1.917002061699291993e+00,-5.690846557390591975e-01,3.222669397384338552e+00,-5.690973549882332172e-01,1.024892740829774493e-06
5.400436194523547872e-04,3.972870682954546586e-07,2.363988193379207271e-07,1.917000875582399955e+00,-5.690923495826574197e-01,3.222667815895172261e+00,-5.691024765238675842e-01,3.431389498522705093e-07
5.414665837282300279e-04,3.983319666474684168e-07,6.012286292076702912e-07,1.917000769413192307e+00,-5.690925567049409661e-01,3.222667674336231247e+00,-5.691005263734519870e-01,1.071671391895612752e-06
5.447024223981802252e-04,4.007080780276557405e-07,2.522653942965258424e-06,1.917003047135842575e+00,-5.690898320105896024e-01,3.222670711299719049e+00,-5.690961772705269706e-01,3.162352423280949704e-06
5.500108525095697472e-04,4.046061141543210452e-07,5.944884017946178551e-06,1.917009388221905253e+00,-5.690851417973156190e-01,3.222679166081010571e+00,-5.690898513785472845e-01,6.572197906480170453e-06
5.507767931890737755e-04,4.051685523200083156e-07,6.005115455786095867e-06,1.917010249286123180e+00,-5.690850621175069790e-01,3.222680314166617599e+00,-5.690910041194073843e-01,5.978786951873232558e-06
5.521409869133717813e-04,4.061702938084143271e-07,5.009109766893752840e-06,1.917010661300780905e+00,-5.690867304973501462e-01,3.222680863519486127e+00,-5.690935192401911369e-01,5.381640670401121560e-06
5.544677009208482743e-04,4.078788236251186685e-07,2.432413455592612196e-06,1.917007884417540664e+00,-5.690907185356600673e-01,3.222677161008554503e+00,-5.690971801755128068e-01,3.179861854655234349e-06
5.593343800149557909e-04,4.114524748761207167e-07,-3.343381637529243788e-06,1.916997433867525080e+00,-5.690978213119365359e-01,3.222663226942074743e+00,-5.691033625847869981e-01,4.534994662123246791e-06
5.604193694249948697e-04,4.122491933376035495e-07,-4.481849937023671399e-06,1.916994980520083880e+00,-5.690991370686940831e-01,3.222659955812201549e+00,-5.691038013470448576e-01,4.987748837525125416e-06
5.614538538093081458e-04,4.130088254145444788e-07,-4.491301378361624847e-06,1.916993148194858554e+00,-5.690990843431957824e-01,3.222657512711937233e+00,-5.691023760679402299e-01,4.519730285951441367e-06
5.632528804442417988e-04,4.143298683025903734e-07,-3.422410071944104456e-06,1.916992473796907293e+00,-5.690974774198424013e-01,3.222656613514682800e+00,-5.690999855269206487e-01,3.715239102219722662e-06
5.661556070211660151e-04,4.164613686393474013e-07,-1.141024905260960463e-06,1.916995472498011388e+00,-5.690949889362691971e-01,3.222660611782762086e+00,-5.690972513239218600e-01,1.632471897078283478e-06
5.700171305119863373e-04,4.192969224836862605e-07,1.986573776379951789e-06,1.917001278426157418e+00,-5.690924474644420972e-01,3.222668353020174514e+00,-5.690942443042099619e-01,2.768590646652025427e-06
5.708324185746933106e-04,4.198955963016430508e-07,2.185681786623067577e-06,1.917002443054022232e+00,-5.690921024625378299e-01,3.222669905857304062e+00,-5.690942287359956886e-01,2.158584737179793729e-06
5.723002094476281653e-04,4.209734091319279971e-07,1.416524512188320931e-06,1.917003289352513518e+00,-5.690922166836931417e-01,3.222671034255276012e+00,-5.690946328203231319e-01,1.677354655594484111e-06
5.747912459456183155e-04,4.228026008726743376e-07,-7.125702506241925957e-07,1.917001145286795882e+00,-5.690926077010187711e-01,3.222668175501028021e+00,-5.690946071110860593e-01,1.616930664807056367e-06
5.800000000000000034e-04,4.266274380251771278e-07,-5.482249196208618234e-06,1.916992469087149153e+00,-5.690918662157707919e-01,3.222656607235005133e+00,-5.690931959005512963e-01,6.401712732111030845e-06
5.804672137880706722e-04,4.269705174872428787e-07,-5.740781304798525168e-06,1.916991668277574945e+00,-5.690917816300570253e-01,3.222655539488922471e+00,-5.690931076524796683e-01,5.982198877341408629e-06
5.815969611742131170e-04,4.278001015643697429e-07,-5.497044409055572667e-06,1.916990295095247099e+00,-5.690914240988900197e-01,3.222653708579179099e+00,-5.690924071303502529e-01,5.525672644488898698e-06
5.836015482658175099e-04,4.292720885793676067e-07,-4.015506487375974477e-06,1.916990624022535838e+00,-5.690904983434350584e-01,3.222654147148890758e+00,-5.690913792109217884e-01,4.433698182210881531e-06
5.870555505839373384e-04,4.318083946091425241e-07,-9.625200614330654220e-07,1.916995428318162720e+00,-5.690898315615415815e-01,3.222660552876297491e+00,-5.690908348163001840e-01,1.523504100114359348e-06
5.901398222634022736e-04,4.340732038834177707e-07,1.790794317463145863e-06,1.917000650724801192e+00,-5.690897625022324213e-01,3.222667516085045758e+00,-5.690907973319705437e-01,2.491908004394180378e-06
5.911815775457386407e-04,4.348381744199018548e-07,2.003403038373180656e-06,1.917002208369537719e+00,-5.690903013606090077e-01,3.222669592944662931e+00,-5.690920796977630980e-01,1.976269432430547805e-06
5.930837240539619691e-04,4.362349381636007097e-07,1.235001120206224644e-06,1.917003051691401838e+00,-5.690924503624011921e-01,3.222670717373798510e+00,-5.690945877726341084e-01,1.484187258798480235e-06
5.964037317365610078e-04,4.386728503780205459e-07,-7.268746223029362853e-07,1.917000486850449548e+00,-5.690960168564543897e-01,3.222667297585913637e+00,-5.690979135684306467e-01,1.335492571920997358e-06
6.001434203843212427e-04,4.414189380649463608e-07,-2.998755408029362409e-06,1.916996229920389982e+00,-5.690993692062334963e-01,3.222661621679252075e+00,-5.691010552250479471e-01,3.469320233887515184e-06
6.014436409886451994e-04,4.423737019538017565e-07,-3.087024955371569470e-06,1.916994990698732249e+00,-5.690997298100722857e-01,3.222659969383733003e+00,-5.691005561894322273e-01,3.115174986138452561e-06
6.040659184472193036e-04,4.442992642443007712e-07,-2.155351975480479550e-06,1.916994986524091615e+00,-5.690990798495269010e-01,3.222659963817545048e+00,-5.690996115301178992e-01,2.361073256163965790e-06
6.100000000000000821e-04,4.486567143443840485e-07,4.569053196326383137e-07,1.916999516553329785e+00,-5.690983200188864943e-01,3.222666003856439421e+00,-5.690988138601912327e-01,9.001835426175676873e-07
6.125601882433131390e-04,4.505366838097660861e-07,1.335269302776279836e-06,1.917001508529971199e+00,-5.690973855617550425e-01,3.222668659825254966e+00,-5.690973764732430995e-01,1.633991708869062723e-06
6.200178473949216444e-04,4.560129104631881480e-07,3.484035042311591098e-06,1.917005815485278264e+00,-5.690933229386323511e-01,3.222674402432244900e+00,-5.690929542134380847e-01,3.746924166513768114e-06
6.209451624987559048e-04,4.566938463313655593e-07,3.290132969837026217e-06,1.917006212193722359e+00,-5.690930452987114085e-01,3.222674931376829477e+00,-5.690931733574681184e-01,3.353331668006131923e-06
6.227501516208034087e-04,4.580192661652435338e-07,1.767183861494864602e-06,1.917005446515181566e+00,-5.690934369026696693e-01,3.222673910472124259e+00,-5.690939358315988406e-01,2.304717362697159169e-06
6.259544330791582192e-04,4.603721990003479935e-07,-1.646483251137939896e-06,1.917000223741619491e+00,-5.690941096939954313e-01,3.222666946774145114e+00,-5.690943767502136819e-01,2.734965596800535283e-06
6.300476195804581266e-04,4.633778628157885861e-07,-6.109357203838866047e-06,1.916991818379664148e+00,-5.690942081183331114e-01,3.222655739625038152e+00,-5.690943435513183823e-01,7.121032078263028917e-06
6.309580226078043402e-04,4.640463799773372368e-07,-6.509126845919776074e-06,1.916990064851485931e+00,-5.690940015815334485e-01,3.222653401587502131e+00,-5.690936830393421575e-01,6.537955324380261101e-06
6.325265894354390513e-04,4.651981927563557038e-07,-6.014553283490891193e-06,1.916988574641038667e+00,-5.690929044951539284e-01,3.222651414640268719e+00,-5.690921758145383036e-01,6.094080345359441799e-06
6.351303198872843307e-04,4.671101355237502417e-07,-4.442983844511129233e-06,1.916989822869616500e+00,-5.690910652635948752e-01,3.222653078945014293e+00,-5.690904991842110627e-01,4.807904917955813261e-06
6.400179729024226818e-04,4.706991832419676144e-07,-1.261156498688828422e-06,1.916995555646355154e+00,-5.690889342177888333e-01,3.222660722647218812e+00,-5.690884703823755331e-01,1.666813923387983095e-06
6.428411552133164904e-04,4.727722714986063119e-07,1.928710636672748978e-07,1.916998783435074127e+00,-5.690880749515566661e-01,3.222665026365446383e+00,-5.690876969743489111e-01,6.524851632759122655e-07
6.500050240456538633e-04,4.780327650945593413e-07,3.412714570503891508e-06,1.917005163043928651e+00,-5.690858999480481462e-01,3.222673532510458738e+00,-5.690854248660845993e-01,3.853911100521472119e-06
6.507737896770445646e-04,4.785972766464360927e-07,3.413799336016844901e-06,1.917005755780215814e+00,-5.690860473341459169e-01,3.222674322825497040e+00,-5.690865353939557059e-01,3.386948877519474593e-06
6.523528292035312825e-04,4.797567796458775164e-07,2.349219299589719280e-06,1.917005812315307756e+00,-5.690878607788062427e-01,3.222674398205618296e+00,-5.690892337125661449e-01,2.744055926135625341e-06
6.551451375408280002e-04,4.818071969036345912e-07,-3.490186212950247106e-07,1.917002308977114433e+00,-5.690918409831563496e-01,3.222669727088096181e+00,-5.690932784443397674e-01,1.353619608453287804e-06
6.600094890372573339e-04,4.853791341609175768e-07,-5.267797684672870537e-06,1.916993183251762156e+00,-5.690978274467888287e-01,3.222657559454474629e+00,-5.690993210362619292e-01,6.272505752044156025e-06
6.610509795064178646e-04,4.861439100148543438e-07,-5.931850010677975803e-06,1.916991272637347921e+00,-5.690983055329017493e-01,3.222655011968627026e+00,-5.690985378269959316e-01,6.310678726425320340e-06
6.633840365764122988e-04,4.878570948715462089e-07,-6.325420798633584762e-06,1.916988748000005627e+00,-5.690970332676150711e-01,3.222651645785554742e+00,-5.690965729682440077e-01,6.396190529377608673e-06
6.684775034283935938e-04,4.915972734972452280e-07,-6.544737146690321750e-06,1.916987637735021011e+00,-5.690939317872146797e-01,3.222650165432263680e+00,-5.690934600430692658e-01,6.582877575950723941e-06
6.718183362153835750e-04,4.940504771160498566e-07,-6.494541090132281145e-06,1.916987475001331820e+00,-5.690927122098927704e-01,3.222649948454014091e+00,-5.690926719990193616e-01,6.523366685351651068e-06
6.800015318746170049e-04,5.000594714150980572e-07,-5.379134253319155598e-06,1.916989294460267113e+00,-5.690931311606579612e-01,3.222652374399225472e+00,-5.690932396607319976e-01,5.443911933845003104e-06
6.809529282256045288e-04,5.007580903261958277e-07,-4.978019097704170415e-06,1.916989615589874685e+00,-5.690933108854210332e-01,3.222652802572028907e+00,-5.690935706911524061e-01,5.173103982651926438e-06
6.834990380105887726e-04,5.026277216759300020e-07,-2.885779807924909247e-06,1.916992072661729996e+00,-5.690939068448311877e-01,3.222656078667787583e+00,-5.690942464120227751e-01,3.406881216282870876e-06
6.900000000000000751e-04,5.074014366015440835e-07,3.151581463810000053e-06,1.917003118574808873e+00,-5.690966272793430702e-01,3.222670806551673373e+00,-5.690972463948256177e-01,4.084534082635772122e-06
6.905257152278600034e-04,5.077874740248931518e-07,3.433136652771188109e-06,1.917004030170474271e+00,-5.690967483845698061e-01,3.222672022012542659e+00,-5.690969643149247359e-01,3.635669999336393940e-06
6.917090424401581457e-04,5.086564018455475931e-07,3.155413903521749459e-06,1.917005427251046612e+00,-5.690967262846324815e-01,3.222673884786610987e+00,-5.690968157483061729e-01,3.170732310599541440e-06
6.938107193325866598e-04,5.101996820957197130e-07,1.644913082556034712e-06,1.917004959572197409e+00,-5.690964164358520705e-01,3.222673261214821672e+00,-5.690962403563118999e-01,2.117324967043069165e-06
6.975630651198361752e-04,5.129550633546831286e-07,-1.519862089162108831e-06,1.916999807118577870e+00,-5.690945387345253126e-01,3.222666391276764131e+00,-5.690939293409703614e-01,2.372932074062164449e-06
7.004460506697182806e-04,5.150720655697177938e-07,-3.938538860744057884e-06,1.916995148543551908e+00,-5.690928120192962902e-01,3.222660179843489292e+00,-5.690927944080400591e-01,4.619056203978450964e-06
7.031375184973683587e-04,5.170484346012459275e-07,-5.224700361169477811e-06,1.916991628485183785e+00,-5.690948507657984656e-01,3.222655486432401073e+00,-5.690959623442085613e-01,5.617260660220372145e-06
7.100009758054590244e-04,5.220883329943018768e-07,-7.790374547227905312e-06,1.916986304371217198e+00,-5.691032479382593934e-01,3.222648387613884502e+00,-5.691048671280499738e-01,8.161295077811708218e-06
7.106909902629691056e-04,5.225950168058748823e-07,-7.757815089305122939e-06,1.916985863195858952e+00,-5.691037482026352068e-01,3.222647799380082834e+00,-5.691043444528902651e-01,7.786890153943827744e-06
7.121592610803022033e-04,5.236731812446192787e-07,-6.675628822524203946e-06,1.916985906470802581e+00,-5.691032116497710680e-01,3.222647857080006784e+00,-5.691027897384683953e-01,7.036881874816367409e-06
7.147908361287661373e-04,5.256055704049504414e-07,-3.858138608702610266e-06,1.916989453426682477e+00,-5.691011467984531391e-01,3.222652586354442406e+00,-5.691006281182168225e-01,4.536041057008664751e-06
7.200008587469511985e-04,5.294313367070585548e-07,2.025754555934721342e-06,1.917000326724180193e+00,-5.690980843475637041e-01,3.222667084084223532e+00,-5.690975845708422520e-01,3.156848787783817233e-06
7.207232928057037734e-04,5.299618265093638139e-07,2.607692072920491957e-06,1.917001847937074732e+00,-5.690978879531896073e-01,3.222669112368052868e+00,-5.690978889383196959e-01,3.157346943457453233e-06
7.225256528725650497e-04,5.312853156547731841e-07,3.067134729338716953e-06,1.917004542791990618e+00,-5.690984765669837575e-01,3.222672705507887425e+00,-5.690990286374123519e-01,3.158589764005353096e-06
7.259427539138066376e-04,5.337945235595741185e-07,3.156725114142793696e-06,1.917005969736476301e+00,-5.690999661021670653e-01,3.222674608100506433e+00,-5.691004044110300475e-01,3.172776257198926628e-06
7.300739781112754873e-04,5.368281184788881017e-07,3.160249095017863652e-06,1.917006107798238990e+00,-5.691011436891572073e-01,3.222674792182853576e+00,-5.691014882670524244e-01,3.190950915720308725e-06
7.315338976313999052e-04,5.379001504494814023e-07,2.550374210788037114e-06,1.917005857243025746e+00,-5.691011607399061312e-01,3.222674458109241247e+00,-5.691012224598140934e-01,2.827081247339805747e-06
7.347071772298591772e-04,5.402303180521004701e-07,1.251748803172623271e-07,1.917002665280137963e+00,-5.691006832160605544e-01,3.222670202158787411e+00,-5.691005160649924566e-01,6.850340184078077752e-07
7.400140467262405998e-04,5.441271997899370964e-07,-4.205681390894218470e-06,1.916994597638876696e+00,-5.690988813892152720e-01,3.222659445303933001e+00,-5.690985168617808121e-01,5.001575314421119078e-06
7.408555708789549017e-04,5.447451385014696531e-07,-4.443124887060502753e-06,1.916993379742846226e+00,-5.690986909307357289e-01,3.222657821442583170e+00,-5.690984899681834630e-01,4.471544237978410875e-06
7.424148138425885326e-04,5.458901045549530443e-07,-3.752163828102645483e-06,1.916992439499438206e+00,-5.690983100275932571e-01,3.222656567784723869e+00,-5.690980307546898986e-01,3.922754511912477892e-06
7.450834307691419365e-04,5.478496938325592952e-07,-1.780214870330890312e-06,1.916994475798856401e+00,-5.690980035123542891e-01,3.222659282850575124e+00,-5.690980092532230694e-01,2.236957689427014795e-06
7.500030000000000628e-04,5.514621775245279570e-07,2.091105075448044500e-06,1.917001547454835642e+00,-5.690988277124561234e-01,3.222668711725073631e+00,-5.690990483283716594e-01,2.877802793868169881e-06
7.500255888183591721e-04,5.514787646959113394e-07,2.108648063535182508e-06,1.917001581484222728e+00,-5.690988319641616666e-01,3.222668757097589154e+00,-5.690989948397253695e-01,2.876161697259959450e-06
7.510494162163367307e-04,5.522305703125873634e-07,2.572530404881913027e-06,1.917003030935981123e+00,-5.690980998544704628e-01,3.222670689699904667e+00,-5.690968031150471784e-01,2.801779777696551851e-06
7.535673865011890352e-04,5.540795384164037401e-07,2.666854467551176130e-06,1.917004845138342572e+00,-5.690936304429600190e-01,3.222673108636350481e+00,-5.690915866439877346e-01,2.671460416228253086e-06
7.594276188691892037e-04,5.583827594644126575e-07,2.265220552756385117e-06,1.917004620761811662e+00,-5.690805434355913350e-01,3.222672809467647337e+00,-5.690782367122385610e-01,2.343093481049055940e-06
7.611439746701806515e-04,5.596430948818575960e-07,1.962095950815417601e-06,1.917004332065527228e+00,-5.690786010441475362e-01,3.222672424539273717e+00,-5.690792976045548901e-01,2.121812062870843554e-06
7.655889285134064503e-04,5.629070642486879666e-07,4.341588058087296517e-08,1.917001543267339292e+00,-5.690865105849739480e-01,3.222668706141744721e+00,-5.690885351317039875e-01,4.141882154060774568e-07
7.700050211129342475e-04,5.661498405456790850e-07,-1.982092506980953694e-06,1.916997717098841481e+00,-5.690953979533992513e-01,3.222663604583823727e+00,-5.690973920014457121e-01,2.435654751133868586e-06
7.700060525758791428e-04,-7.874933156844740639e-07,-1.982596414638700317e-06,1.916997716192628598e+00,-5.690954000090433507e-01,3.222663603375540031e+00,-5.690973918705862777e-01,3.788846781796835041e-06
7.700101702377918625e-04,-1.026641922770901152e-04,-2.199505873859346151e-06,1.916997712378458729e+00,-5.690954084411007363e-01,3.222663598289980502e+00,-5.690975654047278898e-01,1.056830310990254656e-04
7.700276590143251580e-04,-5.351577344868965139e-04,-7.754431840865684737e-06,1.916997670374900986e+00,-5.690954761494242398e-01,3.222663542285237437e+00,-5.691020471729244523e-01,5.382507975243876674e-04
7.700493306501323548e-04,-1.070636406141014943e-03,-2.488951194872971806e-05,1.916997463726588968e+00,-5.690957494746391454e-01,3.222663266754159039e+00,-5.691158481845177697e-01,1.073821354720576890e-03
7.700734727366028180e-04,-1.666562980990973471e-03,-5.704709162424382755e-05,1.916996848087828331e+00,-5.690965165895357503e-01,3.222662445902490624e+00,-5.691416639901560881e-01,1.669850170863694788e-03
7.701025360233597523e-04,-2.383135858558140148e-03,-1.135607738057847651e-04,1.916995265103668800e+00,-5.690984240994134691e-01,3.222660335256976261e+00,-5.691868421468186945e-01,2.386545965132185008e-03
7.701398844935105313e-04,-3.302656472150614347e-03,-2.138509011673068408e-04,1.916991296707583947e+00,-5.691030635578839814e-01,3.222655044062274321e+00,-5.692665722992338306e-01,3.306224270186695034e-03
7.701883220686651325e-04,-4.492969418301842252e-03,-3.884437011334169305e-04,1.916981683352735111e+00,-5.691139303052781262e-01,3.222642226256000164e+00,-5.694043343379185940e-01,4.496741283677051747e-03
7.702517376985393077e-04,-6.047570999279410463e-03,-6.891679662718144849e-04,1.916958802227926473e+00,-5.691387639798738407e-01,3.222611718090043098e+00,-5.696391900188041424e-01,6.051609277903277108e-03
7.703366505423859568e-04,-8.122464902504896583e-03,-1.211399292853706068e-03,1.916903821040900846e+00,-5.691954563322106919e-01,3.222538409841768203e+00,-5.700411736489935377e-01,8.126858566002826897e-03
7.704527200181604659e-04,-1.094632538976341232e-02,-2.127054641468109283e-03,1.916769249293297062e+00,-5.693253197296579415e-01,3.222358980847635834e+00,-5.707313205312102289e-01,1.095120236603090713e-02
7.706159570252777043e-04,-1.489369059453262735e-02,-3.761659379789102173e-03,1.916428573463094587e+00,-5.696265199412871016e-01,3.221904746414133047e+00,-5.719247724561038471e-01,1.489924248368816595e-02
7.708579594617670982e-04,-2.069443308816689558e-02,-6.805030268417964177e-03,1.915505256827551905e+00,-5.703506893613722317e-01,3.220673657585082950e+00,-5.740358892846960659e-01,2.070097529230063155e-02
7.712712844773784169e-04,-3.046168427634146636e-02,-1.328067956154997328e-02,1.912483702898944982e+00,-5.723280425603860522e-01,3.216644919073625264e+00,-5.781228035947728605e-01,3.046988987773657093e-02
7.719712060789419824e-04,-4.660641155519858886e-02,-2.648535794835015639e-02,1.902610166283396742e+00,-5.772138981726805396e-01,3.203480203782349545e+00,-5.850312364752129346e-01,4.661735496241468241e-02
7.728752353566578984e-04,-6.674513438053997216e-02,-4.538261296542004525e-02,1.881542860539406892e+00,-5.844397290572574954e-01,3.175390463208829228e+00,-5.922198087660679455e-01,6.675947123039849274e-02
7.740729856530968993e-04,-9.223653785712071507e-02,-7.100779123890312017e-02,1.843675749294834576e+00,-5.925707083609594861e-01,3.124900982301566987e+00,-5.981986948498688728e-01,9.225513270212233607e-02
7.758855125464428175e-04,-1.283738035819003143e-01,-1.084159197786476597e-01,1.777866165180556290e+00,-5.996814446761938866e-01,3.037154871456393401e+00,-6.021396174437974036e-01,1.283983545057494624e-01
7.800000000000002027e-04,-2.005678096561319401e-01,-1.838171448548095721e-01,1.636653463047885504e+00,-6.033214357903391445e-01,2.848871271417787288e+00,-6.033836488019895805e-01,2.006039141718142793e-01
7.849919612924475187e-04,-2.724737617330770245e-01,-2.589901928998933345e-01,1.500917919634683795e+00,-6.024103456839595694e-01,2.667890549563011859e+00,-6.020880903391793160e-01,2.725255909901846962e-01
7.908953119294391022e-04,-3.396266780693984466e-01,-3.291963531824593225e-01,1.381050400454428839e+00,-6.001352916658824199e-01,2.508067193036974452e+00,-5.997121121343494954e-01,3.396930374055821544e-01
8.002095476762815726e-04,-4.160495644904696477e-01,-4.090900247630351871e-01,1.252622649064570437e+00,-5.962112724833265043e-01,2.336830193734833028e+00,-5.958137422766066615e-01,4.161290603329097504e-01
8.101683938841526154e-04,-4.698435915092581960e-01,-4.653454571110733906e-01,1.167158525921443424e+00,-5.927226027698009325e-01,2.222878031241599217e+00,-5.924208142144740119e-01,4.699516877912301438e-01
8.203000000000000439e-04,-5.052119093897905477e-01,-5.023053795039703617e-01,1.113170953284521980e+00,-5.901249207956333898e-01,2.150894602131410149e+00,-5.899137422864804137e-01,5.053088868263062583e-01
8.307000000000000798e-04,-5.284550074629252858e-01,-5.266120491316615970e-01,1.078604405123327892e+00,-5.883313469624621428e-01,2.104805871936425099e+00,-5.881918297858019784e-01,5.285658399621935288e-01
8.414999999999999087e-04,-5.436884830666125490e-01,-5.425440978359371558e-01,1.056336183524857475e+00,-5.871122748866257623e-01,2.075114910247451760e+00,-5.870221381723145226e-01,5.438075715897079387e-01
8.524999999999999592e-04,-5.533507211608893472e-01,-5.526390519626933617e-01,1.042384305448763371e+00,-5.863208551371349442e-01,2.056512406423124162e+00,-5.862654513124138100e-01,5.534647004821797722e-01
8.635000000000002266e-04,-5.593396302291097077e-01,-5.588947518734576070e-01,1.033805020112356310e+00,-5.858381630533208151e-01,2.045073359478327912e+00,-5.858038187344669634e-01,5.594514172155845566e-01
8.745000000000000603e-04,-5.630517134330705886e-01,-5.627796052409910210e-01,1.028496345298144821e+00,-5.855253788606564758e-01,2.037995126498160392e+00,-5.855018959965424541e-01,5.631660945454753930e-01
8.854999999999998940e-04,-5.653525601321102156e-01,-5.651769155808986644e-01,1.025232325407528178e+00,-5.853273945765754549e-01,2.033643100042172858e+00,-5.853139340379011069e-01,5.654603652322114371e-01
8.965000000000001613e-04,-5.667786853585551343e-01,-5.666672325514021669e-01,1.023206333850130934e+00,-5.852166194311345659e-01,2.030941778005885823e+00,-5.852096211688068150e-01,5.668862383699350138e-01
9.075000000000002119e-04,-5.676626352288866029e-01,-5.675897489092388559e-01,1.021952835041930685e+00,-5.851412339805223128e-01,2.029270446286517871e+00,-5.851348097872324239e-01,5.677685396564977616e-01
9.185000000000000456e-04,-5.682105305653036842e-01,-5.681722054170633696e-01,1.021166670838686619e+00,-5.850946935582378439e-01,2.028222227364474772e+00,-5.850915724672994811e-01,5.683278418243324914e-01
9.292499999999999545e-04,-5.685440772128359521e-01,-5.685313617560709964e-01,1.020679285502234857e+00,-5.850645741930816657e-01,2.027572380258886753e+00,-5.850623393821164919e-01,5.686713537661709505e-01
9.400000000000001887e-04,-5.687530784380215865e-01,-5.687383064073681105e-01,1.020392678335531489e+00,-5.850435169820694670e-01,2.027190237375642301e+00,-5.850422891436412032e-01,5.688665486661248494e-01
9.500999999999999463e-04,-5.688777369785179561e-01,-5.688651825329469336e-01,1.020222858768121688e+00,-5.850313271206423194e-01,2.026963811289135275e+00,-5.850301981935284168e-01,5.689890363849200439e-01
9.602999999999997606e-04,-5.689587218721405826e-01,-5.689501301601991301e-01,1.020108248959728625e+00,-5.850315292248865484e-01,2.026810998213554704e+00,-5.850310955194228946e-01,5.690704514849687090e-01
9.707000000000000134e-04,-5.690115016391315006e-01,-5.690016359701278725e-01,1.020037339645851304e+00,-5.850105664730050892e-01,2.026716452463126927e+00,-5.850102586530322446e-01,5.691197320579146623e-01
9.815000000000003843e-04,-5.690460934184190522e-01,-5.690430792614302735e-01,1.019982885045753296e+00,-5.850229198888124982e-01,2.026643846330744125e+00,-5.850228218476277720e-01,5.691593710496494207e-01
9.924999999999998927e-04,-5.690680341523868258e-01,-5.690628588281170241e-01,1.019954755558028170e+00,-5.850210335671300887e-01,2.026606340347669288e+00,-5.850208527881672893e-01,5.691781777161939448e-01
1.003499999999999835e-03,-5.690816335727619801e-01,-5.690793483003085962e-01,1.019935077265645917e+00,-5.850196377071105180e-01,2.026580102624883750e+00,-5.850198550340103276e-01,5.691953927839096261e-01
1.014499999999999777e-03,-5.690900628277649753e-01,-5.690922368087256711e-01,1.019913363153728048e+00,-5.850130716447454748e-01,2.026551150476091578e+00,-5.850118046642943659e-01,5.692051972371783286e-01
1.025499999999999719e-03,-5.690952874784007687e-01,-5.690927593756014424e-01,1.019916765144260218e+00,-5.850143932789182433e-01,2.026555686463400452e+00,-5.850153535821772666e-01,5.692080272575681388e-01
1.036499999999999228e-03,-5.690985258310324868e-01,-5.690993515363824695e-01,1.019905185067980113e+00,-5.850168333578177338e-01,2.026540246361923536e+00,-5.850168900802356076e-01,5.692129284313234283e-01
1.047499999999999603e-03,-5.691005330239627957e-01,-5.691044432343187465e-01,1.019901171574360665e+00,-5.850190554938194953e-01,2.026534895037177542e+00,-5.850190366001872810e-01,5.692192080127611575e-01
1.058499999999999545e-03,-5.691017771117550250e-01,-5.691099272201965986e-01,1.019892892078934965e+00,-5.850173874117944317e-01,2.026523855710107735e+00,-5.850173099449882397e-01,5.692240280866746049e-01
1.069249999999999671e-03,-5.691025344627069771e-01,-5.691074287089618045e-01,1.019894611547072616e+00,-5.850169224039430960e-01,2.026526148334256927e+00,-5.850170102074163658e-01,5.692208526188212714e-01
1.080000000000000231e-03,-5.691030089986934826e-01,-5.691032443969223920e-01,1.019899877688968504e+00,-5.850124466470746354e-01,2.026533169856680416e+00,-5.850119283333971021e-01,5.692166697257415864e-01
1.090099999999999880e-03,-5.691032920147798269e-01,-5.691045226912346822e-01,1.019899471565043125e+00,-5.850183969089837177e-01,2.026532628358121091e+00,-5.850189955984348433e-01,5.692185385778858464e-01
1.100300000000000236e-03,-5.691034758571716923e-01,-5.691079553928566348e-01,1.019895479868098365e+00,-5.850237575296771686e-01,2.026527306095607273e+00,-5.850241624763867776e-01,5.692219752003229161e-01
1.110699999999999838e-03,-5.691035956508888605e-01,-5.691058664328952910e-01,1.019896942309620469e+00,-5.850253054193733648e-01,2.026529256017607583e+00,-5.850249751845739699e-01,5.692195883689862290e-01
1.121499999999999884e-03,-5.691036741415224087e-01,-5.691061710198633827e-01,1.019897046057210543e+00,-5.850161234300842450e-01,2.026529394347725166e+00,-5.850154379773917501e-01,5.692199584910170307e-01
1.132499999999999826e-03,-5.691037239033392980e-01,-5.691050829058580396e-01,1.019897873390878340e+00,-5.850110692578635030e-01,2.026530497459266389e+00,-5.850113089874152683e-01,5.692185592833988173e-01
1.143500000000000202e-03,-5.691037547238864125e-01,-5.690995930993564267e-01,1.019903552664318980e+00,-5.850129195818051242e-01,2.026538069823741406e+00,-5.850123817170742591e-01,5.692124756120293672e-01
1.154499999999999710e-03,-5.691037738041386795e-01,-5.690973314184019083e-01,1.019910565924444512e+00,-5.850159368625872380e-01,2.026547420837102820e+00,-5.850173561735613204e-01,5.692125158401590834e-01
1.165499999999999653e-03,-5.691037856074460111e-01,-5.691045824579961110e-01,1.019898382763036349e+00,-5.850226110796036272e-01,2.026531176622133668e+00,-5.850229368590941226e-01,5.692180265947249795e-01
1.170015096484374687e-03,-5.691037890306177571e-01,-5.691028646594301632e-01,1.019900383056910220e+00,-5.850248058892101310e-01,2.026533843680592195e+00,-5.850253495559529782e-01,5.692163054936805189e-01
1.170027705000000135e-03,-5.691001583125284702e-01,-5.691028467947820690e-01,1.019900389088768344e+00,-5.850248126503521107e-01,2.026533851723069546e+00,-5.850253336535230497e-01,5.692126707316741419e-01
1.170066769999989972e-03,-5.690987533345764904e-01,-5.691026415534847782e-01,1.019900409530714258e+00,-5.850248288258241836e-01,2.026533878978997283e+00,-5.850251368568724075e-01,5.692112551924130015e-01
1.180000000000000059e-03,-5.690987458709276803e-01,-5.690950786283369700e-01,1.019910418192180757e+00,-5.850234347306092486e-01,2.026547223860753810e+00,-5.850232257998014829e-01,5.692086336758096499e-01
1.190099999999999708e-03,-5.690987382819706619e-01,-5.690976392820674690e-01,1.019908406169721671e+00,-5.850158908562195226e-01,2.026544541164181368e+00,-5.850150880989261060e-01,5.692117608166082920e-01
1.200300000000000065e-03,-5.690987306178744154e-01,-5.690999127459493989e-01,1.019905317775768872e+00,-5.850174022546944519e-01,2.026540423305639216e+00,-5.850178312892634347e-01,5.692137850838476787e-01
1.210699999999999667e-03,-5.690987228035025991e-01,-5.690960349427770515e-01,1.019908972435355388e+00,-5.850259391855259228e-01,2.026545296185015221e+00,-5.850263451281840776e-01,5.692096332654790203e-01
1.221500000000000146e-03,-5.690987146885793102e-01,-5.690959579568400928e-01,1.019910154356392651e+00,-5.850245784472068999e-01,2.026546872079708184e+00,-5.850247625181100863e-01,5.692101190094948082e-01
1.232500000000000089e-03,-5.690987064233794523e-01,-5.691001690269048563e-01,1.019905070113345191e+00,-5.850242150603259805e-01,2.026540093089079342e+00,-5.850229916663876040e-01,5.692141195556525979e-01
1.243499999999999597e-03,-5.690986981581798165e-01,-5.691016494770934075e-01,1.019903119204975894e+00,-5.850166732056676366e-01,2.026537491877958619e+00,-5.850176900309419503e-01,5.692156851838511278e-01
1.254499999999999973e-03,-5.690986898929784044e-01,-5.690989291219050727e-01,1.019903831935593752e+00,-5.850213392806572488e-01,2.026538442185434885e+00,-5.850206582512909037e-01,5.692115200785879958e-01
1.265499999999999481e-03,-5.690986816277779914e-01,-5.690914685577145304e-01,1.019915669024210159e+00,-5.850228293288585180e-01,2.026554224970021689e+00,-5.850235406217052514e-01,5.692054134616938432e-01
1.276499999999999423e-03,-5.690986733625778005e-01,-5.690946590476179123e-01,1.019912439948335914e+00,-5.850253144367154601e-01,2.026549919535587385e+00,-5.850251214521583476e-01,5.692089281905144960e-01
1.287499999999999365e-03,-5.690986650973780536e-01,-5.690910354783149661e-01,1.019914268693234982e+00,-5.850158396519018478e-01,2.026552357862082765e+00,-5.850148045773874150e-01,5.692039848464981455e-01
1.298499999999999308e-03,-5.690986568321778627e-01,-5.690972321677041368e-01,1.019910837964745021e+00,-5.850235126467676627e-01,2.026547783557497429e+00,-5.850245845715325022e-01,5.692122831607736577e-01
1.309249999999999867e-03,-5.690986487548226336e-01,-5.691012348462626269e-01,1.019903470309076798e+00,-5.850122793836716184e-01,2.026537960016753459e+00,-5.850108100973974157e-01,5.692151671228526943e-01
1.320000000000000426e-03,-5.690986406774678485e-01,-5.691040540033666106e-01,1.019900293907807232e+00,-5.850129372933783323e-01,2.026533724815123616e+00,-5.850132636167725275e-01,5.692181662731041758e-01
1.330100000000000076e-03,-5.690986330885108302e-01,-5.691001571103336820e-01,1.019903616241536026e+00,-5.850179509678897771e-01,2.026538154593362506e+00,-5.850185281262453296e-01,5.692134404510200696e-01
1.340299999999999998e-03,-5.690986254244151388e-01,-5.690876764836808599e-01,1.019917675981095728e+00,-5.850166445015858585e-01,2.026556900912496406e+00,-5.850166255739452925e-01,5.692007942742393078e-01
1.350700000000000034e-03,-5.690986176100436555e-01,-5.690968037113052214e-01,1.019910786347631104e+00,-5.850181973839092553e-01,2.026547714734680206e+00,-5.850178985966352219e-01,5.692110891612368606e-01
1.361499999999999646e-03,-5.690986094951200336e-01,-5.690961881862736105e-01,1.019909486130407883e+00,-5.850157706283661829e-01,2.026545981111741668e+00,-5.850159011433300194e-01,5.692100714790369054e-01
1.372500000000000022e-03,-5.690986012299197316e-01,-5.690971298284320801e-01,1.019908412881602500e+00,-5.850171410599077637e-01,2.026544550113356102e+00,-5.850173084071114138e-01,5.692108987832684708e-01
1.383499999999999964e-03,-5.690985929647190966e-01,-5.690992331845210472e-01,1.019907460969678548e+00,-5.850191943097220459e-01,2.026543280897476151e+00,-5.850192074835415257e-01,5.692140674853518600e-01
1.394499999999999906e-03,-5.690985846995183506e-01,-5.691052538686317552e-01,1.019897443674356197e+00,-5.850155013359693568e-01,2.026529924503912117e+00,-5.850152388873107734e-01,5.692185885941664081e-01
1.405499999999999848e-03,-5.690985764343178266e-01,-5.691023764410707564e-01,1.019901903119378117e+00,-5.850180183048464544e-01,2.026535870430519193e+00,-5.850184643030030829e-01,5.692162728673991756e-01
1.416499999999999357e-03,-5.690985681691169695e-01,-5.691036881041723339e-01,1.019900478349718975e+00,-5.850214843128851427e-01,2.026533970737668611e+00,-5.850217070310902434e-01,5.692176700558287950e-01
1.427499999999999733e-03,-5.690985599039163345e-01,-5.691006316481984628e-01,1.019902783048098449e+00,-5.850159731491472170e-01,2.026537043668795057e+00,-5.850151305585188366e-01,5.692138701620780283e-01
1.438499999999999241e-03,-5.690985516387160326e-01,-5.690914861118577805e-01,1.019913516303220913e+00,-5.850118477036841957e-01,2.026551354675412586e+00,-5.850117563386618702e-01,5.692043565201022615e-01
1.449249999999999584e-03,-5.690985435613606924e-01,-5.690990567091209762e-01,1.019908492042783221e+00,-5.850223805071157468e-01,2.026544655661595584e+00,-5.850232767904697262e-01,5.692140812791671722e-01
1.459999999999999926e-03,-5.690985354840059074e-01,-5.690995814054841118e-01,1.019904946079782215e+00,-5.850134110230164053e-01,2.026539927710997890e+00,-5.850124864665239288e-01,5.692132254143217329e-01
1.470100000000000443e-03,-5.690985278950485560e-01,-5.690998338505272036e-01,1.019905091651726936e+00,-5.850093913319369676e-01,2.026540121806921224e+00,-5.850091010358414723e-01,5.692136866269580375e-01
1.480299999999999932e-03,-5.690985202309533086e-01,-5.690989089635678511e-01,1.019906004618793105e+00,-5.850145339489671859e-01,2.026541339096324723e+00,-5.850150328335755878e-01,5.692130040687563008e-01
1.490700000000000401e-03,-5.690985124165816034e-01,-5.691117890292953785e-01,1.019892276803197717e+00,-5.850168694500602617e-01,2.026523035342469470e+00,-5.850167857080033063e-01,5.692256407416316222e-01
1.501500000000000013e-03,-5.690985043016582035e-01,-5.690996621624329066e-01,1.019903179211742561e+00,-5.850185819670759013e-01,2.026537571886979805e+00,-5.850190265324484162e-01,5.692129843470911110e-01
1.512499999999999956e-03,-5.690984960364580125e-01,-5.690957279974173666e-01,1.019909040548578005e+00,-5.850188368126054694e-01,2.026545387002644194e+00,-5.850181618015171114e-01,5.692088760707050277e-01
1.523499999999999464e-03,-5.690984877712577106e-01,-5.690930005537473413e-01,1.019915402876903299e+00,-5.850160353953075543e-01,2.026553870106951205e+00,-5.850167974326391240e-01,5.692080348838899351e-01
1.534499999999999840e-03,-5.690984795060565204e-01,-5.691018493563541059e-01,1.019902415321399136e+00,-5.850195773409821998e-01,2.026536553366537596e+00,-5.850201702241932811e-01,5.692155212914520312e-01
1.545499999999999348e-03,-5.690984712408562185e-01,-5.691043785914646769e-01,1.019900841690112081e+00,-5.850190081702004719e-01,2.026534455191519424e+00,-5.850174987786261882e-01,5.692189865214298816e-01
1.550011133203124973e-03,-5.690984678512724937e-01,-5.691079376878231955e-01,1.019896448736834049e+00,-5.850079385315085645e-01,2.026528597920568497e+00,-5.850101728920704680e-01,5.692225327099798005e-01
1.553311138530775754e-03,-5.690984653717433561e-01,-5.691071356941633796e-01,1.019895130038328102e+00,-5.844304232632050455e-01,2.026526839655920842e+00,-5.850113155994254299e-01,5.692203432069640190e-01
1.564499999999999702e-03,-5.690984569651769132e-01,-5.691002564152833898e-01,1.019903337686477673e+00,-5.846375661199521012e-01,2.026537783186623365e+00,-5.850143125613426198e-01,5.692135526563371073e-01
1.575499999999999644e-03,-5.690984487009597137e-01,-5.690959448724933756e-01,1.019909433918483321e+00,-5.847730152126533465e-01,2.026545911495843288e+00,-5.850117444586907522e-01,5.692095601485382961e-01
1.586499999999999586e-03,-5.690984404370242888e-01,-5.691025693989805179e-01,1.019904437806027797e+00,-5.848688412253060243e-01,2.026539250012668880e+00,-5.850212980703155541e-01,5.692177959092680206e-01
1.597499999999999528e-03,-5.690984321732680540e-01,-5.690969971101232927e-01,1.019904780309737857e+00,-5.849173462231997966e-01,2.026539706684275188e+00,-5.850116946833843201e-01,5.692089862548529444e-01
1.608499999999999470e-03,-5.690984239096238406e-01,-5.690854980312052280e-01,1.019921607002966635e+00,-5.849545994493959844e-01,2.026562142274912492e+00,-5.850156856929494831e-01,5.691986361683603057e-01
1.619249999999999813e-03,-5.690984158338592280e-01,-5.690976125072693126e-01,1.019911293311055456e+00,-5.849931195963933295e-01,2.026548390685902312e+00,-5.850338468618945242e-01,5.692131060387560781e-01
1.630000000000000155e-03,-5.690984077581394684e-01,-5.691001140858795715e-01,1.019904545597497103e+00,-5.849887439240146758e-01,2.026539393734625438e+00,-5.850111724325108842e-01,5.692138866297861144e-01
1.640100000000000238e-03,-5.690984001707435347e-01,-5.690995224515047468e-01,1.019905262649900113e+00,-5.849970961110161349e-01,2.026540349804482055e+00,-5.850133459774605749e-01,5.692132962415559216e-01
1.650300000000000161e-03,-5.690983925082412354e-01,-5.691002957811922558e-01,1.019904571922454428e+00,-5.850021524790136596e-01,2.026539428834567946e+00,-5.850128258955493710e-01,5.692140386177116929e-01
1.660700000000000197e-03,-5.690983846955043335e-01,-5.690951344148490465e-01,1.019910015781611445e+00,-5.850147374940247724e-01,2.026546687313336204e+00,-5.850222079930083030e-01,5.692090659098616445e-01
1.671500000000000243e-03,-5.690983765822862361e-01,-5.691014462164644128e-01,1.019903162004440533e+00,-5.850131589669058663e-01,2.026537548943911027e+00,-5.850170815603777941e-01,5.692144241472948396e-01
1.682499999999999751e-03,-5.690983683188294284e-01,-5.690901488510298201e-01,1.019916408905825911e+00,-5.850165757588222659e-01,2.026555211478828333e+00,-5.850201476834694381e-01,5.692040773038149482e-01
1.693499999999999693e-03,-5.690983600553742860e-01,-5.690939602364866179e-01,1.019913858227261327e+00,-5.850189609334527363e-01,2.026551810574126034e+00,-5.850204060968449138e-01,5.692085900276654398e-01
1.704499999999999635e-03,-5.690983517919212531e-01,-5.691023616271962959e-01,1.019903186572141962e+00,-5.850129789668453428e-01,2.026537581700845525e+00,-5.850132390782932790e-01,5.692168199249589833e-01
1.715499999999999577e-03,-5.690983435284689973e-01,-5.691041254038577968e-01,1.019898596837635507e+00,-5.850135945467934695e-01,2.026531462054927957e+00,-5.850153962717258294e-01,5.692174224718148379e-01
1.726499999999999519e-03,-5.690983352650184068e-01,-5.690970283778415961e-01,1.019906932992325821e+00,-5.850170295009727850e-01,2.026542576927683026e+00,-5.850168537278640501e-01,5.692100838929231577e-01
1.737499999999999462e-03,-5.690983270015682605e-01,-5.691056262221885209e-01,1.019901542376185688e+00,-5.850164206203685158e-01,2.026535389439603208e+00,-5.850164928651928609e-01,5.692212981274250572e-01
1.748499999999999404e-03,-5.690983187381176700e-01,-5.690979469784943623e-01,1.019903436935900354e+00,-5.850093362350325954e-01,2.026537915519185162e+00,-5.850091524186660230e-01,5.692098791978754679e-01
1.759249999999999746e-03,-5.690983106624731835e-01,-5.691019677154545153e-01,1.019904519807779852e+00,-5.850167368763654618e-01,2.026539359348336511e+00,-5.850173369931896961e-01,5.692168472671358392e-01
1.770000000000000089e-03,-5.690983025868292522e-01,-5.690957457514860263e-01,1.019908262128506271e+00,-5.850259966288391400e-01,2.026544349109230758e+00,-5.850277573370602502e-01,5.692086676819048119e-01
1.780100000000000172e-03,-5.690982949994797258e-01,-5.690976257034834340e-01,1.019908401518774266e+00,-5.850140866063164857e-01,2.026544534962918753e+00,-5.850125166403712385e-01,5.692116445655255319e-01
1.790300000000000094e-03,-5.690982873370076245e-01,-5.690898963281010303e-01,1.019915771905294255e+00,-5.850182413602240672e-01,2.026554362144799004e+00,-5.850190016617177191e-01,5.692032972362630616e-01
1.800700000000000130e-03,-5.690982795242913728e-01,-5.690975847287542688e-01,1.019909326503657843e+00,-5.850226136028178203e-01,2.026545768276078352e+00,-5.850222061068678370e-01,5.692114328425963432e-01
1.811500000000000176e-03,-5.690982714110869312e-01,-5.690912387508740844e-01,1.019915775066903452e+00,-5.850126916926861043e-01,2.026554366360277193e+00,-5.850133659254921348e-01,5.692061372825830690e-01
1.822500000000000118e-03,-5.690982631476378950e-01,-5.691029490592036666e-01,1.019900101341178589e+00,-5.850172175421507470e-01,2.026533468059622312e+00,-5.850159580239505663e-01,5.692152197360228483e-01
1.833500000000000060e-03,-5.690982548841880817e-01,-5.690913473102361397e-01,1.019917112085985123e+00,-5.850181787613477624e-01,2.026556149052360034e+00,-5.850195740364318997e-01,5.692064104267667846e-01
1.844500000000000002e-03,-5.690982466207380464e-01,-5.691007549523039444e-01,1.019903893519729099e+00,-5.850209722948731539e-01,2.026538524297614163e+00,-5.850208452071549159e-01,5.692144738872827459e-01
1.855499999999999511e-03,-5.690982383572876779e-01,-5.690979739455045427e-01,1.019906407756563382e+00,-5.850195883466263735e-01,2.026541876613343174e+00,-5.850193826365992500e-01,5.692113365958795246e-01
1.866499999999999453e-03,-5.690982300938378646e-01,-5.690968915168503894e-01,1.019909215779116529e+00,-5.850159015205907975e-01,2.026545620643358525e+00,-5.850151587737488779e-01,5.692109710059158889e-01
1.877499999999999395e-03,-5.690982218303878293e-01,-5.690975140465401871e-01,1.019907743097070218e+00,-5.850166138305790131e-01,2.026543657067326532e+00,-5.850172170560434814e-01,5.692112490360008437e-01
1.888499999999999337e-03,-5.690982135669381270e-01,-5.690962579309021274e-01,1.019909227488203340e+00,-5.850186505864296560e-01,2.026545636255474570e+00,-5.850186790165791129e-01,5.692099491759289309e-01
1.899249999999999680e-03,-5.690982054912934185e-01,-5.690910074760207049e-01,1.019914852586566445e+00,-5.850153287747860142e-01,2.026553136386513021e+00,-5.850149230394852129e-01,5.692042280700969625e-01
1.910000000000000022e-03,-5.690981974156499312e-01,-5.690972681403811961e-01,1.019909924170119275e+00,-5.850244315890710256e-01,2.026546565164681457e+00,-5.850255305809465289e-01,5.692118993809114347e-01
1.920100000000000105e-03,-5.690981898283004048e-01,-5.691057218321133870e-01,1.019899340679944366e+00,-5.850238914696808123e-01,2.026532453844658743e+00,-5.850238797053499695e-01,5.692203394405652706e-01
1.930300000000000028e-03,-5.690981821658277484e-01,-5.691097679523653419e-01,1.019893185831536320e+00,-5.850214846542265423e-01,2.026524247380236954e+00,-5.850213432194575347e-01,5.692236655294853342e-01
1.940700000000000064e-03,-5.690981743531104975e-01,-5.691028358735055193e-01,1.019899653610269130e+00,-5.850198092219682788e-01,2.026532871085084953e+00,-5.850194501258967339e-01,5.692159106648977396e-01
1.950009999999999851e-03,-5.690981673592281354e-01,-5.690958903496390331e-01,1.019908393594170848e+00,-5.850142372606937924e-01,2.026544524396781011e+00,-5.850133846261932336e-01,5.692089755475236990e-01
1.950043473037107360e-03,-5.690981673340822500e-01,-5.690958664489412788e-01,1.019908425020323639e+00,-5.850142108585818512e-01,2.026544566298317473e+00,-5.850134083388837114e-01,5.692089912854044753e-01
1.959272873705997058e-03,-5.690981604007464556e-01,-5.690990407982413624e-01,1.019906974483947515e+00,-5.850209749806516424e-01,2.026542632249844100e+00,-5.850216636790308566e-01,5.692133306349765887e-01
1.969999999999999529e-03,-5.690981523422860011e-01,-5.691034697524947061e-01,1.019901261409810411e+00,-5.850200586812226433e-01,2.026535014817774982e+00,-5.850198374057208328e-01,5.692176923610778871e-01
1.971122531731341748e-03,-5.698568049877876796e-01,-5.694061900033132728e-01,1.019840348117298845e+00,-5.851013908042571599e-01,2.026453797095635778e+00,-5.852715904051942752e-01,5.699761242193566169e-01
1.980299999999999942e-03,-5.748476927668650927e-01,-5.743878613336868000e-01,1.014290462433089512e+00,-5.858605789751263337e-01,2.019053949626929967e+00,-5.858268194089149006e-01,5.749651315606687518e-01
1.990699999999999328e-03,-5.785499542891062719e-01,-5.782602054291754445e-01,1.009071159047602473e+00,-5.855631835895163118e-01,2.012094878549952615e+00,-5.855398161733161855e-01,5.786701949897171682e-01
2.001499999999999807e-03,-5.809764124018661491e-01,-5.807957043680080922e-01,1.005661361414794230e+00,-5.853567851787516707e-01,2.007548481773938853e+00,-5.853416350129519996e-01,5.810961033773595075e-01
2.012499999999999532e-03,-5.825154580333412602e-01,-5.824061969573892661e-01,1.003499052990294071e+00,-5.852242596770460548e-01,2.004665403917555988e+00,-5.852160169148039603e-01,5.826358659412809171e-01
2.023500000000000125e-03,-5.834693989368902045e-01,-5.833978309450198463e-01,1.002171244200376732e+00,-5.851575482556872210e-01,2.002894992224041104e+00,-5.851523404366789638e-01,5.835861085725064790e-01
2.034499999999999850e-03,-5.840606765537048606e-01,-5.840218836940087588e-01,1.001334242560573795e+00,-5.851023334223373062e-01,2.001778990054262408e+00,-5.850975115286238815e-01,5.841821891672105416e-01
2.045500000000000443e-03,-5.844271659347277659e-01,-5.844025859159944769e-01,1.000824491433765395e+00,-5.850660797313714800e-01,2.001099321895310368e+00,-5.850641996824773594e-01,5.845465542565090322e-01
2.056500000000000168e-03,-5.846543256598435434e-01,-5.846391607787221334e-01,1.000507694390688762e+00,-5.850518829751500949e-01,2.000676925844167453e+00,-5.850511429303218991e-01,5.847728297787248009e-01
2.067499999999999893e-03,-5.847951252026891700e-01,-5.847866944944084544e-01,1.000310695051313647e+00,-5.850400973407383631e-01,2.000414260062246985e+00,-5.850387965242961341e-01,5.849142025182143545e-01
2.078500000000000486e-03,-5.848823964350463589e-01,-5.848731348030624666e-01,1.000192886750295163e+00,-5.850290149113814842e-01,2.000257182329895578e+00,-5.850283764508148465e-01,5.849958832510756546e-01
2.089250000000000395e-03,-5.849355252244482495e-01,-5.849322246615973331e-01,1.000116904336857848e+00,-5.850255824117760461e-01,2.000155872446821359e+00,-5.850251618662971609e-01,5.850539037477243687e-01
2.100000000000000304e-03,-5.849688158466346266e-01,-5.849695626074006283e-01,1.000066190111646103e+00,-5.850181324900201041e-01,2.000088253480879708e+00,-5.850175170305512706e-01,5.850892530540098280e-01
2.110099999999999736e-03,-5.849886719816391745e-01,-5.849883223793629350e-01,1.000040085019954450e+00,-5.850187566282536444e-01,2.000053446692476644e+00,-5.850189502877002345e-01,5.851067682135925319e-01
2.120300000000000309e-03,-5.850015715769719682e-01,-5.850043649258522827e-01,1.000019957517115810e+00,-5.850175771871054531e-01,2.000026610022424656e+00,-5.850174739642056698e-01,5.851226649569434279e-01
2.130699999999999695e-03,-5.850099785291256183e-01,-5.850141813613826125e-01,1.000006324988433226e+00,-5.850200043894887569e-01,2.000008433317784995e+00,-5.850204054087279060e-01,5.851314962469692516e-01
2.141499999999999307e-03,-5.850154884130284172e-01,-5.850127809743267404e-01,1.000006897829360142e+00,-5.850258128495150478e-01,2.000009197105676151e+00,-5.850260595815092168e-01,5.851306114109666723e-01
2.152499999999999900e-03,-5.850189831793018991e-01,-5.850214596271056111e-01,9.999956793169555436e-01,-5.850210351495775951e-01,1.999994239089359693e+00,-5.850195468359303819e-01,5.851378242911958738e-01
2.163499999999999625e-03,-5.850211493028129039e-01,-5.850165638204417595e-01,1.000002708687249831e+00,-5.850144879776701945e-01,2.000003611582946039e+00,-5.850151421709045563e-01,5.851342408351988267e-01
2.174500000000000217e-03,-5.850224918986250966e-01,-5.850218621370681937e-01,9.999955275500377327e-01,-5.850162426693329421e-01,1.999994036733472536e+00,-5.850162382210739587e-01,5.851389163321021325e-01
2.185499999999999943e-03,-5.850233240503257548e-01,-5.850245050144883274e-01,9.999930780841751465e-01,-5.850185963327305672e-01,1.999990770779037641e+00,-5.850188764103139150e-01,5.851420414302762607e-01
2.196500000000000535e-03,-5.850238398153533304e-01,-5.850203942936561541e-01,9.999945535346453918e-01,-5.850166325914120113e-01,1.999992738046302287e+00,-5.850164228148712064e-01,5.851361220657469442e-01
2.207500000000000261e-03,-5.850241594756058205e-01,-5.850220284519567215e-01,9.999974018815228627e-01,-5.850179360019586161e-01,1.999996535842081924e+00,-5.850177066937245485e-01,5.851401665618618519e-01
2.218500000000000853e-03,-5.850243575849645161e-01,-5.850302869052401711e-01,9.999860184804065799e-01,-5.850157477182998944e-01,1.999981357974153218e+00,-5.850157004620903933e-01,5.851478630080241272e-01
2.229249999999999895e-03,-5.850244781658857640e-01,-5.850209033930419134e-01,9.999937820657903709e-01,-5.850152573250546606e-01,1.999991709421177433e+00,-5.850155681239099792e-01,5.851365959225807156e-01
2.239999999999999804e-03,-5.850245536987390693e-01,-5.850205364987272061e-01,9.999973839802817066e-01,-5.850196443541777480e-01,1.999996511973760827e+00,-5.850197973077762015e-01,5.851377535990879286e-01
2.250100000000000103e-03,-5.850245987286534222e-01,-5.850298486154922317e-01,9.999874319855923677e-01,-5.850178381274347972e-01,1.999983242647706216e+00,-5.850175183618053776e-01,5.851477267206346422e-01
2.260299999999999809e-03,-5.850246279612278943e-01,-5.850269017868451327e-01,9.999881510034468457e-01,-5.850166522765976040e-01,1.999984201338164569e+00,-5.850167607296067329e-01,5.851433176135976133e-01
2.270700000000000062e-03,-5.850246469908417790e-01,-5.850164433937093955e-01,1.000000315851975241e+00,-5.850165676037267781e-01,2.000000421135960771e+00,-5.850171579356210350e-01,5.851336646728371171e-01
2.281499999999999674e-03,-5.850246594395221988e-01,-5.850296841873910969e-01,9.999869214165241216e-01,-5.850236175239488245e-01,1.999982561888958399e+00,-5.850224228630530598e-01,5.851461540956766072e-01
2.292500000000000267e-03,-5.850246673111521023e-01,-5.850217006713582801e-01,9.999960118370693207e-01,-5.850177628401992402e-01,1.999994682449504957e+00,-5.850194756902844517e-01,5.851396589507245061e-01
2.303499999999999992e-03,-5.850246721657291760e-01,-5.850292363542038965e-01,9.999854871412026114e-01,-5.850232033405193821e-01,1.999980649521891696e+00,-5.850215550308985879e-01,5.851456053151485870e-01
2.314499999999999717e-03,-5.850246751502583553e-01,-5.850223101158423811e-01,9.999936032081574444e-01,-5.850142631916747105e-01,1.999991470944337157e+00,-5.850143198937090006e-01,5.851387773839471507e-01
2.325500000000000310e-03,-5.850246769756820564e-01,-5.850189087081392181e-01,9.999989541176047547e-01,-5.850174166081906213e-01,1.999998605490160619e+00,-5.850179555987781166e-01,5.851359294070079820e-01
2.336500000000000035e-03,-5.850246780826617865e-01,-5.850197785451355381e-01,9.999981716315451408e-01,-5.850202949113767481e-01,1.999997562175430010e+00,-5.850203080123667077e-01,5.851369224247585654e-01
2.347500000000000628e-03,-5.850246787443306173e-01,-5.850216385867721414e-01,9.999959669097908677e-01,-5.850219673625460803e-01,1.999994622546467982e+00,-5.850222095413674106e-01,5.851388321320556418e-01
2.358500000000000353e-03,-5.850246791299851257e-01,-5.850279020906117289e-01,9.999893372669087510e-01,-5.850136999337581800e-01,1.999985783022756758e+00,-5.850123729759514335e-01,5.851456544363339285e-01
2.369250000000000262e-03,-5.850246793410495139e-01,-5.850248961572154238e-01,9.999903115910419027e-01,-5.850085799081417015e-01,1.999987082121581938e+00,-5.850086174169093489e-01,5.851413105627985001e-01
2.370020099999999626e-03,-5.850246745995998365e-01,-5.850244415790487595e-01,9.999908741642279386e-01,-5.850086113718846459e-01,1.999987832219151773e+00,-5.850086768305542417e-01,5.851408735344250100e-01
2.370030649999999971e-03,-5.850199597210605784e-01,-5.850244112383516937e-01,9.999908819156111406e-01,-5.850086120392445910e-01,1.999987842554329376e+00,-5.850086647439370902e-01,5.851361633712078847e-01
2.370604369999840342e-03,-5.850199302039755800e-01,-5.850221714876323587e-01,9.999915904636307307e-01,-5.850083359435811481e-01,1.999988787285007730e+00,-5.850076487188685670e-01,5.851364415302980904e-01
2.381499999999999069e-03,-5.850199220137259903e-01,-5.850246767315585572e-01,9.999928500504297046e-01,-5.850210835855831348e-01,1.999990466734048233e+00,-5.850206860042934665e-01,5.851421513377303985e-01
2.392499999999999662e-03,-5.850199137450218245e-01,-5.850281661152232360e-01,9.999872010345911555e-01,-5.850145852683023007e-01,1.999982934713042448e+00,-5.850148439241077414e-01,5.851447366010985585e-01
2.403499999999999387e-03,-5.850199054763178808e-01,-5.850242213223062482e-01,9.999923179620708868e-01,-5.850180052208361348e-01,1.999989757282913949e+00,-5.850172557419039965e-01,5.851413105965213024e-01
2.414499999999999980e-03,-5.850198972076142701e-01,-5.850210143771038540e-01,9.999942788903980473e-01,-5.850135501905516788e-01,1.999992371853977380e+00,-5.850144252046375337e-01,5.851369074093022427e-01
2.425500000000000572e-03,-5.850198889389102153e-01,-5.850211225036763274e-01,9.999993555043955595e-01,-5.850199858033392486e-01,1.999999140672540143e+00,-5.850193210537838473e-01,5.851397585511531885e-01
2.436500000000000297e-03,-5.850198806702059384e-01,-5.850290809848852636e-01,9.999860102974970077e-01,-5.850179936693704619e-01,1.999981347063607195e+00,-5.850189556252036738e-01,5.851458980343701155e-01
2.447500000000000890e-03,-5.850198724015017726e-01,-5.850189049846516998e-01,9.999960247244855660e-01,-5.850194640695708381e-01,1.999994699632726469e+00,-5.850192234068515296e-01,5.851344751927035626e-01
2.458500000000000615e-03,-5.850198641327972737e-01,-5.850179594559287155e-01,1.000001256528389115e+00,-5.850129750737208534e-01,2.000001675371160914e+00,-5.850118112448406960e-01,5.851355058314399171e-01
2.469250000000000524e-03,-5.850198560520180058e-01,-5.850279403227217623e-01,9.999899096981234026e-01,-5.850160488386263458e-01,1.999986546264364895e+00,-5.850166833951377932e-01,5.851459911864888008e-01
2.479999999999999566e-03,-5.850198479712389599e-01,-5.850176004281500974e-01,9.999977980295770008e-01,-5.850169378286734778e-01,1.999997064039479744e+00,-5.850173420683664194e-01,5.851332518994797338e-01
2.490099999999999866e-03,-5.850198403790646262e-01,-5.850131405150351682e-01,1.000005436484278087e+00,-5.850199779636480191e-01,2.000007248645596203e+00,-5.850201034944769729e-01,5.851299289938104442e-01
2.500299999999999571e-03,-5.850198327117202002e-01,-5.850227758698390845e-01,9.999963470905405272e-01,-5.850237169992963393e-01,1.999995129454126497e+00,-5.850237287770557737e-01,5.851406689288097818e-01
2.510699999999999824e-03,-5.850198248940351453e-01,-5.850266788793674344e-01,9.999897330267986106e-01,-5.850201488279525019e-01,1.999986310702602355e+00,-5.850204919926583758e-01,5.851433245624272361e-01
2.521499999999999436e-03,-5.850198167756710532e-01,-5.850168535371554901e-01,1.000000202508172897e+00,-5.850300514158136567e-01,2.000000270010893200e+00,-5.850298145150915063e-01,5.851337921239142537e-01
2.532500000000000029e-03,-5.850198085069665543e-01,-5.850192552436485061e-01,9.999993063358452172e-01,-5.850196645336627199e-01,1.999999075114474278e+00,-5.850186949299569505e-01,5.851367201665406137e-01
2.543499999999999754e-03,-5.850198002382626106e-01,-5.850221168452496290e-01,9.999944056223250000e-01,-5.850120932396498663e-01,1.999992540829877763e+00,-5.850125918118157520e-01,5.851386708620213151e-01
2.554499999999999479e-03,-5.850197919695573345e-01,-5.850186249240248992e-01,9.999992389817969896e-01,-5.850187643249665781e-01,1.999998985309077826e+00,-5.850189403606844696e-01,5.851356329946627577e-01
2.565500000000000072e-03,-5.850197837008528357e-01,-5.850167250290747578e-01,1.000000824561982693e+00,-5.850191969926997748e-01,2.000001099415960493e+00,-5.850192482670085736e-01,5.851332966966840132e-01
2.576499999999999797e-03,-5.850197754321482257e-01,-5.850139708712749353e-01,1.000004945358549557e+00,-5.850138181896957779e-01,2.000006593811301414e+00,-5.850126700348851072e-01,5.851309051340641831e-01
2.587500000000001257e-03,-5.850197671634430607e-01,-5.850121312337230872e-01,1.000006901369116852e+00,-5.850154414321552254e-01,2.000009201825351912e+00,-5.850165339612878324e-01,5.851288979673893165e-01
2.598500000000000983e-03,-5.850197588947392280e-01,-5.850164887039704942e-01,1.000003397285090578e+00,-5.850209952154403759e-01,2.000004529713386159e+00,-5.850210373948893094e-01,5.851341828913957377e-01
2.609250000000000458e-03,-5.850197508139608482e-01,-5.850124777858448644e-01,1.000005521292682609e+00,-5.850190602479107271e-01,2.000007361723466826e+00,-5.850190792689653474e-01,5.851287848216911724e-01
2.619999999999999933e-03,-5.850197427331819133e-01,-5.850214825684152409e-01,9.999981174232079884e-01,-5.850124583007367818e-01,1.999997489897648029e+00,-5.850113929859737105e-01,5.851396225723332067e-01
2.630100000000000233e-03,-5.850197351410083568e-01,-5.850245277729809734e-01,9.999924089471022848e-01,-5.850166059304767741e-01,1.999989878596287296e+00,-5.850173045428436192e-01,5.851415997436997252e-01
2.640299999999999939e-03,-5.850197274736633757e-01,-5.850120322620632196e-01,1.000004783393077856e+00,-5.850189042742151013e-01,2.000006377857342255e+00,-5.850192450823409329e-01,5.851282606610739290e-01
2.650699999999999324e-03,-5.850197196559778767e-01,-5.850201777064054642e-01,9.999991307191128387e-01,-5.850201340798475425e-01,1.999998840958834290e+00,-5.850199036138179487e-01,5.851375179324392883e-01
2.661499999999999803e-03,-5.850197115376133405e-01,-5.850174874733685693e-01,9.999999707629430024e-01,-5.850188845862470677e-01,1.999999961017257855e+00,-5.850180515465683850e-01,5.851340189526429425e-01
2.672499999999999529e-03,-5.850197032689092858e-01,-5.850142524953692025e-01,1.000005630976727122e+00,-5.850125421170726536e-01,2.000007507968857290e+00,-5.850144823395900806e-01,5.851321793879491473e-01
2.683500000000000121e-03,-5.850196950002056751e-01,-5.850228255430179880e-01,9.999944844442092418e-01,-5.850256582686533813e-01,1.999992645925722012e+00,-5.850254039103208736e-01,5.851398227468956881e-01
2.694499999999999847e-03,-5.850196867315017313e-01,-5.850218836510158171e-01,9.999948800269301552e-01,-5.850241214576628046e-01,1.999993173369341903e+00,-5.850237320131013163e-01,5.851386831872623651e-01
2.705500000000000439e-03,-5.850196784627977875e-01,-5.850241977181034336e-01,9.999939822684238422e-01,-5.850221298480365872e-01,1.999991976358018064e+00,-5.850220208937790822e-01,5.851420110562781662e-01
2.716500000000000165e-03,-5.850196701940927335e-01,-5.850184321802049947e-01,9.999958194887029750e-01,-5.850114879258064837e-01,1.999994425985020419e+00,-5.850103237802670719e-01,5.851335797285268647e-01
2.727499999999999890e-03,-5.850196619253884567e-01,-5.850175894610536442e-01,1.000002948575671846e+00,-5.850175080590721555e-01,2.000003931434170656e+00,-5.850185095113962230e-01,5.851357485055121987e-01
2.738500000000000482e-03,-5.850196536566847350e-01,-5.850157402568813003e-01,1.000001289711370367e+00,-5.850118901311438524e-01,2.000001719615135176e+00,-5.850110965802209906e-01,5.851319575613382895e-01
2.749249999999999958e-03,-5.850196455759062442e-01,-5.850227736152228131e-01,9.999964169194680563e-01,-5.850190249739626314e-01,1.999995222559362018e+00,-5.850197680015100099e-01,5.851408687502813732e-01
2.750033797265623997e-03,-5.850196449867254289e-01,-5.850236268377352333e-01,9.999953584726349876e-01,-5.850196032937291513e-01,1.999993811296938873e+00,-5.850203005733431993e-01,5.851416297047086212e-01
2.759278411132783625e-03,-5.850196380375464189e-01,-5.850106760090110214e-01,1.000005701984259865e+00,-5.850130410079068533e-01,2.000007602645566873e+00,-5.850124428918181962e-01,5.851259864169976455e-01
2.769999999999999893e-03,-5.850196299781247333e-01,-5.850251631099769867e-01,9.999951927872069435e-01,-5.850142495354467842e-01,1.999993590383037922e+00,-5.850137167369748870e-01,5.851441013156466475e-01
2.780100000000000193e-03,-5.850196223859501776e-01,-5.850138335832613112e-01,1.000002273484538629e+00,-5.850035171111745980e-01,2.000003031312672874e+00,-5.850026435370631051e-01,5.851295086879497731e-01
2.790299999999999898e-03,-5.850196147186055295e-01,-5.850123479994304709e-01,1.000007076826620711e+00,-5.850116429907452620e-01,2.000009435768686838e+00,-5.850122856448284336e-01,5.851293167731713707e-01
2.800700000000000151e-03,-5.850196069009203637e-01,-5.850117075574212677e-01,1.000007929275670504e+00,-5.850168044740124973e-01,2.000010572367403316e+00,-5.850174013246084437e-01,5.851290596158219559e-01
2.811499999999999763e-03,-5.850195987825563826e-01,-5.850191524983332503e-01,9.999997864094729572e-01,-5.850191359332761465e-01,1.999999715212634754e+00,-5.850189237910127238e-01,5.851363824993307539e-01
2.822499999999999488e-03,-5.850195905138524388e-01,-5.850185350623107183e-01,9.999982906574621522e-01,-5.850165312925603711e-01,1.999997720876649954e+00,-5.850168503982349222e-01,5.851346553826933805e-01
2.833500000000000081e-03,-5.850195822451483840e-01,-5.850097561283825742e-01,1.000009447699401255e+00,-5.850217097989504067e-01,2.000012596932347453e+00,-5.850218282963544070e-01,5.851264478510580513e-01
2.844499999999999806e-03,-5.850195739764443292e-01,-5.850145566512935380e-01,1.000008051849826884e+00,-5.850205209220527003e-01,2.000010735799609307e+00,-5.850205277842353002e-01,5.851335435982237820e-01
2.855500000000000399e-03,-5.850195657077402744e-01,-5.850212025853748221e-01,9.999935157795287743e-01,-5.850110337239154967e-01,1.999991354372833596e+00,-5.850099142207061398e-01,5.851368068878206596e-01
2.866500000000000124e-03,-5.850195574390352204e-01,-5.850206452725584816e-01,9.999994030142461687e-01,-5.850203662517837744e-01,1.999999204019006438e+00,-5.850222070682801201e-01,5.851389524312549106e-01
2.877499999999999850e-03,-5.850195491703306105e-01,-5.850237499071372360e-01,9.999921016727658651e-01,-5.850233990869501133e-01,1.999989468897177769e+00,-5.850233579021504315e-01,5.851403295581477648e-01
2.888500000000000442e-03,-5.850195409016265558e-01,-5.850210798063505413e-01,9.999959423077159348e-01,-5.850119645787608125e-01,1.999994589743701923e+00,-5.850101737109657529e-01,5.851379265132939933e-01
2.899249999999999917e-03,-5.850195328208475098e-01,-5.850189874524487355e-01,9.999984433542787876e-01,-5.850134899297542157e-01,1.999997924472402433e+00,-5.850140241091164039e-01,5.851357853549382648e-01
2.910000000000000260e-03,-5.850195247400687970e-01,-5.850164573868663620e-01,1.000001513362289707e+00,-5.850184023202270600e-01,2.000002017816356226e+00,-5.850189351337257149e-01,5.851332195911276290e-01
2.920099999999999692e-03,-5.850195171478944633e-01,-5.850154526115021181e-01,1.000003094068868448e+00,-5.850195141484416661e-01,2.000004125425096646e+00,-5.850196689147003637e-01,5.851324486036146855e-01
2.930300000000000266e-03,-5.850195094805499263e-01,-5.850224923960083423e-01,9.999960676423247374e-01,-5.850210265169109025e-01,1.999994756856511291e+00,-5.850210706837668528e-01,5.851400697966421260e-01
2.940699999999999651e-03,-5.850195016628655376e-01,-5.850228873983945865e-01,9.999938110902343302e-01,-5.850177545524298806e-01,1.999991748120435675e+00,-5.850174333407974769e-01,5.851393890930272068e-01
2.951500000000000130e-03,-5.850194935445016675e-01,-5.850128203156008677e-01,1.000004684489313123e+00,-5.850158034935143414e-01,2.000006245985658015e+00,-5.850162929285432911e-01,5.851290768091880201e-01
2.962499999999999856e-03,-5.850194852757978348e-01,-5.850076976184456212e-01,1.000013414995256200e+00,-5.850233918728529048e-01,2.000017886660074851e+00,-5.850246482651961788e-01,5.851254414398202597e-01
2.973500000000000448e-03,-5.850194770070936690e-01,-5.850156420477603536e-01,1.000003935155113988e+00,-5.850266992725474680e-01,2.000005246873407305e+00,-5.850262652595221713e-01,5.851329917294835203e-01
2.984500000000000174e-03,-5.850194687383891701e-01,-5.850202795517246424e-01,9.999984606247954710e-01,-5.850221777141433321e-01,1.999997947499758011e+00,-5.850220115485119665e-01,5.851378858915100567e-01
2.995499999999999899e-03,-5.850194604696842271e-01,-5.850201015148599470e-01,9.999957390515427091e-01,-5.850197889519701544e-01,1.999994318735474952e+00,-5.850197312627907209e-01,5.851361983243084097e-01
3.006500000000000491e-03,-5.850194522009800613e-01,-5.850173294803847623e-01,1.000001716845657418e+00,-5.850207321722569187e-01,2.000002289127509325e+00,-5.850204378423499163e-01,5.851347379876211674e-01
3.017500000000000217e-03,-5.850194439322761175e-01,-5.850181797623672519e-01,9.999995713171039302e-01,-5.850184682390346946e-01,1.999999428422813752e+00,-5.850183694194747153e-01,5.851350333830687145e-01
3.028500000000000809e-03,-5.850194356635718407e-01,-5.850198852623088586e-01,9.999983666702707552e-01,-5.850253895094920109e-01,1.999997822227060018e+00,-5.850264235474880170e-01,5.851371866450517656e-01
3.039249999999999851e-03,-5.850194275827925727e-01,-5.850211179147387641e-01,9.999963464257195511e-01,-5.850200933801040781e-01,1.999995128567698455e+00,-5.850191618612285982e-01,5.851381814398590731e-01
3.049999999999999760e-03,-5.850194195020130827e-01,-5.850156863036883870e-01,1.000001698346426382e+00,-5.850212500250370207e-01,2.000002264461867796e+00,-5.850216603496644074e-01,5.851320744150527720e-01
3.060099999999999192e-03,-5.850194119098390821e-01,-5.850288377849154342e-01,9.999897301935493088e-01,-5.850170261478091494e-01,1.999986306924936397e+00,-5.850161121384555019e-01,5.851470452917766352e-01
3.070299999999999765e-03,-5.850194042424947671e-01,-5.850122551831654638e-01,1.000003317098050237e+00,-5.850170947854472780e-01,2.000004422797334147e+00,-5.850176819692926022e-01,5.851278124221837018e-01
3.080700000000000018e-03,-5.850193964248102674e-01,-5.850108352182039617e-01,1.000009044070051756e+00,-5.850245468977902652e-01,2.000012058759888856e+00,-5.850248788233153308e-01,5.851279616797691041e-01
3.091499999999999630e-03,-5.850193883064469524e-01,-5.850139743141558046e-01,1.000006168464310674e+00,-5.850227859296613930e-01,2.000008224618958330e+00,-5.850225013119109141e-01,5.851318601342532233e-01
3.102500000000000223e-03,-5.850193800377423425e-01,-5.850235892764247270e-01,9.999938855153981399e-01,-5.850172769389327954e-01,1.999991847353985719e+00,-5.850169609276711924e-01,5.851405784839545099e-01
3.113499999999999948e-03,-5.850193717690375106e-01,-5.850218947886005605e-01,9.999945941668613170e-01,-5.850199798251912719e-01,1.999992792222589078e+00,-5.850203183628107650e-01,5.851385278765857123e-01
3.124500000000000541e-03,-5.850193635003335668e-01,-5.850203243937963649e-01,9.999977994847435436e-01,-5.850215970690040290e-01,1.999997065979701727e+00,-5.850211550243396008e-01,5.851376802269194766e-01
3.135500000000000266e-03,-5.850193552316290679e-01,-5.850276708813432203e-01,9.999903244880727904e-01,-5.850173522191250974e-01,1.999987099317622530e+00,-5.850170438675860174e-01,5.851457913607007733e-01
3.146500000000000859e-03,-5.850193469629250131e-01,-5.850260711181901607e-01,9.999872588597380485e-01,-5.850125631011952043e-01,1.999983011813236899e+00,-5.850122380177196213e-01,5.851416715744113262e-01
3.150016274121093720e-03,-5.850193443197405641e-01,-5.850211262450144556e-01,9.999933048826719073e-01,-5.850126289627421983e-01,1.999991073177028955e+00,-5.850125045659925194e-01,5.851367403776499554e-01
3.151545747412082266e-03,-5.850193431700361213e-01,-5.850197549875651992e-01,9.999957578881402132e-01,-5.850130375406934480e-01,1.999994343850937772e+00,-5.850136417908581299e-01,5.851361817887147376e-01
3.162499999999999513e-03,-5.850193349357210026e-01,-5.850162452321888695e-01,1.000002082434458650e+00,-5.850173600138033336e-01,2.000002776579237196e+00,-5.850172141980014562e-01,5.851332986018340510e-01
3.170008111328124871e-03,-5.850193296305901125e-01,-5.850168274831621940e-01,1.000001721024074364e+00,-5.850150045232078710e-01,2.000002294698731919e+00,-5.850146284117732076e-01,5.851339129271465600e-01
3.172556822265565520e-03,-5.850196477033814402e-01,-5.850172384859632091e-01,1.000001371124036309e+00,-5.850151721086364054e-01,2.000001828165354212e+00,-5.850154512610148405e-01,5.851344367956625714e-01
3.183500000000000132e-03,-5.850206753062719978e-01,-5.850194053615438428e-01,9.999988289228810556e-01,-5.850163085124800988e-01,1.999998438563864500e+00,-5.850158520864107148e-01,5.851366511803492987e-01
3.194500000000000724e-03,-5.850213163791865290e-01,-5.850195469318300034e-01,9.999973655043362664e-01,-5.850120826761691095e-01,1.999996487339167572e+00,-5.850120142923873612e-01,5.851360961810234684e-01
3.205499999999999582e-03,-5.850217137085597097e-01,-5.850170253717170699e-01,1.000001480727434222e+00,-5.850172882432336241e-01,2.000001974303216468e+00,-5.850182579325662324e-01,5.851341354913307535e-01
3.216500000000000175e-03,-5.850219599592813013e-01,-5.850217584425559947e-01,9.999969626377324117e-01,-5.850179136080242426e-01,1.999995950183703464e+00,-5.850169778051119707e-01,5.851395155832872508e-01
3.227500000000000768e-03,-5.850221125674839318e-01,-5.850230912106990644e-01,9.999931350080408787e-01,-5.850177502410351948e-01,1.999990846677524248e+00,-5.850186209963446071e-01,5.851397791863761633e-01
3.238500000000000493e-03,-5.850222071335934304e-01,-5.850190223836125858e-01,9.999980086689574943e-01,-5.850245818368448036e-01,1.999997344891982998e+00,-5.850250900757633099e-01,5.851356306485393510e-01
3.249250000000000835e-03,-5.850222646796546799e-01,-5.850223767257043406e-01,9.999957444178028121e-01,-5.850175536647798102e-01,1.999994325890488200e+00,-5.850163718336305330e-01,5.851399068111625690e-01
3.260000000000000311e-03,-5.850223007146916343e-01,-5.850213351888952085e-01,9.999955023725447534e-01,-5.850147620984635921e-01,1.999994003163482414e+00,-5.850148149658664920e-01,5.851381209680358575e-01
3.270100000000000610e-03,-5.850223221861745593e-01,-5.850235491049506908e-01,9.999937432339218724e-01,-5.850141703050711905e-01,1.999991657645353360e+00,-5.850140685367494209e-01,5.851407050449096703e-01
3.280300000000000316e-03,-5.850223361139206268e-01,-5.850143946270792705e-01,1.000002542639758518e+00,-5.850171686573728547e-01,2.000003390186293917e+00,-5.850177333560605542e-01,5.851307478882162849e-01
3.290700000000000569e-03,-5.850223451690131915e-01,-5.850178885002096374e-01,1.000001310754281780e+00,-5.850234772828806218e-01,2.000001747672349506e+00,-5.850236344747903328e-01,5.851357897226839855e-01
3.301500000000000181e-03,-5.850223510804044569e-01,-5.850306617147312815e-01,9.999857270948040444e-01,-5.850213040434264489e-01,1.999980969460022129e+00,-5.850201458680889255e-01,5.851473606398382987e-01
3.312500000000000774e-03,-5.850223548055843992e-01,-5.850237914744765844e-01,9.999921520684383891e-01,-5.850137242781463520e-01,1.999989536091407061e+00,-5.850137964765912413e-01,5.851406432302321825e-01
3.323500000000000499e-03,-5.850223570900823233e-01,-5.850230009631789407e-01,9.999939439896674553e-01,-5.850152000109370976e-01,1.999991925319676955e+00,-5.850160722689679016e-01,5.851400655780425453e-01
3.334500000000000224e-03,-5.850223584816092171e-01,-5.850234436886460054e-01,9.999933291261497992e-01,-5.850209091285764051e-01,1.999991105501665478e+00,-5.850207404237690589e-01,5.851404395676563785e-01
3.345500000000000817e-03,-5.850223593196478555e-01,-5.850243409513041781e-01,9.999926388603352923e-01,-5.850187867561582600e-01,1.999990185147259902e+00,-5.850185092750866955e-01,5.851415579382589494e-01
3.356500000000000542e-03,-5.850223598146203630e-01,-5.850230547176622498e-01,9.999929194556523848e-01,-5.850170987494023311e-01,1.999990559274343882e+00,-5.850172295053561733e-01,5.851396135719083569e-01
3.367500000000000267e-03,-5.850223600969526316e-01,-5.850192664725886171e-01,9.999979528328194478e-01,-5.850221932827012195e-01,1.999997270443799824e+00,-5.850228268231476569e-01,5.851359963539276565e-01
3.378500000000000860e-03,-5.850223602474835527e-01,-5.850190929370837623e-01,9.999989523906543942e-01,-5.850216720524676894e-01,1.999998603187560064e+00,-5.850212325473932440e-01,5.851362014012569945e-01
3.389250000000000335e-03,-5.850223603154097729e-01,-5.850129967095322181e-01,1.000004719299781630e+00,-5.850135289002270644e-01,2.000006292399615138e+00,-5.850128426783608449e-01,5.851292287005376291e-01
3.399999999999999811e-03,-5.850223603344896217e-01,-5.850229457676571210e-01,9.999965468315038519e-01,-5.850228023515980924e-01,1.999995395775407081e+00,-5.850236035066027629e-01,5.851412055866206385e-01
3.410100000000000110e-03,-5.850223603242921122e-01,-5.850234784599417370e-01,9.999931287172594274e-01,-5.850221136576169156e-01,1.999990838289815720e+00,-5.850221158688360124e-01,5.851404065184797609e-01
3.420300000000000683e-03,-5.850223602963816605e-01,-5.850229282613527149e-01,9.999938480593832946e-01,-5.850157207448036800e-01,1.999991797412633332e+00,-5.850152089889280038e-01,5.851397652412393402e-01
3.430700000000000069e-03,-5.850223602562383274e-01,-5.850183591179638487e-01,9.999990406996790426e-01,-5.850157492132497250e-01,1.999998720932924634e+00,-5.850165560465453440e-01,5.851358876122985109e-01
3.441500000000000548e-03,-5.850223602066227935e-01,-5.850324230742955933e-01,9.999838350429985923e-01,-5.850270176344850581e-01,1.999978446724319348e+00,-5.850257826331023425e-01,5.851492193897140925e-01
3.452500000000000274e-03,-5.850223601508741655e-01,-5.850256624853821252e-01,9.999893893270885847e-01,-5.850159438504775045e-01,1.999985852436328981e+00,-5.850159849799337897e-01,5.851421510548674432e-01
3.463500000000000866e-03,-5.850223600918549316e-01,-5.850215974428565335e-01,9.999955570310720132e-01,-5.850186590467165715e-01,1.999994076041517577e+00,-5.850195320916674602e-01,5.851386743960311776e-01
3.474500000000000591e-03,-5.850223600308075422e-01,-5.850207481290236045e-01,9.999959099439389432e-01,-5.850259617113340305e-01,1.999994546591999933e+00,-5.850265380864808629e-01,5.851373332740833488e-01
3.485500000000001184e-03,-5.850223599685030473e-01,-5.850213942165721770e-01,9.999973298168254310e-01,-5.850244456066356902e-01,1.999996439755820310e+00,-5.850229379737664770e-01,5.851391483862012910e-01
3.496500000000000909e-03,-5.850223599054199530e-01,-5.850264501664804717e-01,9.999899681038821875e-01,-5.850215635706608186e-01,1.999986624138708757e+00,-5.850227884778219645e-01,5.851436229503305109e-01
3.507500000000000635e-03,-5.850223598418538007e-01,-5.850229538071942681e-01,9.999926033422918970e-01,-5.850175744097847463e-01,1.999990137789869449e+00,-5.850162654250220529e-01,5.851393051022729663e-01
3.518500000000001227e-03,-5.850223597779878881e-01,-5.850229845735023249e-01,9.999945369165699205e-01,-5.850199739413162181e-01,1.999992715888868400e+00,-5.850207023060545186e-01,5.851402980946995847e-01
3.529250000000000269e-03,-5.850223597153947352e-01,-5.850140429934265196e-01,1.000002579705068895e+00,-5.850154379484885370e-01,2.000003439606707456e+00,-5.850149528856277703e-01,5.851298684279429008e-01
3.540000000000000178e-03,-5.850223596526900049e-01,-5.850199297024334388e-01,9.999995228279293658e-01,-5.850203192390051044e-01,1.999999363770582184e+00,-5.850205868000570852e-01,5.851378166324850971e-01
3.550099999999999610e-03,-5.850223595937127374e-01,-5.850125449084137008e-01,1.000005017190624956e+00,-5.850149287696297939e-01,2.000006689587400022e+00,-5.850147108701680976e-01,5.851288646264538595e-01
3.560300000000000183e-03,-5.850223595341115246e-01,-5.850265096387947672e-01,9.999927582621604971e-01,-5.850228723096899675e-01,1.999990344349691362e+00,-5.850229398420812021e-01,5.851447530885406367e-01
3.570006500000000305e-03,-5.850223594773711344e-01,-5.850294142422464150e-01,9.999863156439240397e-01,-5.850131029502562141e-01,1.999981754192170724e+00,-5.850122312645964495e-01,5.851466000607040696e-01
3.570021069999999765e-03,-5.850220833472088433e-01,-5.850294165709428729e-01,9.999863121471880278e-01,-5.850130903264335602e-01,1.999981749529855746e+00,-5.850122289495434114e-01,5.851463007297950103e-01
3.570031489999999762e-03,-5.850175572730739182e-01,-5.850293895004948785e-01,9.999863096933215845e-01,-5.850130812820094617e-01,1.999981746258034265e+00,-5.850121985956446835e-01,5.851417571978783094e-01
3.574177809999681040e-03,-5.850175541562832038e-01,-5.850197876103288008e-01,9.999941337280875420e-01,-5.850084138023239344e-01,1.999992178304233370e+00,-5.850083745830114701e-01,5.851351673382850782e-01
3.585500000000000579e-03,-5.850175456453893252e-01,-5.850094246987560531e-01,1.000010825453343299e+00,-5.850125607118459303e-01,2.000014433937575831e+00,-5.850132539507433282e-01,5.851265350215215655e-01
3.596500000000001172e-03,-5.850175373766849374e-01,-5.850128234587088638e-01,1.000007557809420078e+00,-5.850169121462136523e-01,2.000010077079076520e+00,-5.850170948146340422e-01,5.851303314868400163e-01
3.607500000000000897e-03,-5.850175291079809936e-01,-5.850170787384251225e-01,1.000001874343208419e+00,-5.850188473921194010e-01,2.000002499124240440e+00,-5.850190749948066538e-01,5.851343867778235897e-01
3.618500000000000622e-03,-5.850175208392774939e-01,-5.850182021368992569e-01,9.999998628781867627e-01,-5.850175540847248890e-01,1.999999817170918348e+00,-5.850173331432769741e-01,5.851352134683599493e-01
3.629250000000000531e-03,-5.850175127584987811e-01,-5.850161721264512948e-01,1.000001853482332281e+00,-5.850177848497845057e-01,2.000002471309739516e+00,-5.850179277589854232e-01,5.851329269869411931e-01
3.640000000000000440e-03,-5.850175046777205123e-01,-5.850147626585823213e-01,1.000003893142999978e+00,-5.850182715509543163e-01,2.000005190857256032e+00,-5.850182726713143433e-01,5.851316572903957347e-01
3.650100000000000740e-03,-5.850174970855464007e-01,-5.850181542144671232e-01,1.000000694199469908e+00,-5.850227746305667331e-01,2.000000925599279444e+00,-5.850231181142074854e-01,5.851354859160345923e-01
3.660300000000001313e-03,-5.850174894182024188e-01,-5.850162496366169140e-01,1.000001774388320719e+00,-5.850198089933201784e-01,2.000002365851059061e+00,-5.850196460891913253e-01,5.851330426698684306e-01
3.670699999999999831e-03,-5.850174816005179190e-01,-5.850150947312259264e-01,1.000003612521258578e+00,-5.850204558467601013e-01,2.000004816694939791e+00,-5.850202112328597437e-01,5.851323164722046499e-01
3.681500000000000310e-03,-5.850174734821550482e-01,-5.850195105222235625e-01,9.999982299109784201e-01,-5.850144085169771691e-01,1.999997639881339717e+00,-5.850140655848883320e-01,5.851357836756128084e-01
3.692499999999999168e-03,-5.850174652134511044e-01,-5.850109372790670559e-01,1.000008975771849995e+00,-5.850164958004568927e-01,2.000011967695621617e+00,-5.850169336787419683e-01,5.851285851788251557e-01
3.703499999999999761e-03,-5.850174569447471606e-01,-5.850181163979450982e-01,1.000000753133507114e+00,-5.850137008170270825e-01,2.000001004177994535e+00,-5.850131123200232874e-01,5.851354191220442535e-01
3.714500000000000354e-03,-5.850174486760434389e-01,-5.850194846438582230e-01,9.999978855836803016e-01,-5.850130334443418567e-01,1.999997180778282369e+00,-5.850138907187263371e-01,5.851362652158914601e-01
3.725500000000000079e-03,-5.850174404073392731e-01,-5.850173136974927690e-01,1.000000621165092252e+00,-5.850194062958588015e-01,2.000000828220110272e+00,-5.850194320102313217e-01,5.851341620125395382e-01
3.736500000000000671e-03,-5.850174321386352183e-01,-5.850144208535981161e-01,1.000003783049077999e+00,-5.850210874575676456e-01,2.000005044065362281e+00,-5.850214216574161075e-01,5.851310529780502367e-01
3.747500000000000397e-03,-5.850174238699312745e-01,-5.850148611807833854e-01,1.000004655082649352e+00,-5.850247643819017629e-01,2.000006206776773432e+00,-5.850249439912755811e-01,5.851321884256315276e-01
3.758500000000000989e-03,-5.850174156012276638e-01,-5.850133401193173821e-01,1.000005156362671732e+00,-5.850176606139300128e-01,2.000006875150126540e+00,-5.850167737341247509e-01,5.851299886712807430e-01
3.769250000000000465e-03,-5.850174075204492841e-01,-5.850089126027320230e-01,1.000010496362347956e+00,-5.850126451186075105e-01,2.000013995149588997e+00,-5.850123185139409765e-01,5.851254850310625422e-01
3.779999999999999940e-03,-5.850173994396706822e-01,-5.850143904960510843e-01,1.000006010563579517e+00,-5.850167637625914852e-01,2.000008014084653230e+00,-5.850170843500175355e-01,5.851320854795653004e-01
3.790100000000000240e-03,-5.850173918474967927e-01,-5.850215791373155616e-01,9.999971088631545157e-01,-5.850232868454122714e-01,1.999996145150929827e+00,-5.850238554885819342e-01,5.851391058832762226e-01
3.800299999999999945e-03,-5.850173841801520336e-01,-5.850091731782502968e-01,1.000008226834541158e+00,-5.850172157339192935e-01,2.000010969112558268e+00,-5.850170197965689489e-01,5.851252001964812877e-01
3.810700000000000198e-03,-5.850173763624676448e-01,-5.850109831083251111e-01,1.000009408582276382e+00,-5.850200106562971625e-01,2.000012544776181400e+00,-5.850200570502160913e-01,5.851282382941578319e-01
3.821500000000000678e-03,-5.850173682441037748e-01,-5.850132270098932219e-01,1.000006404912937130e+00,-5.850206833254592009e-01,2.000008539883788572e+00,-5.850206986298938094e-01,5.851303786257950890e-01
3.832500000000000403e-03,-5.850173599754003861e-01,-5.850157721470895522e-01,1.000003994099099236e+00,-5.850209984476442138e-01,2.000005325465386452e+00,-5.850211243959254626e-01,5.851335396171384318e-01
3.843500000000000996e-03,-5.850173517066967754e-01,-5.850188487585646913e-01,9.999969287017831387e-01,-5.850155557724265876e-01,1.999995904935771840e+00,-5.850137912305882759e-01,5.851344164121295988e-01
3.854499999999999853e-03,-5.850173434379931647e-01,-5.850089220100486154e-01,1.000011701590080904e+00,-5.850126545087737107e-01,2.000015602119875169e+00,-5.850141246982103471e-01,5.851262472499793033e-01
3.865500000000000446e-03,-5.850173351692892210e-01,-5.850140141417662365e-01,1.000006357502449372e+00,-5.850176303383763932e-01,2.000008476669806079e+00,-5.850169958019444394e-01,5.851316627667988435e-01
3.876500000000000171e-03,-5.850173269005852772e-01,-5.850141110369102559e-01,1.000003677122674128e+00,-5.850111740709255104e-01,2.000004902830159192e+00,-5.850109363782760585e-01,5.851304863501727294e-01
3.887500000000000764e-03,-5.850173186318811114e-01,-5.850118720599404298e-01,1.000007883614500770e+00,-5.850131813453204321e-01,2.000010511485844855e+00,-5.850134579679984181e-01,5.851289647370283564e-01
3.898500000000000489e-03,-5.850173103631766125e-01,-5.850229306059523404e-01,9.999969263644485906e-01,-5.850212256204030403e-01,1.999995901819325628e+00,-5.850219063912929229e-01,5.851413673036915952e-01
3.909250000000000398e-03,-5.850173022823977886e-01,-5.850235048726472042e-01,9.999925099818989249e-01,-5.850255467759890582e-01,1.999990013309347336e+00,-5.850262097043708032e-01,5.851401453141883424e-01
3.919999999999999873e-03,-5.850172942016189648e-01,-5.850213995648855247e-01,9.999955349707910779e-01,-5.850188714949906554e-01,1.999994046627810107e+00,-5.850179640326950148e-01,5.851382407433571853e-01
3.930099999999999739e-03,-5.850172866094449642e-01,-5.850230731002920015e-01,9.999942031349787763e-01,-5.850152028338908572e-01,1.999992270846753462e+00,-5.850148967615187434e-01,5.851401976583401332e-01
3.940299999999999012e-03,-5.850172789421012043e-01,-5.850167230876617275e-01,1.000000267191725412e+00,-5.850170608185661925e-01,2.000000356255628553e+00,-5.850173348355501846e-01,5.851332600120345839e-01
3.950699999999998831e-03,-5.850172711244172596e-01,-5.850183859886700644e-01,1.000000021780240278e+00,-5.850169803059125373e-01,2.000000029040320371e+00,-5.850170413486823762e-01,5.851354430153463682e-01
3.961499999999999744e-03,-5.850172630060537227e-01,-5.850172096775407837e-01,1.000000809196825324e+00,-5.850202347240561762e-01,2.000001078929084741e+00,-5.850203287161900301e-01,5.851340756529771481e-01
3.972499999999999469e-03,-5.850172547373500009e-01,-5.850159963558988485e-01,1.000002561127866674e+00,-5.850191350281436220e-01,2.000003414837104643e+00,-5.850191030114768598e-01,5.851330563419471220e-01
3.983499999999999194e-03,-5.850172464686460572e-01,-5.850173724072559311e-01,1.000001416597968706e+00,-5.850189004036824292e-01,2.000001888797263483e+00,-5.850192148394574021e-01,5.851346801399277542e-01
3.994500000000000654e-03,-5.850172381999421134e-01,-5.850190624132556305e-01,9.999985060038810714e-01,-5.850203181944853004e-01,1.999998008005204442e+00,-5.850203105439950590e-01,5.851358916438497149e-01
4.005500000000000380e-03,-5.850172299312385027e-01,-5.850181544219134055e-01,9.999999964291951260e-01,-5.850188702510976668e-01,1.999999995238926909e+00,-5.850184553265582732e-01,5.851352123828232887e-01
4.016500000000000105e-03,-5.850172216625348920e-01,-5.850146047754403167e-01,1.000002894924579389e+00,-5.850127170395899023e-01,2.000003859899381897e+00,-5.850119304278272869e-01,5.851309082667607298e-01
4.027499999999999830e-03,-5.850172133938311703e-01,-5.850151858608839683e-01,1.000004758196365584e+00,-5.850124191455496891e-01,2.000006344261726188e+00,-5.850123291046056551e-01,5.851327624101249070e-01
4.038500000000001290e-03,-5.850172051251272265e-01,-5.850180824832721393e-01,1.000000242014750906e+00,-5.850141722699488955e-01,2.000000322686329657e+00,-5.850144611350702739e-01,5.851352046222366710e-01
4.049250000000000765e-03,-5.850171970443487357e-01,-5.850146353034320068e-01,1.000003338656184182e+00,-5.850196644016861791e-01,2.000004451541512740e+00,-5.850205246573967344e-01,5.851311845150461988e-01
4.059999999999999373e-03,-5.850171889635702449e-01,-5.850178619140221636e-01,1.000001190624225655e+00,-5.850197511323228516e-01,2.000001587498943856e+00,-5.850195808469286218e-01,5.851353121923674738e-01
4.070100000000000974e-03,-5.850171813713964664e-01,-5.850219173821031848e-01,9.999960360397748271e-01,-5.850158884772356238e-01,1.999994714719778521e+00,-5.850154617232544707e-01,5.851391689746405778e-01
4.080300000000000246e-03,-5.850171737040523734e-01,-5.850106458201740356e-01,1.000006736942390617e+00,-5.850136443563230815e-01,2.000008982589720485e+00,-5.850136864959758487e-01,5.851269649569391662e-01
4.090700000000000065e-03,-5.850171658863686508e-01,-5.850191408025572359e-01,1.000000500021403838e+00,-5.850182486107303736e-01,2.000000666695195495e+00,-5.850186036709787984e-01,5.851365751295866113e-01
4.101499999999999244e-03,-5.850171577680058910e-01,-5.850180364433197333e-01,9.999995248355556532e-01,-5.850230288439327575e-01,1.999999366447416937e+00,-5.850227856556716732e-01,5.851346157476513543e-01
4.112499999999998969e-03,-5.850171494993029464e-01,-5.850138117953758154e-01,1.000005248146076386e+00,-5.850172654473724254e-01,2.000006997527997932e+00,-5.850173253401577123e-01,5.851310431049782101e-01
4.123499999999998694e-03,-5.850171412305992247e-01,-5.850151998413860577e-01,1.000003063579626872e+00,-5.850163339780233285e-01,2.000004084772775137e+00,-5.850161899037952251e-01,5.851318357168461270e-01
4.134500000000000154e-03,-5.850171329618965022e-01,-5.850113797155366280e-01,1.000007727624633969e+00,-5.850190742445809944e-01,2.000010303499358599e+00,-5.850196926432609246e-01,5.851281054354064981e-01
4.145499999999999879e-03,-5.850171246931934466e-01,-5.850148621228089540e-01,1.000006285474998924e+00,-5.850199683696620800e-01,2.000008380633207405e+00,-5.850191754894384921e-01,5.851330327264323561e-01
4.156499999999999605e-03,-5.850171164244901689e-01,-5.850220309335766311e-01,9.999954055168120970e-01,-5.850163077532012368e-01,1.999993874022507612e+00,-5.850167513024818744e-01,5.851391691577818577e-01
4.167500000000001065e-03,-5.850171081557867803e-01,-5.850184976677443860e-01,9.999981750022188809e-01,-5.850165535979622300e-01,1.999997566669661442e+00,-5.850163095475792163e-01,5.851348659014891096e-01
4.178500000000000790e-03,-5.850170998870828365e-01,-5.850154323826979308e-01,1.000003049931698307e+00,-5.850208836307637661e-01,2.000004066575537198e+00,-5.850215723758735997e-01,5.851323233114851252e-01
4.189250000000000265e-03,-5.850170918063037906e-01,-5.850184000802256534e-01,1.000000412155078955e+00,-5.850275228494302704e-01,2.000000549540097428e+00,-5.850283810986446342e-01,5.851357974302654474e-01
4.200000000000000608e-03,-5.850170837255259659e-01,-5.850189344543669234e-01,9.999989004558009764e-01,-5.850249268058945740e-01,1.999998533941089729e+00,-5.850246999213298826e-01,5.851359210859019555e-01
4.210100000000000474e-03,-5.850170761333526315e-01,-5.850184457925331483e-01,9.999994371665767989e-01,-5.850136165279026246e-01,1.999999249555446834e+00,-5.850122817419199928e-01,5.851354191046942432e-01
4.220299999999999746e-03,-5.850170684660087606e-01,-5.850200860483866228e-01,9.999978386196508584e-01,-5.850225502831408741e-01,1.999997118159577481e+00,-5.850233924403153152e-01,5.851370212461203257e-01
4.230699999999999565e-03,-5.850170606483249269e-01,-5.850126917511966340e-01,1.000005330884007337e+00,-5.850220341738383567e-01,2.000007107845237275e+00,-5.850225281365905028e-01,5.851296132635718239e-01
4.241500000000000478e-03,-5.850170525299622781e-01,-5.850181577696039747e-01,1.000000556925179973e+00,-5.850278735222262938e-01,2.000000742566895529e+00,-5.850270663272196803e-01,5.851350471576215462e-01
4.252500000000000203e-03,-5.850170442612591115e-01,-5.850145495174661203e-01,1.000003463232280954e+00,-5.850178931519799397e-01,2.000004617642972438e+00,-5.850180050388495978e-01,5.851310408760357351e-01
4.263499999999999929e-03,-5.850170359925553898e-01,-5.850107021503210269e-01,1.000009331132963197e+00,-5.850226545861988425e-01,2.000012441510432115e+00,-5.850230605360201563e-01,5.851279239064363091e-01
4.274499999999999654e-03,-5.850170277238518901e-01,-5.850137169464448839e-01,1.000006131460142722e+00,-5.850217083907055526e-01,2.000008175280068468e+00,-5.850210609191607292e-01,5.851310757785934680e-01
4.285499999999999379e-03,-5.850170194551483904e-01,-5.850149496921626113e-01,1.000003441199690757e+00,-5.850182028310704219e-01,2.000004588266186101e+00,-5.850183517883714712e-01,5.851317130728317384e-01
4.296499999999999105e-03,-5.850170111864456679e-01,-5.850165593414561327e-01,1.000002958717066459e+00,-5.850192402043453699e-01,2.000003944956029400e+00,-5.850189043784704834e-01,5.851340953898062081e-01
4.307500000000000565e-03,-5.850170029177431674e-01,-5.850156655408774720e-01,1.000001964986905634e+00,-5.850165854297998402e-01,2.000002619982502061e+00,-5.850164976233210856e-01,5.851321623596634769e-01
4.318500000000000290e-03,-5.850169946490406669e-01,-5.850198094648426661e-01,9.999994721275183851e-01,-5.850175890061223294e-01,1.999999296170035024e+00,-5.850174096731718398e-01,5.851376021684228101e-01
4.329249999999999765e-03,-5.850169865682628423e-01,-5.850172022390289772e-01,9.999999430071827566e-01,-5.850201647419841500e-01,1.999999924009578045e+00,-5.850208446593028189e-01,5.851336507060318493e-01
4.340000000000000108e-03,-5.850169784874855727e-01,-5.850200251282675623e-01,9.999984511411420529e-01,-5.850212514262475016e-01,1.999997934854886861e+00,-5.850211637805913245e-01,5.851374506691046085e-01
4.350001000000000041e-03,-5.850169709697318199e-01,-5.850171479852362966e-01,1.000000397330495172e+00,-5.850248760225749134e-01,2.000000529773985569e+00,-5.850256129374571401e-01,5.851337860849645800e-01
4.350022608115234647e-03,-5.850169709534895901e-01,-5.850171403518114044e-01,1.000000407138880387e+00,-5.850248887996963854e-01,2.000000542851832375e+00,-5.850255836952423794e-01,5.851338024447509945e-01
4.356545747412260416e-03,-5.850169660500447177e-01,-5.850209809652745507e-01,9.999979163503183166e-01,-5.850197957486468203e-01,1.999997221800465796e+00,-5.850185123150009048e-01,5.851387411985631282e-01
4.367499999999999855e-03,-5.850169578157303762e-01,-5.850208840025478141e-01,9.999954311671275242e-01,-5.850165275876565429e-01,1.999993908222927663e+00,-5.850172147692853653e-01,5.851373551420431252e-01
4.370015666015624259e-03,-5.850169598089240974e-01,-5.850195426003382826e-01,9.999970780951618066e-01,-5.850183209419501651e-01,1.999996104126940510e+00,-5.850190390009505359e-01,5.851360283646511729e-01
4.377556822265388919e-03,-5.850194250942349905e-01,-5.850225045615665698e-01,9.999955304487835317e-01,-5.850211620899461451e-01,1.999994040598466638e+00,-5.850212444565712211e-01,5.851399967180851425e-01
4.388500000000001774e-03,-5.850218303951466581e-01,-5.850251137961058889e-01,9.999914931691743503e-01,-5.850145484288056252e-01,1.999988657559068184e+00,-5.850136980550969534e-01,5.851422194745687921e-01
4.399250000000000382e-03,-5.850233042343743195e-01,-5.850285851548877591e-01,9.999877270187363942e-01,-5.850125301131683386e-01,1.999983636025225664e+00,-5.850124799440403756e-01,5.851459611508776915e-01
4.410000000000001592e-03,-5.850242277226070930e-01,-5.850164038518405052e-01,9.999991098307995374e-01,-5.850182674990389575e-01,1.999998813107750406e+00,-5.850192323040122044e-01,5.851319667280034942e-01
4.420099999999999724e-03,-5.850247785146145407e-01,-5.850319607532645794e-01,9.999865696123089176e-01,-5.850238295077888617e-01,1.999982092816678714e+00,-5.850236932736246898e-01,5.851505237174690066e-01
4.430300000000000731e-03,-5.850251363175333896e-01,-5.850198293922360682e-01,9.999948130486466802e-01,-5.850145703975294653e-01,1.999993084064965343e+00,-5.850144371239338614e-01,5.851357857558268094e-01
4.440699999999998815e-03,-5.850253694842807439e-01,-5.850212962047792731e-01,9.999965485816098010e-01,-5.850211970620777802e-01,1.999995398108881828e+00,-5.850211240366876009e-01,5.851385685792703795e-01
4.451499999999999728e-03,-5.850255222782043685e-01,-5.850236415393400558e-01,9.999930978727060715e-01,-5.850154422802067433e-01,1.999990797163745171e+00,-5.850148469744194113e-01,5.851402937290275386e-01
4.462499999999999453e-03,-5.850256191675394790e-01,-5.850213463091668009e-01,9.999974826465239941e-01,-5.850130239449583547e-01,1.999996643528748841e+00,-5.850139066146818889e-01,5.851397656789369961e-01
4.473500000000000913e-03,-5.850256791976297110e-01,-5.850333926887687497e-01,9.999809525985732250e-01,-5.850144120228306654e-01,1.999974603465142442e+00,-5.850140313805408665e-01,5.851500325259529900e-01
4.484500000000000638e-03,-5.850257163813920025e-01,-5.850287230215962531e-01,9.999858321276605677e-01,-5.850157105892082043e-01,1.999981109503828902e+00,-5.850158137506797917e-01,5.851452687515101836e-01
4.495500000000000364e-03,-5.850257394043986148e-01,-5.850233694235562609e-01,9.999923463762611098e-01,-5.850201197499669270e-01,1.999989795168499951e+00,-5.850209502533813000e-01,5.851398498251324520e-01
4.506500000000001824e-03,-5.850257536501978217e-01,-5.850209493167793928e-01,9.999965824393538538e-01,-5.850213553506350417e-01,1.999995443252539751e+00,-5.850206153785388885e-01,5.851380372883634440e-01
4.517499999999999814e-03,-5.850257624556525204e-01,-5.850271433569659285e-01,9.999905758398027755e-01,-5.850214575309483633e-01,1.999987434453257773e+00,-5.850218355633011180e-01,5.851450431149262110e-01
4.528500000000001274e-03,-5.850257678890390389e-01,-5.850266140073009380e-01,9.999883949170692565e-01,-5.850199855549652606e-01,1.999984526556322750e+00,-5.850198997050461980e-01,5.851431314493461544e-01
4.539250000000001617e-03,-5.850257711730521004e-01,-5.850221936787278754e-01,9.999940830119092849e-01,-5.850122806775288620e-01,1.999992110682663471e+00,-5.850113502436374846e-01,5.851388101238721440e-01
4.549999999999999357e-03,-5.850257732073400607e-01,-5.850286683356563655e-01,9.999884864583454824e-01,-5.850140802087853142e-01,1.999984648611355942e+00,-5.850142496376289358e-01,5.851464688488851040e-01
4.560100000000000958e-03,-5.850257743991111870e-01,-5.850246303067428988e-01,9.999907654616282393e-01,-5.850239172002043020e-01,1.999987687282354543e+00,-5.850250766552694826e-01,5.851411338754513025e-01
4.570300000000000230e-03,-5.850257751520629990e-01,-5.850223084839211163e-01,9.999943624660229125e-01,-5.850232649233753079e-01,1.999992483288142608e+00,-5.850229555234274237e-01,5.851392880367118909e-01
4.580700000000001784e-03,-5.850257756208273596e-01,-5.850267992971961428e-01,9.999901055866767807e-01,-5.850188343568890614e-01,1.999986807449099180e+00,-5.850185909354131963e-01,5.851441378178586783e-01
4.591499999999999228e-03,-5.850257759047484685e-01,-5.850283679346680588e-01,9.999870610971367535e-01,-5.850193805874677189e-01,1.999982748129772503e+00,-5.850191536937229264e-01,5.851449484246414867e-01
4.602500000000000688e-03,-5.850257760605547253e-01,-5.850236980188167069e-01,9.999931171172555811e-01,-5.850186918180089179e-01,1.999990822823144221e+00,-5.850190200375217087e-01,5.851410869890135702e-01
4.613499999999998678e-03,-5.850257761326618233e-01,-5.850267028987630180e-01,9.999889519742732880e-01,-5.850149222563533202e-01,1.999985269299250801e+00,-5.850134227296491796e-01,5.851434071147312288e-01
4.624500000000000138e-03,-5.850257761528888656e-01,-5.850256574957219957e-01,9.999912265113131138e-01,-5.850098290395540079e-01,1.999988302015258457e+00,-5.850110974499520555e-01,5.851430361913232403e-01
4.635499999999999864e-03,-5.850257761409605184e-01,-5.850290310470539490e-01,9.999868302507308737e-01,-5.850117315679738139e-01,1.999982440334569622e+00,-5.850105132432293908e-01,5.851462408105375657e-01
4.646500000000001324e-03,-5.850257761091008923e-01,-5.850260802562974316e-01,9.999885647305978287e-01,-5.850093782277046017e-01,1.999984752974357516e+00,-5.850103522014519219e-01,5.851423463778689937e-01
4.657500000000001049e-03,-5.850257760648873706e-01,-5.850205084419480839e-01,9.999962588375014283e-01,-5.850146194638053965e-01,1.999995011783409771e+00,-5.850146345708309159e-01,5.851371673051345423e-01
4.668500000000000774e-03,-5.850257760130157525e-01,-5.850236596289174473e-01,9.999942620133173143e-01,-5.850150855424773866e-01,1.999992349351203735e+00,-5.850149583668807773e-01,5.851412454763543769e-01
4.679250000000001117e-03,-5.850257759577233152e-01,-5.850302495016781457e-01,9.999861680025069477e-01,-5.850131312980035858e-01,1.999981557336950599e+00,-5.850129274175931426e-01,5.851478782250064681e-01
4.690000000000000592e-03,-5.850257758995942581e-01,-5.850263042855202711e-01,9.999886243325326607e-01,-5.850169843101001854e-01,1.999984832443602700e+00,-5.850176633955894712e-01,5.851427501545868326e-01
4.700100000000000458e-03,-5.850257758433453636e-01,-5.850273186382095592e-01,9.999888765169934191e-01,-5.850159915223919205e-01,1.999985168689545567e+00,-5.850157295634504928e-01,5.851444946380026657e-01
4.710300000000001465e-03,-5.850257757855163998e-01,-5.850288334140647528e-01,9.999869371981857658e-01,-5.850180581860295881e-01,1.999982582931173702e+00,-5.850184320079904188e-01,5.851459633786278980e-01
4.720699999999999549e-03,-5.850257757258744418e-01,-5.850294250982548405e-01,9.999859254634145822e-01,-5.850248934111652588e-01,1.999981233951499071e+00,-5.850249381037754270e-01,5.851462572721199962e-01
4.731500000000000462e-03,-5.850257756634791306e-01,-5.850255790562999270e-01,9.999901149432181002e-01,-5.850192025857958722e-01,1.999986819924487458e+00,-5.850186118110206612e-01,5.851424865055929736e-01
4.742500000000000188e-03,-5.850257755996254305e-01,-5.850264151186858053e-01,9.999904816498518256e-01,-5.850138482264376494e-01,1.999987308866658209e+00,-5.850146306050204581e-01,5.851440480044566295e-01
4.753500000000001648e-03,-5.850257755355806610e-01,-5.850293615716168905e-01,9.999844792703895813e-01,-5.850190982365980341e-01,1.999979305694161047e+00,-5.850190103234392813e-01,5.851453235587721347e-01
4.764499999999999638e-03,-5.850257754714180969e-01,-5.850202616884496720e-01,9.999965290376443550e-01,-5.850193136834562768e-01,1.999995372050261455e+00,-5.850185144569205464e-01,5.851369717253611658e-01
4.770014032812500485e-03,-5.850257754392250709e-01,-5.850186688814420499e-01,9.999986680904570102e-01,-5.850141381623986669e-01,1.999998224120635992e+00,-5.850131603081296650e-01,5.851353908662112469e-01
4.770025410000004219e-03,-5.850231214104644195e-01,-5.850186591617824172e-01,9.999986721759833719e-01,-5.850141270935338422e-01,1.999998229568004104e+00,-5.850131546063377375e-01,5.851327379398925110e-01
4.770048850000017243e-03,-5.850203755741248957e-01,-5.850185346718124180e-01,9.999986811962920941e-01,-5.850141032787824491e-01,1.999998241595082105e+00,-5.850130388796292991e-01,5.851299949190714722e-01
4.779088905000550974e-03,-5.850203687787119966e-01,-5.850141404053252892e-01,1.000005164821980541e+00,-5.850143278564996496e-01,2.000006886429204656e+00,-5.850144431675972090e-01,5.851312856824143482e-01
4.789999999999999987e-03,-5.850203605768378168e-01,-5.850190694826548077e-01,9.999998377987564524e-01,-5.850206961543727990e-01,1.999999783731678304e+00,-5.850213155551003963e-01,5.851365906875717338e-01
4.800099999999999853e-03,-5.850203529846630390e-01,-5.850247599640080454e-01,9.999928675915740195e-01,-5.850261843399542361e-01,1.999990490122240283e+00,-5.850265440901001313e-01,5.851422559172987370e-01
4.810300000000000860e-03,-5.850203453173180579e-01,-5.850225905288403139e-01,9.999938233983007851e-01,-5.850137521001580465e-01,1.999991764531190430e+00,-5.850129322381866226e-01,5.851394699153803503e-01
4.820700000000000679e-03,-5.850203374996330030e-01,-5.850255526058457667e-01,9.999911281614893843e-01,-5.850170398038706532e-01,1.999988170882161853e+00,-5.850171279685323356e-01,5.851421545728781037e-01
4.831499999999999857e-03,-5.850203293812690220e-01,-5.850150457494394107e-01,1.000002542923908777e+00,-5.850173310474895416e-01,2.000003390565161077e+00,-5.850177043049672454e-01,5.851322224371536818e-01
4.842500000000001317e-03,-5.850203211125649672e-01,-5.850190327553514980e-01,9.999987084701151829e-01,-5.850161845599981536e-01,1.999998277960179038e+00,-5.850155819856042161e-01,5.851356788523733865e-01
4.853499999999999308e-03,-5.850203128438605793e-01,-5.850174523639081192e-01,1.000001875327235501e+00,-5.850148385012858832e-01,2.000002500436276698e+00,-5.850153270349675028e-01,5.851352034318049178e-01
4.864500000000000768e-03,-5.850203045751559694e-01,-5.850208869495288067e-01,9.999954163061637313e-01,-5.850175792230928318e-01,1.999993888408309273e+00,-5.850181392215177967e-01,5.851372325518998663e-01
4.875500000000000493e-03,-5.850202963064512485e-01,-5.850178322650014806e-01,1.000000807793926416e+00,-5.850206800735262558e-01,2.000001077058552568e+00,-5.850200200674599005e-01,5.851351190706849392e-01
4.886500000000001953e-03,-5.850202880377467496e-01,-5.850145507590635008e-01,1.000002602642637850e+00,-5.850175348028144873e-01,2.000003470190131694e+00,-5.850179648131260679e-01,5.851306729746500457e-01
4.897499999999999944e-03,-5.850202797690425838e-01,-5.850218406916566360e-01,9.999988650182369820e-01,-5.850235979228887162e-01,1.999998486691005217e+00,-5.850236392469955193e-01,5.851405759210706048e-01
4.908500000000001404e-03,-5.850202715003377518e-01,-5.850179462116571472e-01,9.999974370776231192e-01,-5.850165876471689064e-01,1.999996582770214859e+00,-5.850162771676590268e-01,5.851336229473085293e-01
4.919250000000001746e-03,-5.850202634195584839e-01,-5.850223986465746817e-01,9.999965730928223051e-01,-5.850165572208710918e-01,1.999995430790497908e+00,-5.850162078920472242e-01,5.851403447953523740e-01
4.929999999999999487e-03,-5.850202553387799931e-01,-5.850186067029273795e-01,9.999980941117484479e-01,-5.850228781519793975e-01,1.999997458815702567e+00,-5.850239259505026768e-01,5.851350060434477030e-01
4.940100000000001088e-03,-5.850202477466064366e-01,-5.850243737132059252e-01,9.999936128127479007e-01,-5.850239915863318929e-01,1.999991483750457322e+00,-5.850236732863199896e-01,5.851419505167501089e-01
4.950299999999998625e-03,-5.850202400792621216e-01,-5.850183243507920405e-01,9.999982423461044601e-01,-5.850107891851721309e-01,1.999997656461507622e+00,-5.850101506961603581e-01,5.851348307355753731e-01
4.960700000000000179e-03,-5.850202322615773998e-01,-5.850193028231855941e-01,9.999987726780193986e-01,-5.850186544635830321e-01,1.999998363570716808e+00,-5.850192670269804829e-01,5.851363835693829119e-01
4.971500000000001092e-03,-5.850202241432128636e-01,-5.850195514956757492e-01,9.999983743819083060e-01,-5.850228374865342751e-01,1.999997832509243345e+00,-5.850220833868816639e-01,5.851367969702058192e-01
4.982499999999999082e-03,-5.850202158745084757e-01,-5.850226606874856516e-01,9.999947728234395150e-01,-5.850132650741450835e-01,1.999993030431356678e+00,-5.850138599172926002e-01,5.851398469136721570e-01
4.993500000000000542e-03,-5.850202076058043099e-01,-5.850243244426187594e-01,9.999924400060475893e-01,-5.850193283756784934e-01,1.999989920008213629e+00,-5.850192029920611159e-01,5.851414090956827962e-01
5.004500000000000268e-03,-5.850201993371002551e-01,-5.850235908201836255e-01,9.999924657166532338e-01,-5.850158682382822217e-01,1.999989954289020488e+00,-5.850151994987643489e-01,5.851402236964942105e-01
5.015500000000001728e-03,-5.850201910683955342e-01,-5.850203079032086917e-01,9.999968222142976426e-01,-5.850143268086712700e-01,1.999995762952460066e+00,-5.850148036677472740e-01,5.851371232642621489e-01
5.026499999999999718e-03,-5.850201827996905912e-01,-5.850171634788746688e-01,1.000000349442297765e+00,-5.850137162569235549e-01,2.000000465923056581e+00,-5.850131866723133900e-01,5.851337836936273407e-01
5.037500000000001178e-03,-5.850201745309868695e-01,-5.850190647618339623e-01,9.999999120830149746e-01,-5.850191140675023993e-01,1.999999882777354854e+00,-5.850201052091738019e-01,5.851366261401177438e-01
5.048500000000000903e-03,-5.850201662622825927e-01,-5.850223631818455283e-01,9.999950501684188309e-01,-5.850264030394461967e-01,1.999993400224656659e+00,-5.850269983451332756e-01,5.851395472148053223e-01
5.059250000000001246e-03,-5.850201581815034357e-01,-5.850210934449519007e-01,9.999958234428347748e-01,-5.850119803092688198e-01,1.999994431257195782e+00,-5.850101247114602998e-01,5.851378893751377763e-01
5.070000000000000721e-03,-5.850201501007238347e-01,-5.850200976498511896e-01,9.999973447880329269e-01,-5.850199164908038707e-01,1.999996459717430008e+00,-5.850211341421482913e-01,5.851370315193983318e-01
5.080099999999998853e-03,-5.850201425085497231e-01,-5.850191515688377697e-01,9.999984614474888289e-01,-5.850106557216295800e-01,1.999997948596682340e+00,-5.850096561689026586e-01,5.851360096476921901e-01
5.090299999999999860e-03,-5.850201348412048530e-01,-5.850131095413301230e-01,1.000004890950734859e+00,-5.850136830645771280e-01,2.000006521267549520e+00,-5.850141020956365345e-01,5.851297459738901141e-01
5.100699999999999679e-03,-5.850201270235202422e-01,-5.850169196213216294e-01,1.000002339965854414e+00,-5.850151013163472635e-01,2.000003119954426367e+00,-5.850148355624226193e-01,5.851343211014239376e-01
5.111500000000000592e-03,-5.850201189051559281e-01,-5.850200582395235216e-01,9.999975899230111320e-01,-5.850112203129340660e-01,1.999996786564062656e+00,-5.850115849761496900e-01,5.851366429589494045e-01
5.122499999999998582e-03,-5.850201106364518733e-01,-5.850152814746869545e-01,1.000003708047963791e+00,-5.850199609709958448e-01,2.000004944063877854e+00,-5.850207618212310834e-01,5.851327888298274438e-01
5.133500000000000042e-03,-5.850201023677473744e-01,-5.850191711446622866e-01,9.999982184060135504e-01,-5.850210351684610455e-01,1.999997624541386632e+00,-5.850201671570628426e-01,5.851357907047508577e-01
5.144500000000001502e-03,-5.850200940990426535e-01,-5.850185674704415639e-01,1.000000600748629731e+00,-5.850143800810820860e-01,2.000000800998161132e+00,-5.850136889156638542e-01,5.851362547152365590e-01
5.150010377734374166e-03,-5.850200899568906987e-01,-5.850223728954230262e-01,9.999960945633999954e-01,-5.850095739838496733e-01,1.999994792751277783e+00,-5.850086478000342538e-01,5.851400602678220597e-01
5.154556822265387965e-03,-5.850200865393271332e-01,-5.850223229545509218e-01,9.999944764097696837e-01,-5.850117233507005077e-01,1.999992635213135861e+00,-5.850122436611708832e-01,5.851391293698272600e-01
5.165500000000000820e-03,-5.850200783133366889e-01,-5.850193124899089048e-01,9.999977005958065046e-01,-5.850177023544158583e-01,1.999996934127787895e+00,-5.850176600649319436e-01,5.851359395412570885e-01
5.176500000000000545e-03,-5.850200700446320790e-01,-5.850193683090039176e-01,9.999991669998934407e-01,-5.850194611570763703e-01,1.999998889333207908e+00,-5.850197104529468728e-01,5.851367586990222636e-01
5.187500000000002005e-03,-5.850200617759273580e-01,-5.850169476306309457e-01,1.000000095393899446e+00,-5.850192964935236883e-01,2.000000127191864152e+00,-5.850194078229720152e-01,5.851333110263813309e-01
5.198499999999999996e-03,-5.850200535072223040e-01,-5.850157805828306579e-01,1.000003143892108870e+00,-5.850221876459016368e-01,2.000004191856082247e+00,-5.850224948551570048e-01,5.851329267879977758e-01
5.209250000000000339e-03,-5.850200454264437022e-01,-5.850210879870155756e-01,9.999975002676032565e-01,-5.850191078141632195e-01,1.999996667023520747e+00,-5.850185539607670737e-01,5.851386921446456446e-01
5.220000000000001548e-03,-5.850200373456646563e-01,-5.850257717988908146e-01,9.999912777760793237e-01,-5.850228263262988726e-01,1.999988370368279256e+00,-5.850234863815907405e-01,5.851431807388052242e-01
5.230099999999999680e-03,-5.850200297534904337e-01,-5.850192671185775461e-01,9.999969549723136675e-01,-5.850271119799810293e-01,1.999995939963145508e+00,-5.850277738081206547e-01,5.851355370101847253e-01
5.240300000000000687e-03,-5.850200220861452305e-01,-5.850141940173984034e-01,1.000003915586772374e+00,-5.850157480054680725e-01,2.000005220782285154e+00,-5.850147124312942148e-01,5.851311365257336750e-01
5.250699999999998771e-03,-5.850200142684605087e-01,-5.850246451336847953e-01,9.999938351217683152e-01,-5.850226388954339329e-01,1.999991780162480248e+00,-5.850222530280957400e-01,5.851418869126099320e-01
5.261499999999999684e-03,-5.850200061500966386e-01,-5.850186818708646985e-01,9.999981969234218449e-01,-5.850109700627096343e-01,1.999997595897931690e+00,-5.850106729019163287e-01,5.851353925543310019e-01
5.272499999999999409e-03,-5.850199978813924728e-01,-5.850175274422909633e-01,1.000001134587627849e+00,-5.850137758279749800e-01,2.000001512783481594e+00,-5.850144504915700816e-01,5.851349657236912805e-01
5.283500000000000869e-03,-5.850199896126879739e-01,-5.850190470048023395e-01,9.999973519421396784e-01,-5.850198165036812892e-01,1.999996469256238640e+00,-5.850203030591988318e-01,5.851350861693496164e-01
5.294499999999998860e-03,-5.850199813439835861e-01,-5.850118413642280135e-01,1.000007675984409872e+00,-5.850225790715660734e-01,2.000010234645727358e+00,-5.850218568659071305e-01,5.851289061040885198e-01
5.305500000000000320e-03,-5.850199730752789762e-01,-5.850185343620296630e-01,1.000002180294165210e+00,-5.850167259066830772e-01,2.000002907058843427e+00,-5.850166280934808727e-01,5.851369207871439659e-01
5.316500000000001780e-03,-5.850199648065742553e-01,-5.850280947719058711e-01,9.999883280470222013e-01,-5.850196111274156285e-01,1.999984437396261194e+00,-5.850205433782607045e-01,5.851454542435470252e-01
5.327499999999999770e-03,-5.850199565378696454e-01,-5.850260896367157626e-01,9.999889176333165430e-01,-5.850156138065043532e-01,1.999985223511308918e+00,-5.850144169216332513e-01,5.851425422062837001e-01
5.338500000000001230e-03,-5.850199482691644803e-01,-5.850149006518289285e-01,1.000001396838566370e+00,-5.850102837130228828e-01,2.000001862451393997e+00,-5.850099331961235993e-01,5.851306698191029998e-01
5.349250000000001573e-03,-5.850199401883851014e-01,-5.850226461324624649e-01,9.999970324535704114e-01,-5.850138479071373965e-01,1.999996043271486057e+00,-5.850138055900919731e-01,5.851409632399044991e-01
5.359999999999999314e-03,-5.850199321076061665e-01,-5.850199086041205643e-01,9.999965706807801835e-01,-5.850098687698285227e-01,1.999995427574441376e+00,-5.850095920971584151e-01,5.851363532561421055e-01
5.370100000000000914e-03,-5.850199245154311667e-01,-5.850205593086035272e-01,9.999971878221828314e-01,-5.850133581285686946e-01,1.999996250429632916e+00,-5.850136773880724173e-01,5.851376660864574530e-01
5.380300000000000187e-03,-5.850199168480856304e-01,-5.850188011962677015e-01,9.999986927510323698e-01,-5.850177475460821563e-01,1.999998257001402546e+00,-5.850184741055607374e-01,5.851356639713795049e-01
5.390700000000001740e-03,-5.850199090304004645e-01,-5.850190762670053335e-01,9.999988844315760295e-01,-5.850249638317771561e-01,1.999998512575456910e+00,-5.850257683516886242e-01,5.851362182611399287e-01
5.401499999999999184e-03,-5.850199009120361504e-01,-5.850208843783881729e-01,9.999963892048403524e-01,-5.850259992679509580e-01,1.999995185606525450e+00,-5.850248354339414592e-01,5.851374286007535730e-01
5.412500000000000644e-03,-5.850198926433323177e-01,-5.850155219715911237e-01,1.000003093063689841e+00,-5.850124701250730697e-01,2.000004124084858503e+00,-5.850127868395439412e-01,5.851328066745700163e-01
5.423499999999998634e-03,-5.850198843746284849e-01,-5.850217090816458576e-01,9.999977729390916448e-01,-5.850177005309074030e-01,1.999997030585499935e+00,-5.850183139935971610e-01,5.851399873079633496e-01
5.434500000000000094e-03,-5.850198761059240971e-01,-5.850277684143304624e-01,9.999862928290734754e-01,-5.850165221019145712e-01,1.999981723772370268e+00,-5.850156179651264665e-01,5.851437578115581406e-01
5.445499999999999820e-03,-5.850198678372190431e-01,-5.850200100430202887e-01,9.999970400556030814e-01,-5.850172835790573567e-01,1.999996053407529839e+00,-5.850179746030285122e-01,5.851367775139997285e-01
5.456500000000001280e-03,-5.850198595685143221e-01,-5.850289191074431461e-01,9.999902862231386802e-01,-5.850263993631026338e-01,1.999987048297711345e+00,-5.850273528181398897e-01,5.851477773455195930e-01
5.467499999999999270e-03,-5.850198512998103784e-01,-5.850280155880794863e-01,9.999847659704399483e-01,-5.850233127620059204e-01,1.999979687960889096e+00,-5.850232192960286293e-01,5.851435999257836862e-01
5.478500000000000730e-03,-5.850198430311063236e-01,-5.850202557635436618e-01,9.999965182466062918e-01,-5.850167478209581384e-01,1.999995357662210926e+00,-5.850155207704433868e-01,5.851368885850365409e-01
5.489250000000001073e-03,-5.850198349503268336e-01,-5.850208311501220448e-01,9.999969542235238595e-01,-5.850188001875004096e-01,1.999995938964759024e+00,-5.850192282614609107e-01,5.851380174974611936e-01
5.500000000000000548e-03,-5.850198268695471215e-01,-5.850217312343306553e-01,9.999955948549453799e-01,-5.850168106443831562e-01,1.999994126473347844e+00,-5.850164259494105012e-01,5.851388001707664710e-01
5.510100000000000414e-03,-5.850198192773723438e-01,-5.850113415157568442e-01,1.000006008907480703e+00,-5.850123553813573185e-01,2.000008011876521774e+00,-5.850119447308264053e-01,5.851273719169424181e-01
5.520300000000001421e-03,-5.850198116100276957e-01,-5.850178386790158003e-01,1.000001930737462352e+00,-5.850169868626339253e-01,2.000002574316578130e+00,-5.850171030075582701e-01,5.851353929767143525e-01
5.530699999999999505e-03,-5.850198037923428629e-01,-5.850164175524921184e-01,1.000001726213569864e+00,-5.850151351637201680e-01,2.000002301618058809e+00,-5.850153795721055872e-01,5.851334804447911875e-01
5.541500000000000418e-03,-5.850197956739783267e-01,-5.850201306411054736e-01,9.999984949402715984e-01,-5.850206246219886719e-01,1.999997993253725292e+00,-5.850210246494388366e-01,5.851378703566133543e-01
5.550010699999999124e-03,-5.850197892764825713e-01,-5.850272017167107430e-01,9.999904103580028458e-01,-5.850212388174921285e-01,1.999987213810860753e+00,-5.850213423305127280e-01,5.851450330619789586e-01
5.550067318662102456e-03,-5.850197892339235040e-01,-5.850272459016329085e-01,9.999903511105683318e-01,-5.850212429602633657e-01,1.999987134814282808e+00,-5.850213073432755095e-01,5.851449870495968320e-01
5.560000000000001573e-03,-5.850197817675240053e-01,-5.850207233880031499e-01,9.999950341019944178e-01,-5.850135976190349307e-01,1.999993378802757737e+00,-5.850130323896982620e-01,5.851369150407551567e-01
5.570000999999999772e-03,-5.850197742497680320e-01,-5.850200492504825656e-01,9.999975806130811939e-01,-5.850156202080762924e-01,1.999996774150822887e+00,-5.850157604836172531e-01,5.851370684339034511e-01
5.570106322265610047e-03,-5.850197901607262496e-01,-5.850200507661798000e-01,9.999975787425381402e-01,-5.850156376464406005e-01,1.999996771656765482e+00,-5.850158277308044052e-01,5.851370690709608580e-01
5.580100000000001031e-03,-5.850210676105569441e-01,-5.850199337261270394e-01,9.999976313609379996e-01,-5.850215024564109356e-01,1.999996841814630999e+00,-5.850221465185385661e-01,5.851369212498856998e-01
5.590299999999998569e-03,-5.850219083799849118e-01,-5.850215918648726809e-01,9.999960094537677646e-01,-5.850295090656048025e-01,1.999994679271769549e+00,-5.850297401192534608e-01,5.851388943440782864e-01
5.600700000000000123e-03,-5.850224563075314688e-01,-5.850279398929577601e-01,9.999888210251381970e-01,-5.850176200539234372e-01,1.999985094700406307e+00,-5.850168100072857813e-01,5.851449053625289443e-01
5.611499999999999301e-03,-5.850228153953378474e-01,-5.850217304378340089e-01,9.999949759407193994e-01,-5.850161336224841691e-01,1.999993301254392231e+00,-5.850163383435715847e-01,5.851391923354140046e-01
5.622500000000000761e-03,-5.850230431320602165e-01,-5.850268724823192157e-01,9.999882067327712232e-01,-5.850140426179791797e-01,1.999984275643928999e+00,-5.850136171460218470e-01,5.851428283373356631e-01
5.633500000000000486e-03,-5.850231842648007108e-01,-5.850187452412326516e-01,9.999998610369377205e-01,-5.850176163791189765e-01,1.999999814715919699e+00,-5.850183103468384882e-01,5.851364281128315081e-01
5.644500000000000212e-03,-5.850232717181153008e-01,-5.850244137006559431e-01,9.999924333598260162e-01,-5.850178065457940502e-01,1.999989911146585086e+00,-5.850175259896703839e-01,5.851415080469896113e-01
5.655500000000001672e-03,-5.850233258995125585e-01,-5.850226216274557745e-01,9.999933341198710135e-01,-5.850143010541827282e-01,1.999991112159960505e+00,-5.850138833673792504e-01,5.851391075301934919e-01
5.666499999999999662e-03,-5.850233594581000229e-01,-5.850228012003572120e-01,9.999952325506512585e-01,-5.850142136933073056e-01,1.999993643400963084e+00,-5.850143303766075498e-01,5.851403573005387049e-01
5.677500000000001122e-03,-5.850233802341284761e-01,-5.850271519399156128e-01,9.999893258170626797e-01,-5.850163652654658542e-01,1.999985767756295774e+00,-5.850167084412141172e-01,5.851444444014649582e-01
5.688500000000000847e-03,-5.850233930871912014e-01,-5.850201791697083875e-01,9.999951966771748468e-01,-5.850146177754074195e-01,1.999993595569661942e+00,-5.850144937470643791e-01,5.851361196202354842e-01
5.699250000000001190e-03,-5.850234008881409764e-01,-5.850185968584055152e-01,9.999996202494122466e-01,-5.850240546844185374e-01,1.999999493665890471e+00,-5.850250052648242605e-01,5.851357309093401238e-01
5.710000000000000665e-03,-5.850234057527536891e-01,-5.850267292888755577e-01,9.999910686351793920e-01,-5.850198160408647263e-01,1.999988091513750010e+00,-5.850190271725512758e-01,5.851446127980557410e-01
5.720100000000000531e-03,-5.850234086326695504e-01,-5.850164689099400794e-01,9.999994980987075843e-01,-5.850098864959721867e-01,1.999999330798286845e+00,-5.850094021701157665e-01,5.851325560817796090e-01
5.730300000000001538e-03,-5.850234104823313075e-01,-5.850356014872444277e-01,9.999825865694652594e-01,-5.850215922586166073e-01,1.999976782092966143e+00,-5.850220941505054340e-01,5.851538837319619768e-01
5.740699999999999623e-03,-5.850234116658473704e-01,-5.850240038831184819e-01,9.999900504768806098e-01,-5.850194291898298538e-01,1.999986733969371544e+00,-5.850198112907989412e-01,5.851403125040628428e-01
5.751500000000000536e-03,-5.850234124182165374e-01,-5.850232760597904313e-01,9.999935525975391926e-01,-5.850220610745779926e-01,1.999991403463513562e+00,-5.850215207676083828e-01,5.851403014267591018e-01
5.762499999999998526e-03,-5.850234128711483406e-01,-5.850233869215277771e-01,9.999933110002261483e-01,-5.850154800597648919e-01,1.999991081333767795e+00,-5.850154337728650233e-01,5.851403081343147239e-01
5.773499999999999986e-03,-5.850234131274214544e-01,-5.850221673278619416e-01,9.999945874294439152e-01,-5.850158449977275188e-01,1.999992783239366245e+00,-5.850158683499804280e-01,5.851389959935086038e-01
5.784499999999999711e-03,-5.850234132618007399e-01,-5.850221856701027789e-01,9.999955779868683337e-01,-5.850160223126376069e-01,1.999994103982579041e+00,-5.850159064481397220e-01,5.851395700490844565e-01
5.795500000000001171e-03,-5.850234133206270171e-01,-5.850234244414702633e-01,9.999928421818758961e-01,-5.850159156456175014e-01,1.999990456242643155e+00,-5.850163231412784937e-01,5.851401523579142783e-01
5.806500000000000897e-03,-5.850234133326233099e-01,-5.850161560698474705e-01,1.000000257962960548e+00,-5.850166965462204605e-01,2.000000343950608883e+00,-5.850165252372967473e-01,5.851321167565781689e-01
5.817500000000000622e-03,-5.850234133155928218e-01,-5.850162746997314978e-01,1.000003741298562288e+00,-5.850190766434043566e-01,2.000004988398008887e+00,-5.850191578317927021e-01,5.851340176785500002e-01
5.828500000000002082e-03,-5.850234132805716136e-01,-5.850228991125533407e-01,9.999951250210802334e-01,-5.850198830546492479e-01,1.999993500028203863e+00,-5.850200121610801274e-01,5.851404416144065923e-01
5.839250000000000690e-03,-5.850234132355377481e-01,-5.850218755860796538e-01,9.999946904227227096e-01,-5.850233284162877911e-01,1.999992920563735899e+00,-5.850238634401491167e-01,5.851385929503112315e-01
5.850000000000000165e-03,-5.850234131838366602e-01,-5.850252559256284846e-01,9.999919740754181774e-01,-5.850135609620382704e-01,1.999989298767383517e+00,-5.850122428354561643e-01,5.851426923577752737e-01
5.860100000000001766e-03,-5.850234131314214769e-01,-5.850164129034745031e-01,9.999999853337704359e-01,-5.850158544272241468e-01,1.999999980445027470e+00,-5.850164352524138689e-01,5.851326507197247562e-01
5.870299999999999303e-03,-5.850234130760832985e-01,-5.850320991746114085e-01,9.999861858504742740e-01,-5.850174025188668026e-01,1.999981581134240072e+00,-5.850170162994322576e-01,5.851503328473525167e-01
5.880700000000000857e-03,-5.850234130180653747e-01,-5.850294201612991074e-01,9.999851870883097460e-01,-5.850127544116259237e-01,1.999980249451374092e+00,-5.850128335064450624e-01,5.851463847769895477e-01
5.891500000000000035e-03,-5.850234129567332131e-01,-5.850319310653575577e-01,9.999827185941193575e-01,-5.850142678942490404e-01,1.999976958125835758e+00,-5.850141381013674868e-01,5.851483901121087294e-01
5.902500000000001495e-03,-5.850234128935526412e-01,-5.850243394349790016e-01,9.999912560386813309e-01,-5.850161456214826305e-01,1.999988341385082080e+00,-5.850166444430159318e-01,5.851410476232746793e-01
5.913499999999999486e-03,-5.850234128299270919e-01,-5.850233853326137767e-01,9.999941330527767347e-01,-5.850204832260303967e-01,1.999992177403818960e+00,-5.850210096682282312e-01,5.851408795160235599e-01
5.924500000000000946e-03,-5.850234127660239869e-01,-5.850273078498682278e-01,9.999887097439636996e-01,-5.850202095675914871e-01,1.999984946325509272e+00,-5.850194937642041459e-01,5.851443562640893381e-01
5.935499999999998937e-03,-5.850234127019496855e-01,-5.850253758299639451e-01,9.999899747948365336e-01,-5.850173641414161407e-01,1.999986633059981145e+00,-5.850177520792906316e-01,5.851418957218765815e-01
5.946500000000000397e-03,-5.850234126377689137e-01,-5.850236169967909516e-01,9.999934365456150109e-01,-5.850182799852039484e-01,1.999991248727616799e+00,-5.850178680884035032e-01,5.851407875414132986e-01
5.957500000000000122e-03,-5.850234125735235269e-01,-5.850235362505518122e-01,9.999929597279118010e-01,-5.850123071360709970e-01,1.999990612970688808e+00,-5.850117586716544471e-01,5.851404135355297020e-01
5.968500000000001582e-03,-5.850234125092355075e-01,-5.850239987737390068e-01,9.999928931577021229e-01,-5.850155059931021473e-01,1.999990524210410570e+00,-5.850161351743776716e-01,5.851411247034254970e-01
5.970019999999999494e-03,-5.850234124971327443e-01,-5.850241829634974522e-01,9.999926657089492910e-01,-5.850164597981272196e-01,1.999990220945411457e+00,-5.850170848504158139e-01,5.851413147581403518e-01
5.970030299999999103e-03,-5.850178992215128160e-01,-5.850241571749379421e-01,9.999926642001287780e-01,-5.850164661428719493e-01,1.999990218933650921e+00,-5.850170636356174514e-01,5.851358046518881917e-01
5.970317650000275117e-03,-5.850177605379937029e-01,-5.850227989862551992e-01,9.999927180610670430e-01,-5.850164552061929424e-01,1.999990290748233868e+00,-5.850159102874262773e-01,5.851357851085580153e-01
5.980700000000000252e-03,-5.850177527335761463e-01,-5.850223690114634278e-01,9.999951909093552915e-01,-5.850225022463897417e-01,1.999993587879236090e+00,-5.850217646181311570e-01,5.851390264064592062e-01
5.991500000000001165e-03,-5.850177446152127203e-01,-5.850128106549439266e-01,1.000005751608869176e+00,-5.850053689030871862e-01,2.000007668811710992e+00,-5.850060132025649562e-01,5.851304003486915706e-01
6.002499999999999156e-03,-5.850177363465089986e-01,-5.850216970478059331e-01,9.999959667375335481e-01,-5.850116365098126936e-01,1.999994622316791482e+00,-5.850116688973386880e-01,5.851384941162065534e-01
6.013500000000000616e-03,-5.850177280778053879e-01,-5.850197630771042379e-01,9.999981269005580042e-01,-5.850145749722258648e-01,1.999997502534114346e+00,-5.850142861005411810e-01,5.851369664610347465e-01
6.024500000000000341e-03,-5.850177198091017772e-01,-5.850196387099807493e-01,9.999971999610719475e-01,-5.850123399930711177e-01,1.999996266614818108e+00,-5.850127285556683265e-01,5.851361642968091470e-01
6.035500000000001801e-03,-5.850177115403984995e-01,-5.850177789576415099e-01,1.000000887435632757e+00,-5.850176014343010378e-01,2.000001183247492875e+00,-5.850178845515534576e-01,5.851350643573466348e-01
6.046499999999999792e-03,-5.850177032716949999e-01,-5.850248081421025592e-01,9.999936685704083894e-01,-5.850116182344661242e-01,1.999991558094003752e+00,-5.850101763511840192e-01,5.851428069165093282e-01
6.057500000000001251e-03,-5.850176950029913892e-01,-5.850195282980460432e-01,9.999951339288983831e-01,-5.850113892847309538e-01,1.999993511905294508e+00,-5.850129044961984714e-01,5.851350324521777946e-01
6.068500000000000977e-03,-5.850176867342875564e-01,-5.850198361637695132e-01,9.999993334466755757e-01,-5.850179307203658974e-01,1.999999111262247276e+00,-5.850176181046538026e-01,5.851375810065142513e-01
6.079250000000001319e-03,-5.850176786535095097e-01,-5.850228527704292025e-01,9.999943620216026341e-01,-5.850215634759903249e-01,1.999992482695582163e+00,-5.850222184380422519e-01,5.851399984930619746e-01
6.090000000000000795e-03,-5.850176705727306858e-01,-5.850135919817945895e-01,1.000003387338821437e+00,-5.850078554385390595e-01,2.000004516451694414e+00,-5.850064187946856231e-01,5.851295383096619673e-01
6.100099999999998926e-03,-5.850176629805571293e-01,-5.850219965115988074e-01,9.999972636349796495e-01,-5.850186354078258377e-01,1.999996351513360748e+00,-5.850195232204420392e-01,5.851398752303322848e-01
6.110299999999999933e-03,-5.850176553132127033e-01,-5.850155920087275474e-01,1.000001498961375246e+00,-5.850183372200471466e-01,2.000001998615136944e+00,-5.850186728291235649e-01,5.851320848700800603e-01
6.120699999999999752e-03,-5.850176474955288697e-01,-5.850180475073198938e-01,1.000000647644408547e+00,-5.850259095878014293e-01,2.000000863525865480e+00,-5.850257769169748823e-01,5.851352524732228444e-01
6.131500000000000665e-03,-5.850176393771658878e-01,-5.850187572808692726e-01,9.999990219766813349e-01,-5.850175653157974054e-01,1.999998695968927764e+00,-5.850167519204885203e-01,5.851354942142767968e-01
6.142500000000000390e-03,-5.850176311084623881e-01,-5.850160894914933074e-01,1.000002694170915696e+00,-5.850119167404405074e-01,2.000003592227833860e+00,-5.850124848059814475e-01,5.851334494539152109e-01
6.153500000000000116e-03,-5.850176228397584444e-01,-5.850202105510245998e-01,9.999979729460940492e-01,-5.850155260124298984e-01,1.999997297261498774e+00,-5.850156099387548991e-01,5.851374905233982515e-01
6.164500000000001576e-03,-5.850176145710548337e-01,-5.850204490220324294e-01,9.999961470663946139e-01,-5.850147028028253038e-01,1.999994862755269276e+00,-5.850143255893429650e-01,5.851369440563731761e-01
6.175499999999999566e-03,-5.850176063023512230e-01,-5.850125531541899848e-01,1.000004814357026817e+00,-5.850153558808927068e-01,2.000006419142606795e+00,-5.850159424020476839e-01,5.851285454760969396e-01
6.186500000000001026e-03,-5.850175980336478343e-01,-5.850132066715003631e-01,1.000008302871254529e+00,-5.850196492087135214e-01,2.000011070494841281e+00,-5.850193438033574056e-01,5.851313371095568927e-01
6.197500000000000751e-03,-5.850175897649440016e-01,-5.850267798690357290e-01,9.999918905975085925e-01,-5.850235083358286126e-01,1.999989187463505846e+00,-5.850243504306640308e-01,5.851450915975775491e-01
6.208500000000002211e-03,-5.850175814962403908e-01,-5.850298450615215584e-01,9.999849763287995685e-01,-5.850287604871308167e-01,1.999979968438697853e+00,-5.850293730895302913e-01,5.851466502751913046e-01
6.219250000000000819e-03,-5.850175734154614560e-01,-5.850230498086931297e-01,9.999922459889121207e-01,-5.850218691024950957e-01,1.999989661318703593e+00,-5.850209513848748655e-01,5.851392916367316177e-01
6.229999999999998560e-03,-5.850175653346835203e-01,-5.850248464500512613e-01,9.999923092348688147e-01,-5.850171304211924106e-01,1.999989745646644668e+00,-5.850165834854186286e-01,5.851421993239925845e-01
6.240100000000000161e-03,-5.850175577425096307e-01,-5.850193613879752785e-01,9.999970821666654963e-01,-5.850159503452815324e-01,1.999996109555612023e+00,-5.850159826661867069e-01,5.851357490248612070e-01
6.250299999999999433e-03,-5.850175500751656488e-01,-5.850153692003198236e-01,1.000002598532116593e+00,-5.850098277282473891e-01,2.000003464709437573e+00,-5.850095585447677715e-01,5.851319715823997125e-01
6.260700000000000986e-03,-5.850175422574813711e-01,-5.850104161427396310e-01,1.000008650105985497e+00,-5.850191160456122974e-01,2.000011533474475911e+00,-5.850194040145614283e-01,5.851273078486619594e-01
6.271499999999998430e-03,-5.850175341391178341e-01,-5.850132426658539719e-01,1.000006822723593869e+00,-5.850147602337213426e-01,2.000009096964656674e+00,-5.850151913155879901e-01,5.851308055720347845e-01
6.282499999999999890e-03,-5.850175258704144454e-01,-5.850194986788432860e-01,9.999990084426134684e-01,-5.850194053987068932e-01,1.999998677923504387e+00,-5.850187827503994242e-01,5.851367373708149522e-01
6.293500000000001350e-03,-5.850175176017108347e-01,-5.850186481593165899e-01,9.999976722245056404e-01,-5.850119360866774532e-01,1.999996896299387261e+00,-5.850109307102585587e-01,5.851346464858286911e-01
6.304500000000001075e-03,-5.850175093330072240e-01,-5.850128795487667954e-01,1.000007286717416344e+00,-5.850136171344877400e-01,2.000009715623076723e+00,-5.850153500944638152e-01,5.851304264629689778e-01
6.315500000000000801e-03,-5.850175010643032802e-01,-5.850134362024718149e-01,1.000004477592721264e+00,-5.850186774475395479e-01,2.000005970123539534e+00,-5.850179120906363606e-01,5.851297650328307620e-01
6.326500000000000526e-03,-5.850174927955993365e-01,-5.850180464722414264e-01,1.000003084865196179e+00,-5.850232351399751174e-01,2.000004113153533769e+00,-5.850242497594257962e-01,5.851365624983732028e-01
6.337500000000001986e-03,-5.850174845268956147e-01,-5.850263141830575053e-01,9.999902533843343377e-01,-5.850187316224958467e-01,1.999987004512639333e+00,-5.850176852482622536e-01,5.851435438075480722e-01
6.348499999999999976e-03,-5.850174762581916710e-01,-5.850192400133972237e-01,9.999963956667331511e-01,-5.850147203594178169e-01,1.999995194222382588e+00,-5.850149164110787225e-01,5.851351962132760320e-01
6.350021709765622108e-03,-5.850174751143215612e-01,-5.850176460522147348e-01,9.999983695575619391e-01,-5.850150345358909876e-01,1.999997826076781449e+00,-5.850152493110000185e-01,5.851336304638989905e-01
6.358556822265388174e-03,-5.850174686984760397e-01,-5.850187755778455401e-01,9.999997138665621677e-01,-5.850207738203159202e-01,1.999999618488755404e+00,-5.850213414729724670e-01,5.851360643171702458e-01
6.369250000000001646e-03,-5.850174606604108263e-01,-5.850142703922514009e-01,1.000003427345060203e+00,-5.850163803982303401e-01,2.000004569793345510e+00,-5.850157862034365275e-01,5.851306428001343818e-01
6.379999999999999387e-03,-5.850174525796325575e-01,-5.850240440535636743e-01,9.999950860956273724e-01,-5.850261764458345448e-01,1.999993448127600937e+00,-5.850273343860558084e-01,5.851422573588835885e-01
6.390100000000000988e-03,-5.850174449874584459e-01,-5.850166960948413042e-01,9.999997874259763941e-01,-5.850117562692763729e-01,1.999999716567972818e+00,-5.850102808685238021e-01,5.851329042611546072e-01
6.400299999999998525e-03,-5.850174373201147970e-01,-5.850220398030142599e-01,9.999964244163497273e-01,-5.850163044820225755e-01,1.999995232555203728e+00,-5.850167716918006633e-01,5.851395182120461280e-01
6.410700000000000079e-03,-5.850174295024308524e-01,-5.850214901134194179e-01,9.999954397868268119e-01,-5.850252638308797160e-01,1.999993919715859825e+00,-5.850249364276328690e-01,5.851381202470190557e-01
6.421499999999999257e-03,-5.850174213840679815e-01,-5.850157059862447495e-01,1.000002503459648029e+00,-5.850068707438006443e-01,2.000003337946147042e+00,-5.850081132492033209e-01,5.851330835452421830e-01
6.432500000000000717e-03,-5.850174131153641488e-01,-5.850209878554269993e-01,9.999964549662181401e-01,-5.850256870598355974e-01,1.999995273288361464e+00,-5.850249459293294096e-01,5.851377012886026519e-01
6.443499999999998708e-03,-5.850174048466604271e-01,-5.850198044008332321e-01,9.999988878382440882e-01,-5.850194036597005098e-01,1.999998517117680841e+00,-5.850200852321554290e-01,5.851375027307368359e-01
6.454500000000000168e-03,-5.850173965779562613e-01,-5.850253591870328007e-01,9.999911996806130077e-01,-5.850221156814120471e-01,1.999988266240992241e+00,-5.850221821405815481e-01,5.851424227856003579e-01
6.465500000000001628e-03,-5.850173883092523175e-01,-5.850224124160837702e-01,9.999931709545211156e-01,-5.850188219524160571e-01,1.999990894606163749e+00,-5.850180513480932598e-01,5.851386864631828999e-01
6.476500000000001353e-03,-5.850173800405487068e-01,-5.850201440458463464e-01,9.999980516391262508e-01,-5.850202419648021790e-01,1.999997402185540674e+00,-5.850209414450823209e-01,5.851374666355588783e-01
6.487500000000001078e-03,-5.850173717718449851e-01,-5.850198966080899510e-01,9.999972135595757150e-01,-5.850190169578668442e-01,1.999996284746156316e+00,-5.850184777282030346e-01,5.851366416927473724e-01
6.498500000000000804e-03,-5.850173635031410413e-01,-5.850078779275222907e-01,1.000009611817378685e+00,-5.850199038230198267e-01,2.000012815756314399e+00,-5.850205043643749159e-01,5.851233980176511196e-01
6.509250000000001146e-03,-5.850173554223626615e-01,-5.850212110462409409e-01,1.000000368895958891e+00,-5.850265865789922026e-01,2.000000491861271268e+00,-5.850268046565005875e-01,5.851402801602959558e-01
6.520000000000000621e-03,-5.850173473415837266e-01,-5.850144051653338728e-01,1.000002171328457257e+00,-5.850197706562659805e-01,2.000002895104566747e+00,-5.850194845814987721e-01,5.851302504425287543e-01
6.530100000000000487e-03,-5.850173397494097260e-01,-5.850193715874015821e-01,9.999997735368174601e-01,-5.850166823648407233e-01,1.999999698049094388e+00,-5.850160250769105286e-01,5.851369616054978851e-01
6.540300000000001494e-03,-5.850173320820654110e-01,-5.850172975538016074e-01,1.000000387385755918e+00,-5.850236991211091864e-01,2.000000516514333970e+00,-5.850242081060511579e-01,5.851341073595692777e-01
6.550699999999999579e-03,-5.850173242643810223e-01,-5.850179571442907234e-01,1.000000354257640778e+00,-5.850114802638443079e-01,2.000000472343514080e+00,-5.850106435580637587e-01,5.851350997620050620e-01
6.561500000000000492e-03,-5.850173161460174853e-01,-5.850196514798763348e-01,9.999981513617368645e-01,-5.850144299141288862e-01,1.999997535149019123e+00,-5.850143680242622102e-01,5.851365208698049436e-01
6.572499999999998482e-03,-5.850173078773134305e-01,-5.850170427254937078e-01,1.000000620197506018e+00,-5.850154779587849463e-01,2.000000826929995590e+00,-5.850156167550036868e-01,5.851336722461500939e-01
6.583499999999999942e-03,-5.850172996086091537e-01,-5.850133630110343486e-01,1.000005416804840230e+00,-5.850183501841500489e-01,2.000007222406345875e+00,-5.850188187391839323e-01,5.851301925789734737e-01
6.594499999999999668e-03,-5.850172913399052099e-01,-5.850133069760040661e-01,1.000006534548211645e+00,-5.850212536737537938e-01,2.000008712730818594e+00,-5.850214586565035679e-01,5.851306498303846526e-01
6.605500000000001128e-03,-5.850172830712018213e-01,-5.850149273074499723e-01,1.000003675973032857e+00,-5.850210992921502928e-01,2.000004901297304016e+00,-5.850212810413581987e-01,5.851317956182880975e-01
6.616499999999999118e-03,-5.850172748024977665e-01,-5.850111604855818825e-01,1.000007472382919760e+00,-5.850190444379714805e-01,2.000009963177078465e+00,-5.850185881227730755e-01,5.851276139712427993e-01
6.627500000000000578e-03,-5.850172665337933786e-01,-5.850131846124143609e-01,1.000007488110621345e+00,-5.850169884981150092e-01,2.000009984147346209e+00,-5.850166150195952319e-01,5.851308783044872897e-01
6.638500000000002038e-03,-5.850172582650894348e-01,-5.850179053539777962e-01,1.000000851477991448e+00,-5.850149900132888270e-01,2.000001135303971722e+00,-5.850148265124305302e-01,5.851352158185921803e-01
6.649250000000000646e-03,-5.850172501843106110e-01,-5.850163400444854389e-01,1.000001575040702306e+00,-5.850138103446486104e-01,2.000002100054238952e+00,-5.850136757093962192e-01,5.851330606279785407e-01
6.660000000000000121e-03,-5.850172421035318981e-01,-5.850204506478855482e-01,9.999981094660542746e-01,-5.850190380292099590e-01,1.999997479288109892e+00,-5.850196012738816398e-01,5.851379664158958827e-01
6.670100000000001722e-03,-5.850172345113584527e-01,-5.850167778115112904e-01,1.000000669284121679e+00,-5.850116556646088872e-01,2.000000892378815731e+00,-5.850109257296467469e-01,5.851333738994181077e-01
6.680299999999999259e-03,-5.850172268440143597e-01,-5.850174844556460529e-01,1.000000961934250476e+00,-5.850205790603563161e-01,2.000001282578981243e+00,-5.850215911750260567e-01,5.851344626277221739e-01
6.690700000000000813e-03,-5.850172190263299710e-01,-5.850134691942955323e-01,1.000005130226041317e+00,-5.850255300384339385e-01,2.000006840301286282e+00,-5.850257792839193005e-01,5.851308313393107641e-01
6.701499999999999992e-03,-5.850172109079666560e-01,-5.850230590622649274e-01,9.999941135778896983e-01,-5.850178459361149441e-01,1.999992151437303356e+00,-5.850168119537751954e-01,5.851388264681969265e-01
6.712500000000001452e-03,-5.850172026392637115e-01,-5.850071495191575544e-01,1.000013020165981814e+00,-5.850179792446058569e-01,2.000017360221050033e+00,-5.850191099787690474e-01,5.851247360105357176e-01
6.723499999999999442e-03,-5.850171943705607669e-01,-5.850146639165517692e-01,1.000005316404525058e+00,-5.850208047003317979e-01,2.000007088539261346e+00,-5.850206849395284125e-01,5.851321294136099249e-01
6.734500000000000902e-03,-5.850171861018570452e-01,-5.850176262018115247e-01,1.000000410867520673e+00,-5.850171222200206689e-01,2.000000547823352903e+00,-5.850162923030468587e-01,5.851345047824827450e-01
6.745499999999998893e-03,-5.850171778331538786e-01,-5.850157785065506211e-01,1.000002399823365806e+00,-5.850128567769672383e-01,2.000003199764440076e+00,-5.850126485687330291e-01,5.851325574567430854e-01
6.750015096484374144e-03,-5.850171744391544637e-01,-5.850147653812005633e-01,1.000003649842515108e+00,-5.850128449081871684e-01,2.000004866456614128e+00,-5.850126945018618851e-01,5.851315491518465084e-01
6.750782687412006100e-03,-5.850171738621567918e-01,-5.850146765561829998e-01,1.000003852485697564e+00,-5.850129215966838325e-01,2.000005136647520665e+00,-5.850132373075097592e-01,5.851316468265604920e-01
6.761499999999999282e-03,-5.850171658059500901e-01,-5.850159207361677050e-01,1.000002981491197485e+00,-5.850199595024107024e-01,2.000003975321537286e+00,-5.850208848775764192e-01,5.851330959592276892e-01
6.770006222656249628e-03,-5.850171595431048477e-01,-5.850174748821704851e-01,1.000001129430305280e+00,-5.850283473076240970e-01,2.000001505907051502e+00,-5.850293209346286716e-01,5.851346674531295866e-01
6.771556822265387479e-03,-5.850174540079402519e-01,-5.850184933882089933e-01,1.000000569803624506e+00,-5.850285882073439359e-01,2.000000759738154610e+00,-5.850282963171963280e-01,5.851364526398192822e-01
6.782500000000000334e-03,-5.850190526025830229e-01,-5.850267252947376484e-01,9.999884963413818717e-01,-5.850214010607216464e-01,1.999984661788737572e+00,-5.850216214099902556e-01,5.851425870771744808e-01
6.793500000000001794e-03,-5.850200499038500368e-01,-5.850168693460713332e-01,1.000001758783805039e+00,-5.850285577925322666e-01,2.000002345045038599e+00,-5.850278099828465361e-01,5.851343275537651545e-01
6.804499999999999785e-03,-5.850206680329192999e-01,-5.850206141499018075e-01,9.999970145719122572e-01,-5.850214214653893796e-01,1.999996019429275629e+00,-5.850221566898582415e-01,5.851376561966568079e-01
6.815500000000001245e-03,-5.850210511410948166e-01,-5.850198872981158260e-01,9.999973486606587025e-01,-5.850221613852956137e-01,1.999996464880931191e+00,-5.850211802460877353e-01,5.851366854366000236e-01
6.826500000000000970e-03,-5.850212885771448601e-01,-5.850186624033320015e-01,9.999992351645873301e-01,-5.850212906702719762e-01,1.999998980219465095e+00,-5.850220511074614160e-01,5.851356503788669450e-01
6.837500000000000695e-03,-5.850214357217840000e-01,-5.850239003206183508e-01,9.999944427787941237e-01,-5.850229528984738359e-01,1.999992590371835854e+00,-5.850225114719793673e-01,5.851417208768610045e-01
6.848500000000002155e-03,-5.850215269014324981e-01,-5.850180571816667729e-01,9.999976371369373451e-01,-5.850185764372739516e-01,1.999996849515963460e+00,-5.850186050689974993e-01,5.851339003136618588e-01
6.859250000000000763e-03,-5.850215823858901931e-01,-5.850089945658965007e-01,1.000009734588485966e+00,-5.850180544336112121e-01,2.000012979451120998e+00,-5.850178984168665774e-01,5.851252487566090954e-01
6.870000000000000238e-03,-5.850216171291208189e-01,-5.850230776147539169e-01,9.999973229751458748e-01,-5.850280325490033739e-01,1.999996430633581124e+00,-5.850287322504538201e-01,5.851417917432893967e-01
6.880100000000001839e-03,-5.850216378301076325e-01,-5.850254517081211469e-01,9.999909903248690446e-01,-5.850147419137613491e-01,1.999987987100004139e+00,-5.850136945075151695e-01,5.851425052064052057e-01
6.890299999999999377e-03,-5.850216512572987693e-01,-5.850237323041663773e-01,9.999926265746330589e-01,-5.850225013772436533e-01,1.999990168766323961e+00,-5.850232076566942441e-01,5.851408407502830533e-01
6.900700000000000930e-03,-5.850216599861673972e-01,-5.850327774539535453e-01,9.999834716011615221e-01,-5.850220056813111302e-01,1.999977962135210285e+00,-5.850219150943040125e-01,5.851500863403806818e-01
6.911499999999998374e-03,-5.850216656837518014e-01,-5.850287353121733647e-01,9.999852481677755645e-01,-5.850233868510299473e-01,1.999980330890660518e+00,-5.850220968542210187e-01,5.851445104563989252e-01
6.922499999999999834e-03,-5.850216692733188895e-01,-5.850167767931808704e-01,1.000001723814492482e+00,-5.850113369462157653e-01,2.000002298419289115e+00,-5.850122946155263959e-01,5.851346331567228720e-01
6.933499999999999559e-03,-5.850216714737608292e-01,-5.850258139179749239e-01,9.999911417662588065e-01,-5.850154293772410474e-01,1.999988189021854268e+00,-5.850159888366108785e-01,5.851430318000575559e-01
6.944500000000001019e-03,-5.850216728131870658e-01,-5.850252724978388663e-01,9.999900329284293621e-01,-5.850200225530949316e-01,1.999986710571437065e+00,-5.850197508490639908e-01,5.851417115013757275e-01
6.955499999999999010e-03,-5.850216736189329803e-01,-5.850220705950163191e-01,9.999952101658592385e-01,-5.850200288388672787e-01,1.999993613554574168e+00,-5.850201136140725788e-01,5.851391862333065186e-01
6.966500000000000470e-03,-5.850216740938900539e-01,-5.850236250562368401e-01,9.999934578297750010e-01,-5.850232055469324344e-01,1.999991277106496490e+00,-5.850237532725812706e-01,5.851407996644665266e-01
6.977500000000001930e-03,-5.850216743638156913e-01,-5.850277480222670912e-01,9.999890502228978573e-01,-5.850165267184518347e-01,1.999985400297414673e+00,-5.850150490648872159e-01,5.851452701214377994e-01
6.988500000000003390e-03,-5.850216745066574298e-01,-5.850243254493898704e-01,9.999908031960661470e-01,-5.850228281970690780e-01,1.999987737594937753e+00,-5.850246059220373107e-01,5.851406330327986183e-01
6.999250000000000263e-03,-5.850216745699028387e-01,-5.850211348833191938e-01,9.999958367059664788e-01,-5.850202608851567954e-01,1.999994448941371461e+00,-5.850193086138462117e-01,5.851379636472799906e-01
7.010000000000001473e-03,-5.850216745860492562e-01,-5.850229323616292776e-01,9.999944521151036270e-01,-5.850202509442655741e-01,1.999992602820248377e+00,-5.850203620900059631e-01,5.851401707692254206e-01
7.020099999999999604e-03,-5.850216745741027013e-01,-5.850176033398571951e-01,9.999993332115000300e-01,-5.850184954092169098e-01,1.999999110948679881e+00,-5.850183933083096255e-01,5.851340807093983187e-01
7.030300000000000611e-03,-5.850216745450550482e-01,-5.850201507339628515e-01,9.999981113164324587e-01,-5.850139530502945773e-01,1.999997481755280804e+00,-5.850133975623178495e-01,5.851374698727324075e-01
7.040700000000000430e-03,-5.850216745041708633e-01,-5.850228843563275438e-01,9.999945460819348320e-01,-5.850107876422024900e-01,1.999992728109354800e+00,-5.850107452167928601e-01,5.851401045894130126e-01
7.051500000000001343e-03,-5.850216744540692737e-01,-5.850241604491296377e-01,9.999921863950250733e-01,-5.850122524881764541e-01,1.999989581860188492e+00,-5.850119283616347365e-01,5.851406371266197892e-01
7.062499999999999334e-03,-5.850216743980114487e-01,-5.850193584493925680e-01,9.999992468886408359e-01,-5.850124692220606271e-01,1.999998995851536066e+00,-5.850139515946750635e-01,5.851373597127828008e-01
7.073500000000000794e-03,-5.850216743388015894e-01,-5.850276322985058508e-01,9.999878512102912120e-01,-5.850190090758745631e-01,1.999983801613962831e+00,-5.850183151504252388e-01,5.851442168599050309e-01
7.084499999999998784e-03,-5.850216742776352952e-01,-5.850233922574649137e-01,9.999928557704031995e-01,-5.850149538873207211e-01,1.999990474360679782e+00,-5.850144320353251048e-01,5.851401548395298580e-01
7.095500000000000244e-03,-5.850216742152570815e-01,-5.850251652558304816e-01,9.999926384228076115e-01,-5.850159732314438310e-01,1.999990184563889661e+00,-5.850168247186452453e-01,5.851429087141372110e-01
7.106499999999999970e-03,-5.850216741521283570e-01,-5.850232131367725241e-01,9.999914270098310132e-01,-5.850239887951508289e-01,1.999988569346611511e+00,-5.850250740283049478e-01,5.851391242671130088e-01
7.117500000000001430e-03,-5.850216740885341160e-01,-5.850202405680875462e-01,9.999979109997141347e-01,-5.850251647093887009e-01,1.999997214666326961e+00,-5.850242358958981370e-01,5.851375446919140355e-01
7.128500000000001155e-03,-5.850216740246509950e-01,-5.850231959009244420e-01,9.999941673319840962e-01,-5.850192369448704577e-01,1.999992223109428036e+00,-5.850189042203373102e-01,5.851404544278797637e-01
7.139250000000001498e-03,-5.850216739620475170e-01,-5.850247160026152971e-01,9.999919758380741985e-01,-5.850154924392391154e-01,1.999989301117591545e+00,-5.850151671588127433e-01,5.851418282798183101e-01
7.150000000000000973e-03,-5.850216738993365695e-01,-5.850220063052490316e-01,9.999944536131367689e-01,-5.850200221654641153e-01,1.999992604817625974e+00,-5.850206653633029941e-01,5.851386887711764739e-01
7.160100000000000839e-03,-5.850216738403551942e-01,-5.850155777420985581e-01,1.000001727076774927e+00,-5.850219812468859804e-01,2.000002302768999041e+00,-5.850221168001302763e-01,5.851320167820046603e-01
7.170003000000000314e-03,-5.850216737824875946e-01,-5.850196205267429450e-01,9.999991518333125606e-01,-5.850179644885752372e-01,1.999998869111100142e+00,-5.850172861316317308e-01,5.851371408678570640e-01
7.170020999999999513e-03,-5.850214298689112580e-01,-5.850196296818402919e-01,9.999991402982493227e-01,-5.850179523780945079e-01,1.999998853731016268e+00,-5.850172849750734372e-01,5.851369002453874479e-01
7.170031209999999482e-03,-5.850168438795202430e-01,-5.850196074531008872e-01,9.999991337971713135e-01,-5.850179454960368064e-01,1.999998845062912256e+00,-5.850172569310255755e-01,5.851323152336406208e-01
7.173177810001101114e-03,-5.850168415142182887e-01,-5.850158639060967225e-01,1.000001601585800204e+00,-5.850150570909465886e-01,2.000002135447701779e+00,-5.850153205834840442e-01,5.851328967139699522e-01
7.184500000000001649e-03,-5.850168330033252984e-01,-5.850150235840980706e-01,1.000002697736087187e+00,-5.850136654414138659e-01,2.000003596981396292e+00,-5.850130584293921077e-01,5.851314259197759604e-01
7.195499999999999639e-03,-5.850168247346229089e-01,-5.850106703295979704e-01,1.000008962445614324e+00,-5.850108910420532826e-01,2.000011949927307242e+00,-5.850108614989230071e-01,5.851275786269413137e-01
7.206500000000001099e-03,-5.850168164659202974e-01,-5.850177769753965862e-01,1.000003179808653941e+00,-5.850151910592187310e-01,2.000004239744808565e+00,-5.850157416716272873e-01,5.851361638352677863e-01
7.217499999999999090e-03,-5.850168081972177969e-01,-5.850237633455723785e-01,9.999928835815421468e-01,-5.850178723050108998e-01,1.999990511442197416e+00,-5.850182553913493289e-01,5.851407312465636279e-01
7.228500000000000550e-03,-5.850167999285148523e-01,-5.850119578540923237e-01,1.000004390141411070e+00,-5.850216508198167187e-01,2.000005853521793941e+00,-5.850222668500472123e-01,5.851274036874930529e-01
7.239250000000000893e-03,-5.850167918477368056e-01,-5.850164964675740320e-01,1.000004069565695097e+00,-5.850235938663306268e-01,2.000005426087512639e+00,-5.850231479919207889e-01,5.851345214402623451e-01
7.249999999999998633e-03,-5.850167837669593141e-01,-5.850154936792628657e-01,1.000002570157448867e+00,-5.850211998341851016e-01,2.000003426876547419e+00,-5.850212599408139980e-01,5.851321867429305490e-01
7.260100000000001969e-03,-5.850167761747867567e-01,-5.850194677440865298e-01,9.999992473814288685e-01,-5.850157662473498554e-01,1.999998996508586924e+00,-5.850151556973012257e-01,5.851369574363457504e-01
7.270299999999999506e-03,-5.850167685074442181e-01,-5.850257760552651787e-01,9.999917025102833534e-01,-5.850218198918148982e-01,1.999988936680542784e+00,-5.850223160476450968e-01,5.851431513992607636e-01
7.280700000000001060e-03,-5.850167606897612727e-01,-5.850223553248861119e-01,9.999938812518250897e-01,-5.850210339198964604e-01,1.999991841669221504e+00,-5.850207979124216751e-01,5.851390374761999968e-01
7.291499999999998503e-03,-5.850167525713987349e-01,-5.850195131067800203e-01,9.999975514566517010e-01,-5.850163718781387079e-01,1.999996735275584081e+00,-5.850167066033347130e-01,5.851360844367456959e-01
7.302500000000001698e-03,-5.850167443026961234e-01,-5.850138214348346022e-01,1.000003953329757334e+00,-5.850207793974270265e-01,2.000005271106264804e+00,-5.850199956766586329e-01,5.851300957417843174e-01
7.313499999999999689e-03,-5.850167360339934008e-01,-5.850092395876711482e-01,1.000011793788189385e+00,-5.850153173251321226e-01,2.000015725050684701e+00,-5.850157595496674467e-01,5.851268936950675403e-01
7.324500000000001149e-03,-5.850167277652904563e-01,-5.850155804003575044e-01,1.000003898108166700e+00,-5.850161802538774714e-01,2.000005197477478180e+00,-5.850162723459499947e-01,5.851329381115887296e-01
7.335499999999999139e-03,-5.850167194965877338e-01,-5.850188245128488118e-01,9.999995236090580830e-01,-5.850137915647500853e-01,1.999999364812086844e+00,-5.850130715832903006e-01,5.851360406774651635e-01
7.346500000000000599e-03,-5.850167112278853443e-01,-5.850223873260511631e-01,9.999955387255352601e-01,-5.850176869822456549e-01,1.999994051634135905e+00,-5.850190541641521191e-01,5.851398272629251274e-01
7.357500000000000324e-03,-5.850167029591827328e-01,-5.850257527274298486e-01,9.999909165466149830e-01,-5.850247847420531055e-01,1.999987888729000574e+00,-5.850249837918568563e-01,5.851429741450979716e-01
7.368500000000001784e-03,-5.850166946904797882e-01,-5.850215982737788645e-01,9.999942767587136627e-01,-5.850154002694384348e-01,1.999992369011732052e+00,-5.850142294683186028e-01,5.851379478684646251e-01
7.379250000000000392e-03,-5.850166866097021856e-01,-5.850181022840071909e-01,9.999995009333696450e-01,-5.850183987692139098e-01,1.999999334577836185e+00,-5.850190329754139107e-01,5.851348805259296570e-01
7.389999999999999868e-03,-5.850166785289248050e-01,-5.850121219199153622e-01,1.000006114029538429e+00,-5.850193018608214057e-01,2.000008152039263187e+00,-5.850193497834415002e-01,5.851285036848395960e-01
7.400099999999999734e-03,-5.850166709367519147e-01,-5.850135816255241927e-01,1.000006058114044416e+00,-5.850168200624655812e-01,2.000008077485272207e+00,-5.850164675523705782e-01,5.851308293474015709e-01
7.410300000000000741e-03,-5.850166632694094870e-01,-5.850175652804980864e-01,1.000001435935484517e+00,-5.850203190468553638e-01,2.000001914580617601e+00,-5.850202534377042518e-01,5.851347278280991659e-01
7.420699999999998825e-03,-5.850166554517270967e-01,-5.850124548684457748e-01,1.000005925235724069e+00,-5.850073088953594569e-01,2.000007900314180631e+00,-5.850074300452268172e-01,5.851291734084562712e-01
7.431500000000001473e-03,-5.850166473333648920e-01,-5.850127120505173028e-01,1.000007190848466232e+00,-5.850201809255476393e-01,2.000009587797812127e+00,-5.850202634857832873e-01,5.851303147731923282e-01
7.442499999999999463e-03,-5.850166390646628356e-01,-5.850203752685224634e-01,9.999982754746891134e-01,-5.850164246038219718e-01,1.999997700632953235e+00,-5.850164649036705411e-01,5.851378112473583082e-01
7.453500000000000923e-03,-5.850166307959605572e-01,-5.850237891341605323e-01,9.999930378580016432e-01,-5.850177583479833077e-01,1.999990717144140673e+00,-5.850176580294749185e-01,5.851407807162879449e-01
7.464499999999998914e-03,-5.850166225272575016e-01,-5.850234144466275321e-01,9.999932534405033824e-01,-5.850181795343813995e-01,1.999991004587472032e+00,-5.850182919404692816e-01,5.851403595245486811e-01
7.475500000000002108e-03,-5.850166142585552231e-01,-5.850235162993795424e-01,9.999934534702418221e-01,-5.850199381734031423e-01,1.999991271293785955e+00,-5.850201251390328983e-01,5.851406295370772392e-01
7.486500000000000099e-03,-5.850166059898523896e-01,-5.850238059301744453e-01,9.999927739689865591e-01,-5.850181004314445321e-01,1.999990365292125816e+00,-5.850176312598112105e-01,5.851407546319300490e-01
7.497500000000001559e-03,-5.850165977211497781e-01,-5.850192968086145306e-01,9.999971398401745759e-01,-5.850231835796847468e-01,1.999996186453623093e+00,-5.850244110397823105e-01,5.851356460487018296e-01
7.508499999999999550e-03,-5.850165894524468335e-01,-5.850192576629739127e-01,9.999991486354541381e-01,-5.850211872856394546e-01,1.999998864847289282e+00,-5.850201497641084325e-01,5.851365617141596198e-01
7.519249999999999892e-03,-5.850165813716696750e-01,-5.850215661914717202e-01,9.999960572715261842e-01,-5.850107322950106603e-01,1.999994743028779887e+00,-5.850098030990206199e-01,5.851387593534456144e-01
7.530000000000001102e-03,-5.850165732908922944e-01,-5.850269765389618515e-01,9.999901126866301837e-01,-5.850144318893906181e-01,1.999986816915703347e+00,-5.850149563970367117e-01,5.851445463599665997e-01
7.540099999999999233e-03,-5.850165656987199592e-01,-5.850129381633457637e-01,1.000003081860101561e+00,-5.850218941125885364e-01,2.000004109146740650e+00,-5.850228803687487211e-01,5.851284966819491062e-01
7.550002999999998708e-03,-5.850165582546332788e-01,-5.850130900664504141e-01,1.000006563088461586e+00,-5.850188411988962445e-01,2.000008750784485478e+00,-5.850180683233414669e-01,5.851302714635397972e-01
7.550203022265639108e-03,-5.850165581042775509e-01,-5.850131232717519225e-01,1.000006519172836006e+00,-5.850186786405313644e-01,2.000008692230318186e+00,-5.850180111395054672e-01,5.851302798603947863e-01
7.560299999999999833e-03,-5.850165505143773981e-01,-5.850136572544564206e-01,1.000005575806935054e+00,-5.850153885599824743e-01,2.000007434409135865e+00,-5.850154082856574567e-01,5.851306916240788247e-01
7.570699999999999652e-03,-5.850165426966951188e-01,-5.850136566879138300e-01,1.000005441966505426e+00,-5.850246983219876684e-01,2.000007255955232655e+00,-5.850251426769965679e-01,5.851305386303811140e-01
7.581500000000000565e-03,-5.850165345783332471e-01,-5.850120625391005413e-01,1.000007835581258497e+00,-5.850186984840398674e-01,2.000010447441522565e+00,-5.850183581231847008e-01,5.851298075638244889e-01
7.592499999999998556e-03,-5.850165263096308577e-01,-5.850199341285786669e-01,9.999974150742653167e-01,-5.850140365251488284e-01,1.999996553432405122e+00,-5.850140754237274088e-01,5.851362006981725150e-01
7.603500000000001750e-03,-5.850165180409283572e-01,-5.850133609821872582e-01,1.000005929939620453e+00,-5.850218226569570135e-01,2.000007906586042772e+00,-5.850222093809049895e-01,5.851306029209067949e-01
7.614499999999999741e-03,-5.850165097722260787e-01,-5.850162186961598287e-01,1.000002837100219866e+00,-5.850160126564220020e-01,2.000003782800236607e+00,-5.850144036277197257e-01,5.851334760558202230e-01
7.625500000000001201e-03,-5.850165015035232452e-01,-5.850160101263591761e-01,1.000001774796822618e+00,-5.850092380485600874e-01,2.000002366395728259e+00,-5.850097129244984373e-01,5.851326022003852101e-01
7.636499999999999191e-03,-5.850164932348207447e-01,-5.850137591668765902e-01,1.000005354114677836e+00,-5.850144549316901310e-01,2.000007138819464014e+00,-5.850145085525021438e-01,5.851307647600029194e-01
7.647500000000002386e-03,-5.850164849661185773e-01,-5.850133661757821457e-01,1.000005723896915111e+00,-5.850195374443857288e-01,2.000007631862439794e+00,-5.850204957552228580e-01,5.851303062488655282e-01
7.658500000000000377e-03,-5.850164766974159658e-01,-5.850204171536516062e-01,9.999990926318140794e-01,-5.850272338132671557e-01,1.999998790175770091e+00,-5.850280807598963184e-01,5.851383904678749692e-01
7.669250000000000719e-03,-5.850164686166384742e-01,-5.850120771345715953e-01,1.000004761430518085e+00,-5.850121604856327595e-01,2.000006348573929671e+00,-5.850102963673033951e-01,5.851277750558480095e-01
7.680000000000000195e-03,-5.850164605358606495e-01,-5.850114821111623842e-01,1.000008578263208880e+00,-5.850170554243557808e-01,2.000011437684108273e+00,-5.850176334907405407e-01,5.851286718895011285e-01
7.690100000000000061e-03,-5.850164529436879812e-01,-5.850269182124080425e-01,9.999924629104832707e-01,-5.850189144589366119e-01,1.999989950547460760e+00,-5.850188374832148153e-01,5.851453889388138485e-01
7.700299999999999333e-03,-5.850164452763455536e-01,-5.850223223253352423e-01,9.999933826484335153e-01,-5.850141954192640270e-01,1.999991176864709619e+00,-5.850141560429023002e-01,5.851387662980251925e-01
7.710700000000000887e-03,-5.850164374586630522e-01,-5.850192735169532643e-01,9.999980090218842932e-01,-5.850201621564534715e-01,1.999997345362552137e+00,-5.850202983275263335e-01,5.851361324377919448e-01
7.721499999999998330e-03,-5.850164293403005145e-01,-5.850183481680411024e-01,9.999990706961231490e-01,-5.850152855847016165e-01,1.999998760928182850e+00,-5.850152996038197051e-01,5.851347060320607474e-01
7.732500000000001525e-03,-5.850164210715980140e-01,-5.850107633762283710e-01,1.000008363624307117e+00,-5.850191977220022821e-01,2.000011151498909623e+00,-5.850191264027932991e-01,5.851276621858878535e-01
7.743499999999999515e-03,-5.850164128028954025e-01,-5.850113609448704954e-01,1.000009020325504316e+00,-5.850179596891530442e-01,2.000012027100493306e+00,-5.850188749442085667e-01,5.851287755084769726e-01
7.754500000000000975e-03,-5.850164045341932351e-01,-5.850145303982807743e-01,1.000004496440562551e+00,-5.850189331132862325e-01,2.000005995253994140e+00,-5.850175915508198932e-01,5.851315389662143929e-01
7.765499999999998966e-03,-5.850163962654906236e-01,-5.850179407747049254e-01,1.000001659662546061e+00,-5.850135713318486141e-01,2.000002212883361885e+00,-5.850139554198152680e-01,5.851356956731676995e-01
7.776500000000002161e-03,-5.850163879967880121e-01,-5.850162101073048682e-01,1.000000183533824361e+00,-5.850159346951080419e-01,2.000000244711762409e+00,-5.850162637968365775e-01,5.851321476942489275e-01
7.787500000000000151e-03,-5.850163797280852895e-01,-5.850155530761949052e-01,1.000004426210247654e+00,-5.850141519749232355e-01,2.000005901613575610e+00,-5.850131430808012123e-01,5.851331931007819342e-01
7.798500000000001611e-03,-5.850163714593826780e-01,-5.850147817253558147e-01,1.000003272778458907e+00,-5.850105102178890792e-01,2.000004363704546595e+00,-5.850105007578044747e-01,5.851313845799158697e-01
7.809250000000000219e-03,-5.850163633786049644e-01,-5.850130677715121852e-01,1.000006042896758984e+00,-5.850178731424081624e-01,2.000008057195558742e+00,-5.850188221930255894e-01,5.851299838678493126e-01
7.820000000000000562e-03,-5.850163552978278059e-01,-5.850178177432703297e-01,1.000001448583503594e+00,-5.850203781476419618e-01,2.000001931444642445e+00,-5.850205754713885264e-01,5.851353658869890006e-01
7.830099999999999560e-03,-5.850163477056551375e-01,-5.850083769935078282e-01,1.000009795896152465e+00,-5.850209488911121136e-01,2.000013061194675590e+00,-5.850214068725154704e-01,5.851244264463562050e-01
7.840300000000003169e-03,-5.850163400383125989e-01,-5.850121454157612977e-01,1.000008422346709169e+00,-5.850232964835320182e-01,2.000011229795445100e+00,-5.850231053932440917e-01,5.851296228067153216e-01
7.850699999999998652e-03,-5.850163322206298755e-01,-5.850159750874137643e-01,1.000003305110738205e+00,-5.850113564153501811e-01,2.000004406814252178e+00,-5.850101103718970963e-01,5.851332100788646517e-01
7.861500000000002167e-03,-5.850163241022680038e-01,-5.850172795718555641e-01,1.000001262205677977e+00,-5.850059345021556556e-01,2.000001682940879100e+00,-5.850068075057354156e-01,5.851344513752070320e-01
7.872499999999997555e-03,-5.850163158335659475e-01,-5.850180378788218949e-01,9.999994172043237262e-01,-5.850201654512934279e-01,1.999999222939109922e+00,-5.850197552625681086e-01,5.851344770402564510e-01
7.883499999999999883e-03,-5.850163075648641131e-01,-5.850124747652973856e-01,1.000006467906963348e+00,-5.850161097710563363e-01,2.000008623875822789e+00,-5.850163075456464856e-01,5.851293266289915307e-01
7.894499999999998741e-03,-5.850162992961613906e-01,-5.850118855312019805e-01,1.000007911164139118e+00,-5.850152413082143621e-01,2.000010548218694950e+00,-5.850147970424678379e-01,5.851290184345961931e-01
7.905499999999997598e-03,-5.850162910274586681e-01,-5.850132582860618768e-01,1.000006223973957775e+00,-5.850134627272194354e-01,2.000008298631819947e+00,-5.850136757822723688e-01,5.851303749098968332e-01
7.916499999999996456e-03,-5.850162827587560566e-01,-5.850174947017475757e-01,1.000002060350766442e+00,-5.850233514348794905e-01,2.000002747134314252e+00,-5.850250847389476538e-01,5.851351539640815558e-01
7.927499999999995314e-03,-5.850162744900533340e-01,-5.850130961624050441e-01,1.000003877367337202e+00,-5.850231010994542125e-01,2.000005169823038997e+00,-5.850226282346803197e-01,5.851289684742094765e-01
7.938499999999997642e-03,-5.850162662213510556e-01,-5.850154003087844057e-01,1.000005039787031258e+00,-5.850229968767700628e-01,2.000006719715941017e+00,-5.850229723104509727e-01,5.851332380014688805e-01
7.949249999999997984e-03,-5.850162581405738971e-01,-5.850199320222660981e-01,9.999983114443892207e-01,-5.850133822502248115e-01,1.999997748592552416e+00,-5.850120709658451768e-01,5.851372324090317045e-01
7.950020372587889711e-03,-5.850162575614857863e-01,-5.850201602960168890e-01,9.999980268379332626e-01,-5.850125902210674411e-01,1.999997369117283652e+00,-5.850112966808072024e-01,5.851374553278946289e-01
7.954545747411190595e-03,-5.850162541597599963e-01,-5.850205524110435595e-01,9.999970382946317127e-01,-5.850141934422250500e-01,1.999996051059567570e+00,-5.850150296242035974e-01,5.851375878016443766e-01
7.965499999999995154e-03,-5.850162459254455438e-01,-5.850179767168907086e-01,9.999989124877873836e-01,-5.850159441530929927e-01,1.999998549983738272e+00,-5.850151737392479401e-01,5.851343675856288673e-01
7.970011133203124681e-03,-5.850162446154022478e-01,-5.850152068233718250e-01,1.000002295303500599e+00,-5.850127208716688898e-01,2.000003060404622168e+00,-5.850120440644518416e-01,5.851316102819935638e-01
7.975556822265739837e-03,-5.850180797626801654e-01,-5.850185820698790007e-01,1.000001022401558748e+00,-5.850164091719557424e-01,2.000001363202057902e+00,-5.850170696799906755e-01,5.851364249500463632e-01
7.986499999999995339e-03,-5.850206277330045612e-01,-5.850221457020650107e-01,9.999946413623916897e-01,-5.850193821572829966e-01,1.999992855149961724e+00,-5.850196023692756375e-01,5.851389739076519048e-01
7.997499999999994197e-03,-5.850222173274778337e-01,-5.850217061831192167e-01,9.999956031031054238e-01,-5.850157940914747501e-01,1.999994137470894717e+00,-5.850149962544808346e-01,5.851387589321180860e-01
8.008499999999993055e-03,-5.850232025754402709e-01,-5.850159138834193362e-01,1.000001038090400973e+00,-5.850167162445361058e-01,2.000001384120513759e+00,-5.850173780512326616e-01,5.851321128823605555e-01
8.019249999999998602e-03,-5.850238023490887951e-01,-5.850144879111888185e-01,1.000004591587500880e+00,-5.850227672295966741e-01,2.000006122116576801e+00,-5.850231284793341313e-01,5.851315534717633771e-01
8.030000000000000679e-03,-5.850241781454236234e-01,-5.850263366287797862e-01,9.999924287732439021e-01,-5.850161578583625843e-01,1.999989905031142268e+00,-5.850151302868149550e-01,5.851446401118411966e-01
8.040099999999999678e-03,-5.850244022671744482e-01,-5.850230546406837151e-01,9.999927808920500150e-01,-5.850182594469049979e-01,1.999990374522876646e+00,-5.850188623719575487e-01,5.851396409734674897e-01
8.050299999999999817e-03,-5.850245478474702665e-01,-5.850270084502262602e-01,9.999898548652846886e-01,-5.850198012631800948e-01,1.999986473153914535e+00,-5.850196734720154446e-01,5.851443129127469334e-01
8.060699999999998769e-03,-5.850246427036699393e-01,-5.850252493170583490e-01,9.999906150073536448e-01,-5.850166392294503526e-01,1.999987486676657822e+00,-5.850163848592530025e-01,5.851419770847813284e-01
8.071499999999998815e-03,-5.850247048490123669e-01,-5.850226593092610061e-01,9.999945683461725077e-01,-5.850144147739033684e-01,1.999992757795004517e+00,-5.850151943571957336e-01,5.851404197892384751e-01
8.082499999999997672e-03,-5.850247442420718480e-01,-5.850319641850761920e-01,9.999833577741794599e-01,-5.850209895665909876e-01,1.999977810365902942e+00,-5.850210674648996800e-01,5.851488657338919097e-01
8.093499999999996530e-03,-5.850247686344605125e-01,-5.850284284949304192e-01,9.999857632682784825e-01,-5.850237125719204290e-01,1.999981017691320861e+00,-5.850233445470574001e-01,5.851446613218955761e-01
8.104499999999998858e-03,-5.850247837290381003e-01,-5.850250435237899227e-01,9.999925159996467805e-01,-5.850206141381412150e-01,1.999990021333010848e+00,-5.850200399385115935e-01,5.851427487318583420e-01
8.115499999999997716e-03,-5.850247930605875224e-01,-5.850249644845010311e-01,9.999894490186521656e-01,-5.850140054688085511e-01,1.999985932025079016e+00,-5.850140691951983829e-01,5.851409319249969432e-01
8.126499999999996574e-03,-5.850247988200611982e-01,-5.850216997351039838e-01,9.999963664377532480e-01,-5.850194300100108880e-01,1.999995155250410050e+00,-5.850198637568673199e-01,5.851391502193504790e-01
8.137499999999995431e-03,-5.850248023654681662e-01,-5.850183428374088335e-01,9.999979821100956068e-01,-5.850188441455166366e-01,1.999997309480167740e+00,-5.850187748452326808e-01,5.851345209286319404e-01
8.148499999999994289e-03,-5.850248045385394446e-01,-5.850245513568758104e-01,9.999944545522293504e-01,-5.850200150396283050e-01,1.999992606069749268e+00,-5.850197795474288975e-01,5.851427691849576673e-01
8.159249999999996367e-03,-5.850248058377436333e-01,-5.850251611254707607e-01,9.999905978063011736e-01,-5.850164309723804301e-01,1.999987463741921490e+00,-5.850163599296379635e-01,5.851418725725640035e-01
8.169999999999998444e-03,-5.850248066283451065e-01,-5.850255039477255670e-01,9.999909705943925697e-01,-5.850232604434162376e-01,1.999987960792702468e+00,-5.850239627825000177e-01,5.851426042019043372e-01
8.180100000000000912e-03,-5.850248070783219401e-01,-5.850232133020280001e-01,9.999930864033220734e-01,-5.850214077101352217e-01,1.999990781871233470e+00,-5.850211571258990828e-01,5.851400438784903901e-01
8.190300000000001052e-03,-5.850248073493646839e-01,-5.850295737745977442e-01,9.999871315704155217e-01,-5.850166261836999837e-01,1.999982842094142788e+00,-5.850160869556376708e-01,5.851469533641304732e-01
8.200700000000000003e-03,-5.850248075040560547e-01,-5.850242808291674645e-01,9.999912063556471997e-01,-5.850143232314958253e-01,1.999988275141037608e+00,-5.850150245887992817e-01,5.851411222956319769e-01
8.211500000000000049e-03,-5.850248075821332661e-01,-5.850265405292630616e-01,9.999897002014357383e-01,-5.850260784940917169e-01,1.999986266935452450e+00,-5.850255585587276208e-01,5.851433990193852797e-01
8.222499999999998907e-03,-5.850248076073790715e-01,-5.850242672064566163e-01,9.999921753327654095e-01,-5.850191666046841155e-01,1.999989567110509237e+00,-5.850193971422773531e-01,5.851413114382901792e-01
8.233499999999997765e-03,-5.850248075985609031e-01,-5.850254678061076463e-01,9.999912987423059674e-01,-5.850192587525271382e-01,1.999988398323247374e+00,-5.850186596754910484e-01,5.851427428990674251e-01
8.244499999999996623e-03,-5.850248075686297344e-01,-5.850307085801170759e-01,9.999860601532428728e-01,-5.850197890771137166e-01,1.999981413537933905e+00,-5.850212756175826589e-01,5.851486178015395945e-01
8.255499999999995481e-03,-5.850248075256115898e-01,-5.850305303040302940e-01,9.999819466236503640e-01,-5.850231105181122881e-01,1.999975928831892347e+00,-5.850222654593970617e-01,5.851461935779893597e-01
8.266499999999994339e-03,-5.850248074744817117e-01,-5.850206232151613506e-01,9.999958619806634808e-01,-5.850147838653739774e-01,1.999994482640966798e+00,-5.850137087846941641e-01,5.851371727328200656e-01
8.277499999999996666e-03,-5.850248074183246327e-01,-5.850177181239657465e-01,1.000000166134874080e+00,-5.850176629937738904e-01,2.000000221513162035e+00,-5.850188128085012096e-01,5.851345889118928500e-01
8.288499999999995524e-03,-5.850248073590502695e-01,-5.850316710014544785e-01,9.999870780569305451e-01,-5.850181326786333402e-01,1.999982770742830818e+00,-5.850172483053305283e-01,5.851505994028181057e-01
8.299249999999997601e-03,-5.850248072992521031e-01,-5.850316987938122271e-01,9.999818893222474081e-01,-5.850150042922932503e-01,1.999975852430022849e+00,-5.850153744957635737e-01,5.851481261997001360e-01
8.309999999999999679e-03,-5.850248072382986386e-01,-5.850321935704650977e-01,9.999828096613867512e-01,-5.850213582225440856e-01,1.999977079548857173e+00,-5.850218574721529619e-01,5.851493675335515121e-01
8.320099999999998677e-03,-5.850248071803652028e-01,-5.850149425716065776e-01,9.999999605579490414e-01,-5.850113739281812553e-01,1.999999947410599388e+00,-5.850106989112021649e-01,5.851302871853565346e-01
8.330299999999998817e-03,-5.850248071214421142e-01,-5.850218002117608673e-01,9.999972788256428213e-01,-5.850170189612466931e-01,1.999996371767577719e+00,-5.850172543737711672e-01,5.851396798442781710e-01
8.340699999999997769e-03,-5.850248070610876150e-01,-5.850292572662008084e-01,9.999873402004099132e-01,-5.850205135744318552e-01,1.999983120267464942e+00,-5.850206944725945268e-01,5.851463523259213817e-01
8.351500000000001284e-03,-5.850248069982241228e-01,-5.850240495605124602e-01,9.999914407638292868e-01,-5.850217726277989749e-01,1.999988587685275654e+00,-5.850218955702761736e-01,5.851404847003541798e-01
8.362500000000000142e-03,-5.850248069340738821e-01,-5.850198416375618216e-01,9.999983300453165747e-01,-5.850227945758066372e-01,1.999997773393788592e+00,-5.850229958289845378e-01,5.851375360663557679e-01
8.370012099999999192e-03,-5.850248068902172971e-01,-5.850256578516365158e-01,9.999922098824052252e-01,-5.850212736328074259e-01,1.999989613176694769e+00,-5.850208876307650963e-01,5.851434358095171095e-01
8.370022050000001934e-03,-5.850240128603871881e-01,-5.850256648381393365e-01,9.999922001760848111e-01,-5.850212698165865310e-01,1.999989600234934661e+00,-5.850208881420748686e-01,5.851426376370747473e-01
8.370035410000004061e-03,-5.850197006051167659e-01,-5.850256251810236341e-01,9.999921872579692339e-01,-5.850212644978676213e-01,1.999989583010780780e+00,-5.850208398828249390e-01,5.851383191705220588e-01
8.377177810001096986e-03,-5.850196952361716995e-01,-5.850188530343947146e-01,9.999981367328943938e-01,-5.850195747989206385e-01,1.999997515643896273e+00,-5.850198177640906216e-01,5.851354540593484144e-01
8.388499999999994919e-03,-5.850196867252765998e-01,-5.850201324789940927e-01,9.999982181787665514e-01,-5.850188408678113072e-01,1.999997624238391003e+00,-5.850184962997644345e-01,5.851375116160169032e-01
8.399249999999996996e-03,-5.850196786444976649e-01,-5.850165244869500736e-01,1.000000791778578035e+00,-5.850144296359292007e-01,2.000001055704755171e+00,-5.850141776655507497e-01,5.851329768331560155e-01
8.409999999999999074e-03,-5.850196705637177308e-01,-5.850216259983423983e-01,9.999969844702758515e-01,-5.850206383038452085e-01,1.999995979293760939e+00,-5.850211576692997406e-01,5.851393042519809073e-01
8.420099999999998072e-03,-5.850196629715440633e-01,-5.850231581333824593e-01,9.999938829864066792e-01,-5.850170351660485268e-01,1.999991843981997031e+00,-5.850167034382625086e-01,5.851402403615864056e-01
8.430299999999998212e-03,-5.850196553042000813e-01,-5.850223976280332083e-01,9.999944494758814528e-01,-5.850152811627210570e-01,1.999992599301285257e+00,-5.850152271084412270e-01,5.851393390580825749e-01
8.440700000000000633e-03,-5.850196474865161367e-01,-5.850224289784807796e-01,9.999945321315950597e-01,-5.850166079477095993e-01,1.999992709508901845e+00,-5.850166275794558279e-01,5.851392150684573412e-01
8.451500000000000679e-03,-5.850196393681523777e-01,-5.850190425209328415e-01,9.999990936883899062e-01,-5.850166451583094229e-01,1.999998791584537861e+00,-5.850172286078547668e-01,5.851369955577450099e-01
8.462499999999999536e-03,-5.850196310994489890e-01,-5.850284384772921342e-01,9.999860081344699170e-01,-5.850159862995505389e-01,1.999981344179571296e+00,-5.850139653694879094e-01,5.851439162994835907e-01
8.473499999999998394e-03,-5.850196228307451563e-01,-5.850141748237521755e-01,1.000004315592000426e+00,-5.850114174205258699e-01,2.000005754122581081e+00,-5.850134513809992498e-01,5.851312576226537221e-01
8.484499999999997252e-03,-5.850196145620411015e-01,-5.850213279265015220e-01,9.999993229910272285e-01,-5.850261483951331165e-01,1.999999097321383035e+00,-5.850267200383690858e-01,5.851401058147618350e-01
8.495499999999996110e-03,-5.850196062933370467e-01,-5.850269147327890051e-01,9.999865473810704009e-01,-5.850201926979530231e-01,1.999982063175027580e+00,-5.850190536782924333e-01,5.851425938947178995e-01
8.506499999999994968e-03,-5.850195980246334360e-01,-5.850225253559580008e-01,9.999955056661673503e-01,-5.850223360726930499e-01,1.999994007554979136e+00,-5.850231644347843041e-01,5.851400626994034404e-01
8.517499999999993826e-03,-5.850195897559290481e-01,-5.850180157338206177e-01,9.999979022981462240e-01,-5.850200385559952698e-01,1.999997203064236784e+00,-5.850195141682058564e-01,5.851339563489650342e-01
8.528499999999996153e-03,-5.850195814872244382e-01,-5.850226300635343879e-01,9.999966297249304192e-01,-5.850234951864686783e-01,1.999995506299974135e+00,-5.850237460727532035e-01,5.851407457706772064e-01
8.539249999999998231e-03,-5.850195734064456143e-01,-5.850161559836626335e-01,1.000000073445873605e+00,-5.850183648815300286e-01,2.000000097927830289e+00,-5.850180976376482267e-01,5.851320378613468209e-01
8.550000000000000308e-03,-5.850195653256667905e-01,-5.850190767169621830e-01,9.999998784706765065e-01,-5.850139544449807216e-01,1.999999837960904303e+00,-5.850132177511474518e-01,5.851366230435756099e-01
8.560099999999999307e-03,-5.850195577334926789e-01,-5.850155000703087804e-01,1.000002274770376731e+00,-5.850114899690108672e-01,2.000003033027123678e+00,-5.850115565762407099e-01,5.851321367967332598e-01
8.570299999999999446e-03,-5.850195500661486969e-01,-5.850197598186525072e-01,9.999989257464436676e-01,-5.850204400673612026e-01,1.999998567661946280e+00,-5.850209447779901595e-01,5.851371241997832540e-01
8.580699999999998398e-03,-5.850195422484648633e-01,-5.850194450708532390e-01,9.999980592479463803e-01,-5.850171782739862492e-01,1.999997412330633662e+00,-5.850164567444458008e-01,5.851361187288787180e-01
8.591499999999998444e-03,-5.850195341301015484e-01,-5.850141382040924265e-01,1.000004492362517539e+00,-5.850079562391938826e-01,2.000005989816600938e+00,-5.850093890363193827e-01,5.851314932462154950e-01
8.602499999999997302e-03,-5.850195258613978266e-01,-5.850178955089373467e-01,9.999993418210131324e-01,-5.850226590467051402e-01,1.999999122428030685e+00,-5.850218165795401104e-01,5.851339258340125804e-01
8.613499999999999629e-03,-5.850195175926935498e-01,-5.850118948659799312e-01,1.000009274771489487e+00,-5.850199184569170319e-01,2.000012366361801686e+00,-5.850203097117422368e-01,5.851300899020325241e-01
8.624499999999998487e-03,-5.850195093239899391e-01,-5.850219277582408006e-01,9.999958633059854440e-01,-5.850162814748502971e-01,1.999994484408062601e+00,-5.850158240042909741e-01,5.851391509792541745e-01
8.635499999999997345e-03,-5.850195010552859953e-01,-5.850225595520762711e-01,9.999941240988377000e-01,-5.850144782023144474e-01,1.999992165465233729e+00,-5.850145472606947950e-01,5.851393995573996865e-01
8.646499999999996203e-03,-5.850194927865813854e-01,-5.850202879380766996e-01,9.999967444343227374e-01,-5.850168697338026247e-01,1.999995659245828117e+00,-5.850172146095141690e-01,5.851370443673555855e-01
8.657499999999995061e-03,-5.850194845178766645e-01,-5.850232720644290563e-01,9.999948370989992785e-01,-5.850236598543880895e-01,1.999993116132101623e+00,-5.850242768961622097e-01,5.851409069788344741e-01
8.668499999999993919e-03,-5.850194762491729428e-01,-5.850218230382203677e-01,9.999943458666736840e-01,-5.850175311696855784e-01,1.999992461155677415e+00,-5.850166605408970710e-01,5.851383401386307526e-01
8.679249999999995996e-03,-5.850194681683944520e-01,-5.850190021049325173e-01,9.999984479833453621e-01,-5.850100334769622323e-01,1.999997930644491273e+00,-5.850093298723344493e-01,5.851358116218613459e-01
8.690000000000001543e-03,-5.850194600876161832e-01,-5.850100700605316284e-01,1.000007972233209586e+00,-5.850215444302312440e-01,2.000010629644121352e+00,-5.850230962767988263e-01,5.851261174137144527e-01
8.700100000000000541e-03,-5.850194524954416275e-01,-5.850191342284832841e-01,1.000000944990794727e+00,-5.850120188390482978e-01,2.000001259987707058e+00,-5.850106989875699659e-01,5.851370606129292495e-01
8.710300000000000681e-03,-5.850194448280969794e-01,-5.850120124638560348e-01,1.000005779945812856e+00,-5.850210803721707098e-01,2.000007706594301826e+00,-5.850221974548296400e-01,5.851284594964353269e-01
8.720699999999999633e-03,-5.850194370104125907e-01,-5.850150293647183863e-01,1.000004504981635955e+00,-5.850232448279570896e-01,2.000006006642091716e+00,-5.850232955851715211e-01,5.851322282369344485e-01
8.731499999999999678e-03,-5.850194288920484986e-01,-5.850157008332785846e-01,1.000003361419508741e+00,-5.850252400494213578e-01,2.000004481892611707e+00,-5.850250365396728602e-01,5.851331608467318368e-01
8.742499999999998536e-03,-5.850194206233444438e-01,-5.850205231029955710e-01,9.999970232220288802e-01,-5.850198729806876941e-01,1.999996030962764237e+00,-5.850192400257478997e-01,5.851372674050460132e-01
8.750008111328123894e-03,-5.850194149794955001e-01,-5.850181569250362257e-01,9.999992327912902157e-01,-5.850171301887707731e-01,1.999998977055068794e+00,-5.850169026536916617e-01,5.851348348773197650e-01
8.752556822265741485e-03,-5.850194130636299228e-01,-5.850169217033395208e-01,1.000000440420646619e+00,-5.850189381110146858e-01,2.000000587227519944e+00,-5.850199882415254571e-01,5.851333656460177002e-01
8.763499999999996987e-03,-5.850194048376393674e-01,-5.850132190793820852e-01,1.000006531534465060e+00,-5.850265152021192350e-01,2.000008708712490257e+00,-5.850256845427818098e-01,5.851306464533625462e-01
8.774499999999995845e-03,-5.850193965689356457e-01,-5.850175283841340113e-01,1.000001289379447877e+00,-5.850173433452159344e-01,2.000001719172571857e+00,-5.850174476998856177e-01,5.851348098323401192e-01
8.785499999999998172e-03,-5.850193883002319239e-01,-5.850201889378230380e-01,9.999977810628079000e-01,-5.850181554938967965e-01,1.999997041417121091e+00,-5.850178430051720113e-01,5.851373846810273838e-01
8.796499999999997030e-03,-5.850193800315276471e-01,-5.850282680180601824e-01,9.999899408660370970e-01,-5.850206915838631616e-01,1.999986587821582562e+00,-5.850212097868625616e-01,5.851465499457939590e-01
8.807499999999995888e-03,-5.850193717628227041e-01,-5.850227198440349774e-01,9.999906875656624505e-01,-5.850153970156994898e-01,1.999987583421068083e+00,-5.850147422154373666e-01,5.851379878164546522e-01
8.818499999999994746e-03,-5.850193634941188714e-01,-5.850151209399465646e-01,1.000003242481492638e+00,-5.850184907387968591e-01,2.000004323308592014e+00,-5.850188153956151771e-01,5.851319212436477679e-01
8.829249999999996823e-03,-5.850193554133397145e-01,-5.850214156740886073e-01,9.999975557020516215e-01,-5.850143888631906819e-01,1.999996740936117234e+00,-5.850134629740457726e-01,5.851392443007936706e-01
8.839999999999998900e-03,-5.850193473325610016e-01,-5.850209851612334644e-01,9.999959588848538194e-01,-5.850100077173269186e-01,1.999994611846552139e+00,-5.850096093812101605e-01,5.851377812733714601e-01
8.850099999999997899e-03,-5.850193397403870010e-01,-5.850124847147532003e-01,1.000005073299098379e+00,-5.850215321777308963e-01,2.000006764398696735e+00,-5.850230437042083231e-01,5.851286880177792860e-01
8.860300000000001508e-03,-5.850193320730426860e-01,-5.850147884892655803e-01,1.000004814937021314e+00,-5.850209621430390028e-01,2.000006419915932643e+00,-5.850209594029835980e-01,5.851323277826673275e-01
8.870700000000000460e-03,-5.850193242553581863e-01,-5.850256468374910312e-01,9.999926415070095054e-01,-5.850264144455231685e-01,1.999990188676158853e+00,-5.850262224988986848e-01,5.851431215940789965e-01
8.881500000000000505e-03,-5.850193161369937611e-01,-5.850246096269677842e-01,9.999917256445013392e-01,-5.850152644395399948e-01,1.999988967526166173e+00,-5.850155606315445844e-01,5.851416698545398587e-01
8.892499999999999363e-03,-5.850193078682900394e-01,-5.850252484622928684e-01,9.999908613297162630e-01,-5.850220357621396250e-01,1.999987815106470057e+00,-5.850218566657179320e-01,5.851420215116494017e-01
8.903499999999998221e-03,-5.850192995995864287e-01,-5.850221419965865310e-01,9.999942271354158585e-01,-5.850203040296116930e-01,1.999992302847335868e+00,-5.850203737322658970e-01,5.851387762711086626e-01
8.914499999999997079e-03,-5.850192913308824849e-01,-5.850190017638512430e-01,9.999985898788162908e-01,-5.850200011503187136e-01,1.999998119838449551e+00,-5.850196646955759805e-01,5.851359037536775221e-01
8.925499999999995937e-03,-5.850192830621784301e-01,-5.850160476954301414e-01,1.000001499895352142e+00,-5.850176773379889283e-01,2.000001999860439916e+00,-5.850176865022632677e-01,5.851325402026846811e-01
8.936499999999994795e-03,-5.850192747934745974e-01,-5.850161426875866155e-01,1.000003455772551897e+00,-5.850207750416975827e-01,2.000004607696667325e+00,-5.850210590461505378e-01,5.851336736658799831e-01
8.947499999999993653e-03,-5.850192665247705426e-01,-5.850193191442537577e-01,9.999987185750104368e-01,-5.850183005052461693e-01,1.999998291433372710e+00,-5.850178234419429746e-01,5.851364459965209264e-01
8.958499999999995980e-03,-5.850192582560658217e-01,-5.850234536131179164e-01,9.999943411102411028e-01,-5.850165953340478175e-01,1.999992454813767084e+00,-5.850163950083411279e-01,5.851409521724579843e-01
8.969249999999998058e-03,-5.850192501752862206e-01,-5.850142118125826185e-01,1.000002179691127369e+00,-5.850176034070686537e-01,2.000002906254793267e+00,-5.850180717363172578e-01,5.851299448762264932e-01
8.980000000000000135e-03,-5.850192420945068417e-01,-5.850124685741467934e-01,1.000007075076908780e+00,-5.850211832230439724e-01,2.000009433435737449e+00,-5.850213720315723398e-01,5.851295242228251592e-01
8.990099999999999134e-03,-5.850192345023327301e-01,-5.850170706495469997e-01,1.000002284424661880e+00,-5.850248479129497303e-01,2.000003045899503729e+00,-5.850252518429632786e-01,5.851345730159356329e-01
9.000299999999999273e-03,-5.850192268349884150e-01,-5.850220434948232295e-01,9.999960503802782785e-01,-5.850167426120597147e-01,1.999994733840449568e+00,-5.850157148507599825e-01,5.851393576927319540e-01
9.010699999999998225e-03,-5.850192190173045814e-01,-5.850203279829343517e-01,9.999967321309310986e-01,-5.850088228354278774e-01,1.999995642841306376e+00,-5.850084568499774873e-01,5.851370428175864946e-01
9.021499999999998270e-03,-5.850192108989412665e-01,-5.850169519066519275e-01,1.000001117074438506e+00,-5.850153808109668230e-01,2.000001489432562174e+00,-5.850161619668057256e-01,5.851341312216259416e-01
9.032499999999997128e-03,-5.850192026302364345e-01,-5.850204522502606697e-01,9.999978009033584359e-01,-5.850204902844956534e-01,1.999997067871188250e+00,-5.850201731001176686e-01,5.851378409874395947e-01
9.043499999999995986e-03,-5.850191943615322687e-01,-5.850222529479622846e-01,9.999940009010106490e-01,-5.850151986963479933e-01,1.999992001201466696e+00,-5.850149270866855655e-01,5.851386880350227804e-01
9.054499999999998314e-03,-5.850191860928283250e-01,-5.850172039194856399e-01,1.000000627833250944e+00,-5.850183004314984947e-01,2.000000837110988972e+00,-5.850190655141457308e-01,5.851340236589772648e-01
9.065499999999997172e-03,-5.850191778241242702e-01,-5.850147880350978769e-01,1.000003524712255620e+00,-5.850171557058739813e-01,2.000004699616270809e+00,-5.850159918181669916e-01,5.851315158129585248e-01
9.076499999999996030e-03,-5.850191695554203264e-01,-5.850122368323735778e-01,1.000006861643469636e+00,-5.850138208388476757e-01,2.000009148857823327e+00,-5.850142166199130411e-01,5.851290507062069102e-01
9.087499999999994887e-03,-5.850191612867161606e-01,-5.850120225048046629e-01,1.000007718576424454e+00,-5.850139855796648858e-01,2.000010291435079246e+00,-5.850135406983181241e-01,5.851291223412505849e-01
9.098499999999993745e-03,-5.850191530180121058e-01,-5.850207656357103714e-01,9.999989721779262153e-01,-5.850211582322503157e-01,1.999998629570588271e+00,-5.850223176516219370e-01,5.851388899300056234e-01
9.109249999999995823e-03,-5.850191449372329489e-01,-5.850170476985108170e-01,9.999996505068451391e-01,-5.850180900563627384e-01,1.999999534009133884e+00,-5.850178101833449773e-01,5.851332611213000412e-01
9.119999999999997900e-03,-5.850191368564536809e-01,-5.850139233721322052e-01,1.000004758463656884e+00,-5.850147998153157891e-01,2.000006344618114440e+00,-5.850142835956261278e-01,5.851307325928379877e-01
9.130100000000000368e-03,-5.850191292642793472e-01,-5.850153730719145351e-01,1.000003737010029647e+00,-5.850217268293707029e-01,2.000004982679965071e+00,-5.850225384890682667e-01,5.851326028426524495e-01
9.140300000000000508e-03,-5.850191215969349212e-01,-5.850219614889758946e-01,9.999965920259558105e-01,-5.850184005633207729e-01,1.999995456034675545e+00,-5.850178165236727956e-01,5.851395758744654119e-01
9.150006499999998461e-03,-5.850191143005558647e-01,-5.850257837819986539e-01,9.999911910322675235e-01,-5.850111749918348591e-01,1.999988254709865299e+00,-5.850102093214762933e-01,5.851431489617532344e-01
9.150031550224606638e-03,-5.850191142817264822e-01,-5.850257923727527620e-01,9.999911795406800641e-01,-5.850111536041195937e-01,1.999988239387748612e+00,-5.850102207946269450e-01,5.851431235775357287e-01
9.158545747411898572e-03,-5.850191078816026069e-01,-5.850185051820218085e-01,9.999973805813545669e-01,-5.850115887136255743e-01,1.999996507441857974e+00,-5.850120492829903318e-01,5.851344958608469815e-01
9.169249999999996847e-03,-5.850190998352117200e-01,-5.850157784008542805e-01,1.000002791872528940e+00,-5.850161028352142134e-01,2.000003722496649594e+00,-5.850163223768073406e-01,5.851327523426187449e-01
9.170033797265626091e-03,-5.850191032171753180e-01,-5.850157558444571970e-01,1.000002822089958610e+00,-5.850162727694678821e-01,2.000003762786555228e+00,-5.850164671304833863e-01,5.851327499327296788e-01
9.179278411132868118e-03,-5.850201674064801072e-01,-5.850204999078174595e-01,9.999981544205764905e-01,-5.850139749435762093e-01,1.999997539227472032e+00,-5.850135512042115016e-01,5.851380610282721495e-01
9.189999999999998517e-03,-5.850209687975208572e-01,-5.850262886203306811e-01,9.999908915727984127e-01,-5.850201292583534496e-01,1.999987855430578998e+00,-5.850208949254195323e-01,5.851438174668145420e-01
9.200099999999997516e-03,-5.850214483507590879e-01,-5.850286296497705374e-01,9.999872791236555924e-01,-5.850224228790462666e-01,1.999983038831793181e+00,-5.850225922192181516e-01,5.851456905535872277e-01
9.210299999999997655e-03,-5.850217598731299873e-01,-5.850165883986491178e-01,9.999992145501421792e-01,-5.850179016267447185e-01,1.999998952733538449e+00,-5.850179029051411073e-01,5.851328308885715979e-01
9.220700000000000077e-03,-5.850219628777406644e-01,-5.850239998222842575e-01,9.999942691485931290e-01,-5.850249816180074225e-01,1.999992358864904451e+00,-5.850241396641531200e-01,5.851414134378692955e-01
9.231500000000000122e-03,-5.850220959034336810e-01,-5.850236645308736216e-01,9.999928051796838080e-01,-5.850067611506052367e-01,1.999990406906388074e+00,-5.850072142396820496e-01,5.851404668934115927e-01
9.242499999999998980e-03,-5.850221802542423521e-01,-5.850215389308173197e-01,9.999955916186291649e-01,-5.850180256993599004e-01,1.999994122158259779e+00,-5.850189130051463016e-01,5.851385910473523300e-01
9.253499999999997838e-03,-5.850222325126233081e-01,-5.850193017330060918e-01,9.999966798261126222e-01,-5.850230661408698518e-01,1.999995573101549518e+00,-5.850225432837764528e-01,5.851352238877407519e-01
9.264499999999996696e-03,-5.850222648792771096e-01,-5.850179294302235711e-01,1.000003639377375242e+00,-5.850239492195402624e-01,2.000004852503094899e+00,-5.850243187723365157e-01,5.851368801482008664e-01
9.275499999999995554e-03,-5.850222849165133132e-01,-5.850271669139071040e-01,9.999873332297427586e-01,-5.850173451233605659e-01,1.999983110973241773e+00,-5.850166263527196708e-01,5.851433922490422157e-01
9.286499999999994412e-03,-5.850222973116542269e-01,-5.850182090327122886e-01,9.999980943832614821e-01,-5.850162356667530927e-01,1.999997459177719872e+00,-5.850164912847396481e-01,5.851343700501469014e-01
9.297499999999993270e-03,-5.850223049700233879e-01,-5.850187273459090953e-01,1.000000539366799890e+00,-5.850152672398611919e-01,2.000000719155722084e+00,-5.850146207971874679e-01,5.851363936366547058e-01
9.308499999999995597e-03,-5.850223096924160870e-01,-5.850191906155411958e-01,9.999981109461975048e-01,-5.850122909912764957e-01,1.999997481261634347e+00,-5.850123949920806865e-01,5.851359469667577473e-01
9.319249999999997675e-03,-5.850223125435912719e-01,-5.850232618495445625e-01,9.999947332932440647e-01,-5.850201841838365002e-01,1.999992977724429855e+00,-5.850209516813128507e-01,5.851408349091439254e-01
9.329999999999999752e-03,-5.850223143066627385e-01,-5.850243451835795971e-01,9.999922351887807759e-01,-5.850181807281845670e-01,1.999989646918528541e+00,-5.850179091782875540e-01,5.851413598928393300e-01
9.340099999999998751e-03,-5.850223153366672646e-01,-5.850197437626506458e-01,9.999968918531108031e-01,-5.850253830466775051e-01,1.999995855804209466e+00,-5.850261620163053067e-01,5.851363435492661358e-01
9.350299999999998890e-03,-5.850223159845279186e-01,-5.850251180646551807e-01,9.999925106633364980e-01,-5.850218637717216064e-01,1.999990014217930989e+00,-5.850213310892399265e-01,5.851425013473229297e-01
9.360699999999997842e-03,-5.850223163848011776e-01,-5.850220152084198988e-01,9.999942603294361687e-01,-5.850196707336423607e-01,1.999992347106028800e+00,-5.850195111996626673e-01,5.851384220664762603e-01
9.371499999999997887e-03,-5.850223166238345263e-01,-5.850148008795990062e-01,1.000003827588392680e+00,-5.850173852446356459e-01,2.000005103451114596e+00,-5.850177853213823775e-01,5.851326568122190430e-01
9.382499999999996745e-03,-5.850223167511686695e-01,-5.850265183623702958e-01,9.999904512256213573e-01,-5.850178292133773050e-01,1.999987268301018251e+00,-5.850180259128464622e-01,5.851435255435690763e-01
9.393499999999999073e-03,-5.850223168056285505e-01,-5.850257500044070413e-01,9.999904009739981614e-01,-5.850237279757812825e-01,1.999987201298854878e+00,-5.850238098023429201e-01,5.851427370930251115e-01
9.404499999999997931e-03,-5.850223168149192299e-01,-5.850258360738075369e-01,9.999904696644742463e-01,-5.850227051370995301e-01,1.999987292886155066e+00,-5.850223124493584281e-01,5.851429002015819947e-01
9.415499999999996789e-03,-5.850223167962125270e-01,-5.850247843360016908e-01,9.999910420818256540e-01,-5.850210328085613254e-01,1.999988056109278878e+00,-5.850213196761464562e-01,5.851414709052581431e-01
9.426499999999995646e-03,-5.850223167601511509e-01,-5.850206842308083299e-01,9.999958835015133607e-01,-5.850178143886016757e-01,1.999994511335432934e+00,-5.850169270199317983e-01,5.851372621930259754e-01
9.437499999999994504e-03,-5.850223167133339341e-01,-5.850222591873759370e-01,9.999959009942407384e-01,-5.850152478081860341e-01,1.999994534659069290e+00,-5.850152600040335882e-01,5.851398006890107251e-01
9.448499999999993362e-03,-5.850223166598504942e-01,-5.850177269280316672e-01,9.999986752091405418e-01,-5.850201388112995504e-01,1.999998233612213960e+00,-5.850210755668665552e-01,5.851338756296968757e-01
9.459249999999995440e-03,-5.850223166035770639e-01,-5.850266051715762305e-01,9.999921622178347125e-01,-5.850268039153790900e-01,1.999989549623935492e+00,-5.850269074536883496e-01,5.851449455768769070e-01
9.470000000000000986e-03,-5.850223165448329432e-01,-5.850189307055410071e-01,9.999966419943230322e-01,-5.850142626599910134e-01,1.999995522659164138e+00,-5.850132877483557037e-01,5.851348222517573916e-01
9.480099999999999985e-03,-5.850223164882176752e-01,-5.850218872596947284e-01,9.999961898570669527e-01,-5.850134139607011674e-01,1.999994919809498173e+00,-5.850131798455371346e-01,5.851393379448400767e-01
9.490300000000000125e-03,-5.850223164301505685e-01,-5.850263266176030097e-01,9.999906100509097229e-01,-5.850135992263437723e-01,1.999987480068066148e+00,-5.850139363004465132e-01,5.851435203489915304e-01
9.500699999999999076e-03,-5.850223163703538454e-01,-5.850215499058895041e-01,9.999946746532933917e-01,-5.850244624842340091e-01,1.999992899537830215e+00,-5.850246881644345365e-01,5.851382493092907033e-01
9.511499999999999122e-03,-5.850223163078572819e-01,-5.850206433337239442e-01,9.999967925956034787e-01,-5.850174860123091847e-01,1.999995723460868291e+00,-5.850184499204765798e-01,5.851377283652268169e-01
9.522499999999997980e-03,-5.850223162439391889e-01,-5.850216072705681780e-01,9.999955903043779015e-01,-5.850282639111311633e-01,1.999994120405924836e+00,-5.850270194159382653e-01,5.851385283988944641e-01
9.533499999999996838e-03,-5.850223161798563387e-01,-5.850187642414398370e-01,9.999977858209456727e-01,-5.850185675386453399e-01,1.999997047761304714e+00,-5.850192417736045369e-01,5.851349840196764518e-01
9.544499999999995696e-03,-5.850223161156706819e-01,-5.850181767747602013e-01,1.000002584631559888e+00,-5.850225873844584479e-01,2.000003446175361521e+00,-5.850215288956885917e-01,5.851366994940335742e-01
9.555499999999994554e-03,-5.850223160514204102e-01,-5.850259035596865331e-01,9.999894340505677270e-01,-5.850134995617192191e-01,1.999985912067633542e+00,-5.850139872131632224e-01,5.851424157374888191e-01
9.566499999999996881e-03,-5.850223159871316136e-01,-5.850236674926531100e-01,9.999932196910541471e-01,-5.850205947043936039e-01,1.999990959588206607e+00,-5.850210675518116021e-01,5.851407624008544417e-01
9.570016274121092778e-03,-5.850223159661360750e-01,-5.850239859112221774e-01,9.999928467855853098e-01,-5.850221623973828056e-01,1.999990462380922374e+00,-5.850225814620941822e-01,5.851410862716842631e-01
9.570030000000000203e-03,-5.850168507554350805e-01,-5.850239613254051285e-01,9.999928452866779782e-01,-5.850221679890298399e-01,1.999990460382379487e+00,-5.850225501284357366e-01,5.851356253685093822e-01
9.570102610000068288e-03,-5.850165660849465654e-01,-5.850235684274812664e-01,9.999928441955350245e-01,-5.850221795816017423e-01,1.999990458927522141e+00,-5.850221270383876293e-01,5.851353692076698421e-01
9.580099999999999380e-03,-5.850165585699051984e-01,-5.850218907952768888e-01,9.999960577223719893e-01,-5.850193893734603190e-01,1.999994743629907701e+00,-5.850190410961289000e-01,5.851392152466919905e-01
9.590299999999999520e-03,-5.850165509025619937e-01,-5.850185122526805337e-01,9.999986451004929666e-01,-5.850177844723319920e-01,1.999998193467350971e+00,-5.850178742946356980e-01,5.851352128596311042e-01
9.600699999999998471e-03,-5.850165430848790482e-01,-5.850181591087449950e-01,9.999999310222594806e-01,-5.850211601522992133e-01,1.999999908029680640e+00,-5.850211008696578618e-01,5.851352791012811583e-01
9.611499999999998517e-03,-5.850165349665169545e-01,-5.850200730047180331e-01,9.999974712229908747e-01,-5.850170334250839321e-01,1.999996628297371348e+00,-5.850167802430376041e-01,5.851366925033585353e-01
9.622499999999997375e-03,-5.850165266978148981e-01,-5.850139505098301829e-01,1.000003817051378974e+00,-5.850162903466509245e-01,2.000005089401763136e+00,-5.850158230841863150e-01,5.851302787445267217e-01
9.633499999999996233e-03,-5.850165184291118425e-01,-5.850082413659301039e-01,1.000011980620095109e+00,-5.850129804093804342e-01,2.000015974159889076e+00,-5.850131952857036133e-01,5.851252568671155840e-01
9.644499999999998560e-03,-5.850165101604091200e-01,-5.850102384397194433e-01,1.000010693495406056e+00,-5.850149066569246825e-01,2.000014257993662170e+00,-5.850153038022036789e-01,5.851277452426428827e-01
9.655499999999997418e-03,-5.850165018917062865e-01,-5.850110034852381569e-01,1.000007720833318015e+00,-5.850175856086475834e-01,2.000010294444270809e+00,-5.850179221615030567e-01,5.851274454908783618e-01
9.666499999999996276e-03,-5.850164936230035639e-01,-5.850112096608310885e-01,1.000009726088752604e+00,-5.850235203265324868e-01,2.000012968118143331e+00,-5.850239125031834186e-01,5.851288106443801595e-01
9.677499999999995134e-03,-5.850164853543012855e-01,-5.850174327048656142e-01,1.000001924408463694e+00,-5.850195898203734979e-01,2.000002565877913696e+00,-5.850187665410032656e-01,5.851349785626202005e-01
9.688499999999993992e-03,-5.850164770855982299e-01,-5.850129162813515471e-01,1.000004650693490760e+00,-5.850227453562113489e-01,2.000006200924562272e+00,-5.850238310254990415e-01,5.851290637489058311e-01
9.699249999999996069e-03,-5.850164690048205163e-01,-5.850135577727400005e-01,1.000006307410329365e+00,-5.850190130542844980e-01,2.000008409880313920e+00,-5.850180012220423942e-01,5.851308973080846521e-01
9.709999999999998146e-03,-5.850164609240432467e-01,-5.850203707276419030e-01,9.999985817696396273e-01,-5.850184357280381331e-01,1.999998109026214443e+00,-5.850185055219353503e-01,5.851380662990380843e-01
9.720099999999997145e-03,-5.850164533318705784e-01,-5.850132261876777040e-01,1.000004256358850707e+00,-5.850138203745474108e-01,2.000005675145049899e+00,-5.850136566038445229e-01,5.851294681673639975e-01
9.730300000000000754e-03,-5.850164456645281508e-01,-5.850147864109451756e-01,1.000004591693589129e+00,-5.850201911363723806e-01,2.000006122258027652e+00,-5.850205517470299377e-01,5.851319393653108270e-01
9.740699999999999706e-03,-5.850164378468455384e-01,-5.850136248178107179e-01,1.000005350517756852e+00,-5.850195348456020961e-01,2.000007134023569222e+00,-5.850196330326514760e-01,5.851307858026981723e-01
9.751499999999999752e-03,-5.850164297284832227e-01,-5.850175493481195588e-01,1.000000861253631967e+00,-5.850202171063906276e-01,2.000001148338158341e+00,-5.850190373428628687e-01,5.851341566726512289e-01
9.762499999999998609e-03,-5.850164214597806112e-01,-5.850132871675810531e-01,1.000006586044308143e+00,-5.850114770054366531e-01,2.000008781392280000e+00,-5.850130332512878395e-01,5.851310903766759886e-01
9.773499999999997467e-03,-5.850164131910779997e-01,-5.850207040919201962e-01,9.999970016245480764e-01,-5.850193900982487705e-01,1.999996002166123832e+00,-5.850184229118465806e-01,5.851376591009306294e-01
9.784499999999996325e-03,-5.850164049223752771e-01,-5.850194398024628484e-01,9.999978958489487146e-01,-5.850139772324788323e-01,1.999997194465306771e+00,-5.850140530256169313e-01,5.851362321821806933e-01
9.795499999999995183e-03,-5.850163966536725546e-01,-5.850162837755160661e-01,1.000001428413155091e+00,-5.850143468095997390e-01,2.000001904550845477e+00,-5.850143110778825983e-01,5.851328931289422330e-01
9.806499999999994041e-03,-5.850163883849696100e-01,-5.850147560970750948e-01,1.000004346244505182e+00,-5.850202495240005574e-01,2.000005794992587571e+00,-5.850212324965192723e-01,5.851318750322132001e-01
9.817499999999996368e-03,-5.850163801162674426e-01,-5.850138783153360222e-01,1.000004775627914455e+00,-5.850125242654539148e-01,2.000006367503791349e+00,-5.850107436542307804e-01,5.851306656288597363e-01
9.828499999999995226e-03,-5.850163718475646091e-01,-5.850073173584706687e-01,1.000011767852243327e+00,-5.850127416390065171e-01,2.000015690469423735e+00,-5.850137105415144090e-01,5.851235446662071960e-01
9.839249999999997304e-03,-5.850163637667867844e-01,-5.850135528752414826e-01,1.000007664198133028e+00,-5.850241003236651416e-01,2.000010218930691419e+00,-5.850248461142112388e-01,5.851315458979543527e-01
9.849999999999999381e-03,-5.850163556860092928e-01,-5.850110527517788928e-01,1.000007755378846896e+00,-5.850132182374491174e-01,2.000010340504975392e+00,-5.850121261855270038e-01,5.851275846598191777e-01
9.860099999999998380e-03,-5.850163480938364025e-01,-5.850095375353712157e-01,1.000010380577207814e+00,-5.850131430688653156e-01,2.000013840769404361e+00,-5.850132195866507567e-01,5.851265301699665189e-01
9.870299999999998519e-03,-5.850163404264936418e-01,-5.850191738196969249e-01,1.000000722698707101e+00,-5.850174223920955319e-01,2.000000963598261627e+00,-5.850175411160182248e-01,5.851367219279001164e-01
9.880699999999997471e-03,-5.850163326088104743e-01,-5.850113040906731454e-01,1.000006996968560102e+00,-5.850143664343120387e-01,2.000009329291274174e+00,-5.850144795400323838e-01,5.851286092000222983e-01
9.891499999999997517e-03,-5.850163244904487136e-01,-5.850245829572222611e-01,9.999931163419971680e-01,-5.850142665597227731e-01,1.999990821789466189e+00,-5.850140315418388415e-01,5.851408718998472036e-01
9.902499999999999844e-03,-5.850163162217462132e-01,-5.850148032708516466e-01,1.000004663248722059e+00,-5.850186932460326172e-01,2.000006217664870078e+00,-5.850185169233814708e-01,5.851329438983827735e-01
9.913499999999998702e-03,-5.850163079530431576e-01,-5.850235527555273096e-01,9.999922591828227514e-01,-5.850100195318316265e-01,1.999989678910584212e+00,-5.850102861295046752e-01,5.851397009203134214e-01
9.924499999999997560e-03,-5.850162996843405461e-01,-5.850184636977603381e-01,1.000000224570251062e+00,-5.850179232133663199e-01,2.000000299426996975e+00,-5.850181098385168754e-01,5.851359326300996644e-01
9.935499999999996418e-03,-5.850162914156374905e-01,-5.850208736300033241e-01,9.999962747261931240e-01,-5.850137760374358731e-01,1.999995032968331587e+00,-5.850130594774232140e-01,5.851377300574075457e-01
9.946499999999995276e-03,-5.850162831469348790e-01,-5.850214347602764597e-01,9.999963327801975055e-01,-5.850131687549099402e-01,1.999995110373669283e+00,-5.850136289972215353e-01,5.851386897350105976e-01
9.950012644140623919e-03,-5.850162805064794691e-01,-5.850223161157553919e-01,9.999952531734660477e-01,-5.850147246211913066e-01,1.999993670898049025e+00,-5.850151556886652449e-01,5.851395574402172839e-01
9.956556822265738224e-03,-5.850162755872209130e-01,-5.850176927362426005e-01,9.999987067630544679e-01,-5.850149916986576715e-01,1.999998275684098381e+00,-5.850151070826533628e-01,5.851338207542391423e-01
9.967499999999993726e-03,-5.850162673612314679e-01,-5.850136565699886049e-01,1.000005431495125441e+00,-5.850181595582796268e-01,2.000007241993392970e+00,-5.850183774228017164e-01,5.851306369986839506e-01
9.978499999999992584e-03,-5.850162590925290784e-01,-5.850150196105857736e-01,1.000004194487007503e+00,-5.850165015954619241e-01,2.000005592649260144e+00,-5.850161512443060596e-01,5.851322146532224044e-01
9.989249999999998131e-03,-5.850162510117519199e-01,-5.850172696447797360e-01,1.000001447337059979e+00,-5.850137035069059577e-01,2.000001929782718069e+00,-5.850133459758103394e-01,5.851344876366536552e-01
1.000000000000000021e-02,-5.850162429309746503e-01,-5.850119196407990163e-01,1.000006334100005390e+00,-5.850187754402591533e-01,2.000008445466548324e+00,-5.850196527912014943e-01,5.851282858881011739e-01
1.001010000000000268e-02,-5.850162353388025371e-01,-5.850159968645032293e-01,1.000003647608007862e+00,-5.850279261849988810e-01,2.000004863477271577e+00,-5.850288968928533118e-01,5.851334468764534114e-01
1.002030000000000282e-02,-5.850162276714594434e-01,-5.850139892077010906e-01,1.000004572749019882e+00,-5.850192777199993976e-01,2.000006096998601990e+00,-5.850182497441638318e-01,5.851309986381556527e-01
1.003070000000000177e-02,-5.850162198537769420e-01,-5.850215022211917582e-01,9.999972572764705969e-01,-5.850073307326943972e-01,1.999996343035348456e+00,-5.850069585468301581e-01,5.851389182893707019e-01
1.004150000000000181e-02,-5.850162117354149593e-01,-5.850214233474015924e-01,9.999952565056636766e-01,-5.850208176855515863e-01,1.999993675340979049e+00,-5.850203507865313624e-01,5.851377375579170925e-01
1.005250000000000067e-02,-5.850162034667127919e-01,-5.850140030142146896e-01,1.000004900039352496e+00,-5.850125992471210123e-01,2.000006533385705776e+00,-5.850128822474987000e-01,5.851313514067767452e-01
1.006349999999999953e-02,-5.850161951980104025e-01,-5.850181280302816367e-01,1.000000447038719154e+00,-5.850153738695340611e-01,2.000000596051616508e+00,-5.850160833170655605e-01,5.851353344685882307e-01
1.007449999999999839e-02,-5.850161869293077910e-01,-5.850175795813353785e-01,9.999995774082672817e-01,-5.850178964365335688e-01,1.999999436544364739e+00,-5.850171272119564225e-01,5.851340102789176489e-01
1.008549999999999724e-02,-5.850161786606050685e-01,-5.850089995837023382e-01,1.000009104154068851e+00,-5.850088491634098942e-01,2.000012138871911205e+00,-5.850076747097729957e-01,5.851249311390364083e-01
1.009649999999999610e-02,-5.850161703919024569e-01,-5.850168127022604692e-01,1.000006584525120923e+00,-5.850198105080397504e-01,2.000008779366697187e+00,-5.850221923419438586e-01,5.851363041677607457e-01
1.010749999999999496e-02,-5.850161621231998454e-01,-5.850194700947538573e-01,9.999956122449799034e-01,-5.850257253276015534e-01,1.999994149660060172e+00,-5.850264122238396647e-01,5.851351600018543930e-01
1.011849999999999382e-02,-5.850161538544973450e-01,-5.850141736237809420e-01,1.000004648921875017e+00,-5.850194685749458001e-01,2.000006198562407800e+00,-5.850181611833153994e-01,5.851310836477149335e-01
1.012924999999999590e-02,-5.850161457737198534e-01,-5.850135512322178766e-01,1.000005524354162123e+00,-5.850158574973528536e-01,2.000007365805439807e+00,-5.850156615919835934e-01,5.851305065992489229e-01
1.014000000000000144e-02,-5.850161376929421397e-01,-5.850099056123135854e-01,1.000009332499763648e+00,-5.850205078608070597e-01,2.000012443332833012e+00,-5.850211848555755267e-01,5.851265117366408752e-01
1.015010000000000044e-02,-5.850161301007696935e-01,-5.850219804964251757e-01,9.999979681211306204e-01,-5.850183518799244586e-01,1.999997290828214647e+00,-5.850176791009180643e-01,5.851401833300873268e-01
1.016030000000000058e-02,-5.850161224334269328e-01,-5.850182076320218361e-01,9.999987161022902971e-01,-5.850068381615380897e-01,1.999998288136412672e+00,-5.850059567746969114e-01,5.851346331724276428e-01
1.017069999999999953e-02,-5.850161146157440983e-01,-5.850114419834365753e-01,1.000007146197118058e+00,-5.850128998856360951e-01,2.000009528262681968e+00,-5.850137788459728316e-01,5.851285204065078682e-01
1.018150000000000305e-02,-5.850161064973823377e-01,-5.850182034804934927e-01,1.000000160559954887e+00,-5.850218301534728660e-01,2.000000214079936445e+00,-5.850211644429953450e-01,5.851344415718982006e-01
1.019250000000000191e-02,-5.850160982286800593e-01,-5.850093360564441181e-01,1.000011473887100877e+00,-5.850158105023283150e-01,2.000015298515906537e+00,-5.850167933262485631e-01,5.851274229503411473e-01
1.020350000000000076e-02,-5.850160899599777808e-01,-5.850186348970796146e-01,9.999990569927227346e-01,-5.850187801818450550e-01,1.999998742656982520e+00,-5.850189411718498267e-01,5.851352051487260786e-01
1.021449999999999962e-02,-5.850160816912757245e-01,-5.850169442603742054e-01,1.000002281262726722e+00,-5.850219501358908669e-01,2.000003041683589888e+00,-5.850217797625159033e-01,5.851344593230799473e-01
1.022549999999999848e-02,-5.850160734225731129e-01,-5.850211031473921963e-01,9.999966367480682683e-01,-5.850240536429374139e-01,1.999995515664157786e+00,-5.850254727766120988e-01,5.851382840623979842e-01
1.023649999999999734e-02,-5.850160651538708345e-01,-5.850208363438691439e-01,9.999961242146865326e-01,-5.850306572877318478e-01,1.999994832286325686e+00,-5.850310121426044452e-01,5.851376164689809922e-01
1.024749999999999620e-02,-5.850160568851692222e-01,-5.850098909442138506e-01,1.000007027556027328e+00,-5.850248548405312388e-01,2.000009370074563364e+00,-5.850241781869607305e-01,5.851253647493860344e-01
1.025849999999999505e-02,-5.850160486164670548e-01,-5.850128854944358636e-01,1.000008733836736496e+00,-5.850220101494942870e-01,2.000011645115475023e+00,-5.850213050201718001e-01,5.851310002731713311e-01
1.026924999999999713e-02,-5.850160405356898963e-01,-5.850191599539920073e-01,9.999995342253613639e-01,-5.850223196243097279e-01,1.999999378967157737e+00,-5.850226258966418902e-01,5.851365873134455331e-01
1.027999999999999921e-02,-5.850160324549125157e-01,-5.850257630748768589e-01,9.999918002672059103e-01,-5.850185895257050683e-01,1.999989067023104194e+00,-5.850179029640906192e-01,5.851434195626060708e-01
1.029009999999999821e-02,-5.850160248627400694e-01,-5.850213643671088315e-01,9.999947652538450082e-01,-5.850178292042876871e-01,1.999993020338564076e+00,-5.850179177374396078e-01,5.851377650036452271e-01
1.030029999999999835e-02,-5.850160171953974197e-01,-5.850107382449012405e-01,1.000006922470256798e+00,-5.850227965764885907e-01,2.000009229960205026e+00,-5.850231751112747736e-01,5.851270112359194808e-01
1.031070000000000077e-02,-5.850160093777146963e-01,-5.850131384273044022e-01,1.000006794309689973e+00,-5.850174835702685039e-01,2.000009059079451479e+00,-5.850170356348787237e-01,5.851303948081215678e-01
1.032150000000000081e-02,-5.850160012593528247e-01,-5.850148240890628015e-01,1.000004147069970317e+00,-5.850190064029342496e-01,2.000005529426544637e+00,-5.850190080159410888e-01,5.851317127818289610e-01
1.033249999999999967e-02,-5.850159929906504352e-01,-5.850134710747383338e-01,1.000005868605822412e+00,-5.850198653681111249e-01,2.000007824807646717e+00,-5.850199834636766738e-01,5.851306830514726443e-01
1.034349999999999853e-02,-5.850159847219482678e-01,-5.850144906425647218e-01,1.000003915123706788e+00,-5.850190936330101898e-01,2.000005220164864816e+00,-5.850188876248019199e-01,5.851311189940088253e-01
1.035001342499999866e-02,-5.850159798258064425e-01,-5.850119692600319610e-01,1.000006782851655451e+00,-5.850188676698943047e-01,2.000009043802072561e+00,-5.850188617176872441e-01,5.851285846141737190e-01
1.035021039241208231e-02,-5.850159796777469889e-01,-5.850118961644943383e-01,1.000006877825949658e+00,-5.850188597819947489e-01,2.000009170434463357e+00,-5.850187878656202267e-01,5.851285424744562258e-01
1.036030000000000284e-02,-5.850159720933871821e-01,-5.850096373205045941e-01,1.000010090393805839e+00,-5.850155485675927469e-01,2.000013453858207058e+00,-5.850153771244261947e-01,5.851266678193381976e-01
1.037000368750000054e-02,-5.850159647991243217e-01,-5.850160404612175791e-01,1.000004044572238904e+00,-5.850197943758125296e-01,2.000005392762904677e+00,-5.850201276581480370e-01,5.851337709850693569e-01
1.037039642226565347e-02,-5.850161095391660515e-01,-5.850162584864325721e-01,1.000003692305504455e+00,-5.850198511410147351e-01,2.000004923073932517e+00,-5.850198111529255618e-01,5.851336634193872177e-01
1.038069999999999792e-02,-5.850191591124038748e-01,-5.850136365962425034e-01,1.000004893662378214e+00,-5.850125143735444011e-01,2.000006524883074288e+00,-5.850129420434829752e-01,5.851306248435036439e-01
1.039150000000000490e-02,-5.850211810337644369e-01,-5.850167231097240794e-01,1.000002348387021289e+00,-5.850256396732492759e-01,2.000003131182648275e+00,-5.850256362750320127e-01,5.851340959617689075e-01
1.040250000000000029e-02,-5.850224634669368706e-01,-5.850205725910907484e-01,9.999975022791314228e-01,-5.850228251363180920e-01,1.999996669705558450e+00,-5.850230832570921802e-01,5.851378332492468415e-01
1.041349999999999915e-02,-5.850232583282528598e-01,-5.850249594921793639e-01,9.999931042808706261e-01,-5.850256429066417185e-01,1.999990805707964503e+00,-5.850256302350744786e-01,5.851428911515886844e-01
1.042449999999999800e-02,-5.850237509797203694e-01,-5.850302720769463560e-01,9.999841449821000872e-01,-5.850198267116837325e-01,1.999978859976448531e+00,-5.850188037207573188e-01,5.851468081782792430e-01
1.043549999999999686e-02,-5.850240563135802319e-01,-5.850256428715036039e-01,9.999899023141696208e-01,-5.850177152258354552e-01,1.999986536419093408e+00,-5.850183437589757673e-01,5.851423154631114620e-01
1.044649999999999572e-02,-5.850242455430645361e-01,-5.850247582226467680e-01,9.999920378259223863e-01,-5.850151310224703805e-01,1.999989383768054463e+00,-5.850139400111570298e-01,5.851419346472919170e-01
1.045749999999999458e-02,-5.850243628080066260e-01,-5.850238866125393455e-01,9.999922670301211181e-01,-5.850125659365473796e-01,1.999989689373648405e+00,-5.850131028074172512e-01,5.851406380285728570e-01
1.046849999999999344e-02,-5.850244354674329905e-01,-5.850253105675885523e-01,9.999916476936948628e-01,-5.850175996943919321e-01,1.999988863591758870e+00,-5.850179021995509654e-01,5.851426230044799448e-01
1.047924999999999725e-02,-5.850244796771849609e-01,-5.850286363632417608e-01,9.999875239727641363e-01,-5.850146705899934574e-01,1.999983365297266724e+00,-5.850142246445266814e-01,5.851459514710825038e-01
1.049000000000000106e-02,-5.850245073556539221e-01,-5.850281444440659229e-01,9.999872566948710961e-01,-5.850216572836480777e-01,1.999983008926747852e+00,-5.850225959935902997e-01,5.851450348249253031e-01
1.050010000000000006e-02,-5.850245238428708472e-01,-5.850300588695142023e-01,9.999855780455924048e-01,-5.850104937408108219e-01,1.999980770727742829e+00,-5.850093195517120925e-01,5.851473013667209955e-01
1.051030000000000020e-02,-5.850245345325696400e-01,-5.850336816152621466e-01,9.999813139130159234e-01,-5.850186413263981366e-01,1.999975085217726045e+00,-5.850193684906210834e-01,5.851506754822080048e-01
1.052070000000000262e-02,-5.850245414773482810e-01,-5.850231615517105244e-01,9.999915510747262593e-01,-5.850185120654749493e-01,1.999988734766469767e+00,-5.850185957238301926e-01,5.851395437263944288e-01
1.053150000000000266e-02,-5.850245460056421321e-01,-5.850218855354526459e-01,9.999954848818281006e-01,-5.850174176309824725e-01,1.999993979842527470e+00,-5.850171663908961817e-01,5.851392919751644550e-01
1.054250000000000152e-02,-5.850245488535547045e-01,-5.850262573824206447e-01,9.999898020375800334e-01,-5.850133563297861272e-01,1.999986402716976031e+00,-5.850131845631971750e-01,5.851429501153896373e-01
1.055350000000000038e-02,-5.850245505942999191e-01,-5.850235498441079818e-01,9.999933218913129584e-01,-5.850144100786804913e-01,1.999991095855216505e+00,-5.850143389049972109e-01,5.851407112440352165e-01
1.056449999999999924e-02,-5.850245516487935227e-01,-5.850241792689578890e-01,9.999921199554812068e-01,-5.850173736080417353e-01,1.999989493274131558e+00,-5.850187233024688460e-01,5.851410077776931784e-01
1.057549999999999810e-02,-5.850245522779301544e-01,-5.850227585456490020e-01,9.999940540654818077e-01,-5.850196313867005449e-01,1.999992072087427131e+00,-5.850180674442744255e-01,5.851397050363522645e-01
1.058649999999999695e-02,-5.850245526434200150e-01,-5.850256381596898869e-01,9.999917851042938732e-01,-5.850143862151905294e-01,1.999989046805888515e+00,-5.850148786385458433e-01,5.851432239859911677e-01
1.059749999999999581e-02,-5.850245528454943722e-01,-5.850227887877268440e-01,9.999924313404431331e-01,-5.850179690002187405e-01,1.999989908454074428e+00,-5.850185012454670597e-01,5.851389531648779618e-01
1.060849999999999467e-02,-5.850245529462793082e-01,-5.850269189538694903e-01,9.999909557630594081e-01,-5.850223617891797678e-01,1.999987941017592252e+00,-5.850223250840496103e-01,5.851448670193323265e-01
1.061924999999999675e-02,-5.850245529839206426e-01,-5.850222708040466735e-01,9.999930395908684932e-01,-5.850238170720279962e-01,1.999990719454629584e+00,-5.850243502605443346e-01,5.851384262685500603e-01
1.062999999999999882e-02,-5.850245529840244485e-01,-5.850307196345382321e-01,9.999865764727072781e-01,-5.850269299662235190e-01,1.999982101963876158e+00,-5.850268221364774979e-01,5.851488295605549173e-01
1.064009999999999782e-02,-5.850245529625093255e-01,-5.850234102456660645e-01,9.999914723825102936e-01,-5.850233272730839262e-01,1.999988629843516330e+00,-5.850232964176912409e-01,5.851395659402135463e-01
1.065030000000000143e-02,-5.850245529272453116e-01,-5.850217861799256180e-01,9.999952327031914612e-01,-5.850232698670307929e-01,1.999993643604349947e+00,-5.850232227497949022e-01,5.851388005344584364e-01
1.066070000000000038e-02,-5.850245528823100338e-01,-5.850244570799362220e-01,9.999926119120663426e-01,-5.850256134023367194e-01,1.999990149216235080e+00,-5.850255785854505675e-01,5.851416112251043300e-01
1.067150000000000043e-02,-5.850245528295527908e-01,-5.850246727891943443e-01,9.999917822971415848e-01,-5.850234942187970688e-01,1.999989043063018723e+00,-5.850235316540157715e-01,5.851416332946755006e-01
1.068249999999999929e-02,-5.850245527718120897e-01,-5.850234175771388268e-01,9.999927503915088112e-01,-5.850213570818429965e-01,1.999990333855489189e+00,-5.850194546154339204e-01,5.851399992670183181e-01
1.069350000000000162e-02,-5.850245527115571775e-01,-5.850212220418620213e-01,9.999969457847078802e-01,-5.850086474511939638e-01,1.999995927713004606e+00,-5.850099318715457075e-01,5.851388334274443270e-01
1.070450000000000047e-02,-5.850245526497438453e-01,-5.850278578875238722e-01,9.999890011194411121e-01,-5.850171743003493852e-01,1.999985334826140049e+00,-5.850173448314541780e-01,5.851454118269721061e-01
1.071549999999999933e-02,-5.850245525869641749e-01,-5.850304326464634830e-01,9.999842698566102639e-01,-5.850147115097673600e-01,1.999979026475792843e+00,-5.850140495221805015e-01,5.851472221276928787e-01
1.072649999999999819e-02,-5.850245525235862054e-01,-5.850262165637029055e-01,9.999887674482712541e-01,-5.850144174937824681e-01,1.999985023264584605e+00,-5.850150199377085469e-01,5.851426738304573716e-01
1.073749999999999705e-02,-5.850245524598368663e-01,-5.850263443317241796e-01,9.999905404304559875e-01,-5.850150852599692586e-01,1.999987387240795611e+00,-5.850145588951261022e-01,5.851437484366750486e-01
1.074849999999999590e-02,-5.850245523958575999e-01,-5.850257923313744168e-01,9.999898829302665826e-01,-5.850177070602479157e-01,1.999986510573889653e+00,-5.850184448886588395e-01,5.851425377611348955e-01
1.075924999999999798e-02,-5.850245523331939479e-01,-5.850258021156063970e-01,9.999905680801174368e-01,-5.850198438078383356e-01,1.999987424107010581e+00,-5.850198128951482612e-01,5.851428871551099808e-01
1.077000000000000006e-02,-5.850245522704458079e-01,-5.850369723834145663e-01,9.999790627035904933e-01,-5.850215573964939741e-01,1.999972083605203066e+00,-5.850215491586565619e-01,5.851552053618794824e-01
1.077002029999999874e-02,-5.850245250983631129e-01,-5.850369967575150820e-01,9.999790318368093622e-01,-5.850215571729552311e-01,1.999972042449495779e+00,-5.850215432604880528e-01,5.851551535540919780e-01
1.077003099999999935e-02,-5.850191185544217909e-01,-5.850369793987051370e-01,9.999790156140428987e-01,-5.850215569001766536e-01,1.999972020819140495e+00,-5.850215099830965437e-01,5.851497329468478004e-01
1.077117781000110075e-02,-5.850191176923639214e-01,-5.850334952461906379e-01,9.999787061643342634e-01,-5.850196909345657392e-01,1.999971608219535124e+00,-5.850174702755915890e-01,5.851483406440652901e-01
1.078249999999999868e-02,-5.850191091814688216e-01,-5.850209465038396228e-01,9.999956388310404787e-01,-5.850163646299247899e-01,1.999994185108140643e+00,-5.850173372878749722e-01,5.851380036173208232e-01
1.079349999999999754e-02,-5.850191009127646558e-01,-5.850204486157593031e-01,9.999960281117991068e-01,-5.850192319877794978e-01,1.999994704149144376e+00,-5.850183362203292825e-01,5.851368108459128470e-01
1.080449999999999640e-02,-5.850190926440604899e-01,-5.850166702861993029e-01,1.000002228254101011e+00,-5.850180030335363490e-01,2.000002971005423458e+00,-5.850190337583111022e-01,5.851339949410453434e-01
1.081549999999999526e-02,-5.850190843753566572e-01,-5.850231409463116927e-01,9.999956464839573345e-01,-5.850252289829916963e-01,1.999994195312029488e+00,-5.850254623517395780e-01,5.851411078241687269e-01
1.082649999999999758e-02,-5.850190761066524914e-01,-5.850186976553259921e-01,9.999956734431711958e-01,-5.850200592564538393e-01,1.999994231257647748e+00,-5.850195251002879848e-01,5.851339328086925251e-01
1.083749999999999644e-02,-5.850190678379481035e-01,-5.850205960684408124e-01,9.999999564949740849e-01,-5.850181004681437313e-01,1.999999941993299668e+00,-5.850173787772077194e-01,5.851391167536607041e-01
1.084849999999999530e-02,-5.850190595692441597e-01,-5.850205377082695613e-01,9.999954776264022849e-01,-5.850173482593807872e-01,1.999993970168626234e+00,-5.850180689204681483e-01,5.851368262835198175e-01
1.085924999999999911e-02,-5.850190514884653359e-01,-5.850191968237916651e-01,9.999987189324091030e-01,-5.850144777570526200e-01,1.999998291909903969e+00,-5.850137592063666681e-01,5.851362549409536706e-01
1.087000000000000292e-02,-5.850190434076862900e-01,-5.850171632049877557e-01,1.000000646507915425e+00,-5.850189104161725995e-01,2.000000862010540725e+00,-5.850195950120616883e-01,5.851339301309074203e-01
1.088010000000000192e-02,-5.850190358155118453e-01,-5.850175416261064187e-01,1.000000807610050169e+00,-5.850175110801754119e-01,2.000001076813383794e+00,-5.850172071659254236e-01,5.851346413050579898e-01
1.089030000000000206e-02,-5.850190281481675303e-01,-5.850211622605302475e-01,9.999969402788390083e-01,-5.850127672606846296e-01,1.999995920371846037e+00,-5.850126209907823283e-01,5.851384290875394356e-01
1.090070000000000101e-02,-5.850190203304831416e-01,-5.850205634251004483e-01,9.999967404486468370e-01,-5.850216600467788020e-01,1.999995653931593953e+00,-5.850218692932792619e-01,5.851375256347216558e-01
1.091150000000000106e-02,-5.850190122121197156e-01,-5.850209262772452234e-01,9.999967855668282501e-01,-5.850163550632084819e-01,1.999995714089167986e+00,-5.850167350499971830e-01,5.851382883241169619e-01
1.092249999999999992e-02,-5.850190039434152167e-01,-5.850236651906921548e-01,9.999922804350834804e-01,-5.850191900795084221e-01,1.999989707246931481e+00,-5.850179191309688997e-01,5.851398570653297826e-01
1.093349999999999878e-02,-5.850189956747112729e-01,-5.850163390249588646e-01,1.000001961132577222e+00,-5.850148390543837840e-01,2.000002614843397364e+00,-5.850162441891455511e-01,5.851334307810999169e-01
1.094449999999999763e-02,-5.850189874060073292e-01,-5.850173171353389989e-01,1.000001051591487222e+00,-5.850216174414805126e-01,2.000001402121962091e+00,-5.850210444432598633e-01,5.851343663563783881e-01
1.095549999999999649e-02,-5.850189791373029413e-01,-5.850178135409006552e-01,1.000000420580630101e+00,-5.850163783249527905e-01,2.000000560774165326e+00,-5.850160404652179347e-01,5.851348619722603894e-01
1.096649999999999535e-02,-5.850189708685987755e-01,-5.850146613780365934e-01,1.000002991087262316e+00,-5.850175218897364360e-01,2.000003988116290543e+00,-5.850182052398251731e-01,5.851310470160718813e-01
1.097749999999999421e-02,-5.850189625998947207e-01,-5.850173811154054659e-01,1.000002591186119671e+00,-5.850242180421645344e-01,2.000003454914775158e+00,-5.850244421456364252e-01,5.851352301582714022e-01
1.098849999999999306e-02,-5.850189543311903329e-01,-5.850118635997562100e-01,1.000005392981467844e+00,-5.850242654774103768e-01,2.000007190641849952e+00,-5.850245806272883486e-01,5.851277358138702311e-01
1.099925000000000035e-02,-5.850189462504111759e-01,-5.850176038906775844e-01,1.000002729443771221e+00,-5.850227949723910692e-01,2.000003639258307153e+00,-5.850221033886353617e-01,5.851356455708993654e-01
1.101000000000000069e-02,-5.850189381696320190e-01,-5.850194631221418140e-01,9.999982902095393422e-01,-5.850161189798245287e-01,1.999997720279419688e+00,-5.850156975515561353e-01,5.851364717715361596e-01
1.102009999999999969e-02,-5.850189305774579074e-01,-5.850148154337877493e-01,1.000002996230795027e+00,-5.850214220982423718e-01,2.000003994974333565e+00,-5.850220017302105724e-01,5.851313233399825231e-01
1.103030000000000330e-02,-5.850189229101137034e-01,-5.850113107022200110e-01,1.000007765573223573e+00,-5.850144718442973346e-01,2.000010354097477183e+00,-5.850140992532176787e-01,5.851282099039877282e-01
1.104070000000000225e-02,-5.850189150924285375e-01,-5.850164877927473972e-01,1.000003153229558350e+00,-5.850236803975165101e-01,2.000004204306015776e+00,-5.850234784479304562e-01,5.851340992047112666e-01
1.105150000000000229e-02,-5.850189069740645564e-01,-5.850227062925341670e-01,9.999948163876862806e-01,-5.850117869160026407e-01,1.999993088517018069e+00,-5.850116817634922750e-01,5.851394651512341616e-01
1.106250000000000115e-02,-5.850188987053603906e-01,-5.850182759631343821e-01,9.999993054959724903e-01,-5.850175720591934692e-01,1.999999073994643828e+00,-5.850183707647025333e-01,5.851352070533628602e-01
1.107350000000000001e-02,-5.850188904366565579e-01,-5.850187193505019811e-01,9.999997214152781533e-01,-5.850231565211634344e-01,1.999999628553709830e+00,-5.850231427827649044e-01,5.851360398955520736e-01
1.108449999999999887e-02,-5.850188821679525031e-01,-5.850191256248679084e-01,9.999976869060440698e-01,-5.850210802048245728e-01,1.999996915874771464e+00,-5.850208659411618717e-01,5.851355597866780833e-01
1.109549999999999773e-02,-5.850188738992484483e-01,-5.850166339755733524e-01,1.000002288203634127e+00,-5.850206919771473446e-01,2.000003050938133686e+00,-5.850205310360199196e-01,5.851339123398541231e-01
1.110649999999999658e-02,-5.850188656305440604e-01,-5.850190349049362304e-01,9.999991457298678110e-01,-5.850229305233609622e-01,1.999998860973174031e+00,-5.850236070930437959e-01,5.851361985099374774e-01
1.111749999999999544e-02,-5.850188573618392285e-01,-5.850192409962547968e-01,9.999983952551738664e-01,-5.850245975114650721e-01,1.999997860340263500e+00,-5.850244318026259771e-01,5.851361660640294060e-01
1.112849999999999430e-02,-5.850188490931355068e-01,-5.850155645790475756e-01,1.000002185526091436e+00,-5.850184007951352294e-01,2.000002914034745061e+00,-5.850177249497636733e-01,5.851321143306917882e-01
1.113924999999999638e-02,-5.850188410123562388e-01,-5.850196896257259249e-01,9.999993125274803107e-01,-5.850164387374651165e-01,1.999999083369987218e+00,-5.850161970808281930e-01,5.851373308904224135e-01
1.114999999999999845e-02,-5.850188329315775260e-01,-5.850159314038019254e-01,1.000001547053333439e+00,-5.850286378354457861e-01,2.000002062737747277e+00,-5.850302515455373387e-01,5.851323931226695141e-01
1.115005797226562706e-02,-5.850188328880011612e-01,-5.850159018956625490e-01,1.000001585923862679e+00,-5.850287053808921334e-01,2.000002114565118561e+00,-5.850301524292633726e-01,5.851324279224732194e-01
1.116000000000000499e-02,-5.850188254145769484e-01,-5.850207916481793280e-01,9.999978683620978082e-01,-5.850165996901164345e-01,1.999997157816172821e+00,-5.850147458346969254e-01,5.851383959590275019e-01
1.117010000000000051e-02,-5.850188178224028368e-01,-5.850191346465205555e-01,9.999981822675063636e-01,-5.850114949743129289e-01,1.999997576356711271e+00,-5.850111178863446337e-01,5.851359688581715401e-01
1.118030000000000065e-02,-5.850188101550579667e-01,-5.850246587117363672e-01,9.999930690602151229e-01,-5.850249499741111414e-01,1.999990758747091091e+00,-5.850263177523207236e-01,5.851420714227726361e-01
1.119069999999999961e-02,-5.850188023373731339e-01,-5.850231301486721325e-01,9.999933859236552758e-01,-5.850287889352963067e-01,1.999991181231671966e+00,-5.850286681496089658e-01,5.851401726824315697e-01
1.120150000000000312e-02,-5.850187942190089307e-01,-5.850252773928318328e-01,9.999909600020260303e-01,-5.850162336685295061e-01,1.999987946669547823e+00,-5.850157336094464755e-01,5.851417817406495692e-01
1.121250000000000198e-02,-5.850187859503055421e-01,-5.850189320880799793e-01,9.999984952823069984e-01,-5.850176063526498771e-01,1.999997993709772715e+00,-5.850170282098642316e-01,5.851359855068952731e-01
1.122350000000000084e-02,-5.850187776816014873e-01,-5.850210514448528354e-01,9.999971761161885464e-01,-5.850116705450781884e-01,1.999996234821640684e+00,-5.850116464529296900e-01,5.851385472166525936e-01
1.123449999999999969e-02,-5.850187694128974325e-01,-5.850230178550005489e-01,9.999930187399448389e-01,-5.850131626539368801e-01,1.999990691653398489e+00,-5.850132782120892605e-01,5.851395239649016533e-01
1.124549999999999855e-02,-5.850187611441923785e-01,-5.850201921511511971e-01,9.999975267223338848e-01,-5.850195710608125932e-01,1.999996702296494400e+00,-5.850204820590756416e-01,5.851372959985761124e-01
1.125649999999999741e-02,-5.850187528754883237e-01,-5.850210618282307706e-01,9.999964123232492064e-01,-5.850203135016327494e-01,1.999995216431070144e+00,-5.850198724269964901e-01,5.851381231019957552e-01
1.126749999999999627e-02,-5.850187446067847130e-01,-5.850170497786510992e-01,9.999999292459659239e-01,-5.850161906348032570e-01,1.999999905661289379e+00,-5.850160017553759362e-01,5.851333967140840420e-01
1.127849999999999513e-02,-5.850187363380803252e-01,-5.850147382152824926e-01,1.000004139645879864e+00,-5.850218349098239567e-01,2.000005519527757514e+00,-5.850226723247775595e-01,5.851317392846385745e-01
1.128924999999999720e-02,-5.850187282573016123e-01,-5.850146570089950204e-01,1.000004229670106159e+00,-5.850163278004827383e-01,2.000005639560057613e+00,-5.850153504060126020e-01,5.851316506551746954e-01
1.129999999999999928e-02,-5.850187201765227885e-01,-5.850125542408750601e-01,1.000006381541860945e+00,-5.850221876414745115e-01,2.000008508722354694e+00,-5.850231974118755840e-01,5.851293249210386405e-01
1.131009999999999828e-02,-5.850187125843482328e-01,-5.850118410260521928e-01,1.000007643865595819e+00,-5.850136786380206733e-01,2.000010191820642991e+00,-5.850125589923897973e-01,5.851288584026830275e-01
1.132029999999999842e-02,-5.850187049170033626e-01,-5.850182791154358020e-01,1.000001163255638037e+00,-5.850185701123683524e-01,2.000001551007493994e+00,-5.850191003122054978e-01,5.851357993144294944e-01
1.133070000000000431e-02,-5.850186970993189739e-01,-5.850185195375141589e-01,9.999993166818859081e-01,-5.850228657200288174e-01,1.999999088909194533e+00,-5.850228342805300352e-01,5.851352897454954460e-01
1.134150000000000089e-02,-5.850186889809556590e-01,-5.850143080503444892e-01,1.000004117035184104e+00,-5.850150345964627574e-01,2.000005489380164203e+00,-5.850151707317021721e-01,5.851312685236962352e-01
1.135249999999999974e-02,-5.850186807122521593e-01,-5.850133783297221113e-01,1.000004735947581880e+00,-5.850176398138607903e-01,2.000006314596681989e+00,-5.850168305809740898e-01,5.851295334681467786e-01
1.136349999999999860e-02,-5.850186724435488816e-01,-5.850092569688152278e-01,1.000012909101340774e+00,-5.850179130906993930e-01,2.000017212134864941e+00,-5.850197844206499465e-01,5.851276232633247920e-01
1.137450000000000093e-02,-5.850186641748447158e-01,-5.850212153061876696e-01,9.999971233911696400e-01,-5.850252943960146945e-01,1.999996164521616659e+00,-5.850250352182921887e-01,5.851386205184041511e-01
1.138549999999999979e-02,-5.850186559061409941e-01,-5.850205742099514605e-01,9.999955280943463309e-01,-5.850240835947199125e-01,1.999994037459217333e+00,-5.850246190010954805e-01,5.851368701246916215e-01
1.139649999999999865e-02,-5.850186476374370503e-01,-5.850155742007274728e-01,1.000002677695633890e+00,-5.850200428722353019e-01,2.000003570260791896e+00,-5.850185876472148161e-01,5.851323782263146978e-01
1.140749999999999750e-02,-5.850186393687333286e-01,-5.850176679687975057e-01,1.000001448832483097e+00,-5.850136747485981115e-01,2.000001931776615560e+00,-5.850132498063063125e-01,5.851351309777897969e-01
1.141849999999999636e-02,-5.850186311000294959e-01,-5.850144728255527449e-01,1.000003159587501189e+00,-5.850188644752311040e-01,2.000004212783272450e+00,-5.850198935738093464e-01,5.851308353540927154e-01
1.142924999999999844e-02,-5.850186230192504500e-01,-5.850188449859395901e-01,1.000000540104834634e+00,-5.850220064122243491e-01,2.000000720139769150e+00,-5.850219554227898966e-01,5.851365726968914549e-01
1.144000000000000052e-02,-5.850186149384715151e-01,-5.850227020862129867e-01,9.999948514884209327e-01,-5.850231365152451790e-01,1.999993135317997162e+00,-5.850234861537196851e-01,5.851399944488242522e-01
1.145009999999999951e-02,-5.850186073462971814e-01,-5.850206569606785090e-01,9.999962609277798231e-01,-5.850202310876059242e-01,1.999995014570447482e+00,-5.850200060953009151e-01,5.851373559525475665e-01
1.146029999999999965e-02,-5.850185996789523113e-01,-5.850130520380447674e-01,1.000004644016427191e+00,-5.850226697612770366e-01,2.000006192021810403e+00,-5.850229656576637627e-01,5.851295204867771327e-01
1.147069999999999861e-02,-5.850185918612682556e-01,-5.850145220182088046e-01,1.000004692951691698e+00,-5.850211335365541609e-01,2.000006257268828858e+00,-5.850207470661823450e-01,5.851312855310346617e-01
1.148149999999999865e-02,-5.850185837429048297e-01,-5.850087965472828833e-01,1.000011439083467568e+00,-5.850185439848805125e-01,2.000015252111062569e+00,-5.850190943907708219e-01,5.851266522361031619e-01
1.149249999999999751e-02,-5.850185754742014410e-01,-5.850200460534976665e-01,9.999983120860789221e-01,-5.850214052816509192e-01,1.999997749448138684e+00,-5.850212289610706717e-01,5.851369370134380521e-01
1.150350000000000331e-02,-5.850185672054976083e-01,-5.850189812018636859e-01,9.999992311911067855e-01,-5.850234432549555885e-01,1.999998974921490813e+00,-5.850235433909665161e-01,5.851362442877858783e-01
1.151449999999999869e-02,-5.850185589367942196e-01,-5.850215615024078053e-01,9.999960262559056678e-01,-5.850172033642850877e-01,1.999994701674619790e+00,-5.850155288343046323e-01,5.851387271074940388e-01
1.152549999999999755e-02,-5.850185506680903869e-01,-5.850215562571455807e-01,9.999952325937161435e-01,-5.850114028629906926e-01,1.999993643458382708e+00,-5.850120365211068929e-01,5.851383287605206318e-01
1.153649999999999641e-02,-5.850185423993862210e-01,-5.850199518816375788e-01,9.999975420225281075e-01,-5.850199541266135617e-01,1.999996722696752771e+00,-5.850206558886128505e-01,5.851368966275996009e-01
1.154749999999999874e-02,-5.850185341306822773e-01,-5.850209702693663916e-01,9.999968108987092874e-01,-5.850231339559534005e-01,1.999995747865009221e+00,-5.850233527003181333e-01,5.851381719819602756e-01
1.155001813706054564e-02,-5.850185322377988717e-01,-5.850214677634067995e-01,9.999961967901429549e-01,-5.850232306619783662e-01,1.999994929053599657e+00,-5.850234018935176472e-01,5.851386703860881333e-01
1.155254574741190234e-02,-5.850185303377943846e-01,-5.850220336942029142e-01,9.999955470281103320e-01,-5.850212537238714816e-01,1.999994062704235631e+00,-5.850200221497112718e-01,5.851392741165616362e-01
1.156350000000000086e-02,-5.850185221034783778e-01,-5.850213225850698917e-01,9.999942924480409445e-01,-5.850107930615336960e-01,1.999992389930834502e+00,-5.850111151931497444e-01,5.851372795326696963e-01
1.157000999999999863e-02,-5.850185183969240921e-01,-5.850143334988472388e-01,1.000002420993076679e+00,-5.850152545364458723e-01,2.000003227990720500e+00,-5.850160694726170840e-01,5.851302748785666141e-01
1.157355682226574034e-02,-5.850193939996429782e-01,-5.850152236126862082e-01,1.000004350239425355e+00,-5.850177889659301522e-01,2.000005800319147209e+00,-5.850183900429379857e-01,5.851329236865543404e-01
1.158450000000000278e-02,-5.850213821506466960e-01,-5.850211228507229411e-01,9.999967226120940467e-01,-5.850198767738723493e-01,1.999995630149523862e+00,-5.850202758469981168e-01,5.851383206395655012e-01
1.159549999999999817e-02,-5.850226224869852221e-01,-5.850220388985502007e-01,9.999949974528707930e-01,-5.850239728756659874e-01,1.999993329937260755e+00,-5.850242216776974091e-01,5.851389902621126904e-01
1.160649999999999703e-02,-5.850233912555777849e-01,-5.850211473795029482e-01,9.999959753397935636e-01,-5.850220749387065045e-01,1.999994633786471354e+00,-5.850214674200654441e-01,5.851380457338722918e-01
1.161749999999999589e-02,-5.850238677340889870e-01,-5.850214045060385670e-01,9.999960971662654741e-01,-5.850174938442040951e-01,1.999994796221765014e+00,-5.850171590660084853e-01,5.851385196795781951e-01
1.162849999999999474e-02,-5.850241630435261131e-01,-5.850203165978636877e-01,9.999968100453670017e-01,-5.850157064168531873e-01,1.999995746727219581e+00,-5.850156868349454253e-01,5.851371210674657375e-01
1.163924999999999682e-02,-5.850243427977234179e-01,-5.850167092877450736e-01,1.000000916926385042e+00,-5.850124061310915113e-01,2.000001222568494885e+00,-5.850120441188439990e-01,5.851333334340383940e-01
1.164999999999999890e-02,-5.850244554087141724e-01,-5.850333549412077838e-01,9.999849956837162379e-01,-5.850246515761660104e-01,1.999979994245252968e+00,-5.850256703990242002e-01,5.851522829750495092e-01
1.166009999999999790e-02,-5.850245225538442950e-01,-5.850222726223803793e-01,9.999918500068908367e-01,-5.850219664521059126e-01,1.999989133342683134e+00,-5.850221520619047766e-01,5.851380055255779311e-01
1.167030000000000498e-02,-5.850245661536576103e-01,-5.850240268041256853e-01,9.999932757835811037e-01,-5.850253921992720763e-01,1.999991034378241661e+00,-5.850252018267514398e-01,5.851412963720410421e-01
1.168070000000000046e-02,-5.850245945467438258e-01,-5.850250131206252702e-01,9.999915411415508659e-01,-5.850170221317422259e-01,1.999988721522235835e+00,-5.850168592070860152e-01,5.851420908189551850e-01
1.169150000000000050e-02,-5.850246131322350829e-01,-5.850255360513968439e-01,9.999906610814174313e-01,-5.850211417290134275e-01,1.999987548108741908e+00,-5.850207296661038558e-01,5.851423645247235683e-01
1.170249999999999936e-02,-5.850246248962983620e-01,-5.850226866671860426e-01,9.999935762310961929e-01,-5.850168402364345210e-01,1.999991434974922377e+00,-5.850173578629007665e-01,5.851393043836982111e-01
1.171350000000000169e-02,-5.850246321635077518e-01,-5.850197611443306300e-01,9.999980250359621348e-01,-5.850220048223241376e-01,1.999997366714655334e+00,-5.850219097425750636e-01,5.851369244412464310e-01
1.172450000000000055e-02,-5.850246366434502798e-01,-5.850198404849162870e-01,9.999972053332204514e-01,-5.850179607269487825e-01,1.999996273777682854e+00,-5.850174322153199880e-01,5.851365060295180553e-01
1.173549999999999940e-02,-5.850246393957703184e-01,-5.850252266336322116e-01,9.999944287315644109e-01,-5.850193345818136548e-01,1.999992571642196459e+00,-5.850198955766675590e-01,5.851439158605499236e-01
1.174649999999999826e-02,-5.850246410772651506e-01,-5.850325845348737230e-01,9.999813354592134163e-01,-5.850212050757178650e-01,1.999975113945988703e+00,-5.850216115812558737e-01,5.851492425182897028e-01
1.175749999999999712e-02,-5.850246420950340198e-01,-5.850262905894324517e-01,9.999883006284003839e-01,-5.850181205737510215e-01,1.999984400838099585e+00,-5.850173736722303897e-01,5.851425699127028590e-01
1.176849999999999598e-02,-5.850246427014080819e-01,-5.850273945560963140e-01,9.999894231792146870e-01,-5.850185234173207460e-01,1.999985897572496452e+00,-5.850186776900609953e-01,5.851448858708916401e-01
1.177924999999999806e-02,-5.850246430468413195e-01,-5.850208033224159054e-01,9.999946602697378228e-01,-5.850079598898960676e-01,1.999992880359756642e+00,-5.850069084880428205e-01,5.851368613817893305e-01
1.179000000000000013e-02,-5.850246432398069629e-01,-5.850292984850123945e-01,9.999883913802979363e-01,-5.850197688293200526e-01,1.999984521840627805e+00,-5.850209138150201937e-01,5.851474321481644481e-01
1.180009999999999913e-02,-5.850246433333236018e-01,-5.850239619729972196e-01,9.999912217818095472e-01,-5.850149773834063538e-01,1.999988295709253849e+00,-5.850146909843059184e-01,5.851402483273927535e-01
1.181029999999999927e-02,-5.850246433727903650e-01,-5.850159662778757763e-01,1.000001069932416886e+00,-5.850158317468059366e-01,2.000001426576535124e+00,-5.850159571985551477e-01,5.851326889928937236e-01
1.182069999999999822e-02,-5.850246433765584619e-01,-5.850267368788868438e-01,9.999912218974253975e-01,-5.850171935177177485e-01,1.999988295863408316e+00,-5.850166039672282103e-01,5.851436686145091715e-01
1.183149999999999827e-02,-5.850246433557216852e-01,-5.850152563714000609e-01,1.000002515377536261e+00,-5.850109515819014172e-01,2.000003353836665276e+00,-5.850119434333264090e-01,5.851329734283972073e-01
1.184250000000000407e-02,-5.850246433182274552e-01,-5.850256263414125302e-01,9.999907988538656589e-01,-5.850161732954606286e-01,1.999987731805336955e+00,-5.850156525545591180e-01,5.851420905588825550e-01
1.185349999999999945e-02,-5.850246432705215049e-01,-5.850210303764146191e-01,9.999967120222920114e-01,-5.850149647599601765e-01,1.999995616029788037e+00,-5.850143228235403781e-01,5.851384138002093671e-01
1.186449999999999831e-02,-5.850246432164865062e-01,-5.850235727621204695e-01,9.999930081159370543e-01,-5.850124641800763525e-01,1.999990677488055146e+00,-5.850138201135588467e-01,5.851404492451703909e-01
1.187549999999999717e-02,-5.850246431585279794e-01,-5.850252377810791771e-01,9.999922002516961062e-01,-5.850237527427925022e-01,1.999989600335749795e+00,-5.850240199971774580e-01,5.851428009814514386e-01
1.188649999999999950e-02,-5.850246430981375090e-01,-5.850286328821538984e-01,9.999870272061799348e-01,-5.850165733723927675e-01,1.999982702941830892e+00,-5.850151790864757118e-01,5.851456968095302136e-01
1.189749999999999835e-02,-5.850246430362403549e-01,-5.850289842480057567e-01,9.999864807027327718e-01,-5.850106516082034247e-01,1.999981974270579110e+00,-5.850106979361170412e-01,5.851460040614020475e-01
1.190849999999999721e-02,-5.850246429734081710e-01,-5.850230190094867222e-01,9.999922070282224462e-01,-5.850145370642950704e-01,1.999989609371118027e+00,-5.850151971362914649e-01,5.851392218046720384e-01
1.191924999999999929e-02,-5.850246429114435154e-01,-5.850264091028346547e-01,9.999909981497848710e-01,-5.850179749859841793e-01,1.999987997533225315e+00,-5.850179124760953586e-01,5.851440681962697399e-01
1.193000000000000137e-02,-5.850246428491328032e-01,-5.850182286670390086e-01,9.999976704970757746e-01,-5.850158362986276339e-01,1.999996893996146996e+00,-5.850159136825108241e-01,5.851341962932921081e-01
1.194010000000000037e-02,-5.850246427903903479e-01,-5.850202354017849382e-01,9.999980044986963579e-01,-5.850184884485418735e-01,1.999997339331634816e+00,-5.850184647852200159e-01,5.851375291899583164e-01
1.195030000000000051e-02,-5.850246427309416797e-01,-5.850190643612832586e-01,9.999984643442372256e-01,-5.850118938088639808e-01,1.999997952459013240e+00,-5.850117192213618589e-01,5.851360204815589938e-01
1.196069999999999946e-02,-5.850246426702443436e-01,-5.850217126930681300e-01,9.999961276077187211e-01,-5.850224184643313396e-01,1.999994836810368382e+00,-5.850224972846216343e-01,5.851391429994808879e-01
1.197000999999999794e-02,-5.850246426158619562e-01,-5.850268644832007370e-01,9.999902608002027016e-01,-5.850145236301985685e-01,1.999987014400463670e+00,-5.850135293287176408e-01,5.851444214044924097e-01
1.197002120999999912e-02,-5.850242954210831403e-01,-5.850268704079539805e-01,9.999902528870313612e-01,-5.850145125770341847e-01,1.999987003849568845e+00,-5.850135345871390058e-01,5.851440611871039366e-01
1.197003205000000091e-02,-5.850197867910401639e-01,-5.850268445189377164e-01,9.999902452890955251e-01,-5.850145019363914844e-01,1.999986993718987582e+00,-5.850135080971896606e-01,5.851395391300586724e-01
1.197517781000109749e-02,-5.850197829229699664e-01,-5.850177539510856839e-01,9.999977625446195839e-01,-5.850124212805314361e-01,1.999997016726203780e+00,-5.850130871108857322e-01,5.851335893146243361e-01
1.198649999999999542e-02,-5.850197744120747556e-01,-5.850146869712047337e-01,1.000005521017984345e+00,-5.850175981202808684e-01,2.000007361357202917e+00,-5.850175537918959057e-01,5.851323562985148996e-01
1.199749999999999428e-02,-5.850197661433700347e-01,-5.850136236995605588e-01,1.000004259277443630e+00,-5.850195497883072804e-01,2.000005679036506834e+00,-5.850202177249173019e-01,5.851300011063557127e-01
1.200849999999999314e-02,-5.850197578746655358e-01,-5.850168433163065451e-01,1.000003016346519003e+00,-5.850166302448228661e-01,2.000004021795298570e+00,-5.850156445504000047e-01,5.851345677359766073e-01
1.201925000000000042e-02,-5.850197497938867119e-01,-5.850185725097329925e-01,9.999993690629547238e-01,-5.850090290738496623e-01,1.999999158750618733e+00,-5.850085488344161089e-01,5.851355673555758141e-01
1.203000000000000076e-02,-5.850197417131076660e-01,-5.850196510928052929e-01,9.999982963865219343e-01,-5.850258945371628050e-01,1.999997728515396478e+00,-5.850278381030394881e-01,5.851367765896154927e-01
1.204009999999999976e-02,-5.850197341209325552e-01,-5.850205663175813697e-01,9.999970792290319155e-01,-5.850219381824535159e-01,1.999996105638767174e+00,-5.850213215297964675e-01,5.851375616527876300e-01
1.205030000000000337e-02,-5.850197264535886843e-01,-5.850115980420642625e-01,1.000006081690709703e+00,-5.850171479909177519e-01,2.000008108920825478e+00,-5.850169149443230632e-01,5.851279105866384889e-01
1.206070000000000232e-02,-5.850197186359037405e-01,-5.850124440133025461e-01,1.000007444160759151e+00,-5.850161564963805017e-01,2.000009925547530987e+00,-5.850162294207145175e-01,5.851299113926441420e-01
1.207150000000000237e-02,-5.850197105175397594e-01,-5.850194553496954608e-01,9.999988816584787221e-01,-5.850191539631058868e-01,1.999998508877993908e+00,-5.850187488237413858e-01,5.851360832669789680e-01
1.208250000000000123e-02,-5.850197022488360377e-01,-5.850132014733652186e-01,1.000005425645525303e+00,-5.850179160673808498e-01,2.000007234193925676e+00,-5.850182825886325322e-01,5.851301001805322421e-01
1.209350000000000008e-02,-5.850196939801315388e-01,-5.850147765360618202e-01,1.000005462192525174e+00,-5.850212648697374895e-01,2.000007282923258689e+00,-5.850219058690186991e-01,5.851325999620101692e-01
1.210449999999999894e-02,-5.850196857114274840e-01,-5.850210630647147969e-01,9.999964626177022531e-01,-5.850226416892776449e-01,1.999995283490339615e+00,-5.850222598389480666e-01,5.851380743653391558e-01
1.211549999999999780e-02,-5.850196774427235402e-01,-5.850212844727276096e-01,9.999961089751453480e-01,-5.850199102027497933e-01,1.999994811966937736e+00,-5.850196420703830391e-01,5.851383356280793757e-01
1.212649999999999666e-02,-5.850196691740191524e-01,-5.850202280271010746e-01,9.999968450031555545e-01,-5.850214655197507607e-01,1.999995793337603356e+00,-5.850220803287067284e-01,5.851369932941785645e-01
1.213749999999999551e-02,-5.850196609053148755e-01,-5.850224123276167587e-01,9.999956402592707905e-01,-5.850268923521996234e-01,1.999994187012447355e+00,-5.850271347554842905e-01,5.851399180366276820e-01
1.214849999999999437e-02,-5.850196526366111538e-01,-5.850197654763855670e-01,9.999966957154751146e-01,-5.850176452318721632e-01,1.999995594287365730e+00,-5.850165262859304827e-01,5.851361826770965502e-01
1.215924999999999645e-02,-5.850196445558326630e-01,-5.850225420370376295e-01,9.999955144457506329e-01,-5.850194767614207425e-01,1.999994019261090106e+00,-5.850198253726351938e-01,5.851400608494888855e-01
1.216999999999999853e-02,-5.850196364750542832e-01,-5.850184673551731551e-01,9.999983732958505067e-01,-5.850129379368547156e-01,1.999997831061166353e+00,-5.850123349626447089e-01,5.851349183346367111e-01
1.218010000000000446e-02,-5.850196288828801716e-01,-5.850125161011009434e-01,1.000005690421981619e+00,-5.850199150884408672e-01,2.000007587229195583e+00,-5.850206164655321617e-01,5.851290271790272612e-01
1.219030000000000113e-02,-5.850196212155359676e-01,-5.850169428136223759e-01,1.000002483923406738e+00,-5.850151792980579080e-01,2.000003311897826208e+00,-5.850149187033505394e-01,5.851342981166040014e-01
1.220070000000000009e-02,-5.850196133978511348e-01,-5.850156481235863071e-01,1.000002765572584051e+00,-5.850265184017130471e-01,2.000003687430056853e+00,-5.850269129872160967e-01,5.851327792543615791e-01
1.221150000000000013e-02,-5.850196052794875978e-01,-5.850200060962201798e-01,9.999984427283520327e-01,-5.850204132147017733e-01,1.999997923637833575e+00,-5.850196649597049214e-01,5.851373697133510632e-01
1.222250000000000246e-02,-5.850195970107835430e-01,-5.850237507266942139e-01,9.999936547182437518e-01,-5.850144298506478879e-01,1.999991539624451198e+00,-5.850148603265151737e-01,5.851410954291449418e-01
1.223350000000000132e-02,-5.850195887420794882e-01,-5.850238224644854768e-01,9.999911715602799456e-01,-5.850177415061926789e-01,1.999988228747215047e+00,-5.850174211265685154e-01,5.851397478146049824e-01
1.224450000000000018e-02,-5.850195804733754334e-01,-5.850188307277184308e-01,1.000000603970086388e+00,-5.850212403074327439e-01,2.000000805293436379e+00,-5.850218791224351955e-01,5.851367640651939928e-01
1.225549999999999903e-02,-5.850195722046710456e-01,-5.850266283680657375e-01,9.999901978628297217e-01,-5.850196214633351932e-01,1.999986930483967695e+00,-5.850189611528764377e-01,5.851440058953547574e-01
1.226649999999999789e-02,-5.850195639359659916e-01,-5.850187608364749714e-01,9.999955100792843332e-01,-5.850096416955983258e-01,1.999994013439134966e+00,-5.850088885779671788e-01,5.851339654432452519e-01
1.227749999999999675e-02,-5.850195556672617148e-01,-5.850165607213543284e-01,1.000003717321302776e+00,-5.850159296299590750e-01,2.000004956428329539e+00,-5.850167695380801280e-01,5.851344711463222215e-01
1.228849999999999561e-02,-5.850195473985575489e-01,-5.850188692267291879e-01,9.999987838378653349e-01,-5.850140439847251184e-01,1.999998378450511538e+00,-5.850136352168204823e-01,5.851357573624016428e-01
1.229924999999999768e-02,-5.850195393177781700e-01,-5.850155597170400013e-01,1.000002370568921828e+00,-5.850207371892941488e-01,2.000003160758515364e+00,-5.850217173783452962e-01,5.851321967460259010e-01
1.230999999999999976e-02,-5.850195312369989020e-01,-5.850174669691878826e-01,1.000001342988715791e+00,-5.850246263622106424e-01,2.000001790651594114e+00,-5.850247517290071420e-01,5.851347535400132083e-01
1.232009999999999876e-02,-5.850195236448242353e-01,-5.850195721423869788e-01,9.999985579082890652e-01,-5.850122531016316296e-01,1.999998077211080805e+00,-5.850111253903989006e-01,5.851367785480477979e-01
1.233029999999999890e-02,-5.850195159774802534e-01,-5.850218668781433928e-01,9.999957820786072871e-01,-5.850221921275717829e-01,1.999994376104893279e+00,-5.850229019822308363e-01,5.851392125631942331e-01
1.234069999999999785e-02,-5.850195081597963087e-01,-5.850281593722427287e-01,9.999884074745981621e-01,-5.850164437212709290e-01,1.999984543299694550e+00,-5.850164169829011884e-01,5.851447534617671975e-01
1.235000489062499512e-02,-5.850195011653077648e-01,-5.850154309643217365e-01,1.000000221456428973e+00,-5.850241210169704331e-01,2.000000295275234041e+00,-5.850254107906253109e-01,5.851309622602997029e-01
1.235078322226568215e-02,-5.850195005802371062e-01,-5.850148249389778288e-01,1.000001579055215251e+00,-5.850245604939117161e-01,2.000002105406922581e+00,-5.850250225549626926e-01,5.851316040057699119e-01
1.236150000000000096e-02,-5.850194925244315280e-01,-5.850219578988433700e-01,9.999962513323057411e-01,-5.850177104427568553e-01,1.999995001776482262e+00,-5.850166264577775221e-01,5.851390645421988834e-01
1.237249999999999982e-02,-5.850194842557278063e-01,-5.850206938517573674e-01,9.999962049168413802e-01,-5.850113801026708416e-01,1.999994939889197409e+00,-5.850112706434797971e-01,5.851373446496200836e-01
1.238349999999999868e-02,-5.850194759870233074e-01,-5.850154242221869971e-01,1.000001750058425287e+00,-5.850163051718866303e-01,2.000002333411198929e+00,-5.850172403218321104e-01,5.851315959268804656e-01
1.239450000000000100e-02,-5.850194677183190306e-01,-5.850111259193397917e-01,1.000009530057695439e+00,-5.850201227150566563e-01,2.000012706743404589e+00,-5.850188988207744023e-01,5.851286877657267960e-01
1.240549999999999986e-02,-5.850194594496145317e-01,-5.850166214920540231e-01,1.000002651121017161e+00,-5.850165623380620961e-01,2.000003534827970331e+00,-5.850180414386748629e-01,5.851340247113760995e-01
1.241649999999999872e-02,-5.850194511809103659e-01,-5.850242363604370999e-01,9.999943641804676098e-01,-5.850268164823509975e-01,1.999992485574068946e+00,-5.850273925946957165e-01,5.851422256057392524e-01
1.242749999999999758e-02,-5.850194429122063111e-01,-5.850292666614873571e-01,9.999863061444633772e-01,-5.850150110200310616e-01,1.999981741526223100e+00,-5.850129800994593454e-01,5.851463649656002408e-01
1.243849999999999643e-02,-5.850194346435025894e-01,-5.850244223279644773e-01,9.999906973037416824e-01,-5.850132911137375658e-01,1.999987596405173651e+00,-5.850138636182258267e-01,5.851407383358785408e-01
1.244924999999999851e-02,-5.850194265627240986e-01,-5.850208572448638566e-01,9.999960825504241591e-01,-5.850197752908488091e-01,1.999994776733976742e+00,-5.850203704756349321e-01,5.851376380074696515e-01
1.246000000000000059e-02,-5.850194184819457188e-01,-5.850249869318221441e-01,9.999924549589936928e-01,-5.850216531115868257e-01,1.999989939945474582e+00,-5.850217761488472057e-01,5.851424942007287244e-01
1.247009999999999959e-02,-5.850194108897718293e-01,-5.850263306185927714e-01,9.999899354825292352e-01,-5.850252810788422186e-01,1.999986580643571932e+00,-5.850258478343952628e-01,5.851433871559295063e-01
1.248030000000000320e-02,-5.850194032224272922e-01,-5.850229991668151053e-01,9.999931049625113699e-01,-5.850179136886807241e-01,1.999990806616818828e+00,-5.850172869112544305e-01,5.851395129260549277e-01
1.249070000000000215e-02,-5.850193954047422373e-01,-5.850148114141381361e-01,1.000002667253720556e+00,-5.850197000960856153e-01,2.000003556338240784e+00,-5.850205461674636842e-01,5.851318370025100357e-01
1.250150000000000219e-02,-5.850193872863789224e-01,-5.850222452071756063e-01,9.999954248869866724e-01,-5.850304215755181003e-01,1.999993899849406231e+00,-5.850297020158131689e-01,5.851387327536565763e-01
1.251250000000000105e-02,-5.850193790176754227e-01,-5.850159887021565419e-01,1.000003316408234255e+00,-5.850211311470280284e-01,2.000004421877580096e+00,-5.850215962583670271e-01,5.851339971152360597e-01
1.252349999999999991e-02,-5.850193707489715900e-01,-5.850238872674017321e-01,9.999921552632531352e-01,-5.850165840607277623e-01,1.999989540351159834e+00,-5.850146304055021673e-01,5.851402597996311350e-01
1.253449999999999877e-02,-5.850193624802675352e-01,-5.850173977978759821e-01,9.999999230428607833e-01,-5.850142133172798742e-01,1.999999897390482673e+00,-5.850160318029817841e-01,5.851339793062888539e-01
1.254549999999999763e-02,-5.850193542115634804e-01,-5.850149823976293906e-01,1.000003944348821783e+00,-5.850225018748757000e-01,2.000005259131684365e+00,-5.850215613783935620e-01,5.851320540992650532e-01
1.255649999999999648e-02,-5.850193459428598697e-01,-5.850124363623148138e-01,1.000005929276912120e+00,-5.850174132849269570e-01,2.000007905702431810e+00,-5.850176451032521596e-01,5.851289068107204949e-01
1.256749999999999881e-02,-5.850193376741558149e-01,-5.850172424178261554e-01,1.000003302645365633e+00,-5.850141484103839051e-01,2.000004403527088748e+00,-5.850129008175471990e-01,5.851353532959475690e-01
1.257849999999999767e-02,-5.850193294054518711e-01,-5.850275201427775906e-01,9.999900381191643151e-01,-5.850187298302621519e-01,1.999986717492416854e+00,-5.850199844312410358e-01,5.851453791119718417e-01
1.258924999999999975e-02,-5.850193213246733803e-01,-5.850287512503481446e-01,9.999865175068386458e-01,-5.850213898452932826e-01,1.999982023342719240e+00,-5.850216713915338262e-01,5.851456476760029668e-01
1.260000000000000182e-02,-5.850193132438944454e-01,-5.850194878019615574e-01,9.999961629225520010e-01,-5.850142549208927623e-01,1.999994883896812237e+00,-5.850134158388446970e-01,5.851354837059611347e-01
1.261010000000000082e-02,-5.850193056517194456e-01,-5.850266756069050222e-01,9.999911675416398582e-01,-5.850170967572294600e-01,1.999988223389028485e+00,-5.850171455516030017e-01,5.851444562420352602e-01
1.262030000000000096e-02,-5.850192979843755747e-01,-5.850229294236759525e-01,9.999929543753061090e-01,-5.850166997198082974e-01,1.999990605833881441e+00,-5.850167850506409195e-01,5.851394254896135072e-01
1.263069999999999991e-02,-5.850192901666908529e-01,-5.850174492525256342e-01,9.999999389614475653e-01,-5.850159082767792951e-01,1.999999918615264827e+00,-5.850166839774655347e-01,5.851346240090680162e-01
1.264149999999999996e-02,-5.850192820483274270e-01,-5.850253345459102139e-01,9.999918532180198660e-01,-5.850298592262883624e-01,1.999989137624188285e+00,-5.850295394309632524e-01,5.851421207960014748e-01
1.265250000000000229e-02,-5.850192737796232612e-01,-5.850211447872921688e-01,9.999960849985420897e-01,-5.850214368991109026e-01,1.999994779998133909e+00,-5.850213694992449920e-01,5.851383450798042229e-01
1.266350000000000114e-02,-5.850192655109195394e-01,-5.850212129053744547e-01,9.999949044497368211e-01,-5.850183047601428266e-01,1.999993205933083606e+00,-5.850178647466944826e-01,5.851374491357221874e-01
1.267450000000000000e-02,-5.850192572422147075e-01,-5.850166875815958623e-01,1.000002304479289617e+00,-5.850209039166015534e-01,2.000003072639007229e+00,-5.850216600310802484e-01,5.851340773161680664e-01
1.268549999999999886e-02,-5.850192489735097645e-01,-5.850203725332500104e-01,9.999976785844489902e-01,-5.850267924686801679e-01,1.999996904779311357e+00,-5.850275931615753766e-01,5.851376264269247951e-01
1.269649999999999772e-02,-5.850192407048057097e-01,-5.850222174270308662e-01,9.999950414971114920e-01,-5.850248381402948228e-01,1.999993388662913762e+00,-5.850239754618311583e-01,5.851393079809638076e-01
1.270749999999999658e-02,-5.850192324361019880e-01,-5.850208739992387441e-01,9.999959807897281783e-01,-5.850166113332750939e-01,1.999994641053050692e+00,-5.850157827863092797e-01,5.851376120786482282e-01
1.271849999999999543e-02,-5.850192241673977112e-01,-5.850118712033717250e-01,1.000005487557222628e+00,-5.850234620499499272e-01,2.000007316742854258e+00,-5.850249104961611213e-01,5.851277975012919574e-01
1.272924999999999925e-02,-5.850192160866193314e-01,-5.850168375330071502e-01,1.000003453889514393e+00,-5.850240739238812271e-01,2.000004605185950357e+00,-5.850234413818614643e-01,5.851347688471624231e-01
1.274000000000000306e-02,-5.850192080058396193e-01,-5.850193568867217975e-01,9.999986179821594989e-01,-5.850158223628888488e-01,1.999998157309573532e+00,-5.850149335920189486e-01,5.851364602854608465e-01
1.275000100000000212e-02,-5.850192004880837571e-01,-5.850178247998722991e-01,9.999999389835589891e-01,-5.850221974081842857e-01,1.999999918644746577e+00,-5.850230989047694452e-01,5.851346480675105877e-01
1.275002260811523153e-02,-5.850192004718410832e-01,-5.850178211279376539e-01,9.999999438385825945e-01,-5.850222152808911558e-01,1.999999925118111310e+00,-5.850230711934498729e-01,5.851346650152717821e-01
1.275654574741189907e-02,-5.850191955683963219e-01,-5.850219934953826417e-01,9.999967209795863621e-01,-5.850174348224492782e-01,1.999995627972847245e+00,-5.850162122355873073e-01,5.851397812692810119e-01
1.276749999999999760e-02,-5.850191873340809812e-01,-5.850198036561492509e-01,9.999960743783614658e-01,-5.850178720923751019e-01,1.999994765837893373e+00,-5.850191600818711590e-01,5.851359340620836402e-01
1.277001566601562374e-02,-5.850191882606978755e-01,-5.850176054842427531e-01,9.999987800631119361e-01,-5.850211950755882517e-01,1.999998373417506636e+00,-5.850224964601178357e-01,5.851337512567350574e-01
1.277755682226573708e-02,-5.850209752682228315e-01,-5.850182737419399315e-01,1.000000181858797133e+00,-5.850164143348826062e-01,2.000000242478392476e+00,-5.850152388151478311e-01,5.851354784025273315e-01
1.278849999999999605e-02,-5.850227187891785530e-01,-5.850224670774262226e-01,9.999954930503403006e-01,-5.850134039961593091e-01,1.999993990733876625e+00,-5.850134891783930202e-01,5.851399213715202663e-01
1.279924999999999813e-02,-5.850237871186778627e-01,-5.850219626787227511e-01,9.999947478603324891e-01,-5.850099519753767519e-01,1.999992997147214346e+00,-5.850096264766402321e-01,5.851387551829160261e-01
1.281000000000000021e-02,-5.850244565133988495e-01,-5.850255501277386028e-01,9.999916104379303894e-01,-5.850181094749211663e-01,1.999988813917406905e+00,-5.850189596821044891e-01,5.851429841711612845e-01
1.282010000000000267e-02,-5.850248557515985715e-01,-5.850247207130723215e-01,9.999914482188060338e-01,-5.850090005964744266e-01,1.999988597625244502e+00,-5.850081606556837288e-01,5.851415495876793882e-01
1.283030000000000281e-02,-5.850251150969860703e-01,-5.850200524536909308e-01,9.999965533476881108e-01,-5.850145916807774071e-01,1.999995404463652537e+00,-5.850151131684475647e-01,5.851367096160837722e-01
1.284070000000000177e-02,-5.850252840966111423e-01,-5.850205572416982136e-01,9.999971821308415443e-01,-5.850138493964469610e-01,1.999996242841177940e+00,-5.850142487356454479e-01,5.851378712229601264e-01
1.285150000000000181e-02,-5.850253948354731115e-01,-5.850258741345895075e-01,9.999911897933652094e-01,-5.850230103761934197e-01,1.999988253057995102e+00,-5.850228540443647152e-01,5.851431514023212044e-01
1.286250000000000067e-02,-5.850254650502669795e-01,-5.850275239858321319e-01,9.999881794875840058e-01,-5.850198189854959319e-01,1.999984239317013524e+00,-5.850197365404574690e-01,5.851443610314250865e-01
1.287349999999999953e-02,-5.850255085467745975e-01,-5.850257849747590999e-01,9.999902796735129495e-01,-5.850194971464105498e-01,1.999987039564877112e+00,-5.850191790889843757e-01,5.851427485683465823e-01
1.288449999999999838e-02,-5.850255354825880660e-01,-5.850234555977832374e-01,9.999922256482085547e-01,-5.850194183913730583e-01,1.999989634197765653e+00,-5.850202434445682664e-01,5.851398831302497827e-01
1.289549999999999724e-02,-5.850255521536473768e-01,-5.850221689616366127e-01,9.999959563898915826e-01,-5.850259046940171626e-01,1.999994608519935824e+00,-5.850257990800284968e-01,5.851397229203505468e-01
1.290649999999999957e-02,-5.850255624623423856e-01,-5.850246310669569016e-01,9.999916695841480907e-01,-5.850192638187308170e-01,1.999988892779029470e+00,-5.850184150808773742e-01,5.851415324357844838e-01
1.291749999999999843e-02,-5.850255688274758059e-01,-5.850292250428462681e-01,9.999877487858184200e-01,-5.850160796731845858e-01,1.999983665048001180e+00,-5.850159678548657594e-01,5.851470093232056247e-01
1.292849999999999729e-02,-5.850255727482878143e-01,-5.850264032449876694e-01,9.999881369249191687e-01,-5.850129865841882104e-01,1.999984182566794333e+00,-5.850129412676735585e-01,5.851426690883528847e-01
1.293924999999999936e-02,-5.850255751114782354e-01,-5.850276302448259580e-01,9.999889005769291295e-01,-5.850223002237110448e-01,1.999985200769459404e+00,-5.850232271846942389e-01,5.851450084876519409e-01
1.295000000000000144e-02,-5.850255765687752962e-01,-5.850288892243720174e-01,9.999867091005991693e-01,-5.850195798184829599e-01,1.999982278801063051e+00,-5.850191524872578874e-01,5.851459624030886930e-01
1.296010000000000044e-02,-5.850255774164011546e-01,-5.850250012188212834e-01,9.999905088588488811e-01,-5.850164131763488928e-01,1.999987345145320283e+00,-5.850162513662319208e-01,5.851416625050124276e-01
1.297030000000000058e-02,-5.850255779457781413e-01,-5.850298842402111843e-01,9.999864408465561905e-01,-5.850202283762144795e-01,1.999981921129010853e+00,-5.850200941138304911e-01,5.851470570625926237e-01
1.298069999999999953e-02,-5.850255782688329464e-01,-5.850207564373282043e-01,9.999948876724035207e-01,-5.850080880135498651e-01,1.999993183563306021e+00,-5.850085676198892859e-01,5.851374925535207661e-01
1.299150000000000305e-02,-5.850255784572552242e-01,-5.850246263440180838e-01,9.999923736429778831e-01,-5.850251203770789887e-01,1.999989831524121797e+00,-5.850251197257860802e-01,5.851415716238759224e-01
1.300250000000000190e-02,-5.850255785524901553e-01,-5.850233616260662739e-01,9.999936756885701161e-01,-5.850210289185433510e-01,1.999991567584885610e+00,-5.850198445824710269e-01,5.851406505183960327e-01
1.301350000000000076e-02,-5.850255785870530634e-01,-5.850255426320508656e-01,9.999905318499348050e-01,-5.850121016665933427e-01,1.999987375800100997e+00,-5.850132834433298123e-01,5.851423597473979221e-01
1.302449999999999962e-02,-5.850255785840094980e-01,-5.850251839801102749e-01,9.999917324263360996e-01,-5.850242071961644363e-01,1.999988976568612298e+00,-5.850246634273641444e-01,5.851425069372336862e-01
1.303549999999999848e-02,-5.850255785576573553e-01,-5.850311297212179573e-01,9.999855098986712987e-01,-5.850236402000129621e-01,1.999980679865182909e+00,-5.850228999654923934e-01,5.851489912780883929e-01
1.304649999999999734e-02,-5.850255785168576583e-01,-5.850265837092240018e-01,9.999860522496744064e-01,-5.850182761863296221e-01,1.999981402999842839e+00,-5.850186284400830106e-01,5.851419086880884635e-01
1.305749999999999619e-02,-5.850255784671032355e-01,-5.850196216184969655e-01,9.999982444886601485e-01,-5.850195448156696454e-01,1.999997659318248466e+00,-5.850190321158572626e-01,5.851367182899178676e-01
1.306849999999999505e-02,-5.850255784117983637e-01,-5.850288794799262115e-01,9.999890385945205962e-01,-5.850183897419097834e-01,1.999985384792912102e+00,-5.850182726857647841e-01,5.851470760607194732e-01
1.307925000000000060e-02,-5.850255783544161536e-01,-5.850269548051906243e-01,9.999877486630239787e-01,-5.850169562053627592e-01,1.999983664884275480e+00,-5.850171605273057907e-01,5.851433661553238075e-01
1.309000000000000268e-02,-5.850255782949763672e-01,-5.850290503255007879e-01,9.999870881801753431e-01,-5.850202593484047364e-01,1.999982784240490252e+00,-5.850204172343520526e-01,5.851464044504333106e-01
1.310010000000000167e-02,-5.850255782379458758e-01,-5.850226018078633627e-01,9.999928509842687108e-01,-5.850204507828217215e-01,1.999990467979166908e+00,-5.850206162690022582e-01,5.851390194224146413e-01
1.311030000000000181e-02,-5.850255781796097621e-01,-5.850314290719239585e-01,9.999854682358141345e-01,-5.850206841091198928e-01,1.999980624314707578e+00,-5.850204190772202439e-01,5.851490896832605149e-01
1.312070000000000077e-02,-5.850255781196376237e-01,-5.850279526716878342e-01,9.999868017668073206e-01,-5.850184915183584966e-01,1.999982402356005107e+00,-5.850184585096381840e-01,5.851444565728012304e-01
1.313150000000000081e-02,-5.850255780570242647e-01,-5.850229219913463119e-01,9.999937936212947021e-01,-5.850178151288573103e-01,1.999991724828516393e+00,-5.850181309966601129e-01,5.851404812992671012e-01
1.314249999999999967e-02,-5.850255779930326749e-01,-5.850299708793803566e-01,9.999853360702583016e-01,-5.850171309513205742e-01,1.999980448093968910e+00,-5.850163891598487709e-01,5.851466063909439574e-01
1.315349999999999853e-02,-5.850255779289025293e-01,-5.850249633063275834e-01,9.999904874169709412e-01,-5.850156132446118207e-01,1.999987316556150141e+00,-5.850162091090220784e-01,5.851415054035036256e-01
1.316450000000000085e-02,-5.850255778646878957e-01,-5.850222737455665900e-01,9.999951072803678898e-01,-5.850227860490985199e-01,1.999993476373921109e+00,-5.850234355781159801e-01,5.851394946524567375e-01
1.317001403281249823e-02,-5.850255778324772171e-01,-5.850234915085018583e-01,9.999937321301453075e-01,-5.850257486934915541e-01,1.999991642840318384e+00,-5.850262214561915419e-01,5.851407104203999454e-01
1.317002541000000283e-02,-5.850231981013065408e-01,-5.850234880453317743e-01,9.999937290121942990e-01,-5.850257539712243604e-01,1.999991638683050299e+00,-5.850262049443801793e-01,5.851383265252914079e-01
1.317004885000001672e-02,-5.850207360499596332e-01,-5.850233868724379338e-01,9.999937231337954202e-01,-5.850257629908066637e-01,1.999991630845185275e+00,-5.850260773266934278e-01,5.851358563830905135e-01
1.317908890500054872e-02,-5.850207292545462900e-01,-5.850162408769907785e-01,1.000001593597588334e+00,-5.850177839861815388e-01,2.000002124796752767e+00,-5.850168932158803514e-01,5.851329190290286419e-01
1.319000000000000207e-02,-5.850207210526714441e-01,-5.850210855927937548e-01,9.999975183592884065e-01,-5.850179785868807603e-01,1.999996691145767169e+00,-5.850180249277764366e-01,5.851386970921343966e-01
1.320010000000000107e-02,-5.850207134604966663e-01,-5.850179166435311995e-01,9.999993382338949743e-01,-5.850248046396374635e-01,1.999999117645206548e+00,-5.850255487503593921e-01,5.851344629940560260e-01
1.321030000000000121e-02,-5.850207057931515742e-01,-5.850093938255291892e-01,1.000009044285724791e+00,-5.850152107752994990e-01,2.000012059047453494e+00,-5.850146301862274578e-01,5.851259484997801685e-01
1.322070000000000016e-02,-5.850206979754664083e-01,-5.850166912065856151e-01,1.000003432576445750e+00,-5.850222455327530602e-01,2.000004576768525943e+00,-5.850221783338390713e-01,5.851345376971912593e-01
1.323150000000000021e-02,-5.850206898571023162e-01,-5.850252020671725672e-01,9.999921707499975776e-01,-5.850161308574319818e-01,1.999989561000152349e+00,-5.850160483240002263e-01,5.851421979868577372e-01
1.324250000000000253e-02,-5.850206815883977063e-01,-5.850229242657896123e-01,9.999936135411146010e-01,-5.850181873949772404e-01,1.999991484721612922e+00,-5.850175085598524616e-01,5.851397880199149526e-01
1.325350000000000139e-02,-5.850206733196925413e-01,-5.850227923813069442e-01,9.999947413699272758e-01,-5.850150970183457533e-01,1.999992988493340729e+00,-5.850164744766196412e-01,5.851401817911746628e-01
1.326450000000000025e-02,-5.850206650509881534e-01,-5.850249667118647690e-01,9.999911017714475658e-01,-5.850185338362808851e-01,1.999988135695440317e+00,-5.850168727235989241e-01,5.851417513614308730e-01
1.327549999999999911e-02,-5.850206567822837656e-01,-5.850283313958148934e-01,9.999893597447683247e-01,-5.850138983322609176e-01,1.999985812993235967e+00,-5.850148905525212051e-01,5.851464048387666761e-01
1.328649999999999796e-02,-5.850206485135789336e-01,-5.850259649467645096e-01,9.999871993799441805e-01,-5.850155030754542462e-01,1.999982932506846334e+00,-5.850154664642002178e-01,5.851414720493878230e-01
1.329749999999999682e-02,-5.850206402448737686e-01,-5.850144040119693578e-01,1.000003017724109933e+00,-5.850151972765880171e-01,2.000004023632086625e+00,-5.850149260949621954e-01,5.851306663243082129e-01
1.330849999999999568e-02,-5.850206319761694918e-01,-5.850220224355376919e-01,9.999979022773244353e-01,-5.850239446876931426e-01,1.999997203036474325e+00,-5.850248222631094785e-01,5.851403878936312086e-01
1.331924999999999776e-02,-5.850206238953906679e-01,-5.850140514917625545e-01,1.000002157288419014e+00,-5.850227493760280506e-01,2.000002876384515904e+00,-5.850228655443231451e-01,5.851296758253435870e-01
1.333000000000000330e-02,-5.850206158146118440e-01,-5.850136505409310184e-01,1.000005958738104495e+00,-5.850237851140360767e-01,2.000007944984021346e+00,-5.850235898091253883e-01,5.851308766995719779e-01
1.334010000000000230e-02,-5.850206082224379545e-01,-5.850092928983483542e-01,1.000009886351409971e+00,-5.850252683719209257e-01,2.000013181801683526e+00,-5.850254762660382912e-01,5.851259414620031407e-01
1.335030000000000244e-02,-5.850206005550926402e-01,-5.850195798638958555e-01,1.000000458828219863e+00,-5.850190857768570174e-01,2.000000611770950343e+00,-5.850184087072934913e-01,5.851373412690007436e-01
1.336070000000000139e-02,-5.850205927374078074e-01,-5.850165094994188575e-01,1.000001235989810056e+00,-5.850199392097799045e-01,2.000001647986388686e+00,-5.850199079766228438e-01,5.851334637515830384e-01
1.337150000000000144e-02,-5.850205846190439374e-01,-5.850196074133767743e-01,9.999987845767154271e-01,-5.850146927981723088e-01,1.999998379435644624e+00,-5.850146092506722795e-01,5.851369602169778084e-01
1.338250000000000030e-02,-5.850205763503398826e-01,-5.850233168439323839e-01,9.999940616115419179e-01,-5.850152890717472687e-01,1.999992082148840611e+00,-5.850153366346635408e-01,5.851405539860400351e-01
1.339349999999999916e-02,-5.850205680816361609e-01,-5.850233494091066078e-01,9.999923259843875867e-01,-5.850170908285440285e-01,1.999989767979335697e+00,-5.850175297246921202e-01,5.851396370420098858e-01
1.340449999999999801e-02,-5.850205598129309958e-01,-5.850203353546243878e-01,9.999983783258774572e-01,-5.850215216902157067e-01,1.999997837767868880e+00,-5.850211175207140624e-01,5.851380421678540333e-01
1.341550000000000034e-02,-5.850205515442270521e-01,-5.850198389703326063e-01,9.999956262965525866e-01,-5.850168096180454747e-01,1.999994168395490490e+00,-5.850170637301519427e-01,5.851357095839775369e-01
1.342649999999999920e-02,-5.850205432755233304e-01,-5.850148820335101529e-01,1.000004402161297268e+00,-5.850195382580638537e-01,2.000005869548309168e+00,-5.850193068743594349e-01,5.851321195934017227e-01
1.343749999999999806e-02,-5.850205350068190535e-01,-5.850225304530569659e-01,9.999965530378693845e-01,-5.850226117583369190e-01,1.999995404050560976e+00,-5.850231279969101417e-01,5.851405483298759425e-01
1.344849999999999692e-02,-5.850205267381145546e-01,-5.850203151496013998e-01,9.999956421686206909e-01,-5.850103909055182072e-01,1.999994189558247593e+00,-5.850088876896095691e-01,5.851365510897306166e-01
1.345924999999999899e-02,-5.850205186573350646e-01,-5.850140511381227704e-01,1.000003910776739335e+00,-5.850152240524936209e-01,2.000005214368908213e+00,-5.850162147667621326e-01,5.851305274377632815e-01
1.347000000000000107e-02,-5.850205105765555746e-01,-5.850189525989540895e-01,1.000000249721832324e+00,-5.850142429224510776e-01,2.000000332962438065e+00,-5.850137316326003978e-01,5.851366033337142003e-01
1.348010000000000007e-02,-5.850205029843815741e-01,-5.850253632792548064e-01,9.999922547838903109e-01,-5.850257357898260846e-01,1.999989673045340810e+00,-5.850268506085050113e-01,5.851429465104606154e-01
1.349030000000000021e-02,-5.850204953170372590e-01,-5.850260970902929625e-01,9.999900484104400356e-01,-5.850174218867230103e-01,1.999986731214117741e+00,-5.850166846957209899e-01,5.851429685793400060e-01
1.350070000000000263e-02,-5.850204874993527593e-01,-5.850206145392267132e-01,9.999957577039464418e-01,-5.850146939431347670e-01,1.999994343605346225e+00,-5.850147919411314845e-01,5.851372894430768579e-01
1.351150000000000267e-02,-5.850204793809891113e-01,-5.850199140947993648e-01,9.999979766113091806e-01,-5.850167962218060236e-01,1.999997302148452505e+00,-5.850164843676314286e-01,5.851373261325125696e-01
1.352250000000000153e-02,-5.850204711122849455e-01,-5.850246541297412506e-01,9.999920883881486811e-01,-5.850115471510003440e-01,1.999989451184355449e+00,-5.850116503777590404e-01,5.851415644728014120e-01
1.353350000000000039e-02,-5.850204628435801135e-01,-5.850194597300049093e-01,9.999955905706805481e-01,-5.850125230888130190e-01,1.999994120760995031e+00,-5.850117318733716321e-01,5.851349007495368904e-01
1.354449999999999925e-02,-5.850204545748758367e-01,-5.850138675972684776e-01,1.000008279570274494e+00,-5.850163099062997141e-01,2.000011039426868198e+00,-5.850178732647206559e-01,5.851326507324789983e-01
1.355001037773437278e-02,-5.850204504327241040e-01,-5.850237985262526363e-01,9.999966271611271385e-01,-5.850219123214424055e-01,1.999995502881569687e+00,-5.850226998144900659e-01,5.851425833466744608e-01
1.355455682226573873e-02,-5.850204470151618708e-01,-5.850226935645540527e-01,9.999931013244708344e-01,-5.850189982245573850e-01,1.999990801766098114e+00,-5.850182743827931908e-01,5.851389096491319552e-01
1.356549999999999770e-02,-5.850204387891703162e-01,-5.850148140354038961e-01,1.000002795156134772e+00,-5.850196221269291508e-01,2.000003726874790999e+00,-5.850200720732009474e-01,5.851312177137296677e-01
1.357649999999999656e-02,-5.850204305204655952e-01,-5.850160914626004738e-01,1.000004129246940376e+00,-5.850223005396003595e-01,2.000005505662505012e+00,-5.850221458879002467e-01,5.851339242591356848e-01
1.358749999999999888e-02,-5.850204222517609853e-01,-5.850221442525942450e-01,9.999956933771838585e-01,-5.850211293953377911e-01,1.999994257836330558e+00,-5.850212711389826126e-01,5.851395050753843696e-01
1.359849999999999774e-02,-5.850204139830563754e-01,-5.850234164361006739e-01,9.999933769595803490e-01,-5.850208428680602202e-01,1.999991169279571990e+00,-5.850208088655571848e-01,5.851404245233648993e-01
1.360924999999999982e-02,-5.850204059022768854e-01,-5.850224594272875889e-01,9.999943145438396908e-01,-5.850156308931948601e-01,1.999992419391898979e+00,-5.850148392568802480e-01,5.851393468990758739e-01
1.362000000000000190e-02,-5.850203978214983946e-01,-5.850177401629537144e-01,9.999993812076907185e-01,-5.850068546328557328e-01,1.999999174943599689e+00,-5.850056347575347537e-01,5.851342421083951528e-01
1.363010000000000090e-02,-5.850203902293241720e-01,-5.850265364741358276e-01,9.999915947575394037e-01,-5.850142590136506726e-01,1.999988793010219368e+00,-5.850148329667274050e-01,5.851444687623535978e-01
1.364030000000000103e-02,-5.850203825619794129e-01,-5.850271363254289092e-01,9.999886312449041137e-01,-5.850141880367271119e-01,1.999984841660097823e+00,-5.850141913122820503e-01,5.851438458985165347e-01
1.365069999999999999e-02,-5.850203747442948021e-01,-5.850170393876589214e-01,9.999993265573606793e-01,-5.850117198141311370e-01,1.999999102076494450e+00,-5.850121858750707560e-01,5.851335372374749655e-01
1.366150000000000003e-02,-5.850203666259307100e-01,-5.850172860421141152e-01,1.000001374378976404e+00,-5.850217593470971034e-01,2.000001832505274191e+00,-5.850219758835862871e-01,5.851346746906220808e-01
1.367250000000000236e-02,-5.850203583572263222e-01,-5.850209580365565154e-01,9.999962210592927558e-01,-5.850176106361862916e-01,1.999994961412465466e+00,-5.850173055013612178e-01,5.851375626232873106e-01
1.368350000000000122e-02,-5.850203500885218233e-01,-5.850164288612944574e-01,1.000001431229025961e+00,-5.850178417436873168e-01,2.000001908305339082e+00,-5.850180872730721404e-01,5.851331724415120839e-01
1.369450000000000008e-02,-5.850203418198171024e-01,-5.850138724636092524e-01,1.000004829462589839e+00,-5.850182926870691746e-01,2.000006439283357196e+00,-5.850181033760148974e-01,5.851306913362233075e-01
1.370549999999999893e-02,-5.850203335511120484e-01,-5.850152782225988002e-01,1.000004601195656928e+00,-5.850195469524237524e-01,2.000006134927451384e+00,-5.850200974187600433e-01,5.851328561604530742e-01
1.371649999999999779e-02,-5.850203252824074385e-01,-5.850202910967994274e-01,9.999979530777856063e-01,-5.850190782067108408e-01,1.999997270770421443e+00,-5.850186565825025165e-01,5.851376303503322829e-01
1.372749999999999665e-02,-5.850203170137030506e-01,-5.850158264534937036e-01,1.000000915640790744e+00,-5.850138606674489816e-01,2.000001220854369155e+00,-5.850134361080651102e-01,5.851319112479649309e-01
1.373849999999999551e-02,-5.850203087449978856e-01,-5.850187491169843712e-01,1.000000847230253065e+00,-5.850266420432940206e-01,2.000001129640320396e+00,-5.850284833492003234e-01,5.851365710251443808e-01
1.374924999999999932e-02,-5.850203006642187287e-01,-5.850223733638565404e-01,9.999950616654148527e-01,-5.850202418442695951e-01,1.999993415553984688e+00,-5.850191137769186200e-01,5.851395692372218793e-01
1.376000000000000313e-02,-5.850202925834394607e-01,-5.850256733318954794e-01,9.999912456164739005e-01,-5.850258115051386598e-01,1.999988327488805950e+00,-5.850268132898885920e-01,5.851430079170674148e-01
1.377010000000000213e-02,-5.850202849912655712e-01,-5.850228983956554663e-01,9.999932982783980018e-01,-5.850194245712367902e-01,1.999991064371330340e+00,-5.850187082357100055e-01,5.851394826470088795e-01
1.378030000000000227e-02,-5.850202773239209231e-01,-5.850113355985060437e-01,1.000005956148305897e+00,-5.850181611551854566e-01,2.000007941530955957e+00,-5.850181735080721701e-01,5.851276510058179836e-01
1.379070000000000122e-02,-5.850202695062354241e-01,-5.850186349303090338e-01,1.000000945119996265e+00,-5.850210126424520984e-01,2.000001260159976368e+00,-5.850208353388234306e-01,5.851361604009616135e-01
1.380150000000000127e-02,-5.850202613878715541e-01,-5.850198169988100050e-01,9.999971011649744224e-01,-5.850182660474850804e-01,1.999996134886690147e+00,-5.850180851843453933e-01,5.851357271506979485e-01
1.381250000000000012e-02,-5.850202531191671662e-01,-5.850083205296021660e-01,1.000012336529850998e+00,-5.850211252975381360e-01,2.000016448706222860e+00,-5.850212807616509414e-01,5.851262411858744183e-01
1.382349999999999898e-02,-5.850202448504626673e-01,-5.850184781747242990e-01,1.000000634975652059e+00,-5.850157162883664608e-01,2.000000846634190310e+00,-5.850157875042759636e-01,5.851359043695266715e-01
1.383449999999999784e-02,-5.850202365817583905e-01,-5.850181976943509277e-01,9.999981553581271942e-01,-5.850157709196192046e-01,1.999997540477539637e+00,-5.850149753157919408e-01,5.851342599818427637e-01
1.384550000000000017e-02,-5.850202283130537806e-01,-5.850169146724550906e-01,1.000003505180274255e+00,-5.850151877984076654e-01,2.000004673573629432e+00,-5.850152895048013058e-01,5.851349991079738411e-01
1.385649999999999903e-02,-5.850202200443490597e-01,-5.850187978636656183e-01,9.999976411186827230e-01,-5.850147084109522666e-01,1.999996854824957149e+00,-5.850149517741756178e-01,5.851350605529386240e-01
1.386749999999999788e-02,-5.850202117756440057e-01,-5.850180869092861391e-01,1.000000805797510939e+00,-5.850122258385589413e-01,2.000001074396665413e+00,-5.850111998616972508e-01,5.851354946386944089e-01
1.387849999999999674e-02,-5.850202035069398399e-01,-5.850172788590910500e-01,1.000000383208083488e+00,-5.850132916285550877e-01,2.000000510944103471e+00,-5.850139637285833860e-01,5.851339859696365053e-01
1.388924999999999882e-02,-5.850201954261604609e-01,-5.850203401823625970e-01,9.999981402210642578e-01,-5.850264476465690811e-01,1.999997520294789277e+00,-5.850281435126605256e-01,5.851378050873100589e-01
1.390000000000000090e-02,-5.850201873453810819e-01,-5.850207427804178240e-01,9.999965969093106422e-01,-5.850224690335910083e-01,1.999995462545814950e+00,-5.850219978314281644e-01,5.851377020743947499e-01
1.391009999999999990e-02,-5.850201797532058601e-01,-5.850112737096747617e-01,1.000006332112170826e+00,-5.850194248869420299e-01,2.000008442816102239e+00,-5.850193278063732238e-01,5.851274686595657748e-01
1.392030000000000350e-02,-5.850201720858612120e-01,-5.850242009780960428e-01,9.999954110328211909e-01,-5.850230972175951560e-01,1.999993881377186256e+00,-5.850230132108860115e-01,5.851422864333452045e-01
1.393070000000000246e-02,-5.850201642681769343e-01,-5.850240051637232153e-01,9.999923798334748870e-01,-5.850162033583224952e-01,1.999989839778117950e+00,-5.850161006348494341e-01,5.851409378328444877e-01
1.394150000000000250e-02,-5.850201561498132863e-01,-5.850234976987950253e-01,9.999928957077574010e-01,-5.850210950346065308e-01,1.999990527610484348e+00,-5.850209739176247536e-01,5.851400890044990977e-01
1.395001069999999600e-02,-5.850201497523177530e-01,-5.850191558753139454e-01,9.999975783989972777e-01,-5.850191899186142352e-01,1.999996771198710999e+00,-5.850190090886041583e-01,5.851356367587916552e-01
1.395006731866210020e-02,-5.850201497097590186e-01,-5.850191262810460202e-01,9.999976151404406099e-01,-5.850191803480058184e-01,1.999996820187301738e+00,-5.850190188297538230e-01,5.851356076397103978e-01
1.396000000000000192e-02,-5.850201422433602971e-01,-5.850140106506450666e-01,1.000003987372256375e+00,-5.850205723898713739e-01,2.000005316496262342e+00,-5.850207447907658231e-01,5.851304992433001839e-01
1.397000099999999752e-02,-5.850201347256046569e-01,-5.850172352908447060e-01,1.000001904085275450e+00,-5.850211146512644955e-01,2.000002538780329076e+00,-5.850209891703281873e-01,5.851346537847554874e-01
1.397010632226563034e-02,-5.850201553929937903e-01,-5.850172783952224398e-01,1.000001849904573081e+00,-5.850210992090237871e-01,2.000002466539394064e+00,-5.850209319549888320e-01,5.851346863799753439e-01
1.398010000000000051e-02,-5.850218146454554402e-01,-5.850202226115698290e-01,9.999978760597689753e-01,-5.850158574993040705e-01,1.999997168079734156e+00,-5.850154254014020561e-01,5.851374889777222199e-01
1.399030000000000065e-02,-5.850229067093449808e-01,-5.850235599746768100e-01,9.999938152418972326e-01,-5.850223493575342770e-01,1.999991753655985693e+00,-5.850226715129495103e-01,5.851406625112008930e-01
1.400069999999999960e-02,-5.850236184114894211e-01,-5.850185439151014410e-01,9.999984194825942696e-01,-5.850141345336559162e-01,1.999997892643490482e+00,-5.850136935494281154e-01,5.851353881455895189e-01
1.401150000000000312e-02,-5.850240848369869795e-01,-5.850210791454161230e-01,9.999971174565605025e-01,-5.850120936628686596e-01,1.999996156608804920e+00,-5.850122743066643594e-01,5.851387345053550293e-01
1.402250000000000198e-02,-5.850243806554976667e-01,-5.850273223487080232e-01,9.999884859094355649e-01,-5.850136739191017510e-01,1.999984647879476052e+00,-5.850136206315151854e-01,5.851439068891838291e-01
1.403350000000000083e-02,-5.850245639871183290e-01,-5.850248910399664659e-01,9.999925154866659005e-01,-5.850198042150288602e-01,1.999990020649036859e+00,-5.850210431544338174e-01,5.851425929865059494e-01
1.404449999999999969e-02,-5.850246775964095258e-01,-5.850302068801017663e-01,9.999850349519162629e-01,-5.850246757302098866e-01,1.999980046602852113e+00,-5.850241875051670482e-01,5.851471948705024850e-01
1.405549999999999855e-02,-5.850247479899675085e-01,-5.850271352973674954e-01,9.999874645154693820e-01,-5.850222124818669212e-01,1.999983286020874829e+00,-5.850223097629276836e-01,5.851434944046793873e-01
1.406649999999999741e-02,-5.850247915972788260e-01,-5.850226876185673497e-01,9.999939204466220533e-01,-5.850173889274697947e-01,1.999991893928950049e+00,-5.850162508724899846e-01,5.851395307580025129e-01
1.407749999999999627e-02,-5.850248186017703578e-01,-5.850239888664999777e-01,9.999932935654878285e-01,-5.850212637912203251e-01,1.999991058087450257e+00,-5.850225643541382414e-01,5.851413050881767441e-01
1.408849999999999512e-02,-5.850248353153990610e-01,-5.850293173534388824e-01,9.999872049619756842e-01,-5.850270462544374661e-01,1.999982939949555227e+00,-5.850271640310003018e-01,5.851468881256718380e-01
1.409925000000000067e-02,-5.850248454665764042e-01,-5.850250294720130695e-01,9.999899379313413883e-01,-5.850120188714025282e-01,1.999986583908654802e+00,-5.850104014807816499e-01,5.851413434863278473e-01
1.411000000000000275e-02,-5.850248518038476675e-01,-5.850286351144065033e-01,9.999879896299338489e-01,-5.850211171717528691e-01,1.999983986173483608e+00,-5.850222226838455164e-01,5.851461756848811424e-01
1.412010000000000175e-02,-5.850248555621292423e-01,-5.850258237853153132e-01,9.999896282292185523e-01,-5.850167849195210268e-01,1.999986170972497534e+00,-5.850164684217046274e-01,5.851425723494226849e-01
1.413030000000000189e-02,-5.850248579824254280e-01,-5.850334796409332183e-01,9.999825842835741163e-01,-5.850258455502909127e-01,1.999976779045111286e+00,-5.850262891014876843e-01,5.851509803114655073e-01
1.414070000000000084e-02,-5.850248595378370053e-01,-5.850286505755356581e-01,9.999858817674096567e-01,-5.850200347339989948e-01,1.999981175690159763e+00,-5.850197348136949582e-01,5.851456065609071944e-01
1.415150000000000088e-02,-5.850248605339458674e-01,-5.850325183615653346e-01,9.999822910488914696e-01,-5.850177989164516701e-01,1.999976388065540345e+00,-5.850183618766932048e-01,5.851491350784827628e-01
1.416249999999999974e-02,-5.850248611414758937e-01,-5.850268201037154281e-01,9.999885969038025957e-01,-5.850258099118489374e-01,1.999984795871963206e+00,-5.850245849188596692e-01,5.851437545837454568e-01
1.417349999999999860e-02,-5.850248614935745772e-01,-5.850271487598374121e-01,9.999891199362382910e-01,-5.850147254119089091e-01,1.999985493248533697e+00,-5.850155794533700160e-01,5.851443911428245714e-01
1.418450000000000093e-02,-5.850248616873486851e-01,-5.850280995364481873e-01,9.999871384007328334e-01,-5.850188138292258255e-01,1.999982851201232537e+00,-5.850182676730382170e-01,5.851448621208990009e-01
1.419549999999999979e-02,-5.850248617829884035e-01,-5.850209078820329811e-01,9.999940049868653036e-01,-5.850113134759561406e-01,1.999992006649272902e+00,-5.850105116028456731e-01,5.851366728772821046e-01
1.420649999999999864e-02,-5.850248618178027771e-01,-5.850219107687412157e-01,9.999980766882508032e-01,-5.850140142449882230e-01,1.999997435584372596e+00,-5.850146484134548519e-01,5.851403359799859372e-01
1.421749999999999750e-02,-5.850248618149143098e-01,-5.850222667504231255e-01,9.999929106521182609e-01,-5.850123168215458636e-01,1.999990547536298235e+00,-5.850122065023456441e-01,5.851383419222436766e-01
1.422849999999999636e-02,-5.850248617886587565e-01,-5.850224003987304355e-01,9.999955549421528644e-01,-5.850169228342344541e-01,1.999994073256292193e+00,-5.850172854967429226e-01,5.851398564065641850e-01
1.423924999999999844e-02,-5.850248617489602898e-01,-5.850270938898401996e-01,9.999896936850940499e-01,-5.850221399264556865e-01,1.999986258246996718e+00,-5.850226696207510013e-01,5.851445313781332702e-01
1.425000000000000051e-02,-5.850248617006023055e-01,-5.850229377884610393e-01,9.999928341473862670e-01,-5.850146888866500916e-01,1.999990445529990613e+00,-5.850139328313229692e-01,5.851393966053768381e-01
1.426010000000000298e-02,-5.850248616501814158e-01,-5.850263784307017101e-01,9.999905848997288071e-01,-5.850228415710145846e-01,1.999987446533158852e+00,-5.850235388532014635e-01,5.851437382606486937e-01
1.427030000000000312e-02,-5.850248615961393117e-01,-5.850223040825397458e-01,9.999938240802345168e-01,-5.850191690734024563e-01,1.999991765440435554e+00,-5.850190317158903142e-01,5.851392480468824431e-01
1.428070000000000207e-02,-5.850248615389650464e-01,-5.850328091191335789e-01,9.999835181192481270e-01,-5.850229349414785007e-01,1.999978024159324796e+00,-5.850224979658646962e-01,5.851495410721990753e-01
1.429150000000000212e-02,-5.850248614781871082e-01,-5.850171660043923527e-01,9.999989346353315156e-01,-5.850166851562114134e-01,1.999998579513796448e+00,-5.850175498901202253e-01,5.851339871334476639e-01
1.430250000000000098e-02,-5.850248614153599203e-01,-5.850184105530977785e-01,9.999993645627943684e-01,-5.850208390824660487e-01,1.999999152750405296e+00,-5.850197250876957300e-01,5.851351298243457899e-01
1.431349999999999983e-02,-5.850248613519514196e-01,-5.850178275854085452e-01,1.000001558158314152e+00,-5.850132475491883755e-01,2.000002077544388079e+00,-5.850136571996151780e-01,5.851356439157088252e-01
1.432449999999999869e-02,-5.850248612881829846e-01,-5.850244004037116197e-01,9.999924782281236491e-01,-5.850158306664281493e-01,1.999989970970980968e+00,-5.850163738910931777e-01,5.851414982864769909e-01
1.433549999999999755e-02,-5.850248612241911728e-01,-5.850227649491408499e-01,9.999932153821865510e-01,-5.850170219096403335e-01,1.999990953843050034e+00,-5.850164193849362038e-01,5.851392808330124762e-01
1.434649999999999641e-02,-5.850248611600622484e-01,-5.850221359397869136e-01,9.999957004175920039e-01,-5.850198979050394987e-01,1.999994267223541566e+00,-5.850207857550169255e-01,5.851395149846082555e-01
1.435749999999999874e-02,-5.850248610958477258e-01,-5.850228796272951559e-01,9.999937424253125817e-01,-5.850148947464671734e-01,1.999991656567207787e+00,-5.850136505816745380e-01,5.851397390505369556e-01
1.436849999999999759e-02,-5.850248610315801345e-01,-5.850233129720906478e-01,9.999937540506170786e-01,-5.850158872198181204e-01,1.999991672067613635e+00,-5.850165401352623862e-01,5.851404431673055129e-01
1.437001999999999724e-02,-5.850248610194802579e-01,-5.850235038211837324e-01,9.999935184016657264e-01,-5.850168767076449061e-01,1.999991357869016273e+00,-5.850175044556009674e-01,5.851406364907660862e-01
1.437003029999999772e-02,-5.850198987476489254e-01,-5.850234807437014739e-01,9.999935168333221602e-01,-5.850168830345559012e-01,1.999991355777891444e+00,-5.850174753306595088e-01,5.851356757785073359e-01
1.437031765000027460e-02,-5.850197739027683808e-01,-5.850222566653433542e-01,9.999935597606053328e-01,-5.850168499094714480e-01,1.999991413014268415e+00,-5.850161523167906052e-01,5.851356220933564556e-01
1.438070000000000147e-02,-5.850197660983509351e-01,-5.850209450503237596e-01,9.999969550639384863e-01,-5.850134259108304979e-01,1.999995940085312007e+00,-5.850135756440265622e-01,5.851382214218177058e-01
1.439150000000000151e-02,-5.850197579799870651e-01,-5.850230660355524304e-01,9.999933875233220082e-01,-5.850203449790370991e-01,1.999991183364560499e+00,-5.850206025033658497e-01,5.851391930827225529e-01
1.440250000000000037e-02,-5.850197497112830103e-01,-5.850119638516975140e-01,1.000006500260344433e+00,-5.850245663283997199e-01,2.000008667013663199e+00,-5.850242232845496160e-01,5.851287889832990086e-01
1.441349999999999923e-02,-5.850197414425787334e-01,-5.850135784160350738e-01,1.000007203411354517e+00,-5.850202948216007837e-01,2.000009604548329545e+00,-5.850210879551985821e-01,5.851315605587896762e-01
1.442449999999999809e-02,-5.850197331738749007e-01,-5.850180546187025987e-01,9.999986190712532030e-01,-5.850217378459126039e-01,1.999998158761698397e+00,-5.850212438390475223e-01,5.851342089595558127e-01
1.443550000000000041e-02,-5.850197249051700688e-01,-5.850186964543618862e-01,1.000001892297623485e+00,-5.850209499291451065e-01,2.000002523063460380e+00,-5.850206110537079507e-01,5.851370802213039513e-01
1.444649999999999927e-02,-5.850197166364654588e-01,-5.850213947970028805e-01,9.999941203807631851e-01,-5.850168302502249951e-01,1.999992160507801042e+00,-5.850171212554295952e-01,5.851375072693595358e-01
1.445749999999999813e-02,-5.850197083677610710e-01,-5.850210128017652167e-01,9.999974870919039471e-01,-5.850248949558198852e-01,1.999996649455921816e+00,-5.850255471336827107e-01,5.851385761829562826e-01
1.446849999999999699e-02,-5.850197000990574603e-01,-5.850196322053103914e-01,9.999971540459987596e-01,-5.850181283745811145e-01,1.999996205394721560e+00,-5.850171395778143157e-01,5.851361910920593878e-01
1.447924999999999907e-02,-5.850196920182783034e-01,-5.850144796593407248e-01,1.000003455692002996e+00,-5.850177123823236958e-01,2.000004607589268790e+00,-5.850179674951081488e-01,5.851309928731595056e-01
1.449000000000000114e-02,-5.850196839374987023e-01,-5.850147003072889706e-01,1.000004441764861696e+00,-5.850179379209983210e-01,2.000005922353060850e+00,-5.850178044116965959e-01,5.851318229546612626e-01
1.450010000000000014e-02,-5.850196763453241466e-01,-5.850245359697059389e-01,9.999941716803596448e-01,-5.850127751498039874e-01,1.999992228907262026e+00,-5.850121069430601617e-01,5.851424701073253409e-01
1.451030000000000028e-02,-5.850196686779798316e-01,-5.850211755791833168e-01,9.999952238025229256e-01,-5.850095680144471455e-01,1.999993631736791899e+00,-5.850098093700750734e-01,5.851379273787153945e-01
1.452070000000000270e-02,-5.850196608602953319e-01,-5.850242266948996184e-01,9.999928491909119144e-01,-5.850189353445143237e-01,1.999990465588024735e+00,-5.850188765247558154e-01,5.851409245833444350e-01
1.453150000000000275e-02,-5.850196527419319059e-01,-5.850149177506180909e-01,1.000002497516899957e+00,-5.850119124704988849e-01,2.000003330022483539e+00,-5.850124365190964015e-01,5.851316285109698923e-01
1.454250000000000161e-02,-5.850196444732285173e-01,-5.850141166256594971e-01,1.000005142591450902e+00,-5.850177437758037335e-01,2.000006856788499654e+00,-5.850180521334809036e-01,5.851313397598908450e-01
1.455350000000000046e-02,-5.850196362045250176e-01,-5.850179279331761961e-01,1.000001436893831475e+00,-5.850199561721101116e-01,2.000001915858413692e+00,-5.850201909916376009e-01,5.851356174594027904e-01
1.456449999999999932e-02,-5.850196279358214069e-01,-5.850224142946075512e-01,9.999943696125690451e-01,-5.850203689852422340e-01,1.999992492816870415e+00,-5.850203494176192676e-01,5.851392201350390510e-01
1.457549999999999818e-02,-5.850196196671173521e-01,-5.850205276388947828e-01,9.999966924523988610e-01,-5.850189027073567916e-01,1.999995589936597318e+00,-5.850183665252296494e-01,5.851374078130331391e-01
1.458649999999999704e-02,-5.850196113984137414e-01,-5.850209405774864369e-01,9.999968416232715152e-01,-5.850162013164321717e-01,1.999995788831091303e+00,-5.850161877214308248e-01,5.851381432590648801e-01
1.459749999999999590e-02,-5.850196031297100197e-01,-5.850168013863314975e-01,9.999999987247147892e-01,-5.850160824165641094e-01,1.999999998299619941e+00,-5.850162902468092341e-01,5.851330307187105895e-01
1.460849999999999822e-02,-5.850195948610064089e-01,-5.850179858481465711e-01,1.000001179292799636e+00,-5.850184496718280336e-01,2.000001572390376126e+00,-5.850183976200747926e-01,5.851355085109323229e-01
1.461925000000000030e-02,-5.850195867802279182e-01,-5.850164178295115258e-01,1.000001345593451996e+00,-5.850153285530786951e-01,2.000001794124575571e+00,-5.850151342823016742e-01,5.851330737927130654e-01
1.463000000000000238e-02,-5.850195786994494274e-01,-5.850190953837608454e-01,9.999994896026678237e-01,-5.850147567377601554e-01,1.999999319470233905e+00,-5.850146031766322308e-01,5.851364642224143875e-01
1.464010000000000138e-02,-5.850195711072758709e-01,-5.850219241406050541e-01,9.999957825355062502e-01,-5.850188453126319299e-01,1.999994376714091970e+00,-5.850192255788166928e-01,5.851392056297738398e-01
1.465030000000000152e-02,-5.850195634399318889e-01,-5.850253084789308611e-01,9.999916847062603198e-01,-5.850133224773486074e-01,1.999988912941845554e+00,-5.850130569113136669e-01,5.851424617931766381e-01
1.466070000000000047e-02,-5.850195556222479443e-01,-5.850214860837777975e-01,9.999948061160838231e-01,-5.850208539673703578e-01,1.999993074821548200e+00,-5.850210795271068021e-01,5.851378311688896217e-01
1.467150000000000051e-02,-5.850195475038840742e-01,-5.850132160690020289e-01,1.000005363943864412e+00,-5.850178428134417130e-01,2.000007151925045967e+00,-5.850190395840851876e-01,5.851306759347691955e-01
1.468249999999999937e-02,-5.850195392351797974e-01,-5.850209446616855269e-01,9.999973677457474341e-01,-5.850271674457676596e-01,1.999996490327715426e+00,-5.850263698425653969e-01,5.851382003498565298e-01
1.469350000000000170e-02,-5.850195309664751875e-01,-5.850226605556224646e-01,9.999943357053631132e-01,-5.850198107139089609e-01,1.999992447607263246e+00,-5.850193109169775640e-01,5.851396352631127451e-01
1.470450000000000056e-02,-5.850195226977713547e-01,-5.850213972721484135e-01,9.999953349934962432e-01,-5.850161465694695417e-01,1.999993779991421139e+00,-5.850160548612854949e-01,5.851381177271628431e-01
1.471549999999999941e-02,-5.850195144290676330e-01,-5.850193346124116234e-01,9.999983204962231698e-01,-5.850162586811171739e-01,1.999997760661664348e+00,-5.850163053321520978e-01,5.851362916977752571e-01
1.472649999999999827e-02,-5.850195061603636892e-01,-5.850176409071051742e-01,1.000000009186878591e+00,-5.850187426022182002e-01,2.000000012249171455e+00,-5.850192159139023795e-01,5.851343829799203755e-01
1.473749999999999713e-02,-5.850194978916595234e-01,-5.850192301716704568e-01,9.999994371141123217e-01,-5.850188417568756849e-01,1.999999249485494346e+00,-5.850183765869160224e-01,5.851366593839532060e-01
1.474849999999999599e-02,-5.850194896229551356e-01,-5.850165265118997260e-01,1.000000776179497564e+00,-5.850221797876069552e-01,2.000001034905981356e+00,-5.850230473773537776e-01,5.851329708829468013e-01
1.475002170976562506e-02,-5.850194884790861360e-01,-5.850156761259022176e-01,1.000001827721819891e+00,-5.850235074135637925e-01,2.000002436962389663e+00,-5.850243473557711349e-01,5.851321387348598080e-01
1.475855682226573720e-02,-5.850194820632403925e-01,-5.850174079039629493e-01,1.000001450012627524e+00,-5.850175596546942636e-01,2.000001933350140870e+00,-5.850164038278459211e-01,5.851347128427606403e-01
1.476924999999999939e-02,-5.850194740251746239e-01,-5.850259259898451525e-01,9.999922001555758833e-01,-5.850232229549001683e-01,1.999989600207589424e+00,-5.850242504801959065e-01,5.851438743570701595e-01
1.478000000000000320e-02,-5.850194659443964662e-01,-5.850190463116226036e-01,9.999968378804038327e-01,-5.850188195262048252e-01,1.999995783840601282e+00,-5.850184213708844450e-01,5.851351023779408633e-01
1.479010000000000220e-02,-5.850194583522224656e-01,-5.850174410948117965e-01,1.000000636424797529e+00,-5.850192511476898227e-01,2.000000848566383826e+00,-5.850191592996482060e-01,5.851343436001449350e-01
1.480030000000000234e-02,-5.850194506848781506e-01,-5.850137824801335817e-01,1.000004573359035032e+00,-5.850185189693288823e-01,2.000006097811955819e+00,-5.850184747531530505e-01,5.851306280972239371e-01
1.481070000000000129e-02,-5.850194428671937619e-01,-5.850185190839416460e-01,1.000000518003839156e+00,-5.850194302246481959e-01,2.000000690671775327e+00,-5.850198513055990812e-01,5.851360159339097367e-01
1.482150000000000134e-02,-5.850194347488302249e-01,-5.850225591823973170e-01,9.999944160513778435e-01,-5.850266565168709132e-01,1.999992554735281480e+00,-5.850256205338536519e-01,5.851389125337197461e-01
1.483250000000000020e-02,-5.850194264801265032e-01,-5.850163305432205529e-01,1.000003360254305029e+00,-5.850154051230282981e-01,2.000004480339006463e+00,-5.850164734663824140e-01,5.851347149727573749e-01
1.484349999999999906e-02,-5.850194182114225594e-01,-5.850267409514214867e-01,9.999881813750577386e-01,-5.850183634202493765e-01,1.999984241833645093e+00,-5.850173927315859279e-01,5.851427672441350536e-01
1.485449999999999791e-02,-5.850194099427179495e-01,-5.850188598672751983e-01,9.999987380586310426e-01,-5.850148129902913441e-01,1.999998317411533222e+00,-5.850141263009178694e-01,5.851358135895060597e-01
1.486550000000000024e-02,-5.850194016740140057e-01,-5.850152499706102738e-01,1.000002046608990947e+00,-5.850121652732044319e-01,2.000002728811947517e+00,-5.850125343487198037e-01,5.851315157663969924e-01
1.487649999999999910e-02,-5.850193934053096179e-01,-5.850171415258287322e-01,1.000003329658654128e+00,-5.850185522029133223e-01,2.000004439544806445e+00,-5.850188564114601197e-01,5.851352256891800829e-01
1.488749999999999796e-02,-5.850193851366053410e-01,-5.850180507619351378e-01,9.999988009834741565e-01,-5.850174503070817433e-01,1.999998401311322560e+00,-5.850175825551734432e-01,5.851344458144391858e-01
1.489849999999999682e-02,-5.850193768679012862e-01,-5.850174504008772702e-01,1.000001195529830689e+00,-5.850108336032376899e-01,2.000001594039750863e+00,-5.850094977849348288e-01,5.851346578899843109e-01
1.490924999999999889e-02,-5.850193687871227954e-01,-5.850229791632189924e-01,9.999951684699612819e-01,-5.850225806455583433e-01,1.999993557960044521e+00,-5.850245654779948623e-01,5.851405920644450198e-01
1.492000000000000097e-02,-5.850193607063444157e-01,-5.850196981683973840e-01,9.999969890927244975e-01,-5.850092610486555822e-01,1.999995985457025949e+00,-5.850073380734748252e-01,5.851362193087733532e-01
1.493009999999999997e-02,-5.850193531141707481e-01,-5.850149615329124364e-01,1.000002911781116000e+00,-5.850070783405521002e-01,2.000003882374763897e+00,-5.850068505524426143e-01,5.851315876640286184e-01
1.494030000000000358e-02,-5.850193454468259890e-01,-5.850195100313216878e-01,9.999992942418272079e-01,-5.850178445702342023e-01,1.999999058989117007e+00,-5.850186927068086185e-01,5.851368523375907182e-01
1.495070000000000253e-02,-5.850193376291412672e-01,-5.850175509873588586e-01,1.000000145651723127e+00,-5.850147677424141213e-01,2.000000194202294690e+00,-5.850149379824415297e-01,5.851343016607883918e-01
1.496150000000000257e-02,-5.850193295107775082e-01,-5.850154688481410403e-01,1.000003409961897738e+00,-5.850202094364305161e-01,2.000004546615795853e+00,-5.850209185774933873e-01,5.851330209883560673e-01
1.497250000000000143e-02,-5.850193212420741196e-01,-5.850213356833644518e-01,9.999956508140656064e-01,-5.850210096848835750e-01,1.999994201085507184e+00,-5.850202337779828454e-01,5.851377122480700965e-01
1.498350000000000029e-02,-5.850193129733702868e-01,-5.850141224996660005e-01,1.000003886240917961e+00,-5.850181974768305926e-01,2.000005181654480158e+00,-5.850187873541361494e-01,5.851306832545688508e-01
1.499449999999999915e-02,-5.850193047046662320e-01,-5.850135654542488739e-01,1.000006958457181350e+00,-5.850206187337786412e-01,2.000009277942770058e+00,-5.850201282188732810e-01,5.851313309328057821e-01
1.500549999999999801e-02,-5.850192964359625103e-01,-5.850162222049631877e-01,1.000001342955210148e+00,-5.850142445840611494e-01,2.000001790606920071e+00,-5.850140014317232184e-01,5.851327066724592019e-01
1.501649999999999686e-02,-5.850192881672585665e-01,-5.850122230856921179e-01,1.000006834017475699e+00,-5.850174736014246424e-01,2.000009112023165336e+00,-5.850179696383817074e-01,5.851290196183285275e-01
1.502749999999999572e-02,-5.850192798985548448e-01,-5.850152948497331362e-01,1.000004715483068463e+00,-5.850213990040895595e-01,2.000006287310664543e+00,-5.850216585164831340e-01,5.851329126046102003e-01
1.503849999999999805e-02,-5.850192716298515672e-01,-5.850293659076569730e-01,9.999892596601371864e-01,-5.850175051937597237e-01,1.999985679547062745e+00,-5.850166881408876973e-01,5.851479608912637520e-01
1.504925000000000013e-02,-5.850192635490720772e-01,-5.850225183287840469e-01,9.999917788657867179e-01,-5.850110041173753883e-01,1.999989038487878901e+00,-5.850107244051732103e-01,5.851382114471113116e-01
1.506000000000000220e-02,-5.850192554682935864e-01,-5.850201257970559787e-01,9.999974303695383648e-01,-5.850190993661028571e-01,1.999996573826102297e+00,-5.850199112577242344e-01,5.851371189273365525e-01
1.507010000000000120e-02,-5.850192478761201409e-01,-5.850241633941901664e-01,9.999933507409948241e-01,-5.850142821725192732e-01,1.999991134321458697e+00,-5.850135579213834314e-01,5.851415213348097888e-01
1.508030000000000134e-02,-5.850192402087757149e-01,-5.850192790907882134e-01,9.999973771646967213e-01,-5.850118833255489870e-01,1.999996502886314476e+00,-5.850120580593476394e-01,5.851359966467511997e-01
1.509070000000000029e-02,-5.850192323910908820e-01,-5.850240578241763245e-01,9.999935864077728054e-01,-5.850239436705536589e-01,1.999991448543824601e+00,-5.850239226592720554e-01,5.851413292164672209e-01
1.510150000000000034e-02,-5.850192242727269010e-01,-5.850237037358779757e-01,9.999925033207022196e-01,-5.850092213842689182e-01,1.999990004427751655e+00,-5.850095717908817550e-01,5.851401469716905890e-01
1.511250000000000267e-02,-5.850192160040230682e-01,-5.850179698474554657e-01,1.000000205931776742e+00,-5.850222500553734495e-01,2.000000274575698178e+00,-5.850230134472605981e-01,5.851354014168197448e-01
1.512350000000000153e-02,-5.850192077353192355e-01,-5.850226449211315405e-01,9.999948039828771007e-01,-5.850217644696618091e-01,1.999993071977272718e+00,-5.850215076116924706e-01,5.851398161683581955e-01
1.513450000000000038e-02,-5.850191994666154027e-01,-5.850198380744668913e-01,9.999957151827352231e-01,-5.850168625025541358e-01,1.999994286910398822e+00,-5.850162003611006911e-01,5.851357116277609016e-01
1.514549999999999924e-02,-5.850191911979113479e-01,-5.850177201311766995e-01,1.000002658897324315e+00,-5.850217055722273241e-01,2.000003545196379573e+00,-5.850230159254617979e-01,5.851358908134076664e-01
1.515001509648437536e-02,-5.850191878039129323e-01,-5.850230109578951065e-01,9.999962952791848769e-01,-5.850260656046605279e-01,1.999995060372319999e+00,-5.850272168823680285e-01,5.851411667038329822e-01
1.515078268741200558e-02,-5.850191872269161486e-01,-5.850235628557515222e-01,9.999952258806927841e-01,-5.850263858373142556e-01,1.999993634507685192e+00,-5.850261512210278569e-01,5.851409396767889293e-01
1.516150000000000136e-02,-5.850191791707091138e-01,-5.850207489004968231e-01,9.999957669585275433e-01,-5.850148215391678397e-01,1.999994355944787472e+00,-5.850142200940344761e-01,5.851371120136604764e-01
1.517000622265624911e-02,-5.850191729283552577e-01,-5.850145968996193213e-01,1.000002804561146208e+00,-5.850114027182176102e-01,2.000003739414806248e+00,-5.850110963787412688e-01,5.851308682972332642e-01
1.517155682226574258e-02,-5.850195135304974148e-01,-5.850139333697630395e-01,1.000004085283911159e+00,-5.850119180482421521e-01,2.000005447045134055e+00,-5.850127126793434051e-01,5.851307009259060221e-01
1.518249999999999982e-02,-5.850213625982790822e-01,-5.850137877896489647e-01,1.000006265046138765e+00,-5.850202139891123032e-01,2.000008353394727489e+00,-5.850204382540273862e-01,5.851315683644938703e-01
1.519349999999999867e-02,-5.850225161638585858e-01,-5.850217070162171407e-01,9.999964626897465125e-01,-5.850182865193501724e-01,1.999995283586398997e+00,-5.850180158756722593e-01,5.851390993446786704e-01
1.520450000000000100e-02,-5.850232311496539328e-01,-5.850269295418230042e-01,9.999903894465949072e-01,-5.850163313738896420e-01,1.999987185928983946e+00,-5.850160702512189337e-01,5.851446331487886177e-01
1.521549999999999986e-02,-5.850236742921732791e-01,-5.850246880253311410e-01,9.999888838323425233e-01,-5.850087382066646580e-01,1.999985178443344225e+00,-5.850079250049765589e-01,5.851401963799984784e-01
1.522649999999999872e-02,-5.850239489390864911e-01,-5.850229343172584917e-01,9.999963092072344795e-01,-5.850191003036341320e-01,1.999995078943052507e+00,-5.850210131938083924e-01,5.851411194188822495e-01
1.523749999999999757e-02,-5.850241191479949032e-01,-5.850263214607361872e-01,9.999891686185943263e-01,-5.850157386423203709e-01,1.999985558158340782e+00,-5.850143023858938029e-01,5.851430291481176660e-01
1.524849999999999643e-02,-5.850242246234831356e-01,-5.850180244128742046e-01,9.999980671258601461e-01,-5.850115338128979436e-01,1.999997422834518535e+00,-5.850117621448406302e-01,5.851340598222306566e-01
1.525924999999999851e-02,-5.850242888109338235e-01,-5.850213975414750855e-01,9.999973218764443006e-01,-5.850210001129810822e-01,1.999996429168645395e+00,-5.850217582458093757e-01,5.851391031074757443e-01
1.527000000000000059e-02,-5.850243290074842450e-01,-5.850192196698033031e-01,9.999977988266885998e-01,-5.850151032876058643e-01,1.999997065102295357e+00,-5.850144944184937357e-01,5.851358445485614901e-01
1.528010000000000305e-02,-5.850243529610967830e-01,-5.850216427326849766e-01,9.999962041269521151e-01,-5.850169090513398507e-01,1.999994938836011427e+00,-5.850170506610363752e-01,5.851389311783071756e-01
1.529030000000000319e-02,-5.850243685013690742e-01,-5.850223424393791172e-01,9.999947720135972107e-01,-5.850179131799050358e-01,1.999993029351566864e+00,-5.850180560195770152e-01,5.851392525264971223e-01
1.530070000000000215e-02,-5.850243786073822116e-01,-5.850177751672541726e-01,9.999996488331447386e-01,-5.850192056286435127e-01,1.999999531777533202e+00,-5.850191021683696091e-01,5.851350157833893340e-01
1.531150000000000219e-02,-5.850243852075457385e-01,-5.850267570511276105e-01,9.999904993113655216e-01,-5.850140119879869705e-01,1.999987332415342989e+00,-5.850140318787131477e-01,5.851439075435643788e-01
1.532250000000000105e-02,-5.850243893695968866e-01,-5.850257258062997456e-01,9.999900137643479292e-01,-5.850196555306846902e-01,1.999986685019329080e+00,-5.850202898230986159e-01,5.851424134973088886e-01
1.533349999999999991e-02,-5.850243919248802049e-01,-5.850230947409593707e-01,9.999937540204018038e-01,-5.850262779766907117e-01,1.999991672027326528e+00,-5.850265041744170391e-01,5.851401676703729127e-01
1.534449999999999877e-02,-5.850243934842457305e-01,-5.850245361215132833e-01,9.999924535514228552e-01,-5.850258359951505671e-01,1.999989938068713835e+00,-5.850254643629217988e-01,5.851417866752698371e-01
1.535549999999999762e-02,-5.850243944263169293e-01,-5.850299434843784230e-01,9.999869530835149289e-01,-5.850232892654992911e-01,1.999982604111612439e+00,-5.850231948416603212e-01,5.851477927623267572e-01
1.536649999999999995e-02,-5.850243949857715231e-01,-5.850298903227043601e-01,9.999836261496256595e-01,-5.850188987586510958e-01,1.999978168199826323e+00,-5.850186102906911323e-01,5.851460438744729986e-01
1.537749999999999881e-02,-5.850243953080699333e-01,-5.850258624327554502e-01,9.999902553578123854e-01,-5.850185636349674034e-01,1.999987007143943396e+00,-5.850184782983570697e-01,5.851428385561269208e-01
1.538849999999999767e-02,-5.850243954833729276e-01,-5.850255352193751701e-01,9.999906730691140444e-01,-5.850155008621494845e-01,1.999987564092337244e+00,-5.850151412802983009e-01,5.851425101712102173e-01
1.539924999999999974e-02,-5.850243955663799733e-01,-5.850326931545085651e-01,9.999836552283485336e-01,-5.850197462368824652e-01,1.999978206971456007e+00,-5.850201970853410316e-01,5.851505764103807072e-01
1.541000000000000182e-02,-5.850243955949087082e-01,-5.850203793830447419e-01,9.999939597699128990e-01,-5.850061847806741211e-01,1.999991946360003992e+00,-5.850050225980221175e-01,5.851358448591723604e-01
1.542010000000000082e-02,-5.850243955903461357e-01,-5.850297175248055925e-01,9.999880078753228263e-01,-5.850197560080866443e-01,1.999984010500668541e+00,-5.850207944901767432e-01,5.851479026021493279e-01
1.543030000000000096e-02,-5.850243955660963113e-01,-5.850401277553795021e-01,9.999745644295340297e-01,-5.850210859710370803e-01,1.999966085906550450e+00,-5.850210478931638924e-01,5.851574104715664415e-01
1.544069999999999991e-02,-5.850243955283389585e-01,-5.850232026622593784e-01,9.999902751092504261e-01,-5.850171410110673875e-01,1.999987033479193821e+00,-5.850174609208234067e-01,5.851395559352585707e-01
1.545150000000000343e-02,-5.850243954802861746e-01,-5.850278585207858706e-01,9.999888520000312919e-01,-5.850201195972883905e-01,1.999985136000262953e+00,-5.850198214592433610e-01,5.851452505702354756e-01
1.546250000000000228e-02,-5.850243954255295309e-01,-5.850301886724941225e-01,9.999844892865682455e-01,-5.850175963414940838e-01,1.999979319049065785e+00,-5.850176991223001721e-01,5.851466713555882881e-01
1.547350000000000114e-02,-5.850243953671242503e-01,-5.850238969732151073e-01,9.999916315273665868e-01,-5.850207419667335929e-01,1.999988842036654946e+00,-5.850205840909935562e-01,5.851403602605248500e-01
1.548450000000000000e-02,-5.850243953064570013e-01,-5.850210391081875905e-01,9.999968452114778028e-01,-5.850198425417961756e-01,1.999995793615366280e+00,-5.850198684974406982e-01,5.851383760273688450e-01
1.549549999999999886e-02,-5.850243952443880957e-01,-5.850252882919623199e-01,9.999919737533393693e-01,-5.850155489642289153e-01,1.999989298337945254e+00,-5.850147568562217293e-01,5.851427482168354288e-01
1.550649999999999772e-02,-5.850243951814502186e-01,-5.850291102074308691e-01,9.999867996082022481e-01,-5.850124874971722733e-01,1.999982399477865158e+00,-5.850127798535645907e-01,5.851463560513925355e-01
1.551749999999999657e-02,-5.850243951179734392e-01,-5.850313561149460551e-01,9.999838770786250164e-01,-5.850196853975822009e-01,1.999978502771820432e+00,-5.850205949405852257e-01,5.851485418714847953e-01
1.552849999999999543e-02,-5.850243950541631488e-01,-5.850257096421471736e-01,9.999887941816832937e-01,-5.850169497980507449e-01,1.999985058909133917e+00,-5.850163646741222134e-01,5.851418782880692948e-01
1.553925000000000098e-02,-5.850243949916027475e-01,-5.850175684147227440e-01,9.999991138015889014e-01,-5.850198505500283641e-01,1.999998818402136003e+00,-5.850203572031373866e-01,5.851338385874217396e-01
1.555000000000000306e-02,-5.850243949289195555e-01,-5.850295201002607692e-01,9.999888252021313928e-01,-5.850231024143581759e-01,1.999985100269730642e+00,-5.850229712860771647e-01,5.851479964964793057e-01
1.556010000000000205e-02,-5.850243948699546115e-01,-5.850226024513284218e-01,9.999924892384870478e-01,-5.850223574108287528e-01,1.999989985651465130e+00,-5.850226102675463169e-01,5.851388325757215236e-01
1.557000300000000066e-02,-5.850243948120973370e-01,-5.850281905869284538e-01,9.999889131096114658e-01,-5.850170743978141408e-01,1.999985217479702371e+00,-5.850161646440193985e-01,5.851459059464131363e-01
1.557002099999999986e-02,-5.850241400279743154e-01,-5.850282030091863428e-01,9.999888971792391112e-01,-5.850170583510876376e-01,1.999985196239206120e+00,-5.850161847997118469e-01,5.851456346727968993e-01
1.557003120999999983e-02,-5.850193496507917201e-01,-5.850281812305466733e-01,9.999888881882353919e-01,-5.850170494312429970e-01,1.999985184251201309e+00,-5.850161674438101311e-01,5.851408340136352582e-01
1.557317781000109973e-02,-5.850193472854907650e-01,-5.850219865064564262e-01,9.999923270832888900e-01,-5.850153897389873681e-01,1.999989769444537435e+00,-5.850163346756549476e-01,5.851379580051884188e-01
1.558449999999999940e-02,-5.850193387745959983e-01,-5.850172846814991612e-01,1.000002160594982481e+00,-5.850266882762241716e-01,2.000002880793267046e+00,-5.850270077106634048e-01,5.851350044017139540e-01
1.559549999999999825e-02,-5.850193305058914994e-01,-5.850216685764330071e-01,9.999954563264619178e-01,-5.850229787835034001e-01,1.999993941768706041e+00,-5.850222657389405612e-01,5.851385993446803768e-01
1.560649999999999711e-02,-5.850193222371874446e-01,-5.850205334555284020e-01,9.999966797520842832e-01,-5.850187601961642780e-01,1.999995573002845139e+00,-5.850186390609399822e-01,5.851374065224975718e-01
1.561749999999999597e-02,-5.850193139684833898e-01,-5.850147727466401548e-01,1.000002469718811016e+00,-5.850221825444602564e-01,2.000003292958365542e+00,-5.850229310199431820e-01,5.851309804079114496e-01
1.562850000000000350e-02,-5.850193056997793351e-01,-5.850188383444003826e-01,1.000000933032686889e+00,-5.850280850432209023e-01,2.000001244043563720e+00,-5.850281716746099647e-01,5.851367551751276430e-01
1.563925000000000731e-02,-5.850192976190009553e-01,-5.850114567024702339e-01,1.000005807144672909e+00,-5.850229123421678556e-01,2.000007742859448712e+00,-5.850226603528322356e-01,5.851272876640197795e-01
1.564999999999999725e-02,-5.850192895382214653e-01,-5.850191520745965379e-01,1.000000902035804717e+00,-5.850128767623851145e-01,2.000001202714388526e+00,-5.850114066673691715e-01,5.851372386344453336e-01
1.566009999999999971e-02,-5.850192819460473537e-01,-5.850175773170028792e-01,1.000000033594581561e+00,-5.850201332119933095e-01,2.000000044792774823e+00,-5.850212093853678352e-01,5.851344373926121722e-01
1.567029999999999465e-02,-5.850192742787027056e-01,-5.850298243013957178e-01,9.999880929548841113e-01,-5.850208040749953486e-01,1.999984123940081959e+00,-5.850203393426038900e-01,5.851475754744910329e-01
1.568070000000000574e-02,-5.850192664610183169e-01,-5.850209143213124241e-01,9.999944088470811288e-01,-5.850118854328044682e-01,1.999992545129552601e+00,-5.850122006245311868e-01,5.851370483489762853e-01
1.569150000000000059e-02,-5.850192583426544468e-01,-5.850138926568057007e-01,1.000004504058554122e+00,-5.850226725724622101e-01,2.000006005411316234e+00,-5.850233237428074107e-01,5.851310685622772567e-01
1.570249999999999771e-02,-5.850192500739509471e-01,-5.850169142092676022e-01,1.000001283652579342e+00,-5.850230115017281962e-01,2.000001711536746996e+00,-5.850217040441331173e-01,5.851335816948187718e-01
1.571350000000000177e-02,-5.850192418052474475e-01,-5.850143867468888814e-01,1.000004905337829930e+00,-5.850172010696748082e-01,2.000006540450342651e+00,-5.850186643765264982e-01,5.851316686538281520e-01
1.572449999999999889e-02,-5.850192335365427265e-01,-5.850171501789392936e-01,1.000001513722475588e+00,-5.850245089367622775e-01,2.000002018296604511e+00,-5.850237727013303246e-01,5.851343164616223946e-01
1.573550000000000296e-02,-5.850192252678378946e-01,-5.850194899712953811e-01,9.999988255786383951e-01,-5.850176960173417706e-01,1.999998434104874434e+00,-5.850172078079849403e-01,5.851367794819379853e-01
1.574650000000000008e-02,-5.850192169991336177e-01,-5.850208386806527994e-01,9.999964988129051990e-01,-5.850168022216920560e-01,1.999995331750609617e+00,-5.850172073398537398e-01,5.851378025420422846e-01
1.575750000000000414e-02,-5.850192087304302291e-01,-5.850196851008292453e-01,9.999976953034105387e-01,-5.850180656179628791e-01,1.999996927071259867e+00,-5.850179909468616879e-01,5.851365396579705225e-01
1.576850000000000127e-02,-5.850192004617260633e-01,-5.850163152968222979e-01,1.000001404727306475e+00,-5.850132534379209881e-01,2.000001872969713990e+00,-5.850126919681503113e-01,5.851329389956830829e-01
1.577925000000000855e-02,-5.850191923809472394e-01,-5.850185207186255898e-01,1.000000237849864249e+00,-5.850172949847679549e-01,2.000000317133147298e+00,-5.850178093224164266e-01,5.851359067212126286e-01
1.578999999999999848e-02,-5.850191843001687486e-01,-5.850185769961062654e-01,9.999992391926825208e-01,-5.850221857589785746e-01,1.999998985590258682e+00,-5.850227100752393161e-01,5.851355126451069921e-01
1.580010000000000095e-02,-5.850191767079939709e-01,-5.850156110658206732e-01,1.000002413438728421e+00,-5.850232980108476255e-01,2.000003217918256304e+00,-5.850233611438320214e-01,5.851323824559172548e-01
1.581029999999999588e-02,-5.850191690406496559e-01,-5.850212326968714516e-01,9.999973202354974777e-01,-5.850204880397847917e-01,1.999996426980716668e+00,-5.850200375344687398e-01,5.851384178861999130e-01
1.582070000000000004e-02,-5.850191612229649341e-01,-5.850105516695363050e-01,1.000007042817358860e+00,-5.850161714234658472e-01,2.000009390423005406e+00,-5.850162617830549916e-01,5.851266308117109016e-01
1.583149999999999488e-02,-5.850191531046006199e-01,-5.850046808984693536e-01,1.000016930427360951e+00,-5.850186733620899027e-01,2.000022573902811907e+00,-5.850191114154225103e-01,5.851229422135324487e-01
1.584249999999999894e-02,-5.850191448358965651e-01,-5.850193987509738625e-01,9.999985331096893360e-01,-5.850165234244044665e-01,1.999998044146281684e+00,-5.850157813998668743e-01,5.851355895119315642e-01
1.585350000000000995e-02,-5.850191365671914001e-01,-5.850108607969644048e-01,1.000008429705783186e+00,-5.850178629564690702e-01,2.000011239607543789e+00,-5.850179431876760816e-01,5.851277749290564323e-01
1.586450000000000707e-02,-5.850191282984870123e-01,-5.850130418285320877e-01,1.000007676793540412e+00,-5.850170571634277783e-01,2.000010235724568375e+00,-5.850170950570161565e-01,5.851308063604501175e-01
1.587550000000000419e-02,-5.850191200297826244e-01,-5.850204777325733740e-01,9.999981649026381536e-01,-5.850159937048379222e-01,1.999997553203554101e+00,-5.850159507700967154e-01,5.851380264383412300e-01
1.588650000000000131e-02,-5.850191117610786806e-01,-5.850213771484693570e-01,9.999951505091020376e-01,-5.850170167570174495e-01,1.999993534012232566e+00,-5.850174169436527238e-01,5.851380018125743598e-01
1.589750000000000538e-02,-5.850191034923749589e-01,-5.850205958343314139e-01,9.999971585011327990e-01,-5.850161866017423717e-01,1.999996211334900131e+00,-5.850156391608758444e-01,5.851377428012246584e-01
1.590850000000000250e-02,-5.850190952236710151e-01,-5.850154538854601682e-01,1.000001707979289778e+00,-5.850169437759010771e-01,2.000002277305685805e+00,-5.850174859690531193e-01,5.851317047761757095e-01
1.591925000000000284e-02,-5.850190871428923023e-01,-5.850222990832596448e-01,9.999969382947925256e-01,-5.850194671456064865e-01,1.999995917726450800e+00,-5.850192618647611642e-01,5.851403611068962674e-01
1.592999999999999972e-02,-5.850190790621132564e-01,-5.850119844871586317e-01,1.000004775298464654e+00,-5.850175420529361014e-01,2.000006367064524504e+00,-5.850177997134693442e-01,5.851276352526411095e-01
1.594010000000000912e-02,-5.850190714699387007e-01,-5.850180723991428300e-01,1.000001692532823672e+00,-5.850196024878322465e-01,2.000002256710398107e+00,-5.850194796217144111e-01,5.851358722368888987e-01
1.595000299999999732e-02,-5.850190640258502439e-01,-5.850240463100702115e-01,9.999937893612286244e-01,-5.850237589805559191e-01,1.999991719148427993e+00,-5.850242780925133390e-01,5.851416279765695450e-01
1.595020302226581727e-02,-5.850190638754931838e-01,-5.850241322844701441e-01,9.999936457447503591e-01,-5.850238030265442202e-01,1.999991527659793489e+00,-5.850241089460486155e-01,5.851414282144241641e-01
1.596030000000000018e-02,-5.850190562855913656e-01,-5.850153791369038236e-01,1.000001333508575785e+00,-5.850153380145652893e-01,2.000001778011407882e+00,-5.850146252627812515e-01,5.851316138305178161e-01
1.597069999999999740e-02,-5.850190484679069769e-01,-5.850137319710252415e-01,1.000005262032188424e+00,-5.850137572335911695e-01,2.000007016042813390e+00,-5.850138520626189109e-01,5.851308027751302987e-01
1.598149999999999918e-02,-5.850190403495438840e-01,-5.850158956099740237e-01,1.000003004375884519e+00,-5.850205395992326141e-01,2.000004005834453036e+00,-5.850206858642853502e-01,5.851329163673690825e-01
1.599249999999999630e-02,-5.850190320808400513e-01,-5.850153686420118682e-01,1.000003170710746847e+00,-5.850190454232842008e-01,2.000004227614266217e+00,-5.850185293254384078e-01,5.851322498974291797e-01
1.600350000000000036e-02,-5.850190238121359965e-01,-5.850159103513947745e-01,1.000003695881652055e+00,-5.850161439266328145e-01,2.000004927842129465e+00,-5.850166955999431817e-01,5.851335374454788019e-01
1.601449999999999749e-02,-5.850190155434320527e-01,-5.850183591080193590e-01,9.999985329280688395e-01,-5.850190488246697074e-01,1.999998043904120948e+00,-5.850191393632760972e-01,5.851347050512607506e-01
1.602550000000000849e-02,-5.850190072747273318e-01,-5.850183584199268871e-01,1.000001490813549943e+00,-5.850232839331338530e-01,2.000001987751370613e+00,-5.850237392107757728e-01,5.851363192981741124e-01
1.603650000000000561e-02,-5.850189990060234990e-01,-5.850232707787526021e-01,9.999934504443882544e-01,-5.850186945268655014e-01,1.999991267259314531e+00,-5.850178827315686281e-01,5.851402090020902946e-01
1.604750000000000273e-02,-5.850189907373192222e-01,-5.850168904814769810e-01,9.999995534959180699e-01,-5.850142022188066226e-01,1.999999404661232827e+00,-5.850139831929781487e-01,5.851329590454626972e-01
1.605850000000000680e-02,-5.850189824686147233e-01,-5.850166404852260582e-01,1.000002609631175599e+00,-5.850238716610324241e-01,2.000003479508182469e+00,-5.850251486858256689e-01,5.851340466314262079e-01
1.606925000000000020e-02,-5.850189743878364546e-01,-5.850218110162521690e-01,9.999964060860890847e-01,-5.850204946190900035e-01,1.999995208114856871e+00,-5.850197647553823099e-01,5.851393200250909477e-01
1.607999999999999707e-02,-5.850189663070584078e-01,-5.850161938437518083e-01,1.000000846974474111e+00,-5.850182465884038452e-01,2.000001129299282088e+00,-5.850182866330657649e-01,5.851324748654905816e-01
1.609009999999999954e-02,-5.850189587148844073e-01,-5.850272123861683937e-01,9.999913016567028023e-01,-5.850265148193591891e-01,1.999988402209109895e+00,-5.850271811080929307e-01,5.851453288029957456e-01
1.610029999999999448e-02,-5.850189510475393151e-01,-5.850218712601283899e-01,9.999938286248063468e-01,-5.850167847022339496e-01,1.999991771499864290e+00,-5.850160536852082593e-01,5.851381167244866788e-01
1.611070000000000557e-02,-5.850189432298549264e-01,-5.850127422962664303e-01,1.000005111964881399e+00,-5.850168726323292656e-01,2.000006815953073502e+00,-5.850167041685322422e-01,5.851297589912367592e-01
1.612150000000000041e-02,-5.850189351114907232e-01,-5.850216288622884786e-01,9.999971887223760847e-01,-5.850138352009383036e-01,1.999996251629890587e+00,-5.850143455553629135e-01,5.851391778935941534e-01
1.613249999999999754e-02,-5.850189268427863354e-01,-5.850240768910606182e-01,9.999914720599522022e-01,-5.850226473592848864e-01,1.999988629413438801e+00,-5.850217615824788719e-01,5.851400571392805228e-01
1.614350000000000160e-02,-5.850189185740822806e-01,-5.850135785483951967e-01,1.000004468457908580e+00,-5.850173964883581545e-01,2.000005957943789436e+00,-5.850176244145547377e-01,5.851301748610332476e-01
1.615449999999999872e-02,-5.850189103053781148e-01,-5.850139045858174791e-01,1.000006837798482318e+00,-5.850205512824909748e-01,2.000009117064507347e+00,-5.850211342940629944e-01,5.851318252638120221e-01
1.616550000000000278e-02,-5.850189020366740600e-01,-5.850201846289715402e-01,9.999975817473814033e-01,-5.850224097934799694e-01,1.999996775663223314e+00,-5.850226833315791408e-01,5.851372485730982342e-01
1.617649999999999991e-02,-5.850188937679704493e-01,-5.850241215310612031e-01,9.999938288395991970e-01,-5.850228666789346610e-01,1.999991771786254757e+00,-5.850226621110025116e-01,5.851417834905918713e-01
1.618750000000000397e-02,-5.850188854992653953e-01,-5.850228041877901797e-01,9.999927887841159047e-01,-5.850203024947109309e-01,1.999990385045631314e+00,-5.850203520698065152e-01,5.851391513325737703e-01
1.619850000000001497e-02,-5.850188772305614515e-01,-5.850173839168659740e-01,9.999999989630036223e-01,-5.850146461739975656e-01,1.999999998617338237e+00,-5.850135578376388645e-01,5.851339715657742913e-01
1.620925000000000837e-02,-5.850188691497820725e-01,-5.850163580392384599e-01,1.000002137649503853e+00,-5.850212436354230716e-01,2.000002850199295690e+00,-5.850223312702085288e-01,5.851333629340013109e-01
1.621999999999999831e-02,-5.850188610690039148e-01,-5.850167623173724296e-01,1.000001725796723528e+00,-5.850139073204149165e-01,2.000002301062263399e+00,-5.850126870860764550e-01,5.851338102715644141e-01
1.623010000000000078e-02,-5.850188534768294701e-01,-5.850187217959422759e-01,9.999996350662405664e-01,-5.850226467772368100e-01,1.999999513421661268e+00,-5.850237335109730319e-01,5.851359397590807365e-01
1.624029999999999571e-02,-5.850188458094850441e-01,-5.850212578308416900e-01,9.999965695240315977e-01,-5.850194502498035076e-01,1.999995426032110224e+00,-5.850192355249186349e-01,5.851385032983872359e-01
1.625069999999999987e-02,-5.850188379918006554e-01,-5.850233444868845334e-01,9.999937635376326961e-01,-5.850233099109607426e-01,1.999991684716967422e+00,-5.850232255662212166e-01,5.851402698704187832e-01
1.626149999999999471e-02,-5.850188298734364523e-01,-5.850200377384167094e-01,9.999971259076115837e-01,-5.850155015415227089e-01,1.999996167876872510e+00,-5.850149243195253979e-01,5.851370335313644810e-01
1.627249999999999877e-02,-5.850188216047326195e-01,-5.850207157968989602e-01,9.999967538292821034e-01,-5.850130181912125416e-01,1.999995671772440309e+00,-5.850137273280852090e-01,5.851376971844032271e-01
1.628350000000000977e-02,-5.850188133360280096e-01,-5.850193154549657715e-01,9.999977013139877968e-01,-5.850207709986695592e-01,1.999996935085363026e+00,-5.850206090005942716e-01,5.851358756620302914e-01
1.629450000000000690e-02,-5.850188050673238438e-01,-5.850162486410369622e-01,1.000002350848486543e+00,-5.850193780733197180e-01,2.000003134464602095e+00,-5.850194034705096247e-01,5.851333393048177012e-01
1.630550000000000402e-02,-5.850187967986195670e-01,-5.850192952566332094e-01,9.999995738585083505e-01,-5.850189469686269961e-01,1.999999431811352979e+00,-5.850189291284675353e-01,5.851368431787004054e-01
1.631650000000000114e-02,-5.850187885299156232e-01,-5.850215915748951945e-01,9.999953977873285993e-01,-5.850265109056099755e-01,1.999993863716529319e+00,-5.850283909017292006e-01,5.851384690946694889e-01
1.632750000000000520e-02,-5.850187802612115684e-01,-5.850099996972830674e-01,1.000006552000324511e+00,-5.850182008416623392e-01,2.000008736000303156e+00,-5.850159588292239699e-01,5.851253069654978045e-01
1.633850000000000233e-02,-5.850187719925072916e-01,-5.850199418615894542e-01,1.000002038312316266e+00,-5.850165069761130709e-01,2.000002717749714165e+00,-5.850163525420978283e-01,5.851390620148819721e-01
1.634925000000000267e-02,-5.850187639117288008e-01,-5.850186649682571627e-01,9.999976327582059676e-01,-5.850159195831083903e-01,1.999996843677654956e+00,-5.850163055070859430e-01,5.851348728013485712e-01
1.635002037258789093e-02,-5.850187633326392467e-01,-5.850180520866583578e-01,9.999983892175787759e-01,-5.850162911642617924e-01,1.999997852290136935e+00,-5.850166943873762460e-01,5.851342863635974334e-01
1.635454574741261949e-02,-5.850187599309116804e-01,-5.850191425853384919e-01,9.999995038800665315e-01,-5.850176583111965645e-01,1.999999338506765367e+00,-5.850177599826845709e-01,5.851366611422984532e-01
1.636550000000000851e-02,-5.850187516965962287e-01,-5.850188480480404962e-01,9.999974791437575838e-01,-5.850163623236113164e-01,1.999996638858393627e+00,-5.850165001463216718e-01,5.851350403871311556e-01
1.637001113320312590e-02,-5.850187493565655039e-01,-5.850151754324167674e-01,1.000001920557288093e+00,-5.850175439530432842e-01,2.000002560743012747e+00,-5.850178547841841104e-01,5.851313878700168392e-01
1.637555682226716700e-02,-5.850196743567094293e-01,-5.850210128788205788e-01,9.999991546762263539e-01,-5.850206693372281830e-01,1.999998872901651792e+00,-5.850208528523467288e-01,5.851394527660501721e-01
1.638650000000000523e-02,-5.850209586436320164e-01,-5.850237459836622467e-01,9.999911513781899464e-01,-5.850112075861462202e-01,1.999988201837762158e+00,-5.850100087550673678e-01,5.851398289321356749e-01
1.639750000000000929e-02,-5.850217598556888277e-01,-5.850193473892452145e-01,9.999983303050437033e-01,-5.850125533694570112e-01,1.999997773740091356e+00,-5.850133159571675456e-01,5.851363102878649469e-01
1.640850000000000641e-02,-5.850222564435105799e-01,-5.850233670182187762e-01,9.999945685405747797e-01,-5.850239496431550723e-01,1.999992758054207620e+00,-5.850249995633499678e-01,5.851409218879376484e-01
1.641925000000000329e-02,-5.850225587315773801e-01,-5.850192637178194266e-01,9.999971505007818617e-01,-5.850218907398090362e-01,1.999996200667765622e+00,-5.850215543293385556e-01,5.851355994411997496e-01
1.643000000000000363e-02,-5.850227481226284443e-01,-5.850294250615288849e-01,9.999885013281093471e-01,-5.850234454478778767e-01,1.999984668437707835e+00,-5.850233377289292269e-01,5.851476867723628406e-01
1.644009999999999916e-02,-5.850228610631447168e-01,-5.850171502889275343e-01,9.999980890406193756e-01,-5.850087125969505308e-01,1.999997452054197211e+00,-5.850078011647258380e-01,5.851328033365280623e-01
1.645030000000000103e-02,-5.850229344141111287e-01,-5.850162036434372048e-01,1.000002380825397275e+00,-5.850203246458138828e-01,2.000003174433815811e+00,-5.850210350802491632e-01,5.851330488773189842e-01
1.646070000000000519e-02,-5.850229821967336541e-01,-5.850092875860222197e-01,1.000009709839239980e+00,-5.850171148766777351e-01,2.000012946452126794e+00,-5.850176295533981996e-01,5.851263416160249475e-01
1.647150000000000003e-02,-5.850230134901052148e-01,-5.850168446719935522e-01,1.000002539889962794e+00,-5.850276169182632158e-01,2.000003386519900062e+00,-5.850270772965076027e-01,5.851338525159760495e-01
1.648250000000000409e-02,-5.850230333144815775e-01,-5.850155060498848369e-01,1.000003437832112985e+00,-5.850221033418564476e-01,2.000004583776082256e+00,-5.850222818556217730e-01,5.851328062084829584e-01
1.649350000000000122e-02,-5.850230455776855854e-01,-5.850193546343311901e-01,9.999992320851995853e-01,-5.850206020727117817e-01,1.999998976113614546e+00,-5.850198651787035242e-01,5.851367675072955965e-01
1.650450000000000528e-02,-5.850230531542753853e-01,-5.850224670322503595e-01,9.999946502803349624e-01,-5.850159489560333714e-01,1.999992867040552680e+00,-5.850163122065571430e-01,5.851394853966891407e-01
1.651550000000000240e-02,-5.850230578259797420e-01,-5.850217577532805802e-01,9.999950856109379727e-01,-5.850184649162442074e-01,1.999993447481348330e+00,-5.850184236329856180e-01,5.851385889551267150e-01
1.652650000000000646e-02,-5.850230606971590364e-01,-5.850265184594467538e-01,9.999916158840919111e-01,-5.850205738300220393e-01,1.999988821178955600e+00,-5.850207265636340193e-01,5.851445616273063255e-01
1.653750000000001052e-02,-5.850230624523261591e-01,-5.850251998424854660e-01,9.999892772585490253e-01,-5.850167259066856307e-01,1.999985703011611715e+00,-5.850164850654495652e-01,5.851412836280743823e-01
1.654850000000001459e-02,-5.850230635157589454e-01,-5.850187999238675163e-01,9.999982227184410766e-01,-5.850182732620244908e-01,1.999997630291290074e+00,-5.850184709296055718e-01,5.851353803757505245e-01
1.655925000000000452e-02,-5.850230641394403852e-01,-5.850236917972474471e-01,9.999945141716166663e-01,-5.850187558651263053e-01,1.999992685562264505e+00,-5.850185378443042428e-01,5.851414176773762632e-01
1.657000000000000486e-02,-5.850230645067575619e-01,-5.850199811029727082e-01,9.999964937020717759e-01,-5.850148343077605784e-01,1.999995324936165497e+00,-5.850146692610990184e-01,5.851364326122086013e-01
1.658010000000000039e-02,-5.850230647042661269e-01,-5.850234137360201814e-01,9.999942724349444312e-01,-5.850191156074052712e-01,1.999992363246706484e+00,-5.850194090523451740e-01,5.851408236554228592e-01
1.659030000000000227e-02,-5.850230648112920706e-01,-5.850244819758650960e-01,9.999921664817319478e-01,-5.850198952463449009e-01,1.999989555309131584e+00,-5.850198945173538112e-01,5.851413958476104904e-01
1.660069999999999948e-02,-5.850230648590902804e-01,-5.850191552239948356e-01,9.999976466185821478e-01,-5.850165376388913874e-01,1.999996862158156308e+00,-5.850164993284144854e-01,5.851359830945609408e-01
1.661150000000000126e-02,-5.850230648671113087e-01,-5.850207878938761263e-01,9.999967891444123680e-01,-5.850169197783343655e-01,1.999995718859280291e+00,-5.850164042447056900e-01,5.851376784928069563e-01
1.662250000000000533e-02,-5.850230648479212148e-01,-5.850182754455941492e-01,9.999990330866866950e-01,-5.850113399924095070e-01,1.999998710782268097e+00,-5.850109231271168886e-01,5.851348537302066832e-01
1.663350000000000245e-02,-5.850230648115604115e-01,-5.850175182485831682e-01,1.000002450456801473e+00,-5.850119149829984266e-01,2.000003267275686447e+00,-5.850131828343987372e-01,5.851356624844357146e-01
1.664450000000000651e-02,-5.850230647645574544e-01,-5.850231851057261512e-01,9.999922293983325439e-01,-5.850162024606789801e-01,1.999989639197931046e+00,-5.850158271090795115e-01,5.851393144421580539e-01
1.665550000000000364e-02,-5.850230647109577742e-01,-5.850217138492234126e-01,9.999972913501572469e-01,-5.850179415577959618e-01,1.999996388466930064e+00,-5.850180179163867455e-01,5.851396694706397783e-01
1.666650000000000770e-02,-5.850230646532699197e-01,-5.850207076666518180e-01,9.999944614410308796e-01,-5.850142099260055017e-01,1.999992615254817752e+00,-5.850140777640303602e-01,5.851365758515764126e-01
1.667750000000000482e-02,-5.850230645930475371e-01,-5.850238485368003394e-01,9.999954196749838431e-01,-5.850216018680780561e-01,1.999993892900069348e+00,-5.850222482386966405e-01,5.851421230677581464e-01
1.668850000000000888e-02,-5.850230645312552991e-01,-5.850267900066963289e-01,9.999887719357400950e-01,-5.850210662223961355e-01,1.999985029247876467e+00,-5.850210147125028959e-01,5.851435949765981803e-01
1.669925000000000576e-02,-5.850230644699241367e-01,-5.850258708393627494e-01,9.999902131290949736e-01,-5.850139092167269128e-01,1.999986950838987587e+00,-5.850130251013800908e-01,5.851428253359919340e-01
1.671000000000000610e-02,-5.850230644080103293e-01,-5.850252059741483102e-01,9.999910119807728925e-01,-5.850140626368558472e-01,1.999988015974542233e+00,-5.850142540373721722e-01,5.851421469939168674e-01
1.672010000000000163e-02,-5.850230643495035743e-01,-5.850256155661595070e-01,9.999907399155282262e-01,-5.850175502224306268e-01,1.999987653220888228e+00,-5.850178511976139584e-01,5.851426392536317467e-01
1.673030000000000350e-02,-5.850230642902082279e-01,-5.850226931231670147e-01,9.999936065368620897e-01,-5.850165361813458587e-01,1.999991475382609796e+00,-5.850165370317168545e-01,5.851393881095513505e-01
1.674070000000000072e-02,-5.850230642296110339e-01,-5.850199089763762350e-01,9.999973171781388892e-01,-5.850187305669738436e-01,1.999996422904238624e+00,-5.850189177720179767e-01,5.851370295483554473e-01
1.675150000000000250e-02,-5.850230641665895570e-01,-5.850246720093624786e-01,9.999925503918822844e-01,-5.850193652049745507e-01,1.999990067189324261e+00,-5.850191851000480225e-01,5.851418355343673827e-01
1.676249999999999962e-02,-5.850230641023389522e-01,-5.850251552479700523e-01,9.999910825325114549e-01,-5.850191085373782629e-01,1.999988110043525724e+00,-5.850194751547137528e-01,5.851420337601551669e-01
1.677001209999999520e-02,-5.850230640584376252e-01,-5.850241099406994216e-01,9.999922143758952497e-01,-5.850225261913659658e-01,1.999989619168014876e+00,-5.850230124641319085e-01,5.851409807197902602e-01
1.677002204999999621e-02,-5.850223141184514031e-01,-5.850241080263309801e-01,9.999922161163649070e-01,-5.850225310235335208e-01,1.999989621488641234e+00,-5.850230155143349986e-01,5.851402350596176527e-01
1.677003540999999140e-02,-5.850182413093014677e-01,-5.850240594006709260e-01,9.999922185594067869e-01,-5.850225372382189537e-01,1.999989624746030481e+00,-5.850229736399511493e-01,5.851361673841242173e-01
1.677717780999826366e-02,-5.850182359403569565e-01,-5.850218953517637432e-01,9.999960729847714447e-01,-5.850259302844710296e-01,1.999994763979773049e+00,-5.850264703768229824e-01,5.851393418084330778e-01
1.678850000000000481e-02,-5.850182274294626339e-01,-5.850181292375178366e-01,9.999984361864745486e-01,-5.850178686465998812e-01,1.999997914915330410e+00,-5.850168121376575492e-01,5.851344047059575670e-01
1.679925000000000862e-02,-5.850182193486832549e-01,-5.850225740023878851e-01,9.999959805923951395e-01,-5.850096344315850461e-01,1.999994640789939826e+00,-5.850086703116056386e-01,5.851403378558128754e-01
1.681000000000000202e-02,-5.850182112679045421e-01,-5.850206711352206046e-01,9.999960366590882055e-01,-5.850170917260129055e-01,1.999994715545529766e+00,-5.850183084478796092e-01,5.851373162281486850e-01
1.682010000000000449e-02,-5.850182036757304305e-01,-5.850276654086618011e-01,9.999897438329390376e-01,-5.850152364005515304e-01,1.999986325110788998e+00,-5.850147928280923226e-01,5.851453149683573107e-01
1.683029999999999943e-02,-5.850181960083864485e-01,-5.850190386057259051e-01,9.999967767642812255e-01,-5.850184891185979952e-01,1.999995702352438842e+00,-5.850191263325306146e-01,5.851353610960987606e-01
1.684070000000000358e-02,-5.850181881907020598e-01,-5.850209616633360588e-01,9.999969321331320105e-01,-5.850231740828640836e-01,1.999995909510903669e+00,-5.850232321993305007e-01,5.851380855525393221e-01
1.685149999999999842e-02,-5.850181800723378567e-01,-5.850201160051855531e-01,9.999968415199873562e-01,-5.850220651100759284e-01,1.999995788693379462e+00,-5.850213943306189490e-01,5.851364628766128062e-01
1.686250000000000249e-02,-5.850181718036341350e-01,-5.850123452253512824e-01,1.000006312789152751e+00,-5.850164933098199738e-01,2.000008417052078435e+00,-5.850167036656387376e-01,5.851291858473053331e-01
1.687350000000000655e-02,-5.850181635349298581e-01,-5.850122723198024621e-01,1.000007766257540176e+00,-5.850192638271128898e-01,2.000010355009899321e+00,-5.850202065291310038e-01,5.851296289342174939e-01
1.688450000000001061e-02,-5.850181552662261364e-01,-5.850161612557817081e-01,1.000003073127968989e+00,-5.850199149342516503e-01,2.000004097503897516e+00,-5.850183337586682963e-01,5.851334961692561398e-01
1.689550000000000080e-02,-5.850181469975226367e-01,-5.850200080286986903e-01,9.999983759036930042e-01,-5.850159941434499578e-01,1.999997834538289609e+00,-5.850174034266043543e-01,5.851373879726096128e-01
1.690650000000000486e-02,-5.850181387288189150e-01,-5.850160879967489791e-01,1.000000276907189622e+00,-5.850177219679663088e-01,2.000000369209580686e+00,-5.850169346053284425e-01,5.851320039883070034e-01
1.691750000000000892e-02,-5.850181304601147492e-01,-5.850126360039301643e-01,1.000007197154365146e+00,-5.850189799434329929e-01,2.000009596205677198e+00,-5.850193911319975237e-01,5.851298603519445862e-01
1.692850000000000604e-02,-5.850181221914105834e-01,-5.850143878263743824e-01,1.000004852879135653e+00,-5.850215379262395654e-01,2.000006470505418132e+00,-5.850217193795733683e-01,5.851315206537597291e-01
1.693925000000000292e-02,-5.850181141106318705e-01,-5.850146937246637480e-01,1.000004198984043136e+00,-5.850186316378158669e-01,2.000005598645307359e+00,-5.850182493485284185e-01,5.851316943750433097e-01
1.695000000000000326e-02,-5.850181060298531577e-01,-5.850083196053755819e-01,1.000010657698950034e+00,-5.850172755462631491e-01,2.000014210265055326e+00,-5.850173252518421352e-01,5.851246134949102951e-01
1.696010000000000573e-02,-5.850180984376791571e-01,-5.850064375241307291e-01,1.000014205490937336e+00,-5.850165935009088436e-01,2.000018940654300970e+00,-5.850164188193002213e-01,5.851234533641876956e-01
1.697030000000000066e-02,-5.850180907703339539e-01,-5.850198633522386560e-01,1.000000719708257879e+00,-5.850168958001794595e-01,2.000000959610996443e+00,-5.850168150006986867e-01,5.851378624637791903e-01
1.698070000000000482e-02,-5.850180829526498982e-01,-5.850175123516968556e-01,1.000000109799784820e+00,-5.850193194035850919e-01,2.000000146399711021e+00,-5.850193359344141308e-01,5.851345546599414638e-01
1.699149999999999966e-02,-5.850180748342863613e-01,-5.850211570536820727e-01,9.999963727449211470e-01,-5.850140884030990973e-01,1.999995163659966879e+00,-5.850144771796305099e-01,5.851377846193108745e-01
1.700250000000000372e-02,-5.850180665655824175e-01,-5.850161014014158001e-01,1.000002259169191055e+00,-5.850234908947241630e-01,2.000003012225543220e+00,-5.850239652333161233e-01,5.851332759319591847e-01
1.701350000000000084e-02,-5.850180582968785847e-01,-5.850170639601233180e-01,1.000000750147364670e+00,-5.850215132118746775e-01,2.000001000196470979e+00,-5.850202172420925217e-01,5.851337138846859354e-01
1.702450000000000491e-02,-5.850180500281745299e-01,-5.850184659905989237e-01,1.000001647054418852e+00,-5.850160116630070961e-01,2.000002196072525606e+00,-5.850167262297072401e-01,5.851366381973807096e-01
1.703550000000000203e-02,-5.850180417594704751e-01,-5.850225277571462490e-01,9.999930003297388126e-01,-5.850166597153252379e-01,1.999990667106457565e+00,-5.850165119533594638e-01,5.851387385816351205e-01
1.704650000000000609e-02,-5.850180334907665314e-01,-5.850173883614527837e-01,1.000000546352669328e+00,-5.850184502283076737e-01,2.000000728470214817e+00,-5.850185895064990982e-01,5.851342546049995708e-01
1.705750000000001015e-02,-5.850180252220624766e-01,-5.850189152286356942e-01,9.999996333924093816e-01,-5.850167026124472036e-01,1.999999511189886725e+00,-5.850162618380113644e-01,5.851362484464329716e-01
1.706850000000000728e-02,-5.850180169533585328e-01,-5.850183919242162300e-01,9.999991503289999972e-01,-5.850154426050262479e-01,1.999998867105350353e+00,-5.850155965681499426e-01,5.851351721198972955e-01
1.707925000000000415e-02,-5.850180088725792649e-01,-5.850180208900173096e-01,1.000000116293956465e+00,-5.850197907662931796e-01,2.000000155058606843e+00,-5.850202228434745466e-01,5.851350472336965813e-01
1.709000000000000449e-02,-5.850180007918007741e-01,-5.850099854137049693e-01,1.000008196553379580e+00,-5.850122957642368560e-01,2.000010928737676608e+00,-5.850115435947607079e-01,5.851260901786274893e-01
1.710010000000000002e-02,-5.850179931996262184e-01,-5.850212138762190817e-01,9.999988450244157168e-01,-5.850136126099559908e-01,1.999998460032577086e+00,-5.850135110190231025e-01,5.851394181506168746e-01
1.711030000000000190e-02,-5.850179855322819034e-01,-5.850211385709405132e-01,9.999959104680706812e-01,-5.850173283591578732e-01,1.999994547290842029e+00,-5.850176237312293415e-01,5.851379926128247311e-01
1.712069999999999911e-02,-5.850179777145967375e-01,-5.850192623199054198e-01,9.999981556470806110e-01,-5.850103639963557534e-01,1.999997540862810785e+00,-5.850105915534529188e-01,5.851361040185097950e-01
1.713150000000000089e-02,-5.850179695962326454e-01,-5.850178640011181042e-01,1.000000107756518375e+00,-5.850215999051232574e-01,2.000000143675355613e+00,-5.850215840844393833e-01,5.851348789233269398e-01
1.714250000000000496e-02,-5.850179613275290347e-01,-5.850197483905056339e-01,9.999991146935512942e-01,-5.850189470706133044e-01,1.999998819591419119e+00,-5.850194447008509879e-01,5.851376036121022084e-01
1.715000811132812164e-02,-5.850179556836804240e-01,-5.850265359100753626e-01,9.999913788714488438e-01,-5.850212006102267770e-01,1.999988505162103136e+00,-5.850213948208125014e-01,5.851444390206478330e-01
1.715255682226716344e-02,-5.850179537678134034e-01,-5.850259793869478919e-01,9.999897874235188500e-01,-5.850213760729733314e-01,1.999986383231561415e+00,-5.850214930096272470e-01,5.851422411536379986e-01
1.716350000000000167e-02,-5.850179455418226260e-01,-5.850188238916634864e-01,9.999986987145341732e-01,-5.850247095306053691e-01,1.999998264952737914e+00,-5.850244876261909699e-01,5.851358014135018548e-01
1.717449999999999879e-02,-5.850179372731189043e-01,-5.850176677241759604e-01,9.999999270462115453e-01,-5.850186566351104345e-01,1.999999902728283541e+00,-5.850182653432622892e-01,5.851343627357726840e-01
1.718550000000000286e-02,-5.850179290044148495e-01,-5.850126293266137978e-01,1.000005412243131220e+00,-5.850165732815295616e-01,2.000007216324067638e+00,-5.850164165653460868e-01,5.851289619260129360e-01
1.719649999999999998e-02,-5.850179207357103506e-01,-5.850095685326396344e-01,1.000010774515334599e+00,-5.850179267595785326e-01,2.000014366020232082e+00,-5.850179886851301081e-01,5.851266837897606266e-01
1.720750000000000404e-02,-5.850179124670070729e-01,-5.850098137946317944e-01,1.000010182925873181e+00,-5.850178913890261567e-01,2.000013577234295070e+00,-5.850178648385268021e-01,5.851267747095385552e-01
1.721850000000001504e-02,-5.850179041983030181e-01,-5.850192702507799325e-01,1.000001158443202254e+00,-5.850201580620694175e-01,2.000001544590913838e+00,-5.850202753215054674e-01,5.851375539846788154e-01
1.722925000000000845e-02,-5.850178961175239722e-01,-5.850140797396058412e-01,1.000002869165479424e+00,-5.850125680827169550e-01,2.000003825553915426e+00,-5.850118303195742664e-01,5.851300656880378259e-01
1.723999999999999838e-02,-5.850178880367459255e-01,-5.850138355440267501e-01,1.000005620209968082e+00,-5.850132848034115263e-01,2.000007493613178866e+00,-5.850131442088546407e-01,5.851310088602535986e-01
1.725010000000000085e-02,-5.850178804445715919e-01,-5.850145627016428707e-01,1.000004496188340974e+00,-5.850264895713227498e-01,2.000005994917698260e+00,-5.850281635806640068e-01,5.851316610536941853e-01
1.726029999999999578e-02,-5.850178727772271658e-01,-5.850187207304589077e-01,1.000000111862286767e+00,-5.850217690922858704e-01,2.000000149149713469e+00,-5.850212738258689926e-01,5.851361516498586601e-01
1.727069999999999994e-02,-5.850178649595426661e-01,-5.850225669089853531e-01,9.999950007966723620e-01,-5.850194732481437399e-01,1.999993334395662403e+00,-5.850191897448735467e-01,5.851394518082316809e-01
1.728149999999999478e-02,-5.850178568411789071e-01,-5.850168127718230471e-01,1.000000681781538558e+00,-5.850173753952576661e-01,2.000000909042038089e+00,-5.850175704306772584e-01,5.851336389138863670e-01
1.729249999999999884e-02,-5.850178485724751853e-01,-5.850161492512715444e-01,1.000002356072408505e+00,-5.850194490903818378e-01,2.000003141429831377e+00,-5.850194842151092978e-01,5.851331548873232036e-01
1.730350000000000985e-02,-5.850178403037717967e-01,-5.850146562538216521e-01,1.000003241813822052e+00,-5.850174907150405001e-01,2.000004322418365010e+00,-5.850167182659329335e-01,5.851310602934943761e-01
1.731450000000000697e-02,-5.850178320350681860e-01,-5.850105456204993670e-01,1.000009482570716424e+00,-5.850148406904610576e-01,2.000012643427433456e+00,-5.850150622356528052e-01,5.851276761752577382e-01
1.732550000000000409e-02,-5.850178237663645753e-01,-5.850121241509496084e-01,1.000007720290963187e+00,-5.850162358488805170e-01,2.000010293721130594e+00,-5.850161992131571731e-01,5.851292845705471368e-01
1.733650000000000121e-02,-5.850178154976609646e-01,-5.850154581004126664e-01,1.000004169581220070e+00,-5.850209915275155215e-01,2.000005559441543568e+00,-5.850219703566932328e-01,5.851329090223157392e-01
1.734750000000000528e-02,-5.850178072289574649e-01,-5.850111616200616149e-01,1.000006604980397729e+00,-5.850224516506733474e-01,2.000008806640399595e+00,-5.850225478455527428e-01,5.851271931852646269e-01
1.735850000000000240e-02,-5.850177989602540762e-01,-5.850149323541367075e-01,1.000005871877806207e+00,-5.850208613993788109e-01,2.000007829170291629e+00,-5.850202971744151714e-01,5.851328909728535921e-01
1.736925000000000274e-02,-5.850177908794756965e-01,-5.850192761369440442e-01,9.999990038127020142e-01,-5.850211100919281426e-01,1.999998671750289114e+00,-5.850214836446617772e-01,5.851365169535255317e-01
1.738000000000000655e-02,-5.850177827986977608e-01,-5.850129062156683712e-01,1.000004865188139025e+00,-5.850180949175045608e-01,2.000006486917422333e+00,-5.850177778566035824e-01,5.851291549824098048e-01
1.739010000000000208e-02,-5.850177752065249814e-01,-5.850179012543722523e-01,1.000001523854063379e+00,-5.850206683009342434e-01,2.000002031805387492e+00,-5.850207543610610461e-01,5.851355349934344030e-01
1.740029999999999702e-02,-5.850177675391804444e-01,-5.850241700561019664e-01,9.999936850154806933e-01,-5.850195642049507150e-01,1.999991580020766158e+00,-5.850193409379056408e-01,5.851416971137515244e-01
1.741070000000000118e-02,-5.850177597214964997e-01,-5.850266871036936545e-01,9.999893933294393689e-01,-5.850153072725201575e-01,1.999985857772796249e+00,-5.850149567281163199e-01,5.851429355549853106e-01
1.742149999999999602e-02,-5.850177516031326297e-01,-5.850104947769947383e-01,1.000007466881639218e+00,-5.850175249171973846e-01,2.000009955842037002e+00,-5.850184708999375260e-01,5.851276511312538675e-01
1.743250000000000008e-02,-5.850177433344292410e-01,-5.850155629862748841e-01,1.000003089352087482e+00,-5.850215172655017781e-01,2.000004119136055802e+00,-5.850214093522320136e-01,5.851321885220593932e-01
1.744349999999999720e-02,-5.850177350657252973e-01,-5.850153809848127606e-01,1.000005516229442337e+00,-5.850254753370115468e-01,2.000007354972480389e+00,-5.850268390472590507e-01,5.851337715235566117e-01
1.745450000000000126e-02,-5.850177267970220196e-01,-5.850232406019034714e-01,9.999923732054072367e-01,-5.850253651468381166e-01,1.999989830940694269e+00,-5.850242879467835166e-01,5.851394577094745086e-01
1.746549999999999839e-02,-5.850177185283188530e-01,-5.850149671738541501e-01,1.000002445247809790e+00,-5.850186400384866925e-01,2.000003260330364352e+00,-5.850181354679382384e-01,5.851312902426261120e-01
1.747650000000000939e-02,-5.850177102596147982e-01,-5.850140981884325297e-01,1.000005974119076546e+00,-5.850163215396084748e-01,2.000007965491983786e+00,-5.850158328056315193e-01,5.851316213844449665e-01
1.748750000000000651e-02,-5.850177019909111875e-01,-5.850251949530728135e-01,9.999939310668404246e-01,-5.850206717178135785e-01,1.999991908089240988e+00,-5.850214908338563502e-01,5.851435460956134760e-01
1.749850000000000363e-02,-5.850176937222072437e-01,-5.850172867663103737e-01,9.999975202920793338e-01,-5.850079627899453794e-01,1.999996693722821517e+00,-5.850060749948630123e-01,5.851326079215719567e-01
1.750925000000000398e-02,-5.850176856414290860e-01,-5.850190857927856092e-01,1.000000245131877685e+00,-5.850196602797221868e-01,2.000000326842498843e+00,-5.850212351908695707e-01,5.851368173483550983e-01
1.752000000000000085e-02,-5.850176775606509283e-01,-5.850159003566285376e-01,1.000001681048444890e+00,-5.850214679200469448e-01,2.000002241397893066e+00,-5.850217692470041086e-01,5.851324081304092317e-01
1.753009999999999638e-02,-5.850176699684770387e-01,-5.850114511982398291e-01,1.000007340704578418e+00,-5.850112740735078365e-01,2.000009787605959044e+00,-5.850101389788587847e-01,5.851281098953023951e-01
1.754029999999999825e-02,-5.850176623011326127e-01,-5.850164026242875570e-01,1.000003272232278251e+00,-5.850280008870212267e-01,2.000004362976305572e+00,-5.850294081892147835e-01,5.851339931516591486e-01
1.755000650000000315e-02,-5.850176550047543333e-01,-5.850224046443975867e-01,9.999959116805581250e-01,-5.850185886677559122e-01,1.999994548907491954e+00,-5.850173315345882363e-01,5.851400201608130125e-01
1.755003155022461306e-02,-5.850176549859236186e-01,-5.850224194299002978e-01,9.999958923326626170e-01,-5.850185582463769407e-01,1.999994523110298461e+00,-5.850173381668652972e-01,5.851399935814860509e-01
1.755854574741262317e-02,-5.850176485857984110e-01,-5.850150173560539901e-01,1.000001616603319432e+00,-5.850167993018277057e-01,2.000002155471060306e+00,-5.850170666422931376e-01,5.851309596653441192e-01
1.756925000000000500e-02,-5.850176405394086343e-01,-5.850134494186912670e-01,1.000006004441659435e+00,-5.850120444987519930e-01,2.000008005922093268e+00,-5.850111588265055618e-01,5.851305775355984951e-01
1.757003379726564812e-02,-5.850176492773613290e-01,-5.850135478067107764e-01,1.000005884458849525e+00,-5.850113491980274416e-01,2.000007845945015905e+00,-5.850105199363503372e-01,5.851306815483809931e-01
1.757927841113358577e-02,-5.850201564944045307e-01,-5.850160978991224558e-01,1.000003001257571356e+00,-5.850186973474708063e-01,2.000004001676702003e+00,-5.850196431629047789e-01,5.851333486735412759e-01
1.759000000000000494e-02,-5.850220445917627687e-01,-5.850256762935610588e-01,9.999926192797742308e-01,-5.850248465134552101e-01,1.999990159039845672e+00,-5.850252040523693520e-01,5.851436675558358003e-01
1.760010000000000047e-02,-5.850231744604252881e-01,-5.850207444590336259e-01,9.999953194575150750e-01,-5.850186605260536687e-01,1.999993759276779803e+00,-5.850181851182054693e-01,5.851371456696337070e-01
1.761030000000000234e-02,-5.850239084627826269e-01,-5.850207947623532467e-01,9.999967950408374939e-01,-5.850106105531991396e-01,1.999995726721180311e+00,-5.850098478877200359e-01,5.851381268503644817e-01
1.762069999999999956e-02,-5.850243868076816511e-01,-5.850312626932880899e-01,9.999855351618738286e-01,-5.850085532765760821e-01,1.999980713549452505e+00,-5.850087939342822896e-01,5.851484989280435478e-01
1.763150000000000134e-02,-5.850247002910963223e-01,-5.850254913760484232e-01,9.999897197729294973e-01,-5.850177867789407848e-01,1.999986293030776796e+00,-5.850179967551499827e-01,5.851421501077906928e-01
1.764250000000000540e-02,-5.850248991020200462e-01,-5.850239412421841534e-01,9.999933556031322945e-01,-5.850175244465337654e-01,1.999991140804308287e+00,-5.850182095230770374e-01,5.851415620499711423e-01
1.765350000000000252e-02,-5.850250223057881227e-01,-5.850280489251598048e-01,9.999868544193726283e-01,-5.850192188347183020e-01,1.999982472559424629e+00,-5.850184710260095677e-01,5.851444507395396899e-01
1.766450000000000659e-02,-5.850250986462555147e-01,-5.850237552888900572e-01,9.999930517520214668e-01,-5.850167944057367286e-01,1.999990735669500141e+00,-5.850169120795843947e-01,5.851408793038039846e-01
1.767550000000000371e-02,-5.850251459396175191e-01,-5.850229869001842831e-01,9.999932219076833606e-01,-5.850170660576519133e-01,1.999990962543712447e+00,-5.850172309354961797e-01,5.851396433516370399e-01
1.768650000000000777e-02,-5.850251752288204710e-01,-5.850235384203800182e-01,9.999941143318434866e-01,-5.850151326409256392e-01,1.999992152442574778e+00,-5.850144019467911072e-01,5.851409918188549275e-01
1.769750000000000489e-02,-5.850251933585727260e-01,-5.850209502868132239e-01,9.999949829195559081e-01,-5.850102637843310749e-01,1.999993310559507576e+00,-5.850102934606012939e-01,5.851372456349860363e-01
1.770850000000000896e-02,-5.850252045714033899e-01,-5.850242885503721402e-01,9.999938798597455270e-01,-5.850202258321830495e-01,1.999991839813115568e+00,-5.850212287622830187e-01,5.851420691180428957e-01
1.771925000000000583e-02,-5.850252113738143578e-01,-5.850230161490672653e-01,9.999930630317902525e-01,-5.850218005655895004e-01,1.999990750709191412e+00,-5.850219131156993990e-01,5.851396314188440639e-01
1.773000000000000617e-02,-5.850252156127407899e-01,-5.850352642568057426e-01,9.999816199641373693e-01,-5.850138910610345189e-01,1.999975493285881534e+00,-5.850126633248898811e-01,5.851537077988371305e-01
1.774010000000000170e-02,-5.850252181194661727e-01,-5.850286208756246831e-01,9.999850638884952847e-01,-5.850156531385369840e-01,1.999980085184956735e+00,-5.850163532519901954e-01,5.851446925944022714e-01
1.775030000000000358e-02,-5.850252197266837539e-01,-5.850148900891937176e-01,1.000001164439187518e+00,-5.850186946887716566e-01,2.000001552585560116e+00,-5.850186902532736877e-01,5.851310062909900189e-01
1.776070000000000079e-02,-5.850252207521926540e-01,-5.850197493916302616e-01,9.999992432156671329e-01,-5.850098349586511093e-01,1.999998990954237943e+00,-5.850093129078433041e-01,5.851375222344045168e-01
1.777150000000000257e-02,-5.850252214010033258e-01,-5.850293959481975836e-01,9.999876308905620848e-01,-5.850113634970857124e-01,1.999983507854328435e+00,-5.850114734175964060e-01,5.851470646764564965e-01
1.778249999999999970e-02,-5.850252217882504491e-01,-5.850344250095304011e-01,9.999796810647910705e-01,-5.850127191953480299e-01,1.999972908086791845e+00,-5.850124509879863766e-01,5.851511117622563152e-01
1.779350000000000376e-02,-5.850252220038099082e-01,-5.850298641912490272e-01,9.999843260828950031e-01,-5.850123998041620865e-01,1.999979101444171237e+00,-5.850122553589569563e-01,5.851463469839608411e-01
1.780450000000000088e-02,-5.850252221129526031e-01,-5.850257563375348413e-01,9.999902649482226291e-01,-5.850146867020156183e-01,1.999987019931156906e+00,-5.850155140960039413e-01,5.851427100330260922e-01
1.781550000000000494e-02,-5.850252221561359489e-01,-5.850256138564728925e-01,9.999907085651258409e-01,-5.850201775177227281e-01,1.999987611420352085e+00,-5.850202998398688070e-01,5.851426567640017895e-01
1.782650000000000901e-02,-5.850252221584365531e-01,-5.850252109589308969e-01,9.999909141145422176e-01,-5.850249779071199363e-01,1.999987885486236960e+00,-5.850257688092542763e-01,5.851421049361188453e-01
1.783750000000000613e-02,-5.850252221353980930e-01,-5.850224245332505957e-01,9.999938757451610760e-01,-5.850213633449906636e-01,1.999991834327003115e+00,-5.850203057155090036e-01,5.851390773772779941e-01
1.784850000000001019e-02,-5.850252220966510874e-01,-5.850283162943159532e-01,9.999892373897781850e-01,-5.850174000819609033e-01,1.999985649853251335e+00,-5.850171007188215144e-01,5.851462714893376216e-01
1.785925000000000706e-02,-5.850252220493488142e-01,-5.850217127154108132e-01,9.999932388558305796e-01,-5.850201421727083684e-01,1.999990985141241850e+00,-5.850209564740830315e-01,5.851376289932325170e-01
1.787000000000000047e-02,-5.850252219962261968e-01,-5.850226807877523250e-01,9.999949393065896697e-01,-5.850212873792247636e-01,1.999993252408886812e+00,-5.850210036826214433e-01,5.851400044056644933e-01
1.788010000000000294e-02,-5.850252219429636913e-01,-5.850185914451566660e-01,9.999983684055705480e-01,-5.850140368955586423e-01,1.999997824540793223e+00,-5.850134757419345188e-01,5.851351972100220511e-01
1.789030000000000481e-02,-5.850252218870748422e-01,-5.850225669428515962e-01,9.999953986180850629e-01,-5.850149845687675487e-01,1.999993864824204604e+00,-5.850152414875079421e-01,5.851400059272039433e-01
1.790070000000000897e-02,-5.850252218286977612e-01,-5.850258360721374284e-01,9.999908852858886421e-01,-5.850243580075380478e-01,1.999987847048032563e+00,-5.850241609133655096e-01,5.851428642341518493e-01
1.791149999999999687e-02,-5.850252217671311206e-01,-5.850228511108646057e-01,9.999931065019486143e-01,-5.850123335094338239e-01,1.999990808669401821e+00,-5.850126036496618998e-01,5.851391144445334813e-01
1.792250000000000093e-02,-5.850252217038028890e-01,-5.850154160319056551e-01,1.000003114537067361e+00,-5.850210064634128182e-01,2.000004152716028383e+00,-5.850218307543062490e-01,5.851327372004281324e-01
1.793350000000000499e-02,-5.850252216400837479e-01,-5.850201069440543744e-01,9.999985115774056021e-01,-5.850257457744884038e-01,1.999998015436570409e+00,-5.850262318988000976e-01,5.851376304652097238e-01
1.794450000000000212e-02,-5.850252215761230223e-01,-5.850241404426733682e-01,9.999926401281342692e-01,-5.850229308128940264e-01,1.999990186837658390e+00,-5.850212225172504166e-01,5.851411844777048010e-01
1.795550000000000618e-02,-5.850252215120123056e-01,-5.850287888743821441e-01,9.999886360729930423e-01,-5.850152059519793113e-01,1.999984848097549950e+00,-5.850156733356225436e-01,5.851467726193499974e-01
1.796650000000000330e-02,-5.850252214478098844e-01,-5.850318387175221790e-01,9.999820813850586187e-01,-5.850121213569613454e-01,1.999976108513767503e+00,-5.850114784709505855e-01,5.851484210964652544e-01
1.797001627412109573e-02,-5.850252214268342188e-01,-5.850303448107726512e-01,9.999838832724632365e-01,-5.850100838491577582e-01,1.999978511030271022e+00,-5.850095688535389415e-01,5.851469306637020473e-01
1.797002999999999795e-02,-5.850204141750540154e-01,-5.850303162672337853e-01,9.999838905220007623e-01,-5.850100768956196795e-01,1.999978520696320983e+00,-5.850095666811738759e-01,5.851421208421638820e-01
1.797010260999988909e-02,-5.850201637696548218e-01,-5.850299342004354752e-01,9.999839348922079374e-01,-5.850100325698940340e-01,1.999978579856596328e+00,-5.850093289630445836e-01,5.851418618765582558e-01
1.798010000000000580e-02,-5.850201562546130107e-01,-5.850237962803063185e-01,9.999926439899404773e-01,-5.850236246854013666e-01,1.999990191986733334e+00,-5.850249827121390966e-01,5.851406867905677434e-01
1.799030000000000767e-02,-5.850201485872681406e-01,-5.850229636998501848e-01,9.999937529887059640e-01,-5.850225662545674998e-01,1.999991670651731779e+00,-5.850221064587295405e-01,5.851397984266990537e-01
1.800069999999999795e-02,-5.850201407695846401e-01,-5.850188228819274139e-01,9.999983582686293726e-01,-5.850127761112055014e-01,1.999997811024871952e+00,-5.850127602283916595e-01,5.851358420411467698e-01
1.801149999999999973e-02,-5.850201326512203259e-01,-5.850231571303341482e-01,9.999944245871635884e-01,-5.850202095128772539e-01,1.999992566116328696e+00,-5.850202573410279161e-01,5.851403684458413856e-01
1.802250000000000379e-02,-5.850201243825164932e-01,-5.850234856973884900e-01,9.999925641786452379e-01,-5.850184007171425060e-01,1.999990085571674792e+00,-5.850174052218095611e-01,5.851398884839371650e-01
1.803350000000000092e-02,-5.850201161138122163e-01,-5.850189316091777281e-01,9.999992934191525018e-01,-5.850135230847606227e-01,1.999999057892217325e+00,-5.850142454372853074e-01,5.851362946654319330e-01
1.804450000000000498e-02,-5.850201078451076064e-01,-5.850196043452087213e-01,9.999970214397725377e-01,-5.850140185005177074e-01,1.999996028586422447e+00,-5.850132730442439977e-01,5.851359951632014722e-01
1.805550000000000210e-02,-5.850200995764037737e-01,-5.850163225125386557e-01,1.000002449871913779e+00,-5.850166395005623743e-01,2.000003266495836929e+00,-5.850179056090935026e-01,5.851334891663572124e-01
1.806650000000000617e-02,-5.850200913076994969e-01,-5.850161343539507230e-01,1.000002015915813613e+00,-5.850256410969645327e-01,2.000002687887711073e+00,-5.850261629169143385e-01,5.851329386823007628e-01
1.807750000000001023e-02,-5.850200830389954421e-01,-5.850155412662955134e-01,1.000003242697154349e+00,-5.850180733361353136e-01,2.000004323596141109e+00,-5.850164841731818610e-01,5.851325909095703715e-01
1.808850000000000735e-02,-5.850200747702907211e-01,-5.850181238910894255e-01,1.000000608001537561e+00,-5.850192701098365644e-01,2.000000810668704609e+00,-5.850201182345080575e-01,5.851354500955792126e-01
1.809925000000000422e-02,-5.850200666895108981e-01,-5.850205161458313929e-01,9.999973687473928674e-01,-5.850215311364647119e-01,1.999996491663242670e+00,-5.850215737130090021e-01,5.851377124781237393e-01
1.811000000000000457e-02,-5.850200586087315191e-01,-5.850169735725614384e-01,1.000000480126552072e+00,-5.850160716173203879e-01,2.000000640168726473e+00,-5.850155680880678721e-01,5.851335459890895097e-01
1.812010000000000010e-02,-5.850200510165569634e-01,-5.850158058693113450e-01,1.000002655040971078e+00,-5.850214082541025373e-01,2.000003540054575257e+00,-5.850219039066253401e-01,5.851327438568516559e-01
1.813030000000000197e-02,-5.850200433492127594e-01,-5.850166432012113837e-01,1.000002015201299832e+00,-5.850187968612878819e-01,2.000002686935026031e+00,-5.850186266228447618e-01,5.851339305144116487e-01
1.814069999999999919e-02,-5.850200355315279266e-01,-5.850243487137026799e-01,9.999934713870952674e-01,-5.850224205798902899e-01,1.999991295182923290e+00,-5.850218303205316772e-01,5.851411168883151603e-01
1.815150000000000097e-02,-5.850200274131638345e-01,-5.850132584936543756e-01,1.000005045559353434e+00,-5.850108857900113701e-01,2.000006727412370733e+00,-5.850114107776432926e-01,5.851309411919883852e-01
1.816250000000000503e-02,-5.850200191444600017e-01,-5.850231592390249258e-01,9.999938763425945121e-01,-5.850138696975731856e-01,1.999991835123581030e+00,-5.850142195717789040e-01,5.851396644766043709e-01
1.817350000000000215e-02,-5.850200108757559470e-01,-5.850175380184926555e-01,1.000000133978039774e+00,-5.850209762909119870e-01,2.000000178637383552e+00,-5.850205778084855979e-01,5.851343665525393645e-01
1.818450000000000621e-02,-5.850200026070521142e-01,-5.850187105231071660e-01,1.000000463902444459e+00,-5.850208620091544853e-01,2.000000618536583730e+00,-5.850218917788615469e-01,5.851363951568357979e-01
1.819550000000000334e-02,-5.850199943383480594e-01,-5.850214735315565351e-01,9.999950988004068231e-01,-5.850211412797003963e-01,1.999993465067306575e+00,-5.850201177761685800e-01,5.851381035980964818e-01
1.820650000000000740e-02,-5.850199860696434495e-01,-5.850270296522503966e-01,9.999916779569236747e-01,-5.850161528112808318e-01,1.999988903942730323e+00,-5.850157970627219983e-01,5.851454199153057756e-01
1.821750000000000452e-02,-5.850199778009388396e-01,-5.850193004391225360e-01,9.999940933460431669e-01,-5.850095520982960817e-01,1.999992124461508203e+00,-5.850095914489787940e-01,5.851341568740368038e-01
1.822850000000000859e-02,-5.850199695322347848e-01,-5.850122188753079655e-01,1.000007382596510341e+00,-5.850169053344597137e-01,2.000009843461866943e+00,-5.850173857903181451e-01,5.851292792708844281e-01
1.823925000000001240e-02,-5.850199614514552948e-01,-5.850205616845719492e-01,9.999989672542125563e-01,-5.850279718528945683e-01,1.999998623005637244e+00,-5.850289951130728250e-01,5.851385594000415580e-01
1.824999999999999886e-02,-5.850199533706760269e-01,-5.850158781709697831e-01,1.000001257966332435e+00,-5.850234664903153359e-01,2.000001677288418378e+00,-5.850230726408346404e-01,5.851321678138831084e-01
1.826010000000000133e-02,-5.850199457785011381e-01,-5.850171182837555772e-01,1.000001629289343219e+00,-5.850221235015506949e-01,2.000002172385758392e+00,-5.850218349505994508e-01,5.851342870401905483e-01
1.827030000000000320e-02,-5.850199381111567121e-01,-5.850142702123587446e-01,1.000004102069230738e+00,-5.850168661353243316e-01,2.000005469425559124e+00,-5.850167021751756513e-01,5.851312461505645546e-01
1.828070000000000042e-02,-5.850199302934722123e-01,-5.850221579452593579e-01,9.999965029782508230e-01,-5.850230720578446508e-01,1.999995337304403709e+00,-5.850229133067388343e-01,5.851395360381217436e-01
1.829150000000000220e-02,-5.850199221751082312e-01,-5.850209774950252406e-01,9.999956840642852951e-01,-5.850163108064724282e-01,1.999994245419132843e+00,-5.850159619217383256e-01,5.851373131086642365e-01
1.830249999999999932e-02,-5.850199139064041765e-01,-5.850147527183797713e-01,1.000004552131678714e+00,-5.850173426188540748e-01,2.000006069508814655e+00,-5.850186971293024341e-01,5.851325001766505274e-01
1.831350000000000339e-02,-5.850199056376993445e-01,-5.850209681015169361e-01,9.999961294362860187e-01,-5.850210400636223218e-01,1.999994839248458334e+00,-5.850195365876550424e-01,5.851376110366457439e-01
1.832450000000000745e-02,-5.850198973689956228e-01,-5.850166287420757172e-01,1.000000953400858039e+00,-5.850153373128395007e-01,2.000001271201125252e+00,-5.850163047011232020e-01,5.851332215267738279e-01
1.833550000000001151e-02,-5.850198891002912349e-01,-5.850182771042827801e-01,1.000001609957029247e+00,-5.850209129372574424e-01,2.000002146609340059e+00,-5.850204796126465823e-01,5.851362358242351291e-01
1.834650000000000170e-02,-5.850198808315874022e-01,-5.850215900997723928e-01,9.999949534723504563e-01,-5.850123567434014626e-01,1.999993271296567343e+00,-5.850116491344031777e-01,5.851382401912553766e-01
1.835001264414062513e-02,-5.850198781911314372e-01,-5.850203429328940663e-01,9.999964523269646577e-01,-5.850100840670782176e-01,1.999995269769356598e+00,-5.850094712862932145e-01,5.851369899650031847e-01
1.835655682226716712e-02,-5.850198732718711048e-01,-5.850172706063085926e-01,9.999999935273696794e-01,-5.850099435602449383e-01,1.999999991369826535e+00,-5.850096464663582241e-01,5.851337844294015600e-01
1.836750000000000535e-02,-5.850198650458803273e-01,-5.850238096925598485e-01,9.999956230398905355e-01,-5.850145583799337690e-01,1.999994164053274570e+00,-5.850148290632258830e-01,5.851421545764181609e-01
1.837850000000000247e-02,-5.850198567771758285e-01,-5.850187524634768987e-01,9.999964892432356978e-01,-5.850156660446667045e-01,1.999995318991050874e+00,-5.850162185758231992e-01,5.851344566890354093e-01
1.838925000000000282e-02,-5.850198486963966715e-01,-5.850189463701334081e-01,9.999997780121572255e-01,-5.850103486721138779e-01,1.999999704016213853e+00,-5.850090252706305893e-01,5.851363673834072410e-01
1.840000000000000663e-02,-5.850198406156167374e-01,-5.850190424999904826e-01,9.999986560953486592e-01,-5.850097156111745411e-01,1.999998208127158117e+00,-5.850098140418406034e-01,5.851359758772097797e-01
1.841010000000000216e-02,-5.850198330234419597e-01,-5.850219574492721009e-01,9.999958527765377969e-01,-5.850206673903920462e-01,1.999994470368799515e+00,-5.850218918756664443e-01,5.851392333026775860e-01
1.842029999999999709e-02,-5.850198253560973116e-01,-5.850194821179558469e-01,9.999976560382280999e-01,-5.850121707783080272e-01,1.999996874717684170e+00,-5.850117221472085349e-01,5.851362973933913469e-01
1.843070000000000125e-02,-5.850198175384121457e-01,-5.850206041501178067e-01,9.999971738904605001e-01,-5.850240419138513781e-01,1.999996231854003437e+00,-5.850250696363968883e-01,5.851378158204374458e-01
1.844149999999999609e-02,-5.850198094200482757e-01,-5.850231535838453789e-01,9.999939028780403527e-01,-5.850246118624128355e-01,1.999991870504174818e+00,-5.850234520713354369e-01,5.851400190547944025e-01
1.845250000000000015e-02,-5.850198011513441099e-01,-5.850195400566429171e-01,9.999968938553911446e-01,-5.850111335010859115e-01,1.999995858473916366e+00,-5.850115866178451363e-01,5.851357251862999709e-01
1.846349999999999728e-02,-5.850197928826396110e-01,-5.850134994422691026e-01,1.000006121169147111e+00,-5.850220772386793833e-01,2.000008161558741282e+00,-5.850229451337392028e-01,5.851309547922104448e-01
1.847450000000000134e-02,-5.850197846139352231e-01,-5.850166249623375281e-01,1.000001651273715764e+00,-5.850228441859584017e-01,2.000002201698254822e+00,-5.850225702364545421e-01,5.851334986363754265e-01
1.848549999999999846e-02,-5.850197763452306132e-01,-5.850177038103047122e-01,1.000001307213386426e+00,-5.850193836093896538e-01,2.000001742951155403e+00,-5.850189097473630362e-01,5.851351384825781432e-01
1.849650000000000946e-02,-5.850197680765258923e-01,-5.850248295927734654e-01,9.999933815166808238e-01,-5.850177142503369954e-01,1.999991175355705808e+00,-5.850177361472648219e-01,5.851426973755505800e-01
1.850750000000000658e-02,-5.850197598078210603e-01,-5.850222420677803070e-01,9.999927972816806676e-01,-5.850180109892288982e-01,1.999990396375717072e+00,-5.850183557811631241e-01,5.851382515657926886e-01
1.851850000000000371e-02,-5.850197515391166725e-01,-5.850210783658170710e-01,9.999969030338835552e-01,-5.850178985467676673e-01,1.999995870711906099e+00,-5.850174018368393680e-01,5.851383917339133545e-01
1.852925000000000405e-02,-5.850197434583375156e-01,-5.850262822899727766e-01,9.999909183598084672e-01,-5.850211564885784421e-01,1.999987891146591812e+00,-5.850217525689609399e-01,5.851438246159434975e-01
1.854000000000000092e-02,-5.850197353775581366e-01,-5.850163507860702827e-01,9.999996476347278174e-01,-5.850136081453758408e-01,1.999999530179643825e+00,-5.850127686384329895e-01,5.851321461764340537e-01
1.855009999999999645e-02,-5.850197277853834699e-01,-5.850185092526348773e-01,1.000000222844438236e+00,-5.850185340271712997e-01,2.000000297125913651e+00,-5.850187511611244506e-01,5.851358464108457058e-01
1.856029999999999833e-02,-5.850197201180387108e-01,-5.850185367312021878e-01,9.999993731350139692e-01,-5.850051017198676373e-01,1.999999164180030986e+00,-5.850038752241920603e-01,5.851355799955759718e-01
1.857070000000000942e-02,-5.850197123003535449e-01,-5.850210276209978355e-01,9.999969241767449057e-01,-5.850141444723301332e-01,1.999995898902387825e+00,-5.850149908368313945e-01,5.851384297445068050e-01
1.858150000000000426e-02,-5.850197041819900079e-01,-5.850253870489983132e-01,9.999907580383673444e-01,-5.850203455735185631e-01,1.999987677384673423e+00,-5.850204784977751649e-01,5.851414755853094896e-01
1.859250000000000139e-02,-5.850196959132862862e-01,-5.850141319476551693e-01,1.000004396984702559e+00,-5.850223172980482111e-01,2.000005862646182742e+00,-5.850226439002750300e-01,5.851314535100995418e-01
1.860349999999999851e-02,-5.850196876445825644e-01,-5.850176889917350076e-01,1.000000622291493224e+00,-5.850184126445723276e-01,2.000000829721978679e+00,-5.850183804022491829e-01,5.851346751776614896e-01
1.861450000000000257e-02,-5.850196793758777325e-01,-5.850154322392914219e-01,1.000002186534638016e+00,-5.850184716865264312e-01,2.000002915379473833e+00,-5.850183540002789062e-01,5.851318540183070294e-01
1.862549999999999970e-02,-5.850196711071735667e-01,-5.850108775712764553e-01,1.000008558777814915e+00,-5.850168341334823774e-01,2.000011411703582986e+00,-5.850163700930198774e-01,5.851277112434006833e-01
1.863650000000000376e-02,-5.850196628384694009e-01,-5.850142306546662896e-01,1.000006349102164460e+00,-5.850148249257810518e-01,2.000008465469426788e+00,-5.850146057688124790e-01,5.851320097655218211e-01
1.864750000000000088e-02,-5.850196545697651240e-01,-5.850170570598920428e-01,1.000001069239841556e+00,-5.850148501867669104e-01,2.000001425653100906e+00,-5.850150926596539014e-01,5.851339577732534991e-01
1.865850000000000494e-02,-5.850196463010609582e-01,-5.850269863237623769e-01,9.999917623176289849e-01,-5.850211808355605392e-01,1.999989016423668886e+00,-5.850217824022959645e-01,5.851453634629988354e-01
1.866925000000001222e-02,-5.850196382202812462e-01,-5.850264517276434484e-01,9.999886091286142031e-01,-5.850182530640282152e-01,1.999984812171711646e+00,-5.850181266094629517e-01,5.851429766437109548e-01
1.868000000000000216e-02,-5.850196301395023113e-01,-5.850228344808342529e-01,9.999934515007417035e-01,-5.850113345943340759e-01,1.999991268667785649e+00,-5.850103202534264746e-01,5.851395305290307824e-01
1.869009999999999769e-02,-5.850196225473277556e-01,-5.850219139903740651e-01,9.999950906991703636e-01,-5.850226342913424915e-01,1.999993454265658110e+00,-5.850240412331485507e-01,5.851388146198586160e-01
1.870029999999999956e-02,-5.850196148799836626e-01,-5.850175138326910718e-01,9.999997834704708044e-01,-5.850221647600694075e-01,1.999999711293965587e+00,-5.850220930742957570e-01,5.851343489774041284e-01
1.871069999999999678e-02,-5.850196070622996070e-01,-5.850239947732931434e-01,9.999940489889348472e-01,-5.850174811608421788e-01,1.999992065318698220e+00,-5.850169255614935393e-01,5.851415325735708217e-01
1.872149999999999856e-02,-5.850195989439358479e-01,-5.850278429074236008e-01,9.999884512524997993e-01,-5.850142614850171174e-01,1.999984601670229178e+00,-5.850135091392729692e-01,5.851450306759096165e-01
1.873249999999999568e-02,-5.850195906752320152e-01,-5.850292601124066350e-01,9.999862908552898944e-01,-5.850114997111890425e-01,1.999981721140658752e+00,-5.850131199330904641e-01,5.851463290007882234e-01
1.874350000000000668e-02,-5.850195824065271832e-01,-5.850258731641728716e-01,9.999878067772790535e-01,-5.850233759045070370e-01,1.999983742369947581e+00,-5.850219100111442305e-01,5.851413786369634717e-01
1.875001342499999640e-02,-5.850195775103848028e-01,-5.850158977218723466e-01,9.999995283186784434e-01,-5.850142383334737683e-01,1.999999371091580436e+00,-5.850128362725097730e-01,5.851313718194145475e-01
1.875021039241199505e-02,-5.850195773623235729e-01,-5.850156075629531216e-01,9.999999035888144094e-01,-5.850140021852258121e-01,1.999999871451754618e+00,-5.850129948392692736e-01,5.851311903382868662e-01
1.876029999999999712e-02,-5.850195697779618786e-01,-5.850059303140079381e-01,1.000013318804472640e+00,-5.850207326089681414e-01,2.000017758405699286e+00,-5.850212727341111973e-01,5.851226902149263553e-01
1.877000368749999828e-02,-5.850195624836970199e-01,-5.850207667154050384e-01,1.000000240071949875e+00,-5.850217367327660289e-01,2.000000320095928430e+00,-5.850213120021144908e-01,5.851394960711228110e-01
1.877039642226600857e-02,-5.850196201685707864e-01,-5.850213251141039850e-01,9.999994042863830090e-01,-5.850215621884998773e-01,1.999999205715188966e+00,-5.850210719509166823e-01,5.851394804092381330e-01
1.878070000000000087e-02,-5.850208355597635856e-01,-5.850217480985990814e-01,9.999951503082459281e-01,-5.850152146694723720e-01,1.999993533744424345e+00,-5.850148888836348426e-01,5.851383855214233876e-01
1.879150000000000265e-02,-5.850216413718034580e-01,-5.850154238763232151e-01,1.000002417451826497e+00,-5.850132799174141418e-01,2.000003223269053887e+00,-5.850140629763602718e-01,5.851323360637651350e-01
1.880249999999999977e-02,-5.850221524552644548e-01,-5.850167715575875782e-01,1.000002442891419596e+00,-5.850197118988702538e-01,2.000003257188510908e+00,-5.850190218963823297e-01,5.851343539625522006e-01
1.881350000000000383e-02,-5.850224692137588889e-01,-5.850235224604964923e-01,9.999945307636728398e-01,-5.850141078939157246e-01,1.999992707685005700e+00,-5.850150885356992791e-01,5.851411554897463230e-01
1.882450000000000095e-02,-5.850226655245323037e-01,-5.850279107420821578e-01,9.999877520719618884e-01,-5.850200366793681939e-01,1.999983669429525879e+00,-5.850196548120430995e-01,5.851448360841210450e-01
1.883550000000000502e-02,-5.850227871786429779e-01,-5.850263024188857575e-01,9.999893146487959239e-01,-5.850194921916007651e-01,1.999985752865273581e+00,-5.850197835484477471e-01,5.851430751742924263e-01
1.884650000000000908e-02,-5.850228625585923714e-01,-5.850253765089633573e-01,9.999910551478047305e-01,-5.850202018939197890e-01,1.999988073530584165e+00,-5.850199617557890752e-01,5.851424459924846611e-01
1.885750000000000620e-02,-5.850229092566009426e-01,-5.850218946187577540e-01,9.999940676193121991e-01,-5.850141027767893354e-01,1.999992090159200764e+00,-5.850134775886173255e-01,5.851383186284140336e-01
1.886850000000001026e-02,-5.850229381767875214e-01,-5.850247128765581062e-01,9.999930866618601533e-01,-5.850109774976919308e-01,1.999990782215951057e+00,-5.850105984886334598e-01,5.851423640562023465e-01
1.887925000000000714e-02,-5.850229557590488350e-01,-5.850238240420534419e-01,9.999922359153556872e-01,-5.850102102867722476e-01,1.999989647887294941e+00,-5.850104159913065427e-01,5.851405250445508299e-01
1.889000000000000054e-02,-5.850229667526590793e-01,-5.850214791794174918e-01,9.999953565444315018e-01,-5.850147324154005846e-01,1.999993808726000966e+00,-5.850151760460577943e-01,5.851382818145272058e-01
1.890010000000000301e-02,-5.850229732882091804e-01,-5.850228959213006341e-01,9.999943839422139602e-01,-5.850156134416720777e-01,1.999992511923063487e+00,-5.850155991321942528e-01,5.851401039189934039e-01
1.891030000000000488e-02,-5.850229775127679943e-01,-5.850273381942966422e-01,9.999894277067817860e-01,-5.850161452272433227e-01,1.999985903609252436e+00,-5.850161642840956411e-01,5.851446762911537425e-01
1.892070000000000904e-02,-5.850229802440611859e-01,-5.850271526487339502e-01,9.999885370515574357e-01,-5.850165406420475556e-01,1.999984716068970991e+00,-5.850168522339419530e-01,5.851438942844410240e-01
1.893149999999999694e-02,-5.850229820108423517e-01,-5.850221757371051323e-01,9.999938904834216880e-01,-5.850213924217938510e-01,1.999991853978016820e+00,-5.850210162305889972e-01,5.851386688958809534e-01
1.894250000000000100e-02,-5.850229831071926956e-01,-5.850166505522439442e-01,1.000000846882711070e+00,-5.850146933189520615e-01,2.000001129176931070e+00,-5.850140676598807321e-01,5.851332454253508342e-01
1.895350000000000507e-02,-5.850229837622725748e-01,-5.850159269534759288e-01,1.000004248895606462e+00,-5.850116957467825785e-01,2.000005665194057425e+00,-5.850126500835017840e-01,5.851339555924988112e-01
1.896450000000000219e-02,-5.850229841438426837e-01,-5.850236818240426295e-01,9.999931723796766647e-01,-5.850157500375713360e-01,1.999990896506371074e+00,-5.850157570203047275e-01,5.851406521316524501e-01
1.897550000000000625e-02,-5.850229843558841791e-01,-5.850212543338044746e-01,9.999951023483408807e-01,-5.850138707952774464e-01,1.999993469797885171e+00,-5.850132544533822587e-01,5.851377808789079982e-01
1.898650000000000337e-02,-5.850229844628469511e-01,-5.850219820516211477e-01,9.999963697974755261e-01,-5.850163518904624160e-01,1.999995159730039385e+00,-5.850171478175653084e-01,5.851395962435560483e-01
1.899750000000000744e-02,-5.850229845046797106e-01,-5.850229641081379217e-01,9.999933823448461379e-01,-5.850167705684510278e-01,1.999991176459926079e+00,-5.850165081039997439e-01,5.851396974313485266e-01
1.900850000000001150e-02,-5.850229845061432066e-01,-5.850188695292193319e-01,9.999981490196423461e-01,-5.850170852085908590e-01,1.999997532026226654e+00,-5.850172701659094310e-01,5.851354540455825370e-01
1.901925000000000837e-02,-5.850229844833205739e-01,-5.850211664082622942e-01,9.999969988685187827e-01,-5.850172052366162667e-01,1.999995998491417959e+00,-5.850170063574207102e-01,5.851385760477515463e-01
1.903000000000000178e-02,-5.850229844455364647e-01,-5.850275350752845993e-01,9.999895523862885049e-01,-5.850057294441581845e-01,1.999986069848592507e+00,-5.850044535431051518e-01,5.851451693842621982e-01
1.904010000000000424e-02,-5.850229844014224190e-01,-5.850290808604733384e-01,9.999865356832202679e-01,-5.850191351365516823e-01,1.999982047577894440e+00,-5.850207219991292451e-01,5.851461386349310345e-01
1.905029999999999918e-02,-5.850229843514767047e-01,-5.850250710079609728e-01,9.999904009752222933e-01,-5.850237079734510459e-01,1.999987201300487127e+00,-5.850239674794115441e-01,5.851416462785457018e-01
1.906070000000000333e-02,-5.850229842969734140e-01,-5.850211137156333674e-01,9.999956168404056100e-01,-5.850220229769915736e-01,1.999994155787294448e+00,-5.850219319524423423e-01,5.851382001852930559e-01
1.907149999999999818e-02,-5.850229842379460754e-01,-5.850260182958085808e-01,9.999907115910882105e-01,-5.850211564724608904e-01,1.999987615454968726e+00,-5.850208496395279401e-01,5.851429308051170342e-01
1.908250000000000224e-02,-5.850229841762282224e-01,-5.850248716221371215e-01,9.999922991807681516e-01,-5.850203409227830997e-01,1.999989732241177265e+00,-5.850205856940779992e-01,5.851425629184617838e-01
1.909350000000000630e-02,-5.850229841135086151e-01,-5.850301203848181641e-01,9.999846343853593389e-01,-5.850159143681556984e-01,1.999979512514117763e+00,-5.850144450797963858e-01,5.851467143612233412e-01
1.910450000000000342e-02,-5.850229840501672829e-01,-5.850237993294254979e-01,9.999911790217713703e-01,-5.850084418546970255e-01,1.999988238695870280e+00,-5.850088769391281751e-01,5.851399379078732199e-01
1.911550000000000749e-02,-5.850229839864410364e-01,-5.850230327066402447e-01,9.999959073419785183e-01,-5.850188837340690728e-01,1.999994543122719293e+00,-5.850200882550347092e-01,5.851411158918589095e-01
1.912650000000000461e-02,-5.850229839224769801e-01,-5.850262075143387586e-01,9.999889184265512432e-01,-5.850221464869609367e-01,1.999985224568954889e+00,-5.850220619870711847e-01,5.851427089303894435e-01
1.913750000000000867e-02,-5.850229838583650421e-01,-5.850237322128971629e-01,9.999929023879164935e-01,-5.850206429361434202e-01,1.999990536517363138e+00,-5.850203153325908012e-01,5.851407055132498147e-01
1.914850000000000579e-02,-5.850229837941607336e-01,-5.850224331846423098e-01,9.999942615938043344e-01,-5.850178836628358026e-01,1.999992348791853392e+00,-5.850176992673404852e-01,5.851392791099577773e-01
1.915925000000000267e-02,-5.850229837313609682e-01,-5.850249355341716750e-01,9.999922058911999700e-01,-5.850193013134995512e-01,1.999989607855088058e+00,-5.850194316008077156e-01,5.851422918572449783e-01
1.917000000000000301e-02,-5.850229836685280072e-01,-5.850251141631546137e-01,9.999911589614679519e-01,-5.850128523471240793e-01,1.999988211948799499e+00,-5.850121822167480001e-01,5.851420707337412486e-01
1.917002029999999996e-02,-5.850229585513333497e-01,-5.850251129857926280e-01,9.999911601709224884e-01,-5.850128387890595194e-01,1.999988213561405548e+00,-5.850121730534945108e-01,5.851420258205876079e-01
1.917003099999999710e-02,-5.850179609301038308e-01,-5.850250846596406484e-01,9.999911608505588356e-01,-5.850128315789793199e-01,1.999988214467587566e+00,-5.850121405518696749e-01,5.851370167685869816e-01
1.917117780999825702e-02,-5.850179600680475156e-01,-5.850211461332321949e-01,9.999924226541743177e-01,-5.850107487734909073e-01,1.999989896872383044e+00,-5.850087116177512536e-01,5.851358978548629741e-01
1.918250000000000510e-02,-5.850179515571528599e-01,-5.850127943588948609e-01,1.000007723729870346e+00,-5.850081255390143786e-01,2.000010298306340140e+00,-5.850093587719423782e-01,5.851311693740406383e-01
1.919350000000000223e-02,-5.850179432884489161e-01,-5.850239399876795421e-01,9.999921804074359821e-01,-5.850112131546281180e-01,1.999989573876736815e+00,-5.850107054702379239e-01,5.851402753177533667e-01
1.920450000000000629e-02,-5.850179350197450834e-01,-5.850208262375697910e-01,9.999976360965260325e-01,-5.850163141031519132e-01,1.999996848128748228e+00,-5.850174313415568150e-01,5.851384610950964849e-01
1.921550000000000341e-02,-5.850179267510403625e-01,-5.850233070967496563e-01,9.999928263974566800e-01,-5.850221136901583296e-01,1.999990435196751681e+00,-5.850223132540025572e-01,5.851399422442438158e-01
1.922650000000000747e-02,-5.850179184823370848e-01,-5.850238013552068184e-01,9.999938109202654024e-01,-5.850217052517859839e-01,1.999991747893810068e+00,-5.850211582381115161e-01,5.851412667819790858e-01
1.923750000000000460e-02,-5.850179102136328080e-01,-5.850220958861346299e-01,9.999938217163499843e-01,-5.850199363439353428e-01,1.999991762288589658e+00,-5.850202925681023958e-01,5.851385189843768542e-01
1.924850000000000866e-02,-5.850179019449287532e-01,-5.850196006833159323e-01,9.999979769974249866e-01,-5.850205286635257185e-01,1.999997302663273580e+00,-5.850203256328745383e-01,5.851365432177081383e-01
1.925925000000001247e-02,-5.850178938641500404e-01,-5.850134159307960324e-01,1.000004279698671228e+00,-5.850132398289608071e-01,2.000005706264810001e+00,-5.850125467224494002e-01,5.851296875722875601e-01
1.926999999999999894e-02,-5.850178857833715496e-01,-5.850153830568995961e-01,1.000004091552142205e+00,-5.850178876371784353e-01,2.000005455402774857e+00,-5.850183432849068721e-01,5.851327468107770935e-01
1.928010000000000140e-02,-5.850178781911978820e-01,-5.850215539674591403e-01,9.999969969302280326e-01,-5.850206112041377304e-01,1.999995995907030366e+00,-5.850209179680539995e-01,5.851391415165656529e-01
1.929030000000000328e-02,-5.850178705238539001e-01,-5.850223539595889033e-01,9.999947272389803077e-01,-5.850330205917836368e-01,1.999992969652078401e+00,-5.850336081486902096e-01,5.851393229642033456e-01
1.930070000000000049e-02,-5.850178627061694003e-01,-5.850203050446739494e-01,9.999967552103500301e-01,-5.850163138198575252e-01,1.999995673613864433e+00,-5.850156339759461366e-01,5.851370003086082683e-01
1.931150000000000228e-02,-5.850178545878053082e-01,-5.850160333827822967e-01,1.000001712919202479e+00,-5.850193957167412195e-01,2.000002283892236221e+00,-5.850187328386707852e-01,5.851326465332566951e-01
1.932249999999999940e-02,-5.850178463191021416e-01,-5.850127247570928724e-01,1.000006603326440313e+00,-5.850122491287921278e-01,2.000008804435122745e+00,-5.850133077670012227e-01,5.851298971191045695e-01
1.933350000000000346e-02,-5.850178380503983089e-01,-5.850143267158456339e-01,1.000004648196408663e+00,-5.850195755168303702e-01,2.000006197595119328e+00,-5.850191389440535517e-01,5.851312750325788903e-01
1.934450000000000752e-02,-5.850178297816943651e-01,-5.850146608508736135e-01,1.000004649343952723e+00,-5.850170084049940433e-01,2.000006199125178075e+00,-5.850170784847066319e-01,5.851318852182041397e-01
1.935550000000001158e-02,-5.850178215129909765e-01,-5.850161592595929383e-01,1.000002424148135116e+00,-5.850179805074953165e-01,2.000003232197465231e+00,-5.850182013768504552e-01,5.851331735823873670e-01
1.936650000000000177e-02,-5.850178132442873657e-01,-5.850216341419687271e-01,9.999975805671749152e-01,-5.850169289808844209e-01,1.999996774089614737e+00,-5.850162917329427836e-01,5.851396222507652123e-01
1.937750000000000583e-02,-5.850178049755837550e-01,-5.850147586493511520e-01,1.000000568874124252e+00,-5.850120600515523739e-01,2.000000758498821085e+00,-5.850123622422185310e-01,5.851300232639259358e-01
1.938850000000000989e-02,-5.850177967068798113e-01,-5.850161980340523593e-01,1.000004392183176716e+00,-5.850241417007144840e-01,2.000005856244148283e+00,-5.850250305209402368e-01,5.851342043164780016e-01
1.939925000000000677e-02,-5.850177886261014315e-01,-5.850168310961374463e-01,1.000001082195315139e+00,-5.850215971054542052e-01,2.000001442927064943e+00,-5.850212606161958595e-01,5.851336072856075932e-01
1.941000000000000017e-02,-5.850177805453227187e-01,-5.850122323027283633e-01,1.000006295114790777e+00,-5.850235441297539918e-01,2.000008393486262914e+00,-5.850238680833018678e-01,5.851287679498243799e-01
1.942010000000000264e-02,-5.850177729531489401e-01,-5.850199529398338871e-01,9.999995220418120834e-01,-5.850171971530413462e-01,1.999999362722425733e+00,-5.850163737146226728e-01,5.851377748693821212e-01
1.943030000000000451e-02,-5.850177652858048472e-01,-5.850206742468404553e-01,9.999967351755592038e-01,-5.850220299553658965e-01,1.999995646900810664e+00,-5.850224338075536989e-01,5.851375571011792065e-01
1.944070000000000173e-02,-5.850177574681203474e-01,-5.850164233188044349e-01,1.000001227152764516e+00,-5.850161245393641352e-01,2.000001636203661448e+00,-5.850162071929113639e-01,5.851332122038562789e-01
1.945150000000000351e-02,-5.850177493497569214e-01,-5.850159324058200605e-01,1.000002275010375863e+00,-5.850227229093671877e-01,2.000003033347122372e+00,-5.850226734372655502e-01,5.851324695775609319e-01
1.946250000000000063e-02,-5.850177410810528666e-01,-5.850108933170464764e-01,1.000008802769813299e+00,-5.850228620358534082e-01,2.000011737026242908e+00,-5.850233495140889639e-01,5.851281204121214774e-01
1.947350000000000469e-02,-5.850177328123492559e-01,-5.850143077121614521e-01,1.000005483315776322e+00,-5.850236557527467296e-01,2.000007311087593109e+00,-5.850231763378261896e-01,5.851317198350358684e-01
1.948450000000000182e-02,-5.850177245436462004e-01,-5.850203427287387070e-01,9.999988394432628436e-01,-5.850201496492575259e-01,1.999998452591040365e+00,-5.850202127166042043e-01,5.851381843116727488e-01
1.949550000000000588e-02,-5.850177162749424786e-01,-5.850248455503532785e-01,9.999912493440415995e-01,-5.850162280724561237e-01,1.999988332458896068e+00,-5.850155650328021650e-01,5.851416407194206526e-01
1.950650000000000300e-02,-5.850177080062387569e-01,-5.850186731913711302e-01,9.999974039701643447e-01,-5.850132158716205844e-01,1.999996538626937159e+00,-5.850133740058237608e-01,5.851347674577530578e-01
1.951750000000000707e-02,-5.850176997375348131e-01,-5.850220841947936234e-01,9.999973773971374547e-01,-5.850163263544783110e-01,1.999996503196235231e+00,-5.850162342059697096e-01,5.851402426013411207e-01
1.952850000000001113e-02,-5.850176914688307583e-01,-5.850167679662048315e-01,9.999990610566057425e-01,-5.850151050469118985e-01,1.999998748075492827e+00,-5.850154906011539868e-01,5.851325240679610129e-01
1.953925000000000800e-02,-5.850176833880519345e-01,-5.850171581379932650e-01,1.000002016047285558e+00,-5.850223914803484027e-01,2.000002688063007295e+00,-5.850228332778160123e-01,5.851345867424321279e-01
1.954999999999999793e-02,-5.850176753072739988e-01,-5.850296264333537666e-01,9.999883481477411795e-01,-5.850150746142738223e-01,1.999984464197219758e+00,-5.850140197493484129e-01,5.851479350367879695e-01
1.955005797226566991e-02,-5.850176752636959687e-01,-5.850296968510786400e-01,9.999882544599623113e-01,-5.850150229531565493e-01,1.999984339280183043e+00,-5.850140715191878282e-01,5.851478311240794206e-01
1.956000000000000100e-02,-5.850176677902715339e-01,-5.850147995919280364e-01,1.000000367804954049e+00,-5.850177004648762225e-01,2.000000490406597997e+00,-5.850186614993222456e-01,5.851300104814807224e-01
1.957009999999999653e-02,-5.850176601980980884e-01,-5.850168708989278432e-01,1.000002373029785785e+00,-5.850132944769157461e-01,2.000003164039667158e+00,-5.850123099694128914e-01,5.851342929603788878e-01
1.958029999999999840e-02,-5.850176525307542175e-01,-5.850205582801212278e-01,9.999976094086996392e-01,-5.850158266504720261e-01,1.999996812544980296e+00,-5.850157820135206688e-01,5.851376516195353483e-01
1.959070000000000950e-02,-5.850176447130698287e-01,-5.850142793574193423e-01,1.000003486836327227e+00,-5.850044476384005376e-01,2.000004649115033839e+00,-5.850043726880612693e-01,5.851310745537767755e-01
1.960150000000000434e-02,-5.850176365947061807e-01,-5.850166979293326408e-01,1.000002221409694858e+00,-5.850192237055168443e-01,2.000002961879549179e+00,-5.850201767254483709e-01,5.851339078900692492e-01
1.961250000000000146e-02,-5.850176283260025700e-01,-5.850183821527923378e-01,9.999996857476646239e-01,-5.850225021463746344e-01,1.999999580996892234e+00,-5.850216377892476505e-01,5.851353339186287084e-01
1.962349999999999858e-02,-5.850176200572988483e-01,-5.850176465833317740e-01,1.000000401836960817e+00,-5.850150043387188914e-01,2.000000535782606725e+00,-5.850157527977311034e-01,5.851345870628633650e-01
1.963450000000000265e-02,-5.850176117885946825e-01,-5.850169793808057683e-01,1.000001246841371927e+00,-5.850215741720860008e-01,2.000001662455137996e+00,-5.850218050863373875e-01,5.851339268574335950e-01
1.964549999999999977e-02,-5.850176035198907387e-01,-5.850162719969431713e-01,1.000002086232113729e+00,-5.850179762811162920e-01,2.000002781642776561e+00,-5.850170681584631049e-01,5.851331988234895753e-01
1.965650000000000383e-02,-5.850175952511867949e-01,-5.850175067018146269e-01,1.000001316520721550e+00,-5.850170451186790244e-01,2.000001755360935718e+00,-5.850176389570088675e-01,5.851348107697031953e-01
1.966750000000000095e-02,-5.850175869824827402e-01,-5.850236313128214238e-01,9.999946125432142008e-01,-5.850187950067089471e-01,1.999992816724392553e+00,-5.850185925903007567e-01,5.851413698863808799e-01
1.967850000000000502e-02,-5.850175787137789074e-01,-5.850208644488741339e-01,9.999950752794372066e-01,-5.850149421376853454e-01,1.999993433706013901e+00,-5.850147069907744024e-01,5.851371573886426924e-01
1.968925000000001230e-02,-5.850175706330000835e-01,-5.850246079531694621e-01,9.999932677674290282e-01,-5.850200709514883357e-01,1.999991023690039116e+00,-5.850205872665399376e-01,5.851422820942657754e-01
1.970000000000000223e-02,-5.850175625522215928e-01,-5.850143768511609776e-01,1.000001978003725478e+00,-5.850186967142979588e-01,2.000002637338261557e+00,-5.850188249010986885e-01,5.851301128654033956e-01
1.971009999999999776e-02,-5.850175549600479252e-01,-5.850153137827714955e-01,1.000003931099267218e+00,-5.850253599162033025e-01,2.000005241465611761e+00,-5.850259327940903198e-01,5.851325533763095388e-01
1.972029999999999964e-02,-5.850175472927039433e-01,-5.850172089319995994e-01,1.000001453802396245e+00,-5.850159730597580543e-01,2.000001938403165980e+00,-5.850149603328052006e-01,5.851344033213859985e-01
1.973069999999999685e-02,-5.850175394750197766e-01,-5.850194380413451523e-01,9.999987111115763438e-01,-5.850130310874556150e-01,1.999998281482127549e+00,-5.850127235821322991e-01,5.851365280585195672e-01
1.974149999999999863e-02,-5.850175313566563506e-01,-5.850190548700325843e-01,9.999986870149311091e-01,-5.850140350244430465e-01,1.999998249353267532e+00,-5.850144685289517810e-01,5.851360112871890617e-01
1.975249999999999576e-02,-5.850175230879526289e-01,-5.850186514085190526e-01,9.999992823133535547e-01,-5.850195148282865132e-01,1.999999043084485617e+00,-5.850194649110947998e-01,5.851356767468723907e-01
1.976350000000000676e-02,-5.850175148192490182e-01,-5.850183946338006757e-01,9.999993042969822499e-01,-5.850163731361007757e-01,1.999999072395989952e+00,-5.850159280292530628e-01,5.851352135670211396e-01
1.977450000000000388e-02,-5.850175065505451855e-01,-5.850192612561563310e-01,9.999997063239430828e-01,-5.850135798874230852e-01,1.999999608431929587e+00,-5.850133298159946316e-01,5.851369095555079003e-01
1.978550000000000100e-02,-5.850174982818415748e-01,-5.850217436937389381e-01,9.999947407946702116e-01,-5.850151594677946987e-01,1.999992987726331606e+00,-5.850160941743904885e-01,5.851383641213604436e-01
1.979650000000000507e-02,-5.850174900131377420e-01,-5.850186768312490848e-01,9.999988915660223965e-01,-5.850217883137223129e-01,1.999998522088051844e+00,-5.850221418670638052e-01,5.851355088609888622e-01
1.980750000000000219e-02,-5.850174817444341313e-01,-5.850112920781673775e-01,1.000006337492287178e+00,-5.850139201067845462e-01,2.000008449989590265e+00,-5.850126293966939617e-01,5.851272772773877806e-01
1.981850000000000625e-02,-5.850174734757305206e-01,-5.850159257205169716e-01,1.000004919441564999e+00,-5.850219688892984715e-01,2.000006559255322447e+00,-5.850233638294729532e-01,5.851340211641683497e-01
1.982924999999999965e-02,-5.850174653949518078e-01,-5.850157425262227928e-01,1.000002174509440511e+00,-5.850259102325695570e-01,2.000002899345877161e+00,-5.850265683010862361e-01,5.851323925472554643e-01
1.983999999999999653e-02,-5.850174573141738721e-01,-5.850108037230100644e-01,1.000008042048542212e+00,-5.850165222393679532e-01,2.000010722731230040e+00,-5.850152464123633544e-01,5.851273257912160686e-01
1.985010000000000593e-02,-5.850174497219998715e-01,-5.850097909277034436e-01,1.000010183598555091e+00,-5.850263166636289203e-01,2.000013578131204284e+00,-5.850274678080635837e-01,5.851268541483732877e-01
1.986030000000000087e-02,-5.850174420546562226e-01,-5.850214757560824319e-01,9.999983115376865905e-01,-5.850173658608750493e-01,1.999997748716948909e+00,-5.850161493579242311e-01,5.851392608935553907e-01
1.987069999999999809e-02,-5.850174342369721669e-01,-5.850163565437461743e-01,1.000000997641393274e+00,-5.850129608030328887e-01,2.000001330188504234e+00,-5.850131868118449985e-01,5.851331666283573485e-01
1.988149999999999987e-02,-5.850174261186089630e-01,-5.850185263161097327e-01,9.999998568668768684e-01,-5.850210754486137033e-01,1.999999809155838415e+00,-5.850206764746415100e-01,5.851356599420040050e-01
1.989249999999999699e-02,-5.850174178499055744e-01,-5.850196554820281669e-01,9.999982645272863513e-01,-5.850146115858416707e-01,1.999997686036416145e+00,-5.850148473495646595e-01,5.851367743253352849e-01
1.990350000000000105e-02,-5.850174095812015196e-01,-5.850185866699565418e-01,9.999980758518171031e-01,-5.850180680258962873e-01,1.999997434469127811e+00,-5.850180280341352734e-01,5.851347988094572905e-01
1.991449999999999818e-02,-5.850174013124980199e-01,-5.850143893248720417e-01,1.000005414541667914e+00,-5.850188858134427461e-01,2.000007219388783231e+00,-5.850186516233396583e-01,5.851319162213020064e-01
1.992550000000000224e-02,-5.850173930437941872e-01,-5.850187776310910026e-01,9.999995858129913096e-01,-5.850135814284481706e-01,1.999999447750663295e+00,-5.850130238365665036e-01,5.851359877804596099e-01
1.993650000000001324e-02,-5.850173847750904654e-01,-5.850194608555597808e-01,9.999981243264215447e-01,-5.850155616248507995e-01,1.999997499101932696e+00,-5.850163379010162590e-01,5.851363835900189603e-01
1.994750000000001036e-02,-5.850173765063865217e-01,-5.850162314126924334e-01,1.000001387330096803e+00,-5.850219730032809595e-01,2.000001849773434870e+00,-5.850226950592192221e-01,5.851327942632292833e-01
1.995001813706054686e-02,-5.850173746135032271e-01,-5.850151224231086022e-01,1.000002759687647957e+00,-5.850232769800797206e-01,2.000003679583475247e+00,-5.850240212939472606e-01,5.851316992719213239e-01
1.995254574741119405e-02,-5.850173727134978519e-01,-5.850152941826592956e-01,1.000003566758573381e+00,-5.850234848586861602e-01,2.000004755678026935e+00,-5.850232957635577158e-01,5.851325992034783763e-01
1.996349999999999861e-02,-5.850173644791829553e-01,-5.850197621658510538e-01,9.999990503250008045e-01,-5.850206361816616685e-01,1.999998733766686465e+00,-5.850211493362283965e-01,5.851373629764698991e-01
1.997000999999999984e-02,-5.850173606406205984e-01,-5.850236796821095542e-01,9.999942875423818434e-01,-5.850237243757152594e-01,1.999992383389955997e+00,-5.850241672433043050e-01,5.851412811845865258e-01
1.997355682226716403e-02,-5.850181385930740552e-01,-5.850245876247345267e-01,9.999923620255438683e-01,-5.850220343389012090e-01,1.999989816034210222e+00,-5.850212509520117399e-01,5.851417185945536614e-01
1.998450000000000226e-02,-5.850199050166683401e-01,-5.850227296206850225e-01,9.999928944689462362e-01,-5.850162476555103019e-01,1.999990525958736276e+00,-5.850161578057128109e-01,5.851390165093887097e-01
1.999550000000000632e-02,-5.850210070224792780e-01,-5.850221142537057606e-01,9.999967483618026343e-01,-5.850234660110812390e-01,1.999995664482468127e+00,-5.850246838041369690e-01,5.851400363058980592e-01
2.000650000000000345e-02,-5.850216900501766792e-01,-5.850249457369027795e-01,9.999906908263042071e-01,-5.850168941427167368e-01,1.999987587768590425e+00,-5.850149217811069224e-01,5.851415481158022125e-01
2.001750000000000751e-02,-5.850221133842270493e-01,-5.850199827176316703e-01,9.999966324940331441e-01,-5.850139991674058182e-01,1.999995509992110954e+00,-5.850148882437703479e-01,5.851365008439077808e-01
2.002850000000001157e-02,-5.850223757533313806e-01,-5.850150714412103437e-01,1.000002844824136705e+00,-5.850172662573931426e-01,2.000003793098791949e+00,-5.850172727954502383e-01,5.851316438515701268e-01
2.003925000000000844e-02,-5.850225354541768175e-01,-5.850236879936236978e-01,9.999954535000630251e-01,-5.850240829500760187e-01,1.999993938000174554e+00,-5.850246009325152929e-01,5.851418653871683917e-01
2.005000000000000185e-02,-5.850226354996829192e-01,-5.850241033060340490e-01,9.999921380082106293e-01,-5.850221520021358090e-01,1.999989517344437084e+00,-5.850220793396224694e-01,5.851409246850673984e-01
2.006010000000000432e-02,-5.850226951501424910e-01,-5.850186419799268123e-01,9.999981022997970204e-01,-5.850204657493106586e-01,1.999997469733100219e+00,-5.850203497655634965e-01,5.851351183624752261e-01
2.007029999999999925e-02,-5.850227338810128908e-01,-5.850182640045313853e-01,9.999998119405751895e-01,-5.850189604674449484e-01,1.999999749254104175e+00,-5.850186857350595515e-01,5.851353565526760114e-01
2.008070000000000341e-02,-5.850227591008926309e-01,-5.850210132503802507e-01,9.999967506228880643e-01,-5.850156473301498794e-01,1.999995667497248553e+00,-5.850152841947765525e-01,5.851377833359722169e-01
2.009149999999999825e-02,-5.850227756066667117e-01,-5.850145982659380461e-01,1.000004010613737337e+00,-5.850138396255887274e-01,2.000005347484903773e+00,-5.850147816580012483e-01,5.851322858406904359e-01
2.010250000000000231e-02,-5.850227860516163947e-01,-5.850248692896110603e-01,9.999928526892701841e-01,-5.850210965802091767e-01,1.999990470252502206e+00,-5.850213945361280032e-01,5.851422589836989818e-01
2.011350000000000637e-02,-5.850227925012048136e-01,-5.850290864290711434e-01,9.999873460405703796e-01,-5.850245663815925035e-01,1.999983128054344972e+00,-5.850242038088755425e-01,5.851466225897345996e-01
2.012450000000000350e-02,-5.850227964743635045e-01,-5.850309246456063539e-01,9.999829964499251655e-01,-5.850191389569253664e-01,1.999977328600238247e+00,-5.850186697367663058e-01,5.851473225225680697e-01
2.013550000000000756e-02,-5.850227989125664774e-01,-5.850249394804627467e-01,9.999905476254725700e-01,-5.850149022274651056e-01,1.999987396834151276e+00,-5.850143174563970927e-01,5.851415036086542454e-01
2.014650000000000468e-02,-5.850228003993624970e-01,-5.850271023875247556e-01,9.999904628160949382e-01,-5.850174879250646942e-01,1.999987283754982581e+00,-5.850182921774059741e-01,5.851449402009429868e-01
2.015750000000000874e-02,-5.850228012964523439e-01,-5.850239181949749012e-01,9.999905686022019236e-01,-5.850187578777242825e-01,1.999987424803123304e+00,-5.850188421884527923e-01,5.851398569087320478e-01
2.016850000000000587e-02,-5.850228018280264619e-01,-5.850252679214144047e-01,9.999924579056520546e-01,-5.850187286818933075e-01,1.999989943874352472e+00,-5.850183143478816516e-01,5.851429503865165360e-01
2.017925000000000274e-02,-5.850228021279229029e-01,-5.850300227766197514e-01,9.999859300612085056e-01,-5.850183306408685002e-01,1.999981240081890821e+00,-5.850184707104422177e-01,5.851473998487249917e-01
2.019000000000000308e-02,-5.850228022923570359e-01,-5.850308540568576188e-01,9.999841707399684809e-01,-5.850236130984070027e-01,1.999978894320272538e+00,-5.850242353513951388e-01,5.851478804542272760e-01
2.020010000000000555e-02,-5.850228023688561763e-01,-5.850332936226062541e-01,9.999816397548688673e-01,-5.850222642667899375e-01,1.999975519673523161e+00,-5.850219058515736537e-01,5.851504858837777157e-01
2.021030000000000049e-02,-5.850228023972671165e-01,-5.850277233841578717e-01,9.999867239985225087e-01,-5.850087969669657273e-01,1.999982298664960467e+00,-5.850080417871519334e-01,5.851441063078767213e-01
2.022070000000000464e-02,-5.850228023938309763e-01,-5.850215003050491802e-01,9.999946653568159149e-01,-5.850151082087101662e-01,1.999992887142527209e+00,-5.850155131603712588e-01,5.851383254712706483e-01
2.023149999999999948e-02,-5.850228023682716438e-01,-5.850234329404552236e-01,9.999935490381569592e-01,-5.850153106944073755e-01,1.999991398717670954e+00,-5.850154289560264287e-01,5.851403307668704423e-01
2.024250000000000355e-02,-5.850228023277815881e-01,-5.850223745856280022e-01,9.999951038036691831e-01,-5.850179134781412493e-01,1.999993471738322759e+00,-5.850178202239818548e-01,5.851398122903908039e-01
2.025350000000000067e-02,-5.850228022782193449e-01,-5.850265123836936310e-01,9.999897924970464480e-01,-5.850144463611633983e-01,1.999986389996264657e+00,-5.850142306721974883e-01,5.851435690897610620e-01
2.026450000000000473e-02,-5.850228022230340441e-01,-5.850254134662766781e-01,9.999901411274522145e-01,-5.850111308247153419e-01,1.999986854836798944e+00,-5.850104509767194427e-01,5.851420182449553753e-01
2.027550000000000879e-02,-5.850228021643627541e-01,-5.850224413285055602e-01,9.999943869437225574e-01,-5.850112638306920188e-01,1.999992515925075098e+00,-5.850121046053651241e-01,5.851393667646671570e-01
2.028650000000001286e-02,-5.850228021035307480e-01,-5.850207008275576381e-01,9.999962545665923574e-01,-5.850181001786249890e-01,1.999995006088864047e+00,-5.850185654772541710e-01,5.851374670309342774e-01
2.029750000000000304e-02,-5.850228020413598129e-01,-5.850216916294805891e-01,9.999961572963042000e-01,-5.850243480229537774e-01,1.999994876395148724e+00,-5.850248642343204297e-01,5.851390130007394497e-01
2.030850000000000710e-02,-5.850228019783592082e-01,-5.850215479479387026e-01,9.999953460329951138e-01,-5.850258755338145766e-01,1.999993794710752448e+00,-5.850259417185312838e-01,5.851383851618774390e-01
2.031925000000000398e-02,-5.850228019162929671e-01,-5.850256321331137599e-01,9.999917420713398952e-01,-5.850252292540084609e-01,1.999988989428617137e+00,-5.850249939406256816e-01,5.851431829149913444e-01
2.033000000000000432e-02,-5.850228018539189723e-01,-5.850256284912651594e-01,9.999904003866011415e-01,-5.850210350705624673e-01,1.999987200515658925e+00,-5.850207317660532924e-01,5.851425271375635395e-01
2.034009999999999985e-02,-5.850228017951384363e-01,-5.850215567341044975e-01,9.999947840332998883e-01,-5.850167340298756402e-01,1.999993045377836731e+00,-5.850163789174119833e-01,5.851382042763053626e-01
2.035030000000000172e-02,-5.850228017356647880e-01,-5.850251882593663355e-01,9.999919917946052950e-01,-5.850162477522097282e-01,1.999989322392966118e+00,-5.850160566152730057e-01,5.851422006639466211e-01
2.036070000000000588e-02,-5.850228016749515758e-01,-5.850138354246114947e-01,1.000003142260299960e+00,-5.850130790399948877e-01,2.000004189680337774e+00,-5.850130734235503560e-01,5.851306590528324580e-01
2.037000999999999742e-02,-5.850228016205614168e-01,-5.850209419732625982e-01,9.999982522576085220e-01,-5.850116433487021483e-01,1.999997669676846224e+00,-5.850111190188301835e-01,5.851388164584925278e-01
2.037002120999999860e-02,-5.850224394563200425e-01,-5.850209515319395592e-01,9.999982400876840094e-01,-5.850116375701617244e-01,1.999997653450280133e+00,-5.850111306744939510e-01,5.851384568508941619e-01
2.037003204999999345e-02,-5.850177364326212270e-01,-5.850209279286945341e-01,9.999982283743219513e-01,-5.850116320372744649e-01,1.999997637832464648e+00,-5.850111091431765553e-01,5.851337554292651566e-01
2.037517780999826070e-02,-5.850177325645525839e-01,-5.850177380697434426e-01,1.000000510497952799e+00,-5.850138009622383173e-01,2.000000680663927000e+00,-5.850152159845696254e-01,5.851349583787536224e-01
2.038650000000000184e-02,-5.850177240536580392e-01,-5.850198538401474302e-01,9.999980874255760543e-01,-5.850188311341730785e-01,1.999997449900805968e+00,-5.850185215358469915e-01,5.851369982637167899e-01
2.039750000000000590e-02,-5.850177157849537624e-01,-5.850191434370792809e-01,9.999982541296339456e-01,-5.850100501112239781e-01,1.999997672172880048e+00,-5.850089845924073551e-01,5.851359409041664295e-01
2.040850000000000997e-02,-5.850177075162499296e-01,-5.850165100434179255e-01,1.000001419862441843e+00,-5.850124522071629141e-01,2.000001893149894183e+00,-5.850132756786390331e-01,5.851332585614478221e-01
2.041925000000000684e-02,-5.850176994354712168e-01,-5.850076599017570711e-01,1.000010882946315682e+00,-5.850208358659512164e-01,2.000014510594871897e+00,-5.850217434006678152e-01,5.851236659287212261e-01
2.043000000000000024e-02,-5.850176913546923929e-01,-5.850214904734991617e-01,9.999993366141254336e-01,-5.850200605692519318e-01,1.999999115485513901e+00,-5.850193103171171805e-01,5.851402249904926745e-01
2.044010000000000271e-02,-5.850176837625186144e-01,-5.850252433285021425e-01,9.999915499609228764e-01,-5.850200150581015279e-01,1.999988733281398368e+00,-5.850203725429975465e-01,5.851423599477135751e-01
2.045030000000000459e-02,-5.850176760951747434e-01,-5.850161348899299840e-01,1.000000393298215551e+00,-5.850239208376175615e-01,2.000000524397612889e+00,-5.850243816001099439e-01,5.851324553846760645e-01
2.046070000000000180e-02,-5.850176682774906878e-01,-5.850178978194661150e-01,1.000000745084385079e+00,-5.850250995705644774e-01,2.000000993445831821e+00,-5.850246904474460941e-01,5.851351197370957546e-01
2.047150000000000358e-02,-5.850176601591270398e-01,-5.850190761798950145e-01,9.999983862244927746e-01,-5.850182028943797796e-01,1.999997848299355674e+00,-5.850176519802318120e-01,5.851354160826957029e-01
2.048250000000000071e-02,-5.850176518904236511e-01,-5.850134562800013427e-01,1.000007060790984559e+00,-5.850175747304138252e-01,2.000009414387839524e+00,-5.850187375616082708e-01,5.851319034424430354e-01
2.049350000000000477e-02,-5.850176436217202625e-01,-5.850252592043391209e-01,9.999906071484245818e-01,-5.850181746428392282e-01,1.999987476198086034e+00,-5.850170075126432945e-01,5.851416175345197646e-01
2.050450000000000189e-02,-5.850176353530165407e-01,-5.850174697190433371e-01,9.999992348365184247e-01,-5.850163056194354061e-01,1.999998979782039443e+00,-5.850170174352878893e-01,5.851337356332635409e-01
2.051550000000000595e-02,-5.850176270843130411e-01,-5.850119693425764877e-01,1.000007209169433198e+00,-5.850186105728025776e-01,2.000009612225767786e+00,-5.850179711487816236e-01,5.851288132648609919e-01
2.052650000000000308e-02,-5.850176188156090973e-01,-5.850141577746907906e-01,1.000005989249734162e+00,-5.850118854401554769e-01,2.000007985666192756e+00,-5.850112130641631492e-01,5.851317149790360439e-01
2.053750000000000714e-02,-5.850176105469050425e-01,-5.850157576597804221e-01,1.000002607816925515e+00,-5.850139645700893620e-01,2.000003477089182358e+00,-5.850149206442076810e-01,5.851326230729215760e-01
2.054850000000001120e-02,-5.850176022782016538e-01,-5.850086454602618780e-01,1.000009892181958238e+00,-5.850220277796293056e-01,2.000013189575748029e+00,-5.850227994998424830e-01,5.851247633221476896e-01
2.055925000000000807e-02,-5.850175941974232741e-01,-5.850107887688588137e-01,1.000010141244688233e+00,-5.850161236994888547e-01,2.000013521659382842e+00,-5.850149036660038382e-01,5.851283184779488833e-01
2.057000000000000148e-02,-5.850175861166444502e-01,-5.850227123331736001e-01,9.999967709681558681e-01,-5.850185634150083525e-01,1.999995694624272291e+00,-5.850189482324923418e-01,5.851409391286533923e-01
2.058010000000000395e-02,-5.850175785244705606e-01,-5.850217303875940855e-01,9.999949675976588237e-01,-5.850179489552377321e-01,1.999993290130311685e+00,-5.850180742269710521e-01,5.851385377435400770e-01
2.059029999999999888e-02,-5.850175708571261346e-01,-5.850238560045065705e-01,9.999932801760361700e-01,-5.850174371944970586e-01,1.999991040234848638e+00,-5.850172039887449049e-01,5.851407330438332943e-01
2.060070000000000304e-02,-5.850175630394416348e-01,-5.850123634791613014e-01,1.000004958894880946e+00,-5.850125628217905938e-01,2.000006611859742378e+00,-5.850126942109096229e-01,5.851291568087468864e-01
2.061150000000000482e-02,-5.850175549210778758e-01,-5.850198156699367713e-01,9.999992000275523818e-01,-5.850156101873060788e-01,1.999998933370085830e+00,-5.850158424845561811e-01,5.851372603288369501e-01
2.062250000000000888e-02,-5.850175466523741541e-01,-5.850230866783683314e-01,9.999940285249099281e-01,-5.850188492190935285e-01,1.999992038033331809e+00,-5.850184472714357042e-01,5.851400976268871235e-01
2.063350000000000600e-02,-5.850175383836702103e-01,-5.850240546015227361e-01,9.999932875419044187e-01,-5.850161315440103316e-01,1.999991050056005637e+00,-5.850162023189788840e-01,5.851414860777581772e-01
2.064450000000000313e-02,-5.850175301149662666e-01,-5.850240494062847185e-01,9.999909286750631177e-01,-5.850162968330785418e-01,1.999987904900264457e+00,-5.850166021736542543e-01,5.851401323670166743e-01
2.065550000000000719e-02,-5.850175218462624338e-01,-5.850180239401540083e-01,9.999999904590128885e-01,-5.850185137549235304e-01,1.999999987278683999e+00,-5.850180468388955779e-01,5.851350302118777380e-01
2.066650000000000431e-02,-5.850175135775589341e-01,-5.850176299273880387e-01,1.000000401089481183e+00,-5.850170484169499030e-01,2.000000534785966622e+00,-5.850173602790882388e-01,5.851345572225283842e-01
2.067750000000000837e-02,-5.850175053088551014e-01,-5.850181040397349763e-01,1.000000223650373998e+00,-5.850162027245462415e-01,2.000000298200494075e+00,-5.850158109660185124e-01,5.851352333424094665e-01
2.068850000000000550e-02,-5.850174970401513797e-01,-5.850221337841374769e-01,9.999959491564005543e-01,-5.850200033105020792e-01,1.999994598875281193e+00,-5.850206238976614070e-01,5.851396168025031486e-01
2.069925000000000931e-02,-5.850174889593728889e-01,-5.850181347887006833e-01,9.999986290554084833e-01,-5.850189561839360675e-01,1.999998172073905511e+00,-5.850188531368587519e-01,5.851345087242094678e-01
2.071000000000000965e-02,-5.850174808785940650e-01,-5.850186107117660850e-01,9.999996987797162840e-01,-5.850148274967178486e-01,1.999999598372961040e+00,-5.850142443150492255e-01,5.851357897253685048e-01
2.072009999999999824e-02,-5.850174732864207305e-01,-5.850148152766133647e-01,1.000003160360956711e+00,-5.850187721226270954e-01,2.000004213814546183e+00,-5.850193734699871140e-01,5.851314866778353219e-01
2.073030000000000012e-02,-5.850174656190764155e-01,-5.850211447092150685e-01,9.999976556932405058e-01,-5.850254292879570883e-01,1.999996874257700785e+00,-5.850255492143849878e-01,5.851386870070679480e-01
2.074070000000000427e-02,-5.850174578013923599e-01,-5.850215642860139287e-01,9.999956364053094182e-01,-5.850171634421589273e-01,1.999994181873832488e+00,-5.850165017962449809e-01,5.851385377710022206e-01
2.075000489062499981e-02,-5.850174508069042600e-01,-5.850211219832915921e-01,9.999961152885177285e-01,-5.850119541898223252e-01,1.999994820384767502e+00,-5.850114163680232293e-01,5.851380774353419634e-01
2.075078322226639113e-02,-5.850174502218316031e-01,-5.850211211037184000e-01,9.999961580485011714e-01,-5.850118296277958541e-01,1.999994877398077797e+00,-5.850115332144062430e-01,5.851381623264453324e-01
2.076149999999999871e-02,-5.850174421660262469e-01,-5.850214164151187335e-01,9.999953009615547561e-01,-5.850130188143845000e-01,1.999993734615499674e+00,-5.850130134028385109e-01,5.851376441660058880e-01
2.077249999999999583e-02,-5.850174338973225252e-01,-5.850134195913050394e-01,1.000006035300066376e+00,-5.850181224492128074e-01,2.000008047066635264e+00,-5.850192209087139439e-01,5.851311421844180849e-01
2.078350000000000683e-02,-5.850174256286189145e-01,-5.850194918705697855e-01,9.999979375882307453e-01,-5.850201489816651002e-01,1.999997250117682146e+00,-5.850196786405901239e-01,5.851361219253944368e-01
2.079450000000000395e-02,-5.850174173599151928e-01,-5.850142035570670140e-01,1.000003508712249634e+00,-5.850156791336910134e-01,2.000004678282929937e+00,-5.850149790249540294e-01,5.851305540807070216e-01
2.080550000000000802e-02,-5.850174090912116931e-01,-5.850144104266177258e-01,1.000006452073607832e+00,-5.850194095475593770e-01,2.000008602764681953e+00,-5.850208812450656826e-01,5.851323985968561736e-01
2.081650000000000514e-02,-5.850174008225081934e-01,-5.850196438715632441e-01,9.999980185079180295e-01,-5.850211983467472621e-01,1.999997358010596749e+00,-5.850206334520999807e-01,5.851366116352302305e-01
2.082750000000000226e-02,-5.850173925538044717e-01,-5.850195602460991351e-01,9.999981831792582598e-01,-5.850196817808439587e-01,1.999997577572380614e+00,-5.850198820935544886e-01,5.851365767945033713e-01
2.083850000000000632e-02,-5.850173842851007500e-01,-5.850185160374842264e-01,9.999991556907934509e-01,-5.850184949086966180e-01,1.999998874254408143e+00,-5.850182510245769407e-01,5.851353746294321034e-01
2.084924999999999973e-02,-5.850173762043218151e-01,-5.850197550218920739e-01,9.999983165362701376e-01,-5.850185147919994000e-01,1.999997755381726972e+00,-5.850184994087131995e-01,5.851369531075529817e-01
2.085999999999999660e-02,-5.850173681235435463e-01,-5.850157569670295654e-01,1.000001886017881647e+00,-5.850187982395732567e-01,2.000002514690471855e+00,-5.850189475802389794e-01,5.851322781601361323e-01
2.087010000000000601e-02,-5.850173605313698788e-01,-5.850124723748668654e-01,1.000006338289588959e+00,-5.850191032412310754e-01,2.000008451052659453e+00,-5.850191193665567058e-01,5.851293035053671820e-01
2.088030000000000094e-02,-5.850173528640255638e-01,-5.850233462002558671e-01,9.999958558682916498e-01,-5.850219222419219545e-01,1.999994474491137542e+00,-5.850221286262670128e-01,5.851410585460778968e-01
2.089069999999999816e-02,-5.850173450463413971e-01,-5.850169703004651778e-01,9.999997872478664229e-01,-5.850235851345484406e-01,1.999999716330493005e+00,-5.850232974015708853e-01,5.851331371374106638e-01
2.090149999999999994e-02,-5.850173369279780822e-01,-5.850083986197418540e-01,1.000011373376529011e+00,-5.850120966375136344e-01,2.000015164501812492e+00,-5.850122673965982845e-01,5.851259128015738886e-01
2.091249999999999706e-02,-5.850173286592745825e-01,-5.850158146119047720e-01,1.000002997108013325e+00,-5.850166260139448848e-01,2.000003996143958407e+00,-5.850168736271325054e-01,5.851324806928158706e-01
2.092350000000000113e-02,-5.850173203905705277e-01,-5.850111618548053949e-01,1.000007696198402574e+00,-5.850212069299979278e-01,2.000010261597716887e+00,-5.850208054584543627e-01,5.851277317033665160e-01
2.093449999999999825e-02,-5.850173121218665839e-01,-5.850106282895971566e-01,1.000010606038286953e+00,-5.850180837960355928e-01,2.000014141384171662e+00,-5.850181736668058630e-01,5.851283923209216198e-01
2.094550000000000231e-02,-5.850173038531626402e-01,-5.850165385570359478e-01,1.000002381496593484e+00,-5.850202330478643242e-01,2.000003175328743943e+00,-5.850210042764156793e-01,5.851337450315756694e-01
2.095650000000001331e-02,-5.850172955844588074e-01,-5.850182098109688589e-01,1.000000050441907540e+00,-5.850177838361534377e-01,2.000000067255875980e+00,-5.850165366062272110e-01,5.851353154841028026e-01
2.096750000000001043e-02,-5.850172873157546416e-01,-5.850244187617137381e-01,9.999939401905409975e-01,-5.850161683906009991e-01,1.999991920254174937e+00,-5.850164894966622953e-01,5.851423080132378551e-01
2.097850000000000756e-02,-5.850172790470506978e-01,-5.850223701865434611e-01,9.999932584543653746e-01,-5.850182940983510438e-01,1.999991011272621133e+00,-5.850187367909319702e-01,5.851386889411653858e-01
2.098925000000000096e-02,-5.850172709662722070e-01,-5.850116779352927399e-01,1.000005698448760194e+00,-5.850183190019133672e-01,2.000007597931567016e+00,-5.850182818632972959e-01,5.851275920646223927e-01
2.099999999999999784e-02,-5.850172628854939383e-01,-5.850188047028782590e-01,1.000001169614748386e+00,-5.850175260182751691e-01,2.000001559486307645e+00,-5.850170582291893684e-01,5.851368118514843619e-01
2.101010000000000030e-02,-5.850172552933198267e-01,-5.850102170715621996e-01,1.000007601405455304e+00,-5.850220030571343655e-01,2.000010135207122897e+00,-5.850228337939180623e-01,5.851263196526607091e-01
2.102029999999999524e-02,-5.850172476259757337e-01,-5.850153943815232793e-01,1.000004687054761421e+00,-5.850113530759281089e-01,2.000006249406255154e+00,-5.850099565284226921e-01,5.851329942831346997e-01
2.103069999999999939e-02,-5.850172398082916780e-01,-5.850196434818007996e-01,9.999986906142607213e-01,-5.850108361669731361e-01,1.999998254152373756e+00,-5.850105954013854470e-01,5.851365709432667650e-01
2.104150000000000811e-02,-5.850172316899275859e-01,-5.850147464546486820e-01,1.000003577459904314e+00,-5.850107219868648789e-01,2.000004769946467587e+00,-5.850114044697208859e-01,5.851318628422794710e-01
2.105250000000000524e-02,-5.850172234212234201e-01,-5.850168789422637294e-01,1.000001363045207592e+00,-5.850174731453169352e-01,2.000001817393583181e+00,-5.850174100111161790e-01,5.851336348404333476e-01
2.106350000000000236e-02,-5.850172151525196984e-01,-5.850147490838722986e-01,1.000004192746302145e+00,-5.850156889122372084e-01,2.000005590328319816e+00,-5.850152871214217010e-01,5.851318519446303545e-01
2.107449999999999948e-02,-5.850172068838155326e-01,-5.850152490293976104e-01,1.000003370849894324e+00,-5.850172140315682556e-01,2.000004494466459004e+00,-5.850188963885349924e-01,5.851321653968446501e-01
2.108550000000000355e-02,-5.850171986151125880e-01,-5.850147016273589129e-01,1.000004195984772748e+00,-5.850215037950577956e-01,2.000005594646280471e+00,-5.850202728816178421e-01,5.851317097229522535e-01
2.109650000000000067e-02,-5.850171903464096435e-01,-5.850157376045899138e-01,1.000003278110418004e+00,-5.850160981098891932e-01,2.000004370813825538e+00,-5.850164154052582832e-01,5.851329235702958931e-01
2.110750000000000473e-02,-5.850171820777065879e-01,-5.850165301948736518e-01,1.000001915367900285e+00,-5.850151177530908964e-01,2.000002553823829299e+00,-5.850146728741332236e-01,5.851335288585904904e-01
2.111850000000000185e-02,-5.850171738090031992e-01,-5.850182867920035168e-01,1.000000227422338961e+00,-5.850181636721309975e-01,2.000000303229780840e+00,-5.850187595584288580e-01,5.851355268193370041e-01
2.112925000000000914e-02,-5.850171657282250415e-01,-5.850206021096412412e-01,9.999972963543121152e-01,-5.850212272887450604e-01,1.999996395139136629e+00,-5.850215930557917110e-01,5.851378152506712116e-01
2.114000000000000601e-02,-5.850171576474474389e-01,-5.850180616880209516e-01,9.999993519858808577e-01,-5.850214823143290443e-01,1.999999135981187282e+00,-5.850216599742601442e-01,5.851347424053240376e-01
2.115000100000000161e-02,-5.850171501296930199e-01,-5.850208878853274674e-01,9.999972315246031807e-01,-5.850193189224083268e-01,1.999996308699525827e+00,-5.850189373245076041e-01,5.851382409296391751e-01
2.115002260811523274e-02,-5.850171501134502350e-01,-5.850208951980653271e-01,9.999972221581222565e-01,-5.850193108417292009e-01,1.999996296210884816e+00,-5.850189220925358091e-01,5.851382274769096892e-01
2.115654574741119773e-02,-5.850171452100051406e-01,-5.850177844116528636e-01,9.999991130400787132e-01,-5.850135673525206359e-01,1.999998817386789307e+00,-5.850128037693962391e-01,5.851341663162128448e-01
2.116750000000000229e-02,-5.850171369756900219e-01,-5.850218315392904378e-01,9.999974792789575462e-01,-5.850209537068792320e-01,1.999996639038660096e+00,-5.850222269851623746e-01,5.851398843772612768e-01
2.117001566601562842e-02,-5.850171384687097298e-01,-5.850244696885684714e-01,9.999942271741623090e-01,-5.850240749665437390e-01,1.999992302898997876e+00,-5.850252723661234500e-01,5.851425028069352496e-01
2.117755682226716771e-02,-5.850192856744550474e-01,-5.850241325462400832e-01,9.999920195901064179e-01,-5.850212145353851367e-01,1.999989359453633986e+00,-5.850208457304487686e-01,5.851408907303694562e-01
2.118850000000000594e-02,-5.850213806324878751e-01,-5.850262441196558694e-01,9.999906460233277672e-01,-5.850182081658753530e-01,1.999987528031289541e+00,-5.850178223649432629e-01,5.851436238600302708e-01
2.119925000000000281e-02,-5.850226643072118371e-01,-5.850243542554374176e-01,9.999914729233191357e-01,-5.850173057912850805e-01,1.999988630564594860e+00,-5.850174452523140278e-01,5.851409991988461012e-01
2.121000000000000316e-02,-5.850234686378443794e-01,-5.850187622629808848e-01,9.999979893291356392e-01,-5.850199831077449453e-01,1.999997319105554006e+00,-5.850202841812904841e-01,5.851352016237409970e-01
2.122010000000000562e-02,-5.850239483584260825e-01,-5.850231688201131819e-01,9.999947918564993099e-01,-5.850201508674333084e-01,1.999993055808769293e+00,-5.850198628227697428e-01,5.851407204791609917e-01
2.123030000000000056e-02,-5.850242599895124629e-01,-5.850294845918784237e-01,9.999870404996294981e-01,-5.850103031194107128e-01,1.999982720666429792e+00,-5.850093914385835481e-01,5.851466405907398416e-01
2.124070000000000472e-02,-5.850244630649743538e-01,-5.850183725819283476e-01,9.999975771837382732e-01,-5.850045568552079134e-01,1.999996769578366029e+00,-5.850049686003945260e-01,5.851353556978443615e-01
2.125149999999999956e-02,-5.850245961371031145e-01,-5.850288969083223822e-01,9.999879534341417076e-01,-5.850122163282612808e-01,1.999983937912428011e+00,-5.850123502586146440e-01,5.851458800350644029e-01
2.126250000000000362e-02,-5.850246805173641151e-01,-5.850268005886710698e-01,9.999895841740963354e-01,-5.850178143710575984e-01,1.999986112232335023e+00,-5.850186420147358568e-01,5.851443015478547949e-01
2.127350000000000074e-02,-5.850247327940021336e-01,-5.850287494374684094e-01,9.999851983030205727e-01,-5.850195353157082723e-01,1.999980264404321417e+00,-5.850184671134068815e-01,5.851447133963694203e-01
2.128450000000000480e-02,-5.850247651719705511e-01,-5.850201731051307696e-01,9.999969022325200241e-01,-5.850127361894343903e-01,1.999995869643421464e+00,-5.850121101701677429e-01,5.851370224365024519e-01
2.129550000000000887e-02,-5.850247852162200335e-01,-5.850214385918580673e-01,9.999967911702861700e-01,-5.850133133542285702e-01,1.999995721560445361e+00,-5.850144554733796021e-01,5.851389367868882196e-01
2.130650000000001293e-02,-5.850247976157069152e-01,-5.850213411630629246e-01,9.999949247277630793e-01,-5.850225268777109466e-01,1.999993232970451507e+00,-5.850233313734104490e-01,5.851378335465222680e-01
2.131750000000001005e-02,-5.850248052767684781e-01,-5.850223038955069121e-01,9.999957733053462805e-01,-5.850213563400300520e-01,1.999994364407212233e+00,-5.850203701459236738e-01,5.851398109277532456e-01
2.132850000000000718e-02,-5.850248100008309526e-01,-5.850254013498422667e-01,9.999912732476085031e-01,-5.850216525623626040e-01,1.999988364330318014e+00,-5.850222282834065535e-01,5.851425847983545703e-01
2.133925000000000405e-02,-5.850248128530221026e-01,-5.850283775807755271e-01,9.999878389676940538e-01,-5.850157993030112857e-01,1.999983785290500471e+00,-5.850148901233870324e-01,5.851456899248418386e-01
2.135000000000000439e-02,-5.850248146167292829e-01,-5.850253649490411156e-01,9.999901319393194044e-01,-5.850149463226471669e-01,1.999986842585955271e+00,-5.850151536978722699e-01,5.851419756480112921e-01
2.136009999999999992e-02,-5.850248156471137273e-01,-5.850310160223145539e-01,9.999852858289466351e-01,-5.850164447987619143e-01,1.999980381105554539e+00,-5.850164557574756286e-01,5.851485387415746864e-01
2.137030000000000179e-02,-5.850248162952194075e-01,-5.850225787942433531e-01,9.999924318354409536e-01,-5.850203725706141222e-01,1.999989909114071596e+00,-5.850208892720865084e-01,5.851388267320116743e-01
2.138070000000000595e-02,-5.850248166956530937e-01,-5.850207882292237649e-01,9.999964532832484876e-01,-5.850204336829983864e-01,1.999995271044401779e+00,-5.850198618663616790e-01,5.851378191087255320e-01
2.139150000000000773e-02,-5.850248169347905813e-01,-5.850224906226599852e-01,9.999949010269097993e-01,-5.850112056606051603e-01,1.999993201369314244e+00,-5.850113916349736209e-01,5.851397053148843508e-01
2.140249999999999792e-02,-5.850248170621910049e-01,-5.850253296881104959e-01,9.999917789212138253e-01,-5.850158572018401282e-01,1.999989038561781785e+00,-5.850160556267043344e-01,5.851427993877068578e-01
2.141350000000000198e-02,-5.850248171166914091e-01,-5.850276044490448912e-01,9.999871925523937666e-01,-5.850163070861609249e-01,1.999982923403446078e+00,-5.850162066716464437e-01,5.851439242710954058e-01
2.142450000000000604e-02,-5.850248171260066243e-01,-5.850263675891947956e-01,9.999917301227145838e-01,-5.850220279115802002e-01,1.999988973497117017e+00,-5.850229660189091296e-01,5.851445221971079969e-01
2.143550000000000316e-02,-5.850248171073152426e-01,-5.850334858223784629e-01,9.999807773061976102e-01,-5.850223974233740298e-01,1.999974369741978730e+00,-5.850218275401549706e-01,5.851504002672937022e-01
2.144650000000000722e-02,-5.850248170712633033e-01,-5.850297980116935248e-01,9.999842681601841532e-01,-5.850173463713618238e-01,1.999979024213891288e+00,-5.850169762071250057e-01,5.851462289108148029e-01
2.145750000000000435e-02,-5.850248170244523038e-01,-5.850253512018480651e-01,9.999903675210239928e-01,-5.850199316575490638e-01,1.999987156694889912e+00,-5.850205073902027264e-01,5.851420703729470763e-01
2.146850000000000841e-02,-5.850248169709716395e-01,-5.850241474951665133e-01,9.999924014236872827e-01,-5.850176663392414600e-01,1.999989868565067219e+00,-5.850170466152337934e-01,5.851411251839863104e-01
2.147925000000001222e-02,-5.850248169146997634e-01,-5.850266146690686897e-01,9.999900293748720248e-01,-5.850213033043332178e-01,1.999986705833360690e+00,-5.850218688989065052e-01,5.851439272453434759e-01
2.148999999999999869e-02,-5.850248168559570860e-01,-5.850204529924699637e-01,9.999955099495874133e-01,-5.850189177645320759e-01,1.999994013266205739e+00,-5.850187309167195204e-01,5.851367127380755484e-01
2.150010000000000115e-02,-5.850248167993431503e-01,-5.850214787320132670e-01,9.999961842672815404e-01,-5.850174570615502834e-01,1.999994912356451326e+00,-5.850172575698160404e-01,5.851387657301155842e-01
2.151030000000000303e-02,-5.850248167412761546e-01,-5.850325128227008564e-01,9.999844330536963311e-01,-5.850260423245753350e-01,1.999979244071904416e+00,-5.850263922665710492e-01,5.851503734060233830e-01
2.152070000000000025e-02,-5.850248166814797646e-01,-5.850323768747447417e-01,9.999817752611455113e-01,-5.850174738147920772e-01,1.999975700348556096e+00,-5.850172505567858838e-01,5.851486026139707253e-01
2.153150000000000203e-02,-5.850248166189836452e-01,-5.850187709300369576e-01,9.999976549831395278e-01,-5.850214659411180351e-01,1.999996873310899259e+00,-5.850218505659103840e-01,5.851360868956735350e-01
2.154249999999999915e-02,-5.850248165550648860e-01,-5.850246821408621178e-01,9.999915628056814665e-01,-5.850184159429023811e-01,1.999988750407742932e+00,-5.850179736443908984e-01,5.851410966937604652e-01
2.155350000000000321e-02,-5.850248164909807036e-01,-5.850223868470560973e-01,9.999966363310753836e-01,-5.850196303914390050e-01,1.999995515108167421e+00,-5.850199018917283666e-01,5.851407280181830650e-01
2.156450000000000727e-02,-5.850248164267937145e-01,-5.850272596794623414e-01,9.999859682458233090e-01,-5.850182602021527511e-01,1.999981290994709893e+00,-5.850188199632989638e-01,5.851427317325167410e-01
2.157001403281249424e-02,-5.850248163945931390e-01,-5.850187003804181440e-01,9.999960096774846985e-01,-5.850240463769829091e-01,1.999994679570058942e+00,-5.850252596497889090e-01,5.851341809543205708e-01
2.157002540999999191e-02,-5.850225673985133268e-01,-5.850186776600866390e-01,9.999960316240043001e-01,-5.850240600357310417e-01,1.999994708832084633e+00,-5.850252440993526371e-01,5.851319409938827709e-01
2.157004884999996763e-02,-5.850202406041118408e-01,-5.850185431299411709e-01,9.999960773425120575e-01,-5.850240861294652150e-01,1.999994769790094162e+00,-5.850251247457899373e-01,5.851296332764286401e-01
2.157908890499913440e-02,-5.850202338086994969e-01,-5.850193269363682669e-01,1.000000145127558415e+00,-5.850216986530768493e-01,2.000000193503407964e+00,-5.850208424410162644e-01,5.851371632421966673e-01
2.159000000000000155e-02,-5.850202256068249840e-01,-5.850256231399862950e-01,9.999917090193285452e-01,-5.850189421702526316e-01,1.999988945359269410e+00,-5.850188774729313534e-01,5.851431510692425286e-01
2.160010000000000402e-02,-5.850202180146510944e-01,-5.850219523409097011e-01,9.999942451362374696e-01,-5.850171908102635987e-01,1.999992326848430979e+00,-5.850172884819173635e-01,5.851386088324931345e-01
2.161029999999999895e-02,-5.850202103473064463e-01,-5.850287987722828653e-01,9.999881974516269256e-01,-5.850292742758718134e-01,1.999984263269070306e+00,-5.850297249390297161e-01,5.851459795086368931e-01
2.162070000000000311e-02,-5.850202025296212804e-01,-5.850141491564184726e-01,1.000001979995427170e+00,-5.850160327210435218e-01,2.000002639993863518e+00,-5.850160291242590960e-01,5.851305756782860801e-01
2.163150000000000489e-02,-5.850201944112572994e-01,-5.850178226129112424e-01,1.000001090049381647e+00,-5.850226345806317507e-01,2.000001453399154361e+00,-5.850214531907275139e-01,5.851350970891417980e-01
2.164250000000000895e-02,-5.850201861425530225e-01,-5.850193323487399288e-01,9.999981109857225547e-01,-5.850086015842992371e-01,1.999997481314334191e+00,-5.850087199732643128e-01,5.851359751347755545e-01
2.165350000000000608e-02,-5.850201778738486347e-01,-5.850170830491610019e-01,1.000001810693549320e+00,-5.850147426867106093e-01,2.000002414258029937e+00,-5.850156945428142130e-01,5.851345193908182862e-01
2.166450000000000320e-02,-5.850201696051438027e-01,-5.850210524798655776e-01,9.999967124661268691e-01,-5.850192722994692618e-01,1.999995616621567773e+00,-5.850190360205015372e-01,5.851382283933391770e-01
2.167550000000000726e-02,-5.850201613364388598e-01,-5.850197145754053585e-01,9.999969094648184509e-01,-5.850194555465112467e-01,1.999995879286486034e+00,-5.850199051865884181e-01,5.851361782188480021e-01
2.168650000000000438e-02,-5.850201530677343609e-01,-5.850225957709134228e-01,9.999965276726119345e-01,-5.850188610493040064e-01,1.999995370230218228e+00,-5.850178954633823425e-01,5.851406642679681802e-01
2.169750000000000845e-02,-5.850201447990303061e-01,-5.850185694435192651e-01,9.999966215859251717e-01,-5.850167448027943085e-01,1.999995495447967286e+00,-5.850176559096786910e-01,5.851342172343318992e-01
2.170850000000000557e-02,-5.850201365303255852e-01,-5.850175908882346842e-01,1.000001631326248752e+00,-5.850203429028103530e-01,2.000002175101632584e+00,-5.850199975838502597e-01,5.851350966798911646e-01
2.171925000000000938e-02,-5.850201284495459841e-01,-5.850210861320329636e-01,9.999968250354865917e-01,-5.850221195128397778e-01,1.999995766714045331e+00,-5.850224881846298741e-01,5.851383618032326428e-01
2.173000000000000972e-02,-5.850201203687667162e-01,-5.850135564675471578e-01,1.000003777103599001e+00,-5.850124333669383114e-01,2.000005036138056802e+00,-5.850114928797380820e-01,5.851296697999004426e-01
2.174009999999999831e-02,-5.850201127765923825e-01,-5.850215608522563171e-01,9.999976814148053839e-01,-5.850240500123108367e-01,1.999996908553119734e+00,-5.850249529265316717e-01,5.851394301258210362e-01
2.175030000000000019e-02,-5.850201051092475124e-01,-5.850199626205029313e-01,9.999971296772793838e-01,-5.850185440135869941e-01,1.999996172903096392e+00,-5.850181827343411411e-01,5.851368438321720156e-01
2.176070000000000434e-02,-5.850200972915627906e-01,-5.850225738847586454e-01,9.999948900354576065e-01,-5.850182756426911546e-01,1.999993186714044802e+00,-5.850182244146671096e-01,5.851395223472561913e-01
2.177149999999999919e-02,-5.850200891731994757e-01,-5.850186917575804779e-01,9.999985883582536150e-01,-5.850180233917994244e-01,1.999998117811032872e+00,-5.850172478710911061e-01,5.851355160832880653e-01
2.178250000000000325e-02,-5.850200809044955319e-01,-5.850169107966295412e-01,1.000000859259323693e+00,-5.850092283187351416e-01,2.000001145679081382e+00,-5.850099522150031817e-01,5.851335404496615933e-01
2.179350000000000037e-02,-5.850200726357907000e-01,-5.850148260871471662e-01,1.000004675521711350e+00,-5.850190246689298545e-01,2.000006234028855800e+00,-5.850197348922596685e-01,5.851322954369493345e-01
2.180450000000000443e-02,-5.850200643670855349e-01,-5.850184392667774347e-01,9.999996408041080809e-01,-5.850253486750875975e-01,1.999999521072151287e+00,-5.850261996076163706e-01,5.851354423305755725e-01
2.181550000000000850e-02,-5.850200560983819242e-01,-5.850170701137102913e-01,1.000000660503541416e+00,-5.850255937323567412e-01,2.000000880671374937e+00,-5.850243528930026971e-01,5.851337758448666992e-01
2.182650000000001256e-02,-5.850200478296777584e-01,-5.850179373984728537e-01,1.000001087109428921e+00,-5.850187625543168402e-01,2.000001449479217097e+00,-5.850185775262782828e-01,5.851353961872793885e-01
2.183750000000000274e-02,-5.850200395609733706e-01,-5.850201641820111931e-01,9.999974710319169402e-01,-5.850176717984080232e-01,1.999996628042606250e+00,-5.850177483770345743e-01,5.851371954655268937e-01
2.184850000000000680e-02,-5.850200312922687607e-01,-5.850206048991397623e-01,9.999969553896754793e-01,-5.850243334165214915e-01,1.999995940519627924e+00,-5.850251774555363937e-01,5.851376551056467479e-01
2.185925000000000368e-02,-5.850200232114893817e-01,-5.850222050550838437e-01,9.999952444391444484e-01,-5.850123434521081744e-01,1.999993659252287115e+00,-5.850106090217845889e-01,5.851393894830867470e-01
2.187000000000000402e-02,-5.850200151307105578e-01,-5.850167989044159356e-01,1.000000273768548276e+00,-5.850159371507297479e-01,2.000000365024725557e+00,-5.850168195408907978e-01,5.851331666052770331e-01
2.188009999999999955e-02,-5.850200075385361131e-01,-5.850173967105677386e-01,1.000001129671779898e+00,-5.850159777449156495e-01,2.000001506229017068e+00,-5.850158052543437126e-01,5.851345863205676956e-01
2.189030000000000142e-02,-5.850199998711917981e-01,-5.850239707936221167e-01,9.999940848606673205e-01,-5.850198622135809323e-01,1.999992113147674111e+00,-5.850199454241730157e-01,5.851414863607116157e-01
2.190070000000000558e-02,-5.850199920535071874e-01,-5.850240948180067679e-01,9.999923647791452153e-01,-5.850134746030491995e-01,1.999989819705678684e+00,-5.850133435745382693e-01,5.851408496745809096e-01
2.191150000000000042e-02,-5.850199839351434283e-01,-5.850193749750353112e-01,9.999975039973871827e-01,-5.850167176558224158e-01,1.999996671996566056e+00,-5.850169029194524084e-01,5.851360020715929977e-01
2.192250000000000448e-02,-5.850199756664389295e-01,-5.850169410318176721e-01,1.000001862179968448e+00,-5.850190290643320079e-01,2.000002482906587886e+00,-5.850199140905790740e-01,5.851344635354487345e-01
2.193350000000000161e-02,-5.850199673977349857e-01,-5.850204245057969432e-01,9.999964084852450696e-01,-5.850251513955215810e-01,1.999995211313731369e+00,-5.850254635593212793e-01,5.851368955364316671e-01
2.194450000000000567e-02,-5.850199591290308199e-01,-5.850171944503160804e-01,1.000001482883092541e+00,-5.850284601195154810e-01,2.000001977177427115e+00,-5.850280083694928690e-01,5.851344590482797647e-01
2.195001037773437400e-02,-5.850199549868780879e-01,-5.850186628574420844e-01,9.999998251314529130e-01,-5.850251797594034908e-01,1.999999766841940696e+00,-5.850245311735781106e-01,5.851359301737296681e-01
2.195455682226716415e-02,-5.850199515693148555e-01,-5.850184757206281505e-01,9.999993202893020516e-01,-5.850220228237755782e-01,1.999999093719082799e+00,-5.850214982077667214e-01,5.851353560971321865e-01
2.196550000000000238e-02,-5.850199433433237450e-01,-5.850185595460978272e-01,9.999997819785049202e-01,-5.850222335030688114e-01,1.999999709304677520e+00,-5.850230563690742569e-01,5.851357609447209729e-01
2.197650000000001339e-02,-5.850199350746191351e-01,-5.850200593888579270e-01,9.999976966637246223e-01,-5.850221291396437984e-01,1.999996928885011904e+00,-5.850214411760171762e-01,5.851371378540605184e-01
2.198750000000001051e-02,-5.850199268059150803e-01,-5.850212954036027035e-01,9.999962882987095680e-01,-5.850209720207578679e-01,1.999995051065019736e+00,-5.850212508068702855e-01,5.851384383130089351e-01
2.199850000000000763e-02,-5.850199185372109145e-01,-5.850192776257407967e-01,9.999978213968415686e-01,-5.850157473147744591e-01,1.999997095195831909e+00,-5.850148034402361530e-01,5.851359477923678831e-01
2.200925000000000104e-02,-5.850199104564317576e-01,-5.850285569068400804e-01,9.999895137041571180e-01,-5.850209063956827160e-01,1.999986018272417843e+00,-5.850215339585269625e-01,5.851467884171506206e-01
2.201999999999999791e-02,-5.850199023756531558e-01,-5.850201263790103523e-01,9.999950266851691527e-01,-5.850092288656488781e-01,1.999993368913657532e+00,-5.850078616535573373e-01,5.851359554061590362e-01
2.203010000000000038e-02,-5.850198947834784891e-01,-5.850179195057763071e-01,9.999999617792405537e-01,-5.850183215285768012e-01,1.999999949038988367e+00,-5.850192530940646618e-01,5.851348334753967428e-01
2.204029999999999531e-02,-5.850198871161333969e-01,-5.850192688813938835e-01,9.999988882667956158e-01,-5.850197073631392408e-01,1.999998517689082878e+00,-5.850199004888869680e-01,5.851367006935651593e-01
2.205069999999999947e-02,-5.850198792984482310e-01,-5.850307650212442923e-01,9.999862246940701693e-01,-5.850228426798755876e-01,1.999981632925700747e+00,-5.850225524642654884e-01,5.851477047614710436e-01
2.206150000000000819e-02,-5.850198711800840279e-01,-5.850186700469134360e-01,9.999975779259895337e-01,-5.850160601263689752e-01,1.999996770568034155e+00,-5.850168651242150242e-01,5.851355760462773059e-01
2.207250000000000531e-02,-5.850198629113799731e-01,-5.850209583622211218e-01,9.999969182724618433e-01,-5.850227998120782757e-01,1.999995891030010409e+00,-5.850224198701912126e-01,5.851382041574427761e-01
2.208350000000000243e-02,-5.850198546426752522e-01,-5.850218522449973646e-01,9.999946579423814041e-01,-5.850182003647623752e-01,1.999992877256614454e+00,-5.850183168652687282e-01,5.851384150609673096e-01
2.209449999999999956e-02,-5.850198463739706423e-01,-5.850175313627046236e-01,1.000000103268548157e+00,-5.850218482279654353e-01,2.000000137691395619e+00,-5.850221712596836987e-01,5.851342751349949411e-01
2.210550000000000362e-02,-5.850198381052668095e-01,-5.850148345801691185e-01,1.000003557357025175e+00,-5.850240788193326047e-01,2.000004743142629327e+00,-5.850244107128557136e-01,5.851316113962383714e-01
2.211650000000000074e-02,-5.850198298365624217e-01,-5.850169136868115238e-01,1.000002662313136392e+00,-5.850203783530686374e-01,2.000003549750795528e+00,-5.850192741041292388e-01,5.851345202948060598e-01
2.212750000000000480e-02,-5.850198215678584779e-01,-5.850195578116151873e-01,9.999981481924259397e-01,-5.850173817854897873e-01,1.999997530923271150e+00,-5.850176668545880032e-01,5.851365507355248408e-01
2.213850000000000193e-02,-5.850198132991537570e-01,-5.850164201158871702e-01,1.000001206210332283e+00,-5.850193899913026518e-01,2.000001608280419063e+00,-5.850195352261425841e-01,5.851330102731850946e-01
2.214925000000000921e-02,-5.850198052183747111e-01,-5.850211503867218665e-01,9.999976244504092948e-01,-5.850201129994614391e-01,1.999996832600593022e+00,-5.850199641904192394e-01,5.851388531122478920e-01
2.216000000000000608e-02,-5.850197971375952211e-01,-5.850156824288383905e-01,1.000001438975194334e+00,-5.850199423418300793e-01,2.000001918633563580e+00,-5.850202137476494535e-01,5.851319422405765192e-01
2.217010000000000161e-02,-5.850197895454206654e-01,-5.850261458384277136e-01,9.999925098085477027e-01,-5.850210863833945618e-01,1.999990013078212225e+00,-5.850209107939438047e-01,5.851442508149440336e-01
2.218029999999999655e-02,-5.850197818780760173e-01,-5.850251161037349767e-01,9.999907811722749118e-01,-5.850198808201869660e-01,1.999987708229882921e+00,-5.850199646989875379e-01,5.851419018901247160e-01
2.219070000000000070e-02,-5.850197740603916285e-01,-5.850231794800588858e-01,9.999932880558158876e-01,-5.850195640935207386e-01,1.999991050741221077e+00,-5.850189047983233026e-01,5.851400136513834616e-01
2.220149999999999554e-02,-5.850197659420274254e-01,-5.850215603394296471e-01,9.999954421049467301e-01,-5.850082704891826912e-01,1.999993922806686086e+00,-5.850080937783307400e-01,5.851385159154290916e-01
2.221249999999999961e-02,-5.850197576733230376e-01,-5.850208988108527297e-01,9.999961185473094094e-01,-5.850142658533600271e-01,1.999994824729823151e+00,-5.850149323579513228e-01,5.851376353086525928e-01
2.222349999999999673e-02,-5.850197494046186497e-01,-5.850195288507507030e-01,9.999987551603957137e-01,-5.850202190402286062e-01,1.999998340213885673e+00,-5.850200738039827986e-01,5.851369285263435804e-01
2.223450000000000773e-02,-5.850197411359140398e-01,-5.850227284671745132e-01,9.999943736454620646e-01,-5.850168967923626839e-01,1.999992498194061330e+00,-5.850170758036336016e-01,5.851397723246382077e-01
2.224550000000000485e-02,-5.850197328672092079e-01,-5.850233475359309931e-01,9.999936233310579015e-01,-5.850200334284174630e-01,1.999991497774870730e+00,-5.850204766493771746e-01,5.851404364521750612e-01
2.225650000000000198e-02,-5.850197245985048200e-01,-5.850236042720156071e-01,9.999930611557072968e-01,-5.850192958372313345e-01,1.999990748207747471e+00,-5.850188872308370591e-01,5.851405714533359781e-01
2.226750000000000604e-02,-5.850197163298008762e-01,-5.850222164405501912e-01,9.999944727030596336e-01,-5.850176827316261319e-01,1.999992630270855942e+00,-5.850177313809844515e-01,5.851390334677708527e-01
2.227850000000000316e-02,-5.850197080610963773e-01,-5.850187900308205791e-01,9.999983512865714408e-01,-5.850107142938626437e-01,1.999997801715461154e+00,-5.850095055966962887e-01,5.851354244247843894e-01
2.228925000000000350e-02,-5.850196999803181086e-01,-5.850214090426564262e-01,9.999967470856845342e-01,-5.850169904715315505e-01,1.999995662780977401e+00,-5.850179538518722744e-01,5.851388426616050964e-01
2.230000000000000038e-02,-5.850196918995393958e-01,-5.850265616286997039e-01,9.999904726163773017e-01,-5.850214276148041348e-01,1.999987296822025584e+00,-5.850219313397799770e-01,5.851440559743591452e-01
2.231010000000000978e-02,-5.850196843073645070e-01,-5.850167906679510921e-01,9.999992855006506476e-01,-5.850214930885405673e-01,1.999999047334215074e+00,-5.850217555137834369e-01,5.851328524860924807e-01
2.232030000000000472e-02,-5.850196766400198589e-01,-5.850244035374441154e-01,9.999939943375627527e-01,-5.850140538485800734e-01,1.999991992450202982e+00,-5.850129754190516174e-01,5.851419247112644717e-01
2.233070000000000194e-02,-5.850196688223352481e-01,-5.850184579779392768e-01,9.999982667523202862e-01,-5.850121308916799157e-01,1.999997689003128132e+00,-5.850126291663302336e-01,5.851352186853647774e-01
2.234149999999999678e-02,-5.850196607039717112e-01,-5.850200268981258223e-01,9.999977525154469804e-01,-5.850226568488869905e-01,1.999997003353974012e+00,-5.850229743909080016e-01,5.851369407059567873e-01
2.235001069999999548e-02,-5.850196543064761778e-01,-5.850186452683632243e-01,9.999989392468286997e-01,-5.850223485655510203e-01,1.999998585662459361e+00,-5.850225051979554003e-01,5.851354781302129382e-01
2.235006731866208060e-02,-5.850196542639158892e-01,-5.850186357509610247e-01,9.999989513038551880e-01,-5.850223557895249948e-01,1.999998601738494308e+00,-5.850224821292117072e-01,5.851354740979058944e-01
2.235999999999999793e-02,-5.850196467975168346e-01,-5.850178343463795505e-01,1.000000154241398986e+00,-5.850189792394321353e-01,2.000000205655195540e+00,-5.850185690463558519e-01,5.851347667053361512e-01
2.237000099999999700e-02,-5.850196392797607503e-01,-5.850193115974720026e-01,9.999988223654621144e-01,-5.850244216796114394e-01,1.999998429820639689e+00,-5.850250276915494041e-01,5.851364864080940142e-01
2.237010632226571830e-02,-5.850196574115513748e-01,-5.850193247311519240e-01,9.999987999785673320e-01,-5.850244816424863270e-01,1.999998399971447016e+00,-5.850250140635897544e-01,5.851364092290836094e-01
2.238009999999999999e-02,-5.850211131296243483e-01,-5.850126068273465707e-01,1.000005198058416367e+00,-5.850227043832118001e-01,2.000006930744451683e+00,-5.850225524550660694e-01,5.851288756243122613e-01
2.239030000000000187e-02,-5.850220712314593285e-01,-5.850095299056329301e-01,1.000010151621032017e+00,-5.850167105977849280e-01,2.000013535494507888e+00,-5.850163033313038330e-01,5.851267878328995087e-01
2.240070000000000602e-02,-5.850226956273361090e-01,-5.850262800604132396e-01,9.999930266653483946e-01,-5.850217244721964693e-01,1.999990702220602934e+00,-5.850211805854051983e-01,5.851439336882167108e-01
2.241150000000000780e-02,-5.850231048324014971e-01,-5.850222583506637930e-01,9.999938770817364819e-01,-5.850116841762316167e-01,1.999991836109103582e+00,-5.850120157971773205e-01,5.851388683748676156e-01
2.242249999999999799e-02,-5.850233643573298226e-01,-5.850197319145117314e-01,9.999984562155452839e-01,-5.850189823025515601e-01,1.999997941620757835e+00,-5.850202896234593108e-01,5.851373120415843676e-01
2.243350000000000205e-02,-5.850235251932351943e-01,-5.850230158237826883e-01,9.999927538548322170e-01,-5.850221080164083043e-01,1.999990338473253582e+00,-5.850200044185075443e-01,5.851392156079887608e-01
2.244450000000000611e-02,-5.850236248590898747e-01,-5.850165485227897255e-01,1.000001622490347630e+00,-5.850109722265125489e-01,2.000002163320431237e+00,-5.850114775038687265e-01,5.851334886764593124e-01
2.245550000000000324e-02,-5.850236866101400368e-01,-5.850152284706381378e-01,1.000003121285124141e+00,-5.850178654089308594e-01,2.000004161713436979e+00,-5.850188695278241147e-01,5.851320232027950041e-01
2.246650000000000730e-02,-5.850237248605981710e-01,-5.850154341969941996e-01,1.000003774829719916e+00,-5.850199835368001811e-01,2.000005033106218022e+00,-5.850192543150066760e-01,5.851326829735837842e-01
2.247750000000000442e-02,-5.850237485447720154e-01,-5.850221844889186285e-01,9.999966844561685164e-01,-5.850230275747558828e-01,1.999995579274957080e+00,-5.850238850652480505e-01,5.851400568250193501e-01
2.248850000000000848e-02,-5.850237632003790766e-01,-5.850192905075749517e-01,9.999968672432776318e-01,-5.850236835678476188e-01,1.999995822991099237e+00,-5.850237113300557068e-01,5.851355034960807888e-01
2.249925000000001230e-02,-5.850237720986781742e-01,-5.850244487515595671e-01,9.999938692979800647e-01,-5.850188772955356997e-01,1.999991825730761841e+00,-5.850179668450825599e-01,5.851423183427659769e-01
2.250999999999999876e-02,-5.850237776508930843e-01,-5.850215954219416536e-01,9.999946277613726009e-01,-5.850141778539666992e-01,1.999992837015270197e+00,-5.850140748699557136e-01,5.851381145215704960e-01
2.252010000000000123e-02,-5.850237809409287726e-01,-5.850217173495619871e-01,9.999956153756195398e-01,-5.850187910851063489e-01,1.999994153834246502e+00,-5.850191884659073915e-01,5.851387897238696789e-01
2.253030000000000310e-02,-5.850237830570265141e-01,-5.850225604124452694e-01,9.999946241627289956e-01,-5.850206314196423341e-01,1.999992832217078798e+00,-5.850205855198360450e-01,5.851397632842443297e-01
2.254070000000000032e-02,-5.850237844141855659e-01,-5.850276620307676145e-01,9.999890524663676006e-01,-5.850151348283509911e-01,1.999985403288707664e+00,-5.850154720094733474e-01,5.851448570063882970e-01
2.255150000000000210e-02,-5.850237852803592542e-01,-5.850267667706348096e-01,9.999892784805547441e-01,-5.850278874223526770e-01,1.999985704640952600e+00,-5.850276266747639342e-01,5.851440606210730477e-01
2.256249999999999922e-02,-5.850237858054752049e-01,-5.850303267548382369e-01,9.999849850959463549e-01,-5.850192796019131336e-01,1.999979980128226753e+00,-5.850187605264275392e-01,5.851472669465487275e-01
2.257350000000000328e-02,-5.850237861064898626e-01,-5.850284862208929848e-01,9.999863654380651834e-01,-5.850154405134132540e-01,1.999981820584357806e+00,-5.850150315548177105e-01,5.851450977084513561e-01
2.258450000000000735e-02,-5.850237862686010759e-01,-5.850238031671657346e-01,9.999919094880888037e-01,-5.850164103403739935e-01,1.999989212650945980e+00,-5.850173985349556016e-01,5.851403285452887459e-01
2.259550000000000447e-02,-5.850237863446164921e-01,-5.850224012079664471e-01,9.999953381703526878e-01,-5.850198780369342266e-01,1.999993784227229510e+00,-5.850190349609593055e-01,5.851397845433148337e-01
2.260650000000000853e-02,-5.850237863672663741e-01,-5.850276763557078485e-01,9.999892650178803244e-01,-5.850173568070347052e-01,1.999985686690720410e+00,-5.850177879209271792e-01,5.851452601168296574e-01
2.261750000000000566e-02,-5.850237863568399366e-01,-5.850274281904491724e-01,9.999874935296377831e-01,-5.850170100218931024e-01,1.999983324706432253e+00,-5.850168797100822049e-01,5.851439954624565454e-01
2.262850000000000972e-02,-5.850237863259120097e-01,-5.850226637704419863e-01,9.999934109684912587e-01,-5.850169417222457202e-01,1.999991214624785796e+00,-5.850169811905755468e-01,5.851392376314686894e-01
2.263925000000000659e-02,-5.850237862833699287e-01,-5.850257771713424093e-01,9.999914828023143132e-01,-5.850193642956548201e-01,1.999988643736588356e+00,-5.850194673062401041e-01,5.851432901555696509e-01
2.265000000000000693e-02,-5.850237862332294814e-01,-5.850207382184358096e-01,9.999953333427074043e-01,-5.850137223752921445e-01,1.999993777790369132e+00,-5.850132844957532940e-01,5.851370837723699481e-01
2.266010000000000940e-02,-5.850237861817453311e-01,-5.850205598379007998e-01,9.999970287196058294e-01,-5.850209042267547899e-01,1.999996038292866540e+00,-5.850214592171768535e-01,5.851376639276728575e-01
2.267030000000000434e-02,-5.850237861270117801e-01,-5.850259617557779235e-01,9.999913871415417876e-01,-5.850124901007291989e-01,1.999988516188893506e+00,-5.850118566590374325e-01,5.851434790983742751e-01
2.268070000000000155e-02,-5.850237860693886516e-01,-5.850295181452037641e-01,9.999864702600735900e-01,-5.850178697374948111e-01,1.999981960347033461e+00,-5.850185710384598892e-01,5.851468806725794725e-01
2.269150000000000333e-02,-5.850237860083152830e-01,-5.850325209965525630e-01,9.999817234936758670e-01,-5.850244841702092469e-01,1.999975631325263903e+00,-5.850238664385938314e-01,5.851486159546960275e-01
2.270250000000000046e-02,-5.850237859452995792e-01,-5.850217791159525449e-01,9.999950289742093323e-01,-5.850188752145710769e-01,1.999993371965711031e+00,-5.850184987926577707e-01,5.851391749302757850e-01
2.271350000000000452e-02,-5.850237858817748382e-01,-5.850262813423248165e-01,9.999901849290138145e-01,-5.850139258822188992e-01,1.999986913238880115e+00,-5.850150987597808605e-01,5.851433924036746337e-01
2.272450000000000164e-02,-5.850237858179350159e-01,-5.850281000962551659e-01,9.999881492484701262e-01,-5.850185559382784506e-01,1.999984198998195462e+00,-5.850170258801060674e-01,5.851454149348442879e-01
2.273550000000000570e-02,-5.850237857538995723e-01,-5.850300881612141568e-01,9.999850950331220512e-01,-5.850141732510938386e-01,1.999980126711125461e+00,-5.850155410049339144e-01,5.851470882940718043e-01
2.274650000000000977e-02,-5.850237856897434474e-01,-5.850290735255095909e-01,9.999859787345765083e-01,-5.850217106026218694e-01,1.999981304979713714e+00,-5.850217128286652191e-01,5.851459016053104367e-01
2.275750000000001383e-02,-5.850237856255114943e-01,-5.850201722133264726e-01,9.999948360368977607e-01,-5.850160070841959881e-01,1.999993114715966191e+00,-5.850153490335900930e-01,5.851359303037773074e-01
2.276850000000000401e-02,-5.850237855612334670e-01,-5.850243464830149343e-01,9.999945512043325602e-01,-5.850208178460110098e-01,1.999992734939218142e+00,-5.850212749557723857e-01,5.851424891576443299e-01
2.277001999999999846e-02,-5.850237855491319250e-01,-5.850260759487933004e-01,9.999924149670721407e-01,-5.850214875200870912e-01,1.999989886622913549e+00,-5.850219076665875706e-01,5.851442061601408451e-01
2.277003029999999720e-02,-5.850190343566119555e-01,-5.850260641381374027e-01,9.999924004786185927e-01,-5.850214917478905319e-01,1.999989867304975633e+00,-5.850218843876228147e-01,5.851394589843119665e-01
2.277031764999955937e-02,-5.850189148130573447e-01,-5.850251499144659695e-01,9.999920808948361550e-01,-5.850214304219927275e-01,1.999989441193271933e+00,-5.850207183345369488e-01,5.851394779731469153e-01
2.278070000000000442e-02,-5.850189070086395660e-01,-5.850266120252944901e-01,9.999899699799401631e-01,-5.850207909221619706e-01,1.999986626640119391e+00,-5.850202504850556817e-01,5.851431265959600170e-01
2.279149999999999926e-02,-5.850188988902753628e-01,-5.850137919234403849e-01,1.000004120519837114e+00,-5.850124496710275013e-01,2.000005494026367625e+00,-5.850130144397548415e-01,5.851313895620504635e-01
2.280250000000000332e-02,-5.850188906215716411e-01,-5.850232375241873894e-01,9.999938731720859897e-01,-5.850143498115515373e-01,1.999991830896236333e+00,-5.850143492427832825e-01,5.851398469282719228e-01
2.281350000000000044e-02,-5.850188823528675863e-01,-5.850199082421909669e-01,9.999980958842739076e-01,-5.850196755511271052e-01,1.999997461179069846e+00,-5.850199649874484598e-01,5.851372477625267354e-01
2.282450000000000451e-02,-5.850188740841624213e-01,-5.850172579524135497e-01,9.999982707021025652e-01,-5.850192247288975578e-01,1.999997694269504356e+00,-5.850192214998851670e-01,5.851327660482775750e-01
2.283550000000000857e-02,-5.850188658154581445e-01,-5.850124858559762053e-01,1.000009013537651370e+00,-5.850209398539276684e-01,2.000012018050023155e+00,-5.850203723405758005e-01,5.851305972439098113e-01
2.284650000000001263e-02,-5.850188575467544227e-01,-5.850215283478654715e-01,9.999968330312813958e-01,-5.850147536361208767e-01,1.999995777375104700e+00,-5.850145808966745742e-01,5.851390628793793347e-01
2.285750000000000282e-02,-5.850188492780508120e-01,-5.850165248139812535e-01,9.999996043973991000e-01,-5.850232604994681784e-01,1.999999472529873312e+00,-5.850250199958629826e-01,5.851323921308230203e-01
2.286850000000000688e-02,-5.850188410093467573e-01,-5.850165292679687656e-01,1.000003010184992158e+00,-5.850250706958500801e-01,2.000004013579929740e+00,-5.850241378059384267e-01,5.851340632338742909e-01
2.287925000000000375e-02,-5.850188329285680444e-01,-5.850149056467682795e-01,1.000003202940936253e+00,-5.850213493920622954e-01,2.000004270587851796e+00,-5.850213543971560792e-01,5.851315510491956751e-01
2.289000000000000409e-02,-5.850188248477886654e-01,-5.850180149247765637e-01,1.000000935110955780e+00,-5.850133702799977797e-01,2.000001246814589351e+00,-5.850123441803757318e-01,5.851354335098175596e-01
2.290009999999999962e-02,-5.850188172556138877e-01,-5.850177373891918275e-01,1.000000271063933299e+00,-5.850136244840691280e-01,2.000000361418572403e+00,-5.850138345163945486e-01,5.851347205222564574e-01
2.291030000000000150e-02,-5.850188095882690176e-01,-5.850226879908412281e-01,9.999953723884652534e-01,-5.850146928299706506e-01,1.999993829851379079e+00,-5.850147940970628069e-01,5.851401268132108147e-01
2.292070000000000565e-02,-5.850188017705850729e-01,-5.850240985769242785e-01,9.999925942985521399e-01,-5.850188593104335144e-01,1.999990125731549995e+00,-5.850193964437712113e-01,5.851408171143887005e-01
2.293150000000000049e-02,-5.850187936522212029e-01,-5.850173173577295493e-01,9.999997489045429067e-01,-5.850252072457214902e-01,1.999999665206062316e+00,-5.850252003015564695e-01,5.851338914327084417e-01
2.294250000000000456e-02,-5.850187853835174812e-01,-5.850147065012647474e-01,1.000004578981555037e+00,-5.850223853836291621e-01,2.000006105308649307e+00,-5.850223186813452436e-01,5.851321886165027353e-01
2.295350000000000168e-02,-5.850187771148132043e-01,-5.850192128107838396e-01,9.999987969630347306e-01,-5.850184331620169598e-01,1.999998395950736807e+00,-5.850180052981173162e-01,5.851362165999661746e-01
2.296450000000000574e-02,-5.850187688461095936e-01,-5.850181126617046701e-01,9.999994134484521124e-01,-5.850155164290836707e-01,1.999999217931281104e+00,-5.850153209734165749e-01,5.851348292444692456e-01
2.297550000000000286e-02,-5.850187605774056498e-01,-5.850181251364600099e-01,1.000000743803663772e+00,-5.850157960007897895e-01,2.000000991738203560e+00,-5.850159381950449378e-01,5.851355465013207136e-01
2.298650000000000693e-02,-5.850187523087010399e-01,-5.850222501072630532e-01,9.999955046281547855e-01,-5.850199656906859280e-01,1.999994006170962013e+00,-5.850206692223500760e-01,5.851395854020350340e-01
2.299750000000001099e-02,-5.850187440399969852e-01,-5.850257386270042437e-01,9.999911201302751351e-01,-5.850184213538841549e-01,1.999988160173876484e+00,-5.850176986780341037e-01,5.851430514845893383e-01
2.300850000000001505e-02,-5.850187357712929304e-01,-5.850196030954467608e-01,9.999961229125856610e-01,-5.850129650696898054e-01,1.999994830550191338e+00,-5.850128302527791702e-01,5.851356455031013759e-01
2.301925000000000499e-02,-5.850187276905142175e-01,-5.850131015015288538e-01,1.000005151318584362e+00,-5.850117226478886989e-01,2.000006868424676565e+00,-5.850115211622332057e-01,5.851296073909116879e-01
2.303000000000000533e-02,-5.850187196097347275e-01,-5.850198439990570431e-01,9.999995535204763142e-01,-5.850198623681476251e-01,1.999999404693977301e+00,-5.850205661839785742e-01,5.851376936773704518e-01
2.304010000000000086e-02,-5.850187120175610600e-01,-5.850264332426521330e-01,9.999909128060765484e-01,-5.850231801069033510e-01,1.999987883741615846e+00,-5.850234828784521834e-01,5.851439269724527659e-01
2.305030000000000273e-02,-5.850187043502160789e-01,-5.850181797274643936e-01,9.999979461723451646e-01,-5.850228515548024921e-01,1.999997261563167594e+00,-5.850228474735313933e-01,5.851344621265228696e-01
2.306069999999999995e-02,-5.850186965325315791e-01,-5.850170866994469643e-01,1.000001186245971896e+00,-5.850175486421048676e-01,2.000001581661272620e+00,-5.850177056626210126e-01,5.851341568298787932e-01
2.307150000000000173e-02,-5.850186884141679311e-01,-5.850182139061632647e-01,9.999995524593113805e-01,-5.850267938029712900e-01,1.999999403279090648e+00,-5.850266516965044739e-01,5.851346618221114904e-01
2.308250000000000579e-02,-5.850186801454639873e-01,-5.850134635806392147e-01,1.000006845852495330e+00,-5.850254098028299099e-01,2.000009127803191067e+00,-5.850257049504542506e-01,5.851316863219627740e-01
2.309350000000000985e-02,-5.850186718767597105e-01,-5.850234977777338807e-01,9.999929105929115103e-01,-5.850213643149875242e-01,1.999990547457356049e+00,-5.850210051248917464e-01,5.851399811767746817e-01
2.310450000000000004e-02,-5.850186636080558777e-01,-5.850166277695542094e-01,1.000000265794103171e+00,-5.850236906679767701e-01,2.000000354392132085e+00,-5.850240476407374546e-01,5.851328721286863654e-01
2.311550000000000410e-02,-5.850186553393514899e-01,-5.850110370979633156e-01,1.000008389523534991e+00,-5.850236693030004265e-01,2.000011186031212862e+00,-5.850229889467228883e-01,5.851278930567842540e-01
2.312650000000000816e-02,-5.850186470706467690e-01,-5.850165989916712439e-01,1.000004176965381575e+00,-5.850204043010850397e-01,2.000005569287092388e+00,-5.850202805944114681e-01,5.851347571285685500e-01
2.313750000000000528e-02,-5.850186388019431583e-01,-5.850151368403491148e-01,1.000001568311715827e+00,-5.850146370986351041e-01,2.000002091082256683e+00,-5.850143417003232926e-01,5.851311156091586474e-01
2.314850000000000935e-02,-5.850186305332385484e-01,-5.850123449048924007e-01,1.000007332358501921e+00,-5.850089785823432420e-01,2.000009776477857049e+00,-5.850081114015995842e-01,5.851294531558448586e-01
2.315002170976563495e-02,-5.850186293893687717e-01,-5.850125059032644792e-01,1.000007138152626762e+00,-5.850076552676792829e-01,2.000009517536693870e+00,-5.850068218726037772e-01,5.851296099461308353e-01
2.315855682226716783e-02,-5.850186229735212518e-01,-5.850118870734348775e-01,1.000007493275834269e+00,-5.850191928048831258e-01,2.000009991034296775e+00,-5.850209096037103373e-01,5.851287938728777505e-01
2.316925000000000928e-02,-5.850186149354560383e-01,-5.850153342039983162e-01,1.000004329159752237e+00,-5.850153462105665003e-01,2.000005772212917421e+00,-5.850141980627155958e-01,5.851327833825716862e-01
2.318000000000000616e-02,-5.850186068546773255e-01,-5.850231349803752812e-01,9.999953311548717139e-01,-5.850241719596259715e-01,1.999993774873254804e+00,-5.850255557705492659e-01,5.851409196175919591e-01
2.319010000000000168e-02,-5.850185992625033249e-01,-5.850223266610385942e-01,9.999943540593851932e-01,-5.850149131388536761e-01,1.999992472079292316e+00,-5.850139354560578431e-01,5.851390792779220806e-01
2.320029999999999662e-02,-5.850185915951587878e-01,-5.850126473867419685e-01,1.000004704529608990e+00,-5.850208328732762197e-01,2.000006272706051913e+00,-5.850215825118120216e-01,5.851291018333837357e-01
2.321070000000000078e-02,-5.850185837774740660e-01,-5.850199949770887864e-01,9.999991729524668749e-01,-5.850215713482669333e-01,1.999998897269972264e+00,-5.850212322234291662e-01,5.851373373259152189e-01
2.322149999999999562e-02,-5.850185756591100850e-01,-5.850196756193395409e-01,9.999986861334000388e-01,-5.850173842159454018e-01,1.999998248177892846e+00,-5.850177005024340682e-01,5.851376843018142315e-01
2.323249999999999968e-02,-5.850185673904064743e-01,-5.850300249390555374e-01,9.999847813845621491e-01,-5.850174232147968834e-01,1.999979708513051957e+00,-5.850162252916897287e-01,5.851460543964712713e-01
2.324349999999999680e-02,-5.850185591217021974e-01,-5.850183865435807373e-01,9.999977905956970448e-01,-5.850133727565207664e-01,1.999997054127639950e+00,-5.850130535852626767e-01,5.851345695223590937e-01
2.325450000000000780e-02,-5.850185508529982537e-01,-5.850154489196900398e-01,1.000004781545084764e+00,-5.850147040290262224e-01,2.000006375393351465e+00,-5.850153135953131134e-01,5.851333390480664143e-01
2.326550000000000493e-02,-5.850185425842943099e-01,-5.850196212873784996e-01,9.999974337516643885e-01,-5.850218956102092305e-01,1.999996578335603736e+00,-5.850234154697023792e-01,5.851362587988385711e-01
2.327650000000000205e-02,-5.850185343155903661e-01,-5.850151618004145737e-01,1.000002710403666617e+00,-5.850234146049860806e-01,2.000003613871501607e+00,-5.850224600000135666e-01,5.851317232135070379e-01
2.328750000000000611e-02,-5.850185260468869775e-01,-5.850167290309432611e-01,1.000002790015304122e+00,-5.850191359373639877e-01,2.000003720020350428e+00,-5.850189972190220633e-01,5.851342789049400750e-01
2.329850000000000323e-02,-5.850185177781830337e-01,-5.850213262468135778e-01,9.999967060783283568e-01,-5.850167282750405873e-01,1.999995608104503164e+00,-5.850163943358972496e-01,5.851386883693575625e-01
2.330925000000000358e-02,-5.850185096974049870e-01,-5.850261874589826050e-01,9.999909200612099314e-01,-5.850172122540485686e-01,1.999987893415126949e+00,-5.850172708039613756e-01,5.851436734990668187e-01
2.332000000000000045e-02,-5.850185016166261631e-01,-5.850236879513283084e-01,9.999922634317185421e-01,-5.850188734731279760e-01,1.999989684575778304e+00,-5.850192190436793727e-01,5.851403215064460150e-01
2.333010000000000986e-02,-5.850184940244526066e-01,-5.850090208842553263e-01,1.000008029883895366e+00,-5.850159222922062252e-01,2.000010706511701208e+00,-5.850157703163588740e-01,5.851247516363883294e-01
2.334030000000000479e-02,-5.850184863571080696e-01,-5.850238763580219992e-01,9.999963501571205171e-01,-5.850251656444881432e-01,1.999995133542899817e+00,-5.850255465077277561e-01,5.851422147847412658e-01
2.335070000000000201e-02,-5.850184785394240139e-01,-5.850259265729667035e-01,9.999902596505610974e-01,-5.850170504078887612e-01,1.999987012867608049e+00,-5.850167640728568541e-01,5.851425959330309734e-01
2.336149999999999685e-02,-5.850184704210605879e-01,-5.850187373294617466e-01,9.999981728816813575e-01,-5.850206378303385302e-01,1.999997563842278003e+00,-5.850215738525088582e-01,5.851356239508105350e-01
2.337250000000000091e-02,-5.850184621523567552e-01,-5.850199809301147580e-01,9.999983932135942943e-01,-5.850269999303601143e-01,1.999997857618157626e+00,-5.850268465182171251e-01,5.851375150115676327e-01
2.338349999999999804e-02,-5.850184538836525894e-01,-5.850214989620933226e-01,9.999938697015342548e-01,-5.850193576876349111e-01,1.999991826268834094e+00,-5.850183549954041107e-01,5.851372611077799712e-01
2.339450000000000210e-02,-5.850184456149484236e-01,-5.850144946229925980e-01,1.000005565764870541e+00,-5.850215943948636754e-01,2.000007421019716958e+00,-5.850228964196261261e-01,5.851322186042808848e-01
2.340549999999999922e-02,-5.850184373462450349e-01,-5.850180368051135504e-01,9.999995779074248858e-01,-5.850201373509026359e-01,1.999999437209908137e+00,-5.850185818202979782e-01,5.851347698516420337e-01
2.341650000000000328e-02,-5.850184290775412022e-01,-5.850142395990836075e-01,1.000003908645631157e+00,-5.850135432069843988e-01,2.000005211527430049e+00,-5.850135111812257982e-01,5.851308249125212191e-01
2.342750000000001429e-02,-5.850184208088370363e-01,-5.850147821877661469e-01,1.000004851116489180e+00,-5.850147430378315194e-01,2.000006468155222539e+00,-5.850145017960490801e-01,5.851321574641168421e-01
2.343850000000001141e-02,-5.850184125401329815e-01,-5.850263864585264484e-01,9.999925139550082109e-01,-5.850189876452476234e-01,1.999990018606826458e+00,-5.850195123825779886e-01,5.851447650428940328e-01
2.344925000000000481e-02,-5.850184044593542687e-01,-5.850184872653151347e-01,9.999966573544504245e-01,-5.850131797933741939e-01,1.999995543139333698e+00,-5.850126941281889037e-01,5.851341174900119846e-01
2.346000000000000169e-02,-5.850183963785756669e-01,-5.850209120378598859e-01,9.999975854939285869e-01,-5.850121813916858704e-01,1.999996780658619411e+00,-5.850116677730254899e-01,5.851384526383642815e-01
2.347009999999999721e-02,-5.850183887864018883e-01,-5.850165397843651860e-01,1.000000795832087119e+00,-5.850154279828029269e-01,2.000001061109434097e+00,-5.850159928217735228e-01,5.851330094256238512e-01
2.348029999999999909e-02,-5.850183811190573513e-01,-5.850116660315979322e-01,1.000007024238873221e+00,-5.850163698915669119e-01,2.000009365651691517e+00,-5.850165310212964709e-01,5.851284161885437207e-01
2.349069999999999631e-02,-5.850183733013732956e-01,-5.850152482540031951e-01,1.000004447251439332e+00,-5.850196202059261275e-01,2.000005929668497107e+00,-5.850198785269696833e-01,5.851329060256065251e-01
2.350150000000000503e-02,-5.850183651830097586e-01,-5.850235281491329431e-01,9.999938746627281549e-01,-5.850190527761663928e-01,1.999991832883759368e+00,-5.850183749248882847e-01,5.851400347220158116e-01
2.351250000000000215e-02,-5.850183569143057039e-01,-5.850157749957690667e-01,1.000002261454558949e+00,-5.850170591373320406e-01,2.000003015272700413e+00,-5.850183729044313719e-01,5.851327992883755824e-01
2.352350000000000621e-02,-5.850183486456018711e-01,-5.850181398282002787e-01,1.000001052971596138e+00,-5.850267729046406684e-01,2.000001403962107016e+00,-5.850272031171309672e-01,5.851357931565526194e-01
2.353450000000000333e-02,-5.850183403768979273e-01,-5.850241892911585140e-01,9.999931243556618998e-01,-5.850251371265099420e-01,1.999990832474352498e+00,-5.850249516796057758e-01,5.851415087988715014e-01
2.354550000000000046e-02,-5.850183321081935395e-01,-5.850235313552244465e-01,9.999920731960938447e-01,-5.850199140187941627e-01,1.999989430928282630e+00,-5.850191916781029011e-01,5.851399416502989226e-01
2.355001509648437311e-02,-5.850183287141949018e-01,-5.850208393077845903e-01,9.999953353787135457e-01,-5.850174876426780246e-01,1.999993780505043839e+00,-5.850168049459435471e-01,5.851372612546632546e-01
2.355078268741165118e-02,-5.850183281371971189e-01,-5.850206117151475205e-01,9.999958724198464433e-01,-5.850171727355640838e-01,1.999994496559877266e+00,-5.850170224799654539e-01,5.851375486940534332e-01
2.356149999999999564e-02,-5.850183200809900841e-01,-5.850236884155641803e-01,9.999933249869888963e-01,-5.850188178731052790e-01,1.999991099982784348e+00,-5.850190271694551969e-01,5.851405211900582160e-01
2.357000622265624512e-02,-5.850183139349669492e-01,-5.850211193792316244e-01,9.999955612544231265e-01,-5.850223897710120635e-01,1.999994081672652468e+00,-5.850229264985049582e-01,5.851378057088940654e-01
2.357155682226716106e-02,-5.850188714289994429e-01,-5.850210432007564298e-01,9.999960581158184869e-01,-5.850222383901861889e-01,1.999994744154502957e+00,-5.850217777329086433e-01,5.851381668867375874e-01
2.358249999999999930e-02,-5.850218979732593194e-01,-5.850230749370600725e-01,9.999943240284137058e-01,-5.850146405730168864e-01,1.999992432037997592e+00,-5.850148061606955663e-01,5.851403979854532533e-01
2.359350000000000336e-02,-5.850237861387790339e-01,-5.850265726830242707e-01,9.999902016216688505e-01,-5.850193503629186331e-01,1.999986935495753126e+00,-5.850206164335751691e-01,5.851439577878726483e-01
2.360450000000000742e-02,-5.850249564489224952e-01,-5.850269906807862297e-01,9.999877718094433154e-01,-5.850247087571072147e-01,1.999983695746167633e+00,-5.850236980095433470e-01,5.851433428820387306e-01
2.361550000000001148e-02,-5.850256818134387249e-01,-5.850227416185174167e-01,9.999941862538657134e-01,-5.850183932398211883e-01,1.999992248338603007e+00,-5.850180880014281826e-01,5.851397631375995223e-01
2.362650000000000167e-02,-5.850261313889634218e-01,-5.850266018566762094e-01,9.999908049484452777e-01,-5.850180078472776435e-01,1.999987739931442965e+00,-5.850181676920720442e-01,5.851442914360246439e-01
2.363750000000000573e-02,-5.850264100232218656e-01,-5.850210081427202891e-01,9.999936314081874222e-01,-5.850182655105237162e-01,1.999991508544376240e+00,-5.850186427945004430e-01,5.851366773421061707e-01
2.364850000000000979e-02,-5.850265827035912025e-01,-5.850208055970269605e-01,9.999978295154969832e-01,-5.850227513473130747e-01,1.999997106020705795e+00,-5.850227621911729958e-01,5.851384040484680638e-01
2.365925000000000666e-02,-5.850266878039011020e-01,-5.850245031185666855e-01,9.999925718037838696e-01,-5.850218144562961964e-01,1.999990095738526152e+00,-5.850217641504942279e-01,5.851417746879064019e-01
2.367000000000000701e-02,-5.850267536365609811e-01,-5.850255420374068649e-01,9.999908574743497924e-01,-5.850212210610941099e-01,1.999987809965981356e+00,-5.850212007883072163e-01,5.851426096725705905e-01
2.368010000000000947e-02,-5.850267928808039475e-01,-5.850251941103609132e-01,9.999910578543288464e-01,-5.850258299952834085e-01,1.999988077139282838e+00,-5.850262088986415421e-01,5.851420807865646001e-01
2.369030000000000441e-02,-5.850268183546951661e-01,-5.850173070054546232e-01,9.999992789958019879e-01,-5.850152364031250274e-01,1.999999038661083528e+00,-5.850144425394495640e-01,5.851338845712192871e-01
2.370070000000000163e-02,-5.850268349346848806e-01,-5.850243060342273926e-01,9.999937023483534970e-01,-5.850147615569997184e-01,1.999991603131263007e+00,-5.850147594533591233e-01,5.851415675453013332e-01
2.371150000000000341e-02,-5.850268457778858844e-01,-5.850225371545267894e-01,9.999946531073341527e-01,-5.850174623075780067e-01,1.999992870809885082e+00,-5.850170092809937605e-01,5.851401563959455210e-01
2.372250000000000053e-02,-5.850268526311959150e-01,-5.850295686667128514e-01,9.999857629462458597e-01,-5.850095536005495145e-01,1.999981017261943883e+00,-5.850102102178879049e-01,5.851461494218826997e-01
2.373350000000000459e-02,-5.850268568545921033e-01,-5.850260772166823164e-01,9.999903926166588963e-01,-5.850206714993603230e-01,1.999987190155736005e+00,-5.850209824482902610e-01,5.851433966897361394e-01
2.374450000000000172e-02,-5.850268594478975626e-01,-5.850299005531409691e-01,9.999860926356040070e-01,-5.850192488842986815e-01,1.999981456847748307e+00,-5.850187071854180410e-01,5.851472875530385753e-01
2.375550000000000578e-02,-5.850268610308303474e-01,-5.850282640485929830e-01,9.999855737929921329e-01,-5.850129341087788593e-01,1.999980765057609577e+00,-5.850125701047160787e-01,5.851443594353507027e-01
2.376650000000000984e-02,-5.850268619875075293e-01,-5.850238941921036551e-01,9.999929774532757554e-01,-5.850162452087622755e-01,1.999990636604507266e+00,-5.850168649755259631e-01,5.851410163830624844e-01
2.377750000000001390e-02,-5.850268625560153257e-01,-5.850259576086805913e-01,9.999906966214189286e-01,-5.850201918148330016e-01,1.999987595495409831e+00,-5.850203806368519110e-01,5.851431984394914743e-01
2.378850000000001103e-02,-5.850268628839261353e-01,-5.850286620496651935e-01,9.999873698910417552e-01,-5.850205063321470833e-01,1.999983159854973103e+00,-5.850204584357486803e-01,5.851459183992997470e-01
2.379925000000000790e-02,-5.850268630598365327e-01,-5.850351211707319754e-01,9.999802892680992317e-01,-5.850111206527837115e-01,1.999973719024524144e+00,-5.850099107201957027e-01,5.851528351537682582e-01
2.381000000000000130e-02,-5.850268631465781466e-01,-5.850231348718754054e-01,9.999906799876002728e-01,-5.850113585502464408e-01,1.999987573316985623e+00,-5.850120095003620291e-01,5.851386702848655474e-01
2.382010000000000377e-02,-5.850268631767379102e-01,-5.850209239147800000e-01,9.999962902393586539e-01,-5.850248320018889281e-01,1.999995053652551702e+00,-5.850257973820144342e-01,5.851378219118124058e-01
2.383029999999999871e-02,-5.850268631750447090e-01,-5.850176156659047111e-01,9.999999144287562425e-01,-5.850160335114793497e-01,1.999999885905009878e+00,-5.850154620117022919e-01,5.851346385728501964e-01
2.384070000000000286e-02,-5.850268631519885965e-01,-5.850278241453306105e-01,9.999899483478592588e-01,-5.850226521067699581e-01,1.999986597797345667e+00,-5.850227484282859436e-01,5.851453999240739945e-01
2.385150000000000464e-02,-5.850268631135715491e-01,-5.850288201641532515e-01,9.999867466305532027e-01,-5.850204606447142464e-01,1.999982328841000578e+00,-5.850201958873418873e-01,5.851458711754228270e-01
2.386250000000000870e-02,-5.850268630649256840e-01,-5.850294273647159704e-01,9.999860787969325759e-01,-5.850169590260244634e-01,1.999981438396186473e+00,-5.850166235563838413e-01,5.851465406823920246e-01
2.387349999999999889e-02,-5.850268630103073741e-01,-5.850304881371988230e-01,9.999847052423003202e-01,-5.850124109856210675e-01,1.999979606990037517e+00,-5.850118172282010587e-01,5.851475413911303436e-01
2.388450000000000295e-02,-5.850268629519869146e-01,-5.850315208081289242e-01,9.999836762427948278e-01,-5.850125361371231181e-01,1.999978234990717363e+00,-5.850137792886542787e-01,5.851487224997364844e-01
2.389550000000000701e-02,-5.850268628913724012e-01,-5.850339539567003255e-01,9.999808038412836275e-01,-5.850198466518778950e-01,1.999974405122092902e+00,-5.850196890561504270e-01,5.851512175847374264e-01
2.390650000000000414e-02,-5.850268628293361362e-01,-5.850274339211375407e-01,9.999854599907697095e-01,-5.850140379245281075e-01,1.999980613321315159e+00,-5.850135055148386609e-01,5.851429987654646059e-01
2.391750000000000820e-02,-5.850268627664183541e-01,-5.850263364602086291e-01,9.999914179110795942e-01,-5.850173990644524924e-01,1.999988557214943175e+00,-5.850177452130079780e-01,5.851441702252984101e-01
2.392850000000000532e-02,-5.850268627029541202e-01,-5.850215421651194792e-01,9.999935849120799025e-01,-5.850223618821768223e-01,1.999991446549567398e+00,-5.850232593824651328e-01,5.851375206171853804e-01
2.393925000000000913e-02,-5.850268626406039951e-01,-5.850262704054203233e-01,9.999916451085802960e-01,-5.850250305968833775e-01,1.999988860144939373e+00,-5.850247138073920716e-01,5.851441595532251849e-01
2.395000000000000948e-02,-5.850268625780524756e-01,-5.850292663053305864e-01,9.999864352506490084e-01,-5.850150743607006598e-01,1.999981913667801425e+00,-5.850141599513634105e-01,5.851464331983163847e-01
2.396009999999999807e-02,-5.850268625191668015e-01,-5.850262375037282858e-01,9.999891409370285089e-01,-5.850126979767013014e-01,1.999985521249586951e+00,-5.850128027942781417e-01,5.851429184535978933e-01
2.397000300000000014e-02,-5.850268624613582658e-01,-5.850253859008424095e-01,9.999907978089408456e-01,-5.850297365574458341e-01,1.999987730412104092e+00,-5.850315746495735603e-01,5.851423305094681782e-01
2.397002099999999761e-02,-5.850266101424368426e-01,-5.850253846567080585e-01,9.999907991421784770e-01,-5.850297690226405889e-01,1.999987732189753897e+00,-5.850315383742199504e-01,5.851420696981949332e-01
2.397003120999999584e-02,-5.850218661159257705e-01,-5.850253555749485024e-01,9.999907999419872517e-01,-5.850297867884313163e-01,1.999987733256165967e+00,-5.850314894569563773e-01,5.851373199348477439e-01
2.397317780999825773e-02,-5.850218637506259256e-01,-5.850194658474341391e-01,9.999957546491474725e-01,-5.850248252332530541e-01,1.999994339532280785e+00,-5.850232767923106980e-01,5.851358418294673180e-01
2.398450000000000581e-02,-5.850218552397300487e-01,-5.850165601964451012e-01,1.000002280220426920e+00,-5.850146903695777612e-01,2.000003040293857559e+00,-5.850156678847664438e-01,5.851338207205002417e-01
2.399550000000000294e-02,-5.850218469710247726e-01,-5.850199581899662160e-01,9.999984323364974337e-01,-5.850182246154934651e-01,1.999997909782027516e+00,-5.850177369141104089e-01,5.851373383679161488e-01
