 time                     v(held)                  v(n_load)                v(dac)
 0.00000000000000000e+00  5.00012741009956296e-01  9.99990482165092308e-03  1.00000000000000000e+00
 1.00000000000000010e-11  5.00012741009956185e-01  9.99990482165091094e-03  1.00000000000000000e+00
 2.00000000000000020e-11  5.00012741009956074e-01  9.99990482165084155e-03  1.00000000000000000e+00
 4.00000000000000040e-11  5.00012741009956185e-01  9.99990482165057787e-03  1.00000000000000022e+00
 8.00000000000000081e-11  5.00012741009956296e-01  9.99990482164967408e-03  1.00000000000000044e+00
 1.60000000000000016e-10  5.00012741009956407e-01  9.99990482164883100e-03  1.00000000000000067e+00
 3.20000000000000032e-10  5.00012741009956629e-01  9.99990482164926642e-03  1.00000000000000089e+00
 6.40000000000000065e-10  5.00012741009956962e-01  9.99990482165404905e-03  1.00000000000000111e+00
 1.28000000000000013e-09  5.00012741009957407e-01  9.99990482171198534e-03  1.00000000000000133e+00
 2.28000000000000040e-09  5.00012741009957740e-01  9.99990482189803791e-03  1.00000000000000111e+00
 3.28000000000000025e-09  5.00012741009957851e-01  9.99990482200445278e-03  1.00000000000000089e+00
 4.28000000000000011e-09  5.00012741009957962e-01  9.99990482182237100e-03  1.00000000000000089e+00
 5.27999999999999996e-09  5.00012741009958073e-01  9.99990482155199527e-03  1.00000000000000089e+00
 6.27999999999999982e-09  5.00012741009958073e-01  9.99990482151453218e-03  1.00000000000000089e+00
 7.27999999999999968e-09  5.00012741009958073e-01  9.99990482163741479e-03  1.00000000000000089e+00
 8.28000000000000036e-09  5.00012741009958073e-01  9.99990482180929813e-03  1.00000000000000089e+00
 9.28000000000000104e-09  5.00012741009958073e-01  9.99990482178897237e-03  1.00000000000000089e+00
 1.02800000000000017e-08  5.00012741009958073e-01  9.99990482170778558e-03  1.00000000000000089e+00
 1.12800000000000024e-08  5.00012741009958073e-01  9.99990482177941058e-03  1.00000000000000089e+00
 1.22800000000000031e-08  5.00012741009958073e-01  9.99990482203977002e-03  1.00000000000000089e+00
 1.32800000000000038e-08  5.00012741009958073e-01  9.99990482233323319e-03  1.00000000000000089e+00
 1.42800000000000045e-08  5.00012741009958073e-01  9.99990482239180439e-03  1.00000000000000089e+00
 1.52800000000000051e-08  5.00012741009958073e-01  9.99990482227415545e-03  1.00000000000000089e+00
 1.62800000000000042e-08  5.00012741009958073e-01  9.99990482214855279e-03  1.00000000000000089e+00
 1.72800000000000032e-08  5.00012741009958073e-01  9.99990482212030976e-03  1.00000000000000089e+00
 1.82800000000000022e-08  5.00012741009958073e-01  9.99990482219573207e-03  1.00000000000000089e+00
 1.92800000000000013e-08  5.00012741009958073e-01  9.99990482225886559e-03  1.00000000000000089e+00
 2.02800000000000003e-08  5.00012741009958073e-01  9.99990482228946785e-03  1.00000000000000089e+00
 2.12799999999999993e-08  5.00012741009958073e-01  9.99990482235422681e-03  1.00000000000000089e+00
 2.22799999999999983e-08  5.00012741009958073e-01  9.99990482236184051e-03  1.00000000000000089e+00
 2.32799999999999974e-08  5.00012741009958073e-01  9.99990482233250808e-03  1.00000000000000089e+00
 2.42799999999999964e-08  5.00012741009958073e-01  9.99990482220291903e-03  1.00000000000000089e+00
 2.52799999999999954e-08  5.00012741009958073e-01  9.99990482193429189e-03  1.00000000000000089e+00
 2.62799999999999944e-08  5.00012741009958073e-01  9.99990482183433192e-03  1.00000000000000089e+00
 2.72799999999999935e-08  5.00012741009958073e-01  9.99990482196476058e-03  1.00000000000000089e+00
 2.82799999999999925e-08  5.00012741009958073e-01  9.99990482224784663e-03  1.00000000000000089e+00
 2.92799999999999915e-08  5.00012741009958073e-01  9.99990482220113400e-03  1.00000000000000089e+00
 3.02799999999999906e-08  5.00012741009958073e-01  9.99990482192484285e-03  1.00000000000000089e+00
 3.12799999999999929e-08  5.00012741009958073e-01  9.99990482159683614e-03  1.00000000000000089e+00
 3.22799999999999952e-08  5.00012741009958073e-01  9.99990482136799488e-03  1.00000000000000089e+00
 3.32799999999999976e-08  5.00012741009958073e-01  9.99990482117070652e-03  1.00000000000000089e+00
 3.42799999999999999e-08  5.00012741009958073e-01  9.99990482116852944e-03  1.00000000000000089e+00
 3.52800000000000022e-08  5.00012741009958073e-01  9.99990482129385801e-03  1.00000000000000089e+00
 3.62800000000000046e-08  5.00012741009958073e-01  9.99990482143858425e-03  1.00000000000000089e+00
 3.72800000000000069e-08  5.00012741009958073e-01  9.99990482165599888e-03  1.00000000000000089e+00
 3.82800000000000093e-08  5.00012741009958073e-01  9.99990482186463928e-03  1.00000000000000089e+00
 3.92800000000000116e-08  5.00012741009958073e-01  9.99990482206677446e-03  1.00000000000000089e+00
 4.02800000000000139e-08  5.00012741009958073e-01  9.99990482212986462e-03  1.00000000000000089e+00
 4.12800000000000163e-08  5.00012741009958073e-01  9.99990482219367989e-03  1.00000000000000089e+00
 4.22800000000000186e-08  5.00012741009958073e-01  9.99990482224209255e-03  1.00000000000000089e+00
 4.32800000000000209e-08  5.00012741009958073e-01  9.99990482216193792e-03  1.00000000000000089e+00
 4.42800000000000233e-08  5.00012741009958073e-01  9.99990482216102199e-03  1.00000000000000089e+00
 4.52800000000000256e-08  5.00012741009958073e-01  9.99990482226684012e-03  1.00000000000000089e+00
 4.62800000000000280e-08  5.00012741009958073e-01  9.99990482234956735e-03  1.00000000000000089e+00
 4.72800000000000303e-08  5.00012741009958073e-01  9.99990482247335027e-03  1.00000000000000089e+00
 4.82800000000000326e-08  5.00012741009958073e-01  9.99990482246780610e-03  1.00000000000000089e+00
 4.92800000000000350e-08  5.00012741009958073e-01  9.99990482246060873e-03  1.00000000000000089e+00
 5.02800000000000373e-08  5.00012741009958073e-01  9.99990482237841927e-03  1.00000000000000089e+00
 5.12800000000000396e-08  5.00012741009958073e-01  9.99990482228692648e-03  1.00000000000000089e+00
 5.22800000000000420e-08  5.00012741009958073e-01  9.99990482208333760e-03  1.00000000000000089e+00
 5.32800000000000443e-08  5.00012741009958073e-01  9.99990482187715531e-03  1.00000000000000089e+00
 5.42800000000000467e-08  5.00012741009958073e-01  9.99990482190492302e-03  1.00000000000000089e+00
 5.52800000000000490e-08  5.00012741009958073e-01  9.99990482204542175e-03  1.00000000000000089e+00
 5.62800000000000513e-08  5.00012741009958073e-01  9.99990482211518712e-03  1.00000000000000089e+00
 5.72800000000000537e-08  5.00012741009958073e-01  9.99990482222958693e-03  1.00000000000000089e+00
 5.82800000000000560e-08  5.00012741009958073e-01  9.99990482227161581e-03  1.00000000000000089e+00
 5.92800000000000583e-08  5.00012741009958073e-01  9.99990482224846072e-03  1.00000000000000089e+00
 6.02800000000000607e-08  5.00012741009958073e-01  9.99990482224367115e-03  1.00000000000000089e+00
 6.12800000000000564e-08  5.00012741009958073e-01  9.99990482211305341e-03  1.00000000000000089e+00
 6.22800000000000521e-08  5.00012741009958073e-01  9.99990482188142099e-03  1.00000000000000089e+00
 6.32800000000000478e-08  5.00012741009958073e-01  9.99990482165551663e-03  1.00000000000000089e+00
 6.42800000000000436e-08  5.00012741009958073e-01  9.99990482170700495e-03  1.00000000000000089e+00
 6.52800000000000393e-08  5.00012741009958073e-01  9.99990482193258666e-03  1.00000000000000089e+00
 6.62800000000000350e-08  5.00012741009958073e-01  9.99990482212297256e-03  1.00000000000000089e+00
 6.72800000000000307e-08  5.00012741009958073e-01  9.99990482217710981e-03  1.00000000000000089e+00
 6.82800000000000264e-08  5.00012741009958073e-01  9.99990482208173818e-03  1.00000000000000089e+00
 6.92800000000000221e-08  5.00012741009958073e-01  9.99990482193877615e-03  1.00000000000000089e+00
 7.02800000000000179e-08  5.00012741009958073e-01  9.99990482195397927e-03  1.00000000000000089e+00
 7.12800000000000136e-08  5.00012741009958073e-01  9.99990482208997465e-03  1.00000000000000089e+00
 7.22800000000000093e-08  5.00012741009958073e-01  9.99990482214091134e-03  1.00000000000000089e+00
 7.32800000000000050e-08  5.00012741009958073e-01  9.99990482228486043e-03  1.00000000000000089e+00
 7.42800000000000007e-08  5.00012741009958073e-01  9.99990482241004675e-03  1.00000000000000089e+00
 7.52799999999999965e-08  5.00012741009958073e-01  9.99990482236142418e-03  1.00000000000000089e+00
 7.62799999999999922e-08  5.00012741009958073e-01  9.99990482219518910e-03  1.00000000000000089e+00
 7.72799999999999879e-08  5.00012741009958073e-01  9.99990482214627857e-03  1.00000000000000089e+00
 7.82799999999999836e-08  5.00012741009958073e-01  9.99990482224011844e-03  1.00000000000000089e+00
 7.92799999999999793e-08  5.00012741009958073e-01  9.99990482221534485e-03  1.00000000000000089e+00
 8.02799999999999751e-08  5.00012741009958073e-01  9.99990482205860391e-03  1.00000000000000089e+00
 8.12799999999999708e-08  5.00012741009958073e-01  9.99990482198703963e-03  1.00000000000000089e+00
 8.22799999999999665e-08  5.00012741009958073e-01  9.99990482210641983e-03  1.00000000000000089e+00
 8.32799999999999622e-08  5.00012741009958073e-01  9.99990482225518798e-03  1.00000000000000089e+00
 8.42799999999999579e-08  5.00012741009958073e-01  9.99990482230021967e-03  1.00000000000000089e+00
 8.52799999999999537e-08  5.00012741009958073e-01  9.99990482220051123e-03  1.00000000000000089e+00
 8.62799999999999494e-08  5.00012741009958073e-01  9.99990482222930591e-03  1.00000000000000089e+00
 8.72799999999999451e-08  5.00012741009958073e-01  9.99990482237930918e-03  1.00000000000000089e+00
 8.82799999999999408e-08  5.00012741009958073e-01  9.99990482243527656e-03  1.00000000000000089e+00
 8.92799999999999365e-08  5.00012741009958073e-01  9.99990482244733810e-03  1.00000000000000089e+00
 9.02799999999999323e-08  5.00012741009958073e-01  9.99990482231269059e-03  1.00000000000000089e+00
 9.12799999999999280e-08  5.00012741009958073e-01  9.99990482220402578e-03  1.00000000000000089e+00
 9.22799999999999237e-08  5.00012741009958073e-01  9.99990482217764584e-03  1.00000000000000089e+00
 9.32799999999999194e-08  5.00012741009958073e-01  9.99990482222561441e-03  1.00000000000000089e+00
 9.42799999999999151e-08  5.00012741009958073e-01  9.99990482232118207e-03  1.00000000000000089e+00
 9.52799999999999109e-08  5.00012741009958073e-01  9.99990482238541367e-03  1.00000000000000089e+00
 9.62799999999999066e-08  5.00012741009958073e-01  9.99990482224071865e-03  1.00000000000000089e+00
 9.72799999999999023e-08  5.00012741009958073e-01  9.99990482205033102e-03  1.00000000000000089e+00
 9.82799999999998980e-08  5.00012741009958073e-01  9.99990482185988960e-03  1.00000000000000089e+00
 9.91399999999999467e-08  5.00012741009958184e-01  9.99990482170345571e-03  1.00000000000000089e+00
 1.00000000000000009e-07  5.00012741009958295e-01  9.99990482164502849e-03  1.00000000000000089e+00
 1.00100000000000003e-07  5.00012741009958184e-01  9.99990482164582473e-03  1.00000906442190707e+00
 1.00300000000000005e-07  5.00012741009958184e-01  9.99990482166043630e-03  1.00004892180404825e+00
 1.00700000000000008e-07  5.00012741009958295e-01  9.99990482172004660e-03  1.00023268383886044e+00
 1.01500000000000002e-07  5.00012741009958406e-01  9.99990482209617455e-03  1.00102804984308857e+00
 1.02499999999999998e-07  5.00012741009958295e-01  9.99990482556284248e-03  1.00282321359602156e+00
 1.03499999999999994e-07  5.00012741009958295e-01  9.99990481459834928e-03  1.00550206787108776e+00
 1.04499999999999989e-07  5.00012741009958295e-01  9.99990454074008855e-03  1.00905668727935161e+00
 1.05499999999999985e-07  5.00012741009958295e-01  9.99990281852029123e-03  1.01347864775074714e+00
 1.06499999999999981e-07  5.00012741009958295e-01  9.99989623459784233e-03  1.01875941587754948e+00
 1.07499999999999977e-07  5.00012741009958184e-01  9.99987800875175824e-03  1.02489047856014515e+00
 1.08499999999999972e-07  5.00012741009957962e-01  9.99983851349292921e-03  1.03186338580160375e+00
 1.09249999999999989e-07  5.00012741009957629e-01  9.99978950125655214e-03  1.03764098654964232e+00
 1.10000000000000006e-07  5.00012741009956962e-01  9.99972031985796143e-03  1.04388417575096271e+00
 1.10100000000000000e-07  5.00012741009956851e-01  9.99970934361549789e-03  1.04474677760616896e+00
 1.10300000000000002e-07  5.00012741009956518e-01  9.99968642587938453e-03  1.04646991355344476e+00
 1.10700000000000005e-07  5.00012741009955963e-01  9.99963619175345264e-03  1.04990628394853913e+00
 1.11499999999999999e-07  5.00012741009954298e-01  9.99952120807655505e-03  1.05673830981500227e+00
 1.12499999999999995e-07  5.00012741009950967e-01  9.99936183379483354e-03  1.06520212037108242e+00
 1.13499999999999991e-07  5.00012741009946193e-01  9.99919789184572881e-03  1.07358183586939648e+00
 1.14499999999999986e-07  5.00012741009939976e-01  9.99903740607656355e-03  1.08187821051746802e+00
 1.15499999999999982e-07  5.00012741009932093e-01  9.99888263905408803e-03  1.09009204597904819e+00
 1.16499999999999978e-07  5.00012741009922768e-01  9.99873415404920265e-03  1.09822415432283949e+00
 1.17499999999999974e-07  5.00012741009911887e-01  9.99859568287669691e-03  1.10627534568495367e+00
 1.18499999999999969e-07  5.00012741009899675e-01  9.99847545697100416e-03  1.11424642419643227e+00
 1.19499999999999978e-07  5.00012741009886130e-01  9.99838267657904463e-03  1.12213818667451171e+00
 1.20499999999999974e-07  5.00012741009871697e-01  9.99832171842481542e-03  1.12995142223770362e+00
 1.21499999999999970e-07  5.00012741009856487e-01  9.99828855599319000e-03  1.13768691222932206e+00
 1.22499999999999965e-07  5.00012741009840833e-01  9.99827220929122747e-03  1.14534543024365387e+00
 1.23499999999999961e-07  5.00012741009824735e-01  9.99826018469283061e-03  1.15292774218594163e+00
 1.24499999999999957e-07  5.00012741009808415e-01  9.99824402771103821e-03  1.16043460634316653e+00
 1.25499999999999952e-07  5.00012741009791872e-01  9.99822152214462252e-03  1.16786677345793843e+00
 1.26499999999999948e-07  5.00012741009775219e-01  9.99819500090281740e-03  1.17522498680292631e+00
 1.27499999999999944e-07  5.00012741009758344e-01  9.99816794476876373e-03  1.18250998225497250e+00
 1.28499999999999940e-07  5.00012741009741246e-01  9.99814248889888298e-03  1.18972248836861372e+00
 1.29499999999999935e-07  5.00012741009723816e-01  9.99811892997037877e-03  1.19686322644891785e+00
 1.30499999999999931e-07  5.00012741009706052e-01  9.99809659359124359e-03  1.20393291062361185e+00
 1.31499999999999927e-07  5.00012741009688177e-01  9.99807482831924048e-03  1.21093224791449683e+00
 1.32499999999999923e-07  5.00012741009669970e-01  9.99805341491531371e-03  1.21786193830815415e+00
 1.33499999999999918e-07  5.00012741009651651e-01  9.99803244289472828e-03  1.22472267482595032e+00
 1.34499999999999914e-07  5.00012741009633110e-01  9.99801204609396948e-03  1.23151514359334335e+00
 1.35499999999999910e-07  5.00012741009614348e-01  9.99799226856903228e-03  1.23824002390850119e+00
 1.36499999999999905e-07  5.00012741009595363e-01  9.99797308011253841e-03  1.24489798831023557e+00
 1.37499999999999901e-07  5.00012741009576156e-01  9.99795443883277207e-03  1.25148970264526205e+00
 1.38499999999999897e-07  5.00012741009556727e-01  9.99793632436190606e-03  1.25801582613478891e+00
 1.39499999999999893e-07  5.00012741009537187e-01  9.99791873243493535e-03  1.26447701144044489e+00
 1.40499999999999888e-07  5.00012741009517536e-01  9.99790166040201954e-03  1.27087390472955009e+00
 1.41499999999999884e-07  5.00012741009497774e-01  9.99788510099454235e-03  1.27720714573973693e+00
 1.42499999999999880e-07  5.00012741009477790e-01  9.99786904390253563e-03  1.28347736784292987e+00
 1.43499999999999875e-07  5.00012741009457584e-01  9.99785347885706090e-03  1.28968519810868631e+00
 1.44499999999999871e-07  5.00012741009437156e-01  9.99783839658407482e-03  1.29583125736690907e+00
 1.45499999999999867e-07  5.00012741009416617e-01  9.99782378859013533e-03  1.30191616026993406e+00
 1.46499999999999863e-07  5.00012741009395856e-01  9.99780964663004798e-03  1.30794051535399891e+00
 1.47499999999999858e-07  5.00012741009374984e-01  9.99779596237048741e-03  1.31390492510010337e+00
 1.48499999999999854e-07  5.00012741009354111e-01  9.99778272727185752e-03  1.31980998599425980e+00
 1.49499999999999850e-07  5.00012741009333128e-01  9.99776993315181980e-03  1.32565628858714790e+00
 1.50499999999999845e-07  5.00012741009311923e-01  9.99775757215131018e-03  1.33144441755317278e+00
 1.51499999999999841e-07  5.00012741009290496e-01  9.99774563642049328e-03  1.33717495174893819e+00
 1.52499999999999837e-07  5.00012741009269068e-01  9.99773411852257141e-03  1.34284846427113580e+00
 1.53499999999999833e-07  5.00012741009247530e-01  9.99772301080363579e-03  1.34846552251385932e+00
 1.54499999999999828e-07  5.00012741009225770e-01  9.99771230558833997e-03  1.35402668822534822e+00
 1.55499999999999824e-07  5.00012741009204009e-01  9.99770199538094206e-03  1.35953251756416660e+00
 1.56499999999999820e-07  5.00012741009182027e-01  9.99769207318536995e-03  1.36498356115482400e+00
 1.57499999999999816e-07  5.00012741009159933e-01  9.99768253206374108e-03  1.37038036414284070e+00
 1.58499999999999811e-07  5.00012741009137840e-01  9.99767336532448453e-03  1.37572346624926767e+00
 1.59499999999999807e-07  5.00012741009115635e-01  9.99766456608667912e-03  1.38101340182466226e+00
 1.60499999999999803e-07  5.00012741009093320e-01  9.99765612734535014e-03  1.38625069990252703e+00
 1.61499999999999798e-07  5.00012741009070893e-01  9.99764804220048577e-03  1.39143588425221720e+00
 1.62499999999999794e-07  5.00012741009048467e-01  9.99764030431664341e-03  1.39656947343132165e+00
 1.63499999999999790e-07  5.00012741009025929e-01  9.99763290720642912e-03  1.40165198083752318e+00
 1.64499999999999786e-07  5.00012741009003281e-01  9.99762584493553777e-03  1.40668391475994081e+00
 1.65499999999999781e-07  5.00012741008980632e-01  9.99761911162964922e-03  1.41166577842996355e+00
 1.66499999999999777e-07  5.00012741008957873e-01  9.99761270108297413e-03  1.41659807007157701e+00
 1.67499999999999773e-07  5.00012741008935113e-01  9.99760660694449903e-03  1.42148128295119047e+00
 1.68499999999999768e-07  5.00012741008912243e-01  9.99760082331074482e-03  1.42631590542696518e+00
 1.69499999999999764e-07  5.00012741008889372e-01  9.99759534462173541e-03  1.43110242099765572e+00
 1.70499999999999760e-07  5.00012741008866390e-01  9.99759016543101155e-03  1.43584130835096291e+00
 1.71499999999999756e-07  5.00012741008843298e-01  9.99758528025046674e-03  1.44053304141140615e+00
 1.72499999999999751e-07  5.00012741008820205e-01  9.99758068368558454e-03  1.44517808938771908e+00
 1.73499999999999747e-07  5.00012741008797001e-01  9.99757637038312108e-03  1.44977691681977494e+00
 1.74499999999999743e-07  5.00012741008773798e-01  9.99757233471622840e-03  1.45432998362504318e+00
 1.75499999999999738e-07  5.00012741008750594e-01  9.99756857140109492e-03  1.45883774514458553e+00
 1.76499999999999734e-07  5.00012741008727279e-01  9.99756507543077613e-03  1.46330065218859251e+00
 1.77499999999999730e-07  5.00012741008704076e-01  9.99756184172818398e-03  1.46771915108146844e+00
 1.78499999999999726e-07  5.00012741008680872e-01  9.99755886554253015e-03  1.47209368370646709e+00
 1.79499999999999721e-07  5.00012741008657446e-01  9.99755614235163514e-03  1.47642468754988410e+00
 1.80499999999999717e-07  5.00012741008634021e-01  9.99755366722181529e-03  1.48071259574480774e+00
 1.81499999999999713e-07  5.00012741008610484e-01  9.99755143522417823e-03  1.48495783711443607e+00
 1.82499999999999709e-07  5.00012741008586947e-01  9.99754944198907348e-03  1.48916083621496265e+00
 1.83499999999999704e-07  5.00012741008563522e-01  9.99754768308138385e-03  1.49332201337803472e+00
 1.84499999999999700e-07  5.00012741008540096e-01  9.99754615396775473e-03  1.49744178475279011e+00
 1.85499999999999696e-07  5.00012741008516670e-01  9.99754485031510015e-03  1.50152056234747544e+00
 1.86499999999999691e-07  5.00012741008493244e-01  9.99754376781305382e-03  1.50555875407064965e+00
 1.87499999999999687e-07  5.00012741008469708e-01  9.99754290236131923e-03  1.50955676377197801e+00
 1.88499999999999683e-07  5.00012741008446060e-01  9.99754224969168388e-03  1.51351499128262001e+00
 1.89499999999999679e-07  5.00012741008422523e-01  9.99754180561561977e-03  1.51743383245521613e+00
 1.90499999999999674e-07  5.00012741008398875e-01  9.99754156607088676e-03  1.52131367920347493e+00
 1.91499999999999670e-07  5.00012741008375228e-01  9.99754152727775659e-03  1.52515491954136873e+00
 1.92499999999999666e-07  5.00012741008351691e-01  9.99754168521783428e-03  1.52895793762193688e+00
 1.93499999999999661e-07  5.00012741008328043e-01  9.99754203628443368e-03  1.53272311377570492e+00
 1.94499999999999657e-07  5.00012741008304507e-01  9.99754257696474323e-03  1.53645082454871962e+00
 1.95499999999999653e-07  5.00012741008280859e-01  9.99754330354158012e-03  1.54014144274020648e+00
 1.96499999999999649e-07  5.00012741008257211e-01  9.99754421204878882e-03  1.54379533743985320e+00
 1.97499999999999644e-07  5.00012741008233785e-01  9.99754529866237092e-03  1.54741287406472083e+00
 1.98499999999999640e-07  5.00012741008210360e-01  9.99754655996786673e-03  1.55099441439578833e+00
 1.99499999999999636e-07  5.00012741008186934e-01  9.99754799263699589e-03  1.55454031661413317e+00
 2.00499999999999631e-07  5.00012741008163508e-01  9.99754959373506773e-03  1.55805093533675332e+00
 2.01499999999999627e-07  5.00012741008140082e-01  9.99755135995376333e-03  1.56152662165202982e+00
 2.02499999999999623e-07  5.00012741008116657e-01  9.99755328769573633e-03  1.56496772315483978e+00
 2.03499999999999619e-07  5.00012741008093231e-01  9.99755537372442812e-03  1.56837458398131768e+00
 2.04499999999999614e-07  5.00012741008069805e-01  9.99755761488917497e-03  1.57174754484327184e+00
 2.05499999999999610e-07  5.00012741008046380e-01  9.99756000801203804e-03  1.57508694306225827e+00
 2.06499999999999606e-07  5.00012741008022954e-01  9.99756254993032500e-03  1.57839311260331505e+00
 2.07499999999999602e-07  5.00012741007999639e-01  9.99756523784069498e-03  1.58166638410836180e+00
 2.08499999999999597e-07  5.00012741007976325e-01  9.99756806877719582e-03  1.58490708492926569e+00
 2.09499999999999593e-07  5.00012741007953010e-01  9.99757103980514206e-03  1.58811553916057968e+00
 2.10499999999999589e-07  5.00012741007929806e-01  9.99757414814026607e-03  1.59129206767195486e+00
 2.11499999999999584e-07  5.00012741007906603e-01  9.99757739104234835e-03  1.59443698814022827e+00
 2.12499999999999580e-07  5.00012741007883288e-01  9.99758076567362070e-03  1.59755061508119467e+00
 2.13499999999999576e-07  5.00012741007860084e-01  9.99758426908984622e-03  1.60063325988105953e+00
 2.14499999999999572e-07  5.00012741007836881e-01  9.99758789865953616e-03  1.60368523082758063e+00
 2.15499999999999567e-07  5.00012741007813677e-01  9.99759165174959712e-03  1.60670683314089824e+00
 2.16499999999999563e-07  5.00012741007790473e-01  9.99759552559455027e-03  1.60969836900406049e+00
 2.17499999999999559e-07  5.00012741007767492e-01  9.99759951773869504e-03  1.61266013759324300e+00
 2.18499999999999554e-07  5.00012741007744510e-01  9.99760362595285626e-03  1.61559243510766937e+00
 2.19499999999999550e-07  5.00012741007721528e-01  9.99760784767333641e-03  1.61849555479923346e+00
 2.20499999999999546e-07  5.00012741007698547e-01  9.99761218057809535e-03  1.62136978700182621e+00
 2.21499999999999542e-07  5.00012741007675676e-01  9.99761662219954966e-03  1.62421541916037104e+00
 2.22499999999999537e-07  5.00012741007652917e-01  9.99762117009613677e-03  1.62703273585957242e+00
 2.23499999999999533e-07  5.00012741007630157e-01  9.99762582176559091e-03  1.62982201885237399e+00
 2.24499999999999529e-07  5.00012741007607397e-01  9.99763057500923855e-03  1.63258354708813713e+00
 2.25499999999999524e-07  5.00012741007584749e-01  9.99763542774660847e-03  1.63531759674053778e+00
 2.26499999999999520e-07  5.00012741007562100e-01  9.99764037788150768e-03  1.63802444123518698e+00
 2.27499999999999516e-07  5.00012741007539452e-01  9.99764542313175825e-03  1.64070435127697345e+00
 2.28499999999999512e-07  5.00012741007516914e-01  9.99765056140282556e-03  1.64335759487713817e+00
 2.29499999999999507e-07  5.00012741007494377e-01  9.99765579044749331e-03  1.64598443738007583e+00
 2.30499999999999503e-07  5.00012741007471839e-01  9.99766110832491818e-03  1.64858514148987245e+00
 2.31499999999999499e-07  5.00012741007449413e-01  9.99766651307872067e-03  1.65115996729657732e+00
 2.32499999999999494e-07  5.00012741007427097e-01  9.99767200255289798e-03  1.65370917230221437e+00
 2.33499999999999490e-07  5.00012741007404782e-01  9.99767757480591636e-03  1.65623301144653312e+00
 2.34499999999999486e-07  5.00012741007382577e-01  9.99768322759276261e-03  1.65873173713250610e+00
 2.35499999999999482e-07  5.00012741007360373e-01  9.99768895926534708e-03  1.66120559925157019e+00
 2.36499999999999477e-07  5.00012741007338168e-01  9.99769476807199804e-03  1.66365484520861751e+00
 2.37499999999999473e-07  5.00012741007316075e-01  9.99770065236307501e-03  1.66607971994673831e+00
 2.38499999999999495e-07  5.00012741007294093e-01  9.99770661016454246e-03  1.66848046597171717e+00
 2.39499999999999517e-07  5.00012741007272110e-01  9.99771263958813133e-03  1.67085732337628490e+00
 2.40499999999999540e-07  5.00012741007250239e-01  9.99771873894191726e-03  1.67321052986412977e+00
 2.41499999999999562e-07  5.00012741007228478e-01  9.99772490655010532e-03  1.67554032077367054e+00
 2.42499999999999584e-07  5.00012741007206718e-01  9.99773114054971178e-03  1.67784692910159006e+00
 2.43499999999999606e-07  5.00012741007184958e-01  9.99773743929159575e-03  1.68013058552613903e+00
 2.44499999999999628e-07  5.00012741007163308e-01  9.99774380125226583e-03  1.68239151843020385e+00
 2.45499999999999651e-07  5.00012741007141659e-01  9.99775022488722659e-03  1.68462995392414761e+00
 2.46499999999999673e-07  5.00012741007120121e-01  9.99775670853735900e-03  1.68684611586842292e+00
 2.47499999999999695e-07  5.00012741007098582e-01  9.99776325069002408e-03  1.68904022589595826e+00
 2.48499999999999717e-07  5.00012741007077266e-01  9.99776984992667775e-03  1.69121250343432461e+00
 2.49499999999999739e-07  5.00012741007055950e-01  9.99777650444394830e-03  1.69336316572767864e+00
 2.50499999999999762e-07  5.00012741007034744e-01  9.99778321272842829e-03  1.69549242785849019e+00
 2.51499999999999784e-07  5.00012741007013539e-01  9.99778997334439118e-03  1.69760050276905061e+00
 2.52499999999999806e-07  5.00012741006992445e-01  9.99779678494575573e-03  1.69968760128276886e+00
 2.53499999999999828e-07  5.00012741006971462e-01  9.99780364619615516e-03  1.70175393212525661e+00
 2.54499999999999850e-07  5.00012741006950479e-01  9.99781055567761784e-03  1.70379970194520114e+00
 2.55499999999999873e-07  5.00012741006929495e-01  9.99781751189635082e-03  1.70582511533503234e+00
 2.56499999999999895e-07  5.00012741006908623e-01  9.99782451353046359e-03  1.70783037485138389e+00
 2.57499999999999917e-07  5.00012741006887862e-01  9.99783155927387937e-03  1.70981568103534864e+00
 2.58499999999999939e-07  5.00012741006867212e-01  9.99783864797954870e-03  1.71178123243253677e+00
 2.59499999999999961e-07  5.00012741006846562e-01  9.99784577824767810e-03  1.71372722561293012e+00
 2.60499999999999983e-07  5.00012741006826134e-01  9.99785294880032108e-03  1.71565385519054114e+00
 2.61500000000000006e-07  5.00012741006805705e-01  9.99786015848811924e-03  1.71756131384287558e+00
 2.62500000000000028e-07  5.00012741006785277e-01  9.99786740575395530e-03  1.71944979233020212e+00
 2.63500000000000050e-07  5.00012741006764960e-01  9.99787468930633978e-03  1.72131947951463049e+00
 2.64500000000000072e-07  5.00012741006744643e-01  9.99788200831842715e-03  1.72317056237899680e+00
 2.65500000000000094e-07  5.00012741006724437e-01  9.99788936181428105e-03  1.72500322604556522e+00
 2.66500000000000117e-07  5.00012741006704342e-01  9.99789674874875488e-03  1.72681765379454100e+00
 2.67500000000000139e-07  5.00012741006684358e-01  9.99790416789287685e-03  1.72861402708240042e+00
 2.68500000000000161e-07  5.00012741006664374e-01  9.99791161780699475e-03  1.73039252556003653e+00
 2.69500000000000183e-07  5.00012741006644501e-01  9.99791909722162232e-03  1.73215332709072722e+00
 2.70500000000000205e-07  5.00012741006624628e-01  9.99792660544193863e-03  1.73389660776792143e+00
 2.71500000000000228e-07  5.00012741006604755e-01  9.99793414172506396e-03  1.73562254193285059e+00
 2.72500000000000250e-07  5.00012741006584993e-01  9.99794170465034132e-03  1.73733130219196408e+00
 2.73500000000000272e-07  5.00012741006565342e-01  9.99794929291997550e-03  1.73902305943419067e+00
 2.74500000000000294e-07  5.00012741006545691e-01  9.99795690567360611e-03  1.74069798284802957e+00
 2.75500000000000316e-07  5.00012741006526151e-01  9.99796454224722089e-03  1.74235623993846955e+00
 2.76500000000000338e-07  5.00012741006506722e-01  9.99797220164585360e-03  1.74399799654374132e+00
 2.77500000000000361e-07  5.00012741006487405e-01  9.99797988275294945e-03  1.74562341685190248e+00
 2.78500000000000383e-07  5.00012741006468198e-01  9.99798758460298219e-03  1.74723266341725769e+00
 2.79500000000000405e-07  5.00012741006449102e-01  9.99799530640131488e-03  1.74882589717661552e+00
 2.80500000000000427e-07  5.00012741006430117e-01  9.99800304716705335e-03  1.75040327746538216e+00
 2.81500000000000449e-07  5.00012741006411132e-01  9.99801080595860703e-03  1.75196496203349783e+00
 2.82500000000000472e-07  5.00012741006392258e-01  9.99801858197793721e-03  1.75351110706121172e+00
 2.83500000000000494e-07  5.00012741006373496e-01  9.99802637448279213e-03  1.75504186717470168e+00
 2.84500000000000516e-07  5.00012741006354622e-01  9.99803418255402511e-03  1.75655739546153811e+00
 2.85500000000000538e-07  5.00012741006335970e-01  9.99804200532924438e-03  1.75805784348599370e+00
 2.86500000000000560e-07  5.00012741006317318e-01  9.99804984194302068e-03  1.75954336130420064e+00
 2.87500000000000583e-07  5.00012741006298778e-01  9.99805769146310148e-03  1.76101409747915860e+00
 2.88500000000000605e-07  5.00012741006280237e-01  9.99806555322999696e-03  1.76247019909559088e+00
 2.89500000000000627e-07  5.00012741006261918e-01  9.99807342652520720e-03  1.76391181177465395e+00
 2.90500000000000649e-07  5.00012741006243600e-01  9.99808131069691852e-03  1.76533907968850179e+00
 2.91500000000000671e-07  5.00012741006225392e-01  9.99808920476343531e-03  1.76675214557470284e+00
 2.92500000000000694e-07  5.00012741006207295e-01  9.99809710800413434e-03  1.76815115075051654e+00
 2.93500000000000716e-07  5.00012741006189310e-01  9.99810501977638211e-03  1.76953623512702407e+00
 2.94500000000000738e-07  5.00012741006171324e-01  9.99811293946512199e-03  1.77090753722312222e+00
 2.95500000000000760e-07  5.00012741006153560e-01  9.99812086609103493e-03  1.77226519417937567e+00
 2.96500000000000782e-07  5.00012741006135797e-01  9.99812879897667151e-03  1.77360934177173202e+00
 2.97500000000000804e-07  5.00012741006118144e-01  9.99813673767732669e-03  1.77494011442510025e+00
 2.98500000000000827e-07  5.00012741006100492e-01  9.99814468156849830e-03  1.77625764522679441e+00
 2.99500000000000849e-07  5.00012741006082950e-01  9.99815263014084896e-03  1.77756206593984367e+00
 3.00500000000000871e-07  5.00012741006065520e-01  9.99816058243981065e-03  1.77885350701616929e+00
 3.01500000000000893e-07  5.00012741006048200e-01  9.99816853783112684e-03  1.78013209760963020e+00
 3.02500000000000915e-07  5.00012741006030770e-01  9.99817649582401650e-03  1.78139796558894115e+00
 3.03500000000000938e-07  5.00012741006013450e-01  9.99818445569825541e-03  1.78265123755045840e+00
 3.04500000000000960e-07  5.00012741005996242e-01  9.99819241702705995e-03  1.78389203883084191e+00
 3.05500000000000982e-07  5.00012741005979033e-01  9.99820037910974756e-03  1.78512049351958924e+00
 3.06500000000001004e-07  5.00012741005961936e-01  9.99820834157884829e-03  1.78633672447144565e+00
 3.07500000000001026e-07  5.00012741005944950e-01  9.99821630355173831e-03  1.78754085331868984e+00
 3.08500000000001049e-07  5.00012741005928074e-01  9.99822426456534359e-03  1.78873300048329931e+00
 3.09500000000001071e-07  5.00012741005911199e-01  9.99823222378356559e-03  1.78991328518899273e+00
 3.10500000000001093e-07  5.00012741005894434e-01  9.99824018065326343e-03  1.79108182547315309e+00
 3.11500000000001115e-07  5.00012741005877781e-01  9.99824813512191664e-03  1.79223873819863244e+00
 3.12500000000001137e-07  5.00012741005861239e-01  9.99825608670213035e-03  1.79338413906543948e+00
 3.13500000000001159e-07  5.00012741005844807e-01  9.99826403469033023e-03  1.79451814262231002e+00
 3.14500000000001182e-07  5.00012741005828487e-01  9.99827197853947816e-03  1.79564086227816255e+00
 3.15500000000001204e-07  5.00012741005812167e-01  9.99827991782400137e-03  1.79675241031344046e+00
 3.16500000000001226e-07  5.00012741005795958e-01  9.99828785206815542e-03  1.79785289789134106e+00
 3.17500000000001248e-07  5.00012741005779859e-01  9.99829578090913156e-03  1.79894243506893159e+00
 3.18500000000001270e-07  5.00012741005763872e-01  9.99830370390388488e-03  1.80002113080815729e+00
 3.19500000000001293e-07  5.00012741005747996e-01  9.99831162037327463e-03  1.80108909298673758e+00
 3.20500000000001315e-07  5.00012741005732120e-01  9.99831952992692383e-03  1.80214642840895478e+00
 3.21500000000001337e-07  5.00012741005716355e-01  9.99832743236026521e-03  1.80319324281633508e+00
 3.22500000000001359e-07  5.00012741005700700e-01  9.99833532719571552e-03  1.80422964089822369e+00
 3.23500000000001381e-07  5.00012741005685046e-01  9.99834321376483030e-03  1.80525572630225484e+00
 3.24500000000001404e-07  5.00012741005669392e-01  9.99835109167724993e-03  1.80627160164471734e+00
 3.25500000000001426e-07  5.00012741005653849e-01  9.99835896041350453e-03  1.80727736852081589e+00
 3.26500000000001448e-07  5.00012741005638417e-01  9.99836681983287331e-03  1.80827312751483316e+00
 3.27500000000001470e-07  5.00012741005623096e-01  9.99837466940651717e-03  1.80925897821018777e+00
 3.28500000000001492e-07  5.00012741005607775e-01  9.99838250878233060e-03  1.81023501919939345e+00
 3.29500000000001515e-07  5.00012741005592565e-01  9.99839033769554276e-03  1.81120134809391931e+00
 3.30500000000001537e-07  5.00012741005577466e-01  9.99839815571389179e-03  1.81215806153395165e+00
 3.31500000000001559e-07  5.00012741005562478e-01  9.99840596229043845e-03  1.81310525519805887e+00
 3.32500000000001581e-07  5.00012741005547490e-01  9.99841375716171293e-03  1.81404302381275939e+00
 3.33500000000001603e-07  5.00012741005532613e-01  9.99842154042620244e-03  1.81497146116199626e+00
 3.34500000000001625e-07  5.00012741005517847e-01  9.99842931160580158e-03  1.81589066009651523e+00
 3.35500000000001648e-07  5.00012741005503192e-01  9.99843707028608315e-03  1.81680071254315068e+00
 3.36500000000001670e-07  5.00012741005488537e-01  9.99844481591337896e-03  1.81770170951401910e+00
 3.37500000000001692e-07  5.00012741005473993e-01  9.99845254826454456e-03  1.81859374111562100e+00
 3.38500000000001714e-07  5.00012741005459449e-01  9.99846026690544981e-03  1.81947689655785250e+00
 3.39500000000001736e-07  5.00012741005445016e-01  9.99846797139783590e-03  1.82035126416292670e+00
 3.40500000000001759e-07  5.00012741005430583e-01  9.99847566165517829e-03  1.82121693137420682e+00
 3.41500000000001781e-07  5.00012741005416261e-01  9.99848333745072607e-03  1.82207398476495075e+00
 3.42500000000001803e-07  5.00012741005402050e-01  9.99849099859540826e-03  1.82292251004696881e+00
 3.43500000000001825e-07  5.00012741005387840e-01  9.99849864476740242e-03  1.82376259207919689e+00
 3.44500000000001847e-07  5.00012741005373851e-01  9.99850627560092652e-03  1.82459431487618162e+00
 3.45500000000001870e-07  5.00012741005359751e-01  9.99851389073012214e-03  1.82541776161648328e+00
 3.46500000000001892e-07  5.00012741005345873e-01  9.99852148999809745e-03  1.82623301465099419e+00
 3.47500000000001914e-07  5.00012741005331995e-01  9.99852907318084239e-03  1.82704015551117349e+00
 3.48500000000001936e-07  5.00012741005318229e-01  9.99853663990238166e-03  1.82783926491720172e+00
 3.49500000000001958e-07  5.00012741005304573e-01  9.99854418998606317e-03  1.82863042278605414e+00
 3.50500000000001980e-07  5.00012741005291139e-01  9.99855172323091054e-03  1.82941370823949168e+00
 3.51500000000002003e-07  5.00012741005277594e-01  9.99855923945743887e-03  1.83018919961197435e+00
 3.52500000000002025e-07  5.00012741005264161e-01  9.99856673864173671e-03  1.83095697445849548e+00
 3.53500000000002047e-07  5.00012741005250838e-01  9.99857422053518699e-03  1.83171710956233702e+00
 3.54500000000002069e-07  5.00012741005237515e-01  9.99858168460004970e-03  1.83246968094274920e+00
 3.55500000000002091e-07  5.00012741005224304e-01  9.99858913042995373e-03  1.83321476386255289e+00
 3.56500000000002114e-07  5.00012741005211092e-01  9.99859655766822085e-03  1.83395243283566622e+00
 3.57500000000002136e-07  5.00012741005198103e-01  9.99860396632975407e-03  1.83468276163455690e+00
 3.58500000000002158e-07  5.00012741005185113e-01  9.99861135640194541e-03  1.83540582329761981e+00
 3.59500000000002180e-07  5.00012741005172234e-01  9.99861872774958881e-03  1.83612169013648097e+00
 3.60500000000002202e-07  5.00012741005159467e-01  9.99862608022857556e-03  1.83683043374322996e+00
 3.61500000000002225e-07  5.00012741005146588e-01  9.99863341368862832e-03  1.83753212499757934e+00
 3.62500000000002247e-07  5.00012741005133932e-01  9.99864072791419728e-03  1.83822683407395271e+00
 3.63500000000002269e-07  5.00012741005121275e-01  9.99864802270614486e-03  1.83891463044850378e+00
 3.64500000000002291e-07  5.00012741005108841e-01  9.99865529761547779e-03  1.83959558290606395e+00
 3.65500000000002313e-07  5.00012741005096406e-01  9.99866255236853303e-03  1.84026975954702054e+00
 3.66500000000002336e-07  5.00012741005084083e-01  9.99866978698244965e-03  1.84093722779412872e+00
 3.67500000000002358e-07  5.00012741005071759e-01  9.99867700158339930e-03  1.84159805439925317e+00
 3.68500000000002380e-07  5.00012741005059547e-01  9.99868419576617831e-03  1.84225230545004459e+00
 3.69500000000002402e-07  5.00012741005047445e-01  9.99869136963656840e-03  1.84290004637654814e+00
 3.70500000000002424e-07  5.00012741005035344e-01  9.99869852303894580e-03  1.84354134195774777e+00
 3.71500000000002446e-07  5.00012741005023353e-01  9.99870565563968673e-03  1.84417625632804416e+00
 3.72500000000002469e-07  5.00012741005011363e-01  9.99871276724149764e-03  1.84480485298366870e+00
 3.73500000000002491e-07  5.00012741004999484e-01  9.99871985763117060e-03  1.84542719478903328e+00
 3.74500000000002513e-07  5.00012741004987604e-01  9.99872692667454384e-03  1.84604334398301795e+00
 3.75500000000002535e-07  5.00012741004975947e-01  9.99873397427644348e-03  1.84665336218519527e+00
 3.76500000000002557e-07  5.00012741004964290e-01  9.99874100031495142e-03  1.84725731040199115e+00
 3.77500000000002580e-07  5.00012741004952632e-01  9.99874800470066868e-03  1.84785524903278797e+00
 3.78500000000002602e-07  5.00012741004941086e-01  9.99875498739092802e-03  1.84844723787596377e+00
 3.79500000000002624e-07  5.00012741004929540e-01  9.99876194825863839e-03  1.84903333613487320e+00
 3.80500000000002646e-07  5.00012741004918104e-01  9.99876888732478125e-03  1.84961360242376771e+00
 3.81500000000002668e-07  5.00012741004906891e-01  9.99877580434510582e-03  1.85018809477365820e+00
 3.82500000000002691e-07  5.00012741004895678e-01  9.99878269920946930e-03  1.85075687063811745e+00
 3.83500000000002713e-07  5.00012741004884465e-01  9.99878957173114778e-03  1.85131998689902710e+00
 3.84500000000002735e-07  5.00012741004873251e-01  9.99879642194547412e-03  1.85187749987226535e+00
 3.85500000000002757e-07  5.00012741004862149e-01  9.99880324979444263e-03  1.85242946531333907e+00
 3.86500000000002779e-07  5.00012741004851158e-01  9.99881005493801975e-03  1.85297593842296049e+00
 3.87500000000002801e-07  5.00012741004840278e-01  9.99881683722667058e-03  1.85351697385256720e+00
 3.88500000000002824e-07  5.00012741004829508e-01  9.99882359689046284e-03  1.85405262570978757e+00
 3.89500000000002846e-07  5.00012741004818739e-01  9.99883033385211631e-03  1.85458294756385178e+00
 3.90500000000002868e-07  5.00012741004807970e-01  9.99883704810672347e-03  1.85510799245095037e+00
 3.91500000000002890e-07  5.00012741004797312e-01  9.99884373944139038e-03  1.85562781287953649e+00
 3.92500000000002912e-07  5.00012741004786765e-01  9.99885040754961742e-03  1.85614246083557788e+00
 3.93500000000002935e-07  5.00012741004776329e-01  9.99885705251955630e-03  1.85665198778775653e+00
 3.94500000000002957e-07  5.00012741004765782e-01  9.99886367444414656e-03  1.85715644469261543e+00
 3.95500000000002979e-07  5.00012741004755457e-01  9.99887027310658073e-03  1.85765588199965404e+00
 3.96500000000003001e-07  5.00012741004745132e-01  9.99887684839179461e-03  1.85815034965637449e+00
 3.97500000000003023e-07  5.00012741004734917e-01  9.99888340038134101e-03  1.85863989711327626e+00
 3.98500000000003046e-07  5.00012741004724814e-01  9.99888992892670331e-03  1.85912457332880177e+00
 3.99500000000003068e-07  5.00012741004714711e-01  9.99889643408530086e-03  1.85960442677423199e+00
 4.00500000000003090e-07  5.00012741004704719e-01  9.99890291571379000e-03  1.86007950543853529e+00
 4.01500000000003112e-07  5.00012741004694727e-01  9.99890937352153689e-03  1.86054985683316532e+00
 4.02500000000003134e-07  5.00012741004684735e-01  9.99891580769699667e-03  1.86101552799681347e+00
 4.03500000000003157e-07  5.00012741004674965e-01  9.99892221833193623e-03  1.86147656550011198e+00
 4.04500000000003179e-07  5.00012741004665195e-01  9.99892860533093709e-03  1.86193301545029311e+00
 4.05500000000003201e-07  5.00012741004655537e-01  9.99893496843335013e-03  1.86238492349579832e+00
 4.06500000000003223e-07  5.00012741004645878e-01  9.99894130764096903e-03  1.86283233483084421e+00
 4.07500000000003245e-07  5.00012741004636330e-01  9.99894762298813265e-03  1.86327529419994353e+00
 4.08500000000003267e-07  5.00012741004626782e-01  9.99895391450259657e-03  1.86371384590237743e+00
 4.09500000000003290e-07  5.00012741004617234e-01  9.99896018240906646e-03  1.86414803379662808e+00
 4.10500000000003312e-07  5.00012741004607797e-01  9.99896642638643286e-03  1.86457790130476320e+00
 4.11500000000003334e-07  5.00012741004598360e-01  9.99897264627491907e-03  1.86500349141677968e+00
 4.12500000000003356e-07  5.00012741004589034e-01  9.99897884219855954e-03  1.86542484669490238e+00
 4.13500000000003378e-07  5.00012741004579819e-01  9.99898501420217085e-03  1.86584200927784116e+00
 4.14500000000003401e-07  5.00012741004570604e-01  9.99899116218034775e-03  1.86625502088500439e+00
 4.15500000000003423e-07  5.00012741004561501e-01  9.99899728605220008e-03  1.86666392282067117e+00
 4.16500000000003445e-07  5.00012741004552508e-01  9.99900338585732462e-03  1.86706875597812272e+00
 4.17500000000003467e-07  5.00012741004543626e-01  9.99900946161211800e-03  1.86746956084373150e+00
 4.18500000000003489e-07  5.00012741004534744e-01  9.99901551341818295e-03  1.86786637750101114e+00
 4.19500000000003512e-07  5.00012741004525973e-01  9.99902154103341975e-03  1.86825924563462364e+00
 4.20500000000003534e-07  5.00012741004517203e-01  9.99902754454172309e-03  1.86864820453434888e+00
 4.21500000000003556e-07  5.00012741004508543e-01  9.99903352403489279e-03  1.86903329309901367e+00
 4.22500000000003578e-07  5.00012741004499883e-01  9.99903947952921618e-03  1.86941454984038247e+00
 4.23500000000003600e-07  5.00012741004491224e-01  9.99904541074268446e-03  1.86979201288700869e+00
 4.24500000000003623e-07  5.00012741004482675e-01  9.99905131775764323e-03  1.87016571998804748e+00
 4.25500000000003645e-07  5.00012741004474126e-01  9.99905720056832800e-03  1.87053570851703022e+00
 4.26500000000003667e-07  5.00012741004465577e-01  9.99906305917589236e-03  1.87090201547560375e+00
 4.27500000000003689e-07  5.00012741004457251e-01  9.99906889360603450e-03  1.87126467749722991e+00
 4.28500000000003711e-07  5.00012741004448813e-01  9.99907470393044014e-03  1.87162373085084965e+00
 4.29500000000003733e-07  5.00012741004440486e-01  9.99908049024873444e-03  1.87197921144450929e+00
 4.30500000000003756e-07  5.00012741004432271e-01  9.99908625270236329e-03  1.87233115482895318e+00
 4.31500000000003778e-07  5.00012741004424055e-01  9.99909199100372167e-03  1.87267959620117663e+00
 4.32500000000003800e-07  5.00012741004415839e-01  9.99909770518163377e-03  1.87302457040794823e+00
 4.33500000000003822e-07  5.00012741004407846e-01  9.99910339521525339e-03  1.87336611194929326e+00
 4.34500000000003844e-07  5.00012741004399852e-01  9.99910906124434201e-03  1.87370425498194515e+00
 4.35500000000003867e-07  5.00012741004391859e-01  9.99911470335411098e-03  1.87403903332276078e+00
 4.36500000000003889e-07  5.00012741004383976e-01  9.99912032129923571e-03  1.87437048045210197e+00
 4.37500000000003911e-07  5.00012741004376093e-01  9.99912591513303813e-03  1.87469862951718480e+00
 4.38500000000003933e-07  5.00012741004368322e-01  9.99913148506955535e-03  1.87502351333539319e+00
 4.39500000000003955e-07  5.00012741004360661e-01  9.99913703126237632e-03  1.87534516439756249e+00
 4.40500000000003978e-07  5.00012741004353001e-01  9.99914255351098610e-03  1.87566361487122757e+00
 4.41500000000004000e-07  5.00012741004345340e-01  9.99914805143741793e-03  1.87597889660384021e+00
 4.42500000000004022e-07  5.00012741004337791e-01  9.99915352535634024e-03  1.87629104112595502e+00
 4.43500000000004044e-07  5.00012741004330352e-01  9.99915897547248682e-03  1.87660007965438047e+00
 4.44500000000004066e-07  5.00012741004322914e-01  9.99916440194805606e-03  1.87690604309530373e+00
 4.45500000000004088e-07  5.00012741004315475e-01  9.99916980502953481e-03  1.87720896204737864e+00
 4.46500000000004111e-07  5.00012741004308148e-01  9.99917518426267013e-03  1.87750886680478835e+00
 4.47500000000004133e-07  5.00012741004300820e-01  9.99918053943214119e-03  1.87780578736027315e+00
 4.48500000000004155e-07  5.00012741004293604e-01  9.99918587038504426e-03  1.87809975340813051e+00
 4.49500000000004177e-07  5.00012741004286498e-01  9.99919117746955570e-03  1.87839079434718537e+00
 4.50500000000004199e-07  5.00012741004279393e-01  9.99919646106101935e-03  1.87867893928372864e+00
 4.51500000000004222e-07  5.00012741004272399e-01  9.99920172130588231e-03  1.87896421703443028e+00
 4.52500000000004244e-07  5.00012741004265404e-01  9.99920695796258432e-03  1.87924665612921915e+00
 4.53500000000004266e-07  5.00012741004258410e-01  9.99921217101807855e-03  1.87952628481413764e+00
 4.54500000000004288e-07  5.00012741004251526e-01  9.99921736063953161e-03  1.87980313105416630e+00
 4.55500000000004310e-07  5.00012741004244754e-01  9.99922252663951704e-03  1.88007722253601917e+00
 4.56500000000004333e-07  5.00012741004237982e-01  9.99922766926968944e-03  1.88034858667091376e+00
 4.57500000000004355e-07  5.00012741004231320e-01  9.99923278854226473e-03  1.88061725059731311e+00
 4.58500000000004377e-07  5.00012741004224770e-01  9.99923788435211520e-03  1.88088324118363892e+00
 4.59500000000004399e-07  5.00012741004218109e-01  9.99924295666615795e-03  1.88114658503095789e+00
 4.60500000000004421e-07  5.00012741004211558e-01  9.99924800561283536e-03  1.88140730847564330e+00
 4.61500000000004444e-07  5.00012741004205119e-01  9.99925303140067508e-03  1.88166543759200811e+00
 4.62500000000004466e-07  5.00012741004198680e-01  9.99925803398979927e-03  1.88192099819491365e+00
 4.63500000000004488e-07  5.00012741004192129e-01  9.99926301336628159e-03  1.88217401584234967e+00
 4.64500000000004510e-07  5.00012741004185690e-01  9.99926796974751932e-03  1.88242451583799197e+00
 4.65500000000004532e-07  5.00012741004179362e-01  9.99927290307794751e-03  1.88267252323373113e+00
 4.66500000000004554e-07  5.00012741004172923e-01  9.99927781327661531e-03  1.88291806283217977e+00
 4.67500000000004577e-07  5.00012741004166705e-01  9.99928270064635166e-03  1.88316115918915172e+00
 4.68500000000004599e-07  5.00012741004160488e-01  9.99928756511873559e-03  1.88340183661611826e+00
 4.69500000000004621e-07  5.00012741004154382e-01  9.99929240662757873e-03  1.88364011918263996e+00
 4.70500000000004643e-07  5.00012741004148165e-01  9.99929722532807985e-03  1.88387603071877208e+00
 4.71500000000004665e-07  5.00012741004142169e-01  9.99930202120335315e-03  1.88410959481744977e+00
 4.72500000000004688e-07  5.00012741004136174e-01  9.99930679437673574e-03  1.88434083483684667e+00
 4.73500000000004710e-07  5.00012741004130179e-01  9.99931154514590442e-03  1.88456977390271074e+00
 4.74500000000004732e-07  5.00012741004124295e-01  9.99931627338972867e-03  1.88479643491067739e+00
 4.75500000000004754e-07  5.00012741004118522e-01  9.99932097894449916e-03  1.88502084052855934e+00
 4.76500000000004776e-07  5.00012741004112748e-01  9.99932566179207762e-03  1.88524301319861265e+00
 4.77500000000004746e-07  5.00012741004106975e-01  9.99933032208891875e-03  1.88546297513978156e+00
 4.78500000000004715e-07  5.00012741004101202e-01  9.99933495996389865e-03  1.88568074834992205e+00
 4.79500000000004684e-07  5.00012741004095540e-01  9.99933957566054993e-03  1.88589635460799898e+00
 4.80500000000004653e-07  5.00012741004089878e-01  9.99934416921299286e-03  1.88610981547626588e+00
 4.81500000000004623e-07  5.00012741004084438e-01  9.99934874049245373e-03  1.88632115230242237e+00
 4.82500000000004592e-07  5.00012741004078887e-01  9.99935328939624384e-03  1.88653038622174640e+00
 4.83500000000004561e-07  5.00012741004073447e-01  9.99935781608368539e-03  1.88673753815920997e+00
 4.84500000000004530e-07  5.00012741004067895e-01  9.99936232069388239e-03  1.88694262883157049e+00
 4.85500000000004500e-07  5.00012741004062455e-01  9.99936680348900882e-03  1.88714567874944450e+00
 4.86500000000004469e-07  5.00012741004057126e-01  9.99937126428583969e-03  1.88734670821935668e+00
 4.87500000000004438e-07  5.00012741004051797e-01  9.99937570313516599e-03  1.88754573734577269e+00
 4.88500000000004407e-07  5.00012741004046468e-01  9.99938012018660068e-03  1.88774278603310730e+00
 4.89500000000004377e-07  5.00012741004041250e-01  9.99938451564884312e-03  1.88793787398771729e+00
 4.90500000000004346e-07  5.00012741004036143e-01  9.99938888953640602e-03  1.88813102071987160e+00
 4.91500000000004315e-07  5.00012741004031036e-01  9.99939324202151619e-03  1.88832224554570205e+00
 4.92500000000004284e-07  5.00012741004026040e-01  9.99939757278306071e-03  1.88851156758913441e+00
 4.93500000000004254e-07  5.00012741004021044e-01  9.99940188189299937e-03  1.88869900578380312e+00
 4.94500000000004223e-07  5.00012741004016048e-01  9.99940616962010850e-03  1.88888457887494310e+00
 4.95500000000004192e-07  5.00012741004011163e-01  9.99941043610906057e-03  1.88906830542126492e+00
 4.96500000000004161e-07  5.00012741004006278e-01  9.99941468117594538e-03  1.88925020379681019e+00
 4.97500000000004131e-07  5.00012741004001504e-01  9.99941890480967634e-03  1.88943029219278968e+00
 4.98500000000004100e-07  5.00012741003996730e-01  9.99942310716687467e-03  1.88960858861940340e+00
 4.99500000000004069e-07  5.00012741003991845e-01  9.99942728862599980e-03  1.88978511090764045e+00
 5.00500000000004038e-07  5.00012741003987182e-01  9.99943144913332908e-03  1.88995987671106258e+00
 5.01500000000004008e-07  5.00012741003982519e-01  9.99943558871743167e-03  1.89013290350756935e+00
 5.02500000000003977e-07  5.00012741003977967e-01  9.99943970712169686e-03  1.89030420860114701e+00
 5.03500000000003946e-07  5.00012741003973304e-01  9.99944380455152632e-03  1.89047380912359864e+00
 5.04500000000003915e-07  5.00012741003968753e-01  9.99944788139245366e-03  1.89064172203625747e+00
 5.05500000000003885e-07  5.00012741003964312e-01  9.99945193767120578e-03  1.89080796413168239e+00
 5.06500000000003854e-07  5.00012741003959871e-01  9.99945597341570826e-03  1.89097255203533843e+00
 5.07500000000003823e-07  5.00012741003955430e-01  9.99945998846752879e-03  1.89113550220725846e+00
 5.08500000000003792e-07  5.00012741003951100e-01  9.99946398278177793e-03  1.89129683094369083e+00
 5.09500000000003762e-07  5.00012741003946770e-01  9.99946795646065346e-03  1.89145655437872695e+00
 5.10500000000003731e-07  5.00012741003942440e-01  9.99947190971135422e-03  1.89161468848591618e+00
 5.11500000000003700e-07  5.00012741003938110e-01  9.99947584284821209e-03  1.89177124907986371e+00
 5.12500000000003669e-07  5.00012741003933781e-01  9.99947975578282557e-03  1.89192625181781082e+00
 5.13500000000003639e-07  5.00012741003929562e-01  9.99948364873380624e-03  1.89207971220120208e+00
 5.14500000000003608e-07  5.00012741003925454e-01  9.99948752169508605e-03  1.89223164557723411e+00
 5.15500000000003577e-07  5.00012741003921346e-01  9.99949137470919000e-03  1.89238206714039237e+00
 5.16500000000003546e-07  5.00012741003917238e-01  9.99949520769584724e-03  1.89253099193396856e+00
 5.17500000000003516e-07  5.00012741003913130e-01  9.99949902072033540e-03  1.89267843485156662e+00
 5.18500000000003485e-07  5.00012741003909134e-01  9.99950281369888297e-03  1.89282441063859208e+00
 5.19500000000003454e-07  5.00012741003905137e-01  9.99950658695842980e-03  1.89296893389372567e+00
 5.20500000000003423e-07  5.00012741003901140e-01  9.99951034060390063e-03  1.89311201907038407e+00
 5.21500000000003393e-07  5.00012741003897254e-01  9.99951407459497531e-03  1.89325368047816567e+00
 5.22500000000003362e-07  5.00012741003893479e-01  9.99951778894631223e-03  1.89339393228428121e+00
 5.23500000000003331e-07  5.00012741003889705e-01  9.99952148396938273e-03  1.89353278851496998e+00
 5.24500000000003300e-07  5.00012741003885930e-01  9.99952515988425210e-03  1.89367026305690356e+00
 5.25500000000003270e-07  5.00012741003882155e-01  9.99952881651878026e-03  1.89380636965857407e+00
 5.26500000000003239e-07  5.00012741003878491e-01  9.99953245354431516e-03  1.89394112193166952e+00
 5.27500000000003208e-07  5.00012741003874828e-01  9.99953607116931681e-03  1.89407453335243514e+00
 5.28500000000003177e-07  5.00012741003871164e-01  9.99953966959966217e-03  1.89420661726302031e+00
 5.29500000000003147e-07  5.00012741003867500e-01  9.99954324922713682e-03  1.89433738687281328e+00
 5.30500000000003116e-07  5.00012741003863947e-01  9.99954681026185392e-03  1.89446685525976277e+00
 5.31500000000003085e-07  5.00012741003860506e-01  9.99955035256092431e-03  1.89459503537168494e+00
 5.32500000000003054e-07  5.00012741003857064e-01  9.99955387604232505e-03  1.89472194002755834e+00
 5.33500000000003024e-07  5.00012741003853622e-01  9.99955738054169110e-03  1.89484758191880753e+00
 5.34500000000002993e-07  5.00012741003850181e-01  9.99956086617423065e-03  1.89497197361056990e+00
 5.35500000000002962e-07  5.00012741003846850e-01  9.99956433309804639e-03  1.89509512754295462e+00
 5.36500000000002931e-07  5.00012741003843519e-01  9.99956778128979415e-03  1.89521705603228452e+00
 5.37500000000002901e-07  5.00012741003840189e-01  9.99957121094492522e-03  1.89533777127232916e+00
 5.38500000000002870e-07  5.00012741003836969e-01  9.99957462225611535e-03  1.89545728533552360e+00
 5.39500000000002839e-07  5.00012741003833638e-01  9.99957801558870769e-03  1.89557561017417742e+00
 5.40500000000002808e-07  5.00012741003830419e-01  9.99958139090005062e-03  1.89569275762166778e+00
 5.41500000000002778e-07  5.00012741003827310e-01  9.99958474799785696e-03  1.89580873939362382e+00
 5.42500000000002747e-07  5.00012741003824202e-01  9.99958808690344127e-03  1.89592356708909837e+00
 5.43500000000002716e-07  5.00012741003821093e-01  9.99959140776058783e-03  1.89603725219172858e+00
 5.44500000000002685e-07  5.00012741003817984e-01  9.99959471060591146e-03  1.89614980607088279e+00
 5.45500000000002655e-07  5.00012741003814987e-01  9.99959799553301262e-03  1.89626123998279894e+00
 5.46500000000002624e-07  5.00012741003812100e-01  9.99960126257300706e-03  1.89637156507170968e+00
 5.47500000000002593e-07  5.00012741003809214e-01  9.99960451186876487e-03  1.89648079237095701e+00
 5.48500000000002562e-07  5.00012741003806327e-01  9.99960774357002910e-03  1.89658893280409524e+00
 5.49500000000002532e-07  5.00012741003803329e-01  9.99961095780641136e-03  1.89669599718598492e+00
 5.50500000000002501e-07  5.00012741003800443e-01  9.99961415458523045e-03  1.89680199622387269e+00
 5.51500000000002470e-07  5.00012741003797667e-01  9.99961733400329261e-03  1.89690694051846220e+00
 5.52500000000002439e-07  5.00012741003794781e-01  9.99962049594349534e-03  1.89701084056497549e+00
 5.53500000000002409e-07  5.00012741003791894e-01  9.99962364040206907e-03  1.89711370675420210e+00
 5.54500000000002378e-07  5.00012741003789118e-01  9.99962676746713949e-03  1.89721554937353720e+00
 5.55500000000002347e-07  5.00012741003786343e-01  9.99962987737493085e-03  1.89731637860801206e+00
 5.56500000000002316e-07  5.00012741003783678e-01  9.99963297047300713e-03  1.89741620454131144e+00
 5.57500000000002286e-07  5.00012741003781014e-01  9.99963604679641321e-03  1.89751503715678260e+00
 5.58500000000002255e-07  5.00012741003778349e-01  9.99963910606897766e-03  1.89761288633843317e+00
 5.59500000000002224e-07  5.00012741003775685e-01  9.99964214836140258e-03  1.89770976187192053e+00
 5.60500000000002193e-07  5.00012741003773020e-01  9.99964517373287502e-03  1.89780567344552953e+00
 5.61500000000002163e-07  5.00012741003770467e-01  9.99964818231038714e-03  1.89790063065114123e+00
 5.62500000000002132e-07  5.00012741003767913e-01  9.99965117432759405e-03  1.89799464298519371e+00
 5.63500000000002101e-07  5.00012741003765471e-01  9.99965414979432123e-03  1.89808771984963065e+00
 5.64500000000002070e-07  5.00012741003763028e-01  9.99965710872529820e-03  1.89817987055284054e+00
 5.65500000000002040e-07  5.00012741003760475e-01  9.99966005114215524e-03  1.89827110431058999e+00
 5.66500000000002009e-07  5.00012741003758143e-01  9.99966297727618997e-03  1.89836143024694382e+00
 5.67500000000001978e-07  5.00012741003755812e-01  9.99966588710778266e-03  1.89845085739517749e+00
 5.68500000000001947e-07  5.00012741003753480e-01  9.99966878075526228e-03  1.89853939469868083e+00
 5.69500000000001917e-07  5.00012741003751149e-01  9.99967165814702810e-03  1.89862705101185303e+00
 5.70500000000001886e-07  5.00012741003748817e-01  9.99967451941486188e-03  1.89871383510098712e+00
 5.71500000000001855e-07  5.00012741003746486e-01  9.99967736471913879e-03  1.89879975564514769e+00
 5.72500000000001824e-07  5.00012741003744376e-01  9.99968019429545163e-03  1.89888482123703772e+00
 5.73500000000001794e-07  5.00012741003742156e-01  9.99968300796678748e-03  1.89896904038385861e+00
 5.74500000000001763e-07  5.00012741003739936e-01  9.99968580588412453e-03  1.89905242150816145e+00
 5.75500000000001732e-07  5.00012741003737826e-01  9.99968858815292183e-03  1.89913497294868772e+00
 5.76500000000001701e-07  5.00012741003735606e-01  9.99969135488162561e-03  1.89921670296120504e+00
 5.77500000000001671e-07  5.00012741003733496e-01  9.99969410593837607e-03  1.89929761971933164e+00
 5.78500000000001640e-07  5.00012741003731498e-01  9.99969684115561454e-03  1.89937773131535503e+00
 5.79500000000001609e-07  5.00012741003729499e-01  9.99969956078730973e-03  1.89945704576103913e+00
 5.80500000000001578e-07  5.00012741003727501e-01  9.99970226531681980e-03  1.89953557098842762e+00
 5.81500000000001548e-07  5.00012741003725614e-01  9.99970495444970145e-03  1.89961331485063623e+00
 5.82500000000001517e-07  5.00012741003723726e-01  9.99970762816132161e-03  1.89969028512263804e+00
 5.83500000000001486e-07  5.00012741003721839e-01  9.99971028691411593e-03  1.89976648950204208e+00
 5.84500000000001455e-07  5.00012741003719952e-01  9.99971293061787010e-03  1.89984193560986081e+00
 5.85500000000001425e-07  5.00012741003718064e-01  9.99971555931432332e-03  1.89991663099127517e+00
 5.86500000000001394e-07  5.00012741003716288e-01  9.99971817315719116e-03  1.89999058311638747e+00
 5.87500000000001363e-07  5.00012741003714511e-01  9.99972077228936627e-03  1.90006379938096814e+00
 5.88500000000001332e-07  5.00012741003712735e-01  9.99972335658947699e-03  1.90013628710719740e+00
 5.89500000000001302e-07  5.00012741003710959e-01  9.99972592604340092e-03  1.90020805354439437e+00
 5.90500000000001271e-07  5.00012741003709293e-01  9.99972848067056004e-03  1.90027910586974547e+00
 5.91500000000001240e-07  5.00012741003707628e-01  9.99973102059321939e-03  1.90034945118901932e+00
 5.92500000000001209e-07  5.00012741003706074e-01  9.99973354611110796e-03  1.90041909653727870e+00
 5.93500000000001179e-07  5.00012741003704408e-01  9.99973605733615184e-03  1.90048804887958478e+00
 5.94500000000001148e-07  5.00012741003702743e-01  9.99973855418418746e-03  1.90055631511169199e+00
 5.95500000000001117e-07  5.00012741003701078e-01  9.99974103673911471e-03  1.90062390206073983e+00
 5.96500000000001086e-07  5.00012741003699412e-01  9.99974350490775120e-03  1.90069081648593263e+00
 5.97500000000001056e-07  5.00012741003697969e-01  9.99974595869613549e-03  1.90075706507921871e+00
 5.98500000000001025e-07  5.00012741003696526e-01  9.99974839829239313e-03  1.90082265446595744e+00
 5.99500000000000994e-07  5.00012741003695083e-01  9.99975082397863875e-03  1.90088759120558359e+00
 6.00500000000000963e-07  5.00012741003693639e-01  9.99975323571434573e-03  1.90095188179226060e+00
 6.01500000000000933e-07  5.00012741003692196e-01  9.99975563339991144e-03  1.90101553265553269e+00
 6.02500000000000902e-07  5.00012741003690864e-01  9.99975801720735628e-03  1.90107855016096705e+00
 6.03500000000000871e-07  5.00012741003689420e-01  9.99976038723345874e-03  1.90114094061078953e+00
 6.04500000000000840e-07  5.00012741003688088e-01  9.99976274374819729e-03  1.90120271024451726e+00
 6.05500000000000810e-07  5.00012741003686867e-01  9.99976508667850192e-03  1.90126386523957924e+00
 6.06500000000000779e-07  5.00012741003685646e-01  9.99976741595357335e-03  1.90132441171193722e+00
 6.07500000000000748e-07  5.00012741003684313e-01  9.99976973157598245e-03  1.90138435571669517e+00
 6.08500000000000717e-07  5.00012741003682981e-01  9.99977203359588701e-03  1.90144370324870660e+00
 6.09500000000000687e-07  5.00012741003681649e-01  9.99977432234358705e-03  1.90150246024317271e+00
 6.10500000000000656e-07  5.00012741003680317e-01  9.99977659774600909e-03  1.90156063257623664e+00
 6.11500000000000625e-07  5.00012741003679095e-01  9.99977885982638107e-03  1.90161822606557052e+00
 6.12500000000000594e-07  5.00012741003677874e-01  9.99978110864492738e-03  1.90167524647095854e+00
 6.13500000000000564e-07  5.00012741003676653e-01  9.99978334428066121e-03  1.90173169949487186e+00
 6.14500000000000533e-07  5.00012741003675432e-01  9.99978556696576489e-03  1.90178759078303949e+00
 6.15500000000000502e-07  5.00012741003674321e-01  9.99978777669674988e-03  1.90184292592501181e+00
 6.16500000000000471e-07  5.00012741003673211e-01  9.99978997338868761e-03  1.90189771045472100e+00
 6.17500000000000441e-07  5.00012741003672101e-01  9.99979215711014474e-03  1.90195194985103400e+00
 6.18500000000000410e-07  5.00012741003670991e-01  9.99979432808197934e-03  1.90200564953829954e+00
 6.19500000000000379e-07  5.00012741003669992e-01  9.99979648632094535e-03  1.90205881488689199e+00
 6.20500000000000348e-07  5.00012741003669103e-01  9.99979863205393421e-03  1.90211145121374825e+00
 6.21500000000000318e-07  5.00012741003668215e-01  9.99980076542978692e-03  1.90216356378289775e+00
 6.22500000000000287e-07  5.00012741003667327e-01  9.99980288626536352e-03  1.90221515780599137e+00
 6.23500000000000256e-07  5.00012741003666439e-01  9.99980499423943313e-03  1.90226623844282039e+00
 6.24500000000000225e-07  5.00012741003665551e-01  9.99980708972563956e-03  1.90231681080183468e+00
 6.25500000000000195e-07  5.00012741003664662e-01  9.99980917298976327e-03  1.90236687994065168e+00
 6.26500000000000164e-07  5.00012741003663885e-01  9.99981124387011935e-03  1.90241645086656375e+00
 6.27500000000000133e-07  5.00012741003662997e-01  9.99981330258022799e-03  1.90246552853703732e+00
 6.28500000000000102e-07  5.00012741003662220e-01  9.99981534923508573e-03  1.90251411786021052e+00
 6.29500000000000072e-07  5.00012741003661332e-01  9.99981738363267883e-03  1.90256222369538275e+00
 6.30500000000000041e-07  5.00012741003660444e-01  9.99981940608593751e-03  1.90260985085350010e+00
 6.31500000000000010e-07  5.00012741003659555e-01  9.99982141658171605e-03  1.90265700409763805e+00
 6.32499999999999979e-07  5.00012741003658667e-01  9.99982341488633332e-03  1.90270368814347757e+00
 6.33499999999999949e-07  5.00012741003657779e-01  9.99982540111529761e-03  1.90274990765977559e+00
 6.34499999999999918e-07  5.00012741003656891e-01  9.99982737548397137e-03  1.90279566726883309e+00
 6.35499999999999887e-07  5.00012741003656114e-01  9.99982933828495041e-03  1.90284097154695586e+00
 6.36499999999999856e-07  5.00012741003655448e-01  9.99983128951585469e-03  1.90288582502491410e+00
 6.37499999999999826e-07  5.00012741003654781e-01  9.99983322916581964e-03  1.90293023218839452e+00
 6.38499999999999795e-07  5.00012741003654115e-01  9.99983515732164908e-03  1.90297419747844843e+00
 6.39499999999999764e-07  5.00012741003653449e-01  9.99983707392976609e-03  1.90301772529193669e+00
 6.40499999999999733e-07  5.00012741003652783e-01  9.99983897890223405e-03  1.90306081998196985e+00
 6.41499999999999703e-07  5.00012741003652117e-01  9.99984087245656648e-03  1.90310348585834199e+00
 6.42499999999999672e-07  5.00012741003651451e-01  9.99984275463964428e-03  1.90314572718796304e+00
 6.43499999999999641e-07  5.00012741003650896e-01  9.99984462555100068e-03  1.90318754819528513e+00
 6.44499999999999610e-07  5.00012741003650341e-01  9.99984648537011016e-03  1.90322895306272466e+00
 6.45499999999999580e-07  5.00012741003649785e-01  9.99984833429405987e-03  1.90326994593108023e+00
 6.46499999999999549e-07  5.00012741003649341e-01  9.99985017207914891e-03  1.90331053089994939e+00
 6.47499999999999518e-07  5.00012741003648897e-01  9.99985199872168752e-03  1.90335071202813477e+00
 6.48499999999999487e-07  5.00012741003648453e-01  9.99985381432231223e-03  1.90339049333405286e+00
 6.49499999999999457e-07  5.00012741003648009e-01  9.99985561902153215e-03  1.90342987879613479e+00
 6.50499999999999426e-07  5.00012741003647565e-01  9.99985741306417750e-03  1.90346887235322382e+00
 6.51499999999999395e-07  5.00012741003647121e-01  9.99985919614545388e-03  1.90350747790497032e+00
 6.52499999999999364e-07  5.00012741003646788e-01  9.99986096815729843e-03  1.90354569931222084e+00
 6.53499999999999334e-07  5.00012741003646455e-01  9.99986272943375297e-03  1.90358354039740485e+00
 6.54499999999999303e-07  5.00012741003646122e-01  9.99986448014544838e-03  1.90362100494491693e+00
 6.55499999999999272e-07  5.00012741003645789e-01  9.99986622048009040e-03  1.90365809670149422e+00
 6.56499999999999241e-07  5.00012741003645456e-01  9.99986795036391166e-03  1.90369481937659257e+00
 6.57499999999999211e-07  5.00012741003645123e-01  9.99986966989830674e-03  1.90373117664275715e+00
 6.58499999999999180e-07  5.00012741003644789e-01  9.99987137892908301e-03  1.90376717213598856e+00
 6.59499999999999149e-07  5.00012741003644567e-01  9.99987307745902644e-03  1.90380280945610858e+00
 6.60499999999999118e-07  5.00012741003644345e-01  9.99987476550477129e-03  1.90383809216711808e+00
 6.61499999999999088e-07  5.00012741003644012e-01  9.99987644328925555e-03  1.90387302379755452e+00
 6.62499999999999057e-07  5.00012741003643790e-01  9.99987811096036787e-03  1.90390760784084434e+00
 6.63499999999999026e-07  5.00012741003643568e-01  9.99987976861650869e-03  1.90394184775565356e+00
 6.64499999999998995e-07  5.00012741003643457e-01  9.99988141640762232e-03  1.90397574696623151e+00
 6.65499999999998965e-07  5.00012741003643346e-01  9.99988305412310464e-03  1.90400930886275588e+00
 6.66499999999998934e-07  5.00012741003643235e-01  9.99988468161663521e-03  1.90404253680166957e+00
 6.67499999999998903e-07  5.00012741003643124e-01  9.99988629917991645e-03  1.90407543410601776e+00
 6.68499999999998872e-07  5.00012741003643013e-01  9.99988790704379148e-03  1.90410800406577851e+00
 6.69499999999998842e-07  5.00012741003642902e-01  9.99988950496522380e-03  1.90414024993819408e+00
 6.70499999999998811e-07  5.00012741003642680e-01  9.99989109305254864e-03  1.90417217494809576e+00
 6.71499999999998780e-07  5.00012741003642569e-01  9.99989267145989097e-03  1.90420378228822473e+00
 6.72499999999998749e-07  5.00012741003642569e-01  9.99989424047060919e-03  1.90423507511955381e+00
 6.73499999999998719e-07  5.00012741003642569e-01  9.99989580011799613e-03  1.90426605657160275e+00
 6.74499999999998688e-07  5.00012741003642569e-01  9.99989734989292257e-03  1.90429672974275110e+00
 6.75499999999998657e-07  5.00012741003642569e-01  9.99989888985129520e-03  1.90432709770054687e+00
 6.76499999999998626e-07  5.00012741003642569e-01  9.99990042033932491e-03  1.90435716348201578e+00
 6.77499999999998596e-07  5.00012741003642569e-01  9.99990194186294382e-03  1.90438693009396265e+00
 6.78499999999998565e-07  5.00012741003642569e-01  9.99990345424623533e-03  1.90441640051327310e+00
 6.79499999999998534e-07  5.00012741003642569e-01  9.99990495724778494e-03  1.90444557768721157e+00
 6.80499999999998503e-07  5.00012741003642569e-01  9.99990645071531688e-03  1.90447446453371660e+00
 6.81499999999998473e-07  5.00012741003642569e-01  9.99990793462194986e-03  1.90450306394169044e+00
 6.82499999999998442e-07  5.00012741003642569e-01  9.99990940935234322e-03  1.90453137877129008e+00
 6.83499999999998411e-07  5.00012741003642680e-01  9.99991087522379869e-03  1.90455941185421218e+00
 6.84499999999998380e-07  5.00012741003642902e-01  9.99991233225212654e-03  1.90458716599397615e+00
 6.85499999999998350e-07  5.00012741003643013e-01  9.99991378033636066e-03  1.90461464396620594e+00
 6.86499999999998319e-07  5.00012741003643235e-01  9.99991521939155338e-03  1.90464184851890694e+00
 6.87499999999998288e-07  5.00012741003643457e-01  9.99991664951126874e-03  1.90466878237273884e+00
 6.88499999999998257e-07  5.00012741003643679e-01  9.99991807080625496e-03  1.90469544822129055e+00
 6.89499999999998227e-07  5.00012741003643901e-01  9.99991948332527684e-03  1.90472184873134909e+00
 6.90499999999998196e-07  5.00012741003644123e-01  9.99992088706003202e-03  1.90474798654316402e+00
 6.91499999999998165e-07  5.00012741003644234e-01  9.99992228201274959e-03  1.90477386427071460e+00
 6.92499999999998134e-07  5.00012741003644456e-01  9.99992366841865633e-03  1.90479948450196823e+00
 6.93499999999998104e-07  5.00012741003644678e-01  9.99992504628328949e-03  1.90482484979914157e+00
 6.94499999999998073e-07  5.00012741003644900e-01  9.99992641579516492e-03  1.90484996269895657e+00
 6.95499999999998042e-07  5.00012741003645234e-01  9.99992777692997048e-03  1.90487482571289246e+00
 6.96499999999998011e-07  5.00012741003645567e-01  9.99992912954845645e-03  1.90489944132743827e+00
 6.97499999999997981e-07  5.00012741003645900e-01  9.99993047370794155e-03  1.90492381200434124e+00
 6.98499999999997950e-07  5.00012741003646233e-01  9.99993180943154619e-03  1.90494794018085312e+00
 6.99499999999997919e-07  5.00012741003646677e-01  9.99993313660877195e-03  1.90497182826997369e+00
 7.00499999999997888e-07  5.00012741003647010e-01  9.99993445544612898e-03  1.90499547866069241e+00
 7.01499999999997858e-07  5.00012741003647343e-01  9.99993576618692960e-03  1.90501889371822708e+00
 7.02499999999997827e-07  5.00012741003647676e-01  9.99993706875683570e-03  1.90504207578426032e+00
 7.03499999999997796e-07  5.00012741003648009e-01  9.99993836320959596e-03  1.90506502717717363e+00
 7.04499999999997765e-07  5.00012741003648453e-01  9.99993964971135525e-03  1.90508775019227961e+00
 7.05499999999997735e-07  5.00012741003648897e-01  9.99994092828541958e-03  1.90511024710205112e+00
 7.06499999999997704e-07  5.00012741003649341e-01  9.99994219890006433e-03  1.90513252015634937e+00
 7.07499999999997673e-07  5.00012741003649674e-01  9.99994346150535722e-03  1.90515457158264812e+00
 7.08499999999997642e-07  5.00012741003650119e-01  9.99994471607110365e-03  1.90517640358625573e+00
 7.09499999999997612e-07  5.00012741003650674e-01  9.99994596273285317e-03  1.90519801835053815e+00
 7.10499999999997581e-07  5.00012741003651229e-01  9.99994720157150983e-03  1.90521941803713513e+00
 7.11499999999997550e-07  5.00012741003651784e-01  9.99994843281516894e-03  1.90524060478617629e+00
 7.12499999999997519e-07  5.00012741003652339e-01  9.99994965649468603e-03  1.90526158071649676e+00
 7.13499999999997489e-07  5.00012741003652894e-01  9.99995087248944925e-03  1.90528234792584783e+00
 7.14499999999997458e-07  5.00012741003653449e-01  9.99995208070813407e-03  1.90530290849110773e+00
 7.15499999999997427e-07  5.00012741003654004e-01  9.99995328108829913e-03  1.90532326446848788e+00
 7.16499999999997396e-07  5.00012741003654559e-01  9.99995447370418539e-03  1.90534341789373940e+00
 7.17499999999997366e-07  5.00012741003655115e-01  9.99995565889782133e-03  1.90536337078235762e+00
 7.18499999999997335e-07  5.00012741003655559e-01  9.99995683678826797e-03  1.90538312512978192e+00
 7.19499999999997304e-07  5.00012741003656114e-01  9.99995800767675136e-03  1.90540268291159642e+00
 7.20499999999997273e-07  5.00012741003656669e-01  9.99995917136963820e-03  1.90542204608372612e+00
 7.21499999999997243e-07  5.00012741003657335e-01  9.99996032759264616e-03  1.90544121658263532e+00
 7.22499999999997212e-07  5.00012741003658001e-01  9.99996147619842957e-03  1.90546019632551822e+00
 7.23499999999997181e-07  5.00012741003658667e-01  9.99996261735255215e-03  1.90547898721049269e+00
 7.24499999999997150e-07  5.00012741003659333e-01  9.99996375138193991e-03  1.90549759111678885e+00
 7.25499999999997120e-07  5.00012741003660000e-01  9.99996487852819298e-03  1.90551600990493797e+00
 7.26499999999997089e-07  5.00012741003660666e-01  9.99996599861766727e-03  1.90553424541695771e+00
 7.27499999999997058e-07  5.00012741003661332e-01  9.99996711152095416e-03  1.90555229947653726e+00
 7.28499999999997027e-07  5.00012741003661998e-01  9.99996821721535652e-03  1.90557017388921923e+00
 7.29499999999996997e-07  5.00012741003662664e-01  9.99996931570749231e-03  1.90558787044257927e+00
 7.30499999999996966e-07  5.00012741003663330e-01  9.99997040711009602e-03  1.90560539090640635e+00
 7.31499999999996935e-07  5.00012741003663996e-01  9.99997149193002088e-03  1.90562273703287977e+00
 7.32499999999996904e-07  5.00012741003664662e-01  9.99997256991884062e-03  1.90563991055674276e+00
 7.33499999999996874e-07  5.00012741003665440e-01  9.99997364088208752e-03  1.90565691319547725e+00
 7.34499999999996843e-07  5.00012741003666106e-01  9.99997470522500861e-03  1.90567374664947553e+00
 7.35499999999996812e-07  5.00012741003666883e-01  9.99997576294770971e-03  1.90569041260221006e+00
 7.36499999999996781e-07  5.00012741003667660e-01  9.99997681399522088e-03  1.90570691272040249e+00
 7.37499999999996751e-07  5.00012741003668437e-01  9.99997785849238846e-03  1.90572324865418885e+00
 7.38499999999996720e-07  5.00012741003669214e-01  9.99997889635160370e-03  1.90573942203728541e+00
 7.39499999999996689e-07  5.00012741003670103e-01  9.99997992744250039e-03  1.90575543448715301e+00
 7.40499999999996658e-07  5.00012741003670991e-01  9.99998095177232968e-03  1.90577128760515824e+00
 7.41499999999996628e-07  5.00012741003671879e-01  9.99998196945520168e-03  1.90578698297673155e+00
 7.42499999999996597e-07  5.00012741003672767e-01  9.99998298066786043e-03  1.90580252217152912e+00
 7.43499999999996566e-07  5.00012741003673655e-01  9.99998398560756133e-03  1.90581790674358764e+00
 7.44499999999996535e-07  5.00012741003674543e-01  9.99998498421807158e-03  1.90583313823148037e+00
 7.45499999999996505e-07  5.00012741003675432e-01  9.99998597640626950e-03  1.90584821815847172e+00
 7.46499999999996474e-07  5.00012741003676320e-01  9.99998696228896096e-03  1.90586314803266732e+00
 7.47499999999996443e-07  5.00012741003677208e-01  9.99998794181770900e-03  1.90587792934716838e+00
 7.48499999999996412e-07  5.00012741003678096e-01  9.99998891502960549e-03  1.90589256358021730e+00
 7.49499999999996382e-07  5.00012741003678984e-01  9.99998988211291476e-03  1.90590705219534784e+00
 7.50499999999996351e-07  5.00012741003679873e-01  9.99999084306770966e-03  1.90592139664153137e+00
 7.51499999999996320e-07  5.00012741003680761e-01  9.99999179773871337e-03  1.90593559835332038e+00
 7.52499999999996289e-07  5.00012741003681649e-01  9.99999274635969375e-03  1.90594965875099320e+00
 7.53499999999996259e-07  5.00012741003682648e-01  9.99999368899165408e-03  1.90596357924069637e+00
 7.54499999999996228e-07  5.00012741003683647e-01  9.99999462556522625e-03  1.90597736121458317e+00
 7.55499999999996197e-07  5.00012741003684646e-01  9.99999555619316208e-03  1.90599100605095573e+00
 7.56499999999996166e-07  5.00012741003685646e-01  9.99999648088049573e-03  1.90600451511440094e+00
 7.57499999999996136e-07  5.00012741003686534e-01  9.99999739952935583e-03  1.90601788975592634e+00
 7.58499999999996105e-07  5.00012741003687422e-01  9.99999831199438124e-03  1.90603113131309776e+00
 7.59499999999996074e-07  5.00012741003688421e-01  9.99999921853112102e-03  1.90604424111017012e+00
 7.60499999999996043e-07  5.00012741003689420e-01  1.00000001194901506e-02  1.90605722045822290e+00
 7.61499999999996013e-07  5.00012741003690420e-01  1.00000010150166439e-02  1.90607007065528822e+00
 7.62499999999995982e-07  5.00012741003691530e-01  1.00000019046750013e-02  1.90608279298648320e+00
 7.63499999999995951e-07  5.00012741003692529e-01  1.00000027882504033e-02  1.90609538872413742e+00
 7.64499999999995920e-07  5.00012741003693528e-01  1.00000036661619784e-02  1.90610785912791925e+00
 7.65499999999995890e-07  5.00012741003694527e-01  1.00000045386609490e-02  1.90612020544496352e+00
 7.66499999999995859e-07  5.00012741003695527e-01  1.00000054058035151e-02  1.90613242890999501e+00
 7.67499999999995828e-07  5.00012741003696637e-01  1.00000062672664491e-02  1.90614453074545231e+00
 7.68499999999995797e-07  5.00012741003697636e-01  1.00000071229572260e-02  1.90615651216161086e+00
 7.69499999999995767e-07  5.00012741003698635e-01  1.00000079728600113e-02  1.90616837435670261e+00
 7.70499999999995736e-07  5.00012741003699634e-01  1.00000088171194480e-02  1.90618011851703617e+00
 7.71499999999995705e-07  5.00012741003700745e-01  1.00000096561980237e-02  1.90619174581711648e+00
 7.72499999999995674e-07  5.00012741003701855e-01  1.00000104900293280e-02  1.90620325741976160e+00
 7.73499999999995644e-07  5.00012741003702965e-01  1.00000113184906848e-02  1.90621465447621863e+00
 7.74499999999995613e-07  5.00012741003704186e-01  1.00000121415215627e-02  1.90622593812627916e+00
 7.75499999999995582e-07  5.00012741003705408e-01  1.00000129592039515e-02  1.90623710949839342e+00
 7.76499999999995551e-07  5.00012741003706629e-01  1.00000137715395010e-02  1.90624816970978284e+00
 7.77499999999995521e-07  5.00012741003707850e-01  1.00000145785662398e-02  1.90625911986655217e+00
 7.78499999999995490e-07  5.00012741003708960e-01  1.00000153802442607e-02  1.90626996106380009e+00
 7.79499999999995459e-07  5.00012741003710071e-01  1.00000161767130769e-02  1.90628069438572778e+00
 7.80499999999995428e-07  5.00012741003711292e-01  1.00000169681205529e-02  1.90629132090574860e+00
 7.81499999999995398e-07  5.00012741003712513e-01  1.00000177542913619e-02  1.90630184168659511e+00
 7.82499999999995367e-07  5.00012741003713734e-01  1.00000185353372652e-02  1.90631225778042435e+00
 7.83499999999995336e-07  5.00012741003714956e-01  1.00000193114174653e-02  1.90632257022892482e+00
 7.84499999999995305e-07  5.00012741003716177e-01  1.00000200823522224e-02  1.90633278006341866e+00
 7.85499999999995275e-07  5.00012741003717287e-01  1.00000208483002635e-02  1.90634288830496668e+00
 7.86499999999995244e-07  5.00012741003718397e-01  1.00000216096777436e-02  1.90635289596446955e+00
 7.87499999999995213e-07  5.00012741003719619e-01  1.00000223663193402e-02  1.90636280404276870e+00
 7.88499999999995182e-07  5.00012741003720840e-01  1.00000231179089814e-02  1.90637261353074683e+00
 7.89499999999995152e-07  5.00012741003722061e-01  1.00000238643784163e-02  1.90638232540942676e+00
 7.90499999999995121e-07  5.00012741003723282e-01  1.00000246057369846e-02  1.90639194065006956e+00
 7.91499999999995090e-07  5.00012741003724503e-01  1.00000253424775160e-02  1.90640146021427204e+00
 7.92499999999995059e-07  5.00012741003725614e-01  1.00000260744581189e-02  1.90641088505406264e+00
 7.93499999999995029e-07  5.00012741003726835e-01  1.00000268016873124e-02  1.90642021611199652e+00
 7.94499999999994998e-07  5.00012741003728056e-01  1.00000275240498884e-02  1.90642945432124944e+00
 7.95499999999994967e-07  5.00012741003729277e-01  1.00000282415863753e-02  1.90643860060571257e+00
 7.96499999999994936e-07  5.00012741003730610e-01  1.00000289543762892e-02  1.90644765588008336e+00
 7.97499999999994906e-07  5.00012741003731942e-01  1.00000296624742375e-02  1.90645662104995739e+00
 7.98499999999994875e-07  5.00012741003733385e-01  1.00000303660917594e-02  1.90646549701191925e+00
 7.99499999999994844e-07  5.00012741003734718e-01  1.00000310651771097e-02  1.90647428465363244e+00
 8.00499999999994813e-07  5.00012741003736050e-01  1.00000317596352986e-02  1.90648298485392709e+00
 8.01499999999994783e-07  5.00012741003737382e-01  1.00000324493893580e-02  1.90649159848288918e+00
 8.02499999999994752e-07  5.00012741003738714e-01  1.00000331346584651e-02  1.90650012640194721e+00
 8.03499999999994721e-07  5.00012741003740047e-01  1.00000338157055849e-02  1.90650856946395697e+00
 8.04499999999994690e-07  5.00012741003741379e-01  1.00000344924576264e-02  1.90651692851328813e+00
 8.05499999999994660e-07  5.00012741003742711e-01  1.00000351648336025e-02  1.90652520438590933e+00
 8.06499999999994629e-07  5.00012741003744043e-01  1.00000358327900513e-02  1.90653339790947007e+00
 8.07499999999994598e-07  5.00012741003745376e-01  1.00000364963736543e-02  1.90654150990338422e+00
 8.08499999999994567e-07  5.00012741003746819e-01  1.00000371555328347e-02  1.90654954117891284e+00
 8.09499999999994537e-07  5.00012741003748262e-01  1.00000378101555831e-02  1.90655749253924434e+00
 8.10499999999994506e-07  5.00012741003749706e-01  1.00000384602683210e-02  1.90656536477957461e+00
 8.11499999999994475e-07  5.00012741003751038e-01  1.00000391060508561e-02  1.90657315868718702e+00
 8.12499999999994444e-07  5.00012741003752370e-01  1.00000397475353726e-02  1.90658087504153073e+00
 8.13499999999994414e-07  5.00012741003753702e-01  1.00000403848159100e-02  1.90658851461429979e+00
 8.14499999999994383e-07  5.00012741003755146e-01  1.00000410180223608e-02  1.90659607816950949e+00
 8.15499999999994352e-07  5.00012741003756589e-01  1.00000416473210643e-02  1.90660356646357232e+00
 8.16499999999994321e-07  5.00012741003758032e-01  1.00000422727370714e-02  1.90661098024537434e+00
 8.17499999999994291e-07  5.00012741003759587e-01  1.00000428938776219e-02  1.90661832025634936e+00
 8.18499999999994260e-07  5.00012741003761141e-01  1.00000435108624688e-02  1.90662558723055420e+00
 8.19499999999994229e-07  5.00012741003762695e-01  1.00000441238336166e-02  1.90663278189474061e+00
 8.20499999999994198e-07  5.00012741003764138e-01  1.00000447327013072e-02  1.90663990496843017e+00
 8.21499999999994168e-07  5.00012741003765582e-01  1.00000453374716400e-02  1.90664695716398369e+00
 8.22499999999994137e-07  5.00012741003767136e-01  1.00000459379787458e-02  1.90665393918667392e+00
 8.23499999999994106e-07  5.00012741003768579e-01  1.00000465342906242e-02  1.90666085173475541e+00
 8.24499999999994075e-07  5.00012741003770023e-01  1.00000471267469009e-02  1.90666769549953585e+00
 8.25499999999994045e-07  5.00012741003771466e-01  1.00000477156488663e-02  1.90667447116544264e+00
 8.26499999999994014e-07  5.00012741003772909e-01  1.00000483006007293e-02  1.90668117941009441e+00
 8.27499999999993983e-07  5.00012741003774464e-01  1.00000488818515979e-02  1.90668782090436606e+00
 8.28499999999993952e-07  5.00012741003776018e-01  1.00000494593180892e-02  1.90669439631245674e+00
 8.29499999999993922e-07  5.00012741003777572e-01  1.00000500330433683e-02  1.90670090629195732e+00
 8.30499999999993891e-07  5.00012741003779126e-01  1.00000506029419706e-02  1.90670735149391501e+00
 8.31499999999993860e-07  5.00012741003780681e-01  1.00000511688474510e-02  1.90671373256289800e+00
 8.32499999999993829e-07  5.00012741003782235e-01  1.00000517309241956e-02  1.90672005013706203e+00
 8.33499999999993799e-07  5.00012741003783789e-01  1.00000522894043205e-02  1.90672630484821171e+00
 8.34499999999993768e-07  5.00012741003785233e-01  1.00000528443174239e-02  1.90673249732186623e+00
 8.35499999999993737e-07  5.00012741003786676e-01  1.00000533954660107e-02  1.90673862817731887e+00
 8.36499999999993706e-07  5.00012741003788119e-01  1.00000539428783779e-02  1.90674469802770163e+00
 8.37499999999993676e-07  5.00012741003789563e-01  1.00000544867329903e-02  1.90675070748004583e+00
 8.38499999999993645e-07  5.00012741003791006e-01  1.00000550268382667e-02  1.90675665713534159e+00
 8.39499999999993614e-07  5.00012741003792449e-01  1.00000555633634452e-02  1.90676254758859964e+00
 8.40499999999993583e-07  5.00012741003794003e-01  1.00000560963691976e-02  1.90676837942890987e+00
 8.41499999999993553e-07  5.00012741003795558e-01  1.00000566259232093e-02  1.90677415323949973e+00
 8.42499999999993522e-07  5.00012741003797112e-01  1.00000571519262161e-02  1.90677986959779444e+00
 8.43499999999993491e-07  5.00012741003798555e-01  1.00000576745140918e-02  1.90678552907547272e+00
 8.44499999999993460e-07  5.00012741003799999e-01  1.00000581935234516e-02  1.90679113223852559e+00
 8.45499999999993430e-07  5.00012741003801553e-01  1.00000587091318757e-02  1.90679667964731103e+00
 8.46499999999993399e-07  5.00012741003802996e-01  1.00000592212459369e-02  1.90680217185661216e+00
 8.47499999999993368e-07  5.00012741003804551e-01  1.00000597298452384e-02  1.90680760941569138e+00
 8.48499999999993337e-07  5.00012741003806105e-01  1.00000602350202757e-02  1.90681299286834549e+00
 8.49499999999993307e-07  5.00012741003807770e-01  1.00000607368660975e-02  1.90681832275296070e+00
 8.50499999999993276e-07  5.00012741003809436e-01  1.00000612351942297e-02  1.90682359960256531e+00
 8.51499999999993245e-07  5.00012741003811101e-01  1.00000617302435438e-02  1.90682882394488451e+00
 8.52499999999993214e-07  5.00012741003812766e-01  1.00000622220409053e-02  1.90683399630239148e+00
 8.53499999999993184e-07  5.00012741003814432e-01  1.00000627108366123e-02  1.90683911719236154e+00
 8.54499999999993153e-07  5.00012741003816097e-01  1.00000631965450285e-02  1.90684418712692261e+00
 8.55499999999993122e-07  5.00012741003817762e-01  1.00000636790737521e-02  1.90684920661310575e+00
 8.56499999999993091e-07  5.00012741003819428e-01  1.00000641580792835e-02  1.90685417615289765e+00
 8.57499999999993061e-07  5.00012741003821093e-01  1.00000646338226501e-02  1.90685909624328986e+00
 8.58499999999993030e-07  5.00012741003822758e-01  1.00000651063456361e-02  1.90686396737632857e+00
 8.59499999999992999e-07  5.00012741003824424e-01  1.00000655758203955e-02  1.90686879003916365e+00
 8.60499999999992968e-07  5.00012741003826089e-01  1.00000660423675176e-02  1.90687356471409841e+00
 8.61499999999992938e-07  5.00012741003827754e-01  1.00000665058756228e-02  1.90687829187863556e+00
 8.62499999999992907e-07  5.00012741003829420e-01  1.00000669660703298e-02  1.90688297200552759e+00
 8.63499999999992876e-07  5.00012741003831085e-01  1.00000674231424998e-02  1.90688760556282277e+00
 8.64499999999992845e-07  5.00012741003832750e-01  1.00000678770624796e-02  1.90689219301391200e+00
 8.65499999999992815e-07  5.00012741003834527e-01  1.00000683279132321e-02  1.90689673481757493e+00
 8.66499999999992784e-07  5.00012741003836192e-01  1.00000687757425214e-02  1.90690123142802581e+00
 8.67499999999992753e-07  5.00012741003837857e-01  1.00000692205075049e-02  1.90690568329496002e+00
 8.68499999999992722e-07  5.00012741003839523e-01  1.00000696622235385e-02  1.90691009086359742e+00
 8.69499999999992692e-07  5.00012741003841077e-01  1.00000701012021073e-02  1.90691445457472808e+00
 8.70499999999992661e-07  5.00012741003842853e-01  1.00000705373634903e-02  1.90691877486475669e+00
 8.71499999999992630e-07  5.00012741003844630e-01  1.00000709707611726e-02  1.90692305216574431e+00
 8.72499999999992599e-07  5.00012741003846406e-01  1.00000714012049591e-02  1.90692728690545410e+00
 8.73499999999992569e-07  5.00012741003848182e-01  1.00000718286605336e-02  1.90693147950739150e+00
 8.74499999999992538e-07  5.00012741003849959e-01  1.00000722530301910e-02  1.90693563039084868e+00
 8.75499999999992507e-07  5.00012741003851735e-01  1.00000726744002549e-02  1.90693973997094468e+00
 8.76499999999992476e-07  5.00012741003853511e-01  1.00000730929500660e-02  1.90694380865866897e+00
 8.77499999999992446e-07  5.00012741003855288e-01  1.00000735087111183e-02  1.90694783686092095e+00
 8.78499999999992415e-07  5.00012741003857064e-01  1.00000739216846921e-02  1.90695182498055105e+00
 8.79499999999992384e-07  5.00012741003858729e-01  1.00000743319037556e-02  1.90695577341640177e+00
 8.80499999999992353e-07  5.00012741003860395e-01  1.00000747393727430e-02  1.90695968256334636e+00
 8.81499999999992323e-07  5.00012741003862171e-01  1.00000751442491393e-02  1.90696355281232877e+00
 8.82499999999992292e-07  5.00012741003863947e-01  1.00000755464973914e-02  1.90696738455040382e+00
 8.83499999999992261e-07  5.00012741003865835e-01  1.00000759459334121e-02  1.90697117816077388e+00
 8.84499999999992230e-07  5.00012741003867722e-01  1.00000763423988039e-02  1.90697493402282814e+00
 8.85499999999992200e-07  5.00012741003869499e-01  1.00000767363304481e-02  1.90697865251218168e+00
 8.86499999999992169e-07  5.00012741003871275e-01  1.00000771278504590e-02  1.90698233400071149e+00
 8.87499999999992138e-07  5.00012741003873051e-01  1.00000775168867361e-02  1.90698597885659438e+00
 8.88499999999992107e-07  5.00012741003874828e-01  1.00000779033043181e-02  1.90698958744434321e+00
 8.89499999999992077e-07  5.00012741003876604e-01  1.00000782868242960e-02  1.90699316012484399e+00
 8.90499999999992046e-07  5.00012741003878380e-01  1.00000786675295949e-02  1.90699669725539178e+00
 8.91499999999992015e-07  5.00012741003880157e-01  1.00000790457488511e-02  1.90700019918972608e+00
 8.92499999999991984e-07  5.00012741003881933e-01  1.00000794215005726e-02  1.90700366627806739e+00
 8.93499999999991954e-07  5.00012741003883709e-01  1.00000797947491366e-02  1.90700709886714992e+00
 8.94499999999991923e-07  5.00012741003885486e-01  1.00000801654712840e-02  1.90701049730025907e+00
 8.95499999999991892e-07  5.00012741003887262e-01  1.00000805339033518e-02  1.90701386191726385e+00
 8.96499999999991861e-07  5.00012741003889039e-01  1.00000808998336483e-02  1.90701719305465089e+00
 8.97499999999991831e-07  5.00012741003890815e-01  1.00000812631591586e-02  1.90702049104555971e+00
 8.98499999999991800e-07  5.00012741003892591e-01  1.00000816239527689e-02  1.90702375621981401e+00
 8.99499999999991769e-07  5.00012741003894368e-01  1.00000819822337224e-02  1.90702698890395572e+00
 9.00499999999991738e-07  5.00012741003896144e-01  1.00000823379928442e-02  1.90703018942127778e+00
 9.01499999999991708e-07  5.00012741003897920e-01  1.00000826913265034e-02  1.90703335809185637e+00
 9.02499999999991677e-07  5.00012741003899808e-01  1.00000830423357476e-02  1.90703649523258156e+00
 9.03499999999991646e-07  5.00012741003901695e-01  1.00000833909364342e-02  1.90703960115719195e+00
 9.04499999999991615e-07  5.00012741003903582e-01  1.00000837374291211e-02  1.90704267617630352e+00
 9.05499999999991585e-07  5.00012741003905470e-01  1.00000840816689088e-02  1.90704572059744071e+00
 9.06499999999991554e-07  5.00012741003907357e-01  1.00000844233977381e-02  1.90704873472506953e+00
 9.07499999999991523e-07  5.00012741003909134e-01  1.00000847627013355e-02  1.90705171886062530e+00
 9.08499999999991492e-07  5.00012741003911021e-01  1.00000850995239469e-02  1.90705467330254375e+00
 9.09499999999991462e-07  5.00012741003912797e-01  1.00000854342603730e-02  1.90705759834629118e+00
 9.10499999999991431e-07  5.00012741003914574e-01  1.00000857669043635e-02  1.90706049428439450e+00
 9.11499999999991400e-07  5.00012741003916350e-01  1.00000860974203166e-02  1.90706336140646915e+00
 9.12499999999991369e-07  5.00012741003918126e-01  1.00000864257620767e-02  1.90706619999924887e+00
 9.13499999999991339e-07  5.00012741003919903e-01  1.00000867517815190e-02  1.90706901034661480e+00
 9.14499999999991308e-07  5.00012741003921679e-01  1.00000870754976823e-02  1.90707179272962257e+00
 9.15499999999991277e-07  5.00012741003923455e-01  1.00000873968046303e-02  1.90707454742653204e+00
 9.16499999999991246e-07  5.00012741003925232e-01  1.00000877158815601e-02  1.90707727471283306e+00
 9.17499999999991216e-07  5.00012741003927008e-01  1.00000880328974164e-02  1.90707997486127478e+00
 9.18499999999991185e-07  5.00012741003928896e-01  1.00000883479656917e-02  1.90708264814189254e+00
 9.19499999999991154e-07  5.00012741003930783e-01  1.00000886609414134e-02  1.90708529482203515e+00
 9.20499999999991123e-07  5.00012741003932670e-01  1.00000889716561538e-02  1.90708791516638976e+00
 9.21499999999991093e-07  5.00012741003934447e-01  1.00000892801216223e-02  1.90709050943701142e+00
 9.22499999999991062e-07  5.00012741003936223e-01  1.00000895864699631e-02  1.90709307789334659e+00
 9.23499999999991031e-07  5.00012741003937999e-01  1.00000898907704350e-02  1.90709562079225980e+00
 9.24499999999991000e-07  5.00012741003939776e-01  1.00000901928384515e-02  1.90709813838806053e+00
 9.25499999999990970e-07  5.00012741003941552e-01  1.00000904927444595e-02  1.90710063093252691e+00
 9.26499999999990939e-07  5.00012741003943328e-01  1.00000907906432086e-02  1.90710309867493266e+00
 9.27499999999990908e-07  5.00012741003945105e-01  1.00000910865685327e-02  1.90710554186207082e+00
 9.28499999999990877e-07  5.00012741003946881e-01  1.00000913806792061e-02  1.90710796073827837e+00
 9.29499999999990847e-07  5.00012741003948658e-01  1.00000916728872381e-02  1.90711035554546138e+00
 9.30499999999990816e-07  5.00012741003950434e-01  1.00000919631073968e-02  1.90711272652311847e+00
 9.31499999999990785e-07  5.00012741003952210e-01  1.00000922511892989e-02  1.90711507390836532e+00
 9.32499999999990754e-07  5.00012741003954098e-01  1.00000925370921541e-02  1.90711739793595836e+00
 9.33499999999990724e-07  5.00012741003956096e-01  1.00000928209076669e-02  1.90711969883831722e+00
 9.34499999999990693e-07  5.00012741003958094e-01  1.00000931029514770e-02  1.90712197684555007e+00
 9.35499999999990662e-07  5.00012741003960093e-01  1.00000933833524226e-02  1.90712423218547444e+00
 9.36499999999990631e-07  5.00012741003962091e-01  1.00000936619229902e-02  1.90712646508364148e+00
 9.37499999999990601e-07  5.00012741003964090e-01  1.00000939386516892e-02  1.90712867576335832e+00
 9.38499999999990570e-07  5.00012741003966088e-01  1.00000942134604743e-02  1.90713086444570923e+00
 9.39499999999990539e-07  5.00012741003968086e-01  1.00000944862769191e-02  1.90713303134957912e+00
 9.40499999999990508e-07  5.00012741003970085e-01  1.00000947570978525e-02  1.90713517669167465e+00
 9.41499999999990478e-07  5.00012741003972194e-01  1.00000950259227835e-02  1.90713730068654619e+00
 9.42499999999990447e-07  5.00012741003974304e-01  1.00000952928591420e-02  1.90713940354660938e+00
 9.43499999999990416e-07  5.00012741003976413e-01  1.00000955580195235e-02  1.90714148548216600e+00
 9.44499999999990385e-07  5.00012741003978411e-01  1.00000958215788784e-02  1.90714354670142527e+00
 9.45499999999990355e-07  5.00012741003980521e-01  1.00000960835367816e-02  1.90714558741052476e+00
 9.46499999999990324e-07  5.00012741003982630e-01  1.00000963435894624e-02  1.90714760781355075e+00
 9.47499999999990293e-07  5.00012741003984740e-01  1.00000966017591425e-02  1.90714960811255918e+00
 9.48499999999990262e-07  5.00012741003986738e-01  1.00000968579859340e-02  1.90715158850759448e+00
 9.49499999999990232e-07  5.00012741003988737e-01  1.00000971122501791e-02  1.90715354919671176e+00
 9.50499999999990201e-07  5.00012741003990846e-01  1.00000973647483751e-02  1.90715549037599441e+00
 9.51499999999990170e-07  5.00012741003992955e-01  1.00000976155181637e-02  1.90715741223957447e+00
 9.52499999999990139e-07  5.00012741003995065e-01  1.00000978646518530e-02  1.90715931497965352e+00
 9.53499999999990109e-07  5.00012741003997174e-01  1.00000981123745704e-02  1.90716119878651980e+00
 9.54499999999990184e-07  5.00012741003999173e-01  1.00000983584945576e-02  1.90716306384856837e+00
 9.55499999999990259e-07  5.00012741004001282e-01  1.00000986029714009e-02  1.90716491035231916e+00
 9.56499999999990334e-07  5.00012741004003392e-01  1.00000988457354962e-02  1.90716673848243690e+00
 9.57499999999990409e-07  5.00012741004005501e-01  1.00000990868480463e-02  1.90716854842174821e+00
 9.58499999999990484e-07  5.00012741004007499e-01  1.00000993261817727e-02  1.90717034035126010e+00
 9.59499999999990559e-07  5.00012741004009609e-01  1.00000995637712642e-02  1.90717211445017965e+00
 9.60499999999990634e-07  5.00012741004011718e-01  1.00000997996825356e-02  1.90717387089593027e+00
 9.61499999999990710e-07  5.00012741004013717e-01  1.00001000338506996e-02  1.90717560986416945e+00
 9.62499999999990785e-07  5.00012741004015715e-01  1.00001002664606934e-02  1.90717733152880720e+00
 9.63499999999990860e-07  5.00012741004017602e-01  1.00001004976566360e-02  1.90717903606202288e+00
 9.64499999999990935e-07  5.00012741004019601e-01  1.00001007273677490e-02  1.90718072363428282e+00
 9.65499999999991010e-07  5.00012741004021599e-01  1.00001009554449623e-02  1.90718239441435733e+00
 9.66499999999991085e-07  5.00012741004023598e-01  1.00001011818891972e-02  1.90718404856933654e+00
 9.67499999999991160e-07  5.00012741004025596e-01  1.00001014066752724e-02  1.90718568626464857e+00
 9.68499999999991235e-07  5.00012741004027594e-01  1.00001016298902207e-02  1.90718730766407574e+00
 9.69499999999991311e-07  5.00012741004029593e-01  1.00001018516162506e-02  1.90718891292976966e+00
 9.70499999999991386e-07  5.00012741004031591e-01  1.00001020719987493e-02  1.90719050222226905e+00
 9.71499999999991461e-07  5.00012741004033590e-01  1.00001022908845182e-02  1.90719207570051563e+00
 9.72499999999991536e-07  5.00012741004035588e-01  1.00001025079832599e-02  1.90719363352186888e+00
 9.73499999999991611e-07  5.00012741004037697e-01  1.00001027234237309e-02  1.90719517584212239e+00
 9.74499999999991686e-07  5.00012741004039807e-01  1.00001029375088729e-02  1.90719670281552056e+00
 9.75499999999991761e-07  5.00012741004041916e-01  1.00001031501674286e-02  1.90719821459477124e+00
 9.76499999999991836e-07  5.00012741004043915e-01  1.00001033612626203e-02  1.90719971133106458e+00
 9.77499999999991912e-07  5.00012741004046024e-01  1.00001035712085091e-02  1.90720119317408532e+00
 9.78499999999991987e-07  5.00012741004048133e-01  1.00001037799613366e-02  1.90720266027202889e+00
 9.79499999999992062e-07  5.00012741004050243e-01  1.00001039871793623e-02  1.90720411277161617e+00
 9.80499999999992137e-07  5.00012741004052241e-01  1.00001041924844235e-02  1.90720555081810805e+00
 9.81499999999992212e-07  5.00012741004054351e-01  1.00001043964075068e-02  1.90720697455531973e+00
 9.82499999999992287e-07  5.00012741004056349e-01  1.00001045988760071e-02  1.90720838412563620e+00
 9.83499999999992362e-07  5.00012741004058459e-01  1.00001047999721520e-02  1.90720977967002514e+00
 9.84499999999992438e-07  5.00012741004060457e-01  1.00001049997194350e-02  1.90721116132805113e+00
 9.85499999999992513e-07  5.00012741004062455e-01  1.00001051981078032e-02  1.90721252923789053e+00
 9.86499999999992588e-07  5.00012741004064454e-01  1.00001053950703710e-02  1.90721388353634502e+00
 9.87499999999992663e-07  5.00012741004066452e-01  1.00001055908303452e-02  1.90721522435885404e+00
 9.88499999999992738e-07  5.00012741004068451e-01  1.00001057853868897e-02  1.90721655183951011e+00
 9.89499999999992813e-07  5.00012741004070449e-01  1.00001059786384329e-02  1.90721786611107214e+00
 9.90499999999992888e-07  5.00012741004072447e-01  1.00001061704487904e-02  1.90721916730497609e+00
 9.91499999999992963e-07  5.00012741004074446e-01  1.00001063607914713e-02  1.90722045555135189e+00
 9.92499999999993039e-07  5.00012741004076555e-01  1.00001065497014874e-02  1.90722173097903336e+00
 9.93499999999993114e-07  5.00012741004078665e-01  1.00001067372237230e-02  1.90722299371557358e+00
 9.94499999999993189e-07  5.00012741004080774e-01  1.00001069235815792e-02  1.90722424388725509e+00
 9.95499999999993264e-07  5.00012741004082772e-01  1.00001071086500259e-02  1.90722548161910499e+00
 9.96499999999993339e-07  5.00012741004084882e-01  1.00001072922576255e-02  1.90722670703490560e+00
 9.97499999999993414e-07  5.00012741004086991e-01  1.00001074745291324e-02  1.90722792025720755e+00
 9.98499999999993489e-07  5.00012741004088990e-01  1.00001076556628498e-02  1.90722912140734269e+00
 9.99499999999993564e-07  5.00012741004090988e-01  1.00001078357798111e-02  1.90723031060543491e+00
 1.00049999999999364e-06  5.00012741004092987e-01  1.00001080148686590e-02  1.90723148797041286e+00
 1.00149999999999371e-06  5.00012741004094985e-01  1.00001081927667736e-02  1.90723265362002214e+00
 1.00249999999999379e-06  5.00012741004096983e-01  1.00001083692811705e-02  1.90723380767083617e+00
 1.00349999999999386e-06  5.00012741004098982e-01  1.00001085445089663e-02  1.90723495023826928e+00
 1.00449999999999394e-06  5.00012741004100980e-01  1.00001087185823123e-02  1.90723608143658674e+00
 1.00549999999999402e-06  5.00012741004102979e-01  1.00001088913886146e-02  1.90723720137891650e+00
 1.00649999999999409e-06  5.00012741004105088e-01  1.00001090628390917e-02  1.90723831017726164e+00
 1.00749999999999417e-06  5.00012741004107308e-01  1.00001092329763605e-02  1.90723940794250990e+00
 1.00849999999999424e-06  5.00012741004109529e-01  1.00001094017667519e-02  1.90724049478444635e+00
 1.00949999999999432e-06  5.00012741004111749e-01  1.00001095696436657e-02  1.90724157081176360e+00
 1.01049999999999439e-06  5.00012741004113859e-01  1.00001097365102799e-02  1.90724263613207246e+00
 1.01149999999999447e-06  5.00012741004115968e-01  1.00001099023572411e-02  1.90724369085191303e+00
 1.01249999999999454e-06  5.00012741004118189e-01  1.00001100669137311e-02  1.90724473507676473e+00
 1.01349999999999462e-06  5.00012741004120298e-01  1.00001102301146595e-02  1.90724576891105824e+00
 1.01449999999999469e-06  5.00012741004122407e-01  1.00001103921850288e-02  1.90724679245818507e+00
 1.01549999999999477e-06  5.00012741004124517e-01  1.00001105531471977e-02  1.90724780582050712e+00
 1.01649999999999484e-06  5.00012741004126626e-01  1.00001107128901146e-02  1.90724880909936889e+00
 1.01749999999999492e-06  5.00012741004128847e-01  1.00001108715876749e-02  1.90724980239510522e+00
 1.01849999999999499e-06  5.00012741004131067e-01  1.00001110295628096e-02  1.90725078580705398e+00
 1.01949999999999507e-06  5.00012741004133288e-01  1.00001111865912380e-02  1.90725175943356340e+00
 1.02049999999999514e-06  5.00012741004135508e-01  1.00001113421650679e-02  1.90725272337200358e+00
 1.02149999999999522e-06  5.00012741004137728e-01  1.00001114962674376e-02  1.90725367771877496e+00
 1.02249999999999529e-06  5.00012741004139949e-01  1.00001116491962045e-02  1.90725462256932010e+00
 1.02349999999999537e-06  5.00012741004142058e-01  1.00001118013014444e-02  1.90725555801813074e+00
 1.02449999999999544e-06  5.00012741004144279e-01  1.00001119523801217e-02  1.90725648415875959e+00
 1.02549999999999552e-06  5.00012741004146499e-01  1.00001121023711101e-02  1.90725740108382702e+00
 1.02649999999999559e-06  5.00012741004148720e-01  1.00001122514528640e-02  1.90725830888503300e+00
 1.02749999999999567e-06  5.00012741004150940e-01  1.00001123995518051e-02  1.90725920765316381e+00
 1.02849999999999574e-06  5.00012741004153161e-01  1.00001125466033600e-02  1.90726009747810354e+00
 1.02949999999999582e-06  5.00012741004155381e-01  1.00001126926994796e-02  1.90726097844884102e+00
 1.03049999999999589e-06  5.00012741004157490e-01  1.00001128379470922e-02  1.90726185065348064e+00
 1.03149999999999597e-06  5.00012741004159711e-01  1.00001129822544516e-02  1.90726271417924864e+00
 1.03249999999999604e-06  5.00012741004161820e-01  1.00001131253039787e-02  1.90726356911250461e+00
 1.03349999999999612e-06  5.00012741004163930e-01  1.00001132672655358e-02  1.90726441553874815e+00
 1.03449999999999619e-06  5.00012741004166039e-01  1.00001134081935950e-02  1.90726525354262866e+00
 1.03549999999999627e-06  5.00012741004168149e-01  1.00001135481601593e-02  1.90726608320795243e+00
 1.03649999999999634e-06  5.00012741004170369e-01  1.00001136870728636e-02  1.90726690461769244e+00
 1.03749999999999642e-06  5.00012741004172589e-01  1.00001138250393074e-02  1.90726771785399563e+00
 1.03849999999999649e-06  5.00012741004174810e-01  1.00001139619657186e-02  1.90726852299819205e+00
 1.03949999999999657e-06  5.00012741004177030e-01  1.00001140979292889e-02  1.90726932013080197e+00
 1.04049999999999664e-06  5.00012741004179140e-01  1.00001142331029632e-02  1.90727010933154495e+00
 1.04149999999999672e-06  5.00012741004181360e-01  1.00001143673358762e-02  1.90727089067934696e+00
 1.04249999999999679e-06  5.00012741004183581e-01  1.00001145006637700e-02  1.90727166425234862e+00
 1.04349999999999687e-06  5.00012741004185801e-01  1.00001146329940366e-02  1.90727243012791292e+00
 1.04449999999999695e-06  5.00012741004187911e-01  1.00001147642882551e-02  1.90727318838263393e+00
 1.04549999999999702e-06  5.00012741004190020e-01  1.00001148944797499e-02  1.90727393909234211e+00
 1.04649999999999710e-06  5.00012741004192129e-01  1.00001150238517404e-02  1.90727468233211384e+00
 1.04749999999999717e-06  5.00012741004194239e-01  1.00001151525231074e-02  1.90727541817627944e+00
 1.04849999999999725e-06  5.00012741004196459e-01  1.00001152805038775e-02  1.90727614669842871e+00
 1.04949999999999732e-06  5.00012741004198680e-01  1.00001154075954647e-02  1.90727686797141938e+00
 1.05049999999999740e-06  5.00012741004200789e-01  1.00001155336476855e-02  1.90727758206738351e+00
 1.05149999999999747e-06  5.00012741004203010e-01  1.00001156588352402e-02  1.90727828905773666e+00
 1.05249999999999755e-06  5.00012741004205230e-01  1.00001157831426917e-02  1.90727898901318316e+00
 1.05349999999999762e-06  5.00012741004207451e-01  1.00001159064981669e-02  1.90727968200372389e+00
 1.05449999999999770e-06  5.00012741004209671e-01  1.00001160289732039e-02  1.90728036809866319e+00
 1.05549999999999777e-06  5.00012741004211891e-01  1.00001161505834223e-02  1.90728104736661552e+00
 1.05649999999999785e-06  5.00012741004214112e-01  1.00001162711768517e-02  1.90728171987551298e+00
 1.05749999999999792e-06  5.00012741004216332e-01  1.00001163909281838e-02  1.90728238569261110e+00
 1.05849999999999800e-06  5.00012741004218553e-01  1.00001165097336198e-02  1.90728304488449751e+00
 1.05949999999999807e-06  5.00012741004220773e-01  1.00001166277251148e-02  1.90728369751709592e+00
 1.06049999999999815e-06  5.00012741004222994e-01  1.00001167450367093e-02  1.90728434365567434e+00
 1.06149999999999822e-06  5.00012741004225103e-01  1.00001168617055523e-02  1.90728498336485153e+00
 1.06249999999999830e-06  5.00012741004227323e-01  1.00001169777247292e-02  1.90728561670860319e+00
 1.06349999999999837e-06  5.00012741004229544e-01  1.00001170929383820e-02  1.90728624375026845e+00
 1.06449999999999845e-06  5.00012741004231875e-01  1.00001172072893742e-02  1.90728686455255669e+00
 1.06549999999999852e-06  5.00012741004233985e-01  1.00001173206543011e-02  1.90728747917755248e+00
 1.06649999999999860e-06  5.00012741004236205e-01  1.00001174330131854e-02  1.90728808768672309e+00
 1.06749999999999867e-06  5.00012741004238315e-01  1.00001175446224611e-02  1.90728869014092384e+00
 1.06849999999999875e-06  5.00012741004240424e-01  1.00001176555922031e-02  1.90728928660040498e+00
 1.06949999999999882e-06  5.00012741004242534e-01  1.00001177658260547e-02  1.90728987712481657e+00
 1.07049999999999890e-06  5.00012741004244643e-01  1.00001178751066497e-02  1.90729046177321582e+00
 1.07149999999999897e-06  5.00012741004246752e-01  1.00001179834719265e-02  1.90729104060407151e+00
 1.07249999999999905e-06  5.00012741004248973e-01  1.00001180911143892e-02  1.90729161367527200e+00
 1.07349999999999912e-06  5.00012741004251193e-01  1.00001181981507689e-02  1.90729218104412790e+00
 1.07449999999999920e-06  5.00012741004253414e-01  1.00001183048019481e-02  1.90729274276738048e+00
 1.07549999999999927e-06  5.00012741004255634e-01  1.00001184108406884e-02  1.90729329890120636e+00
 1.07649999999999935e-06  5.00012741004257966e-01  1.00001185160289493e-02  1.90729384950122349e+00
 1.07749999999999942e-06  5.00012741004260186e-01  1.00001186201481868e-02  1.90729439462249584e+00
 1.07849999999999950e-06  5.00012741004262407e-01  1.00001187231693808e-02  1.90729493431954000e+00
 1.07949999999999957e-06  5.00012741004264516e-01  1.00001188253438875e-02  1.90729546864632926e+00
 1.08049999999999965e-06  5.00012741004266736e-01  1.00001189268479028e-02  1.90729599765630042e+00
 1.08149999999999973e-06  5.00012741004268846e-01  1.00001190277404818e-02  1.90729652140235850e+00
 1.08249999999999980e-06  5.00012741004270955e-01  1.00001191281709877e-02  1.90729703993688182e+00
 1.08349999999999988e-06  5.00012741004273065e-01  1.00001192280824037e-02  1.90729755331172801e+00
 1.08449999999999995e-06  5.00012741004275174e-01  1.00001193274153830e-02  1.90729806157823889e+00
 1.08550000000000003e-06  5.00012741004277284e-01  1.00001194260445798e-02  1.90729856478724424e+00
 1.08650000000000010e-06  5.00012741004279504e-01  1.00001195239509833e-02  1.90729906298906915e+00
 1.08750000000000018e-06  5.00012741004281724e-01  1.00001196211627064e-02  1.90729955623353731e+00
 1.08850000000000025e-06  5.00012741004283945e-01  1.00001197176509699e-02  1.90730004456997659e+00
 1.08950000000000033e-06  5.00012741004286165e-01  1.00001198133079679e-02  1.90730052804722527e+00
 1.09050000000000040e-06  5.00012741004288497e-01  1.00001199080002323e-02  1.90730100671363378e+00
 1.09150000000000048e-06  5.00012741004290717e-01  1.00001200019995372e-02  1.90730148061707250e+00
 1.09250000000000055e-06  5.00012741004292938e-01  1.00001200956155965e-02  1.90730194980493595e+00
 1.09350000000000063e-06  5.00012741004295047e-01  1.00001201886562238e-02  1.90730241432414593e+00
 1.09450000000000070e-06  5.00012741004297157e-01  1.00001202809364854e-02  1.90730287422115841e+00
 1.09550000000000078e-06  5.00012741004299377e-01  1.00001203724883452e-02  1.90730332954196613e+00
 1.09650000000000085e-06  5.00012741004301597e-01  1.00001204634723780e-02  1.90730378033210468e+00
 1.09750000000000093e-06  5.00012741004303929e-01  1.00001205538813639e-02  1.90730422663665666e+00
 1.09850000000000100e-06  5.00012741004306149e-01  1.00001206436028667e-02  1.90730466850025526e+00
 1.09950000000000108e-06  5.00012741004308370e-01  1.00001207326927931e-02  1.90730510596709113e+00
 1.10050000000000115e-06  5.00012741004310479e-01  1.00001208210653385e-02  1.90730553908091349e+00
 1.10150000000000123e-06  5.00012741004312589e-01  1.00001209089143773e-02  1.90730596788503726e+00
 1.10250000000000130e-06  5.00012741004314809e-01  1.00001209961730290e-02  1.90730639242234634e+00
 1.10350000000000138e-06  5.00012741004317030e-01  1.00001210827872413e-02  1.90730681273529701e+00
 1.10450000000000145e-06  5.00012741004319250e-01  1.00001211687243095e-02  1.90730722886592430e+00
 1.10550000000000153e-06  5.00012741004321470e-01  1.00001212539730308e-02  1.90730764085584492e+00
 1.10650000000000160e-06  5.00012741004323691e-01  1.00001213383479476e-02  1.90730804874625970e+00
 1.10750000000000168e-06  5.00012741004325911e-01  1.00001214222047094e-02  1.90730845257796133e+00
 1.10850000000000175e-06  5.00012741004328132e-01  1.00001215055733946e-02  1.90730885239133641e+00
 1.10950000000000183e-06  5.00012741004330352e-01  1.00001215885034134e-02  1.90730924822636938e+00
 1.11050000000000190e-06  5.00012741004332573e-01  1.00001216710469305e-02  1.90730964012264614e+00
 1.11150000000000198e-06  5.00012741004334793e-01  1.00001217531065119e-02  1.90731002811935935e+00
 1.11250000000000205e-06  5.00012741004336903e-01  1.00001218345526499e-02  1.90731041225531173e+00
 1.11350000000000213e-06  5.00012741004339123e-01  1.00001219150967838e-02  1.90731079256891967e+00
 1.11450000000000220e-06  5.00012741004341343e-01  1.00001219949981610e-02  1.90731116909821785e+00
 1.11550000000000228e-06  5.00012741004343564e-01  1.00001220744226314e-02  1.90731154188086127e+00
 1.11650000000000235e-06  5.00012741004345784e-01  1.00001221533283537e-02  1.90731191095413166e+00
 1.11750000000000243e-06  5.00012741004348005e-01  1.00001222316157354e-02  1.90731227635493905e+00
 1.11850000000000250e-06  5.00012741004350225e-01  1.00001223094107680e-02  1.90731263811982621e+00
 1.11950000000000258e-06  5.00012741004352446e-01  1.00001223867557301e-02  1.90731299628497197e+00
 1.12050000000000266e-06  5.00012741004354666e-01  1.00001224636802766e-02  1.90731335088619591e+00
 1.12150000000000273e-06  5.00012741004356887e-01  1.00001225399146305e-02  1.90731370195896099e+00
 1.12250000000000281e-06  5.00012741004359107e-01  1.00001226156164556e-02  1.90731404953837669e+00
 1.12350000000000288e-06  5.00012741004361216e-01  1.00001226907027192e-02  1.90731439365920385e+00
 1.12450000000000296e-06  5.00012741004363437e-01  1.00001227652511855e-02  1.90731473435585719e+00
 1.12550000000000303e-06  5.00012741004365546e-01  1.00001228393400039e-02  1.90731507166240899e+00
 1.12650000000000311e-06  5.00012741004367656e-01  1.00001229129508384e-02  1.90731540561259227e+00
 1.12750000000000318e-06  5.00012741004369765e-01  1.00001229860053852e-02  1.90731573623980455e+00
 1.12850000000000326e-06  5.00012741004371875e-01  1.00001230584528377e-02  1.90731606357711114e+00
 1.12950000000000333e-06  5.00012741004374095e-01  1.00001231302922818e-02  1.90731638765724854e+00
 1.13050000000000341e-06  5.00012741004376315e-01  1.00001232017068471e-02  1.90731670851262658e+00
 1.13150000000000348e-06  5.00012741004378536e-01  1.00001232728433170e-02  1.90731702617533383e+00
 1.13250000000000356e-06  5.00012741004380756e-01  1.00001233433434644e-02  1.90731734067713843e+00
 1.13350000000000363e-06  5.00012741004382977e-01  1.00001234132214359e-02  1.90731765204949322e+00
 1.13450000000000371e-06  5.00012741004385197e-01  1.00001234826064076e-02  1.90731796032353818e+00
 1.13550000000000378e-06  5.00012741004387418e-01  1.00001235516156452e-02  1.90731826553010286e+00
 1.13650000000000386e-06  5.00012741004389638e-01  1.00001236201242259e-02  1.90731856769970953e+00
 1.13750000000000393e-06  5.00012741004391748e-01  1.00001236880565385e-02  1.90731886686257779e+00
 1.13850000000000401e-06  5.00012741004393968e-01  1.00001237553672667e-02  1.90731916304862681e+00
 1.13950000000000408e-06  5.00012741004396188e-01  1.00001238221610472e-02  1.90731945628747690e+00
 1.14050000000000416e-06  5.00012741004398409e-01  1.00001238884418839e-02  1.90731974660845394e+00
 1.14150000000000423e-06  5.00012741004400518e-01  1.00001239541016151e-02  1.90732003404059225e+00
 1.14250000000000431e-06  5.00012741004402628e-01  1.00001240195013684e-02  1.90732031861263751e+00
 1.14350000000000438e-06  5.00012741004404737e-01  1.00001240847746985e-02  1.90732060035304896e+00
 1.14450000000000446e-06  5.00012741004406847e-01  1.00001241495062156e-02  1.90732087929000316e+00
 1.14550000000000453e-06  5.00012741004408956e-01  1.00001242136233300e-02  1.90732115545139536e+00
 1.14650000000000461e-06  5.00012741004411176e-01  1.00001242772260451e-02  1.90732142886484413e+00
 1.14750000000000468e-06  5.00012741004413397e-01  1.00001243405075935e-02  1.90732169955769248e+00
 1.14850000000000476e-06  5.00012741004415617e-01  1.00001244035497431e-02  1.90732196755701189e+00
 1.14950000000000483e-06  5.00012741004417838e-01  1.00001244661580037e-02  1.90732223288960445e+00
 1.15050000000000491e-06  5.00012741004420058e-01  1.00001245281025400e-02  1.90732249558200539e+00
 1.15150000000000498e-06  5.00012741004422279e-01  1.00001245893396942e-02  1.90732275566048570e+00
 1.15250000000000506e-06  5.00012741004424499e-01  1.00001246501170808e-02  1.90732301315105568e+00
 1.15350000000000513e-06  5.00012741004426720e-01  1.00001247105090153e-02  1.90732326807946628e+00
 1.15450000000000521e-06  5.00012741004428829e-01  1.00001247706425888e-02  1.90732352047121179e+00
 1.15550000000000528e-06  5.00012741004431049e-01  1.00001248305281957e-02  1.90732377035153355e+00
 1.15650000000000536e-06  5.00012741004433270e-01  1.00001248900172136e-02  1.90732401774542115e+00
 1.15750000000000543e-06  5.00012741004435601e-01  1.00001249488964623e-02  1.90732426267761634e+00
 1.15850000000000551e-06  5.00012741004437822e-01  1.00001250073246395e-02  1.90732450517261420e+00
 1.15950000000000559e-06  5.00012741004440042e-01  1.00001250653382473e-02  1.90732474525466600e+00
 1.16050000000000566e-06  5.00012741004442152e-01  1.00001251230108345e-02  1.90732498294778141e+00
 1.16150000000000574e-06  5.00012741004444372e-01  1.00001251802949772e-02  1.90732521827573187e+00
 1.16250000000000581e-06  5.00012741004446482e-01  1.00001252370033010e-02  1.90732545126205189e+00
 1.16350000000000589e-06  5.00012741004448591e-01  1.00001252933698877e-02  1.90732568193004148e+00
 1.16450000000000596e-06  5.00012741004450700e-01  1.00001253492630910e-02  1.90732591030276977e+00
 1.16550000000000604e-06  5.00012741004452810e-01  1.00001254048406804e-02  1.90732613640307580e+00
 1.16650000000000611e-06  5.00012741004454919e-01  1.00001254599975057e-02  1.90732636025357061e+00
 1.16750000000000619e-06  5.00012741004457251e-01  1.00001255146008501e-02  1.90732658187664139e+00
 1.16850000000000626e-06  5.00012741004459582e-01  1.00001255688506874e-02  1.90732680129445198e+00
 1.16950000000000634e-06  5.00012741004461914e-01  1.00001256228816945e-02  1.90732701852894593e+00
 1.17050000000000641e-06  5.00012741004464245e-01  1.00001256767691393e-02  1.90732723360184830e+00
 1.17150000000000649e-06  5.00012741004466577e-01  1.00001257303637976e-02  1.90732744653466813e+00
 1.17250000000000656e-06  5.00012741004469019e-01  1.00001257834026816e-02  1.90732765734869991e+00
 1.17350000000000664e-06  5.00012741004471351e-01  1.00001258359091096e-02  1.90732786606502747e+00
 1.17450000000000671e-06  5.00012741004473682e-01  1.00001258878308023e-02  1.90732807270452320e+00
 1.17550000000000679e-06  5.00012741004476013e-01  1.00001259390773908e-02  1.90732827728785304e+00
 1.17650000000000686e-06  5.00012741004478345e-01  1.00001259900025959e-02  1.90732847983547638e+00
 1.17750000000000694e-06  5.00012741004480676e-01  1.00001260408230652e-02  1.90732868036764969e+00
 1.17850000000000701e-06  5.00012741004483008e-01  1.00001260915919335e-02  1.90732887890442804e+00
 1.17950000000000709e-06  5.00012741004485339e-01  1.00001261422217273e-02  1.90732907546566643e+00
 1.18050000000000716e-06  5.00012741004487671e-01  1.00001261925762273e-02  1.90732927007102249e+00
 1.18150000000000724e-06  5.00012741004490002e-01  1.00001262423184238e-02  1.90732946273995818e+00
 1.18250000000000731e-06  5.00012741004492334e-01  1.00001262913232657e-02  1.90732965349174211e+00
 1.18350000000000739e-06  5.00012741004494665e-01  1.00001263398826860e-02  1.90732984234545033e+00
 1.18450000000000746e-06  5.00012741004497108e-01  1.00001263882687347e-02  1.90733002931996998e+00
 1.18550000000000754e-06  5.00012741004499550e-01  1.00001264363233835e-02  1.90733021443399986e+00
 1.18650000000000761e-06  5.00012741004501882e-01  1.00001264840667674e-02  1.90733039770605317e+00
 1.18750000000000769e-06  5.00012741004504213e-01  1.00001265315392846e-02  1.90733057915445792e+00
 1.18850000000000776e-06  5.00012741004506656e-01  1.00001265789148620e-02  1.90733075879736025e+00
 1.18950000000000784e-06  5.00012741004508987e-01  1.00001266258377460e-02  1.90733093665272646e+00
 1.19050000000000791e-06  5.00012741004511319e-01  1.00001266721911359e-02  1.90733111273834322e+00
 1.19150000000000799e-06  5.00012741004513650e-01  1.00001267181692513e-02  1.90733128707181998e+00
 1.19250000000000806e-06  5.00012741004515981e-01  1.00001267638845526e-02  1.90733145967059148e+00
 1.19350000000000814e-06  5.00012741004518313e-01  1.00001268093491552e-02  1.90733163055191945e+00
 1.19450000000000821e-06  5.00012741004520644e-01  1.00001268544815114e-02  1.90733179973289291e+00
 1.19550000000000829e-06  5.00012741004522976e-01  1.00001268994355692e-02  1.90733196723043119e+00
 1.19650000000000836e-06  5.00012741004525307e-01  1.00001269441095907e-02  1.90733213306128513e+00
 1.19750000000000844e-06  5.00012741004527639e-01  1.00001269883969075e-02  1.90733229724203945e+00
 1.19850000000000852e-06  5.00012741004530081e-01  1.00001270322321815e-02  1.90733245978911348e+00
 1.19950000000000859e-06  5.00012741004532413e-01  1.00001270757020897e-02  1.90733262071876331e+00
 1.20050000000000867e-06  5.00012741004534744e-01  1.00001271187057077e-02  1.90733278004708251e+00
 1.20150000000000874e-06  5.00012741004537187e-01  1.00001271614244581e-02  1.90733293779000546e+00
 1.20250000000000882e-06  5.00012741004539518e-01  1.00001272038948326e-02  1.90733309396330775e+00
 1.20350000000000889e-06  5.00012741004541850e-01  1.00001272460217144e-02  1.90733324858260778e+00
 1.20450000000000897e-06  5.00012741004544292e-01  1.00001272880057349e-02  1.90733340166336873e+00
 1.20550000000000904e-06  5.00012741004546735e-01  1.00001273297449424e-02  1.90733355322089970e+00
 1.20650000000000912e-06  5.00012741004549066e-01  1.00001273713281498e-02  1.90733370327035789e+00
 1.20750000000000919e-06  5.00012741004551398e-01  1.00001274125342023e-02  1.90733385182674908e+00
 1.20850000000000927e-06  5.00012741004553729e-01  1.00001274532207623e-02  1.90733399890493005e+00
 1.20950000000000934e-06  5.00012741004556061e-01  1.00001274936480818e-02  1.90733414451960970e+00
 1.21050000000000942e-06  5.00012741004558392e-01  1.00001275339337888e-02  1.90733428868535082e+00
 1.21150000000000949e-06  5.00012741004560834e-01  1.00001275740126457e-02  1.90733443141657077e+00
 1.21250000000000957e-06  5.00012741004563166e-01  1.00001276138128366e-02  1.90733457272754370e+00
 1.21350000000000964e-06  5.00012741004565497e-01  1.00001276531054041e-02  1.90733471263240228e+00
 1.21450000000000972e-06  5.00012741004567829e-01  1.00001276919707890e-02  1.90733485114513779e+00
 1.21550000000000979e-06  5.00012741004570160e-01  1.00001277307231271e-02  1.90733498827960202e+00
 1.21650000000000987e-06  5.00012741004572492e-01  1.00001277693819533e-02  1.90733512404950978e+00
 1.21750000000000994e-06  5.00012741004574823e-01  1.00001278078151769e-02  1.90733525846843932e+00
 1.21850000000001002e-06  5.00012741004577155e-01  1.00001278461273220e-02  1.90733539154983345e+00
 1.21950000000001009e-06  5.00012741004579486e-01  1.00001278838880037e-02  1.90733552330700129e+00
 1.22050000000001017e-06  5.00012741004581929e-01  1.00001279211651625e-02  1.90733565375312009e+00
 1.22150000000001024e-06  5.00012741004584371e-01  1.00001279579993753e-02  1.90733578290123496e+00
 1.22250000000001032e-06  5.00012741004586703e-01  1.00001279945922585e-02  1.90733591076426134e+00
 1.22350000000001039e-06  5.00012741004589034e-01  1.00001280311782584e-02  1.90733603735498702e+00
 1.22450000000001047e-06  5.00012741004591366e-01  1.00001280678012061e-02  1.90733616268607209e+00
 1.22550000000001054e-06  5.00012741004593697e-01  1.00001281042480118e-02  1.90733628677005007e+00
 1.22650000000001062e-06  5.00012741004596029e-01  1.00001281401068311e-02  1.90733640961933082e+00
 1.22750000000001069e-06  5.00012741004598360e-01  1.00001281753031492e-02  1.90733653124619962e+00
 1.22850000000001077e-06  5.00012741004600691e-01  1.00001282103357649e-02  1.90733665166282074e+00
 1.22950000000001084e-06  5.00012741004603023e-01  1.00001282452217132e-02  1.90733677088123588e+00
 1.23050000000001092e-06  5.00012741004605354e-01  1.00001282798358911e-02  1.90733688891336861e+00
 1.23150000000001099e-06  5.00012741004607797e-01  1.00001283144227002e-02  1.90733700577102239e+00
 1.23250000000001107e-06  5.00012741004610128e-01  1.00001283489204694e-02  1.90733712146588430e+00
 1.23350000000001114e-06  5.00012741004612460e-01  1.00001283832578114e-02  1.90733723600952509e+00
 1.23450000000001122e-06  5.00012741004614791e-01  1.00001284172906626e-02  1.90733734941339916e+00
 1.23550000000001129e-06  5.00012741004617123e-01  1.00001284509552008e-02  1.90733746168884810e+00
 1.23650000000001137e-06  5.00012741004619565e-01  1.00001284841771832e-02  1.90733757284710004e+00
 1.23750000000001145e-06  5.00012741004622008e-01  1.00001285170410962e-02  1.90733768289927230e+00
 1.23850000000001152e-06  5.00012741004624450e-01  1.00001285497698621e-02  1.90733779185637053e+00
 1.23950000000001160e-06  5.00012741004626782e-01  1.00001285822979413e-02  1.90733789972929157e+00
 1.24050000000001167e-06  5.00012741004629113e-01  1.00001286146175882e-02  1.90733800652882324e+00
 1.24150000000001175e-06  5.00012741004631445e-01  1.00001286466364202e-02  1.90733811226564587e+00
 1.24250000000001182e-06  5.00012741004633776e-01  1.00001286783894666e-02  1.90733821695033434e+00
 1.24350000000001190e-06  5.00012741004636108e-01  1.00001287099056781e-02  1.90733832059335828e+00
 1.24450000000001197e-06  5.00012741004638550e-01  1.00001287412783083e-02  1.90733842320508229e+00
 1.24550000000001205e-06  5.00012741004640882e-01  1.00001287723854929e-02  1.90733852479576838e+00
 1.24650000000001212e-06  5.00012741004643213e-01  1.00001288033217429e-02  1.90733862537557664e+00
 1.24750000000001220e-06  5.00012741004645656e-01  1.00001288341437459e-02  1.90733872495456591e+00
 1.24850000000001227e-06  5.00012741004648098e-01  1.00001288646438726e-02  1.90733882354269424e+00
 1.24950000000001235e-06  5.00012741004650429e-01  1.00001288948814542e-02  1.90733892114982173e+00
 1.25050000000001242e-06  5.00012741004652761e-01  1.00001289249061591e-02  1.90733901778570947e+00
 1.25150000000001250e-06  5.00012741004655092e-01  1.00001289545900134e-02  1.90733911346002150e+00
 1.25250000000001257e-06  5.00012741004657424e-01  1.00001289841805865e-02  1.90733920818232683e+00
 1.25350000000001265e-06  5.00012741004659755e-01  1.00001290137047335e-02  1.90733930196209811e+00
 1.25450000000001272e-06  5.00012741004662087e-01  1.00001290429826365e-02  1.90733939480871384e+00
 1.25550000000001280e-06  5.00012741004664418e-01  1.00001290719643945e-02  1.90733948673145948e+00
 1.25650000000001287e-06  5.00012741004666750e-01  1.00001291006957486e-02  1.90733957773952789e+00
 1.25750000000001295e-06  5.00012741004669081e-01  1.00001291294260757e-02  1.90733966784202047e+00
 1.25850000000001302e-06  5.00012741004671413e-01  1.00001291580210962e-02  1.90733975704794867e+00
 1.25950000000001310e-06  5.00012741004673744e-01  1.00001291862558753e-02  1.90733984536623313e+00
 1.26050000000001317e-06  5.00012741004676187e-01  1.00001292142417788e-02  1.90733993280570657e+00
 1.26150000000001325e-06  5.00012741004678629e-01  1.00001292420763086e-02  1.90734001937511333e+00
 1.26250000000001332e-06  5.00012741004680961e-01  1.00001292695823529e-02  1.90734010508311136e+00
 1.26350000000001340e-06  5.00012741004683292e-01  1.00001292968666198e-02  1.90734018993827226e+00
 1.26450000000001347e-06  5.00012741004685735e-01  1.00001293240774107e-02  1.90734027394908212e+00
 1.26550000000001355e-06  5.00012741004688066e-01  1.00001293510401275e-02  1.90734035712394245e+00
 1.26650000000001362e-06  5.00012741004690398e-01  1.00001293777113621e-02  1.90734043947117171e+00
 1.26750000000001370e-06  5.00012741004692729e-01  1.00001294043056740e-02  1.90734052099900486e+00
 1.26850000000001377e-06  5.00012741004695060e-01  1.00001294309657006e-02  1.90734060171559539e+00
 1.26950000000001385e-06  5.00012741004697392e-01  1.00001294574175430e-02  1.90734068162901571e+00
 1.27050000000001392e-06  5.00012741004699723e-01  1.00001294835584432e-02  1.90734076074725745e+00
 1.27150000000001400e-06  5.00012741004702055e-01  1.00001295095604667e-02  1.90734083907823293e+00
 1.27250000000001407e-06  5.00012741004704386e-01  1.00001295351955476e-02  1.90734091662977634e+00
 1.27350000000001415e-06  5.00012741004706718e-01  1.00001295603074584e-02  1.90734099340964303e+00
 1.27450000000001422e-06  5.00012741004709160e-01  1.00001295852450364e-02  1.90734106942551196e+00
 1.27550000000001430e-06  5.00012741004711492e-01  1.00001296101614907e-02  1.90734114468498483e+00
 1.27650000000001438e-06  5.00012741004713823e-01  1.00001296348804745e-02  1.90734121919558852e+00
 1.27750000000001445e-06  5.00012741004716266e-01  1.00001296595368851e-02  1.90734129296477462e+00
 1.27850000000001453e-06  5.00012741004718597e-01  1.00001296841727514e-02  1.90734136599992077e+00
 1.27950000000001460e-06  5.00012741004720929e-01  1.00001297086396487e-02  1.90734143830833092e+00
 1.28050000000001468e-06  5.00012741004723371e-01  1.00001297330191679e-02  1.90734150989723616e+00
 1.28150000000001475e-06  5.00012741004725814e-01  1.00001297572019227e-02  1.90734158077379568e+00
 1.28250000000001483e-06  5.00012741004728145e-01  1.00001297811232841e-02  1.90734165094509844e+00
 1.28350000000001490e-06  5.00012741004730477e-01  1.00001298046778781e-02  1.90734172041816130e+00
 1.28450000000001498e-06  5.00012741004732808e-01  1.00001298280615377e-02  1.90734178919993247e+00
 1.28550000000001505e-06  5.00012741004735140e-01  1.00001298513406334e-02  1.90734185729729133e+00
 1.28650000000001513e-06  5.00012741004737471e-01  1.00001298745372880e-02  1.90734192471704711e+00
 1.28750000000001520e-06  5.00012741004739802e-01  1.00001298975770959e-02  1.90734199146594263e+00
 1.28850000000001528e-06  5.00012741004742134e-01  1.00001299203424394e-02  1.90734205755065367e+00
 1.28950000000001535e-06  5.00012741004744465e-01  1.00001299430904859e-02  1.90734212297778893e+00
 1.29050000000001543e-06  5.00012741004746797e-01  1.00001299657363069e-02  1.90734218775389142e+00
 1.29150000000001550e-06  5.00012741004749128e-01  1.00001299881089297e-02  1.90734225188543904e+00
 1.29250000000001558e-06  5.00012741004751460e-01  1.00001300102147434e-02  1.90734231537884602e+00
 1.29350000000001565e-06  5.00012741004753902e-01  1.00001300321686769e-02  1.90734237824046193e+00
 1.29450000000001573e-06  5.00012741004756345e-01  1.00001300541475366e-02  1.90734244047657331e+00
 1.29550000000001580e-06  5.00012741004758676e-01  1.00001300758601596e-02  1.90734250209340428e+00
 1.29650000000001588e-06  5.00012741004761008e-01  1.00001300973413861e-02  1.90734256309711725e+00
 1.29750000000001595e-06  5.00012741004763339e-01  1.00001301186311113e-02  1.90734262349381267e+00
 1.29850000000001603e-06  5.00012741004765671e-01  1.00001301399701426e-02  1.90734268328953083e+00
 1.29950000000001610e-06  5.00012741004768002e-01  1.00001301612114863e-02  1.90734274249025226e+00
 1.30050000000001618e-06  5.00012741004770334e-01  1.00001301823252602e-02  1.90734280110189669e+00
 1.30150000000001625e-06  5.00012741004772665e-01  1.00001302032224678e-02  1.90734285913032586e+00
 1.30250000000001633e-06  5.00012741004774997e-01  1.00001302236301381e-02  1.90734291658134336e+00
 1.30350000000001640e-06  5.00012741004777328e-01  1.00001302438022400e-02  1.90734297346069481e+00
 1.30450000000001648e-06  5.00012741004779659e-01  1.00001302636395784e-02  1.90734302977406811e+00
 1.30550000000001655e-06  5.00012741004781991e-01  1.00001302834889002e-02  1.90734308552709542e+00
 1.30650000000001663e-06  5.00012741004784433e-01  1.00001303032908606e-02  1.90734314072535183e+00
 1.30750000000001670e-06  5.00012741004786876e-01  1.00001303231993261e-02  1.90734319537435826e+00
 1.30850000000001678e-06  5.00012741004789207e-01  1.00001303430839149e-02  1.90734324947957989e+00
 1.30950000000001685e-06  5.00012741004791539e-01  1.00001303628643526e-02  1.90734330304642774e+00
 1.31050000000001693e-06  5.00012741004793870e-01  1.00001303824626599e-02  1.90734335608025862e+00
 1.31150000000001700e-06  5.00012741004796202e-01  1.00001304018200367e-02  1.90734340858637652e+00
 1.31250000000001708e-06  5.00012741004798533e-01  1.00001304209269611e-02  1.90734346057003235e+00
 1.31350000000001715e-06  5.00012741004800865e-01  1.00001304398986170e-02  1.90734351203642483e+00
 1.31450000000001723e-06  5.00012741004803196e-01  1.00001304588933446e-02  1.90734356299070118e+00
 1.31550000000001731e-06  5.00012741004805528e-01  1.00001304777525210e-02  1.90734361343795666e+00
 1.31650000000001738e-06  5.00012741004807859e-01  1.00001304963519277e-02  1.90734366338323702e+00
 1.31750000000001746e-06  5.00012741004810191e-01  1.00001305146810889e-02  1.90734371283153714e+00
 1.31850000000001753e-06  5.00012741004812522e-01  1.00001305330550544e-02  1.90734376178780152e+00
 1.31950000000001761e-06  5.00012741004814854e-01  1.00001305513938814e-02  1.90734381025692667e+00
 1.32050000000001768e-06  5.00012741004817185e-01  1.00001305696390784e-02  1.90734385824376007e+00
 1.32150000000001776e-06  5.00012741004819516e-01  1.00001305874683321e-02  1.90734390575310075e+00
 1.32250000000001783e-06  5.00012741004821848e-01  1.00001306049757287e-02  1.90734395278969959e+00
 1.32350000000001791e-06  5.00012741004824179e-01  1.00001306224524640e-02  1.90734399935826127e+00
 1.32450000000001798e-06  5.00012741004826511e-01  1.00001306401059364e-02  1.90734404546344227e+00
 1.32550000000001806e-06  5.00012741004828842e-01  1.00001306576294694e-02  1.90734409110985359e+00
 1.32650000000001813e-06  5.00012741004831285e-01  1.00001306749489989e-02  1.90734413630206046e+00
 1.32750000000001821e-06  5.00012741004833616e-01  1.00001306919349515e-02  1.90734418104458214e+00
 1.32850000000001828e-06  5.00012741004835948e-01  1.00001307088468019e-02  1.90734422534189396e+00
 1.32950000000001836e-06  5.00012741004838279e-01  1.00001307258591673e-02  1.90734426919842526e+00
 1.33050000000001843e-06  5.00012741004840611e-01  1.00001307428348712e-02  1.90734431261856208e+00
 1.33150000000001851e-06  5.00012741004842942e-01  1.00001307595858555e-02  1.90734435560664717e+00
 1.33250000000001858e-06  5.00012741004845274e-01  1.00001307760655151e-02  1.90734439816697932e+00
 1.33350000000001866e-06  5.00012741004847605e-01  1.00001307923486445e-02  1.90734444030381445e+00
 1.33450000000001873e-06  5.00012741004849937e-01  1.00001308084211801e-02  1.90734448202136675e+00
 1.33550000000001881e-06  5.00012741004852379e-01  1.00001308246054337e-02  1.90734452332380910e+00
 1.33650000000001888e-06  5.00012741004854822e-01  1.00001308408864155e-02  1.90734456421527176e+00
 1.33750000000001896e-06  5.00012741004857153e-01  1.00001308569000625e-02  1.90734460469984413e+00
 1.33850000000001903e-06  5.00012741004859484e-01  1.00001308726646882e-02  1.90734464478157428e+00
 1.33950000000001911e-06  5.00012741004861816e-01  1.00001308883804398e-02  1.90734468446447103e+00
 1.34050000000001918e-06  5.00012741004864147e-01  1.00001309041632524e-02  1.90734472375250319e+00
 1.34150000000001926e-06  5.00012741004866479e-01  1.00001309197097869e-02  1.90734476264960007e+00
 1.34250000000001933e-06  5.00012741004868810e-01  1.00001309349317790e-02  1.90734480115965166e+00
 1.34350000000001941e-06  5.00012741004871142e-01  1.00001309499254797e-02  1.90734483928650889e+00
 1.34450000000001948e-06  5.00012741004873473e-01  1.00001309649989691e-02  1.90734487703398448e+00
 1.34550000000001956e-06  5.00012741004875805e-01  1.00001309802133058e-02  1.90734491440585407e+00
 1.34650000000001963e-06  5.00012741004878136e-01  1.00001309953896313e-02  1.90734495140585492e+00
 1.34750000000001971e-06  5.00012741004880468e-01  1.00001310103407584e-02  1.90734498803768759e+00
 1.34850000000001978e-06  5.00012741004882910e-01  1.00001310249004088e-02  1.90734502430501496e+00
 1.34950000000001986e-06  5.00012741004885353e-01  1.00001310391204922e-02  1.90734506021146433e+00
 1.35050000000001993e-06  5.00012741004887684e-01  1.00001310533928568e-02  1.90734509576062661e+00
 1.35150000000002001e-06  5.00012741004890016e-01  1.00001310679339074e-02  1.90734513095605696e+00
 1.35250000000002008e-06  5.00012741004892458e-01  1.00001310824205034e-02  1.90734516580127522e+00
 1.35350000000002016e-06  5.00012741004894790e-01  1.00001310968990380e-02  1.90734520029976640e+00
 1.35450000000002024e-06  5.00012741004897121e-01  1.00001311112262892e-02  1.90734523445498061e+00
 1.35550000000002031e-06  5.00012741004899453e-01  1.00001311252732351e-02  1.90734526827033291e+00
 1.35650000000002039e-06  5.00012741004901784e-01  1.00001311390212101e-02  1.90734530174920569e+00
 1.35750000000002046e-06  5.00012741004904115e-01  1.00001311525708490e-02  1.90734533489494718e+00
 1.35850000000002054e-06  5.00012741004906447e-01  1.00001311659206858e-02  1.90734536771087182e+00
 1.35950000000002061e-06  5.00012741004908778e-01  1.00001311792659170e-02  1.90734540020026166e+00
 1.36050000000002069e-06  5.00012741004911110e-01  1.00001311927558779e-02  1.90734543236636589e+00
 1.36150000000002076e-06  5.00012741004913441e-01  1.00001312062223281e-02  1.90734546421240148e+00
 1.36250000000002084e-06  5.00012741004915884e-01  1.00001312194654898e-02  1.90734549574155299e+00
 1.36350000000002091e-06  5.00012741004918215e-01  1.00001312326269444e-02  1.90734552695697390e+00
 1.36450000000002099e-06  5.00012741004920547e-01  1.00001312458766287e-02  1.90734555786178550e+00
 1.36550000000002106e-06  5.00012741004922989e-01  1.00001312589538885e-02  1.90734558845907909e+00
 1.36650000000002114e-06  5.00012741004925321e-01  1.00001312718163773e-02  1.90734561875191400e+00
 1.36750000000002121e-06  5.00012741004927652e-01  1.00001312843145656e-02  1.90734564874332069e+00
 1.36850000000002129e-06  5.00012741004930095e-01  1.00001312968172502e-02  1.90734567843629743e+00
 1.36950000000002136e-06  5.00012741004932537e-01  1.00001313094430968e-02  1.90734570783381430e+00
 1.37050000000002144e-06  5.00012741004934869e-01  1.00001313222426481e-02  1.90734573693881093e+00
 1.37150000000002151e-06  5.00012741004937200e-01  1.00001313349380953e-02  1.90734576575419834e+00
 1.37250000000002159e-06  5.00012741004939532e-01  1.00001313474170420e-02  1.90734579428285866e+00
 1.37350000000002166e-06  5.00012741004941863e-01  1.00001313598302114e-02  1.90734582252764451e+00
 1.37450000000002174e-06  5.00012741004944195e-01  1.00001313720662188e-02  1.90734585049138072e+00
 1.37550000000002181e-06  5.00012741004946637e-01  1.00001313840194228e-02  1.90734587817686352e+00
 1.37650000000002189e-06  5.00012741004948968e-01  1.00001313957726427e-02  1.90734590558686223e+00
 1.37750000000002196e-06  5.00012741004951300e-01  1.00001314074767405e-02  1.90734593272411779e+00
 1.37850000000002204e-06  5.00012741004953631e-01  1.00001314190906430e-02  1.90734595959134401e+00
 1.37950000000002211e-06  5.00012741004955963e-01  1.00001314305969476e-02  1.90734598619122786e+00
 1.38050000000002219e-06  5.00012741004958294e-01  1.00001314422272329e-02  1.90734601252642966e+00
 1.38150000000002226e-06  5.00012741004960626e-01  1.00001314538978488e-02  1.90734603859958329e+00
 1.38250000000002234e-06  5.00012741004962957e-01  1.00001314655712662e-02  1.90734606441329579e+00
 1.38350000000002241e-06  5.00012741004965289e-01  1.00001314770998551e-02  1.90734608997014909e+00
 1.38450000000002249e-06  5.00012741004967731e-01  1.00001314883420844e-02  1.90734611527269915e+00
 1.38550000000002256e-06  5.00012741004970174e-01  1.00001314993027803e-02  1.90734614032347616e+00
 1.38650000000002264e-06  5.00012741004972505e-01  1.00001315102454334e-02  1.90734616512498523e+00
 1.38750000000002271e-06  5.00012741004974837e-01  1.00001315211415299e-02  1.90734618967970682e+00
 1.38850000000002279e-06  5.00012741004977168e-01  1.00001315321113816e-02  1.90734621399009652e+00
 1.38950000000002286e-06  5.00012741004979500e-01  1.00001315429694912e-02  1.90734623805858594e+00
 1.39050000000002294e-06  5.00012741004981831e-01  1.00001315537987332e-02  1.90734626188758205e+00
 1.39150000000002301e-06  5.00012741004984163e-01  1.00001315644592578e-02  1.90734628547946783e+00
 1.39250000000002309e-06  5.00012741004986494e-01  1.00001315749833949e-02  1.90734630883660272e+00
 1.39350000000002317e-06  5.00012741004988825e-01  1.00001315853116748e-02  1.90734633196132197e+00
 1.39450000000002324e-06  5.00012741004991157e-01  1.00001315959415762e-02  1.90734635485593884e+00
 1.39550000000002332e-06  5.00012741004993599e-01  1.00001316065803855e-02  1.90734637752274305e+00
 1.39650000000002339e-06  5.00012741004995931e-01  1.00001316169663623e-02  1.90734639996400102e+00
 1.39750000000002347e-06  5.00012741004998262e-01  1.00001316271418061e-02  1.90734642218195738e+00
 1.39850000000002354e-06  5.00012741005000594e-01  1.00001316371761267e-02  1.90734644417883414e+00
 1.39950000000002362e-06  5.00012741005002925e-01  1.00001316471025215e-02  1.90734646595683111e+00
 1.40050000000002369e-06  5.00012741005005368e-01  1.00001316569506161e-02  1.90734648751812585e+00
 1.40150000000002377e-06  5.00012741005007810e-01  1.00001316670028477e-02  1.90734650886487489e+00
 1.40250000000002384e-06  5.00012741005010253e-01  1.00001316771445165e-02  1.90734652999921295e+00
 1.40350000000002392e-06  5.00012741005012584e-01  1.00001316871530799e-02  1.90734655092325411e+00
 1.40450000000002399e-06  5.00012741005014916e-01  1.00001316969259794e-02  1.90734657163909049e+00
 1.40550000000002407e-06  5.00012741005017247e-01  1.00001317066395045e-02  1.90734659214879376e+00
 1.40650000000002414e-06  5.00012741005019579e-01  1.00001317163055901e-02  1.90734661245441561e+00
 1.40750000000002422e-06  5.00012741005021910e-01  1.00001317257393026e-02  1.90734663255798620e+00
 1.40850000000002429e-06  5.00012741005024353e-01  1.00001317351460211e-02  1.90734665246151636e+00
 1.40950000000002437e-06  5.00012741005026684e-01  1.00001317445182827e-02  1.90734667216699627e+00
 1.41050000000002444e-06  5.00012741005029016e-01  1.00001317538376700e-02  1.90734669167639703e+00
 1.41150000000002452e-06  5.00012741005031458e-01  1.00001317630974505e-02  1.90734671099166975e+00
 1.41250000000002459e-06  5.00012741005033901e-01  1.00001317724156425e-02  1.90734673011474531e+00
 1.41350000000002467e-06  5.00012741005036232e-01  1.00001317816954104e-02  1.90734674904753687e+00
 1.41450000000002474e-06  5.00012741005038563e-01  1.00001317907720839e-02  1.90734676779193779e+00
 1.41550000000002482e-06  5.00012741005040895e-01  1.00001317997014394e-02  1.90734678634982302e+00
 1.41650000000002489e-06  5.00012741005043226e-01  1.00001318085587779e-02  1.90734680472304796e+00
 1.41750000000002497e-06  5.00012741005045558e-01  1.00001318173321904e-02  1.90734682291345004e+00
 1.41850000000002504e-06  5.00012741005047889e-01  1.00001318261347706e-02  1.90734684092284823e+00
 1.41950000000002512e-06  5.00012741005050221e-01  1.00001318348273884e-02  1.90734685875304399e+00
 1.42050000000002519e-06  5.00012741005052552e-01  1.00001318433788813e-02  1.90734687640582035e+00
 1.42150000000002527e-06  5.00012741005054884e-01  1.00001318519909246e-02  1.90734689388294321e+00
 1.42250000000002534e-06  5.00012741005057215e-01  1.00001318606052891e-02  1.90734691118615984e+00
 1.42350000000002542e-06  5.00012741005059547e-01  1.00001318690081959e-02  1.90734692831720087e+00
 1.42450000000002549e-06  5.00012741005061989e-01  1.00001318771653080e-02  1.90734694527777915e+00
 1.42550000000002557e-06  5.00012741005064432e-01  1.00001318851939570e-02  1.90734696206959131e+00
 1.42650000000002564e-06  5.00012741005066763e-01  1.00001318933201563e-02  1.90734697869431669e+00
 1.42750000000002572e-06  5.00012741005069095e-01  1.00001319015191291e-02  1.90734699515361750e+00
 1.42850000000002579e-06  5.00012741005071537e-01  1.00001319099500812e-02  1.90734701144914043e+00
 1.42950000000002587e-06  5.00012741005073869e-01  1.00001319184664095e-02  1.90734702758251440e+00
 1.43050000000002595e-06  5.00012741005076200e-01  1.00001319267576730e-02  1.90734704355535345e+00
 1.43150000000002602e-06  5.00012741005078531e-01  1.00001319346402443e-02  1.90734705936925475e+00
 1.43250000000002610e-06  5.00012741005080863e-01  1.00001319423799265e-02  1.90734707502579970e+00
 1.43350000000002617e-06  5.00012741005083194e-01  1.00001319501971421e-02  1.90734709052655416e+00
 1.43450000000002625e-06  5.00012741005085526e-01  1.00001319581074048e-02  1.90734710587306866e+00
 1.43550000000002632e-06  5.00012741005087857e-01  1.00001319658512781e-02  1.90734712106687754e+00
 1.43650000000002640e-06  5.00012741005090189e-01  1.00001319735450993e-02  1.90734713610950068e+00
 1.43750000000002647e-06  5.00012741005092520e-01  1.00001319813076174e-02  1.90734715100244223e+00
 1.43850000000002655e-06  5.00012741005094963e-01  1.00001319890286235e-02  1.90734716574719143e+00
 1.43950000000002662e-06  5.00012741005097294e-01  1.00001319966363071e-02  1.90734718034522288e+00
 1.44050000000002670e-06  5.00012741005099626e-01  1.00001320040229436e-02  1.90734719479799653e+00
 1.44150000000002677e-06  5.00012741005102068e-01  1.00001320113710206e-02  1.90734720910695810e+00
 1.44250000000002685e-06  5.00012741005104400e-01  1.00001320186581984e-02  1.90734722327353845e+00
 1.44350000000002692e-06  5.00012741005106731e-01  1.00001320258815887e-02  1.90734723729915401e+00
 1.44450000000002700e-06  5.00012741005109174e-01  1.00001320331184161e-02  1.90734725118520787e+00
 1.44550000000002707e-06  5.00012741005111616e-01  1.00001320402710661e-02  1.90734726493308870e+00
 1.44650000000002715e-06  5.00012741005113948e-01  1.00001320473569501e-02  1.90734727854417119e+00
 1.44750000000002722e-06  5.00012741005116279e-01  1.00001320545304098e-02  1.90734729201981645e+00
 1.44850000000002730e-06  5.00012741005118611e-01  1.00001320617169615e-02  1.90734730536137209e+00
 1.44950000000002737e-06  5.00012741005120942e-01  1.00001320687422499e-02  1.90734731857017303e+00
 1.45050000000002745e-06  5.00012741005123273e-01  1.00001320757084674e-02  1.90734733164754022e+00
 1.45150000000002752e-06  5.00012741005125605e-01  1.00001320826259583e-02  1.90734734459478039e+00
 1.45250000000002760e-06  5.00012741005127936e-01  1.00001320894520258e-02  1.90734735741318895e+00
 1.45350000000002767e-06  5.00012741005130268e-01  1.00001320961313877e-02  1.90734737010404820e+00
 1.45450000000002775e-06  5.00012741005132599e-01  1.00001321027417475e-02  1.90734738266862713e+00
 1.45550000000002782e-06  5.00012741005134931e-01  1.00001321093645731e-02  1.90734739510818230e+00
 1.45650000000002790e-06  5.00012741005137262e-01  1.00001321159416505e-02  1.90734740742395781e+00
 1.45750000000002797e-06  5.00012741005139705e-01  1.00001321224503833e-02  1.90734741961718512e+00
 1.45850000000002805e-06  5.00012741005142147e-01  1.00001321289018702e-02  1.90734743168908327e+00
 1.45950000000002812e-06  5.00012741005144479e-01  1.00001321354249370e-02  1.90734744364086040e+00
 1.46050000000002820e-06  5.00012741005146810e-01  1.00001321420301291e-02  1.90734745547371154e+00
 1.46150000000002827e-06  5.00012741005149142e-01  1.00001321484885081e-02  1.90734746718882020e+00
 1.46250000000002835e-06  5.00012741005151473e-01  1.00001321548096531e-02  1.90734747878735722e+00
 1.46350000000002842e-06  5.00012741005153805e-01  1.00001321610007545e-02  1.90734749027048300e+00
 1.46450000000002850e-06  5.00012741005156136e-01  1.00001321673087954e-02  1.90734750163934619e+00
 1.46550000000002857e-06  5.00012741005158468e-01  1.00001321736709701e-02  1.90734751289508342e+00
 1.46650000000002865e-06  5.00012741005160799e-01  1.00001321799560085e-02  1.90734752403882069e+00
 1.46750000000002872e-06  5.00012741005163130e-01  1.00001321861012665e-02  1.90734753507167176e+00
 1.46850000000002880e-06  5.00012741005165462e-01  1.00001321920430881e-02  1.90734754599474066e+00
 1.46950000000002888e-06  5.00012741005167793e-01  1.00001321978991885e-02  1.90734755680911960e+00
 1.47050000000002895e-06  5.00012741005170236e-01  1.00001322038102466e-02  1.90734756751589019e+00
 1.47150000000002903e-06  5.00012741005172678e-01  1.00001322096472337e-02  1.90734757811612310e+00
 1.47250000000002910e-06  5.00012741005175010e-01  1.00001322153851560e-02  1.90734758861087794e+00
 1.47350000000002918e-06  5.00012741005177341e-01  1.00001322212565497e-02  1.90734759900120521e+00
 1.47450000000002925e-06  5.00012741005179673e-01  1.00001322271135416e-02  1.90734760928814318e+00
 1.47550000000002933e-06  5.00012741005182004e-01  1.00001322327999166e-02  1.90734761947272102e+00
 1.47650000000002940e-06  5.00012741005184336e-01  1.00001322384546884e-02  1.90734762955595705e+00
 1.47750000000002948e-06  5.00012741005186667e-01  1.00001322442006945e-02  1.90734763953886000e+00
 1.47850000000002955e-06  5.00012741005188999e-01  1.00001322499166448e-02  1.90734764942242840e+00
 1.47950000000002963e-06  5.00012741005191330e-01  1.00001322557090929e-02  1.90734765920765037e+00
 1.48050000000002970e-06  5.00012741005193662e-01  1.00001322614089172e-02  1.90734766889550444e+00
 1.48150000000002978e-06  5.00012741005195993e-01  1.00001322669503179e-02  1.90734767848695919e+00
 1.48250000000002985e-06  5.00012741005198325e-01  1.00001322723582958e-02  1.90734768798297427e+00
 1.48350000000002993e-06  5.00012741005200656e-01  1.00001322775294995e-02  1.90734769738449961e+00
 1.48450000000003000e-06  5.00012741005202987e-01  1.00001322827059248e-02  1.90734770669247466e+00
 1.48550000000003008e-06  5.00012741005205319e-01  1.00001322880089432e-02  1.90734771590783114e+00
 1.48650000000003015e-06  5.00012741005207650e-01  1.00001322932349677e-02  1.90734772503149030e+00
 1.48750000000003023e-06  5.00012741005209982e-01  1.00001322985984326e-02  1.90734773406436431e+00
 1.48850000000003030e-06  5.00012741005212313e-01  1.00001323041508852e-02  1.90734774300735666e+00
 1.48950000000003038e-06  5.00012741005214645e-01  1.00001323096033119e-02  1.90734775186136174e+00
 1.49050000000003045e-06  5.00012741005217087e-01  1.00001323147121107e-02  1.90734776062726485e+00
 1.49150000000003053e-06  5.00012741005219419e-01  1.00001323195459506e-02  1.90734776930594330e+00
 1.49250000000003060e-06  5.00012741005221750e-01  1.00001323243128683e-02  1.90734777789826460e+00
 1.49350000000003068e-06  5.00012741005224082e-01  1.00001323291484309e-02  1.90734778640508806e+00
 1.49450000000003075e-06  5.00012741005226413e-01  1.00001323340402678e-02  1.90734779482726435e+00
 1.49550000000003083e-06  5.00012741005228745e-01  1.00001323391034347e-02  1.90734780316563590e+00
 1.49650000000003090e-06  5.00012741005231076e-01  1.00001323441421801e-02  1.90734781142103649e+00
 1.49750000000003098e-06  5.00012741005233408e-01  1.00001323491791128e-02  1.90734781959429145e+00
 1.49850000000003105e-06  5.00012741005235739e-01  1.00001323541422816e-02  1.90734782768621858e+00
 1.49950000000003113e-06  5.00012741005238182e-01  1.00001323590138066e-02  1.90734783569762678e+00
 1.50050000000003120e-06  5.00012741005240624e-01  1.00001323638632712e-02  1.90734784362931720e+00
 1.50150000000003128e-06  5.00012741005242956e-01  1.00001323685255921e-02  1.90734785148208341e+00
 1.50250000000003135e-06  5.00012741005245287e-01  1.00001323732414622e-02  1.90734785925671080e+00
 1.50350000000003143e-06  5.00012741005247618e-01  1.00001323780672755e-02  1.90734786695397651e+00
 1.50450000000003150e-06  5.00012741005249950e-01  1.00001323828074612e-02  1.90734787457465083e+00
 1.50550000000003158e-06  5.00012741005252281e-01  1.00001323875093997e-02  1.90734788211949580e+00
 1.50650000000003165e-06  5.00012741005254613e-01  1.00001323920636091e-02  1.90734788958926527e+00
 1.50750000000003173e-06  5.00012741005256944e-01  1.00001323966610670e-02  1.90734789698470730e+00
 1.50850000000003181e-06  5.00012741005259276e-01  1.00001324011380222e-02  1.90734790430656065e+00
 1.50950000000003188e-06  5.00012741005261607e-01  1.00001324054469713e-02  1.90734791155555850e+00
 1.51050000000003196e-06  5.00012741005263939e-01  1.00001324098260985e-02  1.90734791873242493e+00
 1.51150000000003203e-06  5.00012741005266270e-01  1.00001324141744813e-02  1.90734792583787760e+00
 1.51250000000003211e-06  5.00012741005268713e-01  1.00001324184298569e-02  1.90734793287262816e+00
 1.51350000000003218e-06  5.00012741005271155e-01  1.00001324226817404e-02  1.90734793983737938e+00
 1.51450000000003226e-06  5.00012741005273487e-01  1.00001324269001664e-02  1.90734794673282759e+00
 1.51550000000003233e-06  5.00012741005275818e-01  1.00001324312489776e-02  1.90734795355966291e+00
 1.51650000000003241e-06  5.00012741005278261e-01  1.00001324352991857e-02  1.90734796031856790e+00
 1.51750000000003248e-06  5.00012741005280592e-01  1.00001324394497198e-02  1.90734796701021803e+00
 1.51850000000003256e-06  5.00012741005282924e-01  1.00001324438849098e-02  1.90734797363528275e+00
 1.51950000000003263e-06  5.00012741005285255e-01  1.00001324485288721e-02  1.90734798019442486e+00
 1.52050000000003271e-06  5.00012741005287586e-01  1.00001324529271195e-02  1.90734798668829986e+00
 1.52150000000003278e-06  5.00012741005289918e-01  1.00001324569877186e-02  1.90734799311755787e+00
 1.52250000000003286e-06  5.00012741005292249e-01  1.00001324608517232e-02  1.90734799948284173e+00
 1.52350000000003293e-06  5.00012741005294581e-01  1.00001324647455269e-02  1.90734800578478803e+00
 1.52450000000003301e-06  5.00012741005296912e-01  1.00001324686409231e-02  1.90734801202402671e+00
 1.52550000000003308e-06  5.00012741005299244e-01  1.00001324726717890e-02  1.90734801820118149e+00
 1.52650000000003316e-06  5.00012741005301686e-01  1.00001324766886366e-02  1.90734802431687078e+00
 1.52750000000003323e-06  5.00012741005304018e-01  1.00001324806797982e-02  1.90734803037170630e+00
 1.52850000000003331e-06  5.00012741005306349e-01  1.00001324846752393e-02  1.90734803636629291e+00
 1.52950000000003338e-06  5.00012741005308792e-01  1.00001324887818484e-02  1.90734804230123056e+00
 1.53050000000003346e-06  5.00012741005311123e-01  1.00001324929317719e-02  1.90734804817711212e+00
 1.53150000000003353e-06  5.00012741005313455e-01  1.00001324968627663e-02  1.90734805399452578e+00
 1.53250000000003361e-06  5.00012741005315897e-01  1.00001325005052606e-02  1.90734805975405330e+00
 1.53350000000003368e-06  5.00012741005318340e-01  1.00001325039151649e-02  1.90734806545627045e+00
 1.53450000000003376e-06  5.00012741005320671e-01  1.00001325073749581e-02  1.90734807110174809e+00
 1.53550000000003383e-06  5.00012741005323003e-01  1.00001325108982457e-02  1.90734807669105044e+00
 1.53650000000003391e-06  5.00012741005325334e-01  1.00001325146457445e-02  1.90734808222473640e+00
 1.53750000000003398e-06  5.00012741005327666e-01  1.00001325181349951e-02  1.90734808770335906e+00
 1.53850000000003406e-06  5.00012741005329997e-01  1.00001325215449896e-02  1.90734809312746667e+00
 1.53950000000003413e-06  5.00012741005332439e-01  1.00001325250007080e-02  1.90734809849760212e+00
 1.54050000000003421e-06  5.00012741005334771e-01  1.00001325286216032e-02  1.90734810381430164e+00
 1.54150000000003428e-06  5.00012741005337102e-01  1.00001325320878947e-02  1.90734810907809749e+00
 1.54250000000003436e-06  5.00012741005339434e-01  1.00001325354795289e-02  1.90734811428951634e+00
 1.54350000000003443e-06  5.00012741005341765e-01  1.00001325390745143e-02  1.90734811944907867e+00
 1.54450000000003451e-06  5.00012741005344097e-01  1.00001325424634267e-02  1.90734812455730074e+00
 1.54550000000003458e-06  5.00012741005346428e-01  1.00001325457733502e-02  1.90734812961469391e+00
 1.54650000000003466e-06  5.00012741005348760e-01  1.00001325491619018e-02  1.90734813462176311e+00
 1.54750000000003474e-06  5.00012741005351091e-01  1.00001325527258114e-02  1.90734813957900928e+00
 1.54850000000003481e-06  5.00012741005353534e-01  1.00001325563159656e-02  1.90734814448692847e+00
 1.54950000000003489e-06  5.00012741005355976e-01  1.00001325597343250e-02  1.90734814934601182e+00
 1.55050000000003496e-06  5.00012741005358308e-01  1.00001325632559108e-02  1.90734815415674475e+00
 1.55150000000003504e-06  5.00012741005360639e-01  1.00001325667002875e-02  1.90734815891960841e+00
 1.55250000000003511e-06  5.00012741005362971e-01  1.00001325700454658e-02  1.90734816363507886e+00
 1.55350000000003519e-06  5.00012741005365302e-01  1.00001325732843246e-02  1.90734816830362819e+00
 1.55450000000003526e-06  5.00012741005367634e-01  1.00001325763604838e-02  1.90734817292572312e+00
 1.55550000000003534e-06  5.00012741005369965e-01  1.00001325792262868e-02  1.90734817750182617e+00
 1.55650000000003541e-06  5.00012741005372296e-01  1.00001325820507029e-02  1.90734818203239453e+00
 1.55750000000003549e-06  5.00012741005374628e-01  1.00001325848989124e-02  1.90734818651788163e+00
 1.55850000000003556e-06  5.00012741005376959e-01  1.00001325879332525e-02  1.90734819095873598e+00
 1.55950000000003564e-06  5.00012741005379402e-01  1.00001325911283061e-02  1.90734819535540190e+00
 1.56050000000003571e-06  5.00012741005381733e-01  1.00001325944220395e-02  1.90734819970831815e+00
 1.56150000000003579e-06  5.00012741005384065e-01  1.00001325975142882e-02  1.90734820401792060e+00
 1.56250000000003586e-06  5.00012741005386396e-01  1.00001326005387005e-02  1.90734820828464025e+00
 1.56350000000003594e-06  5.00012741005388728e-01  1.00001326035682233e-02  1.90734821250890452e+00
 1.56450000000003601e-06  5.00012741005391170e-01  1.00001326063905247e-02  1.90734821669113508e+00
 1.56550000000003609e-06  5.00012741005393613e-01  1.00001326090752192e-02  1.90734822083175048e+00
 1.56650000000003616e-06  5.00012741005396055e-01  1.00001326118450574e-02  1.90734822493116463e+00
 1.56750000000003624e-06  5.00012741005398387e-01  1.00001326149707793e-02  1.90734822898978740e+00
 1.56850000000003631e-06  5.00012741005400718e-01  1.00001326182191305e-02  1.90734823300802514e+00
 1.56950000000003639e-06  5.00012741005403050e-01  1.00001326212857539e-02  1.90734823698627887e+00
 1.57050000000003646e-06  5.00012741005405381e-01  1.00001326241497077e-02  1.90734824092494759e+00
 1.57150000000003654e-06  5.00012741005407713e-01  1.00001326268931295e-02  1.90734824482442433e+00
 1.57250000000003661e-06  5.00012741005410155e-01  1.00001326297082475e-02  1.90734824868509922e+00
 1.57350000000003669e-06  5.00012741005412487e-01  1.00001326326509734e-02  1.90734825250735884e+00
 1.57450000000003676e-06  5.00012741005414818e-01  1.00001326353493254e-02  1.90734825629158466e+00
 1.57550000000003684e-06  5.00012741005417261e-01  1.00001326377601521e-02  1.90734826003815572e+00
 1.57650000000003691e-06  5.00012741005419703e-01  1.00001326401700074e-02  1.90734826374744637e+00
 1.57750000000003699e-06  5.00012741005422034e-01  1.00001326427992619e-02  1.90734826741982744e+00
 1.57850000000003706e-06  5.00012741005424366e-01  1.00001326455690688e-02  1.90734827105566707e+00
 1.57950000000003714e-06  5.00012741005426697e-01  1.00001326484647855e-02  1.90734827465532830e+00
 1.58050000000003721e-06  5.00012741005429029e-01  1.00001326510972474e-02  1.90734827821917063e+00
 1.58150000000003729e-06  5.00012741005431360e-01  1.00001326535079336e-02  1.90734828174755133e+00
 1.58250000000003736e-06  5.00012741005433692e-01  1.00001326560490086e-02  1.90734828524082300e+00
 1.58350000000003744e-06  5.00012741005436023e-01  1.00001326586232134e-02  1.90734828869933448e+00
 1.58450000000003751e-06  5.00012741005438355e-01  1.00001326612334015e-02  1.90734829212343238e+00
 1.58550000000003759e-06  5.00012741005440686e-01  1.00001326639768528e-02  1.90734829551345886e+00
 1.58650000000003767e-06  5.00012741005443018e-01  1.00001326665873289e-02  1.90734829886975299e+00
 1.58750000000003774e-06  5.00012741005445349e-01  1.00001326690373153e-02  1.90734830219265028e+00
 1.58850000000003782e-06  5.00012741005447792e-01  1.00001326715466708e-02  1.90734830548248313e+00
 1.58950000000003789e-06  5.00012741005450234e-01  1.00001326740627918e-02  1.90734830873958017e+00
 1.59050000000003797e-06  5.00012741005452566e-01  1.00001326765281756e-02  1.90734831196426780e+00
 1.59150000000003804e-06  5.00012741005454897e-01  1.00001326788465468e-02  1.90734831515686798e+00
 1.59250000000003812e-06  5.00012741005457340e-01  1.00001326812429198e-02  1.90734831831770024e+00
 1.59350000000003819e-06  5.00012741005459671e-01  1.00001326837249362e-02  1.90734832144708055e+00
 1.59450000000003827e-06  5.00012741005462003e-01  1.00001326863077486e-02  1.90734832454532177e+00
 1.59550000000003834e-06  5.00012741005464334e-01  1.00001326887440654e-02  1.90734832761273410e+00
 1.59650000000003842e-06  5.00012741005466665e-01  1.00001326909488174e-02  1.90734833064962417e+00
 1.59750000000003849e-06  5.00012741005468997e-01  1.00001326931268703e-02  1.90734833365629575e+00
 1.59850000000003857e-06  5.00012741005471328e-01  1.00001326954915707e-02  1.90734833663304926e+00
 1.59950000000003864e-06  5.00012741005473660e-01  1.00001326978582054e-02  1.90734833958018291e+00
 1.60050000000003872e-06  5.00012741005475991e-01  1.00001327000248403e-02  1.90734834249799090e+00
 1.60150000000003879e-06  5.00012741005478323e-01  1.00001327018932260e-02  1.90734834538676479e+00
 1.60250000000003887e-06  5.00012741005480765e-01  1.00001327037264418e-02  1.90734834824679411e+00
 1.60350000000003894e-06  5.00012741005483097e-01  1.00001327056516449e-02  1.90734835107836509e+00
 1.60450000000003902e-06  5.00012741005485428e-01  1.00001327078991977e-02  1.90734835388176038e+00
 1.60550000000003909e-06  5.00012741005487871e-01  1.00001327105467726e-02  1.90734835665726044e+00
 1.60650000000003917e-06  5.00012741005490202e-01  1.00001327131005839e-02  1.90734835940514302e+00
 1.60750000000003924e-06  5.00012741005492534e-01  1.00001327154136191e-02  1.90734836212568259e+00
 1.60850000000003932e-06  5.00012741005494976e-01  1.00001327174599926e-02  1.90734836481915138e+00
 1.60950000000003939e-06  5.00012741005497419e-01  1.00001327194742425e-02  1.90734836748581893e+00
 1.61050000000003947e-06  5.00012741005499750e-01  1.00001327215279486e-02  1.90734837012595149e+00
 1.61150000000003954e-06  5.00012741005502082e-01  1.00001327235115615e-02  1.90734837273981350e+00
 1.61250000000003962e-06  5.00012741005504413e-01  1.00001327255546113e-02  1.90734837532766677e+00
 1.61350000000003969e-06  5.00012741005506745e-01  1.00001327275342829e-02  1.90734837788976930e+00
 1.61450000000003977e-06  5.00012741005509076e-01  1.00001327295432454e-02  1.90734838042637778e+00
 1.61550000000003984e-06  5.00012741005511407e-01  1.00001327315345657e-02  1.90734838293774578e+00
 1.61650000000003992e-06  5.00012741005513739e-01  1.00001327335761947e-02  1.90734838542412422e+00
 1.61750000000003999e-06  5.00012741005516070e-01  1.00001327356815228e-02  1.90734838788576200e+00
 1.61850000000004007e-06  5.00012741005518402e-01  1.00001327378171165e-02  1.90734839032290537e+00
 1.61950000000004014e-06  5.00012741005520733e-01  1.00001327399106554e-02  1.90734839273579793e+00
 1.62050000000004022e-06  5.00012741005523065e-01  1.00001327420047772e-02  1.90734839512468124e+00
 1.62150000000004029e-06  5.00012741005525507e-01  1.00001327439409732e-02  1.90734839748979379e+00
 1.62250000000004037e-06  5.00012741005527950e-01  1.00001327456818393e-02  1.90734839983137205e+00
 1.62350000000004044e-06  5.00012741005530281e-01  1.00001327472500363e-02  1.90734840214965051e+00
 1.62450000000004052e-06  5.00012741005532613e-01  1.00001327490484709e-02  1.90734840444486076e+00
 1.62550000000004060e-06  5.00012741005534944e-01  1.00001327511182372e-02  1.90734840671723260e+00
 1.62650000000004067e-06  5.00012741005537276e-01  1.00001327531325703e-02  1.90734840896699320e+00
 1.62750000000004075e-06  5.00012741005539607e-01  1.00001327551213146e-02  1.90734841119436793e+00
 1.62850000000004082e-06  5.00012741005541939e-01  1.00001327569775190e-02  1.90734841339957883e+00
 1.62950000000004090e-06  5.00012741005544270e-01  1.00001327588270742e-02  1.90734841558284685e+00
 1.63050000000004097e-06  5.00012741005546602e-01  1.00001327605543124e-02  1.90734841774439023e+00
 1.63150000000004105e-06  5.00012741005548933e-01  1.00001327622250696e-02  1.90734841988442505e+00
 1.63250000000004112e-06  5.00012741005551264e-01  1.00001327639406574e-02  1.90734842200316557e+00
 1.63350000000004120e-06  5.00012741005553596e-01  1.00001327656972349e-02  1.90734842410082361e+00
 1.63450000000004127e-06  5.00012741005556038e-01  1.00001327674795245e-02  1.90734842617760880e+00
 1.63550000000004135e-06  5.00012741005558481e-01  1.00001327691255013e-02  1.90734842823372919e+00
 1.63650000000004142e-06  5.00012741005560812e-01  1.00001327706954850e-02  1.90734843026939016e+00
 1.63750000000004150e-06  5.00012741005563144e-01  1.00001327722033413e-02  1.90734843228479511e+00
 1.63850000000004157e-06  5.00012741005565475e-01  1.00001327739030043e-02  1.90734843428014589e+00
 1.63950000000004165e-06  5.00012741005567807e-01  1.00001327757287557e-02  1.90734843625564165e+00
 1.64050000000004172e-06  5.00012741005570138e-01  1.00001327776203866e-02  1.90734843821148048e+00
 1.64150000000004180e-06  5.00012741005572470e-01  1.00001327794368069e-02  1.90734844014785776e+00
 1.64250000000004187e-06  5.00012741005574801e-01  1.00001327812894326e-02  1.90734844206496690e+00
 1.64350000000004195e-06  5.00012741005577133e-01  1.00001327829588576e-02  1.90734844396300018e+00
 1.64450000000004202e-06  5.00012741005579464e-01  1.00001327845324704e-02  1.90734844584214658e+00
 1.64550000000004210e-06  5.00012741005581796e-01  1.00001327861424273e-02  1.90734844770259504e+00
 1.64650000000004217e-06  5.00012741005584127e-01  1.00001327876633409e-02  1.90734844954453098e+00
 1.64750000000004225e-06  5.00012741005586459e-01  1.00001327891407095e-02  1.90734845136813891e+00
 1.64850000000004232e-06  5.00012741005588790e-01  1.00001327906673460e-02  1.90734845317360069e+00
 1.64950000000004240e-06  5.00012741005591121e-01  1.00001327921149120e-02  1.90734845496109728e+00
 1.65050000000004247e-06  5.00012741005593453e-01  1.00001327937427210e-02  1.90734845673080788e+00
 1.65150000000004255e-06  5.00012741005595784e-01  1.00001327954494564e-02  1.90734845848290857e+00
 1.65250000000004262e-06  5.00012741005598116e-01  1.00001327972073159e-02  1.90734846021757520e+00
 1.65350000000004270e-06  5.00012741005600447e-01  1.00001327988197674e-02  1.90734846193498075e+00
 1.65450000000004277e-06  5.00012741005602890e-01  1.00001328002124606e-02  1.90734846363529731e+00
 1.65550000000004285e-06  5.00012741005605221e-01  1.00001328015658728e-02  1.90734846531869473e+00
 1.65650000000004292e-06  5.00012741005607553e-01  1.00001328030401536e-02  1.90734846698534177e+00
 1.65750000000004300e-06  5.00012741005609884e-01  1.00001328045608590e-02  1.90734846863540497e+00
 1.65850000000004307e-06  5.00012741005612216e-01  1.00001328060316287e-02  1.90734847026904930e+00
 1.65950000000004315e-06  5.00012741005614547e-01  1.00001328076393167e-02  1.90734847188643775e+00
 1.66050000000004322e-06  5.00012741005616879e-01  1.00001328094386239e-02  1.90734847348773240e+00
 1.66150000000004330e-06  5.00012741005619210e-01  1.00001328110665005e-02  1.90734847507309357e+00
 1.66250000000004337e-06  5.00012741005621542e-01  1.00001328124361966e-02  1.90734847664267959e+00
 1.66350000000004345e-06  5.00012741005623984e-01  1.00001328136765308e-02  1.90734847819664743e+00
 1.66450000000004353e-06  5.00012741005626427e-01  1.00001328148546335e-02  1.90734847973515254e+00
 1.66550000000004360e-06  5.00012741005628758e-01  1.00001328159485606e-02  1.90734848125834877e+00
 1.66650000000004368e-06  5.00012741005631089e-01  1.00001328170567783e-02  1.90734848276638802e+00
 1.66750000000004375e-06  5.00012741005633421e-01  1.00001328183280582e-02  1.90734848425942149e+00
 1.66850000000004383e-06  5.00012741005635752e-01  1.00001328198904924e-02  1.90734848573759885e+00
 1.66950000000004390e-06  5.00012741005638084e-01  1.00001328214713199e-02  1.90734848720106731e+00
 1.67050000000004398e-06  5.00012741005640415e-01  1.00001328228886705e-02  1.90734848864997364e+00
 1.67150000000004405e-06  5.00012741005642747e-01  1.00001328242842174e-02  1.90734849008446306e+00
 1.67250000000004413e-06  5.00012741005645078e-01  1.00001328256149428e-02  1.90734849150467811e+00
 1.67350000000004420e-06  5.00012741005647410e-01  1.00001328268063856e-02  1.90734849291076136e+00
 1.67450000000004428e-06  5.00012741005649741e-01  1.00001328279734330e-02  1.90734849430285336e+00
 1.67550000000004435e-06  5.00012741005652073e-01  1.00001328291174640e-02  1.90734849568109333e+00
 1.67650000000004443e-06  5.00012741005654515e-01  1.00001328301665832e-02  1.90734849704561915e+00
 1.67750000000004450e-06  5.00012741005656958e-01  1.00001328312693902e-02  1.90734849839656739e+00
 1.67850000000004458e-06  5.00012741005659289e-01  1.00001328325400405e-02  1.90734849973407306e+00
 1.67950000000004465e-06  5.00012741005661621e-01  1.00001328340247175e-02  1.90734850105826959e+00
 1.68050000000004473e-06  5.00012741005664063e-01  1.00001328355450048e-02  1.90734850236928977e+00
 1.68150000000004480e-06  5.00012741005666395e-01  1.00001328371215493e-02  1.90734850366726505e+00
 1.68250000000004488e-06  5.00012741005668726e-01  1.00001328385732769e-02  1.90734850495232444e+00
 1.68350000000004495e-06  5.00012741005671058e-01  1.00001328397973984e-02  1.90734850622459717e+00
 1.68450000000004503e-06  5.00012741005673389e-01  1.00001328408273697e-02  1.90734850748421025e+00
 1.68550000000004510e-06  5.00012741005675720e-01  1.00001328417370985e-02  1.90734850873128914e+00
 1.68650000000004518e-06  5.00012741005678052e-01  1.00001328428350293e-02  1.90734850996595906e+00
 1.68750000000004525e-06  5.00012741005680383e-01  1.00001328440262882e-02  1.90734851118834370e+00
 1.68850000000004533e-06  5.00012741005682715e-01  1.00001328451823079e-02  1.90734851239856495e+00
 1.68950000000004540e-06  5.00012741005685046e-01  1.00001328463446577e-02  1.90734851359674384e+00
 1.69050000000004548e-06  5.00012741005687489e-01  1.00001328473706408e-02  1.90734851478300027e+00
 1.69150000000004555e-06  5.00012741005689820e-01  1.00001328484785670e-02  1.90734851595745303e+00
 1.69250000000004563e-06  5.00012741005692152e-01  1.00001328497303019e-02  1.90734851712021913e+00
 1.69350000000004570e-06  5.00012741005694594e-01  1.00001328509943411e-02  1.90734851827141516e+00
 1.69450000000004578e-06  5.00012741005696926e-01  1.00001328522301338e-02  1.90734851941115591e+00
 1.69550000000004585e-06  5.00012741005699257e-01  1.00001328533211691e-02  1.90734852053955573e+00
 1.69650000000004593e-06  5.00012741005701700e-01  1.00001328543528906e-02  1.90734852165672764e+00
 1.69750000000004600e-06  5.00012741005704142e-01  1.00001328554918511e-02  1.90734852276278311e+00
 1.69850000000004608e-06  5.00012741005706474e-01  1.00001328567893340e-02  1.90734852385783293e+00
 1.69950000000004615e-06  5.00012741005708805e-01  1.00001328580152631e-02  1.90734852494198637e+00
 1.70050000000004623e-06  5.00012741005711137e-01  1.00001328590333758e-02  1.90734852601535176e+00
 1.70150000000004630e-06  5.00012741005713468e-01  1.00001328599753862e-02  1.90734852707803637e+00
 1.70250000000004638e-06  5.00012741005715800e-01  1.00001328609970203e-02  1.90734852813014699e+00
 1.70350000000004646e-06  5.00012741005718242e-01  1.00001328620702417e-02  1.90734852917178843e+00
 1.70450000000004653e-06  5.00012741005720573e-01  1.00001328630907205e-02  1.90734853020306550e+00
 1.70550000000004661e-06  5.00012741005722905e-01  1.00001328640019049e-02  1.90734853122408055e+00
 1.70650000000004668e-06  5.00012741005725236e-01  1.00001328650436861e-02  1.90734853223493617e+00
 1.70750000000004676e-06  5.00012741005727568e-01  1.00001328660561557e-02  1.90734853323573339e+00
 1.70850000000004683e-06  5.00012741005729899e-01  1.00001328670229969e-02  1.90734853422657213e+00
 1.70950000000004691e-06  5.00012741005732231e-01  1.00001328677609240e-02  1.90734853520755143e+00
 1.71050000000004698e-06  5.00012741005734562e-01  1.00001328684898166e-02  1.90734853617876920e+00
 1.71150000000004706e-06  5.00012741005736894e-01  1.00001328696743379e-02  1.90734853714032337e+00
 1.71250000000004713e-06  5.00012741005739336e-01  1.00001328709936974e-02  1.90734853809230942e+00
 1.71350000000004721e-06  5.00012741005741779e-01  1.00001328721484265e-02  1.90734853903482260e+00
 1.71450000000004728e-06  5.00012741005744110e-01  1.00001328731200712e-02  1.90734853996795728e+00
 1.71550000000004736e-06  5.00012741005746442e-01  1.00001328738054101e-02  1.90734854089180650e+00
 1.71650000000004743e-06  5.00012741005748773e-01  1.00001328745238545e-02  1.90734854180646329e+00
 1.71750000000004751e-06  5.00012741005751105e-01  1.00001328753039527e-02  1.90734854271201848e+00
 1.71850000000004758e-06  5.00012741005753436e-01  1.00001328762631663e-02  1.90734854360856310e+00
 1.71950000000004766e-06  5.00012741005755768e-01  1.00001328772600876e-02  1.90734854449618663e+00
 1.72050000000004773e-06  5.00012741005758099e-01  1.00001328782710359e-02  1.90734854537497811e+00
 1.72150000000004781e-06  5.00012741005760430e-01  1.00001328794285232e-02  1.90734854624502548e+00
 1.72250000000004788e-06  5.00012741005762762e-01  1.00001328807247034e-02  1.90734854710641510e+00
 1.72350000000004796e-06  5.00012741005765204e-01  1.00001328819056649e-02  1.90734854795923336e+00
 1.72450000000004803e-06  5.00012741005767536e-01  1.00001328827993424e-02  1.90734854880356552e+00
 1.72550000000004811e-06  5.00012741005769867e-01  1.00001328833373235e-02  1.90734854963949618e+00
 1.72650000000004818e-06  5.00012741005772199e-01  1.00001328837282782e-02  1.90734855046710927e+00
 1.72750000000004826e-06  5.00012741005774530e-01  1.00001328842360352e-02  1.90734855128648673e+00
 1.72850000000004833e-06  5.00012741005776973e-01  1.00001328850987843e-02  1.90734855209771115e+00
 1.72950000000004841e-06  5.00012741005779415e-01  1.00001328861803480e-02  1.90734855290086380e+00
 1.73050000000004848e-06  5.00012741005781858e-01  1.00001328873310386e-02  1.90734855369602463e+00
 1.73150000000004856e-06  5.00012741005784189e-01  1.00001328884150604e-02  1.90734855448327334e+00
 1.73250000000004863e-06  5.00012741005786521e-01  1.00001328894378308e-02  1.90734855526268832e+00
 1.73350000000004871e-06  5.00012741005788852e-01  1.00001328902513086e-02  1.90734855603434772e+00
 1.73450000000004878e-06  5.00012741005791184e-01  1.00001328908884690e-02  1.90734855679832882e+00
 1.73550000000004886e-06  5.00012741005793515e-01  1.00001328914783999e-02  1.90734855755470778e+00
 1.73650000000004893e-06  5.00012741005795958e-01  1.00001328921100197e-02  1.90734855830356054e+00
 1.73750000000004901e-06  5.00012741005798289e-01  1.00001328929264516e-02  1.90734855904496170e+00
 1.73850000000004908e-06  5.00012741005800621e-01  1.00001328938640159e-02  1.90734855977898565e+00
 1.73950000000004916e-06  5.00012741005803063e-01  1.00001328947722044e-02  1.90734856050570567e+00
 1.74050000000004923e-06  5.00012741005805506e-01  1.00001328955585458e-02  1.90734856122519458e+00
 1.74150000000004931e-06  5.00012741005807837e-01  1.00001328962224904e-02  1.90734856193752389e+00
 1.74250000000004939e-06  5.00012741005810168e-01  1.00001328967343935e-02  1.90734856264276531e+00
 1.74350000000004946e-06  5.00012741005812500e-01  1.00001328974110987e-02  1.90734856334098901e+00
 1.74450000000004954e-06  5.00012741005814831e-01  1.00001328980392299e-02  1.90734856403226516e+00
 1.74550000000004961e-06  5.00012741005817163e-01  1.00001328986875516e-02  1.90734856471666303e+00
 1.74650000000004969e-06  5.00012741005819494e-01  1.00001328994292205e-02  1.90734856539425057e+00
 1.74750000000004976e-06  5.00012741005821826e-01  1.00001329002001541e-02  1.90734856606509573e+00
 1.74850000000004984e-06  5.00012741005824157e-01  1.00001329010324866e-02  1.90734856672926556e+00
 1.74950000000004991e-06  5.00012741005826489e-01  1.00001329019009898e-02  1.90734856738682645e+00
 1.75050000000004999e-06  5.00012741005828820e-01  1.00001329026918797e-02  1.90734856803784436e+00
 1.75150000000005006e-06  5.00012741005831152e-01  1.00001329034226441e-02  1.90734856868238456e+00
 1.75250000000005014e-06  5.00012741005833594e-01  1.00001329042801405e-02  1.90734856932051078e+00
 1.75350000000005021e-06  5.00012741005836037e-01  1.00001329053147712e-02  1.90734856995228785e+00
 1.75450000000005029e-06  5.00012741005838368e-01  1.00001329063965621e-02  1.90734857057777818e+00
 1.75550000000005036e-06  5.00012741005840700e-01  1.00001329072550420e-02  1.90734857119704482e+00
 1.75650000000005044e-06  5.00012741005843142e-01  1.00001329077011661e-02  1.90734857181014927e+00
 1.75750000000005051e-06  5.00012741005845474e-01  1.00001329080514935e-02  1.90734857241715283e+00
 1.75850000000005059e-06  5.00012741005847805e-01  1.00001329086808408e-02  1.90734857301811678e+00
 1.75950000000005066e-06  5.00012741005850136e-01  1.00001329094815943e-02  1.90734857361310106e+00
 1.76050000000005074e-06  5.00012741005852468e-01  1.00001329102927458e-02  1.90734857420216453e+00
 1.76150000000005081e-06  5.00012741005854799e-01  1.00001329110520187e-02  1.90734857478536646e+00
 1.76250000000005089e-06  5.00012741005857131e-01  1.00001329117194102e-02  1.90734857536276547e+00
 1.76350000000005096e-06  5.00012741005859462e-01  1.00001329124738744e-02  1.90734857593441887e+00
 1.76450000000005104e-06  5.00012741005861794e-01  1.00001329131600911e-02  1.90734857650038414e+00
 1.76550000000005111e-06  5.00012741005864125e-01  1.00001329138188419e-02  1.90734857706071814e+00
 1.76650000000005119e-06  5.00012741005866568e-01  1.00001329145338706e-02  1.90734857761547616e+00
 1.76750000000005126e-06  5.00012741005868899e-01  1.00001329152443266e-02  1.90734857816471415e+00
 1.76850000000005134e-06  5.00012741005871231e-01  1.00001329159809128e-02  1.90734857870848695e+00
 1.76950000000005141e-06  5.00012741005873673e-01  1.00001329164944707e-02  1.90734857924684897e+00
 1.77050000000005149e-06  5.00012741005876005e-01  1.00001329170045523e-02  1.90734857977985395e+00
 1.77150000000005156e-06  5.00012741005878336e-01  1.00001329175755677e-02  1.90734858030755516e+00
 1.77250000000005164e-06  5.00012741005880779e-01  1.00001329180592815e-02  1.90734858083000525e+00
 1.77350000000005171e-06  5.00012741005883221e-01  1.00001329185536725e-02  1.90734858134725682e+00
 1.77450000000005179e-06  5.00012741005885553e-01  1.00001329190674490e-02  1.90734858185936185e+00
 1.77550000000005186e-06  5.00012741005887884e-01  1.00001329195871669e-02  1.90734858236637139e+00
 1.77650000000005194e-06  5.00012741005890216e-01  1.00001329202431752e-02  1.90734858286833542e+00
 1.77750000000005201e-06  5.00012741005892547e-01  1.00001329208055482e-02  1.90734858336530477e+00
 1.77850000000005209e-06  5.00012741005894878e-01  1.00001329214078356e-02  1.90734858385732875e+00
 1.77950000000005216e-06  5.00012741005897210e-01  1.00001329218712565e-02  1.90734858434445709e+00
 1.78050000000005224e-06  5.00012741005899541e-01  1.00001329221054754e-02  1.90734858482673819e+00
 1.78150000000005232e-06  5.00012741005901873e-01  1.00001329224026735e-02  1.90734858530422025e+00
 1.78250000000005239e-06  5.00012741005904204e-01  1.00001329228320245e-02  1.90734858577695121e+00
 1.78350000000005247e-06  5.00012741005906536e-01  1.00001329235257005e-02  1.90734858624497816e+00
 1.78450000000005254e-06  5.00012741005908867e-01  1.00001329242438049e-02  1.90734858670834795e+00
 1.78550000000005262e-06  5.00012741005911310e-01  1.00001329249381054e-02  1.90734858716710742e+00
 1.78650000000005269e-06  5.00012741005913752e-01  1.00001329256082620e-02  1.90734858762130188e+00
 1.78750000000005277e-06  5.00012741005916084e-01  1.00001329262541603e-02  1.90734858807097685e+00
 1.78850000000005284e-06  5.00012741005918415e-01  1.00001329268333428e-02  1.90734858851617717e+00
 1.78950000000005292e-06  5.00012741005920747e-01  1.00001329273387493e-02  1.90734858895694748e+00
 1.79050000000005299e-06  5.00012741005923078e-01  1.00001329278532110e-02  1.90734858939333218e+00
 1.79150000000005307e-06  5.00012741005925410e-01  1.00001329281872685e-02  1.90734858982537459e+00
 1.79250000000005314e-06  5.00012741005927741e-01  1.00001329286112817e-02  1.90734859025311843e+00
 1.79350000000005322e-06  5.00012741005930073e-01  1.00001329291942390e-02  1.90734859067660589e+00
 1.79450000000005329e-06  5.00012741005932404e-01  1.00001329299824245e-02  1.90734859109587940e+00
 1.79550000000005337e-06  5.00012741005934735e-01  1.00001329308018073e-02  1.90734859151098068e+00
 1.79650000000005344e-06  5.00012741005937067e-01  1.00001329314601071e-02  1.90734859192195150e+00
 1.79750000000005352e-06  5.00012741005939398e-01  1.00001329320691962e-02  1.90734859232883291e+00
 1.79850000000005359e-06  5.00012741005941841e-01  1.00001329326911016e-02  1.90734859273166557e+00
 1.79950000000005367e-06  5.00012741005944283e-01  1.00001329332440082e-02  1.90734859313049010e+00
 1.80050000000005374e-06  5.00012741005946615e-01  1.00001329335843662e-02  1.90734859352534625e+00
 1.80150000000005382e-06  5.00012741005948946e-01  1.00001329338104492e-02  1.90734859391627332e+00
 1.80250000000005389e-06  5.00012741005951278e-01  1.00001329341085875e-02  1.90734859430331039e+00
 1.80350000000005397e-06  5.00012741005953609e-01  1.00001329345567637e-02  1.90734859468649631e+00
 1.80450000000005404e-06  5.00012741005955941e-01  1.00001329351176362e-02  1.90734859506586929e+00
 1.80550000000005412e-06  5.00012741005958272e-01  1.00001329355931725e-02  1.90734859544146707e+00
 1.80650000000005419e-06  5.00012741005960604e-01  1.00001329359233615e-02  1.90734859581332761e+00
 1.80750000000005427e-06  5.00012741005962935e-01  1.00001329361737168e-02  1.90734859618148822e+00
 1.80850000000005434e-06  5.00012741005965267e-01  1.00001329366411710e-02  1.90734859654598510e+00
 1.80950000000005442e-06  5.00012741005967598e-01  1.00001329372841931e-02  1.90734859690685532e+00
 1.81050000000005449e-06  5.00012741005969930e-01  1.00001329379421737e-02  1.90734859726413442e+00
 1.81150000000005457e-06  5.00012741005972261e-01  1.00001329385675432e-02  1.90734859761785835e+00
 1.81250000000005464e-06  5.00012741005974592e-01  1.00001329390850147e-02  1.90734859796806266e+00
 1.81350000000005472e-06  5.00012741005976924e-01  1.00001329395258427e-02  1.90734859831478221e+00
 1.81450000000005479e-06  5.00012741005979255e-01  1.00001329400588694e-02  1.90734859865805184e+00
 1.81550000000005487e-06  5.00012741005981587e-01  1.00001329406354186e-02  1.90734859899790576e+00
 1.81650000000005494e-06  5.00012741005983918e-01  1.00001329410390107e-02  1.90734859933437773e+00
 1.81750000000005502e-06  5.00012741005986250e-01  1.00001329414630014e-02  1.90734859966750170e+00
 1.81850000000005510e-06  5.00012741005988692e-01  1.00001329418211680e-02  1.90734859999731121e+00
 1.81950000000005517e-06  5.00012741005991024e-01  1.00001329423339783e-02  1.90734860032383868e+00
 1.82050000000005525e-06  5.00012741005993355e-01  1.00001329429027768e-02  1.90734860064711698e+00
 1.82150000000005532e-06  5.00012741005995687e-01  1.00001329434109675e-02  1.90734860096717851e+00
 1.82250000000005540e-06  5.00012741005998018e-01  1.00001329439128334e-02  1.90734860128405526e+00
 1.82350000000005547e-06  5.00012741006000350e-01  1.00001329443697717e-02  1.90734860159777897e+00
 1.82450000000005555e-06  5.00012741006002681e-01  1.00001329446905828e-02  1.90734860190838118e+00
 1.82550000000005562e-06  5.00012741006005013e-01  1.00001329449539451e-02  1.90734860221589253e+00
 1.82650000000005570e-06  5.00012741006007344e-01  1.00001329452756235e-02  1.90734860252034433e+00
 1.82750000000005577e-06  5.00012741006009787e-01  1.00001329455972395e-02  1.90734860282176655e+00
 1.82850000000005585e-06  5.00012741006012229e-01  1.00001329459181425e-02  1.90734860312018917e+00
 1.82950000000005592e-06  5.00012741006014561e-01  1.00001329461232788e-02  1.90734860341564261e+00
 1.83050000000005600e-06  5.00012741006016892e-01  1.00001329464120998e-02  1.90734860370815595e+00
 1.83150000000005607e-06  5.00012741006019223e-01  1.00001329468284248e-02  1.90734860399775852e+00
 1.83250000000005615e-06  5.00012741006021555e-01  1.00001329473261291e-02  1.90734860428447961e+00
 1.83350000000005622e-06  5.00012741006023886e-01  1.00001329478506540e-02  1.90734860456834765e+00
 1.83450000000005630e-06  5.00012741006026218e-01  1.00001329481807788e-02  1.90734860484939106e+00
 1.83550000000005637e-06  5.00012741006028549e-01  1.00001329485134450e-02  1.90734860512763804e+00
 1.83650000000005645e-06  5.00012741006030881e-01  1.00001329488514680e-02  1.90734860540311613e+00
 1.83750000000005652e-06  5.00012741006033212e-01  1.00001329493619173e-02  1.90734860567585285e+00
 1.83850000000005660e-06  5.00012741006035544e-01  1.00001329498335921e-02  1.90734860594587574e+00
 1.83950000000005667e-06  5.00012741006037875e-01  1.00001329502701596e-02  1.90734860621321234e+00
 1.84050000000005675e-06  5.00012741006040318e-01  1.00001329505916489e-02  1.90734860647788862e+00
 1.84150000000005682e-06  5.00012741006042760e-01  1.00001329508914022e-02  1.90734860673993123e+00
 1.84250000000005690e-06  5.00012741006045092e-01  1.00001329511379324e-02  1.90734860699936637e+00
 1.84350000000005697e-06  5.00012741006047423e-01  1.00001329513479051e-02  1.90734860725622024e+00
 1.84450000000005705e-06  5.00012741006049866e-01  1.00001329516559729e-02  1.90734860751051793e+00
 1.84550000000005712e-06  5.00012741006052197e-01  1.00001329521845084e-02  1.90734860776228521e+00
 1.84650000000005720e-06  5.00012741006054529e-01  1.00001329527400450e-02  1.90734860801154715e+00
 1.84750000000005727e-06  5.00012741006056860e-01  1.00001329531928789e-02  1.90734860825832930e+00
 1.84850000000005735e-06  5.00012741006059191e-01  1.00001329534275818e-02  1.90734860850265542e+00
 1.84950000000005742e-06  5.00012741006061523e-01  1.00001329535041004e-02  1.90734860874455081e+00
 1.85050000000005750e-06  5.00012741006063854e-01  1.00001329536730590e-02  1.90734860898403924e+00
 1.85150000000005757e-06  5.00012741006066186e-01  1.00001329539594168e-02  1.90734860922114424e+00
 1.85250000000005765e-06  5.00012741006068517e-01  1.00001329544066493e-02  1.90734860945589024e+00
 1.85350000000005772e-06  5.00012741006070849e-01  1.00001329548316791e-02  1.90734860968830033e+00
 1.85450000000005780e-06  5.00012741006073291e-01  1.00001329553425760e-02  1.90734860991839761e+00
 1.85550000000005787e-06  5.00012741006075623e-01  1.00001329559192900e-02  1.90734861014620538e+00
 1.85650000000005795e-06  5.00012741006077954e-01  1.00001329564711854e-02  1.90734861037174652e+00
 1.85750000000005803e-06  5.00012741006080397e-01  1.00001329568222708e-02  1.90734861059504346e+00
 1.85850000000005810e-06  5.00012741006082728e-01  1.00001329571645006e-02  1.90734861081611817e+00
 1.85950000000005818e-06  5.00012741006085060e-01  1.00001329574319689e-02  1.90734861103499287e+00
 1.86050000000005825e-06  5.00012741006087502e-01  1.00001329577745230e-02  1.90734861125168997e+00
 1.86150000000005833e-06  5.00012741006089945e-01  1.00001329582311404e-02  1.90734861146623058e+00
 1.86250000000005840e-06  5.00012741006092276e-01  1.00001329586308259e-02  1.90734861167863667e+00
 1.86350000000005848e-06  5.00012741006094608e-01  1.00001329589783430e-02  1.90734861188892912e+00
 1.86450000000005855e-06  5.00012741006096939e-01  1.00001329591433100e-02  1.90734861209712903e+00
 1.86550000000005863e-06  5.00012741006099271e-01  1.00001329593892609e-02  1.90734861230325747e+00
 1.86650000000005870e-06  5.00012741006101602e-01  1.00001329597309251e-02  1.90734861250733512e+00
 1.86750000000005878e-06  5.00012741006104044e-01  1.00001329601139312e-02  1.90734861270938194e+00
 1.86850000000005885e-06  5.00012741006106376e-01  1.00001329605149247e-02  1.90734861290941793e+00
 1.86950000000005893e-06  5.00012741006108707e-01  1.00001329609216549e-02  1.90734861310746373e+00
 1.87050000000005900e-06  5.00012741006111039e-01  1.00001329612927573e-02  1.90734861330353889e+00
 1.87150000000005908e-06  5.00012741006113370e-01  1.00001329614775748e-02  1.90734861349766316e+00
 1.87250000000005915e-06  5.00012741006115702e-01  1.00001329615062029e-02  1.90734861368985564e+00
 1.87350000000005923e-06  5.00012741006118033e-01  1.00001329616394956e-02  1.90734861388013544e+00
 1.87450000000005930e-06  5.00012741006120365e-01  1.00001329620983351e-02  1.90734861406852163e+00
 1.87550000000005938e-06  5.00012741006122696e-01  1.00001329624895309e-02  1.90734861425503355e+00
 1.87650000000005945e-06  5.00012741006125139e-01  1.00001329627123665e-02  1.90734861443968984e+00
 1.87750000000005953e-06  5.00012741006127581e-01  1.00001329628203947e-02  1.90734861462250849e+00
 1.87850000000005960e-06  5.00012741006129913e-01  1.00001329628150813e-02  1.90734861480350770e+00
 1.87950000000005968e-06  5.00012741006132244e-01  1.00001329628364340e-02  1.90734861498270636e+00
 1.88050000000005975e-06  5.00012741006134576e-01  1.00001329629112751e-02  1.90734861516012177e+00
 1.88150000000005983e-06  5.00012741006136907e-01  1.00001329632809464e-02  1.90734861533577216e+00
 1.88250000000005990e-06  5.00012741006139239e-01  1.00001329637097770e-02  1.90734861550967438e+00
 1.88350000000005998e-06  5.00012741006141570e-01  1.00001329639667035e-02  1.90734861568184622e+00
 1.88450000000006005e-06  5.00012741006143902e-01  1.00001329642194735e-02  1.90734861585230497e+00
 1.88550000000006013e-06  5.00012741006146233e-01  1.00001329645803515e-02  1.90734861602106753e+00
 1.88650000000006020e-06  5.00012741006148564e-01  1.00001329650784860e-02  1.90734861618815077e+00
 1.88750000000006028e-06  5.00012741006151007e-01  1.00001329654242702e-02  1.90734861635357111e+00
 1.88850000000006035e-06  5.00012741006153338e-01  1.00001329655111625e-02  1.90734861651734566e+00
 1.88950000000006043e-06  5.00012741006155670e-01  1.00001329655899224e-02  1.90734861667949085e+00
 1.89050000000006050e-06  5.00012741006158001e-01  1.00001329658022543e-02  1.90734861684002266e+00
 1.89150000000006058e-06  5.00012741006160333e-01  1.00001329660607784e-02  1.90734861699895708e+00
 1.89250000000006065e-06  5.00012741006162664e-01  1.00001329663328749e-02  1.90734861715631010e+00
 1.89350000000006073e-06  5.00012741006164996e-01  1.00001329666952708e-02  1.90734861731209704e+00
 1.89450000000006080e-06  5.00012741006167327e-01  1.00001329670342722e-02  1.90734861746633344e+00
 1.89550000000006088e-06  5.00012741006169659e-01  1.00001329673157658e-02  1.90734861761903551e+00
 1.89650000000006096e-06  5.00012741006171990e-01  1.00001329675203660e-02  1.90734861777021814e+00
 1.89750000000006103e-06  5.00012741006174322e-01  1.00001329676371771e-02  1.90734861791989618e+00
 1.89850000000006111e-06  5.00012741006176653e-01  1.00001329677800437e-02  1.90734861806808520e+00
 1.89950000000006118e-06  5.00012741006179096e-01  1.00001329679054313e-02  1.90734861821479962e+00
 1.90050000000006126e-06  5.00012741006181538e-01  1.00001329681391454e-02  1.90734861836005387e+00
 1.90150000000006133e-06  5.00012741006183870e-01  1.00001329686580116e-02  1.90734861850386306e+00
 1.90250000000006141e-06  5.00012741006186201e-01  1.00001329691607622e-02  1.90734861864624117e+00
 1.90350000000006148e-06  5.00012741006188643e-01  1.00001329694389268e-02  1.90734861878720241e+00
 1.90450000000006156e-06  5.00012741006190975e-01  1.00001329697099080e-02  1.90734861892676077e+00
 1.90550000000006163e-06  5.00012741006193306e-01  1.00001329699379547e-02  1.90734861906493069e+00
 1.90650000000006171e-06  5.00012741006195638e-01  1.00001329701741633e-02  1.90734861920172594e+00
 1.90750000000006178e-06  5.00012741006197969e-01  1.00001329703592046e-02  1.90734861933716005e+00
 1.90850000000006186e-06  5.00012741006200301e-01  1.00001329705608055e-02  1.90734861947124612e+00
 1.90950000000006193e-06  5.00012741006202632e-01  1.00001329708490228e-02  1.90734861960399837e+00
 1.91050000000006201e-06  5.00012741006204964e-01  1.00001329712909957e-02  1.90734861973542968e+00
 1.91150000000006208e-06  5.00012741006207295e-01  1.00001329717655605e-02  1.90734861986555293e+00
 1.91250000000006216e-06  5.00012741006209627e-01  1.00001329721881929e-02  1.90734861999438143e+00
 1.91350000000006223e-06  5.00012741006212069e-01  1.00001329724234544e-02  1.90734862012192807e+00
 1.91450000000006231e-06  5.00012741006214401e-01  1.00001329725937140e-02  1.90734862024820551e+00
 1.91550000000006238e-06  5.00012741006216732e-01  1.00001329727478355e-02  1.90734862037322639e+00
 1.91650000000006246e-06  5.00012741006219175e-01  1.00001329729149258e-02  1.90734862049700338e+00
 1.91750000000006253e-06  5.00012741006221506e-01  1.00001329730643983e-02  1.90734862061954846e+00
 1.91850000000006261e-06  5.00012741006223838e-01  1.00001329731670974e-02  1.90734862074087430e+00
 1.91950000000006268e-06  5.00012741006226280e-01  1.00001329732130623e-02  1.90734862086099288e+00
 1.92050000000006276e-06  5.00012741006228723e-01  1.00001329731030878e-02  1.90734862097991642e+00
 1.92150000000006283e-06  5.00012741006231054e-01  1.00001329729926969e-02  1.90734862109765668e+00
 1.92250000000006291e-06  5.00012741006233385e-01  1.00001329730380912e-02  1.90734862121422521e+00
 1.92350000000006298e-06  5.00012741006235717e-01  1.00001329732113103e-02  1.90734862132963379e+00
 1.92450000000006306e-06  5.00012741006238048e-01  1.00001329734445820e-02  1.90734862144389394e+00
 1.92550000000006313e-06  5.00012741006240380e-01  1.00001329735860071e-02  1.90734862155701701e+00
 1.92650000000006321e-06  5.00012741006242822e-01  1.00001329737300308e-02  1.90734862166901453e+00
 1.92750000000006328e-06  5.00012741006245154e-01  1.00001329739379721e-02  1.90734862177989806e+00
 1.92850000000006336e-06  5.00012741006247485e-01  1.00001329742301758e-02  1.90734862188967780e+00
 1.92950000000006343e-06  5.00012741006249817e-01  1.00001329745189067e-02  1.90734862199836552e+00
 1.93050000000006351e-06  5.00012741006252148e-01  1.00001329748077711e-02  1.90734862210597123e+00
 1.93150000000006358e-06  5.00012741006254480e-01  1.00001329749586504e-02  1.90734862221250667e+00
 1.93250000000006366e-06  5.00012741006256811e-01  1.00001329751081957e-02  1.90734862231798208e+00
 1.93350000000006373e-06  5.00012741006259143e-01  1.00001329752866502e-02  1.90734862242240788e+00
 1.93450000000006381e-06  5.00012741006261474e-01  1.00001329753010831e-02  1.90734862252579451e+00
 1.93550000000006389e-06  5.00012741006263917e-01  1.00001329751783601e-02  1.90734862262815197e+00
 1.93650000000006396e-06  5.00012741006266359e-01  1.00001329752384856e-02  1.90734862272949135e+00
 1.93750000000006404e-06  5.00012741006268691e-01  1.00001329756642995e-02  1.90734862282982243e+00
 1.93850000000006411e-06  5.00012741006271022e-01  1.00001329760912323e-02  1.90734862292915541e+00
 1.93950000000006419e-06  5.00012741006273354e-01  1.00001329764533731e-02  1.90734862302749963e+00
 1.94050000000006426e-06  5.00012741006275685e-01  1.00001329766406001e-02  1.90734862312486531e+00
 1.94150000000006434e-06  5.00012741006278016e-01  1.00001329765901717e-02  1.90734862322126220e+00
 1.94250000000006441e-06  5.00012741006280348e-01  1.00001329765976327e-02  1.90734862331669963e+00
 1.94350000000006449e-06  5.00012741006282679e-01  1.00001329767742779e-02  1.90734862341118783e+00
 1.94450000000006456e-06  5.00012741006285011e-01  1.00001329769497938e-02  1.90734862350473566e+00
 1.94550000000006464e-06  5.00012741006287342e-01  1.00001329771593258e-02  1.90734862359735269e+00
 1.94650000000006471e-06  5.00012741006289785e-01  1.00001329774404447e-02  1.90734862368904801e+00
 1.94750000000006479e-06  5.00012741006292116e-01  1.00001329775810544e-02  1.90734862377983116e+00
 1.94850000000006486e-06  5.00012741006294448e-01  1.00001329777572399e-02  1.90734862386971082e+00
 1.94950000000006494e-06  5.00012741006296779e-01  1.00001329778922395e-02  1.90734862395869631e+00
 1.95050000000006501e-06  5.00012741006299111e-01  1.00001329780305768e-02  1.90734862404679584e+00
 1.95150000000006509e-06  5.00012741006301553e-01  1.00001329782038618e-02  1.90734862413401873e+00
 1.95250000000006516e-06  5.00012741006303996e-01  1.00001329785001248e-02  1.90734862422037388e+00
 1.95350000000006524e-06  5.00012741006306438e-01  1.00001329789345082e-02  1.90734862430586993e+00
 1.95450000000006531e-06  5.00012741006308770e-01  1.00001329792156826e-02  1.90734862439051533e+00
 1.95550000000006539e-06  5.00012741006311101e-01  1.00001329792938840e-02  1.90734862447431852e+00
 1.95650000000006546e-06  5.00012741006313433e-01  1.00001329792424234e-02  1.90734862455728726e+00
 1.95750000000006554e-06  5.00012741006315764e-01  1.00001329791001986e-02  1.90734862463943089e+00
 1.95850000000006561e-06  5.00012741006318095e-01  1.00001329788655235e-02  1.90734862472075717e+00
 1.95950000000006569e-06  5.00012741006320538e-01  1.00001329788128868e-02  1.90734862480127432e+00
 1.96050000000006576e-06  5.00012741006322869e-01  1.00001329790539335e-02  1.90734862488099011e+00
 1.96150000000006584e-06  5.00012741006325201e-01  1.00001329794086827e-02  1.90734862495991275e+00
 1.96250000000006591e-06  5.00012741006327643e-01  1.00001329797418433e-02  1.90734862503804981e+00
 1.96350000000006599e-06  5.00012741006330086e-01  1.00001329800444225e-02  1.90734862511540948e+00
 1.96450000000006606e-06  5.00012741006332417e-01  1.00001329804203197e-02  1.90734862519199933e+00
 1.96550000000006614e-06  5.00012741006334749e-01  1.00001329807312116e-02  1.90734862526782711e+00
 1.96650000000006621e-06  5.00012741006337080e-01  1.00001329809822140e-02  1.90734862534290017e+00
 1.96750000000006629e-06  5.00012741006339412e-01  1.00001329810851976e-02  1.90734862541722627e+00
 1.96850000000006636e-06  5.00012741006341743e-01  1.00001329809997364e-02  1.90734862549081252e+00
 1.96950000000006644e-06  5.00012741006344075e-01  1.00001329808199063e-02  1.90734862556366691e+00
 1.97050000000006651e-06  5.00012741006346406e-01  1.00001329808278010e-02  1.90734862563579655e+00
 1.97150000000006659e-06  5.00012741006348738e-01  1.00001329809130558e-02  1.90734862570720831e+00
 1.97250000000006666e-06  5.00012741006351069e-01  1.00001329811433386e-02  1.90734862577790953e+00
 1.97350000000006674e-06  5.00012741006353401e-01  1.00001329813845900e-02  1.90734862584790732e+00
 1.97450000000006682e-06  5.00012741006355732e-01  1.00001329814032609e-02  1.90734862591720855e+00
 1.97550000000006689e-06  5.00012741006358175e-01  1.00001329812624030e-02  1.90734862598581989e+00
 1.97650000000006697e-06  5.00012741006360617e-01  1.00001329810991274e-02  1.90734862605374844e+00
 1.97750000000006704e-06  5.00012741006362949e-01  1.00001329811158224e-02  1.90734862612100153e+00
 1.97850000000006712e-06  5.00012741006365280e-01  1.00001329813050512e-02  1.90734862618758561e+00
 1.97950000000006719e-06  5.00012741006367722e-01  1.00001329815274410e-02  1.90734862625350687e+00
 1.98050000000006727e-06  5.00012741006370054e-01  1.00001329816002838e-02  1.90734862631877222e+00
 1.98150000000006734e-06  5.00012741006372385e-01  1.00001329818595608e-02  1.90734862638338831e+00
 1.98250000000006742e-06  5.00012741006374717e-01  1.00001329823432884e-02  1.90734862644736136e+00
 1.98350000000006749e-06  5.00012741006377048e-01  1.00001329829232950e-02  1.90734862651069759e+00
 1.98450000000006757e-06  5.00012741006379380e-01  1.00001329834709662e-02  1.90734862657340387e+00
 1.98550000000006764e-06  5.00012741006381711e-01  1.00001329836028607e-02  1.90734862663548599e+00
 1.98650000000006772e-06  5.00012741006384043e-01  1.00001329834928637e-02  1.90734862669695060e+00
 1.98750000000006779e-06  5.00012741006386374e-01  1.00001329832789948e-02  1.90734862675780348e+00
 1.98850000000006787e-06  5.00012741006388706e-01  1.00001329830032310e-02  1.90734862681805084e+00
 1.98950000000006794e-06  5.00012741006391148e-01  1.00001329829168990e-02  1.90734862687769846e+00
 1.99050000000006802e-06  5.00012741006393480e-01  1.00001329831724203e-02  1.90734862693675278e+00
 1.99150000000006809e-06  5.00012741006395811e-01  1.00001329834196618e-02  1.90734862699521934e+00
 1.99250000000006817e-06  5.00012741006398254e-01  1.00001329835408513e-02  1.90734862705310459e+00
 1.99350000000006824e-06  5.00012741006400585e-01  1.00001329836272093e-02  1.90734862711041386e+00
 1.99450000000006832e-06  5.00012741006402917e-01  1.00001329836981751e-02  1.90734862716715248e+00
 1.99550000000006839e-06  5.00012741006405359e-01  1.00001329838134995e-02  1.90734862722332621e+00
 1.99650000000006847e-06  5.00012741006407802e-01  1.00001329841056495e-02  1.90734862727894128e+00
 1.99750000000006854e-06  5.00012741006410133e-01  1.00001329843191177e-02  1.90734862733400301e+00
 1.99850000000006862e-06  5.00012741006412464e-01  1.00001329845147910e-02  1.90734862738851696e+00
 1.99925000000003426e-06  5.00012741006414241e-01  1.00001329846802055e-02  1.90734862742904543e+00
 1.99999999999999991e-06  5.00012741006416128e-01  1.00001329848706817e-02  1.90734862746927147e+00
 2.00009999999999971e-06  5.00012741006416239e-01  1.00001329848930908e-02  1.90734862747460943e+00
 2.00029999999999972e-06  5.00012741006416683e-01  1.00001329849430769e-02  1.90734862748527267e+00
 2.00036874999999987e-06  5.00012741006416905e-01  1.00001329849634373e-02  1.90734862748893397e+00
 2.00048906250000024e-06  5.00012741006417238e-01  1.00001329850030411e-02  1.90734862749533507e+00
 2.00049561063916355e-06  5.02580829577658372e-01  1.00001329850053847e-02  1.90734862749568301e+00
 2.00050376595086494e-06  5.05856941269953730e-01  1.00001329850083441e-02  1.90734862749611667e+00
 2.00051119580444350e-06  5.08843404734218074e-01  1.00001329850108976e-02  1.90734862749651191e+00
 2.00051988290941530e-06  5.12303743451494653e-01  1.00001329850139924e-02  1.90734862749697420e+00
 2.00053358310408988e-06  5.17669759866069668e-01  1.00001329850189207e-02  1.90734862749770229e+00
 2.00055571544141590e-06  5.26095909173009857e-01  1.00001329850265743e-02  1.90734862749887846e+00
 2.00059998011606838e-06  5.42092072775258949e-01  1.00001329850412397e-02  1.90734862750123035e+00
 2.00064420450166945e-06  5.57010175348666037e-01  1.00001329850554436e-02  1.90734862750357848e+00
 2.00069111544221666e-06  5.71771011663570028e-01  1.00001329850694671e-02  1.90734862750606848e+00
 2.00073753719113115e-06  5.85395529654791358e-01  1.00001329850820022e-02  1.90734862750853118e+00
 2.00078541449632255e-06  5.98519036390820380e-01  1.00001329850928581e-02  1.90734862751106959e+00
 2.00083395570423633e-06  6.10952778659216489e-01  1.00001329851010061e-02  1.90734862751364243e+00
 2.00088447416099892e-06  6.23050947225946450e-01  1.00001329851063820e-02  1.90734862751631851e+00
 2.00093636864886406e-06  6.34671732424342494e-01  1.00001329851090882e-02  1.90734862751906631e+00
 2.00096818432443202e-06  6.41421034598317563e-01  1.00001329851090413e-02  1.90734862752075007e+00
 2.00099999999999998e-06  6.47908243097178649e-01  1.00001329851081375e-02  1.90734862752243339e+00
 2.00100636313511349e-06  6.49169906148390430e-01  1.00001329851079034e-02  1.90734862752277001e+00
 2.00101908940534051e-06  6.51670605206475018e-01  1.00001329851071540e-02  1.90734862752344325e+00
 2.00104454194579496e-06  6.56566542380981222e-01  1.00001329851054175e-02  1.90734862752478929e+00
 2.00109304060109222e-06  6.65516854252599321e-01  1.00001329851003937e-02  1.90734862752735324e+00
 2.00114637991842257e-06  6.74825708649392064e-01  1.00001329850924348e-02  1.90734862753017143e+00
 2.00120866646375085e-06  6.85052387798830709e-01  1.00001329850816761e-02  1.90734862753346035e+00
 2.00127781077468615e-06  6.95677903075984760e-01  1.00001329850689085e-02  1.90734862753710899e+00
 2.00134660047119962e-06  7.05572216232580152e-01  1.00001329850553152e-02  1.90734862754073586e+00
 2.00142131678031030e-06  7.15644216767267527e-01  1.00001329850392465e-02  1.90734862754467316e+00
 2.00149682245766072e-06  7.25191645805519092e-01  1.00001329850245013e-02  1.90734862754864820e+00
 2.00157895280393540e-06  7.34943999087185218e-01  1.00001329850106808e-02  1.90734862755296919e+00
 2.00166387416523057e-06  7.44417456624408502e-01  1.00001329849995109e-02  1.90734862755743340e+00
 2.00175638418901944e-06  7.54118558112440551e-01  1.00001329849918018e-02  1.90734862756229218e+00
 2.00185366910035119e-06  7.63709221142874983e-01  1.00001329849880027e-02  1.90734862756739743e+00
 2.00195997634370155e-06  7.73562132615538411e-01  1.00001329849880461e-02  1.90734862757297008e+00
 2.00207357466878834e-06  7.83455815239035069e-01  1.00001329849951220e-02  1.90734862757891865e+00
 2.00219869406143847e-06  7.93687480478165619e-01  1.00001329850081377e-02  1.90734862758546297e+00
 2.00233492533631764e-06  8.04130811831395120e-01  1.00001329850259741e-02  1.90734862759257862e+00
 2.00248725888006219e-06  8.15051786010988488e-01  1.00001329850475836e-02  1.90734862760052404e+00
 2.00265746121230125e-06  8.26420503355029812e-01  1.00001329850687611e-02  1.90734862760938761e+00
 2.00284312177688438e-06  8.37933469429334443e-01  1.00001329850767564e-02  1.90734862761903878e+00
 2.00304720676912927e-06  8.49638409052900223e-01  1.00001329850829147e-02  1.90734862762962720e+00
 2.00326887462438643e-06  8.61344608858853555e-01  1.00001329850839225e-02  1.90734862764110358e+00
 2.00351083225857404e-06  8.73050186177362852e-01  1.00001329850925354e-02  1.90734862765360136e+00
 2.00377176653484376e-06  8.84548266600341582e-01  1.00001329851018336e-02  1.90734862766704572e+00
 2.00405277865001903e-06  8.95758939758988237e-01  1.00001329851165024e-02  1.90734862768148528e+00
 2.00435168706723578e-06  9.06487988674370970e-01  1.00001329851328851e-02  1.90734862769679969e+00
 2.00466867731825805e-06  9.16663129764846984e-01  1.00001329851508690e-02  1.90734862771299030e+00
 2.00500193280805978e-06  9.26172080219293092e-01  1.00001329851550167e-02  1.90734862772995650e+00
 2.00535203893984253e-06  9.34999914973432600e-01  1.00001329851720500e-02  1.90734862774771985e+00
 2.00571836926135641e-06  9.43113790415966435e-01  1.00001329852227958e-02  1.90734862776623992e+00
 2.00610230599734270e-06  9.50537975219395537e-01  1.00001329853080349e-02  1.90734862778557757e+00
 2.00650432583227434e-06  9.57280816712701599e-01  1.00001329854395374e-02  1.90734862780574654e+00
 2.00692643859678488e-06  9.63379133723025194e-01  1.00001329855873324e-02  1.90734862782683634e+00
 2.00736995198464445e-06  9.68856671292894656e-01  1.00001329857147721e-02  1.90734862784889980e+00
 2.00783740071197334e-06  9.73751306538786721e-01  1.00001329858443403e-02  1.90734862787204817e+00
 2.00833086825090393e-06  9.78092311800977998e-01  1.00001329860078658e-02  1.90734862789636828e+00
 2.00885355027262539e-06  9.81916450645883732e-01  1.00001329861709731e-02  1.90734862792199755e+00
 2.00940850498040646e-06  9.85255555203827238e-01  1.00001329862376490e-02  1.90734862794906301e+00
 2.00999995495796151e-06  9.88145533478663074e-01  1.00001329862129795e-02  1.90734862797774340e+00
 2.01063238533825151e-06  9.90619597741818958e-01  1.00001329861613350e-02  1.90734862800822413e+00
 2.01131169269949524e-06  9.92713036747511213e-01  1.00001329859946073e-02  1.90734862804075012e+00
 2.01204461431269049e-06  9.94459584624304060e-01  1.00001329858352434e-02  1.90734862807559624e+00
 2.01283986879182145e-06  9.95893799962292547e-01  1.00001329857982036e-02  1.90734862811311845e+00
 2.01370799534819468e-06  9.97049159796596918e-01  1.00001329859498896e-02  1.90734862815373951e+00
 2.01466273944642067e-06  9.97959131750620232e-01  1.00001329863422823e-02  1.90734862819800854e+00
 2.01566273944642074e-06  9.98622655901469924e-01  1.00001329866033078e-02  1.90734862824392493e+00
 2.01666273944642082e-06  9.99077740340107545e-01  1.00001329865961365e-02  1.90734862828938412e+00
 2.01766273944642089e-06  9.99388459818792763e-01  1.00001329865245618e-02  1.90734862833439123e+00
 2.01866273944642097e-06  9.99600060702336202e-01  1.00001329867175897e-02  1.90734862837895092e+00
 2.01966273944642104e-06  9.99743945141224111e-01  1.00001329870388570e-02  1.90734862842306674e+00
 2.02066273944642112e-06  9.99841698385079525e-01  1.00001329873560130e-02  1.90734862846674402e+00
 2.02166273944642119e-06  9.99908076975689952e-01  1.00001329876134946e-02  1.90734862850998654e+00
 2.02266273944642127e-06  9.99953137521523927e-01  1.00001329877999028e-02  1.90734862855279874e+00
 2.02366273944642134e-06  9.99983721222076016e-01  1.00001329880076550e-02  1.90734862859518528e+00
 2.02466273944642142e-06  1.00000447704712170e+00  1.00001329881768096e-02  1.90734862863714993e+00
 2.02566273944642149e-06  1.00001856229635622e+00  1.00001329882725958e-02  1.90734862867869670e+00
 2.02666273944642157e-06  1.00002812045545042e+00  1.00001329883777600e-02  1.90734862871983024e+00
 2.02766273944642164e-06  1.00003460643213971e+00  1.00001329884973136e-02  1.90734862876055455e+00
 2.02866273944642172e-06  1.00003900763718234e+00  1.00001329886354410e-02  1.90734862880087341e+00
 2.02966273944642179e-06  1.00004199415593109e+00  1.00001329888612552e-02  1.90734862884079104e+00
 2.03066273944642187e-06  1.00004402070602172e+00  1.00001329889193944e-02  1.90734862888031143e+00
 2.03166273944642194e-06  1.00004539584878427e+00  1.00001329887883031e-02  1.90734862891943879e+00
 2.03266273944642202e-06  1.00004632896703982e+00  1.00001329886969248e-02  1.90734862895817692e+00
 2.03366273944642209e-06  1.00004696214325883e+00  1.00001329886533659e-02  1.90734862899652957e+00
 2.03466273944642217e-06  1.00004739179105151e+00  1.00001329886709057e-02  1.90734862903450053e+00
 2.03566273944642224e-06  1.00004768333243099e+00  1.00001329886284466e-02  1.90734862907209357e+00
 2.03666273944642232e-06  1.00004788116000931e+00  1.00001329885895471e-02  1.90734862910931224e+00
 2.03766273944642239e-06  1.00004801539906318e+00  1.00001329887331909e-02  1.90734862914616099e+00
 2.03866273944642247e-06  1.00004810649157627e+00  1.00001329888971726e-02  1.90734862918264292e+00
 2.03966273944642254e-06  1.00004816830623233e+00  1.00001329889258424e-02  1.90734862921876180e+00
 2.04066273944642262e-06  1.00004821025247037e+00  1.00001329888943537e-02  1.90734862925452120e+00
 2.04166273944642270e-06  1.00004823871487813e+00  1.00001329888092950e-02  1.90734862928992488e+00
 2.04266273944642277e-06  1.00004825802687458e+00  1.00001329887588440e-02  1.90734862932497617e+00
 2.04366273944642285e-06  1.00004827112969141e+00  1.00001329887184614e-02  1.90734862935967886e+00
 2.04466273944642292e-06  1.00004828002067137e+00  1.00001329887933112e-02  1.90734862939403604e+00
 2.04566273944642300e-06  1.00004828605564566e+00  1.00001329889231189e-02  1.90734862942805150e+00
 2.04666273944642307e-06  1.00004829015511154e+00  1.00001329891499686e-02  1.90734862946172856e+00
 2.04766273944642315e-06  1.00004829294436348e+00  1.00001329895018434e-02  1.90734862949507056e+00
 2.04866273944642322e-06  1.00004829484355895e+00  1.00001329895849402e-02  1.90734862952808082e+00
 2.04966273944642330e-06  1.00004829613448720e+00  1.00001329894596671e-02  1.90734862956076245e+00
 2.05066273944642337e-06  1.00004829700837461e+00  1.00001329892642297e-02  1.90734862959311857e+00
 2.05166273944642345e-06  1.00004829759618996e+00  1.00001329890230337e-02  1.90734862962515339e+00
 2.05266273944642352e-06  1.00004829798955619e+00  1.00001329888903690e-02  1.90734862965686935e+00
 2.05366273944642360e-06  1.00004829825444652e+00  1.00001329890085627e-02  1.90734862968826935e+00
 2.05466273944642367e-06  1.00004829843839094e+00  1.00001329893888852e-02  1.90734862971935715e+00
 2.05566273944642375e-06  1.00004829857435085e+00  1.00001329899727046e-02  1.90734862975013564e+00
 2.05666273944642382e-06  1.00004829868155332e+00  1.00001329905005168e-02  1.90734862978060749e+00
 2.05766273944642390e-06  1.00004829876981960e+00  1.00001329909523359e-02  1.90734862981077646e+00
 2.05866273944642397e-06  1.00004829884052948e+00  1.00001329910378457e-02  1.90734862984064524e+00
 2.05966273944642405e-06  1.00004829889259739e+00  1.00001329909199382e-02  1.90734862987021647e+00
 2.06066273944642412e-06  1.00004829892740887e+00  1.00001329907991217e-02  1.90734862989949350e+00
 2.06166273944642420e-06  1.00004829895148828e+00  1.00001329909488266e-02  1.90734862992847942e+00
 2.06266273944642427e-06  1.00004829897295311e+00  1.00001329913155801e-02  1.90734862995717691e+00
 2.06366273944642435e-06  1.00004829899402958e+00  1.00001329914830902e-02  1.90734862998558907e+00
 2.06466273944642442e-06  1.00004829901221970e+00  1.00001329914495216e-02  1.90734863001371857e+00
 2.06566273944642450e-06  1.00004829902462311e+00  1.00001329913152939e-02  1.90734863004156785e+00
 2.06666273944642457e-06  1.00004829903114567e+00  1.00001329912329795e-02  1.90734863006914002e+00
 2.06766273944642465e-06  1.00004829903387238e+00  1.00001329912214575e-02  1.90734863009643796e+00
 2.06866273944642472e-06  1.00004829903398695e+00  1.00001329911520841e-02  1.90734863012346412e+00
 2.06966273944642480e-06  1.00004829903142123e+00  1.00001329910226755e-02  1.90734863015022116e+00
 2.07066273944642487e-06  1.00004829902779080e+00  1.00001329910265700e-02  1.90734863017671219e+00
 2.07166273944642495e-06  1.00004829902483450e+00  1.00001329910640313e-02  1.90734863020293921e+00
 2.07266273944642502e-06  1.00004829902394410e+00  1.00001329911546498e-02  1.90734863022890533e+00
 2.07366273944642510e-06  1.00004829902442705e+00  1.00001329911538119e-02  1.90734863025461365e+00
 2.07466273944642517e-06  1.00004829902596470e+00  1.00001329912058762e-02  1.90734863028006574e+00
 2.07566273944642525e-06  1.00004829902764225e+00  1.00001329911914450e-02  1.90734863030526491e+00
 2.07666273944642532e-06  1.00004829902918080e+00  1.00001329912058970e-02  1.90734863033021362e+00
 2.07766273944642540e-06  1.00004829903045156e+00  1.00001329912067748e-02  1.90734863035491364e+00
 2.07866273944642547e-06  1.00004829902969217e+00  1.00001329910599252e-02  1.90734863037936808e+00
 2.07966273944642555e-06  1.00004829902648473e+00  1.00001329909628657e-02  1.90734863040357872e+00
 2.08066273944642563e-06  1.00004829902318071e+00  1.00001329910300966e-02  1.90734863042754865e+00
 2.08166273944642570e-06  1.00004829902333814e+00  1.00001329912518377e-02  1.90734863045128011e+00
 2.08266273944642578e-06  1.00004829902780146e+00  1.00001329914135989e-02  1.90734863047477554e+00
 2.08366273944642585e-06  1.00004829903497838e+00  1.00001329914991919e-02  1.90734863049803693e+00
 2.08466273944642593e-06  1.00004829904389014e+00  1.00001329916329304e-02  1.90734863052106718e+00
 2.08566273944642600e-06  1.00004829905308901e+00  1.00001329916847032e-02  1.90734863054386827e+00
 2.08666273944642608e-06  1.00004829906281323e+00  1.00001329918321200e-02  1.90734863056644222e+00
 2.08766273944642615e-06  1.00004829907258874e+00  1.00001329919025030e-02  1.90734863058879189e+00
 2.08866273944642623e-06  1.00004829908109882e+00  1.00001329918997135e-02  1.90734863061091908e+00
 2.08966273944642630e-06  1.00004829908642834e+00  1.00001329917911806e-02  1.90734863063282600e+00
 2.09066273944642638e-06  1.00004829908872894e+00  1.00001329917543021e-02  1.90734863065451510e+00
 2.09166273944642645e-06  1.00004829908931758e+00  1.00001329917535544e-02  1.90734863067598837e+00
 2.09266273944642653e-06  1.00004829908932469e+00  1.00001329917603823e-02  1.90734863069724758e+00
 2.09366273944642660e-06  1.00004829908829773e+00  1.00001329916811731e-02  1.90734863071829563e+00
 2.09466273944642668e-06  1.00004829908603976e+00  1.00001329916222532e-02  1.90734863073913430e+00
 2.09566273944642675e-06  1.00004829908490867e+00  1.00001329917505984e-02  1.90734863075976580e+00
 2.09666273944642683e-06  1.00004829908677872e+00  1.00001329919028881e-02  1.90734863078019146e+00
 2.09766273944642690e-06  1.00004829909173742e+00  1.00001329920283988e-02  1.90734863080041439e+00
 2.09866273944642698e-06  1.00004829909809856e+00  1.00001329920684501e-02  1.90734863082043593e+00
 2.09966273944642705e-06  1.00004829910308057e+00  1.00001329919851088e-02  1.90734863084025830e+00
 2.10033136972321346e-06  1.00004829910424942e+00  1.00001329918439526e-02  1.90734863085340201e+00
 2.10099999999999987e-06  1.00004829910321158e+00  1.00001329917359296e-02  1.90734863086645801e+00
 2.10100999999999973e-06  1.00004839828344050e+00  1.00001329917345557e-02  1.90734863086665207e+00
 2.10102999999999986e-06  1.00004883236147224e+00  1.00001329917321566e-02  1.90734863086704109e+00
 2.10106500000000019e-06  1.00005048002925734e+00  1.00001329917285466e-02  1.90734863086772166e+00
 2.10110000000000009e-06  1.00005326889491730e+00  1.00001329917253634e-02  1.90734863086840245e+00
 2.10110700000000007e-06  1.00005393706838097e+00  1.00001329917248083e-02  1.90734863086853879e+00
 2.10112100000000004e-06  1.00005526460784289e+00  1.00001329917235454e-02  1.90734863086881079e+00
 2.10114899999999996e-06  1.00005787851570971e+00  1.00001329917208965e-02  1.90734863086935524e+00
 2.10120500000000024e-06  1.00006294536633811e+00  1.00001329917154859e-02  1.90734863087044260e+00
 2.10131700000000079e-06  1.00007249701999301e+00  1.00001329917038390e-02  1.90734863087261663e+00
 2.10141124999999984e-06  1.00007999392605873e+00  1.00001329916940915e-02  1.90734863087444406e+00
 2.10146143750000175e-06  1.00008380067222880e+00  1.00001329916902387e-02  1.90734863087541617e+00
 2.10154007812499753e-06  1.00008953735261175e+00  1.00001329916844257e-02  1.90734863087693873e+00
 2.10163501953124933e-06  1.00009812339965687e+00  1.00001329916778337e-02  1.90734863087877504e+00
 2.10182490234375250e-06  1.00011638519464774e+00  1.00001329916697863e-02  1.90734863088244300e+00
 2.10199999999999995e-06  1.00013367775543527e+00  1.00001329916505968e-02  1.90734863088581963e+00
 2.10200999999999980e-06  1.00013457775443504e+00  1.00001329916493235e-02  1.90734863088601236e+00
 2.10202999999999993e-06  1.00013613775243448e+00  1.00001329916465341e-02  1.90734863088639761e+00
 2.10206499999999984e-06  1.00013794802671141e+00  1.00001329916421019e-02  1.90734863088707152e+00
 2.10209999999999975e-06  1.00013855144913655e+00  1.00001329916384208e-02  1.90734863088774542e+00
 2.10210699999999973e-06  1.00013855144843644e+00  1.00001329916376887e-02  1.90734863088788020e+00
 2.10212099999999969e-06  1.00013855144703578e+00  1.00001329916362229e-02  1.90734863088814954e+00
 2.10214899999999962e-06  1.00013855144423491e+00  1.00001329916333034e-02  1.90734863088868800e+00
 2.10220499999999947e-06  1.00013855143863362e+00  1.00001329916266004e-02  1.90734863088976470e+00
 2.10231699999999917e-06  1.00013855142743124e+00  1.00001329916161660e-02  1.90734863089191631e+00
 2.10254099999999858e-06  1.00013855140502583e+00  1.00001329916262569e-02  1.90734863089621354e+00
 2.10298899999999739e-06  1.00013855136021568e+00  1.00001329917470665e-02  1.90734863090477957e+00
 2.10388499999999502e-06  1.00013855127059514e+00  1.00001329921142693e-02  1.90734863092179618e+00
 2.10488499999999509e-06  1.00013855117057204e+00  1.00001329923923282e-02  1.90734863094060936e+00
 2.10588499999999517e-06  1.00013855107054916e+00  1.00001329923128275e-02  1.90734863095923535e+00
 2.10688499999999524e-06  1.00013855097052629e+00  1.00001329921931802e-02  1.90734863097767615e+00
 2.10788499999999532e-06  1.00013855087050341e+00  1.00001329922193120e-02  1.90734863099593355e+00
 2.10888499999999540e-06  1.00013855077048053e+00  1.00001329923409994e-02  1.90734863101400953e+00
 2.10988499999999547e-06  1.00013855067045765e+00  1.00001329923097050e-02  1.90734863103190566e+00
 2.11088499999999555e-06  1.00013855057043477e+00  1.00001329921950034e-02  1.90734863104962371e+00
 2.11188499999999562e-06  1.00013855047041167e+00  1.00001329922190397e-02  1.90734863106716546e+00
 2.11288499999999570e-06  1.00013855037038857e+00  1.00001329923694766e-02  1.90734863108453223e+00
 2.11388499999999577e-06  1.00013855027036547e+00  1.00001329927176218e-02  1.90734863110172626e+00
 2.11488499999999585e-06  1.00013855017034237e+00  1.00001329931032282e-02  1.90734863111874930e+00
 2.11588499999999592e-06  1.00013855007031949e+00  1.00001329933748148e-02  1.90734863113560271e+00
 2.11688499999999600e-06  1.00013854997029661e+00  1.00001329934058230e-02  1.90734863115228848e+00
 2.11788499999999607e-06  1.00013854987027373e+00  1.00001329932814867e-02  1.90734863116880837e+00
 2.11888499999999615e-06  1.00013854977025085e+00  1.00001329930323769e-02  1.90734863118516396e+00
 2.11988499999999622e-06  1.00013854967022797e+00  1.00001329928409068e-02  1.90734863120135678e+00
 2.12088499999999630e-06  1.00013854957020509e+00  1.00001329928268261e-02  1.90734863121738840e+00
 2.12188499999999637e-06  1.00013854947018221e+00  1.00001329929154410e-02  1.90734863123326059e+00
 2.12288499999999645e-06  1.00013854937015934e+00  1.00001329929457518e-02  1.90734863124897491e+00
 2.12388499999999652e-06  1.00013854927013646e+00  1.00001329929777106e-02  1.90734863126453247e+00
 2.12488499999999660e-06  1.00013854917011358e+00  1.00001329930913541e-02  1.90734863127993526e+00
 2.12588499999999667e-06  1.00013854907009070e+00  1.00001329931603076e-02  1.90734863129518506e+00
 2.12688499999999675e-06  1.00013854897006782e+00  1.00001329931776843e-02  1.90734863131028343e+00
 2.12788499999999682e-06  1.00013854887004516e+00  1.00001329931877995e-02  1.90734863132523125e+00
 2.12888499999999690e-06  1.00013854877002228e+00  1.00001329934166269e-02  1.90734863134003030e+00
 2.12988499999999697e-06  1.00013854866999963e+00  1.00001329935859324e-02  1.90734863135468213e+00
 2.13088499999999705e-06  1.00013854856997675e+00  1.00001329935845880e-02  1.90734863136918809e+00
 2.13188499999999712e-06  1.00013854846995387e+00  1.00001329936861769e-02  1.90734863138354949e+00
 2.13288499999999720e-06  1.00013854836993077e+00  1.00001329937968297e-02  1.90734863139776833e+00
 2.13388499999999727e-06  1.00013854826990767e+00  1.00001329939585631e-02  1.90734863141184574e+00
 2.13488499999999735e-06  1.00013854816988457e+00  1.00001329940257039e-02  1.90734863142578304e+00
 2.13588499999999742e-06  1.00013854806986147e+00  1.00001329940081971e-02  1.90734863143958133e+00
 2.13688499999999750e-06  1.00013854796983859e+00  1.00001329941304742e-02  1.90734863145324285e+00
 2.13788499999999757e-06  1.00013854786981571e+00  1.00001329940946314e-02  1.90734863146676803e+00
 2.13888499999999765e-06  1.00013854776979283e+00  1.00001329939780562e-02  1.90734863148015865e+00
 2.13988499999999772e-06  1.00013854766976995e+00  1.00001329940676530e-02  1.90734863149341582e+00
 2.14088499999999780e-06  1.00013854756974707e+00  1.00001329941777455e-02  1.90734863150654110e+00
 2.14188499999999787e-06  1.00013854746972419e+00  1.00001329943603268e-02  1.90734863151953582e+00
 2.14288499999999795e-06  1.00013854736970131e+00  1.00001329943463554e-02  1.90734863153240153e+00
 2.14388499999999802e-06  1.00013854726967844e+00  1.00001329943193509e-02  1.90734863154513934e+00
 2.14488499999999810e-06  1.00013854716965556e+00  1.00001329943297870e-02  1.90734863155775014e+00
 2.14588499999999817e-06  1.00013854706963268e+00  1.00001329943851976e-02  1.90734863157023549e+00
 2.14688499999999825e-06  1.00013854696960980e+00  1.00001329945909392e-02  1.90734863158259693e+00
 2.14788499999999833e-06  1.00013854686958692e+00  1.00001329947787751e-02  1.90734863159483514e+00
 2.14888499999999840e-06  1.00013854676956404e+00  1.00001329947494600e-02  1.90734863160695145e+00
 2.14988499999999848e-06  1.00013854666954116e+00  1.00001329945173731e-02  1.90734863161894741e+00
 2.15088499999999855e-06  1.00013854656951806e+00  1.00001329942818930e-02  1.90734863163082369e+00
 2.15188499999999863e-06  1.00013854646949496e+00  1.00001329942418817e-02  1.90734863164258184e+00
 2.15288499999999870e-06  1.00013854636947186e+00  1.00001329944935866e-02  1.90734863165422341e+00
 2.15388499999999878e-06  1.00013854626944876e+00  1.00001329947957806e-02  1.90734863166574886e+00
 2.15488499999999885e-06  1.00013854616942588e+00  1.00001329950026082e-02  1.90734863167715951e+00
 2.15588499999999893e-06  1.00013854606940322e+00  1.00001329950550454e-02  1.90734863168845648e+00
 2.15688499999999900e-06  1.00013854596938034e+00  1.00001329949110391e-02  1.90734863169964131e+00
 2.15788499999999908e-06  1.00013854586935746e+00  1.00001329947898236e-02  1.90734863171071489e+00
 2.15888499999999915e-06  1.00013854576933459e+00  1.00001329945930834e-02  1.90734863172167834e+00
 2.15988499999999923e-06  1.00013854566931171e+00  1.00001329944380199e-02  1.90734863173253255e+00
 2.16088499999999930e-06  1.00013854556928883e+00  1.00001329943704888e-02  1.90734863174327884e+00
 2.16188499999999938e-06  1.00013854546926595e+00  1.00001329943220640e-02  1.90734863175391833e+00
 2.16288499999999945e-06  1.00013854536924329e+00  1.00001329943544427e-02  1.90734863176445191e+00
 2.16388499999999953e-06  1.00013854526922041e+00  1.00001329945030252e-02  1.90734863177488045e+00
 2.16488499999999960e-06  1.00013854516919776e+00  1.00001329948213973e-02  1.90734863178520531e+00
 2.16588499999999968e-06  1.00013854506917488e+00  1.00001329950854326e-02  1.90734863179542735e+00
 2.16688499999999975e-06  1.00013854496915200e+00  1.00001329952583984e-02  1.90734863180554748e+00
 2.16788499999999983e-06  1.00013854486912912e+00  1.00001329953466004e-02  1.90734863181556702e+00
 2.16888499999999990e-06  1.00013854476910624e+00  1.00001329954071266e-02  1.90734863182548686e+00
 2.16988499999999998e-06  1.00013854466908336e+00  1.00001329953749805e-02  1.90734863183530834e+00
 2.17088500000000005e-06  1.00013854456906048e+00  1.00001329952468295e-02  1.90734863184503212e+00
 2.17188500000000013e-06  1.00013854446903783e+00  1.00001329951748211e-02  1.90734863185465886e+00
 2.17288500000000020e-06  1.00013854436901495e+00  1.00001329953767690e-02  1.90734863186418968e+00
 2.17388500000000028e-06  1.00013854426899229e+00  1.00001329956880165e-02  1.90734863187362613e+00
 2.17488500000000035e-06  1.00013854416896941e+00  1.00001329959536860e-02  1.90734863188296822e+00
 2.17588500000000043e-06  1.00013854406894653e+00  1.00001329960944969e-02  1.90734863189221726e+00
 2.17688500000000050e-06  1.00013854396892343e+00  1.00001329959888020e-02  1.90734863190137438e+00
 2.17788500000000058e-06  1.00013854386890033e+00  1.00001329957297019e-02  1.90734863191044091e+00
 2.17888500000000065e-06  1.00013854376887723e+00  1.00001329954236273e-02  1.90734863191941706e+00
 2.17988500000000073e-06  1.00013854366885413e+00  1.00001329952891255e-02  1.90734863192830373e+00
 2.18088500000000080e-06  1.00013854356883125e+00  1.00001329952988053e-02  1.90734863193710202e+00
 2.18188500000000088e-06  1.00013854346880837e+00  1.00001329954096455e-02  1.90734863194581261e+00
 2.18288500000000095e-06  1.00013854336878549e+00  1.00001329955829738e-02  1.90734863195443682e+00
 2.18388500000000103e-06  1.00013854326876261e+00  1.00001329957376713e-02  1.90734863196297511e+00
 2.18488500000000110e-06  1.00013854316873974e+00  1.00001329958954704e-02  1.90734863197142834e+00
 2.18588500000000118e-06  1.00013854306871686e+00  1.00001329959788603e-02  1.90734863197979765e+00
 2.18688500000000126e-06  1.00013854296869398e+00  1.00001329958741645e-02  1.90734863198808324e+00
 2.18788500000000133e-06  1.00013854286867110e+00  1.00001329957685806e-02  1.90734863199628690e+00
 2.18888500000000141e-06  1.00013854276864822e+00  1.00001329956432451e-02  1.90734863200440863e+00
 2.18988500000000148e-06  1.00013854266862534e+00  1.00001329955328594e-02  1.90734863201244953e+00
 2.19088500000000156e-06  1.00013854256860246e+00  1.00001329956347952e-02  1.90734863202041049e+00
 2.19188500000000163e-06  1.00013854246857958e+00  1.00001329957817228e-02  1.90734863202829219e+00
 2.19288500000000171e-06  1.00013854236855693e+00  1.00001329958858479e-02  1.90734863203609550e+00
 2.19388500000000178e-06  1.00013854226853405e+00  1.00001329960493022e-02  1.90734863204382110e+00
 2.19488500000000186e-06  1.00013854216851139e+00  1.00001329963233503e-02  1.90734863205147009e+00
 2.19588500000000193e-06  1.00013854206848851e+00  1.00001329966045212e-02  1.90734863205904270e+00
 2.19688500000000201e-06  1.00013854196846563e+00  1.00001329969166188e-02  1.90734863206654004e+00
 2.19788500000000208e-06  1.00013854186844253e+00  1.00001329970495090e-02  1.90734863207396299e+00
 2.19888500000000216e-06  1.00013854176841943e+00  1.00001329968229802e-02  1.90734863208131178e+00
 2.19988500000000223e-06  1.00013854166839633e+00  1.00001329964449024e-02  1.90734863208858774e+00
 2.20088500000000231e-06  1.00013854156837323e+00  1.00001329960560017e-02  1.90734863209579131e+00
 2.20188500000000238e-06  1.00013854146835035e+00  1.00001329957595392e-02  1.90734863210292294e+00
 2.20288500000000246e-06  1.00013854136832747e+00  1.00001329956366982e-02  1.90734863210998373e+00
 2.20388500000000253e-06  1.00013854126830459e+00  1.00001329955989714e-02  1.90734863211697414e+00
 2.20488500000000261e-06  1.00013854116828171e+00  1.00001329956498838e-02  1.90734863212389505e+00
 2.20588500000000268e-06  1.00013854106825884e+00  1.00001329957523696e-02  1.90734863213074735e+00
 2.20688500000000276e-06  1.00013854096823596e+00  1.00001329958362539e-02  1.90734863213753103e+00
 2.20788500000000283e-06  1.00013854086821308e+00  1.00001329959576758e-02  1.90734863214424699e+00
 2.20888500000000291e-06  1.00013854076819020e+00  1.00001329960953244e-02  1.90734863215089656e+00
 2.20988500000000298e-06  1.00013854066816732e+00  1.00001329962545443e-02  1.90734863215747974e+00
 2.21088500000000306e-06  1.00013854056814444e+00  1.00001329962190692e-02  1.90734863216399719e+00
 2.21188500000000313e-06  1.00013854046812156e+00  1.00001329961352074e-02  1.90734863217045048e+00
 2.21288500000000321e-06  1.00013854036809868e+00  1.00001329962669510e-02  1.90734863217683936e+00
 2.21388500000000328e-06  1.00013854026807580e+00  1.00001329965694937e-02  1.90734863218316453e+00
 2.21488500000000336e-06  1.00013854016805293e+00  1.00001329967242796e-02  1.90734863218942641e+00
 2.21588500000000343e-06  1.00013854006802982e+00  1.00001329967473723e-02  1.90734863219562634e+00
 2.21688500000000351e-06  1.00013853996800672e+00  1.00001329966548317e-02  1.90734863220176454e+00
 2.21788500000000358e-06  1.00013853986798362e+00  1.00001329965083256e-02  1.90734863220784145e+00
 2.21888500000000366e-06  1.00013853976796052e+00  1.00001329964447411e-02  1.90734863221385842e+00
 2.21988500000000373e-06  1.00013853966793764e+00  1.00001329966394065e-02  1.90734863221981543e+00
 2.22088500000000381e-06  1.00013853956791499e+00  1.00001329969091352e-02  1.90734863222571294e+00
 2.22188500000000388e-06  1.00013853946789211e+00  1.00001329971614959e-02  1.90734863223155182e+00
 2.22288500000000396e-06  1.00013853936786923e+00  1.00001329971738297e-02  1.90734863223733275e+00
 2.22388500000000403e-06  1.00013853926784635e+00  1.00001329971100700e-02  1.90734863224305595e+00
 2.22488500000000411e-06  1.00013853916782347e+00  1.00001329969874424e-02  1.90734863224872253e+00
 2.22588500000000419e-06  1.00013853906780059e+00  1.00001329968444005e-02  1.90734863225433271e+00
 2.22688500000000426e-06  1.00013853896777771e+00  1.00001329966605372e-02  1.90734863225988671e+00
 2.22788500000000434e-06  1.00013853886775483e+00  1.00001329966766632e-02  1.90734863226538542e+00
 2.22888500000000441e-06  1.00013853876773195e+00  1.00001329968004617e-02  1.90734863227082929e+00
 2.22988500000000449e-06  1.00013853866770908e+00  1.00001329970195781e-02  1.90734863227621920e+00
 2.23088500000000456e-06  1.00013853856768642e+00  1.00001329971805674e-02  1.90734863228155560e+00
 2.23188500000000464e-06  1.00013853846766354e+00  1.00001329972136503e-02  1.90734863228683849e+00
 2.23288500000000471e-06  1.00013853836764088e+00  1.00001329972225755e-02  1.90734863229206941e+00
 2.23388500000000479e-06  1.00013853826761800e+00  1.00001329972475347e-02  1.90734863229724794e+00
 2.23488500000000486e-06  1.00013853816759513e+00  1.00001329972937147e-02  1.90734863230237495e+00
 2.23588500000000494e-06  1.00013853806757225e+00  1.00001329973833600e-02  1.90734863230745066e+00
 2.23688500000000501e-06  1.00013853796754959e+00  1.00001329974467867e-02  1.90734863231247620e+00
 2.23788500000000509e-06  1.00013853786752671e+00  1.00001329975220304e-02  1.90734863231745178e+00
 2.23888500000000516e-06  1.00013853776750405e+00  1.00001329975125952e-02  1.90734863232237761e+00
 2.23988500000000524e-06  1.00013853766748118e+00  1.00001329974601458e-02  1.90734863232725482e+00
 2.24088500000000531e-06  1.00013853756745830e+00  1.00001329973945646e-02  1.90734863233208318e+00
 2.24188500000000539e-06  1.00013853746743520e+00  1.00001329973261957e-02  1.90734863233686380e+00
 2.24288500000000546e-06  1.00013853736741209e+00  1.00001329973127256e-02  1.90734863234159646e+00
 2.24388500000000554e-06  1.00013853726738899e+00  1.00001329972808205e-02  1.90734863234628205e+00
 2.24488500000000561e-06  1.00013853716736589e+00  1.00001329971817331e-02  1.90734863235092078e+00
 2.24588500000000569e-06  1.00013853706734301e+00  1.00001329972348313e-02  1.90734863235551355e+00
 2.24688500000000576e-06  1.00013853696732014e+00  1.00001329972780849e-02  1.90734863236006080e+00
 2.24788500000000584e-06  1.00013853686729726e+00  1.00001329973939939e-02  1.90734863236456276e+00
 2.24888500000000591e-06  1.00013853676727438e+00  1.00001329975441516e-02  1.90734863236901964e+00
 2.24988500000000599e-06  1.00013853666725150e+00  1.00001329977197680e-02  1.90734863237343211e+00
 2.25088500000000606e-06  1.00013853656722862e+00  1.00001329979529496e-02  1.90734863237780083e+00
 2.25188500000000614e-06  1.00013853646720574e+00  1.00001329981063789e-02  1.90734863238212626e+00
 2.25288500000000621e-06  1.00013853636718286e+00  1.00001329979579803e-02  1.90734863238640862e+00
 2.25388500000000629e-06  1.00013853626715998e+00  1.00001329976853806e-02  1.90734863239064834e+00
 2.25488500000000636e-06  1.00013853616713710e+00  1.00001329976553439e-02  1.90734863239484564e+00
 2.25588500000000644e-06  1.00013853606711423e+00  1.00001329976868482e-02  1.90734863239900165e+00
 2.25688500000000651e-06  1.00013853596709135e+00  1.00001329978038969e-02  1.90734863240311636e+00
 2.25788500000000659e-06  1.00013853586706847e+00  1.00001329977574410e-02  1.90734863240718999e+00
 2.25888500000000666e-06  1.00013853576704559e+00  1.00001329976817082e-02  1.90734863241122321e+00
 2.25988500000000674e-06  1.00013853566702249e+00  1.00001329977181669e-02  1.90734863241521579e+00
 2.26088500000000681e-06  1.00013853556699939e+00  1.00001329977785873e-02  1.90734863241916885e+00
 2.26188500000000689e-06  1.00013853546697629e+00  1.00001329978342320e-02  1.90734863242308283e+00
 2.26288500000000696e-06  1.00013853536695319e+00  1.00001329978574600e-02  1.90734863242695774e+00
 2.26388500000000704e-06  1.00013853526693031e+00  1.00001329977329068e-02  1.90734863243079400e+00
 2.26488500000000712e-06  1.00013853516690743e+00  1.00001329976200284e-02  1.90734863243459229e+00
 2.26588500000000719e-06  1.00013853506688455e+00  1.00001329976812815e-02  1.90734863243835240e+00
 2.26688500000000727e-06  1.00013853496686167e+00  1.00001329979578710e-02  1.90734863244207542e+00
 2.26788500000000734e-06  1.00013853486683879e+00  1.00001329981882370e-02  1.90734863244576158e+00
 2.26888500000000742e-06  1.00013853476681591e+00  1.00001329983745741e-02  1.90734863244941066e+00
 2.26988500000000749e-06  1.00013853466679303e+00  1.00001329983555095e-02  1.90734863245302355e+00
 2.27088500000000757e-06  1.00013853456677015e+00  1.00001329982528468e-02  1.90734863245660025e+00
 2.27188500000000764e-06  1.00013853446674728e+00  1.00001329980969750e-02  1.90734863246014164e+00
 2.27288500000000772e-06  1.00013853436672462e+00  1.00001329982103478e-02  1.90734863246364772e+00
 2.27388500000000779e-06  1.00013853426670174e+00  1.00001329984984559e-02  1.90734863246711894e+00
 2.27488500000000787e-06  1.00013853416667908e+00  1.00001329987168437e-02  1.90734863247055553e+00
 2.27588500000000794e-06  1.00013853406665620e+00  1.00001329984720361e-02  1.90734863247395792e+00
 2.27688500000000802e-06  1.00013853396663333e+00  1.00001329981635016e-02  1.90734863247732700e+00
 2.27788500000000809e-06  1.00013853386661045e+00  1.00001329980112016e-02  1.90734863248066255e+00
 2.27888500000000817e-06  1.00013853376658757e+00  1.00001329980698352e-02  1.90734863248396436e+00
 2.27988500000000824e-06  1.00013853366656469e+00  1.00001329981526856e-02  1.90734863248723352e+00
 2.28088500000000832e-06  1.00013853356654159e+00  1.00001329983649984e-02  1.90734863249047026e+00
 2.28188500000000839e-06  1.00013853346651849e+00  1.00001329987016926e-02  1.90734863249367459e+00
 2.28288500000000847e-06  1.00013853336649539e+00  1.00001329988662398e-02  1.90734863249684738e+00
 2.28388500000000854e-06  1.00013853326647228e+00  1.00001329988794515e-02  1.90734863249998843e+00
 2.28488500000000862e-06  1.00013853316644941e+00  1.00001329986898115e-02  1.90734863250309838e+00
 2.28588500000000869e-06  1.00013853306642675e+00  1.00001329986368331e-02  1.90734863250617703e+00
 2.28688500000000877e-06  1.00013853296640387e+00  1.00001329985998401e-02  1.90734863250922526e+00
 2.28788500000000884e-06  1.00013853286638099e+00  1.00001329985063923e-02  1.90734863251224329e+00
 2.28888500000000892e-06  1.00013853276635811e+00  1.00001329983699146e-02  1.90734863251523090e+00
 2.28988500000000899e-06  1.00013853266633523e+00  1.00001329982095152e-02  1.90734863251818898e+00
 2.29088500000000907e-06  1.00013853256631235e+00  1.00001329982048782e-02  1.90734863252111753e+00
 2.29188500000000914e-06  1.00013853246628948e+00  1.00001329982467510e-02  1.90734863252401721e+00
 2.29288500000000922e-06  1.00013853236626660e+00  1.00001329983845332e-02  1.90734863252688824e+00
 2.29388500000000929e-06  1.00013853226624372e+00  1.00001329986445786e-02  1.90734863252973041e+00
 2.29488500000000937e-06  1.00013853216622084e+00  1.00001329988010090e-02  1.90734863253254394e+00
 2.29588500000000944e-06  1.00013853206619818e+00  1.00001329986928976e-02  1.90734863253532971e+00
 2.29688500000000952e-06  1.00013853196617530e+00  1.00001329983551313e-02  1.90734863253808795e+00
 2.29788500000000959e-06  1.00013853186615265e+00  1.00001329981263213e-02  1.90734863254081866e+00
 2.29888500000000967e-06  1.00013853176612977e+00  1.00001329979946801e-02  1.90734863254352205e+00
 2.29988500000000974e-06  1.00013853166610689e+00  1.00001329979188553e-02  1.90734863254619835e+00
 2.30088500000000982e-06  1.00013853156608401e+00  1.00001329978200472e-02  1.90734863254884801e+00
 2.30188500000000989e-06  1.00013853146606135e+00  1.00001329978950098e-02  1.90734863255147147e+00
 2.30288500000000997e-06  1.00013853136603847e+00  1.00001329979914240e-02  1.90734863255406872e+00
 2.30388500000001005e-06  1.00013853126601582e+00  1.00001329981321049e-02  1.90734863255664044e+00
 2.30488500000001012e-06  1.00013853116599294e+00  1.00001329981979342e-02  1.90734863255918663e+00
 2.30588500000001020e-06  1.00013853106597006e+00  1.00001329982037177e-02  1.90734863256170728e+00
 2.30688500000001027e-06  1.00013853096594696e+00  1.00001329981837563e-02  1.90734863256420306e+00
 2.30788500000001035e-06  1.00013853086592386e+00  1.00001329983356157e-02  1.90734863256667375e+00
 2.30888500000001042e-06  1.00013853076590076e+00  1.00001329985690262e-02  1.90734863256912024e+00
 2.30988500000001050e-06  1.00013853066587766e+00  1.00001329987292054e-02  1.90734863257154208e+00
 2.31088500000001057e-06  1.00013853056585478e+00  1.00001329987934699e-02  1.90734863257394016e+00
 2.31188500000001065e-06  1.00013853046583190e+00  1.00001329988607130e-02  1.90734863257631404e+00
 2.31288500000001072e-06  1.00013853036580902e+00  1.00001329988534931e-02  1.90734863257866460e+00
 2.31388500000001080e-06  1.00013853026578614e+00  1.00001329986765461e-02  1.90734863258099141e+00
 2.31488500000001087e-06  1.00013853016576326e+00  1.00001329986143424e-02  1.90734863258329512e+00
 2.31588500000001095e-06  1.00013853006574038e+00  1.00001329986438483e-02  1.90734863258557596e+00
 2.31688500000001102e-06  1.00013852996571750e+00  1.00001329985066265e-02  1.90734863258783416e+00
 2.31788500000001110e-06  1.00013852986569463e+00  1.00001329982899786e-02  1.90734863259006993e+00
 2.31888500000001117e-06  1.00013852976567175e+00  1.00001329982246697e-02  1.90734863259228304e+00
 2.31988500000001125e-06  1.00013852966564887e+00  1.00001329982074595e-02  1.90734863259447418e+00
 2.32088500000001132e-06  1.00013852956562599e+00  1.00001329982399613e-02  1.90734863259664378e+00
 2.32188500000001140e-06  1.00013852946560311e+00  1.00001329984267945e-02  1.90734863259879184e+00
 2.32288500000001147e-06  1.00013852936558023e+00  1.00001329986560330e-02  1.90734863260091880e+00
 2.32388500000001155e-06  1.00013852926555735e+00  1.00001329986328814e-02  1.90734863260302423e+00
 2.32488500000001162e-06  1.00013852916553425e+00  1.00001329986606578e-02  1.90734863260510878e+00
 2.32588500000001170e-06  1.00013852906551115e+00  1.00001329987241139e-02  1.90734863260717247e+00
 2.32688500000001177e-06  1.00013852896548805e+00  1.00001329988260168e-02  1.90734863260921572e+00
 2.32788500000001185e-06  1.00013852886546495e+00  1.00001329988528408e-02  1.90734863261123855e+00
 2.32888500000001192e-06  1.00013852876544207e+00  1.00001329986567321e-02  1.90734863261324139e+00
 2.32988500000001200e-06  1.00013852866541941e+00  1.00001329984160288e-02  1.90734863261522403e+00
 2.33088500000001207e-06  1.00013852856539653e+00  1.00001329983588280e-02  1.90734863261718712e+00
 2.33188500000001215e-06  1.00013852846537366e+00  1.00001329983262065e-02  1.90734863261913068e+00
 2.33288500000001222e-06  1.00013852836535078e+00  1.00001329982752560e-02  1.90734863262105514e+00
 2.33388500000001230e-06  1.00013852826532790e+00  1.00001329982287099e-02  1.90734863262296028e+00
 2.33488500000001237e-06  1.00013852816530502e+00  1.00001329982755249e-02  1.90734863262484633e+00
 2.33588500000001245e-06  1.00013852806528214e+00  1.00001329984829405e-02  1.90734863262671350e+00
 2.33688500000001252e-06  1.00013852796525926e+00  1.00001329987369474e-02  1.90734863262856225e+00
 2.33788500000001260e-06  1.00013852786523638e+00  1.00001329989132803e-02  1.90734863263039278e+00
 2.33888500000001267e-06  1.00013852776521350e+00  1.00001329988067544e-02  1.90734863263220489e+00
 2.33988500000001275e-06  1.00013852766519085e+00  1.00001329983671807e-02  1.90734863263399856e+00
 2.34088500000001282e-06  1.00013852756516797e+00  1.00001329979615399e-02  1.90734863263577470e+00
 2.34188500000001290e-06  1.00013852746514509e+00  1.00001329977479590e-02  1.90734863263753351e+00
 2.34288500000001298e-06  1.00013852736512221e+00  1.00001329979005592e-02  1.90734863263927457e+00
 2.34388500000001305e-06  1.00013852726509933e+00  1.00001329981429885e-02  1.90734863264099852e+00
 2.34488500000001313e-06  1.00013852716507645e+00  1.00001329982621588e-02  1.90734863264270516e+00
 2.34588500000001320e-06  1.00013852706505335e+00  1.00001329982669796e-02  1.90734863264439447e+00
 2.34688500000001328e-06  1.00013852696503025e+00  1.00001329982728690e-02  1.90734863264606735e+00
 2.34788500000001335e-06  1.00013852686500715e+00  1.00001329983606512e-02  1.90734863264772359e+00
 2.34888500000001343e-06  1.00013852676498427e+00  1.00001329984943481e-02  1.90734863264936316e+00
 2.34988500000001350e-06  1.00013852666496139e+00  1.00001329986099310e-02  1.90734863265098675e+00
 2.35088500000001358e-06  1.00013852656493851e+00  1.00001329986040399e-02  1.90734863265259391e+00
 2.35188500000001365e-06  1.00013852646491563e+00  1.00001329984151770e-02  1.90734863265418531e+00
 2.35288500000001373e-06  1.00013852636489275e+00  1.00001329981759517e-02  1.90734863265576071e+00
 2.35388500000001380e-06  1.00013852626486988e+00  1.00001329982210129e-02  1.90734863265732035e+00
 2.35488500000001388e-06  1.00013852616484700e+00  1.00001329985894317e-02  1.90734863265886467e+00
 2.35588500000001395e-06  1.00013852606482412e+00  1.00001329989785268e-02  1.90734863266039367e+00
 2.35688500000001403e-06  1.00013852596480124e+00  1.00001329991338019e-02  1.90734863266190735e+00
 2.35788500000001410e-06  1.00013852586477836e+00  1.00001329991874915e-02  1.90734863266340615e+00
 2.35888500000001418e-06  1.00013852576475548e+00  1.00001329990308772e-02  1.90734863266488963e+00
 2.35988500000001425e-06  1.00013852566473260e+00  1.00001329987490124e-02  1.90734863266635823e+00
 2.36088500000001433e-06  1.00013852556470995e+00  1.00001329984666133e-02  1.90734863266781240e+00
 2.36188500000001440e-06  1.00013852546468707e+00  1.00001329983197967e-02  1.90734863266925236e+00
 2.36288500000001448e-06  1.00013852536466441e+00  1.00001329983161764e-02  1.90734863267067811e+00
 2.36388500000001455e-06  1.00013852526464153e+00  1.00001329984381222e-02  1.90734863267208943e+00
 2.36488500000001463e-06  1.00013852516461865e+00  1.00001329984639609e-02  1.90734863267348631e+00
 2.36588500000001470e-06  1.00013852506459577e+00  1.00001329983607865e-02  1.90734863267486987e+00
 2.36688500000001478e-06  1.00013852496457312e+00  1.00001329982226019e-02  1.90734863267623944e+00
 2.36788500000001485e-06  1.00013852486455024e+00  1.00001329980886587e-02  1.90734863267759525e+00
 2.36888500000001493e-06  1.00013852476452758e+00  1.00001329978796332e-02  1.90734863267893773e+00
 2.36988500000001500e-06  1.00013852466450470e+00  1.00001329977753850e-02  1.90734863268026666e+00
 2.37088500000001508e-06  1.00013852456448182e+00  1.00001329977722781e-02  1.90734863268158272e+00
 2.37188500000001515e-06  1.00013852446445872e+00  1.00001329978952405e-02  1.90734863268288590e+00
 2.37288500000001523e-06  1.00013852436443562e+00  1.00001329980651185e-02  1.90734863268417598e+00
 2.37388500000001530e-06  1.00013852426441252e+00  1.00001329981163813e-02  1.90734863268545296e+00
 2.37488500000001538e-06  1.00013852416438942e+00  1.00001329980503352e-02  1.90734863268671706e+00
 2.37588500000001545e-06  1.00013852406436654e+00  1.00001329981013829e-02  1.90734863268796895e+00
 2.37688500000001553e-06  1.00013852396434366e+00  1.00001329982435348e-02  1.90734863268920840e+00
 2.37788500000001560e-06  1.00013852386432078e+00  1.00001329982669189e-02  1.90734863269043498e+00
 2.37888500000001568e-06  1.00013852376429790e+00  1.00001329982182738e-02  1.90734863269164956e+00
 2.37988500000001575e-06  1.00013852366427525e+00  1.00001329981293206e-02  1.90734863269285215e+00
 2.38088500000001583e-06  1.00013852356425237e+00  1.00001329979630821e-02  1.90734863269404253e+00
 2.38188500000001591e-06  1.00013852346422949e+00  1.00001329977292223e-02  1.90734863269522159e+00
 2.38288500000001598e-06  1.00013852336420661e+00  1.00001329976862636e-02  1.90734863269638844e+00
 2.38388500000001606e-06  1.00013852326418373e+00  1.00001329977263131e-02  1.90734863269754396e+00
 2.38488500000001613e-06  1.00013852316416085e+00  1.00001329978377067e-02  1.90734863269868793e+00
 2.38588500000001621e-06  1.00013852306413797e+00  1.00001329979688934e-02  1.90734863269982036e+00
 2.38688500000001628e-06  1.00013852296411510e+00  1.00001329980713757e-02  1.90734863270094190e+00
 2.38788500000001636e-06  1.00013852286409222e+00  1.00001329981287169e-02  1.90734863270205190e+00
 2.38888500000001643e-06  1.00013852276406934e+00  1.00001329980741929e-02  1.90734863270315103e+00
 2.38988500000001651e-06  1.00013852266404668e+00  1.00001329978789567e-02  1.90734863270423949e+00
 2.39088500000001658e-06  1.00013852256402380e+00  1.00001329978475096e-02  1.90734863270531663e+00
 2.39188500000001666e-06  1.00013852246400092e+00  1.00001329978699725e-02  1.90734863270638333e+00
 2.39288500000001673e-06  1.00013852236397804e+00  1.00001329979857775e-02  1.90734863270743960e+00
 2.39388500000001681e-06  1.00013852226395494e+00  1.00001329982104380e-02  1.90734863270848543e+00
 2.39488500000001688e-06  1.00013852216393184e+00  1.00001329984333760e-02  1.90734863270952038e+00
 2.39588500000001696e-06  1.00013852206390874e+00  1.00001329984407816e-02  1.90734863271054511e+00
 2.39688500000001703e-06  1.00013852196388564e+00  1.00001329983133037e-02  1.90734863271155963e+00
 2.39788500000001711e-06  1.00013852186386254e+00  1.00001329982096522e-02  1.90734863271256394e+00
 2.39888500000001718e-06  1.00013852176383944e+00  1.00001329981675401e-02  1.90734863271355848e+00
 2.39988500000001726e-06  1.00013852166381656e+00  1.00001329981179009e-02  1.90734863271454280e+00
 2.40088500000001733e-06  1.00013852156379368e+00  1.00001329980076298e-02  1.90734863271551758e+00
 2.40188500000001741e-06  1.00013852146377080e+00  1.00001329981814803e-02  1.90734863271648281e+00
 2.40288500000001748e-06  1.00013852136374792e+00  1.00001329984441192e-02  1.90734863271743849e+00
 2.40388500000001756e-06  1.00013852126372504e+00  1.00001329985429602e-02  1.90734863271838462e+00
 2.40488500000001763e-06  1.00013852116370217e+00  1.00001329984121170e-02  1.90734863271932120e+00
 2.40588500000001771e-06  1.00013852106367951e+00  1.00001329981798930e-02  1.90734863272024868e+00
 2.40688500000001778e-06  1.00013852096365663e+00  1.00001329979310122e-02  1.90734863272116661e+00
 2.40788500000001786e-06  1.00013852086363397e+00  1.00001329978282091e-02  1.90734863272207567e+00
 2.40888500000001793e-06  1.00013852076361109e+00  1.00001329980702325e-02  1.90734863272297583e+00
 2.40988500000001801e-06  1.00013852066358822e+00  1.00001329983532353e-02  1.90734863272386668e+00
 2.41088500000001808e-06  1.00013852056356534e+00  1.00001329985344462e-02  1.90734863272474864e+00
 2.41188500000001816e-06  1.00013852046354246e+00  1.00001329985629269e-02  1.90734863272562150e+00
 2.41288500000001823e-06  1.00013852036351958e+00  1.00001329983740381e-02  1.90734863272648592e+00
 2.41388500000001831e-06  1.00013852026349670e+00  1.00001329980410475e-02  1.90734863272734168e+00
 2.41488500000001838e-06  1.00013852016347382e+00  1.00001329979051926e-02  1.90734863272818900e+00
 2.41588500000001846e-06  1.00013852006345094e+00  1.00001329979901490e-02  1.90734863272902810e+00
 2.41688500000001853e-06  1.00013851996342784e+00  1.00001329981853730e-02  1.90734863272985899e+00
 2.41788500000001861e-06  1.00013851986340474e+00  1.00001329983397495e-02  1.90734863273068167e+00
 2.41888500000001868e-06  1.00013851976338164e+00  1.00001329982622872e-02  1.90734863273149613e+00
 2.41988500000001876e-06  1.00013851966335854e+00  1.00001329979587886e-02  1.90734863273230237e+00
 2.42088500000001884e-06  1.00013851956333566e+00  1.00001329978767935e-02  1.90734863273310018e+00
 2.42188500000001891e-06  1.00013851946331300e+00  1.00001329980406607e-02  1.90734863273389021e+00
 2.42288500000001899e-06  1.00013851936329012e+00  1.00001329982592167e-02  1.90734863273467226e+00
 2.42388500000001906e-06  1.00013851926326724e+00  1.00001329984760814e-02  1.90734863273544653e+00
 2.42488500000001914e-06  1.00013851916324437e+00  1.00001329984938259e-02  1.90734863273621302e+00
 2.42588500000001921e-06  1.00013851906322171e+00  1.00001329982466556e-02  1.90734863273697242e+00
 2.42688500000001929e-06  1.00013851896319883e+00  1.00001329980226056e-02  1.90734863273772426e+00
 2.42788500000001936e-06  1.00013851886317617e+00  1.00001329978491506e-02  1.90734863273846877e+00
 2.42888500000001944e-06  1.00013851876315329e+00  1.00001329978903399e-02  1.90734863273920574e+00
 2.42988500000001951e-06  1.00013851866313042e+00  1.00001329981905633e-02  1.90734863273993538e+00
 2.43088500000001959e-06  1.00013851856310754e+00  1.00001329984963135e-02  1.90734863274065769e+00
 2.43188500000001966e-06  1.00013851846308466e+00  1.00001329987000863e-02  1.90734863274137267e+00
 2.43288500000001974e-06  1.00013851836306178e+00  1.00001329989757460e-02  1.90734863274208055e+00
 2.43388500000001981e-06  1.00013851826303868e+00  1.00001329990107458e-02  1.90734863274278110e+00
 2.43488500000001989e-06  1.00013851816301558e+00  1.00001329988476974e-02  1.90734863274347477e+00
 2.43588500000001996e-06  1.00013851806299248e+00  1.00001329985648108e-02  1.90734863274416133e+00
 2.43688500000002004e-06  1.00013851796296938e+00  1.00001329985163253e-02  1.90734863274484101e+00
 2.43788500000002011e-06  1.00013851786294650e+00  1.00001329986715865e-02  1.90734863274551447e+00
 2.43888500000002019e-06  1.00013851776292362e+00  1.00001329988202870e-02  1.90734863274618105e+00
 2.43988500000002026e-06  1.00013851766290074e+00  1.00001329988150100e-02  1.90734863274684119e+00
 2.44088500000002034e-06  1.00013851756287786e+00  1.00001329986270301e-02  1.90734863274749467e+00
 2.44188500000002041e-06  1.00013851746285498e+00  1.00001329985119104e-02  1.90734863274814170e+00
 2.44288500000002049e-06  1.00013851736283210e+00  1.00001329984695589e-02  1.90734863274878186e+00
 2.44388500000002056e-06  1.00013851726280922e+00  1.00001329983891458e-02  1.90734863274941557e+00
 2.44488500000002064e-06  1.00013851716278634e+00  1.00001329983060161e-02  1.90734863275004307e+00
 2.44588500000002071e-06  1.00013851706276347e+00  1.00001329982332479e-02  1.90734863275066480e+00
 2.44688500000002079e-06  1.00013851696274081e+00  1.00001329982250219e-02  1.90734863275128030e+00
 2.44788500000002086e-06  1.00013851686271793e+00  1.00001329981740869e-02  1.90734863275188959e+00
 2.44888500000002094e-06  1.00013851676269527e+00  1.00001329982130904e-02  1.90734863275249289e+00
 2.44988500000002101e-06  1.00013851666267239e+00  1.00001329982451412e-02  1.90734863275309019e+00
 2.45088500000002109e-06  1.00013851656264952e+00  1.00001329983918450e-02  1.90734863275368127e+00
 2.45188500000002116e-06  1.00013851646262664e+00  1.00001329985236979e-02  1.90734863275426658e+00
 2.45288500000002124e-06  1.00013851636260376e+00  1.00001329986513024e-02  1.90734863275484590e+00
 2.45388500000002131e-06  1.00013851626258088e+00  1.00001329987288896e-02  1.90734863275541966e+00
 2.45488500000002139e-06  1.00013851616255778e+00  1.00001329987028688e-02  1.90734863275598765e+00
 2.45588500000002146e-06  1.00013851606253468e+00  1.00001329987618511e-02  1.90734863275655031e+00
 2.45688500000002154e-06  1.00013851596251158e+00  1.00001329989392058e-02  1.90734863275710698e+00
 2.45788500000002161e-06  1.00013851586248870e+00  1.00001329989215428e-02  1.90734863275765809e+00
 2.45888500000002169e-06  1.00013851576246582e+00  1.00001329987306695e-02  1.90734863275820432e+00
 2.45988500000002177e-06  1.00013851566244294e+00  1.00001329984229122e-02  1.90734863275874456e+00
 2.46088500000002184e-06  1.00013851556242006e+00  1.00001329981348457e-02  1.90734863275927968e+00
 2.46188500000002192e-06  1.00013851546239718e+00  1.00001329981205429e-02  1.90734863275980904e+00
 2.46288500000002199e-06  1.00013851536237430e+00  1.00001329983474847e-02  1.90734863276033328e+00
 2.46388500000002207e-06  1.00013851526235142e+00  1.00001329985128212e-02  1.90734863276085265e+00
 2.46488500000002214e-06  1.00013851516232855e+00  1.00001329985177200e-02  1.90734863276136690e+00
 2.46588500000002222e-06  1.00013851506230567e+00  1.00001329984808207e-02  1.90734863276187583e+00
 2.46688500000002229e-06  1.00013851496228279e+00  1.00001329985531968e-02  1.90734863276237920e+00
 2.46788500000002237e-06  1.00013851486225991e+00  1.00001329985622348e-02  1.90734863276287814e+00
 2.46888500000002244e-06  1.00013851476223703e+00  1.00001329986522999e-02  1.90734863276337219e+00
 2.46988500000002252e-06  1.00013851466221437e+00  1.00001329986563973e-02  1.90734863276386091e+00
 2.47088500000002259e-06  1.00013851456219149e+00  1.00001329986394352e-02  1.90734863276434496e+00
 2.47188500000002267e-06  1.00013851446216884e+00  1.00001329986693227e-02  1.90734863276482414e+00
 2.47288500000002274e-06  1.00013851436214596e+00  1.00001329986709395e-02  1.90734863276529842e+00
 2.47388500000002282e-06  1.00013851426212308e+00  1.00001329986655618e-02  1.90734863276576805e+00
 2.47488500000002289e-06  1.00013851416210020e+00  1.00001329987225163e-02  1.90734863276623279e+00
 2.47588500000002297e-06  1.00013851406207754e+00  1.00001329987228424e-02  1.90734863276669309e+00
 2.47688500000002304e-06  1.00013851396205466e+00  1.00001329985116433e-02  1.90734863276714894e+00
 2.47788500000002312e-06  1.00013851386203201e+00  1.00001329982955384e-02  1.90734863276760014e+00
 2.47888500000002319e-06  1.00013851376200913e+00  1.00001329982901625e-02  1.90734863276804711e+00
 2.47988500000002327e-06  1.00013851366198625e+00  1.00001329984966050e-02  1.90734863276848965e+00
 2.48088500000002334e-06  1.00013851356196337e+00  1.00001329986435187e-02  1.90734863276892797e+00
 2.48188500000002342e-06  1.00013851346194027e+00  1.00001329987975084e-02  1.90734863276936140e+00
 2.48288500000002349e-06  1.00013851336191717e+00  1.00001329988604476e-02  1.90734863276979061e+00
 2.48388500000002357e-06  1.00013851326189407e+00  1.00001329988068863e-02  1.90734863277021560e+00
 2.48488500000002364e-06  1.00013851316187097e+00  1.00001329987884618e-02  1.90734863277063660e+00
 2.48588500000002372e-06  1.00013851306184787e+00  1.00001329988503428e-02  1.90734863277105338e+00
 2.48688500000002379e-06  1.00013851296182477e+00  1.00001329988912216e-02  1.90734863277146571e+00
 2.48788500000002387e-06  1.00013851286180167e+00  1.00001329989126038e-02  1.90734863277187383e+00
 2.48888500000002394e-06  1.00013851276177879e+00  1.00001329989767226e-02  1.90734863277227795e+00
 2.48988500000002402e-06  1.00013851266175613e+00  1.00001329988722871e-02  1.90734863277267808e+00
 2.49088500000002409e-06  1.00013851256173347e+00  1.00001329989342965e-02  1.90734863277307443e+00
 2.49188500000002417e-06  1.00013851246171059e+00  1.00001329990736226e-02  1.90734863277346678e+00
 2.49288500000002424e-06  1.00013851236168794e+00  1.00001329992181510e-02  1.90734863277385536e+00
 2.49388500000002432e-06  1.00013851226166506e+00  1.00001329992281691e-02  1.90734863277423994e+00
 2.49488500000002439e-06  1.00013851216164218e+00  1.00001329991727637e-02  1.90734863277462074e+00
 2.49588500000002447e-06  1.00013851206161930e+00  1.00001329991184183e-02  1.90734863277499778e+00
 2.49688500000002455e-06  1.00013851196159642e+00  1.00001329992002938e-02  1.90734863277537081e+00
 2.49788500000002462e-06  1.00013851186157354e+00  1.00001329991149333e-02  1.90734863277574007e+00
 2.49888500000002470e-06  1.00013851176155044e+00  1.00001329989341300e-02  1.90734863277610578e+00
 2.49988500000002477e-06  1.00013851166152734e+00  1.00001329988555713e-02  1.90734863277646771e+00
 2.50088500000002485e-06  1.00013851156150424e+00  1.00001329987984174e-02  1.90734863277682587e+00
 2.50188500000002492e-06  1.00013851146148114e+00  1.00001329988070597e-02  1.90734863277718070e+00
 2.50288500000002500e-06  1.00013851136145826e+00  1.00001329987718136e-02  1.90734863277753219e+00
 2.50388500000002507e-06  1.00013851126143560e+00  1.00001329987538037e-02  1.90734863277787992e+00
 2.50488500000002515e-06  1.00013851116141272e+00  1.00001329987428524e-02  1.90734863277822431e+00
 2.50588500000002522e-06  1.00013851106138985e+00  1.00001329986188648e-02  1.90734863277856559e+00
 2.50688500000002530e-06  1.00013851096136697e+00  1.00001329985368991e-02  1.90734863277890354e+00
 2.50788500000002537e-06  1.00013851086134409e+00  1.00001329984288380e-02  1.90734863277923794e+00
 2.50888500000002545e-06  1.00013851076132121e+00  1.00001329982933856e-02  1.90734863277956879e+00
 2.50988500000002552e-06  1.00013851066129833e+00  1.00001329980615693e-02  1.90734863277989630e+00
 2.51044250000001285e-06  1.00013851060553582e+00  1.00001329979638905e-02  1.90734863278007771e+00
 2.51100000000000018e-06  1.00013851054977310e+00  1.00001329980338605e-02  1.90734863278025801e+00
