 time                     v(held)                  v(n_load)                v(dac)
 0.00000000000000000e+00  4.95788242857542694e-01  9.91541570348960719e-03  1.00000000000000000e+00
 1.00000000000000010e-11  4.95788242857542638e-01  9.91541570348968698e-03  1.00000000000000000e+00
 2.00000000000000020e-11  4.95788242857542638e-01  9.91541570348981882e-03  1.00000000000000000e+00
 4.00000000000000040e-11  4.95788242857542749e-01  9.91541570349031148e-03  1.00000000000000022e+00
 8.00000000000000081e-11  4.95788242857542916e-01  9.91541570349258744e-03  1.00000000000000044e+00
 1.60000000000000016e-10  4.95788242857543082e-01  9.91541570350257598e-03  1.00000000000000067e+00
 3.20000000000000032e-10  4.95788242857543193e-01  9.91541570353143137e-03  1.00000000000000089e+00
 6.40000000000000065e-10  4.95788242857543304e-01  9.91541570361625414e-03  1.00000000000000111e+00
 1.28000000000000013e-09  4.95788242857543582e-01  9.91541570391521465e-03  1.00000000000000133e+00
 2.28000000000000040e-09  4.95788242857543859e-01  9.91541570419572985e-03  1.00000000000000111e+00
 3.28000000000000025e-09  4.95788242857544081e-01  9.91541570428690171e-03  1.00000000000000089e+00
 4.28000000000000011e-09  4.95788242857544137e-01  9.91541570429112055e-03  1.00000000000000089e+00
 5.27999999999999996e-09  4.95788242857544248e-01  9.91541570429004676e-03  1.00000000000000089e+00
 6.27999999999999982e-09  4.95788242857544303e-01  9.91541570426737566e-03  1.00000000000000089e+00
 7.27999999999999968e-09  4.95788242857544359e-01  9.91541570416215254e-03  1.00000000000000089e+00
 8.28000000000000036e-09  4.95788242857544470e-01  9.91541570422333624e-03  1.00000000000000089e+00
 9.28000000000000104e-09  4.95788242857544525e-01  9.91541570441260844e-03  1.00000000000000089e+00
 1.02800000000000017e-08  4.95788242857544581e-01  9.91541570440759509e-03  1.00000000000000089e+00
 1.12800000000000024e-08  4.95788242857544748e-01  9.91541570384207697e-03  1.00000000000000089e+00
 1.22800000000000031e-08  4.95788242857544914e-01  9.91541570332387517e-03  1.00000000000000089e+00
 1.32800000000000038e-08  4.95788242857545081e-01  9.91541570336179970e-03  1.00000000000000089e+00
 1.42800000000000045e-08  4.95788242857545192e-01  9.91541570385445076e-03  1.00000000000000089e+00
 1.52800000000000051e-08  4.95788242857545303e-01  9.91541570440895338e-03  1.00000000000000089e+00
 1.62800000000000042e-08  4.95788242857545469e-01  9.91541570466861720e-03  1.00000000000000089e+00
 1.72800000000000032e-08  4.95788242857545636e-01  9.91541570437495454e-03  1.00000000000000089e+00
 1.82800000000000022e-08  4.95788242857545747e-01  9.91541570388334778e-03  1.00000000000000089e+00
 1.92800000000000013e-08  4.95788242857545802e-01  9.91541570351498099e-03  1.00000000000000089e+00
 2.02800000000000003e-08  4.95788242857545913e-01  9.91541570362178444e-03  1.00000000000000089e+00
 2.12799999999999993e-08  4.95788242857545969e-01  9.91541570389061627e-03  1.00000000000000089e+00
 2.22799999999999983e-08  4.95788242857546080e-01  9.91541570392577391e-03  1.00000000000000089e+00
 2.32799999999999974e-08  4.95788242857546191e-01  9.91541570373888695e-03  1.00000000000000089e+00
 2.42799999999999964e-08  4.95788242857546357e-01  9.91541570360504956e-03  1.00000000000000089e+00
 2.52799999999999954e-08  4.95788242857546524e-01  9.91541570371039412e-03  1.00000000000000089e+00
 2.62799999999999944e-08  4.95788242857546690e-01  9.91541570402237372e-03  1.00000000000000089e+00
 2.72799999999999935e-08  4.95788242857546857e-01  9.91541570424799706e-03  1.00000000000000089e+00
 2.82799999999999925e-08  4.95788242857546968e-01  9.91541570413879622e-03  1.00000000000000089e+00
 2.92799999999999915e-08  4.95788242857547024e-01  9.91541570395880999e-03  1.00000000000000089e+00
 3.02799999999999906e-08  4.95788242857547135e-01  9.91541570397638621e-03  1.00000000000000089e+00
 3.12799999999999929e-08  4.95788242857547190e-01  9.91541570413842326e-03  1.00000000000000089e+00
 3.22799999999999952e-08  4.95788242857547246e-01  9.91541570415713225e-03  1.00000000000000089e+00
 3.32799999999999976e-08  4.95788242857547357e-01  9.91541570391607160e-03  1.00000000000000089e+00
 3.42799999999999999e-08  4.95788242857547468e-01  9.91541570359755729e-03  1.00000000000000089e+00
 3.52800000000000022e-08  4.95788242857547523e-01  9.91541570353151464e-03  1.00000000000000089e+00
 3.62800000000000046e-08  4.95788242857547634e-01  9.91541570382241909e-03  1.00000000000000089e+00
 3.72800000000000069e-08  4.95788242857547745e-01  9.91541570409817247e-03  1.00000000000000089e+00
 3.82800000000000093e-08  4.95788242857547912e-01  9.91541570409187022e-03  1.00000000000000089e+00
 3.92800000000000116e-08  4.95788242857548078e-01  9.91541570401295418e-03  1.00000000000000089e+00
 4.02800000000000139e-08  4.95788242857548189e-01  9.91541570406609223e-03  1.00000000000000089e+00
 4.12800000000000163e-08  4.95788242857548245e-01  9.91541570412578059e-03  1.00000000000000089e+00
 4.22800000000000186e-08  4.95788242857548356e-01  9.91541570403334932e-03  1.00000000000000089e+00
 4.32800000000000209e-08  4.95788242857548411e-01  9.91541570391146071e-03  1.00000000000000089e+00
 4.42800000000000233e-08  4.95788242857548467e-01  9.91541570382151356e-03  1.00000000000000089e+00
 4.52800000000000256e-08  4.95788242857548578e-01  9.91541570396782014e-03  1.00000000000000089e+00
 4.62800000000000280e-08  4.95788242857548633e-01  9.91541570424837697e-03  1.00000000000000089e+00
 4.72800000000000303e-08  4.95788242857548689e-01  9.91541570434288297e-03  1.00000000000000089e+00
 4.82800000000000326e-08  4.95788242857548689e-01  9.91541570423481490e-03  1.00000000000000089e+00
 4.92800000000000350e-08  4.95788242857548689e-01  9.91541570416109783e-03  1.00000000000000089e+00
 5.02800000000000373e-08  4.95788242857548689e-01  9.91541570408748831e-03  1.00000000000000089e+00
 5.12800000000000396e-08  4.95788242857548689e-01  9.91541570399617073e-03  1.00000000000000089e+00
 5.22800000000000420e-08  4.95788242857548689e-01  9.91541570395953857e-03  1.00000000000000089e+00
 5.32800000000000443e-08  4.95788242857548689e-01  9.91541570403254788e-03  1.00000000000000089e+00
 5.42800000000000467e-08  4.95788242857548689e-01  9.91541570411685717e-03  1.00000000000000089e+00
 5.52800000000000490e-08  4.95788242857548689e-01  9.91541570415858421e-03  1.00000000000000089e+00
 5.62800000000000513e-08  4.95788242857548689e-01  9.91541570406425515e-03  1.00000000000000089e+00
 5.72800000000000537e-08  4.95788242857548689e-01  9.91541570393653267e-03  1.00000000000000089e+00
 5.82800000000000560e-08  4.95788242857548689e-01  9.91541570391579925e-03  1.00000000000000089e+00
 5.92800000000000583e-08  4.95788242857548689e-01  9.91541570385232052e-03  1.00000000000000089e+00
 6.02800000000000607e-08  4.95788242857548689e-01  9.91541570371596258e-03  1.00000000000000089e+00
 6.12800000000000564e-08  4.95788242857548689e-01  9.91541570357576743e-03  1.00000000000000089e+00
 6.22800000000000521e-08  4.95788242857548689e-01  9.91541570364595434e-03  1.00000000000000089e+00
 6.32800000000000478e-08  4.95788242857548689e-01  9.91541570395691393e-03  1.00000000000000089e+00
 6.42800000000000436e-08  4.95788242857548689e-01  9.91541570434349706e-03  1.00000000000000089e+00
 6.52800000000000393e-08  4.95788242857548689e-01  9.91541570429069555e-03  1.00000000000000089e+00
 6.62800000000000350e-08  4.95788242857548689e-01  9.91541570404679863e-03  1.00000000000000089e+00
 6.72800000000000307e-08  4.95788242857548689e-01  9.91541570404862183e-03  1.00000000000000089e+00
 6.82800000000000264e-08  4.95788242857548689e-01  9.91541570416415094e-03  1.00000000000000089e+00
 6.92800000000000221e-08  4.95788242857548689e-01  9.91541570393514315e-03  1.00000000000000089e+00
 7.02800000000000179e-08  4.95788242857548689e-01  9.91541570365709647e-03  1.00000000000000089e+00
 7.12800000000000136e-08  4.95788242857548689e-01  9.91541570366242034e-03  1.00000000000000089e+00
 7.22800000000000093e-08  4.95788242857548689e-01  9.91541570390286515e-03  1.00000000000000089e+00
 7.32800000000000050e-08  4.95788242857548689e-01  9.91541570410457360e-03  1.00000000000000089e+00
 7.42800000000000007e-08  4.95788242857548689e-01  9.91541570423006349e-03  1.00000000000000089e+00
 7.52799999999999965e-08  4.95788242857548689e-01  9.91541570416401910e-03  1.00000000000000089e+00
 7.62799999999999922e-08  4.95788242857548689e-01  9.91541570420133127e-03  1.00000000000000089e+00
 7.72799999999999879e-08  4.95788242857548689e-01  9.91541570441764608e-03  1.00000000000000089e+00
 7.82799999999999836e-08  4.95788242857548689e-01  9.91541570439367394e-03  1.00000000000000089e+00
 7.92799999999999793e-08  4.95788242857548689e-01  9.91541570395884815e-03  1.00000000000000089e+00
 8.02799999999999751e-08  4.95788242857548689e-01  9.91541570355063996e-03  1.00000000000000089e+00
 8.12799999999999708e-08  4.95788242857548689e-01  9.91541570326902322e-03  1.00000000000000089e+00
 8.22799999999999665e-08  4.95788242857548689e-01  9.91541570344197168e-03  1.00000000000000089e+00
 8.32799999999999622e-08  4.95788242857548689e-01  9.91541570414263516e-03  1.00000000000000089e+00
 8.42799999999999579e-08  4.95788242857548689e-01  9.91541570469527990e-03  1.00000000000000089e+00
 8.52799999999999537e-08  4.95788242857548689e-01  9.91541570475499255e-03  1.00000000000000089e+00
 8.62799999999999494e-08  4.95788242857548689e-01  9.91541570419776121e-03  1.00000000000000089e+00
 8.72799999999999451e-08  4.95788242857548689e-01  9.91541570366578223e-03  1.00000000000000089e+00
 8.82799999999999408e-08  4.95788242857548689e-01  9.91541570357897320e-03  1.00000000000000089e+00
 8.92799999999999365e-08  4.95788242857548689e-01  9.91541570373675497e-03  1.00000000000000089e+00
 9.02799999999999323e-08  4.95788242857548689e-01  9.91541570397518751e-03  1.00000000000000089e+00
 9.12799999999999280e-08  4.95788242857548689e-01  9.91541570403014008e-03  1.00000000000000089e+00
 9.22799999999999237e-08  4.95788242857548689e-01  9.91541570400580018e-03  1.00000000000000089e+00
 9.32799999999999194e-08  4.95788242857548689e-01  9.91541570400066193e-03  1.00000000000000089e+00
 9.42799999999999151e-08  4.95788242857548689e-01  9.91541570403441617e-03  1.00000000000000089e+00
 9.52799999999999109e-08  4.95788242857548689e-01  9.91541570416793437e-03  1.00000000000000089e+00
 9.62799999999999066e-08  4.95788242857548689e-01  9.91541570424688684e-03  1.00000000000000089e+00
 9.72799999999999023e-08  4.95788242857548689e-01  9.91541570421663500e-03  1.00000000000000089e+00
 9.82799999999998980e-08  4.95788242857548689e-01  9.91541570414144861e-03  1.00000000000000089e+00
 9.91399999999999467e-08  4.95788242857548744e-01  9.91541570399522010e-03  1.00000000000000089e+00
 1.00000000000000009e-07  4.95788242857548800e-01  9.91541570385736856e-03  1.00000000000000089e+00
 1.00100000000000003e-07  4.95788242857548855e-01  9.91541570384528274e-03  1.00000906442190707e+00
 1.00300000000000005e-07  4.95788242857548800e-01  9.91541570383917652e-03  1.00004892180404825e+00
 1.00700000000000008e-07  4.95788242857548911e-01  9.91541570385979024e-03  1.00023268383886044e+00
 1.01500000000000002e-07  4.95788242857549077e-01  9.91541570442900332e-03  1.00102804984308857e+00
 1.02499999999999998e-07  4.95788242857549022e-01  9.91541561823759861e-03  1.00282321359602156e+00
 1.03499999999999994e-07  4.95788242857549133e-01  9.91541398079584003e-03  1.00550206787108776e+00
 1.04499999999999989e-07  4.95788242857549188e-01  9.91540276561890185e-03  1.00905668727935161e+00
 1.05499999999999985e-07  4.95788242857549077e-01  9.91535809671080168e-03  1.01347864775074714e+00
 1.06499999999999981e-07  4.95788242857548467e-01  9.91524043230995224e-03  1.01875941587754948e+00
 1.07499999999999977e-07  4.95788242857546857e-01  9.91502936152664771e-03  1.02489047856014515e+00
 1.08499999999999972e-07  4.95788242857543637e-01  9.91478921205681332e-03  1.03186338580160375e+00
 1.09249999999999989e-07  4.95788242857540029e-01  9.91467990628806459e-03  1.03764098654964232e+00
 1.10000000000000006e-07  4.95788242857535699e-01  9.91473762144680706e-03  1.04388417575096271e+00
 1.10100000000000000e-07  4.95788242857535033e-01  9.91476154777704358e-03  1.04474677760616896e+00
 1.10300000000000002e-07  4.95788242857533590e-01  9.91482210274096006e-03  1.04646991355344476e+00
 1.10700000000000005e-07  4.95788242857531203e-01  9.91500402571220477e-03  1.04990628394853913e+00
 1.11499999999999999e-07  4.95788242857527706e-01  9.91550347445680456e-03  1.05673830981500227e+00
 1.12499999999999995e-07  4.95788242857526207e-01  9.91582898314929441e-03  1.06520212037108242e+00
 1.13499999999999991e-07  4.95788242857526096e-01  9.91535069207609247e-03  1.07358183586939648e+00
 1.14499999999999986e-07  4.95788242857523653e-01  9.91437384015234242e-03  1.08187821051746802e+00
 1.15499999999999982e-07  4.95788242857516770e-01  9.91389682507511777e-03  1.09009204597904819e+00
 1.16499999999999978e-07  4.95788242857507833e-01  9.91457904729061215e-03  1.09822415432283949e+00
 1.17499999999999974e-07  4.95788242857502059e-01  9.91588014553501478e-03  1.10627534568495367e+00
 1.18499999999999969e-07  4.95788242857502115e-01  9.91651010656256250e-03  1.11424642419643227e+00
 1.19499999999999978e-07  4.95788242857505446e-01  9.91581699027615365e-03  1.12213818667451171e+00
 1.20499999999999974e-07  4.95788242857506389e-01  9.91451988885145262e-03  1.12995142223770362e+00
 1.21499999999999970e-07  4.95788242857501948e-01  9.91391646025788567e-03  1.13768691222932206e+00
 1.22499999999999965e-07  4.95788242857494288e-01  9.91450312149095431e-03  1.14534543024365387e+00
 1.23499999999999961e-07  4.95788242857488126e-01  9.91556881454466049e-03  1.15292774218594163e+00
 1.24499999999999957e-07  4.95788242857486239e-01  9.91607671784383408e-03  1.16043460634316653e+00
 1.25499999999999952e-07  4.95788242857487182e-01  9.91570649429708226e-03  1.16786677345793843e+00
 1.26499999999999948e-07  4.95788242857487571e-01  9.91498284780694024e-03  1.17522498680292631e+00
 1.27499999999999944e-07  4.95788242857485351e-01  9.91459905930243586e-03  1.18250998225497250e+00
 1.28499999999999940e-07  4.95788242857480965e-01  9.91478870180115789e-03  1.18972248836861372e+00
 1.29499999999999935e-07  4.95788242857476802e-01  9.91526849514219252e-03  1.19686322644891785e+00
 1.30499999999999931e-07  4.95788242857474526e-01  9.91559621791895766e-03  1.20393291062361185e+00
 1.31499999999999927e-07  4.95788242857473804e-01  9.91554046945441157e-03  1.21093224791449683e+00
 1.32499999999999923e-07  4.95788242857473305e-01  9.91521805343608537e-03  1.21786193830815415e+00
 1.33499999999999918e-07  4.95788242857471695e-01  9.91495620540496642e-03  1.22472267482595032e+00
 1.34499999999999914e-07  4.95788242857468919e-01  9.91499165294040287e-03  1.23151514359334335e+00
 1.35499999999999910e-07  4.95788242857466088e-01  9.91525593277048714e-03  1.23824002390850119e+00
 1.36499999999999905e-07  4.95788242857464201e-01  9.91546251265630618e-03  1.24489798831023557e+00
 1.37499999999999901e-07  4.95788242857463257e-01  9.91541777373552112e-03  1.25148970264526205e+00
 1.38499999999999897e-07  4.95788242857462369e-01  9.91521576664814060e-03  1.25801582613478891e+00
 1.39499999999999893e-07  4.95788242857460870e-01  9.91510213066072385e-03  1.26447701144044489e+00
 1.40499999999999888e-07  4.95788242857458872e-01  9.91518521458937055e-03  1.27087390472955009e+00
 1.41499999999999884e-07  4.95788242857457151e-01  9.91534003297929629e-03  1.27720714573973693e+00
 1.42499999999999880e-07  4.95788242857455874e-01  9.91538939127404109e-03  1.28347736784292987e+00
 1.43499999999999875e-07  4.95788242857454875e-01  9.91531087867921629e-03  1.28968519810868631e+00
 1.44499999999999871e-07  4.95788242857453765e-01  9.91522782207014675e-03  1.29583125736690907e+00
 1.45499999999999867e-07  4.95788242857452377e-01  9.91523761635541151e-03  1.30191616026993406e+00
 1.46499999999999863e-07  4.95788242857451045e-01  9.91530928495754429e-03  1.30794051535399891e+00
 1.47499999999999858e-07  4.95788242857449990e-01  9.91535153582902284e-03  1.31390492510010337e+00
 1.48499999999999854e-07  4.95788242857449157e-01  9.91533153901872667e-03  1.31980998599425980e+00
 1.49499999999999850e-07  4.95788242857448269e-01  9.91529538893526873e-03  1.32565628858714790e+00
 1.50499999999999845e-07  4.95788242857447270e-01  9.91529330657359327e-03  1.33144441755317278e+00
 1.51499999999999841e-07  4.95788242857446271e-01  9.91532179529002779e-03  1.33717495174893819e+00
 1.52499999999999837e-07  4.95788242857445383e-01  9.91534405822311511e-03  1.34284846427113580e+00
 1.53499999999999833e-07  4.95788242857444661e-01  9.91534204300014398e-03  1.34846552251385932e+00
 1.54499999999999828e-07  4.95788242857443939e-01  9.91533087682412023e-03  1.35402668822534822e+00
 1.55499999999999824e-07  4.95788242857443218e-01  9.91533090003520953e-03  1.35953251756416660e+00
 1.56499999999999820e-07  4.95788242857442496e-01  9.91534285471747621e-03  1.36498356115482400e+00
 1.57499999999999816e-07  4.95788242857441830e-01  9.91535364446732501e-03  1.37038036414284070e+00
 1.58499999999999811e-07  4.95788242857441219e-01  9.91535595994373804e-03  1.37572346624926767e+00
 1.59499999999999807e-07  4.95788242857440664e-01  9.91535460123314609e-03  1.38101340182466226e+00
 1.60499999999999803e-07  4.95788242857440054e-01  9.91535676963689432e-03  1.38625069990252703e+00
 1.61499999999999798e-07  4.95788242857439609e-01  9.91536300428673759e-03  1.39143588425221720e+00
 1.62499999999999794e-07  4.95788242857439110e-01  9.91536895033636075e-03  1.39656947343132165e+00
 1.63499999999999790e-07  4.95788242857438666e-01  9.91537210188786315e-03  1.40165198083752318e+00
 1.64499999999999786e-07  4.95788242857438166e-01  9.91537399472066858e-03  1.40668391475994081e+00
 1.65499999999999781e-07  4.95788242857437778e-01  9.91537696681568485e-03  1.41166577842996355e+00
 1.66499999999999777e-07  4.95788242857437389e-01  9.91538118740904924e-03  1.41659807007157701e+00
 1.67499999999999773e-07  4.95788242857437111e-01  9.91538527355048833e-03  1.42148128295119047e+00
 1.68499999999999768e-07  4.95788242857436834e-01  9.91538845834630256e-03  1.42631590542696518e+00
 1.69499999999999764e-07  4.95788242857436612e-01  9.91539123733596942e-03  1.43110242099765572e+00
 1.70499999999999760e-07  4.95788242857436445e-01  9.91539432111287165e-03  1.43584130835096291e+00
 1.71499999999999756e-07  4.95788242857436334e-01  9.91539773994734759e-03  1.44053304141140615e+00
 1.72499999999999751e-07  4.95788242857436279e-01  9.91540107288496272e-03  1.44517808938771908e+00
 1.73499999999999747e-07  4.95788242857436168e-01  9.91540410641962577e-03  1.44977691681977494e+00
 1.74499999999999743e-07  4.95788242857436001e-01  9.91540699971829413e-03  1.45432998362504318e+00
 1.75499999999999738e-07  4.95788242857435946e-01  9.91540995612208605e-03  1.45883774514458553e+00
 1.76499999999999734e-07  4.95788242857436001e-01  9.91541297395144572e-03  1.46330065218859251e+00
 1.77499999999999730e-07  4.95788242857436001e-01  9.91541593068193290e-03  1.46771915108146844e+00
 1.78499999999999726e-07  4.95788242857436057e-01  9.91541877288528405e-03  1.47209368370646709e+00
 1.79499999999999721e-07  4.95788242857436112e-01  9.91542155112920889e-03  1.47642468754988410e+00
 1.80499999999999717e-07  4.95788242857436223e-01  9.91542432066460852e-03  1.48071259574480774e+00
 1.81499999999999713e-07  4.95788242857436334e-01  9.91542707674301048e-03  1.48495783711443607e+00
 1.82499999999999709e-07  4.95788242857436556e-01  9.91542978541007890e-03  1.48916083621496265e+00
 1.83499999999999704e-07  4.95788242857436723e-01  9.91543243536637323e-03  1.49332201337803472e+00
 1.84499999999999700e-07  4.95788242857436945e-01  9.91543504274772225e-03  1.49744178475279011e+00
 1.85499999999999696e-07  4.95788242857437167e-01  9.91543762197105195e-03  1.50152056234747544e+00
 1.86499999999999691e-07  4.95788242857437444e-01  9.91544017075772846e-03  1.50555875407064965e+00
 1.87499999999999687e-07  4.95788242857437722e-01  9.91544268030117130e-03  1.50955676377197801e+00
 1.88499999999999683e-07  4.95788242857438111e-01  9.91544514908455736e-03  1.51351499128262001e+00
 1.89499999999999679e-07  4.95788242857438499e-01  9.91544758270706574e-03  1.51743383245521613e+00
 1.90499999999999674e-07  4.95788242857438832e-01  9.91544998450351669e-03  1.52131367920347493e+00
 1.91499999999999670e-07  4.95788242857439165e-01  9.91545235343928993e-03  1.52515491954136873e+00
 1.92499999999999666e-07  4.95788242857439665e-01  9.91545468815475083e-03  1.52895793762193688e+00
 1.93499999999999661e-07  4.95788242857440109e-01  9.91545698949387704e-03  1.53272311377570492e+00
 1.94499999999999657e-07  4.95788242857440553e-01  9.91545925906925883e-03  1.53645082454871962e+00
 1.95499999999999653e-07  4.95788242857441108e-01  9.91546149726575503e-03  1.54014144274020648e+00
 1.96499999999999649e-07  4.95788242857441663e-01  9.91546370402536861e-03  1.54379533743985320e+00
 1.97499999999999644e-07  4.95788242857442274e-01  9.91546588034668101e-03  1.54741287406472083e+00
 1.98499999999999640e-07  4.95788242857442885e-01  9.91546802720791320e-03  1.55099441439578833e+00
 1.99499999999999636e-07  4.95788242857443495e-01  9.91547014513866759e-03  1.55454031661413317e+00
 2.00499999999999631e-07  4.95788242857444106e-01  9.91547223385992778e-03  1.55805093533675332e+00
 2.01499999999999627e-07  4.95788242857444716e-01  9.91547429374789457e-03  1.56152662165202982e+00
 2.02499999999999623e-07  4.95788242857445383e-01  9.91547632546809984e-03  1.56496772315483978e+00
 2.03499999999999619e-07  4.95788242857446104e-01  9.91547833005435378e-03  1.56837458398131768e+00
 2.04499999999999614e-07  4.95788242857446770e-01  9.91548030810348278e-03  1.57174754484327184e+00
 2.05499999999999610e-07  4.95788242857447492e-01  9.91548225948267990e-03  1.57508694306225827e+00
 2.06499999999999606e-07  4.95788242857448269e-01  9.91548418461895772e-03  1.57839311260331505e+00
 2.07499999999999602e-07  4.95788242857448991e-01  9.91548608423323784e-03  1.58166638410836180e+00
 2.08499999999999597e-07  4.95788242857449712e-01  9.91548795839020461e-03  1.58490708492926569e+00
 2.09499999999999593e-07  4.95788242857450434e-01  9.91548980757248240e-03  1.58811553916057968e+00
 2.10499999999999589e-07  4.95788242857451156e-01  9.91549163235203382e-03  1.59129206767195486e+00
 2.11499999999999584e-07  4.95788242857451933e-01  9.91549343357852990e-03  1.59443698814022827e+00
 2.12499999999999580e-07  4.95788242857452821e-01  9.91549521137655848e-03  1.59755061508119467e+00
 2.13499999999999576e-07  4.95788242857453709e-01  9.91549696557829548e-03  1.60063325988105953e+00
 2.14499999999999572e-07  4.95788242857454597e-01  9.91549869633618838e-03  1.60368523082758063e+00
 2.15499999999999567e-07  4.95788242857455541e-01  9.91550040438412411e-03  1.60670683314089824e+00
 2.16499999999999563e-07  4.95788242857456485e-01  9.91550209048935524e-03  1.60969836900406049e+00
 2.17499999999999559e-07  4.95788242857457429e-01  9.91550375542800053e-03  1.61266013759324300e+00
 2.18499999999999554e-07  4.95788242857458372e-01  9.91550539887872499e-03  1.61559243510766937e+00
 2.19499999999999550e-07  4.95788242857459260e-01  9.91550702092917034e-03  1.61849555479923346e+00
 2.20499999999999546e-07  4.95788242857460204e-01  9.91550862205970752e-03  1.62136978700182621e+00
 2.21499999999999542e-07  4.95788242857461203e-01  9.91551020260199138e-03  1.62421541916037104e+00
 2.22499999999999537e-07  4.95788242857462202e-01  9.91551176287075280e-03  1.62703273585957242e+00
 2.23499999999999533e-07  4.95788242857463202e-01  9.91551330286644626e-03  1.62982201885237399e+00
 2.24499999999999529e-07  4.95788242857464201e-01  9.91551482329230266e-03  1.63258354708813713e+00
 2.25499999999999524e-07  4.95788242857465311e-01  9.91551632530243005e-03  1.63531759674053778e+00
 2.26499999999999520e-07  4.95788242857466421e-01  9.91551780919397961e-03  1.63802444123518698e+00
 2.27499999999999516e-07  4.95788242857467532e-01  9.91551927413983521e-03  1.64070435127697345e+00
 2.28499999999999512e-07  4.95788242857468642e-01  9.91552071947580417e-03  1.64335759487713817e+00
 2.29499999999999507e-07  4.95788242857469696e-01  9.91552214581759191e-03  1.64598443738007583e+00
 2.30499999999999503e-07  4.95788242857470862e-01  9.91552355469478043e-03  1.64858514148987245e+00
 2.31499999999999499e-07  4.95788242857472028e-01  9.91552494703573824e-03  1.65115996729657732e+00
 2.32499999999999494e-07  4.95788242857473138e-01  9.91552632251541458e-03  1.65370917230221437e+00
 2.33499999999999490e-07  4.95788242857474248e-01  9.91552768043704562e-03  1.65623301144653312e+00
 2.34499999999999486e-07  4.95788242857475414e-01  9.91552902082307001e-03  1.65873173713250610e+00
 2.35499999999999482e-07  4.95788242857476524e-01  9.91553034472210208e-03  1.66120559925157019e+00
 2.36499999999999477e-07  4.95788242857477690e-01  9.91553165271957457e-03  1.66365484520861751e+00
 2.37499999999999473e-07  4.95788242857478967e-01  9.91553294496243069e-03  1.66607971994673831e+00
 2.38499999999999495e-07  4.95788242857480133e-01  9.91553422123343624e-03  1.66848046597171717e+00
 2.39499999999999517e-07  4.95788242857481354e-01  9.91553548163680992e-03  1.67085732337628490e+00
 2.40499999999999540e-07  4.95788242857482575e-01  9.91553672611908063e-03  1.67321052986412977e+00
 2.41499999999999562e-07  4.95788242857483796e-01  9.91553795518996910e-03  1.67554032077367054e+00
 2.42499999999999584e-07  4.95788242857485018e-01  9.91553916960418932e-03  1.67784692910159006e+00
 2.43499999999999606e-07  4.95788242857486239e-01  9.91554036996593335e-03  1.68013058552613903e+00
 2.44499999999999628e-07  4.95788242857487516e-01  9.91554155608032756e-03  1.68239151843020385e+00
 2.45499999999999651e-07  4.95788242857488848e-01  9.91554272750950517e-03  1.68462995392414761e+00
 2.46499999999999673e-07  4.95788242857490291e-01  9.91554388398905098e-03  1.68684611586842292e+00
 2.47499999999999695e-07  4.95788242857491734e-01  9.91554502622947129e-03  1.68904022589595826e+00
 2.48499999999999717e-07  4.95788242857493067e-01  9.91554615522142156e-03  1.69121250343432461e+00
 2.49499999999999739e-07  4.95788242857494454e-01  9.91554727153652615e-03  1.69336316572767864e+00
 2.50499999999999762e-07  4.95788242857495842e-01  9.91554837476186883e-03  1.69549242785849019e+00
 2.51499999999999784e-07  4.95788242857497230e-01  9.91554946395228724e-03  1.69760050276905061e+00
 2.52499999999999806e-07  4.95788242857498618e-01  9.91555053943441247e-03  1.69968760128276886e+00
 2.53499999999999828e-07  4.95788242857500117e-01  9.91555160219841428e-03  1.70175393212525661e+00
 2.54499999999999850e-07  4.95788242857501560e-01  9.91555265294361519e-03  1.70379970194520114e+00
 2.55499999999999873e-07  4.95788242857503003e-01  9.91555369147218389e-03  1.70582511533503234e+00
 2.56499999999999895e-07  4.95788242857504502e-01  9.91555471748892421e-03  1.70783037485138389e+00
 2.57499999999999917e-07  4.95788242857505945e-01  9.91555573107967027e-03  1.70981568103534864e+00
 2.58499999999999939e-07  4.95788242857507389e-01  9.91555673275685764e-03  1.71178123243253677e+00
 2.59499999999999961e-07  4.95788242857508887e-01  9.91555772256673233e-03  1.71372722561293012e+00
 2.60499999999999983e-07  4.95788242857510386e-01  9.91555870097051220e-03  1.71565385519054114e+00
 2.61500000000000006e-07  4.95788242857511885e-01  9.91555966831489041e-03  1.71756131384287558e+00
 2.62500000000000028e-07  4.95788242857513384e-01  9.91556062418535999e-03  1.71944979233020212e+00
 2.63500000000000050e-07  4.95788242857514827e-01  9.91556156830379100e-03  1.72131947951463049e+00
 2.64500000000000072e-07  4.95788242857516270e-01  9.91556250118303360e-03  1.72317056237899680e+00
 2.65500000000000094e-07  4.95788242857517714e-01  9.91556342352940823e-03  1.72500322604556522e+00
 2.66500000000000117e-07  4.95788242857519268e-01  9.91556433542573404e-03  1.72681765379454100e+00
 2.67500000000000139e-07  4.95788242857520767e-01  9.91556523655797925e-03  1.72861402708240042e+00
 2.68500000000000161e-07  4.95788242857522377e-01  9.91556612695513283e-03  1.73039252556003653e+00
 2.69500000000000183e-07  4.95788242857524042e-01  9.91556700734299093e-03  1.73215332709072722e+00
 2.70500000000000205e-07  4.95788242857525596e-01  9.91556787786373323e-03  1.73389660776792143e+00
 2.71500000000000228e-07  4.95788242857527262e-01  9.91556873818869554e-03  1.73562254193285059e+00
 2.72500000000000250e-07  4.95788242857528816e-01  9.91556958800173319e-03  1.73733130219196408e+00
 2.73500000000000272e-07  4.95788242857530315e-01  9.91557042783087171e-03  1.73902305943419067e+00
 2.74500000000000294e-07  4.95788242857531924e-01  9.91557125842838782e-03  1.74069798284802957e+00
 2.75500000000000316e-07  4.95788242857533534e-01  9.91557207976490398e-03  1.74235623993846955e+00
 2.76500000000000338e-07  4.95788242857535144e-01  9.91557289182691190e-03  1.74399799654374132e+00
 2.77500000000000361e-07  4.95788242857536754e-01  9.91557369432518113e-03  1.74562341685190248e+00
 2.78500000000000383e-07  4.95788242857538419e-01  9.91557448761617999e-03  1.74723266341725769e+00
 2.79500000000000405e-07  4.95788242857540029e-01  9.91557527193455239e-03  1.74882589717661552e+00
 2.80500000000000427e-07  4.95788242857541694e-01  9.91557604737512178e-03  1.75040327746538216e+00
 2.81500000000000449e-07  4.95788242857543415e-01  9.91557681363753468e-03  1.75196496203349783e+00
 2.82500000000000472e-07  4.95788242857545081e-01  9.91557757082007878e-03  1.75351110706121172e+00
 2.83500000000000494e-07  4.95788242857546746e-01  9.91557831971021097e-03  1.75504186717470168e+00
 2.84500000000000516e-07  4.95788242857548356e-01  9.91557906060808181e-03  1.75655739546153811e+00
 2.85500000000000538e-07  4.95788242857550021e-01  9.91557979362735036e-03  1.75805784348599370e+00
 2.86500000000000560e-07  4.95788242857551742e-01  9.91558051817118501e-03  1.75954336130420064e+00
 2.87500000000000583e-07  4.95788242857553407e-01  9.91558123394892590e-03  1.76101409747915860e+00
 2.88500000000000605e-07  4.95788242857555073e-01  9.91558194109992512e-03  1.76247019909559088e+00
 2.89500000000000627e-07  4.95788242857556738e-01  9.91558264019711498e-03  1.76391181177465395e+00
 2.90500000000000649e-07  4.95788242857558514e-01  9.91558333189557738e-03  1.76533907968850179e+00
 2.91500000000000671e-07  4.95788242857560291e-01  9.91558401624989538e-03  1.76675214557470284e+00
 2.92500000000000694e-07  4.95788242857562067e-01  9.91558469296752003e-03  1.76815115075051654e+00
 2.93500000000000716e-07  4.95788242857563843e-01  9.91558536189381112e-03  1.76953623512702407e+00
 2.94500000000000738e-07  4.95788242857565620e-01  9.91558602325933423e-03  1.77090753722312222e+00
 2.95500000000000760e-07  4.95788242857567396e-01  9.91558667741876919e-03  1.77226519417937567e+00
 2.96500000000000782e-07  4.95788242857569172e-01  9.91558732432061378e-03  1.77360934177173202e+00
 2.97500000000000804e-07  4.95788242857570949e-01  9.91558796377589591e-03  1.77494011442510025e+00
 2.98500000000000827e-07  4.95788242857572725e-01  9.91558859576340511e-03  1.77625764522679441e+00
 2.99500000000000849e-07  4.95788242857574502e-01  9.91558922065370607e-03  1.77756206593984367e+00
 3.00500000000000871e-07  4.95788242857576222e-01  9.91558983898863794e-03  1.77885350701616929e+00
 3.01500000000000893e-07  4.95788242857578054e-01  9.91559045099107798e-03  1.78013209760963020e+00
 3.02500000000000915e-07  4.95788242857579886e-01  9.91559105598129563e-03  1.78139796558894115e+00
 3.03500000000000938e-07  4.95788242857581773e-01  9.91559165367601053e-03  1.78265123755045840e+00
 3.04500000000000960e-07  4.95788242857583661e-01  9.91559224479859717e-03  1.78389203883084191e+00
 3.05500000000000982e-07  4.95788242857585493e-01  9.91559282997148995e-03  1.78512049351958924e+00
 3.06500000000001004e-07  4.95788242857587325e-01  9.91559340895350853e-03  1.78633672447144565e+00
 3.07500000000001026e-07  4.95788242857589212e-01  9.91559398104556108e-03  1.78754085331868984e+00
 3.08500000000001049e-07  4.95788242857591044e-01  9.91559454638746458e-03  1.78873300048329931e+00
 3.09500000000001071e-07  4.95788242857592876e-01  9.91559510557188210e-03  1.78991328518899273e+00
 3.10500000000001093e-07  4.95788242857594708e-01  9.91559565886269804e-03  1.79108182547315309e+00
 3.11500000000001115e-07  4.95788242857596539e-01  9.91559620608839336e-03  1.79223873819863244e+00
 3.12500000000001137e-07  4.95788242857598371e-01  9.91559674711344277e-03  1.79338413906543948e+00
 3.13500000000001159e-07  4.95788242857600148e-01  9.91559728253017976e-03  1.79451814262231002e+00
 3.14500000000001182e-07  4.95788242857601924e-01  9.91559781239442599e-03  1.79564086227816255e+00
 3.15500000000001204e-07  4.95788242857603700e-01  9.91559833644880054e-03  1.79675241031344046e+00
 3.16500000000001226e-07  4.95788242857605588e-01  9.91559885439922788e-03  1.79785289789134106e+00
 3.17500000000001248e-07  4.95788242857607531e-01  9.91559936607454978e-03  1.79894243506893159e+00
 3.18500000000001270e-07  4.95788242857609474e-01  9.91559987232168601e-03  1.80002113080815729e+00
 3.19500000000001293e-07  4.95788242857611416e-01  9.91560037363033685e-03  1.80108909298673758e+00
 3.20500000000001315e-07  4.95788242857613359e-01  9.91560086994626097e-03  1.80214642840895478e+00
 3.21500000000001337e-07  4.95788242857615302e-01  9.91560136072419662e-03  1.80319324281633508e+00
 3.22500000000001359e-07  4.95788242857617245e-01  9.91560184553078733e-03  1.80422964089822369e+00
 3.23500000000001381e-07  4.95788242857619132e-01  9.91560232452762431e-03  1.80525572630225484e+00
 3.24500000000001404e-07  4.95788242857621020e-01  9.91560279860372561e-03  1.80627160164471734e+00
 3.25500000000001426e-07  4.95788242857622963e-01  9.91560326824263323e-03  1.80727736852081589e+00
 3.26500000000001448e-07  4.95788242857624906e-01  9.91560373314087293e-03  1.80827312751483316e+00
 3.27500000000001470e-07  4.95788242857626849e-01  9.91560419263890457e-03  1.80925897821018777e+00
 3.28500000000001492e-07  4.95788242857628736e-01  9.91560464662500501e-03  1.81023501919939345e+00
 3.29500000000001515e-07  4.95788242857630623e-01  9.91560509558045075e-03  1.81120134809391931e+00
 3.30500000000001537e-07  4.95788242857632566e-01  9.91560553999280836e-03  1.81215806153395165e+00
 3.31500000000001559e-07  4.95788242857634509e-01  9.91560598015617418e-03  1.81310525519805887e+00
 3.32500000000001581e-07  4.95788242857636452e-01  9.91560641572591071e-03  1.81404302381275939e+00
 3.33500000000001603e-07  4.95788242857638450e-01  9.91560684604107095e-03  1.81497146116199626e+00
 3.34500000000001625e-07  4.95788242857640504e-01  9.91560727141565026e-03  1.81589066009651523e+00
 3.35500000000001648e-07  4.95788242857642503e-01  9.91560769217284324e-03  1.81680071254315068e+00
 3.36500000000001670e-07  4.95788242857644557e-01  9.91560810872919689e-03  1.81770170951401910e+00
 3.37500000000001692e-07  4.95788242857646555e-01  9.91560852088394125e-03  1.81859374111562100e+00
 3.38500000000001714e-07  4.95788242857648553e-01  9.91560892875767083e-03  1.81947689655785250e+00
 3.39500000000001736e-07  4.95788242857650607e-01  9.91560933239583886e-03  1.82035126416292670e+00
 3.40500000000001759e-07  4.95788242857652606e-01  9.91560973163801637e-03  1.82121693137420682e+00
 3.41500000000001781e-07  4.95788242857654660e-01  9.91561012615448448e-03  1.82207398476495075e+00
 3.42500000000001803e-07  4.95788242857656658e-01  9.91561051621432134e-03  1.82292251004696881e+00
 3.43500000000001825e-07  4.95788242857658712e-01  9.91561090206084794e-03  1.82376259207919689e+00
 3.44500000000001847e-07  4.95788242857660655e-01  9.91561128444214471e-03  1.82459431487618162e+00
 3.45500000000001870e-07  4.95788242857662709e-01  9.91561166332493617e-03  1.82541776161648328e+00
 3.46500000000001892e-07  4.95788242857664707e-01  9.91561203788476030e-03  1.82623301465099419e+00
 3.47500000000001914e-07  4.95788242857666817e-01  9.91561240787372858e-03  1.82704015551117349e+00
 3.48500000000001936e-07  4.95788242857668870e-01  9.91561277379634197e-03  1.82783926491720172e+00
 3.49500000000001958e-07  4.95788242857670924e-01  9.91561313605911210e-03  1.82863042278605414e+00
 3.50500000000001980e-07  4.95788242857672978e-01  9.91561349473816557e-03  1.82941370823949168e+00
 3.51500000000002003e-07  4.95788242857675032e-01  9.91561384943089388e-03  1.83018919961197435e+00
 3.52500000000002025e-07  4.95788242857677031e-01  9.91561419985978465e-03  1.83095697445849548e+00
 3.53500000000002047e-07  4.95788242857679029e-01  9.91561454646154063e-03  1.83171710956233702e+00
 3.54500000000002069e-07  4.95788242857681083e-01  9.91561488998368191e-03  1.83246968094274920e+00
 3.55500000000002091e-07  4.95788242857683081e-01  9.91561523032551649e-03  1.83321476386255289e+00
 3.56500000000002114e-07  4.95788242857685135e-01  9.91561556700579910e-03  1.83395243283566622e+00
 3.57500000000002136e-07  4.95788242857687245e-01  9.91561589960547260e-03  1.83468276163455690e+00
 3.58500000000002158e-07  4.95788242857689410e-01  9.91561622831749374e-03  1.83540582329761981e+00
 3.59500000000002180e-07  4.95788242857691464e-01  9.91561655361798341e-03  1.83612169013648097e+00
 3.60500000000002202e-07  4.95788242857693573e-01  9.91561687589607998e-03  1.83683043374322996e+00
 3.61500000000002225e-07  4.95788242857695627e-01  9.91561719482362235e-03  1.83753212499757934e+00
 3.62500000000002247e-07  4.95788242857697681e-01  9.91561751024496243e-03  1.83822683407395271e+00
 3.63500000000002269e-07  4.95788242857699735e-01  9.91561782215014641e-03  1.83891463044850378e+00
 3.64500000000002291e-07  4.95788242857701789e-01  9.91561813072099930e-03  1.83959558290606395e+00
 3.65500000000002313e-07  4.95788242857703898e-01  9.91561843647620171e-03  1.84026975954702054e+00
 3.66500000000002336e-07  4.95788242857706007e-01  9.91561873935578771e-03  1.84093722779412872e+00
 3.67500000000002358e-07  4.95788242857708117e-01  9.91561903909735434e-03  1.84159805439925317e+00
 3.68500000000002380e-07  4.95788242857710226e-01  9.91561933499460202e-03  1.84225230545004459e+00
 3.69500000000002402e-07  4.95788242857712280e-01  9.91561962720012742e-03  1.84290004637654814e+00
 3.70500000000002424e-07  4.95788242857714445e-01  9.91561991660108374e-03  1.84354134195774777e+00
 3.71500000000002446e-07  4.95788242857716499e-01  9.91562020349819571e-03  1.84417625632804416e+00
 3.72500000000002469e-07  4.95788242857718608e-01  9.91562048777295570e-03  1.84480485298366870e+00
 3.73500000000002491e-07  4.95788242857720662e-01  9.91562076880402737e-03  1.84542719478903328e+00
 3.74500000000002513e-07  4.95788242857722716e-01  9.91562104649740608e-03  1.84604334398301795e+00
 3.75500000000002535e-07  4.95788242857724826e-01  9.91562132127126079e-03  1.84665336218519527e+00
 3.76500000000002557e-07  4.95788242857726935e-01  9.91562159331550383e-03  1.84725731040199115e+00
 3.77500000000002580e-07  4.95788242857728989e-01  9.91562186277200955e-03  1.84785524903278797e+00
 3.78500000000002602e-07  4.95788242857731043e-01  9.91562212960063992e-03  1.84844723787596377e+00
 3.79500000000002624e-07  4.95788242857733152e-01  9.91562239333238990e-03  1.84903333613487320e+00
 3.80500000000002646e-07  4.95788242857735262e-01  9.91562265393163521e-03  1.84961360242376771e+00
 3.81500000000002668e-07  4.95788242857737316e-01  9.91562291170409831e-03  1.85018809477365820e+00
 3.82500000000002691e-07  4.95788242857739481e-01  9.91562316671518347e-03  1.85075687063811745e+00
 3.83500000000002713e-07  4.95788242857741590e-01  9.91562341949412014e-03  1.85131998689902710e+00
 3.84500000000002735e-07  4.95788242857743700e-01  9.91562366998788650e-03  1.85187749987226535e+00
 3.85500000000002757e-07  4.95788242857745975e-01  9.91562391783448738e-03  1.85242946531333907e+00
 3.86500000000002779e-07  4.95788242857748196e-01  9.91562416285897419e-03  1.85297593842296049e+00
 3.87500000000002801e-07  4.95788242857750361e-01  9.91562440504588534e-03  1.85351697385256720e+00
 3.88500000000002824e-07  4.95788242857752526e-01  9.91562464455506345e-03  1.85405262570978757e+00
 3.89500000000002846e-07  4.95788242857754746e-01  9.91562488166997623e-03  1.85458294756385178e+00
 3.90500000000002868e-07  4.95788242857756911e-01  9.91562511671379224e-03  1.85510799245095037e+00
 3.91500000000002890e-07  4.95788242857759076e-01  9.91562534952022782e-03  1.85562781287953649e+00
 3.92500000000002912e-07  4.95788242857761297e-01  9.91562557968648541e-03  1.85614246083557788e+00
 3.93500000000002935e-07  4.95788242857763406e-01  9.91562580713312505e-03  1.85665198778775653e+00
 3.94500000000002957e-07  4.95788242857765626e-01  9.91562603232545511e-03  1.85715644469261543e+00
 3.95500000000002979e-07  4.95788242857767791e-01  9.91562625571548555e-03  1.85765588199965404e+00
 3.96500000000003001e-07  4.95788242857770012e-01  9.91562647692558960e-03  1.85815034965637449e+00
 3.97500000000003023e-07  4.95788242857772177e-01  9.91562669551280217e-03  1.85863989711327626e+00
 3.98500000000003046e-07  4.95788242857774342e-01  9.91562691137754144e-03  1.85912457332880177e+00
 3.99500000000003068e-07  4.95788242857776562e-01  9.91562712465267684e-03  1.85960442677423199e+00
 4.00500000000003090e-07  4.95788242857778672e-01  9.91562733586066371e-03  1.86007950543853529e+00
 4.01500000000003112e-07  4.95788242857780781e-01  9.91562754560098257e-03  1.86054985683316532e+00
 4.02500000000003134e-07  4.95788242857783001e-01  9.91562775339165613e-03  1.86101552799681347e+00
 4.03500000000003157e-07  4.95788242857785166e-01  9.91562795866055523e-03  1.86147656550011198e+00
 4.04500000000003179e-07  4.95788242857787331e-01  9.91562816140315745e-03  1.86193301545029311e+00
 4.05500000000003201e-07  4.95788242857789552e-01  9.91562836198636895e-03  1.86238492349579832e+00
 4.06500000000003223e-07  4.95788242857791717e-01  9.91562856082897105e-03  1.86283233483084421e+00
 4.07500000000003245e-07  4.95788242857793882e-01  9.91562875796102479e-03  1.86327529419994353e+00
 4.08500000000003267e-07  4.95788242857796102e-01  9.91562895323288944e-03  1.86371384590237743e+00
 4.09500000000003290e-07  4.95788242857798267e-01  9.91562914620924829e-03  1.86414803379662808e+00
 4.10500000000003312e-07  4.95788242857800432e-01  9.91562933658124077e-03  1.86457790130476320e+00
 4.11500000000003334e-07  4.95788242857802597e-01  9.91562952496015913e-03  1.86500349141677968e+00
 4.12500000000003356e-07  4.95788242857804817e-01  9.91562971148564343e-03  1.86542484669490238e+00
 4.13500000000003378e-07  4.95788242857806982e-01  9.91562989655960479e-03  1.86584200927784116e+00
 4.14500000000003401e-07  4.95788242857809147e-01  9.91563007993145201e-03  1.86625502088500439e+00
 4.15500000000003423e-07  4.95788242857811368e-01  9.91563026139918695e-03  1.86666392282067117e+00
 4.16500000000003445e-07  4.95788242857813533e-01  9.91563044077967137e-03  1.86706875597812272e+00
 4.17500000000003467e-07  4.95788242857815753e-01  9.91563061812069865e-03  1.86746956084373150e+00
 4.18500000000003489e-07  4.95788242857817973e-01  9.91563079365312405e-03  1.86786637750101114e+00
 4.19500000000003512e-07  4.95788242857820138e-01  9.91563096727284161e-03  1.86825924563462364e+00
 4.20500000000003534e-07  4.95788242857822359e-01  9.91563113901624063e-03  1.86864820453434888e+00
 4.21500000000003556e-07  4.95788242857824524e-01  9.91563130910017541e-03  1.86903329309901367e+00
 4.22500000000003578e-07  4.95788242857826689e-01  9.91563147772744381e-03  1.86941454984038247e+00
 4.23500000000003600e-07  4.95788242857828909e-01  9.91563164453946461e-03  1.86979201288700869e+00
 4.24500000000003623e-07  4.95788242857831130e-01  9.91563180956349724e-03  1.87016571998804748e+00
 4.25500000000003645e-07  4.95788242857833461e-01  9.91563197289965607e-03  1.87053570851703022e+00
 4.26500000000003667e-07  4.95788242857835793e-01  9.91563213457316572e-03  1.87090201547560375e+00
 4.27500000000003689e-07  4.95788242857838124e-01  9.91563229487891704e-03  1.87126467749722991e+00
 4.28500000000003711e-07  4.95788242857840400e-01  9.91563245359557317e-03  1.87162373085084965e+00
 4.29500000000003733e-07  4.95788242857842731e-01  9.91563261045880565e-03  1.87197921144450929e+00
 4.30500000000003756e-07  4.95788242857845063e-01  9.91563276563918634e-03  1.87233115482895318e+00
 4.31500000000003778e-07  4.95788242857847339e-01  9.91563291933082736e-03  1.87267959620117663e+00
 4.32500000000003800e-07  4.95788242857849670e-01  9.91563307126675474e-03  1.87302457040794823e+00
 4.33500000000003822e-07  4.95788242857851946e-01  9.91563322148574650e-03  1.87336611194929326e+00
 4.34500000000003844e-07  4.95788242857854278e-01  9.91563337036037440e-03  1.87370425498194515e+00
 4.35500000000003867e-07  4.95788242857856498e-01  9.91563351780353278e-03  1.87403903332276078e+00
 4.36500000000003889e-07  4.95788242857858774e-01  9.91563366361337614e-03  1.87437048045210197e+00
 4.37500000000003911e-07  4.95788242857860995e-01  9.91563380782220158e-03  1.87469862951718480e+00
 4.38500000000003933e-07  4.95788242857863271e-01  9.91563395063481574e-03  1.87502351333539319e+00
 4.39500000000003955e-07  4.95788242857865546e-01  9.91563409171492514e-03  1.87534516439756249e+00
 4.40500000000003978e-07  4.95788242857867822e-01  9.91563423149985010e-03  1.87566361487122757e+00
 4.41500000000004000e-07  4.95788242857870098e-01  9.91563437037309287e-03  1.87597889660384021e+00
 4.42500000000004022e-07  4.95788242857872374e-01  9.91563450834023405e-03  1.87629104112595502e+00
 4.43500000000004044e-07  4.95788242857874595e-01  9.91563464445761877e-03  1.87660007965438047e+00
 4.44500000000004066e-07  4.95788242857876871e-01  9.91563477832280334e-03  1.87690604309530373e+00
 4.45500000000004088e-07  4.95788242857879091e-01  9.91563491035819117e-03  1.87720896204737864e+00
 4.46500000000004111e-07  4.95788242857881367e-01  9.91563504140774085e-03  1.87750886680478835e+00
 4.47500000000004133e-07  4.95788242857883699e-01  9.91563517206642785e-03  1.87780578736027315e+00
 4.48500000000004155e-07  4.95788242857885975e-01  9.91563530166796915e-03  1.87809975340813051e+00
 4.49500000000004177e-07  4.95788242857888251e-01  9.91563542951211935e-03  1.87839079434718537e+00
 4.50500000000004199e-07  4.95788242857890527e-01  9.91563555561706528e-03  1.87867893928372864e+00
 4.51500000000004222e-07  4.95788242857892747e-01  9.91563568026659035e-03  1.87896421703443028e+00
 4.52500000000004244e-07  4.95788242857895023e-01  9.91563580401800745e-03  1.87924665612921915e+00
 4.53500000000004266e-07  4.95788242857897299e-01  9.91563592680754814e-03  1.87952628481413764e+00
 4.54500000000004288e-07  4.95788242857899575e-01  9.91563604847884097e-03  1.87980313105416630e+00
 4.55500000000004310e-07  4.95788242857901851e-01  9.91563616864602447e-03  1.88007722253601917e+00
 4.56500000000004333e-07  4.95788242857904071e-01  9.91563628720089699e-03  1.88034858667091376e+00
 4.57500000000004355e-07  4.95788242857906347e-01  9.91563640437795844e-03  1.88061725059731311e+00
 4.58500000000004377e-07  4.95788242857908623e-01  9.91563652037979679e-03  1.88088324118363892e+00
 4.59500000000004399e-07  4.95788242857910844e-01  9.91563663543873486e-03  1.88114658503095789e+00
 4.60500000000004421e-07  4.95788242857913175e-01  9.91563674949092616e-03  1.88140730847564330e+00
 4.61500000000004444e-07  4.95788242857915507e-01  9.91563686278460615e-03  1.88166543759200811e+00
 4.62500000000004466e-07  4.95788242857917727e-01  9.91563697512483529e-03  1.88192099819491365e+00
 4.63500000000004488e-07  4.95788242857920003e-01  9.91563708597205037e-03  1.88217401584234967e+00
 4.64500000000004510e-07  4.95788242857922279e-01  9.91563719499574843e-03  1.88242451583799197e+00
 4.65500000000004532e-07  4.95788242857924499e-01  9.91563730278314376e-03  1.88267252323373113e+00
 4.66500000000004554e-07  4.95788242857926775e-01  9.91563740997431289e-03  1.88291806283217977e+00
 4.67500000000004577e-07  4.95788242857928996e-01  9.91563751642723056e-03  1.88316115918915172e+00
 4.68500000000004599e-07  4.95788242857931216e-01  9.91563762179953866e-03  1.88340183661611826e+00
 4.69500000000004621e-07  4.95788242857933492e-01  9.91563772599610149e-03  1.88364011918263996e+00
 4.70500000000004643e-07  4.95788242857935768e-01  9.91563782899334591e-03  1.88387603071877208e+00
 4.71500000000004665e-07  4.95788242857938044e-01  9.91563793102251748e-03  1.88410959481744977e+00
 4.72500000000004688e-07  4.95788242857940320e-01  9.91563803195717568e-03  1.88434083483684667e+00
 4.73500000000004710e-07  4.95788242857942651e-01  9.91563813155349645e-03  1.88456977390271074e+00
 4.74500000000004732e-07  4.95788242857944927e-01  9.91563822988599138e-03  1.88479643491067739e+00
 4.75500000000004754e-07  4.95788242857947259e-01  9.91563832763547176e-03  1.88502084052855934e+00
 4.76500000000004776e-07  4.95788242857949479e-01  9.91563842489438796e-03  1.88524301319861265e+00
 4.77500000000004746e-07  4.95788242857951755e-01  9.91563852121915904e-03  1.88546297513978156e+00
 4.78500000000004715e-07  4.95788242857953976e-01  9.91563861625539486e-03  1.88568074834992205e+00
 4.79500000000004684e-07  4.95788242857956252e-01  9.91563871001582831e-03  1.88589635460799898e+00
 4.80500000000004653e-07  4.95788242857958528e-01  9.91563880288072984e-03  1.88610981547626588e+00
 4.81500000000004623e-07  4.95788242857960748e-01  9.91563889503378586e-03  1.88632115230242237e+00
 4.82500000000004592e-07  4.95788242857962969e-01  9.91563898634015804e-03  1.88653038622174640e+00
 4.83500000000004561e-07  4.95788242857965245e-01  9.91563907648375722e-03  1.88673753815920997e+00
 4.84500000000004530e-07  4.95788242857967520e-01  9.91563916532018155e-03  1.88694262883157049e+00
 4.85500000000004500e-07  4.95788242857969796e-01  9.91563925343623420e-03  1.88714567874944450e+00
 4.86500000000004469e-07  4.95788242857972017e-01  9.91563934109718735e-03  1.88734670821935668e+00
 4.87500000000004438e-07  4.95788242857974293e-01  9.91563942812585981e-03  1.88754573734577269e+00
 4.88500000000004407e-07  4.95788242857976569e-01  9.91563951405337145e-03  1.88774278603310730e+00
 4.89500000000004377e-07  4.95788242857978789e-01  9.91563959881305509e-03  1.88793787398771729e+00
 4.90500000000004346e-07  4.95788242857981065e-01  9.91563968263594990e-03  1.88813102071987160e+00
 4.91500000000004315e-07  4.95788242857983341e-01  9.91563976583869494e-03  1.88832224554570205e+00
 4.92500000000004284e-07  4.95788242857985617e-01  9.91563984850038667e-03  1.88851156758913441e+00
 4.93500000000004254e-07  4.95788242857987893e-01  9.91563993006652766e-03  1.88869900578380312e+00
 4.94500000000004223e-07  4.95788242857990280e-01  9.91564001040321982e-03  1.88888457887494310e+00
 4.95500000000004192e-07  4.95788242857992612e-01  9.91564008964076517e-03  1.88906830542126492e+00
 4.96500000000004161e-07  4.95788242857994943e-01  9.91564016851982991e-03  1.88925020379681019e+00
 4.97500000000004131e-07  4.95788242857997330e-01  9.91564024722125896e-03  1.88943029219278968e+00
 4.98500000000004100e-07  4.95788242857999661e-01  9.91564032523827542e-03  1.88960858861940340e+00
 4.99500000000004069e-07  4.95788242858001993e-01  9.91564040216796894e-03  1.88978511090764045e+00
 5.00500000000004038e-07  4.95788242858004380e-01  9.91564047771538622e-03  1.88995987671106258e+00
 5.01500000000004008e-07  4.95788242858006767e-01  9.91564055236101444e-03  1.89013290350756935e+00
 5.02500000000003977e-07  4.95788242858009098e-01  9.91564062641248599e-03  1.89030420860114701e+00
 5.03500000000003946e-07  4.95788242858011430e-01  9.91564069994248058e-03  1.89047380912359864e+00
 5.04500000000003915e-07  4.95788242858013761e-01  9.91564077282828561e-03  1.89064172203625747e+00
 5.05500000000003885e-07  4.95788242858016148e-01  9.91564084498750345e-03  1.89080796413168239e+00
 5.06500000000003854e-07  4.95788242858018480e-01  9.91564091682545917e-03  1.89097255203533843e+00
 5.07500000000003823e-07  4.95788242858020867e-01  9.91564098803502519e-03  1.89113550220725846e+00
 5.08500000000003792e-07  4.95788242858023254e-01  9.91564105796439825e-03  1.89129683094369083e+00
 5.09500000000003762e-07  4.95788242858025585e-01  9.91564112687406095e-03  1.89145655437872695e+00
 5.10500000000003731e-07  4.95788242858027917e-01  9.91564119532620768e-03  1.89161468848591618e+00
 5.11500000000003700e-07  4.95788242858030248e-01  9.91564126326235397e-03  1.89177124907986371e+00
 5.12500000000003669e-07  4.95788242858032580e-01  9.91564133051775314e-03  1.89192625181781082e+00
 5.13500000000003639e-07  4.95788242858034967e-01  9.91564139688977213e-03  1.89207971220120208e+00
 5.14500000000003608e-07  4.95788242858037298e-01  9.91564146278622535e-03  1.89223164557723411e+00
 5.15500000000003577e-07  4.95788242858039629e-01  9.91564152844244019e-03  1.89238206714039237e+00
 5.16500000000003546e-07  4.95788242858042016e-01  9.91564159345329280e-03  1.89253099193396856e+00
 5.17500000000003516e-07  4.95788242858044459e-01  9.91564165724856568e-03  1.89267843485156662e+00
 5.18500000000003485e-07  4.95788242858046846e-01  9.91564172005405912e-03  1.89282441063859208e+00
 5.19500000000003454e-07  4.95788242858049177e-01  9.91564178209988073e-03  1.89296893389372567e+00
 5.20500000000003423e-07  4.95788242858051509e-01  9.91564184372769122e-03  1.89311201907038407e+00
 5.21500000000003393e-07  4.95788242858053840e-01  9.91564190490776785e-03  1.89325368047816567e+00
 5.22500000000003362e-07  4.95788242858056172e-01  9.91564196569125027e-03  1.89339393228428121e+00
 5.23500000000003331e-07  4.95788242858058559e-01  9.91564202600074725e-03  1.89353278851496998e+00
 5.24500000000003300e-07  4.95788242858060835e-01  9.91564208563106009e-03  1.89367026305690356e+00
 5.25500000000003270e-07  4.95788242858063111e-01  9.91564214456115006e-03  1.89380636965857407e+00
 5.26500000000003239e-07  4.95788242858065498e-01  9.91564220285631737e-03  1.89394112193166952e+00
 5.27500000000003208e-07  4.95788242858067829e-01  9.91564226072229153e-03  1.89407453335243514e+00
 5.28500000000003177e-07  4.95788242858070161e-01  9.91564231816189669e-03  1.89420661726302031e+00
 5.29500000000003147e-07  4.95788242858072548e-01  9.91564237480829953e-03  1.89433738687281328e+00
 5.30500000000003116e-07  4.95788242858074824e-01  9.91564243067353905e-03  1.89446685525976277e+00
 5.31500000000003085e-07  4.95788242858077211e-01  9.91564248588442006e-03  1.89459503537168494e+00
 5.32500000000003054e-07  4.95788242858079542e-01  9.91564254069612558e-03  1.89472194002755834e+00
 5.33500000000003024e-07  4.95788242858081929e-01  9.91564259513701488e-03  1.89484758191880753e+00
 5.34500000000002993e-07  4.95788242858084316e-01  9.91564264915639586e-03  1.89497197361056990e+00
 5.35500000000002962e-07  4.95788242858086647e-01  9.91564270260897676e-03  1.89509512754295462e+00
 5.36500000000002931e-07  4.95788242858089034e-01  9.91564275523640695e-03  1.89521705603228452e+00
 5.37500000000002901e-07  4.95788242858091421e-01  9.91564280710764169e-03  1.89533777127232916e+00
 5.38500000000002870e-07  4.95788242858093753e-01  9.91564285886314435e-03  1.89545728533552360e+00
 5.39500000000002839e-07  4.95788242858096140e-01  9.91564291019919088e-03  1.89557561017417742e+00
 5.40500000000002808e-07  4.95788242858098582e-01  9.91564296101930288e-03  1.89569275762166778e+00
 5.41500000000002778e-07  4.95788242858100969e-01  9.91564301100871133e-03  1.89580873939362382e+00
 5.42500000000002747e-07  4.95788242858103301e-01  9.91564306023197221e-03  1.89592356708909837e+00
 5.43500000000002716e-07  4.95788242858105632e-01  9.91564310936286775e-03  1.89603725219172858e+00
 5.44500000000002685e-07  4.95788242858107964e-01  9.91564315827265716e-03  1.89614980607088279e+00
 5.45500000000002655e-07  4.95788242858110295e-01  9.91564320661292992e-03  1.89626123998279894e+00
 5.46500000000002624e-07  4.95788242858112682e-01  9.91564325384756452e-03  1.89637156507170968e+00
 5.47500000000002593e-07  4.95788242858114958e-01  9.91564330048558956e-03  1.89648079237095701e+00
 5.48500000000002562e-07  4.95788242858117345e-01  9.91564334723467854e-03  1.89658893280409524e+00
 5.49500000000002532e-07  4.95788242858119677e-01  9.91564339410093767e-03  1.89669599718598492e+00
 5.50500000000002501e-07  4.95788242858122008e-01  9.91564344056474617e-03  1.89680199622387269e+00
 5.51500000000002470e-07  4.95788242858124339e-01  9.91564348590640195e-03  1.89690694051846220e+00
 5.52500000000002439e-07  4.95788242858126726e-01  9.91564353014008117e-03  1.89701084056497549e+00
 5.53500000000002409e-07  4.95788242858129058e-01  9.91564357389403128e-03  1.89711370675420210e+00
 5.54500000000002378e-07  4.95788242858131389e-01  9.91564361794797754e-03  1.89721554937353720e+00
 5.55500000000002347e-07  4.95788242858133776e-01  9.91564366219469494e-03  1.89731637860801206e+00
 5.56500000000002316e-07  4.95788242858136108e-01  9.91564370570631286e-03  1.89741620454131144e+00
 5.57500000000002286e-07  4.95788242858138439e-01  9.91564374807068528e-03  1.89751503715678260e+00
 5.58500000000002255e-07  4.95788242858140771e-01  9.91564378972188687e-03  1.89761288633843317e+00
 5.59500000000002224e-07  4.95788242858143158e-01  9.91564383150879934e-03  1.89770976187192053e+00
 5.60500000000002193e-07  4.95788242858145545e-01  9.91564387345689885e-03  1.89780567344552953e+00
 5.61500000000002163e-07  4.95788242858147876e-01  9.91564391476428518e-03  1.89790063065114123e+00
 5.62500000000002132e-07  4.95788242858150263e-01  9.91564395493185063e-03  1.89799464298519371e+00
 5.63500000000002101e-07  4.95788242858152706e-01  9.91564399412515375e-03  1.89808771984963065e+00
 5.64500000000002070e-07  4.95788242858155093e-01  9.91564403337164869e-03  1.89817987055284054e+00
 5.65500000000002040e-07  4.95788242858157424e-01  9.91564407320586795e-03  1.89827110431058999e+00
 5.66500000000002009e-07  4.95788242858159756e-01  9.91564411312233565e-03  1.89836143024694382e+00
 5.67500000000001978e-07  4.95788242858162087e-01  9.91564415186469046e-03  1.89845085739517749e+00
 5.68500000000001947e-07  4.95788242858164419e-01  9.91564418925708346e-03  1.89853939469868083e+00
 5.69500000000001917e-07  4.95788242858166806e-01  9.91564422624713164e-03  1.89862705101185303e+00
 5.70500000000001886e-07  4.95788242858169081e-01  9.91564426369719899e-03  1.89871383510098712e+00
 5.71500000000001855e-07  4.95788242858171468e-01  9.91564430142175511e-03  1.89879975564514769e+00
 5.72500000000001824e-07  4.95788242858173800e-01  9.91564433868256934e-03  1.89888482123703772e+00
 5.73500000000001794e-07  4.95788242858176131e-01  9.91564437486719928e-03  1.89896904038385861e+00
 5.74500000000001763e-07  4.95788242858178463e-01  9.91564441021935972e-03  1.89905242150816145e+00
 5.75500000000001732e-07  4.95788242858180850e-01  9.91564444572272906e-03  1.89913497294868772e+00
 5.76500000000001701e-07  4.95788242858183181e-01  9.91564448163423547e-03  1.89921670296120504e+00
 5.77500000000001671e-07  4.95788242858185513e-01  9.91564451695479791e-03  1.89929761971933164e+00
 5.78500000000001640e-07  4.95788242858187844e-01  9.91564455105355819e-03  1.89937773131535503e+00
 5.79500000000001609e-07  4.95788242858190231e-01  9.91564458432814093e-03  1.89945704576103913e+00
 5.80500000000001578e-07  4.95788242858192563e-01  9.91564461794035117e-03  1.89953557098842762e+00
 5.81500000000001548e-07  4.95788242858194894e-01  9.91564465203741315e-03  1.89961331485063623e+00
 5.82500000000001517e-07  4.95788242858197281e-01  9.91564468594956228e-03  1.89969028512263804e+00
 5.83500000000001486e-07  4.95788242858199668e-01  9.91564471894380677e-03  1.89976648950204208e+00
 5.84500000000001455e-07  4.95788242858202000e-01  9.91564475077110451e-03  1.89984193560986081e+00
 5.85500000000001425e-07  4.95788242858204331e-01  9.91564478230410815e-03  1.89991663099127517e+00
 5.86500000000001394e-07  4.95788242858206663e-01  9.91564481413116650e-03  1.89999058311638747e+00
 5.87500000000001363e-07  4.95788242858209049e-01  9.91564484612671854e-03  1.90006379938096814e+00
 5.88500000000001332e-07  4.95788242858211381e-01  9.91564487804677888e-03  1.90013628710719740e+00
 5.89500000000001302e-07  4.95788242858213768e-01  9.91564490901375613e-03  1.90020805354439437e+00
 5.90500000000001271e-07  4.95788242858216155e-01  9.91564493894962762e-03  1.90027910586974547e+00
 5.91500000000001240e-07  4.95788242858218486e-01  9.91564496842367929e-03  1.90034945118901932e+00
 5.92500000000001209e-07  4.95788242858220818e-01  9.91564499824904889e-03  1.90041909653727870e+00
 5.93500000000001179e-07  4.95788242858223149e-01  9.91564502853498932e-03  1.90048804887958478e+00
 5.94500000000001148e-07  4.95788242858225481e-01  9.91564505843813004e-03  1.90055631511169199e+00
 5.95500000000001117e-07  4.95788242858227868e-01  9.91564508766443892e-03  1.90062390206073983e+00
 5.96500000000001086e-07  4.95788242858230199e-01  9.91564511623370566e-03  1.90069081648593263e+00
 5.97500000000001056e-07  4.95788242858232531e-01  9.91564514440276823e-03  1.90075706507921871e+00
 5.98500000000001025e-07  4.95788242858234918e-01  9.91564517244059203e-03  1.90082265446595744e+00
 5.99500000000000994e-07  4.95788242858237360e-01  9.91564520043316036e-03  1.90088759120558359e+00
 6.00500000000000963e-07  4.95788242858239747e-01  9.91564522813688509e-03  1.90095188179226060e+00
 6.01500000000000933e-07  4.95788242858242079e-01  9.91564525537312093e-03  1.90101553265553269e+00
 6.02500000000000902e-07  4.95788242858244410e-01  9.91564528241508682e-03  1.90107855016096705e+00
 6.03500000000000871e-07  4.95788242858246742e-01  9.91564530932769785e-03  1.90114094061078953e+00
 6.04500000000000840e-07  4.95788242858249073e-01  9.91564533602358640e-03  1.90120271024451726e+00
 6.05500000000000810e-07  4.95788242858251460e-01  9.91564536243412682e-03  1.90126386523957924e+00
 6.06500000000000779e-07  4.95788242858253736e-01  9.91564538842907434e-03  1.90132441171193722e+00
 6.07500000000000748e-07  4.95788242858256012e-01  9.91564541418380255e-03  1.90138435571669517e+00
 6.08500000000000717e-07  4.95788242858258399e-01  9.91564543971427438e-03  1.90144370324870660e+00
 6.09500000000000687e-07  4.95788242858260730e-01  9.91564546520837774e-03  1.90150246024317271e+00
 6.10500000000000656e-07  4.95788242858263062e-01  9.91564549046542940e-03  1.90156063257623664e+00
 6.11500000000000625e-07  4.95788242858265449e-01  9.91564551515680334e-03  1.90161822606557052e+00
 6.12500000000000594e-07  4.95788242858267725e-01  9.91564553935550368e-03  1.90167524647095854e+00
 6.13500000000000564e-07  4.95788242858270112e-01  9.91564556314308322e-03  1.90173169949487186e+00
 6.14500000000000533e-07  4.95788242858272443e-01  9.91564558686876263e-03  1.90178759078303949e+00
 6.15500000000000502e-07  4.95788242858274830e-01  9.91564561072650653e-03  1.90184292592501181e+00
 6.16500000000000471e-07  4.95788242858277217e-01  9.91564563475379884e-03  1.90189771045472100e+00
 6.17500000000000441e-07  4.95788242858279549e-01  9.91564565870983912e-03  1.90195194985103400e+00
 6.18500000000000410e-07  4.95788242858281936e-01  9.91564568219683445e-03  1.90200564953829954e+00
 6.19500000000000379e-07  4.95788242858284323e-01  9.91564570470156517e-03  1.90205881488689199e+00
 6.20500000000000348e-07  4.95788242858286654e-01  9.91564572657463797e-03  1.90211145121374825e+00
 6.21500000000000318e-07  4.95788242858289041e-01  9.91564574866613327e-03  1.90216356378289775e+00
 6.22500000000000287e-07  4.95788242858291484e-01  9.91564577116087024e-03  1.90221515780599137e+00
 6.23500000000000256e-07  4.95788242858293871e-01  9.91564579367476898e-03  1.90226623844282039e+00
 6.24500000000000225e-07  4.95788242858296202e-01  9.91564581559842458e-03  1.90231681080183468e+00
 6.25500000000000195e-07  4.95788242858298533e-01  9.91564583672208816e-03  1.90236687994065168e+00
 6.26500000000000164e-07  4.95788242858300865e-01  9.91564585769135615e-03  1.90241645086656375e+00
 6.27500000000000133e-07  4.95788242858303196e-01  9.91564587897651208e-03  1.90246552853703732e+00
 6.28500000000000102e-07  4.95788242858305583e-01  9.91564590040766233e-03  1.90251411786021052e+00
 6.29500000000000072e-07  4.95788242858307859e-01  9.91564592134923720e-03  1.90256222369538275e+00
 6.30500000000000041e-07  4.95788242858310246e-01  9.91564594134057044e-03  1.90260985085350010e+00
 6.31500000000000010e-07  4.95788242858312578e-01  9.91564596085500044e-03  1.90265700409763805e+00
 6.32499999999999979e-07  4.95788242858314909e-01  9.91564598073464872e-03  1.90270368814347757e+00
 6.33499999999999949e-07  4.95788242858317241e-01  9.91564600122974912e-03  1.90274990765977559e+00
 6.34499999999999918e-07  4.95788242858319628e-01  9.91564602155330967e-03  1.90279566726883309e+00
 6.35499999999999887e-07  4.95788242858321959e-01  9.91564604100646750e-03  1.90284097154695586e+00
 6.36499999999999856e-07  4.95788242858324291e-01  9.91564605990150234e-03  1.90288582502491410e+00
 6.37499999999999826e-07  4.95788242858326678e-01  9.91564607886310546e-03  1.90293023218839452e+00
 6.38499999999999795e-07  4.95788242858329009e-01  9.91564609786460029e-03  1.90297419747844843e+00
 6.39499999999999764e-07  4.95788242858331341e-01  9.91564611653034458e-03  1.90301772529193669e+00
 6.40499999999999733e-07  4.95788242858333672e-01  9.91564613459054722e-03  1.90306081998196985e+00
 6.41499999999999703e-07  4.95788242858336059e-01  9.91564615249819307e-03  1.90310348585834199e+00
 6.42499999999999672e-07  4.95788242858338446e-01  9.91564617063913321e-03  1.90314572718796304e+00
 6.43499999999999641e-07  4.95788242858340777e-01  9.91564618888675711e-03  1.90318754819528513e+00
 6.44499999999999610e-07  4.95788242858343109e-01  9.91564620708072254e-03  1.90322895306272466e+00
 6.45499999999999580e-07  4.95788242858345440e-01  9.91564622472896999e-03  1.90326994593108023e+00
 6.46499999999999549e-07  4.95788242858347827e-01  9.91564624188269635e-03  1.90331053089994939e+00
 6.47499999999999518e-07  4.95788242858350159e-01  9.91564625887788632e-03  1.90335071202813477e+00
 6.48499999999999487e-07  4.95788242858352546e-01  9.91564627586627965e-03  1.90339049333405286e+00
 6.49499999999999457e-07  4.95788242858354933e-01  9.91564629292147372e-03  1.90342987879613479e+00
 6.50499999999999426e-07  4.95788242858357264e-01  9.91564630987485339e-03  1.90346887235322382e+00
 6.51499999999999395e-07  4.95788242858359596e-01  9.91564632668635870e-03  1.90350747790497032e+00
 6.52499999999999364e-07  4.95788242858361927e-01  9.91564634307684316e-03  1.90354569931222084e+00
 6.53499999999999334e-07  4.95788242858364314e-01  9.91564635935913985e-03  1.90358354039740485e+00
 6.54499999999999303e-07  4.95788242858366646e-01  9.91564637539853362e-03  1.90362100494491693e+00
 6.55499999999999272e-07  4.95788242858368977e-01  9.91564639133776793e-03  1.90365809670149422e+00
 6.56499999999999241e-07  4.95788242858371309e-01  9.91564640703000537e-03  1.90369481937659257e+00
 6.57499999999999211e-07  4.95788242858373696e-01  9.91564642254754922e-03  1.90373117664275715e+00
 6.58499999999999180e-07  4.95788242858376138e-01  9.91564643784570258e-03  1.90376717213598856e+00
 6.59499999999999149e-07  4.95788242858378525e-01  9.91564645329618896e-03  1.90380280945610858e+00
 6.60499999999999118e-07  4.95788242858380857e-01  9.91564646891979033e-03  1.90383809216711808e+00
 6.61499999999999088e-07  4.95788242858383188e-01  9.91564648427913954e-03  1.90387302379755452e+00
 6.62499999999999057e-07  4.95788242858385519e-01  9.91564649891203340e-03  1.90390760784084434e+00
 6.63499999999999026e-07  4.95788242858387851e-01  9.91564651316774633e-03  1.90394184775565356e+00
 6.64499999999998995e-07  4.95788242858390238e-01  9.91564652751726269e-03  1.90397574696623151e+00
 6.65499999999998965e-07  4.95788242858392514e-01  9.91564654205103271e-03  1.90400930886275588e+00
 6.66499999999998934e-07  4.95788242858394790e-01  9.91564655651959448e-03  1.90404253680166957e+00
 6.67499999999998903e-07  4.95788242858397177e-01  9.91564657052446986e-03  1.90407543410601776e+00
 6.68499999999998872e-07  4.95788242858399508e-01  9.91564658428779715e-03  1.90410800406577851e+00
 6.69499999999998842e-07  4.95788242858401840e-01  9.91564659811293957e-03  1.90414024993819408e+00
 6.70499999999998811e-07  4.95788242858404227e-01  9.91564661192896601e-03  1.90417217494809576e+00
 6.71499999999998780e-07  4.95788242858406503e-01  9.91564662570498107e-03  1.90420378228822473e+00
 6.72499999999998749e-07  4.95788242858408890e-01  9.91564663915755692e-03  1.90423507511955381e+00
 6.73499999999998719e-07  4.95788242858411221e-01  9.91564665198890229e-03  1.90426605657160275e+00
 6.74499999999998688e-07  4.95788242858413608e-01  9.91564666467714857e-03  1.90429672974275110e+00
 6.75499999999998657e-07  4.95788242858415995e-01  9.91564667769666459e-03  1.90432709770054687e+00
 6.76499999999998626e-07  4.95788242858418327e-01  9.91564669118652139e-03  1.90435716348201578e+00
 6.77499999999998596e-07  4.95788242858420714e-01  9.91564670457229999e-03  1.90438693009396265e+00
 6.78499999999998565e-07  4.95788242858423100e-01  9.91564671730063400e-03  1.90441640051327310e+00
 6.79499999999998534e-07  4.95788242858425432e-01  9.91564672943856355e-03  1.90444557768721157e+00
 6.80499999999998503e-07  4.95788242858427819e-01  9.91564674153772550e-03  1.90447446453371660e+00
 6.81499999999998473e-07  4.95788242858430261e-01  9.91564675382636783e-03  1.90450306394169044e+00
 6.82499999999998442e-07  4.95788242858432648e-01  9.91564676610412130e-03  1.90453137877129008e+00
 6.83499999999998411e-07  4.95788242858434980e-01  9.91564677807528320e-03  1.90455941185421218e+00
 6.84499999999998380e-07  4.95788242858437311e-01  9.91564678966182222e-03  1.90458716599397615e+00
 6.85499999999998350e-07  4.95788242858439643e-01  9.91564680108224933e-03  1.90461464396620594e+00
 6.86499999999998319e-07  4.95788242858441974e-01  9.91564681307936270e-03  1.90464184851890694e+00
 6.87499999999998288e-07  4.95788242858444361e-01  9.91564682549017813e-03  1.90466878237273884e+00
 6.88499999999998257e-07  4.95788242858446637e-01  9.91564683745729814e-03  1.90469544822129055e+00
 6.89499999999998227e-07  4.95788242858448913e-01  9.91564684845412311e-03  1.90472184873134909e+00
 6.90499999999998196e-07  4.95788242858451300e-01  9.91564685877797600e-03  1.90474798654316402e+00
 6.91499999999998165e-07  4.95788242858453632e-01  9.91564686906830015e-03  1.90477386427071460e+00
 6.92499999999998134e-07  4.95788242858455963e-01  9.91564688000346264e-03  1.90479948450196823e+00
 6.93499999999998104e-07  4.95788242858458350e-01  9.91564689142241697e-03  1.90482484979914157e+00
 6.94499999999998073e-07  4.95788242858460626e-01  9.91564690270061930e-03  1.90484996269895657e+00
 6.95499999999998042e-07  4.95788242858463013e-01  9.91564691362443670e-03  1.90487482571289246e+00
 6.96499999999998011e-07  4.95788242858465344e-01  9.91564692397907746e-03  1.90489944132743827e+00
 6.97499999999997981e-07  4.95788242858467731e-01  9.91564693384865831e-03  1.90492381200434124e+00
 6.98499999999997950e-07  4.95788242858470118e-01  9.91564694404466901e-03  1.90494794018085312e+00
 6.99499999999997919e-07  4.95788242858472450e-01  9.91564695481385663e-03  1.90497182826997369e+00
 7.00499999999997888e-07  4.95788242858474837e-01  9.91564696547531099e-03  1.90499547866069241e+00
 7.01499999999997858e-07  4.95788242858477224e-01  9.91564697563903502e-03  1.90501889371822708e+00
 7.02499999999997827e-07  4.95788242858479555e-01  9.91564698525528899e-03  1.90504207578426032e+00
 7.03499999999997796e-07  4.95788242858481942e-01  9.91564699455736547e-03  1.90506502717717363e+00
 7.04499999999997765e-07  4.95788242858484385e-01  9.91564700396394688e-03  1.90508775019227961e+00
 7.05499999999997735e-07  4.95788242858486772e-01  9.91564701383475938e-03  1.90511024710205112e+00
 7.06499999999997704e-07  4.95788242858489103e-01  9.91564702406613589e-03  1.90513252015634937e+00
 7.07499999999997673e-07  4.95788242858491435e-01  9.91564703383234977e-03  1.90515457158264812e+00
 7.08499999999997642e-07  4.95788242858493766e-01  9.91564704296282913e-03  1.90517640358625573e+00
 7.09499999999997612e-07  4.95788242858496098e-01  9.91564705173526156e-03  1.90519801835053815e+00
 7.10499999999997581e-07  4.95788242858498485e-01  9.91564706065916138e-03  1.90521941803713513e+00
 7.11499999999997550e-07  4.95788242858500761e-01  9.91564706966998298e-03  1.90524060478617629e+00
 7.12499999999997519e-07  4.95788242858503148e-01  9.91564707890683558e-03  1.90526158071649676e+00
 7.13499999999997489e-07  4.95788242858505479e-01  9.91564708804928800e-03  1.90528234792584783e+00
 7.14499999999997458e-07  4.95788242858507811e-01  9.91564709719627152e-03  1.90530290849110773e+00
 7.15499999999997427e-07  4.95788242858510142e-01  9.91564710622012090e-03  1.90532326446848788e+00
 7.16499999999997396e-07  4.95788242858512529e-01  9.91564711473604497e-03  1.90534341789373940e+00
 7.17499999999997366e-07  4.95788242858514860e-01  9.91564712269369687e-03  1.90536337078235762e+00
 7.18499999999997335e-07  4.95788242858517192e-01  9.91564713073484448e-03  1.90538312512978192e+00
 7.19499999999997304e-07  4.95788242858519579e-01  9.91564713937358351e-03  1.90540268291159642e+00
 7.20499999999997273e-07  4.95788242858521910e-01  9.91564714829475113e-03  1.90542204608372612e+00
 7.21499999999997243e-07  4.95788242858524242e-01  9.91564715681349761e-03  1.90544121658263532e+00
 7.22499999999997212e-07  4.95788242858526573e-01  9.91564716464976049e-03  1.90546019632551822e+00
 7.23499999999997181e-07  4.95788242858528960e-01  9.91564717211442480e-03  1.90547898721049269e+00
 7.24499999999997150e-07  4.95788242858531347e-01  9.91564717961033147e-03  1.90549759111678885e+00
 7.25499999999997120e-07  4.95788242858533679e-01  9.91564718735236418e-03  1.90551600990493797e+00
 7.26499999999997089e-07  4.95788242858536010e-01  9.91564719542950730e-03  1.90553424541695771e+00
 7.27499999999997058e-07  4.95788242858538342e-01  9.91564720369580641e-03  1.90555229947653726e+00
 7.28499999999997027e-07  4.95788242858540729e-01  9.91564721167150290e-03  1.90557017388921923e+00
 7.29499999999996997e-07  4.95788242858543060e-01  9.91564721911073615e-03  1.90558787044257927e+00
 7.30499999999996966e-07  4.95788242858545447e-01  9.91564722626071642e-03  1.90560539090640635e+00
 7.31499999999996935e-07  4.95788242858547834e-01  9.91564723346860348e-03  1.90562273703287977e+00
 7.32499999999996904e-07  4.95788242858550166e-01  9.91564724084943901e-03  1.90563991055674276e+00
 7.33499999999996874e-07  4.95788242858552497e-01  9.91564724845066248e-03  1.90565691319547725e+00
 7.34499999999996843e-07  4.95788242858554828e-01  9.91564725594649629e-03  1.90567374664947553e+00
 7.35499999999996812e-07  4.95788242858557215e-01  9.91564726321903303e-03  1.90569041260221006e+00
 7.36499999999996781e-07  4.95788242858559547e-01  9.91564727017003184e-03  1.90570691272040249e+00
 7.37499999999996751e-07  4.95788242858561878e-01  9.91564727690130189e-03  1.90572324865418885e+00
 7.38499999999996720e-07  4.95788242858564210e-01  9.91564728356059480e-03  1.90573942203728541e+00
 7.39499999999996689e-07  4.95788242858566597e-01  9.91564729044054800e-03  1.90575543448715301e+00
 7.40499999999996658e-07  4.95788242858569039e-01  9.91564729758775965e-03  1.90577128760515824e+00
 7.41499999999996628e-07  4.95788242858571426e-01  9.91564730479780644e-03  1.90578698297673155e+00
 7.42499999999996597e-07  4.95788242858573758e-01  9.91564731152242210e-03  1.90580252217152912e+00
 7.43499999999996566e-07  4.95788242858576089e-01  9.91564731771128575e-03  1.90581790674358764e+00
 7.44499999999996535e-07  4.95788242858578421e-01  9.91564732378230618e-03  1.90583313823148037e+00
 7.45499999999996505e-07  4.95788242858580752e-01  9.91564732996377644e-03  1.90584821815847172e+00
 7.46499999999996474e-07  4.95788242858583139e-01  9.91564733631036636e-03  1.90586314803266732e+00
 7.47499999999996443e-07  4.95788242858585415e-01  9.91564734298494566e-03  1.90587792934716838e+00
 7.48499999999996412e-07  4.95788242858587691e-01  9.91564734974854228e-03  1.90589256358021730e+00
 7.49499999999996382e-07  4.95788242858590078e-01  9.91564735636240452e-03  1.90590705219534784e+00
 7.50499999999996351e-07  4.95788242858592410e-01  9.91564736246196635e-03  1.90592139664153137e+00
 7.51499999999996320e-07  4.95788242858594741e-01  9.91564736799273143e-03  1.90593559835332038e+00
 7.52499999999996289e-07  4.95788242858597128e-01  9.91564737344695704e-03  1.90594965875099320e+00
 7.53499999999996259e-07  4.95788242858599404e-01  9.91564737934714016e-03  1.90596357924069637e+00
 7.54499999999996228e-07  4.95788242858601791e-01  9.91564738550614055e-03  1.90597736121458317e+00
 7.55499999999996197e-07  4.95788242858604122e-01  9.91564739174648040e-03  1.90599100605095573e+00
 7.56499999999996166e-07  4.95788242858606509e-01  9.91564739779355817e-03  1.90600451511440094e+00
 7.57499999999996136e-07  4.95788242858608896e-01  9.91564740350637727e-03  1.90601788975592634e+00
 7.58499999999996105e-07  4.95788242858611228e-01  9.91564740896316854e-03  1.90603113131309776e+00
 7.59499999999996074e-07  4.95788242858613615e-01  9.91564741439268302e-03  1.90604424111017012e+00
 7.60499999999996043e-07  4.95788242858616002e-01  9.91564741979256148e-03  1.90605722045822290e+00
 7.61499999999996013e-07  4.95788242858618333e-01  9.91564742523087794e-03  1.90607007065528822e+00
 7.62499999999995982e-07  4.95788242858620720e-01  9.91564743064145444e-03  1.90608279298648320e+00
 7.63499999999995951e-07  4.95788242858623163e-01  9.91564743592820118e-03  1.90609538872413742e+00
 7.64499999999995920e-07  4.95788242858625550e-01  9.91564744126842076e-03  1.90610785912791925e+00
 7.65499999999995890e-07  4.95788242858627881e-01  9.91564744687188464e-03  1.90612020544496352e+00
 7.66499999999995859e-07  4.95788242858630213e-01  9.91564745258858952e-03  1.90613242890999501e+00
 7.67499999999995828e-07  4.95788242858632544e-01  9.91564745793372879e-03  1.90614453074545231e+00
 7.68499999999995797e-07  4.95788242858634876e-01  9.91564746275375511e-03  1.90615651216161086e+00
 7.69499999999995767e-07  4.95788242858637263e-01  9.91564746727043381e-03  1.90616837435670261e+00
 7.70499999999995736e-07  4.95788242858639538e-01  9.91564747203583195e-03  1.90618011851703617e+00
 7.71499999999995705e-07  4.95788242858641814e-01  9.91564747722722614e-03  1.90619174581711648e+00
 7.72499999999995674e-07  4.95788242858644201e-01  9.91564748264479705e-03  1.90620325741976160e+00
 7.73499999999995644e-07  4.95788242858646533e-01  9.91564748772629651e-03  1.90621465447621863e+00
 7.74499999999995613e-07  4.95788242858648864e-01  9.91564749238240707e-03  1.90622593812627916e+00
 7.75499999999995582e-07  4.95788242858651251e-01  9.91564749700017331e-03  1.90623710949839342e+00
 7.76499999999995551e-07  4.95788242858653527e-01  9.91564750171567214e-03  1.90624816970978284e+00
 7.77499999999995521e-07  4.95788242858655914e-01  9.91564750650373618e-03  1.90625911986655217e+00
 7.78499999999995490e-07  4.95788242858658246e-01  9.91564751116046084e-03  1.90626996106380009e+00
 7.79499999999995459e-07  4.95788242858660633e-01  9.91564751562062398e-03  1.90628069438572778e+00
 7.80499999999995428e-07  4.95788242858663020e-01  9.91564751998505467e-03  1.90629132090574860e+00
 7.81499999999995398e-07  4.95788242858665351e-01  9.91564752435935073e-03  1.90630184168659511e+00
 7.82499999999995367e-07  4.95788242858667738e-01  9.91564752911475340e-03  1.90631225778042435e+00
 7.83499999999995336e-07  4.95788242858670125e-01  9.91564753403219833e-03  1.90632257022892482e+00
 7.84499999999995305e-07  4.95788242858672457e-01  9.91564753854102567e-03  1.90633278006341866e+00
 7.85499999999995275e-07  4.95788242858674844e-01  9.91564754232810396e-03  1.90634288830496668e+00
 7.86499999999995244e-07  4.95788242858677286e-01  9.91564754621926565e-03  1.90635289596446955e+00
 7.87499999999995213e-07  4.95788242858679673e-01  9.91564755048833860e-03  1.90636280404276870e+00
 7.88499999999995182e-07  4.95788242858682004e-01  9.91564755517915751e-03  1.90637261353074683e+00
 7.89499999999995152e-07  4.95788242858684336e-01  9.91564755987413976e-03  1.90638232540942676e+00
 7.90499999999995121e-07  4.95788242858686667e-01  9.91564756402558457e-03  1.90639194065006956e+00
 7.91499999999995090e-07  4.95788242858688999e-01  9.91564756767172352e-03  1.90640146021427204e+00
 7.92499999999995059e-07  4.95788242858691386e-01  9.91564757123705384e-03  1.90641088505406264e+00
 7.93499999999995029e-07  4.95788242858693662e-01  9.91564757511974662e-03  1.90642021611199652e+00
 7.94499999999994998e-07  4.95788242858696049e-01  9.91564757928580301e-03  1.90642945432124944e+00
 7.95499999999994967e-07  4.95788242858698380e-01  9.91564758325667005e-03  1.90643860060571257e+00
 7.96499999999994936e-07  4.95788242858700712e-01  9.91564758708531752e-03  1.90644765588008336e+00
 7.97499999999994906e-07  4.95788242858703043e-01  9.91564759088176852e-03  1.90645662104995739e+00
 7.98499999999994875e-07  4.95788242858705430e-01  9.91564759497476703e-03  1.90646549701191925e+00
 7.99499999999994844e-07  4.95788242858707762e-01  9.91564759909828626e-03  1.90647428465363244e+00
 8.00499999999994813e-07  4.95788242858710093e-01  9.91564760269379210e-03  1.90648298485392709e+00
 8.01499999999994783e-07  4.95788242858712480e-01  9.91564760613478959e-03  1.90649159848288918e+00
 8.02499999999994752e-07  4.95788242858714812e-01  9.91564760945918590e-03  1.90650012640194721e+00
 8.03499999999994721e-07  4.95788242858717143e-01  9.91564761311024105e-03  1.90650856946395697e+00
 8.04499999999994690e-07  4.95788242858719475e-01  9.91564761685134050e-03  1.90651692851328813e+00
 8.05499999999994660e-07  4.95788242858721862e-01  9.91564762051603578e-03  1.90652520438590933e+00
 8.06499999999994629e-07  4.95788242858724248e-01  9.91564762423293063e-03  1.90653339790947007e+00
 8.07499999999994598e-07  4.95788242858726580e-01  9.91564762798239664e-03  1.90654150990338422e+00
 8.08499999999994567e-07  4.95788242858728911e-01  9.91564763152081967e-03  1.90654954117891284e+00
 8.09499999999994537e-07  4.95788242858731243e-01  9.91564763470495665e-03  1.90655749253924434e+00
 8.10499999999994506e-07  4.95788242858733630e-01  9.91564763763983122e-03  1.90656536477957461e+00
 8.11499999999994475e-07  4.95788242858735961e-01  9.91564764077278171e-03  1.90657315868718702e+00
 8.12499999999994444e-07  4.95788242858738348e-01  9.91564764383034286e-03  1.90658087504153073e+00
 8.13499999999994414e-07  4.95788242858740735e-01  9.91564764711152895e-03  1.90658851461429979e+00
 8.14499999999994383e-07  4.95788242858743067e-01  9.91564765062798344e-03  1.90659607816950949e+00
 8.15499999999994352e-07  4.95788242858745398e-01  9.91564765415260327e-03  1.90660356646357232e+00
 8.16499999999994321e-07  4.95788242858747730e-01  9.91564765734729431e-03  1.90661098024537434e+00
 8.17499999999994291e-07  4.95788242858750117e-01  9.91564766014856394e-03  1.90661832025634936e+00
 8.18499999999994260e-07  4.95788242858752448e-01  9.91564766308837033e-03  1.90662558723055420e+00
 8.19499999999994229e-07  4.95788242858754780e-01  9.91564766628619428e-03  1.90663278189474061e+00
 8.20499999999994198e-07  4.95788242858757111e-01  9.91564766957460375e-03  1.90663990496843017e+00
 8.21499999999994168e-07  4.95788242858759498e-01  9.91564767276981694e-03  1.90664695716398369e+00
 8.22499999999994137e-07  4.95788242858761941e-01  9.91564767570633950e-03  1.90665393918667392e+00
 8.23499999999994106e-07  4.95788242858764328e-01  9.91564767872029316e-03  1.90666085173475541e+00
 8.24499999999994075e-07  4.95788242858766659e-01  9.91564768179203394e-03  1.90666769549953585e+00
 8.25499999999994045e-07  4.95788242858768990e-01  9.91564768477807071e-03  1.90667447116544264e+00
 8.26499999999994014e-07  4.95788242858771322e-01  9.91564768737845589e-03  1.90668117941009441e+00
 8.27499999999993983e-07  4.95788242858773653e-01  9.91564768995135092e-03  1.90668782090436606e+00
 8.28499999999993952e-07  4.95788242858776040e-01  9.91564769299163075e-03  1.90669439631245674e+00
 8.29499999999993922e-07  4.95788242858778316e-01  9.91564769641050878e-03  1.90670090629195732e+00
 8.30499999999993891e-07  4.95788242858780592e-01  9.91564769950340451e-03  1.90670735149391501e+00
 8.31499999999993860e-07  4.95788242858782979e-01  9.91564770192577064e-03  1.90671373256289800e+00
 8.32499999999993829e-07  4.95788242858785311e-01  9.91564770379430721e-03  1.90672005013706203e+00
 8.33499999999993799e-07  4.95788242858787642e-01  9.91564770588010055e-03  1.90672630484821171e+00
 8.34499999999993768e-07  4.95788242858790029e-01  9.91564770865128141e-03  1.90673249732186623e+00
 8.35499999999993737e-07  4.95788242858792305e-01  9.91564771189428623e-03  1.90673862817731887e+00
 8.36499999999993706e-07  4.95788242858794692e-01  9.91564771501013582e-03  1.90674469802770163e+00
 8.37499999999993676e-07  4.95788242858797024e-01  9.91564771746479383e-03  1.90675070748004583e+00
 8.38499999999993645e-07  4.95788242858799411e-01  9.91564771941800226e-03  1.90675665713534159e+00
 8.39499999999993614e-07  4.95788242858801798e-01  9.91564772147278742e-03  1.90676254758859964e+00
 8.40499999999993583e-07  4.95788242858804129e-01  9.91564772429526925e-03  1.90676837942890987e+00
 8.41499999999993553e-07  4.95788242858806516e-01  9.91564772738182283e-03  1.90677415323949973e+00
 8.42499999999993522e-07  4.95788242858808903e-01  9.91564773016169639e-03  1.90677986959779444e+00
 8.43499999999993491e-07  4.95788242858811234e-01  9.91564773242424938e-03  1.90678552907547272e+00
 8.44499999999993460e-07  4.95788242858813621e-01  9.91564773429872391e-03  1.90679113223852559e+00
 8.45499999999993430e-07  4.95788242858816064e-01  9.91564773651726176e-03  1.90679667964731103e+00
 8.46499999999993399e-07  4.95788242858818451e-01  9.91564773929067174e-03  1.90680217185661216e+00
 8.47499999999993368e-07  4.95788242858820782e-01  9.91564774191953935e-03  1.90680760941569138e+00
 8.48499999999993337e-07  4.95788242858823114e-01  9.91564774388789712e-03  1.90681299286834549e+00
 8.49499999999993307e-07  4.95788242858825445e-01  9.91564774555575915e-03  1.90681832275296070e+00
 8.50499999999993276e-07  4.95788242858827777e-01  9.91564774767204372e-03  1.90682359960256531e+00
 8.51499999999993245e-07  4.95788242858830164e-01  9.91564775034892328e-03  1.90682882394488451e+00
 8.52499999999993214e-07  4.95788242858832440e-01  9.91564775317427781e-03  1.90683399630239148e+00
 8.53499999999993184e-07  4.95788242858834716e-01  9.91564775546762214e-03  1.90683911719236154e+00
 8.54499999999993153e-07  4.95788242858837103e-01  9.91564775701514467e-03  1.90684418712692261e+00
 8.55499999999993122e-07  4.95788242858839434e-01  9.91564775856323445e-03  1.90684920661310575e+00
 8.56499999999993091e-07  4.95788242858841766e-01  9.91564776083352084e-03  1.90685417615289765e+00
 8.57499999999993061e-07  4.95788242858844153e-01  9.91564776374208659e-03  1.90685909624328986e+00
 8.58499999999993030e-07  4.95788242858846429e-01  9.91564776631046092e-03  1.90686396737632857e+00
 8.59499999999992999e-07  4.95788242858848816e-01  9.91564776816802884e-03  1.90686879003916365e+00
 8.60499999999992968e-07  4.95788242858851147e-01  9.91564776951685094e-03  1.90687356471409841e+00
 8.61499999999992938e-07  4.95788242858853534e-01  9.91564777089174246e-03  1.90687829187863556e+00
 8.62499999999992907e-07  4.95788242858855921e-01  9.91564777303355002e-03  1.90688297200552759e+00
 8.63499999999992876e-07  4.95788242858858252e-01  9.91564777572849845e-03  1.90688760556282277e+00
 8.64499999999992845e-07  4.95788242858860639e-01  9.91564777833830319e-03  1.90689219301391200e+00
 8.65499999999992815e-07  4.95788242858863026e-01  9.91564778018734841e-03  1.90689673481757493e+00
 8.66499999999992784e-07  4.95788242858865358e-01  9.91564778158770567e-03  1.90690123142802581e+00
 8.67499999999992753e-07  4.95788242858867745e-01  9.91564778326578002e-03  1.90690568329496002e+00
 8.68499999999992722e-07  4.95788242858870187e-01  9.91564778533919437e-03  1.90691009086359742e+00
 8.69499999999992692e-07  4.95788242858872574e-01  9.91564778740667598e-03  1.90691445457472808e+00
 8.70499999999992661e-07  4.95788242858874906e-01  9.91564778917993633e-03  1.90691877486475669e+00
 8.71499999999992630e-07  4.95788242858877237e-01  9.91564779074049878e-03  1.90692305216574431e+00
 8.72499999999992599e-07  4.95788242858879569e-01  9.91564779226861495e-03  1.90692728690545410e+00
 8.73499999999992569e-07  4.95788242858881900e-01  9.91564779422761909e-03  1.90693147950739150e+00
 8.74499999999992538e-07  4.95788242858884287e-01  9.91564779650690523e-03  1.90693563039084868e+00
 8.75499999999992507e-07  4.95788242858886563e-01  9.91564779847742273e-03  1.90693973997094468e+00
 8.76499999999992476e-07  4.95788242858888950e-01  9.91564779983324443e-03  1.90694380865866897e+00
 8.77499999999992446e-07  4.95788242858891282e-01  9.91564780106536127e-03  1.90694783686092095e+00
 8.78499999999992415e-07  4.95788242858893613e-01  9.91564780274786783e-03  1.90695182498055105e+00
 8.79499999999992384e-07  4.95788242858895944e-01  9.91564780487724090e-03  1.90695577341640177e+00
 8.80499999999992353e-07  4.95788242858898331e-01  9.91564780706115367e-03  1.90695968256334636e+00
 8.81499999999992323e-07  4.95788242858900663e-01  9.91564780875782772e-03  1.90696355281232877e+00
 8.82499999999992292e-07  4.95788242858902994e-01  9.91564780986452406e-03  1.90696738455040382e+00
 8.83499999999992261e-07  4.95788242858905381e-01  9.91564781084596815e-03  1.90697117816077388e+00
 8.84499999999992230e-07  4.95788242858907713e-01  9.91564781245360752e-03  1.90697493402282814e+00
 8.85499999999992200e-07  4.95788242858910044e-01  9.91564781483649654e-03  1.90697865251218168e+00
 8.86499999999992169e-07  4.95788242858912376e-01  9.91564781717708087e-03  1.90698233400071149e+00
 8.87499999999992138e-07  4.95788242858914763e-01  9.91564781853362422e-03  1.90698597885659438e+00
 8.88499999999992107e-07  4.95788242858917150e-01  9.91564781934102524e-03  1.90698958744434321e+00
 8.89499999999992077e-07  4.95788242858919481e-01  9.91564782051999188e-03  1.90699316012484399e+00
 8.90499999999992046e-07  4.95788242858921813e-01  9.91564782224866638e-03  1.90699669725539178e+00
 8.91499999999992015e-07  4.95788242858924144e-01  9.91564782406884407e-03  1.90700019918972608e+00
 8.92499999999991984e-07  4.95788242858926531e-01  9.91564782547725912e-03  1.90700366627806739e+00
 8.93499999999991954e-07  4.95788242858928863e-01  9.91564782676130838e-03  1.90700709886714992e+00
 8.94499999999991923e-07  4.95788242858931250e-01  9.91564782827068780e-03  1.90701049730025907e+00
 8.95499999999991892e-07  4.95788242858933637e-01  9.91564782996631582e-03  1.90701386191726385e+00
 8.96499999999991861e-07  4.95788242858935968e-01  9.91564783139969007e-03  1.90701719305465089e+00
 8.97499999999991831e-07  4.95788242858938299e-01  9.91564783259922360e-03  1.90702049104555971e+00
 8.98499999999991800e-07  4.95788242858940631e-01  9.91564783385729884e-03  1.90702375621981401e+00
 8.99499999999991769e-07  4.95788242858943018e-01  9.91564783552350941e-03  1.90702698890395572e+00
 9.00499999999991738e-07  4.95788242858945349e-01  9.91564783700861138e-03  1.90703018942127778e+00
 9.01499999999991708e-07  4.95788242858947681e-01  9.91564783792560009e-03  1.90703335809185637e+00
 9.02499999999991677e-07  4.95788242858950012e-01  9.91564783866966983e-03  1.90703649523258156e+00
 9.03499999999991646e-07  4.95788242858952399e-01  9.91564784015232757e-03  1.90703960115719195e+00
 9.04499999999991615e-07  4.95788242858954842e-01  9.91564784215238741e-03  1.90704267617630352e+00
 9.05499999999991585e-07  4.95788242858957229e-01  9.91564784371379813e-03  1.90704572059744071e+00
 9.06499999999991554e-07  4.95788242858959560e-01  9.91564784474026004e-03  1.90704873472506953e+00
 9.07499999999991523e-07  4.95788242858961892e-01  9.91564784565217294e-03  1.90705171886062530e+00
 9.08499999999991492e-07  4.95788242858964223e-01  9.91564784703618737e-03  1.90705467330254375e+00
 9.09499999999991462e-07  4.95788242858966555e-01  9.91564784870431308e-03  1.90705759834629118e+00
 9.10499999999991431e-07  4.95788242858968942e-01  9.91564785011488613e-03  1.90706049428439450e+00
 9.11499999999991400e-07  4.95788242858971218e-01  9.91564785114463013e-03  1.90706336140646915e+00
 9.12499999999991369e-07  4.95788242858973494e-01  9.91564785211260062e-03  1.90706619999924887e+00
 9.13499999999991339e-07  4.95788242858975881e-01  9.91564785323192054e-03  1.90706901034661480e+00
 9.14499999999991308e-07  4.95788242858978212e-01  9.91564785450156465e-03  1.90707179272962257e+00
 9.15499999999991277e-07  4.95788242858980543e-01  9.91564785587050260e-03  1.90707454742653204e+00
 9.16499999999991246e-07  4.95788242858982930e-01  9.91564785693954155e-03  1.90707727471283306e+00
 9.17499999999991216e-07  4.95788242858985206e-01  9.91564785792132392e-03  1.90707997486127478e+00
 9.18499999999991185e-07  4.95788242858987593e-01  9.91564785914562062e-03  1.90708264814189254e+00
 9.19499999999991154e-07  4.95788242858989925e-01  9.91564786069878967e-03  1.90708529482203515e+00
 9.20499999999991123e-07  4.95788242858992312e-01  9.91564786210615695e-03  1.90708791516638976e+00
 9.21499999999991093e-07  4.95788242858994699e-01  9.91564786277819923e-03  1.90709050943701142e+00
 9.22499999999991062e-07  4.95788242858997030e-01  9.91564786318934605e-03  1.90709307789334659e+00
 9.23499999999991031e-07  4.95788242858999417e-01  9.91564786384160207e-03  1.90709562079225980e+00
 9.24499999999991000e-07  4.95788242859001804e-01  9.91564786535210213e-03  1.90709813838806053e+00
 9.25499999999990970e-07  4.95788242859004136e-01  9.91564786714226043e-03  1.90710063093252691e+00
 9.26499999999990939e-07  4.95788242859006523e-01  9.91564786844201761e-03  1.90710309867493266e+00
 9.27499999999990908e-07  4.95788242859008965e-01  9.91564786904722446e-03  1.90710554186207082e+00
 9.28499999999990877e-07  4.95788242859011352e-01  9.91564786972262170e-03  1.90710796073827837e+00
 9.29499999999990847e-07  4.95788242859013684e-01  9.91564787070276302e-03  1.90711035554546138e+00
 9.30499999999990816e-07  4.95788242859016015e-01  9.91564787195280475e-03  1.90711272652311847e+00
 9.31499999999990785e-07  4.95788242859018347e-01  9.91564787309862257e-03  1.90711507390836532e+00
 9.32499999999990754e-07  4.95788242859020678e-01  9.91564787398408788e-03  1.90711739793595836e+00
 9.33499999999990724e-07  4.95788242859023065e-01  9.91564787491547653e-03  1.90711969883831722e+00
 9.34499999999990693e-07  4.95788242859025341e-01  9.91564787599360543e-03  1.90712197684555007e+00
 9.35499999999990662e-07  4.95788242859027728e-01  9.91564787697352297e-03  1.90712423218547444e+00
 9.36499999999990631e-07  4.95788242859030059e-01  9.91564787772029194e-03  1.90712646508364148e+00
 9.37499999999990601e-07  4.95788242859032391e-01  9.91564787853632668e-03  1.90712867576335832e+00
 9.38499999999990570e-07  4.95788242859034722e-01  9.91564787964606051e-03  1.90713086444570923e+00
 9.39499999999990539e-07  4.95788242859037109e-01  9.91564788073332273e-03  1.90713303134957912e+00
 9.40499999999990508e-07  4.95788242859039496e-01  9.91564788162252464e-03  1.90713517669167465e+00
 9.41499999999990478e-07  4.95788242859041883e-01  9.91564788234397358e-03  1.90713730068654619e+00
 9.42499999999990447e-07  4.95788242859044215e-01  9.91564788359720374e-03  1.90713940354660938e+00
 9.43499999999990416e-07  4.95788242859046546e-01  9.91564788495289014e-03  1.90714148548216600e+00
 9.44499999999990385e-07  4.95788242859048878e-01  9.91564788574706736e-03  1.90714354670142527e+00
 9.45499999999990355e-07  4.95788242859051209e-01  9.91564788624746569e-03  1.90714558741052476e+00
 9.46499999999990324e-07  4.95788242859053596e-01  9.91564788674643115e-03  1.90714760781355075e+00
 9.47499999999990293e-07  4.95788242859055872e-01  9.91564788764157448e-03  1.90714960811255918e+00
 9.48499999999990262e-07  4.95788242859058148e-01  9.91564788876708736e-03  1.90715158850759448e+00
 9.49499999999990232e-07  4.95788242859060535e-01  9.91564788976069880e-03  1.90715354919671176e+00
 9.50499999999990201e-07  4.95788242859062867e-01  9.91564789048630761e-03  1.90715549037599441e+00
 9.51499999999990170e-07  4.95788242859065198e-01  9.91564789123445395e-03  1.90715741223957447e+00
 9.52499999999990139e-07  4.95788242859067585e-01  9.91564789206254849e-03  1.90715931497965352e+00
 9.53499999999990109e-07  4.95788242859069861e-01  9.91564789274854662e-03  1.90716119878651980e+00
 9.54499999999990184e-07  4.95788242859072248e-01  9.91564789348302160e-03  1.90716306384856837e+00
 9.55499999999990259e-07  4.95788242859074579e-01  9.91564789446274138e-03  1.90716491035231916e+00
 9.56499999999990334e-07  4.95788242859076966e-01  9.91564789545602322e-03  1.90716673848243690e+00
 9.57499999999990409e-07  4.95788242859079353e-01  9.91564789627145428e-03  1.90716854842174821e+00
 9.58499999999990484e-07  4.95788242859081685e-01  9.91564789706121837e-03  1.90717034035126010e+00
 9.59499999999990559e-07  4.95788242859084072e-01  9.91564789788675592e-03  1.90717211445017965e+00
 9.60499999999990634e-07  4.95788242859086459e-01  9.91564789853291266e-03  1.90717387089593027e+00
 9.61499999999990710e-07  4.95788242859088790e-01  9.91564789895292044e-03  1.90717560986416945e+00
 9.62499999999990785e-07  4.95788242859091177e-01  9.91564789935040110e-03  1.90717733152880720e+00
 9.63499999999990860e-07  4.95788242859093620e-01  9.91564790034189444e-03  1.90717903606202288e+00
 9.64499999999990935e-07  4.95788242859096007e-01  9.91564790154238554e-03  1.90718072363428282e+00
 9.65499999999991010e-07  4.95788242859098338e-01  9.91564790250481880e-03  1.90718239441435733e+00
 9.66499999999991085e-07  4.95788242859100670e-01  9.91564790291898229e-03  1.90718404856933654e+00
 9.67499999999991160e-07  4.95788242859103001e-01  9.91564790308787844e-03  1.90718568626464857e+00
 9.68499999999991235e-07  4.95788242859105333e-01  9.91564790366168854e-03  1.90718730766407574e+00
 9.69499999999991311e-07  4.95788242859107720e-01  9.91564790444351106e-03  1.90718891292976966e+00
 9.70499999999991386e-07  4.95788242859109995e-01  9.91564790537513216e-03  1.90719050222226905e+00
 9.71499999999991461e-07  4.95788242859112271e-01  9.91564790627667662e-03  1.90719207570051563e+00
 9.72499999999991536e-07  4.95788242859114658e-01  9.91564790704070782e-03  1.90719363352186888e+00
 9.73499999999991611e-07  4.95788242859116990e-01  9.91564790760159770e-03  1.90719517584212239e+00
 9.74499999999991686e-07  4.95788242859119321e-01  9.91564790792631018e-03  1.90719670281552056e+00
 9.75499999999991761e-07  4.95788242859121708e-01  9.91564790832421931e-03  1.90719821459477124e+00
 9.76499999999991836e-07  4.95788242859123984e-01  9.91564790897213680e-03  1.90719971133106458e+00
 9.77499999999991912e-07  4.95788242859126371e-01  9.91564790987980310e-03  1.90720119317408532e+00
 9.78499999999991987e-07  4.95788242859128703e-01  9.91564791070844928e-03  1.90720266027202889e+00
 9.79499999999992062e-07  4.95788242859131090e-01  9.91564791134823438e-03  1.90720411277161617e+00
 9.80499999999992137e-07  4.95788242859133477e-01  9.91564791183226560e-03  1.90720555081810805e+00
 9.81499999999992212e-07  4.95788242859135808e-01  9.91564791218577796e-03  1.90720697455531973e+00
 9.82499999999992287e-07  4.95788242859138195e-01  9.91564791275419133e-03  1.90720838412563620e+00
 9.83499999999992362e-07  4.95788242859140582e-01  9.91564791372561219e-03  1.90720977967002514e+00
 9.84499999999992438e-07  4.95788242859142914e-01  9.91564791449487878e-03  1.90721116132805113e+00
 9.85499999999992513e-07  4.95788242859145301e-01  9.91564791492259220e-03  1.90721252923789053e+00
 9.86499999999992588e-07  4.95788242859147743e-01  9.91564791500665343e-03  1.90721388353634502e+00
 9.87499999999992663e-07  4.95788242859150130e-01  9.91564791523785564e-03  1.90721522435885404e+00
 9.88499999999992738e-07  4.95788242859152462e-01  9.91564791599425580e-03  1.90721655183951011e+00
 9.89499999999992813e-07  4.95788242859154793e-01  9.91564791702010360e-03  1.90721786611107214e+00
 9.90499999999992888e-07  4.95788242859157124e-01  9.91564791786423566e-03  1.90721916730497609e+00
 9.91499999999992963e-07  4.95788242859159456e-01  9.91564791837014001e-03  1.90722045555135189e+00
 9.92499999999993039e-07  4.95788242859161843e-01  9.91564791861267517e-03  1.90722173097903336e+00
 9.93499999999993114e-07  4.95788242859164119e-01  9.91564791886508611e-03  1.90722299371557358e+00
 9.94499999999993189e-07  4.95788242859166395e-01  9.91564791930233357e-03  1.90722424388725509e+00
 9.95499999999993264e-07  4.95788242859168782e-01  9.91564792002163145e-03  1.90722548161910499e+00
 9.96499999999993339e-07  4.95788242859171113e-01  9.91564792083793507e-03  1.90722670703490560e+00
 9.97499999999993414e-07  4.95788242859173445e-01  9.91564792167887177e-03  1.90722792025720755e+00
 9.98499999999993489e-07  4.95788242859175832e-01  9.91564792207067121e-03  1.90722912140734269e+00
 9.99499999999993564e-07  4.95788242859178108e-01  9.91564792243123348e-03  1.90723031060543491e+00
 1.00049999999999364e-06  4.95788242859180495e-01  9.91564792275475768e-03  1.90723148797041286e+00
 1.00149999999999371e-06  4.95788242859182826e-01  9.91564792323697264e-03  1.90723265362002214e+00
 1.00249999999999379e-06  4.95788242859185213e-01  9.91564792379977938e-03  1.90723380767083617e+00
 1.00349999999999386e-06  4.95788242859187600e-01  9.91564792432011316e-03  1.90723495023826928e+00
 1.00449999999999394e-06  4.95788242859189932e-01  9.91564792478080367e-03  1.90723608143658674e+00
 1.00549999999999402e-06  4.95788242859192319e-01  9.91564792511936445e-03  1.90723720137891650e+00
 1.00649999999999409e-06  4.95788242859194705e-01  9.91564792541649483e-03  1.90723831017726164e+00
 1.00749999999999417e-06  4.95788242859197037e-01  9.91564792593882006e-03  1.90723940794250990e+00
 1.00849999999999424e-06  4.95788242859199424e-01  9.91564792683543444e-03  1.90724049478444635e+00
 1.00949999999999432e-06  4.95788242859201866e-01  9.91564792762363555e-03  1.90724157081176360e+00
 1.01049999999999439e-06  4.95788242859204253e-01  9.91564792810585745e-03  1.90724263613207246e+00
 1.01149999999999447e-06  4.95788242859206585e-01  9.91564792829346432e-03  1.90724369085191303e+00
 1.01249999999999454e-06  4.95788242859208916e-01  9.91564792827996470e-03  1.90724473507676473e+00
 1.01349999999999462e-06  4.95788242859211248e-01  9.91564792842180610e-03  1.90724576891105824e+00
 1.01449999999999469e-06  4.95788242859213579e-01  9.91564792914202166e-03  1.90724679245818507e+00
 1.01549999999999477e-06  4.95788242859215966e-01  9.91564793014232740e-03  1.90724780582050712e+00
 1.01649999999999484e-06  4.95788242859218242e-01  9.91564793082115592e-03  1.90724880909936889e+00
 1.01749999999999492e-06  4.95788242859220629e-01  9.91564793083414553e-03  1.90724980239510522e+00
 1.01849999999999499e-06  4.95788242859222961e-01  9.91564793092727069e-03  1.90725078580705398e+00
 1.01949999999999507e-06  4.95788242859225292e-01  9.91564793160626227e-03  1.90725175943356340e+00
 1.02049999999999514e-06  4.95788242859227624e-01  9.91564793219250860e-03  1.90725272337200358e+00
 1.02149999999999522e-06  4.95788242859230011e-01  9.91564793244312064e-03  1.90725367771877496e+00
 1.02249999999999529e-06  4.95788242859232342e-01  9.91564793263152722e-03  1.90725462256932010e+00
 1.02349999999999537e-06  4.95788242859234674e-01  9.91564793324026424e-03  1.90725555801813074e+00
 1.02449999999999544e-06  4.95788242859237061e-01  9.91564793409958900e-03  1.90725648415875959e+00
 1.02549999999999552e-06  4.95788242859239392e-01  9.91564793476224816e-03  1.90725740108382702e+00
 1.02649999999999559e-06  4.95788242859241723e-01  9.91564793460688286e-03  1.90725830888503300e+00
 1.02749999999999567e-06  4.95788242859244055e-01  9.91564793439490659e-03  1.90725920765316381e+00
 1.02849999999999574e-06  4.95788242859246442e-01  9.91564793454531059e-03  1.90726009747810354e+00
 1.02949999999999582e-06  4.95788242859248829e-01  9.91564793546030263e-03  1.90726097844884102e+00
 1.03049999999999589e-06  4.95788242859251160e-01  9.91564793637146440e-03  1.90726185065348064e+00
 1.03149999999999597e-06  4.95788242859253547e-01  9.91564793668165377e-03  1.90726271417924864e+00
 1.03249999999999604e-06  4.95788242859255990e-01  9.91564793667374864e-03  1.90726356911250461e+00
 1.03349999999999612e-06  4.95788242859258377e-01  9.91564793681127231e-03  1.90726441553874815e+00
 1.03449999999999619e-06  4.95788242859260708e-01  9.91564793712314783e-03  1.90726525354262866e+00
 1.03549999999999627e-06  4.95788242859263040e-01  9.91564793778275215e-03  1.90726608320795243e+00
 1.03649999999999634e-06  4.95788242859265371e-01  9.91564793826961270e-03  1.90726690461769244e+00
 1.03749999999999642e-06  4.95788242859267703e-01  9.91564793839944808e-03  1.90726771785399563e+00
 1.03849999999999649e-06  4.95788242859270090e-01  9.91564793835306504e-03  1.90726852299819205e+00
 1.03949999999999657e-06  4.95788242859272366e-01  9.91564793840994836e-03  1.90726932013080197e+00
 1.04049999999999664e-06  4.95788242859274753e-01  9.91564793885259775e-03  1.90727010933154495e+00
 1.04149999999999672e-06  4.95788242859277084e-01  9.91564793970589435e-03  1.90727089067934696e+00
 1.04249999999999679e-06  4.95788242859279416e-01  9.91564794064773297e-03  1.90727166425234862e+00
 1.04349999999999687e-06  4.95788242859281747e-01  9.91564794116492169e-03  1.90727243012791292e+00
 1.04449999999999695e-06  4.95788242859284134e-01  9.91564794096471552e-03  1.90727318838263393e+00
 1.04549999999999702e-06  4.95788242859286465e-01  9.91564794065166559e-03  1.90727393909234211e+00
 1.04649999999999710e-06  4.95788242859288797e-01  9.91564794070620703e-03  1.90727468233211384e+00
 1.04749999999999717e-06  4.95788242859291184e-01  9.91564794125741715e-03  1.90727541817627944e+00
 1.04849999999999725e-06  4.95788242859293515e-01  9.91564794214937033e-03  1.90727614669842871e+00
 1.04949999999999732e-06  4.95788242859295847e-01  9.91564794286802290e-03  1.90727686797141938e+00
 1.05049999999999740e-06  4.95788242859298178e-01  9.91564794289912649e-03  1.90727758206738351e+00
 1.05149999999999747e-06  4.95788242859300565e-01  9.91564794267603931e-03  1.90727828905773666e+00
 1.05249999999999755e-06  4.95788242859302952e-01  9.91564794281835776e-03  1.90727898901318316e+00
 1.05349999999999762e-06  4.95788242859305284e-01  9.91564794321978318e-03  1.90727968200372389e+00
 1.05449999999999770e-06  4.95788242859307615e-01  9.91564794349916387e-03  1.90728036809866319e+00
 1.05549999999999777e-06  4.95788242859309947e-01  9.91564794354477495e-03  1.90728104736661552e+00
 1.05649999999999785e-06  4.95788242859312334e-01  9.91564794386449143e-03  1.90728171987551298e+00
 1.05749999999999792e-06  4.95788242859314665e-01  9.91564794459086699e-03  1.90728238569261110e+00
 1.05849999999999800e-06  4.95788242859317052e-01  9.91564794502709616e-03  1.90728304488449751e+00
 1.05949999999999807e-06  4.95788242859319439e-01  9.91564794496015839e-03  1.90728369751709592e+00
 1.06049999999999815e-06  4.95788242859321771e-01  9.91564794463448314e-03  1.90728434365567434e+00
 1.06149999999999822e-06  4.95788242859324102e-01  9.91564794459022167e-03  1.90728498336485153e+00
 1.06249999999999830e-06  4.95788242859326433e-01  9.91564794515668521e-03  1.90728561670860319e+00
 1.06349999999999837e-06  4.95788242859328765e-01  9.91564794620274428e-03  1.90728624375026845e+00
 1.06449999999999845e-06  4.95788242859331152e-01  9.91564794701929250e-03  1.90728686455255669e+00
 1.06549999999999852e-06  4.95788242859333483e-01  9.91564794747236931e-03  1.90728747917755248e+00
 1.06649999999999860e-06  4.95788242859335815e-01  9.91564794759121522e-03  1.90728808768672309e+00
 1.06749999999999867e-06  4.95788242859338202e-01  9.91564794756042735e-03  1.90728869014092384e+00
 1.06849999999999875e-06  4.95788242859340644e-01  9.91564794764163322e-03  1.90728928660040498e+00
 1.06949999999999882e-06  4.95788242859343031e-01  9.91564794790798787e-03  1.90728987712481657e+00
 1.07049999999999890e-06  4.95788242859345363e-01  9.91564794824077202e-03  1.90729046177321582e+00
 1.07149999999999897e-06  4.95788242859347694e-01  9.91564794850534337e-03  1.90729104060407151e+00
 1.07249999999999905e-06  4.95788242859350026e-01  9.91564794875298555e-03  1.90729161367527200e+00
 1.07349999999999912e-06  4.95788242859352357e-01  9.91564794888917175e-03  1.90729218104412790e+00
 1.07449999999999920e-06  4.95788242859354744e-01  9.91564794891428361e-03  1.90729274276738048e+00
 1.07549999999999927e-06  4.95788242859357020e-01  9.91564794912437771e-03  1.90729329890120636e+00
 1.07649999999999935e-06  4.95788242859359296e-01  9.91564794955702121e-03  1.90729384950122349e+00
 1.07749999999999942e-06  4.95788242859361683e-01  9.91564795020843416e-03  1.90729439462249584e+00
 1.07849999999999950e-06  4.95788242859364015e-01  9.91564795049801675e-03  1.90729493431954000e+00
 1.07949999999999957e-06  4.95788242859366346e-01  9.91564795056684711e-03  1.90729546864632926e+00
 1.08049999999999965e-06  4.95788242859368733e-01  9.91564795079817596e-03  1.90729599765630042e+00
 1.08149999999999973e-06  4.95788242859371009e-01  9.91564795106068125e-03  1.90729652140235850e+00
 1.08249999999999980e-06  4.95788242859373396e-01  9.91564795120343685e-03  1.90729703993688182e+00
 1.08349999999999988e-06  4.95788242859375727e-01  9.91564795144042957e-03  1.90729755331172801e+00
 1.08449999999999995e-06  4.95788242859378114e-01  9.91564795169080741e-03  1.90729806157823889e+00
 1.08550000000000003e-06  4.95788242859380501e-01  9.91564795173782189e-03  1.90729856478724424e+00
 1.08650000000000010e-06  4.95788242859382833e-01  9.91564795158009389e-03  1.90729906298906915e+00
 1.08750000000000018e-06  4.95788242859385220e-01  9.91564795157157466e-03  1.90729955623353731e+00
 1.08850000000000025e-06  4.95788242859387607e-01  9.91564795201696145e-03  1.90730004456997659e+00
 1.08950000000000033e-06  4.95788242859389938e-01  9.91564795252825905e-03  1.90730052804722527e+00
 1.09050000000000040e-06  4.95788242859392325e-01  9.91564795277420120e-03  1.90730100671363378e+00
 1.09150000000000048e-06  4.95788242859394768e-01  9.91564795260565721e-03  1.90730148061707250e+00
 1.09250000000000055e-06  4.95788242859397155e-01  9.91564795247149890e-03  1.90730194980493595e+00
 1.09350000000000063e-06  4.95788242859399486e-01  9.91564795270487818e-03  1.90730241432414593e+00
 1.09450000000000070e-06  4.95788242859401818e-01  9.91564795329926731e-03  1.90730287422115841e+00
 1.09550000000000078e-06  4.95788242859404149e-01  9.91564795382663018e-03  1.90730332954196613e+00
 1.09650000000000085e-06  4.95788242859406481e-01  9.91564795407693864e-03  1.90730378033210468e+00
 1.09750000000000093e-06  4.95788242859408868e-01  9.91564795406466373e-03  1.90730422663665666e+00
 1.09850000000000100e-06  4.95788242859411143e-01  9.91564795412239533e-03  1.90730466850025526e+00
 1.09950000000000108e-06  4.95788242859413530e-01  9.91564795428117630e-03  1.90730510596709113e+00
 1.10050000000000115e-06  4.95788242859415862e-01  9.91564795470160389e-03  1.90730553908091349e+00
 1.10150000000000123e-06  4.95788242859418193e-01  9.91564795520108108e-03  1.90730596788503726e+00
 1.10250000000000130e-06  4.95788242859420525e-01  9.91564795532353868e-03  1.90730639242234634e+00
 1.10350000000000138e-06  4.95788242859422912e-01  9.91564795512624685e-03  1.90730681273529701e+00
 1.10450000000000145e-06  4.95788242859425243e-01  9.91564795506011919e-03  1.90730722886592430e+00
 1.10550000000000153e-06  4.95788242859427575e-01  9.91564795536984886e-03  1.90730764085584492e+00
 1.10650000000000160e-06  4.95788242859429962e-01  9.91564795596634740e-03  1.90730804874625970e+00
 1.10750000000000168e-06  4.95788242859432293e-01  9.91564795632641008e-03  1.90730845257796133e+00
 1.10850000000000175e-06  4.95788242859434625e-01  9.91564795620079702e-03  1.90730885239133641e+00
 1.10950000000000183e-06  4.95788242859436956e-01  9.91564795580186266e-03  1.90730924822636938e+00
 1.11050000000000190e-06  4.95788242859439343e-01  9.91564795589363647e-03  1.90730964012264614e+00
 1.11150000000000198e-06  4.95788242859441730e-01  9.91564795667750597e-03  1.90731002811935935e+00
 1.11250000000000205e-06  4.95788242859444062e-01  9.91564795743718128e-03  1.90731041225531173e+00
 1.11350000000000213e-06  4.95788242859446449e-01  9.91564795757048437e-03  1.90731079256891967e+00
 1.11450000000000220e-06  4.95788242859448891e-01  9.91564795717233584e-03  1.90731116909821785e+00
 1.11550000000000228e-06  4.95788242859451278e-01  9.91564795663433564e-03  1.90731154188086127e+00
 1.11650000000000235e-06  4.95788242859453610e-01  9.91564795647253104e-03  1.90731191095413166e+00
 1.11750000000000243e-06  4.95788242859455941e-01  9.91564795723601580e-03  1.90731227635493905e+00
 1.11850000000000250e-06  4.95788242859458272e-01  9.91564795828421032e-03  1.90731263811982621e+00
 1.11950000000000258e-06  4.95788242859460604e-01  9.91564795874516278e-03  1.90731299628497197e+00
 1.12050000000000266e-06  4.95788242859462991e-01  9.91564795826357405e-03  1.90731335088619591e+00
 1.12150000000000273e-06  4.95788242859465267e-01  9.91564795772870676e-03  1.90731370195896099e+00
 1.12250000000000281e-06  4.95788242859467654e-01  9.91564795753069848e-03  1.90731404953837669e+00
 1.12350000000000288e-06  4.95788242859469985e-01  9.91564795786709433e-03  1.90731439365920385e+00
 1.12450000000000296e-06  4.95788242859472317e-01  9.91564795842846299e-03  1.90731473435585719e+00
 1.12550000000000303e-06  4.95788242859474648e-01  9.91564795883031515e-03  1.90731507166240899e+00
 1.12650000000000311e-06  4.95788242859477035e-01  9.91564795877583095e-03  1.90731540561259227e+00
 1.12750000000000318e-06  4.95788242859479367e-01  9.91564795865979530e-03  1.90731573623980455e+00
 1.12850000000000326e-06  4.95788242859481698e-01  9.91564795881179871e-03  1.90731606357711114e+00
 1.12950000000000333e-06  4.95788242859484030e-01  9.91564795918417619e-03  1.90731638765724854e+00
 1.13050000000000341e-06  4.95788242859486417e-01  9.91564795955611998e-03  1.90731670851262658e+00
 1.13150000000000348e-06  4.95788242859488748e-01  9.91564795962053720e-03  1.90731702617533383e+00
 1.13250000000000356e-06  4.95788242859491080e-01  9.91564795934631385e-03  1.90731734067713843e+00
 1.13350000000000363e-06  4.95788242859493467e-01  9.91564795919280470e-03  1.90731765204949322e+00
 1.13450000000000371e-06  4.95788242859495853e-01  9.91564795947339275e-03  1.90731796032353818e+00
 1.13550000000000378e-06  4.95788242859498185e-01  9.91564796009409763e-03  1.90731826553010286e+00
 1.13650000000000386e-06  4.95788242859500516e-01  9.91564796038299848e-03  1.90731856769970953e+00
 1.13750000000000393e-06  4.95788242859502848e-01  9.91564796009537265e-03  1.90731886686257779e+00
 1.13850000000000401e-06  4.95788242859505235e-01  9.91564795979492548e-03  1.90731916304862681e+00
 1.13950000000000408e-06  4.95788242859507566e-01  9.91564796003821178e-03  1.90731945628747690e+00
 1.14050000000000416e-06  4.95788242859509953e-01  9.91564796062667161e-03  1.90731974660845394e+00
 1.14150000000000423e-06  4.95788242859512340e-01  9.91564796097672493e-03  1.90732003404059225e+00
 1.14250000000000431e-06  4.95788242859514672e-01  9.91564796096295817e-03  1.90732031861263751e+00
 1.14350000000000438e-06  4.95788242859517003e-01  9.91564796058051930e-03  1.90732060035304896e+00
 1.14450000000000446e-06  4.95788242859519335e-01  9.91564796026927174e-03  1.90732087929000316e+00
 1.14550000000000453e-06  4.95788242859521666e-01  9.91564796053115947e-03  1.90732115545139536e+00
 1.14650000000000461e-06  4.95788242859524053e-01  9.91564796118763261e-03  1.90732142886484413e+00
 1.14750000000000468e-06  4.95788242859526385e-01  9.91564796188252467e-03  1.90732169955769248e+00
 1.14850000000000476e-06  4.95788242859528716e-01  9.91564796207047849e-03  1.90732196755701189e+00
 1.14950000000000483e-06  4.95788242859531103e-01  9.91564796168404976e-03  1.90732223288960445e+00
 1.15050000000000491e-06  4.95788242859533546e-01  9.91564796118889896e-03  1.90732249558200539e+00
 1.15150000000000498e-06  4.95788242859535933e-01  9.91564796132714948e-03  1.90732275566048570e+00
 1.15250000000000506e-06  4.95788242859538264e-01  9.91564796199444903e-03  1.90732301315105568e+00
 1.15350000000000513e-06  4.95788242859540595e-01  9.91564796226555856e-03  1.90732326807946628e+00
 1.15450000000000521e-06  4.95788242859542927e-01  9.91564796218089017e-03  1.90732352047121179e+00
 1.15550000000000528e-06  4.95788242859545258e-01  9.91564796204010175e-03  1.90732377035153355e+00
 1.15650000000000536e-06  4.95788242859547645e-01  9.91564796231345601e-03  1.90732401774542115e+00
 1.15750000000000543e-06  4.95788242859549921e-01  9.91564796276590832e-03  1.90732426267761634e+00
 1.15850000000000551e-06  4.95788242859552197e-01  9.91564796293279739e-03  1.90732450517261420e+00
 1.15950000000000559e-06  4.95788242859554584e-01  9.91564796268112544e-03  1.90732474525466600e+00
 1.16050000000000566e-06  4.95788242859556916e-01  9.91564796232640919e-03  1.90732498294778141e+00
 1.16150000000000574e-06  4.95788242859559247e-01  9.91564796221621608e-03  1.90732521827573187e+00
 1.16250000000000581e-06  4.95788242859561634e-01  9.91564796256868761e-03  1.90732545126205189e+00
 1.16350000000000589e-06  4.95788242859563910e-01  9.91564796313211538e-03  1.90732568193004148e+00
 1.16450000000000596e-06  4.95788242859566297e-01  9.91564796338314895e-03  1.90732591030276977e+00
 1.16550000000000604e-06  4.95788242859568629e-01  9.91564796324195807e-03  1.90732613640307580e+00
 1.16650000000000611e-06  4.95788242859571016e-01  9.91564796323497928e-03  1.90732636025357061e+00
 1.16750000000000619e-06  4.95788242859573403e-01  9.91564796351754665e-03  1.90732658187664139e+00
 1.16850000000000626e-06  4.95788242859575734e-01  9.91564796395064812e-03  1.90732680129445198e+00
 1.16950000000000634e-06  4.95788242859578121e-01  9.91564796414235589e-03  1.90732701852894593e+00
 1.17050000000000641e-06  4.95788242859580508e-01  9.91564796382595273e-03  1.90732723360184830e+00
 1.17150000000000649e-06  4.95788242859582839e-01  9.91564796342305106e-03  1.90732744653466813e+00
 1.17250000000000656e-06  4.95788242859585226e-01  9.91564796334964103e-03  1.90732765734869991e+00
 1.17350000000000664e-06  4.95788242859587669e-01  9.91564796380751089e-03  1.90732786606502747e+00
 1.17450000000000671e-06  4.95788242859590056e-01  9.91564796443041539e-03  1.90732807270452320e+00
 1.17550000000000679e-06  4.95788242859592387e-01  9.91564796466161066e-03  1.90732827728785304e+00
 1.17650000000000686e-06  4.95788242859594719e-01  9.91564796434059662e-03  1.90732847983547638e+00
 1.17750000000000694e-06  4.95788242859597050e-01  9.91564796380043668e-03  1.90732868036764969e+00
 1.17850000000000701e-06  4.95788242859599382e-01  9.91564796376567456e-03  1.90732887890442804e+00
 1.17950000000000709e-06  4.95788242859601769e-01  9.91564796435465828e-03  1.90732907546566643e+00
 1.18050000000000716e-06  4.95788242859604045e-01  9.91564796508675496e-03  1.90732927007102249e+00
 1.18150000000000724e-06  4.95788242859606432e-01  9.91564796529129273e-03  1.90732946273995818e+00
 1.18250000000000731e-06  4.95788242859608763e-01  9.91564796473687858e-03  1.90732965349174211e+00
 1.18350000000000739e-06  4.95788242859611095e-01  9.91564796432693393e-03  1.90732984234545033e+00
 1.18450000000000746e-06  4.95788242859613426e-01  9.91564796448150300e-03  1.90733002931996998e+00
 1.18550000000000754e-06  4.95788242859615813e-01  9.91564796524081055e-03  1.90733021443399986e+00
 1.18650000000000761e-06  4.95788242859618145e-01  9.91564796580146450e-03  1.90733039770605317e+00
 1.18750000000000769e-06  4.95788242859620476e-01  9.91564796580892902e-03  1.90733057915445792e+00
 1.18850000000000776e-06  4.95788242859622863e-01  9.91564796524363815e-03  1.90733075879736025e+00
 1.18950000000000784e-06  4.95788242859625194e-01  9.91564796485837167e-03  1.90733093665272646e+00
 1.19050000000000791e-06  4.95788242859627526e-01  9.91564796503459876e-03  1.90733111273834322e+00
 1.19150000000000799e-06  4.95788242859629857e-01  9.91564796573612614e-03  1.90733128707181998e+00
 1.19250000000000806e-06  4.95788242859632244e-01  9.91564796637309405e-03  1.90733145967059148e+00
 1.19350000000000814e-06  4.95788242859634631e-01  9.91564796646617758e-03  1.90733163055191945e+00
 1.19450000000000821e-06  4.95788242859636963e-01  9.91564796597740536e-03  1.90733179973289291e+00
 1.19550000000000829e-06  4.95788242859639350e-01  9.91564796569043699e-03  1.90733196723043119e+00
 1.19650000000000836e-06  4.95788242859641792e-01  9.91564796594110974e-03  1.90733213306128513e+00
 1.19750000000000844e-06  4.95788242859644179e-01  9.91564796647662755e-03  1.90733229724203945e+00
 1.19850000000000852e-06  4.95788242859646511e-01  9.91564796673059801e-03  1.90733245978911348e+00
 1.19950000000000859e-06  4.95788242859648842e-01  9.91564796647198370e-03  1.90733262071876331e+00
 1.20050000000000867e-06  4.95788242859651174e-01  9.91564796602971768e-03  1.90733278004708251e+00
 1.20150000000000874e-06  4.95788242859653505e-01  9.91564796572221192e-03  1.90733293779000546e+00
 1.20250000000000882e-06  4.95788242859655892e-01  9.91564796581379318e-03  1.90733309396330775e+00
 1.20350000000000889e-06  4.95788242859658168e-01  9.91564796624713751e-03  1.90733324858260778e+00
 1.20450000000000897e-06  4.95788242859660555e-01  9.91564796680212239e-03  1.90733340166336873e+00
 1.20550000000000904e-06  4.95788242859662887e-01  9.91564796713973601e-03  1.90733355322089970e+00
 1.20650000000000912e-06  4.95788242859665218e-01  9.91564796703628577e-03  1.90733370327035789e+00
 1.20750000000000919e-06  4.95788242859667549e-01  9.91564796668214371e-03  1.90733385182674908e+00
 1.20850000000000927e-06  4.95788242859669936e-01  9.91564796640185576e-03  1.90733399890493005e+00
 1.20950000000000934e-06  4.95788242859672268e-01  9.91564796667592820e-03  1.90733414451960970e+00
 1.21050000000000942e-06  4.95788242859674599e-01  9.91564796719118270e-03  1.90733428868535082e+00
 1.21150000000000949e-06  4.95788242859676931e-01  9.91564796752443522e-03  1.90733443141657077e+00
 1.21250000000000957e-06  4.95788242859679318e-01  9.91564796732026174e-03  1.90733457272754370e+00
 1.21350000000000964e-06  4.95788242859681649e-01  9.91564796693278870e-03  1.90733471263240228e+00
 1.21450000000000972e-06  4.95788242859683981e-01  9.91564796669767989e-03  1.90733485114513779e+00
 1.21550000000000979e-06  4.95788242859686368e-01  9.91564796684740214e-03  1.90733498827960202e+00
 1.21650000000000987e-06  4.95788242859688755e-01  9.91564796727580772e-03  1.90733512404950978e+00
 1.21750000000000994e-06  4.95788242859691086e-01  9.91564796771681432e-03  1.90733525846843932e+00
 1.21850000000001002e-06  4.95788242859693418e-01  9.91564796783370346e-03  1.90733539154983345e+00
 1.21950000000001009e-06  4.95788242859695749e-01  9.91564796762245751e-03  1.90733552330700129e+00
 1.22050000000001017e-06  4.95788242859698136e-01  9.91564796727085335e-03  1.90733565375312009e+00
 1.22150000000001024e-06  4.95788242859700468e-01  9.91564796727554577e-03  1.90733578290123496e+00
 1.22250000000001032e-06  4.95788242859702855e-01  9.91564796753820026e-03  1.90733591076426134e+00
 1.22350000000001039e-06  4.95788242859705242e-01  9.91564796782561618e-03  1.90733603735498702e+00
 1.22450000000001047e-06  4.95788242859707573e-01  9.91564796779575812e-03  1.90733616268607209e+00
 1.22550000000001054e-06  4.95788242859709904e-01  9.91564796779958839e-03  1.90733628677005007e+00
 1.22650000000001062e-06  4.95788242859712236e-01  9.91564796787634296e-03  1.90733640961933082e+00
 1.22750000000001069e-06  4.95788242859714567e-01  9.91564796801367929e-03  1.90733653124619962e+00
 1.22850000000001077e-06  4.95788242859716954e-01  9.91564796801861631e-03  1.90733665166282074e+00
 1.22950000000001084e-06  4.95788242859719286e-01  9.91564796781764686e-03  1.90733677088123588e+00
 1.23050000000001092e-06  4.95788242859721617e-01  9.91564796774364009e-03  1.90733688891336861e+00
 1.23150000000001099e-06  4.95788242859724004e-01  9.91564796805995650e-03  1.90733700577102239e+00
 1.23250000000001107e-06  4.95788242859726447e-01  9.91564796827953780e-03  1.90733712146588430e+00
 1.23350000000001114e-06  4.95788242859728834e-01  9.91564796825201815e-03  1.90733723600952509e+00
 1.23450000000001122e-06  4.95788242859731165e-01  9.91564796820330191e-03  1.90733734941339916e+00
 1.23550000000001129e-06  4.95788242859733497e-01  9.91564796825805672e-03  1.90733746168884810e+00
 1.23650000000001137e-06  4.95788242859735828e-01  9.91564796850831140e-03  1.90733757284710004e+00
 1.23750000000001145e-06  4.95788242859738160e-01  9.91564796877836795e-03  1.90733768289927230e+00
 1.23850000000001152e-06  4.95788242859740547e-01  9.91564796885445639e-03  1.90733779185637053e+00
 1.23950000000001160e-06  4.95788242859742823e-01  9.91564796869986130e-03  1.90733789972929157e+00
 1.24050000000001167e-06  4.95788242859745099e-01  9.91564796876101551e-03  1.90733800652882324e+00
 1.24150000000001175e-06  4.95788242859747486e-01  9.91564796902236721e-03  1.90733811226564587e+00
 1.24250000000001182e-06  4.95788242859749817e-01  9.91564796900393404e-03  1.90733821695033434e+00
 1.24350000000001190e-06  4.95788242859752148e-01  9.91564796876751552e-03  1.90733832059335828e+00
 1.24450000000001197e-06  4.95788242859754535e-01  9.91564796870306533e-03  1.90733842320508229e+00
 1.24550000000001205e-06  4.95788242859756811e-01  9.91564796875104085e-03  1.90733852479576838e+00
 1.24650000000001212e-06  4.95788242859759198e-01  9.91564796887343079e-03  1.90733862537557664e+00
 1.24750000000001220e-06  4.95788242859761530e-01  9.91564796894215533e-03  1.90733872495456591e+00
 1.24850000000001227e-06  4.95788242859763917e-01  9.91564796890574522e-03  1.90733882354269424e+00
 1.24950000000001235e-06  4.95788242859766304e-01  9.91564796896546481e-03  1.90733892114982173e+00
 1.25050000000001242e-06  4.95788242859768635e-01  9.91564796902652361e-03  1.90733901778570947e+00
 1.25150000000001250e-06  4.95788242859771022e-01  9.91564796892572056e-03  1.90733911346002150e+00
 1.25250000000001257e-06  4.95788242859773409e-01  9.91564796901550118e-03  1.90733920818232683e+00
 1.25350000000001265e-06  4.95788242859775741e-01  9.91564796911575952e-03  1.90733930196209811e+00
 1.25450000000001272e-06  4.95788242859778128e-01  9.91564796927215004e-03  1.90733939480871384e+00
 1.25550000000001280e-06  4.95788242859780570e-01  9.91564796925180868e-03  1.90733948673145948e+00
 1.25650000000001287e-06  4.95788242859782957e-01  9.91564796907337502e-03  1.90733957773952789e+00
 1.25750000000001295e-06  4.95788242859785289e-01  9.91564796900139787e-03  1.90733966784202047e+00
 1.25850000000001302e-06  4.95788242859787620e-01  9.91564796886708864e-03  1.90733975704794867e+00
 1.25950000000001310e-06  4.95788242859789952e-01  9.91564796895992411e-03  1.90733984536623313e+00
 1.26050000000001317e-06  4.95788242859792283e-01  9.91564796926308611e-03  1.90733993280570657e+00
 1.26150000000001325e-06  4.95788242859794670e-01  9.91564796960703668e-03  1.90734001937511333e+00
 1.26250000000001332e-06  4.95788242859796946e-01  9.91564796982772646e-03  1.90734010508311136e+00
 1.26350000000001340e-06  4.95788242859799333e-01  9.91564796965972890e-03  1.90734018993827226e+00
 1.26450000000001347e-06  4.95788242859801664e-01  9.91564796933066574e-03  1.90734027394908212e+00
 1.26550000000001355e-06  4.95788242859803996e-01  9.91564796900868024e-03  1.90734035712394245e+00
 1.26650000000001362e-06  4.95788242859806327e-01  9.91564796909911138e-03  1.90734043947117171e+00
 1.26750000000001370e-06  4.95788242859808714e-01  9.91564796948968957e-03  1.90734052099900486e+00
 1.26850000000001377e-06  4.95788242859811046e-01  9.91564796990403695e-03  1.90734060171559539e+00
 1.26950000000001385e-06  4.95788242859813377e-01  9.91564796992197919e-03  1.90734068162901571e+00
 1.27050000000001392e-06  4.95788242859815764e-01  9.91564796987472880e-03  1.90734076074725745e+00
 1.27150000000001400e-06  4.95788242859818096e-01  9.91564796981994623e-03  1.90734083907823293e+00
 1.27250000000001407e-06  4.95788242859820427e-01  9.91564796975249498e-03  1.90734091662977634e+00
 1.27350000000001415e-06  4.95788242859822759e-01  9.91564796972810997e-03  1.90734099340964303e+00
 1.27450000000001422e-06  4.95788242859825146e-01  9.91564796994098135e-03  1.90734106942551196e+00
 1.27550000000001430e-06  4.95788242859827533e-01  9.91564796999064996e-03  1.90734114468498483e+00
 1.27650000000001438e-06  4.95788242859829864e-01  9.91564796982914547e-03  1.90734121919558852e+00
 1.27750000000001445e-06  4.95788242859832196e-01  9.91564796978881835e-03  1.90734129296477462e+00
 1.27850000000001453e-06  4.95788242859834527e-01  9.91564797010789645e-03  1.90734136599992077e+00
 1.27950000000001460e-06  4.95788242859836914e-01  9.91564797049660461e-03  1.90734143830833092e+00
 1.28050000000001468e-06  4.95788242859839245e-01  9.91564797038056549e-03  1.90734150989723616e+00
 1.28150000000001475e-06  4.95788242859841632e-01  9.91564796991211729e-03  1.90734158077379568e+00
 1.28250000000001483e-06  4.95788242859844019e-01  9.91564796930259444e-03  1.90734165094509844e+00
 1.28350000000001490e-06  4.95788242859846351e-01  9.91564796928672519e-03  1.90734172041816130e+00
 1.28450000000001498e-06  4.95788242859848682e-01  9.91564796975767659e-03  1.90734178919993247e+00
 1.28550000000001505e-06  4.95788242859851014e-01  9.91564797038608364e-03  1.90734185729729133e+00
 1.28650000000001513e-06  4.95788242859853401e-01  9.91564797077795594e-03  1.90734192471704711e+00
 1.28750000000001520e-06  4.95788242859855732e-01  9.91564797061020471e-03  1.90734199146594263e+00
 1.28850000000001528e-06  4.95788242859858064e-01  9.91564797010252401e-03  1.90734205755065367e+00
 1.28950000000001535e-06  4.95788242859860395e-01  9.91564796988072747e-03  1.90734212297778893e+00
 1.29050000000001543e-06  4.95788242859862782e-01  9.91564796986663978e-03  1.90734218775389142e+00
 1.29150000000001550e-06  4.95788242859865225e-01  9.91564797019780717e-03  1.90734225188543904e+00
 1.29250000000001558e-06  4.95788242859867612e-01  9.91564797058085666e-03  1.90734231537884602e+00
 1.29350000000001565e-06  4.95788242859869943e-01  9.91564797073060146e-03  1.90734237824046193e+00
 1.29450000000001573e-06  4.95788242859872275e-01  9.91564797046422079e-03  1.90734244047657331e+00
 1.29550000000001580e-06  4.95788242859874606e-01  9.91564797017477177e-03  1.90734250209340428e+00
 1.29650000000001588e-06  4.95788242859876938e-01  9.91564797024647136e-03  1.90734256309711725e+00
 1.29750000000001595e-06  4.95788242859879325e-01  9.91564797054219835e-03  1.90734262349381267e+00
 1.29850000000001603e-06  4.95788242859881600e-01  9.91564797085313018e-03  1.90734268328953083e+00
 1.29950000000001610e-06  4.95788242859883876e-01  9.91564797089903964e-03  1.90734274249025226e+00
 1.30050000000001618e-06  4.95788242859886263e-01  9.91564797069123018e-03  1.90734280110189669e+00
 1.30150000000001625e-06  4.95788242859888595e-01  9.91564797036618116e-03  1.90734285913032586e+00
 1.30250000000001633e-06  4.95788242859890926e-01  9.91564797006793362e-03  1.90734291658134336e+00
 1.30350000000001640e-06  4.95788242859893313e-01  9.91564796994543612e-03  1.90734297346069481e+00
 1.30450000000001648e-06  4.95788242859895589e-01  9.91564796997371038e-03  1.90734302977406811e+00
 1.30550000000001655e-06  4.95788242859897976e-01  9.91564797006413631e-03  1.90734308552709542e+00
 1.30650000000001663e-06  4.95788242859900308e-01  9.91564797013963495e-03  1.90734314072535183e+00
 1.30750000000001670e-06  4.95788242859902695e-01  9.91564797021033360e-03  1.90734319537435826e+00
 1.30850000000001678e-06  4.95788242859905082e-01  9.91564797031439966e-03  1.90734324947957989e+00
 1.30950000000001685e-06  4.95788242859907413e-01  9.91564797053466097e-03  1.90734330304642774e+00
 1.31050000000001693e-06  4.95788242859909800e-01  9.91564797084499953e-03  1.90734335608025862e+00
 1.31150000000001700e-06  4.95788242859912187e-01  9.91564797114100754e-03  1.90734340858637652e+00
 1.31250000000001708e-06  4.95788242859914519e-01  9.91564797120337953e-03  1.90734346057003235e+00
 1.31350000000001715e-06  4.95788242859916906e-01  9.91564797090884603e-03  1.90734351203642483e+00
 1.31450000000001723e-06  4.95788242859919348e-01  9.91564797048890938e-03  1.90734356299070118e+00
 1.31550000000001731e-06  4.95788242859921735e-01  9.91564797016471385e-03  1.90734361343795666e+00
 1.31650000000001738e-06  4.95788242859924067e-01  9.91564797019687215e-03  1.90734366338323702e+00
 1.31750000000001746e-06  4.95788242859926398e-01  9.91564797055050767e-03  1.90734371283153714e+00
 1.31850000000001753e-06  4.95788242859928729e-01  9.91564797101468845e-03  1.90734376178780152e+00
 1.31950000000001761e-06  4.95788242859931061e-01  9.91564797120722541e-03  1.90734381025692667e+00
 1.32050000000001768e-06  4.95788242859933448e-01  9.91564797096373442e-03  1.90734385824376007e+00
 1.32150000000001776e-06  4.95788242859935724e-01  9.91564797056397086e-03  1.90734390575310075e+00
 1.32250000000001783e-06  4.95788242859938000e-01  9.91564797040745544e-03  1.90734395278969959e+00
 1.32350000000001791e-06  4.95788242859940387e-01  9.91564797090900563e-03  1.90734399935826127e+00
 1.32450000000001798e-06  4.95788242859942718e-01  9.91564797163643069e-03  1.90734404546344227e+00
 1.32550000000001806e-06  4.95788242859945050e-01  9.91564797173522493e-03  1.90734409110985359e+00
 1.32650000000001813e-06  4.95788242859947437e-01  9.91564797122066605e-03  1.90734413630206046e+00
 1.32750000000001821e-06  4.95788242859949713e-01  9.91564797058535306e-03  1.90734418104458214e+00
 1.32850000000001828e-06  4.95788242859952100e-01  9.91564797040661410e-03  1.90734422534189396e+00
 1.32950000000001836e-06  4.95788242859954431e-01  9.91564797059577702e-03  1.90734426919842526e+00
 1.33050000000001843e-06  4.95788242859956818e-01  9.91564797103898672e-03  1.90734431261856208e+00
 1.33150000000001851e-06  4.95788242859959205e-01  9.91564797152717260e-03  1.90734435560664717e+00
 1.33250000000001858e-06  4.95788242859961537e-01  9.91564797192470183e-03  1.90734439816697932e+00
 1.33350000000001866e-06  4.95788242859963924e-01  9.91564797192439479e-03  1.90734444030381445e+00
 1.33450000000001873e-06  4.95788242859966310e-01  9.91564797162633287e-03  1.90734448202136675e+00
 1.33550000000001881e-06  4.95788242859968642e-01  9.91564797120675530e-03  1.90734452332380910e+00
 1.33650000000001888e-06  4.95788242859971029e-01  9.91564797092035939e-03  1.90734456421527176e+00
 1.33750000000001896e-06  4.95788242859973471e-01  9.91564797091964122e-03  1.90734460469984413e+00
 1.33850000000001903e-06  4.95788242859975858e-01  9.91564797107640991e-03  1.90734464478157428e+00
 1.33950000000001911e-06  4.95788242859978190e-01  9.91564797144257881e-03  1.90734468446447103e+00
 1.34050000000001918e-06  4.95788242859980521e-01  9.91564797181905544e-03  1.90734472375250319e+00
 1.34150000000001926e-06  4.95788242859982853e-01  9.91564797172372892e-03  1.90734476264960007e+00
 1.34250000000001933e-06  4.95788242859985184e-01  9.91564797116589909e-03  1.90734480115965166e+00
 1.34350000000001941e-06  4.95788242859987571e-01  9.91564797074729644e-03  1.90734483928650889e+00
 1.34450000000001948e-06  4.95788242859989847e-01  9.91564797088956805e-03  1.90734487703398448e+00
 1.34550000000001956e-06  4.95788242859992234e-01  9.91564797122113963e-03  1.90734491440585407e+00
 1.34650000000001963e-06  4.95788242859994566e-01  9.91564797145494045e-03  1.90734495140585492e+00
 1.34750000000001971e-06  4.95788242859996897e-01  9.91564797147138563e-03  1.90734498803768759e+00
 1.34850000000001978e-06  4.95788242859999229e-01  9.91564797141179961e-03  1.90734502430501496e+00
 1.34950000000001986e-06  4.95788242860001616e-01  9.91564797130493891e-03  1.90734506021146433e+00
 1.35050000000001993e-06  4.95788242860003947e-01  9.91564797131893119e-03  1.90734509576062661e+00
 1.35150000000002001e-06  4.95788242860006279e-01  9.91564797143962458e-03  1.90734513095605696e+00
 1.35250000000002008e-06  4.95788242860008666e-01  9.91564797192723973e-03  1.90734516580127522e+00
 1.35350000000002016e-06  4.95788242860010997e-01  9.91564797237814988e-03  1.90734520029976640e+00
 1.35450000000002024e-06  4.95788242860013328e-01  9.91564797222476563e-03  1.90734523445498061e+00
 1.35550000000002031e-06  4.95788242860015660e-01  9.91564797146394714e-03  1.90734526827033291e+00
 1.35650000000002039e-06  4.95788242860018047e-01  9.91564797090280226e-03  1.90734530174920569e+00
 1.35750000000002046e-06  4.95788242860020434e-01  9.91564797116637787e-03  1.90734533489494718e+00
 1.35850000000002054e-06  4.95788242860022765e-01  9.91564797203604333e-03  1.90734536771087182e+00
 1.35950000000002061e-06  4.95788242860025097e-01  9.91564797255816560e-03  1.90734540020026166e+00
 1.36050000000002069e-06  4.95788242860027428e-01  9.91564797220965272e-03  1.90734543236636589e+00
 1.36150000000002076e-06  4.95788242860029815e-01  9.91564797154606374e-03  1.90734546421240148e+00
 1.36250000000002084e-06  4.95788242860032147e-01  9.91564797116179994e-03  1.90734549574155299e+00
 1.36350000000002091e-06  4.95788242860034534e-01  9.91564797131474357e-03  1.90734552695697390e+00
 1.36450000000002099e-06  4.95788242860036921e-01  9.91564797162015898e-03  1.90734555786178550e+00
 1.36550000000002106e-06  4.95788242860039252e-01  9.91564797177239311e-03  1.90734558845907909e+00
 1.36650000000002114e-06  4.95788242860041584e-01  9.91564797177204270e-03  1.90734561875191400e+00
 1.36750000000002121e-06  4.95788242860043915e-01  9.91564797170730802e-03  1.90734564874332069e+00
 1.36850000000002129e-06  4.95788242860046302e-01  9.91564797179924143e-03  1.90734567843629743e+00
 1.36950000000002136e-06  4.95788242860048634e-01  9.91564797189025890e-03  1.90734570783381430e+00
 1.37050000000002144e-06  4.95788242860050965e-01  9.91564797176675006e-03  1.90734573693881093e+00
 1.37150000000002151e-06  4.95788242860053296e-01  9.91564797168250668e-03  1.90734576575419834e+00
 1.37250000000002159e-06  4.95788242860055683e-01  9.91564797189752219e-03  1.90734579428285866e+00
 1.37350000000002166e-06  4.95788242860058126e-01  9.91564797225480757e-03  1.90734582252764451e+00
 1.37450000000002174e-06  4.95788242860060513e-01  9.91564797238756769e-03  1.90734585049138072e+00
 1.37550000000002181e-06  4.95788242860062844e-01  9.91564797214056909e-03  1.90734587817686352e+00
 1.37650000000002189e-06  4.95788242860065176e-01  9.91564797148532934e-03  1.90734590558686223e+00
 1.37750000000002196e-06  4.95788242860067507e-01  9.91564797116385559e-03  1.90734593272411779e+00
 1.37850000000002204e-06  4.95788242860069839e-01  9.91564797148647946e-03  1.90734595959134401e+00
 1.37950000000002211e-06  4.95788242860072226e-01  9.91564797228375316e-03  1.90734598619122786e+00
 1.38050000000002219e-06  4.95788242860074502e-01  9.91564797276377197e-03  1.90734601252642966e+00
 1.38150000000002226e-06  4.95788242860076778e-01  9.91564797247889394e-03  1.90734603859958329e+00
 1.38250000000002234e-06  4.95788242860079165e-01  9.91564797176031250e-03  1.90734606441329579e+00
 1.38350000000002241e-06  4.95788242860081496e-01  9.91564797130129946e-03  1.90734608997014909e+00
 1.38450000000002249e-06  4.95788242860083828e-01  9.91564797139706314e-03  1.90734611527269915e+00
 1.38550000000002256e-06  4.95788242860086215e-01  9.91564797174072227e-03  1.90734614032347616e+00
 1.38650000000002264e-06  4.95788242860088491e-01  9.91564797202072745e-03  1.90734616512498523e+00
 1.38750000000002271e-06  4.95788242860090878e-01  9.91564797208948322e-03  1.90734618967970682e+00
 1.38850000000002279e-06  4.95788242860093209e-01  9.91564797209541077e-03  1.90734621399009652e+00
 1.38950000000002286e-06  4.95788242860095596e-01  9.91564797211368608e-03  1.90734623805858594e+00
 1.39050000000002294e-06  4.95788242860097983e-01  9.91564797219262987e-03  1.90734626188758205e+00
 1.39150000000002301e-06  4.95788242860100314e-01  9.91564797204648983e-03  1.90734628547946783e+00
 1.39250000000002309e-06  4.95788242860102701e-01  9.91564797164053158e-03  1.90734630883660272e+00
 1.39350000000002317e-06  4.95788242860105088e-01  9.91564797159265494e-03  1.90734633196132197e+00
 1.39450000000002324e-06  4.95788242860107420e-01  9.91564797195191618e-03  1.90734635485593884e+00
 1.39550000000002332e-06  4.95788242860109807e-01  9.91564797259127106e-03  1.90734637752274305e+00
 1.39650000000002339e-06  4.95788242860112249e-01  9.91564797298895816e-03  1.90734639996400102e+00
 1.39750000000002347e-06  4.95788242860114636e-01  9.91564797292037066e-03  1.90734642218195738e+00
 1.39850000000002354e-06  4.95788242860116968e-01  9.91564797247967977e-03  1.90734644417883414e+00
 1.39950000000002362e-06  4.95788242860119299e-01  9.91564797206171203e-03  1.90734646595683111e+00
 1.40050000000002369e-06  4.95788242860121631e-01  9.91564797198581267e-03  1.90734648751812585e+00
 1.40150000000002377e-06  4.95788242860123962e-01  9.91564797216833681e-03  1.90734650886487489e+00
 1.40250000000002384e-06  4.95788242860126349e-01  9.91564797257519191e-03  1.90734652999921295e+00
 1.40350000000002392e-06  4.95788242860128625e-01  9.91564797267056007e-03  1.90734655092325411e+00
 1.40450000000002399e-06  4.95788242860130901e-01  9.91564797241976242e-03  1.90734657163909049e+00
 1.40550000000002407e-06  4.95788242860133288e-01  9.91564797182002515e-03  1.90734659214879376e+00
 1.40650000000002414e-06  4.95788242860135620e-01  9.91564797142414737e-03  1.90734661245441561e+00
 1.40750000000002422e-06  4.95788242860137951e-01  9.91564797139460850e-03  1.90734663255798620e+00
 1.40850000000002429e-06  4.95788242860140338e-01  9.91564797183700636e-03  1.90734665246151636e+00
 1.40950000000002437e-06  4.95788242860142614e-01  9.91564797264750386e-03  1.90734667216699627e+00
 1.41050000000002444e-06  4.95788242860145001e-01  9.91564797316729120e-03  1.90734669167639703e+00
 1.41150000000002452e-06  4.95788242860147332e-01  9.91564797290572786e-03  1.90734671099166975e+00
 1.41250000000002459e-06  4.95788242860149719e-01  9.91564797213842497e-03  1.90734673011474531e+00
 1.41350000000002467e-06  4.95788242860152106e-01  9.91564797140694759e-03  1.90734674904753687e+00
 1.41450000000002474e-06  4.95788242860154438e-01  9.91564797132006397e-03  1.90734676779193779e+00
 1.41550000000002482e-06  4.95788242860156825e-01  9.91564797185887081e-03  1.90734678634982302e+00
 1.41650000000002489e-06  4.95788242860159212e-01  9.91564797253329487e-03  1.90734680472304796e+00
 1.41750000000002497e-06  4.95788242860161543e-01  9.91564797274219895e-03  1.90734682291345004e+00
 1.41850000000002504e-06  4.95788242860163930e-01  9.91564797235403549e-03  1.90734684092284823e+00
 1.41950000000002512e-06  4.95788242860166373e-01  9.91564797172531619e-03  1.90734685875304399e+00
 1.42050000000002519e-06  4.95788242860168760e-01  9.91564797139566668e-03  1.90734687640582035e+00
 1.42150000000002527e-06  4.95788242860171091e-01  9.91564797155834905e-03  1.90734689388294321e+00
 1.42250000000002534e-06  4.95788242860173423e-01  9.91564797203363726e-03  1.90734691118615984e+00
 1.42350000000002542e-06  4.95788242860175754e-01  9.91564797238158983e-03  1.90734692831720087e+00
 1.42450000000002549e-06  4.95788242860178086e-01  9.91564797240995777e-03  1.90734694527777915e+00
 1.42550000000002557e-06  4.95788242860180473e-01  9.91564797224054120e-03  1.90734696206959131e+00
 1.42650000000002564e-06  4.95788242860182748e-01  9.91564797199948056e-03  1.90734697869431669e+00
 1.42750000000002572e-06  4.95788242860185135e-01  9.91564797194905562e-03  1.90734699515361750e+00
 1.42850000000002579e-06  4.95788242860187467e-01  9.91564797219964510e-03  1.90734701144914043e+00
 1.42950000000002587e-06  4.95788242860189798e-01  9.91564797268463041e-03  1.90734702758251440e+00
 1.43050000000002595e-06  4.95788242860192130e-01  9.91564797291221399e-03  1.90734704355535345e+00
 1.43150000000002602e-06  4.95788242860194517e-01  9.91564797278045827e-03  1.90734705936925475e+00
 1.43250000000002610e-06  4.95788242860196848e-01  9.91564797234605055e-03  1.90734707502579970e+00
 1.43350000000002617e-06  4.95788242860199180e-01  9.91564797200054047e-03  1.90734709052655416e+00
 1.43450000000002625e-06  4.95788242860201567e-01  9.91564797217326342e-03  1.90734710587306866e+00
 1.43550000000002632e-06  4.95788242860203898e-01  9.91564797271109882e-03  1.90734712106687754e+00
 1.43650000000002640e-06  4.95788242860206230e-01  9.91564797304145609e-03  1.90734713610950068e+00
 1.43750000000002647e-06  4.95788242860208561e-01  9.91564797284266893e-03  1.90734715100244223e+00
 1.43850000000002655e-06  4.95788242860210948e-01  9.91564797232970425e-03  1.90734716574719143e+00
 1.43950000000002662e-06  4.95788242860213335e-01  9.91564797214558070e-03  1.90734718034522288e+00
 1.44050000000002670e-06  4.95788242860215667e-01  9.91564797237019964e-03  1.90734719479799653e+00
 1.44150000000002677e-06  4.95788242860217998e-01  9.91564797268491838e-03  1.90734720910695810e+00
 1.44250000000002685e-06  4.95788242860220330e-01  9.91564797254922310e-03  1.90734722327353845e+00
 1.44350000000002692e-06  4.95788242860222717e-01  9.91564797219417378e-03  1.90734723729915401e+00
 1.44450000000002700e-06  4.95788242860225048e-01  9.91564797214172615e-03  1.90734725118520787e+00
 1.44550000000002707e-06  4.95788242860227435e-01  9.91564797247929987e-03  1.90734726493308870e+00
 1.44650000000002715e-06  4.95788242860229822e-01  9.91564797292012780e-03  1.90734727854417119e+00
 1.44750000000002722e-06  4.95788242860232153e-01  9.91564797293340364e-03  1.90734729201981645e+00
 1.44850000000002730e-06  4.95788242860234485e-01  9.91564797252641669e-03  1.90734730536137209e+00
 1.44950000000002737e-06  4.95788242860236816e-01  9.91564797201740372e-03  1.90734731857017303e+00
 1.45050000000002745e-06  4.95788242860239203e-01  9.91564797196240605e-03  1.90734733164754022e+00
 1.45150000000002752e-06  4.95788242860241535e-01  9.91564797233446260e-03  1.90734734459478039e+00
 1.45250000000002760e-06  4.95788242860243866e-01  9.91564797275296290e-03  1.90734735741318895e+00
 1.45350000000002767e-06  4.95788242860246198e-01  9.91564797283226405e-03  1.90734737010404820e+00
 1.45450000000002775e-06  4.95788242860248585e-01  9.91564797255071496e-03  1.90734738266862713e+00
 1.45550000000002782e-06  4.95788242860251027e-01  9.91564797227304125e-03  1.90734739510818230e+00
 1.45650000000002790e-06  4.95788242860253414e-01  9.91564797226939312e-03  1.90734740742395781e+00
 1.45750000000002797e-06  4.95788242860255746e-01  9.91564797262546420e-03  1.90734741961718512e+00
 1.45850000000002805e-06  4.95788242860258077e-01  9.91564797287687941e-03  1.90734743168908327e+00
 1.45950000000002812e-06  4.95788242860260409e-01  9.91564797254802267e-03  1.90734744364086040e+00
 1.46050000000002820e-06  4.95788242860262740e-01  9.91564797216124179e-03  1.90734745547371154e+00
 1.46150000000002827e-06  4.95788242860265127e-01  9.91564797219848977e-03  1.90734746718882020e+00
 1.46250000000002835e-06  4.95788242860267403e-01  9.91564797254419240e-03  1.90734747878735722e+00
 1.46350000000002842e-06  4.95788242860269679e-01  9.91564797280101995e-03  1.90734749027048300e+00
 1.46450000000002850e-06  4.95788242860272066e-01  9.91564797279733713e-03  1.90734750163934619e+00
 1.46550000000002857e-06  4.95788242860274397e-01  9.91564797260205931e-03  1.90734751289508342e+00
 1.46650000000002865e-06  4.95788242860276729e-01  9.91564797235529663e-03  1.90734752403882069e+00
 1.46750000000002872e-06  4.95788242860279116e-01  9.91564797233969973e-03  1.90734753507167176e+00
 1.46850000000002880e-06  4.95788242860281392e-01  9.91564797250265792e-03  1.90734754599474066e+00
 1.46950000000002888e-06  4.95788242860283779e-01  9.91564797271394030e-03  1.90734755680911960e+00
 1.47050000000002895e-06  4.95788242860286110e-01  9.91564797276517015e-03  1.90734756751589019e+00
 1.47150000000002903e-06  4.95788242860288497e-01  9.91564797270599874e-03  1.90734757811612310e+00
 1.47250000000002910e-06  4.95788242860290884e-01  9.91564797260082592e-03  1.90734758861087794e+00
 1.47350000000002918e-06  4.95788242860293216e-01  9.91564797254686041e-03  1.90734759900120521e+00
 1.47450000000002925e-06  4.95788242860295603e-01  9.91564797231361296e-03  1.90734760928814318e+00
 1.47550000000002933e-06  4.95788242860297990e-01  9.91564797228041209e-03  1.90734761947272102e+00
 1.47650000000002940e-06  4.95788242860300321e-01  9.91564797238323435e-03  1.90734762955595705e+00
 1.47750000000002948e-06  4.95788242860302708e-01  9.91564797267286378e-03  1.90734763953886000e+00
 1.47850000000002955e-06  4.95788242860305151e-01  9.91564797292147047e-03  1.90734764942242840e+00
 1.47950000000002963e-06  4.95788242860307538e-01  9.91564797300628804e-03  1.90734765920765037e+00
 1.48050000000002970e-06  4.95788242860309869e-01  9.91564797281330700e-03  1.90734766889550444e+00
 1.48150000000002978e-06  4.95788242860312200e-01  9.91564797229886608e-03  1.90734767848695919e+00
 1.48250000000002985e-06  4.95788242860314532e-01  9.91564797194888388e-03  1.90734768798297427e+00
 1.48350000000002993e-06  4.95788242860316863e-01  9.91564797212358615e-03  1.90734769738449961e+00
 1.48450000000003000e-06  4.95788242860319250e-01  9.91564797257187339e-03  1.90734770669247466e+00
 1.48550000000003008e-06  4.95788242860321526e-01  9.91564797307704741e-03  1.90734771590783114e+00
 1.48650000000003015e-06  4.95788242860323802e-01  9.91564797324264759e-03  1.90734772503149030e+00
 1.48750000000003023e-06  4.95788242860326189e-01  9.91564797294504190e-03  1.90734773406436431e+00
 1.48850000000003030e-06  4.95788242860328521e-01  9.91564797240450900e-03  1.90734774300735666e+00
 1.48950000000003038e-06  4.95788242860330852e-01  9.91564797206521270e-03  1.90734775186136174e+00
 1.49050000000003045e-06  4.95788242860333239e-01  9.91564797230047243e-03  1.90734776062726485e+00
 1.49150000000003053e-06  4.95788242860335515e-01  9.91564797292029260e-03  1.90734776930594330e+00
 1.49250000000003060e-06  4.95788242860337902e-01  9.91564797327888596e-03  1.90734777789826460e+00
 1.49350000000003068e-06  4.95788242860340234e-01  9.91564797312354841e-03  1.90734778640508806e+00
 1.49450000000003075e-06  4.95788242860342621e-01  9.91564797289450420e-03  1.90734779482726435e+00
 1.49550000000003083e-06  4.95788242860345008e-01  9.91564797294735602e-03  1.90734780316563590e+00
 1.49650000000003090e-06  4.95788242860347339e-01  9.91564797298734139e-03  1.90734781142103649e+00
 1.49750000000003098e-06  4.95788242860349726e-01  9.91564797288412882e-03  1.90734781959429145e+00
 1.49850000000003105e-06  4.95788242860352113e-01  9.91564797262220465e-03  1.90734782768621858e+00
 1.49950000000003113e-06  4.95788242860354444e-01  9.91564797238109197e-03  1.90734783569762678e+00
 1.50050000000003120e-06  4.95788242860356831e-01  9.91564797258379267e-03  1.90734784362931720e+00
 1.50150000000003128e-06  4.95788242860359274e-01  9.91564797289592667e-03  1.90734785148208341e+00
 1.50250000000003135e-06  4.95788242860361661e-01  9.91564797290138238e-03  1.90734785925671080e+00
 1.50350000000003143e-06  4.95788242860363992e-01  9.91564797266555886e-03  1.90734786695397651e+00
 1.50450000000003150e-06  4.95788242860366324e-01  9.91564797260136542e-03  1.90734787457465083e+00
 1.50550000000003158e-06  4.95788242860368655e-01  9.91564797290549714e-03  1.90734788211949580e+00
 1.50650000000003165e-06  4.95788242860370987e-01  9.91564797315496252e-03  1.90734788958926527e+00
 1.50750000000003173e-06  4.95788242860373374e-01  9.91564797313340338e-03  1.90734789698470730e+00
 1.50850000000003181e-06  4.95788242860375650e-01  9.91564797274035840e-03  1.90734790430656065e+00
 1.50950000000003188e-06  4.95788242860378037e-01  9.91564797248204940e-03  1.90734791155555850e+00
 1.51050000000003196e-06  4.95788242860380368e-01  9.91564797277998816e-03  1.90734791873242493e+00
 1.51150000000003203e-06  4.95788242860382700e-01  9.91564797326638207e-03  1.90734792583787760e+00
 1.51250000000003211e-06  4.95788242860385031e-01  9.91564797360570613e-03  1.90734793287262816e+00
 1.51350000000003218e-06  4.95788242860387418e-01  9.91564797321626071e-03  1.90734793983737938e+00
 1.51450000000003226e-06  4.95788242860389750e-01  9.91564797268156516e-03  1.90734794673282759e+00
 1.51550000000003233e-06  4.95788242860392081e-01  9.91564797247373314e-03  1.90734795355966291e+00
 1.51650000000003241e-06  4.95788242860394468e-01  9.91564797260979444e-03  1.90734796031856790e+00
 1.51750000000003248e-06  4.95788242860396799e-01  9.91564797279268287e-03  1.90734796701021803e+00
 1.51850000000003256e-06  4.95788242860399131e-01  9.91564797279949860e-03  1.90734797363528275e+00
 1.51950000000003263e-06  4.95788242860401462e-01  9.91564797248398189e-03  1.90734798019442486e+00
 1.52050000000003271e-06  4.95788242860403849e-01  9.91564797218039660e-03  1.90734798668829986e+00
 1.52150000000003278e-06  4.95788242860406236e-01  9.91564797236214011e-03  1.90734799311755787e+00
 1.52250000000003286e-06  4.95788242860408568e-01  9.91564797288659212e-03  1.90734799948284173e+00
 1.52350000000003293e-06  4.95788242860410899e-01  9.91564797318026173e-03  1.90734800578478803e+00
 1.52450000000003301e-06  4.95788242860413231e-01  9.91564797288122489e-03  1.90734801202402671e+00
 1.52550000000003308e-06  4.95788242860415618e-01  9.91564797218700243e-03  1.90734801820118149e+00
 1.52650000000003316e-06  4.95788242860417949e-01  9.91564797169798562e-03  1.90734802431687078e+00
 1.52750000000003323e-06  4.95788242860420336e-01  9.91564797203245418e-03  1.90734803037170630e+00
 1.52850000000003331e-06  4.95788242860422723e-01  9.91564797305979732e-03  1.90734803636629291e+00
 1.52950000000003338e-06  4.95788242860425055e-01  9.91564797363812638e-03  1.90734804230123056e+00
 1.53050000000003346e-06  4.95788242860427386e-01  9.91564797324970618e-03  1.90734804817711212e+00
 1.53150000000003353e-06  4.95788242860429718e-01  9.91564797245895503e-03  1.90734805399452578e+00
 1.53250000000003361e-06  4.95788242860432105e-01  9.91564797204147128e-03  1.90734805975405330e+00
 1.53350000000003368e-06  4.95788242860434436e-01  9.91564797236077836e-03  1.90734806545627045e+00
 1.53450000000003376e-06  4.95788242860436768e-01  9.91564797297097601e-03  1.90734807110174809e+00
 1.53550000000003383e-06  4.95788242860439099e-01  9.91564797324649520e-03  1.90734807669105044e+00
 1.53650000000003391e-06  4.95788242860441486e-01  9.91564797288464750e-03  1.90734808222473640e+00
 1.53750000000003398e-06  4.95788242860443928e-01  9.91564797222486624e-03  1.90734808770335906e+00
 1.53850000000003406e-06  4.95788242860446315e-01  9.91564797193002570e-03  1.90734809312746667e+00
 1.53950000000003413e-06  4.95788242860448647e-01  9.91564797233969279e-03  1.90734809849760212e+00
 1.54050000000003421e-06  4.95788242860450978e-01  9.91564797306111224e-03  1.90734810381430164e+00
 1.54150000000003428e-06  4.95788242860453310e-01  9.91564797318710868e-03  1.90734810907809749e+00
 1.54250000000003436e-06  4.95788242860455641e-01  9.91564797287477692e-03  1.90734811428951634e+00
 1.54350000000003443e-06  4.95788242860458028e-01  9.91564797255286429e-03  1.90734811944907867e+00
 1.54450000000003451e-06  4.95788242860460304e-01  9.91564797255262143e-03  1.90734812455730074e+00
 1.54550000000003458e-06  4.95788242860462580e-01  9.91564797280503583e-03  1.90734812961469391e+00
 1.54650000000003466e-06  4.95788242860464967e-01  9.91564797308224638e-03  1.90734813462176311e+00
 1.54750000000003474e-06  4.95788242860467299e-01  9.91564797324432333e-03  1.90734813957900928e+00
 1.54850000000003481e-06  4.95788242860469630e-01  9.91564797307715150e-03  1.90734814448692847e+00
 1.54950000000003489e-06  4.95788242860472017e-01  9.91564797284114410e-03  1.90734814934601182e+00
 1.55050000000003496e-06  4.95788242860474293e-01  9.91564797266218483e-03  1.90734815415674475e+00
 1.55150000000003504e-06  4.95788242860476680e-01  9.91564797267158356e-03  1.90734815891960841e+00
 1.55250000000003511e-06  4.95788242860479011e-01  9.91564797278229534e-03  1.90734816363507886e+00
 1.55350000000003519e-06  4.95788242860481398e-01  9.91564797275307740e-03  1.90734816830362819e+00
 1.55450000000003526e-06  4.95788242860483785e-01  9.91564797270208693e-03  1.90734817292572312e+00
 1.55550000000003534e-06  4.95788242860486117e-01  9.91564797270402289e-03  1.90734817750182617e+00
 1.55650000000003541e-06  4.95788242860488504e-01  9.91564797263553947e-03  1.90734818203239453e+00
 1.55750000000003549e-06  4.95788242860490891e-01  9.91564797248101724e-03  1.90734818651788163e+00
 1.55850000000003556e-06  4.95788242860493222e-01  9.91564797236171164e-03  1.90734819095873598e+00
 1.55950000000003564e-06  4.95788242860495609e-01  9.91564797252140681e-03  1.90734819535540190e+00
 1.56050000000003571e-06  4.95788242860498052e-01  9.91564797298634219e-03  1.90734819970831815e+00
 1.56150000000003579e-06  4.95788242860500439e-01  9.91564797326921835e-03  1.90734820401792060e+00
 1.56250000000003586e-06  4.95788242860502770e-01  9.91564797296211504e-03  1.90734820828464025e+00
 1.56350000000003594e-06  4.95788242860505102e-01  9.91564797233693458e-03  1.90734821250890452e+00
 1.56450000000003601e-06  4.95788242860507433e-01  9.91564797193268156e-03  1.90734821669113508e+00
 1.56550000000003609e-06  4.95788242860509765e-01  9.91564797215454923e-03  1.90734822083175048e+00
 1.56650000000003616e-06  4.95788242860512152e-01  9.91564797277619779e-03  1.90734822493116463e+00
 1.56750000000003624e-06  4.95788242860514428e-01  9.91564797325810397e-03  1.90734822898978740e+00
 1.56850000000003631e-06  4.95788242860516704e-01  9.91564797333627929e-03  1.90734823300802514e+00
 1.56950000000003639e-06  4.95788242860519091e-01  9.91564797288242185e-03  1.90734823698627887e+00
 1.57050000000003646e-06  4.95788242860521422e-01  9.91564797230843481e-03  1.90734824092494759e+00
 1.57150000000003654e-06  4.95788242860523753e-01  9.91564797200867633e-03  1.90734824482442433e+00
 1.57250000000003661e-06  4.95788242860526140e-01  9.91564797228620780e-03  1.90734824868509922e+00
 1.57350000000003669e-06  4.95788242860528416e-01  9.91564797273111233e-03  1.90734825250735884e+00
 1.57450000000003676e-06  4.95788242860530803e-01  9.91564797307452860e-03  1.90734825629158466e+00
 1.57550000000003684e-06  4.95788242860533135e-01  9.91564797305524888e-03  1.90734826003815572e+00
 1.57650000000003691e-06  4.95788242860535522e-01  9.91564797290899434e-03  1.90734826374744637e+00
 1.57750000000003699e-06  4.95788242860537909e-01  9.91564797284503335e-03  1.90734826741982744e+00
 1.57850000000003706e-06  4.95788242860540240e-01  9.91564797281343016e-03  1.90734827105566707e+00
 1.57950000000003714e-06  4.95788242860542627e-01  9.91564797273342645e-03  1.90734827465532830e+00
 1.58050000000003721e-06  4.95788242860545014e-01  9.91564797268921876e-03  1.90734827821917063e+00
 1.58150000000003729e-06  4.95788242860547346e-01  9.91564797277232936e-03  1.90734828174755133e+00
 1.58250000000003736e-06  4.95788242860549733e-01  9.91564797289417460e-03  1.90734828524082300e+00
 1.58350000000003744e-06  4.95788242860552175e-01  9.91564797294820950e-03  1.90734828869933448e+00
 1.58450000000003751e-06  4.95788242860554562e-01  9.91564797280115005e-03  1.90734829212343238e+00
 1.58550000000003759e-06  4.95788242860556894e-01  9.91564797268307957e-03  1.90734829551345886e+00
 1.58650000000003767e-06  4.95788242860559225e-01  9.91564797255928797e-03  1.90734829886975299e+00
 1.58750000000003774e-06  4.95788242860561557e-01  9.91564797234361847e-03  1.90734830219265028e+00
 1.58850000000003782e-06  4.95788242860563888e-01  9.91564797216239018e-03  1.90734830548248313e+00
 1.58950000000003789e-06  4.95788242860566275e-01  9.91564797224868226e-03  1.90734830873958017e+00
 1.59050000000003797e-06  4.95788242860568551e-01  9.91564797281117849e-03  1.90734831196426780e+00
 1.59150000000003804e-06  4.95788242860570938e-01  9.91564797319190519e-03  1.90734831515686798e+00
 1.59250000000003812e-06  4.95788242860573269e-01  9.91564797314584134e-03  1.90734831831770024e+00
 1.59350000000003819e-06  4.95788242860575601e-01  9.91564797285107193e-03  1.90734832144708055e+00
 1.59450000000003827e-06  4.95788242860577932e-01  9.91564797263345260e-03  1.90734832454532177e+00
 1.59550000000003834e-06  4.95788242860580319e-01  9.91564797253990937e-03  1.90734832761273410e+00
 1.59650000000003842e-06  4.95788242860582651e-01  9.91564797252522320e-03  1.90734833064962417e+00
 1.59750000000003849e-06  4.95788242860584982e-01  9.91564797251346351e-03  1.90734833365629575e+00
 1.59850000000003857e-06  4.95788242860587369e-01  9.91564797241087890e-03  1.90734833663304926e+00
 1.59950000000003864e-06  4.95788242860589701e-01  9.91564797241059614e-03  1.90734833958018291e+00
 1.60050000000003872e-06  4.95788242860592032e-01  9.91564797297808317e-03  1.90734834249799090e+00
 1.60150000000003879e-06  4.95788242860594364e-01  9.91564797375369018e-03  1.90734834538676479e+00
 1.60250000000003887e-06  4.95788242860596751e-01  9.91564797414814895e-03  1.90734834824679411e+00
 1.60350000000003894e-06  4.95788242860599138e-01  9.91564797381293619e-03  1.90734835107836509e+00
 1.60450000000003902e-06  4.95788242860601469e-01  9.91564797292705802e-03  1.90734835388176038e+00
 1.60550000000003909e-06  4.95788242860603801e-01  9.91564797242180072e-03  1.90734835665726044e+00
 1.60650000000003917e-06  4.95788242860606132e-01  9.91564797273506576e-03  1.90734835940514302e+00
 1.60750000000003924e-06  4.95788242860608519e-01  9.91564797333697491e-03  1.90734836212568259e+00
 1.60850000000003932e-06  4.95788242860610850e-01  9.91564797354342782e-03  1.90734836481915138e+00
 1.60950000000003939e-06  4.95788242860613237e-01  9.91564797346265563e-03  1.90734836748581893e+00
 1.61050000000003947e-06  4.95788242860615624e-01  9.91564797322485626e-03  1.90734837012595149e+00
 1.61150000000003954e-06  4.95788242860617956e-01  9.91564797297567191e-03  1.90734837273981350e+00
 1.61250000000003962e-06  4.95788242860620287e-01  9.91564797298193253e-03  1.90734837532766677e+00
 1.61350000000003969e-06  4.95788242860622619e-01  9.91564797313031730e-03  1.90734837788976930e+00
 1.61450000000003977e-06  4.95788242860624950e-01  9.91564797309904891e-03  1.90734838042637778e+00
 1.61550000000003984e-06  4.95788242860627337e-01  9.91564797305334936e-03  1.90734838293774578e+00
 1.61650000000003992e-06  4.95788242860629669e-01  9.91564797299572358e-03  1.90734838542412422e+00
 1.61750000000003999e-06  4.95788242860632000e-01  9.91564797284208259e-03  1.90734838788576200e+00
 1.61850000000004007e-06  4.95788242860634387e-01  9.91564797277301457e-03  1.90734839032290537e+00
 1.61950000000004014e-06  4.95788242860636830e-01  9.91564797276166081e-03  1.90734839273579793e+00
 1.62050000000004022e-06  4.95788242860639217e-01  9.91564797281197299e-03  1.90734839512468124e+00
 1.62150000000004029e-06  4.95788242860641548e-01  9.91564797316145212e-03  1.90734839748979379e+00
 1.62250000000004037e-06  4.95788242860643880e-01  9.91564797339680032e-03  1.90734839983137205e+00
 1.62350000000004044e-06  4.95788242860646211e-01  9.91564797329200567e-03  1.90734840214965051e+00
 1.62450000000004052e-06  4.95788242860648543e-01  9.91564797298523544e-03  1.90734840444486076e+00
 1.62550000000004060e-06  4.95788242860650930e-01  9.91564797278267178e-03  1.90734840671723260e+00
 1.62650000000004067e-06  4.95788242860653205e-01  9.91564797291450556e-03  1.90734840896699320e+00
 1.62750000000004075e-06  4.95788242860655481e-01  9.91564797316861306e-03  1.90734841119436793e+00
 1.62850000000004082e-06  4.95788242860657868e-01  9.91564797338488103e-03  1.90734841339957883e+00
 1.62950000000004090e-06  4.95788242860660200e-01  9.91564797335733189e-03  1.90734841558284685e+00
 1.63050000000004097e-06  4.95788242860662531e-01  9.91564797311061084e-03  1.90734841774439023e+00
 1.63150000000004105e-06  4.95788242860664918e-01  9.91564797302198903e-03  1.90734841988442505e+00
 1.63250000000004112e-06  4.95788242860667194e-01  9.91564797325491729e-03  1.90734842200316557e+00
 1.63350000000004120e-06  4.95788242860669581e-01  9.91564797358806052e-03  1.90734842410082361e+00
 1.63450000000004127e-06  4.95788242860671913e-01  9.91564797354727197e-03  1.90734842617760880e+00
 1.63550000000004135e-06  4.95788242860674300e-01  9.91564797329078963e-03  1.90734842823372919e+00
 1.63650000000004142e-06  4.95788242860676687e-01  9.91564797306230573e-03  1.90734843026939016e+00
 1.63750000000004150e-06  4.95788242860679018e-01  9.91564797311758964e-03  1.90734843228479511e+00
 1.63850000000004157e-06  4.95788242860681405e-01  9.91564797314453163e-03  1.90734843428014589e+00
 1.63950000000004165e-06  4.95788242860683792e-01  9.91564797295853805e-03  1.90734843625564165e+00
 1.64050000000004172e-06  4.95788242860686124e-01  9.91564797270828857e-03  1.90734843821148048e+00
 1.64150000000004180e-06  4.95788242860688511e-01  9.91564797259397029e-03  1.90734844014785776e+00
 1.64250000000004187e-06  4.95788242860690953e-01  9.91564797282226337e-03  1.90734844206496690e+00
 1.64350000000004195e-06  4.95788242860693340e-01  9.91564797320644564e-03  1.90734844396300018e+00
 1.64450000000004202e-06  4.95788242860695672e-01  9.91564797325764601e-03  1.90734844584214658e+00
 1.64550000000004210e-06  4.95788242860698003e-01  9.91564797295227916e-03  1.90734844770259504e+00
 1.64650000000004217e-06  4.95788242860700334e-01  9.91564797272266249e-03  1.90734844954453098e+00
 1.64750000000004225e-06  4.95788242860702666e-01  9.91564797293198463e-03  1.90734845136813891e+00
 1.64850000000004232e-06  4.95788242860705053e-01  9.91564797338108372e-03  1.90734845317360069e+00
 1.64950000000004240e-06  4.95788242860707329e-01  9.91564797361925258e-03  1.90734845496109728e+00
 1.65050000000004247e-06  4.95788242860709716e-01  9.91564797335261518e-03  1.90734845673080788e+00
 1.65150000000004255e-06  4.95788242860712047e-01  9.91564797295222712e-03  1.90734845848290857e+00
 1.65250000000004262e-06  4.95788242860714379e-01  9.91564797278919781e-03  1.90734846021757520e+00
 1.65350000000004270e-06  4.95788242860716710e-01  9.91564797308789637e-03  1.90734846193498075e+00
 1.65450000000004277e-06  4.95788242860719097e-01  9.91564797348089971e-03  1.90734846363529731e+00
 1.65550000000004285e-06  4.95788242860721429e-01  9.91564797355606702e-03  1.90734846531869473e+00
 1.65650000000004292e-06  4.95788242860723760e-01  9.91564797328907052e-03  1.90734846698534177e+00
 1.65750000000004300e-06  4.95788242860726147e-01  9.91564797288467178e-03  1.90734846863540497e+00
 1.65850000000004307e-06  4.95788242860728479e-01  9.91564797283919601e-03  1.90734847026904930e+00
 1.65950000000004315e-06  4.95788242860730810e-01  9.91564797310143589e-03  1.90734847188643775e+00
 1.66050000000004322e-06  4.95788242860733142e-01  9.91564797332995622e-03  1.90734847348773240e+00
 1.66150000000004330e-06  4.95788242860735529e-01  9.91564797309015152e-03  1.90734847507309357e+00
 1.66250000000004337e-06  4.95788242860737915e-01  9.91564797270946818e-03  1.90734847664267959e+00
 1.66350000000004345e-06  4.95788242860740247e-01  9.91564797261970839e-03  1.90734847819664743e+00
 1.66450000000004353e-06  4.95788242860742634e-01  9.91564797297020406e-03  1.90734847973515254e+00
 1.66550000000004360e-06  4.95788242860745076e-01  9.91564797328922144e-03  1.90734848125834877e+00
 1.66650000000004368e-06  4.95788242860747463e-01  9.91564797329982754e-03  1.90734848276638802e+00
 1.66750000000004375e-06  4.95788242860749795e-01  9.91564797296932803e-03  1.90734848425942149e+00
 1.66850000000004383e-06  4.95788242860752126e-01  9.91564797267337553e-03  1.90734848573759885e+00
 1.66950000000004390e-06  4.95788242860754458e-01  9.91564797276080385e-03  1.90734848720106731e+00
 1.67050000000004398e-06  4.95788242860756789e-01  9.91564797316901378e-03  1.90734848864997364e+00
 1.67150000000004405e-06  4.95788242860759176e-01  9.91564797354301843e-03  1.90734849008446306e+00
 1.67250000000004413e-06  4.95788242860761452e-01  9.91564797342488549e-03  1.90734849150467811e+00
 1.67350000000004420e-06  4.95788242860763839e-01  9.91564797304786763e-03  1.90734849291076136e+00
 1.67450000000004428e-06  4.95788242860766171e-01  9.91564797285196010e-03  1.90734849430285336e+00
 1.67550000000004435e-06  4.95788242860768502e-01  9.91564797302155188e-03  1.90734849568109333e+00
 1.67650000000004443e-06  4.95788242860770834e-01  9.91564797331682089e-03  1.90734849704561915e+00
 1.67750000000004450e-06  4.95788242860773221e-01  9.91564797337479709e-03  1.90734849839656739e+00
 1.67850000000004458e-06  4.95788242860775552e-01  9.91564797298821049e-03  1.90734849973407306e+00
 1.67950000000004465e-06  4.95788242860777884e-01  9.91564797236566160e-03  1.90734850105826959e+00
 1.68050000000004473e-06  4.95788242860780271e-01  9.91564797236680305e-03  1.90734850236928977e+00
 1.68150000000004480e-06  4.95788242860782602e-01  9.91564797296064920e-03  1.90734850366726505e+00
 1.68250000000004488e-06  4.95788242860784933e-01  9.91564797364709490e-03  1.90734850495232444e+00
 1.68350000000004495e-06  4.95788242860787265e-01  9.91564797363287710e-03  1.90734850622459717e+00
 1.68450000000004503e-06  4.95788242860789652e-01  9.91564797301387746e-03  1.90734850748421025e+00
 1.68550000000004510e-06  4.95788242860792039e-01  9.91564797245047223e-03  1.90734850873128914e+00
 1.68650000000004518e-06  4.95788242860794370e-01  9.91564797237050322e-03  1.90734850996595906e+00
 1.68750000000004525e-06  4.95788242860796702e-01  9.91564797272280127e-03  1.90734851118834370e+00
 1.68850000000004533e-06  4.95788242860799033e-01  9.91564797308354222e-03  1.90734851239856495e+00
 1.68950000000004540e-06  4.95788242860801420e-01  9.91564797317727106e-03  1.90734851359674384e+00
 1.69050000000004548e-06  4.95788242860803752e-01  9.91564797314269802e-03  1.90734851478300027e+00
 1.69150000000004555e-06  4.95788242860806139e-01  9.91564797316106354e-03  1.90734851595745303e+00
 1.69250000000004563e-06  4.95788242860808526e-01  9.91564797325734243e-03  1.90734851712021913e+00
 1.69350000000004570e-06  4.95788242860810857e-01  9.91564797332970468e-03  1.90734851827141516e+00
 1.69450000000004578e-06  4.95788242860813189e-01  9.91564797325903205e-03  1.90734851941115591e+00
 1.69550000000004585e-06  4.95788242860815520e-01  9.91564797326374356e-03  1.90734852053955573e+00
 1.69650000000004593e-06  4.95788242860817852e-01  9.91564797324836870e-03  1.90734852165672764e+00
 1.69750000000004600e-06  4.95788242860820239e-01  9.91564797311859231e-03  1.90734852276278311e+00
 1.69850000000004608e-06  4.95788242860822570e-01  9.91564797302199250e-03  1.90734852385783293e+00
 1.69950000000004615e-06  4.95788242860824901e-01  9.91564797320471439e-03  1.90734852494198637e+00
 1.70050000000004623e-06  4.95788242860827288e-01  9.91564797336520407e-03  1.90734852601535176e+00
 1.70150000000004630e-06  4.95788242860829731e-01  9.91564797345616949e-03  1.90734852707803637e+00
 1.70250000000004638e-06  4.95788242860832118e-01  9.91564797329203169e-03  1.90734852813014699e+00
 1.70350000000004646e-06  4.95788242860834449e-01  9.91564797303346943e-03  1.90734852917178843e+00
 1.70450000000004653e-06  4.95788242860836781e-01  9.91564797300242308e-03  1.90734853020306550e+00
 1.70550000000004661e-06  4.95788242860839112e-01  9.91564797317198883e-03  1.90734853122408055e+00
 1.70650000000004668e-06  4.95788242860841444e-01  9.91564797318549712e-03  1.90734853223493617e+00
 1.70750000000004676e-06  4.95788242860843831e-01  9.91564797304479890e-03  1.90734853323573339e+00
 1.70850000000004683e-06  4.95788242860846107e-01  9.91564797286805140e-03  1.90734853422657213e+00
 1.70950000000004691e-06  4.95788242860848383e-01  9.91564797294613130e-03  1.90734853520755143e+00
 1.71050000000004698e-06  4.95788242860850770e-01  9.91564797314637217e-03  1.90734853617876920e+00
 1.71150000000004706e-06  4.95788242860853101e-01  9.91564797323538603e-03  1.90734853714032337e+00
 1.71250000000004713e-06  4.95788242860855433e-01  9.91564797310107680e-03  1.90734853809230942e+00
 1.71350000000004721e-06  4.95788242860857820e-01  9.91564797286825089e-03  1.90734853903482260e+00
 1.71450000000004728e-06  4.95788242860860096e-01  9.91564797257997455e-03  1.90734853996795728e+00
 1.71550000000004736e-06  4.95788242860862483e-01  9.91564797256490327e-03  1.90734854089180650e+00
 1.71650000000004743e-06  4.95788242860864814e-01  9.91564797284093420e-03  1.90734854180646329e+00
 1.71750000000004751e-06  4.95788242860867201e-01  9.91564797314367988e-03  1.90734854271201848e+00
 1.71850000000004758e-06  4.95788242860869588e-01  9.91564797335477664e-03  1.90734854360856310e+00
 1.71950000000004766e-06  4.95788242860871919e-01  9.91564797327570448e-03  1.90734854449618663e+00
 1.72050000000004773e-06  4.95788242860874306e-01  9.91564797312964596e-03  1.90734854537497811e+00
 1.72150000000004781e-06  4.95788242860876693e-01  9.91564797297868686e-03  1.90734854624502548e+00
 1.72250000000004788e-06  4.95788242860879025e-01  9.91564797284304883e-03  1.90734854710641510e+00
 1.72350000000004796e-06  4.95788242860881412e-01  9.91564797280325601e-03  1.90734854795923336e+00
 1.72450000000004803e-06  4.95788242860883854e-01  9.91564797281891362e-03  1.90734854880356552e+00
 1.72550000000004811e-06  4.95788242860886241e-01  9.91564797297146173e-03  1.90734854963949618e+00
 1.72650000000004818e-06  4.95788242860888573e-01  9.91564797313911755e-03  1.90734855046710927e+00
 1.72750000000004826e-06  4.95788242860890904e-01  9.91564797333474406e-03  1.90734855128648673e+00
 1.72850000000004833e-06  4.95788242860893236e-01  9.91564797317354314e-03  1.90734855209771115e+00
 1.72950000000004841e-06  4.95788242860895567e-01  9.91564797271585543e-03  1.90734855290086380e+00
 1.73050000000004848e-06  4.95788242860897954e-01  9.91564797249335807e-03  1.90734855369602463e+00
 1.73150000000004856e-06  4.95788242860900230e-01  9.91564797257008142e-03  1.90734855448327334e+00
 1.73250000000004863e-06  4.95788242860902617e-01  9.91564797265362223e-03  1.90734855526268832e+00
 1.73350000000004871e-06  4.95788242860904949e-01  9.91564797275404537e-03  1.90734855603434772e+00
 1.73450000000004878e-06  4.95788242860907280e-01  9.91564797291092336e-03  1.90734855679832882e+00
 1.73550000000004886e-06  4.95788242860909611e-01  9.91564797313201039e-03  1.90734855755470778e+00
 1.73650000000004893e-06  4.95788242860911998e-01  9.91564797335276610e-03  1.90734855830356054e+00
 1.73750000000004901e-06  4.95788242860914330e-01  9.91564797346963962e-03  1.90734855904496170e+00
 1.73850000000004908e-06  4.95788242860916661e-01  9.91564797320866088e-03  1.90734855977898565e+00
 1.73950000000004916e-06  4.95788242860919048e-01  9.91564797269372036e-03  1.90734856050570567e+00
 1.74050000000004923e-06  4.95788242860921380e-01  9.91564797242104438e-03  1.90734856122519458e+00
 1.74150000000004931e-06  4.95788242860923711e-01  9.91564797259988397e-03  1.90734856193752389e+00
 1.74250000000004939e-06  4.95788242860926043e-01  9.91564797306252604e-03  1.90734856264276531e+00
 1.74350000000004946e-06  4.95788242860928430e-01  9.91564797349505159e-03  1.90734856334098901e+00
 1.74450000000004954e-06  4.95788242860930817e-01  9.91564797329786730e-03  1.90734856403226516e+00
 1.74550000000004961e-06  4.95788242860933148e-01  9.91564797267376757e-03  1.90734856471666303e+00
 1.74650000000004969e-06  4.95788242860935535e-01  9.91564797217731574e-03  1.90734856539425057e+00
 1.74750000000004976e-06  4.95788242860937978e-01  9.91564797237713853e-03  1.90734856606509573e+00
 1.74850000000004984e-06  4.95788242860940365e-01  9.91564797313853989e-03  1.90734856672926556e+00
 1.74950000000004991e-06  4.95788242860942696e-01  9.91564797370046193e-03  1.90734856738682645e+00
 1.75050000000004999e-06  4.95788242860945028e-01  9.91564797358107479e-03  1.90734856803784436e+00
 1.75150000000005006e-06  4.95788242860947359e-01  9.91564797301296152e-03  1.90734856868238456e+00
 1.75250000000005014e-06  4.95788242860949691e-01  9.91564797248554661e-03  1.90734856932051078e+00
 1.75350000000005021e-06  4.95788242860952078e-01  9.91564797258277439e-03  1.90734856995228785e+00
 1.75450000000005029e-06  4.95788242860954353e-01  9.91564797309393148e-03  1.90734857057777818e+00
 1.75550000000005036e-06  4.95788242860956740e-01  9.91564797340317369e-03  1.90734857119704482e+00
 1.75650000000005044e-06  4.95788242860959072e-01  9.91564797332393152e-03  1.90734857181014927e+00
 1.75750000000005051e-06  4.95788242860961403e-01  9.91564797302798943e-03  1.90734857241715283e+00
 1.75850000000005059e-06  4.95788242860963735e-01  9.91564797282469546e-03  1.90734857301811678e+00
 1.75950000000005066e-06  4.95788242860966122e-01  9.91564797275861463e-03  1.90734857361310106e+00
 1.76050000000005074e-06  4.95788242860968453e-01  9.91564797304479370e-03  1.90734857420216453e+00
 1.76150000000005081e-06  4.95788242860970785e-01  9.91564797345668818e-03  1.90734857478536646e+00
 1.76250000000005089e-06  4.95788242860973116e-01  9.91564797356820141e-03  1.90734857536276547e+00
 1.76350000000005096e-06  4.95788242860975503e-01  9.91564797323007431e-03  1.90734857593441887e+00
 1.76450000000005104e-06  4.95788242860977835e-01  9.91564797280697872e-03  1.90734857650038414e+00
 1.76550000000005111e-06  4.95788242860980166e-01  9.91564797254620468e-03  1.90734857706071814e+00
 1.76650000000005119e-06  4.95788242860982553e-01  9.91564797275707246e-03  1.90734857761547616e+00
 1.76750000000005126e-06  4.95788242860984940e-01  9.91564797300519690e-03  1.90734857816471415e+00
 1.76850000000005134e-06  4.95788242860987272e-01  9.91564797300783195e-03  1.90734857870848695e+00
 1.76950000000005141e-06  4.95788242860989603e-01  9.91564797301816049e-03  1.90734857924684897e+00
 1.77050000000005149e-06  4.95788242860991935e-01  9.91564797321278085e-03  1.90734857977985395e+00
 1.77150000000005156e-06  4.95788242860994322e-01  9.91564797336628306e-03  1.90734858030755516e+00
 1.77250000000005164e-06  4.95788242860996653e-01  9.91564797308009185e-03  1.90734858083000525e+00
 1.77350000000005171e-06  4.95788242860999040e-01  9.91564797274843181e-03  1.90734858134725682e+00
 1.77450000000005179e-06  4.95788242861001427e-01  9.91564797293663369e-03  1.90734858185936185e+00
 1.77550000000005186e-06  4.95788242861003758e-01  9.91564797367767460e-03  1.90734858236637139e+00
 1.77650000000005194e-06  4.95788242861006090e-01  9.91564797394114267e-03  1.90734858286833542e+00
 1.77750000000005201e-06  4.95788242861008421e-01  9.91564797335644198e-03  1.90734858336530477e+00
 1.77850000000005209e-06  4.95788242861010753e-01  9.91564797249856744e-03  1.90734858385732875e+00
 1.77950000000005216e-06  4.95788242861013140e-01  9.91564797234247008e-03  1.90734858434445709e+00
 1.78050000000005224e-06  4.95788242861015471e-01  9.91564797301040975e-03  1.90734858482673819e+00
 1.78150000000005232e-06  4.95788242861017803e-01  9.91564797356961174e-03  1.90734858530422025e+00
 1.78250000000005239e-06  4.95788242861020190e-01  9.91564797361722816e-03  1.90734858577695121e+00
 1.78350000000005247e-06  4.95788242861022632e-01  9.91564797320985611e-03  1.90734858624497816e+00
 1.78450000000005254e-06  4.95788242861025019e-01  9.91564797298785487e-03  1.90734858670834795e+00
 1.78550000000005262e-06  4.95788242861027351e-01  9.91564797305343609e-03  1.90734858716710742e+00
 1.78650000000005269e-06  4.95788242861029682e-01  9.91564797306243584e-03  1.90734858762130188e+00
 1.78750000000005277e-06  4.95788242861032014e-01  9.91564797281084022e-03  1.90734858807097685e+00
 1.78850000000005284e-06  4.95788242861034345e-01  9.91564797275269229e-03  1.90734858851617717e+00
 1.78950000000005292e-06  4.95788242861036732e-01  9.91564797307337500e-03  1.90734858895694748e+00
 1.79050000000005299e-06  4.95788242861039008e-01  9.91564797343906512e-03  1.90734858939333218e+00
 1.79150000000005307e-06  4.95788242861041284e-01  9.91564797331549730e-03  1.90734858982537459e+00
 1.79250000000005314e-06  4.95788242861043671e-01  9.91564797288603701e-03  1.90734859025311843e+00
 1.79350000000005322e-06  4.95788242861046002e-01  9.91564797264763050e-03  1.90734859067660589e+00
 1.79450000000005329e-06  4.95788242861048334e-01  9.91564797276790061e-03  1.90734859109587940e+00
 1.79550000000005337e-06  4.95788242861050721e-01  9.91564797305767576e-03  1.90734859151098068e+00
 1.79650000000005344e-06  4.95788242861052997e-01  9.91564797315968617e-03  1.90734859192195150e+00
 1.79750000000005352e-06  4.95788242861055384e-01  9.91564797298632138e-03  1.90734859232883291e+00
 1.79850000000005359e-06  4.95788242861057715e-01  9.91564797282700784e-03  1.90734859273166557e+00
 1.79950000000005367e-06  4.95788242861060102e-01  9.91564797276004405e-03  1.90734859313049010e+00
 1.80050000000005374e-06  4.95788242861062489e-01  9.91564797272472855e-03  1.90734859352534625e+00
 1.80150000000005382e-06  4.95788242861064821e-01  9.91564797273763142e-03  1.90734859391627332e+00
 1.80250000000005389e-06  4.95788242861067208e-01  9.91564797271720678e-03  1.90734859430331039e+00
 1.80350000000005397e-06  4.95788242861069595e-01  9.91564797291592977e-03  1.90734859468649631e+00
 1.80450000000005404e-06  4.95788242861071926e-01  9.91564797324162236e-03  1.90734859506586929e+00
 1.80550000000005412e-06  4.95788242861074313e-01  9.91564797332558472e-03  1.90734859544146707e+00
 1.80650000000005419e-06  4.95788242861076756e-01  9.91564797314360008e-03  1.90734859581332761e+00
 1.80750000000005427e-06  4.95788242861079143e-01  9.91564797278647429e-03  1.90734859618148822e+00
 1.80850000000005434e-06  4.95788242861081474e-01  9.91564797264381931e-03  1.90734859654598510e+00
 1.80950000000005442e-06  4.95788242861083805e-01  9.91564797291115928e-03  1.90734859690685532e+00
 1.81050000000005449e-06  4.95788242861086137e-01  9.91564797343157632e-03  1.90734859726413442e+00
 1.81150000000005457e-06  4.95788242861088468e-01  9.91564797363487377e-03  1.90734859761785835e+00
 1.81250000000005464e-06  4.95788242861090855e-01  9.91564797317281456e-03  1.90734859796806266e+00
 1.81350000000005472e-06  4.95788242861093131e-01  9.91564797252875336e-03  1.90734859831478221e+00
 1.81450000000005479e-06  4.95788242861095518e-01  9.91564797227526343e-03  1.90734859865805184e+00
 1.81550000000005487e-06  4.95788242861097850e-01  9.91564797257934831e-03  1.90734859899790576e+00
 1.81650000000005494e-06  4.95788242861100181e-01  9.91564797305242822e-03  1.90734859933437773e+00
 1.81750000000005502e-06  4.95788242861102513e-01  9.91564797330576377e-03  1.90734859966750170e+00
 1.81850000000005510e-06  4.95788242861104900e-01  9.91564797325014159e-03  1.90734859999731121e+00
 1.81950000000005517e-06  4.95788242861107231e-01  9.91564797302489642e-03  1.90734860032383868e+00
 1.82050000000005525e-06  4.95788242861109563e-01  9.91564797293709860e-03  1.90734860064711698e+00
 1.82150000000005532e-06  4.95788242861111950e-01  9.91564797304041352e-03  1.90734860096717851e+00
 1.82250000000005540e-06  4.95788242861114281e-01  9.91564797347868447e-03  1.90734860128405526e+00
 1.82350000000005547e-06  4.95788242861116613e-01  9.91564797362771977e-03  1.90734860159777897e+00
 1.82450000000005555e-06  4.95788242861118944e-01  9.91564797329729311e-03  1.90734860190838118e+00
 1.82550000000005562e-06  4.95788242861121331e-01  9.91564797267693344e-03  1.90734860221589253e+00
 1.82650000000005570e-06  4.95788242861123718e-01  9.91564797248230267e-03  1.90734860252034433e+00
 1.82750000000005577e-06  4.95788242861126049e-01  9.91564797298273917e-03  1.90734860282176655e+00
 1.82850000000005585e-06  4.95788242861128436e-01  9.91564797372214771e-03  1.90734860312018917e+00
 1.82950000000005592e-06  4.95788242861130879e-01  9.91564797380198315e-03  1.90734860341564261e+00
 1.83050000000005600e-06  4.95788242861133266e-01  9.91564797324095970e-03  1.90734860370815595e+00
 1.83150000000005607e-06  4.95788242861135597e-01  9.91564797254359739e-03  1.90734860399775852e+00
 1.83250000000005615e-06  4.95788242861137929e-01  9.91564797246112864e-03  1.90734860428447961e+00
 1.83350000000005622e-06  4.95788242861140260e-01  9.91564797317041544e-03  1.90734860456834765e+00
 1.83450000000005630e-06  4.95788242861142592e-01  9.91564797369847220e-03  1.90734860484939106e+00
 1.83550000000005637e-06  4.95788242861144979e-01  9.91564797339942149e-03  1.90734860512763804e+00
 1.83650000000005645e-06  4.95788242861147255e-01  9.91564797271576349e-03  1.90734860540311613e+00
 1.83750000000005652e-06  4.95788242861149642e-01  9.91564797230564711e-03  1.90734860567585285e+00
 1.83850000000005660e-06  4.95788242861151973e-01  9.91564797261131406e-03  1.90734860594587574e+00
 1.83950000000005667e-06  4.95788242861154305e-01  9.91564797333809728e-03  1.90734860621321234e+00
 1.84050000000005675e-06  4.95788242861156636e-01  9.91564797364644784e-03  1.90734860647788862e+00
 1.84150000000005682e-06  4.95788242861159023e-01  9.91564797327842452e-03  1.90734860673993123e+00
 1.84250000000005690e-06  4.95788242861161355e-01  9.91564797270230204e-03  1.90734860699936637e+00
 1.84350000000005697e-06  4.95788242861163686e-01  9.91564797257762053e-03  1.90734860725622024e+00
 1.84450000000005705e-06  4.95788242861166017e-01  9.91564797299290986e-03  1.90734860751051793e+00
 1.84550000000005712e-06  4.95788242861168404e-01  9.91564797335495705e-03  1.90734860776228521e+00
 1.84650000000005720e-06  4.95788242861170736e-01  9.91564797320963927e-03  1.90734860801154715e+00
 1.84750000000005727e-06  4.95788242861173067e-01  9.91564797248663775e-03  1.90734860825832930e+00
 1.84850000000005735e-06  4.95788242861175454e-01  9.91564797208508916e-03  1.90734860850265542e+00
 1.84950000000005742e-06  4.95788242861177841e-01  9.91564797261668303e-03  1.90734860874455081e+00
 1.85050000000005750e-06  4.95788242861180173e-01  9.91564797337384646e-03  1.90734860898403924e+00
 1.85150000000005757e-06  4.95788242861182504e-01  9.91564797359006239e-03  1.90734860922114424e+00
 1.85250000000005765e-06  4.95788242861184836e-01  9.91564797313728222e-03  1.90734860945589024e+00
 1.85350000000005772e-06  4.95788242861187223e-01  9.91564797254864717e-03  1.90734860968830033e+00
 1.85450000000005780e-06  4.95788242861189554e-01  9.91564797229531683e-03  1.90734860991839761e+00
 1.85550000000005787e-06  4.95788242861191941e-01  9.91564797266653031e-03  1.90734861014620538e+00
 1.85650000000005795e-06  4.95788242861194328e-01  9.91564797340699529e-03  1.90734861037174652e+00
 1.85750000000005803e-06  4.95788242861196660e-01  9.91564797379418557e-03  1.90734861059504346e+00
 1.85850000000005810e-06  4.95788242861198991e-01  9.91564797364999362e-03  1.90734861081611817e+00
 1.85950000000005818e-06  4.95788242861201323e-01  9.91564797296882496e-03  1.90734861103499287e+00
 1.86050000000005825e-06  4.95788242861203654e-01  9.91564797236024059e-03  1.90734861125168997e+00
 1.86150000000005833e-06  4.95788242861206041e-01  9.91564797235706605e-03  1.90734861146623058e+00
 1.86250000000005840e-06  4.95788242861208373e-01  9.91564797303744021e-03  1.90734861167863667e+00
 1.86350000000005848e-06  4.95788242861210704e-01  9.91564797356588555e-03  1.90734861188892912e+00
 1.86450000000005855e-06  4.95788242861213091e-01  9.91564797351308751e-03  1.90734861209712903e+00
 1.86550000000005863e-06  4.95788242861215533e-01  9.91564797305426182e-03  1.90734861230325747e+00
 1.86650000000005870e-06  4.95788242861217920e-01  9.91564797275360996e-03  1.90734861250733512e+00
 1.86750000000005878e-06  4.95788242861220252e-01  9.91564797278842759e-03  1.90734861270938194e+00
 1.86850000000005885e-06  4.95788242861222583e-01  9.91564797300717622e-03  1.90734861290941793e+00
 1.86950000000005893e-06  4.95788242861224915e-01  9.91564797320922293e-03  1.90734861310746373e+00
 1.87050000000005900e-06  4.95788242861227246e-01  9.91564797302456509e-03  1.90734861330353889e+00
 1.87150000000005908e-06  4.95788242861229633e-01  9.91564797279374452e-03  1.90734861349766316e+00
 1.87250000000005915e-06  4.95788242861231909e-01  9.91564797284443314e-03  1.90734861368985564e+00
 1.87350000000005923e-06  4.95788242861234185e-01  9.91564797309398872e-03  1.90734861388013544e+00
 1.87450000000005930e-06  4.95788242861236572e-01  9.91564797338669209e-03  1.90734861406852163e+00
 1.87550000000005938e-06  4.95788242861238904e-01  9.91564797352039069e-03  1.90734861425503355e+00
 1.87650000000005945e-06  4.95788242861241235e-01  9.91564797339457293e-03  1.90734861443968984e+00
 1.87750000000005953e-06  4.95788242861243622e-01  9.91564797304044822e-03  1.90734861462250849e+00
 1.87850000000005960e-06  4.95788242861245898e-01  9.91564797271972040e-03  1.90734861480350770e+00
 1.87950000000005968e-06  4.95788242861248285e-01  9.91564797256365600e-03  1.90734861498270636e+00
 1.88050000000005975e-06  4.95788242861250616e-01  9.91564797262734117e-03  1.90734861516012177e+00
 1.88150000000005983e-06  4.95788242861253003e-01  9.91564797283677433e-03  1.90734861533577216e+00
 1.88250000000005990e-06  4.95788242861255390e-01  9.91564797306201604e-03  1.90734861550967438e+00
 1.88350000000005998e-06  4.95788242861257722e-01  9.91564797332137628e-03  1.90734861568184622e+00
 1.88450000000006005e-06  4.95788242861260109e-01  9.91564797348078175e-03  1.90734861585230497e+00
 1.88550000000006013e-06  4.95788242861262496e-01  9.91564797313720589e-03  1.90734861602106753e+00
 1.88650000000006020e-06  4.95788242861264827e-01  9.91564797258576852e-03  1.90734861618815077e+00
 1.88750000000006028e-06  4.95788242861267214e-01  9.91564797250044268e-03  1.90734861635357111e+00
 1.88850000000006035e-06  4.95788242861269657e-01  9.91564797293400385e-03  1.90734861651734566e+00
 1.88950000000006043e-06  4.95788242861272044e-01  9.91564797350570279e-03  1.90734861667949085e+00
 1.89050000000006050e-06  4.95788242861274375e-01  9.91564797368084914e-03  1.90734861684002266e+00
 1.89150000000006058e-06  4.95788242861276707e-01  9.91564797338322958e-03  1.90734861699895708e+00
 1.89250000000006065e-06  4.95788242861279038e-01  9.91564797293998171e-03  1.90734861715631010e+00
 1.89350000000006073e-06  4.95788242861281370e-01  9.91564797275856953e-03  1.90734861731209704e+00
 1.89450000000006080e-06  4.95788242861283757e-01  9.91564797292625137e-03  1.90734861746633344e+00
 1.89550000000006088e-06  4.95788242861286033e-01  9.91564797307745854e-03  1.90734861761903551e+00
 1.89650000000006096e-06  4.95788242861288420e-01  9.91564797318563070e-03  1.90734861777021814e+00
 1.89750000000006103e-06  4.95788242861290751e-01  9.91564797335533522e-03  1.90734861791989618e+00
 1.89850000000006111e-06  4.95788242861293083e-01  9.91564797338391479e-03  1.90734861806808520e+00
 1.89950000000006118e-06  4.95788242861295414e-01  9.91564797323993101e-03  1.90734861821479962e+00
 1.90050000000006126e-06  4.95788242861297801e-01  9.91564797325343757e-03  1.90734861836005387e+00
 1.90150000000006133e-06  4.95788242861300132e-01  9.91564797327523090e-03  1.90734861850386306e+00
 1.90250000000006141e-06  4.95788242861302464e-01  9.91564797304137109e-03  1.90734861864624117e+00
 1.90350000000006148e-06  4.95788242861304851e-01  9.91564797291862553e-03  1.90734861878720241e+00
 1.90450000000006156e-06  4.95788242861307182e-01  9.91564797302083717e-03  1.90734861892676077e+00
 1.90550000000006163e-06  4.95788242861309514e-01  9.91564797338181404e-03  1.90734861906493069e+00
 1.90650000000006171e-06  4.95788242861311845e-01  9.91564797364098000e-03  1.90734861920172594e+00
 1.90750000000006178e-06  4.95788242861314232e-01  9.91564797332162434e-03  1.90734861933716005e+00
 1.90850000000006186e-06  4.95788242861316619e-01  9.91564797268753781e-03  1.90734861947124612e+00
 1.90950000000006193e-06  4.95788242861318951e-01  9.91564797252374869e-03  1.90734861960399837e+00
 1.91050000000006201e-06  4.95788242861321338e-01  9.91564797308080309e-03  1.90734861973542968e+00
 1.91150000000006208e-06  4.95788242861323780e-01  9.91564797373586417e-03  1.90734861986555293e+00
 1.91250000000006216e-06  4.95788242861326167e-01  9.91564797374732548e-03  1.90734861999438143e+00
 1.91350000000006223e-06  4.95788242861328499e-01  9.91564797294908554e-03  1.90734862012192807e+00
 1.91450000000006231e-06  4.95788242861330830e-01  9.91564797243462553e-03  1.90734862024820551e+00
 1.91550000000006238e-06  4.95788242861333162e-01  9.91564797263507283e-03  1.90734862037322639e+00
 1.91650000000006246e-06  4.95788242861335493e-01  9.91564797315991689e-03  1.90734862049700338e+00
 1.91750000000006253e-06  4.95788242861337880e-01  9.91564797333803483e-03  1.90734862061954846e+00
 1.91850000000006261e-06  4.95788242861340156e-01  9.91564797315055979e-03  1.90734862074087430e+00
 1.91950000000006268e-06  4.95788242861342543e-01  9.91564797311665289e-03  1.90734862086099288e+00
 1.92050000000006276e-06  4.95788242861344874e-01  9.91564797339646031e-03  1.90734862097991642e+00
 1.92150000000006283e-06  4.95788242861347206e-01  9.91564797380871214e-03  1.90734862109765668e+00
 1.92250000000006291e-06  4.95788242861349537e-01  9.91564797358071223e-03  1.90734862121422521e+00
 1.92350000000006298e-06  4.95788242861351924e-01  9.91564797296631828e-03  1.90734862132963379e+00
 1.92450000000006306e-06  4.95788242861354256e-01  9.91564797265895477e-03  1.90734862144389394e+00
 1.92550000000006313e-06  4.95788242861356587e-01  9.91564797284732839e-03  1.90734862155701701e+00
 1.92650000000006321e-06  4.95788242861358919e-01  9.91564797328032925e-03  1.90734862166901453e+00
 1.92750000000006328e-06  4.95788242861361306e-01  9.91564797354874648e-03  1.90734862177989806e+00
 1.92850000000006336e-06  4.95788242861363637e-01  9.91564797348135421e-03  1.90734862188967780e+00
 1.92950000000006343e-06  4.95788242861365969e-01  9.91564797312576539e-03  1.90734862199836552e+00
 1.93050000000006351e-06  4.95788242861368356e-01  9.91564797274403775e-03  1.90734862210597123e+00
 1.93150000000006358e-06  4.95788242861370743e-01  9.91564797248691877e-03  1.90734862221250667e+00
 1.93250000000006366e-06  4.95788242861373074e-01  9.91564797252700650e-03  1.90734862231798208e+00
 1.93350000000006373e-06  4.95788242861375406e-01  9.91564797300007426e-03  1.90734862242240788e+00
 1.93450000000006381e-06  4.95788242861377737e-01  9.91564797354677410e-03  1.90734862252579451e+00
 1.93550000000006389e-06  4.95788242861380124e-01  9.91564797365572168e-03  1.90734862262815197e+00
 1.93650000000006396e-06  4.95788242861382455e-01  9.91564797325813346e-03  1.90734862272949135e+00
 1.93750000000006404e-06  4.95788242861384842e-01  9.91564797286172486e-03  1.90734862282982243e+00
 1.93850000000006411e-06  4.95788242861387229e-01  9.91564797297438474e-03  1.90734862292915541e+00
 1.93950000000006419e-06  4.95788242861389561e-01  9.91564797341224283e-03  1.90734862302749963e+00
 1.94050000000006426e-06  4.95788242861391892e-01  9.91564797356782671e-03  1.90734862312486531e+00
 1.94150000000006434e-06  4.95788242861394224e-01  9.91564797326758077e-03  1.90734862322126220e+00
 1.94250000000006441e-06  4.95788242861396555e-01  9.91564797296782402e-03  1.90734862331669963e+00
 1.94350000000006449e-06  4.95788242861398942e-01  9.91564797297164388e-03  1.90734862341118783e+00
 1.94450000000006456e-06  4.95788242861401274e-01  9.91564797312254401e-03  1.90734862350473566e+00
 1.94550000000006464e-06  4.95788242861403605e-01  9.91564797339544550e-03  1.90734862359735269e+00
 1.94650000000006471e-06  4.95788242861405992e-01  9.91564797366974691e-03  1.90734862368904801e+00
 1.94750000000006479e-06  4.95788242861408435e-01  9.91564797388314392e-03  1.90734862377983116e+00
 1.94850000000006486e-06  4.95788242861410822e-01  9.91564797376364923e-03  1.90734862386971082e+00
 1.94950000000006494e-06  4.95788242861413153e-01  9.91564797326477398e-03  1.90734862395869631e+00
 1.95050000000006501e-06  4.95788242861415485e-01  9.91564797277253926e-03  1.90734862404679584e+00
 1.95150000000006509e-06  4.95788242861417816e-01  9.91564797270412523e-03  1.90734862413401873e+00
 1.95250000000006516e-06  4.95788242861420148e-01  9.91564797303849318e-03  1.90734862422037388e+00
 1.95350000000006524e-06  4.95788242861422535e-01  9.91564797342299638e-03  1.90734862430586993e+00
 1.95450000000006531e-06  4.95788242861424810e-01  9.91564797367168807e-03  1.90734862439051533e+00
 1.95550000000006539e-06  4.95788242861427086e-01  9.91564797377922011e-03  1.90734862447431852e+00
 1.95650000000006546e-06  4.95788242861429473e-01  9.91564797341120199e-03  1.90734862455728726e+00
 1.95750000000006554e-06  4.95788242861431805e-01  9.91564797274897651e-03  1.90734862463943089e+00
 1.95850000000006561e-06  4.95788242861434136e-01  9.91564797233334370e-03  1.90734862472075717e+00
 1.95950000000006569e-06  4.95788242861436523e-01  9.91564797253112820e-03  1.90734862480127432e+00
 1.96050000000006576e-06  4.95788242861438799e-01  9.91564797323249945e-03  1.90734862488099011e+00
 1.96150000000006584e-06  4.95788242861441186e-01  9.91564797362815865e-03  1.90734862495991275e+00
 1.96250000000006591e-06  4.95788242861443518e-01  9.91564797333393914e-03  1.90734862503804981e+00
 1.96350000000006599e-06  4.95788242861445905e-01  9.91564797279987850e-03  1.90734862511540948e+00
 1.96450000000006606e-06  4.95788242861448292e-01  9.91564797258454901e-03  1.90734862519199933e+00
 1.96550000000006614e-06  4.95788242861450623e-01  9.91564797289549472e-03  1.90734862526782711e+00
 1.96650000000006621e-06  4.95788242861453010e-01  9.91564797338008799e-03  1.90734862534290017e+00
 1.96750000000006629e-06  4.95788242861455397e-01  9.91564797357080349e-03  1.90734862541722627e+00
 1.96850000000006636e-06  4.95788242861457729e-01  9.91564797343224419e-03  1.90734862549081252e+00
 1.96950000000006644e-06  4.95788242861460116e-01  9.91564797308594134e-03  1.90734862556366691e+00
 1.97050000000006651e-06  4.95788242861462558e-01  9.91564797294560048e-03  1.90734862563579655e+00
 1.97150000000006659e-06  4.95788242861464945e-01  9.91564797316004526e-03  1.90734862570720831e+00
 1.97250000000006666e-06  4.95788242861467277e-01  9.91564797337114029e-03  1.90734862577790953e+00
 1.97350000000006674e-06  4.95788242861469608e-01  9.91564797329528951e-03  1.90734862584790732e+00
 1.97450000000006682e-06  4.95788242861471939e-01  9.91564797312448863e-03  1.90734862591720855e+00
 1.97550000000006689e-06  4.95788242861474271e-01  9.91564797322018292e-03  1.90734862598581989e+00
 1.97650000000006697e-06  4.95788242861476658e-01  9.91564797346078386e-03  1.90734862605374844e+00
 1.97750000000006704e-06  4.95788242861478934e-01  9.91564797324955526e-03  1.90734862612100153e+00
 1.97850000000006712e-06  4.95788242861481321e-01  9.91564797279797204e-03  1.90734862618758561e+00
 1.97950000000006719e-06  4.95788242861483652e-01  9.91564797256106606e-03  1.90734862625350687e+00
 1.98050000000006727e-06  4.95788242861485984e-01  9.91564797272165288e-03  1.90734862631877222e+00
 1.98150000000006734e-06  4.95788242861488315e-01  9.91564797318501140e-03  1.90734862638338831e+00
 1.98250000000006742e-06  4.95788242861490702e-01  9.91564797357011654e-03  1.90734862644736136e+00
 1.98350000000006749e-06  4.95788242861493034e-01  9.91564797351410059e-03  1.90734862651069759e+00
 1.98450000000006757e-06  4.95788242861495365e-01  9.91564797317242078e-03  1.90734862657340387e+00
 1.98550000000006764e-06  4.95788242861497752e-01  9.91564797293084145e-03  1.90734862663548599e+00
 1.98650000000006772e-06  4.95788242861500084e-01  9.91564797300031366e-03  1.90734862669695060e+00
 1.98750000000006779e-06  4.95788242861502415e-01  9.91564797320395805e-03  1.90734862675780348e+00
 1.98850000000006787e-06  4.95788242861504747e-01  9.91564797322695181e-03  1.90734862681805084e+00
 1.98950000000006794e-06  4.95788242861507134e-01  9.91564797333498518e-03  1.90734862687769846e+00
 1.99050000000006802e-06  4.95788242861509520e-01  9.91564797353812477e-03  1.90734862693675278e+00
 1.99150000000006809e-06  4.95788242861511852e-01  9.91564797355937860e-03  1.90734862699521934e+00
 1.99250000000006817e-06  4.95788242861514183e-01  9.91564797324499120e-03  1.90734862705310459e+00
 1.99350000000006824e-06  4.95788242861516515e-01  9.91564797277802445e-03  1.90734862711041386e+00
 1.99450000000006832e-06  4.95788242861518902e-01  9.91564797263168492e-03  1.90734862716715248e+00
 1.99550000000006839e-06  4.95788242861521233e-01  9.91564797305850842e-03  1.90734862722332621e+00
 1.99650000000006847e-06  4.95788242861523620e-01  9.91564797363864679e-03  1.90734862727894128e+00
 1.99750000000006854e-06  4.95788242861526007e-01  9.91564797371587495e-03  1.90734862733400301e+00
 1.99850000000006862e-06  4.95788242861528339e-01  9.91564797333308393e-03  1.90734862738851696e+00
 1.99925000000003426e-06  4.95788242861530115e-01  9.91564797294297411e-03  1.90734862742904543e+00
 1.99999999999999991e-06  4.95788242861531891e-01  9.91564797277407102e-03  1.90734862746927147e+00
 2.00009999999999971e-06  4.95788242861532114e-01  9.91564797278145574e-03  1.90734862747460943e+00
 2.00029999999999972e-06  4.95788242861532558e-01  9.91564797283455042e-03  1.90734862748527267e+00
 2.00036874999999987e-06  4.95788242861532669e-01  9.91564797286561585e-03  1.90734862748893397e+00
 2.00048906250000024e-06  4.95788242861532891e-01  9.91564797293375752e-03  1.90734862749533507e+00
 2.00049561063541797e-06  4.98334635939308379e-01  9.91564797293803188e-03  1.90734862749568301e+00
 2.00050376594302184e-06  5.01583070863641733e-01  9.91564797294340605e-03  1.90734862749611689e+00
 2.00051119579177146e-06  5.04544304089206475e-01  9.91564797294837430e-03  1.90734862749651213e+00
 2.00051988289203080e-06  5.07975409562123059e-01  9.91564797295422032e-03  1.90734862749697398e+00
 2.00053358307735413e-06  5.13296092710699758e-01  9.91564797296369364e-03  1.90734862749770229e+00
 2.00055571540142621e-06  5.21651056932342594e-01  9.91564797297874410e-03  1.90734862749887868e+00
 2.00059998004957037e-06  5.37512083559577025e-01  9.91564797300944697e-03  1.90734862750123035e+00
 2.00064420443484364e-06  5.52304165748649378e-01  9.91564797304074659e-03  1.90734862750357892e+00
 2.00069111535373814e-06  5.66940303731884532e-01  9.91564797307426318e-03  1.90734862750606893e+00
 2.00073753709943179e-06  5.80449728426210676e-01  9.91564797310812845e-03  1.90734862750853162e+00
 2.00078541438453919e-06  5.93462369768618436e-01  9.91564797314449520e-03  1.90734862751107070e+00
 2.00083395558508632e-06  6.05791077153335134e-01  9.91564797318333739e-03  1.90734862751364376e+00
 2.00088447402145194e-06  6.17787042749194271e-01  9.91564797322577567e-03  1.90734862751631962e+00
 2.00093636849803206e-06  6.29309660132408966e-01  9.91564797326897895e-03  1.90734862751906720e+00
 2.00096818424901602e-06  6.36001963903450540e-01  9.91564797329476735e-03  1.90734862752075118e+00
 2.00099999999999998e-06  6.42434386794335399e-01  9.91564797332030595e-03  1.90734862752243473e+00
 2.00100636315019661e-06  6.43685394795959098e-01  9.91564797332538522e-03  1.90734862752277134e+00
 2.00101908945059028e-06  6.46164974793590141e-01  9.91564797333548305e-03  1.90734862752344458e+00
 2.00104454205137762e-06  6.51019564254463612e-01  9.91564797335599789e-03  1.90734862752479062e+00
 2.00109304069816727e-06  6.59894265128790902e-01  9.91564797339572479e-03  1.90734862752735435e+00
 2.00114638001019096e-06  6.69124480416464551e-01  9.91564797343959248e-03  1.90734862753017276e+00
 2.00120866654170625e-06  6.79264765782632951e-01  9.91564797349211643e-03  1.90734862753346190e+00
 2.00127781084164029e-06  6.89800518792850537e-01  9.91564797354729452e-03  1.90734862753711054e+00
 2.00134660052448562e-06  6.99611246498517692e-01  9.91564797360035624e-03  1.90734862754073764e+00
 2.00142131682116567e-06  7.09598160981473658e-01  9.91564797365404420e-03  1.90734862754467471e+00
 2.00149682248334827e-06  7.19064935238837855e-01  9.91564797370136745e-03  1.90734862754865042e+00
 2.00157895281430096e-06  7.28734902850705080e-01  9.91564797374214560e-03  1.90734862755297163e+00
 2.00166387415712574e-06  7.38128330599256310e-01  9.91564797377415125e-03  1.90734862755743628e+00
 2.00175638416117958e-06  7.47747479375440505e-01  9.91564797379373974e-03  1.90734862756229551e+00
 2.00185366904903370e-06  7.57257122508658842e-01  9.91564797379201543e-03  1.90734862756740098e+00
 2.00195997626630179e-06  7.67026798751242023e-01  9.91564797376297095e-03  1.90734862757297385e+00
 2.00207357456034906e-06  7.76836901573879079e-01  9.91564797369866302e-03  1.90734862757892243e+00
 2.00219869391719342e-06  7.86982131812892671e-01  9.91564797358777256e-03  1.90734862758546653e+00
 2.00233492514872483e-06  7.97337239877057069e-01  9.91564797341961020e-03  1.90734862759258283e+00
 2.00248725864016764e-06  8.08165955641835354e-01  9.91564797317893466e-03  1.90734862760052870e+00
 2.00265746090648805e-06  8.19438631847715371e-01  9.91564797285987738e-03  1.90734862760939206e+00
 2.00284312140398405e-06  8.30854338739012044e-01  9.91564797249388022e-03  1.90734862761904300e+00
 2.00304720631297365e-06  8.42460397166329367e-01  9.91564797211480671e-03  1.90734862762963142e+00
 2.00326887408198803e-06  8.54067705668755561e-01  9.91564797177577062e-03  1.90734862764110757e+00
 2.00351083161470448e-06  8.65674396947073932e-01  9.91564797158632147e-03  1.90734862765360580e+00
 2.00377176578684464e-06  8.77075344839968962e-01  9.91564797164731782e-03  1.90734862766704971e+00
 2.00405277778628641e-06  8.88191313678357353e-01  9.91564797198921273e-03  1.90734862768148883e+00
 2.00435168608683708e-06  8.98829727548039248e-01  9.91564797256594063e-03  1.90734862769680302e+00
 2.00466867621267550e-06  9.08918913189230682e-01  9.91564797320156760e-03  1.90734862771299385e+00
 2.00500193157633793e-06  9.18347536485250027e-01  9.91564797372558766e-03  1.90734862772995961e+00
 2.00535203757381090e-06  9.27100798198519760e-01  9.91564797398774254e-03  1.90734862774772318e+00
 2.00571836775744052e-06  9.35146132223397930e-01  9.91564797397816514e-03  1.90734862776624348e+00
 2.00610230434475516e-06  9.42507602030115077e-01  9.91564797387980978e-03  1.90734862778558134e+00
 2.00650432402155338e-06  9.49193484433397905e-01  9.91564797386659813e-03  1.90734862780575054e+00
 2.00692643661129010e-06  9.55240287112903985e-01  9.91564797388275188e-03  1.90734862782684056e+00
 2.00736994980868965e-06  9.60671554539218153e-01  9.91564797363776382e-03  1.90734862784890402e+00
 2.00783739832556727e-06  9.65524843811848554e-01  9.91564797276101896e-03  1.90734862787205262e+00
 2.00833086563610898e-06  9.69829180002049318e-01  9.91564797135013366e-03  1.90734862789637227e+00
 2.00885354740411571e-06  9.73621016047088172e-01  9.91564797044068927e-03  1.90734862792200133e+00
 2.00940850182043739e-06  9.76931915114882310e-01  9.91564797135248074e-03  1.90734862794906634e+00
 2.00999995144796243e-06  9.79797481834570494e-01  9.91564797398574761e-03  1.90734862797774651e+00
 2.01063238142014561e-06  9.82250647994622916e-01  9.91564797605505067e-03  1.90734862800822702e+00
 2.01131168834317387e-06  9.84326404338303762e-01  9.91564797506665381e-03  1.90734862804075234e+00
 2.01204460951748281e-06  9.86058199992628004e-01  9.91564797163791561e-03  1.90734862807559802e+00
 2.01283986351666161e-06  9.87480301427927976e-01  9.91564796987420317e-03  1.90734862811311978e+00
 2.01370798941139242e-06  9.88625902722196415e-01  9.91564797227177143e-03  1.90734862815374040e+00
 2.01466273256977225e-06  9.89528188856364732e-01  9.91564797527091750e-03  1.90734862819800943e+00
 2.01566273256977232e-06  9.90186109562032568e-01  9.91564797420795702e-03  1.90734862824392604e+00
 2.01666273256977240e-06  9.90637350816269024e-01  9.91564797110743024e-03  1.90734862828938567e+00
 2.01766273256977247e-06  9.90945446244691386e-01  9.91564797080992343e-03  1.90734862833439300e+00
 2.01866273256977255e-06  9.91155260146393324e-01  9.91564797288077386e-03  1.90734862837895247e+00
 2.01966273256977263e-06  9.91297929496368302e-01  9.91564797414339061e-03  1.90734862842306852e+00
 2.02066273256977270e-06  9.91394857229231485e-01  9.91564797326048401e-03  1.90734862846674558e+00
 2.02166273256977278e-06  9.91460675243080125e-01  9.91564797211069195e-03  1.90734862850998832e+00
 2.02266273256977285e-06  9.91505355227545238e-01  9.91564797230740959e-03  1.90734862855280052e+00
 2.02366273256977293e-06  9.91535680629782701e-01  9.91564797320715688e-03  1.90734862859518706e+00
 2.02466273256977300e-06  9.91556261164436958e-01  9.91564797354087431e-03  1.90734862863715127e+00
 2.02566273256977308e-06  9.91570227458410725e-01  9.91564797321355454e-03  1.90734862867869781e+00
 2.02666273256977315e-06  9.91579704887765812e-01  9.91564797286965949e-03  1.90734862871983135e+00
 2.02766273256977323e-06  9.91586136076967883e-01  9.91564797304041873e-03  1.90734862876055589e+00
 2.02866273256977330e-06  9.91590500103240569e-01  9.91564797329783781e-03  1.90734862880087475e+00
 2.02966273256977338e-06  9.91593461389361885e-01  9.91564797313702548e-03  1.90734862884079215e+00
 2.03066273256977345e-06  9.91595470807589585e-01  9.91564797267547281e-03  1.90734862888031276e+00
 2.03166273256977353e-06  9.91596834318433817e-01  9.91564797261727283e-03  1.90734862891944013e+00
 2.03266273256977360e-06  9.91597759544560087e-01  9.91564797286977571e-03  1.90734862895817803e+00
 2.03366273256977368e-06  9.91598387371920409e-01  9.91564797315233962e-03  1.90734862899653002e+00
 2.03466273256977375e-06  9.91598813397004397e-01  9.91564797330026990e-03  1.90734862903450098e+00
 2.03566273256977383e-06  9.91599102482832895e-01  9.91564797313331837e-03  1.90734862907209402e+00
 2.03666273256977390e-06  9.91599298641779314e-01  9.91564797284969109e-03  1.90734862910931291e+00
 2.03766273256977398e-06  9.91599431743929949e-01  9.91564797283379235e-03  1.90734862914616143e+00
 2.03866273256977405e-06  9.91599522064939287e-01  9.91564797327607224e-03  1.90734862918264314e+00
 2.03966273256977413e-06  9.91599583363211967e-01  9.91564797379110296e-03  1.90734862921876203e+00
 2.04066273256977420e-06  9.91599624966265525e-01  9.91564797383356206e-03  1.90734862925452142e+00
 2.04166273256977428e-06  9.91599653196365782e-01  9.91564797343737724e-03  1.90734862928992510e+00
 2.04266273256977435e-06  9.91599672343126293e-01  9.91564797287328506e-03  1.90734862932497662e+00
 2.04366273256977443e-06  9.91599685326544855e-01  9.91564797279418514e-03  1.90734862935967908e+00
 2.04466273256977450e-06  9.91599694137795917e-01  9.91564797332669147e-03  1.90734862939403604e+00
 2.04566273256977458e-06  9.91599700124025318e-01  9.91564797363443662e-03  1.90734862942805150e+00
 2.04666273256977465e-06  9.91599704191292397e-01  9.91564797358574987e-03  1.90734862946172856e+00
 2.04766273256977473e-06  9.91599706950899495e-01  9.91564797335508369e-03  1.90734862949507056e+00
 2.04866273256977480e-06  9.91599708818971859e-01  9.91564797311482449e-03  1.90734862952808082e+00
 2.04966273256977488e-06  9.91599710081465635e-01  9.91564797300100234e-03  1.90734862956076245e+00
 2.05066273256977495e-06  9.91599710934078837e-01  9.91564797292713955e-03  1.90734862959311857e+00
 2.05166273256977503e-06  9.91599711507749615e-01  9.91564797270333941e-03  1.90734862962515339e+00
 2.05266273256977510e-06  9.91599711892046431e-01  9.91564797256799454e-03  1.90734862965686935e+00
 2.05366273256977518e-06  9.91599712153934942e-01  9.91564797292992725e-03  1.90734862968826935e+00
 2.05466273256977525e-06  9.91599712340642814e-01  9.91564797348530765e-03  1.90734862971935715e+00
 2.05566273256977533e-06  9.91599712476670003e-01  9.91564797362812049e-03  1.90734862975013564e+00
 2.05666273256977540e-06  9.91599712570300551e-01  9.91564797326461092e-03  1.90734862978060749e+00
 2.05766273256977548e-06  9.91599712626917595e-01  9.91564797280222038e-03  1.90734862981077646e+00
 2.05866273256977556e-06  9.91599712656123011e-01  9.91564797255795050e-03  1.90734862984064524e+00
 2.05966273256977563e-06  9.91599712673597589e-01  9.91564797287489141e-03  1.90734862987021647e+00
 2.06066273256977571e-06  9.91599712691344615e-01  9.91564797332375805e-03  1.90734862989949350e+00
 2.06166273256977578e-06  9.91599712711194292e-01  9.91564797349924441e-03  1.90734862992847942e+00
 2.06266273256977586e-06  9.91599712726424110e-01  9.91564797321769012e-03  1.90734862995717691e+00
 2.06366273256977593e-06  9.91599712731016991e-01  9.91564797279100192e-03  1.90734862998558907e+00
 2.06466273256977601e-06  9.91599712727130878e-01  9.91564797266176329e-03  1.90734863001371857e+00
 2.06566273256977608e-06  9.91599712724043680e-01  9.91564797299847311e-03  1.90734863004156785e+00
 2.06666273256977616e-06  9.91599712729524185e-01  9.91564797350098955e-03  1.90734863006914002e+00
 2.06766273256977623e-06  9.91599712743317818e-01  9.91564797378199567e-03  1.90734863009643796e+00
 2.06866273256977631e-06  9.91599712756546459e-01  9.91564797354233668e-03  1.90734863012346412e+00
 2.06966273256977638e-06  9.91599712760330210e-01  9.91564797305514480e-03  1.90734863015022116e+00
 2.07066273256977646e-06  9.91599712754416718e-01  9.91564797280804905e-03  1.90734863017671219e+00
 2.07166273256977653e-06  9.91599712747411322e-01  9.91564797305097799e-03  1.90734863020293921e+00
 2.07266273256977661e-06  9.91599712745270701e-01  9.91564797328574506e-03  1.90734863022890533e+00
 2.07366273256977668e-06  9.91599712743670647e-01  9.91564797301967490e-03  1.90734863025461365e+00
 2.07466273256977676e-06  9.91599712736389582e-01  9.91564797259327294e-03  1.90734863028006574e+00
 2.07566273256977683e-06  9.91599712726387694e-01  9.91564797263249330e-03  1.90734863030526491e+00
 2.07666273256977691e-06  9.91599712722927684e-01  9.91564797313356124e-03  1.90734863033021362e+00
 2.07766273256977698e-06  9.91599712729077432e-01  9.91564797347665484e-03  1.90734863035491364e+00
 2.07866273256977706e-06  9.91599712738522654e-01  9.91564797337761254e-03  1.90734863037936808e+00
 2.07966273256977713e-06  9.91599712744769768e-01  9.91564797318138583e-03  1.90734863040357872e+00
 2.08066273256977721e-06  9.91599712748155615e-01  9.91564797323610074e-03  1.90734863042754865e+00
 2.08166273256977728e-06  9.91599712753532536e-01  9.91564797353669883e-03  1.90734863045128011e+00
 2.08266273256977736e-06  9.91599712760444452e-01  9.91564797354898067e-03  1.90734863047477554e+00
 2.08366273256977743e-06  9.91599712762945118e-01  9.91564797319991267e-03  1.90734863049803693e+00
 2.08466273256977751e-06  9.91599712757395779e-01  9.91564797283602840e-03  1.90734863052106718e+00
 2.08566273256977758e-06  9.91599712746044970e-01  9.91564797268121821e-03  1.90734863054386827e+00
 2.08666273256977766e-06  9.91599712734531291e-01  9.91564797275194115e-03  1.90734863056644222e+00
 2.08766273256977773e-06  9.91599712727700422e-01  9.91564797294708020e-03  1.90734863058879189e+00
 2.08866273256977781e-06  9.91599712727315841e-01  9.91564797315504752e-03  1.90734863061091908e+00
 2.08966273256977788e-06  9.91599712733497118e-01  9.91564797341491257e-03  1.90734863063282600e+00
 2.09066273256977796e-06  9.91599712744543393e-01  9.91564797361102306e-03  1.90734863065451510e+00
 2.09166273256977803e-06  9.91599712754624218e-01  9.91564797346123489e-03  1.90734863067598837e+00
 2.09266273256977811e-06  9.91599712757522123e-01  9.91564797309283860e-03  1.90734863069724758e+00
 2.09366273256977818e-06  9.91599712751761064e-01  9.91564797278910934e-03  1.90734863071829563e+00
 2.09466273256977826e-06  9.91599712744082984e-01  9.91564797294879063e-03  1.90734863073913430e+00
 2.09566273256977833e-06  9.91599712741669248e-01  9.91564797327613989e-03  1.90734863075976580e+00
 2.09666273256977841e-06  9.91599712747115558e-01  9.91564797358467434e-03  1.90734863078019146e+00
 2.09766273256977849e-06  9.91599712757048724e-01  9.91564797365737140e-03  1.90734863080041439e+00
 2.09866273256977856e-06  9.91599712762656460e-01  9.91564797326461786e-03  1.90734863082043593e+00
 2.09966273256977864e-06  9.91599712755677376e-01  9.91564797258531055e-03  1.90734863084025830e+00
 2.10033136628488904e-06  9.91599712743972073e-01  9.91564797231424960e-03  1.90734863085340156e+00
 2.10099999999999987e-06  9.91599712730047544e-01  9.91564797233811072e-03  1.90734863086645778e+00
 2.10100999999999973e-06  9.91599811910084394e-01  9.91564797234081689e-03  1.90734863086665207e+00
 2.10102999999999986e-06  9.91600245987734885e-01  9.91564797234628127e-03  1.90734863086704109e+00
 2.10106500000000019e-06  9.91601893654862732e-01  9.91564797235677114e-03  1.90734863086772166e+00
 2.10110000000000009e-06  9.91604682519879210e-01  9.91564797236849961e-03  1.90734863086840245e+00
 2.10110700000000007e-06  9.91605350693216203e-01  9.91564797237103925e-03  1.90734863086853879e+00
 2.10112100000000004e-06  9.91606678232425987e-01  9.91564797237618964e-03  1.90734863086881079e+00
 2.10114899999999996e-06  9.91609292139795762e-01  9.91564797238721207e-03  1.90734863086935524e+00
 2.10120500000000024e-06  9.91614358989461819e-01  9.91564797241160922e-03  1.90734863087044260e+00
 2.10131700000000079e-06  9.91623910641334039e-01  9.91564797246652883e-03  1.90734863087261663e+00
 2.10141124999999984e-06  9.91631407546062271e-01  9.91564797252231928e-03  1.90734863087444406e+00
 2.10146143750000175e-06  9.91635214291585743e-01  9.91564797255594169e-03  1.90734863087541617e+00
 2.10154007812499753e-06  9.91640950971056867e-01  9.91564797261197152e-03  1.90734863087693873e+00
 2.10163501953124933e-06  9.91649537017764593e-01  9.91564797268634779e-03  1.90734863087877504e+00
 2.10182490234375250e-06  9.91667798812581935e-01  9.91564797285446851e-03  1.90734863088244300e+00
 2.10199999999999995e-06  9.91685091373417538e-01  9.91564797302657563e-03  1.90734863088581963e+00
 2.10200999999999980e-06  9.91685991372425635e-01  9.91564797303678101e-03  1.90734863088601236e+00
 2.10202999999999993e-06  9.91687551370441955e-01  9.91564797305765841e-03  1.90734863088639761e+00
 2.10206499999999984e-06  9.91689361644748413e-01  9.91564797309408587e-03  1.90734863088707152e+00
 2.10209999999999975e-06  9.91689965067202972e-01  9.91564797313065904e-03  1.90734863088774542e+00
 2.10210699999999973e-06  9.91689965066508639e-01  9.91564797313804550e-03  1.90734863088788020e+00
 2.10212099999999969e-06  9.91689965065119861e-01  9.91564797315266748e-03  1.90734863088814954e+00
 2.10214899999999962e-06  9.91689965062342638e-01  9.91564797318235727e-03  1.90734863088868800e+00
 2.10220499999999947e-06  9.91689965056788525e-01  9.91564797324201962e-03  1.90734863088976470e+00
 2.10231699999999917e-06  9.91689965045680522e-01  9.91564797336473569e-03  1.90734863089191631e+00
 2.10254099999999858e-06  9.91689965023464293e-01  9.91564797360973242e-03  1.90734863089621354e+00
 2.10298899999999739e-06  9.91689964979032612e-01  9.91564797398067008e-03  1.90734863090477957e+00
 2.10388499999999502e-06  9.91689964890169362e-01  9.91564797383572352e-03  1.90734863092179618e+00
 2.10488499999999509e-06  9.91689964790991252e-01  9.91564797278938689e-03  1.90734863094060936e+00
 2.10588499999999517e-06  9.91689964691813253e-01  9.91564797208862453e-03  1.90734863095923535e+00
 2.10688499999999524e-06  9.91689964592635254e-01  9.91564797225101893e-03  1.90734863097767615e+00
 2.10788499999999532e-06  9.91689964493457365e-01  9.91564797288410453e-03  1.90734863099593355e+00
 2.10888499999999540e-06  9.91689964394279588e-01  9.91564797332085066e-03  1.90734863101400953e+00
 2.10988499999999547e-06  9.91689964295101811e-01  9.91564797340671773e-03  1.90734863103190566e+00
 2.11088499999999555e-06  9.91689964195923923e-01  9.91564797315232747e-03  1.90734863104962371e+00
 2.11188499999999562e-06  9.91689964096746146e-01  9.91564797279707519e-03  1.90734863106716546e+00
 2.11288499999999570e-06  9.91689963997568369e-01  9.91564797263558978e-03  1.90734863108453223e+00
 2.11388499999999577e-06  9.91689963898390481e-01  9.91564797296253311e-03  1.90734863110172626e+00
 2.11488499999999585e-06  9.91689963799212704e-01  9.91564797331421013e-03  1.90734863111874930e+00
 2.11588499999999592e-06  9.91689963700034816e-01  9.91564797347971663e-03  1.90734863113560271e+00
 2.11688499999999600e-06  9.91689963600857038e-01  9.91564797335815241e-03  1.90734863115228848e+00
 2.11788499999999607e-06  9.91689963501679150e-01  9.91564797293276179e-03  1.90734863116880837e+00
 2.11888499999999615e-06  9.91689963402501262e-01  9.91564797258063027e-03  1.90734863118516396e+00
 2.11988499999999622e-06  9.91689963303323374e-01  9.91564797254025285e-03  1.90734863120135678e+00
 2.12088499999999630e-06  9.91689963204145486e-01  9.91564797263467905e-03  1.90734863121738840e+00
 2.12188499999999637e-06  9.91689963104967820e-01  9.91564797292645607e-03  1.90734863123326059e+00
 2.12288499999999645e-06  9.91689963005790043e-01  9.91564797324454364e-03  1.90734863124897491e+00
 2.12388499999999652e-06  9.91689962906612266e-01  9.91564797350171986e-03  1.90734863126453247e+00
 2.12488499999999660e-06  9.91689962807434378e-01  9.91564797364430199e-03  1.90734863127993526e+00
 2.12588499999999667e-06  9.91689962708256600e-01  9.91564797344962959e-03  1.90734863129518506e+00
 2.12688499999999675e-06  9.91689962609078823e-01  9.91564797293158912e-03  1.90734863131028343e+00
 2.12788499999999682e-06  9.91689962509900935e-01  9.91564797268371968e-03  1.90734863132523125e+00
 2.12888499999999690e-06  9.91689962410723158e-01  9.91564797305698534e-03  1.90734863134003030e+00
 2.12988499999999697e-06  9.91689962311545270e-01  9.91564797347687168e-03  1.90734863135468213e+00
 2.13088499999999705e-06  9.91689962212367493e-01  9.91564797340202704e-03  1.90734863136918809e+00
 2.13188499999999712e-06  9.91689962113189605e-01  9.91564797288551833e-03  1.90734863138354949e+00
 2.13288499999999720e-06  9.91689962014011717e-01  9.91564797262303385e-03  1.90734863139776833e+00
 2.13388499999999727e-06  9.91689961914833829e-01  9.91564797280459348e-03  1.90734863141184574e+00
 2.13488499999999735e-06  9.91689961815656051e-01  9.91564797309383607e-03  1.90734863142578304e+00
 2.13588499999999742e-06  9.91689961716478274e-01  9.91564797325985084e-03  1.90734863143958133e+00
 2.13688499999999750e-06  9.91689961617300497e-01  9.91564797326643411e-03  1.90734863145324285e+00
 2.13788499999999757e-06  9.91689961518122720e-01  9.91564797319351501e-03  1.90734863146676803e+00
 2.13888499999999765e-06  9.91689961418944943e-01  9.91564797323350386e-03  1.90734863148015865e+00
 2.13988499999999772e-06  9.91689961319767055e-01  9.91564797329584288e-03  1.90734863149341582e+00
 2.14088499999999780e-06  9.91689961220589278e-01  9.91564797325677864e-03  1.90734863150654110e+00
 2.14188499999999787e-06  9.91689961121411390e-01  9.91564797328707212e-03  1.90734863151953582e+00
 2.14288499999999795e-06  9.91689961022233613e-01  9.91564797353153109e-03  1.90734863153240153e+00
 2.14388499999999802e-06  9.91689960923055724e-01  9.91564797379198767e-03  1.90734863154513934e+00
 2.14488499999999810e-06  9.91689960823877836e-01  9.91564797378164525e-03  1.90734863155775014e+00
 2.14588499999999817e-06  9.91689960724699837e-01  9.91564797345306087e-03  1.90734863157023549e+00
 2.14688499999999825e-06  9.91689960625521949e-01  9.91564797326393264e-03  1.90734863158259693e+00
 2.14788499999999833e-06  9.91689960526344172e-01  9.91564797321793992e-03  1.90734863159483514e+00
 2.14888499999999840e-06  9.91689960427166284e-01  9.91564797297586793e-03  1.90734863160695145e+00
 2.14988499999999848e-06  9.91689960327988396e-01  9.91564797260859228e-03  1.90734863161894741e+00
 2.15088499999999855e-06  9.91689960228810397e-01  9.91564797265011462e-03  1.90734863163082369e+00
 2.15188499999999863e-06  9.91689960129632397e-01  9.91564797317150484e-03  1.90734863164258184e+00
 2.15288499999999870e-06  9.91689960030454509e-01  9.91564797364519711e-03  1.90734863165422341e+00
 2.15388499999999878e-06  9.91689959931276732e-01  9.91564797370261819e-03  1.90734863166574886e+00
 2.15488499999999885e-06  9.91689959832098844e-01  9.91564797331349196e-03  1.90734863167715951e+00
 2.15588499999999893e-06  9.91689959732921067e-01  9.91564797299487877e-03  1.90734863168845648e+00
 2.15688499999999900e-06  9.91689959633743179e-01  9.91564797297137847e-03  1.90734863169964131e+00
 2.15788499999999908e-06  9.91689959534565402e-01  9.91564797309734368e-03  1.90734863171071489e+00
 2.15888499999999915e-06  9.91689959435387514e-01  9.91564797294586762e-03  1.90734863172167834e+00
 2.15988499999999923e-06  9.91689959336209736e-01  9.91564797269567713e-03  1.90734863173253255e+00
 2.16088499999999930e-06  9.91689959237031959e-01  9.91564797275956526e-03  1.90734863174327884e+00
 2.16188499999999938e-06  9.91689959137854071e-01  9.91564797308114657e-03  1.90734863175391833e+00
 2.16288499999999945e-06  9.91689959038676294e-01  9.91564797325607608e-03  1.90734863176445191e+00
 2.16388499999999953e-06  9.91689958939498406e-01  9.91564797327129654e-03  1.90734863177488045e+00
 2.16488499999999960e-06  9.91689958840320629e-01  9.91564797324073072e-03  1.90734863178520531e+00
 2.16588499999999968e-06  9.91689958741142852e-01  9.91564797317274864e-03  1.90734863179542735e+00
 2.16688499999999975e-06  9.91689958641965075e-01  9.91564797310113752e-03  1.90734863180554748e+00
 2.16788499999999983e-06  9.91689958542787409e-01  9.91564797285284655e-03  1.90734863181556702e+00
 2.16888499999999990e-06  9.91689958443609632e-01  9.91564797287132656e-03  1.90734863182548686e+00
 2.16988499999999998e-06  9.91689958344431854e-01  9.91564797310329551e-03  1.90734863183530834e+00
 2.17088500000000005e-06  9.91689958245253966e-01  9.91564797336652766e-03  1.90734863184503212e+00
 2.17188500000000013e-06  9.91689958146076189e-01  9.91564797350591269e-03  1.90734863185465886e+00
 2.17288500000000020e-06  9.91689958046898301e-01  9.91564797325384002e-03  1.90734863186418968e+00
 2.17388500000000028e-06  9.91689957947720635e-01  9.91564797284432732e-03  1.90734863187362613e+00
 2.17488500000000035e-06  9.91689957848542858e-01  9.91564797274360234e-03  1.90734863188296822e+00
 2.17588500000000043e-06  9.91689957749364970e-01  9.91564797318157144e-03  1.90734863189221726e+00
 2.17688500000000050e-06  9.91689957650187193e-01  9.91564797354926690e-03  1.90734863190137438e+00
 2.17788500000000058e-06  9.91689957551009416e-01  9.91564797360387079e-03  1.90734863191044091e+00
 2.17888500000000065e-06  9.91689957451831638e-01  9.91564797299925374e-03  1.90734863191941706e+00
 2.17988500000000073e-06  9.91689957352653750e-01  9.91564797251838839e-03  1.90734863192830373e+00
 2.18088500000000080e-06  9.91689957253475973e-01  9.91564797282725764e-03  1.90734863193710202e+00
 2.18188500000000088e-06  9.91689957154298085e-01  9.91564797327501232e-03  1.90734863194581261e+00
 2.18288500000000095e-06  9.91689957055120197e-01  9.91564797318278228e-03  1.90734863195443682e+00
 2.18388500000000103e-06  9.91689956955942420e-01  9.91564797263128593e-03  1.90734863196297511e+00
 2.18488500000000110e-06  9.91689956856764532e-01  9.91564797226429304e-03  1.90734863197142834e+00
 2.18588500000000118e-06  9.91689956757586644e-01  9.91564797249385767e-03  1.90734863197979765e+00
 2.18688500000000126e-06  9.91689956658408867e-01  9.91564797297820461e-03  1.90734863198808324e+00
 2.18788500000000133e-06  9.91689956559231089e-01  9.91564797319426615e-03  1.90734863199628690e+00
 2.18888500000000141e-06  9.91689956460053312e-01  9.91564797312387454e-03  1.90734863200440863e+00
 2.18988500000000148e-06  9.91689956360875424e-01  9.91564797287203953e-03  1.90734863201244953e+00
 2.19088500000000156e-06  9.91689956261697536e-01  9.91564797281768891e-03  1.90734863202041049e+00
 2.19188500000000163e-06  9.91689956162519648e-01  9.91564797308616512e-03  1.90734863202829219e+00
 2.19288500000000171e-06  9.91689956063341871e-01  9.91564797330936332e-03  1.90734863203609550e+00
 2.19388500000000178e-06  9.91689955964163983e-01  9.91564797317502807e-03  1.90734863204382110e+00
 2.19488500000000186e-06  9.91689955864986206e-01  9.91564797296629399e-03  1.90734863205147009e+00
 2.19588500000000193e-06  9.91689955765808429e-01  9.91564797304109700e-03  1.90734863205904270e+00
 2.19688500000000201e-06  9.91689955666630540e-01  9.91564797331781662e-03  1.90734863206654004e+00
 2.19788500000000208e-06  9.91689955567452763e-01  9.91564797359679485e-03  1.90734863207396299e+00
 2.19888500000000216e-06  9.91689955468274875e-01  9.91564797357739544e-03  1.90734863208131178e+00
 2.19988500000000223e-06  9.91689955369097098e-01  9.91564797332568186e-03  1.90734863208858774e+00
 2.20088500000000231e-06  9.91689955269919210e-01  9.91564797307208957e-03  1.90734863209579131e+00
 2.20188500000000238e-06  9.91689955170741433e-01  9.91564797304146997e-03  1.90734863210292294e+00
 2.20288500000000246e-06  9.91689955071563656e-01  9.91564797327287861e-03  1.90734863210998373e+00
 2.20388500000000253e-06  9.91689954972385768e-01  9.91564797348824974e-03  1.90734863211697414e+00
 2.20488500000000261e-06  9.91689954873207991e-01  9.91564797350422654e-03  1.90734863212389505e+00
 2.20588500000000268e-06  9.91689954774030102e-01  9.91564797342309005e-03  1.90734863213074735e+00
 2.20688500000000276e-06  9.91689954674852325e-01  9.91564797344488512e-03  1.90734863213753103e+00
 2.20788500000000283e-06  9.91689954575674548e-01  9.91564797355505047e-03  1.90734863214424699e+00
 2.20888500000000291e-06  9.91689954476496660e-01  9.91564797345316148e-03  1.90734863215089656e+00
 2.20988500000000298e-06  9.91689954377318883e-01  9.91564797298850886e-03  1.90734863215747974e+00
 2.21088500000000306e-06  9.91689954278140995e-01  9.91564797268393999e-03  1.90734863216399719e+00
 2.21188500000000313e-06  9.91689954178963218e-01  9.91564797268088688e-03  1.90734863217045048e+00
 2.21288500000000321e-06  9.91689954079785330e-01  9.91564797294129142e-03  1.90734863217683936e+00
 2.21388500000000328e-06  9.91689953980607442e-01  9.91564797320033421e-03  1.90734863218316453e+00
 2.21488500000000336e-06  9.91689953881429553e-01  9.91564797306645346e-03  1.90734863218942641e+00
 2.21588500000000343e-06  9.91689953782251665e-01  9.91564797279221449e-03  1.90734863219562634e+00
 2.21688500000000351e-06  9.91689953683073999e-01  9.91564797272146206e-03  1.90734863220176454e+00
 2.21788500000000358e-06  9.91689953583896111e-01  9.91564797302243485e-03  1.90734863220784145e+00
 2.21888500000000366e-06  9.91689953484718334e-01  9.91564797340034783e-03  1.90734863221385842e+00
 2.21988500000000373e-06  9.91689953385540446e-01  9.91564797363916721e-03  1.90734863221981543e+00
 2.22088500000000381e-06  9.91689953286362558e-01  9.91564797353721057e-03  1.90734863222571294e+00
 2.22188500000000388e-06  9.91689953187184781e-01  9.91564797314673819e-03  1.90734863223155182e+00
 2.22288500000000396e-06  9.91689953088006892e-01  9.91564797279379830e-03  1.90734863223733275e+00
 2.22388500000000403e-06  9.91689952988829115e-01  9.91564797284864678e-03  1.90734863224305595e+00
 2.22488500000000411e-06  9.91689952889651338e-01  9.91564797315883789e-03  1.90734863224872253e+00
 2.22588500000000419e-06  9.91689952790473561e-01  9.91564797341524737e-03  1.90734863225433271e+00
 2.22688500000000426e-06  9.91689952691295673e-01  9.91564797344638045e-03  1.90734863225988671e+00
 2.22788500000000434e-06  9.91689952592117785e-01  9.91564797315584202e-03  1.90734863226538542e+00
 2.22888500000000441e-06  9.91689952492940008e-01  9.91564797278546815e-03  1.90734863227082929e+00
 2.22988500000000449e-06  9.91689952393762231e-01  9.91564797283268386e-03  1.90734863227621920e+00
 2.23088500000000456e-06  9.91689952294584454e-01  9.91564797313351093e-03  1.90734863228155560e+00
 2.23188500000000464e-06  9.91689952195406565e-01  9.91564797324555498e-03  1.90734863228683849e+00
 2.23288500000000471e-06  9.91689952096228677e-01  9.91564797320350182e-03  1.90734863229206941e+00
 2.23388500000000479e-06  9.91689951997050900e-01  9.91564797318332178e-03  1.90734863229724794e+00
 2.23488500000000486e-06  9.91689951897873012e-01  9.91564797339622959e-03  1.90734863230237495e+00
 2.23588500000000494e-06  9.91689951798695235e-01  9.91564797349503424e-03  1.90734863230745066e+00
 2.23688500000000501e-06  9.91689951699517347e-01  9.91564797331086385e-03  1.90734863231247620e+00
 2.23788500000000509e-06  9.91689951600339459e-01  9.91564797302796515e-03  1.90734863231745178e+00
 2.23888500000000516e-06  9.91689951501161682e-01  9.91564797312757644e-03  1.90734863232237761e+00
 2.23988500000000524e-06  9.91689951401983794e-01  9.91564797353070362e-03  1.90734863232725482e+00
 2.24088500000000531e-06  9.91689951302806016e-01  9.91564797361603120e-03  1.90734863233208318e+00
 2.24188500000000539e-06  9.91689951203628128e-01  9.91564797336400017e-03  1.90734863233686380e+00
 2.24288500000000546e-06  9.91689951104450351e-01  9.91564797302574644e-03  1.90734863234159646e+00
 2.24388500000000554e-06  9.91689951005272463e-01  9.91564797310998981e-03  1.90734863234628205e+00
 2.24488500000000561e-06  9.91689950906094575e-01  9.91564797368132619e-03  1.90734863235092078e+00
 2.24588500000000569e-06  9.91689950806916576e-01  9.91564797392028956e-03  1.90734863235551355e+00
 2.24688500000000576e-06  9.91689950707738688e-01  9.91564797362026566e-03  1.90734863236006080e+00
 2.24788500000000584e-06  9.91689950608560911e-01  9.91564797295835069e-03  1.90734863236456276e+00
 2.24888500000000591e-06  9.91689950509383022e-01  9.91564797265592594e-03  1.90734863236901964e+00
 2.24988500000000599e-06  9.91689950410205134e-01  9.91564797291435984e-03  1.90734863237343211e+00
 2.25088500000000606e-06  9.91689950311027135e-01  9.91564797344025341e-03  1.90734863237780083e+00
 2.25188500000000614e-06  9.91689950211849136e-01  9.91564797365515962e-03  1.90734863238212626e+00
 2.25288500000000621e-06  9.91689950112671248e-01  9.91564797323286375e-03  1.90734863238640862e+00
 2.25388500000000629e-06  9.91689950013493471e-01  9.91564797255278102e-03  1.90734863239064834e+00
 2.25488500000000636e-06  9.91689949914315583e-01  9.91564797249287408e-03  1.90734863239484564e+00
 2.25588500000000644e-06  9.91689949815137806e-01  9.91564797296022767e-03  1.90734863239900165e+00
 2.25688500000000651e-06  9.91689949715959917e-01  9.91564797338461215e-03  1.90734863240311636e+00
 2.25788500000000659e-06  9.91689949616782140e-01  9.91564797327375118e-03  1.90734863240718999e+00
 2.25888500000000666e-06  9.91689949517604252e-01  9.91564797279884634e-03  1.90734863241122321e+00
 2.25988500000000674e-06  9.91689949418426475e-01  9.91564797248076224e-03  1.90734863241521579e+00
 2.26088500000000681e-06  9.91689949319248698e-01  9.91564797264464677e-03  1.90734863241916885e+00
 2.26188500000000689e-06  9.91689949220070810e-01  9.91564797310467982e-03  1.90734863242308283e+00
 2.26288500000000696e-06  9.91689949120893033e-01  9.91564797343823592e-03  1.90734863242695774e+00
 2.26388500000000704e-06  9.91689949021715145e-01  9.91564797344600402e-03  1.90734863243079400e+00
 2.26488500000000712e-06  9.91689948922537368e-01  9.91564797320291548e-03  1.90734863243459229e+00
 2.26588500000000719e-06  9.91689948823359591e-01  9.91564797306379586e-03  1.90734863243835240e+00
 2.26688500000000727e-06  9.91689948724181813e-01  9.91564797294494128e-03  1.90734863244207542e+00
 2.26788500000000734e-06  9.91689948625004147e-01  9.91564797292012433e-03  1.90734863244576158e+00
 2.26888500000000742e-06  9.91689948525826370e-01  9.91564797306155460e-03  1.90734863244941066e+00
 2.26988500000000749e-06  9.91689948426648593e-01  9.91564797331707416e-03  1.90734863245302355e+00
 2.27088500000000757e-06  9.91689948327470705e-01  9.91564797354041808e-03  1.90734863245660025e+00
 2.27188500000000764e-06  9.91689948228292928e-01  9.91564797345402538e-03  1.90734863246014164e+00
 2.27288500000000772e-06  9.91689948129115040e-01  9.91564797308949232e-03  1.90734863246364772e+00
 2.27388500000000779e-06  9.91689948029937374e-01  9.91564797273889950e-03  1.90734863246711894e+00
 2.27488500000000787e-06  9.91689947930759597e-01  9.91564797277238660e-03  1.90734863247055553e+00
 2.27588500000000794e-06  9.91689947831581708e-01  9.91564797315949362e-03  1.90734863247395792e+00
 2.27688500000000802e-06  9.91689947732403931e-01  9.91564797345191595e-03  1.90734863247732700e+00
 2.27788500000000809e-06  9.91689947633226154e-01  9.91564797348375854e-03  1.90734863248066255e+00
 2.27888500000000817e-06  9.91689947534048377e-01  9.91564797339679511e-03  1.90734863248396436e+00
 2.27988500000000824e-06  9.91689947434870489e-01  9.91564797324405965e-03  1.90734863248723352e+00
 2.28088500000000832e-06  9.91689947335692712e-01  9.91564797307274530e-03  1.90734863249047026e+00
 2.28188500000000839e-06  9.91689947236514824e-01  9.91564797299028869e-03  1.90734863249367459e+00
 2.28288500000000847e-06  9.91689947137336936e-01  9.91564797308765004e-03  1.90734863249684738e+00
 2.28388500000000854e-06  9.91689947038158937e-01  9.91564797326758771e-03  1.90734863249998843e+00
 2.28488500000000862e-06  9.91689946938980937e-01  9.91564797340948288e-03  1.90734863250309838e+00
 2.28588500000000869e-06  9.91689946839803049e-01  9.91564797333838177e-03  1.90734863250617703e+00
 2.28688500000000877e-06  9.91689946740625272e-01  9.91564797301635464e-03  1.90734863250922526e+00
 2.28788500000000884e-06  9.91689946641447384e-01  9.91564797292354347e-03  1.90734863251224329e+00
 2.28888500000000892e-06  9.91689946542269607e-01  9.91564797310148793e-03  1.90734863251523090e+00
 2.28988500000000899e-06  9.91689946443091719e-01  9.91564797333722818e-03  1.90734863251818898e+00
 2.29088500000000907e-06  9.91689946343913942e-01  9.91564797355027130e-03  1.90734863252111753e+00
 2.29188500000000914e-06  9.91689946244736054e-01  9.91564797354583041e-03  1.90734863252401721e+00
 2.29288500000000922e-06  9.91689946145558165e-01  9.91564797322987308e-03  1.90734863252688824e+00
 2.29388500000000929e-06  9.91689946046380277e-01  9.91564797291758469e-03  1.90734863252973041e+00
 2.29488500000000937e-06  9.91689945947202389e-01  9.91564797279464831e-03  1.90734863253254394e+00
 2.29588500000000944e-06  9.91689945848024501e-01  9.91564797300490894e-03  1.90734863253532971e+00
 2.29688500000000952e-06  9.91689945748846613e-01  9.91564797343499546e-03  1.90734863253808795e+00
 2.29788500000000959e-06  9.91689945649668725e-01  9.91564797345372874e-03  1.90734863254081866e+00
 2.29888500000000967e-06  9.91689945550490837e-01  9.91564797290069543e-03  1.90734863254352205e+00
 2.29988500000000974e-06  9.91689945451312949e-01  9.91564797243072414e-03  1.90734863254619835e+00
 2.30088500000000982e-06  9.91689945352135060e-01  9.91564797269942760e-03  1.90734863254884801e+00
 2.30188500000000989e-06  9.91689945252957172e-01  9.91564797318401567e-03  1.90734863255147147e+00
 2.30288500000000997e-06  9.91689945153779284e-01  9.91564797330917250e-03  1.90734863255406872e+00
 2.30388500000001005e-06  9.91689945054601396e-01  9.91564797287069685e-03  1.90734863255664044e+00
 2.30488500000001012e-06  9.91689944955423508e-01  9.91564797260665459e-03  1.90734863255918663e+00
 2.30588500000001020e-06  9.91689944856245842e-01  9.91564797278151472e-03  1.90734863256170728e+00
 2.30688500000001027e-06  9.91689944757068176e-01  9.91564797327100858e-03  1.90734863256420306e+00
 2.30788500000001035e-06  9.91689944657890288e-01  9.91564797354617215e-03  1.90734863256667375e+00
 2.30888500000001042e-06  9.91689944558712400e-01  9.91564797330719144e-03  1.90734863256912024e+00
 2.30988500000001050e-06  9.91689944459534622e-01  9.91564797295144996e-03  1.90734863257154208e+00
 2.31088500000001057e-06  9.91689944360356845e-01  9.91564797280351448e-03  1.90734863257394016e+00
 2.31188500000001065e-06  9.91689944261178957e-01  9.91564797280031912e-03  1.90734863257631404e+00
 2.31288500000001072e-06  9.91689944162001180e-01  9.91564797305018869e-03  1.90734863257866460e+00
 2.31388500000001080e-06  9.91689944062823292e-01  9.91564797326588074e-03  1.90734863258099141e+00
 2.31488500000001087e-06  9.91689943963645515e-01  9.91564797330640735e-03  1.90734863258329512e+00
 2.31588500000001095e-06  9.91689943864467627e-01  9.91564797318033979e-03  1.90734863258557596e+00
 2.31688500000001102e-06  9.91689943765289739e-01  9.91564797312775685e-03  1.90734863258783416e+00
 2.31788500000001110e-06  9.91689943666111851e-01  9.91564797317035992e-03  1.90734863259006993e+00
 2.31888500000001117e-06  9.91689943566934073e-01  9.91564797309391933e-03  1.90734863259228304e+00
 2.31988500000001125e-06  9.91689943467756296e-01  9.91564797320299007e-03  1.90734863259447418e+00
 2.32088500000001132e-06  9.91689943368578408e-01  9.91564797339290066e-03  1.90734863259664378e+00
 2.32188500000001140e-06  9.91689943269400631e-01  9.91564797348258760e-03  1.90734863259879184e+00
 2.32288500000001147e-06  9.91689943170222743e-01  9.91564797337398697e-03  1.90734863260091880e+00
 2.32388500000001155e-06  9.91689943071044855e-01  9.91564797316891837e-03  1.90734863260302423e+00
 2.32488500000001162e-06  9.91689942971867078e-01  9.91564797292258590e-03  1.90734863260510878e+00
 2.32588500000001170e-06  9.91689942872689190e-01  9.91564797273472749e-03  1.90734863260717247e+00
 2.32688500000001177e-06  9.91689942773511524e-01  9.91564797285898747e-03  1.90734863260921572e+00
 2.32788500000001185e-06  9.91689942674333635e-01  9.91564797314632360e-03  1.90734863261123855e+00
 2.32888500000001192e-06  9.91689942575155747e-01  9.91564797336995894e-03  1.90734863261324139e+00
 2.32988500000001200e-06  9.91689942475977970e-01  9.91564797309539038e-03  1.90734863261522403e+00
 2.33088500000001207e-06  9.91689942376800082e-01  9.91564797269915178e-03  1.90734863261718712e+00
 2.33188500000001215e-06  9.91689942277622305e-01  9.91564797257261585e-03  1.90734863261913068e+00
 2.33288500000001222e-06  9.91689942178444417e-01  9.91564797292360765e-03  1.90734863262105514e+00
 2.33388500000001230e-06  9.91689942079266751e-01  9.91564797317881497e-03  1.90734863262296028e+00
 2.33488500000001237e-06  9.91689941980088863e-01  9.91564797314078809e-03  1.90734863262484633e+00
 2.33588500000001245e-06  9.91689941880910975e-01  9.91564797269086674e-03  1.90734863262671350e+00
 2.33688500000001252e-06  9.91689941781733197e-01  9.91564797234896662e-03  1.90734863262856225e+00
 2.33788500000001260e-06  9.91689941682555309e-01  9.91564797268496348e-03  1.90734863263039278e+00
 2.33888500000001267e-06  9.91689941583377532e-01  9.91564797329020850e-03  1.90734863263220489e+00
 2.33988500000001275e-06  9.91689941484199755e-01  9.91564797361642151e-03  1.90734863263399856e+00
 2.34088500000001282e-06  9.91689941385021978e-01  9.91564797329671371e-03  1.90734863263577470e+00
 2.34188500000001290e-06  9.91689941285844090e-01  9.91564797274321896e-03  1.90734863263753351e+00
 2.34288500000001298e-06  9.91689941186666202e-01  9.91564797250459387e-03  1.90734863263927457e+00
 2.34388500000001305e-06  9.91689941087488425e-01  9.91564797266339393e-03  1.90734863264099852e+00
 2.34488500000001313e-06  9.91689940988310537e-01  9.91564797308662135e-03  1.90734863264270516e+00
 2.34588500000001320e-06  9.91689940889132759e-01  9.91564797349400555e-03  1.90734863264439447e+00
 2.34688500000001328e-06  9.91689940789954871e-01  9.91564797364336871e-03  1.90734863264606735e+00
 2.34788500000001335e-06  9.91689940690776872e-01  9.91564797327352046e-03  1.90734863264772359e+00
 2.34888500000001343e-06  9.91689940591598984e-01  9.91564797275033133e-03  1.90734863264936316e+00
 2.34988500000001350e-06  9.91689940492421096e-01  9.91564797286875223e-03  1.90734863265098675e+00
 2.35088500000001358e-06  9.91689940393243319e-01  9.91564797347925866e-03  1.90734863265259391e+00
 2.35188500000001365e-06  9.91689940294065431e-01  9.91564797412884495e-03  1.90734863265418531e+00
 2.35288500000001373e-06  9.91689940194887765e-01  9.91564797384655860e-03  1.90734863265576071e+00
 2.35388500000001380e-06  9.91689940095710099e-01  9.91564797263530702e-03  1.90734863265732035e+00
 2.35488500000001388e-06  9.91689939996532099e-01  9.91564797179698455e-03  1.90734863265886467e+00
 2.35588500000001395e-06  9.91689939897354211e-01  9.91564797213203945e-03  1.90734863266039367e+00
 2.35688500000001403e-06  9.91689939798176323e-01  9.91564797317372876e-03  1.90734863266190735e+00
 2.35788500000001410e-06  9.91689939698998657e-01  9.91564797370366423e-03  1.90734863266340615e+00
 2.35888500000001418e-06  9.91689939599820880e-01  9.91564797339730512e-03  1.90734863266488963e+00
 2.35988500000001425e-06  9.91689939500643103e-01  9.91564797281935251e-03  1.90734863266635823e+00
 2.36088500000001433e-06  9.91689939401465215e-01  9.91564797263323749e-03  1.90734863266781240e+00
 2.36188500000001440e-06  9.91689939302287438e-01  9.91564797286972888e-03  1.90734863266925236e+00
 2.36288500000001448e-06  9.91689939203109661e-01  9.91564797312744980e-03  1.90734863267067811e+00
 2.36388500000001455e-06  9.91689939103931772e-01  9.91564797316883510e-03  1.90734863267208943e+00
 2.36488500000001463e-06  9.91689939004753995e-01  9.91564797325987513e-03  1.90734863267348631e+00
 2.36588500000001470e-06  9.91689938905576107e-01  9.91564797360237893e-03  1.90734863267486987e+00
 2.36688500000001478e-06  9.91689938806398219e-01  9.91564797375643972e-03  1.90734863267623944e+00
 2.36788500000001485e-06  9.91689938707220220e-01  9.91564797346880175e-03  1.90734863267759525e+00
 2.36888500000001493e-06  9.91689938608042221e-01  9.91564797292591830e-03  1.90734863267893773e+00
 2.36988500000001500e-06  9.91689938508864333e-01  9.91564797279631364e-03  1.90734863268026666e+00
 2.37088500000001508e-06  9.91689938409686556e-01  9.91564797324008713e-03  1.90734863268158272e+00
 2.37188500000001515e-06  9.91689938310508667e-01  9.91564797356095200e-03  1.90734863268288590e+00
 2.37288500000001523e-06  9.91689938211330890e-01  9.91564797324025020e-03  1.90734863268417598e+00
 2.37388500000001530e-06  9.91689938112153002e-01  9.91564797264530423e-03  1.90734863268545296e+00
 2.37488500000001538e-06  9.91689938012975225e-01  9.91564797240734701e-03  1.90734863268671706e+00
 2.37588500000001545e-06  9.91689937913797337e-01  9.91564797283931744e-03  1.90734863268796895e+00
 2.37688500000001553e-06  9.91689937814619671e-01  9.91564797354203831e-03  1.90734863268920840e+00
 2.37788500000001560e-06  9.91689937715441894e-01  9.91564797392635242e-03  1.90734863269043498e+00
 2.37888500000001568e-06  9.91689937616264006e-01  9.91564797355160010e-03  1.90734863269164956e+00
 2.37988500000001575e-06  9.91689937517086229e-01  9.91564797272146206e-03  1.90734863269285215e+00
 2.38088500000001583e-06  9.91689937417908451e-01  9.91564797228003912e-03  1.90734863269404253e+00
 2.38188500000001591e-06  9.91689937318730674e-01  9.91564797275474100e-03  1.90734863269522159e+00
 2.38288500000001598e-06  9.91689937219552786e-01  9.91564797334632854e-03  1.90734863269638844e+00
 2.38388500000001606e-06  9.91689937120375009e-01  9.91564797350181874e-03  1.90734863269754396e+00
 2.38488500000001613e-06  9.91689937021197121e-01  9.91564797317658064e-03  1.90734863269868793e+00
 2.38588500000001621e-06  9.91689936922019233e-01  9.91564797282870614e-03  1.90734863269982036e+00
 2.38688500000001628e-06  9.91689936822841456e-01  9.91564797299853383e-03  1.90734863270094190e+00
 2.38788500000001636e-06  9.91689936723663679e-01  9.91564797327398710e-03  1.90734863270205190e+00
 2.38888500000001643e-06  9.91689936624485902e-01  9.91564797321968332e-03  1.90734863270315103e+00
 2.38988500000001651e-06  9.91689936525308013e-01  9.91564797280554758e-03  1.90734863270423949e+00
 2.39088500000001658e-06  9.91689936426130236e-01  9.91564797247748014e-03  1.90734863270531663e+00
 2.39188500000001666e-06  9.91689936326952348e-01  9.91564797256732668e-03  1.90734863270638333e+00
 2.39288500000001673e-06  9.91689936227774460e-01  9.91564797307088394e-03  1.90734863270743960e+00
 2.39388500000001681e-06  9.91689936128596683e-01  9.91564797388128430e-03  1.90734863270848543e+00
 2.39488500000001688e-06  9.91689936029418795e-01  9.91564797406823024e-03  1.90734863270952038e+00
 2.39588500000001696e-06  9.91689935930240907e-01  9.91564797328407105e-03  1.90734863271054511e+00
 2.39688500000001703e-06  9.91689935831063130e-01  9.91564797234444767e-03  1.90734863271155963e+00
 2.39788500000001711e-06  9.91689935731885241e-01  9.91564797199415322e-03  1.90734863271256394e+00
 2.39888500000001718e-06  9.91689935632707464e-01  9.91564797257314320e-03  1.90734863271355848e+00
 2.39988500000001726e-06  9.91689935533529576e-01  9.91564797338124158e-03  1.90734863271454280e+00
 2.40088500000001733e-06  9.91689935434351799e-01  9.91564797359845672e-03  1.90734863271551758e+00
 2.40188500000001741e-06  9.91689935335173911e-01  9.91564797312692765e-03  1.90734863271648281e+00
 2.40288500000001748e-06  9.91689935235996134e-01  9.91564797279870236e-03  1.90734863271743849e+00
 2.40388500000001756e-06  9.91689935136818246e-01  9.91564797294841593e-03  1.90734863271838462e+00
 2.40488500000001763e-06  9.91689935037640469e-01  9.91564797327383791e-03  1.90734863271932120e+00
 2.40588500000001771e-06  9.91689934938462692e-01  9.91564797331968145e-03  1.90734863272024868e+00
 2.40688500000001778e-06  9.91689934839284803e-01  9.91564797303726153e-03  1.90734863272116661e+00
 2.40788500000001786e-06  9.91689934740107026e-01  9.91564797288187194e-03  1.90734863272207567e+00
 2.40888500000001793e-06  9.91689934640929138e-01  9.91564797300293309e-03  1.90734863272297583e+00
 2.40988500000001801e-06  9.91689934541751472e-01  9.91564797316067149e-03  1.90734863272386668e+00
 2.41088500000001808e-06  9.91689934442573695e-01  9.91564797303273737e-03  1.90734863272474864e+00
 2.41188500000001816e-06  9.91689934343395807e-01  9.91564797282177592e-03  1.90734863272562150e+00
 2.41288500000001823e-06  9.91689934244218030e-01  9.91564797296707288e-03  1.90734863272648592e+00
 2.41388500000001831e-06  9.91689934145040253e-01  9.91564797324802176e-03  1.90734863272734168e+00
 2.41488500000001838e-06  9.91689934045862476e-01  9.91564797347634433e-03  1.90734863272818900e+00
 2.41588500000001846e-06  9.91689933946684588e-01  9.91564797315626356e-03  1.90734863272902810e+00
 2.41688500000001853e-06  9.91689933847506810e-01  9.91564797270011282e-03  1.90734863272985899e+00
 2.41788500000001861e-06  9.91689933748328922e-01  9.91564797260333433e-03  1.90734863273068167e+00
 2.41888500000001868e-06  9.91689933649151034e-01  9.91564797297782470e-03  1.90734863273149613e+00
 2.41988500000001876e-06  9.91689933549973257e-01  9.91564797339651409e-03  1.90734863273230237e+00
 2.42088500000001884e-06  9.91689933450795369e-01  9.91564797325458942e-03  1.90734863273310018e+00
 2.42188500000001891e-06  9.91689933351617481e-01  9.91564797278553928e-03  1.90734863273389021e+00
 2.42288500000001899e-06  9.91689933252439704e-01  9.91564797250696177e-03  1.90734863273467226e+00
 2.42388500000001906e-06  9.91689933153261816e-01  9.91564797266821819e-03  1.90734863273544653e+00
 2.42488500000001914e-06  9.91689933054084038e-01  9.91564797294135387e-03  1.90734863273621302e+00
 2.42588500000001921e-06  9.91689932954906150e-01  9.91564797296216015e-03  1.90734863273697242e+00
 2.42688500000001929e-06  9.91689932855728373e-01  9.91564797291275522e-03  1.90734863273772426e+00
 2.42788500000001936e-06  9.91689932756550485e-01  9.91564797270078069e-03  1.90734863273846877e+00
 2.42888500000001944e-06  9.91689932657372708e-01  9.91564797269941373e-03  1.90734863273920574e+00
 2.42988500000001951e-06  9.91689932558194820e-01  9.91564797290031205e-03  1.90734863273993538e+00
 2.43088500000001959e-06  9.91689932459017043e-01  9.91564797337056610e-03  1.90734863274065769e+00
 2.43188500000001966e-06  9.91689932359839266e-01  9.91564797354228464e-03  1.90734863274137267e+00
 2.43288500000001974e-06  9.91689932260661378e-01  9.91564797325934603e-03  1.90734863274208055e+00
 2.43388500000001981e-06  9.91689932161483600e-01  9.91564797282252532e-03  1.90734863274278110e+00
 2.43488500000001989e-06  9.91689932062305712e-01  9.91564797270297164e-03  1.90734863274347477e+00
 2.43588500000001996e-06  9.91689931963127824e-01  9.91564797306897228e-03  1.90734863274416133e+00
 2.43688500000002004e-06  9.91689931863949936e-01  9.91564797355532455e-03  1.90734863274484101e+00
 2.43788500000002011e-06  9.91689931764772048e-01  9.91564797340957309e-03  1.90734863274551447e+00
 2.43888500000002019e-06  9.91689931665594271e-01  9.91564797281501743e-03  1.90734863274618105e+00
 2.43988500000002026e-06  9.91689931566416494e-01  9.91564797279139223e-03  1.90734863274684119e+00
 2.44088500000002034e-06  9.91689931467238717e-01  9.91564797341163047e-03  1.90734863274749467e+00
 2.44188500000002041e-06  9.91689931368060829e-01  9.91564797393104484e-03  1.90734863274814170e+00
 2.44288500000002049e-06  9.91689931268882940e-01  9.91564797368011709e-03  1.90734863274878186e+00
 2.44388500000002056e-06  9.91689931169705163e-01  9.91564797265918896e-03  1.90734863274941557e+00
 2.44488500000002064e-06  9.91689931070527275e-01  9.91564797213271773e-03  1.90734863275004307e+00
 2.44588500000002071e-06  9.91689930971349498e-01  9.91564797259396682e-03  1.90734863275066480e+00
 2.44688500000002079e-06  9.91689930872171610e-01  9.91564797328843561e-03  1.90734863275128030e+00
 2.44788500000002086e-06  9.91689930772993611e-01  9.91564797343451668e-03  1.90734863275188959e+00
 2.44888500000002094e-06  9.91689930673815723e-01  9.91564797298680883e-03  1.90734863275249289e+00
 2.44988500000002101e-06  9.91689930574637835e-01  9.91564797259072289e-03  1.90734863275309019e+00
 2.45088500000002109e-06  9.91689930475460057e-01  9.91564797266236871e-03  1.90734863275368127e+00
 2.45188500000002116e-06  9.91689930376282169e-01  9.91564797310441268e-03  1.90734863275426658e+00
 2.45288500000002124e-06  9.91689930277104503e-01  9.91564797333299545e-03  1.90734863275484590e+00
 2.45388500000002131e-06  9.91689930177926837e-01  9.91564797309911483e-03  1.90734863275541966e+00
 2.45488500000002139e-06  9.91689930078748838e-01  9.91564797287953527e-03  1.90734863275598765e+00
 2.45588500000002146e-06  9.91689929979570950e-01  9.91564797298740905e-03  1.90734863275655031e+00
 2.45688500000002154e-06  9.91689929880393062e-01  9.91564797315484456e-03  1.90734863275710698e+00
 2.45788500000002161e-06  9.91689929781215396e-01  9.91564797314812771e-03  1.90734863275765809e+00
 2.45888500000002169e-06  9.91689929682037730e-01  9.91564797290124533e-03  1.90734863275820432e+00
 2.45988500000002177e-06  9.91689929582860064e-01  9.91564797292347581e-03  1.90734863275874456e+00
 2.46088500000002184e-06  9.91689929483682397e-01  9.91564797305419590e-03  1.90734863275927968e+00
 2.46188500000002192e-06  9.91689929384504731e-01  9.91564797320834343e-03  1.90734863275980904e+00
 2.46288500000002199e-06  9.91689929285327065e-01  9.91564797301565902e-03  1.90734863276033328e+00
 2.46388500000002207e-06  9.91689929186149066e-01  9.91564797279748805e-03  1.90734863276085265e+00
 2.46488500000002214e-06  9.91689929086971178e-01  9.91564797278734859e-03  1.90734863276136690e+00
 2.46588500000002222e-06  9.91689928987793290e-01  9.91564797289935275e-03  1.90734863276187583e+00
 2.46688500000002229e-06  9.91689928888615513e-01  9.91564797312642979e-03  1.90734863276237920e+00
 2.46788500000002237e-06  9.91689928789437625e-01  9.91564797337439290e-03  1.90734863276287814e+00
 2.46888500000002244e-06  9.91689928690259959e-01  9.91564797343275073e-03  1.90734863276337219e+00
 2.46988500000002252e-06  9.91689928591082293e-01  9.91564797335377918e-03  1.90734863276386091e+00
 2.47088500000002259e-06  9.91689928491904293e-01  9.91564797315432761e-03  1.90734863276434496e+00
 2.47188500000002267e-06  9.91689928392726405e-01  9.91564797298156997e-03  1.90734863276482414e+00
 2.47288500000002274e-06  9.91689928293548517e-01  9.91564797320136117e-03  1.90734863276529842e+00
 2.47388500000002282e-06  9.91689928194370851e-01  9.91564797348080777e-03  1.90734863276576805e+00
 2.47488500000002289e-06  9.91689928095193074e-01  9.91564797329515940e-03  1.90734863276623279e+00
 2.47588500000002297e-06  9.91689927996015297e-01  9.91564797277060851e-03  1.90734863276669309e+00
 2.47688500000002304e-06  9.91689927896837409e-01  9.91564797231413164e-03  1.90734863276714894e+00
 2.47788500000002312e-06  9.91689927797659632e-01  9.91564797250099952e-03  1.90734863276760014e+00
 2.47888500000002319e-06  9.91689927698481855e-01  9.91564797314415172e-03  1.90734863276804711e+00
 2.47988500000002327e-06  9.91689927599303966e-01  9.91564797381006870e-03  1.90734863276848965e+00
 2.48088500000002334e-06  9.91689927500126189e-01  9.91564797393931080e-03  1.90734863276892797e+00
 2.48188500000002342e-06  9.91689927400948301e-01  9.91564797355227318e-03  1.90734863276936140e+00
 2.48288500000002349e-06  9.91689927301770413e-01  9.91564797283091791e-03  1.90734863276979061e+00
 2.48388500000002357e-06  9.91689927202592414e-01  9.91564797244872710e-03  1.90734863277021560e+00
 2.48488500000002364e-06  9.91689927103414415e-01  9.91564797269030122e-03  1.90734863277063660e+00
 2.48588500000002372e-06  9.91689927004236527e-01  9.91564797332454735e-03  1.90734863277105338e+00
 2.48688500000002379e-06  9.91689926905058750e-01  9.91564797356434165e-03  1.90734863277146571e+00
 2.48788500000002387e-06  9.91689926805880861e-01  9.91564797315040367e-03  1.90734863277187383e+00
 2.48888500000002394e-06  9.91689926706703084e-01  9.91564797267347267e-03  1.90734863277227795e+00
 2.48988500000002402e-06  9.91689926607525196e-01  9.91564797270580965e-03  1.90734863277267808e+00
 2.49088500000002409e-06  9.91689926508347419e-01  9.91564797312658071e-03  1.90734863277307443e+00
 2.49188500000002417e-06  9.91689926409169531e-01  9.91564797338933580e-03  1.90734863277346678e+00
 2.49288500000002424e-06  9.91689926309991754e-01  9.91564797322987308e-03  1.90734863277385536e+00
 2.49388500000002432e-06  9.91689926210813977e-01  9.91564797308136167e-03  1.90734863277423994e+00
 2.49488500000002439e-06  9.91689926111636089e-01  9.91564797315858636e-03  1.90734863277462074e+00
 2.49588500000002447e-06  9.91689926012458312e-01  9.91564797317906824e-03  1.90734863277499778e+00
 2.49688500000002455e-06  9.91689925913280423e-01  9.91564797322268612e-03  1.90734863277537081e+00
 2.49788500000002462e-06  9.91689925814102646e-01  9.91564797323370162e-03  1.90734863277574007e+00
 2.49888500000002470e-06  9.91689925714924758e-01  9.91564797333531131e-03  1.90734863277610578e+00
 2.49988500000002477e-06  9.91689925615747092e-01  9.91564797337013415e-03  1.90734863277646771e+00
 2.50088500000002485e-06  9.91689925516569426e-01  9.91564797314448652e-03  1.90734863277682587e+00
 2.50188500000002492e-06  9.91689925417391649e-01  9.91564797283215997e-03  1.90734863277718070e+00
 2.50288500000002500e-06  9.91689925318213872e-01  9.91564797281366261e-03  1.90734863277753219e+00
 2.50388500000002507e-06  9.91689925219035984e-01  9.91564797307014668e-03  1.90734863277787992e+00
 2.50488500000002515e-06  9.91689925119858207e-01  9.91564797349315900e-03  1.90734863277822431e+00
 2.50588500000002522e-06  9.91689925020680318e-01  9.91564797352255216e-03  1.90734863277856559e+00
 2.50688500000002530e-06  9.91689924921502541e-01  9.91564797300645805e-03  1.90734863277890354e+00
 2.50788500000002537e-06  9.91689924822324764e-01  9.91564797247202097e-03  1.90734863277923794e+00
 2.50888500000002545e-06  9.91689924723146876e-01  9.91564797264351226e-03  1.90734863277956879e+00
 2.50944250000001278e-06  9.91689924667855327e-01  9.91564797299884088e-03  1.90734863277975197e+00
 2.51000000000000011e-06  9.91689924612563667e-01  9.91564797344029331e-03  1.90734863277993383e+00
