time,state,candidate,next,inverse,geometry,residual,clock_a,clock_b
2.000000000000000073e-10,9.999999999980000442e-01,9.999999999979992671e-01,9.996007984031842764e-01,1.000000000001999956e+00,1.999999999999984013e+00,2.000000000000000000e+00,0.000000000000000000e+00,0.000000000000000000e+00
6.400000000000000233e-09,9.999999999359995284e-01,9.999999999355984048e-01,9.876014768933294441e-01,1.000000000064001027e+00,1.999999999991969979e+00,1.999999999999898970e+00,0.000000000000000000e+00,0.000000000000000000e+00
2.028367579767017043e-08,9.999999997971624754e-01,9.999999997933222140e-01,9.632739607912876867e-01,1.000000000202837969e+00,1.999999999923171901e+00,1.999999999997106981e+00,0.000000000000000000e+00,0.000000000000000000e+00
3.269930030620005150e-08,9.999999996730069007e-01,9.999999996634028054e-01,9.442063657392001375e-01,1.000000000326993099e+00,1.999999999807900108e+00,1.999999999988316013e+00,0.000000000000000000e+00,0.000000000000000000e+00
5.852188913125484301e-08,9.999999994147816818e-01,9.999999993863754044e-01,9.113631320317959750e-01,1.000000000585218984e+00,1.999999999431860909e+00,1.999999999935381023e+00,0.000000000000000000e+00,0.000000000000000000e+00
8.558311063054368214e-08,9.999999991441695935e-01,9.999999990880671374e-01,8.849372399297804614e-01,1.000000000855830962e+00,1.999999998877930008e+00,1.999999999806362894e+00,0.000000000000000000e+00,0.000000000000000000e+00
1.151146546870279051e-07,9.999999988488544878e-01,9.999999987554304415e-01,8.631963767880480587e-01,1.000000001151146067e+00,1.999999998131485102e+00,1.999999999553186969e+00,0.000000000000000000e+00,0.000000000000000000e+00
1.474271902270872980e-07,9.999999985257296276e-01,9.999999983851517449e-01,8.457256963419524931e-01,1.000000001474270928e+00,1.999999997188399048e+00,1.999999999120464000e+00,0.000000000000000000e+00,0.000000000000000000e+00
1.832874774659058952e-07,9.999999981671271465e-01,9.999999979686289286e-01,8.319261790648034838e-01,1.000000001832872965e+00,1.999999996029979021e+00,1.999999998437282045e+00,0.000000000000000000e+00,0.000000000000000000e+00
2.235796794086392874e-07,9.999999977642055615e-01,9.999999974957306526e-01,8.213191357133551307e-01,1.000000002235793994e+00,1.999999994630432987e+00,1.999999997416634034e+00,0.000000000000000000e+00,0.000000000000000000e+00
2.696390931345210774e-07,9.999999973036121093e-01,9.999999969509055786e-01,8.134322803440151572e-01,1.000000002696388002e+00,1.999999992945797000e+00,1.999999995944917952e+00,0.000000000000000000e+00,0.000000000000000000e+00
3.234153328852155261e-07,9.999999967658493860e-01,9.999999963111942947e-01,8.078281989764810600e-01,1.000000003234150947e+00,1.999999990906830893e+00,1.999999993869594039e+00,0.000000000000000000e+00,0.000000000000000000e+00
3.880140974069345106e-07,9.999999961198619003e-01,9.999999955397494977e-01,8.040875440907764293e-01,1.000000003880137989e+00,1.999999988397695105e+00,1.999999990969945074e+00,0.000000000000000000e+00,0.000000000000000000e+00
4.687631531921720021e-07,9.999999953123703822e-01,9.999999945730381201e-01,8.018091810072226489e-01,1.000000004687630062e+00,1.999999985213299025e+00,1.999999986895564019e+00,0.000000000000000000e+00,0.000000000000000000e+00
5.676018300908903887e-07,9.999999943239831213e-01,9.999999933881185132e-01,8.006634247189985398e-01,1.000000005676016990e+00,1.999999981282664985e+00,1.999999981479051891e+00,0.000000000000000000e+00,0.000000000000000000e+00
6.676018300908904901e-07,9.999999933239819283e-01,9.999999921885404097e-01,8.002401065555287962e-01,1.000000006676017961e+00,1.999999977291128994e+00,1.999999975731421964e+00,0.000000000000000000e+00,0.000000000000000000e+00
7.676018300908905914e-07,9.999999923239804023e-01,9.999999909886926330e-01,8.000868958101531314e-01,1.000000007676020042e+00,1.999999973294189104e+00,1.999999969849058035e+00,0.000000000000000000e+00,0.000000000000000000e+00
8.676018300908906928e-07,9.999999913239789873e-01,9.999999897887471567e-01,8.000314466745127584e-01,1.000000008676021013e+00,1.999999969295291891e+00,1.999999963902377109e+00,0.000000000000000000e+00,0.000000000000000000e+00
9.676018300908907941e-07,9.999999903239777943e-01,9.999999885887664863e-01,8.000113788262596115e-01,1.000000009676021984e+00,1.999999965295687909e+00,1.999999957926005933e+00,0.000000000000000000e+00,0.000000000000000000e+00
1.067601830090890895e-06,9.999999893239766013e-01,9.999999873887728263e-01,8.000041159466415586e-01,1.000000010676022955e+00,1.999999961295827910e+00,1.999999951936282994e+00,0.000000000000000000e+00,0.000000000000000000e+00
1.167601830090890997e-06,9.999999883239751863e-01,9.999999861887745034e-01,8.000014873597055542e-01,1.000000011676025036e+00,1.999999957295875985e+00,1.999999945940682977e+00,0.000000000000000000e+00,0.000000000000000000e+00
1.267601830090891098e-06,9.999999873239738823e-01,9.999999849887748482e-01,8.000005359867338184e-01,1.000000012676026007e+00,1.999999953295890975e+00,1.999999939942538996e+00,0.000000000000000000e+00,0.000000000000000000e+00
1.367601830090890988e-06,9.999999863239728004e-01,9.999999837887741938e-01,8.000001916205774499e-01,1.000000013676028088e+00,1.999999949295891977e+00,1.999999933943310104e+00,0.000000000000000000e+00,0.000000000000000000e+00
1.467601830090891089e-06,9.999999853239718295e-01,9.999999825887733174e-01,8.000000669385923802e-01,1.000000014676027948e+00,1.999999945295890091e+00,1.999999927943626021e+00,0.000000000000000000e+00,0.000000000000000000e+00
1.567601830090890979e-06,9.999999843239703035e-01,9.999999813887724409e-01,8.000000217633722599e-01,1.000000015676030030e+00,1.999999941295885986e+00,1.999999921943750980e+00,0.000000000000000000e+00,0.000000000000000000e+00
1.667601830090891927e-06,9.999999833239689995e-01,9.999999801887714534e-01,8.000000053627681629e-01,1.000000016676031001e+00,1.999999937295880992e+00,1.999999915943798001e+00,0.000000000000000000e+00,0.000000000000000000e+00
1.767601830090892028e-06,9.999999823239678065e-01,9.999999789887705770e-01,7.999999993761057748e-01,1.000000017676031971e+00,1.999999933295875998e+00,1.999999909943813048e+00,0.000000000000000000e+00,0.000000000000000000e+00
1.867601830090891918e-06,9.999999813239662805e-01,9.999999777887698116e-01,7.999999971583980907e-01,1.000000018676034053e+00,1.999999929295871004e+00,1.999999903943814106e+00,0.000000000000000000e+00,0.000000000000000000e+00
1.967601830090890961e-06,9.999999803239649765e-01,9.999999765887686021e-01,7.999999963047303986e-01,1.000000019676035024e+00,1.999999925295866010e+00,1.999999897943810945e+00,0.000000000000000000e+00,0.000000000000000000e+00
2.067601830090890003e-06,9.999999793239637835e-01,9.999999753887678366e-01,7.999999959447283704e-01,1.000000020676035994e+00,1.999999921295861016e+00,1.999999891943804009e+00,0.000000000000000000e+00,0.000000000000000000e+00
2.167601830090889046e-06,9.999999783239623685e-01,9.999999741887667382e-01,7.999999957633909808e-01,1.000000021676038076e+00,1.999999917295854912e+00,1.999999885943797073e+00,0.000000000000000000e+00,0.000000000000000000e+00
2.267601830090888088e-06,9.999999773239610645e-01,9.999999729887658617e-01,7.999999956467153117e-01,1.000000022676039046e+00,1.999999913295849918e+00,1.999999879943789916e+00,0.000000000000000000e+00,0.000000000000000000e+00
2.367601830090887131e-06,9.999999763239598716e-01,9.999999717887648742e-01,7.999999955534420337e-01,1.000000023676040906e+00,1.999999909295844924e+00,1.999999873943782092e+00,0.000000000000000000e+00,0.000000000000000000e+00
2.467601830090886173e-06,9.999999753239582345e-01,9.999999705887637758e-01,7.999999954686382031e-01,1.000000024676042987e+00,1.999999905295839930e+00,1.999999867943774046e+00,0.000000000000000000e+00,0.000000000000000000e+00
2.567601830090884792e-06,9.999999743239569305e-01,9.999999693887630103e-01,7.999999953868993652e-01,1.000000025676043958e+00,1.999999901295834048e+00,1.999999861943766000e+00,0.000000000000000000e+00,0.000000000000000000e+00
2.667601830090883835e-06,9.999999733239555155e-01,9.999999681887620229e-01,7.999999953062698621e-01,1.000000026676044929e+00,1.999999897295829054e+00,1.999999855943757954e+00,0.000000000000000000e+00,0.000000000000000000e+00
2.767601830090882878e-06,9.999999723239539895e-01,9.999999669887612574e-01,7.999999952260419267e-01,1.000000027676047010e+00,1.999999893295822950e+00,1.999999849943749908e+00,0.000000000000000000e+00,0.000000000000000000e+00
2.867601830090881920e-06,9.999999713239530186e-01,9.999999657887603810e-01,7.999999951459593195e-01,1.000000028676047981e+00,1.999999889295817956e+00,1.999999843943742084e+00,0.000000000000000000e+00,0.000000000000000000e+00
2.967601830090880963e-06,9.999999703239516036e-01,9.999999645887593935e-01,7.999999950659294479e-01,1.000000029676048952e+00,1.999999885295812962e+00,1.999999837943734926e+00,0.000000000000000000e+00,0.000000000000000000e+00
3.067601830090880005e-06,9.999999693239501886e-01,9.999999633887585171e-01,7.999999949859182280e-01,1.000000030676051033e+00,1.999999881295807969e+00,1.999999831943727102e+00,0.000000000000000000e+00,0.000000000000000000e+00
3.167601830090879048e-06,9.999999683239489956e-01,9.999999621887574186e-01,7.999999949059144466e-01,1.000000031676052004e+00,1.999999877295802975e+00,1.999999825943719944e+00,0.000000000000000000e+00,0.000000000000000000e+00
3.267601830090878937e-06,9.999999673239478026e-01,9.999999609887564311e-01,7.999999948259134408e-01,1.000000032676052975e+00,1.999999873295797981e+00,1.999999819943711010e+00,0.000000000000000000e+00,0.000000000000000000e+00
3.367601830090877980e-06,9.999999663239470538e-01,9.999999597887555547e-01,7.999999947459132121e-01,1.000000033676053945e+00,1.999999869295794097e+00,1.999999813943704075e+00,0.000000000000000000e+00,0.000000000000000000e+00
3.467601830090877023e-06,9.999999653239460828e-01,9.999999585887545672e-01,7.999999946659130945e-01,1.000000034676054916e+00,1.999999865295789991e+00,1.999999807943698027e+00,0.000000000000000000e+00,0.000000000000000000e+00
3.567601830090876065e-06,9.999999643239448899e-01,9.999999573887536908e-01,7.999999945859128658e-01,1.000000035676056109e+00,1.999999861295786996e+00,1.999999801943693090e+00,0.000000000000000000e+00,0.000000000000000000e+00
3.667601830090875108e-06,9.999999633239435859e-01,9.999999561887527033e-01,7.999999945059129702e-01,1.000000036676057968e+00,1.999999857295782002e+00,1.999999795943687042e+00,0.000000000000000000e+00,0.000000000000000000e+00
3.767601830090874150e-06,9.999999623239421709e-01,9.999999549887519379e-01,7.999999944259126305e-01,1.000000037676058939e+00,1.999999853295777008e+00,1.999999789943680106e+00,0.000000000000000000e+00,0.000000000000000000e+00
3.867601830090873193e-06,9.999999613239406449e-01,9.999999537887508394e-01,7.999999943459122909e-01,1.000000038676061020e+00,1.999999849295772014e+00,1.999999783943672949e+00,0.000000000000000000e+00,0.000000000000000000e+00
3.967601830090872235e-06,9.999999603239391188e-01,9.999999525887500740e-01,7.999999942659120622e-01,1.000000039676063102e+00,1.999999845295765910e+00,1.999999777943666013e+00,0.000000000000000000e+00,0.000000000000000000e+00
4.067601830090871278e-06,9.999999593239381479e-01,9.999999513887490865e-01,7.999999941859122776e-01,1.000000040676062962e+00,1.999999841295760028e+00,1.999999771943657967e+00,0.000000000000000000e+00,0.000000000000000000e+00
4.167601830090870321e-06,9.999999583239368439e-01,9.999999501887479880e-01,7.999999941059120490e-01,1.000000041676065043e+00,1.999999837295755922e+00,1.999999765943649033e+00,0.000000000000000000e+00,0.000000000000000000e+00
4.267601830090869363e-06,9.999999573239356510e-01,9.999999489887472226e-01,7.999999940259120423e-01,1.000000042676066014e+00,1.999999833295750928e+00,1.999999759943642985e+00,0.000000000000000000e+00,0.000000000000000000e+00
4.367601830090868406e-06,9.999999563239342359e-01,9.999999477887462351e-01,7.999999939459118137e-01,1.000000043676068096e+00,1.999999829295745934e+00,1.999999753943634939e+00,0.000000000000000000e+00,0.000000000000000000e+00
4.467601830090866601e-06,9.999999553239327099e-01,9.999999465887452477e-01,7.999999938659114740e-01,1.000000044676069066e+00,1.999999825295740941e+00,1.999999747943628892e+00,0.000000000000000000e+00,0.000000000000000000e+00
4.567601830090865644e-06,9.999999543239311839e-01,9.999999453887443712e-01,7.999999937859110233e-01,1.000000045676070926e+00,1.999999821295735059e+00,1.999999741943619957e+00,0.000000000000000000e+00,0.000000000000000000e+00
4.667601830090866380e-06,9.999999533239302130e-01,9.999999441887434948e-01,7.999999937059105726e-01,1.000000046676071896e+00,1.999999817295730065e+00,1.999999735943613022e+00,0.000000000000000000e+00,0.000000000000000000e+00
4.767601830090865423e-06,9.999999523239291310e-01,9.999999429887425073e-01,7.999999936259111211e-01,1.000000047676073089e+00,1.999999813295725071e+00,1.999999729943604976e+00,0.000000000000000000e+00,0.000000000000000000e+00
4.867601830090863618e-06,9.999999513239280491e-01,9.999999417887416309e-01,7.999999935459113365e-01,1.000000048676074060e+00,1.999999809295720077e+00,1.999999723943598040e+00,0.000000000000000000e+00,0.000000000000000000e+00
4.967601830090862661e-06,9.999999503239267451e-01,9.999999405887407544e-01,7.999999934659116629e-01,1.000000049676075919e+00,1.999999805295715971e+00,1.999999717943591993e+00,0.000000000000000000e+00,0.000000000000000000e+00
5.067601830090861704e-06,9.999999493239255521e-01,9.999999393887395449e-01,7.999999933859119894e-01,1.000000050676076890e+00,1.999999801295712087e+00,1.999999711943585057e+00,0.000000000000000000e+00,0.000000000000000000e+00
5.167601830090860746e-06,9.999999483239242482e-01,9.999999381887387795e-01,7.999999933059115387e-01,1.000000051676078083e+00,1.999999797295707982e+00,1.999999705943577899e+00,0.000000000000000000e+00,0.000000000000000000e+00
5.267601830090859789e-06,9.999999473239232772e-01,9.999999369887376810e-01,7.999999932259115321e-01,1.000000052676079054e+00,1.999999793295702988e+00,1.999999699943572962e+00,0.000000000000000000e+00,0.000000000000000000e+00
5.367601830090858831e-06,9.999999463239219732e-01,9.999999357887368046e-01,7.999999931459114144e-01,1.000000053676080913e+00,1.999999789295699104e+00,1.999999693943566914e+00,0.000000000000000000e+00,0.000000000000000000e+00
5.467601830090857874e-06,9.999999453239212244e-01,9.999999345887359281e-01,7.999999930659110747e-01,1.000000054676082106e+00,1.999999785295694998e+00,1.999999687943559978e+00,0.000000000000000000e+00,0.000000000000000000e+00
5.567601830090856916e-06,9.999999443239203645e-01,9.999999333887349406e-01,7.999999929859110681e-01,1.000000055676083077e+00,1.999999781295690893e+00,1.999999681943555041e+00,0.000000000000000000e+00,0.000000000000000000e+00
5.667601830090855959e-06,9.999999433239191715e-01,9.999999321887341752e-01,7.999999929059113946e-01,1.000000056676084048e+00,1.999999777295687009e+00,1.999999675943548105e+00,0.000000000000000000e+00,0.000000000000000000e+00
5.767601830090855002e-06,9.999999423239180896e-01,9.999999309887330767e-01,7.999999928259113879e-01,1.000000057676085019e+00,1.999999773295682903e+00,1.999999669943542946e+00,0.000000000000000000e+00,0.000000000000000000e+00
5.867601830090854044e-06,9.999999413239172297e-01,9.999999297887324223e-01,7.999999927459116034e-01,1.000000058676085990e+00,1.999999769295679020e+00,1.999999663943538009e+00,0.000000000000000000e+00,0.000000000000000000e+00
5.967601830090853087e-06,9.999999403239161477e-01,9.999999285887312128e-01,7.999999926659115967e-01,1.000000059676086961e+00,1.999999765295674914e+00,1.999999657943531961e+00,0.000000000000000000e+00,0.000000000000000000e+00
6.067601830090852129e-06,9.999999393239149548e-01,9.999999273887302254e-01,7.999999925859114791e-01,1.000000060676089042e+00,1.999999761295671030e+00,1.999999651943527024e+00,0.000000000000000000e+00,0.000000000000000000e+00
6.167601830090851172e-06,9.999999383239139839e-01,9.999999261887294599e-01,7.999999925059113615e-01,1.000000061676090013e+00,1.999999757295668035e+00,1.999999645943520976e+00,0.000000000000000000e+00,0.000000000000000000e+00
6.267601830090850214e-06,9.999999373239125688e-01,9.999999249887284725e-01,7.999999924259111328e-01,1.000000062676090984e+00,1.999999753295663041e+00,1.999999639943516927e+00,0.000000000000000000e+00,0.000000000000000000e+00
6.367601830090849257e-06,9.999999363239115979e-01,9.999999237887274850e-01,7.999999923459109041e-01,1.000000063676091955e+00,1.999999749295658935e+00,1.999999633943509991e+00,0.000000000000000000e+00,0.000000000000000000e+00
6.467601830090848299e-06,9.999999353239101829e-01,9.999999225887264975e-01,7.999999922659105644e-01,1.000000064676094036e+00,1.999999745295653941e+00,1.999999627943503056e+00,0.000000000000000000e+00,0.000000000000000000e+00
6.567601830090847342e-06,9.999999343239094340e-01,9.999999213887256211e-01,7.999999921859106689e-01,1.000000065676095007e+00,1.999999741295650058e+00,1.999999621943497896e+00,0.000000000000000000e+00,0.000000000000000000e+00
6.667601830090846385e-06,9.999999333239081301e-01,9.999999201887247446e-01,7.999999921059103292e-01,1.000000066676095978e+00,1.999999737295645952e+00,1.999999615943490960e+00,0.000000000000000000e+00,0.000000000000000000e+00
6.767601830090844580e-06,9.999999323239070481e-01,9.999999189887237572e-01,7.999999920259105446e-01,1.000000067676098059e+00,1.999999733295640958e+00,1.999999609943484913e+00,0.000000000000000000e+00,0.000000000000000000e+00
6.867601830090843623e-06,9.999999313239062992e-01,9.999999177887229918e-01,7.999999919459108710e-01,1.000000068676099030e+00,1.999999729295637962e+00,1.999999603943477977e+00,0.000000000000000000e+00,0.000000000000000000e+00
6.967601830090844359e-06,9.999999303239051063e-01,9.999999165887218933e-01,7.999999918659111975e-01,1.000000069676100001e+00,1.999999725295634079e+00,1.999999597943473040e+00,0.000000000000000000e+00,0.000000000000000000e+00
7.067601830090843402e-06,9.999999293239039133e-01,9.999999153887209058e-01,7.999999917859109688e-01,1.000000070676100972e+00,1.999999721295629973e+00,1.999999591943468991e+00,0.000000000000000000e+00,0.000000000000000000e+00
7.167601830090841597e-06,9.999999283239029424e-01,9.999999141887199183e-01,7.999999917059104071e-01,1.000000071676101943e+00,1.999999717295626089e+00,1.999999585943462943e+00,0.000000000000000000e+00,0.000000000000000000e+00
7.267601830090840640e-06,9.999999273239016384e-01,9.999999129887190419e-01,7.999999916259101784e-01,1.000000072676104024e+00,1.999999713295621984e+00,1.999999579943458006e+00,0.000000000000000000e+00,0.000000000000000000e+00
7.367601830090839683e-06,9.999999263239007785e-01,9.999999117887180544e-01,7.999999915459100608e-01,1.000000073676104995e+00,1.999999709295616990e+00,1.999999573943451070e+00,0.000000000000000000e+00,0.000000000000000000e+00
7.467601830090838725e-06,9.999999253239001407e-01,9.999999105887172890e-01,7.999999914659100542e-01,1.000000074676105966e+00,1.999999705295613994e+00,1.999999567943445911e+00,0.000000000000000000e+00,0.000000000000000000e+00
7.567601830090837768e-06,9.999999243238993918e-01,9.999999093887161905e-01,7.999999913859098255e-01,1.000000075676106048e+00,1.999999701295610999e+00,1.999999561943442083e+00,0.000000000000000000e+00,0.000000000000000000e+00
7.667601830090836810e-06,9.999999233238980878e-01,9.999999081887154251e-01,7.999999913059103740e-01,1.000000076676107907e+00,1.999999697295608003e+00,1.999999555943438034e+00,0.000000000000000000e+00,0.000000000000000000e+00
7.767601830090835853e-06,9.999999223238970059e-01,9.999999069887143266e-01,7.999999912259103674e-01,1.000000077676109100e+00,1.999999693295603898e+00,1.999999549943433097e+00,0.000000000000000000e+00,0.000000000000000000e+00
7.867601830090834895e-06,9.999999213238961460e-01,9.999999057887135612e-01,7.999999911459100277e-01,1.000000078676110071e+00,1.999999689295600902e+00,1.999999543943427938e+00,0.000000000000000000e+00,0.000000000000000000e+00
7.967601830090833938e-06,9.999999203238952861e-01,9.999999045887125737e-01,7.999999910659103541e-01,1.000000079676111042e+00,1.999999685295597018e+00,1.999999537943423000e+00,0.000000000000000000e+00,0.000000000000000000e+00
8.001739583333332127e-06,9.999999199825170271e-01,9.999999041790597065e-01,7.999999910385998669e-01,1.000000080017489079e+00,1.999999683930085093e+00,1.999999535895156111e+00,1.043749999999493028e+00,0.000000000000000000e+00
8.002514255818134485e-06,9.999999199747698908e-01,9.993074801935137863e-01,7.999999910379800294e-01,1.000000080025237104e+00,1.999999683899098990e+00,1.999999535848677068e+00,1.508553490880907955e+00,0.000000000000000000e+00
8.002773173746041045e-06,9.999999199721716359e-01,9.942197097244677151e-01,7.999999910377726398e-01,1.000000080027835025e+00,1.999999683888739943e+00,1.999999535833141051e+00,1.663904247624844013e+00,0.000000000000000000e+00
8.004713022749421512e-06,9.999999199523204041e-01,9.599579393023784935e-01,7.999999910362173283e-01,1.000000080047686035e+00,1.999999683811130913e+00,1.999999535716751042e+00,2.827813649653124095e+00,0.000000000000000000e+00
8.005376812512260748e-06,9.999999199453813992e-01,9.496844953748646567e-01,7.999999910356832000e-01,1.000000080054624929e+00,1.999999683784565052e+00,1.999999535676924900e+00,3.000000000000000000e+00,0.000000000000000000e+00
8.007806196300535590e-06,9.999999199194594679e-01,9.173809975199100908e-01,7.999999910337102227e-01,1.000000080080547082e+00,1.999999683687244012e+00,1.999999535531161055e+00,3.000000000000000000e+00,0.000000000000000000e+00
8.010470068052632990e-06,9.999999198902417286e-01,8.899071494577835972e-01,7.999999910315038765e-01,1.000000080109765044e+00,1.999999683580311105e+00,1.999999535371324022e+00,3.000000000000000000e+00,0.000000000000000000e+00
8.013374447129638776e-06,9.999999198576586812e-01,8.672224251492922642e-01,7.999999910290300775e-01,1.000000080142348091e+00,1.999999683463383970e+00,1.999999535197046097e+00,3.000000000000000000e+00,0.000000000000000000e+00
8.016542434472312994e-06,9.999999198214702956e-01,8.489487318008352990e-01,7.999999910262368674e-01,1.000000080178536033e+00,1.999999683335367040e+00,1.999999535006935947e+00,3.000000000000000000e+00,0.000000000000000000e+00
8.020051238633247784e-06,9.999999197808140394e-01,8.344428752782904191e-01,7.999999910230124467e-01,1.000000080219191956e+00,1.999999683192928090e+00,1.999999534796341960e+00,3.000000000000000000e+00,0.000000000000000000e+00
8.023981264980648551e-06,9.999999197347737567e-01,8.232304891367057120e-01,7.999999910192280295e-01,1.000000080265232905e+00,1.999999683032523068e+00,1.999999534560412018e+00,3.000000000000000000e+00,0.000000000000000000e+00
8.028457589808550205e-06,9.999999196818972758e-01,8.148291553599802395e-01,7.999999910146866622e-01,1.000000080318109053e+00,1.999999682848669025e+00,1.999999534291589942e+00,3.000000000000000000e+00,0.000000000000000000e+00
8.033658755447115914e-06,9.999999196200862750e-01,8.087979812067692675e-01,7.999999910090996869e-01,1.000000080379920053e+00,1.999999682633490039e+00,1.999999533979071931e+00,3.000000000000000000e+00,0.000000000000000000e+00
8.039866416263809288e-06,9.999999195460024248e-01,8.047133225798875911e-01,7.999999910019996996e-01,1.000000080454003903e+00,1.999999682374510979e+00,1.999999533605774982e+00,3.000000000000000000e+00,0.000000000000000000e+00
8.047554098998603534e-06,9.999999194540034608e-01,8.021708461713337179e-01,7.999999909925805675e-01,1.000000080546002978e+00,1.999999682050648042e+00,1.999999533142899910e+00,3.000000000000000000e+00,0.000000000000000000e+00
8.057613249159584223e-06,9.999999193334300207e-01,8.007820009646694492e-01,7.999999909792725461e-01,1.000000080666576974e+00,1.999999681621950964e+00,1.999999532536028024e+00,3.000000000000000000e+00,0.000000000000000000e+00
8.072024513370633931e-06,9.999999191605551951e-01,8.001763479621777364e-01,7.999999909584510904e-01,1.000000080839450911e+00,1.999999680998933993e+00,1.999999531663595009e+00,3.000000000000000000e+00,0.000000000000000000e+00
8.096689197263359916e-06,9.999999188645963821e-01,8.000106471423639176e-01,7.999999909187601732e-01,1.000000081135409946e+00,1.999999679912003003e+00,1.999999530160005978e+00,3.000000000000000000e+00,0.000000000000000000e+00
8.162612017807412417e-06,9.999999180735245075e-01,7.999997621961312255e-01,7.999999907958070811e-01,1.000000081926482043e+00,1.999999676915682034e+00,1.999999526056319032e+00,3.000000000000000000e+00,0.000000000000000000e+00
8.262612017807411459e-06,9.999999168735228539e-01,7.999999918931302023e-01,7.999999905912282827e-01,1.000000083126483919e+00,1.999999672229481051e+00,1.999999519563538053e+00,3.000000000000000000e+00,0.000000000000000000e+00
8.362612017807410502e-06,9.999999156735214223e-01,7.999999903277297264e-01,7.999999903943237900e-01,1.000000084326486016e+00,1.999999667470715004e+00,1.999999512787540068e+00,3.000000000000000000e+00,0.000000000000000000e+00
8.462612017807409544e-06,9.999999144735198797e-01,7.999999901562671045e-01,7.999999902198207113e-01,1.000000085526487004e+00,1.999999662685634005e+00,1.999999505818379042e+00,3.000000000000000000e+00,0.000000000000000000e+00
8.562612017807408587e-06,9.999999132735183371e-01,7.999999900036021128e-01,7.999999900694528820e-01,1.000000086726489101e+00,1.999999657891029958e+00,1.999999498735923087e+00,3.000000000000000000e+00,0.000000000000000000e+00
8.662612017807407629e-06,9.999999120735169056e-01,7.999999898712818469e-01,7.999999899388819946e-01,1.000000087926490977e+00,1.999999653092980001e+00,1.999999491592935996e+00,3.000000000000000000e+00,0.000000000000000000e+00
8.762612017807406672e-06,9.999999108735153630e-01,7.999999897535275961e-01,7.999999898223039141e-01,1.000000089126493075e+00,1.999999648293681043e+00,1.999999484419588969e+00,3.000000000000000000e+00,0.000000000000000000e+00
8.806499999999999455e-06,9.999999103468593109e-01,7.999999897050810160e-01,7.999999897742220423e-01,1.000000089653148905e+00,1.999999646187198943e+00,1.999999481266153012e+00,2.100000000000060041e+00,0.000000000000000000e+00
8.807702829996743864e-06,9.999999103324250793e-01,7.999999897027560980e-01,7.999999897729251908e-01,1.000000089667582914e+00,1.999999646129466901e+00,1.999999481179695948e+00,1.378302001953414013e+00,0.000000000000000000e+00
8.810539624023436050e-06,9.999999102983847532e-01,7.999999896809560918e-01,7.999999897698713003e-01,1.000000089701623018e+00,1.999999645993308039e+00,1.999999480975789945e+00,0.000000000000000000e+00,0.000000000000000000e+00
8.832844083658838619e-06,9.999999100307312982e-01,7.999999895025202701e-01,7.999999897460432496e-01,1.000000089969276917e+00,1.999999644922741959e+00,1.999999479372297939e+00,0.000000000000000000e+00,0.000000000000000000e+00
8.932844083658837662e-06,9.999999088307308659e-01,7.999999887025193157e-01,7.999999896424624390e-01,1.000000091169277017e+00,1.999999640122869016e+00,1.999999472179168070e+00,0.000000000000000000e+00,0.000000000000000000e+00
9.032844083658836705e-06,9.999999076307296564e-01,7.999999879025188054e-01,7.999999895424587670e-01,1.000000092369278892e+00,1.999999635322913027e+00,1.999999464982185060e+00,0.000000000000000000e+00,0.000000000000000000e+00
9.132844083658835747e-06,9.999999064307287799e-01,7.999999871025180731e-01,7.999999894444120851e-01,1.000000093569280102e+00,1.999999630522925953e+00,1.999999457783484091e+00,0.000000000000000000e+00,0.000000000000000000e+00
9.232844083658834790e-06,9.999999052307276814e-01,7.999999863025174518e-01,7.999999893473930257e-01,1.000000094769281089e+00,1.999999625722927998e+00,1.999999450584033944e+00,0.000000000000000000e+00,0.000000000000000000e+00
9.332844083658833832e-06,9.999999040307268050e-01,7.999999855025169415e-01,7.999999892508976584e-01,1.000000095969282077e+00,1.999999620922928045e+00,1.999999443384262054e+00,0.000000000000000000e+00,0.000000000000000000e+00
9.432844083658832875e-06,9.999999028307257065e-01,7.999999847025162092e-01,7.999999891546615283e-01,1.000000097169283952e+00,1.999999616122924095e+00,1.999999436184354051e+00,0.000000000000000000e+00,0.000000000000000000e+00
9.532844083658831917e-06,9.999999016307249411e-01,7.999999839025156989e-01,7.999999890585505202e-01,1.000000098369284940e+00,1.999999611322921034e+00,1.999999428984390093e+00,0.000000000000000000e+00,0.000000000000000000e+00
9.632844083658830960e-06,9.999999004307240646e-01,7.999999831025149666e-01,7.999999889624994642e-01,1.000000099569285927e+00,1.999999606522919082e+00,1.999999421784401932e+00,0.000000000000000000e+00,0.000000000000000000e+00
9.732844083658830002e-06,9.999998992307230772e-01,7.999999823025143453e-01,7.999999888664763859e-01,1.000000100769286915e+00,1.999999601722916021e+00,1.999999414584405111e+00,0.000000000000000000e+00,0.000000000000000000e+00
9.832844083658829045e-06,9.999998980307223118e-01,7.999999815025138350e-01,7.999999887704657420e-01,1.000000101969287902e+00,1.999999596922912959e+00,1.999999407384404959e+00,0.000000000000000000e+00,0.000000000000000000e+00
9.932844083658828088e-06,9.999998968307214353e-01,7.999999807025131027e-01,7.999999886744610933e-01,1.000000103169288890e+00,1.999999592122909009e+00,1.999999400184401921e+00,0.000000000000000000e+00,0.000000000000000000e+00
1.000050000000000022e-05,9.999998960188495323e-01,7.999999801612651673e-01,7.999999886095098267e-01,1.000000103981161015e+00,1.999999588875424061e+00,1.999999395313172945e+00,0.000000000000000000e+00,2.999999999996413869e-01
1.000247798665365017e-05,9.999998959951137412e-01,7.999999801454416026e-01,7.999999886076113453e-01,1.000000104004896917e+00,1.999999588780480897e+00,1.999999395170759087e+00,0.000000000000000000e+00,1.486791992187576961e+00
1.000259951227824067e-05,9.976212055551569868e-01,7.999999801444686032e-01,7.999988135939128941e-01,1.002384466600747093e+00,1.999993718603640946e+00,1.999999393843006956e+00,0.000000000000000000e+00,1.559707366941879947e+00
1.000394091938048968e-05,9.728061948624096011e-01,7.999999801337362992e-01,7.998387465461822554e-01,1.027953980228750952e+00,1.999201397697218940e+00,1.999997221637423994e+00,0.000000000000000000e+00,2.364551628296364782e+00
1.000507536249842926e-05,9.542650882437111459e-01,7.999999801246570064e-01,7.995105432252853639e-01,1.047926841628946004e+00,1.997591815909993906e+00,1.999988124296673053e+00,0.000000000000000000e+00,3.000000000000000000e+00
1.000677253504355068e-05,9.301754173198304443e-01,7.999999801110648789e-01,7.987367590687185492e-01,1.075066037416209985e+00,1.993838017838722942e+00,1.999951444330323014e+00,0.000000000000000000e+00,3.000000000000000000e+00
1.000937474122639920e-05,9.003256644420880583e-01,7.999999800901939073e-01,7.970154399507476395e-01,1.110709201675015967e+00,1.985606780798800930e+00,1.999813729469765100e+00,0.000000000000000000e+00,3.000000000000000000e+00
1.001218615167748055e-05,8.757152210899085132e-01,7.999999800675867689e-01,7.946029119547860509e-01,1.141923739495366963e+00,1.974235000100581949e+00,1.999515323096860975e+00,0.000000000000000000e+00,3.000000000000000000e+00
1.001523735082680963e-05,8.557830995837625299e-01,7.999999800429664631e-01,7.915264130346061355e-01,1.168520388503093921e+00,1.959908970387935989e+00,1.998974444383047944e+00,0.000000000000000000e+00,3.000000000000000000e+00
1.001860310743902018e-05,8.398202032663699690e-01,7.999999800156925023e-01,7.877661983153881886e-01,1.190731058994094038e+00,1.942575196822216910e+00,1.998077819318007986e+00,0.000000000000000000e+00,3.000000000000000000e+00
1.002235131433944947e-05,8.273531356373662327e-01,7.999999799851646998e-01,7.833084554851307280e-01,1.208673729422240051e+00,1.922194145172656965e+00,1.996675330325506925e+00,0.000000000000000000e+00,3.000000000000000000e+00
1.002659192013311057e-05,8.178806704095501479e-01,7.999999799504210474e-01,7.781003144083649126e-01,1.222672250585473019e+00,1.898536317298586962e+00,1.994547971690159960e+00,0.000000000000000000e+00,3.000000000000000000e+00
1.003147619151855033e-05,8.109537060575199297e-01,7.999999799101292774e-01,7.720592768134931783e-01,1.233116012085986091e+00,1.871229852683720996e+00,1.991369214886056893e+00,0.000000000000000000e+00,3.000000000000000000e+00
1.003723828193693074e-05,8.061397991498712168e-01,7.999999798622194902e-01,7.650431496489750183e-01,1.240479630275749923e+00,1.839625798280382973e+00,1.986617117981031022e+00,0.000000000000000000e+00,3.000000000000000000e+00
1.004425802708115932e-05,8.030280049606163262e-01,7.999999798033157195e-01,7.568169642845614664e-01,1.245286582563261968e+00,1.802647520859341101e+00,1.979398516500231020e+00,0.000000000000000000e+00,3.000000000000000000e+00
1.005321697139713944e-05,8.012232573819686454e-01,7.999999797273288360e-01,7.469699782917661457e-01,1.248091578454104011e+00,1.758405812993746986e+00,1.968023392408317918e+00,0.000000000000000000e+00,3.000000000000000000e+00
1.006551768229855963e-05,8.003473890814347680e-01,7.999999796216340497e-01,7.347234852926342041e-01,1.249457440159464028e+00,1.703285116716366954e+00,1.948802970743950924e+00,0.000000000000000000e+00,3.000000000000000000e+00
1.008473005496680949e-05,8.000446512876473459e-01,7.999999794537820952e-01,7.184133757242445739e-01,1.249930236256852067e+00,1.629351651260354084e+00,1.911698860341326967e+00,0.000000000000000000e+00,3.000000000000000000e+00
1.010753763771916003e-05,8.000032902485967323e-01,7.999999792508925012e-01,7.029871223840630234e-01,1.249994859007711012e+00,1.558072380178872951e+00,1.859051243792257058e+00,0.000000000000000000e+00,3.000000000000000000e+00
1.013150454985941042e-05,8.000001737093230814e-01,7.999999790343695905e-01,6.906645006749192461e-01,1.249999728579241909e+00,1.498771840499329100e+00,1.797073867863355989e+00,0.000000000000000000e+00,3.000000000000000000e+00
1.015704917541905990e-05,7.999999867952897192e-01,7.999999788008111956e-01,6.811848646678587693e-01,1.250000020632360043e+00,1.449415837288106967e+00,1.727129830542665001e+00,0.000000000000000000e+00,3.000000000000000000e+00
1.018463530152842988e-05,7.999999787132344720e-01,7.999999785463552948e-01,6.744640417040044245e-01,1.250000033260572074e+00,1.408536035146966015e+00,1.650664577833041102e+00,0.000000000000000000e+00,3.000000000000000000e+00
1.021462698230089008e-05,7.999999782784926738e-01,7.999999782681213034e-01,6.705735281859407371e-01,1.250000033939856037e+00,1.375194710571397083e+00,1.569808034245623984e+00,0.000000000000000000e+00,3.000000000000000000e+00
1.024758540710913940e-05,7.999999779744606521e-01,7.999999779615704076e-01,6.696386920226411466e-01,1.250000034414906036e+00,1.348432698352941994e+00,1.486668150663549071e+00,0.000000000000000000e+00,3.000000000000000000e+00
1.028393846395900074e-05,7.999999776365770421e-01,7.999999776236803584e-01,6.718361719655008280e-01,1.250000034942849059e+00,1.327544083083167070e+00,1.404199769796494968e+00,0.000000000000000000e+00,3.000000000000000000e+00
1.032156414640709987e-05,7.999999772877980364e-01,7.999999772753355609e-01,6.768608102266714388e-01,1.250000035487816019e+00,1.312611007793998974e+00,1.330187898377575006e+00,0.000000000000000000e+00,3.000000000000000000e+00
1.036056965488758951e-05,7.999999769284269480e-01,7.999999769166503683e-01,6.842373452957911661e-01,1.250000036049333962e+00,1.302059882073568042e+00,1.265645508384285911e+00,0.000000000000000000e+00,3.000000000000000000e+00
1.040190117523140010e-05,7.999999765509353544e-01,7.999999765400669371e-01,6.936792367320949726e-01,1.250000036639165035e+00,1.294577146653943078e+00,1.209831490343914906e+00,0.000000000000000000e+00,3.000000000000000000e+00
1.044644375891338037e-05,7.999999761486140670e-01,7.999999761388487673e-01,7.049110827577991234e-01,1.250000037267791964e+00,1.289325827118555923e+00,1.162386115067089998e+00,0.000000000000000000e+00,3.000000000000000000e+00
1.049414689293989940e-05,7.999999757233511311e-01,7.999999757148232860e-01,7.173203574514831482e-01,1.250000037932265107e+00,1.285778861332899980e+00,1.123745040963477049e+00,0.000000000000000000e+00,3.000000000000000000e+00
1.054320206721421050e-05,7.999999752921679308e-01,7.999999752848931944e-01,7.297437917902659388e-01,1.250000038605989072e+00,1.283532315643014954e+00,1.094454151527672892e+00,0.000000000000000000e+00,3.000000000000000000e+00
1.059488830314472957e-05,7.999999748443060721e-01,7.999999748382637943e-01,7.418472492028393983e-01,1.250000039305773081e+00,1.282102446418784902e+00,1.072337206731079018e+00,0.000000000000000000e+00,3.000000000000000000e+00
1.065064303035669040e-05,7.999999743679346853e-01,7.999999743630710203e-01,7.533190343709593728e-01,1.250000040050103012e+00,1.281200869953337929e+00,1.055856586298673072e+00,0.000000000000000000e+00,3.000000000000000000e+00
1.071213407068633939e-05,7.999999738495426893e-01,7.999999738457671539e-01,7.638270206428201536e-01,1.250000040860091088e+00,1.280647094426371924e+00,1.043890404083017920e+00,0.000000000000000000e+00,3.000000000000000000e+00
1.078045445451877942e-05,7.999999732805473940e-01,7.999999732777194339e-01,7.729155380337243697e-01,1.250000041749145918e+00,1.280325220894469096e+00,1.035644717462089970e+00,0.000000000000000000e+00,3.000000000000000000e+00
1.080673958333332983e-05,7.999999730632236794e-01,7.999999730606928150e-01,7.757487098799036307e-01,1.250000042088714958e+00,1.280249650012978080e+00,1.033450438763056978e+00,0.000000000000000000e+00,1.956249999999490008e+00
1.080815251668294005e-05,7.999999730516988983e-01,7.999999730490479077e-01,7.758912918755991317e-01,1.250000042106722109e+00,1.280246146279709896e+00,1.033344888551058993e+00,0.000000000000000000e+00,1.108489990234380107e+00
1.081125912272134923e-05,7.999999730268297915e-01,7.999999730234514939e-01,7.762014222740076796e-01,1.250000042145579915e+00,1.280238615248328937e+00,1.033116826462771920e+00,0.000000000000000000e+00,0.000000000000000000e+00
1.084784658188187059e-05,7.999999727341295941e-01,7.999999727226657642e-01,7.795243878211711719e-01,1.250000042602924077e+00,1.280165295563467920e+00,1.030801404369626084e+00,0.000000000000000000e+00,0.000000000000000000e+00
1.093324530920572029e-05,7.999999720509394230e-01,7.999999720245850598e-01,7.852393320432974333e-01,1.250000043670409067e+00,1.280069699500774094e+00,1.027388297566026898e+00,0.000000000000000000e+00,0.000000000000000000e+00
1.103025207042064934e-05,7.999999712748845360e-01,7.999999712362610982e-01,7.891588844728919527e-01,1.250000044882993988e+00,1.280025993927339067e+00,1.025509177759212909e+00,0.000000000000000000e+00,0.000000000000000000e+00
1.113025207042065008e-05,7.999999704748839147e-01,7.999999704266296252e-01,7.913875575966556886e-01,1.250000046132996090e+00,1.280009348530825930e+00,1.024645471969402033e+00,0.000000000000000000e+00,0.000000000000000000e+00
1.123025207042065081e-05,7.999999696748834044e-01,7.999999696186534948e-01,7.925551609845462586e-01,1.250000047382995971e+00,1.280003322149245060e+00,1.024272520003461029e+00,0.000000000000000000e+00,0.000000000000000000e+00
1.133025207042064986e-05,7.999999688748826721e-01,7.999999688115320140e-01,7.931466297372881114e-01,1.250000048632998073e+00,1.280001139483843975e+00,1.024113763705265967e+00,0.000000000000000000e+00,0.000000000000000000e+00
1.143025207042065059e-05,7.999999680748820508e-01,7.999999680048378581e-01,7.934380706783613624e-01,1.250000049882999065e+00,1.280000347914366010e+00,1.024046999559169890e+00,0.000000000000000000e+00,0.000000000000000000e+00
1.153025207042063947e-05,7.999999672748814294e-01,7.999999671983523131e-01,7.935783849728672568e-01,1.250000051133000056e+00,1.280000059801225998e+00,1.024019213184909072e+00,0.000000000000000000e+00,0.000000000000000000e+00
1.163025207042064021e-05,7.999999664748808081e-01,7.999999663919665771e-01,7.936446187863036572e-01,1.250000052383001048e+00,1.279999953895704090e+00,1.024007752502708923e+00,0.000000000000000000e+00,0.000000000000000000e+00
1.173025207042063925e-05,7.999999656748802979e-01,7.999999655856275815e-01,7.936753553277194895e-01,1.250000053633002040e+00,1.279999913933568934e+00,1.024003061987935892e+00,0.000000000000000000e+00,0.000000000000000000e+00
1.183025207042063999e-05,7.999999648748795655e-01,7.999999647793100133e-01,7.936894081377052768e-01,1.250000054883003031e+00,1.279999897837232004e+00,1.024001154732596008e+00,0.000000000000000000e+00,0.000000000000000000e+00
1.193025207042064072e-05,7.999999640748789442e-01,7.999999639730021039e-01,7.936957492386427226e-01,1.250000056133004023e+00,1.279999890378247906e+00,1.024000382979062040e+00,0.000000000000000000e+00,0.000000000000000000e+00
1.203025207042063977e-05,7.999999632748783229e-01,7.999999631666987465e-01,7.936985772898861313e-01,1.250000057383005014e+00,1.279999886045239066e+00,1.024000071352872965e+00,0.000000000000000000e+00,0.000000000000000000e+00
1.213025207042064050e-05,7.999999624748777016e-01,7.999999623603973875e-01,7.936998254102897166e-01,1.250000058633006006e+00,1.279999882843561920e+00,1.023999945054226979e+00,0.000000000000000000e+00,0.000000000000000000e+00
1.223025207042063954e-05,7.999999616748771913e-01,7.999999615540966946e-01,7.937003710643338872e-01,1.250000059883006998e+00,1.279999880051329031e+00,1.023999892996102057e+00,0.000000000000000000e+00,0.000000000000000000e+00
1.233025207042064028e-05,7.999999608748764590e-01,7.999999607477970009e-01,7.937006075750564493e-01,1.250000061133009099e+00,1.279999877407280051e+00,1.023999870532388945e+00,0.000000000000000000e+00,0.000000000000000000e+00
1.243025207042063932e-05,7.999999600748758377e-01,7.999999599414975293e-01,7.937007092902151895e-01,1.250000062383008981e+00,1.279999874816859950e+00,1.023999859813405022e+00,0.000000000000000000e+00,0.000000000000000000e+00
1.253025207042062990e-05,7.999999592748752164e-01,7.999999591351980577e-01,7.937007527220302228e-01,1.250000063633011083e+00,1.279999872245848991e+00,1.023999853736488053e+00,0.000000000000000000e+00,0.000000000000000000e+00
1.263025207042063063e-05,7.999999584748745951e-01,7.999999583288985860e-01,7.937007711453603065e-01,1.250000064883012074e+00,1.279999869681863967e+00,1.023999849487521985e+00,0.000000000000000000e+00,0.000000000000000000e+00
1.273025207042062967e-05,7.999999576748740848e-01,7.999999575225991144e-01,7.937007789129504332e-01,1.250000066133013066e+00,1.279999867120420021e+00,1.023999845955908983e+00,0.000000000000000000e+00,0.000000000000000000e+00
1.283025207042063041e-05,7.999999568748732415e-01,7.999999567162996428e-01,7.937007821694870291e-01,1.250000067383014057e+00,1.279999864559896006e+00,1.023999842704925944e+00,0.000000000000000000e+00,0.000000000000000000e+00
1.293025207042062945e-05,7.999999560748726202e-01,7.999999559100001711e-01,7.937007835276301826e-01,1.250000068633015049e+00,1.279999861999705058e+00,1.023999839563406011e+00,0.000000000000000000e+00,0.000000000000000000e+00
1.303025207042063019e-05,7.999999552748719989e-01,7.999999551037006995e-01,7.937007840912633228e-01,1.250000069883016041e+00,1.279999859439634902e+00,1.023999836464466018e+00,0.000000000000000000e+00,0.000000000000000000e+00
1.313025207042062923e-05,7.999999544748713776e-01,7.999999542974012279e-01,7.937007843240787563e-01,1.250000071133017032e+00,1.279999856879608044e+00,1.023999833382049918e+00,0.000000000000000000e+00,0.000000000000000000e+00
1.323025207042062997e-05,7.999999536748707563e-01,7.999999534911017562e-01,7.937007844198039619e-01,1.250000072383018912e+00,1.279999854319596952e+00,1.023999830306030034e+00,0.000000000000000000e+00,0.000000000000000000e+00
1.333025207042063071e-05,7.999999528748701350e-01,7.999999526848022846e-01,7.937007844589711869e-01,1.250000073633019015e+00,1.279999851759592078e+00,1.023999827232481064e+00,0.000000000000000000e+00,0.000000000000000000e+00
1.343025207042062975e-05,7.999999520748695137e-01,7.999999518785028130e-01,7.937007844749028873e-01,1.250000074883020895e+00,1.279999849199588979e+00,1.023999824159883998e+00,0.000000000000000000e+00,0.000000000000000000e+00
1.353025207042063049e-05,7.999999512748688923e-01,7.999999510722033413e-01,7.937007844813247504e-01,1.250000076133022109e+00,1.279999846639586991e+00,1.023999821087655082e+00,0.000000000000000000e+00,0.000000000000000000e+00
1.363025207042061936e-05,7.999999504748682710e-01,7.999999502659038697e-01,7.937007844838696036e-01,1.250000077383023100e+00,1.279999844079585003e+00,1.023999818015564944e+00,0.000000000000000000e+00,0.000000000000000000e+00
1.373025207042062010e-05,7.999999496748676497e-01,7.999999494596043981e-01,7.937007844848390503e-01,1.250000078633024092e+00,1.279999841519583015e+00,1.023999814943530096e+00,0.000000000000000000e+00,0.000000000000000000e+00
1.383025207042062084e-05,7.999999488748670284e-01,7.999999486533049264e-01,7.937007844851705629e-01,1.250000079883025084e+00,1.279999838959581027e+00,1.023999811871515009e+00,0.000000000000000000e+00,0.000000000000000000e+00
1.393025207042061988e-05,7.999999480748664071e-01,7.999999478470054548e-01,7.937007844852445038e-01,1.250000081133026075e+00,1.279999836399581037e+00,1.023999808799509026e+00,0.000000000000000000e+00,0.000000000000000000e+00
1.403025207042062062e-05,7.999999472748657858e-01,7.999999470407059832e-01,7.937007844852146388e-01,1.250000082383027955e+00,1.279999833839577938e+00,1.023999805727505041e+00,0.000000000000000000e+00,0.000000000000000000e+00
1.413025207042061966e-05,7.999999464748651645e-01,7.999999462344065115e-01,7.937007844851434735e-01,1.250000083633028947e+00,1.279999831279575950e+00,1.023999802655501945e+00,0.000000000000000000e+00,0.000000000000000000e+00
1.423025207042062040e-05,7.999999456748646542e-01,7.999999454281070399e-01,7.937007844850547666e-01,1.250000084883029938e+00,1.279999828719575072e+00,1.023999799583501069e+00,0.000000000000000000e+00,0.000000000000000000e+00
1.433025207042061944e-05,7.999999448748639219e-01,7.999999446218075683e-01,7.937007844849600646e-01,1.250000086133030930e+00,1.279999826159573972e+00,1.023999796511497973e+00,0.000000000000000000e+00,0.000000000000000000e+00
1.443025207042062017e-05,7.999999440748633006e-01,7.999999438155080966e-01,7.937007844848624760e-01,1.250000087383031921e+00,1.279999823599571984e+00,1.023999793439495987e+00,0.000000000000000000e+00,0.000000000000000000e+00
1.453025207042061922e-05,7.999999432748626793e-01,7.999999430092086250e-01,7.937007844847638882e-01,1.250000088633032913e+00,1.279999821039569108e+00,1.023999790367494001e+00,0.000000000000000000e+00,0.000000000000000000e+00
1.463025207042060979e-05,7.999999424748620580e-01,7.999999422029091534e-01,7.937007844846650784e-01,1.250000089883035015e+00,1.279999818479568008e+00,1.023999787295492014e+00,0.000000000000000000e+00,0.000000000000000000e+00
1.473025207042061053e-05,7.999999416748615477e-01,7.999999413966096817e-01,7.937007844845662685e-01,1.250000091133034896e+00,1.279999815919566020e+00,1.023999784223490028e+00,0.000000000000000000e+00,0.000000000000000000e+00
1.483025207042060957e-05,7.999999408748608154e-01,7.999999405903102101e-01,7.937007844844667925e-01,1.250000092383036998e+00,1.279999813359564032e+00,1.023999781151488042e+00,0.000000000000000000e+00,0.000000000000000000e+00
1.493025207042061031e-05,7.999999400748601941e-01,7.999999397840107385e-01,7.937007844843679827e-01,1.250000093633037990e+00,1.279999810799562043e+00,1.023999778079486056e+00,0.000000000000000000e+00,0.000000000000000000e+00
1.503025207042060935e-05,7.999999392748595728e-01,7.999999389777112668e-01,7.937007844842690618e-01,1.250000094883038981e+00,1.279999808239560055e+00,1.023999775007484070e+00,0.000000000000000000e+00,0.000000000000000000e+00
1.513025207042061008e-05,7.999999384748589515e-01,7.999999381714117952e-01,7.937007844841699189e-01,1.250000096133039973e+00,1.279999805679558067e+00,1.023999771935482084e+00,0.000000000000000000e+00,0.000000000000000000e+00
1.523025207042061082e-05,7.999999376748584412e-01,7.999999373651123236e-01,7.937007844840701098e-01,1.250000097383040965e+00,1.279999803119556079e+00,1.023999768863478987e+00,0.000000000000000000e+00,0.000000000000000000e+00
1.533025207042061156e-05,7.999999368748577089e-01,7.999999365588128519e-01,7.937007844839708559e-01,1.250000098633043066e+00,1.279999800559554979e+00,1.023999765791477001e+00,0.000000000000000000e+00,0.000000000000000000e+00
1.543025207042061060e-05,7.999999360748570876e-01,7.999999357525133803e-01,7.937007844838720461e-01,1.250000099883044058e+00,1.279999797999554101e+00,1.023999762719475903e+00,0.000000000000000000e+00,0.000000000000000000e+00
1.553025207042060964e-05,7.999999352748564663e-01,7.999999349462139087e-01,7.937007844837729031e-01,1.250000101133045050e+00,1.279999795439551002e+00,1.023999759647475027e+00,0.000000000000000000e+00,0.000000000000000000e+00
1.563025207042060869e-05,7.999999344748558450e-01,7.999999341399144370e-01,7.937007844836737602e-01,1.250000102383046041e+00,1.279999792879549014e+00,1.023999756575473041e+00,0.000000000000000000e+00,0.000000000000000000e+00
1.573025207042060095e-05,7.999999336748553347e-01,7.999999333336149654e-01,7.937007844835742842e-01,1.250000103633047033e+00,1.279999790319547026e+00,1.023999753503471055e+00,0.000000000000000000e+00,0.000000000000000000e+00
1.583025207042059999e-05,7.999999328748546024e-01,7.999999325273154938e-01,7.937007844834751413e-01,1.250000104883048024e+00,1.279999787759545926e+00,1.023999750431469069e+00,0.000000000000000000e+00,0.000000000000000000e+00
1.593025207042059904e-05,7.999999320748539811e-01,7.999999317210160221e-01,7.937007844833759984e-01,1.250000106133049016e+00,1.279999785199543938e+00,1.023999747359467083e+00,0.000000000000000000e+00,0.000000000000000000e+00
1.603025207042060147e-05,7.999999312748534708e-01,7.999999309147165505e-01,7.937007844832768555e-01,1.250000107383050896e+00,1.279999782639541950e+00,1.023999744287465097e+00,0.000000000000000000e+00,0.000000000000000000e+00
1.613025207042060051e-05,7.999999304748527384e-01,7.999999301084170789e-01,7.937007844831778236e-01,1.250000108633052109e+00,1.279999780079541072e+00,1.023999741215463999e+00,0.000000000000000000e+00,0.000000000000000000e+00
1.623025207042059955e-05,7.999999296748522282e-01,7.999999293021176072e-01,7.937007844830790138e-01,1.250000109883053101e+00,1.279999777519539084e+00,1.023999738143462013e+00,0.000000000000000000e+00,0.000000000000000000e+00
1.633025207042059860e-05,7.999999288748514958e-01,7.999999284958181356e-01,7.937007844829792047e-01,1.250000111133054093e+00,1.279999774959537095e+00,1.023999735071460027e+00,0.000000000000000000e+00,0.000000000000000000e+00
1.643025207042060103e-05,7.999999280748508745e-01,7.999999276895186640e-01,7.937007844828800618e-01,1.250000112383055972e+00,1.279999772399535107e+00,1.023999731999458040e+00,0.000000000000000000e+00,0.000000000000000000e+00
1.653025207042060007e-05,7.999999272748503643e-01,7.999999268832191923e-01,7.937007844827804748e-01,1.250000113633056964e+00,1.279999769839532897e+00,1.023999728927456054e+00,0.000000000000000000e+00,0.000000000000000000e+00
1.663025207042059911e-05,7.999999264748496319e-01,7.999999260769197207e-01,7.937007844826815539e-01,1.250000114883057956e+00,1.279999767279532019e+00,1.023999725855454068e+00,0.000000000000000000e+00,0.000000000000000000e+00
1.673025207042059138e-05,7.999999256748491216e-01,7.999999252706202491e-01,7.937007844825827441e-01,1.250000116133058947e+00,1.279999764719528921e+00,1.023999722783452082e+00,0.000000000000000000e+00,0.000000000000000000e+00
1.683025207042059042e-05,7.999999248748482783e-01,7.999999244643207774e-01,7.937007844824836011e-01,1.250000117383059939e+00,1.279999762159528043e+00,1.023999719711450096e+00,0.000000000000000000e+00,0.000000000000000000e+00
1.693025207042058946e-05,7.999999240748476570e-01,7.999999236580213058e-01,7.937007844823843472e-01,1.250000118633062041e+00,1.279999759599526943e+00,1.023999716639448110e+00,0.000000000000000000e+00,0.000000000000000000e+00
1.703025207042058851e-05,7.999999232748471467e-01,7.999999228517218341e-01,7.937007844822854263e-01,1.250000119883063032e+00,1.279999757039524066e+00,1.023999713567445902e+00,0.000000000000000000e+00,0.000000000000000000e+00
1.713025207042059094e-05,7.999999224748464144e-01,7.999999220454223625e-01,7.937007844821858393e-01,1.250000121133064024e+00,1.279999754479522966e+00,1.023999710495443916e+00,0.000000000000000000e+00,0.000000000000000000e+00
1.723025207042058998e-05,7.999999216748459041e-01,7.999999212391228909e-01,7.937007844820866964e-01,1.250000122383065015e+00,1.279999751919520978e+00,1.023999707423441929e+00,0.000000000000000000e+00,0.000000000000000000e+00
1.733025207042058902e-05,7.999999208748451718e-01,7.999999204328234192e-01,7.937007844819876645e-01,1.250000123633066895e+00,1.279999749359518990e+00,1.023999704351439943e+00,0.000000000000000000e+00,0.000000000000000000e+00
1.743025207042059145e-05,7.999999200748445505e-01,7.999999196265239476e-01,7.937007844818881885e-01,1.250000124883068109e+00,1.279999746799517002e+00,1.023999701279439956e+00,0.000000000000000000e+00,0.000000000000000000e+00
1.753025207042059049e-05,7.999999192748440402e-01,7.999999188202244760e-01,7.937007844817888236e-01,1.250000126133069100e+00,1.279999744239515014e+00,1.023999698207437969e+00,0.000000000000000000e+00,0.000000000000000000e+00
1.763025207042058954e-05,7.999999184748433079e-01,7.999999180139250043e-01,7.937007844816896807e-01,1.250000127383070092e+00,1.279999741679513914e+00,1.023999695135435983e+00,0.000000000000000000e+00,0.000000000000000000e+00
1.773025207042058858e-05,7.999999176748427976e-01,7.999999172076255327e-01,7.937007844815905377e-01,1.250000128633071084e+00,1.279999739119511926e+00,1.023999692063433109e+00,0.000000000000000000e+00,0.000000000000000000e+00
1.783025207042058085e-05,7.999999168748421763e-01,7.999999164013260611e-01,7.937007844814912838e-01,1.250000129883072963e+00,1.279999736559509937e+00,1.023999688991430901e+00,0.000000000000000000e+00,0.000000000000000000e+00
1.793025207042057989e-05,7.999999160748414440e-01,7.999999155950265894e-01,7.937007844813923629e-01,1.250000131133073955e+00,1.279999733999507949e+00,1.023999685919430025e+00,0.000000000000000000e+00,0.000000000000000000e+00
1.803025207042057893e-05,7.999999152748409337e-01,7.999999147887271178e-01,7.937007844812928870e-01,1.250000132383074947e+00,1.279999731439507071e+00,1.023999682847428039e+00,0.000000000000000000e+00,0.000000000000000000e+00
1.813025207042058136e-05,7.999999144748402014e-01,7.999999139824276462e-01,7.937007844811935220e-01,1.250000133633077049e+00,1.279999728879505971e+00,1.023999679775426941e+00,0.000000000000000000e+00,0.000000000000000000e+00
1.823025207042058040e-05,7.999999136748396911e-01,7.999999131761281745e-01,7.937007844810943791e-01,1.250000134883078040e+00,1.279999726319503983e+00,1.023999676703424955e+00,0.000000000000000000e+00,0.000000000000000000e+00
1.833025207042057945e-05,7.999999128748390698e-01,7.999999123698287029e-01,7.937007844809951251e-01,1.250000136133079032e+00,1.279999723759501107e+00,1.023999673631422969e+00,0.000000000000000000e+00,0.000000000000000000e+00
1.843025207042057849e-05,7.999999120748383374e-01,7.999999115635292313e-01,7.937007844808959822e-01,1.250000137383080023e+00,1.279999721199500007e+00,1.023999670559420982e+00,0.000000000000000000e+00,0.000000000000000000e+00
1.853025207042058092e-05,7.999999112748378272e-01,7.999999107572297596e-01,7.937007844807970613e-01,1.250000138633081015e+00,1.279999718639498019e+00,1.023999667487418996e+00,0.000000000000000000e+00,0.000000000000000000e+00
1.863025207042057996e-05,7.999999104748370948e-01,7.999999099509302880e-01,7.937007844806981405e-01,1.250000139883082895e+00,1.279999716079496030e+00,1.023999664415417010e+00,0.000000000000000000e+00,0.000000000000000000e+00
1.873025207042057900e-05,7.999999096748365845e-01,7.999999091446308164e-01,7.937007844805982204e-01,1.250000141133084108e+00,1.279999713519494930e+00,1.023999661343415912e+00,0.000000000000000000e+00,0.000000000000000000e+00
1.883025207042057127e-05,7.999999088748359632e-01,7.999999083383313447e-01,7.937007844804986334e-01,1.250000142383085100e+00,1.279999710959492942e+00,1.023999658271413926e+00,0.000000000000000000e+00,0.000000000000000000e+00
1.893025207042057031e-05,7.999999080748352309e-01,7.999999075320318731e-01,7.937007844803999346e-01,1.250000143633086980e+00,1.279999708399492064e+00,1.023999655199413050e+00,0.000000000000000000e+00,0.000000000000000000e+00
1.903025207042056936e-05,7.999999072748347206e-01,7.999999067257324015e-01,7.937007844803006806e-01,1.250000144883087083e+00,1.279999705839490076e+00,1.023999652127411064e+00,0.000000000000000000e+00,0.000000000000000000e+00
1.913025207042056840e-05,7.999999064748339883e-01,7.999999059194329298e-01,7.937007844802014267e-01,1.250000146133088963e+00,1.279999703279488088e+00,1.023999649055409078e+00,0.000000000000000000e+00,0.000000000000000000e+00
1.923025207042057083e-05,7.999999056748334780e-01,7.999999051131334582e-01,7.937007844801023948e-01,1.250000147383089955e+00,1.279999700719486100e+00,1.023999645983407980e+00,0.000000000000000000e+00,0.000000000000000000e+00
1.933025207042056987e-05,7.999999048748328567e-01,7.999999043068339866e-01,7.937007844800034739e-01,1.250000148633090946e+00,1.279999698159485000e+00,1.023999642911405994e+00,0.000000000000000000e+00,0.000000000000000000e+00
1.943025207042056891e-05,7.999999040748321244e-01,7.999999035005345149e-01,7.937007844799038869e-01,1.250000149883093048e+00,1.279999695599483012e+00,1.023999639839404008e+00,0.000000000000000000e+00,0.000000000000000000e+00
1.953025207042057135e-05,7.999999032748316141e-01,7.999999026942350433e-01,7.937007844798045220e-01,1.250000151133094040e+00,1.279999693039481024e+00,1.023999636767402022e+00,0.000000000000000000e+00,0.000000000000000000e+00
1.963025207042057039e-05,7.999999024748308818e-01,7.999999018879355717e-01,7.937007844797050460e-01,1.250000152383095031e+00,1.279999690479479035e+00,1.023999633695400036e+00,0.000000000000000000e+00,0.000000000000000000e+00
1.973025207042056943e-05,7.999999016748303715e-01,7.999999010816361000e-01,7.937007844796060141e-01,1.250000153633096023e+00,1.279999687919477935e+00,1.023999630623398938e+00,0.000000000000000000e+00,0.000000000000000000e+00
1.983025207042056847e-05,7.999999008748297502e-01,7.999999002753366284e-01,7.937007844795069822e-01,1.250000154883097903e+00,1.279999685359477057e+00,1.023999627551396951e+00,0.000000000000000000e+00,0.000000000000000000e+00
1.993025207042056074e-05,7.999999000748290179e-01,7.999998994690371568e-01,7.937007844794078393e-01,1.250000156133098894e+00,1.279999682799475069e+00,1.023999624479396076e+00,0.000000000000000000e+00,0.000000000000000000e+00
2.003025207042055978e-05,7.999998992748285076e-01,7.999998986627376851e-01,7.937007844793086964e-01,1.250000157383100108e+00,1.279999680239473081e+00,1.023999621407394089e+00,0.000000000000000000e+00,0.000000000000000000e+00
2.013025207042055882e-05,7.999998984748277753e-01,7.999998978564382135e-01,7.937007844792095534e-01,1.250000158633101988e+00,1.279999677679471093e+00,1.023999618335392103e+00,0.000000000000000000e+00,0.000000000000000000e+00
2.023025207042056126e-05,7.999998976748272650e-01,7.999998970501387419e-01,7.937007844791108546e-01,1.250000159883102979e+00,1.279999675119469993e+00,1.023999615263391005e+00,0.000000000000000000e+00,0.000000000000000000e+00
2.033025207042056030e-05,7.999998968748266437e-01,7.999998962438392702e-01,7.937007844790113786e-01,1.250000161133103971e+00,1.279999672559468005e+00,1.023999612191389019e+00,0.000000000000000000e+00,0.000000000000000000e+00
2.043025207042055934e-05,7.999998960748259114e-01,7.999998954375397986e-01,7.937007844789120137e-01,1.250000162383104962e+00,1.279999669999466905e+00,1.023999609119387921e+00,0.000000000000000000e+00,0.000000000000000000e+00
2.053025207042055838e-05,7.999998952748254011e-01,7.999998946312403270e-01,7.937007844788126487e-01,1.250000163633105954e+00,1.279999667439464028e+00,1.023999606047385935e+00,0.000000000000000000e+00,0.000000000000000000e+00
2.063025207042056081e-05,7.999998944748246688e-01,7.999998938249408553e-01,7.937007844787135058e-01,1.250000164883108056e+00,1.279999664879462928e+00,1.023999602975383949e+00,0.000000000000000000e+00,0.000000000000000000e+00
2.073025207042055986e-05,7.999998936748241585e-01,7.999998930186413837e-01,7.937007844786142519e-01,1.250000166133109047e+00,1.279999662319462050e+00,1.023999599903381963e+00,0.000000000000000000e+00,0.000000000000000000e+00
2.083025207042055890e-05,7.999998928748233151e-01,7.999998922123419121e-01,7.937007844785153310e-01,1.250000167383110927e+00,1.279999659759460062e+00,1.023999596831379977e+00,0.000000000000000000e+00,0.000000000000000000e+00
2.093025207042055116e-05,7.999998920748226938e-01,7.999998914060424404e-01,7.937007844784162991e-01,1.250000168633111919e+00,1.279999657199458074e+00,1.023999593759379101e+00,0.000000000000000000e+00,0.000000000000000000e+00
2.103025207042055021e-05,7.999998912748220725e-01,7.999998905997429688e-01,7.937007844783168231e-01,1.250000169883112910e+00,1.279999654639456086e+00,1.023999590687376893e+00,0.000000000000000000e+00,0.000000000000000000e+00
2.113025207042054925e-05,7.999998904748214512e-01,7.999998897934434972e-01,7.937007844782177912e-01,1.250000171133115012e+00,1.279999652079454986e+00,1.023999587615376017e+00,0.000000000000000000e+00,0.000000000000000000e+00
2.123025207042055168e-05,7.999998896748209409e-01,7.999998889871440255e-01,7.937007844781180932e-01,1.250000172383116004e+00,1.279999649519452998e+00,1.023999584543374031e+00,0.000000000000000000e+00,0.000000000000000000e+00
2.133025207042055072e-05,7.999998888748202086e-01,7.999998881808445539e-01,7.937007844780189503e-01,1.250000173633116995e+00,1.279999646959451010e+00,1.023999581471372933e+00,0.000000000000000000e+00,0.000000000000000000e+00
2.143025207042054977e-05,7.999998880748195873e-01,7.999998873745450823e-01,7.937007844779201404e-01,1.250000174883119097e+00,1.279999644399449021e+00,1.023999578399370947e+00,0.000000000000000000e+00,0.000000000000000000e+00
2.153025207042054881e-05,7.999998872748189660e-01,7.999998865682456106e-01,7.937007844778208865e-01,1.250000176133120089e+00,1.279999641839447921e+00,1.023999575327368960e+00,0.000000000000000000e+00,0.000000000000000000e+00
2.163025207042055124e-05,7.999998864748183447e-01,7.999998857619461390e-01,7.937007844777222987e-01,1.250000177383121969e+00,1.279999639279447043e+00,1.023999572255366974e+00,0.000000000000000000e+00,0.000000000000000000e+00
2.173025207042055028e-05,7.999998856748178344e-01,7.999998849556466674e-01,7.937007844776235999e-01,1.250000178633122960e+00,1.279999636719445055e+00,1.023999569183366098e+00,0.000000000000000000e+00,0.000000000000000000e+00
2.183025207042054932e-05,7.999998848748171021e-01,7.999998841493471957e-01,7.937007844775240128e-01,1.250000179883123952e+00,1.279999634159443067e+00,1.023999566111365001e+00,0.000000000000000000e+00,0.000000000000000000e+00
2.193025207042054159e-05,7.999998840748164808e-01,7.999998833430477241e-01,7.937007844774240928e-01,1.250000181133126054e+00,1.279999631599441079e+00,1.023999563039363014e+00,0.000000000000000000e+00,0.000000000000000000e+00
2.203025207042054063e-05,7.999998832748158595e-01,7.999998825367482524e-01,7.937007844773245058e-01,1.250000182383127045e+00,1.279999629039439979e+00,1.023999559967361028e+00,0.000000000000000000e+00,0.000000000000000000e+00
2.213025207042053968e-05,7.999998824748152382e-01,7.999998817304487808e-01,7.937007844772252518e-01,1.250000183633128037e+00,1.279999626479439101e+00,1.023999556895359930e+00,0.000000000000000000e+00,0.000000000000000000e+00
2.223025207042053872e-05,7.999998816748147279e-01,7.999998809241493092e-01,7.937007844771264420e-01,1.250000184883129029e+00,1.279999623919436891e+00,1.023999553823359054e+00,0.000000000000000000e+00,0.000000000000000000e+00
2.233025207042054115e-05,7.999998808748139956e-01,7.999998801178498375e-01,7.937007844770272991e-01,1.250000186133130908e+00,1.279999621359436013e+00,1.023999550751359067e+00,0.000000000000000000e+00,0.000000000000000000e+00
2.243025207042054019e-05,7.999998800748133743e-01,7.999998793115503659e-01,7.937007844769279341e-01,1.250000187383131900e+00,1.279999618799434025e+00,1.023999547679357969e+00,0.000000000000000000e+00,0.000000000000000000e+00
2.253025207042053923e-05,7.999998792748127530e-01,7.999998785052508943e-01,7.937007844768286802e-01,1.250000188633134002e+00,1.279999616239432036e+00,1.023999544607355094e+00,0.000000000000000000e+00,0.000000000000000000e+00
2.263025207042054166e-05,7.999998784748121317e-01,7.999998776989514226e-01,7.937007844767298703e-01,1.250000189883134993e+00,1.279999613679430048e+00,1.023999541535353996e+00,0.000000000000000000e+00,0.000000000000000000e+00
2.273025207042054071e-05,7.999998776748116214e-01,7.999998768926519510e-01,7.937007844766306164e-01,1.250000191133135985e+00,1.279999611119428948e+00,1.023999538463352010e+00,0.000000000000000000e+00,0.000000000000000000e+00
2.283025207042053975e-05,7.999998768748108890e-01,7.999998760863524794e-01,7.937007844765306963e-01,1.250000192383138087e+00,1.279999608559426072e+00,1.023999535391350912e+00,0.000000000000000000e+00,0.000000000000000000e+00
2.293025207042053879e-05,7.999998760748102677e-01,7.999998752800530077e-01,7.937007844764317754e-01,1.250000193633139078e+00,1.279999605999424972e+00,1.023999532319348926e+00,0.000000000000000000e+00,0.000000000000000000e+00
2.303025207042053106e-05,7.999998752748096464e-01,7.999998744737535361e-01,7.937007844763325215e-01,1.250000194883140070e+00,1.279999603439424094e+00,1.023999529247348050e+00,0.000000000000000000e+00,0.000000000000000000e+00
2.313025207042053010e-05,7.999998744748090251e-01,7.999998736674540645e-01,7.937007844762334896e-01,1.250000196133141950e+00,1.279999600879422106e+00,1.023999526175346952e+00,0.000000000000000000e+00,0.000000000000000000e+00
2.323025207042052914e-05,7.999998736748085149e-01,7.999998728611545928e-01,7.937007844761344577e-01,1.250000197383142941e+00,1.279999598319421006e+00,1.023999523103344966e+00,0.000000000000000000e+00,0.000000000000000000e+00
2.333025207042053157e-05,7.999998728748077825e-01,7.999998720548551212e-01,7.937007844760346487e-01,1.250000198633143933e+00,1.279999595759419018e+00,1.023999520031342980e+00,0.000000000000000000e+00,0.000000000000000000e+00
2.343025207042053062e-05,7.999998720748071612e-01,7.999998712485556496e-01,7.937007844759356168e-01,1.250000199883146035e+00,1.279999593199417030e+00,1.023999516959342104e+00,0.000000000000000000e+00,0.000000000000000000e+00
2.353025207042052966e-05,7.999998712748065399e-01,7.999998704422561779e-01,7.937007844758364739e-01,1.250000201133147026e+00,1.279999590639415930e+00,1.023999513887341006e+00,0.000000000000000000e+00,0.000000000000000000e+00
2.363025207042052870e-05,7.999998704748059186e-01,7.999998696359567063e-01,7.937007844757374420e-01,1.250000202383148018e+00,1.279999588079415052e+00,1.023999510815339020e+00,0.000000000000000000e+00,0.000000000000000000e+00
2.373025207042053113e-05,7.999998696748054083e-01,7.999998688296572347e-01,7.937007844756380770e-01,1.250000203633149898e+00,1.279999585519413063e+00,1.023999507743337034e+00,0.000000000000000000e+00,0.000000000000000000e+00
2.383025207042053018e-05,7.999998688748046760e-01,7.999998680233577630e-01,7.937007844755388231e-01,1.250000204883152000e+00,1.279999582959411075e+00,1.023999504671335936e+00,0.000000000000000000e+00,0.000000000000000000e+00
2.393025207042052922e-05,7.999998680748040547e-01,7.999998672170582914e-01,7.937007844754395691e-01,1.250000206133152991e+00,1.279999580399409975e+00,1.023999501599335060e+00,0.000000000000000000e+00,0.000000000000000000e+00
2.403025207042052148e-05,7.999998672748034334e-01,7.999998664107588198e-01,7.937007844753404262e-01,1.250000207383153983e+00,1.279999577839407987e+00,1.023999498527333074e+00,0.000000000000000000e+00,0.000000000000000000e+00
2.413025207042052053e-05,7.999998664748028121e-01,7.999998656044593481e-01,7.937007844752420604e-01,1.250000208633154974e+00,1.279999575279407109e+00,1.023999495455331976e+00,0.000000000000000000e+00,0.000000000000000000e+00
2.423025207042051957e-05,7.999998656748023018e-01,7.999998647981598765e-01,7.937007844751429175e-01,1.250000209883157076e+00,1.279999572719404899e+00,1.023999492383329990e+00,0.000000000000000000e+00,0.000000000000000000e+00
2.433025207042051861e-05,7.999998648748015695e-01,7.999998639918604049e-01,7.937007844750436636e-01,1.250000211133158068e+00,1.279999570159402911e+00,1.023999489311328892e+00,0.000000000000000000e+00,0.000000000000000000e+00
2.443025207042052104e-05,7.999998640748009482e-01,7.999998631855609332e-01,7.937007844749444097e-01,1.250000212383159948e+00,1.279999567599400923e+00,1.023999486239326906e+00,0.000000000000000000e+00,0.000000000000000000e+00
2.453025207042052009e-05,7.999998632748003269e-01,7.999998623792614616e-01,7.937007844748451557e-01,1.250000213633160939e+00,1.279999565039400045e+00,1.023999483167324920e+00,0.000000000000000000e+00,0.000000000000000000e+00
2.463025207042051913e-05,7.999998624747997056e-01,7.999998615729619900e-01,7.937007844747460128e-01,1.250000214883161931e+00,1.279999562479398945e+00,1.023999480095324044e+00,0.000000000000000000e+00,0.000000000000000000e+00
2.473025207042052156e-05,7.999998616747991953e-01,7.999998607666625183e-01,7.937007844746465368e-01,1.250000216133164033e+00,1.279999559919398067e+00,1.023999477023322946e+00,0.000000000000000000e+00,0.000000000000000000e+00
2.483025207042052060e-05,7.999998608747983520e-01,7.999998599603630467e-01,7.937007844745473939e-01,1.250000217383165024e+00,1.279999557359396078e+00,1.023999473951322070e+00,0.000000000000000000e+00,0.000000000000000000e+00
2.493025207042051964e-05,7.999998600747977306e-01,7.999998591540635751e-01,7.937007844744482510e-01,1.250000218633166904e+00,1.279999554799394090e+00,1.023999470879320084e+00,0.000000000000000000e+00,0.000000000000000000e+00
2.503025207042051869e-05,7.999998592747972204e-01,7.999998583477641034e-01,7.937007844743488860e-01,1.250000219883167896e+00,1.279999552239392102e+00,1.023999467807318986e+00,0.000000000000000000e+00,0.000000000000000000e+00
2.513025207042051095e-05,7.999998584747964880e-01,7.999998575414646318e-01,7.937007844742497431e-01,1.250000221133169998e+00,1.279999549679391002e+00,1.023999464735317000e+00,0.000000000000000000e+00,0.000000000000000000e+00
2.523025207042051000e-05,7.999998576747959778e-01,7.999998567351651602e-01,7.937007844741506002e-01,1.250000222383170989e+00,1.279999547119389902e+00,1.023999461663317012e+00,0.000000000000000000e+00,0.000000000000000000e+00
2.533025207042050904e-05,7.999998568747952454e-01,7.999998559288656885e-01,7.937007844740510132e-01,1.250000223633173091e+00,1.279999544559387914e+00,1.023999458591315914e+00,0.000000000000000000e+00,0.000000000000000000e+00
2.543025207042051147e-05,7.999998560747946241e-01,7.999998551225662169e-01,7.937007844739516482e-01,1.250000224883174083e+00,1.279999541999387036e+00,1.023999455519315038e+00,0.000000000000000000e+00,0.000000000000000000e+00
2.553025207042051051e-05,7.999998552747941138e-01,7.999998543162667453e-01,7.937007844738526163e-01,1.250000226133175074e+00,1.279999539439383938e+00,1.023999452447313940e+00,0.000000000000000000e+00,0.000000000000000000e+00
2.563025207042050955e-05,7.999998544747933815e-01,7.999998535099672736e-01,7.937007844737535844e-01,1.250000227383176954e+00,1.279999536879383060e+00,1.023999449375311954e+00,0.000000000000000000e+00,0.000000000000000000e+00
2.573025207042050860e-05,7.999998536747928712e-01,7.999998527036678020e-01,7.937007844736537754e-01,1.250000228633177946e+00,1.279999534319381960e+00,1.023999446303309968e+00,0.000000000000000000e+00,0.000000000000000000e+00
2.583025207042051103e-05,7.999998528747921389e-01,7.999998518973683304e-01,7.937007844735549655e-01,1.250000229883180047e+00,1.279999531759379972e+00,1.023999443231309980e+00,0.000000000000000000e+00,0.000000000000000000e+00
2.593025207042051007e-05,7.999998520747915176e-01,7.999998510910688587e-01,7.937007844734560447e-01,1.250000231133181039e+00,1.279999529199377983e+00,1.023999440159307994e+00,0.000000000000000000e+00,0.000000000000000000e+00
2.603025207042050911e-05,7.999998512747910073e-01,7.999998502847693871e-01,7.937007844733562356e-01,1.250000232383182031e+00,1.279999526639377105e+00,1.023999437087306008e+00,0.000000000000000000e+00,0.000000000000000000e+00
2.613025207042050138e-05,7.999998504747902750e-01,7.999998494784699155e-01,7.937007844732573147e-01,1.250000233633183910e+00,1.279999524079374895e+00,1.023999434015306020e+00,0.000000000000000000e+00,0.000000000000000000e+00
2.623025207042050042e-05,7.999998496747897647e-01,7.999998486721704438e-01,7.937007844731579498e-01,1.250000234883184902e+00,1.279999521519374017e+00,1.023999430943304034e+00,0.000000000000000000e+00,0.000000000000000000e+00
2.633025207042049946e-05,7.999998488747890324e-01,7.999998478658709722e-01,7.937007844730590289e-01,1.250000236133187004e+00,1.279999518959372029e+00,1.023999427871302048e+00,0.000000000000000000e+00,0.000000000000000000e+00
2.643025207042049851e-05,7.999998480747884111e-01,7.999998470595715006e-01,7.937007844729601080e-01,1.250000237383187995e+00,1.279999516399372039e+00,1.023999424799300950e+00,0.000000000000000000e+00,0.000000000000000000e+00
2.653025207042050094e-05,7.999998472747879008e-01,7.999998462532720289e-01,7.937007844728606321e-01,1.250000238633188987e+00,1.279999513839370051e+00,1.023999421727300074e+00,0.000000000000000000e+00,0.000000000000000000e+00
2.663025207042049998e-05,7.999998464747871685e-01,7.999998454469725573e-01,7.937007844727614891e-01,1.250000239883191089e+00,1.279999511279368063e+00,1.023999418655298976e+00,0.000000000000000000e+00,0.000000000000000000e+00
2.673025207042049902e-05,7.999998456747866582e-01,7.999998446406730856e-01,7.937007844726624572e-01,1.250000241133192080e+00,1.279999508719366075e+00,1.023999415583296990e+00,0.000000000000000000e+00,0.000000000000000000e+00
2.683025207042050145e-05,7.999998448747859259e-01,7.999998438343736140e-01,7.937007844725633143e-01,1.250000242383193960e+00,1.279999506159364975e+00,1.023999412511295892e+00,0.000000000000000000e+00,0.000000000000000000e+00
2.693025207042050050e-05,7.999998440747853046e-01,7.999998430280741424e-01,7.937007844724640604e-01,1.250000243633194952e+00,1.279999503599364097e+00,1.023999409439295016e+00,0.000000000000000000e+00,0.000000000000000000e+00
2.703025207042049954e-05,7.999998432747847943e-01,7.999998422217746707e-01,7.937007844723649175e-01,1.250000244883197054e+00,1.279999501039362109e+00,1.023999406367293030e+00,0.000000000000000000e+00,0.000000000000000000e+00
2.713025207042049858e-05,7.999998424747840620e-01,7.999998414154751991e-01,7.937007844722658856e-01,1.250000246133198045e+00,1.279999498479361009e+00,1.023999403295293043e+00,0.000000000000000000e+00,0.000000000000000000e+00
2.723025207042049085e-05,7.999998416747835517e-01,7.999998406091757275e-01,7.937007844721668537e-01,1.250000247383199925e+00,1.279999495919359020e+00,1.023999400223293055e+00,0.000000000000000000e+00,0.000000000000000000e+00
2.733025207042048989e-05,7.999998408747829304e-01,7.999998398028762558e-01,7.937007844720677108e-01,1.250000248633200917e+00,1.279999493359357032e+00,1.023999397151291957e+00,0.000000000000000000e+00,0.000000000000000000e+00
2.743025207042048893e-05,7.999998400747821981e-01,7.999998389965767842e-01,7.937007844719680127e-01,1.250000249883203018e+00,1.279999490799355932e+00,1.023999394079289971e+00,0.000000000000000000e+00,0.000000000000000000e+00
2.753025207042049136e-05,7.999998392747816878e-01,7.999998381902773126e-01,7.937007844718687588e-01,1.250000251133204010e+00,1.279999488239355054e+00,1.023999391007289095e+00,0.000000000000000000e+00,0.000000000000000000e+00
2.763025207042049040e-05,7.999998384747809554e-01,7.999998373839778409e-01,7.937007844717691718e-01,1.250000252383205890e+00,1.279999485679353066e+00,1.023999387935287109e+00,0.000000000000000000e+00,0.000000000000000000e+00
2.773025207042048945e-05,7.999998376747804452e-01,7.999998365776783693e-01,7.937007844716698068e-01,1.250000253633207103e+00,1.279999483119351966e+00,1.023999384863286011e+00,0.000000000000000000e+00,0.000000000000000000e+00
2.783025207042048849e-05,7.999998368747798239e-01,7.999998357713788977e-01,7.937007844715706639e-01,1.250000254883208095e+00,1.279999480559349978e+00,1.023999381791284913e+00,0.000000000000000000e+00,0.000000000000000000e+00
2.793025207042049092e-05,7.999998360747790915e-01,7.999998349650794260e-01,7.937007844714718541e-01,1.250000256133209975e+00,1.279999477999349100e+00,1.023999378719284037e+00,0.000000000000000000e+00,0.000000000000000000e+00
2.800050000000000068e-05,7.999998355127951877e-01,7.999998343986705063e-01,7.937007844714022431e-01,1.250000257011310012e+00,1.279999476201000075e+00,1.023999376561266939e+00,3.000000000026907254e-01,0.000000000000000000e+00
2.800247798665364893e-05,7.999998354969719561e-01,7.999998343827223746e-01,7.937007844714013549e-01,1.250000257036034013e+00,1.279999476150363913e+00,1.023999376500503988e+00,1.486791992185543920e+00,0.000000000000000000e+00
2.800308790304952038e-05,7.999998354920905275e-01,7.996443893114434376e-01,7.937007844714010218e-01,1.250000257043661023e+00,1.279999476134749958e+00,1.023999376481766976e+00,1.852741829708415056e+00,0.000000000000000000e+00
2.800546438020614046e-05,7.999998354730547545e-01,7.983878086037693445e-01,7.937007844713984683e-01,1.250000257073405008e+00,1.279999476073911957e+00,1.023999376408762041e+00,3.000000000000000000e+00,0.000000000000000000e+00
2.801188117102849148e-05,7.999998354215387408e-01,7.961596677234696884e-01,7.937007844713850346e-01,1.250000257153899064e+00,1.279999475909620044e+00,1.023999376211637946e+00,3.000000000000000000e+00,0.000000000000000000e+00
2.802152348678642858e-05,7.999998353439456977e-01,7.946259709994841769e-01,7.937007844713371840e-01,1.250000257275138082e+00,1.279999475662652930e+00,1.023999375915422894e+00,3.000000000000000000e+00,0.000000000000000000e+00
2.803507966426889000e-05,7.999998352347118535e-01,7.939300886417782754e-01,7.937007844711965188e-01,1.250000257445815999e+00,1.279999475315205082e+00,1.023999375498958031e+00,3.000000000000000000e+00,0.000000000000000000e+00
2.805740751487564066e-05,7.999998350547039561e-01,7.937203678490839520e-01,7.937007844707806292e-01,1.250000257727077901e+00,1.279999474742341103e+00,1.023999374812933016e+00,3.000000000000000000e+00,0.000000000000000000e+00
2.811344031919421903e-05,7.999998346029139062e-01,7.937002981976373217e-01,7.937007844689627500e-01,1.250000258433000999e+00,1.279999473302172008e+00,1.023999373090457965e+00,3.000000000000000000e+00,0.000000000000000000e+00
2.821344031919421129e-05,7.999998337966143236e-01,7.937007881442560420e-01,7.937007844643227950e-01,1.250000259692843896e+00,1.279999470726709054e+00,1.023999370011740906e+00,3.000000000000000000e+00,0.000000000000000000e+00
2.831344031919421034e-05,7.999998329903148520e-01,7.937007843567290832e-01,7.937007844594892170e-01,1.250000260952687015e+00,1.279999468148254937e+00,1.023999366926710008e+00,3.000000000000000000e+00,0.000000000000000000e+00
2.841344031919420938e-05,7.999998321840153803e-01,7.937007843765478965e-01,7.937007844554441194e-01,1.250000262212531021e+00,1.279999465568713024e+00,1.023999363836858079e+00,3.000000000000000000e+00,0.000000000000000000e+00
2.851344031919420842e-05,7.999998313777159087e-01,7.937007843733580037e-01,7.937007844524738287e-01,1.250000263472373918e+00,1.279999462988778980e+00,1.023999360743991893e+00,3.000000000000000000e+00,0.000000000000000000e+00
2.861344031919421085e-05,7.999998305714164371e-01,7.937007843712746702e-01,7.937007844504792020e-01,1.250000264732217925e+00,1.279999460408701939e+00,1.023999357649451047e+00,3.000000000000000000e+00,0.000000000000000000e+00
2.871344031919420990e-05,7.999998297651169654e-01,7.937007843699499521e-01,7.937007844492173225e-01,1.250000265992061044e+00,1.279999457828572940e+00,1.023999354554044894e+00,3.000000000000000000e+00,0.000000000000000000e+00
2.880499999999999950e-05,7.999998290268719447e-01,7.937007843691920028e-01,7.937007844484968988e-01,1.250000267145569000e+00,1.279999455466199088e+00,1.023999351719524054e+00,3.000000000000000000e+00,0.000000000000000000e+00
2.880727490234375149e-05,7.999998290085289510e-01,7.937007843691773479e-01,7.937007844484832431e-01,1.250000267174230961e+00,1.279999455407502928e+00,1.023999351649095946e+00,1.635058593748806022e+00,0.000000000000000000e+00
2.881000000000000030e-05,7.999998289865565271e-01,7.937007843507981608e-01,7.937007844484667007e-01,1.250000267208563054e+00,1.279999455337192948e+00,1.023999351564728100e+00,1.553424056055519031e-12,0.000000000000000000e+00
2.881557611490851001e-05,7.999998289415960473e-01,7.937007843065411183e-01,7.937007844484328389e-01,1.250000267278813082e+00,1.279999455193320035e+00,1.023999351392093971e+00,0.000000000000000000e+00,0.000000000000000000e+00
2.889284408365743869e-05,7.999998283185847381e-01,7.937007836932641336e-01,7.937007844480550300e-01,1.250000268252269064e+00,1.279999453199686998e+00,1.023999348999864889e+00,0.000000000000000000e+00,0.000000000000000000e+00
2.899284408365744112e-05,7.999998275122852665e-01,7.937007828995623626e-01,7.937007844477295126e-01,1.250000269512111961e+00,1.279999450619530021e+00,1.023999345903759961e+00,0.000000000000000000e+00,0.000000000000000000e+00
2.909284408365744016e-05,7.999998267059857948e-01,7.937007821058607027e-01,7.937007844475127971e-01,1.250000270771955968e+00,1.279999448039373044e+00,1.023999342807607071e+00,0.000000000000000000e+00,0.000000000000000000e+00
2.919284408365743920e-05,7.999998258996863232e-01,7.937007813121589317e-01,7.937007844473544793e-01,1.250000272031799087e+00,1.279999445459214957e+00,1.023999339711433088e+00,0.000000000000000000e+00,0.000000000000000000e+00
2.929284408365743147e-05,7.999998250933868515e-01,7.937007805184576048e-01,7.937007844472258045e-01,1.250000273291643094e+00,1.279999442879057092e+00,1.023999336615251110e+00,0.000000000000000000e+00,0.000000000000000000e+00
2.939284408365743051e-05,7.999998242870873799e-01,7.937007797247562779e-01,7.937007844471118956e-01,1.250000274551485990e+00,1.279999440298899005e+00,1.023999333519066024e+00,0.000000000000000000e+00,0.000000000000000000e+00
2.949284408365742956e-05,7.999998234807879083e-01,7.937007789310549510e-01,7.937007844470055362e-01,1.250000275811329997e+00,1.279999437718740918e+00,1.023999330422878051e+00,0.000000000000000000e+00,0.000000000000000000e+00
2.959284408365742860e-05,7.999998226744884366e-01,7.937007781373536242e-01,7.937007844469022855e-01,1.250000277071172894e+00,1.279999435138583941e+00,1.023999327326688968e+00,0.000000000000000000e+00,0.000000000000000000e+00
2.969284408365743103e-05,7.999998218681889650e-01,7.937007773436522973e-01,7.937007844468011442e-01,1.250000278331016901e+00,1.279999432558426076e+00,1.023999324230500108e+00,0.000000000000000000e+00,0.000000000000000000e+00
2.979284408365743007e-05,7.999998210618894934e-01,7.937007765499507483e-01,7.937007844467008910e-01,1.250000279590860019e+00,1.279999429978267989e+00,1.023999321134311913e+00,0.000000000000000000e+00,0.000000000000000000e+00
2.989284408365742911e-05,7.999998202555900217e-01,7.937007757562495325e-01,7.937007844466008599e-01,1.250000280850702916e+00,1.279999427398111012e+00,1.023999318038123052e+00,0.000000000000000000e+00,0.000000000000000000e+00
2.998642204182872133e-05,7.999998195010713520e-01,7.937007750135196549e-01,7.937007844465070461e-01,1.250000282029640086e+00,1.279999424983651934e+00,1.023999315140774025e+00,0.000000000000000000e+00,0.000000000000000000e+00
3.000215885416666951e-05,7.999998193741859609e-01,7.937007748886167890e-01,7.937007844464915030e-01,1.250000282227897941e+00,1.279999424577616951e+00,1.023999314653532000e+00,0.000000000000000000e+00,1.295312499999218936e+00
3.000273892588132038e-05,7.998541320820353739e-01,7.937007748840124721e-01,7.937005895981288361e-01,1.250227960186917064e+00,1.279998796141156969e+00,1.023999314366123015e+00,0.000000000000000000e+00,1.643355528791774933e+00
3.000500000000000156e-05,7.986095446270604636e-01,7.937007748660667161e-01,7.936831249852341896e-01,1.252176369200528994e+00,1.279942501747511008e+00,1.023999104155725037e+00,0.000000000000000000e+00,3.000000000000000000e+00
3.000862902058414945e-05,7.971135819301241598e-01,7.937007748372619798e-01,7.936066689204057667e-01,1.254526359441284100e+00,1.279696256346219974e+00,1.023996586011493015e+00,0.000000000000000000e+00,3.000000000000000000e+00
3.001733447198723039e-05,7.951168069523174564e-01,7.937007747681443792e-01,7.932821946085336640e-01,1.257676848553862081e+00,1.278652400243680987e+00,1.023967831385794947e+00,0.000000000000000000e+00,3.000000000000000000e+00
3.002900426618342836e-05,7.941310573933948458e-01,7.937007746754403126e-01,7.927314514662919809e-01,1.259237994396462001e+00,1.276881849613832998e+00,1.023856590041724912e+00,0.000000000000000000e+00,3.000000000000000000e+00
3.004677944747132865e-05,7.937666872875139834e-01,7.937007745341122522e-01,7.919050100601353614e-01,1.259816034126139961e+00,1.274222733396781049e+00,1.023503286882839092e+00,0.000000000000000000e+00,3.000000000000000000e+00
3.008220935681192026e-05,7.937005739183466968e-01,7.937007742520254538e-01,7.905951040594024759e-01,1.259920973804004030e+00,1.269966797617972043e+00,1.022190573367919075e+00,0.000000000000000000e+00,3.000000000000000000e+00
3.015341271487064840e-05,7.937007725674298797e-01,7.937007736840905325e-01,7.891552839825646259e-01,1.259920658468357102e+00,1.264826734370209094e+00,1.018011700312331902e+00,0.000000000000000000e+00,3.000000000000000000e+00
3.023995045719659922e-05,7.937007728953024976e-01,7.937007729930900535e-01,7.888235101990694886e-01,1.259920657947892098e+00,1.261966830844402976e+00,1.012351429542081904e+00,0.000000000000000000e+00,3.000000000000000000e+00
3.033995045719660165e-05,7.937007721971607310e-01,7.937007721947949568e-01,7.894899353619768689e-01,1.259920659056122050e+00,1.260662333074834995e+00,1.007120645119994995e+00,0.000000000000000000e+00,3.000000000000000000e+00
3.043995045719660069e-05,7.937007713977149992e-01,7.937007713974114642e-01,7.905636173855991045e-01,1.259920660325162034e+00,1.260189830462608018e+00,1.003772869187081973e+00,0.000000000000000000e+00,3.000000000000000000e+00
3.053995045719660312e-05,7.937007706013212704e-01,7.937007706011007802e-01,7.915932814778066096e-01,1.259920661589357893e+00,1.260018821453968041e+00,1.001884055907735993e+00,0.000000000000000000e+00,3.000000000000000000e+00
3.063995045719661910e-05,7.937007698058471394e-01,7.937007698057092497e-01,7.923914576365721496e-01,1.259920662852094031e+00,1.259956929367940015e+00,1.000900855559194058e+00,0.000000000000000000e+00,3.000000000000000000e+00
3.073995045719664186e-05,7.937007690110677860e-01,7.937007690109868507e-01,7.929356835423617689e-01,1.259920664113727051e+00,1.259934528179122104e+00,1.000416854852407056e+00,0.000000000000000000e+00,3.000000000000000000e+00
3.080550000000000177e-05,7.937007684903553129e-01,7.937007684902999127e-01,7.931771781051026871e-01,1.259920664940306079e+00,1.259928359947743992e+00,1.000248256814505021e+00,0.000000000000000000e+00,2.699999999999342037e+00
3.080747798665364664e-05,7.937007684746451019e-01,7.937007684745907010e-01,7.931832737981064918e-01,1.259920664965243908e+00,1.259928231922710085e+00,1.000244397977996913e+00,0.000000000000000000e+00,1.513208007808356959e+00
3.081017987467447270e-05,7.937007684531994789e-01,7.937007684531321994e-01,7.931915010957649725e-01,1.259920664999286899e+00,1.259928060999593979e+00,1.000239218929835916e+00,0.000000000000000000e+00,0.000000000000000000e+00
3.082133210449200712e-05,7.937007683646847278e-01,7.937007683645628253e-01,7.932242500322127521e-01,1.259920665139794949e+00,1.259927402168528943e+00,1.000218943631991930e+00,0.000000000000000000e+00,0.000000000000000000e+00
3.091284408365851710e-05,7.937007676383536214e-01,7.937007676378964316e-01,7.934298936797562485e-01,1.259920666292773106e+00,1.259924031381997933e+00,1.000104571369524020e+00,0.000000000000000000e+00,0.000000000000000000e+00
3.101284408365853309e-05,7.937007668446525166e-01,7.937007668439942654e-01,7.935594913491648139e-01,1.259920667552693940e+00,1.259922617659817945e+00,1.000046021580053957e+00,0.000000000000000000e+00,0.000000000000000000e+00
3.111284408365854907e-05,7.937007660509514118e-01,7.937007660501893547e-01,7.936291811949391928e-01,1.259920668812616107e+00,1.259922104313718982e+00,1.000020240879867961e+00,0.000000000000000000e+00,0.000000000000000000e+00
3.121284408365857183e-05,7.937007652572498628e-01,7.937007652564356253e-01,7.936653371862335549e-01,1.259920670072536941e+00,1.259921916918417928e+00,1.000009085397556952e+00,0.000000000000000000e+00,0.000000000000000000e+00
3.131284408365858104e-05,7.937007644635485359e-01,7.937007644627090963e-01,7.936835441418620407e-01,1.259920671332459108e+00,1.259921847489656077e+00,1.000004327388080982e+00,0.000000000000000000e+00,0.000000000000000000e+00
3.141284408365859702e-05,7.937007636698469870e-01,7.937007636689951129e-01,7.936924840907347845e-01,1.259920672592381052e+00,1.259921820754573929e+00,1.000002322019241108e+00,0.000000000000000000e+00,0.000000000000000000e+00
3.151284408365861300e-05,7.937007628761458822e-01,7.937007628752874577e-01,7.936967798171680188e-01,1.259920673852302109e+00,1.259921809470907927e+00,1.000001484747929048e+00,0.000000000000000000e+00,0.000000000000000000e+00
3.161284408365862899e-05,7.937007620824444443e-01,7.937007620815832443e-01,7.936988055913480888e-01,1.259920675112224053e+00,1.259921803779318061e+00,1.000001137358752956e+00,0.000000000000000000e+00,0.000000000000000000e+00
3.171284408365863819e-05,7.937007612887431174e-01,7.937007612878803631e-01,7.936997453415978176e-01,1.259920676372145110e+00,1.259921800111577062e+00,1.000000993343350020e+00,0.000000000000000000e+00,0.000000000000000000e+00
3.181284408365866095e-05,7.937007604950416795e-01,7.937007604941779260e-01,7.937001750125264321e-01,1.259920677632067054e+00,1.259921797176291935e+00,1.000000933015184890e+00,0.000000000000000000e+00,0.000000000000000000e+00
3.191284408365867694e-05,7.937007597013404636e-01,7.937007597004758219e-01,7.937003689481778590e-01,1.259920678891988999e+00,1.259921794506094095e+00,1.000000906857450023e+00,0.000000000000000000e+00,0.000000000000000000e+00
3.201284408365869292e-05,7.937007589076391367e-01,7.937007589067739399e-01,7.937004554776179166e-01,1.259920680151910055e+00,1.259921791931833068e+00,1.000000894556241082e+00,0.000000000000000000e+00,0.000000000000000000e+00
3.211284408365870890e-05,7.937007581139375878e-01,7.937007581130720579e-01,7.937004936855386328e-01,1.259920681411832000e+00,1.259921789392294045e+00,1.000000887839656016e+00,0.000000000000000000e+00,0.000000000000000000e+00
3.221284408365871811e-05,7.937007573202362609e-01,7.937007573193700649e-01,7.937005103985189658e-01,1.259920682671753944e+00,1.259921786865320970e+00,1.000000883361495063e+00,0.000000000000000000e+00,0.000000000000000000e+00
3.231284408365874087e-05,7.937007565265349340e-01,7.937007565256679609e-01,7.937005176468002743e-01,1.259920683931675001e+00,1.259921784342896034e+00,1.000000879776091978e+00,0.000000000000000000e+00,0.000000000000000000e+00
3.241284408365875685e-05,7.937007557328337182e-01,7.937007557319657458e-01,7.937005207658222039e-01,1.259920685191596945e+00,1.259921781822116893e+00,1.000000876545148021e+00,0.000000000000000000e+00,0.000000000000000000e+00
3.251284408365877283e-05,7.937007549391320582e-01,7.937007549382635307e-01,7.937005220983789355e-01,1.259920686451518890e+00,1.259921779301933054e+00,1.000000873454361949e+00,0.000000000000000000e+00,0.000000000000000000e+00
3.261284408365878882e-05,7.937007541454308424e-01,7.937007541445617598e-01,7.937005226639469724e-01,1.259920687711439946e+00,1.259921776781965930e+00,1.000000870418787935e+00,0.000000000000000000e+00,0.000000000000000000e+00
3.271284408365879802e-05,7.937007533517294045e-01,7.937007533508603219e-01,7.937005229025280162e-01,1.259920688971361891e+00,1.259921774262076966e+00,1.000000867404889915e+00,0.000000000000000000e+00,0.000000000000000000e+00
3.281284408365882078e-05,7.937007525580281886e-01,7.937007525571589950e-01,7.937005230026046299e-01,1.259920690231282947e+00,1.259921771742213981e+00,1.000000864399473111e+00,0.000000000000000000e+00,0.000000000000000000e+00
3.291284408365883677e-05,7.937007517643266397e-01,7.937007517634573350e-01,7.937005230443638926e-01,1.259920691491206002e+00,1.259921769222362986e+00,1.000000861397366103e+00,0.000000000000000000e+00,0.000000000000000000e+00
3.301284408365885275e-05,7.937007509706255348e-01,7.937007509697558971e-01,7.937005230617036888e-01,1.259920692751127058e+00,1.259921766702515988e+00,1.000000858396546066e+00,0.000000000000000000e+00,0.000000000000000000e+00
3.311284408365886873e-05,7.937007501769239859e-01,7.937007501760543482e-01,7.937005230688708446e-01,1.259920694011049003e+00,1.259921764182670101e+00,1.000000855396226074e+00,0.000000000000000000e+00,0.000000000000000000e+00
3.321284408365887794e-05,7.937007493832226590e-01,7.937007493823525772e-01,7.937005230718207072e-01,1.259920695270970059e+00,1.259921761662823991e+00,1.000000852396099038e+00,0.000000000000000000e+00,0.000000000000000000e+00
3.331284408365890070e-05,7.937007485895214431e-01,7.937007485886509173e-01,7.937005230730304062e-01,1.259920696530892004e+00,1.259921759142978992e+00,1.000000849396047053e+00,0.000000000000000000e+00,0.000000000000000000e+00
3.341284408365891668e-05,7.937007477958200052e-01,7.937007477949493683e-01,7.937005230735245664e-01,1.259920697790813948e+00,1.259921756623133104e+00,1.000000846396025045e+00,0.000000000000000000e+00,0.000000000000000000e+00
3.351284408365893267e-05,7.937007470021185673e-01,7.937007470012480415e-01,7.937005230737255168e-01,1.259920699050735005e+00,1.259921754103288105e+00,1.000000843396013028e+00,0.000000000000000000e+00,0.000000000000000000e+00
3.361284408365894865e-05,7.937007462084170184e-01,7.937007462075464925e-01,7.937005230738071182e-01,1.259920700310656949e+00,1.259921751583443106e+00,1.000000840396005009e+00,0.000000000000000000e+00,0.000000000000000000e+00
3.371284408365895786e-05,7.937007454147153585e-01,7.937007454138449436e-01,7.937005230738395367e-01,1.259920701570578894e+00,1.259921749063596996e+00,1.000000837395998987e+00,0.000000000000000000e+00,0.000000000000000000e+00
3.381284408365898062e-05,7.937007446210139205e-01,7.937007446201433947e-01,7.937005230738524153e-01,1.259920702830501060e+00,1.259921746543749999e+00,1.000000834395994076e+00,0.000000000000000000e+00,0.000000000000000000e+00
3.391284408365900338e-05,7.937007438273125937e-01,7.937007438264418457e-01,7.937005230738580774e-01,1.259920704090423005e+00,1.259921744023904999e+00,1.000000831395988055e+00,0.000000000000000000e+00,0.000000000000000000e+00
3.401284408365901258e-05,7.937007430336112668e-01,7.937007430327401858e-01,7.937005230738604089e-01,1.259920705350344949e+00,1.259921741504058890e+00,1.000000828395982921e+00,0.000000000000000000e+00,0.000000000000000000e+00
3.411284408365902857e-05,7.937007422399099399e-01,7.937007422390389699e-01,7.937005230738615191e-01,1.259920706610266006e+00,1.259921738984213002e+00,1.000000825395978010e+00,0.000000000000000000e+00,0.000000000000000000e+00
3.421284408365903777e-05,7.937007414462087240e-01,7.937007414453375320e-01,7.937005230738618522e-01,1.259920707870187950e+00,1.259921736464368003e+00,1.000000822395973099e+00,0.000000000000000000e+00,0.000000000000000000e+00
3.431284408365906053e-05,7.937007406525069531e-01,7.937007406516362051e-01,7.937005230738618522e-01,1.259920709130109895e+00,1.259921733944523004e+00,1.000000819395967966e+00,0.000000000000000000e+00,0.000000000000000000e+00
3.441284408365908329e-05,7.937007398588057372e-01,7.937007398579346562e-01,7.937005230738618522e-01,1.259920710390030951e+00,1.259921731424676894e+00,1.000000816395963055e+00,0.000000000000000000e+00,0.000000000000000000e+00
3.451284408365909250e-05,7.937007390651042993e-01,7.937007390642334403e-01,7.937005230738618522e-01,1.259920711649952896e+00,1.259921728904831895e+00,1.000000813395959032e+00,0.000000000000000000e+00,0.000000000000000000e+00
3.461284408365910848e-05,7.937007382714031944e-01,7.937007382705321135e-01,7.937005230738618522e-01,1.259920712909875062e+00,1.259921726384986007e+00,1.000000810395953899e+00,0.000000000000000000e+00,0.000000000000000000e+00
3.471284408365911769e-05,7.937007374777016455e-01,7.937007374768306756e-01,7.937005230738618522e-01,1.259920714169797007e+00,1.259921723865141008e+00,1.000000807395948987e+00,0.000000000000000000e+00,0.000000000000000000e+00
3.481284408365914045e-05,7.937007366840005407e-01,7.937007366831292376e-01,7.937005230738618522e-01,1.259920715429718063e+00,1.259921721345296008e+00,1.000000804395944964e+00,0.000000000000000000e+00,0.000000000000000000e+00
3.491284408365916321e-05,7.937007358902991028e-01,7.937007358894279108e-01,7.937005230738618522e-01,1.259920716689640008e+00,1.259921718825451009e+00,1.000000801395940053e+00,0.000000000000000000e+00,0.000000000000000000e+00
3.501284408365917242e-05,7.937007350965976649e-01,7.937007350957268059e-01,7.937005230738618522e-01,1.259920717949561064e+00,1.259921716305606010e+00,1.000000798395936030e+00,0.000000000000000000e+00,0.000000000000000000e+00
3.511284408365918840e-05,7.937007343028961159e-01,7.937007343020253680e-01,7.937005230738615191e-01,1.259920719209483897e+00,1.259921713785759012e+00,1.000000795395930897e+00,0.000000000000000000e+00,0.000000000000000000e+00
3.521284408365919761e-05,7.937007335091951221e-01,7.937007335083240411e-01,7.937005230738614081e-01,1.259920720469404065e+00,1.259921711265912903e+00,1.000000792395925098e+00,0.000000000000000000e+00,0.000000000000000000e+00
3.531284408365922036e-05,7.937007327154940173e-01,7.937007327146222702e-01,7.937005230738615191e-01,1.259920721729326010e+00,1.259921708746067903e+00,1.000000789395919965e+00,0.000000000000000000e+00,0.000000000000000000e+00
3.541284408365924312e-05,7.937007319217926904e-01,7.937007319209206102e-01,7.937005230738619632e-01,1.259920722989247954e+00,1.259921706226222904e+00,1.000000786395915942e+00,0.000000000000000000e+00,0.000000000000000000e+00
3.551284408365925233e-05,7.937007311280912525e-01,7.937007311272192833e-01,7.937005230738618522e-01,1.259920724249169011e+00,1.259921703706377905e+00,1.000000783395911030e+00,0.000000000000000000e+00,0.000000000000000000e+00
3.561284408365926831e-05,7.937007303343902587e-01,7.937007303335179564e-01,7.937005230738619632e-01,1.259920725509090955e+00,1.259921701186532905e+00,1.000000780395907007e+00,0.000000000000000000e+00,0.000000000000000000e+00
3.571284408365927752e-05,7.937007295406885987e-01,7.937007295398167406e-01,7.937005230738618522e-01,1.259920726769012900e+00,1.259921698666687906e+00,1.000000777395902984e+00,0.000000000000000000e+00,0.000000000000000000e+00
3.581284408365930028e-05,7.937007287469876049e-01,7.937007287461150806e-01,7.937005230738618522e-01,1.259920728028933956e+00,1.259921696146842018e+00,1.000000774395898073e+00,0.000000000000000000e+00,0.000000000000000000e+00
3.591284408365932304e-05,7.937007279532865001e-01,7.937007279524138648e-01,7.937005230738619632e-01,1.259920729288855012e+00,1.259921693626997907e+00,1.000000771395894050e+00,0.000000000000000000e+00,0.000000000000000000e+00
3.601284408365933225e-05,7.937007271595851732e-01,7.937007271587124269e-01,7.937005230738618522e-01,1.259920730548776957e+00,1.259921691107152908e+00,1.000000768395890027e+00,0.000000000000000000e+00,0.000000000000000000e+00
3.611284408365934823e-05,7.937007263658836242e-01,7.937007263650112110e-01,7.937005230738618522e-01,1.259920731808698902e+00,1.259921688587307909e+00,1.000000765395884894e+00,0.000000000000000000e+00,0.000000000000000000e+00
3.621284408365935744e-05,7.937007255721820753e-01,7.937007255713096621e-01,7.937005230738618522e-01,1.259920733068621068e+00,1.259921686067462021e+00,1.000000762395881093e+00,0.000000000000000000e+00,0.000000000000000000e+00
3.631284408365938020e-05,7.937007247784811925e-01,7.937007247776084462e-01,7.937005230738618522e-01,1.259920734328541903e+00,1.259921683547617022e+00,1.000000759395875960e+00,0.000000000000000000e+00,0.000000000000000000e+00
3.641284408365940296e-05,7.937007239847799767e-01,7.937007239839066752e-01,7.937005230738618522e-01,1.259920735588462959e+00,1.259921681027772911e+00,1.000000756395871937e+00,0.000000000000000000e+00,0.000000000000000000e+00
3.651284408365941216e-05,7.937007231910789828e-01,7.937007231902051263e-01,7.937005230738619632e-01,1.259920736848384903e+00,1.259921678507927911e+00,1.000000753395867914e+00,0.000000000000000000e+00,0.000000000000000000e+00
3.661284408365942815e-05,7.937007223973781000e-01,7.937007223965040215e-01,7.937005230738619632e-01,1.259920738108305960e+00,1.259921675988082912e+00,1.000000750395863891e+00,0.000000000000000000e+00,0.000000000000000000e+00
3.671284408365943735e-05,7.937007216036769952e-01,7.937007216028025836e-01,7.937005230738619632e-01,1.259920739368227016e+00,1.259921673468239023e+00,1.000000747395860090e+00,0.000000000000000000e+00,0.000000000000000000e+00
3.681284408365946011e-05,7.937007208099756683e-01,7.937007208091011456e-01,7.937005230738619632e-01,1.259920740628148961e+00,1.259921670948394024e+00,1.000000744395856955e+00,0.000000000000000000e+00,0.000000000000000000e+00
3.691284408365948287e-05,7.937007200162747855e-01,7.937007200153997077e-01,7.937005230738619632e-01,1.259920741888070017e+00,1.259921668428549024e+00,1.000000741395854043e+00,0.000000000000000000e+00,0.000000000000000000e+00
3.701284408365949208e-05,7.937007192225739027e-01,7.937007192216984919e-01,7.937005230738618522e-01,1.259920743147991073e+00,1.259921665908706023e+00,1.000000738395850020e+00,0.000000000000000000e+00,0.000000000000000000e+00
3.711284408365950806e-05,7.937007184288724648e-01,7.937007184279971650e-01,7.937005230738619632e-01,1.259920744407913018e+00,1.259921663388861024e+00,1.000000735395847107e+00,0.000000000000000000e+00,0.000000000000000000e+00
3.721284408365951727e-05,7.937007176351715820e-01,7.937007176342956161e-01,7.937005230738619632e-01,1.259920745667832964e+00,1.259921660869016913e+00,1.000000732395843084e+00,0.000000000000000000e+00,0.000000000000000000e+00
3.731284408365954003e-05,7.937007168414706992e-01,7.937007168405942892e-01,7.937005230738619632e-01,1.259920746927754021e+00,1.259921658349173024e+00,1.000000729395839061e+00,0.000000000000000000e+00,0.000000000000000000e+00
3.741284408365956279e-05,7.937007160477693724e-01,7.937007160468929623e-01,7.937005230738619632e-01,1.259920748187675965e+00,1.259921655829328024e+00,1.000000726395835926e+00,0.000000000000000000e+00,0.000000000000000000e+00
3.751284408365957200e-05,7.937007152540681565e-01,7.937007152531917464e-01,7.937005230738619632e-01,1.259920749447597910e+00,1.259921653309483025e+00,1.000000723395833013e+00,0.000000000000000000e+00,0.000000000000000000e+00
3.761284408365958798e-05,7.937007144603668296e-01,7.937007144594900865e-01,7.937005230738618522e-01,1.259920750707518966e+00,1.259921650789638026e+00,1.000000720395828990e+00,0.000000000000000000e+00,0.000000000000000000e+00
3.771284408365959719e-05,7.937007136666655027e-01,7.937007136657888706e-01,7.937005230738618522e-01,1.259920751967440911e+00,1.259921648269793915e+00,1.000000717395824079e+00,0.000000000000000000e+00,0.000000000000000000e+00
3.781284408365961995e-05,7.937007128729642869e-01,7.937007128720874327e-01,7.937005230738619632e-01,1.259920753227363077e+00,1.259921645749948915e+00,1.000000714395820944e+00,0.000000000000000000e+00,0.000000000000000000e+00
3.791284408365964270e-05,7.937007120792631820e-01,7.937007120783863279e-01,7.937005230738619632e-01,1.259920754487283912e+00,1.259921643230103028e+00,1.000000711395816921e+00,0.000000000000000000e+00,0.000000000000000000e+00
3.801284408365965191e-05,7.937007112855618551e-01,7.937007112846846679e-01,7.937005230738618522e-01,1.259920755747206078e+00,1.259921640710258028e+00,1.000000708395812010e+00,0.000000000000000000e+00,0.000000000000000000e+00
3.811284408365966789e-05,7.937007104918606393e-01,7.937007104909835631e-01,7.937005230738618522e-01,1.259920757007126912e+00,1.259921638190413029e+00,1.000000705395807987e+00,0.000000000000000000e+00,0.000000000000000000e+00
3.821284408365967710e-05,7.937007096981589793e-01,7.937007096972820142e-01,7.937005230738618522e-01,1.259920758267049967e+00,1.259921635670568030e+00,1.000000702395803964e+00,0.000000000000000000e+00,0.000000000000000000e+00
3.831284408365969986e-05,7.937007089044577635e-01,7.937007089035810203e-01,7.937005230738618522e-01,1.259920759526971024e+00,1.259921633150723030e+00,1.000000699395799053e+00,0.000000000000000000e+00,0.000000000000000000e+00
3.841284408365972262e-05,7.937007081107569917e-01,7.937007081098796935e-01,7.937005230738618522e-01,1.259920760786892080e+00,1.259921630630878031e+00,1.000000696395795030e+00,0.000000000000000000e+00,0.000000000000000000e+00
3.851284408365973183e-05,7.937007073170557758e-01,7.937007073161785886e-01,7.937005230738618522e-01,1.259920762046814025e+00,1.259921628111033032e+00,1.000000693395791007e+00,0.000000000000000000e+00,0.000000000000000000e+00
3.861284408365974781e-05,7.937007065233546710e-01,7.937007065224771507e-01,7.937005230738619632e-01,1.259920763306735081e+00,1.259921625591188921e+00,1.000000690395786984e+00,0.000000000000000000e+00,0.000000000000000000e+00
3.871284408365975702e-05,7.937007057296533441e-01,7.937007057287760459e-01,7.937005230738619632e-01,1.259920764566657025e+00,1.259921623071345032e+00,1.000000687395784071e+00,0.000000000000000000e+00,0.000000000000000000e+00
3.881284408365977978e-05,7.937007049359521282e-01,7.937007049350744969e-01,7.937005230738618522e-01,1.259920765826578970e+00,1.259921620551500032e+00,1.000000684395780048e+00,0.000000000000000000e+00,0.000000000000000000e+00
3.891284408365980254e-05,7.937007041422508014e-01,7.937007041413733921e-01,7.937005230738618522e-01,1.259920767086500026e+00,1.259921618031653923e+00,1.000000681395776025e+00,0.000000000000000000e+00,0.000000000000000000e+00
3.901284408365981174e-05,7.937007033485493634e-01,7.937007033476718432e-01,7.937005230738618522e-01,1.259920768346421971e+00,1.259921615511808923e+00,1.000000678395772002e+00,0.000000000000000000e+00,0.000000000000000000e+00
3.911284408365982773e-05,7.937007025548479255e-01,7.937007025539707383e-01,7.937005230738618522e-01,1.259920769606343915e+00,1.259921612991963036e+00,1.000000675395767979e+00,0.000000000000000000e+00,0.000000000000000000e+00
3.921284408365983693e-05,7.937007017611465987e-01,7.937007017602696335e-01,7.937005230738619632e-01,1.259920770866266082e+00,1.259921610472118036e+00,1.000000672395763068e+00,0.000000000000000000e+00,0.000000000000000000e+00
3.931284408365985969e-05,7.937007009674454938e-01,7.937007009665681956e-01,7.937005230738618522e-01,1.259920772126186916e+00,1.259921607952273037e+00,1.000000669395759045e+00,0.000000000000000000e+00,0.000000000000000000e+00
3.941284408365988245e-05,7.937007001737445000e-01,7.937007001728670907e-01,7.937005230738619632e-01,1.259920773386109083e+00,1.259921605432428926e+00,1.000000666395753912e+00,0.000000000000000000e+00,0.000000000000000000e+00
3.951284408365989166e-05,7.937006993800430621e-01,7.937006993791658749e-01,7.937005230738619632e-01,1.259920774646031028e+00,1.259921602912583927e+00,1.000000663395750999e+00,0.000000000000000000e+00,0.000000000000000000e+00
3.961284408365990764e-05,7.937006985863419573e-01,7.937006985854647700e-01,7.937005230738619632e-01,1.259920775905952084e+00,1.259921600392738927e+00,1.000000660395746976e+00,0.000000000000000000e+00,0.000000000000000000e+00
3.971284408365991685e-05,7.937006977926407414e-01,7.937006977917632211e-01,7.937005230738618522e-01,1.259920777165872918e+00,1.259921597872893928e+00,1.000000657395742953e+00,0.000000000000000000e+00,0.000000000000000000e+00
3.981284408365993961e-05,7.937006969989399696e-01,7.937006969980621163e-01,7.937005230738619632e-01,1.259920778425793975e+00,1.259921595353050039e+00,1.000000654395738930e+00,0.000000000000000000e+00,0.000000000000000000e+00
3.991284408365996237e-05,7.937006962052387538e-01,7.937006962043605673e-01,7.937005230738618522e-01,1.259920779685715919e+00,1.259921592833205928e+00,1.000000651395734907e+00,0.000000000000000000e+00,0.000000000000000000e+00
4.001284408365997158e-05,7.937006954115375379e-01,7.937006954106593515e-01,7.937005230738619632e-01,1.259920780945636976e+00,1.259921590313360928e+00,1.000000648395731995e+00,0.000000000000000000e+00,0.000000000000000000e+00
4.011284408365998756e-05,7.937006946178367661e-01,7.937006946169579136e-01,7.937005230738619632e-01,1.259920782205558920e+00,1.259921587793517039e+00,1.000000645395729082e+00,0.000000000000000000e+00,0.000000000000000000e+00
4.021284408365999677e-05,7.937006938241356613e-01,7.937006938232568087e-01,7.937005230738625183e-01,1.259920783465479976e+00,1.259921585273672040e+00,1.000000642395725059e+00,0.000000000000000000e+00,0.000000000000000000e+00
4.031284408366001953e-05,7.937006930304345564e-01,7.937006930295555929e-01,7.937005230738629624e-01,1.259920784725401033e+00,1.259921582753827929e+00,1.000000639395721036e+00,0.000000000000000000e+00,0.000000000000000000e+00
4.041284408366004229e-05,7.937006922367332296e-01,7.937006922358542660e-01,7.937005230738629624e-01,1.259920785985322977e+00,1.259921580233982930e+00,1.000000636395719011e+00,0.000000000000000000e+00,0.000000000000000000e+00
4.051284408366005149e-05,7.937006914430321247e-01,7.937006914421530501e-01,7.937005230738629624e-01,1.259920787245244922e+00,1.259921577714139040e+00,1.000000633395714988e+00,0.000000000000000000e+00,0.000000000000000000e+00
4.061284408366006748e-05,7.937006906493306868e-01,7.937006906484519453e-01,7.937005230738629624e-01,1.259920788505167089e+00,1.259921575194294041e+00,1.000000630395710965e+00,0.000000000000000000e+00,0.000000000000000000e+00
4.071284408366007668e-05,7.937006898556293599e-01,7.937006898547507294e-01,7.937005230738629624e-01,1.259920789765087923e+00,1.259921572674449042e+00,1.000000627395706942e+00,0.000000000000000000e+00,0.000000000000000000e+00
4.081284408366009944e-05,7.937006890619278110e-01,7.937006890610492915e-01,7.937005230738624073e-01,1.259920791025010089e+00,1.259921570154602932e+00,1.000000624395704030e+00,0.000000000000000000e+00,0.000000000000000000e+00
4.091284408366012220e-05,7.937006882682265951e-01,7.937006882673480757e-01,7.937005230738618522e-01,1.259920792284932034e+00,1.259921567634757933e+00,1.000000621395700007e+00,0.000000000000000000e+00,0.000000000000000000e+00
4.101284408366013141e-05,7.937006874745252683e-01,7.937006874736467488e-01,7.937005230738618522e-01,1.259920793544853979e+00,1.259921565114912045e+00,1.000000618395695096e+00,0.000000000000000000e+00,0.000000000000000000e+00
4.111284408366014739e-05,7.937006866808238303e-01,7.937006866799454219e-01,7.937005230738618522e-01,1.259920794804775923e+00,1.259921562595067046e+00,1.000000615395689962e+00,0.000000000000000000e+00,0.000000000000000000e+00
4.121284408366016337e-05,7.937006858871223924e-01,7.937006858862443170e-01,7.937005230738618522e-01,1.259920796064698090e+00,1.259921560075222047e+00,1.000000612395685939e+00,0.000000000000000000e+00,0.000000000000000000e+00
4.131284408366017936e-05,7.937006850934210656e-01,7.937006850925433232e-01,7.937005230738618522e-01,1.259920797324620034e+00,1.259921557555377047e+00,1.000000609395681028e+00,0.000000000000000000e+00,0.000000000000000000e+00
4.141284408366020212e-05,7.937006842997199607e-01,7.937006842988419963e-01,7.937005230738616302e-01,1.259920798584541091e+00,1.259921555035532048e+00,1.000000606395677005e+00,0.000000000000000000e+00,0.000000000000000000e+00
4.151284408366021132e-05,7.937006835060189669e-01,7.937006835051408915e-01,7.937005230738618522e-01,1.259920799844463035e+00,1.259921552515687049e+00,1.000000603395672982e+00,0.000000000000000000e+00,0.000000000000000000e+00
4.161284408366022731e-05,7.937006827123177510e-01,7.937006827114397867e-01,7.937005230738619632e-01,1.259920801104384092e+00,1.259921549995842049e+00,1.000000600395668959e+00,0.000000000000000000e+00,0.000000000000000000e+00
4.171284408366024329e-05,7.937006819186166462e-01,7.937006819177385708e-01,7.937005230738619632e-01,1.259920802364306036e+00,1.259921547475997938e+00,1.000000597395664936e+00,0.000000000000000000e+00,0.000000000000000000e+00
4.181284408366025927e-05,7.937006811249153193e-01,7.937006811240372439e-01,7.937005230738618522e-01,1.259920803624227981e+00,1.259921544956152939e+00,1.000000594395662024e+00,0.000000000000000000e+00,0.000000000000000000e+00
4.191284408366028203e-05,7.937006803312138814e-01,7.937006803303360281e-01,7.937005230738618522e-01,1.259920804884149037e+00,1.259921542436307940e+00,1.000000591395658001e+00,0.000000000000000000e+00,0.000000000000000000e+00
4.201284408366029124e-05,7.937006795375125545e-01,7.937006795366349232e-01,7.937005230738618522e-01,1.259920806144070982e+00,1.259921539916462940e+00,1.000000588395653978e+00,0.000000000000000000e+00,0.000000000000000000e+00
4.211284408366030722e-05,7.937006787438114497e-01,7.937006787429339294e-01,7.937005230738619632e-01,1.259920807403992926e+00,1.259921537396617053e+00,1.000000585395649955e+00,0.000000000000000000e+00,0.000000000000000000e+00
4.221284408366032321e-05,7.937006779501104559e-01,7.937006779492327135e-01,7.937005230738619632e-01,1.259920808663913983e+00,1.259921534876774052e+00,1.000000582395645932e+00,0.000000000000000000e+00,0.000000000000000000e+00
4.231284408366033919e-05,7.937006771564092400e-01,7.937006771555316087e-01,7.937005230738619632e-01,1.259920809923835927e+00,1.259921532356929053e+00,1.000000579395643019e+00,0.000000000000000000e+00,0.000000000000000000e+00
4.241284408366036195e-05,7.937006763627081352e-01,7.937006763618303928e-01,7.937005230738619632e-01,1.259920811183756983e+00,1.259921529837084941e+00,1.000000576395638996e+00,0.000000000000000000e+00,0.000000000000000000e+00
4.251284408366037116e-05,7.937006755690068083e-01,7.937006755681292880e-01,7.937005230738619632e-01,1.259920812443678928e+00,1.259921527317239942e+00,1.000000573395636083e+00,0.000000000000000000e+00,0.000000000000000000e+00
4.261284408366038714e-05,7.937006747753053704e-01,7.937006747744281832e-01,7.937005230738618522e-01,1.259920813703601095e+00,1.259921524797396053e+00,1.000000570395632060e+00,0.000000000000000000e+00,0.000000000000000000e+00
4.271284408366040312e-05,7.937006739816040435e-01,7.937006739807273004e-01,7.937005230738618522e-01,1.259920814963523039e+00,1.259921522277551054e+00,1.000000567395628037e+00,0.000000000000000000e+00,0.000000000000000000e+00
4.281284408366041911e-05,7.937006731879029386e-01,7.937006731870264176e-01,7.937005230738618522e-01,1.259920816223444984e+00,1.259921519757704944e+00,1.000000564395624014e+00,0.000000000000000000e+00,0.000000000000000000e+00
4.291284408366044187e-05,7.937006723942020558e-01,7.937006723933250907e-01,7.937005230738618522e-01,1.259920817483366040e+00,1.259921517237861055e+00,1.000000561395619991e+00,0.000000000000000000e+00,0.000000000000000000e+00
4.301284408366045107e-05,7.937006716005009510e-01,7.937006715996242079e-01,7.937005230738618522e-01,1.259920818743287096e+00,1.259921514718016056e+00,1.000000558395617078e+00,0.000000000000000000e+00,0.000000000000000000e+00
4.311284408366046706e-05,7.937006708067998462e-01,7.937006708059233251e-01,7.937005230738618522e-01,1.259920820003207931e+00,1.259921512198171945e+00,1.000000555395613056e+00,0.000000000000000000e+00,0.000000000000000000e+00
4.321284408366048304e-05,7.937006700130988524e-01,7.937006700122219982e-01,7.937005230738619632e-01,1.259920821263130097e+00,1.259921509678328055e+00,1.000000552395609921e+00,0.000000000000000000e+00,0.000000000000000000e+00
4.331284408366049902e-05,7.937006692193976365e-01,7.937006692185211154e-01,7.937005230738619632e-01,1.259920822523052042e+00,1.259921507158483944e+00,1.000000549395607008e+00,0.000000000000000000e+00,0.000000000000000000e+00
4.341284408366052178e-05,7.937006684256965316e-01,7.937006684248202326e-01,7.937005230738619632e-01,1.259920823782973098e+00,1.259921504638638945e+00,1.000000546395602985e+00,0.000000000000000000e+00,0.000000000000000000e+00
4.351284408366053099e-05,7.937006676319953158e-01,7.937006676311190168e-01,7.937005230738619632e-01,1.259920825042895043e+00,1.259921502118795056e+00,1.000000543395600072e+00,0.000000000000000000e+00,0.000000000000000000e+00
4.361284408366054697e-05,7.937006668382939889e-01,7.937006668374179119e-01,7.937005230738619632e-01,1.259920826302816987e+00,1.259921499598948946e+00,1.000000540395596937e+00,0.000000000000000000e+00,0.000000000000000000e+00
4.371284408366056296e-05,7.937006660445928841e-01,7.937006660437171401e-01,7.937005230738619632e-01,1.259920827562738044e+00,1.259921497079105057e+00,1.000000537395592914e+00,0.000000000000000000e+00,0.000000000000000000e+00
4.381284408366057894e-05,7.937006652508922233e-01,7.937006652500160353e-01,7.937005230738620742e-01,1.259920828822659100e+00,1.259921494559260946e+00,1.000000534395590002e+00,0.000000000000000000e+00,0.000000000000000000e+00
4.391284408366058815e-05,7.937006644571911185e-01,7.937006644563147084e-01,7.937005230738627404e-01,1.259920830082579934e+00,1.259921492039417057e+00,1.000000531395585979e+00,0.000000000000000000e+00,0.000000000000000000e+00
4.401284408366061091e-05,7.937006636634900136e-01,7.937006636626138256e-01,7.937005230738632955e-01,1.259920831342502101e+00,1.259921489519572946e+00,1.000000528395583954e+00,0.000000000000000000e+00,0.000000000000000000e+00
4.411284408366062689e-05,7.937006628697887978e-01,7.937006628689129428e-01,7.937005230738631845e-01,1.259920832602424046e+00,1.259921486999729057e+00,1.000000525395579931e+00,0.000000000000000000e+00,0.000000000000000000e+00
4.421284408366064287e-05,7.937006620760880260e-01,7.937006620752119490e-01,7.937005230738631845e-01,1.259920833862345102e+00,1.259921484479884946e+00,1.000000522395577907e+00,0.000000000000000000e+00,0.000000000000000000e+00
4.431284408366065885e-05,7.937006612823869212e-01,7.937006612815106221e-01,7.937005230738631845e-01,1.259920835122265936e+00,1.259921481960041056e+00,1.000000519395574994e+00,0.000000000000000000e+00,0.000000000000000000e+00
4.441284408366066806e-05,7.937006604886858163e-01,7.937006604878097393e-01,7.937005230738631845e-01,1.259920836382188103e+00,1.259921479440196945e+00,1.000000516395572081e+00,0.000000000000000000e+00,0.000000000000000000e+00
4.451284408366069082e-05,7.937006596949849335e-01,7.937006596941088565e-01,7.937005230738632955e-01,1.259920837642108937e+00,1.259921476920351946e+00,1.000000513395568946e+00,0.000000000000000000e+00,0.000000000000000000e+00
4.461284408366070680e-05,7.937006589012838287e-01,7.937006589004075297e-01,7.937005230738631845e-01,1.259920838902029994e+00,1.259921474400508945e+00,1.000000510395566033e+00,0.000000000000000000e+00,0.000000000000000000e+00
4.471284408366072279e-05,7.937006581075827238e-01,7.937006581067066469e-01,7.937005230738631845e-01,1.259920840161951938e+00,1.259921471880663946e+00,1.000000507395562899e+00,0.000000000000000000e+00,0.000000000000000000e+00
4.481284408366073877e-05,7.937006573138818410e-01,7.937006573130058751e-01,7.937005230738631845e-01,1.259920841421872995e+00,1.259921469360818946e+00,1.000000504395559098e+00,0.000000000000000000e+00,0.000000000000000000e+00
4.491284408366074798e-05,7.937006565201807362e-01,7.937006565193047702e-01,7.937005230738631845e-01,1.259920842681794939e+00,1.259921466840975945e+00,1.000000501395555963e+00,0.000000000000000000e+00,0.000000000000000000e+00
4.501284408366077074e-05,7.937006557264796314e-01,7.937006557256035544e-01,7.937005230738631845e-01,1.259920843941717106e+00,1.259921464321132056e+00,1.000000498395553050e+00,0.000000000000000000e+00,0.000000000000000000e+00
4.511284408366078672e-05,7.937006549327787486e-01,7.937006549319027826e-01,7.937005230738634065e-01,1.259920845201637940e+00,1.259921461801287945e+00,1.000000495395551026e+00,0.000000000000000000e+00,0.000000000000000000e+00
4.521284408366080270e-05,7.937006541390775327e-01,7.937006541382016778e-01,7.937005230738631845e-01,1.259920846461558996e+00,1.259921459281442946e+00,1.000000492395549001e+00,0.000000000000000000e+00,0.000000000000000000e+00
4.531284408366081869e-05,7.937006533453766499e-01,7.937006533445005729e-01,7.937005230738631845e-01,1.259920847721480941e+00,1.259921456761599057e+00,1.000000489395546088e+00,0.000000000000000000e+00,0.000000000000000000e+00
4.541284408366082789e-05,7.937006525516755451e-01,7.937006525507994681e-01,7.937005230738631845e-01,1.259920848981401997e+00,1.259921454241754946e+00,1.000000486395542953e+00,0.000000000000000000e+00,0.000000000000000000e+00
4.551284408366085065e-05,7.937006517579747733e-01,7.937006517570981412e-01,7.937005230738632955e-01,1.259920850241323054e+00,1.259921451721911057e+00,1.000000483395538931e+00,0.000000000000000000e+00,0.000000000000000000e+00
4.561284408366086664e-05,7.937006509642736685e-01,7.937006509633967033e-01,7.937005230738634065e-01,1.259920851501244998e+00,1.259921449202066945e+00,1.000000480395536906e+00,0.000000000000000000e+00,0.000000000000000000e+00
4.571284408366088262e-05,7.937006501705723416e-01,7.937006501696955985e-01,7.937005230738632955e-01,1.259920852761166055e+00,1.259921446682221946e+00,1.000000477395533993e+00,0.000000000000000000e+00,0.000000000000000000e+00
4.581284408366089860e-05,7.937006493768714588e-01,7.937006493759939385e-01,7.937005230738632955e-01,1.259920854021087999e+00,1.259921444162378057e+00,1.000000474395531080e+00,0.000000000000000000e+00,0.000000000000000000e+00
4.591284408366090781e-05,7.937006485831704650e-01,7.937006485822927226e-01,7.937005230738632955e-01,1.259920855281009056e+00,1.259921441642533946e+00,1.000000471395527946e+00,0.000000000000000000e+00,0.000000000000000000e+00
4.601284408366093057e-05,7.937006477894691381e-01,7.937006477885912847e-01,7.937005230738631845e-01,1.259920856540931000e+00,1.259921439122690057e+00,1.000000468395525033e+00,0.000000000000000000e+00,0.000000000000000000e+00
4.611284408366095333e-05,7.937006469957682553e-01,7.937006469948900689e-01,7.937005230738631845e-01,1.259920857800852945e+00,1.259921436602845946e+00,1.000000465395523008e+00,0.000000000000000000e+00,0.000000000000000000e+00
4.621284408366096254e-05,7.937006462020673725e-01,7.937006462011884089e-01,7.937005230738631845e-01,1.259920859060774001e+00,1.259921434083002056e+00,1.000000462395518985e+00,0.000000000000000000e+00,0.000000000000000000e+00
4.631284408366097852e-05,7.937006454083663787e-01,7.937006454074873041e-01,7.937005230738631845e-01,1.259920860320695057e+00,1.259921431563157945e+00,1.000000459395516961e+00,0.000000000000000000e+00,0.000000000000000000e+00
4.641284408366098773e-05,7.937006446146654959e-01,7.937006446137858662e-01,7.937005230738630734e-01,1.259920861580617002e+00,1.259921429043314944e+00,1.000000456395514048e+00,0.000000000000000000e+00,0.000000000000000000e+00
4.651284408366101049e-05,7.937006438209642800e-01,7.937006438200848724e-01,7.937005230738630734e-01,1.259920862840538058e+00,1.259921426523471055e+00,1.000000453395512023e+00,0.000000000000000000e+00,0.000000000000000000e+00
4.661284408366103325e-05,7.937006430272632862e-01,7.937006430263836565e-01,7.937005230738630734e-01,1.259920864100460003e+00,1.259921424003626056e+00,1.000000450395509111e+00,0.000000000000000000e+00,0.000000000000000000e+00
4.671284408366104245e-05,7.937006422335622924e-01,7.937006422326823296e-01,7.937005230738631845e-01,1.259920865360381059e+00,1.259921421483781945e+00,1.000000447395505976e+00,0.000000000000000000e+00,0.000000000000000000e+00
4.681284408366105844e-05,7.937006414398614096e-01,7.937006414389811138e-01,7.937005230738635175e-01,1.259920866620301894e+00,1.259921418963938056e+00,1.000000444395503063e+00,0.000000000000000000e+00,0.000000000000000000e+00
4.691284408366106764e-05,7.937006406461601937e-01,7.937006406452803420e-01,7.937005230738634065e-01,1.259920867880224060e+00,1.259921416444093945e+00,1.000000441395501038e+00,0.000000000000000000e+00,0.000000000000000000e+00
4.701284408366109040e-05,7.937006398524590889e-01,7.937006398515792371e-01,7.937005230738632955e-01,1.259920869140146005e+00,1.259921413924250055e+00,1.000000438395497904e+00,0.000000000000000000e+00,0.000000000000000000e+00
4.711284408366111316e-05,7.937006390587582061e-01,7.937006390578780213e-01,7.937005230738632955e-01,1.259920870400067061e+00,1.259921411404405944e+00,1.000000435395494991e+00,0.000000000000000000e+00,0.000000000000000000e+00
4.721284408366112237e-05,7.937006382650573233e-01,7.937006382641772495e-01,7.937005230738632955e-01,1.259920871659987895e+00,1.259921408884562055e+00,1.000000432395492078e+00,0.000000000000000000e+00,0.000000000000000000e+00
4.731284408366113835e-05,7.937006374713564405e-01,7.937006374704761447e-01,7.937005230738634065e-01,1.259920872919910062e+00,1.259921406364719054e+00,1.000000429395490054e+00,0.000000000000000000e+00,0.000000000000000000e+00
4.741284408366114756e-05,7.937006366776554467e-01,7.937006366767750398e-01,7.937005230738634065e-01,1.259920874179830896e+00,1.259921403844874943e+00,1.000000426395486919e+00,0.000000000000000000e+00,0.000000000000000000e+00
4.751284408366117032e-05,7.937006358839544529e-01,7.937006358830740460e-01,7.937005230738634065e-01,1.259920875439751953e+00,1.259921401325031054e+00,1.000000423395484894e+00,0.000000000000000000e+00,0.000000000000000000e+00
4.761284408366119308e-05,7.937006350902533480e-01,7.937006350893730522e-01,7.937005230738631845e-01,1.259920876699673897e+00,1.259921398805186943e+00,1.000000420395481981e+00,0.000000000000000000e+00,0.000000000000000000e+00
4.771284408366120228e-05,7.937006342965523542e-01,7.937006342956719473e-01,7.937005230738635175e-01,1.259920877959594954e+00,1.259921396285343054e+00,1.000000417395479957e+00,0.000000000000000000e+00,0.000000000000000000e+00
4.781284408366121827e-05,7.937006335028513604e-01,7.937006335019708425e-01,7.937005230738631845e-01,1.259920879219516898e+00,1.259921393765498943e+00,1.000000414395477044e+00,0.000000000000000000e+00,0.000000000000000000e+00
4.791284408366122747e-05,7.937006327091502556e-01,7.937006327082694046e-01,7.937005230738631845e-01,1.259920880479439065e+00,1.259921391245655053e+00,1.000000411395475020e+00,0.000000000000000000e+00,0.000000000000000000e+00
4.800000000000000122e-05,7.937006320173927154e-01,7.937006320165117534e-01,7.937005230738629624e-01,1.259920881577534901e+00,1.259921389049460938e+00,1.000000408780794992e+00,0.000000000000000000e+00,0.000000000000000000e+00
4.800227490234375321e-05,7.937006319993366033e-01,7.937006319984556413e-01,7.937005230738630734e-01,1.259920881606197085e+00,1.259921388992135904e+00,1.000000408712548028e+00,1.364941406251193978e+00,0.000000000000000000e+00
4.800499999999999863e-05,7.937006319777080154e-01,7.937006095689709273e-01,7.937005230738628514e-01,1.259920881640530066e+00,1.259921388923467944e+00,1.000000408630794979e+00,2.999999999998447020e+00,0.000000000000000000e+00
4.801057611490877261e-05,7.937006319334500848e-01,7.937005723588816952e-01,7.937005230738627404e-01,1.259920881710784979e+00,1.259921388782957008e+00,1.000000408463511015e+00,3.000000000000000000e+00,0.000000000000000000e+00
4.808784408365850767e-05,7.937006313201735441e-01,7.937005217942764146e-01,7.937005230738628514e-01,1.259920882684300913e+00,1.259921386835926027e+00,1.000000406145469034e+00,3.000000000000000000e+00,0.000000000000000000e+00
4.818784408365853043e-05,7.937006305264719952e-01,7.937005230015075075e-01,7.937005230738629624e-01,1.259920883944223080e+00,1.259921384316081916e+00,1.000000403145465899e+00,3.000000000000000000e+00,0.000000000000000000e+00
4.828784408365855319e-05,7.937006297327707793e-01,7.937005229944655849e-01,7.937005230738629624e-01,1.259920885204145025e+00,1.259921381796238027e+00,1.000000400145462987e+00,3.000000000000000000e+00,0.000000000000000000e+00
4.838784408365856240e-05,7.937006289390691194e-01,7.937005229944927853e-01,7.937005230738629624e-01,1.259920886464068079e+00,1.259921379276393028e+00,1.000000397145460074e+00,3.000000000000000000e+00,0.000000000000000000e+00
4.848784408365857838e-05,7.937006281453680145e-01,7.937005229944927853e-01,7.937005230738629624e-01,1.259920887723988914e+00,1.259921376756548028e+00,1.000000394145456051e+00,3.000000000000000000e+00,0.000000000000000000e+00
4.858784408365858759e-05,7.937006273516665766e-01,7.937005229944918971e-01,7.937005230738619632e-01,1.259920888983911968e+00,1.259921374236703029e+00,1.000000391145452028e+00,3.000000000000000000e+00,0.000000000000000000e+00
4.868784408365861035e-05,7.937006265579652498e-01,7.937005229944916751e-01,7.937005230738618522e-01,1.259920890243833913e+00,1.259921371716858030e+00,1.000000388145448005e+00,3.000000000000000000e+00,0.000000000000000000e+00
4.878642204182931721e-05,7.937006257755503391e-01,7.937005229944912310e-01,7.937005230738614081e-01,1.259920891485839078e+00,1.259921369232845922e+00,1.000000385188106966e+00,3.000000000000000000e+00,0.000000000000000000e+00
4.880715885416667327e-05,7.937006256109618851e-01,7.937005229944912310e-01,7.937005230738610750e-01,1.259920891747106975e+00,1.259921368710311018e+00,1.000000384566001044e+00,1.704687500000781064e+00,0.000000000000000000e+00
4.880905189005540329e-05,7.937006255959360157e-01,7.937005229834982467e-01,7.937005230738607420e-01,1.259920891770959006e+00,1.259921368662608065e+00,1.000000384509210027e+00,5.688659667627686822e-01,0.000000000000000000e+00
4.881269812011729731e-05,7.937006255669963872e-01,7.937005229546988394e-01,7.937005230738611861e-01,1.259920891816898036e+00,1.259921368570728895e+00,1.000000384399821973e+00,0.000000000000000000e+00,0.000000000000000000e+00
4.887284408365984270e-05,7.937006250896178061e-01,7.937005224773197032e-01,7.937005230738614081e-01,1.259920892574688978e+00,1.259921367055143904e+00,1.000000382595441994e+00,0.000000000000000000e+00,0.000000000000000000e+00
4.897284408365985191e-05,7.937006242959159241e-01,7.937005216836188204e-01,7.937005230738610750e-01,1.259920893834612032e+00,1.259921364535298904e+00,1.000000379595439082e+00,0.000000000000000000e+00,0.000000000000000000e+00
4.907284408365986789e-05,7.937006235022141531e-01,7.937005208899180486e-01,7.937005230738609640e-01,1.259920895094535087e+00,1.259921362015453017e+00,1.000000376595433949e+00,0.000000000000000000e+00,0.000000000000000000e+00
4.917284408365987710e-05,7.937006227085123822e-01,7.937005200962173879e-01,7.937005230738602979e-01,1.259920896354457920e+00,1.259921359495608018e+00,1.000000373595429037e+00,0.000000000000000000e+00,0.000000000000000000e+00
4.927284408365989986e-05,7.937006219148107222e-01,7.937005193025166161e-01,7.937005230738604089e-01,1.259920897614380086e+00,1.259921356975761020e+00,1.000000370595423904e+00,0.000000000000000000e+00,0.000000000000000000e+00
4.937284408365992262e-05,7.937006211211087292e-01,7.937005185088158443e-01,7.937005230738602979e-01,1.259920898874302919e+00,1.259921354455914022e+00,1.000000367595418105e+00,0.000000000000000000e+00,0.000000000000000000e+00
4.947284408365993182e-05,7.937006203274069582e-01,7.937005177151148505e-01,7.937005230738604089e-01,1.259920900134225974e+00,1.259921351936067913e+00,1.000000364595412972e+00,0.000000000000000000e+00,0.000000000000000000e+00
4.957284408365994781e-05,7.937006195337051873e-01,7.937005169214139677e-01,7.937005230738602979e-01,1.259920901394147918e+00,1.259921349416220915e+00,1.000000361595406950e+00,0.000000000000000000e+00,0.000000000000000000e+00
4.967284408365995701e-05,7.937006187400035273e-01,7.937005161277129739e-01,7.937005230738602979e-01,1.259920902654070973e+00,1.259921346896375027e+00,1.000000358595402039e+00,0.000000000000000000e+00,0.000000000000000000e+00
4.977284408365997977e-05,7.937006179463017563e-01,7.937005153340117580e-01,7.937005230738602979e-01,1.259920903913994028e+00,1.259921344376528918e+00,1.000000355595396018e+00,0.000000000000000000e+00,0.000000000000000000e+00
4.987284408366000253e-05,7.937006171525998743e-01,7.937005145403108752e-01,7.937005230738602979e-01,1.259920905173917083e+00,1.259921341856681920e+00,1.000000352595391107e+00,0.000000000000000000e+00,0.000000000000000000e+00
4.997284408366001174e-05,7.937006163588981034e-01,7.937005137466098814e-01,7.937005230738604089e-01,1.259920906433839916e+00,1.259921339336836033e+00,1.000000349595385973e+00,0.000000000000000000e+00,0.000000000000000000e+00
5.000173958333332811e-05,7.937006161295537821e-01,7.937005135172658932e-01,7.937005230738605199e-01,1.259920906797900919e+00,1.259921338608714025e+00,1.000000348728520061e+00,0.000000000000000000e+00,1.043749999999493028e+00
5.000315251668294001e-05,7.937006108100466140e-01,7.937005135060514194e-01,7.937005230556387625e-01,1.259920915242090045e+00,1.259921338515259892e+00,1.000000348686062024e+00,0.000000000000000000e+00,1.891510009762570999e+00
5.000625912272134243e-05,7.937005853638836594e-01,7.937005134813950313e-01,7.937005224868856068e-01,1.259920955635347894e+00,1.259921336631298017e+00,1.000000348582918086e+00,0.000000000000000000e+00,3.000000000000000000e+00
5.004784408365850923e-05,7.937005091391319267e-01,7.937005131513350520e-01,7.937004933968664355e-01,1.259921076634592962e+00,1.259921243110879940e+00,1.000000339056450915e+00,0.000000000000000000e+00,3.000000000000000000e+00
5.014784408365853199e-05,7.937005124094820285e-01,7.937005123576336141e-01,7.937004493325414689e-01,1.259921071443236062e+00,1.259921092496558037e+00,1.000000254746729933e+00,0.000000000000000000e+00,3.000000000000000000e+00
5.024784408365854120e-05,7.937005115634427899e-01,7.937005115639319541e-01,7.937004432634224838e-01,1.259921072786239993e+00,1.259921036804036998e+00,1.000000146188730010e+00,0.000000000000000000e+00,3.000000000000000000e+00
5.034784408365855718e-05,7.937005107702340689e-01,7.937005107702300721e-01,7.937004552919546541e-01,1.259921074045379896e+00,1.259921015032742897e+00,1.000000060525193968e+00,0.000000000000000000e+00,3.000000000000000000e+00
5.044784408365857317e-05,7.937005099765284122e-01,7.937005099765283012e-01,7.937004731830248350e-01,1.259921075305308946e+00,1.259921005545600048e+00,1.000000005379861001e+00,0.000000000000000000e+00,3.000000000000000000e+00
5.054784408365858915e-05,7.937005091828265302e-01,7.937005091828265302e-01,7.937004898799162600e-01,1.259921076565232001e+00,1.259921000504194977e+00,9.999999732417038656e-01,0.000000000000000000e+00,3.000000000000000000e+00
5.064784408365861191e-05,7.937005083891247592e-01,7.937005083891247592e-01,7.937005026119646756e-01,1.259921077825155944e+00,1.259920997071761972e+00,9.999999551768502526e-01,0.000000000000000000e+00,3.000000000000000000e+00
5.074784408365862112e-05,7.937005075954230993e-01,7.937005075954229882e-01,7.937005111931755286e-01,1.259921079085078999e+00,1.259920994221638946e+00,9.999999447981023915e-01,0.000000000000000000e+00,3.000000000000000000e+00
5.080650000000000221e-05,7.937005071298697256e-01,7.937005071298695036e-01,7.937005146327301697e-01,1.259921079824098955e+00,1.259920992659560923e+00,9.999999406883173236e-01,0.000000000000000000e+00,2.100000000000060041e+00
5.080770282999674662e-05,7.937005071203228068e-01,7.937005071203222517e-01,7.937005146928572952e-01,1.259921079839253055e+00,1.259920992628015934e+00,9.999999406145565484e-01,0.000000000000000000e+00,1.378302001953414013e+00
5.081053962402342695e-05,7.937005070978077059e-01,7.937005070978072618e-01,7.937005148331613968e-01,1.259921079874994021e+00,1.259920992553678953e+00,9.999999404419696036e-01,0.000000000000000000e+00,0.000000000000000000e+00
5.083284408365840092e-05,7.937005069207774266e-01,7.937005069207768715e-01,7.937005158659702353e-01,1.259921080156011008e+00,1.259920991971787085e+00,9.999999391474331256e-01,0.000000000000000000e+00,0.000000000000000000e+00
5.093284408365841690e-05,7.937005061270758777e-01,7.937005061270755446e-01,7.937005192163846257e-01,1.259921081415934951e+00,1.259920989401402069e+00,9.999999343595334933e-01,0.000000000000000000e+00,0.000000000000000000e+00
5.103284408365843289e-05,7.937005053333745508e-01,7.937005053333737736e-01,7.937005210786630682e-01,1.259921082675856896e+00,1.259920986863177106e+00,9.999999305581872555e-01,0.000000000000000000e+00,0.000000000000000000e+00
5.113284408365844887e-05,7.937005045396727798e-01,7.937005045396718916e-01,7.937005220709597575e-01,1.259921083935779951e+00,1.259920984336680094e+00,9.999999272069473033e-01,0.000000000000000000e+00,0.000000000000000000e+00
5.123284408365845808e-05,7.937005037459708978e-01,7.937005037459711199e-01,7.937005225819094845e-01,1.259921085195703006e+00,1.259920981814427021e+00,9.999999240555518254e-01,0.000000000000000000e+00,0.000000000000000000e+00
5.133284408365848084e-05,7.937005029522691268e-01,7.937005029522702371e-01,7.937005228375841881e-01,1.259921086455626060e+00,1.259920979293710053e+00,9.999999209912040499e-01,0.000000000000000000e+00,0.000000000000000000e+00
5.143284408365849682e-05,7.937005021585673559e-01,7.937005021585695763e-01,7.937005229624500835e-01,1.259921087715550003e+00,1.259920976773549084e+00,9.999999179641779756e-01,0.000000000000000000e+00,0.000000000000000000e+00
5.153284408365851280e-05,7.937005013648655849e-01,7.937005013648688045e-01,7.937005230221714225e-01,1.259921088975473058e+00,1.259920974253589065e+00,9.999999149529423814e-01,0.000000000000000000e+00,0.000000000000000000e+00
5.163284408365852879e-05,7.937005005711638139e-01,7.937005005711678107e-01,7.937005230502203190e-01,1.259921090235395891e+00,1.259920971733702100e+00,9.999999119483106158e-01,0.000000000000000000e+00,0.000000000000000000e+00
5.173284408365853799e-05,7.937004997774619319e-01,7.937004997774669279e-01,7.937005230631858366e-01,1.259921091495318946e+00,1.259920969213840003e+00,9.999999089464151059e-01,0.000000000000000000e+00,0.000000000000000000e+00
5.183284408365856075e-05,7.937004989837601610e-01,7.937004989837660451e-01,7.937005230690948876e-01,1.259921092755242000e+00,1.259920966693989008e+00,9.999999059456426975e-01,0.000000000000000000e+00,0.000000000000000000e+00
5.193284408365857674e-05,7.937004981900585010e-01,7.937004981900652734e-01,7.937005230717545379e-01,1.259921094015165055e+00,1.259920964174140900e+00,9.999999029453287003e-01,0.000000000000000000e+00,0.000000000000000000e+00
5.203284408365859272e-05,7.937004973963567300e-01,7.937004973963646126e-01,7.937005230729383687e-01,1.259921095275088110e+00,1.259920961654293903e+00,9.999998999451999993e-01,0.000000000000000000e+00,0.000000000000000000e+00
5.213284408365860870e-05,7.937004966026549591e-01,7.937004966026638408e-01,7.937005230734596184e-01,1.259921096535010943e+00,1.259920959134448015e+00,9.999998969451460162e-01,0.000000000000000000e+00,0.000000000000000000e+00
5.223284408365861791e-05,7.937004958089530771e-01,7.937004958089630691e-01,7.937005230736871031e-01,1.259921097794933997e+00,1.259920956614603016e+00,9.999998939451217872e-01,0.000000000000000000e+00,0.000000000000000000e+00
5.233284408365864067e-05,7.937004950152514171e-01,7.937004950152622973e-01,7.937005230737856909e-01,1.259921099054857052e+00,1.259920954094756906e+00,9.999998909451096596e-01,0.000000000000000000e+00,0.000000000000000000e+00
5.243284408365865665e-05,7.937004942215496461e-01,7.937004942215614145e-01,7.937005230738279904e-01,1.259921100314780995e+00,1.259920951574909909e+00,9.999998879451020839e-01,0.000000000000000000e+00,0.000000000000000000e+00
5.253284408365867264e-05,7.937004934278478752e-01,7.937004934278604207e-01,7.937005230738460870e-01,1.259921101574704050e+00,1.259920949055064021e+00,9.999998849450966176e-01,0.000000000000000000e+00,0.000000000000000000e+00
5.263284408365868862e-05,7.937004926341461042e-01,7.937004926341595379e-01,7.937005230738535255e-01,1.259921102834627105e+00,1.259920946535219022e+00,9.999998819450912624e-01,0.000000000000000000e+00,0.000000000000000000e+00
5.273284408365869783e-05,7.937004918404442222e-01,7.937004918404587661e-01,7.937005230738566341e-01,1.259921104094549937e+00,1.259920944015372024e+00,9.999998789450869063e-01,0.000000000000000000e+00,0.000000000000000000e+00
5.283284408365872058e-05,7.937004910467425622e-01,7.937004910467577723e-01,7.937005230738581885e-01,1.259921105354472992e+00,1.259920941495527025e+00,9.999998759450819952e-01,0.000000000000000000e+00,0.000000000000000000e+00
5.293284408365874334e-05,7.937004902530405692e-01,7.937004902530567785e-01,7.937005230738589656e-01,1.259921106614396047e+00,1.259920938975680027e+00,9.999998729450777502e-01,0.000000000000000000e+00,0.000000000000000000e+00
5.303284408365875255e-05,7.937004894593389093e-01,7.937004894593558957e-01,7.937005230738589656e-01,1.259921107874319990e+00,1.259920936455833917e+00,9.999998699450729500e-01,0.000000000000000000e+00,0.000000000000000000e+00
5.313284408365876853e-05,7.937004886656371383e-01,7.937004886656551239e-01,7.937005230738589656e-01,1.259921109134243045e+00,1.259920933935988030e+00,9.999998669450687050e-01,0.000000000000000000e+00,0.000000000000000000e+00
5.323284408365877774e-05,7.937004878719352563e-01,7.937004878719543521e-01,7.937005230738589656e-01,1.259921110394166099e+00,1.259920931416141920e+00,9.999998639450639049e-01,0.000000000000000000e+00,0.000000000000000000e+00
5.333284408365880050e-05,7.937004870782335963e-01,7.937004870782538024e-01,7.937005230738590766e-01,1.259921111654088932e+00,1.259920928896296033e+00,9.999998609450594378e-01,0.000000000000000000e+00,0.000000000000000000e+00
5.343284408365882326e-05,7.937004862845318254e-01,7.937004862845532527e-01,7.937005230738589656e-01,1.259921112914011987e+00,1.259920926376451034e+00,9.999998579450546377e-01,0.000000000000000000e+00,0.000000000000000000e+00
5.353284408365883247e-05,7.937004854908300544e-01,7.937004854908522589e-01,7.937005230738590766e-01,1.259921114173935042e+00,1.259920923856606034e+00,9.999998549450508367e-01,0.000000000000000000e+00,0.000000000000000000e+00
5.363284408365884845e-05,7.937004846971282834e-01,7.937004846971513761e-01,7.937005230738589656e-01,1.259921115433858985e+00,1.259920921336759037e+00,9.999998519450467027e-01,0.000000000000000000e+00,0.000000000000000000e+00
5.373284408365885766e-05,7.937004839034264014e-01,7.937004839034504933e-01,7.937005230738589656e-01,1.259921116693782039e+00,1.259920918816912039e+00,9.999998489450426797e-01,0.000000000000000000e+00,0.000000000000000000e+00
5.383284408365888042e-05,7.937004831097247415e-01,7.937004831097498325e-01,7.937005230738589656e-01,1.259921117953705094e+00,1.259920916297067039e+00,9.999998459450378796e-01,0.000000000000000000e+00,0.000000000000000000e+00
5.393284408365890318e-05,7.937004823160229705e-01,7.937004823160492828e-01,7.937005230738590766e-01,1.259921119213627927e+00,1.259920913777220930e+00,9.999998429450334125e-01,0.000000000000000000e+00,0.000000000000000000e+00
5.403284408365891238e-05,7.937004815223211995e-01,7.937004815223484000e-01,7.937005230738589656e-01,1.259921120473550982e+00,1.259920911257375042e+00,9.999998399450291675e-01,0.000000000000000000e+00,0.000000000000000000e+00
5.413284408365892837e-05,7.937004807286194286e-01,7.937004807286476282e-01,7.937005230738589656e-01,1.259921121733474036e+00,1.259920908737528933e+00,9.999998369450248115e-01,0.000000000000000000e+00,0.000000000000000000e+00
5.423284408365893757e-05,7.937004799349175466e-01,7.937004799349469675e-01,7.937005230738590766e-01,1.259921122993397979e+00,1.259920906217683045e+00,9.999998339450199003e-01,0.000000000000000000e+00,0.000000000000000000e+00
5.433284408365896033e-05,7.937004791412158866e-01,7.937004791412461957e-01,7.937005230738589656e-01,1.259921124253321034e+00,1.259920903697836936e+00,9.999998309450158773e-01,0.000000000000000000e+00,0.000000000000000000e+00
5.443284408365898309e-05,7.937004783475141156e-01,7.937004783475456460e-01,7.937005230738590766e-01,1.259921125513244089e+00,1.259920901177991048e+00,9.999998279450116323e-01,0.000000000000000000e+00,0.000000000000000000e+00
5.453284408365899230e-05,7.937004775538122336e-01,7.937004775538449852e-01,7.937005230738589656e-01,1.259921126773166922e+00,1.259920898658144939e+00,9.999998249450073873e-01,0.000000000000000000e+00,0.000000000000000000e+00
5.463284408365900828e-05,7.937004767601104627e-01,7.937004767601443245e-01,7.937005230738590766e-01,1.259921128033089976e+00,1.259920896138299051e+00,9.999998219450025871e-01,0.000000000000000000e+00,0.000000000000000000e+00
5.473284408365901749e-05,7.937004759664085807e-01,7.937004759664434417e-01,7.937005230738590766e-01,1.259921129293013031e+00,1.259920893618452942e+00,9.999998189449980091e-01,0.000000000000000000e+00,0.000000000000000000e+00
5.483284408365904025e-05,7.937004751727068097e-01,7.937004751727423368e-01,7.937005230738589656e-01,1.259921130552936974e+00,1.259920891098607942e+00,9.999998159449933199e-01,0.000000000000000000e+00,0.000000000000000000e+00
5.493284408365906301e-05,7.937004743790051497e-01,7.937004743790415651e-01,7.937005230738589656e-01,1.259921131812860029e+00,1.259920888578762055e+00,9.999998129449889639e-01,0.000000000000000000e+00,0.000000000000000000e+00
5.503284408365907222e-05,7.937004735853033788e-01,7.937004735853407933e-01,7.937005230738590766e-01,1.259921133072783084e+00,1.259920886058915945e+00,9.999998099449852740e-01,0.000000000000000000e+00,0.000000000000000000e+00
5.513284408365908820e-05,7.937004727916016078e-01,7.937004727916401325e-01,7.937005230738589656e-01,1.259921134332705916e+00,1.259920883539070058e+00,9.999998069449811400e-01,0.000000000000000000e+00,0.000000000000000000e+00
5.523284408365909741e-05,7.937004719978997258e-01,7.937004719979394718e-01,7.937005230738589656e-01,1.259921135592628971e+00,1.259920881019223948e+00,9.999998039449765619e-01,0.000000000000000000e+00,0.000000000000000000e+00
5.533284408365912017e-05,7.937004712041979548e-01,7.937004712042388110e-01,7.937005230738589656e-01,1.259921136852552914e+00,1.259920878499378061e+00,9.999998009449723169e-01,0.000000000000000000e+00,0.000000000000000000e+00
5.543284408365914292e-05,7.937004704104962949e-01,7.937004704105381503e-01,7.937005230738590766e-01,1.259921138112475969e+00,1.259920875979531951e+00,9.999997979449672947e-01,0.000000000000000000e+00,0.000000000000000000e+00
5.553284408365915213e-05,7.937004696167945239e-01,7.937004696168377116e-01,7.937005230738590766e-01,1.259921139372399024e+00,1.259920873459686064e+00,9.999997949449627166e-01,0.000000000000000000e+00,0.000000000000000000e+00
5.563284408365916812e-05,7.937004688230927529e-01,7.937004688231371619e-01,7.937005230738590766e-01,1.259921140632322079e+00,1.259920870939841064e+00,9.999997919449590267e-01,0.000000000000000000e+00,0.000000000000000000e+00
5.573284408365917732e-05,7.937004680293908709e-01,7.937004680294363901e-01,7.937005230738589656e-01,1.259921141892246021e+00,1.259920868419994955e+00,9.999997889449550037e-01,0.000000000000000000e+00,0.000000000000000000e+00
5.583284408365920008e-05,7.937004672356892110e-01,7.937004672357356183e-01,7.937005230738590766e-01,1.259921143152169076e+00,1.259920865900149067e+00,9.999997859449507587e-01,0.000000000000000000e+00,0.000000000000000000e+00
5.593284408365922284e-05,7.937004664419875510e-01,7.937004664420347355e-01,7.937005230738589656e-01,1.259921144412091021e+00,1.259920863380304068e+00,9.999997829449462916e-01,0.000000000000000000e+00,0.000000000000000000e+00
5.603284408365923205e-05,7.937004656482857801e-01,7.937004656483339637e-01,7.937005230738589656e-01,1.259921145672014964e+00,1.259920860860457958e+00,9.999997799449420466e-01,0.000000000000000000e+00,0.000000000000000000e+00
5.613284408365924803e-05,7.937004648545845642e-01,7.937004648546333030e-01,7.937005230738590766e-01,1.259921146931936908e+00,1.259920858340612959e+00,9.999997769449382456e-01,0.000000000000000000e+00,0.000000000000000000e+00
5.623284408365925724e-05,7.937004640608827932e-01,7.937004640609326422e-01,7.937005230738590766e-01,1.259921148191861073e+00,1.259920855820767960e+00,9.999997739449351108e-01,0.000000000000000000e+00,0.000000000000000000e+00
5.633284408365928000e-05,7.937004632671810223e-01,7.937004632672317594e-01,7.937005230738589656e-01,1.259921149451783018e+00,1.259920853300922072e+00,9.999997709449314209e-01,0.000000000000000000e+00,0.000000000000000000e+00
5.643284408365930276e-05,7.937004624734792513e-01,7.937004624735308767e-01,7.937005230738589656e-01,1.259921150711706961e+00,1.259920850781075963e+00,9.999997679449277310e-01,0.000000000000000000e+00,0.000000000000000000e+00
5.653284408365931196e-05,7.937004616797774803e-01,7.937004616798303269e-01,7.937005230738589656e-01,1.259921151971630016e+00,1.259920848261230075e+00,9.999997649449237080e-01,0.000000000000000000e+00,0.000000000000000000e+00
5.663284408365932795e-05,7.937004608860757093e-01,7.937004608861295551e-01,7.937005230738588546e-01,1.259921153231553959e+00,1.259920845741383966e+00,9.999997619449194630e-01,0.000000000000000000e+00,0.000000000000000000e+00
5.673284408365933715e-05,7.937004600923739384e-01,7.937004600924286724e-01,7.937005230738588546e-01,1.259921154491477013e+00,1.259920843221538078e+00,9.999997589449152180e-01,0.000000000000000000e+00,0.000000000000000000e+00
5.683284408365935991e-05,7.937004592986721674e-01,7.937004592987277896e-01,7.937005230738589656e-01,1.259921155751400068e+00,1.259920840701691969e+00,9.999997559449109730e-01,0.000000000000000000e+00,0.000000000000000000e+00
5.693284408365938267e-05,7.937004585049703964e-01,7.937004585050269068e-01,7.937005230738589656e-01,1.259921157011322901e+00,1.259920838181846081e+00,9.999997529449063949e-01,0.000000000000000000e+00,0.000000000000000000e+00
5.703284408365939188e-05,7.937004577112686254e-01,7.937004577113260240e-01,7.937005230738590766e-01,1.259921158271245956e+00,1.259920835661999972e+00,9.999997499449014837e-01,0.000000000000000000e+00,0.000000000000000000e+00
5.713284408365940786e-05,7.937004569175668545e-01,7.937004569176253632e-01,7.937005230738590766e-01,1.259921159531169899e+00,1.259920833142154972e+00,9.999997469448976828e-01,0.000000000000000000e+00,0.000000000000000000e+00
5.723284408365941707e-05,7.937004561238650835e-01,7.937004561239245914e-01,7.937005230738590766e-01,1.259921160791092953e+00,1.259920830622307975e+00,9.999997439448938819e-01,0.000000000000000000e+00,0.000000000000000000e+00
5.733284408365943983e-05,7.937004553301633125e-01,7.937004553302240417e-01,7.937005230738590766e-01,1.259921162051016008e+00,1.259920828102462975e+00,9.999997409448894148e-01,0.000000000000000000e+00,0.000000000000000000e+00
5.743284408365946259e-05,7.937004545364615415e-01,7.937004545365234920e-01,7.937005230738590766e-01,1.259921163310939951e+00,1.259920825582617088e+00,9.999997379448853918e-01,0.000000000000000000e+00,0.000000000000000000e+00
5.753284408365947180e-05,7.937004537427597706e-01,7.937004537428228312e-01,7.937005230738589656e-01,1.259921164570861896e+00,1.259920823062770978e+00,9.999997349448811468e-01,0.000000000000000000e+00,0.000000000000000000e+00
5.763284408365948778e-05,7.937004529490578886e-01,7.937004529491220595e-01,7.937005230738589656e-01,1.259921165830786061e+00,1.259920820542925979e+00,9.999997319448766797e-01,0.000000000000000000e+00,0.000000000000000000e+00
5.773284408365949699e-05,7.937004521553561176e-01,7.937004521554212877e-01,7.937005230738589656e-01,1.259921167090708893e+00,1.259920818023080091e+00,9.999997289448726567e-01,0.000000000000000000e+00,0.000000000000000000e+00
5.783284408365951975e-05,7.937004513616542356e-01,7.937004513617209600e-01,7.937005230738589656e-01,1.259921168350633058e+00,1.259920815503233982e+00,9.999997259448683007e-01,0.000000000000000000e+00,0.000000000000000000e+00
5.793284408365954251e-05,7.937004505679524646e-01,7.937004505680204103e-01,7.937005230738589656e-01,1.259921169610555891e+00,1.259920812983388094e+00,9.999997229448643887e-01,0.000000000000000000e+00,0.000000000000000000e+00
5.803284408365955171e-05,7.937004497742508047e-01,7.937004497743194165e-01,7.937005230738589656e-01,1.259921170870478946e+00,1.259920810463541985e+00,9.999997199448599217e-01,0.000000000000000000e+00,0.000000000000000000e+00
5.813284408365956770e-05,7.937004489805490337e-01,7.937004489806187557e-01,7.937005230738589656e-01,1.259921172130402001e+00,1.259920807943696097e+00,9.999997169448558987e-01,0.000000000000000000e+00,0.000000000000000000e+00
5.823284408365957690e-05,7.937004481868472627e-01,7.937004481869180950e-01,7.937005230738589656e-01,1.259921173390325944e+00,1.259920805423851098e+00,9.999997139448518757e-01,0.000000000000000000e+00,0.000000000000000000e+00
5.833284408365959966e-05,7.937004473931456028e-01,7.937004473932172122e-01,7.937005230738589656e-01,1.259921174650248998e+00,1.259920802904004100e+00,9.999997109448480748e-01,0.000000000000000000e+00,0.000000000000000000e+00
5.843284408365962242e-05,7.937004465994439428e-01,7.937004465995164404e-01,7.937005230738589656e-01,1.259921175910172053e+00,1.259920800384159101e+00,9.999997079448433857e-01,0.000000000000000000e+00,0.000000000000000000e+00
5.853284408365963163e-05,7.937004458057421719e-01,7.937004458058156686e-01,7.937005230738589656e-01,1.259921177170095108e+00,1.259920797864312991e+00,9.999997049448395847e-01,0.000000000000000000e+00,0.000000000000000000e+00
5.863284408365964761e-05,7.937004450120407339e-01,7.937004450121148968e-01,7.937005230738590766e-01,1.259921178430017941e+00,1.259920795344467992e+00,9.999997019448355617e-01,0.000000000000000000e+00,0.000000000000000000e+00
5.873284408365965682e-05,7.937004442183394071e-01,7.937004442184142361e-01,7.937005230738590766e-01,1.259921179689940995e+00,1.259920792824622993e+00,9.999996989448318718e-01,0.000000000000000000e+00,0.000000000000000000e+00
5.883284408365967958e-05,7.937004434246381912e-01,7.937004434247134643e-01,7.937005230738590766e-01,1.259921180949862940e+00,1.259920790304777993e+00,9.999996959448288480e-01,0.000000000000000000e+00,0.000000000000000000e+00
5.893284408365970234e-05,7.937004426309364202e-01,7.937004426310129146e-01,7.937005230738591877e-01,1.259921182209785995e+00,1.259920787784934104e+00,9.999996929448256022e-01,0.000000000000000000e+00,0.000000000000000000e+00
5.903284408365971154e-05,7.937004418372346493e-01,7.937004418373123649e-01,7.937005230738596318e-01,1.259921183469709050e+00,1.259920785265089105e+00,9.999996899448231336e-01,0.000000000000000000e+00,0.000000000000000000e+00
5.913284408365972753e-05,7.937004410435329893e-01,7.937004410436117041e-01,7.937005230738596318e-01,1.259921184729632992e+00,1.259920782745244106e+00,9.999996869448196657e-01,0.000000000000000000e+00,0.000000000000000000e+00
5.923284408365973673e-05,7.937004402498312183e-01,7.937004402499109323e-01,7.937005230738596318e-01,1.259921185989556047e+00,1.259920780225397996e+00,9.999996839448161978e-01,0.000000000000000000e+00,0.000000000000000000e+00
5.933284408365975949e-05,7.937004394561295584e-01,7.937004394562101606e-01,7.937005230738596318e-01,1.259921187249479102e+00,1.259920777705552997e+00,9.999996809448127300e-01,0.000000000000000000e+00,0.000000000000000000e+00
5.943284408365978225e-05,7.937004386624282315e-01,7.937004386625098329e-01,7.937005230738596318e-01,1.259921188509401047e+00,1.259920775185707997e+00,9.999996779448092621e-01,0.000000000000000000e+00,0.000000000000000000e+00
5.953284408365979146e-05,7.937004378687264605e-01,7.937004378688092832e-01,7.937005230738596318e-01,1.259921189769324990e+00,1.259920772665862110e+00,9.999996749448057942e-01,0.000000000000000000e+00,0.000000000000000000e+00
5.963284408365980744e-05,7.937004370750246895e-01,7.937004370751082893e-01,7.937005230738596318e-01,1.259921191029248044e+00,1.259920770146017110e+00,9.999996719448024374e-01,0.000000000000000000e+00,0.000000000000000000e+00
5.973284408365981665e-05,7.937004362813229186e-01,7.937004362814076286e-01,7.937005230738596318e-01,1.259921192289171987e+00,1.259920767626171889e+00,9.999996689447986364e-01,0.000000000000000000e+00,0.000000000000000000e+00
5.983284408365983941e-05,7.937004354876210366e-01,7.937004354877069678e-01,7.937005230738595207e-01,1.259921193549095042e+00,1.259920765106324891e+00,9.999996659447951686e-01,0.000000000000000000e+00,0.000000000000000000e+00
5.993284408365986217e-05,7.937004346939193766e-01,7.937004346940060850e-01,7.937005230738595207e-01,1.259921194809018097e+00,1.259920762586479004e+00,9.999996629447908125e-01,0.000000000000000000e+00,0.000000000000000000e+00
6.003284408365987138e-05,7.937004339002176057e-01,7.937004339003053133e-01,7.937005230738595207e-01,1.259921196068940930e+00,1.259920760066632894e+00,9.999996599447869006e-01,0.000000000000000000e+00,0.000000000000000000e+00
6.013284408365988736e-05,7.937004331065158347e-01,7.937004331066045415e-01,7.937005230738595207e-01,1.259921197328865095e+00,1.259920757546787895e+00,9.999996569447822115e-01,0.000000000000000000e+00,0.000000000000000000e+00
6.023284408365990334e-05,7.937004323128141747e-01,7.937004323129037697e-01,7.937005230738595207e-01,1.259921198588787927e+00,1.259920755026942008e+00,9.999996539447787436e-01,0.000000000000000000e+00,0.000000000000000000e+00
6.033284408365991933e-05,7.937004315191125148e-01,7.937004315192031090e-01,7.937005230738595207e-01,1.259921199848710982e+00,1.259920752507097008e+00,9.999996509447748316e-01,0.000000000000000000e+00,0.000000000000000000e+00
6.043284408365994209e-05,7.937004307254109658e-01,7.937004307255025592e-01,7.937005230738596318e-01,1.259921201108634037e+00,1.259920749987250899e+00,9.999996479447711417e-01,0.000000000000000000e+00,0.000000000000000000e+00
6.053284408365995129e-05,7.937004299317095279e-01,7.937004299318017875e-01,7.937005230738596318e-01,1.259921202368557092e+00,1.259920747467405899e+00,9.999996449447678959e-01,0.000000000000000000e+00,0.000000000000000000e+00
6.063284408365996728e-05,7.937004291380078680e-01,7.937004291381012377e-01,7.937005230738596318e-01,1.259921203628479924e+00,1.259920744947560900e+00,9.999996419447643170e-01,0.000000000000000000e+00,0.000000000000000000e+00
6.073284408365998326e-05,7.937004283443060970e-01,7.937004283444005770e-01,7.937005230738596318e-01,1.259921204888402979e+00,1.259920742427715901e+00,9.999996389447611822e-01,0.000000000000000000e+00,0.000000000000000000e+00
6.083284408365999924e-05,7.937004275506044371e-01,7.937004275507001383e-01,7.937005230738596318e-01,1.259921206148326034e+00,1.259920739907870013e+00,9.999996359447574923e-01,0.000000000000000000e+00,0.000000000000000000e+00
6.093284408366002200e-05,7.937004267569033322e-01,7.937004267569996996e-01,7.937005230738596318e-01,1.259921207408249089e+00,1.259920737388025014e+00,9.999996329447544685e-01,0.000000000000000000e+00,0.000000000000000000e+00
6.103284408366003121e-05,7.937004259632017833e-01,7.937004259632992609e-01,7.937005230738596318e-01,1.259921208668171921e+00,1.259920734868180014e+00,9.999996299447510006e-01,0.000000000000000000e+00,0.000000000000000000e+00
6.113284408366004719e-05,7.937004251695004564e-01,7.937004251695983781e-01,7.937005230738600758e-01,1.259921209928094088e+00,1.259920732348335015e+00,9.999996269447480879e-01,0.000000000000000000e+00,0.000000000000000000e+00
6.123284408366006318e-05,7.937004243757987965e-01,7.937004243758980504e-01,7.937005230738600758e-01,1.259921211188018031e+00,1.259920729828490904e+00,9.999996239447448421e-01,0.000000000000000000e+00,0.000000000000000000e+00
6.133284408366007916e-05,7.937004235820971365e-01,7.937004235821972786e-01,7.937005230738600758e-01,1.259921212447941086e+00,1.259920727308645905e+00,9.999996209447415962e-01,0.000000000000000000e+00,0.000000000000000000e+00
6.143284408366009514e-05,7.937004227883958096e-01,7.937004227884968399e-01,7.937005230738600758e-01,1.259921213707863918e+00,1.259920724788800905e+00,9.999996179447385725e-01,0.000000000000000000e+00,0.000000000000000000e+00
6.153284408366011113e-05,7.937004219946940387e-01,7.937004219947962902e-01,7.937005230738600758e-01,1.259921214967786973e+00,1.259920722268955906e+00,9.999996149447357707e-01,0.000000000000000000e+00,0.000000000000000000e+00
6.163284408366012711e-05,7.937004212009922677e-01,7.937004212010955184e-01,7.937005230738600758e-01,1.259921216227710028e+00,1.259920719749110907e+00,9.999996119447328580e-01,0.000000000000000000e+00,0.000000000000000000e+00
6.173284408366014309e-05,7.937004204072904967e-01,7.937004204073946356e-01,7.937005230738600758e-01,1.259921217487633971e+00,1.259920717229265019e+00,9.999996089447293901e-01,0.000000000000000000e+00,0.000000000000000000e+00
6.183284408366015907e-05,7.937004196135886147e-01,7.937004196136940859e-01,7.937005230738600758e-01,1.259921218747557026e+00,1.259920714709418910e+00,9.999996059447266994e-01,0.000000000000000000e+00,0.000000000000000000e+00
6.193284408366017506e-05,7.937004188198869548e-01,7.937004188199935362e-01,7.937005230738599648e-01,1.259921220007480080e+00,1.259920712189573910e+00,9.999996029447226764e-01,0.000000000000000000e+00,0.000000000000000000e+00
6.203284408366019104e-05,7.937004180261852948e-01,7.937004180262928754e-01,7.937005230738596318e-01,1.259921221267402913e+00,1.259920709669728023e+00,9.999995999447190975e-01,0.000000000000000000e+00,0.000000000000000000e+00
6.213284408366020702e-05,7.937004172324835238e-01,7.937004172325922147e-01,7.937005230738595207e-01,1.259921222527327078e+00,1.259920707149883023e+00,9.999995969447148525e-01,0.000000000000000000e+00,0.000000000000000000e+00
6.223284408366022301e-05,7.937004164387818639e-01,7.937004164388917760e-01,7.937005230738595207e-01,1.259921223787249911e+00,1.259920704630036914e+00,9.999995939447108295e-01,0.000000000000000000e+00,0.000000000000000000e+00
6.233284408366023899e-05,7.937004156450806480e-01,7.937004156451912262e-01,7.937005230738596318e-01,1.259921225047172078e+00,1.259920702110191915e+00,9.999995909447076947e-01,0.000000000000000000e+00,0.000000000000000000e+00
6.243284408366025497e-05,7.937004148513789881e-01,7.937004148514905655e-01,7.937005230738595207e-01,1.259921226307096020e+00,1.259920699590346915e+00,9.999995879447046709e-01,0.000000000000000000e+00,0.000000000000000000e+00
6.253284408366027096e-05,7.937004140576772171e-01,7.937004140577901268e-01,7.937005230738596318e-01,1.259921227567019075e+00,1.259920697070501916e+00,9.999995849447010920e-01,0.000000000000000000e+00,0.000000000000000000e+00
6.263284408366028694e-05,7.937004132639757792e-01,7.937004132640896881e-01,7.937005230738596318e-01,1.259921228826941908e+00,1.259920694550656917e+00,9.999995819446980683e-01,0.000000000000000000e+00,0.000000000000000000e+00
6.273284408366030292e-05,7.937004124702745633e-01,7.937004124703892494e-01,7.937005230738597428e-01,1.259921230086864963e+00,1.259920692030811917e+00,9.999995789446948224e-01,0.000000000000000000e+00,0.000000000000000000e+00
6.283284408366031891e-05,7.937004116765731254e-01,7.937004116766884776e-01,7.937005230738599648e-01,1.259921231346786907e+00,1.259920689510968028e+00,9.999995759446922428e-01,0.000000000000000000e+00,0.000000000000000000e+00
6.293284408366033489e-05,7.937004108828717985e-01,7.937004108829879279e-01,7.937005230738605199e-01,1.259921232606709962e+00,1.259920686991123029e+00,9.999995729446895520e-01,0.000000000000000000e+00,0.000000000000000000e+00
6.303284408366035087e-05,7.937004100891704717e-01,7.937004100892872671e-01,7.937005230738602979e-01,1.259921233866633017e+00,1.259920684471278918e+00,9.999995699446869724e-01,0.000000000000000000e+00,0.000000000000000000e+00
6.313284408366036686e-05,7.937004092954689227e-01,7.937004092955863843e-01,7.937005230738602979e-01,1.259921235126556072e+00,1.259920681951435029e+00,9.999995669446847257e-01,0.000000000000000000e+00,0.000000000000000000e+00
6.323284408366038284e-05,7.937004085017677069e-01,7.937004085018857236e-01,7.937005230738602979e-01,1.259921236386478016e+00,1.259920679431590029e+00,9.999995639446824791e-01,0.000000000000000000e+00,0.000000000000000000e+00
6.333284408366039882e-05,7.937004077080662690e-01,7.937004077081850628e-01,7.937005230738602979e-01,1.259921237646401071e+00,1.259920676911745918e+00,9.999995609446798994e-01,0.000000000000000000e+00,0.000000000000000000e+00
6.343284408366041481e-05,7.937004069143650531e-01,7.937004069144846241e-01,7.937005230738604089e-01,1.259921238906323016e+00,1.259920674391900919e+00,9.999995579446780969e-01,0.000000000000000000e+00,0.000000000000000000e+00
6.353284408366043079e-05,7.937004061206635042e-01,7.937004061207841854e-01,7.937005230738604089e-01,1.259921240166246070e+00,1.259920671872057030e+00,9.999995549446754062e-01,0.000000000000000000e+00,0.000000000000000000e+00
6.363284408366044677e-05,7.937004053269623993e-01,7.937004053270836357e-01,7.937005230738604089e-01,1.259921241426168903e+00,1.259920669352212030e+00,9.999995519446729375e-01,0.000000000000000000e+00,0.000000000000000000e+00
6.373284408366046276e-05,7.937004045332608504e-01,7.937004045333828639e-01,7.937005230738604089e-01,1.259921242686091958e+00,1.259920666832367919e+00,9.999995489446705799e-01,0.000000000000000000e+00,0.000000000000000000e+00
6.383284408366047874e-05,7.937004037395595235e-01,7.937004037396820921e-01,7.937005230738604089e-01,1.259921243946015013e+00,1.259920664312524030e+00,9.999995459446681112e-01,0.000000000000000000e+00,0.000000000000000000e+00
6.393284408366049472e-05,7.937004029458580856e-01,7.937004029459817644e-01,7.937005230738604089e-01,1.259921245205938067e+00,1.259920661792679031e+00,9.999995429446660866e-01,0.000000000000000000e+00,0.000000000000000000e+00
6.403284408366051071e-05,7.937004021521566477e-01,7.937004021522812147e-01,7.937005230738602979e-01,1.259921246465860012e+00,1.259920659272834920e+00,9.999995399446636180e-01,0.000000000000000000e+00,0.000000000000000000e+00
6.413284408366052669e-05,7.937004013584548767e-01,7.937004013585805540e-01,7.937005230738602979e-01,1.259921247725783955e+00,1.259920656752989032e+00,9.999995369446612603e-01,0.000000000000000000e+00,0.000000000000000000e+00
6.423284408366054267e-05,7.937004005647531057e-01,7.937004005648801153e-01,7.937005230738602979e-01,1.259921248985707010e+00,1.259920654233144033e+00,9.999995339446579035e-01,0.000000000000000000e+00,0.000000000000000000e+00
6.433284408366055866e-05,7.937003997710513348e-01,7.937003997711793435e-01,7.937005230738602979e-01,1.259921250245630953e+00,1.259920651713299034e+00,9.999995309446548797e-01,0.000000000000000000e+00,0.000000000000000000e+00
6.443284408366057464e-05,7.937003989773495638e-01,7.937003989774789048e-01,7.937005230738602979e-01,1.259921251505554007e+00,1.259920649193452924e+00,9.999995279446516339e-01,0.000000000000000000e+00,0.000000000000000000e+00
6.453284408366059062e-05,7.937003981836479038e-01,7.937003981837784661e-01,7.937005230738602979e-01,1.259921252765477950e+00,1.259920646673607036e+00,9.999995249446477219e-01,0.000000000000000000e+00,0.000000000000000000e+00
6.463284408366060660e-05,7.937003973899461329e-01,7.937003973900775833e-01,7.937005230738596318e-01,1.259921254025401005e+00,1.259920644153762037e+00,9.999995219446440320e-01,0.000000000000000000e+00,0.000000000000000000e+00
6.473284408366062259e-05,7.937003965962446950e-01,7.937003965963768115e-01,7.937005230738594097e-01,1.259921255285324060e+00,1.259920641633917038e+00,9.999995189446413413e-01,0.000000000000000000e+00,0.000000000000000000e+00
6.483284408366063857e-05,7.937003958025434791e-01,7.937003958026762618e-01,7.937005230738594097e-01,1.259921256545246893e+00,1.259920639114072927e+00,9.999995159446378734e-01,0.000000000000000000e+00,0.000000000000000000e+00
6.493284408366065455e-05,7.937003950088421522e-01,7.937003950089758231e-01,7.937005230738594097e-01,1.259921257805169059e+00,1.259920636594229038e+00,9.999995129446350717e-01,0.000000000000000000e+00,0.000000000000000000e+00
6.503284408366067054e-05,7.937003942151404923e-01,7.937003942152753844e-01,7.937005230738597428e-01,1.259921259065091892e+00,1.259920634074384038e+00,9.999995099446330471e-01,0.000000000000000000e+00,0.000000000000000000e+00
6.513284408366068652e-05,7.937003934214387213e-01,7.937003934215747236e-01,7.937005230738597428e-01,1.259921260325016057e+00,1.259920631554539039e+00,9.999995069446305784e-01,0.000000000000000000e+00,0.000000000000000000e+00
6.523284408366070250e-05,7.937003926277370613e-01,7.937003926278740629e-01,7.937005230738597428e-01,1.259921261584938890e+00,1.259920629034694040e+00,9.999995039446277767e-01,0.000000000000000000e+00,0.000000000000000000e+00
6.533284408366071849e-05,7.937003918340355124e-01,7.937003918341732911e-01,7.937005230738597428e-01,1.259921262844861944e+00,1.259920626514849040e+00,9.999995009446247529e-01,0.000000000000000000e+00,0.000000000000000000e+00
6.543284408366073447e-05,7.937003910403341855e-01,7.937003910404726303e-01,7.937005230738597428e-01,1.259921264104784999e+00,1.259920623995002931e+00,9.999994979446217291e-01,0.000000000000000000e+00,0.000000000000000000e+00
6.553284408366075045e-05,7.937003902466323035e-01,7.937003902467721916e-01,7.937005230738597428e-01,1.259921265364708942e+00,1.259920621475157931e+00,9.999994949446190384e-01,0.000000000000000000e+00,0.000000000000000000e+00
6.563284408366076644e-05,7.937003894529307546e-01,7.937003894530714199e-01,7.937005230738597428e-01,1.259921266624631997e+00,1.259920618955312932e+00,9.999994919446156816e-01,0.000000000000000000e+00,0.000000000000000000e+00
6.573284408366078242e-05,7.937003886592290947e-01,7.937003886593709812e-01,7.937005230738597428e-01,1.259921267884555052e+00,1.259920616435467933e+00,9.999994889446119917e-01,0.000000000000000000e+00,0.000000000000000000e+00
6.583284408366079840e-05,7.937003878655278788e-01,7.937003878656704314e-01,7.937005230738597428e-01,1.259921269144476996e+00,1.259920613915622045e+00,9.999994859446086348e-01,0.000000000000000000e+00,0.000000000000000000e+00
6.593284408366081439e-05,7.937003870718261078e-01,7.937003870719697707e-01,7.937005230738598538e-01,1.259921270404400939e+00,1.259920611395777934e+00,9.999994829446061662e-01,0.000000000000000000e+00,0.000000000000000000e+00
6.603284408366083037e-05,7.937003862781244479e-01,7.937003862782693320e-01,7.937005230738598538e-01,1.259921271664323994e+00,1.259920608875932935e+00,9.999994799446029203e-01,0.000000000000000000e+00,0.000000000000000000e+00
6.613284408366084635e-05,7.937003854844233430e-01,7.937003854845684492e-01,7.937005230738600758e-01,1.259921272924247049e+00,1.259920606356089046e+00,9.999994769446001186e-01,0.000000000000000000e+00,0.000000000000000000e+00
6.623284408366086234e-05,7.937003846907217941e-01,7.937003846908678995e-01,7.937005230738600758e-01,1.259921274184170104e+00,1.259920603836244046e+00,9.999994739445980940e-01,0.000000000000000000e+00,0.000000000000000000e+00
6.633284408366087832e-05,7.937003838970204672e-01,7.937003838971675718e-01,7.937005230738601869e-01,1.259921275444092936e+00,1.259920601316399047e+00,9.999994709445956254e-01,0.000000000000000000e+00,0.000000000000000000e+00
6.643284408366089430e-05,7.937003831033185852e-01,7.937003831034668000e-01,7.937005230738602979e-01,1.259921276704015991e+00,1.259920598796554048e+00,9.999994679445933787e-01,0.000000000000000000e+00,0.000000000000000000e+00
6.653284408366091029e-05,7.937003823096170363e-01,7.937003823097662503e-01,7.937005230738602979e-01,1.259921277963939046e+00,1.259920596276709048e+00,9.999994649445903550e-01,0.000000000000000000e+00,0.000000000000000000e+00
6.663284408366092627e-05,7.937003815159152653e-01,7.937003815160657005e-01,7.937005230738602979e-01,1.259921279223862989e+00,1.259920593756864049e+00,9.999994619445874422e-01,0.000000000000000000e+00,0.000000000000000000e+00
6.673284408366094225e-05,7.937003807222136054e-01,7.937003807223651508e-01,7.937005230738602979e-01,1.259921280483786044e+00,1.259920591237017939e+00,9.999994589445845294e-01,0.000000000000000000e+00,0.000000000000000000e+00
6.683284408366095824e-05,7.937003799285119454e-01,7.937003799286644901e-01,7.937005230738602979e-01,1.259921281743709987e+00,1.259920588717172940e+00,9.999994559445811726e-01,0.000000000000000000e+00,0.000000000000000000e+00
6.693284408366097422e-05,7.937003791348106185e-01,7.937003791349636073e-01,7.937005230738600758e-01,1.259921283003631931e+00,1.259920586197327941e+00,9.999994529445777047e-01,0.000000000000000000e+00,0.000000000000000000e+00
6.703284408366099020e-05,7.937003783411089586e-01,7.937003783412630575e-01,7.937005230738599648e-01,1.259921284263556096e+00,1.259920583677484052e+00,9.999994499445744589e-01,0.000000000000000000e+00,0.000000000000000000e+00
6.713284408366100619e-05,7.937003775474072986e-01,7.937003775475623968e-01,7.937005230738599648e-01,1.259921285523478929e+00,1.259920581157637942e+00,9.999994469445719902e-01,0.000000000000000000e+00,0.000000000000000000e+00
6.723284408366102217e-05,7.937003767537058607e-01,7.937003767538618471e-01,7.937005230738599648e-01,1.259921286783401984e+00,1.259920578637794053e+00,9.999994439445689665e-01,0.000000000000000000e+00,0.000000000000000000e+00
6.733284408366103815e-05,7.937003759600043118e-01,7.937003759601614084e-01,7.937005230738600758e-01,1.259921288043325038e+00,1.259920576117949054e+00,9.999994409445667198e-01,0.000000000000000000e+00,0.000000000000000000e+00
6.743284408366105414e-05,7.937003751663026518e-01,7.937003751664605256e-01,7.937005230738602979e-01,1.259921289303248093e+00,1.259920573598104054e+00,9.999994379445639181e-01,0.000000000000000000e+00,0.000000000000000000e+00
6.753284408366107012e-05,7.937003743726009919e-01,7.937003743727598648e-01,7.937005230738601869e-01,1.259921290563172036e+00,1.259920571078259055e+00,9.999994349445611164e-01,0.000000000000000000e+00,0.000000000000000000e+00
6.763284408366108610e-05,7.937003735788997760e-01,7.937003735790593151e-01,7.937005230738601869e-01,1.259921291823093981e+00,1.259920568558414056e+00,9.999994319445585367e-01,0.000000000000000000e+00,0.000000000000000000e+00
6.773284408366110208e-05,7.937003727851980051e-01,7.937003727853587653e-01,7.937005230738601869e-01,1.259921293083017924e+00,1.259920566038569945e+00,9.999994289445556239e-01,0.000000000000000000e+00,0.000000000000000000e+00
6.783284408366111807e-05,7.937003719914963451e-01,7.937003719916582156e-01,7.937005230738601869e-01,1.259921294342940978e+00,1.259920563518724945e+00,9.999994259445530442e-01,0.000000000000000000e+00,0.000000000000000000e+00
6.793284408366113405e-05,7.937003711977946852e-01,7.937003711979578879e-01,7.937005230738598538e-01,1.259921295602864033e+00,1.259920560998879058e+00,9.999994229445502425e-01,0.000000000000000000e+00,0.000000000000000000e+00
6.800050000000000734e-05,7.937003706608087850e-01,7.937003706609726539e-01,7.937005230738595207e-01,1.259921296455277062e+00,1.259920559294054998e+00,9.999994209148710400e-01,3.000000000006577960e-01,0.000000000000000000e+00
6.800247798665363865e-05,7.937003706451092322e-01,7.937003706452732121e-01,7.937005230738597428e-01,1.259921296480198016e+00,1.259920559244213090e+00,9.999994208555312847e-01,1.486791992179445021e+00,0.000000000000000000e+00
6.800517987467449182e-05,7.937003706236648304e-01,7.937004041268563848e-01,7.937005230738597428e-01,1.259921296514239009e+00,1.259920559176127997e+00,9.999994207744745678e-01,3.000000000000000000e+00,0.000000000000000000e+00
6.801633210449262255e-05,7.937003705351496352e-01,7.937004856163548672e-01,7.937005230738600758e-01,1.259921296654749057e+00,1.259920558895111009e+00,9.999994204399067499e-01,3.000000000000000000e+00,0.000000000000000000e+00
6.810784408365972884e-05,7.937003698088180847e-01,7.937005233209527555e-01,7.937005230738607420e-01,1.259921297807728102e+00,1.259920556589152030e+00,9.999994176945462554e-01,3.000000000000000000e+00,0.000000000000000000e+00
6.820784408365974483e-05,7.937003690151174240e-01,7.937005229940888862e-01,7.937005230738611861e-01,1.259921299067650047e+00,1.259920554069309917e+00,9.999994146945443418e-01,3.000000000000000000e+00,0.000000000000000000e+00
6.830784408365976081e-05,7.937003682214167632e-01,7.937005229944774642e-01,7.937005230738615191e-01,1.259921300327571991e+00,1.259920551549466916e+00,9.999994116945432054e-01,3.000000000000000000e+00,0.000000000000000000e+00
6.840784408365977679e-05,7.937003674277163245e-01,7.937005229944921192e-01,7.937005230738620742e-01,1.259921301587493048e+00,1.259920549029625025e+00,9.999994086945429572e-01,3.000000000000000000e+00,0.000000000000000000e+00
6.850784408365979278e-05,7.937003666340157748e-01,7.937005229944918971e-01,7.937005230738620742e-01,1.259921302847414992e+00,1.259920546509784023e+00,9.999994056945429310e-01,3.000000000000000000e+00,0.000000000000000000e+00
6.860784408365980876e-05,7.937003658403151141e-01,7.937005229944918971e-01,7.937005230738620742e-01,1.259921304107336937e+00,1.259920543989941910e+00,9.999994026945441261e-01,3.000000000000000000e+00,0.000000000000000000e+00
6.870784408365982474e-05,7.937003650466144533e-01,7.937005229944925633e-01,7.937005230738628514e-01,1.259921305367257993e+00,1.259920541470100019e+00,9.999993996945445440e-01,3.000000000000000000e+00,0.000000000000000000e+00
6.880500000000000277e-05,7.937003642754875132e-01,7.937005229944930074e-01,7.937005230738629624e-01,1.259921306591345935e+00,1.259920539021925023e+00,9.999993967798685990e-01,3.000000000000000000e+00,0.000000000000000000e+00
6.880727490234374798e-05,7.937003642574317341e-01,7.937005229944932294e-01,7.937005230738631845e-01,1.259921306620007897e+00,1.259920538964601100e+00,9.999993967116213023e-01,1.635058593754904033e+00,0.000000000000000000e+00
6.881000000000000018e-05,7.937003642358029243e-01,7.937005229761168179e-01,7.937005230738637396e-01,1.259921306654341988e+00,1.259920538895932030e+00,9.999993966298684756e-01,3.586464458749106092e-12,0.000000000000000000e+00
6.881557611490867930e-05,7.937003641915453267e-01,7.937005229318592203e-01,7.937005230738630734e-01,1.259921306724596013e+00,1.259920538755421981e+00,9.999993964625849552e-01,0.000000000000000000e+00,0.000000000000000000e+00
6.889284408365817041e-05,7.937003635782683419e-01,7.937005223185824576e-01,7.937005230738627404e-01,1.259921307698113946e+00,1.259920536808392999e+00,9.999993941445459722e-01,0.000000000000000000e+00,0.000000000000000000e+00
6.899284408365818639e-05,7.937003627845666820e-01,7.937005215248814638e-01,7.937005230738626294e-01,1.259921308958037001e+00,1.259920534288549110e+00,9.999993911445468342e-01,0.000000000000000000e+00,0.000000000000000000e+00
6.909284408365820238e-05,7.937003619908649110e-01,7.937005207311805810e-01,7.937005230738617412e-01,1.259921310217960055e+00,1.259920531768704111e+00,9.999993881445470301e-01,0.000000000000000000e+00,0.000000000000000000e+00
6.919284408365821836e-05,7.937003611971633621e-01,7.937005199374798092e-01,7.937005230738611861e-01,1.259921311477883998e+00,1.259920529248858889e+00,9.999993851445448945e-01,0.000000000000000000e+00,0.000000000000000000e+00
6.929284408365823434e-05,7.937003604034621462e-01,7.937005191437788154e-01,7.937005230738609640e-01,1.259921312737805943e+00,1.259920526729015000e+00,9.999993821445432030e-01,0.000000000000000000e+00,0.000000000000000000e+00
6.939284408365825033e-05,7.937003596097608193e-01,7.937005183500783767e-01,7.937005230738609640e-01,1.259921313997728998e+00,1.259920524209171111e+00,9.999993791445411784e-01,0.000000000000000000e+00,0.000000000000000000e+00
6.949284408365826631e-05,7.937003588160594925e-01,7.937005175563773829e-01,7.937005230738609640e-01,1.259921315257652052e+00,1.259920521689327000e+00,9.999993761445389318e-01,0.000000000000000000e+00,0.000000000000000000e+00
6.959284408365828229e-05,7.937003580223582766e-01,7.937005167626762780e-01,7.937005230738609640e-01,1.259921316517575107e+00,1.259920519169483111e+00,9.999993731445369072e-01,0.000000000000000000e+00,0.000000000000000000e+00
6.969284408365829827e-05,7.937003572286566166e-01,7.937005159689750622e-01,7.937005230738609640e-01,1.259921317777497940e+00,1.259920516649639000e+00,9.999993701445353267e-01,0.000000000000000000e+00,0.000000000000000000e+00
6.979284408365831426e-05,7.937003564349554008e-01,7.937005151752741794e-01,7.937005230738609640e-01,1.259921319037420995e+00,1.259920514129795110e+00,9.999993671445335242e-01,0.000000000000000000e+00,0.000000000000000000e+00
6.989284408365833024e-05,7.937003556412539629e-01,7.937005143815731856e-01,7.937005230738609640e-01,1.259921320297344050e+00,1.259920511609949889e+00,9.999993641445316106e-01,0.000000000000000000e+00,0.000000000000000000e+00
6.998642204182918200e-05,7.937003548985246404e-01,7.937005136388436410e-01,7.937005230738608530e-01,1.259921321476354050e+00,1.259920509251930998e+00,9.999993613371911394e-01,0.000000000000000000e+00,0.000000000000000000e+00
7.000215885416667617e-05,7.937003547736212195e-01,7.937005135139404421e-01,7.937005230738607420e-01,1.259921321674625894e+00,1.259920508855387977e+00,9.999993608650865617e-01,0.000000000000000000e+00,1.295312500001251976e+00
7.000405189005540619e-05,7.937003751604212454e-01,7.937005134989157940e-01,7.937005232311314940e-01,1.259921289312583959e+00,1.259920509306990066e+00,9.999993608095611997e-01,0.000000000000000000e+00,2.431134033239263914e+00
7.000769812011729343e-05,7.937004172111425948e-01,7.937005134699756104e-01,7.937005247530062313e-01,1.259921222561203091e+00,1.259920514046765971e+00,9.999993607385987415e-01,0.000000000000000000e+00,3.000000000000000000e+00
7.006784408365974396e-05,7.937005176031411979e-01,7.937005129925971403e-01,7.937005895308955061e-01,1.259921063198816027e+00,1.259920718930400030e+00,9.999993878490122112e-01,0.000000000000000000e+00,3.000000000000000000e+00
7.016784408365975994e-05,7.937005121609662650e-01,7.937005121988961465e-01,7.937006424657588877e-01,1.259921071837730056e+00,1.259920903423076055e+00,9.999995276607676065e-01,0.000000000000000000e+00,3.000000000000000000e+00
7.026784408365977592e-05,7.937005114054535015e-01,7.937005114051952637e-01,7.937006443345374640e-01,1.259921073037032047e+00,1.259920968041432054e+00,9.999996842073420877e-01,0.000000000000000000e+00,3.000000000000000000e+00
7.036784408365979191e-05,7.937005106114929376e-01,7.937005106114943809e-01,7.937006226602890679e-01,1.259921074297366106e+00,1.259920989825155990e+00,9.999997993592550927e-01,0.000000000000000000e+00,3.000000000000000000e+00
7.046784408365980789e-05,7.937005098177937201e-01,7.937005098177937201e-01,7.937005947232527170e-01,1.259921075557284942e+00,1.259920996101068891e+00,9.999998687314666235e-01,0.000000000000000000e+00,3.000000000000000000e+00
7.056784408365982387e-05,7.937005090240929484e-01,7.937005090240929484e-01,7.937005699453523189e-01,1.259921076817207108e+00,1.259920996764529066e+00,9.999999054450241509e-01,0.000000000000000000e+00,3.000000000000000000e+00
7.066784408365983986e-05,7.937005082303919545e-01,7.937005082303920656e-01,7.937005515909704156e-01,1.259921078077127943e+00,1.259920995396764942e+00,9.999999227262718060e-01,0.000000000000000000e+00,3.000000000000000000e+00
7.076784408365985584e-05,7.937005074366910717e-01,7.937005074366910717e-01,7.937005394595232355e-01,1.259921079337050109e+00,1.259920993293875080e+00,9.999999295719594894e-01,0.000000000000000000e+00,3.000000000000000000e+00
7.080673958333333644e-05,7.937005071279774615e-01,7.937005071279771284e-01,7.937005361136412196e-01,1.259921079827102108e+00,1.259920992390852978e+00,9.999999306249913733e-01,0.000000000000000000e+00,1.956250000002540013e+00
7.080815251668293479e-05,7.937005071167633208e-01,7.937005071167625436e-01,7.937005360045737978e-01,1.259921079844904090e+00,1.259920992357487002e+00,9.999999306508891017e-01,0.000000000000000000e+00,1.108489990243527901e+00
7.081125912272131010e-05,7.937005070921062666e-01,7.937005070921052674e-01,7.937005357676142348e-01,1.259921079884043893e+00,1.259920992284011998e+00,9.999999307052294117e-01,0.000000000000000000e+00,0.000000000000000000e+00
7.085284408365806355e-05,7.937005067620447329e-01,7.937005067620440668e-01,7.937005329446278346e-01,1.259921080407983895e+00,1.259920991288155045e+00,9.999999311296471349e-01,0.000000000000000000e+00,0.000000000000000000e+00
7.095284408365807953e-05,7.937005059683429620e-01,7.937005059683429620e-01,7.937005283173711456e-01,1.259921081667906950e+00,1.259920988832287980e+00,9.999999304916272758e-01,0.000000000000000000e+00,0.000000000000000000e+00
7.105284408365809552e-05,7.937005051746413020e-01,7.937005051746425233e-01,7.937005257694705884e-01,1.259921082927830005e+00,1.259920986335645976e+00,9.999999285443513797e-01,0.000000000000000000e+00,0.000000000000000000e+00
7.115284408365811150e-05,7.937005043809395310e-01,7.937005043809416405e-01,7.937005244218182654e-01,1.259921084187753948e+00,1.259920983824198037e+00,9.999999260041042559e-01,0.000000000000000000e+00,0.000000000000000000e+00
7.125284408365812748e-05,7.937005035872376491e-01,7.937005035872407577e-01,7.937005237321259621e-01,1.259921085447677003e+00,1.259920981307391052e+00,9.999999232016726358e-01,0.000000000000000000e+00,0.000000000000000000e+00
7.135284408365814347e-05,7.937005027935358781e-01,7.937005027935399859e-01,7.937005233887898248e-01,1.259921086707600058e+00,1.259920978788644952e+00,9.999999202854268354e-01,0.000000000000000000e+00,0.000000000000000000e+00
7.145284408365815945e-05,7.937005019998339961e-01,7.937005019998391031e-01,7.937005232218519168e-01,1.259921087967522890e+00,1.259920976269196968e+00,9.999999173205210701e-01,0.000000000000000000e+00,0.000000000000000000e+00
7.155284408365817543e-05,7.937005012061322251e-01,7.937005012061383313e-01,7.937005231423143181e-01,1.259921089227445945e+00,1.259920973749494966e+00,9.999999143350775110e-01,0.000000000000000000e+00,0.000000000000000000e+00
7.165284408365819142e-05,7.937005004124304541e-01,7.937005004124378926e-01,7.937005231050832110e-01,1.259921090487369000e+00,1.259920971229701037e+00,9.999999113410620311e-01,0.000000000000000000e+00,0.000000000000000000e+00
7.175284408365820740e-05,7.937004996187287942e-01,7.937004996187368988e-01,7.937005230879241591e-01,1.259921091747292055e+00,1.259920968709874023e+00,9.999999083435017200e-01,0.000000000000000000e+00,0.000000000000000000e+00
7.185284408365822338e-05,7.937004988250270232e-01,7.937004988250359050e-01,7.937005230801238431e-01,1.259921093007215109e+00,1.259920966190035019e+00,9.999999053444881270e-01,0.000000000000000000e+00,0.000000000000000000e+00
7.195284408365823937e-05,7.937004980313251412e-01,7.937004980313351332e-01,7.937005230766210895e-01,1.259921094267139052e+00,1.259920963670192018e+00,9.999999023448831181e-01,0.000000000000000000e+00,0.000000000000000000e+00
7.205284408365825535e-05,7.937004972376233702e-01,7.937004972376345835e-01,7.937005230750655560e-01,1.259921095527062107e+00,1.259920961150347019e+00,9.999998993450385232e-01,0.000000000000000000e+00,0.000000000000000000e+00
7.215284408365827133e-05,7.937004964439217103e-01,7.937004964439337007e-01,7.937005230743814366e-01,1.259921096786984940e+00,1.259920958630500909e+00,9.999998963450975609e-01,0.000000000000000000e+00,0.000000000000000000e+00
7.225284408365828732e-05,7.937004956502199393e-01,7.937004956502330399e-01,7.937005230740836748e-01,1.259921098046907995e+00,1.259920956110655021e+00,9.999998933451185179e-01,0.000000000000000000e+00,0.000000000000000000e+00
7.235284408365830330e-05,7.937004948565181683e-01,7.937004948565319351e-01,7.937005230739551109e-01,1.259921099306831049e+00,1.259920953590810022e+00,9.999998903451238208e-01,0.000000000000000000e+00,0.000000000000000000e+00
7.245284408365831928e-05,7.937004940628162863e-01,7.937004940628310523e-01,7.937005230738994888e-01,1.259921100566754104e+00,1.259920951070963024e+00,9.999998873451230175e-01,0.000000000000000000e+00,0.000000000000000000e+00
7.255284408365833527e-05,7.937004932691146264e-01,7.937004932691301695e-01,7.937005230738761741e-01,1.259921101826676937e+00,1.259920948551118025e+00,9.999998843451205488e-01,0.000000000000000000e+00,0.000000000000000000e+00
7.265284408365835125e-05,7.937004924754128554e-01,7.937004924754293977e-01,7.937005230738665151e-01,1.259921103086599992e+00,1.259920946031271027e+00,9.999998813451165258e-01,0.000000000000000000e+00,0.000000000000000000e+00
7.275284408365836723e-05,7.937004916817110844e-01,7.937004916817285149e-01,7.937005230738622963e-01,1.259921104346523046e+00,1.259920943511426028e+00,9.999998783451125028e-01,0.000000000000000000e+00,0.000000000000000000e+00
7.285284408365838322e-05,7.937004908880092025e-01,7.937004908880280762e-01,7.937005230738607420e-01,1.259921105606446989e+00,1.259920940991579918e+00,9.999998753451080358e-01,0.000000000000000000e+00,0.000000000000000000e+00
7.295284408365839920e-05,7.937004900943073205e-01,7.937004900943274155e-01,7.937005230738602979e-01,1.259921106866370044e+00,1.259920938471734031e+00,9.999998723451041238e-01,0.000000000000000000e+00,0.000000000000000000e+00
7.305284408365841518e-05,7.937004893006056605e-01,7.937004893006265327e-01,7.937005230738602979e-01,1.259921108126293099e+00,1.259920935951887921e+00,9.999998693450994347e-01,0.000000000000000000e+00,0.000000000000000000e+00
7.315284408365843117e-05,7.937004885069038895e-01,7.937004885069256499e-01,7.937005230738600758e-01,1.259921109386215932e+00,1.259920933432042034e+00,9.999998663450946346e-01,0.000000000000000000e+00,0.000000000000000000e+00
7.325284408365844715e-05,7.937004877132021186e-01,7.937004877132247671e-01,7.937005230738596318e-01,1.259921110646138986e+00,1.259920930912195924e+00,9.999998633450903895e-01,0.000000000000000000e+00,0.000000000000000000e+00
7.335284408365846313e-05,7.937004869195003476e-01,7.937004869195237733e-01,7.937005230738591877e-01,1.259921111906062041e+00,1.259920928392350037e+00,9.999998603450859225e-01,0.000000000000000000e+00,0.000000000000000000e+00
7.345284408365847912e-05,7.937004861257985766e-01,7.937004861258231125e-01,7.937005230738589656e-01,1.259921113165985984e+00,1.259920925872503927e+00,9.999998573450813444e-01,0.000000000000000000e+00,0.000000000000000000e+00
7.355284408365849510e-05,7.937004853320968056e-01,7.937004853321223408e-01,7.937005230738589656e-01,1.259921114425907929e+00,1.259920923352658928e+00,9.999998543450768773e-01,0.000000000000000000e+00,0.000000000000000000e+00
7.365284408365851108e-05,7.937004845383950347e-01,7.937004845384213469e-01,7.937005230738590766e-01,1.259921115685832094e+00,1.259920920832813040e+00,9.999998513450727433e-01,0.000000000000000000e+00,0.000000000000000000e+00
7.375284408365852707e-05,7.937004837446932637e-01,7.937004837447205752e-01,7.937005230738590766e-01,1.259921116945754926e+00,1.259920918312966043e+00,9.999998483450688314e-01,0.000000000000000000e+00,0.000000000000000000e+00
7.385284408365854305e-05,7.937004829509914927e-01,7.937004829510196924e-01,7.937005230738589656e-01,1.259921118205677981e+00,1.259920915793121043e+00,9.999998453450641422e-01,0.000000000000000000e+00,0.000000000000000000e+00
7.395284408365855903e-05,7.937004821572897217e-01,7.937004821573189206e-01,7.937005230738590766e-01,1.259921119465601036e+00,1.259920913273274046e+00,9.999998423450598972e-01,0.000000000000000000e+00,0.000000000000000000e+00
7.405284408365857501e-05,7.937004813635879508e-01,7.937004813636181488e-01,7.937005230738590766e-01,1.259921120725524979e+00,1.259920910753429046e+00,9.999998393450553191e-01,0.000000000000000000e+00,0.000000000000000000e+00
7.415284408365859100e-05,7.937004805698860688e-01,7.937004805699175991e-01,7.937005230738589656e-01,1.259921121985448034e+00,1.259920908233582049e+00,9.999998363450511851e-01,0.000000000000000000e+00,0.000000000000000000e+00
7.425284408365860698e-05,7.937004797761842978e-01,7.937004797762168273e-01,7.937005230738588546e-01,1.259921123245371088e+00,1.259920905713735939e+00,9.999998333450461629e-01,0.000000000000000000e+00,0.000000000000000000e+00
7.435284408365862296e-05,7.937004789824825268e-01,7.937004789825158335e-01,7.937005230738590766e-01,1.259921124505293921e+00,1.259920903193890052e+00,9.999998303450413628e-01,0.000000000000000000e+00,0.000000000000000000e+00
7.445284408365863895e-05,7.937004781887806448e-01,7.937004781888149507e-01,7.937005230738590766e-01,1.259921125765218086e+00,1.259920900674043942e+00,9.999998273450368957e-01,0.000000000000000000e+00,0.000000000000000000e+00
7.455284408365865493e-05,7.937004773950788739e-01,7.937004773951142900e-01,7.937005230738589656e-01,1.259921127025140031e+00,1.259920898154198055e+00,9.999998243450327617e-01,0.000000000000000000e+00,0.000000000000000000e+00
7.465284408365867091e-05,7.937004766013772139e-01,7.937004766014134072e-01,7.937005230738589656e-01,1.259921128285063974e+00,1.259920895634353055e+00,9.999998213450280726e-01,0.000000000000000000e+00,0.000000000000000000e+00
7.475284408365868690e-05,7.937004758076754429e-01,7.937004758077125244e-01,7.937005230738589656e-01,1.259921129544987028e+00,1.259920893114506946e+00,9.999998183450237166e-01,0.000000000000000000e+00,0.000000000000000000e+00
7.485284408365870288e-05,7.937004750139736720e-01,7.937004750140117526e-01,7.937005230738589656e-01,1.259921130804910083e+00,1.259920890594661058e+00,9.999998153450194716e-01,0.000000000000000000e+00,0.000000000000000000e+00
7.495284408365871886e-05,7.937004742202717900e-01,7.937004742203107588e-01,7.937005230738589656e-01,1.259921132064834026e+00,1.259920888074814949e+00,9.999998123450153376e-01,0.000000000000000000e+00,0.000000000000000000e+00
7.505284408365873485e-05,7.937004734265700190e-01,7.937004734266098760e-01,7.937005230738589656e-01,1.259921133324755971e+00,1.259920885554969061e+00,9.999998093450112036e-01,0.000000000000000000e+00,0.000000000000000000e+00
7.515284408365875083e-05,7.937004726328683590e-01,7.937004726329091042e-01,7.937005230738589656e-01,1.259921134584679914e+00,1.259920883035122952e+00,9.999998063450067365e-01,0.000000000000000000e+00,0.000000000000000000e+00
7.525284408365876681e-05,7.937004718391665881e-01,7.937004718392082214e-01,7.937005230738590766e-01,1.259921135844602968e+00,1.259920880515277952e+00,9.999998033450026025e-01,0.000000000000000000e+00,0.000000000000000000e+00
7.535284408365878280e-05,7.937004710454648171e-01,7.937004710455077827e-01,7.937005230738589656e-01,1.259921137104526023e+00,1.259920877995430954e+00,9.999998003449979134e-01,0.000000000000000000e+00,0.000000000000000000e+00
7.545284408365879878e-05,7.937004702517629351e-01,7.937004702518070109e-01,7.937005230738589656e-01,1.259921138364449966e+00,1.259920875475585955e+00,9.999997973449933353e-01,0.000000000000000000e+00,0.000000000000000000e+00
7.555284408365881476e-05,7.937004694580611641e-01,7.937004694581062392e-01,7.937005230738589656e-01,1.259921139624373021e+00,1.259920872955740068e+00,9.999997943449890903e-01,0.000000000000000000e+00,0.000000000000000000e+00
7.565284408365883075e-05,7.937004686643593931e-01,7.937004686644055784e-01,7.937005230738590766e-01,1.259921140884296076e+00,1.259920870435893958e+00,9.999997913449850673e-01,0.000000000000000000e+00,0.000000000000000000e+00
7.575284408365884673e-05,7.937004678706576222e-01,7.937004678707049177e-01,7.937005230738589656e-01,1.259921142144218908e+00,1.259920867916048071e+00,9.999997883449806002e-01,0.000000000000000000e+00,0.000000000000000000e+00
7.585284408365886271e-05,7.937004670769558512e-01,7.937004670770041459e-01,7.937005230738589656e-01,1.259921143404141963e+00,1.259920865396201961e+00,9.999997853449765772e-01,0.000000000000000000e+00,0.000000000000000000e+00
7.595284408365887870e-05,7.937004662832539692e-01,7.937004662833033741e-01,7.937005230738589656e-01,1.259921144664065906e+00,1.259920862876354963e+00,9.999997823449723322e-01,0.000000000000000000e+00,0.000000000000000000e+00
7.605284408365889468e-05,7.937004654895523093e-01,7.937004654896028244e-01,7.937005230738590766e-01,1.259921145923988961e+00,1.259920860356509964e+00,9.999997793449677541e-01,0.000000000000000000e+00,0.000000000000000000e+00
7.615284408365891066e-05,7.937004646958505383e-01,7.937004646959019416e-01,7.937005230738590766e-01,1.259921147183912016e+00,1.259920857836664077e+00,9.999997763449637311e-01,0.000000000000000000e+00,0.000000000000000000e+00
7.625284408365892665e-05,7.937004639021487673e-01,7.937004639022011698e-01,7.937005230738589656e-01,1.259921148443835071e+00,1.259920855316817967e+00,9.999997733449593751e-01,0.000000000000000000e+00,0.000000000000000000e+00
7.635284408365894263e-05,7.937004631084469963e-01,7.937004631085003981e-01,7.937005230738590766e-01,1.259921149703757903e+00,1.259920852796972079e+00,9.999997703449545750e-01,0.000000000000000000e+00,0.000000000000000000e+00
7.645284408365895861e-05,7.937004623147452254e-01,7.937004623147996263e-01,7.937005230738590766e-01,1.259921150963682068e+00,1.259920850277125970e+00,9.999997673449505520e-01,0.000000000000000000e+00,0.000000000000000000e+00
7.655284408365897460e-05,7.937004615210434544e-01,7.937004615210987435e-01,7.937005230738589656e-01,1.259921152223604901e+00,1.259920847757280971e+00,9.999997643449463069e-01,0.000000000000000000e+00,0.000000000000000000e+00
7.665284408365899058e-05,7.937004607273416834e-01,7.937004607273981938e-01,7.937005230738589656e-01,1.259921153483527956e+00,1.259920845237435083e+00,9.999997613449419509e-01,0.000000000000000000e+00,0.000000000000000000e+00
7.675284408365900656e-05,7.937004599336399124e-01,7.937004599336975330e-01,7.937005230738589656e-01,1.259921154743451011e+00,1.259920842717588974e+00,9.999997583449377059e-01,0.000000000000000000e+00,0.000000000000000000e+00
7.685284408365902255e-05,7.937004591399381415e-01,7.937004591399966502e-01,7.937005230738590766e-01,1.259921156003374954e+00,1.259920840197743086e+00,9.999997553449337939e-01,0.000000000000000000e+00,0.000000000000000000e+00
7.695284408365903853e-05,7.937004583462363705e-01,7.937004583462957674e-01,7.937005230738589656e-01,1.259921157263298008e+00,1.259920837677896976e+00,9.999997523449295489e-01,0.000000000000000000e+00,0.000000000000000000e+00
7.705284408365905451e-05,7.937004575525345995e-01,7.937004575525948846e-01,7.937005230738587436e-01,1.259921158523221063e+00,1.259920835158051977e+00,9.999997493449253039e-01,0.000000000000000000e+00,0.000000000000000000e+00
7.715284408365907049e-05,7.937004567588326065e-01,7.937004567588940018e-01,7.937005230738588546e-01,1.259921159783145006e+00,1.259920832638206090e+00,9.999997463449210588e-01,0.000000000000000000e+00,0.000000000000000000e+00
7.725284408365908648e-05,7.937004559651309465e-01,7.937004559651934521e-01,7.937005230738589656e-01,1.259921161043068061e+00,1.259920830118359980e+00,9.999997433449165918e-01,0.000000000000000000e+00,0.000000000000000000e+00
7.735284408365910246e-05,7.937004551714291756e-01,7.937004551714929024e-01,7.937005230738589656e-01,1.259921162302990894e+00,1.259920827598514093e+00,9.999997403449126798e-01,0.000000000000000000e+00,0.000000000000000000e+00
7.745284408365911844e-05,7.937004543777274046e-01,7.937004543777922416e-01,7.937005230738589656e-01,1.259921163562913948e+00,1.259920825078667983e+00,9.999997373449085458e-01,0.000000000000000000e+00,0.000000000000000000e+00
7.755284408365913443e-05,7.937004535840256336e-01,7.937004535840916919e-01,7.937005230738589656e-01,1.259921164822837891e+00,1.259920822558822096e+00,9.999997343449043008e-01,0.000000000000000000e+00,0.000000000000000000e+00
7.765284408365915041e-05,7.937004527903238627e-01,7.937004527903910311e-01,7.937005230738590766e-01,1.259921166082760946e+00,1.259920820038975986e+00,9.999997313448997227e-01,0.000000000000000000e+00,0.000000000000000000e+00
7.775284408365916639e-05,7.937004519966220917e-01,7.937004519966902594e-01,7.937005230738589656e-01,1.259921167342684001e+00,1.259920817519130098e+00,9.999997283448954777e-01,0.000000000000000000e+00,0.000000000000000000e+00
7.785284408365918238e-05,7.937004512029203207e-01,7.937004512029897096e-01,7.937005230738589656e-01,1.259921168602607056e+00,1.259920814999283989e+00,9.999997253448912327e-01,0.000000000000000000e+00,0.000000000000000000e+00
7.795284408365919836e-05,7.937004504092185497e-01,7.937004504092889379e-01,7.937005230738590766e-01,1.259921169862530999e+00,1.259920812479438101e+00,9.999997223448869876e-01,0.000000000000000000e+00,0.000000000000000000e+00
7.805284408365921434e-05,7.937004496155167788e-01,7.937004496155881661e-01,7.937005230738589656e-01,1.259921171122454053e+00,1.259920809959593102e+00,9.999997193448827426e-01,0.000000000000000000e+00,0.000000000000000000e+00
7.815284408365923033e-05,7.937004488218150078e-01,7.937004488218873943e-01,7.937005230738589656e-01,1.259921172382377108e+00,1.259920807439746993e+00,9.999997163448787196e-01,0.000000000000000000e+00,0.000000000000000000e+00
7.825284408365924631e-05,7.937004480281133478e-01,7.937004480281865115e-01,7.937005230738589656e-01,1.259921173642299941e+00,1.259920804919901105e+00,9.999997133448745856e-01,0.000000000000000000e+00,0.000000000000000000e+00
7.835284408365926229e-05,7.937004472344116879e-01,7.937004472344856287e-01,7.937005230738589656e-01,1.259921174902222996e+00,1.259920802400056106e+00,9.999997103448706737e-01,0.000000000000000000e+00,0.000000000000000000e+00
7.845284408365927828e-05,7.937004464407099169e-01,7.937004464407846349e-01,7.937005230738590766e-01,1.259921176162146050e+00,1.259920799880209996e+00,9.999997073448667617e-01,0.000000000000000000e+00,0.000000000000000000e+00
7.855284408365929426e-05,7.937004456470083680e-01,7.937004456470839742e-01,7.937005230738590766e-01,1.259921177422069105e+00,1.259920797360364997e+00,9.999997043448629608e-01,0.000000000000000000e+00,0.000000000000000000e+00
7.865284408365931024e-05,7.937004448533070411e-01,7.937004448533833134e-01,7.937005230738590766e-01,1.259921178681991938e+00,1.259920794840519997e+00,9.999997013448589378e-01,0.000000000000000000e+00,0.000000000000000000e+00
7.875284408365932623e-05,7.937004440596052701e-01,7.937004440596823196e-01,7.937005230738590766e-01,1.259921179941914993e+00,1.259920792320674110e+00,9.999996983448556920e-01,0.000000000000000000e+00,0.000000000000000000e+00
7.885284408365934221e-05,7.937004432659036102e-01,7.937004432659814368e-01,7.937005230738590766e-01,1.259921181201838936e+00,1.259920789800829111e+00,9.999996953448523351e-01,0.000000000000000000e+00,0.000000000000000000e+00
7.895284408365935819e-05,7.937004424722022833e-01,7.937004424722805540e-01,7.937005230738590766e-01,1.259921182461761102e+00,1.259920787280983889e+00,9.999996923448488673e-01,0.000000000000000000e+00,0.000000000000000000e+00
7.905284408365937418e-05,7.937004416785005123e-01,7.937004416785800043e-01,7.937005230738590766e-01,1.259921183721683935e+00,1.259920784761138002e+00,9.999996893448453994e-01,0.000000000000000000e+00,0.000000000000000000e+00
7.915284408365939016e-05,7.937004408847986303e-01,7.937004408848794546e-01,7.937005230738590766e-01,1.259921184981608100e+00,1.259920782241293002e+00,9.999996863448414874e-01,0.000000000000000000e+00,0.000000000000000000e+00
7.925284408365940614e-05,7.937004400910969704e-01,7.937004400911786828e-01,7.937005230738590766e-01,1.259921186241530933e+00,1.259920779721448003e+00,9.999996833448377975e-01,0.000000000000000000e+00,0.000000000000000000e+00
7.935284408365942213e-05,7.937004392973951994e-01,7.937004392974778000e-01,7.937005230738590766e-01,1.259921187501453987e+00,1.259920777201601894e+00,9.999996803448345517e-01,0.000000000000000000e+00,0.000000000000000000e+00
7.945284408365943811e-05,7.937004385036934284e-01,7.937004385037773613e-01,7.937005230738589656e-01,1.259921188761377042e+00,1.259920774681756006e+00,9.999996773448310838e-01,0.000000000000000000e+00,0.000000000000000000e+00
7.955284408365945409e-05,7.937004377099916574e-01,7.937004377100768115e-01,7.937005230738590766e-01,1.259921190021300985e+00,1.259920772161911007e+00,9.999996743448265057e-01,0.000000000000000000e+00,0.000000000000000000e+00
7.965284408365947008e-05,7.937004369162899975e-01,7.937004369163760398e-01,7.937005230738590766e-01,1.259921191281224040e+00,1.259920769642064897e+00,9.999996713448225938e-01,0.000000000000000000e+00,0.000000000000000000e+00
7.975284408365948606e-05,7.937004361225882265e-01,7.937004361226753790e-01,7.937005230738589656e-01,1.259921192541147095e+00,1.259920767122219010e+00,9.999996683448190149e-01,0.000000000000000000e+00,0.000000000000000000e+00
7.985284408365950204e-05,7.937004353288865666e-01,7.937004353289746073e-01,7.937005230738590766e-01,1.259921193801069927e+00,1.259920764602372900e+00,9.999996653448145478e-01,0.000000000000000000e+00,0.000000000000000000e+00
7.995284408365951802e-05,7.937004345351847956e-01,7.937004345352738355e-01,7.937005230738590766e-01,1.259921195060994092e+00,1.259920762082527901e+00,9.999996623448114130e-01,0.000000000000000000e+00,0.000000000000000000e+00
8.005284408365953401e-05,7.937004337414834687e-01,7.937004337415730637e-01,7.937005230738590766e-01,1.259921196320916037e+00,1.259920759562682901e+00,9.999996593448077231e-01,0.000000000000000000e+00,0.000000000000000000e+00
8.015284408365954999e-05,7.937004329477821418e-01,7.937004329478721809e-01,7.937005230738591877e-01,1.259921197580839092e+00,1.259920757042837902e+00,9.999996563448042552e-01,0.000000000000000000e+00,0.000000000000000000e+00
8.025284408365956597e-05,7.937004321540808149e-01,7.937004321541714091e-01,7.937005230738599648e-01,1.259921198840761036e+00,1.259920754522994013e+00,9.999996533448010094e-01,0.000000000000000000e+00,0.000000000000000000e+00
8.035284408365958196e-05,7.937004313603790440e-01,7.937004313604705263e-01,7.937005230738605199e-01,1.259921200100684979e+00,1.259920752003149014e+00,9.999996503447984297e-01,0.000000000000000000e+00,0.000000000000000000e+00
8.045284408365959794e-05,7.937004305666771620e-01,7.937004305667699766e-01,7.937005230738604089e-01,1.259921201360608922e+00,1.259920749483302904e+00,9.999996473447951839e-01,0.000000000000000000e+00,0.000000000000000000e+00
8.055284408365961392e-05,7.937004297729756130e-01,7.937004297730692048e-01,7.937005230738602979e-01,1.259921202620531089e+00,1.259920746963457905e+00,9.999996443447916050e-01,0.000000000000000000e+00,0.000000000000000000e+00
8.065284408365962991e-05,7.937004289792738421e-01,7.937004289793683220e-01,7.937005230738598538e-01,1.259921203880455032e+00,1.259920744443612017e+00,9.999996413447879151e-01,0.000000000000000000e+00,0.000000000000000000e+00
8.075284408365964589e-05,7.937004281855721821e-01,7.937004281856677723e-01,7.937005230738590766e-01,1.259921205140378087e+00,1.259920741923767018e+00,9.999996383447846693e-01,0.000000000000000000e+00,0.000000000000000000e+00
8.085284408365966187e-05,7.937004273918708552e-01,7.937004273919672226e-01,7.937005230738590766e-01,1.259921206400300919e+00,1.259920739403922019e+00,9.999996353447812014e-01,0.000000000000000000e+00,0.000000000000000000e+00
8.095284408365967786e-05,7.937004265981690843e-01,7.937004265982665618e-01,7.937005230738589656e-01,1.259921207660223974e+00,1.259920736884077019e+00,9.999996323447781776e-01,0.000000000000000000e+00,0.000000000000000000e+00
8.105284408365969384e-05,7.937004258044674243e-01,7.937004258045659011e-01,7.937005230738590766e-01,1.259921208920147029e+00,1.259920734364232020e+00,9.999996293447745987e-01,0.000000000000000000e+00,0.000000000000000000e+00
8.115284408365970982e-05,7.937004250107656533e-01,7.937004250108654624e-01,7.937005230738589656e-01,1.259921210180070084e+00,1.259920731844385910e+00,9.999996263447717970e-01,0.000000000000000000e+00,0.000000000000000000e+00
8.125284408365972581e-05,7.937004242170639934e-01,7.937004242171651347e-01,7.937005230738590766e-01,1.259921211439992916e+00,1.259920729324540911e+00,9.999996233447678851e-01,0.000000000000000000e+00,0.000000000000000000e+00
8.135284408365974179e-05,7.937004234233623334e-01,7.937004234234643629e-01,7.937005230738589656e-01,1.259921212699917081e+00,1.259920726804695024e+00,9.999996203447646392e-01,0.000000000000000000e+00,0.000000000000000000e+00
8.145284408365975777e-05,7.937004226296610065e-01,7.937004226297638132e-01,7.937005230738589656e-01,1.259921213959839026e+00,1.259920724284850024e+00,9.999996173447606163e-01,0.000000000000000000e+00,0.000000000000000000e+00
8.155284408365977376e-05,7.937004218359593466e-01,7.937004218360630414e-01,7.937005230738590766e-01,1.259921215219762969e+00,1.259920721765005025e+00,9.999996143447572594e-01,0.000000000000000000e+00,0.000000000000000000e+00
8.165284408365978974e-05,7.937004210422576866e-01,7.937004210423626027e-01,7.937005230738590766e-01,1.259921216479686024e+00,1.259920719245160026e+00,9.999996113447537915e-01,0.000000000000000000e+00,0.000000000000000000e+00
8.175284408365980572e-05,7.937004202485560267e-01,7.937004202486621640e-01,7.937005230738590766e-01,1.259921217739609078e+00,1.259920716725313916e+00,9.999996083447503237e-01,0.000000000000000000e+00,0.000000000000000000e+00
8.185284408365982171e-05,7.937004194548545888e-01,7.937004194549612812e-01,7.937005230738589656e-01,1.259921218999531911e+00,1.259920714205468917e+00,9.999996053447472999e-01,0.000000000000000000e+00,0.000000000000000000e+00
8.195284408365983769e-05,7.937004186611530399e-01,7.937004186612603984e-01,7.937005230738590766e-01,1.259921220259454966e+00,1.259920711685623917e+00,9.999996023447440541e-01,0.000000000000000000e+00,0.000000000000000000e+00
8.205284408365985367e-05,7.937004178674512689e-01,7.937004178675598487e-01,7.937005230738590766e-01,1.259921221519378021e+00,1.259920709165778918e+00,9.999995993447405862e-01,0.000000000000000000e+00,0.000000000000000000e+00
8.215284408365986966e-05,7.937004170737496089e-01,7.937004170738592990e-01,7.937005230738590766e-01,1.259921222779301964e+00,1.259920706645933031e+00,9.999995963447372294e-01,0.000000000000000000e+00,0.000000000000000000e+00
8.225284408365988564e-05,7.937004162800482820e-01,7.937004162801587492e-01,7.937005230738590766e-01,1.259921224039223908e+00,1.259920704126088031e+00,9.999995933447342056e-01,0.000000000000000000e+00,0.000000000000000000e+00
8.235284408365990162e-05,7.937004154863468441e-01,7.937004154864579775e-01,7.937005230738596318e-01,1.259921225299146963e+00,1.259920701606243032e+00,9.999995903447311818e-01,0.000000000000000000e+00,0.000000000000000000e+00
8.245284408365991761e-05,7.937004146926454062e-01,7.937004146927575388e-01,7.937005230738596318e-01,1.259921226559070018e+00,1.259920699086398921e+00,9.999995873447281580e-01,0.000000000000000000e+00,0.000000000000000000e+00
8.255284408365993359e-05,7.937004138989438573e-01,7.937004138990571001e-01,7.937005230738599648e-01,1.259921227818993072e+00,1.259920696566555032e+00,9.999995843447254673e-01,0.000000000000000000e+00,0.000000000000000000e+00
8.265284408365994957e-05,7.937004131052421974e-01,7.937004131053566613e-01,7.937005230738600758e-01,1.259921229078915905e+00,1.259920694046708922e+00,9.999995813447224435e-01,0.000000000000000000e+00,0.000000000000000000e+00
8.275284408365996556e-05,7.937004123115407594e-01,7.937004123116558896e-01,7.937005230738600758e-01,1.259921230338838960e+00,1.259920691526863923e+00,9.999995783447191977e-01,0.000000000000000000e+00,0.000000000000000000e+00
8.285284408365998154e-05,7.937004115178392105e-01,7.937004115179554509e-01,7.937005230738600758e-01,1.259921231598762015e+00,1.259920689007020034e+00,9.999995753447163960e-01,0.000000000000000000e+00,0.000000000000000000e+00
8.295284408365999752e-05,7.937004107241374395e-01,7.937004107242549011e-01,7.937005230738600758e-01,1.259921232858685070e+00,1.259920686487173924e+00,9.999995723447135942e-01,0.000000000000000000e+00,0.000000000000000000e+00
8.305284408366001350e-05,7.937004099304356686e-01,7.937004099305542404e-01,7.937005230738600758e-01,1.259921234118609012e+00,1.259920683967328925e+00,9.999995693447103484e-01,0.000000000000000000e+00,0.000000000000000000e+00
8.315284408366002949e-05,7.937004091367338976e-01,7.937004091368538017e-01,7.937005230738600758e-01,1.259921235378532067e+00,1.259920681447483926e+00,9.999995663447069916e-01,0.000000000000000000e+00,0.000000000000000000e+00
8.325284408366004547e-05,7.937004083430321266e-01,7.937004083431530299e-01,7.937005230738598538e-01,1.259921236638456010e+00,1.259920678927638038e+00,9.999995633447037457e-01,0.000000000000000000e+00,0.000000000000000000e+00
8.335284408366006145e-05,7.937004075493304667e-01,7.937004075494525912e-01,7.937005230738596318e-01,1.259921237898377955e+00,1.259920676407793039e+00,9.999995603446997228e-01,0.000000000000000000e+00,0.000000000000000000e+00
8.345284408366007744e-05,7.937004067556286957e-01,7.937004067557521525e-01,7.937005230738596318e-01,1.259921239158301898e+00,1.259920673887946929e+00,9.999995573446960329e-01,0.000000000000000000e+00,0.000000000000000000e+00
8.355284408366009342e-05,7.937004059619273688e-01,7.937004059620512697e-01,7.937005230738596318e-01,1.259921240418224953e+00,1.259920671368101042e+00,9.999995543446927870e-01,0.000000000000000000e+00,0.000000000000000000e+00
8.365284408366010940e-05,7.937004051682260419e-01,7.937004051683504979e-01,7.937005230738596318e-01,1.259921241678146897e+00,1.259920668848256042e+00,9.999995513446892081e-01,0.000000000000000000e+00,0.000000000000000000e+00
8.375284408366012539e-05,7.937004043745247150e-01,7.937004043746499482e-01,7.937005230738599648e-01,1.259921242938069952e+00,1.259920666328411931e+00,9.999995483446857403e-01,0.000000000000000000e+00,0.000000000000000000e+00
8.385284408366014137e-05,7.937004035808232771e-01,7.937004035809492875e-01,7.937005230738605199e-01,1.259921244197993007e+00,1.259920663808566932e+00,9.999995453446837157e-01,0.000000000000000000e+00,0.000000000000000000e+00
8.395284408366015735e-05,7.937004027871220613e-01,7.937004027872486267e-01,7.937005230738605199e-01,1.259921245457916061e+00,1.259920661288723043e+00,9.999995423446812470e-01,0.000000000000000000e+00,0.000000000000000000e+00
8.405284408366017334e-05,7.937004019934204013e-01,7.937004019935479660e-01,7.937005230738605199e-01,1.259921246717838894e+00,1.259920658768878932e+00,9.999995393446790004e-01,0.000000000000000000e+00,0.000000000000000000e+00
8.415284408366018932e-05,7.937004011997188524e-01,7.937004011998475272e-01,7.937005230738602979e-01,1.259921247977761949e+00,1.259920656249033932e+00,9.999995363446766428e-01,0.000000000000000000e+00,0.000000000000000000e+00
8.425284408366020530e-05,7.937004004060175255e-01,7.937004004061468665e-01,7.937005230738602979e-01,1.259921249237683893e+00,1.259920653729188933e+00,9.999995333446741741e-01,0.000000000000000000e+00,0.000000000000000000e+00
8.435284408366022129e-05,7.937003996123157545e-01,7.937003996124463168e-01,7.937005230738602979e-01,1.259921250497608058e+00,1.259920651209345044e+00,9.999995303446711503e-01,0.000000000000000000e+00,0.000000000000000000e+00
8.445284408366023727e-05,7.937003988186140946e-01,7.937003988187458781e-01,7.937005230738602979e-01,1.259921251757530891e+00,1.259920648689498934e+00,9.999995273446685706e-01,0.000000000000000000e+00,0.000000000000000000e+00
8.455284408366025325e-05,7.937003980249127677e-01,7.937003980250451063e-01,7.937005230738602979e-01,1.259921253017453946e+00,1.259920646169653935e+00,9.999995243446657689e-01,0.000000000000000000e+00,0.000000000000000000e+00
8.465284408366026924e-05,7.937003972312116629e-01,7.937003972313446676e-01,7.937005230738604089e-01,1.259921254277375890e+00,1.259920643649810046e+00,9.999995213446625231e-01,0.000000000000000000e+00,0.000000000000000000e+00
8.475284408366028522e-05,7.937003964375103360e-01,7.937003964376441179e-01,7.937005230738602979e-01,1.259921255537298945e+00,1.259920641129965935e+00,9.999995183446600544e-01,0.000000000000000000e+00,0.000000000000000000e+00
8.485284408366030120e-05,7.937003956438086760e-01,7.937003956439433461e-01,7.937005230738602979e-01,1.259921256797222000e+00,1.259920638610120935e+00,9.999995153446578078e-01,0.000000000000000000e+00,0.000000000000000000e+00
8.495284408366031719e-05,7.937003948501074602e-01,7.937003948502425743e-01,7.937005230738602979e-01,1.259921258057145055e+00,1.259920636090277046e+00,9.999995123446552281e-01,0.000000000000000000e+00,0.000000000000000000e+00
8.505284408366033317e-05,7.937003940564056892e-01,7.937003940565419136e-01,7.937005230738602979e-01,1.259921259317068998e+00,1.259920633570432047e+00,9.999995093446534256e-01,0.000000000000000000e+00,0.000000000000000000e+00
8.515284408366034915e-05,7.937003932627039182e-01,7.937003932628412528e-01,7.937005230738602979e-01,1.259921260576992053e+00,1.259920631050587048e+00,9.999995063446506238e-01,0.000000000000000000e+00,0.000000000000000000e+00
8.525284408366036514e-05,7.937003924690023693e-01,7.937003924691409251e-01,7.937005230738601869e-01,1.259921261836915107e+00,1.259920628530742048e+00,9.999995033446483772e-01,0.000000000000000000e+00,0.000000000000000000e+00
8.535284408366038112e-05,7.937003916753010424e-01,7.937003916754404864e-01,7.937005230738601869e-01,1.259921263096837052e+00,1.259920626010897049e+00,9.999995003446451314e-01,0.000000000000000000e+00,0.000000000000000000e+00
8.545284408366039710e-05,7.937003908815992714e-01,7.937003908817399367e-01,7.937005230738602979e-01,1.259921264356760995e+00,1.259920623491052050e+00,9.999994973446421076e-01,0.000000000000000000e+00,0.000000000000000000e+00
8.555284408366041309e-05,7.937003900878975005e-01,7.937003900880393870e-01,7.937005230738602979e-01,1.259921265616684050e+00,1.259920620971205940e+00,9.999994943446393059e-01,0.000000000000000000e+00,0.000000000000000000e+00
8.565284408366042907e-05,7.937003892941957295e-01,7.937003892943388372e-01,7.937005230738598538e-01,1.259921266876607993e+00,1.259920618451360941e+00,9.999994913446356160e-01,0.000000000000000000e+00,0.000000000000000000e+00
8.575284408366044505e-05,7.937003885004940695e-01,7.937003885006381765e-01,7.937005230738591877e-01,1.259921268136531047e+00,1.259920615931515053e+00,9.999994883446318150e-01,0.000000000000000000e+00,0.000000000000000000e+00
8.585284408366046104e-05,7.937003877067924096e-01,7.937003877069372937e-01,7.937005230738589656e-01,1.259921269396454990e+00,1.259920613411670054e+00,9.999994853446285692e-01,0.000000000000000000e+00,0.000000000000000000e+00
8.595284408366047702e-05,7.937003869130908607e-01,7.937003869132367440e-01,7.937005230738590766e-01,1.259921270656378045e+00,1.259920610891825055e+00,9.999994823446253234e-01,0.000000000000000000e+00,0.000000000000000000e+00
8.605284408366049300e-05,7.937003861193893117e-01,7.937003861195360832e-01,7.937005230738590766e-01,1.259921271916301100e+00,1.259920608371980055e+00,9.999994793446222996e-01,0.000000000000000000e+00,0.000000000000000000e+00
8.615284408366050898e-05,7.937003853256877628e-01,7.937003853258355335e-01,7.937005230738589656e-01,1.259921273176223933e+00,1.259920605852135056e+00,9.999994763446194979e-01,0.000000000000000000e+00,0.000000000000000000e+00
8.625284408366052497e-05,7.937003845319859918e-01,7.937003845321350948e-01,7.937005230738589656e-01,1.259921274436146987e+00,1.259920603332290057e+00,9.999994733446169182e-01,0.000000000000000000e+00,0.000000000000000000e+00
8.635284408366054095e-05,7.937003837382843319e-01,7.937003837384342120e-01,7.937005230738589656e-01,1.259921275696070930e+00,1.259920600812445057e+00,9.999994703446140054e-01,0.000000000000000000e+00,0.000000000000000000e+00
8.645284408366055693e-05,7.937003829445831160e-01,7.937003829447335512e-01,7.937005230738590766e-01,1.259921276955993097e+00,1.259920598292600058e+00,9.999994673446106486e-01,0.000000000000000000e+00,0.000000000000000000e+00
8.655284408366057292e-05,7.937003821508813450e-01,7.937003821510330015e-01,7.937005230738590766e-01,1.259921278215917040e+00,1.259920595772755059e+00,9.999994643446079579e-01,0.000000000000000000e+00,0.000000000000000000e+00
8.665284408366058890e-05,7.937003813571797961e-01,7.937003813573325628e-01,7.937005230738590766e-01,1.259921279475840095e+00,1.259920593252910059e+00,9.999994613446044900e-01,0.000000000000000000e+00,0.000000000000000000e+00
8.675284408366060488e-05,7.937003805634783582e-01,7.937003805636320131e-01,7.937005230738590766e-01,1.259921280735762927e+00,1.259920590733065060e+00,9.999994583446014662e-01,0.000000000000000000e+00,0.000000000000000000e+00
8.685284408366062087e-05,7.937003797697768093e-01,7.937003797699314633e-01,7.937005230738590766e-01,1.259921281995685982e+00,1.259920588213220949e+00,9.999994553445986645e-01,0.000000000000000000e+00,0.000000000000000000e+00
8.695284408366063685e-05,7.937003789760750383e-01,7.937003789762309136e-01,7.937005230738590766e-01,1.259921283255609037e+00,1.259920585693375950e+00,9.999994523445957517e-01,0.000000000000000000e+00,0.000000000000000000e+00
8.705284408366065283e-05,7.937003781823733783e-01,7.937003781825301418e-01,7.937005230738590766e-01,1.259921284515532980e+00,1.259920583173530062e+00,9.999994493445932831e-01,0.000000000000000000e+00,0.000000000000000000e+00
8.715284408366066882e-05,7.937003773886718294e-01,7.937003773888293701e-01,7.937005230738589656e-01,1.259921285775456035e+00,1.259920580653685063e+00,9.999994463445898152e-01,0.000000000000000000e+00,0.000000000000000000e+00
8.725284408366068480e-05,7.937003765949705025e-01,7.937003765951289314e-01,7.937005230738589656e-01,1.259921287035379089e+00,1.259920578133840063e+00,9.999994433445872355e-01,0.000000000000000000e+00,0.000000000000000000e+00
8.735284408366070078e-05,7.937003758012687316e-01,7.937003758014281596e-01,7.937005230738589656e-01,1.259921288295301922e+00,1.259920575613995952e+00,9.999994403445841007e-01,0.000000000000000000e+00,0.000000000000000000e+00
8.745284408366071677e-05,7.937003750075672937e-01,7.937003750077277209e-01,7.937005230738590766e-01,1.259921289555224977e+00,1.259920573094150953e+00,9.999994373445817430e-01,0.000000000000000000e+00,0.000000000000000000e+00
8.755284408366073275e-05,7.937003742138658557e-01,7.937003742140272822e-01,7.937005230738590766e-01,1.259921290815148032e+00,1.259920570574305954e+00,9.999994343445787193e-01,0.000000000000000000e+00,0.000000000000000000e+00
8.765284408366074873e-05,7.937003734201640848e-01,7.937003734203265104e-01,7.937005230738590766e-01,1.259921292075071975e+00,1.259920568054462064e+00,9.999994313445766947e-01,0.000000000000000000e+00,0.000000000000000000e+00
8.775284408366076472e-05,7.937003726264623138e-01,7.937003726266259607e-01,7.937005230738590766e-01,1.259921293334995029e+00,1.259920565534617065e+00,9.999994283445737819e-01,0.000000000000000000e+00,0.000000000000000000e+00
8.785284408366078070e-05,7.937003718327605428e-01,7.937003718329252999e-01,7.937005230738589656e-01,1.259921294594918972e+00,1.259920563014770956e+00,9.999994253445704251e-01,0.000000000000000000e+00,0.000000000000000000e+00
8.795284408366079668e-05,7.937003710390587718e-01,7.937003710392246392e-01,7.937005230738589656e-01,1.259921295854842027e+00,1.259920560494925956e+00,9.999994223445678454e-01,0.000000000000000000e+00,0.000000000000000000e+00
8.800150000000000778e-05,7.937003706528757974e-01,7.937003706530419977e-01,7.937005230738587436e-01,1.259921296467870100e+00,1.259920559268870921e+00,9.999994208848885791e-01,8.999999999979076959e-01,0.000000000000000000e+00
8.800270282999675896e-05,7.937003706433291006e-01,7.937003728576420558e-01,7.937005230738589656e-01,1.259921296483023978e+00,1.259920559238562054e+00,9.999994208488039993e-01,1.621697998048619027e+00,0.000000000000000000e+00
8.800553962402346640e-05,7.937003706208134446e-01,7.937004083127644494e-01,7.937005230738587436e-01,1.259921296518764944e+00,1.259920559167079013e+00,9.999994207637000754e-01,3.000000000000000000e+00,0.000000000000000000e+00
8.802784408365974141e-05,7.937003704437836094e-01,7.937005158477781208e-01,7.937005230738592987e-01,1.259921296799783041e+00,1.259920558605041929e+00,9.999994200945653278e-01,3.000000000000000000e+00,0.000000000000000000e+00
8.812784408365975739e-05,7.937003696500831706e-01,7.937005229413892637e-01,7.937005230738597428e-01,1.259921298059704098e+00,1.259920556085200039e+00,9.999994170945621930e-01,3.000000000000000000e+00,0.000000000000000000e+00
8.822784408365977338e-05,7.937003688563822879e-01,7.937005229956615171e-01,7.937005230738608530e-01,1.259921299319626931e+00,1.259920553565357038e+00,9.999994140945615007e-01,3.000000000000000000e+00,0.000000000000000000e+00
8.832784408365978936e-05,7.937003680626815161e-01,7.937005229944777973e-01,7.937005230738612971e-01,1.259921300579547987e+00,1.259920551045514925e+00,9.999994110945609194e-01,3.000000000000000000e+00,0.000000000000000000e+00
8.842784408365980534e-05,7.937003672689807443e-01,7.937005229944917861e-01,7.937005230738619632e-01,1.259921301839469931e+00,1.259920548525671924e+00,9.999994080945608932e-01,3.000000000000000000e+00,0.000000000000000000e+00
8.852784408365982132e-05,7.937003664752799725e-01,7.937005229944917861e-01,7.937005230738619632e-01,1.259921303099392098e+00,1.259920546005830033e+00,9.999994050945613111e-01,3.000000000000000000e+00,0.000000000000000000e+00
8.862784408365983731e-05,7.937003656815795338e-01,7.937005229944918971e-01,7.937005230738620742e-01,1.259921304359314043e+00,1.259920543485987032e+00,9.999994020945612849e-01,3.000000000000000000e+00,0.000000000000000000e+00
8.872784408365985329e-05,7.937003648878789841e-01,7.937005229944925633e-01,7.937005230738628514e-01,1.259921305619235987e+00,1.259920540966146030e+00,9.999993990945615918e-01,3.000000000000000000e+00,0.000000000000000000e+00
8.880550000000000889e-05,7.937003642715231289e-01,7.937005229944927853e-01,7.937005230738627404e-01,1.259921306597640012e+00,1.259920539009339979e+00,9.999993967648844739e-01,2.700000000001375078e+00,0.000000000000000000e+00
8.880747798665366731e-05,7.937003642558234651e-01,7.937005229944928963e-01,7.937005230738627404e-01,1.259921306622562076e+00,1.259920538959498071e+00,9.999993967055453847e-01,1.513208007806325028e+00,0.000000000000000000e+00
8.881017987467447982e-05,7.937003642343790633e-01,7.937005229746890711e-01,7.937005230738631845e-01,1.259921306656601958e+00,1.259920538891414976e+00,9.999993966244892230e-01,0.000000000000000000e+00,0.000000000000000000e+00
8.882133210449179739e-05,7.937003641458636460e-01,7.937005228861730988e-01,7.937005230738626294e-01,1.259921306797112006e+00,1.259920538610395102e+00,9.999993962899214051e-01,0.000000000000000000e+00,0.000000000000000000e+00
8.891284408365807699e-05,7.937003634195315405e-01,7.937005221598411042e-01,7.937005230738628514e-01,1.259921307950091940e+00,1.259920536304437011e+00,9.999993935445624649e-01,0.000000000000000000e+00,0.000000000000000000e+00
8.901284408365809297e-05,7.937003626258302136e-01,7.937005213661403324e-01,7.937005230738624073e-01,1.259921309210016105e+00,1.259920533784592012e+00,9.999993905445621056e-01,0.000000000000000000e+00,0.000000000000000000e+00
8.911284408365810895e-05,7.937003618321286647e-01,7.937005205724393386e-01,7.937005230738616302e-01,1.259921310469938049e+00,1.259920531264747900e+00,9.999993875445613023e-01,0.000000000000000000e+00,0.000000000000000000e+00
8.921284408365812494e-05,7.937003610384275598e-01,7.937005197787383448e-01,7.937005230738610750e-01,1.259921311729861104e+00,1.259920528744904011e+00,9.999993845445598328e-01,0.000000000000000000e+00,0.000000000000000000e+00
8.931284408365814092e-05,7.937003602447260109e-01,7.937005189850375730e-01,7.937005230738608530e-01,1.259921312989783937e+00,1.259920526225059012e+00,9.999993815445576972e-01,0.000000000000000000e+00,0.000000000000000000e+00
8.941284408365815690e-05,7.937003594510249060e-01,7.937005181913365792e-01,7.937005230738604089e-01,1.259921314249706992e+00,1.259920523705214901e+00,9.999993785445563388e-01,0.000000000000000000e+00,0.000000000000000000e+00
8.951284408365817289e-05,7.937003586573234681e-01,7.937005173976355854e-01,7.937005230738604089e-01,1.259921315509630046e+00,1.259920521185371012e+00,9.999993755445547583e-01,0.000000000000000000e+00,0.000000000000000000e+00
8.961284408365818887e-05,7.937003578636219192e-01,7.937005166039347026e-01,7.937005230738602979e-01,1.259921316769553101e+00,1.259920518665526901e+00,9.999993725445527337e-01,0.000000000000000000e+00,0.000000000000000000e+00
8.971284408365820485e-05,7.937003570699204813e-01,7.937005158102341529e-01,7.937005230738602979e-01,1.259921318029475934e+00,1.259920516145681901e+00,9.999993695445508202e-01,0.000000000000000000e+00,0.000000000000000000e+00
8.981284408365822083e-05,7.937003562762192654e-01,7.937005150165333811e-01,7.937005230738602979e-01,1.259921319289398989e+00,1.259920513625838900e+00,9.999993665445489066e-01,0.000000000000000000e+00,0.000000000000000000e+00
8.991284408365823682e-05,7.937003554825180496e-01,7.937005142228324983e-01,7.937005230738604089e-01,1.259921320549320933e+00,1.259920511105995011e+00,9.999993635445466600e-01,0.000000000000000000e+00,0.000000000000000000e+00
9.000000000000000567e-05,7.937003547907599543e-01,7.937005135310747361e-01,7.937005230738602979e-01,1.259921321647418990e+00,1.259920508909800896e+00,9.999993609298672981e-01,0.000000000000000000e+00,0.000000000000000000e+00
9.000227490234375088e-05,7.937003547727041752e-01,7.937005135130187350e-01,7.937005230738602979e-01,1.259921321676080952e+00,1.259920508852476972e+00,9.999993608616203344e-01,0.000000000000000000e+00,1.364941406247129008e+00
9.000500000000000308e-05,7.937003874108287116e-01,7.937005134913905913e-01,7.937005234793740316e-01,1.259921269866266957e+00,1.259920510071232069e+00,9.999993607847771360e-01,0.000000000000000000e+00,2.999999999998447020e+00
9.001057611490907522e-05,7.937004415565487303e-01,7.937005134471329937e-01,7.937005268051562368e-01,1.259921183915269971e+00,1.259920520489477891e+00,9.999993607550506924e-01,0.000000000000000000e+00,3.000000000000000000e+00
9.008784408365974540e-05,7.937005145817614959e-01,7.937005128338568971e-01,7.937006062694259567e-01,1.259921067994957067e+00,1.259920772811248035e+00,9.999994090202501962e-01,0.000000000000000000e+00,3.000000000000000000e+00
9.018784408365976139e-05,7.937005120299401861e-01,7.937005120401560143e-01,7.937006458281301580e-01,1.259921072045721013e+00,1.259920922266863030e+00,9.999995606063138975e-01,0.000000000000000000e+00,3.000000000000000000e+00
9.028784408365977737e-05,7.937005112464945444e-01,7.937005112464552425e-01,7.937006412132910915e-01,1.259921073289363980e+00,1.259920974543538019e+00,9.999997111868798028e-01,0.000000000000000000e+00,3.000000000000000000e+00
9.038784408365979335e-05,7.937005104527542487e-01,7.937005104527543597e-01,7.937006171642608798e-01,1.259921074549348097e+00,1.259920991856753103e+00,9.999998165617686174e-01,0.000000000000000000e+00,3.000000000000000000e+00
9.048784408365980934e-05,7.937005096590534770e-01,7.937005096590535880e-01,7.937005893384599942e-01,1.259921075809268931e+00,1.259920996514755087e+00,9.999998782133989739e-01,0.000000000000000000e+00,3.000000000000000000e+00
9.058784408365982532e-05,7.937005088653528162e-01,7.937005088653528162e-01,7.937005657338063180e-01,1.259921077069191098e+00,1.259920996592670983e+00,9.999999101033720805e-01,0.000000000000000000e+00,3.000000000000000000e+00
9.068784408365984130e-05,7.937005080716518224e-01,7.937005080716519334e-01,7.937005487062770426e-01,1.259921078329111932e+00,1.259920995012991929e+00,9.999999247177451256e-01,0.000000000000000000e+00,3.000000000000000000e+00
9.078642204182993153e-05,7.937005072892375779e-01,7.937005072892376889e-01,7.937005377779035031e-01,1.259921079571117986e+00,1.259920992866391032e+00,9.999999301583255562e-01,0.000000000000000000e+00,3.000000000000000000e+00
9.080715885416666417e-05,7.937005071246495680e-01,7.937005071246493459e-01,7.937005360811926202e-01,1.259921079832384994e+00,1.259920992380954896e+00,9.999999306327527204e-01,0.000000000000000000e+00,1.704687500004846923e+00
9.080905189005529933e-05,7.937005071096251418e-01,7.937005071096244757e-01,7.937005359355691070e-01,1.259921079856235027e+00,1.259920992336232004e+00,9.999999306669886678e-01,0.000000000000000000e+00,5.688659668237550093e-01
9.081269812011709170e-05,7.937005070806846252e-01,7.937005070806835150e-01,7.937005356591583238e-01,1.259921079902174945e+00,1.259920992249927929e+00,9.999999307292156692e-01,0.000000000000000000e+00,0.000000000000000000e+00
9.087284408365806500e-05,7.937005066033043787e-01,7.937005066033037126e-01,7.937005317972095630e-01,1.259921080659968995e+00,1.259920990802579910e+00,9.999999311623477549e-01,0.000000000000000000e+00,0.000000000000000000e+00
9.097284408365808098e-05,7.937005058096027188e-01,7.937005058096029408e-01,7.937005276752324701e-01,1.259921081919892050e+00,1.259920988335007985e+00,9.999999301760343906e-01,0.000000000000000000e+00,0.000000000000000000e+00
9.107284408365809696e-05,7.937005050159009478e-01,7.937005050159023911e-01,7.937005254254496656e-01,1.259921083179815104e+00,1.259920985834096951e+00,9.999999280693047110e-01,0.000000000000000000e+00,0.000000000000000000e+00
9.117284408365811295e-05,7.937005042221991769e-01,7.937005042222016193e-01,7.937005242438890384e-01,1.259921084439737937e+00,1.259920983321104915e+00,9.999999254580674846e-01,0.000000000000000000e+00,0.000000000000000000e+00
9.127284408365812893e-05,7.937005034284972949e-01,7.937005034285007365e-01,7.937005236427622235e-01,1.259921085699660992e+00,1.259920980803739043e+00,9.999999226246450990e-01,0.000000000000000000e+00,0.000000000000000000e+00
9.137284408365814491e-05,7.937005026347954129e-01,7.937005026347998538e-01,7.937005233450100672e-01,1.259921086959584047e+00,1.259920978284791104e+00,9.999999196950875024e-01,0.000000000000000000e+00,0.000000000000000000e+00
9.147284408365816090e-05,7.937005018410937529e-01,7.937005018410989710e-01,7.937005232008570443e-01,1.259921088219507990e+00,1.259920975765270068e+00,9.999999167245408049e-01,0.000000000000000000e+00,0.000000000000000000e+00
9.157284408365817688e-05,7.937005010473919819e-01,7.937005010473981992e-01,7.937005231324307797e-01,1.259921089479431044e+00,1.259920973245540976e+00,9.999999137367350244e-01,0.000000000000000000e+00,0.000000000000000000e+00
9.167284408365819286e-05,7.937005002536902110e-01,7.937005002536976495e-01,7.937005231005052064e-01,1.259921090739354099e+00,1.259920970725737943e+00,9.999999107417396615e-01,0.000000000000000000e+00,0.000000000000000000e+00
9.177284408365820885e-05,7.937004994599884400e-01,7.937004994599966556e-01,7.937005230858338312e-01,1.259921091999276932e+00,1.259920968205906933e+00,9.999999077437764505e-01,0.000000000000000000e+00,0.000000000000000000e+00
9.187284408365822483e-05,7.937004986662866690e-01,7.937004986662957728e-01,7.937005230791814858e-01,1.259921093259199987e+00,1.259920965686067040e+00,9.999999047445985445e-01,0.000000000000000000e+00,0.000000000000000000e+00
9.197284408365824081e-05,7.937004978725848980e-01,7.937004978725950011e-01,7.937005230762012031e-01,1.259921094519123042e+00,1.259920963166222929e+00,9.999999017449269223e-01,0.000000000000000000e+00,0.000000000000000000e+00
9.207284408365825680e-05,7.937004970788831271e-01,7.937004970788943403e-01,7.937005230748803708e-01,1.259921095779046096e+00,1.259920960646377042e+00,9.999998987450553489e-01,0.000000000000000000e+00,0.000000000000000000e+00
9.217284408365827278e-05,7.937004962851813561e-01,7.937004962851934575e-01,7.937005230743005013e-01,1.259921097038968929e+00,1.259920958126532042e+00,9.999998957451040615e-01,0.000000000000000000e+00,0.000000000000000000e+00
9.227284408365828876e-05,7.937004954914795851e-01,7.937004954914929078e-01,7.937005230740487027e-01,1.259921098298891984e+00,1.259920955606685933e+00,9.999998927451203556e-01,0.000000000000000000e+00,0.000000000000000000e+00
9.237284408365830474e-05,7.937004946977778141e-01,7.937004946977918030e-01,7.937005230739399009e-01,1.259921099558815039e+00,1.259920953086840045e+00,9.999998897451239932e-01,0.000000000000000000e+00,0.000000000000000000e+00
9.247284408365832073e-05,7.937004939040760432e-01,7.937004939040909202e-01,7.937005230738931605e-01,1.259921100818738982e+00,1.259920950566993936e+00,9.999998867451225237e-01,0.000000000000000000e+00,0.000000000000000000e+00
9.257284408365833671e-05,7.937004931103742722e-01,7.937004931103901484e-01,7.937005230738733985e-01,1.259921102078662036e+00,1.259920948047148048e+00,9.999998837451198330e-01,0.000000000000000000e+00,0.000000000000000000e+00
9.267284408365835269e-05,7.937004923166725012e-01,7.937004923166892656e-01,7.937005230738654049e-01,1.259921103338585091e+00,1.259920945527301939e+00,9.999998807451158100e-01,0.000000000000000000e+00,0.000000000000000000e+00
9.277284408365836868e-05,7.937004915229707303e-01,7.937004915229883828e-01,7.937005230738618522e-01,1.259921104598507924e+00,1.259920943007456939e+00,9.999998777451116760e-01,0.000000000000000000e+00,0.000000000000000000e+00
9.287284408365838466e-05,7.937004907292687372e-01,7.937004907292879441e-01,7.937005230738605199e-01,1.259921105858432089e+00,1.259920940487609942e+00,9.999998747451072090e-01,0.000000000000000000e+00,0.000000000000000000e+00
9.297284408365840064e-05,7.937004899355670773e-01,7.937004899355871723e-01,7.937005230738602979e-01,1.259921107118354922e+00,1.259920937967764054e+00,9.999998717451032970e-01,0.000000000000000000e+00,0.000000000000000000e+00
9.307284408365841663e-05,7.937004891418653063e-01,7.937004891418862895e-01,7.937005230738602979e-01,1.259921108378277088e+00,1.259920935447919055e+00,9.999998687450984969e-01,0.000000000000000000e+00,0.000000000000000000e+00
9.317284408365843261e-05,7.937004883481635353e-01,7.937004883481855178e-01,7.937005230738600758e-01,1.259921109638201031e+00,1.259920932928072945e+00,9.999998657450938078e-01,0.000000000000000000e+00,0.000000000000000000e+00
9.327284408365844859e-05,7.937004875544617644e-01,7.937004875544846350e-01,7.937005230738594097e-01,1.259921110898124086e+00,1.259920930408225948e+00,9.999998627450895627e-01,0.000000000000000000e+00,0.000000000000000000e+00
9.337284408365846458e-05,7.937004867607598824e-01,7.937004867607836411e-01,7.937005230738590766e-01,1.259921112158048029e+00,1.259920927888380948e+00,9.999998597450849847e-01,0.000000000000000000e+00,0.000000000000000000e+00
9.347284408365848056e-05,7.937004859670581114e-01,7.937004859670829804e-01,7.937005230738589656e-01,1.259921113417969973e+00,1.259920925368535061e+00,9.999998567450805176e-01,0.000000000000000000e+00,0.000000000000000000e+00
9.357284408365849654e-05,7.937004851733564514e-01,7.937004851733822086e-01,7.937005230738590766e-01,1.259921114677893028e+00,1.259920922848690061e+00,9.999998537450760505e-01,0.000000000000000000e+00,0.000000000000000000e+00
9.367284408365851253e-05,7.937004843796546805e-01,7.937004843796812148e-01,7.937005230738590766e-01,1.259921115937816971e+00,1.259920920328843952e+00,9.999998507450719165e-01,0.000000000000000000e+00,0.000000000000000000e+00
9.377284408365852851e-05,7.937004835859529095e-01,7.937004835859804430e-01,7.937005230738590766e-01,1.259921117197740026e+00,1.259920917808996954e+00,9.999998477450677825e-01,0.000000000000000000e+00,0.000000000000000000e+00
9.387284408365854449e-05,7.937004827922510275e-01,7.937004827922796713e-01,7.937005230738590766e-01,1.259921118457663081e+00,1.259920915289151067e+00,9.999998447450633154e-01,0.000000000000000000e+00,0.000000000000000000e+00
9.397284408365856048e-05,7.937004819985492565e-01,7.937004819985787885e-01,7.937005230738590766e-01,1.259921119717585913e+00,1.259920912769304957e+00,9.999998417450589594e-01,0.000000000000000000e+00,0.000000000000000000e+00
9.407284408365857646e-05,7.937004812048475966e-01,7.937004812048780167e-01,7.937005230738590766e-01,1.259921120977508968e+00,1.259920910249459958e+00,9.999998387450544923e-01,0.000000000000000000e+00,0.000000000000000000e+00
9.417284408365859244e-05,7.937004804111457146e-01,7.937004804111773559e-01,7.937005230738588546e-01,1.259921122237432023e+00,1.259920907729612960e+00,9.999998357450501363e-01,0.000000000000000000e+00,0.000000000000000000e+00
9.427284408365860843e-05,7.937004796174439436e-01,7.937004796174765842e-01,7.937005230738588546e-01,1.259921123497355966e+00,1.259920905209767072e+00,9.999998327450452251e-01,0.000000000000000000e+00,0.000000000000000000e+00
9.437284408365862441e-05,7.937004788237420616e-01,7.937004788237755903e-01,7.937005230738589656e-01,1.259921124757279021e+00,1.259920902689920963e+00,9.999998297450403140e-01,0.000000000000000000e+00,0.000000000000000000e+00
9.447284408365864039e-05,7.937004780300404017e-01,7.937004780300747075e-01,7.937005230738590766e-01,1.259921126017202075e+00,1.259920900170075075e+00,9.999998267450359579e-01,0.000000000000000000e+00,0.000000000000000000e+00
9.457284408365865638e-05,7.937004772363386307e-01,7.937004772363742688e-01,7.937005230738589656e-01,1.259921127277124908e+00,1.259920897650228966e+00,9.999998237450317129e-01,0.000000000000000000e+00,0.000000000000000000e+00
9.467284408365867236e-05,7.937004764426368597e-01,7.937004764426731640e-01,7.937005230738589656e-01,1.259921128537047963e+00,1.259920895130383967e+00,9.999998207450272458e-01,0.000000000000000000e+00,0.000000000000000000e+00
9.477284408365868834e-05,7.937004756489350887e-01,7.937004756489723922e-01,7.937005230738589656e-01,1.259921129796971018e+00,1.259920892610538079e+00,9.999998177450228898e-01,0.000000000000000000e+00,0.000000000000000000e+00
9.487284408365870433e-05,7.937004748552332067e-01,7.937004748552716205e-01,7.937005230738589656e-01,1.259921131056894961e+00,1.259920890090691969e+00,9.999998147450186448e-01,0.000000000000000000e+00,0.000000000000000000e+00
9.497284408365872031e-05,7.937004740615315468e-01,7.937004740615706266e-01,7.937005230738589656e-01,1.259921132316818015e+00,1.259920887570846082e+00,9.999998117450145108e-01,0.000000000000000000e+00,0.000000000000000000e+00
9.507284408365873629e-05,7.937004732678297758e-01,7.937004732678697438e-01,7.937005230738589656e-01,1.259921133576741070e+00,1.259920885050999972e+00,9.999998087450103768e-01,0.000000000000000000e+00,0.000000000000000000e+00
9.517284408365875227e-05,7.937004724741280048e-01,7.937004724741689721e-01,7.937005230738589656e-01,1.259921134836663903e+00,1.259920882531154085e+00,9.999998057450059097e-01,0.000000000000000000e+00,0.000000000000000000e+00
9.527284408365876826e-05,7.937004716804262339e-01,7.937004716804682003e-01,7.937005230738589656e-01,1.259921136096588068e+00,1.259920880011307975e+00,9.999998027450016647e-01,0.000000000000000000e+00,0.000000000000000000e+00
9.537284408365878424e-05,7.937004708867244629e-01,7.937004708867676506e-01,7.937005230738589656e-01,1.259921137356510901e+00,1.259920877491462088e+00,9.999997997449968645e-01,0.000000000000000000e+00,0.000000000000000000e+00
9.547284408365880022e-05,7.937004700930226919e-01,7.937004700930668788e-01,7.937005230738589656e-01,1.259921138616433955e+00,1.259920874971615978e+00,9.999997967449926195e-01,0.000000000000000000e+00,0.000000000000000000e+00
9.557284408365881621e-05,7.937004692993209209e-01,7.937004692993659960e-01,7.937005230738589656e-01,1.259921139876357010e+00,1.259920872451770091e+00,9.999997937449883745e-01,0.000000000000000000e+00,0.000000000000000000e+00
9.567284408365883219e-05,7.937004685056190390e-01,7.937004685056654463e-01,7.937005230738590766e-01,1.259921141136280065e+00,1.259920869931925091e+00,9.999997907449841295e-01,0.000000000000000000e+00,0.000000000000000000e+00
9.577284408365884817e-05,7.937004677119171570e-01,7.937004677119646745e-01,7.937005230738589656e-01,1.259921142396204008e+00,1.259920867412078982e+00,9.999997877449796624e-01,0.000000000000000000e+00,0.000000000000000000e+00
9.587284408365886416e-05,7.937004669182154970e-01,7.937004669182640137e-01,7.937005230738589656e-01,1.259921143656127063e+00,1.259920864892231984e+00,9.999997847449758615e-01,0.000000000000000000e+00,0.000000000000000000e+00
9.597284408365888014e-05,7.937004661245137260e-01,7.937004661245632420e-01,7.937005230738589656e-01,1.259921144916049895e+00,1.259920862372386097e+00,9.999997817449713944e-01,0.000000000000000000e+00,0.000000000000000000e+00
9.607284408365889612e-05,7.937004653308119551e-01,7.937004653308625812e-01,7.937005230738589656e-01,1.259921146175972950e+00,1.259920859852539987e+00,9.999997787449668163e-01,0.000000000000000000e+00,0.000000000000000000e+00
9.617284408365891211e-05,7.937004645371101841e-01,7.937004645371616984e-01,7.937005230738590766e-01,1.259921147435896893e+00,1.259920857332694988e+00,9.999997757449629043e-01,0.000000000000000000e+00,0.000000000000000000e+00
9.627284408365892809e-05,7.937004637434084131e-01,7.937004637434610377e-01,7.937005230738589656e-01,1.259921148695819948e+00,1.259920854812849100e+00,9.999997727449585483e-01,0.000000000000000000e+00,0.000000000000000000e+00
9.637284408365894407e-05,7.937004629497066421e-01,7.937004629497603769e-01,7.937005230738589656e-01,1.259921149955743003e+00,1.259920852293002991e+00,9.999997697449536371e-01,0.000000000000000000e+00,0.000000000000000000e+00
9.647284408365896006e-05,7.937004621560048712e-01,7.937004621560594941e-01,7.937005230738590766e-01,1.259921151215666058e+00,1.259920849773157103e+00,9.999997667449496142e-01,0.000000000000000000e+00,0.000000000000000000e+00
9.657284408365897604e-05,7.937004613623031002e-01,7.937004613623586113e-01,7.937005230738589656e-01,1.259921152475588890e+00,1.259920847253310994e+00,9.999997637449453691e-01,0.000000000000000000e+00,0.000000000000000000e+00
9.667284408365899202e-05,7.937004605686013292e-01,7.937004605686580616e-01,7.937005230738589656e-01,1.259921153735513055e+00,1.259920844733465994e+00,9.999997607449409021e-01,0.000000000000000000e+00,0.000000000000000000e+00
9.677284408365900801e-05,7.937004597748995582e-01,7.937004597749572898e-01,7.937005230738590766e-01,1.259921154995436110e+00,1.259920842213620107e+00,9.999997577449368791e-01,0.000000000000000000e+00,0.000000000000000000e+00
9.687284408365902399e-05,7.937004589811977873e-01,7.937004589812564070e-01,7.937005230738589656e-01,1.259921156255358943e+00,1.259920839693773997e+00,9.999997547449329671e-01,0.000000000000000000e+00,0.000000000000000000e+00
9.697284408365903997e-05,7.937004581874960163e-01,7.937004581875555242e-01,7.937005230738589656e-01,1.259921157515281998e+00,1.259920837173928110e+00,9.999997517449286111e-01,0.000000000000000000e+00,0.000000000000000000e+00
9.707284408365905596e-05,7.937004573937942453e-01,7.937004573938547525e-01,7.937005230738588546e-01,1.259921158775205940e+00,1.259920834654083110e+00,9.999997487449243661e-01,0.000000000000000000e+00,0.000000000000000000e+00
9.717284408365907194e-05,7.937004566000923633e-01,7.937004566001538697e-01,7.937005230738588546e-01,1.259921160035128995e+00,1.259920832134237001e+00,9.999997457449203431e-01,0.000000000000000000e+00,0.000000000000000000e+00
9.727284408365908792e-05,7.937004558063904813e-01,7.937004558064533200e-01,7.937005230738589656e-01,1.259921161295052050e+00,1.259920829614390891e+00,9.999997427449157650e-01,0.000000000000000000e+00,0.000000000000000000e+00
9.737284408365910391e-05,7.937004550126887104e-01,7.937004550127527702e-01,7.937005230738589656e-01,1.259921162554975993e+00,1.259920827094543894e+00,9.999997397449118530e-01,0.000000000000000000e+00,0.000000000000000000e+00
9.747284408365911989e-05,7.937004542189869394e-01,7.937004542190521095e-01,7.937005230738589656e-01,1.259921163814899048e+00,1.259920824574698894e+00,9.999997367449074970e-01,0.000000000000000000e+00,0.000000000000000000e+00
9.757284408365913587e-05,7.937004534252852794e-01,7.937004534253516708e-01,7.937005230738589656e-01,1.259921165074822103e+00,1.259920822054853007e+00,9.999997337449032520e-01,0.000000000000000000e+00,0.000000000000000000e+00
9.767284408365915186e-05,7.937004526315835085e-01,7.937004526316508990e-01,7.937005230738590766e-01,1.259921166334746045e+00,1.259920819535006009e+00,9.999997307448987849e-01,0.000000000000000000e+00,0.000000000000000000e+00
9.777284408365916784e-05,7.937004518378816265e-01,7.937004518379501272e-01,7.937005230738589656e-01,1.259921167594669100e+00,1.259920817015161010e+00,9.999997277448945399e-01,0.000000000000000000e+00,0.000000000000000000e+00
9.787284408365918382e-05,7.937004510441798555e-01,7.937004510442494665e-01,7.937005230738589656e-01,1.259921168854591933e+00,1.259920814495314900e+00,9.999997247448902948e-01,0.000000000000000000e+00,0.000000000000000000e+00
9.797284408365919981e-05,7.937004502504781955e-01,7.937004502505488057e-01,7.937005230738590766e-01,1.259921170114514988e+00,1.259920811975469013e+00,9.999997217448862719e-01,0.000000000000000000e+00,0.000000000000000000e+00
9.807284408365921579e-05,7.937004494567764246e-01,7.937004494568481450e-01,7.937005230738589656e-01,1.259921171374438043e+00,1.259920809455624013e+00,9.999997187448820268e-01,0.000000000000000000e+00,0.000000000000000000e+00
9.817284408365923177e-05,7.937004486630746536e-01,7.937004486631471512e-01,7.937005230738589656e-01,1.259921172634361985e+00,1.259920806935777904e+00,9.999997157448777818e-01,0.000000000000000000e+00,0.000000000000000000e+00
9.827284408365924775e-05,7.937004478693729936e-01,7.937004478694462684e-01,7.937005230738589656e-01,1.259921173894285040e+00,1.259920804415932016e+00,9.999997127448737588e-01,0.000000000000000000e+00,0.000000000000000000e+00
9.837284408365926374e-05,7.937004470756713337e-01,7.937004470757453856e-01,7.937005230738590766e-01,1.259921175154208095e+00,1.259920801896087017e+00,9.999997097448699579e-01,0.000000000000000000e+00,0.000000000000000000e+00
9.847284408365927972e-05,7.937004462819695627e-01,7.937004462820443917e-01,7.937005230738589656e-01,1.259921176414130928e+00,1.259920799376240907e+00,9.999997067448659349e-01,0.000000000000000000e+00,0.000000000000000000e+00
9.857284408365929570e-05,7.937004454882681248e-01,7.937004454883438420e-01,7.937005230738590766e-01,1.259921177674053983e+00,1.259920796856395908e+00,9.999997037448621340e-01,0.000000000000000000e+00,0.000000000000000000e+00
9.867284408365931169e-05,7.937004446945666869e-01,7.937004446946430702e-01,7.937005230738590766e-01,1.259921178933975927e+00,1.259920794336550909e+00,9.999997007448580000e-01,0.000000000000000000e+00,0.000000000000000000e+00
9.877284408365932767e-05,7.937004439008649159e-01,7.937004439009421874e-01,7.937005230738590766e-01,1.259921180193900092e+00,1.259920791816705021e+00,9.999996977448549762e-01,0.000000000000000000e+00,0.000000000000000000e+00
9.887284408365934365e-05,7.937004431071633670e-01,7.937004431072413047e-01,7.937005230738590766e-01,1.259921181453822925e+00,1.259920789296860022e+00,9.999996947448517304e-01,0.000000000000000000e+00,0.000000000000000000e+00
9.897284408365935964e-05,7.937004423134619291e-01,7.937004423135404219e-01,7.937005230738590766e-01,1.259921182713745980e+00,1.259920786777015023e+00,9.999996917448482625e-01,0.000000000000000000e+00,0.000000000000000000e+00
9.907284408365937562e-05,7.937004415197600471e-01,7.937004415198399832e-01,7.937005230738590766e-01,1.259921183973669034e+00,1.259920784257168913e+00,9.999996887448446836e-01,0.000000000000000000e+00,0.000000000000000000e+00
9.917284408365939160e-05,7.937004407260583871e-01,7.937004407261393224e-01,7.937005230738590766e-01,1.259921185233592089e+00,1.259920781737323914e+00,9.999996857448406606e-01,0.000000000000000000e+00,0.000000000000000000e+00
9.927284408365940759e-05,7.937004399323566162e-01,7.937004399324385506e-01,7.937005230738590766e-01,1.259921186493516032e+00,1.259920779217478026e+00,9.999996827448371928e-01,0.000000000000000000e+00,0.000000000000000000e+00
9.937284408365942357e-05,7.937004391386548452e-01,7.937004391387377789e-01,7.937005230738590766e-01,1.259921187753439087e+00,1.259920776697633027e+00,9.999996797448339469e-01,0.000000000000000000e+00,0.000000000000000000e+00
9.947284408365943955e-05,7.937004383449530742e-01,7.937004383450372291e-01,7.937005230738589656e-01,1.259921189013361920e+00,1.259920774177786917e+00,9.999996767448303681e-01,0.000000000000000000e+00,0.000000000000000000e+00
9.957284408365945554e-05,7.937004375512511922e-01,7.937004375513365684e-01,7.937005230738590766e-01,1.259921190273286085e+00,1.259920771657941030e+00,9.999996737448255679e-01,0.000000000000000000e+00,0.000000000000000000e+00
9.967284408365947152e-05,7.937004367575496433e-01,7.937004367576357966e-01,7.937005230738589656e-01,1.259921191533208029e+00,1.259920769138094920e+00,9.999996707448221001e-01,0.000000000000000000e+00,0.000000000000000000e+00
9.977284408365948750e-05,7.937004359638478723e-01,7.937004359639352469e-01,7.937005230738590766e-01,1.259921192793131972e+00,1.259920766618249921e+00,9.999996677448180771e-01,0.000000000000000000e+00,0.000000000000000000e+00
9.987284408365950349e-05,7.937004351701462124e-01,7.937004351702344751e-01,7.937005230738590766e-01,1.259921194053055027e+00,1.259920764098404034e+00,9.999996647448138321e-01,0.000000000000000000e+00,0.000000000000000000e+00
9.997284408365951947e-05,7.937004343764445524e-01,7.937004343765337033e-01,7.937005230738590766e-01,1.259921195312978082e+00,1.259920761578559034e+00,9.999996617448105862e-01,0.000000000000000000e+00,0.000000000000000000e+00
1.000728440836594948e-04,7.937004335827433366e-01,7.937004335828329316e-01,7.937005230738590766e-01,1.259921196572900026e+00,1.259920759058714035e+00,9.999996587448068963e-01,0.000000000000000000e+00,0.000000000000000000e+00
1.001728440836596056e-04,7.937004327890418987e-01,7.937004327891320488e-01,7.937005230738594097e-01,1.259921197832823081e+00,1.259920756538869036e+00,9.999996557448036505e-01,0.000000000000000000e+00,0.000000000000000000e+00
1.002728440836595945e-04,7.937004319953404607e-01,7.937004319954311660e-01,7.937005230738600758e-01,1.259921199092745914e+00,1.259920754019024924e+00,9.999996527448004047e-01,0.000000000000000000e+00,0.000000000000000000e+00
1.003728440836595970e-04,7.937004312016386898e-01,7.937004312017303942e-01,7.937005230738605199e-01,1.259921200352668968e+00,1.259920751499179037e+00,9.999996497447977140e-01,0.000000000000000000e+00,0.000000000000000000e+00
1.004728440836595994e-04,7.937004304079369188e-01,7.937004304080299555e-01,7.937005230738602979e-01,1.259921201612592911e+00,1.259920748979334038e+00,9.999996467447944681e-01,0.000000000000000000e+00,0.000000000000000000e+00
1.005728440836596018e-04,7.937004296142352588e-01,7.937004296143290727e-01,7.937005230738602979e-01,1.259921202872515966e+00,1.259920746459489038e+00,9.999996437447910003e-01,0.000000000000000000e+00,0.000000000000000000e+00
1.006728440836596042e-04,7.937004288205334879e-01,7.937004288206281899e-01,7.937005230738596318e-01,1.259921204132439021e+00,1.259920743939644039e+00,9.999996407447873104e-01,0.000000000000000000e+00,0.000000000000000000e+00
1.007728440836596067e-04,7.937004280268319389e-01,7.937004280269276402e-01,7.937005230738589656e-01,1.259921205392362964e+00,1.259920741419797929e+00,9.999996377447839535e-01,0.000000000000000000e+00,0.000000000000000000e+00
1.008728440836597040e-04,7.937004272331305010e-01,7.937004272332270904e-01,7.937005230738590766e-01,1.259921206652284909e+00,1.259920738899952930e+00,9.999996347447803746e-01,0.000000000000000000e+00,0.000000000000000000e+00
1.009728440836597064e-04,7.937004264394286190e-01,7.937004264395265407e-01,7.937005230738589656e-01,1.259921207912209073e+00,1.259920736380107043e+00,9.999996317447776839e-01,0.000000000000000000e+00,0.000000000000000000e+00
1.010728440836596953e-04,7.937004256457270701e-01,7.937004256458257689e-01,7.937005230738590766e-01,1.259921209172131906e+00,1.259920733860262043e+00,9.999996287447738830e-01,0.000000000000000000e+00,0.000000000000000000e+00
1.011728440836596977e-04,7.937004248520252991e-01,7.937004248521254413e-01,7.937005230738589656e-01,1.259921210432054961e+00,1.259920731340417044e+00,9.999996257447711923e-01,0.000000000000000000e+00,0.000000000000000000e+00
1.012728440836597001e-04,7.937004240583236392e-01,7.937004240584250025e-01,7.937005230738589656e-01,1.259921211691978016e+00,1.259920728820572045e+00,9.999996227447671693e-01,0.000000000000000000e+00,0.000000000000000000e+00
1.013728440836597026e-04,7.937004232646220903e-01,7.937004232647242308e-01,7.937005230738590766e-01,1.259921212951901071e+00,1.259920726300725935e+00,9.999996197447638124e-01,0.000000000000000000e+00,0.000000000000000000e+00
1.014728440836597999e-04,7.937004224709206524e-01,7.937004224710236810e-01,7.937005230738590766e-01,1.259921214211823903e+00,1.259920723780880936e+00,9.999996167447599005e-01,0.000000000000000000e+00,0.000000000000000000e+00
1.015728440836598023e-04,7.937004216772189924e-01,7.937004216773229093e-01,7.937005230738590766e-01,1.259921215471746958e+00,1.259920721261035936e+00,9.999996137447566547e-01,0.000000000000000000e+00,0.000000000000000000e+00
1.016728440836598047e-04,7.937004208835173324e-01,7.937004208836224706e-01,7.937005230738590766e-01,1.259921216731670013e+00,1.259920718741190937e+00,9.999996107447531868e-01,0.000000000000000000e+00,0.000000000000000000e+00
1.017728440836597936e-04,7.937004200898157835e-01,7.937004200899219208e-01,7.937005230738589656e-01,1.259921217991593068e+00,1.259920716221345049e+00,9.999996077447496079e-01,0.000000000000000000e+00,0.000000000000000000e+00
1.018728440836597960e-04,7.937004192961143456e-01,7.937004192962211491e-01,7.937005230738590766e-01,1.259921219251515900e+00,1.259920713701500050e+00,9.999996047447466951e-01,0.000000000000000000e+00,0.000000000000000000e+00
1.019728440836597985e-04,7.937004185024126857e-01,7.937004185025203773e-01,7.937005230738590766e-01,1.259921220511438955e+00,1.259920711181655051e+00,9.999996017447433383e-01,0.000000000000000000e+00,0.000000000000000000e+00
1.020728440836598958e-04,7.937004177087109147e-01,7.937004177088197165e-01,7.937005230738590766e-01,1.259921221771362898e+00,1.259920708661808941e+00,9.999995987447400925e-01,0.000000000000000000e+00,0.000000000000000000e+00
1.021728440836598982e-04,7.937004169150092547e-01,7.937004169151191668e-01,7.937005230738589656e-01,1.259921223031285953e+00,1.259920706141963942e+00,9.999995957447365136e-01,0.000000000000000000e+00,0.000000000000000000e+00
1.022728440836599006e-04,7.937004161213081499e-01,7.937004161214186171e-01,7.937005230738591877e-01,1.259921224291207897e+00,1.259920703622118943e+00,9.999995927447336008e-01,0.000000000000000000e+00,0.000000000000000000e+00
1.023728440836599031e-04,7.937004153276066010e-01,7.937004153277179563e-01,7.937005230738596318e-01,1.259921225551130952e+00,1.259920701102275054e+00,9.999995897447305770e-01,0.000000000000000000e+00,0.000000000000000000e+00
1.024728440836599055e-04,7.937004145339052741e-01,7.937004145340174066e-01,7.937005230738597428e-01,1.259921226811054007e+00,1.259920698582430054e+00,9.999995867447275533e-01,0.000000000000000000e+00,0.000000000000000000e+00
1.025728440836598944e-04,7.937004137402035031e-01,7.937004137403170789e-01,7.937005230738600758e-01,1.259921228070977062e+00,1.259920696062585055e+00,9.999995837447249736e-01,0.000000000000000000e+00,0.000000000000000000e+00
1.026728440836600052e-04,7.937004129465018432e-01,7.937004129466166402e-01,7.937005230738600758e-01,1.259921229330901005e+00,1.259920693542740056e+00,9.999995807447218388e-01,0.000000000000000000e+00,0.000000000000000000e+00
1.027728440836599941e-04,7.937004121528005163e-01,7.937004121529158684e-01,7.937005230738600758e-01,1.259921230590822949e+00,1.259920691022895944e+00,9.999995777447187040e-01,0.000000000000000000e+00,0.000000000000000000e+00
1.028728440836599965e-04,7.937004113590988563e-01,7.937004113592153187e-01,7.937005230738600758e-01,1.259921231850746004e+00,1.259920688503050057e+00,9.999995747447159022e-01,0.000000000000000000e+00,0.000000000000000000e+00
1.029728440836599990e-04,7.937004105653970853e-01,7.937004105655146580e-01,7.937005230738600758e-01,1.259921233110669947e+00,1.259920685983205058e+00,9.999995717447131005e-01,0.000000000000000000e+00,0.000000000000000000e+00
1.030728440836600014e-04,7.937004097716953144e-01,7.937004097718141082e-01,7.937005230738600758e-01,1.259921234370593002e+00,1.259920683463360058e+00,9.999995687447096326e-01,0.000000000000000000e+00,0.000000000000000000e+00
1.031728440836600038e-04,7.937004089779934324e-01,7.937004089781136695e-01,7.937005230738599648e-01,1.259921235630516945e+00,1.259920680943513949e+00,9.999995657447062758e-01,0.000000000000000000e+00,0.000000000000000000e+00
1.032728440836600063e-04,7.937004081842917724e-01,7.937004081844128978e-01,7.937005230738597428e-01,1.259921236890439999e+00,1.259920678423668949e+00,9.999995627447032520e-01,0.000000000000000000e+00,0.000000000000000000e+00
1.033728440836601036e-04,7.937004073905901125e-01,7.937004073907124591e-01,7.937005230738595207e-01,1.259921238150363054e+00,1.259920675903823950e+00,9.999995597446990070e-01,0.000000000000000000e+00,0.000000000000000000e+00
1.034728440836601060e-04,7.937004065968883415e-01,7.937004065970119093e-01,7.937005230738596318e-01,1.259921239410286109e+00,1.259920673383976952e+00,9.999995567446955391e-01,0.000000000000000000e+00,0.000000000000000000e+00
1.035728440836600949e-04,7.937004058031871256e-01,7.937004058033110265e-01,7.937005230738596318e-01,1.259921240670208942e+00,1.259920670864131953e+00,9.999995537446920713e-01,0.000000000000000000e+00,0.000000000000000000e+00
1.036728440836600973e-04,7.937004050094856877e-01,7.937004050096103658e-01,7.937005230738596318e-01,1.259921241930131997e+00,1.259920668344286954e+00,9.999995507446884924e-01,0.000000000000000000e+00,0.000000000000000000e+00
1.037728440836600997e-04,7.937004042157845829e-01,7.937004042159099271e-01,7.937005230738600758e-01,1.259921243190053941e+00,1.259920665824443065e+00,9.999995477446853576e-01,0.000000000000000000e+00,0.000000000000000000e+00
1.038728440836601022e-04,7.937004034220830340e-01,7.937004034222090443e-01,7.937005230738605199e-01,1.259921244449976996e+00,1.259920663304598953e+00,9.999995447446833330e-01,0.000000000000000000e+00,0.000000000000000000e+00
1.039728440836601995e-04,7.937004026283817071e-01,7.937004026285084946e-01,7.937005230738605199e-01,1.259921245709900051e+00,1.259920660784753954e+00,9.999995417446808643e-01,0.000000000000000000e+00,0.000000000000000000e+00
1.040728440836602019e-04,7.937004018346801582e-01,7.937004018348079448e-01,7.937005230738605199e-01,1.259921246969823105e+00,1.259920658264910065e+00,9.999995387446783957e-01,0.000000000000000000e+00,0.000000000000000000e+00
1.041728440836602043e-04,7.937004010409784982e-01,7.937004010411075061e-01,7.937005230738602979e-01,1.259921248229745938e+00,1.259920655745065066e+00,9.999995357446761490e-01,0.000000000000000000e+00,0.000000000000000000e+00
1.042728440836602067e-04,7.937004002472771713e-01,7.937004002474067343e-01,7.937005230738602979e-01,1.259921249489668993e+00,1.259920653225220066e+00,9.999995327446734583e-01,0.000000000000000000e+00,0.000000000000000000e+00
1.043728440836601956e-04,7.937003994535754003e-01,7.937003994537062956e-01,7.937005230738602979e-01,1.259921250749592936e+00,1.259920650705375955e+00,9.999995297446704345e-01,0.000000000000000000e+00,0.000000000000000000e+00
1.044728440836601981e-04,7.937003986598737404e-01,7.937003986600058569e-01,7.937005230738602979e-01,1.259921252009515991e+00,1.259920648185530068e+00,9.999995267446680769e-01,0.000000000000000000e+00,0.000000000000000000e+00
1.045728440836602954e-04,7.937003978661725245e-01,7.937003978663050852e-01,7.937005230738602979e-01,1.259921253269437935e+00,1.259920645665685068e+00,9.999995237446651641e-01,0.000000000000000000e+00,0.000000000000000000e+00
1.046728440836602978e-04,7.937003970724714197e-01,7.937003970726045354e-01,7.937005230738604089e-01,1.259921254529360990e+00,1.259920643145840957e+00,9.999995207446619183e-01,0.000000000000000000e+00,0.000000000000000000e+00
1.047728440836603002e-04,7.937003962787699818e-01,7.937003962789038747e-01,7.937005230738602979e-01,1.259921255789284045e+00,1.259920640625997068e+00,9.999995177446597827e-01,0.000000000000000000e+00,0.000000000000000000e+00
1.048728440836603026e-04,7.937003954850684329e-01,7.937003954852032139e-01,7.937005230738602979e-01,1.259921257049207099e+00,1.259920638106152957e+00,9.999995147446573140e-01,0.000000000000000000e+00,0.000000000000000000e+00
1.049728440836603051e-04,7.937003946913671060e-01,7.937003946915025532e-01,7.937005230738602979e-01,1.259921258309129044e+00,1.259920635586307958e+00,9.999995117446548454e-01,0.000000000000000000e+00,0.000000000000000000e+00
1.050728440836602940e-04,7.937003938976653350e-01,7.937003938978017814e-01,7.937005230738602979e-01,1.259921259569052987e+00,1.259920633066464069e+00,9.999995087446530428e-01,0.000000000000000000e+00,0.000000000000000000e+00
1.051728440836604048e-04,7.937003931039636750e-01,7.937003931041011207e-01,7.937005230738602979e-01,1.259921260828976042e+00,1.259920630546617959e+00,9.999995057446502411e-01,0.000000000000000000e+00,0.000000000000000000e+00
1.052728440836603937e-04,7.937003923102620151e-01,7.937003923104007930e-01,7.937005230738601869e-01,1.259921262088899985e+00,1.259920628026772960e+00,9.999995027446476614e-01,0.000000000000000000e+00,0.000000000000000000e+00
1.053728440836603961e-04,7.937003915165606882e-01,7.937003915167003543e-01,7.937005230738602979e-01,1.259921263348821929e+00,1.259920625506927960e+00,9.999994997446444156e-01,0.000000000000000000e+00,0.000000000000000000e+00
1.054728440836603985e-04,7.937003907228589172e-01,7.937003907229998045e-01,7.937005230738602979e-01,1.259921264608746094e+00,1.259920622987082961e+00,9.999994967446416139e-01,0.000000000000000000e+00,0.000000000000000000e+00
1.055728440836604010e-04,7.937003899291571463e-01,7.937003899292992548e-01,7.937005230738602979e-01,1.259921265868668927e+00,1.259920620467237073e+00,9.999994937446387011e-01,0.000000000000000000e+00,0.000000000000000000e+00
1.056728440836604034e-04,7.937003891354553753e-01,7.937003891355987051e-01,7.937005230738596318e-01,1.259921267128593092e+00,1.259920617947392074e+00,9.999994907446349002e-01,0.000000000000000000e+00,0.000000000000000000e+00
1.057728440836604058e-04,7.937003883417537153e-01,7.937003883418979333e-01,7.937005230738590766e-01,1.259921268388515925e+00,1.259920615427545965e+00,9.999994877446312103e-01,0.000000000000000000e+00,0.000000000000000000e+00
1.058728440836605031e-04,7.937003875480520554e-01,7.937003875481971615e-01,7.937005230738589656e-01,1.259921269648438980e+00,1.259920612907700965e+00,9.999994847446278534e-01,0.000000000000000000e+00,0.000000000000000000e+00
1.059728440836605056e-04,7.937003867543506175e-01,7.937003867544967228e-01,7.937005230738590766e-01,1.259921270908362034e+00,1.259920610387855966e+00,9.999994817446248296e-01,0.000000000000000000e+00,0.000000000000000000e+00
1.060728440836604944e-04,7.937003859606490686e-01,7.937003859607959511e-01,7.937005230738589656e-01,1.259921272168285089e+00,1.259920607868010967e+00,9.999994787446218059e-01,0.000000000000000000e+00,0.000000000000000000e+00
1.061728440836604969e-04,7.937003851669474086e-01,7.937003851670955124e-01,7.937005230738590766e-01,1.259921273428209032e+00,1.259920605348165967e+00,9.999994757446190041e-01,0.000000000000000000e+00,0.000000000000000000e+00
1.062728440836604993e-04,7.937003843732456376e-01,7.937003843733950736e-01,7.937005230738590766e-01,1.259921274688132087e+00,1.259920602828320968e+00,9.999994727446163134e-01,0.000000000000000000e+00,0.000000000000000000e+00
1.063728440836605017e-04,7.937003835795440887e-01,7.937003835796941908e-01,7.937005230738590766e-01,1.259921275948054920e+00,1.259920600308475969e+00,9.999994697446132896e-01,0.000000000000000000e+00,0.000000000000000000e+00
1.064728440836605990e-04,7.937003827858427618e-01,7.937003827859934191e-01,7.937005230738590766e-01,1.259921277207977974e+00,1.259920597788630969e+00,9.999994667446102659e-01,0.000000000000000000e+00,0.000000000000000000e+00
1.065728440836606015e-04,7.937003819921411019e-01,7.937003819922928693e-01,7.937005230738590766e-01,1.259921278467901029e+00,1.259920595268785970e+00,9.999994637446073531e-01,0.000000000000000000e+00,0.000000000000000000e+00
1.066728440836606039e-04,7.937003811984394419e-01,7.937003811985924306e-01,7.937005230738589656e-01,1.259921279727824972e+00,1.259920592748940971e+00,9.999994607446038852e-01,0.000000000000000000e+00,0.000000000000000000e+00
1.067728440836606063e-04,7.937003804047381150e-01,7.937003804048919919e-01,7.937005230738590766e-01,1.259921280987746917e+00,1.259920590229095971e+00,9.999994577446007504e-01,0.000000000000000000e+00,0.000000000000000000e+00
1.068728440836605952e-04,7.937003796110364551e-01,7.937003796111913312e-01,7.937005230738590766e-01,1.259921282247671082e+00,1.259920587709252082e+00,9.999994547445981707e-01,0.000000000000000000e+00,0.000000000000000000e+00
1.069728440836605976e-04,7.937003788173346841e-01,7.937003788174906704e-01,7.937005230738590766e-01,1.259921283507593914e+00,1.259920585189407083e+00,9.999994517445953690e-01,0.000000000000000000e+00,0.000000000000000000e+00
1.070728440836606949e-04,7.937003780236330241e-01,7.937003780237898987e-01,7.937005230738590766e-01,1.259921284767516969e+00,1.259920582669560973e+00,9.999994487445926783e-01,0.000000000000000000e+00,0.000000000000000000e+00
1.071728440836606974e-04,7.937003772299315862e-01,7.937003772300892379e-01,7.937005230738590766e-01,1.259921286027440024e+00,1.259920580149715974e+00,9.999994457445892104e-01,0.000000000000000000e+00,0.000000000000000000e+00
1.072728440836606998e-04,7.937003764362301483e-01,7.937003764363887992e-01,7.937005230738589656e-01,1.259921287287363079e+00,1.259920577629870975e+00,9.999994427445866307e-01,0.000000000000000000e+00,0.000000000000000000e+00
1.073728440836607022e-04,7.937003756425284884e-01,7.937003756426880274e-01,7.937005230738589656e-01,1.259921288547287022e+00,1.259920575110025975e+00,9.999994397445836070e-01,0.000000000000000000e+00,0.000000000000000000e+00
1.074728440836607047e-04,7.937003748488270505e-01,7.937003748489875887e-01,7.937005230738590766e-01,1.259921289807210076e+00,1.259920572590182086e+00,9.999994367445811383e-01,0.000000000000000000e+00,0.000000000000000000e+00
1.075728440836606935e-04,7.937003740551255015e-01,7.937003740552870390e-01,7.937005230738590766e-01,1.259921291067132909e+00,1.259920570070337975e+00,9.999994337445783366e-01,0.000000000000000000e+00,0.000000000000000000e+00
1.076728440836608044e-04,7.937003732614237306e-01,7.937003732615863782e-01,7.937005230738590766e-01,1.259921292327057074e+00,1.259920567550492976e+00,9.999994307445759789e-01,0.000000000000000000e+00,0.000000000000000000e+00
1.077728440836607933e-04,7.937003724677219596e-01,7.937003724678859395e-01,7.937005230738590766e-01,1.259921293586979907e+00,1.259920565030647088e+00,9.999994277445731772e-01,0.000000000000000000e+00,0.000000000000000000e+00
1.078728440836607957e-04,7.937003716740201886e-01,7.937003716741850567e-01,7.937005230738589656e-01,1.259921294846902962e+00,1.259920562510802089e+00,9.999994247445699314e-01,0.000000000000000000e+00,0.000000000000000000e+00
1.079728440836607981e-04,7.937003708803185287e-01,7.937003708804845070e-01,7.937005230738589656e-01,1.259921296106826905e+00,1.259920559990957090e+00,9.999994217445672406e-01,0.000000000000000000e+00,0.000000000000000000e+00
1.080017395833332946e-04,7.937003706509742074e-01,7.937003706511405188e-01,7.937005230738587436e-01,1.259921296470887908e+00,1.259920559262833972e+00,9.999994208777009952e-01,1.043750000003559109e+00,0.000000000000000000e+00
1.080031525166830013e-04,7.937003706397600666e-01,7.937003785254792554e-01,7.937005230738589656e-01,1.259921296488689890e+00,1.259920559227230008e+00,9.999994208353133462e-01,1.891510009778833989e+00,0.000000000000000000e+00
1.080062591227214038e-04,7.937003706151027904e-01,7.937004162688251485e-01,7.937005230738587436e-01,1.259921296527831025e+00,1.259920559148949071e+00,9.999994207421151193e-01,3.000000000000000000e+00,0.000000000000000000e+00
1.080478440836597022e-04,7.937003702850436992e-01,7.937005289515042250e-01,7.937005230738592987e-01,1.259921297051767031e+00,1.259920558101073951e+00,9.999994194945643899e-01,3.000000000000000000e+00,0.000000000000000000e+00
1.081478440836597995e-04,7.937003694913429275e-01,7.937005229175092547e-01,7.937005230738599648e-01,1.259921298311688975e+00,1.259920555581230950e+00,9.999994164945618103e-01,3.000000000000000000e+00,0.000000000000000000e+00
1.082478440836598019e-04,7.937003686976420447e-01,7.937005229952172058e-01,7.937005230738609640e-01,1.259921299571610920e+00,1.259920553061389059e+00,9.999994134945612290e-01,3.000000000000000000e+00,0.000000000000000000e+00
1.083478440836598044e-04,7.937003679039413839e-01,7.937005229944855689e-01,7.937005230738615191e-01,1.259921300831533086e+00,1.259920550541546058e+00,9.999994104945609807e-01,3.000000000000000000e+00,0.000000000000000000e+00
1.084478440836597932e-04,7.937003671102407232e-01,7.937005229944916751e-01,7.937005230738619632e-01,1.259921302091455031e+00,1.259920548021703945e+00,9.999994074945609546e-01,3.000000000000000000e+00,0.000000000000000000e+00
1.085478440836597957e-04,7.937003663165398404e-01,7.937005229944917861e-01,7.937005230738619632e-01,1.259921303351376975e+00,1.259920545501860945e+00,9.999994044945613725e-01,3.000000000000000000e+00,0.000000000000000000e+00
1.086478440836597981e-04,7.937003655228395127e-01,7.937005229944920082e-01,7.937005230738621853e-01,1.259921304611298032e+00,1.259920542982019054e+00,9.999994014945613463e-01,3.000000000000000000e+00,0.000000000000000000e+00
1.087478440836598954e-04,7.937003647291387409e-01,7.937005229944926743e-01,7.937005230738628514e-01,1.259921305871219976e+00,1.259920540462178051e+00,9.999993984945615422e-01,3.000000000000000000e+00,0.000000000000000000e+00
1.088064999999999958e-04,7.937003642635859224e-01,7.937005229944928963e-01,7.937005230738627404e-01,1.259921306610239045e+00,1.259920538984141025e+00,9.999993967348845825e-01,2.100000000000060041e+00,0.000000000000000000e+00
1.088077028299968012e-04,7.937003642540390036e-01,7.937005229933230543e-01,7.937005230738628514e-01,1.259921306625394033e+00,1.259920538953831937e+00,9.999993966988003358e-01,1.378302001949349043e+00,0.000000000000000000e+00
1.088105396240234002e-04,7.937003642315236807e-01,7.937005229718336885e-01,7.937005230738630734e-01,1.259921306661134999e+00,1.259920538882350005e+00,9.999993966136965229e-01,0.000000000000000000e+00,0.000000000000000000e+00
1.088328440836581031e-04,7.937003640544928462e-01,7.937005227948021879e-01,7.937005230738628514e-01,1.259921306942153985e+00,1.259920538320310923e+00,9.999993959445619973e-01,0.000000000000000000e+00,0.000000000000000000e+00
1.089328440836581055e-04,7.937003632607912973e-01,7.937005220011009721e-01,7.937005230738628514e-01,1.259921308202077039e+00,1.259920535800467922e+00,9.999993929445625263e-01,0.000000000000000000e+00,0.000000000000000000e+00
1.090328440836580944e-04,7.937003624670899704e-01,7.937005212074000893e-01,7.937005230738622963e-01,1.259921309462000094e+00,1.259920533280624033e+00,9.999993899445619450e-01,0.000000000000000000e+00,0.000000000000000000e+00
1.091328440836580968e-04,7.937003616733884215e-01,7.937005204136990955e-01,7.937005230738615191e-01,1.259921310721922927e+00,1.259920530760779034e+00,9.999993869445609196e-01,0.000000000000000000e+00,0.000000000000000000e+00
1.092328440836580993e-04,7.937003608796872056e-01,7.937005196199981016e-01,7.937005230738610750e-01,1.259921311981845982e+00,1.259920528240934923e+00,9.999993839445593391e-01,0.000000000000000000e+00,0.000000000000000000e+00
1.093328440836581017e-04,7.937003600859857677e-01,7.937005188262974409e-01,7.937005230738606310e-01,1.259921313241769036e+00,1.259920525721091034e+00,9.999993809445574255e-01,0.000000000000000000e+00,0.000000000000000000e+00
1.094328440836581990e-04,7.937003592922845518e-01,7.937005180325964471e-01,7.937005230738604089e-01,1.259921314501692091e+00,1.259920523201246034e+00,9.999993779445560671e-01,0.000000000000000000e+00,0.000000000000000000e+00
1.095328440836582014e-04,7.937003584985832250e-01,7.937005172388954533e-01,7.937005230738604089e-01,1.259921315761614036e+00,1.259920520681403033e+00,9.999993749445544866e-01,0.000000000000000000e+00,0.000000000000000000e+00
1.096328440836582039e-04,7.937003577048815650e-01,7.937005164451945705e-01,7.937005230738602979e-01,1.259921317021537979e+00,1.259920518161558034e+00,9.999993719445524620e-01,0.000000000000000000e+00,0.000000000000000000e+00
1.097328440836582063e-04,7.937003569111802381e-01,7.937005156514939097e-01,7.937005230738602979e-01,1.259921318281461033e+00,1.259920515641713035e+00,9.999993689445504375e-01,0.000000000000000000e+00,0.000000000000000000e+00
1.098328440836581952e-04,7.937003561174789112e-01,7.937005148577931379e-01,7.937005230738602979e-01,1.259921319541382978e+00,1.259920513121870034e+00,9.999993659445484129e-01,0.000000000000000000e+00,0.000000000000000000e+00
1.099328440836581976e-04,7.937003553237776954e-01,7.937005140640922551e-01,7.937005230738604089e-01,1.259921320801306033e+00,1.259920510602025923e+00,9.999993629445461663e-01,0.000000000000000000e+00,0.000000000000000000e+00
1.100004999999999982e-04,7.937003547867913511e-01,7.937005135271061329e-01,7.937005230738605199e-01,1.259921321653719062e+00,1.259920508897202085e+00,9.999993609148674079e-01,0.000000000000000000e+00,2.999999999965919928e-01
1.100024779866536024e-04,7.937003547710924645e-01,7.937005135114068022e-01,7.937005230738606310e-01,1.259921321678640016e+00,1.259920508847359955e+00,9.999993608555279856e-01,0.000000000000000000e+00,1.486791992183511102e+00
1.100051798746744963e-04,7.937003896371986889e-01,7.937005134899628445e-01,7.937005235412870618e-01,1.259921266332123979e+00,1.259920510263260907e+00,9.999993607804505968e-01,0.000000000000000000e+00,3.000000000000000000e+00
1.100163321044925999e-04,7.937004744557297764e-01,7.937005134014478713e-01,7.937005322663794882e-01,1.259921131691065010e+00,1.259920537683520969e+00,9.999993610833762814e-01,0.000000000000000000e+00,3.000000000000000000e+00
1.101078440836597062e-04,7.937005130152702259e-01,7.937005126751167650e-01,7.937006194554702132e-01,1.259921070481607064e+00,1.259920816412690936e+00,9.999994347245524384e-01,0.000000000000000000e+00,3.000000000000000000e+00
1.102078440836598035e-04,7.937005118809967730e-01,7.937005118814158822e-01,7.937006474834904513e-01,1.259921072282154109e+00,1.259920937556618048e+00,9.999995932308604063e-01,0.000000000000000000e+00,3.000000000000000000e+00
1.103078440836598059e-04,7.937005110877005665e-01,7.937005110877149994e-01,7.937006373403165949e-01,1.259921073541433012e+00,1.259920979756889103e+00,9.999997362175210291e-01,0.000000000000000000e+00,3.000000000000000000e+00
1.104078440836597948e-04,7.937005102940143386e-01,7.937005102940142276e-01,7.937006115427149844e-01,1.259921074801332086e+00,1.259920993421951962e+00,9.999998319848787398e-01,0.000000000000000000e+00,3.000000000000000000e+00
1.105078440836597972e-04,7.937005095003133448e-01,7.937005095003134558e-01,7.937005841408162343e-01,1.259921076061254031e+00,1.259920996759646084e+00,9.999998865139223536e-01,0.000000000000000000e+00,3.000000000000000000e+00
1.106078440836597997e-04,7.937005087066125730e-01,7.937005087066126841e-01,7.937005617944173919e-01,1.259921077321175087e+00,1.259920996359725098e+00,9.999999140858367719e-01,0.000000000000000000e+00,3.000000000000000000e+00
1.107078440836598021e-04,7.937005079129116902e-01,7.937005079129116902e-01,7.937005460633106413e-01,1.259921078581095921e+00,1.259920994607109934e+00,9.999999263552623585e-01,0.000000000000000000e+00,3.000000000000000000e+00
1.108049999999999937e-04,7.937005071417841950e-01,7.937005071417841950e-01,7.937005362489480964e-01,1.259921079805184974e+00,1.259920992431895037e+00,9.999999305921646320e-01,0.000000000000000000e+00,2.999999999997966960e+00
1.108072749023436982e-04,7.937005071237285270e-01,7.937005071237280829e-01,7.937005360722239056e-01,1.259921079833846935e+00,1.259920992378215088e+00,9.999999306348897887e-01,0.000000000000000000e+00,1.635058593758969891e+00
1.108100000000000046e-04,7.937005071021000502e-01,7.937005071020993840e-01,7.937005358631781249e-01,1.259921079868179916e+00,1.259920992313811050e+00,9.999999306836391266e-01,0.000000000000000000e+00,0.000000000000000000e+00
1.108155761149086973e-04,7.937005070578415644e-01,7.937005070578406762e-01,7.937005354446998728e-01,1.259921079938435939e+00,1.259920992181668087e+00,9.999999307749832811e-01,0.000000000000000000e+00,0.000000000000000000e+00
1.108928440836580935e-04,7.937005064445641356e-01,7.937005064445634694e-01,7.937005307712938773e-01,1.259921080911952984e+00,1.259920990313661893e+00,9.999999311030040028e-01,0.000000000000000000e+00,0.000000000000000000e+00
1.109928440836580960e-04,7.937005056508623646e-01,7.937005056508628087e-01,7.937005271066507328e-01,1.259921082171876039e+00,1.259920987836496975e+00,9.999999298176760476e-01,0.000000000000000000e+00,0.000000000000000000e+00
1.110928440836580984e-04,7.937005048571605936e-01,7.937005048571622590e-01,7.937005251231418201e-01,1.259921083431799982e+00,1.259920985332104060e+00,9.999999275750767191e-01,0.000000000000000000e+00,0.000000000000000000e+00
1.111928440836581008e-04,7.937005040634588227e-01,7.937005040634613762e-01,7.937005240885137702e-01,1.259921084691721926e+00,1.259920982817851032e+00,9.999999249036065629e-01,0.000000000000000000e+00,0.000000000000000000e+00
1.112928440836581033e-04,7.937005032697568296e-01,7.937005032697604934e-01,7.937005235651386492e-01,1.259921085951646091e+00,1.259920980300029081e+00,9.999999220439811376e-01,0.000000000000000000e+00,0.000000000000000000e+00
1.113928440836581057e-04,7.937005024760551697e-01,7.937005024760597216e-01,7.937005233071533494e-01,1.259921087211568924e+00,1.259920977780915052e+00,9.999999191032008516e-01,0.000000000000000000e+00,0.000000000000000000e+00
1.114928440836582030e-04,7.937005016823533987e-01,7.937005016823589498e-01,7.937005231827733986e-01,1.259921088471491979e+00,1.259920975261334064e+00,9.999999161279099491e-01,0.000000000000000000e+00,0.000000000000000000e+00
1.115928440836582054e-04,7.937005008886516277e-01,7.937005008886581781e-01,7.937005231239467884e-01,1.259921089731415034e+00,1.259920972741584100e+00,9.999999131381217543e-01,0.000000000000000000e+00,0.000000000000000000e+00
1.116928440836581943e-04,7.937005000949498568e-01,7.937005000949575173e-01,7.937005230965875624e-01,1.259921090991338088e+00,1.259920970221773073e+00,9.999999101423057146e-01,0.000000000000000000e+00,0.000000000000000000e+00
1.117928440836581967e-04,7.937004993012479748e-01,7.937004993012564125e-01,7.937005230840497028e-01,1.259921092251260921e+00,1.259920967701940064e+00,9.999999071440054399e-01,0.000000000000000000e+00,0.000000000000000000e+00
1.118928440836581992e-04,7.937004985075462038e-01,7.937004985075556407e-01,7.937005230783790166e-01,1.259921093511183976e+00,1.259920965182097952e+00,9.999999041446904213e-01,0.000000000000000000e+00,0.000000000000000000e+00
1.119928440836582016e-04,7.937004977138445438e-01,7.937004977138549799e-01,7.937005230758442664e-01,1.259921094771107919e+00,1.259920962662254063e+00,9.999999011449632880e-01,0.000000000000000000e+00,0.000000000000000000e+00
1.120928440836582989e-04,7.937004969201427729e-01,7.937004969201542082e-01,7.937005230747231632e-01,1.259921096031030974e+00,1.259920960142407953e+00,9.999998981450692881e-01,0.000000000000000000e+00,0.000000000000000000e+00
1.121928440836583013e-04,7.937004961264410019e-01,7.937004961264533254e-01,7.937005230742320006e-01,1.259921097290954028e+00,1.259920957622562954e+00,9.999998951451091189e-01,0.000000000000000000e+00,0.000000000000000000e+00
1.122928440836583038e-04,7.937004953327391199e-01,7.937004953327526646e-01,7.937005230740190598e-01,1.259921098550877083e+00,1.259920955102717066e+00,9.999998921451217493e-01,0.000000000000000000e+00,0.000000000000000000e+00
1.123928440836583062e-04,7.937004945390373489e-01,7.937004945390516708e-01,7.937005230739270223e-01,1.259921099810799916e+00,1.259920952582870957e+00,9.999998891451237215e-01,0.000000000000000000e+00,0.000000000000000000e+00
1.124928440836582951e-04,7.937004937453356890e-01,7.937004937453506770e-01,7.937005230738878314e-01,1.259921101070722971e+00,1.259920950063025069e+00,9.999998861451219190e-01,0.000000000000000000e+00,0.000000000000000000e+00
1.125928440836582975e-04,7.937004929516339180e-01,7.937004929516499052e-01,7.937005230738711781e-01,1.259921102330646914e+00,1.259920947543178960e+00,9.999998831451191172e-01,0.000000000000000000e+00,0.000000000000000000e+00
1.126928440836583948e-04,7.937004921579321470e-01,7.937004921579491334e-01,7.937005230738642947e-01,1.259921103590569968e+00,1.259920945023333072e+00,9.999998801451148722e-01,0.000000000000000000e+00,0.000000000000000000e+00
1.127928440836583972e-04,7.937004913642302650e-01,7.937004913642483617e-01,7.937005230738616302e-01,1.259921104850493023e+00,1.259920942503488073e+00,9.999998771451106272e-01,0.000000000000000000e+00,0.000000000000000000e+00
1.128928440836583997e-04,7.937004905705284941e-01,7.937004905705478119e-01,7.937005230738604089e-01,1.259921106110416078e+00,1.259920939983641075e+00,9.999998741451063822e-01,0.000000000000000000e+00,0.000000000000000000e+00
1.129928440836584021e-04,7.937004897768267231e-01,7.937004897768470402e-01,7.937005230738602979e-01,1.259921107370338911e+00,1.259920937463794965e+00,9.999998711451024702e-01,0.000000000000000000e+00,0.000000000000000000e+00
1.130928440836584045e-04,7.937004889831249521e-01,7.937004889831461574e-01,7.937005230738602979e-01,1.259921108630261966e+00,1.259920934943949966e+00,9.999998681450975591e-01,0.000000000000000000e+00,0.000000000000000000e+00
1.131928440836583934e-04,7.937004881894230701e-01,7.937004881894453856e-01,7.937005230738599648e-01,1.259921109890185020e+00,1.259920932424102968e+00,9.999998651450928699e-01,0.000000000000000000e+00,0.000000000000000000e+00
1.132928440836585042e-04,7.937004873957212991e-01,7.937004873957443918e-01,7.937005230738592987e-01,1.259921111150108963e+00,1.259920929904257081e+00,9.999998621450887359e-01,0.000000000000000000e+00,0.000000000000000000e+00
1.133928440836585067e-04,7.937004866020196392e-01,7.937004866020435090e-01,7.937005230738589656e-01,1.259921112410032018e+00,1.259920927384410971e+00,9.999998591450840468e-01,0.000000000000000000e+00,0.000000000000000000e+00
1.134928440836584956e-04,7.937004858083178682e-01,7.937004858083428482e-01,7.937005230738589656e-01,1.259921113669955073e+00,1.259920924864565972e+00,9.999998561450796908e-01,0.000000000000000000e+00,0.000000000000000000e+00
1.135928440836584980e-04,7.937004850146160972e-01,7.937004850146420765e-01,7.937005230738589656e-01,1.259921114929877906e+00,1.259920922344720973e+00,9.999998531450752237e-01,0.000000000000000000e+00,0.000000000000000000e+00
1.136928440836585004e-04,7.937004842209142152e-01,7.937004842209410826e-01,7.937005230738589656e-01,1.259921116189800960e+00,1.259920919824873975e+00,9.999998501450710897e-01,0.000000000000000000e+00,0.000000000000000000e+00
1.137928440836585028e-04,7.937004834272125553e-01,7.937004834272401999e-01,7.937005230738590766e-01,1.259921117449724015e+00,1.259920917305028087e+00,9.999998471450667337e-01,0.000000000000000000e+00,0.000000000000000000e+00
1.138928440836585053e-04,7.937004826335107843e-01,7.937004826335394281e-01,7.937005230738590766e-01,1.259921118709647958e+00,1.259920914785181978e+00,9.999998441450624886e-01,0.000000000000000000e+00,0.000000000000000000e+00
1.139928440836586026e-04,7.937004818398090134e-01,7.937004818398387673e-01,7.937005230738590766e-01,1.259921119969571013e+00,1.259920912265336090e+00,9.999998411450580216e-01,0.000000000000000000e+00,0.000000000000000000e+00
1.140928440836586050e-04,7.937004810461072424e-01,7.937004810461379956e-01,7.937005230738589656e-01,1.259921121229494068e+00,1.259920909745489981e+00,9.999998381450536655e-01,0.000000000000000000e+00,0.000000000000000000e+00
1.141928440836585939e-04,7.937004802524052494e-01,7.937004802524372238e-01,7.937005230738587436e-01,1.259921122489416900e+00,1.259920907225644093e+00,9.999998351450491985e-01,0.000000000000000000e+00,0.000000000000000000e+00
1.142928440836585963e-04,7.937004794587035894e-01,7.937004794587364520e-01,7.937005230738588546e-01,1.259921123749339955e+00,1.259920904705797984e+00,9.999998321450442873e-01,0.000000000000000000e+00,0.000000000000000000e+00
1.143928440836585987e-04,7.937004786650018184e-01,7.937004786650354582e-01,7.937005230738589656e-01,1.259921125009263010e+00,1.259920902185950986e+00,9.999998291450392651e-01,0.000000000000000000e+00,0.000000000000000000e+00
1.144928440836586012e-04,7.937004778713000475e-01,7.937004778713345754e-01,7.937005230738590766e-01,1.259921126269186953e+00,1.259920899666105987e+00,9.999998261450352421e-01,0.000000000000000000e+00,0.000000000000000000e+00
1.145928440836586985e-04,7.937004770775982765e-01,7.937004770776340257e-01,7.937005230738589656e-01,1.259921127529110008e+00,1.259920897146260099e+00,9.999998231450307751e-01,0.000000000000000000e+00,0.000000000000000000e+00
1.146928440836587009e-04,7.937004762838963945e-01,7.937004762839330319e-01,7.937005230738589656e-01,1.259921128789033062e+00,1.259920894626415100e+00,9.999998201450264190e-01,0.000000000000000000e+00,0.000000000000000000e+00
1.147928440836587033e-04,7.937004754901947345e-01,7.937004754902322601e-01,7.937005230738589656e-01,1.259921130048955895e+00,1.259920892106568990e+00,9.999998171450219520e-01,0.000000000000000000e+00,0.000000000000000000e+00
1.148928440836587058e-04,7.937004746964929636e-01,7.937004746965314883e-01,7.937005230738589656e-01,1.259921131308880060e+00,1.259920889586723103e+00,9.999998141450178180e-01,0.000000000000000000e+00,0.000000000000000000e+00
1.149928440836586946e-04,7.937004739027911926e-01,7.937004739028304945e-01,7.937005230738589656e-01,1.259921132568802893e+00,1.259920887066876993e+00,9.999998111450136840e-01,0.000000000000000000e+00,0.000000000000000000e+00
1.150928440836586971e-04,7.937004731090894216e-01,7.937004731091296117e-01,7.937005230738589656e-01,1.259921133828725948e+00,1.259920884547031106e+00,9.999998081450094389e-01,0.000000000000000000e+00,0.000000000000000000e+00
1.151928440836587944e-04,7.937004723153875396e-01,7.937004723154287289e-01,7.937005230738589656e-01,1.259921135088649002e+00,1.259920882027184996e+00,9.999998051450049719e-01,0.000000000000000000e+00,0.000000000000000000e+00
1.152928440836587968e-04,7.937004715216858797e-01,7.937004715217280681e-01,7.937005230738589656e-01,1.259921136348572057e+00,1.259920879507339109e+00,9.999998021450007268e-01,0.000000000000000000e+00,0.000000000000000000e+00
1.153928440836587992e-04,7.937004707279841087e-01,7.937004707280276294e-01,7.937005230738589656e-01,1.259921137608494890e+00,1.259920876987492999e+00,9.999997991449960377e-01,0.000000000000000000e+00,0.000000000000000000e+00
1.154928440836588017e-04,7.937004699342823377e-01,7.937004699343267466e-01,7.937005230738590766e-01,1.259921138868419055e+00,1.259920874467646890e+00,9.999997961449917927e-01,0.000000000000000000e+00,0.000000000000000000e+00
1.155928440836588041e-04,7.937004691405805668e-01,7.937004691406258639e-01,7.937005230738590766e-01,1.259921140128342110e+00,1.259920871947801002e+00,9.999997931449876587e-01,0.000000000000000000e+00,0.000000000000000000e+00
1.156928440836588065e-04,7.937004683468785737e-01,7.937004683469253141e-01,7.937005230738589656e-01,1.259921141388264942e+00,1.259920869427956003e+00,9.999997901449834137e-01,0.000000000000000000e+00,0.000000000000000000e+00
1.157928440836587954e-04,7.937004675531768028e-01,7.937004675532244313e-01,7.937005230738589656e-01,1.259921142648187997e+00,1.259920866908109005e+00,9.999997871449790576e-01,0.000000000000000000e+00,0.000000000000000000e+00
1.158928440836589063e-04,7.937004667594750318e-01,7.937004667595239926e-01,7.937005230738589656e-01,1.259921143908111052e+00,1.259920864388262896e+00,9.999997841449751457e-01,0.000000000000000000e+00,0.000000000000000000e+00
1.159928440836588951e-04,7.937004659657733718e-01,7.937004659658232208e-01,7.937005230738589656e-01,1.259921145168034995e+00,1.259920861868417008e+00,9.999997811449704566e-01,0.000000000000000000e+00,0.000000000000000000e+00
1.160928440836588976e-04,7.937004651720716009e-01,7.937004651721223381e-01,7.937005230738589656e-01,1.259921146427958050e+00,1.259920859348570898e+00,9.999997781449659895e-01,0.000000000000000000e+00,0.000000000000000000e+00
1.161928440836589000e-04,7.937004643783697189e-01,7.937004643784214553e-01,7.937005230738589656e-01,1.259921147687881993e+00,1.259920856828725899e+00,9.999997751449620775e-01,0.000000000000000000e+00,0.000000000000000000e+00
1.162928440836589024e-04,7.937004635846679479e-01,7.937004635847209055e-01,7.937005230738589656e-01,1.259921148947805047e+00,1.259920854308880012e+00,9.999997721449577215e-01,0.000000000000000000e+00,0.000000000000000000e+00
1.163928440836589049e-04,7.937004627909662879e-01,7.937004627910201338e-01,7.937005230738589656e-01,1.259921150207728102e+00,1.259920851789033902e+00,9.999997691449529214e-01,0.000000000000000000e+00,0.000000000000000000e+00
1.164928440836590022e-04,7.937004619972645170e-01,7.937004619973193620e-01,7.937005230738590766e-01,1.259921151467650935e+00,1.259920849269188015e+00,9.999997661449486763e-01,0.000000000000000000e+00,0.000000000000000000e+00
1.165928440836590046e-04,7.937004612035627460e-01,7.937004612036185902e-01,7.937005230738589656e-01,1.259921152727573990e+00,1.259920846749341905e+00,9.999997631449444313e-01,0.000000000000000000e+00,0.000000000000000000e+00
1.166928440836589935e-04,7.937004604098608640e-01,7.937004604099179295e-01,7.937005230738589656e-01,1.259921153987497933e+00,1.259920844229496018e+00,9.999997601449401863e-01,0.000000000000000000e+00,0.000000000000000000e+00
1.167928440836589959e-04,7.937004596161592040e-01,7.937004596162171577e-01,7.937005230738590766e-01,1.259921155247420987e+00,1.259920841709651018e+00,9.999997571449360523e-01,0.000000000000000000e+00,0.000000000000000000e+00
1.168928440836589983e-04,7.937004588224574331e-01,7.937004588225162749e-01,7.937005230738589656e-01,1.259921156507344042e+00,1.259920839189804909e+00,9.999997541449319183e-01,0.000000000000000000e+00,0.000000000000000000e+00
1.169928440836590008e-04,7.937004580287556621e-01,7.937004580288153921e-01,7.937005230738589656e-01,1.259921157767267097e+00,1.259920836669959021e+00,9.999997511449278953e-01,0.000000000000000000e+00,0.000000000000000000e+00
1.170928440836590981e-04,7.937004572350538911e-01,7.937004572351146203e-01,7.937005230738588546e-01,1.259921159027189930e+00,1.259920834150114022e+00,9.999997481449235393e-01,0.000000000000000000e+00,0.000000000000000000e+00
1.171928440836591005e-04,7.937004564413518981e-01,7.937004564414137375e-01,7.937005230738588546e-01,1.259921160287114095e+00,1.259920831630267024e+00,9.999997451449194052e-01,0.000000000000000000e+00,0.000000000000000000e+00
1.172928440836591029e-04,7.937004556476502382e-01,7.937004556477131878e-01,7.937005230738590766e-01,1.259921161547036927e+00,1.259920829110422025e+00,9.999997421449149382e-01,0.000000000000000000e+00,0.000000000000000000e+00
1.173928440836591054e-04,7.937004548539484672e-01,7.937004548540125271e-01,7.937005230738589656e-01,1.259921162806959982e+00,1.259920826590575027e+00,9.999997391449110262e-01,0.000000000000000000e+00,0.000000000000000000e+00
1.174928440836590942e-04,7.937004540602466962e-01,7.937004540603119773e-01,7.937005230738589656e-01,1.259921164066883037e+00,1.259920824070730028e+00,9.999997361449067812e-01,0.000000000000000000e+00,0.000000000000000000e+00
1.175928440836590967e-04,7.937004532665449252e-01,7.937004532666115386e-01,7.937005230738589656e-01,1.259921165326806980e+00,1.259920821550883030e+00,9.999997331449023141e-01,0.000000000000000000e+00,0.000000000000000000e+00
1.176928440836591940e-04,7.937004524728431543e-01,7.937004524729107668e-01,7.937005230738590766e-01,1.259921166586730035e+00,1.259920819031036920e+00,9.999997301448978471e-01,0.000000000000000000e+00,0.000000000000000000e+00
1.177928440836591964e-04,7.937004516791413833e-01,7.937004516792099951e-01,7.937005230738589656e-01,1.259921167846653089e+00,1.259920816511191921e+00,9.999997271448936020e-01,0.000000000000000000e+00,0.000000000000000000e+00
1.178928440836591988e-04,7.937004508854396123e-01,7.937004508855092233e-01,7.937005230738589656e-01,1.259921169106577032e+00,1.259920813991346034e+00,9.999997241448895791e-01,0.000000000000000000e+00,0.000000000000000000e+00
1.179928440836592012e-04,7.937004500917378413e-01,7.937004500918086736e-01,7.937005230738590766e-01,1.259921170366500087e+00,1.259920811471499924e+00,9.999997211448853340e-01,0.000000000000000000e+00,0.000000000000000000e+00
1.180928440836592037e-04,7.937004492980360704e-01,7.937004492981079018e-01,7.937005230738589656e-01,1.259921171626422920e+00,1.259920808951654037e+00,9.999997181448810890e-01,0.000000000000000000e+00,0.000000000000000000e+00
1.181928440836592061e-04,7.937004485043344104e-01,7.937004485044070190e-01,7.937005230738589656e-01,1.259921172886345975e+00,1.259920806431809037e+00,9.999997151448770660e-01,0.000000000000000000e+00,0.000000000000000000e+00
1.182928440836591950e-04,7.937004477106326394e-01,7.937004477107061362e-01,7.937005230738589656e-01,1.259921174146269029e+00,1.259920803911962928e+00,9.999997121448731541e-01,0.000000000000000000e+00,0.000000000000000000e+00
1.183928440836593058e-04,7.937004469169309795e-01,7.937004469170052534e-01,7.937005230738590766e-01,1.259921175406192972e+00,1.259920801392117928e+00,9.999997091448692421e-01,0.000000000000000000e+00,0.000000000000000000e+00
1.184928440836592947e-04,7.937004461232292085e-01,7.937004461233042596e-01,7.937005230738590766e-01,1.259921176666116027e+00,1.259920798872272041e+00,9.999997061448652191e-01,0.000000000000000000e+00,0.000000000000000000e+00
1.185928440836592971e-04,7.937004453295278816e-01,7.937004453296035988e-01,7.937005230738590766e-01,1.259921177926037972e+00,1.259920796352427041e+00,9.999997031448613072e-01,0.000000000000000000e+00,0.000000000000000000e+00
1.186928440836592996e-04,7.937004445358263327e-01,7.937004445359028271e-01,7.937005230738590766e-01,1.259921179185961027e+00,1.259920793832582042e+00,9.999997001448575062e-01,0.000000000000000000e+00,0.000000000000000000e+00
1.187928440836593020e-04,7.937004437421246728e-01,7.937004437422019443e-01,7.937005230738590766e-01,1.259921180445884081e+00,1.259920791312735933e+00,9.999996971448542604e-01,0.000000000000000000e+00,0.000000000000000000e+00
1.188928440836593044e-04,7.937004429484231238e-01,7.937004429485011725e-01,7.937005230738590766e-01,1.259921181705808024e+00,1.259920788792890933e+00,9.999996941448509036e-01,0.000000000000000000e+00,0.000000000000000000e+00
1.189928440836594017e-04,7.937004421547214639e-01,7.937004421548002897e-01,7.937005230738590766e-01,1.259921182965729969e+00,1.259920786273045934e+00,9.999996911448474357e-01,0.000000000000000000e+00,0.000000000000000000e+00
1.190928440836594042e-04,7.937004413610198039e-01,7.937004413610998510e-01,7.937005230738590766e-01,1.259921184225653024e+00,1.259920783753200046e+00,9.999996881448439678e-01,0.000000000000000000e+00,0.000000000000000000e+00
1.191928440836594066e-04,7.937004405673180329e-01,7.937004405673991903e-01,7.937005230738590766e-01,1.259921185485576967e+00,1.259920781233355047e+00,9.999996851448398338e-01,0.000000000000000000e+00,0.000000000000000000e+00
1.192928440836593955e-04,7.937004397736162620e-01,7.937004397736983075e-01,7.937005230738590766e-01,1.259921186745500021e+00,1.259920778713508938e+00,9.999996821448364770e-01,0.000000000000000000e+00,0.000000000000000000e+00
1.193928440836593979e-04,7.937004389799144910e-01,7.937004389799976467e-01,7.937005230738590766e-01,1.259921188005423964e+00,1.259920776193663050e+00,9.999996791448332312e-01,0.000000000000000000e+00,0.000000000000000000e+00
1.194928440836594003e-04,7.937004381862126090e-01,7.937004381862972080e-01,7.937005230738590766e-01,1.259921189265347019e+00,1.259920773673818051e+00,9.999996761448296523e-01,0.000000000000000000e+00,0.000000000000000000e+00
1.195928440836594976e-04,7.937004373925109491e-01,7.937004373925964362e-01,7.937005230738590766e-01,1.259921190525270074e+00,1.259920771153971941e+00,9.999996731448246301e-01,0.000000000000000000e+00,0.000000000000000000e+00
1.196928440836595001e-04,7.937004365988092891e-01,7.937004365988956645e-01,7.937005230738589656e-01,1.259921191785192907e+00,1.259920768634126054e+00,9.999996701448213843e-01,0.000000000000000000e+00,0.000000000000000000e+00
1.197928440836595025e-04,7.937004358051075181e-01,7.937004358051950037e-01,7.937005230738590766e-01,1.259921193045117072e+00,1.259920766114281054e+00,9.999996671448171393e-01,0.000000000000000000e+00,0.000000000000000000e+00
1.198928440836595049e-04,7.937004350114058582e-01,7.937004350114943430e-01,7.937005230738590766e-01,1.259921194305039904e+00,1.259920763594434945e+00,9.999996641448131163e-01,0.000000000000000000e+00,0.000000000000000000e+00
1.199928440836594938e-04,7.937004342177043092e-01,7.937004342177936822e-01,7.937005230738590766e-01,1.259921195564962959e+00,1.259920761074589945e+00,9.999996611448098704e-01,0.000000000000000000e+00,0.000000000000000000e+00
1.200928440836594962e-04,7.937004334240030934e-01,7.937004334240926884e-01,7.937005230738590766e-01,1.259921196824884904e+00,1.259920758554744946e+00,9.999996581448060695e-01,0.000000000000000000e+00,0.000000000000000000e+00
1.201928440836595935e-04,7.937004326303017665e-01,7.937004326303918056e-01,7.937005230738596318e-01,1.259921198084807958e+00,1.259920756034899947e+00,9.999996551448028237e-01,0.000000000000000000e+00,0.000000000000000000e+00
1.202928440836595960e-04,7.937004318366001065e-01,7.937004318366909228e-01,7.937005230738601869e-01,1.259921199344731013e+00,1.259920753515054948e+00,9.999996521447997999e-01,0.000000000000000000e+00,0.000000000000000000e+00
1.203928440836595984e-04,7.937004310428983356e-01,7.937004310429902620e-01,7.937005230738605199e-01,1.259921200604654068e+00,1.259920750995209948e+00,9.999996491447971092e-01,0.000000000000000000e+00,0.000000000000000000e+00
1.204928440836596008e-04,7.937004302491965646e-01,7.937004302492897123e-01,7.937005230738602979e-01,1.259921201864578011e+00,1.259920748475364949e+00,9.999996461447938634e-01,0.000000000000000000e+00,0.000000000000000000e+00
1.205928440836596033e-04,7.937004294554949047e-01,7.937004294555889405e-01,7.937005230738601869e-01,1.259921203124501066e+00,1.259920745955519950e+00,9.999996431447903955e-01,0.000000000000000000e+00,0.000000000000000000e+00
1.206928440836596057e-04,7.937004286617932447e-01,7.937004286618880577e-01,7.937005230738594097e-01,1.259921204384423898e+00,1.259920743435674062e+00,9.999996401447867056e-01,0.000000000000000000e+00,0.000000000000000000e+00
1.207928440836595946e-04,7.937004278680916958e-01,7.937004278681875080e-01,7.937005230738589656e-01,1.259921205644346953e+00,1.259920740915829063e+00,9.999996371447834598e-01,0.000000000000000000e+00,0.000000000000000000e+00
1.208928440836597054e-04,7.937004270743900358e-01,7.937004270744869583e-01,7.937005230738589656e-01,1.259921206904270008e+00,1.259920738395984063e+00,9.999996341447797699e-01,0.000000000000000000e+00,0.000000000000000000e+00
1.209928440836596943e-04,7.937004262806883759e-01,7.937004262807864086e-01,7.937005230738590766e-01,1.259921208164193063e+00,1.259920735876137954e+00,9.999996311447771902e-01,0.000000000000000000e+00,0.000000000000000000e+00
1.210928440836596967e-04,7.937004254869867159e-01,7.937004254870857478e-01,7.937005230738590766e-01,1.259921209424115895e+00,1.259920733356292954e+00,9.999996281447732782e-01,0.000000000000000000e+00,0.000000000000000000e+00
1.211928440836596992e-04,7.937004246932849449e-01,7.937004246933853091e-01,7.937005230738589656e-01,1.259921210684040060e+00,1.259920730836447955e+00,9.999996251447703655e-01,0.000000000000000000e+00,0.000000000000000000e+00
1.212928440836597016e-04,7.937004238995832850e-01,7.937004238996847594e-01,7.937005230738589656e-01,1.259921211943962893e+00,1.259920728316602956e+00,9.999996221447664535e-01,0.000000000000000000e+00,0.000000000000000000e+00
1.213928440836597040e-04,7.937004231058818471e-01,7.937004231059840986e-01,7.937005230738590766e-01,1.259921213203885948e+00,1.259920725796757068e+00,9.999996191447629856e-01,0.000000000000000000e+00,0.000000000000000000e+00
1.214928440836598013e-04,7.937004223121804092e-01,7.937004223122836599e-01,7.937005230738590766e-01,1.259921214463807893e+00,1.259920723276912069e+00,9.999996161447591847e-01,0.000000000000000000e+00,0.000000000000000000e+00
1.215928440836598038e-04,7.937004215184786382e-01,7.937004215185827771e-01,7.937005230738589656e-01,1.259921215723732058e+00,1.259920720757067070e+00,9.999996131447559389e-01,0.000000000000000000e+00,0.000000000000000000e+00
1.216928440836598062e-04,7.937004207247769783e-01,7.937004207248824494e-01,7.937005230738589656e-01,1.259921216983654890e+00,1.259920718237222070e+00,9.999996101447525820e-01,0.000000000000000000e+00,0.000000000000000000e+00
1.217928440836597951e-04,7.937004199310755403e-01,7.937004199311816777e-01,7.937005230738590766e-01,1.259921218243577945e+00,1.259920715717375961e+00,9.999996071447488921e-01,0.000000000000000000e+00,0.000000000000000000e+00
1.218928440836597975e-04,7.937004191373739914e-01,7.937004191374810169e-01,7.937005230738590766e-01,1.259921219503501000e+00,1.259920713197530961e+00,9.999996041447458683e-01,0.000000000000000000e+00,0.000000000000000000e+00
1.219928440836597999e-04,7.937004183436723315e-01,7.937004183437802451e-01,7.937005230738590766e-01,1.259921220763424055e+00,1.259920710677685962e+00,9.999996011447426225e-01,0.000000000000000000e+00,0.000000000000000000e+00
1.220928440836597888e-04,7.937004175499706715e-01,7.937004175500795844e-01,7.937005230738590766e-01,1.259921222023347109e+00,1.259920708157840963e+00,9.999995981447393767e-01,0.000000000000000000e+00,0.000000000000000000e+00
1.221928440836597912e-04,7.937004167562690116e-01,7.937004167563790347e-01,7.937005230738590766e-01,1.259921223283269942e+00,1.259920705637995075e+00,9.999995951447357978e-01,0.000000000000000000e+00,0.000000000000000000e+00
1.222928440836597123e-04,7.937004159625679067e-01,7.937004159626784849e-01,7.937005230738592987e-01,1.259921224543192997e+00,1.259920703118150964e+00,9.999995921447329961e-01,0.000000000000000000e+00,0.000000000000000000e+00
1.223928440836596877e-04,7.937004151688662468e-01,7.937004151689779352e-01,7.937005230738596318e-01,1.259921225803116052e+00,1.259920700598305965e+00,9.999995891447299723e-01,0.000000000000000000e+00,0.000000000000000000e+00
1.224928440836596088e-04,7.937004143751649199e-01,7.937004143752772745e-01,7.937005230738598538e-01,1.259921227063039106e+00,1.259920698078460966e+00,9.999995861447269485e-01,0.000000000000000000e+00,0.000000000000000000e+00
1.225928440836596112e-04,7.937004135814631489e-01,7.937004135815769468e-01,7.937005230738600758e-01,1.259921228322961939e+00,1.259920695558617076e+00,9.999995831447244798e-01,0.000000000000000000e+00,0.000000000000000000e+00
1.226928440836595052e-04,7.937004127877614890e-01,7.937004127878763970e-01,7.937005230738600758e-01,1.259921229582884994e+00,1.259920693038770967e+00,9.999995801447212340e-01,0.000000000000000000e+00,0.000000000000000000e+00
1.227928440836595077e-04,7.937004119940602731e-01,7.937004119941757363e-01,7.937005230738600758e-01,1.259921230842808049e+00,1.259920690518927078e+00,9.999995771447182102e-01,0.000000000000000000e+00,0.000000000000000000e+00
1.228928440836594017e-04,7.937004112003585021e-01,7.937004112004752976e-01,7.937005230738600758e-01,1.259921232102731103e+00,1.259920687999080968e+00,9.999995741447152975e-01,0.000000000000000000e+00,0.000000000000000000e+00
1.229928440836594041e-04,7.937004104066567312e-01,7.937004104067745258e-01,7.937005230738600758e-01,1.259921233362653936e+00,1.259920685479235969e+00,9.999995711447123847e-01,0.000000000000000000e+00,0.000000000000000000e+00
1.230928440836592981e-04,7.937004096129549602e-01,7.937004096130740871e-01,7.937005230738600758e-01,1.259921234622578101e+00,1.259920682959390970e+00,9.999995681447089169e-01,0.000000000000000000e+00,0.000000000000000000e+00
1.231928440836593005e-04,7.937004088192531892e-01,7.937004088193736484e-01,7.937005230738599648e-01,1.259921235882500934e+00,1.259920680439545082e+00,9.999995651447054490e-01,0.000000000000000000e+00,0.000000000000000000e+00
1.232928440836591946e-04,7.937004080255514182e-01,7.937004080256728766e-01,7.937005230738596318e-01,1.259921237142425099e+00,1.259920677919700083e+00,9.999995621447024252e-01,0.000000000000000000e+00,0.000000000000000000e+00
1.233928440836591970e-04,7.937004072318497583e-01,7.937004072319723269e-01,7.937005230738595207e-01,1.259921238402347932e+00,1.259920675399853973e+00,9.999995591446981802e-01,0.000000000000000000e+00,0.000000000000000000e+00
1.234928440836590910e-04,7.937004064381480983e-01,7.937004064382716662e-01,7.937005230738596318e-01,1.259921239662270986e+00,1.259920672880008086e+00,9.999995561446950454e-01,0.000000000000000000e+00,0.000000000000000000e+00
1.235928440836590934e-04,7.937004056444469935e-01,7.937004056445707834e-01,7.937005230738596318e-01,1.259921240922194041e+00,1.259920670360163086e+00,9.999995531446913555e-01,0.000000000000000000e+00,0.000000000000000000e+00
1.236928440836589874e-04,7.937004048507454446e-01,7.937004048508703447e-01,7.937005230738596318e-01,1.259921242182117096e+00,1.259920667840318087e+00,9.999995501446878876e-01,0.000000000000000000e+00,0.000000000000000000e+00
1.237928440836589899e-04,7.937004040570443397e-01,7.937004040571697949e-01,7.937005230738601869e-01,1.259921243442039041e+00,1.259920665320473976e+00,9.999995471446848638e-01,0.000000000000000000e+00,0.000000000000000000e+00
1.238928440836589110e-04,7.937004032633427908e-01,7.937004032634689121e-01,7.937005230738605199e-01,1.259921244701962095e+00,1.259920662800630087e+00,9.999995441446826172e-01,0.000000000000000000e+00,0.000000000000000000e+00
1.239928440836589134e-04,7.937004024696414639e-01,7.937004024697682514e-01,7.937005230738605199e-01,1.259921245961884928e+00,1.259920660280785976e+00,9.999995411446804816e-01,0.000000000000000000e+00,0.000000000000000000e+00
1.240928440836588074e-04,7.937004016759398040e-01,7.937004016760678127e-01,7.937005230738604089e-01,1.259921247221807983e+00,1.259920657760940976e+00,9.999995381446780129e-01,0.000000000000000000e+00,0.000000000000000000e+00
1.241928440836588099e-04,7.937004008822381440e-01,7.937004008823673740e-01,7.937005230738602979e-01,1.259921248481731038e+00,1.259920655241095977e+00,9.999995351446755443e-01,0.000000000000000000e+00,0.000000000000000000e+00
1.242928440836587039e-04,7.937004000885368171e-01,7.937004000886666022e-01,7.937005230738602979e-01,1.259921249741654092e+00,1.259920652721250978e+00,9.999995321446727425e-01,0.000000000000000000e+00,0.000000000000000000e+00
1.243928440836587063e-04,7.937003992948350461e-01,7.937003992949661635e-01,7.937005230738602979e-01,1.259921251001576925e+00,1.259920650201405978e+00,9.999995291446700518e-01,0.000000000000000000e+00,0.000000000000000000e+00
1.244928440836586003e-04,7.937003985011334972e-01,7.937003985012656138e-01,7.937005230738602979e-01,1.259921252261499980e+00,1.259920647681560979e+00,9.999995261446675832e-01,0.000000000000000000e+00,0.000000000000000000e+00
1.245928440836584943e-04,7.937003977074323924e-01,7.937003977075649530e-01,7.937005230738602979e-01,1.259921253521423035e+00,1.259920645161715980e+00,9.999995231446645594e-01,0.000000000000000000e+00,0.000000000000000000e+00
1.246928440836584967e-04,7.937003969137311765e-01,7.937003969138645143e-01,7.937005230738604089e-01,1.259921254781344979e+00,1.259920642641872091e+00,9.999995201446614246e-01,0.000000000000000000e+00,0.000000000000000000e+00
1.247928440836583908e-04,7.937003961200296276e-01,7.937003961201636315e-01,7.937005230738602979e-01,1.259921256041268034e+00,1.259920640122027979e+00,9.999995171446594000e-01,0.000000000000000000e+00,0.000000000000000000e+00
1.248928440836583932e-04,7.937003953263281897e-01,7.937003953264630818e-01,7.937005230738602979e-01,1.259921257301191977e+00,1.259920637602184090e+00,9.999995141446570424e-01,0.000000000000000000e+00,0.000000000000000000e+00
1.249928440836582872e-04,7.937003945326267518e-01,7.937003945327624210e-01,7.937005230738602979e-01,1.259921258561113921e+00,1.259920635082339979e+00,9.999995111446543516e-01,0.000000000000000000e+00,0.000000000000000000e+00
1.250928440836582896e-04,7.937003937389249808e-01,7.937003937390617603e-01,7.937005230738602979e-01,1.259921259821038086e+00,1.259920632562494980e+00,9.999995081446523271e-01,0.000000000000000000e+00,0.000000000000000000e+00
1.251928440836582107e-04,7.937003929452233209e-01,7.937003929453610995e-01,7.937005230738602979e-01,1.259921261080960919e+00,1.259920630042649980e+00,9.999995051446497474e-01,0.000000000000000000e+00,0.000000000000000000e+00
1.252928440836582132e-04,7.937003921515216609e-01,7.937003921516606608e-01,7.937005230738601869e-01,1.259921262340883974e+00,1.259920627522804093e+00,9.999995021446469456e-01,0.000000000000000000e+00,0.000000000000000000e+00
1.253928440836581072e-04,7.937003913578203340e-01,7.937003913579602221e-01,7.937005230738604089e-01,1.259921263600807029e+00,1.259920625002959094e+00,9.999994991446438108e-01,0.000000000000000000e+00,0.000000000000000000e+00
1.254928440836581096e-04,7.937003905641185630e-01,7.937003905642597834e-01,7.937005230738602979e-01,1.259921264860730084e+00,1.259920622483114094e+00,9.999994961446412312e-01,0.000000000000000000e+00,0.000000000000000000e+00
1.255928440836580036e-04,7.937003897704167921e-01,7.937003897705591227e-01,7.937005230738601869e-01,1.259921266120654026e+00,1.259920619963267985e+00,9.999994931446378743e-01,0.000000000000000000e+00,0.000000000000000000e+00
1.256928440836580061e-04,7.937003889767151321e-01,7.937003889768584619e-01,7.937005230738594097e-01,1.259921267380577081e+00,1.259920617443422985e+00,9.999994901446339624e-01,0.000000000000000000e+00,0.000000000000000000e+00
1.257928440836579001e-04,7.937003881830133611e-01,7.937003881831576901e-01,7.937005230738589656e-01,1.259921268640501024e+00,1.259920614923577098e+00,9.999994871446306055e-01,0.000000000000000000e+00,0.000000000000000000e+00
1.258928440836579025e-04,7.937003873893117012e-01,7.937003873894570294e-01,7.937005230738589656e-01,1.259921269900424079e+00,1.259920612403732099e+00,9.999994841446271376e-01,0.000000000000000000e+00,0.000000000000000000e+00
1.259928440836577965e-04,7.937003865956103743e-01,7.937003865957565907e-01,7.937005230738590766e-01,1.259921271160346912e+00,1.259920609883887099e+00,9.999994811446242249e-01,0.000000000000000000e+00,0.000000000000000000e+00
1.260928440836577989e-04,7.937003858019087144e-01,7.937003858020558189e-01,7.937005230738590766e-01,1.259921272420269966e+00,1.259920607364042100e+00,9.999994781446212011e-01,0.000000000000000000e+00,0.000000000000000000e+00
1.261928440836576929e-04,7.937003850082070544e-01,7.937003850083553802e-01,7.937005230738590766e-01,1.259921273680193021e+00,1.259920604844197101e+00,9.999994751446183994e-01,0.000000000000000000e+00,0.000000000000000000e+00
1.262928440836576954e-04,7.937003842145053945e-01,7.937003842146548305e-01,7.937005230738590766e-01,1.259921274940116964e+00,1.259920602324352101e+00,9.999994721446157087e-01,0.000000000000000000e+00,0.000000000000000000e+00
1.263928440836575894e-04,7.937003834208038455e-01,7.937003834209540587e-01,7.937005230738590766e-01,1.259921276200040019e+00,1.259920599804507102e+00,9.999994691446125739e-01,0.000000000000000000e+00,0.000000000000000000e+00
1.264928440836575918e-04,7.937003826271022966e-01,7.937003826272532869e-01,7.937005230738590766e-01,1.259921277459963074e+00,1.259920597284662103e+00,9.999994661446095501e-01,0.000000000000000000e+00,0.000000000000000000e+00
1.265928440836575129e-04,7.937003818334007477e-01,7.937003818335528482e-01,7.937005230738590766e-01,1.259921278719885906e+00,1.259920594764817103e+00,9.999994631446065263e-01,0.000000000000000000e+00,0.000000000000000000e+00
1.266928440836574883e-04,7.937003810396990877e-01,7.937003810398522985e-01,7.937005230738590766e-01,1.259921279979808961e+00,1.259920592244972104e+00,9.999994601446035025e-01,0.000000000000000000e+00,0.000000000000000000e+00
1.267928440836574094e-04,7.937003802459978719e-01,7.937003802461517488e-01,7.937005230738590766e-01,1.259921281239732016e+00,1.259920589725127105e+00,9.999994571446002567e-01,0.000000000000000000e+00,0.000000000000000000e+00
1.268928440836574118e-04,7.937003794522961009e-01,7.937003794524513101e-01,7.937005230738590766e-01,1.259921282499655071e+00,1.259920587205282994e+00,9.999994541445975660e-01,0.000000000000000000e+00,0.000000000000000000e+00
1.269928440836573058e-04,7.937003786585943299e-01,7.937003786587505383e-01,7.937005230738590766e-01,1.259921283759579014e+00,1.259920584685437106e+00,9.999994511445949863e-01,0.000000000000000000e+00,0.000000000000000000e+00
1.270928440836573082e-04,7.937003778648927810e-01,7.937003778650497665e-01,7.937005230738590766e-01,1.259921285019502069e+00,1.259920582165592107e+00,9.999994481445918515e-01,0.000000000000000000e+00,0.000000000000000000e+00
1.271928440836572023e-04,7.937003770711914541e-01,7.937003770713492168e-01,7.937005230738590766e-01,1.259921286279424901e+00,1.259920579645747107e+00,9.999994451445888277e-01,0.000000000000000000e+00,0.000000000000000000e+00
1.272928440836572047e-04,7.937003762774897941e-01,7.937003762776487781e-01,7.937005230738590766e-01,1.259921287539347956e+00,1.259920577125902108e+00,9.999994421445859150e-01,0.000000000000000000e+00,0.000000000000000000e+00
1.273928440836570987e-04,7.937003754837881342e-01,7.937003754839480063e-01,7.937005230738589656e-01,1.259921288799271899e+00,1.259920574606057109e+00,9.999994391445831132e-01,0.000000000000000000e+00,0.000000000000000000e+00
1.274928440836569927e-04,7.937003746900868073e-01,7.937003746902474566e-01,7.937005230738590766e-01,1.259921290059194066e+00,1.259920572086212998e+00,9.999994361445804225e-01,0.000000000000000000e+00,0.000000000000000000e+00
1.275928440836569951e-04,7.937003738963851474e-01,7.937003738965467958e-01,7.937005230738590766e-01,1.259921291319118009e+00,1.259920569566367998e+00,9.999994331445780649e-01,0.000000000000000000e+00,0.000000000000000000e+00
1.276928440836568892e-04,7.937003731026833764e-01,7.937003731028462461e-01,7.937005230738590766e-01,1.259921292579041063e+00,1.259920567046522999e+00,9.999994301445753742e-01,0.000000000000000000e+00,0.000000000000000000e+00
1.277928440836568916e-04,7.937003723089816054e-01,7.937003723091458074e-01,7.937005230738589656e-01,1.259921293838965006e+00,1.259920564526678000e+00,9.999994271445725724e-01,0.000000000000000000e+00,0.000000000000000000e+00
1.278928440836568127e-04,7.937003715152797234e-01,7.937003715154449246e-01,7.937005230738589656e-01,1.259921295098888061e+00,1.259920562006833000e+00,9.999994241445693266e-01,0.000000000000000000e+00,0.000000000000000000e+00
1.279864220418283963e-04,7.937003707725501789e-01,7.937003707727162682e-01,7.937005230738590766e-01,1.259921296277898062e+00,1.259920559648812999e+00,9.999994213372283003e-01,0.000000000000000000e+00,0.000000000000000000e+00
1.280021588541666901e-04,7.937003706476470910e-01,7.937003706478129583e-01,7.937005230738590766e-01,1.259921296476169905e+00,1.259920559252269978e+00,9.999994208651230565e-01,1.295312500001251976e+00,0.000000000000000000e+00
1.280040518900551084e-04,7.937003706326222208e-01,7.937003902243446873e-01,7.937005230738598538e-01,1.259921296500019938e+00,1.259920559204569024e+00,9.999994208083325953e-01,2.431134033052238852e+00,0.000000000000000000e+00
1.280076981201166975e-04,7.937003706036815931e-01,7.937004306101244078e-01,7.937005230738596318e-01,1.259921296545960967e+00,1.259920559112688965e+00,9.999994206989448742e-01,3.000000000000000000e+00,0.000000000000000000e+00
1.280678440836547976e-04,7.937003701263034561e-01,7.937005274194575133e-01,7.937005230738605199e-01,1.259921297303751020e+00,1.259920557597105084e+00,9.999994188945644513e-01,3.000000000000000000e+00,0.000000000000000000e+00
1.281678440836546916e-04,7.937003693326027953e-01,7.937005229580880172e-01,7.937005230738612971e-01,1.259921298563672964e+00,1.259920555077262083e+00,9.999994158945626488e-01,3.000000000000000000e+00,0.000000000000000000e+00
1.282678440836546941e-04,7.937003685389022456e-01,7.937005229947395879e-01,7.937005230738619632e-01,1.259921299823594909e+00,1.259920552557419970e+00,9.999994128945619565e-01,3.000000000000000000e+00,0.000000000000000000e+00
1.283678440836545881e-04,7.937003677452014738e-01,7.937005229944906759e-01,7.937005230738621853e-01,1.259921301083517076e+00,1.259920550037578080e+00,9.999994098945618193e-01,3.000000000000000000e+00,0.000000000000000000e+00
1.284678440836545905e-04,7.937003669515010351e-01,7.937005229944926743e-01,7.937005230738628514e-01,1.259921302343437910e+00,1.259920547517735967e+00,9.999994068945620151e-01,3.000000000000000000e+00,0.000000000000000000e+00
1.285678440836545116e-04,7.937003661578001523e-01,7.937005229944926743e-01,7.937005230738628514e-01,1.259921303603360077e+00,1.259920544997894076e+00,9.999994038945626551e-01,3.000000000000000000e+00,0.000000000000000000e+00
1.286678440836544869e-04,7.937003653640993805e-01,7.937005229944926743e-01,7.937005230738628514e-01,1.259921304863282021e+00,1.259920542478051964e+00,9.999994008945634061e-01,3.000000000000000000e+00,0.000000000000000000e+00
1.287678440836544081e-04,7.937003645703986088e-01,7.937005229944926743e-01,7.937005230738628514e-01,1.259921306123203966e+00,1.259920539958210073e+00,9.999993978945638240e-01,3.000000000000000000e+00,0.000000000000000000e+00
1.288067395833334045e-04,7.937003642616845545e-01,7.937005229944925633e-01,7.937005230738625183e-01,1.259921306613257963e+00,1.259920538978104965e+00,9.999993967276986639e-01,1.956250000002540013e+00,0.000000000000000000e+00
1.288081525166829080e-04,7.937003642504701917e-01,7.937005229902454051e-01,7.937005230738626294e-01,1.259921306631059057e+00,1.259920538942502111e+00,9.999993966853106819e-01,1.108489990251658952e+00,0.000000000000000000e+00
1.288112591227212969e-04,7.937003642258132485e-01,7.937005229661228123e-01,7.937005230738627404e-01,1.259921306670199970e+00,1.259920538864220063e+00,9.999993965921127881e-01,0.000000000000000000e+00,0.000000000000000000e+00
1.288528440836581045e-04,7.937003638957523810e-01,7.937005226360617227e-01,7.937005230738622963e-01,1.259921307194139084e+00,1.259920537816342945e+00,9.999993953445633910e-01,0.000000000000000000e+00,0.000000000000000000e+00
1.289528440836581070e-04,7.937003631020509431e-01,7.937005218423607289e-01,7.937005230738614081e-01,1.259921308454061917e+00,1.259920535296499056e+00,9.999993923445626987e-01,0.000000000000000000e+00,0.000000000000000000e+00
1.290528440836580010e-04,7.937003623083497272e-01,7.937005210486598461e-01,7.937005230738610750e-01,1.259921309713984972e+00,1.259920532776654944e+00,9.999993893445618953e-01,0.000000000000000000e+00,0.000000000000000000e+00
1.291528440836578950e-04,7.937003615146484004e-01,7.937005202549588523e-01,7.937005230738610750e-01,1.259921310973906916e+00,1.259920530256811055e+00,9.999993863445609810e-01,0.000000000000000000e+00,0.000000000000000000e+00
1.292528440836578974e-04,7.937003607209467404e-01,7.937005194612578585e-01,7.937005230738610750e-01,1.259921312233831081e+00,1.259920527736966944e+00,9.999993833445591784e-01,0.000000000000000000e+00,0.000000000000000000e+00
1.293528440836577914e-04,7.937003599272454135e-01,7.937005186675573087e-01,7.937005230738602979e-01,1.259921313493753026e+00,1.259920525217121945e+00,9.999993803445577090e-01,0.000000000000000000e+00,0.000000000000000000e+00
1.294528440836577939e-04,7.937003591335440866e-01,7.937005178738562039e-01,7.937005230738602979e-01,1.259921314753676080e+00,1.259920522697278056e+00,9.999993773445556844e-01,0.000000000000000000e+00,0.000000000000000000e+00
1.295528440836576879e-04,7.937003583398427597e-01,7.937005170801554321e-01,7.937005230738604089e-01,1.259921316013598913e+00,1.259920520177433056e+00,9.999993743445534378e-01,0.000000000000000000e+00,0.000000000000000000e+00
1.296528440836576903e-04,7.937003575461413218e-01,7.937005162864545493e-01,7.937005230738604089e-01,1.259921317273521968e+00,1.259920517657590056e+00,9.999993713445514132e-01,0.000000000000000000e+00,0.000000000000000000e+00
1.297528440836576114e-04,7.937003567524401060e-01,7.937005154927537776e-01,7.937005230738604089e-01,1.259921318533445023e+00,1.259920515137745056e+00,9.999993683445496107e-01,0.000000000000000000e+00,0.000000000000000000e+00
1.298528440836575868e-04,7.937003559587385570e-01,7.937005146990530058e-01,7.937005230738602979e-01,1.259921319793368077e+00,1.259920512617900945e+00,9.999993653445480302e-01,0.000000000000000000e+00,0.000000000000000000e+00
1.299528440836575079e-04,7.937003551650374522e-01,7.937005139053521230e-01,7.937005230738604089e-01,1.259921321053290022e+00,1.259920510098057056e+00,9.999993623445457835e-01,0.000000000000000000e+00,0.000000000000000000e+00
1.300015000000000122e-04,7.937003547788544777e-01,7.937005135191692595e-01,7.937005230738604089e-01,1.259921321666318095e+00,1.259920508872002909e+00,9.999993608848674054e-01,0.000000000000000000e+00,8.999999999979076959e-01
1.300027028299966957e-04,7.937003570751102188e-01,7.937005135096226738e-01,7.937005230772543607e-01,1.259921318021238079e+00,1.259920508852468979e+00,9.999993608487895980e-01,0.000000000000000000e+00,1.621697998040487088e+00
1.300055396240232947e-04,7.937003939957960608e-01,7.937005134871075729e-01,7.937005236742401548e-01,1.259921259413280037e+00,1.259920510676296956e+00,9.999993607721648914e-01,0.000000000000000000e+00,3.000000000000000000e+00
1.300278440836548127e-04,7.937005058636437127e-01,7.937005133100778487e-01,7.937005455299234180e-01,1.259921081834104895e+00,1.259920579516466965e+00,9.999993632519615927e-01,0.000000000000000000e+00,3.000000000000000000e+00
1.301278440836547068e-04,7.937005124610500006e-01,7.937005125163772989e-01,7.937006295988349169e-01,1.259921071361377098e+00,1.259920851654195095e+00,9.999994637906419737e-01,0.000000000000000000e+00,3.000000000000000000e+00
1.302278440836547092e-04,7.937005117238964402e-01,7.937005117226765272e-01,7.937006476528245535e-01,1.259921072531535069e+00,1.259920949943597046e+00,9.999996249715544794e-01,0.000000000000000000e+00,3.000000000000000000e+00
1.303278440836546032e-04,7.937005109289616556e-01,7.937005109289756444e-01,7.937006328670239697e-01,1.259921073793415891e+00,1.259920983918570103e+00,9.999997592474979546e-01,0.000000000000000000e+00,3.000000000000000000e+00
1.304278440836546056e-04,7.937005101352746506e-01,7.937005101352746506e-01,7.937006058816329368e-01,1.259921075053314965e+00,1.259920994606545941e+00,9.999998457403618257e-01,0.000000000000000000e+00,3.000000000000000000e+00
1.305278440836544996e-04,7.937005093415735457e-01,7.937005093415736567e-01,7.937005791617768313e-01,1.259921076313238020e+00,1.259920996866791931e+00,9.999998937480760741e-01,0.000000000000000000e+00,3.000000000000000000e+00
1.306278440836545021e-04,7.937005085478726629e-01,7.937005085478727739e-01,7.937005581271413535e-01,1.259921077573159076e+00,1.259920996076927979e+00,9.999999174709464089e-01,0.000000000000000000e+00,3.000000000000000000e+00
1.307278440836543961e-04,7.937005077541721132e-01,7.937005077541721132e-01,7.937005436499402489e-01,1.259921078833079910e+00,1.259920994183187037e+00,9.999999276841790019e-01,0.000000000000000000e+00,3.000000000000000000e+00
1.308055000000000133e-04,7.937005071378163690e-01,7.937005071378161469e-01,7.937005362099549544e-01,1.259921079811483935e+00,1.259920992420104024e+00,9.999999306016962297e-01,0.000000000000000000e+00,2.700000000001375078e+00
1.308074779866537124e-04,7.937005071221172603e-01,7.937005071221168162e-01,7.937005360565407841e-01,1.259921079836404889e+00,1.259920992373420923e+00,9.999999306386192499e-01,0.000000000000000000e+00,1.513208007814456080e+00
1.308101798746745114e-04,7.937005071006726364e-01,7.937005071006717483e-01,7.937005358494904073e-01,1.259921079870446103e+00,1.259920992309556009e+00,9.999999306867564108e-01,0.000000000000000000e+00,0.000000000000000000e+00
1.308213321044917883e-04,7.937005070121567751e-01,7.937005070121565531e-01,7.937005350254502378e-01,1.259921080010955929e+00,1.259920992044794907e+00,9.999999308579302637e-01,0.000000000000000000e+00,0.000000000000000000e+00
1.309128440836580950e-04,7.937005062858244475e-01,7.937005062858250026e-01,7.937005298560995126e-01,1.259921081163936973e+00,1.259920989821990966e+00,9.999999309642167988e-01,0.000000000000000000e+00,0.000000000000000000e+00
1.310128440836579890e-04,7.937005054921227876e-01,7.937005054921244529e-01,7.937005266040287887e-01,1.259921082423860028e+00,1.259920987336984100e+00,9.999999294228189006e-01,0.000000000000000000e+00,0.000000000000000000e+00
1.311128440836579914e-04,7.937005046984210166e-01,7.937005046984235701e-01,7.937005248578486993e-01,1.259921083683783083e+00,1.259920984829749901e+00,9.999999270645543170e-01,0.000000000000000000e+00,0.000000000000000000e+00
1.312128440836579125e-04,7.937005039047192456e-01,7.937005039047225763e-01,7.937005239529881795e-01,1.259921084943705916e+00,1.259920982314467919e+00,9.999999243420180095e-01,0.000000000000000000e+00,0.000000000000000000e+00
1.313128440836578879e-04,7.937005031110173636e-01,7.937005031110216935e-01,7.937005234977776436e-01,1.259921086203628970e+00,1.259920979796272933e+00,9.999999214602525166e-01,0.000000000000000000e+00,0.000000000000000000e+00
1.314128440836578090e-04,7.937005023173154816e-01,7.937005023173208107e-01,7.937005232744456240e-01,1.259921087463552913e+00,1.259920977277025012e+00,9.999999185100154619e-01,0.000000000000000000e+00,0.000000000000000000e+00
1.315128440836578114e-04,7.937005015236138217e-01,7.937005015236200389e-01,7.937005231672086270e-01,1.259921088723475968e+00,1.259920974757394951e+00,9.999999155307370824e-01,0.000000000000000000e+00,0.000000000000000000e+00
1.316128440836577054e-04,7.937005007299120507e-01,7.937005007299194892e-01,7.937005231166688324e-01,1.259921089983399023e+00,1.259920972237627890e+00,9.999999125392849963e-01,0.000000000000000000e+00,0.000000000000000000e+00
1.317128440836577079e-04,7.937004999362102797e-01,7.937004999362184954e-01,7.937005230932363542e-01,1.259921091243320967e+00,1.259920969717809980e+00,9.999999095427812845e-01,0.000000000000000000e+00,0.000000000000000000e+00
1.318128440836576019e-04,7.937004991425085088e-01,7.937004991425176126e-01,7.937005230825275870e-01,1.259921092503244022e+00,1.259920967197974084e+00,9.999999065441995683e-01,0.000000000000000000e+00,0.000000000000000000e+00
1.319128440836576043e-04,7.937004983488067378e-01,7.937004983488168408e-01,7.937005230776960074e-01,1.259921093763167965e+00,1.259920964678131972e+00,9.999999035447698637e-01,0.000000000000000000e+00,0.000000000000000000e+00
1.320128440836574983e-04,7.937004975551049668e-01,7.937004975551160690e-01,7.937005230755410645e-01,1.259921095023091020e+00,1.259920962158286972e+00,9.999999005449955458e-01,0.000000000000000000e+00,0.000000000000000000e+00
1.321128440836573923e-04,7.937004967614031958e-01,7.937004967614152973e-01,7.937005230745904916e-01,1.259921096283014075e+00,1.259920959638441973e+00,9.999998975450830052e-01,0.000000000000000000e+00,0.000000000000000000e+00
1.322128440836573948e-04,7.937004959677014249e-01,7.937004959677147475e-01,7.937005230741748241e-01,1.259921097542936907e+00,1.259920957118596974e+00,9.999998945451155086e-01,0.000000000000000000e+00,0.000000000000000000e+00
1.323128440836572888e-04,7.937004951739996539e-01,7.937004951740136427e-01,7.937005230739945238e-01,1.259921098802859962e+00,1.259920954598749976e+00,9.999998915451254744e-01,0.000000000000000000e+00,0.000000000000000000e+00
1.324128440836572912e-04,7.937004943802978829e-01,7.937004943803127599e-01,7.937005230739171413e-01,1.259921100062783017e+00,1.259920952078904977e+00,9.999998885451271136e-01,0.000000000000000000e+00,0.000000000000000000e+00
1.325128440836572123e-04,7.937004935865961119e-01,7.937004935866119881e-01,7.937005230738837236e-01,1.259921101322706960e+00,1.259920949559057979e+00,9.999998855451244228e-01,0.000000000000000000e+00,0.000000000000000000e+00
1.326128440836571876e-04,7.937004927928943410e-01,7.937004927929111053e-01,7.937005230738697348e-01,1.259921102582630015e+00,1.259920947039212091e+00,9.999998825451209550e-01,0.000000000000000000e+00,0.000000000000000000e+00
1.327128440836571088e-04,7.937004919991925700e-01,7.937004919992103336e-01,7.937005230738635175e-01,1.259921103842553070e+00,1.259920944519365982e+00,9.999998795451172651e-01,0.000000000000000000e+00,0.000000000000000000e+00
1.328128440836571112e-04,7.937004912054907990e-01,7.937004912055097838e-01,7.937005230738614081e-01,1.259921105102475902e+00,1.259920941999520094e+00,9.999998765451127980e-01,0.000000000000000000e+00,0.000000000000000000e+00
1.329128440836570052e-04,7.937004904117889170e-01,7.937004904118090121e-01,7.937005230738602979e-01,1.259921106362398957e+00,1.259920939479675095e+00,9.999998735451084420e-01,0.000000000000000000e+00,0.000000000000000000e+00
1.330128440836570076e-04,7.937004896180871460e-01,7.937004896181080182e-01,7.937005230738598538e-01,1.259921107622322012e+00,1.259920936959830096e+00,9.999998705451040859e-01,0.000000000000000000e+00,0.000000000000000000e+00
1.331128440836569016e-04,7.937004888243853751e-01,7.937004888244071354e-01,7.937005230738592987e-01,1.259921108882245955e+00,1.259920934439981988e+00,9.999998675450998409e-01,0.000000000000000000e+00,0.000000000000000000e+00
1.332128440836569041e-04,7.937004880306836041e-01,7.937004880307063637e-01,7.937005230738590766e-01,1.259921110142169010e+00,1.259920931920136100e+00,9.999998645450948187e-01,0.000000000000000000e+00,0.000000000000000000e+00
1.333128440836567981e-04,7.937004872369817221e-01,7.937004872370054809e-01,7.937005230738590766e-01,1.259921111402092064e+00,1.259920929400291101e+00,9.999998615450900186e-01,0.000000000000000000e+00,0.000000000000000000e+00
1.334128440836568005e-04,7.937004864432799511e-01,7.937004864433047091e-01,7.937005230738590766e-01,1.259921112662014897e+00,1.259920926880444991e+00,9.999998585450856625e-01,0.000000000000000000e+00,0.000000000000000000e+00
1.335128440836566945e-04,7.937004856495782912e-01,7.937004856496039373e-01,7.937005230738590766e-01,1.259921113921937952e+00,1.259920924360599104e+00,9.999998555450815285e-01,0.000000000000000000e+00,0.000000000000000000e+00
1.336128440836566969e-04,7.937004848558765202e-01,7.937004848559033876e-01,7.937005230738589656e-01,1.259921115181861895e+00,1.259920921840752994e+00,9.999998525450770614e-01,0.000000000000000000e+00,0.000000000000000000e+00
1.337128440836565910e-04,7.937004840621747492e-01,7.937004840622027269e-01,7.937005230738590766e-01,1.259921116441784950e+00,1.259920919320905996e+00,9.999998495450731495e-01,0.000000000000000000e+00,0.000000000000000000e+00
1.338128440836565934e-04,7.937004832684728672e-01,7.937004832685020661e-01,7.937005230738589656e-01,1.259921117701708004e+00,1.259920916801060997e+00,9.999998465450690155e-01,0.000000000000000000e+00,0.000000000000000000e+00
1.339128440836564874e-04,7.937004824747710963e-01,7.937004824748011833e-01,7.937005230738589656e-01,1.259921118961631059e+00,1.259920914281215110e+00,9.999998435450639933e-01,0.000000000000000000e+00,0.000000000000000000e+00
1.340128440836564898e-04,7.937004816810694363e-01,7.937004816811000785e-01,7.937005230738590766e-01,1.259921120221553892e+00,1.259920911761369000e+00,9.999998405450595262e-01,0.000000000000000000e+00,0.000000000000000000e+00
1.341128440836564109e-04,7.937004808873676653e-01,7.937004808873993067e-01,7.937005230738590766e-01,1.259921121481476947e+00,1.259920909241524001e+00,9.999998375450555033e-01,0.000000000000000000e+00,0.000000000000000000e+00
1.342128440836564134e-04,7.937004800936658944e-01,7.937004800936985349e-01,7.937005230738590766e-01,1.259921122741400001e+00,1.259920906721677891e+00,9.999998345450510362e-01,0.000000000000000000e+00,0.000000000000000000e+00
1.343128440836563074e-04,7.937004792999640124e-01,7.937004792999979852e-01,7.937005230738590766e-01,1.259921124001323944e+00,1.259920904201832004e+00,9.999998315450470132e-01,0.000000000000000000e+00,0.000000000000000000e+00
1.344128440836563098e-04,7.937004785062622414e-01,7.937004785062972134e-01,7.937005230738589656e-01,1.259921125261246999e+00,1.259920901681985006e+00,9.999998285450425461e-01,0.000000000000000000e+00,0.000000000000000000e+00
1.345128440836562038e-04,7.937004777125604704e-01,7.937004777125962196e-01,7.937005230738589656e-01,1.259921126521170054e+00,1.259920899162138896e+00,9.999998255450377460e-01,0.000000000000000000e+00,0.000000000000000000e+00
1.346128440836562063e-04,7.937004769188586994e-01,7.937004769188953368e-01,7.937005230738590766e-01,1.259921127781093109e+00,1.259920896642293009e+00,9.999998225450328349e-01,0.000000000000000000e+00,0.000000000000000000e+00
1.347128440836561003e-04,7.937004761251569285e-01,7.937004761251944540e-01,7.937005230738589656e-01,1.259921129041015941e+00,1.259920894122446899e+00,9.999998195450287009e-01,0.000000000000000000e+00,0.000000000000000000e+00
1.348128440836559943e-04,7.937004753314550465e-01,7.937004753314936822e-01,7.937005230738589656e-01,1.259921130300940106e+00,1.259920891602601012e+00,9.999998165450240117e-01,0.000000000000000000e+00,0.000000000000000000e+00
1.349128440836559967e-04,7.937004745377533865e-01,7.937004745377929105e-01,7.937005230738590766e-01,1.259921131560862051e+00,1.259920889082754902e+00,9.999998135450197667e-01,0.000000000000000000e+00,0.000000000000000000e+00
1.350128440836558907e-04,7.937004737440516156e-01,7.937004737440922497e-01,7.937005230738590766e-01,1.259921132820785994e+00,1.259920886562909015e+00,9.999998105450151886e-01,0.000000000000000000e+00,0.000000000000000000e+00
1.351128440836558932e-04,7.937004729503498446e-01,7.937004729503917000e-01,7.937005230738590766e-01,1.259921134080709049e+00,1.259920884043062905e+00,9.999998075450107216e-01,0.000000000000000000e+00,0.000000000000000000e+00
1.352128440836557872e-04,7.937004721566480736e-01,7.937004721566909282e-01,7.937005230738590766e-01,1.259921135340632103e+00,1.259920881523217906e+00,9.999998045450062545e-01,0.000000000000000000e+00,0.000000000000000000e+00
1.353128440836557896e-04,7.937004713629463026e-01,7.937004713629901564e-01,7.937005230738589656e-01,1.259921136600556046e+00,1.259920879003372018e+00,9.999998015450020095e-01,0.000000000000000000e+00,0.000000000000000000e+00
1.354128440836557107e-04,7.937004705692445317e-01,7.937004705692896067e-01,7.937005230738589656e-01,1.259921137860479101e+00,1.259920876483527019e+00,9.999997985449979865e-01,0.000000000000000000e+00,0.000000000000000000e+00
1.355128440836557131e-04,7.937004697755427607e-01,7.937004697755891680e-01,7.937005230738590766e-01,1.259921139120401934e+00,1.259920873963680021e+00,9.999997955449940745e-01,0.000000000000000000e+00,0.000000000000000000e+00
1.356128440836556071e-04,7.937004689818409897e-01,7.937004689818883962e-01,7.937005230738590766e-01,1.259921140380324989e+00,1.259920871443835022e+00,9.999997925449897185e-01,0.000000000000000000e+00,0.000000000000000000e+00
1.357128440836556096e-04,7.937004681881392187e-01,7.937004681881876245e-01,7.937005230738589656e-01,1.259921141640248043e+00,1.259920868923988913e+00,9.999997895449854735e-01,0.000000000000000000e+00,0.000000000000000000e+00
1.358128440836555036e-04,7.937004673944374478e-01,7.937004673944869637e-01,7.937005230738589656e-01,1.259921142900171986e+00,1.259920866404143025e+00,9.999997865449815615e-01,0.000000000000000000e+00,0.000000000000000000e+00
1.359128440836555060e-04,7.937004666007354547e-01,7.937004666007857479e-01,7.937005230738589656e-01,1.259921144160095041e+00,1.259920863884296915e+00,9.999997835449769834e-01,0.000000000000000000e+00,0.000000000000000000e+00
1.360128440836554000e-04,7.937004658070337948e-01,7.937004658070850871e-01,7.937005230738589656e-01,1.259921145420018096e+00,1.259920861364451028e+00,9.999997805449725163e-01,0.000000000000000000e+00,0.000000000000000000e+00
1.361128440836554025e-04,7.937004650133320238e-01,7.937004650133843153e-01,7.937005230738589656e-01,1.259921146679940929e+00,1.259920858844604918e+00,9.999997775449682713e-01,0.000000000000000000e+00,0.000000000000000000e+00
1.362128440836552965e-04,7.937004642196302528e-01,7.937004642196836546e-01,7.937005230738590766e-01,1.259921147939865094e+00,1.259920856324759031e+00,9.999997745449639153e-01,0.000000000000000000e+00,0.000000000000000000e+00
1.363128440836552989e-04,7.937004634259284819e-01,7.937004634259831048e-01,7.937005230738589656e-01,1.259921149199787926e+00,1.259920853804914032e+00,9.999997715449594482e-01,0.000000000000000000e+00,0.000000000000000000e+00
1.364128440836551929e-04,7.937004626322267109e-01,7.937004626322823331e-01,7.937005230738589656e-01,1.259921150459710981e+00,1.259920851285067922e+00,9.999997685449554252e-01,0.000000000000000000e+00,0.000000000000000000e+00
1.365128440836551953e-04,7.937004618385249399e-01,7.937004618385817833e-01,7.937005230738589656e-01,1.259921151719634036e+00,1.259920848765222035e+00,9.999997655449511802e-01,0.000000000000000000e+00,0.000000000000000000e+00
1.366128440836550894e-04,7.937004610448231690e-01,7.937004610448812336e-01,7.937005230738589656e-01,1.259921152979557979e+00,1.259920846245375925e+00,9.999997625449467131e-01,0.000000000000000000e+00,0.000000000000000000e+00
1.367128440836550918e-04,7.937004602511213980e-01,7.937004602511805729e-01,7.937005230738589656e-01,1.259921154239481034e+00,1.259920843725530037e+00,9.999997595449426901e-01,0.000000000000000000e+00,0.000000000000000000e+00
1.368128440836550129e-04,7.937004594574196270e-01,7.937004594574798011e-01,7.937005230738589656e-01,1.259921155499404088e+00,1.259920841205683928e+00,9.999997565449385561e-01,0.000000000000000000e+00,0.000000000000000000e+00
1.369128440836549882e-04,7.937004586637178560e-01,7.937004586637790293e-01,7.937005230738589656e-01,1.259921156759326921e+00,1.259920838685838040e+00,9.999997535449338670e-01,0.000000000000000000e+00,0.000000000000000000e+00
1.370128440836549093e-04,7.937004578700160851e-01,7.937004578700787016e-01,7.937005230738589656e-01,1.259921158019249976e+00,1.259920836165991931e+00,9.999997505449297330e-01,0.000000000000000000e+00,0.000000000000000000e+00
1.371128440836549118e-04,7.937004570763143141e-01,7.937004570763781519e-01,7.937005230738589656e-01,1.259921159279173919e+00,1.259920833646146043e+00,9.999997475449253770e-01,0.000000000000000000e+00,0.000000000000000000e+00
1.372128440836548058e-04,7.937004562826125431e-01,7.937004562826771581e-01,7.937005230738589656e-01,1.259921160539096974e+00,1.259920831126299934e+00,9.999997445449213540e-01,0.000000000000000000e+00,0.000000000000000000e+00
1.373128440836548082e-04,7.937004554889108832e-01,7.937004554889764973e-01,7.937005230738589656e-01,1.259921161799020028e+00,1.259920828606454046e+00,9.999997415449171090e-01,0.000000000000000000e+00,0.000000000000000000e+00
1.374128440836547022e-04,7.937004546952091122e-01,7.937004546952758366e-01,7.937005230738589656e-01,1.259921163058943083e+00,1.259920826086609047e+00,9.999997385449133080e-01,0.000000000000000000e+00,0.000000000000000000e+00
1.375128440836547047e-04,7.937004539015077853e-01,7.937004539015749538e-01,7.937005230738589656e-01,1.259921164318865916e+00,1.259920823566764048e+00,9.999997355449090630e-01,0.000000000000000000e+00,0.000000000000000000e+00
1.376128440836545987e-04,7.937004531078061254e-01,7.937004531078741820e-01,7.937005230738590766e-01,1.259921165578788971e+00,1.259920821046919048e+00,9.999997325449051511e-01,0.000000000000000000e+00,0.000000000000000000e+00
1.377128440836544927e-04,7.937004523141043544e-01,7.937004523141734103e-01,7.937005230738590766e-01,1.259921166838712026e+00,1.259920818527072939e+00,9.999997295449019052e-01,0.000000000000000000e+00,0.000000000000000000e+00
1.378128440836544951e-04,7.937004515204025834e-01,7.937004515204726385e-01,7.937005230738590766e-01,1.259921168098635968e+00,1.259920816007227051e+00,9.999997265448975492e-01,0.000000000000000000e+00,0.000000000000000000e+00
1.379128440836543891e-04,7.937004507267007014e-01,7.937004507267719777e-01,7.937005230738590766e-01,1.259921169358559023e+00,1.259920813487382052e+00,9.999997235448940813e-01,0.000000000000000000e+00,0.000000000000000000e+00
1.380128440836543915e-04,7.937004499329990415e-01,7.937004499330712060e-01,7.937005230738589656e-01,1.259921170618482078e+00,1.259920810967535942e+00,9.999997205448902804e-01,0.000000000000000000e+00,0.000000000000000000e+00
1.381128440836543127e-04,7.937004491392972705e-01,7.937004491393703232e-01,7.937005230738589656e-01,1.259921171878404911e+00,1.259920808447690055e+00,9.999997175448865905e-01,0.000000000000000000e+00,0.000000000000000000e+00
1.382128440836542880e-04,7.937004483455954995e-01,7.937004483456695514e-01,7.937005230738589656e-01,1.259921173138329076e+00,1.259920805927845056e+00,9.999997145448824565e-01,0.000000000000000000e+00,0.000000000000000000e+00
1.383128440836542091e-04,7.937004475518937285e-01,7.937004475519687796e-01,7.937005230738589656e-01,1.259921174398251908e+00,1.259920803407998058e+00,9.999997115448781004e-01,0.000000000000000000e+00,0.000000000000000000e+00
1.384128440836542115e-04,7.937004467581919576e-01,7.937004467582683409e-01,7.937005230738589656e-01,1.259921175658174963e+00,1.259920800888153058e+00,9.999997085448736334e-01,0.000000000000000000e+00,0.000000000000000000e+00
1.385128440836541055e-04,7.937004459644901866e-01,7.937004459645674581e-01,7.937005230738589656e-01,1.259921176918098018e+00,1.259920798368308059e+00,9.999997055448697214e-01,0.000000000000000000e+00,0.000000000000000000e+00
1.386128440836541080e-04,7.937004451707885266e-01,7.937004451708665753e-01,7.937005230738589656e-01,1.259921178178021961e+00,1.259920795848461950e+00,9.999997025448660315e-01,0.000000000000000000e+00,0.000000000000000000e+00
1.387128440836540020e-04,7.937004443770867557e-01,7.937004443771660256e-01,7.937005230738589656e-01,1.259921179437945016e+00,1.259920793328616950e+00,9.999996995448627857e-01,0.000000000000000000e+00,0.000000000000000000e+00
1.388128440836540044e-04,7.937004435833850957e-01,7.937004435834655869e-01,7.937005230738589656e-01,1.259921180697868071e+00,1.259920790808769953e+00,9.999996965448587627e-01,0.000000000000000000e+00,0.000000000000000000e+00
1.389128440836538984e-04,7.937004427896835468e-01,7.937004427897648151e-01,7.937005230738590766e-01,1.259921181957790015e+00,1.259920788288924953e+00,9.999996935448544066e-01,0.000000000000000000e+00,0.000000000000000000e+00
1.390128440836539009e-04,7.937004419959818868e-01,7.937004419960640433e-01,7.937005230738590766e-01,1.259921183217713958e+00,1.259920785769079954e+00,9.999996905448509388e-01,0.000000000000000000e+00,0.000000000000000000e+00
1.391128440836537949e-04,7.937004412022802269e-01,7.937004412023632716e-01,7.937005230738590766e-01,1.259921184477637013e+00,1.259920783249234955e+00,9.999996875448474709e-01,0.000000000000000000e+00,0.000000000000000000e+00
1.392128440836537973e-04,7.937004404085784559e-01,7.937004404086627218e-01,7.937005230738589656e-01,1.259921185737560956e+00,1.259920780729389067e+00,9.999996845448437810e-01,0.000000000000000000e+00,0.000000000000000000e+00
1.393128440836536913e-04,7.937004396148766849e-01,7.937004396149619501e-01,7.937005230738589656e-01,1.259921186997482900e+00,1.259920778209544068e+00,9.999996815448402021e-01,0.000000000000000000e+00,0.000000000000000000e+00
1.394128440836536937e-04,7.937004388211749140e-01,7.937004388212610673e-01,7.937005230738589656e-01,1.259921188257407065e+00,1.259920775689697958e+00,9.999996785448364012e-01,0.000000000000000000e+00,0.000000000000000000e+00
1.395128440836535878e-04,7.937004380274730320e-01,7.937004380275601845e-01,7.937005230738589656e-01,1.259921189517329898e+00,1.259920773169852071e+00,9.999996755448323782e-01,0.000000000000000000e+00,0.000000000000000000e+00
1.396128440836535902e-04,7.937004372337714830e-01,7.937004372338593017e-01,7.937005230738589656e-01,1.259921190777252953e+00,1.259920770650005961e+00,9.999996725448279111e-01,0.000000000000000000e+00,0.000000000000000000e+00
1.397128440836535113e-04,7.937004364400697121e-01,7.937004364401583079e-01,7.937005230738590766e-01,1.259921192037176896e+00,1.259920768130160074e+00,9.999996695448241102e-01,0.000000000000000000e+00,0.000000000000000000e+00
1.398128440836534866e-04,7.937004356463680521e-01,7.937004356464576471e-01,7.937005230738590766e-01,1.259921193297099951e+00,1.259920765610313964e+00,9.999996665448198652e-01,0.000000000000000000e+00,0.000000000000000000e+00
1.399128440836534077e-04,7.937004348526663922e-01,7.937004348527568753e-01,7.937005230738589656e-01,1.259921194557023005e+00,1.259920763090468965e+00,9.999996635448161753e-01,0.000000000000000000e+00,0.000000000000000000e+00
1.400128440836534102e-04,7.937004340589651763e-01,7.937004340590559925e-01,7.937005230738590766e-01,1.259921195816944950e+00,1.259920760570623965e+00,9.999996605448121523e-01,0.000000000000000000e+00,0.000000000000000000e+00
1.401128440836533042e-04,7.937004332652637384e-01,7.937004332653552208e-01,7.937005230738590766e-01,1.259921197076868005e+00,1.259920758050778966e+00,9.999996575448084624e-01,0.000000000000000000e+00,0.000000000000000000e+00
1.402128440836533066e-04,7.937004324715623005e-01,7.937004324716543380e-01,7.937005230738591877e-01,1.259921198336791059e+00,1.259920755530935077e+00,9.999996545448055496e-01,0.000000000000000000e+00,0.000000000000000000e+00
1.403128440836532006e-04,7.937004316778605295e-01,7.937004316779538993e-01,7.937005230738596318e-01,1.259921199596715002e+00,1.259920753011090078e+00,9.999996515448033030e-01,0.000000000000000000e+00,0.000000000000000000e+00
1.404128440836530946e-04,7.937004308841587585e-01,7.937004308842533495e-01,7.937005230738596318e-01,1.259921200856638057e+00,1.259920750491243968e+00,9.999996485447998351e-01,0.000000000000000000e+00,0.000000000000000000e+00
1.405128440836530971e-04,7.937004300904570986e-01,7.937004300905525778e-01,7.937005230738595207e-01,1.259921202116560890e+00,1.259920747971398969e+00,9.999996455447963672e-01,0.000000000000000000e+00,0.000000000000000000e+00
1.406128440836529911e-04,7.937004292967553276e-01,7.937004292968521391e-01,7.937005230738595207e-01,1.259921203376483945e+00,1.259920745451553969e+00,9.999996425447931214e-01,0.000000000000000000e+00,0.000000000000000000e+00
1.407128440836529935e-04,7.937004285030536677e-01,7.937004285031512563e-01,7.937005230738595207e-01,1.259921204636406999e+00,1.259920742931708970e+00,9.999996395447895425e-01,0.000000000000000000e+00,0.000000000000000000e+00
1.408128440836528875e-04,7.937004277093523408e-01,7.937004277094504845e-01,7.937005230738596318e-01,1.259921205896330054e+00,1.259920740411863083e+00,9.999996365447859636e-01,0.000000000000000000e+00,0.000000000000000000e+00
1.409128440836528899e-04,7.937004269156504588e-01,7.937004269157497127e-01,7.937005230738595207e-01,1.259921207156253109e+00,1.259920737892016973e+00,9.999996335447824958e-01,0.000000000000000000e+00,0.000000000000000000e+00
1.410128440836528111e-04,7.937004261219487988e-01,7.937004261220492740e-01,7.937005230738595207e-01,1.259921208416177052e+00,1.259920735372171974e+00,9.999996305447790279e-01,0.000000000000000000e+00,0.000000000000000000e+00
1.411128440836528135e-04,7.937004253282470279e-01,7.937004253283488353e-01,7.937005230738596318e-01,1.259921209676100107e+00,1.259920732852326086e+00,9.999996275447754490e-01,0.000000000000000000e+00,0.000000000000000000e+00
1.412128440836527075e-04,7.937004245345452569e-01,7.937004245346479525e-01,7.937005230738595207e-01,1.259921210936022939e+00,1.259920730332479977e+00,9.999996245447716481e-01,0.000000000000000000e+00,0.000000000000000000e+00
1.413128440836527099e-04,7.937004237408434859e-01,7.937004237409470697e-01,7.937005230738594097e-01,1.259921212195947104e+00,1.259920727812634977e+00,9.999996215447677361e-01,0.000000000000000000e+00,0.000000000000000000e+00
1.414128440836526039e-04,7.937004229471416039e-01,7.937004229472465200e-01,7.937005230738587436e-01,1.259921213455869937e+00,1.259920725292789090e+00,9.999996185447637131e-01,0.000000000000000000e+00,0.000000000000000000e+00
1.415128440836526064e-04,7.937004221534400550e-01,7.937004221535459703e-01,7.937005230738588546e-01,1.259921214715792992e+00,1.259920722772942980e+00,9.999996155447606894e-01,0.000000000000000000e+00,0.000000000000000000e+00
1.416128440836525004e-04,7.937004213597382840e-01,7.937004213598454205e-01,7.937005230738588546e-01,1.259921215975716047e+00,1.259920720253097981e+00,9.999996125447568884e-01,0.000000000000000000e+00,0.000000000000000000e+00
1.417128440836525028e-04,7.937004205660366241e-01,7.937004205661447598e-01,7.937005230738588546e-01,1.259921217235639102e+00,1.259920717733252982e+00,9.999996095447529765e-01,0.000000000000000000e+00,0.000000000000000000e+00
1.418128440836523968e-04,7.937004197723352972e-01,7.937004197724442101e-01,7.937005230738590766e-01,1.259921218495563044e+00,1.259920715213407094e+00,9.999996065447489535e-01,0.000000000000000000e+00,0.000000000000000000e+00
1.419128440836523993e-04,7.937004189786336372e-01,7.937004189787436603e-01,7.937005230738590766e-01,1.259921219755484989e+00,1.259920712693562095e+00,9.999996035447452636e-01,0.000000000000000000e+00,0.000000000000000000e+00
1.420128440836522933e-04,7.937004181849319773e-01,7.937004181850431106e-01,7.937005230738590766e-01,1.259921221015408932e+00,1.259920710173717096e+00,9.999996005447419067e-01,0.000000000000000000e+00,0.000000000000000000e+00
1.421128440836522957e-04,7.937004173912303173e-01,7.937004173913425609e-01,7.937005230738590766e-01,1.259921222275331987e+00,1.259920707653872096e+00,9.999995975447386609e-01,0.000000000000000000e+00,0.000000000000000000e+00
1.422128440836521897e-04,7.937004165975287684e-01,7.937004165976419001e-01,7.937005230738590766e-01,1.259921223535255042e+00,1.259920705134025987e+00,9.999995945447350820e-01,0.000000000000000000e+00,0.000000000000000000e+00
1.423128440836521921e-04,7.937004158038275525e-01,7.937004158039413504e-01,7.937005230738594097e-01,1.259921224795176986e+00,1.259920702614180987e+00,9.999995915447323913e-01,0.000000000000000000e+00,0.000000000000000000e+00
1.424128440836521133e-04,7.937004150101258926e-01,7.937004150102408007e-01,7.937005230738596318e-01,1.259921226055100929e+00,1.259920700094335988e+00,9.999995885447295896e-01,0.000000000000000000e+00,0.000000000000000000e+00
1.425128440836520886e-04,7.937004142164245657e-01,7.937004142165401399e-01,7.937005230738598538e-01,1.259921227315023984e+00,1.259920697574492099e+00,9.999995855447265658e-01,0.000000000000000000e+00,0.000000000000000000e+00
1.426128440836520097e-04,7.937004134227227947e-01,7.937004134228397012e-01,7.937005230738600758e-01,1.259921228574947039e+00,1.259920695054647988e+00,9.999995825447238751e-01,0.000000000000000000e+00,0.000000000000000000e+00
1.427128440836520121e-04,7.937004126290212458e-01,7.937004126291392625e-01,7.937005230738600758e-01,1.259921229834870093e+00,1.259920692534802100e+00,9.999995795447202962e-01,0.000000000000000000e+00,0.000000000000000000e+00
1.428128440836519061e-04,7.937004118353199189e-01,7.937004118354388238e-01,7.937005230738600758e-01,1.259921231094792038e+00,1.259920690014957989e+00,9.999995765447174945e-01,0.000000000000000000e+00,0.000000000000000000e+00
1.429128440836519086e-04,7.937004110416181479e-01,7.937004110417379410e-01,7.937005230738600758e-01,1.259921232354715981e+00,1.259920687495112990e+00,9.999995735447146927e-01,0.000000000000000000e+00,0.000000000000000000e+00
1.430128440836518026e-04,7.937004102479162659e-01,7.937004102480370582e-01,7.937005230738600758e-01,1.259921233614639924e+00,1.259920684975267102e+00,9.999995705447117800e-01,0.000000000000000000e+00,0.000000000000000000e+00
1.431128440836518050e-04,7.937004094542144950e-01,7.937004094543362864e-01,7.937005230738600758e-01,1.259921234874562979e+00,1.259920682455422103e+00,9.999995675447082011e-01,0.000000000000000000e+00,0.000000000000000000e+00
1.432128440836516990e-04,7.937004086605128350e-01,7.937004086606359587e-01,7.937005230738599648e-01,1.259921236134486033e+00,1.259920679935575993e+00,9.999995645447047332e-01,0.000000000000000000e+00,0.000000000000000000e+00
1.433128440836515930e-04,7.937004078668110640e-01,7.937004078669355200e-01,7.937005230738595207e-01,1.259921237394409088e+00,1.259920677415730994e+00,9.999995615447015984e-01,0.000000000000000000e+00,0.000000000000000000e+00
1.434128440836515955e-04,7.937004070731094041e-01,7.937004070732349703e-01,7.937005230738595207e-01,1.259921238654333031e+00,1.259920674895885107e+00,9.999995585446974644e-01,0.000000000000000000e+00,0.000000000000000000e+00
1.435128440836514895e-04,7.937004062794078552e-01,7.937004062795340875e-01,7.937005230738596318e-01,1.259921239914256086e+00,1.259920672376038997e+00,9.999995555446944406e-01,0.000000000000000000e+00,0.000000000000000000e+00
1.436128440836514919e-04,7.937004054857067503e-01,7.937004054858334268e-01,7.937005230738596318e-01,1.259921241174178030e+00,1.259920669856193998e+00,9.999995525446906397e-01,0.000000000000000000e+00,0.000000000000000000e+00
1.437128440836514130e-04,7.937004046920052014e-01,7.937004046921329881e-01,7.937005230738597428e-01,1.259921242434101085e+00,1.259920667336348998e+00,9.999995495446871718e-01,0.000000000000000000e+00,0.000000000000000000e+00
1.438128440836513883e-04,7.937004038983039855e-01,7.937004038984325494e-01,7.937005230738604089e-01,1.259921243694023030e+00,1.259920664816505109e+00,9.999995465446844811e-01,0.000000000000000000e+00,0.000000000000000000e+00
1.439128440836513095e-04,7.937004031046025476e-01,7.937004031047317776e-01,7.937005230738605199e-01,1.259921244953946085e+00,1.259920662296660998e+00,9.999995435446821235e-01,0.000000000000000000e+00,0.000000000000000000e+00
1.440128440836513119e-04,7.937004023109011097e-01,7.937004023110313389e-01,7.937005230738605199e-01,1.259921246213868917e+00,1.259920659776817109e+00,9.999995405446798769e-01,0.000000000000000000e+00,0.000000000000000000e+00
1.441128440836512059e-04,7.937004015171994498e-01,7.937004015173307891e-01,7.937005230738602979e-01,1.259921247473793082e+00,1.259920657256972110e+00,9.999995375446774082e-01,0.000000000000000000e+00,0.000000000000000000e+00
1.442128440836512083e-04,7.937004007234979008e-01,7.937004007236301284e-01,7.937005230738602979e-01,1.259921248733715915e+00,1.259920654737127110e+00,9.999995345446751616e-01,0.000000000000000000e+00,0.000000000000000000e+00
1.443128440836511023e-04,7.937003999297964629e-01,7.937003999299296897e-01,7.937005230738602979e-01,1.259921249993638970e+00,1.259920652217282111e+00,9.999995315446720268e-01,0.000000000000000000e+00,0.000000000000000000e+00
1.444128440836511048e-04,7.937003991360946920e-01,7.937003991362288069e-01,7.937005230738602979e-01,1.259921251253562025e+00,1.259920649697436890e+00,9.999995285446696691e-01,0.000000000000000000e+00,0.000000000000000000e+00
1.445128440836509988e-04,7.937003983423932540e-01,7.937003983425280351e-01,7.937005230738602979e-01,1.259921252513485079e+00,1.259920647177591890e+00,9.999995255446669784e-01,0.000000000000000000e+00,0.000000000000000000e+00
1.446128440836510012e-04,7.937003975486921492e-01,7.937003975488273744e-01,7.937005230738604089e-01,1.259921253773407024e+00,1.259920644657748001e+00,9.999995225446637326e-01,0.000000000000000000e+00,0.000000000000000000e+00
1.447128440836508952e-04,7.937003967549909333e-01,7.937003967551268246e-01,7.937005230738604089e-01,1.259921255033330079e+00,1.259920642137903002e+00,9.999995195446609308e-01,0.000000000000000000e+00,0.000000000000000000e+00
1.448128440836508977e-04,7.937003959612893844e-01,7.937003959614263859e-01,7.937005230738602979e-01,1.259921256293252911e+00,1.259920639618058891e+00,9.999995165446589063e-01,0.000000000000000000e+00,0.000000000000000000e+00
1.449128440836507917e-04,7.937003951675880575e-01,7.937003951677256142e-01,7.937005230738604089e-01,1.259921257553175966e+00,1.259920637098215002e+00,9.999995135446564376e-01,0.000000000000000000e+00,0.000000000000000000e+00
1.450128440836507941e-04,7.937003943738863976e-01,7.937003943740250644e-01,7.937005230738602979e-01,1.259921258813099021e+00,1.259920634578370890e+00,9.999995105446540800e-01,0.000000000000000000e+00,0.000000000000000000e+00
1.451128440836506881e-04,7.937003935801846266e-01,7.937003935803244037e-01,7.937005230738602979e-01,1.259921260073022076e+00,1.259920632058525891e+00,9.999995075446516113e-01,0.000000000000000000e+00,0.000000000000000000e+00
1.452128440836506905e-04,7.937003927864829667e-01,7.937003927866239650e-01,7.937005230738602979e-01,1.259921261332946019e+00,1.259920629538680004e+00,9.999995045446493647e-01,0.000000000000000000e+00,0.000000000000000000e+00
1.453128440836506116e-04,7.937003919927814177e-01,7.937003919929234153e-01,7.937005230738601869e-01,1.259921262592869073e+00,1.259920627018835004e+00,9.999995015446463409e-01,0.000000000000000000e+00,0.000000000000000000e+00
1.454128440836505870e-04,7.937003911990799798e-01,7.937003911992227545e-01,7.937005230738602979e-01,1.259921263852791906e+00,1.259920624498990005e+00,9.999994985446432061e-01,0.000000000000000000e+00,0.000000000000000000e+00
1.455128440836505081e-04,7.937003904053782088e-01,7.937003904055222048e-01,7.937005230738602979e-01,1.259921265112714961e+00,1.259920621979143895e+00,9.999994955446405154e-01,0.000000000000000000e+00,0.000000000000000000e+00
1.456128440836505105e-04,7.937003896116763269e-01,7.937003896118217661e-01,7.937005230738600758e-01,1.259921266372638016e+00,1.259920619459298896e+00,9.999994925446372696e-01,0.000000000000000000e+00,0.000000000000000000e+00
1.457128440836504045e-04,7.937003888179747779e-01,7.937003888181208833e-01,7.937005230738592987e-01,1.259921267632561959e+00,1.259920616939453897e+00,9.999994895446332466e-01,0.000000000000000000e+00,0.000000000000000000e+00
1.458128440836504070e-04,7.937003880242730069e-01,7.937003880244202225e-01,7.937005230738589656e-01,1.259921268892485013e+00,1.259920614419608009e+00,9.999994865446300008e-01,0.000000000000000000e+00,0.000000000000000000e+00
1.459128440836503010e-04,7.937003872305713470e-01,7.937003872307196728e-01,7.937005230738589656e-01,1.259921270152408956e+00,1.259920611899763010e+00,9.999994835446264219e-01,0.000000000000000000e+00,0.000000000000000000e+00
1.460128440836501950e-04,7.937003864368701311e-01,7.937003864370190120e-01,7.937005230738590766e-01,1.259921271412330901e+00,1.259920609379918011e+00,9.999994805446233981e-01,0.000000000000000000e+00,0.000000000000000000e+00
1.461128440836501974e-04,7.937003856431683602e-01,7.937003856433183513e-01,7.937005230738589656e-01,1.259921272672255066e+00,1.259920606860073011e+00,9.999994775446205963e-01,0.000000000000000000e+00,0.000000000000000000e+00
1.462128440836500914e-04,7.937003848494667002e-01,7.937003848496180236e-01,7.937005230738590766e-01,1.259921273932177899e+00,1.259920604340228012e+00,9.999994745446179056e-01,0.000000000000000000e+00,0.000000000000000000e+00
1.463128440836500939e-04,7.937003840557650403e-01,7.937003840559174739e-01,7.937005230738590766e-01,1.259921275192100953e+00,1.259920601820383013e+00,9.999994715446151039e-01,0.000000000000000000e+00,0.000000000000000000e+00
1.464128440836499879e-04,7.937003832620636024e-01,7.937003832622169242e-01,7.937005230738590766e-01,1.259921276452024008e+00,1.259920599300538013e+00,9.999994685446118581e-01,0.000000000000000000e+00,0.000000000000000000e+00
1.465128440836499903e-04,7.937003824683620534e-01,7.937003824685164854e-01,7.937005230738590766e-01,1.259921277711947063e+00,1.259920596780693014e+00,9.999994655446090563e-01,0.000000000000000000e+00,0.000000000000000000e+00
1.466128440836499114e-04,7.937003816746603935e-01,7.937003816748157137e-01,7.937005230738590766e-01,1.259921278971871006e+00,1.259920594260848015e+00,9.999994625446059215e-01,0.000000000000000000e+00,0.000000000000000000e+00
1.467128440836498867e-04,7.937003808809587335e-01,7.937003808811149419e-01,7.937005230738589656e-01,1.259921280231794061e+00,1.259920591741003015e+00,9.999994595446027867e-01,0.000000000000000000e+00,0.000000000000000000e+00
1.468128440836498079e-04,7.937003800872575177e-01,7.937003800874143922e-01,7.937005230738590766e-01,1.259921281491716005e+00,1.259920589221158016e+00,9.999994565445995409e-01,0.000000000000000000e+00,0.000000000000000000e+00
1.469128440836498103e-04,7.937003792935557467e-01,7.937003792937139535e-01,7.937005230738590766e-01,1.259921282751639948e+00,1.259920586701313905e+00,9.999994535445967392e-01,0.000000000000000000e+00,0.000000000000000000e+00
1.470128440836497043e-04,7.937003784998540867e-01,7.937003785000131817e-01,7.937005230738590766e-01,1.259921284011563003e+00,1.259920584181468017e+00,9.999994505445944926e-01,0.000000000000000000e+00,0.000000000000000000e+00
1.471128440836497067e-04,7.937003777061524268e-01,7.937003777063126320e-01,7.937005230738590766e-01,1.259921285271486946e+00,1.259920581661623018e+00,9.999994475445912467e-01,0.000000000000000000e+00,0.000000000000000000e+00
1.472128440836496007e-04,7.937003769124512109e-01,7.937003769126119712e-01,7.937005230738590766e-01,1.259921286531408890e+00,1.259920579141778019e+00,9.999994445445882230e-01,0.000000000000000000e+00,0.000000000000000000e+00
1.473128440836496032e-04,7.937003761187494399e-01,7.937003761189113105e-01,7.937005230738589656e-01,1.259921287791333055e+00,1.259920576621933019e+00,9.999994415445851992e-01,0.000000000000000000e+00,0.000000000000000000e+00
1.474128440836494972e-04,7.937003753250477800e-01,7.937003753252106497e-01,7.937005230738589656e-01,1.259921289051256110e+00,1.259920574102088020e+00,9.999994385445827305e-01,0.000000000000000000e+00,0.000000000000000000e+00
1.475128440836494996e-04,7.937003745313465641e-01,7.937003745315101000e-01,7.937005230738590766e-01,1.259921290311178943e+00,1.259920571582243909e+00,9.999994355445799288e-01,0.000000000000000000e+00,0.000000000000000000e+00
1.476128440836493936e-04,7.937003737376447932e-01,7.937003737378096613e-01,7.937005230738590766e-01,1.259921291571101998e+00,1.259920569062400020e+00,9.999994325445774601e-01,0.000000000000000000e+00,0.000000000000000000e+00
1.477128440836493960e-04,7.937003729439430222e-01,7.937003729441091116e-01,7.937005230738590766e-01,1.259921292831025941e+00,1.259920566542555020e+00,9.999994295445748804e-01,0.000000000000000000e+00,0.000000000000000000e+00
1.478128440836492901e-04,7.937003721502412512e-01,7.937003721504086728e-01,7.937005230738589656e-01,1.259921294090948996e+00,1.259920564022708911e+00,9.999994265445717456e-01,0.000000000000000000e+00,0.000000000000000000e+00
1.479128440836492925e-04,7.937003713565394802e-01,7.937003713567079011e-01,7.937005230738589656e-01,1.259921295350872938e+00,1.259920561502863912e+00,9.999994235445688329e-01,0.000000000000000000e+00,0.000000000000000000e+00
1.479999999999999925e-04,7.937003706647816070e-01,7.937003706649510271e-01,7.937005230738589656e-01,1.259921296448970107e+00,1.259920559306670018e+00,9.999994209298891379e-01,0.000000000000000000e+00,0.000000000000000000e+00
1.480022749023438054e-04,7.937003706467259390e-01,7.937003706468953590e-01,7.937005230738591877e-01,1.259921296477632069e+00,1.259920559249344985e+00,9.999994208616420632e-01,1.364941406255260059e+00,0.000000000000000000e+00
1.480049999999999899e-04,7.937003706250964630e-01,7.937004019887369255e-01,7.937005230738600758e-01,1.259921296511965938e+00,1.259920559180677913e+00,9.999994207798895696e-01,2.999999999998447020e+00,0.000000000000000000e+00
1.480105761149079100e-04,7.937003705808383103e-01,7.937004539975390793e-01,7.937005230738594097e-01,1.259921296582221961e+00,1.259920559040168087e+00,9.999994206126047169e-01,3.000000000000000000e+00,0.000000000000000000e+00
1.480878440836548126e-04,7.937003699675616586e-01,7.937005246720401086e-01,7.937005230738597428e-01,1.259921297555737896e+00,1.259920557093133997e+00,9.999994182945637355e-01,3.000000000000000000e+00,0.000000000000000000e+00
1.481878440836547066e-04,7.937003691738609978e-01,7.937005229846852972e-01,7.937005230738600758e-01,1.259921298815660062e+00,1.259920554573290108e+00,9.999994152945601567e-01,3.000000000000000000e+00,0.000000000000000000e+00
1.482878440836547091e-04,7.937003683801604481e-01,7.937005229945285345e-01,7.937005230738608530e-01,1.259921300075582007e+00,1.259920552053447107e+00,9.999994122945575770e-01,3.000000000000000000e+00,0.000000000000000000e+00
1.483878440836546031e-04,7.937003675864596763e-01,7.937005229944912310e-01,7.937005230738615191e-01,1.259921301335503951e+00,1.259920549533604994e+00,9.999994092945567736e-01,3.000000000000000000e+00,0.000000000000000000e+00
1.484878440836546055e-04,7.937003667927589046e-01,7.937005229944917861e-01,7.937005230738619632e-01,1.259921302595425896e+00,1.259920547013761993e+00,9.999994062945565254e-01,3.000000000000000000e+00,0.000000000000000000e+00
1.485878440836544995e-04,7.937003659990582438e-01,7.937005229944917861e-01,7.937005230738619632e-01,1.259921303855346952e+00,1.259920544493920103e+00,9.999994032945560551e-01,3.000000000000000000e+00,0.000000000000000000e+00
1.486878440836543935e-04,7.937003652053576941e-01,7.937005229944917861e-01,7.937005230738619632e-01,1.259921305115268897e+00,1.259920541974077990e+00,9.999994002945568061e-01,3.000000000000000000e+00,0.000000000000000000e+00
1.487864220418271943e-04,7.937003644229438937e-01,7.937005229944921192e-01,7.937005230738624073e-01,1.259921306357274062e+00,1.259920539490070102e+00,9.999993973372188760e-01,3.000000000000000000e+00,0.000000000000000000e+00
1.488071588541667052e-04,7.937003642583557728e-01,7.937005229944924523e-01,7.937005230738625183e-01,1.259921306618541958e+00,1.259920538967534975e+00,9.999993967151146190e-01,1.704687500021109914e+00,0.000000000000000000e+00
1.488090518900553132e-04,7.937003642433307915e-01,7.937005229835006892e-01,7.937005230738626294e-01,1.259921306642391992e+00,1.259920538919832911e+00,9.999993966583236027e-01,5.688659668237550093e-01,0.000000000000000000e+00
1.488126981201170920e-04,7.937003642143902749e-01,7.937005229547013929e-01,7.937005230738626294e-01,1.259921306688333020e+00,1.259920538827953074e+00,9.999993965489363257e-01,0.000000000000000000e+00,0.000000000000000000e+00
1.488728440836580924e-04,7.937003637370103615e-01,7.937005224773214795e-01,7.937005230738631845e-01,1.259921307446125960e+00,1.259920537312366973e+00,9.999993947445562359e-01,0.000000000000000000e+00,0.000000000000000000e+00
1.489728440836579865e-04,7.937003629433085905e-01,7.937005216836205967e-01,7.937005230738630734e-01,1.259921308706049903e+00,1.259920534792523972e+00,9.999993917445558766e-01,0.000000000000000000e+00,0.000000000000000000e+00
1.490728440836579889e-04,7.937003621496070416e-01,7.937005208899197140e-01,7.937005230738622963e-01,1.259921309965972958e+00,1.259920532272678972e+00,9.999993887445546292e-01,0.000000000000000000e+00,0.000000000000000000e+00
1.491728440836579100e-04,7.937003613559058257e-01,7.937005200962187201e-01,7.937005230738617412e-01,1.259921311225896012e+00,1.259920529752835083e+00,9.999993857445528267e-01,0.000000000000000000e+00,0.000000000000000000e+00
1.492728440836579124e-04,7.937003605622044988e-01,7.937005193025177263e-01,7.937005230738617412e-01,1.259921312485817957e+00,1.259920527232990972e+00,9.999993827445510242e-01,0.000000000000000000e+00,0.000000000000000000e+00
1.493728440836578064e-04,7.937003597685031719e-01,7.937005185088170656e-01,7.937005230738617412e-01,1.259921313745741012e+00,1.259920524713147083e+00,9.999993797445492216e-01,0.000000000000000000e+00,0.000000000000000000e+00
1.494728440836578089e-04,7.937003589748019561e-01,7.937005177151160717e-01,7.937005230738617412e-01,1.259921315005664066e+00,1.259920522193302972e+00,9.999993767445479742e-01,0.000000000000000000e+00,0.000000000000000000e+00
1.495728440836577029e-04,7.937003581811002961e-01,7.937005169214151890e-01,7.937005230738617412e-01,1.259921316265588009e+00,1.259920519673457973e+00,9.999993737445459496e-01,0.000000000000000000e+00,0.000000000000000000e+00
1.496728440836577053e-04,7.937003573873990803e-01,7.937005161277144172e-01,7.937005230738610750e-01,1.259921317525509954e+00,1.259920517153614083e+00,9.999993707445437030e-01,0.000000000000000000e+00,0.000000000000000000e+00
1.497728440836575993e-04,7.937003565936976424e-01,7.937005153340136454e-01,7.937005230738610750e-01,1.259921318785433009e+00,1.259920514633769972e+00,9.999993677445416784e-01,0.000000000000000000e+00,0.000000000000000000e+00
1.498728440836576018e-04,7.937003557999964265e-01,7.937005145403128736e-01,7.937005230738609640e-01,1.259921320045356063e+00,1.259920512113924973e+00,9.999993647445396538e-01,0.000000000000000000e+00,0.000000000000000000e+00
1.499728440836574958e-04,7.937003550062948776e-01,7.937005137466118798e-01,7.937005230738607420e-01,1.259921321305278896e+00,1.259920509594081084e+00,9.999993617445378513e-01,0.000000000000000000e+00,0.000000000000000000e+00
1.500017395833332990e-04,7.937003547769507783e-01,7.937005135172676695e-01,7.937005230738606310e-01,1.259921321669339900e+00,1.259920508865959077e+00,9.999993608776719389e-01,0.000000000000000000e+00,1.043749999987295896e+00
1.500031525166829109e-04,7.937003629776189229e-01,7.937005135060536398e-01,7.937005231020505258e-01,1.259921308651585026e+00,1.259920508919849969e+00,9.999993608353922037e-01,0.000000000000000000e+00,1.891510009705650086e+00
1.500062591227211100e-04,7.937004022798100911e-01,7.937005134813970297e-01,7.937005239819077129e-01,1.259921246263222994e+00,1.259920511634939899e+00,9.999993607575794474e-01,0.000000000000000000e+00,3.000000000000000000e+00
1.500478440836548006e-04,7.937005193581815332e-01,7.937005131513378275e-01,7.937005689839302658e-01,1.259921060412861893e+00,1.259920653641257937e+00,9.999993723174326332e-01,0.000000000000000000e+00,3.000000000000000000e+00
1.501478440836546946e-04,7.937005122774281052e-01,7.937005123576370558e-01,7.937006371510805236e-01,1.259921071652857938e+00,1.259920880222249018e+00,9.999994951028021717e-01,0.000000000000000000e+00,3.000000000000000000e+00
1.502478440836546971e-04,7.937005115646933451e-01,7.937005115639362840e-01,7.937006465399517596e-01,1.259921072784254026e+00,1.259920959960062925e+00,9.999996554000494253e-01,0.000000000000000000e+00,3.000000000000000000e+00
1.503478440836545911e-04,7.937005107702294060e-01,7.937005107702354012e-01,7.937006279319025470e-01,1.259921074045387002e+00,1.259920987222036937e+00,9.999997802797777613e-01,0.000000000000000000e+00,3.000000000000000000e+00
1.504478440836545935e-04,7.937005099765344074e-01,7.937005099765344074e-01,7.937006002545599070e-01,1.259921075305300064e+00,1.259920995480541039e+00,9.999998579481275129e-01,0.000000000000000000e+00,3.000000000000000000e+00
1.505478440836544875e-04,7.937005091828335246e-01,7.937005091828336356e-01,7.937005744246059535e-01,1.259921076565222009e+00,1.259920996861527032e+00,9.999999000245846092e-01,0.000000000000000000e+00,3.000000000000000000e+00
1.506478440836544900e-04,7.937005083891326418e-01,7.937005083891327528e-01,7.937005547282348639e-01,1.259921077825143065e+00,1.259920995753446959e+00,9.999999203297689210e-01,0.000000000000000000e+00,3.000000000000000000e+00
1.507478440836544111e-04,7.937005075954317590e-01,7.937005075954318700e-01,7.937005414531754788e-01,1.259921079085065010e+00,1.259920993744539919e+00,9.999999287446170726e-01,0.000000000000000000e+00,3.000000000000000000e+00
1.508065000000000002e-04,7.937005071298794956e-01,7.937005071298789405e-01,7.937005361322136965e-01,1.259921079824082968e+00,1.259920992396510009e+00,9.999999306205291649e-01,0.000000000000000000e+00,2.100000000008190870e+00
1.508077028299967108e-04,7.937005071203327988e-01,7.937005071203321327e-01,7.937005360391975461e-01,1.259921079839237068e+00,1.259920992368110948e+00,9.999999306427285184e-01,0.000000000000000000e+00,1.378302001965612034e+00
1.508105396240233911e-04,7.937005070978173649e-01,7.937005070978164767e-01,7.937005358221482787e-01,1.259921079874978034e+00,1.259920992301043929e+00,9.999999306929594489e-01,0.000000000000000000e+00,0.000000000000000000e+00
1.508328440836581076e-04,7.937005069207859753e-01,7.937005069207858643e-01,7.937005342244001227e-01,1.259921080155997908e+00,1.259920991769722054e+00,9.999999309913150114e-01,0.000000000000000000e+00,0.000000000000000000e+00
1.509328440836581100e-04,7.937005061270842043e-01,7.937005061270848705e-01,7.937005290413408076e-01,1.259921081415920963e+00,1.259920989328062957e+00,9.999999307571715290e-01,0.000000000000000000e+00,0.000000000000000000e+00
1.510328440836580040e-04,7.937005053333824334e-01,7.937005053333842097e-01,7.937005261604138662e-01,1.259921082675844017e+00,1.259920986836650991e+00,9.999999289968399818e-01,0.000000000000000000e+00,0.000000000000000000e+00
1.511328440836580064e-04,7.937005045396806624e-01,7.937005045396833269e-01,7.937005246253395763e-01,1.259921083935767960e+00,1.259920984327095983e+00,9.999999265401972037e-01,0.000000000000000000e+00,0.000000000000000000e+00
1.512328440836579004e-04,7.937005037459788914e-01,7.937005037459823331e-01,7.937005238349041925e-01,1.259921085195689905e+00,1.259920981810974894e+00,9.999999237743961711e-01,0.000000000000000000e+00,0.000000000000000000e+00
1.513328440836577944e-04,7.937005029522771204e-01,7.937005029522815613e-01,7.937005234393766928e-01,1.259921086455612960e+00,1.259920979292477039e+00,9.999999208739320800e-01,0.000000000000000000e+00,0.000000000000000000e+00
1.514328440836577969e-04,7.937005021585752385e-01,7.937005021585806785e-01,7.937005232462093218e-01,1.259921087715536903e+00,1.259920976773118984e+00,9.999999179157306184e-01,0.000000000000000000e+00,0.000000000000000000e+00
1.515328440836576909e-04,7.937005013648734675e-01,7.937005013648800178e-01,7.937005231538212247e-01,1.259921088975459957e+00,1.259920974253448955e+00,9.999999149331014747e-01,0.000000000000000000e+00,0.000000000000000000e+00
1.516328440836576933e-04,7.937005005711716965e-01,7.937005005711793570e-01,7.937005231104293790e-01,1.259921090235383012e+00,1.259920971733667017e+00,9.999999119402548375e-01,0.000000000000000000e+00,0.000000000000000000e+00
1.517328440836575873e-04,7.937004997774698145e-01,7.937004997774782522e-01,7.937005230903716457e-01,1.259921091495306955e+00,1.259920969213842890e+00,9.999999089431758081e-01,0.000000000000000000e+00,0.000000000000000000e+00
1.518328440836575898e-04,7.937004989837680435e-01,7.937004989837774804e-01,7.937005230812297363e-01,1.259921092755230010e+00,1.259920966694006106e+00,9.999999059443585026e-01,0.000000000000000000e+00,0.000000000000000000e+00
1.519328440836575109e-04,7.937004981900663836e-01,7.937004981900768197e-01,7.937005230771149167e-01,1.259921094015153065e+00,1.259920964174163105e+00,9.999999029448332077e-01,0.000000000000000000e+00,0.000000000000000000e+00
1.520328440836575133e-04,7.937004973963646126e-01,7.937004973963759369e-01,7.937005230752839369e-01,1.259921095275075897e+00,1.259920961654318106e+00,9.999998999450202541e-01,0.000000000000000000e+00,0.000000000000000000e+00
1.521328440836574073e-04,7.937004966026628416e-01,7.937004966026751651e-01,7.937005230744776929e-01,1.259921096534998952e+00,1.259920959134473106e+00,9.999998969450925035e-01,0.000000000000000000e+00,0.000000000000000000e+00
1.522328440836574098e-04,7.937004958089609596e-01,7.937004958089745044e-01,7.937005230741257522e-01,1.259921097794922007e+00,1.259920956614626997e+00,9.999998939451187896e-01,0.000000000000000000e+00,0.000000000000000000e+00
1.523328440836573038e-04,7.937004950152591887e-01,7.937004950152735105e-01,7.937005230739735406e-01,1.259921099054845062e+00,1.259920954094781109e+00,9.999998909451263129e-01,0.000000000000000000e+00,0.000000000000000000e+00
1.524328440836573062e-04,7.937004942215575287e-01,7.937004942215725167e-01,7.937005230739079265e-01,1.259921100314767894e+00,1.259920951574935000e+00,9.999998879451267308e-01,0.000000000000000000e+00,0.000000000000000000e+00
1.525328440836572002e-04,7.937004934278557577e-01,7.937004934278717450e-01,7.937005230738799488e-01,1.259921101574690949e+00,1.259920949055088890e+00,9.999998849451240401e-01,0.000000000000000000e+00,0.000000000000000000e+00
1.526328440836572026e-04,7.937004926341539868e-01,7.937004926341709732e-01,7.937005230738681805e-01,1.259921102834614004e+00,1.259920946535243003e+00,9.999998819451203502e-01,0.000000000000000000e+00,0.000000000000000000e+00
1.527328440836570966e-04,7.937004918404521048e-01,7.937004918404703124e-01,7.937005230738628514e-01,1.259921104094537947e+00,1.259920944015396893e+00,9.999998789451164383e-01,0.000000000000000000e+00,0.000000000000000000e+00
1.528328440836570991e-04,7.937004910467503338e-01,7.937004910467696517e-01,7.937005230738611861e-01,1.259921105354461002e+00,1.259920941495551006e+00,9.999998759451118602e-01,0.000000000000000000e+00,0.000000000000000000e+00
1.529328440836569931e-04,7.937004902530485628e-01,7.937004902530688799e-01,7.937005230738601869e-01,1.259921106614384056e+00,1.259920938975706006e+00,9.999998729451076152e-01,0.000000000000000000e+00,0.000000000000000000e+00
1.530328440836569955e-04,7.937004894593467919e-01,7.937004894593678861e-01,7.937005230738596318e-01,1.259921107874306889e+00,1.259920936455859897e+00,9.999998699451033701e-01,0.000000000000000000e+00,0.000000000000000000e+00
1.531328440836568895e-04,7.937004886656449099e-01,7.937004886656670033e-01,7.937005230738591877e-01,1.259921109134229944e+00,1.259920933936012899e+00,9.999998669450987920e-01,0.000000000000000000e+00,0.000000000000000000e+00
1.532328440836568920e-04,7.937004878719431389e-01,7.937004878719662315e-01,7.937005230738590766e-01,1.259921110394154109e+00,1.259920931416167011e+00,9.999998639450936588e-01,0.000000000000000000e+00,0.000000000000000000e+00
1.533328440836568131e-04,7.937004870782414789e-01,7.937004870782653487e-01,7.937005230738590766e-01,1.259921111654076054e+00,1.259920928896322012e+00,9.999998609450894138e-01,0.000000000000000000e+00,0.000000000000000000e+00
1.534328440836567884e-04,7.937004862845397080e-01,7.937004862845645770e-01,7.937005230738590766e-01,1.259921112913999108e+00,1.259920926376475903e+00,9.999998579450848357e-01,0.000000000000000000e+00,0.000000000000000000e+00
1.535328440836567095e-04,7.937004854908379370e-01,7.937004854908638052e-01,7.937005230738590766e-01,1.259921114173923051e+00,1.259920923856630015e+00,9.999998549450805907e-01,0.000000000000000000e+00,0.000000000000000000e+00
1.536328440836567119e-04,7.937004846971360550e-01,7.937004846971631444e-01,7.937005230738589656e-01,1.259921115433846106e+00,1.259920921336783906e+00,9.999998519450763457e-01,0.000000000000000000e+00,0.000000000000000000e+00
1.537328440836566060e-04,7.937004839034343950e-01,7.937004839034625947e-01,7.937005230738589656e-01,1.259921116693768939e+00,1.259920918816938018e+00,9.999998489450723227e-01,0.000000000000000000e+00,0.000000000000000000e+00
1.538328440836566084e-04,7.937004831097326241e-01,7.937004831097619340e-01,7.937005230738589656e-01,1.259921117953691994e+00,1.259920916297091908e+00,9.999998459450678556e-01,0.000000000000000000e+00,0.000000000000000000e+00
1.539328440836565024e-04,7.937004823160308531e-01,7.937004823160609401e-01,7.937005230738589656e-01,1.259921119213615048e+00,1.259920913777246021e+00,9.999998429450631665e-01,0.000000000000000000e+00,0.000000000000000000e+00
1.540328440836565048e-04,7.937004815223290821e-01,7.937004815223599463e-01,7.937005230738590766e-01,1.259921120473538991e+00,1.259920911257399911e+00,9.999998399450588105e-01,0.000000000000000000e+00,0.000000000000000000e+00
1.541328440836563988e-04,7.937004807286273111e-01,7.937004807286591745e-01,7.937005230738589656e-01,1.259921121733462046e+00,1.259920908737554912e+00,9.999998369450545654e-01,0.000000000000000000e+00,0.000000000000000000e+00
1.542328440836562928e-04,7.937004799349255402e-01,7.937004799349584028e-01,7.937005230738590766e-01,1.259921122993385101e+00,1.259920906217709025e+00,9.999998339450503204e-01,0.000000000000000000e+00,0.000000000000000000e+00
1.543328440836562953e-04,7.937004791412235472e-01,7.937004791412577420e-01,7.937005230738590766e-01,1.259921124253309044e+00,1.259920903697862027e+00,9.999998309450462974e-01,0.000000000000000000e+00,0.000000000000000000e+00
1.544328440836561893e-04,7.937004783475218872e-01,7.937004783475570813e-01,7.937005230738589656e-01,1.259921125513230988e+00,1.259920901178015917e+00,9.999998279450416083e-01,0.000000000000000000e+00,0.000000000000000000e+00
1.545328440836561917e-04,7.937004775538201162e-01,7.937004775538560875e-01,7.937005230738589656e-01,1.259921126773154931e+00,1.259920898658170030e+00,9.999998249450365861e-01,0.000000000000000000e+00,0.000000000000000000e+00
1.546328440836561128e-04,7.937004767601182342e-01,7.937004767601552047e-01,7.937005230738590766e-01,1.259921128033077986e+00,1.259920896138323920e+00,9.999998219450320081e-01,0.000000000000000000e+00,0.000000000000000000e+00
1.547328440836560882e-04,7.937004759664165743e-01,7.937004759664543219e-01,7.937005230738590766e-01,1.259921129293001041e+00,1.259920893618478033e+00,9.999998189450278741e-01,0.000000000000000000e+00,0.000000000000000000e+00
1.548328440836560093e-04,7.937004751727148033e-01,7.937004751727535501e-01,7.937005230738589656e-01,1.259921130552924096e+00,1.259920891098631923e+00,9.999998159450230739e-01,0.000000000000000000e+00,0.000000000000000000e+00
1.549328440836560117e-04,7.937004743790130323e-01,7.937004743790526673e-01,7.937005230738589656e-01,1.259921131812846928e+00,1.259920888578786036e+00,9.999998129450188289e-01,0.000000000000000000e+00,0.000000000000000000e+00
1.550328440836559057e-04,7.937004735853112614e-01,7.937004735853521176e-01,7.937005230738589656e-01,1.259921133072771093e+00,1.259920886058939926e+00,9.999998099450143618e-01,0.000000000000000000e+00,0.000000000000000000e+00
1.551328440836559081e-04,7.937004727916093794e-01,7.937004727916515678e-01,7.937005230738590766e-01,1.259921134332693926e+00,1.259920883539094039e+00,9.999998069450097837e-01,0.000000000000000000e+00,0.000000000000000000e+00
1.552328440836558022e-04,7.937004719979077194e-01,7.937004719979507961e-01,7.937005230738589656e-01,1.259921135592616981e+00,1.259920881019249039e+00,9.999998039450055387e-01,0.000000000000000000e+00,0.000000000000000000e+00
1.553328440836558046e-04,7.937004712042059484e-01,7.937004712042501353e-01,7.937005230738589656e-01,1.259921136852540036e+00,1.259920878499402930e+00,9.999998009450010716e-01,0.000000000000000000e+00,0.000000000000000000e+00
1.554328440836556986e-04,7.937004704105041775e-01,7.937004704105494746e-01,7.937005230738589656e-01,1.259921138112463090e+00,1.259920875979557930e+00,9.999997979449972707e-01,0.000000000000000000e+00,0.000000000000000000e+00
1.555328440836557010e-04,7.937004696168024065e-01,7.937004696168489248e-01,7.937005230738590766e-01,1.259921139372387033e+00,1.259920873459710933e+00,9.999997949449932477e-01,0.000000000000000000e+00,0.000000000000000000e+00
1.556328440836555950e-04,7.937004688231005245e-01,7.937004688231482641e-01,7.937005230738589656e-01,1.259921140632310088e+00,1.259920870939865933e+00,9.999997919449890027e-01,0.000000000000000000e+00,0.000000000000000000e+00
1.557328440836555975e-04,7.937004680293988645e-01,7.937004680294476033e-01,7.937005230738589656e-01,1.259921141892232921e+00,1.259920868420020046e+00,9.999997889449845356e-01,0.000000000000000000e+00,0.000000000000000000e+00
1.558328440836554915e-04,7.937004672356970936e-01,7.937004672357467205e-01,7.937005230738589656e-01,1.259921143152155976e+00,1.259920865900173936e+00,9.999997859449807347e-01,0.000000000000000000e+00,0.000000000000000000e+00
1.559328440836554939e-04,7.937004664419952116e-01,7.937004664420456157e-01,7.937005230738589656e-01,1.259921144412079030e+00,1.259920863380328049e+00,9.999997829449760456e-01,0.000000000000000000e+00,0.000000000000000000e+00
1.560328440836553879e-04,7.937004656482934406e-01,7.937004656483448439e-01,7.937005230738589656e-01,1.259921145672002973e+00,1.259920860860481051e+00,9.999997799449716895e-01,0.000000000000000000e+00,0.000000000000000000e+00
1.561328440836553904e-04,7.937004648545915586e-01,7.937004648546440722e-01,7.937005230738589656e-01,1.259921146931926028e+00,1.259920858340636052e+00,9.999997769449674445e-01,0.000000000000000000e+00,0.000000000000000000e+00
1.562328440836553115e-04,7.937004640608897876e-01,7.937004640609436334e-01,7.937005230738589656e-01,1.259921148191849971e+00,1.259920855820789942e+00,9.999997739449631995e-01,0.000000000000000000e+00,0.000000000000000000e+00
1.563328440836552868e-04,7.937004632671881277e-01,7.937004632672429727e-01,7.937005230738589656e-01,1.259921149451773026e+00,1.259920853300944055e+00,9.999997709449585104e-01,0.000000000000000000e+00,0.000000000000000000e+00
1.564328440836552079e-04,7.937004624734863567e-01,7.937004624735422009e-01,7.937005230738589656e-01,1.259921150711696081e+00,1.259920850781099055e+00,9.999997679449544874e-01,0.000000000000000000e+00,0.000000000000000000e+00
1.565328440836552103e-04,7.937004616797845857e-01,7.937004616798415402e-01,7.937005230738590766e-01,1.259921151971618913e+00,1.259920848261252946e+00,9.999997649449502424e-01,0.000000000000000000e+00,0.000000000000000000e+00
1.566328440836551044e-04,7.937004608860827037e-01,7.937004608861411015e-01,7.937005230738589656e-01,1.259921153231541968e+00,1.259920845741407058e+00,9.999997619449461084e-01,0.000000000000000000e+00,0.000000000000000000e+00
1.567328440836551068e-04,7.937004600923809328e-01,7.937004600924404407e-01,7.937005230738589656e-01,1.259921154491465911e+00,1.259920843221560949e+00,9.999997589449419744e-01,0.000000000000000000e+00,0.000000000000000000e+00
1.568328440836550008e-04,7.937004592986792728e-01,7.937004592987396689e-01,7.937005230738589656e-01,1.259921155751388966e+00,1.259920840701715061e+00,9.999997559449377293e-01,0.000000000000000000e+00,0.000000000000000000e+00
1.569328440836548948e-04,7.937004585049775018e-01,7.937004585050390082e-01,7.937005230738589656e-01,1.259921157011312021e+00,1.259920838181868952e+00,9.999997529449330402e-01,0.000000000000000000e+00,0.000000000000000000e+00
1.570328440836548972e-04,7.937004577112757309e-01,7.937004577113385695e-01,7.937005230738589656e-01,1.259921158271235075e+00,1.259920835662023064e+00,9.999997499449286842e-01,0.000000000000000000e+00,0.000000000000000000e+00
1.571328440836547912e-04,7.937004569175738489e-01,7.937004569176379087e-01,7.937005230738589656e-01,1.259921159531159018e+00,1.259920833142176955e+00,9.999997469449246612e-01,0.000000000000000000e+00,0.000000000000000000e+00
1.572328440836547937e-04,7.937004561238721889e-01,7.937004561239370259e-01,7.937005230738589656e-01,1.259921160791082073e+00,1.259920830622331067e+00,9.999997439449204162e-01,0.000000000000000000e+00,0.000000000000000000e+00
1.573328440836546877e-04,7.937004553301705290e-01,7.937004553302364762e-01,7.937005230738589656e-01,1.259921162051004906e+00,1.259920828102484958e+00,9.999997409449161712e-01,0.000000000000000000e+00,0.000000000000000000e+00
1.574328440836546901e-04,7.937004545364687580e-01,7.937004545365355934e-01,7.937005230738589656e-01,1.259921163310927961e+00,1.259920825582639958e+00,9.999997379449123702e-01,0.000000000000000000e+00,0.000000000000000000e+00
1.575328440836546112e-04,7.937004537427675421e-01,7.937004537428347106e-01,7.937005230738589656e-01,1.259921164570851015e+00,1.259920823062794959e+00,9.999997349449084583e-01,0.000000000000000000e+00,0.000000000000000000e+00
1.576328440836545866e-04,7.937004529490657712e-01,7.937004529491339389e-01,7.937005230738590766e-01,1.259921165830774070e+00,1.259920820542949960e+00,9.999997319449046573e-01,0.000000000000000000e+00,0.000000000000000000e+00
1.577328440836545077e-04,7.937004521553640002e-01,7.937004521554332781e-01,7.937005230738590766e-01,1.259921167090696903e+00,1.259920818023104072e+00,9.999997289449010784e-01,0.000000000000000000e+00,0.000000000000000000e+00
1.578328440836545101e-04,7.937004513616622292e-01,7.937004513617325063e-01,7.937005230738590766e-01,1.259921168350619958e+00,1.259920815503257963e+00,9.999997259448966114e-01,0.000000000000000000e+00,0.000000000000000000e+00
1.579328440836544041e-04,7.937004505679604582e-01,7.937004505680318456e-01,7.937005230738590766e-01,1.259921169610543012e+00,1.259920812983412963e+00,9.999997229448935876e-01,0.000000000000000000e+00,0.000000000000000000e+00
1.580328440836544065e-04,7.937004497742586873e-01,7.937004497743310738e-01,7.937005230738589656e-01,1.259921170870466955e+00,1.259920810463567076e+00,9.999997199448895646e-01,0.000000000000000000e+00,0.000000000000000000e+00
1.581328440836543006e-04,7.937004489805569163e-01,7.937004489806301910e-01,7.937005230738589656e-01,1.259921172130390010e+00,1.259920807943720966e+00,9.999997169448856527e-01,0.000000000000000000e+00,0.000000000000000000e+00
1.582328440836543030e-04,7.937004481868551453e-01,7.937004481869293082e-01,7.937005230738589656e-01,1.259921173390313065e+00,1.259920805423875079e+00,9.999997139448816297e-01,0.000000000000000000e+00,0.000000000000000000e+00
1.583328440836541970e-04,7.937004473931533743e-01,7.937004473932286475e-01,7.937005230738589656e-01,1.259921174650235898e+00,1.259920802904028969e+00,9.999997109448772736e-01,0.000000000000000000e+00,0.000000000000000000e+00
1.584328440836541994e-04,7.937004465994516034e-01,7.937004465995282088e-01,7.937005230738589656e-01,1.259921175910160063e+00,1.259920800384183970e+00,9.999997079448728066e-01,0.000000000000000000e+00,0.000000000000000000e+00
1.585328440836540934e-04,7.937004458057498324e-01,7.937004458058273260e-01,7.937005230738589656e-01,1.259921177170082895e+00,1.259920797864338970e+00,9.999997049448688946e-01,0.000000000000000000e+00,0.000000000000000000e+00
1.586328440836540959e-04,7.937004450120481724e-01,7.937004450121264432e-01,7.937005230738589656e-01,1.259921178430005950e+00,1.259920795344493083e+00,9.999997019448653157e-01,0.000000000000000000e+00,0.000000000000000000e+00
1.587328440836539899e-04,7.937004442183465125e-01,7.937004442184260045e-01,7.937005230738589656e-01,1.259921179689929005e+00,1.259920792824646973e+00,9.999996989448621809e-01,0.000000000000000000e+00,0.000000000000000000e+00
1.588328440836539923e-04,7.937004434246447415e-01,7.937004434247254547e-01,7.937005230738589656e-01,1.259921180949852948e+00,1.259920790304801086e+00,9.999996959448580469e-01,0.000000000000000000e+00,0.000000000000000000e+00
1.589328440836539134e-04,7.937004426309431926e-01,7.937004426310247940e-01,7.937005230738590766e-01,1.259921182209774893e+00,1.259920787784956087e+00,9.999996929448535798e-01,0.000000000000000000e+00,0.000000000000000000e+00
1.590328440836538888e-04,7.937004418372416437e-01,7.937004418373239112e-01,7.937005230738590766e-01,1.259921183469699058e+00,1.259920785265111087e+00,9.999996899448503340e-01,0.000000000000000000e+00,0.000000000000000000e+00
1.591328440836538099e-04,7.937004410435398727e-01,7.937004410436231394e-01,7.937005230738590766e-01,1.259921184729621890e+00,1.259920782745264978e+00,9.999996869448466441e-01,0.000000000000000000e+00,0.000000000000000000e+00
1.592328440836538123e-04,7.937004402498381017e-01,7.937004402499224787e-01,7.937005230738589656e-01,1.259921185989544945e+00,1.259920780225419978e+00,9.999996839448431762e-01,0.000000000000000000e+00,0.000000000000000000e+00
1.593328440836537063e-04,7.937004394561363307e-01,7.937004394562217069e-01,7.937005230738589656e-01,1.259921187249468000e+00,1.259920777705574979e+00,9.999996809448394863e-01,0.000000000000000000e+00,0.000000000000000000e+00
1.594328440836537087e-04,7.937004386624344487e-01,7.937004386625208241e-01,7.937005230738589656e-01,1.259921188509391055e+00,1.259920775185727981e+00,9.999996779448354634e-01,0.000000000000000000e+00,0.000000000000000000e+00
1.595328440836536027e-04,7.937004378687327888e-01,7.937004378688200523e-01,7.937005230738589656e-01,1.259921189769314998e+00,1.259920772665882982e+00,9.999996749448314404e-01,0.000000000000000000e+00,0.000000000000000000e+00
1.596328440836536052e-04,7.937004370750311288e-01,7.937004370751191695e-01,7.937005230738589656e-01,1.259921191029238052e+00,1.259920770146037095e+00,9.999996719448271953e-01,0.000000000000000000e+00,0.000000000000000000e+00
1.597328440836534992e-04,7.937004362813293579e-01,7.937004362814182867e-01,7.937005230738589656e-01,1.259921192289161107e+00,1.259920767626190985e+00,9.999996689448232834e-01,0.000000000000000000e+00,0.000000000000000000e+00
1.598328440836533932e-04,7.937004354876276979e-01,7.937004354877175150e-01,7.937005230738589656e-01,1.259921193549083940e+00,1.259920765106345097e+00,9.999996659448192604e-01,0.000000000000000000e+00,0.000000000000000000e+00
1.599328440836533956e-04,7.937004346939261490e-01,7.937004346940167432e-01,7.937005230738590766e-01,1.259921194809008105e+00,1.259920762586500098e+00,9.999996629448153485e-01,0.000000000000000000e+00,0.000000000000000000e+00
